id,jp,zh,status,speaker,src,ctl,lines,note
inc/event/res/02/me02_00.txt#22#12,"……やはり、この『{夢ノ珠}』に避難民の
全員を住まわせることは難しいようです。","……看来，想把避难民全员安置在
这座‘{梦之珠}’确实很困难。",translated,古雷柯夫,76d21c2abf,br=1 nl=1,2,keep-terms {夢ノ珠}
inc/event/res/02/me02_00.txt#22#14,正式名称は『官営第４号居住揚陸　夢ノ珠』。<CR>コロンというものが世の中に登場し、まだ数も少なかった頃の古いコロンである。<CR>その中心で重力を生成し、構造を球体とすることに成功したため、建設当時は『リトルラシェーラ』と人々から驚きと賞賛をもって迎えられた。<CR>夢ノ珠に住む天文派と地文派は、コロンを一周する輪を境に二分して生活している。<CR>天文派が多くを占める現在において、地上や他のコロンと比べると地文派の人間がまとまって生活している数少ないコロンではあるが、老朽化に伴い夢ノ珠全体で、特に地文側において『断線』と呼ばれる問題が多発するようになっている。,正式名称为“官营第四号居住扬陆　梦之珠”。<CR>是在“克隆”这一事物问世于世间、数量尚且稀少时建立的古老克隆。<CR>由于在其中心成功生成重力并将构造建成了球体，所以在建设当时，被人们带着惊叹与赞美誉为“小拉榭拉”。<CR>居住在梦之珠的天文派与地文派，以环绕克隆一周的环带为界二分而居。<CR>在天文派占据大半壁江山的当今时代，相比地面或其他克隆，这里是少数地文派人群集中生活的克隆之一。但伴随着设施老旧化，在整个梦之珠、尤其是在地文派一侧，频繁发生被称为“断线”的问题。,translated,古雷柯夫,f6cd6a8133,<CR> <CR> <CR> <CR> br=0 nl=0,1,keep-tags <CR>; src-longest-line=285
inc/event/res/02/me02_00.txt#23#12,そうですか……。,是这样吗……,translated,卡诺,9d4ee751fe,br=0 nl=0,1,
inc/event/res/02/me02_00.txt#24#12,"この{コロン}では、地文派と天文派の住民が
分かれて暮らしています。","在这座{克隆}中，地文派与天文派的居民
是划分区域分开生活的。",translated,古雷柯夫,4a92b938c1,br=1 nl=1,2,keep-terms {コロン}
inc/event/res/02/me02_00.txt#24#14,空中に浮かんでいる浮遊都市。ラシェーラには、沢山のコロンが点在しており、裕福な人を中心に沢山の人が住んでいる。<CR><CR>コロンは自治都市となっており、有る程度の条例はコロン毎に決められる。また、ほぼ間違いなくバースト対策が成されており、地上の街のようにバーストに怯えることもない。<CR>逆に、どのコロンも厳しい入居条件があるか、無い場合は倍率1000倍にもなる抽選をくぐり抜けなければ住むことは出来ない。更に入居には莫大な費用がかかる事が殆どで、故に地上に住む人々は、簡単にコロンに移り住む事が出来ないのである。,漂浮在空中的浮游都市。拉榭拉分布着许多克隆，以富裕阶层为中心居住着大量居民。<CR><CR>克隆属于自治都市，一定程度的条例由各克隆自行制定。此外，各克隆几乎必定配备了针对爆炸的防护对策，无需像地上的城镇那样对爆炸提心吊胆。<CR>反之，所有克隆要么有着严苛的入住条件，若无条件则必须通过中签率低至千分之一的抽选方能入住。加之入住大多需要花费巨额费用，因此生活在地上的居民无法轻易搬迁到克隆居住。,translated,古雷柯夫,1df95a02e3,<CR> <CR> <CR> br=0 nl=0,1,keep-tags <CR>; src-longest-line=260
inc/event/res/02/me02_00.txt#25#12,"地文派がある程度まとまっているなら
協力を得やすいと考え、
このコロンを選んだのですが……。","我原本想着，既然地文派在此有一定规模，
应该更容易获得协助才对，
所以才选了这座克隆，然而……",translated,古雷柯夫,b37a74d759,br=0 nl=2,3,
inc/event/res/02/me02_00.txt#26#12,それほどうまくはいきませんでしたね。,看来事情并没有想象中那么顺利呢。,translated,卡诺,2d222d6016,br=0 nl=0,1,
inc/event/res/02/me02_00.txt#27#12,"……試練の時にある私には何の権威もなく、
位としては平民以下。","……正处于试炼期的我没有任何权威，
论地位甚至在平民之下。",translated,卡诺,dd1944c061,br=0 nl=1,2,
inc/event/res/02/me02_00.txt#28#12,皇女といえど、常に敬われるわけではない……。,虽挂着皇女之名，也未必能时刻受人敬重……,translated,卡诺,9331d3bf55,br=0 nl=0,1,
inc/event/res/02/me02_00.txt#34#12,"何をおっしゃいますカノン様！
カノン様のご威光には一片のかげりも
ありません！","卡诺大人，您何出此言！
卡诺大人的威光
绝无半分阴霾！",translated,古雷柯夫,32d840bd6a,br=0 nl=2,3,
inc/event/res/02/me02_00.txt#35#12,"ただ、万寿沙羅からの避難民を受け入れる
だけの土地がない、というだけのことなのです。
原因は『断線』です！","只不过是眼下没有足够的土地，
来接纳来自万寿沙罗的避难民罢了。
罪魁祸首正是‘断线’！",translated,古雷柯夫,7e07c43ebe,br=0 nl=2,3,
inc/event/res/02/me02_00.txt#36#12,"最近になって、地文区域にばかり断線が
起こり、安全といえる土地は減る一方とのこと。","近来断线全都接二连三发生在地域派一侧，
据说安全地带正在急剧缩减。",translated,古雷柯夫,f54b7a5934,br=0 nl=1,2,
inc/event/res/02/me02_00.txt#37#12,"これは明らかに天文派の策略！
実際、コロンの修復管理はチューブ・
カンパニーに一括して委託されています。","这分明就是天文派的阴谋！
实际上，克隆的修复与管理，
全都被全权委托给了管体公司。",translated,古雷柯夫,1c508bcc69,br=0 nl=2,3,
inc/event/res/02/me02_00.txt#38#12,"そしてチューブ･カンパニーは天文派。
ここは天文に支配されているコロンと
言っても過言ではない！","而管体公司正是天文派的麾下。
就算说这里完全被天文派所掌控，
也绝不为过！",translated,古雷柯夫,a55deda5eb,br=0 nl=2,3,
inc/event/res/02/me02_00.txt#39#12,"グレイコフ。そうだとしても、
私の責任が軽くなるわけではありません。","古雷柯夫。即便如此，
我的责任也不会因此减轻分毫。",translated,卡诺,2617b9cda8,br=0 nl=1,2,
inc/event/res/02/me02_00.txt#40#12,"地文の皇女たる私を信じ、
ついて来てくれた者たちを、
なんとしても救わねばなりません。","那些信任我这位地文皇女、
一路追随至此的人们，
无论如何我也必须拯救他们。",translated,卡诺,31f28cc02f,br=0 nl=2,3,
inc/event/res/02/me02_00.txt#41#12,"は……出すぎたことを申しました、
申し訳ありません。","是……是我多嘴了，
实在非常抱歉。",translated,古雷柯夫,2e9e17f63f,br=0 nl=1,2,
inc/event/res/02/me02_00.txt#42#12,"ですが、ここの地文派住民は、我々の
連れてきた避難民でさえ、元は天文派だと
いうことで危害を加えようとさえします。","可是，这里的地文派居民，
甚至因为我们带来的避难民原本是天文派，
就企图对他们动手施加伤害啊。",translated,古雷柯夫,bc50830c3c,br=0 nl=2,3,
inc/event/res/02/me02_00.txt#43#12,"断線の原因が天文の策略だと考えているのなら、
強い反感を覚えるのは当然でしょうね。","如果他们认定断线的起因是天文的阴谋，
会产生强烈的抵触情绪也是在所难免的吧。",translated,卡诺,4b45f71de6,br=0 nl=1,2,
inc/event/res/02/me02_00.txt#44#12,"地文側の区長が、協力したいのはやまやまだが、
そのためには断線の問題を解決してほしい、
と正式に申し入れてきました。","地文那一侧的区长已经正式提出交涉，
说虽然极想协助，
但前提是必须解决断线的问题。",translated,卡诺,425c58fe94,br=0 nl=2,3,
inc/event/res/02/me02_00.txt#45#12,なんと……そうでしたか。,竟然……有这等事。,translated,古雷柯夫,ce596563cb,br=0 nl=0,1,
inc/event/res/02/me02_00.txt#46#12,"区長の言うことはもっともです。
命の危険に日々さらされている地文の民に、
一刻も早く安らぎを与えましょう。","区长所言合情合理。
我们要尽快让每天暴露于生命危险之中的
地文民众重获安宁。",translated,卡诺,21e224ffc4,br=0 nl=2,3,
inc/event/res/02/me02_00.txt#48#12,このグレイコフ、微力ながら力を尽くします。,我古雷柯夫虽能力微薄，也定当竭尽全力。,translated,古雷柯夫,03cca3d971,br=0 nl=0,1,
inc/event/res/02/me02_00.txt#50#12,皇女の試練は、もう始まっているのです──。,皇女的试炼，其实早已拉开帷幕了――,translated,卡诺,34731e88dc,br=0 nl=0,1,
inc/event/res/02/me02_00.txt#69#12,えっ……えぇっ！？,诶……诶诶！？,translated,依恩,10b647270f,br=0 nl=0,1,
inc/event/res/02/me02_00.txt#70#12,きゅうぅ？？,啾呜？？,translated,泰雷芬肯,8c042c2b02,br=0 nl=0,1,
inc/event/res/02/me02_00.txt#72#12,イオナサルさま！,依欧娜萨鲁大人！,translated,男子Ａ,25402fa57c,br=0 nl=0,1,
inc/event/res/02/me02_00.txt#73#12,天文の皇女さまがおでましだぞっ！,天文的皇女大人现身啦！,translated,男子Ｂ,7d8ec41d2f,br=0 nl=0,1,
inc/event/res/02/me02_00.txt#74#12,イオナサルさまぁっ！,依欧娜萨鲁大人――！,translated,女子Ａ,6fe9f7e7a6,br=0 nl=0,1,
inc/event/res/02/me02_00.txt#76#12,"あのっ……みなさん、
どうしてこんなに集まって……？","那个……各位，
为什么会聚集了这么多人……？",translated,依恩,1f7be66617,br=0 nl=1,2,
inc/event/res/02/me02_00.txt#77#12,"どうしてって、皇女さまがご光来されると
聞いたからに決まっているじゃありませんか！","这还用问嘛，当然是因为听说了
皇女大人要亲自光临此地呀！",translated,男子Ａ,bc54d3e1ab,br=0 nl=1,2,
inc/event/res/02/me02_00.txt#78#12,わ、わたしが来るから……？？,因、因为我要来……？？,translated,依恩,9239174d6b,br=0 nl=0,1,
inc/event/res/02/me02_00.txt#79#12,"街ひとつを覆うほどの花で人々を救われた、
奇跡の皇女さま……！","用足以覆盖整座城镇的巨花拯救了众人，
带来奇迹的皇女大人……！",translated,女子Ｂ,1a914f27d0,br=0 nl=1,2,
inc/event/res/02/me02_00.txt#80#12,"神秘の詩を謳われる皇女さま！
ぜひこの夢ノ珠に末永くおとどまりを！","能吟唱神秘之诗的皇女大人！
请务必在这座梦之珠长久留宿吧！",translated,男子Ｃ,469d8c39a9,br=0 nl=1,2,
inc/event/res/02/me02_00.txt#81#12,あっ、はい、ありがとうございます……。,啊，好的，谢谢大家……,translated,依恩,d5d2186892,br=0 nl=0,1,
inc/event/res/02/me02_00.txt#83#12,"ぅう……なんか、すごいことに
なっちゃってるよぅ……。","呜呜……总觉得，
事情变得好夸张呀……",translated,依恩,8c917d3ddb,br=0 nl=1,2,
inc/event/res/02/me02_00.txt#84#12,きゅうぅ……。,啾呜……,translated,泰雷芬肯,654626296e,br=0 nl=0,1,
inc/event/res/02/me02_00.txt#90#12,"……ちょっと、通して！
ああもぅ、どいてってば！","……喂，借过一下！
哎呀真是的，都给我让让！",translated,帕里,a45034b565,br=0 nl=1,2,
inc/event/res/02/me02_00.txt#102#12,イオナサル・ククルル・プリシェールさま！,依欧娜萨鲁・库库鲁鲁・普立薛尔大人！,translated,帕里,f484251f6a,br=0 nl=0,1,
inc/event/res/02/me02_00.txt#103#12,はっ、はい！,啊，在！,translated,依恩,f984ec31cd,br=0 nl=0,1,
inc/event/res/02/me02_00.txt#104#12,"ようこそお越しくださいました。
私はこの夢ノ珠で区長をしております、
パラライノと申します。","欢迎您莅临此地。
我是负责管理这座梦之珠的区长，
名叫帕拉莱诺。",translated,帕里,cd23bd3760,br=0 nl=2,3,
inc/event/res/02/me02_00.txt#105#12,あっ、どうも、ご丁寧に……。,啊，您好，您太客气了……,translated,依恩,eed11c1a7d,br=0 nl=0,1,
inc/event/res/02/me02_00.txt#106#12,"私のことはパリーと呼んでください。
なんなりと、イオナサルさまのお役に
立たせていただきます。","您管我叫帕里就好。
只要是为依欧娜萨鲁大人效劳，
我任何事都乐意效劳。",translated,帕里,c37cdadeb4,br=0 nl=2,3,
inc/event/res/02/me02_00.txt#107#12,"あ、ありがとうございます。
じゃあ、わたしのこともイオンと……。","谢、谢谢你。
那，你也直接叫我依恩……",translated,依恩,f368591230,br=0 nl=1,2,
inc/event/res/02/me02_00.txt#109#12,承知いたしました。,遵命。,translated,帕里,d6f63de5f5,br=0 nl=0,1,
inc/event/res/02/me02_00.txt#110#12,"ここ、すごく大きな駅ですね。
こんな立派なコロンの区長さんだなんて、
すごいです！","这里的车站真大呀。
能管理这么壮观的克隆，
区长先生真厉害！",translated,依恩,c131f1c4e9,br=0 nl=2,3,
inc/event/res/02/me02_00.txt#111#12,正確には、天文側の区長をしております。,准确地说，我是担任天文一侧的区长。,translated,帕里,79dcb48da5,br=0 nl=0,1,
inc/event/res/02/me02_00.txt#112#12,天文側……？,天文一侧……？,translated,依恩,fe54d03ec5,br=0 nl=0,1,
inc/event/res/02/me02_00.txt#113#12,"夢ノ珠は、重力場発生装置を中心にした
球状のコロン。そこに天文派と地文派が
分かれて暮らしています。","梦之珠是以重力场发生装置为中心的
球状克隆。天文派与地文派的居民
分别居住在两侧。",translated,帕里,8462e110c2,br=0 nl=2,3,
inc/event/res/02/me02_00.txt#114#12,"ふたつの区域は、巨大な環状壁によって
仕切られています。
「一周したモヒカン」みたいな感じです。","两个区域由一面巨大的环状墙隔开。
感觉就像是“绕了一整圈的莫霍克头”。",translated,帕里,d54ffe4990,br=0 nl=2,3,
inc/event/res/02/me02_00.txt#115#12,モヒ……？？,莫霍……？？,translated,依恩,5af24e412c,br=0 nl=0,1,
inc/event/res/02/me02_00.txt#116#12,"ここはその環状壁の頂上にあたる場所。
こちらに見えるのが天文側の区域――","这里正是那道环状墙的顶端。
从这边望过去的是天文区域――",translated,帕里,3cfd655752,br=0 nl=1,2,
inc/event/res/02/me02_00.txt#117#12,"あちらが地文側……ですが、
イオンさまが近づかれることはないでしょう。","那一边则是地文区域……不过，
想必依恩大人是不会接近那边的吧。",translated,帕里,911a4f1d99,br=0 nl=1,2,
inc/event/res/02/me02_00.txt#118#12,は、はぁ……。,啊、啊哈哈……,translated,依恩,c2f1dfe5ea,br=0 nl=0,1,
inc/event/res/02/me02_00.txt#119#12,"こんなところで立ち話でもありません。
ご逗留の宿を手配しましたので、
どうぞいらしてください。","我们也不好总在这种地方站着说话。
我已经为您安排好了下榻的旅馆，
请随我来吧。",translated,帕里,071b8fba30,br=0 nl=2,3,
inc/event/res/02/me02_00.txt#121#12,あっ、はい！,啊，好的！,translated,依恩,bcb37fda26,br=0 nl=0,1,
inc/event/res/02/me02_01.txt#25#12,わ、……。,哇……,translated,依恩,cef14adc65,br=0 nl=0,1,
inc/event/res/02/me02_01.txt#26#12,きゅ……。,啾……,translated,泰雷芬肯,a0b6f294ca,br=0 nl=0,1,
inc/event/res/02/me02_01.txt#27#12,"いかがでしょう？　こちらは夢ノ珠で
一番の宿、それも最高級スイートを
ご用意致しました！","感觉如何？这里可是梦之珠最好的旅馆，
而且我为您准备的
还是最顶级的套房！",translated,帕里,cbf67d93ac,br=0 nl=2,3,
inc/event/res/02/me02_01.txt#28#12,"もちろん、宮城の豪華さとは
比べものにならないでしょうけど……。","当然了，比起皇宫的奢华气派，
肯定是不值一提的……",translated,帕里,d7700be4cb,br=0 nl=1,2,
inc/event/res/02/me02_01.txt#29#12,"そ、そんなことないですっ！
ありがとうございますっ。","没、没有那回事！
非常感谢你。",translated,依恩,f53fb89a8a,br=0 nl=1,2,
inc/event/res/02/me02_01.txt#33#12,ん……？,嗯……？,translated,依恩,84fe9c5be9,br=0 nl=0,1,
inc/event/res/02/me02_01.txt#35#12,"あっ、鳥さんたち！
ちっちゃい！　いっぱいいる！
可愛い～♪♪","啊，好多小鸟！
好小巧！有好多只！
好可爱～♪♪",translated,依恩,f7c64e7289,br=0 nl=2,3,
inc/event/res/02/me02_01.txt#36#12,"夢ノ珠には鳥がたくさんおります。
人々も例の事情から、ペットを飼うなら
鳥という方がほとんどです。","梦之珠这里有很多鸟呢。
镇上的人们也由于那个特殊情况，
若是养宠物大多都会选择养鸟。",translated,帕里,82f0d18a98,br=0 nl=2,3,
inc/event/res/02/me02_01.txt#37#12,例の事情……？,那个特殊情况……？,translated,依恩,0c7f3aea3a,br=0 nl=0,1,
inc/event/res/02/me02_01.txt#38#12,"ああ、ご存知ないのですね。
皇女さまともなれば、
お知りにならなくて当然かもしれません。","哎呀，您竟然不知道啊。
不过对于尊贵的皇女大人来说，
不知道倒也是理所当然呢。",translated,帕里,ec4171b909,br=0 nl=2,3,
inc/event/res/02/me02_01.txt#39#12,"わからないことやご不便などあれば、
そこの電話が私とのホットラインに
なっています。","如果有什么不明白的事或者遇到不便，
那边的电话可以直接连通我这边。",translated,帕里,bdbcbc0423,br=0 nl=2,3,
inc/event/res/02/me02_01.txt#40#12,"なんなりとおたずねください。
それではごゆっくり……。","无论何事都请随时向我垂询。
那么，请您好好休息……",translated,帕里,7b283f364d,br=0 nl=1,2,
inc/event/res/02/me02_01.txt#41#12,あ、あのっ……！,啊，那个……！,translated,依恩,2f593fef19,br=0 nl=0,1,
inc/event/res/02/me02_01.txt#53#12,"あ……行っちゃった。わからないことが
あればって、「例の事情」が何のことか、
いきなりわかんないよぅ……。","啊……走了。就算说有不明白的事，
可所谓的“特殊情况”究竟是指什么，
从一开始就完全摸不着头脑嘛……",translated,依恩,2b15c563d2,br=0 nl=2,3,
inc/event/res/02/me02_01.txt#54#12,"もしかして、電話じゃないと教えて
あげないよー、ってことなのかな……？？","难不成他是指，不打电话过去
他就不会告诉我吗……？？",translated,依恩,32a0f1c6a0,br=0 nl=1,2,
inc/event/res/02/me02_01.txt#55#12,きゅきゅう？？,啾啾？？,translated,泰雷芬肯,c0400296d3,br=0 nl=0,1,
inc/event/res/02/me02_01.txt#60#12,ッ……？？,嗯……？？,translated,依恩,c70beb5658,br=0 nl=0,1,
inc/event/res/02/me02_01.txt#68#12,おっじゃまっしまーす！！,打――扰――啦――！！,translated,妮伊,53267a99b2,br=0 nl=0,1,
inc/event/res/02/me02_01.txt#69#12,えっ！？,诶！？,translated,依恩,d0266993ff,br=0 nl=0,1,
inc/event/res/02/me02_01.txt#71#12,"わーっ、ホントに皇女さまだぁ！
ここに泊まりに来たって聞いて、
確かめにきたんだけど！","哇――！真是皇女大人本人呀！
我听说你住进了这里，
特地跑过来确认一下呢！",translated,妮伊,826a64bf9b,br=0 nl=2,3,
inc/event/res/02/me02_01.txt#72#12,あっ！　あたし、ネイ！　よろしく！！,啊！我叫妮伊！请多关照啦！！,translated,妮伊,1518000d22,br=0 nl=0,1,
inc/event/res/02/me02_01.txt#73#12,"イ、イオンです。
よろしくお願いしま、……す？？","我、我叫依恩。
也请你多……关照？？",translated,依恩,d25049ebb9,br=0 nl=1,2,
inc/event/res/02/me02_01.txt#74#12,"ホンモノだぁ～～、カンゲキ！！
ねーねー、写真撮っていい？","真的是本尊耶～～太感动了！！
呐呐，我可以拍张照片吗？",translated,妮伊,0f0274ed4d,br=0 nl=1,2,
inc/event/res/02/me02_01.txt#75#12,え、その……。,诶，这个……,translated,依恩,018f8e5c44,br=0 nl=0,1,
inc/event/res/02/me02_01.txt#89#12,"いぇ～い、ツーショットげっと♪♪
イオンも欲しい？","耶～合影到手♪♪
依恩你也想要一张吗？",translated,妮伊,8c07aa78ed,br=0 nl=1,2,
inc/event/res/02/me02_01.txt#90#12,あ、はい、お願いしま、……す？,啊，好的，那就麻烦你……了？,translated,依恩,c13b38c2f6,br=0 nl=0,1,
inc/event/res/02/me02_01.txt#91#12,"ん、じゃ焼き増しとくね♪
夢ノ珠に来るのって初めてだよね？
どこから来たんだっけ？","嗯，那回头我洗出来送你一张♪
你是第一次来梦之珠对吧？
话说你是从哪里过来的呀？",translated,妮伊,77c8990822,br=0 nl=2,3,
inc/event/res/02/me02_01.txt#92#12,ま、万寿沙羅っていう街から……。,从、从万寿沙罗那个城镇过来的……,translated,依恩,929cd286b4,br=0 nl=0,1,
inc/event/res/02/me02_01.txt#93#12,"そーそー、そーだった、万寿沙羅！
で～～っかいお花咲かせて、バーストから
街を守ったんだよね！　聞いた！！","对对，没错，万寿沙罗！
开出超～～大的花朵保护了小镇，
没让爆炸吞噬对吧！我都听说了！！",translated,妮伊,d36f942e13,br=0 nl=2,3,
inc/event/res/02/me02_01.txt#94#12,"さっすが天文の皇女さま！
いずれ皇帝になるだけのことある～！","真不愧是天文的皇女大人！
将来注定要当皇帝的人就是不一样～！",translated,妮伊,2356a6ff43,br=0 nl=1,2,
inc/event/res/02/me02_01.txt#95#12,"あっ、じゃあさっき撮った写真、
イオンが皇帝になっちゃったりしたら、
高く売れちゃうかも♪とか？　あはは！","啊，那要是依恩真的当上了皇帝，
刚才拍的照片岂不是能卖个高价♪
之类的？啊哈哈！",translated,妮伊,6238754291,br=0 nl=2,3,
inc/event/res/02/me02_01.txt#96#12,えっと、その、ネイ……さん？,那个，请问你是……妮伊小姐？,translated,依恩,1f5a73be8f,br=0 nl=0,1,
inc/event/res/02/me02_01.txt#97#12,"やだー、さん付けとかいーよぉ、
くすぐったいもん♪","别这样嘛～加什么小姐呀，
听得人怪不好意思的♪",translated,妮伊,2cb6c4b372,br=0 nl=1,2,
inc/event/res/02/me02_01.txt#98#12,"じゃ、ネイ……ちゃん。
ネイちゃんもここのお泊まり客ってこと？","那，妮伊……你也是
住在这家旅馆的客人吗？",translated,依恩,4d37c24ef6,br=0 nl=1,2,
inc/event/res/02/me02_01.txt#99#12,"そうなの！　あたし、ここより少し上に
ある「{プラネタリー・メゾン}」ていう
コロンで踊り子やってるのね。","对呀！我在比这里位置稍微偏上一点的、
名叫“{行星公馆}”的克隆里当舞者哦。",translated,妮伊,3991be1993,br=1 nl=2,3,keep-terms {プラネタリー・メゾン}
inc/event/res/02/me02_01.txt#99#14,『星降る夜』というものに憧れを持った資産家が作った巨大な花を模したコロン。<CR>外側から見ると花弁のように見えるが、バーストが近づくか一日の半分は花弁が閉じ夜モードとなる。<CR>そして夜モードのプラネタリー・メゾンの内側には満点の星空が描き出される。<CR>ラシェーラの太陽は赤色巨星になっており、夜でも星を見ることはできない。しかしプラネタリー・メゾンではかつてそうであったと言われる『星空』が再現されており、ラシェーラにおいて唯一『夜の商売』が発達したコロンである。<CR>ネイはこのプラネタリー・メゾンで踊り子として働き、彼女の自宅もここにある。,由憧憬“繁星降临之夜”的资本家建造的、仿照巨大花朵形态的克隆。<CR>从外部望去宛如花瓣，每当爆炸临近或是一天的半数时间，花瓣便会合拢转入夜间模式。<CR>而在夜间模式下的行星公馆内侧，则会描绘出满天星空。<CR>拉榭拉的太阳如今已演化为红巨星，即便入夜也无法仰望繁星。然而在行星公馆中，却再现了据传往昔曾有过的“星空”，也是拉榭拉唯一发展出“夜间风俗产业”的克隆。<CR>妮伊便是在这座行星公馆中作为舞者工作，她的住所也位于此处。,translated,妮伊,23a27c2677,<CR> <CR> <CR> <CR> br=0 nl=0,1,keep-tags <CR>; src-longest-line=278
inc/event/res/02/me02_01.txt#100#12,"でもいまは休暇中で、いろんなコロンを
旅してめぐってるんだ♪
ここって、わりとボロ旅館じゃない？","不过我现在休假中，
正在周游各个克隆到处旅行呢♪
话说这里算挺破烂的小旅馆了吧？",translated,妮伊,d6a4f5fa3d,br=0 nl=2,3,
inc/event/res/02/me02_01.txt#101#12,そ、そうかな……？,会、会吗……？,translated,依恩,50051ef582,br=0 nl=0,1,
inc/event/res/02/me02_01.txt#102#12,"でも、皇女さまといっしょの宿なんだから
超らっきー！
どんだけついてんだろ、あたし♪","不过，能跟皇女大人住在同一家旅馆，
真是超级走运！
我这运气也太好了吧♪",translated,妮伊,0591dd2d33,br=0 nl=2,3,
inc/event/res/02/me02_01.txt#103#12,ど、どうも……。,谢、谢谢……,translated,依恩,a40237ffb5,br=0 nl=0,1,
inc/event/res/02/me02_01.txt#104#12,"ねね、どうして夢ノ珠に来たの？
皇女さまの試練ってやつ？　あ、もしかして
ここでもスゴい奇跡起こしちゃう？？","呐呐，你怎么会跑到梦之珠来呀？
是因为皇女试炼什么的吗？啊，难道说
你在这里也要展现什么惊天大奇迹？？",translated,妮伊,749e2dd44e,br=0 nl=2,3,
inc/event/res/02/me02_01.txt#105#12,うぅん、そんなんじゃなくて……。,不是啦，没那回事……,translated,依恩,0613c6c5b6,br=0 nl=0,1,
inc/event/res/02/me02_01.txt#106#12,"万寿沙羅のみんなは優しくしてくれたけど、
いつまでもお世話になってるわけには
いかないって思って、それで……。","万寿沙罗的大家虽然都对我很好，
但我觉得不能一直给人家添麻烦，
所以就……",translated,依恩,d530aeeacf,br=0 nl=2,3,
inc/event/res/02/me02_01.txt#107#12,"へぇ～、そうなんだぁ。
えらいね、あたしだったらきっと
ずーっと居座っちゃうなぁ。","嘿～这样啊。
真了不起呢，换作是我的话，
肯定就赖在那里不走啦。",translated,妮伊,32995ea592,br=0 nl=2,3,
inc/event/res/02/me02_01.txt#108#12,"……でも、そう思って来てみたけど、
次に何をしたらいいのか、ちっとも
思い浮かばなくて……。","……可是，虽然下定决心过来了，
接下来该做些什么，
我却完全摸不着头绪……",translated,依恩,a81778d422,br=0 nl=2,3,
inc/event/res/02/me02_01.txt#109#12,"うふふ。
意外といきあたりばったりなんだね、イオンは。","呵呵。
没想到依恩你意外地随性呢。",translated,妮伊,877eb756c9,br=0 nl=1,2,
inc/event/res/02/me02_01.txt#110#12,"ま、そういうときは
風に身をまかせるのが一番よ。","嘛，这种时候
顺其自然就是最好的啦。",translated,妮伊,0f02a86ec8,br=0 nl=1,2,
inc/event/res/02/me02_01.txt#111#12,風に……？,顺其……自然？,translated,依恩,b220d4bbfb,br=0 nl=0,1,
inc/event/res/02/me02_01.txt#112#12,"なぁんにも考えずにぜーんぶ忘れて、
楽しいコトをめいっぱい楽しんじゃう！
ね？","什么都别想，统统忘到脑后，
尽情去享受开心的事就好！
对吧？",translated,妮伊,c6d3261c9d,br=0 nl=2,3,
inc/event/res/02/me02_01.txt#114#12,……うん。そうだね。,……嗯。说得也是呢。,translated,依恩,a8059755e3,br=0 nl=0,1,
inc/event/res/02/me02_01.txt#115#12,"あっ、いけない！
あたし、ちょっと出掛けなきゃ！","啊，糟了！
我得出门一趟了！",translated,妮伊,6674eb8176,br=0 nl=1,2,
inc/event/res/02/me02_01.txt#116#12,"いい、イオン？
試練だって何だって、楽しまなきゃ
ソンだよ？　じゃね♪","听好了哦，依恩？
不管是试炼还是什么，如果不乐在其中
可就亏大发了哦？回头见啦♪",translated,妮伊,cf29abf814,br=0 nl=2,3,
inc/event/res/02/me02_01.txt#123#12,あ……もう行っちゃった。,啊……已经走了。,translated,依恩,0917fed71f,br=0 nl=0,1,
inc/event/res/02/me02_01.txt#126#12,"（……ネイちゃん、か。
いきなりだったからびっくりしたけど、
考えてみたら──","（……妮伊，吗。
虽然太突然吓了我一跳，
但仔细一想――",translated,依恩,9cbed9e0dd,br=0 nl=2,3,
inc/event/res/02/me02_01.txt#127#12,"（「頑張れ」じゃなくて「楽しんで」って
言ってくれた人、初めてかも）","（不是对我说“加油”，而是叫我“好好享受”，
她可能还是第一个这么对我说话的人呢）",translated,依恩,fd60f32217,br=0 nl=1,2,
inc/event/res/02/me02_01.txt#129#12,"……わたしもお出かけしよっかな！
ね、テレくん♪","……我也出去散散步好啦！
你说呢，小泰♪",translated,依恩,b45b1e85cf,br=0 nl=1,2,
inc/event/res/02/me02_01.txt#130#12,きゅうきゅう♪,啾啾♪,translated,泰雷芬肯,aba0f784dd,br=0 nl=0,1,
inc/event/res/02/me02_01.txt#153#12,"すごいね、テレくん！
万寿沙羅の街とぜんぜん違うね！
にぎやかだし、人もたくさん……。","好厉害呀，小泰！
跟万寿沙罗完全不一样呢！
又热闹，人又多……",translated,依恩,a34ade9f0c,br=0 nl=2,3,
inc/event/res/02/me02_01.txt#154#12,きゅう！,啾！,translated,泰雷芬肯,601cdef24f,br=0 nl=0,1,
inc/event/res/02/me02_01.txt#164#12,イオンさま、どうかなさいましたか！？,依恩大人，您这是怎么了！？,translated,帕里,b6dd5e4772,br=0 nl=0,1,
inc/event/res/02/me02_01.txt#165#12,"い、いえ、ちょっとお出かけしようかと
思っただけで……。",没、没有啦，我只是想出门随便逛逛……,translated,依恩,810acc7d77,br=0 nl=1,2,
inc/event/res/02/me02_01.txt#166#12,"でしたら区の警衛団から護衛を出します。
少しお時間を頂ければ……。","既然如此，我让区里的警卫团派人护卫。
请您稍候片刻……",translated,帕里,59e83cc346,br=0 nl=1,2,
inc/event/res/02/me02_01.txt#167#12,"だ、大丈夫です！
ひとりでお散歩したいので……。","不、不用啦！
我想一个人散散步……",translated,依恩,199aec1bd6,br=0 nl=1,2,
inc/event/res/02/me02_01.txt#168#12,"そうですか……わかりました。
くれぐれもあまり遠出なさらず、
おかしなことがあればすぐお戻りください。","是这样吗……我明白了。
请务必不要走得太远，
若是发现什么不对劲请立刻返回。",translated,帕里,e4ca74924a,br=0 nl=2,3,
inc/event/res/02/me02_01.txt#169#12,はい、気をつけます。,好的，我会注意的。,translated,依恩,0c12f6dd75,br=0 nl=0,1,
inc/event/res/02/me02_01.txt#170#12,それでは……。,那么，请您慢走……,translated,帕里,690f7de203,br=0 nl=0,1,
inc/event/res/02/me02_01.txt#174#12,"ふぅ、びっくりしたぁ。
護衛だなんて、おおげさ……。","呼，吓了我一跳。
还说什么护卫，也太夸张了吧……",translated,依恩,ebb60a2f76,br=0 nl=1,2,
inc/event/res/02/me02_01.txt#175#12,"それとも、お散歩するだけでそんなに
心配されちゃうようなコトがあるのかなぁ？　
ねぇ、テレくん？？","还是说，光是散个步，
就有严重到需要这么担心的危险吗？
呐，小泰？？",translated,依恩,e7c472951e,br=0 nl=2,3,
inc/event/res/02/me02_01.txt#176#12,きゅ……？？,啾……？？,translated,泰雷芬肯,ab98bf2a25,br=0 nl=0,1,
inc/event/res/02/me02_03.txt#17#12,"ん～……。
もしかして、迷っちゃったかも……。","唔～……
该不会，我迷路了吧……",translated,依恩,ea0149f42d,br=0 nl=1,2,
inc/event/res/02/me02_03.txt#18#12,きゅぅ……。,啾呜……,translated,泰雷芬肯,c3c3617896,br=0 nl=0,1,
inc/event/res/02/me02_03.txt#19#12,"ここって、パリーさんの言ってた壁の
地文側じゃないのかな……。
テレくん、どう思う？","这里，该不会就是帕里先生说的那堵墙的
地文一侧吧……
小泰，你觉得呢？",translated,依恩,748d95a89e,br=0 nl=2,3,
inc/event/res/02/me02_03.txt#20#12,きゅ？　きゅうぅ～……。,啾？啾呜～……,translated,泰雷芬肯,4a2afe3080,br=0 nl=0,1,
inc/event/res/02/me02_03.txt#21#12,"そうだよね、わかんないよね……。
このあたりだけ、なんだか蒸し暑い
感じがする……。","也是呢，你也不会知道啦……
只有这一带，总觉得莫名地闷热……",translated,依恩,5c997ca943,br=0 nl=2,3,
inc/event/res/02/me02_03.txt#22#12,"あ。
たぶんあの工房のせいかな……？","啊。
大概是因为那家工坊的缘故吧……？",translated,依恩,a29581efa5,br=0 nl=1,2,
inc/event/res/02/me02_03.txt#23#12,"店先に金属のかたまりが積んであるし、
溶剤のにおいもするし。
きっと金属加工のお店なんだね。","店门口堆着大块的金属，
还飘着溶剂的气味。
肯定是一家金属加工店吧。",translated,依恩,f806295f99,br=0 nl=2,3,
inc/event/res/02/me02_03.txt#24#12,きゅう！,啾！,translated,泰雷芬肯,601cdef24f,br=0 nl=0,1,
inc/event/res/02/me02_03.txt#25#12,"えへへ、すごいでしょ。
機械のことはちょっと詳しいんだ♪","诶嘿嘿，厉害吧。
关于机械的事情我还是挺懂的哦♪",translated,依恩,0fe93945bf,br=0 nl=1,2,
inc/event/res/02/me02_03.txt#26#12,きゅうきゅう♪,啾啾♪,translated,泰雷芬肯,aba0f784dd,br=0 nl=0,1,
inc/event/res/02/me02_03.txt#27#12,……きゅ？？,……啾？？,translated,泰雷芬肯,24c0fb367a,br=0 nl=0,1,
inc/event/res/02/me02_03.txt#28#12,"どうしたの？
……あれ？　何だろ、あの人たち……。","怎么啦？
……咦？那些人是怎么回事……",translated,依恩,169a699e82,br=0 nl=1,2,
inc/event/res/02/me02_03.txt#43#12,"（……疲れて、立ち上がる気力も
ないって顔……万寿沙羅に放り出された
ときのわたしみたい……）","（……那一脸疲惫不堪、连站起身的力气
都没有的表情……就像刚被丢到
万寿沙罗时的我一样……）",translated,依恩,0b9919ce02,br=0 nl=2,3,
inc/event/res/02/me02_03.txt#44#12,"（何か、事情があるのかな……
街は広いのに、こんな隅っこの息苦しい
場所に固まってるなんて）","（是有什么隐情吗……
明明城镇这么宽敞，却偏偏聚在
这种角落里让人喘不过气的地方）",translated,依恩,8d6061b038,br=0 nl=2,3,
inc/event/res/02/me02_03.txt#56#12,"あの……みなさん、どうしてこんなところで
うずくまってるんですか？","那个……各位，
为什么要在这种地方缩成一团呢？",translated,依恩,618123690a,br=0 nl=1,2,
inc/event/res/02/me02_03.txt#58#12,"どうして……？
俺たちが好きでこうしてるように見えるのか？","为什么……？
你看我们像是自己乐意呆在这儿的吗？",translated,男子Ｄ,4a0ff4f152,br=0 nl=1,2,
inc/event/res/02/me02_03.txt#59#12,"居場所がねぇんだよ、どこにも。
壁のこっちにも、向こうにもな。
ほら、行けよ。","我们哪儿都容不下啊，哪里都没有容身之所。
不管是墙的这边，还是墙的那边。
快走开吧你。",translated,男子Ｅ,b870654f80,br=0 nl=2,3,
inc/event/res/02/me02_03.txt#60#12,すっ、すみま、せん……。,对、对不起……,translated,依恩,51c60c5686,br=0 nl=0,1,
inc/event/res/02/me02_03.txt#61#12,"ま、待て。
おいアンタ、ひょっとしてイオナサル……。","等、等等。
喂你，莫非是依欧娜萨鲁……",translated,男子Ｆ,edfb2dc8f6,br=0 nl=1,2,
inc/event/res/02/me02_03.txt#62#12,あっ、……はい、そうです。,啊，……是的，我是。,translated,依恩,37eba7f758,br=0 nl=0,1,
inc/event/res/02/me02_03.txt#63#12,"なんてこった！　おいみんな、この人は
天文の皇女イオナサルさまだぞ！","天哪！喂大家快看，这位就是
天文的皇女依欧娜萨鲁大人啊！",translated,男子Ｆ,715a7d572f,br=0 nl=1,2,
inc/event/res/02/me02_03.txt#64#12,"なんだって！？
……奇跡の詩魔法を紡いだっていう、
あの……！？","你说什么！？
……就是编织了奇迹诗魔法的、
那位……！？",translated,男子Ｄ,653033b254,br=0 nl=2,3,
inc/event/res/02/me02_03.txt#65#12,"おっ、お助けください！
私たちは、地文の皇女カノイールに誘われて
ここへ来た、天文の民です！","求、求求您救救我们！
我们是受到地文皇女卡诺伊尔劝诱
才来到这里的、天文之民啊！",translated,男子Ｅ,ed62e0a875,br=0 nl=2,3,
inc/event/res/02/me02_03.txt#66#12,"えっ！
カノンさんが軌道エレベイタに
乗って行ったときの、あの……？","诶！
就是卡诺小姐乘坐轨道升降机
离开时带走的，那些……？",translated,依恩,430a1b87e5,br=0 nl=2,3,
inc/event/res/02/me02_03.txt#67#12,"そうです！
あのあと、カノイールは私たちを
この夢ノ珠へ連れてきました。","没错！
在那之后，卡诺伊尔把我们
带到了这座梦之珠。",translated,男子Ｄ,0a37412e03,br=0 nl=2,3,
inc/event/res/02/me02_03.txt#68#12,でも結局、この街に我々の居場所はなかった！,可结果，这座城镇里根本没有我们的容身之处！,translated,男子Ｄ,8ba0c9ad15,br=0 nl=0,1,
inc/event/res/02/me02_03.txt#69#12,"地文派は、俺たちが命惜しさに天文から
寝返った連中だと言って、住む土地をくれません！","地文派说我们是贪生怕死才从天文叛逃过来的，
根本不肯分给我们容身的土地！",translated,男子Ｆ,8c1a56f61f,br=0 nl=1,2,
inc/event/res/02/me02_03.txt#70#12,"かといって天文派も、もう仲間じゃないと
言って受け入れてくれないのです！","可要是回天文派，他们又说我们已经不是同胞，
根本不肯接纳我们啊！",translated,男子Ｅ,c5457346ae,br=0 nl=1,2,
inc/event/res/02/me02_03.txt#71#12,そうだったんですか……。,原来是这样啊……,translated,依恩,40a761439a,br=0 nl=0,1,
inc/event/res/02/me02_03.txt#72#12,"イオナサルさま！
虫のいいお願いだとわかってます、
けれど、どうか俺たちをお救いください！","依欧娜萨鲁大人！
我们也知道这是得寸进尺的非分之求，
可是，求求您大发慈悲救救我们吧！",translated,男子Ｄ,d23f6263a1,br=0 nl=2,3,
inc/event/res/02/me02_03.txt#73#12,あ、でも……、そんな……。,啊，可是……怎么会这样……,translated,依恩,73e09441da,br=0 nl=0,1,
inc/event/res/02/me02_03.txt#78#12,"……わかりました。
天文の区長さんと知り合えたので、
わたしからも頼んでみます。","……我明白了。
我刚好认识了天文的区长先生，
我也去帮你们求求情吧。",translated,依恩,b7f3e87801,br=0 nl=2,3,
inc/event/res/02/me02_03.txt#80#12,ありがとうございます！,太感谢您了！,translated,男子Ｄ,a8ec77f2c8,br=0 nl=0,1,
inc/event/res/02/me02_03.txt#81#12,"いいえ、わたしこそそのくらいしか
できなくてごめんなさい。
一緒に天文の街へ行きましょう。","不用谢，我只能帮上这么点忙，
实在很抱歉。
大家一起去天文的街区吧。",translated,依恩,3b3c72283e,br=0 nl=2,3,
inc/event/res/02/me02_03.txt#82#12,はっ、はい！,好、好的！,translated,男子Ｄ,f984ec31cd,br=0 nl=0,1,
inc/event/res/02/me02_03.txt#106#12,"……いくらイオンさまの頼みでも
それはできません。","……就算这是依恩大人的请求，
我也绝不能答应。",translated,帕里,317c9f1d7b,br=0 nl=1,2,
inc/event/res/02/me02_03.txt#107#12,"ど、どうしてですか？
みんな、もともと天文派の人たちですよ！？","为、为什么啊？
大家原本可都是天文派的人呀！？",translated,依恩,9ab1c0cb2e,br=0 nl=1,2,
inc/event/res/02/me02_03.txt#113#12,"そこですよ、問題は。
もとはそうでも、結局地文側についた
裏切り者たちじゃありませんか。","问题就在这里啊。
就算以前是，可归根结底他们不还是投靠了
地文一方的叛徒吗？",translated,帕里,7ea33c105b,br=0 nl=2,3,
inc/event/res/02/me02_03.txt#114#12,"そんな者たちを受け入れる場所は、
この地にはありません。","在这片土地上，
绝没有容纳这种叛徒的地方。",translated,帕里,87196c3d1a,br=0 nl=1,2,
inc/event/res/02/me02_03.txt#117#12,"そうだ！
そんな勝手な言い分がいまさら通るか！","就是啊！
事到如今还想任性妄为，门都没有！",translated,天文之民Ａ,aec460d27b,br=0 nl=1,2,
inc/event/res/02/me02_03.txt#118#12,"戻れる場所などあると思うな！
いまいましい反逆者どもめ！","别以为你们还有回头的容身之所！
可恨的叛徒们！",translated,天文之民Ｂ,b4c6475a14,br=0 nl=1,2,
inc/event/res/02/me02_03.txt#119#12,壁の向こうへ帰れ！,滚回墙的那边去！,translated,天文之民Ｃ,f9b1437b0a,br=0 nl=0,1,
inc/event/res/02/me02_03.txt#121#12,そん、な……。,怎么……会这样……,translated,依恩,1a33035703,br=0 nl=0,1,
inc/event/res/02/me02_03.txt#129#12,"パラライノ区長！
地文側で、また{断線}が起こったとの報告です！","帕拉莱诺区长！
收到报告，地文一侧又发生{断线}了！",translated,女子Ｂ,c883f4af73,br=1 nl=1,2,keep-terms {断線}
inc/event/res/02/me02_03.txt#129#14,夢ノ珠の中心に存在する重力場発生装置に供給されるＴｚ波が十分に行き渡らず、重力場が消失する現象を『断線』と呼んでいる。<CR>当然ながら、重力場がなくなったときに夢ノ珠の下側に位置していた建物や人はラシェーラの重力に引かれて地上に落下してしまう。<CR>断線を恐れ、他のコロンに移住する者もいたが、ほとんどの住民には夢ノ珠から出るお金も移住先も存在しなかったため、現在も多くの人々が住み続けている。<CR>近年は天文側よりも地文側に発生することが多く、天文区長パリーと地文区長クーリンを筆頭に両者間の抗争は激しくなる一方となっている。,供给至位于梦之珠中心的重力场发生装置的Tz波未能充分传导普及，导致重力场消失的现象被称为“断线”。<CR>理所当然地，当重力场消失时，正处于梦之珠下方区域的建筑物与居民便会被拉榭拉的重力所吸引而坠落至地面。<CR>虽有惧怕断线而迁往其他克隆者，但绝大多数居民既没有搬离梦之珠的财力，亦无处可迁，因而至今仍有大量人口在此居住。<CR>近年来断线发生在地文侧的频率远高于天文侧，以天文区长帕里与地文区长库琳为首，双方之间的抗争亦愈发激烈。,translated,女子Ｂ,ad6451d167,<CR> <CR> <CR> br=0 nl=0,1,keep-tags <CR>; src-longest-line=267
inc/event/res/02/me02_03.txt#130#12,"断線……？
パリーさん、それって何のことですか……？","断线……？
帕里先生，那究竟是指什么呀……？",translated,依恩,37a037a3fb,br=0 nl=1,2,
inc/event/res/02/me02_03.txt#132#12,"ふン……仕方ありませんね。
あえてお伝えすることもないと思ってましたが。","哼……真拿您没办法。
我本以为没必要特意告诉您的。",translated,帕里,0a18c8791f,br=0 nl=1,2,
inc/event/res/02/me02_03.txt#133#12,"夢ノ珠では、断線という現象が起こります。
断線が起きると、その区域の重力場が消え、
人は住めなくなるのです。","在梦之珠，会发生一种被称为断线的现象。
一旦发生断线，该区域的重力场就会消失，
人便无法在上面居住了。",translated,帕里,89a7d1268b,br=0 nl=2,3,
inc/event/res/02/me02_03.txt#134#12,"えっ！？
あの、それって……
すっごく危なくないですか……？","诶！？
那个，这么说的话……
岂不是非常危险吗……？",translated,依恩,15fcc682f2,br=0 nl=2,3,
inc/event/res/02/me02_03.txt#135#12,危ないですよ。,确实非常危险啊。,translated,帕里,3a0aca0645,br=0 nl=0,1,
inc/event/res/02/me02_03.txt#136#12,そんなフツーに……。,怎么能说得这么轻描淡写……,translated,依恩,2fe4f92152,br=0 nl=0,1,
inc/event/res/02/me02_03.txt#137#12,"ここはその昔、帝国が開発し、
自信を持って世に送り出した次世代型
コロンでした。","这里在从前，曾是帝国倾注心血研发、
满怀自信推向世人的次世代型
克隆。",translated,帕里,009f52f579,br=0 nl=2,3,
inc/event/res/02/me02_03.txt#138#12,"球体構造の中心に{重力場発生装置}を備え、
まるで小さな天体のように
３６０度どこにでも住める──。","在球体构造的中心配备了{重力场发生装置}，
宛如一颗微型天体一般，
360度无论哪个角度都能住人――",translated,帕里,3ec048a722,br=1 nl=2,3,keep-terms {重力場発生装置}
inc/event/res/02/me02_03.txt#138#14,夢ノ珠の中心に位置する重力場発生装置。<CR>そのエネルギー源にはシェルノトロンと同様にＴｚ波が使用されている。<CR>装置内で高次に励起されたＴｚ波は循環することにより微弱な引力を作り出し、それを幾重にも重ねることで夢ノ珠全体を覆うほどの重力場を作り出している。<CR>しかし老朽化に伴い、重力場が部分的に消失する現象<CR>『断線』が発生し、夢ノ珠以外にこの重力場発生装置を使用しているコロンは存在しない。<CR>この装置の修理及び管理はＴｚチューブ・カンパニーが帝国から一任されているが、断線の根本的な解決には至っていない。,位于梦之珠中心的重力场发生装置。<CR>其能量来源与榭鲁诺特伦相同，使用的是Tz波。<CR>装置内部被高阶激发的Tz波通过循环产生微弱的引力，并将其多重叠加，从而产生足以覆盖整个梦之珠的重力场。<CR>然而随着设施老旧化，部分重力场消失的现象<CR>即“断线”频频发生，除梦之珠以外，世间再无其他使用该重力场发生装置的克隆。<CR>该装置的维修及管理虽由帝国全权委托给了Tz管体公司，但至今未能从根本上解决断线问题。,translated,帕里,e6c8e67dd5,<CR> <CR> <CR> <CR> <CR> br=0 nl=0,1,keep-tags <CR>; src-longest-line=265
inc/event/res/02/me02_03.txt#139#12,"当時帝国は、これからのコロンはみな
この形になる、居住域の問題は
これで解決だと豪語しました。","当时帝国曾夸下海口，声称今后的克隆
都将采用这种形态，
居住空间不足的问题也将迎刃而解。",translated,帕里,85d131fa57,br=0 nl=2,3,
inc/event/res/02/me02_03.txt#140#12,"ですが、重力場生成型コロンは
いまはもうここだけ。
もちろん、原因は断線です。","可是，重力场生成型克隆，
如今却只剩下这里了。
理由当然是因为断线。",translated,帕里,87c779030c,br=0 nl=2,3,
inc/event/res/02/me02_03.txt#141#12,"断線が起きて重力場が消えれば、
そこにあるものはすべて、
人もろともコロンを飛び出し──","一旦发生断线，重力场随之消失，
位于那里的一切事物，
都会连同居民一起被抛出克隆之外――",translated,帕里,48da972959,br=0 nl=2,3,
inc/event/res/02/me02_03.txt#142#12,ラシェーラの地表へ落下してしまう。,径直坠落至拉榭拉的地表。,translated,帕里,b7df414286,br=0 nl=0,1,
inc/event/res/02/me02_03.txt#143#12,……ッ！！,……！！,translated,依恩,0b57bf2a65,br=0 nl=0,1,
inc/event/res/02/me02_03.txt#144#12,"皮肉なものです。私たちはみんな、
ものすごく頑張ってお金を作り、
厳しい帝都民要件もクリアして――","这真是莫大的讽刺呢。我们大家都是
拼了命地攒钱，好不容易通过了
苛刻的帝都市民条件考核――",translated,帕里,0f4e403c13,br=0 nl=2,3,
inc/event/res/02/me02_03.txt#145#12,"当時１００倍だった夢ノ珠の居住権を
勝ち取りました。でもそれは、高いお金を
払ってデスゲームで遊んでいるようなもの。","才在当时高达百倍的竞争率中
抢到了梦之珠的居住权。但这简直就像是
花了大价钱在玩一场赌命的死亡游戏。",translated,帕里,7f3f4f187e,br=0 nl=2,3,
inc/event/res/02/me02_03.txt#146#12,それじゃ、早くみんなで避難しないと……！,既然这样，大家必须赶快避难才行啊……！,translated,依恩,8d28b21d39,br=0 nl=0,1,
inc/event/res/02/me02_03.txt#147#12,"どこへ？　帝国は何もしてくれない。
他に住むところを用意するわけでもない。
みんな、ここで頑張るしかないのです。","能逃去哪儿呢？帝国什么也不会为我们做，
更不会为我们安排别的居所。
大家除了在这里咬牙苦撑，别无出路。",translated,帕里,175f7810f8,br=0 nl=2,3,
inc/event/res/02/me02_03.txt#148#12,"特にここ最近、断線の数も増えて
範囲も大きくなっているから、
住民たちもぴりぴりしています。","尤其是最近，断线的次数不断增多，
波及的范围也在变大，
居民们的神经都绷得紧紧的。",translated,帕里,9d96372227,br=0 nl=2,3,
inc/event/res/02/me02_03.txt#174#12,"パラライノ区長！　また断線だ！
チューブカンパニーへの修復依頼は
取り次いでもらえてるんでしょうな！？","帕拉莱诺区长！又发生断线了！
向管体公司发出的维修委托，
到底有没有好好帮我们转达过去啊！？",translated,库琳,a52ffbe999,br=0 nl=2,3,
inc/event/res/02/me02_03.txt#176#12,……こんな風にね。,……就像现在这样。,translated,帕里,ef9017b1e0,br=0 nl=0,1,
inc/event/res/02/me02_03.txt#178#12,"我が地文側にばかり断線が広がるのは、
チューブカンパニーが天文区域を
優先して修復しているからだろう！","断线之所以只在我们地文这边蔓延，
分明就是因为管体公司
在优先维修天文区域吧！",translated,库琳,3993fad6dc,br=0 nl=2,3,
inc/event/res/02/me02_03.txt#180#12,"そうだ！
これは癒着ではないのか！","没错！
这不摆明了是利益勾结吗！",translated,地文之民Ａ,ab3f9fda67,br=0 nl=1,2,
inc/event/res/02/me02_03.txt#181#12,"癒着とはなんだ！
チューブ・カンパニーと我々が、
貴様らより良い協力関係にあるというだけだ！","什么勾结！
管体公司与我们之间，
只不过是建立了比你们更好的合作关系而已！",translated,天文之民Ａ,c7f05840e8,br=0 nl=2,3,
inc/event/res/02/me02_03.txt#182#12,"ハッ、協力関係だと？
バカな、地文派を迫害する策略だ！
許せん！","哈，合作关系？
胡说八道，分明是迫害地文派的阴谋！
绝不能原谅！",translated,地文之民Ｂ,e19a45331e,br=0 nl=2,3,
inc/event/res/02/me02_03.txt#183#12,"許さないのは勝手だが……そうだ、
これを機会に地文派は全員まとめて
コロンを出て行かれてはいかがか？","原不原谅是你们的自由……对了，
不如借这个机会，地文派干脆全员一起
从这座克隆滚出去如何啊？",translated,天文之民Ｂ,7e955dea9b,br=0 nl=2,3,
inc/event/res/02/me02_03.txt#185#12,貴様ァッ！,混账东西！,translated,地文之民Ｃ,0c0efa231f,br=0 nl=0,1,
inc/event/res/02/me02_03.txt#186#12,なんだ、やる気かッ！？,怎么，想动手吗！？,translated,天文之民Ｃ,f46dfa051e,br=0 nl=0,1,
inc/event/res/02/me02_03.txt#188#12,あ、あの、こんなところで、ケンカは……。,那、那个，请不要在这种地方吵架……,translated,依恩,ed642fadc7,br=0 nl=0,1,
inc/event/res/02/me02_03.txt#196#12,ひぃかえおろ～～～ぅ！！,都――给――我――退――下――！！,translated,妮伊,ad4855fbed,br=0 nl=0,1,
inc/event/res/02/me02_03.txt#206#12,ッ！！？？,！！？？,translated,依恩,2cda58fd5e,br=0 nl=0,1,
inc/event/res/02/me02_03.txt#209#12,"ひかえぃひかえぇい、控えおろう！
ここにおわすお方をどなたと心得る！","退下，退下，都给我退下！
你们可知眼前这位是何方神圣！",translated,妮伊,08d86bd5fc,br=0 nl=1,2,
inc/event/res/02/me02_03.txt#210#12,"恐れ多くも後の皇帝陛下（予定）、
イオナサル・ククルル・プリシェールさまに
あらせられるぞ！","这可是无比尊贵的未来皇帝陛下（暂定），
依欧娜萨鲁・库库鲁鲁・普立薛尔大人！",translated,妮伊,ac59ccdd37,br=0 nl=2,3,
inc/event/res/02/me02_03.txt#211#12,……ネイちゃん！！,……妮伊！！,translated,依恩,5aad976aab,br=0 nl=0,1,
inc/event/res/02/me02_03.txt#212#12,"皆の者ッ、頭が高ぁいッ！
あはははっ！","尔等平民，还不速速低头！
哈哈哈哈！",translated,妮伊,69af687c66,br=0 nl=1,2,
inc/event/res/02/me02_03.txt#213#12,"あっ、のっ、ネイちゃん、そんな大声で
その、あんまり……。","啊、那个，妮伊，别喊那么大声啦，
那个，太夸张了……",translated,依恩,ec65e7f7f7,br=0 nl=1,2,
inc/event/res/02/me02_03.txt#215#12,"これはこれは。こちらは、始まりの刻に
逃げ出したという弱腰皇女さまで
いらっしゃいましたか。","哎呀哎呀。我还当是谁呢，原来是
在初始之刻临阵脱逃的软脚虾皇女大人啊。",translated,库琳,dc1cf7a25f,br=0 nl=2,3,
inc/event/res/02/me02_03.txt#216#12,"私は地文側の区長、クーリンと申します。
お見知りおきを。","我是地文一侧的区长库琳。
幸会了。",translated,库琳,4669a65dad,br=0 nl=1,2,
inc/event/res/02/me02_03.txt#217#12,はぁ、どうも……イオンです……。,啊，您好……我是依恩……,translated,依恩,a1bbfcf797,br=0 nl=0,1,
inc/event/res/02/me02_03.txt#223#12,"ちょっとクーリン区長！
イオナサルさまをおとしめるような
言いがかりはやめてもらえる？","喂，库琳区长！
请你别在这儿用污蔑的言辞
无端中伤依欧娜萨鲁大人好吗？",translated,帕里,3425739ff9,br=0 nl=2,3,
inc/event/res/02/me02_03.txt#224#12,本当のことを言ったまでだが。,我不过是说了实话而已。,translated,库琳,65edc4af68,br=0 nl=0,1,
inc/event/res/02/me02_03.txt#225#12,"あなた、あそこに咲いてる大きな花のこと
知らないの？
イオナサルさまは奇跡を呼ぶ皇女さまなのよ？","你难道不知道那边绽放的那朵巨花吗？
依欧娜萨鲁大人可是能引发奇迹的皇女大人哦？",translated,帕里,0e2e2a8841,br=0 nl=2,3,
inc/event/res/02/me02_03.txt#226#12,"ちょっと奥ゆかしくて、祭り事が
ニガテなだけで、とっても有能なんだから！
ねぇ、イオンさま！","大人只是生性内向谦逊、不太擅长
繁文缛节而已，本人可是非常能干的！
对吧，依恩大人！",translated,帕里,ee7ab2f06a,br=0 nl=2,3,
inc/event/res/02/me02_03.txt#227#12,"うぅ、それはちょっと、っていうか
全然当たってないっていうか……。","呜，这稍微有点，倒不如说
根本完全没说中吧……",translated,依恩,dcd0c44fc0,br=0 nl=1,2,
inc/event/res/02/me02_03.txt#228#12,"それにひきかえ、あんたのところの皇女は
なぁに？　",相比之下，你们那边的皇女又是怎么回事？,translated,帕里,46048e914d,br=0 nl=1,2,
inc/event/res/02/me02_03.txt#229#12,"夢ノ珠は、ただでさえ住めるところが
減って困ってるのよ？","梦之珠光是能够住人的地方
越来越少就已经够让人头疼了哦？",translated,帕里,8cb15a01e7,br=0 nl=1,2,
inc/event/res/02/me02_03.txt#230#12,"そこへ勝手に難民を連れてきて。
日和見で無計画……そんな人に
次の皇帝になってほしくないわねー。","她居然还自作主张带了一堆难民过来。
既见风使舵又毫无计划……我可不想
让那种人成为下一任皇帝呢――",translated,帕里,8b0779f33f,br=0 nl=2,3,
inc/event/res/02/me02_03.txt#231#12,"それは大変な失礼を致しました。
この者たちは私が責任をもって
保護しますので、ご心配なく。","那还真是让您见笑了。
这些人由我全权负责予以保护，
就不劳您费心了。",translated,卡诺,830f6344f1,br=0 nl=2,3,
inc/event/res/02/me02_03.txt#239#12,"カノイール陛下！
申し訳ございません、
この女めが大変な無礼を……。","卡诺伊尔陛下！
实在非常抱歉，
让这女人对您如此无礼……",translated,库琳,42fc91432a,br=0 nl=2,3,
inc/event/res/02/me02_03.txt#240#12,"カノンで結構です。そのようなこと、
全く気にはしません。それより、
イオナサル・ククルル・プリシェール！","叫我卡诺便好。区区小事，
我完全不会放在心上。比起这个，
依欧娜萨鲁・库库鲁鲁・普立薛尔！",translated,卡诺,f6c2203621,br=0 nl=2,3,
inc/event/res/02/me02_03.txt#242#12,はっ、はい……っ……！,在、在……！,translated,依恩,3dd95dab72,br=0 nl=0,1,
inc/event/res/02/me02_03.txt#244#12,"あなたはどうしてそう、
余計なことをなさるのです？　","你为何总是这般，
喜欢做些多余的事呢？",translated,卡诺,f4939527e9,br=0 nl=1,2,
inc/event/res/02/me02_03.txt#245#12,"地文の民を何の考えもなく
天文側に連れてくれば、
こうなることは当然ではありませんか。","未经深思熟虑就把地文的民众
带到天文一侧来，
会变成这种结果不是显而易见的吗？",translated,卡诺,7caebc57d3,br=0 nl=2,3,
inc/event/res/02/me02_03.txt#246#12,"でも、皆さんがとても辛そうに
していたので……。","可是，我看大家当时
都显得特别痛苦……",translated,依恩,7f0b9b3625,br=0 nl=1,2,
inc/event/res/02/me02_03.txt#247#12,"そうかもしれません。
いまはまだ、居留地域の調整を行っている
最中ですから。","或许确实如此。
因为眼下地文也正处于
调整安置居留区域的过程中。",translated,卡诺,b99f70abc2,br=0 nl=2,3,
inc/event/res/02/me02_03.txt#248#12,……ですが。,……然而。,translated,卡诺,8dc7fdbeb2,br=0 nl=0,1,
inc/event/res/02/me02_03.txt#249#12,"あなたがこちらに連れてきたおかげで、
彼らは見なくても良いものを見せられ、
さらに傷ついたのです。","正因为你把他们带到了这里，
才让他们被迫目睹了本无需见到的丑恶，
受到了更深的伤害。",translated,卡诺,dd390b67fb,br=0 nl=2,3,
inc/event/res/02/me02_03.txt#250#12,その責任をどうとるおつもりですか？,这笔责任，你打算如何承担呢？,translated,卡诺,e642bca0f2,br=0 nl=0,1,
inc/event/res/02/me02_03.txt#251#12,ぅ……そ、れは……。,唔……这、这个……,translated,依恩,a4115a4e78,br=0 nl=0,1,
inc/event/res/02/me02_03.txt#254#12,"パラライノ区長。これでおわかりでしょう。
皇帝候補として本当に無計画で考えなし
なのは、どちらか。","帕拉莱诺区长。现在你明白了吧。
作为皇帝候选人，真正毫无计划、
行事鲁莽不经大脑的究竟是哪一方。",translated,卡诺,0f51986abe,br=0 nl=2,3,
inc/event/res/02/me02_03.txt#255#12,……ッ……。,……呃……！,translated,帕里,53ad5c9162,br=0 nl=0,1,
inc/event/res/02/me02_03.txt#256#12,"まぁ、皇女の素質云々については、
いまここで議論することでもありません。","罢了，关于皇女资质的孰优孰劣，
眼下也没必要在这里争论不休。",translated,卡诺,27f611a051,br=0 nl=1,2,
inc/event/res/02/me02_03.txt#257#12,"とにかく、私はこのコロンを視察し、
この「人災」とも言うべき断線に
立ち向かわねばならないと決意しました。","总而言之，在视察了这座克隆之后，
我已下定决心，
必须全力应对这起堪称“人祸”的断线问题。",translated,卡诺,e42e374320,br=0 nl=2,3,
inc/event/res/02/me02_03.txt#258#12,"あなた方天文側を悔い改めさせ、
この問題を解決に導くまで、私はここに
滞在致します。覚悟していてください。","在让你们天文一方深刻反省悔改、
并引导彻底解决此问题之前，我将一直
驻留于此。请你们做好心理准备。",translated,卡诺,7579e17249,br=0 nl=2,3,
inc/event/res/02/me02_03.txt#260#12,"問題を解決、って、断線を起きなくする
ってこと？　いままで１０年以上も
どうにもならなかったことを？　","解决问题？是指彻底杜绝断线发生吗？
那可是这十多年来
从来没人能解决的事情哦？",translated,帕里,595f311101,br=0 nl=2,3,
inc/event/res/02/me02_03.txt#261#12,"カノン様は奇跡をあらわしたもう、
正統なる皇女様だということだ。
貴様ら天文愚民は、黙って見ていればいい！","这正说明卡诺大人是能显现奇迹的、
正统皇女大人。你们这群天文愚民，
闭上嘴老实看着便是！",translated,库琳,6b0276f425,br=0 nl=2,3,
inc/event/res/02/me02_03.txt#268#12,"さぁ、地文区域に戻るぞ。
カノン様の慈悲に感謝しろ！","走，回地文区域去。
都给我好好感谢卡诺大人的慈悲！",translated,库琳,8ccc7471ff,br=0 nl=1,2,
inc/event/res/02/me02_03.txt#290#12,"気にしないでくださいよ、イオンさま。
向こうの連中は、イオンさまの咲かせた
ビッグフラワーを見て焦っているのです。","请您千万别放在心上，依恩大人。
对面的那帮家伙，无非就是看到依恩大人
绽放的大花朵之后心里干着急罢了。",translated,帕里,20a4263c88,br=0 nl=2,3,
inc/event/res/02/me02_03.txt#291#12,"堂々と構えて、視察をお続けくださいね。
ね！","请您堂堂正正地挺起胸膛，继续视察吧。
好吗！",translated,帕里,95058e5717,br=0 nl=1,2,
inc/event/res/02/me02_03.txt#292#12,は、はぁ……。,啊、啊哈哈……,translated,依恩,c2f1dfe5ea,br=0 nl=0,1,
inc/event/res/02/me02_03.txt#307#12,"はー、すごいわー……。
天文と地文はどこででも仲が悪いけど、
他のコロンじゃここまで過激じゃないわよ？","哈啊，真厉害啊……
虽说天文和地文走到哪儿都合不来，
但在别的克隆可没激烈到这种地步哦？",translated,妮伊,3b2c722add,br=0 nl=2,3,
inc/event/res/02/me02_03.txt#308#12,そうなの？,是这样吗？,translated,依恩,9b25e8e41b,br=0 nl=0,1,
inc/event/res/02/me02_03.txt#309#12,"でも確かに、万寿沙羅でも、
こんなにまで争っていることってなかった……。","不过确实呢，在万寿沙罗的时候，
也没有闹到这种势同水火的地步……",translated,依恩,a762381f56,br=0 nl=1,2,
inc/event/res/02/me02_03.txt#310#12,"ちょっと興味わくよねぇ～……。
ねぇねぇ、地文側のさ、
もっと深いとこへ行ってみない？","稍微勾起人家的兴趣了呢～……
呐呐，要不要去地文那边，
再往更深处走走看？",translated,妮伊,8a0fbf1345,br=0 nl=2,3,
inc/event/res/02/me02_03.txt#311#12,"えっ？　……で、でも危なくないかな、
ちょっと入っただけでもこんなことに
なっちゃったし……。","诶？……可、可是会不会太危险了呀，
刚才只是稍微靠近了一点点，
就变成那种局面了……",translated,依恩,ba49cc3b2a,br=0 nl=2,3,
inc/event/res/02/me02_03.txt#312#12,"だいじょぶだって、
イオンが余計なことしなきゃ！","没事的啦，
只要依恩别再多管闲事就好！",translated,妮伊,daf6a221ac,br=0 nl=1,2,
inc/event/res/02/me02_03.txt#313#12,うぅ……。,呜呜……,translated,依恩,7e9d35f0a5,br=0 nl=0,1,
inc/event/res/02/me02_03.txt#314#12,"カノンが何しようってのか、興味あるのよね。
そうだ、どうせなら地文側の断線した区域に
行くのがいい！","我很想知道卡诺到底打算做什么呢。
对啦，既然要去，干脆去地文那边发生断线的
区域看看最好！",translated,妮伊,661d01bb65,br=0 nl=2,3,
inc/event/res/02/me02_03.txt#315#12,う、その……、やっぱりいまは……。,唔，那个……我看现在还是……,translated,依恩,f4ed6e936a,br=0 nl=0,1,
inc/event/res/02/me02_03.txt#317#12,"ほら行くよ！
あたしもいるから平気だって！　","好啦快走吧！
有我在身边陪着，怕什么嘛！",translated,妮伊,a31d5c9cd8,br=0 nl=1,2,
inc/event/res/02/me02_03.txt#319#12,ぅあ、待って、ネイちゃん！,呜哇，等等我，妮伊！,translated,依恩,7a6c09a579,br=0 nl=0,1,
inc/event/res/02/me02_04.txt#21#12,"くれぐれも目立つようなことはしないでよ？
あくまで自然に振るまって。いい？","千万记住别引人注目哦？
举止一定要自然一些。记住了吗？",translated,妮伊,efc41f81b7,br=0 nl=1,2,
inc/event/res/02/me02_04.txt#22#12,はっ、はい……。,好、好的……,translated,依恩,cd72aaccb5,br=0 nl=0,1,
inc/event/res/02/me02_04.txt#23#12,"ま、天文の皇女がまさか普通に地文の街を
歩いてるとは思わないだろうし。
それに、イオンはジェノムを連れてるからね。","嘛，反正也不会有人想到天文的皇女
居然会大摇大摆走在地文的街上啦。
更何况，依恩身边还跟着杰诺姆呢。",translated,妮伊,ef9bb830c8,br=0 nl=2,3,
inc/event/res/02/me02_04.txt#24#12,"あ、そっか！
地文の人に見えるよね、きっと！
テレくんのおかげだね♪","啊，原来是这样！
看起来肯定很像地文的人对吧！
多亏了小泰呢♪",translated,依恩,74285505fa,br=0 nl=2,3,
inc/event/res/02/me02_04.txt#25#12,きゅう♪,啾♪,translated,泰雷芬肯,d0aaf98e51,br=0 nl=0,1,
inc/event/res/02/me02_04.txt#26#12,"まぁそうね……万寿沙羅での詩魔法を
直接見た人でもない限り、
まず気付かれないと思うけど。","嘛也是呢……除非是亲眼见过
你在万寿沙罗施展诗魔法的人，
否则绝不可能被认出来啦。",translated,妮伊,fefe3f4c1c,br=0 nl=2,3,
inc/event/res/02/me02_04.txt#28#12,"皇女さまのジェノムねぇ……。
にしては、威厳てものがないよねぇ。
ちびだし。","皇女大人的杰诺姆啊……
话说回来，身上可真是一点威严都没有呢。
个头还这么小不点。",translated,妮伊,a3211296d1,br=0 nl=2,3,
inc/event/res/02/me02_04.txt#29#12,"きゅっ！？
きゅうきゅう！！","啾！？
啾啾！！",translated,泰雷芬肯,39a1ba810e,br=0 nl=1,2,
inc/event/res/02/me02_04.txt#30#12,"あはは。ほんとのコト言われたとき、
ヒトは立腹するものよー？
あ、人間じゃないか。ぷぷっ。","啊哈哈。被人戳中痛处的时候，
人可都是会大发雷霆的哟～？
啊，它不是人来着。噗噗。",translated,妮伊,ed3b6dd367,br=0 nl=2,3,
inc/event/res/02/me02_04.txt#31#12,きゅうぅ～……。,啾呜～……,translated,泰雷芬肯,19981d9c85,br=0 nl=0,1,
inc/event/res/02/me02_04.txt#33#12,よしよし。機嫌直して、テレくん？,乖哦乖哦。别生气了，好吗小泰？,translated,依恩,557d3a4d8e,br=0 nl=0,1,
inc/event/res/02/me02_04.txt#34#12,きゅうきゅう♪,啾啾♪,translated,泰雷芬肯,aba0f784dd,br=0 nl=0,1,
inc/event/res/02/me02_04.txt#35#12,"ふン……それにしても、
やっぱりこのあたり隔離区域多いなー。
天文側ってこんなになかったよね？","哼……话虽如此，
这一带的隔离区域果然还是好多啊――
天文那边可没这么多吧？",translated,妮伊,d0bb1930ee,br=0 nl=2,3,
inc/event/res/02/me02_04.txt#36#12,"地文の区長さんが、こちら側にばっかり
断線が起きる、って怒ってたけど……
ホントみたい。","地文的区长先生刚才也愤怒地说过，
断线全都只发生在他们这一侧……
看来是真的呢。",translated,依恩,13d507d8e8,br=0 nl=2,3,
inc/event/res/02/me02_04.txt#37#12,"ね？　これをカノンがどう解決しようってのか、
楽しみでしょ♪
さて、肝心の居所は？　と……。","对吧？面对这种情况卡诺到底打算怎么解决，
真让人期待呢♪
那么，最关键的那家伙的住处在哪儿呢？",translated,妮伊,da9d482461,br=0 nl=2,3,
inc/event/res/02/me02_04.txt#43#12,"じゃじゃーん♪♪
こーかんどシェルノトロン～！！","当当当当♪♪
高感度榭鲁诺特伦――！！",translated,妮伊,df4b1fe61b,br=0 nl=1,2,
inc/event/res/02/me02_04.txt#44#12,"？？　こーかんど……？
普通のと違うの？","？？高感度……？
跟普通的不一样吗？",translated,依恩,2e752a95d0,br=0 nl=1,2,
inc/event/res/02/me02_04.txt#47#12,"これはね、モノに染みついた「想い」を
見ることができるの。","这个呢，能够看到
渗透在物体中的“心念”哦。",translated,妮伊,75e1cf4279,br=0 nl=1,2,
inc/event/res/02/me02_04.txt#48#12,想いを、見る……？,能看到……心念……？,translated,依恩,8db375a163,br=0 nl=0,1,
inc/event/res/02/me02_04.txt#49#12,"そ♪　
モノには何でも、人や動物の想いが入り込むの。","对呀♪
世间的万事万物，都会渗入人类或动物的心念。",translated,妮伊,8ec2b98618,br=0 nl=1,2,
inc/event/res/02/me02_04.txt#50#12,"たとえば、誰かが新しくモノを
作り出したとするわね。","比方说，有人新制作出了
一件物品对吧。",translated,妮伊,35dd538229,br=0 nl=1,2,
inc/event/res/02/me02_04.txt#51#12,"すると、その人が作ったときの気持ちや想いが、
モノ自体に強く染みついて残るわけ。","那么，那个人在制作时的心情与心念，
就会深深烙印在物品本身上留存下来。",translated,妮伊,2b41ab36a8,br=0 nl=1,2,
inc/event/res/02/me02_04.txt#52#12,"それは街の中にあるモノでも同じ。
そのモノが何を見たか、感じたか、っていう
記憶の断片が残ってる。","这跟城镇里的各种物品也是同一个道理。
那件物品曾看到过什么、感受到过什么，
都会残留下一片记忆的残片。",translated,妮伊,fdd3ade9ef,br=0 nl=2,3,
inc/event/res/02/me02_04.txt#53#12,"もちろん、作られたモノほど強く残っては
なくて、数分で消えちゃうんだけど。
たぶん、いまなら間に合う♪","当然啦，残留的程度不如刚制作出的东西强烈，
几分钟就会消散不见。
不过现在去查的话，应该还来得及♪",translated,妮伊,f6d5d0e9bb,br=0 nl=2,3,
inc/event/res/02/me02_04.txt#65#12,"う～ん……。
うぅん……？","唔～……
唔嗯……？",translated,妮伊,9d96d53844,br=0 nl=1,2,
inc/event/res/02/me02_04.txt#67#12,ん……うわぁっ！？,嗯……哇啊啊！？,translated,妮伊,834eae7390,br=0 nl=0,1,
inc/event/res/02/me02_04.txt#68#12,ど、どうしたの！？,怎、怎么了！？,translated,依恩,86a79dad26,br=0 nl=0,1,
inc/event/res/02/me02_04.txt#69#12,犬におしっこかけられた……！,被狗撒了泡尿……！,translated,妮伊,2fd3601fdd,br=0 nl=0,1,
inc/event/res/02/me02_04.txt#70#12,ぅ、ふふ……。,唔、呵呵……,translated,依恩,928b3f149d,br=0 nl=0,1,
inc/event/res/02/me02_04.txt#71#12,うぅ～……。,呜呜～……,translated,妮伊,933fd104a9,br=0 nl=0,1,
inc/event/res/02/me02_04.txt#73#12,"あっ、いた！！
カノンが目の前を走ってった！","啊，找到了！！
卡诺刚才从眼前跑过去了！",translated,妮伊,1c79ef299e,br=0 nl=1,2,
inc/event/res/02/me02_04.txt#77#12,あっ、待ってネイちゃん！,啊，等等我，妮伊！,translated,依恩,f45bca247e,br=0 nl=0,1,
inc/event/res/02/me02_04.txt#106#12,あ、いた、見つけた！　カノンだ！,啊，在呢，找到了！是卡诺！,translated,妮伊,8e5ef56be1,br=0 nl=0,1,
inc/event/res/02/me02_04.txt#107#12,もうひとりは、クーリンさんだね……。,另外一个人，是库琳先生呢……,translated,依恩,1fa590d569,br=0 nl=0,1,
inc/event/res/02/me02_04.txt#108#12,ちょ、隠れて隠れて！,嘘，快躲起来快躲起来！,translated,妮伊,60ba8ba570,br=0 nl=0,1,
inc/event/res/02/me02_04.txt#124#12,"……このような家しかご用意できず
申し訳ありません、カノン様。","……只能为您安排这种住所，
实在非常抱歉，卡诺大人。",translated,库琳,afa759a07d,br=0 nl=1,2,
inc/event/res/02/me02_04.txt#125#12,"以前は高名な博士が住んでいた屋敷で、
このあたりでは一番の物件なのですが……。","这里曾是一位著名博士住过的府邸，
原本是这一带最好的宅邸了，可是……",translated,库琳,606a784e3e,br=0 nl=1,2,
inc/event/res/02/me02_04.txt#126#12,"いまはこのように、
まるで鳥の巣のようになってしまって
おりまして……。","如今却变成了这副模样，
简直就像个巨大的鸟窝一样……",translated,库琳,2b74ae775a,br=0 nl=2,3,
inc/event/res/02/me02_04.txt#127#12,"かまいません。
私はこの家が気に入りました。
夢ノ珠に滞在する間、お借りします。","无妨。
我很中意这间宅邸。
在梦之珠逗留期间，便承蒙借用了。",translated,卡诺,891457a8c4,br=0 nl=2,3,
inc/event/res/02/me02_04.txt#128#12,恐れ入ります……。,您实在太宽厚了……,translated,库琳,0f6b90ee5e,br=0 nl=0,1,
inc/event/res/02/me02_04.txt#129#12,"それにしても、このコロンは本当に
{小鳥が多い}ですね。","话虽如此，这座克隆里还真是
{有很多小鸟}呢。",translated,卡诺,d950d3dea5,br=1 nl=1,2,keep-terms {小鳥が多い}
inc/event/res/02/me02_04.txt#129#14,夢ノ珠では断線によって、いつ重力なくなるか分からないため、犬猫を飼う者は少なく、飼うならば鳥ということがほとんど。空を飛べる鳥ならば、仮に断線が発生したとしても関係ないからである。また夢ノ珠には野鳥も数多く生息している。外敵に襲われ難い空に存在し、かつコロンの建造初期に作られた夢ノ珠は極端に高い高度に存在しないため、鳥たちにとっては楽園ともいえる環境である。<CR>カノンがクーリンによって案内された邸宅は、かつて高名な博士が住んでいた屋敷だったが、現在では鳥たちが住処としている。産卵期ともなれば、多くの鳥たちに囲まれ、夢ノ珠における一つの風物詩ともなっている。,在梦之珠，由于断线的存在，不知何时重力就会消失，因此极少有人饲养猫狗，若要养宠物几乎清一色都是鸟类。因为若是能在空中翱翔的鸟儿，即便遭遇断线也毫无影响。此外梦之珠亦栖息着繁多的野鸟。因其悬浮于不易受外敌袭击的高空，加之作为早期建造的克隆，梦之珠所处的高度并不算极高，对鸟类而言堪称乐园般的生态环境。<CR>库琳引带卡诺前往的宅邸，曾是一位著名博士居住过的府邸，如今却已沦为鸟儿们的栖息筑巢之所。每逢产卵期，宅邸四周便会被不计其数的群鸟环绕，已然成为梦之珠独具特色的风物诗。,translated,卡诺,817fd478a0,<CR> br=0 nl=0,1,keep-tags <CR>; src-longest-line=283
inc/event/res/02/me02_04.txt#130#12,"えぇ、おそらくここまで鳥が多いコロンは
他にないでしょう。","是的，放眼世间鸟类如此繁多的克隆，
恐怕别无二处了吧。",translated,库琳,7e65fa54de,br=0 nl=1,2,
inc/event/res/02/me02_04.txt#131#12,"かの有名な「コロン・フォーシーズン」より
多い自信がありますよ。","我甚至有自信，
这里的鸟比那大名鼎鼎的“克隆四季”还要多。",translated,库琳,ecb6707294,br=0 nl=1,2,
inc/event/res/02/me02_04.txt#132#12,"といっても、それが何か良いわけでは
ありませんが……。","虽说这也谈不上
是什么值得夸耀的好事就是了……",translated,库琳,70b8a49277,br=0 nl=1,2,
inc/event/res/02/me02_04.txt#133#12,"そんなことはありません。小鳥が多いのは
生命が豊かに息づいている証拠。","绝无此事。小鸟众多，
正是生命在此繁茂生息的明证。",translated,卡诺,ddc7f7f19d,br=0 nl=1,2,
inc/event/res/02/me02_04.txt#134#12,"これからも小鳥がのびのびと空を舞い、
人とともに生きてゆける街でありたい
ものですね……。","但愿这里今后也能成为小鸟展翅翱翔、
与人类和谐共处的城镇呢……",translated,卡诺,f61c387c52,br=0 nl=2,3,
inc/event/res/02/me02_04.txt#135#12,"仰るとおりです。
それではカノンさま、私はこれで失礼致します。","您说得极是。
那么卡诺大人，在下便先行告退了。",translated,库琳,8ac13fe279,br=0 nl=1,2,
inc/event/res/02/me02_04.txt#136#12,えぇ、ありがとう。,嗯，辛苦你了。,translated,卡诺,706456065b,br=0 nl=0,1,
inc/event/res/02/me02_04.txt#158#12,"ほっほーう。
カノンはここに住もうってのね？
ちょっと、中のぞいちゃお！","嘿～这样啊。
卡诺打算住在这里吗？
喂，我们偷偷往里面瞧瞧吧！",translated,妮伊,9dd6fe84ed,br=0 nl=2,3,
inc/event/res/02/me02_04.txt#160#12,"だっ、だめだよネイちゃん！
見つかっちゃうよ？
まわりに何もないから、外からも目立つし！","不、不行啦妮伊！
会被发现的呀？
周围什么遮挡都没有，从外面看超显眼的！",translated,依恩,0c3d485ec5,br=0 nl=2,3,
inc/event/res/02/me02_04.txt#161#12,"ふむ、イオンにしてはまともな意見……。
どうしよっかなー……あ！","唔，对依恩来说这意见倒是挺靠谱的……
该怎么办呢～……啊！",translated,妮伊,3ecc0a8a18,br=0 nl=1,2,
inc/event/res/02/me02_04.txt#165#12,"そうだ！　イオン、それ！
ジェノムに、飛んでって見てきてもらおう！","对啦！依恩，就用那个！
让杰诺姆飞过去帮我们看看吧！",translated,妮伊,b3b6e62ec9,br=0 nl=1,2,
inc/event/res/02/me02_04.txt#166#12,きゅ！？,啾！？,translated,泰雷芬肯,6187ae5c42,br=0 nl=0,1,
inc/event/res/02/me02_04.txt#167#12,テレくんが、見てくる……？,让小泰，飞过去看……？,translated,依恩,c0e1f6630c,br=0 nl=0,1,
inc/event/res/02/me02_04.txt#168#12,"イオンがそのドラゴンくんと同調すれば、
そのコが見たものを見たまま
心に伝えてもらえる！","只要依恩和那个小恐龙同调，
它看到什么画面，
就能原封不动地传进你的心里！",translated,妮伊,bf5db6c16f,br=0 nl=2,3,
inc/event/res/02/me02_04.txt#169#12,そしたら、あたしたちも危なくないでしょ♪,这样一来，我们也就没有危险了嘛♪,translated,妮伊,cdf7e185bc,br=0 nl=0,1,
inc/event/res/02/me02_04.txt#170#12,"うぅん、でも……。
テレくん、怖くない？","唔，可是……
小泰，你害怕吗？",translated,依恩,fe3ec94816,br=0 nl=1,2,
inc/event/res/02/me02_04.txt#171#12,きゅうきゅう♪,啾啾♪,translated,泰雷芬肯,aba0f784dd,br=0 nl=0,1,
inc/event/res/02/me02_04.txt#172#12,ほら、ドラゴンくんは乗り気みたいよ？,你看，小恐龙好像挺跃跃欲试的嘛？,translated,妮伊,b80b6d0185,br=0 nl=0,1,
inc/event/res/02/me02_04.txt#173#12,イオンだって、ホントは興味あるでしょ～？,其实依恩你自己心里也很好奇吧～？,translated,妮伊,e7a4242d3c,br=0 nl=0,1,
inc/event/res/02/me02_04.txt#174#12,ぅ……それは、そ……う、だけど……。,唔……这、话是这么……说、没错啦……,translated,依恩,c6755c0861,br=0 nl=0,1,
inc/event/res/02/me02_04.txt#175#12,"はい、じゃあ決まり～！
じゃイオン、さっそく同調して♪","好，那就这么决定啦～！
依恩，赶紧进行同调吧♪",translated,妮伊,149aa62460,br=0 nl=1,2,
inc/event/res/02/me02_04.txt#176#12,う、うん……。,嗯、嗯……,translated,依恩,a4e06d2109,br=0 nl=0,1,
inc/event/res/02/me02_04.txt#196#12,イオン。僕の声、聞こえる？,依恩。能听见我的声音吗？,translated,泰雷芬肯,395ca1b522,br=0 nl=0,1,
inc/event/res/02/me02_04.txt#197#12,うん、聞こえるよ。,嗯，听得见哦。,translated,依恩,26864278c1,br=0 nl=0,1,
inc/event/res/02/me02_04.txt#198#12,見えてる？,看得到吗？,translated,泰雷芬肯,a8db3deabe,br=0 nl=0,1,
inc/event/res/02/me02_04.txt#200#12,"あ……すごい、テレくんの見てる景色が
見える！","啊……好厉害，
我能看到小泰眼前的景色了！",translated,依恩,919236d099,br=0 nl=1,2,
inc/event/res/02/me02_04.txt#201#12,大丈夫みたいだね♪,看来很顺利呢♪,translated,泰雷芬肯,4e0375e6b8,br=0 nl=0,1,
inc/event/res/02/me02_04.txt#202#12,"よーし、成功！
じゃあ行ってみよー♪","好嘞，成功！
那就过去瞧瞧吧～♪",translated,妮伊,7daeb2b1cd,br=0 nl=1,2,
inc/event/res/02/me02_04.txt#203#12,"ふふ、わかった。
じゃあイオン、行ってくるね。","呵呵，明白了。
那依恩，我过去咯。",translated,泰雷芬肯,928a18630d,br=0 nl=1,2,
inc/event/res/02/me02_04.txt#204#12,うん、気をつけて……。,嗯，路上小心……,translated,依恩,a38e1af83d,br=0 nl=0,1,
inc/event/res/02/me02_04.txt#219#12,ふわぁ……。,哇啊……,translated,依恩,99da305ad0,br=0 nl=0,1,
inc/event/res/02/me02_04.txt#220#12,どう？　見えた？,怎么样？看得到吗？,translated,妮伊,7a1dd2e89f,br=0 nl=0,1,
inc/event/res/02/me02_04.txt#221#12,"うん……汚れてはいるけど、
立派なお部屋……すごい、暖炉まである！","嗯……虽然有点脏，
但房间好气派……好厉害，居然还有壁炉！",translated,依恩,9f16009b21,br=0 nl=1,2,
inc/event/res/02/me02_04.txt#222#12,"あぁん、そんなことじゃなくて
カノンよ、カノン！","哎呀，别管那些了，
卡诺呢，卡诺在哪儿！",translated,妮伊,3ccaa46068,br=0 nl=1,2,
inc/event/res/02/me02_04.txt#224#12,ん、待って……。,嗯，等一下……,translated,依恩,818c82de59,br=0 nl=0,1,
inc/event/res/02/me02_04.txt#232#12,"きゃー♪　ちゅんちゅんかわいいわねー。
あなた、私を萌え殺すおつもり？
ふぅふぅ、はぁはぁ……。","呀――♪啾啾叫的真是太可爱了。
你们几个，是打算把我给萌死吗？
呼呼，哈啊哈啊……",translated,卡诺,080c1c8f14,br=0 nl=2,3,
inc/event/res/02/me02_04.txt#234#12,いた！？,在吗！？,translated,妮伊,b7be9ab9ef,br=0 nl=0,1,
inc/event/res/02/me02_04.txt#235#12,"……カノンさんが、小鳥さん相手に
お話して……はぁはぁ言ってる……。","……卡诺小姐正对着小鸟说话……
还在哈啊哈啊地喘着气……",translated,依恩,cf271a3ff4,br=0 nl=1,2,
inc/event/res/02/me02_04.txt#236#12,"へっ？　え？
何それ、まさかすっごく面白そうな事に
なってるんじゃないの！？","哈？诶？
搞什么啊，难道是遇到了
超级劲爆的场面吗！？",translated,妮伊,765ed539d7,br=0 nl=2,3,
inc/event/res/02/me02_04.txt#237#12,"小鳥とお話なんて意外すぎて……！！
くそまじめなだけじゃないのね……！！
もっと見てて！","跟小鸟说话也太让人意外了吧……！！
原来她不光是个死脑筋呀……！！
快继续看！",translated,妮伊,981be8059c,br=0 nl=2,3,
inc/event/res/02/me02_04.txt#238#12,"ここはあなたたちの天国なのね。
本当にすてき……。","这里就是你们的天堂呢。
真的太棒了……",translated,卡诺,ac4ad3e0f3,br=0 nl=1,2,
inc/event/res/02/me02_04.txt#239#12,"このコロンを、平和で危険のないコロンに
早く戻してあげたい……あなたたちのためにも！！","真想早点把这座克隆恢复成和平又安全的克隆……
为了你们也是！！",translated,卡诺,c7f1c8c99a,br=0 nl=1,2,
inc/event/res/02/me02_04.txt#240#12,"あぁっ、それにしても
なんてキュートなのかしら……。","啊啊，不过话说回来，
怎么会这么可爱呢……",translated,卡诺,aa643cf5bc,br=0 nl=1,2,
inc/event/res/02/me02_04.txt#252#12,……どうぞ。,……请进。,translated,卡诺,96ebd4873f,br=0 nl=0,1,
inc/event/res/02/me02_04.txt#265#12,"あ……誰かが入ってきた……
ッ！　グレイコフさん……！","啊……有人进来了……
啊！是古雷柯夫先生……！",translated,依恩,9c6f6b13de,br=0 nl=1,2,
inc/event/res/02/me02_04.txt#268#12,"（グレイコフさん、あれからもずっと
カノンさんと一緒だったんだ）","（古雷柯夫先生，在那之后也一直
和卡诺小姐在一起呢）",translated,依恩,5856e8f97a,br=0 nl=1,2,
inc/event/res/02/me02_04.txt#269#12,"（キャスちゃんのこと、話をしたいって
思ってた……今度、直接会えたら……）","（关于凯斯的事，我本来还想跟他聊聊……
下次如果能直接见到的话……）",translated,依恩,c9deb719ba,br=0 nl=1,2,
inc/event/res/02/me02_04.txt#271#12,"カノン様、失礼致します。
地文派の者たちが、カノン様にどうしても
激励を申し上げたいと。","卡诺大人，打扰了。
地文派的人无论如何都想向卡诺大人
当面表达激励之意。",translated,古雷柯夫,962f385a5b,br=0 nl=2,3,
inc/event/res/02/me02_04.txt#272#12,"そうですか。
入っていただいてかまいません。","是这样吗。
让他们进来无妨。",translated,卡诺,34986ec28b,br=0 nl=1,2,
inc/event/res/02/me02_04.txt#273#12,は……。,遵命……,translated,古雷柯夫,9c3da97bb2,br=0 nl=0,1,
inc/event/res/02/me02_04.txt#283#12,"カノン様！　カノン様はこのコロンの
断線をきっと解決すると……
こう仰られたそうですね！","卡诺大人！我们听说了，
卡诺大人必定会彻底解决
这座克隆的断线问题……！",translated,男子Ａ,d41fd80c7b,br=0 nl=2,3,
inc/event/res/02/me02_04.txt#284#12,"我々、感激致しました！
ありがとうございます、カノン様！","我们实在太感动了！
万分感谢您，卡诺大人！",translated,男子Ｂ,5d18b6af3a,br=0 nl=1,2,
inc/event/res/02/me02_04.txt#285#12,"カノン様が、あの生意気な天文派に
天誅を加えてくださる！","卡诺大人一定会替我们
向那群狂妄的天文派降下天谴的！",translated,男子Ｃ,0e8aa334d9,br=0 nl=1,2,
inc/event/res/02/me02_04.txt#286#12,"カノン様、よろしくお願い致します！
私たちが安心して夢ノ珠に住み続けられるよう、
なにとぞ！","卡诺大人，就拜托您了！
为了能让我们安心地在梦之珠继续住下去，
务必拜托您了！",translated,男子Ｂ,d5b15e08e3,br=0 nl=2,3,
inc/event/res/02/me02_04.txt#287#12,"断線が無くなったあかつきには
私どもでカノン様の像をお造りし、
末長くお祀りさせていただきます！","等断线彻底根除的那一天，
我们一定会为您塑立雕像，
永世供奉敬拜！",translated,男子Ａ,34fae456fd,br=0 nl=2,3,
inc/event/res/02/me02_04.txt#288#12,それはやめてください。,那大可不必。,translated,卡诺,0f485971b3,br=0 nl=0,1,
inc/event/res/02/me02_04.txt#289#12,そ、そうですか……？,这、这样吗……？,translated,男子Ａ,3b92c290a1,br=0 nl=0,1,
inc/event/res/02/me02_04.txt#290#12,"……みなさんが私を支持して
くださっていること、よくわかりました。
ありがとう。","……大家对我的支持与信任，
我都十分清楚了。
谢谢你们。",translated,卡诺,8325ea05b5,br=0 nl=2,3,
inc/event/res/02/me02_04.txt#291#12,"もちろんです！
いまはビッグフラワーの一件で
天文の皇女がもてはやされていますが……。","那是当然的！
如今虽说因为大花朵那一件事，
天文的皇女正被捧上了天……",translated,男子Ｃ,74aa97551e,br=0 nl=2,3,
inc/event/res/02/me02_04.txt#292#12,"あんなもの、カノン様からすれば
大したことありませんよね！？","但那种把戏，在卡诺大人面前
根本不值一提对吧！？",translated,男子Ｃ,131c1ea1d7,br=0 nl=1,2,
inc/event/res/02/me02_04.txt#293#12,"カノン様がこのコロンの断線を解決して
くださる方が、よっぽどすごいこと
なんですから！","卡诺大人能解决这座克隆的断线问题，
可比那个了不起太多了！",translated,男子Ｂ,cc7a5dd7df,br=0 nl=2,3,
inc/event/res/02/me02_04.txt#295#12,……無論です。,……那是自然。,translated,卡诺,b2dbdedb51,br=0 nl=0,1,
inc/event/res/02/me02_04.txt#296#12,"さぁ、もう良いだろう。
カノン様は視察でお疲れのところ、
お前たちに時間を割いてくださったのだ。","好了，差不多该适可而止了。
卡诺大人刚视察归来十分疲惫，
特地抽时间接见了你们。",translated,古雷柯夫,afc62be721,br=0 nl=2,3,
inc/event/res/02/me02_04.txt#297#12,"申し上げることは済んだろう、
そろそろ御前を退け。","该说的话也说完了，
赶紧从尊前退下吧。",translated,古雷柯夫,5cfe0e1000,br=0 nl=1,2,
inc/event/res/02/me02_04.txt#298#12,は、それでは……。,是，那我们告退了……,translated,男子Ａ,ec76e15a06,br=0 nl=0,1,
inc/event/res/02/me02_04.txt#321#12,あなた！,谁在那里！,translated,卡诺,b7f97fa4fb,br=0 nl=0,1,
inc/event/res/02/me02_04.txt#323#12,きゃっ！？,呀啊！？,translated,依恩,61dd7adbe6,br=0 nl=0,1,
inc/event/res/02/me02_04.txt#324#12,見つかった！？,被发现了！？,translated,妮伊,578a3ed2c7,br=0 nl=0,1,
inc/event/res/02/me02_04.txt#325#12,誰か、あの竜をつかまえて！,来人，抓住那条龙！,translated,卡诺,5472bfcf22,br=0 nl=0,1,
inc/event/res/02/me02_04.txt#326#12,やばい、逃げよう！,糟了，快逃！,translated,妮伊,5f6ef1809b,br=0 nl=0,1,
inc/event/res/02/me02_04.txt#327#12,テレくん、急いで戻って！,小泰，快点回来！,translated,依恩,cc4d743d4c,br=0 nl=0,1,
inc/event/res/02/me02_05.txt#25#12,"はぁはぁ……あー、どーなることかと
思ったぁ！","呼，哈啊哈啊……啊――还以为
这次要彻底完蛋了呢！",translated,妮伊,3d07217848,br=0 nl=1,2,
inc/event/res/02/me02_05.txt#26#12,きゅう、きゅう……。,啾，啾……,translated,泰雷芬肯,af4583a3b7,br=0 nl=0,1,
inc/event/res/02/me02_05.txt#27#12,"はぁ、はぁ……ごめんね、テレくん……
怖い思いさせちゃって……。","哈啊，哈啊……对不起哦小泰……
让你受惊了……",translated,依恩,a686bb4760,br=0 nl=1,2,
inc/event/res/02/me02_05.txt#29#12,"うぅ～ん、期待したようなコトは何も
わかんなかったなー……。","唔～嗯，预想中的情报可是一点都
没打听到呢～……",translated,妮伊,f56ac9d01b,br=0 nl=1,2,
inc/event/res/02/me02_05.txt#30#12,きゅうぅ～……。,啾呜～……,translated,泰雷芬肯,19981d9c85,br=0 nl=0,1,
inc/event/res/02/me02_05.txt#46#12,"イ、イオンさま！
ようやくお会いできました、
すぐ、私と一緒においでください！","依、依恩大人！
终于找到您了，
请立刻随我来一趟！",translated,帕里,76ace87657,br=0 nl=2,3,
inc/event/res/02/me02_05.txt#47#12,えっ、……え？,诶，……诶？,translated,依恩,baf5c983d4,br=0 nl=0,1,
inc/event/res/02/me02_05.txt#48#12,"いま{チューブ・カンパニー}の
ネプツール社長が夢ノ珠にお越しなんです。
イオンさまに会いに来た、と。","{管体公司}的尼普楚尔社长
如今正亲临梦之珠。
说是想要见依恩大人一面。",translated,帕里,41eb840eed,br=1 nl=2,3,keep-terms {チューブ・カンパニー}
inc/event/res/02/me02_05.txt#48#14,シェルノトロンのシェア７０％を占めるラシェーラ最大企業。正式名称はＴｚチューブ・カンパニーだが、カンパニーと省略されることも少なくない。<CR>Ｔｚチューブ・カンパニーの創設者であり、最高経営責任者でもあるネプツールが天文から離脱した際に立ち上げた会社であり、わずか一代でラシェーラ最大の企業へ成長させた。<CR>企業としての成長にはネプツール自身の経営手腕もあったが、もう一人、ネプツールと共に会社を立ち上げた人物がいるが、現在はカンパニーに籍を置いていない。一般に流通しているシェルノトロンから、まだ発売前の最新式シェルノトロンの研究など、真空管事業においてＴｚチューブ・カンパニーに並ぶ企業は存在しない。,占据榭鲁诺特伦70%市场份额的拉榭拉最大企业。正式名称为Tz管体公司，但也常被简称为管体公司。<CR>由Tz管体公司的创始人兼首席执行官尼普楚尔在脱离天文时创立，仅凭一代人之力便将其发展为拉榭拉最大的企业。<CR>虽然企业的成长离不开尼普楚尔自身的经营手腕，但另有一位与尼普楚尔一同创立公司的人物，如今已不在管体公司任职。从市面上流通的普通榭鲁诺特伦，到尚未发售的最新型榭鲁诺特伦的研究，在真空管行业中没有任何企业能与Tz管体公司比肩。,translated,帕里,a17f9f8915,<CR> <CR> br=0 nl=0,1,keep-tags <CR>; src-longest-line=305
inc/event/res/02/me02_05.txt#49#12,"もうかなりお待たせしているのです、
さ、早く！","已经让社长等了相当久了，
走，我们快走！",translated,帕里,9cc299570c,br=0 nl=1,2,
inc/event/res/02/me02_05.txt#50#12,"パ、パリーさん、待ってください……
チューブ・カンパニー……って？","帕、帕里先生，请等一下……
管体公司……是指？",translated,依恩,98b6ab08b6,br=0 nl=1,2,
inc/event/res/02/me02_05.txt#51#12,"なっ……！？
チューブ･カンパニーをご存知ない……！？","什……！？
您竟然连管体公司都不知道……！？",translated,帕里,dd53a97a5e,br=0 nl=1,2,
inc/event/res/02/me02_05.txt#52#12,"皇女さまはぁ～♪
シモジモのこと～なぁど～♪
しりぃ～ませぇ～ん♪","皇女大人她～♪
对下凡民间的俗事～呀～♪
一～概～不～知～晓～♪",translated,妮伊,d3f0052f2f,br=0 nl=2,3,
inc/event/res/02/me02_05.txt#53#12,なにアンタ……？,你这丫头算哪根葱啊……？,translated,帕里,647747b46c,br=0 nl=0,1,
inc/event/res/02/me02_05.txt#54#12,さぁ？,谁知道呢？,translated,妮伊,1fae4a9d67,br=0 nl=0,1,
inc/event/res/02/me02_05.txt#55#12,げほ、ごほん……イオンさま。,咳咳，咳嗯……依恩大人。,translated,帕里,456a96d7e3,br=0 nl=0,1,
inc/event/res/02/me02_05.txt#56#12,"チューブ･カンパニーはシェルノトロンの
管理・運営会社です。","管体公司是负责榭鲁诺特伦的
管理与运营公司。",translated,帕里,094cab3fec,br=0 nl=1,2,
inc/event/res/02/me02_05.txt#57#12,"シェア70%を誇っていて、
一企業にもかかわらずコロンをまるごと
所有していたりする超・優良大企業……。","它坐拥70%的市场份额，
虽说只是一家企业，却直接坐拥一整座克隆，
属于超级顶级的巨头企业……",translated,帕里,753f2c6a57,br=0 nl=2,3,
inc/event/res/02/me02_05.txt#58#12,"逆らえばこの世界では暮らしてゆけません！
ちょうど、ここの地文派のようにね。","要是敢跟他们作对，在这个世界里就混不下去了！
就像这里的地文派一样。",translated,帕里,d554b06bcf,br=0 nl=1,2,
inc/event/res/02/me02_05.txt#59#12,"しかも、このコロンではさらに重要な役割を
担っています。","而且，在这座克隆里，
他们还承担着更为举足轻重的关键角色。",translated,帕里,ba55d33c69,br=0 nl=1,2,
inc/event/res/02/me02_05.txt#60#12,"チューブ･カンパニーは帝国から指定された
唯一の重力メンテナンス会社。","管体公司是帝国指定的
唯一一家重力维护公司。",translated,帕里,c9107aed3d,br=0 nl=1,2,
inc/event/res/02/me02_05.txt#61#12,"夢ノ珠の重力場を作り出している、
私たちの命綱なんです。","维系着梦之珠重力场的运转，
简直就是我们的生命线啊。",translated,帕里,17ebbc7170,br=0 nl=1,2,
inc/event/res/02/me02_05.txt#62#12,"ど、どうしてそんな大会社の社長さんが、
わたしなんか、に……？","为、为什么那么大公司的社长，
会想找我这样的人……？",translated,依恩,1faeeb4169,br=0 nl=1,2,
inc/event/res/02/me02_05.txt#63#12,"も、何言ってるんですかっ！
イオンさまが天文の皇女さまだからです！","哎呀，您在说什么呢！
当然是因为依恩大人是天文的皇女大人啊！",translated,帕里,f973fb8f34,br=0 nl=1,2,
inc/event/res/02/me02_05.txt#64#12,"んでもって、皇女さまだからって
ネプツール社長を待たせたりしちゃ、
私たちが困るんですっ！　さ、早く！！！","话虽如此，就算您是皇女大人，
要是让尼普楚尔社长久等，我们可就难办了！
好啦，快点！！！",translated,帕里,83541e6719,br=0 nl=2,3,
inc/event/res/02/me02_05.txt#65#12,あゎわ、は、はいっ……。,哇哇，好、好的……,translated,依恩,2d474caad2,br=0 nl=0,1,
inc/event/res/02/me02_05.txt#94#12,"どうやら間に合ったみたいね。
待たせた分、機嫌を損ねてないといいけど……。","看来总算赶上了呢。
让社长等了这么久，但愿他没生气才好……",translated,帕里,55b17b5abf,br=0 nl=1,2,
inc/event/res/02/me02_05.txt#95#12,"あのっ、チューブ・カンパニーの社長さんは、
わたしに何のご用が……？","那个，管体公司的社长先生，
找我究竟有什么事呀……？",translated,依恩,4f3e206c8d,br=0 nl=1,2,
inc/event/res/02/me02_05.txt#96#12,"わかりませんっ。
ただ、くれぐれも失礼のないように……。","我哪知道啊。
总之，请您千万别失了礼数……",translated,帕里,f1249a183d,br=0 nl=1,2,
inc/event/res/02/me02_05.txt#97#12,は、はぁ……。,好、好吧……,translated,依恩,c2f1dfe5ea,br=0 nl=0,1,
inc/event/res/02/me02_05.txt#99#12,"パラライノ殿！
そちらがイオナサルさまかね！？","帕拉莱诺阁下！
那位便是依欧娜萨鲁大人吧！？",translated,？？？,e922eba5f4,br=0 nl=1,2,
inc/event/res/02/me02_05.txt#100#12,ネプツール社長！,尼普楚尔社长！,translated,帕里,817140a6c5,br=0 nl=0,1,
inc/event/res/02/me02_05.txt#106#12,"天文の皇女イオナサルさま！
お会いできて光栄ですぞ！","天文的皇女依欧娜萨鲁大人！
能得见尊颜，真是三生有幸啊！",translated,尼普楚尔,876c8309a7,br=0 nl=1,2,
inc/event/res/02/me02_05.txt#107#12,は、はじめまして……。,初、初次见面……,translated,依恩,e1d2c3f70c,br=0 nl=0,1,
inc/event/res/02/me02_05.txt#109#12,"チューブ･カンパニー社長、
ネプツールです。","我是管体公司的社长，
尼普楚尔。",translated,尼普楚尔,a0f75fa3c6,br=0 nl=1,2,
inc/event/res/02/me02_05.txt#110#12,"あなたが夢ノ珠においでだと聞き、
わざわざこうして参上した次第です。","听闻您驾临梦之珠，
鄙人特意赶来拜会。",translated,尼普楚尔,e1534ac896,br=0 nl=1,2,
inc/event/res/02/me02_05.txt#111#12,"途中の列車からも拝見できましたぞ、
万寿沙羅のビッグフラワー！
あれは見事なものだ、美しい！","在半路的列车上我也亲眼拜见过了，
万寿沙罗的大花朵！
那可真是太壮观、太美丽了！",translated,尼普楚尔,6f6171f70c,br=0 nl=2,3,
inc/event/res/02/me02_05.txt#112#12,ど、どうも、ありがとうございます……。,谢、谢谢您的夸奖……,translated,依恩,c77a159d8e,br=0 nl=0,1,
inc/event/res/02/me02_05.txt#113#12,"あれほどの詩魔法を紡げるとは、
皇帝争いの行く末は決まったようなものですな。
すばらしい力だ。","能编织出那等惊世的诗魔法，
这皇位之争的胜负可谓已成定局啦。
多么非凡的力量啊。",translated,尼普楚尔,b7c74c9ca0,br=0 nl=2,3,
inc/event/res/02/me02_05.txt#114#12,"見慣れない形の花でしたが、
何という名の花ですかな？","那是种平时极少见到的花卉呢，
敢问叫什么名字啊？",translated,尼普楚尔,e10082654d,br=0 nl=1,2,
inc/event/res/02/me02_05.txt#115#12,あれは、「ハス」っていいます……。,那个……叫做“莲花”……,translated,依恩,476e6599ad,br=0 nl=0,1,
inc/event/res/02/me02_05.txt#116#12,"聞いたことのない花ですなぁ。
植物部門の学者に調べさせてみますかな。","还真是从未听闻过的花名呢。
回头我让植物部门的学者好好考证一番吧。",translated,尼普楚尔,b01ab9e8aa,br=0 nl=1,2,
inc/event/res/02/me02_05.txt#117#12,"あの、ネプツールさん。
どうしてわざわざ、わたしなんかに
会いに来られたんですか？","那个，尼普楚尔先生。
请问您特意来见我，
是有什么事情吗？",translated,依恩,40829ba170,br=0 nl=2,3,
inc/event/res/02/me02_05.txt#118#12,"わはは、そうそう！
どうも私は、嬉しくなると本題を見失ってしまう。","哇哈哈，瞧我这记性！
我这个人一高兴起来，就容易把正事给忘了。",translated,尼普楚尔,ee629e8058,br=0 nl=1,2,
inc/event/res/02/me02_05.txt#119#12,"今回参ったのはですな、イオナサルさまを
我がチューブ･カンパニーに賓客として
お迎えしたいからなのです。","鄙人此次前来，
是想以贵宾之礼将依欧娜萨鲁大人
迎入我管体公司好生招待啊。",translated,尼普楚尔,519346ae35,br=0 nl=2,3,
inc/event/res/02/me02_05.txt#120#12,"ネプツールさんの会社に……？
どうしてですか？","去尼普楚尔先生的公司……？
为什么呀？",translated,依恩,302fb27de4,br=0 nl=1,2,
inc/event/res/02/me02_05.txt#121#12,"我が社はシェルノトロンの販売と管理を
生業にしております。",敝公司以榭鲁诺特伦的销售与管理为生业。,translated,尼普楚尔,ae34614406,br=0 nl=1,2,
inc/event/res/02/me02_05.txt#122#12,"そしてシェルノトロンはそもそも天文が
開発したもの。天文あっての、
我がチューブ･カンパニーなのです。","而榭鲁诺特伦归根结底是天文开发的产物。
正是有天文的庇荫，
才有我管体公司的今天啊。",translated,尼普楚尔,3a5fdb0fac,br=0 nl=2,3,
inc/event/res/02/me02_05.txt#123#12,"その皇女さまとなれば、
会社としても、また私個人としても、
最高の敬意をもっておもてなししたい。","面对天文的皇女大人，
无论于公于私，
我都希望能以至高敬意好生款待大人。",translated,尼普楚尔,d1de7ca2e5,br=0 nl=2,3,
inc/event/res/02/me02_05.txt#124#12,"おいでくだされば、
お近づきのしるしにまだ発売前の、
最高グレードのシェルノトロンを献上致しますぞ。","只要大人肯赏光莅临，
作为结交之礼，鄙人愿将尚未发售的、
最高规格的榭鲁诺特伦奉献给您。",translated,尼普楚尔,c9b930cebb,br=0 nl=2,3,
inc/event/res/02/me02_05.txt#125#12,"あなたのような才能と美貌を兼ね備える
高貴な方にこそ、これはふさわしい……。","唯有兼具才华与美貌的
高贵之人，才配得上此等珍品……",translated,尼普楚尔,ed3984134b,br=0 nl=1,2,
inc/event/res/02/me02_05.txt#126#12,あ、あの……わたし、別にそういうのは……。,那、那个……其实我并不怎么需要那种东西……,translated,依恩,a64527f6c2,br=0 nl=0,1,
inc/event/res/02/me02_05.txt#127#12,"ええっ！？
イオン、それってすごいコトだよ！？
ねね、もらいに行こうよ！","诶诶！？
依恩，那可是天大的好事啊！？
呐呐，我们去拿嘛！",translated,妮伊,d2be27b2ca,br=0 nl=2,3,
inc/event/res/02/me02_05.txt#128#12,"あたしも一緒に行くぅ！
そのシェルノトロン見たいし！","我也要一起去！
我也想见识见识那个榭鲁诺特伦！",translated,妮伊,3863b01ba5,br=0 nl=1,2,
inc/event/res/02/me02_05.txt#129#12,で、でも……。,可、可是……,translated,依恩,eadd5804cd,br=0 nl=0,1,
inc/event/res/02/me02_05.txt#131#12,"皇位継承の儀の期間、皇帝候補に対する
シェルノトロンの贈与は禁止されています。","在皇位继承仪式期间，
严禁向皇帝候选人赠送榭鲁诺特伦。",translated,库琳,4c887eab3e,br=0 nl=1,2,
inc/event/res/02/me02_05.txt#143#12,お忘れですか？　ネプツール社長。,难道您忘了吗？尼普楚尔社长。,translated,库琳,814b4056a1,br=0 nl=0,1,
inc/event/res/02/me02_05.txt#144#12,ちょっと、なんであなた達がここにいるの！？,喂，怎么你们也跑这儿来了！？,translated,帕里,45d0dbcd77,br=0 nl=0,1,
inc/event/res/02/me02_05.txt#145#12,"こんな高い場所で、ものものしい警備を
従えて騒いでいれば、何事かと見に来るのは
あたりまえでしょう。","在这种高处带着戒备森严的人马大吵大闹，
我们来看看发生了什么事，
也是理所当然的吧。",translated,库琳,e203e754cc,br=0 nl=2,3,
inc/event/res/02/me02_05.txt#146#12,くっ……。,可恶……,translated,帕里,eca6a86bf0,br=0 nl=0,1,
inc/event/res/02/me02_05.txt#147#12,"ネプツール社長はイオナサル皇女を
カンパニーへお連れになるとか……。","听闻尼普楚尔社长要把依欧娜萨鲁皇女
带回公司去……",translated,库琳,b3da82acc9,br=0 nl=1,2,
inc/event/res/02/me02_05.txt#148#12,"その瞬間、私は当局にその旨、
通報せねばなりません。不正の疑いあり、と。","真发生那种事的话，我可就必须立刻向当局举报，
告发你们有行贿舞弊之嫌了。",translated,库琳,423c29440b,br=0 nl=1,2,
inc/event/res/02/me02_05.txt#149#12,"当局はあなた方より早くカンパニーへ到着し、
出迎えてくれることでしょう。
逮捕状を用意してね。","想必当局会比你们更早抵达公司，
恭候你们的大驾吧。
带着逮捕令呢。",translated,库琳,9bc59d3e93,br=0 nl=2,3,
inc/event/res/02/me02_05.txt#150#12,"普段ろくに仕事しないくせに、
こういうときだけ大将ヅラして、最低！","平时明明不怎么好好干活，
偏偏这种时候摆出一副大长官的架子，差劲！",translated,帕里,1ff804ba9c,br=0 nl=1,2,
inc/event/res/02/me02_05.txt#151#12,"平時ならいざ知らず、
いまは皇帝陛下カノン様がおいでなのだ。
どんな些細なことでも見逃すわけにはいかない。","若是平日也就罢了，
如今可是有皇帝陛下卡诺大人在此巡幸。
任何蛛丝马迹都绝不能放过。",translated,库琳,acfbfe084d,br=0 nl=2,3,
inc/event/res/02/me02_05.txt#152#12,"ほほう！　地文のカノイール皇女も
いまこのコロンにいらっしゃると！
ふたりの皇女がともに揃うとは……！","哦哦！地文的卡诺伊尔皇女
眼下也在这座克隆之中吗！
两位皇女居然齐聚一堂……！",translated,尼普楚尔,8c192696eb,br=0 nl=2,3,
inc/event/res/02/me02_05.txt#153#12,"夢ノ珠は世界に自慢すべきだな。
せっかくだからカノン様にも
ご挨拶したいのだが、取り次いで頂けるかな？","这真是足以令梦之珠举世闻名啊。
难得来一趟，我也想向卡诺大人请个安，
不知能否劳烦引见一番？",translated,尼普楚尔,0825e07f5f,br=0 nl=2,3,
inc/event/res/02/me02_05.txt#154#12,"あぁ君、地文側の長だね？
この世界で最も巨大な企業のトップとして、
是非君にお願いしよう。","啊，阁下便是地文一侧的长官吧？
作为这世上最庞大企业的龙头霸主，
鄙人在此恳请您行个方便。",translated,尼普楚尔,7d4bbc5ef0,br=0 nl=2,3,
inc/event/res/02/me02_05.txt#155#12,"ふっ……お断りします。
カノン様をあなたのような穢れた者と
会わせるわけにはいかない。","哼……我拒绝。
我绝不可能让卡诺大人
与你这等污秽之人会面。",translated,库琳,65815bbf82,br=0 nl=2,3,
inc/event/res/02/me02_05.txt#156#12,なっ……ぐっ……。,什……咕……！,translated,尼普楚尔,32d4296ae3,br=0 nl=0,1,
inc/event/res/02/me02_05.txt#157#12,"……そちらが拒むと言うのであれば止むをえまい。
私は天文地文の分けへだてなく
親交を深めたいだけなのだが……。","……既然阁下执意拒绝，那也休怪我不客气了。
我本想着不分天文地文、
好好深交一番的……",translated,尼普楚尔,c9a7443598,br=0 nl=2,3,
inc/event/res/02/me02_05.txt#158#12,"この仕打ち、決して忘れんからな。
……この場はこれで失礼する。","今天这番屈辱，我绝不会忘记。
……今日就此告辞了。",translated,尼普楚尔,67454a2c79,br=0 nl=1,2,
inc/event/res/02/me02_05.txt#160#12,"……イオナサルさま、今日は邪魔が入りましたが、
私は常にあなたさまのお味方ですぞ。","……依欧娜萨鲁大人，今天虽被旁人搅了兴致，
但我将永远誓死效忠于您。",translated,尼普楚尔,a7bd8ff89a,br=0 nl=1,2,
inc/event/res/02/me02_05.txt#161#12,"気が変わりましたらいつでもご連絡を。
何処へでも駆けつけますゆえ。","大人何时改变了主意，请随时联系我。
无论天涯海角我都会火速赶来。",translated,尼普楚尔,7910d46cb3,br=0 nl=1,2,
inc/event/res/02/me02_05.txt#163#12,あ、は、はい……。,啊，好、好的……,translated,依恩,8c5b0c5f30,br=0 nl=0,1,
inc/event/res/02/me02_05.txt#177#12,あーあ、行っちゃった……。,啊～啊，走掉了……,translated,妮伊,cf7ee30f8d,br=0 nl=0,1,
inc/event/res/02/me02_05.txt#179#12,ねね、今度あらためて電話してみようよ！,呐呐，下次我们再悄悄打电话过去吧！,translated,妮伊,75dede11ea,br=0 nl=0,1,
inc/event/res/02/me02_05.txt#180#12,でも、不正だって……良くないんでしょ？,可是，刚才不是说了算违规吗……不行吧？,translated,依恩,0cf1602678,br=0 nl=0,1,
inc/event/res/02/me02_05.txt#181#12,"なぁに細かいこと気にしてんのよぅ！
だいじょぶだいじょぶ、バレないように
こっそり、ね？","干嘛在意那种鸡毛蒜皮的小事啦！
没事的没事的，只要小心别穿帮，
偷偷去拿就好啦？",translated,妮伊,4d5e977c12,br=0 nl=2,3,
inc/event/res/02/me02_05.txt#187#12,"げふんごふん。
……イオナサル皇女。","咳咳，咳嗯。
……依欧娜萨鲁皇女。",translated,库琳,e6bd0a14d5,br=0 nl=1,2,
inc/event/res/02/me02_05.txt#190#12,えっ、あ、はい。,诶，啊，在。,translated,依恩,0b7420ece8,br=0 nl=0,1,
inc/event/res/02/me02_05.txt#191#12,カノイール皇帝陛下があなたをお呼びです。,卡诺伊尔皇帝陛下传召于您。,translated,库琳,c7264251a6,br=0 nl=0,1,
inc/event/res/02/me02_05.txt#192#12,"えっ！？
カ、カノンさんが……？","诶！？
卡、卡诺小姐找我……？",translated,依恩,6af662cf09,br=0 nl=1,2,
inc/event/res/02/me02_05.txt#193#12,我々とともに来ていただきたい。,请随我们来一趟吧。,translated,库琳,a2b0f5fd7f,br=0 nl=0,1,
inc/event/res/02/me02_05.txt#195#12,"どっ、どうしよネイちゃん！
きっと、お部屋をこっそり覗いたのが
バレちゃったんだよぅ！","怎、怎么办呀妮伊！
肯定是我们刚才偷窥房间的事情
被她给发现啦！",translated,依恩,2a4982b3d6,br=0 nl=2,3,
inc/event/res/02/me02_05.txt#196#12,"だいじょぶだって♪
見られたのはドラゴンくんで、
あたしたちじゃないし！","没事的啦♪
被看见的又不是我们，
是小恐龙嘛！",translated,妮伊,e195657657,br=0 nl=2,3,
inc/event/res/02/me02_05.txt#197#12,そうかもしれないけどっ……。,话是这么说没错啦……,translated,依恩,4d96a07709,br=0 nl=0,1,
inc/event/res/02/me02_05.txt#198#12,"どーんと構えてれば、
取って喰われたりしないって♪","只要大摇大摆地走过去，
她又不会吃了你♪",translated,妮伊,34563ad0d5,br=0 nl=1,2,
inc/event/res/02/me02_05.txt#199#12,うぅ、ん……。,呜，嗯……,translated,依恩,2a6ef9fad0,br=0 nl=0,1,
inc/event/res/02/me02_05.txt#200#12,"あの、もし行かれるのでしたら、
万が一のことがあってはいけません。
護衛の者を用意致します。","那个，如果您真要去的话，
万一发生什么意外可就麻烦了。
我为您安排护卫吧。",translated,帕里,38d6112f64,br=0 nl=2,3,
inc/event/res/02/me02_05.txt#201#12,"いや。今回はイオナサルさまおひとりで
いらして欲しいとの仰せなので、そのように。","不必了。大人吩咐过，
这次希望依欧娜萨鲁大人独自前往，
照办便是。",translated,库琳,88b0ec5532,br=0 nl=1,2,
inc/event/res/02/me02_05.txt#202#12,"はぁっ！？
私は天文の責任者よ！？
その方針に口を出すなんて、内政干渉よ！","哈啊！？
我才是天文的最高负责人哦！？
干涉我的方针，简直就是内政干涉！",translated,帕里,b7211adcc9,br=0 nl=2,3,
inc/event/res/02/me02_05.txt#203#12,"カノン様の強いご希望なのだ。
そちらがどうしてもというなら、
こちらも相応の対処をさせてもらうが。","这是卡诺大人的强烈意愿。
若你们非要坚持派人，
那我们也只好采取相应的手段应对了。",translated,库琳,92a74b5fd8,br=0 nl=2,3,
inc/event/res/02/me02_05.txt#204#12,なんですって！？,你说什么！？,translated,帕里,e0c08ebb37,br=0 nl=0,1,
inc/event/res/02/me02_05.txt#205#12,"まっ、待ってください！
そんな、大変なことになるんなら……
わたし、ひとりで行きます。","等等，请等一下！
要是闹得那么不可收拾的话……
我自己一个人去就好啦。",translated,依恩,a28cccc2b6,br=0 nl=2,3,
inc/event/res/02/me02_05.txt#206#12,イオンさま！？,依恩大人！？,translated,帕里,160894a437,br=0 nl=0,1,
inc/event/res/02/me02_05.txt#207#12,"大丈夫ですから。カノンさん、
わたしに何かお話があるだけなんですよ、
きっと。","没关系的啦。卡诺小姐她，
肯定只是有些话想跟我聊聊而已啦，
一定是这样的。",translated,依恩,974bf82605,br=0 nl=2,3,
inc/event/res/02/me02_05.txt#208#12,"パリーさん、イオンもこう言ってるし、
さっさと行かせてあげましょ♪
あたしもついてるから大丈夫！","帕里先生，依恩都这么说了，
就快点让她去吧♪
有我陪着呢，没事的啦！",translated,妮伊,c46eb60e84,br=0 nl=2,3,
inc/event/res/02/me02_05.txt#209#12,あっ、ネイちゃんもお留守番だよ。,啊，妮伊也要留下来看家哦。,translated,依恩,f96929132a,br=0 nl=0,1,
inc/event/res/02/me02_05.txt#210#12,えぇっ！？,诶诶！？,translated,妮伊,7ebec1c9d2,br=0 nl=0,1,
inc/event/res/02/me02_05.txt#211#12,"ネイちゃんが一緒だったら、ひとりで、に
ならないでしょ？","要是妮伊跟着去的话，
不就不是“独自一人”了吗？",translated,依恩,3539ec81f1,br=0 nl=1,2,
inc/event/res/02/me02_05.txt#212#12,むうぅ～……しょうがないなぁ。,呜～……真拿你没办法呢。,translated,妮伊,33780c66e0,br=0 nl=0,1,
inc/event/res/02/me02_05.txt#213#12,"よろしいですかな？
ではイオナサルさま、こちらへ。","可准备妥当了？
那么依欧娜萨鲁大人，请随我来吧。",translated,库琳,abebd6f4b1,br=0 nl=1,2,
inc/event/res/02/me02_05.txt#214#12,はっ、はい……。,好、好的……,translated,依恩,cd72aaccb5,br=0 nl=0,1,
inc/event/res/02/me02_05.txt#223#12,"……誰か密偵をつけて。
絶対に目を離さないように。","……派个密探跟上去。
绝对不能跟丢了。",translated,帕里,99aa420b27,br=0 nl=1,2,
inc/event/res/02/me02_05.txt#232#12,"……あのコ、ときどき強情よね。
ま、来るなって言われても
行っちゃうんだけど。楽しみぃ♪","……那孩子，有时候还挺倔强的呢。
嘛，就算叫我别去，
我还是会偷偷溜过去的啦。好期待哦♪",translated,妮伊,6d4c3aace5,br=0 nl=2,3,
inc/event/res/02/me02_06.txt#20#12,"（うわぁ…。こういうの、着慣れてないから
　余計に緊張しちゃうよぅ…）","（哇啊……这种正装平时根本穿不惯，
　让人更紧张了啦……）",translated,依恩,97c29a661b,br=0 nl=1,2,
inc/event/res/02/me02_06.txt#22#12,……イオナサルさま。襟が。,……依欧娜萨鲁大人。您的衣领歪了。,translated,库琳,81021a25c1,br=0 nl=0,1,
inc/event/res/02/me02_06.txt#23#12,"はぅっ！　ご、ごめんなさい。
…っしょっと。","哇！对、对不起。
……整理好啦。",translated,依恩,687703ee3d,br=0 nl=1,2,
inc/event/res/02/me02_06.txt#24#12,"…大丈夫ですか？
くれぐれも、カノイール陛下に失礼のないよう、
お願いしますよ。","……真的没问题吗？
请务必留心，切莫在卡诺伊尔陛下尊前
失了礼数。",translated,库琳,f99f56f022,br=0 nl=2,3,
inc/event/res/02/me02_06.txt#25#12,あ、はい……。,啊，好的……,translated,依恩,86ea2bbbab,br=0 nl=0,1,
inc/event/res/02/me02_06.txt#27#12,"（うぅ、さっきもおんなじこと
言われたような気が……）","（呜，感觉刚才也被叮嘱了
差不多一样的话呢……）",translated,依恩,07f13b0054,br=0 nl=1,2,
inc/event/res/02/me02_06.txt#28#12,"（わたし、そんなに何か
やらかしそうに見えるのかなぁ……？）","（我看起来，真的有那么像
会把事情搞砸的人吗……？）",translated,依恩,7a4fe30d18,br=0 nl=1,2,
inc/event/res/02/me02_06.txt#33#12,"グレイコフさん……！
あ、のっ、その……。","古雷柯夫先生……！
那、那个……",translated,依恩,95866f2b77,br=0 nl=1,2,
inc/event/res/02/me02_06.txt#34#12,"……ようこそ、イオナサル皇女。
どうぞ、中へ。","……欢迎，依欧娜萨鲁皇女。
请进吧。",translated,古雷柯夫,166ced9fdb,br=0 nl=1,2,
inc/event/res/02/me02_06.txt#35#12,ぅ……はい、……。,唔……好的……,translated,依恩,e8db6ae0f5,br=0 nl=0,1,
inc/event/res/02/me02_06.txt#54#12,"（綺麗で、落ち着いたお部屋……
なんだかグレイコフさんの雰囲気と
似合ってる感じがする……）","（整洁又沉静的房间……
总觉得跟古雷柯夫先生的气质
挺相称的呢……）",translated,依恩,edf3b376a7,br=0 nl=2,3,
inc/event/res/02/me02_06.txt#56#12,"カノン様がおいでになるまで、
いましばらくお待ちください。","在卡诺大人到来之前，
请您在此稍候片刻。",translated,古雷柯夫,405882fa24,br=0 nl=1,2,
inc/event/res/02/me02_06.txt#57#12,"は、はい……あ、あのっ！
グレイコフさん！","好、好的……啊，那个！
古雷柯夫先生！",translated,依恩,26c5ac96af,br=0 nl=1,2,
inc/event/res/02/me02_06.txt#58#12,何か？,何事？,translated,古雷柯夫,58f83165ef,br=0 nl=0,1,
inc/event/res/02/me02_06.txt#59#12,"その、……キャスちゃんのこと、
なんですが……。",那个，……关于凯斯的事……,translated,依恩,045f4b7a8a,br=0 nl=1,2,
inc/event/res/02/me02_06.txt#60#12,いまはムス……あいつの話をする気はない。,我现在没有心情谈论那个女……那家伙的事。,translated,古雷柯夫,db6fbb3644,br=0 nl=0,1,
inc/event/res/02/me02_06.txt#61#12,あ……。,啊……,translated,依恩,674a8541f0,br=0 nl=0,1,
inc/event/res/02/me02_06.txt#63#12,"（……やっぱり、グレイコフさんはもう
キャスちゃんのこと、何とも思って
ないのかな……）","（……果然，古雷柯夫先生心里
已经完全不在乎凯斯了吗……）",translated,依恩,d92afee82d,br=0 nl=2,3,
inc/event/res/02/me02_06.txt#64#12,"（うぅん、親子だもん。そんなはずない。
……って思うけど……わかんない……）","（不，他们可是亲生父女呀。不可能的。
……我虽然这么想……可我也不明白……）",translated,依恩,905fe1222c,br=0 nl=1,2,
inc/event/res/02/me02_06.txt#65#12,"（でも、せっかくここで会えたんだし、
キャスちゃんと仲直りしてもらえるように
お話できるといいのに……）","（不过，难得在这里遇到他，
要是能好好谈谈，让他们父女和好
那就太好了……）",translated,依恩,9fa7885f60,br=0 nl=2,3,
inc/event/res/02/me02_06.txt#70#12,ごきげんよう。,贵安。,translated,卡诺,daac0db9b8,br=0 nl=0,1,
inc/event/res/02/me02_06.txt#71#12,カノンさん！,卡诺小姐！,translated,依恩,bb92bbe153,br=0 nl=0,1,
inc/event/res/02/me02_06.txt#73#12,"よく来てくれました、
イオナサル・ククルル･プリシェール。
といっても、ここは初めてではないはずね。","欢迎你的到来，
依欧娜萨鲁・库库鲁鲁・普立薛尔。
虽说对你而言，这里应该也不算初次造访了吧。",translated,卡诺,65753ab154,br=0 nl=2,3,
inc/event/res/02/me02_06.txt#74#12,"あなた、ここを偵察していましたよね。
そのジェノムを使って。","你刚才侦察过这里对吧。
借助那个杰诺姆的力量。",translated,卡诺,e9f269b8fa,br=0 nl=1,2,
inc/event/res/02/me02_06.txt#76#12,（ネイちゃん……バレてるよ……）,（妮伊……被人家发现啦……）,translated,依恩,32c0aedf52,br=0 nl=0,1,
inc/event/res/02/me02_06.txt#78#12,"ご、ごめんなさいっ。
その、ちょっとした出来心で……。","对、对不起。
那个，我只是一时鬼迷心窍……",translated,依恩,263093f91e,br=0 nl=1,2,
inc/event/res/02/me02_06.txt#79#12,きゅっ、きゅっ、きゅ……。,啾，啾，啾……,translated,泰雷芬肯,32cef7b16e,br=0 nl=0,1,
inc/event/res/02/me02_06.txt#80#12,"ふ……まぁいいでしょう。
その程度のことでいちいち目くじらを立てて
いたらキリがありませんから。","哼……罢了，无所谓。
若是连这种程度的小事都要斤斤计较，
那可就没完没了了。",translated,卡诺,41fcb85ddd,br=0 nl=2,3,
inc/event/res/02/me02_06.txt#81#12,すみません……。,非常抱歉……,translated,依恩,3c3723c696,br=0 nl=0,1,
inc/event/res/02/me02_06.txt#83#12,"クーリン。グレイコフ。
ありがとう、下がってください。","库琳。古雷柯夫。
辛苦了，你们退下吧。",translated,卡诺,5f72ff65f8,br=0 nl=1,2,
inc/event/res/02/me02_06.txt#89#12,"……さて、お呼び立てしたのはほかでも
ありません。あなたと一度、ふたりきりで
お話をしたかったからです。","……言归正传，此次邀你前来别无他意。
只是想同你单独两个人，
好好聊一聊。",translated,卡诺,2fcfb7d7db,br=0 nl=2,3,
inc/event/res/02/me02_06.txt#93#12,"恐らくこの先、お互いが接触する機会は
どんどん減っていくでしょう。","恐怕往后，我们彼此接触的机会
只会越来越少了吧。",translated,卡诺,e513a54d2d,br=0 nl=1,2,
inc/event/res/02/me02_06.txt#94#12,"帝都民が私たちを遠ざけようとしたり、
互いを敵視するようになったり……
様々な要因で。","帝都市民会试图让我们疏远，
或是挑拨我们彼此敌视……
出于各种各样的因素。",translated,卡诺,ac10178938,br=0 nl=2,3,
inc/event/res/02/me02_06.txt#95#12,わたし、敵視したりしませんっ……！,我、我绝对不会敌视你的……！,translated,依恩,4ecfb15071,br=0 nl=0,1,
inc/event/res/02/me02_06.txt#97#12,"未来は不確定です。根拠のない物言いは
信頼を損ねることになりますよ。","未来充满了不确定性。毫无根据的断言，
只会折损自身的信誉哦。",translated,卡诺,816d27125b,br=0 nl=1,2,
inc/event/res/02/me02_06.txt#98#12,は、はい……すみません。,好、好的……对不起。,translated,依恩,3062765232,br=0 nl=0,1,
inc/event/res/02/me02_06.txt#99#12,"誰にも邪魔されず、
ふたりきりでお話ができるのは、
これが最後になるかもしれません。","不受任何闲杂人等打扰、
唯有我们两人共处的交谈，
说不定仅此一次了。",translated,卡诺,611b1e207e,br=0 nl=2,3,
inc/event/res/02/me02_06.txt#100#12,"であれば、同じ皇女同士、
未来のラシェーラについて語りながら
食事をするのも、良いのではないかしら。","既然如此，同为皇女，
一边畅谈拉榭拉的未来，一边共进餐点，
想来也是极好的吧。",translated,卡诺,61290e233e,br=0 nl=2,3,
inc/event/res/02/me02_06.txt#101#12,"お互いを認め合い、それぞれのビジョンを
分かち合うことで、より真摯な気持ちを
もってこの３年間を競い合える。","彼此认可对方，互相分享各自的愿景，
方能以更加真挚诚恳的态度
在这三年间同台竞技。",translated,卡诺,0ff072eb08,br=0 nl=2,3,
inc/event/res/02/me02_06.txt#102#12,そうは思いませんか？,你不这么认为吗？,translated,卡诺,820986c383,br=0 nl=0,1,
inc/event/res/02/me02_06.txt#103#12,そ、そう……ですね……。,是、是……这样呢……,translated,依恩,70ed595512,br=0 nl=0,1,
inc/event/res/02/me02_06.txt#104#12,"あなたが大変な人見知りなのは
始まりの刻の様子を見てよくわかりました。
とはいえ、あなたとて皇女。","看到你在初始之刻的表现，
我很清楚你生性极为认生羞怯。
然而，即便如此你亦是一国皇女。",translated,卡诺,580cb3fc36,br=0 nl=2,3,
inc/event/res/02/me02_06.txt#105#12,"心の中に秘める理想は高く、
人々への愛は遠大に広がっているはず。","深藏于你心中的理想必定崇高，
对万民的关爱亦定然深远而广阔。",translated,卡诺,b80226bf47,br=0 nl=1,2,
inc/event/res/02/me02_06.txt#106#12,"今日のこの時間は争いを忘れ、
楽しく未来を語ろうではありませんか。","今天这段时光，就让我们抛却纷争，
开开心心地畅谈未来吧。",translated,卡诺,1b07170782,br=0 nl=1,2,
inc/event/res/02/me02_06.txt#107#12,は、はい……。,好、好的……,translated,依恩,47ebd96c0b,br=0 nl=0,1,
inc/event/res/02/me02_06.txt#120#12,"（ふわぁ……おいしそうなお料理……
でもこんな改まったお食事、
正直ニガテ……）","（哇啊……看起来好好吃的料理……
不过这么拘谨的正规宴席，
说实话我真的很不在行……）",translated,依恩,7524d4db5a,br=0 nl=2,3,
inc/event/res/02/me02_06.txt#121#12,"（わっ、
でもこれとかすっごく美味しそう……）","（哇，
不过这个看起来真的超美味的……）",translated,依恩,06792b5c22,br=0 nl=1,2,
inc/event/res/02/me02_06.txt#123#12,"メインディッシュは
テンダーロインステーキの
ハーブソース仕立て。","主菜是搭配香草酱汁的
嫩牛柳牛排。",translated,卡诺,3ec80e9b50,br=0 nl=2,3,
inc/event/res/02/me02_06.txt#124#12,"デザートはショコラーゲンとフルーツの
シャルロットですわ。
お口に合いそうにないかしら？","甜点则是巧克力胶原与水果风味的
夏洛特蛋糕。
不知是否合你的口味呢？",translated,卡诺,de2d37614e,br=0 nl=2,3,
inc/event/res/02/me02_06.txt#125#12,"いっ、いえ、そんなことないですっ。
いただきます！","没、没有，完全合口味！
那我开动啦！",translated,依恩,6a07f73807,br=0 nl=1,2,
inc/event/res/02/me02_06.txt#134#12,……あなたは。,……敢问你。,translated,卡诺,014176efff,br=0 nl=0,1,
inc/event/res/02/me02_06.txt#135#12,はは、はい。,在、在。,translated,依恩,f7888f0a7f,br=0 nl=0,1,
inc/event/res/02/me02_06.txt#138#12,"あなたはこの世界の未来について、
どうあるべきとお考えでしょう？","你认为这个世界的未来，
应当走向何方呢？",translated,卡诺,f1482e9b74,br=0 nl=1,2,
inc/event/res/02/me02_06.txt#139#12,ど、ぅ、あるべ、……っと、その……。,应、该走向……这个，那个……,translated,依恩,f653b5a89a,br=0 nl=0,1,
inc/event/res/02/me02_06.txt#140#12,"そして、そのためにあなた自身が
何を為すべきだと？","并且，为了实现那个目标，
你自身又应当承担怎样的作为呢？",translated,卡诺,854122201d,br=0 nl=1,2,
inc/event/res/02/me02_06.txt#141#12,ぅう……、それはちょっと、……？,呜呜……这个稍微有点……？,translated,依恩,9cc49be6e0,br=0 nl=0,1,
inc/event/res/02/me02_06.txt#142#12,"……ふむ。これは性急に過ぎた
質問だったかもしれません。","……唔。或许这个问题，
对于眼下而言确实有些操之过急了呢。",translated,卡诺,8c4c362fce,br=0 nl=1,2,
inc/event/res/02/me02_06.txt#143#12,"自らの手の内をさらすことに
なりかねませんものね。","毕竟这难免有迫使你
过早亮出自己底牌的嫌疑呢。",translated,卡诺,cb1c5f0c76,br=0 nl=1,2,
inc/event/res/02/me02_06.txt#144#12,そ、そういうわけでは……。,不、不是那个意思啦……,translated,依恩,30745071af,br=0 nl=0,1,
inc/event/res/02/me02_06.txt#145#12,"いいでしょう。それでは私の思うところを
先にお話ししましょう。
それならかまいませんね？","无妨。那么就由我先说说
我自身的见解与主张吧。
这样总没有异议了吧？",translated,卡诺,49f312ee35,br=0 nl=2,3,
inc/event/res/02/me02_06.txt#146#12,は、はい。,嗯、好的。,translated,依恩,eef30d3fcf,br=0 nl=0,1,
inc/event/res/02/me02_06.txt#155#12,"私は、すべての命が分けへだてなく平等に
生きる権利を持ち、お互いを愛することの
できる世界を築きたいと思っています。","我希望构建一个众生平等、
所有生命皆享有不容剥夺的生存权利、
且能够彼此相爱的世界。",translated,卡诺,53495c36fe,br=0 nl=2,3,
inc/event/res/02/me02_06.txt#157#12,"すべての生き物には、
それがなければ奪いあってでも必要とする
ものがいくつもあります。","对于世间万物而言，
都有若干项若不具备、
即便互相争抢亦必须获取之物。",translated,卡诺,9a631e57be,br=0 nl=2,3,
inc/event/res/02/me02_06.txt#158#12,"たとえば水、空気、栄養分……。
まっとうな生活をするには、
それら全要素が揃わなければならない。","诸如水源、空气、养分……
若要维持起码的生存，
所有这些要素缺一不可。",translated,卡诺,5d8735e7e9,br=0 nl=2,3,
inc/event/res/02/me02_06.txt#159#12,"これは人間だけでなく、ジェノムを
はじめとする他の生命すべてに言えることです。","这不仅是对人类而言，对于以杰诺姆
为首的其他所有生命，亦完全同理。",translated,卡诺,d1d9cc57e7,br=0 nl=1,2,
inc/event/res/02/me02_06.txt#160#12,"もちろん、それぞれに価値観は違い、
満足感を得られる基準も異なります。","当然，彼此的价值观各不相同，
获得满足感的基准亦千差万别。",translated,卡诺,ea43da5477,br=0 nl=1,2,
inc/event/res/02/me02_06.txt#161#12,"でも私はそれらすべての立場に立ち、
声を聞き、みなが幸福のうちに生きられる
世界を実現したいのです。","但我立志站在所有生灵的立场之上，
倾听它们的声音，实现一个众生皆能
在幸福之中安居乐业的世界。",translated,卡诺,5268a4c401,br=0 nl=2,3,
inc/event/res/02/me02_06.txt#170#12,"ですが、そのために絶対必要不可欠な
ものを、ラシェーラは失いました。","然而，为了实现这一愿景所不可或缺之物，
拉榭拉世界却已然失落了。",translated,卡诺,036eb92a04,br=0 nl=1,2,
inc/event/res/02/me02_06.txt#171#12,"地文が計画をしている「{セーブ・ベゼル}」
プロジェクトは、それを取り戻すものです。","地文所规划的“{存档贝捷尔}”
项目，正是为了将那份至关重要之物重新夺回。",translated,卡诺,15c83e071e,br=1 nl=1,2,keep-terms {セーブ・ベゼル}
inc/event/res/02/me02_06.txt#171#14,地文が推進するラシェーラ救済計画の名称。<CR>天文が推進しているグランフェニックス計画が、箱舟を作り人のみが脱出する計画であるのに対して、セーブ・ベゼルは、赤色巨星となってしまったラシェーラの太陽ベゼルをジェノムと共に正常化し、今現在のラシェーラを救うため計画である。<CR>セーブ・ベゼルの中心となる人物は地文皇女であるカノンであり、過去に10年に1度と言われるほどのガンマバーストの発生を防いだ実績を持つ。<CR>地文はこの計画の発表と同時に、声帯の潰れている人や声帯域が狭い人たちを無償で助ける政策も発表した。<CR>セーブ・ベゼルと神の子と賞賛されたカノンの登場により、当時、天文全盛だった世界は真っ二つに割れた。,地文所推行的拉榭拉救济计划的名称。<CR>相较于天文所推进的、旨在建造方舟且仅由人类逃离的大凤凰计划，存档贝捷尔则是与杰诺姆携手令已演化为红巨星的拉榭拉太阳贝捷尔恢复正常、从而拯救眼下的拉榭拉世界的计划。<CR>存档贝捷尔的核心人物为地文皇女卡诺，她曾创下成功阻截被誉为十年一遇的伽马射线暴的赫赫功绩。<CR>地文在公布该计划的同时，亦宣布了无偿救助声带受损者及发声音域狭窄者的政策。<CR>随着存档贝捷尔与被誉为神之子的卡诺的登场，当时由天文派全盛的世界格局被彻底一分为二。,translated,卡诺,da16272e5c,<CR> <CR> <CR> <CR> br=0 nl=0,1,keep-tags <CR>; src-longest-line=312
inc/event/res/02/me02_06.txt#172#12,"人々とジェノムが一丸となって詩を謳い、
命の炎尽きかけている我らが太陽、
ベゼルに再び生命の風を吹き込む――","万民与杰诺姆齐心协力吟唱诗歌，
向我们那生命之火即将燃尽的太阳
贝捷尔，重新吹入生命的清风――",translated,卡诺,bba113cb16,br=0 nl=2,3,
inc/event/res/02/me02_06.txt#173#12,"その課程において、人々は互いに協力し、
分かち合い、そして誰もが心の成長を
為し得ていく事でしょう。","在这个历程之中，人们必将彼此协作、
同甘共苦，每一个人的心灵
都将得以升华与成长。",translated,卡诺,e819a396c0,br=0 nl=2,3,
inc/event/res/02/me02_06.txt#174#12,"そして誰もが、生きとし生けるすべての
生命について考え、共存と繁栄の道を
模索するようになるのです。","如此一来，所有人都会开始关照世间
芸芸众生，去摸索一条万物共存与
共同繁荣的光明道路。",translated,卡诺,0f36cb042f,br=0 nl=2,3,
inc/event/res/02/me02_06.txt#175#12,"ですが今、人々はまだその理想的な環境に
入るための準備ができていません。","然而眼下，世人尚未做好
迈入那等理想乐土的准备。",translated,卡诺,a7776a8cbc,br=0 nl=1,2,
inc/event/res/02/me02_06.txt#176#12,"理想から逆行する、深刻な対立を生む
「モノ」を作りだしてしまったが故に、
いまだに心の昇華もできずにいるのです。","正因世人造出了背离理想、
滋生深刻对立的“罪恶之物”，
导致人们的心灵至今仍无法得以升华。",translated,卡诺,355e997204,br=0 nl=2,3,
inc/event/res/02/me02_06.txt#177#12,そ、れって……？,那、那个是……？,translated,依恩,ab6236c95a,br=0 nl=0,1,
inc/event/res/02/me02_06.txt#181#12,もちろん、シェルノトロンのことです。,当然就是指榭鲁诺特伦了。,translated,卡诺,961b624913,br=0 nl=0,1,
inc/event/res/02/me02_06.txt#189#12,"かつてジェノムが果たしていた役割は、
いまやシェルノトロンに完全に
置き換えられてしまいました。","曾经由杰诺姆所维系的功用与使命，
如今已彻彻底底
被榭鲁诺特伦所全盘取代。",translated,卡诺,561ad4f453,br=0 nl=2,3,
inc/event/res/02/me02_06.txt#190#12,"ジェノムの生存はおびやかされ、
人が生命の尊さを感じる機会も、また、
なくなっています。","杰诺姆的生存空间遭受严重蚕食挤压，
而人类去切身体会生命之尊严的机会，
亦随之荡然无存。",translated,卡诺,6042950a32,br=0 nl=2,3,
inc/event/res/02/me02_06.txt#191#12,"たしかに、シェルノトロンによって
人々の生活は楽になり、便利になり、
文明は大いに栄えました。","不可否认，由于榭鲁诺特伦的出现，
人们的生活变得轻松、便利，
文明亦得到了空前的繁荣。",translated,卡诺,bee4da6356,br=0 nl=2,3,
inc/event/res/02/me02_06.txt#192#12,"ですがその裏で、ジェノムの数は急激に
減少しています。","可在这背后，杰诺姆的数量
却在经历着断崖式的骤减。",translated,卡诺,ce723ff88f,br=0 nl=1,2,
inc/event/res/02/me02_06.txt#193#12,"人々はますます楽を覚え、
ジェノムとの付き合いによる精神の鍛錬をやめ、
生活は堕落の一途を辿っている。","人们越发沉溺于坐享其成，
放弃了通过与杰诺姆相处以磨砺精神的修行，
生活日益滑向堕落的深渊。",translated,卡诺,362fb8f411,br=0 nl=2,3,
inc/event/res/02/me02_06.txt#194#12,"人間がそのような状態のまま新しい
パラダイムへ向かうことが、どれほど危険な
ことか……あなたにはわかりますか？","人类若以这副姿态迈向新的时代范式，
究竟会招致多么可怕的灾祸……
你可曾明白？",translated,卡诺,40fc224147,br=0 nl=2,3,
inc/event/res/02/me02_06.txt#198#12,い、いえ……。,不、不知道……,translated,依恩,4a75f57436,br=0 nl=0,1,
inc/event/res/02/me02_06.txt#202#12,"健全な太陽の下で、様々な生命が息づく
世界では……生命の相互理解が何よりも
重要なのです。","在健康的太阳照耀下、各色生命繁衍生息的
世界里……生灵之间的相互理解
比世间任何事物都更为重要。",translated,卡诺,fdde70530f,br=0 nl=2,3,
inc/event/res/02/me02_06.txt#203#12,"新たな環境と自らのあり方をすり合わせて
いかなければ、どんな理想郷であろうと
すぐに滅亡への道を辿る……。","若无法让自身的存在方式与新环境相契合，
不论那是怎样美妙的乌托邦，
都必将在转瞬之间滑向灭亡……",translated,卡诺,1897afb31c,br=0 nl=2,3,
inc/event/res/02/me02_06.txt#204#12,"「セーブ・ベゼル」計画は、そうならぬよう、
人々にパラダイムシフトをうながす場であり、
修練の場でもある。","“存档贝捷尔”计划，正是为了避免重蹈覆辙，
引导世人转变范式的觉醒之所，
亦是一座磨砺心灵的修行之场。",translated,卡诺,4ae9b39ac5,br=0 nl=2,3,
inc/event/res/02/me02_06.txt#205#12,"私は人間を、豊かな生命の一員として
再生させる──。
そのためにいま、ここにいるのです。","我要让人类作为繁茂生命中的一员
重获新生――
为此，我今日方才屹立于此。",translated,卡诺,6aff08c34c,br=0 nl=2,3,
inc/event/res/02/me02_06.txt#209#12,ぁ…………。,啊…………,translated,依恩,507407339a,br=0 nl=0,1,
inc/event/res/02/me02_06.txt#211#12,"（すごい、カノンさん……難しくって
半分もわからないけど、カノンさんの
気持ちは……すごく伝わってくる）","（好厉害，卡诺小姐……虽然太深奥了
我连一半都没听懂，但卡诺小姐的
心意……却无比强烈地传达到了）",translated,依恩,a35560b3ee,br=0 nl=2,3,
inc/event/res/02/me02_06.txt#225#12,"さぁ、私の想いは語りました。
次はあなたが、あなたの理想を語る番です。","好啦，我的心愿已经倾吐完毕了。
接下来该轮到你，畅谈你的崇高理想了。",translated,卡诺,677120485b,br=0 nl=1,2,
inc/event/res/02/me02_06.txt#226#12,"特に、天文の皇女として、シェルノトロンが
どのような未来をもたらすと考えて
いるのか……お聞きしたいですね。","尤其是，作为天文的皇女，
你认为榭鲁诺特伦将会开辟怎样的未来……
我很想洗耳恭听一番呢。",translated,卡诺,46cab41be9,br=0 nl=2,3,
inc/event/res/02/me02_06.txt#227#12,えっ、と……わたしは、うぅん……。,诶，这个……我、唔……,translated,依恩,f5ef204ea9,br=0 nl=0,1,
inc/event/res/02/me02_06.txt#228#12,"貴女の理想を糾弾しよう、
潰そうというのではありません。","我绝非想要批判、打压
你的理想抱负。",translated,卡诺,1cfc65b489,br=0 nl=1,2,
inc/event/res/02/me02_06.txt#229#12,"ただあなたが、そして天文が描いている、
「シェルノトロンが幸せをもたらす未来の
ビジョン」を分かち合いたいだけなのです。","我只是渴望分享你、以及天文所描绘的、
“由榭鲁诺特伦带来幸福的未来愿景”
究竟是何等风貌而已。",translated,卡诺,7a6050169c,br=0 nl=2,3,
inc/event/res/02/me02_06.txt#230#12,それは、えぇと……。,那个，关于这个……,translated,依恩,6ed5c105a1,br=0 nl=0,1,
inc/event/res/02/me02_06.txt#233#12,"ごめんなさい、ほんとにわたしには
そういうの……わからないんです。","对不起，关于那些宏大的道理……
我真的完全一窍不通。",translated,依恩,cd9b9aed4e,br=0 nl=1,2,
inc/event/res/02/me02_06.txt#234#12,何ですって？,你说什么？,translated,卡诺,66b29cfe2a,br=0 nl=0,1,
inc/event/res/02/me02_06.txt#235#12,"ただ、えと……わたし、どっちかと言えば、
カノンさんのお話ししてくれた、みんなの
命を大事にする考え方がいいと思います。","只是，那个……要我说的话，
卡诺小姐刚才所说的珍视所有生命的理念，
我觉得非常值得认同。",translated,依恩,cfec0a9803,br=0 nl=2,3,
inc/event/res/02/me02_06.txt#236#12,"……驚きました。
あなたには、ご自分の理想はないのですか？","……当真让我大吃一惊。
难道你身为皇女，竟连自己的理想都没有吗？",translated,卡诺,b7d20216ea,br=0 nl=1,2,
inc/event/res/02/me02_06.txt#237#12,"ご、ごめんなさい……わたし、難しい話を
するのは苦手で……でも、カノンさんの
お話にはすごく共感できたんです……。","对、对不起……我很不在行讲那些大道理……
但是，对于卡诺小姐刚才的那番话，
我是发自内心地感到共鸣的……",translated,依恩,9b7922c0ef,br=0 nl=2,3,
inc/event/res/02/me02_06.txt#238#12,"たとえば、いまのわたしにとって
ジェノムのテレくんはとても大事な子です。","比方说，对于现在的我来说，
身为杰诺姆的小泰是非常重要不可或缺的伙伴。",translated,依恩,157181346a,br=0 nl=1,2,
inc/event/res/02/me02_06.txt#239#12,"わたしが大変だったとき、
何度もテレくんに支えてもらいました。
だから、カノンさんの考えにも賛成です。","在我最困难无助的时候，
好多次都是多亏了小泰支持我挺过来的。
所以，我也非常赞同卡诺小姐的想法。",translated,依恩,30f2accffc,br=0 nl=2,3,
inc/event/res/02/me02_06.txt#240#12,"……あなたは本当に天文の皇女なのですか？
シェルノトロンが拓く未来について、
考えたこともないと？","……你当真明白自己是天文的皇女吗？
难道关于榭鲁诺特伦开创的未来，
你当真连想都不曾想过半分吗？",translated,卡诺,a5d19947ae,br=0 nl=2,3,
inc/event/res/02/me02_06.txt#241#12,"わたしは……わたしにとっては、
て、……天文も地文も、関係ない、から……。","我……对于我而言，
天、……天文还是地文，都无所谓的……",translated,依恩,d4700e368b,br=0 nl=1,2,
inc/event/res/02/me02_06.txt#244#12,"そう、なるほど……。
あなたは差別なく、という意味で
言ったのでしょうけれど……","这样啊，原来如此……
虽然你或许是出于不分彼此的初衷
才这般开口……",translated,卡诺,c295c0c5f8,br=0 nl=2,3,
inc/event/res/02/me02_06.txt#245#12,"それは、どちらでもない、
ただ三つ目の場所に立ったということに
過ぎません。","但这不过意味着你哪一边都不是，
仅仅是站在了第三方的立场上而已。",translated,卡诺,f27bd968f5,br=0 nl=2,3,
inc/event/res/02/me02_06.txt#246#12,"あの、わたしがカノンさんに皇女の衣を渡して、
継承の儀を辞退したら……
天文と地文は一つになるでしょうか？","那个，如果我把皇女之衣交给卡诺小姐，
主动退出皇位继承仪式的话……
天文和地文就能合二为一了吗？",translated,依恩,d7df2b51c5,br=0 nl=2,3,
inc/event/res/02/me02_06.txt#247#12,"ええ、そうなるでしょう。
……どちらか一方が永遠に失われるという形で。","是的，确实会变成那样吧。
……以其中一方永远被抹杀的形式呢。",translated,卡诺,76860994e0,br=0 nl=1,2,
inc/event/res/02/me02_06.txt#248#12,"あなたが本気でそう考えたのだとしたら……
私はあなたを過大評価していたようです。","如果你当真是发自真心这么想的……
那看来我确实是太高估你了呢。",translated,卡诺,813f43a13c,br=0 nl=1,2,
inc/event/res/02/me02_06.txt#249#12,"だ、だって……わたしがいま望んでいる
ことは、みんなが平和に暮らせる世界に
なったらいいって、ただそれだけです！","可、可是……我现在心里所期盼的，
就只是大家都能生活在一个和平的世界里，
仅此而已啊！",translated,依恩,8005bc89e0,br=0 nl=2,3,
inc/event/res/02/me02_06.txt#250#12,"このコロンで起きているもめ事とかも
なくなって、みんなが仲良く暮らせたら、
って思います！","如果能让这座克隆里发生的争执纷扰消失，
大家能够和睦相处地生活下去，
那该有多好啊！",translated,依恩,ca00c4ba51,br=0 nl=2,3,
inc/event/res/02/me02_06.txt#251#12,"わたしが辞退してそうなるのなら……
それでもいい……って、思ったんです……。","如果我退出就能变成那样的话……
我觉得那样也没关系……我是这么想的……",translated,依恩,4417921231,br=0 nl=1,2,
inc/event/res/02/me02_06.txt#252#12,"勘違いもいいところですね。
あなたが辞退しても、天文地文の争いは
なくなりません。","你未免也太天真、错得太离谱了。
即便你退出，天文与地文的纷争
也不会就此平息。",translated,卡诺,246757aa6d,br=0 nl=2,3,
inc/event/res/02/me02_06.txt#253#12,"それどころか、天文は正統な権力を失う
こととなり、より強硬な対立姿勢を
とるでしょう。","不仅如此，天文一派由于丧失了正统权力，
反而会采取更加强硬激进的
对抗姿态吧。",translated,卡诺,37f2e168cd,br=0 nl=2,3,
inc/event/res/02/me02_06.txt#254#12,"たとえばチューブ･カンパニーは
中立を謳っていますが、
間違いなく天文に協力するでしょう。","比方说管体公司虽然标榜中立，
但毫无疑问必定会全力协助天文一派。",translated,卡诺,8a355a14c7,br=0 nl=2,3,
inc/event/res/02/me02_06.txt#255#12,"あ……！
そっか……。","啊……！
这样啊……",translated,依恩,91bfbc54d9,br=0 nl=1,2,
inc/event/res/02/me02_06.txt#256#12,……どうかしましたか？,……怎么了吗？,translated,卡诺,14158571b7,br=0 nl=0,1,
inc/event/res/02/me02_06.txt#257#12,"夢ノ珠の重力場は、チューブ･カンパニーが
管理してるんですよね？","梦之珠的重力场，
是由管体公司负责管理的对吧？",translated,依恩,f26924d729,br=0 nl=1,2,
inc/event/res/02/me02_06.txt#258#12,"それならわたしが社長さんにお願いして、
断線がどこにも起きないように直して
もらえたら……少しは平和になるかも！","既然如此，如果我去求求社长先生，
请他们把设施修好、让到处都不再发生断线……
说不定就能稍微变得和平一点了！",translated,依恩,05db34d066,br=0 nl=2,3,
inc/event/res/02/me02_06.txt#259#12,"たしかに……このコロンに限って言えば、
重力喪失問題が両派の対立に拍車を
かけています。","诚然……若单就这座克隆而言，
重力丧失问题确实在推波助澜、
激化着两派之间的对立矛盾。",translated,卡诺,dd4b0d84cf,br=0 nl=2,3,
inc/event/res/02/me02_06.txt#260#12,"断線が根本的に解決できるなら……
あなたの仰る通りかもしれません。","若是真能从根本上解决断线问题……
或许真如你所说的那般呢。",translated,卡诺,1751622c67,br=0 nl=1,2,
inc/event/res/02/me02_06.txt#261#12,"カンパニーを説得できるとするなら、
それはあなたをおいて他にいないでしょうね……。","若说这世上还有谁能够说服管体公司，
那恐怕舍你之外再无第二人了吧……",translated,卡诺,55d019d3b3,br=0 nl=1,2,
inc/event/res/02/me02_06.txt#263#12,わたし、ネプツールさんに相談してみます！,我去试着找尼普楚尔先生商量看看！,translated,依恩,6bdfb5ec6a,br=0 nl=0,1,
inc/event/res/02/me02_06.txt#264#12,うまくお願いできるかわからないけど……。,虽然我也不知道能不能好好求得他的同意……,translated,依恩,09a7ab4ff9,br=0 nl=0,1,
inc/event/res/02/me02_06.txt#265#12,"ここの人たちが、怖い思いをしないで
暮らせるよう……頑張ってみます！","但为了让这里的人们
不用再提心吊胆地生活……我会努力试试的！",translated,依恩,9e0cc671ee,br=0 nl=1,2,
inc/event/res/02/me02_06.txt#281#12,"カノンさん、たくさんお話ししてくれて
ありがとうございました！",卡诺小姐，谢谢你今天跟我聊了这么多！,translated,依恩,4a0486df3e,br=0 nl=1,2,
inc/event/res/02/me02_06.txt#283#12,あ、ちょっと。,啊，请稍等。,translated,卡诺,a4e8c67f5b,br=0 nl=0,1,
inc/event/res/02/me02_06.txt#285#12,はいっ。,在。,translated,依恩,2cde6ad7bb,br=0 nl=0,1,
inc/event/res/02/me02_06.txt#286#12,"あなたの優しさは、私も理解している
つもりです。あのビッグフラワーによって、
それは世界に知れ渡りました。","你的温柔与善良，我也十分理解。
凭借那朵大花朵，
这份温柔早已传遍了整个世界。",translated,卡诺,99b7c6ab22,br=0 nl=2,3,
inc/event/res/02/me02_06.txt#287#12,"ですが皇女たる者、優しさだけでなく
自らの信念で語ることができなければ……
これから苦労することになるでしょう。","然而身为皇女，若只是一味温柔善良，
无法凭借自身的信念来立言发声的话……
往后可是会吃尽苦头的哦。",translated,卡诺,23c26a7585,br=0 nl=2,3,
inc/event/res/02/me02_06.txt#289#12,"イオン。これは私の最初で最後の忠告です。
次に話すときには、言葉でなく火球で
語り合うことになるかもしれませんから。","依恩。这是我对你最初、亦是最后的忠告。
因为下一次再谈话时，我们或许就不是
用言语，而是要用火球来互相对话了呢。",translated,卡诺,87953bad6b,br=0 nl=2,3,
inc/event/res/02/me02_06.txt#290#12,"……はじめて、イオン、って
呼んでくれましたね。カノンさん。","……这是你第一次，
叫我依恩呢。卡诺小姐。",translated,依恩,ab5e19e447,br=0 nl=1,2,
inc/event/res/02/me02_06.txt#292#12,……え……？,……诶……？,translated,卡诺,9359caf2ba,br=0 nl=0,1,
inc/event/res/02/me02_06.txt#308#12,イオン！,依恩！,translated,妮伊,6be6a03785,br=0 nl=0,1,
inc/event/res/02/me02_06.txt#311#12,ネイちゃん！？　どうしてここに！？,妮伊！？你怎么会在这里！？,translated,依恩,42c7e01523,br=0 nl=0,1,
inc/event/res/02/me02_06.txt#312#12,"心配だから追っかけてきたに決まってる
じゃんー！　大丈夫？地文の連中に拷問とか
エッチな事とかされなかった！？","当然是因为太担心你所以追过来了呀！
你没事吧？地文的那帮家伙没对你严刑拷打、
或是做出什么下流的事情来吧！？",translated,妮伊,c68dc6b53a,br=0 nl=2,3,
inc/event/res/02/me02_06.txt#313#12,そ、そんなことされないって……。,怎、怎么可能会做那种事啦……,translated,依恩,2806e63837,br=0 nl=0,1,
inc/event/res/02/me02_06.txt#314#12,そっかぁ、よかったぁー！！,这样啊，太好啦――！！,translated,妮伊,5c6698cea8,br=0 nl=0,1,
inc/event/res/02/me02_06.txt#315#12,"あのね、カノンさんといろんなお話をしたの！　
カノンさんって、ちゃんと自分の考えを持ってて、
すごいの！","我跟你说哦，我跟卡诺小姐聊了好多好多！
卡诺小姐她很有自己的主见和想法，
真的太厉害了！",translated,依恩,7378af86bb,br=0 nl=2,3,
inc/event/res/02/me02_06.txt#316#12,"わゎ、わかったって！
こんな地文のド真ん中で騒がないの！
天文側に戻ろっ？　ね！？","哇啊，我知道啦我知道啦！
别在地文的正地盘中央大吵大闹的啦！
快回天文那边去吧？好不好！？",translated,妮伊,58511e357c,br=0 nl=2,3,
inc/event/res/02/me02_06.txt#320#12,"それでね、どうやったらこのコロンが
平和になるか、すっごくいいこと
思いついて！","然后呢，我还想到了一个
能让这座克隆变得和平的、超级棒的办法！",translated,依恩,b15524c80f,br=0 nl=2,3,
inc/event/res/02/me02_06.txt#321#12,わぁかったからーッ！！,我都说我知道啦――！！,translated,妮伊,e972da9e8f,br=0 nl=0,1,
inc/event/res/02/me02_07.txt#18#12,"はぁはぁ……ネイちゃん、足速すぎ……。
心臓バクハツするかと……。","哈啊哈啊……妮伊，你跑得太快了啦……
心脏都快要跳炸了……",translated,依恩,e4dad7e491,br=0 nl=1,2,
inc/event/res/02/me02_07.txt#19#12,"んなこと言ったって、イオンが空気読まずに
大騒ぎするからでしょ！
カノンと会ってたなんて地文派にバレたら……！","谁叫依恩你一点都不看气氛
在那里大呼小叫的嘛！要是被地文派发现
你跟卡诺私下会面的话……！",translated,妮伊,66ecf48bfa,br=0 nl=2,3,
inc/event/res/02/me02_07.txt#20#12,"そうだ、カノンさんと話してて、
いいこと思いついたんだった！","对啦，跟卡诺小姐聊过之后，
我想到了一个好主意！",translated,依恩,5cc7c96dd3,br=0 nl=1,2,
inc/event/res/02/me02_07.txt#21#12,マイペース過ぎる……。,也太我行我素了吧……,translated,妮伊,c8d05da77e,br=0 nl=0,1,
inc/event/res/02/me02_07.txt#22#12,ネイちゃん、ここ、電話は！？,妮伊，这里的电话在哪儿！？,translated,依恩,0d31cf766f,br=0 nl=0,1,
inc/event/res/02/me02_07.txt#24#12,ネプツールさんにかけたいの！,我想给尼普楚尔先生打个电话！,translated,依恩,c3d681d5a6,br=0 nl=0,1,
inc/event/res/02/me02_07.txt#25#12,え、マジ！？,诶，真的假的！？,translated,妮伊,5ceb3b24d8,br=0 nl=0,1,
inc/event/res/02/me02_07.txt#26#12,"やったぁ！　カンパニーに行く気になった
のね！　ねね、あたしも一緒に行っていい
でしょぉ～？？","太棒啦！你终于打算去管体公司了对吧！
呐呐，我也能跟着一起去对吧～？？",translated,妮伊,8761786e21,br=0 nl=2,3,
inc/event/res/02/me02_07.txt#28#12,違う、違うの！,不是的，不是那样的啦！,translated,依恩,526041eb2d,br=0 nl=0,1,
inc/event/res/02/me02_07.txt#29#12,"このコロンで起きてる断線を、
まとめて直してもらえないか
頼んでみようと思って。","我想拜托他，能不能把这座克隆里发生的断线
全部给彻底修好。",translated,依恩,1d022b11b3,br=0 nl=2,3,
inc/event/res/02/me02_07.txt#30#12,"ちょっとぉ、なにそれー。
断線がどぉとかはカノンが何とかするって
宣言したんだから、任せちゃいなよぅ。","等一下，搞什么嘛。
断线那种事卡诺不是当众放话要解决了吗，
交给她去头疼就好啦。",translated,妮伊,37a328f365,br=0 nl=2,3,
inc/event/res/02/me02_07.txt#31#12,"うぅん、ネプツールさんに何か頼めるのは
わたししかいない、ってカノンさんも
言ってたし！","不是的，能拜托尼普楚尔先生的就只有我了，
连卡诺小姐也是这么说的！",translated,依恩,2a9198f78e,br=0 nl=2,3,
inc/event/res/02/me02_07.txt#32#12,"えー、いくら天文の皇女だって、
そういうのは聞いてくれないと思うなー。
儲からないことやるわけないじゃん。","诶～就算是天文的皇女，
我觉得人家也不会听这种要求啦。
无利可图的事情资本家怎么可能干嘛。",translated,妮伊,5a383c8336,br=0 nl=2,3,
inc/event/res/02/me02_07.txt#33#12,"で、でも、聞いてみないとわかんないと
思うし……。",可、可是，不问问看怎么会知道嘛……,translated,依恩,7e4b38a4ad,br=0 nl=1,2,
inc/event/res/02/me02_07.txt#34#12,"ま、いーけどね……。
電話はほら、そこ。","嘛，随便你啦……
电话诺，就在那边。",translated,妮伊,99784fbb35,br=0 nl=1,2,
inc/event/res/02/me02_07.txt#37#12,かけてみる！,我这就打过去！,translated,依恩,d08bd4b066,br=0 nl=0,1,
inc/event/res/02/me02_07.txt#47#12,"これはこれはイオナサルさま！
ネプツールでございます。
ご連絡をお待ちしておりましたぞ！","哎呀呀，这不是依欧娜萨鲁大人吗！
我是尼普楚尔。
鄙人可是一直期盼着您的联络啊！",translated,尼普楚尔,e528f213d0,br=0 nl=2,3,
inc/event/res/02/me02_07.txt#48#12,"あっ、どうも……あの、今日はお願いが
あって電話したんです。","啊，您好……那个，我今天是有件事
想拜托您，才打电话过来的。",translated,依恩,892d1af2b5,br=0 nl=1,2,
inc/event/res/02/me02_07.txt#49#12,ほうほう。お聞かせください？,哦哦。不妨说来听听？,translated,尼普楚尔,0983b24c79,br=0 nl=0,1,
inc/event/res/02/me02_07.txt#50#12,"えと、……この夢ノ珠の重力装置を
修理できるのは、チューブ･カンパニー
だけだって聞きました。","那个……我听说能够修理这座梦之珠
重力装置的，唯有管体公司一家。",translated,依恩,6dae77d4e1,br=0 nl=2,3,
inc/event/res/02/me02_07.txt#51#12,"それで、あの……ネプツールさんの力で、
もう断線が起きないように装置を
直してもらえないでしょうか……？","所以，那个……能不能请尼普楚尔先生使出力气，
把装置彻底修好，
别再让到处发生断线了呢……？",translated,依恩,fd024dabb7,br=0 nl=2,3,
inc/event/res/02/me02_07.txt#52#12,それはまた……急なお話ですな……。,这可真是……有些突如其来呢……,translated,尼普楚尔,11108fa98c,br=0 nl=0,1,
inc/event/res/02/me02_07.txt#53#12,"あのっ……どうか、このコロンの
人たちが幸せに過ごせるように、
お願いしますっ……！","那个……求求您了，
为了能让这座克隆的人们幸福地生活，
拜托您了……！",translated,依恩,3378402e18,br=0 nl=2,3,
inc/event/res/02/me02_07.txt#54#12,"なぜ夢ノ珠などにこだわられるのです？
イオナサルさまは次期皇帝陛下なのですから、
もっとグローバルに……。","为何您如此执着于区区一座梦之珠呢？
依欧娜萨鲁大人可是未来的皇帝陛下，
应当把眼光放得更加广阔宏观一些……",translated,尼普楚尔,5ab724dd31,br=0 nl=2,3,
inc/event/res/02/me02_07.txt#55#12,わたし、カノンさんとお話したんです。,我刚才，跟卡诺小姐谈过了。,translated,依恩,12ef80ccef,br=0 nl=0,1,
inc/event/res/02/me02_07.txt#56#12,"なんと！
ふたりの皇女が、直接……！？","什么！
两位皇女居然直接……面谈了！？",translated,尼普楚尔,316904409f,br=0 nl=1,2,
inc/event/res/02/me02_07.txt#57#12,"いまわたしに何ができるかって考えて……
断線をなくせば、ここの人たちは安心して
暮らせます。","我一直在思考现在的自己能做些什么……
如果能消灭断线，
这里的人们就能安心地生活了。",translated,依恩,d21f08a4da,br=0 nl=2,3,
inc/event/res/02/me02_07.txt#58#12,"カノンさんも、そういうことなら
応援してくれるって言ってくれたんです！","卡诺小姐也说了，如果是为了这种事，
她也会支持我的！",translated,依恩,78c4496b61,br=0 nl=1,2,
inc/event/res/02/me02_07.txt#59#12,"ネプツールさんは前に、わたしの味方だって
言ってくれました。だから協力してくれる
かなって、電話してみたんです！","尼普楚尔先生之前说过，您是站在我这边的。
所以我想您或许会愿意协助，
才鼓起勇气打了这通电话！",translated,依恩,dfe0fcd63e,br=0 nl=2,3,
inc/event/res/02/me02_07.txt#61#12,"（なんかかみ合ってないっぽい……
イオン、自分が何言ってるのか
わかってんのかな……？）","（总觉得俩人好像完全没聊在同一个频道上……
依恩这笨蛋，到底知不知道
自己在说些什么啊……？）",translated,妮伊,debfe9f348,br=0 nl=2,3,
inc/event/res/02/me02_07.txt#62#12,（……ちょっと話聞いちゃお！）,（……我也来偷听一下！）,translated,妮伊,0177281518,br=0 nl=0,1,
inc/event/res/02/me02_07.txt#64#12,"……それよりもイオナサルさま、
我がチューブ･カンパニーに
お越しいただく話は……？","……比起那个，依欧娜萨鲁大人，
莅临我管体公司做客一事……？",translated,尼普楚尔,cfbbdc76d8,br=0 nl=2,3,
inc/event/res/02/me02_07.txt#65#12,"贈り物の最新式シェルノトロンで
満足いただけないようでしたら、
何か他にも……。","若是赠送最新型榭鲁诺特伦
仍不足以令您满意的话，
敝公司还可以提供其他……",translated,尼普楚尔,2158fb0e43,br=0 nl=2,3,
inc/event/res/02/me02_07.txt#67#12,そんなのいいですっ！,那种东西不要也罢！,translated,依恩,b74340ac13,br=0 nl=0,1,
inc/event/res/02/me02_07.txt#68#12,"カノンさんとお話してて、思ったんです。
夢ノ珠の人たちが幸せに暮らせるよう、
わたしも頑張ろうって。","在和卡诺小姐谈过之后，我下定了决心。
为了让梦之珠的人们能幸福地生活，
我也要竭尽全力去努力。",translated,依恩,fde49f9854,br=0 nl=2,3,
inc/event/res/02/me02_07.txt#69#12,それまで、どこへも行かないつもりですっ……！,在那之前，我哪里也不会去……！,translated,依恩,533187c05e,br=0 nl=0,1,
inc/event/res/02/me02_07.txt#73#12,"あっ……あ、あの、ごめんなさい……。
わたし、無理なこと言ってますよ、ね……？","啊……那、那个，对不起……
我是不是，提出了很强人所难的非分要求……？",translated,依恩,b51c337c62,br=0 nl=1,2,
inc/event/res/02/me02_07.txt#76#12,……すばらしい！,……太了不起了！,translated,尼普楚尔,5f065c14a4,br=0 nl=0,1,
inc/event/res/02/me02_07.txt#78#12,えっ……？,诶……？,translated,依恩,6dc3a99ae1,br=0 nl=0,1,
inc/event/res/02/me02_07.txt#81#12,"イオナサルさま、すばらしい心意気です！
このネプツール、感激致しましたぞ！","依欧娜萨鲁大人，何等崇高伟大的气魄啊！
鄙人尼普楚尔，深受感动啊！",translated,尼普楚尔,b6c89f24e0,br=0 nl=1,2,
inc/event/res/02/me02_07.txt#82#12,えっ、えっ……？,诶，诶……？,translated,依恩,c68cd1a83f,br=0 nl=0,1,
inc/event/res/02/me02_07.txt#83#12,いいですとも、協力しようではありませんか！,很好，鄙人全力相助便是！,translated,尼普楚尔,9693aee74a,br=0 nl=0,1,
inc/event/res/02/me02_07.txt#85#12,ホントですか！？,真的吗！？,translated,依恩,d4a245219e,br=0 nl=0,1,
inc/event/res/02/me02_07.txt#86#12,"ええ、それはもう！　ですが、いまの
夢ノ珠の重力場発生装置を一新するとなると、
巨額の費用がかかります。","那是自然！然而，若要将如今梦之珠的
重力场发生装置彻底焕然一新，
所需耗费的资金可谓天文数字。",translated,尼普楚尔,28bff8b82c,br=0 nl=2,3,
inc/event/res/02/me02_07.txt#87#12,"もちろん、それを頂こうなどとは思って
おりません。ただ……その代わりと言っては
何ですが、ひとつお願いがあるのです。","当然了，鄙人绝无向您索取钱财之意。
只是……作为相应的交换，
鄙人有一个小小的恳求。",translated,尼普楚尔,e83264bcba,br=0 nl=2,3,
inc/event/res/02/me02_07.txt#88#12,は、い……何でしょう？,好、的……是什么呢？,translated,依恩,fb5cb089b0,br=0 nl=0,1,
inc/event/res/02/me02_07.txt#89#12,"少しでかまいません。
イオナサルさまの皇女の衣を、
私めに分けて頂けませんでしょうか。","只要一点点便足矣。
不知能否将依欧娜萨鲁大人的皇女之衣，
分赐少许予鄙人呢？",translated,尼普楚尔,7f9f67edf3,br=0 nl=2,3,
inc/event/res/02/me02_07.txt#90#12,衣、ですか……？,衣裳，吗……？,translated,依恩,18e745bbbd,br=0 nl=0,1,
inc/event/res/02/me02_07.txt#93#12,"無理は承知でございます。私事で申し訳
ないのですが……事情がありまして。
……私には、一人娘がおります。","鄙人自知此乃非分之请。本不该拿私事劳烦大人……
但鄙事实在事出有因。
……鄙人膝下，唯有一位独生爱女。",translated,尼普楚尔,11758bd3a3,br=0 nl=2,3,
inc/event/res/02/me02_07.txt#94#12,"サーリと申します娘で……
実はいま、不治の病でふせっております……。","小女名叫莎丽……
实不相瞒，她如今正身患不治之症卧病在床……",translated,尼普楚尔,a1d0df7211,br=0 nl=1,2,
inc/event/res/02/me02_07.txt#95#12,"病……？
不治の、って……そんなに重いんですか？","病……？
不治之症……病情竟然那么严重吗？",translated,依恩,986205dac7,br=0 nl=1,2,
inc/event/res/02/me02_07.txt#96#12,"はい……いろいろ手を尽くしたのですが、
ベッドで寝たきりのまま、医者もさじを
投げる状態で……もう長くはないと……。","是的……鄙人虽已倾尽万般手段，
但她依旧只能卧床不起，连名医亦束手无策……
说是恐已时日无多……",translated,尼普楚尔,650d2cd600,br=0 nl=2,3,
inc/event/res/02/me02_07.txt#97#12,そんな……。,怎么会……,translated,依恩,66ae11e5dd,br=0 nl=0,1,
inc/event/res/02/me02_07.txt#99#12,"サーリはイオナサルさまを敬愛しています。
皇帝になられることを心待ちにしておるのです。","小女莎丽对依欧娜萨鲁大人景仰备至，
日夜期盼着您能荣登大宝。",translated,尼普楚尔,0bd0a42ee7,br=0 nl=1,2,
inc/event/res/02/me02_07.txt#100#12,"どうか娘のお守りがわりに、切れ端でも
かまいません、皇女の衣を……持たせて
やりたいのです……っ、ぐ……く……。","只求能给小女权当护身符，哪怕只是一角布片，
也想将皇女之衣……赐予她贴身带着……
唔、呜……咕……",translated,尼普楚尔,d1d8d8cbc5,br=0 nl=2,3,
inc/event/res/02/me02_07.txt#102#12,そうだったんですか……。,原来是这样啊……,translated,依恩,40a761439a,br=0 nl=0,1,
inc/event/res/02/me02_07.txt#103#12,"……わかりました。
わたしの衣なんかでよければ、喜んで。","……我明白了。
如果不嫌弃是我的衣裳，我非常乐意相赠。",translated,依恩,bc4a94a3b9,br=0 nl=1,2,
inc/event/res/02/me02_07.txt#104#12,"おお！　なんともったいないお言葉！
ありがとうございます。
娘はきっと何よりも喜びます！","哦哦！何等宽厚慈悲的圣恩啊！
万分感谢大人。
小女泉下知晓定会欣喜若狂！",translated,尼普楚尔,1c42c149e3,br=0 nl=2,3,
inc/event/res/02/me02_07.txt#105#12,"恐れながら、頂戴しに参上致します。
いつがよろしいでしょうか？","鄙人冒昧，届时将亲自登门拜领。
不知何时方便叨扰呢？",translated,尼普楚尔,0784985788,br=0 nl=1,2,
inc/event/res/02/me02_07.txt#106#12,あっ、じゃあ、明日にでも。,啊，那就明天吧。,translated,依恩,5c040cd77a,br=0 nl=0,1,
inc/event/res/02/me02_07.txt#107#12,"かしこまりました。
本当にありがとうございます、
それでは失礼致します。","遵命。
万分感激大人恩德，
那么鄙人先行告退了。",translated,尼普楚尔,4b545af0bf,br=0 nl=2,3,
inc/event/res/02/me02_07.txt#108#12,はい……。,好的……,translated,依恩,53e3140853,br=0 nl=0,1,
inc/event/res/02/me02_07.txt#114#12,"ネプツールさん、
娘さんが寝たきりなんだって……。","尼普楚尔先生，
听说他的女儿一直卧病在床呢……",translated,依恩,7746280a3d,br=0 nl=1,2,
inc/event/res/02/me02_07.txt#115#12,"うん、それは聞いてた。
皇女の衣、あげるの？","嗯，刚才我都听到了。
你要把皇女之衣给他吗？",translated,妮伊,0fce4eaff5,br=0 nl=1,2,
inc/event/res/02/me02_07.txt#117#12,"ネプツールさんの気持ちを聞いてたら、
どうしてもお願いをかなえてあげたくなって……。","听着尼普楚尔先生的那番心声，
我无论如何也想帮他实现这个愿望……",translated,依恩,9deab96b21,br=0 nl=1,2,
inc/event/res/02/me02_07.txt#118#12,"それでね、衣をお守りにするんなら、
布のままじゃなくて、","所以呢，既然要当作护身符的话，
只给一块碎布头未免太敷衍了，",translated,依恩,52509b31c7,br=0 nl=1,2,
inc/event/res/02/me02_07.txt#119#12,"本当にお守りにしてあげようと思って。
どうかな？　いい考えだと思う？","我想亲手做成真正的小护身符送给她。
你觉得怎么样？是个好主意吧？",translated,依恩,6811e354a0,br=0 nl=1,2,
inc/event/res/02/me02_07.txt#120#12,？？　どうする気？,？？你打算怎么做？,translated,妮伊,3d9c22f08a,br=0 nl=0,1,
inc/event/res/02/me02_07.txt#121#12,"今から頑張ってお裁縫するの。
あまり得意じゃないけど、
明日までなら頑張れば出来ると思うから。","从现在开始努力做针线活。
虽然我不太擅长女红，
但要是撑到明天的话，咬咬牙一定能做好的。",translated,依恩,4116630b7a,br=0 nl=2,3,
inc/event/res/02/me02_07.txt#122#12,"……まぁイオンの布だし、好きにしたら？
あたしちょっと、お風呂行ってこよっ。","……嘛，反正也是依恩你自己的布，随你高兴咯？
我先去泡个澡啦。",translated,妮伊,af91b2bcb6,br=0 nl=1,2,
inc/event/res/02/me02_07.txt#123#12,"ここのお風呂、とっても大きくて
素敵なんだ～♪",这里的浴池超级大、超级棒的呢～♪,translated,妮伊,c3422c1db3,br=0 nl=1,2,
inc/event/res/02/me02_07.txt#128#12,さぁ、がんばるぞーっ。おー♪,好，加油干咯――。噢～♪,translated,依恩,a8d683cd4f,br=0 nl=0,1,
inc/event/res/02/me02_07.txt#150#12,"見て見てー、ネイちゃん♪
ほらっ！","快看快看，妮伊♪
你看！",translated,依恩,c4feb3b75e,br=0 nl=1,2,
inc/event/res/02/me02_07.txt#152#12,"昨日から何を一生懸命作ってるのかと
思ったら、これ？？","我还以为你从昨天起拼死拼活在做些什么呢，
就这？？",translated,妮伊,1d5901ed4e,br=0 nl=1,2,
inc/event/res/02/me02_07.txt#153#12,"うん。すごいでしょー♪
サーリちゃんが良くなりますよぅに、って
中に願掛けが縫い付けてあるんだ♪","嗯。很棒吧～♪
为了祈祷莎丽能早日康复，
里面我还缝进了祈福的誓愿哦♪",translated,依恩,5e2762ca4c,br=0 nl=2,3,
inc/event/res/02/me02_07.txt#154#12,"はあぁ……確かに頑張ったのは認めるけど…
これはかなりキテルわよ…？","哈啊……你确实很努力这点我承认啦……
但这针脚也太歪歪扭扭了吧……？",translated,妮伊,4865da12d2,br=0 nl=1,2,
inc/event/res/02/me02_07.txt#163#12,イオナサルさま！,依欧娜萨鲁大人！,translated,尼普楚尔,25402fa57c,br=0 nl=0,1,
inc/event/res/02/me02_07.txt#164#12,あっ、ようこそ！,啊，欢迎光临！,translated,依恩,bd8893343f,br=0 nl=0,1,
inc/event/res/02/me02_07.txt#165#12,"ようこそ、などとは恐れ多い！
このたびは私のわがままを聞いて頂き、
まことに……。","“欢迎”二字鄙人万万承受不起！
此次大人肯俯允鄙人的任性之求，
当真是不胜……",translated,尼普楚尔,2ddde684e3,br=0 nl=2,3,
inc/event/res/02/me02_07.txt#167#12,"これは重力装置の修理を担当します、
工事主任の男でございます。","这位是负责重力装置维修工作的
施工主任。",translated,尼普楚尔,91a0096cf7,br=0 nl=1,2,
inc/event/res/02/me02_07.txt#168#12,……よろしくお願い致します。,……请多关照。,translated,近臣,45644cee20,br=0 nl=0,1,
inc/event/res/02/me02_07.txt#169#12,は、はいっ。こちらこそ……。,好、好的。彼此彼此……,translated,依恩,2ef46b3de3,br=0 nl=0,1,
inc/event/res/02/me02_07.txt#171#12,"あの、ネプツールさん。
サーリちゃんへのお守り……これです。","那个，尼普楚尔先生。
给莎丽的护身符……就是这个。",translated,依恩,eb99674212,br=0 nl=1,2,
inc/event/res/02/me02_07.txt#173#12,……これ、は……？,……这、这是……？,translated,尼普楚尔,adb46648b0,br=0 nl=0,1,
inc/event/res/02/me02_07.txt#174#12,"その……ただの布のまま渡すより、
少しでも想いのこもったものの方が、
サーリちゃんにも喜んでもらえるかなって。","那个……比起只送一块普通的布料，
倾注了心意做成的物品，
我想莎丽收到应该会更高兴才对。",translated,依恩,3757a00767,br=0 nl=2,3,
inc/event/res/02/me02_07.txt#177#12,"あ、うぅ……
余計なことしちゃったでしょうか……？","啊，呜呜……
我是不是，做了多余的事呀……？",translated,依恩,11cba5d3e2,br=0 nl=1,2,
inc/event/res/02/me02_07.txt#178#12,"何をおっしゃいます！
いやぁ、これは……何ともかわいらしい！
サーリもきっと大喜びです！","大人何出此言！
哎呀，这……真是太可爱了！
小女莎丽若是见到，必定欢喜万分！",translated,尼普楚尔,7dafb0401b,br=0 nl=2,3,
inc/event/res/02/me02_07.txt#180#12,よかった……。,太好了……,translated,依恩,f343c496ce,br=0 nl=0,1,
inc/event/res/02/me02_07.txt#181#12,"それではさっそく、夢ノ珠の修理に
当たらせます。","那么鄙人这就即刻着手
展开梦之珠的维修工作。",translated,尼普楚尔,a44c5e3387,br=0 nl=1,2,
inc/event/res/02/me02_07.txt#183#12,しっかり頼むぞ、手抜きは許さんからな！,给我好好干，绝不许偷工减料！,translated,尼普楚尔,ddec0bf028,br=0 nl=0,1,
inc/event/res/02/me02_07.txt#184#12,はっ！,是！,translated,近臣,4abd11a6e2,br=0 nl=0,1,
inc/event/res/02/me02_07.txt#185#12,"それでは、私どもはこれで。
重力装置のことはお任せください。
必ずや、このコロンを楽園にしてみせましょう！","那么，我们便先行告退了。
重力装置之事还请交由鄙人负责。
鄙人定会将这座克隆打造成一片人间乐园！",translated,尼普楚尔,dafb935171,br=0 nl=2,3,
inc/event/res/02/me02_07.txt#186#12,はいっ、よろしくお願いします！,好的，一切就拜托您了！,translated,依恩,eaa3a1d46a,br=0 nl=0,1,
inc/event/res/02/me02_07.txt#198#12,"うふふ……♪
楽園かぁ。早くそうなるといいな……♪♪","呵呵……♪
乐园呀。要是真能早点变成那样就好了呢……♪♪",translated,依恩,25d242267b,br=0 nl=1,2,
inc/event/res/02/me02_07.txt#199#12,よかったねー、イオン。,太好啦，依恩。,translated,妮伊,b56bffd449,br=0 nl=0,1,
inc/event/res/02/me02_07.txt#200#12,"そうだ！
カノンさんに、このことをお話しに
行かなくちゃ！","对啦！
我得把这件大好事，
赶紧跑去告诉卡诺小姐才行！",translated,依恩,a6ee38cc24,br=0 nl=2,3,
inc/event/res/02/me02_07.txt#201#12,"断線が起こらなくなる、って言ったら
きっとビックリするよ♪","要是跟她说不会再发生断线了，
她肯定会大吃一惊的♪",translated,依恩,f4b3bfefce,br=0 nl=1,2,
inc/event/res/02/me02_07.txt#202#12,"うぅ、ちょちょちょちょ、ちょっと！
これから行くつもり？","喂，等等等等，等一下！
你打算现在就过去？",translated,妮伊,832e626ae1,br=0 nl=1,2,
inc/event/res/02/me02_07.txt#203#12,だめ？,不行吗？,translated,依恩,7d8d1c191a,br=0 nl=0,1,
inc/event/res/02/me02_07.txt#204#12,"いやいや、地文側へひとりでなんて
行かせられないよ。
行くんならあたしもついて行くって！","废话，我怎么可能放心让你一个人去地文那边。
要去的话我也得一起跟着去！",translated,妮伊,631beb55f5,br=0 nl=2,3,
inc/event/res/02/me02_07.txt#205#12,"でも、とりあえず明日にしよ？
今日はもうこんな時間だし、
昨日からずっとお裁縫で、疲れたでしょ。","不过，姑且还是改到明天吧？
今天都这个时间了，
而且你从昨天开始一直在缝护身符，很累了吧。",translated,妮伊,2d3f1d9288,br=0 nl=2,3,
inc/event/res/02/me02_07.txt#206#12,ん……そうだね。そうする。,嗯……说得也是呢。那就明天吧。,translated,依恩,8e53d303a6,br=0 nl=0,1,
inc/event/res/02/me02_07.txt#207#12,イオン、ご苦労さま♪,依恩，辛苦你啦♪,translated,妮伊,618a516688,br=0 nl=0,1,
inc/event/res/02/me02_07.txt#208#12,ありがと、ネイちゃん♪,谢谢你，妮伊♪,translated,依恩,0aab81f4e3,br=0 nl=0,1,
inc/event/res/02/me02_07.txt#223#12,"いいか。気取られぬように人員を集め、
……D28区画を遮断しろ。","听好了。秘密召集人手别引人注目，
……立刻切断D28区段的能源。",translated,尼普楚尔,d900710ae8,br=0 nl=1,2,
inc/event/res/02/me02_07.txt#224#12,い、し、しかし、あそこは……。,可、但是，那片区域可是……,translated,近臣,7340e93f16,br=0 nl=0,1,
inc/event/res/02/me02_07.txt#225#12,"わかっている。だがやむをえんのだ。
もう生き死にもわからんジジイなどに
気をつかう必要はない。","我知道。但这都是迫不得已。
根本无需顾忌那个半截入土老头子的死活。",translated,尼普楚尔,f3f4f194d0,br=0 nl=2,3,
inc/event/res/02/me02_07.txt#226#12,"いいか。この官営４号は、シェルノトロンの
販売シェアの５％を占める重要コロンだ。
どんなことをしても守り抜かねばならん！","听好了。这座官营4号，可是占了榭鲁诺特伦
销售份额5%的关键克隆。
不惜任何手段也必须保住！",translated,尼普楚尔,c88427e81e,br=0 nl=2,3,
inc/event/res/02/me02_07.txt#227#12,わ、わかりました……。,明、明白了……,translated,近臣,6f2167be4f,br=0 nl=0,1,
inc/event/res/02/me02_07.txt#228#12,"よし。ではこれを渡しておく。
貴様の身を守ってくれる、
皇女さまのご威光というやつだ……。","很好。那这个就交由你保管。
这可是能庇佑你性命的、
皇女大人的神圣威光呢……",translated,尼普楚尔,1e707ca5b9,br=0 nl=2,3,
inc/event/res/02/me02_08.txt#20#12,……ごめんなさい、突然押しかけて……。,……突然冒昧登门打扰，非常抱歉……,translated,依恩,71c27b1560,br=0 nl=0,1,
inc/event/res/02/me02_08.txt#21#12,"いいえ、かまいません。
それほどの用件がおありで
いらしたのでしょう？","无妨，不必介怀。
想必是有极其重要的事由，
方才特意赶来的吧？",translated,卡诺,3b6b61f80d,br=0 nl=2,3,
inc/event/res/02/me02_08.txt#22#12,"あ、そうなんです！
あの、チューブ･カンパニーの社長さんに
お願いしてみたんです。","啊，是的！
那个，我去试着求了求管体公司的社长先生。",translated,依恩,d7b38a0b43,br=0 nl=2,3,
inc/event/res/02/me02_08.txt#23#12,"そうしたら、夢ノ珠の断線を止めるよう
重力装置を修理するって
言ってくれたんです！","结果，社长先生答应我说，
为了遏制梦之珠的断线，
他会派人全力维修重力装置！",translated,依恩,697598385c,br=0 nl=2,3,
inc/event/res/02/me02_08.txt#24#12,それは……、意外なお話ですね。,这可……当真让人意外呢。,translated,卡诺,63ba3d5da6,br=0 nl=0,1,
inc/event/res/02/me02_08.txt#25#12,"ですが、もし本当であれば
私も大いに歓迎すべきこと──。","然而，若真能实现的话，
于我而言亦是一件大快人心的幸事――",translated,卡诺,7a2934d0a2,br=0 nl=1,2,
inc/event/res/02/me02_08.txt#26#12,"問題は重力場が途切れて死者が出たり
することなのですから、
それが解決するにこしたことはありません。","最根本的问题本就在于重力场断裂致人殒命，
若能彻底解决此祸患，
自然是再好不过了。",translated,卡诺,d67dbd2620,br=0 nl=2,3,
inc/event/res/02/me02_08.txt#27#12,"住民たちの対立についても、
断線が収まりさえすれば
じっくりと話し合っていけるでしょう。","至于居民们之间的对立隔阂，
只要断线得以平息，
往后亦能坐下来好生商议化解。",translated,卡诺,0d2c385e27,br=0 nl=2,3,
inc/event/res/02/me02_08.txt#28#12,はい！,是的！,translated,依恩,11e35b8b36,br=0 nl=0,1,
inc/event/res/02/me02_08.txt#29#12,"先のビッグフラワーの件に続き、
またも貴女のお手柄ですね。
私もうかうかしてられそうにありません。","继先前的大花朵之后，
这又是你立下的一件不世奇功呢。
看来我也容不得半点懈怠了。",translated,卡诺,b7e9f1ccbd,br=0 nl=2,3,
inc/event/res/02/me02_08.txt#30#12,"う、そ、そんな！
私、自分に出来る事をやっただけで……！
あのお花だってその……。","呜、没、没有那回事！
我只是尽了自己的一点微薄之力而已……！
那朵花其实也只是那个……",translated,依恩,efa3fb5065,br=0 nl=2,3,
inc/event/res/02/me02_08.txt#34#12,"……お話しのところ、恐れ入ります。
カノン様、お時間が。","……打扰二位交谈十分抱歉。
卡诺大人，时间到了。",translated,古雷柯夫,8aa3423fe5,br=0 nl=1,2,
inc/event/res/02/me02_08.txt#35#12,"そうですね。
私はこれから、ジェノムとの
対話に入らなくてはなりません。","是呢。
我接下来，必须进入
与杰诺姆的精神对话了。",translated,卡诺,c7c821d46b,br=0 nl=2,3,
inc/event/res/02/me02_08.txt#36#12,"ありがとう、イオナサル皇女。
わざわざ伝えに来てくれて、感謝します。","多谢你，依欧娜萨鲁皇女。
特意前来转达这番喜讯，我不胜感激。",translated,卡诺,4fe454fc1a,br=0 nl=1,2,
inc/event/res/02/me02_08.txt#37#12,うっ、とんでもありません！,啊，您千万别这么客气！,translated,依恩,eca572fa08,br=0 nl=0,1,
inc/event/res/02/me02_08.txt#38#12,"イオナサル皇女は私がお見送りを
させて頂きます。",依欧娜萨鲁皇女，便由我负责恭送吧。,translated,古雷柯夫,e4da65c485,br=0 nl=1,2,
inc/event/res/02/me02_08.txt#39#12,……イオナサル皇女。,……依欧娜萨鲁皇女。,translated,卡诺,13b75ec3e2,br=0 nl=0,1,
inc/event/res/02/me02_08.txt#40#12,は、はいっ。,在、在。,translated,依恩,2184993ae4,br=0 nl=0,1,
inc/event/res/02/me02_08.txt#41#12,"……私は少し、貴女を甘く見ていたかも
しれません。天文の皇女が地文の民を救うなど、
これまでは考えられなかった事です。","……或许从前，我是有些小看你了也说不定。
天文的皇女竟会救助地文的黎民，
这在以往是断然无法想象之事。",translated,卡诺,c36a49ef1f,br=0 nl=2,3,
inc/event/res/02/me02_08.txt#42#12,はい……。,嗯……,translated,依恩,53e3140853,br=0 nl=0,1,
inc/event/res/02/me02_08.txt#43#12,"手段と立場こそ違えど、ひょっとしたら
目指すところは同じなのかもしれませんね……。","虽说立场与手段截然不同，
但或许我们所追寻的终点，本就是同一个吧……",translated,卡诺,327046f6e4,br=0 nl=1,2,
inc/event/res/02/me02_08.txt#44#12,だったら、嬉しいです……！,要是真能那样，我就太高兴了……！,translated,依恩,6f95fa21de,br=0 nl=0,1,
inc/event/res/02/me02_08.txt#45#12,"私もです。
引きとめてごめんなさい。
グレイコフ。","我也是。
耽搁你回去的时间了，抱歉。
古雷柯夫。",translated,卡诺,b3479f2457,br=0 nl=2,3,
inc/event/res/02/me02_08.txt#46#12,こちらへ。,请走这边。,translated,古雷柯夫,af5564611d,br=0 nl=0,1,
inc/event/res/02/me02_08.txt#64#12,"……カノン様は１日に１度、あのように
精神統一をされ、ご自身のジェノムと
対話をなさっておいでなのです。","……卡诺大人每日必会像方才那样，
凝神静气一次，
与她自身的杰诺姆进行心灵对话。",translated,古雷柯夫,e851446460,br=0 nl=2,3,
inc/event/res/02/me02_08.txt#65#12,"地文の民においてさえ失われつつある、
大変徳の高い文化です。","那是即便在地文民众之中亦濒临失传的、
极具崇高德行的文化风尚。",translated,古雷柯夫,89462b0221,br=0 nl=1,2,
inc/event/res/02/me02_08.txt#66#12,そうなんですね……。,原来是这样啊……,translated,依恩,7377706ecb,br=0 nl=0,1,
inc/event/res/02/me02_08.txt#67#12,"それにしても、昨日今日とカンパニーの
作業船が目に付くとは思っていたが、
ネプツールがそんな約束をするとはな……。","不过话说回来，这两天虽常看到管体公司的
作业船出没，
却没想到尼普楚尔竟会许下那等承诺……",translated,古雷柯夫,8958b26522,br=0 nl=2,3,
inc/event/res/02/me02_08.txt#68#12,オジサン、ネプツール社長と知り合いなの？,大叔，你跟尼普楚尔社长认识吗？,translated,妮伊,eb64f1f99d,br=0 nl=0,1,
inc/event/res/02/me02_08.txt#69#12,"ああ……昔な。
いまでは顔も見たくないがね。","啊啊……从前的事了。
如今我连他的嘴脸都厌恶得不想再见一眼。",translated,古雷柯夫,8db74ddc6e,br=0 nl=1,2,
inc/event/res/02/me02_08.txt#73#12,"あれ？　なんだか……体が軽くなった
気がするよ。不思議な感じー……。","咦？总觉得……身体好像变得轻飘飘的。
好奇妙的感觉哦……",translated,依恩,cae0305b12,br=0 nl=1,2,
inc/event/res/02/me02_08.txt#77#12,危ないッ！！,危险！！,translated,妮伊,aca1fdf6db,br=0 nl=0,1,
inc/event/res/02/me02_08.txt#98#12,うッ！？,唔！？,translated,古雷柯夫,990b542e03,br=0 nl=0,1,
inc/event/res/02/me02_08.txt#99#12,きゃあッ！？,呀啊！？,translated,依恩,12de0a7374,br=0 nl=0,1,
inc/event/res/02/me02_08.txt#115#12,カ、カノン様ッ！！,卡、卡诺大人！！,translated,古雷柯夫,946bf30053,br=0 nl=0,1,
inc/event/res/02/me02_08.txt#116#12,きゃあぁぁッー！！,呀啊啊啊――！！,translated,依恩,aaaffae9c0,br=0 nl=0,1,
inc/event/res/02/me02_08.txt#119#12,く……よりによって、ここに断線が……！,可恶……偏偏在这种时候，发生断线……！,translated,古雷柯夫,a67a1dcae1,br=0 nl=0,1,
inc/event/res/02/me02_08.txt#120#12,"断線……！
これが……！！","断线……！
难道这就是……！！",translated,依恩,684e8444d5,br=0 nl=1,2,
inc/event/res/02/me02_08.txt#121#12,イオン、動かないで、じっとしてて！,依恩，别乱动，趴好别动！,translated,妮伊,9df1ed783f,br=0 nl=0,1,
inc/event/res/02/me02_08.txt#122#12,う、うん！,嗯、嗯！,translated,依恩,5c7c5ebc61,br=0 nl=0,1,
inc/event/res/02/me02_08.txt#123#12,"……！　そうだ！
テレくん、お願い。カノンさんの様子を
見たいの。家まで飛べる？","……！对啦！
小泰，拜托你了。我想看看卡诺小姐的情况。
能飞到宅邸那边去吗？",translated,依恩,6c81a52084,br=0 nl=2,3,
inc/event/res/02/me02_08.txt#124#12,きゅう！,啾！,translated,泰雷芬肯,601cdef24f,br=0 nl=0,1,
inc/event/res/02/me02_08.txt#125#12,同調、いい！？,同调，准备好了吗！？,translated,依恩,42937f2bfd,br=0 nl=0,1,
inc/event/res/02/me02_08.txt#142#12,テレくん、お願い！,小泰，拜托你了！,translated,依恩,2f1653ee71,br=0 nl=0,1,
inc/event/res/02/me02_08.txt#143#12,きゅきゅっ！！,啾啾！！,translated,泰雷芬肯,c84fcaf67d,br=0 nl=0,1,
inc/event/res/02/me02_08.txt#152#12,テレくん、見える！？,小泰，看得到吗！？,translated,依恩,63efe9d328,br=0 nl=0,1,
inc/event/res/02/me02_08.txt#168#12,"……ッ！！
カノンさん！！","……！！
卡诺小姐！！",translated,依恩,8cba2ded6c,br=0 nl=1,2,
inc/event/res/02/me02_08.txt#169#12,どうなってる！？,里面情况如何了！？,translated,古雷柯夫,c881728ad9,br=0 nl=0,1,
inc/event/res/02/me02_08.txt#170#12,倒れてて、動かないの！,她倒在地上，一动不动了！,translated,依恩,4eea190af9,br=0 nl=0,1,
inc/event/res/02/me02_08.txt#171#12,えぇッ！？,你说什么！？,translated,妮伊,18816b47c4,br=0 nl=0,1,
inc/event/res/02/me02_08.txt#172#12,何だと！？,怎会如此！？,translated,古雷柯夫,0045f73dd6,br=0 nl=0,1,
inc/event/res/02/me02_08.txt#173#12,"えええらいこっちゃ！
あたし、地文の人に助け呼んでくる！","大事不好啦！
我这就去把地文的人叫来帮忙！",translated,妮伊,f5594330f2,br=0 nl=1,2,
inc/event/res/02/me02_08.txt#175#12,"テレくん、ありがと！
一度戻って、危ないから！","小泰，谢谢你！
快先回我身边来，太危险了！",translated,依恩,69ee9e653d,br=0 nl=1,2,
inc/event/res/02/me02_08.txt#176#12,きゅう！,啾！,translated,泰雷芬肯,601cdef24f,br=0 nl=0,1,
inc/event/res/02/me02_08.txt#195#12,"どうしよう……断線って、
こんなに大変なことだったなんて……。
助けようにも、近づけないよ……。","怎么办……断线这种事，
居然会这么可怕严重……
就算想救她，也根本无法靠近啊……",translated,依恩,49a8745504,br=0 nl=2,3,
inc/event/res/02/me02_08.txt#196#12,……配導盤を見てみたい。,……我想去看看配导盘。,translated,古雷柯夫,83d81c6a03,br=0 nl=0,1,
inc/event/res/02/me02_08.txt#197#12,配導盤……？,配导盘……？,translated,依恩,82ba07e0a5,br=0 nl=0,1,
inc/event/res/02/me02_08.txt#198#12,"もし原因がそこにあって直せれば、
少なくともこの区域の断線は収まるはずだ。","如果问题出在那里且能修好，
至少这个区域的断线应该能止住。",translated,古雷柯夫,c3e2a94952,br=0 nl=1,2,
inc/event/res/02/me02_08.txt#199#12,"場所は！？
わかりますか！？","在什么地方！？
您知道在哪里吗！？",translated,依恩,5870b13ab3,br=0 nl=1,2,
inc/event/res/02/me02_08.txt#201#12,"ああ、知っているが……
どうするつもりだ？","啊啊，我是知道……
但你想做什么？",translated,古雷柯夫,af4df6375d,br=0 nl=1,2,
inc/event/res/02/me02_08.txt#202#12,"わたしも行きたいんです！
機械のことなら、少しは役に立てるかも──","我也想一起去！
要是机械方面的话，我也许能帮上一点忙――",translated,依恩,af5da70d96,br=0 nl=1,2,
inc/event/res/02/me02_08.txt#203#12,"うぅん、役に立たなくたって……
わたしも連れて行ってください！！","不，就算帮不上忙……
也请您务必带我一起去！！",translated,依恩,66d1a349bb,br=0 nl=1,2,
inc/event/res/02/me02_08.txt#206#12,わかった、ついてきなさい。,明白了，跟我来。,translated,古雷柯夫,283b616afd,br=0 nl=0,1,
inc/event/res/02/me02_09.txt#17#12,"ここだ。この地下で、夢ノ珠の
重力場発生装置を集中管理している。","就是这里。在这座地下，
集中管理着梦之珠的重力场发生装置。",translated,古雷柯夫,5ad388992f,br=0 nl=1,2,
inc/event/res/02/me02_09.txt#18#12,行きましょう、グレイコフさん！,我们快进去吧，古雷柯夫先生！,translated,依恩,235219b5cf,br=0 nl=0,1,
inc/event/res/02/me02_09.txt#19#12,グレイコフ殿！,古雷柯夫阁下！,translated,库琳,651df31bfb,br=0 nl=0,1,
inc/event/res/02/me02_09.txt#21#12,"イオナサルさまの連れの女から、
話は聞きました。カノン様の一大事とか！","我从依欧娜萨鲁大人同行的女子那里
听说了情况。听说卡诺大人出大事了！？",translated,库琳,f3d57c62c3,br=0 nl=1,2,
inc/event/res/02/me02_09.txt#22#12,"その通りだ。{D28区域}が断線を起こし、
現場はラシェーラの重力に引かれて
崩壊を起こしている。","正是如此。{D28区域}发生了断线，
现场正受拉榭拉的重力牵引
陷入崩塌之中。",translated,古雷柯夫,0f8fa6b4cb,br=1 nl=2,3,keep-terms {D28区域}
inc/event/res/02/me02_09.txt#22#14,夢ノ珠に存在する区域の一つ。<CR>AからHの八区域が存在し、D28区域はちょうどカノンが住んでいる邸宅の真下にあたる。<CR>イオンたちは天文側の街に戻るため区域から少し離れて難を逃れたが、邸宅で瞑想を行っていたカノンは断線に巻き込まれてしまった。<CR>D28区域はかつて高名な博士が住んでいたため、地盤や邸宅の補強がしっかりしており、幸いラシェーラに落下するまでには至らなかった。,梦之珠存在的众多区域之一。<CR>共存在从A至H的八个区域，而D28区域恰好位于卡诺所居住的宅邸正下方。<CR>依恩等人为了返回天文一侧的城镇稍稍远离了该区域因而幸免于难，然而正在宅邸中进行冥想的卡诺却被卷入了断线灾难之中。<CR>由于D28区域往昔曾有著名博士居住，地基与宅邸的加固十分坚固牢靠，因而万幸尚未沦落至坠落至拉榭拉地表的地步。,translated,古雷柯夫,f376298d44,<CR> <CR> <CR> br=0 nl=0,1,keep-tags <CR>; src-longest-line=193
inc/event/res/02/me02_09.txt#23#12,"カノン様のおられる建物も危ない、
だがこのままでは近づくこともできん。
私はこれから地下の{配導盤}を直しにゆく。","卡诺大人所在的建筑岌岌可危，
但眼下根本无法靠近。
我现在要去修复地下的{配导盘}。",translated,古雷柯夫,23b3d1babe,br=1 nl=2,3,keep-terms {配導盤}
inc/event/res/02/me02_09.txt#23#14,夢ノ珠の中心に存在する重力場発生装置を制御・調整するために存在する端末。<CR>配導盤には、重力場発生装置の出力調整から、供給するＴｚ波のキャパシティの拡張、各区域の重力状態の確認など、様々な制御系が集約されている。<CR>そのため万寿沙羅の起動エレベータよりも構造が複雑に入り組んでおり、少々の知識で操作することはできないほか、配導盤へ行くためにはＴｚチューブ・カンパニーが敷いたセキュリティを突破する必要があり、一般の人間は立ち入ることが出来ない。,用于控制和调节位于梦之珠中心的重力场发生装置的终端。<CR>在配导盘上，从重力场发生装置的输出功率调节，到所供给Tz波容量的扩充、各区域重力状态的监控确认等，集成了多种多样的控制系统。<CR>因此其构造比万寿沙罗的轨道升降机更为错综复杂，绝非仅凭粗浅知识便能操作；此外若要前往配导盘，还必须突破Tz管体公司布设的重重安防系统，一般人根本无法涉足。,translated,古雷柯夫,fc31d7d3bd,<CR> <CR> br=0 nl=0,1,keep-tags <CR>; src-longest-line=226
inc/event/res/02/me02_09.txt#24#12,"配導盤……って、ここは一般人が立ち入れる
場所じゃないぞ！？","配导盘……等等，这里可不是
一般人能随便涉足的地方啊！？",translated,库琳,13b9e1508e,br=0 nl=1,2,
inc/event/res/02/me02_09.txt#25#12,"「一般人」は、な。
事情はあとだ、カノン様を助けねばならん！
君たちも一緒に来てくれ。","那是对“一般人”而言。
前因后果容后再议，救卡诺大人要紧！
你们也一起跟来。",translated,古雷柯夫,b1a672c10b,br=0 nl=2,3,
inc/event/res/02/me02_09.txt#26#12,はっ、はい！,好、好的！,translated,库琳,f984ec31cd,br=0 nl=0,1,
inc/event/res/02/me02_09.txt#48#12,待て。,等等。,translated,古雷柯夫,10d91863a8,br=0 nl=0,1,
inc/event/res/02/me02_09.txt#50#12,"おい、お前たち！
そこで何をしてる！！","喂，你们几个！
在那里鬼鬼祟祟干什么！！",translated,古雷柯夫,4185ba9df5,br=0 nl=1,2,
inc/event/res/02/me02_09.txt#52#12,ま、まずい！！,糟、糟糕了！！,translated,工作员,6efbd5f3f5,br=0 nl=0,1,
inc/event/res/02/me02_09.txt#68#12,"あいつらだ！
捕まえろ！！","是他们！
快抓住他们！！",translated,古雷柯夫,45d88cfaf1,br=0 nl=1,2,
inc/event/res/02/me02_09.txt#69#12,お、おい行くぞ！　待てェッ！,喂、快追！站住！！,translated,库琳,da839fb5ad,br=0 nl=0,1,
inc/event/res/02/me02_09.txt#89#12,……ここだ！,……就是这里！,translated,古雷柯夫,1983de9e0e,br=0 nl=0,1,
inc/event/res/02/me02_09.txt#91#12,"（複雑な配線……スイッチとか
　金属パネルとか、軌道エレベイタのとき
　とは比べ物にならない……）","（好复杂的布线……不论是开关
　还是金属面板，比起轨道升降机的时候
　都要繁复太多了……）",translated,依恩,6c7d0f8096,br=0 nl=2,3,
inc/event/res/02/me02_09.txt#94#12,カノン様のおられる区域の重力装置──。,卡诺大人所在区域的重力装置――,translated,古雷柯夫,dcc6915839,br=0 nl=0,1,
inc/event/res/02/me02_09.txt#95#12,……ケーブルが……。,……线缆被……,translated,依恩,1c01f87d08,br=0 nl=0,1,
inc/event/res/02/me02_09.txt#97#12,……これはどういうことだ！？,……这到底是怎么一回事！？,translated,古雷柯夫,5cbab79591,br=0 nl=0,1,
inc/event/res/02/me02_09.txt#98#12,どうかしたんですか……？,出什么事了吗……？,translated,依恩,621bab661a,br=0 nl=0,1,
inc/event/res/02/me02_09.txt#99#12,"この配導盤は、夢ノ珠建設当時のままだ。
こんなキャパシティで、コロン全体の
ウェーブをまかなえるわけがない！","这台配导盘，居然还是梦之珠刚建成时的老样子。
凭这种容量，根本不可能负担得起
整个克隆所需的波动！",translated,古雷柯夫,774660032d,br=0 nl=2,3,
inc/event/res/02/me02_09.txt#100#12,ウェーブって……Tz波のことですよね？,波动……是指Tz波对吧？,translated,依恩,3c2d5181fb,br=0 nl=0,1,
inc/event/res/02/me02_09.txt#101#12,"そうだ。重力場を作るのには、
シェルノトロンと同じくTz波が必要だ。","没错。要形成重力场，
跟榭鲁诺特伦一样需要Tz波。",translated,古雷柯夫,cf4cad1c08,br=0 nl=1,2,
inc/event/res/02/me02_09.txt#102#12,"このコロンの建設当時はまだ、
シェルノトロンはおろか{G2トロン}も
普及してはいなかった。","在这座克隆建设当时，
别说榭鲁诺特伦，就连{G2特伦}都
尚未普及开来。",translated,古雷柯夫,a488a57ad8,br=1 nl=2,3,keep-terms {G2トロン}
inc/event/res/02/me02_09.txt#102#14,現在ラシェーラで使用されているシェルノトロンの一世代前の真空管端末がＧ２トロンである。<CR>シェルノトロンには詩魔法をプログラムするための優秀なＯＳが搭載されているが、それと比べるとＧ２トロンのＯＳはとても素人に扱えるようなものではなかった。そのため、オリジナルの詩魔法を紡ぐには高度なプログラミング能力が必要となり、シェルノトロンのように爆発的な普及はされなかった。<CR>しかし、その難度の高いプログラミングを行うことで、シェルノトロンよりも熱い想いが伝えられると、一部の熱狂的なユーザーから絶大な支持を得ている。,G2特伦是比当前拉榭拉所使用的榭鲁诺特伦早一代的真空管终端。<CR>榭鲁诺特伦搭载了用于为诗魔法编程的优秀操作系统，相比之下G2特伦的操作系统绝非普通外行所能驾驭。因此若要编织原创的诗魔法便需要高深的编程能力，未能在民间如榭鲁诺特伦般呈现爆发式的普及。<CR>然而，凭借完成高难度的编程，能够传递出比榭鲁诺特伦更为炽热浓烈的心念，因而在部分狂热用户之中赢得了极高支持。,translated,古雷柯夫,b0b1ce6a98,<CR> <CR> br=0 nl=0,1,keep-tags <CR>; src-longest-line=260
inc/event/res/02/me02_09.txt#103#12,"だがいまは、
天文住民ひとりにひとつは持っている。","可如今，天文的居民
几乎人手持有一台。",translated,古雷柯夫,15ef993bcf,br=0 nl=1,2,
inc/event/res/02/me02_09.txt#104#12,"それほどのウェーブが消費されている
にもかかわらず、配導盤が更新されて
いなければ──","在消耗如此庞大波动的当下，
若是配导盘一直未曾升级更新――",translated,古雷柯夫,d78630c6f8,br=0 nl=2,3,
inc/event/res/02/me02_09.txt#105#12,"重力場形成に影響が出るのは当然だ、
断線も起こるに決まっている！","重力场的形成受到影响乃是必然的，
断线也注定会频繁发生！",translated,古雷柯夫,81697152a4,br=0 nl=1,2,
inc/event/res/02/me02_09.txt#106#12,"そんなことはとうの昔に話し合われて
改善されているはずなのに……。","这种事情早在很久以前就该商讨完毕
并予以改进了才对……",translated,古雷柯夫,dabecbc149,br=0 nl=1,2,
inc/event/res/02/me02_09.txt#107#12,"チューブ･カンパニーが気付いていない
はずはない。まさかネプツールのヤツめ、
わざとっ……！","管体公司不可能没有察觉到。
难道说尼普楚尔那个混蛋，
是故意……！",translated,古雷柯夫,4c3a03daf9,br=0 nl=2,3,
inc/event/res/02/me02_09.txt#108#12,"グ、グレイコフさん！
いまは先に修理をしないと……！","古、古雷柯夫先生！
现在必须先抓紧修理……！",translated,依恩,da866300e1,br=0 nl=1,2,
inc/event/res/02/me02_09.txt#109#12,ぐっ……ああ、そうだな！,咕……啊啊，你说得对！,translated,古雷柯夫,cf82de3c84,br=0 nl=0,1,
inc/event/res/02/me02_09.txt#110#12,"切られた高圧導線を新しいものに
置き換えよう。
スペアを探してくる。","把被剪断的高压导线换成新的吧。
我去把备用线缆找来。",translated,古雷柯夫,1eee8542cd,br=0 nl=2,3,
inc/event/res/02/me02_09.txt#111#12,あっ、わたしも一緒に！,啊，我也一起找！,translated,依恩,77c9a766c4,br=0 nl=0,1,
inc/event/res/02/me02_09.txt#112#12,君が……？,你……？,translated,古雷柯夫,bcf014e548,br=0 nl=0,1,
inc/event/res/02/me02_09.txt#113#12,"複芯の高圧ユニットケーブルですよね、
わかると思います！","是多芯高压单元线缆对吧，
我想我应该认得出来！",translated,依恩,4fc22fd78e,br=0 nl=1,2,
inc/event/res/02/me02_09.txt#115#12,……わかった、頼む！,……明白了，拜托你了！,translated,古雷柯夫,8f7feaec50,br=0 nl=0,1,
inc/event/res/02/me02_09.txt#116#12,はいっ！,好的！,translated,依恩,d0fd4c6021,br=0 nl=0,1,
inc/event/res/02/me02_09.txt#123#12,！！　ありました！,！！找到了！,translated,依恩,269138b948,br=0 nl=0,1,
inc/event/res/02/me02_09.txt#125#12,"どれだ！
見せてくれ！","哪一根！
快给我看看！",translated,古雷柯夫,d03e9e1bad,br=0 nl=1,2,
inc/event/res/02/me02_09.txt#127#12,これでいいんですよね！？,用这个就可以对吧！？,translated,依恩,3bf51c2e4f,br=0 nl=0,1,
inc/event/res/02/me02_09.txt#128#12,"ああ、大丈夫だ！
これを使おう！","啊啊，没问题！
就用这个！",translated,古雷柯夫,01ec8c17fb,br=0 nl=1,2,
inc/event/res/02/me02_09.txt#129#12,よかった……！,太好了……！,translated,依恩,f1fd7fe8a2,br=0 nl=0,1,
inc/event/res/02/me02_09.txt#130#12,"回路の遮断器、いったん落します！
その間に交換を！","回路的断路器，我先切断了！
趁现在快点更换！",translated,依恩,ce340c1fd8,br=0 nl=1,2,
inc/event/res/02/me02_09.txt#131#12,よし、頼む！,好，拜托了！,translated,古雷柯夫,18c3bd1961,br=0 nl=0,1,
inc/event/res/02/me02_09.txt#147#12,……よし、これでいいはずだ。,……好，这样应该就行了。,translated,古雷柯夫,7c7209f133,br=0 nl=0,1,
inc/event/res/02/me02_09.txt#150#12,"驚いたよ、あなたには。
波動工学に精通している。","真是让我刮目相看啊。
你竟然对波动工程学如此精通。",translated,古雷柯夫,77b35dd27e,br=0 nl=1,2,
inc/event/res/02/me02_09.txt#151#12,さすが、天文の皇女というところか……。,真不愧是天文的皇女么……,translated,古雷柯夫,5c8c168311,br=0 nl=0,1,
inc/event/res/02/me02_09.txt#152#12,"い、いえ、そんな……。
ここへ入れなければ、
わたしだって何も……。","没、没有，哪有那回事……
要是进不来这里的话，
我也什么都做不了的……",translated,依恩,7c4fc9e75d,br=0 nl=2,3,
inc/event/res/02/me02_09.txt#153#12,"グレイコフさんはどうしてこの場所を
知ってたり、入れたりするんですか？","古雷柯夫先生为什么会知道这个地方，
而且还能进得来呢？",translated,依恩,4506900f86,br=0 nl=1,2,
inc/event/res/02/me02_09.txt#154#12,……いまはもう忘れたい、過去の話だ。,……那是我如今只想遗忘的、陈年旧事了。,translated,古雷柯夫,00a948800b,br=0 nl=0,1,
inc/event/res/02/me02_09.txt#155#12,"まさかまた、この現場に関わることに
なるとはな……。","没想到有生之年，竟然还会
再次插手这处现场啊……",translated,古雷柯夫,ac65944305,br=0 nl=1,2,
inc/event/res/02/me02_09.txt#157#12,"……私は以前、チューブ･カンパニーの
経営者のひとりだったのだよ。
アイツと同じ、な……。","……我以前，曾是管体公司的
经营者之一啊。
和那家伙一样……",translated,古雷柯夫,435fd224f0,br=0 nl=2,3,
inc/event/res/02/me02_09.txt#158#12,ネプツールさんと……？,和尼普楚尔先生……？,translated,依恩,92db900855,br=0 nl=0,1,
inc/event/res/02/me02_09.txt#159#12,"いや、要のない話だった。
さぁ、ハンドルを上げて回路を閉じてくれ！","不，都是些无紧要的陈芝麻烂谷子了。
好啦，拉起手柄闭合回路吧！",translated,古雷柯夫,e64dfdcdeb,br=0 nl=1,2,
inc/event/res/02/me02_09.txt#160#12,は、はい！,好、好的！,translated,依恩,958dbedc9e,br=0 nl=0,1,
inc/event/res/02/me02_09.txt#175#12,つ、点いた！,亮、亮起来了！,translated,依恩,f32bf011c0,br=0 nl=0,1,
inc/event/res/02/me02_09.txt#176#12,"どの回路にも断線はなさそうだ……
応急処置としては充分だろう。
……成功だ。","看起来所有回路都没有断线迹象……
作为应急处理已经足够了。
……成功了。",translated,古雷柯夫,c792dee31c,br=0 nl=2,3,
inc/event/res/02/me02_09.txt#177#12,やりましたね、グレイコフさんっ！,太棒了，古雷柯夫先生！,translated,依恩,d725b27042,br=0 nl=0,1,
inc/event/res/02/me02_09.txt#178#12,"でも、……間に合ったんでしょうか？
カノンさんは無事なんでしょうか！？","可是……到底赶上了没有呢？
卡诺小姐平安无事吗！？",translated,依恩,f1670f2823,br=0 nl=1,2,
inc/event/res/02/me02_09.txt#179#12,"わからん……地上へ出て、
カノン様の屋敷を確かめに行こう。","不得而知……先回地表，
去卡诺大人的宅邸确认一下吧。",translated,古雷柯夫,7c71b2bb32,br=0 nl=1,2,
inc/event/res/02/me02_09.txt#196#12,あっ……！,啊……！,translated,依恩,dbfbcee9d5,br=0 nl=0,1,
inc/event/res/02/me02_09.txt#197#12,"あの、断線は直りましたかっ？
カノンさんは無事ですか！？","那个，断线修好了吗？
卡诺小姐平安无事吗！？",translated,依恩,1e1dad11d6,br=0 nl=1,2,
inc/event/res/02/me02_09.txt#200#12,えっ……？,诶……？,translated,依恩,6dc3a99ae1,br=0 nl=0,1,
inc/event/res/02/me02_09.txt#201#12,"……ええ、ご無事ですよ。
屋敷の重力場が戻り、お命に別状は
ないとの報告がありました。","……嗯，平安脱险了。
宅邸的重力场已经恢复，收到报告说
生命并无大碍。",translated,库琳,35ca3953a5,br=0 nl=2,3,
inc/event/res/02/me02_09.txt#202#12,おお！！,太好了！！,translated,古雷柯夫,0175ebe627,br=0 nl=0,1,
inc/event/res/02/me02_09.txt#203#12,はぁ……よかった……！,呼……太好啦……！,translated,依恩,49ca652838,br=0 nl=0,1,
inc/event/res/02/me02_09.txt#205#12,ふン……白々しい……。,哼……装得还真像那么回事……,translated,库琳,cac6923c07,br=0 nl=0,1,
inc/event/res/02/me02_09.txt#206#12,……えっ？,……诶？,translated,依恩,2347919e33,br=0 nl=0,1,
inc/event/res/02/me02_09.txt#207#12,グレイコフ殿、こちらへ……。,古雷柯夫阁下，请退到这边来……,translated,库琳,642bf109ab,br=0 nl=0,1,
inc/event/res/02/me02_09.txt#208#12,"天文皇女イオナサル。
お前を、カノイール皇帝陛下殺害未遂容疑で
逮捕する！","天文皇女依欧娜萨鲁。
我现在以涉嫌企图谋害卡诺伊尔皇帝陛下之罪，
正式将你逮捕！",translated,库琳,b2ff816a0f,br=0 nl=2,3,
inc/event/res/02/me02_09.txt#211#12,えぇッ！！？？,诶诶！！？？,translated,依恩,af4746093a,br=0 nl=0,1,
inc/event/res/02/me02_09.txt#212#12,"どういうことだ！　
我々はいまのいままで、
断線を修理していたんだぞ！","这是怎么回事！
我们直到刚才这一刻，
可是一直在抢修断线啊！",translated,古雷柯夫,9fa7080798,br=0 nl=2,3,
inc/event/res/02/me02_09.txt#213#12,そう言われましても……。,您就算这么说……,translated,库琳,6916bb6c7a,br=0 nl=0,1,
inc/event/res/02/me02_09.txt#214#12,"我々はさきほど、配導盤に工作していた
男たちを捕らえました。","我们方才抓获了在配导盘
暗中破坏动了手脚的那帮男子。",translated,库琳,4d3badee58,br=0 nl=1,2,
inc/event/res/02/me02_09.txt#215#12,彼らが何と、こう証言したのですよ。,他们竟然作出了这般供述呢。,translated,库琳,1a55ae3314,br=0 nl=0,1,
inc/event/res/02/me02_09.txt#216#12,"「天文の皇女イオナサルに、
装置の破壊工作を強要された」……とね。","“是天文的皇女依欧娜萨鲁，
强逼我们对装置进行破坏破坏的”……呢。",translated,库琳,01f77fa71e,br=0 nl=1,2,
inc/event/res/02/me02_09.txt#217#12,え……えぇっ！？,诶……诶诶！？,translated,依恩,bc25e03c1a,br=0 nl=0,1,
inc/event/res/02/me02_09.txt#218#12,何だと！？,你说什么！？,translated,古雷柯夫,0045f73dd6,br=0 nl=0,1,
inc/event/res/02/me02_09.txt#219#12,その上、彼らは驚くべきものを所持していた。,不仅如此，他们身上还携带着令人震惊之物。,translated,库琳,97c3c4dcdc,br=0 nl=0,1,
inc/event/res/02/me02_09.txt#220#12,……天文の皇女の布です！,……正是天文皇女的衣料！,translated,库琳,31dce26bad,br=0 nl=0,1,
inc/event/res/02/me02_09.txt#221#12,"そ、そんなはずありませんっ！
皇女の衣は、ネプツールさんにしか
渡して、な……っ！","怎、怎么可能！
皇女之衣，我明明只给过
尼普楚尔先生一……！",translated,依恩,06c3a38273,br=0 nl=2,3,
inc/event/res/02/me02_09.txt#222#12,"ほら、ボロが出た。
やはりカンパニーが絡んでいましたね。","瞧，露馅了吧。
果然跟管体公司脱不了干系呢。",translated,库琳,9b26f8f6db,br=0 nl=1,2,
inc/event/res/02/me02_09.txt#223#12,"チューブ･カンパニーはいままでも天文側と
結託して、重力場をたびたび遮断しては
我々をこのコロンから排斥しようとした。","管体公司以往便屡次与天文派勾结，
动辄切断重力场企图将我们
从这座克隆彻底排挤出去。",translated,库琳,cef65a270a,br=0 nl=2,3,
inc/event/res/02/me02_09.txt#224#12,"もちろん、天文側はシラを切っていましたが
私はずっと疑っていました。","当然，天文派一直装聋作哑矢口否认，
但我一直深表怀疑。",translated,库琳,a587ea2982,br=0 nl=1,2,
inc/event/res/02/me02_09.txt#225#12,"そして今回、重力装置を工作する
現行犯を押さえることで、ついに真実が
はっきりした。","而这一次，当场抓获了对重力装置
暗下黑手的现行犯，真相终于水落石出了。",translated,库琳,9123342644,br=0 nl=2,3,
inc/event/res/02/me02_09.txt#226#12,"そこにまさか、天文の皇女自身が
絡んでいたのは意外でしたが。","只是没想到，天文的皇女本人竟然也
直接牵扯其中，当真令人意外呢。",translated,库琳,bcef5244fe,br=0 nl=1,2,
inc/event/res/02/me02_09.txt#227#12,"まだこの娘の企みだと決め付けるのは
早かろう！　
工作した男たちがそう言っているに過ぎん。","眼下就断定是这姑娘的阴谋未免操之过急了！
不过是那群破坏分子的一面之词而已。",translated,古雷柯夫,e0c74f0c40,br=0 nl=2,3,
inc/event/res/02/me02_09.txt#228#12,"第一、断線は誰かが意図的に
起こしていたものではない。
その原因も先ほど突き止めた！","第一，断线绝非有人故意挑起的！
其根本原因我们刚才也已经彻底查明了！",translated,古雷柯夫,1a1cc7c913,br=0 nl=2,3,
inc/event/res/02/me02_09.txt#229#12,"グレイコフさん。
あまりその「元」皇女の肩を持つと、
あなたも疑わなくてはならなくなりますよ？","古雷柯夫先生。
若太偏袒那位“前”皇女，
连你也难免会受到怀疑哦？",translated,库琳,0d821b22a9,br=0 nl=2,3,
inc/event/res/02/me02_09.txt#230#12,"まぁいいでしょう。
この事件の真偽は、「夢ノ珠民主裁判」で
公正に判断することにします。","嘛，也罢。
这起事件的真伪虚实，就交由“梦之珠民主审判”
予以公正的裁决吧。",translated,库琳,92067728ec,br=0 nl=2,3,
inc/event/res/02/me02_09.txt#232#12,くっ……！,可恶……！,translated,古雷柯夫,860177663c,br=0 nl=0,1,
inc/event/res/02/me02_11.txt#20#12,ぅ……っ、ぐす……。,呜……呜、抽泣……,translated,依恩,e5ad03821d,br=0 nl=0,1,
inc/event/res/02/me02_11.txt#21#12,"……どういうことなんだ。
配導盤に細工をした連中が、
皇女の衣を持っていたという。","……这到底是怎么回事。
对配导盘动了手脚的那些家伙，
身上竟搜出了皇女之衣。",translated,古雷柯夫,f35b2fc152,br=0 nl=2,3,
inc/event/res/02/me02_11.txt#22#12,君は……まさかとは思うが、本当に……。,你……虽然我觉得绝不可能，但当真……,translated,古雷柯夫,4966fe7b2e,br=0 nl=0,1,
inc/event/res/02/me02_11.txt#23#12,"違います！
わからないんです、どうしてあの人たちが
そんなこと言うのか！","不是我！
我根本不知道，那些人
为什么会说出那种话来！",translated,依恩,5af672b9ba,br=0 nl=2,3,
inc/event/res/02/me02_11.txt#24#12,"いままで誰かに衣を渡したことは？
悪用された可能性はないのか？","你至今为止把衣裳给过谁？
难道就没有被人恶意利用的可能吗？",translated,古雷柯夫,aca946da21,br=0 nl=1,2,
inc/event/res/02/me02_11.txt#25#12,……渡したのは、一度だけ……。,……给过的，只有一次……,translated,依恩,b3adca0783,br=0 nl=0,1,
inc/event/res/02/me02_11.txt#26#12,サーリちゃんに……。,给了莎丽……,translated,依恩,950ff3c342,br=0 nl=0,1,
inc/event/res/02/me02_11.txt#27#12,何だと……？,你说什么……？,translated,古雷柯夫,3241eda054,br=0 nl=0,1,
inc/event/res/02/me02_11.txt#28#12,ネプツールさんが……。,尼普楚尔先生他……,translated,依恩,45cf0bc146,br=0 nl=0,1,
inc/event/res/02/me02_11.txt#29#12,"病気で寝たきりの娘さんに、
お守りとして分けてやってほしいって……。","说希望能作为护身符，
分一点给卧病在床的女儿……",translated,依恩,75dd8271d7,br=0 nl=1,2,
inc/event/res/02/me02_11.txt#30#12,"待て。
ネプツールには確かに、
サーリという娘がいる。","等等。
尼普楚尔确实，
有一个叫莎丽的女儿。",translated,古雷柯夫,a0260cae41,br=0 nl=2,3,
inc/event/res/02/me02_11.txt#31#12,"だが、寝たきりだなんて話は
聞いたことがない。","但我可从来没听说过
她卧病在床这种事。",translated,古雷柯夫,810a675f94,br=0 nl=1,2,
inc/event/res/02/me02_11.txt#32#12,え……ッ！？,诶……！？,translated,依恩,a4abe73fc6,br=0 nl=0,1,
inc/event/res/02/me02_11.txt#33#12,"ふン、娘までダシに使って……。
あの男のやりそうなことだ。","哼，连自己的亲生女儿都拿来当借口……
真像是那个男人干得出来的事。",translated,古雷柯夫,e3ca9f4d44,br=0 nl=1,2,
inc/event/res/02/me02_11.txt#34#12,君は騙されたんだよ、イオナサル。,你被人家给骗了啊，依欧娜萨鲁。,translated,古雷柯夫,e843f7a640,br=0 nl=0,1,
inc/event/res/02/me02_11.txt#35#12,そんなっ……！,怎会这样……！,translated,依恩,9a00dca902,br=0 nl=0,1,
inc/event/res/02/me02_11.txt#36#12,"ネプツールさんは……そんなことする
人じゃないと、思います……。","尼普楚尔先生……我想他应该不是
会做出这种事的人才对……",translated,依恩,61af7bb62f,br=0 nl=1,2,
inc/event/res/02/me02_11.txt#38#12,"君はどこまでお人好しなんだ。
現に我々はこんな状況にある、
冷静に考えてみなさい。","你到底要天真好心到什么地步啊。
事已至此我们都落得这副田地了，
你冷静下来好好想一想。",translated,古雷柯夫,8b17deea0e,br=0 nl=2,3,
inc/event/res/02/me02_11.txt#39#12,"ネプツールは子飼いの部下に命じて、
カノン様の屋敷の区域に断線を起こさせた。","尼普楚尔指使自己的心腹部下，
在卡诺大人宅邸所在的区域蓄意引发断线。",translated,古雷柯夫,b40ac7827c,br=0 nl=1,2,
inc/event/res/02/me02_11.txt#40#12,"一方で、あらかじめ君から
皇女の衣を手に入れておいた……。","另一方面，又预先从你手中
骗取了皇女之衣……",translated,古雷柯夫,ca316fe10b,br=0 nl=1,2,
inc/event/res/02/me02_11.txt#41#12,"君に罪を着せるためだ。
最初からそう仕組まれていたのだ。","就是为了把罪名全扣在你的头上。
从一开始这一切便全是陷阱圈套。",translated,古雷柯夫,7041777496,br=0 nl=1,2,
inc/event/res/02/me02_11.txt#44#12,ぅう……、く……ぐすっ……。,呜呜……、呜……抽泣……,translated,依恩,c58d931f12,br=0 nl=0,1,
inc/event/res/02/me02_11.txt#45#12,ごめんなさい……。,对不起……,translated,依恩,6d9e197c39,br=0 nl=0,1,
inc/event/res/02/me02_11.txt#46#12,"わたし……グレイコフさんまで、
巻き込んでしまって……。","我……把古雷柯夫先生您
也给连累了进来……",translated,依恩,02d70b4c98,br=0 nl=1,2,
inc/event/res/02/me02_11.txt#47#12,"わたしをかばったから、
こんなことに……。","因为您护着我，
才会落得这般下场……",translated,依恩,78abadc0a8,br=0 nl=1,2,
inc/event/res/02/me02_11.txt#48#12,かばったわけではないよ。,我可不是在包庇你。,translated,古雷柯夫,72885ea9c3,br=0 nl=0,1,
inc/event/res/02/me02_11.txt#49#12,"地下で私を見て逃げ出した男たちと、
配導盤の修理に本気で取り組んだ君と。","在地下一看到我就吓得落荒而逃的那些男人，
以及真心实意拼命抢修配导盘的你。",translated,古雷柯夫,72bf9a8eb4,br=0 nl=1,2,
inc/event/res/02/me02_11.txt#50#12,"どちらが信用に足るか……
考えなくともわかることだ。
謝られる理由はない。","到底哪一边才值得信任……
这根本用不着思考。你毫无向我道歉的理由。",translated,古雷柯夫,5f29fe3e4f,br=0 nl=2,3,
inc/event/res/02/me02_11.txt#51#12,"でもっ、……グレイコフさんが
こんなことになってるって知ったら……。","可是，……要是知道古雷柯夫先生
落到了这步田地……",translated,依恩,69db64084c,br=0 nl=1,2,
inc/event/res/02/me02_11.txt#52#12,キャスちゃん…きっと悲しむし…,凯斯她……肯定会很伤心的……,translated,依恩,56a0e72aa5,br=0 nl=0,1,
inc/event/res/02/me02_11.txt#56#12,君は……。,你这姑娘……,translated,古雷柯夫,fdb84bf20e,br=0 nl=0,1,
inc/event/res/02/me02_11.txt#57#12,"自分が濡れ衣を着せられようというときに、
どうしてキャスティのことなど
考えられるんだ？","明明自己正被人扣上莫须有的罪名，
为什么心里反倒还在担心凯斯蒂的事呢？",translated,古雷柯夫,bbc8b5bd6b,br=0 nl=2,3,
inc/event/res/02/me02_11.txt#58#12,"だって……わたしの、大事な……
お友達なんです……。","因为……她是我的，非常珍贵的……
好朋友呀……",translated,依恩,116fa0cc11,br=0 nl=1,2,
inc/event/res/02/me02_11.txt#59#12,……まったく、君には驚かされてばかりだ。,……真是的，我总是在被你出乎意料地惊到。,translated,古雷柯夫,4bd6d44b88,br=0 nl=0,1,
inc/event/res/02/me02_11.txt#63#12,"……前にも、キャスのことで
何か話そうとしていたな。
言いたいことでもあるのかね？","……先前，你也试图同我谈起凯斯的事吧。
你到底想说什么呢？",translated,古雷柯夫,98178607ca,br=0 nl=2,3,
inc/event/res/02/me02_11.txt#65#12,は、はいっ！　あのっ……。,是、是的！那个……,translated,依恩,3d8f41fb70,br=0 nl=0,1,
inc/event/res/02/me02_11.txt#66#12,"キャスちゃんと……
仲直りしてくださいっ！","请您和凯斯……
重归于好吧！",translated,依恩,dd61c4bca6,br=0 nl=1,2,
inc/event/res/02/me02_11.txt#67#12,何か、事情があるんだとは思います……。,我想，您一定是有什么难言之隐……,translated,依恩,24a8edb231,br=0 nl=0,1,
inc/event/res/02/me02_11.txt#68#12,"でもきっと、キャスちゃんだって
お父さんとけんかばかりなんて
辛いって思ってます！","可是，老是和自己的父亲争吵不断，
凯斯心里肯定也觉得非常难过痛苦！",translated,依恩,e1b67773c0,br=0 nl=2,3,
inc/event/res/02/me02_11.txt#70#12,"いまは……ター坊がそばにいて
支えてあげてるけど……。","虽然现在……有阿达陪在身边
一直在支持着她……",translated,依恩,58f735269b,br=0 nl=1,2,
inc/event/res/02/me02_11.txt#71#12,"いつまでもこのままじゃ、
絶対ダメです……。","但一直这么僵持下去，
绝对是不行的……",translated,依恩,61a0c08505,br=0 nl=1,2,
inc/event/res/02/me02_11.txt#72#12,"だから、仲直りして……ター坊とも
一緒にいさせてあげてくださいっ！","所以，请您和她和好……也请允许她
和阿达在一起吧！",translated,依恩,97afbd16c7,br=0 nl=1,2,
inc/event/res/02/me02_11.txt#73#12,"キャスちゃんに……哀しい想い、
してほしくないんです……。","我不希望看到凯斯……
再沉浸在悲伤的心情之中了……",translated,依恩,1460edd0db,br=0 nl=1,2,
inc/event/res/02/me02_11.txt#75#12,……っく、ぅ……。,……呜、呜……,translated,依恩,02710833e6,br=0 nl=0,1,
inc/event/res/02/me02_11.txt#78#12,イオナサル、私は──。,依欧娜萨鲁，我――,translated,古雷柯夫,055cdd7bfa,br=0 nl=0,1,
inc/event/res/02/me02_11.txt#81#12,時間だ。出ろ。,时间到了。出来。,translated,男子Ａ,de842d99be,br=0 nl=0,1,
inc/event/res/02/me02_11.txt#83#12,……ッ……！,……！,translated,依恩,dcc2584658,br=0 nl=0,1,
inc/event/res/02/me02_11.txt#107#12,"天文派住民のみなさん。
ただいまより、夢ノ珠民主裁判を
開廷します。","天文派的各位居民们。
从现在起，梦之珠民主审判
正式开庭。",translated,库琳,6ca97b8a9a,br=0 nl=2,3,
inc/event/res/02/me02_11.txt#114#12,"ここにいる天文皇女イオナサルに、
重大犯罪の容疑がかかりました。","站在此处的天文皇女依欧娜萨鲁，
涉嫌犯下重大罪行。",translated,库琳,01b3be77bc,br=0 nl=1,2,
inc/event/res/02/me02_11.txt#115#12,"罪状は……カノイール地文皇女暗殺の
共謀・共同正犯。","罪名是……暗杀卡诺伊尔地文皇女之
合谋及共同正犯。",translated,库琳,e56b8cd7bf,br=0 nl=1,2,
inc/event/res/02/me02_11.txt#117#12,"実行犯も我々が拘束しました。
彼らはチューブ･カンパニーに所属する
作業員と判明した。","实施暗杀的实行犯亦已被我们悉数拘捕，
经查明，他们全系隶属于管体公司的作业员。",translated,库琳,aa20cfbf44,br=0 nl=2,3,
inc/event/res/02/me02_11.txt#118#12,"イオナサル容疑者は、
作業員たちに皇女の衣を授けた……。","依欧娜萨鲁嫌疑人，
将皇女之衣赐予了作业员们……",translated,库琳,6d9545a63f,br=0 nl=1,2,
inc/event/res/02/me02_11.txt#119#12,"そして、カノイール皇女のいる区域の
重力場を遮断するよう、強要したのです！","并强令他们，
切断卡诺伊尔皇女所在区域的重力场！",translated,库琳,92156db507,br=0 nl=1,2,
inc/event/res/02/me02_11.txt#126#12,わ、わたし、そんなことしてません！,我、我根本没有做过那种事！,translated,依恩,685c64cfa0,br=0 nl=0,1,
inc/event/res/02/me02_11.txt#127#12,"そんなバカげたことをする必要が
どこにある！？","她究竟有何必要
去做那种荒唐愚蠢的事！？",translated,古雷柯夫,5ec011dc2f,br=0 nl=1,2,
inc/event/res/02/me02_11.txt#128#12,"必要？　決まっている！
皇位継承を争うカノイール様を、
亡きものにしようと企んだのだ！","必要？那还用说吗！
当然是为了除掉与她争夺皇位的
卡诺伊尔大人啊！",translated,库琳,6047b673c6,br=0 nl=2,3,
inc/event/res/02/me02_11.txt#129#12,"そんなことっ……か、考えても
いません……。","那种可怕的事……我、我想都
从来没有想过……",translated,依恩,7d92a2d117,br=0 nl=1,2,
inc/event/res/02/me02_11.txt#130#12,"ふン、口ではなんとでも言える。
さらに、グレイコフ殿……。","哼，嘴长在你身上自然任你怎么狡辩。
此外，古雷柯夫阁下……",translated,库琳,b60de61693,br=0 nl=1,2,
inc/event/res/02/me02_11.txt#131#12,"あなたはカノイール陛下の
おそばにありながら、
なぜイオナサルの肩を持つのか？","你明明长年侍奉在卡诺伊尔陛下身侧，
为何却偏偏要偏袒依欧娜萨鲁？",translated,库琳,fea83c5087,br=0 nl=2,3,
inc/event/res/02/me02_11.txt#132#12,"私は事実を明らかにしろと
言っているだけだ！",我不过是要求你们把事实查清楚而已！,translated,古雷柯夫,d4c5a77467,br=0 nl=1,2,
inc/event/res/02/me02_11.txt#133#12,"事実は明らかだ。
あなたも共犯なのだ！","事实已经昭然若揭了。
你也是共犯！",translated,库琳,94c32db1c1,br=0 nl=1,2,
inc/event/res/02/me02_11.txt#134#12,何だと！？,你说什么！？,translated,古雷柯夫,0045f73dd6,br=0 nl=0,1,
inc/event/res/02/me02_11.txt#135#12,"あなたの娘……キャスティは、
そのイオナサルと通じていますね？","你的女儿……凯斯蒂，
私下与那个依欧娜萨鲁勾结串通吧？",translated,库琳,f642217353,br=0 nl=1,2,
inc/event/res/02/me02_11.txt#136#12,何をバカげた……、娘は関係ない！,一派胡言……小女与此事毫无干系！,translated,古雷柯夫,6289981ac6,br=0 nl=0,1,
inc/event/res/02/me02_11.txt#137#12,"イオナサルとキャスティは、
カノイール陛下に敵対する
行動をとっていた……。","依欧娜萨鲁与凯斯蒂，
此前曾屡次采取敌视卡诺伊尔陛下的行动……",translated,库琳,c11cb71ce7,br=0 nl=2,3,
inc/event/res/02/me02_11.txt#138#12,"あなたの連れてきた、
万寿沙羅住民の証言です。
否定はできませんね？","这是你亲自带来的
万寿沙罗居民的亲口证言。你无法否认吧？",translated,库琳,626d84e34d,br=0 nl=2,3,
inc/event/res/02/me02_11.txt#139#12,"あなたは表向きはカノイール陛下に
従いながら、その実、キャスティを使って
イオナサルに協力していた！","你表面上对卡诺伊尔陛下俯首称臣，
实则暗地里指使凯斯蒂协助依欧娜萨鲁！",translated,库琳,e2adc95a96,br=0 nl=2,3,
inc/event/res/02/me02_11.txt#140#12,違うッ！！,一派胡言！！,translated,古雷柯夫,ef9b5e757c,br=0 nl=0,1,
inc/event/res/02/me02_11.txt#142#12,"みなさん。
彼らが犯行に関わったという、
動かぬ証拠をお見せしましょう！","诸位。
现在就让大家亲眼看一看证明他们涉案的、
铁证如山的铁证吧！",translated,库琳,d83d061eb8,br=0 nl=2,3,
inc/event/res/02/me02_11.txt#144#12,っ、それ、は……っ！,啊、那、那是……！,translated,依恩,96b3a752ad,br=0 nl=0,1,
inc/event/res/02/me02_11.txt#145#12,断線を起こした実行犯が持っていたものです。,这是从引发断线的实行犯身上搜查出来的东西。,translated,库琳,9d8b316b67,br=0 nl=0,1,
inc/event/res/02/me02_11.txt#146#12,"正真正銘、天文の皇女の衣だ！
これで言い逃れはできまい！","货真价实，正是天文皇女的衣裳！
这下你无从抵赖了吧！",translated,库琳,1ede045adb,br=0 nl=1,2,
inc/event/res/02/me02_11.txt#150#12,"ひっ、……酷い……。
サーリちゃんのために作ったお守り、
なのに……。","怎、……怎么会这样……
那明明是我为了莎丽……亲手缝制的小护身符啊……",translated,依恩,4173493f96,br=0 nl=2,3,
inc/event/res/02/me02_11.txt#151#12,さぁ、これでもシラを切るつもりか！？,如何，事到如今你还打算装聋作哑吗！？,translated,库琳,61cbb67967,br=0 nl=0,1,
inc/event/res/02/me02_11.txt#152#12,"違います！
それは……ネプツールさんに
頼まれて、お守りにしたいから、って……。","不是的！
那是……因为尼普楚尔先生拜托我，
说是想给女儿当护身符，我才……",translated,依恩,3de75af649,br=0 nl=2,3,
inc/event/res/02/me02_11.txt#153#12,"その件も確認がとれている。
当局によれば、ネプツール氏はちゃんと
娘さんに渡す衣を所持しているそうだ。","此事我们也已核实查证过了。
据当局所言，尼普楚尔先生手中
确实妥善收存着要交给爱女的衣料。",translated,库琳,3441d2d8c6,br=0 nl=2,3,
inc/event/res/02/me02_11.txt#154#12,"そんなはずないですっ！
わたし、ネプツールさん以外
誰にも渡して、ない……。","怎么会这样！
我除了尼普楚尔先生以外，
明明根本没有给过任何人……",translated,依恩,6f45fbccf7,br=0 nl=2,3,
inc/event/res/02/me02_11.txt#163#12,嘘をつくなッ！,别再撒谎了！,translated,天文之民Ａ,90ffb66f47,br=0 nl=0,1,
inc/event/res/02/me02_11.txt#164#12,"そこまでして皇女になりたいのか、
天文の面汚し！","为了当上皇女竟如此不择手段，
简直是天文的耻辱！",translated,天文之民Ｂ,2de78b2c52,br=0 nl=1,2,
inc/event/res/02/me02_11.txt#165#12,卑怯者ッ！！,卑鄙小人！！,translated,地文之民Ｂ,c191e030b5,br=0 nl=0,1,
inc/event/res/02/me02_11.txt#167#12,"……どうやら、お集まりのみなさんには
充分納得いただけたようですな。
ではこれより、判決を……。","……看来，在场的各位
都已经心明眼亮了呢。
那么自此刻起，宣布判决……",translated,库琳,658e933c19,br=0 nl=2,3,
inc/event/res/02/me02_11.txt#175#12,異議あァアりッ！,我反――对――！,translated,妮伊,f469358d4c,br=0 nl=0,1,
inc/event/res/02/me02_11.txt#191#12,ネイちゃん……！？,妮伊……！？,translated,依恩,2b79f39665,br=0 nl=0,1,
inc/event/res/02/me02_11.txt#194#12,"異議あり異議あり、
異議ありぃーーーーッ！！！","我反对我反对，
我――反――对――――！！！",translated,妮伊,16792a7615,br=0 nl=1,2,
inc/event/res/02/me02_11.txt#195#12,"あはっ、たーのしーい♪♪
一生に一度は言ってみたいこのセリフぅ！！","啊哈哈，太好玩啦♪♪
这句台词我可是一辈子都想亲口喊一次呢！！",translated,妮伊,9270e07b69,br=0 nl=1,2,
inc/event/res/02/me02_11.txt#196#12,もっぺん言お。異議あ…,再喊一次好啦。我反……,translated,妮伊,39df53644a,br=0 nl=0,1,
inc/event/res/02/me02_11.txt#197#12,何なんだ、貴様！？,你这家伙，到底何方神圣！？,translated,库琳,f7ab27a0e5,br=0 nl=0,1,
inc/event/res/02/me02_11.txt#198#12,あ。……いいとこなのにぃ。,啊。……人家正说到兴头上呢。,translated,妮伊,e17a804f9c,br=0 nl=0,1,
inc/event/res/02/me02_11.txt#199#12,"おい誰か！
この女をつまみ出せ！","喂，来人！
把这个女人给我轰出去！",translated,库琳,6b1bc28ba4,br=0 nl=1,2,
inc/event/res/02/me02_11.txt#200#12,"えー？　そんなこと言っていいのぉ？
あたし、ベンゴ側のショーニンって
ヤツよ？？","诶～？这种话你也说得出口啊？
我可是辩方证人呢？？",translated,妮伊,df749d6a71,br=0 nl=2,3,
inc/event/res/02/me02_11.txt#201#12,何だと……！？,你说什么……！？,translated,库琳,5a56e80d38,br=0 nl=0,1,
inc/event/res/02/me02_11.txt#202#12,"ちょっとその証拠物件、
拝借しますよっと。","那件物证，
先借我用一下咯。",translated,妮伊,d9ebcbd5ab,br=0 nl=1,2,
inc/event/res/02/me02_11.txt#204#12,あっ、何をする！,啊，你干什么！,translated,库琳,c83d04a014,br=0 nl=0,1,
inc/event/res/02/me02_11.txt#205#12,"はいみなさん、ちゅうもーく♪
これは、イオンが作業員に言うことを
きかせるために渡した衣だそーです。","好啦各位，请看过来♪
据说这是依恩为了让作业员听话
而交给他们的衣料呢。",translated,妮伊,7d7b45d814,br=0 nl=2,3,
inc/event/res/02/me02_11.txt#206#12,"ところがどっこい？
イオンはこれを、病気の子にお守りとして
渡したんだと言ってます。","可是奇怪啦？
依恩却坚持说，这是为了生病的孩子
当作护身符才做出来的。",translated,妮伊,4a38e927fd,br=0 nl=2,3,
inc/event/res/02/me02_11.txt#207#12,さて、どっちが本当なんでしょうかー♪,那么，到底哪一边才是真的呢～♪,translated,妮伊,8217049bce,br=0 nl=0,1,
inc/event/res/02/me02_11.txt#208#12,貴様ァ、ふざけてるのか！？,混账丫头，你在耍我们吗！？,translated,库琳,ea8fd21438,br=0 nl=0,1,
inc/event/res/02/me02_11.txt#210#12,"ふざけてんのはあんたよ、区長さん。
黙ってて。","在耍大家的明明是你才对吧，区长先生。
闭上嘴老实呆着。",translated,妮伊,91aa5228d8,br=0 nl=1,2,
inc/event/res/02/me02_11.txt#211#12,う……。,呃……,translated,库琳,0575ab0d2a,br=0 nl=0,1,
inc/event/res/02/me02_11.txt#214#12,"そこでコレ、{高感度シェルノトロン}の
登場でぇ～す♪","接下来就是这件，{高灵敏度榭鲁诺特伦}的
登场时间咯～♪",translated,妮伊,75e0f5c284,br=1 nl=1,2,keep-terms {高感度シェルノトロン}
inc/event/res/02/me02_11.txt#214#14,モノに染み付いた想いを読み取ることが出来る高感度のシェルノトロン。<CR>この世界における全てのモノにはどんな小さなものでも人や動物の想いが入り込んでいく。<CR>それは想いを込めて作られたものほど強く、長く存在し続ける。道や石、木にも想いは入り込み、高感度シェルノトロンを使用することで少し前の事柄であれば、読み取ることが可能である。<CR>非常に高価で一般には早々出回らない貴重品であり、警察が犯罪捜査に信憑性の高い証拠として利用するほどの高性能を誇る。<CR>最新の高感度シェルノトロンでは、読み取った想いを記録し、保持し続ける機能もついているらしい。,能够读取渗透在物体中心念的高灵敏度榭鲁诺特伦。<CR>在这个世界中，世间万物不论多么微小，都会渗入人类或动物的心念。<CR>倾注心意制作而成的物品，其渗入的心念尤为强烈，且留存时间更长。连道路、石块或树木中亦会渗入心念，只要使用高灵敏度榭鲁诺特伦，便能读取不久之前发生的事情。<CR>属于极其昂贵、普通民间极难见到的稀有珍品，具备极高的性能，甚至被警方用于犯罪侦查作为具备高度可信度的呈堂证据。<CR>在最新型的高灵敏度榭鲁诺特伦上，据说还搭载了能够将读取到的心念予以记录并持续留存的先进功能。,translated,妮伊,19bc140049,<CR> <CR> <CR> <CR> br=0 nl=0,1,keep-tags <CR>; src-longest-line=279
inc/event/res/02/me02_11.txt#215#12,"モノに宿った想いを読み取って
見せてくれる、ちょー便利なアイテム♪
ケーサツの捜査でも使うスグレモノ！","能够读取并显现宿在物体中心念的、
超方便道具♪
连警方搜查都在用的极品宝贝哦！",translated,妮伊,bbd5125e92,br=0 nl=2,3,
inc/event/res/02/me02_11.txt#216#12,"コレを衣に当てて想いを読み取れば、
真実はいちもくりょーぜん！","只要用它对着衣裳读取残留的心念，
真相立刻一目了然！",translated,妮伊,fecc6e856e,br=0 nl=1,2,
inc/event/res/02/me02_11.txt#217#12,でもお高いんでしょう？,不过这玩意儿肯定很贵吧？,translated,妮伊,55bfab2642,br=0 nl=0,1,
inc/event/res/02/me02_11.txt#218#12,"いえいえ今回はお求めやすく！
なんと……。","哪里哪里，本次特价优惠大酬宾！
只要……",translated,妮伊,ebbaf8a7c9,br=0 nl=1,2,
inc/event/res/02/me02_11.txt#223#12,もー、冗談のわからない一般市民だなぁ。,真是的，平民百姓真是一点幽默感都没有呢。,translated,妮伊,d6cecc5b25,br=0 nl=0,1,
inc/event/res/02/me02_11.txt#224#12,"はいそれでは、
衣の想いを読み取ってみまぁす♪","好啦那么，
我就来读取一下这块布料上的心念咯♪",translated,妮伊,3312178659,br=0 nl=1,2,
inc/event/res/02/me02_11.txt#225#12,"そこのテレビにも映すから、
みんな見ててね。","那边的电视屏幕上也会同步映出来，
大家都看好咯。",translated,妮伊,305c6ed912,br=0 nl=1,2,
inc/event/res/02/me02_11.txt#238#12,"できたぁっ♪
お守りくまさん♪♪","做好啦♪
护身符小熊♪♪",translated,依恩,7c91339647,br=0 nl=1,2,
inc/event/res/02/me02_11.txt#239#12,サーリちゃん、喜んでくれるかなぁ？,不知道莎丽收到会不会高兴呢？,translated,依恩,b354719acc,br=0 nl=0,1,
inc/event/res/02/me02_11.txt#241#12,"サーリちゃんの病気が
早く良くなりますように……。","希望莎丽的病
能够快快好起来……",translated,依恩,65a5c87f81,br=0 nl=1,2,
inc/event/res/02/me02_11.txt#243#12,"よし、と！
くまさん、サーリちゃんをよろしくね♪","好啦！
小熊，莎丽就拜托你保护咯♪",translated,依恩,e54e7b6913,br=0 nl=1,2,
inc/event/res/02/me02_11.txt#261#12,……どういうこと？,……这是怎么回事？,translated,天文之民Ｄ,070ababebd,br=0 nl=0,1,
inc/event/res/02/me02_11.txt#262#12,"作業員とネプツールが
嘘をついてるってことか！？","难道说是作业员和尼普楚尔
在撒谎做伪证吗！？",translated,天文之民Ｃ,72d0414b1b,br=0 nl=1,2,
inc/event/res/02/me02_11.txt#263#12,どっちにしても天文が悪いんじゃねぇか！,不管怎样错的不还是天文那帮家伙吗！,translated,地文之民Ｄ,74316abce1,br=0 nl=0,1,
inc/event/res/02/me02_11.txt#264#12,何だと！？,你说什么！？,translated,天文之民Ｃ,0045f73dd6,br=0 nl=0,1,
inc/event/res/02/me02_11.txt#277#12,"イオン、だいじょうぶ？
今、縄を切るからね。","依恩，没事吧？
我现在就帮你把绳子切断哦。",translated,妮伊,2ccd8ad509,br=0 nl=1,2,
inc/event/res/02/me02_11.txt#279#12,ネイちゃん！？,妮伊！？,translated,依恩,bcc0de7b1f,br=0 nl=0,1,
inc/event/res/02/me02_11.txt#280#12,"バカのお祭りにつきあってらんないわ。
戦略的撤退っ♪","我才没闲工夫陪这群傻瓜起哄呢。
战略性撤退咯♪",translated,妮伊,f1e77593e3,br=0 nl=1,2,
inc/event/res/02/me02_11.txt#284#12,あっ、ネイちゃん！　待って、うわっ……。,啊，妮伊！等一下，哇啊……,translated,依恩,771b003f7b,br=0 nl=0,1,
inc/event/res/02/me02_11.txt#303#12,……あーあ。,……啊～啊。,translated,妮伊,53def18788,br=0 nl=0,1,
inc/event/res/02/me02_11.txt#304#12,"思い込みで裁判なんてやるから
ワキが甘くなるのよ。
いつまででも遊んでろ、って感じー。","凭着主观臆断搞什么审判，
破绽百出成何体统啊。
随他们爱怎么闹腾就怎么闹腾去吧。",translated,妮伊,89d7b7dfd4,br=0 nl=2,3,
inc/event/res/02/me02_11.txt#305#12,ネ、ネイちゃん……、ありがと……。,妮、妮伊……谢谢你……,translated,依恩,6aff92f86e,br=0 nl=0,1,
inc/event/res/02/me02_11.txt#306#12,"ネイちゃんが来てくれなかったら、
わたし……。","要是妮伊没有赶来的话，
我可能就……",translated,依恩,074405c134,br=0 nl=1,2,
inc/event/res/02/me02_11.txt#307#12,私からも礼を言おう……助かった。,我也向你道谢……多亏你了。,translated,古雷柯夫,df3f9d2e89,br=0 nl=0,1,
inc/event/res/02/me02_11.txt#308#12,いいのよー、大したことはしてないし。,算啦算啦，我也没做什么大不了的事。,translated,妮伊,6bb60e7ab7,br=0 nl=0,1,
inc/event/res/02/me02_11.txt#309#12,"ただちょっと嫌な予感はしてたからね。
カノンの屋敷を狙ったみたいに
断線が起こったんだから。","只是我隐约有种不祥的预感而已啦。
毕竟那起断线简直就像精准冲着卡诺的宅邸去的一样。",translated,妮伊,7049af11a0,br=0 nl=2,3,
inc/event/res/02/me02_11.txt#310#12,"──！
そうだ、カノンさん……！","――！
对啦，卡诺小姐……！",translated,依恩,a2f6fae3f7,br=0 nl=1,2,
inc/event/res/02/me02_11.txt#311#12,"あれからまだお会いできていない。
ご無事なのか……！","从那之后我还没能与她相见。
她当真平安无事吗……！",translated,古雷柯夫,9a70bf365a,br=0 nl=1,2,
inc/event/res/02/me02_11.txt#312#12,"断線が収まってから
地文の人たちと協力して助けたわ。","断线平息之后，
我跟地文的人合力把她救出来了哦。",translated,妮伊,d7fb599bcd,br=0 nl=1,2,
inc/event/res/02/me02_11.txt#313#12,おお、そうか！,哦，当真如此！,translated,古雷柯夫,e78c3428e5,br=0 nl=0,1,
inc/event/res/02/me02_11.txt#314#12,ケガとかは大丈夫！？,她受伤没有，没事吧！？,translated,依恩,652efa225c,br=0 nl=0,1,
inc/event/res/02/me02_11.txt#315#12,うぅん、見た感じ平気だったと思うけど。,唔，看着倒是挺精神的。,translated,妮伊,620da6f2cd,br=0 nl=0,1,
inc/event/res/02/me02_11.txt#316#12,"あの屋敷で休ませてるはずよ。
会いに行く？","现在应该正在那座宅邸里休息呢。
要去见她吗？",translated,妮伊,4aa54524ce,br=0 nl=1,2,
inc/event/res/02/me02_11.txt#317#12,う、うんっ！,嗯、嗯！,translated,依恩,a42e6b9849,br=0 nl=0,1,
inc/event/res/02/me02_11.txt#318#12,無論だ！,那是自然！,translated,古雷柯夫,b9647374cb,br=0 nl=0,1,
inc/event/res/02/me02_12.txt#21#12,カノンさんっ！！,卡诺小姐！！,translated,依恩,a88831fbdb,br=0 nl=0,1,
inc/event/res/02/me02_12.txt#22#12,カノン様、ご無事ですか！,卡诺大人，您平安无事吗！,translated,古雷柯夫,c79b9bac68,br=0 nl=0,1,
inc/event/res/02/me02_12.txt#23#12,"ええ。このとおり、大丈夫です。
ありがとう。","嗯。如你们所见，我很好。
谢谢你们。",translated,卡诺,6cc2dc1ff4,br=0 nl=1,2,
inc/event/res/02/me02_12.txt#24#12,"重力場の遮断も復帰も
ある程度穏やかだったようで、
気を失う程度で済みました。","重力场的阻断与恢复
似乎都在一定程度上较为平缓，
我也只是稍微失去了意识而已。",translated,卡诺,2c099c3496,br=0 nl=2,3,
inc/event/res/02/me02_12.txt#25#12,"この椅子に助けられたわね……。
普通の椅子だったらきっとパン生地のように
上下に叩きつけられていたでしょう。","多亏了这张椅子救了我呢……
若是普通的椅子，只怕早就如面团一般
被狠狠砸向天花板与地面了吧。",translated,卡诺,5d318464f9,br=0 nl=2,3,
inc/event/res/02/me02_12.txt#26#12,"……皇女には運の強さも必要って
とこかしらねー。",……当皇女果然也得命硬才行呢――,translated,妮伊,2bbb2d4de5,br=0 nl=1,2,
inc/event/res/02/me02_12.txt#27#12,よかった……。,太好了……,translated,依恩,f343c496ce,br=0 nl=0,1,
inc/event/res/02/me02_12.txt#28#12,"イオナサル。
あなたこそ大丈夫なのですか？","依欧娜萨鲁。
倒是你，你自己没事吧？",translated,卡诺,13cdff6599,br=0 nl=1,2,
inc/event/res/02/me02_12.txt#29#12,地文の区長らに拘束されたと聞きましたが……。,我听说你被地文的区长他们扣押了……,translated,卡诺,d42e5bfb10,br=0 nl=0,1,
inc/event/res/02/me02_12.txt#30#12,"うぅ……はい……。
それで、裁判にかけられて……。","呜……是的……
还被送去了审判席……",translated,依恩,bb168c453d,br=0 nl=1,2,
inc/event/res/02/me02_12.txt#32#12,"……イオナサル。
あなたは私を騙したわけではありませんね？","……依欧娜萨鲁。
你并没有欺骗我，对吧？",translated,卡诺,f4d3c935b2,br=0 nl=1,2,
inc/event/res/02/me02_12.txt#33#12,"ネプツールと通じて、私のいる区域の重力場を
故意に遮断させた……。","勾结尼普楚尔，故意切断了我所在区域的
重力场……",translated,卡诺,17f5c0a976,br=0 nl=1,2,
inc/event/res/02/me02_12.txt#34#12,"ち、違いますっ！
わたし、本当にそんなことっ……！","不、不是的！
我真的绝没有做过那种事……！",translated,依恩,1cdda43781,br=0 nl=1,2,
inc/event/res/02/me02_12.txt#35#12,"カノン様。
私はずっと、イオナサルさまと
行動をともにしておりました。","卡诺大人。
这一路上我一直与依欧娜萨鲁大人同行。",translated,古雷柯夫,0cf2ccfee6,br=0 nl=2,3,
inc/event/res/02/me02_12.txt#36#12,"恐れながら、イオナサルさまを
疑うべき理由は見当たりません。","恕我直言，我认为绝无任何
怀疑依欧娜萨鲁大人的理由。",translated,古雷柯夫,0f70372118,br=0 nl=1,2,
inc/event/res/02/me02_12.txt#37#12,"……よかった。
貴女を疑いたくは無かったのです。
さぁ、何があったのか、聞かせてください。","……太好了。
我本心亦不愿去怀疑你。
好啦，方才究竟发生了何事，不妨讲给我听听吧。",translated,卡诺,533bd86285,br=0 nl=2,3,
inc/event/res/02/me02_12.txt#40#12,はい。,遵命。,translated,古雷柯夫,8b9236cd4b,br=0 nl=0,1,
inc/event/res/02/me02_12.txt#41#12,"断線が起きた直後、
私とイオナサルさまは重力場発生装置の
配導盤を確認に参りました。","断线发生之后，
我与依欧娜萨鲁大人立刻前往
重力场发生装置的配导盘前去查看。",translated,古雷柯夫,b7dc0a6472,br=0 nl=2,3,
inc/event/res/02/me02_12.txt#42#12,"そこに、チューブ･カンパニーの
工作員がいたのです。",并在那里，撞见了管体公司的破坏分子。,translated,古雷柯夫,5a99200968,br=0 nl=1,2,
inc/event/res/02/me02_12.txt#43#12,"彼らは拘束され、イオナサルさまに
配導盤の破壊を強要されたと証言しました。","他们被捕后，指控是受了依欧娜萨鲁大人的强令
才去破坏配导盘的。",translated,古雷柯夫,4c13ed4c5e,br=0 nl=1,2,
inc/event/res/02/me02_12.txt#44#12,"ですが、それは真っ赤な嘘。
皇女の衣に宿った想いから、
偽の証言と証明されました。","然而那纯属彻头彻尾的谎言。
凭借皇女之衣上所蕴含的心念，
已然证实了那是蓄意伪造的伪证。",translated,古雷柯夫,996a251afb,br=0 nl=2,3,
inc/event/res/02/me02_12.txt#45#12,"すべてはネプツールの企みであったと
断言できます。",我敢断言，这一切尽是尼普楚尔的阴谋诡计。,translated,古雷柯夫,7db3f85962,br=0 nl=1,2,
inc/event/res/02/me02_12.txt#46#12,ふむ……。,唔……,translated,卡诺,fc5b7abae5,br=0 nl=0,1,
inc/event/res/02/me02_12.txt#47#12,"そしてさらに……
重力装置をチェックしたことで、
ある重要な事実が判明したのです。","不仅如此……
在检查了重力装置之后，
我们还发现了一项极为关键的事实。",translated,古雷柯夫,2d0902571b,br=0 nl=2,3,
inc/event/res/02/me02_12.txt#48#12,何でしょう？,何事？,translated,卡诺,1f8e1963c8,br=0 nl=0,1,
inc/event/res/02/me02_12.txt#49#12,"夢ノ珠の配導盤は……
建設当時から更新されていないのです。","梦之珠的配导盘……
自建造之初起，便从未升级更新过。",translated,古雷柯夫,b150a461e1,br=0 nl=1,2,
inc/event/res/02/me02_12.txt#50#12,"シェルノトロンの普及にともない、
コロン全体で要求されるウェーブ量は
飛躍的に増大しました。","伴随着榭鲁诺特伦的广泛普及，
整座克隆所需求的波动总量
呈现出爆发式的增长。",translated,古雷柯夫,98a1b9a34d,br=0 nl=2,3,
inc/event/res/02/me02_12.txt#51#12,"ですが、供給されるウェーブの量は
低いレベルのまま……。","然而，所供给的波动容量
却依然停留在当年的极低水平……",translated,古雷柯夫,a4dc755ff2,br=0 nl=1,2,
inc/event/res/02/me02_12.txt#52#12,"重力装置はいつ停止しても
おかしくない、綱渡りの状態で
たったいまも稼動しているのです。","重力装置不论何时彻底瘫痪
都毫不奇怪，直到此时此刻
它都一直在走钢丝般的极度危险状态下运转着。",translated,古雷柯夫,3340382081,br=0 nl=2,3,
inc/event/res/02/me02_12.txt#53#12,"つまり……コロン全体で消費する
ウェーブ量が以前の水準に戻れば、
断線は起きなくなるわけですね？","换言之……只要整座克隆所消耗的
波动总量恢复到以往的水准，
断线便不会再发生了，对吧？",translated,卡诺,69f8c5f30d,br=0 nl=2,3,
inc/event/res/02/me02_12.txt#54#12,その通りです。,正是如此。,translated,古雷柯夫,70cfe54927,br=0 nl=0,1,
inc/event/res/02/me02_12.txt#55#12,"あ、あの……、
だったらネプツールさんに言って、
配導盤を改良してもらえば……。","那、那个……
既然这样，只要找尼普楚尔先生，
让他把配导盘改造升级的话……",translated,依恩,3542d6e746,br=0 nl=2,3,
inc/event/res/02/me02_12.txt#56#12,"いまさらあの男を信用するというのか？
そんなことを頼んでも
まともに実行されるわけはなかろう！","事到如今你还打算相信那个男人吗？
向他提出那种请求，
他怎么可能老老实实予以照办！",translated,古雷柯夫,63045cbc31,br=0 nl=2,3,
inc/event/res/02/me02_12.txt#57#12,ぅ……そう…ですよね……。,呜……说得……也是呢……,translated,依恩,c6ed678e08,br=0 nl=0,1,
inc/event/res/02/me02_12.txt#58#12,……止むをえませんね。,……看来是别无选择了呢。,translated,卡诺,124faa4219,br=0 nl=0,1,
inc/event/res/02/me02_12.txt#61#12,イオナサル。,依欧娜萨鲁。,translated,卡诺,0e9a0822a3,br=0 nl=0,1,
inc/event/res/02/me02_12.txt#62#12,は、はい……。,在、在……,translated,依恩,47ebd96c0b,br=0 nl=0,1,
inc/event/res/02/me02_12.txt#63#12,"貴女がネプツールに取り入って、断線の解決を
知らせてくれた時は本当にうれしかったのです。","当初你特意奔走劝说尼普楚尔、
前来告知我断线即将解决时，我真的很高兴。",translated,卡诺,c191737773,br=0 nl=1,2,
inc/event/res/02/me02_12.txt#64#12,はい……。,嗯……,translated,依恩,53e3140853,br=0 nl=0,1,
inc/event/res/02/me02_12.txt#65#12,"ひょっとしたら、貴女は本当に皇帝になって
しまうかもしれない、と。あの時の私は
一瞬だけ、本当にそう思ったのですよ。","我甚至在想，或许你当真能成为
下一任皇帝也说不定。那一刻的我，
有一瞬间当真是这么认为的哦。",translated,卡诺,7d7214db00,br=0 nl=2,3,
inc/event/res/02/me02_12.txt#66#12,え……と……。,诶……这……,translated,依恩,97e19aa22e,br=0 nl=0,1,
inc/event/res/02/me02_12.txt#67#12,"でも私は最後にこう言ったのを覚えていますか？
うかうかしていられない、と。","但我最后说的那句话，你可还记得？
我说过，我也容不得半点懈怠。",translated,卡诺,a7362394b4,br=0 nl=1,2,
inc/event/res/02/me02_12.txt#68#12,あの……。,那个……,translated,依恩,946efb5f90,br=0 nl=0,1,
inc/event/res/02/me02_12.txt#69#12,貴女と居るとついのんびりしてしまいますが……。,与你相处久了，总会不自觉地变得安逸迟钝呢……,translated,卡诺,bb755300c6,br=0 nl=0,1,
inc/event/res/02/me02_12.txt#75#12,"イオナサル、これは宣戦布告です。
私は……いえ、この星は貴女を皇帝に
するわけにはいきません。","依欧娜萨鲁，这是我对你的宣战布告。
我……不，这颗星球绝不能交由你来继承皇位。",translated,卡诺,d43e9d3e5c,br=0 nl=2,3,
inc/event/res/02/me02_12.txt#76#12,あ……。,啊……,translated,依恩,674a8541f0,br=0 nl=0,1,
inc/event/res/02/me02_12.txt#77#12,"今、このコロンだけではなく
ラシェーラ全体が滅びの危機へと
向かっているのです。","如今，不仅仅是这座克隆，
整个拉榭拉世界都正步步滑向灭亡的深渊。",translated,卡诺,66be013ab7,br=0 nl=2,3,
inc/event/res/02/me02_12.txt#78#12,"貴女の言うように、もっと時間をかけ、
話しあい、策を講じれば、この断線も星の
危機も解決する事が出来るかもしれません。","诚如你所言，若是多耗费些时日、
坐下来好生商议、另寻良策，或许真能
将这场断线乃至星球的危机化解。",translated,卡诺,ddd3bb0ba9,br=0 nl=2,3,
inc/event/res/02/me02_12.txt#79#12,"ですが、見ての通り、この小さなコロン一つの
中ですら、僅かな時に幾多もの命が危険に
さらされているのです。","但正如你所见，在这区区一座小克隆之中，
短短数刻之间，亦有无数生灵的性命
正受到严重威胁。",translated,卡诺,a62120e6a4,br=0 nl=2,3,
inc/event/res/02/me02_12.txt#80#12,うぅ……。,呜……,translated,依恩,7e9d35f0a5,br=0 nl=0,1,
inc/event/res/02/me02_12.txt#81#12,"イオナサル、良く見ていて下さい。
これから私が行う事は、
私にとっての最善の策となります。","依欧娜萨鲁，请你看好了。
我接下来所要采取的行动，
将是我自身所认定的至善之策。",translated,卡诺,eb5d60816e,br=0 nl=2,3,
inc/event/res/02/me02_12.txt#82#12,"ですが、それは貴方にとって、
決して最善とは言えないでしょう。","然而，那对你而言，
恐怕绝称不上是什么良策吧。",translated,卡诺,727b70c167,br=0 nl=1,2,
inc/event/res/02/me02_12.txt#83#12,うぅっ……。,呜呜……,translated,依恩,a6cb881041,br=0 nl=0,1,
inc/event/res/02/me02_12.txt#84#12,天文と地文、貴女と私。,天文与地文，你与我。,translated,卡诺,34eb486e90,br=0 nl=0,1,
inc/event/res/02/me02_12.txt#85#12,"イオナサル、私たちの目標はどうあれ、
その手段は決して相容れる物ではないと、
きっと思い知る事になるでしょう。","依欧娜萨鲁，不论我们的愿景究竟为何，
我们所采取的手段终究水火不容――
想必你定然会切身体会到这一点的。",translated,卡诺,6b9b39ff2f,br=0 nl=2,3,
inc/event/res/02/me02_12.txt#87#12,"カノン様。
もしや、シェルノトロンを……。","卡诺大人。
莫非您是打算，将榭鲁诺特伦……",translated,古雷柯夫,5911cc21cc,br=0 nl=1,2,
inc/event/res/02/me02_12.txt#89#12,"……わかりました。
カノン様、私もそのお考えに賛成です。","……我明白了。
卡诺大人，我也赞同您的这番决断。",translated,古雷柯夫,ceb6c431ab,br=0 nl=1,2,
inc/event/res/02/me02_12.txt#91#12,ど、どう……するつもりなんですか……？,您、您究竟……打算做什么啊……？,translated,依恩,9f77a086ac,br=0 nl=0,1,
inc/event/res/02/me02_12.txt#93#12,"このコロンにあるシェルノトロンを
すべて破壊します。
──ひとつ残らず。","我将把这座克隆之中的所有榭鲁诺特伦
彻底破坏殆尽。
――一个不留。",translated,卡诺,45d9f35103,br=0 nl=2,3,
inc/event/res/02/me02_12.txt#116#12,まずは謝罪なさい！,先给我赔礼道歉！,translated,帕里,fb199fd7a8,br=0 nl=0,1,
inc/event/res/02/me02_12.txt#117#12,"私の不在を狙って皇女を裁判にかけるなんて、
横暴にもほどがある！","趁我不在的时候竟敢擅自把皇女送上审判席，
蛮横霸道也得有个限度吧！",translated,帕里,47e3317623,br=0 nl=1,2,
inc/event/res/02/me02_12.txt#118#12,"正当な手続きを踏んだ裁判だ。
謝罪など必要ない！","那是依循正当程序进行的审判。
根本无需道歉！",translated,库琳,6537fcd19e,br=0 nl=1,2,
inc/event/res/02/me02_12.txt#119#12,何が正当よ、結局冤罪だったじゃない！！,什么正当啊，结果不完全是冤枉人家吗！！,translated,帕里,6f49ea4f49,br=0 nl=0,1,
inc/event/res/02/me02_12.txt#120#12,"証明されたわけではない。
判決はまだ出ていないっ！","那可尚未证实呢。
判决可还没正式宣判呢！",translated,库琳,3993a620ea,br=0 nl=1,2,
inc/event/res/02/me02_12.txt#121#12,"判決！？
裁判自体がそもそも無効だっつってんの！
バカじゃないの！？","判决！？
我都说了那场审判本身从一开始就不作数啦！
你脑子进水了吧！？",translated,帕里,196614d8bb,br=0 nl=2,3,
inc/event/res/02/me02_12.txt#122#12,バカとは何だぁッ！！,你说谁脑子进水啊！！,translated,库琳,21a4fb1dd8,br=0 nl=0,1,
inc/event/res/02/me02_12.txt#129#12,ぅぅ……すごい怒ってるよぅ……。,呜呜……火药味好重哦……,translated,依恩,70fd34453f,br=0 nl=0,1,
inc/event/res/02/me02_12.txt#130#12,"あぁもう、しゃきっとしなさい！
ほら行くよっ！","哎呀真是的，给我打起精神来！
好啦快走！",translated,妮伊,e63ad53846,br=0 nl=1,2,
inc/event/res/02/me02_12.txt#131#12,あぅ、あぁ……。,啊呜、啊啊……,translated,依恩,6db2ca9602,br=0 nl=0,1,
inc/event/res/02/me02_12.txt#143#12,そこの区長ふたりーッ！,那边的两位区长先生――！,translated,妮伊,5b1e099a74,br=0 nl=0,1,
inc/event/res/02/me02_12.txt#146#12,"あっ、貴様！！
裁判を台無しにした娘！","啊，是你这丫头！！
把审判搅得一塌糊涂的女人！",translated,库琳,5cd9751c32,br=0 nl=1,2,
inc/event/res/02/me02_12.txt#147#12,"イオンさま！
ご無事だったんですね！","依恩大人！
您平安无事啊！",translated,帕里,d801154d6d,br=0 nl=1,2,
inc/event/res/02/me02_12.txt#148#12,"あっ、のっ、はいっ！
えと、ご心配をおかけ……。","啊、那、是的！
那个，让大家担心……",translated,依恩,41e9693f03,br=0 nl=1,2,
inc/event/res/02/me02_12.txt#149#12,"あんもぅ、呑気な挨拶してないのっ！
ほら言って！","哎呀真是的，现在哪是慢条斯理打招呼的时候啊！
快跟他们说！",translated,妮伊,fc04be9763,br=0 nl=1,2,
inc/event/res/02/me02_12.txt#150#12,う、うん……あの……っ。,嗯、嗯……那个……,translated,依恩,335af95f1f,br=0 nl=0,1,
inc/event/res/02/me02_12.txt#151#12,"だ、断線が起きるのは、ウェーブの量が
不足しているからで、それで、あの……。","断、断线之所以会发生，是因为波动的总量
不够用了，所以，那个……",translated,依恩,07af46b4ba,br=0 nl=1,2,
inc/event/res/02/me02_12.txt#152#12,"カ、カノンさんが、
夢ノ珠にあるシェルノトロンを……。","卡、卡诺小姐她，
打算把梦之珠里的榭鲁诺特伦……",translated,依恩,6ebe7fb280,br=0 nl=1,2,
inc/event/res/02/me02_12.txt#153#12,全部、壊すって……。,全部，砸个粉碎……,translated,依恩,271517f9ea,br=0 nl=0,1,
inc/event/res/02/me02_12.txt#154#12,はぁッ！？,哈啊！？,translated,帕里,5ea41db771,br=0 nl=0,1,
inc/event/res/02/me02_12.txt#155#12,なんと……！！,怎会……！！,translated,库琳,6ac87fc62b,br=0 nl=0,1,
inc/event/res/02/me02_12.txt#156#12,そのための詩魔法を、紡ぐって……。,说是要为了这个目的，去编织诗魔法……,translated,依恩,023f460c8a,br=0 nl=0,1,
inc/event/res/02/me02_12.txt#157#12,なん、ですって……？,你、你说什么……？,translated,帕里,109cc04c7a,br=0 nl=0,1,
inc/event/res/02/me02_12.txt#158#12,"すばらしい……。
凄いことだぞ、これは！","太棒了……
这可真是惊天动地的大事啊！",translated,库琳,aa993ef440,br=0 nl=1,2,
inc/event/res/02/me02_12.txt#162#12,"おい、地文の衆！
カノン様がついに我々をお救いくださる！","喂，地文的同胞们！
卡诺大人终于要拯救我们了！",translated,库琳,2791be1c93,br=0 nl=1,2,
inc/event/res/02/me02_12.txt#167#12,"こうしている場合ではない！
カノン様が奇跡の詩魔法を紡がれる！","现在可不是磨蹭的时候！
卡诺大人即将编织奇迹的诗魔法！",translated,库琳,b804276acd,br=0 nl=1,2,
inc/event/res/02/me02_12.txt#168#12,"みんな地文区域へ戻れ！
奇跡の瞬間まで、カノン様をお守りするのだ！","所有人速速返回地文区域！
在奇迹显现的那一刻到来前，誓死护卫卡诺大人！",translated,库琳,6fb83fab75,br=0 nl=1,2,
inc/event/res/02/me02_12.txt#173#12,"ははは、ついにこのときが来たッ！
これまでの悪行の報いを受けるがいい、
天文愚民どもッ！！","哈哈哈哈，这一刻终于来临了！
好好领教这至今为止倒行逆施的报应吧，
天文的愚民们！！",translated,库琳,e29aa67188,br=0 nl=2,3,
inc/event/res/02/me02_12.txt#192#12,……ッ！！,……！！,translated,帕里,0b57bf2a65,br=0 nl=0,1,
inc/event/res/02/me02_12.txt#193#12,イオンさま、何をぐずぐずしてるんですか！,依恩大人，您还在磨蹭什么呢！,translated,帕里,7fcf64b1b2,br=0 nl=0,1,
inc/event/res/02/me02_12.txt#194#12,えっ……？？,诶……？？,translated,依恩,683d3c8579,br=0 nl=0,1,
inc/event/res/02/me02_12.txt#195#12,"地文の皇女が、シェルノトロンを壊すと
言ってるんでしょう！？",地文的皇女都放话要摧毁榭鲁诺特伦了对吧！？,translated,帕里,058a470773,br=0 nl=1,2,
inc/event/res/02/me02_12.txt#196#12,"だったら天文の皇女はシェルノトロンを……
私たちを守ってくださいよ！","既然如此，身为天文的皇女就该保护榭鲁诺特伦……
保护我们大家啊！",translated,帕里,dd034375c3,br=0 nl=1,2,
inc/event/res/02/me02_12.txt#197#12,あの、でもわたし、そんなこと……。,那个，可是我，根本做不到那种事……,translated,依恩,ecbdb4c491,br=0 nl=0,1,
inc/event/res/02/me02_12.txt#198#12,"できないはずはありません！
イオンさまはビッグフラワーを生み出して
万寿沙羅を救ったじゃありませんか！","怎么可能做不到！
依恩大人先前不是唤出大花朵
拯救了万寿沙罗吗！",translated,帕里,81b1b1ffad,br=0 nl=2,3,
inc/event/res/02/me02_12.txt#199#12,"カノイールの詩魔法が
本当に紡がれてしまったら……
シェルノトロンパニックの再来です！","若是卡诺伊尔的诗魔法
真的被编织成功的话……
榭鲁诺特伦大恐慌又要再次降临了！",translated,帕里,876d0d15db,br=0 nl=2,3,
inc/event/res/02/me02_12.txt#200#12,"そうなれば夢ノ珠の天文住民は生きていけません！
いいですか、お願いしますよ！？","真变成那样，梦之珠的天文居民就全完了！
听好了，拜托您了啊！？",translated,帕里,59336d976f,br=0 nl=1,2,
inc/event/res/02/me02_12.txt#201#12,うぅ、そんな……。,呜呜，怎会这样……,translated,依恩,67257a708f,br=0 nl=0,1,
inc/event/res/02/me02_12.txt#203#12,"あぁ、どうしよう……か、関係各所に
連絡して、人を集めて……。","啊啊，这可如何是好……得、得联络各相关部门，
召集人手才行……",translated,帕里,7a25996a11,br=0 nl=1,2,
inc/event/res/02/me02_12.txt#210#12,どう、しよう……どうしたらいい、の……？,怎、怎么办……我到底该怎么做才好……？,translated,依恩,c059f56e19,br=0 nl=0,1,
inc/event/res/02/me02_12.txt#212#12,"ふン……。
ま、向こうが詩魔法で来る、って
言ってんだから……ね？","哼……
嘛，既然对方扬言要用诗魔法放马过来……对吧？",translated,妮伊,e0f37d68a9,br=0 nl=2,3,
inc/event/res/02/me02_12.txt#213#12,"え……？
……あ。","诶……？
……啊。",translated,依恩,09d5bed205,br=0 nl=1,2,
inc/event/res/02/me02_12.txt#215#12,……きゅ？,……啾？,translated,泰雷芬肯,a59cbc26a1,br=0 nl=0,1,
inc/event/res/02/me02_13.txt#19#12,"うぅん、全然形になってないよ？
この前はあんなに精巧に描けたのに……。","唔，完全没有成型呢？
前些日子明明描绘得那么精致细腻的……",translated,泰雷芬肯,df3ac2bbf0,br=0 nl=1,2,
inc/event/res/02/me02_13.txt#20#12,はぁ、はぁ……どうしてなんだろ……。,哈啊，哈啊……为什么会这样呢……,translated,依恩,44928f8ffe,br=0 nl=0,1,
inc/event/res/02/me02_13.txt#21#12,イオン、迷ってない？,依恩，你心里是不是在犹豫彷徨？,translated,泰雷芬肯,edd97796f3,br=0 nl=0,1,
inc/event/res/02/me02_13.txt#22#12,"迷いは、想いの力を著しく減少させるんだ。
心の底から、天文の人たちを助けたいって
思ってないと……。","迷茫与动摇，会极大地削弱心念的力量。
若非发自内心底处真正渴望拯救天文的人们……",translated,泰雷芬肯,123b97725b,br=0 nl=2,3,
inc/event/res/02/me02_13.txt#23#12,お、思ってるよぅ！,我、我很渴望呀！,translated,依恩,248622e81c,br=0 nl=0,1,
inc/event/res/02/me02_13.txt#24#12,……よし、もう一度やってみるね……。,……好，我再尝试一次……,translated,依恩,fa0e5f274c,br=0 nl=0,1,
inc/event/res/02/me02_13.txt#43#12,"天文派の愚民どもが、大挙してこちらへ
向かっているとのことです。","听说天文派的愚民们
正倾巢出动朝这边涌过来了。",translated,库琳,e54081c759,br=0 nl=1,2,
inc/event/res/02/me02_13.txt#44#12,"ですが、我々が食い止めます。
カノン様の邪魔はさせません！","不过由我们来挡住他们。
绝不会让他们惊扰到卡诺大人！",translated,库琳,c1a2b2d76f,br=0 nl=1,2,
inc/event/res/02/me02_13.txt#45#12,"ええ、お任せします。
流石の私たちでも、精神を乱されては詩を
紡げませんから、ね……。","嗯，拜托你们了。
即便是我们，一旦心神被打乱亦无法编织诗篇，
对吧……",translated,卡诺,bad4b39b36,br=0 nl=2,3,
inc/event/res/02/me02_13.txt#49#12,……来たか！,……来了吗！,translated,库琳,fc0631daf8,br=0 nl=0,1,
inc/event/res/02/me02_13.txt#55#12,周囲を固めろ、近付けさせるな！,把四周守死，绝不准他们靠近！,translated,库琳,9cdb3a7f49,br=0 nl=0,1,
inc/event/res/02/me02_13.txt#74#12,"イオンさま、早く！
カノンが謳い始めてしまいます！","依恩大人，快啊！
卡诺马上就要开始吟唱了！",translated,帕里,7e9b7300b8,br=0 nl=1,2,
inc/event/res/02/me02_13.txt#75#12,は、はいっ……。,好、好的……,translated,依恩,7d7f59db5a,br=0 nl=0,1,
inc/event/res/02/me02_13.txt#77#12,カノンさんっ！！,卡诺小姐！！,translated,依恩,a88831fbdb,br=0 nl=0,1,
inc/event/res/02/me02_13.txt#78#12,お願いです、謳うのをやめてください！,求求你，请不要吟唱！,translated,依恩,ea5286736c,br=0 nl=0,1,
inc/event/res/02/me02_13.txt#81#12,"シェルノトロンを壊す以外に、
何か方法があるはずですっ！","除了摧毁榭鲁诺特伦之外，
一定还有别的办法的！",translated,依恩,b24e32f322,br=0 nl=1,2,
inc/event/res/02/me02_13.txt#82#12,"みんなが幸せに暮らす方法、
ほかにもあると思うんです！
だから……ッ！","能让大家都幸福生活的道路，
我觉得肯定还有别的！
所以求你了……！",translated,依恩,2f8088cc51,br=0 nl=2,3,
inc/event/res/02/me02_13.txt#83#12,イオナサル・ククルル・プリシェール。,依欧娜萨鲁・库库鲁鲁・普立薛尔。,translated,卡诺,282d1d5d54,br=0 nl=0,1,
inc/event/res/02/me02_13.txt#84#12,……ッ……。,……！,translated,依恩,53ad5c9162,br=0 nl=0,1,
inc/event/res/02/me02_13.txt#85#12,あなたの言う幸せとは何ですか？,你口中所说的幸福，究竟是什么？,translated,卡诺,de842f65db,br=0 nl=0,1,
inc/event/res/02/me02_13.txt#86#12,"ラシェーラの未来について
話した後……あなたはあなたの言う
幸せについて、想いをめぐらせましたか？","在我们畅谈了拉榭拉的未来之后……
你可曾对自己口中所言的幸福，
进行过深思熟虑吗？",translated,卡诺,44d729f04e,br=0 nl=2,3,
inc/event/res/02/me02_13.txt#87#12,そ、れ……は……。,那、那个……是……,translated,依恩,c5dd44d37e,br=0 nl=0,1,
inc/event/res/02/me02_13.txt#88#12,"このコロンの人々にとって……
この世界すべての人々にとって、
「幸せ」とはなんでしょう？","对于这座克隆的居民而言……
对于这个世界的所有人而言，
所谓的“幸福”究竟为何物？",translated,卡诺,739c2c7546,br=0 nl=2,3,
inc/event/res/02/me02_13.txt#89#12,"もしあなたが、いまでも皇帝になる
志を捨てていないのなら──。","若是你至今依然未曾摒弃
登基为帝的宏图大志――",translated,卡诺,26756a237c,br=0 nl=1,2,
inc/event/res/02/me02_13.txt#90#12,"幸福へ辿り着く為に踏み締められた道が、
後にどのような姿を成すのか、
しっかりとその目に焼き付けなさい。","那就把通往幸福之路上所践踏过的痕迹、
在未来究竟会演变为何种形态，
用你自己的双眼给我好好看清楚。",translated,卡诺,771003c3ea,br=0 nl=2,3,
inc/event/res/02/me02_13.txt#91#12,"……私は先日、あなたの優しさについて
理解しているといいましたね。
本当にうれしかったと。","……我先前对你说过，
我十分理解你的温柔与善良。
我也为此发自真心地感到高兴。",translated,卡诺,8f6113438e,br=0 nl=2,3,
inc/event/res/02/me02_13.txt#92#12,"その気持ちは今でも変わっていません。
けれど、あの時の計画はもう叶わなくなって
しまったのです。","那份心情我至今未曾改变分毫。
然而，当初的那份规划
却已然无法实现了。",translated,卡诺,07533db08d,br=0 nl=2,3,
inc/event/res/02/me02_13.txt#93#12,"貴女は優しさを持って皇帝を目指すのがいい。
私はそれを否定したりしません。","你大可心怀温柔去角逐皇位。
我绝不会去否定那一点。",translated,卡诺,a0381f6cda,br=0 nl=1,2,
inc/event/res/02/me02_13.txt#94#12,……ッ……！,……！,translated,依恩,dcc2584658,br=0 nl=0,1,
inc/event/res/02/me02_13.txt#95#12,ですが……！！,但是……！！,translated,卡诺,5c5c73536b,br=0 nl=0,1,
inc/event/res/02/me02_13.txt#96#12,"私の道の上には優しさよりも、
貫かなければならない意思があるのです……！！","在我的道路之上，有着比起温柔、
更必须矢志不渝去贯彻的坚定意志……！！",translated,卡诺,c6b3ed94a5,br=0 nl=1,2,
inc/event/res/02/me02_13.txt#97#12,あ……あ……。,啊……啊……,translated,依恩,e96abee05e,br=0 nl=0,1,
inc/event/res/02/me02_13.txt#106#12,…！？　この音は……,……！？这声音是……,translated,卡诺,bbacb58d36,br=0 nl=0,1,
inc/event/res/02/me02_13.txt#107#12,な、なに！？,什、什么声音！？,translated,依恩,f8d169ffb1,br=0 nl=0,1,
inc/event/res/02/me02_13.txt#122#12,"イオナサルさま、天文派の諸君！
このネプツールが援護に参りましたぞ！","依欧娜萨鲁大人，天文派的诸位！
鄙人尼普楚尔特率部众前来驰援啦！",translated,尼普楚尔,dd2546a141,br=0 nl=1,2,
inc/event/res/02/me02_13.txt#123#12,ネプツール、さん……！？,尼普楚尔、先生……！？,translated,依恩,1d0a50d26d,br=0 nl=0,1,
inc/event/res/02/me02_13.txt#124#12,"間もなく、カンパニーの誇る私設警備隊が
ここへ到着する！","管体公司引以为傲的私设警备队
即刻便会抵达此处！",translated,尼普楚尔,45e43d83e4,br=0 nl=1,2,
inc/event/res/02/me02_13.txt#125#12,"地文の陰謀と破壊活動を阻止する、
これは正義の鉄槌なのだ！！","彻底粉碎地文派的阴谋与破坏暴行，
这正是降下正义的天罚铁槌！！",translated,尼普楚尔,477b36cf8c,br=0 nl=1,2,
inc/event/res/02/me02_13.txt#126#12,"イオンさま、やりますね！
カンパニーの応援を手配してたなんて！","依恩大人，干得漂亮啊！
没想到您居然暗中安排了管体公司的增援！",translated,帕里,3d6f2a5f1f,br=0 nl=1,2,
inc/event/res/02/me02_13.txt#127#12,"ええっ……！？　い、いえ、わたし、
そんなことしてない……。","诶诶……！？不、不是的，我，
我根本没有做过那种事……",translated,依恩,74305fc3d5,br=0 nl=1,2,
inc/event/res/02/me02_13.txt#133#12,ネプツール！,尼普楚尔！,translated,古雷柯夫,9461208c10,br=0 nl=0,1,
inc/event/res/02/me02_13.txt#134#12,"お前は昔と何も変わっていない！
何もかもを力でねじ伏せられると、
まだ思っているのか！","你还真是一点都没变啊！
难道你直到今天还妄图
用暴力去压服世间的一切吗！",translated,古雷柯夫,71a0b7f2b7,br=0 nl=2,3,
inc/event/res/02/me02_13.txt#135#12,"これはグレイコフ君、ひさしぶりだな。
ふっふ、しかし残念だが、
再会を喜べる状況ではないようだな。","哎呀这不是古雷柯夫君吗，好久不见啦。
呵呵，不过真遗憾啊，
看来眼下的局势并不适合我们叙旧呢。",translated,尼普楚尔,bf24dbea36,br=0 nl=2,3,
inc/event/res/02/me02_13.txt#136#12,"私に楯突いたらどうなるか、
その小娘ともども思い知るがいい！","敢跟我作对会落得何种下场，
就让你跟那个黄毛丫头一起好好领教一番吧！",translated,尼普楚尔,89a5da3f53,br=0 nl=1,2,
inc/event/res/02/me02_13.txt#137#12,ネプツール……ッ！！,尼普楚尔……！！,translated,古雷柯夫,9b4de19397,br=0 nl=0,1,
inc/event/res/02/me02_13.txt#144#12,"イオナサル、私は貴女がこの状況を
作り出したとは考えていません。","依欧娜萨鲁，我并不认为
眼前的局面是由你一手策划的。",translated,卡诺,44c15e999d,br=0 nl=1,2,
inc/event/res/02/me02_13.txt#146#12,"ですが……そう、きっと貴女はまだ話を聞いて、
と言うのでしょう。","但是……对呢，想必你定然又会说，
让我再听你说几句吧。",translated,卡诺,9d8f68017e,br=0 nl=1,2,
inc/event/res/02/me02_13.txt#147#12,待って、違う！　違うんです！,等等，不是的！真的不是那样的！,translated,依恩,3ac989a05b,br=0 nl=0,1,
inc/event/res/02/me02_13.txt#154#12,"ごめんなさい。
もうそんな時間は──","对不起。
我们已经没有――",translated,卡诺,eadb6edd65,br=0 nl=1,2,
inc/event/res/02/me02_13.txt#161#12,──ないのよ。,――那种时间了呢。,translated,卡诺,0509664cf8,br=0 nl=0,1,
inc/event/res/02/me02_13.txt#184#12,撃てえええーーーーーーーーっ！！！,开火给我打――――――――！！！,translated,尼普楚尔,2cc6ec392b,br=0 nl=0,1,
inc/event/res/02/me02_13.txt#187#12,だめーーーーっ！！！,住手啊――――！！！,translated,依恩,8e8d949183,br=0 nl=0,1,
inc/event/res/02/me02_13.txt#193#12,…イオナサル！？,……依欧娜萨鲁！？,translated,古雷柯夫,7eac9077ea,br=0 nl=0,1,
inc/event/res/02/me02_13.txt#219#12,"……なっ……なんと……凄まじい、
力……だ……っ！！","……怎……怎会有……如此惊人的、
力……量……！！",translated,古雷柯夫,716bae030c,br=0 nl=1,2,
inc/event/res/02/me02_13.txt#221#12,こ、こんな凄い詩魔法、初めて見た……！,我、我还从来没见过这么不可思议的诗魔法……！,translated,库琳,f19951ddbf,br=0 nl=0,1,
inc/event/res/02/me02_13.txt#251#12,！？　カノン様ッ！,！？卡诺大人！,translated,古雷柯夫,690829d9e5,br=0 nl=0,1,
inc/event/res/02/me02_13.txt#256#12,カノンさんっ！！,卡诺小姐！！,translated,依恩,a88831fbdb,br=0 nl=0,1,
inc/event/res/02/me02_13.txt#262#12,"イオンさまッ！
あなた、何やってるんですか！","依恩大人！
您到底在干什么啊！",translated,帕里,d692c80a90,br=0 nl=1,2,
inc/event/res/02/me02_13.txt#276#12,"どうして警備隊を止めたりしたの！
あなたのおかげで、見てよッ！","为什么要去阻拦警备队开火啊！
托您的福，快看看眼前吧！",translated,帕里,24202d775a,br=0 nl=1,2,
inc/event/res/02/me02_13.txt#277#12,"シェルノトロンが、
ほんとに全部壊されて……！","榭鲁诺特伦，
真的全都被打个粉碎了啊……！",translated,帕里,37458bd786,br=0 nl=1,2,
inc/event/res/02/me02_13.txt#278#12,"みんなこれからどうやって暮らしていけば
いいのよッ！？
全部あなたのせいよ！！","今后大家到底该怎么生活下去啊！？
全都是因为你的错！！",translated,帕里,0174ebd2f3,br=0 nl=2,3,
inc/event/res/02/me02_13.txt#279#12,あ……ぅあ、……。,啊……呜啊……,translated,依恩,81e359c45b,br=0 nl=0,1,
inc/event/res/02/me02_13.txt#281#12,なぜ地文の皇女を止めないの！？,为什么不去阻止地文的皇女啊！？,translated,女子Ａ,6d626c9652,br=0 nl=0,1,
inc/event/res/02/me02_13.txt#282#12,天文の皇女だろうがッ、バカ野郎！！,亏你还是天文的皇女呢，大笨蛋！！,translated,男子Ｃ,7cfdc412f6,br=0 nl=0,1,
inc/event/res/02/me02_13.txt#283#12,"責任取れよッ！
俺たちの生活を保障しろ！","给我负起责任来！
赔偿保障我们的生活！！",translated,男子Ｂ,f14e6470d6,br=0 nl=1,2,
inc/event/res/02/me02_13.txt#284#12,あんたはそれだけのことしたのよッ！？,你知不知道你到底干了些什么啊！？,translated,女子Ｂ,ba767f527a,br=0 nl=0,1,
inc/event/res/02/me02_13.txt#285#12,……あ、あぁ……。,……啊、啊啊……,translated,依恩,baafd7452d,br=0 nl=0,1,
inc/event/res/02/me02_13.txt#296#12,"社長、どういたしましょう？
大変なことになりましたが……。","社长，我们该怎么办？
事情闹得太大了……",translated,近臣,2327d4d512,br=0 nl=1,2,
inc/event/res/02/me02_13.txt#297#12,"何が大変なものか、見ろ。
シェルノトロンがすべて壊された……
カンパニーに再び商機が訪れたのだよ。","大什么大，你瞎了吗，快看。
榭鲁诺特伦全都报废了……
对于管体公司而言，这可是天大的全新商机啊。",translated,尼普楚尔,ec5da42a96,br=0 nl=2,3,
inc/event/res/02/me02_13.txt#298#12,"それに、あのバカ皇女のおかげで
民衆どもはもう我々を疑うことを忘れている。　
ふっふ……。","更何况，托那个蠢货皇女的福，
那群愚民早就把怀疑我们的事忘到九霄云外去了。
哼哼哼……",translated,尼普楚尔,2dc976691b,br=0 nl=2,3,
inc/event/res/02/me02_13.txt#299#12,は……。,是……,translated,近臣,9c3da97bb2,br=0 nl=0,1,
inc/event/res/02/me02_13.txt#300#12,"おまけにグレイコフまでこちらに
呼び寄せてくれたのだ、感謝せねばなるまいよ。","甚至还帮我们把古雷柯夫引到了这里，
当真该向她道声谢呢。",translated,尼普楚尔,3e37aa0824,br=0 nl=1,2,
inc/event/res/02/me02_13.txt#301#12,……ヤツから目を離すな。,……给我盯紧那家伙。,translated,尼普楚尔,ca64ecb495,br=0 nl=0,1,
inc/event/res/02/me02_13.txt#302#12,ハッ。,遵命。,translated,近臣,95515406bb,br=0 nl=0,1,
inc/event/res/02/me02_13.txt#303#12,"いずれカンパニーへ招いて、
楽しい同窓会を開くとしよう……。
はははは！","改天找个机会把他请进公司，
好好开一场愉快的同窗会吧……
哈哈哈哈！",translated,尼普楚尔,c1165b1f3a,br=0 nl=2,3,
inc/event/res/02/me02_13.txt#305#12,"皇女は確かに幸福をもたらしてくれた
ではないか。
ふっふ……ふふふ、はははは！！","皇女大人果然为我们带来了天大的福祉呢。
哼哼……呵呵呵，哈哈哈哈！！",translated,尼普楚尔,775dd5eb7b,br=0 nl=2,3,
inc/event/res/02/me02_14.txt#21#12,……イオナサル。,……依欧娜萨鲁。,translated,古雷柯夫,18f2c91681,br=0 nl=0,1,
inc/event/res/02/me02_14.txt#22#12,あ……。,啊……,translated,依恩,674a8541f0,br=0 nl=0,1,
inc/event/res/02/me02_14.txt#23#12,どこか、行かれるんですか。,您这是……打算去哪里吗？,translated,依恩,d28d83fb4f,br=0 nl=0,1,
inc/event/res/02/me02_14.txt#24#12,"ああ。カノン様にお暇を頂いてね。
……万寿沙羅へ。","啊啊。我向卡诺大人告假一段时间。
……回万寿沙罗一趟。",translated,古雷柯夫,d36cb2bf91,br=0 nl=1,2,
inc/event/res/02/me02_14.txt#25#12,えっ……。,诶……,translated,依恩,0fceb3bc5a,br=0 nl=0,1,
inc/event/res/02/me02_14.txt#26#12,娘と……一度話し合ってみる。,去和我女儿……好好谈一次。,translated,古雷柯夫,3d8ef6073b,br=0 nl=0,1,
inc/event/res/02/me02_14.txt#27#12,グレイコフさん……！,古雷柯夫先生……！,translated,依恩,a1f0490c8b,br=0 nl=0,1,
inc/event/res/02/me02_14.txt#28#12,"私は常に、キャスティのためを思って
行動してきたつもりだった。","我向来以为，自己的一言一行
全都是在为凯斯蒂着想。",translated,古雷柯夫,084ed3d585,br=0 nl=1,2,
inc/event/res/02/me02_14.txt#29#12,"あの子にはまだそれが理解できない。
だから多少強引にでも、
進むべき道を教えてやらねば、とね。","那孩子如今尚且无法理解那些。
所以我必须哪怕稍微强硬一些，
也得为她指明前行的正途。",translated,古雷柯夫,86cd4cc0e1,br=0 nl=2,3,
inc/event/res/02/me02_14.txt#30#12,"だが、君から聞くキャスティは、
私の知る娘とはまるで別人のようではないか。","然而，从你口中听到的凯斯蒂，
简直与我所认识的女儿判若两人。",translated,古雷柯夫,525edbfd36,br=0 nl=1,2,
inc/event/res/02/me02_14.txt#31#12,"ともすれば……理解できていないのは、
私の方なのかもしれん。","甚至说不定……真正一无所知、缺乏理解的，
其实是我这个当父亲的也未可知。",translated,古雷柯夫,0cced81468,br=0 nl=1,2,
inc/event/res/02/me02_14.txt#32#12,"戻ってあげたら……
キャスちゃん、きっと喜びます。","要是您肯回去的话……
小凯斯知道了一定会很高兴的。",translated,依恩,ec13c4ef7a,br=0 nl=1,2,
inc/event/res/02/me02_14.txt#33#12,絶対、仲直りしたいって思ってるはずだから！,因为她心里，绝对也是一直想和您和好的！,translated,依恩,f843097ffa,br=0 nl=0,1,
inc/event/res/02/me02_14.txt#34#12,"……そうなれるかはわからん。
ただ……確かめたいと思う。","……能否如愿我也不得而知。
只是……我想去亲眼确认一下。",translated,古雷柯夫,e09865de9e,br=0 nl=1,2,
inc/event/res/02/me02_14.txt#35#12,……事実を明らかに、ですか？,……去查明事实真相，对吗？,translated,依恩,45926c5126,br=0 nl=0,1,
inc/event/res/02/me02_14.txt#37#12,そういうことだ。,正是如此。,translated,古雷柯夫,63d1496132,br=0 nl=0,1,
inc/event/res/02/me02_14.txt#38#12,うふふ……。,呵呵呵……,translated,依恩,b6260b0240,br=0 nl=0,1,
inc/event/res/02/me02_14.txt#39#12,君こそ、ひとりでどうしたんだ。,倒是你，一个人在这里做什么呢？,translated,古雷柯夫,dd1018cbb8,br=0 nl=0,1,
inc/event/res/02/me02_14.txt#40#12,"あ、と……。
……カノンさんの、お見舞い、に……。","啊，那个……
……我想去探望一下……卡诺小姐……",translated,依恩,0c7eeb88e0,br=0 nl=1,2,
inc/event/res/02/me02_14.txt#43#12,……つくづく、君には驚かされるな。,……对于你这姑娘，我当真是惊叹连连啊。,translated,古雷柯夫,325a7fcadd,br=0 nl=0,1,
inc/event/res/02/me02_14.txt#58#12,どうぞ。,请进。,translated,卡诺,c0c2c2722a,br=0 nl=0,1,
inc/event/res/02/me02_14.txt#70#12,……貴女！,……是你！,translated,卡诺,3a7682908f,br=0 nl=0,1,
inc/event/res/02/me02_14.txt#71#12,こ、こんにちは……。,你、你好……,translated,依恩,7348633f49,br=0 nl=0,1,
inc/event/res/02/me02_14.txt#73#12,……入って、大丈夫ですか？,……我能，进来吗？,translated,依恩,2fac8d8d2d,br=0 nl=0,1,
inc/event/res/02/me02_14.txt#75#12,……ええ。勿論。,……嗯。当然可以。,translated,卡诺,3ee60edb48,br=0 nl=0,1,
inc/event/res/02/me02_14.txt#83#12,体、お加減いかがですか？,你的身体，感觉还好吗？,translated,依恩,cd26dd3033,br=0 nl=0,1,
inc/event/res/02/me02_14.txt#84#12,"もう良くなりました。
一時的なものですから。","已经好多了。
只是暂时的虚脱而已。",translated,卡诺,b87879bba7,br=0 nl=1,2,
inc/event/res/02/me02_14.txt#85#12,大きな詩魔法を紡ぐときまって高熱が出るのです。,每当编织大型诗魔法时，必定会发高烧呢。,translated,卡诺,f18bc252be,br=0 nl=0,1,
inc/event/res/02/me02_14.txt#86#12,"そう、なんですか……？
わたしは前のとき、
そんなことなかったですけど……。","是、这样吗……？
我上次施展的时候，
好像并没有遇到那种事呢……",translated,依恩,774bd19e68,br=0 nl=2,3,
inc/event/res/02/me02_14.txt#87#12,"想い同様、歌い手への負担も
またそれぞれなのですよ。","如同心念各异一般，吟唱者所需承担的负担
亦是因人而异的哦。",translated,卡诺,7126f5c033,br=0 nl=1,2,
inc/event/res/02/me02_14.txt#88#12,あ……、ごめんなさい……。,啊……对不起……,translated,依恩,34ffac6ab7,br=0 nl=0,1,
inc/event/res/02/me02_14.txt#89#12,"かまいませんよ。
それで、今日は何のご用ですか？","没关系的。
那么，今天特意前来是有何事呢？",translated,卡诺,848b086750,br=0 nl=1,2,
inc/event/res/02/me02_14.txt#90#12,"えっ？
え、と……お見舞いに……。","诶？
那、个……来探望你……",translated,依恩,d9c58b55d6,br=0 nl=1,2,
inc/event/res/02/me02_14.txt#91#12,"お見舞い、って……。
貴女らしいと言えば貴女らしい。
自分の立場をわかってる？","探望……
倒真符合你的作风呢。
你可明白你当下的处境吗？",translated,卡诺,0a22d5a582,br=0 nl=2,3,
inc/event/res/02/me02_14.txt#92#12,"私がすべてのシェルノトロンを破壊したことで、
あなたは一切の信頼を失ったはず。","由于我将所有的榭鲁诺特伦尽皆摧毁，
你恐怕已然彻底丧失了所有人的信任吧。",translated,卡诺,65e3732765,br=0 nl=1,2,
inc/event/res/02/me02_14.txt#93#12,"帝位を争う皇女として、
いまは人々の信頼を取り戻すのが第一……
なんて、貴女は考えないのでしょうね。","作为角逐帝位的皇女，
眼下当务之急应是全力挽回民心……
这种念头，想必你根本连想都没想过吧。",translated,卡诺,5791a8d1a3,br=0 nl=2,3,
inc/event/res/02/me02_14.txt#94#12,"……たぶん、本当はそうした方が
いいんだろうなって、思うんですけど……。","……我想，按理来说
确实应该那么做才对吧……",translated,依恩,c8632719eb,br=0 nl=1,2,
inc/event/res/02/me02_14.txt#95#12,"でもそれより、カノンさんのことが……
心配で……。","可是比起那些，我更……
担心卡诺小姐的身体……",translated,依恩,899e113eec,br=0 nl=1,2,
inc/event/res/02/me02_14.txt#101#12,……まったく。貴女という人は。,……真是的。你这个人呀。,translated,卡诺,79c2e915dd,br=0 nl=0,1,
inc/event/res/02/me02_14.txt#102#12,"あの時言ったはずです。
歩む道は違おうとも、私はこの世界を
救うために試練を過ごしている。","那时我应该对你说过了吧。
即便前行的道路殊途，但我亦是为了拯救这方世界
而历经试炼的。",translated,卡诺,939f18b6f9,br=0 nl=2,3,
inc/event/res/02/me02_14.txt#103#12,"今度のことで、夢ノ珠の天文の民は
私を恨むことでしょう。","经此一事，梦之珠的天文之民
定然对我恨之入骨了吧。",translated,卡诺,4d3c9427da,br=0 nl=1,2,
inc/event/res/02/me02_14.txt#104#12,"これまで依存してきたシェルノトロンを
前置きなく、彼らから奪ったのですから。","毕竟我未经由任何预兆与告知，
便强行夺走了他们长久依赖的榭鲁诺特伦。",translated,卡诺,ff1e0505b0,br=0 nl=1,2,
inc/event/res/02/me02_14.txt#105#12,"けれど、おかげでウェーブのバランスは回復し、
断線は起きなくなりました。","然而，托此之福波动的平衡得以恢复，
断线现象将再也不会发生了。",translated,卡诺,7e507869c6,br=0 nl=1,2,
inc/event/res/02/me02_14.txt#106#12,……はい。,……是的。,translated,依恩,4628bdaa68,br=0 nl=0,1,
inc/event/res/02/me02_14.txt#107#12,"もう誰も、いつ降りかかるかわからない
死の恐怖を味わうことはない。","世间再也不会有人，不得不去体验
不知何时便会降临的死亡恐惧。",translated,卡诺,c8d2585e24,br=0 nl=1,2,
inc/event/res/02/me02_14.txt#108#12,"それが、このコロンに住まう人々すべての
幸福だという信念が……私にはあったのです。","正因深信此乃维系这座克隆所有人
幸福之所在……我方才抱定了这一信念。",translated,卡诺,b65921a13a,br=0 nl=1,2,
inc/event/res/02/me02_14.txt#109#12,"そしてこれから先においても、
来るべき破滅を避け、人々を導くという
覚悟が──私にはあります。","而在往后的道路之上，为避开将临的毁灭、
引领黎民苍生前行而背负觉悟――我亦早已具备。",translated,卡诺,06e152b949,br=0 nl=2,3,
inc/event/res/02/me02_14.txt#110#12,"貴女にとっての覚悟が優しさであると言うのなら、
その優しさは、私よりもまず天文の民に
向けておあげなさい。","如果说你所认定的觉悟就是温柔，
那么这份温柔，比起对我，
还是先献给天文的民众吧。",translated,卡诺,2bac6a85b1,br=0 nl=2,3,
inc/event/res/02/me02_14.txt#111#12,"うぅっ……！
でっ、でも……っ！","呜呜……！
可、可是……！",translated,依恩,1870cfd62d,br=0 nl=1,2,
inc/event/res/02/me02_14.txt#112#12,"カノンさんが……みんなの幸せとか、
生命とか、大切なものを守って
一生懸命になって──。","卡诺小姐……为了守护大家的幸福、
生命，还有重要的事物，
拼尽了全力――",translated,依恩,aa8e1140fa,br=0 nl=2,3,
inc/event/res/02/me02_14.txt#113#12,"みんなのために、たったひとりで頑張って……
それで傷ついたり、辛い思いをしたのなら──。","为了大家，独自一人那么努力……
要是因此受了伤、受了痛苦的话――",translated,依恩,419d78293a,br=0 nl=1,2,
inc/event/res/02/me02_14.txt#114#12,"だ、誰かひとりくらい、カノンさんを
心配する人がいたっていいはずです！","那、哪怕只有一个人，也该有人
为卡诺小姐担心才对啊！",translated,依恩,d5bb1d7397,br=0 nl=1,2,
inc/event/res/02/me02_14.txt#115#12,……それが、貴女だと？,……而那个人，就是你吗？,translated,卡诺,401bbe7341,br=0 nl=0,1,
inc/event/res/02/me02_14.txt#117#12,"わたしなんかじゃ、何もできないのは……
わかってます、けど……。","像我这样的人什么都做不到……
这我也明白，可是……",translated,依恩,76f5efa2d7,br=0 nl=1,2,
inc/event/res/02/me02_14.txt#119#12,……そうですか。,……是吗。,translated,卡诺,3f648f6fd2,br=0 nl=0,1,
inc/event/res/02/me02_14.txt#120#12,"分け隔てのない貴女の優しさは、
とてもうれしく思います……ですが、
やはり世界はそれを許さないでしょう。","对于你一视同仁的温柔，
我确实感到很欣慰……但是，
这个世界终究是不会容许它的吧。",translated,卡诺,a5881b52b6,br=0 nl=2,3,
inc/event/res/02/me02_14.txt#121#12,"あなたと私では、見据える未来、
歩むべき道が異なりすぎます。","你与我所注视的未来、
所该走上的道路，相差实在太大了。",translated,卡诺,3e70c8c732,br=0 nl=1,2,
inc/event/res/02/me02_14.txt#123#12,"イオナサル。
貴女の優しさは時に辛さに変わります。","依欧娜萨鲁。
你的温柔有时会化作残忍的痛苦。",translated,卡诺,23ab3266a8,br=0 nl=1,2,
inc/event/res/02/me02_14.txt#124#12,"皇位継承の儀を降りろとは言いません。
せめて──。","我不会让你退出皇位继承仪式。
但至少――",translated,卡诺,854b22ff8c,br=0 nl=1,2,
inc/event/res/02/me02_14.txt#125#12,"試練の３年間を、
どこかでひっそりとお過ごしなさい。
願わくば、私と関わりのない場所で……。","试炼的这３年里，
找个地方低调平静地度过吧。
但愿是一个与我毫无瓜葛的地方……",translated,卡诺,8de72e7b21,br=0 nl=2,3,
inc/event/res/02/me02_14.txt#127#12,"……はい。
……そうするつもりです。","……嗯。
……我也正打算这么做。",translated,依恩,78892f8d66,br=0 nl=1,2,
inc/event/res/02/me02_14.txt#129#12,"えへへ……。
今日は、お見舞いと……
お別れを言いに来たんです。","嘿嘿……
今天，我是来探望你……
顺便道别的。",translated,依恩,5861b0efbe,br=0 nl=2,3,
inc/event/res/02/me02_14.txt#130#12,"もう、このコロンには
いられそうにないから……。","因为我看起来
已经没办法再留在这个克隆了……",translated,依恩,3dfffc95e7,br=0 nl=1,2,
inc/event/res/02/me02_14.txt#131#12,……逃げるのですね。,……你是要逃跑吧。,translated,卡诺,258cb8f861,br=0 nl=0,1,
inc/event/res/02/me02_14.txt#151#12,どうしようねぇ、テレくん……。,该怎么办才好呢，小泰雷……,translated,依恩,fa2872a2fe,br=0 nl=0,1,
inc/event/res/02/me02_14.txt#152#12,"ここを出るって言っても、
お金もないし、行くあてもないし……。","虽说是离开这里，
但既没有钱，又没有地方可去……",translated,依恩,339eb61bf4,br=0 nl=1,2,
inc/event/res/02/me02_14.txt#153#12,きゅうぅ……。,啾呜……,translated,泰雷芬肯,654626296e,br=0 nl=0,1,
inc/event/res/02/me02_14.txt#154#12,電車賃くらいなら、貸してあげてもいいわよ。,车费什么的，我借给你也行哦。,translated,妮伊,b8f3b30708,br=0 nl=0,1,
inc/event/res/02/me02_14.txt#160#12,ネイちゃん！,妮伊！,translated,依恩,19f0c4b70c,br=0 nl=0,1,
inc/event/res/02/me02_14.txt#161#12,ただし、あたしも一緒に行くのが条件だけど♪,不过，条件是我也得一起去♪,translated,妮伊,672429caee,br=0 nl=0,1,
inc/event/res/02/me02_14.txt#162#12,"も、もうわたしにガッカリして、
いなくなっちゃったんだと思ってた……。","我还以为你已经对我失望，
丢下我离开了呢……",translated,依恩,d870f2f2b7,br=0 nl=1,2,
inc/event/res/02/me02_14.txt#163#12,あはっ、そんなわけないじゃーん♪,啊哈，怎么可能嘛♪,translated,妮伊,2120264bf0,br=0 nl=0,1,
inc/event/res/02/me02_14.txt#164#12,"あたしは世間が何言ってたって、
気にしない主義なの。
面白いこと探して歩いてるだけー。","我这人啊，不管世人说什么
都无所谓。
只是四处转转寻找有趣的事罢了～",translated,妮伊,aaf197229e,br=0 nl=2,3,
inc/event/res/02/me02_14.txt#165#12,イオンといると、退屈しないからね♪,跟依恩在一起，可一点都不会无聊呢♪,translated,妮伊,23e0b1236b,br=0 nl=0,1,
inc/event/res/02/me02_14.txt#166#12,ネイちゃん……。,妮伊……,translated,依恩,840a2b2ae7,br=0 nl=0,1,
inc/event/res/02/me02_14.txt#168#12,イオナサルさま！,依欧娜萨鲁大人！,translated,尼普楚尔,25402fa57c,br=0 nl=0,1,
inc/event/res/02/me02_14.txt#174#12,"こんにちは。
ご機嫌うるわしゅう……。","您好。
近来可好……",translated,尼普楚尔,99959fa27b,br=0 nl=1,2,
inc/event/res/02/me02_14.txt#176#12,ネ、ネプツールさん……！,尼、尼普楚尔先生……！,translated,依恩,f5dbe08010,br=0 nl=0,1,
inc/event/res/02/me02_14.txt#178#12,"カノイールめが謳った日以来ですが……
お怪我などありませんな？","自卡诺伊尔那家伙咏唱之日一别……
您没有受伤吧？",translated,尼普楚尔,4b449a0413,br=0 nl=1,2,
inc/event/res/02/me02_14.txt#179#12,"は、はい。
大丈夫です。","没、没有。
我没事的。",translated,依恩,0de5fe6814,br=0 nl=1,2,
inc/event/res/02/me02_14.txt#180#12,それは何よりでございます。,那真是再好不过了。,translated,尼普楚尔,20131d41f1,br=0 nl=0,1,
inc/event/res/02/me02_14.txt#181#12,"私が警備隊など動かしてしまったのは
とんだおせっかいだったようで……。
申し訳なく思っております。","我擅自调动警备队，
看来反倒是多管闲事了……
实在是不胜惶恐。",translated,尼普楚尔,519fc92e4e,br=0 nl=2,3,
inc/event/res/02/me02_14.txt#182#12,"あっ、いえ……。
わたしも思わず飛び出してしまって……。","啊，没关系的……
我自己也一时冲动跑了出去……",translated,依恩,7640e2bbfc,br=0 nl=1,2,
inc/event/res/02/me02_14.txt#183#12,"結局、夢ノ珠中のシェルノトロンが
壊れることになっちゃったし……。","结果导致梦之珠所有的榭鲁诺特伦
全都损坏了……",translated,依恩,1abfc3fcd2,br=0 nl=1,2,
inc/event/res/02/me02_14.txt#184#12,"で、でも銃とかを向けて解決するのは
やっぱり良くない……とも思って……。","但、但我还是觉得，
用枪口指着别人来解决问题并不好……",translated,依恩,960bb66d17,br=0 nl=1,2,
inc/event/res/02/me02_14.txt#186#12,イオナサルさまはお優しいお方だ……。,依欧娜萨鲁大人真是位温柔慈悲之人……,translated,尼普楚尔,391ecdf153,br=0 nl=0,1,
inc/event/res/02/me02_14.txt#189#12,"その優しさにおすがりするわけでは
ないのですが……
もうひとつ、釈明をさせて頂きたい。","虽然并非想要依仗您的温柔……
但我还想再向您说明澄清一件事。",translated,尼普楚尔,64d5ea9ad0,br=0 nl=2,3,
inc/event/res/02/me02_14.txt#190#12,先日賜った皇女の衣の件でございます。,是关于日前承蒙赐下的皇女之衣一事。,translated,尼普楚尔,d583fe31a0,br=0 nl=0,1,
inc/event/res/02/me02_14.txt#191#12,ッ！！,……！！,translated,依恩,9b8622f226,br=0 nl=0,1,
inc/event/res/02/me02_14.txt#193#12,"あの可愛らしいぬいぐるみ……。
私はあれを、すぐサーリのいる
「コロン・フォーシーズン」に送りました。","那个可爱的布偶……
我立刻就将它送去了莎丽所在的
“克隆四季”。",translated,尼普楚尔,4d88dd0865,br=0 nl=2,3,
inc/event/res/02/me02_14.txt#194#12,"ところが、重力装置を破壊した男たちは
その切れ端を持っておった。","然而，破坏重力装置的那帮男子
手中却拿着那件衣服的碎布。",translated,尼普楚尔,31da5171ca,br=0 nl=1,2,
inc/event/res/02/me02_14.txt#195#12,"これは一体どういうことなのか、
私にもさっぱりわからんのです……。","这究竟是怎么一回事，
鄙人也是完全摸不着头脑啊……",translated,尼普楚尔,b4ec3c22d5,br=0 nl=1,2,
inc/event/res/02/me02_14.txt#196#12,"もしかすると、輸送の途中で何者かが衣を盗み、
切り取ったのか……。","莫非是在运送途中被何人盗走，
并将其剪碎了不成……",translated,尼普楚尔,13c983a557,br=0 nl=1,2,
inc/event/res/02/me02_14.txt#197#12,"あるいは、ぬいぐるみは
サーリに届いていないのかもしれず、
いま確かめさせております。","又或者，那个布偶
根本就没有送到莎丽手上，
我目前正在派人查证。",translated,尼普楚尔,5c0136d657,br=0 nl=2,3,
inc/event/res/02/me02_14.txt#198#12,そ、うなんですか……。,是、这样啊……,translated,依恩,1161eeb641,br=0 nl=0,1,
inc/event/res/02/me02_14.txt#199#12,いずれにせよ、私の不徳の致すところ……。,无论如何，都是鄙人不德所致……,translated,尼普楚尔,12bbc336e5,br=0 nl=0,1,
inc/event/res/02/me02_14.txt#201#12,"イオナサルさま。
このとおりでございます……。","依欧娜萨鲁大人。
还请受我一拜……",translated,尼普楚尔,9dc6168226,br=0 nl=1,2,
inc/event/res/02/me02_14.txt#202#12,"えッ！
そんな、やめてください、ネプツールさん！","诶！
怎么这样，快请起，尼普楚尔先生！",translated,依恩,83a6b68f40,br=0 nl=1,2,
inc/event/res/02/me02_14.txt#203#12,"いいえ、本当に申し訳ありません。
どうか、お許しを……。","不，鄙人实在万分抱歉。
还请您务必宽恕……",translated,尼普楚尔,7a08592317,br=0 nl=1,2,
inc/event/res/02/me02_14.txt#204#12,"今回の件、粉砕されたシェルノトロンは
すべて、我がカンパニーで
補償することに致します。","关于这次的事，受损粉碎的榭鲁诺特伦，
我们公司会全部予以赔偿。",translated,尼普楚尔,68bf30eef4,br=0 nl=2,3,
inc/event/res/02/me02_14.txt#205#12,"えぇっ！？
でも……。","诶！？
可是……",translated,依恩,931bb02ba1,br=0 nl=1,2,
inc/event/res/02/me02_14.txt#206#12,"天文住民たちからイオナサルさまへ
向けられるであろう賠償請求も、
弊社で持たせて頂きました。","天文居民们本该向依欧娜萨鲁大人
提出的赔偿请求，
也全由鄙社一并承担了。",translated,尼普楚尔,8d10614610,br=0 nl=2,3,
inc/event/res/02/me02_14.txt#207#12,"そっ、んな……
そんなことしてもらったらわたし、……。","这、怎么会……
受了您这么大的恩惠，我……",translated,依恩,ca3d480873,br=0 nl=1,2,
inc/event/res/02/me02_14.txt#208#12,"いいえ、お気になさることはありません。
お詫びとしてはこれでも足りないくらい
なのです。","不，您无需介怀。
作为赔罪，这点补偿甚至还远远不够呢。",translated,尼普楚尔,13b529076e,br=0 nl=2,3,
inc/event/res/02/me02_14.txt#209#12,"ついては、前にもお願い致しましたとおり、
我がチューブ･カンパニーへ
足をお運び頂けませんでしょうか？","因此，正如先前恳请过的那样，
不知您可否屈尊
移驾鄙人的管体公司一趟呢？",translated,尼普楚尔,7f69b5a887,br=0 nl=2,3,
inc/event/res/02/me02_14.txt#210#12,……えっ？,……诶？,translated,依恩,2347919e33,br=0 nl=0,1,
inc/event/res/02/me02_14.txt#211#12,"今回のこと、イオナサルさまも
ご心労のことだったと存じます。","经历了这次的变故，
想必依欧娜萨鲁大人也身心俱疲了。",translated,尼普楚尔,3da8fdacff,br=0 nl=1,2,
inc/event/res/02/me02_14.txt#212#12,"重ねてのお詫びとして、
どうぞ我が社でごゆっくり
お休み頂きたいと考えました次第です。","作为再次赔罪的诚意，
还望您能在鄙社好生休养一番，
鄙人是怀着这般心情发出邀请的。",translated,尼普楚尔,59bcc5c1a2,br=0 nl=2,3,
inc/event/res/02/me02_14.txt#213#12,"実は、折り入ってお願いしたいことも
ありますし……。","其实，也是因为有些要事
想要郑重拜托您……",translated,尼普楚尔,71fa1fad52,br=0 nl=1,2,
inc/event/res/02/me02_14.txt#214#12,え、と……うぅん……。,这、个……唔嗯……,translated,依恩,a08a0e3610,br=0 nl=0,1,
inc/event/res/02/me02_14.txt#215#12,"待って。
休め、っていうんならカンパニーなんかより
いいところがあるわ？","等等。
要是想休息的话，比起什么公司，
不是有个更好的去处吗？",translated,妮伊,9b64bf044a,br=0 nl=2,3,
inc/event/res/02/me02_14.txt#216#12,えっ？,诶？,translated,依恩,5b8d798295,br=0 nl=0,1,
inc/event/res/02/me02_14.txt#217#12,"こんなことがあったばかりの場所から、
また知らないとこへ行く方が疲れるわ。
でしょ？　イオン。","刚遇到这种糟心事，
又跑去人生地不熟的地方不是更累吗？
对吧，依恩？",translated,妮伊,8fd5da988a,br=0 nl=2,3,
inc/event/res/02/me02_14.txt#218#12,"うぅん、それはそうかも……。
で、でも、どこへ？","唔嗯，也许是这样吧……
可、可是要去哪里呢？",translated,依恩,cb6802ecc2,br=0 nl=1,2,
inc/event/res/02/me02_14.txt#219#12,"プラネタリー・メゾン。
あたしの家があるコロンよ。","行星公馆。
就是我住的那个克隆哦。",translated,妮伊,b0c016b551,br=0 nl=1,2,
inc/event/res/02/me02_14.txt#220#12,"そこなら勝手もわかってるし、
緊張するようなこともないし。","那里的话我很熟悉环境，
也不用那么拘束紧张。",translated,妮伊,7ba23fa6e6,br=0 nl=1,2,
inc/event/res/02/me02_14.txt#221#12,"ま、待ってくれ！　イオナサルさまには、
最初にお会いしたときから
カンパニーへおいでくださるようにと！","等、等等！当初初次见面的时候，
鄙人就已经恳请过
依欧娜萨鲁大人屈驾鄙社了啊！",translated,尼普楚尔,be2112dec3,br=0 nl=2,3,
inc/event/res/02/me02_14.txt#222#12,"それに、来てくだされば最新グレードの
シェルノトロンをお渡しするとも言った！
君も見たがっておったではないか！","而且鄙人还说过，只要光临
就会奉上最新型号的榭鲁诺特伦！
你先前不也是很想见识一番的吗！",translated,尼普楚尔,b55b8a54d1,br=0 nl=2,3,
inc/event/res/02/me02_14.txt#223#12,あたしとしては、気が変わったの。,我嘛，现在改变主意了。,translated,妮伊,55e3ef26b3,br=0 nl=0,1,
inc/event/res/02/me02_14.txt#224#12,"それにここから直接イオンを連れ出したら、
また地文の区長あたりが不正の疑いアリ、
とかって騒ぐんじゃない？","而且要是直接把依恩从这里带走，
地文的区长那伙人
肯定又要借机大吵大闹怀疑舞弊了吧？",translated,妮伊,814e5717eb,br=0 nl=2,3,
inc/event/res/02/me02_14.txt#225#12,……むッ、ぐ……。,……呜、咕……,translated,尼普楚尔,965121b629,br=0 nl=0,1,
inc/event/res/02/me02_14.txt#226#12,"というわけで、ここは天文の皇女さまの
ご意向に従う、でいいんじゃないかなっと♪","所以说，这里听从天文皇女大人的
个人意愿不就行了吗♪",translated,妮伊,f1b7b0d704,br=0 nl=1,2,
inc/event/res/02/me02_14.txt#227#12,どーする、イオン？,依恩，你打算怎么办？,translated,妮伊,f1114430ab,br=0 nl=0,1,
inc/event/res/02/me02_14.txt#228#12,え、と……うぅん……。,这、个……唔嗯……,translated,依恩,a08a0e3610,br=0 nl=0,1,
inc/event/res/02/me02_14.txt#229#12,じゃああの、ネプツールさん……。,那、那个，尼普楚尔先生……,translated,依恩,884e46dcc5,br=0 nl=0,1,
inc/event/res/02/me02_14.txt#230#12,"カンパニーへは近いうちに必ず行きますから、
いまはネイちゃんのコロンに……。","贵公司我近期一定会去拜访的，
现在还是想先去妮伊的克隆……",translated,依恩,15eef7b245,br=0 nl=1,2,
inc/event/res/02/me02_14.txt#231#12,そんな、イオナサルさま……。,怎会如此，依欧娜萨鲁大人……,translated,尼普楚尔,775a67a39b,br=0 nl=0,1,
inc/event/res/02/me02_14.txt#232#12,はい、決まりぃ♪,好啦，就这么定啦♪,translated,妮伊,d807caf7da,br=0 nl=0,1,
inc/event/res/02/me02_14.txt#233#12,ごめんなさい、ネプツールさん……。,对不起，尼普楚尔先生……,translated,依恩,3183ee16f4,br=0 nl=0,1,
inc/event/res/02/me02_14.txt#234#12,"じゃっ、そういうことで。
カンパニーで首を長くしてお待ちくださいな。","那么，事情就是这样啦。
您就在贵公司翘首以盼吧。",translated,妮伊,b5fd1b1a12,br=0 nl=1,2,
inc/event/res/02/me02_14.txt#235#12,"く……いいでしょう。
イオナサルさま、なるべくお早く、
カンパニーへお運び下さいますよう……。","唔……好吧。
依欧娜萨鲁大人，还请您尽早
移驾敝社……",translated,尼普楚尔,e40e71548f,br=0 nl=2,3,
inc/event/res/02/me02_14.txt#236#12,は、はい……すみません。,好、好的……实在抱歉。,translated,依恩,3062765232,br=0 nl=0,1,
inc/event/res/02/me02_14.txt#237#12,では……。,告辞了……,translated,尼普楚尔,3bb65591ac,br=0 nl=0,1,
inc/event/res/02/me02_14.txt#241#12,"さっ、こっちも行きましょ。
プラネタリー・メゾンへのチケット買いに、
売り場へれっつごー♪","好啦，我们也走吧。
去售票处买去行星公馆的车票，
出发喽♪",translated,妮伊,f570449b26,br=0 nl=2,3,
inc/event/res/02/me02_14.txt#244#12,あっ、ネイちゃん……。,啊，妮伊……,translated,依恩,2551bb3172,br=0 nl=0,1,
inc/event/res/02/me02_14.txt#265#12,"うわあああっ！
くそっ……ちくしょぉッ！","哇啊啊啊！
可恶……混账啊！",translated,阿达,008fd4321e,br=0 nl=1,2,
inc/event/res/02/me02_14.txt#268#12,こ、これは……。,这、这是……,translated,古雷柯夫,a211cd8497,br=0 nl=0,1,
inc/event/res/02/me02_14.txt#269#12,"ちくしょう……守れなかった……ッ、
キャスッ……！","可恶……没能保护好她……！
凯斯……！",translated,阿达,17b7e42d11,br=0 nl=1,2,
inc/event/res/02/me02_14.txt#270#12,"──！！
おいッ、何があった！
娘がどうした！？","――！！
喂，发生什么事了！
我女儿怎么了！？",translated,古雷柯夫,87acab1036,br=0 nl=2,3,
inc/event/res/02/me02_14.txt#271#12,"ぅ、くっ……キ、キャスを……
秘密基地に誘おうって、迎えに来たら……。","呜、咕……我、我是想叫凯斯……
去秘密基地玩，所以才来找她……",translated,阿达,6e18bf02a7,br=0 nl=1,2,
inc/event/res/02/me02_14.txt#272#12,"ゴツい男が３人もいて……
キャスを担いで、さらってっちまったッ！","结果有３个身形魁梧的壮汉……
扛起凯斯就把她给掳走了！",translated,阿达,1ae694a49d,br=0 nl=1,2,
inc/event/res/02/me02_14.txt#273#12,"俺、戦ったんだ……！！
戦ったんだけど……全然、ダメで……ッ！
ちくしょう……なんなんだよォ……。","我、我也跟他们打了……！！
虽然拼命打了……但根本不是对手……！
可恶……这到底是怎么回事啊……！",translated,阿达,217ff28e2c,br=0 nl=2,3,
inc/event/res/02/me02_14.txt#274#12,……キャスティが……。,……凯斯蒂她……,translated,古雷柯夫,aab9f33399,br=0 nl=0,1,
inc/event/res/02/me02_14.txt#276#12,……ッ……！,……唔……！,translated,古雷柯夫,dcc2584658,br=0 nl=0,1,
inc/event/res/02/me02_14.txt#278#12,招待状、だと……！？,招待函……！？,translated,古雷柯夫,c0d1862438,br=0 nl=0,1,
inc/event/res/02/me02_14.txt#283#12,……ネプツール……ッ！,……尼普楚尔……！！,translated,古雷柯夫,10570599cb,br=0 nl=0,1,
inc/event/res/02/me02_song.txt#12#12,"夢に映る　あの日の星へ
祈り謳い　還りましょう","向着梦中映现的　昔日星球
祈祷歌唱　踏上归途吧",translated,系统文本,9cea4f4331,br=0 nl=1,2,
inc/event/res/02/me02_song.txt#13#12,"産まれ生きる　喜びを胸に
希望の種　育みましょう","胸中满怀　降生世间的欢喜
一同去培育　希望的种子吧",translated,系统文本,ccf7281ff7,br=0 nl=1,2,
inc/event/res/02/me02_song.txt#17#12,"明日を　選び　共に　進め
罪の　英知　脱ぎ捨て","抉择明日　携手前行
将那罪孽的智慧　悉数褪去",translated,系统文本,6da327f76d,br=0 nl=1,2,
inc/event/res/02/me02_song.txt#26#12,"幾千の嘆きを払い
この詩よ　響け","拂散千万声叹息
愿此诗篇　响彻四方",translated,系统文本,bf61c8fffe,br=0 nl=1,2,
inc/event/res/02/me02_train.txt#2#12,"<CLY2>チュートリアルが終了しておりません。
まずは第一の扉へ向かいましょう。","<CLY2>教程尚未结束。
请先前往第一道门。",translated,系统文本,43739b392f,<CLY2> br=0 nl=1,2,keep-tags <CLY2>
inc/event/res/02/me02_train02.txt#2#12,"<CLY2>試練編 第二幕～最終幕に関わる音声は、
DLC「試練編ボイスパック」（無料）を別途
インストールして頂くことでお楽しみ頂けます。","<CLY2>与试炼篇 第二幕～最终幕相关的语音，
需另行安装免费DLC“试炼篇语音包”
方可收听体验。",translated,系统文本,271dc3321d,<CLY2> br=0 nl=2,3,keep-tags <CLY2>; src-longest-line=25
inc/event/res/02/me02_train02.txt#3#12,"<CLY2>「シェルノサージュ OFFLINE ～失われた星へ
捧ぐ詩～」を最大限お楽しみ頂くため、ボイス
パックのインストールを推奨しております。","<CLY2>为充分享受“Ciel nosurge OFFLINE
～献给失落之星的诗篇～”，
建议安装语音包。",translated,系统文本,155347e1bf,<CLY2> br=0 nl=2,3,keep-tags <CLY2>; src-longest-line=31
inc/event/res/02/me02_train02.txt#4#12,「試練編 第二幕」へ進む,前往“试炼篇 第二幕”,translated,,93fcb0a019,br=0 nl=0,1,
inc/event/res/02/me02_train02.txt#5#12,ダイブゲートに戻る,返回潜入之门,translated,,60c93a75a7,br=0 nl=0,1,
