id,jp,zh,status,speaker,src,ctl,lines,note
inc/event/res/03/me03_01.txt#43#12,"さぁ、着いたわよ。
ここが『{メゾン・セントリア}』。","好啦，到了哦。
这里就是‘{中央公馆}’。",translated,妮伊,2c1acb024e,br=1 nl=1,2,keep-terms {メゾン・セントリア}
inc/event/res/03/me03_01.txt#43#14,メゾン・セントリアとは、メゾンホールと呼ばれるステージを囲み、眺望できる商店街通りの総称。<CR>メゾン・セントリアには、１号通～１３号通まであり、それぞれがステージを１階として１３階までの階層を持つ集合体である。<CR>昼間も多くの人が行き来し活気ある通だが、外殻にある花弁が閉じて夜になると屋台が多く出店し、プラネタリー・メゾンでしか見ることが出来ない星空の下でより多くの人たちが賑わいを見せる。<CR>また、屋台の中には変わったものを商売にしてるところもあり、毎日のようにメゾン・セントリアへと足を運ぶ人も少なくない。,中央公馆是环绕着被称为公馆大厅的舞台、并能将其尽收眼底的商业街通路的统称。<CR>中央公馆包含１号街至１３号街，是以舞台所在的１楼为基准、共拥有１３层阶层构造的集合体。<CR>白昼里人来人往，是一条极具活力的街区；而当外壳的花瓣合拢入夜后，便会有大量摊贩摆摊，在唯有行星公馆方能得见的星空之下，汇聚起更为繁华热闹的熙攘人潮。<CR>此外，摊贩中亦不乏以奇特之物营生者，几乎每日都会造访中央公馆的人也不在少数。,translated,妮伊,fb6ab0a7df,<CR> <CR> <CR> br=0 nl=0,1,keep-tags <CR>; src-longest-line=262
inc/event/res/03/me03_01.txt#44#12,"『{プラネタリー・メゾン}』で一番の
歓楽街ってトコかな♪","算是‘{行星公馆}’里
最热闹的繁华街吧♪",translated,妮伊,edf21cdc65,br=1 nl=1,2,keep-terms {プラネタリー・メゾン}
inc/event/res/03/me03_01.txt#44#14,『星降る夜』というものに憧れを持った資産家が作った巨大な花を模したコロン。<CR>外側から見ると花弁のように見えるが、バーストが近づくか一日の半分は花弁が閉じ夜モードとなる。<CR>そして夜モードのプラネタリー・メゾンの内側には満点の星空が描き出される。<CR>ラシェーラの太陽は赤色巨星になっており、夜でも星を見ることはできない。しかしプラネタリー・メゾンではかつてそうであったと言われる『星空』が再現されており、ラシェーラにおいて唯一『夜の商売』が発達したコロンである。<CR>ネイはこのプラネタリー・メゾンで踊り子として働き、彼女の自宅もここにある。,由憧憬“繁星降临之夜”的资本家建造的、仿照巨大花朵形态的克隆。<CR>从外部望去宛如花瓣，每当爆炸临近或是一天的半数时间，花瓣便会合拢转入夜间模式。<CR>而在夜间模式下的行星公馆内侧，则会描绘出满天星空。<CR>拉榭拉的太阳如今已演化为红巨星，即便入夜也无法仰望繁星。然而在行星公馆中，却再现了据传往昔曾有过的“星空”，也是拉榭拉唯一发展出“夜间风俗产业”的克隆。<CR>妮伊便是在这座行星公馆中作为舞者工作，她的住所也位于此处。,translated,妮伊,23a27c2677,<CR> <CR> <CR> <CR> br=0 nl=0,1,keep-tags <CR>; src-longest-line=278
inc/event/res/03/me03_01.txt#45#12,すっ……すごいね、ネイちゃん！！,好……好厉害啊，妮伊！！,translated,依恩,d66550dd6c,br=0 nl=0,1,
inc/event/res/03/me03_01.txt#46#12,わたし、こんなにぎやかな街、はじめて！,我还是头一次见到这么热闹的城市！,translated,依恩,242177f245,br=0 nl=0,1,
inc/event/res/03/me03_01.txt#47#12,"まーそうでしょうねぇ。
といっても、今日はいつもより
かなり人が多いみたいだけど。","嘛，那是当然啦。
话虽如此，今天看起来
比平时还要人多不少呢。",translated,妮伊,d5467ea5db,br=0 nl=2,3,
inc/event/res/03/me03_01.txt#48#12,"イオンの「にぎやか」の基準って
{万寿沙羅}でしょ？
比べちゃ悪いくらいのもんよ。","依恩你对“热闹”的基准
是{万寿沙罗}对吧？
拿来对比都显得欺负它了。",translated,妮伊,8a85804c2f,br=1 nl=2,3,keep-terms {万寿沙羅}
inc/event/res/03/me03_01.txt#48#14,正式には万寿区万寿沙羅。昔、帝都が地上に存在していたとき、政治的な中心だった地区で、今でもその名残である旧帝国関連施設が史跡として多数点在している。<CR>現在でも、地上の旧市街における、経済、政治の中心地として栄えている。<CR><CR>中でも万寿沙羅一番街は、地上に住む人々にとって一番の商店街で、この地区に無い物はどこにもないと言われているほど。万寿沙羅駅とその駅ビルは、日夜沢山の人でごった返している。,正式名称为万寿区万寿沙罗。在过去的帝都位于地面上的时代，这里曾是政治中心区域，如今仍有许多作为历史遗迹留存的旧帝国相关设施散布于此。<CR>即便是现在，作为地面旧城区的经济与政治中心，这里依旧繁荣。<CR><CR>其中万寿沙罗一番街是地面居民最重要的商业街，甚至被称为“在这条街上找不到的东西世间便无处可寻”。万寿沙罗车站及其车站大厦，日夜都挤满了络绎不绝的人潮。,translated,妮伊,b6cfc0d2ce,<CR> <CR> <CR> br=0 nl=0,1,keep-tags <CR>; src-longest-line=205
inc/event/res/03/me03_01.txt#49#12,"プラネタリー･メゾンの上にも下にも
{コロン}はいっぱいあるけど、
どっちの住人にもこの街は大人気でね。","行星公馆的上面和下面
虽然还有好多{克隆}，
不过不管哪边的居民都非常喜欢这里呢。",translated,妮伊,9f03e539ee,br=1 nl=2,3,keep-terms {コロン}
inc/event/res/03/me03_01.txt#49#14,空中に浮かんでいる浮遊都市。ラシェーラには、沢山のコロンが点在しており、裕福な人を中心に沢山の人が住んでいる。<CR><CR>コロンは自治都市となっており、有る程度の条例はコロン毎に決められる。また、ほぼ間違いなくバースト対策が成されており、地上の街のようにバーストに怯えることもない。<CR>逆に、どのコロンも厳しい入居条件があるか、無い場合は倍率1000倍にもなる抽選をくぐり抜けなければ住むことは出来ない。更に入居には莫大な費用がかかる事が殆どで、故に地上に住む人々は、簡単にコロンに移り住む事が出来ないのである。,漂浮在空中的浮游都市。拉榭拉分布着许多克隆，以富裕阶层为中心居住着大量居民。<CR><CR>克隆属于自治都市，一定程度的条例由各克隆自行制定。此外，各克隆几乎必定配备了针对爆炸的防护对策，无需像地上的城镇那样对爆炸提心吊胆。<CR>反之，所有克隆要么有着严苛的入住条件，若无条件则必须通过中签率低至千分之一的抽选方能入住。加之入住大多需要花费巨额费用，因此生活在地上的居民无法轻易搬迁到克隆居住。,translated,妮伊,1df95a02e3,<CR> <CR> <CR> br=0 nl=0,1,keep-tags <CR>; src-longest-line=260
inc/event/res/03/me03_01.txt#50#12,"『死ぬ前に一度は行ってみたいコロン』
ランキング、ベスト３には必ず入ってる。","在“死前想去一次的克隆”排行榜里，
绝对能稳坐前三名。",translated,妮伊,f5c80ba10d,br=0 nl=1,2,
inc/event/res/03/me03_01.txt#51#12,この間までいた、{夢ノ珠}は？,那我们前不久待过的{梦之珠}呢？,translated,依恩,1d7eb518ff,br=1 nl=0,1,keep-terms {夢ノ珠}
inc/event/res/03/me03_01.txt#51#14,正式名称は『官営第４号居住揚陸　夢ノ珠』。<CR>コロンというものが世の中に登場し、まだ数も少なかった頃の古いコロンである。<CR>その中心で重力を生成し、構造を球体とすることに成功したため、建設当時は『リトルラシェーラ』と人々から驚きと賞賛をもって迎えられた。<CR>夢ノ珠に住む天文派と地文派は、コロンを一周する輪を境に二分して生活している。<CR>天文派が多くを占める現在において、地上や他のコロンと比べると地文派の人間がまとまって生活している数少ないコロンではあるが、老朽化に伴い夢ノ珠全体で、特に地文側において『断線』と呼ばれる問題が多発するようになっている。,正式名称为“官营第四号居住扬陆　梦之珠”。<CR>是在“克隆”这一事物问世于世间、数量尚且稀少时建立的古老克隆。<CR>由于在其中心成功生成重力并将构造建成了球体，所以在建设当时，被人们带着惊叹与赞美誉为“小拉榭拉”。<CR>居住在梦之珠的天文派与地文派，以环绕克隆一周的环带为界二分而居。<CR>在天文派占据大半壁江山的当今时代，相比地面或其他克隆，这里是少数地文派人群集中生活的克隆之一。但伴随着设施老旧化，在整个梦之珠、尤其是在地文派一侧，频繁发生被称为“断线”的问题。,translated,依恩,f6cd6a8133,<CR> <CR> <CR> <CR> br=0 nl=0,1,keep-tags <CR>; src-longest-line=285
inc/event/res/03/me03_01.txt#52#12,"あぁ？
あんなのは圏外よ、むしろワーストの方。","啊？
那种地方根本排不上号，不如说在倒数榜上。",translated,妮伊,5e7ead1211,br=0 nl=1,2,
inc/event/res/03/me03_01.txt#53#12,"そうなんだ。夢ノ珠は{断線}とかがあって、
暮らしにくいからかな……。","是这样啊。梦之珠会发生{断线}什么的，
大概是因为住起来不太舒服吧……",translated,依恩,9ebaca14e4,br=1 nl=1,2,keep-terms {断線}
inc/event/res/03/me03_01.txt#53#14,夢ノ珠の中心に存在する重力場発生装置に供給されるＴｚ波が十分に行き渡らず、重力場が消失する現象を『断線』と呼んでいる。<CR>当然ながら、重力場がなくなったときに夢ノ珠の下側に位置していた建物や人はラシェーラの重力に引かれて地上に落下してしまう。<CR>断線を恐れ、他のコロンに移住する者もいたが、ほとんどの住民には夢ノ珠から出るお金も移住先も存在しなかったため、現在も多くの人々が住み続けている。<CR>近年は天文側よりも地文側に発生することが多く、天文区長パリーと地文区長クーリンを筆頭に両者間の抗争は激しくなる一方となっている。,供给至位于梦之珠中心的重力场发生装置的Tz波未能充分传导普及，导致重力场消失的现象被称为“断线”。<CR>理所当然地，当重力场消失时，正处于梦之珠下方区域的建筑物与居民便会被拉榭拉的重力所吸引而坠落至地面。<CR>虽有惧怕断线而迁往其他克隆者，但绝大多数居民既没有搬离梦之珠的财力，亦无处可迁，因而至今仍有大量人口在此居住。<CR>近年来断线发生在地文侧的频率远高于天文侧，以天文区长帕里与地文区长库琳为首，双方之间的抗争亦愈发激烈。,translated,依恩,ad6451d167,<CR> <CR> <CR> br=0 nl=0,1,keep-tags <CR>; src-longest-line=267
inc/event/res/03/me03_01.txt#54#12,"どうしてだろうね。
帝国イチ押しの次世代型コロンとして
造られたのはここも同じなんだけど。","谁知道呢。
明明这里也是作为帝国力推的
次世代型克隆而建造的。",translated,妮伊,74de1767df,br=0 nl=2,3,
inc/event/res/03/me03_01.txt#55#12,"ま、プラネタリー･メゾンは帝国の
思惑どおり、『常世の楽園』に近い
コロンになったとは言えるわね。","嘛，行星公馆正如帝国所期望的那样，
成了一座接近“长世乐园”的克隆呢。",translated,妮伊,16297b5531,br=0 nl=2,3,
inc/event/res/03/me03_01.txt#60#12,わたしが見て回れるのは、どのあたりまで？,我能到处逛逛的范围，大概是到哪一带呀？,translated,依恩,98f0be07b3,br=0 nl=0,1,
inc/event/res/03/me03_01.txt#61#12,"ん？
どういう意味？","嗯？
什么意思？",translated,妮伊,a88a086460,br=0 nl=1,2,
inc/event/res/03/me03_01.txt#62#12,"だって、{地文}派の区域にはわたし、
行かないほうがいいかなって……。","因为我在想，{地文}派的区域，
我是不是最好不要过去呀……",translated,依恩,9395932f3e,br=1 nl=1,2,keep-terms {地文}
inc/event/res/03/me03_01.txt#62#14,正式名称は「帝立ジェノメトリクス同調調停院」。元々は「人間とジェノムが、互いに最大限の利益を保持しつつ棲み分ける為の調停機関」であった。<CR>その後、「ジェノムと人間が更に豊かに暮らせる為の施策」として、最先端の遺伝子工学の研究開発を行うようになり、地文は多岐にわたる組織の集合体になった。<CR><CR>現在では、ジェノムと同調した場合、その旨を地文に申請登録することが義務づけられており、地文はジェノムを保有する全員の個人情報を持っている。,正式名称为“帝立杰诺梅特利库斯同调调停院”。原本是“为了让人类与杰诺姆在各自保留最大利益的同时实现共存分居的调停机构”。<CR>此后作为“让人类与杰诺姆生活更为富足的举措”，开始进行最前沿的基因工程研发，地文由此演变成了涵盖众多组织的集合体。<CR><CR>如今，一旦与杰诺姆同调，便有义务向地文申请登记，地文因而掌握着所有拥有杰诺姆人员的个人信息。,translated,依恩,0328e9e022,<CR> <CR> <CR> br=0 nl=0,1,keep-tags <CR>; src-longest-line=223
inc/event/res/03/me03_01.txt#63#12,"あっはっは！
大丈夫よイオン、ここじゃそんな区別は
イミないから！","哈哈哈哈！
没事的啦依恩，在这里那种区分
根本毫无意义！",translated,妮伊,9c06f7863d,br=0 nl=2,3,
inc/event/res/03/me03_01.txt#64#12,えっ……？？,诶……？？,translated,依恩,683d3c8579,br=0 nl=0,1,
inc/event/res/03/me03_01.txt#65#12,"そんなことはパーッと忘れて
毎日をエンジョイしたい人しか、
ここにはいない。","留在这里的人，可全都是想把那些烦心事
通通抛诸脑后、尽情享受每一天的家伙。",translated,妮伊,896168baa7,br=0 nl=2,3,
inc/event/res/03/me03_01.txt#66#12,"じゃあ、夢ノ珠みたいに{天文}と地文の
人たちがケンカしてたり、とかは……。","那么，就不会像梦之珠那样，
{天文}和地文的人互相吵架了吗……",translated,依恩,c2957bda3a,br=1 nl=1,2,keep-terms {天文}
inc/event/res/03/me03_01.txt#66#14,天文の正式な名前は「帝立天文学量子波動学研究所」。<CR>宇宙や時空間の専門を扱うため、「量子力学」をベースとした研究機関の組織である。<CR>発足当時、天文は単体で動くことはなく、常に地文の付属組織として活動していた。それは当時の「生命救済計画」が、「科学技術」と「ジェノムの魔法力」の融合によるものであった為だ。また「生命救済計画」という、全人類レベルにおいて最優先の課題を背負っている事もあり、行政にも関わっていた。<CR>その後シェルノトロンの発明と普及により、地文よりも権力の強い組織となっていき、現在に至る。,天文的正式名称为“帝立天文学量子波动学研究所”。<CR>因专门研究宇宙与时空领域，是以“量子力学”为基石的研究机构组织。<CR>创立之初，天文并未单独运作，始终作为地文的附属机构开展活动。这是由于当时的“生命救济计划”乃是依托“科学技术”与“杰诺姆魔法之力”的融合所致。此外，因背负着全人类层面最高优先级的“生命救济计划”，亦深度参与行政事务。<CR>此后随着榭鲁诺特伦的发明与普及，逐渐演变为凌驾于地文之上的强权组织，直至今日。,translated,依恩,3d9c88c7c1,<CR> <CR> <CR> br=0 nl=0,1,keep-tags <CR>; src-longest-line=260
inc/event/res/03/me03_01.txt#67#12,"ないない！
歌と踊りとお酒、お祭り騒ぎが大好きな
連中が、そんなムダなことしなーい！","没有的事！
热爱唱歌跳舞喝酒狂欢的家伙们，
才不会干那种无聊的蠢事呢！",translated,妮伊,4868050a50,br=0 nl=2,3,
inc/event/res/03/me03_01.txt#68#12,"ただまぁ、ニンゲンに区別がないわけじゃ
ないけどねー。","不过嘛，人与人之间
倒也不是完全没有分别啦～",translated,妮伊,a102addc5f,br=0 nl=1,2,
inc/event/res/03/me03_01.txt#69#12,天文と地文以外に、区別なんてあるの……？,除了天文和地文以外，还能有什么分别啊……？,translated,依恩,35fc3809ba,br=0 nl=0,1,
inc/event/res/03/me03_01.txt#70#12,そりゃーあるわよ。,那～当然有啦。,translated,妮伊,96afa7c23a,br=0 nl=0,1,
inc/event/res/03/me03_01.txt#71#12,お金持ちと、それ以外。,有钱人，和其他人。,translated,妮伊,ffe135a3de,br=0 nl=0,1,
inc/event/res/03/me03_01.txt#72#12,あ……。,啊……,translated,依恩,674a8541f0,br=0 nl=0,1,
inc/event/res/03/me03_01.txt#73#12,"なんたってコロン全体が歓楽街だからね。
お金はナイよりあるほうが確実、有利。","毕竟整个克隆都是欢乐街嘛。
钱这东西，有肯定比没有来得踏实、吃得开。",translated,妮伊,3eeac9ab4e,br=0 nl=1,2,
inc/event/res/03/me03_01.txt#74#12,"最近は特に格差が拡がって、
犯罪発生率も高くなってきてるって。","听说最近贫富差距越来越大，
连犯罪率都跟着水涨船高了呢。",translated,妮伊,171491cd8b,br=0 nl=1,2,
inc/event/res/03/me03_01.txt#75#12,そ、うなんだ……結構、コワい街だね……。,是、这样啊……听起来还挺吓人的呢……,translated,依恩,021dc4f5fd,br=0 nl=0,1,
inc/event/res/03/me03_01.txt#76#12,"いまは単なるお客さんだから平気だよ。
アブないところにはあたしが連れてかないし。","现在你只是普通游客所以没事的啦。
危险的地方我也不会带你去的。",translated,妮伊,b1ff494f36,br=0 nl=1,2,
inc/event/res/03/me03_01.txt#77#12,それより見て、あそこ！,比起这个你快看，那边！,translated,妮伊,c61398d5c8,br=0 nl=0,1,
inc/event/res/03/me03_01.txt#78#12,どこ？？,哪里？？,translated,依恩,1a3ff22e4a,br=0 nl=0,1,
inc/event/res/03/me03_01.txt#79#12,"モニュメントの、下のとこ！
おっきなステージがあるでしょう？","纪念碑下面的地方！
有个好大的舞台对吧？",translated,妮伊,0b7f95c1a0,br=0 nl=1,2,
inc/event/res/03/me03_01.txt#80#12,"うん。ちょっと遠すぎて大きさが
ピンとこないけど……。","嗯。不过离得太远了，
对大小没什么实感呢……",translated,依恩,ad639d252f,br=0 nl=1,2,
inc/event/res/03/me03_01.txt#81#12,"もう、よく見てよ！
ヒトがケシ粒みたいに見えるでしょう！？","哎呀，你仔细看嘛！
上面的人看起来跟罂粟籽一样小对不对！？",translated,妮伊,0f7af0ac58,br=0 nl=1,2,
inc/event/res/03/me03_01.txt#82#12,"あ……あっ、わかった！
あれが人なら、運動場くらいあるよ
あのステージ！","啊……啊，我看到了！
如果那是人的话，那个舞台
都快赶上运动场那么大了！",translated,依恩,f96a847eda,br=0 nl=2,3,
inc/event/res/03/me03_01.txt#83#12,うふふ、ようやくわかったかぁ。,呵呵，总算看出来了吧。,translated,妮伊,f709a33623,br=0 nl=0,1,
inc/event/res/03/me03_01.txt#84#12,何か、一生懸命作業してるね？,好像有好多人在拼命施工呢？,translated,依恩,f21c8bff59,br=0 nl=0,1,
inc/event/res/03/me03_01.txt#85#12,"ふふぅん。
あれはね、もうすぐ始まる年に一度のお祭り、
『{ラシェーラ・スターライト}』の準備よ。","哼哼～
那个呀，是在为马上开始的一年一度庆典
‘{拉榭拉星光}’做准备呢。",translated,妮伊,4701c4a807,br=1 nl=2,3,keep-terms {ラシェーラ・スターライト}
inc/event/res/03/me03_01.txt#85#14,毎日がお祭りのようなプラネタリー・メゾンにおいて、一年に一度ある最大級のフェスティバル。<CR>メゾンホールだけでなく、多くの特設ステージが用意され、多くのイベントが開催される。<CR>ラシェーラ・スターライトの期間は一週間にも渡り、<CR>多くの人々が日々と不安を忘れて毎日を楽しむことができる。また、これに乗じて出展してくる特殊な屋台や企業の売り込みなどもあり、さらにお祭りを盛り上げる要因になっている。<CR>ラシェーラ・スターライト期間中、プラネタリー・メゾンの人口密度は平常時の５倍から１０倍にまで膨れ上がるといっても過言ではない。,在终日宛如庆典般的行星公馆中，这是一年一度规模最大的节日。<CR>不仅是公馆大厅，届时还将搭建众多特设舞台，举办丰富多彩的活动。<CR>拉榭拉星光将持续整整一周，<CR>让众多民众得以忘却日常与不安，尽情享受每一天。此外，借此机会出摊的特色摊贩与企业宣传等，更是进一步炒热了节日的狂欢氛围。<CR>毫不夸张地说，在拉榭拉星光期间，行星公馆的人口密度会激增至平时的５到１０倍。,translated,妮伊,9369cd2fff,<CR> <CR> <CR> <CR> br=0 nl=0,1,keep-tags <CR>; src-longest-line=271
inc/event/res/03/me03_01.txt#86#12,あぁ、お祭りなんだ、あれ。,啊，原来那是庆典呀。,translated,依恩,a4af0c52fa,br=0 nl=0,1,
inc/event/res/03/me03_01.txt#87#12,"あれ？
あんまり楽しみじゃない……？","哎呀？
你好像不太期待……？",translated,妮伊,d3bbf4b603,br=0 nl=1,2,
inc/event/res/03/me03_01.txt#88#12,"うぅん……楽しみだけど、
あまり人が多すぎるのは、ちょっと……。","唔嗯……虽然也期待啦，
不过人太多的话，稍微有点……",translated,依恩,bb71675250,br=0 nl=1,2,
inc/event/res/03/me03_01.txt#90#12,"そういえばイオンって、
最初の演説もダメで逃げ出したんだっけ……。","说起来依恩你这家伙，
连最初的演说都受不了临阵逃脱了呢……",translated,妮伊,d47a12e8aa,br=0 nl=1,2,
inc/event/res/03/me03_01.txt#91#12,"ん？
何か言った？","嗯？
你说什么了吗？",translated,依恩,cc8d8663a2,br=0 nl=1,2,
inc/event/res/03/me03_01.txt#92#12,"う、うぅん、なんでもないよ。
とりあえず、あたしン家行こっか！","没、没有，什么都没说啦。
总之，先去我家吧！",translated,妮伊,f35e1302e0,br=0 nl=1,2,
inc/event/res/03/me03_01.txt#93#12,ネイちゃん家？　いいの？,去妮伊家？可以吗？,translated,依恩,b8296b23c5,br=0 nl=0,1,
inc/event/res/03/me03_01.txt#94#12,"まぁどうしてもホテル泊まりたいって
言うんならそれでもいいけど……高価いよ？","嘛，你要是非说想住旅馆
也不是不行……不过很贵哦？",translated,妮伊,4f016cc11f,br=0 nl=1,2,
inc/event/res/03/me03_01.txt#95#12,"ひと晩泊まったら
皿洗いだと３年分くらい……。","住上一晚的话，
去洗盘子大概得洗上３年……",translated,妮伊,b0a39a1298,br=0 nl=1,2,
inc/event/res/03/me03_01.txt#96#12,と、泊めて下さいっ、ネイさま！,请、请务必让我借宿，妮伊大人！,translated,依恩,e6de8b5b26,br=0 nl=0,1,
inc/event/res/03/me03_01.txt#97#12,そうこなくっちゃ♪,这就对了嘛♪,translated,妮伊,7a95de5a28,br=0 nl=0,1,
inc/event/res/03/me03_02.txt#19#12,"はーっ。
ただいまただいまっ、と。","哈啊～
我回来啦我回来啦～",translated,妮伊,df583b244a,br=0 nl=1,2,
inc/event/res/03/me03_02.txt#20#12,お、おじゃまします……。,打、打扰了……,translated,依恩,67251af295,br=0 nl=0,1,
inc/event/res/03/me03_02.txt#22#12,"やっと落ち着いたわー。
やっぱり家が一番ね。","总算能歇口气了～
果然还是家里最舒服呢。",translated,妮伊,a7bc808764,br=0 nl=1,2,
inc/event/res/03/me03_02.txt#35#12,可愛いお部屋だね、ネイちゃん。,好可爱的房间啊，妮伊。,translated,依恩,39a79c90ad,br=0 nl=0,1,
inc/event/res/03/me03_02.txt#36#12,そ、そぉかな？,是、是吗？,translated,妮伊,2f8b6524ec,br=0 nl=0,1,
inc/event/res/03/me03_02.txt#37#12,"うん♪
ネイちゃんそのままーっ、って感じだよ。","嗯♪
感觉跟妮伊本人的气质一模一样呢。",translated,依恩,7049b7a441,br=0 nl=1,2,
inc/event/res/03/me03_02.txt#38#12,"ホメてんの？
けなしてんの……？","你这是夸我呢？
还是损我呢……？",translated,妮伊,e5bd9bd84f,br=0 nl=1,2,
inc/event/res/03/me03_02.txt#39#12,"あっ！！
天井のランプ、可愛い～♪","啊！！
天花板上的吊灯，好可爱～♪",translated,依恩,bc399f8543,br=0 nl=1,2,
inc/event/res/03/me03_02.txt#40#12,そぉ……？,是吗……？,translated,妮伊,c838bc7cd9,br=0 nl=0,1,
inc/event/res/03/me03_02.txt#41#12,"セントリアのステージにあったのと
おんなじ形だね。
プラネタリー･メゾンの流行りなの？","跟中央公馆舞台上的那个
形状一模一样呢。
是行星公馆现在的流行款式吗？",translated,依恩,46e6545efc,br=0 nl=2,3,
inc/event/res/03/me03_02.txt#42#12,"そ、そうね。
よく見る感じのデザイン……。","是、是啊。
蛮常见的那种设计……",translated,妮伊,0cc0e1db4f,br=0 nl=1,2,
inc/event/res/03/me03_02.txt#43#12,"ネイちゃんネイちゃん！
ここ、このシェルフに飾ってあるのは
なぁに？？","妮伊妮伊！
这里，架子上摆着的这个
是什么呀？？",translated,依恩,c3648c2118,br=0 nl=2,3,
inc/event/res/03/me03_02.txt#44#12,"あー、そのへんあんま整理してないから
触んないで……。","啊，那片我还没怎么收拾过呢，
别乱碰……",translated,妮伊,4469a432dc,br=0 nl=1,2,
inc/event/res/03/me03_02.txt#45#12,"う、ホコリ積もってる……。
ちゃんと掃除しないとダメだよ、ネイちゃん？","唔，积了好多灰尘……
不好好打扫可不行哦，妮伊？",translated,依恩,a3fc8cdedc,br=0 nl=1,2,
inc/event/res/03/me03_02.txt#46#12,イオンっ！,依恩！,translated,妮伊,5ba0b6b933,br=0 nl=0,1,
inc/event/res/03/me03_02.txt#47#12,は、はいっ。,在、在！,translated,依恩,2184993ae4,br=0 nl=0,1,
inc/event/res/03/me03_02.txt#48#12,"何でもめずらしーのはわかるけど、
ちょっとは落ち着いたら？","我看你什么都新鲜，
不过稍微安分一点好不好？",translated,妮伊,a4ef59bcc8,br=0 nl=1,2,
inc/event/res/03/me03_02.txt#49#12,あ、ごめんなさい……。,啊，对不起……,translated,依恩,cdf64cf1db,br=0 nl=0,1,
inc/event/res/03/me03_02.txt#51#12,"まったく……すっかりおのぼりさん
なんだから……。",真是的……完全一副乡巴佬进城的样子……,translated,妮伊,28a29884ad,br=0 nl=1,2,
inc/event/res/03/me03_02.txt#57#12,はぁい。,来啦～,translated,妮伊,5658c132b8,br=0 nl=0,1,
inc/event/res/03/me03_02.txt#58#12,……はっ？,……哈？,translated,妮伊,9e3251a2a1,br=0 nl=0,1,
inc/event/res/03/me03_02.txt#60#12,"ちょっと、何であたしが帰ってきてること
知ってんのよっ。",等等，你们怎么知道我回来了啊。,translated,妮伊,c58bda18d2,br=0 nl=1,2,
inc/event/res/03/me03_02.txt#61#12,"……ヤだよ、あたし休暇中だもん。
……へっ？","……我才不干，我休假呢。
……哈？",translated,妮伊,f7157be350,br=0 nl=1,2,
inc/event/res/03/me03_02.txt#63#12,"……わかった、わかりました！
でも１回だけよ？
……はいはい。じゃあそれで。はぁい。","……知道了，我知道了行了吧！
不过就这一次哦？
……好啦好啦。那就这样。拜～",translated,妮伊,4e553a8ab4,br=0 nl=2,3,
inc/event/res/03/me03_02.txt#68#12,……はぁっ。もう……。,……哈啊。真是的……,translated,妮伊,77ed644808,br=0 nl=0,1,
inc/event/res/03/me03_02.txt#70#12,ど、どうかしたの？,怎、怎么了吗？,translated,依恩,f3fb12add2,br=0 nl=0,1,
inc/event/res/03/me03_02.txt#71#12,"えぇ？
仕事だってさ。まったく、誰にも言わずに
戻ってきたのに、どこでバレたんだか……。","还能怎样？
说是来活了。真是的，明明谁都没告诉
就回来了，到底是从哪走漏的风声……",translated,妮伊,6c98d59276,br=0 nl=2,3,
inc/event/res/03/me03_02.txt#72#12,"ネイちゃんのお仕事って、
踊り子さんだったよね？","妮伊的工作，
是当舞者对吧？",translated,依恩,937356144b,br=0 nl=1,2,
inc/event/res/03/me03_02.txt#73#12,そーだけど。,是啊。,translated,妮伊,9c0b56bf3b,br=0 nl=0,1,
inc/event/res/03/me03_02.txt#74#12,"すごい！！
ねぇネイちゃん、わたし、ネイちゃんの
踊ってるとこ見てみたい！","好厉害！！
呐妮伊，我也想看看
妮伊跳舞的样子！",translated,依恩,58b20b62a5,br=0 nl=2,3,
inc/event/res/03/me03_02.txt#75#12,えぇっ？,诶？,translated,妮伊,707b6b6f40,br=0 nl=0,1,
inc/event/res/03/me03_02.txt#76#12,"おじゃまはしないから、ちょっとだけでも！
お願い……。","我不会碍事的，就看一眼就好！
求求你了……",translated,依恩,b6b4a1cd48,br=0 nl=1,2,
inc/event/res/03/me03_02.txt#79#12,ダーーーメ！,不――行！,translated,妮伊,6cd9d6b97c,br=0 nl=0,1,
inc/event/res/03/me03_02.txt#80#12,ひぅ……。,呜……,translated,依恩,108d44ab63,br=0 nl=0,1,
inc/event/res/03/me03_02.txt#81#12,"いくらイオンもお休み中だからって、
完全にのんびりしていいわけじゃ
ないんだよ！？","就算依恩你现在也在休息，
也不代表就能彻底游手好闲了啊！？",translated,妮伊,66c6d5f26c,br=0 nl=2,3,
inc/event/res/03/me03_02.txt#82#12,"こうしてる間にも、カノンはどこかで
{皇帝}になるための準備を進めてるんだから！","就在我们闲聊的当口，卡诺肯定还在哪里
为了当上{皇帝}而加紧准备呢！",translated,妮伊,f0fe976612,br=1 nl=1,2,keep-terms {皇帝}
inc/event/res/03/me03_02.txt#82#14,この世界を統べる者のこと。この世界ラ・シェーラには実質的な国家はこの「帝国」１つしかない。その為、皇帝とは世界最高位の存在となる。その為、皇帝の名は「ラシェーラ」であり、それ以前にどんな名前であろうが即位と共にラシェーラという名前だけとなる。<CR>それはすなわち、星の人となるということ。皇帝は人間の感情限界である、精神周波数11MHｚ以上を授かっている。また、特殊な声帯を継承する事で、人間の声とは思えない声で詩を謳う事も出来る。<CR><CR>皇帝はこの世界を安定させる為に様々な祭祀を行うが、それは形骸化したものではなく、しっかりとした効果を持つものである。,统治这个世界的至高领袖。拉榭拉世界在实质上仅有“帝国”这一个国家，因此皇帝即为世界最高位之存在。皇帝的名号即为“拉榭拉”，无论此前名字为何，一旦登基便仅保留拉榭拉之名。<CR>这意味着其成为整颗星球的化身。皇帝被赋予了超越人类情感极限的精神频率11MHz以上。此外，通过传承特殊的声带，亦能以常人难及之音吟唱诗篇。<CR><CR>皇帝为稳定这个世界而举行各种祭祀，那些仪式绝非流于形式，而是具备确切功效之神事。,translated,妮伊,4c446426d3,<CR> <CR> <CR> br=0 nl=0,1,keep-tags <CR>; src-longest-line=283
inc/event/res/03/me03_02.txt#83#12,ご、ごめんなさい……。,对、对不起……,translated,依恩,cfe1b98c95,br=0 nl=0,1,
inc/event/res/03/me03_02.txt#86#12,"はぁっ……。ねぇイオン。
あんた、ホントに皇帝になる気あるの？","哈啊……呐，依恩。
你到底有没有打算当上皇帝啊？",translated,妮伊,b8ab22807a,br=0 nl=1,2,
inc/event/res/03/me03_02.txt#87#12,"えっ！？
も、もちろ、ん……。","诶！？
当、当然、有……",translated,依恩,3e046dc37c,br=0 nl=1,2,
inc/event/res/03/me03_02.txt#88#12,口でそー言ってるだけじゃなくて？,不是光嘴上说说而已？,translated,妮伊,c50c60131d,br=0 nl=0,1,
inc/event/res/03/me03_02.txt#89#12,"そ、それは……。
確かに、自信があるわけじゃ、ないけど……。","那、那个……
确实，我也并不是很有自信……",translated,依恩,46f67a5ebc,br=0 nl=1,2,
inc/event/res/03/me03_02.txt#90#12,"こ、この間……夢ノ珠でカノンさんに
食事に招かれたとき……。","前、前些天……在梦之珠受到卡诺小姐
邀请去共进晚餐的时候……",translated,依恩,cf2697c8f9,br=0 nl=1,2,
inc/event/res/03/me03_02.txt#91#12,"たくさんお話しして……
すごい、って思った……。","我们聊了好多好多……
让我深深觉得，她好厉害……",translated,依恩,76dedca41a,br=0 nl=1,2,
inc/event/res/03/me03_02.txt#92#12,"格の違いを思い知っちゃった、って
わけでしょ。","也就是说，你彻底意识到
彼此之间的差距了对吧。",translated,妮伊,dad38a8315,br=0 nl=1,2,
inc/event/res/03/me03_02.txt#94#12,"……わたしなんかと違って、
カノンさんはいろんなことを
本当に真剣に考えてて――。","……跟我不一样，
卡诺小姐是在极其认真地
思考着各种各样的事情――",translated,依恩,65524916db,br=0 nl=2,3,
inc/event/res/03/me03_02.txt#95#12,"『ラシェーラをこうやって救うんだ』っていう、
強い想いがあって……。","她心中有着“一定要这样拯救拉榭拉”
的强烈信念……",translated,依恩,c9047f7c19,br=0 nl=1,2,
inc/event/res/03/me03_02.txt#96#12,"わたし、何も言えなかった。
本当に――すごいなって。","我当时一句话都说不出来。
真的觉得――她太了不起了。",translated,依恩,5a3681f8b0,br=0 nl=1,2,
inc/event/res/03/me03_02.txt#99#12,イオンってさ。,依恩啊。,translated,妮伊,2f77ad6b19,br=0 nl=0,1,
inc/event/res/03/me03_02.txt#100#12,ん？,嗯？,translated,依恩,612f6299e0,br=0 nl=0,1,
inc/event/res/03/me03_02.txt#101#12,"カノンに勝つ必要ない……
勝ちたくないって思ってるでしょ。","你觉得根本没必要赢过卡诺……
不如说你心里其实不想赢，对吧？",translated,妮伊,0490dda912,br=0 nl=1,2,
inc/event/res/03/me03_02.txt#102#12,そ、それは……。,那、那个……,translated,依恩,e3608c63a0,br=0 nl=0,1,
inc/event/res/03/me03_02.txt#103#12,"たくさん話したんなら自分でもわかるよね？
カノンとあんたじゃ、皇帝になろうっていう
覚悟が全然違う。","聊了那么多你自己也该明白吧？
卡诺跟你，对于当皇帝这门事的觉悟
完全就是云泥之别。",translated,妮伊,4461e31b15,br=0 nl=2,3,
inc/event/res/03/me03_02.txt#104#12,"あたしはね、イオン。
あんたにホントに皇帝になって欲しいって
思ってるんだよ？","依恩，我可是真心的。
我是真的打心底希望你能当上皇帝哦？",translated,妮伊,7eed67405a,br=0 nl=2,3,
inc/event/res/03/me03_02.txt#105#12,ネイちゃん……。,妮伊……,translated,依恩,840a2b2ae7,br=0 nl=0,1,
inc/event/res/03/me03_02.txt#106#12,"でもイオンは、皇帝になるための努力とか
行動とか、全然してないよね。","可是依恩你，为了当上皇帝的努力也好、
行动也好，根本就完全没有在做嘛。",translated,妮伊,920e4cf818,br=0 nl=1,2,
inc/event/res/03/me03_02.txt#107#12,"みんなが助かればいいって言ってるけど、
そのためにどうすればいいか、
本気で考えてるように見えない。","虽然你嘴上说着只要大家得救就好，
但为了这个目标具体该怎么做，
完全看不出你是在认真思考。",translated,妮伊,af4641f4e0,br=0 nl=2,3,
inc/event/res/03/me03_02.txt#109#12,"カノンはそれをしてるわ。
やり方は気に入らないけど、でも動こうとしてる。","卡诺可是在脚踏实地做着这件事。
虽然她的做法我不喜欢，但人家是在付出行动。",translated,妮伊,7b56ab9d4f,br=0 nl=1,2,
inc/event/res/03/me03_02.txt#110#12,"自分の考えを持って、それを伝えて、
賛同してくれる人を集めて、
『力』をつけようとしてる。","她有自己的主见，能表达出来，
汇聚赞同自己的人，
努力积蓄起属于自己的“力量”。",translated,妮伊,f403b67024,br=0 nl=2,3,
inc/event/res/03/me03_02.txt#111#12,"ついてく連中は、騙されるおバカな奴ら
かもしれないけど……カノンはそいつらの
命は救おうとしてる。","跟从她的人或许是群容易受骗的傻瓜，
但卡诺是真心打算拯救那些人的性命。",translated,妮伊,15e70dbf00,br=0 nl=2,3,
inc/event/res/03/me03_02.txt#112#12,……それに引きかえ、イオンは何なの？,……相比之下，依恩你又算什么呢？,translated,妮伊,f5e677c90a,br=0 nl=0,1,
inc/event/res/03/me03_02.txt#113#12,"あんたってさ、一生懸命だよね。
すっごい必死なんだよ。いつも。","你这个人啊，虽然确实很拼。
平时总是那么拼命。",translated,妮伊,1abdb19fe0,br=0 nl=1,2,
inc/event/res/03/me03_02.txt#114#12,でも……必死なだけ。,可是……也仅仅只是在拼命罢了。,translated,妮伊,5c35ad40c0,br=0 nl=0,1,
inc/event/res/03/me03_02.txt#115#12,……ッ！,……！,translated,依恩,b396cc5608,br=0 nl=0,1,
inc/event/res/03/me03_02.txt#116#12,"それも、自分がこうだって思いこんだことに
だけ必死になってる。","而且，还只是在为自己认死理的一根筋
拼命折腾。",translated,妮伊,8598464f2f,br=0 nl=1,2,
inc/event/res/03/me03_02.txt#117#12,それってさ、まわりの人間はどうなるの？,这样一来，周围的人又要怎么办啊？,translated,妮伊,5b3088635d,br=0 nl=0,1,
inc/event/res/03/me03_02.txt#118#12,"イオンは大きな力をもう持っちゃってる。
試練の刻ったって、天文の皇女なんだし。","依恩你明明已经握有那么强大的力量了。
就算是在试炼期，也是天文的皇女啊。",translated,妮伊,40c2c52646,br=0 nl=1,2,
inc/event/res/03/me03_02.txt#119#12,"とんでもない詩魔法を紡ぐ力も
あるわけでしょ。","而且还拥有能编织出
不可思议诗魔法的力量不是吗。",translated,妮伊,41a1d15bb8,br=0 nl=1,2,
inc/event/res/03/me03_02.txt#120#12,"その力にすがらないと死んじゃう人たちが
いっぱいいるのに。","明明有那么多如果不依附那份力量
就会丧命的人在。",translated,妮伊,9f2c6821c5,br=0 nl=1,2,
inc/event/res/03/me03_02.txt#122#12,"世界の半分がイオンに期待してるのに、
やることなんていっぱいあるはずなのに、
あんたは何やってるわけ？","半个世界都在对你寄予厚望，
明明有那么多事等着你去做，
你到底在磨蹭什么啊？",translated,妮伊,595e669f02,br=0 nl=2,3,
inc/event/res/03/me03_02.txt#125#12,"なんかさ。
ラシェーラが滅びるかもしれないこととか、
そこで生きてる人のこととか……。","感觉拉榭拉可能会毁灭这件事，
还有生活在这个星球上的人们……",translated,妮伊,27d52472f2,br=0 nl=2,3,
inc/event/res/03/me03_02.txt#126#12,"イオンにとっては全部……
他人事なんじゃない？","对依恩你来说……
难道全都是事不关己的旁观事吗？",translated,妮伊,0977481fdb,br=0 nl=1,2,
inc/event/res/03/me03_02.txt#128#12,違う！,不是的！,translated,依恩,bdea94a792,br=0 nl=0,1,
inc/event/res/03/me03_02.txt#129#12,違う、違う……違うよっ……！,才不是，不是……不是那样的……！,translated,依恩,e41adf6a93,br=0 nl=0,1,
inc/event/res/03/me03_02.txt#131#12,どう違うのよ。,那又是怎样啊？,translated,妮伊,372eba3b77,br=0 nl=0,1,
inc/event/res/03/me03_02.txt#132#12,違う……くない……。,没有……不是……,translated,依恩,ef7d14d1d7,br=0 nl=0,1,
inc/event/res/03/me03_02.txt#133#12,ネイちゃんの……言うとおりだよ……。,妮伊说的……一点都没错……,translated,依恩,84ac138bfa,br=0 nl=0,1,
inc/event/res/03/me03_02.txt#134#12,ほら見なさいよ。,你看吧。,translated,妮伊,cdbdfe79b3,br=0 nl=0,1,
inc/event/res/03/me03_02.txt#135#12,でも違うの！,可是不是那样的！,translated,依恩,90bc45988d,br=0 nl=0,1,
inc/event/res/03/me03_02.txt#136#12,"わたし、それでも……皇帝になる。
ならないと、いけないの。","哪怕是这样……我也要当皇帝。
我必须要当上皇帝不可。",translated,依恩,50ef803b4a,br=0 nl=1,2,
inc/event/res/03/me03_02.txt#138#12,"皇帝継承の、儀式の時……
わたし、本当にどうしていいか
わからなかった。","在皇位继承仪式的那个时候……
我真的完全不知道该怎么办才好。",translated,依恩,52a7d8a3b5,br=0 nl=2,3,
inc/event/res/03/me03_02.txt#139#12,"全然、自分の身に起こってることだって
実感、なくて……。","完全没有这些事是发生在自己身上的
实感……",translated,依恩,5fb4a2ab59,br=0 nl=1,2,
inc/event/res/03/me03_02.txt#140#12,万寿沙羅の町に放り出されたときもそう……。,被抛掷到万寿沙罗城镇里的时候也是……,translated,依恩,d7f978ac3f,br=0 nl=0,1,
inc/event/res/03/me03_02.txt#141#12,"試練の３年間を乗り切らないといけないって
わかってても、どうすることもできなかった……。","就算明知必须熬过试炼的这３年，
却还是束手无策、无能为力……",translated,依恩,a42353e764,br=0 nl=1,2,
inc/event/res/03/me03_02.txt#143#12,"でもね、ネイちゃん。
いまはもう、違うの。","但是啊，妮伊。
现在我已经不一样了。",translated,依恩,68c64c7f5a,br=0 nl=1,2,
inc/event/res/03/me03_02.txt#144#12,"だから、どう違うってのよ。
何もしてないのは変わってないじゃない！","所以说，到底哪里不一样了嘛。
你什么都没做不是一点都没变吗！",translated,妮伊,8158c74755,br=0 nl=1,2,
inc/event/res/03/me03_02.txt#145#12,でも、違うの。,可是，真的不一样了。,translated,依恩,6659401b7c,br=0 nl=0,1,
inc/event/res/03/me03_02.txt#146#12,"わたし、自分のために、皇帝になろうって
思ってた。","过去我一直觉得，
自己是为了自己才想去当皇帝的。",translated,依恩,613cfdcee8,br=0 nl=1,2,
inc/event/res/03/me03_02.txt#147#12,いまは……そうじゃない。,但现在……不再是那样了。,translated,依恩,498f05f5b4,br=0 nl=0,1,
inc/event/res/03/me03_02.txt#149#12,わたしね、万寿沙羅に応援団がいるの。,我啊，在万寿沙罗有一支应援团。,translated,依恩,ab176d0381,br=0 nl=0,1,
inc/event/res/03/me03_02.txt#150#12,"わたしが皇帝になれるようにって
応援してくれる、３人のお友だち……。","有３位为我加油打气、
希望我能当上皇帝的朋友……",translated,依恩,3838b53aac,br=0 nl=1,2,
inc/event/res/03/me03_02.txt#151#12,"ふぅん、よかったわね。
じゃあその３人のために、
試練を頑張ろうってわけ？","哼～那不是挺好的嘛。
所以你是打算为了那３个人，
在试炼里好好努力咯？",translated,妮伊,492cb17f89,br=0 nl=2,3,
inc/event/res/03/me03_02.txt#153#12,……なに？,……怎么了？,translated,妮伊,3a7f082c23,br=0 nl=0,1,
inc/event/res/03/me03_02.txt#154#12,"うん……３人って言ったけど、
もう、３人じゃないんだ……。","嗯……虽说是３个人，
但现在，已经不是３个人了……",translated,依恩,42f6ebf1d0,br=0 nl=1,2,
inc/event/res/03/me03_02.txt#160#12,"プラムくんって言う子がね……、
死んじゃったんだ。
シェルの剥落で……！！","有一个叫布拉姆的孩子……
他去世了。
因为外壳的剥落……！！",translated,依恩,5778132d8c,br=0 nl=2,3,
inc/event/res/03/me03_02.txt#161#12,イオン……。,依恩……,translated,妮伊,ec7f4ecbfc,br=0 nl=0,1,
inc/event/res/03/me03_02.txt#163#12,"私、その時全然泣かなかったんだよ。
可笑しいでしょ？　すごく辛かったんだけど、
やっぱり実感してなかったんだと思う。","我当时，一滴眼泪都没有流呢。
很可笑吧？虽然心里特别难受，
但我想，自己大概还是没有真正意识到吧。",translated,依恩,37d820afbe,br=0 nl=2,3,
inc/event/res/03/me03_02.txt#164#12,"昨日まで一緒にいた人が、
今日はもういないんだって……。","昨天还待在一起的人，
今天就已经不在人世了……",translated,依恩,098ee31fe2,br=0 nl=1,2,
inc/event/res/03/me03_02.txt#165#12,"また一緒にいられるはずの明日が、
もう来ないんだって……！！","本来应该还能相聚的明天，
却再也不会到来了……！！",translated,依恩,4803454d35,br=0 nl=1,2,
inc/event/res/03/me03_02.txt#166#12,"それがこんなに辛いなんて……
わたし、知らなかったんだ……！！","原来那是这么令人痛彻心扉的事……
过去的我，根本一无所知……！！",translated,依恩,3cb1abe5c1,br=0 nl=1,2,
inc/event/res/03/me03_02.txt#168#12,こんな想いはもう絶対にいやなの。,我绝对不想再体会那种感受了。,translated,依恩,29caf8e617,br=0 nl=0,1,
inc/event/res/03/me03_02.txt#169#12,みんなと会えなくなるなんて、絶対いや！,再也见不到大家这种事，我绝对不要！,translated,依恩,f510a047e4,br=0 nl=0,1,
inc/event/res/03/me03_02.txt#170#12,"ター坊やキャスちゃんが傷ついて、
悲しむところなんて絶対……見たくない！","阿达和凯斯受伤难过哭泣的样子，
我绝对……不想看到！",translated,依恩,8d8ce2f6b8,br=0 nl=1,2,
inc/event/res/03/me03_02.txt#171#12,"ルウレイさんやネイちゃんやカノンさんと
二度と会えなくなるなんて……
みんな、いなくなっちゃうなんて……。","再也见不到鲁雷先生、妮伊和卡诺小姐……
大家一个个离我而去什么的……",translated,依恩,5fe937b318,br=0 nl=2,3,
inc/event/res/03/me03_02.txt#172#12,絶対いやなの！,我绝对不能接受！,translated,依恩,471c297338,br=0 nl=0,1,
inc/event/res/03/me03_02.txt#174#12,"……わかってる。
ネイちゃんの言うとおりなんだよ……。","……我明白的。
妮伊说的其实一点都没错……",translated,依恩,1fbba37033,br=0 nl=1,2,
inc/event/res/03/me03_02.txt#175#12,"わたしなんかが皇帝になるより
もっといい方法があるはずだよ……。","与其让我这种人去当皇帝，
肯定会有更好的办法才对……",translated,依恩,2750fb9020,br=0 nl=1,2,
inc/event/res/03/me03_02.txt#176#12,"わたしなんかよりもっとすごい誰かが、
ラシェーラを救ってくれるのが
ホントはいいに決まってる……。","要是能由比我优秀得多的人
来拯救拉榭拉，
其实那样肯定才是最好的……",translated,依恩,9f97efd731,br=0 nl=2,3,
inc/event/res/03/me03_02.txt#177#12,でもネイちゃん……。,可是，妮伊……,translated,依恩,16e1317c90,br=0 nl=0,1,
inc/event/res/03/me03_02.txt#179#12,わたし……天文の{皇女}なんだよね？,我……是天文的{皇女}对吧？,translated,依恩,a7749a43ed,br=1 nl=0,1,keep-terms {皇女}
inc/event/res/03/me03_02.txt#179#14,正式には「皇帝候補」。<CR>皇帝になる資格を持つ者のことを、この世界では<CR>「皇女」と呼んでいる。<CR><CR>大抵、いつの時代にも皇女は２～３人ほど存在する。<CR>そして、次なる試練の3年間に向けて、教育されているのである。,正式称谓为“皇帝候选人”。<CR>在这个世界里，拥有成为皇帝资格的人<CR>被称为“皇女”。<CR><CR>通常无论在哪个时代，皇女一般会有两到三人。<CR>并且，她们从小便接受着面向未来试炼三年的严苛教育。,translated,依恩,f47f9981a7,<CR> <CR> <CR> <CR> <CR> br=0 nl=0,1,keep-tags <CR>; src-longest-line=118
inc/event/res/03/me03_02.txt#180#12,……うん。,……嗯。,translated,妮伊,21d363aba4,br=0 nl=0,1,
inc/event/res/03/me03_02.txt#181#12,"どんなに向いてなくても……
ダメでも……なんにもできなくても……。","就算我再怎么不适合……
再怎么没用……再怎么什么都做不到……",translated,依恩,f3606ae205,br=0 nl=1,2,
inc/event/res/03/me03_02.txt#182#12,"皇帝になって、この星を……
ラシェーラで生きてるみんなを救う……。","成为皇帝，去拯救这颗星球……
拯救活在拉榭拉上的所有人……",translated,依恩,21d1880142,br=0 nl=1,2,
inc/event/res/03/me03_02.txt#183#12,それが、わたしなんだよね？,那就是我肩负的使命，对吧？,translated,依恩,cd161d5ce4,br=0 nl=0,1,
inc/event/res/03/me03_02.txt#185#12,……だったら……。,……既然如此……,translated,依恩,4cf204fa66,br=0 nl=0,1,
inc/event/res/03/me03_02.txt#187#12,"こんなわたしでも、本当にみんなを
助けられるのかもしれないなら……。","如果连这样的我，也真的有可能
拯救大家的话……",translated,依恩,bcb6dfe399,br=0 nl=1,2,
inc/event/res/03/me03_02.txt#189#12,"いまはまだ、どうすればいいのか
見当もつかないけど……。","虽然我现在还完全摸不清
究竟该怎么做才好……",translated,依恩,8f570f4fb8,br=0 nl=1,2,
inc/event/res/03/me03_02.txt#190#12,"シェルノトロンを使いこなせなくちゃ
いけないなら、そうする。
皇帝にならなきゃいけないのなら……。","如果必须熟练运用榭鲁诺特伦，
我就去学。
如果必须要成为皇帝的话……",translated,依恩,7a83b9d936,br=0 nl=2,3,
inc/event/res/03/me03_02.txt#191#12,"わたし……皇帝になる。
その力で、全力で、みんなを――。","我……要当上皇帝。
用那份力量，拼尽全力去拯救大家――",translated,依恩,652e92f10f,br=0 nl=1,2,
inc/event/res/03/me03_02.txt#193#12,"イオン。
よく、わかったよ。","依恩。
我完全明白了。",translated,妮伊,7591c6f5fd,br=0 nl=1,2,
inc/event/res/03/me03_02.txt#195#12,"あたしが言い過ぎた。
ごめん。","是我话说得太重了。
对不起。",translated,妮伊,db973aa965,br=0 nl=1,2,
inc/event/res/03/me03_02.txt#196#12,ネイちゃん……。,妮伊……,translated,依恩,840a2b2ae7,br=0 nl=0,1,
inc/event/res/03/me03_02.txt#200#12,"まっ、おろおろしてるよーに見えて、
イオンもイオンなりに頑張ろうって
してるんだよね。","嘛，虽然看起来总是手足无措的，
但依恩你也是以自己的方式
在努力着呢。",translated,妮伊,8485ad7504,br=0 nl=2,3,
inc/event/res/03/me03_02.txt#201#12,"いまはただ、
それがあんまり上手くいってないだけか。",现在只是碰巧不太顺利罢了。,translated,妮伊,71df915b05,br=0 nl=1,2,
inc/event/res/03/me03_02.txt#202#12,"う、うん、だからもっとわたし、
頑張って……。","嗯、嗯，所以我一定要
更加努力才行……",translated,依恩,9db62c1aac,br=0 nl=1,2,
inc/event/res/03/me03_02.txt#203#12,いーよ、いまは。,现在不用啦。,translated,妮伊,915c0765b9,br=0 nl=0,1,
inc/event/res/03/me03_02.txt#204#12,"ここへはひと休みに来たんだもんね。
あたしがそのつもりだったのに忘れてた！
えへへ……。　","毕竟你来这里就是为了歇一口气的嘛。
明明我本来也是这个打算却给忘了！
嘿嘿……",translated,妮伊,bd6f996eca,br=0 nl=2,3,
inc/event/res/03/me03_02.txt#206#12,"ここにいる間はなんにも考えないで、
遊んだり眠ったりすればイイよ。","待在这里的期间什么都别想，
尽情玩耍、好好睡觉就行啦。",translated,妮伊,8657d38eb8,br=0 nl=1,2,
inc/event/res/03/me03_02.txt#209#12,……うん。ありがと。,……嗯。谢谢你。,translated,依恩,7de20b2c26,br=0 nl=0,1,
inc/event/res/03/me03_02.txt#210#12,よし♪,好嘞♪,translated,妮伊,114ddeba9f,br=0 nl=0,1,
inc/event/res/03/me03_02.txt#212#12,"うーん……ふわっ！
さぁて、あたしはちょっくら
仕事行ってくるかぁ。","唔――哈啊！
好啦，那我也稍微去应付一下工作吧。",translated,妮伊,c9a46cc50c,br=0 nl=2,3,
inc/event/res/03/me03_02.txt#213#12,"来るなりお留守番させちゃって悪いんだけど、
できるだけとっとと終わらせて――。","才刚到就让你看家虽然有点过意不去，
不过我会尽可能赶快搞定――",translated,妮伊,4a2cadcc4d,br=0 nl=1,2,
inc/event/res/03/me03_02.txt#214#12,"あっ、あのっ、ネイちゃん！
わたし、その……。","啊、那个，妮伊！
我、那个……",translated,依恩,e82fd43a8a,br=0 nl=1,2,
inc/event/res/03/me03_02.txt#216#12,"ネイちゃんの……さっきも言った、けど、
えっと……。","妮伊的……虽然刚才也提过了，
那个……",translated,依恩,c09fd0d218,br=0 nl=1,2,
inc/event/res/03/me03_02.txt#217#12,あーーーーもうっ！,啊――――真是的！,translated,妮伊,e9973ff7b3,br=0 nl=0,1,
inc/event/res/03/me03_02.txt#218#12,"わかったわよっ！
見に来る？","我知道啦！
你要来看对吧？",translated,妮伊,3b72988bf6,br=0 nl=1,2,
inc/event/res/03/me03_02.txt#220#12,うんっ！！,嗯！！,translated,依恩,f300a088c7,br=0 nl=0,1,
inc/event/res/03/me03_03.txt#20#12,まさか、私がこの街に来る事になろうとは……。,真没想到，我竟然会来到这座城市……,translated,卡诺,e95e61fae8,br=0 nl=0,1,
inc/event/res/03/me03_03.txt#21#12,"アルメティカ経済特区へ向かう為に経由する
必要があったとはいえ……はぁ……。","虽说为了前往阿尔梅堤嘉经济特区
必须在此经停中转……唉……",translated,卡诺,f4de283e04,br=0 nl=1,2,
inc/event/res/03/me03_03.txt#22#12,"次の便が出るまで５日も待たされる事に
なるとは計算外だった……。","竟然要等上５天下一班车次才会出发，
这完全在我的意料之外……",translated,卡诺,3564d38330,br=0 nl=1,2,
inc/event/res/03/me03_03.txt#23#12,"歓楽街ともなれば宿泊費を考えただけで
恐ろしいわね。","既然是繁华欢乐街，
光是想想住宿费用就令人不寒而栗呢。",translated,卡诺,14200329b1,br=0 nl=1,2,
inc/event/res/03/me03_03.txt#24#12,"かといって、下手なホテルでは
気が休まりそうにないのも考えものか…。","可要是住在劣质旅馆里，
恐怕又很难安心歇息，真是进退两难啊……",translated,卡诺,2959f556b9,br=0 nl=1,2,
inc/event/res/03/me03_03.txt#25#12,"人の生活にとって娯楽は必須とはいえ……、
それしかない、と言うのは落ち着かないもの
ですね……。","虽说娱乐对人们的生活而言必不可少……
但若仅有享乐，也未免太让人难以静心
了呢……",translated,卡诺,9774ffbb7a,br=0 nl=2,3,
inc/event/res/03/me03_03.txt#30#12,まったくその通りです、カノンさま！,完全正如您所言，卡诺大人！,translated,库琳,fb77896f18,br=0 nl=0,1,
inc/event/res/03/me03_03.txt#31#12,"このプラネタリー・メゾンというコロンは、
数あるコロンの中でも風紀紊乱な場所柄。","这处名为行星公馆的克隆，
在诸多克隆中也是伤风败俗之地。",translated,库琳,3232d550c9,br=0 nl=1,2,
inc/event/res/03/me03_03.txt#32#12,"世界中の娯楽という娯楽を
一手に集めて提供するだけで、
生産的な生き方など求めるべくもない……。","只是把世间所有的娱乐一股脑汇集于此，
根本谈不上追求任何富有生产性的生活方式……",translated,库琳,fa88b7a8fb,br=0 nl=2,3,
inc/event/res/03/me03_03.txt#33#12,"カノンさまの理想とする秩序や規律などとは
まったくもって無縁の場所！","与卡诺大人理想中的秩序与纪律，
完全是八竿子打不着的地方！",translated,库琳,05abfba9dd,br=0 nl=1,2,
inc/event/res/03/me03_03.txt#34#12,"ここは単なる中継地点にすぎません。
次の列車が手配できましたら
早々に立ち去りましょう！","此地充其量不过是个中转站而已。
一旦安排妥当下一趟列车，
我们还是尽早动身离开吧！",translated,库琳,65e2973221,br=0 nl=2,3,
inc/event/res/03/me03_03.txt#39#12,"あーあ。
そういう認識ってホントうんざりよね。","哎～呀。
这种刻板死板的偏见可真叫人倒胃口呢。",translated,帕里,bfe2c1cafb,br=0 nl=1,2,
inc/event/res/03/me03_03.txt#40#12,"な、なんだとパリー！
どういう意味だッ！","你、你说什么，帕里！
你这话是什么意思！",translated,库琳,5ec5f5ced3,br=0 nl=1,2,
inc/event/res/03/me03_03.txt#41#12,どうもこう、言ったとおりの意味よ。,能有什么意思，就是字面意思呗。,translated,帕里,4262b633b6,br=0 nl=0,1,
inc/event/res/03/me03_03.txt#42#12,"フツーの人はね、フツーに働いたら
その分フツーに遊んではしゃいで楽しんで、
リフレッシュしたいわけフツー。","普通人嘛，老老实实工作之后，
自然想普普通通地痛快玩耍嬉闹，
放松身心换换心情啊，这很正常吧。",translated,帕里,78cd5bf8df,br=0 nl=2,3,
inc/event/res/03/me03_03.txt#43#12,"だから街ごとハメを外したような
このコロンも認めるべきだというのか？","所以你意思是说，整座城镇都如此放浪形骸
的这座克隆也是合情合理的吗？",translated,库琳,da090e517d,br=0 nl=1,2,
inc/event/res/03/me03_03.txt#44#12,"これだから天文は……文明に過剰に
侵された者の考えそうなことだ、
この退廃主義者！","所以才说你们天文啊……尽是些被过度文明
侵蚀之人才会有的念头，
你这个颓废主义者！",translated,库琳,5f3431912d,br=0 nl=2,3,
inc/event/res/03/me03_03.txt#45#12,"地文についていって、クソ真面目な
規律とやらでがんじがらめにされるよりは
マシじゃないかしら？","比起跟在你们地文屁股后面，
被死板教条的什么狗屁纪律五花大绑，
这边不知强了多少倍呢？",translated,帕里,d254fc80f1,br=0 nl=2,3,
inc/event/res/03/me03_03.txt#46#12,"おっ、お前……ッ！
大体、なんでお前がここにいるんだ！","你、你这女人……！
话说回来，你为什么会在这里啊！",translated,库琳,4b434490dd,br=0 nl=1,2,
inc/event/res/03/me03_03.txt#47#12,ちょっと。,请等一下。,translated,卡诺,2723ff3ce7,br=0 nl=0,1,
inc/event/res/03/me03_03.txt#48#12,"何よッ！
いちゃ悪いの！？","干嘛啊！
我在这碍着你了！？",translated,帕里,153ae9a5be,br=0 nl=1,2,
inc/event/res/03/me03_03.txt#49#12,"おかしいだろ、俺は地文派皇女カノンさまの
護衛としてここにいるのだ！","这本来就很奇怪吧！我可是作为地文派皇女
卡诺大人的护卫才随行至此的！",translated,库琳,d40a01daeb,br=0 nl=1,2,
inc/event/res/03/me03_03.txt#50#12,ちょっと貴方がた。,我说你们两位。,translated,卡诺,0fd7d6ebb3,br=0 nl=0,1,
inc/event/res/03/me03_03.txt#51#12,"お前は天文愚民だろう。
さっさと夢ノ珠の自分の巣へ帰れ！","你不过是个天文愚民。
还不快滚回你梦之珠的老巢去！",translated,库琳,cef47ddc81,br=0 nl=1,2,
inc/event/res/03/me03_03.txt#52#12,"巣って何よ巣って、ヒトを鳥か虫みたいに！
自分だっておんなじコロンから来たんじゃん！","什么老巢啊，把人当鸟还是当虫子啊！
你自己不也是从同一座克隆来的嘛！",translated,帕里,e9f6ab2767,br=0 nl=1,2,
inc/event/res/03/me03_03.txt#53#12,屁理屈言うなじゃじゃ馬！,少在那强词夺理，你这泼妇！,translated,库琳,ce8a1db849,br=0 nl=0,1,
inc/event/res/03/me03_03.txt#54#12,何よ野次馬！,你说谁呢，看热闹的起哄怪！,translated,帕里,574375b360,br=0 nl=0,1,
inc/event/res/03/me03_03.txt#55#12,お黙りなさいっ！！！,给我闭嘴！！！,translated,卡诺,c6abbf5d30,br=0 nl=0,1,
inc/event/res/03/me03_03.txt#56#12,むぐ……。,唔咕……,translated,帕里,2e73dfcc9b,br=0 nl=0,1,
inc/event/res/03/me03_03.txt#57#12,ふぐ……。,噗咕……,translated,库琳,c3665ecee8,br=0 nl=0,1,
inc/event/res/03/me03_03.txt#59#12,はぁ……。,唉……,translated,卡诺,1083486be2,br=0 nl=0,1,
inc/event/res/03/me03_03.txt#60#12,"確かにこのコロンはやや退廃が
過ぎるかもしれませんが、パラライノの
言うことも正論ですよ、クーリン。","诚然这座克隆或许略显过分放纵颓废，
但帕拉莱诺所言亦有其合理之处，库琳。",translated,卡诺,974849b853,br=0 nl=2,3,
inc/event/res/03/me03_03.txt#61#12,"世界がこんな状況なのですから、
人々の生活にとって、このコロンのように
ハメをはずせる場所は必要です。","正因世道已沦落至如此境地，
对于人们的生计而言，像这处克隆一样
能让人肆意宣泄放松的场所也是必要的。",translated,卡诺,4b3d49b5a9,br=0 nl=2,3,
inc/event/res/03/me03_03.txt#62#12,なんと寛大な……！！,何等宽宏大量……！！,translated,库琳,01515d7b6b,br=0 nl=0,1,
inc/event/res/03/me03_03.txt#63#12,無論、不要な人種が居る事も確かですが。,当然，这里确实也混杂着一些无用之徒。,translated,卡诺,06f93d16d5,br=0 nl=0,1,
inc/event/res/03/me03_03.txt#65#12,"それはいいとして……、
なぜ貴方がたがここにいるのです？","暂且不论这个……
为何你们二位会出现在这里？",translated,卡诺,177dad0f24,br=0 nl=1,2,
inc/event/res/03/me03_03.txt#66#12,"カ、カノンさま、何というおっしゃりよう！
私はカノンさまの道中を案じ、護衛に……。","卡、卡诺大人，您怎能这般说呢！
在下是担忧卡诺大人的安危，特此前来护卫……",translated,库琳,795f49d136,br=0 nl=1,2,
inc/event/res/03/me03_03.txt#67#12,"それはこのプラネタリー･メゾンまで、という
お話ではありませんでしたか？",那不是说好了只护送到这座行星公馆为止的吗？,translated,卡诺,e9658d8fb2,br=0 nl=1,2,
inc/event/res/03/me03_03.txt#68#12,"聞けばこの先もついて来るような口ぶり。
よもや、そんな筈はありませんよね？","听你的语气，似乎还打算继续跟下去。
想必，不会有这种事吧？",translated,卡诺,5e19ecebb1,br=0 nl=1,2,
inc/event/res/03/me03_03.txt#69#12,そ、れはですね……。,这、这个嘛……,translated,库琳,01532777ea,br=0 nl=0,1,
inc/event/res/03/me03_03.txt#70#12,やっぱり野次馬じゃない。,果然只是想凑热闹跟风嘛。,translated,帕里,f787d9c008,br=0 nl=0,1,
inc/event/res/03/me03_03.txt#71#12,何をぅ！？,你说什么！？,translated,库琳,35f312b0f7,br=0 nl=0,1,
inc/event/res/03/me03_03.txt#72#12,何よ！,怎样啊！,translated,帕里,c25d060ac2,br=0 nl=0,1,
inc/event/res/03/me03_03.txt#73#12,"仲良しなのは大変結構ですが、
出来る事なら私の目の届かないところで
やって下さいね。","你们感情好倒是一桩美事，
但如果可以的话，
还请到我看不见的地方去打情骂俏。",translated,卡诺,cb3e7890e3,br=0 nl=2,3,
inc/event/res/03/me03_03.txt#74#12,な、仲良しなわけが！！こんなバカ女！！,谁、谁跟她感情好啊！！这个蠢女人！！,translated,库琳,d35c474bd3,br=0 nl=0,1,
inc/event/res/03/me03_03.txt#75#12,バカとは何よッ！,你说谁蠢呢！,translated,帕里,aa419b86ac,br=0 nl=0,1,
inc/event/res/03/me03_03.txt#76#12,"そうやって脊髄反射で歯向かってくる
ところがバカだと言うんだ！",就是说你这种条件反射顶撞人的地方蠢啊！,translated,库琳,4c26a9e8a2,br=0 nl=1,2,
inc/event/res/03/me03_03.txt#77#12,まったく……ああ言えばこう言う……っ！,真是的……我说一句你顶十句……！,translated,帕里,c710c756c4,br=0 nl=0,1,
inc/event/res/03/me03_03.txt#78#12,"ほらほら、落ち着きなさい。
百歩譲ってクーリンが同行してくれたのは
わかります。","好了好了，冷静一点。
退一步讲，库琳想要随行我还能理解。",translated,卡诺,716c291bca,br=0 nl=2,3,
inc/event/res/03/me03_03.txt#79#12,カノンさま！！,卡诺大人！！,translated,库琳,ee6f2b4737,br=0 nl=0,1,
inc/event/res/03/me03_03.txt#80#12,"ですが、パラライノ。
なぜ貴女までまでついて来ているのです？","但是，帕拉莱诺。
为何连你也要一路跟来呢？",translated,卡诺,3722e5a8a1,br=0 nl=1,2,
inc/event/res/03/me03_03.txt#82#12,"それは……ですね。
コホン。","这个嘛……是这样的。
咳咳。",translated,帕里,80f15ccd43,br=0 nl=1,2,
inc/event/res/03/me03_03.txt#89#12,カノイール皇帝候補。,卡诺伊尔皇帝候选人。,translated,帕里,3f702e6706,br=0 nl=0,1,
inc/event/res/03/me03_03.txt#90#12,"あなたがいったいどういう人物なのか、
それを改めて見極めたいと思ったからです。","因为我想重新看清，
你究竟是怎样的一个人。",translated,帕里,c1251de6e8,br=0 nl=1,2,
inc/event/res/03/me03_03.txt#91#12,ふむ……？,唔嗯……？,translated,卡诺,f57956f56a,br=0 nl=0,1,
inc/event/res/03/me03_03.txt#92#12,"夢ノ珠での一件で……。
天文住民は生活に不可欠なシェルノトロンを
一瞬にして奪われました。","经历了梦之珠的那起事件……
天文居民赖以生存的榭鲁诺特伦，
在一瞬间被彻底剥夺了。",translated,帕里,81ad4f95d5,br=0 nl=2,3,
inc/event/res/03/me03_03.txt#93#12,そうですね。,确实如此。,translated,卡诺,5640932ec5,br=0 nl=0,1,
inc/event/res/03/me03_03.txt#94#12,"その一方で、いつくるかわからない
死の恐怖……断線の恐怖から
解放されたことも本当です。","但在另一方面，大家从不知何时会降临的
死亡恐惧……从断线的梦魇中解脱出来，
也是不争的事实。",translated,帕里,587887758d,br=0 nl=2,3,
inc/event/res/03/me03_03.txt#95#12,ええ。,是的。,translated,卡诺,88149875da,br=0 nl=0,1,
inc/event/res/03/me03_03.txt#96#12,"私は夢ノ珠天文区長としての立場を
自覚しているつもりです。",我很清楚自己作为梦之珠天文区长的立场。,translated,帕里,b21073601b,br=0 nl=1,2,
inc/event/res/03/me03_03.txt#97#12,"私の意向は、夢ノ珠住民の投票行動に
大きな影響を与えるでしょう。","我的倾向，想必会对梦之珠居民的
投票抉择产生重大影响吧。",translated,帕里,7ff51db27d,br=0 nl=1,2,
inc/event/res/03/me03_03.txt#98#12,"ですから、公正を保つ上でも
あなたのことをもっとよく知っておくことは
重要だと考えたのです。","因此，为了保持公正公允，
我认为深入了解你这个人
也是至关重要的。",translated,帕里,07fd3aa493,br=0 nl=2,3,
inc/event/res/03/me03_03.txt#99#12,"……そうですか。
よくわかりました。","……是吗。
我明白了。",translated,卡诺,6572b47872,br=0 nl=1,2,
inc/event/res/03/me03_03.txt#100#12,"私の邪魔をしようというのではなく、
あくまで偏見を排するため、と言うのですね？","你的意思并非要与我作对，
而纯粹是为了摒弃偏见，对吧？",translated,卡诺,de89950cd7,br=0 nl=1,2,
inc/event/res/03/me03_03.txt#101#12,そのとおりです。,正是如此。,translated,帕里,4587b48af7,br=0 nl=0,1,
inc/event/res/03/me03_03.txt#102#12,ふん、どうだかな！,哼，谁知道呢！,translated,库琳,e32b9f08b7,br=0 nl=0,1,
inc/event/res/03/me03_03.txt#103#12,……何ですって？,……你说什么？,translated,帕里,3936da009e,br=0 nl=0,1,
inc/event/res/03/me03_03.txt#104#12,"イオナサルに幻滅したもんだから、
腹いせにカノンさまのアラ探しでも
しようって魂胆じゃないのか？","怕不是因为对依欧娜萨鲁幻灭了，
才怀恨在心想来挑卡诺大人的刺吧？",translated,库琳,c9636b02f3,br=0 nl=2,3,
inc/event/res/03/me03_03.txt#105#12,はん、バカ言わないで。,哼，少胡说八道。,translated,帕里,7f2f0dc8f6,br=0 nl=0,1,
inc/event/res/03/me03_03.txt#106#12,"イオンさまは我が天文とラシェーラの
行く末を担う皇女さまよ！？","依恩大人可是肩负着我们天文
与拉榭拉未来的皇女大人啊！？",translated,帕里,62df0b0883,br=0 nl=1,2,
inc/event/res/03/me03_03.txt#107#12,"いかにぼーっとしてて頼りなくて
ボンクラなスカタンでも、
幻滅するなんてそんな……。","就算她再怎么迷糊不可靠、
是个呆头呆脑的废柴，
我也不至于幻灭到那种……",translated,帕里,820c8f52af,br=0 nl=2,3,
inc/event/res/03/me03_03.txt#110#12,"……はっ！
つい本音が……！","……啊！
一不小心说出心里话了……！",translated,帕里,6ef79313ff,br=0 nl=1,2,
inc/event/res/03/me03_03.txt#111#12,ほれみろ。,你看吧。,translated,库琳,b43ce86620,br=0 nl=0,1,
inc/event/res/03/me03_03.txt#112#12,まぁ、一部は同意しておきましょう。,嘛，其中一部分我倒是表示赞同。,translated,卡诺,0d950f15e9,br=0 nl=0,1,
inc/event/res/03/me03_03.txt#113#12,"わっ、私はただ、皇帝選びを公平に
行うために……。",我、我只是为了公平地选出皇帝才……,translated,帕里,5c5db70e41,br=0 nl=1,2,
inc/event/res/03/me03_03.txt#114#12,"わかりました、もう結構です。
理由はどうあれ、既に来てしまっているの
ですから、お好きになさってください。","好了，不必多言了。
不论原因为何，既然已经跟来了，
便悉听尊便吧。",translated,卡诺,86e375fa1e,br=0 nl=2,3,
inc/event/res/03/me03_03.txt#115#12,"どの道、このコロンに滞在するのは
ほんの僅かな間だけですし","反正，在这座克隆停留的时间
也仅仅只有短短几天而已。",translated,卡诺,a5ba159a70,br=0 nl=1,2,
inc/event/res/03/me03_03.txt#116#12,"あまり出歩きたくもありませんから、
特に大きな事件が起こる事もないでしょう。","我也无意四处闲逛走动，
想必不会惹出什么大乱子吧。",translated,卡诺,a7cd44f85c,br=0 nl=1,2,
inc/event/res/03/me03_03.txt#117#12,"クーリン、どこか静かで落ち着ける宿を
探して下さい。
なるべく安くお願いしますね。","库琳，去找一处清静安稳的住处吧。
尽量便宜一些，拜托了。",translated,卡诺,09ac35335a,br=0 nl=2,3,
inc/event/res/03/me03_03.txt#118#12,かしこまりました、カノンさま。,遵命，卡诺大人。,translated,库琳,a447366b48,br=0 nl=0,1,
inc/event/res/03/me03_03.txt#119#12,じゃ、じゃあ早速宿探しね！,那、那我立刻就去物色旅馆！,translated,帕里,22a837cb03,br=0 nl=0,1,
inc/event/res/03/me03_03.txt#120#12,あぁ、それはそうと。,啊，顺带一提。,translated,卡诺,56c9ee9026,br=0 nl=0,1,
inc/event/res/03/me03_03.txt#122#12,はい？,在？,translated,库琳,60a384a12a,br=0 nl=0,1,
inc/event/res/03/me03_03.txt#123#12,"同じコロンに居るからと言って、
私が貴方がたの都合に合わせて、
行動を共にする必要は一切ありませんよね？","虽说身处同一座克隆，
但我可完全没有迁就二位的日程
一同行动的必要，对吧？",translated,卡诺,26df42b9b9,br=0 nl=2,3,
inc/event/res/03/me03_04.txt#22#12,（うわ……）,（哇……）,translated,依恩,f481495393,br=0 nl=0,1,
inc/event/res/03/me03_04.txt#23#12,（ものすごい人……）,（好多人啊……）,translated,依恩,cbc6e38246,br=0 nl=0,1,
inc/event/res/03/me03_04.txt#24#12,"（みんな、ネイちゃんの踊りを
　見に来てるの？）","（大家都是来看
　妮伊跳舞的吗？）",translated,依恩,e1aecad341,br=0 nl=1,2,
inc/event/res/03/me03_04.txt#25#12,（うぅん、まさかそこまでじゃないよね……？）,（唔嗯，应该不至于全都是吧……？）,translated,依恩,d1731d0beb,br=0 nl=0,1,
inc/event/res/03/me03_04.txt#31#12,（わたしの席は……）,（我的座位是……）,translated,依恩,de3d0017d5,br=0 nl=0,1,
inc/event/res/03/me03_04.txt#32#12,"（あ、ここ。
　……んしょっと）","（啊，在这里。
　……嘿咻）",translated,依恩,f9807c851c,br=0 nl=1,2,
inc/event/res/03/me03_04.txt#42#12,"（すごい、ステージのまん前！
　ネイちゃん、いい席をわざわざ
　取ってくれたんだぁ）","（好厉害，就在舞台正前方！
　妮伊特意帮我留了这么好的位子呢）",translated,依恩,a4dec36a02,br=0 nl=2,3,
inc/event/res/03/me03_04.txt#47#12,きゃっ！,呀啊！,translated,依恩,ddbee1e891,br=0 nl=0,1,
inc/event/res/03/me03_04.txt#48#12,"あ、ゴメン！
荷物当たっちまった！","啊，抱歉！
行李不小心撞到你了！",translated,白鹰,809dbf532d,br=0 nl=1,2,
inc/event/res/03/me03_04.txt#49#12,"だいじょぶだった？
ごめんね？","你没事吧？
对不起啊？",translated,白鹰,fb6d8a00bc,br=0 nl=1,2,
inc/event/res/03/me03_04.txt#50#12,"いっ、いえ。
平気です。","没、没有。
我没事的。",translated,依恩,d74d92ecd2,br=0 nl=1,2,
inc/event/res/03/me03_04.txt#51#12,そう？　よかった。,是吗？太好了。,translated,白鹰,d81e12d698,br=0 nl=0,1,
inc/event/res/03/me03_04.txt#52#12,お嬢さん、ひとり？,小姐姐，一个人来的？,translated,白鹰,03a13e77c6,br=0 nl=0,1,
inc/event/res/03/me03_04.txt#53#12,へっ？,诶？,translated,依恩,f7d4806a8d,br=0 nl=0,1,
inc/event/res/03/me03_04.txt#54#12,"あっ、はい！
ひとり、です……。","啊，是的！
我是一个人……",translated,依恩,3db0a117e8,br=0 nl=1,2,
inc/event/res/03/me03_04.txt#55#12,そうなんだ。,这样啊。,translated,白鹰,2c13fb5706,br=0 nl=0,1,
inc/event/res/03/me03_04.txt#57#12,"こんな最前列ゲットするとか、
よっぽどプリティベリーちゃんの
ファンなんだな！","能抢到这么靠前的位置，
看来你也是靓丽浆果妹妹的铁杆粉丝吧！",translated,白鹰,e7eb690ba7,br=0 nl=2,3,
inc/event/res/03/me03_04.txt#58#12,仲良くしよーぜ！,以后请多关照啦！,translated,白鹰,e9bf75a523,br=0 nl=0,1,
inc/event/res/03/me03_04.txt#59#12,プリティ……ベリー？,靓丽……浆果？,translated,依恩,3b63f20642,br=0 nl=0,1,
inc/event/res/03/me03_04.txt#61#12,"おいおいしっかりしてくれよ！
嬉しすぎて舞い上がってんのかな？","喂喂振作点啊！
是不是太兴奋高兴过头啦？",translated,白鹰,a83f942797,br=0 nl=1,2,
inc/event/res/03/me03_04.txt#63#12,"今回のショーって、開催が発表されたの
すっげぇ突然だったんだ。","这次公演宣布举办的消息，
可是来得超级突然的呢。",translated,白鹰,69f17b06e2,br=0 nl=1,2,
inc/event/res/03/me03_04.txt#65#12,"そのかぶりつきの席なんて、
俺レベルのトップオタクじゃないと
チケット取れないって！","像那种贴着舞台的最前排，
不是我这种等级的顶级御宅族
根本抢不到票的好嘛！",translated,白鹰,3e66f3e138,br=0 nl=2,3,
inc/event/res/03/me03_04.txt#66#12,そう、なんですか……？,是、这样吗……？,translated,依恩,9316afc0f5,br=0 nl=0,1,
inc/event/res/03/me03_04.txt#67#12,"わたし、ネイちゃんのお友達だから、
ご招待してもらって……。","我是妮伊的朋友，
所以是受到招待才来的……",translated,依恩,aa3402bfb2,br=0 nl=1,2,
inc/event/res/03/me03_04.txt#69#12,ネイちゃん？　って？,妮伊？那是谁？,translated,白鹰,a0f978834d,br=0 nl=0,1,
inc/event/res/03/me03_04.txt#70#12,あっ、あの、これから踊る、人……。,啊，那个，就是接下来要跳舞的那位……,translated,依恩,c61ca02300,br=0 nl=0,1,
inc/event/res/03/me03_04.txt#72#12,"プ、プリティベリーちゃんの？
友達！？
ホントに！！？？","靓、靓丽浆果妹妹的？
朋友！？
真的假的！！？？",translated,白鹰,cc5da57b2a,br=0 nl=2,3,
inc/event/res/03/me03_04.txt#73#12,は、はい、一応……。,嗯、嗯，算是吧……,translated,依恩,4f3e89fa6b,br=0 nl=0,1,
inc/event/res/03/me03_04.txt#75#12,うぉわー、すっげぇぇ！,哇啊――太强了吧！,translated,白鹰,ce926f9389,br=0 nl=0,1,
inc/event/res/03/me03_04.txt#76#12,"プリティベリーちゃん、本名ネイっていうんだ！
ふおぉ、きゃわわ！","原来靓丽浆果妹妹本名叫妮伊啊！
呜哦哦，超绝可爱！",translated,白鹰,b26f26f84e,br=0 nl=1,2,
inc/event/res/03/me03_04.txt#77#12,"（プリティベリーって、
　ネイちゃんのことだったんだ……）","（原来靓丽浆果，
　是指妮伊啊……）",translated,依恩,9eb7a11134,br=0 nl=1,2,
inc/event/res/03/me03_04.txt#78#12,お、俺、白鷹！,我、我叫白鹰！,translated,白鹰,221ce7915b,br=0 nl=0,1,
inc/event/res/03/me03_04.txt#79#12,"プリティベリーちゃんのマジファンでさぁ！
ファンクラブもナンバーヒトケタ！","是靓丽浆果妹妹的骨灰级真爱粉！
后援会编号可是个位数！",translated,白鹰,a3e176c306,br=0 nl=1,2,
inc/event/res/03/me03_04.txt#80#12,"デビュー以来ショーはオール最前列、
グッズフルコンプも達成中だ！","自出道以来每场公演全坐第一排，
周边商品全收集成就也正在达成中！",translated,白鹰,d0962726e5,br=0 nl=1,2,
inc/event/res/03/me03_04.txt#81#12,ねぇ、名前は？,呐，小姐姐叫什么名字？,translated,白鹰,696bcc82da,br=0 nl=0,1,
inc/event/res/03/me03_04.txt#82#12,えっ。わ、わたし……。,诶。我、我叫……,translated,依恩,e412107c1c,br=0 nl=0,1,
inc/event/res/03/me03_04.txt#83#12,"あーあー、ゴメン！
いいよ、言わないで。","啊――抱歉抱歉！
好啦，别说了。",translated,白鹰,eebc9c99bb,br=0 nl=1,2,
inc/event/res/03/me03_04.txt#84#12,"この街で、女の子が見知らぬ男に
堂々と名前名乗るものじゃないさ。","在这座城市里，女孩子可不能
随随便便向陌生男人报上真名啊。",translated,白鹰,333018d845,br=0 nl=1,2,
inc/event/res/03/me03_04.txt#85#12,えっと……そうなんですか？,那个……是这样吗？,translated,依恩,cc1e3bbae4,br=0 nl=0,1,
inc/event/res/03/me03_04.txt#86#12,"治安の良い場所じゃないって聞いてない？
名前一つ名乗るのも気をつけた方がいいよ。","你没听说过这里的治安并不好吗？
哪怕只是报个名字，也还是小心点为妙哦。",translated,白鹰,415fa885cb,br=0 nl=1,2,
inc/event/res/03/me03_04.txt#87#12,"わ、わかりました。
その……ありがとうございます。","我、我知道了。
那个……谢谢你提醒。",translated,依恩,e98bfa4b19,br=0 nl=1,2,
inc/event/res/03/me03_04.txt#88#12,"礼なんていいって。
それよりプリティベリーちゃんのお友達って
……マジ？","谢啥啊不用客气。
话说回来，你是靓丽浆果妹妹的朋友……
这真的是真的吗？",translated,白鹰,90e79ba7d1,br=0 nl=2,3,
inc/event/res/03/me03_04.txt#89#12,"えと、その……夢ノ珠っていうコロンに、
ネイちゃんがお休みで遊びに来てて、
そこで知り合って……。","那个，妮伊休假去了一座
叫梦之珠的克隆玩，
我们在那里认识的……",translated,依恩,0e0559c2c2,br=0 nl=2,3,
inc/event/res/03/me03_04.txt#90#12,"へぇぇ、休暇取ってたのかー。
前のショーじゃそんなこと
言ってなかったのにな。","诶～原来是去休假了啊。
上一场公演的时候
明明完全没提过呢。",translated,白鹰,593fe3a026,br=0 nl=2,3,
inc/event/res/03/me03_04.txt#91#12,"君は？
その夢ノ珠のヒトなの？","你呢？
你是那个梦之珠的人吗？",translated,白鹰,8f12603f28,br=0 nl=1,2,
inc/event/res/03/me03_04.txt#92#12,"いっ、いえ、わたしはその前に
万寿沙羅っていう街にいて……
あっ、でもその前は……。","没、没有，在那之前
我是在一个叫万寿沙罗的城镇……
啊，不过在那之前是……",translated,依恩,35a69b7075,br=0 nl=2,3,
inc/event/res/03/me03_04.txt#93#12,"あはは。
なんだかすげーあっちこっち旅してんね。
たいへんだぁ。","哈哈哈。
总觉得你到处旅行奔波得很厉害啊。
真是辛苦了呢。",translated,白鹰,cabf2e81e0,br=0 nl=2,3,
inc/event/res/03/me03_04.txt#94#12,"プリティベリーちゃんのダンス見て、
癒やされとけ♪","好好看靓丽浆果妹妹的舞蹈，
彻底被治愈一下吧♪",translated,白鹰,ebe8fa05eb,br=0 nl=1,2,
inc/event/res/03/me03_04.txt#95#12,"はっ、はい！
初めてなので、楽しみです。","好、好的！
因为是第一次看，我很期待呢。",translated,依恩,a00c3ac072,br=0 nl=1,2,
inc/event/res/03/me03_04.txt#96#12,"あ、そーなのか！
そりゃあきっと……ビックリするぜ？","啊，是头一次啊！
那待会儿……绝对会让你大吃一惊哦？",translated,白鹰,3513b6f9ba,br=0 nl=1,2,
inc/event/res/03/me03_04.txt#97#12,"え？
ど、どうして……？","诶？
为、为什么呀……？",translated,依恩,c6bb6b46f0,br=0 nl=1,2,
inc/event/res/03/me03_04.txt#104#12,"うおぉぉぉッ！
始まったぁぁ！！！","呜哦哦哦！
开始啦啊啊啊！！！",translated,白鹰,70e5ca752c,br=0 nl=1,2,
inc/event/res/03/me03_04.txt#105#12,えっ？　えっ？,诶？诶？,translated,依恩,2af02ee445,br=0 nl=0,1,
inc/event/res/03/me03_04.txt#106#12,プ・リ・ティ・ベリーちゃあぁぁぁんん！！,靓・丽・浆・果・妹・妹啊啊啊！！,translated,白鹰,21feaa0baa,br=0 nl=0,1,
inc/event/res/03/me03_04.txt#123#12,あ……、ネイちゃん、……。,啊……妮伊……,translated,依恩,2e8ea8d60c,br=0 nl=0,1,
inc/event/res/03/me03_04.txt#124#12,みなさーん、今日は来てくれてありがとー！,各位～谢谢大家今天大驾光临～！,translated,妮伊,7803c92ebb,br=0 nl=0,1,
inc/event/res/03/me03_04.txt#125#12,"いきなり演るって発表したのに、
こーんなに集まってくれて！！","明明是这么突然宣布要演出，
却来了这～么多人！！",translated,妮伊,671d843972,br=0 nl=1,2,
inc/event/res/03/me03_04.txt#126#12,みんな、ヒマなのかなぁ？？,大家平时难道都很闲吗？？,translated,妮伊,852a3de4ab,br=0 nl=0,1,
inc/event/res/03/me03_04.txt#131#12,まっ、来てしまったものはしかたがない！,嘛，既然都来了那也没辙啦！,translated,妮伊,b4ae174f10,br=0 nl=0,1,
inc/event/res/03/me03_04.txt#132#12,"どうか今夜は、ココロゆくまで
楽しんでいってね！","今晚请务必尽情狂欢，
玩得开心哦！",translated,妮伊,5bdedebf64,br=0 nl=1,2,
inc/event/res/03/me03_04.txt#157#12,"（ネイちゃん、素敵……！
　すっごい、かっこいい）","（妮伊，好迷人……！
　真的，太帅气了）",translated,依恩,562116674f,br=0 nl=1,2,
inc/event/res/03/me03_04.txt#158#12,"（こんなにたくさんの人が、
　ネイちゃんの踊りを楽しみに集まって……）","（竟然有这么多人，
　为了期待妮伊的舞蹈而聚集过来……）",translated,依恩,be498266e7,br=0 nl=1,2,
inc/event/res/03/me03_04.txt#159#12,（ホントに……すごい）,（真的……好厉害）,translated,依恩,088f9ad9e2,br=0 nl=0,1,
inc/event/res/03/me03_04.txt#160#12,"（元気だし、行動力あるし、
　夢ノ珠であんなにわたしを助けてくれて、
　優しいし……）","（既充满活力，又极具行动力，
　在梦之珠还那么帮我，
　人又温柔……）",translated,依恩,f3473b4a14,br=0 nl=2,3,
inc/event/res/03/me03_04.txt#161#12,"（わたしなんかよりよっぽど
　皇女に向いてると思う……）","（我觉得妮伊比我这种人，
　适合当皇女多了……）",translated,依恩,d341fe22f2,br=0 nl=1,2,
inc/event/res/03/me03_04.txt#162#12,"（わたしが演説したとき、
　こんなふうにしっかり話せなかった……）","（我当初发表即位演说的时候，
　完全没办法像这样大方得体地说话……）",translated,依恩,3c8ba94d24,br=0 nl=1,2,
inc/event/res/03/me03_04.txt#163#12,（ぜんぜん、ダメダメで……）,（表现得根本一塌糊涂……）,translated,依恩,03d91f392c,br=0 nl=0,1,
inc/event/res/03/me03_04.txt#164#12,（うぅん、でも頑張らなくちゃ）,（不行，我也必须要加倍努力才行）,translated,依恩,88d5640cd0,br=0 nl=0,1,
inc/event/res/03/me03_04.txt#165#12,"（わたしも、ネイちゃんほどじゃなくても、
　みんなの前でしっかり話したり
　できるように……）","（就算比不上妮伊，
　我也要争取能够在大家面前
　把话好好说清楚……）",translated,依恩,6dbaa30103,br=0 nl=2,3,
inc/event/res/03/me03_04.txt#178#12,"いやぁー、よかった！
プリティベリーちゃん最高！！","哎呀～太棒了！
靓丽浆果妹妹最棒了！！",translated,白鹰,7dd092f03c,br=0 nl=1,2,
inc/event/res/03/me03_04.txt#182#12,"……ん？
お嬢さん？","……嗯？
小姐姐？",translated,白鹰,fce2867c68,br=0 nl=1,2,
inc/event/res/03/me03_04.txt#183#12,"……はっ！
はい！","……啊！
在！",translated,依恩,e7de683a65,br=0 nl=1,2,
inc/event/res/03/me03_04.txt#184#12,だいじょぶ？,你没事吧？,translated,白鹰,2051e22eeb,br=0 nl=0,1,
inc/event/res/03/me03_04.txt#185#12,"ご、ごめんなさい！
あんまり感動しちゃって、
ぼーっとしちゃって……。","对、对不起！
我看得太感动了，
一时有点走神了……",translated,依恩,72f04bdb28,br=0 nl=2,3,
inc/event/res/03/me03_04.txt#186#12,"あはは。だろー？
プリティベリーちゃんのステージは
人類の宝だと思うんだよね！","哈哈哈。是吧？
靓丽浆果妹妹的舞台演出，
简直就是全人类的瑰宝啊！",translated,白鹰,7e9d8b323a,br=0 nl=2,3,
inc/event/res/03/me03_04.txt#187#12,"あっといけね！
俺、これから握手会行くけど、
お嬢さんどうする？","啊糟糕差点忘了！
我等下要去参加握手会，
小姐姐你打算怎么办？",translated,白鹰,67e89ee7b6,br=0 nl=2,3,
inc/event/res/03/me03_04.txt#188#12,えっ、わたし、は……。,诶，我、我……,translated,依恩,80bbdca8ba,br=0 nl=0,1,
inc/event/res/03/me03_04.txt#189#12,"あ、お友達なのに握手もねーか！
終わったころに待ち合わせかな？
気をつけてな。","啊，既然是朋友肯定不用握手了吧！
应该是在演出结束后碰头吧？
路上小心点哦。",translated,白鹰,a57bc49419,br=0 nl=2,3,
inc/event/res/03/me03_04.txt#191#12,あ、あの！,那、那个！,translated,依恩,766a431d19,br=0 nl=0,1,
inc/event/res/03/me03_04.txt#192#12,ん？,嗯？,translated,白鹰,612f6299e0,br=0 nl=0,1,
inc/event/res/03/me03_04.txt#193#12,"ご、ごめんなさい……わたし、
終わったあとどうやって会うか
ネイちゃんと決めてなかった……。","对、对不起……我没和妮伊约好
在演出结束后
要在哪里碰面……",translated,依恩,6ca021388f,br=0 nl=2,3,
inc/event/res/03/me03_04.txt#194#12,マジで！？,真的假的！？,translated,白鹰,d38098f6f8,br=0 nl=0,1,
inc/event/res/03/me03_04.txt#195#12,"んじゃ、どうせ俺これから握手会で
会いにいくんだし、一緒に来る？","那既然我正好也要去握手会见她，
你要不要跟我一起来？",translated,白鹰,80aa35f4e7,br=0 nl=1,2,
inc/event/res/03/me03_04.txt#196#12,"はっ、はい！
ありがとうございます！","好、好的！
非常感谢你！",translated,依恩,6b4fc0367d,br=0 nl=1,2,
inc/event/res/03/me03_04.txt#207#12,ものすごい列ですね……。,队伍排得好长好长啊……,translated,依恩,7d88ea4d73,br=0 nl=0,1,
inc/event/res/03/me03_04.txt#208#12,"ちょっと出遅れただけで大分ケツに
なっちゃったからなー。","就稍微耽搁了一下，
就落到老后头了啊～",translated,白鹰,ce0f833eab,br=0 nl=1,2,
inc/event/res/03/me03_04.txt#209#12,"あっ、すみません……。
わたしがもたもたしていて……。","啊，对不起……
都怪我慢吞吞的……",translated,依恩,5e83649e5b,br=0 nl=1,2,
inc/event/res/03/me03_04.txt#210#12,ああ、気にしないでいいって。,哎呀，不用在意啦。,translated,白鹰,4da26d5ded,br=0 nl=0,1,
inc/event/res/03/me03_04.txt#211#12,"それだけプリティベリーちゃんに
人気があるってことだから、俺も嬉しいわけ。","这说明靓丽浆果妹妹人气超高嘛，
我也替她高兴啊。",translated,白鹰,6b3aa521a6,br=0 nl=1,2,
inc/event/res/03/me03_04.txt#222#12,"あー、ごぶさたしてますー！
来てくれて嬉しー♪","啊～好久不见啦～！
能来看我我好开心～♪",translated,妮伊,924a756889,br=0 nl=1,2,
inc/event/res/03/me03_04.txt#223#12,"え、お友達連れてきてくれたんですか？
どうでした？　ホント！？
いやーん、ありがとー♪♪","诶，带朋友一起来的吗？
感觉怎么样？真的吗！？
哎呀～谢谢你们～♪♪",translated,妮伊,ab1c61089c,br=0 nl=2,3,
inc/event/res/03/me03_04.txt#224#12,"（ファンの人たち、みんなネイちゃんと
　話して楽しそう……）","（粉丝们跟妮伊说话的时候，
　看起来都好开心啊……）",translated,依恩,736b59a9b5,br=0 nl=1,2,
inc/event/res/03/me03_04.txt#225#12,（みんなに好かれてるんだなぁ……）,（她真的很受大家的喜爱呢……）,translated,依恩,37bf14f820,br=0 nl=0,1,
inc/event/res/03/me03_04.txt#234#12,お、よーやく俺の番だ！,哦，总算轮到我了！,translated,白鹰,a3367282a8,br=0 nl=0,1,
inc/event/res/03/me03_04.txt#235#12,"やぁ、プリティベリーちゃん！
今日もよかったぜぇ？","呀吼，靓丽浆果妹妹！
今天也是魅力拉满哦？",translated,白鹰,e0f496e283,br=0 nl=1,2,
inc/event/res/03/me03_04.txt#239#12,"あっ、白鷹さーん！！
いつもありがとうございますぅ♪","啊，白鹰先生――！！
一直以来都承蒙您的支持啦～♪",translated,妮伊,28078fe7d8,br=0 nl=1,2,
inc/event/res/03/me03_04.txt#240#12,"公演予定が急にオールキャンセルになったから、
俺ホントにビックリしたんだぜ？","公演计划突然全部取消的时候，
我当时可真是吓了一大跳呢！",translated,白鹰,86254aeba9,br=0 nl=1,2,
inc/event/res/03/me03_04.txt#241#12,"えへっ、ごめんなさい。
ちょっとプライベートがごたごたして、
ステージできそうになくって……。","嘿嘿，不好意思啦。
因为私事稍微有些繁杂，
抽不开身上台演出嘛……",translated,妮伊,c84a3f6419,br=0 nl=2,3,
inc/event/res/03/me03_04.txt#242#12,"でもま、こうして戻ってきてくれてよかったよ♪
復帰ってことだよな？","不过嘛，你能像这样回来就太好啦♪
这算正式复出了吧？",translated,白鹰,d7f9b0b4cb,br=0 nl=1,2,
inc/event/res/03/me03_04.txt#243#12,"そ、それが……今回は特別っていうか、
またすぐここを離れるかもしれなくてぇ……。","这、这个嘛……这次其实算特例啦，
搞不好马上又得离开这里呢……",translated,妮伊,1aab4acf67,br=0 nl=1,2,
inc/event/res/03/me03_04.txt#244#12,えぇ、そうなの！？,诶诶，是这样吗！？,translated,白鹰,814bafee5e,br=0 nl=0,1,
inc/event/res/03/me03_04.txt#245#12,ゴメンね、白鷹さん……。,对不起哦，白鹰先生……,translated,妮伊,a607f80d64,br=0 nl=0,1,
inc/event/res/03/me03_04.txt#246#12,"うぅん……ま、プライベートなことなら
しかたないよな。","唔嗯……嘛，既然是私人的事情，
那也是没办法的事呢。",translated,白鹰,672319bde0,br=0 nl=1,2,
inc/event/res/03/me03_04.txt#247#12,"でも、片付いたらすぐステージに
戻ってきてくれよな！","不过，等事情办妥了，
一定要尽快回到舞台上啊！",translated,白鹰,de425f4fdb,br=0 nl=1,2,
inc/event/res/03/me03_04.txt#248#12,"俺はいつまでもプリティベリーちゃんの
ファンだから！","无论到什么时候，
我都永远是靓丽浆果妹妹的头号粉丝！",translated,白鹰,febdc6abb3,br=0 nl=1,2,
inc/event/res/03/me03_04.txt#249#12,白鷹さんっ……。,白鹰先生……,translated,妮伊,fe2f21ac43,br=0 nl=0,1,
inc/event/res/03/me03_04.txt#250#12,ありがとうございま……。,谢谢您……,translated,妮伊,4e73ef1719,br=0 nl=0,1,
inc/event/res/03/me03_04.txt#251#12,"っと、そうそう、お連れさんが
困ってたからつれてきてやったぜ？","啊对了对了，你那位同伴
刚才不知道该怎么办，我就顺便带过来了哦？",translated,白鹰,5dbd8e4549,br=0 nl=1,2,
inc/event/res/03/me03_04.txt#252#12,…………すっ……♪……？,…………谢……♪……？,translated,妮伊,f1dbbd82f1,br=0 nl=0,1,
inc/event/res/03/me03_04.txt#255#12,ネイちゃん……。,妮伊……,translated,依恩,840a2b2ae7,br=0 nl=0,1,
inc/event/res/03/me03_04.txt#260#12,ちょ、ちょっとあんたッ！！,等、等等你这家伙！！,translated,妮伊,64c37c414f,br=0 nl=0,1,
inc/event/res/03/me03_04.txt#261#12,"こんなとこでネイちゃんって
呼んだらダメッ……！！",在这种地方绝对不能叫我妮伊啦……！！,translated,妮伊,89a3bac715,br=0 nl=1,2,
inc/event/res/03/me03_04.txt#262#12,"えっ！？
あ……。","诶！？
啊……",translated,依恩,926a2310d8,br=0 nl=1,2,
inc/event/res/03/me03_04.txt#264#12,"あはは。
俺はもうさっき聞いちゃったから。","哈哈哈。
反正我刚才就已经听到了啦。",translated,白鹰,2eeaf576d3,br=0 nl=1,2,
inc/event/res/03/me03_04.txt#265#12,え！？,诶！？,translated,妮伊,4d2f18c9e0,br=0 nl=0,1,
inc/event/res/03/me03_04.txt#266#12,"大丈夫、他の連中に言ったりしねぇから
安心してくれ。","放心吧，我绝不会跟其他人说的，
你大可放一百个心。",translated,白鹰,a0e4d511a7,br=0 nl=1,2,
inc/event/res/03/me03_04.txt#267#12,"プリティベリーちゃんの本名は
俺の心のウチにそっとしまっておく……。","靓丽浆果妹妹的真名，
我会悄悄珍藏在自己心底的……",translated,白鹰,5f6606a2d7,br=0 nl=1,2,
inc/event/res/03/me03_04.txt#268#12,"ネイちゃんってプリティベリーちゃんって
名前で踊ってるんだね。
かわいい♪♪","妮伊原来是用靓丽浆果这个名字
在跳舞呀。
好可爱哦♪♪",translated,依恩,2ecf3ff3c2,br=0 nl=2,3,
inc/event/res/03/me03_04.txt#270#12,そっ、そっ、そっ、れっ、――。,那、那、那、个――,translated,妮伊,7d75d89052,br=0 nl=0,1,
inc/event/res/03/me03_04.txt#271#12,"それ以上その名前言わないのッ！！
禁止、不可、不許可！！
ダメ、ゼッタイ！！","不准再提那个名字了！！
禁止、不行、不予许可！！
绝对、不行！！",translated,妮伊,92211716d2,br=0 nl=2,3,
inc/event/res/03/me03_04.txt#272#12,えっ、あっ……。,诶，啊……,translated,依恩,6ac7a46154,br=0 nl=0,1,
inc/event/res/03/me03_04.txt#273#12,"今後その名前を人前で呼んだら
絶交だからねッ！！！","以后要是敢当着别人的面叫那个名字，
我就跟你绝交！！！",translated,妮伊,842c082da9,br=0 nl=1,2,
inc/event/res/03/me03_04.txt#274#12,う、うん。わかった……。,嗯、嗯。我知道了……,translated,依恩,54978cb12c,br=0 nl=0,1,
inc/event/res/03/me03_04.txt#275#12,"あはは、やっぱ友達なんだなー。
仲い－わ。","哈哈哈，果然是朋友啊～
感情真好呢。",translated,白鹰,9d7162f5fe,br=0 nl=1,2,
inc/event/res/03/me03_04.txt#276#12,"それじゃ俺はこれで。
合流できてよかったな、お嬢さん。","那我就先撤啦。
能顺利碰头真是太好啦，小姐姐。",translated,白鹰,f75b7e9592,br=0 nl=1,2,
inc/event/res/03/me03_04.txt#277#12,"あ、はいっ！
ありがとうございました！","啊，好的！
非常感谢你！",translated,依恩,cc460a0c98,br=0 nl=1,2,
inc/event/res/03/me03_04.txt#278#12,"ふふ、いいってことさ。
そうだ、プリティベリーちゃん。","嘿嘿，小事一桩啦。
对了，靓丽浆果妹妹。",translated,白鹰,fd8aaf60de,br=0 nl=1,2,
inc/event/res/03/me03_04.txt#280#12,"俺のバイオス屋、
プリティベリーちゃんのために
２４時間開けてるから！","我的BIOS屋，
可是为了靓丽浆果妹妹
２４小时随时开着的哦！",translated,白鹰,156d152ce4,br=0 nl=2,3,
inc/event/res/03/me03_04.txt#281#12,"必要になったら来てくれよな。
いつでも、タダで使わせてあげっから！","有需要的话随时来找我啊。
不管什么时候，我都免费让你用！",translated,白鹰,dd2cb8a7a1,br=0 nl=1,2,
inc/event/res/03/me03_04.txt#282#12,うん、ありがと♪,嗯，谢谢你啦♪,translated,妮伊,600467f771,br=0 nl=0,1,
inc/event/res/03/me03_04.txt#283#12,"待ってるぜ。
んじゃね！","我等着你哦。
回头见！",translated,白鹰,c8a796e7a3,br=0 nl=1,2,
inc/event/res/03/me03_04.txt#284#12,またねー♪,拜拜～♪,translated,妮伊,f3f80f68e6,br=0 nl=0,1,
inc/event/res/03/me03_04.txt#288#12,あはは、気をつけてー……。,啊哈哈，路上小心哦～……,translated,妮伊,8f4af4c4be,br=0 nl=0,1,
inc/event/res/03/me03_04.txt#290#12,……はァッ。,……哈啊～,translated,妮伊,0418fc5e68,br=0 nl=0,1,
inc/event/res/03/me03_04.txt#291#12,うぅ……ほ、本名を知られてしまった……。,呜呜……真、真名竟然被人知道了……,translated,妮伊,7b70e20883,br=0 nl=0,1,
inc/event/res/03/me03_04.txt#296#12,ネ、ネイちゃん、その……ごめんね？,妮、妮伊，那个……对不起嘛？,translated,依恩,dfcc31b8e3,br=0 nl=0,1,
inc/event/res/03/me03_04.txt#297#12,"あぁ？
あー。ま、相手が白鷹でまだよかったよ。
ああ見えて約束は守るやつだと思うし。","啊？
啊～嘛，对象是白鹰倒还算万幸啦。
别看他那副德行，我觉得他应该会信守承诺的。",translated,妮伊,da6cd9f772,br=0 nl=2,3,
inc/event/res/03/me03_04.txt#298#12,"でも一応バイオス屋に顔だして
シメといた方がいーかな……。
うぅむ……。","不过以防万一，最好还是去一趟BIOS屋
给他点颜色瞧瞧呢……
唔唔……",translated,妮伊,145cc19405,br=0 nl=2,3,
inc/event/res/03/me03_04.txt#299#12,"ねぇネイちゃん、その白鷹さんの
バイオス屋さんって、なに？","呐妮伊，白鹰先生开的那个
BIOS屋，到底是什么呀？",translated,依恩,45463c1f39,br=0 nl=1,2,
inc/event/res/03/me03_04.txt#300#12,はぁ！？,哈啊！？,translated,妮伊,a4ac2a427f,br=0 nl=0,1,
inc/event/res/03/me03_04.txt#301#12,"（イオンの物知らずは底抜けね……
　説明する気にもならないわ）","（依恩缺乏常识的程度真是没底线呢……
　我都懒得跟她解释了）",translated,妮伊,e3f3bd6617,br=0 nl=1,2,
inc/event/res/03/me03_04.txt#302#12,"もう、いーの！　いまは知らなくて！
必要になったら教えたげるから！","哎呀，算啦！现在不知道也没差！
等有需要的时候我再告诉你！",translated,妮伊,3c86249e53,br=0 nl=1,2,
inc/event/res/03/me03_04.txt#303#12,うん、わかった♪,嗯，好哒♪,translated,依恩,f7d5da2e12,br=0 nl=0,1,
inc/event/res/03/me03_04.txt#305#12,"（はあぁぁ……
　やっぱりイオンなんか連れてくんじゃ
　なかった……）","（唉――――
　果然就不该带依恩这家伙过来的……）",translated,妮伊,7472b0f0fc,br=0 nl=2,3,
inc/event/res/03/me03_05.txt#19#12,ステージ、すごかったよネイちゃん！,刚才的演出太棒了，妮伊！,translated,依恩,8c5352f679,br=0 nl=0,1,
inc/event/res/03/me03_05.txt#20#12,"あんな大勢の人がネイちゃんの踊りを
見に来て、興奮して……。","那么多人专程来看妮伊跳舞，
大家情绪那么高涨……",translated,依恩,d6bbad10b4,br=0 nl=1,2,
inc/event/res/03/me03_05.txt#21#12,"踊り、すっごい上手だったよ！
綺麗だったし、ステージいっぱいに
動きまわって！","跳得真的超级好！
既漂亮，满场舞台到处欢快跃动！",translated,依恩,7351cae712,br=0 nl=2,3,
inc/event/res/03/me03_05.txt#22#12,"白鷹さんが「人類の宝だ」って
言ってたけど、ホントにそう！","白鹰先生说“那是全人类的瑰宝”，
我也觉得一点都没错！",translated,依恩,8dce08472b,br=0 nl=1,2,
inc/event/res/03/me03_05.txt#23#12,"そ、そう……？
ありがと……。","是、是吗……？
谢谢你啦……",translated,妮伊,83b946544b,br=0 nl=1,2,
inc/event/res/03/me03_05.txt#24#12,"また見たいなー！
次やるときも、教えてくれる？","我还想再看呢！
下次演出的时侯，也能告诉我吗？",translated,依恩,9b47093180,br=0 nl=1,2,
inc/event/res/03/me03_05.txt#25#12,そ、れは、どうしよっかな……？,这、个嘛，我再考虑考虑吧……？,translated,妮伊,776f6fa858,br=0 nl=0,1,
inc/event/res/03/me03_05.txt#26#12,"えー！？
ダメなのぅ！？","诶――！？
不行吗――！？",translated,依恩,f3b18125a9,br=0 nl=1,2,
inc/event/res/03/me03_05.txt#31#12,"えっ！？
な、何っ？","诶！？
怎、怎么了？",translated,依恩,da1266d0e3,br=0 nl=1,2,
inc/event/res/03/me03_05.txt#32#12,"『プラネタリー・メゾン全域に
　ウェーブバースト警報が発令されました。
　これより対波導シェルの閉鎖を行います』","‘行星公馆全域已发布
　波动爆炸警报。
　接下来将执行对波导外壳的闭合程序’",translated,广播,5607dbead4,br=0 nl=2,3,
inc/event/res/03/me03_05.txt#33#12,"『これは通常の対応です。行楽でお越しの
　みなさまはどうぞご安心ください』","‘此为常规防御措施。
　各位游客请勿惊慌，安心游乐’",translated,广播,b54adb8aac,br=0 nl=1,2,
inc/event/res/03/me03_05.txt#34#12,"『引き続き、プラネタリー･メゾンでの
　観光をお楽しみください』","‘请继续尽情享受
　在行星公馆的观光时光’",translated,广播,c611e8550e,br=0 nl=1,2,
inc/event/res/03/me03_05.txt#36#12,――っていうわけ。,――就是这么回事。,translated,妮伊,639c4778ee,br=0 nl=0,1,
inc/event/res/03/me03_05.txt#37#12,"ここじゃこうやって、コロンごと
バーストを防げるようになってるのよ。","在这里就是这样，
整座克隆都能全方位防御爆炸哦。",translated,妮伊,7c695b5708,br=0 nl=1,2,
inc/event/res/03/me03_05.txt#38#12,ふえぇ……こんな仕掛けがあるんだ……。,哇啊……竟然有这么厉害的机关啊……,translated,依恩,309d2c75ea,br=0 nl=0,1,
inc/event/res/03/me03_05.txt#39#12,"ちょっと早めに夜になっちゃうわねー。
すごいよー？　この街の夜は。","今天看起来要提早入夜了呢～
这座城市的夜晚可是很厉害的哦？",translated,妮伊,93c7cecc99,br=0 nl=1,2,
inc/event/res/03/me03_05.txt#40#12,どういうこと……？,什么意思……？,translated,依恩,ac458876f8,br=0 nl=0,1,
inc/event/res/03/me03_05.txt#41#12,"うふふ。
見てて……ほら。","呵呵。
你瞧好了……看。",translated,妮伊,029a9e6012,br=0 nl=1,2,
inc/event/res/03/me03_05.txt#55#12,ふわゎ……ホントに、夜だ……。,哇啊……真的变成黑夜了……,translated,依恩,e8c93c5479,br=0 nl=0,1,
inc/event/res/03/me03_05.txt#56#12,天井の内側、星空みたい……綺麗。,天花板的内侧，就像星空一样……好美。,translated,依恩,dc16924e48,br=0 nl=0,1,
inc/event/res/03/me03_05.txt#57#12,"ね？　ちょっとしたモンでしょ。
この街は夜になるとお祭りモードに
なるってわけ。","对吧？挺有一手的吧。
这座城市一到夜晚，就会切换成节日狂欢模式。",translated,妮伊,8e302a8176,br=0 nl=2,3,
inc/event/res/03/me03_05.txt#58#12,そうなんだ……。,原来是这样啊……,translated,依恩,0297247dd9,br=0 nl=0,1,
inc/event/res/03/me03_05.txt#59#12,イオン、ちょっと遊んでいく？,依恩，要不要到处玩玩去？,translated,妮伊,0d1f7ec927,br=0 nl=0,1,
inc/event/res/03/me03_05.txt#60#12,えっ、……でも……。,诶……可是……,translated,依恩,680bc1714c,br=0 nl=0,1,
inc/event/res/03/me03_05.txt#61#12,"いいからいいから。
いまは気分転換に来てるんだし、
パーッと遊ぼ！　ね？","好啦好啦别顾虑了。
现在既然是来散心的，
就痛痛快快玩一场嘛！好不好？",translated,妮伊,e2b9fc8668,br=0 nl=2,3,
inc/event/res/03/me03_05.txt#74#12,はー。景品、ちょっと獲りすぎた！,哈～战利品一不小心拿得太多了！,translated,妮伊,e664fe9aa8,br=0 nl=0,1,
inc/event/res/03/me03_05.txt#75#12,"ネイちゃんってやっぱり
運動神経イイんだね！",妮伊果然运动神经超级发达呢！,translated,依恩,bc4d7885fa,br=0 nl=1,2,
inc/event/res/03/me03_05.txt#76#12,射的とか、百発百中だったよ？,刚才射击游戏，简直是百发百中啊！,translated,依恩,83441dc53b,br=0 nl=0,1,
inc/event/res/03/me03_05.txt#77#12,"あんなの、あたしに掛かれば
おちゃのこ楽勝よぅ！
ひとつ残らず落としてやったわ♪","那种小儿科，对我来说还不是手到擒来！
一个不剩全给打落下来了♪",translated,妮伊,519cebc79d,br=0 nl=2,3,
inc/event/res/03/me03_05.txt#78#12,"ていうか、
むしろイオンがドンクサすぎじゃない？",话说回来，不如说是依恩你手脚太笨了吧？,translated,妮伊,41dc89a7c0,br=0 nl=1,2,
inc/event/res/03/me03_05.txt#79#12,"輪投げで全部ハズすのはいーけど、
なんで全部おっちゃんにぶち当てンの？
すっごい逃げてたけど！","套圈全脱靶也就算了，
为什么每个圈都直奔大叔脸上砸啊？
人家大叔吓得满场乱窜好不好！",translated,妮伊,572244199c,br=0 nl=2,3,
inc/event/res/03/me03_05.txt#80#12,うぅ……。,呜呜……,translated,依恩,7e9d35f0a5,br=0 nl=0,1,
inc/event/res/03/me03_05.txt#81#12,"お椀で金魚すくって
ポイに乗せようとする人初めて見たし。","拿碗捞金鱼、再往纸网上放的人，
我还是这辈子头一回见到呢。",translated,妮伊,d5664328b7,br=0 nl=1,2,
inc/event/res/03/me03_05.txt#82#12,うぅぅ……。,呜呜呜……,translated,依恩,d7b7303fdb,br=0 nl=0,1,
inc/event/res/03/me03_05.txt#83#12,"ここまでくるともう才能よね。
逆に感心しちゃった。","能笨到这种地步也算一种才能了吧。
我反而佩服起来了。",translated,妮伊,5c8af1dd6e,br=0 nl=1,2,
inc/event/res/03/me03_05.txt#84#12,ごめんなさい……。,对不起……,translated,依恩,6d9e197c39,br=0 nl=0,1,
inc/event/res/03/me03_05.txt#85#12,"ま、いーけどねっ。
楽しそうだったから。","嘛，不过无所谓啦。
看你玩得那么开心。",translated,妮伊,f5b035c69d,br=0 nl=1,2,
inc/event/res/03/me03_05.txt#86#12,えっ？,诶？,translated,依恩,5b8d798295,br=0 nl=0,1,
inc/event/res/03/me03_05.txt#87#12,"なーんか、イオンと出会ってから
笑ってるとこ一番見たかも。","总觉得认识依恩以来，
今天是你笑得最多的一回了呢。",translated,妮伊,320c86bb83,br=0 nl=1,2,
inc/event/res/03/me03_05.txt#90#12,お客さーん、まだ決まらないの？,客人，您还没挑好吗？,translated,男子Ｃ,3a35ba20ae,br=0 nl=0,1,
inc/event/res/03/me03_05.txt#91#12,ん？,嗯？,translated,妮伊,612f6299e0,br=0 nl=0,1,
inc/event/res/03/me03_05.txt#92#12,あ……あれって……！,啊……那个人不是……！,translated,依恩,c837dbce59,br=0 nl=0,1,
inc/event/res/03/me03_05.txt#102#12,もう１時間も悩んでるぜ？,您都纠结了整整一个小时了哦？,translated,男子Ｃ,9b9ec4c3dd,br=0 nl=0,1,
inc/event/res/03/me03_05.txt#104#12,"そ、空色の子……ああっ、でもピンクの子も
捨てがたいぃ！","天、天蓝色的……啊啊，可粉色的这只
也让人难以割舍啊！",translated,变装卡诺,3fa8f937a4,br=0 nl=1,2,
inc/event/res/03/me03_05.txt#105#12,"でっ、でも元の色を生かした黄緑色の子も
可愛いかも……。
あぁっ、黒の子までいる！？　……渋い。","可、可是保留本色的黄绿色小家伙
也很可爱……
啊啊，居然还有黑色的小家伙！？……好沉稳。",translated,变装卡诺,cea33ab198,br=0 nl=2,3,
inc/event/res/03/me03_05.txt#113#12,あれ、カノンさんじゃない！？,那不是卡诺小姐吗！？,translated,依恩,e7478be6b1,br=0 nl=0,1,
inc/event/res/03/me03_05.txt#114#12,"ホントだ！？
髪型違うけど……、そうだよね？","真的假的！？
虽然发型不一样……但确实是她吧？",translated,妮伊,01c2729c33,br=0 nl=1,2,
inc/event/res/03/me03_05.txt#115#12,意外……こんなところにいるなんて……。,真意外……没想到她会在这里……,translated,依恩,35b73f35fd,br=0 nl=0,1,
inc/event/res/03/me03_05.txt#116#12,"どーやら、普通にお祭りを楽しんでる
みたいね。",看起来，她也在普普通通地享受节日呢。,translated,妮伊,52af989a54,br=0 nl=1,2,
inc/event/res/03/me03_05.txt#117#12,"あ、後ろんとこに、
夢ノ珠の連中まで隠れてる！","啊，后面角落里，
梦之珠那帮家伙也躲在那里！",translated,妮伊,1a3dd8c6ff,br=0 nl=1,2,
inc/event/res/03/me03_05.txt#126#12,"カノンのお忍びに勝手についてきてるって
とこかな……？",看来是偷偷跟在微服私访的卡诺后面呢……？,translated,妮伊,db8e09b1ba,br=0 nl=1,2,
inc/event/res/03/me03_05.txt#127#12,"ご、ご挨拶とかしといたほうが
いいのかな……。",我、我们要不要去打个招呼比较好呀……,translated,依恩,9deaecb41d,br=0 nl=1,2,
inc/event/res/03/me03_05.txt#128#12,"えぇ？
やめとこやめとこ！","诶？
别去别去！",translated,妮伊,88c65db0db,br=0 nl=1,2,
inc/event/res/03/me03_05.txt#136#12,"天文の区長はともかく、
男の方って裁判から逃げたっきりだし。
関わるとメンドクサイって！","天文的区长先不说，
那个男区长从审判潜逃后就一直下落不明。
扯上关系肯定麻烦透顶啦！",translated,妮伊,0ebb5d99eb,br=0 nl=2,3,
inc/event/res/03/me03_05.txt#137#12,そ、そっか……。,是、这样啊……,translated,依恩,d4c99105ec,br=0 nl=0,1,
inc/event/res/03/me03_05.txt#138#12,ここは華麗にスルーするのがいいって。,这里还是华丽地当没看见最好。,translated,妮伊,14bf751c40,br=0 nl=0,1,
inc/event/res/03/me03_05.txt#139#12,う、うん……。,嗯、嗯……,translated,依恩,a4e06d2109,br=0 nl=0,1,
inc/event/res/03/me03_05.txt#140#12,"せっかくお楽しみみたいだし。
カノンだってああして遊んでるんだから、
あたしたちものんびりしよっ。","难得看她那么乐在其中。
既然连卡诺都在那里玩耍，
我们也悠闲一点吧。",translated,妮伊,f3791b324e,br=0 nl=2,3,
inc/event/res/03/me03_05.txt#141#12,そ、そうだね。,也、也是呢。,translated,依恩,195f90c3a3,br=0 nl=0,1,
inc/event/res/03/me03_05.txt#143#12,プリティベリーちゃん！,靓丽浆果妹妹！,translated,白鹰,17dd8fd9b6,br=0 nl=0,1,
inc/event/res/03/me03_05.txt#144#12,えっ？,诶？,translated,妮伊,5b8d798295,br=0 nl=0,1,
inc/event/res/03/me03_05.txt#149#12,しっ、白鷹……！,白、白鹰……！,translated,妮伊,35c3cf0596,br=0 nl=0,1,
inc/event/res/03/me03_05.txt#151#12,"……さんっ♪
どしたの、偶然～！","……先生～♪
怎么啦，真巧呢～！",translated,妮伊,bb8d8b3635,br=0 nl=1,2,
inc/event/res/03/me03_05.txt#152#12,"や～、また会えるなんて嬉しいぜ！
せっかくだし、見てってくれよ俺の店！","哎呀～能再次相遇真是太高兴啦！
难得碰上，快来看看我的店铺吧！",translated,白鹰,3d0c42659f,br=0 nl=1,2,
inc/event/res/03/me03_05.txt#153#12,店……？,店……？,translated,妮伊,570e5045a0,br=0 nl=0,1,
inc/event/res/03/me03_05.txt#169#12,ふゎ……。,哇啊……,translated,依恩,a219df31f9,br=0 nl=0,1,
inc/event/res/03/me03_05.txt#170#12,な、何の店……ですか、これ……？,这、这是……卖什么的店啊……？,translated,妮伊,061e41bc8f,br=0 nl=0,1,
inc/event/res/03/me03_05.txt#171#12,"何ってフィギュアだよ、フィ・ギュ・ア！
プリティベリーちゃんと並ぶ人類の宝、
至高の芸術、愛の結晶！","还能是什么，手办啊！手・办！
是与靓丽浆果妹妹并驾齐驱的人类瑰宝、
至高之艺术、爱的结晶！",translated,白鹰,d79051a75c,br=0 nl=2,3,
inc/event/res/03/me03_05.txt#172#12,"ってまぁ、俺が作るのはぜんぜん、
趣味レベルだけどね。","不过嘛，我自己做的充其量也完全只是
个人兴趣的水平啦。",translated,白鹰,3876df90ef,br=0 nl=1,2,
inc/event/res/03/me03_05.txt#173#12,白鷹さん、バイオス屋って話は……。,白鹰先生，之前不是说开BIOS屋的吗……,translated,妮伊,b2516c1e5f,br=0 nl=0,1,
inc/event/res/03/me03_05.txt#174#12,"あ、それは昼の顔。
昼はジェノメトリクス、夜はリアルで商売する、
夢売りのお兄さんさ♪","啊，那是白天的面貌。
白天在杰诺梅特利库斯、夜晚在现实中做买卖，
我就是贩卖梦想的大哥哥哦♪",translated,白鹰,4883ea9a5a,br=0 nl=2,3,
inc/event/res/03/me03_05.txt#175#12,はぁ、そうなんですね……。,哈啊，这样啊……,translated,妮伊,944b5c26b5,br=0 nl=0,1,
inc/event/res/03/me03_05.txt#177#12,ッ……！！！,……！！！,translated,依恩,b94e93e840,br=0 nl=0,1,
inc/event/res/03/me03_05.txt#179#12,こ、これッ……！！？？,这、这个是……！！？？,translated,依恩,dc8dfc79af,br=0 nl=0,1,
inc/event/res/03/me03_05.txt#180#12,どしたの？,怎么了？,translated,妮伊,961009017e,br=0 nl=0,1,
inc/event/res/03/me03_05.txt#181#12,……ぶふっ！？,……噗嗤！？,translated,妮伊,9a35d477ba,br=0 nl=0,1,
inc/event/res/03/me03_05.txt#183#12,おっ。お友達、目の付け所がいいね！,哦！小姑娘，眼光真毒辣啊！,translated,白鹰,5ae568e1b1,br=0 nl=0,1,
inc/event/res/03/me03_05.txt#184#12,"それ、今回の新作！
今年は皇位継承の儀、やってるでしょ？","那个啊，是我这次的最新力作！
今年不是正在举行皇位继承仪式嘛？",translated,白鹰,835ff7f5e4,br=0 nl=1,2,
inc/event/res/03/me03_05.txt#185#12,"したらこれしかないっしょ、
{イオナサルさまフィギュア}！","那当然非它莫属啦，
‘{依欧娜萨鲁大人手办}’！",translated,白鹰,ca001f1dc9,br=1 nl=1,2,keep-terms {イオナサルさまフィギュア}
inc/event/res/03/me03_05.txt#185#14,白鷹が丹精込めて作り上げた渾身のフィギュア。<CR>この一体には、実に七日間徹夜するほどの情熱が注がれている。<CR>見た目に限っていえば、女性、ましてや本人には見せられる物ではないかもしれないが、その情熱は本物。<CR>見る人が見れば、万寿沙羅でイオンが生み出したハスの花の上に佇むどこか儚げな姿は、扇情的ながらも美しいとさえ思える。<CR>バイオス屋やプログラマーとしての能力が高い白鷹だがフィギュアに関して言えば、よく言っても中の上程度。しかし、彼が渾身の一作として作り上げたこのフィギュアは上の域に達するものであると言っても過言ではないだろう。,白鹰倾注全部心血精雕细琢的浑身之力作手办。<CR>为了这一尊手办，足足倾注了他连续熬夜七天的狂热心血。<CR>单就外观而言，或许绝不适合给女性、更别说是本人过目，但这份热情却是货真价实的。<CR>在识货之人眼中，依恩伫立在万寿沙罗由她催生的莲花之上的那抹略带虚幻的身姿，虽具煽情诱惑之感，却甚至能让人由衷赞叹其美丽。<CR>尽管白鹰作为BIOS屋与程序员的能力极高，但在手办造诣上往好了说也只有中上水平。然而，他倾尽心血打造的这尊手办，即便夸赞其已臻上乘之境也绝非言过其实。,translated,白鹰,9067d330d9,<CR> <CR> <CR> <CR> br=0 nl=0,1,keep-tags <CR>; src-longest-line=276
inc/event/res/03/me03_05.txt#186#12,ええええぇぇぇっ！！？？,诶诶诶诶诶！！？？,translated,依恩,03e9ec9df5,br=0 nl=0,1,
inc/event/res/03/me03_05.txt#188#12,"なっ、なっ、なんでこんな、恥ずかしい
格好してるんですかっ！？",为、为、为什么要穿得这么丢人害羞啊！？,translated,依恩,679fd277db,br=0 nl=1,2,
inc/event/res/03/me03_05.txt#189#12,"おへそ出てるし、お尻とかまる見えだし、
やけに色っぽいのに胸の大きさだけ
妙にリアルだし……！","肚脐露在外面，屁股也一览无余，
明明打扮得那么妖娆性感，
却偏偏只有胸口的大小微妙地极其写实……！",translated,依恩,c4d8fbf4c9,br=0 nl=2,3,
inc/event/res/03/me03_05.txt#190#12,"そりゃもう、渾身の一作だからね！
俺が可愛いな～、って思った部分は
より可愛く！","那当然啦，这可是倾尽心血的力作！
我认为可爱的地方，就要更加可爱！",translated,白鹰,87560ceba1,br=0 nl=2,3,
inc/event/res/03/me03_05.txt#191#12,"色っぽいな～、って思った部分は
より色っぽく！",我认为性感的地方，就要更加性感！,translated,白鹰,9dceeece43,br=0 nl=1,2,
inc/event/res/03/me03_05.txt#192#12,"って、女の子に言う話じゃねーか！
わははは。","哎呀，这好像不适合跟女孩子讲呢！
哇哈哈哈。",translated,白鹰,63a8264b14,br=0 nl=1,2,
inc/event/res/03/me03_05.txt#193#12,でっ、でも、本人的には、その……。,可、可是，站在当事人的立场上，那个……,translated,依恩,92c50cfd11,br=0 nl=0,1,
inc/event/res/03/me03_05.txt#194#12,"本人？
まぁさぁすがに本人には見せられないね！！
わははは。","当事人？
嘛～这当然是打死都不能让本人看见的啦！！
哇哈哈哈。",translated,白鹰,6743f39cac,br=0 nl=2,3,
inc/event/res/03/me03_05.txt#197#12,本人。,她就是本人。,translated,妮伊,ff3b59b09b,br=0 nl=0,1,
inc/event/res/03/me03_05.txt#199#12,……白鷹さん、エッチです……。,……白鹰先生，是大色狼……,translated,依恩,b137b93aec,br=0 nl=0,1,
inc/event/res/03/me03_05.txt#200#12,……本人？,……本人？,translated,白鹰,e7837bcfa6,br=0 nl=0,1,
inc/event/res/03/me03_05.txt#201#12,……本人。,……本人。,translated,妮伊,4124e75cd1,br=0 nl=0,1,
inc/event/res/03/me03_05.txt#202#12,う……,唔……,translated,白鹰,827f12b1a1,br=0 nl=0,1,
inc/event/res/03/me03_05.txt#203#12,うそおおぉぉぉッ！！？？,骗、骗人的吧啊啊！！？？,translated,白鹰,0ed714a22f,br=0 nl=0,1,
inc/event/res/03/me03_05.txt#204#12,"マジ！？　マジっスか！！？？
俺、本物のイオナサルさまの前にいる！？","真的！？真的假的啊！！？？
我居然站在货真价实的依欧娜萨鲁大人面前！？",translated,白鹰,1c59847e6f,br=0 nl=1,2,
inc/event/res/03/me03_05.txt#205#12,だからそーだって。,所以都说了是真的啦。,translated,妮伊,f3c1441966,br=0 nl=0,1,
inc/event/res/03/me03_05.txt#206#12,"ぬおおぉぉぉっ！
こんなことがあっていいのかッ！！","嗷嗷嗷哦哦！
这世上居然能有这等好事吗！！",translated,白鹰,6467cb0816,br=0 nl=1,2,
inc/event/res/03/me03_05.txt#207#12,"すすすみませんサイン下さい色紙と
フィギュアに、あと握手、右と左両方
もらっていいッスか、そんでそんで……！","对对对对不起请给我签名色纸和
手办上都要！还有握手、左右两只手
都能跟我握一下吗，还有还有……！",translated,白鹰,2a72c7d93f,br=0 nl=2,3,
inc/event/res/03/me03_05.txt#208#12,あーもう、営業モードおしまいっ！,啊――真是的，营业模式结束！,translated,妮伊,306b68f013,br=0 nl=0,1,
inc/event/res/03/me03_05.txt#210#12,"ちょっとアンタ、まずその溢れる欲望を
しまえっ！","我说你啊，先把那满脑子溢出来的欲望
给我收一收！",translated,妮伊,6a042a1b23,br=0 nl=1,2,
inc/event/res/03/me03_05.txt#211#12,"勝手に恥ずかしいフィギュアとか作って
飾って、何百人もの通行人にイオンの
胸もお尻もまる出しにしておいて！","擅自做那么羞耻的手办摆在店里，
让成百上千的路人把依恩的胸口和屁股
全都看了个精光！",translated,妮伊,a114b9a6ea,br=0 nl=2,3,
inc/event/res/03/me03_05.txt#212#12,うぅぅ、ネイちゃんやめて……。,呜呜呜，妮伊你别说了……,translated,依恩,dd8805a8a7,br=0 nl=0,1,
inc/event/res/03/me03_05.txt#213#12,"握手してくださいだとー！？
その前にまずイオンに金払えー！","居然还好意思求握手――！？
在那之前先给依恩交出场费啊――！",translated,妮伊,b547fa2fde,br=0 nl=1,2,
inc/event/res/03/me03_05.txt#215#12,"ぎゃああ！
俺のプリティベリーちゃんは
そんな言葉遣いしな……ッ！","呀啊啊！
我的靓丽浆果妹妹
才不会用这种粗暴语气说话……！",translated,白鹰,550c81e15c,br=0 nl=2,3,
inc/event/res/03/me03_05.txt#216#12,"やっかましぃ、現実を見ろぉ！
見たらとっとと天文に捕まって、
処刑されてしまえー！","吵死啦，给我看清现实！
看清了就麻溜地被天文逮去枪毙示众吧！",translated,妮伊,c19d8cef59,br=0 nl=2,3,
inc/event/res/03/me03_05.txt#217#12,"ごごごめんなさいごめんなさい、
頼む許してマジ反省、死にたくないー！","对对不起对不起！
求求你饶了我吧我真反省了，我还不想死啊！",translated,白鹰,01613c5558,br=0 nl=1,2,
inc/event/res/03/me03_05.txt#218#12,はぁはぁ……。,呼……哈……,translated,妮伊,f8c1c3627c,br=0 nl=0,1,
inc/event/res/03/me03_05.txt#219#12,ネ、イちゃん……。,妮、妮伊……,translated,依恩,03063697c3,br=0 nl=0,1,
inc/event/res/03/me03_05.txt#220#12,"お、お、落ち着いてくれッて！
つか、俺の方がいろいろ衝撃的すぎて、
脳みそがついていかねー……。","冷、冷、冷静点啊！
话说回来，明明是我受到的冲击更大，
脑子都快转不过来了……",translated,白鹰,fae27fca09,br=0 nl=2,3,
inc/event/res/03/me03_05.txt#221#12,"もーいいわ！
あたしたち、もう行くから！","行了够了！
我们这就走了！",translated,妮伊,94dc7cde6d,br=0 nl=1,2,
inc/event/res/03/me03_05.txt#222#12,"あんたはそのいやらしいフィギュア、
片付けときなさいよねッ！
あと死ね。","你给我麻利地把那个下流手办收起来！
还有，去死吧。",translated,妮伊,53b71c50a3,br=0 nl=2,3,
inc/event/res/03/me03_05.txt#224#12,"ああっ、ちょっと待ってくれ！
こ、これだけは言わせてくれ！","啊啊，等等！稍微等等！
只、至少让我把这句话说完！",translated,白鹰,bfc16eaccd,br=0 nl=1,2,
inc/event/res/03/me03_05.txt#225#12,何？　遺言？,干嘛？遗言吗？,translated,妮伊,87fac658f4,br=0 nl=0,1,
inc/event/res/03/me03_05.txt#226#12,そ、そうじゃなくッて……。,才、才不是啦……,translated,白鹰,ba27f4f0e9,br=0 nl=0,1,
inc/event/res/03/me03_05.txt#230#12,イオナサルさま。,依欧娜萨鲁大人。,translated,白鹰,d131a03801,br=0 nl=0,1,
inc/event/res/03/me03_05.txt#232#12,……は、はい……。,……在、在……,translated,依恩,f003706cb7,br=0 nl=0,1,
inc/event/res/03/me03_05.txt#233#12,"俺、イオナサルさまのこと
応援してるんスよ、ホントに！！","我啊，是真的打心底里
在支持着依欧娜萨鲁大人的啊！！",translated,白鹰,ec97e2971f,br=0 nl=1,2,
inc/event/res/03/me03_05.txt#234#12,"理由は、……言っても笑われるだけだから
言わないけど、でもホントなんス！","虽然理由……说出来肯定会被嘲笑
所以我不说，但这绝对是真心话！",translated,白鹰,6d6eac71a8,br=0 nl=1,2,
inc/event/res/03/me03_05.txt#235#12,"誰が何と言おうと、俺はイオナサルさまの
味方ッス！！","不管别人怎么说，
我都坚定不移地站在依欧娜萨鲁大人这边！！",translated,白鹰,086b08dd0b,br=0 nl=1,2,
inc/event/res/03/me03_05.txt#237#12,……ッ。,……！,translated,依恩,0421e6221d,br=0 nl=0,1,
inc/event/res/03/me03_05.txt#238#12,"ふン、どーせイオンのルックスが
好みだからとか……。","哼，反正也就是觉得
依恩的长相正合你胃口吧……",translated,妮伊,ade50914db,br=0 nl=1,2,
inc/event/res/03/me03_05.txt#239#12,"ち、違うッスよ！
俺、本当に真剣に、イオナサルさまに
皇帝になって欲しいんス！","才、才不是呢！
我是真真正正、严肃认真地
希望依欧娜萨鲁大人能当上皇帝啊！",translated,白鹰,44c918f53c,br=0 nl=2,3,
inc/event/res/03/me03_05.txt#240#12,"でなくちゃ、こんなフィギュアを
７徹とかして作ンないッス！","要不然的话，我怎么可能
连续熬夜整整七天去做这个手办啊！",translated,白鹰,ca63646d7a,br=0 nl=1,2,
inc/event/res/03/me03_05.txt#241#12,だから、頑張ってください！　ホントに！！,所以，请您一定要加油！真的！！,translated,白鹰,5e376de2b0,br=0 nl=0,1,
inc/event/res/03/me03_05.txt#242#12,ぅ……その……。,呜……那个……,translated,依恩,91944a7bf5,br=0 nl=0,1,
inc/event/res/03/me03_05.txt#243#12,あ、ありがとうございます……。,非、非常感谢你……,translated,依恩,f34e1e6417,br=0 nl=0,1,
inc/event/res/03/me03_05.txt#244#12,……ふン。,……哼。,translated,妮伊,4151e99252,br=0 nl=0,1,
inc/event/res/03/me03_05.txt#245#12,"イオナサルさまもこーおっしゃってるから、
今回は特別に許してあげるわ。","既然依欧娜萨鲁大人都这么说了，
这次就特例饶了你吧。",translated,妮伊,5d52d3c7e2,br=0 nl=1,2,
inc/event/res/03/me03_05.txt#246#12,"あ、ありがたき幸せッス！！
本人をモデルに、
次はもっといいフィギュアを……。","感、感激不尽万分荣幸！！
以本人为模特，
下次我一定会做出更棒的手办……",translated,白鹰,87431c1a56,br=0 nl=2,3,
inc/event/res/03/me03_05.txt#247#12,だ、だめですっ！！,不、不可以做！！,translated,依恩,55e320b2f4,br=0 nl=0,1,
inc/event/res/03/me03_05.txt#248#12,脳みそ落としたのか、このバカ鷹っ！,你脑子让狗吃了吗，你这只笨鹰！,translated,妮伊,71e7629664,br=0 nl=0,1,
inc/event/res/03/me03_05.txt#249#12,す、すんませんス……。,对、对不起啦……,translated,白鹰,8530506af0,br=0 nl=0,1,
inc/event/res/03/me03_05.txt#250#12,イオン、行こっ。,依恩，我们走。,translated,妮伊,90dbbf8bf7,br=0 nl=0,1,
inc/event/res/03/me03_05.txt#251#12,う、うん……。,嗯、嗯……,translated,依恩,a4e06d2109,br=0 nl=0,1,
inc/event/res/03/me03_05.txt#259#12,……こ、皇女さま……。,……皇、皇女大人……,translated,白鹰,02ca421842,br=0 nl=0,1,
inc/event/res/03/me03_05.txt#260#12,"イオナサルさまと俺、
いま、しゃべって……。","依欧娜萨鲁大人竟然跟我……
刚才真的在说话……",translated,白鹰,2bf7436f5a,br=0 nl=1,2,
inc/event/res/03/me03_05.txt#261#12,"はっ！
そうだ、あいつに！","哈！
对了，得告诉那家伙！",translated,白鹰,ae4e79d390,br=0 nl=1,2,
inc/event/res/03/me03_05.txt#265#12,"……よし。
おーいノエル！！
起きてるか！？","……好嘞。
喂――诺艾尔！！
醒着没有啊！？",translated,白鹰,ba2d445ce4,br=0 nl=2,3,
inc/event/res/03/me03_05.txt#266#12,……なんだ。こんな時間に。,……搞什么。这么晚了。,translated,诺艾尔,bef32d1714,br=0 nl=0,1,
inc/event/res/03/me03_05.txt#267#12,いいかよく聞け、聞いたら驚け！？,你听好了，听完可别吓破胆哦！？,translated,白鹰,a23c0ea3f7,br=0 nl=0,1,
inc/event/res/03/me03_05.txt#268#12,"俺、今日イオナサルさまと話した！
っていうか、いまのいままで、
俺の目の前にいた！！","我今天跟依欧娜萨鲁大人搭上话了！
不如说，直到刚才那一刻为止，
她人就在我眼皮子底下！！",translated,白鹰,6d842db3ac,br=0 nl=2,3,
inc/event/res/03/me03_05.txt#269#12,そ、それは本当！？　……か！？,那、那是真的吗！？……喂！？,translated,诺艾尔,f71392fd41,br=0 nl=0,1,
inc/event/res/03/me03_05.txt#281#12,"はあぁ……。
白鷹があんな下半身直結野郎だったとはね。","哈啊……
没想到白鹰居然是个下半身思考的蠢货。",translated,妮伊,3a52debe2b,br=0 nl=1,2,
inc/event/res/03/me03_05.txt#282#12,"あたしの追っかけの中では
マシなほうだと思ってたのに……。","在我的那些狂热粉丝里，
原本还以为他算比较正常的那一类呢……",translated,妮伊,c061f005ad,br=0 nl=1,2,
inc/event/res/03/me03_05.txt#285#12,"イオン。
どうかした？","依恩。
怎么了？",translated,妮伊,c1dea50129,br=0 nl=1,2,
inc/event/res/03/me03_05.txt#286#12,"あのやらしいフィギュア、
そんなにショックだった？","看到那个下流手办，
受到的打击就那么大吗？",translated,妮伊,5831b15ca8,br=0 nl=1,2,
inc/event/res/03/me03_05.txt#288#12,うぅん、違うのっ……。,唔嗯，不是那样的……,translated,依恩,d425ae021b,br=0 nl=0,1,
inc/event/res/03/me03_05.txt#289#12,じゃあ……。,那是……？,translated,妮伊,d59adadc53,br=0 nl=0,1,
inc/event/res/03/me03_05.txt#290#12,"ねぇ、ネイちゃん。
わたしも、その……。","呐，妮伊。
我也……那个……",translated,依恩,56b9abae4f,br=0 nl=1,2,
inc/event/res/03/me03_05.txt#291#12,"ネイちゃんみたいに、
ステージで踊ったり……できるかな。","能像妮伊那样，
站在舞台上跳舞……吗？",translated,依恩,a466b5b37f,br=0 nl=1,2,
inc/event/res/03/me03_05.txt#292#12,"えぇっ！？
ど、どうしたの急に！？","诶诶！？
怎、怎么突然说起这个！？",translated,妮伊,401d27447e,br=0 nl=1,2,
inc/event/res/03/me03_05.txt#293#12,"……あのね、今日……ね、
ネイちゃんの舞台を見て……
ホントにすごいって、思ったの。","……那个，今天呢，
看了妮伊的舞台之后……
我真的觉得，太厉害了。",translated,依恩,e75f3e76a5,br=0 nl=2,3,
inc/event/res/03/me03_05.txt#294#12,"踊りも素敵だったけど、
何より、あんなにたくさんの人を……
幸せな気持ちにしてる。","舞蹈虽然也非常迷人，
但最重要的是，让那么多人……
全都感受到了幸福与快乐。",translated,依恩,edefc69d50,br=0 nl=2,3,
inc/event/res/03/me03_05.txt#296#12,"ネイちゃんは大勢を幸せにしてるのに、
わたしは……自分の思ってること、
全然、みんなに伝えられなくて……。","妮伊让那么多人获得了幸福，
可我……却连自己心里的想法，
都完全没办法好好传达给大家……",translated,依恩,4ef27d5b8f,br=0 nl=2,3,
inc/event/res/03/me03_05.txt#297#12,いつも失敗ばっかりして……。,平时也总是一直在搞砸……,translated,依恩,636c3c9126,br=0 nl=0,1,
inc/event/res/03/me03_05.txt#298#12,それを、そうじゃなくしたいの！,所以，我想改变这一切！,translated,依恩,5ca4baea8c,br=0 nl=0,1,
inc/event/res/03/me03_05.txt#299#12,"さっき白鷹さんが、わたしを応援してくれた。
すごく真剣に、そう言ってくれた。","刚才白鹰先生，为我加油打气了。
而且态度是那么认真、那么诚恳。",translated,依恩,2f389c5aad,br=0 nl=1,2,
inc/event/res/03/me03_05.txt#300#12,それで、思い出したの。,这让我，忽然想起来了。,translated,依恩,7c349ddbff,br=0 nl=0,1,
inc/event/res/03/me03_05.txt#301#12,"万寿沙羅で出会ったター坊や、
キャスちゃんや、プラムくん……。","在万寿沙罗遇到的阿达、
凯斯，还有布拉姆……",translated,依恩,04cfb2c277,br=0 nl=1,2,
inc/event/res/03/me03_05.txt#302#12,"ルウレイさんや、街の人たち……
みんなが、真剣にわたしを応援してくれてた、
ってこと。","鲁雷先生，还有小镇上的大家……
所有人，都曾那么认真地为我加油打气过。",translated,依恩,9c9eaed62d,br=0 nl=2,3,
inc/event/res/03/me03_05.txt#303#12,"わたしが皇帝になれるように、って
応援してくれてるみんなの想いに……
わたし、こたえたい。","为了让我能成为皇帝而加油的大家的期盼……
我，想要去回应他们。",translated,依恩,83d086a695,br=0 nl=2,3,
inc/event/res/03/me03_05.txt#304#12,ネイちゃんみたいに、とまでは無理でも……。,哪怕没办法做到像妮伊那么出色……,translated,依恩,7736038186,br=0 nl=0,1,
inc/event/res/03/me03_05.txt#305#12,"カノンさんに負けないくらい、
みんなの前でお話して、わたしの本当の
気持ちを伝えられるようになりたい。","我也希望能变得不输给卡诺小姐，
能够站在所有人面前好好说话，
将我真正的心意传达给大家。",translated,依恩,a94fc89b43,br=0 nl=2,3,
inc/event/res/03/me03_05.txt#306#12,だから……そ、の……。,所以……那、个……,translated,依恩,8825fc99c1,br=0 nl=0,1,
inc/event/res/03/me03_05.txt#308#12,"……そのためにステージで、
みんなの前で踊ってみたいって……？","……所以你才想登上舞台，
在大家的注视下尝试跳舞……？",translated,妮伊,ce2819bdf7,br=0 nl=1,2,
inc/event/res/03/me03_05.txt#309#12,う、うん……。,嗯、嗯……,translated,依恩,a4e06d2109,br=0 nl=0,1,
inc/event/res/03/me03_05.txt#313#12,"イオン、決心したんだね？
とうとう本気出そうってしてるんだよね！？","依恩，你下定决心了对吧？
你终于打算拿出真本事了对吧！？",translated,妮伊,84992eccfd,br=0 nl=1,2,
inc/event/res/03/me03_05.txt#314#12,う、うん……！,嗯、嗯……！,translated,依恩,c2e2f05814,br=0 nl=0,1,
inc/event/res/03/me03_05.txt#315#12,"やったああぁぁぁ！！
よく言った、イオン！！","太好啦啊啊啊！！
说得太好啦，依恩！！",translated,妮伊,1c4245991c,br=0 nl=1,2,
inc/event/res/03/me03_05.txt#316#12,"ついにやる気になったのね！
ここへ連れてきたの、無駄じゃなかったー！","你终于拿出干劲了呢！
带你来这里果然没有白费功夫――！",translated,妮伊,de66357514,br=0 nl=1,2,
inc/event/res/03/me03_05.txt#317#12,"もちろんできる！　できるわよ！！
踊りなんて練習すれば誰でも上手く
なるんだから！","当然能行！肯定没问题的啦！！
跳舞这种事只要多加练习
任谁都能跳得有模有样的！",translated,妮伊,dec9c86a11,br=0 nl=2,3,
inc/event/res/03/me03_05.txt#318#12,"イオンはそこそこ可愛いんだから、
踊りさえ見られるものにすれば
ゼッッタイだいじょうぶ！！","依恩本来长得就很可爱嘛，
只要把舞蹈练到拿得出手，
绝――对没问题的！！",translated,妮伊,034583ac39,br=0 nl=2,3,
inc/event/res/03/me03_05.txt#319#12,う、うん、ありがとう！,嗯、嗯，谢谢你！,translated,依恩,80c7700327,br=0 nl=0,1,
inc/event/res/03/me03_05.txt#320#12,よーしよしよし！　いいぞぉ！？,好――好好好！太棒啦！？,translated,妮伊,607ebcaa0c,br=0 nl=0,1,
inc/event/res/03/me03_05.txt#321#12,"そーだイオン！
どうせならフェスティバルに出ようよ！","对啦依恩！
既然要干，不如干脆去参加那个节日吧！",translated,妮伊,d14a74f397,br=0 nl=1,2,
inc/event/res/03/me03_05.txt#322#12,フェスティバル……？,节日……？,translated,依恩,3231d00b2f,br=0 nl=0,1,
inc/event/res/03/me03_05.txt#323#12,"うん！
さっきのお祭りの１００倍くらい
ド派手なフェスティバルがもうすぐあるの！","嗯！
比刚才的祭典还要隆重一百倍的
超级盛大节日马上就要到了！",translated,妮伊,36bd67d6fa,br=0 nl=2,3,
inc/event/res/03/me03_05.txt#324#12,"『ラシェーラ・スターライト』よ！
そのクライマックスにコンテストがある！
それに出よう！！","就是‘拉榭拉星光’哦！
在节日的最高潮会举办选拔大赛！
我们就去参加那个吧！！",translated,妮伊,10e7639451,br=0 nl=2,3,
inc/event/res/03/me03_05.txt#325#12,ええぇぇっ！？,诶诶诶诶！？,translated,依恩,8980eb8d42,br=0 nl=0,1,
inc/event/res/03/me03_05.txt#326#12,そ、そんな、急に無理だよ……。,怎、怎么这样，太突然了肯定不行啦……,translated,依恩,8702b71827,br=0 nl=0,1,
inc/event/res/03/me03_05.txt#327#12,"何言ってンの！
あのステージでやるのは一緒なんだから、
同じ同じ！","你在说什么傻话呢！
反正都是要在那个舞台上演出的，
性质完全一样啦！",translated,妮伊,a1668694ec,br=0 nl=2,3,
inc/event/res/03/me03_05.txt#328#12,"それに優勝したら、{コロン・フォーシーズン}
７日間の旅がペアでもらえるって！","而且要是拿到冠军的话，
还能获得‘{克隆四季}’的
双人７日游大奖呢！",translated,妮伊,227d055148,br=1 nl=1,2,keep-terms {コロン・フォーシーズン}
inc/event/res/03/me03_05.txt#328#14,ラシェーラの太陽・ベゼルが赤色巨星になった中で、<CR>唯一、四季が存在するコロン。<CR>コロン全体が緑で覆われており、気候コントローラによって湿度と気温を操作し、春夏秋冬を再現している。<CR>四季に彩られた美しいコロンだが、居住審査はもちろん入場審査もかなり厳しく設置されている。<CR>多額のお金は当然ながら必要だが、それ以外も経歴や<CR>近親縁者まで含む前科など厳しい基準が存在する。<CR>それ故に、コロン・フォーシーズンは超上流階級コロンとして知られており、滅多なことでは入ることすら出来ない。人口も５万人規模のコロンであるにも関わらず、１００～２００人程度とかなり少ない。,在拉榭拉的太阳贝泽尔化为红巨星的环境中，<CR>唯一存在四季轮转的克隆。<CR>整个克隆被绿植所覆盖，通过气候控制器调节湿度和气温，重现了春夏秋冬的景象。<CR>虽然是被四季色彩装点得极其美丽的克隆，但不仅是居住审查，连入场审查都设置得异常严苛。<CR>除了必须具备巨额财富之外，还存在着包括前科以及殃及近亲在内的严苛考核标准。<CR>因此，克隆四季作为超上流阶层的克隆而闻名遐迩，寻常人等甚至连踏入其中都根本不可能。虽然是拥有5万人容纳规模的克隆，但人口却相当稀少，仅有100至200人左右。,translated,妮伊,888763bb80,<CR> <CR> <CR> <CR> <CR> <CR> br=0 nl=0,1,keep-tags <CR>; src-longest-line=295
inc/event/res/03/me03_05.txt#329#12,"ね？
チャレンジしてみよっ？","对吧？
要不要去挑战一把试试？",translated,妮伊,f1d68857df,br=0 nl=1,2,
inc/event/res/03/me03_05.txt#330#12,う、……うん。,唔、……嗯。,translated,依恩,d5a5441910,br=0 nl=0,1,
inc/event/res/03/me03_05.txt#331#12,"よーし！
そうと決まったら、明日から特訓よ！","好嘞！
既然决定了，明天开始特训！",translated,妮伊,32843112db,br=0 nl=1,2,
inc/event/res/03/me03_05.txt#333#12,"……うん。
わたし、がんばるね！","……嗯。
我会努力加油的！",translated,依恩,b46a731ea9,br=0 nl=1,2,
inc/event/res/03/me03_06.txt#24#12,練習場所って、ここ……？,练习的地方，是这里……？,translated,依恩,0de83d045b,br=0 nl=0,1,
inc/event/res/03/me03_06.txt#25#12,"本番と同じステージだよね？
ほんとに使わせてもらっていいの……？","这是正式演出的那个舞台对吧？
真的可以让我们随便用吗……？",translated,依恩,7cff8ed91f,br=0 nl=1,2,
inc/event/res/03/me03_06.txt#26#12,"いーのいーの！　
あたしがステージやるたびに
ここのオーナーは大もうけしてるの。","没关系没关系！
我每次登台表演，
这里的老板都能大赚一笔呢。",translated,妮伊,a99c320646,br=0 nl=2,3,
inc/event/res/03/me03_06.txt#27#12,"だから、空いてる時間はこころよく
貸してもらえるわけ♪","所以空闲的时间，
他都是非常乐意借给我的啦♪",translated,妮伊,cabc6fc8c3,br=0 nl=1,2,
inc/event/res/03/me03_06.txt#28#12,"そうなんだ……やっぱりすごいね、
ネイちゃん！",原来是这样……妮伊果然好厉害呀！,translated,依恩,020f53427b,br=0 nl=1,2,
inc/event/res/03/me03_06.txt#29#12,"さっ、本番と同じステージ使って、
とことん練習～♪","好啦，既然用的是正式演出的舞台，
那就彻底练个痛快吧～♪",translated,妮伊,bcc9b4221d,br=0 nl=1,2,
inc/event/res/03/me03_06.txt#30#12,は、はいっ。,好、好的！,translated,依恩,2184993ae4,br=0 nl=0,1,
inc/event/res/03/me03_06.txt#31#12,じゃっ、着替えて♪,那么，去换衣服吧♪,translated,妮伊,df0b7df72b,br=0 nl=0,1,
inc/event/res/03/me03_06.txt#32#12,え……？,诶……？,translated,依恩,7c87e3e5ee,br=0 nl=0,1,
inc/event/res/03/me03_06.txt#45#12,な、なんだか恥ずかしいよ、この衣装……。,总、总觉得这身服装好羞耻哦……,translated,依恩,22fcfda5f3,br=0 nl=0,1,
inc/event/res/03/me03_06.txt#48#12,"あー、わかるわかる。
あたしも最初は抵抗あったわー。
でもすぐ慣れるから大丈夫！","啊～懂的懂的。
我最初也是挺抗拒的啦。
不过很快就会习惯的，放心吧！",translated,妮伊,7ecc396e96,br=0 nl=2,3,
inc/event/res/03/me03_06.txt#49#12,れ、練習は普通の服でもいいような……。,练、练习的话穿平时的衣服好像也可以……,translated,依恩,dc73a53178,br=0 nl=0,1,
inc/event/res/03/me03_06.txt#50#12,"何言ってンの、時間ないんだから！
これで慣れといたほうがいいの！","你说什么傻话呢，时间可是很紧迫的！
提前习惯这种穿着才是最好的！",translated,妮伊,f8f726804d,br=0 nl=1,2,
inc/event/res/03/me03_06.txt#51#12,"歌はまぁ、噂のビッグフラワーの時と
おんなじように本気で謳えばいいとして。","唱歌方面嘛，拿出传闻中大花朵那时
同等的干劲放声高歌就行了。",translated,妮伊,846be120e1,br=0 nl=1,2,
inc/event/res/03/me03_06.txt#52#12,"あとは踊りよ！
謳って踊れる皇帝候補……
うわ、これ人気出るわー。","剩下的就是舞蹈啦！
能唱能跳的皇帝候选人……
哇，这绝对会人气爆炸的～",translated,妮伊,a47adb1485,br=0 nl=2,3,
inc/event/res/03/me03_06.txt#53#12,そ、かな……。,会、会吗……,translated,依恩,0a36330ad6,br=0 nl=0,1,
inc/event/res/03/me03_06.txt#54#12,出る出る！　カノンなんてメじゃないって！,绝对会！卡诺那帮人根本不算什么啦！,translated,妮伊,378d1bd287,br=0 nl=0,1,
inc/event/res/03/me03_06.txt#55#12,さぁ、特訓開始よ！,好，特训正式开始！,translated,妮伊,427507ece3,br=0 nl=0,1,
inc/event/res/03/me03_06.txt#56#12,はっ、はい！,好、好的！,translated,依恩,f984ec31cd,br=0 nl=0,1,
inc/event/res/03/me03_06.txt#57#12,"まずはお手本見せるから、
よく見て覚えて？","我先给你做个示范，
你仔细看好记牢哦？",translated,妮伊,27bdb580de,br=0 nl=1,2,
inc/event/res/03/me03_06.txt#63#12,ふ、わぁぁ……。,哇、哇啊啊……,translated,依恩,0dbcc1294e,br=0 nl=0,1,
inc/event/res/03/me03_06.txt#64#12,すぐそばで見ると、ほんとに……綺麗。,近距离看的话，真的……好美啊。,translated,依恩,602e901e3e,br=0 nl=0,1,
inc/event/res/03/me03_06.txt#66#12,"……ふぅ。
基本の動きはこんな感じ。わかった？","……呼。
基本动作大概就是这种感觉。明白了吗？",translated,妮伊,6647e4d876,br=0 nl=1,2,
inc/event/res/03/me03_06.txt#67#12,ふわぁ……。,哇啊……,translated,依恩,99da305ad0,br=0 nl=0,1,
inc/event/res/03/me03_06.txt#68#12,イオンっ？,依恩？,translated,妮伊,9a97d2fbc2,br=0 nl=0,1,
inc/event/res/03/me03_06.txt#69#12,はは、はい！,在在、在！,translated,依恩,e2bcce76cb,br=0 nl=0,1,
inc/event/res/03/me03_06.txt#70#12,"口開けてるばっかじゃ覚えられないよ？
さ、いまのを同じようにやってみて？","光张着嘴发呆可学不会哦？
来，照着刚才的动作做一遍试试？",translated,妮伊,5a66eea014,br=0 nl=1,2,
inc/event/res/03/me03_06.txt#71#12,う、うん……。,嗯、嗯……,translated,依恩,a4e06d2109,br=0 nl=0,1,
inc/event/res/03/me03_06.txt#77#12,きゃっ！,呀啊！,translated,依恩,ddbee1e891,br=0 nl=0,1,
inc/event/res/03/me03_06.txt#81#12,うぅぅ……痛い。,呜呜……好疼。,translated,依恩,7ddc748731,br=0 nl=0,1,
inc/event/res/03/me03_06.txt#82#12,"なにやってんの！
最初は足を交互にステップするだけでしょ？","你在干嘛呀！
一开始只要双脚交替踏步就行了吧？",translated,妮伊,d58481526f,br=0 nl=1,2,
inc/event/res/03/me03_06.txt#83#12,"右足出して、引っ込めて、左足出す！
簡単でしょうに！","出右脚、收回来、出左脚！
明明很简单的好嘛！",translated,妮伊,8febb42bc1,br=0 nl=1,2,
inc/event/res/03/me03_06.txt#84#12,"だ、だって……、
左足出すとき、右足引っ込めるのが
間に合わない……。","可、可是……
出左脚的时候，右脚总是来不及收回来嘛……",translated,依恩,d3c521a90a,br=0 nl=2,3,
inc/event/res/03/me03_06.txt#85#12,そりゃ転ぶわ……。,那当然会摔倒啦……,translated,妮伊,bf42881257,br=0 nl=0,1,
inc/event/res/03/me03_06.txt#86#12,ごめんなさい……。,对不起……,translated,依恩,6d9e197c39,br=0 nl=0,1,
inc/event/res/03/me03_06.txt#87#12,"わかった。
一緒にやろう、いい？","行吧。
我们一起做，听好咯？",translated,妮伊,e26df3b45b,br=0 nl=1,2,
inc/event/res/03/me03_06.txt#88#12,う、うん。,嗯、嗯。,translated,依恩,5e5aab8543,br=0 nl=0,1,
inc/event/res/03/me03_06.txt#90#12,右足、左足、みーぎ、ひだり……。,右脚、左脚、右～边、左～边……,translated,妮伊,1b6159fd50,br=0 nl=0,1,
inc/event/res/03/me03_06.txt#92#12,"みーぎ、ひだり……、
はいじゃあ上半身もつけるよ？
腕を～？","右～边、左～边……
好，接下来加上半身的动作哦？
手臂向～？",translated,妮伊,4b01f531ac,br=0 nl=2,3,
inc/event/res/03/me03_06.txt#93#12,上！　上！　下！　下！,上！上！下！下！,translated,妮伊,b3c7a87eae,br=0 nl=0,1,
inc/event/res/03/me03_06.txt#96#12,上、上、下、下……。,上、上、下、下……,translated,依恩,6f0f684f5f,br=0 nl=0,1,
inc/event/res/03/me03_06.txt#97#12,左！　右！　左！　右！,左！右！左！右！,translated,妮伊,267b73a7bb,br=0 nl=0,1,
inc/event/res/03/me03_06.txt#98#12,左、右、左、右……。,左、右、左、右……,translated,依恩,e7777a4848,br=0 nl=0,1,
inc/event/res/03/me03_06.txt#99#12,右足左足、交互に出す!,右脚左脚，交替迈步！,translated,妮伊,09c9d83bc2,br=0 nl=0,1,
inc/event/res/03/me03_06.txt#100#12,右下左足、交互に上……。,右下左脚，交替向上……,translated,依恩,03cac07e76,br=0 nl=0,1,
inc/event/res/03/me03_06.txt#106#12,"ひゃう！
……いたたた……。","呀呜！
……好痛痛痛……",translated,依恩,8d11674b2f,br=0 nl=1,2,
inc/event/res/03/me03_06.txt#107#12,あちゃあ……。,哎呀呀……,translated,妮伊,efc3951500,br=0 nl=0,1,
inc/event/res/03/me03_06.txt#120#12,はぁ……はぁ……。,哈啊……哈啊……,translated,依恩,f4425f636a,br=0 nl=0,1,
inc/event/res/03/me03_06.txt#121#12,もぅ……ダメ……。,已经……不行了……,translated,依恩,80b73ca58d,br=0 nl=0,1,
inc/event/res/03/me03_06.txt#123#12,はぁ……はぁ……はぁ……。,呼……哈……哈……,translated,依恩,83eb647648,br=0 nl=0,1,
inc/event/res/03/me03_06.txt#124#12,"うぅん……これほどダメだとは
思わなかった……。",唔嗯……真没想到你能笨拙到这种地步……,translated,妮伊,686fd16998,br=0 nl=1,2,
inc/event/res/03/me03_06.txt#125#12,ごめんなさい……。,对不起……,translated,依恩,6d9e197c39,br=0 nl=0,1,
inc/event/res/03/me03_06.txt#127#12,"これマズいって……歌が良くても、
この踊りだとステージがもたないよ。","这下可不妙了……就算歌唱得再好，
凭这舞步根本没法在舞台上撑场子啊。",translated,妮伊,724e14161e,br=0 nl=1,2,
inc/event/res/03/me03_06.txt#128#12,うぅ……。,呜呜……,translated,依恩,7e9d35f0a5,br=0 nl=0,1,
inc/event/res/03/me03_06.txt#129#12,う～ん……。,唔～嗯……,translated,妮伊,31ba2d44c8,br=0 nl=0,1,
inc/event/res/03/me03_06.txt#130#12,！　そうだ！！,！对了！！,translated,妮伊,978a582052,br=0 nl=0,1,
inc/event/res/03/me03_06.txt#134#12,"踊りでステージが持たないんなら、
演出でなんとかすればいーのか！","既然靠舞蹈撑不住舞台，
用舞台效果来补救不就行了吗！",translated,妮伊,76a6efb12d,br=0 nl=1,2,
inc/event/res/03/me03_06.txt#135#12,そっ、それだと踊りはヘタでもいいの……？,那、那样的话舞蹈跳得烂也可以吗……？,translated,依恩,cbbd4d3c18,br=0 nl=0,1,
inc/event/res/03/me03_06.txt#136#12,ダーメ！　そういうことじゃないの！！,不――行！根本不是这个意思好嘛！！,translated,妮伊,923096d379,br=0 nl=0,1,
inc/event/res/03/me03_06.txt#137#12,"あたしが言ってるのは、ステージの
照明とか煙とか音響とか、そういう演出を
{シェルノトロン}で制御したら、ってこと！","我指的是，用{榭鲁诺特伦}来控制
舞台的灯光、烟雾、音响这些舞台效果啦！",translated,妮伊,cf242f6ebd,br=1 nl=2,3,keep-terms {シェルノトロン}
inc/event/res/03/me03_06.txt#137#14,シェルノトロンとは人工的に作られたジェノムのことである。すなわち、人工的に創られた詩魔法生成機とも言える。シェルノトロンは、その心臓部である「シェルノサージュ管」と、実効果を生み出す「クレイドル」に<CR>よって構成されている。<CR><CR>シェルノサージュ管は殆どの場合、地球でいうところの「真空管」のような形をしており、中には鈍く光るフィラメントのような極板が存在する。そこに宿っている光は、歪力から抽出されたエネルギーTz波である。,榭鲁诺特伦是指人工制造的杰诺姆。换言之，亦可称作人工制造的诗魔法生成机。榭鲁诺特伦由其核心部分的“Ciel nosurge管”以及产生实际效能的“支架”<CR>所构成。<CR><CR>Ciel nosurge管在绝大多数情况下形似地球上所说的“真空管”，内部存在微微发光的宛如灯丝般的极板。栖宿于其中的光芒，正是从应变力中提取的能量Tz波。,translated,妮伊,ba30a6f58e,<CR> <CR> <CR> br=0 nl=0,1,keep-tags <CR>; src-longest-line=220
inc/event/res/03/me03_06.txt#138#12,シェルノトロンで……？,用榭鲁诺特伦……？,translated,依恩,92c0c3a7f4,br=0 nl=0,1,
inc/event/res/03/me03_06.txt#139#12,"そうそう。ここの機械もウェーブで
動いてるのは変わらないんだから。","没错没错。反正这里的机械也一样
是用波动驱动的嘛。",translated,妮伊,1f415537b4,br=0 nl=1,2,
inc/event/res/03/me03_06.txt#140#12,"シェルノトロンじゃなきゃいけないの？
テレくんじゃ、ダメ……？","必须要用榭鲁诺特伦吗？
小泰雷不行吗……？",translated,依恩,58287533ee,br=0 nl=1,2,
inc/event/res/03/me03_06.txt#141#12,"何言ってンの！
{TxBIOS}使わなきゃコントロールなんて
できないの！","你在说什么傻话呀！
必须用{TxBIOS}才能进行控制啊！",translated,妮伊,f65d6ff0b7,br=1 nl=2,3,keep-terms {TxBIOS}
inc/event/res/03/me03_06.txt#141#14,TxBIOSとは、ジェノムには存在しないシェルノトロン独自の能力であり、シェルノトロンに搭載されているOS、REON-4213が管理する、利用者への天文の公共サービスである。<CR>シェルノトロンのスペック（ＤＮＡ鎖数）によって利用できるランクが決まっており、天文のインフラを使うことが出来る。つまり、普通に生活する上では知り得ない情報なども必要に応じて公共施設からデータ取得することが可能なサービスである。<CR>通常、詩魔法は自分の知識や経験からしか紡ぐことができないが、TxBIOSを利用することで、そのバリエーションは飛脚的に拡大する。しかし、利用には免許とお金、レベルに対応する鎖数のシェルノトロンが必要。,TxBIOS是杰诺姆所不具备的榭鲁诺特伦独特功能，是由榭鲁诺特伦所搭载的OS――REON-4213所管理的、天文向使用者提供的公共服务。<CR>能够使用的等级取决于榭鲁诺特伦的性能规格（DNA链数），可借此调用天文的基础设施。换言之，这是一项可根据需要在普通生活中无法得知的公共设施中获取数据的服务。<CR>通常情况下，诗魔法只能凭借自身的知识和经验来编织，但通过使用TxBIOS，其表现形式将呈飞跃式扩大。然而使用该功能需要许可证与金钱，以及具备与等级对应链数的榭鲁诺特伦。,translated,妮伊,23da8b8538,<CR> <CR> br=0 nl=0,1,keep-tags <CR>; src-longest-line=308
inc/event/res/03/me03_06.txt#143#12,"あーーもう、ホンットに何にも
知らないんだからぁ！","啊――真是的，你怎么真的什么常识
都一窍不通啦！",translated,妮伊,8ffa5d4b63,br=0 nl=1,2,
inc/event/res/03/me03_06.txt#144#12,"TxBIOSってのは、シェルノトロンを介して
外部のメカとかシステムを心で制御するための
プログラム！","所谓TxBIOS，就是通过榭鲁诺特伦
用心灵去控制外部机械或系统的程序！",translated,妮伊,0b3fae4c99,br=0 nl=2,3,
inc/event/res/03/me03_06.txt#145#12,そ、そうなんだ……。,是、这样啊……,translated,依恩,469f06fa09,br=0 nl=0,1,
inc/event/res/03/me03_06.txt#146#12,"舞台演出にイオンの想いを直接反映させれば、
かぁなりイカしたステージになるはず！","只要把依恩的意念直接反映到舞台效果上，
绝对会成为超酷炫的舞台的！",translated,妮伊,3aa1b43593,br=0 nl=1,2,
inc/event/res/03/me03_06.txt#147#12,"わたしの、想いを……。
それって、どうすればいいの？","我的、意念……
那具体该怎么做才好呢？",translated,依恩,330093f631,br=0 nl=1,2,
inc/event/res/03/me03_06.txt#148#12,"TxBIOSを使うには、{バイオス屋}から
サインアップするんだけど……。","要使用TxBIOS的话，
得先去{BIOS屋}登记注册……",translated,妮伊,7133e97579,br=1 nl=1,2,keep-terms {バイオス屋}
inc/event/res/03/me03_06.txt#148#14,その名の通り、シェルノトロンの大きな特徴である<CR>TxBIOSを使用するためのお店である。<CR>TxBIOSは外部の公共サービスと接続するために、<CR>通信速度やセキュリティの観点からバイオス屋という<CR>仲介サービスを通して利用されることが多い。<CR>もちろん、シェルノトロン単体でもTxBIOSの利用は可能だが、その場合、アクセス可能な公共サービスのレベルはかなり限定されてしまうため、詩魔法を紡ぐ際にはバイオス屋を利用するのが一般的である。<CR>ただし、バイオス屋ごとにも利用可能な公共サービスのレベルが設定されているため、必ずしも全てのサービスを受けることが出来るわけではない。,顾名思义，这是为了使用作为榭鲁诺特伦重大特征的<CR>TxBIOS而设立的店铺。<CR>由于TxBIOS需要与外部的公共服务相连接，<CR>出于通信速度以及安全层面的考虑，<CR>大多会通过名为BIOS屋的中介服务来进行使用。<CR>当然，仅凭榭鲁诺特伦本体也是可以使用TxBIOS的，但那种情况下可访问的公共服务等级会受到极大限制，因此在编织诗魔法时通常都会利用BIOS屋。<CR>不过，各家BIOS屋所能利用的公共服务等级也各有设定，并非在任何一家都能享受全部服务。,translated,妮伊,0a5989c125,<CR> <CR> <CR> <CR> <CR> <CR> br=0 nl=0,1,keep-tags <CR>; src-longest-line=300
inc/event/res/03/me03_06.txt#149#12,バイオス屋さん、って……あ！,BIOS屋……啊！,translated,依恩,e1c4c45b8f,br=0 nl=0,1,
inc/event/res/03/me03_06.txt#150#12,あ！,啊！,translated,妮伊,f35075e63f,br=0 nl=0,1,
inc/event/res/03/me03_06.txt#151#12,白鷹さん！,白鹰先生！,translated,依恩,e8dbc58f16,br=0 nl=0,1,
inc/event/res/03/me03_06.txt#152#12,白鷹！！,白鹰！！,translated,妮伊,7bfb7ada59,br=0 nl=0,1,
inc/event/res/03/me03_07.txt#16#12,（遅いですね、あのふたりは……）,（那两个人，怎么这么慢……）,translated,卡诺,0325214c3a,br=0 nl=0,1,
inc/event/res/03/me03_07.txt#17#12,"（次の便のチケットを取りにいくだけだと
　いうのに、何をしているのか……）","（明明只是去取下一班列车的车票，
　到底在磨蹭什么……）",translated,卡诺,0835a721b2,br=0 nl=1,2,
inc/event/res/03/me03_07.txt#18#12,"（クーリンもパラライノも、区長としての
　仕事を放ってこんなところに滞在していて
　大丈夫なのかしら……）","（不论库琳还是帕拉莱诺，把区长的工作
　搁在一旁滞留在此处，真的没问题吗……）",translated,卡诺,86aac9c765,br=0 nl=2,3,
inc/event/res/03/me03_07.txt#19#12,"（さすがにこの先も着いて来る事は無い
　でしょうけれど……）",（虽然想必之后他们也不至于再跟下去……）,translated,卡诺,c5b261c0ca,br=0 nl=1,2,
inc/event/res/03/me03_07.txt#20#12,（……それにしても、昨日の夜は油断しました）,（……话又说回来，昨晚真是大意了）,translated,卡诺,24e63e6a11,br=0 nl=0,1,
inc/event/res/03/me03_07.txt#21#12,"（少し夜風に当たるつもりが、
　縁日でちょっとはしゃいでしまったところを、
　ふたりに目撃されていたとは……）","（本想着吹吹夜风，却在夜市摊前
　一不留神喜形于色，
　没想到竟全被他们二人看在眼里……）",translated,卡诺,33ee9f98fc,br=0 nl=2,3,
inc/event/res/03/me03_07.txt#22#12,"（別行動すると言っておきながら、
　こっそり後を追ってきていたなんて）","（明明说好了分头行动，
　竟然偷偷摸摸地尾随在后）",translated,卡诺,a7cad76600,br=0 nl=1,2,
inc/event/res/03/me03_07.txt#24#12,"（あんな色とりどりのちゅんちゃんたちを
　見せられては、萌え転ばない方が
　可笑しい……とはいうものの……）","（见识到那么多色彩斑斓的小雀儿，
　换作是谁都会心花怒放的吧……虽说如此……）",translated,卡诺,dd74e73b18,br=0 nl=2,3,
inc/event/res/03/me03_07.txt#25#12,"（己の欲の為に、今が試練の刻である事を
　忘れてしまうようでは――","（若是为了一己私欲，就将当下身处
　试炼之期的要务抛诸脑后――",translated,卡诺,9bd6e664a4,br=0 nl=1,2,
inc/event/res/03/me03_07.txt#26#12,"　次期皇帝候補のとしての自覚が足りない、
　と言われても仕方なし……）","　被人指责缺乏作为下届皇帝候选人的自觉，
　也是无可辩驳的……）",translated,卡诺,035753b4b3,br=0 nl=1,2,
inc/event/res/03/me03_07.txt#27#12,"（私も少し浮かれてしまった。今一度、
　気を引き締めねばなりませんね……）","（我也有些得意忘形了。
　必须再次端正态度、绷紧神经才行……）",translated,卡诺,3d49655b55,br=0 nl=1,2,
inc/event/res/03/me03_07.txt#29#12,"（もしあの姿をイオナサルに
　見られたとしたら――）","（倘若那副模样被依欧娜萨鲁
　撞见的话――）",translated,卡诺,beca331dae,br=0 nl=1,2,
inc/event/res/03/me03_07.txt#30#12,（……っ！！）,（……唔！！）,translated,卡诺,b84357ac44,br=0 nl=0,1,
inc/event/res/03/me03_07.txt#31#12,"（……考えていても仕方ない、か……。
　いずれにしても、ここに長く居る必要は
　ありませんし――","（……多想也无济于事吗……
　反正，我也没有在此久留的必要――",translated,卡诺,57594f66d2,br=0 nl=2,3,
inc/event/res/03/me03_07.txt#32#12,"　あんな可愛いちゅんちゃんたちを
　見続けていてはいっそ私が耐えられそうに
　ない……！！）","　要是再继续看着那么可爱的小雀儿，
　我恐怕真的要招架不住了……！！）",translated,卡诺,250648ba3f,br=0 nl=2,3,
inc/event/res/03/me03_07.txt#33#12,早々にこのコロンから脱さなければ……。,必须尽早动身离开这座克隆才行……,translated,卡诺,cbaea3c152,br=0 nl=0,1,
inc/event/res/03/me03_07.txt#35#12,"カノンさま！
大変です、カノンさま！","卡诺大人！
大事不好了，卡诺大人！",translated,库琳,ca52cb2333,br=0 nl=1,2,
inc/event/res/03/me03_07.txt#44#12,カノンさま！,卡诺大人！,translated,库琳,d0e5b2a995,br=0 nl=0,1,
inc/event/res/03/me03_07.txt#45#12,はぁ、はぁ、……。,哈啊、哈啊……,translated,帕里,aa787e3932,br=0 nl=0,1,
inc/event/res/03/me03_07.txt#46#12,何ごとですか、騒々しい。,何事如此慌张喧哗？,translated,卡诺,4819ee4efe,br=0 nl=0,1,
inc/event/res/03/me03_07.txt#47#12,"まさかとは思いますが、
次の便のチケットが取れなかった、なんて
言い出さないでしょうね？","想必不至于告诉我，
下一班列车的车票没买到吧？",translated,卡诺,d32c01777a,br=0 nl=2,3,
inc/event/res/03/me03_07.txt#48#12,"そ、それどころではありません！
いま、街の者からどえらい情報を
仕入れたのです！","岂、岂止是车票啊！
在下刚刚从镇上居民那里，
打探到了一个惊天大新闻！",translated,库琳,26b74fe254,br=0 nl=2,3,
inc/event/res/03/me03_07.txt#49#12,"少し落ち着きなさい。
いったい何があったのです？","先冷静一下。
到底发生何事了？",translated,卡诺,eb1d80afd9,br=0 nl=1,2,
inc/event/res/03/me03_07.txt#50#12,"こ、このプラネタリー・メゾンで
近々大きな祭典が開かれます。","在、在这座行星公馆里，
近期即将举办一场规模盛大的盛典。",translated,帕里,bbb14d5935,br=0 nl=1,2,
inc/event/res/03/me03_07.txt#51#12,"ラシェーラ・スターライトという、
コロンを上げての一大フェスティバルです。","名为拉榭拉星光，
是整座克隆倾尽全力筹备的盛大狂欢节。",translated,库琳,d347b7c4ad,br=0 nl=1,2,
inc/event/res/03/me03_07.txt#52#12,"そのエンタテインメント・コンテストに、
とんでもない人物が出演すると！","而在那场娱乐选拔大赛上，
据说有一位不得了的人物要登台参演！",translated,帕里,6a38acdc29,br=0 nl=1,2,
inc/event/res/03/me03_07.txt#53#12,"はぁ……。別に誰が出ようと構いませんよ。
私にとっては次の便がとれたかどうかの方が
大事です。","哈啊……谁登台参演都与我无关。
对我来说，下一班车票是否买到才更重要。",translated,卡诺,ddd58fdd42,br=0 nl=2,3,
inc/event/res/03/me03_07.txt#54#12,"人気の有名人とやらが出るのであれば、
貴方がただけで観に行けばよろしい。","若是有什么大红大紫的知名人士出场，
你们二人自行前去观赏便可。",translated,卡诺,a39e5eb053,br=0 nl=1,2,
inc/event/res/03/me03_07.txt#55#12,"そんな人物ではありません！
いいですか、コロン全住民とそれに倍する
観光客が集まるステージに――","绝非寻常的名人啊！
您听好了，在全克隆居民以及数倍于此的
游客汇聚一堂的舞台上――",translated,库琳,0fd62e886f,br=0 nl=2,3,
inc/event/res/03/me03_07.txt#56#12,天文皇女イオナサルが出演するというのです！,天文皇女依欧娜萨鲁据说要亲自登台演出啊！,translated,库琳,8a431271b4,br=0 nl=0,1,
inc/event/res/03/me03_07.txt#60#12,な、んですって……？,你、你说什么……？,translated,卡诺,7d9807d4e7,br=0 nl=0,1,
inc/event/res/03/me03_07.txt#66#12,"……さすがに信じられません。
どう考えても度胸の面で臆するはず……。","……实在令人难以置信。
以她的胆量，理应胆怯退缩才对……",translated,卡诺,d44e9de34b,br=0 nl=1,2,
inc/event/res/03/me03_07.txt#68#12,"流されやすい性格だとは思っていましたが、
まさかこれほどとは、さすがの貴女も想像して
いなかったでしょうね。","虽说早知她性格随波逐流容易受人摆布，
但居然到了这种地步，
恐怕连你也未曾预料到吧。",translated,卡诺,5a77ebab85,br=0 nl=2,3,
inc/event/res/03/me03_07.txt#69#12,"はぁ……。
いえ、仮にも皇女さまですし、
何か深いお考えがあるのではないか、と……。","哈啊……
不，她好歹也是皇女大人，
我想或许是有什么深谋远虑吧……",translated,帕里,04120341fe,br=0 nl=2,3,
inc/event/res/03/me03_07.txt#70#12,本当にそう思いますか？,你当真如此认为吗？,translated,卡诺,d8db793261,br=0 nl=0,1,
inc/event/res/03/me03_07.txt#71#12,……思いたいです。,……我想这么相信。,translated,帕里,b0cd655c8f,br=0 nl=0,1,
inc/event/res/03/me03_07.txt#72#12,"とはいえ、本気で儀式を降りたとも
考えられませんし……。
一体どういうつもりなのかしら……。","话虽如此，也难以认为她是真心想退出仪式……
她心里究竟在作何打算呢……",translated,卡诺,d114f8db75,br=0 nl=2,3,
inc/event/res/03/me03_07.txt#73#12,"おい……
なんかカノンさまが楽しそうだぞ……？","喂……
怎么感觉卡诺大人心情挺愉快的……？",translated,库琳,2f5e41e79b,br=0 nl=1,2,
inc/event/res/03/me03_07.txt#74#12,"わ、私に言わないでよ。
あんた地文の人間なんだから分からないの？","别、别问我啊。
你身为地文的人难道还摸不透吗？",translated,帕里,0687170ec3,br=0 nl=1,2,
inc/event/res/03/me03_07.txt#76#12,少し様子を見ましょう！,我们且先静观其变吧！,translated,卡诺,d897d614c3,br=0 nl=0,1,
inc/event/res/03/me03_07.txt#78#12,た、楽しそうですね、カノン様。,您、您看起来兴致颇高呢，卡诺大人。,translated,库琳,4c4a65e086,br=0 nl=0,1,
inc/event/res/03/me03_07.txt#79#12,"そうですか？
ああ、でも、そうですね。本当に。","是吗？
啊，不过，确实如此呢。当真如此。",translated,卡诺,4477d8ce79,br=0 nl=1,2,
inc/event/res/03/me03_07.txt#80#12,"私が知る限りの歴史上で、彼女のやる事は
これまで記録されてきた天文候補の誰とも
一致しません。","在我所知的历史当中，她的所作所为
与至今记录在册的任何一位天文候选人
都大相径庭。",translated,卡诺,ca1ee57c61,br=0 nl=2,3,
inc/event/res/03/me03_07.txt#81#12,"正直言って不可解過ぎて、ともすれば
恐ろしくもあるのですが、なんでしょうね。","坦白讲实在太过费解，甚至叫人隐隐生畏，
然而怎么说呢。",translated,卡诺,383a137b62,br=0 nl=1,2,
inc/event/res/03/me03_07.txt#82#12,"彼女の場合は誰に危害を与えるでもないと、
そう確信出来てしまうから……
いっそ楽しくなってしまうのかもしれません。","正因为确信她绝无加害任何人之心……
反倒让人觉得愈发有趣起来了吧。",translated,卡诺,424fb1aa11,br=0 nl=2,3,
inc/event/res/03/me03_07.txt#83#12,そこはかとなくバカにしているような……。,总觉得话里隐隐带着一股瞧不起的意味……,translated,帕里,c40f5373ec,br=0 nl=0,1,
inc/event/res/03/me03_07.txt#84#12,"まさか！
一歩間違えれば恐ろしい戦術ですよ。","怎么会！
稍有不慎，这可是一套极具威力的战术。",translated,卡诺,a0c7fe473b,br=0 nl=1,2,
inc/event/res/03/me03_07.txt#85#12,"戦術……ねぇ……。
あのフンワリ皇女さまが……？","战术……是吗……
那位软绵绵的皇女大人能用出战术……？",translated,库琳,25227e38cb,br=0 nl=1,2,
inc/event/res/03/me03_07.txt#86#12,"例えフンワリであっても、
実際に街を一つ守って見せているのです。
油断していては寝首をかかれますよ。","纵使作风软绵，她也确确实实守住了一座城镇。
若是疏忽大意，可是会被人抄了后路的。",translated,卡诺,afc4e0837d,br=0 nl=2,3,
inc/event/res/03/me03_07.txt#87#12,"そ、そーよ！！　フンワリしてたって
奇跡は起こせるんだから！","没、没错！！就算软绵绵的，
也是能够创造奇迹的好嘛！",translated,帕里,9ebc2e0336,br=0 nl=1,2,
inc/event/res/03/me03_07.txt#89#12,"さぁ、そうとわかればもう少し情報を
集めねばなりません！","好啦，既然已知此事，
必须再多搜集一些情报才是！",translated,卡诺,aa28a25ff8,br=0 nl=1,2,
inc/event/res/03/me03_07.txt#90#12,"おい……。
なんかノリノリだぞ……。","喂……
她好像干劲十足啊……",translated,库琳,dc684a10c6,br=0 nl=1,2,
inc/event/res/03/me03_07.txt#91#12,だから知らないってば……！,都说了我哪知道啊……！,translated,帕里,8ac8407eb7,br=0 nl=0,1,
inc/event/res/03/me03_07.txt#92#12,クーリン、パラライノ。,库琳、帕拉莱诺。,translated,卡诺,2672c2a5b7,br=0 nl=0,1,
inc/event/res/03/me03_07.txt#94#12,は、はい！,在、在！,translated,库琳,958dbedc9e,br=0 nl=0,1,
inc/event/res/03/me03_07.txt#95#12,はいっ！！,在！！,translated,帕里,08894667a0,br=0 nl=0,1,
inc/event/res/03/me03_07.txt#96#12,"イオナサルがどのステージに
出場するのかはわかっていますか？",查清楚依欧娜萨鲁是在哪个舞台出场了吗？,translated,卡诺,2a322d804f,br=0 nl=1,2,
inc/event/res/03/me03_07.txt#97#12,"あ、はい。えーと、これです。
ラシェーラ・スターライトの……ここです。","啊，是的。那个，就是这个。
拉榭拉星光的……是在这里。",translated,库琳,d5d9b464e1,br=0 nl=1,2,
inc/event/res/03/me03_07.txt#98#12,"ふむ……。
少し離れていますね……。","唔……
距离稍微有些远呢……",translated,卡诺,c1d44bb0e3,br=0 nl=1,2,
inc/event/res/03/me03_07.txt#99#12,とはいえ、様子を見るには丁度いいか……。,不过，用来观察动静倒是恰到好处……,translated,卡诺,504ab91a93,br=0 nl=0,1,
inc/event/res/03/me03_07.txt#100#12,公演は……丁度次の便と同じ日……。,公演日期……正好与下一班列车是同一天……,translated,卡诺,014534ec98,br=0 nl=0,1,
inc/event/res/03/me03_07.txt#103#12,"……あぁ、ごめんなさい。
えぇと……もう結構ですよ。
情報ありがとう。","……啊，抱歉。
那个……这就够了。
多谢二位的情报。",translated,卡诺,11f2319399,br=0 nl=2,3,
inc/event/res/03/me03_07.txt#104#12,"えっ……！？　あ、はい……。
恐縮、です……？","诶……！？啊，好的……
在下、不胜惶恐……？",translated,库琳,334695811c,br=0 nl=1,2,
inc/event/res/03/me03_07.txt#111#12,なんか……。,总觉得……,translated,帕里,e432ecf73d,br=0 nl=0,1,
inc/event/res/03/me03_07.txt#112#12,妙な事になってきたぞ……。,事情变得诡异起来了啊……,translated,库琳,801db21c17,br=0 nl=0,1,
inc/event/res/03/me03_08.txt#18#12,だいじょぶだって！！,都说了没问题的啦！！,translated,妮伊,954e1c36f3,br=0 nl=0,1,
inc/event/res/03/me03_08.txt#19#12,"白鷹のバイオス屋に行けば、
TxBIOSが使えるようになるから！","只要去白鹰的BIOS屋，
就能用上TxBIOS了！",translated,妮伊,b7619d25cb,br=0 nl=1,2,
inc/event/res/03/me03_08.txt#20#12,う、うん……。,嗯、嗯……,translated,依恩,a4e06d2109,br=0 nl=0,1,
inc/event/res/03/me03_08.txt#21#12,"そしたら、詩魔法を紡いだみたく、
舞台演出がぶわぁーっ！　とハデになる！！","到时候就能像吟唱诗魔法那样，
让舞台效果轰――地一下变得华丽无比！！",translated,妮伊,2f51ec2f81,br=0 nl=1,2,
inc/event/res/03/me03_08.txt#22#12,"イオンの詩がイケてるってのは
わかってるんだから、ふたつが合わされば
負けるはずないって！","依恩的诗歌水平超强这点毋庸置疑，
两者一旦结合起来，
绝对不可能输的好嘛！",translated,妮伊,74ced11e07,br=0 nl=2,3,
inc/event/res/03/me03_08.txt#23#12,"うぅん……でもっ、ネイちゃんが
いちばんわかってるでしょう？
わたしの、その……踊り……。","唔嗯……可是，妮伊你不是
心里最清楚的嘛？
我的、那个……舞蹈……",translated,依恩,bccbd1cbb5,br=0 nl=2,3,
inc/event/res/03/me03_08.txt#24#12,"まー、人さまにお見せできるレベルじゃ
ないわよねー。",嘛～确实根本不是能拿出来见人的水平呢～,translated,妮伊,f7ab5d65ee,br=0 nl=1,2,
inc/event/res/03/me03_08.txt#25#12,やっぱり……。,果然如此……,translated,依恩,4c0e3c1249,br=0 nl=0,1,
inc/event/res/03/me03_08.txt#26#12,"でもまー、そこは任せて！
要は何を見せるかじゃなくて、
どう見せるかよ♪","不过嘛，包在我身上！
关键不在于展示什么，
而在于如何呈现出来哦♪",translated,妮伊,3ebffac55b,br=0 nl=2,3,
inc/event/res/03/me03_08.txt#27#12,ホント、かなぁ……。,真、真的行得通吗……,translated,依恩,99bfa1298a,br=0 nl=0,1,
inc/event/res/03/me03_08.txt#28#12,"さ、こっちよ！
ほら来て来てっ！","好啦，往这边走！
快点快点过来！",translated,妮伊,3dea42e5bc,br=0 nl=1,2,
inc/event/res/03/me03_08.txt#29#12,ゎ、待ってっ……。,哇，等等我……,translated,依恩,0743522738,br=0 nl=0,1,
inc/event/res/03/me03_08.txt#47#12,……いらっしゃーい。,……欢～迎光临。,translated,白鹰,0e26873f9e,br=0 nl=0,1,
inc/event/res/03/me03_08.txt#51#12,し・ろ・た・か・さんっ♪,白・鹰・先・生～♪,translated,妮伊,6b9b9672cc,br=0 nl=0,1,
inc/event/res/03/me03_08.txt#53#12,ププ、プリティベリーちゃん！？,靓、靓丽浆果妹妹！？,translated,白鹰,c4b428cb10,br=0 nl=0,1,
inc/event/res/03/me03_08.txt#55#12,"はぁい♪
来てあげたわよ、夢売りのお兄ちゃん？","是呀～♪
我大驾光临了哦，贩卖梦想的大哥哥？",translated,妮伊,5af75dcbe6,br=0 nl=1,2,
inc/event/res/03/me03_08.txt#58#12,こ、こんにちは……。,你、你好……,translated,依恩,7348633f49,br=0 nl=0,1,
inc/event/res/03/me03_08.txt#59#12,"うおぉ、イオナサルさままで！！
こんなすぐにまた会えるなんて……！","呜哦，连依欧娜萨鲁大人也一起来了！！
居然这么快就能再次相见……！",translated,白鹰,6c0b0ee18f,br=0 nl=1,2,
inc/event/res/03/me03_08.txt#60#12,"萌えの神サマが我が一生の願いを
聞いてくださったのか！？
俺死ぬのかっ！？","难道是萌神听到了我毕生的祈愿吗！？
我是不是命不久矣要归天了啊！？",translated,白鹰,105d85c992,br=0 nl=2,3,
inc/event/res/03/me03_08.txt#62#12,"何ひとりでトチくるってんのよ。
客よ客、仕事の依頼。","你一个人在那发什么神经啊。
是客人啦客人，有委托找你。",translated,妮伊,1857d4a657,br=0 nl=1,2,
inc/event/res/03/me03_08.txt#63#12,"仕事……？　も、もしや、ついにウチの
イオナサルさまフィギュアが、
天文オフィシャルグッズに認定！？","委托……？莫、莫非是，我们店的
依欧娜萨鲁大人手办，
终于被官方认证为天文正版周边了！？",translated,白鹰,56e41e298d,br=0 nl=2,3,
inc/event/res/03/me03_08.txt#64#12,そ、そうと決まればさっそく大増産を……。,既、既然如此那得火速大规模量产才行……,translated,白鹰,f7d49a87b3,br=0 nl=0,1,
inc/event/res/03/me03_08.txt#65#12,黙れこのしゃべる下半身！,闭嘴，你这个会说话的下半身！,translated,妮伊,b95c588847,br=0 nl=0,1,
inc/event/res/03/me03_08.txt#67#12,"あんた、フィギュアは趣味だって
言ってたでしょうが！
バイオス屋のあんたに用があるの！","你之前不是自己说了手办只是业余爱好嘛！
我们找的是身为BIOS屋的你！",translated,妮伊,7c8d0a20ca,br=0 nl=2,3,
inc/event/res/03/me03_08.txt#68#12,"な、なんだ、それならそう言ってくれればぁ。
ウチでできることなら何でもやるッスよ？","什、什么嘛，早这么说不就得了嘛。
只要是我们店能办到的，上刀山下火海都没问题！",translated,白鹰,f4441dad49,br=0 nl=1,2,
inc/event/res/03/me03_08.txt#70#12,"……ったく、なんで最初に
その対応ができないのかしら……。
……ん？","……真是的，为什么一开始
就不能好好接待客人啊……
……嗯？",translated,妮伊,4f5136404d,br=0 nl=2,3,
inc/event/res/03/me03_08.txt#71#12,イオン、どーしたの？,依恩，怎么啦？,translated,妮伊,f909afb305,br=0 nl=0,1,
inc/event/res/03/me03_08.txt#73#12,"ぇ、っとその……。
か、壁に並んでるフィギュアが
すごい数だなと思って…","额、那个……
我只是在想，墙上排得满满当当的手办，
数量真的好惊人啊……",translated,依恩,a6f16c8c75,br=0 nl=2,3,
inc/event/res/03/me03_08.txt#74#12,"あぁ、そーね。
仕事と趣味がぐっちゃぐちゃに混じってる。
だらしない店……。","啊～是呢。
工作和嗜好混得一塌糊涂。
邋遢散漫的破店……",translated,妮伊,04e8b72c9d,br=0 nl=2,3,
inc/event/res/03/me03_08.txt#75#12,し、心外ッス！,太、太让人伤心了！,translated,白鹰,86760226af,br=0 nl=0,1,
inc/event/res/03/me03_08.txt#76#12,"ん……？
そういえばこないだのイオンフィギュアは
ちゃんと片付けてあるみたいね。","嗯……？
说起来，上次那个依恩的手办，
看起来确实好好收起来了呢。",translated,妮伊,f27f054697,br=0 nl=2,3,
inc/event/res/03/me03_08.txt#77#12,"当然ッス！
プリティベリーちゃんとイオナサルさま、
ふたりと直接交わした約束ッスから！","那是必须的！
这可是和靓丽浆果妹妹以及依欧娜萨鲁大人，
当面郑重立下的誓约啊！",translated,白鹰,3ee0021033,br=0 nl=2,3,
inc/event/res/03/me03_08.txt#78#12,"売り物として並べるのはやめて、
俺だけの激レアメモリアルアイテムとして
これ、このとおり大切に……。","虽然不再当商品摆出来了，
但作为仅属于我自己的超珍贵纪念藏品，
瞧，就像这样珍而重之地随身……",translated,白鹰,4a665fc35f,br=0 nl=2,3,
inc/event/res/03/me03_08.txt#81#12,わっ、わっ、し、しまってください……っ！,哇、哇，快、快收起来啦……！,translated,依恩,1b3c9a7b66,br=0 nl=0,1,
inc/event/res/03/me03_08.txt#82#12,"いやぁ、我が作品ながら、
あいかわらずあっぱれなデキ……。","哎呀，虽说是自己的作品，
但这完成度不管怎么看都无可挑剔……",translated,白鹰,08bdcdb213,br=0 nl=1,2,
inc/event/res/03/me03_08.txt#83#12,お願いですから……。,求求你了快收起来吧……,translated,依恩,b5eb314e20,br=0 nl=0,1,
inc/event/res/03/me03_08.txt#84#12,"なんだかわからないんですけど、
何だか自分のハ、ハダカを見られてるような
変な気持ちが、して……。","虽然我也说不太清楚，
但总觉得自己好像被当面看光了身子一样，
有种特别奇怪的感觉……",translated,依恩,7c854605b0,br=0 nl=2,3,
inc/event/res/03/me03_08.txt#85#12,"（そーやって天然でフェチズムに
　注油するからダメなんだと思う）","（我觉得就是因为你这么天然地给变态性癖
　火上浇油，事情才会一发不可收拾的）",translated,妮伊,f2ae1f18b8,br=0 nl=1,2,
inc/event/res/03/me03_08.txt#86#12,"大丈夫ッスよ！
このフィギュアはエロい目的で作ってる
わけじゃないッス！","放一百个心吧！
我做这个手办绝不是出于什么下流涩情目的！",translated,白鹰,3a776f3139,br=0 nl=2,3,
inc/event/res/03/me03_08.txt#87#12,"フィギュアと生身は別ッスからね、
そもそも！","手办和活生生的人体根本是两码事好嘛，
归根结底！",translated,白鹰,9054b144fb,br=0 nl=1,2,
inc/event/res/03/me03_08.txt#89#12,"ぶっちゃけ、生身にはあんま興味ないッス！
だから安心して！","说实话，我对现实的三次元肉体根本没啥兴趣！
所以大可安心！",translated,白鹰,6ae845909a,br=0 nl=1,2,
inc/event/res/03/me03_08.txt#90#12,"何ソレ！
エロ目的じゃないんなら、なんでこんな
格好してるのよこのフィギュア！","鬼才信啊！
既然不是下流目的，为什么这个手办
非要穿成这副羞耻模样啊！",translated,妮伊,bf24fbcace,br=0 nl=2,3,
inc/event/res/03/me03_08.txt#91#12,萌え！！,这是萌啊！！,translated,白鹰,74f790f7d2,br=0 nl=0,1,
inc/event/res/03/me03_08.txt#93#12,ぁ……。,啊……,translated,妮伊,5f6a5186b2,br=0 nl=0,1,
inc/event/res/03/me03_08.txt#94#12,"（マジだこのヒト。
　もう突っ込むのはヤメよう）","（这家伙是认真的。
　我还是放弃吐槽吧）",translated,妮伊,f9d17a6136,br=0 nl=1,2,
inc/event/res/03/me03_08.txt#95#12,あ、コレ真剣な相談なんスけど。,啊，其实我有件很严肃的事想商量。,translated,白鹰,0c91549e5a,br=0 nl=0,1,
inc/event/res/03/me03_08.txt#96#12,何？,什么事？,translated,妮伊,099228cf66,br=0 nl=0,1,
inc/event/res/03/me03_08.txt#97#12,"これから、素でしゃべってるときの
プリティベリーちゃんは、
ネイちゃんって呼んでいいッスか？","以后，在靓丽浆果妹妹用原本性格说话的时候，
我可以称呼你为妮伊妹妹吗？",translated,白鹰,ae59f81f66,br=0 nl=2,3,
inc/event/res/03/me03_08.txt#98#12,なんでよ。,凭什么啊。,translated,妮伊,bc63160878,br=0 nl=0,1,
inc/event/res/03/me03_08.txt#99#12,"俺の中のプリティベリーちゃんは
そんな言葉づかいしないから。","因为我心中的靓丽浆果妹妹
才不会用这种凶巴巴的语气说话。",translated,白鹰,7dd86a0c20,br=0 nl=1,2,
inc/event/res/03/me03_08.txt#100#12,あそ。勝手にすれば。,行吧，随你的便。,translated,妮伊,6e7bb28177,br=0 nl=0,1,
inc/event/res/03/me03_08.txt#101#12,"やった！
つ、ついでにイオナサルさまのことも、
イオンちゃん、とかって……。","太好啦！
顺、顺便依欧娜萨鲁大人我也能
叫依恩妹妹之类的吗……",translated,白鹰,05f80aa1ae,br=0 nl=2,3,
inc/event/res/03/me03_08.txt#102#12,"は、はい！
それでいいので、あの……。","可、可以的！
怎么叫都行，那个……",translated,依恩,8ff69b35e8,br=0 nl=1,2,
inc/event/res/03/me03_08.txt#103#12,"やったー！！
んじゃそう呼ばせてもらうッス！","太棒啦――！！
那我就这么称呼啦！",translated,白鹰,7df9aa573c,br=0 nl=1,2,
inc/event/res/03/me03_08.txt#104#12,エッチなフィギュア、しまって……。,请把那个下流的手办，收起来……,translated,依恩,a6cafcafe8,br=0 nl=0,1,
inc/event/res/03/me03_08.txt#105#12,"ん？　あっ、了解ッス！
せっかく本人を目の前にしてるんスもんね！","嗯？啊，收到！
毕竟本人就在眼前嘛！",translated,白鹰,7065374d96,br=0 nl=1,2,
inc/event/res/03/me03_08.txt#109#12,ふぅ……。,呼……,translated,依恩,a8365b834f,br=0 nl=0,1,
inc/event/res/03/me03_08.txt#112#12,"まったく……その性格さえなければ
白鷹ってけっこうイケてるのにねぇ……。","真是的……要不是这糟糕的性格，
白鹰这人长得其实还算挺过得去的呢……",translated,妮伊,c0ae553574,br=0 nl=1,2,
inc/event/res/03/me03_08.txt#113#12,"なかなか腕ききのバイオス屋だって話も
聞いたことあるし。",我也听说过他是个相当有一手的BIOS屋呢。,translated,妮伊,1f9763c720,br=0 nl=1,2,
inc/event/res/03/me03_08.txt#114#12,へっへぇ、そりゃもう！,嘿嘿～那还用说！,translated,白鹰,9a2a610d0f,br=0 nl=0,1,
inc/event/res/03/me03_08.txt#116#12,"……まさかこんな趣味まる出しの、
シマリのない店だとは思わなかったけど。","……虽然没想到竟是这么一家
毫无遮掩、放飞自我的邋遢店铺就是了。",translated,妮伊,6a2cb141ca,br=0 nl=1,2,
inc/event/res/03/me03_08.txt#117#12,ヒドス！,太伤人啦！,translated,白鹰,9564c42067,br=0 nl=0,1,
inc/event/res/03/me03_08.txt#118#12,"ねぇ、フィギュアの趣味だけ封印すれば
あんたガチでモテたりするんじゃない？","呐，要是把对手办的狂热封印起来，
你说不定真的会很受女孩子欢迎哦？",translated,妮伊,ad4744103f,br=0 nl=1,2,
inc/event/res/03/me03_08.txt#119#12,あ、興味ないス。,啊，我没兴趣。,translated,白鹰,3a83137705,br=0 nl=0,1,
inc/event/res/03/me03_08.txt#120#12,げ……。,额……,translated,妮伊,b375ec44d7,br=0 nl=0,1,
inc/event/res/03/me03_08.txt#121#12,"俺にはこの美麗なフィギュアたちと
プリティベリーちゃんの華麗なステージ――","我只要有这些精美的手办、
靓丽浆果妹妹华丽的舞台――",translated,白鹰,cdbe47260a,br=0 nl=1,2,
inc/event/res/03/me03_08.txt#122#12,"そして永遠のアイドル、イオンちゃんが
いればそれでいいんッス！","以及永远的偶像依恩妹妹在，
这就足够了！",translated,白鹰,d0efe20631,br=0 nl=1,2,
inc/event/res/03/me03_08.txt#123#12,"も、もちろん恋愛対象とかって意味じゃ
ないッスよ！？",当、当然不是指当成恋爱对象的那种意思哦！？,translated,白鹰,575d600d61,br=0 nl=1,2,
inc/event/res/03/me03_08.txt#124#12,"俺のは、愛も恋も超越した純粋概念……
つまり、ＭＯＥ！！","我的这份感情，是超越了爱与恋的纯粹概念……
亦即，ＭＯＥ！！",translated,白鹰,0c99a27a58,br=0 nl=1,2,
inc/event/res/03/me03_08.txt#125#12,はぁ？,哈啊？,translated,妮伊,e066647d51,br=0 nl=0,1,
inc/event/res/03/me03_08.txt#126#12,はぁ……。,哈啊……,translated,依恩,1083486be2,br=0 nl=0,1,
inc/event/res/03/me03_08.txt#127#12,"プリティベリーちゃんもイオンちゃんも、
激レアな属性を持ってるッス。","靓丽浆果妹妹和依恩妹妹，
都拥有极为罕见的稀有属性啊。",translated,白鹰,859b1918c6,br=0 nl=1,2,
inc/event/res/03/me03_08.txt#128#12,"ホールを超満員にする踊り子属性……
そして、このラシェーラの未来を
救っちゃうかもしれない、皇女属性！！","能让整个剧场座无虚席的舞者属性……
以及，搞不好能够拯救拉榭拉未来的皇女属性！！",translated,白鹰,b5bf07876a,br=0 nl=2,3,
inc/event/res/03/me03_08.txt#129#12,"『そんなあり得ない特技や運命が、
　まさかこんなカワイイ子に
　宿っているとは……！』","‘如此不可思议的绝技与命运，
　竟然寄宿在这么可爱的女孩子身上……！’",translated,白鹰,5410b5e408,br=0 nl=2,3,
inc/event/res/03/me03_08.txt#130#12,"そのギャップこそがＭＯＥ！
恋愛感情なんつー、チャチな心の迷いと
一緒にしてはならんッス！","这种反差萌才是真正的ＭＯＥ！
可不能跟恋爱感情那种廉价的心猿意马
混为一谈啊！",translated,白鹰,e0eafb6979,br=0 nl=2,3,
inc/event/res/03/me03_08.txt#133#12,う、うぅん……フクザツ……。,唔、唔嗯……好复杂……,translated,依恩,ff6e6227f2,br=0 nl=0,1,
inc/event/res/03/me03_08.txt#134#12,この際、深くわかる必要ないと思う……。,这种时候，我觉得完全没必要去深究……,translated,妮伊,063af3f185,br=0 nl=0,1,
inc/event/res/03/me03_08.txt#138#12,……そろそろ仕事の話、していい？,……差不多该谈正事了吧？,translated,妮伊,4d715508aa,br=0 nl=0,1,
inc/event/res/03/me03_08.txt#139#12,"おっとそうでした！
どんな仕事ッスか？","哎呀对对对！
是什么委托啊？",translated,白鹰,ace62e78a5,br=0 nl=1,2,
inc/event/res/03/me03_08.txt#140#12,"イオンにバイオスマシンを使わせてあげて
欲しいの。",想借你的BIOS机台给依恩用一下。,translated,妮伊,cb197d6bd6,br=0 nl=1,2,
inc/event/res/03/me03_08.txt#141#12,"も、チョーOK！
お安いご用ッスよ、すぐ準備するッス！","那必须超级没问题！
小事一桩，我立刻去准备！",translated,白鹰,58ecf9a786,br=0 nl=1,2,
inc/event/res/03/me03_08.txt#142#12,あっ、待ってください！,啊，请等一下！,translated,依恩,a104f20bc8,br=0 nl=0,1,
inc/event/res/03/me03_08.txt#144#12,どーしたの？,怎么啦？,translated,妮伊,895acde792,br=0 nl=0,1,
inc/event/res/03/me03_08.txt#145#12,ネイちゃん、ホントにやるの？,妮伊，真的要这么做吗？,translated,依恩,5509c3c487,br=0 nl=0,1,
inc/event/res/03/me03_08.txt#146#12,いまさら何言ってんの、当たり前でしょ！,事到如今你在说什么呢，那当然啦！,translated,妮伊,0744a36184,br=0 nl=0,1,
inc/event/res/03/me03_08.txt#147#12,"でもでも、夢ノ珠で言ってたよ？
試練の３年間、シェルノトロンの贈与は
受けちゃいけないって……。","可、可是，在梦之珠的时候有人说过哦？
在试炼的这３年里，
不能接受别人赠予的榭鲁诺特伦……",translated,依恩,24ca8234cb,br=0 nl=2,3,
inc/event/res/03/me03_08.txt#148#12,"えっ、そうなんスか？
知らなかったなー。","诶，是这样吗？
我还是第一次听说呢。",translated,白鹰,f5f52b93df,br=0 nl=1,2,
inc/event/res/03/me03_08.txt#149#12,"そんなルールができてるなんて……。
え？　つーかソレ、超天文に不利じゃ
ないッスか！？","居然定下了这种规矩……
诶？话说这规矩，对天文不是极其不利吗！？",translated,白鹰,d89bc00b62,br=0 nl=2,3,
inc/event/res/03/me03_08.txt#150#12,"でしょー！？
そう思うよねぇ！？","对吧――！？
你也这么觉得对吧！？",translated,妮伊,cb97953417,br=0 nl=1,2,
inc/event/res/03/me03_08.txt#151#12,"思うッスよ！
なんでそんなルールできたんスか？","那必须的啊！
为什么会定下这种见鬼的规则啊？",translated,白鹰,56a05e9d46,br=0 nl=1,2,
inc/event/res/03/me03_08.txt#152#12,"{ジェノム}はゲットするのにも時間かかるし、
それ自体が修行になるからってんで、
もともと許可されてる。","{杰诺姆}由于契约本身耗时费力，
过程本身也算作一种修行，
所以从一开始就是被允许的。",translated,妮伊,5bca774947,br=1 nl=2,3,keep-terms {ジェノム}
inc/event/res/03/me03_08.txt#152#14,ラシェーラ人は、ある種の生命と意識を通わす事が出来る。その「生命」とは、あらゆる動物（例えば蝶や鳥、犬など）の中に存在する突然変異体ともいうべき存在で通常の生命と違い３重螺旋以上の遺伝子DNAを持つのである。ラシェーラ人はその突然変異体をジェノムと呼んだ。<CR><CR>ジェノムは、人間のような２重螺旋遺伝子体には絶対に真似のできない「歌によって超常的な力を行使する」能力が備わっている。<CR>だが、ジェノム自身は歌を謳うことは出来ず、また歌うためのエネルギーも足りないため、人間と契約をし、そのエネルギーと声帯を使わせてもらうのである。,拉榭拉人能够与某种特定的生命实现心意相通。该“生命”是存在于各种动物（例如蝴蝶、鸟、犬等）之中的堪称变异体的存在，与普通生命不同，拥有三重螺旋以上的基因DNA。拉榭拉人将这种变异体称作杰诺姆。<CR><CR>杰诺姆具备人类这种双重螺旋基因生命体绝无法效仿的“通过歌声行使超常力量”的本领。<CR>然而，杰诺姆自身无法吟唱诗歌，亦缺乏歌唱所需的充足能量，因此需要与人类缔结契约，借用其能量与声带。,translated,妮伊,f501eb7745,<CR> <CR> <CR> br=0 nl=0,1,keep-tags <CR>; src-longest-line=271
inc/event/res/03/me03_08.txt#153#12,でもシェルノトロンは違う。,但榭鲁诺特伦就不一样了。,translated,妮伊,0bdd975107,br=0 nl=0,1,
inc/event/res/03/me03_08.txt#154#12,"たとえば、イオンに天文支持の大金持ちが
最高級のシェルノトロンを与えたら
それですぐに勝敗が決まっちゃうでしょ。","比方说，支持天文的大富豪要是
直接送给依恩一台最高级的榭鲁诺特伦，
胜负不就瞬间分晓了嘛。",translated,妮伊,dcdefc1df9,br=0 nl=2,3,
inc/event/res/03/me03_08.txt#155#12,あー、確かにそうかも。,啊～确实可能这样呢。,translated,白鹰,5e86e67385,br=0 nl=0,1,
inc/event/res/03/me03_08.txt#156#12,"だから、シェルノトロンの贈与は
禁止されてるってわけ。",所以才明令禁止赠予榭鲁诺特伦啊。,translated,妮伊,cb8b4af8a5,br=0 nl=1,2,
inc/event/res/03/me03_08.txt#157#12,ネイちゃんすごいね、物知り！,妮伊好厉害呀，懂得真多！,translated,依恩,b8e7153493,br=0 nl=0,1,
inc/event/res/03/me03_08.txt#158#12,イオンが物知らなさすぎ！,是依恩你太缺乏常识了！,translated,妮伊,fa8edfbc0b,br=0 nl=0,1,
inc/event/res/03/me03_08.txt#159#12,ごめんなさい……。,对不起……,translated,依恩,6d9e197c39,br=0 nl=0,1,
inc/event/res/03/me03_08.txt#161#12,（……あれ？）,（……奇怪？）,translated,依恩,e844dd6716,br=0 nl=0,1,
inc/event/res/03/me03_08.txt#162#12,"（そういえば、カノンさんは
　いつジェノムを手に入れたのかな？）","（说起来，卡诺小姐
　是什么时候获得杰诺姆的呢？）",translated,依恩,f9525f4f0c,br=0 nl=1,2,
inc/event/res/03/me03_08.txt#163#12,"（試練の始まる儀式が終わって、
　すぐに探し始めたってことなら……）","（如果是在试炼开始的仪式结束后，
　立刻动身去寻找的话……）",translated,依恩,c9e9612c80,br=0 nl=1,2,
inc/event/res/03/me03_08.txt#164#12,（あっという間に見つけたってことだよね？）,（那不就是转瞬之间就找到了吗？）,translated,依恩,0874fe9e48,br=0 nl=0,1,
inc/event/res/03/me03_08.txt#165#12,"（夢ノ珠のシェルノトロンを
　全部いっぺんに壊しちゃうような、
　すごいジェノムを……）","（而且还是那种能够把梦之珠的
　所有榭鲁诺特伦一口气全部摧毁的、
　极其惊人的杰诺姆……）",translated,依恩,080076b258,br=0 nl=2,3,
inc/event/res/03/me03_08.txt#166#12,"（……やっぱり、カノンさんって
　すごいんだなぁ……）","（……果然，卡诺小姐
　真的很厉害啊……）",translated,依恩,b37d21aa65,br=0 nl=1,2,
inc/event/res/03/me03_08.txt#167#12,"ま、もし贈与されたとしても
シェルノトロンは{Tz波}で動くわけだから、
天文に登録しないと使えないわけだし。","嘛，就算真的被赠予了，
榭鲁诺特伦也是靠{Tz波}运转的，
不向天文登记就没法用啊。",translated,妮伊,e5bd6e3ffd,br=1 nl=2,3,keep-terms {Tz波}
inc/event/res/03/me03_08.txt#167#14,厳密な言い方をすれば、歪力（わいりょく）という力である。太陽の公転周期によって生み出される、空間の歪みの力のことで、太陽が銀河に対し公転している、その道筋から拡散して来る重力歪みを得ているものだ。いわゆる「エネルギー落差を取得する」ものであって、目に見える形で例えるならば潮力発電のようなものである。<CR>天文は、静止衛星軌道上に、このTz波を取得するためのベルトを巻いており、常にTz波を供給できる体制を整えた。<CR>Tz波はその特性上、季節によって供給量が増減する。夏冬は取得エネルギーが増え、春秋は少なめである。,严格来说，这是一种被称为“应变力”的力量。即由太阳的公转周期所产生的空间扭曲之力，汲取自太阳相对银河系公转的轨道路径中所扩散出的重力扭曲。这属于所谓的“获取能量落差”，若以肉眼可见的形式作比，便类似于潮汐发电。<CR>天文在地球静止卫星轨道上铺设了用于捕获这种Tz波的环带，建立了能够源源不断供给Tz波的机制体制。<CR>受其物理特性影响，Tz波的供给量会随季节增减。冬夏季节获取的能量较多，春秋季节则相对较少。,translated,妮伊,f5e8ba9fd4,<CR> <CR> br=0 nl=0,1,keep-tags <CR>; src-longest-line=261
inc/event/res/03/me03_08.txt#168#12,このへんがすっごい不公平な感じするよねー。,这方面感觉超级不公平呢。,translated,妮伊,24b739ea26,br=0 nl=0,1,
inc/event/res/03/me03_08.txt#169#12,"うぅん……。シェルノトロンができて
初の皇位継承の儀だから、
慎重になるのもわかるッスけど……。","嗯……毕竟是榭鲁诺特伦问世以来
的第一场皇位继承仪式，
能理解他们慎重的心情，不过……",translated,白鹰,d405a82e6a,br=0 nl=2,3,
inc/event/res/03/me03_08.txt#170#12,あからさまな天文差別だと、俺も思うッス！,我也觉得这是赤裸裸的天文歧视！,translated,白鹰,42dd895c56,br=0 nl=0,1,
inc/event/res/03/me03_08.txt#171#12,"でもそれでわかった。
そういう事情で、イオンちゃんは
仕方なくジェノムと{同調}してんスね。","不过这下我懂了。
原来是因为这种缘故，依恩妹妹
才迫不得已跟杰诺姆{同调}的啊。",translated,白鹰,8a0b4d8edd,br=1 nl=2,3,keep-terms {同調}
inc/event/res/03/me03_08.txt#171#14,同調とは「心を通わせる」こと。すなわち、人間（契約者）とジェノムの間で、精神世界を共有し、それによってジェノムは人間の、人間はジェノムの力を有る程度使えるようになる。もっと明確に言えば、ジェノムを人間の脳内未使用領域に住まわせることなのである。<CR><CR>同調には「同調」「完全同調」「一心同体」という段階があり、当然段階が上がるほど、引き出せる詩の力は増大する。同調の段階を上げるためには、お互いを深く知り、受け入れることが大事であり、それは一朝一夕では為し得ることが出来ない。<CR>「一心同体」よりも上にもう1段階「唯我」と呼ばれる同調形式があるが、この境地に至った者は誰もいない。,同调即指“心意相通”。亦即在人类（契约者）与杰诺姆之间共享精神世界，借此杰诺姆可以使用人类的部分力量，人类亦能使用杰诺姆的部分力量。更确切地说，就是让杰诺姆居住在人类大脑的未使用区域。<CR><CR>同调分为“同调”、“完全同调”、“一心同体”三个阶段，阶段越高，能引导出的诗之力量自然越庞大。想要提升同调阶段，彼此深刻了解并相互接纳至关重要，绝非一朝一夕之功。<CR>在“一心同体”之上还有一个名为“唯我”的同调形式，但尚无任何人达到过此等境界。,translated,白鹰,2d0b2ceac1,<CR> <CR> <CR> br=0 nl=0,1,keep-tags <CR>; src-longest-line=296
inc/event/res/03/me03_08.txt#172#12,仕方なしに、じゃありません！,才不是迫不得已！,translated,依恩,cc8805e354,br=0 nl=0,1,
inc/event/res/03/me03_08.txt#173#12,テレくんは、わたしの大切なお友だちです……。,泰勒是我非常重要的朋友……,translated,依恩,727fc4d706,br=0 nl=0,1,
inc/event/res/03/me03_08.txt#174#12,"え？
それじゃイオンちゃんは、
こいつと好きで同調したってこと？","诶？
这么说依恩妹妹是
出于自愿才跟这家伙同调的？",translated,白鹰,c668c5a38e,br=0 nl=2,3,
inc/event/res/03/me03_08.txt#175#12,"そ。飢え死にしそうだったこの子を、
優しいイオンさまが同調して
助けてあげたんだってさ。","对啊。听说这孩子当时快饿死了，
温柔的依恩大人就跟他同调
救了他一命呢。",translated,妮伊,753574bb81,br=0 nl=2,3,
inc/event/res/03/me03_08.txt#176#12,きゅう！,啾！,translated,泰雷芬肯,601cdef24f,br=0 nl=0,1,
inc/event/res/03/me03_08.txt#177#12,"この子は空想系のジェノムだから、
直接モノを食べてエネルギーを摂るって
ことができないのよ。","这孩子是空想系杰诺姆，
没法靠直接进食
来摄取能量呢。",translated,妮伊,9adaa5fbc7,br=0 nl=2,3,
inc/event/res/03/me03_08.txt#178#12,"あんた、イオンが同調してあげてなかったら
ホントにのたれ死んでたとこだよ？
ラッキーだったね。","要是依恩没跟你同调，
你早就横尸街头了吧？
算你走运。",translated,妮伊,ead19f2a10,br=0 nl=2,3,
inc/event/res/03/me03_08.txt#179#12,きゅきゅう！,啾啾！,translated,泰雷芬肯,4eb4abc466,br=0 nl=0,1,
inc/event/res/03/me03_08.txt#180#12,"へえぇ……。
天文の皇女さまなのにジェノムに慈悲を
掛けるとか、超イカすッスね！","嘿诶……
明明是天文的皇女大人，
却对杰诺姆施予慈悲，太帅了！",translated,白鹰,b6b6643162,br=0 nl=2,3,
inc/event/res/03/me03_08.txt#181#12,そんな……慈悲とかじゃなくて……。,哪有……不是什么慈悲啦……,translated,依恩,96b8de0795,br=0 nl=0,1,
inc/event/res/03/me03_08.txt#182#12,"わたしはただ、テレくんがホントに苦しくて
辛そうで、かわいそうだったから……。","我只是看到泰勒真的很难受、
很痛苦，觉得他太可怜了……",translated,依恩,4a1edf321b,br=0 nl=1,2,
inc/event/res/03/me03_08.txt#183#12,"そのまま見過ごすなんて、
できなかっただけです……。","根本没办法就那样
坐视不管而已……",translated,依恩,f487435859,br=0 nl=1,2,
inc/event/res/03/me03_08.txt#184#12,"ふわぁ……。
マジで、情報どおりの皇女さまだ……
俺、惚れ直したッス！","哇啊……
真的跟传闻中的皇女大人一模一样……
我又重新迷上你了！",translated,白鹰,e27d396074,br=0 nl=2,3,
inc/event/res/03/me03_08.txt#185#12,ど、どうも……。,谢、谢谢……,translated,依恩,a40237ffb5,br=0 nl=0,1,
inc/event/res/03/me03_08.txt#186#12,でっ、本題に戻すけど……。,好啦，说回正题……,translated,妮伊,71a8a5645b,br=0 nl=0,1,
inc/event/res/03/me03_08.txt#188#12,"あたしは、天文に明らかに不利な
この状況に反抗してみたいと思うわけ！","这种明显对天文不利的状况，
我可是打算好好反抗一下的！",translated,妮伊,5fee7b0a61,br=0 nl=1,2,
inc/event/res/03/me03_08.txt#189#12,えっ？,诶？,translated,依恩,5b8d798295,br=0 nl=0,1,
inc/event/res/03/me03_08.txt#190#12,それってどういう……？,那是什么意思……？,translated,白鹰,434e04c7a7,br=0 nl=0,1,
inc/event/res/03/me03_08.txt#191#12,白鷹。あんた、ハッカーもやってるんでしょ？,白鹰。你也是个黑客吧？,translated,妮伊,4c76843cd0,br=0 nl=0,1,
inc/event/res/03/me03_08.txt#192#12,"シェルノトロンを天文に登録するとき、
イオンだと思わせずに認証させるくらい
わけないよね？","把榭鲁诺特伦登记到天文的时候，
只要伪装一下不让对方发现是依恩，
轻松就能通过认证吧？",translated,妮伊,66dbc70f51,br=0 nl=2,3,
inc/event/res/03/me03_08.txt#193#12,"え！？
まーそういうのはお手の物ッスけど……。","诶！？
这种事虽然是我拿手的，可是……",translated,白鹰,7cccf9b702,br=0 nl=1,2,
inc/event/res/03/me03_08.txt#194#12,"いやいや、やっぱマズいッス！
皇位継承がらみでやんちゃすンのは
さすがに……。","不行不行，这也太不妙了！
跟皇位继承扯上关系还胡来，
未免也……",translated,白鹰,3182a7c27a,br=0 nl=2,3,
inc/event/res/03/me03_08.txt#195#12,"何言ってんの！　天文の皇女が
シェルノトロンを封じられるなんて、
どう考えても地文の陰謀でしょ！？","你在说什么呢！天文的皇女
被封印了榭鲁诺特伦，
怎么想都是地文的阴谋吧！？",translated,妮伊,6c3c535d53,br=0 nl=2,3,
inc/event/res/03/me03_08.txt#196#12,"でっ、でも、決まりを破るのは
やっぱり良くないと、思う……。","但、但是，破坏规矩
终归还是不太好，我觉得……",translated,依恩,84ee81d5ba,br=0 nl=1,2,
inc/event/res/03/me03_08.txt#197#12,イオンは黙ってて！,依恩你别插嘴！,translated,妮伊,24236c5910,br=0 nl=0,1,
inc/event/res/03/me03_08.txt#198#12,"今回の継承の儀で天文が勝たなかったら、
ラシェーラはジェノムに支配されちゃう
かもしれないのよ！？","要是这次继承仪式天文没有获胜，
拉榭拉搞不好就会
被杰诺姆支配了啊！？",translated,妮伊,91194067a0,br=0 nl=2,3,
inc/event/res/03/me03_08.txt#199#12,そ、それはそうだけど……。,话、话是这么说啦……,translated,白鹰,94b8ead2b2,br=0 nl=0,1,
inc/event/res/03/me03_08.txt#200#12,"……そうだ！！
シェルノトロンじゃなくて、
『{G2トロン}』にしないッスか！？","……有了！！
不用榭鲁诺特伦，
改用“{G2特伦}”怎么样！？",translated,白鹰,3fa8442d3e,br=1 nl=2,3,keep-terms {G2トロン}
inc/event/res/03/me03_08.txt#200#14,現在ラシェーラで使用されているシェルノトロンの一世代前の真空管端末がＧ２トロンである。<CR>シェルノトロンには詩魔法をプログラムするための優秀なＯＳが搭載されているが、それと比べるとＧ２トロンのＯＳはとても素人に扱えるようなものではなかった。そのため、オリジナルの詩魔法を紡ぐには高度はプログラミング能力が必要となり、シェルノトロンのように爆発的な普及はされなかった。<CR>しかし、その難度の高いプログラミングを行うことで、シェルノトロンよりも熱い想いが伝えられると、一部の熱狂的なユーザーから絶大な支持を得ている。,目前拉榭拉所使用的榭鲁诺特伦的前一代真空管终端即为Ｇ２特伦。<CR>虽然榭鲁诺特伦搭载了用于编程诗魔法的优秀操作系统，但与之相比，Ｇ２特伦的操作系统绝非外行所能轻易驾驭。因此，若要纺出原创的诗魔法便需要极高深的编程能力，未曾像榭鲁诺特伦那样取得爆发性的普及。<CR>然而，正由于能够进行那种高难度的编程，从而能够传达比榭鲁诺特伦更为炽热滚烫的情感，因此在部分狂热用户群中享有极高的支持与推崇。,translated,白鹰,7ba3117195,<CR> <CR> br=0 nl=0,1,keep-tags <CR>; src-longest-line=260
inc/event/res/03/me03_08.txt#201#12,それなら俺、やるッス！！,要是那个的话，我来搞定！,translated,白鹰,3bc8b3d199,br=0 nl=0,1,
inc/event/res/03/me03_08.txt#202#12,"G2トロン！？
何でそんな時代遅れのもの使わなきゃ
いけないわけ？","G2特伦！？
干嘛非得用
那种过时的老古董啊？",translated,妮伊,07c8285733,br=0 nl=2,3,
inc/event/res/03/me03_08.txt#203#12,あ、あの、G2トロンって……？,请、请问，G2特伦是……？,translated,依恩,7fbfc8cf14,br=0 nl=0,1,
inc/event/res/03/me03_08.txt#204#12,"シェルノトロンが普及する前に、
ちょっと流行った端末ッス。","是在榭鲁诺特伦普及之前
流行过一阵子的终端。",translated,白鹰,ac4f4a9a9e,br=0 nl=1,2,
inc/event/res/03/me03_08.txt#205#12,"いま考えりゃ、シェルノトロンの
β版みたいな扱いの代物だし、
知らなくても無理ないかも。","现在想想，就像是榭鲁诺特伦的
测试版一样的玩意儿，
依恩妹妹不知道也很正常。",translated,白鹰,16ada08977,br=0 nl=2,3,
inc/event/res/03/me03_08.txt#206#12,"プログラムをインストールして謳う以外に
使いみちがないから、シェルノトロンに
とって代わられたんッス。","因为除了安装程序咏唱之外
没有其他用处，所以就被
榭鲁诺特伦取代了。",translated,白鹰,099eebdd3d,br=0 nl=2,3,
inc/event/res/03/me03_08.txt#207#12,"自由に詩魔法を作れないんだから
しょうがないわよ。
もう誰も相手にしないって。","毕竟没办法自由编写诗魔法嘛，
这也是理所当然的。
早就没人理会它了。",translated,妮伊,645a47717b,br=0 nl=2,3,
inc/event/res/03/me03_08.txt#208#12,"そ、そんなことねッスよ！
ヴィンテージもののG2トロンは
超イカスんだぜ！？","没、才没那回事呢！
复古老物件G2特伦
可是超级酷炫的好不好！？",translated,白鹰,1b05131790,br=0 nl=2,3,
inc/event/res/03/me03_08.txt#209#12,"プログラムに制作者の愛がみっちみちに
詰まってて、謳ってると超気持ちいいんス！
熱いソウルをビンビン感じるっつか！","程序里满满当当塞着制作者的爱，
咏唱起来简直爽到飞起！
能让人真切感受到炽热的灵魂啊！",translated,白鹰,b6b60ebbae,br=0 nl=2,3,
inc/event/res/03/me03_08.txt#210#12,"それに引きかえ、いまのシェルノトロン用の
プログラムやTxBIOSなんか
平坦で感情移入できねぇッス！","相比之下，现在的榭鲁诺特伦程序
还有TxBIOS什么的，
平淡无奇，根本没法投入感情！",translated,白鹰,98e14abf62,br=0 nl=2,3,
inc/event/res/03/me03_08.txt#211#12,いまはあんたの趣味の話をしてるんじゃないの！,现在又不是在聊你的个人爱好！,translated,妮伊,9295bc7fc1,br=0 nl=0,1,
inc/event/res/03/me03_08.txt#212#12,"イオンが使うんだから、
シェルノトロンを認証してっ。","是依恩要用的，
快去把榭鲁诺特伦认证好。",translated,妮伊,1f1564f0d4,br=0 nl=1,2,
inc/event/res/03/me03_08.txt#213#12,"でも、G2トロンならヤバい橋渡んなくても
使えるんッスよ！？","但是用G2特伦的话
就不用冒那么大的险了啊！？",translated,白鹰,93fe41592a,br=0 nl=1,2,
inc/event/res/03/me03_08.txt#214#12,"それに俺、G2トロンでTxBIOSを使えるよう
魔改造したんス！","而且我还魔改过，
让G2特伦也能使用TxBIOS！",translated,白鹰,0f90eff748,br=0 nl=1,2,
inc/event/res/03/me03_08.txt#215#12,"成功すりゃ、マジで世界初の快挙なんス！
すげぇっしょ！？","要是成功了，那可真是世界首创的壮举！
很厉害对吧！？",translated,白鹰,b486bf551e,br=0 nl=1,2,
inc/event/res/03/me03_08.txt#216#12,"もーーーう！！
いいからシェルノトロンを使えるようにして！！","真是够了――！！
少废话，快让榭鲁诺特伦能用啦！！",translated,妮伊,23574e6dca,br=0 nl=1,2,
inc/event/res/03/me03_08.txt#217#12,"わ、わかった、わかりました！
やるッスよ……。でも、本当にこのことは
秘密ッスよ……？","知、知道了，我办就是了！
我做还不行嘛……不过这件事
千万要保密哦……？",translated,白鹰,a32889dde5,br=0 nl=2,3,
inc/event/res/03/me03_08.txt#218#12,"ネイちゃんとイオンちゃんのために
今回だけ、特別ッスよ！？","看在妮伊妹妹和依恩妹妹的面子上，
仅此一次，下不为例哦！？",translated,白鹰,f36a6defc1,br=0 nl=1,2,
inc/event/res/03/me03_08.txt#219#12,わぁかったからぁッ！！,知道了啦――！！,translated,妮伊,a824b7861d,br=0 nl=0,1,
inc/event/res/03/me03_09.txt#21#12,"……ウチは天文への申請代理店も
兼ねてッから、シェルノトロンの
登録手続きから利用開始まで全部可能ッス。","……由于本店也兼做
向天文提交申请的代理商，从榭鲁诺特伦
的注册手续到开通使用都能全部搞定。",translated,白鹰,5c9d58f98f,br=0 nl=2,3,
inc/event/res/03/me03_09.txt#22#12,"普通は、利用者の遺伝子情報を
そのまま登録するんスけど、それだと
イオンちゃんだってバレバレなんで……。","一般情况下会直接登记使用者的
基因信息，但那样的话一下就会暴露
是依恩妹妹了……",translated,白鹰,feb991075b,br=0 nl=2,3,
inc/event/res/03/me03_09.txt#23#12,"天文へのアクセスにプロキシを噛まして、
その中で登録遺伝子の配列を
ちょいっといじっておくッス。","所以接入天文时挂个代理，
在传输中把登记的基因序列
稍微动点手脚。",translated,白鹰,52e9559c5e,br=0 nl=2,3,
inc/event/res/03/me03_09.txt#24#12,"ふ、ふぅん……。
ネイちゃん、わかる……？","嗯、嗯……
妮伊，你听得懂吗……？",translated,依恩,10f3ee31ed,br=0 nl=1,2,
inc/event/res/03/me03_09.txt#25#12,"ま、まぁね……要は架空の人物をでっち上げて、
それで登録しちゃうってコトでしょ。","大、大概吧……总之就是捏造一个
虚构的人物，用假身份去注册对吧。",translated,妮伊,b5163b5089,br=0 nl=1,2,
inc/event/res/03/me03_09.txt#26#12,"そういうこと。
登録者名は……そーだな、『ノイ』とでも
しとくッス。","就是这么回事。
注册名的话……那就叫“诺伊”好了。",translated,白鹰,38f20f1504,br=0 nl=2,3,
inc/event/res/03/me03_09.txt#27#12,"住民登録台帳と照合されるから、
これも偽のデータをアップしとく……。","因为会和居民登记簿进行比对，
这边也顺手上传一份假数据……",translated,白鹰,8dcf4006ba,br=0 nl=1,2,
inc/event/res/03/me03_09.txt#28#12,"バイオス使用許可レベルは
ウチに認められてる最大の６に設定しとくッス。","BIOS的使用许可等级，
就设成本店被允许的最大值6级吧。",translated,白鹰,4b2fe8e082,br=0 nl=1,2,
inc/event/res/03/me03_09.txt#29#12,"それなりの自由度があって便利ッスけど、
他のバイオス屋は使わないでね？","自由度相当高，挺方便的，
但千万别去其他BIOS屋哦？",translated,白鹰,3c033df33d,br=0 nl=1,2,
inc/event/res/03/me03_09.txt#30#12,"プロキシ噛ましてるから、
『ノイ』としてログインできるのは
ウチからだけなんで。いいッスね？","因为套了代理，能够以“诺伊”
身份登录的只有本店。
记住了吧？",translated,白鹰,b56306c7dd,br=0 nl=2,3,
inc/event/res/03/me03_09.txt#31#12,は、はい！,明、明白了！,translated,依恩,958dbedc9e,br=0 nl=0,1,
inc/event/res/03/me03_09.txt#32#12,"白鷹、イオンに{メゾンホール}の
TxBIOSクラス名を教えといて？","白鹰，把{公馆大厅}的
TxBIOS类名告诉依恩？",translated,妮伊,800c339d40,br=1 nl=1,2,keep-terms {メゾンホール}
inc/event/res/03/me03_09.txt#32#14,メゾン・セントリアの中心に位置する巨大なステージ。全１３階まであるメゾン・セントリアの通は、このメゾンホールを囲むように作られており、１～１３階全ての通からこのステージを眺望することが出来る。<CR>まさに街そのものがステージと言っても過言ではない。その収容可能人数は１万人を超え、コロンの平均人口が数万人程度であることを考えれば、その規模の大きさが分かるだろう。<CR>それ故、このメゾンホールの舞台に立てる者は数えるほどしかいない。唯一の例外を言えば、ラシェーラ・スターライトであり、その期間であれば、通常よりも緩い審査の元で舞台を利用できる。イオンは皇女であることとネイのコネによって利用可能とした。,位于中央公馆中心的巨型舞台。中央公馆多达13层的街道皆围绕着这座公馆大厅建造，从1至13层的各条街道均可俯瞰该舞台。<CR>说整个街区本身就是舞台也毫不为过。其容纳人数超过1万人，考虑到克隆的平均人口约为数万人左右，足见其规模之庞大。<CR>因此，能够登上公馆大厅舞台的人屈指可数。唯一的例外是拉榭拉星光举办期间，在此期间能够以比平时更宽松的审查标准使用该舞台。依恩则凭借皇女身份与妮伊的人脉得以获准使用。,translated,妮伊,8ee9fef801,<CR> <CR> br=0 nl=0,1,keep-tags <CR>; src-longest-line=303
inc/event/res/03/me03_09.txt#33#12,"へ？
なんでまた？","诶？
要那个干嘛？",translated,白鹰,dd7d2361ad,br=0 nl=1,2,
inc/event/res/03/me03_09.txt#34#12,"ちょ、ちょっとした
ステージパフォーマンスをね……。","要搞个小小的
舞台演出啦……",translated,妮伊,93427f1b68,br=0 nl=1,2,
inc/event/res/03/me03_09.txt#35#12,"マジすか、イオンちゃんが！？
それ、俺も観に行っていいッスか！？","真的假的，依恩妹妹要登台！？
那个，我也能去现场看吗！？",translated,白鹰,91fad1b1eb,br=0 nl=1,2,
inc/event/res/03/me03_09.txt#36#12,"懲りないわね、あんた……。
まぁいいわ、OK。","你还真是贼心不死呢……
算了，行吧。",translated,妮伊,17fec6f5dc,br=0 nl=1,2,
inc/event/res/03/me03_09.txt#37#12,"いぇい！
んじゃ、イオンちゃん。","好耶！
那么，依恩妹妹。",translated,白鹰,cf9e5e2715,br=0 nl=1,2,
inc/event/res/03/me03_09.txt#38#12,"そのジェノム君との同調を解いたら、
バイオスマシンに入って。
……始めようか。","先解除和那个杰诺姆的同调，
然后躺进BIOS舱里吧。
……我们开始吧。",translated,白鹰,7fdca99b9c,br=0 nl=2,3,
inc/event/res/03/me03_09.txt#39#12,は、はいっ。,好、好的。,translated,依恩,2184993ae4,br=0 nl=0,1,
inc/event/res/03/me03_09.txt#49#12,"これからジェノメトリクスに
入るんだけど、中に『{レオン}』がいるから。","接下来要进入杰诺梅特利库斯，
里面有“{雷昂}”在。",translated,白鹰,00827e591a,br=1 nl=1,2,keep-terms {レオン}
inc/event/res/03/me03_09.txt#49#14,シェルノトロンに搭載されている仮想生命体OSがレオン（REON-4213）である。<CR>シェルノトロンの一世代前に存在したG2トロンでは、プログラミングによって詩魔法を紡がれていたが、専門的な知識を持たない人々は容易に詩魔法を紡ぐことが出来なかった。そこで天文が生み出したのが、人工知能レオンである。<CR>レオンによってG2トロンはさらに進化し、シェルノトロンと呼ばれるようになる。そして、ジェノム以上に誰もが簡単に詩魔法が紡げるようになった。しかも、レオンはジェノムと違って拒絶もしないし、キャパシティも使用者に合わせてくれる。また同じレオンであっても、使用者によって容姿や性格が異なり、まさにその人だけのパートナーが出来上がっていくのである。,搭载于榭鲁诺特伦中的虚拟生命体OS即为雷昂（REON-4213）。<CR>在榭鲁诺特伦的前一代G2特伦中，诗魔法是通过编程来编织的，没有专业知识的人很难轻易编织出诗魔法。为此，天文研发出了人工智能雷昂。<CR>得益于雷昂，G2特伦进一步进化，被称为榭鲁诺特伦。自此任何人都能比借助杰诺姆更加轻松地编织诗魔法。而且雷昂与杰诺姆不同，既不会排斥使用者，容量上限也会配合使用者调整。此外，即使是同一个雷昂，容貌与性格也会因使用者而异，从而成长为专属于使用者的独一无二的搭档。,translated,白鹰,7fe222437e,<CR> <CR> br=0 nl=0,1,keep-tags <CR>; src-longest-line=325
inc/event/res/03/me03_09.txt#50#12,レオン……？,雷昂……？,translated,依恩,59cd310c5b,br=0 nl=0,1,
inc/event/res/03/me03_09.txt#51#12,"向こうが名乗るはずだから大丈夫ッス。
んで、バイオス登録するかと聞かれたら――","对方应该会自我介绍的，别担心。
然后，要是被问到是否登记BIOS――",translated,白鹰,4e1419aa5e,br=0 nl=1,2,
inc/event/res/03/me03_09.txt#52#12,"「biosClass_planet_maison_hall」って
答えること。","就回答
“biosClass_planet_maison_hall”。",translated,白鹰,317df8c549,br=0 nl=1,2,src-longest-line=32
inc/event/res/03/me03_09.txt#53#12,わ、わかりましたっ！,我、我知道了！,translated,依恩,ea7f83fd9e,br=0 nl=0,1,
inc/event/res/03/me03_09.txt#55#12,じゃ、目ぇ瞑って……。,那，闭上眼睛……,translated,白鹰,fe2f0364a5,br=0 nl=0,1,
inc/event/res/03/me03_09.txt#61#12,"システム、アップリンク……。
アクセス開始。","系统，上行链接……
开始连接。",translated,白鹰,16a67ff14b,br=0 nl=1,2,
inc/event/res/03/me03_09.txt#84#12,……っ！,……唔！,translated,依恩,6642889c01,br=0 nl=0,1,
inc/event/res/03/me03_09.txt#85#12,"ジェノメトリクス……。
テレくんと同調して来るのと同じだけど……
どこか、感覚が違うような……。","杰诺梅特利库斯……
虽然和与泰勒同调时一样……
但总感觉有哪里不太对劲……",translated,依恩,903c7f6e02,br=0 nl=2,3,
inc/event/res/03/me03_09.txt#87#12,"シェルノトロン・サインアップゲートへ
ようこそ、ノイ様。","欢迎来到榭鲁诺特伦注册网关，
诺伊大人。",translated,雷昂,8b2a185ee8,br=0 nl=1,2,
inc/event/res/03/me03_09.txt#88#12,えっ！？,诶！？,translated,依恩,d0266993ff,br=0 nl=0,1,
inc/event/res/03/me03_09.txt#89#12,"これより、帝立天文学量子波動学研究所、
通称天文への接続を行います。","接下来将为您连接帝立天文学量子波动学研究所，
通称天文。",translated,雷昂,642071fa32,br=0 nl=1,2,
inc/event/res/03/me03_09.txt#90#12,"ノイ様の遺伝子情報を天文に登録させて
いただきます。よろしいですか？","现在开始向天文登记诺伊大人的
基因信息。请问是否同意？",translated,雷昂,df70ecf50b,br=0 nl=1,2,
inc/event/res/03/me03_09.txt#91#12,は、はい。,好、好的。,translated,依恩,eef30d3fcf,br=0 nl=0,1,
inc/event/res/03/me03_09.txt#92#12,"かしこまりました。
それでは、サインアップを開始します。","遵命。
那么，开始注册流程。",translated,雷昂,ba644eb07b,br=0 nl=1,2,
inc/event/res/03/me03_09.txt#96#12,"（……ん？　
　なんだか……時間が掛かってる……？）","（……咦？
　总感觉……花了好长时间……？）",translated,依恩,b73f2ecaf7,br=0 nl=1,2,
inc/event/res/03/me03_09.txt#97#12,"（どうしよう、
　やっぱりズルっこしてるからかな……？）","（怎么办，
　果然是因为作弊了的关系吗……？）",translated,依恩,743b835cc0,br=0 nl=1,2,
inc/event/res/03/me03_09.txt#98#12,"（ここも、テレ君のときと同じ風景なのに
　すごく居心地が悪い……）","（这里明明和泰勒那时候是同样的风景，
　却让人感觉格外局促不适……）",translated,依恩,e71e3613c9,br=0 nl=1,2,
inc/event/res/03/me03_09.txt#99#12,あ、あの……。,请、请问……,translated,依恩,84da849edf,br=0 nl=0,1,
inc/event/res/03/me03_09.txt#101#12,"おめでとうございます！
サインアップに成功しました！","恭喜您！
注册成功了！",translated,雷昂,bb365799f4,br=0 nl=1,2,
inc/event/res/03/me03_09.txt#102#12,ひぁっ！？,呀啊！？,translated,依恩,c7c142e65e,br=0 nl=0,1,
inc/event/res/03/me03_09.txt#103#12,ぅわ……あ、あの。,哇……请、请问。,translated,依恩,bcb47d7671,br=0 nl=0,1,
inc/event/res/03/me03_09.txt#104#12,"ようこそ、シェルノトロンへ！
私はシェルノトロンの
オペレーティングシステム――","欢迎来到榭鲁诺特伦！
我是榭鲁诺特伦的
操作系统――",translated,雷昂,ba632a4684,br=0 nl=2,3,
inc/event/res/03/me03_09.txt#105#12,"レオン・バージョン4213と申します。
私はジェノムに相当する、
あなたのパートナーとなる存在。","雷昂4213版。
相当于杰诺姆，
是将成为您搭档的存在。",translated,雷昂,26c93f6987,br=0 nl=2,3,
inc/event/res/03/me03_09.txt#106#12,以後、レオンとお呼びください。,今后请直接称呼我为雷昂。,translated,雷昂,8a912ec883,br=0 nl=0,1,
inc/event/res/03/me03_09.txt#107#12,は、はい。よろしくお願いします。,好、好的。请多关照。,translated,依恩,7313bc35ed,br=0 nl=0,1,
inc/event/res/03/me03_09.txt#108#12,"それではノイ様。
さっそく、メイクを行いますか？
それとも、サインアウトなさいますか？","那么，诺伊大人。
现在立刻开始制作吗？
还是说，您要先退出登录？",translated,雷昂,85ca2403e8,br=0 nl=2,3,
inc/event/res/03/me03_09.txt#109#12,メイク、って……？,制作……是指？,translated,依恩,a20650ebcb,br=0 nl=0,1,
inc/event/res/03/me03_09.txt#110#12,"メイクとは、詩魔法を紡ぐための
プログラミングのこと。","所谓制作，是指为了编织诗魔法
而进行的编程。",translated,雷昂,924a97c62a,br=0 nl=1,2,
inc/event/res/03/me03_09.txt#111#12,"ジェノムとの同調を経験し、
詩魔法を紡いだことがおありでしたら
何も難しいことはありません。","如果您曾与杰诺姆同调并编织过诗魔法，
那便没有任何困难之处。",translated,雷昂,5e746ea057,br=0 nl=2,3,
inc/event/res/03/me03_09.txt#112#12,"しかも、私はジェノムと違い、
ノイ様の声帯に最適化し、最大効率にて
謳えるようチューニングを行います。","而且我与杰诺姆不同，
会针对诺伊大人的声带进行优化微调，
以确保能以最高效率咏唱。",translated,雷昂,dbe22ffc23,br=0 nl=2,3,
inc/event/res/03/me03_09.txt#113#12,"ノイ様のご希望を最大限反映するよう、
努力させていただきます。","我会竭尽全力，
最大程度地反映诺伊大人的心愿。",translated,雷昂,2c0ae07cfd,br=0 nl=1,2,
inc/event/res/03/me03_09.txt#114#12,"わ、わかりました。
それじゃ、メイクします……っ。","我、我知道了。
那么，开始制作吧……",translated,依恩,5b4d1b9a8c,br=0 nl=1,2,
inc/event/res/03/me03_09.txt#115#12,"かしこまりました。
サインアウトされる際は
いつでもお申し付けください。","遵命。
若想退出登录，
请随时向我吩咐。",translated,雷昂,42419799bb,br=0 nl=2,3,
inc/event/res/03/me03_09.txt#116#12,それではメイクを行います。,那么，现在开始制作。,translated,雷昂,c578b6200b,br=0 nl=0,1,
inc/event/res/03/me03_09.txt#117#12,"メイクでは、ノイ様の想いを
物質界に具現化し、その力を作用させる
ための詩魔法を紡ぎます。","在制作中，将把诺伊大人的心愿
具现化于物质界，并编织出
用以发挥该力量的诗魔法。",translated,雷昂,7b4a42d709,br=0 nl=2,3,
inc/event/res/03/me03_09.txt#118#12,まず、オプションを指定してください。,首先，请指定设置选项。,translated,雷昂,82411cf48b,br=0 nl=0,1,
inc/event/res/03/me03_09.txt#119#12,"ノイ様は現在、
バイオスゲート2-2231-324に接続中です。
レベル６のTxBIOSとリンクが可能です。","诺伊大人目前已连接至
BIOS网关2-2231-324。
可与等级6的TxBIOS建立链接。",translated,雷昂,b679308cb7,br=0 nl=2,3,
inc/event/res/03/me03_09.txt#120#12,"TxBIOSとリンクし、バイオス登録される
場合は、バイオス名をご指定ください。","若要与TxBIOS建立链接并登记BIOS，
请指定BIOS名称。",translated,雷昂,45f03c7373,br=0 nl=1,2,
inc/event/res/03/me03_09.txt#121#12,"え、えっと……
biosClass_planet_maison_hall……？","诶、那个……
biosClass_planet_maison_hall……？",translated,依恩,566a9eee2e,br=0 nl=1,2,src-longest-line=31
inc/event/res/03/me03_09.txt#123#12,"バイオスクラス・プラネットメゾンホール、
確認致しました。
それでは環境を構築します。","BIOS类名・行星公馆大厅，
已确认。
那么，现在开始构建环境。",translated,雷昂,93a7ace9ba,br=0 nl=2,3,
inc/event/res/03/me03_09.txt#140#12,"わ、ぅわ……！
あのホールだ……！","哇、哇啊……！
是那个大厅……！",translated,依恩,a12510f3ec,br=0 nl=1,2,
inc/event/res/03/me03_09.txt#141#12,プラネットメゾンホール、構築完了しました。,行星公馆大厅，构建完毕。,translated,雷昂,4c731e7c28,br=0 nl=0,1,
inc/event/res/03/me03_09.txt#142#12,この環境の機能制御が利用可能となっています。,当前已可使用该环境的功能控制。,translated,雷昂,84786c9b0e,br=0 nl=0,1,
inc/event/res/03/me03_09.txt#143#12,想いを募らせ、場をコントロールしてください。,请凝聚您的心愿，对场地进行控制。,translated,雷昂,a3ebdffc06,br=0 nl=0,1,
inc/event/res/03/me03_09.txt#144#12,"私がノイ様の想いを詩へと変換します。
その詩を現実世界で謳うことで――","我将把诺伊大人的心愿转化为诗歌。
只要在现实世界中咏唱那首诗歌――",translated,雷昂,4888ec6291,br=0 nl=1,2,
inc/event/res/03/me03_09.txt#145#12,"ノイ様が想い描かれたとおりの
コントロールが実現されます。","便能实现诺伊大人
所想象的控制效果。",translated,雷昂,da344a3216,br=0 nl=1,2,
inc/event/res/03/me03_09.txt#146#12,"え、と……こんな風になったらいいな、って
想えばいいんですね？","诶，也就是说……只要想象着
“希望变成这样”就可以了吧？",translated,依恩,380c769a6f,br=0 nl=1,2,
inc/event/res/03/me03_09.txt#147#12,はい。,是的。,translated,雷昂,8b9236cd4b,br=0 nl=0,1,
inc/event/res/03/me03_09.txt#148#12,（じゃあ……赤いステージに！）,（那么……变成红色的舞台！）,translated,依恩,50642c65ba,br=0 nl=0,1,
inc/event/res/03/me03_09.txt#155#12,わっ、あ、赤くなった！,哇，变、变红了！,translated,依恩,86b4ea8677,br=0 nl=0,1,
inc/event/res/03/me03_09.txt#156#12,（もう一度……今度は、青！）,（再试一次……这次是，蓝色！）,translated,依恩,571e12aff9,br=0 nl=0,1,
inc/event/res/03/me03_09.txt#163#12,ホントだ、青く……！,真的耶，变成蓝……！,translated,依恩,b135260d47,br=0 nl=0,1,
inc/event/res/03/me03_09.txt#164#12,（ライト、点け……！）,（灯光，亮起……！）,translated,依恩,1da7a20e0c,br=0 nl=0,1,
inc/event/res/03/me03_09.txt#171#12,"すごい……！
ホントに想ったとおりになる……！","好厉害……！
真的完全按所想的变了……！",translated,依恩,976b814bed,br=0 nl=1,2,
inc/event/res/03/me03_09.txt#176#12,"あの、ちょっとお試しで紡いでみて
いいですか？",那个，能稍微试着编织一下看看吗？,translated,依恩,60b2e572e4,br=0 nl=1,2,
inc/event/res/03/me03_09.txt#177#12,"かしこまりました。
どうぞ。","遵命。
请便。",translated,雷昂,7bea8f202b,br=0 nl=1,2,
inc/event/res/03/me03_09.txt#200#12,……ッ！,……唔！,translated,依恩,b396cc5608,br=0 nl=0,1,
inc/event/res/03/me03_09.txt#203#12,"いまの詩が、レオンさんの紡いでくれた
詩ですか？","刚才的那首诗，
就是雷昂先生为我编织的诗吗？",translated,依恩,01f5f18b03,br=0 nl=1,2,
inc/event/res/03/me03_09.txt#204#12,はい。ノイ様の想いを詩に変換したものです。,是的。这是将诺伊大人的心愿转化为诗歌后的产物。,translated,雷昂,6df0db7d3e,br=0 nl=0,1,
inc/event/res/03/me03_09.txt#205#12,うぅん……そう、ですか……。,唔……这、这样啊……,translated,依恩,f48d7beca2,br=0 nl=0,1,
inc/event/res/03/me03_09.txt#206#12,"正常に変換されませんでしたか……？
エラーは未検出ですし、
仕様通りの詩魔法のはずですが……。","未能正常转换吗……？
系统并未检测出错误，
应该完全符合规范的诗魔法才对……",translated,雷昂,cc0975c00c,br=0 nl=2,3,
inc/event/res/03/me03_09.txt#207#12,"いえ、きっとわたしのイメージが
足りなかっただけだと思うので……。","不，我想一定只是
我自己想象得不够充分而已……",translated,依恩,680ca4a133,br=0 nl=1,2,
inc/event/res/03/me03_09.txt#208#12,"ごめんなさい、今日はここまでにします。
あ、えっと、サインアウト。","对不起，今天就先到这里吧。
啊，那个，退出登录。",translated,依恩,88c3f5d2e9,br=0 nl=1,2,
inc/event/res/03/me03_09.txt#209#12,"かしこまりました。
ではまた、ジェノメトリクスで
お待ちしております、ノイ様。","遵命。
诺伊大人，雷昂在杰诺梅特利库斯
静候您的再次光临。",translated,雷昂,796dbea07e,br=0 nl=2,3,
inc/event/res/03/me03_09.txt#229#12,……っ！,……呼！,translated,依恩,6642889c01,br=0 nl=0,1,
inc/event/res/03/me03_09.txt#230#12,お、帰ってきた。,哦，回来了。,translated,白鹰,37b8d617b9,br=0 nl=0,1,
inc/event/res/03/me03_09.txt#231#12,"イオン、どうだった！？
ちゃんと登録できた？","依恩，怎么样！？
顺利登记了吗？",translated,妮伊,de961d0000,br=0 nl=1,2,
inc/event/res/03/me03_09.txt#232#12,"ネイちゃん。
うん、登録はちゃんとできたみたい。
ホールがそっくりそのまま出てきて……。","妮伊。
嗯，好像顺利登记上了。
那个大厅一模一样地浮现出来了……",translated,依恩,dcedbd1aee,br=0 nl=2,3,
inc/event/res/03/me03_09.txt#233#12,"おぉー、いいカンジ！
それでそれで？","哦哦――感觉不错嘛！
然后呢然后呢？",translated,妮伊,d04846e693,br=0 nl=1,2,
inc/event/res/03/me03_09.txt#234#12,"でも……作ってもらった詩が……、
なんだかあんまりしっくり来ないっていうか……。","但是……编创出来的诗……
总觉得有点不太对劲……",translated,依恩,1afdd8d7b2,br=0 nl=1,2,
inc/event/res/03/me03_09.txt#235#12,"うまく言えないけど、自分の想い全部が
ちゃんと伝わってるって感じが、
どうしてもしなくて……。","虽然说不太上来，但我无论如何
都感受不到自己的心意
完全被传达进去了……",translated,依恩,5d8241c0fb,br=0 nl=2,3,
inc/event/res/03/me03_09.txt#236#12,"でしょー！？
シェルノトロンってそーなんスよ！","对吧――！？
榭鲁诺特伦就是这样的！",translated,白鹰,470e693e16,br=0 nl=1,2,
inc/event/res/03/me03_09.txt#237#12,"俺もいっつもそう思うんス！
なんかこう、薄っぺらいって言うかさー！","我也老是这么觉得！
总觉得怎么说呢，太单薄了啊――！",translated,白鹰,d37a5f8d08,br=0 nl=1,2,
inc/event/res/03/me03_09.txt#238#12,白鷹、あんたは黙っててよっ。,白鹰，你给我闭嘴啦。,translated,妮伊,63d83248fc,br=0 nl=0,1,
inc/event/res/03/me03_09.txt#240#12,"まぁシェルノトロンも
TxBIOS使うのも初めてなんだから
今日はしょうがないよ。","算了，毕竟是第一次用榭鲁诺特伦
和TxBIOS，
今天这样也是没办法的。",translated,妮伊,3e64ac4d1c,br=0 nl=2,3,
inc/event/res/03/me03_09.txt#241#12,"何度かジェノメトリクスに入って
試していけば、慣れると思うよ。","多进几次杰诺梅特利库斯试一试，
我想就会习惯的啦。",translated,妮伊,f92ca111fc,br=0 nl=1,2,
inc/event/res/03/me03_09.txt#242#12,"うん……。
でも今日はもう、テレ君とハーモニクス
したい。","嗯……
不过今天我已经想跟泰勒
进行谐波了。",translated,依恩,3aa55e40b0,br=0 nl=2,3,
inc/event/res/03/me03_09.txt#243#12,きゅう♪,啾♪,translated,泰雷芬肯,d0aaf98e51,br=0 nl=0,1,
inc/event/res/03/me03_09.txt#252#12,"――やっぱり、テレ君と同調するのが
一番落ち着くなっ♪","――果然还是跟泰勒同调
最让人安心了呢♪",translated,依恩,c1786a2b0f,br=0 nl=1,2,
inc/event/res/03/me03_09.txt#253#12,きゅうきゅうっ♪,啾啾♪,translated,泰雷芬肯,1986d9f8c3,br=0 nl=0,1,
inc/event/res/03/me03_09.txt#254#12,"ネイちゃん、イオンちゃん。
今日はもう遅いぜ？
そろそろ帰って休んだほーが。","妮伊妹妹、依恩妹妹。
今天已经很晚了哦？
差不多该回去休息了吧。",translated,白鹰,9ba2ac491c,br=0 nl=2,3,
inc/event/res/03/me03_09.txt#255#12,"おっと、そーね。
明日も特訓しなきゃだし！
イオン、これから毎日だからねっ。","哎呀，也是呢。
明天还要特训呢！
依恩，从现在开始每天都要练哦。",translated,妮伊,bc1fa448ec,br=0 nl=2,3,
inc/event/res/03/me03_09.txt#256#12,う、うん……わたし、がんばる！,嗯、嗯……我会加油的！,translated,依恩,0973d8daf2,br=0 nl=0,1,
inc/event/res/03/me03_10.txt#30#12,"集中して、イオン！
そこでトゥ、ターン！","集中精神，依恩！
在那里脚尖点地，转体！",translated,妮伊,e4b9b58732,br=0 nl=1,2,
inc/event/res/03/me03_10.txt#31#12,はぁ、はぁ……きゃっ！,哈啊、哈啊……呀啊！,translated,依恩,9a7d8f0e8d,br=0 nl=0,1,
inc/event/res/03/me03_10.txt#35#12,"もーっ、何やってんのよ！！
あれから何日練習してると思ってんの！？","真是的――在干嘛啦！！
你以为从那天起已经练了多少天了！？",translated,妮伊,7047dc0bae,br=0 nl=1,2,
inc/event/res/03/me03_10.txt#36#12,だ、だって……。,可、可是……,translated,依恩,90603723ed,br=0 nl=0,1,
inc/event/res/03/me03_10.txt#37#12,"だってじゃない！！
ほら立って、もう一回！","没有什么可是！！
快站起来，再来一次！",translated,妮伊,0f7f2e64ed,br=0 nl=1,2,
inc/event/res/03/me03_10.txt#38#12,うぅ……。,呜呜……,translated,依恩,7e9d35f0a5,br=0 nl=0,1,
inc/event/res/03/me03_10.txt#40#12,"（はあぁっ……！
　この子、ホントにどんくさいんだから！）","（哈啊……！
　这孩子，还真是笨手笨脚的！）",translated,妮伊,a80c4641a1,br=0 nl=1,2,
inc/event/res/03/me03_10.txt#41#12,"テンポ守って！
トゥ、ターン！","跟上节拍！
脚尖点地，转体！",translated,妮伊,4a697ec6ff,br=0 nl=1,2,
inc/event/res/03/me03_10.txt#42#12,はぁ、はぁ、はぁ……。,哈啊、哈啊、哈啊……,translated,依恩,fdaad813ad,br=0 nl=0,1,
inc/event/res/03/me03_10.txt#43#12,軸を倒さない、まっすぐ！,重心别歪，挺直！,translated,妮伊,44347ec4ce,br=0 nl=0,1,
inc/event/res/03/me03_10.txt#45#12,"トップロック！　１・２、１・２……
ツイスト！","摇摆步！1、2，1、2……
转身！",translated,妮伊,15b29b772d,br=0 nl=1,2,
inc/event/res/03/me03_10.txt#47#12,はぁっ……はぁっ……はぁっ……。,哈啊……哈啊……哈啊……,translated,依恩,ee9a73026d,br=0 nl=0,1,
inc/event/res/03/me03_10.txt#48#12,"ぜんっぜんできてないじゃん、
ここ何回やったと思ってんの！？","完――全不行嘛，
你以为这里已经练了多少次了！？",translated,妮伊,bf8527d5a7,br=0 nl=1,2,
inc/event/res/03/me03_10.txt#49#12,はぁっ……はぁっ……。,哈啊……哈啊……,translated,依恩,18722a632f,br=0 nl=0,1,
inc/event/res/03/me03_10.txt#53#12,"いい！？　もうコンテストにはエントリーして、
イオンが出るってことは
とっくに知れ渡ってるんだよ！？","听好没！？比赛都已经报名了，
依恩要出场的事
早就传得人尽皆知了啊！？",translated,妮伊,adf32fda16,br=0 nl=2,3,
inc/event/res/03/me03_10.txt#54#12,"いまさら尻尾巻いて逃げるわけには
いかないんだから！！","事到如今我们可绝对不能
夹着尾巴逃跑啊！！",translated,妮伊,87db5f2650,br=0 nl=1,2,
inc/event/res/03/me03_10.txt#55#12,"ごめ……んなさい……、
はぁっ、はぁっ……。","对……对不起……
哈啊、哈啊……",translated,依恩,87013173ea,br=0 nl=1,2,
inc/event/res/03/me03_10.txt#56#12,"あれからシェルノトロンとの同調も
全然うまくいってないし……。","从那之后跟榭鲁诺特伦的同调
也完全不顺利……",translated,妮伊,7b7846fed0,br=0 nl=1,2,
inc/event/res/03/me03_10.txt#57#12,"踊りと、詩魔法で作る演出が調和して、
ようやく見せられるものに
なるんだよイオン！？","必须让舞蹈和诗魔法制造的舞台特效相调和，
才能成为拿得出手的表演啊，依恩！？",translated,妮伊,e06940510c,br=0 nl=2,3,
inc/event/res/03/me03_10.txt#58#12,"なのに、どっちもダメなんて……！
そんなの演るだけ逆効果じゃん！","可你两边都一塌糊涂……！
这样上去表演根本只会适得其反嘛！",translated,妮伊,5d793d99b9,br=0 nl=1,2,
inc/event/res/03/me03_10.txt#59#12,そんな、こと……言ったって……。,就算……你这么说……,translated,依恩,c449d0c855,br=0 nl=0,1,
inc/event/res/03/me03_10.txt#61#12,"あんた、ホントにまじめにやってる！？
いくら運動音痴だからって、
程度ってもんがあるでしょ！？","你到底有没有认真在做啊！？
就算运动神经再差，
也总该有个限度吧！？",translated,妮伊,afd682442b,br=0 nl=2,3,
inc/event/res/03/me03_10.txt#62#12,"いい加減、真剣にやんなよ！
腹くくんなよ！","差不多该认真点了吧！
拿出破釜沉舟的气魄来啊！",translated,妮伊,b2fdb15d00,br=0 nl=1,2,
inc/event/res/03/me03_10.txt#63#12,"がんばる！　とか、いつも口先ばっか！
あたしそういうの大ッ嫌い！
超むかつく！！","“加油！”什么的，每次都光会耍嘴皮子！
我最讨厌这种人了！
超火大的！！",translated,妮伊,63a7f8c52a,br=0 nl=2,3,
inc/event/res/03/me03_10.txt#67#12,や、ってる……！,我、我很认真……！,translated,依恩,f73b193e84,br=0 nl=0,1,
inc/event/res/03/me03_10.txt#68#12,あ？,啊？,translated,妮伊,d04d02d015,br=0 nl=0,1,
inc/event/res/03/me03_10.txt#71#12,やってるよ！　やってます！！,我很认真啊！我一直都很认真！！,translated,依恩,3fc00a185e,br=0 nl=0,1,
inc/event/res/03/me03_10.txt#73#12,"ネイちゃんヒドいよ……！
わたし、ホントに一生懸命やってるのに、
どうして信じてくれないの！！？？","妮伊太过分了……！
我明明真的拼尽全力在做了，
为什么就是不肯相信我呢！！？？",translated,依恩,0ec0242c97,br=0 nl=2,3,
inc/event/res/03/me03_10.txt#74#12,"信じてるでしょーが、こうして！！
何が何でもやってもらわなきゃいけないから
こうして特訓してんでしょ！","我不就是因为相信你才这样的吗！！
因为无论如何都得让你完成，
我才像这样陪你特训的不是吗！",translated,妮伊,2e498aa3a6,br=0 nl=2,3,
inc/event/res/03/me03_10.txt#75#12,"じゃあ、過信してるんだよ！
わたしもう無理、ついてけないっ！！","那也是你太高估我了！
我已经受不了了，跟不上了啦！！",translated,依恩,1c559638f6,br=0 nl=1,2,
inc/event/res/03/me03_10.txt#78#12,"あっ、どこ行くのよイオンっ！
待ちなさいっ！","啊，依恩你去哪啊！
给我站住！",translated,妮伊,191fd9e4fb,br=0 nl=1,2,
inc/event/res/03/me03_10.txt#79#12,きゅぅっ！！,啾――！！,translated,泰雷芬肯,891504f05d,br=0 nl=0,1,
inc/event/res/03/me03_10.txt#81#12,もういい、知らないっ！！,够了，我不管了啦！！,translated,依恩,6ca7d2f2b9,br=0 nl=0,1,
inc/event/res/03/me03_10.txt#83#12,イオン……ッ！！,依恩……！！,translated,妮伊,c30a75e321,br=0 nl=0,1,
inc/event/res/03/me03_10.txt#97#12,ふン、ふン、ふーン……♪,哼、哼、哼――♪,translated,白鹰,d4195b3dd9,br=0 nl=0,1,
inc/event/res/03/me03_10.txt#98#12,"さっさと片付け、終わらしてぇー♪
イオンちゃんフィギュア作るッスー♪","赶紧收拾完，收工收工♪
做依恩妹妹的手办喽――♪",translated,白鹰,5d17cb6400,br=0 nl=1,2,
inc/event/res/03/me03_10.txt#99#12,"『よろしい、ならばハイレグだッ！』
……ふン、ふン、ふふふーン……♪","‘很好，既然如此就做高叉款！’
……哼、哼、哼哼哼――♪",translated,白鹰,d69dc63380,br=0 nl=1,2,
inc/event/res/03/me03_10.txt#103#12,ん……？,嗯……？,translated,白鹰,84fe9c5be9,br=0 nl=0,1,
inc/event/res/03/me03_10.txt#104#12,"すみませんねー、
今日はもうカンバンで……。","抱歉哦――
今天已经打烊了……",translated,白鹰,607d00010a,br=0 nl=1,2,
inc/event/res/03/me03_10.txt#107#12,"……いッ！！？？
イオンちゃん！？","……依！！？？
依恩妹妹！？",translated,白鹰,ff08a44478,br=0 nl=1,2,
inc/event/res/03/me03_10.txt#109#12,"ごめ……んなさい……、急に……。
でも、他に行けるとこ、なくて……。","对……对不起……突然跑来……
可是，我已经没有其他地方可以去了……",translated,依恩,6c0aea5ac6,br=0 nl=1,2,
inc/event/res/03/me03_10.txt#110#12,ど、どーしたんッスか、突然……！？,怎、怎么了啊，突然跑来……！？,translated,白鹰,dc0c6e3ded,br=0 nl=0,1,
inc/event/res/03/me03_10.txt#111#12,"（……つーか、その服！！
　露出たっけー！　リアルフィギュア並！）","（……话说，这身衣服！！
　暴露度好高！简直跟真手办一样！）",translated,白鹰,ef6a21cf5a,br=0 nl=1,2,
inc/event/res/03/me03_10.txt#112#12,"（……ん？　これひょっとして、
　プリティベリーちゃんの舞台衣装じゃ
　ないッスか！？）","（……嗯？这该不会是……
　靓丽浆果酱的舞台演出服吧！？）",translated,白鹰,c2e92aaea6,br=0 nl=2,3,
inc/event/res/03/me03_10.txt#113#12,"（ぬおおぉぉ、皇女イオンちゃんが
　踊り子プリティベリーちゃんの
　衣装着てるとか！！）","（嗷嗷嗷，皇女依恩妹妹
　居然穿着舞女靓丽浆果酱的
　演出服装！！）",translated,白鹰,6ecc066297,br=0 nl=2,3,
inc/event/res/03/me03_10.txt#114#12,"（世界が嫉妬するふたつのＭＯＥが、
　俺の目の前でいまひとつに……ッッ！！）","（令全世界为之嫉妒的两大萌点，
　现在竟然在我眼前融为一体了……！！）",translated,白鹰,0412bb1e94,br=0 nl=1,2,
inc/event/res/03/me03_10.txt#116#12,っく、ぅう……ぐす、ん……。,呜、呜呜……抽、泣……,translated,依恩,e23a4d6aac,br=0 nl=0,1,
inc/event/res/03/me03_10.txt#117#12,"うわわ、と、とにかく入って、
落ち着いてくださいッス、ね？","哇哇，总、总之先请进，
先冷静一下好吗？",translated,白鹰,1588f4c163,br=0 nl=1,2,
inc/event/res/03/me03_10.txt#118#12,ぐすっ、ぅう……はい……くすん……。,吸……呜呜……好……呜……,translated,依恩,7db2456354,br=0 nl=0,1,
inc/event/res/03/me03_10.txt#120#12,ひっく、うぅ………。,呜呜、呜……,translated,依恩,866bb74788,br=0 nl=0,1,
inc/event/res/03/me03_10.txt#121#12,（……ヤバいス）,（……不妙了啊）,translated,白鹰,893fe3e552,br=0 nl=0,1,
inc/event/res/03/me03_10.txt#122#12,"（天文の皇女さまが……泣いてる！
　俺の店で、俺とふたりきり状態でッ！）","（天文的皇女大人……在哭！
　在我的店里，和我孤男寡女独处一室！！）",translated,白鹰,3ad09b3d29,br=0 nl=1,2,
inc/event/res/03/me03_10.txt#123#12,（……超ハイ露出で！！）,（……而且还是超高暴露度！！）,translated,白鹰,5ceae81a02,br=0 nl=0,1,
inc/event/res/03/me03_10.txt#124#12,"（いや待て、そこじゃないッ！
　そこじゃないハズだが……そこを
　ハズしてはこの状況を語れんッ！！）","（不对等等，重点不在这里！
　虽然重点肯定不在这里……但要是漏掉这点
　根本就没办法描述当下的状况啊！！）",translated,白鹰,4f3393eeee,br=0 nl=2,3,
inc/event/res/03/me03_10.txt#125#12,"（マジでココ正念場！
　俺の人生最大最ＭＯＥの……ッ！）","（这绝对是关键时刻！
　我人生中最大最萌的……！！）",translated,白鹰,2616675e83,br=0 nl=1,2,
inc/event/res/03/me03_10.txt#126#12,あ、あの……。,那、那个……,translated,白鹰,84da849edf,br=0 nl=0,1,
inc/event/res/03/me03_10.txt#127#12,ひぐ、ぅっうっ……ぐすん……。,呜、呜呜……抽泣……,translated,依恩,618deab5d3,br=0 nl=0,1,
inc/event/res/03/me03_10.txt#128#12,"な、なんか羽織ってもらってその……ね？
あコレ着ますか俺の上着ッスけどってぅわ
臭ッ、ははゴメンね洗濯してねーコレ……。","披、披上点什么比较……对吧？
啊要穿这个吗虽然是我的外套等等哇啊
好臭，哈哈抱歉啊这件还没洗过……",translated,白鹰,d08e027c67,br=0 nl=2,3,
inc/event/res/03/me03_10.txt#130#12,ぐすっ……ぅ、ふふっ……っずずっ……。,噗……唔、呵呵……吸鼻涕……,translated,依恩,797c8f298f,br=0 nl=0,1,
inc/event/res/03/me03_10.txt#131#12,"あっ、笑ったっ！
イ、イオンちゃんその、
できれば泣かないで、ねっ？","啊，笑了！
依、依恩妹妹那个，
尽量不要哭了好不好？",translated,白鹰,aaf8c4bad8,br=0 nl=2,3,
inc/event/res/03/me03_10.txt#132#12,ぅう……し、白鷹さん……ぅぐ……。,呜呜……白、白鹰先生……呜……,translated,依恩,d71db22cc1,br=0 nl=0,1,
inc/event/res/03/me03_10.txt#133#12,"よ、よければ事情、
教えてくれたらなって……。","方、方便的话，
可以告诉我发生什么事了吗……？",translated,白鹰,782c30d19d,br=0 nl=1,2,
inc/event/res/03/me03_10.txt#134#12,ぐすっ、……ネ、ネイちゃんと……。,抽泣……和、和妮伊……,translated,依恩,7ac8e25119,br=0 nl=0,1,
inc/event/res/03/me03_10.txt#135#12,うん、ネイちゃんと……？,嗯，和妮伊……？,translated,白鹰,9549d306e1,br=0 nl=0,1,
inc/event/res/03/me03_10.txt#136#12,け……けんか、した……の、っ……。,吵……吵架、了……呜……,translated,依恩,1415ad17ff,br=0 nl=0,1,
inc/event/res/03/me03_10.txt#139#12,"そっか。
……落ち着いたら、話してみて？","这样啊。
……等心情平静下来再慢慢说？",translated,白鹰,6772c8ed49,br=0 nl=1,2,
inc/event/res/03/me03_10.txt#140#12,……っく、ぅう……うん、……。,……呜、呜呜……嗯……,translated,依恩,f031be9755,br=0 nl=0,1,
inc/event/res/03/me03_11.txt#2#12,別シートへ。,转至另一工作表。,translated,,6a3e6b7ba6,br=0 nl=0,1,
inc/event/res/03/me03_12.txt#16#12,そういうことだったッスか……。,原来是这么回事啊……,translated,白鹰,f7be46e319,br=0 nl=0,1,
inc/event/res/03/me03_12.txt#18#12,"わ、わたし……、一生懸命、
練習してるっ、のに……。
ネイちゃん全然聞いてっ、くれなくて……。","我、我明明……很认真在、
练习了的……
妮伊却完全不听、我说……",translated,依恩,ee55b006b5,br=0 nl=2,3,
inc/event/res/03/me03_12.txt#19#12,"うーん……。
たぶん、たぶんッスけど……。","唔――
大概、只是大概哦……",translated,白鹰,6da8f73898,br=0 nl=1,2,
inc/event/res/03/me03_12.txt#20#12,"ネイちゃん、イオンちゃんのことを
思うあまりに、焦ってんじゃないッスかね。","妮伊妹妹也是因为太为你着想，
才会一时着急了吧。",translated,白鹰,52ce708e76,br=0 nl=1,2,
inc/event/res/03/me03_12.txt#21#12,……えっ？,……诶？,translated,依恩,2347919e33,br=0 nl=0,1,
inc/event/res/03/me03_12.txt#22#12,"キツい言い方すんのも、
きっと嫌いだからとかじゃなくて。","说话语气那么冲，
也肯定不是因为讨厌依恩妹妹。",translated,白鹰,3bd7763718,br=0 nl=1,2,
inc/event/res/03/me03_12.txt#23#12,"ステージを成功させて、
イオンちゃんがみんなに認められて――","她是希望舞台能够成功，
希望依恩妹妹能得到大家的认可――",translated,白鹰,0e41b317a2,br=0 nl=1,2,
inc/event/res/03/me03_12.txt#24#12,"皇帝になれるようにって願ってるんだと
思うんス。俺と同じで。","并能顺利成为皇帝。
我想她也是这么期盼着的，跟我一样。",translated,白鹰,ef6942dde5,br=0 nl=1,2,
inc/event/res/03/me03_12.txt#27#12,わたしを、応援して……？,是在……为我应援吗……？,translated,依恩,21cfb5f8ed,br=0 nl=0,1,
inc/event/res/03/me03_12.txt#28#12,"そりゃそうッスよ！　
ネイちゃんが休業してるのだって、きっと
本気でイオンちゃんを応援するためッス！","那是当然的啦！
妮伊妹妹暂停营业，
肯定也是为了全力为依恩妹妹加油啊！",translated,白鹰,1cbcf660f2,br=0 nl=2,3,
inc/event/res/03/me03_12.txt#29#12,そう、なのかな……。,是、这样吗……,translated,依恩,eccfe55416,br=0 nl=0,1,
inc/event/res/03/me03_12.txt#30#12,"俺にはわかるッス！
人って、そうそう他人のためにそこまで
一生懸命にゃなれないから。","我很懂这种心情的！
人啊，一般可不会为了别人
拼命到那种地步呢。",translated,白鹰,607e556c56,br=0 nl=2,3,
inc/event/res/03/me03_12.txt#32#12,"だとしたら……やっぱりわたし、
その想いに、応えられそうにない……。","如果是那样的话……我果然还是，
没办法回应她的这份心意……",translated,依恩,4332092d5d,br=0 nl=1,2,
inc/event/res/03/me03_12.txt#33#12,"いくら特訓してもらっても全然上手く
ならないし、シェルノトロンだって
ちっともイメージ通り使えないし……。","不管她怎么陪我特训都完全不见起色，
就连榭鲁诺特伦也完全没法
按照想象的那样去运用……",translated,依恩,bb30d6503d,br=0 nl=2,3,
inc/event/res/03/me03_12.txt#34#12,"あ、イオンちゃん。
そこなんッスけど……。","啊，依恩妹妹。
关于那个啊……",translated,白鹰,446fcc7088,br=0 nl=1,2,
inc/event/res/03/me03_12.txt#37#12,"一回、マジでG2トロン試してみないッスか？
イオンちゃんならシェルノトロンより
絶対気に入るって思うッス！","要不要真的试一次G2特伦？
我觉得依恩妹妹比起榭鲁诺特伦，
肯定会更喜欢G2特伦的！",translated,白鹰,7d2ea623dd,br=0 nl=2,3,
inc/event/res/03/me03_12.txt#38#12,G2トロン……あの、古い型の方ですよね？,G2特伦……是那个旧型号对吧？,translated,依恩,1d841326e2,br=0 nl=0,1,
inc/event/res/03/me03_12.txt#39#12,"そうそう！
けど古いったって、完全に時代遅れって
代物じゃない。","对对！
不过虽说是旧型号，
但也绝对不是完全过时的破烂。",translated,白鹰,3d09ace95c,br=0 nl=2,3,
inc/event/res/03/me03_12.txt#40#12,"この前のイオンちゃんの同調、
あとからログを見せてもらったッス。","上次依恩妹妹同调的时候，
我事后看了一下后台记录。",translated,白鹰,ea4987f17b,br=0 nl=1,2,
inc/event/res/03/me03_12.txt#41#12,"あれじゃツラいッスよ。
イオンちゃん、シェルノトロンを
本能で拒絶してたから。","那样确实太难受了。
依恩妹妹的本能
其实一直在抗拒榭鲁诺特伦呢。",translated,白鹰,c1922410a4,br=0 nl=2,3,
inc/event/res/03/me03_12.txt#42#12,そ、そんなことがわかるんですか！？,连、连这种事都能看出来吗！？,translated,依恩,80a6461c71,br=0 nl=0,1,
inc/event/res/03/me03_12.txt#43#12,"この仕事長くやってるとね、わかるんス。
何となくだけど。","干这行干久了，自然就能看懂啦。
虽然也只是凭直觉。",translated,白鹰,2b4d89fe7a,br=0 nl=1,2,
inc/event/res/03/me03_12.txt#44#12,"あの……なぜだかわからないけどわたし、
あのシェルノトロンの居心地に
どうしてもなじめなくて……。","那个……虽然不知道为什么，
但我无论如何都没法习惯
呆在那个榭鲁诺特伦里面的感觉……",translated,依恩,293ef5f379,br=0 nl=2,3,
inc/event/res/03/me03_12.txt#45#12,"なんだかその、落ち着かないって
言うか……。","总觉得怎么说呢，
很难定下心来……",translated,依恩,82a57acfc4,br=0 nl=1,2,
inc/event/res/03/me03_12.txt#46#12,自分の世界じゃないみたい……とか？,就像那不是属于自己的世界……这样？,translated,白鹰,da9e1c52df,br=0 nl=0,1,
inc/event/res/03/me03_12.txt#48#12,"そう！　それです！！
どうしてわかるんですか……！？","对！就是那种感觉！！
为什么你会知道……！？",translated,依恩,cea5c3bef4,br=0 nl=1,2,
inc/event/res/03/me03_12.txt#50#12,"マジっすか？
これ、俺の親友のヤツがそう言ってたんス。","真的吗？
这是我一个挚友之前说过的。",translated,白鹰,5563993551,br=0 nl=1,2,
inc/event/res/03/me03_12.txt#51#12,"『コロン・フォーシーズン』ってとこにいる
『ノエル』ってヤツなんスけど、
前にそう言ってたから。","他在一个叫“克隆四季”的地方，
名字叫“诺艾尔”，
之前他也这么说过。",translated,白鹰,c9c3ca6fb7,br=0 nl=2,3,
inc/event/res/03/me03_12.txt#52#12,"同じように感じる人もいるんですね……
わたしだけかと思ってました。","原来也有人会有同样的感觉啊……
我还以为只有我一个人是这样呢。",translated,依恩,0c3c922014,br=0 nl=1,2,
inc/event/res/03/me03_12.txt#53#12,"確かに、レオンは優秀なOSなんス。
ユーザーはただ想うだけで、あとはレオンが
勝手に詩に紡いでくれンだから。","诚然，雷昂确实是个优秀的OS。
使用者只要在心里去想，
之后雷昂就会擅自帮你编织成诗。",translated,白鹰,0ba93940e0,br=0 nl=2,3,
inc/event/res/03/me03_12.txt#54#12,"誰でもすぐ使えるけど……。
でも俺に言わせりゃ、どっか薄っぺらい。","任何人都能马上上手……
但要我说的话，总觉得少了点灵魂。",translated,白鹰,c1dc524da2,br=0 nl=1,2,
inc/event/res/03/me03_12.txt#55#12,"どれだけ熱いソウルをブッつけても、
現実世界に出てきたときには
どっか別のモンになっちまってる。","无论你倾注多么炽热的灵魂，
等投影到现实世界的时候，
总觉得已经变成了别的东西。",translated,白鹰,65c7f89146,br=0 nl=2,3,
inc/event/res/03/me03_12.txt#56#12,"それがガマンならなくて俺、
使うのやめちゃった。","我实在忍受不了那一点，
所以干脆就不用了。",translated,白鹰,11be0187e8,br=0 nl=1,2,
inc/event/res/03/me03_12.txt#57#12,"G2トロンは、何て言うか……
『真っすぐ』なんス。","而G2特伦怎么说呢……
非常“纯粹”。",translated,白鹰,447076f43b,br=0 nl=1,2,
inc/event/res/03/me03_12.txt#58#12,"そりゃあ、シェルノトロンに比べれば
パワーは貧弱だし、癖もあるし、
プログラムできるヤツは限られる。","当然了，比起榭鲁诺特伦来
它的功率很弱，毛病也多，
能给它编程的人寥寥无几。",translated,白鹰,e8e8d5db8b,br=0 nl=2,3,
inc/event/res/03/me03_12.txt#59#12,"すぐに思う通りになったりしねーから、
何度もトライして、ダメなとこ考えて、
工夫して、直して……。","也不会立刻如你所愿，
必须反复尝试、寻找问题、
想方设法去改进、修复……",translated,白鹰,68428dcd14,br=0 nl=2,3,
inc/event/res/03/me03_12.txt#60#12,"ものすげー苦労して、やっと紡げたとき……
心から満足できるモンになる。","历经千辛万苦，终于编织完成的那一刻……
就会成为能让自己发自内心感到满足的杰作。",translated,白鹰,1f19bbbb7e,br=0 nl=1,2,
inc/event/res/03/me03_12.txt#62#12,白鷹さん……好きなんですね、G2トロンが。,白鹰先生……真的很喜欢G2特伦呢。,translated,依恩,1acd94f64d,br=0 nl=0,1,
inc/event/res/03/me03_12.txt#63#12,"もちろん、大好きッス！
俺、これからもずっと、G2に想いを
刻み続けてく。","那是当然，超级喜欢！
我今后也打算一辈子
把自己的心愿刻入G2里。",translated,白鹰,4186a4bc9b,br=0 nl=2,3,
inc/event/res/03/me03_12.txt#64#12,"俺ひとりじゃないぜ、仲間もいる。
コレ見て？","而且不止我一个人，我还有同伴。
你看这个？",translated,白鹰,e01ed4a508,br=0 nl=1,2,
inc/event/res/03/me03_12.txt#66#12,これが、そう？,这是……那个？,translated,依恩,d24f7edf1a,br=0 nl=0,1,
inc/event/res/03/me03_12.txt#67#12,"ああ。
さっき言った、ノエルってヤツが
作って売ってるG2トロン。","嗯。
就是我刚才说的那个叫诺艾尔的家伙
自己做出来售卖的G2特伦。",translated,白鹰,c701b2d490,br=0 nl=2,3,
inc/event/res/03/me03_12.txt#68#12,"もう置いてくれる店なんてねーから、
通販で細々売ってるんだけど……
ファンが結構いて、こうして出回ってる。","因为早就没有商店肯进货了，
所以他只是在网上做点邮购小生意……
但粉丝还挺多的，流通也很广。",translated,白鹰,d678f31a94,br=0 nl=2,3,
inc/event/res/03/me03_12.txt#69#12,俺はノエルのG2トロンがいっちばん好きだ。,我最喜欢诺艾尔做的G2特伦了。,translated,白鹰,77edbe7a38,br=0 nl=0,1,
inc/event/res/03/me03_12.txt#70#12,"俺の感情の一番深けぇトコを
ガンガンに揺さぶってきて――","能狠狠撼动
我内心最深处的情感――",translated,白鹰,7a756f78b6,br=0 nl=1,2,
inc/event/res/03/me03_12.txt#71#12,"ぶつけた想いを、ヤケドするくらい熱いまま
現実世界に紡いでみせる……。","将倾注其中的心愿，以灼热的温度
原原本本地在现实世界中编织出来……",translated,白鹰,65e4640933,br=0 nl=1,2,
inc/event/res/03/me03_12.txt#72#12,"こんなG2、ほかにないんス。
もう、他のは使えないッスね！","绝无仅有的G2。
用过它之后，别的根本入不了眼了！",translated,白鹰,fa7bd6879a,br=0 nl=1,2,
inc/event/res/03/me03_12.txt#74#12,うふふ……。,呵呵呵……,translated,依恩,b6260b0240,br=0 nl=0,1,
inc/event/res/03/me03_12.txt#75#12,へへへ……。,嘿嘿嘿……,translated,白鹰,a9258ac7b0,br=0 nl=0,1,
inc/event/res/03/me03_12.txt#76#12,ほら、コレ。,喏，看这个。,translated,白鹰,bdf42d29f9,br=0 nl=0,1,
inc/event/res/03/me03_12.txt#78#12,何ですか？,是什么？,translated,依恩,0790a538fb,br=0 nl=0,1,
inc/event/res/03/me03_12.txt#79#12,"G2トロンのカタログ……
ぶっちゃけ、マニア向けッス。","G2特伦的商品目录……
说白了，是给发烧友看的。",translated,白鹰,db2c1a1f81,br=0 nl=1,2,
inc/event/res/03/me03_12.txt#80#12,"へえぇ。
えーっと、……。","嘿诶。
我看看……",translated,依恩,5ae06b544c,br=0 nl=1,2,
inc/event/res/03/me03_12.txt#81#12,"……『激レア・ヴィンテージ物！
長年倉庫で眠っていた最新モデル（当時）！
完動・超美品、最後の放出！』","……“极度罕见的中古珍品！
在仓库中沉睡多年的（当年）最新款！
功能完好、品相绝佳，最后甩卖！”",translated,依恩,086c7b4c0e,br=0 nl=2,3,
inc/event/res/03/me03_12.txt#82#12,……ぅわっ、す、すごい値段……！！,……哇，好、好惊人的价格……！！,translated,依恩,6372af7e99,br=0 nl=0,1,
inc/event/res/03/me03_12.txt#83#12,"あっはっは。
その型はしゃーないッスねー。
発掘されたンが奇跡みたいなもんスから。","啊哈哈。
那个型号也是没办法啦。
能被发掘出来本身就堪称奇迹了。",translated,白鹰,69c7836782,br=0 nl=2,3,
inc/event/res/03/me03_12.txt#85#12,"（そういえば……なんだか、真空管の
　カタログを見てるみたいで……和むなぁ）","（说起来……总觉得像是在看真空管的
　产品目录一样……好治愈啊）",translated,依恩,c514daa6c2,br=0 nl=1,2,
inc/event/res/03/me03_12.txt#86#12,"（わたしも、トランジスタやICより
　真空管の暖かみや優しさが好きだって
　思うから……）","（比起晶体管和集成电路，
　我也觉得真空管那种温暖柔和的质感
　更加惹人喜爱……）",translated,依恩,d9422f3f43,br=0 nl=2,3,
inc/event/res/03/me03_12.txt#87#12,"おっ、なんだか見入っちゃってるスね、
イオンちゃん。",哦，依恩妹妹看得好入迷呢。,translated,白鹰,a1989d0eef,br=0 nl=1,2,
inc/event/res/03/me03_12.txt#88#12,あ、えへへ……。,啊，嘿嘿……,translated,依恩,8872d162ad,br=0 nl=0,1,
inc/event/res/03/me03_12.txt#89#12,"わたし、白鷹さんの言う『真っすぐ』に、
何だかドキドキします！","白鹰先生说的“纯粹”，
让我听了也觉得心跳加速呢！",translated,依恩,876f4f51d1,br=0 nl=1,2,
inc/event/res/03/me03_12.txt#90#12,"シェルノトロンを使うとき、
想いの全部が伝わりきってないような
感じがしてたから……。","因为在使用榭鲁诺特伦的时候，
我总感觉自己的心愿没能
完全传达进去……",translated,依恩,1f2b13eae6,br=0 nl=2,3,
inc/event/res/03/me03_12.txt#91#12,だから、G2トロンで謳ってみたいです！,所以，我也想试着用G2特伦来咏唱！,translated,依恩,1c09e73e3d,br=0 nl=0,1,
inc/event/res/03/me03_12.txt#92#12,"おぉ、マジッスか！？
やったああぁぁ！！
よーし、久しぶりに腕が鳴るぜー！！","哦哦，真的吗！？
太棒啦――！！
好，好久没有这么跃跃欲试了――！！",translated,白鹰,a12e049252,br=0 nl=2,3,
inc/event/res/03/me03_12.txt#93#12,"あの、それで……G2トロンを使うには、
どうすれば……？","那个，那么……要想使用G2特伦，
具体该怎么做……？",translated,依恩,e7ec528913,br=0 nl=1,2,
inc/event/res/03/me03_12.txt#94#12,"まずバイオスマシンに入ってもらって、
イオンちゃんの想いを採りたいッス。","首先要请你进BIOS舱，
采集依恩妹妹的心愿。",translated,白鹰,2c144d70eb,br=0 nl=1,2,
inc/event/res/03/me03_12.txt#95#12,"それを元に、俺がG2トロンに
プログラムするんス。","以此为基础，再由我
写入G2特伦的程序中。",translated,白鹰,560d406d92,br=0 nl=1,2,
inc/event/res/03/me03_12.txt#96#12,"だけどアレだな、今回だけは
絶対失敗できねーから……
そうだ、ノエルにも手伝ってもらおう！","不过话说回来，唯独这次
可绝对不能失败……
对了，让诺艾尔也来搭把手吧！",translated,白鹰,5c4583563d,br=0 nl=2,3,
inc/event/res/03/me03_12.txt#97#12,白鷹さんの、親友さんですね？,是白鹰先生的那位挚友对吧？,translated,依恩,2ca5855089,br=0 nl=0,1,
inc/event/res/03/me03_12.txt#98#12,"そう！
俺とノエルで、イオンちゃんの想い、
完璧に紡ぎ出してみせるッス！","没错！
由我和诺艾尔联手，依恩妹妹的心愿，
我们一定会完美编织出来的！",translated,白鹰,fd86ddafe3,br=0 nl=2,3,
inc/event/res/03/me03_12.txt#99#12,はい！,好的！,translated,依恩,11e35b8b36,br=0 nl=0,1,
inc/event/res/03/me03_12.txt#115#12,イオンちゃん、おつかれさま！,依恩妹妹，辛苦啦！,translated,白鹰,44aa177d19,br=0 nl=0,1,
inc/event/res/03/me03_12.txt#116#12,"白鷹さん。
どうでしたか？","白鹰先生。
怎么样了？",translated,依恩,50bc233b07,br=0 nl=1,2,
inc/event/res/03/me03_12.txt#117#12,"ばっちり！
イオンちゃんの熱いソウル、
俺ががっちり受け止めたッス！","非常顺利！
依恩妹妹炽热的灵魂，
我已经稳稳接收到了！",translated,白鹰,0c76bec152,br=0 nl=2,3,
inc/event/res/03/me03_12.txt#119#12,えへへ……。,嘿嘿……,translated,依恩,8bd06662d3,br=0 nl=0,1,
inc/event/res/03/me03_12.txt#120#12,"これからさっそくプログラムするッス。
フェスティバルまで時間ないから、
今日から徹夜ッスねー！","接下来我马上就开始编程。
离狂欢节没多少时间了，
看来从今天起要通宵达旦了呢！",translated,白鹰,334e15bab7,br=0 nl=2,3,
inc/event/res/03/me03_12.txt#121#12,ごめんなさい、わたしなんかのために……。,对不起，都是为了我这种人……,translated,依恩,5091b6037d,br=0 nl=0,1,
inc/event/res/03/me03_12.txt#122#12,"何言ってんスか！
俺、超テンション上がってッスよ！","你在说什么呢！
我现在可是情绪高涨得很呐！",translated,白鹰,c136ab2237,br=0 nl=1,2,
inc/event/res/03/me03_12.txt#123#12,"俺にまかせて、イオンちゃんは帰って
身体休めたほうが……。","包在我身上就好，依恩妹妹还是
赶紧回家好好休息吧……",translated,白鹰,f597d9c59b,br=0 nl=1,2,
inc/event/res/03/me03_12.txt#124#12,"あ……でもわたし、ネイちゃんと
けんかしちゃったから……。","啊……可是我和妮伊
吵架了……",translated,依恩,accbe181a1,br=0 nl=1,2,
inc/event/res/03/me03_12.txt#125#12,"……ここにいさせてもらっちゃ、
ダメですか……？",……能让我留在这里吗……？,translated,依恩,f301ab4796,br=0 nl=1,2,
inc/event/res/03/me03_12.txt#126#12,え！,诶！,translated,白鹰,c236ac64a5,br=0 nl=0,1,
inc/event/res/03/me03_12.txt#127#12,"いやま、そりゃいいッスけど……
連絡くらい入れといたほうが。","不，留是没问题啦……
但至少也该跟她联络一下吧。",translated,白鹰,93fe7c640b,br=0 nl=1,2,
inc/event/res/03/me03_12.txt#128#12,"わたし、電話とか持ってないし、
連絡先も……。","我没有电话，
也不知道她的联络方式……",translated,依恩,ed163c45d7,br=0 nl=1,2,
inc/event/res/03/me03_12.txt#129#12,"うぅん……。
それじゃ仕方ないスね。もう夜だし、
うかつに出歩くと危ないッスから。","唔……
那也是没办法呢。天都黑了，
随便在外面乱走也很危险。",translated,白鹰,831e8186d5,br=0 nl=2,3,
inc/event/res/03/me03_12.txt#130#12,じゃあわたし、ここで待ってます♪,那我在这里等您♪,translated,依恩,2bed824afe,br=0 nl=0,1,
inc/event/res/03/me03_12.txt#145#12,……あの、イオンちゃん。,……那个，依恩妹妹。,translated,白鹰,02142e858d,br=0 nl=0,1,
inc/event/res/03/me03_12.txt#146#12,はい。,在。,translated,依恩,8b9236cd4b,br=0 nl=0,1,
inc/event/res/03/me03_12.txt#147#12,"……俺、イオンちゃんに初めて会ってから、
ずっと聞きたいことがあったんス。","……自从第一次见到依恩妹妹起，
我就一直有件事想问你。",translated,白鹰,91b1085d9d,br=0 nl=1,2,
inc/event/res/03/me03_12.txt#148#12,どんなことですか？,是什么事呢？,translated,依恩,e354868163,br=0 nl=0,1,
inc/event/res/03/me03_12.txt#149#12,こ、答えにくかったらいいんスけど……。,如、如果觉得难回答的话可以不说啦……,translated,白鹰,e061f0e237,br=0 nl=0,1,
inc/event/res/03/me03_12.txt#150#12,"皇位継承の始まりの儀式ンとき……
何で逃げ出しちゃったんスか。","皇位继承的初始仪式那时候……
你为什么要逃跑呢。",translated,白鹰,78ac35e748,br=0 nl=1,2,
inc/event/res/03/me03_12.txt#152#12,えっ……。,诶……,translated,依恩,0fceb3bc5a,br=0 nl=0,1,
inc/event/res/03/me03_12.txt#153#12,"あ、いやっ……。
ホント、無理に答えなくていいんス！
ただ……気になって。","啊，不……
真的不用勉强回答啦！
只是……有点好奇。",translated,白鹰,4b57e7dc1f,br=0 nl=2,3,
inc/event/res/03/me03_12.txt#156#12,どうしてそんなこと、聞くんですか……？,为什么会想问这个呢……？,translated,依恩,444d8b7d4c,br=0 nl=0,1,
inc/event/res/03/me03_12.txt#157#12,"だって……始まりの刻を
途中でバックレちゃう皇帝候補なんて、
聞いたことなかったから。","因为……在初始之刻
半途溜号的皇帝候补，
我可从来没听说过呢。",translated,白鹰,ae910a0d0f,br=0 nl=2,3,
inc/event/res/03/me03_12.txt#158#12,どんな感じだったのかなぁ、って。,所以很好奇当时是个什么状况。,translated,白鹰,d823c65ae3,br=0 nl=0,1,
inc/event/res/03/me03_12.txt#160#12,"えと……儀式は、ちゃんと
やったんですけど……そのあと、ですよね。","那个……仪式本身，
我确实有好好完成的……但那之后，对吧。",translated,依恩,2c9219250d,br=0 nl=1,2,
inc/event/res/03/me03_12.txt#161#12,"わ、わたし、すごい人見知りっていうわけ
じゃないんですけど、その……","我、我也不是特别怕生，
但是那个……",translated,依恩,72f8f2601b,br=0 nl=1,2,
inc/event/res/03/me03_12.txt#162#12,"いきなり人が増えると、
どうしていいかわかんなくなっちゃって……。","人一下子多起来，
我就不知道该怎么办才好了……",translated,依恩,7c8823a2eb,br=0 nl=1,2,
inc/event/res/03/me03_12.txt#163#12,"そ、そうッスよね……。
始まった瞬間は人が殺到するって聞くし、
オレでもきっと逃げちまうんだろうなぁ。","也、也是呢……
听说仪式一开始人就会蜂拥而至，
换成是我肯定也会落荒而逃吧。",translated,白鹰,bdafc3e39a,br=0 nl=2,3,
inc/event/res/03/me03_12.txt#164#12,"カノンさんすごかったんですよ。
逃げるのに必死で、あんまり覚えてないんです
けど、ぴしゃっとしてて。","卡诺小姐真的很厉害哦。
我当时光顾着逃跑，记不太清了，
但她看起来特别威严果敢。",translated,依恩,dbc4a31997,br=0 nl=2,3,
inc/event/res/03/me03_12.txt#165#12,そっかー。,这样啊――,translated,白鹰,6f4948cb55,br=0 nl=0,1,
inc/event/res/03/me03_12.txt#166#12,"白鷹さんは、カノンさんの事はあまり話しません
よね。やっぱり天文派だからですか？","白鹰先生平时很少提起卡诺小姐呢。
果然是因为你属于天文派吗？",translated,依恩,38fe490ef3,br=0 nl=1,2,
inc/event/res/03/me03_12.txt#167#12,"へ？　あぁ、まぁ、そッスねぇ……。
包み隠さず率直に言うと、好みの問題ッスよ！","诶？啊，嗯，算是吧……
直言不讳地说，纯粹是个人喜好问题啦！",translated,白鹰,0388135058,br=0 nl=1,2,
inc/event/res/03/me03_12.txt#168#12,えっ？,诶？,translated,依恩,5b8d798295,br=0 nl=0,1,
inc/event/res/03/me03_12.txt#169#12,"たはは……。実は、イオンちゃんがこの試練の
３年間をどんな風に過ごすんだろって、
ずっと情報追いかけてたんス。","哈哈……其实，我一直很好奇
依恩妹妹在这3年的试炼中会怎么度过，
所以一直在追踪你的情报。",translated,白鹰,a58df796ed,br=0 nl=2,3,
inc/event/res/03/me03_12.txt#171#12,そう、だったんですね……。,原来是这样啊……,translated,依恩,1e72655444,br=0 nl=0,1,
inc/event/res/03/me03_12.txt#172#12,"でなきゃフィギュアなんて作らないッスよ。
ま、情報の殆どはノエル譲りなんスけどね。","不然我也不会做手办啦。
嘛，情报大部分都是诺艾尔告诉我的就是了。",translated,白鹰,af1c10d62c,br=0 nl=1,2,
inc/event/res/03/me03_12.txt#173#12,"あいつがいろいろ知らせてくれて……
こないだ、夢ノ珠で何があったのかとか――","那家伙跟我说了好多事……
前阵子梦之珠发生了什么啦――",translated,白鹰,05113c5eb5,br=0 nl=1,2,
inc/event/res/03/me03_12.txt#174#12,"万寿沙羅で紡いだ、
奇跡みたいなビッグフラワーのことも――","在万寿沙罗编织出的、
宛如奇迹般的大花朵啦――",translated,白鹰,a0ae77f444,br=0 nl=1,2,
inc/event/res/03/me03_12.txt#175#12,プラムたちのことも。,还有布拉姆他们的事情。,translated,白鹰,719fc4916d,br=0 nl=0,1,
inc/event/res/03/me03_12.txt#176#12,えっ？,诶？,translated,依恩,5b8d798295,br=0 nl=0,1,
inc/event/res/03/me03_12.txt#177#12,"いや。
ずっと追っかけちゃうくらい、俺もノエルも
イオンちゃんのマジ大ファンなんス！","真的。
我和诺艾尔都追踪到这种地步了，
可以说是依恩妹妹货真价实的超级大粉丝！",translated,白鹰,ea02b0e438,br=0 nl=2,3,
inc/event/res/03/me03_12.txt#179#12,"理由まではわかんなかったけど、
天文の皇女さまがジェノムの力で
街一個救ったってシチュエーションが――","虽然不知道具体的缘由，
但天文的皇女大人凭借杰诺姆的力量
拯救了整座街区的场面――",translated,白鹰,266ac5411e,br=0 nl=2,3,
inc/event/res/03/me03_12.txt#180#12,俺ら的には超イカしてて！,在我们看来简直帅呆了！,translated,白鹰,980d160e70,br=0 nl=0,1,
inc/event/res/03/me03_12.txt#181#12,"夢ノ珠のときだって、
結果的には失敗しちまったけど――","梦之珠那次也是，
虽然结果上没能成功――",translated,白鹰,302435c7ea,br=0 nl=1,2,
inc/event/res/03/me03_12.txt#182#12,"天文地文かんけーなしに助けたいって
ポリシーがビンビンに伝わってきてさ！","但你那不分天文还是地文、
一心想拯救大家的心意，我们深切感受到了！",translated,白鹰,a1e7a7d200,br=0 nl=1,2,
inc/event/res/03/me03_12.txt#183#12,"カノンをかばおうとまでしてたんでしょ？
並大抵のことじゃ、そこまでぜってー
思わないッス！","甚至还拼命护住了卡诺对吧？
要不是非同一般的觉悟，
绝对做不到那种地步！",translated,白鹰,d27e3ff062,br=0 nl=2,3,
inc/event/res/03/me03_12.txt#184#12,"地文は、自分らの支持者しか助けないって
はっきり言っちゃってるトコあるし。","地文那边，
已经明确表态过只救自己的支持者。",translated,白鹰,7d7bbf49d3,br=0 nl=1,2,
inc/event/res/03/me03_12.txt#185#12,"でも、天文は天文でシェルノトロンを
ゴリ押しするばっかで、
結局人間しか助けようとしてない。","但天文这边也是一味强推榭鲁诺特伦，
归根结底也只想拯救人类。",translated,白鹰,098b833dcc,br=0 nl=2,3,
inc/event/res/03/me03_12.txt#186#12,"俺、どっちも微妙に違うって思ってたんス。
ヒトも動物もジェノムも、
みんなラシェーラの一部じゃないスか。","我总觉得两边都有点不太对劲。
人类也好，动物也好，杰诺姆也好，
大家不都是拉榭拉的一部分吗。",translated,白鹰,a15b0ee701,br=0 nl=2,3,
inc/event/res/03/me03_12.txt#187#12,"そこへイオンちゃんが現れて、
『全部助けよう』って言ってくれた
気がしたんス。","而就在那时依恩妹妹出现了，
让我感觉你仿佛是在对我们说
“要把大家都救下来”。",translated,白鹰,442eb52d00,br=0 nl=2,3,
inc/event/res/03/me03_12.txt#188#12,"イオンちゃんが皇帝になったら……
そんな夢みたいなことがもしかしたら
現実になるかもって、そう思ったんスよ！","如果依恩妹妹成为皇帝的话……
那种梦幻般的美好愿景，
说不定真的能变成现实，我是这么想的！",translated,白鹰,208dfb1e56,br=0 nl=2,3,
inc/event/res/03/me03_12.txt#189#12,白鷹さん……。,白鹰先生……,translated,依恩,57e4073707,br=0 nl=0,1,
inc/event/res/03/me03_12.txt#190#12,"……あっ。ごめん、イオンちゃん。
俺、勝手なことばっか言って……。
大変なのはイオンちゃんなのに……。","……啊。抱歉，依恩妹妹。
我光顾着一个人自说自话了……
明明最不容易的是依恩妹妹才对……",translated,白鹰,4781aada74,br=0 nl=2,3,
inc/event/res/03/me03_12.txt#191#12,"うぅん。
……嬉しいです。","没有的事。
……我很高兴。",translated,依恩,3b032ec0be,br=0 nl=1,2,
inc/event/res/03/me03_12.txt#192#12,えっ？,诶？,translated,白鹰,5b8d798295,br=0 nl=0,1,
inc/event/res/03/me03_12.txt#193#12,"自分の知らないところで、
わたしのことを応援してくれてる人が
ホントに居てくれたんだって……。","原来在我不知道的地方，
真的有人在一直为我加油……",translated,依恩,587578c7fa,br=0 nl=2,3,
inc/event/res/03/me03_12.txt#194#12,"失敗ばかりして、期待に応えられなくて……
迷惑もいっぱい掛けてるけど……。","我总是搞砸事情，辜负大家的期待……
也添了好多好多麻烦……",translated,依恩,36f118b9db,br=0 nl=1,2,
inc/event/res/03/me03_12.txt#195#12,"それでも、わたしにも何かができるって
言ってもらえて……。","但即便如此，还是有人对我说
我也能做到些什么……",translated,依恩,c163e46a95,br=0 nl=1,2,
inc/event/res/03/me03_12.txt#196#12,"だからわたし、白鷹さんのためにも……
頑張ります！","所以，为了白鹰先生……
我也会努力的！",translated,依恩,876d594a29,br=0 nl=1,2,
inc/event/res/03/me03_12.txt#197#12,くおぉッ……！！,咕嗷……！！,translated,白鹰,f6e03a5920,br=0 nl=0,1,
inc/event/res/03/me03_12.txt#198#12,"イオンちゃん、それ……
俺へのサイッコーの『想い』だぜ！","依恩妹妹，这……
这是送给我最棒的“心意”啊！",translated,白鹰,8f4a34f4ca,br=0 nl=1,2,
inc/event/res/03/me03_12.txt#199#12,うふふ……。,呵呵呵……,translated,依恩,b6260b0240,br=0 nl=0,1,
inc/event/res/03/me03_12.txt#214#12,"ん？
誰だ、こんな時間に。","嗯？
谁啊，这么晚了。",translated,白鹰,934f825cc3,br=0 nl=1,2,
inc/event/res/03/me03_12.txt#223#12,はぁい。,来啦。,translated,白鹰,5658c132b8,br=0 nl=0,1,
inc/event/res/03/me03_12.txt#234#12,ネイちゃん！,妮伊妹妹！,translated,白鹰,19f0c4b70c,br=0 nl=0,1,
inc/event/res/03/me03_12.txt#235#12,イオン、いる？,依恩在吗？,translated,妮伊,e109ca86e8,br=0 nl=0,1,
inc/event/res/03/me03_12.txt#236#12,え、っと……ほら、そこ。,额，这个……喏，在那边。,translated,白鹰,7f55623e4a,br=0 nl=0,1,
inc/event/res/03/me03_12.txt#238#12,"……はぁっ。
ほんとにもう、コイツは……！","……哈啊。
真是的，这家伙真是……！",translated,妮伊,907f01043f,br=0 nl=1,2,
inc/event/res/03/me03_12.txt#239#12,"ま、まぁまぁ……。
話は一応聞いてるッス。疲れてるし、
いまはそっとしておいてあげて……。","好啦好啦……
事情我已经听说了。她也累了，
现在就先让她安静会儿吧……",translated,白鹰,4f376b945c,br=0 nl=2,3,
inc/event/res/03/me03_12.txt#240#12,"聞いたんならわかるでしょ！？
休んでるヒマなんてないの。
フェスティバルまでほんの数日なんだよ！？","听说了你还不明白吗！？
哪有时间休息啊。
离狂欢节可就剩几天了啊！？",translated,妮伊,019d62ec6a,br=0 nl=2,3,
inc/event/res/03/me03_12.txt#241#12,そのことなんスけど……。,关于那件事啊……,translated,白鹰,62226c05f2,br=0 nl=0,1,
inc/event/res/03/me03_12.txt#242#12,何よ。,怎么了。,translated,妮伊,98857205b7,br=0 nl=0,1,
inc/event/res/03/me03_12.txt#243#12,"ネイちゃんに
どう見えてるかわかんないッスけど――","虽然不知道妮伊妹妹
是怎么看的――",translated,白鹰,a21fcf9d1b,br=0 nl=1,2,
inc/event/res/03/me03_12.txt#246#12,イオンちゃん、マジだよ。,但依恩妹妹，是认真的。,translated,白鹰,71b881227a,br=0 nl=0,1,
inc/event/res/03/me03_12.txt#247#12,……どういう意味よ。,……你什么意思。,translated,妮伊,0d595fe197,br=0 nl=0,1,
inc/event/res/03/me03_12.txt#248#12,"そのままッス。
俺いま、イオンちゃんのフェスティバルへの
想い、受け止めてるとこなんで。","字面意思。
我现在正在全心全意地接收
依恩妹妹对狂欢节的心意。",translated,白鹰,28ae4d9e1d,br=0 nl=2,3,
inc/event/res/03/me03_12.txt#249#12,フェスティバルへの想い……？,对狂欢节的心意……？,translated,妮伊,2c58eab942,br=0 nl=0,1,
inc/event/res/03/me03_12.txt#250#12,"俺が勧めて、イオンちゃん、
G2トロン使うことにしたんス。","在我的建议下，依恩妹妹
决定使用G2特伦了。",translated,白鹰,726b2a660b,br=0 nl=1,2,
inc/event/res/03/me03_12.txt#251#12,"はぁ！？
またコイツは勝手なコト……！！","哈啊！？
这家伙又自作主张……！！",translated,妮伊,52505d8f30,br=0 nl=1,2,
inc/event/res/03/me03_12.txt#252#12,"怒らないでやってほしいッス。
ステージを成功させるためなら何でもやる、
っていう気持ちだと……思わないスか？","希望你不要冲她发火。
只要是为了让舞台成功，什么都愿意去尝试，
难道你……感觉不到这份心情吗？",translated,白鹰,7e9fbdc654,br=0 nl=2,3,
inc/event/res/03/me03_12.txt#253#12,"っ……。
それは……。","唔……
话是这么说……",translated,妮伊,32e842acc6,br=0 nl=1,2,
inc/event/res/03/me03_12.txt#254#12,"バイオスマシンで、レオンじゃなく
俺が直接イオンちゃんの想いを採ったッス。","在BIOS舱里，不是雷昂，
而是由我直接采集了依恩妹妹的心愿。",translated,白鹰,51755e8c75,br=0 nl=1,2,
inc/event/res/03/me03_12.txt#255#12,"……イオンちゃん、マジで熱い。
それだけは信じてほしい。","……依恩妹妹的心意，真的很炽热。
唯独这一点，希望你能相信她。",translated,白鹰,ef70ab3f0e,br=0 nl=1,2,
inc/event/res/03/me03_12.txt#256#12,"そいつを俺と、俺の親友で……
すっげー詩魔法に紡いでみせる！","我和我的挚友……
一定会用它编织出极尽绚烂的诗魔法！",translated,白鹰,b67f3d9de5,br=0 nl=1,2,
inc/event/res/03/me03_12.txt#258#12,"俺もそいつも、イオンちゃんに
ぜってー皇帝になってほしいんス！","无论是他还是我，都打心底里
希望依恩妹妹无论如何都能当上皇帝！",translated,白鹰,f87526470c,br=0 nl=1,2,
inc/event/res/03/me03_12.txt#259#12,"ネイちゃんもそうじゃないスか。
だから特訓もするし、厳しいことも……。","妮伊妹妹不也是一样吗。
正因为这样，你才会陪她特训，
对她严厉要求的吧……",translated,白鹰,c68872ad2e,br=0 nl=1,2,
inc/event/res/03/me03_12.txt#260#12,わかった。,知道了。,translated,妮伊,587a18b61e,br=0 nl=0,1,
inc/event/res/03/me03_12.txt#261#12,え？,诶？,translated,白鹰,5590ff8011,br=0 nl=0,1,
inc/event/res/03/me03_12.txt#262#12,"わかったよ、白鷹。
あんたにそこまで言わせたんなら……。","我知道了啦，白鹰。
既然都让你说到这个份上了……",translated,妮伊,b811aa02da,br=0 nl=1,2,
inc/event/res/03/me03_12.txt#263#12,イオンも本気だ、ってことでしょ。,也就是说，依恩也是动了真格的吧。,translated,妮伊,dd9996a7e8,br=0 nl=0,1,
inc/event/res/03/me03_12.txt#264#12,そう！　そうなんッス！！,对！就是这样！,translated,白鹰,c188ca2fe8,br=0 nl=0,1,
inc/event/res/03/me03_12.txt#266#12,まったく、この子は……。,真是的，这孩子……,translated,妮伊,f7340b2f1c,br=0 nl=0,1,
inc/event/res/03/me03_12.txt#268#12,ぅ……うぅ、ん……。,唔……嗯……,translated,依恩,3f7839a792,br=0 nl=0,1,
inc/event/res/03/me03_12.txt#269#12,白鷹、さん……あ！,白鹰先生……啊！,translated,依恩,b3652d137c,br=0 nl=0,1,
inc/event/res/03/me03_12.txt#273#12,"ネイちゃん！
どうしてここに！？","妮伊！
你怎么会在这里！？",translated,依恩,35d2195633,br=0 nl=1,2,
inc/event/res/03/me03_12.txt#274#12,どうしてじゃないわよ。,什么叫我怎么会在这里啊。,translated,妮伊,4cdb917dc9,br=0 nl=0,1,
inc/event/res/03/me03_12.txt#275#12,"……心配して探しに来たに
決まってるじゃん。","……当然是因为担心你
才跑出来找你的啊。",translated,妮伊,638a637962,br=0 nl=1,2,
inc/event/res/03/me03_12.txt#277#12,"さ、帰るわよ。
白鷹。G2トロンの作業って、
まだ時間かかるんでしょ。","好啦，回家了。
白鹰。G2特伦的作业，
还要花不少时间吧。",translated,妮伊,6902bd6714,br=0 nl=2,3,
inc/event/res/03/me03_12.txt#278#12,そッスね。,是啊。,translated,白鹰,0a78a34bae,br=0 nl=0,1,
inc/event/res/03/me03_12.txt#279#12,"ならその間、イオンは帰ってちゃんと休む。
いまはそれが仕事よ。","那在这期间，依恩就给我乖乖回家休息。
现在这就是你的任务。",translated,妮伊,04e0147acf,br=0 nl=1,2,
inc/event/res/03/me03_12.txt#280#12,ネイちゃん……。,妮伊……,translated,依恩,840a2b2ae7,br=0 nl=0,1,
inc/event/res/03/me03_12.txt#282#12,"あ、の……ネイちゃん。
え、と……ごめんなさい。
練習、放り出したりして……。","那、那个……妮伊。
对、对不起。
我不该把练习抛下跑掉的……",translated,依恩,d4fa05ff99,br=0 nl=2,3,
inc/event/res/03/me03_12.txt#284#12,"……ゴメン。
あたしこそ言い過ぎた。","……抱歉。
我也说得太过分了。",translated,妮伊,847e9ed978,br=0 nl=1,2,
inc/event/res/03/me03_12.txt#285#12,……えへへ。,……嘿嘿。,translated,依恩,d033e3880e,br=0 nl=0,1,
inc/event/res/03/me03_12.txt#286#12,ふふっ……。,呵呵……,translated,妮伊,76334eeddf,br=0 nl=0,1,
inc/event/res/03/me03_12.txt#288#12,へへ……。,嘿嘿……,translated,白鹰,dec4ac01e3,br=0 nl=0,1,
inc/event/res/03/me03_13.txt#38#12,わぁ……。,哇啊……,translated,依恩,86acbc5a1b,br=0 nl=0,1,
inc/event/res/03/me03_13.txt#39#12,（綺麗……まるで、夢の中にいるみたい）,（好美……简直就像在梦境中一样）,translated,依恩,57ef7fe3d8,br=0 nl=0,1,
inc/event/res/03/me03_13.txt#40#12,（こんなステージでわたし……謳うんだ）,（我就要……在这样的舞台上咏唱了啊）,translated,依恩,d443236845,br=0 nl=0,1,
inc/event/res/03/me03_13.txt#41#12,（……成功させたい。みんなのためにも）,（……希望能成功。也是为了大家）,translated,依恩,0d373c0ab4,br=0 nl=0,1,
inc/event/res/03/me03_13.txt#42#12,"（わたしなんかのために、こうまで
　してくれてる、ネイちゃん……白鷹さん
　……ノエルさんのために）","（为了甘愿为我付出到如此地步的、
　妮伊……白鹰先生……
　还有诺艾尔先生）",translated,依恩,606f67d56c,br=0 nl=2,3,
inc/event/res/03/me03_13.txt#43#12,"（そして、ここに集まる人たちに、
　わたしの想いのすべてを……伝えるんだ）","（而且，我也要向聚集在这里的人们，
　传达出我所有的心意……）",translated,依恩,b1152573ce,br=0 nl=1,2,
inc/event/res/03/me03_13.txt#62#12,……っ！,……唔！,translated,依恩,6642889c01,br=0 nl=0,1,
inc/event/res/03/me03_13.txt#63#12,"おっ、お目覚めッスね！
どうだったどうだった？","哟，醒过来啦！
怎么样怎么样？",translated,白鹰,bf6f5d143d,br=0 nl=1,2,
inc/event/res/03/me03_13.txt#64#12,白鷹さんっ！,白鹰先生！,translated,依恩,ff4381b9c2,br=0 nl=0,1,
inc/event/res/03/me03_13.txt#65#12,"すごい！
すごいです！！","太厉害了！
真的太厉害了！！",translated,依恩,6a32aad6e1,br=0 nl=1,2,
inc/event/res/03/me03_13.txt#66#12,"わたしの想い描いたとおり……うぅん。
もっと、何倍も何倍も素敵で……綺麗で！","完全跟我脑海中想象的一样……不对。
要更加、更加棒上好几倍、好几倍……好美！",translated,依恩,660d819820,br=0 nl=1,2,
inc/event/res/03/me03_13.txt#67#12,ありがとうございます、白鷹さん！！,谢谢您，白鹰先生！！,translated,依恩,564acfbb9a,br=0 nl=0,1,
inc/event/res/03/me03_13.txt#68#12,"マジで！？
そー言ってもらえて、
こっちこそありがとうッス！","真的假的！？
能听到你这么说，
我也得向你说声谢谢！",translated,白鹰,689fd00b3d,br=0 nl=2,3,
inc/event/res/03/me03_13.txt#69#12,"俺もプログラミング、頑張ったかいが
あったってもんスよ！",我也没白费功夫拼命写程序了！,translated,白鹰,42bd432963,br=0 nl=1,2,
inc/event/res/03/me03_13.txt#70#12,"そいつをノエルが
コーディングしてくれて……。
芸術的でしょ、アイツの仕事？","然后诺艾尔又帮我们写好了代码……
那家伙的手艺，简直堪称艺术品对吧？",translated,白鹰,50705e9bbd,br=0 nl=2,3,
inc/event/res/03/me03_13.txt#71#12,"はいっ。
ステージが音楽と一緒になって……
まるごと包み込んでくるみたいでした！","是的。
整个舞台与音乐融为一体……
仿佛将我整个人都包裹住了！",translated,依恩,29bfea73c2,br=0 nl=2,3,
inc/event/res/03/me03_13.txt#72#12,"へっへっへっ……。
嬉しいこと言ってくれるッスねぇ……。","嘿嘿嘿……
被你这么夸我可太高兴了……",translated,白鹰,6d9a8d50ef,br=0 nl=1,2,
inc/event/res/03/me03_13.txt#73#12,"でも、ごめんなさい、白鷹さん……。
ホントに何日も寝ないでお仕事して
くれたんでしょう……？","但是，对不起，白鹰先生……
您真的好几天都没合眼为我忙碌了吧……？",translated,依恩,d7a6c22a4a,br=0 nl=2,3,
inc/event/res/03/me03_13.txt#74#12,"あっはっは、何言ってんスか！
イオンちゃんに喜んでもらうために
やってたんスよ？","啊哈哈，你在说什么呢！
我本来就是为了让依恩妹妹开心才干的呀？",translated,白鹰,9b5eddca3f,br=0 nl=2,3,
inc/event/res/03/me03_13.txt#75#12,"俺、それが報われてマジで嬉しいッス！
明日の本番、誰よりも楽しみにしてるッス！","看到依恩妹妹这么满意，我真是太高兴了！
对于明天的正式演出，我比任何人都更期待呢！",translated,白鹰,bb906a59da,br=0 nl=1,2,
inc/event/res/03/me03_13.txt#76#12,"はい！
わたし、いままでで一番頑張ります！","嗯！
我一定会拿出前所未有的干劲全力以赴的！",translated,依恩,04f55fee8c,br=0 nl=1,2,
inc/event/res/03/me03_13.txt#77#12,あぁ！！,嗯！！,translated,白鹰,5787de4ff1,br=0 nl=0,1,
inc/event/res/03/me03_13.txt#79#12,……イオンちゃん。,……依恩妹妹。,translated,白鹰,653b06bf56,br=0 nl=0,1,
inc/event/res/03/me03_13.txt#80#12,は、はい。,在、在。,translated,依恩,eef30d3fcf,br=0 nl=0,1,
inc/event/res/03/me03_13.txt#81#12,"その詩、どうか……思いっきり、
謳い上げてほしいッス。","那首诗，请你务必……毫无保留地、
尽情放声高歌。",translated,白鹰,aad528ea86,br=0 nl=1,2,
inc/event/res/03/me03_13.txt#82#12,"イオンちゃんの熱い想い、全部乗っけて。
失敗したっていいんス。
ただ、悔いのないように……。","载上依恩妹妹所有炽热的心意。
就算搞砸了也没关系，
只要不留遗憾就好……",translated,白鹰,a84192fbb7,br=0 nl=2,3,
inc/event/res/03/me03_13.txt#83#12,"ノエルの……最後の作品になるかも
しれないから。","因为那或许……
是诺艾尔最后的遗作了。",translated,白鹰,5c74a3aac3,br=0 nl=1,2,
inc/event/res/03/me03_13.txt#84#12,え……っ！？,诶……！？,translated,依恩,01f24cc6e3,br=0 nl=0,1,
inc/event/res/03/me03_13.txt#85#12,最後、の……？,最后……的？,translated,依恩,0acf29d5ff,br=0 nl=0,1,
inc/event/res/03/me03_13.txt#87#12,"あいつ……なんか、病気らしくてさ。
不治の病ってヤツ。","那家伙……好像得了什么重病。
就是所谓的不治之症。",translated,白鹰,7144ecf4af,br=0 nl=1,2,
inc/event/res/03/me03_13.txt#88#12,え、っ……。,怎、怎么会……,translated,依恩,2ea2de1cdf,br=0 nl=0,1,
inc/event/res/03/me03_13.txt#89#12,"聞いたら、あと１年……もつかどうかも
わかんないって。","听他说，不知道……
还能不能再撑上一年。",translated,白鹰,4c90e8c198,br=0 nl=1,2,
inc/event/res/03/me03_13.txt#90#12,そんな……だって、……。,怎么会……怎么会这样……,translated,依恩,245a6f3b62,br=0 nl=0,1,
inc/event/res/03/me03_13.txt#91#12,"ウソだろって思うでしょ？
でも、どうやらそうらしいんだ。","觉得难以置信对吧？
但似乎确实是事实。",translated,白鹰,dead3993c7,br=0 nl=1,2,
inc/event/res/03/me03_13.txt#92#12,"あいつとは、G2トロンの通販で知り合った。
ノエルの作ったG2に、俺がホレこんだんだ。","我是在G2特伦的网购圈认识他的。
我一眼就相中了诺艾尔制作的G2。",translated,白鹰,b855098bb5,br=0 nl=1,2,
inc/event/res/03/me03_13.txt#93#12,"そのあとチャットとかでしょっちゅう
しゃべるようになって……仲良くなった。","后来我们经常在聊天室里聊天……
关系就熟络起来了。",translated,白鹰,e6814fdf8a,br=0 nl=1,2,
inc/event/res/03/me03_13.txt#94#12,"でも、実は直接会ったことはなくてさ。
チャットで病気のこと聞いても……
最初は信じらんなかった。","不过其实我从没跟他在现实里见过面。
哪怕在聊天里听说他生病的事……
最初也是不敢相信。",translated,白鹰,5deb84a0bb,br=0 nl=2,3,
inc/event/res/03/me03_13.txt#95#12,"けどだんだん、調子のイイときと悪いときが
あるようになってきて……。","但渐渐地，
他的身体状况开始时好时坏……",translated,白鹰,f394539eb1,br=0 nl=1,2,
inc/event/res/03/me03_13.txt#96#12,"ひどいときには１ヶ月くらい
顔出さないこともあった。
だからたぶん……マジなんだと思う。","严重的时候甚至整整一个月都没露面。
所以我想……大概是真的吧。",translated,白鹰,7819ce167b,br=0 nl=2,3,
inc/event/res/03/me03_13.txt#97#12,"でも……でもっ、こんなすごいステージを
作ってくれる人が、そんな、病気だなんて……。","可是……可是，能做出这么不可思议的舞台的人，
居然……居然得了那种病……",translated,依恩,55d88f516f,br=0 nl=1,2,
inc/event/res/03/me03_13.txt#98#12,"今回のあいつのコーディングは、
俺から見てもものすげぇデキだった。","这次他的代码编写，
即便从我的角度来看也是登峰造极的水准。",translated,白鹰,1392db956d,br=0 nl=1,2,
inc/event/res/03/me03_13.txt#99#12,"いいや、俺なんかおよびもつかない、
気迫みたいなモンがあった。","不，甚至带着一种连我都望尘莫及的、
宛如气魄一般的东西。",translated,白鹰,0cc5467308,br=0 nl=1,2,
inc/event/res/03/me03_13.txt#100#12,"それが逆に、あいつの病気のヤバさを
証明してる……そんな気がする。","看着那些代码，反而更能切实证明
他病情的凶险……总给我这种感觉。",translated,白鹰,092b13baa4,br=0 nl=1,2,
inc/event/res/03/me03_13.txt#102#12,"俺らはさ、ただのマニアで……
世界を救うなんて大それたこと、できっこない。","我们这些人啊，充其量只是群发烧友……
根本干不出拯救世界这种惊天动地的大事。",translated,白鹰,3c4a8b8cbc,br=0 nl=1,2,
inc/event/res/03/me03_13.txt#103#12,"だけど、それをやろうって人を
手伝うことくらいはできる。","但是，至少还能给
想要去拯救世界的人帮上一把。",translated,白鹰,8990355ddf,br=0 nl=1,2,
inc/event/res/03/me03_13.txt#104#12,"俺らでそいつを証明しよう、って……
ノエルと約束したんス。
だから……。","我和诺艾尔约好了……
要用我们自己的双手证明这一点。
所以……",translated,白鹰,c6a02fc94a,br=0 nl=2,3,
inc/event/res/03/me03_13.txt#105#12,白鷹、さん……。,白鹰……先生……,translated,依恩,9cb804846f,br=0 nl=0,1,
inc/event/res/03/me03_13.txt#106#12,……この世界を、よろしく頼みます。,……这个世界，就拜托你了。,translated,白鹰,ef9cdfff5b,br=0 nl=0,1,
inc/event/res/03/me03_13.txt#108#12,……はい。,……好的。,translated,依恩,4628bdaa68,br=0 nl=0,1,
inc/event/res/03/me03_13.txt#127#12,……やっぱり、おっきなステージ……。,……果然是一个好大的舞台啊……,translated,依恩,6eb8e13a9a,br=0 nl=0,1,
inc/event/res/03/me03_13.txt#128#12,きゅう！,啾！,translated,泰雷芬肯,601cdef24f,br=0 nl=0,1,
inc/event/res/03/me03_13.txt#129#12,"テレくん、明日わたし、
ここで謳うんだよ。","泰勒，明天我……
就要在这里咏唱了哦。",translated,依恩,e0988a4159,br=0 nl=1,2,
inc/event/res/03/me03_13.txt#130#12,"すごく怖いけど……
でも、そうしようって決めたから。","虽然很害怕……
但我已经下定决心了。",translated,依恩,920416dd6a,br=0 nl=1,2,
inc/event/res/03/me03_13.txt#132#12,きゅきゅ！,啾啾！,translated,泰雷芬肯,837eace175,br=0 nl=0,1,
inc/event/res/03/me03_13.txt#133#12,"あれ？
テレくん、怒ってる？","哎呀？
泰勒，你生气了吗？",translated,依恩,845d39cb70,br=0 nl=1,2,
inc/event/res/03/me03_13.txt#134#12,きゅう！,啾！,translated,泰雷芬肯,601cdef24f,br=0 nl=0,1,
inc/event/res/03/me03_13.txt#135#12,"あ、そっか。
G2トロンを使ってステージを作るから、
それで？","啊，是这样啊。
是因为我要用G2特伦搭建舞台，
所以吃醋了？",translated,依恩,4633e5da61,br=0 nl=2,3,
inc/event/res/03/me03_13.txt#136#12,きゅ！,啾！,translated,泰雷芬肯,5d34b42c48,br=0 nl=0,1,
inc/event/res/03/me03_13.txt#137#12,"あはは。ゴメンね、テレくん。
でも、白鷹さんとノエルさんが
一生懸命作ってくれたステージだから。","啊哈哈。对不起啦泰勒。
不过这是白鹰先生和诺艾尔先生
拼尽全力为我准备的舞台嘛。",translated,依恩,1d38dd508f,br=0 nl=2,3,
inc/event/res/03/me03_13.txt#138#12,"わたしが頑張るところ、見てて。
テレくんはわたしの一番のお友達だもん♪","看我好好加油哦。
泰勒可是我最好的朋友呢♪",translated,依恩,8d266b0946,br=0 nl=1,2,
inc/event/res/03/me03_13.txt#140#12,きゅきゅう♪,啾啾♪,translated,泰雷芬肯,ca57f196bf,br=0 nl=0,1,
inc/event/res/03/me03_13.txt#141#12,うふふ……。,呵呵……,translated,依恩,b6260b0240,br=0 nl=0,1,
inc/event/res/03/me03_13.txt#143#12,イオナサル！,依欧娜萨鲁！,translated,卡诺,93b4125d15,br=0 nl=0,1,
inc/event/res/03/me03_13.txt#144#12,……あ、っ……。,……啊、……,translated,依恩,511710a3c1,br=0 nl=0,1,
inc/event/res/03/me03_13.txt#162#12,カノンさん。,卡诺小姐。,translated,依恩,bcc48dd87c,br=0 nl=0,1,
inc/event/res/03/me03_13.txt#163#12,"貴女、明日のフェスティバルに
出演なさるそうですね。","听说你明天
要参加那个节日庆典呢。",translated,卡诺,bc5b5f59c4,br=0 nl=1,2,
inc/event/res/03/me03_13.txt#164#12,は、はい。,是、是的。,translated,依恩,eef30d3fcf,br=0 nl=0,1,
inc/event/res/03/me03_13.txt#165#12,"まさかとは思いますが、
私との皇位争いをあきらめ、踊り子として
この退廃的なコロンで暮らすことにした……。","我想应该不至于，
但你该不会放弃了与我的皇位之争，
打算在这座颓废的克隆里当舞女了此残生吧……",translated,卡诺,318171dd54,br=0 nl=2,3,
inc/event/res/03/me03_13.txt#166#12,よもや、そんなつもりではありませんよね？,想必你绝无此意吧？,translated,卡诺,02c61b8658,br=0 nl=0,1,
inc/event/res/03/me03_13.txt#167#12,……はい、そんなつもりは、ないです。,……嗯，我没有那种打算。,translated,依恩,06bd56efd8,br=0 nl=0,1,
inc/event/res/03/me03_13.txt#169#12,"とすると、このショーへの参加は
次期皇帝候補として、という事なのでしょうか？","那么，你参加这场演出，
是作为下任皇帝候选人的表态吗？",translated,卡诺,f20aa69cfa,br=0 nl=1,2,
inc/event/res/03/me03_13.txt#171#12,"うぅん……。
えと……その、わたしは、わたしなりに……
世界を救う方法を、見つけようと思って……。","唔……
那个……我想以我自己的方式……
试着找出拯救世界的方法……",translated,依恩,725f823313,br=0 nl=2,3,
inc/event/res/03/me03_13.txt#172#12,"……なるほど。
つまり、ここで歌姫として名乗りをあげ、
偶像として民を惹きつけよう、と？","……原来如此。
也就是说，你打算以歌姬的身份崭露头角，
化身为偶像来吸引民众吗？",translated,卡诺,a758cc3e5c,br=0 nl=2,3,
inc/event/res/03/me03_13.txt#173#12,えっ……？,诶……？,translated,依恩,6dc3a99ae1,br=0 nl=0,1,
inc/event/res/03/me03_13.txt#174#12,"正直なところ、真意を測りかねるというのが
私の本音です。","说实话，难以揣测你的真正意图，
才是我内心的真实想法。",translated,卡诺,ba5e8183f7,br=0 nl=1,2,
inc/event/res/03/me03_13.txt#175#12,"いえ、その……え、っと……
みんなの支持を集めたいとか、
そういうのが目的じゃないんです。","不，那个……呃……
我并不是为了拉拢民心、博取大家的支持
才这么做的。",translated,依恩,e2b359b9bc,br=0 nl=2,3,
inc/event/res/03/me03_13.txt#176#12,"ふむ……？
しかし戯れというわけでもないのでしょう？","唔……？
但想来也不可能是儿戏胡闹吧？",translated,卡诺,422b042f0a,br=0 nl=1,2,
inc/event/res/03/me03_13.txt#177#12,"はい。
以前カノンさんは、「幸せ」について
もっと考えなさい、って言ってました。","是的。
以前卡诺小姐曾对我说过，
要让我多去思考一下关于“幸福”的事。",translated,依恩,9e85a4c80c,br=0 nl=2,3,
inc/event/res/03/me03_13.txt#178#12,"それでわたし、考えたんです。
どうなれば、一番みんなが幸せだろうって。","所以我也认真思考了。
怎样才能让大家感到最幸福。",translated,依恩,16f94a26cb,br=0 nl=1,2,
inc/event/res/03/me03_13.txt#179#12,"……わたし、生き延びることが
幸せだと思ったんです。","……我觉得，能够活下去
就是幸福。",translated,依恩,d926c70808,br=0 nl=1,2,
inc/event/res/03/me03_13.txt#187#12,"その点においては私も同意しておきましょう。
そもそも、それが発端なのですから。","这一点我也赞同。
归根结底，这也正是万事的开端。",translated,卡诺,12010b7fb9,br=0 nl=1,2,
inc/event/res/03/me03_13.txt#188#12,"はい。だから……自分のまわりの人や、
大切な人みんなを、誰も失わずに
生き延びられたら……みんな幸せかなって。","是的。所以……如果身边的所有人、
所有珍重的人，一个都不失去地
一起活下去……大家应该就会感到幸福了吧。",translated,依恩,93170dff29,br=0 nl=2,3,
inc/event/res/03/me03_13.txt#190#12,……そうでしょうね。,……或许确实如此吧。,translated,卡诺,bec25c4228,br=0 nl=0,1,
inc/event/res/03/me03_13.txt#191#12,"夢ノ珠の人たちは、みんな苦しんでました。
天文の人も地文の人も、みんな。
断線をとても怖がってました。","梦之珠的人们都很痛苦。
无论是天文派还是地文派，大家都在为
断线而深感恐惧。",translated,依恩,0416bf8fde,br=0 nl=2,3,
inc/event/res/03/me03_13.txt#192#12,"それは天文側がウェーブを使い過ぎて
いた為に起こった人災だったはずです。","那本该是由于天文过度消耗波能
而引发的人祸。",translated,卡诺,ac0d7a9f3e,br=0 nl=1,2,
inc/event/res/03/me03_13.txt#193#12,"はい……。
すいません、本当なら天文代表として
謝らないといけないんですよね……わたし。","是的……
对不起，按理说我身为天文的代表，
应该向大家道歉的才对……",translated,依恩,e691369e41,br=0 nl=2,3,
inc/event/res/03/me03_13.txt#194#12,"いいえ、そんな期待はしていませんよ。
あの時ネプツールに掛け合ってくれた事、
私を庇ってくれた事、とても感謝しています。","不，我从未对你抱有那种期望。
那时你去找尼普楚尔交涉，
还出面护住了我，我对此非常感激。",translated,卡诺,a63d4cf517,br=0 nl=2,3,
inc/event/res/03/me03_13.txt#195#12,"それもまた、天文の人間である貴女にしか
できない事でした。","那也是只有身为天文之人的你，
才能做到的事。",translated,卡诺,c9c09de86c,br=0 nl=1,2,
inc/event/res/03/me03_13.txt#196#12,"ですが結果として、私は貴方達天文の生活を
脅かす事をしてしまったのも事実です。","但不可否认的是，在结果上我也确实
威胁到了你们天文派的生活。",translated,卡诺,b9aa6c92b1,br=0 nl=1,2,
inc/event/res/03/me03_13.txt#197#12,"はい……。あっ！　で、でもわたしも
そのこと恨んだりなんか、してませんから！！","是的……啊！但、但是我也丝毫
没有怨恨你的意思哦！！",translated,依恩,7ba0045686,br=0 nl=1,2,
inc/event/res/03/me03_13.txt#198#12,ええ。,嗯。,translated,卡诺,88149875da,br=0 nl=0,1,
inc/event/res/03/me03_13.txt#199#12,"でも……やっぱり考えちゃうんです。
本当にそれしかなかったのかなって……。","可是……我还是会忍不住去想。
真的只有那一种方法吗……",translated,依恩,13ad8b6c87,br=0 nl=1,2,
inc/event/res/03/me03_13.txt#200#12,"あったと思います。
ただ、私の立場として、悠長な事をしている
暇がなかったというだけの事です。","我想是有的。
只是站在我的立场上，没有闲工夫
去从容权衡罢了。",translated,卡诺,90a3eefa3c,br=0 nl=2,3,
inc/event/res/03/me03_13.txt#201#12,"時間……なかったんですよね……。
もっともっと前から、話し合えればよかったのに。","确实……没有时间呢……
要是能从更早更早的时候起，
就一起坐下来商量就好了。",translated,依恩,14a5716ac1,br=0 nl=1,2,
inc/event/res/03/me03_13.txt#202#12,"人は貴女が思うほど優しく、
理解力があるわけではありませんよ。","人心可没有你想的
那么温厚体谅。",translated,卡诺,0245408573,br=0 nl=1,2,
inc/event/res/03/me03_13.txt#203#12,"ずっと、話し合われてきた事なのです。
そして、今の今まで何も決着をつけられ
なかったが為に、沢山の人が死んでいった。","这一直以来都是各方反复争论不休的问题。
正因直到现在都未能达成任何定论，
才导致了无数人的死亡。",translated,卡诺,1c870d65f2,br=0 nl=2,3,
inc/event/res/03/me03_13.txt#207#12,"イオナサル。
私は天文との争いを望んでいるわけでは
ありません。","依欧娜萨鲁。
我并不是渴望与天文产生争斗。",translated,卡诺,384c4c272a,br=0 nl=2,3,
inc/event/res/03/me03_13.txt#208#12,"共に同じ未来を見据える事が出来たなら、と
何時も胸に思っています。","若能携手展望同一片未来，该有多好……
我心中一直怀揣着这样的愿望。",translated,卡诺,4a35c89722,br=0 nl=1,2,
inc/event/res/03/me03_13.txt#209#12,それは貴女に対してもです。イオナサル。,对你也是如此。依欧娜萨鲁。,translated,卡诺,459de3a90d,br=0 nl=0,1,
inc/event/res/03/me03_13.txt#212#12,わたし……ですか？,对我……也是吗？,translated,依恩,a265ab609f,br=0 nl=0,1,
inc/event/res/03/me03_13.txt#216#12,"私もかつて、全ての人を救いたい、と
願いました。","我曾经也祈愿过……
想要拯救所有的人。",translated,卡诺,1f05cb856e,br=0 nl=1,2,
inc/event/res/03/me03_13.txt#217#12,"ふふ、笑わないで下さいね。
私、試練の三年間なんて無くなってしまえば
いいと思ってたのよ。","呵呵，请别笑话我哦。
我甚至曾经想过，要是根本没有什么
试炼的三年该有多好呢。",translated,卡诺,8c4c2ebddc,br=0 nl=2,3,
inc/event/res/03/me03_13.txt#220#12,ええぇっ！？,诶诶诶！？,translated,依恩,cd7ca0d4cc,br=0 nl=0,1,
inc/event/res/03/me03_13.txt#224#12,"だって、私は全てを救いたかったんだもの。
その為に厳しい教育を受けて、やりたくもない
同調をさせられたり、本当に辛かった。","因为啊，我本就是想要拯救一切的呀。
为了这个目标接受严苛的训练，
被迫与不想同调的对象同调，真的非常痛苦。",translated,卡诺,f81953a828,br=0 nl=2,3,
inc/event/res/03/me03_13.txt#227#12,"遊ぶことも許されず、寺院から出る事も
禁止されていたわ。","既不被允许玩耍，
连走出寺院都被严格禁止呢。",translated,卡诺,c97ce3f672,br=0 nl=1,2,
inc/event/res/03/me03_13.txt#228#12,"こんなに辛い環境で育てられているのに、
自分以外にも候補が居るなんて知らされた
時の気持ちは、貴女なら分かるでしょう？","在如此艰苦的环境下被抚养长大，
却突然被告知除了自己之外还有其他候选人存在……
那时候的心情，你应该能理解吧？",translated,卡诺,4fef1a7946,br=0 nl=2,3,
inc/event/res/03/me03_13.txt#229#12,え……ぇと……。,诶……那个……,translated,依恩,440a3714d9,br=0 nl=0,1,
inc/event/res/03/me03_13.txt#230#12,"だからね、私、教育官に思わず言ってしまったの。
どうやったら三年間を過ごさず皇帝に
即位出来るか、って。","所以啊，我忍不住冲教育官脱口而出呢。
问他怎样才能不经历这三年
而直接即位皇帝。",translated,卡诺,81eb5ffe74,br=0 nl=2,3,
inc/event/res/03/me03_13.txt#231#12,カノン……さん……？,卡诺……小姐……？,translated,依恩,068a11831f,br=0 nl=0,1,
inc/event/res/03/me03_13.txt#232#12,"そうしたら、これは由緒ある儀式であり、
神聖なものであるのだから、
競争から降りる事は出来ないって言われてね。","结果他们却告诉我，这是历史悠久的神圣仪式，
任何人都不能退出竞争呢。",translated,卡诺,2ad25a3f7a,br=0 nl=2,3,
inc/event/res/03/me03_13.txt#233#12,"笑っちゃったわ。
私は全てを救うのだから、
それでいいじゃないか！　と。","我当时都忍不住笑了出来呢。
既然我的目的本就是拯救一切，
那直接让我即位不就好了吗！",translated,卡诺,54e6c7325b,br=0 nl=2,3,
inc/event/res/03/me03_13.txt#234#12,"天文だとか、地文だとか、
どうでもいいじゃないか、ってね。
まるで貴女みたいでしょう？","无论是天文还是地文，
根本就无关紧要嘛。
听起来是不是很像你的作风？",translated,卡诺,a605b1a578,br=0 nl=2,3,
inc/event/res/03/me03_13.txt#235#12,"でも、それは結局ただの我がままなんだって
分かったの。ひょっとしたら貴女も、
近いうちにそう思うかもしれませんね。","但后来我才明白，那终究只是任性罢了。
说不定你过不了多久，
也会产生同样的想法呢。",translated,卡诺,3210d2b433,br=0 nl=2,3,
inc/event/res/03/me03_13.txt#238#12,わたしは……っ！,我才……！,translated,依恩,b4addbb616,br=0 nl=0,1,
inc/event/res/03/me03_13.txt#242#12,"生まれてからずっと寺院で生活して、
選ぶこともなく地文という派閥に教育され、
気付いたら皇帝候補になっていた。","从出生起就一直在寺院里生活，
毫无选择地接受地文派系的严苛教育，
回过神来就成了皇帝候选人。",translated,卡诺,b8bab9e970,br=0 nl=2,3,
inc/event/res/03/me03_13.txt#243#12,"勿論、小さい頃はこの生活を疎ましく思った
事もあったけれど、今はそうは思いません。","小时候我当然也曾厌恶过这样的生活，
但现在的我并不会这么认为了。",translated,卡诺,971d4392d9,br=0 nl=1,2,
inc/event/res/03/me03_13.txt#244#12,"かつて、私自身がそうであったように、
民衆もまた自ら選ぶのではなく、
導かれるがままに生きているのです。","正如曾经的我一样，
民众也并非自愿做出抉择，
而是在任由命运引导着前行。",translated,卡诺,76f86cc4be,br=0 nl=2,3,
inc/event/res/03/me03_13.txt#245#12,"それが、あの詩に込められた想い……
だったんですか……？","那便是……在那首诗中
所蕴含的心意吗……？",translated,依恩,575700ec05,br=0 nl=1,2,
inc/event/res/03/me03_13.txt#246#12,"選択を待っていても回答は返ってこない。
待てども、待てども……。","只是等待选择，是不会得到回应的。
无论等多久，等多久……",translated,卡诺,4e4d84f910,br=0 nl=1,2,
inc/event/res/03/me03_13.txt#252#12,"共感して欲しい、などと言うつもりは
ありません。ですが……","我并不是想让你感同身受。
但是……",translated,卡诺,1c1183f353,br=0 nl=1,2,
inc/event/res/03/me03_13.txt#253#12,"待っているだけでは
世界は救えないのですよ、イオナサル。","只是一味等待的话，
是拯救不了世界的哦，依欧娜萨鲁。",translated,卡诺,bfe1aa29e5,br=0 nl=1,2,
inc/event/res/03/me03_13.txt#254#12,"もしも今回の参加が、貴女にとってその
第一歩であるというのでしたら、
私はしかとそれを見届けたく思います。","如果这次参加演出，
对你而言正是迈出的第一步，
那我定会好好见证一番。",translated,卡诺,91ec58530c,br=0 nl=2,3,
inc/event/res/03/me03_13.txt#255#12,"貴女の言う全て救いたい、という想いが
如何ほどのものか……。","看看你口中想要拯救一切的愿景，
究竟有几斤几两……",translated,卡诺,cdae8be906,br=0 nl=1,2,
inc/event/res/03/me03_13.txt#258#12,……はい。,……好的。,translated,依恩,4628bdaa68,br=0 nl=0,1,
inc/event/res/03/me03_13.txt#265#12,"あの、カノンさん……。
わたしの皇位継承の儀は、
まだ始まっていないんです。","那个，卡诺小姐……
我的皇位继承仪式，
其实到现在都还没有真正开始。",translated,依恩,8041151c8f,br=0 nl=2,3,
inc/event/res/03/me03_13.txt#266#12,"初めて万寿沙羅に降りた時、
わたしには何の心の準備もなかったんです。
頭も、心も、真っ白で……。","当初第一次降临到万寿沙罗时，
我根本没有任何心理准备。
大脑一片空白，心里也空落落的……",translated,依恩,6d285e8bd0,br=0 nl=2,3,
inc/event/res/03/me03_13.txt#267#12,"それなのに突然、たくさんの人から
期待の目を向けられて――","可即便如此，突然被那么多人
用充满期待的眼神注视着――",translated,依恩,c2f27f5914,br=0 nl=1,2,
inc/event/res/03/me03_13.txt#268#12,"その想いを受け止めきれず、
逃げ出しました……。","我没能承受住这份厚望，
于是落荒而逃了……",translated,依恩,0459ce8f1e,br=0 nl=1,2,
inc/event/res/03/me03_13.txt#269#12,でも、今は違います。,但是，现在不同了。,translated,依恩,7fb1c590d2,br=0 nl=0,1,
inc/event/res/03/me03_13.txt#270#12,"カノンさんの言うとおり、
待っているだけではきっと世界は
救えないんですよね……。","正如卡诺小姐所说的那样，
只是一味等待的话，
肯定是什么都拯救不了的吧……",translated,依恩,7ae41b7a03,br=0 nl=2,3,
inc/event/res/03/me03_13.txt#271#12,"わたし、なんとなくですけど、
その事が分ってきた気がします。","虽然只是隐隐约约，
但我感觉自己已经开始明白这个道理了。",translated,依恩,7bc0910ad8,br=0 nl=1,2,
inc/event/res/03/me03_13.txt#272#12,そう。,是吗。,translated,卡诺,87634187e2,br=0 nl=0,1,
inc/event/res/03/me03_13.txt#273#12,だから、第一歩なんです。,所以，这正是我迈出的第一步。,translated,依恩,6603a29e2a,br=0 nl=0,1,
inc/event/res/03/me03_13.txt#274#12,"私にとって多分、最初の……。
ここから、皇位継承の儀が始まるんです。","对我来说，大概是真正意义上的第一步……
我的皇位继承仪式，将从这里正式开始。",translated,依恩,9579435265,br=0 nl=1,2,
inc/event/res/03/me03_13.txt#275#12,"わたし――
やっぱりこの世界を全部、救いたい。","我――
果然还是想把这个世界的全部，都拯救下来。",translated,依恩,e455a079d1,br=0 nl=1,2,
inc/event/res/03/me03_13.txt#277#12,"わたしはカノンさんみたいに、
ちゃんとした教育を受けても居ないし、
知らない事だらけですけど……。","我没能像卡诺小姐那样接受过正规教育，
还有太多太多不懂的事……",translated,依恩,fb374ec198,br=0 nl=2,3,
inc/event/res/03/me03_13.txt#278#12,"で、でも、だからこそ……っ！！
天文だとか地文だとか、
ジェノムだとか植物だとか","但、但是，正因如此……！
无论是天文还是地文，
无论是杰诺姆还是植物――",translated,依恩,d45d407ac4,br=0 nl=2,3,
inc/event/res/03/me03_13.txt#279#12,"そんなもの関係ないんだって、全部同じ、
大切な命なんだって、言いきれるんです！！","那些都毫无关系，全都是平等的、
至关重要的宝贵生命，我敢断言这一点！！",translated,依恩,8be947a211,br=0 nl=1,2,
inc/event/res/03/me03_13.txt#280#12,……っ。,……唔。,translated,卡诺,a3b529609c,br=0 nl=0,1,
inc/event/res/03/me03_13.txt#281#12,"わたしは弱いから、途中で挫けることも
あると思います。","因为我很软弱，
我想半途中或许也会受挫气馁。",translated,依恩,696bdfaf70,br=0 nl=1,2,
inc/event/res/03/me03_13.txt#282#12,"けど、わたしにはテレ君が……、
そしてネイちゃんがついていてくれます。","但是，我的身边有泰勒……
还有妮伊一直陪着我。",translated,依恩,4a84a6d887,br=0 nl=1,2,
inc/event/res/03/me03_13.txt#283#12,"もしわたしが諦めかけたら、
きっと二人が叱ってくれると思うんです。","要是我快要放弃了，
我想他们两个一定会狠狠训斥我的。",translated,依恩,bf1f3a91cd,br=0 nl=1,2,
inc/event/res/03/me03_13.txt#284#12,だから、カノンさん――,所以，卡诺小姐――,translated,依恩,417064a7d2,br=0 nl=0,1,
inc/event/res/03/me03_13.txt#285#12,わたし、詩でこの想いを伝えようと思います。,我想要用诗歌，来传达这份心意。,translated,依恩,1f04a58ba7,br=0 nl=0,1,
inc/event/res/03/me03_13.txt#286#12,"始まりの頃には知らなかった……
そして今日までの日々で知ることが出来た
この想いを……精一杯みんなに伝えます。","在最开始时浑然不知……
直到今天才终于在生活中领悟到的这份心意……
我会竭尽全力传达给所有人。",translated,依恩,e36de3b100,br=0 nl=2,3,
inc/event/res/03/me03_13.txt#287#12,"また失敗するかもしれないけど、
でも、一人でも多くの人に……
わたしの想いを伝えたいんです。","虽然也许还会失败，
但是，哪怕能多传达给一个人也好……
我想把我所有的心意传达出去。",translated,依恩,4ab083fa3d,br=0 nl=2,3,
inc/event/res/03/me03_13.txt#288#12,だから、私はフェスティバルに参加します。,因此，我要参加这个狂欢节。,translated,依恩,e0f031e3f8,br=0 nl=0,1,
inc/event/res/03/me03_13.txt#289#12,"そう…。
よく、わかりました。","这样啊……
我充分理解了。",translated,卡诺,2b62608192,br=0 nl=1,2,
inc/event/res/03/me03_13.txt#290#12,"イオナサル。
同じプリシェールとして、
貴女の想いをしっかりと見届けたいと思うわ。","依欧娜萨鲁。
同为普立薛尔，
我也想好好见证你的这份心意呢。",translated,卡诺,2c373756f7,br=0 nl=2,3,
inc/event/res/03/me03_13.txt#291#12,……はい。,……好的。,translated,依恩,4628bdaa68,br=0 nl=0,1,
inc/event/res/03/me03_13.txt#292#12,"頑張って良いステージにしてください。
きっと見に行きます。","加油展现出一场精彩的表演吧。
我一定会去看的。",translated,卡诺,52806da7a2,br=0 nl=1,2,
inc/event/res/03/me03_13.txt#293#12,……はいっ！！,……是！！,translated,依恩,52f6156d32,br=0 nl=0,1,
inc/event/res/03/me03_13.txt#299#12,あ、カノンさん。,啊，卡诺小姐。,translated,依恩,97abbf0b46,br=0 nl=0,1,
inc/event/res/03/me03_13.txt#300#12,"……？
まだ何か？","……？
还有什么事吗？",translated,卡诺,4a59aa3e13,br=0 nl=1,2,
inc/event/res/03/me03_13.txt#301#12,"あ、あの……このあいだの縁日の夜……
夜店にいましたよ、ね？","请、请问……前阵子庙会的那天晚上……
你在夜市的摊位上对吧？",translated,依恩,4e3dd63da8,br=0 nl=1,2,
inc/event/res/03/me03_13.txt#302#12,……ッ！？,……！？,translated,卡诺,c065940700,br=0 nl=0,1,
inc/event/res/03/me03_13.txt#303#12,"な、何のことかしら？
そのような覚えはありませんが。","你、你在胡说些什么呀？
我可不记得有那种事。",translated,卡诺,c0f068c36a,br=0 nl=1,2,
inc/event/res/03/me03_13.txt#304#12,ひよこの……。,小鸡的……,translated,依恩,55adbb98ab,br=0 nl=0,1,
inc/event/res/03/me03_13.txt#305#12,ひ！！！,噫！！！,translated,卡诺,b0d439a9b4,br=0 nl=0,1,
inc/event/res/03/me03_13.txt#308#12,わ、私を……どうなさるつもりですか？,你、你打算……把私怎样？,translated,卡诺,7940b99324,br=0 nl=0,1,
inc/event/res/03/me03_13.txt#309#12,え！？,诶！？,translated,依恩,4d2f18c9e0,br=0 nl=0,1,
inc/event/res/03/me03_13.txt#310#12,"ふ……ふふ……。
いまさら惚ける必要はないでしょう。","呵……呵呵……
事到如今用不着再装傻充愣了吧。",translated,卡诺,0eded90a3d,br=0 nl=1,2,
inc/event/res/03/me03_13.txt#311#12,"あんな姿が公になれば、
私の皇女としての威厳は失われる……。","要是那副模样公之于众，
私作为皇女的威严将荡然无存……",translated,卡诺,18c0a250e2,br=0 nl=1,2,
inc/event/res/03/me03_13.txt#312#12,"ゆ、油断しました……。
よもや、あなたにこのような
駆け引きができるとは……！！","大、大意了……
真没想到，你居然也懂得运用
这等交涉策略……！！",translated,卡诺,2c1f8f9391,br=0 nl=2,3,
inc/event/res/03/me03_13.txt#313#12,あ、あの……わたし、そんなつもりは……。,那、那个……我完全没有那种意思……,translated,依恩,c1a285b7c6,br=0 nl=0,1,
inc/event/res/03/me03_13.txt#314#12,"むしろその……ああして楽しんだりする
ことも大事なことだって、
ネイちゃんが教えてくれたので……。","不如说那个……像那样去享受乐趣，
也是很重要的事，
这是妮伊教给我的……",translated,依恩,45997d7bd3,br=0 nl=2,3,
inc/event/res/03/me03_13.txt#317#12,"ぜ、全然隠すようなことじゃないし、
もっとありのままの自分でいても
いいんじゃないかなって、思います……。","完、完全不用遮遮掩掩，
我觉得展现出更真实的自己
也很好啊……",translated,依恩,8669d5604f,br=0 nl=2,3,
inc/event/res/03/me03_13.txt#319#12,"……勘違いなさらないで。
私は隠しているつもりはありませんし、
かといって表に出すつもりもありません。","……请不要自作聪明。
我并非刻意隐瞒，
但也没打算公之于众。",translated,卡诺,25712cf217,br=0 nl=2,3,
inc/event/res/03/me03_13.txt#320#12,"私は個である前に群であるべき存在ですから
偏った姿を見せても、ついてくる人々は
ほんの一握りでしょう。","私在成为个体之前更应当是群体象征，
若是展现出失态之举，
愿追随而来的民众便寥寥无几了吧。",translated,卡诺,b1ad7a24b4,br=0 nl=2,3,
inc/event/res/03/me03_13.txt#321#12,そんなことは無いと思いますよ……！！,我觉得绝对不会是那样的……！！,translated,依恩,11bb1b4b60,br=0 nl=0,1,
inc/event/res/03/me03_13.txt#322#12,貴女はまだ民衆という物を理解していないのよ。,你还不懂得何为民众呢。,translated,卡诺,12ae576881,br=0 nl=0,1,
inc/event/res/03/me03_13.txt#324#12,"そう……かもしれません。
でも、カノンさん。
わたしはあんなカノンさんも、好きです。","也许……确实是这样吧。
但是，卡诺小姐。
我也很喜欢那样的卡诺小姐哦。",translated,依恩,5b86a1e52d,br=0 nl=2,3,
inc/event/res/03/me03_13.txt#325#12,そう。,是吗。,translated,卡诺,87634187e2,br=0 nl=0,1,
inc/event/res/03/me03_13.txt#326#12,"わたしには、威厳とか、そういうの
全くないので……自分が持ってるもので、
出来る限りの事を頑張りたいと思います。","我身上根本没有什么威严之类的气质……
所以只想凭借自己所拥有的东西，
尽自己最大的努力去拼搏。",translated,依恩,cf972f7373,br=0 nl=2,3,
inc/event/res/03/me03_13.txt#327#12,"そうね。今は試練の刻……。
お互い、目指す未来の為に
最善を尽くしましょう。","是呢。如今正是试炼之刻……
为了各自所追求的未来，
彼此拼尽全力吧。",translated,卡诺,e2bcafd61d,br=0 nl=2,3,
inc/event/res/03/me03_13.txt#328#12,はいっ！！,好！！,translated,依恩,08894667a0,br=0 nl=0,1,
inc/event/res/03/me03_13.txt#329#12,ステージ、楽しみにしています。,我很期待你的舞台表现。,translated,卡诺,acbac01a42,br=0 nl=0,1,
inc/event/res/03/me03_14.txt#17#12,"こら、イオン！
いつまで突っ立って固まってんの！","喂，依恩！
你要呆站到什么时候啊！",translated,妮伊,1f577917ac,br=0 nl=1,2,
inc/event/res/03/me03_14.txt#18#12,"だ、だって……。
ホントにこれから本番だと思うと、
緊張して……。","可、可是……
一想到马上就要正式登台了，
就忍不住好紧张……",translated,依恩,94371f0fc4,br=0 nl=2,3,
inc/event/res/03/me03_14.txt#19#12,"もーう！
ほら、衣装とかはまとめてカバンに
詰めてあげたから！","真拿你没办法！
喏，演出服什么的我全帮你
装进行李包里了！",translated,妮伊,a2c68b2201,br=0 nl=2,3,
inc/event/res/03/me03_14.txt#20#12,そろそろ出発するよ！,差不多该出发了！,translated,妮伊,9ef4b7a82a,br=0 nl=0,1,
inc/event/res/03/me03_14.txt#21#12,う、うん……っ。,嗯、嗯……！,translated,依恩,24e45c79e9,br=0 nl=0,1,
inc/event/res/03/me03_14.txt#22#12,（ネイちゃん、ありがと……）,（妮伊，谢谢你……）,translated,依恩,b2e47e8624,br=0 nl=0,1,
inc/event/res/03/me03_14.txt#23#12,"（そうだ、今日こそ……
　わたしが頑張らなくちゃ）","（没错，今天才更要……
　由我自己拼命加油才行）",translated,依恩,9963cd5d19,br=0 nl=1,2,
inc/event/res/03/me03_14.txt#24#12,"（一生懸命支えてくれたネイちゃんや、
　白鷹さんや、ノエルさんに、
　わたしがお返しをしなきゃいけないんだ）","（为了全力支持我的妮伊、
　白鹰先生、还有诺艾尔先生，
　我必须做出回报才行）",translated,依恩,dcaab5542c,br=0 nl=2,3,
inc/event/res/03/me03_14.txt#25#12,"（みんなのこと……信じて、謳う。
　絶対、大丈夫なはずだから……！）","（相信着大家……放声咏唱。
　绝对、绝对不会有问题的……！）",translated,依恩,9f12b51c6f,br=0 nl=1,2,
inc/event/res/03/me03_14.txt#53#12,"今年初登場！
神秘のヴェールに包まれたキュートな詩姫、
ノイ・ザ・ラシェーラ・ファンタスフィア！","今年首次登台亮相！
笼罩在神秘面纱下的可爱诗姬――
诺伊・扎・拉榭拉・奇想之球！",translated,广播,407fabf1aa,br=0 nl=2,3,
inc/event/res/03/me03_14.txt#81#12,ぅわっ、イオンガチガチじゃん！！,哇啊，依恩整个人都僵硬了嘛！！,translated,妮伊,127f0a8909,br=0 nl=0,1,
inc/event/res/03/me03_14.txt#82#12,"大丈夫ッスよ、イオンちゃんは！
めいっぱい練習したし、
詩魔法もバッチリなんスから！！","没问题的，依恩妹妹一定行！
做了那么充足的练习，
诗魔法也是万无一失的！！",translated,白鹰,ca545e7aed,br=0 nl=2,3,
inc/event/res/03/me03_14.txt#83#12,きゅきゅきゅー！♪♪,啾啾啾――！♪♪,translated,泰雷芬肯,e865ce1c61,br=0 nl=0,1,
inc/event/res/03/me03_14.txt#95#12,……あ、ぁ……。,……啊、啊……,translated,依恩,55564cfede,br=0 nl=0,1,
inc/event/res/03/me03_14.txt#96#12,"あっ……の……。
えと……。
みな……っ……さ……。","大……大……
那个……
各……位……",translated,依恩,719d4eba51,br=0 nl=2,3,
inc/event/res/03/me03_14.txt#97#12,頑張れ……っ！！,加油啊……！！,translated,白鹰,94c685c45b,br=0 nl=0,1,
inc/event/res/03/me03_14.txt#98#12,しっかりしろーっ！！,给我振作点――！！,translated,妮伊,83b517429c,br=0 nl=0,1,
inc/event/res/03/me03_14.txt#99#12,"（ふぅ……っ……。
　落ち着け……落ち着け、わたし！）","（呼……吸……
　冷静点……冷静点，我可以的！）",translated,依恩,1d89b01902,br=0 nl=1,2,
inc/event/res/03/me03_14.txt#100#12,"……あの、みなさん！
こ、こんばんは……。","……那个，各位！
大、大家晚上好……",translated,依恩,3c6adfc7a9,br=0 nl=1,2,
inc/event/res/03/me03_14.txt#101#12,"あの……わたし、人前でしゃべるのが
とっても苦手で……。","那个……我非常不擅长
在众人面前说话……",translated,依恩,c3c662e335,br=0 nl=1,2,
inc/event/res/03/me03_14.txt#102#12,"あっ。わたし、名前……ぇっと、
ノイ・ザ……ラシェーラ……んと、
なんとかスフィア……。","啊。我的名字……那个，
诺伊・扎……拉榭拉……呃，
什么什么球……",translated,依恩,f5ba43c9f8,br=0 nl=2,3,
inc/event/res/03/me03_14.txt#103#12,……忘れました……。,……我忘了……,translated,依恩,5af020b299,br=0 nl=0,1,
inc/event/res/03/me03_14.txt#108#12,なんじゃそらぁぁっ！？,搞什么鬼啊――！？,translated,妮伊,3e4ecf1c74,br=0 nl=0,1,
inc/event/res/03/me03_14.txt#109#12,だめかもス。,感觉要完蛋了。,translated,白鹰,aafc64198b,br=0 nl=0,1,
inc/event/res/03/me03_14.txt#110#12,きゅう。,啾。,translated,泰雷芬肯,64567433e5,br=0 nl=0,1,
inc/event/res/03/me03_14.txt#112#12,"イ、イオンです！
イオナサル・ククルル･プリシェール！
……ですっ！","我、我是依恩！
依欧娜萨鲁・库库鲁鲁・普立薛尔！
……就是我！",translated,依恩,45e9cd6f01,br=0 nl=2,3,
inc/event/res/03/me03_14.txt#116#12,"ひっ、人前でしゃべれないのは、その、
皇帝になるために……それじゃダメだから……。","不、不敢在众人面前说话的话，那个，
是没法成为皇帝的……这样是不行的……",translated,依恩,439b388a54,br=0 nl=1,2,
inc/event/res/03/me03_14.txt#138#12,"皇帝に……なるために、……。
自分がいま精一杯できることって
何だろうと思って……。","为了……能够成为皇帝……
我一直在思考
现在的自己全力以赴能做到什么……",translated,依恩,e7386cd63c,br=0 nl=2,3,
inc/event/res/03/me03_14.txt#140#12,今日、ここに来ました。,于是今天，我来到了这里。,translated,依恩,86296954be,br=0 nl=0,1,
inc/event/res/03/me03_14.txt#141#12,"わたし、地文の皇女のカノンさんみたいな、
素敵な演説はできません。","我无法像地文的皇女卡诺小姐那样，
发表那么精彩绝伦的演说。",translated,依恩,546656c368,br=0 nl=1,2,
inc/event/res/03/me03_14.txt#142#12,でも、詩なら……頑張れると思います。,但是，如果是诗歌的话……我想我可以努力。,translated,依恩,72c67b3957,br=0 nl=0,1,
inc/event/res/03/me03_14.txt#144#12,イオン、いけっ！　頑張れ！,依恩，上啊！加油！,translated,妮伊,113c706e65,br=0 nl=0,1,
inc/event/res/03/me03_14.txt#146#12,"だから、聞いてください。
この詩が、わたしの演説です。
みなさんへの……想いです。","所以，请大家听听看吧。
这首诗，就是我的演说。
是我倾注给所有人的……心意。",translated,依恩,4d1c3a50ff,br=0 nl=2,3,
inc/event/res/03/me03_14.txt#147#12,どうか、よろしくお願いします！,还请各位多多关照！,translated,依恩,83d1bd87e0,br=0 nl=0,1,
inc/event/res/03/me03_14.txt#177#12,（……この詩が）,（……这首诗歌）,translated,变装卡诺,ca39f0db65,br=0 nl=0,1,
inc/event/res/03/me03_14.txt#178#12,"（この子の……
　イオナサルの本当の想い……）","（是这孩子……
　是依欧娜萨鲁内心最真切的心愿……）",translated,变装卡诺,ea8a1bf33f,br=0 nl=1,2,
inc/event/res/03/me03_14.txt#179#12,"（漠然と『全部を助けたい』などと
　言っていたのではない……）","（她并非只是漫不经心地
　随口说着“想拯救一切”……）",translated,变装卡诺,633f985a1e,br=0 nl=1,2,
inc/event/res/03/me03_14.txt#180#12,"（何の痛みも代償もなく、
　誰一人傷つくことも悲しむこともなく……
　世界をあるがまま救おうと……）","（没有任何痛苦与代价，
　不让任何一个人受到伤害或感到悲伤……
　想要按世界原本的模样去拯救它……）",translated,变装卡诺,2c8a748d10,br=0 nl=2,3,
inc/event/res/03/me03_14.txt#182#12,（……かつて私が理想とした想い……）,（……曾几何时，我也曾如此理想过……）,translated,变装卡诺,93eba41e63,br=0 nl=0,1,
inc/event/res/03/me03_14.txt#183#12,"（イオナサル……貴女は私と同じ道を
　辿るのでしょうか……）","（依欧娜萨鲁……你是否也会重蹈
　与我完全相同的道路呢……）",translated,变装卡诺,edafea2ba4,br=0 nl=1,2,
inc/event/res/03/me03_14.txt#184#12,あるいは――。,又或者――,translated,变装卡诺,f9ffc0e689,br=0 nl=0,1,
inc/event/res/03/me03_14.txt#196#12,……聴いてたか。,……你听到了吗。,translated,库琳,db7035b87f,br=0 nl=0,1,
inc/event/res/03/me03_14.txt#197#12,うん。聴いた。,嗯。听到了。,translated,帕里,c7044b765c,br=0 nl=0,1,
inc/event/res/03/me03_14.txt#198#12,"俺は……地文の人間として、
天文の事を見てきたつもりだ。","我是……作为地文之人，
自认一直注视着天文的所作所为。",translated,库琳,d2c5935e51,br=0 nl=1,2,
inc/event/res/03/me03_14.txt#199#12,"勿論、偏見がないとは言わないよ。
だが、天文は……彼女は世界を、
こんな風に救おうとしてるのか……？","当然，我不敢说自己毫无偏见。
但是，天文……她是打算以这种方式，
去拯救这个世界吗……？",translated,库琳,12396c3a74,br=0 nl=2,3,
inc/event/res/03/me03_14.txt#200#12,"俺は……いや、この詩を聞いた者たちは皆、
たとえひとときでも……救われた。
そう思わないか。","我……不，听过这首诗的人们，
哪怕只有片刻……都得到了救赎。
你不这么认为吗。",translated,库琳,03ce943151,br=0 nl=2,3,
inc/event/res/03/me03_14.txt#201#12,"……えぇ。
でも……きっとこれは天文の詩じゃない。","……嗯。
但是……这一定不是属于天文的诗歌。",translated,帕里,e6f489790b,br=0 nl=1,2,
inc/event/res/03/me03_14.txt#204#12,"彼女の詩なのよ。
天文でも、皇帝でもなく、
今のイオンさまの本当の想いなんだ。","这是属于她的诗歌。
无关天文，也无关皇帝，
而是现在的依恩大人发自内心真实的愿景。",translated,帕里,6b6cec6d3a,br=0 nl=2,3,
inc/event/res/03/me03_14.txt#206#12,救われるために争うなんて、おかしいよね。,为了获得救赎而互相争斗，本就很荒唐吧。,translated,帕里,169a52fd2c,br=0 nl=0,1,
inc/event/res/03/me03_14.txt#208#12,……帰ろう。夢ノ珠へ。,……回去吧。回梦之珠去。,translated,库琳,74ba4fa6ba,br=0 nl=0,1,
inc/event/res/03/me03_14.txt#209#12,……うん。,……嗯。,translated,帕里,21d363aba4,br=0 nl=0,1,
inc/event/res/03/me03_14.txt#211#12,やれることが、あるはずだ。,一定有，我们能做到的事。,translated,库琳,e20ebc4c40,br=0 nl=0,1,
inc/event/res/03/me03_14.txt#212#12,"そう……私たちにも。
きっと。","是啊……我们也可以。
一定能。",translated,帕里,f1addb6000,br=0 nl=1,2,
inc/event/res/03/me03_14.txt#231#12,"イオンちゃん……！
俺、俺……サイッコーに感動したッス！！！","依恩妹妹……！
我、我……感动到无以复加！",translated,白鹰,88aafcd78d,br=0 nl=1,2,
inc/event/res/03/me03_14.txt#232#12,"もう、何も言うコトないッス！！
ノエルも、ぜってー喜んでる！！！","我已经，什么话都说不出来了！！
诺艾尔也，绝对高兴坏了！！！",translated,白鹰,e8c1f0cf4b,br=0 nl=1,2,
inc/event/res/03/me03_14.txt#233#12,ありがとう、白鷹さん。,谢谢你，白鹰先生。,translated,依恩,a42cd8743f,br=0 nl=0,1,
inc/event/res/03/me03_14.txt#234#12,わたし、まだドキドキしてる……。,我的心，现在还在砰砰直跳呢……,translated,依恩,79654ed1d1,br=0 nl=0,1,
inc/event/res/03/me03_14.txt#235#12,"こんなに大勢の前で謳えたの……
白鷹さんと、ノエルさんのおかげです。","能在这么多人面前咏唱……
都是托了白鹰先生和诺艾尔先生的福。",translated,依恩,e19454c188,br=0 nl=1,2,
inc/event/res/03/me03_14.txt#236#12,"何言ってんだよ、イオンちゃんが
頑張ったんじゃねーか！！","你在说什么呢，
这可全靠依恩妹妹自己的努力呀！！",translated,白鹰,1a6f0ef1a2,br=0 nl=1,2,
inc/event/res/03/me03_14.txt#237#12,うん、……ありがとう。,嗯……谢谢你。,translated,依恩,cb85ce8619,br=0 nl=0,1,
inc/event/res/03/me03_14.txt#238#12,きゅうきゅう！　きゅうきゅう！！,啾啾！啾啾！！,translated,泰雷芬肯,086198af5a,br=0 nl=0,1,
inc/event/res/03/me03_14.txt#239#12,テレくん。わたし、どうだった？,泰勒。我表现得怎么样？,translated,依恩,c024cdb94d,br=0 nl=0,1,
inc/event/res/03/me03_14.txt#240#12,きゅきゅう～～♪♪♪,啾啾～～♪♪♪,translated,泰雷芬肯,adf5bb16d8,br=0 nl=0,1,
inc/event/res/03/me03_14.txt#241#12,"ほめてくれてるの？
ありがとう♪","你是在夸我吗？
谢谢你♪",translated,依恩,0b1383550b,br=0 nl=1,2,
inc/event/res/03/me03_14.txt#242#12,きゅう♪,啾♪,translated,泰雷芬肯,d0aaf98e51,br=0 nl=0,1,
inc/event/res/03/me03_14.txt#243#12,うふふ……。,呵呵……,translated,依恩,b6260b0240,br=0 nl=0,1,
inc/event/res/03/me03_14.txt#245#12,……ネイちゃん。,……妮伊。,translated,依恩,c7b504478f,br=0 nl=0,1,
inc/event/res/03/me03_14.txt#247#12,"ありがとう、ネイちゃん。
ほんとに……ありがとう。","谢谢你，妮伊。
真的……太谢谢你了。",translated,依恩,927a49412c,br=0 nl=1,2,
inc/event/res/03/me03_14.txt#248#12,"ネイちゃんがいてくれなかったら
わたし、こんなこととてもできなかったよ。","要是没有妮伊陪着我，
我一个人绝对做不到这种事的。",translated,依恩,103ecc806d,br=0 nl=1,2,
inc/event/res/03/me03_14.txt#250#12,"……まったく。
最初のアイサツでいきなりキョドるし、
見てるこっちはハラハラしたわよ。","……真是的。
一开始打招呼时整个人都在发慌，
看得我在旁边提心吊胆的。",translated,妮伊,45a16bb27b,br=0 nl=2,3,
inc/event/res/03/me03_14.txt#251#12,う……ごめんなさい。,呜……对不起。,translated,依恩,38ebca89c2,br=0 nl=0,1,
inc/event/res/03/me03_14.txt#252#12,"……でもま、ステージとしては
まぁまぁの及第点かな。","……不过嘛，作为一场舞台表演，
勉勉强强算及格吧。",translated,妮伊,a2cd1ae9de,br=0 nl=1,2,
inc/event/res/03/me03_14.txt#253#12,よくやったよ、イオン。,干得漂亮，依恩。,translated,妮伊,88a8166646,br=0 nl=0,1,
inc/event/res/03/me03_14.txt#255#12,ありがとう……ありがと、ネイちゃんっ！,谢谢……谢谢你，妮伊！,translated,依恩,7c567d97a2,br=0 nl=0,1,
inc/event/res/03/me03_15.txt#1#12,別シートへ。,转至另一工作表。,translated,,6a3e6b7ba6,br=0 nl=0,1,
inc/event/res/03/me03_16.txt#17#12,"……白鷹さん。
今回のこと、ほんとにありがとう
ございました。","……白鹰先生。
这次的事，真的非常感谢您。",translated,依恩,be9fbc357d,br=0 nl=2,3,
inc/event/res/03/me03_16.txt#18#12,な、何スかあらたまって……。,怎、怎么突然这么一本正经的……,translated,白鹰,6bace3425e,br=0 nl=0,1,
inc/event/res/03/me03_16.txt#19#12,"俺の方こそ、感謝してるッス。
バイオス屋として、ハッカーとして――","该道谢的是我才对。
作为BIOS屋，作为黑客――",translated,白鹰,228a2f6417,br=0 nl=1,2,
inc/event/res/03/me03_16.txt#20#12,"何よりイオンちゃんの大ファンとして、
手伝いのできたことがマジで嬉しいんス。","更作为依恩妹妹的头号大粉丝，
能够帮上你的忙，我真的太高兴了。",translated,白鹰,2b2bd69c12,br=0 nl=1,2,
inc/event/res/03/me03_16.txt#21#12,"こんなこともう一生ないって経験、
させてもらえたッス！",这绝对是我一辈子都不会再有的珍贵体验！,translated,白鹰,7f10b04122,br=0 nl=1,2,
inc/event/res/03/me03_16.txt#24#12,……もう、行くんスね。,……马上就要走了吧。,translated,白鹰,12c1775ee4,br=0 nl=0,1,
inc/event/res/03/me03_16.txt#25#12,"あ……はい。
チューブ･カンパニーの社長さんに、
ずっとお呼ばれしていて……。","啊……是的。
管体公司的社长，
一直都在邀请我们过去……",translated,依恩,82244478d5,br=0 nl=2,3,
inc/event/res/03/me03_16.txt#26#12,"ここに来る前から
さんざん誘われてたんだけど、
あたしが止めてたの。","在来这里之前就屡次三番来邀请了，
不过都被我挡回去了。",translated,妮伊,66be6e56ab,br=0 nl=2,3,
inc/event/res/03/me03_16.txt#27#12,"イオンも休ませてあげないと
大変だからってね。","因为我想着也得让依恩好好休息一下，
免得太吃力嘛。",translated,妮伊,d557200f36,br=0 nl=1,2,
inc/event/res/03/me03_16.txt#28#12,"……ま、結果的にはほとんど休まずに、
踊りの練習ばっかさせちゃったけど。","……嘛，结果根本没怎么休息，
净抓着她练习跳舞了就是了。",translated,妮伊,5bb2defb3e,br=0 nl=1,2,
inc/event/res/03/me03_16.txt#29#12,うふふ……。,呵呵……,translated,依恩,b6260b0240,br=0 nl=0,1,
inc/event/res/03/me03_16.txt#30#12,"あそこの社長が最近ほんとに
うるさく連絡してきて、
とうとう根負けしちゃったってわけ。","那边的社长最近联络得实在太烦人了，
我终于还是拗不过他妥协了。",translated,妮伊,cae22c7752,br=0 nl=2,3,
inc/event/res/03/me03_16.txt#31#12,お待たせしすぎるのも悪いな、って……。,让人家等太久也挺过意不去的，所以……,translated,依恩,b52dc7d20b,br=0 nl=0,1,
inc/event/res/03/me03_16.txt#32#12,"そっか。
皇帝候補ッスもんね、イオンちゃん。
できればずっといてほしいけど……。","这样啊。
毕竟是皇帝候选人嘛，依恩妹妹。
虽然真希望你能一直留在这里……",translated,白鹰,9c7f981108,br=0 nl=2,3,
inc/event/res/03/me03_16.txt#33#12,"それよりもっと、
皇帝になってほしいッスから！","但相比之下，
我更期盼你能当上皇帝啊！",translated,白鹰,b53499d982,br=0 nl=1,2,
inc/event/res/03/me03_16.txt#34#12,ありがとう、白鷹さん。,谢谢你，白鹰先生。,translated,依恩,a42cd8743f,br=0 nl=0,1,
inc/event/res/03/me03_16.txt#35#12,はは、イオンちゃんそればっか！,哈哈，依恩妹妹老是这句话！,translated,白鹰,27b5f9949b,br=0 nl=0,1,
inc/event/res/03/me03_16.txt#36#12,うふふ……。,呵呵……,translated,依恩,b6260b0240,br=0 nl=0,1,
inc/event/res/03/me03_16.txt#37#12,"でも、コンテストの結果は
見てかなくていいんスか？",不过，不看比赛的结果就走吗？,translated,白鹰,4c87d34aa3,br=0 nl=1,2,
inc/event/res/03/me03_16.txt#38#12,"フェスティバルはまだもうちょっと続くでしょ？
結果発表のころまではいられないかなー。","狂欢节还要持续一阵子对吧？
我们恐怕等不到宣布结果的时候啦。",translated,妮伊,93fc179f90,br=0 nl=1,2,
inc/event/res/03/me03_16.txt#39#12,"そっかぁ……。
ま、俺はイオンちゃんが
優勝で決まりだと思ってっスけどね！","这样啊……
嘛，反正我觉得冠军非依恩妹妹莫属就是了！",translated,白鹰,b7e8b1c6f9,br=0 nl=2,3,
inc/event/res/03/me03_16.txt#40#12,"白鷹さー。
そのことで、いっこお願いがあるんだけど。","白鹰啊。
关于那个，我有件事想拜托你。",translated,妮伊,3feb0d500e,br=0 nl=1,2,
inc/event/res/03/me03_16.txt#41#12,うん、何スか？,嗯，什么事？,translated,白鹰,35ff8db731,br=0 nl=0,1,
inc/event/res/03/me03_16.txt#42#12,"ホントにイオンが優勝ってことに
なったら、代理で賞品もらっといてくれない？","如果依恩真的拿了冠军的话，
你能替她去把奖品领了吗？",translated,妮伊,6453381f68,br=0 nl=1,2,
inc/event/res/03/me03_16.txt#43#12,え、俺がッスか！？,诶，我替她去领吗！？,translated,白鹰,1103a779ce,br=0 nl=0,1,
inc/event/res/03/me03_16.txt#44#12,"優勝賞品って、コロン･フォーシーズンへの
７日間旅行券、なんだそうです。","听说冠军奖品是前往克隆四季
的7日旅行券。",translated,依恩,5eeb929974,br=0 nl=1,2,
inc/event/res/03/me03_16.txt#45#12,"もしもらえたら、そのチケットで……
ノエルさんに会いに行ってあげてください。","如果能拿到的话，请用那张票……
去见一见诺艾尔先生吧。",translated,依恩,42571c85ab,br=0 nl=1,2,
inc/event/res/03/me03_16.txt#46#12,"！！
イオンちゃん……。","！！
依恩妹妹……",translated,白鹰,ec0b63e402,br=0 nl=1,2,
inc/event/res/03/me03_16.txt#47#12,"あのステージで謳って、感じたんです。
ノエルさんも、きっと白鷹さんに会いたいって
思ってます。","在那个舞台上咏唱时，我感受到了。
诺艾尔先生，肯定也很想见白鹰先生。",translated,依恩,291225860d,br=0 nl=2,3,
inc/event/res/03/me03_16.txt#48#12,"力を合わせて、あんなにすごい詩を
紡げるんですから……。","毕竟你们齐心协力，
编织出了那么棒的诗歌呀……",translated,依恩,87331ccce0,br=0 nl=1,2,
inc/event/res/03/me03_16.txt#49#12,"……ありがと、イオンちゃん。
その気持ち、嬉しいッス。マジで。","……谢谢你，依恩妹妹。
你的好意我心领了。真的。",translated,白鹰,64155dd3ed,br=0 nl=1,2,
inc/event/res/03/me03_16.txt#50#12,"でも、さすがにチケットは受け取れないッス。
頑張ったのはイオンちゃんなんだから。","但是，票我无论如何都不能收。
毕竟努力拼搏的人是依恩妹妹啊。",translated,白鹰,5ede2e3b6a,br=0 nl=1,2,
inc/event/res/03/me03_16.txt#51#12,"そいつは、イオンちゃんが帰ってくるまで
俺が大事に預かっとくッス。","那张票，我会好好替依恩妹妹保管着，
直到你回来为止。",translated,白鹰,64ef00b661,br=0 nl=1,2,
inc/event/res/03/me03_16.txt#52#12,白鷹さん……。,白鹰先生……,translated,依恩,57e4073707,br=0 nl=0,1,
inc/event/res/03/me03_16.txt#53#12,"俺もノエルも、自分らの作ったG2トロンで
イオンちゃんが謳ってくれた、
それだけで大満足なんス！","我和诺艾尔，只要能看到依恩妹妹
用我们制作的G2特伦放声咏唱，
就已经心满意足了！",translated,白鹰,fab9ca1546,br=0 nl=2,3,
inc/event/res/03/me03_16.txt#54#12,"俺らがG2トロン作ったり
プログラムしたりするのは、
誰かにそれを使ってほしいから。","我们制作G2特伦、编写程序，
就是希望能有人去使用它。",translated,白鹰,6ad6b6a6d6,br=0 nl=2,3,
inc/event/res/03/me03_16.txt#55#12,"ましてやその相手がイオンちゃんなら、
もう他に望むことなんてないんス！","更何况使用者还是依恩妹妹，
我们哪还会有其他非分之想啊！",translated,白鹰,0d1d3bc858,br=0 nl=1,2,
inc/event/res/03/me03_16.txt#56#12,"それに、賞品なんてもらっちゃったら
マジで釣り合いとれなくなっちまうッス。","而且我要是收下奖品的话，
可就真的受之有愧、扯不平了。",translated,白鹰,59410a071a,br=0 nl=1,2,
inc/event/res/03/me03_16.txt#59#12,"俺にはまだほかに、
イオンちゃんに感謝してることがあるから。","因为在别的地方，
我还有要感谢依恩妹妹的事情呢。",translated,白鹰,9c921c77bb,br=0 nl=1,2,
inc/event/res/03/me03_16.txt#60#12,えっ？,诶？,translated,依恩,5b8d798295,br=0 nl=0,1,
inc/event/res/03/me03_16.txt#61#12,……万寿沙羅の街、救ってくれたこと。,……就是你拯救了万寿沙罗街区的事。,translated,白鹰,9734908c2f,br=0 nl=0,1,
inc/event/res/03/me03_16.txt#62#12,"万寿沙羅……？
白鷹さんが、どうして……？","万寿沙罗……？
为什么白鹰先生会……？",translated,依恩,9e68961c31,br=0 nl=1,2,
inc/event/res/03/me03_16.txt#64#12,"実は、俺……
万寿沙羅の外れに実家があるんス。","其实，我……
老家就在万寿沙罗的郊外。",translated,白鹰,28f5a03998,br=0 nl=1,2,
inc/event/res/03/me03_16.txt#65#12,"やりたいことやるために親とケンカして、
家、飛び出して。","为了做自己想做的事和父母大吵一架，
然后离家出走。",translated,白鹰,2b0d58114f,br=0 nl=1,2,
inc/event/res/03/me03_16.txt#66#12,"色々苦労したけど、
ここで暮らすようになって……。","虽然吃了不少苦头，
但终于在这里站稳了脚跟……",translated,白鹰,8671edfb2d,br=0 nl=1,2,
inc/event/res/03/me03_16.txt#67#12,"もう何年も経つんだけど……でもやっぱ……
故郷なんスよね。","虽然已经过去好多年了……
但那里终究是……我的故乡啊。",translated,白鹰,39e3d71dbc,br=0 nl=1,2,
inc/event/res/03/me03_16.txt#68#12,そう、だったんですか……。,原来……是这样啊……,translated,依恩,4ef79f3c77,br=0 nl=0,1,
inc/event/res/03/me03_16.txt#69#12,"イオンちゃんはだから、
俺の故郷をバーストから守ってくれた
恩人なんッス！","所以说，依恩妹妹是保护了我的故乡
免遭崩裂灾难的大恩人啊！",translated,白鹰,1fd92f38dd,br=0 nl=2,3,
inc/event/res/03/me03_16.txt#72#12,……それと…,……而且……,translated,白鹰,0bf99d5c45,br=0 nl=0,1,
inc/event/res/03/me03_16.txt#73#12,"弟のこと……必死で助けようとしてくれて、
すげぇ嬉しかった。","你拼尽全力去救我弟弟……
我真的非常非常高兴。",translated,白鹰,7510452e6b,br=0 nl=1,2,
inc/event/res/03/me03_16.txt#74#12,"えっ……？
弟、って……。","诶……？
弟弟……是说……",translated,依恩,3728981043,br=0 nl=1,2,
inc/event/res/03/me03_16.txt#82#12,"あーい、
白鷹さんのバイオス屋さんですよー。","喂――
这里是白鹰的BIOS屋哦。",translated,白鹰,d07ac4060d,br=0 nl=1,2,
inc/event/res/03/me03_16.txt#85#12,"……どうでもいいけど、あいかわらず
ブッキラボーだな、お前。","……说起来，你还是一如既往的
冷淡生硬啊，臭小子。",translated,白鹰,f9d159e5ed,br=0 nl=1,2,
inc/event/res/03/me03_16.txt#86#12,……ん？,……嗯？,translated,白鹰,632ec345ec,br=0 nl=0,1,
inc/event/res/03/me03_16.txt#87#12,"……あぁ、ちょうどいまいるよ。
愛想良くすんなら、替わってもいいぞ？","……啊，她正好就在这儿。
要是你态度能热情点，我倒是可以替你转接哦？",translated,白鹰,eac30ae6c1,br=0 nl=1,2,
inc/event/res/03/me03_16.txt#89#12,……おぅ、待って。,……好嘞，稍等。,translated,白鹰,73f003084a,br=0 nl=0,1,
inc/event/res/03/me03_16.txt#91#12,"イオンちゃん。
ノエルが話したいって。","依恩妹妹。
诺艾尔说想和你通话。",translated,白鹰,71448cdaf0,br=0 nl=1,2,
inc/event/res/03/me03_16.txt#92#12,"えっ！？
ノエル、さん！？","诶！？
诺艾尔、先生！？",translated,依恩,210a5d7578,br=0 nl=1,2,
inc/event/res/03/me03_16.txt#93#12,"どっ、どうしよう、何話せば……
あっ、まずお礼を……。
それからうんと、うぅん……。","怎、怎么办，该说些什么才好……
啊，首先要道谢……
然后再那个，唔……",translated,依恩,e9a19f1729,br=0 nl=2,3,
inc/event/res/03/me03_16.txt#94#12,"ははは、いーから。
ん。","哈哈哈，别紧张啦。
喏。",translated,白鹰,c3fe3e9711,br=0 nl=1,2,
inc/event/res/03/me03_16.txt#104#12,"あ、の、初めまして……。
イオン、です。","初、初次见面……
我是依恩。",translated,依恩,c25f28cebb,br=0 nl=1,2,
inc/event/res/03/me03_16.txt#106#12,……イオナサル。,……依欧娜萨鲁。,translated,诺艾尔,18f2c91681,br=0 nl=0,1,
inc/event/res/03/me03_16.txt#107#12,は、ははいっ！,在、在！,translated,依恩,9e36213b3d,br=0 nl=0,1,
inc/event/res/03/me03_16.txt#108#12,"私と白鷹の想いを、よく謳い上げてくれた。
礼を言う。","你把我和白鹰的心意，咏唱得很好。
多谢了。",translated,诺艾尔,3322d438f4,br=0 nl=1,2,
inc/event/res/03/me03_16.txt#109#12,"いっ、いえ、あのっ！
こちら、こそ……。","没、没有，那个！
该道谢的是、我才对……",translated,依恩,2279288276,br=0 nl=1,2,
inc/event/res/03/me03_16.txt#110#12,お前……。,你……,translated,诺艾尔,77eceeddf7,br=0 nl=0,1,
inc/event/res/03/me03_16.txt#111#12,は、い……。,在……,translated,依恩,d3150b8f75,br=0 nl=0,1,
inc/event/res/03/me03_16.txt#112#12,――帰りたいんだろ？,――想回去吧？,translated,诺艾尔,9e8772081a,br=0 nl=0,1,
inc/event/res/03/me03_16.txt#114#12,え――,诶――,translated,依恩,2bb110ed3a,br=0 nl=0,1,
inc/event/res/03/me03_16.txt#115#12,えぇ……と、……あ、あの……、え……？,诶……那个……请、请问……诶……？,translated,依恩,9d319af381,br=0 nl=0,1,
inc/event/res/03/me03_16.txt#116#12,"これから一切、何も言わなくていい。
返事もするな。
ただ私の話をよく聞くんだ。","从现在起，你什么都不用说。
也用不着回答我。
只要仔细听我说完就行。",translated,诺艾尔,8b394734ae,br=0 nl=2,3,
inc/event/res/03/me03_16.txt#118#12,は、……んむぐ。,好、……唔嗯。,translated,依恩,84e44ac64f,br=0 nl=0,1,
inc/event/res/03/me03_16.txt#119#12,"帰りたいのなら……
『クラケット』という男に会うんだ。","如果想要回去的话……
就去见一个叫“库拉肯特”的男人。",translated,诺艾尔,d62cf6b3b6,br=0 nl=1,2,
inc/event/res/03/me03_16.txt#120#12,んむぅ……。,唔唔……,translated,依恩,66df85cac9,br=0 nl=0,1,
inc/event/res/03/me03_16.txt#121#12,（クラケット、さん……？）,（库拉肯特……先生……？）,translated,依恩,be6a9be067,br=0 nl=0,1,
inc/event/res/03/me03_16.txt#122#12,"彼と直接会う方法はない。
会いたければ、TxBIOS内に存在する
特殊なプログラムに信号を送り――","没有与他直接见面的方法。
想要见他的话，就向TxBIOS中
存在的特殊程序发送信号――",translated,诺艾尔,0b3ce55cd2,br=0 nl=2,3,
inc/event/res/03/me03_16.txt#123#12,"ジェノメトリクスを介して
チャットするしかない。","只能通过杰诺梅特利库斯
与他进行文字聊天。",translated,诺艾尔,f21cb47a6c,br=0 nl=1,2,
inc/event/res/03/me03_16.txt#125#12,（どういうこと……わかんない……！）,（这究竟是怎么一回事……听不懂……！）,translated,依恩,5dd1630c42,br=0 nl=0,1,
inc/event/res/03/me03_16.txt#126#12,"そのTxBIOSのバイオスクラス名は、
exec_genomirai。","那个TxBIOS的类名是，
exec_genomirai。",translated,诺艾尔,e9ab9d623a,br=0 nl=1,2,
inc/event/res/03/me03_16.txt#127#12,え、……それって……！,诶……那不就是……！,translated,依恩,d9aa7b61a6,br=0 nl=0,1,
inc/event/res/03/me03_16.txt#128#12,"バイオスレベルは９。
アクセスは困難を極めるだろうが……
せめてもの、感謝として。","BIOS等级为9。
访问难度恐怕非同一般……
这就算是我对你的小小谢意吧。",translated,诺艾尔,a6ec4aae2f,br=0 nl=2,3,
inc/event/res/03/me03_16.txt#130#12,"あっ！！
待って！！","啊！！
请等一下！！",translated,依恩,f7834dadcd,br=0 nl=1,2,
inc/event/res/03/me03_16.txt#143#12,"ん？　切れたのか？
ったく、愛想良くっつったのに……。","嗯？挂断了吗？
真是的，明明叫他态度热情点的……",translated,白鹰,1545f11288,br=0 nl=1,2,
inc/event/res/03/me03_16.txt#145#12,"……ちょっと。
イオン、どしたの！？","……喂。
依恩，你怎么了！？",translated,妮伊,d3aaad6072,br=0 nl=1,2,
inc/event/res/03/me03_16.txt#147#12,（……クラケット、……さん……）,（……库拉肯特、……先生……）,translated,依恩,7063107cd7,br=0 nl=0,1,
inc/event/res/03/me03_16.txt#148#12,（わたしの……帰る場所……）,（我……该回去的地方……）,translated,依恩,2b2a84ef7d,br=0 nl=0,1,
inc/event/res/03/me03_song.txt#7#12,"QuelI->｛Cls(wei f ih) 
　　　　　　｛EX[lop]->｛falar｝;｝
もしもこの想いが　誰かを助ける","QuelI->｛Cls(wei f ih)
　　　　　　｛EX[lop]->｛falar｝;｝
若这份心意　能成为拯救他人的",translated,系统文本,03b8b4f7bc,br=0 nl=2,3,src-longest-line=25
inc/event/res/03/me03_song.txt#8#12,"flip｛Cls(ih)
　　　｛EX[put]<-｛fil iz f ihis｝;｝｝｝
力となるならば　歌おう","flip｛Cls(ih)
　　　｛EX[put]<-｛fil iz f ihis｝;｝｝｝
力量　那就放声歌唱吧",translated,系统文本,e2df4e45d4,br=0 nl=2,3,src-longest-line=32
inc/event/res/03/me03_song.txt#16#12,"QuelI->｛｛ein te hyme｝;｝芽生えてゆく
QuelI->｛｛sonryu｝;｝この想いを
全てのいのちへと　伝えたい","QuelI->｛｛ein te hyme｝;｝悄然萌芽
QuelI->｛｛sonryu｝;｝将这份心愿
传达给所有的生命",translated,系统文本,04bdb2c7f5,br=0 nl=2,3,src-longest-line=29
inc/event/res/03/me03_song.txt#20#12,"空をゆく　白い鳥も　土に咲く　赤い花も
寄り添い　支えあう　明日を願い　謳おう","漫步天空的白鸟也好　盛开大地的红花也罢
祈愿彼此相依相伴的明天　放声高歌吧",translated,系统文本,43f21107f7,br=0 nl=1,2,
inc/event/res/03/me03_song.txt#24#12,"届けや　世界の果てまでも
響けや　祈りの音色よ","传递吧　直至世界的尽头
回响吧　祈愿的音色啊",translated,系统文本,d5c39189f8,br=0 nl=1,2,
inc/event/res/03/me03_song.txt#25#12,"小さな　力も重ねれば
いつかは　希望の未来(あした)が芽吹くから","纵使微小的力量　若能汇聚相叠
终有一日　希望的未来必将破土萌芽",translated,系统文本,4aa99f7087,br=0 nl=1,2,
inc/event/res/03/me03_train.txt#2#12,"<CLY2>チュートリアルが終了しておりません。
まずは第一の扉へ向かいましょう。","<CLY2>教程尚未结束。
首先请前往第一扇门吧。",translated,系统文本,43739b392f,<CLY2> br=0 nl=1,2,keep-tags <CLY2>
