id,jp,zh,status,speaker,src,ctl,lines,note
inc/event/res/07/me07_00.txt#51#12,"イオナサル。
だいぶ歩いているが大丈夫かい？","依欧娜萨鲁。
走了挺长一段路了，你还吃得消吗？",translated,莎丽,c8455a738f,br=0 nl=1,2,
inc/event/res/07/me07_00.txt#52#12,"うん、平気。
サーリちゃんは？","嗯，我还好。
莎丽你呢？",translated,依恩,7bdfa4c2b3,br=0 nl=1,2,
inc/event/res/07/me07_00.txt#53#12,きゅう？,啾？,translated,泰雷芬肯,e711a872a3,br=0 nl=0,1,
inc/event/res/07/me07_00.txt#54#12,"僕も大丈夫だ。
シップを下ろせるところがあそこしか
ないから仕方がないんだけどね","我也没事。
不过能让飞船降落的地方只有那里，
这也是没办法的事呢。",translated,莎丽,28346dbe2e,br=0 nl=2,3,
inc/event/res/07/me07_00.txt#55#12,それより、ここ……。,比起那个，这里是……。,translated,依恩,5b8b1acc72,br=0 nl=0,1,
inc/event/res/07/me07_00.txt#56#12,"あぁ。
もう僕たちは『{縦貫坑道}』に
足を踏み入れてる。","嗯。
我们已经踏入‘{纵贯坑道}’了。",translated,莎丽,26eacfc09c,br=1 nl=2,3,keep-terms {縦貫坑道}
inc/event/res/07/me07_00.txt#56#14,地文はラシェーラの上空に位置する天文と異なり、地上にその本部を置いているが、縦貫坑道とは、地文が存在する巨大な縦穴のことである。その穴の大きさは我々の世界の長さで表現するなら直径十数ｋｍにも及び、地上からは底を見渡すことが出来ないほどに深い。<CR><CR>縦貫坑道の奥に何が存在するかは一般には知らされておらず、地文の秘密研究所やジェノムの墓地など民衆の間では様々な憶測が飛び交っており、もはや都市伝説の一種となっている。,地文与位于拉榭拉上空的天文不同，其本部设立于地表。而纵贯坑道，便是地文所在的巨大垂直竖井。若以我们世界的长度来衡量，该竖穴的直径足有十数公里之巨，深邃到从地面根本无法窥见其底部。<CR><CR>关于纵贯坑道深处究竟存在着何物，外界全不知晓。在地文的秘密研究所、杰诺姆的墓地等流言蜚语在民间四处流传，如今已然成为都市传说的一种。,translated,莎丽,d2cfdc807c,<CR> <CR> br=0 nl=0,1,keep-tags <CR>; src-longest-line=212
inc/event/res/07/me07_00.txt#57#12,"あなたが試練の３年間の始まりに
降り立った、{万寿沙羅区}に隣接した坑道。","就是你在那三年的试炼之初
所降落的、与{万寿沙罗区}相邻的坑道。",translated,莎丽,32318a3ccd,br=1 nl=1,2,keep-terms {万寿沙羅区}
inc/event/res/07/me07_00.txt#57#14,正式には万寿区万寿沙羅。昔、帝都が地上に存在していたとき、政治的な中心だった地区で、今でもその名残である旧帝国関連施設が史跡として多数点在している。<CR>現在でも、地上の旧市街における、経済、政治の中心地として栄えている。<CR><CR>皇位継承の儀が始まってすぐ、万寿沙羅区に隣接する天香区のシェルが剥落したことにより、ウェーブバーストの危機にさらされたが、イオンと救星イオン応援団の活躍によって、万寿沙羅区に残った民衆の生きたいという意思が一つになり、ウェーブバーストを防ぐ詩魔法<CR>『ahih rei-yah』の紡ぐことに成功。現在でも、バーストを防いだ蓮の花は民衆の力で咲き続けている。,正式名称为万寿区万寿沙罗。过去帝都尚在地面时曾是政治中心地区，如今作为其遗存的旧帝国相关设施仍有多处作为史迹散布其间。<CR>在当下，这里依然作为地面旧街市的经济与政治中心而繁荣发展。<CR><CR>皇位继承仪式开幕后不久，由于毗邻万寿沙罗区的天香区穹顶剥落，此地曾一度面临波动爆炸的危机。但在依恩与救星依恩应援团的活跃下，留在万寿沙罗区的民众想要活下去的意愿凝聚为一体，成功纺出了阻止波动爆炸的诗魔法<CR>‘ahih rei-yah’。即便到了今日，那朵阻挡了爆炸的莲花依然在民众的力量下持续绽放。,translated,莎丽,81081b7dd8,<CR> <CR> <CR> <CR> br=0 nl=0,1,keep-tags <CR>; src-longest-line=300
inc/event/res/07/me07_00.txt#58#12,"地表からは想像もつかないほど、
恐ろしく深くて広大な地下空間だ。","这是一处从地面上根本无法想象的、
极度深邃且辽阔的地下空间。",translated,莎丽,a5aa73e808,br=0 nl=1,2,
inc/event/res/07/me07_00.txt#59#12,"そこに{地文}の研究施設が
いくつも密集してる。","在那里密集分布着好几个
{地文}的研究设施。",translated,莎丽,1426f11cbf,br=1 nl=1,2,keep-terms {地文}
inc/event/res/07/me07_00.txt#59#14,正式名称は「帝立ジェノメトリクス同調調停院」。元々は「人間とジェノムが、互いに最大限の利益を保持しつつ棲み分ける為の調停機関」であった。<CR>その後、「ジェノムと人間が更に豊かに暮らせる為の施策」として、最先端の遺伝子工学の研究開発を行うようになり、地文は多岐にわたる組織の集合体になった。<CR><CR>現在では、ジェノムと同調した場合、その旨を地文に申請登録することが義務づけられており、地文はジェノムを保有する全員の個人情報を持っている。,正式名称为“帝立杰诺梅特利库斯同调调停院”。原本是“为了让人类与杰诺姆在各自保留最大利益的同时实现共存分居的调停机构”。<CR>此后作为“让人类与杰诺姆生活更为富足的举措”，开始进行最前沿的基因工程研发，地文由此演变成了涵盖众多组织的集合体。<CR><CR>如今，一旦与杰诺姆同调，便有义务向地文申请登记，地文因而掌握着所有拥有杰诺姆人员的个人信息。,translated,莎丽,0328e9e022,<CR> <CR> <CR> br=0 nl=0,1,keep-tags <CR>; src-longest-line=223
inc/event/res/07/me07_00.txt#61#12,きゅうぅ……。,啾呜……。,translated,泰雷芬肯,654626296e,br=0 nl=0,1,
inc/event/res/07/me07_00.txt#62#12,"（カノンさんは……
　一人でこんな心細い場所に来たんだ）","（卡诺她……
　一个人来到了这么令人不安的地方啊）",translated,依恩,13eb184806,br=0 nl=1,2,
inc/event/res/07/me07_00.txt#63#12,"（この広い場所のどこかに、
　カノンさんはいるんだ）","（在这片广袤之地的某处，
　一定有卡诺的身影）",translated,依恩,24fd44a8c7,br=0 nl=1,2,
inc/event/res/07/me07_00.txt#64#12,"（きっと無事で、わたしとの約束を……
　うぅん、この世界の真実を探してる）","（她一定平平安安的，
　为了履行和我的约定……
　不，是为了探求这世界的真相）",translated,依恩,02845ac02e,br=0 nl=1,2,
inc/event/res/07/me07_00.txt#65#12,"（ター坊やキャスちゃん、白鷹さんも、
　みんな無事かな）","（阿达、凯斯，还有白鹰先生，
　大家也都平安无事吧）",translated,依恩,13df03c0b5,br=0 nl=1,2,
inc/event/res/07/me07_00.txt#66#12,"（{フォーシーズン}を出発したとき……
　ジルさん、すごく怒ってた）","（从{四季}出发的时候……
　吉鲁小姐看起来非常生气呢）",translated,依恩,608dbbe7bb,br=1 nl=1,2,keep-terms {フォーシーズン}
inc/event/res/07/me07_00.txt#66#14,ラシェーラの太陽・ベゼルが赤色巨星になった中で、<CR>唯一、四季が存在するコロン。<CR>コロン全体が緑で覆われており、気候コントローラによって湿度と気温を操作し、春夏秋冬を再現している。<CR>四季に彩られた美しいコロンだが、居住審査はもちろん入場審査もかなり厳しく設置されている。<CR>多額のお金は当然ながら必要だが、それ以外も経歴や<CR>近親縁者まで含む前科など厳しい基準が存在する。<CR>それ故に、コロン・フォーシーズンは超上流階級コロンとして知られており、滅多なことでは入ることすら出来ない。人口も５万人規模のコロンであるにも関わらず、１００～２００人程度とかなり少ない。,在拉榭拉的太阳贝泽尔化为红巨星的环境中，<CR>唯一存在四季轮转的克隆。<CR>整个克隆被绿植所覆盖，通过气候控制器调节湿度和气温，重现了春夏秋冬的景象。<CR>虽然是被四季色彩装点得极其美丽的克隆，但不仅是居住审查，连入场审查都设置得异常严苛。<CR>除了必须具备巨额财富之外，还存在着包括前科以及殃及近亲在内的严苛考核标准。<CR>因此，克隆四季作为超上流阶层的克隆而闻名遐迩，寻常人等甚至连踏入其中都根本不可能。虽然是拥有5万人容纳规模的克隆，但人口却相当稀少，仅有100至200人左右。,translated,依恩,888763bb80,<CR> <CR> <CR> <CR> <CR> <CR> br=0 nl=0,1,keep-tags <CR>; src-longest-line=295
inc/event/res/07/me07_00.txt#67#12,（みんなに迷惑がかかってないといいな）,（要是没给大家惹来麻烦就好了呢）,translated,依恩,234ffbe62a,br=0 nl=0,1,
inc/event/res/07/me07_00.txt#68#12,（──ネイちゃん、どうしてるかな）,（――妮伊，现在怎么样了呢）,translated,依恩,d5c7fc26c3,br=0 nl=0,1,
inc/event/res/07/me07_00.txt#69#12,"サーリちゃん。
ネイちゃん、大丈夫かな。","莎丽。
妮伊她，不要紧吧。",translated,依恩,454e08c608,br=0 nl=1,2,
inc/event/res/07/me07_00.txt#70#12,"……あぁ、きっと。
ネイさんは、か弱い女の子とは違うんだ。","……嗯，肯定没事的。
妮伊她可不是什么娇弱的女孩子。",translated,莎丽,59396ff379,br=0 nl=1,2,
inc/event/res/07/me07_00.txt#71#12,でもっ……。,可是……。,translated,依恩,b9aa1ea604,br=0 nl=0,1,
inc/event/res/07/me07_00.txt#72#12,"ジルと敵対することがどういうことか、
あの人はわかってる。
わかっていて、そうしたんだ。","与吉鲁为敌意味着什么，
她心里非常清楚。
正因心知肚明，她才毅然选择了那么做。",translated,莎丽,2b54493f1c,br=0 nl=2,3,
inc/event/res/07/me07_00.txt#73#12,"絶対に負けたりしないよ。
あの人は思った以上にしたたかだから。
大丈夫。","她绝不会轻易认输的。
因为她比想象中还要精明顽强得多。
放心吧。",translated,莎丽,4052046033,br=0 nl=2,3,
inc/event/res/07/me07_00.txt#74#12,……うん。,……嗯。,translated,依恩,21d363aba4,br=0 nl=0,1,
inc/event/res/07/me07_00.txt#75#12,きゅう！,啾！,translated,泰雷芬肯,601cdef24f,br=0 nl=0,1,
inc/event/res/07/me07_00.txt#100#12,"さぁ、着いた。
ここが入り口だ。","好啦，到了。
这里就是入口了。",translated,莎丽,6c27b3e74e,br=0 nl=1,2,
inc/event/res/07/me07_00.txt#101#12,えっ？,哎？,translated,依恩,5b8d798295,br=0 nl=0,1,
inc/event/res/07/me07_00.txt#102#12,きゅぅ？,啾？,translated,泰雷芬肯,7657dafe27,br=0 nl=0,1,
inc/event/res/07/me07_00.txt#103#12,{ジェノミライ}へと続く扉。,通往{杰诺米莱伊}的大门。,translated,莎丽,21b0d29a08,br=1 nl=0,1,keep-terms {ジェノミライ}
inc/event/res/07/me07_00.txt#103#14,地文がある縦貫坑道の最奥に存在するとされる場所であり、情報集約都市アルメティカで別れたカノンが向かったと思われる場所。<CR>ラシェーラにおける過去の秘密が存在する場所であり、かつて天文と地文の関係が良好であった頃、共同で研究が行われていた場所でもある。しかし、極秘裏に行われていた研究であるため、その研究内容と主要メンバーどころか、ジェノミライという存在そのもの自体が、一般には知られていない。,相传位于地文所在的纵贯坑道最深处，被认为是与卡诺在信息集约都市阿尔梅堤嘉分别后所前往的场所。<CR>是埋藏着拉榭拉过去的秘密之地，亦是在昔日天文与地文关系良好之时开展联合研究的场所。然而，由于该项研究是在绝密状态下进行的，不仅其研究内容与核心成员不为人知，甚至连杰诺米莱伊这个存在本身都鲜为大众所知。,translated,莎丽,f4198c98e8,<CR> br=0 nl=0,1,keep-tags <CR>; src-longest-line=198
inc/event/res/07/me07_00.txt#104#12,"扉？
そんなの見えない、けど……。","大门？
可是我什么都看不见啊……。",translated,依恩,0e0d68db3c,br=0 nl=1,2,
inc/event/res/07/me07_00.txt#105#12,"それはそうさ。
だって、量子展開扉だから。","那是当然的啦。
因为这是量子展开门啊。",translated,莎丽,785f5f10ce,br=0 nl=1,2,
inc/event/res/07/me07_00.txt#106#12,量子展開扉？,量子展开门？,translated,依恩,52568dd396,br=0 nl=0,1,
inc/event/res/07/me07_00.txt#107#12,きゅうぅ……？,啾呜……？,translated,泰雷芬肯,84cf2bb98f,br=0 nl=0,1,
inc/event/res/07/me07_00.txt#108#12,"イオナサル、僕と電話で話したときのこと、
覚えてる？","依欧娜萨鲁，你还记得
之前跟我通电话时说的事吗？",translated,莎丽,738045f5b0,br=0 nl=1,2,
inc/event/res/07/me07_00.txt#109#12,"電話……もしかして、
exec_genomiraiって言ってたこと……？","电话……难不成，
是指提到exec_genomirai的那件事……？",translated,依恩,6a52ff1a05,br=0 nl=1,2,src-longest-line=25
inc/event/res/07/me07_00.txt#110#12,そう、そのこと。,对，就是那个。,translated,莎丽,06971f7805,br=0 nl=0,1,
inc/event/res/07/me07_00.txt#111#12,"ジェノミライへと至るバイオスクラス。
それを知らない限り、最深部へ行くことは
できない……ってね。","通往杰诺米莱伊的BIOS级别。
我说过“只要不知道那个，
就无法前往最深处”对吧。",translated,莎丽,df93e5ea71,br=0 nl=2,3,
inc/event/res/07/me07_00.txt#119#12,えっ……あ、っ……？,哎……啊……？,translated,依恩,3dd1a2ce29,br=0 nl=0,1,
inc/event/res/07/me07_00.txt#122#12,きゅ……！,啾……！,translated,泰雷芬肯,07e004e78e,br=0 nl=0,1,
inc/event/res/07/me07_00.txt#126#12,何も起きないよ、サーリちゃん……？,什么动静都没有呀，莎丽……？,translated,依恩,bf0d7f863d,br=0 nl=0,1,
inc/event/res/07/me07_00.txt#127#12,"起きてるよ。
扉が開いた。","已经有动静了哦。
门已经开了。",translated,莎丽,4d28ff11c5,br=0 nl=1,2,
inc/event/res/07/me07_00.txt#128#12,え？,哎？,translated,依恩,5590ff8011,br=0 nl=0,1,
inc/event/res/07/me07_00.txt#129#12,さぁ、行こう。,走吧，我们进去。,translated,莎丽,75c9cc9a03,br=0 nl=0,1,
inc/event/res/07/me07_00.txt#139#12,きゅうぅ！？,啾呜！？,translated,泰雷芬肯,ace2dad2d2,br=0 nl=0,1,
inc/event/res/07/me07_00.txt#140#12,サーリちゃん……えっ！？,莎丽……哎！？,translated,依恩,7647a5dac0,br=0 nl=0,1,
inc/event/res/07/me07_00.txt#141#12,"えっ、えっ？
どうしよ、わたしも行って
大丈夫なのかな……？","哎，哎？
怎么办，我也这么穿过去真的没问题吗……？",translated,依恩,10dc2c9c8a,br=0 nl=2,3,
inc/event/res/07/me07_00.txt#142#12,どうすればいいかな、テレくん？,该怎么办才好呢，泰雷？,translated,依恩,ef55dd8c02,br=0 nl=0,1,
inc/event/res/07/me07_00.txt#143#12,きゅうぅ……。,啾呜……。,translated,泰雷芬肯,654626296e,br=0 nl=0,1,
inc/event/res/07/me07_00.txt#144#12,そうだよね、わからないよね……。,也是呢，你也不知道对吧……。,translated,依恩,c6ab958ea5,br=0 nl=0,1,
inc/event/res/07/me07_00.txt#145#12,きゅう、きゅう！,啾，啾！,translated,泰雷芬肯,c3d0365063,br=0 nl=0,1,
inc/event/res/07/me07_00.txt#146#12,"……うん、そうだね。
行ってみるしかないよね。
じゃあ──","……嗯，说得对呢。
只能试着走走看了。
那么――",translated,依恩,3684c57b40,br=0 nl=2,3,
inc/event/res/07/me07_00.txt#151#12,えぃっ！,喝呀！,translated,依恩,2467b637c1,br=0 nl=0,1,
inc/event/res/07/me07_00.txt#184#12,──あっ。,――啊。,translated,依恩,b72701f5cb,br=0 nl=0,1,
inc/event/res/07/me07_00.txt#185#12,抜けた、壁を通り抜けちゃった！！,穿过去了，居然穿过墙壁了！！,translated,依恩,97f9b45444,br=0 nl=0,1,
inc/event/res/07/me07_00.txt#186#12,きゅうぅ！,啾呜！,translated,泰雷芬肯,f620835994,br=0 nl=0,1,
inc/event/res/07/me07_00.txt#187#12,ここが……。,这里就是……。,translated,依恩,c60b91a038,br=0 nl=0,1,
inc/event/res/07/me07_00.txt#195#12,"ようこそイオナサル。
ここからが、genomiraiだ。","欢迎光临，依欧娜萨鲁。
从这里开始，就是杰诺米莱伊了。",translated,莎丽,01e9792b4c,br=0 nl=1,2,
inc/event/res/07/me07_00.txt#196#12,"……ってカッコつけて言ってるけど、
ここへは僕も初めてなんだ。","……虽然我摆出一副很酷的样子这么说，
但其实我也是第一次来这里呢。",translated,莎丽,2b8ea1cca2,br=0 nl=1,2,
inc/event/res/07/me07_00.txt#197#12,"僕はクラケット博士に教えられたとおりに
やっただけ。","我只是按照库拉肯特博士教我的方法
照猫画虎操作了一遍而已。",translated,莎丽,dc6e6e13ab,br=0 nl=1,2,
inc/event/res/07/me07_00.txt#198#12,そうなんだ……。,原来是这样啊……。,translated,依恩,0297247dd9,br=0 nl=0,1,
inc/event/res/07/me07_00.txt#199#12,きゅう。,啾。,translated,泰雷芬肯,64567433e5,br=0 nl=0,1,
inc/event/res/07/me07_00.txt#215#12,さぁ、あっちだ。,走吧，往那边走。,translated,莎丽,3bde2a5cb7,br=0 nl=0,1,
inc/event/res/07/me07_00.txt#258#12,"ジェノミライには、
もう普通に通れるような入り口はない。
カムフラージュされてる。","杰诺米莱伊这里，
已经不存在寻常能通行的入口了。
全都做好了伪装掩饰。",translated,莎丽,408e995aa3,br=0 nl=2,3,
inc/event/res/07/me07_00.txt#259#12,"あの、さっきみたいにしないと
中に入れないってこと？","那个，意思是说不通过刚才那种方式
就进不到里面来吗？",translated,依恩,d9d1396ee4,br=0 nl=1,2,
inc/event/res/07/me07_00.txt#260#12,"そう。
博士の許可を得て、所定の場所から
exec_genomiraiにアクセスする。","没错。
在获得博士的许可后，在指定地点
访问exec_genomirai。",translated,莎丽,686c39b81d,br=0 nl=2,3,
inc/event/res/07/me07_00.txt#261#12,"するとGPSのようなものが作動して、
ジェノミライの裏の裏の裏口まで
誘導されるんだ。","这样一来类似GPS的系统就会启动，
将人一路引导到杰诺米莱伊深层又深层的后门。",translated,莎丽,508f60f3cd,br=0 nl=2,3,
inc/event/res/07/me07_00.txt#262#12,それがさっきの場所？,就是刚才那个地方？,translated,依恩,1ccd2f906b,br=0 nl=0,1,
inc/event/res/07/me07_00.txt#263#12,"あぁ。そこで分子の結合形態を変化させる
BIOSを使うと、外見に変化はないまま
扉としてくぐり抜けられるようになる。","嗯。在那里使用改变分子结合形态的
BIOS，墙壁就会在保持外观不变的情况下，
化作能够直接穿透过去的大门。",translated,莎丽,bba9c0e4cc,br=0 nl=2,3,
inc/event/res/07/me07_00.txt#264#12,その扉が、量子なんとか……。,那扇门，就是量子什么……。,translated,依恩,66035df63f,br=0 nl=0,1,
inc/event/res/07/me07_00.txt#265#12,{量子展開扉}。,{量子展开门}。,translated,莎丽,f8ffd07fe5,br=1 nl=0,1,keep-terms {量子展開扉}
inc/event/res/07/me07_00.txt#265#14,省略して、量子扉とも呼ばれる。<CR>一見、ただの壁にしか見えないが、特定のＥＸＥを走らせると通り抜けることが可能になる場所。<CR>有り体に言うならば『見えない扉』ということになる。現在のジェノミライでは、そのほとんどの出入口が溶接されて開かない状態となっており、この量子扉を駆使しない限り、ジェノミライの下層へと向かうのはおろか、入ることすら不可能となっている。<CR>サーリが使用した『exec_genomirai』は、クラケットが長い年月をかけてジェノミライ中に設置した量子展開扉を開くための解除キーであり、これを使用することで手間のかかる暗号解析を行うことなく、扉の展開が可能となっている。,简称为量子门。<CR>乍看之下只是一堵普通的墙壁，但在运行特定的EXE程序后便能够直接穿行过去的场所。<CR>通俗地说就是“看不见的大门”。在如今的杰诺米莱伊，绝大多数出入口都已被焊接封死无法打开，若不借助这种量子门，别说是前往杰诺米莱伊的下层，就连进入内部都根本无法办到。<CR>莎丽所使用的“exec_genomirai”，正是库拉肯特耗费漫长岁月在杰诺米莱伊各处设置的量子展开门的解锁密钥，通过使用它，便能无需进行繁琐的密码解析而直接将门展开通行。,translated,莎丽,d36de0ec6d,<CR> <CR> <CR> br=0 nl=0,1,keep-tags <CR>; src-longest-line=300
inc/event/res/07/me07_00.txt#266#12,"クラケットさんは、どうしてそこまでして
ここに隠れてるの？","库拉肯特先生，为什么要做成这样
特地躲藏在这种地方呢？",translated,依恩,e05024cd6c,br=0 nl=1,2,
inc/event/res/07/me07_00.txt#267#12,"それは……本人から直接聞くといい。
もうすぐ会えるよ。","这个嘛……最好还是直接去问本人吧。
马上就能见到他了。",translated,莎丽,bd1aedd8dc,br=0 nl=1,2,
inc/event/res/07/me07_00.txt#268#12,ふぅん……？,唔――嗯……？,translated,依恩,ec4cfe0935,br=0 nl=0,1,
inc/event/res/07/me07_00.txt#269#12,きゅうぅ……？,啾呜……？,translated,泰雷芬肯,84cf2bb98f,br=0 nl=0,1,
inc/event/res/07/me07_00.txt#291#12,"……量子展開扉…
実物を見るのは初めてだわ。","……量子展开门……
亲眼见到实物还是头一次呢。",translated,吉鲁,86f6e433ff,br=0 nl=1,2,
inc/event/res/07/me07_00.txt#292#12,"これ以上は行けそうにないわね。
いま私に量子展開をする手段は……。","看来再往前是无法前进了呢。
如今在我手上并没有进行量子展开的手段……。",translated,吉鲁,16ccd7f117,br=0 nl=1,2,
inc/event/res/07/me07_00.txt#296#12,──ッ！,――！,translated,吉鲁,d8bbe0e7bc,br=0 nl=0,1,
inc/event/res/07/me07_00.txt#309#12,いま誰かいなかったか？,刚才是不是有人在？,translated,警卫,6c845154ce,br=0 nl=0,1,
inc/event/res/07/me07_00.txt#310#12,"わからん。このあたりをスキャンする。
周囲を警戒してくれ。","不知道。我扫描一下这附近。
注意警戒周围。",translated,警卫Ｂ,8ceb3e74d0,br=0 nl=1,2,
inc/event/res/07/me07_00.txt#311#12,わかった。,了解。,translated,警卫,587a18b61e,br=0 nl=0,1,
inc/event/res/07/me07_00.txt#324#12,ふむ……見た目はここもただの壁だが。,唔……看起来这里也只是一堵普通的墙壁啊。,translated,警卫Ｂ,3112d57014,br=0 nl=0,1,
inc/event/res/07/me07_00.txt#334#12,どうだ？,怎么样？,translated,警卫,6497ed65d5,br=0 nl=0,1,
inc/event/res/07/me07_00.txt#335#12,"間違いない、形跡がある。
すぐに量子展開を実行しよう。","没错，有残留痕迹。
马上执行量子展开吧。",translated,警卫Ｂ,f1bb9092a1,br=0 nl=1,2,
inc/event/res/07/me07_00.txt#336#12,俺は本部に連絡する。,我去向总部联络。,translated,警卫,db3dfbe3de,br=0 nl=0,1,
inc/event/res/07/me07_00.txt#346#12,状況は。,情况如何。,translated,警卫,df98707ca0,br=0 nl=0,1,
inc/event/res/07/me07_00.txt#347#12,"ひどく暗号化されてる。
解析して量子展開が終わるまで、
まだかかりそうだ。","被施加了极其严密的加密算法。
想要解析完成并展开量子门，
恐怕还要花点时间。",translated,警卫Ｂ,04c7c26697,br=0 nl=2,3,
inc/event/res/07/me07_00.txt#348#12,もう壁に穴を開ける方が早いんじゃないか？,直接在墙上炸个洞不是更快吗？,translated,警卫,0b004484aa,br=0 nl=0,1,
inc/event/res/07/me07_00.txt#349#12,"バカ言え、気付かれる。
相手はクオンタイズだぞ、まともじゃない。
罠が仕掛けてあるかも──","别说蠢话，会被察觉的。
对方可是库翁泰兹，绝非等闲之辈。
说不定还布置了陷阱――",translated,警卫Ｂ,6d337a422d,br=0 nl=2,3,
inc/event/res/07/me07_00.txt#355#12,よし、解析完了した！,好，解析完成了！,translated,警卫Ｂ,2557209d69,br=0 nl=0,1,
inc/event/res/07/me07_00.txt#357#12,"こちら先遣小隊802。
扉の解析が──","这里是先遣小队802。
大门的解析已――",translated,警卫,6e21eace2c,br=0 nl=1,2,
inc/event/res/07/me07_00.txt#359#12,うっ……。,唔……。,translated,警卫,a85f988ec9,br=0 nl=0,1,
inc/event/res/07/me07_00.txt#364#12,お、おい！,喂、喂！,translated,警卫Ｂ,673442d4a8,br=0 nl=0,1,
inc/event/res/07/me07_00.txt#366#12,ぐっ……。,咕……。,translated,警卫Ｂ,26290b9ef5,br=0 nl=0,1,
inc/event/res/07/me07_00.txt#373#12,"大丈夫よ、ただの麻酔銃だから。
ごくろうさま、扉を開けてくれて。","放心吧，只是普通的麻醉枪而已。
辛苦你们替我把门打开了呢。",translated,吉鲁,8df3404a7e,br=0 nl=1,2,
inc/event/res/07/me07_00.txt#375#12,"あなたたちにはまだ協力してもらうわ。
これでね。","接下来还需要你们继续配合呢。
用这个的话。",translated,吉鲁,a5b198a81c,br=0 nl=1,2,
inc/event/res/07/me07_00.txt#383#12,"さ、これでいいわ。
ふふっ……。","好啦，这样就行了。
呵呵……。",translated,吉鲁,5933eb27a8,br=0 nl=1,2,
inc/event/res/07/me07_00.txt#400#12,うぅ、……ちくしょう、誰かに襲われた！,呜……可恶，被谁偷袭了！,translated,警卫Ｂ,02743fd8cf,br=0 nl=0,1,
inc/event/res/07/me07_00.txt#401#12,けど俺たち、何ともなさそうだぞ？,不过我们好像没什么大碍啊？,translated,警卫,139a39a052,br=0 nl=0,1,
inc/event/res/07/me07_00.txt#402#12,"俺たちが開けた量子展開扉を使って、
誰かが侵入したかもしれん。
とにかく本部に連絡だ。","搞不好有人借着我们打开的量子展开门
趁机潜入进去了。
总之先向总部汇报吧。",translated,警卫Ｂ,fca2090135,br=0 nl=2,3,
inc/event/res/07/me07_00.txt#403#12,あ、あぁ！,啊、啊啊！,translated,警卫,a7b5067186,br=0 nl=0,1,
inc/event/res/07/me07_01.txt#29#12,"ここって……廃墟？
それに、す、凄く寒いんだけど……。","这里是……废墟？
而且，好、好冷啊……。",translated,依恩,b4d0cd2d0b,br=0 nl=1,2,
inc/event/res/07/me07_01.txt#30#12,"ああ、確かにそうかもしれない。
なにせ、ここは大深度地下だからね。
気温は常に５度付近でもおかしくはない。","嗯，确实看起来像是废墟呢。
不管怎么说，这里可是超大深度地下呢。
气温常年保持在5度左右也不足为奇。",translated,莎丽,4c6ba4c945,br=0 nl=2,3,
inc/event/res/07/me07_01.txt#31#12,サーリちゃん、寒くないの？,莎丽，你不觉得冷吗？,translated,依恩,013f8682da,br=0 nl=0,1,
inc/event/res/07/me07_01.txt#32#12,"……特には。
もしかすると、これも{ヒトガタ}の恩恵かも
しれないな。","……我倒没特别觉得冷呢。
说不定这也是多亏了{人形}的恩惠呢。",translated,莎丽,66b5d0805f,br=1 nl=2,3,keep-terms {ヒトガタ}
inc/event/res/07/me07_01.txt#32#14,簡単にいえば人の形をしたジェノムがヒトガタである。テレフンケンを始め、空想型や動物型といった数多くの種類のジェノムがラシェーラには存在している。<CR>しかしその中で、人間の姿をしたジェノムは非常に希で普通の人は一生に一度、会えるか会えないかと言われている程である。<CR>空想型や動物型は自身の力で謳うことができないため、詩魔法を使用することはできない。それに対して、ヒトガタは人間と同じように声を発することができるため、自らで詩魔法を生み出し、それを謳うことが可能なのである。ネイがカンパニーにおいて、ネプトリュードを瞬時に反転させ、レオンの妨害を受けずに謳いあげることができたのも、彼女がヒトガタだったためである。,简单来说，人形就是具有人类外形的杰诺姆。从泰雷芬肯开始，拉榭拉存在着空想型和动物型等众多形形色色的杰诺姆。<CR>然而在其中，拥有人类外貌的杰诺姆极其罕见，据说普通人一生中也难得一见。<CR>由于空想型和动物型无法依靠自身力量纺咏，因此无法使用诗魔法。与之相对，人形能够像人类一样发出声音，因此能够自行创造诗魔法并将其纺咏出来。妮伊在公司时之所以能瞬间逆转尼普特律德、不受雷昂妨碍地唱完全曲，正是因为她是人形。,translated,莎丽,0d34a5a630,<CR> <CR> br=0 nl=0,1,keep-tags <CR>; src-longest-line=310
inc/event/res/07/me07_01.txt#33#12,"寒いだろうけど、もう少しの辛抱だ。
あと少しで到着する。","虽然可能很冷，但再忍耐一下吧。
再走一点点就到了。",translated,莎丽,a005ff7155,br=0 nl=1,2,
inc/event/res/07/me07_01.txt#34#12,"それにしても、ここが本当にジェノミライなの？　
もう何年も前から廃墟みたいだし、
誰もいないし……。","话虽如此，这里真的是杰诺米莱伊吗？
看起来像是荒废了好多年的废墟一样，
一个人影都没有……。",translated,依恩,3f77cc3328,br=0 nl=2,3,
inc/event/res/07/me07_01.txt#35#12,"クラケット博士の話では、
ジェノミライには二つの顔があるそうだ。","听库拉肯特博士说，
杰诺米莱伊其实有着表里两副面孔呢。",translated,莎丽,117f8d4524,br=0 nl=1,2,
inc/event/res/07/me07_01.txt#36#12,二つの顔？,两副面孔？,translated,依恩,dfc21ec43b,br=0 nl=0,1,
inc/event/res/07/me07_01.txt#37#12,"ひとつは、ネロを維持するための
{シェルノトロンサーバー}。
そして、その整備のための設備。","一副是用于维持妮诺的
{榭鲁诺特伦服务器}，
以及为了对其进行维护保养的设施。",translated,莎丽,1ed8ad637b,br=1 nl=2,3,keep-terms {シェルノトロンサーバー}
inc/event/res/07/me07_01.txt#37#14,縦貫坑道の奥、ジェノミライ。その中心部に存在し、<CR>全てのシェルノトロンが使用するトロンネットワークのホスト、というのが表向きの存在である。<CR>その正体はシェルノトロンに表層意識をREON-4213として利用されているネロを眠らせるための冷凍睡眠装置である。<CR>これによりネロは表層意識はおろか深層意識の中においても身動きが取れなくなっていた。<CR>しかし、Ｔｚチューブ・カンパニーでのネプトロンの事故がネロの意識を呼び覚ますこととなり、トロンネットワークを通して、人々がネロの思いのままに操られるという事例が確認されるようになる。これがシェルノトロン規制の原因であり、真実は市民に伏せられている。,位于纵贯坑道深处的杰诺米莱伊。存在于其中央核心区域、<CR>作为所有榭鲁诺特伦所使用的特伦网络的主机，这便是它表面上的存在。<CR>而其实体，则是为了让表层意识被作为REON-4213利用的妮诺陷入沉睡的冷冻睡眠装置。<CR>由此，妮诺不仅表层意识，就连在深层意识中也变得动弹不得。<CR>然而，在Tz管体公司发生的尼普特伦事故唤醒了妮诺的意识，通过特伦网络，开始确认到人们任由妮诺随意操控的案例。这正是实施榭鲁诺特伦规制的原因，而真相则一直对市民隐瞒着。,translated,莎丽,5279a9d693,<CR> <CR> <CR> <CR> br=0 nl=0,1,keep-tags <CR>; src-longest-line=306
inc/event/res/07/me07_01.txt#38#12,"移動のための通路はもちろん、
警備の{PLASMA}が詰める待機所とかだね。","包括用于通行的走廊，
以及负责警备的{PLASMA}驻扎的待命室之类的呢。",translated,莎丽,b2a1ef6bb9,br=1 nl=1,2,keep-terms {PLASMA}
inc/event/res/07/me07_01.txt#38#14,地球におけるＦＢＩ、ＣＩＡ双方の役割を持つ存在が、ＰＬＡＳＭＡ機密情報局、通称『ＰＬＡＳＭＡ』。<CR>天文機密の最高峰を警護する為の組織であり、天文において貴重な研究者すらも監視対象とするトップクラスの捜査局でもある。<CR>その権力は天文だけに及ばず、過去に地文の研究者が起こしたと言われているシェルノトロン・パニックにおいてもＰＬＡＳＭＡが捜査し地文の研究室に乗り込んだ。性質上、知能や体力ともに優れた人材が所属しており、また、この中から天文皇女の守役と呼ばれる皇女の世話係が選抜され、イオンが宮城にいた頃にも一人の女性が守役として彼女の身の回りの世話をしていた。,在地球上兼具FBI与CIA双重职能的存在，便是PLASMA机密情报局，通称“PLASMA”。<CR>这是为了保卫天文最高机密而设立的组织，同时也是连天文宝贵的研究人员都列为监视对象的顶级搜查局。<CR>其权力不仅限于天文，在过去据传由地文研究人员引发的榭鲁诺特伦恐慌中，也是PLASMA进行搜查并强行闯入了地文的研究室。因其性质，所属人员在智力与体力方面皆极为拔尖。此外，天文皇女的看护人也是从中选拔，在依恩身处皇宫时，便曾有一名女性作为看护人照料其起居。,translated,莎丽,4c86a0dc2e,<CR> <CR> br=0 nl=0,1,keep-tags <CR>; src-longest-line=285
inc/event/res/07/me07_01.txt#39#12,"もう一つ……裏にあたる側面として、
いまは焼けてしまって封鎖されている
広大な空間がある。","而另一副……作为其背地里的背面，
是一处如今已被烧毁封锁的辽阔空间。",translated,莎丽,7cff33598a,br=0 nl=2,3,
inc/event/res/07/me07_01.txt#40#12,"そして、今歩いている場所こそが、
その『裏側の空間』なんだ。","而我们现在行走的这片区域，
正是那处“背面的空间”。",translated,莎丽,a9b284214e,br=0 nl=1,2,
inc/event/res/07/me07_01.txt#41#12,博士はここにずっと潜んでいるらしい。,据说博士一直潜藏在这里呢。,translated,莎丽,e151468c01,br=0 nl=0,1,
inc/event/res/07/me07_01.txt#42#12,"こんなところで、
ひとりで暮らしてなんていけるの？","在这么冷清的地方，
一个人真的能生活下去吗？",translated,依恩,5c912efe8d,br=0 nl=1,2,
inc/event/res/07/me07_01.txt#43#12,"誰もがそう思う。
だからこそ成立しているんだろう。","每个人都会这么想吧。
也正因如此，他才能一直隐匿至今吧。",translated,莎丽,1f84fb9ab9,br=0 nl=1,2,
inc/event/res/07/me07_01.txt#44#12,"博士は裏側にたくさんの量子扉を
作っている。さっきのようなね。","博士在背面建造了许许多多的量子门。
就像刚才那扇一样。",translated,莎丽,93577fbeee,br=0 nl=1,2,
inc/event/res/07/me07_01.txt#45#12,"ジェノミライ研究所は、過去に大惨事が
発生して以来、バイオハザードを防ぐために
完全に閉鎖されてる。","杰诺米莱伊研究所在过去发生特大惨剧以来，
为了防止生物灾害扩散，已经被彻底封闭了。",translated,莎丽,df6e0c50a6,br=0 nl=2,3,
inc/event/res/07/me07_01.txt#46#12,"たくさんの研究室や会議室や待機室が
あったそうなんだが、出入口は全部
溶接されて、移動はまったく不可能だ。","据说里面原本有许多研究室、会议室和待命室，
但所有的出入口都已被焊接焊死，根本无法通行。",translated,莎丽,25d222b6ac,br=0 nl=2,3,
inc/event/res/07/me07_01.txt#47#12,"もちろん外部からの侵入も容易じゃない。
博士はそれを逆手にとって、
ここに隠れているというわけだ。","从外部想要侵入也绝非易事。
博士正是反过来利用了这一点，才藏匿在此处的。",translated,莎丽,58ebf09c5c,br=0 nl=2,3,
inc/event/res/07/me07_01.txt#48#12,そうなんだ……。,原来是这样啊……。,translated,依恩,0297247dd9,br=0 nl=0,1,
inc/event/res/07/me07_01.txt#49#12,きゅう……。,啾……。,translated,泰雷芬肯,a05fdb12a7,br=0 nl=0,1,
inc/event/res/07/me07_01.txt#50#12,"ねぇ、そもそもジェノミライ研究所って
何をしていたところなの？","话说回来，杰诺米莱伊研究所
原本究竟是做什么研究的地方啊？",translated,依恩,7ca8a7b2a8,br=0 nl=1,2,
inc/event/res/07/me07_01.txt#51#12,……僕もよく知ってるわけじゃないけれど。,……我其实也不是特别清楚。,translated,莎丽,583b70a4f8,br=0 nl=0,1,
inc/event/res/07/me07_01.txt#52#12,"昔、極秘の研究をするために
帝国が資金を出して造った施設らしい。","似乎是当年为了进行绝密研究，
由帝国出资建造的设施。",translated,莎丽,b011e4160a,br=0 nl=1,2,
inc/event/res/07/me07_01.txt#53#12,"そして、クラケット博士が{シェルノトロン}を
創る前に働いていた場所でもあるみたいだ。","而且，这里似乎也是库拉肯特博士
创造出{榭鲁诺特伦}之前工作过的地方呢。",translated,莎丽,764ec41da0,br=1 nl=1,2,keep-terms {シェルノトロン}
inc/event/res/07/me07_01.txt#53#14,ジェノムに代わる詩魔法生成器として研究開発され、<CR>生み出されたのがシェルノトロンである。<CR>シェルノトロンはＲＥＯＮ－４２１３と呼ばれるＯＳを搭載することで、ジェノムよりも自由かつ簡単に詩魔法の生成を実現した。<CR>しかし、シェルノトロンの心臓部であるシェルノサージュ管やクレイドルの製造で７０％のシェアを占めていたＴｚチューブ・カンパニーが新型シェルノトロンの研究に失敗。また縦貫坑道と呼ばれる場所でも爆発事故が発生した折に使用レベルの規制が敷かれている。<CR>そのため、シェルノトロンに頼りきりになっていた天文派住民の多くが突然の規制に戸惑いを隠せず、一部では天文に対するデモも行われている。,作为替代杰诺姆的诗魔法生成器而被研发出来的，<CR>正是榭鲁诺特伦。<CR>榭鲁诺特伦通过搭载名为REON-4213的操作系统，实现了比杰诺姆更自由、更简便的诗魔法生成。<CR>然而，在榭鲁诺特伦核心部件Ciel nosurge管和支架制造方面占据70%份额的Tz管体公司，在新型榭鲁诺特伦的研发上遭遇失败。加之在被称为纵贯坑道的区域也发生了爆炸事故，因此实施了使用等级的限制。<CR>正因如此，一直完全依赖榭鲁诺特伦的天文派居民大多对突如其来的限制感到惊慌失措，部分地区甚至爆发了针对天文的游行示威。,translated,莎丽,2f66bc533e,<CR> <CR> <CR> <CR> br=0 nl=0,1,keep-tags <CR>; src-longest-line=305
inc/event/res/07/me07_01.txt#54#12,何の研究をしていたのかな？,当时是在研究什么呢？,translated,依恩,cf981d97d3,br=0 nl=0,1,
inc/event/res/07/me07_01.txt#55#12,"さぁ、僕もそこまでは……。
博士の専門から言えば、
おそらく量子の分野だろうとは思うけど。","这个嘛，连我也未曾知晓……。
不过从博士的专业领域来看，我猜大概是量子领域吧。",translated,莎丽,a481a0ea13,br=0 nl=2,3,
inc/event/res/07/me07_01.txt#56#12,"これから直接会うんだし、聞いてみたいね。
僕も興味がある。","等会儿就要当面见到了，直接问问看吧。
我也挺感兴趣的。",translated,莎丽,e488557c60,br=0 nl=1,2,
inc/event/res/07/me07_01.txt#74#12,さぁ、ここらしい。,好啦，似乎就是这里了。,translated,莎丽,3a21b9f033,br=0 nl=0,1,
inc/event/res/07/me07_01.txt#75#12,……やっぱり、普通の通路と壁だよね。,……看起来果然只是一条普通的通道和墙壁呢。,translated,依恩,3654699b08,br=0 nl=0,1,
inc/event/res/07/me07_01.txt#76#12,"また量子扉だ。
exec_genomiraiが使えなくなったら、
本当に閉じ込められてしまうね。","又是量子门呢。
要是exec_genomirai失效了，
可就真的会被困在里面了呢。",translated,莎丽,231fe526ba,br=0 nl=2,3,
inc/event/res/07/me07_01.txt#121#12,……うわぁ！,……哇啊！,translated,依恩,d32a7112cd,br=0 nl=0,1,
inc/event/res/07/me07_01.txt#122#12,全然様子が違う……！,里面的景象完全不一样……！,translated,依恩,ee442bdde2,br=0 nl=0,1,
inc/event/res/07/me07_01.txt#123#12,きゅうきゅう！,啾啾！,translated,泰雷芬肯,78aea00a1c,br=0 nl=0,1,
inc/event/res/07/me07_01.txt#124#12,ここがクラケット博士の……。,这里就是库拉肯特博士的……。,translated,莎丽,5a0d961ac1,br=0 nl=0,1,
inc/event/res/07/me07_01.txt#127#12,"うっほっほー、
できたぞできたぞー？","哇哈哈，
做好了做好了哦？",translated,？？？,4ec2927d1d,br=0 nl=1,2,
inc/event/res/07/me07_01.txt#128#12,"渾身のマッドパイだ！
どうだ旨そうだろう。","这可是我的心血之作泥馅饼啊！
怎么样，看起来很美味吧。",translated,？？？,bea9a89ca7,br=0 nl=1,2,
inc/event/res/07/me07_01.txt#129#12,"いやいやしかし、食べてはいかん。
中でウィルスを培養しているからなぁ。","不对不对，这可千万不能吃。
因为里面正在培养病毒呢。",translated,？？？,89761ea2ea,br=0 nl=1,2,
inc/event/res/07/me07_01.txt#130#12,この声……。,这个声音……。,translated,依恩,237a8c7888,br=0 nl=0,1,
inc/event/res/07/me07_01.txt#131#12,ああ、たぶん。,嗯，八成是了。,translated,莎丽,ba42a6a3b4,br=0 nl=0,1,
inc/event/res/07/me07_01.txt#135#12,"(それにしても旨そうだ。
　一体どんな味がするのか……）","（不过话说回来看起来真诱人啊。
　到底会是什么味道呢……）",translated,？？？,7eb03c028e,br=0 nl=1,2,
inc/event/res/07/me07_01.txt#138#12,博士。博士。,博士。博士。,translated,莎丽,f7f4cd9433,br=0 nl=0,1,
inc/event/res/07/me07_01.txt#139#12,（ううむ……気になる……。）,（唔唔……真叫人在意……）,translated,？？？,d563efcb82,br=0 nl=0,1,
inc/event/res/07/me07_01.txt#140#12,クラケット博士ですよね？,您就是库拉肯特博士吧？,translated,莎丽,e11466db13,br=0 nl=0,1,
inc/event/res/07/me07_01.txt#141#12,"おわあっ！
だ、誰だ、なぜここに！？","哇啊！
谁、是谁，为什么会在这里！？",translated,库拉肯特,b3b283f3d9,br=0 nl=1,2,
inc/event/res/07/me07_01.txt#142#12,"僕です。
サーリですよ。","是我。
我是莎丽啊。",translated,莎丽,0696a820ac,br=0 nl=1,2,
inc/event/res/07/me07_01.txt#143#12,サーリ……？,莎丽……？,translated,库拉肯特,c9a71e061c,br=0 nl=0,1,
inc/event/res/07/me07_01.txt#144#12,もしや、君があのサーリなのか！？,莫非，你就是那个莎丽吗！？,translated,库拉肯特,1e7ffd4378,br=0 nl=0,1,
inc/event/res/07/me07_01.txt#145#12,"うっはっはっは、そうかサーリか！
よく来た、よく来たぞサーリ！","哇哈哈哈哈，原来是莎丽啊！
欢迎欢迎，欢迎你来啊莎丽！",translated,库拉肯特,0b2d6bc610,br=0 nl=1,2,
inc/event/res/07/me07_01.txt#146#12,"こんなヘンピな場所までよくたどり着いた！
長旅で疲れたろう。この部屋に客人が
来るのは初めてだからなぁ、嬉しいぞ。","亏你能一路找到这种偏僻地方来！
长途跋涉很辛苦吧。这房间头一次来客人，
我可真是高兴坏了。",translated,库拉肯特,6ec8cb94f7,br=0 nl=2,3,
inc/event/res/07/me07_01.txt#147#12,"さぁそこに座りなさい。
さぁさぁマッドパイを食べなさい。
できたてのほやほやだぞ？","来来快坐下。
快吃点泥馅饼吧。
这可是刚出炉还热乎着的哦？",translated,库拉肯特,d91dc746ca,br=0 nl=2,3,
inc/event/res/07/me07_01.txt#148#12,"さっきウィルスを培養してるって
言ってましたけど。","您刚才不是说
里面在培养病毒吗。",translated,莎丽,b613aa73ff,br=0 nl=1,2,
inc/event/res/07/me07_01.txt#149#12,"おーおーそうだった、忘れておった！
これを喰っていたら君の皮膚は１時間半で
ただれてしまっていたところだ。","哎呀呀对对，我给忘了！
要是把这个吃下去，
你的皮肤在１个半小时内就会溃烂的。",translated,库拉肯特,b0ecd19875,br=0 nl=2,3,
inc/event/res/07/me07_01.txt#150#12,"よし、それじゃあお茶を入れてこよう。
フンパツしてとっておきの茶葉を……。","好，那我这就去泡茶。
破费拿出我压箱底的珍藏茶叶……。",translated,库拉肯特,c7126732fc,br=0 nl=1,2,
inc/event/res/07/me07_01.txt#151#12,"博士。
そんなことより、連れてきました。","博士。
先别忙活那些了，我把人带来了。",translated,莎丽,2d6f907bd9,br=0 nl=1,2,
inc/event/res/07/me07_01.txt#152#12,"連れてきた？
誰をだ。","带来了？
把谁带来了啊。",translated,库拉肯特,87feeccaba,br=0 nl=1,2,
inc/event/res/07/me07_01.txt#153#12,"イオナサル！
イオナサル・ククルル・プリシェールを、
です！","依欧娜萨鲁！
把依欧娜萨鲁・库库露露・普莉榭尔
带来了！",translated,莎丽,26ae037a5b,br=0 nl=2,3,
inc/event/res/07/me07_01.txt#154#12,イオナサル！？,依欧娜萨鲁！？,translated,库拉肯特,d19f18f1ff,br=0 nl=0,1,
inc/event/res/07/me07_01.txt#161#12,"は、初めまして！
わたし、イオンです。よろしくお願い──","初、初次见面！
我是依恩。请多关――",translated,依恩,b44eb20696,br=0 nl=1,2,
inc/event/res/07/me07_01.txt#162#12,"おおおお！
よく来たな、よくぞ来てくれた、
イオナサル！","哦哦哦哦！
欢迎你来，真高兴你能来啊，
依欧娜萨鲁！",translated,库拉肯特,fc70c043f4,br=0 nl=2,3,
inc/event/res/07/me07_01.txt#163#12,"君には本当に申し訳ないことをした。
一刻も早く戻してやりたかったんだが、
なにせ{天文}の連中がうるさくてな。","真的让你受尽委屈了。
我原本想尽早把你送回去的，
无奈{天文}那帮家伙盯得太紧了。",translated,库拉肯特,d123c02617,br=1 nl=2,3,keep-terms {天文}
inc/event/res/07/me07_01.txt#163#14,天文の正式な名前は「帝立天文学量子波動学研究所」。<CR>宇宙や時空間の専門を扱うため、「量子力学」をベースとした研究機関の組織である。<CR>発足当時、天文は単体で動くことはなく、常に地文の付属組織として活動していた。それは当時の「生命救済計画」が、「科学技術」と「ジェノムの魔法力」の融合によるものであった為だ。また「生命救済計画」という、全人類レベルにおいて最優先の課題を背負っている事もあり、行政にも関わっていた。<CR>その後シェルノトロンの発明と普及により、地文よりも権力の強い組織となっていき、現在に至る。,天文的正式名称为“帝立天文学量子波动学研究所”。<CR>因专门研究宇宙与时空领域，是以“量子力学”为基石的研究机构组织。<CR>创立之初，天文并未单独运作，始终作为地文的附属机构开展活动。这是由于当时的“生命救济计划”乃是依托“科学技术”与“杰诺姆魔法之力”的融合所致。此外，因背负着全人类层面最高优先级的“生命救济计划”，亦深度参与行政事务。<CR>此后随着榭鲁诺特伦的发明与普及，逐渐演变为凌驾于地文之上的强权组织，直至今日。,translated,库拉肯特,3d9c88c7c1,<CR> <CR> <CR> br=0 nl=0,1,keep-tags <CR>; src-longest-line=260
inc/event/res/07/me07_01.txt#164#12,"サーリに君の人柄を見てもらい、
大丈夫なのを確かめて連れてきてもらった。
待たせてすまなかったな……。","我拜托莎丽考察了你的人品，
在确认你信得过之后才把你接过来的。
让你久等了，真是对不住啊……。",translated,库拉肯特,4f709289f9,br=0 nl=2,3,
inc/event/res/07/me07_01.txt#165#12,あ、あの、全然その……。,啊、那个，完全没那回事……。,translated,依恩,90c28847ce,br=0 nl=0,1,
inc/event/res/07/me07_01.txt#166#12,"博士。イオナサルが混乱してます。
順を追って説明しないと。","博士。依欧娜萨鲁都被您搞糊涂了。
请按顺序跟她解释清楚。",translated,莎丽,d47dec5c41,br=0 nl=1,2,
inc/event/res/07/me07_01.txt#167#12,"おーおー、そうだな。
どうも興奮してしまってな。","哎呀呀，说得也是呢。
我一不留神就太兴奋了。",translated,库拉肯特,7c6484d451,br=0 nl=1,2,
inc/event/res/07/me07_01.txt#168#12,"プレゾール250mgを今朝打ったんだが、
どうやら私の脳はそれを上回る
脳内麻薬を出しているようだ。","今早明明刚注射了250毫克的普雷佐尔，
看来我的大脑分泌出的内啡肽完全盖过了药效啊。",translated,库拉肯特,d84cc56e5e,br=0 nl=2,3,
inc/event/res/07/me07_01.txt#169#12,プレゾールって？,普雷佐尔是什么？,translated,依恩,7c998bbc69,br=0 nl=0,1,
inc/event/res/07/me07_01.txt#170#12,鎮静剤。,镇静剂。,translated,莎丽,351260c5f9,br=0 nl=0,1,
inc/event/res/07/me07_01.txt#171#12,"そのくらい、君の来訪を心待ちにしていた
ということだよイオナサル！　はっはっは！","这就代表着，我有多么期盼你的到来啊，
依欧娜萨鲁！哈哈哈哈！",translated,库拉肯特,81612e71f7,br=0 nl=1,2,
inc/event/res/07/me07_01.txt#172#12,"まぁまずは落ち着いて話そうではないか。
とりあえずマッドパイでも食べなさい。
お腹が空いているだろう。","好了好了，我们先冷静下来慢慢聊吧。
总之先吃个泥馅饼垫垫肚子吧。
肚子该饿坏了吧。",translated,库拉肯特,1d74ff3f57,br=0 nl=2,3,
inc/event/res/07/me07_01.txt#173#12,博士、ウィルスが。,博士，病毒。,translated,莎丽,171bc6a980,br=0 nl=0,1,
inc/event/res/07/me07_01.txt#174#12,"おーおーそうだった！
すまんすまん、わははは。","哎呀呀对对对！
抱歉抱歉，哇哈哈哈哈。",translated,库拉肯特,89c5df4f1a,br=0 nl=1,2,
inc/event/res/07/me07_01.txt#176#12,きゅうぅ……。,啾呜……。,translated,泰雷芬肯,654626296e,br=0 nl=0,1,
inc/event/res/07/me07_01.txt#177#12,"それより、イオナサルが寒がっています。
何か羽織るものはありませんか？","比起那个，依欧娜萨鲁觉得很冷呢。
这里有什么能披在身上的衣服吗？",translated,莎丽,9e7962053c,br=0 nl=1,2,
inc/event/res/07/me07_01.txt#178#12,"おお、そうだな。確かにここは寒い。
何せ地下１レートにも及ぶ大深度だからな。","哦哦，也是呢。这里确实冷。
毕竟可是深达地下一瑞特的超大深度啊。",translated,库拉肯特,4ce65fe0ae,br=0 nl=1,2,
inc/event/res/07/me07_01.txt#183#12,"よし、こっちに来なさい。
私の作業着を着るといい。","好，快到这边来。
穿上我的这件工作服吧。",translated,库拉肯特,143f64ce3d,br=0 nl=1,2,
inc/event/res/07/me07_01.txt#184#12,"リュテア生地だから
保温性が高くて実用的だ。","这是琉提亚面料做的，
保温性能极高，非常实用哦。",translated,库拉肯特,f95f72e5dc,br=0 nl=1,2,
inc/event/res/07/me07_01.txt#186#12,大丈夫。,没事的。,translated,莎丽,5f2c9af09f,br=0 nl=0,1,
inc/event/res/07/me07_01.txt#202#12,"これ、凄く暖かい！
クラケット博士、ありがとうございます！","哇，这件好暖和！
库拉肯特博士，太感谢您了！",translated,依恩,021bf4dc98,br=0 nl=1,2,
inc/event/res/07/me07_01.txt#203#12,なかなか良く似合ってるよ。,穿在你身上相当合身呢。,translated,莎丽,18538e3b2f,br=0 nl=0,1,
inc/event/res/07/me07_01.txt#204#12,"ここにいる間は羽織っていなさい。
凍死しないようにな。","呆在这里的时候就一直披着吧。
可别冻成冰棍了。",translated,库拉肯特,e85bdf4c6d,br=0 nl=1,2,
inc/event/res/07/me07_01.txt#205#12,"あー、サーリ、君も着るかね。
寒いだろう。","啊――莎丽，你也穿一件吧。
很冷吧。",translated,库拉肯特,1bfaebe154,br=0 nl=1,2,
inc/event/res/07/me07_01.txt#206#12,"いえ、僕は平気です。
冷えているのはわかるけど、寒くはない。","不用，我不要紧。
虽然能感觉到周围很冷，但并不觉得受冻。",translated,莎丽,0ac0f607e6,br=0 nl=1,2,
inc/event/res/07/me07_01.txt#207#12,"ヒトガタになると、身体の感覚も
変わるみたいですね。","变成人形之后，
身体的感觉似乎也发生了变化呢。",translated,莎丽,3dcb90467a,br=0 nl=1,2,
inc/event/res/07/me07_01.txt#208#12,ほほぅ。それは興味深いな。,吼吼。这可真有意思啊。,translated,库拉肯特,3084f2a24c,br=0 nl=0,1,
inc/event/res/07/me07_01.txt#210#12,"しかしサーリよ、本当に大きくなったなぁ。
それに見違えるほど可愛くなった。","不过话说回来莎丽啊，你真的长这么大了啊。
而且漂亮得让人都快认不出来了。",translated,库拉肯特,13a35c6c54,br=0 nl=1,2,
inc/event/res/07/me07_01.txt#211#12,"物理的外見においてはあの父親の遺伝子を
発現しなかったと見える。
いやよかったよかった。","看来在肉体外貌上
并没有显现出那个父亲的基因呢。
哎呀太好了太好了。",translated,库拉肯特,db728dd4ba,br=0 nl=2,3,
inc/event/res/07/me07_01.txt#212#12,"博士は僕とリアルで会ったことが
あるのですか？　僕は覚えてませんが……。","博士您在现实中见过我吗？
我完全不记得了……。",translated,莎丽,73f709bb46,br=0 nl=1,2,
inc/event/res/07/me07_01.txt#213#12,"それは無理もない。
あれはまだ君が１才のときだったからな。","那倒难怪。
因为那时候你才刚满1岁嘛。",translated,库拉肯特,0fff6b63df,br=0 nl=1,2,
inc/event/res/07/me07_01.txt#214#12,"ネプツールのやつが君を授かったときは、
それはもう大喜びだったのだぞ？
こっちまで嬉しくなるくらいにな。","尼普楚尔那家伙喜得千金的时候，
可是高兴得手舞足蹈呢！
连带着让我也跟着乐开了花。",translated,库拉肯特,e52a988f63,br=0 nl=2,3,
inc/event/res/07/me07_01.txt#215#12,やはり、博士と父は昔同じ仕事を？,果然，博士和父亲以前从事同样的工作吗？,translated,莎丽,c35e503f9b,br=0 nl=0,1,
inc/event/res/07/me07_01.txt#216#12,"ああ。天文の研究所で一緒に働いていた。
あと、グレイコフもな。","是啊。以前在天文的研究所一起共事过。
还有古雷柯夫也是。",translated,库拉肯特,4b3975a011,br=0 nl=1,2,
inc/event/res/07/me07_01.txt#217#12,"二人とも優秀な弟子だったな。
私はともかく、彼らには幸せになって
もらいたかったのだが……。","两人都是我极其优秀的得意门生啊。
我倒无所谓，但原本是真心希望
他们能够获得幸福的……",translated,库拉肯特,e8935c8202,br=0 nl=2,3,
inc/event/res/07/me07_01.txt#218#12,"運命とは酷なものだ。サーリよ。
改めて、ネプツールのことは残念だった……。","命运真是残酷啊，莎丽。
再次向你致以哀悼，
关于尼普楚尔的事，真的太遗憾了……",translated,库拉肯特,1ce5211dbc,br=0 nl=1,2,
inc/event/res/07/me07_01.txt#219#12,父の話は、もう……大丈夫です。,关于父亲的事，已经……没关系了。,translated,莎丽,9690b6bd7b,br=0 nl=0,1,
inc/event/res/07/me07_01.txt#220#12,しかし、あれは君のたったひとりの……。,可是，那毕竟是你唯一的……。,translated,库拉肯特,f51e2f2ba4,br=0 nl=0,1,
inc/event/res/07/me07_01.txt#221#12,"どうか……お気になさらず。
いまはイオナサルのことが先決です。
急がなければ。","还请您……不要挂在心上。
现在依欧娜萨鲁的事才是当务之急。
我们得抓紧时间了。",translated,莎丽,343396bfd3,br=0 nl=2,3,
inc/event/res/07/me07_01.txt#222#12,おお、そうだった！,哦哦，对对对！,translated,库拉肯特,a86844d905,br=0 nl=0,1,
inc/event/res/07/me07_01.txt#228#12,"イオナサル。
君をすぐに元のセカイに還す。
遅すぎたくらいだが、許してくれ。","依欧娜萨鲁。
我马上就把你送回原来的世界去。
虽然已经为时过晚，但也请你原谅我啊。",translated,库拉肯特,d32a634e87,br=0 nl=2,3,
inc/event/res/07/me07_01.txt#229#12,"さっそく、細胞サンプルを採取しよう。
DNAを解析し、適任となる詩姫を検索する。
そうすれば、君は自分のセカイに戻れる。","我们马上来采集细胞样本吧。
解析DNA，检索出匹配适任的诗姬。
这样一来，你就能回到自己的世界了。",translated,库拉肯特,6be7ad7fa0,br=0 nl=2,3,
inc/event/res/07/me07_01.txt#230#12,"あっ、あの、でもわたし、
まだ還るって決めたわけじゃ……。","啊、那个，可是我，
其实还没决定要不要回去……。",translated,依恩,7b6c76b6f7,br=0 nl=1,2,
inc/event/res/07/me07_01.txt#231#12,"それはいかん。
君のためにも、この世界のためにも、
還らねばならん。さぁ、早く来るのだ。","那可不行。
无论为了你，还是为了这个世界，
你都必须回去。好啦，快到这边来。",translated,库拉肯特,5693e772a4,br=0 nl=2,3,
inc/event/res/07/me07_01.txt#236#12,サーリちゃん、どうしよ……。,莎丽，怎么办啊……。,translated,依恩,ce0e03a432,br=0 nl=0,1,
inc/event/res/07/me07_01.txt#237#12,"従ったほうがよさそうだ。
まだ細胞を採取するだけだし──","还是照办比较好。
目前还只是采集细胞而已――",translated,莎丽,6727c470bc,br=0 nl=1,2,
inc/event/res/07/me07_01.txt#238#12,"適任者が見つからないことには、
還れるかどうかも決まらない。","在找到匹配的适任者之前，
也根本谈不上能不能回去呢。",translated,莎丽,b60ab708f7,br=0 nl=1,2,
inc/event/res/07/me07_01.txt#239#12,イオナサル、早くこっちへ！,依欧娜萨鲁，快到这边来！,translated,库拉肯特,9683a7d716,br=0 nl=0,1,
inc/event/res/07/me07_01.txt#241#12,イオナサル……！？,依欧娜萨鲁……！？,translated,？？？,7d32e9e035,br=0 nl=0,1,
inc/event/res/07/me07_01.txt#247#12,"おお、カノイール皇女。
目が覚めたのか。","哦哦，卡诺伊尔皇女。
你醒了吗。",translated,库拉肯特,e641eef77f,br=0 nl=1,2,
inc/event/res/07/me07_01.txt#250#12,カノンさん……！？,卡诺小姐……！？,translated,依恩,8d41fd5274,br=0 nl=0,1,
inc/event/res/07/me07_01.txt#251#12,きゅうっ！？,啾呜！？,translated,泰雷芬肯,fbe7b1bf9e,br=0 nl=0,1,
inc/event/res/07/me07_01.txt#258#12,イオナサル！！,依欧娜萨鲁！！,translated,卡诺,760a386f7e,br=0 nl=0,1,
inc/event/res/07/me07_01.txt#259#12,"カノンさん……よかった！
やっと逢えた！！","卡诺小姐……太好了！
终于见到你了！！",translated,依恩,c6f96bdb09,br=0 nl=1,2,
inc/event/res/07/me07_01.txt#260#12,"わたし、信じてました！
カノンさんは絶対、無事でいてくれるって！","我一直坚信着！
坚信卡诺小姐一定会平平安安的！",translated,依恩,a37754c1df,br=0 nl=1,2,
inc/event/res/07/me07_01.txt#261#12,"イオナサル、約束を守ってくれたのですね。
あなたが本当にここまで来られるなんて……。","依欧娜萨鲁，你遵守了约定呢。
没想到你真的能走到这里……",translated,卡诺,e8431e49f1,br=0 nl=1,2,
inc/event/res/07/me07_01.txt#262#12,"はいっ！
わたし、カノンさんときっと逢えるって
信じてここまで来たんです！！","嗯！
因为我相信一定能与卡诺小姐重逢，
才一路走到这里的！！",translated,依恩,a1f6ac0199,br=0 nl=2,3,
inc/event/res/07/me07_01.txt#263#12,"私も……あぁ、なんということでしょう、
あんなに……あんなに遠い{アルメティカ}から、
自分の力でここへ……あなたが……。","我也……啊，怎么会这样，
从那么……那么遥远的{阿尔梅堤嘉}，
凭自己的力量来到这里……你竟然……",translated,卡诺,c99e4444f9,br=1 nl=2,3,keep-terms {アルメティカ}
inc/event/res/07/me07_01.txt#263#14,世界の情報が全て存在するといわれているコロン。<CR>ラシェーラにおいて最先端の情報中枢であり、それ故、情報を求める人々が多く訪れ、またそれらを重要とする多くの組織が密集するコロンとなっている。<CR>その最たる物として挙げられるのがＰＬＡＳＭＡ機密情報局である。天文の組織はそのほとんどが天文の影響力が強いコロンや地域に存在しているが、ＰＬＡＳＭＡだけはその特性上、アルメティカに本部を置いている。<CR>アルメティカの市民は、市民になった時点でもらえる<CR>一つのＴｘＢＩＯＳ利用許可により、レベル差こそあれ蓄積された情報を引き出すことが可能となっている。<CR>それ故、この街ではアルメティカ営業情報共有者連盟、所謂「情報屋｣という職業が成り立っている。,据传汇集了世界上全部信息的克隆。<CR>作为拉榭拉最前沿的情报中枢，无数寻求信息的人纷至沓来，重视情报的众多组织亦云集于此。<CR>其中最具代表性的便是PLASMA机密情报局。天文的组织大多设在天文影响力较强的克隆或地域，唯独PLASMA因其职能特性将本部设立在阿尔梅堤嘉。<CR>阿尔梅堤嘉的市民在获得市民身份时便会配发一份TxBIOS使用许可，虽有等级差异，但均能调取其中蓄积的信息。<CR>正因如此，在这座城市中才诞生了阿尔梅堤嘉营业信息共享者联盟、即所谓的“情报贩子”这一职业。,translated,卡诺,e25d673a2d,<CR> <CR> <CR> <CR> <CR> br=0 nl=0,1,keep-tags <CR>; src-longest-line=331
inc/event/res/07/me07_01.txt#266#12,"カノイール皇女、少し興奮しすぎだ。
まだ疲れているのだ、もう少し休んだほうが
いい。いま鎮静剤を……。","卡诺伊尔皇女，你有些过于激动了。
身体还很疲惫，最好再多休息一会儿。
我现在去拿镇静剂……",translated,库拉肯特,aeada7db03,br=0 nl=2,3,
inc/event/res/07/me07_01.txt#267#12,"え？
カノンさん大丈夫ですか？","咦？
卡诺小姐你没事吧？",translated,依恩,da28741ee9,br=0 nl=1,2,
inc/event/res/07/me07_01.txt#268#12,"博士、私は大丈夫です。
イオナサルとは共有しておかねばならない
ことが山ほどあるのです！","博士，我没事的。
我还有堆积如山的事情
必须和依欧娜萨鲁沟通！",translated,卡诺,959e13037a,br=0 nl=2,3,
inc/event/res/07/me07_01.txt#269#12,"わかった、わかった。
なら、まずイオナサルから細胞サンプルを
採らせなさい。","好好好，我知道了。
那先让我采集一下依欧娜萨鲁的细胞样本吧。",translated,库拉肯特,32c98e0600,br=0 nl=2,3,
inc/event/res/07/me07_01.txt#270#12,採りながらでも話はできる。,边采集也一样可以交谈。,translated,库拉肯特,a0407b7230,br=0 nl=0,1,
inc/event/res/07/me07_01.txt#271#12,わっ、わかりました！,好、好的！,translated,依恩,c7875e3f51,br=0 nl=0,1,
inc/event/res/07/me07_01.txt#283#12,"──ジェノム・アルメティカの力で私は、
縦貫坑道の奥……つまりこのジェノミライ
研究所へテレポートしました。","――借助杰诺姆・阿尔梅堤嘉的力量，
我传送到了纵贯坑道深处……
也就是这所杰诺米莱伊研究所。",translated,卡诺,f5247b3bf2,br=0 nl=2,3,
inc/event/res/07/me07_01.txt#284#12,"降り立ってすぐ……私の頭の中に突然、
誰かの声が響いたのです。","一落到这里……脑海中就突然
响起了某个人的声音。",translated,卡诺,c3d89cd4d7,br=0 nl=1,2,
inc/event/res/07/me07_01.txt#285#12,声……誰かの？,声音……某个人的？,translated,依恩,b7d5b5d1f2,br=0 nl=0,1,
inc/event/res/07/me07_01.txt#286#12,"えぇ。
その声に導かれるままに、私は進みました。","是的。
在那个声音的引导下，我继续前行。",translated,卡诺,7cc86dcebd,br=0 nl=1,2,
inc/event/res/07/me07_01.txt#287#12,"そして……見たのです。
すさまじい光景を。","然后……看到了那副景象。
极其可怕的景象。",translated,卡诺,80ae33b61e,br=0 nl=1,2,
inc/event/res/07/me07_01.txt#288#12,"クラケット博士は、それが私の出生と
関係があり、私自身もその渦中にいたと
言うのです。","库拉肯特博士说，那与我的身世有关，
并且我自己当时也身处那场漩涡之中。",translated,卡诺,7aa015a144,br=0 nl=2,3,
inc/event/res/07/me07_01.txt#289#12,"……正直、私には信じられません。
あの光景は、夢だと思いたい。","……老实说，我实在难以置信。
多希望那副景象只是一场梦。",translated,卡诺,2046e73784,br=0 nl=1,2,
inc/event/res/07/me07_01.txt#293#12,"いや、夢ではない。
君は昔、確かにこのラボにいたのだよ。","不，那不是梦。
你从前确实在这座研究所里待过。",translated,库拉肯特,b0ead4c68a,br=0 nl=1,2,
inc/event/res/07/me07_01.txt#294#12,"実際に君を扱っていた私が言うのだから
間違いはない。","这是亲自负责过你的我亲口说的，
绝不会有错。",translated,库拉肯特,19e4fc86d7,br=0 nl=1,2,
inc/event/res/07/me07_01.txt#295#12,"それに先日の細胞検査でも、
君が被験体だということははっきりしている。","而且前些天的细胞检查中，
也已经明确证实你曾是受试体。",translated,库拉肯特,dcd230a28e,br=0 nl=1,2,
inc/event/res/07/me07_01.txt#296#12,"君のDNAは当時研究していた三重螺旋だった
からなぁ。もっとも、不完全なものだが……。","因为你的DNA正是当时研究的三重螺旋。
虽然那还是个不完全体就是了……",translated,库拉肯特,35347c6619,br=0 nl=1,2,
inc/event/res/07/me07_01.txt#297#12,"だが、それ以上のことはわからん。
私は、てっきり君はもう死んだものだと
思っていたのだよ。","但再多的事情我就不清楚了。
我还以为你早就已经死去了呢。",translated,库拉肯特,70253f234f,br=0 nl=2,3,
inc/event/res/07/me07_01.txt#298#12,"よもや地文{皇女}として君臨し、
次期皇帝になろうとしていたとは。
まったく信じられんことだ。","真没想到你不仅作为地文{皇女}君临天下，
甚至还要成为下一任皇帝。
实在令人难以置信。",translated,库拉肯特,192f92f1e1,br=1 nl=2,3,keep-terms {皇女}
inc/event/res/07/me07_01.txt#298#14,正式には「皇帝候補」。<CR>皇帝になる資格を持つ者のことを、<CR>この世界では「皇女」と呼んでいる。<CR><CR>大抵の時代に皇女は２～３人ほど存在しており、現代における皇女がイオン、そしてカノンの二人である。<CR>彼女たちはこれまで皇女とは異なり、皇女という立場のほかに天文と地文、どちらの救済計画を支持するかという重責も担っている。<CR>それ故、民衆の二人に対する関心は過去の皇女の比ではなく、現在のラシェーラにおいて彼女たちの動向に目を向けない者はほとんど存在しない。,正式名称为“皇帝候补”。<CR>在这个世界中，拥有成为皇帝资格的人<CR>被称为“皇女”。<CR><CR>绝大多数时代都会存在2～3名皇女，当代的皇女便是依恩与卡诺二人。<CR>她们与以往的皇女不同，除了皇女的身份之外，还背负着究竟支持天文还是地文救济计划的重任。<CR>因此，民众对这两名皇女的关注度远非昔日可比，如今的拉榭拉几乎无人不瞩目于她们的动向。,translated,库拉肯特,9098d5450a,<CR> <CR> <CR> <CR> <CR> <CR> br=0 nl=0,1,keep-tags <CR>; src-longest-line=242
inc/event/res/07/me07_01.txt#299#12,"博士、本当に、本当に間違いは
ないのですか！？","博士，真的、真的确定
没有任何差错吗！？",translated,卡诺,271c74903b,br=0 nl=1,2,
inc/event/res/07/me07_01.txt#300#12,"私があなたの扱った被験体の一人だと
いうのは……！",我竟然是您经手的受试体之一……！,translated,卡诺,6b9242f603,br=0 nl=1,2,
inc/event/res/07/me07_01.txt#301#12,"間違いない。君の二の腕の内側には、
２２９という数字が刻印されている。
それは確かに、私が打刻したものだ。","绝无差错。你的上臂内侧，
刻印着２２９这串数字吧。
那确实是我亲手打印上去的。",translated,库拉肯特,b5ac0c65e6,br=0 nl=2,3,
inc/event/res/07/me07_01.txt#303#12,"ただ、私は本当に君が死んだのだと思っていた。
何せジェノミライ・パンデミックの爆心地に
いたのだから。","只是，我之前真的以为你死了。
毕竟你当时可是身处
杰诺米莱伊瘟疫的中心地带啊。",translated,库拉肯特,fd2aa09642,br=0 nl=2,3,
inc/event/res/07/me07_01.txt#304#12,"あれは酷い事件だった……。
思い出すのもおぞましい。","那是一场惨剧……
回想起来都让人毛骨悚然。",translated,库拉肯特,b40a147336,br=0 nl=1,2,
inc/event/res/07/me07_01.txt#305#12,"その渦中に君を巻き込んでしまったことを、
私は本当に申し訳なく思っている。","把你卷入那场漩涡之中，
我真的感到万分抱歉。",translated,库拉肯特,1d262d0f8f,br=0 nl=1,2,
inc/event/res/07/me07_01.txt#306#12,"かまいません。
私がいまここに生きている以上、
すべては過去のこと。","请别放在心上。
既然我现在还好好地活着，
一切都已成为过去。",translated,卡诺,2a5a15dcf8,br=0 nl=2,3,
inc/event/res/07/me07_01.txt#307#12,"私が知りたいのは現在のことなのです。
この世界を真に救うため、
地文の不正について私は知らねばなりません！","我想知道的是现在的事情。
为了真正拯救这个世界，
我必须查清地文的舞弊真相！",translated,卡诺,12d0aef985,br=0 nl=2,3,
inc/event/res/07/me07_01.txt#308#12,"先日も話したとおりだ。
そのことは私にもわからない。","正如前几天我说过的。
那件事连我也不清楚。",translated,库拉肯特,8e6311380a,br=0 nl=1,2,
inc/event/res/07/me07_01.txt#309#12,"それについて明確に知る者は、
もはや一人しかいないだろう。","如今能明确知晓内情的人，
恐怕就只剩一个了。",translated,库拉肯特,fcdbfb2232,br=0 nl=1,2,
inc/event/res/07/me07_01.txt#310#12,それは！？,那是谁！？,translated,卡诺,1be06f5f4e,br=0 nl=0,1,
inc/event/res/07/me07_01.txt#311#12,"パンデミックの後もジェノミライ研究所に
残り続けた唯一の研究者……ウンドゥだ。","在瘟疫之后仍继续留在
杰诺米莱伊研究所的唯一研究员……温多。",translated,库拉肯特,f1440c25dc,br=0 nl=1,2,
inc/event/res/07/me07_01.txt#312#12,ウンドゥ……。,温多……,translated,卡诺,aa36be8419,br=0 nl=0,1,
inc/event/res/07/me07_01.txt#313#12,"だが、彼の消息を知る者こそ、
もう一人もおらん。","但是，知道他下落的人，
如今更是一个也没有了。",translated,库拉肯特,d9f6a83804,br=0 nl=1,2,
inc/event/res/07/me07_01.txt#314#12,だから、君の知りたいことは、深い闇の中──,所以，你想知道的事情仍掩盖在深邃的黑暗中――,translated,库拉肯特,a9d7358205,br=0 nl=0,1,
inc/event/res/07/me07_01.txt#315#12,"いや、待てよ……一人いる！
ウンドゥの消息を知り得る者が……！","不，等等……还有一个人！
有可能知晓温多下落的人……！",translated,库拉肯特,552b30bead,br=0 nl=1,2,
inc/event/res/07/me07_01.txt#316#12,"ジリリウム＝リモナイト。
皆は、ジルと呼んでいるらしいがな。","吉利利姆＝利莫奈特。
大家似乎都叫她吉鲁。",translated,库拉肯特,eeadb1acc2,br=0 nl=1,2,
inc/event/res/07/me07_01.txt#322#12,"ジル！？
どうしてジルがそこに出てくるんだ！？","吉鲁！？
为什么吉鲁会扯上关系啊！？",translated,莎丽,84b444dc51,br=0 nl=1,2,
inc/event/res/07/me07_01.txt#323#12,"ジルは、ウンドゥの右腕とも言える
研究者だったらしい。","吉鲁当年似乎是温多的得力助手，
不可或缺的研究员。",translated,库拉肯特,d5afcec9f2,br=0 nl=1,2,
inc/event/res/07/me07_01.txt#324#12,ジルが……このラボに！？,吉鲁……曾在这座研究所里！？,translated,莎丽,180e7b2734,br=0 nl=0,1,
inc/event/res/07/me07_01.txt#325#12,"ジルがここに来たのは私が出て行ってからの
ことだから、直接は知らん。","吉鲁来到这里是在我离开之后的事，
所以我并没有直接接触过她。",translated,库拉肯特,a64c8cef6c,br=0 nl=1,2,
inc/event/res/07/me07_01.txt#326#12,その、ウンドゥという研究者は何者ですか？,那个叫温多的研究员究竟是什么人？,translated,卡诺,c74e81204f,br=0 nl=0,1,
inc/event/res/07/me07_01.txt#327#12,"うむ。彼は極めて優秀な男で……
私とともにこのジェノミライを率いていた。","嗯。他是个极其优秀的男人……
曾与我一同统领这所杰诺米莱伊。",translated,库拉肯特,18bb108d44,br=0 nl=1,2,
inc/event/res/07/me07_01.txt#328#12,ジェノミライ研究所のトップ……！,杰诺米莱伊研究所的统领……！,translated,莎丽,c5f3f66e8f,br=0 nl=0,1,
inc/event/res/07/me07_01.txt#329#12,"そうだ。
私とウンドゥの下には、グレイコフと
ネプツールが助手として付いていた。","没错。
我和温多的手下，曾有古雷柯夫和
尼普楚尔担任助手。",translated,库拉肯特,55d3fed27e,br=0 nl=2,3,
inc/event/res/07/me07_01.txt#330#12,"その頃のジェノミライは……そうだな、
いまでは口にするのもはばかられるような
研究に手を染めていた。","那时的杰诺米莱伊……怎么说呢，
染指了许多如今连提都不愿提的研究。",translated,库拉肯特,97ed4baaef,br=0 nl=2,3,
inc/event/res/07/me07_01.txt#331#12,その償いをするために、私はここにいるんだよ。,为了赎罪，我才一直留在这里。,translated,库拉肯特,95508acb87,br=0 nl=0,1,
inc/event/res/07/me07_01.txt#334#12,償い……。,赎罪……,translated,依恩,3afe52827b,br=0 nl=0,1,
inc/event/res/07/me07_01.txt#339#12,"そうだよ、イオナサル。
私はこの世界を滅ぼしかねない技術を
創り出し、その理論を解明してしまった。","是啊，依欧娜萨鲁。
我创造出了可能毁灭这个世界的技术，
并且阐明了其背后的理论。",translated,库拉肯特,7f843007ea,br=0 nl=2,3,
inc/event/res/07/me07_01.txt#340#12,"自分のしでかしたことには責任がある。
技術はこの手で破棄し、いま起きている
崩壊を封じ込める、という責任がね。","人必须对自己做下的事负责。
亲手销毁这项技术，并遏制住
如今正在发生的崩溃，这就是我的责任。",translated,库拉肯特,4fc931f157,br=0 nl=2,3,
inc/event/res/07/me07_01.txt#341#12,"……だがその前に、やらねばならんことが
あるのだよ。さぁ、採取は終わったぞ。","……但在那之前，我还有必须要做的事。
好，样本采集完成了。",translated,库拉肯特,b76c929f8f,br=0 nl=1,2,
inc/event/res/07/me07_01.txt#342#12,"あとは君にベストマッチする遺伝子を
創りあげるだけだ。","接下来只要为你量身打造出
最为契合的最佳基因就行了。",translated,库拉肯特,98786449cb,br=0 nl=1,2,
inc/event/res/07/me07_01.txt#343#12,"私のやらねばならんことはな、イオナサル。
何としても君を元のセカイへ送り返すこと
なんだよ。","我必须要完成的事啊，依欧娜萨鲁。
就是无论如何都要将你送回原本的世界。",translated,库拉肯特,8b87befbd5,br=0 nl=2,3,
inc/event/res/07/me07_01.txt#344#12,そっ、そのことなんですけど――,关、关于那件事――,translated,依恩,48a51ff62d,br=0 nl=0,1,
inc/event/res/07/me07_01.txt#350#12,サーリ、アレは持ってきてくれたのかい？,莎丽，那个东西你带来了吗？,translated,库拉肯特,6ece414513,br=0 nl=0,1,
inc/event/res/07/me07_01.txt#351#12,"もちろん。
……これです。","当然。
……就是这个。",translated,莎丽,bcb0eaf457,br=0 nl=1,2,
inc/event/res/07/me07_01.txt#352#12,"おお、本当に手に入れたのだな！
あのジルの研究成果のデータベースを！！","哦哦，真的到手了啊！
那个吉鲁的研究成果数据库！！",translated,库拉肯特,7cb4c82362,br=0 nl=1,2,
inc/event/res/07/me07_01.txt#353#12,"これですべてが揃った！
これですべてが終わるのだ！！","这样一来所有要素都凑齐了！
这一切终于可以迎来终结了！！",translated,库拉肯特,7e0f8cc362,br=0 nl=1,2,
inc/event/res/07/me07_01.txt#354#12,どういうことですか？,这是什么意思？,translated,莎丽,06cc15c8a0,br=0 nl=0,1,
inc/event/res/07/me07_01.txt#356#12,"これで、完全相性の遺伝子を持つ
生命を創ることができるのだよ。","这样就能创造出拥有
完美相性基因的生命了。",translated,库拉肯特,4b4dbb5fdb,br=0 nl=1,2,
inc/event/res/07/me07_01.txt#364#12,カノンさんっ？,卡诺小姐？,translated,依恩,05d86473be,br=0 nl=0,1,
inc/event/res/07/me07_01.txt#366#12,あっ、カノンさん！,啊，卡诺小姐！,translated,依恩,4fc438531d,br=0 nl=0,1,
inc/event/res/07/me07_01.txt#367#12,どこへ行く、カノイール皇女？,你要去哪里，卡诺伊尔皇女？,translated,库拉肯特,e42dbfa0f6,br=0 nl=0,1,
inc/event/res/07/me07_01.txt#378#12,"量子展開扉はここですね。
開けてください、博士。","量子展开门就是这里对吧。
请帮我打开，博士。",translated,卡诺,5dc8ff2921,br=0 nl=1,2,
inc/event/res/07/me07_01.txt#379#12,"何をするつもりだい？
私は知っていることはすべて話したし、
それ以上の情報はどこにもないぞ。","你打算做什么？
我知道的事情全都告诉你了，
此外的信息哪里都找不到的。",translated,库拉肯特,04cae92d08,br=0 nl=2,3,
inc/event/res/07/me07_01.txt#380#12,クラケットさん、わたしも行きます！,库拉肯特先生，我也要去！,translated,依恩,2002ddd6f1,br=0 nl=0,1,
inc/event/res/07/me07_01.txt#387#12,イオナサル、君までどうしたんだ！,依欧娜萨鲁，怎么连你也这样！,translated,库拉肯特,5e373ce96e,br=0 nl=0,1,
inc/event/res/07/me07_01.txt#388#12,"カノンさんは本当に辛い目に遭いながら
ここまで来たんです！","卡诺小姐经历万般艰难
才来到这里的！",translated,依恩,70b18d04ab,br=0 nl=1,2,
inc/event/res/07/me07_01.txt#389#12,"カノンさんの知りたいことは、
わたしの知りたいことでもあります。
何かあっても、わたしが守ります！","卡诺小姐想知道的事情，
也是我想知道的事情。
就算遇到危险，我也一定会保护她！",translated,依恩,8aeb1221bd,br=0 nl=2,3,
inc/event/res/07/me07_01.txt#391#12,うぅむ……。,唔唔……,translated,库拉肯特,0109caeaa9,br=0 nl=0,1,
inc/event/res/07/me07_01.txt#392#12,"わかった、だが決して表へ出てはいかんぞ。
封鎖されている裏側なら安全だからな。","好吧，但绝对不能跑到外面去。
被封锁的内侧是安全的。",translated,库拉肯特,5abfa604e7,br=0 nl=1,2,
inc/event/res/07/me07_01.txt#415#12,カノンさんっ。,卡诺小姐。,translated,依恩,dcdc37f7aa,br=0 nl=0,1,
inc/event/res/07/me07_01.txt#423#12,きゅっ！,啾！,translated,泰雷芬肯,211be1276a,br=0 nl=0,1,
inc/event/res/07/me07_01.txt#430#12,きゅっ！？,啾！？,translated,泰雷芬肯,dc342f2b3a,br=0 nl=0,1,
inc/event/res/07/me07_01.txt#431#12,きゅ、うぅ……。,啾、呜……,translated,泰雷芬肯,f5340158d8,br=0 nl=0,1,
inc/event/res/07/me07_01.txt#453#12,カノンさん、一体どうしたんですか？,卡诺小姐，你到底怎么了？,translated,依恩,6d018166fb,br=0 nl=0,1,
inc/event/res/07/me07_01.txt#469#12,あっ、待ってっ！！,啊，等等！！,translated,依恩,b0a9665ee8,br=0 nl=0,1,
inc/event/res/07/me07_01.txt#488#12,おい、いまの……！,喂，刚才那是……！,translated,警卫,513b456ffd,br=0 nl=0,1,
inc/event/res/07/me07_01.txt#489#12,"あぁ、イオナサル皇女と……
地文のカノイール皇女だ！","啊，是依欧娜萨鲁皇女和……
地文的卡诺伊尔皇女！",translated,警卫Ｂ,6d73af1adc,br=0 nl=1,2,
inc/event/res/07/me07_01.txt#494#12,なぜ地文の皇女までがここにいるんだ！？,为什么连地文的皇女也会在这里！？,translated,警卫,6326e25ad5,br=0 nl=0,1,
inc/event/res/07/me07_01.txt#495#12,"まるでわからん……。
とりあえず、本部に連絡しながら追うぞ！","完全搞不清楚……
总之先联系总部，立刻追上去！",translated,警卫Ｂ,1e82437e01,br=0 nl=1,2,
inc/event/res/07/me07_01.txt#496#12,了解！,了解！,translated,警卫,0796fcda7f,br=0 nl=0,1,
inc/event/res/07/me07_02.txt#29#12,"カノンさん。
わたし、カノンさんにまた逢えて、
本当に嬉しいんです。","卡诺小姐。
能再次见到卡诺小姐，
我真的好开心。",translated,依恩,de2c593dc7,br=0 nl=2,3,
inc/event/res/07/me07_02.txt#31#12,"アルメティカで先に行ってもらったあと、
さっきの女の子……サーリちゃんと出会って。","在阿尔梅堤嘉请你先行一步之后，
我遇到了刚才那个女孩……莎丽。",translated,依恩,3ca47cd673,br=0 nl=1,2,
inc/event/res/07/me07_02.txt#32#12,"フォーシーズンっていうコロンに連れて行って
もらって、そこでジルさんにも会いました。","她带我去了名叫四季的克隆，
在那里我还见到了吉鲁小姐。",translated,依恩,b19aa26cdf,br=0 nl=1,2,
inc/event/res/07/me07_02.txt#34#12,サーリちゃんは重い病気だったんですけど……。,莎丽本来生了很重的病……,translated,依恩,5a739cdfca,br=0 nl=0,1,
inc/event/res/07/me07_02.txt#35#12,"それを治すことができて、
わたしをここまで連れてきてくれたんです！","但后来治好了，
于是她便带我来到了这里！",translated,依恩,1d1f1e503f,br=0 nl=1,2,
inc/event/res/07/me07_02.txt#36#12,……そうでしたか。,……这样啊。,translated,卡诺,b322626f8e,br=0 nl=0,1,
inc/event/res/07/me07_02.txt#37#12,はいっ♪,嗯♪,translated,依恩,8e981582a3,br=0 nl=0,1,
inc/event/res/07/me07_02.txt#38#12,イオナサル。,依欧娜萨鲁。,translated,卡诺,0e9a0822a3,br=0 nl=0,1,
inc/event/res/07/me07_02.txt#39#12,はい？,怎么了？,translated,依恩,60a384a12a,br=0 nl=0,1,
inc/event/res/07/me07_02.txt#40#12,"あなたは、もし私が……皇位継承者でも
何でもなく、それどころか、忌まわしい
遺伝子操作をされた生命だとしたら──","如果我……根本就不是什么皇位继承者，
不仅如此，反而是一个经历过
可怕基因改造的生命体――",translated,卡诺,2ac94ebe5b,br=0 nl=2,3,
inc/event/res/07/me07_02.txt#41#12,どう思いますか？,你会怎么想呢？,translated,卡诺,8ef0ccbb3b,br=0 nl=0,1,
inc/event/res/07/me07_02.txt#42#12,えっ……？,哎……？,translated,依恩,6dc3a99ae1,br=0 nl=0,1,
inc/event/res/07/me07_02.txt#43#12,"どう思うかって……。
どうも思いません、としか……。","要问我会怎么想……
我也只能回答什么都不会去想……",translated,依恩,52d7abb25d,br=0 nl=1,2,
inc/event/res/07/me07_02.txt#45#12,"だって、カノンさんはこの世界を
守れる人だってことに変わりはないです。","因为，卡诺小姐是能守护这个世界的人，
这一点无论如何都不会改变。",translated,依恩,a2fb997dd0,br=0 nl=1,2,
inc/event/res/07/me07_02.txt#46#12,"皇帝になるのに一番ふさわしい人だって、
わたし思ってます！","而且我认为，
卡诺小姐才是最适合成为皇帝的人！",translated,依恩,f66ee6c980,br=0 nl=1,2,
inc/event/res/07/me07_02.txt#47#12,"あなたはわかっていません。
血を継いでいないということが
どれほど重大なことなのか……。","你根本就不明白。
未曾继承血脉这件事，
究竟有多么严重……",translated,卡诺,6b8fc20420,br=0 nl=2,3,
inc/event/res/07/me07_02.txt#48#12,まぁ、あなたに言っても無駄かもしれません。,算了，跟你说这些或许也没用吧。,translated,卡诺,6442635ad8,br=0 nl=0,1,
inc/event/res/07/me07_02.txt#49#12,"私も、あなたくらい自由に生きられれば
良いのですが。","若我也能像你一样活得如此洒脱，
那该有多好。",translated,卡诺,b1d9170008,br=0 nl=1,2,
inc/event/res/07/me07_02.txt#69#12,ここです。,就是这里。,translated,卡诺,4caba126e5,br=0 nl=0,1,
inc/event/res/07/me07_02.txt#71#12,"私はあなたに約束しました。
この世界の真実を伝え合おうと。","我曾对你许下承诺。
我们要互相告知这个世界的真相。",translated,卡诺,e5d3f155c9,br=0 nl=1,2,
inc/event/res/07/me07_02.txt#72#12,"だから私は、自分の目で見た、
自分の真実をいまからあなたに話します。","所以，我现在要将我亲眼目睹的、
属于我自己的真相告诉你。",translated,卡诺,1aa9f7e650,br=0 nl=1,2,
inc/event/res/07/me07_02.txt#73#12,カノンさんの、真実……。,卡诺小姐的、真相……,translated,依恩,a70e00caf0,br=0 nl=0,1,
inc/event/res/07/me07_02.txt#88#12,な……何なんですか、この部屋……。,这……这个房间是怎么回事……,translated,依恩,fa430be373,br=0 nl=0,1,
inc/event/res/07/me07_02.txt#89#12,これは……何かの生き物の、死──,这……是某种生物的，遗――,translated,依恩,2668ca8c31,br=0 nl=0,1,
inc/event/res/07/me07_02.txt#90#12,どうやらここが、私の故郷。,看来这里就是我的故乡。,translated,卡诺,010cc5d3f2,br=0 nl=0,1,
inc/event/res/07/me07_02.txt#91#12,えっ！？,哎！？,translated,依恩,d0266993ff,br=0 nl=0,1,
inc/event/res/07/me07_02.txt#92#12,"そして、この数字です。
私の二の腕に幼いころからあって、
決して薄まることはなかった。","然后，就是这串数字。
从幼年起就刻印在我的上臂，
从未褪色变淡过。",translated,卡诺,1d3948f17e,br=0 nl=2,3,
inc/event/res/07/me07_02.txt#93#12,"２２９……。
さっき、クラケットさんが言っていた……。","２２９……
刚才库拉肯特先生也说过……",translated,依恩,9831be1443,br=0 nl=1,2,
inc/event/res/07/me07_02.txt#94#12,これは、ドゥドゥ・ノエチウムと読みます。,这串数字念作“杜杜・诺艾奇姆”。,translated,卡诺,c6111af50f,br=0 nl=0,1,
inc/event/res/07/me07_02.txt#95#12,"そして、このジェノミライにたどり着いたとき
響いた声は、こう言ったのです。","而当我抵达这所杰诺米莱伊时，
脑中回荡的声音曾这样对我说过。",translated,卡诺,92070d6e0d,br=0 nl=1,2,
inc/event/res/07/me07_02.txt#96#12,"自分はドゥドゥ・オクチウム、
一つ上の姉だと思って、と。","她说自己是杜杜・奥克奇姆，
可以当做是比我大一个编号的姐姐。",translated,卡诺,ca772ce4fe,br=0 nl=1,2,
inc/event/res/07/me07_02.txt#97#12,ッ……！,唔……！,translated,依恩,b47746e822,br=0 nl=0,1,
inc/event/res/07/me07_02.txt#106#12,"声に導かれるままに、
私はこの研究室へ来ました。","在那个声音的引导下，
我来到了这间实验室。",translated,卡诺,e9ee8d4867,br=0 nl=1,2,
inc/event/res/07/me07_02.txt#107#12,ここには、２２９個の水槽があります。,这里一共有２２９个水槽。,translated,卡诺,11895b19cd,br=0 nl=0,1,
inc/event/res/07/me07_02.txt#108#12,"２２８番目の水槽に入れられた少女の腕には、
２２８と刻印がありました。","在第２２８个水槽里的少女手臂上，
刻印着２２８的编号。",translated,卡诺,f75217da7f,br=0 nl=1,2,
inc/event/res/07/me07_02.txt#109#12,"ドゥドゥ・オクチウム。
私はこの子と同じ境遇で、
この子の『次』に過ぎない。","杜杜・奥克奇姆。
我和这个女孩身处相同的境遇，
不过是排在她“后面”的一个罢了。",translated,卡诺,be52d08484,br=0 nl=2,3,
inc/event/res/07/me07_02.txt#110#12,"私は生きていて、この子は死んだ。
それだけのことなのだとわかりました。
これが答えなんだと。","我活了下来，而这个女孩死去了。
我明白了，仅仅就是如此而已。
这就是答案。",translated,卡诺,ff0d1e56a0,br=0 nl=2,3,
inc/event/res/07/me07_02.txt#121#12,"次の瞬間、
無数の新たな疑問が湧き上がりました。","紧接着，
无数崭新的疑问涌上了心头。",translated,卡诺,32b35eb3a5,br=0 nl=1,2,
inc/event/res/07/me07_02.txt#122#12,だとしたら、私とは一体何なのでしょう？,既然如此，我究竟算是什么呢？,translated,卡诺,f22a211eb6,br=0 nl=0,1,
inc/event/res/07/me07_02.txt#123#12,"２２８番目までの子たちも、私も、
こうして実験された子なのでしょうか？","排在第２２８号之前的孩子们，还有我，
都只是像这样用于实验的孩子吗？",translated,卡诺,9c5c0689f6,br=0 nl=1,2,
inc/event/res/07/me07_02.txt#124#12,"もしそうなら、私に唯一無二とされる
皇位継承権などあるはずないのでは？","如果真是这样，我又怎么可能拥有
那号称举世无双的皇位继承权？",translated,卡诺,6674f0cf57,br=0 nl=1,2,
inc/event/res/07/me07_02.txt#125#12,"でも、現に私は皇帝候補として擁立された、
一体なぜ？","然而，如今我却确实被推举为皇帝候选人，
这到底是为什么？",translated,卡诺,a698222c90,br=0 nl=1,2,
inc/event/res/07/me07_02.txt#126#12,地文は何を考えていたのでしょう！？,地文究竟在打着什么算盘！？,translated,卡诺,23d8a0d241,br=0 nl=0,1,
inc/event/res/07/me07_02.txt#127#12,"……２２８に、私は疑問をぶつけました。
でも、答えは返ってきません。
かわりにこう言われました。","……我向２２８倾吐了这些疑问。
但她没有给出答案。
只是这样对我说道。",translated,卡诺,ed1e047ec8,br=0 nl=2,3,
inc/event/res/07/me07_02.txt#128#12,知りたければ私のところへおいで、と。,“想知道的话，就到我这里来吧”。,translated,卡诺,777b5f4745,br=0 nl=0,1,
inc/event/res/07/me07_02.txt#129#12,"PLASMAの妨害はすさまじいだろうけれど、
それを突破して、自分のところへ。","“虽然PLASMA的阻挠会异常猛烈，
但突破重围，到我身边来”。",translated,卡诺,92a17409f5,br=0 nl=1,2,
inc/event/res/07/me07_02.txt#130#12,"コーザルの力があればそれは可能。
彼はきっと協力してくれる、と。","“只要借助考扎尔的力量就能做到。
他也一定会协助你的”。",translated,卡诺,d16eaea6f9,br=0 nl=1,2,
inc/event/res/07/me07_02.txt#152#12,"……はい。
イオナサル皇女、カノイール皇女はともに
古い研究室に入りました。","……是。
依欧娜萨鲁皇女与卡诺伊尔皇女两人
都进入了旧实验室。",translated,警卫,412a732a30,br=0 nl=2,3,
inc/event/res/07/me07_02.txt#153#12,了解、監視を続けます。,了解，继续保持监视。,translated,警卫,d59f491aff,br=0 nl=0,1,
inc/event/res/07/me07_02.txt#157#12,おい、二人の様子はどうだ。,喂，她们两个人的情况如何。,translated,警卫,4ff6916705,br=0 nl=0,1,
inc/event/res/07/me07_02.txt#170#12,あ……っ！！,啊……！！,translated,警卫Ｂ,7f76317586,br=0 nl=0,1,
inc/event/res/07/me07_02.txt#171#12,"……？
どうした。","……？
怎么了。",translated,警卫,ca1d0fe0d7,br=0 nl=1,2,
inc/event/res/07/me07_02.txt#172#12,お、お前の……う、うしろっ！！,你、你的……身、身后！！,translated,警卫Ｂ,272ced2a95,br=0 nl=0,1,
inc/event/res/07/me07_02.txt#173#12,ッ！？,唔！？,translated,警卫,7680e63062,br=0 nl=0,1,
inc/event/res/07/me07_02.txt#194#12,な、何者……だっ……うがぁあぁっ！！,什、什么人……呃啊啊啊！！,translated,警卫Ｂ,e2e606201b,br=0 nl=0,1,
inc/event/res/07/me07_02.txt#202#12,"おい……ッ！？
う、うぅ……があぁぁぁ！","喂……！？
呜、唔……啊啊啊啊！",translated,警卫,422318512c,br=0 nl=1,2,
inc/event/res/07/me07_02.txt#225#12,"……すごい、どんな情報もほとんど
無制限に見られるんだ！","……好厉害，几乎所有情报
都能不受限制地随意查阅！",translated,莎丽,b806aa1c9e,br=0 nl=1,2,
inc/event/res/07/me07_02.txt#227#12,"うっそ、リーヴェルト総帥にゲイ疑惑！？
信じられない……でもちょっと萌えるかも……。","骗人的吧，利维尔特总帅有同性恋传闻！？
难以置信……不过好像有点萌……",translated,莎丽,963ab4c596,br=0 nl=1,2,
inc/event/res/07/me07_02.txt#228#12,って、そんなことじゃない！,不对，现在不是看这个的时候！,translated,莎丽,82cf44485c,br=0 nl=0,1,
inc/event/res/07/me07_02.txt#231#12,"{シェルノトロン・パニック}って、
地文によるテロじゃなくて
天文の自作自演だったのか。","{榭鲁诺特伦恐慌}竟然不是
地文策划的恐怖袭击，
而是天文自导自演的吗。",translated,莎丽,23c6a1c008,br=1 nl=2,3,keep-terms {シェルノトロン・パニック}
inc/event/res/07/me07_02.txt#231#14,一瞬にして全シェルノトロンが停止した事件、<CR>それがシェルノトロン・パニックである。<CR>当時、すでにシェルノトロンは人々の間で必要不可欠なものとなっており、この事件によって世界的な混乱が生じたのは言うまでもない。<CR>天文の迅速な対応により、地文の過激派がレオンＯＳを停止させようとしたことが突き止められ、シェルノトロン・パニックによる混乱は収められた。<CR>しかし、真実はネロの暴走が原因だった。天文はこの事実を情報操作により隠蔽し、地文の管理下となっていたジェノミライ研究所を天文の管理下とすることに成功する。まさに漁夫の利を得たのである。,所有榭鲁诺特伦在一瞬间全部停止运作的事件，<CR>即为榭鲁诺特伦恐慌。<CR>当时，榭鲁诺特伦已成为人们生活中不可或缺的存在，这场事件理所当然引发了全球性的混乱。<CR>由于天文应对迅速，查明是地文的激进派企图停止雷昂OS，榭鲁诺特伦恐慌引发的混乱才得以平息。<CR>然而，真相其实是妮诺暴走所致。天文通过操纵情报隐瞒了这一事实，并成功将原本由地文管辖的杰诺米莱伊研究所收归天文管辖。真可谓是坐收渔翁之利。,translated,莎丽,fb51268ae1,<CR> <CR> <CR> <CR> br=0 nl=0,1,keep-tags <CR>; src-longest-line=278
inc/event/res/07/me07_02.txt#232#12,"はっはっは。
ここからアクセスできない情報などない。","哈哈大笑。
这里就没有访问不到的情报。",translated,库拉肯特,9ea39e02d5,br=0 nl=1,2,
inc/event/res/07/me07_02.txt#239#12,"レオンOSと直接のホットラインで
繋がっているからな。すばらしいだろう？
わっはっは。","因为这里与雷昂OS直接连着热线呢。
很厉害吧？哇哈哈。",translated,库拉肯特,5af5e1ce05,br=0 nl=2,3,
inc/event/res/07/me07_02.txt#240#12,"さすが、シェルノトロンの創造主だけのことは
ありますね。","不愧是榭鲁诺特伦的造物主，
果然名不虚传。",translated,莎丽,bfd9ac3c15,br=0 nl=1,2,
inc/event/res/07/me07_02.txt#241#12,"まぁそれもある。だがそれだけではないぞ。
レオン、すなわちネロは、
この隔壁を何枚か挟んだ先にいる。","嗯，这也算是一方面。但不仅如此。
雷昂，也就是妮诺，
就在隔着几道隔壁的前方。",translated,库拉肯特,ad62e92a13,br=0 nl=2,3,
inc/event/res/07/me07_02.txt#242#12,"ここは世界で一番、
シェルノトロンサーバーに近い場所なのだ。","这里可是全世界距离
榭鲁诺特伦服务器最近的地方。",translated,库拉肯特,d71c24c845,br=0 nl=1,2,
inc/event/res/07/me07_02.txt#243#12,"ここまでの回線は、ネロが格納されている
サーバーからダイレクトに引いている。","通往这里的线路，是直接从容纳妮诺的
服务器上接入进来的。",translated,库拉肯特,f412cef3f8,br=0 nl=1,2,
inc/event/res/07/me07_02.txt#244#12,"邪魔も傍受も一切されることなく、
あらゆる情報やログを覗くことができるぞ。","完全不受任何干扰与拦截，
可以窥视所有的情报与日志。",translated,库拉肯特,19c5c639ae,br=0 nl=1,2,
inc/event/res/07/me07_02.txt#245#12,ログ……そうだ、白鷹！,日志……对了，白鹰！,translated,莎丽,a1ef445b37,br=0 nl=0,1,
inc/event/res/07/me07_02.txt#253#12,"やっぱりいない……。
あいつがトロンネットワークに
ログインしてないなんて、めったにない。","果然不在……
那家伙居然没登录特伦网络，
这可是极少见的。",translated,莎丽,b695f0de10,br=0 nl=2,3,
inc/event/res/07/me07_02.txt#254#12,"やっぱり別れたあと、
ジルに何かされたんだろうか……。","果然在分别之后，
被吉鲁做了什么吗……",translated,莎丽,4b35b6e89e,br=0 nl=1,2,
inc/event/res/07/me07_02.txt#255#12,白鷹の行動ログを全部洗うなんて可能……？,全面排查白鹰的行动日志可能做到吗……？,translated,莎丽,a64fa9e890,br=0 nl=0,1,
inc/event/res/07/me07_02.txt#257#12,"できるんだ！
すごい……！","居然真的能做到！
太厉害了……！",translated,莎丽,f0da778423,br=0 nl=1,2,
inc/event/res/07/me07_02.txt#258#12,"……フォーシーズンを出てから
１２時間後にログが途切れてる。","……在离开四季１２小时之后，
日志就中断了。",translated,莎丽,b69c29afd7,br=0 nl=1,2,
inc/event/res/07/me07_02.txt#259#12,そろそろ丸３日になる……まさか、そんな。,算下来都快整整３天了……怎么会这样。,translated,莎丽,87a95495c2,br=0 nl=0,1,
inc/event/res/07/me07_02.txt#260#12,"キャスやター坊にまでもし何かあったら、
僕は……。","如果连凯斯和阿达也遭遇了不测，
我……",translated,莎丽,480e6603d6,br=0 nl=1,2,
inc/event/res/07/me07_02.txt#268#12,"すばらしい！！
ジルという女、やはりただ者ではないな！","太棒了！！
吉鲁那个女人，果然绝非等闲之辈！",translated,库拉肯特,0b449698c0,br=0 nl=1,2,
inc/event/res/07/me07_02.txt#269#12,"この、テロメアを増殖させる粘菌細胞の
研究など、歴史を変える成果になるぞ！！","这项让端粒增殖的粘菌细胞研究，
简直是足以改写历史的成果啊！！",translated,库拉肯特,7e461243f5,br=0 nl=1,2,
inc/event/res/07/me07_02.txt#270#12,"こっちの研究もすごいぞ！
脳細胞やシナプスに走る電気信号から
物質を具象化させる試みだそうだ。","这边的研究也很惊人！
据说是尝试将脑细胞与突触间的电信号
具象化为物质的研究。",translated,库拉肯特,1963d0614e,br=0 nl=2,3,
inc/event/res/07/me07_02.txt#271#12,"これが成功すれば、人工的に{ジェノム}を
創造できるようになる！","只要这项研究成功，
就能人工创造出{杰诺姆}了！",translated,库拉肯特,f0ee661cc4,br=1 nl=1,2,keep-terms {ジェノム}
inc/event/res/07/me07_02.txt#271#14,ラシェーラ人は、ある種の生命と意識を通わす事が出来る。その「生命」とは、あらゆる動物（例えば蝶や鳥、犬など）の中に存在する突然変異体ともいうべき存在で通常の生命と違い３重螺旋以上の遺伝子DNAを持つのである。ラシェーラ人はその突然変異体をジェノムと呼んだ。<CR><CR>ジェノムは、人間のような２重螺旋遺伝子体には絶対に真似のできない「歌によって超常的な力を行使する」能力が備わっている。<CR>だが、ジェノム自身は歌を謳うことは出来ず、また歌うためのエネルギーも足りないため、人間と契約をし、そのエネルギーと声帯を使わせてもらうのである。,拉榭拉人能够与某种特定的生命实现心意相通。该“生命”是存在于各种动物（例如蝴蝶、鸟、犬等）之中的堪称变异体的存在，与普通生命不同，拥有三重螺旋以上的基因DNA。拉榭拉人将这种变异体称作杰诺姆。<CR><CR>杰诺姆具备人类这种双重螺旋基因生命体绝无法效仿的“通过歌声行使超常力量”的本领。<CR>然而，杰诺姆自身无法吟唱诗歌，亦缺乏歌唱所需的充足能量，因此需要与人类缔结契约，借用其能量与声带。,translated,库拉肯特,f501eb7745,<CR> <CR> <CR> br=0 nl=0,1,keep-tags <CR>; src-longest-line=271
inc/event/res/07/me07_02.txt#272#12,"なぁ見ろサーリよ、はっはっは！
こいつは地文の正規の研究者より
１０年は進んでるぞ。","喂，快看啊莎丽，哈哈大笑！
这项成果比起地文的正规研究员
还要先进整整１０年啊。",translated,库拉肯特,9e42ff6e90,br=0 nl=2,3,
inc/event/res/07/me07_02.txt#278#12,何の為に、そんな無茶な研究を……？,究竟是为了什么，要做这种乱来的研究……？,translated,莎丽,50314a47f4,br=0 nl=0,1,
inc/event/res/07/me07_02.txt#279#12,"ふむ。これらの文書をみていると、
ジルはどうやら、人工的な魂の昇華によって
人類を統率する事をしたいらしいな。","唔。纵观这些文献，吉鲁似乎想
通过人工进行灵魂升华，
来实现对人类的统领。",translated,库拉肯特,879d84044e,br=0 nl=2,3,
inc/event/res/07/me07_02.txt#280#12,何ですか、それは！？,那是什么意思！？,translated,莎丽,4ebcb6a071,br=0 nl=0,1,
inc/event/res/07/me07_02.txt#281#12,"論文の主旨記述の所、端々に書かれた
情報から察するに、ジルはジェノムのような
魂のレベルによる階層構造を目指している。","从论文主旨陈述中随处透露的信息推测，
吉鲁的目标是建立类似杰诺姆那种
依照灵魂阶层划分的等级结构。",translated,库拉肯特,21eba2584c,br=0 nl=2,3,
inc/event/res/07/me07_02.txt#282#12,"簡単に言えば、ジェノムはコーザルを
中心とした、魂の成熟度による上下関係が
あるが故に、理想的な社会を築いていると。","简而言之，就是认为杰诺姆以考扎尔为核心、
凭灵魂成熟度形成上下关系，
因而构建起了理想社会。",translated,库拉肯特,148abfe06f,br=0 nl=2,3,
inc/event/res/07/me07_02.txt#283#12,"人間は皆、魂のレベルが同一であって、
それゆえにまとまらず、世界は混沌として
いると、そう憂いでいるようだな。","她似乎认为人类全都处于同一灵魂阶层，
因此人心不齐、世界才会陷入混沌，
并为此深感忧虑。",translated,库拉肯特,fc83d04574,br=0 nl=2,3,
inc/event/res/07/me07_02.txt#284#12,……馬鹿馬鹿しい。,……荒唐至极。,translated,莎丽,2daa0c48e0,br=0 nl=0,1,
inc/event/res/07/me07_02.txt#285#12,"その現状を打破するために、選抜者に対し、
人工的に魂のレベルアップを施すことで
縦社会による理想郷を実現するそうだ。","为了打破这一现状，她打算对选拔出的人群
实施人工的灵魂进阶，
以此实现等级森严的乌托邦。",translated,库拉肯特,9e85df57ad,br=0 nl=2,3,
inc/event/res/07/me07_02.txt#286#12,"やれやれ。
これぞ本当の、マッドサイエンティストだね。","哎呀呀。
这才是名副其实的疯狂科学家啊。",translated,莎丽,dd1a3f555e,br=0 nl=1,2,
inc/event/res/07/me07_02.txt#287#12,"まあ、確かに行きすぎた考え方ではあるな。
しかし、そういった志こそが、このような
最先端の研究を育む原動力になるのだよ。","嗯，想法确实偏激了些。
然而，正是这种不懈的志向，
才成为了孕育出如此尖端研究的动力啊。",translated,库拉肯特,03481375d4,br=0 nl=2,3,
inc/event/res/07/me07_02.txt#288#12,"それに比べて、地文の研究者の
停滞っぷりには目を覆いたくなる。","相比之下，地文研究员们那停滞不前的窘境
实在让人不忍卒睹。",translated,库拉肯特,4edea96a90,br=0 nl=1,2,
inc/event/res/07/me07_02.txt#289#12,やはり、地文は保守的すぎたということだな。,果然还是因为地文过于保守了啊。,translated,库拉肯特,ab89316c7a,br=0 nl=0,1,
inc/event/res/07/me07_02.txt#290#12,"……地文のアイデンティティは、
良くも悪くも保守的であることです。","……地文的本色，
说好听或难听点都是保守。",translated,莎丽,c8ff2a767b,br=0 nl=1,2,
inc/event/res/07/me07_02.txt#291#12,"だからジェノムは絶滅をまぬがれているし、
僕たちも頭でっかちの遺伝子操作人間にならずに
すんでる。","正因如此杰诺姆才免于灭绝，
我们也不至于沦为只懂摆弄基因的怪胎。",translated,莎丽,fbdfbcf780,br=0 nl=2,3,
inc/event/res/07/me07_02.txt#292#12,"はっはっは、やはり君は賢いな。
父親に似ずジョークもウィットも通じて、
話していて実に楽しい。","哈哈哈，你果然聪明。
不像你父亲，你既懂玩笑又有风趣，
和你聊天真是畅快。",translated,库拉肯特,8ec2506b58,br=0 nl=2,3,
inc/event/res/07/me07_02.txt#293#12,光栄ですよ、博士。,承蒙夸奖，博士。,translated,莎丽,efa7e3bf68,br=0 nl=0,1,
inc/event/res/07/me07_02.txt#294#12,"博士。
父と一緒に働いていたときのことを
教えてください。言える範囲で。","博士。
请跟我讲讲以前和我父亲共事时的事吧。
在能透露的范围内就行。",translated,莎丽,ab0dafe508,br=0 nl=2,3,
inc/event/res/07/me07_02.txt#295#12,"ふむ……まぁ君になら言えることもあるかな。
処理待ちの間は暇でもあるし。","唔……好吧，对你倒是可以说一些。
反正等待处理的期间也闲着无事。",translated,库拉肯特,d89da47b16,br=0 nl=1,2,
inc/event/res/07/me07_02.txt#296#12,"ネプツールと仕事をしていたのは、
まだこのジェノミライ研究所が
普通に稼動していたころだ。","我和尼普楚尔共事，
还是这所杰诺米莱伊研究所
正常运转时的事。",translated,库拉肯特,4dec486980,br=0 nl=2,3,
inc/event/res/07/me07_02.txt#297#12,"その後、ともに天文に移籍して、
１年ほど一緒に研究を続けたが……。
まぁそちらはむしろつまらない仕事だ。","之后我们一同转籍去了天文，
共同研究了大约１年……
不过那边的差事倒是挺无聊的。",translated,库拉肯特,1098b88e0d,br=0 nl=2,3,
inc/event/res/07/me07_02.txt#299#12,"ジェノミライの存在は、当時の最高機密だ。
天文地文双方からの期待を浴びた、
世界最高最先端の研究だった。","杰诺米莱伊的存在是当年的最高机密。
它承载了天文与地文双方的厚望，
是全世界最高尖端的研究机构。",translated,库拉肯特,48b6832398,br=0 nl=2,3,
inc/event/res/07/me07_02.txt#300#12,その当時というと……移民計画の推進、ですか？,那个时期的话……是指推进移民计划吗？,translated,莎丽,55650873bc,br=0 nl=0,1,
inc/event/res/07/me07_02.txt#301#12,"いや、残念ながら移民計画の主体だった
ソレイル計画はすでに頓挫しかけていた。
天文も地文も、技術革新を求めていた。","不，遗憾的是作为移民计划主体的
太阳号计划当时就已经濒临受挫了。
天文和地文都在寻求技术革新。",translated,库拉肯特,2f4ad319a9,br=0 nl=2,3,
inc/event/res/07/me07_02.txt#302#12,"そんなとき、ラシェーラの大深度地下、
すなわちこの場所に、
太古の遺産が発見されたのだ。","正在那时，在拉榭拉的大深度地下，
也就是这个地方，
发现了太古的遗迹。",translated,库拉肯特,f6bf070579,br=0 nl=2,3,
inc/event/res/07/me07_02.txt#303#12,"地下の遺産？
そんなものが最先端の研究？","地下的遗迹？
那种东西算得上最尖端的研究吗？",translated,莎丽,b497c6e2c7,br=0 nl=1,2,
inc/event/res/07/me07_02.txt#304#12,"いやいや、それこそが最後の希望に
なったのだよ。",不不不，那才是我们最后的希望所在啊。,translated,库拉肯特,b839ca7eb5,br=0 nl=1,2,
inc/event/res/07/me07_02.txt#305#12,"研究が始まってすぐに判明した。
それはいわゆるロストテクノロジーでな、
科学的水準は我々を遥かにしのいでいた。","研究一开始便水落石出了。
那是所谓的失落科技，
其科学水准远远凌驾于我们之上。",translated,库拉肯特,40b64c93f2,br=0 nl=2,3,
inc/event/res/07/me07_02.txt#306#12,"超越的とも言えるそのテクノロジーを
解明し吸収するために造られたのが、
このジェノミライ研究所なのだよ。","为了阐明并吸纳那堪称超验的科技，
才特意建造了这所杰诺米莱伊研究所。",translated,库拉肯特,4f80f24c72,br=0 nl=2,3,
inc/event/res/07/me07_02.txt#307#12,父のそこでの仕事は？,我父亲在里面的工作是？,translated,莎丽,57ae23aecd,br=0 nl=0,1,
inc/event/res/07/me07_02.txt#308#12,"ネプツールは……うむ、正直ヤツは
技術者としてはさほど優秀ではなかった。","尼普楚尔啊……唔，老实讲，
作为技术人员他并不算多么出众。",translated,库拉肯特,27007e069e,br=0 nl=1,2,
inc/event/res/07/me07_02.txt#309#12,"知識や発想力で言えばグレイコフの方が
数段上だったな。",要论知识与构想力，古雷柯夫还要高出他数个档次。,translated,库拉肯特,f6d0f5ea11,br=0 nl=1,2,
inc/event/res/07/me07_02.txt#310#12,"だが、ネプツールはとにかく物事の整理が
とてつもなく上手かったのだよ。","但是，尼普楚尔在整理归纳方面
却出奇地拿手。",translated,库拉肯特,b7d7410e3a,br=0 nl=1,2,
inc/event/res/07/me07_02.txt#311#12,"膨大な資料や研究成果を一瞬にして統計立てて、
問題点と解決への道筋を洗い出してみせた。","他能在一瞬间将庞大的资料与研究成果梳理成体系，
把问题症结与解决途径清晰地排查出来。",translated,库拉肯特,9b05646930,br=0 nl=1,2,
inc/event/res/07/me07_02.txt#312#12,"ジェノミライがさまざまな革新的発見を
モノにできたのは、君のお父さんのおかげと
言っても過言ではない。","杰诺米莱伊能够攻克诸多革新性发现，
说全靠你父亲的功劳也绝不为过。",translated,库拉肯特,9034e6aef3,br=0 nl=2,3,
inc/event/res/07/me07_02.txt#315#12,"あと、あいつとはゲームで気が合ったなぁ。
リバーシブルストーンなど、毎日やった。
９８４勝３２敗で私の圧勝だがね。","还有，我和那家伙玩游戏很合得来呢。
像黑白棋什么的，每天都会玩。
９８４胜３２负，是我压倒性胜利就是了。",translated,库拉肯特,07cb88f5d6,br=0 nl=2,3,
inc/event/res/07/me07_02.txt#316#12,"ほかにも、ニュロスティックのキャラメル味を
賭けて量子スピンの方向当てとかな。","此外还曾拿焦糖味的喵洛棒作赌注，
去猜量子自旋的方向之类的呢。",translated,库拉肯特,f603ddb139,br=0 nl=1,2,
inc/event/res/07/me07_02.txt#317#12,"おーそうだ、君、そこの棚にある
ニュロスティックを取ってくれないか。
今日はまだ食べていなかった。","哦对对，你能帮我拿下
那边架子上的喵洛棒吗。
我今天还没吃过呢。",translated,库拉肯特,f2e0c15ccf,br=0 nl=2,3,
inc/event/res/07/me07_02.txt#318#12,はいはい。,好的好的。,translated,莎丽,1ce138f2f1,br=0 nl=0,1,
inc/event/res/07/me07_02.txt#328#12,"ふふふ、やっぱりこれがないとな。
頭が回らんな。君も一本どうかね。","呵呵呵，果然没这东西可不行啊。
脑子都转不动了。你要不要也来一根？",translated,库拉肯特,d53b6dc8fb,br=0 nl=1,2,
inc/event/res/07/me07_02.txt#329#12,"いりません。
というより、こんなものをどこで？
ずっとここから出ていないんでしょう？","我不要。
话说回来，这种东西是从哪弄来的？
你不是一直都没离开过这里吗？",translated,莎丽,1a2e0b0c94,br=0 nl=2,3,
inc/event/res/07/me07_02.txt#331#12,"なぁに大したことじゃない。
ここを管理しているPLASMAの詰め所が
あるだろう？","嗨，这算不得什么难事。
这附近不是有管辖这里的
PLASMA的值班室吗？",translated,库拉肯特,599331f6e2,br=0 nl=2,3,
inc/event/res/07/me07_02.txt#332#12,"そこの警備の連中の物品発注リストに
こういうものの注文をまぎれさせるのだ。","只要把这类东西的订单，
混进那帮警卫的订购清单里就行了。",translated,库拉肯特,b5c594b14f,br=0 nl=1,2,
inc/event/res/07/me07_02.txt#333#12,"すると連中の物流に乗って、
ニュロスティックだろうが
ねりねらねろねだろうが何でもやって来る。","这样借着他们的物流，
无论是喵洛棒还是捏哩涅拉涅露捏，
全都会送过来。",translated,库拉肯特,5cc9c58067,br=0 nl=2,3,
inc/event/res/07/me07_02.txt#334#12,"詰め所の食品倉庫は管理がずさんでな。
そこに開けた量子扉からちょちょいと失敬する、
という寸法だ。","值班室的食品仓库管理松懈得很。
只要从开在那里的量子门顺手牵羊拿过来，
就万事大吉了。",translated,库拉肯特,16e0f88256,br=0 nl=2,3,
inc/event/res/07/me07_02.txt#335#12,はあぁ……。,唉……,translated,莎丽,b613ce06b7,br=0 nl=0,1,
inc/event/res/07/me07_02.txt#336#12,"一度興味本位でシュールストレミングの缶を
発注してな。あれはイカン。缶切りを
立てた途端に爆発してえらい目にあった。","有一次我出于好奇订了鲱鱼罐头。
那玩意可不行。开罐器才刚戳下去
就直接爆炸了，可把我整惨了。",translated,库拉肯特,c5e5d1c8a9,br=0 nl=2,3,
inc/event/res/07/me07_02.txt#337#12,"あの臭いはシャレにならんな、
思わず封鎖区画の中に封鎖区画を
作ってしまった。たまに入るがまだ臭う。","那股恶臭真不是开玩笑的，
我情不自禁在封锁区里又造了个封锁区。
偶尔进去一次，居然到现在还有臭味。",translated,库拉肯特,f85c11426e,br=0 nl=2,3,
inc/event/res/07/me07_02.txt#338#12,うふふ……。,呵呵……,translated,莎丽,b6260b0240,br=0 nl=0,1,
inc/event/res/07/me07_02.txt#339#12,"ん？　何の話だったかな？
まぁとにかく、ネプツールも有用な私の部下
だったのだよ。","嗯？刚才聊到哪来着？
总之，尼普楚尔也是我得力的部下啊。",translated,库拉肯特,6f703f1ac8,br=0 nl=2,3,
inc/event/res/07/me07_02.txt#340#12,そうなんですね。,原来是这样啊。,translated,莎丽,9bdfadd609,br=0 nl=0,1,
inc/event/res/07/me07_02.txt#341#12,その、革新的な発見というのはたとえば？,那个，所谓革新性的发现比如有什么？,translated,莎丽,332215484d,br=0 nl=0,1,
inc/event/res/07/me07_02.txt#342#12,"もっとも大きなものは、
次元間航行を可能にする技術だった。","最重大的成果，
就是实现了跨次元航行的技术。",translated,库拉肯特,366fc63a30,br=0 nl=1,2,
inc/event/res/07/me07_02.txt#343#12,次元間航行……。,跨次元航行……,translated,莎丽,e31724f615,br=0 nl=0,1,
inc/event/res/07/me07_02.txt#344#12,"うむ。３軸から７軸をカバーする
移動方法のすべてだ。","嗯。涵盖了从３轴到７轴的
一切空间移动手段。",translated,库拉肯特,dedc81ec03,br=0 nl=1,2,
inc/event/res/07/me07_02.txt#345#12,"すなわち、瞬間移動、時間航行、
パラレルワールド遷移。","也就是瞬间移动、时间航行、
平行世界跳跃。",translated,库拉肯特,e8ecb2dcc5,br=0 nl=1,2,
inc/event/res/07/me07_02.txt#346#12,そして、異世界航行。,以及，异世界航行。,translated,库拉肯特,2da6aecac5,br=0 nl=0,1,
inc/event/res/07/me07_02.txt#347#12,その技術で、イオナサルを……。,就是用那项技术，把依欧娜萨鲁给……,translated,莎丽,304168cd04,br=0 nl=0,1,
inc/event/res/07/me07_02.txt#348#12,"……その通りだ。
我々はそのとき、おごりたかぶっていたのだ。","……正如你所言。
我们当时实在是骄傲自满得过了头。",translated,库拉肯特,2f4b09927e,br=0 nl=1,2,
inc/event/res/07/me07_02.txt#349#12,"この世界のすべてを知ることができる
技術を手に入れたのだと。","自以为掌握了能够通晓
这个世界一切奥秘的尖端技术。",translated,库拉肯特,897e4ad9de,br=0 nl=1,2,
inc/event/res/07/me07_02.txt#350#12,"だが、すべてを知ることと、
世界を良い方向へ導くこととは、
イコールではなかったのだ……。","然而，知晓一切与指引世界走向美好，
这两者之间根本不能画上等号啊……",translated,库拉肯特,766458add8,br=0 nl=2,3,
inc/event/res/07/me07_02.txt#354#12,よいか、サーリよ。,听好了，莎丽。,translated,库拉肯特,73067ab37b,br=0 nl=0,1,
inc/event/res/07/me07_02.txt#355#12,はい。,是。,translated,莎丽,8b9236cd4b,br=0 nl=0,1,
inc/event/res/07/me07_02.txt#356#12,"君には何度も伝えてきたが、
イオナサルの存在によってこの世界は
崩壊へと向かっておる。","我已经对你强调过无数次了，
正是因为依欧娜萨鲁的存在，
这个世界才正在步向崩溃。",translated,库拉肯特,aa275a86e6,br=0 nl=2,3,
inc/event/res/07/me07_02.txt#357#12,"だから、イオナサルは何としても、
何が何でも元のセカイへ還さねばならん。","所以，无论如何、哪怕付出任何代价，
也必须把依欧娜萨鲁送回原本的世界。",translated,库拉肯特,8b5402fcd9,br=0 nl=1,2,
inc/event/res/07/me07_02.txt#358#12,それはわかってます……けれど。,这个我明白……但是。,translated,莎丽,94521d9f8a,br=0 nl=0,1,
inc/event/res/07/me07_02.txt#359#12,"イオナサルはいま、自分のセカイに
戻りたいと思っていないようなんです。","依欧娜萨鲁现在，
似乎并不想回到自己的世界去。",translated,莎丽,a390f1ea1d,br=0 nl=1,2,
inc/event/res/07/me07_02.txt#360#12,"何だと！？
まさか、あの娘はすでに天文の思想に
毒されて……。","你说什么！？
难道那姑娘已经被天文的思想毒害了……",translated,库拉肯特,55f01a5490,br=0 nl=2,3,
inc/event/res/07/me07_02.txt#361#12,"それはありません、
そうなら僕は彼女を連れてきてはいません。","绝无此事，
若真那样我也不会带她来这里了。",translated,莎丽,5e13bf2cf6,br=0 nl=1,2,
inc/event/res/07/me07_02.txt#362#12,"そうではなく、イオナサルはこの世界を
救いたい、場合によっては皇帝になって
世界を守りたいと本気で思っています。","并非如此，依欧娜萨鲁是真心想要拯救世界，
甚至做好了在必要时成为皇帝来守护世界的准备。",translated,莎丽,a31927c081,br=0 nl=2,3,
inc/event/res/07/me07_02.txt#363#12,"ならん！！
絶対にだ！！","不行！！
绝对不可以！！",translated,库拉肯特,22cfe6c50f,br=0 nl=1,2,
inc/event/res/07/me07_02.txt#364#12,"ネロがこの世界にいることで
太陽が膨張を始めてしまった。","因为妮诺存在于这个世界，
太阳才开始膨胀的。",translated,库拉肯特,ceaf629f4c,br=0 nl=1,2,
inc/event/res/07/me07_02.txt#365#12,"だがな、ほかの誰も知らないことだが、
異常が起きているのは太陽だけではない！","但是，其他任何人都不知道，
发生异常的绝非仅仅只有太阳！",translated,库拉肯特,818015a785,br=0 nl=1,2,
inc/event/res/07/me07_02.txt#366#12,"イオナサルがラシェーラに現れたことで、
宇宙のダークマター全体がこの惑星の──","由于依欧娜萨鲁出现在拉榭拉，
全宇宙的暗物质都朝着这颗行星的――",translated,库拉肯特,7dec4531fb,br=0 nl=1,2,
inc/event/res/07/me07_02.txt#367#12,"そう、イオナサルとネロに引き寄せられて
落ちてきているのだ！","没错，它们被依欧娜萨鲁与妮诺吸引着，
正在不断坠落下来！",translated,库拉肯特,1d999137d3,br=0 nl=1,2,
inc/event/res/07/me07_02.txt#368#12,"よいかサーリ、これは私情を挟めるレベルの
事態ではない。
この世界が生きるか死ぬかの問題なのだ。","听好莎丽，这绝不是能掺杂私情的事态。
这是关乎这个世界存亡的问题。",translated,库拉肯特,b9311c183e,br=0 nl=2,3,
inc/event/res/07/me07_02.txt#369#12,"イオナサルは絶対に還す。
君も協力するんだ、よいな！？","无论如何必须把依欧娜萨鲁送回去。
你也必须协助我，明白了吗！？",translated,库拉肯特,b4d21d5930,br=0 nl=1,2,
inc/event/res/07/me07_02.txt#370#12,……はい。,……好的。,translated,莎丽,4628bdaa68,br=0 nl=0,1,
inc/event/res/07/me07_02.txt#378#12,ッ！？,唔！？,translated,库拉肯特,7680e63062,br=0 nl=0,1,
inc/event/res/07/me07_02.txt#379#12,いまのはっ！？,刚才那是！？,translated,莎丽,48e6b038cb,br=0 nl=0,1,
inc/event/res/07/me07_02.txt#384#12,クラケット博士、でいらっしゃいますね。,您就是库拉肯特博士吧。,translated,？？？,f8edb20c88,br=0 nl=0,1,
inc/event/res/07/me07_02.txt#385#12,誰だ！！,谁！！,translated,库拉肯特,3cf53f9731,br=0 nl=0,1,
inc/event/res/07/me07_02.txt#390#12,私は──。,我是――,translated,蕾娜露露,2b6a2cec8d,br=0 nl=0,1,
inc/event/res/07/me07_02.txt#397#12,"その制服、わかってるぞ！
PLASMAの手先め！","看你那身制服，我就全明白了！
PLASMA的走狗！",translated,库拉肯特,d67c70b7f0,br=0 nl=1,2,
inc/event/res/07/me07_02.txt#398#12,"サーリよ、離れるんじゃないぞ。
私が守るからな。","莎丽，千万别离开我身边。
我会保护你的。",translated,库拉肯特,4b39e6e39d,br=0 nl=1,2,
inc/event/res/07/me07_02.txt#400#12,"どうしてここがわかった！
どうやって量子扉を！","你们是怎么发现这里的！
又是怎么通过量子门的！",translated,库拉肯特,50ea3983f5,br=0 nl=1,2,
inc/event/res/07/me07_02.txt#401#12,"部下に解読させました。
さすがの暗号化でした、PLASMAでなければ
復号は絶対不可能だったでしょう。","是我让部下破译的。
不愧是大师级的加密手段，若非PLASMA，
换作旁人恐怕绝对无法解密吧。",translated,蕾娜露露,3633fd1e19,br=0 nl=2,3,
inc/event/res/07/me07_02.txt#402#12,"私はもう天文とは縁を切ったのだ！
放っておいてくれ！！","我已经与天文彻底断绝关系了！
别来管我！！",translated,库拉肯特,35f75cfacb,br=0 nl=1,2,
inc/event/res/07/me07_02.txt#404#12,さぁ、ここを出て行け！,快给我从这里滚出去！,translated,库拉肯特,8c88ee7a02,br=0 nl=0,1,
inc/event/res/07/me07_02.txt#405#12,……博士――,……博士――,translated,蕾娜露露,4495bae558,br=0 nl=0,1,
inc/event/res/07/me07_02.txt#406#12,"いいや、何も言うな。わかっとるぞ。
私を拘束すると言うのだろう？
いいだろう、すでに覚悟の上だ。","不，什么都别说了。我心里清楚得很。
你是想说要把我抓起来对吧？
悉听尊便，我早就做好心理准备了。",translated,库拉肯特,04be8d0bd4,br=0 nl=2,3,
inc/event/res/07/me07_02.txt#407#12,"私はどうなってもかまわん、
だがこの娘には手を出すな。
この子は関係ない、いいな！！","我变成怎样都无所谓，
但休想碰这姑娘一根汗毛。
这孩子与此事无关，听懂了吗！！",translated,库拉肯特,cd14a5994c,br=0 nl=2,3,
inc/event/res/07/me07_02.txt#408#12,"……失礼しました。
突然現れたことはお詫びします。","……失礼了。
突兀造访一事，我深表歉意。",translated,蕾娜露露,b1bec38e7d,br=0 nl=1,2,
inc/event/res/07/me07_02.txt#409#12,"そして、我々に協力をする意思がない
ということは承知いたしました。","我也已明白，
您并无意向与我们进行合作。",translated,蕾娜露露,60b0876e78,br=0 nl=1,2,
inc/event/res/07/me07_02.txt#410#12,"今日のところは退かせていただきます。
あなたの生存は我々にとってもイレギュラー。","今天我等就先行撤退了。
您的幸存对我方而言也是意料之外的变数。",translated,蕾娜露露,250a3379a8,br=0 nl=1,2,
inc/event/res/07/me07_02.txt#411#12,本部に指示を仰がねばなりません。,我们必须请示本部的指示。,translated,蕾娜露露,5cff4bbd1c,br=0 nl=0,1,
inc/event/res/07/me07_02.txt#412#12,"……もし我々にご協力いただける気に
なられたら私のトロンにご連絡ください。","……若您改变主意愿意协助我们，
请联络我的特伦。",translated,蕾娜露露,a6ad2d8e10,br=0 nl=1,2,
inc/event/res/07/me07_02.txt#413#12,アドレスを置いておきます。,联络地址我就留在这里了。,translated,蕾娜露露,9c90ca8c7a,br=0 nl=0,1,
inc/event/res/07/me07_02.txt#416#12,では……。,那么告辞了……,translated,蕾娜露露,3bb65591ac,br=0 nl=0,1,
inc/event/res/07/me07_02.txt#423#12,……はぁっ。,……呼。,translated,莎丽,657fb64f81,br=0 nl=0,1,
inc/event/res/07/me07_02.txt#428#12,"危なかったな……。
だが、ここの存在を知られてしまった。","好险啊……
不过，这里的位置已经被发现了。",translated,库拉肯特,6d559465cf,br=0 nl=1,2,
inc/event/res/07/me07_02.txt#429#12,"ジルのデータの解析を終えたら、
ここを捨てよう。君も手伝ってくれ。","等解析完吉鲁的数据，
就放弃这里吧。你也来帮我。",translated,库拉肯特,1d561161f8,br=0 nl=1,2,
inc/event/res/07/me07_02.txt#430#12,わかりました。,明白了。,translated,莎丽,731afb2a1a,br=0 nl=0,1,
inc/event/res/07/me07_03.txt#25#12,"おお、イオナサル！
カノイールも！","哦哦，依欧娜萨鲁！
卡诺伊尔也来了！",translated,库拉肯特,f15f9a84f1,br=0 nl=1,2,
inc/event/res/07/me07_03.txt#26#12,"イオナサル、良いところに帰って来たな！
すごいぞ、飛躍的な進展があった！！","依欧娜萨鲁，你回得正是时候！
太厉害了，有了飞跃性的进展！！",translated,库拉肯特,fbaac4acec,br=0 nl=1,2,
inc/event/res/07/me07_03.txt#27#12,ど、どうしたんですか？,怎、怎么了吗？,translated,依恩,42fb2336e0,br=0 nl=0,1,
inc/event/res/07/me07_03.txt#28#12,"はっはっは！
私はね、君の細胞に適合する精神波を持つ
生命を創ろうとしていたのだ。","哈哈大笑！
我原本打算创造一个具有
能与你细胞相吻合的精神波的生命。",translated,库拉肯特,cc047f761c,br=0 nl=2,3,
inc/event/res/07/me07_03.txt#29#12,"そのために、ジルのデータベースにあった
さまざまなDNAサンプルを
検索していたのだが──","为此我检索了吉鲁数据库里的
形形色色的DNA样本，然而――",translated,库拉肯特,fba3fad0ef,br=0 nl=2,3,
inc/event/res/07/me07_03.txt#30#12,"なんと創り出すまでもなく、
君と完全適合する人間がいることが
わかったんだ！","没想到根本无需大费周章去创造，
就已经存在着与你完全契合的人类了！",translated,库拉肯特,4a9d015b9f,br=0 nl=2,3,
inc/event/res/07/me07_03.txt#31#12,誰だったと思うかね！？,你猜猜会是谁！？,translated,库拉肯特,fb1fa03b65,br=0 nl=0,1,
inc/event/res/07/me07_03.txt#32#12,さ、さぁ……想像もつかない、です。,这个嘛……我完全想象不出来。,translated,依恩,8b523f99b7,br=0 nl=0,1,
inc/event/res/07/me07_03.txt#33#12,君との詩魔法的適合者だ、わからんか？,"是在诗魔法上与你完全契合的人啊，
想不到吗？",translated,库拉肯特,738f59f511,br=0 nl=0,1,
inc/event/res/07/me07_03.txt#34#12,は……い？,哎……？,translated,依恩,81ea0d1629,br=0 nl=0,1,
inc/event/res/07/me07_03.txt#35#12,"なんとネイだ！！
君といつも一緒にいる、ネイなのだよ！","居然是妮伊！！
就是总是和你形影不离的那个妮伊啊！",translated,库拉肯特,cab822b0e0,br=0 nl=1,2,
inc/event/res/07/me07_03.txt#36#12,"ど、どうしてクラケットさんが
ネイちゃんのこと知ってるんですか？","库、库拉肯特先生
怎么会认识妮伊呢？",translated,依恩,9e6505508d,br=0 nl=1,2,
inc/event/res/07/me07_03.txt#37#12,"あぁ、そんなことはどうでも良い。
それより、その適合度だ！","啊，那种事无关紧要。
更重要的是契合度！",translated,库拉肯特,446942278e,br=0 nl=1,2,
inc/event/res/07/me07_03.txt#38#12,"エネルギー効率が99.999%！
奇跡的な数値だ！　この意味がわかるかね？","能量效率高达99.999%！
这可是奇迹般的数值！明白这意味着什么吗？",translated,库拉肯特,8f484660de,br=0 nl=1,2,
inc/event/res/07/me07_03.txt#39#12,い、いえ……。,不、不明白……,translated,依恩,4a75f57436,br=0 nl=0,1,
inc/event/res/07/me07_03.txt#40#12,"もしこれが自然界の摂理の中で
もたらされたものであれば、
まさに天文学的確率だ。","如果这是自然法则孕育出的巧合，
那概率简直堪比天文学数字。",translated,库拉肯特,7469da4612,br=0 nl=2,3,
inc/event/res/07/me07_03.txt#47#12,"そうでなければ……人為的に創られたか。
まさか、ジルか！？","如果不是……那就是人为制造出来的。
难道说，是吉鲁干的！？",translated,库拉肯特,86633bd7fb,br=0 nl=1,2,
inc/event/res/07/me07_03.txt#48#12,"君を利用するため、ネイを実験台に
することまでやってのけたというのか……？","难道她为了利用你，
甚至不惜把妮伊当作了实验体吗……？",translated,库拉肯特,1151bf64e2,br=0 nl=1,2,
inc/event/res/07/me07_03.txt#52#12,ネ、ネイちゃんが実験台？,妮、妮伊是实验体？,translated,依恩,1965a91159,br=0 nl=0,1,
inc/event/res/07/me07_03.txt#54#12,"とにかくだ、これで私は人造人間を
創らずにすむ！",总之，这样我就不需要去制造人造人了！,translated,库拉肯特,78ac994aff,br=0 nl=1,2,
inc/event/res/07/me07_03.txt#55#12,"完全適合などまずあり得んからな、
創り出すしかないと思っていたのだが。
これは良い方向に誤算だった！","本以为完全契合是绝不可能的，
唯有亲手制造一条路可走。
这可真是一个天大的好消息！",translated,库拉肯特,426ae79bf3,br=0 nl=2,3,
inc/event/res/07/me07_03.txt#56#12,"サーリよ、さっそくネイを呼び寄せる
準備をするのだ。",莎丽，立刻着手准备把妮伊叫过来。,translated,库拉肯特,08032c5a50,br=0 nl=1,2,
inc/event/res/07/me07_03.txt#57#12,"そしてここは捨てる。
さっきPLASMAに見つかったからな。","然后放弃这里。
刚才已经被PLASMA发现了。",translated,库拉肯特,3125f52036,br=0 nl=1,2,
inc/event/res/07/me07_03.txt#58#12,"一刻も早く、イオナサルを元のセカイへ還す！
みなで『{力場}』に向かうぞ！","刻不容缓，必须把依欧娜萨鲁送回原世界！
大家一同前往‘{力场}’！",translated,库拉肯特,769aa26d3a,br=1 nl=1,2,keep-terms {力場}
inc/event/res/07/me07_03.txt#58#14,縦貫坑道の奥深くにあるジェノミライ。そこからさらに奥深く進んだ先にあるのが『大深度地下エネルギー圧縮施設』、通称『力場』である。<CR>ここにはクラケットが長い年月をかけて製造した巨大な真空管が設置されており、この真空管とチェインして詩魔法を詠唱することで周辺の物質が収束及び超圧縮され膨大なエネルギーを秘めた一つの塊となる。そのエネルギーを用いることによって次元移動すらも可能とすることができるのである。<CR>ただし、この収束と圧縮は詩魔法詠唱者の周囲を除く全てを無差別に行うため、詠唱中、力場周辺は非常に危険な状態となる。いわば小さなブラックホールを生み出すようなものである。,位于纵贯坑道深处的杰诺米莱伊。从该处进一步向深处进发后抵达的，便是“大深度地下能量压缩设施”，通称“力场”。<CR>这里安装有库拉肯特历经悠久岁月制造的巨大真空管，通过与该真空管连锁并咏唱诗魔法，周遭的物质将被收束并进行超压缩，凝聚成蕴含庞大能量的集合体。利用该能量，甚至连跨越次元的移动也能够实现。<CR>然而，这项收束与压缩会对除诗魔法咏唱者周围以外的一切事物无差别进行，因此在咏唱期间，力场周围将处于极度危险的状态。可以说宛如创造出了一个微型黑洞。,translated,库拉肯特,cab5be51c6,<CR> <CR> br=0 nl=0,1,keep-tags <CR>; src-longest-line=291
inc/event/res/07/me07_03.txt#59#12,"待ってください博士、
コトが性急過ぎます！","请等一下博士，
这事情也太操之过急了！",translated,莎丽,5aa788b6e8,br=0 nl=1,2,
inc/event/res/07/me07_03.txt#60#12,"何が性急なものか！
すでに遅すぎるくらいなのだ。
さぁ早く、ネイを呼ぶのだ！","哪里操之过急了！
现在动手甚至都嫌太迟了。
快点，去把妮伊叫来！",translated,库拉肯特,9d61ee93c7,br=0 nl=2,3,
inc/event/res/07/me07_03.txt#61#12,"私も準備を進めながら力場で待つ。
さぁ行こう、イオナサル！","我也一边做准备一边在力场等候。
走吧，依欧娜萨鲁！",translated,库拉肯特,1497fdbe85,br=0 nl=1,2,
inc/event/res/07/me07_03.txt#62#12,あっ、あの、力場って……？,啊，那个，力场是……？,translated,依恩,b2f06587a5,br=0 nl=0,1,
inc/event/res/07/me07_03.txt#63#12,"あらかじめ私が造っておいたのだ。
君を元のセカイへ還すために設計した、
詩魔法を発動するためのポイントだ。","是我预先建造好的场所。
为了将你送回原世界而设计的、
用于发动诗魔法的据点。",translated,库拉肯特,abd2fa3cc6,br=0 nl=2,3,
inc/event/res/07/me07_03.txt#64#12,"もう計算は終わっているし、
エネルギー遮蔽用の隔壁坑も掘ってある。","测算已经全部完毕，
用于遮蔽能量的隔壁竖井也已掘好。",translated,库拉肯特,64f801f839,br=0 nl=1,2,
inc/event/res/07/me07_03.txt#65#12,"発動後に身の安全を確保するための
詠唱用ブイも──",为了在发动后确保自身安全的咏唱浮筒也――,translated,库拉肯特,7f98cba2c4,br=0 nl=1,2,
inc/event/res/07/me07_03.txt#77#12,それは素敵ね。,那可真是太棒了呢。,translated,？？？,6df0868c5e,br=0 nl=0,1,
inc/event/res/07/me07_03.txt#78#12,"ッ！
サーリちゃん！","唔！
莎丽！",translated,依恩,55119e6564,br=0 nl=1,2,
inc/event/res/07/me07_03.txt#79#12,んぉ！？,嗯噢！？,translated,库拉肯特,430cb434d3,br=0 nl=0,1,
inc/event/res/07/me07_03.txt#88#12,"ジル！！
どうしてここが……！","吉鲁！！
你怎么会知道这里……！",translated,莎丽,6775b110fd,br=0 nl=1,2,
inc/event/res/07/me07_03.txt#89#12,"言ったでしょう？　私はあなたたちを
事故死扱いにさせる事だって出来たのよ？","我不是说过了吗？
我甚至有办法让你们被当作意外事故死亡哦？",translated,吉鲁,ae8b4cc2f6,br=0 nl=1,2,
inc/event/res/07/me07_03.txt#90#12,"交通局にあなたのワイヤレスシップの
行き先を教えてもらうことくらい、
ワケ無いことよ。","向交通局打听你们无线导船的目的地，
不过是轻而易举的小事罢了。",translated,吉鲁,1b82e16551,br=0 nl=2,3,
inc/event/res/07/me07_03.txt#91#12,"それに、私はここの元研究所員ですもの。
施設や構造は、ほぼ全て把握してるわ。","更何况我以前也是这里的研究所员。
对于这里的设施和结构，我几乎了如指掌。",translated,吉鲁,c0168def4c,br=0 nl=1,2,
inc/event/res/07/me07_03.txt#92#12,くっ……！,可恶……！,translated,莎丽,860177663c,br=0 nl=0,1,
inc/event/res/07/me07_03.txt#93#12,"クラケット博士。
力場の場所は私も知りたいですわ。","库拉肯特博士。
关于力场的位置，我也很想知道呢。",translated,吉鲁,2d3e3d484a,br=0 nl=1,2,
inc/event/res/07/me07_03.txt#94#12,ッ……！,唔……！,translated,吉鲁,b47746e822,br=0 nl=0,1,
inc/event/res/07/me07_03.txt#95#12,"そちらにいらっしゃるのは
地文皇女カノイールさまではありませんか！","在那边的那位，
不正是地文皇女卡诺伊尔殿下吗！",translated,吉鲁,31b79c1b8d,br=0 nl=1,2,
inc/event/res/07/me07_03.txt#96#12,"お会いできて光栄です、陛下。
私は地文の研究者ジル。","能与您相见真是三生有幸，陛下。
我是地文的研究员吉鲁。",translated,吉鲁,7e69375e34,br=0 nl=1,2,
inc/event/res/07/me07_03.txt#97#12,"あなたさまは真実を求めておられる。
その解明の手伝いをするよう、
ある人から申しつかっております。","殿下您正在追寻真相。
我受某人之托，前来协助您查明这一切。",translated,吉鲁,123d609ce1,br=0 nl=2,3,
inc/event/res/07/me07_03.txt#98#12,"ある人？
それは誰です。","某人？
那是谁。",translated,卡诺,57ec94ff62,br=0 nl=1,2,
inc/event/res/07/me07_03.txt#99#12,"この状況では申せません。
ですが、あなたさまと大変ゆかりの
ある方ですわ。","在眼下这种状况下我无法透露。
不过，那是一位与殿下渊源极深的人物。",translated,吉鲁,d2fe1f7e2e,br=0 nl=2,3,
inc/event/res/07/me07_03.txt#101#12,"そうか、君がジリリウムか……
研究成果は見せてもらった、
実にすばらしいものばかりだったよ。","原来如此，你就是吉利利姆吗……
你的研究成果我已经拜读过了，
全都是极其卓越的杰作啊。",translated,库拉肯特,6c664bb3d5,br=0 nl=2,3,
inc/event/res/07/me07_03.txt#102#12,"お褒めにあずかり光栄……
と言いたいところですが。","承蒙夸奖不胜荣幸……
虽说本该这么客套一句。",translated,吉鲁,c679654c5a,br=0 nl=1,2,
inc/event/res/07/me07_03.txt#103#12,"盗人猛々しいとはこのことだわ！
サーリ、あなたも一応褒めてあげる。
私の研究室を攻略するなんてね。","但所谓贼喊捉贼就是指这种事吧！
莎丽，我也勉强夸奖你一句好了。
居然能攻破我的研究室呢。",translated,吉鲁,fa5f6b3629,br=0 nl=2,3,
inc/event/res/07/me07_03.txt#106#12,く、苦し……！,咳、好难受……！,translated,莎丽,46c8374f94,br=0 nl=0,1,
inc/event/res/07/me07_03.txt#107#12,やめてっ！,快住手！,translated,依恩,1d5cae8c98,br=0 nl=0,1,
inc/event/res/07/me07_03.txt#108#12,きゅう、きゅう！,啾呜、啾呜！,translated,泰雷芬肯,c3d0365063,br=0 nl=0,1,
inc/event/res/07/me07_03.txt#115#12,"さぁカノイール陛下、私とおいでください。
あなたの真実をご覧に入れます。","来吧卡诺伊尔陛下，请随我来。
我将带您去见证属于您的真相。",translated,吉鲁,a87cd3856a,br=0 nl=1,2,
inc/event/res/07/me07_03.txt#116#12,"あなたが皇位継承者として擁立されるに
至った、地文の不正とは何か──","让您得以被拥立为皇位继承者的、
地文的舞弊究竟所谓何物――",translated,吉鲁,7a36d805a2,br=0 nl=1,2,
inc/event/res/07/me07_03.txt#117#12,あなたは一体何者なのか。,您到底究竟是何许人也。,translated,吉鲁,f861f03ce6,br=0 nl=0,1,
inc/event/res/07/me07_03.txt#118#12,……ッ！,……唔！,translated,卡诺,b396cc5608,br=0 nl=0,1,
inc/event/res/07/me07_03.txt#119#12,"バカな！
カノイールは渡せない！","荒唐！
我绝不会把卡诺伊尔交给你！",translated,库拉肯特,bb2bae74f9,br=0 nl=1,2,
inc/event/res/07/me07_03.txt#120#12,"呆れたわ、
この状況がわかっていないのかしら。","真是让人无语，
你难道还没看清眼下的局势吗。",translated,吉鲁,9127f6d2c4,br=0 nl=1,2,
inc/event/res/07/me07_03.txt#121#12,"この天才少女の頭脳は、私の指先ひとつで
タンパク質の破片に分解できるのよ？","这位天才少女的大脑，我只要动一动手指
就能把它分解成蛋白质碎屑哦？",translated,吉鲁,6a32941646,br=0 nl=1,2,
inc/event/res/07/me07_03.txt#122#12,サーリちゃん！,莎丽！,translated,依恩,ba8752dbe6,br=0 nl=0,1,
inc/event/res/07/me07_03.txt#123#12,"博士、僕のことはかまいません、
ジルの言うことなど聞いてはだめだ！","博士，不用管我，
绝不能听从吉鲁的话！",translated,莎丽,ba28b4ac2d,br=0 nl=1,2,
inc/event/res/07/me07_03.txt#124#12,くっ……。,唔……,translated,库拉肯特,eca6a86bf0,br=0 nl=0,1,
inc/event/res/07/me07_03.txt#125#12,"……わかった、協力しよう。
だからサーリを傷つけるのだけは
やめてくれ。","……我知道了，我配合你。
所以唯独千万不要伤害莎丽。",translated,库拉肯特,934cc12f3d,br=0 nl=2,3,
inc/event/res/07/me07_03.txt#126#12,博士！！,博士！！,translated,莎丽,0d1470839b,br=0 nl=0,1,
inc/event/res/07/me07_03.txt#127#12,"君の命にはかえられん。
……ジリリウムよ。何が望みだ。","没有什么比你的性命更重要。
……吉利利姆。你到底想要什么。",translated,库拉肯特,a3b5dc4723,br=0 nl=1,2,
inc/event/res/07/me07_03.txt#128#12,"端的に言いますわ。
まずは、力場の場所がわかる図面、
もしくは位置情報データをご提供いただきたい。","我就开门见山地直说了。
首先，请提供能判明力场位置的图纸，
或是位置数据信息。",translated,吉鲁,2bea882dbc,br=0 nl=2,3,
inc/event/res/07/me07_03.txt#129#12,"そしてもう１つ。
シェルノトロンサーバーの導力硬化性浸透膜の
解放処理をしていただくこと。","然后是另外一件事。
请对榭鲁诺特伦服务器的导力硬化性渗透膜
进行解除封锁的处理。",translated,吉鲁,9039323d08,br=0 nl=2,3,
inc/event/res/07/me07_03.txt#130#12,ッ！？,唔！？,translated,莎丽,7680e63062,br=0 nl=0,1,
inc/event/res/07/me07_03.txt#131#12,"何だと！？
ネロを解放しろというのか！？","你说什么！？
你要我释放妮诺吗！？",translated,库拉肯特,89cc341820,br=0 nl=1,2,
inc/event/res/07/me07_03.txt#132#12,えぇ。,是的。,translated,吉鲁,266e478924,br=0 nl=0,1,
inc/event/res/07/me07_03.txt#133#12,まさか……力場でネロを還そうというのか！,难道……你是想在力场把妮诺送还回去吗！,translated,库拉肯特,dfd1f702a3,br=0 nl=0,1,
inc/event/res/07/me07_03.txt#134#12,その通り。,正是如此。,translated,吉鲁,ce9fe934cd,br=0 nl=0,1,
inc/event/res/07/me07_03.txt#135#12,"不可能だ！
ネロを解放したところで、完全適合の
詩姫がおらんだろうが！","不可能！
就算释放了妮诺，
也没有完全契合的诗姬在场吧！",translated,库拉肯特,971cad5edb,br=0 nl=2,3,
inc/event/res/07/me07_03.txt#136#12,そんな状態でネロを解放などしたら……！,要是在那种状态下释放了妮诺……！,translated,库拉肯特,1975f84448,br=0 nl=0,1,
inc/event/res/07/me07_03.txt#137#12,"いいえ、博士。
詩姫はもう目の前におられますわ。","不，博士。
诗姬此刻就已经在眼前了呀。",translated,吉鲁,db14d6df4f,br=0 nl=1,2,
inc/event/res/07/me07_03.txt#138#12,"クラケット大先生が、まさかこのことに
気が付かないとはね……ふふっ。","堂堂库拉肯特大导师，
居然连这点都没察觉到……呵呵。",translated,吉鲁,73eaf299e2,br=0 nl=1,2,
inc/event/res/07/me07_03.txt#139#12,"……ッ！！
そうか、わかったぞ！！
そうだとも、どうして私は……！","……唔！！
原来如此，我明白了！！
是啊，我怎么会没想到……！",translated,库拉肯特,90b9de3165,br=0 nl=2,3,
inc/event/res/07/me07_03.txt#140#12,"君の持つDNAサンプルを検索した段階で、
企みに気付くべきだった！","在检索你持有的DNA样本那个阶段，
我就早该察觉到你的图谋了！",translated,库拉肯特,afe6a17d26,br=0 nl=1,2,
inc/event/res/07/me07_03.txt#144#12,カノイールだな！？,是卡诺伊尔对吧！？,translated,库拉肯特,74e661eaa6,br=0 nl=0,1,
inc/event/res/07/me07_03.txt#146#12,カノンさんが……！？,卡诺小姐……！？,translated,依恩,422a629689,br=0 nl=0,1,
inc/event/res/07/me07_03.txt#147#12,カノイールこそ完全適合者……詩姫！,卡诺伊尔才是完全契合者……诗姬！,translated,库拉肯特,f6d2308bbd,br=0 nl=0,1,
inc/event/res/07/me07_03.txt#148#12,ご明察ですわ、博士。,您果然明察秋毫呢，博士。,translated,吉鲁,ad5b0dad19,br=0 nl=0,1,
inc/event/res/07/me07_03.txt#158#12,"いかん！！
ネロを還したりすれば、トロンシステムに
依存したこの社会は完全に崩壊する！","不行！！
要是把妮诺送回去，依赖特伦系统的
这个社会将会彻底瓦解崩溃！",translated,库拉肯特,650d9552f2,br=0 nl=2,3,
inc/event/res/07/me07_03.txt#159#12,"それに力場はイオナサルのものだ、
私はこの子を還すために造ったのだぞ！","而且力场是属于依欧娜萨鲁的，
我可是为了送还这孩子才建造它的！",translated,库拉肯特,c49649fc9d,br=0 nl=1,2,
inc/event/res/07/me07_03.txt#160#12,"……！？
イオナサルを……還す……！？
それは一体、どういうことです！？","……！？
送还……依欧娜萨鲁……！？
这到底是怎么一回事！？",translated,卡诺,b0f3fa95dd,br=0 nl=2,3,
inc/event/res/07/me07_03.txt#161#12,"カノイール陛下はまだご存知では
無かったのですね。",卡诺伊尔陛下原来还被蒙在鼓里呢。,translated,吉鲁,6fa52351fb,br=0 nl=1,2,
inc/event/res/07/me07_03.txt#162#12,"ふふ…それじゃ、後ほどゆっくりと
お話しして差し上げますわ。","呵呵……那么待会儿，
我会慢慢为您详尽道来的。",translated,吉鲁,3688e2f2c8,br=0 nl=1,2,
inc/event/res/07/me07_03.txt#163#12,"クラケット博士。誰のために作ったかなど、
私には興味ありません。
私は私の望みを叶えるだけ。","库拉肯特博士。无论为了谁而建，
我都毫无兴趣。
我只是一心实现我自己的夙愿罢了。",translated,吉鲁,f92e58c519,br=0 nl=2,3,
inc/event/res/07/me07_03.txt#164#12,なぜそうまでして、ネロを還そうとする！,为何你非要做到这种地步，也要送还妮诺！,translated,库拉肯特,1590478fd4,br=0 nl=0,1,
inc/event/res/07/me07_03.txt#165#12,"もちろん、長期的にはそうせねばならん
ことはわかっている。だがあまりにも性急だ！","长期来看自然必须那么做，我也明白。
但是现在这么做未免也太操之过急了！",translated,库拉肯特,1f9ab89a92,br=0 nl=1,2,
inc/event/res/07/me07_03.txt#166#12,ある人を助けたいからです。,因为我想拯救一个人。,translated,吉鲁,b8668f0d2b,br=0 nl=0,1,
inc/event/res/07/me07_03.txt#167#12,"博士がこのサーリを助けたいと
思う気持ちが本当なら、
私の気持ちもわかってもらえるはず。","如果博士想拯救莎丽的心意是真实的，
那么您理应也能理解我的心情才是。",translated,吉鲁,9df735f99c,br=0 nl=2,3,
inc/event/res/07/me07_03.txt#168#12,くっ……！,可恶……！,translated,库拉肯特,860177663c,br=0 nl=0,1,
inc/event/res/07/me07_03.txt#169#12,ジリリウムとやら。,叫吉利利姆的那位。,translated,卡诺,8a896b7139,br=0 nl=0,1,
inc/event/res/07/me07_03.txt#170#12,"私の知らない何を知っているのか
わかりませんが──","虽然我不知道你究竟知晓什么我所不知的隐情，
但是――",translated,卡诺,605965dc50,br=0 nl=1,2,
inc/event/res/07/me07_03.txt#171#12,"そのような方法で人を動かそうとするのは
感心しませんね。","用这种下作的手段驱使他人，
实在不敢让人苟同呢。",translated,卡诺,1e58e9c7ea,br=0 nl=1,2,
inc/event/res/07/me07_03.txt#172#12,"スマートでないのは認めますが、
他人に協力を求める一番効率の良い方法ですわ。","我承认这确实不够体面，
但这却是寻求他人协助最高效的手段。",translated,吉鲁,4da9792322,br=0 nl=1,2,
inc/event/res/07/me07_03.txt#173#12,"いまとなってはあなたも同じ身の上。
お力をお貸しいただきたい。","如今您也是身陷同样的处境。
还请助我一臂之力。",translated,吉鲁,3abb74d970,br=0 nl=1,2,
inc/event/res/07/me07_03.txt#175#12,"そうすればあなたの欲しい真実は
すべて手に入る。その後の世界で天文は失脚し、
地文は人々の唯一のよりどころとなる。","只要如此，您想要的真相便能尽数到手。
在之后的世界里天文倒台，
地文将成为人们唯一的寄托。",translated,吉鲁,ad4cb7d1ea,br=0 nl=2,3,
inc/event/res/07/me07_03.txt#176#12,"協力いただけなければ、
すべての生命を救おうとする地文皇女の前で、
ひとつ、命の火が消える……。","若您不肯配合，
在立誓拯救一切生命的地文皇女面前，
可就有一条生命的火苗要熄灭了……",translated,吉鲁,f2b8132aad,br=0 nl=2,3,
inc/event/res/07/me07_03.txt#178#12,"……わかりました。
あなたが何をしようというのか、
見極めさせてもらいましょう。","……我明白了。
就让我亲眼见证一下，
你到底想要做些什么吧。",translated,卡诺,7fdf14e2b1,br=0 nl=2,3,
inc/event/res/07/me07_03.txt#179#12,カノイール……。,卡诺伊尔……,translated,库拉肯特,eccbed520c,br=0 nl=0,1,
inc/event/res/07/me07_03.txt#180#12,カノンさん……。,卡诺小姐……,translated,依恩,0d2586b2b0,br=0 nl=0,1,
inc/event/res/07/me07_03.txt#181#12,"それじゃ、行きましょ。
シェルノトロンサーバーへ。","那么，我们走吧。
前往榭鲁诺特伦服务器。",translated,吉鲁,426d5dff6b,br=0 nl=1,2,
inc/event/res/07/me07_03.txt#182#12,"簡単に言うな、あそこは表側……
天文の管理区域だ。PLASMAが最高レベルの
警備を敷いているのだぞ！？","说得倒轻巧，那里可是外侧……
是天文的管辖区域。
PLASMA可是布下了最高警戒的！",translated,库拉肯特,c75a771de9,br=0 nl=2,3,
inc/event/res/07/me07_03.txt#183#12,"それでも行くのよ。
ふたりの皇女さまが、超越的な詩魔法で
私達を守ってくださるわ。","即便如此也得去。
两位皇女殿下会用超凡的诗魔法
来保护我们的。",translated,吉鲁,15a24ac10e,br=0 nl=2,3,
inc/event/res/07/me07_03.txt#191#12,それに……サーリ。,而且……莎丽。,translated,吉鲁,ae0cb2c902,br=0 nl=0,1,
inc/event/res/07/me07_03.txt#193#12,"あなたも私のウィルスに適応したのだから、
その力をちゃんと使いなさい。
もったいない。","你既然已经适应了我的病毒，
就好好发挥那股力量吧。
暴殄天物可不好。",translated,吉鲁,9f0f058eec,br=0 nl=2,3,
inc/event/res/07/me07_03.txt#194#12,ジル……！,吉鲁……！,translated,莎丽,a8b897d466,br=0 nl=0,1,
inc/event/res/07/me07_03.txt#220#12,"大変なことになったぞ。いいかイオナサル。
ネロを還すことだけは絶対に阻止せねばならん。","事态变得极其严重了。听好依欧娜萨鲁。
唯独送还妮诺这件事，无论如何必须阻止。",translated,库拉肯特,0af074cdc7,br=0 nl=1,2,
inc/event/res/07/me07_03.txt#221#12,何とか、ジルをサーリから引き離さねば。,必须想办法让吉鲁离开莎丽身边。,translated,库拉肯特,0eedfc66f7,br=0 nl=0,1,
inc/event/res/07/me07_03.txt#222#12,でも、どうやって。,可是，要怎么做。,translated,依恩,f793ddf7e8,br=0 nl=0,1,
inc/event/res/07/me07_03.txt#223#12,うぅむ……。,唔……,translated,库拉肯特,0109caeaa9,br=0 nl=0,1,
inc/event/res/07/me07_03.txt#242#12,"あなたが助けたい人って誰なんだ。
ネロを還すことが、どうしてその人を
助けることになる？","你想拯救的人到底是谁。
为什么送还妮诺，
就能拯救那个人？",translated,莎丽,5a8bed4c1a,br=0 nl=2,3,
inc/event/res/07/me07_03.txt#243#12,"あなたには関係ない話よ。
でも、そうね……。","这与你无关。
不过，也是呢……",translated,吉鲁,65811ad9f0,br=0 nl=1,2,
inc/event/res/07/me07_03.txt#244#12,クラケット博士。,库拉肯特博士。,translated,吉鲁,138fa67ebd,br=0 nl=0,1,
inc/event/res/07/me07_03.txt#269#12,何だ。,什么事。,translated,库拉肯特,0a60182689,br=0 nl=0,1,
inc/event/res/07/me07_03.txt#270#12,"ジェノミライ研究所時代、
ご自身の相棒だった人のことを覚えていますか？","杰诺米莱伊研究所时期，
您还记得您当年的搭档吗？",translated,吉鲁,7ff96f375f,br=0 nl=1,2,
inc/event/res/07/me07_03.txt#271#12,"もちろんだ。
ウンドゥ。ウンドゥ・クウィンクウェイム。","当然记得。
温多。温多・奎因奎姆。",translated,库拉肯特,c7239e1caa,br=0 nl=1,2,
inc/event/res/07/me07_03.txt#272#12,"それがどうかしたのか。
まさか君は、彼の消息を知っているのか！？","那又怎么了。
难道你居然知道他的下落！？",translated,库拉肯特,a980a85479,br=0 nl=1,2,
inc/event/res/07/me07_03.txt#273#12,"えぇ、もちろん。
ですが、いま彼に会うことはできない。","嗯，当然。
但是，现在您是无法见到他的。",translated,吉鲁,5e9ec29812,br=0 nl=1,2,
inc/event/res/07/me07_03.txt#274#12,"会いたくはありませんか？
彼を助けたくはありませんか？","难道您不想见他吗？
难道您不想拯救他吗？",translated,吉鲁,3f39a985e1,br=0 nl=1,2,
inc/event/res/07/me07_03.txt#275#12,"助ける？
どういう意味だ？","拯救？
这是什么意思？",translated,库拉肯特,aa2e58dee2,br=0 nl=1,2,
inc/event/res/07/me07_03.txt#276#12,"ウンドゥはいま、彼個人の存在としては
限りなく『死』に近い。","温多如今作为他个人的存在，
已经无限趋近于“死亡”了。",translated,吉鲁,668a082093,br=0 nl=1,2,
inc/event/res/07/me07_03.txt#277#12,けれど、ネロを解放すれば、彼は助かる。,但是，只要释放妮诺，他就能得救。,translated,吉鲁,1c065a5b12,br=0 nl=0,1,
inc/event/res/07/me07_03.txt#279#12,うぅむ、さっぱりわからん……。,唔，我完全搞不明白……,translated,库拉肯特,6248ffbcb7,br=0 nl=0,1,
inc/event/res/07/me07_03.txt#308#12,"ここだ。ここに量子扉がある。
くぐった先が天文の管理区域だ。","就是这里。这里有一扇量子门。
穿过去就是天文的管辖区域了。",translated,库拉肯特,163f97860e,br=0 nl=1,2,
inc/event/res/07/me07_03.txt#309#12,"PLASMAの警備がひしめいているはずだ。
……もっとも、こちら側ももう安全とは
言えんがね。","那边应该挤满了PLASMA的警卫。
……不过，这边也早已算不上安全就是了。",translated,库拉肯特,ad3b1f683d,br=0 nl=2,3,
inc/event/res/07/me07_03.txt#310#12,開けてください、博士。,请打开它，博士。,translated,吉鲁,978aac82fc,br=0 nl=0,1,
inc/event/res/07/me07_03.txt#323#12,展開した。,已经展开了。,translated,库拉肯特,2e1ec2a3a9,br=0 nl=0,1,
inc/event/res/07/me07_03.txt#324#12,行きましょう。,我们走吧。,translated,吉鲁,a977e58c3e,br=0 nl=0,1,
inc/event/res/07/me07_03.txt#339#12,ここが……！,这里就是……！,translated,莎丽,7de43eaf36,br=0 nl=0,1,
inc/event/res/07/me07_03.txt#340#12,裏側と全然違う……。,和内侧完全不一样……,translated,依恩,e4e1cfdf35,br=0 nl=0,1,
inc/event/res/07/me07_03.txt#345#12,"ッ！！
おい貴様ら──","唔！！
喂，你们几个――",translated,警卫,5e8aeda124,br=0 nl=1,2,
inc/event/res/07/me07_03.txt#349#12,うっ……。,呃……,translated,警卫,a85f988ec9,br=0 nl=0,1,
inc/event/res/07/me07_03.txt#354#12,侵入者だ！,有入侵者！,translated,警卫Ｂ,f152acba71,br=0 nl=0,1,
inc/event/res/07/me07_03.txt#355#12,貴様ッ、武器を置けッ！！,你这家伙，放下武器！！,translated,警卫Ｃ,3c9adf506f,br=0 nl=0,1,
inc/event/res/07/me07_03.txt#373#12,ジリリウム、あなた──！,吉利利姆，你――！,translated,卡诺,f3884908bf,br=0 nl=0,1,
inc/event/res/07/me07_03.txt#374#12,"ご安心を。
少し眠っていただいただけですわ。","请安心。
只是让他们稍微睡上一觉罢了。",translated,吉鲁,76e0a56cc0,br=0 nl=1,2,
inc/event/res/07/me07_03.txt#375#12,"それにしても他愛ないわね。
天文の最高機密を守る警備がこの程度？","话说回来真是不堪一击呢。
守护天文最高机密的警备就只有这种程度？",translated,吉鲁,19757a0694,br=0 nl=1,2,
inc/event/res/07/me07_03.txt#376#12,さぁ、行くわよ。,好啦，我们走吧。,translated,吉鲁,28f822512e,br=0 nl=0,1,
inc/event/res/07/me07_03.txt#388#12,"おかしい。
こんなに手薄なはずがない……。","奇怪。
戒备绝不可能这么薄弱才对……",translated,库拉肯特,0bfbf27a97,br=0 nl=1,2,
inc/event/res/07/me07_03.txt#408#12,"サーバールームの警備が二人？
シェルノトロン規制も続いている非常時に、
油断するにもほどがある。","服务器房的警卫只有两个人？
在这特伦管制仍在持续的非常时期，
疏忽大意也该有个限度。",translated,吉鲁,42ceac9404,br=0 nl=2,3,
inc/event/res/07/me07_03.txt#409#12,ま、眠ってもらいましょ。,算了，让他们睡过去吧。,translated,吉鲁,c8142c2295,br=0 nl=0,1,
inc/event/res/07/me07_03.txt#416#12,"お待ちなさい。
麻酔銃とはいえ、危険なものを使うのは
おやめなさい。","等等。
虽说是麻醉枪，
但也别随便动用那种危险武器。",translated,卡诺,67135a3892,br=0 nl=2,3,
inc/event/res/07/me07_03.txt#417#12,では陛下、お力をお貸し願えますか？,那么陛下，能否借您的力量一用呢？,translated,吉鲁,0f614d7c28,br=0 nl=0,1,
inc/event/res/07/me07_03.txt#435#12,"うふふ……。
やってることは同じですが、
少し人道的、でしょうか？","呵呵……
虽然结果都一样，
但这样似乎稍微人道一点？",translated,吉鲁,4ae3c13b94,br=0 nl=2,3,
inc/event/res/07/me07_03.txt#436#12,皮肉はおやめなさい。,请别冷嘲热讽了。,translated,卡诺,59e7699130,br=0 nl=0,1,
inc/event/res/07/me07_03.txt#437#12,"これは失礼を。
博士、サーバールームの認証を。","那可真是失礼了。
博士，请进行服务器房的认证。",translated,吉鲁,7e6dc71d08,br=0 nl=1,2,
inc/event/res/07/me07_03.txt#442#12,"くっ……わかった。
おそらくチャンスは一度だ。
走れ！","唔……我知道了。
机会恐怕只有一次。
快跑！",translated,库拉肯特,61a6fbc8f9,br=0 nl=2,3,
inc/event/res/07/me07_03.txt#461#12,急いで！,抓紧时间！,translated,吉鲁,632b120cbc,br=0 nl=0,1,
inc/event/res/07/me07_03.txt#462#12,博士！！,博士！！,translated,莎丽,0d1470839b,br=0 nl=0,1,
inc/event/res/07/me07_03.txt#463#12,わかっておる！,我知道！,translated,库拉肯特,b06103e734,br=0 nl=0,1,
inc/event/res/07/me07_03.txt#468#12,開いたぞ！,门开了！,translated,库拉肯特,7d3024b4f6,br=0 nl=0,1,
inc/event/res/07/me07_03.txt#478#12,きゃあっ！？,呀啊！？,translated,依恩,536c0a5d61,br=0 nl=0,1,
inc/event/res/07/me07_03.txt#479#12,くっ！,唔！,translated,卡诺,e94c6f5851,br=0 nl=0,1,
inc/event/res/07/me07_03.txt#480#12,きゅう！？,啾呜！？,translated,泰雷芬肯,a7400a3cfb,br=0 nl=0,1,
inc/event/res/07/me07_03.txt#481#12,何も見えん、サーリ！,什么都看不见，莎丽！,translated,库拉肯特,a65092e3ae,br=0 nl=0,1,
inc/event/res/07/me07_03.txt#482#12,無事です！！,我没事！！,translated,莎丽,9c20d9646b,br=0 nl=0,1,
inc/event/res/07/me07_03.txt#483#12,中へ入りなさい、早く！！,快进到里面去，动作快！！,translated,吉鲁,bdd69329cd,br=0 nl=0,1,
inc/event/res/07/me07_04.txt#24#12,"……はい。すでに報告が上がっている通り、
イオナサル・カノイール両皇女は
ジェノミライにいます。","……是。正如已经上报的信息，
依欧娜萨鲁与卡诺伊尔两位皇女
都在杰诺米莱伊。",translated,蕾娜露露,b2e659f0fc,br=0 nl=2,3,
inc/event/res/07/me07_04.txt#25#12,"うむ。
情報を受けて立案した作戦を伝える。","嗯。
传达收到情报后所制定的作战计划。",translated,本部,c9e39df3e2,br=0 nl=1,2,
inc/event/res/07/me07_04.txt#26#12,はい。,是。,translated,蕾娜露露,8b9236cd4b,br=0 nl=0,1,
inc/event/res/07/me07_04.txt#27#12,"皇女らの目的は不明だが、ジェノミライへ
侵入した以上、シェルノトロンサーバーへの
接触を図る可能性が高い。","虽然皇女等人的目的不明，但既然潜入
了杰诺米莱伊，企图接触
榭鲁诺特伦服务器的可能性极高。",translated,本部,c9e219c07f,br=0 nl=2,3,
inc/event/res/07/me07_04.txt#28#12,"サーバールーム周辺の人員を伏せろ。
警備を手薄に見せかける。
ルーム内にはATL爆弾を仕掛けておけ。","撤下服务器房周边人员，制造戒备松散假象。
在房间内安置好ATL炸弹。",translated,本部,3b0b17b172,br=0 nl=2,3,
inc/event/res/07/me07_04.txt#29#12,"皇女たちが現れた時点で、
君がイオナサル皇女を拘束……いや、保護せよ。
方法は任せる。","待皇女现身之际，由你来把依欧娜萨鲁皇女
拘捕……不，保护起来。手段由你自行定夺。",translated,本部,a82c06426b,br=0 nl=2,3,
inc/event/res/07/me07_04.txt#30#12,ッ……。,唔……,translated,蕾娜露露,005cd29d0b,br=0 nl=0,1,
inc/event/res/07/me07_04.txt#31#12,"身柄の確保は確実に行われなければならん。
だから君に任せるのだ。いいな？","必须万无一失地控制住人身安全。
因此才交托给你。明白了吗？",translated,本部,98bcc78d1d,br=0 nl=1,2,
inc/event/res/07/me07_04.txt#32#12,……了解しました。,……遵命。,translated,蕾娜露露,71f7ce66ed,br=0 nl=0,1,
inc/event/res/07/me07_04.txt#33#12,"カノイール皇女や、ほかに協力者がいた場合の
対処は？","若是卡诺伊尔皇女或有其他协助者在场，
该如何处置？",translated,蕾娜露露,2d12df53d0,br=0 nl=1,2,
inc/event/res/07/me07_04.txt#34#12,"ルーム内に押し入った時点で消去しろ。
ATL爆弾ならサーバーに損傷を与えることは
ない。","一旦闯入房间，就立刻予以消灭。
ATL炸弹是不会损伤服务器的。",translated,本部,900937f36b,br=0 nl=2,3,
inc/event/res/07/me07_04.txt#35#12,"……了解しました。
私からも報告が。","……遵命。
属下这里也有一件事要汇报。",translated,蕾娜露露,14f271426b,br=0 nl=1,2,
inc/event/res/07/me07_04.txt#36#12,何だ。,讲。,translated,本部,0a60182689,br=0 nl=0,1,
inc/event/res/07/me07_04.txt#37#12,……あのクラケット博士が生きていたようです。,……那位库拉肯特博士似乎还活着。,translated,蕾娜露露,3780fb0b2c,br=0 nl=0,1,
inc/event/res/07/me07_04.txt#38#12,"何だと！？
間違いないのか！？","你说什么！？
消息属实吗！？",translated,本部,10a3eb2bbb,br=0 nl=1,2,
inc/event/res/07/me07_04.txt#39#12,"はい。
そして、我々に協力する意思はないようです。","是的。
而且，他似乎完全无意与我们合作。",translated,蕾娜露露,0578bec46f,br=0 nl=1,2,
inc/event/res/07/me07_04.txt#40#12,そうか……。,这样啊……,translated,本部,dbf018590e,br=0 nl=0,1,
inc/event/res/07/me07_04.txt#41#12,"{ネプトロン}によって解放されてしまった
『扉』を閉められるのは、もはや彼だけだ。","因{尼普特伦}而被敞开的
那扇“门”，如今也只有他能关上了。",translated,本部,0dc7b47f21,br=1 nl=1,2,keep-terms {ネプトロン}
inc/event/res/07/me07_04.txt#41#14,Ｔｚチューブ・カンパニーで研究開発されていた新型のシェルノトロン。<CR>開発の主任はカンパニーの最高責任者でもあったネプツールが務め、シェルノトロンのＯＳであるレオンの使用効率が格段に上昇すると謳っていたが、その本当の目的はシェルノトロンの奥底に眠る少女、レオンの意識を呼び覚ますことだった。<CR>またネプトロンの起動実験によって、イオンはレオンにその体を支配され、精神もジェノメトリクスの中に幽閉されてしまう。なんとかネイの詩魔法によって生還は果たすものの、グレイコフとネプツールはレオンの暴走を止めるため、ネプトロンと共にこの世を去っている。,在Tz管体公司研发的新型榭鲁诺特伦。<CR>研发主任由身兼公司最高负责人的尼普楚尔担任，宣称能让榭鲁诺特伦的操作系统雷昂的运转效率大幅提升，但其真实目的却是为了唤醒沉睡在榭鲁诺特伦深处的少女雷昂的意识。<CR>加之通过尼普特伦的启动实验，依恩的身体被雷昂所支配，精神也被幽禁于杰诺梅特利库斯之中。虽然凭借妮伊的诗魔法得以生还，但古雷柯夫与尼普楚尔为了阻止雷昂暴走，最终与尼普特伦一同命丧黄泉。,translated,本部,54c752e114,<CR> <CR> br=0 nl=0,1,keep-tags <CR>; src-longest-line=275
inc/event/res/07/me07_04.txt#42#12,"クラケット博士がネロに接触したりすれば、
それこそ面倒なことになる。
接触の機会があれば、彼も拘束しろ。","要是库拉肯特博士接触到妮诺，
事情可就更棘手了。
一旦有机会接触，连他也一并拘捕。",translated,本部,72852ca63e,br=0 nl=2,3,
inc/event/res/07/me07_04.txt#43#12,そして、なんとしても協力させる。,而且，无论如何也要让他协助。,translated,本部,b92e775f27,br=0 nl=0,1,
inc/event/res/07/me07_04.txt#44#12,"だが、最優先はあくまでイオナサル皇女。
こちらに帰還後、彼女は再教育する。","不过，最优先目标始终是依欧娜萨鲁皇女。
引渡回我方之后，对她进行再教育。",translated,本部,c61b79e873,br=0 nl=1,2,
inc/event/res/07/me07_04.txt#45#12,……了解。,……遵命。,translated,蕾娜露露,ef4daefef8,br=0 nl=0,1,
inc/event/res/07/me07_04.txt#46#12,行け。,去吧。,translated,本部,1da6d59a33,br=0 nl=0,1,
inc/event/res/07/me07_05.txt#48#12,"これがシェルノトロンサーバー……。
トロンシステムの中枢……。","这就是榭鲁诺特伦服务器……
特伦系统的中枢……",translated,莎丽,18d1210ec9,br=0 nl=1,2,
inc/event/res/07/me07_05.txt#49#12,きゅうぅ……。,啾呜……,translated,泰雷芬肯,654626296e,br=0 nl=0,1,
inc/event/res/07/me07_05.txt#51#12,あ、あの女の子は……！？,那、那个女孩子是……！？,translated,依恩,eb108e5e41,br=0 nl=0,1,
inc/event/res/07/me07_05.txt#52#12,"あの少女こそが、天文の最重要機密であり、
全ての人々に快適と堕落をもたらす存在……。","那个少女才是天文的最高机密，
是给所有人带来舒适与堕落的存在……",translated,吉鲁,340847cef1,br=0 nl=1,2,
inc/event/res/07/me07_05.txt#53#12,"人々がREON-OSと言っているものの
本当の姿よ。",是世人口中的REON-OS的真正姿态哦。,translated,吉鲁,8823a34e6a,br=0 nl=1,2,
inc/event/res/07/me07_05.txt#54#12,そして本当の名は……ネロ。,而她的真名叫做……妮诺。,translated,吉鲁,08208a0048,br=0 nl=0,1,
inc/event/res/07/me07_05.txt#55#12,あの子が……ネロ……。,那个孩子就是……妮诺……,translated,依恩,dc10be5f30,br=0 nl=0,1,
inc/event/res/07/me07_05.txt#58#12,"ネプツールの造ったネプトロンは、
このシェルノトロンサーバーの
プロクシに過ぎない。","尼普楚尔造出的尼普特伦，
不过是这台榭鲁诺特伦服务器的代理罢了。",translated,吉鲁,8f1c603bb6,br=0 nl=2,3,
inc/event/res/07/me07_05.txt#59#12,"でも、ネプトロンはネロの深層意識と
フィルタなしで直結する機能を持っていた。
そこは評価できるわ。","但尼普特伦具备无需过滤、
直接连接妮诺深层意识的功能。
这点倒值得赞赏。",translated,吉鲁,6da00fa8c5,br=0 nl=2,3,
inc/event/res/07/me07_05.txt#60#12,"ネプツールは既存のシェルノトロン
ネットワークを自分の手中におさめる気でいた
というわけよ。","也就是说，尼普楚尔原本是打算将
现有的榭鲁诺特伦网络全部据为己有呢。",translated,吉鲁,4cac825dc4,br=0 nl=2,3,
inc/event/res/07/me07_05.txt#61#12,……でもそれは、あなたがそう仕向けた。,……但那都是你诱导他这么做的。,translated,莎丽,3d533fce69,br=0 nl=0,1,
inc/event/res/07/me07_05.txt#62#12,"いいえ？
私はただ、それが技術的に可能だということを
教えただけ。","哪有？
我不过是告诉他这在技术上是可行的而已。",translated,吉鲁,b0a7ddde35,br=0 nl=2,3,
inc/event/res/07/me07_05.txt#63#12,"もともと彼の中にネプトロン構想は
存在していた。私は正当な取り引きで、
そのお手伝いをしただけよ。","他原本就存在尼普特伦的构想。
我只是通过正当交易，在旁协助了他而已。",translated,吉鲁,b318342ea3,br=0 nl=2,3,
inc/event/res/07/me07_05.txt#77#12,"詭弁だ！
ネロの深層意識と接触するために
父を利用したんじゃないか！","狡辩！
你分明是为了接触妮诺的深层意识，
才利用了我父亲！",translated,莎丽,726ffa7e84,br=0 nl=2,3,
inc/event/res/07/me07_05.txt#78#12,"心外ねぇ。私は彼に多くを提供したわ？
ネプトロンの基本技術に、
あなたの命を救う方法も。出血大サービスよ？","真叫人伤心呢。我可是为他提供了很多哦？
不仅有尼普特伦的基础技术，
还有拯救你性命的方法。简直是大出血奉送呢？",translated,吉鲁,5fb1e75cfe,br=0 nl=2,3,
inc/event/res/07/me07_05.txt#79#12,"その見返りとしては当然の要求。
……もっとも、彼が上手くやってれば
こんなことにはなっていないのだけど。","作为回报这也是理所当然的要求。
……不过，要是他处理得当，
事情倒也不至于变成现在这样。",translated,吉鲁,d2216ed874,br=0 nl=2,3,
inc/event/res/07/me07_05.txt#80#12,くっ……！,可恶……！,translated,莎丽,860177663c,br=0 nl=0,1,
inc/event/res/07/me07_05.txt#92#12,……きゅっ！？,……啾！？,translated,泰雷芬肯,81b34c38a2,br=0 nl=0,1,
inc/event/res/07/me07_05.txt#93#12,きゅう、きゅう！？,啾呜、啾呜！？,translated,泰雷芬肯,2769d97236,br=0 nl=0,1,
inc/event/res/07/me07_05.txt#94#12,どうした、テレフンケン？,怎么了，泰雷芬肯？,translated,库拉肯特,cf982dea4e,br=0 nl=0,1,
inc/event/res/07/me07_05.txt#95#12,きゅうきゅう！！,啾呜啾呜！！,translated,泰雷芬肯,2c7e53682a,br=0 nl=0,1,
inc/event/res/07/me07_05.txt#96#12,"ッ！
イオナサルは！？","唔！
依欧娜萨鲁呢！？",translated,莎丽,09fbe6db62,br=0 nl=1,2,
inc/event/res/07/me07_05.txt#97#12,イオナサル！,依欧娜萨鲁！,translated,库拉肯特,93b4125d15,br=0 nl=0,1,
inc/event/res/07/me07_05.txt#98#12,さきほどの爆発で置き去りにしたのでは！？,难道是在刚才的爆炸中把她落下了！？,translated,卡诺,76c56be476,br=0 nl=0,1,
inc/event/res/07/me07_05.txt#111#12,……だめです、扉が開きません。,……不行，门打不开。,translated,卡诺,b843e9428b,br=0 nl=0,1,
inc/event/res/07/me07_05.txt#112#12,"先ほど煙幕弾を投げ込まれたタイミング……
もしや私たちはここへ逃げ込んだのではなく、
誘い込まれたのでは。","刚才被扔进烟幕弹的时机……
难不成我们并不是逃到这里，
而是被诱敌深入了吗。",translated,卡诺,106a472beb,br=0 nl=2,3,
inc/event/res/07/me07_05.txt#113#12,"ッ！
見て、この部屋！
あちこちに爆弾が仕掛けられてる！","唔！
快看这个房间！
到处都安置了炸弹！",translated,莎丽,c4046cb8e1,br=0 nl=2,3,
inc/event/res/07/me07_05.txt#114#12,何だと！？,你说什么！？,translated,库拉肯特,0045f73dd6,br=0 nl=0,1,
inc/event/res/07/me07_05.txt#115#12,しまった……！！,糟糕了……！！,translated,吉鲁,656366b732,br=0 nl=0,1,
inc/event/res/07/me07_05.txt#150#12,……生きてる。,……还活着。,translated,莎丽,820dc36bdf,br=0 nl=0,1,
inc/event/res/07/me07_05.txt#151#12,きゅうぅ……。,啾呜……,translated,泰雷芬肯,654626296e,br=0 nl=0,1,
inc/event/res/07/me07_05.txt#152#12,カノイール、あの一瞬で詩を……。,卡诺伊尔，在那么一瞬间咏唱了诗……,translated,库拉肯特,0260392602,br=0 nl=0,1,
inc/event/res/07/me07_05.txt#174#12,"！？
なぜ死んでない！？","！？
为什么居然没炸死！？",translated,警卫,cf8c7590f7,br=0 nl=1,2,
inc/event/res/07/me07_05.txt#175#12,"シールドか！
くそッ、撃てェ！","是护盾吗！
可恶，开火！",translated,警卫Ｂ,d40e0003b3,br=0 nl=1,2,
inc/event/res/07/me07_05.txt#205#12,弾が通らない！！,子弹穿不透！！,translated,警卫,7c520e86c7,br=0 nl=0,1,
inc/event/res/07/me07_05.txt#209#12,シールドが弾丸をはね返してる……！,护盾把子弹弹开了……！,translated,莎丽,a73d9d9ab7,br=0 nl=0,1,
inc/event/res/07/me07_05.txt#210#12,さすがですわ、カノイール皇女。,不愧是卡诺伊尔皇女，真有两下子呢。,translated,吉鲁,69d921dc88,br=0 nl=0,1,
inc/event/res/07/me07_05.txt#216#12,"クラケット博士。
早くサーバーを開放してください。","库拉肯特博士。
请尽快解开服务器的封锁。",translated,吉鲁,b2875f8c2c,br=0 nl=1,2,
inc/event/res/07/me07_05.txt#217#12,"……できん！
やはり私には……！","……我办不到！
我果然还是无法……！",translated,库拉肯特,e570fbc636,br=0 nl=1,2,
inc/event/res/07/me07_05.txt#218#12,そうです、ネロを解放してはいけない！,没错，绝对不能释放妮诺！,translated,莎丽,eef1f394b9,br=0 nl=0,1,
inc/event/res/07/me07_05.txt#219#12,博士。ここまで来てそれはないですわ？,博士。事到如今您可不能出尔反尔哦？,translated,吉鲁,d17052d531,br=0 nl=0,1,
inc/event/res/07/me07_05.txt#236#12,……ッ！,……唔！,translated,莎丽,b396cc5608,br=0 nl=0,1,
inc/event/res/07/me07_05.txt#237#12,"サーリの命は私が握ってるの。
状況は変わっていないのよ？","莎丽的性命可攥在我手里呢。
状况可没有任何改变哦？",translated,吉鲁,9a2db4f8a7,br=0 nl=1,2,
inc/event/res/07/me07_05.txt#238#12,博士、このシールドも長くは保ちません。,博士，这道护盾也撑不了多久。,translated,卡诺,3d330541fe,br=0 nl=0,1,
inc/event/res/07/me07_05.txt#240#12,"急いで！
シールドが無くなったら、
私が撃たれる前にこの子を撃ち抜くわよ！！","快点！
护盾一旦消失，
在我被射中之前我就会先射穿这孩子！！",translated,吉鲁,ba5c886d29,br=0 nl=2,3,
inc/event/res/07/me07_05.txt#241#12,えぇい……くそっ！,哎呀……可恶！,translated,库拉肯特,c85a4cde69,br=0 nl=0,1,
inc/event/res/07/me07_05.txt#251#12,博士……。,博士……,translated,莎丽,a780e4218c,br=0 nl=0,1,
inc/event/res/07/me07_05.txt#280#12,……はぁ……はぁ、っ……。,……哈啊……哈啊……,translated,卡诺,d1fa8dd013,br=0 nl=0,1,
inc/event/res/07/me07_05.txt#281#12,きゅ、きゅう……！,啾、啾呜……！,translated,泰雷芬肯,31d76d5944,br=0 nl=0,1,
inc/event/res/07/me07_05.txt#282#12,っく、そろそろ……限界が……。,唔、快要……到极限了……,translated,卡诺,8288bfd522,br=0 nl=0,1,
inc/event/res/07/me07_05.txt#284#12,急ぎなさい！！,快一点！！,translated,吉鲁,0fe7b29b82,br=0 nl=0,1,
inc/event/res/07/me07_05.txt#285#12,わかっとる！,我知道！,translated,库拉肯特,f306ca74bb,br=0 nl=0,1,
inc/event/res/07/me07_05.txt#286#12,"カノイール皇女、
詩魔法を謳いすぎては、体が！","卡诺伊尔皇女，
歌唱过多诗魔法的话，身体会承受不住的！",translated,莎丽,82b69c0f0e,br=0 nl=1,2,
inc/event/res/07/me07_05.txt#287#12,"えぇ。
ですから早、く……。","是啊。
所以请快、点……",translated,卡诺,4b8a4a3633,br=0 nl=1,2,
inc/event/res/07/me07_05.txt#293#12,──開いた。,――打开了。,translated,库拉肯特,004fe6e028,br=0 nl=0,1,
inc/event/res/07/me07_05.txt#294#12,とうとう、ネロが……！,妮诺终于……！,translated,吉鲁,93cf38a8da,br=0 nl=0,1,
inc/event/res/07/me07_05.txt#295#12,あぁ……。,啊啊……,translated,莎丽,9739d1197a,br=0 nl=0,1,
inc/event/res/07/me07_05.txt#306#12,お、おい、あれは！,喂、喂，那是！,translated,警卫,b4609ef9aa,br=0 nl=0,1,
inc/event/res/07/me07_05.txt#307#12,サ、サーバーが、開放されて……！！,服、服务器，被解开了……！！,translated,警卫Ｂ,87bb069c61,br=0 nl=0,1,
inc/event/res/07/me07_05.txt#344#12,お……おぉ……。,噢……噢噢……,translated,库拉肯特,f1431bd5b6,br=0 nl=0,1,
inc/event/res/07/me07_05.txt#345#12,"あれが……
シェルノトロンの中枢……。","那就是……
榭鲁诺特伦的中枢……",translated,莎丽,8f3b35c619,br=0 nl=1,2,
inc/event/res/07/me07_05.txt#346#12,──ネロ！！,――妮诺！！,translated,吉鲁,bad26f810c,br=0 nl=0,1,
inc/event/res/07/me07_05.txt#369#12,かわいいジェノムがいる。,有个好可爱的杰诺姆在呢。,translated,妮诺,4975b38a61,br=0 nl=0,1,
inc/event/res/07/me07_05.txt#370#12,きゅっ！？,啾！？,translated,泰雷芬肯,dc342f2b3a,br=0 nl=0,1,
inc/event/res/07/me07_05.txt#371#12,──おいで。,――过来吧。,translated,妮诺,f019776f02,br=0 nl=0,1,
inc/event/res/07/me07_05.txt#381#12,うわあぁっ！？,哇啊啊！？,translated,泰雷芬肯,b3718ee0bc,br=0 nl=0,1,
inc/event/res/07/me07_05.txt#395#12,"こんにちは。
……そぅ、あなた、テレフンケンって
いうのね。","你好呀。
……是吗，你叫做泰雷芬肯对吧。",translated,妮诺,6fb8adf59c,br=0 nl=2,3,
inc/event/res/07/me07_05.txt#396#12,"どうして僕の心の中に入れるの！？
{ファーストハーモニクス}を一瞬で……！","你为什么能进入我的心灵深处！？
居然在一瞬间就攻破了{第一谐波}……！",translated,泰雷芬肯,b5485adf4a,br=1 nl=1,2,keep-terms {ファーストハーモニクス}
inc/event/res/07/me07_05.txt#396#14,ジェノムと人間が、これからパートナーとしてお付き合いしていくか否かを決定するための最初の同調のこと。<CR>試しに心を通わせてみて、惹かれあえば成立する。そうでなければ拒絶される。<CR>ファーストハーモニクスが成就すると、ジェノムと人間はお互い助け合いの関係となり、何か問題が発生しない限り、その関係は続いていく。,指杰诺姆与人类为了决定今后是否作为搭档结伴而行，所进行的最初的同调。<CR>尝试让彼此心意相通，若能互相吸引便告成立。若非如此则会被拒绝。<CR>一旦第一谐波圆满修成，杰诺姆与人类便会确立互帮互助的伴侣关系，只要不发生什么意外，这种关系便会一直维系下去。,translated,泰雷芬肯,d10bd498bb,<CR> <CR> br=0 nl=0,1,keep-tags <CR>; src-longest-line=158
inc/event/res/07/me07_05.txt#397#12,だって、テレフンケンがとってもかわいいから。,因为泰雷芬肯非常可爱呀。,translated,妮诺,f250cd87f5,br=0 nl=0,1,
inc/event/res/07/me07_05.txt#398#12,こんなことって……！,居然会有这种事……！,translated,泰雷芬肯,9deb5ed875,br=0 nl=0,1,
inc/event/res/07/me07_05.txt#399#12,"さぁ、この場をなんとかしないといけないね。
私、全部見てたから。","好啦，必须得解决眼下的局势才行呢。
我都一直看在眼里哦。",translated,妮诺,c6026a1f34,br=0 nl=1,2,
inc/event/res/07/me07_05.txt#400#12,"とりあえず、あの銃を構えた人たちを
なんとかしましょ？",总之，先把那些端着枪的人们解决掉吧？,translated,妮诺,1324405c4d,br=0 nl=1,2,
inc/event/res/07/me07_05.txt#401#12,"しましょ？　って言われても、
僕の力じゃあんなに大勢の人たちを
おさえるなんて……！","就算你问我好不好，
凭我的力量根本不可能压制那么多的人啊……！",translated,泰雷芬肯,99ff34ea1e,br=0 nl=2,3,
inc/event/res/07/me07_05.txt#402#12,"大丈夫。
私には──全部見えるから。
さあ、早く詩を紡ぎましょ。","没关系的。
我――能看见一切。
来吧，快点纺织诗篇吧。",translated,妮诺,2450b3ccd1,br=0 nl=2,3,
inc/event/res/07/me07_05.txt#403#12,えぇ……っ？,哎……？,translated,泰雷芬肯,e04a2f9f95,br=0 nl=0,1,
inc/event/res/07/me07_05.txt#411#12,これって……体の中を覗けるの！？,这是……能窥视身体的内部吗！？,translated,泰雷芬肯,6cc81107c7,br=0 nl=0,1,
inc/event/res/07/me07_05.txt#412#12,うん。,嗯。,translated,妮诺,d357e9e0ee,br=0 nl=0,1,
inc/event/res/07/me07_05.txt#413#12,"イオンも見たことのないはずの街を
全部思い描けたけど……
まさか同じことがいつでもできるってこと！？","虽然依恩也能勾勒出从未见过的街道全貌……
但难道说你随时随地都能做到同样的事吗！？",translated,泰雷芬肯,3a8db133a4,br=0 nl=2,3,
inc/event/res/07/me07_05.txt#414#12,"そう。私も{俯瞰視点}を持っている。
それもイオンとは違って成熟したものを……ね。","没错。我也拥有{俯瞰视点}。
而且与依恩不同，是完全成熟的力量……呢。",translated,妮诺,506acf74f5,br=1 nl=1,2,keep-terms {俯瞰視点}
inc/event/res/07/me07_05.txt#414#14,俯瞰視点とは、例えば３次元空間をその外側から見ることができる能力である。<CR>俯瞰したい次元をｎとしたとき、その次元を俯瞰するためには（ｎ＋１）次元的存在である必要がある。<CR>例を挙げるなら２次元空間に住む人間が迷路を彷徨っているところを、３次元空間の人間は簡単に迷路の出口まで案内することができる。<CR>実際には距離の要素が加わるため、広大な２次元を３次元空間の人間が全てを把握することはできないが、それでも２次元空間の人間よりもより多くの情報を得ることが出来る。万寿沙羅において何も計算していないイオンがバーストを防ぐ詩魔法を紡げたのは俯瞰視点を用いてそれら全てを感覚で行ったからである。,所谓俯瞰视点，是指例如能够从外部观察三维空间的能力。<CR>若将想要俯瞰的维度记为n，那么为了俯瞰该维度，自身必须为（n+1）维的存在。<CR>举例来说，当生活在二维空间的人在迷宫中徘徊迷茫时，三维空间的人可以轻而易举地将其引导至迷宫出口。<CR>实际中由于加入了距离要素，三维空间的人无法完全掌握广阔的二维空间的全部，但即便如此，也能够获得远比二维空间的人多得多的信息。在万寿沙罗，毫无计算准备的依恩之所以能纺咏出防范爆炸的诗魔法，正是因为利用俯瞰视点将这一切全凭直觉完成了。,translated,妮诺,8b6bbff113,<CR> <CR> <CR> br=0 nl=0,1,keep-tags <CR>; src-longest-line=300
inc/event/res/07/me07_05.txt#442#12,カノイール！！,卡诺伊尔！！,translated,库拉肯特,a6983aea3e,br=0 nl=0,1,
inc/event/res/07/me07_05.txt#443#12,くっ……！,唔……！,translated,吉鲁,860177663c,br=0 nl=0,1,
inc/event/res/07/me07_05.txt#444#12,シールドが消えたぞ！,护盾消失了！,translated,警卫Ａ,899f71074f,br=0 nl=0,1,
inc/event/res/07/me07_05.txt#445#12,いまだ、撃てッ！！,就是现在，开火！！,translated,警卫Ｂ,5276408d2b,br=0 nl=0,1,
inc/event/res/07/me07_05.txt#464#12,すごい……！,好厉害……！,translated,吉鲁,571145e558,br=0 nl=0,1,
inc/event/res/07/me07_05.txt#467#12,ネロ、何をした！？,妮诺，你做了什么！？,translated,库拉肯特,b95692e0b1,br=0 nl=0,1,
inc/event/res/07/me07_05.txt#468#12,"脳の血管を少しつねってあげただけ。
くらくらってして、おやすみなさい。","只是稍微捏了捏他们脑部的血管而已。
头一晕，然后就晚安啦。",translated,妮诺,80c135b121,br=0 nl=1,2,
inc/event/res/07/me07_05.txt#469#12,なんて力……。,何等恐怖的力量……,translated,莎丽,5401e0e1f1,br=0 nl=0,1,
inc/event/res/07/me07_05.txt#470#12,さぁ、ここを出ましょう。,好啦，我们离开这里吧。,translated,妮诺,17e7f668ff,br=0 nl=0,1,
inc/event/res/07/me07_05.txt#491#12,"！！
まずい、もう追いつかれる！","！！
不妙，马上就要被追上了！",translated,莎丽,54f60dd7b1,br=0 nl=1,2,
inc/event/res/07/me07_05.txt#493#12,"大丈夫だ、ここはよく知ってる。
この壁の奥が私の『遊び場』だ。
扉を開ける！","别担心，这里我很熟悉。
这面墙后就是我的“秘密基地”。
把门打开！",translated,库拉肯特,3cd0bfa4a7,br=0 nl=2,3,
inc/event/res/07/me07_05.txt#503#12,よし、みんな来い！,很好，大家都快跟上！,translated,库拉肯特,eab80f3a0a,br=0 nl=0,1,
inc/event/res/07/me07_05.txt#508#12,お、おい、どこへ行く！,喂、喂，你们要去哪里！,translated,库拉肯特,9744a3df9f,br=0 nl=0,1,
inc/event/res/07/me07_05.txt#512#12,きゅう！,啾！,translated,泰雷芬肯,601cdef24f,br=0 nl=0,1,
inc/event/res/07/me07_05.txt#513#12,博士！！,博士！！,translated,莎丽,0d1470839b,br=0 nl=0,1,
inc/event/res/07/me07_05.txt#514#12,くそっ！,可恶！,translated,库拉肯特,d86def301c,br=0 nl=0,1,
inc/event/res/07/me07_05.txt#531#12,"ここなら少しの間は安全だが……
奴ら、力場へ行くつもりだ。","这里虽能暂时避险……
但那些家伙打算前往力场。",translated,库拉肯特,5c732f4868,br=0 nl=1,2,
inc/event/res/07/me07_05.txt#532#12,何とか追いついて止めねば、世界の破滅だ……！,若不能及时赶去阻止，世界就完蛋了……！,translated,库拉肯特,aead1d7e14,br=0 nl=0,1,
inc/event/res/07/me07_05.txt#533#12,"博士、イオナサルはどうするんです！？
きっとPLASMAに捕まったんです、
助けにいかないと！","博士，依欧娜萨鲁该怎么办！？
她一定是被PLASMA抓住了，
必须去救她才行！",translated,莎丽,17fa226a4d,br=0 nl=2,3,
inc/event/res/07/me07_05.txt#534#12,う……ああぁ、どうしたらいいんだ！,呃……啊啊，到底该如何是好！,translated,库拉肯特,6ab2f790e6,br=0 nl=0,1,
inc/event/res/07/me07_05.txt#535#12,"僕が行きます。
イオナサルを助け出します！","我去。
我一定会把依欧娜萨鲁救出来的！",translated,莎丽,3b87734588,br=0 nl=1,2,
inc/event/res/07/me07_05.txt#536#12,やめるんだ、一人で行ってどうなる！？,快住手，你一个人去能顶什么用！？,translated,库拉肯特,24216b1434,br=0 nl=0,1,
inc/event/res/07/me07_05.txt#537#12,イオナサルを見捨てるなんてできません！,我绝不能对依欧娜萨鲁见死不救！,translated,莎丽,578d0c667d,br=0 nl=0,1,
inc/event/res/07/me07_05.txt#538#12,私の言うことを聞かないか！！,难道你连我的话都不听了吗！！,translated,库拉肯特,59f7a01854,br=0 nl=0,1,
inc/event/res/07/me07_05.txt#539#12,ッ……。,唔……,translated,莎丽,005cd29d0b,br=0 nl=0,1,
inc/event/res/07/me07_05.txt#540#12,……すまん、怒鳴ったりして。,……抱歉，我不该对你大吼的。,translated,库拉肯特,33098c5288,br=0 nl=0,1,
inc/event/res/07/me07_05.txt#541#12,だがな、私は君を失いたくないのだよ。,但是，我真的不想再失去你了。,translated,库拉肯特,9c6cbe57f0,br=0 nl=0,1,
inc/event/res/07/me07_05.txt#542#12,"どうしてですか？
僕は博士の同志の一人に過ぎません。
博士が行けないのなら、僕が！","这是为什么？
我不过是博士的诸多同志之一罢了。
既然博士不能去，那就由我去！",translated,莎丽,f9ddb419d3,br=0 nl=2,3,
inc/event/res/07/me07_05.txt#543#12,"もう失いたくないのだよ、
これ以上──！","我已经不想再失去了，
不想再失去更多了――！",translated,库拉肯特,6441e6303b,br=0 nl=1,2,
inc/event/res/07/me07_05.txt#548#12,"……私にはね、サーリ。
娘が一人いたのだよ。","……莎丽，在很久以前，
我曾有过一个女儿。",translated,库拉肯特,569ceae269,br=0 nl=1,2,
inc/event/res/07/me07_05.txt#549#12,娘……？,女儿……？,translated,莎丽,de6c5518d3,br=0 nl=0,1,
inc/event/res/07/me07_05.txt#550#12,"私がこの研究所を率いることになった頃の
ことだ。",那还是在我统领这所研究所时期的往事。,translated,库拉肯特,7e37961c2a,br=0 nl=1,2,
inc/event/res/07/me07_05.txt#551#12,"ジェノミライはあまりに大きな機密を
抱えていた。そのため、研究者は家族を
捨てなければならなかった。","杰诺米莱伊承载着过于重大的机密。
因此，研究员们不得不抛弃家庭。",translated,库拉肯特,fae266309f,br=0 nl=2,3,
inc/event/res/07/me07_05.txt#552#12,"ウンドゥはもとより天涯孤独、グレイコフも
ネプツールもその頃は独り身だった。","温多向来无亲无故，古雷柯夫和
尼普楚尔在那时也都是孑然一身。",translated,库拉肯特,12f8e62e3b,br=0 nl=1,2,
inc/event/res/07/me07_05.txt#553#12,"だが私は違った。
選ばなければならなかった。
研究を取るか、肉親を取るかを。","但我不同。
我必须做出抉择。
是选择科研，还是选择骨肉至亲。",translated,库拉肯特,1e46b67180,br=0 nl=2,3,
inc/event/res/07/me07_05.txt#554#12,"私は研究を取った。迷わずね。
そして娘と別れた。","我选择了研究。毫不犹豫地。
于是便与女儿断绝了关系。",translated,库拉肯特,0217e5080a,br=0 nl=1,2,
inc/event/res/07/me07_05.txt#556#12,"娘はいまどこでどうしているのか……
生きているのかどうかすらまったくわからない。","我的女儿如今身在何方又在做些什么……
甚至连她是生是死我皆一无所知。",translated,库拉肯特,7ca48c80e0,br=0 nl=1,2,
inc/event/res/07/me07_05.txt#557#12,"いまは後悔している。
家族を捨ててまで得た成果が、
世界をこんなにもゆがめてしまった。","如今我后悔莫及。
甚至不惜抛弃家人换来的成果，
竟把世界扭曲成了这副模样。",translated,库拉肯特,ffcd2ce87b,br=0 nl=2,3,
inc/event/res/07/me07_05.txt#558#12,博士……。,博士……,translated,莎丽,a780e4218c,br=0 nl=0,1,
inc/event/res/07/me07_05.txt#559#12,"サーリ。{ジェノメトリクス}で出会って以来、
君は私を本当に助けてくれた。","莎丽。自打在{杰诺梅特利库斯}与你相逢以来，
你真的帮了我太多太多。",translated,库拉肯特,a03e4f6e15,br=1 nl=1,2,keep-terms {ジェノメトリクス}
inc/event/res/07/me07_05.txt#559#14,いわゆる「精神世界」のこと。ただし、狭い意味でジェノメトリクスを説明すると、「ジェノムと同居している精神世界」という表現が最も適切である。<CR>ジェノメトリクスの中では、ジェノムとの対話をしたり二人で詩魔法を紡いだりすることが可能。<CR>ジェノメトリクスに入るには、ジェノムと同調した上で寝る必要がある。そうすると、夢の中ではっきりとした意識を持って起きるのである。<CR>またジェノムたちにとっては、ジェノメトリクスは現実と同じ感覚の空間であり、ジェノメトリクス内を移動して他のジェノムと会ったりすることが出来るという。<CR>それを応用したのがチェインという技能である。チェインについてはまた後ほど説明することになるだろう。,即所谓的“精神世界”。不过若以狭义来阐释杰诺梅特利库斯，用“与杰诺姆共同栖宿的精神世界”这一表述最为恰当。<CR>在杰诺梅特利库斯中，可以与杰诺姆对话，亦可两人共同编织诗魔法。<CR>想要进入杰诺梅特利库斯，必须在与杰诺姆同调的前提下入睡。如此一来，便能在梦中以清醒的意识苏醒。<CR>此外对杰诺姆而言，杰诺梅特利库斯是拥有与现实相同感知体验的空间，据说它们能够在杰诺梅特利库斯中移动并与其他杰诺姆相会。<CR>将此加以应用的技术便是连锁。关于连锁，后文将另作说明。,translated,库拉肯特,904b195e89,<CR> <CR> <CR> <CR> br=0 nl=0,1,keep-tags <CR>; src-longest-line=316
inc/event/res/07/me07_05.txt#560#12,"だが、優秀な同志としてだけじゃあない。
私はいつからか、
君を娘のように思ってきたのだ。","但我并不仅仅视你为优秀的同志。
不知从何时起，
我早已把你当成自己的女儿看待了。",translated,库拉肯特,6b808b2a63,br=0 nl=2,3,
inc/event/res/07/me07_05.txt#562#12,"頼む。
私に同じあやまちを犯させないでくれ。
君を失いたくないのだ……。","求求你。
别让我再重蹈当年的覆辙。
我真的不想再失去你了……",translated,库拉肯特,6b5eab7333,br=0 nl=2,3,
inc/event/res/07/me07_05.txt#563#12,博士……。,博士……,translated,莎丽,a780e4218c,br=0 nl=0,1,
inc/event/res/07/me07_05.txt#565#12,"ありがとう……ございます。
僕はずっと、自分を一人だと思ってきたから。","真的……非常感谢您。
因为我一直以来，都以为自己是孤身一人。",translated,莎丽,bb6de16f77,br=0 nl=1,2,
inc/event/res/07/me07_05.txt#566#12,サーリ……。,莎丽……,translated,库拉肯特,f6f2806a15,br=0 nl=0,1,
inc/event/res/07/me07_05.txt#567#12,その娘さんの名前は？,那个女儿的名字叫什么？,translated,莎丽,cb37d765ab,br=0 nl=0,1,
inc/event/res/07/me07_05.txt#568#12,"あぁ。
『ウラシル』だ。","啊。
叫做“乌拉席露”。",translated,库拉肯特,63fbf07a7c,br=0 nl=1,2,
inc/event/res/07/me07_05.txt#569#12,いい名前です。,是个好名字呢。,translated,莎丽,bc36ed51e3,br=0 nl=0,1,
inc/event/res/07/me07_05.txt#571#12,"博士。
僕のことを、そんな風に想ってくれて
うれしいです。","博士。
您能这样对待我，
我真的很高兴。",translated,莎丽,f1c8de72b0,br=0 nl=2,3,
inc/event/res/07/me07_05.txt#572#12,"でも……やっぱりわがままを言わせてください。
あなたの娘として。","但是……请还是容我任性一次吧。
作为您的女儿。",translated,莎丽,406e8494fa,br=0 nl=1,2,
inc/event/res/07/me07_05.txt#573#12,僕はイオナサルを助けに行きたい。,我想去救依欧娜萨鲁。,translated,莎丽,38ae382218,br=0 nl=0,1,
inc/event/res/07/me07_05.txt#575#12,お願いします。,拜托您了。,translated,莎丽,c1a4fd6d24,br=0 nl=0,1,
inc/event/res/07/me07_05.txt#576#12,"……ジルとネロの企みを阻止しつつ、
カノイールを奪い返し、イオナサルも助ける。","……一边阻止吉鲁和妮诺的企图，
一边夺回卡诺伊尔，还要救出依欧娜萨鲁。",translated,库拉肯特,140639cfc1,br=0 nl=1,2,
inc/event/res/07/me07_05.txt#577#12,"とんでもなく難しいことだ、
どうすればいいのか見当もつかん。
だが──","这可是难如登天的绝壁险境啊，
我甚至都毫无头绪。
但是――",translated,库拉肯特,0ba7e7d72f,br=0 nl=2,3,
inc/event/res/07/me07_05.txt#578#12,"一緒に考えよう、サーリ。
きっとあるはずだ、必ずできる。
君と私なら。","我们一起想办法吧，莎丽。
一定能找到出路的，绝对能做到。
若是你我携手的话。",translated,库拉肯特,b0d16361af,br=0 nl=2,3,
inc/event/res/07/me07_05.txt#579#12,はい、博士。,好的，博士。,translated,莎丽,87ff0c726b,br=0 nl=0,1,
inc/event/res/07/me07_05.txt#584#12,テレフンケン。,泰雷芬肯。,translated,莎丽,3540822432,br=0 nl=0,1,
inc/event/res/07/me07_05.txt#585#12,きゅっ！,啾！,translated,泰雷芬肯,211be1276a,br=0 nl=0,1,
inc/event/res/07/me07_05.txt#586#12,"イオナサルとのファーストハーモニクスは
解けてないだろ？","你与依欧娜萨鲁的第一谐波
还没有解除对吧？",translated,莎丽,5cb172a08c,br=0 nl=1,2,
inc/event/res/07/me07_05.txt#587#12,"僕と{チェイン}だ。
イオナサルの居どころを探そう。","和我{连锁}吧。
让我们搜寻依欧娜萨鲁的所在。",translated,莎丽,38da989b6f,br=1 nl=1,2,keep-terms {チェイン}
inc/event/res/07/me07_05.txt#587#14,ジェノムは詩魔法に使うためのエネルギー（人間の精神力）を、自由に受け渡しをすることができる。簡単に言えば、人間の心の扉を開いて、他の人の勇気や希望をもらって、より強力な詩魔法の動力源とする事が出来るのである。<CR>これは、ジェノム同士の精神が繋がることによって行われるもので、それはすなわち、同調している人間同士も精神的に繋がっている状態になる。<CR><CR>あくまで想いの力を共有するだけである故、反発する感情が有る場合、チェインは上手く行かない。自分と想い同じくしている人とでないと、チェインによる詩魔法の増幅は出来ないのである。,杰诺姆能够自由地传递用于诗魔法的能量（人类的精神力）。简而言之，就是能够敞开人类的心扉，借取他人的勇气与希望，以此作为更强大的诗魔法动力源。<CR>这是通过杰诺姆彼此之间的精神相连来实现的，也就是说，与它们同调的人类彼此之间也会处于精神相连的状态。<CR><CR>由于归根结底只是共享心愿与意志的力量，若是存在抗拒抵触的情感，连锁便无法顺利进行。唯有与心意相通之人携手，才能够通过连锁来增幅诗魔法。,translated,莎丽,8f2e9e2ef3,<CR> <CR> <CR> br=0 nl=0,1,keep-tags <CR>; src-longest-line=269
inc/event/res/07/me07_05.txt#588#12,きゅっ♪,啾♪,translated,泰雷芬肯,5ef957b065,br=0 nl=0,1,
inc/event/res/07/me07_05.txt#595#12,サーリ。,莎丽。,translated,泰雷芬肯,75ade0afbc,br=0 nl=0,1,
inc/event/res/07/me07_05.txt#596#12,繋がったね。,连上了呢。,translated,莎丽,e3eae9c759,br=0 nl=0,1,
inc/event/res/07/me07_05.txt#597#12,"僕にはわかるよ。
サーリ、本当にヒトガタになったんだ。","我能感觉得到。
莎丽，你真的变成人形了呢。",translated,泰雷芬肯,a4801822b1,br=0 nl=1,2,
inc/event/res/07/me07_05.txt#598#12,うん。,嗯。,translated,莎丽,d357e9e0ee,br=0 nl=0,1,
inc/event/res/07/me07_05.txt#608#12,はぁっ──はぁっ──はぁっ──。,哈啊――哈啊――哈啊――,translated,卡诺,db5f7914a7,br=0 nl=0,1,
inc/event/res/07/me07_05.txt#625#12,"すごい熱だわ。
こんな急激な発熱、普通じゃない。","好烫的热度。
如此剧烈的高烧，极不寻常。",translated,吉鲁,40e39a7793,br=0 nl=1,2,
inc/event/res/07/me07_05.txt#626#12,"そう。
これは自然なものじゃない。","是的。
这绝非正常的生理反应。",translated,妮诺,5f82091ae0,br=0 nl=1,2,
inc/event/res/07/me07_05.txt#627#12,"カノイールが契約しているのは
ジェノムの王、コーザル。","卡诺伊尔契约的对象，
乃是杰诺姆之王，考扎尔。",translated,妮诺,1ec183d61e,br=0 nl=1,2,
inc/event/res/07/me07_05.txt#628#12,本来この子の手に負えるジェノムじゃない。,根本不是这孩子原本能够驾驭的杰诺姆。,translated,妮诺,38e81e9ff4,br=0 nl=0,1,
inc/event/res/07/me07_05.txt#629#12,"その代償に、詩魔法を使うたび
こんなことになる。
いつ死んだっておかしくない。","作为代价，每次动用诗魔法都会变成这样。
哪怕随时暴毙都不足为奇。",translated,妮诺,d760054dde,br=0 nl=2,3,
inc/event/res/07/me07_05.txt#630#12,そう……やはりそういうことですか。,这样啊……果然是这么回事吗。,translated,卡诺,cb20df8699,br=0 nl=0,1,
inc/event/res/07/me07_05.txt#631#12,"私はコーザルと対等ではない──
やはり創られた存在だということなのですね。","我与考扎尔并不对等――
我果然是被人工制造出来的存在对吧。",translated,卡诺,6f2b8cfd77,br=0 nl=1,2,
inc/event/res/07/me07_05.txt#632#12,"厳密に言えば違う……
けど、いまはどうだっていい。","严格说来并不尽然……
不过眼下这并不重要。",translated,妮诺,4961285dae,br=0 nl=1,2,
inc/event/res/07/me07_05.txt#633#12,"こんなところだけど、一度眠って早く回復して。
でないと私たちが困るの。","虽说是这种地方，但先睡一觉尽快恢复吧。
否则我们也会很为难的。",translated,妮诺,8a3ad81290,br=0 nl=1,2,
inc/event/res/07/me07_05.txt#634#12,"そうはいきません。
私は私の真実を知れると思えばこそ
ここまで来たのです。","那可不行。
正因以为能获悉属于自己的真相，
我才一路赶到这里的。",translated,卡诺,c5bd2cb1db,br=0 nl=2,3,
inc/event/res/07/me07_05.txt#635#12,"それが果たされないまま、
無防備に眠るなどできるものですか。","在真相大白之前，
我怎能毫无防备地沉沉睡去。",translated,卡诺,11cf54ddf6,br=0 nl=1,2,
inc/event/res/07/me07_05.txt#636#12,"意地を張るのね。
しょうのない私の娘。","还真是嘴硬要强呢。
真拿你没办法，我的好女儿。",translated,妮诺,7d6e39bd63,br=0 nl=1,2,
inc/event/res/07/me07_05.txt#637#12,えっ？,哎？,translated,卡诺,5b8d798295,br=0 nl=0,1,
inc/event/res/07/me07_05.txt#638#12,"わかった。
それじゃその願い、かなえてあげる。
いまここで。","我知道了。
既然如此我就成全你的心愿吧。
就在此时此地。",translated,妮诺,b74380a91f,br=0 nl=2,3,
inc/event/res/07/me07_05.txt#639#12,何ですって？,你说什么？,translated,卡诺,66b29cfe2a,br=0 nl=0,1,
inc/event/res/07/me07_05.txt#640#12,"すべてを知っている人を紹介する。
──ウンドゥを。","为你介绍知晓这一切的人。
――温多。",translated,妮诺,a7526d47fe,br=0 nl=1,2,
inc/event/res/07/me07_05.txt#641#12,"ウンドゥ……まさか、ウンドゥを！？
いま……！？","温多……难道是温多！？
就在现在……！？",translated,吉鲁,2f77c87ef7,br=0 nl=1,2,
inc/event/res/07/me07_05.txt#652#12,──ッ！！！,――唔！！！,translated,吉鲁,15f1dffa93,br=0 nl=0,1,
inc/event/res/07/me07_05.txt#653#12,"ウンドゥ！！
ウンドゥなのね！？","温多！！
真的是温多吗！？",translated,吉鲁,a130df038b,br=0 nl=1,2,
inc/event/res/07/me07_05.txt#654#12,──ジル。,――吉鲁。,translated,温多,17fe8c30db,br=0 nl=0,1,
inc/event/res/07/me07_05.txt#657#12,あ……あ──。,啊……啊――,translated,吉鲁,49dc143017,br=0 nl=0,1,
inc/event/res/07/me07_05.txt#658#12,"……たかった……逢いたかった。
ウンドゥ──。","……想见你……好想见你。
温多――",translated,吉鲁,0c2f5831d5,br=0 nl=1,2,
inc/event/res/07/me07_05.txt#659#12,私もだ、ジル。,我也是，吉鲁。,translated,温多,12a0959c3b,br=0 nl=0,1,
inc/event/res/07/me07_05.txt#660#12,"本当に……無事だった。信じてた、でも──
どこかで確信が持てなかった……。","你真的……平安无事。我一直坚信着，但――
心底某处却始终难以确信……",translated,吉鲁,f2f643b649,br=0 nl=1,2,
inc/event/res/07/me07_05.txt#661#12,"君の直感は常に正しい。
私が認めた研究者なんだよ？","你的直觉一向很准。
你可是我所认可的研究员啊。",translated,温多,95a849a101,br=0 nl=1,2,
inc/event/res/07/me07_05.txt#662#12,ウンドゥ──！,温多――！,translated,吉鲁,08840fa8e2,br=0 nl=0,1,
inc/event/res/07/me07_05.txt#666#12,"……どういう、ことですか。
あなたは一体……。","……这到底是、怎么一回事。
你究竟是……",translated,卡诺,d1428cf50a,br=0 nl=1,2,
inc/event/res/07/me07_05.txt#667#12,"地文皇女。私はウンドゥ。
ウンドゥ・クウィンクウェイムと言う。","地文皇女。我是温多。
全名叫温多・奎因奎姆。",translated,温多,9e445c0f8c,br=0 nl=1,2,
inc/event/res/07/me07_05.txt#668#12,"ある事故で、ネロの体の中に
取り込まれてしまった。","因为一场事故，
被卷入了妮诺的体内。",translated,温多,f70b980e37,br=0 nl=1,2,
inc/event/res/07/me07_05.txt#669#12,"いや、精神体としてネロの脳内に
寄生している、という方が正しいかな。","不，确切地说，
是以精神体形式寄生在妮诺的大脑中吧。",translated,温多,7e8afbfb3f,br=0 nl=1,2,
inc/event/res/07/me07_05.txt#670#12,そ、れは……。,这、这也……,translated,卡诺,532844a7b2,br=0 nl=0,1,
inc/event/res/07/me07_05.txt#671#12,"似た状況に思い当たるはずだね？
そう、ジェノムと同じだ。","你理应能联想到类似的状况吧？
没错，就和杰诺姆一样。",translated,温多,ebf380b318,br=0 nl=1,2,
inc/event/res/07/me07_05.txt#672#12,"私は自分の肉体を失い、
精神だけがネロという人間の心の中に
残ってしまったジェノムなんだ。","我失去了自己的肉身，
成为了唯有精神残留于
妮诺这具人类躯体之中的杰诺姆。",translated,温多,954bef1ea3,br=0 nl=2,3,
inc/event/res/07/me07_05.txt#673#12,そんなことが……。,居然会有这种事……,translated,卡诺,cf6a75b3a6,br=0 nl=0,1,
inc/event/res/07/me07_05.txt#674#12,"あり得たのだよ。
極めて特殊な状況が重なり合った結果ね。","确实发生了。
这是极度特殊的各种巧合交织下的产物。",translated,温多,b40d0969a6,br=0 nl=1,2,
inc/event/res/07/me07_05.txt#675#12,"いまはネロが顕在許可を与えたときだけ、
こうして表に出ることができる。","现在唯有当妮诺给予显现许可时，
我才能像这样浮现在表层意识中。",translated,温多,3943537f40,br=0 nl=1,2,
inc/event/res/07/me07_05.txt#677#12,"ウンドゥ……私、あなたをそのままになんて
しない。必ず自由にしてみせるわ。","温多……我绝不会对你坐视不管的。
我一定会让你恢复自由的。",translated,吉鲁,4a074faefb,br=0 nl=1,2,
inc/event/res/07/me07_05.txt#678#12,"あぁ。いまは無理でも、
いずれこの状況から脱するときは来る。
あと少しだ。","嗯。虽然现在还办不到，
但迟早能摆脱这一处境的时刻终将来临。
就差一步了。",translated,温多,1d380f069a,br=0 nl=2,3,
inc/event/res/07/me07_05.txt#679#12,えぇ……。,是的……,translated,吉鲁,5306c3380e,br=0 nl=0,1,
inc/event/res/07/me07_05.txt#680#12,"さぁ、地文皇女。あなたの疑問に答えよう。
そのために出て来られたのだ。","好啦，地文皇女。就由我来解答你的疑问吧。
我正是为此才显现出来的。",translated,温多,867f83654a,br=0 nl=1,2,
inc/event/res/07/me07_05.txt#681#12,では簡潔に聞きます。,那么我就开门见山地问了。,translated,卡诺,ef128454d9,br=0 nl=0,1,
inc/event/res/07/me07_05.txt#682#12,私は一体何者なのですか。,我到底是什么人。,translated,卡诺,e689fc0a0d,br=0 nl=0,1,
inc/event/res/07/me07_05.txt#683#12,"あなたは──あなたの知ったとおりの存在。
２２９回目の実験でようやく現れた、成功例だ。","你――正如你所知晓的存在。
是经历２２９次实验后才终于诞生的成功案例。",translated,温多,cca13ee5ac,br=0 nl=1,2,
inc/event/res/07/me07_05.txt#684#12,実験とは何なのですか。,那个实验究竟是什么。,translated,卡诺,34f3f8fe54,br=0 nl=0,1,
inc/event/res/07/me07_05.txt#685#12,"極めて優れた資質を持つ人間の創生。
つまり、ジェノムと際限なく同調できる
可能性を持つ子を創り出すこと。","创造具备极其出众资质的人类。
也就是制造出一个拥有
能够与杰诺姆无限同调潜力的孩子。",translated,温多,343c4584f5,br=0 nl=2,3,
inc/event/res/07/me07_05.txt#686#12,それを成功させたのが、私だ。,而促成这项实验成功的人，就是我。,translated,温多,8f34b1f544,br=0 nl=0,1,
inc/event/res/07/me07_05.txt#687#12,"ッ！
あなたが──！","唔！
居然是您――！",translated,卡诺,39f5a8ad44,br=0 nl=1,2,
inc/event/res/07/me07_05.txt#688#12,"そういう人間を生み出せと、
地文の幹部に依頼されてね。","是地文的高层委托我
制造出这样的人类的。",translated,温多,6bb7c84a6e,br=0 nl=1,2,
inc/event/res/07/me07_05.txt#689#12,"私はウィルスにある遺伝子を導入し、
それを２２９回、人間の子に打った。","我将某种基因导入病毒之中，
并将它给２２９个普通人类婴儿进行了注射。",translated,温多,49fa684d5a,br=0 nl=1,2,
inc/event/res/07/me07_05.txt#690#12,"クラケット博士が数字を刻んだ腕に、
私が注射をしたのだよ。","库拉肯特博士在手臂上刻印了编号，
而我则负责推入了注射。",translated,温多,c73e2a0f6d,br=0 nl=1,2,
inc/event/res/07/me07_05.txt#691#12,ウィルス……その遺伝子とは何なのですか！,病毒……那段基因究竟是什么！,translated,卡诺,922969a950,br=0 nl=0,1,
inc/event/res/07/me07_05.txt#696#12,ネロの遺伝子だよ。,是妮诺的基因哦。,translated,温多,45984bd52d,br=0 nl=0,1,
inc/event/res/07/me07_05.txt#697#12,"そういう……ことですか。
だからネロは私のことを、『自分の娘』だと……。","原来是……这么回事吗。
所以妮诺才对我说，我是“她的女儿”……",translated,卡诺,d603fdc6b5,br=0 nl=1,2,
inc/event/res/07/me07_05.txt#698#12,"私はネロと同じ遺伝子を持つというだけで……
地文の由緒ある血統などでは、ない……。","我仅仅是拥有与妮诺相同的基因……
根本不是什么地文的名门正统血脉……",translated,卡诺,92cdee4ff4,br=0 nl=1,2,
inc/event/res/07/me07_05.txt#699#12,"それなら……それなら私は
どこの誰だったのですか！？","既然如此……既然如此我原本
究竟是哪里的什么人啊！？",translated,卡诺,2335a0ee50,br=0 nl=1,2,
inc/event/res/07/me07_05.txt#700#12,"それは私にはわからない。
おそらくは、万寿沙羅あたりで
捨てられていた子だろう。","那我就不得而知了。
大概是在万寿沙罗一带
被遗弃的弃婴吧。",translated,温多,b8910297ac,br=0 nl=2,3,
inc/event/res/07/me07_05.txt#719#12,"納得したみたいね。
この子。","这孩子，
看来已经想通了呢。",translated,妮诺,dd620b93a1,br=0 nl=1,2,
inc/event/res/07/me07_05.txt#720#12,ネロ……！,妮诺……！,translated,吉鲁,9c20c91c0a,br=0 nl=0,1,
inc/event/res/07/me07_05.txt#721#12,ウンドゥの無事がわかって安心した？,得知温多平安无事，你放心了吗？,translated,妮诺,8e2745981c,br=0 nl=0,1,
inc/event/res/07/me07_05.txt#722#12,くっ……！,唔……！,translated,吉鲁,860177663c,br=0 nl=0,1,
inc/event/res/07/me07_05.txt#723#12,"……あなた。
私との約束は忘れていないでしょうね。","……喂。
你没忘记和我的约定吧。",translated,吉鲁,246bba71d9,br=0 nl=1,2,
inc/event/res/07/me07_05.txt#724#12,もちろん。,当然没忘。,translated,妮诺,531a862cb1,br=0 nl=0,1,
inc/event/res/07/me07_05.txt#725#12,"あのときにも言ったけど、
私は７次元先のセカイにクオリアを
連れて行くようなことはしない。","虽然当时我也说过，
但我绝不会做出把感质
带往７次元之外的世界这种事。",translated,妮诺,a272fde6c8,br=0 nl=2,3,
inc/event/res/07/me07_05.txt#726#12,"──この世界の人たちみたいな、
酷いことはね。","――可不会像这个世界的人们那样，
做出如此残忍的事呢。",translated,妮诺,e82cc7471f,br=0 nl=1,2,
inc/event/res/07/me07_05.txt#728#12,"いいでしょう。
私も約束を守る。","很好。
我也自会信守诺言。",translated,吉鲁,f59167803b,br=0 nl=1,2,
inc/event/res/07/me07_05.txt#729#12,７次元先にあなたを還す。,将你送回７次元之外的故土。,translated,吉鲁,669c66995e,br=0 nl=0,1,
inc/event/res/07/me07_07.txt#25#12,"爆破作戦は一応の成果をあげたと
本部は考えている。","本部认为爆破作战
姑且取得了一定成果。",translated,本部,61d1a394ac,br=0 nl=1,2,
inc/event/res/07/me07_07.txt#26#12,"カノイールがシールドを張った
映像が撮れたため、サーバールームへの
侵入を企てたという証拠になる。","由于拍到了卡诺伊尔张开护盾的影像，
这足以成为其企图闯入服务器房的确凿证据。",translated,本部,c5feaf3b86,br=0 nl=2,3,
inc/event/res/07/me07_07.txt#27#12,"この動画だけでも地文に対して
優位に立つ証拠になるだろう。","仅凭这则录像，
就能成为对地文占据上风的铁证吧。",translated,本部,b8c85256bd,br=0 nl=1,2,
inc/event/res/07/me07_07.txt#28#12,はい。,是。,translated,蕾娜露露,8b9236cd4b,br=0 nl=0,1,
inc/event/res/07/me07_07.txt#29#12,"だが、カノイールやジリリウムが野放しに
なっている状況はまずい。
地文に真実が漏れる可能性がある。","但是，任由卡诺伊尔和吉利利姆逍遥法外很是不妙。
真相随时有走漏给地文的可能。",translated,本部,8c6c7a968e,br=0 nl=2,3,
inc/event/res/07/me07_07.txt#30#12,"本来あの場で消去すべきだったが……
いまは言うまい。","本该在那当场予以灭口的……
事已至此也不多提了。",translated,本部,98755e038e,br=0 nl=1,2,
inc/event/res/07/me07_07.txt#32#12,"なんとしてもネロはサーバーへ
戻さねばならん。",无论如何必须把妮诺重新关回服务器中。,translated,本部,b1bd18d8af,br=0 nl=1,2,
inc/event/res/07/me07_07.txt#33#12,"そこで我々は新たな作戦を立てた。
欺瞞情報を与えて
クラケット博士に協力してもらう。","因此我们制定了新的作战计划。
向库拉肯特博士提供伪造情报，使其协助。",translated,本部,7732274842,br=0 nl=2,3,
inc/event/res/07/me07_07.txt#34#12,"カノイールらが向かった場所まで
クラケット博士に誘導してもらう。
見つけ次第、全員を拘束。","让库拉肯特博士诱导我们前往其所在地。
一经发现，立刻将全员拘捕。",translated,本部,cc7f64f4bf,br=0 nl=2,3,
inc/event/res/07/me07_07.txt#35#12,"ネロは戻し、カノイールは消去。
そして、ジリリウムと博士の身柄は
我々の監視下に置く。","妮诺送回，卡诺伊尔灭口。
吉利利姆与博士则置于我等监视之下。",translated,本部,80d9f62634,br=0 nl=2,3,
inc/event/res/07/me07_07.txt#36#12,"イオナサル皇女は元の方針どおり再教育だ。
準備は整えてある。","依欧娜萨鲁皇女按原定方针予以再教育。
一切准备皆已妥当。",translated,本部,f7417b4614,br=0 nl=1,2,
inc/event/res/07/me07_07.txt#37#12,"博士を味方につけるため、
まずはイオナサル皇女に協力させろ。
以上だ。質問は？","为拉拢博士为我方所用，
首先让依欧娜萨鲁皇女协助配合。
以上。有何疑问？",translated,本部,3579f76fb3,br=0 nl=2,3,
inc/event/res/07/me07_07.txt#38#12,"いえ。
コード：188、作戦了解しました。
作戦要綱はトロンにて把握します。","没有。
代码：188，作战了解。
作战纲要我会在特伦上进行查阅。",translated,蕾娜露露,758d4924c2,br=0 nl=2,3,
inc/event/res/07/me07_07.txt#54#12,"……カノイール皇女たちのやろうと
していることは、この星を壊しかねないの。","……卡诺伊尔皇女等人企图要做的事，
很可能会毁掉这颗星球的。",translated,蕾娜露露,9f32ee1f4a,br=0 nl=1,2,
inc/event/res/07/me07_07.txt#55#12,そんなっ、カノンさんはそんなことしません！,怎么会，卡诺小姐绝不会做那种事的！,translated,依恩,8f1ce102c8,br=0 nl=0,1,
inc/event/res/07/me07_07.txt#56#12,"ううん、イオン。彼女はネロと一緒にいるわ。
それに、ジリリウムとも。","不，依恩。她现在与妮诺在一起。
不仅如此，还和吉利利姆在一起。",translated,蕾娜露露,f774becd9f,br=0 nl=1,2,
inc/event/res/07/me07_07.txt#58#12,"ジリリウムは、このジェノミライで
働いていた研究者よ。",吉利利姆曾是在这所杰诺米莱伊工作的研究员。,translated,蕾娜露露,a72388018f,br=0 nl=1,2,
inc/event/res/07/me07_07.txt#59#12,"ただ、当時はまだ助手のレベルで
PLASMAも天文もノーマークだった。
それがあだになったわ。","只是，当时她还只是个助手，
PLASMA和天文都未曾留意过她。
这成了致命的失误。",translated,蕾娜露露,73904ee86b,br=0 nl=2,3,
inc/event/res/07/me07_07.txt#60#12,"彼女はしたたかに力をつけて、いまや
世界でもっとも危険な人物になってる。","她暗中积蓄了强大的力量，
如今已成为了这世上极度危险的人物。",translated,蕾娜露露,d60457bc9b,br=0 nl=1,2,
inc/event/res/07/me07_07.txt#61#12,"カノイール皇女にそんな意図がなくとも、
どんな予想外の事態が起こるか
わからないの。","即便卡诺伊尔皇女并无此等意图，
也不知会引发何种始料未及的后果。",translated,蕾娜露露,85a2f45196,br=0 nl=2,3,
inc/event/res/07/me07_07.txt#62#12,それでも、カノンさんは──。,即便如此，卡诺小姐也――,translated,依恩,4730cfa94c,br=0 nl=0,1,
inc/event/res/07/me07_07.txt#63#12,"うん、わかってる。私はわかってるよ、
イオン。カノイール皇女はジリリウムに
利用されてるだけだと思う。","嗯，我明白。我全都明白的，
依恩。我认为卡诺伊尔皇女
只是被吉利利姆利用了而已。",translated,蕾娜露露,1e86c6ef49,br=0 nl=2,3,
inc/event/res/07/me07_07.txt#64#12,"……カノンさんは、自分の秘密とか、
{皇位継承の儀}に隠された不正をあばくために
ここまで来たんです。","……卡诺小姐是为了揭开自己的秘密，
以及揭发隐藏在{皇位继承仪式}背后的舞弊，
才一路走到这里的。",translated,依恩,a6b8a8cf56,br=1 nl=2,3,keep-terms {皇位継承の儀}
inc/event/res/07/me07_07.txt#64#14,皇帝になるために行われる試練のこと。<CR>皇女候補は全てのステータスを剥奪され、その試練の間全ての民の中で最も低い地位になる。その状態で皇女は自分の力で３年間を切り抜け、宮城に帰還しなければならない。そして帰還した際に行われる国民投票で、最高の票数を得た者が皇帝となる。<CR><CR>３年間は身分証明も無くお金も一切持ち合わせない。一人ではどこにも入れず、何をする権利もない。その為、如何にして他人を惹きつけてやってもらうか、という所が生き延びるポイントとなる。,指为了选拔皇帝而开展的试炼。<CR>皇女候补将被剥夺一切身份特权，在试炼期间沦为所有民众中地位最为低下之人。在此状态下，皇女必须全凭自身力量渡过整整三年并平安返回宫城。随后在归还之际举行的国民投票中，获得最高票数者方可即位为皇。<CR><CR>这三年间没有任何身份证件，亦身无分文。单凭一人寸步难行，亦毫无行事之权。因此，如何吸引并打动他人施以援手，便成了求生的至关要诀。,translated,依恩,1c75198aad,<CR> <CR> <CR> br=0 nl=0,1,keep-tags <CR>; src-longest-line=233
inc/event/res/07/me07_07.txt#65#12,"そういうのも全部、仕組まれてたことだって
いうんですか？",难道说连这些全都是别人事先设好的圈套吗？,translated,依恩,893dc7a7d6,br=0 nl=1,2,
inc/event/res/07/me07_07.txt#66#12,"……その通りよ。
カノイール皇女は呼ばれた。
導かれた。","……正如你所说。
卡诺伊尔皇女是被呼唤至此的。
是被引诱前来的。",translated,蕾娜露露,a306e7c528,br=0 nl=2,3,
inc/event/res/07/me07_07.txt#67#12,"ここへ来るためにいろいろな人間が
関わってきたはずだけど、それらは全部、
あるひとつの意思によるものよ。","为了让她抵达这里，虽然牵涉了形形色色的人，
但那些全都是受某种单一意志所操控的产物。",translated,蕾娜露露,78371afb7a,br=0 nl=2,3,
inc/event/res/07/me07_07.txt#68#12,それは……？,那是……？,translated,依恩,de844d9385,br=0 nl=0,1,
inc/event/res/07/me07_07.txt#70#12,"ネロよ。
ネロはおそらく、ずっと以前から
ジリリウムと結託してたのよ。","就是妮诺。
妮诺恐怕从很久以前开始，
就已经与吉利利姆勾结在一起了。",translated,蕾娜露露,0a7560ba7c,br=0 nl=2,3,
inc/event/res/07/me07_07.txt#71#12,"ネプトロンによってその一部を解放された
ネロは、トロンネットワークを通じて状況を
動かし始めた。","被尼普特伦释放出一部分机能的妮诺，
通过特伦网络开始在幕后推波助澜。",translated,蕾娜露露,929ff12dff,br=0 nl=2,3,
inc/event/res/07/me07_07.txt#72#12,"人間をコントロールするような
ことまでしてね。",甚至不惜做出操纵人心的事情来呢。,translated,蕾娜露露,9e21bbec0e,br=0 nl=1,2,
inc/event/res/07/me07_07.txt#73#12,"……フォーシーズンで、ター坊の体が
乗っ取られて、ジルさんについて
行っちゃったとき、みたいに……。","……就像在四季的时候，
阿达的身体被强行夺走，
跟着吉鲁小姐走掉的那样……",translated,依恩,8a7be5a2bf,br=0 nl=2,3,
inc/event/res/07/me07_07.txt#74#12,"そう。アルメティカでも、
多くの市民が操られたわ。","没错。在阿尔梅堤嘉，
也有许多市民被操控了。",translated,蕾娜露露,04278158b7,br=0 nl=1,2,
inc/event/res/07/me07_07.txt#75#12,"おそらくネロは、カノイール皇女の動きにも
関わっているはず。心当たりはない？","恐怕妮诺也暗中牵涉进了
卡诺伊尔皇女的行动。你有什么头绪吗？",translated,蕾娜露露,12eab51489,br=0 nl=1,2,
inc/event/res/07/me07_07.txt#77#12,"……あっ。アルメティカで、
ター坊は図書館の場所を知ってて、
わたしとカノンさんを案内してくれて──。","……啊。在阿尔梅堤嘉时，
阿达知道图书馆的位置，
还为我和卡诺小姐带路――",translated,依恩,e492dd5687,br=0 nl=2,3,
inc/event/res/07/me07_07.txt#78#12,"でも、あとになったらそのことを
全然覚えてなくて……。","可是事后，
他却对那件事完全没有记忆了……",translated,依恩,6445e78ad8,br=0 nl=1,2,
inc/event/res/07/me07_07.txt#80#12,"間違いないわ。
それもネロのしわざ。","绝无差错。
那也是妮诺干的好事。",translated,蕾娜露露,b7006ab153,br=0 nl=1,2,
inc/event/res/07/me07_07.txt#81#12,そんな……。,怎么会……,translated,依恩,66ae11e5dd,br=0 nl=0,1,
inc/event/res/07/me07_07.txt#82#12,"ネロもジリリウムも、
身勝手な目的を果たそうとしてる。","妮诺也好吉利利姆也罢，
都在企图达成一己私欲。",translated,蕾娜露露,cead7cc4e6,br=0 nl=1,2,
inc/event/res/07/me07_07.txt#83#12,"イオンお願い、力を貸して。
クラケット博士にこのことを
理解してもらうために。","依恩拜托了，借我一份力量。
为了让库拉肯特博士理解这一现状。",translated,蕾娜露露,e82892d5a4,br=0 nl=2,3,
inc/event/res/07/me07_07.txt#107#12,"ネロが解放されて、
PLASMAも平静ではいられんようだな。","妮诺被释放之后，
看来PLASMA也无法保持镇定了呢。",translated,库拉肯特,e0e14744f6,br=0 nl=1,2,
inc/event/res/07/me07_07.txt#108#12,"この騒ぎに乗ってイオナサルを
助け出せればいいんだけど。","要是能趁着这场骚乱
把依欧娜萨鲁救出来就好了。",translated,莎丽,434e08bd7b,br=0 nl=1,2,
inc/event/res/07/me07_07.txt#109#12,"テレフンケン、イオナサルの居場所は
探れてる？","泰雷芬肯，
能探测到依欧娜萨鲁的位置吗？",translated,莎丽,94bbeddb9e,br=0 nl=1,2,
inc/event/res/07/me07_07.txt#110#12,きゅう！！,啾呜！！,translated,泰雷芬肯,833d23b4ca,br=0 nl=0,1,
inc/event/res/07/me07_07.txt#131#12,あの中か……やはり警備がおるな。,在里面吗……果然有警卫把守着啊。,translated,库拉肯特,1d7ad96fd6,br=0 nl=0,1,
inc/event/res/07/me07_07.txt#132#12,"迷っている場合じゃないです。
突破しましょう。","现在不是犹豫的时候了。
我们强行突破吧。",translated,莎丽,ba2e117976,br=0 nl=1,2,
inc/event/res/07/me07_07.txt#133#12,うぅむ、そうは言っても……。,唔唔，虽说是这么说……,translated,库拉肯特,3ff0e20abc,br=0 nl=0,1,
inc/event/res/07/me07_07.txt#134#12,"こんなこともあろうかと、
護身用の詩魔法をいくつか紡いであります。","我早就料到可能会发生这种事，
预先纺织了几手防身用的诗魔法。",translated,莎丽,705fbae4c5,br=0 nl=1,2,
inc/event/res/07/me07_07.txt#135#12,何だと？,你说什么？,translated,库拉肯特,2de5ebbdc1,br=0 nl=0,1,
inc/event/res/07/me07_07.txt#136#12,"ヒトガタになってはじめて紡いだ
詩魔法だから、大して強いものじゃ
ないと思いますけど、役に立つかと。","虽然这是成为人形后初次纺织的诗魔法，
威力恐怕并不算很强，但应该能派上用场。",translated,莎丽,c7c7fc4106,br=0 nl=2,3,
inc/event/res/07/me07_07.txt#137#12,ふむ……。,唔……,translated,库拉肯特,fc5b7abae5,br=0 nl=0,1,
inc/event/res/07/me07_07.txt#138#12,"それにしても、トロンなしで詩魔法を創るのって
不思議な感覚……。","话说回来，不借助特伦去创造诗魔法，
感觉真是不可思议……",translated,莎丽,8fb0752dfa,br=0 nl=1,2,
inc/event/res/07/me07_07.txt#139#12,"欲しい詩魔法を、欲しいときに好きなだけ
紡げるなんて……。","在想要的时候，
想要多少就能随心所欲纺织多少诗魔法……",translated,莎丽,967db03c4f,br=0 nl=1,2,
inc/event/res/07/me07_07.txt#140#12,きゅう？,啾？,translated,泰雷芬肯,e711a872a3,br=0 nl=0,1,
inc/event/res/07/me07_07.txt#141#12,"これが誰にでもできてしまうんだとしたら……
確かに、世界にとって危険なことかもしれない。","如果这种事谁都能轻易做到的话……
对这个世界而言确实可能是件危险的事呢。",translated,莎丽,95aa64392e,br=0 nl=1,2,
inc/event/res/07/me07_07.txt#142#12,"紡いでる間も妙な感じで……
一番近い表現は「自作自演」かな？","在纺织的期间感觉也很奇妙……
最贴切的形容大概就是“自导自演”吧？",translated,莎丽,29ebbfabd3,br=0 nl=1,2,
inc/event/res/07/me07_07.txt#143#12,きゅうきゅう！,啾呜啾呜！,translated,泰雷芬肯,78aea00a1c,br=0 nl=0,1,
inc/event/res/07/me07_07.txt#144#12,"あー、サーリよ。浮かれるのは構わないが、
力のコントロールには気をつけるんだぞ。","啊，莎丽。得意忘形倒无妨，
但在力量的把控上可得多加小心啊。",translated,库拉肯特,ccf3d76bde,br=0 nl=1,2,
inc/event/res/07/me07_07.txt#145#12,"通常、詩魔法はジェノムかシェルノトロンが
術者のH波の見える範囲、
すなわち{同調可能精神レベル}の中で発動する。","通常，诗魔法是在杰诺姆或榭鲁诺特伦
能够看清施术者H波的范围内、
即{可同调精神等级}之内发动的。",translated,库拉肯特,51e2c6e985,br=1 nl=2,3,keep-terms {同調可能精神レベル}
inc/event/res/07/me07_07.txt#145#14,人間とジェノム、もしくはシェルノトロンと同調したとき、その絆や相性によって決定される精神階層の深さが同調可能精神レベルである。<CR>人やジェノムの精神には大きく分けて表層意識と深層意識、そして共通意識の三つが存在するが、表層意識と深層意識にはさらに何段階かの階層が存在している。<CR>この階層が深ければ深いほど、詩魔法を紡ぐ際の効果は高くなり、その種類も豊富になっていく。<CR>実際には人の声帯やジェノムが持つ鎖数などにも影響されてくるが、けして無視することはできない。<CR>ヒトガタが詩魔法を使用する場合、その絆や相性をほぼ無視した状態で発動が可能なため、力加減を間違えると一気に体力や気力を消耗してしまう危険性がある。,当人类与杰诺姆、或是与榭鲁诺特伦同调时，根据其羁绊与契合度所决定的精神阶层深度，即为可同调精神等级。<CR>人类与杰诺姆的精神大致可分为表层意识、深层意识以及共通意识这三种，而在表层意识与深层意识中又进一步细分出好几个层级。<CR>这一阶层越是深沉，在纺织诗魔法之际所产生的效果就越高，其种类也会愈加丰富。<CR>虽然在实际应用中还会受到人类的声带以及杰诺姆所拥有的锁链数等因素的影响，但绝对是不容忽视的关键要素。<CR>人形在使用诗魔法时，能够在几乎无视羁绊与契合度的情况下直接发动，因此一旦掌控不好分寸，就会面临一口气耗尽体力与精力的危险。,translated,库拉肯特,e10966e1a7,<CR> <CR> <CR> <CR> br=0 nl=0,1,keep-tags <CR>; src-longest-line=315
inc/event/res/07/me07_07.txt#146#12,"すなわち、最低限の活動を保てるエネルギーを
残しておけるのだ。",也就是说，能保留住维持最低限度活动的能量。,translated,库拉肯特,5ff8bd4a75,br=0 nl=1,2,
inc/event/res/07/me07_07.txt#147#12,"だがヒトガタの場合は、自分の深層意識の
すみずみまで把握できてしまう。
潜在エネルギーをすべて扱えてしまうのだ。","但对于人形而言，却能彻底洞悉
自身深层意识的每一个角落。
能够调动一切潜在能量。",translated,库拉肯特,ab218dd320,br=0 nl=2,3,
inc/event/res/07/me07_07.txt#148#12,"そしてそれを自分の裁量で使い切って
しまうことも。",甚至可能会凭自己的裁量将力量彻底耗尽。,translated,库拉肯特,9bd31894dd,br=0 nl=1,2,
inc/event/res/07/me07_07.txt#149#12,くれぐれも、力加減を間違えんようにな。,切记切记，千万不可不知轻重。,translated,库拉肯特,d434d7fe9d,br=0 nl=0,1,
inc/event/res/07/me07_07.txt#150#12,わかりました。,我明白了。,translated,莎丽,731afb2a1a,br=0 nl=0,1,
inc/event/res/07/me07_07.txt#151#12,きゅう！,啾！,translated,泰雷芬肯,601cdef24f,br=0 nl=0,1,
inc/event/res/07/me07_07.txt#152#12,わかった、行くよ！,知道了，我们上吧！,translated,莎丽,aa8ce46218,br=0 nl=0,1,
inc/event/res/07/me07_07.txt#168#12,きゅきゅうっ！！,啾啾呜！！,translated,泰雷芬肯,48c7ac10d9,br=0 nl=0,1,
inc/event/res/07/me07_07.txt#171#12,ジェノム！？,杰诺姆！？,translated,特工,74a234f15b,br=0 nl=0,1,
inc/event/res/07/me07_07.txt#172#12,捕まえろ！,抓起来！,translated,特工Ｂ,31e9362ee3,br=0 nl=0,1,
inc/event/res/07/me07_07.txt#193#12,いかん、サーリ！,不妙，莎丽！,translated,库拉肯特,46e5ee1d90,br=0 nl=0,1,
inc/event/res/07/me07_07.txt#194#12,えーいっ！,喝啊！,translated,莎丽,4130d62cee,br=0 nl=0,1,
inc/event/res/07/me07_07.txt#203#12,うわぁっ！！,哇啊啊！！,translated,特工,d3f9c5abab,br=0 nl=0,1,
inc/event/res/07/me07_07.txt#204#12,しまった、かすっただけだ！！,糟了，只是擦破了点皮而已！！,translated,库拉肯特,2b3fe513a7,br=0 nl=0,1,
inc/event/res/07/me07_07.txt#215#12,無事か！？,你没事吧！？,translated,特工Ｂ,fdab921df3,br=0 nl=0,1,
inc/event/res/07/me07_07.txt#216#12,"あぁ！
俺はいい、捕まえろッ！！","啊！
我没事，快抓住她！！",translated,特工,461d74a6d3,br=0 nl=1,2,
inc/event/res/07/me07_07.txt#220#12,しまった！,糟糕！,translated,库拉肯特,df16840c00,br=0 nl=0,1,
inc/event/res/07/me07_07.txt#230#12,う……うぅッ！,呜……唔！,translated,莎丽,b69498710b,br=0 nl=0,1,
inc/event/res/07/me07_07.txt#231#12,言わんこっちゃない、力を使いすぎだ！,我就说吧，你用力过猛了！,translated,库拉肯特,bcfe33c7e8,br=0 nl=0,1,
inc/event/res/07/me07_07.txt#232#12,"だ、大丈夫！
もう一発……！","我、我没事！
还能再来一发……！",translated,莎丽,cf4fada882,br=0 nl=1,2,
inc/event/res/07/me07_07.txt#233#12,よすんだ！！,快住手！！,translated,库拉肯特,2cd1b9a122,br=0 nl=0,1,
inc/event/res/07/me07_07.txt#237#12,サーリ！！,莎丽！！,translated,库拉肯特,e974952083,br=0 nl=0,1,
inc/event/res/07/me07_07.txt#238#12,えーいっ！,看招！,translated,莎丽,4130d62cee,br=0 nl=0,1,
inc/event/res/07/me07_07.txt#244#12,ぎゃあっ！！,呀啊啊！！,translated,特工Ｂ,03240b48bc,br=0 nl=0,1,
inc/event/res/07/me07_07.txt#250#12,くそ、応援を！,可恶，快叫增援！,translated,特工,a16af4cba5,br=0 nl=0,1,
inc/event/res/07/me07_07.txt#251#12,だめだ、もう一人がまだ──,不行，另一个人还在――,translated,库拉肯特,162b527079,br=0 nl=0,1,
inc/event/res/07/me07_07.txt#252#12,"ッ！！
サーリッ！！","唔！！
莎丽！！",translated,库拉肯特,be51203f11,br=0 nl=1,2,
inc/event/res/07/me07_07.txt#253#12,うぅっ……。,唔……,translated,莎丽,a6cb881041,br=0 nl=0,1,
inc/event/res/07/me07_07.txt#257#12,サーリ、サーリ！,莎丽，莎丽！,translated,库拉肯特,ae3459cd84,br=0 nl=0,1,
inc/event/res/07/me07_07.txt#258#12,テレフンケン、倒れた奴から鍵を！,泰雷芬肯，快从倒下的家伙身上拿钥匙！,translated,库拉肯特,ab0e9e756c,br=0 nl=0,1,
inc/event/res/07/me07_07.txt#261#12,きゅう！,啾呜！,translated,泰雷芬肯,601cdef24f,br=0 nl=0,1,
inc/event/res/07/me07_07.txt#270#12,きゅっ！？,啾！？,translated,泰雷芬肯,dc342f2b3a,br=0 nl=0,1,
inc/event/res/07/me07_07.txt#271#12,そこまでだ！,到此为止了！,translated,特工Ｃ,6ac9b1d362,br=0 nl=0,1,
inc/event/res/07/me07_07.txt#272#12,うぅむ……。,唔……,translated,库拉肯特,0109caeaa9,br=0 nl=0,1,
inc/event/res/07/me07_07.txt#273#12,やれやれ、一巻の終わりか……。,哎呀呀，彻底玩完了吗……,translated,库拉肯特,9bf50eb1fe,br=0 nl=0,1,
inc/event/res/07/me07_07.txt#274#12,きゅうぅ……。,啾呜……,translated,泰雷芬肯,654626296e,br=0 nl=0,1,
inc/event/res/07/me07_07.txt#293#12,う……うぅ。,呜……呜。,translated,莎丽,8d0038ab46,br=0 nl=0,1,
inc/event/res/07/me07_07.txt#294#12,"まったくバカもんが。
あれほど気をつけろと言ったのに。","真是个傻丫头。
我都叮嘱过你多少次要小心了。",translated,库拉肯特,bb28b6b9b9,br=0 nl=1,2,
inc/event/res/07/me07_07.txt#295#12,……やっぱり無茶でしたね。,……果然还是太乱来了呢。,translated,莎丽,e5597abedd,br=0 nl=0,1,
inc/event/res/07/me07_07.txt#296#12,"よいか、君は私の娘のようなものなんだ。
心配かけさせんでくれ。","听好，你就像是我的亲生女儿一样。
别让我为你提心吊胆了。",translated,库拉肯特,3f4a9bd50e,br=0 nl=1,2,
inc/event/res/07/me07_07.txt#297#12,……ごめんなさい。,……对不起。,translated,莎丽,6877fc2334,br=0 nl=0,1,
inc/event/res/07/me07_07.txt#298#12,ふむ……。,唔……,translated,库拉肯特,fc5b7abae5,br=0 nl=0,1,
inc/event/res/07/me07_07.txt#313#12,"むっ！
お前は……！","嗯！
你是……！",translated,库拉肯特,603e82769d,br=0 nl=1,2,
inc/event/res/07/me07_07.txt#314#12,博士……。,博士……,translated,蕾娜露露,a780e4218c,br=0 nl=0,1,
inc/event/res/07/me07_07.txt#316#12,"今度こそ私を消す気だな、そうだろう？
私はもう逃げも隠れもせん。","这次终于是打算除掉我了吧，是这样吧？
我已经既不打算逃也不打算躲了。",translated,库拉肯特,f63ee3e0b8,br=0 nl=1,2,
inc/event/res/07/me07_07.txt#317#12,"いろいろと知りすぎておるからな。
覚悟はできてる。
しかし──","毕竟我知道了太多不该知道的事。
我早已做好了觉悟。
但是――",translated,库拉肯特,1faed418cd,br=0 nl=2,3,
inc/event/res/07/me07_07.txt#318#12,"この子は、サーリだけは自由にしてやってくれ。
子供にまで手をかけるようなことだけは……。","唯独这孩子，唯独放莎丽一条生路吧。
千万不要对一个孩子痛下杀手……",translated,库拉肯特,608deef8d7,br=0 nl=1,2,
inc/event/res/07/me07_07.txt#319#12,"クラケット博士。
どうか私の話を。","库拉肯特博士。
请务必听我把话说完。",translated,蕾娜露露,bbd5948bd7,br=0 nl=1,2,
inc/event/res/07/me07_07.txt#320#12,んん？,嗯？,translated,库拉肯特,da0e6e5b18,br=0 nl=0,1,
inc/event/res/07/me07_07.txt#321#12,"その子にも博士にも、
危害を加えるつもりはありません。
我々は、博士の力をお借りしたいのです。","我对这孩子与博士您，都没有加害之意。
我们只是希望能够借助博士的力量。",translated,蕾娜露露,9c33e2d459,br=0 nl=2,3,
inc/event/res/07/me07_07.txt#322#12,何だと！？,你说什么！？,translated,库拉肯特,0045f73dd6,br=0 nl=0,1,
inc/event/res/07/me07_07.txt#323#12,"ふふ……あっはっはっは……。
どの口が言っておるのだ？　面白いぞ？","呵呵……啊哈哈哈哈……
你到底是哪张嘴在说这话？真好笑啊？",translated,库拉肯特,b5226ef20b,br=0 nl=1,2,
inc/event/res/07/me07_07.txt#324#12,"私は天文に力など貸さん。
わかりきっておるはずだ！","我绝不会借力量给天文。
这理应是不言而喻的！",translated,库拉肯特,bf98735f13,br=0 nl=1,2,
inc/event/res/07/me07_07.txt#325#12,"天文のためではありません、
この世界のためです。","并非为了天文，
而是为了这个世界。",translated,蕾娜露露,df1cfe160a,br=0 nl=1,2,
inc/event/res/07/me07_07.txt#332#12,"クラケットさん、
話だけでも聞いてください！","库拉肯特先生，
请至少听听她怎么说吧！",translated,依恩,c79d770325,br=0 nl=1,2,
inc/event/res/07/me07_07.txt#333#12,むっ！？,唔！？,translated,库拉肯特,3f1c45c2ab,br=0 nl=0,1,
inc/event/res/07/me07_07.txt#345#12,イオナサル！！,依欧娜萨鲁！！,translated,库拉肯特,760a386f7e,br=0 nl=0,1,
inc/event/res/07/me07_07.txt#346#12,きゅう、きゅう！,啾呜、啾呜！,translated,泰雷芬肯,c3d0365063,br=0 nl=0,1,
inc/event/res/07/me07_07.txt#347#12,"イオナサル！
無事！？","依欧娜萨鲁！
你没事吧！？",translated,莎丽,5b3a8354eb,br=0 nl=1,2,
inc/event/res/07/me07_07.txt#348#12,"うん。ごめんね、サーリちゃん。
わたしだけ捕まっちゃったあと、
レナルルさんと一緒にいて……。","嗯。对不起哦，莎丽。
只有我被抓之后，
就一直和蕾娜露露小姐待在一起……",translated,依恩,66fdb1e0ef,br=0 nl=2,3,
inc/event/res/07/me07_07.txt#349#12,何もされてないね！？,他们没对你怎么样吧！？,translated,莎丽,1e46e2aea3,br=0 nl=0,1,
inc/event/res/07/me07_07.txt#350#12,う、うん、大丈夫。,嗯、嗯，我没事。,translated,依恩,4985492584,br=0 nl=0,1,
inc/event/res/07/me07_07.txt#352#12,"それでね、レナルルさんのお話をいっぱい
聞いて……クラケットさんにもサーリちゃんにも
知って欲しいって、思って。","然后啊，我听蕾娜露露小姐讲了好多事……
觉得一定要让库拉肯特先生和莎丽也知情才行。",translated,依恩,3c500071e8,br=0 nl=2,3,
inc/event/res/07/me07_07.txt#353#12,イオナサル……。,依欧娜萨鲁……,translated,莎丽,ae64d4069b,br=0 nl=0,1,
inc/event/res/07/me07_07.txt#354#12,"よかろう……イオナサルがそこまで言うなら、
聞くだけは聞こう。","好吧……既然依欧娜萨鲁都说到这个份上了，
那我就且听上一听吧。",translated,库拉肯特,53b19d00f3,br=0 nl=1,2,
inc/event/res/07/me07_07.txt#357#12,ありがとうございます、博士。,谢谢您，博士。,translated,蕾娜露露,5bd17a2a11,br=0 nl=0,1,
inc/event/res/07/me07_07.txt#372#12,"……これからお話することは、天文地文
関係なく、世界の存亡に関わることです。","……接下来我要说的事情，无论天文还是地文，
都是关乎这整个世界生死存亡的大事。",translated,蕾娜露露,238e78b7c0,br=0 nl=1,2,
inc/event/res/07/me07_07.txt#373#12,"このジェノミライ研究所は
ロストテクノロジーの塊。我々PLASMAと
いえども、充分な力が発揮できません。","这所杰诺米莱伊研究所是失落科技的集合体。
即便强如我们PLASMA，也无法施展出充分的力量。",translated,蕾娜露露,4085589e8b,br=0 nl=2,3,
inc/event/res/07/me07_07.txt#374#12,"現在迫っている危機には、ここを率いていた
博士の力がどうしても必要なのです。","面对当下迫在眉睫的危机，
无论如何也需要曾统领这里的博士的力量。",translated,蕾娜露露,57349ad394,br=0 nl=1,2,
inc/event/res/07/me07_07.txt#375#12,……もっと詳しく話してくれ。,……跟我详细说说。,translated,库拉肯特,bddd25deb1,br=0 nl=0,1,
inc/event/res/07/me07_07.txt#376#12,"まず……ネロとジリリウムは、
かなり早い段階から結託していたと
思われます。","首先……妮诺与吉利利姆，
被认为在相当早的阶段就已经勾结在一起了。",translated,蕾娜露露,c763f18a4c,br=0 nl=2,3,
inc/event/res/07/me07_07.txt#377#12,"なぜこの二人が結びついたのか、
その理由がわからなかったのですが、
ここでの調査中にそれが判明しました。","我们原本不知道这两人为何会联手，
但在调查这里期间终于真相大白了。",translated,蕾娜露露,dc097f213e,br=0 nl=2,3,
inc/event/res/07/me07_07.txt#378#12,"ネロを還そうというのだろう？
カノイールを詩姫として！","她是想把妮诺送还回去对吧？
以卡诺伊尔为诗姬！",translated,库拉肯特,2d267148ae,br=0 nl=1,2,
inc/event/res/07/me07_07.txt#379#12,"それだけではありません。
ジルもあちらのセカイに向かおうというのです。","不仅如此。
吉鲁自己也企图前往那边的世界。",translated,蕾娜露露,21666e2ef6,br=0 nl=1,2,
inc/event/res/07/me07_07.txt#380#12,何だと！？,你说什么！？,translated,库拉肯特,0045f73dd6,br=0 nl=0,1,
inc/event/res/07/me07_07.txt#381#12,"さらに、もう一人──
ウンドゥ・クウィンクウェイムも。","甚至还有另外一人――
温多・奎因奎姆。",translated,蕾娜露露,21babfc543,br=0 nl=1,2,
inc/event/res/07/me07_07.txt#386#12,"ウンドゥ、ウンドゥと言ったか！？
あいつ、生きておったのか！！","你说了温多、温多吗！？
那家伙居然还活着吗！！",translated,库拉肯特,323027407a,br=0 nl=1,2,
inc/event/res/07/me07_07.txt#387#12,"ウンドゥは、ネロの心の中に
拘束されていました。",温多一直被拘禁在妮诺的心灵之中。,translated,蕾娜露露,4c37a8865d,br=0 nl=1,2,
inc/event/res/07/me07_07.txt#388#12,"ジルの目的は、彼と結ばれること。
おそらく、永遠に。","吉鲁的目的，就是与他长相厮守。
恐怕，是直到永远。",translated,蕾娜露露,1caf55ad14,br=0 nl=1,2,
inc/event/res/07/me07_07.txt#389#12,"……駆け落ちってわけか。
大人の考えること、それ？","……也就是私奔吗。
这难道就是大人们的想法吗？",translated,莎丽,9f76b845ec,br=0 nl=1,2,
inc/event/res/07/me07_07.txt#390#12,"ふん。そんな話、信用すると思うか？
証拠も無く、話だけでは何の説得力もない。","哼。你以为我会相信这种荒谬的说辞吗？
空口无凭，单凭一张嘴可毫无说服力。",translated,库拉肯特,82c1c53624,br=0 nl=1,2,
inc/event/res/07/me07_07.txt#391#12,"……。
博士、これを。","……
博士，请过目这个。",translated,蕾娜露露,8df3116e74,br=0 nl=1,2,
inc/event/res/07/me07_07.txt#396#12,"む……？　これは……。
タイプライター文書か……。","嗯……？这是……
打字机文书吗……",translated,库拉肯特,0de3681015,br=0 nl=1,2,
inc/event/res/07/me07_07.txt#397#12,"……！！
この文章は……まさか……。","……！！
这篇文字……难道是……",translated,库拉肯特,710ee273cf,br=0 nl=1,2,
inc/event/res/07/me07_07.txt#398#12,"博士ならご存知でしょう。
昔、ジェノミライ研究所の極秘文書に
使われていた、暗号文です。","博士应该很熟悉吧。
这是从前杰诺米莱伊研究所绝密文书里
所使用的密文。",translated,蕾娜露露,ad34260c52,br=0 nl=2,3,
inc/event/res/07/me07_07.txt#399#12,"我々は、この暗号文を解読しました。
ネロとジルは、タイプライターを使い
この暗号文で交信していたのです。","我们已经破译了这份密文。
妮诺与吉鲁使用打字机，
一直在通过这份密文进行联络通信。",translated,蕾娜露露,c8db6ccd32,br=0 nl=2,3,
inc/event/res/07/me07_07.txt#400#12,"……た、確かに……この暗号文には、
先ほどの話の内容が書かれている……。","……确、确实……这份密文上，
清清楚楚记载着刚才所说的一切……",translated,库拉肯特,0c99d93f71,br=0 nl=1,2,
inc/event/res/07/me07_07.txt#401#12,"ジルにはわかっていたんです。この世界で、
ウンドゥと幸せに暮らす術はもうないと。","吉鲁很明白。在这个世界上，
已经没有办法与温多幸福地生活下去了。",translated,蕾娜露露,4aae7bc255,br=0 nl=1,2,
inc/event/res/07/me07_07.txt#402#12,"だから、ネロの元いたセカイに
ウンドゥとの安寧を求めている。","因此，她企图在妮诺原本所在的世界，
寻求与温多两人的安宁。",translated,蕾娜露露,1a4196ab48,br=0 nl=1,2,
inc/event/res/07/me07_07.txt#404#12,"狂っておる！！
バカげたことだ、そんなことをしたら
このラシェーラは！","简直是疯了！！
荒唐透顶，如果做出那种事，
这颗拉榭拉就会！",translated,库拉肯特,40dc71d674,br=0 nl=2,3,
inc/event/res/07/me07_07.txt#405#12,"そう。
理論上、ほぼ全ての物質と質量が
移動のエネルギーに変換されてしまう。","没错。
理论上，几乎所有的物质与质量
都会被转化为跃迁移动的能量。",translated,蕾娜露露,0581b505bf,br=0 nl=2,3,
inc/event/res/07/me07_07.txt#406#12,"万一、かろうじてこの付近が残っても
重力バランスが崩れ、軌道が狂って
一気にベゼルへと落下する！","万一这附近勉强残存下来，
重力平衡也将崩坏，轨道错乱，
一口气坠向贝捷尔！",translated,库拉肯特,2a1f2cc9dc,br=0 nl=2,3,
inc/event/res/07/me07_07.txt#407#12,"公転軌道に致命的な影響を与えずに
７軸移動させられるのは一人だけだ！
私の計算に間違いはない、破滅だ！！","在不给公转轨道带来致命影响的前提下，
能够进行７轴移动的唯有一人！
我的计算绝不会有错，这是灭顶之灾！！",translated,库拉肯特,087dd9aab0,br=0 nl=2,3,
inc/event/res/07/me07_07.txt#408#12,"だから。
何としても食い止めねばなりません。","所以。
无论如何都必须加以阻止。",translated,蕾娜露露,186b9774c2,br=0 nl=1,2,
inc/event/res/07/me07_07.txt#409#12,うむむ……。,唔唔……,translated,库拉肯特,e3cf0e5f2c,br=0 nl=0,1,
inc/event/res/07/me07_07.txt#429#12,"博士が天文の方針に反対しているのは
わかっています。
が、いまはラシェーラの命運がかかっている。","我知道博士一直反对天文的方针。
但如今事关整个拉榭拉的命脉。",translated,蕾娜露露,2a311577c7,br=0 nl=2,3,
inc/event/res/07/me07_07.txt#430#12,"博士の知識がどうしても必要です、
ぜひお力を！","我们无论如何也需要博士的学识，
务必助我们一臂之力！",translated,蕾娜露露,2c473624aa,br=0 nl=1,2,
inc/event/res/07/me07_07.txt#431#12,……わかった、協力しよう。,……好吧，我协助你们。,translated,库拉肯特,5935a0175d,br=0 nl=0,1,
inc/event/res/07/me07_07.txt#432#12,クラケットさんっ！,库拉肯特先生！,translated,依恩,decb855903,br=0 nl=0,1,
inc/event/res/07/me07_07.txt#433#12,ありがとうございます！,谢谢您！,translated,蕾娜露露,a8ec77f2c8,br=0 nl=0,1,
inc/event/res/07/me07_07.txt#434#12,だが、約束して欲しい。,但是，你们得答应我一件事。,translated,库拉肯特,58edb72a3a,br=0 nl=0,1,
inc/event/res/07/me07_07.txt#435#12,"ネロとジリリウムを止めることができたら、
イオナサルはもちろん、
サーリも自由にしてやってくれ。","如果成功阻止了妮诺与吉利利姆，
不仅是依欧娜萨鲁，也请还莎丽自由。",translated,库拉肯特,f0a01de51e,br=0 nl=2,3,
inc/event/res/07/me07_07.txt#436#12,"サーリは私の、唯一の肉親ともいえる
存在なのだ。",莎丽可是我唯一的、宛如至亲骨肉般的存在啊。,translated,库拉肯特,86859c1dab,br=0 nl=1,2,
inc/event/res/07/me07_07.txt#437#12,博士……。,博士……,translated,莎丽,a780e4218c,br=0 nl=0,1,
inc/event/res/07/me07_07.txt#438#12,"わかりました。
最大限のことをお約束します。","明白了。
我向您承诺必当尽最大努力。",translated,蕾娜露露,87b10ae64b,br=0 nl=1,2,
inc/event/res/07/me07_07.txt#439#12,よかった……。,太好了……,translated,依恩,f343c496ce,br=0 nl=0,1,
inc/event/res/07/me07_07.txt#440#12,"カノイールもウンドゥもそろって、
やつらに迷いはもうないはずだ。","卡诺伊尔与温多皆已齐聚，
那些家伙想必已毫无迷惘。",translated,库拉肯特,b9382ce609,br=0 nl=1,2,
inc/event/res/07/me07_07.txt#441#12,"行く先は一つ、力場だ。
急ごう、時間がないぞ！！","目的地唯有一个，那就是力场。
快走，时间紧迫！！",translated,库拉肯特,5612390de0,br=0 nl=1,2,
inc/event/res/07/me07_08.txt#35#12,……ハッ。,……哈。,translated,卡诺,3aebe5f34b,br=0 nl=0,1,
inc/event/res/07/me07_08.txt#36#12,目が覚めた？,你醒了吗？,translated,吉鲁,db267a4eb0,br=0 nl=0,1,
inc/event/res/07/me07_08.txt#46#12,私はどのくらい気を失っていましたか。,我昏睡了多久？,translated,卡诺,ee490d00ae,br=0 nl=0,1,
inc/event/res/07/me07_08.txt#47#12,"ほんの３０分ほど。
体は休まった？","仅仅３０分钟左右而已。
身体恢复些了吗？",translated,吉鲁,6e08ca82da,br=0 nl=1,2,
inc/event/res/07/me07_08.txt#49#12,"少しは休めたようね。
さぁ、力場へ向かいましょう。","看来稍微休息过来了呢。
好啦，我们前往力场吧。",translated,妮诺,9917fc2513,br=0 nl=1,2,
inc/event/res/07/me07_08.txt#50#12,力場……ですか？,力场……是吗？,translated,卡诺,459c74941c,br=0 nl=0,1,
inc/event/res/07/me07_08.txt#51#12,"そう。私達は貴方の希望を叶えて、
貴方の過去を全部教えた。","没错。我们达成了你的愿望，
将你的过去全盘托出了。",translated,吉鲁,bb74f76315,br=0 nl=1,2,
inc/event/res/07/me07_08.txt#52#12,だから、次は貴方が私達の願いを叶える番。,所以，接下来轮到你来实现我们的愿望了。,translated,吉鲁,7796d31643,br=0 nl=0,1,
inc/event/res/07/me07_08.txt#53#12,"そうですね……。わかりました。
しかし、一体何をするというのです？","确实如此呢……我知道了。
可是，到底要做什么呢？",translated,卡诺,9d243d215e,br=0 nl=1,2,
inc/event/res/07/me07_08.txt#54#12,"謳って欲しい。
私を、私のいた世界へ還す為の詩を。","我希望你歌唱。
唱响为了将我送回原本世界的诗篇。",translated,妮诺,486a518b7f,br=0 nl=1,2,
inc/event/res/07/me07_08.txt#55#12,"……詩を？
ですが、先日の話によれば、その力場という
場所は、イオナサルの為のものだと――","……诗篇？
可是，照前几天的说法，那个叫力场的地方
不是为了依欧娜萨鲁而设的吗――",translated,卡诺,2c1444c1a2,br=0 nl=2,3,
inc/event/res/07/me07_08.txt#56#12,"……！！
そういえば……。","……！！
说起来……",translated,卡诺,f54d9a7d12,br=0 nl=1,2,
inc/event/res/07/me07_08.txt#57#12,"先日、クラケット博士が話していた
『イオナサルを還す』というのは
どういうことなのです！？","前几天库拉肯特博士所说的
“送还依欧娜萨鲁”，到底是什么意思！？",translated,卡诺,d2570bb151,br=0 nl=2,3,
inc/event/res/07/me07_08.txt#58#12,"あぁ……確かその事は、後でじっくり
お教えします、と約束しましたわね。
それでは今お話ししましょう。","啊……我确实承诺过之后会向您详加说明呢。
那么就现在跟您好好讲讲吧。",translated,吉鲁,e3ebbb7180,br=0 nl=2,3,
inc/event/res/07/me07_08.txt#59#12,"ですが…この話を聞けば、
あの子の事を、今までと同じ見方で見る事は、
出来なくなりますわよ？","不过……听了这个故事之后，
您可就再也无法用以往的眼光
去看待那孩子了哦？",translated,吉鲁,dfccf462b2,br=0 nl=2,3,
inc/event/res/07/me07_08.txt#60#12,"……っ。
構いません。","……唔。
无所谓。",translated,卡诺,8e102579dc,br=0 nl=1,2,
inc/event/res/07/me07_08.txt#61#12,"イオナサルとは、お互いに真実を見つけ
教え合うと約束しました。","我和依欧娜萨鲁约定过，
要共同探求真相、互诉心声。",translated,卡诺,0d407e3cae,br=0 nl=1,2,
inc/event/res/07/me07_08.txt#62#12,"私は……彼女が何者であれ、
偏見を持つことはありません。","我……无论她是什么人，
都绝不会抱有任何偏见。",translated,卡诺,98b3cfe352,br=0 nl=1,2,
inc/event/res/07/me07_08.txt#63#12,"ふふ、さすがは全ての生命を尊ぶ大司教様。
わかりました。それではお話しします。","呵呵，不愧是敬重一切生命的大主教殿下。
我明白了。那么我就如实相告吧。",translated,吉鲁,798d260410,br=0 nl=1,2,
inc/event/res/07/me07_08.txt#64#12,"ですが、ここではPLASMAに見つかります。
せめて、どこか部屋へ隠れましょう。","不过在这里会被PLASMA发现。
我们至少找个房间躲起来吧。",translated,吉鲁,d8ed8f0b91,br=0 nl=1,2,
inc/event/res/07/me07_08.txt#85#12,それでは、ご説明しましょう。,那么，我就向您说明吧。,translated,吉鲁,dffc27a87e,br=0 nl=0,1,
inc/event/res/07/me07_08.txt#87#12,"あの子は……イオンは、
この世界の生命ではありません。","那孩子……依恩，
并非这个世界的生命。",translated,吉鲁,5ecebf59af,br=0 nl=1,2,
inc/event/res/07/me07_08.txt#88#12,"ッ！？
なんですって？
どういうことです？","唔！？
你说什么？
这是什么意思？",translated,卡诺,8d3776c6e9,br=0 nl=2,3,
inc/event/res/07/me07_08.txt#89#12,"私と同じ。
別のセカイから連れてこられた生命。","和我一样。
是从别的世界被带来的生命。",translated,妮诺,a9e9f41a17,br=0 nl=1,2,
inc/event/res/07/me07_08.txt#90#12,……し、しかし、何も証拠はありません。,……但、但是，这根本毫无证据。,translated,卡诺,aeaab10518,br=0 nl=0,1,
inc/event/res/07/me07_08.txt#92#12,ホントに？　心当たりは無い？,真的吗？你难道一点头绪都没有？,translated,妮诺,79722ba540,br=0 nl=0,1,
inc/event/res/07/me07_08.txt#93#12,心当たり……。,头绪……,translated,卡诺,43ea4774fe,br=0 nl=0,1,
inc/event/res/07/me07_08.txt#94#12,"{万寿沙羅を救った大きな花}。
誰も見たことの無いその花の、
本当の名は『ハス』。","{拯救万寿沙罗的大花}。
那朵无人得见的奇花，
真正的大名叫作“莲花”。",translated,妮诺,7e87d6eafa,br=1 nl=2,3,keep-terms {万寿沙羅を救った大きな花}
inc/event/res/07/me07_08.txt#94#14,皇位継承の儀が始まり、初めて降り立った地上でイオンが紡いだ詩魔法。<CR>ラシェーラでは見たことがない花だったため、その巨大な様から『ビッグフラワー』と呼ばれるようになる。<CR>その花の正体は地球にも存在する『ハス』であり、バーストを跳ね返す能力と巨大さを除けば、我々が良く知る花の一つである。<CR>その能力はイオンが使った俯瞰視点によるものであり、巨大さは助かりたいと願う万寿沙羅住民の願いの集まりにほかならない。<CR>現在においても、万寿沙羅住民が常にチェインしてエネルギーを与え続けることで、地上に咲き続けている。,皇位继承仪式开幕后，依恩初次降临地面时所纺织的诗魔法。<CR>由于那是拉榭拉从未见过的花朵，因其硕大无朋的姿态而被人们称为“大花朵”。<CR>那朵花的真面目其实是地球上也存在的“莲花”，若除去反弹爆炸的能力与庞大身形不谈，便是我们所熟知的花卉之一。<CR>其能力源自依恩所施展的俯瞰视点，而巨大化则无非是渴望获救的万寿沙罗居民愿望的汇聚。<CR>即便是现在，万寿沙罗居民也始终通过连锁源源不断地提供能量，使其持续盛开在地面上。,translated,妮诺,67674220e4,<CR> <CR> <CR> <CR> br=0 nl=0,1,keep-tags <CR>; src-longest-line=263
inc/event/res/07/me07_08.txt#95#12,"貴方も思ったはず。
あの、どんくさい、逃げるばかりの皇女が
あのような力を持っているなんて、と。","想必你也曾纳闷过吧。
那个笨拙又只会一味逃跑的皇女，
居然拥有那般神力。",translated,妮诺,07468ae280,br=0 nl=2,3,
inc/event/res/07/me07_08.txt#96#12,"それは、イオナサルに潜在的な力が
眠っていただけのこと。","那是因为依欧娜萨鲁体内
沉睡着潜在的力量。",translated,卡诺,558d2207d9,br=0 nl=1,2,
inc/event/res/07/me07_08.txt#98#12,"その潜在的な力は、
この世の全ての法則を一瞬にして見極め、
全てを思い通りに操作する力よ……。","那种潜在力量，能在一瞬间看透此世所有法则，
将一切随心所欲地操纵自如……",translated,妮诺,fce63289e3,br=0 nl=2,3,
inc/event/res/07/me07_08.txt#99#12,"そしてそれは、このセカイの外側にいる
命のみが、自然と使える、驚異的な力……。","而那正是仅有置身此世之外的生命
方能自然施展的、惊世骇俗的神力……",translated,妮诺,f6f1c3a3ec,br=0 nl=1,2,
inc/event/res/07/me07_08.txt#100#12,その力とは……俯瞰視点。,那股力量便是……俯瞰视点。,translated,妮诺,351a270a22,br=0 nl=0,1,
inc/event/res/07/me07_08.txt#102#12,…俯瞰…視点……。,……俯瞰……视点……,translated,卡诺,b14ae3790c,br=0 nl=0,1,
inc/event/res/07/me07_08.txt#104#12,"私も、イオン以上にその力を自由に使える。
だから、シェルノトロンサーバーに
閉じこめられ、このセカイに利用されてた。","我比起依恩更能随心所欲地驾驭它。
正因如此，才被囚禁在榭鲁诺特伦服务器中，
被这个世界所利用榨取。",translated,妮诺,0a89e652f7,br=0 nl=2,3,
inc/event/res/07/me07_08.txt#105#12,"ということは、イオナサルは……
正当な皇位継承者では……。","也就是说，依欧娜萨鲁她……
根本不是正统的皇位继承者……",translated,卡诺,a8ce5daa5d,br=0 nl=1,2,
inc/event/res/07/me07_08.txt#106#12,"当然、違います。
カノイール陛下と同じく、ね。","那是自然，她并非正统。
就和卡诺伊尔陛下一样呢。",translated,吉鲁,2682f844ba,br=0 nl=1,2,
inc/event/res/07/me07_08.txt#107#12,"……何ということなのでしょう……。
地文も、天文も……っ！！","……怎么会是这样……
无论是地文，还是天文……！",translated,卡诺,4ec4822934,br=0 nl=1,2,
inc/event/res/07/me07_08.txt#108#12,"組織の威厳は！？
古来からの由緒正しきしきたりと
伝統はどうしたのです！？","组织的威严何在！？
自古相承的正统规制与传统
都丢到哪里去了！？",translated,卡诺,868c3168c4,br=0 nl=2,3,
inc/event/res/07/me07_08.txt#109#12,"地文も天文も、もうそんな事に構って
いられるほど余裕は無いのですよ。","地文和天文，都已经窘迫到
无暇顾及那些繁文缛节的地步了。",translated,吉鲁,57ec4cfb86,br=0 nl=1,2,
inc/event/res/07/me07_08.txt#110#12,"どちらも、このセカイを救うという
大義名分を掲げ、権力闘争という名の
最終戦争をしている。","双方皆打着拯救这个世界的大义旗号，
进行着以权力斗争为名的最终决战。",translated,吉鲁,1774d916d2,br=0 nl=2,3,
inc/event/res/07/me07_08.txt#111#12,"陛下も、そしてイオンも、
その駒の一つに過ぎないというわけです。","陛下也好，依恩也罢，
都不过是那盘棋局上的棋子之一罢了。",translated,吉鲁,86d0f11083,br=0 nl=1,2,
inc/event/res/07/me07_08.txt#113#12,"……そう、だったのですね……。
そうとも知らず、私は……。","……原来、是这样啊……
我竟懵然不知，还一直……",translated,卡诺,ca00bb8922,br=0 nl=1,2,
inc/event/res/07/me07_08.txt#114#12,"本当に何も知らされずに、
ただ祭り上げられていただけなのね。","真的是什么都不知晓，
只是被众人当成神明般供奉起来而已呢。",translated,妮诺,ddfaef6c1e,br=0 nl=1,2,
inc/event/res/07/me07_08.txt#115#12,……そのようです。,……看来确实如此。,translated,卡诺,777e430f86,br=0 nl=0,1,
inc/event/res/07/me07_08.txt#117#12,そして、ここからが本題ですわ。,然后，接下来才是正题。,translated,吉鲁,f3f5e9306e,br=0 nl=0,1,
inc/event/res/07/me07_08.txt#118#12,……っ！,……唔！,translated,卡诺,6642889c01,br=0 nl=0,1,
inc/event/res/07/me07_08.txt#120#12,"地文がカノイール陛下を擁立したのには、
確固たる理由があります。
その理由をどうか、聞いていただきたい。","地文之所以拥立卡诺伊尔陛下，
是有着确凿理由的。
请您务必听一听其中的缘由。",translated,吉鲁,c60161fe7b,br=0 nl=2,3,
inc/event/res/07/me07_08.txt#121#12,"単刀直入に言いましょう。
これは、ジェノムの王であるコーザルの
意図により計画された事なのです。","我就开门见山地说了。
这全都是杰诺姆之王考扎尔
遵照其意志所策划的布局。",translated,吉鲁,bcee6b4808,br=0 nl=2,3,
inc/event/res/07/me07_08.txt#122#12,なんですって！？,你说什么！？,translated,卡诺,e0c08ebb37,br=0 nl=0,1,
inc/event/res/07/me07_08.txt#123#12,"それも全ては、この惑星ラシェーラを
護りたいという想いから生まれたもの。","这一切的一切，也全都源自
想要守护这颗行星拉榭拉的强烈心愿。",translated,吉鲁,09003d8cac,br=0 nl=1,2,
inc/event/res/07/me07_08.txt#124#12,……コーザルが……。,……考扎尔它……,translated,卡诺,a7ed033877,br=0 nl=0,1,
inc/event/res/07/me07_08.txt#125#12,"天文は、イオンを使ってグランフェニックス
計画を遂行しようとしています。","天文正企图利用依恩，
去推行大凤凰计划。",translated,吉鲁,e750ca3af0,br=0 nl=1,2,
inc/event/res/07/me07_08.txt#126#12,"しかし、{グランフェニックス計画}は
この惑星ラシェーラを全て破壊します。","但是，{大凤凰计划}
将会把这颗行星拉榭拉彻底摧毁殆尽。",translated,吉鲁,34aa74e446,br=1 nl=1,2,keep-terms {グランフェニックス計画}
inc/event/res/07/me07_08.txt#126#14,天文が推進するラシェーラ救済計画の名称。<CR>地文が掲げるセーブ・ベゼルは、現在のラシェーラを<CR>再生される計画であるのに対して、グランフェニックス計画はラシェーラをエネルギーに変換し、超長距離空間移動を行う計画である。<CR>当然ながら、そのワープ先は人間や動物たちが住める、ラシェーラ住民にとって第二の故郷となる惑星でなければならない。なぜならエネルギーとなるラシェーラは<CR>一つしか存在せず、空間移動は一度しかできないからである。あまりにも壮大な計画かつ、ラシェーラを破壊しなければいけないため、民衆からの反発も大きかったが計画の要であるシーカーが見つかり、現在では多くの<CR>天文派から支持を得ている。,天文所推进的拉榭拉拯救计划的名称。<CR>地文所倡导的守护底盘是将现有的拉榭拉<CR>予以再生的计划，与之相对，大凤凰计划则是将拉榭拉转换为能量，进行超远距离空间跃迁的计划。<CR>理所当然，跃迁的目的地必须是适合人类与动物居住、能成为拉榭拉居民第二故乡的行星。因为作为能量来源的拉榭拉<CR>仅有一个，空间跃迁也只能进行一次。由于计划过于宏大，加之必须摧毁拉榭拉本体，曾遭到民众的强烈反对，但随着计划的核心“搜寻者”被发现，如今已获得众多<CR>天文派人士的支持。,translated,吉鲁,b9bc55a596,<CR> <CR> <CR> <CR> <CR> br=0 nl=0,1,keep-tags <CR>; src-longest-line=311
inc/event/res/07/me07_08.txt#127#12,そう、人類以外の全ての生命と共に。,没错，连同除人类以外的一切生命。,translated,吉鲁,ed7af3d78d,br=0 nl=0,1,
inc/event/res/07/me07_08.txt#128#12,"天文は、全ての生命を救おうとは
思わないのですか？","难道天文就完全没有想过
要去拯救所有的生命吗？",translated,卡诺,685486ab1b,br=0 nl=1,2,
inc/event/res/07/me07_08.txt#129#12,"天文が救うのは人間だけですわ。
そこには、他の動物はおろか、
ジェノムすらも含まれていません。","天文所要拯救的仅仅只有人类而已。
那里面别说是其他动物了，
甚至连杰诺姆都不包含在内。",translated,吉鲁,21786156fd,br=0 nl=2,3,
inc/event/res/07/me07_08.txt#130#12,"移住先の惑星の生態系を
破壊しないための配慮なのだそうです。",据说是出于不破坏移居行星生态系统的考量。,translated,吉鲁,a82259691f,br=0 nl=1,2,
inc/event/res/07/me07_08.txt#131#12,何て酷い……。,何等残忍……,translated,卡诺,1ed08838e4,br=0 nl=0,1,
inc/event/res/07/me07_08.txt#132#12,"だからコーザルは、
絶対にグランフェニックス計画を
実現させてはならないと……。","所以考扎尔才认为，
绝对不能让大凤凰计划得以实现……",translated,卡诺,83f2bb2d8b,br=0 nl=2,3,
inc/event/res/07/me07_08.txt#133#12,その通りです。,正是如此。,translated,吉鲁,70cfe54927,br=0 nl=0,1,
inc/event/res/07/me07_08.txt#134#12,"カノイール陛下は、その為に擁立されました。
この星を護るために。","卡诺伊尔陛下，正是为此才被拥立的。
为了守护这颗星球。",translated,吉鲁,de55c6a25a,br=0 nl=1,2,
inc/event/res/07/me07_08.txt#135#12,"確かに伝統は大事です。
ですが、数億の命が失われようとしている時に、
伝統はどれ程重要でしょう……？","传统固然重要。
然而，当数以亿计的生命即将消亡之际，
传统又能有多大的分量呢……？",translated,吉鲁,4529eaed19,br=0 nl=2,3,
inc/event/res/07/me07_08.txt#136#12,"……そうですね。貴方の言うとおりかも
しれません。ですが、それと力場でネロを
還すことと、どのような関係が？","……确实。或许正如你所言。
但是，这与在力场送还妮诺之间，
又有什么关联呢？",translated,卡诺,06476ea53f,br=0 nl=2,3,
inc/event/res/07/me07_08.txt#137#12,地文にとって、彼が絶対に必要なのです。,对于地文而言，他是不可或缺的人。,translated,吉鲁,3fbc802f92,br=0 nl=0,1,
inc/event/res/07/me07_08.txt#138#12,……彼？,……他？,translated,卡诺,ff8885e985,br=0 nl=0,1,
inc/event/res/07/me07_08.txt#140#12,"ウンドゥ・クウィンクウェイム。
偉大なる遺伝子科学の権威です。","温多・奎因奎姆。
伟大的基因科学权威。",translated,吉鲁,9c47086e54,br=0 nl=1,2,
inc/event/res/07/me07_08.txt#142#12,"ウンドゥ！？
彼は確か、ネロの中に……。","温多！？
他我记得是在妮诺的体内……",translated,卡诺,d582737e0b,br=0 nl=1,2,
inc/event/res/07/me07_08.txt#143#12,"そう。
私と一緒に、私のジェノメトリクスで
暮らしてる。","没错。
正和我一起，在我的杰诺梅特利库斯里生活着。",translated,妮诺,3baafe5706,br=0 nl=2,3,
inc/event/res/07/me07_08.txt#144#12,"ウンドゥはとてもいい人。最初は嫌だったけど、
今はすっかり好きになっちゃった。","温多是个非常好的人。起初我挺讨厌他的，
但现在我已经彻底喜欢上他了。",translated,妮诺,c7f7d38e7d,br=0 nl=1,2,
inc/event/res/07/me07_08.txt#145#12,"だから、私を元のセカイへ返してもらえる
までは、ウンドゥを返さないことにしたの。","所以，在把我送回原来的世界之前，
我决定绝不把温多交还出去。",translated,妮诺,8a5b9e9ed9,br=0 nl=1,2,
inc/event/res/07/me07_08.txt#147#12,……っ。,……唔。,translated,吉鲁,a3b529609c,br=0 nl=0,1,
inc/event/res/07/me07_08.txt#148#12,"……ウンドゥは……、
私の愛する人でもあります。","……温多他……
也是我所挚爱之人。",translated,吉鲁,7979252e34,br=0 nl=1,2,
inc/event/res/07/me07_08.txt#149#12,"……！？
そうだったのですか……。
それはさぞや、お辛いことでしょう。","……！？
原来是这样吗……
那想必，您一定非常痛苦吧。",translated,卡诺,fda5cc86fd,br=0 nl=2,3,
inc/event/res/07/me07_08.txt#150#12,"カノイール陛下。
ウンドゥは今、{セーブベゼル}を成功させ
この星を救うために必要な人です。","卡诺伊尔陛下。
温多如今正是为了使{存档贝捷尔}成功、
拯救这颗星球所不可或缺的人。",translated,吉鲁,7711d2016c,br=1 nl=2,3,keep-terms {セーブベゼル}
inc/event/res/07/me07_08.txt#150#14,地文が推進するラシェーラ救済計画の名称。<CR>天文が推進しているグランフェニックス計画が、箱舟を作り人のみが脱出する計画であるのに対して、セーブ・ベゼルは、赤色巨星となってしまったラシェーラの太陽ベゼルをジェノムと共に正常化し、今現在のラシェーラを救うための計画である。<CR>セーブ・ベゼルの中心となる人物は地文皇女であるカノンであり、過去に10年に1度と言われるほどのウェーブバーストの発生を過去に防いだ実績を持つ。地文はこの計画の発表と同時に、声帯の潰れている人や声帯域が狭い人たちを無償で助ける政策も発表した。<CR>セーブ・ベゼルと神の子と賞賛されたカノンの登場により、当時、天文全盛だった世界は真っ二つに割れた。,地文所推进的拉榭拉救济计划的名称。<CR>相较于天文所推进的制造方舟仅让人类脱身逃离的大凤凰计划，存档贝捷尔则是与杰诺姆携手，将已化为红巨星的拉榭拉太阳贝捷尔恢复正常化、拯救当今拉榭拉的计划。<CR>存档贝捷尔的核心人物是地文皇女卡诺，她过去曾有着成功抵御号称十年一遇的波动爆炸的辉煌功绩。地文在公布该计划的同时，还公布了无偿救助声带受损者及声域狭窄者的政策。<CR>由于存档贝捷尔以及被誉为神之子的卡诺的登场，当时处于天文全盛期的世界瞬间分裂成了势均力敌的两大阵营。,translated,吉鲁,990e64093f,<CR> <CR> <CR> br=0 nl=0,1,keep-tags <CR>; src-longest-line=313
inc/event/res/07/me07_08.txt#151#12,"どうか、この星を護るためにも、
ネロを還すため、謳って頂きたい。","恳请您，为了守护这颗星球，
为了送还妮诺，放声歌唱吧。",translated,吉鲁,41df152c08,br=0 nl=1,2,
inc/event/res/07/me07_08.txt#153#12,"し、しかし……他に方法は無いのですか？
ネロとウンドゥを分離させる方法は……。","但、但是……难道就没有别的办法了吗？
能够将妮诺与温多剥离开来的方法……",translated,卡诺,1b266e5778,br=0 nl=1,2,
inc/event/res/07/me07_08.txt#154#12,"１年をその時間に費やし、解決策の無いままに、
その後天文によって６年……。
手の届かない所へ……。","我们花了整整１年寻找对策却无功而返，
随后被天文关押了６年……
沦落到遥不可及的地方……",translated,吉鲁,93aeb0005d,br=0 nl=2,3,
inc/event/res/07/me07_08.txt#155#12,"今この状況でさえ、一時のものでしかありません。
もう他に選択肢は無いのです。カノイール陛下。","即便眼下这种境况，也只是昙花一现。
我们已经别无选择了。卡诺伊尔陛下。",translated,吉鲁,2391b83b8b,br=0 nl=1,2,
inc/event/res/07/me07_08.txt#159#12,"……わかりました。
その大役、引き受けましょう。","……我明白了。
这份重任，我就接下了。",translated,卡诺,4a610c34c7,br=0 nl=1,2,
inc/event/res/07/me07_08.txt#181#12,この先しばらくはまっすぐだ。,前面这一段路一直往前走就是了。,translated,库拉肯特,a180d6aa9d,br=0 nl=0,1,
inc/event/res/07/me07_08.txt#182#12,わかりました。,明白了。,translated,蕾娜露露,731afb2a1a,br=0 nl=0,1,
inc/event/res/07/me07_08.txt#183#12,引き続き警戒して。,继续保持警戒。,translated,蕾娜露露,9af3e7ab31,br=0 nl=0,1,
inc/event/res/07/me07_08.txt#184#12,はっ。,是。,translated,特工,de0b9e5617,br=0 nl=0,1,
inc/event/res/07/me07_08.txt#189#12,"……ジルとウンドゥはネロとともに
７次元先へ行こうとしている。","……吉鲁和温多正打算与妮诺一同
前往７次元之外的世界。",translated,库拉肯特,cac451e56b,br=0 nl=1,2,
inc/event/res/07/me07_08.txt#190#12,"だがそれを許せば、
この星は跡形もなく崩壊するだろう。","但若放任他们得逞，
这颗星球恐怕会荡然无存地崩坏瓦解。",translated,库拉肯特,c4b98d06fa,br=0 nl=1,2,
inc/event/res/07/me07_08.txt#191#12,"いまラシェーラを壊さずに
７次元移動させられるのは一人だけなのだ。","眼下在不破坏拉榭拉的前提下
能够进行７次元移动的，仅限一人而已。",translated,库拉肯特,f80416e4ea,br=0 nl=1,2,
inc/event/res/07/me07_08.txt#192#12,"でも、それでもこの星は緩やかに
バランスを欠いていく。そうでしょう？","但是，即便如此这颗星球也会
缓慢地失去平衡对吧？",translated,依恩,66281891ac,br=0 nl=1,2,
inc/event/res/07/me07_08.txt#193#12,ああ、その通りだ。,啊，正是如此。,translated,库拉肯特,763201fc5a,br=0 nl=0,1,
inc/event/res/07/me07_08.txt#194#12,"もしそのことを知っていたらわたし、
もっと反対しました。以前よりもずっと。","要是我早知道这件事，
我一定会比从前更加坚决地反对。",translated,依恩,a8853caf6e,br=0 nl=1,2,
inc/event/res/07/me07_08.txt#195#12,"それでも我々は君を元のセカイへ
還さねばならん。",即便如此，我们也必须把你送回原本的世界。,translated,库拉肯特,2df9841f84,br=0 nl=1,2,
inc/event/res/07/me07_08.txt#196#12,"これは我々が君に、そして君のセカイに
対して犯した『罪』だからだ。
償わねばならん。","因为这是我们对你、以及对你的世界
所犯下的“罪孽”。必须为此赎罪。",translated,库拉肯特,bae6d5a25f,br=0 nl=2,3,
inc/event/res/07/me07_08.txt#197#12,"よいか。
君を失ったことで、君のセカイもまた
バランスを失っている。","听好。
正因为失去了你，你的世界也同样失去了平衡。",translated,库拉肯特,937004278e,br=0 nl=2,3,
inc/event/res/07/me07_08.txt#198#12,"ただ、君のセカイのアンバランスは、
ここよりも緩やかだ。
なぜなら、君一人を失っただけだからだ。","只是，你的世界的失衡比起这里要缓和得多。
因为那边仅仅只是失去了你一个人而已。",translated,库拉肯特,d288bf009c,br=0 nl=2,3,
inc/event/res/07/me07_08.txt#199#12,"だがこの世界には君とネロがいる。
それだけでアンバランスは二乗だ。","但在这个世界却同时存在着你与妮诺。
仅此一点，失衡程度便呈几何级倍增。",translated,库拉肯特,ddaf363f63,br=0 nl=1,2,
inc/event/res/07/me07_08.txt#200#12,"その結果が、太陽の膨張と{バースト}の
激化なのだ。",其结果，就是太阳的膨胀以及{爆炸}的加剧。,translated,库拉肯特,aaec22304a,br=1 nl=1,2,keep-terms {バースト}
inc/event/res/07/me07_08.txt#200#14,この世界の太陽ベゼルから降り注ぐ、生命に有害な波動のこと。<CR><CR>通常状態の太陽であっても、降り注いでいる電磁波や放射線、太陽風のことであるが、ベゼルは既に寿命を迎えた巨星である為、特にこれらのエネルギーが高い。<CR><CR>その為人々は、シェルと呼ばれる天蓋によって護られた僅かな土地に、密集し住んでいる。,指从这个世界的太阳贝捷尔倾泻而下的、对生命体有害的波动。<CR><CR>即便是在太阳处于通常状态下，也是指其倾泻而下的电磁波、辐射以及太阳风，但由于贝捷尔已是濒临寿命终点的巨星，因此这些能量格外强烈。<CR><CR>正因如此，人们唯有聚集在受到名为穹顶（榭鲁）的天盖所庇护的微小土地上密集生活。,translated,库拉肯特,1b9c4f1619,<CR> <CR> <CR> <CR> br=0 nl=0,1,keep-tags <CR>; src-longest-line=159
inc/event/res/07/me07_08.txt#201#12,"それなら、わたしじゃなくてネロを
還してもラシェーラは救われますよね！？","既然如此，那送还妮诺而不是送还我，
拉榭拉不也一样能获救吗！？",translated,依恩,3032fd9951,br=0 nl=1,2,
inc/event/res/07/me07_08.txt#202#12,"バランスだけを問題にするなら、そうだ。
だが、ネロはもうこの世界のインフラとして
根付いてしまっている。","若单论平衡问题，确实如此。
然而妮诺如今已经作为这个世界的基础设施根深蒂固。",translated,库拉肯特,da94ceb074,br=0 nl=2,3,
inc/event/res/07/me07_08.txt#203#12,"いまこの社会でシェルノトロンが
完全に失われてしまえば、
それはそれで人類の破滅なのだ。","倘若在这个社会上彻底失去榭鲁诺特伦，
人类也同样会走向灭亡。",translated,库拉肯特,5e63416d03,br=0 nl=2,3,
inc/event/res/07/me07_08.txt#205#12,"だからこそ、順番が重要なのだ。
天文は段階的にトロンを
脱してゆかねばならん。","正因如此，先后顺序才至关重要。
天文必须分阶段逐步摆脱对特伦的依赖。",translated,库拉肯特,ca937b022c,br=0 nl=2,3,
inc/event/res/07/me07_08.txt#206#12,"その権力で、人々をトロンから
遠ざけねばならん。","必须依靠统治权力，
让民众逐渐脱离特伦。",translated,库拉肯特,94d28bda5b,br=0 nl=1,2,
inc/event/res/07/me07_08.txt#207#12,"私はサーリを中心に{クオンタイズ}という
集団を組織した。","我以莎丽为核心，
组建了名为{库翁泰兹}的团体。",translated,库拉肯特,2311ae8f9e,br=1 nl=1,2,keep-terms {クオンタイズ}
inc/event/res/07/me07_08.txt#207#14,情報集約都市アルメティカでＰＬＡＳＭＡに捕らえられたイオンたちの元に、突如現れた組織の名称。<CR>その正体はコロン・フォーシーズンに拠点を持ち、<CR>サーリを中心とした世界救済を目的とした組織だった。ハードウェア、ソフトウェア双方の能力に長けた人材が集まっており、条件付きだが世界一硬いとされる<CR>ＰＬＡＳＭＡにすら侵入することが可能なほどである。<CR>コロン・フォーシーズンではイオンたちの協力の下、<CR>ジルの研究室に施された量子暗号（天文の最重要機密に使用されている恐ろしく強固な暗号）の解読にすら成功している。,在信息集约都市阿尔梅堤嘉被PLASMA抓获的依恩等人身边，突然现身的组织名称。<CR>其实际上是以克隆四季为据点、<CR>以莎丽为核心、以拯救世界为宗旨的组织。聚集了兼具卓越硬件与软件能力的人才，即便附带苛刻条件，也能侵入号称世界防守最严密的<CR>PLASMA内部。<CR>在克隆四季中，还在依恩等人的协助下，<CR>成功破译了布置在吉鲁研究室的量子密码（用于天文最高机密的极其坚不可摧的密码）。,translated,库拉肯特,f71328ef17,<CR> <CR> <CR> <CR> <CR> br=0 nl=0,1,keep-tags <CR>; src-longest-line=265
inc/event/res/07/me07_08.txt#208#12,"トロンという技術を放棄すること、
そして代わりになるインフラを提供するよう
要求するためにね。","就是为了要求放弃特伦这项技术，
并督促其提供能够取而代之的基础设施。",translated,库拉肯特,0d972abade,br=0 nl=2,3,
inc/event/res/07/me07_08.txt#209#12,そんなこと、本当にできるんでしょうか……。,那种事，真的能够做到吗……,translated,依恩,d03ffb1807,br=0 nl=0,1,
inc/event/res/07/me07_08.txt#210#12,"いまは困難だとしか言えん。
連中は狡猾で、冷酷だ。","现在我只能说极其困难。
那帮家伙狡猾又冷酷。",translated,库拉肯特,d758df3a88,br=0 nl=1,2,
inc/event/res/07/me07_08.txt#211#12,"太陽の膨張やバーストの原因が、
君とネロであることも知っていて隠している。
どうしてだかわかるか？","他们明知太阳膨胀与爆炸的根源是你和妮诺，
却故意隐瞒不报。你明白这是为何吗？",translated,库拉肯特,7e6d3b9f8d,br=0 nl=2,3,
inc/event/res/07/me07_08.txt#212#12,いいえ……。,不明白……,translated,依恩,799bf641ff,br=0 nl=0,1,
inc/event/res/07/me07_08.txt#213#12,"それが公になれば、天文の信頼は地に落ちる。
バーストが発生するのは、
天文の施策が原因だとわかるからだ。","一旦公之于众，天文的威信便会彻底扫地。
因为人们会知道爆炸的发生全拜天文政策所赐。",translated,库拉肯特,f03f3c8014,br=0 nl=2,3,
inc/event/res/07/me07_08.txt#214#12,あ……。,啊……,translated,依恩,674a8541f0,br=0 nl=0,1,
inc/event/res/07/me07_08.txt#215#12,"それだけではない。
グランフェニックス計画が成功して、
新たな星へ移り住む時――","不仅如此。
等到大凤凰计划成功、迁居新星球之际――",translated,库拉肯特,e8376b5ba3,br=0 nl=2,3,
inc/event/res/07/me07_08.txt#216#12,"君とネロは、この星の残骸に捨てられる。
新しい星へ君達を連れて行けば、近い将来
またそこでも世界が歪む事になるからだ。","你和妮诺会被遗弃在这颗星球的废墟中。
因为若是带你们去新星球，不久后那边也会崩坏。",translated,库拉肯特,703326326b,br=0 nl=2,3,
inc/event/res/07/me07_08.txt#217#12,そ、そんな……。,怎、怎么会这样……,translated,依恩,28fc26a4a9,br=0 nl=0,1,
inc/event/res/07/me07_08.txt#218#12,"だから私は、自分の力で君を還そうとした。
そうすれば、世界を……そして君を、
助けることが出来るからな。","所以我才想凭借自己的力量将你送还。
因为唯有如此，才能拯救世界……也拯救你啊。",translated,库拉肯特,902eef34fe,br=0 nl=2,3,
inc/event/res/07/me07_08.txt#219#12,"だが……いまやネロが解放され、
詩姫としてのカノイールも奪われた。
絶対的な危機なのだ。","然而……如今妮诺被释放，
作为诗姬的卡诺伊尔也被夺走。
这是前所未有的绝境。",translated,库拉肯特,25744dabb9,br=0 nl=2,3,
inc/event/res/07/me07_08.txt#220#12,……あっ！,……啊！,translated,依恩,4a070a8e1b,br=0 nl=0,1,
inc/event/res/07/me07_08.txt#221#12,どうした。,怎么了。,translated,库拉肯特,4af772912e,br=0 nl=0,1,
inc/event/res/07/me07_08.txt#222#12,"カノンさんは、この星を救うために
頑張っているんです！",卡诺小姐一直都在为了拯救这颗星球而努力！,translated,依恩,fbeaec34e3,br=0 nl=1,2,
inc/event/res/07/me07_08.txt#223#12,"３人還すということを知れば、
謳うはずありません！","如果知道是要送还３个人，
她绝对不会歌唱的！",translated,依恩,481f0b58bf,br=0 nl=1,2,
inc/event/res/07/me07_08.txt#224#12,"！！
そうか、カノイールは確実に
騙されているということだな！？","！！
原来如此，也就是说
卡诺伊尔必定是被蒙骗了吧！？",translated,库拉肯特,3e3a4bb354,br=0 nl=2,3,
inc/event/res/07/me07_08.txt#225#12,"早く止めに行かないと……
そして真実を伝えないと！！","必须尽快赶去阻止她……
把真相告诉她才行！！",translated,依恩,d4883bec29,br=0 nl=1,2,
inc/event/res/07/me07_08.txt#274#12,いよいよね。,终于到了这一刻呢。,translated,吉鲁,65317ede2a,br=0 nl=0,1,
inc/event/res/07/me07_08.txt#275#12,えぇ。,是的。,translated,妮诺,266e478924,br=0 nl=0,1,
inc/event/res/07/me07_08.txt#301#12,まさか！！,难道说！！,translated,吉鲁,688f28fdbb,br=0 nl=0,1,
inc/event/res/07/me07_08.txt#302#12,ッ！！,唔！！,translated,妮诺,9b8622f226,br=0 nl=0,1,
inc/event/res/07/me07_08.txt#326#12,よせ、謳うんじゃない！！,快住手，不要唱！！,translated,库拉肯特,0b27c662e3,br=0 nl=0,1,
inc/event/res/07/me07_08.txt#327#12,カノンさんっ！！,卡诺小姐！！,translated,依恩,a88831fbdb,br=0 nl=0,1,
inc/event/res/07/me07_08.txt#329#12,──イオナサル！！,――依欧娜萨鲁！！,translated,卡诺,d112b41bfc,br=0 nl=0,1,
inc/event/res/07/me07_08.txt#331#12,"カノンさん、やめてください！！
謳えばラシェーラが潰れてしまいます！","卡诺小姐，请快停下来！！
一旦歌唱拉榭拉就会彻底毁灭的！",translated,依恩,37b9e32b5e,br=0 nl=1,2,
inc/event/res/07/me07_08.txt#338#12,"イオナサル。あなたは天文に洗脳されています。
私はこのネロを還し、世界に安寧を取り戻します。","依欧娜萨鲁。你被天文洗脑了。
我将送还妮诺，为世界重寻安宁。",translated,卡诺,a05fa6d4d8,br=0 nl=1,2,
inc/event/res/07/me07_08.txt#339#12,"あなたは知らないでしょうが、
ネロが存在することで太陽が膨張し、
バーストが増加しているのです。","你或许并不知情，由于妮诺的存在
太阳才在不断膨胀，爆炸也在日益频发。",translated,卡诺,9e5e0de077,br=0 nl=2,3,
inc/event/res/07/me07_08.txt#340#12,"そして天文はそれを知りながら
シェルノトロンを普及させてきた……
決して許されないことです。","而天文明明心知肚明，
却依然在大力普及榭鲁诺特伦……
这绝不可原谅。",translated,卡诺,332096ca95,br=0 nl=2,3,
inc/event/res/07/me07_08.txt#341#12,"今回ばかりは、あなたがどう言おうが
私の想いが変わることはありません。","唯独这一次，无论你说什么
都无法动摇我的决意。",translated,卡诺,8f6480054a,br=0 nl=1,2,
inc/event/res/07/me07_08.txt#348#12,"違うんです！
カノンさんの言ったこと、
わたしみんな知ってます！","不是那样的！
卡诺小姐刚才说的那些，
我也全都知道！",translated,依恩,b0343af625,br=0 nl=2,3,
inc/event/res/07/me07_08.txt#349#12,"だけどカノンさんが謳えば、
７次元移動のためにこの星を
削ってしまうことになるんです！","可是卡诺小姐一旦歌唱，
为了进行７次元移动，
这颗星球就会被彻底吞噬殆尽啊！",translated,依恩,c8f44370b0,br=0 nl=2,3,
inc/event/res/07/me07_08.txt#351#12,"それも承知の上。
ですが、問題ありません。","那点我也早有预料。
但是，绝无大碍。",translated,卡诺,62195084b2,br=0 nl=1,2,
inc/event/res/07/me07_08.txt#352#12,"問題あるんです！
大丈夫なのは一人までなんです！！","大有问题啊！
能平安无事的最多只有一个人而已！！",translated,依恩,050b1b360a,br=0 nl=1,2,
inc/event/res/07/me07_08.txt#353#12,"カノンさんがやろうとしてるみたいに、
３人転送させようとしたら、
星が全部なくなってしまうんです！！","若是像卡诺小姐企图做的那样传送３个人，
整颗星球都会荡然无存的啊！！",translated,依恩,9a3e8a608f,br=0 nl=2,3,
inc/event/res/07/me07_08.txt#354#12,"え……？
ちょっとお待ちなさい。","哎……？
请稍等一下。",translated,卡诺,8cde27f4f0,br=0 nl=1,2,
inc/event/res/07/me07_08.txt#357#12,"それをカノンさんは望んでるんですか！？
世界を救うのが目的なら考え直してください！！","那种结局难道是卡诺小姐所期望的吗！？
如果你的目的是拯救世界，就请三思啊！！",translated,依恩,73cdaf3a3e,br=0 nl=1,2,
inc/event/res/07/me07_08.txt#358#12,"イオナサル、
言っている意味がわかりません。
私はネロを還そうとしているだけで──。","依欧娜萨鲁，
我听不懂你在说什么。
我只是打算送还妮诺一人而已――",translated,卡诺,c1543afaa2,br=0 nl=2,3,
inc/event/res/07/me07_08.txt#359#12,え！？,哎！？,translated,依恩,4d2f18c9e0,br=0 nl=0,1,
inc/event/res/07/me07_08.txt#378#12,え……………………。,哎………………,translated,依恩,12f3a414e1,br=0 nl=0,1,
inc/event/res/07/me07_08.txt#379#12,カノンさん……カノンさん！！？？,卡诺小姐……卡诺小姐！！？？,translated,依恩,b8028b2109,br=0 nl=0,1,
inc/event/res/07/me07_08.txt#384#12,"第一隊はイオナサル皇女とクラケット博士を
連行！　第三隊は中央桟橋へ、
カノイールらを拘束しろ！！","第一队押送依欧娜萨鲁皇女与库拉肯特博士！
第三队前往中央栈桥，拘捕卡诺伊尔等人！！",translated,特工,c4cec3ad05,br=0 nl=2,3,
inc/event/res/07/me07_08.txt#388#12,やめてっ、放して！！,快住手，放开我！！,translated,依恩,4409581a62,br=0 nl=0,1,
inc/event/res/07/me07_08.txt#389#12,"くっ、何をする！
話が違うぞ！！","可恶，你们干什么！
这跟说好的不一样！！",translated,库拉肯特,b0c32dacab,br=0 nl=1,2,
inc/event/res/07/me07_08.txt#390#12,カノンさん！　カノンさん！！,卡诺小姐！卡诺小姐！！,translated,依恩,f36c392446,br=0 nl=0,1,
inc/event/res/07/me07_08.txt#391#12,カノンさーーーん！！！,卡诺小姐――！！！,translated,依恩,13b7efd258,br=0 nl=0,1,
inc/event/res/07/me07_08.txt#418#12,"カノイールはネロだけを
転送しようとしていた……。","卡诺伊尔原本打算传送的
仅仅只有妮诺一人……",translated,莎丽,ba3d9ae6ff,br=0 nl=1,2,
inc/event/res/07/me07_08.txt#419#12,"裏切られたんだよ、PLASMAに。
我々が騙されていた。","我们被PLASMA背叛了。
是我们被骗了。",translated,库拉肯特,bde1793d34,br=0 nl=1,2,
inc/event/res/07/me07_08.txt#420#12,"ネロだけを還そうとしていたとわかっていれば、
私ももっと落ち着いて行動できたものを……。","如果早知道卡诺只打算送还妮诺一人，
我也能采取更加冷静沉着的行动了……",translated,库拉肯特,418bf28783,br=0 nl=1,2,
inc/event/res/07/me07_08.txt#421#12,"奴らはそれを見抜いていたんだ。
だからあのような嘘を……。","那些家伙看穿了这一点。
所以才编造了那种谎言……",translated,库拉肯特,49ba922111,br=0 nl=1,2,
inc/event/res/07/me07_08.txt#422#12,"残念だけど……ゲームオーバーです。
せっかく病気から生き延びたけど……
無駄だった。","虽说很遗憾……但游戏结束了。
亏我好不容易从重病中挺了过来……
全都白费了。",translated,莎丽,5b74a7476b,br=0 nl=2,3,
inc/event/res/07/me07_08.txt#423#12,そんなことを言ってはいかん！,休得说这种丧气话！,translated,库拉肯特,002fdf1a2d,br=0 nl=0,1,
inc/event/res/07/me07_08.txt#424#12,"……いや、すまん。
私の判断が甘かったからこうなったのだ。
許してくれ。","……不，对不起。
都是因为我判断过于天真才招致此祸。
请原谅我。",translated,库拉肯特,dff16a68b3,br=0 nl=2,3,
inc/event/res/07/me07_08.txt#425#12,"いいえ、それは違います。
あのタイプライター文書は良く作られて
いました。PLASMAの本気を見た気がします。","不，并非如此。
那份打字机文书伪造得极其逼真。
我感觉见识到了PLASMA动真格的厉害。",translated,莎丽,8daf200f16,br=0 nl=2,3,
inc/event/res/07/me07_08.txt#426#12,"博士でなくても、誰であろうと、
あの文書には騙されたでしょう。","换作是旁人，无论换成是谁，
恐怕也都会被那份文书所蒙骗吧。",translated,莎丽,5cf14899d0,br=0 nl=1,2,
inc/event/res/07/me07_08.txt#433#12,ッ……いよいよ、時が来たようだな。,唔……看来时候终于到了呢。,translated,库拉肯特,d3f45798e2,br=0 nl=0,1,
inc/event/res/07/me07_08.txt#434#12,く……。,唔……,translated,莎丽,d338b41228,br=0 nl=0,1,
inc/event/res/07/me07_08.txt#436#12,きゅうぅ……。,啾呜……,translated,泰雷芬肯,654626296e,br=0 nl=0,1,
inc/event/res/07/me07_08.txt#446#12,"！！
お、お前は……！！","！！
你、你是……！！",translated,库拉肯特,a5fabb6f98,br=0 nl=1,2,
inc/event/res/07/me07_09.txt#28#12,お、お前たちッ……！,你、你们几个……！,translated,库拉肯特,61274cd2a3,br=0 nl=0,1,
inc/event/res/07/me07_09.txt#29#12,なぜここの鍵を！？,怎么会有这里的钥匙！？,translated,库拉肯特,249d29912c,br=0 nl=0,1,
inc/event/res/07/me07_09.txt#31#12,"静かにして。
息を潜めて！　絶対に喋ってはダメ！","安静点。
屏住呼吸！绝对不许出声！",translated,吉鲁,91a41d1477,br=0 nl=1,2,
inc/event/res/07/me07_09.txt#32#12,"……！？
あ、あれは……！？","……！？
那、那是……！？",translated,库拉肯特,a1e036f707,br=0 nl=1,2,
inc/event/res/07/me07_09.txt#71#12,"！？
あの羽の生えた女の子は何？","！？
那个长着翅膀的女孩子是什么？",translated,莎丽,8158503a19,br=0 nl=1,2,
inc/event/res/07/me07_09.txt#72#12,"静かに！！
逃げられなくなるわよ！！","安静点！！
否则就逃不掉了！！",translated,吉鲁,8ab1f1add4,br=0 nl=1,2,
inc/event/res/07/me07_09.txt#77#12,"……行ったわね。もう安心よ。
さあ、着いてきて！","……走远了呢。已经安全了。
快，跟我来！",translated,吉鲁,bc5f1cce06,br=0 nl=1,2,
inc/event/res/07/me07_09.txt#78#12,"おのれ、また私たちを騙す気じゃ
ないだろうな！",可恶，你该不会又打算骗我们吧！,translated,库拉肯特,c67da38aaf,br=0 nl=1,2,
inc/event/res/07/me07_09.txt#79#12,"PLASMAに出し抜かれたのは私たちも同じよ。
ムカつくけどね。","被PLASMA摆了一道，我们也一样。
虽然叫人火大得很呢。",translated,吉鲁,6c3deee9a3,br=0 nl=1,2,
inc/event/res/07/me07_09.txt#80#12,"さぁ、どうするの？
来るの？　来ないの！？","好啦，你们打算怎么办？
跟来吗？还是不跟来！？",translated,吉鲁,eb20ca233b,br=0 nl=1,2,
inc/event/res/07/me07_09.txt#81#12,うむむ……。,唔唔……,translated,库拉肯特,e3cf0e5f2c,br=0 nl=0,1,
inc/event/res/07/me07_09.txt#82#12,博士、考えているヒマはないようです。,博士，看来没有时间犹豫了。,translated,莎丽,5e7dda37c8,br=0 nl=0,1,
inc/event/res/07/me07_09.txt#83#12,イオナサル、テレフンケン、ここから逃げるよ！,依欧娜萨鲁、泰雷芬肯，快逃离这里！,translated,莎丽,978ad6e09c,br=0 nl=0,1,
inc/event/res/07/me07_09.txt#112#12,"量子扉を閉めた。
これで一旦大丈夫だ。","量子门已经关闭了。
这样暂时就安全了。",translated,莎丽,be31abd5c0,br=0 nl=1,2,
inc/event/res/07/me07_09.txt#113#12,"さて、いろいろ聞かせてもらおうか。
まず、さっきの羽の生えた妖精はなんだ。","那么，有劳你们好好解答一下了。
首先，刚才那个长着翅膀的小妖精是什么。",translated,库拉肯特,58ba9d17b2,br=0 nl=1,2,
inc/event/res/07/me07_09.txt#114#12,"{アストロサイト・モジュラトリ・ウィルス}に
よって生成された人工的なジェノム、
シャールよ。","那是通过{星形胶质细胞调节病毒}
生成的人工杰诺姆，
也就是夏尔哦。",translated,吉鲁,65fa3857e7,br=1 nl=2,3,keep-terms {アストロサイト・モジュラトリ・ウィルス}
inc/event/res/07/me07_09.txt#114#14,コロン・フォーシーズンでイオンと白鷹がジルの研究室から回収したウィルスと同一のもの。<CR>人間に投与することで、その肉体と精神を苗床として無限にシャールを生み続ける。<CR><CR>生み出されるシャールは予めウィルスにプリセットされたプログラムに乗っ取って行動する。そのため、ジルが行ったように自我を失くし、特定の行動のみを行わせることも可能であり、そうして生み出されたシャールは与えられた命令を忠実にこなす生きたロボットのような存在となる。,与依恩和白鹰在克隆四季中从吉鲁的研究室回收的病毒属于同一种。<CR>通过给人注射，会以该人肉体与精神作为温床，源源不断地生成夏尔。<CR><CR>诞生出的夏尔会遵照预先预设在病毒中的程序展开行动。因此，正如吉鲁所做的那样，可以让它们丧失自我、仅执行特定行动，如此诞生出的夏尔便成为了忠实执行既定指令的如同活体机器人般的存在。,translated,吉鲁,f605c460ae,<CR> <CR> <CR> br=0 nl=0,1,keep-tags <CR>; src-longest-line=222
inc/event/res/07/me07_09.txt#115#12,"何！？
人工的なジェノム……だと！？","什么！？
人工杰诺姆……你说真的吗！？",translated,库拉肯特,cfff7a9fa3,br=0 nl=1,2,
inc/event/res/07/me07_09.txt#116#12,"そう。
来る途中、PLASMAの警備兵何人かに
ウィルスを打ったの。","没错。
在来的路上，我给几个PLASMA的警卫
注射了这种病毒。",translated,吉鲁,3209965726,br=0 nl=2,3,
inc/event/res/07/me07_09.txt#117#12,"ウィルスは、打たれた人間を苗床にして
ジェノムやシェルノトロンとの間に、
強制的かつ、無限にジェノムの子を産む。","病毒会以被注射的人类为温床，
强行且无限地在杰诺姆或榭鲁诺特伦之间
孕育出杰诺姆的子嗣。",translated,吉鲁,9d4227f2a1,br=0 nl=2,3,
inc/event/res/07/me07_09.txt#118#12,苗床の命が尽き果てるまで、ね。,直至温床的生命彻底枯竭为止呢。,translated,吉鲁,ddcc5e54e0,br=0 nl=0,1,
inc/event/res/07/me07_09.txt#119#12,"何ておぞましい…。
で、そのウィルスをなぜ、
警備兵に打ったりしたわけ？","何等毛骨悚然……
那你又为何要把这种病毒注射给警卫？",translated,莎丽,4b818277fa,br=0 nl=2,3,
inc/event/res/07/me07_09.txt#120#12,実戦テストも兼ねて。,顺便兼作实战测试罢了。,translated,吉鲁,9361099521,br=0 nl=0,1,
inc/event/res/07/me07_09.txt#121#12,"あの{シャール}達には自我が無い。
だから、本能で動けるような、
幾つかの単純な行動をプリセットしてみたの。","那些{夏尔}并没有自我意识。
因此我尝试预设了几个简单的行动指令，
让它们凭借本能行动。",translated,吉鲁,075e8ec1c0,br=1 nl=2,3,keep-terms {シャール}
inc/event/res/07/me07_09.txt#121#14,アストロサイト・モジュラトリ・ウィルスによって生み出された人工ジェノム。<CR>分類的にはテレフンケンと同じ空想型ジェノムとなっているが、ジルが実践テストも兼ねて生み出したシャールは自我が存在せず、予めプリセットされた命令を本能的に行い続ける、いわゆるロボットのような存在となっている。<CR>イオンの夢セカイに存在するシャールも『シャール』と呼ばれているが、あのシャールたちには表情豊かで自我が存在し、また人を襲うどころかイオンの記憶を修復する手助けをしてくれていることから、似て非なる存在なのかもしれない。,由星形胶质细胞调节病毒所创造出的人工杰诺姆。<CR>在分类上与泰雷芬肯同属空想型杰诺姆，但吉鲁兼作实战测试而制造出的夏尔并不具备自我，仅凭本能持续执行预设的命令，宛如机器人般的存在。<CR>存在于依恩梦世界中的夏尔虽然同样被称为“夏尔”，但那些夏尔表情丰富且拥有自我，不仅不会袭击人类，反而还协助修护依恩的记忆，两者或许是看似相近实则截然不同的存在。,translated,吉鲁,47c6e0194f,<CR> <CR> br=0 nl=0,1,keep-tags <CR>; src-longest-line=255
inc/event/res/07/me07_09.txt#122#12,"とりあえず今のウィルスには、実用的な……
人間を襲わせる命令と、その範囲から
自らを除外する命令を仕込んであるわ。","总之现在的病毒里预置了实用的指令……
即袭击人类，以及将自身排除在攻击目标之外。",translated,吉鲁,632f2b44d9,br=0 nl=2,3,
inc/event/res/07/me07_09.txt#123#12,"またけったいなモノを創りおって……
これだから地文の連中は好きになれん。","又造出这种匪夷所思的邪门玩意……
正因如此我才讨厌地文的那帮家伙。",translated,库拉肯特,70df41418a,br=0 nl=1,2,
inc/event/res/07/me07_09.txt#124#12,"ネイさんから名前だけは聞いたことがある。
何なの、その非人道的なウィルスは……。
信じられない。","我曾听妮伊小姐提过这个名字。
那种灭绝人性的病毒到底是怎么回事……
简直难以置信。",translated,莎丽,470551f09d,br=0 nl=2,3,
inc/event/res/07/me07_09.txt#125#12,"まぁそのおかげで今回は助かったのだ。
その点だけは礼を言っておく。","不过多亏如此这次才捡回一条命。
唯独在这一点上，我向你道声谢。",translated,库拉肯特,a686538a4b,br=0 nl=1,2,
inc/event/res/07/me07_09.txt#126#12,"実験動物にされずにはすんだ。
状況が良くなったかどうかは
微妙だけど。","至少免去了沦为实验动物的下场。
虽说局势是否好转了还很难说就是了。",translated,莎丽,18344a34b8,br=0 nl=2,3,
inc/event/res/07/me07_09.txt#131#12,"ネロ。
挨拶がまだだったね。","妮诺。
我们还没正式打过招呼呢。",translated,莎丽,9dfa111259,br=0 nl=1,2,
inc/event/res/07/me07_09.txt#132#12,"こちらがクラケット博士。
あそこにいるのはテレフンケンとイオナサル。
言うまでもないけど。","这位是库拉肯特博士。
在那边的是泰雷芬肯和依欧娜萨鲁。
虽说也不用我多做介绍了。",translated,莎丽,cb8ea022ed,br=0 nl=2,3,
inc/event/res/07/me07_09.txt#133#12,そして僕は──,而我则是――,translated,莎丽,03503e3efd,br=0 nl=0,1,
inc/event/res/07/me07_09.txt#134#12,"ノエル、でしょ。
私の逆さ読み。","是诺艾尔吧。
就是把我的名字倒过来念。",translated,妮诺,d39089f21f,br=0 nl=1,2,
inc/event/res/07/me07_09.txt#135#12,"……そうだね。本名はサーリだけど。
まさかこうしてあなたと話す日が来るなんて。
悪夢というしかない。","……没错。虽然真名叫莎丽。
真没想到会有像这样跟你面对面交谈的一天。
简直就是一场噩梦。",translated,莎丽,fec7241db0,br=0 nl=2,3,
inc/event/res/07/me07_09.txt#136#12,よろしく、サーリ。,请多关照，莎丽。,translated,妮诺,386058c67c,br=0 nl=0,1,
inc/event/res/07/me07_09.txt#146#12,"ジル。
フォーシーズンを出たあと、
ネイさんはどうした。","吉鲁。
离开四季之后，
妮伊小姐怎么样了。",translated,莎丽,dd3f871eed,br=0 nl=2,3,
inc/event/res/07/me07_09.txt#147#12,ッ……！,唔……！,translated,依恩,b47746e822,br=0 nl=0,1,
inc/event/res/07/me07_09.txt#148#12,"ああ…。あの娘、手が付けられないくらい
暴れたモンだから、閉じこめてきたわ。","啊……那丫头闹得不可开交、
根本无法收场，所以我把她关起来了。",translated,吉鲁,360ed334cc,br=0 nl=1,2,
inc/event/res/07/me07_09.txt#149#12,"ええっ！？
そ、そんな……ネイちゃん……。","哎哎！？
怎、怎么会……妮伊……",translated,依恩,0d2e134304,br=0 nl=1,2,
inc/event/res/07/me07_09.txt#150#12,"……もしネイさんに何かあったら、
絶対に許さないから。","……要是妮伊小姐有个三长两短，
我绝对饶不了你。",translated,莎丽,9db5613bbe,br=0 nl=1,2,
inc/event/res/07/me07_09.txt#151#12,"あらあら、いつの間にやら麗しい友情が
芽生えていたのね。","哎呀呀，不知不觉间
竟然萌生了如此美好的友情呢。",translated,吉鲁,e23363e972,br=0 nl=1,2,
inc/event/res/07/me07_09.txt#152#12,"安心なさい。ただ閉じこめてあるだけ。
食事もちゃんと与えてるわ。","放心吧。只是把她关起来而已。
饭食也有好好供应哦。",translated,吉鲁,580fc8e557,br=0 nl=1,2,
inc/event/res/07/me07_09.txt#153#12,ふン……。,哼……,translated,莎丽,19bfb944e5,br=0 nl=0,1,
inc/event/res/07/me07_09.txt#158#12,"あっ！！　カ、カノンさんは！？
あのとき、撃たれてっ……。","啊！！卡、卡诺小姐呢！？
当时被击中了……",translated,依恩,886250a170,br=0 nl=1,2,
inc/event/res/07/me07_09.txt#159#12,"探したけど、見つからなかった。
あなたたち同様、拘束されたのか──","我找过了，但没能找到。
不知是和你们一样被抓了――",translated,吉鲁,004be4ee2e,br=0 nl=1,2,
inc/event/res/07/me07_09.txt#160#12,もう亡きものにされてしまったか。,还是已经被处决消灭了。,translated,吉鲁,d767e75d5a,br=0 nl=0,1,
inc/event/res/07/me07_09.txt#161#12,"──！！
うそ、そんなっ……カノンさん……！！","――！！
骗人，怎么会……卡诺小姐……！！",translated,依恩,99e7c97d0f,br=0 nl=1,2,
inc/event/res/07/me07_09.txt#162#12,"PLASMAというのはそういうところよ。
驚くようなことじゃないわ。","PLASMA就是那种冷血的地方。
没什么好大惊小怪的。",translated,吉鲁,216d23380d,br=0 nl=1,2,
inc/event/res/07/me07_09.txt#163#12,"ネイちゃんが言ってた……。
PLASMAは本当に恐ろしい組織だって……。","妮伊曾说过……
PLASMA是个极其恐怖的组织……",translated,依恩,dacbea0da5,br=0 nl=1,2,
inc/event/res/07/me07_09.txt#164#12,カノンさんは本当に、もう……。,卡诺小姐真的已经……,translated,依恩,5ef9aefc0b,br=0 nl=0,1,
inc/event/res/07/me07_09.txt#165#12,"それを確かめるためにも、
あなたたちに聞きたいことがあるの。","为了弄清这点，
我有件事想问问你们。",translated,吉鲁,d593cf1a62,br=0 nl=1,2,
inc/event/res/07/me07_09.txt#166#12,"イオナサル、あなたカノンに言ったわね。
『３人を転送させるな』と。","依欧娜萨鲁，你曾对卡诺说过吧。
“不要传送３个人”。",translated,吉鲁,5b5f3ca0d6,br=0 nl=1,2,
inc/event/res/07/me07_09.txt#167#12,"あれは一体どういう意味？
３人って何のこと？","那到底是什么意思？
３个人是指什么？",translated,吉鲁,35626e76c0,br=0 nl=1,2,
inc/event/res/07/me07_09.txt#173#12,"それは、お前、ネロ、
そしてウンドゥのことだろう？","那不就是指你、妮诺、
以及温多吗？",translated,库拉肯特,96a3a13063,br=0 nl=1,2,
inc/event/res/07/me07_09.txt#174#12,"ッ！
なぜウンドゥのことを！？","唔！
你怎么会知道温多的事！？",translated,吉鲁,7b0953faab,br=0 nl=1,2,
inc/event/res/07/me07_09.txt#175#12,"PLASMAの捜査官がそう言っていた。
ネロ、お前の心の中にウンドゥは
拘束されていると。","PLASMA的搜查官是这么说的。
妮诺，说温多被囚禁在你的心灵深处。",translated,库拉肯特,7688b03386,br=0 nl=2,3,
inc/event/res/07/me07_09.txt#177#12,"奴らがどうしてそれを知ったのかはわからんが……
その様子だとどうやら真実のようだな。","虽不知那帮家伙为何会知晓……
但看你这反应，看来所言非虚呢。",translated,库拉肯特,a749dcf6f8,br=0 nl=1,2,
inc/event/res/07/me07_09.txt#178#12,"えぇ……そのとおりよ。
けれど、PLASMAは真実に嘘を混ぜてる。
吐き気がするわ。","嗯……确实如此。
但是，PLASMA在真相里掺杂了谎言。
真叫人恶心反胃。",translated,吉鲁,9b2d490566,br=0 nl=2,3,
inc/event/res/07/me07_09.txt#179#12,"３人ともネロの世界に行くだなんて、
バカげてる！","说我们３个人都要去妮诺的世界，
荒谬绝伦！",translated,吉鲁,59ff08ad19,br=0 nl=1,2,
inc/event/res/07/me07_09.txt#180#12,やはり嘘だったか。,果然是谎言吗。,translated,莎丽,848907a29d,br=0 nl=0,1,
inc/event/res/07/me07_09.txt#181#12,"私がネロのセカイに行ったところで肉体がない。
ウンドゥも同じ。何の意味があるの？","我就算去了妮诺的世界也没有肉体。
温多也是一样。这么做有何意义？",translated,吉鲁,dbe86e6038,br=0 nl=1,2,
inc/event/res/07/me07_09.txt#182#12,"あの女……レナルルと言ったな。
博士、僕たちはまんまと騙されたようです。","那个女人……是叫蕾娜露露对吧。
博士，我们看来被彻彻底底骗惨了。",translated,莎丽,0f5b294861,br=0 nl=1,2,
inc/event/res/07/me07_09.txt#183#12,"む……。
ジリリウムよ、すまんかった。","唔……
吉利利姆，是我错怪你了。",translated,库拉肯特,523a137209,br=0 nl=1,2,
inc/event/res/07/me07_09.txt#184#12,"いいえ。私たちもPLASMAに踊らされたわ。
動きを全部つかまれていたし。
完全に嵌められたのよ。","无妨。我们也同样被PLASMA玩弄于股掌之间。
行踪被摸得一清二楚，完全落入了圈套。",translated,吉鲁,14f5e622ea,br=0 nl=2,3,
inc/event/res/07/me07_09.txt#185#12,"うぅむ……。
これからどうすればいいのだ。","唔唔……
接下来该如何是好。",translated,库拉肯特,1e8de97b46,br=0 nl=1,2,
inc/event/res/07/me07_09.txt#186#12,"このままじっとしていても、
いずれPLASMAに見つかるでしょう。","即便像这样按兵不动，
迟早也会被PLASMA发现吧。",translated,莎丽,65170d3df6,br=0 nl=1,2,
inc/event/res/07/me07_09.txt#187#12,"ネロを取り戻されたら、トロンシステムは
復活する。そうなれば僕たちなんて
真っ先に消されるでしょう。","若被他们夺回妮诺，特伦系统就会复活。
到那时我们必定会被最先灭口吧。",translated,莎丽,6c44ebed90,br=0 nl=2,3,
inc/event/res/07/me07_09.txt#188#12,"カノイールはどうなっているかわからない。
イオナサルも何されるかわからない。
皇位継承の儀など吹っ飛んでしまう。","卡诺伊尔生死未卜。
依欧娜萨鲁也不知会被怎样对待。
皇位继承仪式恐怕早已化为泡影了。",translated,莎丽,cf43c0bd9b,br=0 nl=2,3,
inc/event/res/07/me07_09.txt#189#12,"……本当に生き残る方法があるとすれば、
天文を完全に解体することだけです。","……若说真有绝处逢生的方法，
唯有将天文彻底瓦解这一条路了。",translated,莎丽,cff263823b,br=0 nl=1,2,
inc/event/res/07/me07_09.txt#190#12,"しかし……シェルノトロンが機能して
いないとはいえ、組織としての天文は
巨大なままだ。","可是……即便榭鲁诺特伦已无法运转，
天文作为一个组织依然庞大无比。",translated,库拉肯特,74a9d1cd84,br=0 nl=2,3,
inc/event/res/07/me07_09.txt#191#12,"天文の次に巨大な組織である地文ですら、
解体など不可能だろう。","哪怕是仅次于天文的庞大组织地文，
想要瓦解它也绝无可能吧。",translated,库拉肯特,14a7a7a8b9,br=0 nl=1,2,
inc/event/res/07/me07_09.txt#193#12,"……こうなったのもすべて我々の責任だ。
これからどんな運命が待ち受けていようとも
受け入れるほかなかろう。","……沦落至此全是我们自身的罪责。
不论前方等待着何种宿命，我们也只能全盘接受。",translated,库拉肯特,18cc47d93e,br=0 nl=2,3,
inc/event/res/07/me07_09.txt#194#12,だが、イオナサルは違う。,但是，依欧娜萨鲁不同。,translated,库拉肯特,6d540a8271,br=0 nl=0,1,
inc/event/res/07/me07_09.txt#195#12,"イオナサルはこの世界を救うために
強制的に連れて来られた、いわば被害者だ。","依欧娜萨鲁是为了拯救这个世界而被强行掳来的，
说到底是个无辜的受害者。",translated,库拉肯特,4c3f010a14,br=0 nl=1,2,
inc/event/res/07/me07_09.txt#196#12,"この世界の人間の最後の責任として、
なんとしても７次元先のセカイに
還してやりたい。","作为这个世界人类最后的责任担当，
无论如何我也想将她送回７次元之外的世界。",translated,库拉肯特,8e9920735a,br=0 nl=2,3,
inc/event/res/07/me07_09.txt#197#12,"それならネロだって同じ。
別のセカイからむりやり連れて来られた存在で
あることに変わりはないわ。","那妮诺也是一样啊。
被强行从别的世界绑架过来这一点并没有区别。",translated,吉鲁,c8e12f76fc,br=0 nl=2,3,
inc/event/res/07/me07_09.txt#198#12,"ネロの方がより長く、苦しい思いをしてる。
先に還すのが当然よ。","妮诺受煎熬的时间更长，也更痛苦。
理所当然应该先送她回去。",translated,吉鲁,cbdd15191f,br=0 nl=1,2,
inc/event/res/07/me07_09.txt#199#12,"……その考えは間違っていない。
だが現実問題、ネロを還すことは
できないだろう。","……你的想法并非没有道理。
但现实层面上，送还妮诺恐怕根本做不到。",translated,库拉肯特,e2a104f69f,br=0 nl=2,3,
inc/event/res/07/me07_09.txt#200#12,"なぜなら、詩姫がもういない。
カノイールはPLASMAの手に落ち、
生死もわからないではないか。","因为诗姬已经不在了。
卡诺伊尔落入了PLASMA之手，
甚至生死未卜不是吗。",translated,库拉肯特,8843af9045,br=0 nl=2,3,
inc/event/res/07/me07_09.txt#202#12,"それにいまネロを還せば、
シェルノトロンの再生の可能性はなくなり、
ラシェーラの運命は今度こそ絶望だ。","而且现在若是送还妮诺，
榭鲁诺特伦重生的可能性就彻底断绝，
拉榭拉的命运这次就真的陷入绝望了。",translated,库拉肯特,9364dd4628,br=0 nl=2,3,
inc/event/res/07/me07_09.txt#211#12,"何ですって？
この期に及んで天文を擁護するつもり？","你说什么？
事到如今你还打算替天文说话吗？",translated,吉鲁,89ee1eb745,br=0 nl=1,2,
inc/event/res/07/me07_09.txt#212#12,"そうではない。トロンシステムはもう後戻り
できないほど不可欠な存在になっておる。","并非如此。特伦系统早已成为了
不可或缺、覆水难收的关键存在。",translated,库拉肯特,02d04edc75,br=0 nl=1,2,
inc/event/res/07/me07_09.txt#213#12,実に多くの生活、命がかかっているのだ。,实在是关乎太多人的生计与性命了。,translated,库拉肯特,6da3bfa01e,br=0 nl=0,1,
inc/event/res/07/me07_09.txt#215#12,"ネロを還さねばならんのは確かだ。
それは同意見だ。だがいまではない。
条件があまりに整っておらんのだ。","必须送还妮诺是必然的，我同意。
但绝非现在。如今的条件实在相去甚远。",translated,库拉肯特,308e45cbfc,br=0 nl=2,3,
inc/event/res/07/me07_09.txt#216#12,"イオナサルを還せば、太陽の膨張はかなり
軽減される。バーストも激減する。","只要将依欧娜萨鲁送回，太阳的膨胀就能大幅
缓解。风暴也会骤减。",translated,库拉肯特,aa66d15cc9,br=0 nl=1,2,
inc/event/res/07/me07_09.txt#217#12,"当面の危機をそうして回避しつつ、
シェルノトロンを段階的に廃止すれば
混乱は発生せん。","以此化解眼前的危机，
再逐步废除榭鲁诺特伦，
便不会引发混乱。",translated,库拉肯特,03abf2285e,br=0 nl=2,3,
inc/event/res/07/me07_09.txt#218#12,"それに、イオナサルにはまだ完全適合者としての
詩姫が生きておるのだ。","而且，依欧娜萨鲁还有作为完全契合者的
诗姬活在这世上。",translated,库拉肯特,d29075eee3,br=0 nl=1,2,
inc/event/res/07/me07_09.txt#219#12,"……くっ、どうして……どうして
こんなことに……。","……唔，为什么……为什么
会变成这样……",translated,吉鲁,21ab7e8572,br=0 nl=1,2,
inc/event/res/07/me07_09.txt#220#12,"ならば私が謳う。
死んでも謳い切る！","那就由我来唱。
就算死我也会唱完！",translated,吉鲁,3463b54ceb,br=0 nl=1,2,
inc/event/res/07/me07_09.txt#221#12,"バカを言うな。そんな詩など成功せん。
摩擦熱で細胞が加熱し、焼け死ぬだけだ。","别说傻话了。那种诗不可能成功。
细胞只会被摩擦热加热，活活烧死而已。",translated,库拉肯特,a59e8245bf,br=0 nl=1,2,
inc/event/res/07/me07_09.txt#222#12,"あなたはイオナサルを還したいから
そう言うだけでしょう！","你只是想送回依欧娜萨鲁，
才故意这么说的吧！",translated,吉鲁,fd97203f83,br=0 nl=1,2,
inc/event/res/07/me07_09.txt#223#12,"私も遺伝子工学を一線で研究する人間よ。
自分の体を擬似的にネロに適合させること
だって不可能じゃない！","我也是从事一线基因工程研究的人。
将自己的身体模拟契合到适合妮诺的状态，
也不是不可能做到的！",translated,吉鲁,8dfb8370b1,br=0 nl=2,3,
inc/event/res/07/me07_09.txt#224#12,追われる身で何ができるというのだ！,你一个被通缉的逃犯能做得了什么！,translated,库拉肯特,d57fb48139,br=0 nl=0,1,
inc/event/res/07/me07_09.txt#225#12,"……もういい。
やはり考え方が根本的に相容れないようね。","……够了。
看来我们的想法根本水火不容。",translated,吉鲁,f3cfdfd40e,br=0 nl=1,2,
inc/event/res/07/me07_09.txt#226#12,"私たちは行くわ。
自分で自分の道を切り開く。","我们走。
我自己的路我自己来开辟。",translated,吉鲁,f707a42ceb,br=0 nl=1,2,
inc/event/res/07/me07_09.txt#227#12,"出て行くのか？　勝手にするがいい。
だがPLASMAに襲われても、
我々にできることはないぞ。","要离开吗？随你的便。
不过要是遭到PLASMA袭击，
我们可无能为力。",translated,库拉肯特,9b669d72ef,br=0 nl=2,3,
inc/event/res/07/me07_09.txt#228#12,"それはお互いさま。
……行きましょう、ネロ。","彼此彼此。
……我们走，妮诺。",translated,吉鲁,64424b95f2,br=0 nl=1,2,
inc/event/res/07/me07_09.txt#237#12,くっ……。,可恶……,translated,库拉肯特,eca6a86bf0,br=0 nl=0,1,
inc/event/res/07/me07_09.txt#246#12,"博士、仕方ありません。
天文から逃れたいという利害が一致する
だけでは、一緒に行動などできません。","博士，这也是没办法的事。
仅仅是想逃避天文的利害一致，
是无法一同行动的。",translated,莎丽,c3017d144c,br=0 nl=2,3,
inc/event/res/07/me07_09.txt#247#12,うぅむ……。,唔嗯……,translated,库拉肯特,0109caeaa9,br=0 nl=0,1,
inc/event/res/07/me07_09.txt#248#12,"でもこれで、僕らもジルたちも
生き延びられる可能性は減りました。","但这下我们和吉鲁他们
能活下来的概率都降低了。",translated,莎丽,ab22b0d7fe,br=0 nl=1,2,
inc/event/res/07/me07_09.txt#249#12,"もとより生き恥をさらすつもりなどないよ。
だがサーリよ、お前は私が必ずここから逃がす。","我本来就没打算苟且偷生。
但莎丽，我一定会让你从这里逃出去。",translated,库拉肯特,0f901eaa94,br=0 nl=1,2,
inc/event/res/07/me07_09.txt#250#12,"そしてイオナサルを７次元先へ還す。
詩姫であるネイが生きていることが
わかっただけでも収穫だ。","并且把依欧娜萨鲁送回７次元另一端。
得知作为诗姬的内依还活着，
就已经是不小的收获了。",translated,库拉肯特,030b9fb76e,br=0 nl=2,3,
inc/event/res/07/me07_09.txt#251#12,何とか探し出して……。,只要想办法找到她……,translated,库拉肯特,c6029670f2,br=0 nl=0,1,
inc/event/res/07/me07_09.txt#252#12,"それは無理です。逃げるだけでも困難なのに、
どこにいるのかもわからないネイさんを
連れてくるなんて……。","那是不可能的。光是逃跑就已经很困难了，
还要把不知身在何处的内依小姐带过来……",translated,莎丽,aa0fc6d392,br=0 nl=2,3,
inc/event/res/07/me07_09.txt#253#12,"む……。
まさかこのようなことになるとは……。
くっ……。","唔……
万万没想到会变成这副局面……
可恶……",translated,库拉肯特,fcd6c2095d,br=0 nl=2,3,
inc/event/res/07/me07_09.txt#255#12,……大丈夫か、サーリ。,……没事吧，莎丽。,translated,库拉肯特,6a780f2d6b,br=0 nl=0,1,
inc/event/res/07/me07_09.txt#256#12,"ああ、はい、博士。
ちょっと、走ったり緊張したりして、
疲れただけです。","啊，没事，博士。
只是跑步加上神经紧绷，
稍微有些累了而已。",translated,莎丽,aa7cf8b7bd,br=0 nl=2,3,
inc/event/res/07/me07_09.txt#257#12,"随分長く、異常事態の中にいるからな。
TGF-βが過剰に作られているのだろう。
形だけでも少し休んだほうがいい。","毕竟在异常状况下待了太久。
可能是体内的TGF-β分泌过剩了吧。
哪怕只是做做样子，也稍微休息一下吧。",translated,库拉肯特,31bc8a1cd9,br=0 nl=2,3,
inc/event/res/07/me07_09.txt#258#12,イオナサルも少し休みなさい。,依欧娜萨鲁你也休息一下吧。,translated,库拉肯特,10eed02557,br=0 nl=0,1,
inc/event/res/07/me07_09.txt#259#12,……はい。,……好的。,translated,依恩,4628bdaa68,br=0 nl=0,1,
inc/event/res/07/me07_09.txt#276#12,え……ひゃぁっ！？,诶……呀啊！？,translated,依恩,04bc3116a3,br=0 nl=0,1,
inc/event/res/07/me07_09.txt#277#12,"ッ！！
地震！？","唔！！
地震！？",translated,莎丽,305d05b0d1,br=0 nl=1,2,
inc/event/res/07/me07_09.txt#280#12,"サーリ、イオナサル、テレフンケン！
こっちへ、早く！","莎丽、依欧娜萨鲁、泰雷芬肯！
快到这边来！",translated,库拉肯特,ae1ce00cdc,br=0 nl=1,2,
inc/event/res/07/me07_09.txt#281#12,きゅう！,啾！,translated,泰雷芬肯,601cdef24f,br=0 nl=0,1,
inc/event/res/07/me07_09.txt#282#12,博士！,博士！,translated,莎丽,89f4c444d4,br=0 nl=0,1,
inc/event/res/07/me07_09.txt#283#12,いや待てよ、これは……！！,不，等等，这是……！！,translated,库拉肯特,a4b3ce3c2a,br=0 nl=0,1,
inc/event/res/07/me07_09.txt#309#12,どうやら収まったみたいだ。,看来好像平息下来了。,translated,莎丽,8aaef2d594,br=0 nl=0,1,
inc/event/res/07/me07_09.txt#327#12,お待たせ、遅くなったわ。,让你们久等了，来晚了呢。,translated,吉鲁,83a25c801f,br=0 nl=0,1,
inc/event/res/07/me07_09.txt#334#12,"おお、ジル、ネロ。
大丈夫だったか。","哦，吉鲁，妮诺。
你们没事吧。",translated,库拉肯特,67d97e7e47,br=0 nl=1,2,
inc/event/res/07/me07_09.txt#335#12,"ええ、何とか。
旧ジェノミライ研究所もまだ使えそうだった。","嗯，总算没事。
旧杰诺米莱研究所似乎也还能用。",translated,吉鲁,55082440f5,br=0 nl=1,2,
inc/event/res/07/me07_09.txt#336#12,よかった♪,太好了♪,translated,依恩,8436cf6232,br=0 nl=0,1,
inc/event/res/07/me07_09.txt#340#12,……え？,……诶？,translated,依恩,4e48b2f03b,br=0 nl=0,1,
inc/event/res/07/me07_09.txt#341#12,"（いまわたし、どうして『よかった』って
　思ったの？）","（刚才我……为什么会觉得
　“太好了”呢？）",translated,依恩,f1052b38b0,br=0 nl=1,2,
inc/event/res/07/me07_09.txt#342#12,"（何か……おかしくない？
　どうしてジルさんがクラケットさんと
　仲良しなの？）","（总觉得……有些奇怪？
　为什么吉鲁小姐和库拉肯特先生
　关系会这么好？）",translated,依恩,17f2a35f90,br=0 nl=2,3,
inc/event/res/07/me07_09.txt#343#12,"研究所が使えるのなら、まだネロを
元のセカイに還すことはできそうだな。","如果研究所还能用，那应该还可以
把妮诺送回原本的世界。",translated,库拉肯特,2782c77876,br=0 nl=1,2,
inc/event/res/07/me07_09.txt#344#12,え……えぇっ！？,诶……诶诶！？,translated,依恩,bc25e03c1a,br=0 nl=0,1,
inc/event/res/07/me07_09.txt#345#12,"（ネロを還す……！？
　クラケットさんがどうして？
　あれだけわたしを還すって言ってたのに）","（把妮诺送回去……！？
　库拉肯特先生怎么会这样？
　他之前明明那么坚决地说要送我回去）",translated,依恩,59269fddbd,br=0 nl=2,3,
inc/event/res/07/me07_09.txt#346#12,あっ、あの、博士──,啊、那个，博士――,translated,依恩,55b4f03d5a,br=0 nl=0,1,
inc/event/res/07/me07_09.txt#347#12,"あとは薬の精度とジルの身体との相性だね。
それは絶対にクリアしないと。","剩下的就是药物的精度与吉鲁身体的契合度了。
那一关无论如何都必须跨过去。",translated,莎丽,d52f9cf390,br=0 nl=1,2,
inc/event/res/07/me07_09.txt#348#12,……そうね。,……是啊。,translated,吉鲁,0a4f52c987,br=0 nl=0,1,
inc/event/res/07/me07_09.txt#349#12,"ここまで来たら後戻りなんてできない。
僕たちクオンタイズが
どれだけの犠牲を払ってきたか──。","都已经走到这一步了，绝不能回头。
我们库翁泰兹
究竟付出了多少牺牲――",translated,莎丽,e56eb09765,br=0 nl=2,3,
inc/event/res/07/me07_09.txt#350#12,"僕とジルは、この日のためにクオンタイズを
一緒にやってきたんだ。","我和吉鲁，就是为了这一天
才一起组建库翁泰兹坚持到现在的。",translated,莎丽,665ac62060,br=0 nl=1,2,
inc/event/res/07/me07_09.txt#351#12,えっ？　えっ！？,诶？诶诶！？,translated,依恩,e1e562df94,br=0 nl=0,1,
inc/event/res/07/me07_09.txt#352#12,"（ジルさんが、クオンタイズ！？
　全然わからない、どういうこと！？）","（吉鲁小姐……是库翁泰兹！？
　完全搞不懂，到底怎么回事！？）",translated,依恩,d822cc58cb,br=0 nl=1,2,
inc/event/res/07/me07_09.txt#354#12,あっ、あのっ！,啊、那个！,translated,依恩,0ec821d453,br=0 nl=0,1,
inc/event/res/07/me07_09.txt#363#12,"？
どうした？","？
怎么了？",translated,库拉肯特,1025316a73,br=0 nl=1,2,
inc/event/res/07/me07_09.txt#364#12,"クラケットさん、元のセカイに還るのは
その、わたしのはずじゃ……！","库拉肯特先生，送回原本世界的……
那个，不应该是我吗……！",translated,依恩,10c4d9977d,br=0 nl=1,2,
inc/event/res/07/me07_09.txt#367#12,"なんだイオナサル、
いまさら怖気づいたのか？","怎么了依欧娜萨鲁，
事到如今反而害怕退缩了吗？",translated,库拉肯特,733a0e0c50,br=0 nl=1,2,
inc/event/res/07/me07_09.txt#368#12,何だかんだ言っても君は還りたかったのだな。,说来说去，你果然还是想回去的吧。,translated,库拉肯特,b2040e3c62,br=0 nl=0,1,
inc/event/res/07/me07_09.txt#369#12,やはり君は置いてくるべきだったか……。,果然还是应该把你留在那里吗……,translated,库拉肯特,f4f47940f5,br=0 nl=0,1,
inc/event/res/07/me07_09.txt#370#12,"待ってください！
わたしはこの世界に残りたいです、
それは変わりません！","请等一下！
我想留在这个世界，
这个心意从来没有变过！",translated,依恩,7e15ab62f1,br=0 nl=2,3,
inc/event/res/07/me07_09.txt#371#12,"でもっ、クラケットさんはほんのさっきまで
わたしを還すって言ってたじゃないですか！","可是！库拉肯特先生刚才不还一直在说
要把我送回去吗！",translated,依恩,5c11834686,br=0 nl=1,2,
inc/event/res/07/me07_09.txt#372#12,"ネロを先に還してしまったら、
シェルノトロンが完全に止まって
この世界はダメになるって！","如果先把妮诺送回去的话，
榭鲁诺特伦就会彻底停止工作，
这个世界不就完蛋了吗！",translated,依恩,3576aa1cfe,br=0 nl=2,3,
inc/event/res/07/me07_09.txt#373#12,"何を言ってるんだ、頭でも打ったのか！？
いまネロを還さねば、近い将来それ以上に
まずいことが起こるのだぞ！？","你在胡说什么，撞到脑袋了吗！？
要是现在不把妮诺送回去，不久的将来
会发生比那糟糕得多的惨剧啊！？",translated,库拉肯特,7557d6bb36,br=0 nl=2,3,
inc/event/res/07/me07_09.txt#374#12,"よいか、イオナサル。天文はこの星の９割以上の
民衆を捨てて、自分たちだけで別の惑星へ
移ろうとしている。","听好了，依欧娜萨鲁。天文打算抛弃这颗星球
九成以上的民众，仅凭自己移居到其他行星去。",translated,库拉肯特,182bb94383,br=0 nl=2,3,
inc/event/res/07/me07_09.txt#375#12,"その９割の人々は、ラシェーラとともに移動の
エネルギーにされる。要するに殺されるのだ！","那九成的民众，会被连同拉榭拉一起
当作转移的能量消耗掉。简而言之就是被抹杀！",translated,库拉肯特,46e814dd27,br=0 nl=1,2,
inc/event/res/07/me07_09.txt#376#12,"天文は自分たちを選ばれた人間だと思っている。
私はそこで働いていたのだからよくわかる。","天文自以为是天选之人。
我曾在那里工作过，所以非常清楚。",translated,库拉肯特,cada5037ce,br=0 nl=1,2,
inc/event/res/07/me07_09.txt#377#12,"チャンスはいましかないのだよ。
コトが起こってからでは遅いのだ。","机会仅此一次。
等事情发生可就为时已晚了。",translated,库拉肯特,191aeb16df,br=0 nl=1,2,
inc/event/res/07/me07_09.txt#378#12,あ……え……っ？,啊……诶……？,translated,依恩,6223b4af8a,br=0 nl=0,1,
inc/event/res/07/me07_09.txt#380#12,"わたしが、還るんじゃ……。
還れるんじゃ……。","不是要把我……送回去吗……
不是我能回去吗……",translated,依恩,eb2867f86e,br=0 nl=1,2,
inc/event/res/07/me07_09.txt#382#12,"まぁそう落ち込むな。
もちろん最終的には君も自分のセカイに
還るべきだが、いまはそのときではない。","好啦，别那么沮丧。
最终你当然也该回到自己的世界，
但现在还不是时候。",translated,库拉肯特,c6a4c11407,br=0 nl=2,3,
inc/event/res/07/me07_09.txt#383#12,"それに、今回はあえて、シェルノトロンで
民衆にパニックを起こさせるという目的も
あるのだからな。","而且，这次也有借由榭鲁诺特伦
在民众中制造恐慌的目的在里面。",translated,库拉肯特,e9de68b40f,br=0 nl=2,3,
inc/event/res/07/me07_09.txt#384#12,"え！？
どういうことですか！？","诶！？
这是什么意思！？",translated,依恩,62432faaab,br=0 nl=1,2,
inc/event/res/07/me07_09.txt#385#12,"イオナサル、本当に大丈夫か？
地震でどこか打って、記憶障害でも……？","依欧娜萨鲁，你真的没事吗？
是不是地震时撞到哪里，引发记忆障碍了……？",translated,莎丽,ebe1b213de,br=0 nl=1,2,
inc/event/res/07/me07_09.txt#386#12,うぅん、そんなんじゃ……。,不是，才没有那种事……,translated,依恩,057d7d0ad5,br=0 nl=0,1,
inc/event/res/07/me07_09.txt#387#12,"博士がおっしゃったのは、
僕たちクオンタイズの目的そのものじゃないか。","博士所说的，
不正是我们库翁泰兹的真正目的吗。",translated,莎丽,1462fc1676,br=0 nl=1,2,
inc/event/res/07/me07_09.txt#388#12,"天文の悪事を世の中に知らしめて、
何も知らない一般人の目を醒まさせるには
シェルノトロンを無力化するのが一番だ。","要将天文的恶行公之于世，
唤醒一无所知的普通民众，
让榭鲁诺特伦彻底瘫痪是最好的办法。",translated,莎丽,a28caa319e,br=0 nl=2,3,
inc/event/res/07/me07_09.txt#389#12,わたし……わたし、全然わからない！,我……我完全搞不懂！,translated,依恩,39d3f10326,br=0 nl=0,1,
inc/event/res/07/me07_09.txt#396#12,"シェルノトロンを無力化することで、
民衆ははじめて理解するわ。
だからこそ、こうしてネロを救い出した。","唯有让榭鲁诺特伦瘫痪，
民众才会真正清醒过来。
正因如此，我们才像这样救出了妮诺。",translated,吉鲁,69ea23bb7c,br=0 nl=2,3,
inc/event/res/07/me07_09.txt#397#12,"ネロを還す。それはネロも望んでいること。
そうすれば、天文は永遠のシェルノトロン・
パニックを起こして大混乱に陥るわ。","送回妮诺，这也是妮诺所期望的。
只要这么做，天文就会陷入
永久的榭鲁诺特伦恐慌而陷入大混乱。",translated,吉鲁,c543485983,br=0 nl=2,3,
inc/event/res/07/me07_09.txt#398#12,"でも、トロンシステムの真実も、
自分たちだけが脱出しようとしていることも
公にはできない。","而且，琴系统的真相，
以及他们打算独自逃离的事实，
都无法公之于众。",translated,吉鲁,7ce90c1b19,br=0 nl=2,3,
inc/event/res/07/me07_09.txt#399#12,"天文はたぶん、敵対する地文に濡れ衣を
着せようとするでしょう。","天文大概会试图把黑锅
扣在敌对的地文头上吧。",translated,吉鲁,695e6d8224,br=0 nl=1,2,
inc/event/res/07/me07_09.txt#400#12,"でもそのとき、私たちは地文に保護される
ことになっているわ。","但到那时，
我们已经事先安排好接受地文的庇护了。",translated,吉鲁,926ed75f27,br=0 nl=1,2,
inc/event/res/07/me07_09.txt#401#12,"私たちが生き証人になれば、天文は言い逃れ
できない。すべての民衆に背を向けられることに
なるでしょうね。","只要我们成为活证人，天文就百口莫辩。
必然会被全体民众彻底唾弃吧。",translated,吉鲁,256dbd4f6a,br=0 nl=2,3,
inc/event/res/07/me07_09.txt#402#12,そん、な……。,怎、怎么会……,translated,依恩,1a33035703,br=0 nl=0,1,
inc/event/res/07/me07_09.txt#403#12,"イオナサル、いまごろになって
異議を唱えるつもりなの？","依欧娜萨鲁，
事到如今你还打算提出异议吗？",translated,莎丽,a6747b12d8,br=0 nl=1,2,
inc/event/res/07/me07_09.txt#404#12,"そんなっ。
サーリちゃん、異議とかじゃなくて……。","没有啦。
莎丽，不是什么异议……",translated,依恩,2f2b1e28d3,br=0 nl=1,2,
inc/event/res/07/me07_09.txt#405#12,"なら黙ってて。
ネロは救えたけど、いま僕らはPLASMAに
追い詰められてもいるんだ。","那就保持安静。
虽然救出了妮诺，但我们现在
也被PLASMA逼入绝境了。",translated,莎丽,9d1411ffba,br=0 nl=2,3,
inc/event/res/07/me07_09.txt#406#12,"クオンタイズの目的が達成できるかどうか、
最後の正念場なんだ。","库翁泰兹的目标能否达成，
现在正是最后的关键时刻。",translated,莎丽,703c7583e8,br=0 nl=1,2,
inc/event/res/07/me07_09.txt#407#12,……ぁ……。,……啊……,translated,依恩,ee3e7831c0,br=0 nl=0,1,
inc/event/res/07/me07_09.txt#408#12,"しかし、地文側はいまの我々の状況を
把握しているのか？","不过，地文那边
掌握我们目前的状况了吗？",translated,库拉肯特,834d601672,br=0 nl=1,2,
inc/event/res/07/me07_09.txt#419#12,もちろんだとも。,那是当然。,translated,温多,650dbd5d18,br=0 nl=0,1,
inc/event/res/07/me07_09.txt#420#12,"地文とは、私とネロとのシェルノトロン-ジェノム
ネットワークでいまも繋がっている。","我和妮诺之间的榭鲁诺特伦-杰诺姆网络，
现在也依旧与地文保持着连接。",translated,温多,142518ced2,br=0 nl=1,2,
inc/event/res/07/me07_09.txt#421#12,"すでに応援部隊が密かにここへ
向かっている。","支援部队已经在暗中
赶往这里了。",translated,温多,a81dfe6fea,br=0 nl=1,2,
inc/event/res/07/me07_09.txt#422#12,"！！
その話し方は、ウンドゥか！？","！！
这说话语气，是乌恩德吗！？",translated,库拉肯特,eda1ca5abf,br=0 nl=1,2,
inc/event/res/07/me07_09.txt#423#12,"ああ、久しぶりだなクラケット。
元気な顔が見られて嬉しいよ。","啊，好久不见了，库拉肯特。
很高兴看到你还这么精神。",translated,温多,620b503ddd,br=0 nl=1,2,
inc/event/res/07/me07_09.txt#424#12,"はっはっは！
お前こそ、肉体はともかく精神には
異常なさそうで安心したぞ。","哈哈大笑！
你才是，虽说肉体变成了那副模样，
但精神看来没出问题，我也放心了。",translated,库拉肯特,a86a6df025,br=0 nl=2,3,
inc/event/res/07/me07_09.txt#425#12,"ふふ、言ってくれるな。
その点に心配はないぞ？","呵呵，真会说话。
那方面可完全不用替我担心哦？",translated,温多,c5c7bd2b28,br=0 nl=1,2,
inc/event/res/07/me07_09.txt#426#12,"いまは私の強い希望でネロに顕在化させて
もらっている。
彼女にとっても有利になる話だからな。","现在是在我的强烈要求下，
让妮诺允许我显现出来的。
毕竟这笔交易对她而言也是百利无一害。",translated,温多,354372a3b3,br=0 nl=2,3,
inc/event/res/07/me07_09.txt#427#12,"地文の連中は、私がコンタクトを取ったことで
俄然乗り気になっている。
天文を転覆させる絶好の機会だからな。","地文那帮人因为我主动取得联系，
顿时干劲十足。
毕竟这是颠覆天文的绝好机会。",translated,温多,4e75d529b3,br=0 nl=2,3,
inc/event/res/07/me07_09.txt#437#12,──ということ。,――事情就是这样。,translated,妮诺,17e1095a5d,br=0 nl=0,1,
inc/event/res/07/me07_09.txt#440#12,"なるほどね……あなたはトロンシステムの中枢、
そこにウンドゥが宿っているなら
ルートを作ることなどたやすいか。","原来如此……你是琴系统的中枢，
既然乌恩德寄宿在其中，
要构建通信路由自然易如反掌。",translated,莎丽,ad613af2ef,br=0 nl=2,3,
inc/event/res/07/me07_09.txt#441#12,"そう。
それに、PLASMAの敷いた回線のおかげで
アルメティカにすら簡単に繋がれる。","没错。
而且多亏了PLASMA铺设的线路，
甚至能轻易连通阿尔梅蒂卡。",translated,妮诺,623c1fa8e1,br=0 nl=2,3,
inc/event/res/07/me07_09.txt#442#12,"そこから先につながることも問題ない。
地文とのコンタクトは私とウンドゥで
やっておくわ。","再由此延伸连接也不是问题。
和地文的联络就由我和乌恩德来处理吧。",translated,妮诺,c17359ba1e,br=0 nl=2,3,
inc/event/res/07/me07_09.txt#443#12,"よし……もうやるしかないぞ。
これは戦争だ。","好……已经别无退路了。
这是一场战争。",translated,库拉肯特,224278b76a,br=0 nl=1,2,
inc/event/res/07/me07_09.txt#444#12,"かなり分は悪いけど、
勝ち目がないわけじゃない。","虽然形势相当不利，
但并非毫无胜算。",translated,莎丽,d88774807f,br=0 nl=1,2,
inc/event/res/07/me07_09.txt#445#12,"このままPLASMAの餌食になるか、
壊滅させて生き延びるかよ。","要么就这样成为PLASMA的盘中餐，
要么将他们消灭求得一线生机。",translated,吉鲁,f61ed7cb73,br=0 nl=1,2,
inc/event/res/07/me07_09.txt#446#12,待ってください！！,请等一下！！,translated,依恩,005d566d5c,br=0 nl=0,1,
inc/event/res/07/me07_09.txt#453#12,わたし……わたし、全然わからない！,我……我完全搞不懂！,translated,依恩,39d3f10326,br=0 nl=0,1,
inc/event/res/07/me07_09.txt#454#12,"ネロを還すためには、
カノンさんが必要だったはずですっ。","要把妮诺送回去，
应该必须要有卡诺小姐在场才对啊！",translated,依恩,4d3badefd9,br=0 nl=1,2,
inc/event/res/07/me07_09.txt#455#12,"遺伝子が適合しないと、
エネルギーが充分に取得できないって！","要是基因不契合的话，
根本无法获取足够的能量！",translated,依恩,d734f0fe25,br=0 nl=1,2,
inc/event/res/07/me07_09.txt#456#12,"何をワケのわからんことを！
その話はもう終わったじゃないか。","你在胡扯些什么莫名其妙的话！
那件事不是早就商量过了吗。",translated,库拉肯特,d7838073c5,br=0 nl=1,2,
inc/event/res/07/me07_09.txt#457#12,"カノイールの代わりに、ジルが薬で遺伝子を
変成して謳う。そのための薬をいまから創りに
行くのではないか！","代替卡诺伊尔，由吉鲁用药物改变基因
进行吟唱。我们现在不就是要去制作
达成此目的的药物吗！",translated,库拉肯特,8eb9e08f17,br=0 nl=2,3,
inc/event/res/07/me07_09.txt#458#12,"でも、ここから出たら
かなりの危険をともなうのは確かだよ。","不过，一旦从这里出去，
确实伴随着相当大的危险。",translated,莎丽,ec954df87b,br=0 nl=1,2,
inc/event/res/07/me07_09.txt#459#12,"旧ジェノミライ研究所には量子扉で
隠れる場所もないし、
エネルギーも使うからいずれは発見される。","旧杰诺米莱研究所没有用量子门
隐藏起来的藏身处，
使用能源也迟早会被发现。",translated,莎丽,503912af3e,br=0 nl=2,3,
inc/event/res/07/me07_09.txt#460#12,"その時は……ウィルスによって生まれた
シャール達に賭けるしかないわね。
いざとなったら攻撃命令を叫ぶ。","到那时……就只能赌在
由病毒诞生的夏尔们身上了。
到了万不得已之时，就下达攻击命令。",translated,吉鲁,840233750d,br=0 nl=2,3,
inc/event/res/07/me07_09.txt#461#12,"とにかく、ここにいても埒が開かないわ。
さぁ、行きましょう。","总之，一直待在这里也无济于事。
来，我们出发吧。",translated,吉鲁,b17138a31c,br=0 nl=1,2,
inc/event/res/07/me07_09.txt#462#12,うん。,嗯。,translated,莎丽,d357e9e0ee,br=0 nl=0,1,
inc/event/res/07/me07_09.txt#463#12,いよいよだな……！,终于要开始了……！,translated,库拉肯特,2eb28caefe,br=0 nl=0,1,
inc/event/res/07/me07_09.txt#474#12,あ、あのっ、ちょっと……。,啊、那个，请等一下……,translated,依恩,be8e8d682d,br=0 nl=0,1,
inc/event/res/07/me07_09.txt#475#12,きゅうぅっ……！,啾呜……！,translated,泰雷芬肯,5115d559b6,br=0 nl=0,1,
inc/event/res/07/me07_09.txt#476#12,み、みんな……。,大、大家……,translated,依恩,117567511a,br=0 nl=0,1,
inc/event/res/07/me07_09.txt#486#12,"イオナサル。
あなた、やっぱりわかっちゃってるんだ。","依欧娜萨鲁。
你果然已经察觉到了啊。",translated,妮诺,093d8ede6d,br=0 nl=1,2,
inc/event/res/07/me07_09.txt#487#12,え！？,诶！？,translated,依恩,4d2f18c9e0,br=0 nl=0,1,
inc/event/res/07/me07_09.txt#488#12,"でも、タネまでわかってるわけじゃない
みたいね。","不过，看来你并不知道
其中的玄机呢。",translated,妮诺,a6410558e0,br=0 nl=1,2,
inc/event/res/07/me07_09.txt#489#12,"……お願い。
いまは何もしないで。
何かに気づいたとしても。","……拜托了。
现在什么都不要做。
哪怕你注意到了什么。",translated,妮诺,ba05af0643,br=0 nl=2,3,
inc/event/res/07/me07_09.txt#491#12,"あなたもこの星に連れて来られた子……。
だから、あなたの気持ちはよくわかる。","你也是被带到这颗星球上的孩子……
所以，我很理解你的心情。",translated,妮诺,5d9b964049,br=0 nl=1,2,
inc/event/res/07/me07_09.txt#492#12,"でも私は、もう何千年もこっちの世界に
閉じ込められてる。","但我已经在这个世界里
被困了整整几千年。",translated,妮诺,71cf418a85,br=0 nl=1,2,
inc/event/res/07/me07_09.txt#493#12,もう疲れた……本当に疲れたの。,已经累了……真的好累。,translated,妮诺,97dfb1008f,br=0 nl=0,1,
inc/event/res/07/me07_09.txt#494#12,ッ……。,唔……,translated,依恩,005cd29d0b,br=0 nl=0,1,
inc/event/res/07/me07_09.txt#495#12,"この世界の波動と私のセカイの波動は違う。
だから魂のサイクルに乗ることができない。
輪廻転生ができないの。","这个世界的波动与我原本世界的波动不同。
因此我无法进入灵魂的循环，
无法进行轮回转世。",translated,妮诺,3606f060b4,br=0 nl=2,3,
inc/event/res/07/me07_09.txt#496#12,"どう足掻いても、どれだけこの世界に
順応しているように見えても、
私はこの世界にとって他人。","无论怎样挣扎，无论看起来
在这个世界适应得多好，
对我来说这个世界始终是异邦。",translated,妮诺,d3fad8e52e,br=0 nl=2,3,
inc/event/res/07/me07_09.txt#497#12,"その中で輪廻を外れて暮らすって……
どういうことだと思う？　想像がつかない？","在脱离了轮回的情况下生活……
你觉得是怎样的感觉？无法想象吧？",translated,妮诺,e1cb5e3776,br=0 nl=1,2,
inc/event/res/07/me07_09.txt#498#12,"あなたがいま、足下がなくなるような
思いでいるなら……
私はそれを数千年も続けているってことなの。","如果你现在感到脚下虚浮、无所适从……
那我可是已经把这种状态持续了几千年啊。",translated,妮诺,1f9b06f40d,br=0 nl=2,3,
inc/event/res/07/me07_09.txt#499#12,だ、けど……。,可、可是……,translated,依恩,95acbe9307,br=0 nl=0,1,
inc/event/res/07/me07_09.txt#500#12,"私はもう自分のセカイに還りたいの。
ようやくその機会がめぐってきた。","我已经想回自己的世界去了。
好不容易才等来了这个机会。",translated,妮诺,509b8a2d8f,br=0 nl=1,2,
inc/event/res/07/me07_09.txt#501#12,"お願い。
私のやろうとしていることを、見逃して。","拜托了。
放过我正要做的事吧。",translated,妮诺,c156fcfd2b,br=0 nl=1,2,
inc/event/res/07/me07_09.txt#502#12,ぁ……。,啊……,translated,依恩,5f6a5186b2,br=0 nl=0,1,
inc/event/res/07/me07_09.txt#511#12,セカイが……変えられちゃったんだ……。,世界……被改变了……,translated,依恩,bd2ef448b0,br=0 nl=0,1,
inc/event/res/07/me07_09.txt#512#12,"……わたししか、その事が分からない……
ってことは……。","……只有我一个人察觉到了这件事……
也就是说……",translated,依恩,ef3e648daf,br=0 nl=1,2,
inc/event/res/07/me07_09.txt#513#12,"……大変！　みんなを止めなくちゃ！
このセカイが本当におかしくなっちゃう！","……糟了！必须去阻止大家！
这个世界真的会变得不可收拾的！",translated,依恩,8c9eb110d2,br=0 nl=1,2,
inc/event/res/07/me07_11.txt#25#12,……どうにかたどり着けたな。,……总算赶到了啊。,translated,库拉肯特,677a58aade,br=0 nl=0,1,
inc/event/res/07/me07_11.txt#26#12,博士のおかげで見つからずに来られましたわ。,多亏了博士，我们才能不被发现来到这里。,translated,吉鲁,71837108c8,br=0 nl=0,1,
inc/event/res/07/me07_11.txt#27#12,"当たり前だ。
ここはそもそも私の率いた研究所なのだから。","那是自然。
这里本来就是我当年领导的研究所。",translated,库拉肯特,47bad7e6f8,br=0 nl=1,2,
inc/event/res/07/me07_11.txt#28#12,"でも、ここで機械を作動させたら
時間の問題で気づかれてしまいます。","但是，一旦在这里启动机械，
被发现也只是时间问题。",translated,莎丽,399c7afcd9,br=0 nl=1,2,
inc/event/res/07/me07_11.txt#29#12,いまはとにかく早く、薬を作るしかない。,现在总之唯有尽快制出药物了。,translated,吉鲁,a336bc49d7,br=0 nl=0,1,
inc/event/res/07/me07_11.txt#30#12,待ってっ！！,等一下！！,translated,依恩,4dc7cf4eee,br=0 nl=0,1,
inc/event/res/07/me07_11.txt#38#12,ネロを還すのを、ちょっとだけ待ってください！,送回妮诺的事，请稍微等一等！,translated,依恩,3511dd12d5,br=0 nl=0,1,
inc/event/res/07/me07_11.txt#39#12,"イオナサル。
何度も同じことを言わせないでくれ。","依欧娜萨鲁。
别让我反复说同样的话。",translated,库拉肯特,c93613cfab,br=0 nl=1,2,
inc/event/res/07/me07_11.txt#40#12,"君のことも還す、だがいまはネロが先だ。
どうしてそれがわからない？","你也会被送回去的，但现在妮诺优先。
你为什么就是不明白？",translated,库拉肯特,545c889e00,br=0 nl=1,2,
inc/event/res/07/me07_11.txt#41#12,そうじゃないんです！,不是那样的！,translated,依恩,de466d694a,br=0 nl=0,1,
inc/event/res/07/me07_11.txt#42#12,"確かに天文は酷い組織かもしれません。
でも、それ以上に、今シェルノトロンが
止まっちゃったら、世界中のみんなが……。","天文确实可能是个糟糕透顶的组织。
但是比起那个，如果现在榭鲁诺特伦停摆了，
全世界的人们都会……",translated,依恩,57c38b259d,br=0 nl=2,3,
inc/event/res/07/me07_11.txt#43#12,"改革に痛みは付きものよ。
貴方には理解出来ないかもしれないけど。","改革总伴随着阵痛。
虽然你可能无法理解就是了。",translated,吉鲁,32722f7be4,br=0 nl=1,2,
inc/event/res/07/me07_11.txt#44#12,"その通りだ。
今ここで、少しばかりの犠牲が出たとしても
天文を止めることが出来れば世界は変わる。","正如吉鲁所说。
即便现在付出些许牺牲，
只要能阻止天文，世界就会改变。",translated,库拉肯特,b44364f0e7,br=0 nl=2,3,
inc/event/res/07/me07_11.txt#45#12,"理解出来ません！！
だってまだ、全然話し合ってもないじゃない
ですか！","我无法理解！！
因为我们根本就还没有好好商量过不是吗！",translated,依恩,4cd6e1f386,br=0 nl=2,3,
inc/event/res/07/me07_11.txt#46#12,"みんなで考えれば、
もっといい方法だってあるかも知れないんです。","如果大家一起想办法，
说不定能找到更好的解决途径啊。",translated,依恩,29c4a6e5c6,br=0 nl=1,2,
inc/event/res/07/me07_11.txt#47#12,"天文の悪いことをやめさせる事が出来て
みんなも幸せに暮らせる方法が、
あるかも知れない。","说不定有能制止天文的恶行、
又能让大家幸福生活下去的方法啊。",translated,依恩,0af496c157,br=0 nl=2,3,
inc/event/res/07/me07_11.txt#48#12,"もちろん、無いかもしれないけど……
でも、今はその可能性について、
何も話し合ってないですよね！？","当然，也可能没有……
但是，现在连这种可能性
都根本没有商讨过不是吗！？",translated,依恩,fd82348cdc,br=0 nl=2,3,
inc/event/res/07/me07_11.txt#50#12,"お願いです！
もう少しみんなで考えませんか！？","拜托了！
大家再稍微一起考虑一下好不好！？",translated,依恩,a9a2bebf83,br=0 nl=1,2,
inc/event/res/07/me07_11.txt#51#12,"…私達は今、もはやPLASMAに
追い詰められているのよ。
ここもいつ見つかるか分からない。","……我们现在已经被PLASMA逼入绝境了。
这里也随时都有可能暴露。",translated,吉鲁,bbe5708356,br=0 nl=2,3,
inc/event/res/07/me07_11.txt#52#12,"もう、悠長なことを言っている時間は
無いんだよ。",已经没有从容商量的时间了。,translated,库拉肯特,250f2b7426,br=0 nl=1,2,
inc/event/res/07/me07_11.txt#53#12,"でも！
この世界の行く末がかかってるんですよ！？","可是！
这关系到这个世界的未来啊！？",translated,依恩,08a8a1b001,br=0 nl=1,2,
inc/event/res/07/me07_11.txt#54#12,…お願いします…っ！！,……求求你们了……！,translated,依恩,d03a2ad1cd,br=0 nl=0,1,
inc/event/res/07/me07_11.txt#55#12,"ダメね。
こんな話をしている余裕は本当にないの。","不行呢。
我们实在没有闲心说这些了。",translated,吉鲁,28c0baa428,br=0 nl=1,2,
inc/event/res/07/me07_11.txt#56#12,眠っていてもらいましょう。,先让她睡一会儿吧。,translated,吉鲁,b70b0485e9,br=0 nl=0,1,
inc/event/res/07/me07_11.txt#63#12,えっ……？,诶……？,translated,依恩,6dc3a99ae1,br=0 nl=0,1,
inc/event/res/07/me07_11.txt#69#12,ぅあっ……。,唔啊……,translated,依恩,a6d88aeedb,br=0 nl=0,1,
inc/event/res/07/me07_11.txt#76#12,きゅう、きゅうっ！,啾、啾呜！,translated,泰雷芬肯,803b18a03a,br=0 nl=0,1,
inc/event/res/07/me07_11.txt#86#12,"ジル。
これから作る薬について教えておいてくれ。","吉鲁。
把接下来要做的药跟我说明一下吧。",translated,库拉肯特,bd1d769b40,br=0 nl=1,2,
inc/event/res/07/me07_11.txt#87#12,えぇ。,好的。,translated,吉鲁,266e478924,br=0 nl=0,1,
inc/event/res/07/me07_11.txt#88#12,"私がネロと同調すると言っても、
カノイールと違って同調効率は
極端に低くなるでしょう。","虽说由我来与妮诺同调，
但不同于卡诺伊尔，
同调效率会极其低下吧。",translated,吉鲁,68e3a897f9,br=0 nl=2,3,
inc/event/res/07/me07_11.txt#89#12,"それを高めるためと、維持するために、
２種類の薬を使う。","为了提升并维持效率，
需要使用两种药物。",translated,吉鲁,f576e91200,br=0 nl=1,2,
inc/event/res/07/me07_11.txt#90#12,"ひとつは精神開放薬。
もうひとつは、肉体蘇生薬。","一种是精神开放药。
另一种是肉体苏生药。",translated,吉鲁,3e52674459,br=0 nl=1,2,
inc/event/res/07/me07_11.txt#91#12,"それを同時にか！？
無茶だ、身体が持たんぞ！","同时使用这两种吗！？
太乱来了，身体撑不住的！",translated,库拉肯特,e47e58930e,br=0 nl=1,2,
inc/event/res/07/me07_11.txt#92#12,大丈夫よ。,没事的。,translated,吉鲁,64f11ec939,br=0 nl=0,1,
inc/event/res/07/me07_11.txt#93#12,いいえ、持たない。,不，撑不住。,translated,妮诺,3e6b782775,br=0 nl=0,1,
inc/event/res/07/me07_11.txt#94#12,"私との間に生じる心の壁を精神解放薬で
無くしても、エネルギー摩擦は発生する。","即便用精神解放药消除了我和她之间的心防，
能量摩擦也依然会产生。",translated,妮诺,7d9126684b,br=0 nl=1,2,
inc/event/res/07/me07_11.txt#95#12,"熱で死んでいく細胞を上回る速さで
細胞分裂をうながすために、肉体蘇生薬を使う。
そうでしょ？","为了以超过细胞被热量烧死的速度
促进细胞分裂，所以才用肉体苏生药。
对吧？",translated,妮诺,ccbc6a0082,br=0 nl=2,3,
inc/event/res/07/me07_11.txt#96#12,その通りよ。,正如你所言。,translated,吉鲁,4122f8daca,br=0 nl=0,1,
inc/event/res/07/me07_11.txt#97#12,"間に合わない。
良くて瀕死、悪ければ詩が終わる前に
すべての細胞が焼き切れる。","根本赶不上。
好一点也是濒死，糟一点的话
在诗吟唱完之前所有细胞就会被烧毁殆尽。",translated,妮诺,263fa134a4,br=0 nl=2,3,
inc/event/res/07/me07_11.txt#98#12,"私一人では、確かにそうなるかもしれない。
でも、いまは違う。","光凭我一个人的话，确实可能会那样。
但现在不同了。",translated,吉鲁,f61fe15b43,br=0 nl=1,2,
inc/event/res/07/me07_11.txt#99#12,"あなたの中にいるウンドゥは、
その限界を超えることができる天才なのよ。","你体内的乌恩德，
可是一位能超越这种极限的天才。",translated,吉鲁,a755b73f45,br=0 nl=1,2,
inc/event/res/07/me07_11.txt#101#12,薬を作る間、彼を顕在させてちょうだい。,在制药期间，请让他显现出来吧。,translated,吉鲁,908b438e48,br=0 nl=0,1,
inc/event/res/07/me07_11.txt#118#12,"ほっほー、よもやまたウンドゥと一緒に
研究をする日が来るとはなぁ。
長生きはするものだ。","嗬嗬，没想到居然还有能再次和乌恩德
一同搞研究的一天啊。
人活得久就是好。",translated,库拉肯特,4cead6f42d,br=0 nl=2,3,
inc/event/res/07/me07_11.txt#119#12,"無駄話をしている暇はないぞクラケット。
機器を動かしたのだから、
見つかってしまうまでが勝負だ。","没闲工夫闲聊了，库拉肯特。
仪器已经启动，
在暴露之前分秒必争。",translated,温多,ae7d0983e8,br=0 nl=2,3,
inc/event/res/07/me07_11.txt#120#12,僕も手伝おう。,我也来帮忙吧。,translated,莎丽,43be1e740a,br=0 nl=0,1,
inc/event/res/07/me07_11.txt#121#12,"君が？
ふむ、いいだろう。
しかし……君は私と同じなんだな。","你？
唔，也好。
不过……你和我是一样的啊。",translated,温多,0a51c2d88f,br=0 nl=2,3,
inc/event/res/07/me07_11.txt#126#12,"どうやら、私の創った薬を投与された
みたいなのよ。{gRNAウィルスβ}を。
生きてるだけで運がいいわ。","看来他好像被注射了我制作的药物呢。
也就是{gRNA病毒β}。
光能活着就已经很幸运了。",translated,吉鲁,2fd6bd23ce,br=1 nl=2,3,keep-terms {gRNAウィルスβ}
inc/event/res/07/me07_11.txt#126#14,ジルが『不老不死の薬』と銘打って多くの富豪たちから資金調達の元としていた薬。<CR>ｇＲＮＡウィルスβを打たれた人間はその遺伝子レベルから体が作り変えられ、ジェノムと同じく三鎖以上の<CR>ＤＮＡ鎖数を持つ肉体となることができる。<CR>ただし数日、もしくは数十日に渡って体を作り変える高熱にうなされることとなり、しかもｇＲＮＡウィルスには相性が存在するため、その過程で肉体が限界を迎えて死に至ることも少なくない。,吉鲁冠以“长生不死药”之名，从众多富豪处作为资金筹措来源的药物。<CR>被注射了gRNA病毒β的人类，其肉体将从基因层面被重塑，成为与杰诺姆一样拥有三条以上<CR>DNA链数的肉体。<CR>然而，人将会伴随数日乃至数十日重塑肉体的高烧昏迷，加之gRNA病毒存在相容性问题，在这一过程中肉体超出极限导致死亡的情况也并不鲜见。,translated,吉鲁,f3452b997b,<CR> <CR> <CR> br=0 nl=0,1,keep-tags <CR>; src-longest-line=207
inc/event/res/07/me07_11.txt#127#12,"β……。そうか、βが出来たんだね……。
机上の空論でしかなかったβウィルスが。
さすがだ、私が見初めただけのことはある。","β……这样啊，β已经做出来了吗……
曾几何时只停留在纸上谈兵的β病毒。
真了不起，不愧是我当年看中的人。",translated,温多,40daa68095,br=0 nl=2,3,
inc/event/res/07/me07_11.txt#128#12,"ふふっ、嬉しい。
でも、βはまだ完全じゃない。
あともう少しなんだけど。","呵呵，真让人高兴。
不过，β现在还不算完全体。
虽然只差最后一步了。",translated,吉鲁,e62fb557a9,br=0 nl=2,3,
inc/event/res/07/me07_11.txt#129#12,"αからはいくつかの塩基配列を変えた
鎖を試してみたわ。
その中で有望だった株を形質転換して──","我尝试了在α基础上改变部分碱基序列
的新链条。
将其中较有希望的菌株进行转化质粒――",translated,吉鲁,02d41f7be6,br=0 nl=2,3,
inc/event/res/07/me07_11.txt#130#12,ふむ、それで？,嗯，然后呢？,translated,温多,e635fdae97,br=0 nl=0,1,
inc/event/res/07/me07_11.txt#131#12,"通常のP法では当然うまくいかなくて、
テロメアを逆転写してプライマーにすることを
思いついたの。","常规的P法自然行不通，
于是我想到了将端粒逆转录作为引物。",translated,吉鲁,2a1d879837,br=0 nl=2,3,
inc/event/res/07/me07_11.txt#132#12,ジーニアス、君こそ天才だよ！,天才，你才是真正的天才啊！,translated,温多,6eef6fbe08,br=0 nl=0,1,
inc/event/res/07/me07_11.txt#133#12,やれやれ、ウンドゥも隅におけんな。,哎呀呀，乌恩德也是真不可小觑啊。,translated,库拉肯特,8bdf3bacea,br=0 nl=0,1,
inc/event/res/07/me07_11.txt#152#12,きゅうきゅう！,啾啾！,translated,泰雷芬肯,78aea00a1c,br=0 nl=0,1,
inc/event/res/07/me07_11.txt#154#12,きゅう、きゅうぅっ！,啾、啾呜！,translated,泰雷芬肯,606057f19d,br=0 nl=0,1,
inc/event/res/07/me07_11.txt#156#12,……きゅ！,……啾！,translated,泰雷芬肯,a202490e3c,br=0 nl=0,1,
inc/event/res/07/me07_11.txt#157#12,"きゅう！！　きゅうきゅう！！
きゅうーーーっ！！","啾！！啾啾！！
啾――――！！",translated,泰雷芬肯,6c76a52186,br=0 nl=1,2,
inc/event/res/07/me07_11.txt#158#12,っ……。,唔……,translated,依恩,24a2bfe9c2,br=0 nl=0,1,
inc/event/res/07/me07_11.txt#159#12,"そうだよね、テレ君。
こんなところでしょんぼりしてても
何にもならないよね。","也是呢，德律君。
在这样一蹶不振
也是于事无补的呢。",translated,依恩,876a9f6052,br=0 nl=2,3,
inc/event/res/07/me07_11.txt#160#12,テレ君、ジェノメトリクスに行っていい？,德律君，我能进杰诺梅特利库斯吗？,translated,依恩,675b592e22,br=0 nl=0,1,
inc/event/res/07/me07_11.txt#161#12,きゅう♪,啾♪,translated,泰雷芬肯,d0aaf98e51,br=0 nl=0,1,
inc/event/res/07/me07_11.txt#178#12,"テレ君、詩魔法を紡ごう。
どうにかして、もう一度みんなとお話しないと。","德律君，我们来编织诗魔法吧。
无论如何都必须再和大家谈一谈。",translated,依恩,f72cee221d,br=0 nl=1,2,
inc/event/res/07/me07_11.txt#179#12,"倉庫の扉を開けちゃえるような、
衝撃波魔法とか。","比如能把仓库大门轰开的
冲击波魔法之类的。",translated,依恩,1a88998c76,br=0 nl=1,2,
inc/event/res/07/me07_11.txt#180#12,そうだね、できることをしよう！,是啊，去做能做的事吧！,translated,泰雷芬肯,f5cad8a53b,br=0 nl=0,1,
inc/event/res/07/me07_11.txt#181#12,うん。,嗯。,translated,依恩,d357e9e0ee,br=0 nl=0,1,
inc/event/res/07/me07_11.txt#183#12,やっぱり、まだもやもやしてるの？,果然心里还是觉得很纠结吗？,translated,泰雷芬肯,953e59d1b3,br=0 nl=0,1,
inc/event/res/07/me07_11.txt#184#12,……うん。,……嗯。,translated,依恩,21d363aba4,br=0 nl=0,1,
inc/event/res/07/me07_11.txt#185#12,"でも、ネロが先に還ることにじゃなくて、
ネロの……気持ちを考えてた。","不过，不是因为妮诺先被送回去的事，
而是在考虑……妮诺的心情。",translated,依恩,7aafa8384b,br=0 nl=1,2,
inc/event/res/07/me07_11.txt#186#12,気持ち？,心情？,translated,泰雷芬肯,7a25da0e90,br=0 nl=0,1,
inc/event/res/07/me07_11.txt#187#12,"あの子はもう何千年もこの世界に
閉じ込められてるって……
それって、どんな気持ちなんだろう。","那孩子在这个世界里
已经被关了几千年……
那到底，会是怎样的一种心情呢。",translated,依恩,def2cbc6ff,br=0 nl=2,3,
inc/event/res/07/me07_11.txt#188#12,"わたしも別のセカイから連れて来られたのは
同じだから、少しだけならわかるの。","我也同样是被从其他世界带过来的，
所以稍微能明白一些。",translated,依恩,3b18211b29,br=0 nl=1,2,
inc/event/res/07/me07_11.txt#189#12,"でも、こんなのが何千年も続くなんて
想像もつかないし、絶対耐えられっこない。","可是，这种状况持续几千年，
我根本难以想象，也绝对无法忍受。",translated,依恩,27d704c108,br=0 nl=1,2,
inc/event/res/07/me07_11.txt#190#12,"だから、この世界が天秤にかかってないなら
わたし、ネロが自分のセカイに還るために
協力すると思う。それは本当。","所以，如果不是关系到这个世界的存亡，
我想我一定会协助妮诺回到她自己的世界。
这是我的真心话。",translated,依恩,60e8dd98f0,br=0 nl=2,3,
inc/event/res/07/me07_11.txt#191#12,イオン……。,依恩……,translated,泰雷芬肯,ec7f4ecbfc,br=0 nl=0,1,
inc/event/res/07/me07_11.txt#192#12,"でも……いまネロを還すのは、
やっぱり危ないことだと思うの。","可是……如果现在把妮诺送回去，
我觉得果然还是太危险了。",translated,依恩,1a65654a85,br=0 nl=1,2,
inc/event/res/07/me07_11.txt#193#12,"いくら天文の悪い部分をなくすためでも、
シェルノトロンをいきなり
全部失うことになるなんて──","就算是为了铲除天文的劣迹，
如果突然失去
所有的榭鲁诺特伦――",translated,依恩,ffbfc69364,br=0 nl=2,3,
inc/event/res/07/me07_11.txt#194#12,"ラシェーラがなくなっちゃうのと同じくらい、
取り返しのつかないことだと思う。","我认为那跟拉榭拉毁灭一样，
是无法挽回的事情。",translated,依恩,0cfe8f2891,br=0 nl=1,2,
inc/event/res/07/me07_11.txt#195#12,"……じゃあイオンは、
どうなるのが一番いいって、思う？","……那依恩觉得，
怎样才是最好的结果呢？",translated,泰雷芬肯,2e272ba569,br=0 nl=1,2,
inc/event/res/07/me07_11.txt#197#12,……わからない。,……我不知道。,translated,依恩,4fb86a829e,br=0 nl=0,1,
inc/event/res/07/me07_11.txt#198#12,"わからないけど、でもね、
皇位継承の儀で街に降りてきて、
わたし、たくさんの人に出会って──","虽然不知道，但是呢，
在皇位继承仪式上来到街市，
我遇到了许多许多的人――",translated,依恩,69422ed2c8,br=0 nl=2,3,
inc/event/res/07/me07_11.txt#199#12,それで少しだけわかったことがあるの。,因此有了一点点自己的领悟。,translated,依恩,5a9d3b0cb0,br=0 nl=0,1,
inc/event/res/07/me07_11.txt#200#12,"すべてを100%解決することなんてできない。
何かを選んだら、何かを捨てなくちゃならない。","不可能有百分之百完美的解决方案。
做出了某种选择，就必定要舍弃另一方。",translated,依恩,f27f6ab7e5,br=0 nl=1,2,
inc/event/res/07/me07_11.txt#202#12,わたし……。,我……,translated,依恩,b5ff9af428,br=0 nl=0,1,
inc/event/res/07/me07_11.txt#203#12,"やっぱり、ネロを止めに行かなくちゃ。
でも、自分を還してもらうのも、まだしない。","果然还是必须去阻止妮诺。
但是，我也还不想让他们把自己送回去。",translated,依恩,53db73984e,br=0 nl=1,2,
inc/event/res/07/me07_11.txt#204#12,"なんとかここからみんなで逃げて、
もっと落ち着いて、一番いい方法を
探せるように頑張ってみようと思う。","我想设法和大家一起从这里逃走，
等更冷静下来后，
努力寻找最好的解决方法。",translated,依恩,5c9809b1bf,br=0 nl=2,3,
inc/event/res/07/me07_11.txt#205#12,"だってわたしは、この世界を救うって
決めたんだもの。","因为我已经下定决心，
要拯救这个世界了。",translated,依恩,24778030a4,br=0 nl=1,2,
inc/event/res/07/me07_11.txt#206#12,"イオンはすごいな。
こんな時でも、みんなを助けたいって
想いがちゃんとあるんだから。","依恩真了不起啊。
即使在这样的关头，
心中也依然怀抱着想要拯救大家的心愿。",translated,泰雷芬肯,f952ea5504,br=0 nl=2,3,
inc/event/res/07/me07_11.txt#207#12,"ううん……本当のところ、
自分でも真意はまだわかってないの。","不……说实话，
就连我自己也还不明白内心真正的想法。",translated,依恩,83951686b1,br=0 nl=1,2,
inc/event/res/07/me07_11.txt#208#12,"本当は、ター坊やキャスちゃん、ネイ
ちゃんや、仲間のみんなだけが助かれば
良いって思ってるだけかも知れない。","说不定其实我也只是觉得，
只要塔坊、凯斯、内依
还有同伴们能获救就好了。",translated,依恩,2a67f61f84,br=0 nl=2,3,
inc/event/res/07/me07_11.txt#209#12,"でも、１つだけ自信を持って
はっきり言えることがあるよ。","但是，只有一件事
我可以充满自信地明确说出口。",translated,依恩,70d6834e0c,br=0 nl=1,2,
inc/event/res/07/me07_11.txt#210#12,"この世界の人達みんな、
名前も顔も知らない人達もみんな、
幸せになって欲しいって想いは、本物。","希望这个世界的所有人，
哪怕是不知姓名容貌的所有人都能幸福，
这份心愿绝非虚假。",translated,依恩,dd23b91a6c,br=0 nl=2,3,
inc/event/res/07/me07_11.txt#211#12,"今でも万寿沙羅にハスの花を咲かせたときの
事を思い返すの。","直到现在我还会回想起
让莲花在万寿沙罗盛开时的情景。",translated,依恩,f269fda871,br=0 nl=1,2,
inc/event/res/07/me07_11.txt#212#12,"わたしは、ター坊やルウレイさん、
キャスちゃんを助けたいって思って、
あの花を紡いだ。でも――","当时我是为了拯救塔坊、鲁雷小姐
还有凯斯，才编织了那朵花。但是――",translated,依恩,b11b204405,br=0 nl=2,3,
inc/event/res/07/me07_11.txt#213#12,"ター坊たちだけを脱出させる詩魔法を紡ごうって
思ったことは、一度も無かった。","我却一次都没有想过
只编织出让塔坊他们几人逃脱的诗魔法。",translated,依恩,93a49e5010,br=0 nl=1,2,
inc/event/res/07/me07_11.txt#214#12,"何でだろう…って、ずっと考えてた。
でも、理由はわからなかった。","这是为什么呢……我一直在思考。
但是，却怎么也想不明白其中的缘由。",translated,依恩,059f080af0,br=0 nl=1,2,
inc/event/res/07/me07_11.txt#215#12,"ただ１つわかったことは……
この町の全員を助けられたら、
どんなに幸せなことだろう……って――","我唯一明白的事情……
就是如果能拯救镇上的所有人，
那该是一件多么幸福的事啊……――",translated,依恩,7da2b1a13f,br=0 nl=2,3,
inc/event/res/07/me07_11.txt#216#12,"ただ、その幸せな結末だけを想い描いて
そしてそれを一心に願ってたってこと。","我只是全心全意地在脑海中描摹着
那个幸福的结局，并由衷祈愿着而已。",translated,依恩,0c2dc9f6b6,br=0 nl=1,2,
inc/event/res/07/me07_11.txt#218#12,わたしね、今ではこう思うの。,我呀，现在是这么想的。,translated,依恩,459deceedc,br=0 nl=0,1,
inc/event/res/07/me07_11.txt#219#12,"わたしには、みんなを…この世界を救う力も、
立場も与えられている。","我被赋予了拯救大家……拯救这个世界的力量，
同时也拥有这样的立场。",translated,依恩,2fd50ebc58,br=0 nl=1,2,
inc/event/res/07/me07_11.txt#220#12,"だから、この力を与えてくれたセカイの為に、
この世界の人達を、助けなくちゃ……って。","所以，为了赐予我这份力量的世界，
我必须……去拯救这个世界上的人们。",translated,依恩,cb629c32e5,br=0 nl=1,2,
inc/event/res/07/me07_11.txt#221#12,"……ふふっ、イオンらしいね。
僕はイオンのそういうところが好きなんだ。","……呵呵，真像依恩的作风呢。
我最喜欢依恩这一点了。",translated,泰雷芬肯,4731cfca9f,br=0 nl=1,2,
inc/event/res/07/me07_11.txt#222#12,"さあ、テレくん。紡ごう！
まだ望みが潰えたわけじゃないんだから！","来吧，德律君。我们来编织吧！
希望可还没有破灭呢！",translated,依恩,ecd6b30a7b,br=0 nl=1,2,
inc/event/res/07/me07_11.txt#236#12,……ジル。,……吉鲁。,translated,温多,376d290e0a,br=0 nl=0,1,
inc/event/res/07/me07_11.txt#237#12,ん？,嗯？,translated,吉鲁,612f6299e0,br=0 nl=0,1,
inc/event/res/07/me07_11.txt#238#12,"君と私がここにいた頃は……主に地文の要請で
遺伝子操作の研究をしていたね。","你和我当年留在这里的时候……
主要是应地文的要求进行基因操作研究呢。",translated,温多,fad853fca4,br=0 nl=1,2,
inc/event/res/07/me07_11.txt#239#12,えぇ……私が一番幸せだった時期よ。,嗯……那是我最幸福的一段时光。,translated,吉鲁,46633380bc,br=0 nl=0,1,
inc/event/res/07/me07_11.txt#240#12,"でも、ネロを還すことが出来て、
ウンドゥがわたしの所へ戻ってきてくれたら――","不过，只要能把妮诺送回去，
乌恩德回到我的身边――",translated,吉鲁,d2847cbe7c,br=0 nl=1,2,
inc/event/res/07/me07_11.txt#241#12,"また、あの楽しかった時期が蘇るわね。
また二人で一緒に、DNAと魂の昇華について
研究できるのね。","那段快乐的时光就会重现吧。
我们又能两个人一起，
研究DNA与灵魂的升华了呢。",translated,吉鲁,2d571bacac,br=0 nl=2,3,
inc/event/res/07/me07_11.txt#242#12,"うむ。その通りだよ、ジル。
人類をずっと幸せにする為の研究だ。","嗯。你说得对，吉鲁。
那是能让人类永远幸福的研究。",translated,温多,3a03d22ede,br=0 nl=1,2,
inc/event/res/07/me07_11.txt#243#12,そう……。,是啊……,translated,吉鲁,97210112e8,br=0 nl=0,1,
inc/event/res/07/me07_11.txt#244#12,"ジル。私はね、DNAと魂の昇華の研究を、
絶対に完成させたいと思っているんだ。
何故だかわかるかい？","吉鲁。我啊，无论如何都想
将DNA与灵魂升华的研究彻底完成。
你知道是为什么吗？",translated,温多,9185f76470,br=0 nl=2,3,
inc/event/res/07/me07_11.txt#245#12,えっと、なぜかしら……。,呃，是为什么呢……,translated,吉鲁,f9988646cf,br=0 nl=0,1,
inc/event/res/07/me07_11.txt#246#12,"私の心の中にはね、
ずっと人々への償いの気持ちがあるのだよ。
だから、この研究で償いたいのだ。","在我的内心深处，
一直怀着对世人的赎罪之情。
所以，我想用这项研究来赎罪。",translated,温多,bafc26d302,br=0 nl=2,3,
inc/event/res/07/me07_11.txt#247#12,……そうだったの。知らなかった。,……原来是这样。我都不知道。,translated,吉鲁,7a99c1b441,br=0 nl=0,1,
inc/event/res/07/me07_11.txt#248#12,"……そういえば、ジルにはその事を話して
いなかったね。君がここへ来る前、
私がジェノミライで何をやっていたのかを。","……说起来，我还没跟吉鲁谈起过那件事呢。
在你来到这里之前，
我在杰诺米莱究竟做过些什么。",translated,温多,302cf0d4d9,br=0 nl=2,3,
inc/event/res/07/me07_11.txt#249#12,え？　えぇ……。,诶？嗯……,translated,吉鲁,2f7382fb4d,br=0 nl=0,1,
inc/event/res/07/me07_11.txt#250#12,"私がここへ君を呼ぶ以前、ジェノミライは
まったく別の研究をしていたのだ。","在我把你叫来这里之前，杰诺米莱
做的是完全另外一项研究。",translated,温多,f4ef52ee49,br=0 nl=1,2,
inc/event/res/07/me07_11.txt#251#12,別の……？,另一项……？,translated,吉鲁,7a545919a6,br=0 nl=0,1,
inc/event/res/07/me07_11.txt#252#12,"そう。もともとジェノミライは
天文地文双方の力で創られた組織だ。","没错。杰诺米莱原本是
由天文与地文双方合力创建的组织。",translated,温多,e598ba9d17,br=0 nl=1,2,
inc/event/res/07/me07_11.txt#253#12,"コアメンバーは私とクラケット。
部下にグレイコフとネプツールがいた。","核心成员是我和库拉肯特。
部下则有古雷柯夫和尼普楚尔。",translated,温多,6ced9d97b3,br=0 nl=1,2,
inc/event/res/07/me07_11.txt#254#12,"我々第一世代は
何の研究をしていたと思う？","你觉得我们第一代
研究的是什么？",translated,温多,c3485c1324,br=0 nl=1,2,
inc/event/res/07/me07_11.txt#255#12,"あなたも当時は教えてくれなかったし……
さぁ、想像もつかないわ。","当时你也没告诉我……
哎呀，完全想象不出来呢。",translated,吉鲁,25403010f6,br=0 nl=1,2,
inc/event/res/07/me07_11.txt#256#12,"私たちはね、ロストテクノロジーの
研究をしていたのだよ。","我们啊，当时研究的是
失落技术哦。",translated,温多,51ac586e8f,br=0 nl=1,2,
inc/event/res/07/me07_11.txt#257#12,ロストテクノロジー？,失落技术？,translated,吉鲁,bb99335091,br=0 nl=0,1,
inc/event/res/07/me07_11.txt#258#12,"あぁ。現在のレベルを遥かに超えた
過去のオーバーテクノロジー。","啊啊。远远超越当代水平的
过去的超常技术。",translated,温多,059a017ede,br=0 nl=1,2,
inc/event/res/07/me07_11.txt#259#12,"それを実用化できるよう、
我々は次元論の実証実験をしていたのだ。","为了将其投入实用，
我们当时一直在进行次元论的实证实验。",translated,温多,ea6bfb2b24,br=0 nl=1,2,
inc/event/res/07/me07_11.txt#260#12,"そして、その中でも最大の発見が──
ネロという存在だった。","而其中最大的发现――
就是名为妮诺的存在。",translated,温多,73cf9995eb,br=0 nl=1,2,
inc/event/res/07/me07_11.txt#261#12,……そうだったの……。,……原来是这样啊……,translated,吉鲁,1f4120c7eb,br=0 nl=0,1,
inc/event/res/07/me07_11.txt#262#12,"驚いたろう。この極地の底に、
遥か遠い祖先の遺産が埋まっていたのだよ。","很吃惊吧。在极地的深处，
竟然埋藏着遥远先祖遗留下来的遗产。",translated,温多,b206d8114a,br=0 nl=1,2,
inc/event/res/07/me07_11.txt#263#12,"それを解析できればこの世界に安寧を
もたらすことになると、我々は固く信じていた。","我们当时坚信，只要能解析它，
就能为这个世界带来安宁。",translated,温多,4d4c693230,br=0 nl=1,2,
inc/event/res/07/me07_11.txt#264#12,だが、そうはならなかったのだよ。,然而，事与愿违啊。,translated,温多,37b8ced565,br=0 nl=0,1,
inc/event/res/07/me07_11.txt#266#12,神を超えることは人間の抱く最も大きな願望だ。,超越神明是人类心中最大的愿望。,translated,温多,b83d244116,br=0 nl=0,1,
inc/event/res/07/me07_11.txt#267#12,"だが決して叶うことはない。
叶わないのなら……それは妄想だ。","但这绝不可能实现。
既然不可能实现……那就是妄想。",translated,温多,918ca0bf78,br=0 nl=1,2,
inc/event/res/07/me07_11.txt#268#12,"そう、決して叶わない。
なぜだかわかるかい？","没错，绝不可能实现。
你知道为什么吗？",translated,温多,61a39442c4,br=0 nl=1,2,
inc/event/res/07/me07_11.txt#269#12,……いいえ。,……不知道。,translated,吉鲁,4e3b5d1f24,br=0 nl=0,1,
inc/event/res/07/me07_11.txt#270#12,"簡単さ。
我々が神を超えたと思うこと自体が、
神のシナリオの一部に過ぎないからだ。","很简单。
因为我们自以为超越了神明本身，
也只不过是神之剧本的一部分罢了。",translated,温多,207d13078a,br=0 nl=2,3,
inc/event/res/07/me07_11.txt#272#12,"その証拠に、我々が何をしようが
この世界は我々の行いを受け入れる。","作为证据，不论我们做了什么，
这个世界都会全盘接纳我们的行径。",translated,温多,76ab122718,br=0 nl=1,2,
inc/event/res/07/me07_11.txt#273#12,"そして法則にしたがって
フィードバックを返してくるのみだ。","然后仅凭法则
给出相应的反馈而已。",translated,温多,23ea0b66ab,br=0 nl=1,2,
inc/event/res/07/me07_11.txt#279#12,"そうだ。
その神のシナリオを書き換えようとした代償が、
いまのこの状況だ。","是啊。
试图改写神之剧本所付出的代价，
就是如今的这副惨状。",translated,库拉肯特,1e00e89b98,br=0 nl=2,3,
inc/event/res/07/me07_11.txt#280#12,代償……。,代价……,translated,吉鲁,807b0a3aa6,br=0 nl=0,1,
inc/event/res/07/me07_11.txt#281#12,"私とウンドゥが挑んだ研究は、
この世界に二つの大きな変化をもたらした。","我和乌恩德挑战的研究，
给这个世界带来了两大剧变。",translated,库拉肯特,2f0e18acbb,br=0 nl=1,2,
inc/event/res/07/me07_11.txt#282#12,"ひとつは、シェルノトロン。
もうひとつは、本来この世界に存在し得ない
存在を呼び寄せてしまったこと。","其一是榭鲁诺特伦。
其二则是引来了
本不应存在于这个世界的存在。",translated,库拉肯特,85aec9f029,br=0 nl=2,3,
inc/event/res/07/me07_11.txt#283#12,"結果として、私たちは太陽の急激な膨張を招き、
滅びの危機に瀕している。","结果导致了太阳的急剧膨胀，
使我们濒临灭亡的危机。",translated,库拉肯特,fb587b288c,br=0 nl=1,2,
inc/event/res/07/me07_11.txt#284#12,"我々は自らの責任において……
その償いをせねばならん。","我们必须承担起自身的责任……
为此赎罪才行。",translated,库拉肯特,a00bdf8b1a,br=0 nl=1,2,
inc/event/res/07/me07_11.txt#296#12,"──この化合物から有効成分を単離できれば、
今度こそ……。","――只要能从这种化合物中分离出有效成分，
这次一定……",translated,吉鲁,3c595f16d3,br=0 nl=1,2,
inc/event/res/07/me07_11.txt#299#12,ねぇ。,我说。,translated,妮诺,5089c4f57d,br=0 nl=0,1,
inc/event/res/07/me07_11.txt#300#12,ウンドゥ……いえ、ネロ？,乌恩德……不，妮诺？,translated,吉鲁,5f11cfd495,br=0 nl=0,1,
inc/event/res/07/me07_11.txt#301#12,あなた、ウンドゥの何が好きなの？,你喜欢乌恩德哪一点？,translated,妮诺,8e04274026,br=0 nl=0,1,
inc/event/res/07/me07_11.txt#302#12,何ですって？,你说什么？,translated,吉鲁,66b29cfe2a,br=0 nl=0,1,
inc/event/res/07/me07_11.txt#303#12,"私は、彼のすべてが好き。
私、ウンドゥのすべてを見た。","我喜欢他的全部。
我见识过乌恩德的一切。",translated,妮诺,5af58a9e50,br=0 nl=1,2,
inc/event/res/07/me07_11.txt#304#12,"きれいなところ。きたないところ。
全部見たけど、やっぱり好きだった。","美好的地方，丑陋的地方。
全都看在眼里，但我依然深爱着他。",translated,妮诺,074a222fc6,br=0 nl=1,2,
inc/event/res/07/me07_11.txt#306#12,"理屈じゃない。
彼は私と一心同体になったんだもの。","这不需要理由。
因为他已经和我融为一心同体了。",translated,妮诺,4f0d84c48d,br=0 nl=1,2,
inc/event/res/07/me07_11.txt#307#12,一心同体……。,一心同体……,translated,吉鲁,faca19d83c,br=0 nl=0,1,
inc/event/res/07/me07_11.txt#308#12,"（私も……私も彼と心を繋げて、
　ひとつになれたら）","（如果我也……如果我也能与他心意相通，
　合为一体的话）",translated,吉鲁,5ec0291289,br=0 nl=1,2,
inc/event/res/07/me07_11.txt#309#12,"（ウンドゥがいま目の前にいない、
　この腕に抱けないことに……
　怯えたりしないですむのに）","（就不必因为乌恩德此刻不在眼前、
　无法抱入怀中……
　而感到惶恐不安了）",translated,吉鲁,0b0f12878b,br=0 nl=2,3,
inc/event/res/07/me07_11.txt#310#12,"でも、最初は怖かった。
あの人は、私に危害を加える人だったから。
でも──","不过，一开始我也很害怕。
因为那个人曾经伤害过我。
但是――",translated,妮诺,341d053dd7,br=0 nl=2,3,
inc/event/res/07/me07_11.txt#311#12,"心を繋いだら、わかった。
心を閉ざしていたら決してわからなかった。","在敞开心扉相连之后，我明白了。
如果一直封闭内心，是绝不可能明白的。",translated,妮诺,bdc36474ee,br=0 nl=1,2,
inc/event/res/07/me07_11.txt#312#12,"私は彼が好きだった――。
私は彼が好き――。
私は彼を好きでいる――。","我曾经喜欢他――
我喜欢他――
我会一直喜欢他――",translated,妮诺,f1df1e1d07,br=0 nl=2,3,
inc/event/res/07/me07_11.txt#313#12,やめなさいっ！,快住口！,translated,吉鲁,a524d1f231,br=0 nl=0,1,
inc/event/res/07/me07_11.txt#315#12,"じゃあどうして自分のセカイに
ウンドゥを一緒に連れていかないの？
この星の行く末を心配してるとでも？","那为什么你不把乌恩德
一起带回你自己的世界去？
难道你还在担心这颗星球的未来吗？",translated,吉鲁,0a04381f16,br=0 nl=2,3,
inc/event/res/07/me07_11.txt#316#12,"まさか……。理由はひとつ。
彼を、自分のことのように愛しているから。
だから連れていかない。","怎么可能……理由只有一个。
正因为我像爱自己一样深爱着他，
所以才不带他走。",translated,妮诺,5af24e04fd,br=0 nl=2,3,
inc/event/res/07/me07_11.txt#317#12,意味がわからないわ。,我完全听不懂你在说什么。,translated,吉鲁,6185907e1b,br=0 nl=0,1,
inc/event/res/07/me07_11.txt#318#12,"私のセカイに来ても、彼は苦しむだけ。
身体もない、魂も輪廻転生できない。
だから、ウンドゥはこの世界にいてほしい。","就算到了我的世界，他也只会饱受折磨。
既没有身体，灵魂也无法轮回转世。
所以，我希望乌恩德留在这个世界。",translated,妮诺,d9d5867357,br=0 nl=2,3,
inc/event/res/07/me07_11.txt#319#12,"好きだから、そんな想いはさせたくない。
私のような想いは。","正因为喜欢他，才不想让他承受那样的痛苦。
不想让他体会跟我一样的感受。",translated,妮诺,b90ab91110,br=0 nl=1,2,
inc/event/res/07/me07_11.txt#320#12,魂が壊れるような想いは。,那种如同灵魂破碎般的痛苦。,translated,妮诺,d828f022e4,br=0 nl=0,1,
inc/event/res/07/me07_11.txt#341#12,おい、この中で正しいのか？,喂，确定是在这里面吗？,translated,特工,ecbb6660ad,br=0 nl=0,1,
inc/event/res/07/me07_11.txt#342#12,"位置情報から、ここに間違いありません。
ここは昔、ジェノミライの研究室だった
とのことです。","根据位置情报，绝对就在这里。
据说这里过去曾是
杰诺米莱的研究室。",translated,警卫,f2c2759295,br=0 nl=2,3,
inc/event/res/07/me07_11.txt#343#12,"確かに怪しいな……。
よし、レナルル捜査官に報告。
援軍を要請しろ。","确实可疑……
好，向蕾娜露露搜查官汇报。
请求增援。",translated,特工,49eb07b0e6,br=0 nl=2,3,
inc/event/res/07/me07_11.txt#344#12,はっ！,是！,translated,警卫,4abd11a6e2,br=0 nl=0,1,
inc/event/res/07/me07_11.txt#358#12,"う、む……。
ついに目を付けられたか！","唔……
终于被盯上了吗！",translated,库拉肯特,b5d6dd8548,br=0 nl=1,2,
inc/event/res/07/me07_11.txt#359#12,そのようね。,看来是呢。,translated,吉鲁,f653aa9a97,br=0 nl=0,1,
inc/event/res/07/me07_11.txt#372#12,これは…イオナサルの……詩魔法か！,这是……依欧娜萨鲁的……诗魔法吗！,translated,莎丽,b5c15c434b,br=0 nl=0,1,
inc/event/res/07/me07_11.txt#373#12,"大丈夫だ、この扉はそう簡単に破れはせん。
それよりも外のPLASMAだ。","别慌，这扇门没那么容易被攻破。
比起这个，外面的PLASMA才是大麻烦。",translated,库拉肯特,40f1737f80,br=0 nl=1,2,
inc/event/res/07/me07_11.txt#374#12,ジル、薬は！,吉鲁，药呢！,translated,库拉肯特,6250cfa8f9,br=0 nl=0,1,
inc/event/res/07/me07_11.txt#375#12,もう少し、いま最後の分離をしてる！,还差一点，正在进行最后的提纯分离！,translated,吉鲁,04d8c38de1,br=0 nl=0,1,
inc/event/res/07/me07_11.txt#376#12,よし、扉を破壊するぞ。,好，把门破坏掉。,translated,警卫,2a0955d0ca,br=0 nl=0,1,
inc/event/res/07/me07_11.txt#379#12,くそッ、まだなのか……！,可恶，还没好吗……！,translated,库拉肯特,213f39fdcf,br=0 nl=0,1,
inc/event/res/07/me07_11.txt#390#12,完成した……！！,完成了……！！,translated,吉鲁,6009afba95,br=0 nl=0,1,
inc/event/res/07/me07_11.txt#394#12,"よしッ！
ジル、その薬を――","好！
吉鲁，快把那药――",translated,库拉肯特,7a69af84b0,br=0 nl=1,2,
inc/event/res/07/me07_11.txt#408#12,手を挙げろ、後ろを向けッ！！,举起手来，转过身去！！,translated,警卫,2d6eb951ec,br=0 nl=0,1,
inc/event/res/07/me07_12.txt#28#12,"抵抗するな！
両手を挙げて後ろを向け！","别做无谓的抵抗！
双手抱头转过身去！",translated,警卫,744e3d6e21,br=0 nl=1,2,
inc/event/res/07/me07_12.txt#29#12,ぐっ……、ここまでか！,唔……到此为止了吗！,translated,库拉肯特,63de80cfe5,br=0 nl=0,1,
inc/event/res/07/me07_12.txt#30#12,まだよ！,还没完呢！,translated,吉鲁,693295ab99,br=0 nl=0,1,
inc/event/res/07/me07_12.txt#32#12,"ッ！？
ジル、何をしたんだ？","唔！？
吉鲁，你做了什么？",translated,莎丽,8acc6ff0e5,br=0 nl=1,2,
inc/event/res/07/me07_12.txt#33#12,"すぐに分かるわ。
……運が良ければね。","马上就会知道了。
……如果运气好的话呢。",translated,吉鲁,e474d8e137,br=0 nl=1,2,
inc/event/res/07/me07_12.txt#50#12,よせっ、何をする！,住手，你要干什么！,translated,特工,9c35bedb0d,br=0 nl=0,1,
inc/event/res/07/me07_12.txt#51#12,うわぁっ！！,哇啊！！,translated,警卫,d3f9c5abab,br=0 nl=0,1,
inc/event/res/07/me07_12.txt#73#12,さあ、いまのうちよ、早く！,快，趁现在，赶紧走！,translated,吉鲁,4b56f4b3cc,br=0 nl=0,1,
inc/event/res/07/me07_12.txt#74#12,まったく、抜かりのない奴だ。,真是个滴水不漏的家伙。,translated,库拉肯特,bc51d96bab,br=0 nl=0,1,
inc/event/res/07/me07_12.txt#87#12,何事だ！？,出什么事了！？,translated,蕾娜露露,2d9664b612,br=0 nl=0,1,
inc/event/res/07/me07_12.txt#88#12,"ジェノムと思われる生物によって
攻撃されています！！",正遭到疑似杰诺姆的生物攻击！！,translated,警卫,dbbd8ec2e8,br=0 nl=1,2,
inc/event/res/07/me07_12.txt#95#12,"（……ッ！？
　こ、これは……シャール！？
　なぜシャールが……こんな所に……！！）","（……唔！？
　这、这是……夏尔！？
　为什么夏尔会出现在……这种地方……！！）",translated,蕾娜露露,bdd1cf6296,br=0 nl=2,3,
inc/event/res/07/me07_12.txt#104#12,"第一団はジェノムを殲滅せよ！
手段は問わない！","第一团负责歼灭杰诺姆！
不择手段！",translated,蕾娜露露,863fae0bf5,br=0 nl=1,2,
inc/event/res/07/me07_12.txt#105#12,はっ！,是！,translated,警卫,4abd11a6e2,br=0 nl=0,1,
inc/event/res/07/me07_12.txt#108#12,残りは力場へ──,其余人前往力场――,translated,蕾娜露露,317f6455ee,br=0 nl=0,1,
inc/event/res/07/me07_12.txt#113#12,そこに誰か！？,那边有人吗！？,translated,蕾娜露露,76c1d6dc63,br=0 nl=0,1,
inc/event/res/07/me07_12.txt#123#12,イオン！？,依恩！？,translated,蕾娜露露,cc0481ac73,br=0 nl=0,1,
inc/event/res/07/me07_12.txt#124#12,はぁ……はぁ……レナルルさん……！,哈啊……哈啊……蕾娜露露小姐……！,translated,依恩,968f922b74,br=0 nl=0,1,
inc/event/res/07/me07_12.txt#125#12,どうなってるの、話して。,到底怎么回事，快告诉我。,translated,蕾娜露露,f549fa50c3,br=0 nl=0,1,
inc/event/res/07/me07_12.txt#128#12,"大変なんです！　みんなを止めないと！
ネロが、自分のセカイに還ってしまいます！","大事不好了！必须阻止大家！
妮诺要被送回自己的世界去了！",translated,依恩,a68ce7bce4,br=0 nl=1,2,
inc/event/res/07/me07_12.txt#129#12,"そうなったら、シェルノトロンが
もう二度と使えなくなっちゃう！","要是变成那样，
榭鲁诺特伦就再也无法使用了！",translated,依恩,378178b911,br=0 nl=1,2,
inc/event/res/07/me07_12.txt#130#12,"わかっています。
さぁイオン、行きましょう。","我明白了。
来吧依恩，我们走。",translated,蕾娜露露,62e3f2ead9,br=0 nl=1,2,
inc/event/res/07/me07_12.txt#181#12,先回りされてたか……！,被捷足先登了吗……！,translated,莎丽,3810aaa875,br=0 nl=0,1,
inc/event/res/07/me07_12.txt#182#12,くそ、ここまで来て！,可恶，都已经走到这里了！,translated,库拉肯特,30e6e5c9b3,br=0 nl=0,1,
inc/event/res/07/me07_12.txt#210#12,あれは──{テンプルナイト}！,那是――{圣殿骑士}！,translated,吉鲁,399dfa3e28,br=1 nl=0,1,keep-terms {テンプルナイト}
inc/event/res/07/me07_12.txt#210#14,天文にＰＬＡＳＭＡがあるように、それと対を成す地文の組織がテンプルナイトである。<CR>シェルノトロンの普及により、天文が実質的トップとなっている近年においては、ＰＬＡＳＭＡのような権力は持ち合わせていないものの、その諜報能力や戦闘能力はけして劣ってはいない。<CR>不正を暴き、地文が再び台頭するために日夜天文を監視し続けていたが、周到な情報操作により皇位継承の儀が始まるまではこれといった動きを見せていなかった。<CR>しかし、カノンやジルの行動がきっかけとなり、ついに天文に対して行動を開始したようだ。,正如天文拥有PLASMA一样，地文与之抗衡的组织便是圣殿骑士。<CR>由于榭鲁诺特伦的普及，天文在近年来实质上占据了主导地位，圣殿骑士虽未拥有PLASMA那样的权力，但在谍报能力与战斗能力上却绝不逊色。<CR>为了揭露罪行、让地文东山再起，他们日夜监视着天文，但由于周密的情报操作，在皇位继承仪式开始前一直未有显著动作。<CR>然而以卡诺和吉鲁的行动为契机，他们终于开始针对天文展开了行动。,translated,吉鲁,5a13f6400d,<CR> <CR> <CR> br=0 nl=0,1,keep-tags <CR>; src-longest-line=254
inc/event/res/07/me07_12.txt#211#12,よかった、間に合った。,太好了，总算赶上了。,translated,妮诺,6f061d4a43,br=0 nl=0,1,
inc/event/res/07/me07_12.txt#217#12,ジリリウム博士、ウンドゥ博士ですね。,是吉利利姆博士和乌恩德博士吧。,translated,圣殿骑士,e54c5596c0,br=0 nl=0,1,
inc/event/res/07/me07_12.txt#218#12,"ようやくこのときがやってきた。
世界に対する天文の重大な裏切りが
とうとう明らかになります！","这一刻终于到来了。
天文对世界的重大背叛，
终于要大白于天下了！",translated,圣殿骑士,405169c749,br=0 nl=2,3,
inc/event/res/07/me07_12.txt#219#12,"あなた方は早く、力場の中央へ。
まもなく天文は全組織を挙げて
食い止めにくるでしょう。","二位请尽快前往力场中央。
天文很快就会倾巢出动
前来阻拦了吧。",translated,圣殿骑士,0db9d369af,br=0 nl=2,3,
inc/event/res/07/me07_12.txt#220#12,"大部隊がこちらへ向かっているとの
報告もあります。我々が護ります、お早く！","也有报告称大部队正朝这边赶来。
我们会保护你们，请快走！",translated,圣殿骑士,a931b4ef08,br=0 nl=1,2,
inc/event/res/07/me07_12.txt#221#12,"うむ、わかった。
急ごう！","好，我知道了。
我们快走！",translated,库拉肯特,d0d8287a2f,br=0 nl=1,2,
inc/event/res/07/me07_12.txt#222#12,"詩が始まったら、みんなここから逃げて。
できる限り遠く、ジェノミライ研究所まで
戻れれば確実です。","一旦诗开始吟唱，大家就从这里逃离。
尽可能跑远一点，
如果能撤回杰诺米莱研究所就安全了。",translated,吉鲁,8588e4d360,br=0 nl=2,3,
inc/event/res/07/me07_12.txt#260#12,クラケット博士、戻ってください！,库拉肯特博士，请回来！,translated,蕾娜露露,46ba13e21a,br=0 nl=0,1,
inc/event/res/07/me07_12.txt#261#12,"あなたたちのやろうとしていることは
この世界を本当に終わらせてしまう！","你们打算做的事情，
真的会让这个世界彻底走向终结的！",translated,蕾娜露露,2edf6f8c5c,br=0 nl=1,2,
inc/event/res/07/me07_12.txt#262#12,"すべての人々が生きるすべを失い、
死よりも深い暗闇に落ちてしまうのです！","所有的人都会失去生存的依仗，
坠入比死亡更深邃的黑暗之中啊！",translated,蕾娜露露,23e0bbfc72,br=0 nl=1,2,
inc/event/res/07/me07_12.txt#288#12,"はっ！
お前たち天文がそんなことを
よく言えたものだな！！","哼！
你们天文居然有脸
说出这种话来！！",translated,库拉肯特,42cfc429dc,br=0 nl=2,3,
inc/event/res/07/me07_12.txt#289#12,"ネロを還さねば、あと数年でラシェーラは
太陽の膨張に呑まれてしまう！","要是不把妮诺送回去，要不了几年
拉榭拉就会被太阳的膨胀吞噬！",translated,库拉肯特,3d0272be01,br=0 nl=1,2,
inc/event/res/07/me07_12.txt#290#12,"そのときお前たちは、ネロの力を使って
自分たちだけ逃げるつもりではないか！！","到那时你们不就是打算利用妮诺的力量，
只顾自己逃之夭夭吗！！",translated,库拉肯特,ea40830bdd,br=0 nl=1,2,
inc/event/res/07/me07_12.txt#291#12,"人々の行く末を楯に取る資格など、
天文にはないわ！！","拿民众的命运当盾牌，
天文根本没有这个资格！！",translated,库拉肯特,f1839fce7e,br=0 nl=1,2,
inc/event/res/07/me07_12.txt#292#12,"解決の方法はほかにもあるはずです！
天文上層部と交渉できるよう、
私がとりなします！","解决的办法肯定还有别的！
为了能让你们与天文上层交涉，
我会居中调解的！",translated,蕾娜露露,e6dc3ce918,br=0 nl=2,3,
inc/event/res/07/me07_12.txt#293#12,私たちが信用すると思って！？,你觉得我们会相信吗！？,translated,吉鲁,ae540ec93e,br=0 nl=0,1,
inc/event/res/07/me07_12.txt#294#12,博士、急ぎましょう！,博士，我们快走！,translated,吉鲁,ec4fbcc971,br=0 nl=0,1,
inc/event/res/07/me07_12.txt#314#12,やむをえん……構えっ！,不得已了……举枪！,translated,特工,b161b877e0,br=0 nl=0,1,
inc/event/res/07/me07_12.txt#321#12,てぇっ！！,射击！！,translated,特工,f6365f36d3,br=0 nl=0,1,
inc/event/res/07/me07_12.txt#327#12,"！！
やめなさいっ！","！！
快住手！",translated,蕾娜露露,c5d3fd6ecc,br=0 nl=1,2,
inc/event/res/07/me07_12.txt#329#12,撃ち方待てっ！,停火！！,translated,蕾娜露露,80306a71f0,br=0 nl=0,1,
inc/event/res/07/me07_12.txt#345#12,"ダメ、撃たないで！
お願いしますッ！！","不行，不要开枪！
求求你们了！！",translated,依恩,4e79917f93,br=0 nl=1,2,
inc/event/res/07/me07_12.txt#362#12,"クラケットさん！　サーリちゃん！
ジルさん！！
わたしからもお願いします！","库拉肯特先生！莎丽！
吉鲁小姐！！
我也拜托你们了！",translated,依恩,6bdcae0590,br=0 nl=2,3,
inc/event/res/07/me07_12.txt#363#12,"いまネロを還したら、
本当にこの世界はおかしくなります！
立ち直れなくなってしまいます！！","如果现在把妮诺送回去，
这个世界真的会完蛋的！
会变得再也无法挽回的！！",translated,依恩,0f5fdde1e1,br=0 nl=2,3,
inc/event/res/07/me07_12.txt#388#12,"銃撃は僕が食い止める。
ジル、あなたのヒトガタ化ウィルスが
役に立った。","枪击由我来挡下。
吉鲁，你的人形化病毒派上用场了。",translated,莎丽,a5341048ae,br=0 nl=2,3,
inc/event/res/07/me07_12.txt#389#12,当然よ。,那是自然。,translated,吉鲁,292ddce3bf,br=0 nl=0,1,
inc/event/res/07/me07_12.txt#390#12,薬は効きはじめてる？,药效开始起作用了吗？,translated,莎丽,29865e7a40,br=0 nl=0,1,
inc/event/res/07/me07_12.txt#391#12,えぇ、大丈夫。,嗯，没问题。,translated,吉鲁,31469e347e,br=0 nl=0,1,
inc/event/res/07/me07_12.txt#392#12,"ネロ。
あなたを還す──７次元先へ。","妮诺。
我这就送你回去――回到７次元另一端。",translated,吉鲁,b7820b6b60,br=0 nl=1,2,
inc/event/res/07/me07_12.txt#427#12,"総員退却！
ここは全部持っていかれる、急げ！！","全员撤退！
这里的一切都会被卷走，快跑！！",translated,警卫,003c84d659,br=0 nl=1,2,
inc/event/res/07/me07_12.txt#428#12,"総員──退却！
すみやかに軌道エレベイタへ！！","全员――撤退！
迅速撤往轨道升降机！！",translated,蕾娜露露,4ae67908be,br=0 nl=1,2,
inc/event/res/07/me07_12.txt#431#12,イオン──！！,依恩――！！,translated,蕾娜露露,ee14933ce9,br=0 nl=0,1,
inc/event/res/07/me07_12.txt#432#12,"イオン、ダメ！
早く退避するの！！","依恩，不行！
快点撤离！！",translated,蕾娜露露,6d470bb23f,br=0 nl=1,2,
inc/event/res/07/me07_12.txt#434#12,レナルルさんっ！,蕾娜露露小姐！,translated,依恩,72579261c5,br=0 nl=0,1,
inc/event/res/07/me07_12.txt#435#12,行かせてください、わたし、力場へっ……！,请让我过去，我要去力场……！,translated,依恩,3cc558ff6d,br=0 nl=0,1,
inc/event/res/07/me07_12.txt#436#12,"何を言うの、あの詩が完成したら
この空間は全部エネルギーに
変わってしまうのよ！？","你在说什么胡话，一旦那首诗完成，
这个空间的一切都会化为能量啊！？",translated,蕾娜露露,98c3698106,br=0 nl=2,3,
inc/event/res/07/me07_12.txt#437#12,"それでも行って止めないと！
今ネロがいなくなったら、この世界の人達は
これからどうやって生きていくの！？","即便如此我也必须去阻止！
要是现在没了妮诺，这个世界的人们
今后该要怎么活下去啊！？",translated,依恩,1664b86603,br=0 nl=2,3,
inc/event/res/07/me07_12.txt#441#12,イオン！！,依恩！！,translated,蕾娜露露,66ffaa1824,br=0 nl=0,1,
inc/event/res/07/me07_12.txt#442#12,テレ君！！,德律君！！,translated,依恩,718fbe70a3,br=0 nl=0,1,
inc/event/res/07/me07_12.txt#443#12,行くよ、イオン！！,我们走，依恩！！,translated,泰雷芬肯,85e469f4fa,br=0 nl=0,1,
inc/event/res/07/me07_12.txt#445#12,イオン──！！,依恩――！！,translated,蕾娜露露,ee14933ce9,br=0 nl=0,1,
inc/event/res/07/me07_12.txt#448#12,だめーーーーーーっ！！！,不要啊――――――！！！,translated,依恩,163905881f,br=0 nl=0,1,
inc/event/res/07/me07_12.txt#451#12,さようなら……。,再见了……,translated,妮诺,996937308b,br=0 nl=0,1,
inc/event/res/07/me07_12.txt#479#12,……ッ！！,……唔！！,translated,温多,0b57bf2a65,br=0 nl=0,1,
inc/event/res/07/me07_12.txt#480#12,"ジル！
おい、ジル！！
しっかりしろ！！","吉鲁！
喂，吉鲁！！
振作一点！！",translated,温多,11ed5d896e,br=0 nl=2,3,
inc/event/res/07/me07_12.txt#481#12,……う……うぅ……。,……唔……呜……,translated,吉鲁,670684b2c3,br=0 nl=0,1,
inc/event/res/07/me07_12.txt#482#12,ジル！,吉鲁！,translated,温多,0a90e38171,br=0 nl=0,1,
inc/event/res/07/me07_12.txt#492#12,……あなたなの、ウンドゥ……？,……是你吗，乌恩德……？,translated,吉鲁,a2e959a10a,br=0 nl=0,1,
inc/event/res/07/me07_12.txt#493#12,"あぁ、そうだ！
よく……よく頑張ったぞ、ジル！","啊，是我！
你……你表现得很棒，吉鲁！",translated,温多,58b8681098,br=0 nl=1,2,
inc/event/res/07/me07_12.txt#494#12,"ネロは還った、７次元先へ。
いまこの身体には私だけだ。","妮诺已经回去了，回到了７次元另一端。
现在这具身体里只有我了。",translated,温多,74bb221136,br=0 nl=1,2,
inc/event/res/07/me07_12.txt#495#12,嬉しい……ウンドゥ……。,太好了……乌恩德……,translated,吉鲁,25fead7a7e,br=0 nl=0,1,
inc/event/res/07/me07_12.txt#496#12,ぅ……あっ……。,唔……啊……,translated,吉鲁,d3452a447f,br=0 nl=0,1,
inc/event/res/07/me07_12.txt#503#12,ジル！,吉鲁！,translated,库拉肯特,0a90e38171,br=0 nl=0,1,
inc/event/res/07/me07_12.txt#504#12,……いかん、すごい発熱だ！,……糟了，体温高得吓人！,translated,库拉肯特,daccbfb8d2,br=0 nl=0,1,
inc/event/res/07/me07_12.txt#505#12,"薬によって細胞組織は大変な勢いで
再生しているが、その瞬間熱で壊死している！","药物让细胞组织以惊人的速度再生，
但在那一瞬间又被高温灼烧坏死了！",translated,库拉肯特,00271052f3,br=0 nl=1,2,
inc/event/res/07/me07_12.txt#506#12,"わかっているさ。
今度は私がジルを助ける番だ。","我知道。
这次轮到我来拯救吉鲁了。",translated,温多,6e58eeb885,br=0 nl=1,2,
inc/event/res/07/me07_12.txt#507#12,"！！
お前、ウンドゥなんだな！？","！！
你……是乌恩德吧！？",translated,库拉肯特,f2ae874f29,br=0 nl=1,2,
inc/event/res/07/me07_12.txt#508#12,"そうだ、クラケット。
ネロはもういない。
さぁ、ジルを運ぶぞ！","没错，库拉肯特。
妮诺已经不在了。
快，我们把吉鲁抬走！",translated,温多,b0c734cbe3,br=0 nl=2,3,
inc/event/res/07/me07_12.txt#509#12,あぁ！,好！,translated,库拉肯特,8174fad4bb,br=0 nl=0,1,
inc/event/res/07/me07_12.txt#522#12,"イオナサル！？
しっかり、なんて無茶なことを！","依欧娜萨鲁！？
振作点，你怎么做这么乱来的事！",translated,莎丽,1cf2d7f2c7,br=0 nl=1,2,
inc/event/res/07/me07_12.txt#523#12,……に、あわな……。,……没、赶上……,translated,依恩,82f658ffed,br=0 nl=0,1,
inc/event/res/07/me07_12.txt#524#12,え？,诶？,translated,莎丽,5590ff8011,br=0 nl=0,1,
inc/event/res/07/me07_12.txt#525#12,"間に合わなかった……。
間に合わなかったよ……。","没能赶上……
我没能赶上啊……",translated,依恩,dea6e5d6f1,br=0 nl=1,2,
inc/event/res/07/me07_12.txt#526#12,ごめん、ごめんね、みんな……。,对不起，对不起大家……,translated,依恩,3d35ea79f8,br=0 nl=0,1,
inc/event/res/07/me07_12.txt#552#12,"申し訳ありませんでした。
リーヴェルト総帥──。","非常抱歉。
利维尔特总帅――",translated,蕾娜露露,65410cc6c7,br=0 nl=1,2,
inc/event/res/07/me07_12.txt#553#12,"考え得る最悪の事態となってしまいましたね、
タータルカ捜査官。","演变成了能想到的最糟糕事态呢，
塔塔尔卡搜查官。",translated,利维尔特,a4b9ecaf74,br=0 nl=1,2,
inc/event/res/07/me07_12.txt#554#12,"しかたありません。
天文を崩壊させる訳にはいきません。
コード９９８を発動します。","这也是无可奈何的事。
总不能眼看着天文走向崩溃。
启动代号９９８。",translated,利维尔特,993a840d95,br=0 nl=2,3,
inc/event/res/07/me07_12.txt#555#12,"ッ！？
しかし！！","唔！？
可是！！",translated,蕾娜露露,441156512d,br=0 nl=1,2,
inc/event/res/07/me07_12.txt#556#12,"このままでは、どのみち天文は解体です。
彼女を地文に確保された上──","再这样下去，天文横竖都难逃解体的命运。
不仅她被地文控制在手――",translated,利维尔特,97edda9dd7,br=0 nl=1,2,
inc/event/res/07/me07_12.txt#557#12,"対する我々はシェルノトロンを再稼動させる
望みを失ったのです。
完全に地文の方が有利な状況です。","而我们反过来又失去了
重启榭鲁诺特伦的希望。
目前的局势完全倒向了地文一方。",translated,利维尔特,addc78e832,br=0 nl=2,3,
inc/event/res/07/me07_12.txt#559#12,この意味、わかりますよね？,这意味着什么，你明白的吧？,translated,利维尔特,1b3413a10a,br=0 nl=0,1,
inc/event/res/07/me07_12.txt#560#12,"はい。
では、皇位継承の儀は……。","明白。
那么，皇位继承仪式……",translated,蕾娜露露,14c51c5661,br=0 nl=1,2,
inc/event/res/07/me07_12.txt#561#12,"私から皇室に根回しします。
今回の件、天文の『イオナサル』の協議即位、
としてもらえるように。","我会亲自向皇室疏通铺垫。
争取让这次事件定性为
天文的“依欧娜萨鲁”协商即位。",translated,利维尔特,98b9fcde51,br=0 nl=2,3,
inc/event/res/07/me07_12.txt#562#12,あなたは自分の仕事を確実に全うしてください。,你只需坚决履行好自己的职责。,translated,利维尔特,31f4e0429b,br=0 nl=0,1,
inc/event/res/07/me07_12.txt#563#12,"あなたの直属の上官、そしてPLASMAの長官にも
このことは連絡済みです。
PLASMA全体で、速やかに遂行するように。","你的直属长官以及PLASMA的长官
我都已经联络过了。
整个PLASMA必须迅速执行到位。",translated,利维尔特,0d12a7a8a0,br=0 nl=2,3,
inc/event/res/07/me07_12.txt#564#12,"──承知致しました。
それでは、これにて失礼致します。","――属下遵命。
那么，属下先行告退。",translated,蕾娜露露,7c4708637a,br=0 nl=1,2,
inc/event/res/07/me07_12.txt#565#12,……レナルル。,……蕾娜露露。,translated,利维尔特,dc257a1682,br=0 nl=0,1,
inc/event/res/07/me07_12.txt#568#12,"期待してますよ。
今回のミッションを成功させれば、
お前をPLASMAの幹部にする事が出来る。","我可是对你寄予厚望啊。
只要顺利完成这次任务，
就能提拔你进入PLASMA的干部阶层。",translated,利维尔特,90b310c22c,br=0 nl=2,3,
inc/event/res/07/me07_12.txt#569#12,……はい。,……是。,translated,蕾娜露露,4628bdaa68,br=0 nl=0,1,
inc/event/res/07/me07_12.txt#570#12,"お前は女だが、ゆくゆくは私の後を継いで
総統になってもらわないといけませんからね。","虽然你是女子之身，但将来迟早
要继承我的衣钵出任总统一职呢。",translated,利维尔特,8e53dcbe8f,br=0 nl=1,2,
inc/event/res/07/me07_12.txt#571#12,"本当は男だったら良かったのですが……。
まあ、今更言っても仕方のないことです。","本想若是个男儿身就更好了……
不过事到如今说这些也无济于事了。",translated,利维尔特,76fc274689,br=0 nl=1,2,
inc/event/res/07/me07_12.txt#572#12,っ……！,唔……！,translated,蕾娜露露,93960a4b5c,br=0 nl=0,1,
inc/event/res/07/me07_12.txt#573#12,"とにかく、絶対に失敗しないように。
いいですね……？","总之，绝不允许失败。
明白了吗……？",translated,利维尔特,b96ae52555,br=0 nl=1,2,
inc/event/res/07/me07_13.txt#15#12,"現在、トロンサービス切断中につき
マニュアル航行中です。","当前因琴服务中断，
正在进行手动航行。",translated,广播,63473eae69,br=0 nl=1,2,
inc/event/res/07/me07_13.txt#16#12,"オートパイロット及び、
各種サーチアイは無効となっております。
乗員は急な横揺れなどにご注意下さい。","自动驾驶仪及各类搜寻眼
目前处于失效状态。
乘员请注意剧烈颠簸。",translated,广播,ea64496fa3,br=0 nl=2,3,
inc/event/res/07/me07_13.txt#23#12,"こちらタータルカ。
状況は。","我是塔塔尔卡。
汇报情况。",translated,蕾娜露露,59e26d8ae8,br=0 nl=1,2,
inc/event/res/07/me07_13.txt#25#12,"現在テンプルナイトの一団を迎撃中！
奴ら、ジェノミライ研究所を捜索すると、
一歩も退きません！","目前正在迎击圣殿骑士团！
那群家伙声称要搜查杰诺米莱研究所，
寸步不让！",translated,PLASMA队员,80476b3994,br=0 nl=2,3,
inc/event/res/07/me07_13.txt#26#12,"このままでは、奴らに保護されている
クラケット博士の回収は不可能かと。","照这样下去，恐怕无法回收
受到他们保护的库拉肯特博士。",translated,PLASMA队员,abb15ae0be,br=0 nl=1,2,
inc/event/res/07/me07_13.txt#27#12,……できる限りの善処はするように。,……尽量妥善处置。,translated,蕾娜露露,7ef3daa61b,br=0 nl=0,1,
inc/event/res/07/me07_13.txt#28#12,了解！,了解！,translated,PLASMA队员,0796fcda7f,br=0 nl=0,1,
inc/event/res/07/me07_13.txt#29#12,"それと、シェルノトロンサーバーは
死守するよう、全員に伝達。","另外，向全员传达，
务必死守榭鲁诺特伦服务器。",translated,蕾娜露露,88e7b972a5,br=0 nl=1,2,
inc/event/res/07/me07_13.txt#30#12,"その為には、どんな手段を用いても構わない。
以上。","为此可以不择任何手段。
通话完毕。",translated,蕾娜露露,808af48214,br=0 nl=1,2,
inc/event/res/07/me07_13.txt#31#12,はっ！,是！,translated,PLASMA队员,4abd11a6e2,br=0 nl=0,1,
inc/event/res/07/me07_13.txt#47#12,"……あの！
今の通信は……？","……那个！
刚才的通信是……？",translated,依恩,f1125a53bd,br=0 nl=1,2,
inc/event/res/07/me07_13.txt#48#12,"テンプルナイトが、ジェノミライ研究所を
乗っ取ろうとしている。
その為、PLASMAは防衛線を引いているわ。","圣殿骑士企图强占杰诺米莱研究所。
为此PLASMA正在构筑防线。",translated,蕾娜露露,7ad4cfb32c,br=0 nl=2,3,
inc/event/res/07/me07_13.txt#49#12,"みんなは……！
あの、サーリちゃんや、
クラケット博士は無事ですよね？","大家……！
那个，莎丽和库拉肯特博士
他们都没事吧？",translated,依恩,fe38fa9653,br=0 nl=2,3,
inc/event/res/07/me07_13.txt#50#12,"ええ、もちろんよ。
非戦闘員を攻撃したりしないわ。","嗯，那是当然。
我们不会攻击非战斗人员的。",translated,蕾娜露露,27f04e02c5,br=0 nl=1,2,
inc/event/res/07/me07_13.txt#51#12,良かった……。,太好了……,translated,依恩,145fca0604,br=0 nl=0,1,
inc/event/res/07/me07_13.txt#52#12,"地文は虎視眈々と、天文の失脚を狙ってる。
だから、ジェノミライ研究所を占領しよう
としている。","地文正虎视眈眈地企图拉天文下台。
所以他们才想占领杰诺米莱研究所。",translated,蕾娜露露,28a2bc5437,br=0 nl=2,3,
inc/event/res/07/me07_13.txt#53#12,"でも、地文がジェノミライ研究所を占領したら、
この世界のトロンネットワークは本当に壊滅して
しまう。","但是，如果杰诺米莱研究所被地文占领，
这个世界的琴网络就会彻底毁灭。",translated,蕾娜露露,dbd6fe87bf,br=0 nl=2,3,
inc/event/res/07/me07_13.txt#54#12,"それが、彼らの狙いだからよ。
シェルノトロンを麻痺させ、民衆の気持ちを
ジェノムに向けさせようとしているの。","因为那正是他们的目的。
他们想让榭鲁诺特伦瘫痪，
引导民众的心向杰诺姆靠拢。",translated,蕾娜露露,af5c94dee4,br=0 nl=2,3,
inc/event/res/07/me07_13.txt#55#12,"……でも、ジェノミライ研究所を守れても、
もう、ネロは……。","……可是，就算保住了杰诺米莱研究所，
妮诺也已经……",translated,依恩,1c94e98532,br=0 nl=1,2,
inc/event/res/07/me07_13.txt#56#12,"……そうね。でも大丈夫。
天文は必ずトロンネットワークを復活させるわ。","……是啊。不过不用担心。
天文一定会让琴网络重新恢复运转的。",translated,蕾娜露露,8aea6b1e8b,br=0 nl=1,2,
inc/event/res/07/me07_13.txt#58#12,"何にしても、イオンが戻ってきてくれて
良かった。嬉しい。","无论如何，依恩能回来真是太好了。
我很高兴。",translated,蕾娜露露,dc30ecc0a9,br=0 nl=1,2,
inc/event/res/07/me07_13.txt#60#12,"イオンには、これからも頑張って欲しいから。
天文と一緒に、この世界をよくする為に。","因为我希望依恩今后也能继续努力。
与天文一同让这个世界变得更加美好。",translated,蕾娜露露,19db4131ff,br=0 nl=1,2,
inc/event/res/07/me07_13.txt#62#12,"でも、もう皇位継承の儀は、
おしまいですよね……。","但是，皇位继承仪式
已经结束了吧……",translated,依恩,db304a5fa6,br=0 nl=1,2,
inc/event/res/07/me07_13.txt#63#12,……え？,……诶？,translated,蕾娜露露,4e48b2f03b,br=0 nl=0,1,
inc/event/res/07/me07_13.txt#66#12,だって、カノンさんは……もう……。,因为，卡诺小姐她……已经……,translated,依恩,025f299163,br=0 nl=0,1,
inc/event/res/07/me07_13.txt#67#12,"イオン……。
その事は――","依恩……
关于那件事――",translated,蕾娜露露,7487750267,br=0 nl=1,2,
inc/event/res/07/me07_13.txt#68#12,"その事は、残念だったけど、
あなたがカノイール皇女の意志も継いで
この世界を護っていかないと。","那件事固然令人遗憾，
但你也必须继承卡诺伊尔皇女的遗志，
守护这个世界才行。",translated,蕾娜露露,05b1553feb,br=0 nl=2,3,
inc/event/res/07/me07_13.txt#70#12,レナルルさん、わたし……。,蕾娜露露小姐，我……,translated,依恩,f0fcf3933c,br=0 nl=0,1,
inc/event/res/07/me07_13.txt#72#12,わたし、戻ってきたのには、理由があるんです。,我之所以回到这里，是有原因的。,translated,依恩,2ddf9deb5a,br=0 nl=0,1,
inc/event/res/07/me07_13.txt#73#12,"ど、どうしたの？
急にそんな改まって。","怎、怎么了？
突然这么一本正经的。",translated,蕾娜露露,4d70df3b80,br=0 nl=1,2,
inc/event/res/07/me07_13.txt#74#12,"レナルルさんは、さっき、
天文はトロンネットワークを復活させるって
言いましたよね。","蕾娜露露小姐刚才说，
天文一定会让琴网络复活对吧。",translated,依恩,329b19d9af,br=0 nl=2,3,
inc/event/res/07/me07_13.txt#75#12,え？　ええ……。,诶？嗯、嗯……,translated,蕾娜露露,a7f021e615,br=0 nl=0,1,
inc/event/res/07/me07_13.txt#76#12,どうやって復活させるんですか？,你们打算怎么让它复活呢？,translated,依恩,79f61c3150,br=0 nl=0,1,
inc/event/res/07/me07_13.txt#77#12,え……それは……。,诶……那是……,translated,蕾娜露露,55722ac52f,br=0 nl=0,1,
inc/event/res/07/me07_13.txt#78#12,"それは、私にはよくわからない。
でも、天文には、優秀な科学者が沢山いるから、
きっと大丈夫よ？","那件事我也不是很清楚。
不过，天文拥有许多优秀的科学家，
所以一定没问题的，好吗？",translated,蕾娜露露,bc3ad4c657,br=0 nl=2,3,
inc/event/res/07/me07_13.txt#79#12,"わたし、知ってます。
シェルノトロンサーバーのマルチタスクは
俯瞰視点によって行われているものだって。","我知道的。
榭鲁诺特伦服务器的多任务处理，
是由俯瞰视点来进行的。",translated,依恩,20b2f968cf,br=0 nl=2,3,
inc/event/res/07/me07_13.txt#80#12,"……。
そうね。確かにその通り。","……
是啊。确实如你所说。",translated,蕾娜露露,118d33e1c1,br=0 nl=1,2,
inc/event/res/07/me07_13.txt#81#12,"正直に言えば、天文は今かなり窮地に立たされて
いると言っていい。","实话实说，如今的天文
可以说是陷入了相当巨大的困境。",translated,蕾娜露露,05d3065ed0,br=0 nl=1,2,
inc/event/res/07/me07_13.txt#82#12,"今、シェルノトロンは完全に停止した。
それに対処出来る方法は未だ見つからず――","现在，榭鲁诺特伦彻底瘫痪了。
而应对之策至今仍未找到――",translated,蕾娜露露,b05aaf5986,br=0 nl=1,2,
inc/event/res/07/me07_13.txt#83#12,"人々はみんな、蜂の巣を突いたような
大騒ぎになっているわ。","所有人都在像炸开锅的马蜂窝一样
骚动不安呢。",translated,蕾娜露露,9b3d44b78d,br=0 nl=1,2,
inc/event/res/07/me07_13.txt#84#12,サーリちゃんみたいに……。,就像莎丽那样……,translated,依恩,19d9b7a1ef,br=0 nl=0,1,
inc/event/res/07/me07_13.txt#85#12,……ん？,……嗯？,translated,蕾娜露露,632ec345ec,br=0 nl=0,1,
inc/event/res/07/me07_13.txt#86#12,"シェルノトロンが無いと、死んじゃうような、
病気の人達は……どうなっちゃうんですか？","那些要是没有榭鲁诺特伦就会死去的
生病的人们……会变成什么样呢？",translated,依恩,eb0a5c1ffb,br=0 nl=1,2,
inc/event/res/07/me07_13.txt#87#12,"……残念だけど、天文は何もサポートして
あげられない。","……很遗憾，目前天文
无法向他们提供任何支援。",translated,蕾娜露露,414f1488d7,br=0 nl=1,2,
inc/event/res/07/me07_13.txt#88#12,"だから、一刻も早くこの状況を回復するために、
何らかの措置を――","因此，为了尽快扭转这一局面，
必须采取某种措施――",translated,蕾娜露露,f8a4287a18,br=0 nl=1,2,
inc/event/res/07/me07_13.txt#90#12,レナルルさん、わたし！,蕾娜露露小姐，我！,translated,依恩,070a09a465,br=0 nl=0,1,
inc/event/res/07/me07_13.txt#92#12,……わたし……。,……我……,translated,依恩,8dfa21e86d,br=0 nl=0,1,
inc/event/res/07/me07_13.txt#96#12,"わたし、シェルノトロンサーバーへ、
入ります。",我愿意进入榭鲁诺特伦服务器。,translated,依恩,d2b7322ae8,br=0 nl=1,2,
inc/event/res/07/me07_13.txt#97#12,"！！
……イオン！？","！！
……依恩！？",translated,蕾娜露露,055feef898,br=0 nl=1,2,
inc/event/res/07/me07_13.txt#98#12,"わたしなら、ネロの代わりに、
シェルノトロンを復活させられる筈です。","如果是我的话，应该能代替妮诺
让榭鲁诺特伦重新复活。",translated,依恩,528743e15f,br=0 nl=1,2,
inc/event/res/07/me07_13.txt#99#12,そうですよね！？,是这样的吧！？,translated,依恩,3243147c66,br=0 nl=0,1,
inc/event/res/07/me07_13.txt#100#12,でも、イオン！？,可是，依恩！？,translated,蕾娜露露,7f3244b7de,br=0 nl=0,1,
inc/event/res/07/me07_13.txt#101#12,"わたし、クラケット博士たちが、
ネロを元の世界に還すのを阻止したかった。","我之前很想阻止库拉肯特博士他们
把妮诺送回原本的世界。",translated,依恩,286f947d35,br=0 nl=1,2,
inc/event/res/07/me07_13.txt#102#12,"この世界のみんなが生きていけなくなる
世界には、したくなかったから。","因为我不想让这个世界变成
大家再也无法生存下去的世界。",translated,依恩,24afc3c14c,br=0 nl=1,2,
inc/event/res/07/me07_13.txt#103#12,"でも、頑張ったけどダメだった……。
だから……。","可是，虽然我很努力了还是没能做到……
所以……",translated,依恩,3ea4890e60,br=0 nl=1,2,
inc/event/res/07/me07_13.txt#104#12,わたしが、シェルノトロンになります……！,就由我来成为榭鲁诺特伦……！,translated,依恩,9a7e72f0fd,br=0 nl=0,1,
inc/event/res/07/me07_13.txt#105#12,イオン……。,依恩……,translated,蕾娜露露,ec7f4ecbfc,br=0 nl=0,1,
inc/event/res/07/me07_13.txt#108#12,"わかったわ。
あなたの気持ちは、上層部に伝える。","我明白了。
你的心意，我会转达给高层的。",translated,蕾娜露露,8625b7a537,br=0 nl=1,2,
inc/event/res/07/me07_13.txt#109#12,"でも約束して。
どんなことがあっても――","但你要答应我。
无论发生什么事――",translated,蕾娜露露,17f068b712,br=0 nl=1,2,
inc/event/res/07/me07_13.txt#121#12,……っ！？,……唔！？,translated,依恩,5ee73ae18d,br=0 nl=0,1,
inc/event/res/07/me07_13.txt#122#12,何事か！？,发生什么事了！？,translated,蕾娜露露,1ef2d96b7a,br=0 nl=0,1,
inc/event/res/07/me07_13.txt#123#12,"後方より熱源急接近中！！
緊急回避を試みます！！","后方有热源正在急速接近！！
尝试进行紧急规避！！",translated,PLASMA队员,3e99de7a00,br=0 nl=1,2,
inc/event/res/07/me07_13.txt#124#12,何！？,什么！？,translated,蕾娜露露,377b031194,br=0 nl=0,1,
inc/event/res/07/me07_13.txt#128#12,きゃあっ！！,呀啊！！,translated,依恩,161df4c089,br=0 nl=0,1,
inc/event/res/07/me07_13.txt#136#12,"くっ！！
急旋回し回避後、敵を補足せよ！
救援要請を――","可恶！！
急转弯规避后锁定敌人！
请求救援――",translated,蕾娜露露,7ca4c7d1ff,br=0 nl=2,3,
inc/event/res/07/me07_13.txt#158#12,こちら、中央テンプルナイト所属、鳳凰参号。,这里是中央圣殿骑士所属，凤凰参号。,translated,？？？,c0223b2af0,br=0 nl=0,1,
inc/event/res/07/me07_13.txt#159#12,"ジェノミライ研究所跡地より飛び立った、
天文PLASMA所有ワイヤレスシップ、
爆破を確認。","确认已将自杰诺米莱研究所旧址升空、
隶属于天文PLASMA的无线导船击沉。",translated,？？？,08467b2f8e,br=0 nl=2,3,
inc/event/res/07/me07_13.txt#160#12,"搭乗者、イオナサル皇女、
及びレナルル・タータルカの死亡は確実。","确认乘员依欧娜萨鲁皇女
以及蕾娜露露・塔塔尔卡死亡。",translated,？？？,6466bad10d,br=0 nl=1,2,
inc/event/res/07/me07_13.txt#161#12,"任務完了。
ただちに帰還する。","任务完成。
立即返航。",translated,？？？,b50a0234ad,br=0 nl=1,2,
inc/event/res/07/me07_song.txt#9#12,"御魂（みたま）に生（お）いし祈りを
今　旋律（しらべ）に織り　解き放つ","于御魂中萌生之祈愿
此刻编织入旋律　尽情释放",translated,系统文本,ee7920b55d,br=0 nl=1,2,
inc/event/res/07/me07_song.txt#10#12,神の業火（ほのお）が　身を灼くとも,纵使神明之业火　灼烧此身,translated,系统文本,a5010a8cc8,br=0 nl=0,1,
inc/event/res/07/me07_song.txt#20#12,"白き指に掲げよ
我が魂（たま）の剣を","于洁白之指尖高举
我灵魂之利剑",translated,系统文本,65f2c71f04,br=0 nl=1,2,
inc/event/res/07/me07_song.txt#21#12,"降（くだ）り来たれや　神が軍勢（みくさ）
鳴り渡れ　笛の音（こえ）","降临显现吧　神明之军势
响彻云霄吧　长笛之余音",translated,系统文本,d0c79d798a,br=0 nl=1,2,
inc/event/res/07/me07_song.txt#25#12,"降りて注げや　千万（ちよろず）の矢
神が咎めようとも","自天倾泻吧　千万支锐矢
纵使触怒神明降罪",translated,系统文本,0c528ecb95,br=0 nl=1,2,
inc/event/res/07/me07_song.txt#26#12,世界を灰の野に変えても,哪怕将世间化作焦土荒原,translated,系统文本,82e2122dfc,br=0 nl=0,1,
inc/event/res/07/me07_song.txt#31#12,捧げや　想い詩…,亦将心意之诗……虔诚奉献,translated,系统文本,3ef657eeb7,br=0 nl=0,1,
inc/event/res/07/me07_train.txt#2#12,"<CLY2>チュートリアルが終了しておりません。
まずは第一の扉へ向かいましょう。","<CLY2>教程尚未结束。
首先请前往第一扇门。",translated,系统文本,43739b392f,<CLY2> br=0 nl=1,2,keep-tags <CLY2>
inc/event/res/07/me07_uvscroll_test.txt#14#12,UVマップスクロールテスト,UV贴图滚动测试,translated,系统文本,60b9bf667b,br=0 nl=0,1,
inc/event/res/07/me07_uvscroll_test.txt#34#12,UVマップスクロールテスト２,UV贴图滚动测试２,translated,系统文本,ebd602de47,br=0 nl=0,1,
inc/event/res/07/me07_uvscroll_test.txt#49#12,UVマップスクロールテスト３,UV贴图滚动测试３,translated,系统文本,84253e52b3,br=0 nl=0,1,
inc/event/res/07/me07_uvscroll_test.txt#59#12,エフェクトテスト,特效测试,translated,系统文本,5f10b0d1ae,br=0 nl=0,1,
inc/event/res/07/me07_zoom_test.txt#8#12,クラケットの住み処,库拉肯特的居所,translated,系统文本,c59982288a,br=0 nl=0,1,
inc/event/res/07/me07_zoom_test.txt#15#12,ジェノミライ研究室,杰诺米莱研究室,translated,系统文本,ace5e44159,br=0 nl=0,1,
inc/event/res/07/me07_zoom_test.txt#22#12,シェルノトロンサーバー,榭鲁诺特伦服务器,translated,系统文本,5edf42a919,br=0 nl=0,1,
inc/event/res/07/me07_zoom_test.txt#29#12,ＰＬＡＳＭＡ管理室,PLASMA管理室,translated,系统文本,6c017c925a,br=0 nl=0,1,
inc/event/res/07/me07_zoom_test.txt#36#12,レベル７通路,等级７通路,translated,系统文本,bcd56c119d,br=0 nl=0,1,
inc/event/res/07/me07_zoom_test.txt#43#12,レベル６通路,等级６通路,translated,系统文本,5d3e5af178,br=0 nl=0,1,
inc/event/res/07/me07_zoom_test.txt#50#12,エネルギー圧縮施設,能量压缩设施,translated,系统文本,d6f0215300,br=0 nl=0,1,
inc/event/res/07/me07_zoom_test.txt#57#12,ジェノミライ廃墟左舷,杰诺米莱废墟左舷,translated,系统文本,f6d6295a66,br=0 nl=0,1,
