id,jp,zh,status,speaker,src,ctl,lines,note
inc/event/res/09/me09_00.txt#31#14,女Ｂ,女子Ｂ,translated,,df18267f61,br=0 nl=0,1,
inc/event/res/09/me09_00.txt#31#15,おねえさん,大姐姐,translated,,8cf44fafbf,br=0 nl=0,1,
inc/event/res/09/me09_00.txt#39#12,よいこのみんな～！,好孩子的小朋友们～！,translated,女子Ｂ,eabbf01a00,br=0 nl=0,1,
inc/event/res/09/me09_00.txt#40#12,"今日は来てくれてありがと～！
ステージの最後に、一緒にお別れの詩を
謳いたいと思います♪","今天非常感谢大家前来～！
在舞台的最后，想要和大家
一起歌唱离别的诗篇♪",translated,女子Ｂ,f34c3a2729,br=0 nl=2,3,
inc/event/res/09/me09_00.txt#46#12,みんな、準備はいいかな～？,大家，准备好了吗～？,translated,女子Ｂ,496dacdb99,br=0 nl=0,1,
inc/event/res/09/me09_00.txt#47#12,は～～～い！,好～～～！,translated,观众席,b792fc56b8,br=0 nl=0,1,
inc/event/res/09/me09_00.txt#48#12,"それじゃあまた、
みんなのにゅろきーを呼んでみよう！","那么大家再来、
一起呼唤喵洛基吧！",translated,女子Ｂ,2cb057f676,br=0 nl=1,2,
inc/event/res/09/me09_00.txt#49#12,は～～～い！,好～～～！,translated,观众席,b792fc56b8,br=0 nl=0,1,
inc/event/res/09/me09_00.txt#50#12,"いくよー？
せーの……。","要来喽――？
预备……。",translated,女子Ｂ,9b7ede32c3,br=0 nl=1,2,
inc/event/res/09/me09_00.txt#51#12,にゅーろきーー！！,喵――洛基――！！,translated,大姐姐・观众席,e1c92c512d,br=0 nl=0,1,
inc/event/res/09/me09_00.txt#52#12,は～～～いにゅ♪,来～～～啦喵♪,translated,喵洛基,e02e241edb,br=0 nl=0,1,
inc/event/res/09/me09_00.txt#58#12,"みんな～、また呼んでくれて
ありがとうだにゅ～♪","大家～，非常感谢大家
再次叫我喵～♪",translated,喵洛基,7dec5587de,br=0 nl=1,2,
inc/event/res/09/me09_00.txt#59#12,どーいたしまして！！,不客气！！,translated,观众席,7fd0a23fa4,br=0 nl=0,1,
inc/event/res/09/me09_00.txt#60#12,うん、元気いっぱいだにゅ！,嗯，精神满满喵！,translated,喵洛基,35f76b9a97,br=0 nl=0,1,
inc/event/res/09/me09_00.txt#61#12,"今日もたーくさん一緒にお詩を謳ったけど、
最後にお別れの詩を謳おうにゅ～♪","今天也一起唱了好多诗歌，
最后再来唱一首告别的诗喵～♪",translated,喵洛基,3b6d11d4a7,br=0 nl=1,2,
inc/event/res/09/me09_00.txt#66#12,いいなぁ、にゅろきー。,真好啊，喵洛基。,translated,女子Ｂ,6708ce3de4,br=0 nl=0,1,
inc/event/res/09/me09_00.txt#67#12,"ん？
おねえさん、どうしたにゅ？","嗯？
大姐姐，怎么了喵？",translated,喵洛基,a404c4f38e,br=0 nl=1,2,
inc/event/res/09/me09_00.txt#68#12,"だって、にゅろきーはみんなと謳える
お詩をい～っぱい持ってるでしょお？","因为，喵洛基有很多能和大家
一起唱的诗篇吧？",translated,女子Ｂ,5ae0d0385b,br=0 nl=1,2,
inc/event/res/09/me09_00.txt#69#12,そうだにゅ～。,是这样喵～。,translated,喵洛基,4aefa6e3c6,br=0 nl=0,1,
inc/event/res/09/me09_00.txt#70#12,"私もにゅろきーみたいに、
楽しいお詩がほしいな～。","我也想和喵洛基一样，
拥有欢快的诗篇啊～。",translated,女子Ｂ,d74e6b357a,br=0 nl=1,2,
inc/event/res/09/me09_00.txt#71#12,"え～、おねえさんはにゅろきーと
いつも一緒に謳ってるだにゅ～。","诶～，大姐姐不是一直
和喵洛基一起唱的喵～。",translated,喵洛基,7ed090de32,br=0 nl=1,2,
inc/event/res/09/me09_00.txt#72#12,"そーなんだけど、そーじゃなくって、
「おねえさんの」お詩がほしいの～。","虽然是那样啦，但不是这个意思，
是想要“属于大姐姐”的诗篇啦～。",translated,女子Ｂ,3598a4fe2d,br=0 nl=1,2,
inc/event/res/09/me09_00.txt#73#12,どうしてだにゅ～？,这是为什么喵～？,translated,喵洛基,1e438c5e8b,br=0 nl=0,1,
inc/event/res/09/me09_00.txt#74#12,"だってだって、にゅろきーは一曲お詩を謳う
ごとに、ごほうびがもらえるじゃな～い？","因为因为，喵洛基每唱一首诗，
不就能拿到一份报酬吗～？",translated,女子Ｂ,628ed1143c,br=0 nl=1,2,
inc/event/res/09/me09_00.txt#75#12,"うん♪
みんなの明るくて楽しい詩声が、
にゅろきーのごほうびだにゅ♪","嗯♪
大家明朗欢快的歌声，
就是喵洛基的报酬喵♪",translated,喵洛基,3351e07f9a,br=0 nl=2,3,
inc/event/res/09/me09_00.txt#76#12,"あぁん、それだけじゃないでしょお～？
ほらぁ。","啊呀，不止是那个吧～？
你看嘛。",translated,女子Ｂ,170880fd0b,br=0 nl=1,2,
inc/event/res/09/me09_00.txt#77#12,"え～？
何のことだにゅ～？","诶～？
你在说什么喵～？",translated,喵洛基,f44d7400dd,br=0 nl=1,2,
inc/event/res/09/me09_00.txt#78#12,"ほらほら、
い・ん・ぜ・い♪♪","你看你看，
版・税・呀♪♪",translated,女子Ｂ,0a1009f01b,br=0 nl=1,2,
inc/event/res/09/me09_00.txt#79#12,"ななな何のことだにゅ～！
にゅろきー全然わかんないにゅっ♪","什什什什么东西喵～！
喵洛基完全听不懂喵♪",translated,喵洛基,1b3217b309,br=0 nl=1,2,
inc/event/res/09/me09_00.txt#80#12,"またまたトボけちゃって、
にゅろきーったらっ♪","又在装傻了，
喵洛基真是的♪",translated,女子Ｂ,e7527f4eac,br=0 nl=1,2,
inc/event/res/09/me09_00.txt#81#12,"誰かがどこかでにゅろきーのお詩を謳うだけで、
がっしりしたオジサンがごほうびを
かすめとってきてくれる──","只要有人在什么地方唱了喵洛基的诗歌，
就会有体格壮硕的大叔帮你把报酬
搜刮过来的――",translated,女子Ｂ,939d43234a,br=0 nl=2,3,
inc/event/res/09/me09_00.txt#82#12,ア・レ♪,那・个♪,translated,女子Ｂ,ef5d6b636a,br=0 nl=0,1,
inc/event/res/09/me09_00.txt#83#12,おねえさん、なんだか生臭いにゅ～♪,大姐姐，感觉好市侩喵～♪,translated,喵洛基,7343a54d2e,br=0 nl=0,1,
inc/event/res/09/me09_00.txt#84#12,"おねえさんもごほうびいっぱいもらってぇ、
不労所得でまっ赤なスポーツカーに
乗りたいの～♪","大姐姐也想拿到好多报酬，
靠着不劳而获的收入开上
大红色的跑车呀～♪",translated,女子Ｂ,409c1b3cfa,br=0 nl=2,3,
inc/event/res/09/me09_00.txt#85#12,"あっはっはっはっ♪
よーしわかったにゅ！","啊哈哈哈♪
好――我知道了喵！",translated,喵洛基,4ae31680a9,br=0 nl=1,2,
inc/event/res/09/me09_00.txt#86#12,"おねえさん、その話はステージがハネたら、
楽屋でゆっくりしようにゅ～♪","大姐姐，等舞台散场之后，
再去后台慢慢聊这个喵～♪",translated,喵洛基,bb0e35fa5f,br=0 nl=1,2,
inc/event/res/09/me09_00.txt#87#12,"やったぁ♪
はぁ～～い♪♪","太好啦♪
好――的♪♪",translated,女子Ｂ,90f9019924,br=0 nl=1,2,
inc/event/res/09/me09_00.txt#93#12,"それじゃあみんな、一緒にお別れの詩を
謳おうにゅ！","那么大家，一起唱
离别的诗吧喵！",translated,喵洛基,bb5932b44f,br=0 nl=1,2,
inc/event/res/09/me09_00.txt#117#12,うぅぅ～～っ……。,呜呜呜――……。,translated,凯斯,464f312fa2,br=0 nl=0,1,
inc/event/res/09/me09_00.txt#118#12,にゅろきー、さいこ～～～！！！,喵洛基，太棒啦――！！！,translated,凯斯,7b59eeeea3,br=0 nl=0,1,
inc/event/res/09/me09_00.txt#119#12,すげぇ、すぅげぇぇぇ楽しかったよ！,太棒了，超――级好玩啊！,translated,阿达,894b9c3b14,br=0 nl=0,1,
inc/event/res/09/me09_00.txt#120#12,"俺、正直見る前はそんな大したこと
ないだろーって思ってたんス！","我，老实说看之前还以为
没什么大不了的呢！",translated,白鹰,8873c5e6d6,br=0 nl=1,2,
inc/event/res/09/me09_00.txt#121#12,"ゴメン、俺が間違ってたッス！
超、チョー面白かったッスよ、
にゅろきーのステージ！！","抱歉，是我搞错了！
超、超级有趣啊，
喵洛基的舞台！！",translated,白鹰,3d86bf825a,br=0 nl=2,3,
inc/event/res/09/me09_00.txt#122#12,"当然よっ。にゅろきーは
『世界一愛されたキャラクター』で
コロナブックにも載ってるんだから！","那当然啦。喵洛基可是作为
“世界上最受喜爱的角色”，
被载入了克罗纳之书呢！",translated,凯斯,cff26e3616,br=0 nl=2,3,
inc/event/res/09/me09_00.txt#123#12,"ははは……
ホントに大好きなんスね。","哈哈哈……
看来你真的超级喜欢呢。",translated,白鹰,f114ffb04b,br=0 nl=1,2,
inc/event/res/09/me09_00.txt#124#12,"目の色変わるもんな、
にゅろきーのことになると。","只要一扯到喵洛基的事，
眼神就全变了啊。",translated,阿达,9ccd6bb3da,br=0 nl=1,2,
inc/event/res/09/me09_00.txt#125#12,はぁ～っ……幸せ！,哈啊～……好幸福！,translated,凯斯,1f4af58863,br=0 nl=0,1,
inc/event/res/09/me09_00.txt#126#12,"にゅろきーの聖地{ぱれす・にゅろきーる}で、
生のステージ観て、詩を聞いて、
一緒に謳って……。","在喵洛基的圣地{喵洛基鲁・王宫}，
看现场演出、听诗歌、
一起歌唱……。",translated,凯斯,9609ca62c0,br=1 nl=2,3,keep-terms {ぱれす・にゅろきーる}
inc/event/res/09/me09_00.txt#126#14,マスコットキャラクター『にゅろきー』のテーマパークコロン、それがぱれす・にゅろきーるである。<CR>このコロンの最大の特徴は、コロン全体が全てテーマ<CR>パークであるという事であり、中にはにゅろきーやその仲間達をテーマにしたアトラクションやショップ、レストランが存在している。<CR>またにゅろきーグッズは多数存在しているが、ぱれす・にゅろきーるでしか購入することができないグッズが数多くあり、にゅろきーファンなら絶対に一度は訪れたいコロンであることは間違いない。,吉祥物角色“喵洛基”的主题公园克隆，那就是喵洛基鲁・王宫。<CR>该克隆最大的特征，便是整个克隆全都是主题公园，<CR>内部存在着以喵洛基及其同伴为主题的游乐设施、商店和餐厅。<CR>此外虽然有大量喵洛基周边商品，但也有许多非在喵洛基鲁・王宫便无法买到的限定周边，对喵洛基粉丝来说绝对是一生必去一次的克隆。,translated,凯斯,e8c80c513b,<CR> <CR> <CR> br=0 nl=0,1,keep-tags <CR>; src-longest-line=233
inc/event/res/09/me09_00.txt#127#12,"これ以上の幸せ、
この先の人生にあるのかしら……。","这样的幸福，
今后的人生里还会有吗……。",translated,凯斯,b7d5493937,br=0 nl=1,2,
inc/event/res/09/me09_00.txt#129#12,"で？
次はどのステージ行くんだ？","然后呢？
接下来去哪个舞台？",translated,阿达,009df0b7ee,br=0 nl=1,2,
inc/event/res/09/me09_00.txt#130#12,"そうねぇ……ステージもいいけど、
アトラクションもいいわね。
受付時間がもうすぐのはず……。","是呢……虽然舞台也不错，
但游乐设施也挺好的。
应该马上就到受理时间了……。",translated,凯斯,d6a310e8f9,br=0 nl=2,3,
inc/event/res/09/me09_00.txt#131#12,……ねね、二人とも。,……呐呐，你们两个。,translated,白鹰,cbd75c0aa0,br=0 nl=0,1,
inc/event/res/09/me09_00.txt#134#12,ん？,嗯？,translated,阿达・凯斯,612f6299e0,br=0 nl=0,1,
inc/event/res/09/me09_00.txt#135#12,"俺たちって、なんでぱれす・にゅろきーるに
いるんスかね？","我们到底为什么会在
喵洛基鲁・王宫啊？",translated,白鹰,c476a6d5cc,br=0 nl=1,2,
inc/event/res/09/me09_00.txt#139#12,へ？,诶？,translated,阿达・凯斯,1540f971e9,br=0 nl=0,1,
inc/event/res/09/me09_00.txt#140#12,"や、何となく……俺たちって、
テーマパークで幸せに浸ってる
場合だったっけ、って思って……。","不，只是觉得……我们，
是那种该在主题乐园里
沉浸在幸福中的情况吗……。",translated,白鹰,077ca06559,br=0 nl=2,3,
inc/event/res/09/me09_00.txt#141#12,あ……。,啊……。,translated,凯斯,674a8541f0,br=0 nl=0,1,
inc/event/res/09/me09_00.txt#142#12,そういえば……。,说起来……。,translated,阿达,7abcfa9d56,br=0 nl=0,1,
inc/event/res/09/me09_00.txt#143#12,"でしょ？
なんで、どうやってここへ来たのか、
全然思い出せないんスよ。","对吧？
到底为什么、怎么来到这里的，
我完全想不起来啊。",translated,白鹰,944aa7411d,br=0 nl=2,3,
inc/event/res/09/me09_00.txt#144#12,二人は覚えてるッス？,你们两个还记得吗？,translated,白鹰,5586db740c,br=0 nl=0,1,
inc/event/res/09/me09_00.txt#145#12,うぅん……。,唔嗯……。,translated,阿达,f98bbf0eb4,br=0 nl=0,1,
inc/event/res/09/me09_00.txt#146#12,"ダメ、思い出せない。
私が覚えてるのは──","不行，想不起来。
我记得的是――",translated,凯斯,298eec9a2b,br=0 nl=1,2,
inc/event/res/09/me09_00.txt#163#12,動くな！,不许动！,translated,特工,1cc2a3ab33,br=0 nl=0,1,
inc/event/res/09/me09_00.txt#166#12,──ッ！！,――！！,translated,阿达・凯斯・白鹰,83d4ffe246,br=0 nl=0,1,
inc/event/res/09/me09_00.txt#167#12,"マスターレジストラ衛星への
不正アクセス容疑で、貴様らを拘束する！","现以非法访问主注册官卫星的罪名，
逮捕你们！",translated,特工,3792e0714d,br=0 nl=1,2,
inc/event/res/09/me09_00.txt#168#12,しまった！,糟了！,translated,阿达,df16840c00,br=0 nl=0,1,
inc/event/res/09/me09_00.txt#169#12,ター坊！,阿达！,translated,凯斯,6d20ce14a8,br=0 nl=0,1,
inc/event/res/09/me09_00.txt#170#12,くそっ……！,可恶……！,translated,白鹰,67d20c89dc,br=0 nl=0,1,
inc/event/res/09/me09_00.txt#171#12,"{クオンタイズ}の行ってきた違法行為についても
吐いてもらうぞ。","关于{库翁泰兹}犯下的违法行径，
也得让你们吐个干净。",translated,特工,355e05fa27,br=1 nl=1,2,keep-terms {クオンタイズ}
inc/event/res/09/me09_00.txt#171#14,情報集約都市アルメティカでＰＬＡＳＭＡに捕らえられたイオンたちの元に、突如現れた組織の名称。<CR>その正体はコロン・フォーシーズンに拠点を持ち、<CR>サーリを中心とした世界救済を目的とした組織だった。ハードウェア、ソフトウェア双方の能力に長けた人材が集まっており、条件付きだが世界一硬いとされる<CR>ＰＬＡＳＭＡにすら侵入することが可能なほどである。<CR>コロン・フォーシーズンではイオンたちの協力の下、<CR>ジルの研究室に施された量子暗号（天文の最重要機密に使用されている恐ろしく強固な暗号）の解読にすら成功している。,在信息集约都市阿尔梅堤嘉被PLASMA抓获的依恩等人身边，突然现身的组织名称。<CR>其实际上是以克隆四季为据点、<CR>以莎丽为核心、以拯救世界为宗旨的组织。聚集了兼具卓越硬件与软件能力的人才，即便附带苛刻条件，也能侵入号称世界防守最严密的<CR>PLASMA内部。<CR>在克隆四季中，还在依恩等人的协助下，<CR>成功破译了布置在吉鲁研究室的量子密码（用于天文最高机密的极其坚不可摧的密码）。,translated,特工,f71328ef17,<CR> <CR> <CR> <CR> <CR> br=0 nl=0,1,keep-tags <CR>; src-longest-line=265
inc/event/res/09/me09_00.txt#172#12,連行しろ！,带走！,translated,特工,36c1491bfc,br=0 nl=0,1,
inc/event/res/09/me09_00.txt#181#12,おわっ！,哇啊！,translated,白鹰,efbc668b36,br=0 nl=0,1,
inc/event/res/09/me09_00.txt#182#12,やめて、痛っ！,住手，好痛！,translated,凯斯,75632e3069,br=0 nl=0,1,
inc/event/res/09/me09_00.txt#183#12,キャスっ！,凯斯！,translated,阿达,264c0421c4,br=0 nl=0,1,
inc/event/res/09/me09_00.txt#196#12,……って感じなんだけど。,……大概是这种感觉。,translated,凯斯,895c99e427,br=0 nl=0,1,
inc/event/res/09/me09_00.txt#197#12,"あぁ。
サーリん家で、{PLASMA}に踏み込まれて……。","啊啊。
在莎丽家里被{PLASMA}破门而入……。",translated,阿达,fd1770a46b,br=1 nl=1,2,keep-terms {PLASMA}; src-longest-line=25
inc/event/res/09/me09_00.txt#197#14,地球におけるＦＢＩ、ＣＩＡ双方の役割を持つ存在が、ＰＬＡＳＭＡ機密情報局、通称『ＰＬＡＳＭＡ』。<CR>天文機密の最高峰を警護する為の組織であり、天文において貴重な研究者すらも監視対象とするトップクラスの捜査局でもある。<CR>その権力は天文だけに及ばず、過去に地文の研究者が起こしたと言われているシェルノトロン・パニックにおいてもＰＬＡＳＭＡが捜査し地文の研究室に乗り込んだ。性質上、知能や体力ともに優れた人材が所属しており、また、この中から天文皇女の守役と呼ばれる皇女の世話係が選抜され、イオンが宮城にいた頃にも一人の女性が守役として彼女の身の回りの世話をしていた。,在地球上兼具FBI与CIA双重职能的存在，便是PLASMA机密情报局，通称“PLASMA”。<CR>这是为了保卫天文最高机密而设立的组织，同时也是连天文宝贵的研究人员都列为监视对象的顶级搜查局。<CR>其权力不仅限于天文，在过去据传由地文研究人员引发的榭鲁诺特伦恐慌中，也是PLASMA进行搜查并强行闯入了地文的研究室。因其性质，所属人员在智力与体力方面皆极为拔尖。此外，天文皇女的看护人也是从中选拔，在依恩身处皇宫时，便曾有一名女性作为看护人照料其起居。,translated,阿达,4c86a0dc2e,<CR> <CR> br=0 nl=0,1,keep-tags <CR>; src-longest-line=285
inc/event/res/09/me09_00.txt#198#12,"そっからさっきのステージ観るまで、
俺たちどこで何やってたんスかね……？","从那之后到刚才看舞台演出，
我们到底在哪儿做了什么呢……？",translated,白鹰,628b2caf1e,br=0 nl=1,2,
inc/event/res/09/me09_00.txt#202#12,うぅ～～～ん……。,唔～～～嗯……。,translated,阿达・凯斯・白鹰,7f7ba83ee6,br=0 nl=0,1,
inc/event/res/09/me09_00.txt#219#12,"ぱれす・にゅろきーるにお越しのみなさんに
お知らせです♪","各位光临喵洛基鲁・王宫的游客，
现在播报通知♪",translated,广播,b9f8725803,br=0 nl=1,2,
inc/event/res/09/me09_00.txt#220#12,"『にゅろきーの一緒に何でもチャレンジ！』
アトラクション入場受付の時間が近づいて
きました！","“与喵洛基一起挑战任何事！”
游乐设施的入场受理时间
马上就要到了！",translated,广播,047ec79c40,br=0 nl=2,3,
inc/event/res/09/me09_00.txt#221#12,"参加ご希望のお客さまは、
エリア・スプラッシュファウンテンまで
お越し下さいませ。 ","想要参加的各位游客，
请前往飞溅喷泉区。",translated,广播,860db89189,br=0 nl=2,3,
inc/event/res/09/me09_00.txt#234#12,きゃあああっ！,呀啊啊啊！,translated,凯斯,25cb603171,br=0 nl=0,1,
inc/event/res/09/me09_00.txt#235#12,"何でもチャレンジ！
行かなきゃ、あれは絶対！　鉄板！！","挑战任何事！
必须去，那个绝对不能错过！经典项目！！",translated,凯斯,839c0afbef,br=0 nl=1,2,
inc/event/res/09/me09_00.txt#237#12,そんなにすごいのか！？,有那么厉害吗！？,translated,阿达,d97b57ac97,br=0 nl=0,1,
inc/event/res/09/me09_00.txt#238#12,"うんっ！
だってにゅろきーと一緒にあんなことや、
こんなこと……！","嗯！
因为可以和喵洛基一起做那样的事、
还有这样的事……！",translated,凯斯,dfe05778f9,br=0 nl=2,3,
inc/event/res/09/me09_00.txt#239#12,"それじゃわっかんないッスよぅ！
なになに、何があるんッスか！？","这样根本听不懂啦！
到底有什么，有什么项目啊！？",translated,白鹰,1110d1d2fe,br=0 nl=1,2,
inc/event/res/09/me09_00.txt#240#12,"あぁんもう、行けばわかるわっ。
さぁ早く、一番乗りするわよっ！","哎呀真是的，去看了就知道啦。
快点，我们去抢第一名！",translated,凯斯,525890013f,br=0 nl=1,2,
inc/event/res/09/me09_00.txt#243#12,おぉーー！！,噢噢――！！,translated,阿达・白鹰,7538b4e9e5,br=0 nl=0,1,
inc/event/res/09/me09_01.txt#45#12,"……ネイちゃんとクラケットさん、
大丈夫かな……。","……妮伊和库拉肯特先生，
不要紧吧……。",translated,依恩,8e41c15bf4,br=0 nl=1,2,
inc/event/res/09/me09_01.txt#46#12,"平気さ。
二人の行く先は{夢ノ珠}、元博士の屋敷だ。
何かあっても対処できるよ。","别担心。
他们两个去的是{梦之珠}，原博士的宅邸。
就算出事也能应付的。",translated,莎丽,ba551b7acd,br=1 nl=2,3,keep-terms {夢ノ珠}
inc/event/res/09/me09_01.txt#46#14,正式名称は『官営第４号居住揚陸　夢ノ珠』。<CR>コロンというものが世の中に登場し、まだ数も少なかった頃の古いコロンである。<CR>その中心で重力を生成し、構造を球体とすることに成功したため、建設当時は『リトルラシェーラ』と人々から驚きと賞賛をもって迎えられたが、断線と呼ばれる重力消失現象によって、死と隣り合わせのコロンとなってしまっていた。<CR>イオンとカノンがこのコロンを訪れた際に、その原因がシェルノトロンによって消費されるＴｚ波であることが分かり、カノンの詩魔法によって夢ノ珠中のシェルノトロンが破壊された。,正式名称为‘官营第４号居住扬陆　梦之珠’。<CR>是在克隆问世、数量尚少时的古老克隆。<CR>因其在中心生成重力并将结构成功做成球体，建设当时被称为‘小拉榭拉’，受到人们的惊叹与赞美，但由于被称为断线的重力消失现象，导致其成为了一座与死亡相伴的克隆。<CR>依恩与卡诺造访该克隆时，查明了其原因是由于榭鲁诺特伦消耗的Ｔｚ波，在卡诺的诗魔法下，梦之珠内的榭鲁诺特伦全数被破坏。,translated,莎丽,3460f8a521,<CR> <CR> <CR> br=0 nl=0,1,keep-tags <CR>; src-longest-line=260
inc/event/res/09/me09_01.txt#47#12,そうかな……。,是吗……。,translated,依恩,7e77f74d05,br=0 nl=0,1,
inc/event/res/09/me09_01.txt#50#12,ご心配には及びません、イオナサルさま。,依欧娜萨鲁大人，您无须担心。,translated,蕾娜露露,3617a39f48,br=0 nl=0,1,
inc/event/res/09/me09_01.txt#51#12,"クラケット博士には、今後の研究に欠かせない
大切なものを取りに行っていただいています。","库拉肯特博士是去取对今后的研究
不可或缺的重要物品。",translated,蕾娜露露,6084053209,br=0 nl=1,2,
inc/event/res/09/me09_01.txt#52#12,"我々が派遣したエージェントも
同行しておりますので。","我们派遣的特工也同行了，
因此不必担心。",translated,蕾娜露露,a0cd5e70fb,br=0 nl=1,2,
inc/event/res/09/me09_01.txt#53#12,"そうですか……。
あの、レナルルさん。","这样啊……。
那个，蕾娜露露小姐。",translated,依恩,e8b4be6f9b,br=0 nl=1,2,
inc/event/res/09/me09_01.txt#54#12,"ネイちゃんがわがまま言ってすみません。
どうしても付いて行く、って……。","妮伊任性妄为真是不好意思。
非说无论如何也要跟去……。",translated,依恩,986ab3bd9c,br=0 nl=1,2,
inc/event/res/09/me09_01.txt#55#12,"そちらも問題ありません。
警護対象が一人増えるだけですので。","那边也没有问题。
只不过是警卫对象增加了一人而已。",translated,蕾娜露露,767a3de47a,br=0 nl=1,2,
inc/event/res/09/me09_01.txt#94#12,これは……。,这是……。,translated,妮诺,10bec394e6,br=0 nl=0,1,
inc/event/res/09/me09_01.txt#99#12,『{ジェノミライ}』……。,‘{杰诺米莱伊}’……。,translated,妮诺,06ea600ce9,br=1 nl=0,1,keep-terms {ジェノミライ}
inc/event/res/09/me09_01.txt#99#14,地文がある縦貫坑道の最奥に存在するとされる場所であり、情報集約都市アルメティカで別れたカノンが向かったと思われる場所。<CR>ラシェーラにおける過去の秘密が存在する場所であり、かつて天文と地文の関係が良好であった頃、共同で研究が行われていた場所でもある。しかし、極秘裏に行われていた研究であるため、その研究内容と主要メンバーどころか、ジェノミライという存在そのもの自体が、一般には知られていない。,相传位于地文所在的纵贯坑道最深处，被认为是与卡诺在信息集约都市阿尔梅堤嘉分别后所前往的场所。<CR>是埋藏着拉榭拉过去的秘密之地，亦是在昔日天文与地文关系良好之时开展联合研究的场所。然而，由于该项研究是在绝密状态下进行的，不仅其研究内容与核心成员不为人知，甚至连杰诺米莱伊这个存在本身都鲜为大众所知。,translated,妮诺,f4198c98e8,<CR> br=0 nl=0,1,keep-tags <CR>; src-longest-line=198
inc/event/res/09/me09_01.txt#100#12,何だって？,你说什么？,translated,莎丽,9beb033ef6,br=0 nl=0,1,
inc/event/res/09/me09_01.txt#101#12,"私の知っているのとは少し違うけど。
確かに、ジェノミライ。","虽然和我所知道的有些许不同，
但这确实是杰诺米莱伊。",translated,妮诺,97e253c540,br=0 nl=1,2,
inc/event/res/09/me09_01.txt#102#12,"どういうこと？
どうして{ソレイル}にジェノミライという名称が？","这是怎么回事？
为什么{太阳号}上会有杰诺米莱伊这个名称？",translated,莎丽,790f9a8940,br=1 nl=1,2,keep-terms {ソレイル}
inc/event/res/09/me09_01.txt#102#14,かつて地文が計画し、天文が作り上げた『箱舟計画』に用いられる予定だった巨大移民船がソレイルである。<CR>しかし、たとえソレイルにラシェーラの全住民を収容できたとしても居住可能な惑星を探し当てるまでの途方もない時間や、その間の食料、民衆の精神状態の維持など様々な問題から、ソレイル自体は作られたものの計画は頓挫してしまっている。<CR>計画が中止されて以降、その所在は不明とされていたが灯台下暗しとでもいうのか、ソレイルはその表層を巨大テーマパークコロン「ぱれす・にゅろきーる」として偽装し、公衆の面前に堂々と存在していた。<CR>現在、その内部には新生ジェノミライ研究所が設立されており、最先端の技術研究が行われている。,太阳号是过去曾计划用于地文提出、天文建造的‘方舟计划’的巨大移民飞船。<CR>然而，即使太阳号能够容纳拉榭拉的全体居民，但在找到宜居行星前漫长的时间、这期间的粮食，以及维持民众的精神状态等诸多问题面前，虽然建造了太阳号，但该计划还是搁浅了。<CR>计划终止之后，其所在便下落不明，不知是否应了灯下黑这句话，太阳号将表层伪装成巨大主题乐园克隆“喵洛基鲁・王宫”，堂而皇之地存在于公众眼前。<CR>如今其内部设立了新生杰诺米莱伊研究所，正在进行着最尖端的技术研究。,translated,莎丽,4305b2f70b,<CR> <CR> <CR> br=0 nl=0,1,keep-tags <CR>; src-longest-line=311
inc/event/res/09/me09_01.txt#123#12,"落ち着いて。
簡単なことです。","冷静一下。
其实事情很简单。",translated,蕾娜露露,b9af5068a2,br=0 nl=1,2,
inc/event/res/09/me09_01.txt#124#12,ここが、新生ジェノミライ研究所だからです。,因为这里正是新生杰诺米莱伊研究所。,translated,蕾娜露露,14c94826c8,br=0 nl=0,1,
inc/event/res/09/me09_01.txt#140#12,新生……？,新生……？,translated,莎丽,bdce3ba66b,br=0 nl=0,1,
inc/event/res/09/me09_01.txt#143#12,"旧研究所は、{ジェノミライパンデミック}によって
設備のほとんどを破壊され闇へと葬り去られまし
た。","旧研究所因{杰诺米莱伊瘟疫}
绝大部分设备被毁，
并被埋葬在了黑暗之中。",translated,蕾娜露露,dcec2216fc,br=1 nl=2,3,keep-terms {ジェノミライパンデミック}
inc/event/res/09/me09_01.txt#143#14,縦貫坑道の最奥に存在した旧ジェノミライ研究所が解体されるきっかけとなった事件。<CR>幼少時のカノン（ドゥドゥ・ノエチウム）とネロがシェルノサージュ管を介して同調した際、ネロがウィルスを撒き散らし研究者の六割以上が昏睡状態となった。<CR>幸い、旧ジェノミライ研究所は気圧上昇のために地上からの送風が行われており、ウィルスが地上に漏れることはなかったが、大部分の研究者が倒れたことによる研究施設の機能低下とネロの危険性を考慮し、旧ジェノミライ研究所は解体されることとなった。<CR>旧ジェノミライ研究所が非公開であったこと、またジェノミライパンデミックそのものが人々の目に触れることがなかったため、一切が秘匿されている。,这是导致位于纵贯坑道最深处的旧杰诺米莱伊研究所被解体的契机事件。<CR>幼年时期的卡诺（嘟嘟・诺艾奇姆）与妮诺通过Ciel nosurge管同调时，妮诺散布了病毒，导致六成以上的研究人员陷入昏迷状态。<CR>所幸旧杰诺米莱伊研究所为提升气压而从地上送风，病毒未泄漏至地上，但考虑到大部分研究人员倒下带来的设施机能下降及妮诺的危险性，旧杰诺米莱伊研究所最终被解体。<CR>由于旧杰诺米莱伊研究所未公开，且杰诺米莱伊瘟疫本身亦未被世人所见，因此一切都被隐匿了起来。,translated,蕾娜露露,53f9ec1283,<CR> <CR> <CR> br=0 nl=0,1,keep-tags <CR>; src-longest-line=310
inc/event/res/09/me09_01.txt#144#12,"ですがその技術や研究成果はすべて、
{天文}の手によって運び出されたのち
ここへと集結させてあるのです。","但是那些技术和研究成果，
全部由{天文}运出之后，
集结到了这里。",translated,蕾娜露露,b04c13b9bb,br=1 nl=2,3,keep-terms {天文}
inc/event/res/09/me09_01.txt#144#14,天文の正式な名前は「帝立天文学量子波動学研究所」。<CR>宇宙や時空間の専門を扱うため、「量子力学」をベースとした研究機関の組織である。<CR>発足当時、天文は単体で動くことはなく、常に地文の付属組織として活動していた。それは当時の「生命救済計画」が、「科学技術」と「ジェノムの魔法力」の融合によるものであった為だ。また「生命救済計画」という、全人類レベルにおいて最優先の課題を背負っている事もあり、行政にも関わっていた。,天文的正式名称为“帝立天文学量子波动学研究所”。<CR>由于专门研究宇宙与时空，因此是以“量子力学”为基础的研究机构组织。<CR>设立当初，天文并未单独行动，而是始终作为地文的附属组织开展活动。这是由于当时的“生命救济计划”乃是依托“科学技术”与“杰诺姆魔法力”融合的产物。加之背负着全人类最优先的重大课题“生命救济计划”，因而也参与了行政管理。,translated,蕾娜露露,367080e578,<CR> <CR> br=0 nl=0,1,keep-tags <CR>; src-longest-line=211
inc/event/res/09/me09_01.txt#145#12,"だからって同じ名前をつけるのか。
悪趣味だね。","就算如此也不至于起同一个名字吧。
真是恶趣味。",translated,莎丽,1ccf665602,br=0 nl=1,2,
inc/event/res/09/me09_01.txt#146#12,同じ名を冠していることこそが重要です。,冠以相同的名字才是最重要的。,translated,蕾娜露露,34520fc499,br=0 nl=0,1,
inc/event/res/09/me09_01.txt#147#12,"ジェノミライ研究所はそもそも、
人々をラシェーラから安全な惑星へと
移住させるための研究をしていました。","杰诺米莱伊研究所原本就是在进行
将人们从拉榭拉迁移到
安全行星上的相关研究。",translated,蕾娜露露,d00e7d3de6,br=0 nl=2,3,
inc/event/res/09/me09_01.txt#148#12,"常に最高峰の知識と技術があつまる、
世界最先端の研究施設。","永远汇聚最高峰的知识与技术，
是世界上最尖端的研究设施。",translated,蕾娜露露,a640b69865,br=0 nl=1,2,
inc/event/res/09/me09_01.txt#149#12,ここもまた、同じです。,这里也是一样。,translated,蕾娜露露,591d6eacf0,br=0 nl=0,1,
inc/event/res/09/me09_01.txt#150#12,"ジェノミライとはいつの時代も、
常識を超えた研究をする場所の代名詞なのです。","无论在哪个时代，杰诺米莱伊
都是进行颠覆常理的研究之代名词。",translated,蕾娜露露,5ee4838ce3,br=0 nl=1,2,
inc/event/res/09/me09_01.txt#152#12,"ふぅん……やっぱり悪趣味だね。
クラケット博士が聞いたら卒倒するか、
大激怒か。その両方か。","哼……果然是恶趣味。
库拉肯特博士听了要么晕厥过去，
要么大发雷霆。或者两者兼有。",translated,莎丽,e37ba7583a,br=0 nl=2,3,
inc/event/res/09/me09_01.txt#153#12,"ご理解ください。
さぁ。","请您理解。
请吧。",translated,蕾娜露露,aa5c6c213c,br=0 nl=1,2,
inc/event/res/09/me09_01.txt#175#12,"この施設は旧研究所と同じく、
存在そのものが公にされていません。","这座设施与旧研究所一样，
其存在本身并未公开。",translated,蕾娜露露,75231c99d8,br=0 nl=1,2,
inc/event/res/09/me09_01.txt#176#12,"だからこそテーマパークを併設し、
巨大なエネルギー消費や物資の搬入から
民衆の眼をそらしているのです。","正因如此才并设了主题乐园，
以此将民众的视线从庞大的
能源消耗和物资运输上移开。",translated,蕾娜露露,d11558b64d,br=0 nl=2,3,
inc/event/res/09/me09_01.txt#177#12,"改めて申し上げておきます。
みなさんにこの最重要機密を明かし、
入ることを許可したのは──","容我再次申明。
向各位公开这项最高机密、
并允许各位进入这里――",translated,蕾娜露露,c262dc7c5f,br=0 nl=2,3,
inc/event/res/09/me09_01.txt#178#12,"我々と契約を交わしたからだということを
どうぞお忘れなく。","是因为各位与我们签订了契约，
请诸位切莫忘记这点。",translated,蕾娜露露,80ea31130d,br=0 nl=1,2,
inc/event/res/09/me09_01.txt#181#12,"今後、我々が必要なしと判断するまで、
みなさんは全員監視対象となりますので。","今后在我们判定没有必要之前，
各位全员都属于监视对象。",translated,蕾娜露露,559df20272,br=0 nl=1,2,
inc/event/res/09/me09_01.txt#183#12,"あーぁ。新生しても、そのあたりの体質は
まるで変わっていないというわけだ。
まったくうんざりするよ。","唉。就算新生了，那一套作风
也是完全没有改变嘛。
真是让人倒胃口。",translated,莎丽,a1cd2da501,br=0 nl=2,3,
inc/event/res/09/me09_01.txt#190#12,……あ。,……啊。,translated,妮诺,0d60e86181,br=0 nl=0,1,
inc/event/res/09/me09_01.txt#191#12,"どうしたの？
……あっ！","怎么了？
……啊！",translated,依恩,1fb66d2fd5,br=0 nl=1,2,
inc/event/res/09/me09_01.txt#224#12,カノンさん……カノンさん！！,卡诺小姐……卡诺小姐！！,translated,依恩,11226eaa83,br=0 nl=0,1,
inc/event/res/09/me09_01.txt#225#12,"カノンさん……ほんとに生きてた！
よかった……。
信じてたけど、やっと逢えた……！","卡诺小姐……真的还活着！
太好了……。
虽然我一直坚信着，但终于见到了……！",translated,依恩,18a1b848ee,br=0 nl=2,3,
inc/event/res/09/me09_01.txt#226#12,イオナサルさま、落ち着いて。,依欧娜萨鲁大人，请冷静。,translated,蕾娜露露,99e9595133,br=0 nl=0,1,
inc/event/res/09/me09_01.txt#227#12,"カノイール皇女は集中治療を
受けていらっしゃいます。","卡诺伊尔皇女目前正在接受
重症监护治疗。",translated,蕾娜露露,e44e8ed47a,br=0 nl=1,2,
inc/event/res/09/me09_01.txt#228#12,"どうかご安心なさってください。
見てのとおり、天文最高の遺伝子治療が
施されています。","请您放心。
正如您所见，她正在接受
天文最高水平的基因治疗。",translated,蕾娜露露,02a7011b09,br=0 nl=2,3,
inc/event/res/09/me09_01.txt#229#12,"死の危険はとうにまぬがれて、
回復を待っておられる状態です。","已经早就脱离了生命危险，
正处于等待恢复的状态。",translated,蕾娜露露,8f36ec0588,br=0 nl=1,2,
inc/event/res/09/me09_01.txt#230#12,"わたし、わたし……カノンさんに
どうしても謝らないと！","我、我……必须去向
卡诺小姐道歉才行！",translated,依恩,44ccd2a739,br=0 nl=1,2,
inc/event/res/09/me09_01.txt#231#12,話をさせてください！,请让我和她说说话！,translated,依恩,a70fd8daa3,br=0 nl=0,1,
inc/event/res/09/me09_01.txt#232#12,"困りましたね……。
いまは面会謝絶なのです。","这可有些为难了……。
目前是谢绝探视的。",translated,蕾娜露露,4e60382dfe,br=0 nl=1,2,
inc/event/res/09/me09_01.txt#233#12,でもっ、どうしても……。,可是、无论如何也……。,translated,依恩,2480351d8c,br=0 nl=0,1,
inc/event/res/09/me09_01.txt#234#12,"それほどまでにおっしゃるのなら、
元気になられたら真っ先に面会許可を
致しますので。","既然您都说到这个份上了，
等她康复之后，我会最先
批准您的会面许可的。",translated,蕾娜露露,e34c053a8b,br=0 nl=2,3,
inc/event/res/09/me09_01.txt#235#12,わかり、ました……。,我明白、了……。,translated,依恩,175a8e1bdb,br=0 nl=0,1,
inc/event/res/09/me09_01.txt#236#12,お願いします、レナルルさん！,拜托您了，蕾娜露露小姐！,translated,依恩,4ada4c467f,br=0 nl=0,1,
inc/event/res/09/me09_01.txt#237#12,わかりました。,我明白了。,translated,蕾娜露露,731afb2a1a,br=0 nl=0,1,
inc/event/res/09/me09_01.txt#238#12,カノンさんと……やっとお話しできる……。,能和卡诺小姐……终于能说上话了……。,translated,依恩,20a70cecea,br=0 nl=0,1,
inc/event/res/09/me09_01.txt#239#12,元気になったら……。,等康复了之后……。,translated,依恩,dd03b76f2e,br=0 nl=0,1,
inc/event/res/09/me09_01.txt#240#12,……っ。,……唔。,translated,依恩,a3b529609c,br=0 nl=0,1,
inc/event/res/09/me09_01.txt#241#12,"元気になったら……
カノンさんは、その……。","等康复了之后……
卡诺小姐她、那个……。",translated,依恩,9c88e2bde4,br=0 nl=1,2,
inc/event/res/09/me09_01.txt#242#12,"もちろん、回復なされたらカノイールさまには
{皇位継承の儀}へとお戻りいただきます。","当然，一旦康复，卡诺伊尔大人
就会重返{皇位继承仪式}。",translated,蕾娜露露,16593e5856,br=1 nl=1,2,keep-terms {皇位継承の儀}
inc/event/res/09/me09_01.txt#242#14,皇帝になるために行われる試練のこと。<CR>皇女候補は全てのステータスを剥奪され、その試練の間全ての民の中で最も低い地位になる。その状態で皇女は自分の力で３年間を切り抜け、宮城に帰還しなければならない。そして帰還した際に行われる国民投票で、最高の票数を得た者が皇帝となる。<CR><CR>３年間は身分証明も無くお金も一切持ち合わせない。一人ではどこにも入れず、何をする権利もない。その為、如何にして他人を惹きつけてやってもらうか、という所が生き延びるポイントとなる。,指为了选拔皇帝而开展的试炼。<CR>皇女候补将被剥夺一切身份特权，在试炼期间沦为所有民众中地位最为低下之人。在此状态下，皇女必须全凭自身力量渡过整整三年并平安返回宫城。随后在归还之际举行的国民投票中，获得最高票数者方可即位为皇。<CR><CR>这三年间没有任何身份证件，亦身无分文。单凭一人寸步难行，亦毫无行事之权。因此，如何吸引并打动他人施以援手，便成了求生的至关要诀。,translated,蕾娜露露,1c75198aad,<CR> <CR> <CR> br=0 nl=0,1,keep-tags <CR>; src-longest-line=233
inc/event/res/09/me09_01.txt#243#12,あ……。,啊……。,translated,依恩,674a8541f0,br=0 nl=0,1,
inc/event/res/09/me09_01.txt#273#12,こちらです。,这边请。,translated,蕾娜露露,112da575fb,br=0 nl=0,1,
inc/event/res/09/me09_01.txt#274#12,うわぁ……。,哇啊……。,translated,依恩,a71812f9d9,br=0 nl=0,1,
inc/event/res/09/me09_01.txt#275#12,ふむ、悪くない部屋だ。,唔，还算不错的房间。,translated,莎丽,3ec6f89a66,br=0 nl=0,1,
inc/event/res/09/me09_01.txt#276#12,"職員の宿直室ですが、
快適に過ごしていただけるかと。","虽然是职员的值班室，
但应该能让各位过得挺舒适的。",translated,蕾娜露露,3cb85e81d4,br=0 nl=1,2,
inc/event/res/09/me09_01.txt#277#12,"ここは仮の部屋ですが、数日以内には
定住できる居住区へ移動していただきます。","这里只是临时房间，几天之内
就会安排各位移居至可定居的居住区。",translated,蕾娜露露,7240117ec7,br=0 nl=1,2,
inc/event/res/09/me09_01.txt#285#12,わかりました♪,我知道了♪,translated,依恩,6f97c8aca6,br=0 nl=0,1,
inc/event/res/09/me09_01.txt#286#12,"ある程度でしたら、
艦内の行き来も問題ありません。","在一定程度内，
在舰内来回走动也是没有问题的。",translated,蕾娜露露,a024d8f22a,br=0 nl=1,2,
inc/event/res/09/me09_01.txt#287#12,"へぇ、意外だな。
てっきり一歩も出るなと言われるのかと。","哎，真意外啊。
我还以为会被要求一步都不准离开呢。",translated,莎丽,67c4f99aa2,br=0 nl=1,2,
inc/event/res/09/me09_01.txt#288#12,"私たちもそこまで乱暴ではありませんよ。
それではまた明日。","我们也没有那么粗暴野蛮哦。
那么，明天见。",translated,蕾娜露露,95274c16a6,br=0 nl=1,2,
inc/event/res/09/me09_01.txt#308#12,"はぁっ……。
よかった、カノンさんに会うことができそうで。","哈啊……。
太好了，看来有望见到卡诺小姐了。",translated,依恩,9c33a03064,br=0 nl=1,2,
inc/event/res/09/me09_01.txt#309#12,"やっぱり自分の目で確かめないと
不安だったから。","毕竟不亲眼确认一下的话，
总觉得放心不下。",translated,依恩,4886407707,br=0 nl=1,2,
inc/event/res/09/me09_01.txt#310#12,"でもこうして、もうすぐ会えるって
わかったら、安心、しちゃっ、た。","不过像这样，得知马上就能见面之后，
就、放、下、心了。",translated,依恩,96c7fc740b,br=0 nl=1,2,
inc/event/res/09/me09_01.txt#311#12,"大丈夫か？　イオナサル。
少し苦しそうだ。","没事吧？依欧娜萨鲁。
你看上去好像有点难受。",translated,莎丽,128cb6e649,br=0 nl=1,2,
inc/event/res/09/me09_01.txt#312#12,なんだろ、風邪かな？,怎么了呢，感冒了吗？,translated,依恩,03a41b1ba1,br=0 nl=0,1,
inc/event/res/09/me09_01.txt#313#12,本当に平気なのか？,真的没事吗？,translated,莎丽,fc3e6e1b8c,br=0 nl=0,1,
inc/event/res/09/me09_01.txt#314#12,"うん。のどが痛いとか、熱っぽいとかは
なさそうだから。","嗯。喉咙不疼，
好像也没有发烧。",translated,依恩,a0e585dc35,br=0 nl=1,2,
inc/event/res/09/me09_01.txt#315#12,それならいいのだけど……。,那样的话倒还好……。,translated,莎丽,8252bd1644,br=0 nl=0,1,
inc/event/res/09/me09_01.txt#316#12,倒れたときの後遺症じゃないかと心配なんだ。,我很担心是不是晕倒留下的后遗症。,translated,莎丽,eb14f09a81,br=0 nl=0,1,
inc/event/res/09/me09_01.txt#318#12,"イオナサル、本当にジェノミライで
レナルルと交渉したこと、覚えていないのか？","依欧娜萨鲁，你真的不记得
在杰诺米莱伊与蕾娜露露交涉的事了吗？",translated,莎丽,5ea5a04e95,br=0 nl=1,2,
inc/event/res/09/me09_01.txt#319#12,うん……。,嗯……。,translated,依恩,a8fec971ce,br=0 nl=0,1,
inc/event/res/09/me09_01.txt#322#12,"わたしが覚えてるのは、
未来から戻ろうって思って、
その想いをつのらせたところまで。","我只记得自己想着要从未来回来，
并且那份思念愈发强烈为止的事。",translated,依恩,ac281374b0,br=0 nl=2,3,
inc/event/res/09/me09_01.txt#323#12,"未来の世界で……
ネイちゃんが殺されそうになって──","在未来的世界里……
妮伊差点被杀害――",translated,依恩,cac52da4bd,br=0 nl=1,2,
inc/event/res/09/me09_01.txt#324#12,"そのときわたしはもう心があるだけに
なってて……。","那时我已经变成了
只剩下心灵的存在……。",translated,依恩,a72b64bf14,br=0 nl=1,2,
inc/event/res/09/me09_01.txt#326#12,思念体だね。,是思念体呢。,translated,莎丽,ffe8b7fa61,br=0 nl=0,1,
inc/event/res/09/me09_01.txt#327#12,"そう。その状態のまま、
ネイちゃんに謳ってもらうための詩を紡いで、
ここに帰りたいって想いを強くして。","对。就保持着那种状态，
编织了让妮伊歌唱的诗篇，
强烈地希望能够回到这里。",translated,依恩,d013f9b8d6,br=0 nl=2,3,
inc/event/res/09/me09_01.txt#328#12,……覚えてるのは、ここまで。,……我记得的，就只有这些了。,translated,依恩,14df3c2f68,br=0 nl=0,1,
inc/event/res/09/me09_01.txt#330#12,そうか……。,这样啊……。,translated,莎丽,dbf018590e,br=0 nl=0,1,
inc/event/res/09/me09_01.txt#331#12,イオナサルはそのあと、大バクチを打ったんだ。,依欧娜萨鲁在那之后，可是孤注一掷了呢。,translated,莎丽,4e1c531f4f,br=0 nl=0,1,
inc/event/res/09/me09_01.txt#332#12,"君はネロをかばって、カノンに会うという
条件を呑むようレナルルと交渉した。","你包庇了妮诺，并与蕾娜露露交涉，
要求她答应让你见卡诺的条件。",translated,莎丽,41d9a7f718,br=0 nl=1,2,
inc/event/res/09/me09_01.txt#333#12,そう、なんだ……。,是、这样啊……。,translated,依恩,2f3211d290,br=0 nl=0,1,
inc/event/res/09/me09_01.txt#334#12,"僕でも驚くほど、君はレナルルに対しても
攻撃的だった。人が違ったみたいにね。","就连我都吃了一惊，你对蕾娜露露的态度
非常强硬。简直判若两人。",translated,莎丽,0070171cd5,br=0 nl=1,2,
inc/event/res/09/me09_01.txt#335#12,えっ……。,诶……。,translated,依恩,0fceb3bc5a,br=0 nl=0,1,
inc/event/res/09/me09_01.txt#337#12,"そっか……。
レナルルさん、いままでと変わらない
感じだったけど……違うのかな。","这样啊……。
蕾娜露露小姐虽然态度和平时没什么不同，
但……其实不一样吗？",translated,依恩,d9867f0972,br=0 nl=2,3,
inc/event/res/09/me09_01.txt#338#12,"すごく我慢してるだけで、
わたしのこと……わがままだって
嫌いになったんじゃないかな……。","她会不会只是在极力忍耐，
心里觉得我很任性……
从而讨厌我了呢……。",translated,依恩,65ebac6e9f,br=0 nl=2,3,
inc/event/res/09/me09_01.txt#339#12,それはない。,不会的。,translated,妮诺,9c154f4e4e,br=0 nl=0,1,
inc/event/res/09/me09_01.txt#341#12,えっ？,诶？,translated,依恩,5b8d798295,br=0 nl=0,1,
inc/event/res/09/me09_01.txt#343#12,"今回のことで嫌われるのなら、
そもそも{アルメティカ}で彼女を振り切った
時点で嫌われていたはず。","如果会因为这次的事讨厌你，
早在当初在{阿尔梅堤嘉}甩开她的时候，
就已经被她讨厌了。",translated,妮诺,505d80b9ce,br=1 nl=2,3,keep-terms {アルメティカ}
inc/event/res/09/me09_01.txt#343#14,世界の情報が全て存在するといわれているコロン。<CR>ラシェーラにおいて最先端の情報中枢であり、それ故、情報を求める人々が多く訪れ、またそれらを重要とする多くの組織が密集するコロンとなっている。<CR>その最たる物として挙げられるのがＰＬＡＳＭＡ機密情報局である。天文の組織はそのほとんどが天文の影響力が強いコロンや地域に存在しているが、ＰＬＡＳＭＡだけはその特性上、アルメティカに本部を置いている。<CR>アルメティカの市民は、市民になった時点でもらえる<CR>一つのＴｘＢＩＯＳ利用許可により、レベル差こそあれ蓄積された情報を引き出すことが可能となっている。<CR>それ故、この街ではアルメティカ営業情報共有者連盟、所謂「情報屋｣という職業が成り立っている。,据传汇集了世界上全部信息的克隆。<CR>作为拉榭拉最前沿的情报中枢，无数寻求信息的人纷至沓来，重视情报的众多组织亦云集于此。<CR>其中最具代表性的便是PLASMA机密情报局。天文的组织大多设在天文影响力较强的克隆或地域，唯独PLASMA因其职能特性将本部设立在阿尔梅堤嘉。<CR>阿尔梅堤嘉的市民在获得市民身份时便会配发一份TxBIOS使用许可，虽有等级差异，但均能调取其中蓄积的信息。<CR>正因如此，在这座城市中才诞生了阿尔梅堤嘉营业信息共享者联盟、即所谓的“情报贩子”这一职业。,translated,妮诺,e25d673a2d,<CR> <CR> <CR> <CR> <CR> br=0 nl=0,1,keep-tags <CR>; src-longest-line=331
inc/event/res/09/me09_01.txt#344#12,"う……。
そう、だよね……。","唔……。
也、也是呢……。",translated,依恩,c5a5639b46,br=0 nl=1,2,
inc/event/res/09/me09_01.txt#345#12,"まあでも、そこの記憶だけが飛んでるのなら、
さほど気にすることはないと思う。","不过嘛，如果只有那一块记忆断片了的话，
我觉得并不用太在意。",translated,莎丽,4600585c30,br=0 nl=1,2,
inc/event/res/09/me09_01.txt#346#12,{俯瞰視点}に覚醒した初期状態にはよくあること。,这在刚觉醒{俯瞰视点}的初期状态很常见。,translated,妮诺,ec18428485,br=1 nl=0,1,keep-terms {俯瞰視点}
inc/event/res/09/me09_01.txt#346#14,俯瞰視点とは、例えば３次元空間をその外側から見ることができる能力である。<CR>俯瞰したい次元をｎとしたとき、その次元を俯瞰するためには（ｎ＋１）次元的存在である必要がある。<CR>例を挙げるなら２次元空間に住む人間が迷路を彷徨っているところを、３次元空間の人間は簡単に迷路の出口まで案内することができる。<CR>実際には距離の要素が加わるため、広大な２次元を３次元空間の人間が全てを把握することはできないが、それでも２次元空間の人間よりもより多くの情報を得ることが出来る。万寿沙羅において何も計算していないイオンがバーストを防ぐ詩魔法を紡げたのは俯瞰視点を用いてそれら全てを感覚で行ったからである。,所谓俯瞰视点，是指例如能够从外部观察三维空间的能力。<CR>若将想要俯瞰的维度记为n，那么为了俯瞰该维度，自身必须为（n+1）维的存在。<CR>举例来说，当生活在二维空间的人在迷宫中徘徊迷茫时，三维空间的人可以轻而易举地将其引导至迷宫出口。<CR>实际中由于加入了距离要素，三维空间的人无法完全掌握广阔的二维空间的全部，但即便如此，也能够获得远比二维空间的人多得多的信息。在万寿沙罗，毫无计算准备的依恩之所以能纺咏出防范爆炸的诗魔法，正是因为利用俯瞰视点将这一切全凭直觉完成了。,translated,妮诺,8b6bbff113,<CR> <CR> <CR> br=0 nl=0,1,keep-tags <CR>; src-longest-line=300
inc/event/res/09/me09_01.txt#347#12,よく思い出せないことが？,是指想不起来这件事吗？,translated,依恩,379aab3a3b,br=0 nl=0,1,
inc/event/res/09/me09_01.txt#358#12,"そう。意思によって視点を上手く切り替える
スキルがないうちは、自分の心の内側までも
俯瞰できてしまうから。","对。在没有掌握凭借意志熟练切换
视点的技能前，甚至连自己的内心深处
都会被俯瞰到。",translated,妮诺,b5a971d0ec,br=0 nl=2,3,
inc/event/res/09/me09_01.txt#359#12,"自分の顕在意識──
すなわち「{クオリア中心}」がどれなのかを
見失ってしまう。","就会迷失自己的显意识――
也就是“{感质中心}”究竟在哪里。",translated,妮诺,b12d738e61,br=1 nl=2,3,keep-terms {クオリア中心}
inc/event/res/09/me09_01.txt#359#14,クオリアとは、ラシェーラにおいて「その魂がもつ主観視点」を表す言葉だが、クオリア中心を一言で表すと「その魂が本来あるべき主観視点」を指す。<CR>俯瞰視点でクオリア中心が定められない場合、自身のクオリアを見失い、記憶の欠落や深層意識の一時的な入れ替わりが発生する。このとき深層意識に入り込むクオリアは、現在・過去・未来・確率のいずれにも囚われることがないため、俯瞰視点によって得ようとした結果に最も適したクオリアが深層意識に入り込むこととなる。<CR>俯瞰視点を使いこなすためには、そのときの自身のクオリア中心をしっかりと定め、そのうえで世界を俯瞰することが重要な要素となる。,感质在拉榭拉是表示“该灵魂所持有的主观视点”的词语，但一言以蔽之，感质中心指的是“该灵魂本应存在的主观视点”。<CR>在俯瞰视点下如果无法确立感质中心，就会迷失自身的感质，从而发生记忆缺失或深层意识的暂时置换。此时进入深层意识的感质不受现在、过去、未来或概率中任何一方的束缚，因此通过俯瞰视点试图获得的结果中最合适的感质便会进入深层意识。<CR>为了熟练运用俯瞰视点，牢固确立当时的自身感质中心，并在此基础上俯瞰世界，乃是至关重要的要素。,translated,妮诺,9b5280312a,<CR> <CR> br=0 nl=0,1,keep-tags <CR>; src-longest-line=288
inc/event/res/09/me09_01.txt#360#12,"自分のクオリア中心を定められなければ、
クオリアはそのときの最も重要な精神ポイントに
据えられてしまう。","如果无法确立自身的感质中心，
感质就会被安置在当时最重要的精神锚点上。",translated,妮诺,ddbb17902e,br=0 nl=2,3,
inc/event/res/09/me09_01.txt#361#12,"場合によっては、それが深層意識に移ってしまう
ことさえある。","视情况而定，甚至可能会
转移到深层意识中去。",translated,妮诺,24c2995a44,br=0 nl=1,2,
inc/event/res/09/me09_01.txt#362#12,"そうなれば、クオリア中心から自分を
相対的に眺めるなんてできなくなる。","一旦变成那样，就再也无法
从感质中心相对地审视自己了。",translated,妮诺,1f3b82766a,br=0 nl=1,2,
inc/event/res/09/me09_01.txt#363#12,"時系列順に行儀よく並んだ記憶なんて、
その時点で保てなくなってしまう──。","按时间顺序规整排列的记忆，
在那一瞬间就无法维持下去了――。",translated,妮诺,1c934af4db,br=0 nl=1,2,
inc/event/res/09/me09_01.txt#364#12,なるほど……。,原来如此……。,translated,依恩,76f421b8f8,br=0 nl=0,1,
inc/event/res/09/me09_01.txt#365#12,え、いまのでわかるの？,诶，听了刚才那些你能懂吗？,translated,莎丽,43d8f21bff,br=0 nl=0,1,
inc/event/res/09/me09_01.txt#366#12,なるほど……。,原来如此……。,translated,依恩,76f421b8f8,br=0 nl=0,1,
inc/event/res/09/me09_01.txt#367#12,わかってないんだね。,看来你根本没懂呢。,translated,莎丽,69151f782a,br=0 nl=0,1,
inc/event/res/09/me09_01.txt#370#12,"まぁ、顕在と深層の意識を識別しながら実際に
体験してみないと、絶対に理解はできない。","也是，如果不一边分辨显意识与深层意识，
一边亲自体验一番的话，是绝对无法理解的。",translated,妮诺,53a8409664,br=0 nl=1,2,
inc/event/res/09/me09_01.txt#371#12,"俯瞰視点か……
大いに興味をそそられるけど、
僕みたいな凡人には理解し得ない境地だ。","俯瞰视点吗……
虽然极其引人入胜，
但却是我这种凡人无法理解的境界呢。",translated,莎丽,a88afb9336,br=0 nl=2,3,
inc/event/res/09/me09_01.txt#372#12,"君が普通の存在じゃないことが
あらためてよくわかるよ。","这让我再次深切体会到了，
你并非凡常的存在。",translated,莎丽,ed8058cb6d,br=0 nl=1,2,
inc/event/res/09/me09_01.txt#374#12,ねぇ、聞いていい。,呐，我能问个问题吗？,translated,妮诺,426d3222ae,br=0 nl=0,1,
inc/event/res/09/me09_01.txt#375#12,何？,什么？,translated,莎丽,099228cf66,br=0 nl=0,1,
inc/event/res/09/me09_01.txt#376#12,これ、ベッド？,这个，是床吗？,translated,妮诺,facd0f76ef,br=0 nl=0,1,
inc/event/res/09/me09_01.txt#377#12,は？,哈？,translated,莎丽,eeddb85a95,br=0 nl=0,1,
inc/event/res/09/me09_01.txt#378#12,そうだよ……？,是啊……？,translated,依恩,8cecf91658,br=0 nl=0,1,
inc/event/res/09/me09_01.txt#379#12,そうなんだ。,这样啊。,translated,妮诺,2c13fb5706,br=0 nl=0,1,
inc/event/res/09/me09_01.txt#380#12,"私、こんなふかふかなところで寝るの初めて。
楽しみ。","我还是第一次在这么松软的地方睡觉。
真期待。",translated,妮诺,e36a8e5cac,br=0 nl=1,2,
inc/event/res/09/me09_01.txt#381#12,ベッドで寝たこと、ないって……。,居然说从来没在床上睡过……。,translated,依恩,37e5f43272,br=0 nl=0,1,
inc/event/res/09/me09_01.txt#382#12,"そうか……。
{シェルノトロンサーバー}の中で
ただ生きてきたから──。","是吗……。
因为她一直以来都只是在
{榭鲁诺特伦服务器}里活着啊――。",translated,莎丽,dce625ff7d,br=1 nl=2,3,keep-terms {シェルノトロンサーバー}
inc/event/res/09/me09_01.txt#382#14,縦貫坑道の奥、ジェノミライ。その中心部に存在し、<CR>全てのシェルノトロンが使用するトロンネットワークのホスト、というのが表向きの存在である。<CR>その正体はシェルノトロンに表層意識をREON-4213として利用されているネロを眠らせるための冷凍睡眠装置である。<CR>これによりネロは表層意識はおろか深層意識の中においても身動きが取れなくなっていた。<CR>しかし、Ｔｚチューブ・カンパニーでのネプトロンの事故がネロの意識を呼び覚ますこととなり、トロンネットワークを通して、人々がネロの思いのままに操られるという事例が確認されるようになる。これがシェルノトロン規制の原因であり、真実は市民に伏せられている。,位于纵贯坑道深处的杰诺米莱伊。存在于其中央核心区域、<CR>作为所有榭鲁诺特伦所使用的特伦网络的主机，这便是它表面上的存在。<CR>而其实体，则是为了让表层意识被作为REON-4213利用的妮诺陷入沉睡的冷冻睡眠装置。<CR>由此，妮诺不仅表层意识，就连在深层意识中也变得动弹不得。<CR>然而，在Tz管体公司发生的尼普特伦事故唤醒了妮诺的意识，通过特伦网络，开始确认到人们任由妮诺随意操控的案例。这正是实施榭鲁诺特伦规制的原因，而真相则一直对市民隐瞒着。,translated,莎丽,5279a9d693,<CR> <CR> <CR> <CR> br=0 nl=0,1,keep-tags <CR>; src-longest-line=306
inc/event/res/09/me09_01.txt#383#12,何でも知っているのに、何にも知らない……。,明明什么都知道，却又什么都不知道……。,translated,依恩,3cb32d395a,br=0 nl=0,1,
inc/event/res/09/me09_01.txt#384#12,ネロ──不思議な存在。,妮诺――真是个不可思议的存在。,translated,依恩,a64d16dfd6,br=0 nl=0,1,
inc/event/res/09/me09_01.txt#401#12,"サーリとクラケット博士の協力は
とりつけました。",已经争取到了莎丽与库拉肯特博士的协助。,translated,蕾娜露露,a90528a902,br=0 nl=1,2,
inc/event/res/09/me09_01.txt#402#12,"博士は現在夢ノ珠へ向かっています。
当然ですが、エージェントを同行させました。","博士目前正前往梦之珠。
理所当然，我安排了特工同行。",translated,蕾娜露露,1191b2736a,br=0 nl=1,2,
inc/event/res/09/me09_01.txt#403#12,"サーリも我々の監視下にあります。
ネロ、イオナサルさまも同様です。","莎丽也在我们的监视之下。
妮诺与依欧娜萨鲁大人也是同样。",translated,蕾娜露露,fabb141d34,br=0 nl=1,2,
inc/event/res/09/me09_01.txt#404#12,"ただし、イオナサルさまと交わした約束……
いえ、条件によって、ネロに過剰な拘束は
かけないこととしてあります。","不过，按照与依欧娜萨鲁大人定下的约定……
不，按照条件，我们不会对妮诺
施加过度的约束。",translated,蕾娜露露,7dfcd56144,br=0 nl=2,3,
inc/event/res/09/me09_01.txt#405#12,"サーバー内に拘束されていない現状において
ネロは詩魔法ひとつ紡ぐことはできません。
イオナサルさまとの取引を優先しました。","在未被拘束于服务器内的现状下，
妮诺连一个诗魔法都无法编织。
所以我优先履行了与依欧娜萨鲁大人的交易。",translated,蕾娜露露,715b13e530,br=0 nl=2,3,
inc/event/res/09/me09_01.txt#406#12,"わかりました。
ですが、それもイオナサルへの再教育が
すむまでのことです。","我明白了。
不过，那也只限于对依欧娜萨鲁的
再教育完成之前。",translated,利维尔特,c59526f6c3,br=0 nl=2,3,
inc/event/res/09/me09_01.txt#407#12,"ネロにある程度自由を与えるのは
かまいませんが、再教育が完了次第、
すみやかにサーバーへ戻すように。","给予妮诺一定程度的自由倒无妨，
但一旦再教育完成，
请尽快将她送回服务器。",translated,利维尔特,a84ddbd04f,br=0 nl=2,3,
inc/event/res/09/me09_01.txt#408#12,総帥、そのことなのですが。,总帅，关于那件事。,translated,蕾娜露露,92e75dc2ca,br=0 nl=0,1,
inc/event/res/09/me09_01.txt#409#12,"イオナサルさまに、本当に再教育を？
彼女たちは天文に対して、まだそこまで
不信感を抱いているとは思えません。","真的要对依欧娜萨鲁大人进行再教育吗？
我认为她们对天文，应该还不至于
抱有那么深的不信任感。",translated,蕾娜露露,6323ee79ce,br=0 nl=2,3,
inc/event/res/09/me09_01.txt#410#12,そこまでせずとも、私が説得を続けて──,即使不做那种事，只要由我继续劝说――,translated,蕾娜露露,2d4ae35df6,br=0 nl=0,1,
inc/event/res/09/me09_01.txt#411#12,タータルカ捜査官。,塔塔尔卡搜查官。,translated,利维尔特,976a44624d,br=0 nl=0,1,
inc/event/res/09/me09_01.txt#412#12,"いまは非常に大切な、
しかもデリケートな時期なのです。
不確定要素は排除せねばなりません。","现在是非常重要、
而且极其敏感微妙的时期。
必须排除一切不确定因素。",translated,利维尔特,d0d615f7de,br=0 nl=2,3,
inc/event/res/09/me09_01.txt#413#12,"状況は刻々と変化していて、
先のことは誰にも読めない。
イオナサルがもし天文に不信感を抱けば──","局势瞬息万变，
谁也无法预料未来的走向。
倘若依欧娜萨鲁对天文抱有不信任感――",translated,利维尔特,ba6fa3fbb2,br=0 nl=2,3,
inc/event/res/09/me09_01.txt#414#12,"彼女が『真実』を明らかにしてしまう
可能性もあるのです。",她很有可能会将‘真相’公之于众。,translated,利维尔特,994aa77f66,br=0 nl=1,2,
inc/event/res/09/me09_01.txt#415#12,それは、さすがに──。,那种事，未免也……。,translated,蕾娜露露,07f3d7d126,br=0 nl=0,1,
inc/event/res/09/me09_01.txt#416#12,"えぇ。真実を公にすれば、
彼女自身がもとのセカイに還れなくなると
わかっているはずですから──","是啊。她应该明白一旦公开真相，
自己就无法回到原本的世界了――",translated,利维尔特,0140fa7810,br=0 nl=2,3,
inc/event/res/09/me09_01.txt#417#12,"早々にそのような事態に陥ることは
ないでしょう。",想必不至于这么快就沦落到那般地步吧。,translated,利维尔特,ed39bd3118,br=0 nl=1,2,
inc/event/res/09/me09_01.txt#418#12,だが、『窮鼠猫を噛む』。,但是，‘穷鼠啮猫’。,translated,利维尔特,3f74585642,br=0 nl=0,1,
inc/event/res/09/me09_01.txt#419#12,"えっ？
それはどういう意味の言葉でしょうか？","诶？
那是代表什么意思的词呢？",translated,蕾娜露露,a4cde7e4e9,br=0 nl=1,2,
inc/event/res/09/me09_01.txt#420#12,"彼女のセカイの教訓のようなものです。
追いつめられたネズミは猫にだって
噛み付くことがある。","类似于她那个世界的教训。
被逼入绝境的老鼠甚至也会
反咬猫一口。",translated,利维尔特,fb5b589cfb,br=0 nl=2,3,
inc/event/res/09/me09_01.txt#422#12,"わかりますね？　
彼女の考えがまだ浅いうちに
再教育をほどこす意味が。","你明白了吧？
趁她的思想还不够成熟时
施以再教育的意义。",translated,利维尔特,9ed5c02b46,br=0 nl=2,3,
inc/event/res/09/me09_01.txt#423#12,"我々の足下を危うくするような芽は、
早めに摘み取るにこしたことはないのです。","任何可能危及我们立足之地的苗头，
及早摘除才是明智之举。",translated,利维尔特,4b676d6eeb,br=0 nl=1,2,
inc/event/res/09/me09_01.txt#424#12,……了解しました。,……属下明白。,translated,蕾娜露露,71f7ce66ed,br=0 nl=0,1,
inc/event/res/09/me09_01.txt#425#12,"よろしい。
では、近日中に再教育プログラムが
あなたのもとへ届きます。","很好。
那么，近日再教育程序
就会送达你手中。",translated,利维尔特,fda3d3eece,br=0 nl=2,3,
inc/event/res/09/me09_01.txt#426#12,"すみやかに全員の再教育を完了し、
報告しなさい。","请尽快完成全员的再教育，
并向我汇报。",translated,利维尔特,70cd28b817,br=0 nl=1,2,
inc/event/res/09/me09_01.txt#427#12,"特にイオナサルについては、
心を許しているのはあなただけなのです。
確実に成功させるように。","特别是依欧娜萨鲁，
她敞开心扉的只有你一个人。
务必确保万无一失地成功。",translated,利维尔特,2603684ff5,br=0 nl=2,3,
inc/event/res/09/me09_01.txt#428#12,──はっ！,――是！,translated,蕾娜露露,41a41b0244,br=0 nl=0,1,
inc/event/res/09/me09_01.txt#429#12,"ところで、タータルカ捜査官。
もう一つ伝えておきます。","顺便一提，塔塔尔卡搜查官。
还有一件事要告诉你。",translated,利维尔特,f9443b6a27,br=0 nl=1,2,
inc/event/res/09/me09_01.txt#430#12,"これまでのあなたの功績が天文幹部会で
認められ、昇進が決定しました。","你至今为止立下的功绩得到了天文干部会的
认可，已经决定予以晋升。",translated,利维尔特,b354fa9e99,br=0 nl=1,2,
inc/event/res/09/me09_01.txt#431#12,昇進、ですか。,晋升，是吗？,translated,蕾娜露露,ed3c7e7848,br=0 nl=0,1,
inc/event/res/09/me09_01.txt#432#12,"はい。
PLASMA特務総監の職に就いてもらいます。","是的。
将任命你担任PLASMA特务总监之职。",translated,利维尔特,7a71f3af92,br=0 nl=1,2,
inc/event/res/09/me09_01.txt#433#12,"ッ！！
特務総監……私が、ですか！？","！！
特务总监……由我来担任吗！？",translated,蕾娜露露,2bff855871,br=0 nl=1,2,
inc/event/res/09/me09_01.txt#434#12,"もちろん、異例の抜擢人事ですが、
全会一致で可決された正式な決定です。
経緯を伝えておきます。","这当然是破例的提拔任命，
但也是全票通过的正式决议。
我来告诉你个中缘由吧。",translated,利维尔特,a48d81a248,br=0 nl=2,3,
inc/event/res/09/me09_01.txt#435#12,はい。,是。,translated,蕾娜露露,8b9236cd4b,br=0 nl=0,1,
inc/event/res/09/me09_01.txt#436#12,"今回、第二次シェルノトロンパニックとも
言える未曾有の災害が引き起こされたことで──","这次引发了堪称第二次榭鲁诺特伦恐慌的
前所未有之灾难――",translated,利维尔特,1c5530ec76,br=0 nl=1,2,
inc/event/res/09/me09_01.txt#437#12,"天文は責任の所在を明らかにすることに
なりました。",天文必须明确责任归属。,translated,利维尔特,af30c5c3c0,br=0 nl=1,2,
inc/event/res/09/me09_01.txt#438#12,"新体制を敷くべく、幹部のほとんどを更迭し、
よりよい行政をしてゆくと民衆にアピール
します。","为了构建新体制，更迭了绝大多数干部，
向民众展现推行更佳行政的决心。",translated,利维尔特,3d6cebe2d4,br=0 nl=2,3,
inc/event/res/09/me09_01.txt#439#12,"同時に、内部的にはサーバーの警備を担っていた
PLASMAに対し、ネロの管理不行届きの責を
問い──","同时在内部，追究了负责服务器警卫的
PLASMA疏于管理妮诺之责――",translated,利维尔特,8262eaf8ff,br=0 nl=2,3,
inc/event/res/09/me09_01.txt#440#12,"現在の長官と特務総監を更迭しました。
空席となったポストの一つをあなたに任せます。","更迭了现任长官与特务总监。
其中一个空出的职位便交由你负责。",translated,利维尔特,fe934040cc,br=0 nl=1,2,
inc/event/res/09/me09_01.txt#441#12,そんな……私などが……。,怎么会……我这样的人……。,translated,蕾娜露露,6935391d75,br=0 nl=0,1,
inc/event/res/09/me09_01.txt#442#12,"謙遜することはない。
あなたの功績は目覚しいものだ。","不必谦虚。
你的功绩有目共睹。",translated,利维尔特,7f00243b45,br=0 nl=1,2,
inc/event/res/09/me09_01.txt#443#12,"カノイール皇女を囮に使い、
イオナサル皇女をソレイルに誘い──","利用卡诺伊尔皇女作为诱饵，
将依欧娜萨鲁皇女引诱至太阳号――",translated,利维尔特,18ac12efc8,br=0 nl=1,2,
inc/event/res/09/me09_01.txt#444#12,同時にネロを管理下に置くことに成功した。,同时成功将妮诺置于管理之下。,translated,利维尔特,a66e969ec3,br=0 nl=0,1,
inc/event/res/09/me09_01.txt#445#12,"のみならず、あのクラケット博士を
天文に帰還させた。","不仅如此，还让那位库拉肯特博士
重返了天文。",translated,利维尔特,d3539e3b23,br=0 nl=1,2,
inc/event/res/09/me09_01.txt#446#12,"これらは天文の円滑な行政運営のため、
非常に有利に働きます。","这些对于天文平稳顺畅的行政运作而言，
起到了极其有利的作用。",translated,利维尔特,67dbcfd9b8,br=0 nl=1,2,
inc/event/res/09/me09_01.txt#447#12,"{シェルノトロン}の信頼性回復を民衆に約束する、
最高の材料となり得ます。","成为了向民众承诺恢复{榭鲁诺特伦}可靠性
的最佳素材。",translated,利维尔特,4a6c041aab,br=1 nl=1,2,keep-terms {シェルノトロン}
inc/event/res/09/me09_01.txt#447#14,シェルノトロンとは人工的に作られたジェノムのことである。すなわち、人工的に創られた詩魔法生成機とも言える。シェルノトロンは、その心臓部である「シェルノサージュ管」と、実効果を生み出す「クレイドル」に<CR>よって構成されている。<CR><CR>シェルノサージュ管は殆どの場合、地球でいうところの「真空管」のような形をしており、中には鈍く光るフィラメントのような極板が存在する。そこに宿っている光は、歪力から抽出されたエネルギーTz波である。,榭鲁诺特伦是指人工制造的杰诺姆。换言之，亦可称作人工制造的诗魔法生成机。榭鲁诺特伦由其核心部分的“Ciel nosurge管”以及产生实际效能的“支架”<CR>所构成。<CR><CR>Ciel nosurge管在绝大多数情况下形似地球上所说的“真空管”，内部存在微微发光的宛如灯丝般的极板。栖宿于其中的光芒，正是从应变力中提取的能量Tz波。,translated,利维尔特,ba30a6f58e,<CR> <CR> <CR> br=0 nl=0,1,keep-tags <CR>; src-longest-line=220
inc/event/res/09/me09_01.txt#448#12,"あなたの二階級特進、
特務総監任命は当然のことなのです。","破格将你连升两级、
任命为特务总监是理所应当的。",translated,利维尔特,d43b867048,br=0 nl=1,2,
inc/event/res/09/me09_01.txt#450#12,"知ってのとおり、特務総監は長官の直下に
当たるポストで、常務総監と対をなす役職。","正如你所知，特务总监是直属长官的职位，
与常务总监并列为两大要职。",translated,利维尔特,e1a4d3e673,br=0 nl=1,2,
inc/event/res/09/me09_01.txt#451#12,"長官は名誉職で実権はほぼありませんから、
あなたは実質PLASMAの裏側のトップ。
「裏PLASMAの女王」というわけです。","长官不过是名誉职，几乎没有实权，
因此你实质上就是PLASMA幕后的顶级首领。
也就是所谓的“里PLASMA的女王”。",translated,利维尔特,20aa99f906,br=0 nl=2,3,
inc/event/res/09/me09_01.txt#452#12,異存ありませんね？,没有任何异议吧？,translated,利维尔特,e3542dd260,br=0 nl=0,1,
inc/event/res/09/me09_01.txt#453#12,"ありがとうございます、総帥。
拝命します！","非常感谢您，总帅。
属下遵命！",translated,蕾娜露露,b35ebe1597,br=0 nl=1,2,
inc/event/res/09/me09_01.txt#454#12,"よろしい。
快く引き受けてくれて、私も嬉しい。","很好。
你能爽快接受，我也很高兴。",translated,利维尔特,58e86cca81,br=0 nl=1,2,
inc/event/res/09/me09_01.txt#455#12,"あなたを特務総監に強く推薦したのは
私ですから。","毕竟极力推荐你出任特务总监的
正是我本人。",translated,利维尔特,a6cf301ef7,br=0 nl=1,2,
inc/event/res/09/me09_01.txt#456#12,"その理由は、言わずともわかってもらえることと
思います。これからの活躍を期待していますよ？","这其中的缘由，想必不用多说你也能明白。
我很期待你今后的表现哦？",translated,利维尔特,91e89f7584,br=0 nl=1,2,
inc/event/res/09/me09_01.txt#457#12,はっ！,是！,translated,蕾娜露露,4abd11a6e2,br=0 nl=0,1,
inc/event/res/09/me09_01.txt#458#12,"なお、これらの発表は後日、
全メディアを通じて行います。","另外，这些任命将在日后
通过各大媒体对外公布。",translated,利维尔特,90e15c1330,br=0 nl=1,2,
inc/event/res/09/me09_01.txt#459#12,"失墜しかけている天文の復権をかけた
発表になりますから、会見にはあなたも
必ず出席するように。いいですね？","这是赌上了濒临崩溃的天文之威信的
重大发表，记者会你也务必出席。明白了吗？",translated,利维尔特,c57c890c8f,br=0 nl=2,3,
inc/event/res/09/me09_01.txt#460#12,はっ！,是！,translated,蕾娜露露,4abd11a6e2,br=0 nl=0,1,
inc/event/res/09/me09_01.txt#461#12,それでは。,那么，就这样吧。,translated,利维尔特,8b6b83efd1,br=0 nl=0,1,
inc/event/res/09/me09_01.txt#471#12,……ついに来るべきときが来た。,……终于到了这一刻。,translated,蕾娜露露,d9955fbe4f,br=0 nl=0,1,
inc/event/res/09/me09_01.txt#472#12,"本日より、いよいよ『白の花』を決行する。
総員、準備せよ。","自今日起，正式展开‘白之花’行动。
全员，准备行动。",translated,蕾娜露露,e8691ee63d,br=0 nl=1,2,
inc/event/res/09/me09_01.txt#499#12,イオナサルさま。,依欧娜萨鲁大人。,translated,蕾娜露露,d131a03801,br=0 nl=0,1,
inc/event/res/09/me09_01.txt#500#12,"は、はいっ。
あのっ、もしかしてカノンさんが？","啊、是。
那个，难道是卡诺小姐她？",translated,依恩,706e7955a3,br=0 nl=1,2,
inc/event/res/09/me09_01.txt#502#12,"申し訳ありません。
カノイールさまの容態は、まだ安定しないのです。","非常抱歉。
卡诺伊尔大人的病情，仍未稳定下来。",translated,蕾娜露露,f7cd74a0f7,br=0 nl=1,2,
inc/event/res/09/me09_01.txt#503#12,そう、ですか……。,是、这样啊……。,translated,依恩,7c360f54af,br=0 nl=0,1,
inc/event/res/09/me09_01.txt#504#12,"もちろん、回復されればすぐ面会していただく
という約束は変わりません。","当然，只要康复便立即安排会面的约定
并没有改变。",translated,蕾娜露露,69d62b8fdb,br=0 nl=1,2,
inc/event/res/09/me09_01.txt#505#12,"また、定住していただく居住区の手配も
その関係で少し遅れそうなのです。","此外，定居居住区的安排
也因为这个缘故，可能会稍微延迟一些。",translated,蕾娜露露,bded8169d8,br=0 nl=1,2,
inc/event/res/09/me09_01.txt#506#12,"あと数日はこの部屋にとどまって
いただかなくてはなりません。
そのお詫びと言っては何なのですが──","还得请您在这间房间里多留几天。
虽说谈不上赔罪――",translated,蕾娜露露,89d83269e8,br=0 nl=2,3,
inc/event/res/09/me09_01.txt#517#12,こちらを。,请收下这个。,translated,蕾娜露露,8b58154c71,br=0 nl=0,1,
inc/event/res/09/me09_01.txt#518#12,これは……？,这是……？,translated,依恩,ddf8d834c5,br=0 nl=0,1,
inc/event/res/09/me09_01.txt#519#12,"『ぱれす・にゅろきーる』にいつでも
入場できるフルパスポート、
『{パークパスニュロン}』です。","这是随时可以自由进出‘喵洛基鲁・王宫’的
全通通行证，
‘{主题乐园护照纽伦}’。",translated,蕾娜露露,5debc45b1d,br=1 nl=2,3,keep-terms {パークパスニュロン}
inc/event/res/09/me09_01.txt#519#14,ぱれす・にゅろきーるのアトラクションを楽しむためのフリーパストロン。<CR>Ｇ２トロンやシェルノトロンと同様に同調して使用することも可能であり、特ににゅろきーやその仲間たちに関する詩魔法を紡ぐことを得意としている。ただ、あまりやりすぎると、ぱれす・にゅろきーるの版権元から怖いおじさんたちがやってくるので注意が必要。<CR>またパークパスニュロンには、それぞれ期限に応じたランクが存在し、イオンたちがレナルルから貰ったのは無期限の最高級トロン。にゅろきー好きにとっては、存在自体が超弩級のレアトロンであり、フリーパス期限が切れたトロンであっても、ランクによっては高額で取引されることもあるという。,为了畅玩喵洛基鲁・王宫的游乐设施而准备的通票特伦。<CR>可以与Ｇ２特伦或榭鲁诺特伦一样同调使用，尤其擅长编织与喵洛基及其同伴相关的诗魔法。不过如果做得太过火，喵洛基鲁・王宫的版权方就会派凶巴巴的大叔找上门来，因此需要多加注意。<CR>此外主题乐园护照纽伦根据有效期限设有不同的等级，依恩等人从蕾娜露露那里得到的是无期限的最高级特伦。对于喵洛基爱好者而言，其存在本身就是超重磅的稀有特伦，据说哪怕是通票已过期的特伦，视其等级也能以高价进行交易。,translated,蕾娜露露,3628dca86d,<CR> <CR> br=0 nl=0,1,keep-tags <CR>; src-longest-line=298
inc/event/res/09/me09_01.txt#520#12,"何だって！？
パークパスニュロン！？","你说什么！？
主题乐园护照纽伦！？",translated,莎丽,202cc451f1,br=0 nl=1,2,
inc/event/res/09/me09_01.txt#521#12,サーリちゃん……？,莎丽……？,translated,依恩,b7f0df445b,br=0 nl=0,1,
inc/event/res/09/me09_01.txt#522#12,"あっ、あの、ごく一部の関係者にしか
配られないっていう、幻のプラチナパス！？","就、就是那个只发放给极少数相关人员的、
梦幻般的白金通行证！？",translated,莎丽,c89b6ee897,br=0 nl=1,2,
inc/event/res/09/me09_01.txt#523#12,"それを使ったって人が誰もいなくて、
ほとんど都市伝説になってる……あの！？","从来没人见过实际使用的人，
几乎已经变成都市传说的……那个！？",translated,莎丽,144e5dc431,br=0 nl=1,2,
inc/event/res/09/me09_01.txt#525#12,"ふふ……無理はないですね。
ですが、本物ですよ。","呵呵……这也难怪呢。
不过，这可是正品哦。",translated,蕾娜露露,7aaac3970f,br=0 nl=1,2,
inc/event/res/09/me09_01.txt#526#12,"ご存知のとおり、このソレイルの表層は
テーマパークになっています。","正如各位所知，这艘太阳号的表层
是一座主题乐园。",translated,蕾娜露露,596f73647f,br=0 nl=1,2,
inc/event/res/09/me09_01.txt#527#12,"ある程度の自由行動を許可したのに、
ソレイルの中だけでは何の娯楽も
ありませんからね。","虽说允许了各位一定程度的自由行动，
但仅在太阳号内部的话可没有任何娱乐呢。",translated,蕾娜露露,ef24eaa54c,br=0 nl=2,3,
inc/event/res/09/me09_01.txt#528#12,"せっかく表層にあることですし、
せめてもの配慮としてお考え下さい。","既然表层就有乐园，
权当是我微不足道的一点心意吧。",translated,蕾娜露露,820e7e1d2c,br=0 nl=1,2,
inc/event/res/09/me09_01.txt#530#12,"配慮って、そんなレベルじゃないよね？
フルパスポートだろ？","这哪里是心意的级别啊？
这可是全通通行证耶？",translated,莎丽,363a568ede,br=0 nl=1,2,
inc/event/res/09/me09_01.txt#531#12,ていうか、完全に罠だよね、コレ。,不如说，这完全是个陷阱吧。,translated,莎丽,cd7f462a28,br=0 nl=0,1,
inc/event/res/09/me09_01.txt#532#12,"まぁそうお思いなら、ずっとここにいて
いただいてもいいのですけど。
文字通り、自由行動です。","哎呀，如果您这么想，一直待在这里
也是可以的哦。
正如字面意思，纯属自由行动。",translated,蕾娜露露,d13bf9ea41,br=0 nl=2,3,
inc/event/res/09/me09_01.txt#533#12,"とにかく、パークを歩き回るのに必要な
『パークパスニュロン』を３つ、
置いていきます。","总之，在乐园内闲逛所需的
‘主题乐园护照纽伦’一共３张，
我就留在这里了。",translated,蕾娜露露,85fa41a271,br=0 nl=2,3,
inc/event/res/09/me09_01.txt#534#12,ふむ……。,唔……。,translated,莎丽,fc5b7abae5,br=0 nl=0,1,
inc/event/res/09/me09_01.txt#535#12,でも……。,可是……。,translated,依恩,2cfbc18c09,br=0 nl=0,1,
inc/event/res/09/me09_01.txt#538#12,"わたしは、カノンさんが苦しんでるときに
楽しんだりは、その……。","在卡诺小姐痛苦受罪的时候，
我却去玩乐什么的，那个……。",translated,依恩,e6015cdca4,br=0 nl=1,2,
inc/event/res/09/me09_01.txt#541#12,あなたはそう言うと思ったわ。,我就猜到你会这么说。,translated,蕾娜露露,71c93c20df,br=0 nl=0,1,
inc/event/res/09/me09_01.txt#542#12,パスは好きにしてくれて本当にかまわないの。,通行证你想怎么处置都完全没关系。,translated,蕾娜露露,daf26a517a,br=0 nl=0,1,
inc/event/res/09/me09_01.txt#543#12,"だけど、そんなに思いつめていたら、
今度はあなたが体を壊してしまう。","但是，如果你一直这么钻牛角尖，
这次就轮到你把身体搞垮了。",translated,蕾娜露露,8ab49045c1,br=0 nl=1,2,
inc/event/res/09/me09_01.txt#545#12,"ねぇ。
よかったら、少し一緒に散歩しない？","呐。
如果可以的话，要不要跟我一起散散步？",translated,蕾娜露露,a4de84674b,br=0 nl=1,2,
inc/event/res/09/me09_01.txt#546#12,"そのくらいの自由は許されているわ。
私にも。","这种程度的自由还是被允许的。
对我来说也是。",translated,蕾娜露露,03eeb74f4f,br=0 nl=1,2,
inc/event/res/09/me09_01.txt#548#12,はい、じゃあ。,好的，那么走吧。,translated,依恩,52141fd596,br=0 nl=0,1,
inc/event/res/09/me09_01.txt#549#12,よかった。,太好了。,translated,蕾娜露露,ea06603332,br=0 nl=0,1,
inc/event/res/09/me09_01.txt#550#12,"それほどかからずに戻ります。
言ったとおり、ぱれす・にゅろきーるでしたら
行くのは自由です。","不会花太多时间就会回来的。
正如我刚才所说，如果是去喵洛基鲁・王宫的话，
您可以自由前往。",translated,蕾娜露露,88949138f1,br=0 nl=2,3,
inc/event/res/09/me09_01.txt#552#12,じゃあ、イオン。,那么，依恩。,translated,蕾娜露露,195ad5a903,br=0 nl=0,1,
inc/event/res/09/me09_01.txt#553#12,はい。,好的。,translated,依恩,8b9236cd4b,br=0 nl=0,1,
inc/event/res/09/me09_01.txt#574#12,じゃあ行ってくるね。,那我走喽。,translated,依恩,625200c392,br=0 nl=0,1,
inc/event/res/09/me09_01.txt#575#12,……あぁ。,……啊。,translated,莎丽,649d055ca9,br=0 nl=0,1,
inc/event/res/09/me09_01.txt#591#12,"君はどうする？
ぱれす・にゅろきーる、行く？","你打算怎么办？
要去喵洛基鲁・王宫吗？",translated,莎丽,9979c84f83,br=0 nl=1,2,
inc/event/res/09/me09_01.txt#616#12,"やれやれ。
あくまで好きにするってわけか。","哎呀呀。
结果还是随自己的心意吗。",translated,莎丽,676353865a,br=0 nl=1,2,
inc/event/res/09/me09_01.txt#628#12,……パークパスニュロン……。,……主题乐园护照纽伦……。,translated,莎丽,29b1d38681,br=0 nl=0,1,
inc/event/res/09/me09_01.txt#630#12,ぱ、ぱれす・にゅろきーる……。,喵、喵洛基鲁・王宫……。,translated,莎丽,673e93eb1a,br=0 nl=0,1,
inc/event/res/09/me09_01.txt#632#12,にゅ、にゅろきー……。,喵、喵洛基……。,translated,莎丽,b7e79dd5ed,br=0 nl=0,1,
inc/event/res/09/me09_01.txt#645#12,わぁ！,哇！,translated,莎丽,0768f09295,br=0 nl=0,1,
inc/event/res/09/me09_01.txt#646#12,ちょ、どこ行くの！？,等等，你要去哪儿！？,translated,莎丽,f5e440d2cc,br=0 nl=0,1,
inc/event/res/09/me09_01.txt#647#12,ぱれす・にゅろきーる。,喵洛基鲁・王宫。,translated,妮诺,2a05b0cec4,br=0 nl=0,1,
inc/event/res/09/me09_01.txt#648#12,"ベッドも気持ちいいけど、
そっちもおもしろそうだもの。","虽然床躺着很舒服，
但那边看起来也挺有意思的。",translated,妮诺,a6da912902,br=0 nl=1,2,
inc/event/res/09/me09_01.txt#649#12,どこまでもマイペース……。,到哪儿都这么我行我素……。,translated,莎丽,76e56f5864,br=0 nl=0,1,
inc/event/res/09/me09_01.txt#650#12,"あ、そうか。
パスがいるんだっけ。","啊，对哦。
好像是需要通行证来着。",translated,妮诺,81e549cf10,br=0 nl=1,2,
inc/event/res/09/me09_01.txt#658#12,"……これでいいのね。
じゃ。","……这样就可以了吧。
那我走了。",translated,妮诺,eb638df005,br=0 nl=1,2,
inc/event/res/09/me09_01.txt#671#12,あっ、ちょっと待って……。,啊，等一下……。,translated,莎丽,b78a0bb201,br=0 nl=0,1,
inc/event/res/09/me09_01.txt#672#12,"あぁもう！
何なんだ、どいつもこいつも！","啊啊真是的！
搞什么啊，一个个的全都这样！",translated,莎丽,09b45c7a48,br=0 nl=1,2,
inc/event/res/09/me09_01.txt#674#12,"し、しょうがない！
僕もパスと{同調}するか！","没、没办法了！
我也拿通行证去{同调}吧！",translated,莎丽,56190d56e0,br=1 nl=1,2,keep-terms {同調}
inc/event/res/09/me09_01.txt#674#14,同調とは「心を通わせる」こと。すなわち、人間（契約者）とジェノムの間で、精神世界を共有し、それによってジェノムは人間の、人間はジェノムの力を有る程度使えるようになる。もっと明確に言えば、ジェノムを人間の脳内未使用領域に住まわせることなのである。<CR><CR>同調には「同調」「完全同調」「一心同体」という段階があり、当然段階が上がるほど、引き出せる詩の力は増大する。同調の段階を上げるためには、お互いを深く知り、受け入れることが大事であり、それは一朝一夕では為し得ることが出来ない。<CR>「一心同体」よりも上にもう1段階「唯我」と呼ばれる同調形式があるが、この境地に至った者は誰もいない。,同调即指“心意相通”。亦即在人类（契约者）与杰诺姆之间共享精神世界，借此杰诺姆可以使用人类的部分力量，人类亦能使用杰诺姆的部分力量。更确切地说，就是让杰诺姆居住在人类大脑的未使用区域。<CR><CR>同调分为“同调”、“完全同调”、“一心同体”三个阶段，阶段越高，能引导出的诗之力量自然越庞大。想要提升同调阶段，彼此深刻了解并相互接纳至关重要，绝非一朝一夕之功。<CR>在“一心同体”之上还有一个名为“唯我”的同调形式，但尚无任何人达到过此等境界。,translated,莎丽,2d0b2ceac1,<CR> <CR> <CR> br=0 nl=0,1,keep-tags <CR>; src-longest-line=296
inc/event/res/09/me09_01.txt#675#12,"僕はネロの監視のために行くんだ。
そうだそうだ。","我是为了监视妮诺才去的。
没错没错。",translated,莎丽,4fc0dfc45e,br=0 nl=1,2,
inc/event/res/09/me09_01.txt#676#12,"決して楽しむためとか、遊びつくそうとか、
二度とない空前絶後の大チャンスを
逃してなるものかとかそんなのじゃないっ。","绝不是为了玩乐、为了畅玩到底，
或者绝不能放过这千载难逢的大好机会
什么的才去的！",translated,莎丽,a2cb027709,br=0 nl=2,3,
inc/event/res/09/me09_01.txt#677#12,"こっ、こんな非常事態に勝手に出て行く
ネロが悪いんだから。そうだそうだ。","这、这全怪妮诺在这紧急关头
自顾自地跑出去。没错没错。",translated,莎丽,39a2e04f91,br=0 nl=1,2,
inc/event/res/09/me09_01.txt#678#12,"このパークパスニュロンだって罠かもしれない。
罠に違いない。罠！","这个主题乐园护照纽伦说不定也是个陷阱。
肯定是陷阱。陷阱！",translated,莎丽,80a8074417,br=0 nl=1,2,
inc/event/res/09/me09_01.txt#679#12,"けど、罠とわかってても同調するのは、
ネロを放っとくわけにはいかないから
だからねっ！","但是，就算明知是陷阱我也要去同调，
那全是因为不能放任妮诺不管
的缘故啦！",translated,莎丽,9cf5021cba,br=0 nl=2,3,
inc/event/res/09/me09_01.txt#686#12,"こ、これでいいのかなっ？
えへ、えへへ。","这、这样就可以了吧？
诶嘿，诶嘿嘿。",translated,莎丽,92c3c85731,br=0 nl=1,2,
inc/event/res/09/me09_01.txt#687#12,"さぁ、ネロを追跡だ追跡！
追えー！","好了，去追踪妮诺，追踪！
追啊――！",translated,莎丽,dc240d8e74,br=0 nl=1,2,
inc/event/res/09/me09_01.txt#703#12,"いっ、いない……。
あいつ、足だけは速いんだから！","不、不见了……。
那家伙，唯独脚程跑得飞快！",translated,莎丽,608757fff0,br=0 nl=1,2,
inc/event/res/09/me09_01.txt#704#12,"し、し……仕方ないっ！
ぱれす・にゅろきーるへ～！","没、没……没办法啦！
去喵洛基鲁・王宫喽～！",translated,莎丽,cad9968e74,br=0 nl=1,2,
inc/event/res/09/me09_02.txt#26#12,うっはーーー！,呜哇―――！,translated,阿达,32596f7a6a,br=0 nl=0,1,
inc/event/res/09/me09_02.txt#27#12,このアトラクションも超面白かった！,这个游乐项目也超级好玩！,translated,阿达,69655a92f0,br=0 nl=0,1,
inc/event/res/09/me09_02.txt#28#12,"あぁっ……にゅろきーが、
にゅろきーがあんなに間近に……。","啊啊……喵洛基、
喵洛基居然就在那么近的距离……。",translated,凯斯,1f289b017c,br=0 nl=1,2,
inc/event/res/09/me09_02.txt#29#12,もう死んでもいい……。,我现在死了也值了……。,translated,凯斯,f3ac952b58,br=0 nl=0,1,
inc/event/res/09/me09_02.txt#30#12,"あー、もう俺一生ここで過ごしたいッス！
仕事とかどうでも良くなってきた！","啊――我真想一辈子呆在这里啊！
工作什么的都无所谓了！",translated,白鹰,ae7ec65fff,br=0 nl=1,2,
inc/event/res/09/me09_02.txt#31#12,"なんか、いままで暗い部屋で
トロンネットワークに入り浸ったり、
フィギュア作ってたのがバカらしいッス！","总觉得之前整天窝在昏暗的房间里
泡特伦网络、做手办的生活，
简直蠢透了！",translated,白鹰,a4a23cb496,br=0 nl=2,3,
inc/event/res/09/me09_02.txt#32#12,"ホントそうだよ！
{万寿沙羅}で辛かったこととか……。","真的就是这样啊！
在{万寿沙罗}受过的那些苦什么的……。",translated,阿达,87fec45d47,br=1 nl=1,2,keep-terms {万寿沙羅}
inc/event/res/09/me09_02.txt#32#14,正式には万寿区万寿沙羅。昔、帝都が地上に存在していたとき、政治的な中心だった地区で、今でもその名残である旧帝国関連施設が史跡として多数点在している。<CR>現在でも、地上の旧市街における、経済、政治の中心地として栄えている。<CR><CR>皇位継承の儀が始まってすぐ、万寿沙羅区に隣接する天香区のシェルが剥落したことにより、ウェーブバーストの危機にさらされたが、イオンと救星イオン応援団の活躍によって、万寿沙羅区に残った民衆の生きたいという意思が一つになり、ウェーブバーストを防ぐ詩魔法<CR>『ahih rei-yah』を紡ぐことに成功。現在でも、バーストを防いだ蓮の花は民衆の力で咲き続けている。,正式名称为万寿区万寿沙罗。在昔日帝都尚位于地上时，曾是政治中心地区，如今作为其遗留痕迹的旧帝国相关设施仍多数散布于此。<CR>即使在现今，作为地上旧市区的经济与政治中心依然繁荣。<CR><CR>皇位继承仪式刚开始不久，由于毗邻万寿沙罗区的天香区发生榭鲁剥落，从而陷入了面临波动爆炸的危机，但在依恩与救星依恩应援团的活跃下，留在万寿沙罗区的民众求生意志凝聚为一，成功编织出阻止波动爆炸的诗魔法<CR>‘ahih rei-yah’。如今，阻止了爆炸的莲花依然在民众的力量下绽放着。,translated,阿达,783fcac45e,<CR> <CR> <CR> <CR> br=0 nl=0,1,keep-tags <CR>; src-longest-line=300
inc/event/res/09/me09_02.txt#33#12,"イヤミな同級生に傷つけられたり、
さらわれて閉じ込められたり、
いままでさんざん酷い目にあったけど……。","虽然被讨厌的同班同学冷嘲热讽、
被绑架监禁，至今受尽了折磨……。",translated,凯斯,c04e96a9bc,br=0 nl=2,3,
inc/event/res/09/me09_02.txt#36#12,もうどうでもいいっ！,但现在都无所谓了！,translated,阿达・凯斯,78e52d60d1,br=0 nl=0,1,
inc/event/res/09/me09_02.txt#37#12,いまが楽しいのが一番ッス！,现在玩得开心才是最重要的！,translated,白鹰,101f2a011f,br=0 nl=0,1,
inc/event/res/09/me09_02.txt#40#12,そうだそうだー！,没错没错――！,translated,阿达・凯斯,4b3ed175ab,br=0 nl=0,1,
inc/event/res/09/me09_02.txt#51#12,ここがセントラル・スクエアってとこか？,这里就是所谓的中央广场了吧？,translated,阿达,da44107acb,br=0 nl=0,1,
inc/event/res/09/me09_02.txt#52#12,"そーらしいッスね！
もう少し行ったところに、
次のアトラクションが──。","好像是的呢！
再往前走一点的地方，
就是下一个游乐设施――。",translated,白鹰,f2157434b5,br=0 nl=2,3,
inc/event/res/09/me09_02.txt#53#12,"あっ！
あの子、どうしたのかしら？","啊！
那个孩子，怎么了吗？",translated,凯斯,8317ef6eb2,br=0 nl=1,2,
inc/event/res/09/me09_02.txt#70#14,ネロ,妮诺,translated,,5ab7665c85,br=0 nl=0,1,
inc/event/res/09/me09_02.txt#77#12,ちょっとあんた、大丈夫！？,喂，你没事吧！？,translated,凯斯,dfc063790d,br=0 nl=0,1,
inc/event/res/09/me09_02.txt#79#12,"どっか具合でも悪いの？
係りの人、呼ぶ？","是哪里不舒服吗？
要帮你叫工作人员吗？",translated,凯斯,6c1282574b,br=0 nl=1,2,
inc/event/res/09/me09_02.txt#81#12,ねぇったら！,跟你说话呢！,translated,凯斯,1e8e1beee2,br=0 nl=0,1,
inc/event/res/09/me09_02.txt#85#12,……おなかすいた。,……肚子饿了。,translated,妮诺,8d95aca08b,br=0 nl=0,1,
inc/event/res/09/me09_02.txt#89#12,……はぁっ！？,……哈啊！？,translated,凯斯,2d54bb2d4d,br=0 nl=0,1,
inc/event/res/09/me09_02.txt#94#12,どうしたんッスか、その子？,那孩子怎么了吗？,translated,白鹰,90dfea92c1,br=0 nl=0,1,
inc/event/res/09/me09_02.txt#95#12,わかんないけど、たぶん迷子……。,我也不知道，大概是走丢了吧……。,translated,凯斯,8eac5a27bb,br=0 nl=0,1,
inc/event/res/09/me09_02.txt#96#12,"えぇっ、このだだっ広いパークで！？
親とか探すったって……。","诶，在这个大得要命的乐园里！？
要是找父母的话……。",translated,白鹰,b996e184a5,br=0 nl=1,2,
inc/event/res/09/me09_02.txt#97#12,私に任せなさいっ！,包在我身上！,translated,凯斯,4316e4de6d,br=0 nl=0,1,
inc/event/res/09/me09_02.txt#98#12,ど、どうしたんだよ急にぃ。,怎、怎么突然这么有干劲啊。,translated,阿达,d9a9082a71,br=0 nl=0,1,
inc/event/res/09/me09_02.txt#99#12,"なんたってここはぱれす・にゅろきーる。
にゅろきーの聖地で、困ってる子を
見捨てたりできるもんですか！","这里可是喵洛基鲁・王宫。
在喵洛基的圣地，怎么能对有困难的孩子
见死不救呢！",translated,凯斯,8174862207,br=0 nl=2,3,
inc/event/res/09/me09_02.txt#100#12,"んなこと言ってぇ、にゅろきーに
詳しいとこでも見せようってぇのか？","话是这么说，你其实只是想展现一下
自己对喵洛基有多了解吧？",translated,阿达,e0e19257d4,br=0 nl=1,2,
inc/event/res/09/me09_02.txt#105#12,あでっ！,好痛！,translated,阿达,5e0bcc7ae1,br=0 nl=0,1,
inc/event/res/09/me09_02.txt#106#12,余計なことはいいのっ！,废话少说！,translated,凯斯,cdc3c2701d,br=0 nl=0,1,
inc/event/res/09/me09_02.txt#107#12,ちょ、ケンカしないで……。,喂，别吵架啊……。,translated,白鹰,ac6badc5bb,br=0 nl=0,1,
inc/event/res/09/me09_02.txt#108#12,とりあえずこの子、お腹空いてるって。,总之这孩子说肚子饿了。,translated,凯斯,58e976a99d,br=0 nl=0,1,
inc/event/res/09/me09_02.txt#109#12,"あ、そういやオレたちも、
ずっと遊びっぱなしだったもんな。
せっかくだから、一緒に何か食べようぜ。","啊，说起来我们也是
一直玩到现在呢。
难得有机会，一起去吃点东西吧。",translated,阿达,5456919cfb,br=0 nl=2,3,
inc/event/res/09/me09_02.txt#110#12,だからそういうのは私が考えるのっ！,都说了这种事由我来考虑啦！,translated,凯斯,45949d1227,br=0 nl=0,1,
inc/event/res/09/me09_02.txt#111#12,"ままままーまー……んじゃ、この辺で
何か食べられるとこ、教えてくださいッス！","好啦好啦……那么，这附近
有什么能吃东西的地方，请告诉我吧！",translated,白鹰,ab1e2d10d6,br=0 nl=1,2,
inc/event/res/09/me09_02.txt#112#12,"おっけー♪
すぐそこに、縁日ストリートがあるわ。","ＯＫ♪
就在前面不远处，有一条庙会街。",translated,凯斯,7c1131604f,br=0 nl=1,2,
inc/event/res/09/me09_02.txt#113#12,"よしっ。
じゃあそこで♪","好嘞。
那就在那里吧♪",translated,白鹰,f5169012f6,br=0 nl=1,2,
inc/event/res/09/me09_02.txt#114#12,"ひゃー、そうと決まったらオレも
どんどん腹減ってきちゃったぜー。","哎呀，既然定下来了，
我的肚子也越来越饿了呢。",translated,阿达,73094d4757,br=0 nl=1,2,
inc/event/res/09/me09_02.txt#118#12,ところであんた、名前は？,话说回来，你叫什么名字？,translated,凯斯,ca5c69b1b9,br=0 nl=0,1,
inc/event/res/09/me09_02.txt#120#12,"あ、私はキャス。
んで、ター坊と白鷹。","啊，我叫凯斯。
然后是阿达和白鹰。",translated,凯斯,f2280690e1,br=0 nl=1,2,
inc/event/res/09/me09_02.txt#122#14,ネロ,妮诺,translated,,5ab7665c85,br=0 nl=0,1,
inc/event/res/09/me09_02.txt#122#15,ウルゥリィヤ,乌鲁莉亚,translated,,8d7d82f52f,br=0 nl=0,1,
inc/event/res/09/me09_02.txt#123#12,……ウルゥリィヤ。,……乌鲁莉亚。,translated,妮诺,4b527c30eb,br=0 nl=0,1,
inc/event/res/09/me09_02.txt#146#12,へぇー、にぎやかな通りッスね！,嘿――真是条热闹的街道啊！,translated,白鹰,d67e128588,br=0 nl=0,1,
inc/event/res/09/me09_02.txt#147#12,これ全部食べ物の店？,这些全都是小吃店吗？,translated,阿达,16edf14e30,br=0 nl=0,1,
inc/event/res/09/me09_02.txt#148#12,"そーよ。にゅろきードッグでしょ、
ニュロスティックでしょ、
にゅろきーピラフでしょ……。","是啊。有喵洛基热狗、
喵洛棒、
喵洛基炒饭……。",translated,凯斯,a42354027e,br=0 nl=2,3,
inc/event/res/09/me09_02.txt#149#12,どれも超美味そう！,每样看起来都超级好吃！,translated,阿达,dfc5de6f72,br=0 nl=0,1,
inc/event/res/09/me09_02.txt#150#12,いい匂いがあっちこっちからするッス！,四面八方都飘来阵阵香味呢！,translated,白鹰,9a7f720779,br=0 nl=0,1,
inc/event/res/09/me09_02.txt#151#12,"えと、ウルゥリィヤ？
何が食べたい？","那个，乌鲁莉亚？
你想吃什么？",translated,凯斯,34022c932c,br=0 nl=1,2,
inc/event/res/09/me09_02.txt#152#12,……わからない。,……不知道。,translated,妮诺,4fb86a829e,br=0 nl=0,1,
inc/event/res/09/me09_02.txt#153#12,わからない？,不知道？,translated,凯斯,aeb2a4a80f,br=0 nl=0,1,
inc/event/res/09/me09_02.txt#160#12,"何かあるでしょ。
ほかにも、にゅろきーサンドにバーガー、
にゅろきーヌードルなんてのも……。","总有些想吃的吧。
此外还有喵洛基三明治、汉堡，
连喵洛基面条也有呢……。",translated,凯斯,f10d8f80fc,br=0 nl=2,3,
inc/event/res/09/me09_02.txt#161#12,"サンド……ヌードル？
何がどんな味なのかわからない。","三明治……面条？
我都不知道分别是什么味道。",translated,妮诺,9ae3ee9b6f,br=0 nl=1,2,
inc/event/res/09/me09_02.txt#162#12,へ？,诶？,translated,凯斯,1540f971e9,br=0 nl=0,1,
inc/event/res/09/me09_02.txt#163#12,"もうずいぶん何も食べていないから、
体を動かしたらお腹が空くのを忘れてた。","因为已经很久没吃过东西了，
都忘了活动身体后肚子会饿。",translated,妮诺,2de9e58f3d,br=0 nl=1,2,
inc/event/res/09/me09_02.txt#164#12,そ、そんなに食べてないのか……。,居、居然这么久没吃东西了吗……。,translated,阿达,dce621de4b,br=0 nl=0,1,
inc/event/res/09/me09_02.txt#165#12,呆れた……。,真拿你没办法……。,translated,凯斯,7954ec8974,br=0 nl=0,1,
inc/event/res/09/me09_02.txt#166#12,んじゃ、チョイスは俺たちにお任せってことで♪,那么，挑选的工作就交给我们吧♪,translated,白鹰,bcede1028c,br=0 nl=0,1,
inc/event/res/09/me09_02.txt#181#12,"もぐもぐ。
ん。バーガーイケるッス！","咀嚼咀嚼。
嗯。汉堡味道很赞啊！",translated,白鹰,b490e6feaa,br=0 nl=1,2,
inc/event/res/09/me09_02.txt#182#12,ピラフもうまいぜ！,炒饭也很美味哦！,translated,阿达,d6db5e49b6,br=0 nl=0,1,
inc/event/res/09/me09_02.txt#183#12,"あぁ……この、ニュロスティックの
スタンダードかつパーフェクトな美味しさ……！","啊啊……这根喵洛棒的
经典而又完美的美味……！",translated,凯斯,ab10581d70,br=0 nl=1,2,
inc/event/res/09/me09_02.txt#184#12,……（もぐもぐ）……。,……（咀嚼咀嚼）……。,translated,妮诺,7ebaa27986,br=0 nl=0,1,
inc/event/res/09/me09_02.txt#185#12,"どう？
ニュロスティック、美味しいでしょ！","怎么样？
喵洛棒很好吃吧！",translated,凯斯,adb5dcaddc,br=0 nl=1,2,
inc/event/res/09/me09_02.txt#186#12,……うん……。,……嗯……。,translated,妮诺,66418a1b1e,br=0 nl=0,1,
inc/event/res/09/me09_02.txt#187#12,"美味しいなら美味しいって言うなり
顔に出すなりしなさいってば！","好吃的话就说句好吃，
或者表现在脸上嘛！",translated,凯斯,914b8384ca,br=0 nl=1,2,
inc/event/res/09/me09_02.txt#188#12,……（もぐもぐ）……。,……（咀嚼咀嚼）……。,translated,妮诺,7ebaa27986,br=0 nl=0,1,
inc/event/res/09/me09_02.txt#189#12,はぁあ……。,哈啊……。,translated,凯斯,592f114c69,br=0 nl=0,1,
inc/event/res/09/me09_02.txt#190#12,"ねぇ、聞いていい？
どこから来たの？","呐，我能问问吗？
你是从哪儿来的？",translated,凯斯,e01583444c,br=0 nl=1,2,
inc/event/res/09/me09_02.txt#191#12,……ここじゃない場所。,……不是这里的某个地方。,translated,妮诺,4660d39ba3,br=0 nl=0,1,
inc/event/res/09/me09_02.txt#192#12,"そりゃそうでしょ。
地上？　どこかの{コロン}？","那当然啦。
地上？还是哪个{克隆}？",translated,凯斯,119832033d,br=1 nl=1,2,keep-terms {コロン}
inc/event/res/09/me09_02.txt#192#14,空中に浮かんでいる浮遊都市。ラシェーラには、沢山のコロンが点在しており、裕福な人を中心に沢山の人が住んでいる。<CR><CR>コロンは自治都市となっており、有る程度の条例はコロン毎に決められる。また、ほぼ間違いなくバースト対策が成されており、地上の街のようにバーストに怯えることもない。<CR>逆に、どのコロンも厳しい入居条件があるか、無い場合は倍率1000倍にもなる抽選をくぐり抜けなければ住むことは出来ない。更に入居には莫大な費用がかかる事が殆どで、故に地上に住む人々は、簡単にコロンに移り住む事が出来ないのである。,漂浮在空中的浮游都市。拉榭拉分布着许多克隆，以富裕阶层为中心居住着大量居民。<CR><CR>克隆属于自治都市，一定程度的条例由各克隆自行制定。此外，各克隆几乎必定配备了针对爆炸的防护对策，无需像地上的城镇那样对爆炸提心吊胆。<CR>反之，所有克隆要么有着严苛的入住条件，若无条件则必须通过中签率低至千分之一的抽选方能入住。加之入住大多需要花费巨额费用，因此生活在地上的居民无法轻易搬迁到克隆居住。,translated,凯斯,1df95a02e3,<CR> <CR> <CR> br=0 nl=0,1,keep-tags <CR>; src-longest-line=260
inc/event/res/09/me09_02.txt#193#12,どこでもない。,哪儿都不是。,translated,妮诺,8356355358,br=0 nl=0,1,
inc/event/res/09/me09_02.txt#194#12,"お父さん、お母さんは？
どこかではぐれたの？","爸爸妈妈呢？
在什么地方走散了吗？",translated,凯斯,46200bc9fb,br=0 nl=1,2,
inc/event/res/09/me09_02.txt#195#12,わからない。,不知道。,translated,妮诺,c9eaab3006,br=0 nl=0,1,
inc/event/res/09/me09_02.txt#196#12,"ふむ……困るわねー、
それじゃ探しようがないじゃない。","唔……真头疼呢，
那样的话根本没法找嘛。",translated,凯斯,c3c212f60c,br=0 nl=1,2,
inc/event/res/09/me09_02.txt#197#12,"さっきまでの勢いはどうしちゃったんだよ、
キャス。","刚才那股干劲去哪儿了啊，
凯斯。",translated,阿达,1864260292,br=0 nl=1,2,
inc/event/res/09/me09_02.txt#198#12,うるさいわねー。,要你管啊。,translated,凯斯,9538f69546,br=0 nl=0,1,
inc/event/res/09/me09_02.txt#199#12,"とりあえず腹ごしらえしたらこの辺探して、
それでも見つかんなきゃ係りの人に言って……。","总之填饱肚子后就在这附近找找，
要是还找不到就去跟工作人员说……。",translated,白鹰,cd82d9b61f,br=0 nl=1,2,
inc/event/res/09/me09_02.txt#200#12,必要ない。,没必要。,translated,妮诺,ac9cbd7b06,br=0 nl=0,1,
inc/event/res/09/me09_02.txt#204#12,え？,诶？,translated,阿达・凯斯・白鹰,5590ff8011,br=0 nl=0,1,
inc/event/res/09/me09_02.txt#205#12,いまは、一緒にいてくれればいい。,现在，只要陪着我就行。,translated,妮诺,f5cb9b0b92,br=0 nl=0,1,
inc/event/res/09/me09_02.txt#206#12,そういうわけには……。,那怎么行……。,translated,阿达,9439742363,br=0 nl=0,1,
inc/event/res/09/me09_02.txt#207#12,ところでこの、羊みたいな生き物の絵は何？,话说回来，这个像羊一样的生物画像是什么？,translated,妮诺,a601641a77,br=0 nl=0,1,
inc/event/res/09/me09_02.txt#208#12,へ？,诶？,translated,凯斯,1540f971e9,br=0 nl=0,1,
inc/event/res/09/me09_02.txt#209#12,"お菓子の包装紙にも道にも看板にも、
そこら中にいるけれど。","点心的包装纸上、路上、看板上，
到处都是呢。",translated,妮诺,739f1c8c7b,br=0 nl=1,2,
inc/event/res/09/me09_02.txt#211#12,は？,哈？,translated,凯斯,eeddb85a95,br=0 nl=0,1,
inc/event/res/09/me09_02.txt#212#12,"は？
はっ？","哈？
哈？",translated,凯斯,ba9d610eed,br=0 nl=1,2,
inc/event/res/09/me09_02.txt#213#12,はぁ～～～～っ！！？？,哈啊～～～～！！？？,translated,凯斯,1c3c967a21,br=0 nl=0,1,
inc/event/res/09/me09_02.txt#216#12,"何、何あんた、何なのー！？
ぱれす・にゅろきーるに来ていて、
にゅろきーを知らないですって！？","什、什么，你到底搞什么啊！？
都来到了喵洛基鲁・王宫，
居然会不知道喵洛基！？",translated,凯斯,c852b13d6e,br=0 nl=2,3,
inc/event/res/09/me09_02.txt#217#12,にゅろきーっていうの、これは。,原来这个叫喵洛基啊。,translated,妮诺,4a96d3fa05,br=0 nl=0,1,
inc/event/res/09/me09_02.txt#218#12,"ありえない……。
考えられない……。
理解できない……。","不可思议……。
无法想象……。
难以理解……。",translated,凯斯,f34b9229df,br=0 nl=2,3,
inc/event/res/09/me09_02.txt#219#12,"正確には知らないんじゃなくて、
興味がなかっただけ、だけど。","确切来说不是不知道，
只是以前不感兴趣而已。",translated,妮诺,280d809508,br=0 nl=1,2,
inc/event/res/09/me09_02.txt#220#12,"一緒よ！
ていうか余計悪いっ！","那不是一样嘛！
不如说更恶劣啦！",translated,凯斯,a79a58ff28,br=0 nl=1,2,
inc/event/res/09/me09_02.txt#221#12,"いいわ！
一体何がしたくてぱれす・にゅろきーるへ
来たか知らないけど──","好吧！
虽然不知道你到底是为了什么
才来喵洛基鲁・王宫的――",translated,凯斯,086e86bcfd,br=0 nl=2,3,
inc/event/res/09/me09_02.txt#222#12,"それがはっきりするまで、私がにゅろきーの
魅力をたっっぷり教えてあげるわ！","但在搞清楚之前，就由我把喵洛基的
魅力充――分地传授给你吧！",translated,凯斯,0911869d38,br=0 nl=1,2,
inc/event/res/09/me09_02.txt#244#12,"いい？
にゅろきーはね、羊なんかじゃないの。","听好了？
喵洛基可不是什么羊哦。",translated,凯斯,3721720c20,br=0 nl=1,2,
inc/event/res/09/me09_02.txt#245#12,"にゅろーん星からラシェーラにやってきた、
幸せの王子様なの。","他是从喵隆星来到拉榭拉的、
带来幸福的王子殿下。",translated,凯斯,f40b66b94c,br=0 nl=1,2,
inc/event/res/09/me09_02.txt#246#12,なるほど、そういう設定なのね。,原来如此，是这种人设啊。,translated,妮诺,2d26afba4b,br=0 nl=0,1,
inc/event/res/09/me09_02.txt#247#12,"設定じゃない！
やってきたの！！","不是人设！
是真的来到了这里！！",translated,凯斯,62184826cf,br=0 nl=1,2,
inc/event/res/09/me09_02.txt#248#12,で？,然后呢？,translated,妮诺,89bc351f96,br=0 nl=0,1,
inc/event/res/09/me09_02.txt#249#12,"にゅろきーは私たちに夢と希望を与えるために、
遠い宇宙からやってきた。","喵洛基为了带给我们梦想与希望，
从遥远的宇宙远道而来。",translated,凯斯,ec5cd4b8ed,br=0 nl=1,2,
inc/event/res/09/me09_02.txt#250#12,見てよ、ここにいる人たちの楽しそうな顔。,你看看，这里的人们脸上开心的表情。,translated,凯斯,4d5e2db99e,br=0 nl=0,1,
inc/event/res/09/me09_02.txt#251#12,"地上で絶望に打ちひしがれてる人も、
コロンで寂しく暮らしてる人も──","无论是在地上饱受绝望折磨的人，
还是在克隆中孤独生活的人――",translated,凯斯,3b38c8e2aa,br=0 nl=1,2,
inc/event/res/09/me09_02.txt#252#12,"にゅろきーに会えば、
こーんなに幸せになれるの！！","只要见到喵洛基，
就能变得这――么幸福哦！！",translated,凯斯,6fc8027d33,br=0 nl=1,2,
inc/event/res/09/me09_02.txt#253#12,ふぅん……。,哼……。,translated,妮诺,27f4de9d7c,br=0 nl=0,1,
inc/event/res/09/me09_02.txt#254#12,──でも。,――但是。,translated,妮诺,7e560eaa48,br=0 nl=0,1,
inc/event/res/09/me09_02.txt#255#12,ん？,嗯？,translated,凯斯,612f6299e0,br=0 nl=0,1,
inc/event/res/09/me09_02.txt#256#12,"幸せを与えるって言ったって、
このパークの動力源はシェルノトロンでしょ。","就算你说是带来幸福，
这个乐园的动力源是榭鲁诺特伦吧。",translated,妮诺,07302e469a,br=0 nl=1,2,
inc/event/res/09/me09_02.txt#257#12,"なら、人々を幸せにしてるのは
にゅろきーじゃなくて、
シェルノトロンじゃないの？","那么，给人们带来幸福的
不是喵洛基，
而是榭鲁诺特伦吧？",translated,妮诺,a3e495f25d,br=0 nl=2,3,
inc/event/res/09/me09_02.txt#258#12,そっ、そりゃそうだけど、でも違うの！！,那、那话虽如此，但不是这样的啦！！,translated,凯斯,df20804d76,br=0 nl=0,1,
inc/event/res/09/me09_02.txt#259#12,"確かに、シェルノトロンは生活を便利に
してるかもしれないけど……
でも、悪いことにも使われてる。","诚然，榭鲁诺特伦或许确实
让生活变得便利了……
但也同样被用在了坏事上。",translated,凯斯,d821274746,br=0 nl=2,3,
inc/event/res/09/me09_02.txt#260#12,何より、夢がないっ！,最重要的是，没有梦想！,translated,凯斯,0a64c27edb,br=0 nl=0,1,
inc/event/res/09/me09_02.txt#262#12,"そうだよ。
シェルノトロンだけがあったってダメさ。","就是说啊。
光有榭鲁诺特伦可不行。",translated,阿达,e97ceabcae,br=0 nl=1,2,
inc/event/res/09/me09_02.txt#263#12,"それをどう使うか、楽しいことや
みんなを笑顔にすることに使われなきゃ
意味がねーよ。","怎么去使用它，不用在有趣的事
或者让大家展露笑容上的话，
就毫无意义了啊。",translated,阿达,f4f4090866,br=0 nl=2,3,
inc/event/res/09/me09_02.txt#264#12,"存在そのものに夢があるってイミじゃ、
G2の方が上ッスかねー。","要说存在本身就蕴含梦想的意义，
或许还是Ｇ２更胜一筹吧。",translated,白鹰,ecc40befd3,br=0 nl=1,2,
inc/event/res/09/me09_02.txt#265#12,"ま、それは俺みたいなヤツにとってはッス
けどね。","嘛，虽然这只是针对
我这种人而言的啦。",translated,白鹰,4e4ec79272,br=0 nl=1,2,
inc/event/res/09/me09_02.txt#266#12,"動かしてるのはシェルノトロンかも
しれないけど、みんなを幸せにしてるのは
にゅろきー。わかった？","驱动这一切的或许是榭鲁诺特伦，
但让大家获得幸福的
却是喵洛基。明白了吗？",translated,凯斯,e66d2433ca,br=0 nl=2,3,
inc/event/res/09/me09_02.txt#292#12,それじゃ、にゅろきーは病気の人を治せるの？,那么，喵洛基能治好生病的人吗？,translated,妮诺,8ef2005002,br=0 nl=0,1,
inc/event/res/09/me09_02.txt#293#12,"ここへ来られないような重い病気の人まで、
にゅろきーは幸せにしてくれる？","就连无法来这里的重病患者，
喵洛基也能给他们带来幸福吗？",translated,妮诺,0ff50c800c,br=0 nl=1,2,
inc/event/res/09/me09_02.txt#294#12,シェルノトロンなら治せる。,榭鲁诺特伦就能治好。,translated,妮诺,6ffcfd98e3,br=0 nl=0,1,
inc/event/res/09/me09_02.txt#296#12,"悪いことに使われるのは、
それはシェルノトロンが悪いんじゃない。
使う人の想いが汚いから。","被用于坏事，
那并不是榭鲁诺特伦的错。
是因为使用它的人心思龌龊肮脏。",translated,妮诺,957e75af6e,br=0 nl=2,3,
inc/event/res/09/me09_02.txt#297#12,"それを……シェルノトロンがあるせいで、
なんて責任転嫁よ。","却把它……归咎于榭鲁诺特伦的存在，
根本就是在推卸责任。",translated,妮诺,bffa2b510a,br=0 nl=1,2,
inc/event/res/09/me09_02.txt#299#12,そんな真面目に反論されても……。,就算你这么一本正经地反驳……。,translated,凯斯,c5be47a39f,br=0 nl=0,1,
inc/event/res/09/me09_02.txt#301#12,"まあまあ、ウルゥリィヤちゃん。
みんなちょっと、楽しくて浮かれてる
だけッスよ。","好啦好啦，乌鲁莉亚。
大家只是玩得太开心有些得意忘形了
而已啦。",translated,白鹰,acf88b02a2,br=0 nl=2,3,
inc/event/res/09/me09_02.txt#307#12,"確かに、にゅろきーとシェルノトロンじゃ、
比べるのもおかしい話ッス。","确实，把喵洛基和榭鲁诺特伦
放在一起比本身就很奇怪呢。",translated,白鹰,7fe5b5ba2c,br=0 nl=1,2,
inc/event/res/09/me09_02.txt#308#12,"シリアル番号つきレアフィギュアと
ホットドッグを比べるようなもんス。","就像拿附带序列号的稀有手办
和热狗作比较一样。",translated,白鹰,23d576ddf3,br=0 nl=1,2,
inc/event/res/09/me09_02.txt#309#12,"めったに会えない相手に会える幸せと、
生きるのに必要なモノがあるって幸せは、
全然別物ッスから。","难得能见上一面的人相遇时的幸福，
与拥有生活必需品时的幸福，
完全是两码事嘛。",translated,白鹰,a17d31fb42,br=0 nl=2,3,
inc/event/res/09/me09_02.txt#310#12,"どっちもみんなを幸せにするモノっすよ♪
ね？","两者都是让大家获得幸福的事物哦♪
对吧？",translated,白鹰,8e9f786390,br=0 nl=1,2,
inc/event/res/09/me09_02.txt#312#12,……うん。,……嗯。,translated,妮诺,21d363aba4,br=0 nl=0,1,
inc/event/res/09/me09_02.txt#313#12,"きっと君も、シェルノトロンにどこかで幸せを
与えてもらってるんじゃないスかね。","想必你也肯定在某些地方，
因榭鲁诺特伦而获得过幸福吧。",translated,白鹰,eb3eddd4b1,br=0 nl=1,2,
inc/event/res/09/me09_02.txt#314#12,"……私は、そんなことない。
でも──","……我才没有呢。
不过――",translated,妮诺,e58e9aa429,br=0 nl=1,2,
inc/event/res/09/me09_02.txt#315#12,ありがとう、白鷹。,谢谢你，白鹰。,translated,妮诺,203f356807,br=0 nl=0,1,
inc/event/res/09/me09_02.txt#316#12,へへへ……。,嘿嘿嘿……。,translated,白鹰,a9258ac7b0,br=0 nl=0,1,
inc/event/res/09/me09_02.txt#328#12,"ウルゥリィヤも、にゅろきーのことを
もっと知れば、きっと好きになると思う♪","乌鲁莉亚如果能更多地了解喵洛基，
肯定也会喜欢上他的♪",translated,凯斯,b4d7f1bead,br=0 nl=1,2,
inc/event/res/09/me09_02.txt#329#12,そうかな。,是吗。,translated,妮诺,8b4a6d0002,br=0 nl=0,1,
inc/event/res/09/me09_02.txt#330#12,そうよ！,那是当然！,translated,凯斯,93a1b72f5d,br=0 nl=0,1,
inc/event/res/09/me09_02.txt#331#12,たとえば？,比如呢？,translated,妮诺,eb21a827b5,br=0 nl=0,1,
inc/event/res/09/me09_02.txt#332#12,"うんとね。
にゅろきーは、にゅろきーにしか使えない
いろんな魔法を持ってるの。","我想想哦。
喵洛基拥有许多唯独他
才能使用的各种魔法哦。",translated,凯斯,c3a5af98cc,br=0 nl=2,3,
inc/event/res/09/me09_02.txt#333#12,"ぱれす・にゅろきーるのアトラクションは、
そのにゅろきーの魔法で作られたもの。","喵洛基鲁・王宫里的游乐设施，
就是用喵洛基的魔法制造出来的。",translated,凯斯,1e43baeaa5,br=0 nl=1,2,
inc/event/res/09/me09_02.txt#334#12,"たとえば、そこにある
『にゅろきーのワクワク大迷路！
～その先にあるものは？～』だったら──","比如在那边的
‘喵洛基的心潮澎湃大迷宫！
～在前方的究竟是？～’――",translated,凯斯,d94a5b1e73,br=0 nl=2,3,
inc/event/res/09/me09_02.txt#335#12,"人生に絶望して、自ら死を選ぼうとした人と
出会ったにゅろきーが、彼に与えた魔法の迷路
だって言われてる。","据说那是喵洛基遇到对人生绝望、
试图自行了断的人时，
赐予他的魔法迷宫。",translated,凯斯,86e857c569,br=0 nl=2,3,
inc/event/res/09/me09_02.txt#336#12,死のうとしてる人に……迷路？,对想要寻死的人……给个迷宫？,translated,妮诺,858a13737c,br=0 nl=0,1,
inc/event/res/09/me09_02.txt#337#12,"そう。この迷路の中には人生のすべてが
凝縮されていて、クリアすることができれば──","对。那座迷宫中凝聚了人生的全部，
只要能够通关的话――",translated,凯斯,ea15565231,br=0 nl=1,2,
inc/event/res/09/me09_02.txt#338#12,"これからの人生で何を選べばうまくいくか、
その答えが、全部するする見つかるように
なるってわけ！","今后的人生里该如何选择才能顺利，
关于这个的答案，
就全都能顺顺当当地找出来！",translated,凯斯,46cdc9d803,br=0 nl=2,3,
inc/event/res/09/me09_02.txt#339#12,へぇ……。,诶……。,translated,妮诺,5cfdf30b4d,br=0 nl=0,1,
inc/event/res/09/me09_02.txt#340#12,"でもそれ、もしゴールできなければ
人生失敗ということなんじゃ。","不过要是没能到达终点的话，
岂不就意味着人生失败了吗。",translated,妮诺,17175f89fd,br=0 nl=1,2,
inc/event/res/09/me09_02.txt#341#12,できるのっ！,能通关的！,translated,凯斯,5b85528c75,br=0 nl=0,1,
inc/event/res/09/me09_02.txt#342#12,"そこはにゅろきーの深い愛で、
挑み続ければ必ずゴールまでたどり着ける
ようになってるの！","那里凝聚着喵洛基深沉的爱，
只要坚持不断挑战，就必定能够
到达终点！",translated,凯斯,3ae64ef08e,br=0 nl=2,3,
inc/event/res/09/me09_02.txt#343#12,そんなの、ゲームじゃないし。,那样根本算不上游戏嘛。,translated,妮诺,916b1c3f1d,br=0 nl=0,1,
inc/event/res/09/me09_02.txt#344#12,うぅ～……。,呜呜～……。,translated,凯斯,933fd104a9,br=0 nl=0,1,
inc/event/res/09/me09_02.txt#345#12,でも……おもしろい。,不过……挺有趣的。,translated,妮诺,a44bdb8beb,br=0 nl=0,1,
inc/event/res/09/me09_02.txt#346#12,ほらっ、でしょ？,你看，对吧？,translated,凯斯,0c85d31b68,br=0 nl=0,1,
inc/event/res/09/me09_02.txt#347#12,"そういうくだらないことを考える人がいて、
そのくだらないものが実際ここにある。
おもしろいね。","会有人去琢磨这种无聊的事，
而这种无聊的东西还真真切切存在于此。
真有意思呢。",translated,妮诺,6a0d7a8f80,br=0 nl=2,3,
inc/event/res/09/me09_02.txt#348#12,えへ、えっへへえへえへへへ……。,诶嘿，诶嘿嘿诶嘿诶嘿嘿……。,translated,凯斯,8ceedcfdc8,br=0 nl=0,1,
inc/event/res/09/me09_02.txt#349#12,私、その迷路やってみたい。,我想去玩玩那个迷宫。,translated,妮诺,20ef890dfd,br=0 nl=0,1,
inc/event/res/09/me09_02.txt#350#12,えっ！？,诶！？,translated,凯斯,d0266993ff,br=0 nl=0,1,
inc/event/res/09/me09_02.txt#351#12,"ふふ～ん、わかってきた？
にゅろきーのステキさが！","哼哼～，开始明白了吧？
喵洛基的美妙之处！",translated,凯斯,008da30b2e,br=0 nl=1,2,
inc/event/res/09/me09_02.txt#352#12,興味ある。,我很感兴趣。,translated,妮诺,df8def6ecc,br=0 nl=0,1,
inc/event/res/09/me09_02.txt#353#12,"よろしい！
じゃあ行きましょ、ワクワク大迷路へ！","很好！
那我们走吧，去心潮澎湃大迷宫！",translated,凯斯,16d446132b,br=0 nl=1,2,
inc/event/res/09/me09_02.txt#354#12,"え～、また行くのか？
オレたち、今日もう５回も入ったじゃん！","诶～，还要去吗？
我们今天都已经进去过５次了啊！",translated,阿达,e61d755f2c,br=0 nl=1,2,
inc/event/res/09/me09_02.txt#355#12,"願いごとももう尽きたッスよ……。
そのわりにまだクリアできてないけど。","连愿望都快许光了啊……。
亏得许了那么多却还没通关。",translated,白鹰,851425ab0c,br=0 nl=1,2,
inc/event/res/09/me09_02.txt#356#12,オレたち、ここで待ってるよ。,我们就在这里等着吧。,translated,阿达,946e8df3b3,br=0 nl=0,1,
inc/event/res/09/me09_02.txt#357#12,"だらしないわねー。
そんなんだからクリアできないんでしょっ。","真没出息呢。
就是因为这样你们才通不了关吧。",translated,凯斯,77651a7bef,br=0 nl=1,2,
inc/event/res/09/me09_02.txt#358#12,それはキャスも一緒だろ。,凯斯你还不是一样嘛。,translated,阿达,cae5f91361,br=0 nl=0,1,
inc/event/res/09/me09_02.txt#359#12,"い、いいのっ！
今度こそ、ウルゥリィヤとクリアするんだから！","无、无所谓啦！
这次我一定要和乌鲁莉亚一起通关！",translated,凯斯,508623000f,br=0 nl=1,2,
inc/event/res/09/me09_02.txt#360#12,さっ、行きましょ！,来，我们走！,translated,凯斯,22559b925b,br=0 nl=0,1,
inc/event/res/09/me09_02.txt#361#12,うん。,嗯。,translated,妮诺,d357e9e0ee,br=0 nl=0,1,
inc/event/res/09/me09_02.txt#375#12,"いい？
迷路に入る前に、あんたの夢とか目標とか、
願いごとを思い描くの。","听好了？
在进入迷宫前，要把你的梦想、目标，
或者愿望想象出来。",translated,凯斯,00a0ea00e9,br=0 nl=2,3,
inc/event/res/09/me09_02.txt#376#12,で、にゅろきーが出てきたらそれを言うの！,然后等喵洛基出来的时候就说出来！,translated,凯斯,4c89fcc07f,br=0 nl=0,1,
inc/event/res/09/me09_02.txt#377#12,わかった。,明白了。,translated,妮诺,587a18b61e,br=0 nl=0,1,
inc/event/res/09/me09_02.txt#385#12,みんなー、こんにちはにゅー♪,大家～，你好喵～♪,translated,喵洛基,947d580a3f,br=0 nl=0,1,
inc/event/res/09/me09_02.txt#386#12,"ここは『にゅろきーのワクワク大迷路！
～その先にあるものは？～』
来てくれてありがとにゅー！","这里是‘喵洛基的心潮澎湃大迷宫！
～在前方的究竟是？～’，
谢谢大家前来喵～！",translated,喵洛基,94a8ef6bbc,br=0 nl=2,3,
inc/event/res/09/me09_02.txt#387#12,"それじゃあ、迷路に入る前に
みんなの願いごとを教えてもらうにゅ！","那么在进入迷宫之前，
先告诉我大家的愿望喵！",translated,喵洛基,fae11cab17,br=0 nl=1,2,
inc/event/res/09/me09_02.txt#388#12,"迷路をクリアできたら、
その願いは絶対かなうにゅ！
だからみんな、がんばってにゅー♪","只要能通关迷宫，
那个愿望就一定会实现喵！
所以大家，都要加油喵～♪",translated,喵洛基,8c0daa75d8,br=0 nl=2,3,
inc/event/res/09/me09_02.txt#397#12,それじゃ、まずは君からにゅ♪,那么，首先从你开始喵♪,translated,喵洛基,2db22b576c,br=0 nl=0,1,
inc/event/res/09/me09_02.txt#398#12,えっ、私！？,诶，我！？,translated,凯斯,b8770ed174,br=0 nl=0,1,
inc/event/res/09/me09_02.txt#399#12,"そうにゅ♪
さぁ、どんなお願いをするのかな？","是的喵♪
来，你会许什么愿望呢？",translated,喵洛基,270ea400a1,br=0 nl=1,2,
inc/event/res/09/me09_02.txt#400#12,"えと、えと、……ご、ごほん。
私の願いごとは──。","那个，那个……咳、咳咳。
我的愿望是――",translated,凯斯,8d202db2f1,br=0 nl=1,2,
inc/event/res/09/me09_02.txt#401#12,"カッコイイ王子様と結婚して、
ステキなお城で召し使いに囲まれて、
毎日左うちわで楽しく暮らすことー！","和帅气的王子殿下结婚，
在豪华的城堡里被仆人簇拥着，
每天无忧无虑悠哉游哉地生活――！",translated,凯斯,c65cc43b03,br=0 nl=2,3,
inc/event/res/09/me09_02.txt#402#12,あれ、ター坊と結婚するんじゃないのね。,咦，原来不是和阿达结婚啊。,translated,妮诺,089b672cd2,br=0 nl=0,1,
inc/event/res/09/me09_02.txt#403#12,"なっ、ちょっ、何言ってんのよっ！
何でそんなこと！","什、等等，你在胡说什么呀！
怎么可能会那样！",translated,凯斯,dcd998a7f1,br=0 nl=1,2,
inc/event/res/09/me09_02.txt#404#12,"言ってみただけ。
どうしたの、そんなに顔を赤くして。","我只是随口说说而已。
你怎么了，脸红成那样。",translated,妮诺,abea48f0ae,br=0 nl=1,2,
inc/event/res/09/me09_02.txt#405#12,もうっ、し、知らない！,真是的，我、我不管你了！,translated,凯斯,b675ea23a7,br=0 nl=0,1,
inc/event/res/09/me09_02.txt#406#12,"あはははっ♪
じゃあお隣の君。
願いごとは何かにゅ？","啊哈哈哈♪
那么旁边的那位小朋友。
你的愿望是什么喵？",translated,喵洛基,c1a1e2a695,br=0 nl=2,3,
inc/event/res/09/me09_02.txt#408#12,"……自分の家に還れますように。
今度は、ちゃんと。","……希望我能回到自己的家。
这一次，好好地回去。",translated,妮诺,54f3ebfc90,br=0 nl=1,2,
inc/event/res/09/me09_02.txt#410#12,"それは大丈夫、任せなさい！
あんたは必ず、私がお父さんお母さんを
探してあげるわ。","那个包在我身上，放心吧！
我一定会帮你找到爸爸妈妈的。",translated,凯斯,c91c486327,br=0 nl=2,3,
inc/event/res/09/me09_02.txt#413#12,"うふふっ、仲良しだにゅ♪
ほかのみんなも、願いごとを強く心に
想ってにゅ。","呵呵呵，感情真好喵♪
其他小朋友也要在心里
强烈地祈愿喵。",translated,喵洛基,24cb95366f,br=0 nl=2,3,
inc/event/res/09/me09_02.txt#414#12,じゃあみんな、制限時間以内でクリアしようね♪,那么大家，争取在限制时间内通关哦♪,translated,喵洛基,a9aaec481a,br=0 nl=0,1,
inc/event/res/09/me09_02.txt#415#12,"頑張って時間内でクリアして、
にゅろきーと手をつないで
一緒に幸せの虹の上を渡ろうにゅ～♪","努力在时间内通关，
和喵洛基手牵手，
一起跨越幸福的彩虹桥喵～♪",translated,喵洛基,70d4e73be2,br=0 nl=2,3,
inc/event/res/09/me09_02.txt#419#12,"それじゃあ、『にゅろきーのワクワク大迷路！
～その先にあるものは？～』スタートにゅ！","那么，‘喵洛基的心潮澎湃大迷宫！
～在前方的究竟是？～’开始喵！",translated,喵洛基,593417d125,br=0 nl=1,2,
inc/event/res/09/me09_02.txt#442#12,"さぁ行くわよ。
まずはこっち！","好，我们走。
先走这边！",translated,凯斯,fa48741dd4,br=0 nl=1,2,
inc/event/res/09/me09_02.txt#443#12,根拠は？,根据是？,translated,妮诺,baeff61a0b,br=0 nl=0,1,
inc/event/res/09/me09_02.txt#444#12,カンよ！,直觉！,translated,凯斯,b90f7ec948,br=0 nl=0,1,
inc/event/res/09/me09_02.txt#445#12,だろうと思った。,我就知道。,translated,妮诺,45e4ca91dc,br=0 nl=0,1,
inc/event/res/09/me09_02.txt#466#12,今度はどっち。,这次走哪边。,translated,妮诺,1dfd71485d,br=0 nl=0,1,
inc/event/res/09/me09_02.txt#467#12,ん～、あっち！,唔～，那边！,translated,凯斯,6de2d2fd66,br=0 nl=0,1,
inc/event/res/09/me09_02.txt#468#12,違う。,不对。,translated,妮诺,79adbc93c3,br=0 nl=0,1,
inc/event/res/09/me09_02.txt#482#12,違うって何よ！,什么不对啊！,translated,凯斯,9b6246e2ef,br=0 nl=0,1,
inc/event/res/09/me09_02.txt#483#12,そこ、さっき通った。,那里刚才走过了。,translated,妮诺,6814d2760e,br=0 nl=0,1,
inc/event/res/09/me09_02.txt#484#12,いいじゃん、その先でまた別の道に進めば！,有什么关系嘛，走到前面再换别的路走！,translated,凯斯,dce9a2e4d5,br=0 nl=0,1,
inc/event/res/09/me09_02.txt#498#12,それじゃ堂々巡り。,那样只是在原地打转。,translated,妮诺,c5c56e793d,br=0 nl=0,1,
inc/event/res/09/me09_02.txt#499#12,じゃどっち？,那走哪边？,translated,凯斯,05faf8dc9a,br=0 nl=0,1,
inc/event/res/09/me09_02.txt#501#12,あっち。,那边。,translated,妮诺,2d5878665e,br=0 nl=0,1,
inc/event/res/09/me09_02.txt#502#12,よし！,好！,translated,凯斯,16c794c4ab,br=0 nl=0,1,
inc/event/res/09/me09_02.txt#516#12,次は？,接下来呢？,translated,凯斯,f47f044004,br=0 nl=0,1,
inc/event/res/09/me09_02.txt#518#12,ちょっと！,喂！,translated,凯斯,092039990d,br=0 nl=0,1,
inc/event/res/09/me09_02.txt#519#12,"迷った。
当てがはずれた。","迷路了。
料想落空了。",translated,妮诺,3c401d2fbd,br=0 nl=1,2,
inc/event/res/09/me09_02.txt#533#12,何よぅ、私のカンと変わらないじゃない！,什么嘛，跟我的直觉也没差多少嘛！,translated,凯斯,e61c142646,br=0 nl=0,1,
inc/event/res/09/me09_02.txt#534#12,"そんなことない。
曲がり角の数とか考えて……。","才没有。
我是考虑了拐弯的次数之类的……。",translated,妮诺,9403935970,br=0 nl=1,2,
inc/event/res/09/me09_02.txt#535#12,でもわかんなくなったんでしょ。,但最后还不是搞不清楚了嘛。,translated,凯斯,a477018e36,br=0 nl=0,1,
inc/event/res/09/me09_02.txt#536#12,うん。,嗯。,translated,妮诺,d357e9e0ee,br=0 nl=0,1,
inc/event/res/09/me09_02.txt#537#12,"も～！
それじゃ私と一緒じゃない！","真是的～！
那不是跟我半斤八两嘛！",translated,凯斯,5e18978358,br=0 nl=1,2,
inc/event/res/09/me09_02.txt#551#12,"手分けしよう。
まっすぐ行ったら元の場所に
戻っちゃうだけだから──","分头行动吧。
一直往前走的话只会回到原来的地方――",translated,妮诺,3ff05bbf68,br=0 nl=2,3,
inc/event/res/09/me09_02.txt#552#12,"あなたは右。私は左。
角は全部左に曲がって、３つ曲がったら
ここへ戻る。いい？","你往右，我往左。
在拐角全部左拐，拐过３个弯之后
就回到这里。可以吗？",translated,妮诺,0dc120a41b,br=0 nl=2,3,
inc/event/res/09/me09_02.txt#553#12,それでどうするの？,然后怎么做呢？,translated,凯斯,270ad2a3ea,br=0 nl=0,1,
inc/event/res/09/me09_02.txt#554#12,分岐の数を全部数えてきて。,把所有的岔路数量数一遍回来。,translated,妮诺,4bcdea52b1,br=0 nl=0,1,
inc/event/res/09/me09_02.txt#555#12,わかった！,明白了！,translated,凯斯,ce1338c0e3,br=0 nl=0,1,
inc/event/res/09/me09_02.txt#599#12,どうだった？,怎么样了？,translated,妮诺,27365de0dc,br=0 nl=0,1,
inc/event/res/09/me09_02.txt#600#12,４つ！,４个！,translated,凯斯,196a8fc9a7,br=0 nl=0,1,
inc/event/res/09/me09_02.txt#601#12,私の方は６つだった。,我这边是６个。,translated,妮诺,3a56ccf2b7,br=0 nl=0,1,
inc/event/res/09/me09_02.txt#602#12,じゃあそっちの方が可能性あるのね！,那么你那边更有希望呢！,translated,凯斯,88de92703e,br=0 nl=0,1,
inc/event/res/09/me09_02.txt#603#12,"うぅん、逆。
そのうち３つは通ったことがあった。","不，正好相反。
其中有３个是曾经走过的。",translated,妮诺,90f3996065,br=0 nl=1,2,
inc/event/res/09/me09_02.txt#604#12,右の方へ行こう！,往右边走吧！,translated,妮诺,a3668d614f,br=0 nl=0,1,
inc/event/res/09/me09_02.txt#605#12,"ふふっ、あんたちょっと元気になったわね。
ノリノリ？","呵呵，你好像变得有点精神了呢。
兴致很高？",translated,凯斯,1a776ed521,br=0 nl=1,2,
inc/event/res/09/me09_02.txt#606#12,え？,诶？,translated,妮诺,5590ff8011,br=0 nl=0,1,
inc/event/res/09/me09_02.txt#607#12,"みんなー、迷路は解けそうかにゅ？
制限時間はあと１０分にゅ！
がんばるにゅ～～♪","大家～，能走出迷宫吗喵？
限制时间还剩１０分钟喵！
加油喵～～♪",translated,喵洛基,895793b014,br=0 nl=2,3,
inc/event/res/09/me09_02.txt#608#12,いけない！,糟了！,translated,凯斯,5aba0a7403,br=0 nl=0,1,
inc/event/res/09/me09_02.txt#609#12,急ごう！,快点走！,translated,妮诺,d35500f4c7,br=0 nl=0,1,
inc/event/res/09/me09_02.txt#620#12,わ、ちょ……！,哇，等等……！,translated,凯斯,423ad0aa64,br=0 nl=0,1,
inc/event/res/09/me09_02.txt#634#12,あっ！,啊！,translated,凯斯,092801cb15,br=0 nl=0,1,
inc/event/res/09/me09_02.txt#635#12,出口！,出口！,translated,妮诺,437e4dfdff,br=0 nl=0,1,
inc/event/res/09/me09_02.txt#637#12,急いで、ウルゥリィヤ！,快点，乌鲁莉亚！,translated,凯斯,763b0d987f,br=0 nl=0,1,
inc/event/res/09/me09_02.txt#638#12,キャスも。,凯斯也是。,translated,妮诺,c74dd6fe97,br=0 nl=0,1,
inc/event/res/09/me09_02.txt#664#12,はぁ……はぁ……。,哈啊……哈啊……。,translated,妮诺,f4425f636a,br=0 nl=0,1,
inc/event/res/09/me09_02.txt#665#12,"はぁ……はぁ……。
ま、間に合ったの……？","哈啊……哈啊……。
赶、赶上了吗……？",translated,凯斯,41f1649b57,br=0 nl=1,2,
inc/event/res/09/me09_02.txt#678#12,おめでとうにゅ～～！,恭喜你们喵～～！,translated,喵洛基,4577d8fc8c,br=0 nl=0,1,
inc/event/res/09/me09_02.txt#681#12,えっ？？,诶？？,translated,凯斯・乌鲁莉亚,e9924ebfcb,br=0 nl=0,1,
inc/event/res/09/me09_02.txt#682#12,"ふたりは制限時間内に出口に
たどり着いたにゅ！",两位在限制时间内到达出口了喵！,translated,喵洛基,935bb11e85,br=0 nl=1,2,
inc/event/res/09/me09_02.txt#683#12,"『にゅろきーのワクワク大迷路！
～その先にあるものは？～』
クリアにゅ～～♪♪","‘喵洛基的心潮澎湃大迷宫！
～在前方的究竟是？～’
成功通关喵～～♪♪",translated,喵洛基,711b906d58,br=0 nl=2,3,
inc/event/res/09/me09_02.txt#686#12,やったぁ～！！,太好啦～！！,translated,凯斯・乌鲁莉亚,5a52f67d9f,br=0 nl=0,1,
inc/event/res/09/me09_02.txt#687#12,"ついにやったわ、初めてのクリアー！
ウルゥリィヤ、ありがと！！","终于做到了，第一次通关――！
乌鲁莉亚，谢谢你！！",translated,凯斯,a4fd9e1576,br=0 nl=1,2,
inc/event/res/09/me09_02.txt#688#12,私もとっても楽しかった。,我也觉得非常开心。,translated,妮诺,ed292c48a3,br=0 nl=0,1,
inc/event/res/09/me09_02.txt#691#12,うふふ……あははは……。,呵呵呵……啊哈哈哈……。,translated,凯斯・乌鲁莉亚,7b8efb20e1,br=0 nl=0,1,
inc/event/res/09/me09_02.txt#692#12,"それじゃあふたりとも、
にゅろきーと手をつないで、
一緒に虹の橋を渡ろうにゅ～！","那么两位，和喵洛基手牵手，
一起跨越彩虹桥吧喵～！",translated,喵洛基,e4113345d8,br=0 nl=2,3,
inc/event/res/09/me09_02.txt#695#12,はぁ～い♪♪,好――的♪♪,translated,凯斯・乌鲁莉亚,8e48654568,br=0 nl=0,1,
inc/event/res/09/me09_02.txt#696#12,これできっと、あんたの願いもかなうわ。,这样一来，你的愿望也一定会实现的。,translated,凯斯,5d3ecfdd73,br=0 nl=0,1,
inc/event/res/09/me09_02.txt#697#12,うん。だといいけど……。,嗯。要是那样就好了……。,translated,妮诺,b9f735b4c9,br=0 nl=0,1,
inc/event/res/09/me09_02.txt#698#12,"キャス、にゅろきーの良さも
わかってきた気がする。","凯斯，我感觉自己有点
理解喵洛基的好处了。",translated,妮诺,750f09e50c,br=0 nl=1,2,
inc/event/res/09/me09_02.txt#699#12,きゃあっ、でしょでしょー？,呀啊，对吧对吧？,translated,凯斯,dc2b9bce44,br=0 nl=0,1,
inc/event/res/09/me09_02.txt#700#12,"ぱれす・にゅろきーるを回って、
もっともーっと、教えてあげる！
覚悟しときなさいよねっ。","在喵洛基鲁・王宫里转转，
我会教你更――多东西的！
你可要做好心理准备哦。",translated,凯斯,3fd595aa6c,br=0 nl=2,3,
inc/event/res/09/me09_02.txt#701#12,ええ……わかった。,嗯……我知道了。,translated,妮诺,e8cec8eeed,br=0 nl=0,1,
inc/event/res/09/me09_02.txt#715#12,おかえり。,欢迎回来。,translated,阿达,91c9b7a032,br=0 nl=0,1,
inc/event/res/09/me09_02.txt#716#12,"おかえりッス！
楽しめたッスか？","欢迎回来！
玩得开心吗？",translated,白鹰,86f3d99048,br=0 nl=1,2,
inc/event/res/09/me09_02.txt#717#12,"ふっふ～ん♪
なんと……。","哼哼～♪
你们猜怎么着……。",translated,凯斯,5e20288075,br=0 nl=1,2,
inc/event/res/09/me09_02.txt#718#12,私たち、クリアしたの～！,我们通关啦～！,translated,凯斯,7c01b6694d,br=0 nl=0,1,
inc/event/res/09/me09_02.txt#719#12,えぇっ！？,诶诶！？,translated,阿达,7ebec1c9d2,br=0 nl=0,1,
inc/event/res/09/me09_02.txt#720#12,マジッスか！？,真的假的啊！？,translated,白鹰,50c54a336a,br=0 nl=0,1,
inc/event/res/09/me09_02.txt#721#12,ま、ざっとこんなものよ♪,哼，小菜一碟啦♪,translated,凯斯,d3166decdb,br=0 nl=0,1,
inc/event/res/09/me09_02.txt#722#12,ひぇ～……。,诶～……。,translated,阿达,9045cdc395,br=0 nl=0,1,
inc/event/res/09/me09_02.txt#723#12,"じゃあウルゥリィヤちゃんは初挑戦で
いきなりクリアなんスね！
楽しかった？","这么说乌鲁莉亚是第一次挑战
就直接通关了啊！
好玩吗？",translated,白鹰,7eb5252d0f,br=0 nl=2,3,
inc/event/res/09/me09_02.txt#724#12,"そうね……。
楽しかったかどうかといえば
どちらかっていうと。","是呢……。
要说开不开心的话，
硬要选的话。",translated,妮诺,3b25cf08a0,br=0 nl=2,3,
inc/event/res/09/me09_02.txt#725#12,"もうっ、ごにょごにょ言っちゃってー。
大はしゃぎだったじゃない。","真是的，在那儿吞吞吐吐的。
刚才明明高兴得不行嘛。",translated,凯斯,96d2e1c700,br=0 nl=1,2,
inc/event/res/09/me09_02.txt#726#12,そんなことはない…。,哪有这回事……。,translated,妮诺,24dba99895,br=0 nl=0,1,
inc/event/res/09/me09_02.txt#730#12,あっ！,啊！,translated,凯斯,092801cb15,br=0 nl=0,1,
inc/event/res/09/me09_02.txt#731#12,キャス、これは？,凯斯，这是什么？,translated,阿达,d7d5ce4701,br=0 nl=0,1,
inc/event/res/09/me09_02.txt#732#12,パレードよ、パレードの始まる合図！,是游行啦，游行开始的信号！,translated,凯斯,f4a5c09aac,br=0 nl=0,1,
inc/event/res/09/me09_02.txt#733#12,"パレー、ド……？
って、何？","游、行……？
是指什么？",translated,妮诺,c35eac9c85,br=0 nl=1,2,
inc/event/res/09/me09_02.txt#734#12,あ、あんた、パレード見たことないの！？,你、你居然没看过游行！？,translated,凯斯,faa4d88041,br=0 nl=0,1,
inc/event/res/09/me09_02.txt#735#12,うん。,嗯。,translated,妮诺,d357e9e0ee,br=0 nl=0,1,
inc/event/res/09/me09_02.txt#736#12,"パレードっていうのはぁ、……って、
口で言うより見た方が早いわ！","所谓的游行呢……哎呀，
与其用嘴说不如亲眼去看更快！",translated,凯斯,b2f663325f,br=0 nl=1,2,
inc/event/res/09/me09_02.txt#737#12,"ぱれす・にゅろきーるのパレード……
どんなんなんスかねぇ？","喵洛基鲁・王宫的游行……
会是什么样的呢？",translated,白鹰,9dc245cad5,br=0 nl=1,2,
inc/event/res/09/me09_02.txt#738#12,"きっととんでもなく楽しいはずよ！
良い場所取りに、早く行きましょ！","肯定好玩得不得了！
为了占个好位置，快点走吧！",translated,凯斯,9277ba45cb,br=0 nl=1,2,
inc/event/res/09/me09_02.txt#739#12,よーし、みんなダーッシュ！,好――大家快冲！,translated,阿达,aca472d9bf,br=0 nl=0,1,
inc/event/res/09/me09_02.txt#758#12,"いやー、スッゲかったッスパレード！！
{プラネタリー・メゾン}のショーも
かすんじまうッス！","哎呀，游行真是太赞了！！
就连{行星公馆}的表演
都相形见绌了！",translated,白鹰,6d5ef7604c,br=1 nl=2,3,keep-terms {プラネタリー・メゾン}
inc/event/res/09/me09_02.txt#758#14,『星降る夜』というものに憧れを持った資産家が作った巨大な花を模したコロン。<CR>外側から見ると花弁のように見えるが、バーストが近づくか一日の半分は花弁が閉じ夜モードとなる。<CR>そして夜モードのプラネタリー・メゾンの内側には満天の星空が描き出される。<CR>ラシェーラの太陽は赤色巨星になっており、夜でも星を見ることはできない。しかしプラネタリー・メゾンではかつてそうであったと言われる『星空』が再現されており、ラシェーラにおいて唯一『夜の商売』が発達したコロンである。<CR>ネイはこのプラネタリー・メゾンで踊り子として働き、彼女の自宅もここにある。,由憧憬“繁星降临之夜”的资本家建造的、仿照巨大花朵形态的克隆。<CR>从外部望去宛如花瓣，每当爆炸临近或是一天的半数时间，花瓣便会合拢转入夜间模式。<CR>而在夜间模式下的行星公馆内侧，则会描绘出满天星空。<CR>拉榭拉的太阳如今已演化为红巨星，即便入夜也无法仰望繁星。然而在行星公馆中，却再现了据传往昔曾有过的“星空”，也是拉榭拉唯一发展出“夜间风俗产业”的克隆。<CR>内依便是在这座行星公馆中作为舞者工作，她的住所也位于此处。,translated,白鹰,5d39c3d900,<CR> <CR> <CR> <CR> br=0 nl=0,1,keep-tags <CR>; src-longest-line=278
inc/event/res/09/me09_02.txt#759#12,"オレ、あんなぴっかぴかの
パレード見たことねぇぜ！","我可从来没见过
那么闪闪发光的游行啊！",translated,阿达,74df53d2c4,br=0 nl=1,2,
inc/event/res/09/me09_02.txt#760#12,"もぅサイッコーだったぁ！！
幸せ……もー死んでもいい……。","真是太棒了――！！
好幸福……现在死了也值了……。",translated,凯斯,6fb5316e43,br=0 nl=1,2,
inc/event/res/09/me09_02.txt#761#12,キャス、それさっきも言ってたぜ？,凯斯，你刚才也说过这句话了吧？,translated,阿达,d586665876,br=0 nl=0,1,
inc/event/res/09/me09_02.txt#762#12,"そのくらい感動したってことっ。
ウルゥリィヤ、どうだった？","说明我就是有那么感动嘛。
乌鲁莉亚，你觉得怎么样？",translated,凯斯,76c3e478e0,br=0 nl=1,2,
inc/event/res/09/me09_02.txt#772#12,……よかった。すごく。,……很好。非常棒。,translated,妮诺,ac1f75529b,br=0 nl=0,1,
inc/event/res/09/me09_02.txt#773#12,きゃー、だよねー♪,呀，对吧对吧♪,translated,凯斯,95363fb740,br=0 nl=0,1,
inc/event/res/09/me09_02.txt#774#12,"知ってたけど、初めて自分の目で見た。
想像してたのより、ずっとずっとすごかった……。","虽然早知道，但这还是第一次亲眼目睹。
比想象中的还要厉害得多得多……。",translated,妮诺,b116616324,br=0 nl=1,2,
inc/event/res/09/me09_02.txt#775#12,知ってた？　って？,早知道？什么意思？,translated,凯斯,fdbe3e2394,br=0 nl=0,1,
inc/event/res/09/me09_02.txt#776#12,何でもない。,没什么。,translated,妮诺,469ef9e4e5,br=0 nl=0,1,
inc/event/res/09/me09_02.txt#777#12,ふぅん……？,哼……？,translated,凯斯,ec4cfe0935,br=0 nl=0,1,
inc/event/res/09/me09_02.txt#787#12,"やっぱアレだな、ひとりよりふたり、
ふたりよりみんなで見た方が、
こーゆーのは楽しいなっ！","果然还是那样啊，比起一个人两个人更好，
比起两个人大家一起看，
这种活动才更开心啊！",translated,阿达,d265738adc,br=0 nl=2,3,
inc/event/res/09/me09_02.txt#788#12,"よーしっ、それではこれより、
入団式を始めるー！","好――那么自此刻起，
开始举行入团仪式――！",translated,阿达,a594a28c53,br=0 nl=1,2,
inc/event/res/09/me09_02.txt#789#12,にゅうだんしき……？,入团仪式……？,translated,凯斯,c6bb4bd429,br=0 nl=0,1,
inc/event/res/09/me09_02.txt#790#12,"『目指せ皇帝！　{救星イオン応援団}』に、
ウルゥリィヤと白鷹の加入を認めよう！","我批准乌鲁莉亚与白鹰加入
‘目标是皇帝！{救星依恩应援团}’！",translated,阿达,466590564c,br=1 nl=1,2,keep-terms {救星イオン応援団}
inc/event/res/09/me09_02.txt#790#14,万寿沙羅で出会ったター坊、キャス、プラム、そしてイオンのチーム、それが救星イオン応援団である。<CR>元々は超輝工冒険団という名称だったが、天文の皇女であるイオンが加入したことにより、ター坊が半ば強引に改名した。それによりイオンに対して不信感を抱いていたキャスが反発、その仲直りをする前にプラムがシェルの剥落によって亡くなってしまうなど、一時は崩壊寸前まで追い詰められたが、キャスの頑張りやイオンの活躍もあって、現在ではイオンにとって心の支えの１つになっている。,在万寿沙罗相遇的塔房、凯斯、布拉姆以及依恩组成的团队，那便是救星依恩应援团。<CR>原本名为超辉工冒险团，但随着天文皇女依恩的加入，塔房半强迫地将其改了名。这导致对依恩心存不信任的凯斯产生抵触，在两人和好之前布拉姆又因榭鲁剥落而不幸离世，队伍一度被逼入崩溃边缘。但在凯斯的努力与依恩的活跃下，如今已成为了依恩心中的精神支柱之一。,translated,阿达,7059a16e23,<CR> br=0 nl=0,1,keep-tags <CR>; src-longest-line=231
inc/event/res/09/me09_02.txt#791#12,あんた、また……。,你这家伙，又来了……。,translated,凯斯,b9c6d58df1,br=0 nl=0,1,
inc/event/res/09/me09_02.txt#792#12,救星……？,救星……？,translated,妮诺,42f5a30030,br=0 nl=0,1,
inc/event/res/09/me09_02.txt#793#12,イオンちゃんの……？,依恩的……？,translated,白鹰,f3e6e06a1a,br=0 nl=0,1,
inc/event/res/09/me09_02.txt#794#12,"そう！　イオンを応援して、ラシェーラの
{グランフェニックス計画}を成功させる、
グレイトでマーベラスな組織だ！","没错！就是为依恩加油应援，
使拉榭拉的{大凤凰计划}获得成功的、
伟大而奇妙的组织！",translated,阿达,0eb2ff228e,br=1 nl=2,3,keep-terms {グランフェニックス計画}
inc/event/res/09/me09_02.txt#794#14,天文が推進するラシェーラ救済計画の名称。<CR>地文が掲げるセーブ・ベゼルは、現在のラシェーラを<CR>再生される計画であるのに対して、グランフェニックス計画はラシェーラをエネルギーに変換し、超長距離空間移動を行う計画である。<CR>当然ながら、そのワープ先は人間や動物たちが住める、ラシェーラ住民にとって第二の故郷となる惑星でなければならない。なぜならエネルギーとなるラシェーラは<CR>一つしか存在せず、空間移動は一度しかできないからである。あまりにも壮大な計画かつ、ラシェーラを破壊しなければいけないため、民衆からの反発も大きかったが計画の要であるシーカーが見つかり、現在では多くの<CR>天文派から支持を得ていた。,天文推进的拉榭拉救济计划的名称。<CR>相较于地文主张的旨在重塑当前拉榭拉的<CR>存档贝捷尔，大凤凰计划是将拉榭拉转化为能源，进行超长距离空间移动的计划。<CR>理所当然，跃迁的目的地必须是适宜人类与动物居住、能成为拉榭拉居民第二故乡的行星。因为作为能源的拉榭拉<CR>仅有一颗，空间移动也仅能进行一次。由于计划过于壮阔，且必须毁灭拉榭拉，曾一度遭到民众的强烈反对，但随着作为计划核心的探索者被发现，如今已获得众多<CR>天文派人士的支持。,translated,阿达,ad4afa062d,<CR> <CR> <CR> <CR> <CR> br=0 nl=0,1,keep-tags <CR>; src-longest-line=311
inc/event/res/09/me09_02.txt#795#12,"いまのメンバーは、イオン、オレ、キャス、
サーリ、あと、死んじまったけど、プラム。","现在的成员有依恩、我、凯斯、
莎丽，还有虽然已经去世了的布拉姆。",translated,阿达,d217767b19,br=0 nl=1,2,
inc/event/res/09/me09_02.txt#796#12,ウルゥリィヤが６人目、白鷹が７人目だ！,乌鲁莉亚是第６人，白鹰是第７人！,translated,阿达,97c36eb35f,br=0 nl=0,1,
inc/event/res/09/me09_02.txt#797#12,"あはは。俺はもともとイオンちゃんの
私設応援団ッスから！
むしろ入れてもらわねーと♪","啊哈哈。我原本就是依恩的
后援会成员嘛！
不如说理应让我加入才对♪",translated,白鹰,66d1269335,br=0 nl=2,3,
inc/event/res/09/me09_02.txt#798#12,"プラムと同じ応援団の一員なんて、
嬉しいッス！","能和布拉姆成为同一个应援团的成员，
我太高兴了！",translated,白鹰,4015c0a82f,br=0 nl=1,2,
inc/event/res/09/me09_02.txt#799#12,どうして私を入れてくれるの？,为什么要把我加进来？,translated,妮诺,a6bf7d1905,br=0 nl=0,1,
inc/event/res/09/me09_02.txt#800#12,そりゃあお前、友達だからさ！,那还用说嘛，因为我们是朋友啊！,translated,阿达,9f9654cd4c,br=0 nl=0,1,
inc/event/res/09/me09_02.txt#801#12,友達？,朋友？,translated,妮诺,48eecdc4dd,br=0 nl=0,1,
inc/event/res/09/me09_02.txt#802#12,そ♪,对♪,translated,阿达,222a8c359d,br=0 nl=0,1,
inc/event/res/09/me09_02.txt#803#12,でも、まださっき会ったばかり。,可是，我们才刚刚认识不久。,translated,妮诺,78186870e0,br=0 nl=0,1,
inc/event/res/09/me09_02.txt#804#12,"何言ってんだよ、一緒に遊んだんだから
もう友達だよ。","你说什么呢，既然一起玩过了
就已经是朋友了呀。",translated,阿达,8eef031aa2,br=0 nl=1,2,
inc/event/res/09/me09_02.txt#805#12,"それに、友達になっとけば、
ウルゥリィヤの母ちゃんが見つかって
ここで別れても、また一緒に遊べるだろ？","而且，只要成为了朋友，
就算找到了乌鲁莉亚的妈妈、
在这里分别了，以后也能一起玩对吧？",translated,阿达,bd187a9238,br=0 nl=2,3,
inc/event/res/09/me09_02.txt#806#12,な、キャス？,对吧，凯斯？,translated,阿达,9ae9b41ce4,br=0 nl=0,1,
inc/event/res/09/me09_02.txt#807#12,"そうね。
ま、特別にあんたたちの入団を認めるわ。","是呢。
嘛，我就特别批准你们入团吧。",translated,凯斯,935d8f38c5,br=0 nl=1,2,
inc/event/res/09/me09_02.txt#808#12,おぉ！？,哦哦！？,translated,阿达,27cb6edff5,br=0 nl=0,1,
inc/event/res/09/me09_02.txt#809#12,"ぜってーごねるって思ってフッたのに！
お前、イオンのときもサーリのときも
あんなに文句言って……。","我还以为你绝对会闹别扭才问你的！
你这家伙，依恩那时候也是莎丽那时候也是，
抱怨了那么多……。",translated,阿达,b53e09c650,br=0 nl=2,3,
inc/event/res/09/me09_02.txt#810#12,"白鷹は、いままでの功績を認めて。
ウルゥリィヤは、にゅろきーを理解しあった
同志だから。","白鹰是因为认可他至今的功绩。
而乌鲁莉亚，则是互相理解了喵洛基的
同志。",translated,凯斯,b73f9bfd66,br=0 nl=2,3,
inc/event/res/09/me09_02.txt#811#12,"そ、そーか……ま、素直なのは
いいことだ、キャス！","这、这样啊……嘛，坦率一点
是好事嘛，凯斯！",translated,阿达,7b60385e3c,br=0 nl=1,2,
inc/event/res/09/me09_02.txt#812#12,たまにはねっ。,偶尔也得坦率一次嘛。,translated,凯斯,652860ebb1,br=0 nl=0,1,
inc/event/res/09/me09_02.txt#813#12,……ありがとう。,……谢谢你们。,translated,妮诺,12f426d1a8,br=0 nl=0,1,
inc/event/res/09/me09_02.txt#814#12,"いいってことよ！
期待してるぜ？　わはははは……。","不用客气啦！
我很看好你们哦？哇哈哈哈哈……。",translated,阿达,476d863ae8,br=0 nl=1,2,
inc/event/res/09/me09_02.txt#815#12,"それで？
入団したら何をするの？","然后呢？
入团之后要做什么？",translated,妮诺,43085fd56d,br=0 nl=1,2,
inc/event/res/09/me09_02.txt#816#12,わははは……は？,哇哈哈哈……哈？,translated,阿达,72756df4eb,br=0 nl=0,1,
inc/event/res/09/me09_02.txt#817#12,えー、っと……？,额……那个……？,translated,阿达,1333841230,br=0 nl=0,1,
inc/event/res/09/me09_02.txt#818#12,一緒に、いろんなことをやってくのっ。,就是大家一起，去尝试各种各样的事啦。,translated,凯斯,bcf4d42fe2,br=0 nl=0,1,
inc/event/res/09/me09_02.txt#819#12,"いろんなこと？
どんな？","各种各样的事？
比如什么样的？",translated,妮诺,5c0fc0f646,br=0 nl=1,2,
inc/event/res/09/me09_02.txt#820#12,"そこは重要じゃないの。
大事なのは、一緒に、ってとこ。","那些并不重要。
最重要的是“在一起”这一点。",translated,凯斯,dce1e71c20,br=0 nl=1,2,
inc/event/res/09/me09_02.txt#821#12,"楽しいことはもちろんだし、
大変なことも必ず一緒に切り抜けるの。","开心的事情自然不用说，
辛苦的事情也必定要一起挺过去。",translated,凯斯,41d27d19f9,br=0 nl=1,2,
inc/event/res/09/me09_02.txt#822#12,そうなんだ……楽しそう。,这样啊……感觉很有意思。,translated,妮诺,9efb8527eb,br=0 nl=0,1,
inc/event/res/09/me09_02.txt#823#12,"だったら、まずは目下の大問題を
片付けるのがいいんじゃないスか？","既然如此，首先把眼下的大难题
给解决掉不是挺好的吗？",translated,白鹰,a9c126ac1b,br=0 nl=1,2,
inc/event/res/09/me09_02.txt#824#12,ウルゥリィヤちゃんの迷子を解決する。ね？,解决乌鲁莉亚走丢的问题。对吧？,translated,白鹰,1cbaa7ef26,br=0 nl=0,1,
inc/event/res/09/me09_02.txt#825#12,"うん、そうね！
いい考え！","嗯，对呢！
好主意！",translated,凯斯,4b65f36cfd,br=0 nl=1,2,
inc/event/res/09/me09_02.txt#826#12,"確かに、困ってる団員を放っては
おけないもんな！","确实，总不能把遇到困难的团员
丢下不管嘛！",translated,阿达,56f976003a,br=0 nl=1,2,
inc/event/res/09/me09_02.txt#827#12,それは別に……してくれなくても。,那个其实……不用特意帮我。,translated,妮诺,9014ebd89a,br=0 nl=0,1,
inc/event/res/09/me09_02.txt#828#12,"遠慮しないの！
困ったときに助け合うのは、
応援団のキホンのキホン！","不要客气啦！
在遇到困难时互相帮助，
可是应援团最基本的原则！",translated,凯斯,d8379f73c4,br=0 nl=2,3,
inc/event/res/09/me09_02.txt#829#12,"ねぇ、どうやって両親を探せばいいか、
ちょっとでも手がかりないの？","呐，该怎么找你的父母，
稍微有一点线索吗？",translated,凯斯,e1b9eb4c9c,br=0 nl=1,2,
inc/event/res/09/me09_02.txt#830#12,"ほんとにそれはいいの、大丈夫だから。
だって──","真的不用了，没关系的。
因为――",translated,妮诺,af8a6a911a,br=0 nl=1,2,
inc/event/res/09/me09_02.txt#831#12,だって？,因为？,translated,凯斯,547c92b610,br=0 nl=0,1,
inc/event/res/09/me09_02.txt#832#12,もうすぐお迎えが来るはずだから。,接我的人应该马上就要来了。,translated,妮诺,71d5165814,br=0 nl=0,1,
inc/event/res/09/me09_02.txt#834#12,あーーっ！　いたっ！！,啊――！找到了！！,translated,？？？,c865674d2d,br=0 nl=0,1,
inc/event/res/09/me09_02.txt#838#12,えっ！？,诶！？,translated,阿达・凯斯・白鹰,d0266993ff,br=0 nl=0,1,
inc/event/res/09/me09_02.txt#849#12,こんなところに……やっと見つけた！,居然在这种地方……终于找到了！,translated,莎丽,577c3bc072,br=0 nl=0,1,
inc/event/res/09/me09_02.txt#850#12,"ちょ、ちょっと……サーリ！？
何でこんなところに！？","等、等等……莎丽！？
你怎么会在这地方！？",translated,凯斯,0372148e60,br=0 nl=1,2,
inc/event/res/09/me09_02.txt#851#12,"えっ！？　キャス！？
君こそ、どうしてここに……！？","诶！？凯斯！？
反倒是你，为什么会在这里……！？",translated,莎丽,c179c9501e,br=0 nl=1,2,
inc/event/res/09/me09_03.txt#41#12,……ねぇ、まだ見つかんないの？,……呐，还没找到吗？,translated,妮伊,8c4c0b3edf,br=0 nl=0,1,
inc/event/res/09/me09_03.txt#46#12,"ないなぁ……。
今度はそこの戸棚の鍵を開けてみるか。","找不到啊……。
接下来试试打开那个橱柜的锁吧。",translated,库拉肯特,94ab4ead23,br=0 nl=1,2,
inc/event/res/09/me09_03.txt#47#12,"君は、クローゼットの中の箱を
全部出しておいてくれ。","你帮我把衣柜里面的箱子
全都搬出来吧。",translated,库拉肯特,f45b6850b4,br=0 nl=1,2,
inc/event/res/09/me09_03.txt#48#12,はいはい……。,好啦好啦……。,translated,妮伊,21201099c1,br=0 nl=0,1,
inc/event/res/09/me09_03.txt#54#12,……おぉ！　これはっ！！,……噢！这个是！！,translated,库拉肯特,19248cbd39,br=0 nl=0,1,
inc/event/res/09/me09_03.txt#58#12,見つかった！？,找到了吗！？,translated,妮伊,578a3ed2c7,br=0 nl=0,1,
inc/event/res/09/me09_03.txt#60#12,"これはすごいぞ！
昔作った電離傘だ！","这可不得了啊！
是我以前制作的电离伞！",translated,库拉肯特,baefbba919,br=0 nl=1,2,
inc/event/res/09/me09_03.txt#61#12,それが探し物！？,那是你要找的东西吗！？,translated,妮伊,c9badbce9e,br=0 nl=0,1,
inc/event/res/09/me09_03.txt#62#12,"これはな、広げると傘の内側に
バーストが発生するというシロモノだ。","这个啊，只要撑开来就会在伞内侧
引发爆炸的玩意儿。",translated,库拉肯特,0e0da5331f,br=0 nl=1,2,
inc/event/res/09/me09_03.txt#63#12,"え、それ電離傘の意味ないんじゃ……
というより傘じゃない。","诶，那不是失去电离伞的意义了吗……
不如说这根本不算伞了。",translated,妮伊,2d161ecb15,br=0 nl=1,2,
inc/event/res/09/me09_03.txt#65#12,"こっちは夢ノ珠のオプション品だな。
重力場を周囲１ｍの範囲だけ自由に
調節するマシン。","这边是梦之珠的选装配件啊。
可以在周围１米范围内自由
调节重力场的机器。",translated,库拉肯特,34dddfc5d3,br=0 nl=2,3,
inc/event/res/09/me09_03.txt#66#12,つまみを回すと重力が減っていくのだ。,转动旋钮重力就会减轻。,translated,库拉肯特,a4eb7425eb,br=0 nl=0,1,
inc/event/res/09/me09_03.txt#67#12,え、それめちゃめちゃアブナイ……。,诶，那也太危险了吧……。,translated,妮伊,d947970dff,br=0 nl=0,1,
inc/event/res/09/me09_03.txt#68#12,"うむ。不幸にもその場が夢ノ珠の下側に
なっていた場合、{断線}でもないのに
落ちてしまうのでお蔵入りになった。","嗯。不幸的是如果刚好处于梦之珠的下方，
明明没有发生{断线}却会掉下去，
所以就被束之高阁了。",translated,库拉肯特,ca0024f71c,br=1 nl=2,3,keep-terms {断線}
inc/event/res/09/me09_03.txt#68#14,夢ノ珠の中心に存在する重力場発生装置に供給されるＴｚ波が十分に行き渡らず、重力場が消失する現象を『断線』と呼んでいる。<CR>当然ながら、重力場がなくなったときに夢ノ珠の下側に位置していた建物や人はラシェーラの重力に引かれて地上に落下してしまう。<CR>断線を恐れ、他のコロンに移住する者もいたが、ほとんどの住民には夢ノ珠から出るお金も移住先も存在しなかったため、現在も多くの人々が住み続けている。<CR>近年は天文側よりも地文側に発生することが多く、天文区長パリーと地文区長クーリンを筆頭に両者間の抗争は激しくなる一方となっている。,供给至位于梦之珠中心的重力场发生装置的Tz波未能充分传导普及，导致重力场消失的现象被称为“断线”。<CR>理所当然地，当重力场消失时，正处于梦之珠下方区域的建筑物与居民便会被拉榭拉的重力所吸引而坠落至地面。<CR>虽有惧怕断线而迁往其他克隆者，但绝大多数居民既没有搬离梦之珠的财力，亦无处可迁，因而至今仍有大量人口在此居住。<CR>近年来断线发生在地文侧的频率远高于天文侧，以天文区长帕里与地文区长库琳为首，双方之间的抗争亦愈发激烈。,translated,库拉肯特,ad6451d167,<CR> <CR> <CR> br=0 nl=0,1,keep-tags <CR>; src-longest-line=267
inc/event/res/09/me09_03.txt#71#12,"おおっこれは！
セカイを救う可能性のあった……！","噢噢，这个是！
曾经有可能拯救世界的……！",translated,库拉肯特,cf8db3ccea,br=0 nl=1,2,
inc/event/res/09/me09_03.txt#72#12,今度こそ！？,这次真的是了吗！？,translated,妮伊,bb594529a8,br=0 nl=0,1,
inc/event/res/09/me09_03.txt#73#12,"食糧危機に立ち向かおうと創り上げた、
無限増殖キノコだ。","这是为了应对粮食危机而研制出来的
无限增殖蘑菇。",translated,库拉肯特,a9dd9d9fe0,br=0 nl=1,2,
inc/event/res/09/me09_03.txt#74#12,"何もしなくても一日２本ぐらいは
勝手に生えてくるので無限に食える。","什么都不用做每天也会自己长出
２朵左右，因此可以无限食用。",translated,库拉肯特,fa4bc3d2cb,br=0 nl=1,2,
inc/event/res/09/me09_03.txt#75#12,"そりゃすごい！
ちょー便利！！","那太厉害了！
超――方便！！",translated,妮伊,e7e8054290,br=0 nl=1,2,
inc/event/res/09/me09_03.txt#76#12,"ただ、無限に増えるだけあって、
栄養素がまったく含まれとらんでな。
消化が良すぎて腹も膨れん。","只是，正因是无限增殖，
里面根本不含任何营养成分。
消化太快甚至无法填饱肚子。",translated,库拉肯特,de324f0aea,br=0 nl=2,3,
inc/event/res/09/me09_03.txt#77#12,じゃダメじゃん！！,那不就完全没用嘛！！,translated,妮伊,e137ca3b94,br=0 nl=0,1,
inc/event/res/09/me09_03.txt#78#12,"おーおー、放っておいたために箱が爆発して
キノコハザードを起こしておる。","哎呀哎呀，由于一直放置不管，
箱子炸开引发了蘑菇生化危机呢。",translated,库拉肯特,6771e55700,br=0 nl=1,2,
inc/event/res/09/me09_03.txt#79#12,せ、せめて美味しいとか……。,至、至少味道很美味之类的……。,translated,妮伊,c944116f24,br=0 nl=0,1,
inc/event/res/09/me09_03.txt#80#12,でろでろに腐らせると絶品なんだこれが。,这东西要是让它彻底烂透了可是极品美味哦。,translated,库拉肯特,0b808787e5,br=0 nl=0,1,
inc/event/res/09/me09_03.txt#81#12,腹はこわすが。,虽然会吃坏肚子就是了。,translated,库拉肯特,fbbe3f9a2c,br=0 nl=0,1,
inc/event/res/09/me09_03.txt#82#12,ダメダメじゃん！,那完全不行不行啊！,translated,妮伊,d027466083,br=0 nl=0,1,
inc/event/res/09/me09_03.txt#83#12,もー、ロクでもないものばっか創って！,真是的，净研制些没用的废铜烂铁！,translated,妮伊,bb118ad46f,br=0 nl=0,1,
inc/event/res/09/me09_03.txt#84#12,"だが、こういうものの中から
革新的な発明というものは……。","但是，所谓的划时代发明
往往就是从这种东西里……。",translated,库拉肯特,73e983d4e0,br=0 nl=1,2,
inc/event/res/09/me09_03.txt#85#12,いま探してるものとは関係ないんでしょ！？,跟现在要找的东西完全没关系吧！？,translated,妮伊,9162b3ae86,br=0 nl=0,1,
inc/event/res/09/me09_03.txt#86#12,うむ。,嗯。,translated,库拉肯特,2af0c98770,br=0 nl=0,1,
inc/event/res/09/me09_03.txt#87#12,はあぁ……。,哈啊……。,translated,妮伊,b613ce06b7,br=0 nl=0,1,
inc/event/res/09/me09_03.txt#88#12,"さすがに何年も留守にすると、
どこに何があるかわからなくなるわ。","离开好几年不在家，
确实连哪里放了什么都搞不清楚了。",translated,库拉肯特,563614a042,br=0 nl=1,2,
inc/event/res/09/me09_03.txt#89#12,"も、いい。
ちょっと休憩。","已经够了。
稍微休息一下。",translated,妮伊,e883f0c5dc,br=0 nl=1,2,
inc/event/res/09/me09_03.txt#90#12,そうするか……。,也好吧……。,translated,库拉肯特,54101fdb27,br=0 nl=0,1,
inc/event/res/09/me09_03.txt#108#12,"しかし、君もこんなへんぴな場所に
付いて来ることはなかったのに。","不过，你其实也没必要
跟来这种偏僻的地方嘛。",translated,库拉肯特,805a8f80bc,br=0 nl=1,2,
inc/event/res/09/me09_03.txt#109#12,"イオナサルたちと一緒に行っておれば、
いまごろぱれす・にゅろきーるで
遊び放題だったかもしれんぞ？","要是和依欧娜萨鲁他们在一起，
现在说不定能在喵洛基鲁・王宫里
尽情痛快地畅玩呢？",translated,库拉肯特,fe0de2eb3d,br=0 nl=2,3,
inc/event/res/09/me09_03.txt#110#12,"いいんです。
あそこには………","没事的。
那里……",translated,妮伊,34fbef773a,br=0 nl=1,2,
inc/event/res/09/me09_03.txt#111#12,……行かなくちゃいけないんだけど……,……虽然我必须去那里……,translated,妮伊,4958802c95,br=0 nl=0,1,
inc/event/res/09/me09_03.txt#112#12,でもやっぱり、だからこそ……怖い。,但果然，正因如此……我才害怕。,translated,妮伊,e25d3e800f,br=0 nl=0,1,
inc/event/res/09/me09_03.txt#113#12,ふむ。,唔。,translated,库拉肯特,97ba74811e,br=0 nl=0,1,
inc/event/res/09/me09_03.txt#114#12,"恥ずかしいけど……
逃げて、ここへ来ちゃった。","虽然很丢脸……
但我其实是逃到了这里。",translated,妮伊,36eaab6936,br=0 nl=1,2,
inc/event/res/09/me09_03.txt#115#12,君、それは──。,你，那是――,translated,库拉肯特,d118915b7a,br=0 nl=0,1,
inc/event/res/09/me09_03.txt#116#12,（いや、いかんな）,（不，不妙啊）,translated,库拉肯特,7f142d2e71,br=0 nl=0,1,
inc/event/res/09/me09_03.txt#127#12,"（目的地とは、ソレイルのことだろう。
　だが、PLASMAの監視の前でそれを口には
　できんというわけか……）","（所谓的目的地，指的是太阳号吧。
　但也就是说，在PLASMA的监视面前
　无法说出口吗……）",translated,库拉肯特,986228a9e8,br=0 nl=2,3,
inc/event/res/09/me09_03.txt#129#12,"ねー、探し物ってのは結局何なんです？
ブツがわからないまま手伝うのって結構大変。","呐，要找的东西到底是什么啊？
连东西是什么都不知道帮忙找很费劲的。",translated,妮伊,c956b0af78,br=0 nl=1,2,
inc/event/res/09/me09_03.txt#130#12,昔の論文と、とある試作のトロンだ。,以前的论文，以及某个试作特伦。,translated,库拉肯特,36873ff86e,br=0 nl=0,1,
inc/event/res/09/me09_03.txt#131#12,"一応、天文には協力すると約束して
しまったからなぁ。
見つけるだけは見つけ出さんと。","毕竟我已经答应了天文会予以协助嘛。
无论如何总得找出来才行。",translated,库拉肯特,07f9b52bc4,br=0 nl=2,3,
inc/event/res/09/me09_03.txt#132#12,さて、続きをやるか。,那么，继续干活吧。,translated,库拉肯特,1441b890fe,br=0 nl=0,1,
inc/event/res/09/me09_03.txt#133#12,手伝います。,我也来帮忙。,translated,妮伊,f92f97e3ed,br=0 nl=0,1,
inc/event/res/09/me09_03.txt#134#12,"いや、もう大丈夫だ。
あとは鍵の掛かっているところばかり
だからな。","不，已经不用了。
剩下的全都是上了锁的地方了。",translated,库拉肯特,50123ccec7,br=0 nl=2,3,
inc/event/res/09/me09_03.txt#135#12,君は休んでいたまえ。,你就在那儿休息吧。,translated,库拉肯特,15843b94f4,br=0 nl=0,1,
inc/event/res/09/me09_03.txt#136#12,"そう？
それじゃ遠慮なくごろごろしてます。","是吗？
那我可就不客气地躺平偷懒喽。",translated,妮伊,6f518914cb,br=0 nl=1,2,
inc/event/res/09/me09_03.txt#150#12,"（……このお屋敷が、クラケット博士の家だった
　とはねぇ）","（……没想到这栋大宅邸，居然曾是
　库拉肯特博士的家啊）",translated,妮伊,b11b09b48a,br=0 nl=1,2,
inc/event/res/09/me09_03.txt#153#12,"（旧パルミウム邸、って呼び名だけは
　どこかで聞いたような気がしたけど──）","（虽然总觉得旧帕鲁米乌姆宅邸这个称呼，
　好像在什么地方听过――）",translated,妮伊,228ca6e849,br=0 nl=1,2,
inc/event/res/09/me09_03.txt#154#12,"（博士の下の名前がそうだなんて、
　知らなかったし）","（但我完全不知道
　博士的名字原来叫那个）",translated,妮伊,5ccb0d29e7,br=0 nl=1,2,
inc/event/res/09/me09_03.txt#155#12,（夢ノ珠、か）,（梦之珠，吗）,translated,妮伊,8cb1ac9b8c,br=0 nl=0,1,
inc/event/res/09/me09_03.txt#156#12,"（何だか、ここにいたのも
　もう随分前のような気がするわ）","（总觉得待在这里，
　也已经是好久以前的事了呢）",translated,妮伊,7cb306ae67,br=0 nl=1,2,
inc/event/res/09/me09_03.txt#157#12,（イオンと、初めて会ったコロン）,（第一次和依恩相遇的克隆）,translated,妮伊,47a43cd102,br=0 nl=0,1,
inc/event/res/09/me09_03.txt#158#12,"（大ファンみたいな顔して、
　泊まってる宿の部屋に押しかけたっけ）","（当时我还装出一副狂热粉丝的样子，
　硬闯进她住的旅店房间呢）",translated,妮伊,b21cab8f10,br=0 nl=1,2,
inc/event/res/09/me09_03.txt#159#12,（それに、この屋敷にはカノンがいたんだった）,（而且，卡诺也曾经在这座宅邸里呢）,translated,妮伊,a536c7fead,br=0 nl=0,1,
inc/event/res/09/me09_03.txt#160#12,"（腰ぎんちゃくみたいな地文の区長と
　やり合ったり、カノンの偵察ごっこみたいな
　ことしたり……）","（跟那个跟屁虫一样的地文区长明争暗斗，
　还搞了类似侦察卡诺的探子游戏什么的……）",translated,妮伊,095f1917be,br=0 nl=2,3,
inc/event/res/09/me09_03.txt#161#12,"（あのときはいろいろありすぎて
　しんどかったけど──）",（那时候发生了太多事，虽然很折腾――）,translated,妮伊,99d61892b0,br=0 nl=1,2,
inc/event/res/09/me09_03.txt#162#12,"（何だかんだ言って、
　けっこう楽しんでたじゃん。あたし）","（但说到底，
　我自己其实也玩得挺开心的嘛）",translated,妮伊,4a216d73f2,br=0 nl=1,2,
inc/event/res/09/me09_03.txt#163#12,"博士。そういえばこの家、
あたしが前来たときに一度断線が起きて、
逆さまになっちゃったんですよ。","博士。说起来这栋房子，
我以前来的时候发生过一次断线，
整栋都上下颠倒了呢。",translated,妮伊,667c8867a6,br=0 nl=2,3,
inc/event/res/09/me09_03.txt#168#12,"んお！？
なんと、そうであったか！","嗯哦！？
什么，竟然有这等事！",translated,库拉肯特,63c9fb84f9,br=0 nl=1,2,
inc/event/res/09/me09_03.txt#169#12,一応、片付けはされたみたいだけど。,虽然看起来姑且收拾过一番了。,translated,妮伊,a2ac9ca03e,br=0 nl=0,1,
inc/event/res/09/me09_03.txt#170#12,"鍵つきの場所が軒並みぐちゃぐちゃなのは
そういうわけか。
整理ができなかったんだな。","难怪上锁的地方全都是乱七八糟的。
原来是没法整理啊。",translated,库拉肯特,6db362b83b,br=0 nl=2,3,
inc/event/res/09/me09_03.txt#171#12,"まぁ、建物自体は頑丈に作っておいて
正解だった。","嘛，建筑物本身建得坚固
看来是完全正确的。",translated,库拉肯特,cd4f7e7e7b,br=0 nl=1,2,
inc/event/res/09/me09_03.txt#172#12,"えぇ、正解でした。
そのおかげで、カノンの命が助かったんですから。","嗯，非常正确。
多亏了这点，卡诺才保住了一条命呢。",translated,妮伊,bdfc5df5d4,br=0 nl=1,2,
inc/event/res/09/me09_03.txt#173#12,"ま、断線自体がカノンを殺そうとした
ネプツールのしわざだったんですけどね。","不过，断线本身其实是
尼普楚尔企图杀害卡诺而搞出来的鬼就是了。",translated,妮伊,8dbe4841dc,br=0 nl=1,2,
inc/event/res/09/me09_03.txt#174#12,ネプツール……まったくあの男は……。,尼普楚尔……那个男人真是……。,translated,库拉肯特,43e3fac5c9,br=0 nl=0,1,
inc/event/res/09/me09_03.txt#175#12,"世話の焼ける弟子だったが、よもやそこまでとは。
君やカノイールには、本当に迷惑を掛けた。","虽说是个不省心的弟子，
万万没想到竟会走到这一步。
真是给你们和卡诺伊尔添了大麻烦。",translated,库拉肯特,86b9abfd27,br=0 nl=1,2,
inc/event/res/09/me09_03.txt#176#12,いーえー、どーいたしまして。,没――关――系，不客气啦。,translated,妮伊,a4b40800c0,br=0 nl=0,1,
inc/event/res/09/me09_03.txt#178#12,……おおぉっ！？,……噢噢噢！？,translated,库拉肯特,f77f7ae20b,br=0 nl=0,1,
inc/event/res/09/me09_03.txt#179#12,ありましたかっ！？,找到了吗！？,translated,妮伊,8ae9f50f6b,br=0 nl=0,1,
inc/event/res/09/me09_03.txt#180#12,"あったぞあったぞ！
長年求め続けておった、愛用の歯間ブラシだ！！","找到了找到了！
我多年来梦寐以求的、爱用的牙间刷！！",translated,库拉肯特,fcb2faf082,br=0 nl=1,2,
inc/event/res/09/me09_03.txt#181#12,"んがくっ……。
博士、いい加減にしてよっ。
論文とトロンじゃないの！？","噗咳……。
博士，适可而止一点啦。
不是找论文和特伦吗！？",translated,妮伊,69b670910a,br=0 nl=2,3,
inc/event/res/09/me09_03.txt#182#12,いーよもうこのパターン！,这种套路我已经看够了啦！,translated,妮伊,dee102a2d0,br=0 nl=0,1,
inc/event/res/09/me09_03.txt#183#12,"何を言うか、これのない数年間が
私にとってどれほどの暗黒時代だったか！","你说什么呢，没有它的这几年
对我而言是多么暗无天日的黑暗时代啊！",translated,库拉肯特,30274595db,br=0 nl=1,2,
inc/event/res/09/me09_03.txt#184#12,"どんな歯ブラシでどれだけ歯を磨こうが、
肝心なところでスッキリせんのだぞ！？","不管用什么牙刷刷多久的牙，
在关键部位总是感觉不够舒畅啊！？",translated,库拉肯特,849fd1f865,br=0 nl=1,2,
inc/event/res/09/me09_03.txt#185#12,"風呂に入って泡を流さずに出るような、
そういう気持ち悪さだぞ！？","就跟洗完澡不冲掉身上的泡沫就出来一样，
是那种恶心感啊！？",translated,库拉肯特,9208aaaa94,br=0 nl=1,2,
inc/event/res/09/me09_03.txt#186#12,うわぁ……。,哇啊……。,translated,妮伊,a71812f9d9,br=0 nl=0,1,
inc/event/res/09/me09_03.txt#187#12,やっとそれから解放されるのだ！,终于可以从中解脱了！,translated,库拉肯特,6896ea7280,br=0 nl=0,1,
inc/event/res/09/me09_03.txt#188#12,勝手にしてよ……。,随你的便吧……。,translated,妮伊,9c9d8243cc,br=0 nl=0,1,
inc/event/res/09/me09_03.txt#189#12,肝心の探し物は？,最要紧的要找的东西呢？,translated,妮伊,e046ec3fe7,br=0 nl=0,1,
inc/event/res/09/me09_03.txt#190#12,ない。,没有。,translated,库拉肯特,b8c11d8f26,br=0 nl=0,1,
inc/event/res/09/me09_03.txt#191#12,はあぁ……。,哈啊……。,translated,妮伊,b613ce06b7,br=0 nl=0,1,
inc/event/res/09/me09_03.txt#192#12,"私は夢の中であの論文を書いたのだろうか？
うぅむ……。","难道那篇论文是我在做梦时写的吗？
唔唔……。",translated,库拉肯特,fcd3867ee2,br=0 nl=1,2,
inc/event/res/09/me09_03.txt#203#12,失礼します。,打扰了。,translated,？？？,f841442e1c,br=0 nl=0,1,
inc/event/res/09/me09_03.txt#204#12,んん？,嗯嗯？,translated,库拉肯特,da0e6e5b18,br=0 nl=0,1,
inc/event/res/09/me09_03.txt#227#12,私はこの屋敷を管理しております──,我是负责管理这座宅邸的――,translated,库琳,3fd8b3c61d,br=0 nl=0,1,
inc/event/res/09/me09_03.txt#230#12,あぁーっ！？,啊啊――！？,translated,妮伊・库琳,7e5b82b311,br=0 nl=0,1,
inc/event/res/09/me09_03.txt#231#12,ち、{地文}の区長……！,地、{地文}的区长……！,translated,妮伊,12fb142a70,br=1 nl=0,1,keep-terms {地文}
inc/event/res/09/me09_03.txt#231#14,正式名称は「帝立ジェノメトリクス同調調停院」。元々は「人間とジェノムが、互いに最大限の利益を保持しつつ棲み分ける為の調停機関」であった。<CR>その後、「ジェノムと人間が更に豊かに暮らせる為の施策」として、最先端の遺伝子工学の研究開発を行うようになり、地文は多岐にわたる組織の集合体になった。<CR><CR>現在では、ジェノムと同調した場合、その旨を地文に申請登録することが義務づけられており、地文はジェノムを保有する全員の個人情報を持っている。,正式名称为“帝立梦世界同调调停院”。原本是“为了让人类与杰诺姆在各自保留最大利益的同时实现共存分居的调停机构”。<CR>此后作为“让人类与杰诺姆生活更为富足的举措”，开始进行最前沿的基因工程研发，地文由此演变成了涵盖众多组织的集合体。<CR><CR>如今，一旦与杰诺姆同调，便有义务向地文申请登记，地文因而掌握着所有拥有杰诺姆人员的个人信息。,translated,妮伊,0328e9e022,<CR> <CR> <CR> br=0 nl=0,1,keep-tags <CR>; src-longest-line=223
inc/event/res/09/me09_03.txt#232#12,天文皇女と一緒にいた……！,曾和天文皇女在一起的……！,translated,库琳,7b0cc93c9c,br=0 nl=0,1,
inc/event/res/09/me09_03.txt#233#12,何だ、知り合いか？,怎么，你们认识吗？,translated,妮伊,73abcf63c4,br=0 nl=0,1,
inc/event/res/09/me09_03.txt#234#12,"しまったぁ……めんどくさいヤツに
会っちゃったなぁ……。","糟了……居然碰上了个
麻烦的家伙啊……。",translated,妮伊,9befdd105c,br=0 nl=1,2,
inc/event/res/09/me09_03.txt#235#12,ネイさん、とおっしゃるのですよね？,您是叫妮伊小姐，对吧？,translated,库琳,926ccbdee0,br=0 nl=0,1,
inc/event/res/09/me09_03.txt#236#12,"は、はい？
そうだけど……。","啊、是？
是这样没错……。",translated,妮伊,54f93c93fd,br=0 nl=1,2,
inc/event/res/09/me09_03.txt#237#12,"いつぞやの裁判での、非礼の数々……
どうぞお許しください。","之前在审判时的诸般无礼之举……
还请您多多包涵原谅。",translated,库琳,27cfd2f4df,br=0 nl=1,2,
inc/event/res/09/me09_03.txt#238#12,へっ？？,诶？？,translated,妮伊,e042cb1197,br=0 nl=0,1,
inc/event/res/09/me09_03.txt#239#12,"あなたが現れ、裁判をむちゃくちゃにしたことが、
結果的にはよかった。","您出现在法庭上把审判搅得一团糟，
结果反倒是帮了大忙。",translated,库琳,57226797d9,br=0 nl=1,2,
inc/event/res/09/me09_03.txt#240#12,"あのままでは、我々が皇女に無実の罪を
なすりつけるところでした。","要是任由事态发展，险些就让我们把莫须有的罪名
强加给皇女了。",translated,库琳,4615f0fd9b,br=0 nl=1,2,
inc/event/res/09/me09_03.txt#241#12,"あの事件が、イオナサル皇女を陥れるための
罠だったことはその後はっきりしました。
申し訳ありませんでした……。","后来查明那起事件完全是
为了陷害依欧娜萨鲁皇女的陷阱。
实在是非常对不起……。",translated,库琳,0fcb107dff,br=0 nl=2,3,
inc/event/res/09/me09_03.txt#242#12,"い、いいよぅ、もうとっくに済んだこと
だし……。","算、算了啦，反正都已经是
过去的事了……。",translated,妮伊,4ec3e92619,br=0 nl=1,2,
inc/event/res/09/me09_03.txt#243#12,"こっちも、イオンを助けるためとはいえ
手荒なまねをしたかなっとは思ってる。","我这边也是，虽然是为了救依恩，
但手段也确实粗暴了点。",translated,妮伊,22199e1be1,br=0 nl=1,2,
inc/event/res/09/me09_03.txt#244#12,そう言ってもらえると……。,能承蒙您这么说……。,translated,库琳,d1743f6a70,br=0 nl=0,1,
inc/event/res/09/me09_03.txt#245#12,"ふむ。
知り合いだが友達というわけではなさそうだな？","唔。
虽是旧识但看来并不算是朋友呢？",translated,库拉肯特,61511c9e18,br=0 nl=1,2,
inc/event/res/09/me09_03.txt#246#12,クラケット博士……でいらっしゃいますね？,您就是……库拉肯特博士吧？,translated,库琳,b47762f73d,br=0 nl=0,1,
inc/event/res/09/me09_03.txt#247#12,いかにも。,正是。,translated,库拉肯特,223e5e7205,br=0 nl=0,1,
inc/event/res/09/me09_03.txt#248#12,"夢ノ珠の地文区長、クーリンと申します。
このお屋敷の管理をさせて頂いておりました。","我是梦之珠的地文区长库琳。
一直代为管理这座宅邸。",translated,库琳,3eb5d5c2bd,br=0 nl=1,2,
inc/event/res/09/me09_03.txt#249#12,そうだったか、それはそれは。,是这样吗，那还真是辛苦了。,translated,库拉肯特,73426b65b4,br=0 nl=0,1,
inc/event/res/09/me09_03.txt#250#12,"私が区長に就任する前に博士は失踪され、
お亡くなりになったとの噂で……
お戻りと聞いて正直驚きました。","在我上任区长前博士便已失踪，
传闻说您已经过世了……
听闻您平安归来，老实说吃了一惊。",translated,库琳,7d80b1bbbd,br=0 nl=2,3,
inc/event/res/09/me09_03.txt#251#12,"わっはっはっは！
私のまやかしの術も捨てたものでは
なかったというわけだ。","哇哈哈哈哈！
看来我的瞒天过海之术
也是相当高明嘛。",translated,库拉肯特,a20ff46b18,br=0 nl=2,3,
inc/event/res/09/me09_03.txt#252#12,"私が死んだと聞いても管理していてくれたこと、
感謝するぞ。","听闻我死后也依然代为管理，
老夫深表感谢。",translated,库拉肯特,5767dcb1c5,br=0 nl=1,2,
inc/event/res/09/me09_03.txt#253#12,いえ、これも仕事です。,哪里，这也是我的职责所在。,translated,库琳,65e77de71a,br=0 nl=0,1,
inc/event/res/09/me09_03.txt#254#12,さて、では私は探し物の続きを。,那么，老夫就继续去找东西了。,translated,库拉肯特,dabeb3db5f,br=0 nl=0,1,
inc/event/res/09/me09_03.txt#255#12,手伝いましょうか？,需要我帮忙吗？,translated,库琳,29d026f799,br=0 nl=0,1,
inc/event/res/09/me09_03.txt#256#12,"いやいや結構、見られては困るものも
含まれているんでな。","不不不用了，有些东西
让人看到会很困扰的。",translated,库拉肯特,9fadcadf30,br=0 nl=1,2,
inc/event/res/09/me09_03.txt#257#12,"とはいえ、もう鍵つきの場所は
すべて探してしまったのだが、
目当てのものが見つからんのだ。","虽说如此，上了锁的地方
已经全都搜遍了，
却还是没能找到目标之物。",translated,库拉肯特,8122104320,br=0 nl=2,3,
inc/event/res/09/me09_03.txt#258#12,うぅむ……。,唔唔……。,translated,库拉肯特,0109caeaa9,br=0 nl=0,1,
inc/event/res/09/me09_03.txt#259#12,はて？,奇怪？,translated,库琳,d738bf4270,br=0 nl=0,1,
inc/event/res/09/me09_03.txt#260#12,博士、外はもう見られましたか？,博士，外边您已经看过了吗？,translated,库琳,e0d05bf7f2,br=0 nl=0,1,
inc/event/res/09/me09_03.txt#261#12,外？,外边？,translated,库拉肯特,0e35b01497,br=0 nl=0,1,
inc/event/res/09/me09_03.txt#262#12,"えぇ。管理をしていたのでわかるのですが、
屋敷の裏手に鉄扉が一つありますよね？","是的。因为我负责管理所以很清楚，
宅邸的后方有一道铁门对吧？",translated,库琳,a89583bc2d,br=0 nl=1,2,
inc/event/res/09/me09_03.txt#263#12,施錠されていて中に入ったことはないのですが。,虽然一直锁着，我从未进去过。,translated,库琳,1c090c46a8,br=0 nl=0,1,
inc/event/res/09/me09_03.txt#264#12,そうだった！！,想起来了！！,translated,库拉肯特,4c50ec8068,br=0 nl=0,1,
inc/event/res/09/me09_03.txt#265#12,"それだ、そこだ！！
思い出した、最重要機密は全部そこへ
移したのだったぁ！","就是那个，在那儿！！
我想起来了，最重要机密全都
转移到那里去了！",translated,库拉肯特,8784978f36,br=0 nl=2,3,
inc/event/res/09/me09_03.txt#266#12,ネイ君、裏へ回るぞ！,妮伊，我们转到后边去！,translated,库拉肯特,b9438f9b9a,br=0 nl=0,1,
inc/event/res/09/me09_03.txt#267#12,はへ、はいっ！,哈诶，好！,translated,妮伊,9c5d87f841,br=0 nl=0,1,
inc/event/res/09/me09_03.txt#292#12,ここだ、確かにここだ。,就是这里，确实是这里。,translated,库拉肯特,3ded7ec750,br=0 nl=0,1,
inc/event/res/09/me09_03.txt#293#12,"もー、こんなわかりやすい場所、
忘れないでちょうだいよ……。
さ、行きましょ。","真是的，这么显眼的地方，
拜托别忘光光啊……。
走，进去吧。",translated,妮伊,b05bb15a33,br=0 nl=2,3,
inc/event/res/09/me09_03.txt#299#12,"その前に……。
見張りの君。","在那之前……。
放哨的那位。",translated,库拉肯特,4e3601e3c4,br=0 nl=1,2,
inc/event/res/09/me09_03.txt#300#12,私は監視ではありません、護衛です。,我不是监视人员，是护卫。,translated,特工,ba732189c1,br=0 nl=0,1,
inc/event/res/09/me09_03.txt#301#12,"どっちだってかまわん。
お前さんはここまでだ。","不管是哪个都无所谓。
你就在这里止步吧。",translated,库拉肯特,c838ee12a2,br=0 nl=1,2,
inc/event/res/09/me09_03.txt#302#12,そうはいきません、任務です。,那可不行，这是我的任务。,translated,特工,e4f9e40cef,br=0 nl=0,1,
inc/event/res/09/me09_03.txt#303#12,"かたいことを言うな、逃げやせんさ。
どこへつながっているわけでもない、信用しろ。","别那么死板，又不会逃跑。
这里又通不到别的地方去，放宽心吧。",translated,库拉肯特,b2d0f2e5ab,br=0 nl=1,2,
inc/event/res/09/me09_03.txt#305#12,さ、行くぞ。,来，走吧。,translated,库拉肯特,7e9fd12281,br=0 nl=0,1,
inc/event/res/09/me09_03.txt#322#12,"……うむ、間違いない。
秘密の地下倉庫。","……嗯，绝不会错。
秘密地下仓库。",translated,库拉肯特,5a27f2bbc6,br=0 nl=1,2,
inc/event/res/09/me09_03.txt#323#12,"見つかってはまずいものは
すべてここに移したのだ。","被发现会很糟糕的东西，
全都转移到这里了。",translated,库拉肯特,2b9cf9b28c,br=0 nl=1,2,
inc/event/res/09/me09_03.txt#324#12,さっそく探索だ……。,赶快开始探索吧……。,translated,库拉肯特,504e95d393,br=0 nl=0,1,
inc/event/res/09/me09_03.txt#329#12,"うわ、ぐっちゃぐちゃ。
足の踏み場も……。","哇，乱七八糟的。
连下脚的地方都……。",translated,妮伊,ef81814b1e,br=0 nl=1,2,
inc/event/res/09/me09_03.txt#331#12,"ん？
どれどれ……。","嗯？
我来看看……。",translated,妮伊,0debf984c2,br=0 nl=1,2,
inc/event/res/09/me09_03.txt#333#12,"『企画書　セカイの交通事情ががらりと
　変わりそうな驚異のバネシューズ』。","“企划书　似乎能让世界的交通状况
　发生翻天覆地变化的惊异弹簧鞋”。",translated,妮伊,5e7bfe17d4,br=0 nl=1,2,
inc/event/res/09/me09_03.txt#337#12,触るなっ。,别碰。,translated,库拉肯特,0179320711,br=0 nl=0,1,
inc/event/res/09/me09_03.txt#338#12,"えー、これが？
背の低さをゴマかすシューズじゃないのコレ？","诶――这个？
这不是用来掩饰个子矮的增高鞋吗？",translated,妮伊,f9934cfdac,br=0 nl=1,2,
inc/event/res/09/me09_03.txt#339#12,読まんでいいっ！,不用读出来！,translated,库拉肯特,0c461c3151,br=0 nl=0,1,
inc/event/res/09/me09_03.txt#341#12,こっちは何だ？,这边又是什么？,translated,妮伊,cfa2d6c043,br=0 nl=0,1,
inc/event/res/09/me09_03.txt#343#12,"『乙世界における波動素子を媒介とした
　相互導力移動の是非に関する調査書』。","“以乙世界的波动元件为媒介的
　相互导力移动可行性调查书”。",translated,妮伊,a854d295ce,br=0 nl=1,2,
inc/event/res/09/me09_03.txt#344#12,──これは！！,――这个是！！,translated,妮伊,82d94629e0,br=0 nl=0,1,
inc/event/res/09/me09_03.txt#345#12,"それは、異なる２つの世界を繋げることを
波動科学的に証明したときの論文だ。","那是用波动科学证明了连接两个
不同世界之可行性时的论文。",translated,库拉肯特,5f32c4a5d3,br=0 nl=1,2,
inc/event/res/09/me09_03.txt#346#12,"いま思えば、その論文がすべての
始まりだったのだ……。","如今想来，那篇论文
才是一切的开端啊……。",translated,库拉肯特,3a2dea8d08,br=0 nl=1,2,
inc/event/res/09/me09_03.txt#350#12,私も見つけたよ。,我也找到了。,translated,库拉肯特,db3cb1e920,br=0 nl=0,1,
inc/event/res/09/me09_03.txt#351#12,"これが、探していたもの──
『{７次元俯瞰理論}』だ。","这就是一直在寻找的东西――
‘{7次元俯瞰理论}’。",translated,库拉肯特,9e0b701213,br=1 nl=1,2,keep-terms {７次元俯瞰理論}
inc/event/res/09/me09_03.txt#351#14,旧ジェノミライ研究所が解体後、クラケットが密かに研究を進めていた７次元さえも俯瞰する８次元目の可能性を記した研究資料。<CR>２年後の出来事を聞いたクラケットが、イオンやネロを元の世界に還すための手段として思い当たった可能性の一つ。８次元目の理論を確立し、その存在を生み出す手段を見つけることができれば、７次元的存在である彼女たちをも俯瞰し、元の世界へと還すことが可能となる。世界の全てを意味する７次元を「宇宙」と例えるなら、それをさらに外側から俯瞰できる８次元的存在は神にも等しい存在だといえる。,旧杰诺米莱伊研究所解体后，库拉肯特暗中推进研究的、记录了甚至能俯瞰7次元的第8次元可能性的研究资料。<CR>听闻了2年后的事件的库拉肯特，作为将依恩和妮诺送回原本世界的手段而想到的可能性之一。如果能确立第8次元的理论并找到创造该存在的手段，便能俯瞰身为7次元存在的她们，并将其送回原本的世界。如果将代表世界全部的7次元比喻为“宇宙”，那么能从更外侧对其进行俯瞰的8次元存在，可以说是等同于神明的存在。,translated,库拉肯特,cdcbf08692,<CR> br=0 nl=0,1,keep-tags <CR>; src-longest-line=249
inc/event/res/09/me09_03.txt#352#12,７次元……俯瞰。,7次元……俯瞰。,translated,妮伊,44da6957c9,br=0 nl=0,1,
inc/event/res/09/me09_03.txt#353#12,"世界のすべてを意味する７つの次元を、
さらに俯瞰する……要するに、
８次元目の可能性について記したものだ。","将代表世界全部的７个维度进一步
进行俯瞰……简而言之，
就是记录了第８维度的可能性的东西。",translated,库拉肯特,08b4d6fcb5,br=0 nl=2,3,
inc/event/res/09/me09_03.txt#354#12,は、博士……やっぱり天才なんだ……。,博、博士……你果然是个天才啊……。,translated,妮伊,bc7aa2496c,br=0 nl=0,1,
inc/event/res/09/me09_03.txt#355#12,"これだけは天文に見つかってはならん。
絶対にだ。","唯独这份资料绝不能被天文发现。
绝对不行。",translated,库拉肯特,a0937da76e,br=0 nl=1,2,
inc/event/res/09/me09_03.txt#356#12,"私が天文に移ったとき、過去に完成させた研究
結果はすべて持っていく、という名目だった。","我转投天文时，名义上是
要把过去完成的研究成果全都带过去。",translated,库拉肯特,13bff9e8c2,br=0 nl=1,2,
inc/event/res/09/me09_03.txt#357#12,が、そんなものは全部頭に入っておる。,但那些东西全都在我的脑子里。,translated,库拉肯特,d2fcde3cd0,br=0 nl=0,1,
inc/event/res/09/me09_03.txt#358#12,"探しておったのは、完成せぬままに封印した
この『８次元論』の資料だったのだ。","我一直在寻找的，其实是尚未完成
就被封印起来的这份“8次元论”的资料。",translated,库拉肯特,f1623945a7,br=0 nl=1,2,
inc/event/res/09/me09_03.txt#359#12,"これがあれば、イオナサルの言う
『不完全な帰還』を解決できるかもしれん。
いや──","有了这个，或许就能解决依欧娜萨鲁所说的
“不完全的归还”。
不――",translated,库拉肯特,d450206b52,br=0 nl=2,3,
inc/event/res/09/me09_03.txt#360#12,"解決せねばならん。
彼女に運命をゆだねるこの世界の責務として。
私自身の責任において。","是必须解决。
作为将命运托付给她的这个世界的职责所在，
也是以我自身的责任。",translated,库拉肯特,da99b48cb0,br=0 nl=2,3,
inc/event/res/09/me09_03.txt#362#12,"PLASMAの女……レナルルは、
イオナサルを還すのは当然だと言っておった。","PLASMA的那个女人……蕾娜露露曾说，
将依欧娜萨鲁送回原本世界是理所应当的。",translated,库拉肯特,35bfe077ff,br=0 nl=1,2,
inc/event/res/09/me09_03.txt#363#12,"だが、どうにも信じられん。
この資料欲しさの嘘だという恐れは充分にある。","但我无论如何也无法相信她。
很有可能是为了得到这份资料而撒的谎。",translated,库拉肯特,89df4714fe,br=0 nl=1,2,
inc/event/res/09/me09_03.txt#364#12,疑う理由はありません。,根本不需要怀疑。,translated,妮伊,53ac759dd4,br=0 nl=0,1,
inc/event/res/09/me09_03.txt#365#12,"んん？
信じて良いと？","嗯嗯？
你是说可以相信她？",translated,库拉肯特,49ddb5f576,br=0 nl=1,2,
inc/event/res/09/me09_03.txt#366#12,"逆よ。
信じられる部分なんて素粒子一つ分もない。
絶対に信じてはダメです。","正好相反。
她身上连一个基本粒子大小的可信度都没有。
绝对不能相信她。",translated,妮伊,3a7b256b67,br=0 nl=2,3,
inc/event/res/09/me09_03.txt#368#12,"君はさっき言っておったな。
人生の目的地から逃げてきたと。","你刚才说过了吧。
说自己是从人生的目的地逃出来的。",translated,库拉肯特,9838442ba2,br=0 nl=1,2,
inc/event/res/09/me09_03.txt#369#12,ッ……。,唔……。,translated,妮伊,005cd29d0b,br=0 nl=0,1,
inc/event/res/09/me09_03.txt#370#12,"ぱれす・にゅろきーる……
いや、ソレイルから。","喵洛基鲁・王宫……
不，是从太阳号。",translated,库拉肯特,66ad4ab1fc,br=0 nl=1,2,
inc/event/res/09/me09_03.txt#372#12,"天文の監視もここにはおらん。
なぜソレイルが怖い？
そして、なぜそこが目的地なのだ？","天文的监视人员也不在这里。
你为什么害怕太阳号？
还有，为什么那里会是你的目的地？",translated,库拉肯特,f2d270c1c5,br=0 nl=2,3,
inc/event/res/09/me09_03.txt#375#12,"あたしが、TXによってイオンと魂を
すり替えられた、正当なる皇位継承者だから。","因为我，才是通过ＴＸ与依恩互换了灵魂的、
正统的皇位继承者。",translated,妮伊,e8c963e9ac,br=0 nl=1,2,
inc/event/res/09/me09_03.txt#377#12,そ、それは……。,那、那是……。,translated,库拉肯特,e3608c63a0,br=0 nl=0,1,
inc/event/res/09/me09_03.txt#379#12,……そうか。,……是吗。,translated,库拉肯特,748b1aba3f,br=0 nl=0,1,
inc/event/res/09/me09_03.txt#380#12,"それですべてがわかった。
すべてが……。","这样一来就全都明白了。
全都可以解释了……。",translated,库拉肯特,f4082f9732,br=0 nl=1,2,
inc/event/res/09/me09_03.txt#383#12,さすがです、博士。,不愧是博士。,translated,妮伊,16a3850223,br=0 nl=0,1,
inc/event/res/09/me09_03.txt#384#12,"だが、だとしたらその体はどうした？
一体どうやって？","但是，倘若如此这具肉体又是怎么回事？
到底是怎么做到的？",translated,库拉肯特,c060455b47,br=0 nl=1,2,
inc/event/res/09/me09_03.txt#386#12,"いいわ。順を追って話します。
いままで誰にも話したことのない、
あたしのロクでもない正体のこと──。","好吧。我就按顺序说吧。
关于至今为止从未向任何人提起过的、
我不值一提的真实身份――",translated,妮伊,c47b92d908,br=0 nl=2,3,
inc/event/res/09/me09_03.txt#388#12,"あたしはなんにも、
本当に何も知らないうちに、TXをされた。","我什么都不知道，
真的一无所知的时候就被执行了ＴＸ。",translated,妮伊,58faf6957b,br=0 nl=1,2,
inc/event/res/09/me09_03.txt#389#12,自分の体を、姿を、奪われた。,自己的身体、容貌，全被剥夺了。,translated,妮伊,917876d7db,br=0 nl=0,1,
inc/event/res/09/me09_03.txt#390#12,"あたしと魂を入れ替えられたイオンは、
『結城 寧』という名前の人だったみたい。","与我互换灵魂的依恩，
似乎是个叫‘结城宁’的人。",translated,妮伊,e8e94710c5,br=0 nl=1,2,
inc/event/res/09/me09_03.txt#391#12,"あたしはこの恨みを絶対に忘れないように、
自分にネイって偽名をつけた。","为了让自己绝对不要忘记这份仇恨，
我给自己起了“妮伊”这个假名。",translated,妮伊,c8b47c6a9b,br=0 nl=1,2,
inc/event/res/09/me09_03.txt#392#12,"なるほど……だからNaya f lask、
すなわち『本当のネイ』なのか。
考えたな！","原来如此……所以才是Naya f lask，
也就是“真正的妮伊”啊。
真亏你想得出来！",translated,库拉肯特,b5d29e7071,br=0 nl=2,3,
inc/event/res/09/me09_03.txt#393#12,"あたしの魂は特殊なトロンに入れられて、
捨てられるところだった。","我的灵魂被放进特殊的特伦里，
差点就被扔掉了。",translated,妮伊,66eb59ddcf,br=0 nl=1,2,
inc/event/res/09/me09_03.txt#394#12,使い捨ての汚物タンクを破棄するみたいにね。,就像丢弃一次性排污罐一样呢。,translated,妮伊,167b75ed1e,br=0 nl=0,1,
inc/event/res/09/me09_03.txt#395#12,"だけどその直前に、フラクテルが助けてくれた。
決死の覚悟で。","但是在被扔掉的前一刻，弗拉克特尔救了我。
抱着必死的决心。",translated,妮伊,1eecd07ed2,br=0 nl=1,2,
inc/event/res/09/me09_03.txt#396#12,フラクテルとは？,弗拉克特尔是？,translated,库拉肯特,c8f08d33a7,br=0 nl=0,1,
inc/event/res/09/me09_03.txt#397#12,"天文の科学者で……
あたしのたった一人の親友。","是天文的科学家……
也是我唯一的挚友。",translated,妮伊,4456e03e70,br=0 nl=1,2,
inc/event/res/09/me09_03.txt#398#12,"フラクテルは自分にアストロサイト・
モジュラトリ・ウィルスを投与して、
自ら{シャール}を生み出した。","弗拉克特尔给自己注射了星形胶质细胞
调节病毒，亲手制造出了{夏尔}。",translated,妮伊,1c107634e1,br=1 nl=2,3,keep-terms {シャール}
inc/event/res/09/me09_03.txt#398#14,アストロサイト・モジュラトリ・ウィルスによって生み出された人工ジェノム。<CR>分類的にはテレフンケンと同じ空想型ジェノムとなっているが、ジルが実践テストも兼ねて生み出したシャールは自我が存在せず、予めプリセットされた命令を本能的に行い続ける、いわゆるロボットのような存在となっている。<CR>イオンの夢セカイに存在するシャールも『シャール』と呼ばれているが、あのシャールたちには表情豊かで自我が存在し、また人を襲うどころかイオンの記憶を修復する手助けをしてくれていることから、似て非なる存在なのかもしれない。,由星形胶质细胞调节病毒所创造出的人工杰诺姆。<CR>在分类上与泰雷芬肯同属空想型杰诺姆，但吉鲁兼作实战测试而制造出的夏尔并不具备自我，仅凭本能持续执行预设的命令，宛如机器人般的存在。<CR>存在于依恩梦世界中的夏尔虽然同样被称为“夏尔”，但那些夏尔表情丰富且拥有自我，不仅不会袭击人类，反而还协助修护依恩的记忆，两者或许是看似相近实则截然不同的存在。,translated,妮伊,47c6e0194f,<CR> <CR> br=0 nl=0,1,keep-tags <CR>; src-longest-line=255
inc/event/res/09/me09_03.txt#399#12,"そしてそのシャールの体を器にして、
あたしの魂を封じ込めた。","然后以那个夏尔的身体为容器，
将我的灵魂封存了进去。",translated,妮伊,11ed14e851,br=0 nl=1,2,
inc/event/res/09/me09_03.txt#400#12,まさか……ではその体はシャールなのか！,难道说……这具身体其实是夏尔吗！,translated,库拉肯特,f5680bb1e7,br=0 nl=0,1,
inc/event/res/09/me09_03.txt#401#12,そうよ。,是的哦。,translated,妮伊,f172a96da1,br=0 nl=0,1,
inc/event/res/09/me09_03.txt#402#12,"信じられん、そのようなことが
現実に行われていたとは……。","难以置信，竟然现实中
真的发生过这种事……。",translated,库拉肯特,fa927a093e,br=0 nl=1,2,
inc/event/res/09/me09_03.txt#403#12,ね、ロクでもないでしょ。,呐，很荒谬吧。,translated,妮伊,4da636cf5a,br=0 nl=0,1,
inc/event/res/09/me09_03.txt#404#12,"フラクテルは自分の命がもう長くないことも
知ってた。だから陽動作戦で自分を犠牲にして、
あたしを逃がした。","弗拉克特尔也知道自己的性命所剩无几了。
所以她用声东击西战术牺牲了自己，
让我逃了出来。",translated,妮伊,9b4bcb3c83,br=0 nl=2,3,
inc/event/res/09/me09_03.txt#405#12,"けど、同調者がいなきゃ、シャールの体のままで
生き続けることはできない。","但是，如果没有同调者，以夏尔的身体
是无法一直活下去的。",translated,妮伊,6407422efb,br=0 nl=1,2,
inc/event/res/09/me09_03.txt#406#12,死に掛けてたところをあのジルに助けられて──,在濒临死亡的时候被那个吉鲁救了――,translated,妮伊,98ec4ef09f,br=0 nl=0,1,
inc/event/res/09/me09_03.txt#407#12,"SHSヘテロマイシンって薬を打ってもらって、
どうにか生き延びることができた。","她给我注射了叫SHS杂霉素的药，
这才总算保住了一条命。",translated,妮伊,956ace8a3a,br=0 nl=1,2,
inc/event/res/09/me09_03.txt#408#12,"……そんなわけで、あたしは、いま、
ここに……いるってわ、け……。","……就是因为这样，我、现在、
才会……在这里的……。",translated,妮伊,65d39ecb38,br=0 nl=1,2,
inc/event/res/09/me09_03.txt#410#12,……っく、うぅ……。,……呜、呜呜……。,translated,妮伊,8bb2d8063e,br=0 nl=0,1,
inc/event/res/09/me09_03.txt#411#12,"……辛かったろう。
さぞ……ネイ君……。","……一定很痛苦吧。
想必十分艰难……妮伊……。",translated,库拉肯特,98d7e0172f,br=0 nl=1,2,
inc/event/res/09/me09_03.txt#412#12,"いままでよく生きてきた。
よく、頑張った……。","你能一直活到现在已经很了不起了。
真的，辛苦你了……。",translated,库拉肯特,fbb55e84d3,br=0 nl=1,2,
inc/event/res/09/me09_03.txt#413#12,ぅう、うわあぁぁぁん……。,呜呜、哇啊啊啊啊……。,translated,妮伊,a06f561f0a,br=0 nl=0,1,
inc/event/res/09/me09_03.txt#414#12,"よくぞ話してくれた、そんな辛い話を……。
いいかね、私は君の味方だ。
必ず、君を元の体に戻そう。","真亏你能说出口，这么辛酸的往事……。
听好了，我是站在你这边的。
我一定会帮你恢复原本的身体。",translated,库拉肯特,33b1a1baaa,br=0 nl=2,3,
inc/event/res/09/me09_03.txt#415#12,"なぁに、TXなんていうのは、
機材さえあればTz断層撮影と何にも変わらん、
お茶の子サイサイだ。","哎呀，所谓的ＴＸ，只要有设备，
就跟Ｔｚ断层扫描毫无区别，
根本就是小菜一碟。",translated,库拉肯特,891d89cf1d,br=0 nl=2,3,
inc/event/res/09/me09_03.txt#416#12,うぅ、ぅ……ほ、ほんとに……？,呜、呜……真、真的吗……？,translated,妮伊,a2a2c09641,br=0 nl=0,1,
inc/event/res/09/me09_03.txt#417#12,"本当だとも。イオナサルを７次元先に還せれば、
君にTXをしてやれる。","当然是真的。只要能把依欧娜萨鲁送回7次元彼方，
我就能为你实施ＴＸ。",translated,库拉肯特,3b7a1c8a1f,br=0 nl=1,2,
inc/event/res/09/me09_03.txt#418#12,君もまた、もとの自分に還れるというわけだ。,你也可以变回原本的自己了。,translated,库拉肯特,20318ccb6c,br=0 nl=0,1,
inc/event/res/09/me09_03.txt#419#12,ぐすっ……ひ、っく……。,抽泣……呃、呜……。,translated,妮伊,e68506a244,br=0 nl=0,1,
inc/event/res/09/me09_03.txt#420#12,"さぁ、今日はもう休もう。
一日休んで、いっぱい泣いて、
明日からまた元気になればいい。","好了，今天就先休息吧。
好好休息一天，痛痛快快哭一场，
明天再重新振作起来就行。",translated,库拉肯特,fb5db7574e,br=0 nl=2,3,
inc/event/res/09/me09_03.txt#421#12,元気になったら、また動き出そう。,等恢复了精神，再重新行动起来。,translated,库拉肯特,417ec68b69,br=0 nl=0,1,
inc/event/res/09/me09_03.txt#422#12,すべてを、あるべき姿へと還すために。,为了让一切，都重归原本应有的面貌。,translated,库拉肯特,8a0a426ad5,br=0 nl=0,1,
inc/event/res/09/me09_03.txt#423#12,……はい。,……嗯。,translated,妮伊,4628bdaa68,br=0 nl=0,1,
inc/event/res/09/me09_04.txt#30#12,ッ！！,！！,translated,莎丽,9b8622f226,br=0 nl=0,1,
inc/event/res/09/me09_04.txt#31#12,やっと見つけた……ネロ！！,终于找到了……妮诺！！,translated,莎丽,8e9fd673cc,br=0 nl=0,1,
inc/event/res/09/me09_04.txt#32#12,えっ！！？？,诶！！？？,translated,凯斯,177ac13a87,br=0 nl=0,1,
inc/event/res/09/me09_04.txt#33#12,サーリ、いま何て……。,莎丽，你刚才说什么……。,translated,阿达,e076fd74f4,br=0 nl=0,1,
inc/event/res/09/me09_04.txt#34#12,"ネ、ネロ！？
ウルゥリィヤちゃんが！？","妮、妮诺！？
乌鲁莉亚是妮诺！？",translated,白鹰,a380394344,br=0 nl=1,2,
inc/event/res/09/me09_04.txt#37#12,そうだ、その子がネロ！,没错，那个孩子就是妮诺！,translated,莎丽,0a6b51cda3,br=0 nl=0,1,
inc/event/res/09/me09_04.txt#38#12,そんな……！,怎么会……！,translated,凯斯,5417777c72,br=0 nl=0,1,
inc/event/res/09/me09_04.txt#39#12,"……ばれちゃった。
生身では初めまして、みんな。","……被识破了呢。
肉身相见还是第一次呢，大家。",translated,妮诺,0e6bdfc0dc,br=0 nl=1,2,
inc/event/res/09/me09_04.txt#46#12,"あ、あんたがネロ！？
ター坊の体を乗っ取って、
危ない目に遭わせた……！","你、你就是妮诺！？
夺走阿达的身体、
让他陷入危险的……！",translated,凯斯,45c03fbea9,br=0 nl=2,3,
inc/event/res/09/me09_04.txt#47#12,"あぁ、そうだったね。
あのときはありがと、ター坊。助かった。","啊，是这样呢。
那时候谢谢你啦，阿达。帮大忙了。",translated,妮诺,27086c83ba,br=0 nl=1,2,
inc/event/res/09/me09_04.txt#48#12,"って言われても、
オレ何も覚えてねーし……。","就算你这么说，
我也根本什么都不记得啊……。",translated,阿达,187cf9451e,br=0 nl=1,2,
inc/event/res/09/me09_04.txt#49#12,"バカター坊！
何のん気なこと言ってんのよ！","笨蛋阿达！
你在说什么悠闲的话啊！",translated,凯斯,b02c3b6ff9,br=0 nl=1,2,
inc/event/res/09/me09_04.txt#50#12,"こいつのせいでジルに連れてかれたあんたを、
みんながどんな思いで助けたか！","因为这家伙你被吉鲁带走，
大家是怀着怎样的心情把你救出来的啊！",translated,凯斯,9c8ba5f2a4,br=0 nl=1,2,
inc/event/res/09/me09_04.txt#51#12,"だぁからさー、オレにはわかんねーっての。
もういいよそんなこと。","所以都说了嘛，我根本不知道啊。
那种事就算了吧。",translated,阿达,31f084c546,br=0 nl=1,2,
inc/event/res/09/me09_04.txt#52#12,はぁ！？,哈啊！？,translated,凯斯,a4ac2a427f,br=0 nl=0,1,
inc/event/res/09/me09_04.txt#53#12,"ウルゥリィヤはもう団員なんだぜ？
さっきあれだけ楽しく遊んだんだし、
オレがいいならもういいじゃん！","乌鲁莉亚已经是团员了耶？
刚才玩得那么开心，
既然我都觉得没所谓了，那就算了吧！",translated,阿达,3d197e9c38,br=0 nl=2,3,
inc/event/res/09/me09_04.txt#54#12,そういう問題じゃない！,根本不是那种问题！,translated,凯斯,0d23d4dce8,br=0 nl=0,1,
inc/event/res/09/me09_04.txt#66#12,"ター坊、ごめんね。
あなたの体を借りるしか方法がなかった。","阿达，对不起哦。
我当时只能借用你的身体。",translated,妮诺,37c5408816,br=0 nl=1,2,
inc/event/res/09/me09_04.txt#67#12,"長い間閉じ込められていた私の精神が、
ネプトロンのおかげでようやく顕在できた。","长期被禁锢的我的精神，
多亏了尼普特伦才好不容易显现出来。",translated,妮诺,e993b03870,br=0 nl=1,2,
inc/event/res/09/me09_04.txt#68#12,"あのチャンスを逃していたら、
私はまた永遠に閉じ込められて、
苦しみから逃れられなかった。","要是错过了那个机会，
我就会再次被永远囚禁，
无法摆脱痛苦。",translated,妮诺,e6bb9d495b,br=0 nl=2,3,
inc/event/res/09/me09_04.txt#69#12,"だからって、やっていいことと悪いことが
あるわ！！",就算是那样，事情也是分该做和不该做的！！,translated,凯斯,accb897c43,br=0 nl=1,2,
inc/event/res/09/me09_04.txt#70#12,"危ない目に遭わされたのはター坊だけじゃない！　
それに、お父様だって……
あなたに殺されたようなものよ！","遭遇危险的可不止阿达一个人！
而且，就连我的父亲也……
可以说是被你杀害的啊！",translated,凯斯,68a7140f1f,br=0 nl=2,3,
inc/event/res/09/me09_04.txt#72#12,"あんたが現れてから、
世界はめちゃくちゃになったわ！","自从你出现之后，
世界变得一团糟了啊！",translated,凯斯,1857821832,br=0 nl=1,2,
inc/event/res/09/me09_04.txt#73#12,"たくさんの人が苦しめられて……
死んじゃった人だっていっぱいいるの！
そんなの、絶対に許せない！","许多人饱受痛苦折磨……
连死去的人都有那么多！
那种事情，我绝对无法原谅！",translated,凯斯,6ada3e2ab1,br=0 nl=2,3,
inc/event/res/09/me09_04.txt#74#12,わかってもらおうとは、思わないよ。,我并没有指望你们能理解我哦。,translated,妮诺,a7f29b715c,br=0 nl=0,1,
inc/event/res/09/me09_04.txt#75#12,何ですって！？,你说什么！？,translated,凯斯,527d88e2bd,br=0 nl=0,1,
inc/event/res/09/me09_04.txt#79#12,待て、キャス。,等等，凯斯。,translated,莎丽,12fe204522,br=0 nl=0,1,
inc/event/res/09/me09_04.txt#80#12,"とにかくこんな場所で騒ぐのはよくない。
どうして君たちがここにいるのか、
僕も知りたい。","总之在这样的地方大吵大闹并不合适。
我也很想知道，
为什么你们会出现在这里。",translated,莎丽,ae82706fee,br=0 nl=2,3,
inc/event/res/09/me09_04.txt#81#12,どこかで落ち着いて話そう。,找个地方坐下来好好聊聊吧。,translated,莎丽,319068fa9e,br=0 nl=0,1,
inc/event/res/09/me09_04.txt#82#12,"わかったわ……。
私、なんだかさっきから頭も体も
ふらふらして……。","我知道了……。
不知为什么，我从刚才起头脑和身体
就晕乎乎的……。",translated,凯斯,4e257ca79a,br=0 nl=2,3,
inc/event/res/09/me09_04.txt#83#12,お、オレも……。,我、我也是……。,translated,阿达,2f833cec81,br=0 nl=0,1,
inc/event/res/09/me09_04.txt#84#12,"かなり遊んでたからッスかね。
俺もヘトヘトッス。","大概是因为玩得太疯了吧。
我也已经筋疲力尽了。",translated,白鹰,48f1776a24,br=0 nl=1,2,
inc/event/res/09/me09_04.txt#100#12,"さぁ、教えてくれ。
どうして君たちがぱれす・にゅろきーるにいる？","那么，告诉我吧。
你们为什么会在喵洛基鲁・王宫？",translated,莎丽,ae87b1b4ad,br=0 nl=1,2,
inc/event/res/09/me09_04.txt#101#12,……わかんないの。,……不知道。,translated,凯斯,66cc2268f3,br=0 nl=0,1,
inc/event/res/09/me09_04.txt#102#12,何？,什么？,translated,莎丽,099228cf66,br=0 nl=0,1,
inc/event/res/09/me09_04.txt#103#12,"{コロン・フォーシーズン}のあんたの家で、
PLASMAに踏み込まれて、
捕まって……そこまでしか覚えてない。","在{克隆四季}你的家里被PLASMA破门而入，
被抓走……我只记得这么多了。",translated,凯斯,c1137ba194,br=1 nl=2,3,keep-terms {コロン・フォーシーズン}
inc/event/res/09/me09_04.txt#103#14,ラシェーラの太陽・ベゼルが赤色巨星になった中で、<CR>唯一、四季が存在するコロン。<CR>コロン全体が緑で覆われており、気候コントローラによって湿度と気温を操作し、春夏秋冬を再現している。<CR>四季に彩られた美しいコロンだが、居住審査はもちろん入場審査もかなり厳しく設置されている。<CR>多額のお金は当然ながら必要だが、それ以外も経歴や<CR>近親縁者まで含む前科など厳しい基準が存在する。<CR>それ故に、コロン・フォーシーズンは超上流階級コロンとして知られており、滅多なことでは入ることすら出来ない。人口も５万人規模のコロンであるにも関わらず、１００～２００人程度とかなり少ない。,在拉榭拉的太阳贝泽尔化为红巨星的环境中，<CR>唯一存在四季轮转的克隆。<CR>整个克隆被绿植所覆盖，通过气候控制器调节湿度和气温，重现了春夏秋冬的景象。<CR>虽然是被四季色彩装点得极其美丽的克隆，但不仅是居住审查，连入场审查都设置得异常严苛。<CR>除了必须具备巨额财富之外，还存在着包括前科以及殃及近亲在内的严苛考核标准。<CR>因此，克隆四季作为超上流阶层的克隆而闻名遐迩，寻常人等甚至连踏入其中都根本不可能。虽然是拥有5万人容纳规模的克隆，但人口却相当稀少，仅有100至200人左右。,translated,凯斯,888763bb80,<CR> <CR> <CR> <CR> <CR> <CR> br=0 nl=0,1,keep-tags <CR>; src-longest-line=295
inc/event/res/09/me09_04.txt#104#12,オレも。,我也是。,translated,阿达,3e0f9b21b2,br=0 nl=0,1,
inc/event/res/09/me09_04.txt#105#12,"俺もッス。
まぁでも、そのへんはあんま気になんない
っていうか。","我也是。
嘛，不过那方面我倒不太在意就是了。",translated,白鹰,896310a23b,br=0 nl=2,3,
inc/event/res/09/me09_04.txt#106#12,気に……ならない？,不……在意？,translated,莎丽,e9184bbc96,br=0 nl=0,1,
inc/event/res/09/me09_04.txt#107#12,"だって実際オレたちはぱれす・にゅろきーるに
来てんだ、PLASMAとは何のかんけーも
ないじゃん？","毕竟实际上我们都到了喵洛基鲁・王宫，
跟PLASMA根本没有任何关系嘛？",translated,阿达,93a0c62cc1,br=0 nl=2,3,
inc/event/res/09/me09_04.txt#108#12,"この人混みの中にいりゃあ、
見つかることもねーしって思って、
遊びまくってたのさ。","我想着只要混在这熙熙攘攘的人群里，
肯定也不会被发现，
所以就尽情畅玩了。",translated,阿达,927fcae398,br=0 nl=2,3,
inc/event/res/09/me09_04.txt#109#12,"PLASMAに捕まるのと、にゅろきーと
遊んでるのと……どっちがいいかなんて
考えるまでもないじゃない？","是被PLASMA抓住好，还是和喵洛基
一起玩好……这根本用不着想吧？",translated,凯斯,d1f9e29260,br=0 nl=2,3,
inc/event/res/09/me09_04.txt#110#12,"ずっとここにいられれば、
ほかのことなんてどーでもいいって感じ♪","只要能一直待在这里，
别的事情怎样都无所谓啦♪",translated,凯斯,8d3e0ce195,br=0 nl=1,2,
inc/event/res/09/me09_04.txt#112#12,"ここがPLASMAと関係がないと思ってるなら、
大間違いだ。","如果你们以为这里和PLASMA没有关系，
那就大错特错了。",translated,莎丽,5aaf5121b4,br=0 nl=1,2,
inc/event/res/09/me09_04.txt#113#12,え？,诶？,translated,凯斯,5590ff8011,br=0 nl=0,1,
inc/event/res/09/me09_04.txt#114#12,"この広大なパークの地下には、
天文直轄の巨大な研究所があるとわかったんだ。","我已经查明，在这片庞大乐园的地下，
存在着由天文直辖的巨大研究所。",translated,莎丽,04c5277796,br=0 nl=1,2,
inc/event/res/09/me09_04.txt#115#12,"ぱれす・にゅろきーるは、
研究所の隠れみのにすぎない。","喵洛基鲁・王宫，
不过是研究所的障眼法罢了。",translated,莎丽,b31ff2a0b3,br=0 nl=1,2,
inc/event/res/09/me09_04.txt#116#12,"そんなこと言ってぇ、サーリだって
にゅろきーと遊びたかっただけでしょ。","话是这么说，莎丽你其实
也只是想和喵洛基一起玩而已吧。",translated,凯斯,45af5c0ae3,br=0 nl=1,2,
inc/event/res/09/me09_04.txt#117#12,そっ、そんなことない！,才、才没有那回事！,translated,莎丽,7abbae560b,br=0 nl=0,1,
inc/event/res/09/me09_04.txt#118#12,"僕はジェノミライへ行って、
PLASMAと交渉したんだ。
その結果、協力することになった。","我是去了杰诺米莱伊，
与PLASMA进行交涉。
结果达成了协助他们的协议。",translated,莎丽,bfef841b6e,br=0 nl=2,3,
inc/event/res/09/me09_04.txt#119#12,"なぁんだ、じゃ結局サーリも自分から
ここへ来たんじゃん。","什么嘛，结果莎丽不也是自己
跑到这里来的嘛。",translated,阿达,de2918d428,br=0 nl=1,2,
inc/event/res/09/me09_04.txt#120#12,"協力は形だけのことだ！
ネロを追って地上へ出てきただけで、
遊びに来たわけじゃない！","协助只是表面形式而已！
我只是为了追踪妮诺才来到地上的，
可不是跑来玩的！",translated,莎丽,72d242e43d,br=0 nl=2,3,
inc/event/res/09/me09_04.txt#121#12,"まぁでも、協力することになったんなら
PLASMAも怖くないんじゃないッスか？","嘛，不过既然达成了协助协议，
那PLASMA不就没什么好害怕的了吗？",translated,白鹰,4235387608,br=0 nl=1,2,
inc/event/res/09/me09_04.txt#122#12,"そーだよな。天文の研究所ったって、
地下なら関係ないし。
スポンサーになってるってだけじゃね？","就是说啊。就算说是天文的研究所，
既然在地下就跟我们没关系嘛。
不就是充当赞助商而已吗？",translated,阿达,979dcdfe2f,br=0 nl=2,3,
inc/event/res/09/me09_04.txt#123#12,"きっと、天文が遠くの星からたっくさんの
にゅろきーを連れて来るための
研究をしてるんだわ。すてきー♪","肯定是天文在进行从遥远星球
带回许多喵洛基的研究呢。
太棒了♪",translated,凯斯,0152510df3,br=0 nl=2,3,
inc/event/res/09/me09_04.txt#124#12,な……どうしたんだ、君たちは！？,怎……怎么回事，你们到底是怎么了！？,translated,莎丽,43bf315392,br=0 nl=0,1,
inc/event/res/09/me09_04.txt#125#12,"確かに、僕だってにゅろきーは大好きだ。
ここへだって来てみたかった。","诚然，我也非常喜欢喵洛基。
也确实想来这里看看。",translated,莎丽,c460429271,br=0 nl=1,2,
inc/event/res/09/me09_04.txt#126#12,"けど、いまは遊んでいられる状況じゃない。
どうしてそんな楽観的な発想ができるんだ？","但是，现在根本不是能玩乐的状况。
你们为什么会有这么乐观的想法？",translated,莎丽,98e048f61a,br=0 nl=1,2,
inc/event/res/09/me09_04.txt#127#12,あっ、そりゃあルール違反だぜサーリ！,啊，那可是违反规则的哦，莎丽！,translated,阿达,066443e50a,br=0 nl=0,1,
inc/event/res/09/me09_04.txt#128#12,何？,什么？,translated,莎丽,099228cf66,br=0 nl=0,1,
inc/event/res/09/me09_04.txt#129#12,ぱれす・にゅろきーるは夢の国よ？,喵洛基鲁・王宫可是梦想的国度哦？,translated,凯斯,95855e131e,br=0 nl=0,1,
inc/event/res/09/me09_04.txt#130#12,"なーんにもおもしろくない現実を持ち込むのは、
ヤボってもんスよ♪","把一点意思都没有的现实带进来，
那也太不解风情了吧♪",translated,白鹰,d25bca7f4a,br=0 nl=1,2,
inc/event/res/09/me09_04.txt#131#12,白鷹まで……。,连白鹰也……。,translated,莎丽,0a06c1e155,br=0 nl=0,1,
inc/event/res/09/me09_04.txt#132#12,（どういうこと……見損なったぞ、白鷹）,（这是怎么回事……我看错你了，白鹰）,translated,莎丽,c030df0e89,br=0 nl=0,1,
inc/event/res/09/me09_04.txt#133#12,"君たちの最後の記憶が確かなら、
ここへ連れて来られたのはPLASMAの
企みじゃないか。","如果你们最后的记忆属实，
被带到这里不就是PLASMA的阴谋吗。",translated,莎丽,a74f3c5c22,br=0 nl=2,3,
inc/event/res/09/me09_04.txt#134#12,それをおかしいとは思わないのか？,你们不觉得这很反常吗？,translated,莎丽,f2fdb530ff,br=0 nl=0,1,
inc/event/res/09/me09_04.txt#135#12,"結果オーライッスよ！
実際楽しいんスから。","结果好就一切都好啦！
反正实际上很开心嘛。",translated,白鹰,a1e510c441,br=0 nl=1,2,
inc/event/res/09/me09_04.txt#136#12,"そんな……偶然僕と会えたからいいようなものの、
そうじゃなければ君たちはずっとここで──。","怎么会……多亏偶然遇到了我才算好，
不然的话你们岂不是会一直在这里――",translated,莎丽,55a6594d42,br=0 nl=1,2,
inc/event/res/09/me09_04.txt#147#12,"偶然じゃないわ。
必然。","不是偶然哦。
是必然。",translated,妮诺,a440e1f56e,br=0 nl=1,2,
inc/event/res/09/me09_04.txt#149#12,"そうか、これは君が俯瞰視点で創った
シナリオなんだな？","是吗，这是你利用俯瞰视点
创造出来的剧本吧？",translated,莎丽,ce68ea0413,br=0 nl=1,2,
inc/event/res/09/me09_04.txt#152#12,"勝手に部屋を出て行く前、君は一度眠ってた。
そのときに、未来のシナリオを選択したんだ。","在擅自离开房间之前，你曾经睡过一觉。
那时候，你就已经选好了未来的剧本。",translated,莎丽,8ed75e50b9,br=0 nl=1,2,
inc/event/res/09/me09_04.txt#153#12,……正解。,……回答正确。,translated,妮诺,dbbb5e9dad,br=0 nl=0,1,
inc/event/res/09/me09_04.txt#154#12,何をしようって言うんだ。,你到底打算做什么。,translated,莎丽,f077e6a3f8,br=0 nl=0,1,
inc/event/res/09/me09_04.txt#155#12,あそこへ行きたいの。,我想去那里。,translated,妮诺,803f7a8148,br=0 nl=0,1,
inc/event/res/09/me09_04.txt#166#12,何だって？,你说什么？,translated,莎丽,9beb033ef6,br=0 nl=0,1,
inc/event/res/09/me09_04.txt#167#12,あそこへ行きたい。,我想去那里。,translated,妮诺,e21442f1fa,br=0 nl=0,1,
inc/event/res/09/me09_04.txt#168#12,ちょ、ちょっと、あれ！？,等、等等，那个是！？,translated,凯斯,c7a01a0b17,br=0 nl=0,1,
inc/event/res/09/me09_04.txt#169#12,何かのアトラクション？,是某个游乐项目吗？,translated,阿达,b185fbae1c,br=0 nl=0,1,
inc/event/res/09/me09_04.txt#170#12,違うっしょ、パークの中じゃないッスよ！？,不对吧，那根本不在乐园里面啊！？,translated,白鹰,ff6b67a534,br=0 nl=0,1,
inc/event/res/09/me09_04.txt#171#12,何考えてるのこの子！,这孩子到底在想什么啊！,translated,凯斯,ceafbcbab8,br=0 nl=0,1,
inc/event/res/09/me09_04.txt#181#12,"……またロクでもないことを
考えてるんだろう。",……肯定又是在打什么鬼主意吧。,translated,莎丽,aba4081b10,br=0 nl=1,2,
inc/event/res/09/me09_04.txt#183#12,"勝手な真似をさせるわけにはいかない、
行かせないぞ。","我绝不会让你擅自胡来，
不会让你去的。",translated,莎丽,e1c92452ac,br=0 nl=1,2,
inc/event/res/09/me09_04.txt#184#12,……そう。,……是吗。,translated,妮诺,e42e6a37e5,br=0 nl=0,1,
inc/event/res/09/me09_04.txt#191#12,"みんな。
このパークはPLASMAの監視下にあるんだ。","大家。
这个乐园处于PLASMA的监视之下。",translated,莎丽,c0984c6a9d,br=0 nl=1,2,
inc/event/res/09/me09_04.txt#192#12,"記憶が途切れていきなりここにいたのなら、
そこには必ず関連性がある。
ここから早く出た方がいい。","如果记忆中断后突然出现在这里，
那其中必定有所关联。
最好还是快点离开这里。",translated,莎丽,8c637a3eda,br=0 nl=2,3,
inc/event/res/09/me09_04.txt#193#12,う、うぅん……。,唔、唔嗯……。,translated,凯斯,fef4ae1f70,br=0 nl=0,1,
inc/event/res/09/me09_04.txt#194#12,そこまで言うなら、まぁ……。,既然你都说到这个份上了，那就……。,translated,阿达,0daa42b925,br=0 nl=0,1,
inc/event/res/09/me09_04.txt#195#12,なごり惜しいッスけどねぇ……。,虽然有些依依不舍就是了……。,translated,白鹰,d532692e6e,br=0 nl=0,1,
inc/event/res/09/me09_04.txt#220#12,"あーあ、楽しかったぱれす・にゅろきーると
お別れかぁ……。","啊――啊，要和开心的
喵洛基鲁・王宫告别了吗……。",translated,凯斯,733f86a543,br=0 nl=1,2,
inc/event/res/09/me09_04.txt#221#12,"オレ、ここに一生住んでもいいくらいに
思ってたのに。","我本来都觉得在这里住一辈子
也完全可以的说。",translated,阿达,12aef58fae,br=0 nl=1,2,
inc/event/res/09/me09_04.txt#222#12,"PLASMAとか世界を救うとか……
こんなことに巻き込まれなきゃ、
もっとにゅろきーと遊んでられたのに。","要是没被卷进PLASMA、
还有拯救世界之类的麻烦事里，
本来还能和喵洛基多玩一会儿的。",translated,凯斯,41f6fa1e59,br=0 nl=2,3,
inc/event/res/09/me09_04.txt#223#12,"……決めた。
決めたッス！","……我决定了。
我决定了！",translated,白鹰,1225b68bcb,br=0 nl=1,2,
inc/event/res/09/me09_04.txt#224#12,どしたの？,怎么啦？,translated,凯斯,961009017e,br=0 nl=0,1,
inc/event/res/09/me09_04.txt#225#12,"俺、もうネットの裏社会とか天文の野望の
真相を暴くとか、そういうの一切やめるッス！","我再也不去搞网络地下社会，
或者揭露天文野心真相什么的了！",translated,白鹰,f98752a811,br=0 nl=1,2,
inc/event/res/09/me09_04.txt#226#12,"トロンから足を洗って、
カタギの生活に戻るッス！","我要从特伦这一行洗手不干，
回归正经人家的普通生活！",translated,白鹰,125c3a00cb,br=0 nl=1,2,
inc/event/res/09/me09_04.txt#245#12,ほ、本気か白鷹！？,你、你是认真的吗，白鹰！？,translated,莎丽,a02549f752,br=0 nl=0,1,
inc/event/res/09/me09_04.txt#246#12,"そんなことをしたら、白鷹は白鷹じゃ
なくなるぞ！？","要是那样做的话，
白鹰可就不是白鹰了啊！？",translated,莎丽,04a73aaca3,br=0 nl=1,2,
inc/event/res/09/me09_04.txt#247#12,"お前のアイデンティティは
バーチャルにあるはずだろう！？","你的身份认同
应该是在虚拟世界里的吧！？",translated,莎丽,2bda7bf032,br=0 nl=1,2,
inc/event/res/09/me09_04.txt#251#12,そっ、そんなっ……。,怎、怎么会……。,translated,白鹰,ae030665e9,br=0 nl=0,1,
inc/event/res/09/me09_04.txt#252#12,"だってこんなことに足を突っ込んでるから、
こうやって夢の国に来ても楽しんで
いられないんス。","因为插手了这种事情，
就算来到了梦想之国也没法尽情享受啊。",translated,白鹰,6020a05e73,br=0 nl=2,3,
inc/event/res/09/me09_04.txt#253#12,"俺自身のためにも、世界のためにも、
後ろ暗い活動はやめといた方がいいんス！","为了我自己，也为了世界，
见不得光的地下活动还是趁早不干为妙！",translated,白鹰,8ae0d12b4b,br=0 nl=1,2,
inc/event/res/09/me09_04.txt#254#12,白鷹……。,白鹰……。,translated,莎丽,1193b9e42f,br=0 nl=0,1,
inc/event/res/09/me09_04.txt#269#12,３人とも、ここを去ってからも気をつけるんだ。,你们三个人，离开这里之后也要小心。,translated,莎丽,01dbaeee91,br=0 nl=0,1,
inc/event/res/09/me09_04.txt#270#12,"フォーシーズンの僕の家はもう使えないから、
プラネタリー・メゾンや万寿沙羅のツテを
たどって――","四季的我家已经不能用了，
顺着行星公馆或者万寿沙罗的门路――",translated,莎丽,393ab86e52,br=0 nl=2,3,
inc/event/res/09/me09_04.txt#271#12,"落ち着ける場所が見つかったら、
静かに隠れるんだ。","只要找到能安顿下来的地方，
就悄悄藏起来。",translated,莎丽,087d949777,br=0 nl=1,2,
inc/event/res/09/me09_04.txt#272#12,"僕はいま天文に監視されてるから
うかつには動けないけど、必ず逃げ出す。
そしたら合流しよう。","我现在受到天文的监视，
虽然不能轻举妄动，但我一定会逃出来的。
到那时再汇合吧。",translated,莎丽,499c4cbcc7,br=0 nl=2,3,
inc/event/res/09/me09_04.txt#276#12,はぁ～い……。,好――的……。,translated,阿达・凯斯・白鹰,a6c6185257,br=0 nl=0,1,
inc/event/res/09/me09_04.txt#287#12,"結局、ウルゥリィヤは迷子なんかじゃ
なかったんだな。","结果，乌鲁莉亚根本不是什么
走丢的孩子啊。",translated,阿达,e7948b6e41,br=0 nl=1,2,
inc/event/res/09/me09_04.txt#288#12,まさかあのネロだったなんてね……。,真没想到居然会是那个妮诺呢……。,translated,凯斯,b0d270cc86,br=0 nl=0,1,
inc/event/res/09/me09_04.txt#289#12,あ、じゃあウルゥリィヤってのはただの偽名？,啊，那么乌鲁莉亚只是个假名吗？,translated,凯斯,caf2b775ba,br=0 nl=0,1,
inc/event/res/09/me09_04.txt#290#12,"うぅん。
本当の名前。","不是。
是真正的名字。",translated,妮诺,d512f44d0f,br=0 nl=1,2,
inc/event/res/09/me09_04.txt#291#12,むしろ、ネロの方がウソの名前。,不如说，妮诺才是假名。,translated,妮诺,72410f0f7c,br=0 nl=0,1,
inc/event/res/09/me09_04.txt#293#12,何か、お前も複雑なんだな……。,总觉得，你也有很多身不由己呢……。,translated,阿达,03cfba508e,br=0 nl=0,1,
inc/event/res/09/me09_04.txt#294#12,"せっかく入れてもらったけど、
救星イオン応援団からは私、追い出される？","难得让我加入了，
我会从救星依恩应援团里被赶出去吗？",translated,妮诺,1e4961efb9,br=0 nl=1,2,
inc/event/res/09/me09_04.txt#295#12,"んなわけねーだろ！
男が一度決めたことはくつがえさないっ。","怎么可能啊！
男子汉大丈夫，一言既出驷马难追。",translated,阿达,810449d2cb,br=0 nl=1,2,
inc/event/res/09/me09_04.txt#296#12,"あんたを許したわけじゃないけど、
いろいろあったことには同情するわ。
だから入れておいてあげる。","虽说我并没有原谅你，
但对你的遭遇还是有些同情的。
所以就让你留下来吧。",translated,凯斯,d42fdb1355,br=0 nl=2,3,
inc/event/res/09/me09_04.txt#297#12,ま、また会う機会があるなら、だけど。,嘛，虽然前提是以后还有机会再见面的话。,translated,凯斯,3335c58f71,br=0 nl=0,1,
inc/event/res/09/me09_04.txt#298#12,それと、応援団の掟！,还有，应援团的规矩！,translated,凯斯,ac99b94ead,br=0 nl=0,1,
inc/event/res/09/me09_04.txt#299#12,何？,什么？,translated,妮诺,099228cf66,br=0 nl=0,1,
inc/event/res/09/me09_04.txt#300#12,"「悪いことはしない」「人に迷惑をかけない」。
今後はあんたもちゃんと守りなさいよ！","“不做坏事”、“不给人添麻烦”。
今后你也要好好遵守哦！",translated,凯斯,daca6d169b,br=0 nl=1,2,
inc/event/res/09/me09_04.txt#301#12,そんな掟あったっけ？,有那种规矩来着吗？,translated,阿达,eda1bf5b99,br=0 nl=0,1,
inc/event/res/09/me09_04.txt#302#12,いま作ったのっ。,我刚刚定的啦。,translated,凯斯,9ab67c27a3,br=0 nl=0,1,
inc/event/res/09/me09_04.txt#303#12,んがくっ……。,噗咳……。,translated,阿达,2829b8cf00,br=0 nl=0,1,
inc/event/res/09/me09_04.txt#314#12,"……楽しかった。
キャス。ター坊。白鷹。","……真的很开心。
凯斯。阿达。白鹰。",translated,妮诺,d361d29877,br=0 nl=1,2,
inc/event/res/09/me09_04.txt#315#12,"ひさしぶりに……本当にひさしぶりに、
めいっぱい友達とはしゃいだ。","久违地……真的是久违地，
和朋友们尽情打闹欢笑了一场。",translated,妮诺,6e73fdad7c,br=0 nl=1,2,
inc/event/res/09/me09_04.txt#317#12,へへっ……。,嘿嘿……。,translated,阿达,629f93ae9e,br=0 nl=0,1,
inc/event/res/09/me09_04.txt#318#12,"それにしてもなー、パークパスニュロンは
あと何日分残ってたっけ？","话又说回来啊，主题乐园护照纽伦
还剩下几天来着？",translated,白鹰,738ae0fbb7,br=0 nl=1,2,
inc/event/res/09/me09_04.txt#319#12,えっと、あと５日分。,那个，还剩５天。,translated,凯斯,2039e3a576,br=0 nl=0,1,
inc/event/res/09/me09_04.txt#320#12,そ、そんなに！？,居、居然还有那么多！？,translated,阿达,1af1504b9e,br=0 nl=0,1,
inc/event/res/09/me09_04.txt#321#12,"もったいないッス！
こんな機会二度とないんスよ！？","太浪费了！
这种机会绝对不会有第二次了啊！？",translated,白鹰,7cdb7b2a0d,br=0 nl=1,2,
inc/event/res/09/me09_04.txt#325#12,"いい加減にしろ、白鷹！
３人とも、早くゲートを出るんだ！","适可而止一点，白鹰！
你们三个人，快点从大门出去！",translated,莎丽,cac9e3541e,br=0 nl=1,2,
inc/event/res/09/me09_04.txt#329#12,はぁ～い……。,好――的……。,translated,阿达・凯斯・白鹰,a6c6185257,br=0 nl=0,1,
inc/event/res/09/me09_04.txt#337#12,"お客様のパークパスニュロンは、
ネイティブパスとなっております。
期限が来るまではご退場いただけません。","尊敬的游客，您的主题乐园护照纽伦
属于本土通行证。
在有效期限届满前无法退场。",translated,广播,0a69bedab2,br=0 nl=2,3,
inc/event/res/09/me09_04.txt#338#12,"これは、ぱれす・にゅろきーるを最大限に
お楽しみいただくためのサービスと
なっております。ご了承ください。","这是为了让您能最大限度地畅玩
喵洛基鲁・王宫而提供的服务。
敬请谅解。",translated,广播,f0d95d470c,br=0 nl=2,3,
inc/event/res/09/me09_04.txt#345#12,え？,诶？,translated,妮诺,5590ff8011,br=0 nl=0,1,
inc/event/res/09/me09_04.txt#346#12,何だって！？,你说什么！？,translated,莎丽,5de068e5d4,br=0 nl=0,1,
inc/event/res/09/me09_04.txt#356#12,"きゃーー！
聞いた聞いたいまの！？","呀――！
听到了吗刚才那个！？",translated,凯斯,1f85d8cd8d,br=0 nl=1,2,
inc/event/res/09/me09_04.txt#357#12,出られないんじゃ仕方ないッスねー！,既然出不去那就没办法了呢！,translated,白鹰,f6565cd09a,br=0 nl=0,1,
inc/event/res/09/me09_04.txt#358#12,"よぉーっし！
夢の国に戻って、遊び放題だー！","好――嘞！
回梦想之国去，尽情畅玩啦！",translated,阿达,d262abdeef,br=0 nl=1,2,
inc/event/res/09/me09_04.txt#362#12,いぇーい！！,耶――！！,translated,阿达・凯斯・白鹰,a539ececf4,br=0 nl=0,1,
inc/event/res/09/me09_04.txt#366#12,"ちょ、ちょっと待つんだみんな！
わかってくれたはずだろ！？
危険なんだ！","等、等等啊大家！
你们刚才应该已经明白了吧！？
这里很危险的！",translated,莎丽,c87bb548be,br=0 nl=2,3,
inc/event/res/09/me09_04.txt#367#12,"そうは言うけど、
まだ楽しませてくれるってんだし……。","虽然你这么说，
但既然还能让我们继续玩……。",translated,白鹰,036313d45c,br=0 nl=1,2,
inc/event/res/09/me09_04.txt#368#12,まだそんなことを！,居然还在说这种话！,translated,莎丽,0fb8394e88,br=0 nl=0,1,
inc/event/res/09/me09_04.txt#388#12,"やぁ、きみたち！
もう帰っちゃうなんて、にゅろきー
寂しいにゅ！","呀，各位小朋友！
这么快就要回去，喵洛基
会觉得好寂寞喵！",translated,喵洛基,df695426f6,br=0 nl=2,3,
inc/event/res/09/me09_04.txt#389#12,"きゃー！
にゅろきー！！","呀！
喵洛基！！",translated,凯斯,4844d89407,br=0 nl=1,2,
inc/event/res/09/me09_04.txt#390#12,"いまこのパークで一番寂しい気持ちに
なってるキャスちゃんたちのために、
ボクはこれからみんなと遊ぶにゅ！","为了此刻在这座乐园里最感到寂寞的
凯斯小朋友你们，
我接下来要陪大家一起玩喵！",translated,喵洛基,cc32950170,br=0 nl=2,3,
inc/event/res/09/me09_04.txt#391#12,きゃーきゃー！,呀――呀――！,translated,凯斯,a8f5a341ad,br=0 nl=0,1,
inc/event/res/09/me09_04.txt#392#12,"聞いた、サーリ！？
いまにゅろきーがキャスちゃんって
呼んでくれた！！","听到了吗，莎丽！？
刚才喵洛基叫我凯斯酱了！！",translated,凯斯,c70ab0677d,br=0 nl=2,3,
inc/event/res/09/me09_04.txt#393#12,"どう？　にゅろきーと遊べるのは私、
私なのよっ！　しょせんあんたは私に
かなわないってことね♪","怎么样？能和喵洛基一起玩的可是我，
是我哦！说到底你终究比不过我嘛♪",translated,凯斯,6abc8592e2,br=0 nl=2,3,
inc/event/res/09/me09_04.txt#406#12,ぁ……。,啊……。,translated,莎丽,5f6a5186b2,br=0 nl=0,1,
inc/event/res/09/me09_04.txt#407#12,（おかしい、これはやっぱり変だ）,（好奇怪，这果然很不正常）,translated,莎丽,204e32a91b,br=0 nl=0,1,
inc/event/res/09/me09_04.txt#408#12,"（きっと天文の罠だ。
　何かまた恐ろしいことを企んでる、
　野放しにしちゃいけない）","（肯定又是天文的陷阱。
　他们肯定在企图搞什么可怕的名堂，
　绝对不能放任不管）",translated,莎丽,5ee9e4f810,br=0 nl=2,3,
inc/event/res/09/me09_04.txt#409#12,"（よりにもよってにゅろきーを使って……
　何をする気だ！？）","（偏偏利用喵洛基……
　他们到底想干什么！？）",translated,莎丽,09602f5c35,br=0 nl=1,2,
inc/event/res/09/me09_04.txt#410#12,（これはにゅろきーに対する冒涜だ！！）,（这是对喵洛基的亵渎！！）,translated,莎丽,78bc0babf7,br=0 nl=0,1,
inc/event/res/09/me09_04.txt#411#12,"さぁキャスちゃん、またパークで
にゅろきーと遊ぼうにゅ♪","来吧凯斯小朋友，再在乐园里
和喵洛基一起玩喵♪",translated,喵洛基,ff40487047,br=0 nl=1,2,
inc/event/res/09/me09_04.txt#412#12,はーい♪,好――♪,translated,凯斯,f50151d240,br=0 nl=0,1,
inc/event/res/09/me09_04.txt#413#12,みんなも、さぁ行こうにゅ！,其他人也快走吧喵！,translated,喵洛基,48265147ac,br=0 nl=0,1,
inc/event/res/09/me09_04.txt#418#12,ひゃっほーい！,呀嗬――！,translated,白鹰,f40df65e9e,br=0 nl=0,1,
inc/event/res/09/me09_04.txt#422#12,ウルゥリィヤ、行こうぜっ！,乌鲁莉亚，走吧！,translated,阿达,f71960f569,br=0 nl=0,1,
inc/event/res/09/me09_04.txt#431#12,"待つんだネロ、君は行くな！
僕の大切な友達にもう関わるな！","等等妮诺，你别去！
别再跟我重要的朋友们扯上关系了！",translated,莎丽,22d492afa4,br=0 nl=1,2,
inc/event/res/09/me09_04.txt#432#12,"私もイオン応援団に入ったの。
だから、私も友達。友達なのは私。","我也加入依恩应援团了。
所以，我也是朋友。我才是朋友。",translated,妮诺,7739bc367d,br=0 nl=1,2,
inc/event/res/09/me09_04.txt#433#12,くっ……！,咕……！,translated,莎丽,860177663c,br=0 nl=0,1,
inc/event/res/09/me09_04.txt#434#12,"（くそ、ここで離れて逃げられでもしたら、
　取り返しがつかない）","（可恶，要是在这里跟丢让她逃跑了，
　那可就无法挽回了）",translated,莎丽,4585ec90ec,br=0 nl=1,2,
inc/event/res/09/me09_04.txt#435#12,"……わかった。絶対に勝手な行動はするな。
行くならそれが条件だ、僕も一緒に行く。","……我知道了。绝对不许擅自行动。
要去的话这就是条件，我也一起去。",translated,莎丽,22acb138ba,br=0 nl=1,2,
inc/event/res/09/me09_04.txt#436#12,……いいよ。,……可以哦。,translated,妮诺,eb395af1f9,br=0 nl=0,1,
inc/event/res/09/me09_04.txt#449#12,"やぁみんな！
ボクはにゅろきー♪","呀，各位！
我是喵洛基♪",translated,喵洛基,29678eacc7,br=0 nl=1,2,
inc/event/res/09/me09_04.txt#450#12,"にゅろーん星からみんなの願いをかなえる
ためにやってきた、幸せの王子様だにゅ♪","是从喵隆星远道而来实现大家愿望的、
幸福王子殿下喵♪",translated,喵洛基,1f7e25eb66,br=0 nl=1,2,
inc/event/res/09/me09_04.txt#454#12,知ってまーす！,知道啦――！,translated,阿达・凯斯・白鹰,6865dad73c,br=0 nl=0,1,
inc/event/res/09/me09_04.txt#455#12,"ボクはみんなに、夢と希望を与えるにゅ。
さぁ、みんなの願いは何かにゅー？","我会带给大家梦想与希望喵。
来，大家的愿望是什么喵――？",translated,喵洛基,ae9ed69c37,br=0 nl=1,2,
inc/event/res/09/me09_04.txt#456#12,"いまから一人ずつ、自分が本当にかなえたい
願いを大きな声で言ってみようにゅー！","现在大家挨个大声说出
自己真正想实现的愿望喵――！",translated,喵洛基,e486bfd32f,br=0 nl=1,2,
inc/event/res/09/me09_04.txt#460#12,はぁ～い♪♪,好――的♪♪,translated,阿达・凯斯・白鹰,8e48654568,br=0 nl=0,1,
inc/event/res/09/me09_04.txt#461#12,"そうすれば、願いはボクに伝わるにゅ♪
ボクは君のビジョンを実現するために、
いろんな魔法で人生をサポートするにゅ♪","这样一来，愿望就会传达给我喵♪
我会为了实现你们的愿景，
用各种各样的魔法支援你的人生喵♪",translated,喵洛基,848ca4a027,br=0 nl=2,3,
inc/event/res/09/me09_04.txt#465#12,やったぁー！！,太棒啦――！！,translated,阿达・凯斯・白鹰,d0b839f6ce,br=0 nl=0,1,
inc/event/res/09/me09_04.txt#466#12,それじゃ、最初に願いをさけぶのは誰かにゅー？,那么，第一个喊出愿望的是谁喵――？,translated,喵洛基,1a8a79c726,br=0 nl=0,1,
inc/event/res/09/me09_04.txt#467#12,はいはい！　はーい！,我我！我来！,translated,凯斯,14fba602de,br=0 nl=0,1,
inc/event/res/09/me09_04.txt#468#12,"うん、キャスちゃん！
さすがキャスちゃん、将来有望だにゅ♪","嗯，凯斯小朋友！
真不愧是凯斯，前途无量喵♪",translated,喵洛基,25d512d658,br=0 nl=1,2,
inc/event/res/09/me09_04.txt#469#12,"それじゃあさっそく、大声でキャスちゃんの
夢を叫んでみようにゅ♪
せーのっ！","那么事不宜迟，请凯斯小朋友
大声喊出你的梦想喵♪
预备――！",translated,喵洛基,a0c386e260,br=0 nl=2,3,
inc/event/res/09/me09_04.txt#478#12,"ター坊のお嫁さんになって、
しあわせにくらすーーー！！！","成为阿达的新娘，
幸福地生活在一起――！！！",translated,凯斯,98f16f0b71,br=0 nl=1,2,
inc/event/res/09/me09_04.txt#487#12,いぇーい！！,耶――！！,translated,阿达,a539ececf4,br=0 nl=0,1,
inc/event/res/09/me09_04.txt#488#12,いいぞキャスちゃーん！,好样儿的凯斯酱――！,translated,白鹰,e1bfbdc25f,br=0 nl=0,1,
inc/event/res/09/me09_04.txt#492#12,次、オレオレ！,下一个，我来我来！,translated,阿达,02e9a414a5,br=0 nl=0,1,
inc/event/res/09/me09_04.txt#493#12,"よーしター坊、君の夢は何かにゅ？
せーのっ！","好嘞阿达，你的梦想是什么喵？
预备――！",translated,喵洛基,ffc74d4059,br=0 nl=1,2,
inc/event/res/09/me09_04.txt#497#12,"PLASMAに入隊して、世界中の悪いヤツを
ボッコボコにやっつけてやるぜーー！！","加入PLASMA，把全世界的坏蛋
全都揍得落花流水――！！",translated,阿达,155103364d,br=0 nl=1,2,
inc/event/res/09/me09_04.txt#506#12,ステキよター坊ー！！,太帅气了阿达――！！,translated,凯斯,76b4686813,br=0 nl=0,1,
inc/event/res/09/me09_04.txt#507#12,ター坊ならできるぜーっ！,是阿达的话肯定能做到――！,translated,白鹰,24a078d564,br=0 nl=0,1,
inc/event/res/09/me09_04.txt#508#12,"さぁ次は君だにゅ、白鷹っ。
せーのっ！","好，接下来轮到你了喵，白鹰。
预备――！",translated,喵洛基,18effc77e8,br=0 nl=1,2,
inc/event/res/09/me09_04.txt#512#12,"プリティベリーちゃん１／１フィギュアを、
俺の最高のMOEを叩きつけて創り上げるっ！　
そんでもって──","倾注我毕生最高的萌之力，
打造出靓丽浆果酱的１比１手办！
而且还要――",translated,白鹰,d121509b4a,br=0 nl=2,3,
inc/event/res/09/me09_04.txt#513#12,"プリティベリーちゃん博物館を創設して、
世界中にこの最高のMOEを配信するぜーーー！！","创立靓丽浆果酱博物馆，
向全世界传播这份无上的萌―――！！",translated,白鹰,970dab230f,br=0 nl=1,2,
inc/event/res/09/me09_04.txt#525#12,へっっくしょーん！！,阿――秋――！！,translated,妮伊,ae1635ee19,br=0 nl=0,1,
inc/event/res/09/me09_04.txt#536#12,"どうした、カゼか？
ばい菌にカゼをひかせて退治する
「眼には眼をドラッグ」ならあるぞ？","怎么了，感冒了吗？
我这里倒是有让细菌感冒以此消灭它的
“以眼还眼特效药”哦？",translated,库拉肯特,3486d91da2,br=0 nl=2,3,
inc/event/res/09/me09_04.txt#537#12,いぇ、いいです……。,不、不用了……。,translated,妮伊,4ce8001de9,br=0 nl=0,1,
inc/event/res/09/me09_04.txt#538#12,"ぐすっ。どーしたんだろ、ヒドい寒気が
いま一瞬あたしを包み込んだんだけど……。","抽鼻子。怎么回事啊，刚才一瞬间
有一股强烈的恶寒笼罩了我……。",translated,妮伊,5f72450111,br=0 nl=1,2,
inc/event/res/09/me09_04.txt#549#12,あれは！,那是！,translated,莎丽,261026077d,br=0 nl=0,1,
inc/event/res/09/me09_04.txt#550#12,"あれじゃまるで、にゅろきーに
洗脳でもされてるみたいじゃないか！","那样子简直就像被喵洛基
洗脑了一样不是吗！",translated,莎丽,bc67903b57,br=0 nl=1,2,
inc/event/res/09/me09_04.txt#551#12,"そう……
たぶん、精神をやられてるんだと思う。","是啊……
我想大概是精神遭受侵蚀了。",translated,妮诺,d8dd202586,br=0 nl=1,2,
inc/event/res/09/me09_04.txt#552#12,"！！
物騒なことを言わないで！","！！
别说这么吓人的话！",translated,莎丽,e2bd355827,br=0 nl=1,2,
inc/event/res/09/me09_04.txt#553#12,"いいえ、たぶん間違いない。
意識を掴まれてる。","不，恐怕绝不会错。
意识已经被牢牢控制住了。",translated,妮诺,0926459a04,br=0 nl=1,2,
inc/event/res/09/me09_04.txt#554#12,"そんな……じゃあ君が未来を先読みするとかして、
みんなを助けてくれ！
俯瞰視点が使えるんだろう！？","怎么会……那你快去预读未来什么的，
救救大家啊！
你不是能使用俯瞰视点吗！？",translated,莎丽,894cd35e5b,br=0 nl=2,3,
inc/event/res/09/me09_04.txt#555#12,"それは無理。
いいえ、無理じゃないけど、時間がかかる。
ここへ来る前、眠っていたくらいの時間は。","那办不到。
不，虽然并非不可能，但需要时间。
大约需要来这里之前睡的那种时长。",translated,妮诺,5b079c1a5b,br=0 nl=2,3,
inc/event/res/09/me09_04.txt#556#12,どういうこと？,这是什么意思？,translated,莎丽,e692803732,br=0 nl=0,1,
inc/event/res/09/me09_04.txt#557#12,"私は確かにイオナサルよりは俯瞰視点を
自在に使える。でもそれは、世界のすべてを
見渡せるようなものじゃない。","我比起依欧娜萨鲁确实能更自如地使用
俯瞰视点。但这并不意味着能够俯瞰世界的全部。",translated,妮诺,21c7da8268,br=0 nl=2,3,
inc/event/res/09/me09_04.txt#558#12,"『このとき、これを、こうすれば、
こう返ってくる』というのを一瞬で、
かつ正確に掴むことができるだけ。","仅仅只是能在一瞬间准确把握住
“在此时此刻，把这个这样做，
就会得到这样的反馈”而已。",translated,妮诺,4e129fb082,br=0 nl=2,3,
inc/event/res/09/me09_04.txt#559#12,"だからまずは、『こうしたらどうなる？』
というのを想像しなきゃいけない。","所以首先必须去想象
“如果这么做会变成怎样？”才行。",translated,妮诺,4a06f5b406,br=0 nl=1,2,
inc/event/res/09/me09_04.txt#560#12,"それを無数に積み重ねていって、やっと
『１つの可能性軸の未来』を見ることができる。","将无数次这种推演层层累加之后，
才好不容易能看到“某个可能性轴上的未来”。",translated,妮诺,58c2cfc8f9,br=0 nl=1,2,
inc/event/res/09/me09_04.txt#561#12,案外不便な技能なんだな、俯瞰視点というのも。,俯瞰视点这技能，意外地很不方便呢。,translated,莎丽,960461e173,br=0 nl=0,1,
inc/event/res/09/me09_04.txt#562#12,"そう、いまはね。
でも潜在意識では本当にすべてを俯瞰する
ことができてた。","对，目前确实如此。
但在潜意识状态下，曾真的能俯瞰一切。",translated,妮诺,605245aed4,br=0 nl=2,3,
inc/event/res/09/me09_04.txt#563#12,潜在意識……？,潜意识……？,translated,莎丽,da0a105fe3,br=0 nl=0,1,
inc/event/res/09/me09_04.txt#564#12,"シェルノトロンサーバーでは、
私の潜在意識の力が使われてた。","在榭鲁诺特伦服务器里，
曾利用过我的潜意识之力。",translated,妮诺,f897934431,br=0 nl=1,2,
inc/event/res/09/me09_04.txt#565#12,"でもいまは使えない。
顕在意識では、これが限界。","但现在用不了。
在显意识状态下，这就是极限了。",translated,妮诺,b2f763eb61,br=0 nl=1,2,
inc/event/res/09/me09_04.txt#566#12,"いいだろう。
裏技が使えないなら、実力行使しかない。
力づくで助けに行く。","好吧。
既然用不了捷径，那就只有诉诸武力了。
用蛮力去救他们。",translated,莎丽,25d013d8a1,br=0 nl=2,3,
inc/event/res/09/me09_04.txt#567#12,"私も行く。
救星イオン応援団の危機、でしょ？","我也去。
这也是救星依恩应援团的危机，对吧？",translated,妮诺,f95b9cddec,br=0 nl=1,2,
inc/event/res/09/me09_04.txt#568#12,"こんなとき、私がサーバーの中にいたなら
すべてのシェルノトロンユーザーを
味方につけられたのに。","要是这种时候我还在服务器里，
本可以让所有榭鲁诺特伦用户
都成为同伴的。",translated,妮诺,6d7d79ed9e,br=0 nl=2,3,
inc/event/res/09/me09_04.txt#569#12,いまはとっても、無力。,现在却极其无能为力。,translated,妮诺,5c2afdce12,br=0 nl=0,1,
inc/event/res/09/me09_04.txt#585#12,にゅろきー！！,喵洛基！！,translated,莎丽,673d77244d,br=0 nl=0,1,
inc/event/res/09/me09_04.txt#588#12,"んー？
君は、サーリちゃんだったにゅ？","嗯――？
你是莎丽小朋友喵？",translated,喵洛基,e0ac9f7efa,br=0 nl=1,2,
inc/event/res/09/me09_04.txt#589#12,"あなた、本当ににゅろきー？
にゅろきーの見た目をしているだけで、
中身はウソっぱちじゃないのか？","你真的是喵洛基吗？
会不会只是披着喵洛基的外表，
内在其实是个大骗子？",translated,莎丽,428645f5e5,br=0 nl=2,3,
inc/event/res/09/me09_04.txt#590#12,にゅうぅ……。,喵呜呜……。,translated,喵洛基,23341257ac,br=0 nl=0,1,
inc/event/res/09/me09_04.txt#591#12,"ちょっとサーリ！
あんた何言ってんの！？","等等莎丽！
你在胡说八道些什么呀！？",translated,凯斯,d13a8ffd56,br=0 nl=1,2,
inc/event/res/09/me09_04.txt#592#12,"どっからどうみてもにゅろきーでしょ！
あんた、にゅろきーへの愛を忘れてる！","横看竖看怎么看都是喵洛基吧！
你这家伙，已经忘记对喵洛基的爱了吗！",translated,凯斯,ee0e810114,br=0 nl=1,2,
inc/event/res/09/me09_04.txt#593#12,"ター坊や白鷹の方が、よっぽどにゅろきーを
愛してくれてるわ。ねぇ？","阿达和白鹰可比你更爱喵洛基得多呢。
对吧？",translated,凯斯,7939a221a5,br=0 nl=1,2,
inc/event/res/09/me09_04.txt#596#12,おーぅ！！,噢――！！,translated,阿达・白鹰,cbd7d6cb05,br=0 nl=0,1,
inc/event/res/09/me09_04.txt#608#12,"よーしみんな、みんなの夢や希望を壊す、
悪の想いを打ち砕くんだにゅ！","好――大家，去粉碎破坏大家的梦想与希望的
邪恶心思喵！",translated,喵洛基,603ff3edd8,br=0 nl=1,2,
inc/event/res/09/me09_04.txt#609#12,"大丈夫、みんなの力をあわせれば、
一瞬でカタがつくにゅ♪","没事的，只要齐心协力，
瞬间就能解决掉喵♪",translated,喵洛基,a8b38f8d6d,br=0 nl=1,2,
inc/event/res/09/me09_04.txt#633#12,くっ……！,唔……！,translated,莎丽,860177663c,br=0 nl=0,1,
inc/event/res/09/me09_04.txt#634#12,まずいね、すっかり取り込まれてる。,糟糕了呢，已经彻底被控制住了。,translated,妮诺,5b180fad3e,br=0 nl=0,1,
inc/event/res/09/me09_04.txt#635#12,こんな人数じゃ、どうしたって……！,这么多人，无论如何也……！,translated,莎丽,c9de6d106e,br=0 nl=0,1,
inc/event/res/09/me09_04.txt#636#12,──ッ！！,――！！,translated,莎丽,83d4ffe246,br=0 nl=0,1,
inc/event/res/09/me09_04.txt#647#12,"！？
どうしたんだ！？","！？
怎么了！？",translated,莎丽,aa08e23cc1,br=0 nl=1,2,
inc/event/res/09/me09_04.txt#667#12,"来たわ！
R989の受付開始時間よ！！","来了！
是Ｒ９８９的受理开始时间！！",translated,凯斯,fa343730c8,br=0 nl=1,2,
inc/event/res/09/me09_04.txt#668#12,おいキャス、急がねーと！！,喂凯斯，不快点可不行啊！！,translated,阿达,197104b778,br=0 nl=0,1,
inc/event/res/09/me09_04.txt#669#12,"早く行って並ばなくちゃ！
俺、並ぶの得意ッス！！","必须赶紧过去排队才行！
我排队可是很拿手的！！",translated,白鹰,3ac6777919,br=0 nl=1,2,
inc/event/res/09/me09_04.txt#670#12,うん、行こう！,嗯，走吧！,translated,凯斯,5d73818284,br=0 nl=0,1,
inc/event/res/09/me09_04.txt#676#12,"何が起きたんだ……？
ただの定時チャイムだったじゃないか。","发生什么事了……？
刚才不就只是报时的钟声吗。",translated,莎丽,e8a58374b7,br=0 nl=1,2,
inc/event/res/09/me09_04.txt#677#12,R989とか言ってたね。,刚才说了Ｒ９８９什么的呢。,translated,妮诺,64c9585d88,br=0 nl=0,1,
inc/event/res/09/me09_04.txt#678#12,追いかけよう！,追上去！,translated,莎丽,bea46c3f74,br=0 nl=0,1,
inc/event/res/09/me09_04.txt#695#12,"何なんだここは、ほかのアトラクションと
雰囲気がまるで違う。","这里到底怎么回事，
氛围和其他游乐设施完全不一样。",translated,莎丽,66bcf8a924,br=0 nl=1,2,
inc/event/res/09/me09_04.txt#696#12,"キャスたちはどこだ、
こんな大勢の中で見失ったら……。","凯斯他们人在哪儿，
要在这么多人里跟丢了可就……。",translated,莎丽,4ffa3b3a7a,br=0 nl=1,2,
inc/event/res/09/me09_04.txt#697#12,"R989……？
どういう意味だ、何のための場所なんだ！？","Ｒ９８９……？
这是什么意思，到底是什么地方啊！？",translated,莎丽,8f96dd1d22,br=0 nl=1,2,
inc/event/res/09/me09_04.txt#698#12,"ねぇ。
すごいことに気がついた。","呐。
我发现了一件不得了的事。",translated,妮诺,d6da8987d1,br=0 nl=1,2,
inc/event/res/09/me09_04.txt#699#12,"何？
言って。","什么事？
快说。",translated,莎丽,8312c39f26,br=0 nl=1,2,
inc/event/res/09/me09_04.txt#700#12,"私はずっと、トロンネットワークに繋がる
膨大な数の人たちを見てきた。","我一直以来都注视着连接特伦网络的
庞大数量的人们。",translated,妮诺,c66b38bc97,br=0 nl=1,2,
inc/event/res/09/me09_04.txt#701#12,"目立つ人は、顕在意識の私でも本能的に
思い出すことができる。","引人注目的人，哪怕是显意识状态下的我
也能本能地想起来。",translated,妮诺,9077c37925,br=0 nl=1,2,
inc/event/res/09/me09_04.txt#702#12,何が言いたい？,你想说什么？,translated,莎丽,9cf00da996,br=0 nl=0,1,
inc/event/res/09/me09_04.txt#703#12,"いまここにいる人たちのほとんどは、犯罪者。
見覚えのない人たちもたぶんそう。","现在这里的绝大多数人，都是罪犯。
我没见过的人大概也是如此。",translated,妮诺,003c9fd332,br=0 nl=1,2,
inc/event/res/09/me09_04.txt#704#12,何だって！？,你说什么！？,translated,莎丽,5de068e5d4,br=0 nl=0,1,
inc/event/res/09/me09_04.txt#705#12,"PLASMAのトロンネットワークに流れてた、
指名手配リストにあった人たち──。","是在PLASMA特伦网络里流传的、
通缉名单上的人们――。",translated,妮诺,d09c0ad4ba,br=0 nl=1,2,
inc/event/res/09/me09_04.txt#706#12,じゃあまさか、キャスたちは……！！,难道说，凯斯他们……！！,translated,莎丽,a5c9396794,br=0 nl=0,1,
inc/event/res/09/me09_05.txt#31#12,"パークパスニュロンは、
ぱれす・にゅろきーるのさまざまなサービスを
受けるためのパスになっているの。","主题乐园护照纽伦，
是用来享受喵洛基鲁・王宫各种服务的通行证。",translated,蕾娜露露,315e8235e0,br=0 nl=2,3,
inc/event/res/09/me09_05.txt#32#12,そうなんですね。,原来是这样啊。,translated,依恩,9bdfadd609,br=0 nl=0,1,
inc/event/res/09/me09_05.txt#33#12,"せっかくひさしぶりに二人になれたから、
今日はイオンの好きなものをご馳走するわ。","难得久违地能有我们两个人独处的时间，
今天依恩喜欢什么我都请客哦。",translated,蕾娜露露,8f84dc313b,br=0 nl=1,2,
inc/event/res/09/me09_05.txt#34#12,はい……。,嗯……。,translated,依恩,53e3140853,br=0 nl=0,1,
inc/event/res/09/me09_05.txt#38#12,あれはどう？,那个怎么样？,translated,蕾娜露露,8566221a20,br=0 nl=0,1,
inc/event/res/09/me09_05.txt#39#12,"ニュロスティックのお店。
パークで一番人気のお菓子よ。","是喵洛棒的店铺。
是乐园里最受欢迎的点心哦。",translated,蕾娜露露,eed874f465,br=0 nl=1,2,
inc/event/res/09/me09_05.txt#40#12,あ……はい、じゃあ……。,啊……好的，那么……。,translated,依恩,6adc7e9bce,br=0 nl=0,1,
inc/event/res/09/me09_05.txt#51#12,"うん、買ってきてあげる。
ほかには？　気になるものはない？","嗯，我去给你买。
还有别的吗？有没有什么在意的？",translated,蕾娜露露,6fb403e2ae,br=0 nl=1,2,
inc/event/res/09/me09_05.txt#52#12,"えっと……。
あっ。","那个……。
啊。",translated,依恩,6647988b82,br=0 nl=1,2,
inc/event/res/09/me09_05.txt#53#12,"あっちのお店、何だかかわいい帽子が
並んでます。","那边的店铺里，
摆放着好可爱的帽子呢。",translated,依恩,96e2defe7c,br=0 nl=1,2,
inc/event/res/09/me09_05.txt#54#12,じゃあ見ながら待っていて？,那你就边看边等着我好吗？,translated,蕾娜露露,0a769750c8,br=0 nl=0,1,
inc/event/res/09/me09_05.txt#55#12,わかりました。,我知道了。,translated,依恩,731afb2a1a,br=0 nl=0,1,
inc/event/res/09/me09_05.txt#71#12,わぁ……。,哇啊……。,translated,依恩,86acbc5a1b,br=0 nl=0,1,
inc/event/res/09/me09_05.txt#72#12,"にゅろきーや、仲間のうりじょーや
げんのりがモチーフになってるんだ。","是以喵洛基和同伴的瓜瓜、
还有海苔酱为主题的啊。",translated,依恩,64daf1bd27,br=0 nl=1,2,
inc/event/res/09/me09_05.txt#73#12,どれも、かわいいな……。,每一个，都好可爱啊……。,translated,依恩,00bd9fb4db,br=0 nl=0,1,
inc/event/res/09/me09_05.txt#89#12,"おまたせ。
ニュロスティックのミルキィベリー味と、
クリーミィダブルショコラ味。","让你久等了。
喵洛棒的奶香浆果味，
和浓郁双重巧克力味。",translated,蕾娜露露,29a582cede,br=0 nl=2,3,
inc/event/res/09/me09_05.txt#90#12,どっちがいい？,你想要哪个？,translated,蕾娜露露,ad04464e0c,br=0 nl=0,1,
inc/event/res/09/me09_05.txt#91#12,え、と……じゃあ、ミルキィベリーで。,那个……那么，我要奶香浆果味的。,translated,依恩,4e53d579ee,br=0 nl=0,1,
inc/event/res/09/me09_05.txt#92#12,"うん♪
はい、どうぞ。","嗯♪
来，给你。",translated,蕾娜露露,8379377406,br=0 nl=1,2,
inc/event/res/09/me09_05.txt#93#12,ありがとうございます……。,非常感谢您……。,translated,依恩,0573b995fa,br=0 nl=0,1,
inc/event/res/09/me09_05.txt#99#12,……んっ！,……嗯！,translated,依恩,e48d296a24,br=0 nl=0,1,
inc/event/res/09/me09_05.txt#100#12,おいしい……！,好美味……！,translated,依恩,8102aa9352,br=0 nl=0,1,
inc/event/res/09/me09_05.txt#101#12,"うふふ、でしょう？
ぱれす・にゅろきーるは、お菓子ひとつでも
凝っていて、そこが人気なの。","呵呵，对吧？
喵洛基鲁・王宫即使是一个小点心
也很讲究，所以才大受欢迎呢。",translated,蕾娜露露,ec450c9d43,br=0 nl=2,3,
inc/event/res/09/me09_05.txt#102#12,こんなおいしいお菓子、初めてです！,这么好吃的点心，我还是第一次吃到！,translated,依恩,7582819835,br=0 nl=0,1,
inc/event/res/09/me09_05.txt#103#12,"よかった♪
帽子は？　かわいいのはみつかった？","太好了♪
帽子呢？找到可爱的了吗？",translated,蕾娜露露,38eb590793,br=0 nl=1,2,
inc/event/res/09/me09_05.txt#104#12,あ、……はい、これがすごくいいなって。,啊……是的，我觉得这个非常不错。,translated,依恩,c9a35cfe33,br=0 nl=0,1,
inc/event/res/09/me09_05.txt#106#12,いいわよ、プレゼントするわ。,很好呀，我买来送给你。,translated,蕾娜露露,0f707dead7,br=0 nl=0,1,
inc/event/res/09/me09_05.txt#107#12,"えっ？
いいですっ、そんな……。","诶？
不用了，怎么能让您……。",translated,依恩,f2c9bbdbca,br=0 nl=1,2,
inc/event/res/09/me09_05.txt#108#12,いいの、気にしないで。,没关系的，别见外。,translated,蕾娜露露,7bb30e1fd8,br=0 nl=0,1,
inc/event/res/09/me09_05.txt#109#12,"あっ、この帽子を風に飛ばされずに
『にゅろきーハートフルコースターライド』
を一周できたら、もう一周サービスだって！","啊，只要戴着这顶帽子不被风吹飞、
坐完一圈‘喵洛基暖心过山车’，
就能免费赠送再坐一圈哦！",translated,蕾娜露露,bac8d7c832,br=0 nl=2,3,
inc/event/res/09/me09_05.txt#110#12,行ってみない？,要去试试看吗？,translated,蕾娜露露,fef4d65073,br=0 nl=0,1,
inc/event/res/09/me09_05.txt#111#12,は、はいっ♪,好、好的♪,translated,依恩,2a04fdc433,br=0 nl=0,1,
inc/event/res/09/me09_05.txt#113#12,"その次はどこに行こうかしら……
迷路や洞窟探検のアトラクションも
あるみたい……迷うね、イオン。","接下来去哪里好呢……
似乎还有迷宫和洞穴探险的游乐项目……
真让人纠结呢，依恩。",translated,蕾娜露露,54152de463,br=0 nl=2,3,
inc/event/res/09/me09_05.txt#114#12,うふふ……。,呵呵呵……。,translated,依恩,b6260b0240,br=0 nl=0,1,
inc/event/res/09/me09_05.txt#115#12,"あ、イオン。クリームついてるよ。
とったげる。","啊，依恩。沾上奶油了哦。
我来帮你擦掉。",translated,蕾娜露露,41f63cb7de,br=0 nl=1,2,
inc/event/res/09/me09_05.txt#116#12,い、いいですよぅ。,不、不用的啦。,translated,依恩,be193a8f74,br=0 nl=0,1,
inc/event/res/09/me09_05.txt#117#12,"遠慮しないの。
ほら、こっち向いて？","别客气嘛。
来，看着我这边？",translated,蕾娜露露,598c4e2ad3,br=0 nl=1,2,
inc/event/res/09/me09_05.txt#118#12,はい……。,好的……。,translated,依恩,53e3140853,br=0 nl=0,1,
inc/event/res/09/me09_05.txt#119#12,"はい、キレイになった。
まったくイオンは、おいしいものを食べると
ほかがすぐお留守になっちゃうんだから。","好啦，擦干净了。
真是的，依恩一吃到美味的东西，
注意力马上就顾不上别的了呢。",translated,蕾娜露露,1a86de34ea,br=0 nl=2,3,
inc/event/res/09/me09_05.txt#120#12,え、えへへ……。,诶，诶嘿嘿……。,translated,依恩,d3fe42cc9f,br=0 nl=0,1,
inc/event/res/09/me09_05.txt#121#12,うふふ……。,呵呵呵……。,translated,蕾娜露露,b6260b0240,br=0 nl=0,1,
inc/event/res/09/me09_05.txt#122#12,（レナルルさん──）,（蕾娜露露小姐――）,translated,依恩,41ffd8997d,br=0 nl=0,1,
inc/event/res/09/me09_05.txt#123#12,"（二人きりになると、やっぱり優しい。
　仕事の立場と、レナルルさん自身の心──
　どっちが本当なんだろう）","（只要只有我们两个人，她果然还是那么温柔。
　职务上的立场，与蕾娜露露小姐自己的内心――
　到底哪一个才是真实的呢）",translated,依恩,b8fa5a049f,br=0 nl=2,3,
inc/event/res/09/me09_05.txt#124#12,"（でもこうしてると、わたしの知ってる
　大好きなレナルルさんなんだって思える）","（但是像这样相处，就会觉得
　她还是那个我所熟知、最喜欢的蕾娜露露小姐）",translated,依恩,02f23eea91,br=0 nl=1,2,
inc/event/res/09/me09_05.txt#125#12,（いつまでも、こうしてられたらいいのに……）,（要是能一直这样下去就好了……）,translated,依恩,e6a08b60db,br=0 nl=0,1,
inc/event/res/09/me09_05.txt#126#12,"（でも、それじゃあダメ。
　だって──）","（但是，那样是不行的。
　因为――）",translated,依恩,9aa2e8da90,br=0 nl=1,2,
inc/event/res/09/me09_05.txt#128#12,イオン。,依恩。,translated,蕾娜露露,927d2cf8ce,br=0 nl=0,1,
inc/event/res/09/me09_05.txt#129#12,あ、はい……。,啊，在……。,translated,依恩,86ea2bbbab,br=0 nl=0,1,
inc/event/res/09/me09_05.txt#130#12,やっぱり、気にかかるのね。,你果然，还是放不下心呢。,translated,蕾娜露露,298e8da534,br=0 nl=0,1,
inc/event/res/09/me09_05.txt#133#12,"はい。どうしても……。
こうしてる間にも、カノンさんは
苦しんでるんだって思うと……。","是的。无论如何也……。
一想到在我们这般的时刻，
卡诺小姐也还在承受着痛苦……。",translated,依恩,ee06d21626,br=0 nl=2,3,
inc/event/res/09/me09_05.txt#134#12,"あなたがふさぎこんでても、
カノイールが良くなるわけじゃない。","就算你闷闷不乐，
卡诺伊尔也不会因此好转起来。",translated,蕾娜露露,a2217291bb,br=0 nl=1,2,
inc/event/res/09/me09_05.txt#135#12,"彼女はいまも確実に回復してる。心配しないで。
帰ったら、またお見舞いに行きましょう？","她现在确实在逐步康复中。不用担心。
等回去之后，我们再去探望她好吗？",translated,蕾娜露露,6c7d3c7fd8,br=0 nl=1,2,
inc/event/res/09/me09_05.txt#136#12,はい……。,好的……。,translated,依恩,53e3140853,br=0 nl=0,1,
inc/event/res/09/me09_05.txt#137#12,とにかく、いまのあなたは気分転換しないと。,总之，现在的你需要转换一下心情。,translated,蕾娜露露,0adbac7ff4,br=0 nl=0,1,
inc/event/res/09/me09_05.txt#140#12,"そっか、そうよね。
大事に想ってる人のことを放って、
自分だけ楽しんだりはできない──","这样啊，也是呢。
无法丢下自己在意的人不管，
只顾自己一个人寻欢作乐――",translated,蕾娜露露,45e649fef5,br=0 nl=2,3,
inc/event/res/09/me09_05.txt#141#12,"あなたは……私の大好きなイオンは、
そういう子だものね。","你就是……我最喜爱的依恩，
正是这样一个好孩子呢。",translated,蕾娜露露,d581aa4f3c,br=0 nl=1,2,
inc/event/res/09/me09_05.txt#143#12,"いいわ。ほんと言うと、
私もこの監視の眼のない場所でお話したくて、
あなたを連れ出したの。","好吧。说实话，
我也是因为想在这个没有监视之眼的地方
跟你聊聊，才把你带出来的。",translated,蕾娜露露,e05ff9dc91,br=0 nl=2,3,
inc/event/res/09/me09_05.txt#144#12,……はい。,……嗯。,translated,依恩,4628bdaa68,br=0 nl=0,1,
inc/event/res/09/me09_05.txt#157#12,"この前、旧ジェノミライ研究所で
話していたこと……イオンは覚えてない
みたいだけど。","之前在旧杰诺米莱伊研究所
聊过的事……依恩你似乎
已经不记得了呢。",translated,蕾娜露露,28dc988a9f,br=0 nl=2,3,
inc/event/res/09/me09_05.txt#158#12,はい。,是的。,translated,依恩,8b9236cd4b,br=0 nl=0,1,
inc/event/res/09/me09_05.txt#159#12,"やっぱり、イオンはもう天文のことを
信用できない？","依恩你果然已经无法
信任天文了吗？",translated,蕾娜露露,aaec88d4b7,br=0 nl=1,2,
inc/event/res/09/me09_05.txt#160#12,"……その、思い出せないのはそのまま
なんですけど……でも、天文のいまの
やり方には、賛同できない、です。","……那个，虽然确实想不起来当时的事……
但是，对于天文现如今的做法，
我无法赞同。",translated,依恩,5a12e05de8,br=0 nl=2,3,
inc/event/res/09/me09_05.txt#162#12,"それにわたし、正直レナルルさんのことも
不思議なんです。","而且我，老实说对蕾娜露露小姐
也感到很不可思议。",translated,依恩,7fde19a1fa,br=0 nl=1,2,
inc/event/res/09/me09_05.txt#163#12,"天文がやってる不正とか隠しごととかを
全部知ってるのに、ずっと天文のために
動いてて……。","明明对天文所做的那些不当勾当和隐瞒
一清二楚，却还是一直为天文奔走效劳……。",translated,依恩,fc9045531d,br=0 nl=2,3,
inc/event/res/09/me09_05.txt#164#12,"天文は、ネロをひどいやり方で閉じ込めて、
そのせいで時空が歪んで、
太陽が膨張した……そうですよね？","天文用极其残酷的方式监禁了妮诺，
因而导致时空扭曲、
太阳发生了膨胀……是这样吧？",translated,依恩,7ce79b7e38,br=0 nl=2,3,
inc/event/res/09/me09_05.txt#165#12,……そう。,……是的。,translated,蕾娜露露,e42e6a37e5,br=0 nl=0,1,
inc/event/res/09/me09_05.txt#166#12,"それを続けていれば世界が壊れることも
知っていてなお、わたしを別のセカイから
呼んだ……。","明明知道继续下去世界就会毁灭，
却依然将我从别的世界召唤而来……。",translated,依恩,9bfca6e01d,br=0 nl=2,3,
inc/event/res/09/me09_05.txt#167#12,"すごく身勝手で、危険で……
どうしてレナルルさんがそんな天文に
味方し続けるのか、わたしには……。","太自私、太危险了……
为什么蕾娜露露小姐还要继续协助
那样的天文，我实在……。",translated,依恩,036093da60,br=0 nl=2,3,
inc/event/res/09/me09_05.txt#168#12,"そうね……でもわかってほしいのは、
世界は重い病気にかかっているような
ものだってこと。","是呢……但我希望你能明白的是，
现在的世界就像是身患重病一般。",translated,蕾娜露露,429aa9fad7,br=0 nl=2,3,
inc/event/res/09/me09_05.txt#169#12,"そして、病を治すには、一時的に悪化させる
ようなこともしなくちゃならない。","而为了治愈病痛，有时甚至不得不
采取让病情暂时恶化的手段。",translated,蕾娜露露,5ffc660f67,br=0 nl=1,2,
inc/event/res/09/me09_05.txt#170#12,"いまもたくさんの人が苦しんでるのは、
一時的だっていうんですか？","现在也有许多人深受折磨，
这也算是暂时的吗？",translated,依恩,62499bc03b,br=0 nl=1,2,
inc/event/res/09/me09_05.txt#171#12,"そう。もちろん、そんなことはしないに
こしたことはない。","是的。当然，如果能不那么做
自然是再好不过。",translated,蕾娜露露,2f3775974e,br=0 nl=1,2,
inc/event/res/09/me09_05.txt#172#12,"でも、世界はいまそれほどまでに病んで、
追いつめられてる。","但是，这个世界如今已经病入膏肓，
被逼入绝境了。",translated,蕾娜露露,014e85ce13,br=0 nl=1,2,
inc/event/res/09/me09_05.txt#173#12,"民衆を統率し、暴動を起こさせず、
最終的に世界を良い方向に導いていく。","统率民众、遏制暴动，
并在最终将世界引向良好的方向。",translated,蕾娜露露,aed32910f8,br=0 nl=1,2,
inc/event/res/09/me09_05.txt#174#12,"これは本当に難しい、やった者でないと
わからないでしょう。","这真的极其艰难，没有亲身经历过的人
是无法体会的吧。",translated,蕾娜露露,319c22dae8,br=0 nl=1,2,
inc/event/res/09/me09_05.txt#175#12,"誰かがきれいごとを並べただけじゃ、
賛同者と反発者が生まれるだけ。
これが天文のたどり着いた結論なの。","只要有人大谈冠冕堂皇的漂亮话，
就只会催生出赞同者与反对者。
这就是天文得出的结论。",translated,蕾娜露露,85febc2f12,br=0 nl=2,3,
inc/event/res/09/me09_05.txt#176#12,どういうこと、ですか？,这是什么意思呢？,translated,依恩,587ed0bab1,br=0 nl=0,1,
inc/event/res/09/me09_05.txt#177#12,"人々を導くには、理想を示すことが一番
手っ取り早い。",要引导民众，展示理想是最简捷的途径。,translated,蕾娜露露,33dbf7c2b6,br=0 nl=1,2,
inc/event/res/09/me09_05.txt#178#12,"明日をも知れぬ世界では、
救いを求める人々に応じてカリスマが現れ、
それぞれに理想を語る。","在命悬一线的绝望世界里，
领袖人物会顺应寻求拯救的民众而出现，
各自高谈阔论着理想。",translated,蕾娜露露,104e42b8b6,br=0 nl=2,3,
inc/event/res/09/me09_05.txt#179#12,"でも、理想主義は得てして
エゴイズムの塊でしかない。","但是，理想主义往往
只不过是一团利己主义的集合体罢了。",translated,蕾娜露露,73ea844032,br=0 nl=1,2,
inc/event/res/09/me09_05.txt#180#12,"すがった人々は、そうでない人々と対立し、
やがて終わりのない戦争へと発展してしまう。","依附于此的人们，会与未依附的人对立，
最终演变为无休止的战争。",translated,蕾娜露露,e3d26febe8,br=0 nl=1,2,
inc/event/res/09/me09_05.txt#181#12,"いまこの世界は、試練のときにあるわ。
試練が理想を生み、理想が対立を生み、
救済を遅らせ、破滅を早める。","如今这个世界，正处于试炼的关键时刻。
试炼催生理智，理想催生对立，
延缓拯救，加速破灭。",translated,蕾娜露露,88d51dfe56,br=0 nl=2,3,
inc/event/res/09/me09_05.txt#182#12,ぁ……。,啊……。,translated,依恩,5f6a5186b2,br=0 nl=0,1,
inc/event/res/09/me09_05.txt#183#12,"ほかの誰でもない、イオンならわかるはず。
対立は何も救わない。","不是别人，依恩你应该最清楚。
对立拯救不了任何东西。",translated,蕾娜露露,62a57bb228,br=0 nl=1,2,
inc/event/res/09/me09_05.txt#184#12,"だから、天文はそれとは違う救済を
しようとしたの。",因此，天文试图推行与此不同的拯救方式。,translated,蕾娜露露,5c2b00ffe0,br=0 nl=1,2,
inc/event/res/09/me09_05.txt#185#12,それが、シェルノトロン。,那便是，榭鲁诺特伦。,translated,蕾娜露露,0b79f23f72,br=0 nl=0,1,
inc/event/res/09/me09_05.txt#186#12,シェルノトロン、が……？,榭鲁诺特伦……？,translated,依恩,f55a9e9876,br=0 nl=0,1,
inc/event/res/09/me09_05.txt#187#12,"シェルノトロンは、「理想」や「利便性」を
追求しただけの存在じゃない。","榭鲁诺特伦并不只是单纯追求
“理想”或“便利性”的存在。",translated,蕾娜露露,2c2aacdfe1,br=0 nl=1,2,
inc/event/res/09/me09_05.txt#188#12,"決まりきった理想や考え方を押し付けず、
必要以上の拘束をせず、
ただ「快楽」を与えるもの。","不强加千篇一律的理想或思想，
不施加多余的束缚，
只是单纯给予人们“快乐”的事物。",translated,蕾娜露露,cb8bbcdabd,br=0 nl=2,3,
inc/event/res/09/me09_05.txt#189#12,快楽……？,快乐……？,translated,依恩,46312caabe,br=0 nl=0,1,
inc/event/res/09/me09_05.txt#190#12,"そうよ。それぞれに違う考え方を持つ
民衆をまとめ、「まぁまぁ悪くない」と
思わせるにはこれしかない。","没错。要想将各怀不同想法的民众
统合起来，让他们觉得“马马虎虎还不赖”，
唯有这个办法。",translated,蕾娜露露,02fac87e4a,br=0 nl=2,3,
inc/event/res/09/me09_05.txt#191#12,"地文からは、「怠惰な人工ジェノム」なんて
いわれているけど、そんなものは結果から
出てきたうわべのステータスにすぎない。","虽说地文蔑称其为“怠惰的人工杰诺姆”，
但那不过是结果衍生出的表面属性罢了。",translated,蕾娜露露,19776c4481,br=0 nl=2,3,
inc/event/res/09/me09_05.txt#192#12,"シェルノトロンの真の目的は、
「自由な人々の統一」なんだから。","因为榭鲁诺特伦的真正目的，
乃是“对自由民众的统合”。",translated,蕾娜露露,49d0608463,br=0 nl=1,2,
inc/event/res/09/me09_05.txt#193#12,自由な人々の統一……。,对自由民众的统合……。,translated,依恩,25c3253afb,br=0 nl=0,1,
inc/event/res/09/me09_05.txt#194#12,"ジェノム文化も、利便性という意味では
シェルノトロンと拮抗するかも知れない。","杰诺姆文化在便利性的层面上，
或许确实能与榭鲁诺特伦匹敌。",translated,蕾娜露露,1fa0d79e3d,br=0 nl=1,2,
inc/event/res/09/me09_05.txt#195#12,"でも、自由な人々の統一にはほど遠い。
なぜなら、人々に「楽」を与えないから。","但是，那距离自由民众的统合相去甚远。
因为，它并不赋予人们“安逸”。",translated,蕾娜露露,069896ccaa,br=0 nl=1,2,
inc/event/res/09/me09_05.txt#196#12,"でもっ、{ジェノム}と心を通わせるのは
素敵なことだし、大切なお友達にだって
なれます！","可是，与{杰诺姆}心灵相通是多么美好的事，
而且还能成为重要的朋友啊！",translated,依恩,1de2db173b,br=1 nl=2,3,keep-terms {ジェノム}
inc/event/res/09/me09_05.txt#196#14,ラシェーラ人は、ある種の生命と意識を通わす事が出来る。その「生命」とは、あらゆる動物（例えば蝶や鳥、犬など）の中に存在する突然変異体ともいうべき存在で通常の生命と違い３重螺旋以上の遺伝子DNAを持つのである。ラシェーラ人はその突然変異体をジェノムと呼んだ。<CR><CR>ジェノムは、人間のような２重螺旋遺伝子体には絶対に真似のできない「詩によって超常的な力を行使する」能力が備わっている。<CR>だが、ジェノム自身は詩を謳うことは出来ず、また謳うためのエネルギーも足りないため、人間と契約をし、そのエネルギーと声帯を使わせてもらうのである。,拉榭拉人能够与某种生命心灵相通。所谓的“生命”，是指存在于各类动物（例如蝴蝶、鸟、犬等）之中的突变体，与普通生命不同，它们拥有三重螺旋以上的DNA基因。拉榭拉人将这种突变体称为杰诺姆。<CR><CR>杰诺姆具备人类这种双重螺旋基因体绝无法模仿的、能够“通过诗行使超常力量”的能力。<CR>然而杰诺姆自身无法吟唱诗歌，亦缺乏吟唱所需的能量，因此它们会与人类缔结契约，借用人类的能量与声带。,translated,依恩,a5790363dd,<CR> <CR> <CR> br=0 nl=0,1,keep-tags <CR>; src-longest-line=271
inc/event/res/09/me09_05.txt#197#12,"その引き換えとなるものが大きすぎるの。
ジェノムと交わるための苦しい修養は、
人々に差をもたらすわ。","可作为代价所付出的东西太过沉重了。
与杰诺姆交流所需的艰苦修养，
会给人们带来差距。",translated,蕾娜露露,2ae810301a,br=0 nl=2,3,
inc/event/res/09/me09_05.txt#198#12,"声帯域の能力次第でジェノムにも格差ができ、
人々に差別を生む。挫折する者も出てくる。","取决于声频带的能力高低，杰诺姆间也有差距，
进而在人与人之间产生歧视。甚至出现受挫放弃者。",translated,蕾娜露露,0bbb53be42,br=0 nl=1,2,
inc/event/res/09/me09_05.txt#199#12,"ラシェーラが大地として安定していれば、
その格差こそが人を鍛えてゆくのでしょうけど……
いまは違う。","如果拉榭拉作为大地依旧稳定，
那种差距或许反而能够磨砺人吧……
但如今却非同往昔。",translated,蕾娜露露,6aff0b7f3b,br=0 nl=2,3,
inc/event/res/09/me09_05.txt#200#12,こんなときだからこそ、ってことですか。,正因为是这种时期，所以才更要如此吗。,translated,依恩,6bfc87df8a,br=0 nl=0,1,
inc/event/res/09/me09_05.txt#201#12,"えぇ。天文とシェルノトロンは、
苦しみでなく楽を与え、８０％以上の人々を
「まぁまぁ幸せ」な状態へ導く。","是的。天文与榭鲁诺特伦，
给予人们的不是痛苦而是安逸，将80％以上的人
引向“还算挺幸福”的状态。",translated,蕾娜露露,a2f1c859a0,br=0 nl=2,3,
inc/event/res/09/me09_05.txt#202#12,"それによって、激しい理想が並び立って
ぶつかり合う事態を回避してる。","以此来规避激进理想各自林立、
激烈冲突的事态。",translated,蕾娜露露,1a75b431ef,br=0 nl=1,2,
inc/event/res/09/me09_05.txt#203#12,"どのような方法にせよ、私たちがふたたび
緑豊かな大地を手に入れて、
恵みを謳歌できるようになるまで──","无论采用何种手段，在我们重新获得
绿意盎然的大地、能讴歌大自然恩赐之前――",translated,蕾娜露露,81befd54b9,br=0 nl=2,3,
inc/event/res/09/me09_05.txt#204#12,一度たりとも大きな戦争があってはならないの。,绝不容许发生哪怕一次大规模战争。,translated,蕾娜露露,9564263e1e,br=0 nl=0,1,
inc/event/res/09/me09_05.txt#206#12,"より多くの人がシェルノトロンを必要とし、
その先にある天文、そしてイオンを
必要とすることで──","让更多的人需要榭鲁诺特伦，
进而需要背后的天文、乃至依恩你――",translated,蕾娜露露,a26d7ecda7,br=0 nl=2,3,
inc/event/res/09/me09_05.txt#207#12,"人々の意思を緩やかに統一して、
破滅に対抗する。","温和地统一人们的意志，
以此来对抗世界的破灭。",translated,蕾娜露露,9c0e915c26,br=0 nl=1,2,
inc/event/res/09/me09_05.txt#208#12,"それが、天文の考える「理想ではないが
妥当な社会」の姿なの。","这就是天文所设想的
“虽非理想却最为妥善的社会”之面貌。",translated,蕾娜露露,7ecf16aea2,br=0 nl=1,2,
inc/event/res/09/me09_05.txt#209#12,だから……そのためなら、レナルルさんは──。,所以……为了这个目标，蕾娜露露小姐就――,translated,依恩,e4575b155f,br=0 nl=0,1,
inc/event/res/09/me09_05.txt#210#12,えぇ。私はそのやり方が一番いいと思ってる。,是的。我认为这种做法才是最好的。,translated,蕾娜露露,26cf05ff5e,br=0 nl=0,1,
inc/event/res/09/me09_05.txt#211#12,"だから、例えそれが必要悪だと分かっていても、
冷静に実行できる。","因此，哪怕明知是必要之恶，
我也能冷静地付诸实行。",translated,蕾娜露露,bf8674ada8,br=0 nl=1,2,
inc/event/res/09/me09_05.txt#212#12,"そうじゃなきゃ、PLASMAにいたら
気が狂ってしまうわ。","要不是这样，待在PLASMA里
早就发疯了。",translated,蕾娜露露,2d0f293e88,br=0 nl=1,2,
inc/event/res/09/me09_05.txt#214#12,"イオンもいつか、心の底から
解ってもらわないといけないことがある。
ジェノミライでも言った言葉──","依恩，你也必须在某一天，
打心底里理解这样一件事。
那便是我在杰诺米莱伊也曾说过的话――",translated,蕾娜露露,d93bb6c608,br=0 nl=2,3,
inc/event/res/09/me09_05.txt#215#12,"「きれいごとと理想論だけでは、
　世界をまとめるなんてできない」","“单凭冠冕堂皇的言辞与理想论，
　是绝对无法统合世界的”",translated,蕾娜露露,8dbe006f17,br=0 nl=1,2,
inc/event/res/09/me09_05.txt#216#12,レナルル、さん……。,蕾娜露露、小姐……。,translated,依恩,215c6b42c4,br=0 nl=0,1,
inc/event/res/09/me09_05.txt#217#12,"……私は、試練の始まったときから
あなたの教育係ではなくなってるけど──","……虽然从试炼开始的那一刻起，
我就已经不再是你的家庭教师了――",translated,蕾娜露露,05cc10240d,br=0 nl=1,2,
inc/event/res/09/me09_05.txt#218#12,"でもこのことだけは、時間がかかっても、
あなたにわかってもらえるよう教え続けるつもり。","但唯独这件事，哪怕耗费再多时间，
我也打算继续教导你直到你完全理解为止。",translated,蕾娜露露,92b96b0b3c,br=0 nl=1,2,
inc/event/res/09/me09_05.txt#219#12,"……わたし……レナルルさんに
そう言われたらわたし、どう、したら……。","……我……被蕾娜露露小姐这么说了之后，
我到底该、怎么做才好……。",translated,依恩,75eff229e5,br=0 nl=1,2,
inc/event/res/09/me09_05.txt#220#12,"イオンの想ってる世界の姿は……
それはそれで間違ってないの。","依恩你心中所描绘的世界模样……
本身并没有错。",translated,蕾娜露露,983620df4b,br=0 nl=1,2,
inc/event/res/09/me09_05.txt#221#12,"生きとし生けるものすべてが幸せに
生きられる……そんな世界は、絶対的な理想だし、
誰もが行き着くべきところ。","普天之下的芸芸众生都能幸福地
生活下去……那样的世界是崇高的绝对理想，
也是所有人理应抵达的终点。",translated,蕾娜露露,0dd4a0dc3b,br=0 nl=2,3,
inc/event/res/09/me09_05.txt#222#12,"でも、真実を暴くことが、
必ずそこへ導いてくれるとは限らない。","但是，揭露真相
并不一定就能将人们引向那个理想。",translated,蕾娜露露,2ef2228b2a,br=0 nl=1,2,
inc/event/res/09/me09_05.txt#223#12,"行き先をより不幸な世界へと
変えてしまうことだってある。
それだけは、忘れないで。","甚至有可能会将目的地
转变为更加不幸的世界。
唯独这点，请你切记。",translated,蕾娜露露,5acb0ec840,br=0 nl=2,3,
inc/event/res/09/me09_05.txt#225#12,"……いずれ、あなたと私は
お別れのときがきます。","……迟早，你与我之间
会迎来分别的时刻。",translated,蕾娜露露,3247157552,br=0 nl=1,2,
inc/event/res/09/me09_05.txt#226#12,えっ……？,诶……？,translated,依恩,6dc3a99ae1,br=0 nl=0,1,
inc/event/res/09/me09_05.txt#227#12,惑星移住が果たされたとき。,当完成行星移民之时。,translated,蕾娜露露,cd5acccf12,br=0 nl=0,1,
inc/event/res/09/me09_05.txt#228#12,ぁ……。,啊……。,translated,依恩,5f6a5186b2,br=0 nl=0,1,
inc/event/res/09/me09_05.txt#229#12,"あなたは元のセカイで、
あなた自身の人生を生きなくちゃならない。
だから──","你必须在原本的世界里，
去过属于你自己的人生。
所以――",translated,蕾娜露露,00c76eff82,br=0 nl=2,3,
inc/event/res/09/me09_05.txt#230#12,"私は、あなたを必ず還す。
「総帥があなたに約束したとおり」に。","我一定会将你送回去。
就按照“总帅向你承诺过的那样”。",translated,蕾娜露露,0f4bf5b35e,br=0 nl=1,2,
inc/event/res/09/me09_05.txt#232#12,"そのためにも、グランフェニックス計画を
成功させましょう。私たちのために。","为此，也让我们促成大凤凰计划的成功吧。
为了我们大家。",translated,蕾娜露露,c9c6df89aa,br=0 nl=1,2,
inc/event/res/09/me09_05.txt#233#12,"いま反対している人たちも、新しい星へ
移れれば必ず良かったと思ってくれる。","现在反对的人们，只要能够移居到新星球，
也一定会庆幸这样做的。",translated,蕾娜露露,08ace97ed6,br=0 nl=1,2,
inc/event/res/09/me09_05.txt#234#12,"過去にも世界はそうやって、
大きな困難を乗り越えてきたの。
だから、イオンには──","过去的世界也是通过这种方式，
克服了无数巨大的困难。
所以，我希望依恩你――",translated,蕾娜露露,007050ca72,br=0 nl=2,3,
inc/event/res/09/me09_05.txt#235#12,"最後の詩、『ラシェール・フューザー』を
謳いきってほしい。","能够将最后的诗篇
‘拉榭拉融合器’歌唱到底。",translated,蕾娜露露,0bfb3f3c47,br=0 nl=1,2,
inc/event/res/09/me09_05.txt#236#12,それが私の、そして世界の希望なのだから。,因为那是我、也是这个世界的希望。,translated,蕾娜露露,f1152afc8c,br=0 nl=0,1,
inc/event/res/09/me09_05.txt#239#12,"……イオン。貴方にお願いがあるの。
どうか何も聞かずに、私に協力して欲しい。","……依恩。我有一个请求。
请你什么都别问，配合我行动。",translated,蕾娜露露,17021ced51,br=0 nl=1,2,
inc/event/res/09/me09_05.txt#240#12,え……？,诶……？,translated,依恩,7c87e3e5ee,br=0 nl=0,1,
inc/event/res/09/me09_05.txt#254#12,"この人たち……、
レナルルさん！？","这些人……
蕾娜露露小姐！？",translated,依恩,9ee6a3a6dc,br=0 nl=1,2,
inc/event/res/09/me09_06.txt#25#12,犯罪者……この人たちがみんな！？,罪犯……这些人全都是！？,translated,莎丽,d1ab5e9b6c,br=0 nl=0,1,
inc/event/res/09/me09_06.txt#26#12,えぇ。,是的。,translated,妮诺,266e478924,br=0 nl=0,1,
inc/event/res/09/me09_06.txt#27#12,"そうか……キャスたちはいまクオンタイズの
メンバーだと思われてる。","原来如此……凯斯他们现在被认为是
库翁泰兹的成员。",translated,莎丽,4a37f0b1b0,br=0 nl=1,2,
inc/event/res/09/me09_06.txt#28#12,"それでなくても、ネプツールの陰謀や
君が顕在していることも知ってる……。","即便不提那个，他们也知晓尼普楚尔的阴谋，
以及你已经显现的事实……。",translated,莎丽,1d39a2f46d,br=0 nl=1,2,
inc/event/res/09/me09_06.txt#29#12,"天文はほかの犯罪者と一緒に、
この世から葬り去る気なんだ！","天文是打算将他们与其他罪犯一起，
从这个世界上彻底抹杀掉！",translated,莎丽,b6d9572457,br=0 nl=1,2,
inc/event/res/09/me09_06.txt#30#12,"ネロ、シェルノトロンサーバーで
やったみたいに、何とかする詩魔法を
紡いでくれ！","妮诺，就像在榭鲁诺特伦服务器里
做过的那样，快编织出能化解危机的诗魔法！",translated,莎丽,95fe5527e9,br=0 nl=2,3,
inc/event/res/09/me09_06.txt#31#12,それは無理。,那办不到。,translated,妮诺,461f97592b,br=0 nl=0,1,
inc/event/res/09/me09_06.txt#32#12,どうして！,为什么！,translated,莎丽,b1faf2da11,br=0 nl=0,1,
inc/event/res/09/me09_06.txt#33#12,"あのときはテレフンケンがいたから。
ジェノムがいないと、詩魔法は紡げない。","那时候是因为有泰雷芬肯在。
没有杰诺姆的话，是编织不出诗魔法的。",translated,妮诺,7d83c87d12,br=0 nl=1,2,
inc/event/res/09/me09_06.txt#34#12,"僕はジェノムだ！
{ファーストハーモニクス}を許す！","我就是杰诺姆！
我允许进行{第一谐波}！",translated,莎丽,b5e13f5f72,br=1 nl=1,2,keep-terms {ファーストハーモニクス}
inc/event/res/09/me09_06.txt#34#14,ジェノムと人間が、これからパートナーとしてお付き合いしていくか否かを決定するための最初の同調のこと。<CR>試しに心を通わせてみて、惹かれあえば成立する。そうでなければ拒絶される。<CR>ファーストハーモニクスが成就すると、ジェノムと人間はお互い助け合いの関係となり、何か問題が発生しない限り、その関係は続いていく。,指杰诺姆与人类为了决定今后是否作为搭档结伴而行，所进行的最初的同调。<CR>尝试让彼此心意相通，若能互相吸引便告成立。若非如此则会被拒绝。<CR>一旦第一谐波圆满修成，杰诺姆与人类便会确立互帮互助的伴侣关系，只要不发生什么意外，这种关系便会一直维系下去。,translated,莎丽,d10bd498bb,<CR> <CR> br=0 nl=0,1,keep-tags <CR>; src-longest-line=158
inc/event/res/09/me09_06.txt#35#12,……それなら。,……那样的话。,translated,妮诺,90c084cd47,br=0 nl=0,1,
inc/event/res/09/me09_06.txt#46#12,ッ！！,！！,translated,莎丽,9b8622f226,br=0 nl=0,1,
inc/event/res/09/me09_06.txt#47#12,ネロ、これは！？,妮诺，这是！？,translated,莎丽,1c6fc580d3,br=0 nl=0,1,
inc/event/res/09/me09_06.txt#48#12,"今回は、みんなの脳内のオレキシンを
一時的に０にしてみたの。","这次，我试着把大家脑内的食欲素
暂时归零了。",translated,妮诺,5140e5cecf,br=0 nl=1,2,
inc/event/res/09/me09_06.txt#49#12,くらくらってして、眠っちゃう。,就会感到头晕目眩，然后睡过去。,translated,妮诺,939c158747,br=0 nl=0,1,
inc/event/res/09/me09_06.txt#50#12,"ふん……条件しだいで無力にも無敵にも
なるんだな君は。","哼……视条件而定，你还真是
既能无能为力又能所向披靡呢。",translated,莎丽,1a9fc9581e,br=0 nl=1,2,
inc/event/res/09/me09_06.txt#51#12,うふふ……。,呵呵呵……。,translated,妮诺,b6260b0240,br=0 nl=0,1,
inc/event/res/09/me09_06.txt#52#12,よし、キャスたちを探して避難だ。,好，去找凯斯他们然后避难。,translated,莎丽,7a9a40f497,br=0 nl=0,1,
inc/event/res/09/me09_06.txt#61#12,どこだ……。,人在哪儿……。,translated,莎丽,97e84ca05f,br=0 nl=0,1,
inc/event/res/09/me09_06.txt#63#12,"……いた！
キャス！　ター坊、白鷹！！","……在那儿！
凯斯！阿达、白鹰！！",translated,莎丽,38ff0e28d7,br=0 nl=1,2,
inc/event/res/09/me09_06.txt#82#12,……誰か追ってきてない？,……没有人追上来吧？,translated,莎丽,1d82d28fc5,br=0 nl=0,1,
inc/event/res/09/me09_06.txt#83#12,……大丈夫。,……没事。,translated,妮诺,fffd4fc8cf,br=0 nl=0,1,
inc/event/res/09/me09_06.txt#84#12,"ふぅ、なんとか誰も目を覚まさないうちに
連れ出せた……。","呼，总算赶在其他人醒来前
把他们带出来了……。",translated,莎丽,a9838e2169,br=0 nl=1,2,
inc/event/res/09/me09_06.txt#85#12,"けど、さっきの操られたような状態のまま
起こすわけにはいかない。どうすれば……。","但是，总不能在刚才那种被操纵的状态下
把他们叫醒。该怎么办……。",translated,莎丽,aa7748fb88,br=0 nl=1,2,
inc/event/res/09/me09_06.txt#86#12,"３人の精神の中を覗かないことには、
何が起きてるかすらわからない。","若不窥探他们三人的精神世界，
根本连发生了什么都无从得知。",translated,妮诺,7d1122ea2a,br=0 nl=1,2,
inc/event/res/09/me09_06.txt#87#12,"どう考えても、
普通の状態じゃないからな……。","无论怎么看，
都不像是正常的状态啊……。",translated,莎丽,20df58bccf,br=0 nl=1,2,
inc/event/res/09/me09_06.txt#88#12,私が{チェイン}して、脳内を見に行く。,由我来进行{连锁}，去他们的脑内看看。,translated,妮诺,ffe6411b2d,br=1 nl=0,1,keep-terms {チェイン}
inc/event/res/09/me09_06.txt#88#14,ジェノムは詩魔法に使うためのエネルギー（人間の精神力）を、自由に受け渡しをすることができる。簡単に言えば、人間の心の扉を開いて、他の人の勇気や希望をもらって、より強力な詩魔法の動力源とする事が出来るのである。<CR>これは、ジェノム同士の精神が繋がることによって行われるもので、それはすなわち、同調している人間同士も精神的に繋がっている状態になる。<CR><CR>あくまで想いの力を共有するだけである故、反発する感情が有る場合、チェインは上手く行かない。自分と想い同じくしている人とでないと、チェインによる詩魔法の増幅は出来ないのである。,杰诺姆能够自由地传递用于诗魔法的能量（人类的精神力）。简而言之，就是能够敞开人类的心扉，借取他人的勇气与希望，以此作为更强大的诗魔法动力源。<CR>这是通过杰诺姆彼此之间的精神相连来实现的，也就是说，与它们同调的人类彼此之间也会处于精神相连的状态。<CR><CR>由于归根结底只是共享心愿与意志的力量，若是存在抗拒抵触的情感，连锁便无法顺利进行。唯有与心意相通之人携手，才能够通过连锁来增幅诗魔法。,translated,妮诺,8f2e9e2ef3,<CR> <CR> <CR> br=0 nl=0,1,keep-tags <CR>; src-longest-line=269
inc/event/res/09/me09_06.txt#89#12,君が！？,你来！？,translated,莎丽,892c0e6bc3,br=0 nl=0,1,
inc/event/res/09/me09_06.txt#90#12,"パークパスニュロンを介在させれば
どうにかなるんじゃない？　あなたの力なら。","只要借助主题乐园护照纽伦作为介质，
总会有办法的吧？以你的力量。",translated,妮诺,4588495ecc,br=0 nl=1,2,
inc/event/res/09/me09_06.txt#91#12,"それはそうだけど……いや、だめだ。
君にはさせられない。","话虽如此……不行，不可以。
不能交给你来做。",translated,莎丽,4c7a754318,br=0 nl=1,2,
inc/event/res/09/me09_06.txt#92#12,どうして？,为什么？,translated,妮诺,005edb699e,br=0 nl=0,1,
inc/event/res/09/me09_06.txt#93#12,信用できないから。,因为我信不过你。,translated,莎丽,758420a55a,br=0 nl=0,1,
inc/event/res/09/me09_06.txt#94#12,そう。冷たい人。,这样啊。真是个冷酷的人。,translated,妮诺,24bdbc0a5e,br=0 nl=0,1,
inc/event/res/09/me09_06.txt#95#12,"君に言われたくないね。
僕はキャスと違って現実主義者なんだ。","轮不到你来说我。
我和凯斯不同，是个现实主义者。",translated,莎丽,8e4cae5f43,br=0 nl=1,2,
inc/event/res/09/me09_06.txt#96#12,キャスたちは仲間じゃないの？,凯斯他们不是你的同伴吗？,translated,妮诺,b21ac3973a,br=0 nl=0,1,
inc/event/res/09/me09_06.txt#98#12,"私もイオン応援団の一員になったの。
キャスやター坊が逆の立場だったら、
私を助けようとしてくれるはず。違う？","我也成为依恩应援团的一员了。
如果凯斯和阿达处于相反的立场，
一定会来救我的。不是吗？",translated,妮诺,3055dda710,br=0 nl=2,3,
inc/event/res/09/me09_06.txt#99#12,あぁ、そうだろうな。彼らなら。,啊啊，确实会那样吧。换作是他们的话。,translated,莎丽,14cfe308c6,br=0 nl=0,1,
inc/event/res/09/me09_06.txt#100#12,私……今日のこと、絶対忘れない。,我……绝对不会忘记今天的事。,translated,妮诺,431ddd3fef,br=0 nl=0,1,
inc/event/res/09/me09_06.txt#102#12,"キャスも、ター坊も、白鷹も……
私のこと本気で心配して、
本気で一緒に楽しもうってしてくれた。","凯斯也好、阿达也好、白鹰也好……
都是真心为我担心，
真心想要和我一起享受快乐。",translated,妮诺,fae3a40852,br=0 nl=2,3,
inc/event/res/09/me09_06.txt#103#12,"だから、忘れない。
自分のセカイに還っても。
この5000年の間で、一番楽しかった日。","所以，我不会忘记。
哪怕回到了自己的世界。
这是这５０００年间，我最开心的一天。",translated,妮诺,2ac4e6633b,br=0 nl=2,3,
inc/event/res/09/me09_06.txt#105#12,それを、悲しい思い出にしたくない。,我不想让它变成悲伤的回忆。,translated,妮诺,da0fabb427,br=0 nl=0,1,
inc/event/res/09/me09_06.txt#107#12,"……わかった。なら、僕も一緒に入る。
それならいい。","……我知道了。那么，我也一起进去。
这样就行了吧。",translated,莎丽,c8b8a433f7,br=0 nl=1,2,
inc/event/res/09/me09_06.txt#108#12,いいよ。,可以哦。,translated,妮诺,283c1ebfab,br=0 nl=0,1,
inc/event/res/09/me09_06.txt#124#12,"パークパスニュロン・サインアップゲートに
ようこそにゅ♪","欢迎光临主题乐园护照纽伦
登录大门喵♪",translated,喵洛基,591a79c4d1,br=0 nl=1,2,
inc/event/res/09/me09_06.txt#125#12,番人のプログラムだな……。,看来是看门程序呢……。,translated,莎丽,181abf2096,br=0 nl=0,1,
inc/event/res/09/me09_06.txt#126#12,"うふふ……。
ねぇにゅろきー、あなたはどこのサーバーで
動いてるの？","呵呵呵……。
呐喵洛基，你是在哪里的服务器上
运行的呀？",translated,妮诺,b88680502a,br=0 nl=2,3,
inc/event/res/09/me09_06.txt#128#12,ふふっ、ひねくれたにゅろきー。,呵呵，真是不坦率的喵洛基。,translated,妮诺,8d649f46d2,br=0 nl=0,1,
inc/event/res/09/me09_06.txt#129#12,"ねぇサーリ、あなたはこのにゅろきーと
遊んでいてくれない？","呐莎丽，你能陪这个喵洛基
玩一会儿吗？",translated,妮诺,a1b365f6fe,br=0 nl=1,2,
inc/event/res/09/me09_06.txt#130#12,何だって？,你说什么？,translated,莎丽,9beb033ef6,br=0 nl=0,1,
inc/event/res/09/me09_06.txt#131#12,"その隙に、私が深層世界へ潜って
みんなを連れ戻す。","趁这空档，我潜入深层世界
把大家带回来。",translated,妮诺,82ded51d5d,br=0 nl=1,2,
inc/event/res/09/me09_06.txt#132#12,言ったろう、信じられない！,我不是说了吗，我不相信你！,translated,莎丽,7239198e88,br=0 nl=0,1,
inc/event/res/09/me09_06.txt#133#12,ほかに手が？,那还有别的办法吗？,translated,妮诺,75a72b6e73,br=0 nl=0,1,
inc/event/res/09/me09_06.txt#134#12,くっ……。,咕……。,translated,莎丽,eca6a86bf0,br=0 nl=0,1,
inc/event/res/09/me09_06.txt#135#12,じゃ、お願いね。,那么，拜托你了哦。,translated,妮诺,00c5ce73f6,br=0 nl=0,1,
inc/event/res/09/me09_06.txt#136#12,あっ！！,啊！！,translated,莎丽,a64e4838a4,br=0 nl=0,1,
inc/event/res/09/me09_06.txt#143#12,くそっ、勝手に！,可恶，又擅自行动！,translated,莎丽,9a09c829db,br=0 nl=0,1,
inc/event/res/09/me09_06.txt#148#12,"パークパスニュロン・サインアップゲートに
ようこそにゅ♪","欢迎光临主题乐园护照纽伦
登录大门喵♪",translated,喵洛基,591a79c4d1,br=0 nl=1,2,
inc/event/res/09/me09_06.txt#149#12,ふん……同じことばかり。,哼……净是重复同一套话。,translated,莎丽,e1cfaf4cef,br=0 nl=0,1,
inc/event/res/09/me09_06.txt#150#12,君は本物のにゅろきーなんかじゃない。,你根本就不是真正的喵洛基。,translated,莎丽,91ffc1be72,br=0 nl=0,1,
inc/event/res/09/me09_06.txt#152#12,"天文の作った……最悪の悪魔だ。
僕もだてににゅろきー通をやってない、
偽者の見分けくらいつく。","你是天文制造出来的……最恶劣的恶魔。
我也不是白白当喵洛基通的，
假货我一眼就能看出来。",translated,莎丽,1bc2b25dd1,br=0 nl=2,3,
inc/event/res/09/me09_06.txt#153#12,君を見てると吐き気がしてくるよ。,看着你我就直犯恶心。,translated,莎丽,ea5132fbc3,br=0 nl=0,1,
inc/event/res/09/me09_06.txt#155#12,"君はジェノミライ研究所で創られた、
犯罪者を抹消するための専用ニュロンだろ！","你是在杰诺米莱伊研究所被制造出来的、
用于抹杀罪犯的专用纽伦吧！",translated,莎丽,f9626961d9,br=0 nl=1,2,
inc/event/res/09/me09_06.txt#157#12,"たいへん！
君には幸せな夢をぶち壊しにする
悪いウィルスが巣食っているようだにゅ！","不好了！
你的体内似乎盘踞着
会把幸福美梦摧毁的坏病毒喵！",translated,喵洛基,105deb8411,br=0 nl=2,3,
inc/event/res/09/me09_06.txt#158#12,脳内からすぐに駆逐しないとにゅ！,必须立刻从脑内驱除掉喵！,translated,喵洛基,9f26a939cb,br=0 nl=0,1,
inc/event/res/09/me09_06.txt#164#12,──うッ！！,――呜！！,translated,莎丽,3a49c4eb60,br=0 nl=0,1,
inc/event/res/09/me09_06.txt#165#12,悪いウィルスは退治にゅ……。,要把坏病毒消灭掉喵……。,translated,喵洛基,a1825a444d,br=0 nl=0,1,
inc/event/res/09/me09_06.txt#166#12,くそ、精神攻撃……！！,可恶，精神攻击……！！,translated,莎丽,c2ad7814a5,br=0 nl=0,1,
inc/event/res/09/me09_06.txt#167#12,悪いウィルス……。,坏病毒……。,translated,喵洛基,2abc308d95,br=0 nl=0,1,
inc/event/res/09/me09_06.txt#168#12,"うあぁぁぁっ！！
あ、頭が割れるみたいに……っ！","哇啊啊啊！！
头、头像要裂开了一样……！",translated,莎丽,3746b5be28,br=0 nl=1,2,
inc/event/res/09/me09_06.txt#172#12,う、うああああぁぁぁっ！！！,呜、哇啊啊啊啊啊！！！,translated,莎丽,5a84c307d9,br=0 nl=0,1,
inc/event/res/09/me09_06.txt#195#12,うおおおおお！！,噢噢噢噢噢！！,translated,阿达・白鹰,808a0f357c,br=0 nl=0,1,
inc/event/res/09/me09_06.txt#215#12,どりゃああっ！！！,看招啊啊啊！！！,translated,阿达・白鹰,ecbbc65796,br=0 nl=0,1,
inc/event/res/09/me09_06.txt#221#12,ぎにゅっ！！,嘎喵！！,translated,喵洛基,5f54ceaf96,br=0 nl=0,1,
inc/event/res/09/me09_06.txt#222#12,──ッ、い、痛みが消えた……！,――唔，痛、痛感消失了……！,translated,莎丽,fa2c72f10b,br=0 nl=0,1,
inc/event/res/09/me09_06.txt#223#12,サーリ、大丈夫か！？,莎丽，你没事吧！？,translated,阿达,4f9dfe8c71,br=0 nl=0,1,
inc/event/res/09/me09_06.txt#224#12,ター坊、みんな！！,阿达，大家！！,translated,莎丽,624de9b233,br=0 nl=0,1,
inc/event/res/09/me09_06.txt#229#12,無事かって言ってんのっ。,问你有没有事呢！,translated,凯斯,bd845cff6b,br=0 nl=0,1,
inc/event/res/09/me09_06.txt#230#12,"僕は大丈夫だ。
君たちこそ、正気のようだな。","我没事。
倒是你们，看来恢复清醒了呢。",translated,莎丽,ffc79c6438,br=0 nl=1,2,
inc/event/res/09/me09_06.txt#231#12,あったりまえよ！,那是当然啦！,translated,凯斯,6d305c8369,br=0 nl=0,1,
inc/event/res/09/me09_06.txt#232#12,と言いたいところだけど、そうでもないわ。,虽然很想这么说，但其实并不算完全清醒。,translated,凯斯,10d75b795e,br=0 nl=0,1,
inc/event/res/09/me09_06.txt#233#12,どういうことだ？,这是什么意思？,translated,莎丽,a4cff853af,br=0 nl=0,1,
inc/event/res/09/me09_06.txt#234#12,"いま表面で体を動かしてるのは、
本物の私たちじゃない。
これから本物になろうっていう、偽者。","现在在表层活动肉体的，
并不是真正的我们。
而是企图鸠占鹊巢成为正主的冒牌货。",translated,凯斯,c2f2464315,br=0 nl=2,3,
inc/event/res/09/me09_06.txt#235#12,"お、オレたちはまだ、洗脳とかされてない
まともなオレたちだぜ？","我、我们还是没有被洗脑的、
正常的我们哦？",translated,阿达,d8e0710375,br=0 nl=1,2,
inc/event/res/09/me09_06.txt#236#12,"ジェノメトリクスの深くに閉じ込められて、
表の体が勝手に動いたりしゃべったり
してんのを見てるしかなくて……！","被关在梦世界的深处，
只能眼睁睁看着外面的身体
擅自活动和说话……！",translated,阿达,fbb16b8c7c,br=0 nl=2,3,
inc/event/res/09/me09_06.txt#237#12,"何か、心にもないことを言ってるとき
みたいな……ヘンな感じなんス！","总觉得就像在说着违心的话一样……
感觉很诡异啊！",translated,白鹰,8096161e17,br=0 nl=1,2,
inc/event/res/09/me09_06.txt#238#12,そういうことか……！,原来是这么回事吗……！,translated,莎丽,4f7ab6789e,br=0 nl=0,1,
inc/event/res/09/me09_06.txt#239#12,"私たちはだんだん消されかかってる、
消えちゃったら、表の私たちが本物になっちゃう！","我们正逐渐被抹去，
要是消失了，外面的我们就会变成正牌了！",translated,凯斯,e0dadcc5f9,br=0 nl=1,2,
inc/event/res/09/me09_06.txt#240#12,"ッ！！
だとすると、僕もチェインしたままだと
マズイいのか！","！！
这样的话，我一直保持连锁状态也很不妙吗！",translated,莎丽,aeebf6aaa5,br=0 nl=2,3,
inc/event/res/09/me09_06.txt#241#12,"早く逃げないと！
チェインを切って、ダイブを止めて！","必须快点逃走！
快切断连锁，停止潜入！",translated,凯斯,49d7ddd974,br=0 nl=1,2,
inc/event/res/09/me09_06.txt#242#12,あぁ、いまネロに──。,啊啊，我现在就让妮诺――,translated,莎丽,b1a92f9a3d,br=0 nl=0,1,
inc/event/res/09/me09_06.txt#249#12,ネロ──答えてくれ、いますぐ……。,妮诺――快回答我，立刻……。,translated,莎丽,e2146a0a1f,br=0 nl=0,1,
inc/event/res/09/me09_06.txt#250#12,"ダメだ、返事がない。
繋がらない！","不行，没有回音。
联系不上！",translated,莎丽,4df98cf343,br=0 nl=1,2,
inc/event/res/09/me09_06.txt#251#12,何で、どうして！？,为什么，怎么会这样！？,translated,凯斯,ee2133b493,br=0 nl=0,1,
inc/event/res/09/me09_06.txt#252#12,"やはり騙されたんだ！
僕がバカだった……。","果然还是被骗了！
是我太愚蠢了……。",translated,莎丽,eb5ff7de19,br=0 nl=1,2,
inc/event/res/09/me09_06.txt#258#12,"ノエル、何とかしてくれ！
もう限界ッス！","诺艾尔，快想想办法啊！
已经到极限了！",translated,白鹰,83243eecef,br=0 nl=1,2,
inc/event/res/09/me09_06.txt#259#12,"オレたちがオレたちじゃなくなる前に……
早く！！","在我们不再是我们之前……
快点啊！！",translated,阿达,e5037425e0,br=0 nl=1,2,
inc/event/res/09/me09_06.txt#260#12,くそっ、どうすれば──！！,可恶，到底该怎么办――！！,translated,莎丽,e20a96f223,br=0 nl=0,1,
inc/event/res/09/me09_06.txt#271#12,こ、こいつは何だ！？,这、这家伙是什么东西！？,translated,阿达,6566b3abf4,br=0 nl=0,1,
inc/event/res/09/me09_06.txt#272#12,にゅろきーが変な妖精に……！,喵洛基变成奇怪的妖精了……！,translated,凯斯,cd73646632,br=0 nl=0,1,
inc/event/res/09/me09_06.txt#294#12,"……よかった。
間に合ったみたい。","……太好了。
看来赶上了。",translated,妮诺,4dab25e9e5,br=0 nl=1,2,
inc/event/res/09/me09_06.txt#295#12,どういうことだ！？,这是怎么回事！？,translated,莎丽,26281c0d3b,br=0 nl=0,1,
inc/event/res/09/me09_06.txt#296#12,パークパスニュロンのカラクリを覗いてたの。,我刚才窥视了主题乐园护照纽伦的底细。,translated,妮诺,cb252ed3e0,br=0 nl=0,1,
inc/event/res/09/me09_06.txt#297#12,"このシャールは、同調する人間の深層意識に
サブリミナルな想いの信号を送っていた。","这个夏尔向同调者的深层意识里
发送潜意识层面的意念信号。",translated,妮诺,7ae730b7c8,br=0 nl=1,2,
inc/event/res/09/me09_06.txt#298#12,"そのままの姿じゃまずいから、
にゅろきーの姿に変成してたってこと。","因为以原本的姿态会露馅，
所以才变身成了喵洛基的模样。",translated,妮诺,374e1d72e9,br=0 nl=1,2,
inc/event/res/09/me09_06.txt#299#12,"そうやって少しずつ洗脳を始めてたって
わけか……。",就是通过这种方式一点点开始洗脑的吗……。,translated,莎丽,1ece64cfb5,br=0 nl=1,2,
inc/event/res/09/me09_06.txt#300#12,"冒涜どころじゃない、
すべてのにゅろきー好きを敵に回して
戦争でもしたいのか！？","这何止是亵渎，
他们是想把所有喵洛基爱好者都变成敌人，
挑起一场全面战争吗！？",translated,莎丽,ff85cdcdce,br=0 nl=2,3,
inc/event/res/09/me09_06.txt#301#12,それどころじゃないでしょサーリ！,现在根本不是说那个的时候吧莎丽！,translated,凯斯,98bc215c1a,br=0 nl=0,1,
inc/event/res/09/me09_06.txt#302#12,"そう。この意識を保ったまま
このジェノメトリクスを抜け出さなきゃ
意味がない。","对。不保持这份意识从这个梦世界
逃脱出去的话，就毫无意义了。",translated,妮诺,20754c46e7,br=0 nl=2,3,
inc/event/res/09/me09_06.txt#312#12,"ノエル、いまから言うコードを
覚えてくれッス。",诺艾尔，请记下我接下来要报的代码。,translated,白鹰,63afc484eb,br=0 nl=1,2,
inc/event/res/09/me09_06.txt#313#12,何？,什么？,translated,莎丽,099228cf66,br=0 nl=0,1,
inc/event/res/09/me09_06.txt#314#12,"その命令を俺たちのニュロンに送ってくれれば、
一時的に初期化できる。","只要把那条指令发送给我们的纽伦，
就能暂时使其初始化。",translated,白鹰,acec9dbab0,br=0 nl=1,2,
inc/event/res/09/me09_06.txt#315#12,"ノエルの{G2トロン}からなら、
それができるはずッス！","要是从诺艾尔的{G2特伦}发送的话，
应该能做得到的！",translated,白鹰,299ba46e82,br=1 nl=1,2,keep-terms {G2トロン}
inc/event/res/09/me09_06.txt#315#14,現在ラシェーラで使用されているシェルノトロンの一世代前の真空管端末がＧ２トロンである。<CR>シェルノトロンには詩魔法をプログラムするための優秀なＯＳが搭載されているが、それと比べるとＧ２トロンのＯＳはとても素人に扱えるようなものではなかった。そのため、オリジナルの詩魔法を紡ぐには高度はプログラミング能力が必要となり、シェルノトロンのように爆発的な普及はされなかった。<CR>しかし、その難度の高いプログラミングを行うことで、シェルノトロンよりも熱い想いが伝えられると、一部の熱狂的なユーザーから絶大な支持を得ている。,目前拉榭拉所使用的榭鲁诺特伦的前一代真空管终端即为Ｇ２特伦。<CR>虽然榭鲁诺特伦搭载了用于编程诗魔法的优秀操作系统，但与之相比，Ｇ２特伦的操作系统绝非外行所能轻易驾驭。因此，若要纺出原创的诗魔法便需要极高深的编程能力，未曾像榭鲁诺特伦那样取得爆发性的普及。<CR>然而，正由于能够进行那种高难度的编程，从而能够传达比榭鲁诺特伦更为炽热滚烫的情感，因此在部分狂热用户群中享有极高的支持与推崇。,translated,白鹰,7ba3117195,<CR> <CR> br=0 nl=0,1,keep-tags <CR>; src-longest-line=260
inc/event/res/09/me09_06.txt#316#12,白鷹、そこまで見つけておいて、どうして！,白鹰，你既然都查到这个地步了，为什么！,translated,莎丽,ce8b9c509a,br=0 nl=0,1,
inc/event/res/09/me09_06.txt#317#12,"いや……見つけたときには、
表の俺がもう正気を失っちまってて……。","不是……查到的时候，
外面的我已经失去理智了……。",translated,白鹰,616e32bb67,br=0 nl=1,2,
inc/event/res/09/me09_06.txt#318#12,"それに、ニュロンのチェインは
基本的に禁止されてたモンで、
なす術がなかったんス。","而且纽伦的连锁在原则上是受禁止的，
我根本无计可施啊。",translated,白鹰,33c26c1979,br=0 nl=2,3,
inc/event/res/09/me09_06.txt#319#12,"ノエルがG2でチェインしてくれて、
助かったッス！","多亏诺艾尔用G2进行了连锁，
才救了我一命！",translated,白鹰,cebb5fb364,br=0 nl=1,2,
inc/event/res/09/me09_06.txt#320#12,助かったッスじゃないよ、白鷹……！,什么叫救了一命啊，白鹰……！,translated,莎丽,8cbb6c0d79,br=0 nl=0,1,
inc/event/res/09/me09_06.txt#321#12,"バカ鷹！
もう、超超超心配したんだから……っ！","笨蛋白鹰！
真是的，害我超超超级担心的啊……！",translated,莎丽,1a8423e5fc,br=0 nl=1,2,
inc/event/res/09/me09_06.txt#322#12,ごごごめんッス……。,对对对不起……。,translated,白鹰,0e8f00c9c1,br=0 nl=0,1,
inc/event/res/09/me09_06.txt#323#12,"とにかくわかった、コードは覚えておく。
次に会うのは、目覚ましが鳴った後だ。","总之我知道了，代码我会记住的。
下次见面，就是在闹钟响过之后了。",translated,莎丽,419ea5a491,br=0 nl=1,2,
inc/event/res/09/me09_06.txt#337#12,……ハッ！,……哈！,translated,莎丽,1f024e0935,br=0 nl=0,1,
inc/event/res/09/me09_06.txt#338#12,トロンに白鷹のコードを……。,向特伦输入白鹰的代码……。,translated,莎丽,20b20df11d,br=0 nl=0,1,
inc/event/res/09/me09_06.txt#342#12,"……よし、プログラムが走った！
みんなのニュロンにチェインして流し込めば……！","……好，程序运行起来了！
只要连锁到大家的纽伦上输入进去……！",translated,莎丽,edff538e53,br=0 nl=1,2,
inc/event/res/09/me09_06.txt#348#12,頼む、動いてくれ……！,拜托了，一定要生效啊……！,translated,莎丽,0da47262dc,br=0 nl=0,1,
inc/event/res/09/me09_06.txt#354#12,ッ！！,！！,translated,莎丽,9b8622f226,br=0 nl=0,1,
inc/event/res/09/me09_06.txt#364#12,ッ……！,唔……！,translated,阿达,b47746e822,br=0 nl=0,1,
inc/event/res/09/me09_06.txt#365#12,ぅ、うぅ……。,呜、呜呜……。,translated,凯斯,6a8644c858,br=0 nl=0,1,
inc/event/res/09/me09_06.txt#366#12,"……よ、よし、ノエル！
うまくいったッス！","……好、太棒了，诺艾尔！
成功了！",translated,白鹰,525301062e,br=0 nl=1,2,
inc/event/res/09/me09_06.txt#367#12,白鷹！　みんな！,白鹰！大家！,translated,莎丽,cd1ab027cc,br=0 nl=0,1,
inc/event/res/09/me09_06.txt#379#12,"……まだ。
ニュロンはリセットされただけで、
停止したわけじゃない。","……还没完。
纽伦只是被重置了，
并没有停止运行。",translated,妮诺,0e2a5ec46d,br=0 nl=2,3,
inc/event/res/09/me09_06.txt#380#12,"このニュロンとの同調は、
同調者側からは解くことができないみたい。","与这个纽伦的同调，
似乎无法从同调者这一侧单方面解除。",translated,妮诺,74455db318,br=0 nl=1,2,
inc/event/res/09/me09_06.txt#381#12,あと数時間もすればみんなまた正気を失う。,再过几个小时大家又会丧失理智的。,translated,妮诺,dcd067d548,br=0 nl=0,1,
inc/event/res/09/me09_06.txt#382#12,"犯罪者用のトロンだから、
勝手に解くことができなくて当然だな。","既然是罪犯专用的特伦，
无法擅自解除也是理所当然的呢。",translated,莎丽,0c2815e678,br=0 nl=1,2,
inc/event/res/09/me09_06.txt#383#12,はぁっ！？,哈啊！？,translated,阿达,7a31cf576c,br=0 nl=0,1,
inc/event/res/09/me09_06.txt#384#12,俺たち犯罪者ッスか！？,我们成罪犯了！？,translated,白鹰,722f352359,br=0 nl=0,1,
inc/event/res/09/me09_06.txt#385#12,"そうさ。
天文の機密を知りすぎた罪、ってことみたいだ。","是啊。
看来罪名是知道太多天文机密呢。",translated,莎丽,ebe3807b2c,br=0 nl=1,2,
inc/event/res/09/me09_06.txt#386#12,失礼しちゃう！,太失礼了吧！,translated,凯斯,03e3b5fc5e,br=0 nl=0,1,
inc/event/res/09/me09_06.txt#387#12,"僕もこんな不名誉はゴメンだ。
どうにか解除しないと……。","我也绝不接受这种不白之冤。
必须想办法解除掉……。",translated,莎丽,83f76ab521,br=0 nl=1,2,
inc/event/res/09/me09_06.txt#388#12,方法はある。,有办法。,translated,妮诺,19ee326d34,br=0 nl=0,1,
inc/event/res/09/me09_06.txt#389#12,どっ、どんな！？,什、什么办法！？,translated,阿达,c3a425e5f9,br=0 nl=0,1,
inc/event/res/09/me09_06.txt#390#12,"パークパスニュロンを
コントロールしてる電波塔を無力化する。","使控制主题乐园护照纽伦的
电波塔彻底瘫痪。",translated,妮诺,ddabef8163,br=0 nl=1,2,
inc/event/res/09/me09_06.txt#391#12,……なるほど。アレだな？,……原来如此。是那个吧？,translated,莎丽,87b63237be,br=0 nl=0,1,
inc/event/res/09/me09_06.txt#392#12,どれ？,哪个？,translated,凯斯,3e1fb1dde3,br=0 nl=0,1,
inc/event/res/09/me09_06.txt#393#12,"ぱれす・にゅろきーるの中心にそびえる、
にゅろきー城──","高耸在喵洛基鲁・王宫中央的
喵洛基城堡――",translated,莎丽,6be8eb55ae,br=0 nl=1,2,
inc/event/res/09/me09_06.txt#394#12,"城の尖頭は、電波塔になってる
にゅろきータワーだ。","城堡的塔尖，就是作为电波塔的
喵洛基塔。",translated,莎丽,3f7157e5cc,br=0 nl=1,2,
inc/event/res/09/me09_06.txt#395#12,ホントに！？,真的吗！？,translated,凯斯,0313f68299,br=0 nl=0,1,
inc/event/res/09/me09_06.txt#396#12,"タワーを無力化できれば同調は解けて、
洗脳は止まる。","只要能瘫痪那座塔同调就会解除，
洗脑也会随之停止。",translated,妮诺,7c5c741095,br=0 nl=1,2,
inc/event/res/09/me09_06.txt#422#12,"いっ！？
外、なんかヤバくね？","噫！？
外面好像有点不妙啊？",translated,阿达,69eb02458b,br=0 nl=1,2,
inc/event/res/09/me09_06.txt#423#12,"集団で意識を飛ばしたり、
ニュロンを初期化したのがバレたらしい。","集体失去意识以及纽伦被初始化的事
似乎败露了。",translated,莎丽,86d449fdf5,br=0 nl=1,2,
inc/event/res/09/me09_06.txt#424#12,囲まれないうちにここはオサラバッス！,趁着还没被包围赶紧开溜吧！,translated,白鹰,824682a661,br=0 nl=0,1,
inc/event/res/09/me09_06.txt#449#12,ネロ。,妮诺。,translated,凯斯,3e1d079bfe,br=0 nl=0,1,
inc/event/res/09/me09_06.txt#469#12,"……ありがと。
難しいことはわかんないけど、
消えちゃわないですんだ。あんたのおかげ。","……谢谢你。
虽然复杂的事情我不太懂，
但我没有被抹去。多亏了你。",translated,凯斯,7fd036748d,br=0 nl=2,3,
inc/event/res/09/me09_06.txt#471#12,"……？
キャスが言ったのよ？","……？
不是凯斯你说的吗？",translated,妮诺,c50104cda0,br=0 nl=1,2,
inc/event/res/09/me09_06.txt#472#12,え？,诶？,translated,凯斯,5590ff8011,br=0 nl=0,1,
inc/event/res/09/me09_06.txt#473#12,"『困ったときに助け合うのは、
　イオン応援団のキホン』って。","‘在遇到困难时互相帮助，
　是依恩应援团的基本原则’。",translated,妮诺,b029f44ee4,br=0 nl=1,2,
inc/event/res/09/me09_06.txt#475#12,え……。,诶……。,translated,凯斯,30ac3b7c45,br=0 nl=0,1,
inc/event/res/09/me09_07.txt#26#12,（……ふん、そんなに悪くない部屋ね）,（……哼，还算不错的房间呢）,translated,吉鲁,74df0dadfd,br=0 nl=0,1,
inc/event/res/09/me09_07.txt#27#12,"（いつまで私をこうしておくつもりなのか
　知らないけど、こんなことでごまかせると
　思われてるとしたら、なめられたものね）","（虽然不知道他们打算关我到什么时候，
　但要是以为这点小恩小惠就能糊弄我，
　那可太小看我了）",translated,吉鲁,60054623b2,br=0 nl=2,3,
inc/event/res/09/me09_07.txt#28#12,"（とはいえ……連中の次の一手が読めないのは
　癪にさわるわね）","（话虽如此……摸不清那些家伙的下一步动作
　实在让人火大呢）",translated,吉鲁,88d836041f,br=0 nl=1,2,
inc/event/res/09/me09_07.txt#31#12,"（ほとぼりがさめたところで殺そうとでも
　言うのなら、私も黙ってはいないけれど）","（如果他们是想等风头过去再杀人灭口的话，
　我也绝不会坐以待毙就是了）",translated,吉鲁,30dc151b2e,br=0 nl=1,2,
inc/event/res/09/me09_07.txt#37#12,ッ……。,唔……。,translated,吉鲁,005cd29d0b,br=0 nl=0,1,
inc/event/res/09/me09_07.txt#63#12,何をしているの？,你们在做什么？,translated,吉鲁,8be1a456e2,br=0 nl=0,1,
inc/event/res/09/me09_07.txt#72#12,"これより、天文総帥リーヴェルト陛下より
お話がある。","天文总帅利维尔特陛下
接下来有话要同您讲。",translated,特工,dcecc38574,br=0 nl=1,2,
inc/event/res/09/me09_07.txt#73#12,リーヴェルト総帥から……！？,利维尔特总帅要同我……！？,translated,吉鲁,4aa7fde9f6,br=0 nl=0,1,
inc/event/res/09/me09_07.txt#74#12,"陛下よりじきじきのお申し出である。
粗相のないように。","此乃陛下亲自提出的指示。
切莫失了礼数。",translated,特工,7d441207b0,br=0 nl=1,2,
inc/event/res/09/me09_07.txt#75#12,"機密保持のため通信は暗号化され、
我々も立ち会わないことになっている。","为保守机密通信已加密，
我等也不会在场陪同。",translated,特工,2f5bb24dc1,br=0 nl=1,2,
inc/event/res/09/me09_07.txt#76#12,"だが状況はカメラで監視している。
問題行動のあった場合は即刻中断し
拘禁するのでそのつもりで。","但现场情况会由摄像头全程监视。
若有异常举动将立即中断并予以拘禁，
请做好心理准备。",translated,特工,31b1e9e3c5,br=0 nl=2,3,
inc/event/res/09/me09_07.txt#90#12,"（リーヴェルト総帥が、私に直接
　話があるなんて……どういうこと？）","（利维尔特总帅居然有话直接跟我说……
　这是怎么回事？）",translated,吉鲁,7ffbd24913,br=0 nl=1,2,
inc/event/res/09/me09_07.txt#97#12,リーヴェルト総帥……。,利维尔特总帅……。,translated,吉鲁,7732a450d5,br=0 nl=0,1,
inc/event/res/09/me09_07.txt#98#12,"ジリリウム・リモナイト、
ご機嫌うるわしゅう。","吉利利姆・柠檬石，
别来无恙。",translated,利维尔特,8c006f0bdb,br=0 nl=1,2,
inc/event/res/09/me09_07.txt#99#12,"こちらからご招待しておきながら大変な
不自由を強い、さぞご不興のことでしょう。
平にご容赦を。","明明是由我们主动邀请，却让您受尽了
诸般不便，想必令您十分不快吧。
还望海涵包涵。",translated,利维尔特,bd167128e4,br=0 nl=2,3,
inc/event/res/09/me09_07.txt#100#12,"……どういうつもりかしら。
天文のトップに頭を下げられるいわれはないと
思うけれど。","……不知您意欲何为呢。
我可不认为自己有什么由头能让天文的首领
向我低头谢罪呢。",translated,吉鲁,4d50d5ea6b,br=0 nl=2,3,
inc/event/res/09/me09_07.txt#101#12,何をおっしゃいます。,瞧您说的。,translated,利维尔特,1bc196d635,br=0 nl=0,1,
inc/event/res/09/me09_07.txt#102#12,"あなたさまは歴史ある{地文調停十二支}の一支、
名門リモナイト家の血統を継ぐ唯一のお方……
いわば盟主。","您可是继承了历史悠久的
{地文调停十二支}之一支、名门柠檬石家
血脉的唯一传人……亦可谓是盟主。",translated,利维尔特,fa51dd4fe7,br=1 nl=2,3,keep-terms {地文調停十二支}
inc/event/res/09/me09_07.txt#102#14,地文大司教に仕える十二人の幹部たちの名であり、それぞれが地文におけるエリート中のエリート。<CR>その中でも、当時リモナイト家の当主だったジルの父親は、十二支筆頭として皇女がいない地文の大司教を務めていた。しかしあるとき、彼を含む十二支たちはどこの馬の骨とも付かないカノンを皇女として擁立し、大司教の座へと就任させた。<CR>全ては十数年後に行われる皇位継承の儀に勝利し、「セーブ・ベゼル」を成功させるためだったが、順当にいけばジルが大司教の座に就いていたであろうことは疑い様がない。,此乃侍奉地文大主教的十二位干部的名号，每一位都是地文精英中的精英。<CR>这其中，当时身为柠檬石家当主的吉鲁父亲，作为十二支之首在地文尚无皇女时代任地文大主教。然而某一日，包括他在内的十二支们拥立了来历不明的卡诺为皇女，并推举其就任了大主教之位。<CR>这一切虽说是为了在十余年后举行的皇位继承仪式中获胜并成功实行“存档贝捷尔”，但按常理本该由吉鲁继承大主教之位这点是不容置疑的。,translated,利维尔特,87b342fc7b,<CR> <CR> br=0 nl=0,1,keep-tags <CR>; src-longest-line=242
inc/event/res/09/me09_07.txt#103#12,"世が世なら地文大司教の座に就いて
おられたのです。礼を尽くして当然。","倘若天下太平，您本该登临地文大主教
之位的。对您以礼相待是理所应当。",translated,利维尔特,e178352a6f,br=0 nl=1,2,
inc/event/res/09/me09_07.txt#105#12,"それに、先代大司教……
あなたさまのお父上の酷い決断には、
私も同情を禁じ得ません。","况且，对于先代大主教……
也就是令尊当年那般残酷的决断，
老夫亦不禁深表同情。",translated,利维尔特,e44a5cb9a4,br=0 nl=2,3,
inc/event/res/09/me09_07.txt#106#12,"今上のカノイール大司教については、
あなたさまも納得のいかない部分も
多いのでは？","关于现任的卡诺伊尔大主教，
想必您心中亦有许多难以信服之处吧？",translated,利维尔特,c532317fa4,br=0 nl=2,3,
inc/event/res/09/me09_07.txt#107#12,"余計なことは結構。話があるというなら、
さっさと本題へ移ってはいかがかしら。","客套话就免了吧。若是有话要谈，
何不尽快切入正题呢。",translated,吉鲁,30163dc2ec,br=0 nl=1,2,
inc/event/res/09/me09_07.txt#108#12,"確かに。
それでは単刀直入に申しましょう。","所言极是。
那么老夫便开门见山了。",translated,利维尔特,0d5077dd9b,br=0 nl=1,2,
inc/event/res/09/me09_07.txt#109#12,"あなたさまをこの天文の研究施設の一員として
正式にお迎えしたい。","老夫希望能正式迎请您加入
这所天文的研究设施，成为我们的一员。",translated,利维尔特,c1877457c9,br=0 nl=1,2,
inc/event/res/09/me09_07.txt#110#12,何ですって？,你说什么？,translated,吉鲁,66b29cfe2a,br=0 nl=0,1,
inc/event/res/09/me09_07.txt#111#12,"あなたさまは歴史あるジェノミライ研究所の
元研究員。当時は助手でしたかな。","您是历史悠久的杰诺米莱伊研究所的前研究员。
当年似乎是担任助手吧。",translated,利维尔特,2024e13b88,br=0 nl=1,2,
inc/event/res/09/me09_07.txt#112#12,"そしてここは、栄えある歴史を受け継ぐ
新生ジェノミライ研究所。
ふさわしい人選と自負しております。","而这里，则是继承了光荣历史的
新生杰诺米莱伊研究所。
老夫自认这是再合适不过的人选了。",translated,利维尔特,a71c7e8185,br=0 nl=2,3,
inc/event/res/09/me09_07.txt#114#12,"……ふっ。ふふっ……
ジェノミライ……ここが？","……呵。呵呵……
杰诺米莱伊……这里？",translated,吉鲁,fef3287091,br=0 nl=1,2,
inc/event/res/09/me09_07.txt#115#12,"ふざけるのもいい加減にして。
勝手に名前を盗んで、いけしゃあしゃあと。","开玩笑也得有个限度。
擅自盗用名号，还真是厚颜无耻呢。",translated,吉鲁,64b0e7835e,br=0 nl=1,2,
inc/event/res/09/me09_07.txt#116#12,"歴史を受け継ぐですって？
冗句は休み休み言って欲しいものね。
ジェノミライは天文のものではないわ。","继承历史？
这笑话还真是让人笑掉大牙。
杰诺米莱伊可不是你们天文的所有物。",translated,吉鲁,692be71b27,br=0 nl=2,3,
inc/event/res/09/me09_07.txt#117#12,"そもそもは天文と地文が共同で設立した
研究所だったはず。
しかも最終的には独立を果たしたわ。","原本那该是由天文与地文共同建立的
研究所才对。
而且最终它还成功实现了独立。",translated,吉鲁,694e8724ab,br=0 nl=2,3,
inc/event/res/09/me09_07.txt#118#12,"たかが天文の属組織にその名を戴くなんて、
不遜にもほどがある。","区区一个隶属于天文的下属组织也配冠以此名，
未免太放肆无礼了。",translated,吉鲁,b24e97cde4,br=0 nl=1,2,
inc/event/res/09/me09_07.txt#119#12,"いいえ、そのようなことはありません。
むしろここは、ジェノミライ創立の理念を
継承する、正統なる施設。","不，绝无此事。
不如说这里正是继承了杰诺米莱伊创立理念的、
正统设施。",translated,利维尔特,34c01d4945,br=0 nl=2,3,
inc/event/res/09/me09_07.txt#120#12,"研究内容も旧ジェノミライの
延長線上にあります。","研究内容亦处于旧杰诺米莱伊的
延长线上。",translated,利维尔特,32413bb5ad,br=0 nl=1,2,
inc/event/res/09/me09_07.txt#121#12,へぇ……何をしようと言うの？,嘿……你们企图做些什么？,translated,吉鲁,2dc722a1cb,br=0 nl=0,1,
inc/event/res/09/me09_07.txt#122#12,"ようやく興味を持っていただけましたね。
順序立ててご説明します。","您终于产生兴趣了呢。
那么老夫便按部就班为您说明。",translated,利维尔特,921bf16fe0,br=0 nl=1,2,
inc/event/res/09/me09_07.txt#127#12,"そもそもジェノミライ研究所は、その名も含め、
この世には存在しないものとして扱われて
おります。","原本杰诺米莱伊研究所连同其名在内，
都是被当作在这个世界上并不存在的事物
来对待的。",translated,利维尔特,3b8038abe7,br=0 nl=2,3,
inc/event/res/09/me09_07.txt#128#12,"その研究内容は一般常識を大きく超え、
内容も多岐にわたる。","其研究内容大幅超越了一般常识，
涉及面亦十分广泛。",translated,利维尔特,588acf1e23,br=0 nl=1,2,
inc/event/res/09/me09_07.txt#129#12,"中でも特に、次元間航行についての研究には
力を入れていた。
というより、それこそが設立の主目的でした。","其中尤其是关于跨维度航行的研究，
曾倾注了极大的精力。
不如说，那本就是设立的主要目的。",translated,利维尔特,9d0f41048d,br=0 nl=2,3,
inc/event/res/09/me09_07.txt#130#12,"当時地文は、現在の『{セーブベゼル}』とは
異なる方法で人々を救済しようとしていた。","当时地文曾试图以不同于如今的
‘{存档贝捷尔}’之方法来拯救世人。",translated,利维尔特,d6a7bd8416,br=1 nl=1,2,keep-terms {セーブベゼル}
inc/event/res/09/me09_07.txt#130#14,地文が推進するラシェーラ救済計画の名称。<CR>天文が推進しているグランフェニックス計画が、箱舟を作り人のみが脱出する計画であるのに対して、セーブ・ベゼルは、赤色巨星となってしまったラシェーラの太陽ベゼルをジェノムと共に正常化し、今現在のラシェーラを救うための計画である。<CR>セーブ・ベゼルの中心となる人物は地文皇女であるカノンであり、過去に１０年に１度と言われるほどのウェーブバーストの発生を防いだ実績を持つ。<CR>地文はこの計画の発表と同時に、声帯の潰れている人や声帯域が狭い人たちを無償で助ける政策も発表した。<CR>セーブ・ベゼルと神の子と賞賛されたカノンの登場により、当時、天文全盛だった世界は真っ二つに割れた。,地文推行的拯救拉榭拉计划的名称。<CR>相较于天文推行的大凤凰计划――即建造方舟仅让人类逃脱的计划，存档贝捷尔则是指与杰诺姆联手将沦为红巨星的拉榭拉太阳贝捷尔恢复正常，拯救当下拉榭拉的计划。<CR>存档贝捷尔的核心人物乃是地文皇女卡诺，她拥有成功阻止过号称十年一遇的波动爆炸的实际战绩。<CR>地文在公布该计划的同时，也宣布了无偿援助声带受损或声域狭窄者的政策。<CR>随着存档贝捷尔以及被称为神之子的卡诺登场，当时处于天文全盛期的世界被彻底一分为二。,translated,利维尔特,084b8000c6,<CR> <CR> <CR> <CR> br=0 nl=0,1,keep-tags <CR>; src-longest-line=314
inc/event/res/09/me09_07.txt#131#12,"それは移民船計画、通称『ソレイル計画』。
巨大な航宙移民船でラシェーラを
脱出しようというものでした。","那便是移民飞船计划，通称‘太阳号计划’。
企图以巨大的宇宙移民飞船
逃离拉榭拉。",translated,利维尔特,823d81bc9e,br=0 nl=2,3,
inc/event/res/09/me09_07.txt#132#12,"しかし、それはさまざまな理由で頓挫した。
行き先も定まらぬ永遠の旅に出ようというのは、
やはり無理があったのです。","然而，该计划由于种种原因搁浅了。
踏上目的地渺不可知的永恒旅程，
终究还是太勉强了。",translated,利维尔特,49e5545d07,br=0 nl=2,3,
inc/event/res/09/me09_07.txt#133#12,"次なる手立てが模索される中、天文と地文は
教義の違いから仲違いを始めました。","在摸索下一阶段对策的过程中，天文与地文
因教义的分歧而开始决裂反目。",translated,利维尔特,c6a820da88,br=0 nl=1,2,
inc/event/res/09/me09_07.txt#134#12,"そもそも天文とは、ソレイル建造のために
地文の下部組織として創られた研究部門に
すぎなかった。にもかかわらず──","原本天文不过是为了建造太阳号，
作为地文的下属组织设立的研究部门而已。
然而尽管如此――",translated,利维尔特,92cee9b7d3,br=0 nl=2,3,
inc/event/res/09/me09_07.txt#135#12,"その研究が量子や生命科学の分野に及ぶに
いたって、地文の教義から大きく逸脱を
始めたのです。","随着其研究涉足量子及生命科学领域，
便开始严重背离了地文的教义。",translated,利维尔特,364950a13f,br=0 nl=2,3,
inc/event/res/09/me09_07.txt#136#12,"それが生命への冒涜、この世界の摂理に
反する行為だと考えた地文は、
天文の解体を計画しました。","地文认为那是对生命的亵渎，
是有违这个世界天道纲常的行为，
于是策划了解体天文。",translated,利维尔特,c8ab06aae6,br=0 nl=2,3,
inc/event/res/09/me09_07.txt#137#12,"だが、遅きに失していた。
すでにG2トロンの実用化に成功していた
天文は、強大な力を持つ組織と化していた。","然而，为时已晚。
当时早已成功实现G2特伦实用化的天文，
已然演变为了拥有庞大实力的强固组织。",translated,利维尔特,06c779ae13,br=0 nl=2,3,
inc/event/res/09/me09_07.txt#138#12,"そこで地文は天文と協議し、移民計画に
関してはたがいに中立を守ることにして
新たな組織を設立した──","于是地文与天文进行协商，在移民计划上
决定彼此保持中立，
并成立了新的组织――",translated,利维尔特,d26e5d6f11,br=0 nl=2,3,
inc/event/res/09/me09_07.txt#139#12,それがジェノミライ研究所です。,那便是杰诺米莱伊研究所。,translated,利维尔特,271249eab0,br=0 nl=0,1,
inc/event/res/09/me09_07.txt#140#12,ここまではよろしいですね？,讲到这里您都清楚吧？,translated,利维尔特,57f8c6c468,br=0 nl=0,1,
inc/event/res/09/me09_07.txt#143#12,……えぇ。,……嗯。,translated,吉鲁,5747a359df,br=0 nl=0,1,
inc/event/res/09/me09_07.txt#144#12,"結果、ジェノミライ研究所は
次元間航行という究極の科学を
発見するに至りました。","结果，杰诺米莱伊研究所
最终发现了跨维度航行这一究极科学。",translated,利维尔特,d26ced2fa8,br=0 nl=2,3,
inc/event/res/09/me09_07.txt#145#12,"それをよく思わなかった地文は様々な策を講じ、
ジェノミライ研究所自体は瓦解するに至った。","对此心怀芥蒂的地文采取了各种对策，
最终导致杰诺米莱伊研究所本身份崩离析。",translated,利维尔特,15d6dc91db,br=0 nl=1,2,
inc/event/res/09/me09_07.txt#146#12,"その貴重きわまりない資産を救うべく、
天文は独自の判断で研究所を移し、
自らの資金を投入して研究を続行したのです。","为了挽救这无比珍贵的资产，
天文根据独断转移了研究所，
并投入己方资金继续推进研究。",translated,利维尔特,2c5dc73bb4,br=0 nl=2,3,
inc/event/res/09/me09_07.txt#147#12,"だがその頃には、ジェノミライの中核を
担っていたクラケット博士、
そしてウンドゥ博士は──","但到了那时候，身为杰诺米莱伊核心骨干的
库拉肯特博士、以及温多博士――",translated,利维尔特,ab68b75877,br=0 nl=2,3,
inc/event/res/09/me09_07.txt#148#12,すでにこの世から居なくなっていたのです。,却早已不在人世了。,translated,利维尔特,086f69496a,br=0 nl=0,1,
inc/event/res/09/me09_07.txt#151#12,"何を……何を他人事みたいに！
ウンドゥを焼いたのはお前たち天文じゃないか！","你说什么……少在那儿一副事不关己的口气！
将温多火化的不正是你们天文吗！",translated,吉鲁,b5c04b0bbb,br=0 nl=1,2,
inc/event/res/09/me09_07.txt#152#12,"これは異なことを。
召された人間を荼毘に付すことは
敬意ある扱いではありませんか。","这可真是奇谈怪论了。
将归西之人予以火化，
难道不是极具敬意的善后方式吗。",translated,利维尔特,d4cc3f775a,br=0 nl=2,3,
inc/event/res/09/me09_07.txt#153#12,"もっとも、地文がより原始的な
土葬や風葬を好むというのなら……
失礼をお詫びせねばなりませんが。","不过，倘若地文更钟情于原始的
土葬或风葬的话……
老夫倒是必须向您赔礼道歉了。",translated,利维尔特,537837d39b,br=0 nl=2,3,
inc/event/res/09/me09_07.txt#154#12,く……！,咕……！,translated,吉鲁,16da4e9ed3,br=0 nl=0,1,
inc/event/res/09/me09_07.txt#155#12,（ウンドゥは……死んでなんかない！）,（温多他……根本没有死！）,translated,吉鲁,cfd35e2b77,br=0 nl=0,1,
inc/event/res/09/me09_07.txt#156#12,"（それをこいつに叩きつけてやりたい
　ところだけど……
　手の内をさらすことはないわ）","（虽然很想把这事实狠狠甩在他脸上……
　但没必要把底牌亮出来）",translated,吉鲁,ac30ca0a6e,br=0 nl=2,3,
inc/event/res/09/me09_07.txt#157#12,（何を話そうというのか見極めないと）,（必须先摸清他到底想谈什么）,translated,吉鲁,e86582605f,br=0 nl=0,1,
inc/event/res/09/me09_07.txt#158#12,"それからのことは言うまでもありますまい。
さまざまな……実に多くのことが起きた。","自那之后的事想必不用老夫多言。
发生了种种……委实很多的事。",translated,利维尔特,722ae1a783,br=0 nl=1,2,
inc/event/res/09/me09_07.txt#159#12,"そしてつい先日のこと。
亡くなったと信じられていたクラケット博士が、
生きておられたとわかったのです。","而在就在前不久。
一直被认为已经故去的库拉肯特博士，
查明了其实依然健在。",translated,利维尔特,b260cb8f6c,br=0 nl=2,3,
inc/event/res/09/me09_07.txt#161#12,"クラケット博士、そしてウンドゥ博士がいれば、
ジェノミライは昔日の栄光を取り戻せる。","若有库拉肯特博士、以及温多博士在，
杰诺米莱伊便能重现昔日的辉煌。",translated,利维尔特,379d4133e1,br=0 nl=1,2,
inc/event/res/09/me09_07.txt#162#12,そこで、あなたさまに来ていただいたのです。,因此，老夫才专程请您前来。,translated,利维尔特,8f3849f843,br=0 nl=0,1,
inc/event/res/09/me09_07.txt#163#12,どういうことかしら。,不知这是何意呢。,translated,吉鲁,46d489ab6e,br=0 nl=0,1,
inc/event/res/09/me09_07.txt#164#12,"死者を呼び戻すことはできません。
が、あなたさまはウンドゥ博士の弟子として
さまざまな成果を受け継いでおられるはず。","死者固然无法复生。
但您作为温多博士的弟子，
想必继承了他的诸多研究成果吧。",translated,利维尔特,6606101339,br=0 nl=2,3,
inc/event/res/09/me09_07.txt#165#12,"それを、新生ジェノミライ研究所で存分に
生かしてほしいのです。","老夫希望您能在新生杰诺米莱伊研究所，
将那些成果尽情发挥出来。",translated,利维尔特,54b7e1d2fc,br=0 nl=1,2,
inc/event/res/09/me09_07.txt#166#12,……はッ！,……哈！,translated,吉鲁,092e01b516,br=0 nl=0,1,
inc/event/res/09/me09_07.txt#167#12,"それは買い被りよ。
私は単なる助手、提供できるものなんて
持ち合わせていないわ。","那您可太高看我了。
我不过是个区区助手，
可没有什么能拿得出手的东西提供给你们。",translated,吉鲁,bce34cae80,br=0 nl=2,3,
inc/event/res/09/me09_07.txt#168#12,"そんなことはありませんよ。あなたさまの
開発された、さまざまなウィルスや薬──","绝无此事。您所开发的
那些形形色色的病毒与药物――",translated,利维尔特,021fc59679,br=0 nl=1,2,
inc/event/res/09/me09_07.txt#169#12,"ジェノマイズRNAβ、SHSヘテロマイシン、
{アストロサイト・モジュラトリ・ウィルス}。","杰诺酶RNAβ、SHS杂霉素、
{星形胶质细胞调节病毒}。",translated,利维尔特,fb91277145,br=1 nl=1,2,keep-terms {アストロサイト・モジュラトリ・ウィルス}
inc/event/res/09/me09_07.txt#169#14,コロン・フォーシーズンでイオンと白鷹がジルの研究室から回収したウィルスと同一のもの。<CR>人間に投与することで、その肉体と精神を苗床として無限にシャールを生み続ける。<CR><CR>生み出されるシャールは予めウィルスにプリセットされたプログラムに乗っ取って行動する。そのため、ジルが行ったように自我を失くし、特定の行動のみを行わせることも可能であり、そうして生み出されたシャールは与えられた命令を忠実にこなす生きたロボットのような存在となる。,与依恩和白鹰在克隆四季中从吉鲁的研究室回收的病毒属于同一种。<CR>通过给人注射，会以该人肉体与精神作为温床，源源不断地生成夏尔。<CR><CR>诞生出的夏尔会遵照预先预设在病毒中的程序展开行动。因此，正如吉鲁所做的那样，可以让它们丧失自我、仅执行特定行动，如此诞生出的夏尔便成为了忠实执行既定指令的如同活体机器人般的存在。,translated,利维尔特,f605c460ae,<CR> <CR> <CR> br=0 nl=0,1,keep-tags <CR>; src-longest-line=222
inc/event/res/09/me09_07.txt#170#12,"ッ！！
なぜその名前を！","！！
你为何会知道那些名字！",translated,吉鲁,34a1713c30,br=0 nl=1,2,
inc/event/res/09/me09_07.txt#171#12,"これらの立派な成果によって、
天文は{第２世代シェルノトロンサーバー}を
完成させることができそうなのですから。","正是多亏了这些卓越的成果，
天文才终于有望完成
{第2世代榭鲁诺特伦服务器}呢。",translated,利维尔特,993f34b452,br=1 nl=2,3,keep-terms {第２世代シェルノトロンサーバー}
inc/event/res/09/me09_07.txt#171#14,ネロを失った天文が既存のシェルノトロンサーバーに代わるものとして開発を行っていたとされる新型シェルノトロンサーバー。<CR>今までのシェルノトロンサーバーはイオンやネロなどの７次元的存在の俯瞰視点によってマルチタスクを実現していたが、それに代わる何らかのものを天文が研究・開発していたようだ。<CR>その詳細は今のところ不明であり、またこの次世代シェルノトロンサーバーが世界にどのような影響を与えるかは未知数である。,据称是失去了妮诺的天文为了取代现有的榭鲁诺特伦服务器而进行研发的新型榭鲁诺特伦服务器。<CR>以往的榭鲁诺特伦服务器是凭借依恩和妮诺等７次元存在的俯瞰视点来实现多任务处理，但天文似乎研究并开发出了某种替代方案。<CR>目前关于其详情尚不明朗，且该次世代榭鲁诺特伦服务器究竟会对世界造成何种影响也是未知数。,translated,利维尔特,64b4f034d2,<CR> <CR> br=0 nl=0,1,keep-tags <CR>; src-longest-line=208
inc/event/res/09/me09_07.txt#174#12,"（どうして天文が私の創った薬の名を……。
　どれも地文幹部から極秘の依頼を受けて
　創っていたものなのに）","（为什么天文会知道我制造的药物之名……
　明明全都是受地文干部的绝密委托
　研制出来的啊）",translated,吉鲁,444fa44fba,br=0 nl=2,3,
inc/event/res/09/me09_07.txt#175#12,"（誰かが密告した……？
　いえ、でも薬のことを知っているのは──）","（难道有人告密了……？
　不，但知晓这些药物的――）",translated,吉鲁,9d4c500a83,br=0 nl=1,2,
inc/event/res/09/me09_07.txt#176#12,"（ネイ、ウンドゥ、クラケット博士、
　それにあのガキどもしかいないはず。
　その誰かが……まさか）","（应该只有妮伊、温多、库拉肯特博士、
　以及那帮小鬼而已啊。
　是他们当中的某个人……难道说）",translated,吉鲁,46f7693b25,br=0 nl=2,3,
inc/event/res/09/me09_07.txt#177#12,"そうそう、君にぜひ逢わせたい人がいる。
君にはとてもなじみ深い人物だよ？","对了对了，老夫有个人务必想引荐与你一见。
对你而言也是极其熟悉的人物哦？",translated,利维尔特,a02be6d813,br=0 nl=1,2,
inc/event/res/09/me09_07.txt#185#14,司祭,祭司,translated,,8b96ac6811,br=0 nl=0,1,
inc/event/res/09/me09_07.txt#185#15,シャオメイ,小梅,translated,,4752c33718,br=0 nl=0,1,
inc/event/res/09/me09_07.txt#192#12,お前は……シャオメイ！！,你这家伙是……小梅！！,translated,吉鲁,adf9104369,br=0 nl=0,1,
inc/event/res/09/me09_07.txt#193#12,おひさしぶりです。ジリリウム。,好久不见了。吉利利姆。,translated,小梅,202c5b2770,br=0 nl=0,1,
inc/event/res/09/me09_07.txt#194#12,まさかお前、天文の……！！,难道你竟然是天文的……！！,translated,吉鲁,5f20fd8b91,br=0 nl=0,1,
inc/event/res/09/me09_07.txt#196#12,"この地文装束も懐かしいだろう。
シャオメイは地文文化に紛れている方が
長かったからね。いまでもよく似合う。","这身地文装束很令人怀念吧。
毕竟小梅混迹在地文文化里的时间更长呢。
至今穿起来也依然很相衬。",translated,利维尔特,4881809dea,br=0 nl=2,3,
inc/event/res/09/me09_07.txt#197#12,"シャオメイは新生ジェノミライ研究所でも
諜報部員として働いてもらっている。
最優秀の人材だ。","小梅在新生杰诺米莱伊研究所里，
也作为情报人员效力。
是最优秀的人才。",translated,利维尔特,ade1bd731b,br=0 nl=2,3,
inc/event/res/09/me09_07.txt#198#12,"君にはこれから、引き続きウィルスの研究に
励んでもらいたい。","老夫希望你今后能够继续潜心
钻研病毒的研究。",translated,利维尔特,835dbd622e,br=0 nl=1,2,
inc/event/res/09/me09_07.txt#199#12,"先ほど話したとおり、
第２世代シェルノトロンサーバーには
君の研究が必要不可欠なのだよ。","正如方才所言，
第2世代榭鲁诺特伦服务器
极其需要你的研究成果。",translated,利维尔特,df9fa2487b,br=0 nl=2,3,
inc/event/res/09/me09_07.txt#214#12,く……、誰が……！！,咕……谁会听你的……！！,translated,吉鲁,13f5d05634,br=0 nl=0,1,
inc/event/res/09/me09_07.txt#215#12,もちろん、君にもメリットがある。,当然，对你而言也是大有好处的。,translated,利维尔特,e204834757,br=0 nl=0,1,
inc/event/res/09/me09_07.txt#216#12,"君の頑張りによって新サーバーが
完成したあかつきには、報酬を用意する。","待到借由你的努力成功完成新服务器之日，
老夫自会备妥丰厚的报酬。",translated,利维尔特,ee169598a7,br=0 nl=1,2,
inc/event/res/09/me09_07.txt#217#12,"君はネロを欲しているだろう？
彼女を君に譲ろう。","你一直渴望得到妮诺吧？
届时老夫便将她让与你。",translated,利维尔特,f1e978bdc3,br=0 nl=1,2,
inc/event/res/09/me09_07.txt#218#12,何ですって！？,你说什么！？,translated,吉鲁,527d88e2bd,br=0 nl=0,1,
inc/event/res/09/me09_07.txt#219#12,"次世代サーバーが完成すれば、
旧サーバーである彼女は必要ないからね。","因为一旦次世代服务器大功告成，
身为旧服务器的她便不再有利用价值了。",translated,利维尔特,5e12fcd9a5,br=0 nl=1,2,
inc/event/res/09/me09_07.txt#220#12,"もし我々と契約するなら、
シャオメイが君の新しい職場を案内する。","倘若你愿意与我们签订契约，
便由小梅带你参观你的新工作岗位。",translated,利维尔特,67e1a94f6a,br=0 nl=1,2,
inc/event/res/09/me09_07.txt#222#12,"もちろん、艦内において君はある程度の
自由と安全を保証される。どうかな？","当然，在舰内你也将被保障一定程度的
自由与安全。意下如何呢？",translated,利维尔特,b67f72ccd4,br=0 nl=1,2,
inc/event/res/09/me09_07.txt#225#12,ふふ……。,呵呵……。,translated,利维尔特,54503a1a5d,br=0 nl=0,1,
inc/event/res/09/me09_07.txt#226#12,"……いいでしょう。
契約するわ。","……好吧。
我同意签约。",translated,吉鲁,81f0b08550,br=0 nl=1,2,
inc/event/res/09/me09_07.txt#227#12,結構。,很好。,translated,利维尔特,156faa161c,br=0 nl=0,1,
inc/event/res/09/me09_08.txt#37#12,"はぁっ、はぁっ……。
ちくしょう、このままじゃ……！","哈啊、哈啊……。
可恶，这样下去……！",translated,阿达,d79eaeb069,br=0 nl=1,2,
inc/event/res/09/me09_08.txt#38#12,ど、どこかに隠れないと！,必、必须找个地方躲起来！,translated,白鹰,e52ee89496,br=0 nl=0,1,
inc/event/res/09/me09_08.txt#39#12,"あっ！
あっちよ！","啊！
那边！",translated,凯斯,2653730d81,br=0 nl=1,2,
inc/event/res/09/me09_08.txt#67#12,"はぁ、はぁ……。
ここは？","哈啊、哈啊……。
这里是？",translated,莎丽,79b797b53e,br=0 nl=1,2,
inc/event/res/09/me09_08.txt#68#12,"にゅろきーのステージアトラクションね。
劇場の中は暗いからちょうどいいわ。","是喵洛基的舞台游乐设施呢。
剧场里面很昏暗正好合适。",translated,凯斯,1ad31752e9,br=0 nl=1,2,
inc/event/res/09/me09_08.txt#69#12,にゅ、にゅろきーのっ……！？,喵、喵洛基的……！？,translated,莎丽,43a0c73855,br=0 nl=0,1,
inc/event/res/09/me09_08.txt#70#12,"ちょっと！
観たいなんて思ってないでしょうね、
こんなときに！","喂！
你该不会想在这种时候看演出吧！",translated,凯斯,b1e3fc11a8,br=0 nl=2,3,
inc/event/res/09/me09_08.txt#71#12,"ばっ、そっ、そんなわけないだろう！
僕がそんな。はは。","怎、怎、怎么可能嘛！
我怎么会那样想呢。哈哈。",translated,莎丽,fafb87a4be,br=0 nl=1,2,
inc/event/res/09/me09_08.txt#72#12,ならいいんだけどっ。,那就好。,translated,凯斯,2e2e0ab0ac,br=0 nl=0,1,
inc/event/res/09/me09_08.txt#73#12,"このショーも結局洗脳のための
ものだったってことなんだよな……。",这个表演说到底也是用来洗脑的玩意儿吧……。,translated,阿达,b3cfd7f9b7,br=0 nl=1,2,
inc/event/res/09/me09_08.txt#74#12,そう考えるとタチ悪いッスねぇ。,这么一想性质还真是有够恶劣的呢。,translated,白鹰,8e956b9321,br=0 nl=0,1,
inc/event/res/09/me09_08.txt#85#12,ネロ。一ついいか。,妮诺。我能问一件事吗。,translated,莎丽,2e9e62f49a,br=0 nl=0,1,
inc/event/res/09/me09_08.txt#86#12,何。,什么。,translated,妮诺,5a4611ed2a,br=0 nl=0,1,
inc/event/res/09/me09_08.txt#87#12,"どうしてにゅろきー城の一番上に、
洗脳用の電波塔があるなんて知ってるんだ。","你怎么会知道喵洛基城堡的最顶端，
有着用于洗脑的电波塔？",translated,莎丽,96e0959677,br=0 nl=1,2,
inc/event/res/09/me09_08.txt#88#12,元々あそこには興味あったから。,因为我原本就对那里感兴趣。,translated,妮诺,e814c1d196,br=0 nl=0,1,
inc/event/res/09/me09_08.txt#90#12,今度は何をしようというんだ。,你这次又打算做什么。,translated,莎丽,76d8d42d12,br=0 nl=0,1,
inc/event/res/09/me09_08.txt#92#12,"いろいろなものにハッキングを仕掛けたり、
人間を操ったりして、君は世界を災厄へ
導いてきた。","对各种事物实施黑客入侵，
操纵人类，你曾将世界引向灾厄。",translated,莎丽,f03831a3ba,br=0 nl=2,3,
inc/event/res/09/me09_08.txt#93#12,"洗脳用の塔というのが本当だとしたら、
また何かを企んでると思われて当然だろ。","倘若洗脑之塔是真的，
会被认为又在谋划着什么也是理所当然的吧。",translated,莎丽,493097a660,br=0 nl=1,2,
inc/event/res/09/me09_08.txt#98#12,"そうかもしれないけど、このピンチから
逃げるには塔をぶっ壊すしかないんでしょ？","也许确实如此，但要想从眼下的危机中脱身，
除了去砸毁那座塔别无他法吧？",translated,凯斯,ba6ea4a23a,br=0 nl=1,2,
inc/event/res/09/me09_08.txt#99#12,"行くしかないでしょ、
いま捕まったらみんな同罪だもの！","只能去了吧，
要是现在被抓大家可都是同罪呢！",translated,凯斯,fec044b46e,br=0 nl=1,2,
inc/event/res/09/me09_08.txt#122#12,"ま、まずい！
ショーが終わっちまったッス！","糟、糟糕！
演出结束了！",translated,白鹰,ffbca24329,br=0 nl=1,2,
inc/event/res/09/me09_08.txt#126#12,やばっ！,不好！,translated,凯斯,18212c6487,br=0 nl=0,1,
inc/event/res/09/me09_08.txt#127#12,"みんな、あっちだ！
扉が開いてる！","大家，往那边走！
门开着！",translated,阿达,9633ccc9b6,br=0 nl=1,2,
inc/event/res/09/me09_08.txt#140#12,"舞台ソデってやつッスね。
大道具とかいっぱい置いてあるッス。","就是所谓的舞台侧幕呢。
堆放着好多大型道具啊。",translated,白鹰,f7a0cefcb1,br=0 nl=1,2,
inc/event/res/09/me09_08.txt#141#12,あっ、にゅろきーの着ぐるみがあるぜ！,啊，有喵洛基的人偶服耶！,translated,阿达,0c211c2a4c,br=0 nl=0,1,
inc/event/res/09/me09_08.txt#142#12,"ちょうど５つある！
これを着て目くらましよ！","正好有５件！
穿上这个当障眼法吧！",translated,凯斯,40c85d7715,br=0 nl=1,2,
inc/event/res/09/me09_08.txt#146#12,"本気か！？
そんな子供じみた手でごまかせるわけが！","你是认真的吗！？
这么孩子气的手段怎么可能蒙混过关啊！",translated,莎丽,c2e548b61e,br=0 nl=1,2,
inc/event/res/09/me09_08.txt#150#12,……おもしろそう。,……感觉挺有意思的。,translated,妮诺,bc47af6541,br=0 nl=0,1,
inc/event/res/09/me09_08.txt#151#12,"それっきゃねぇな！
みんな急げ！","只有这一招了！
大家快点！",translated,阿达,bb2d5f7ee6,br=0 nl=1,2,
inc/event/res/09/me09_08.txt#160#12,なかなかいいカンジだぜ！,感觉挺不错的嘛！,translated,阿达,1a6569a228,br=0 nl=0,1,
inc/event/res/09/me09_08.txt#161#12,うん、ぴったり！,嗯，正合适！,translated,凯斯,d458dfce50,br=0 nl=0,1,
inc/event/res/09/me09_08.txt#162#12,"優秀な作りだな。
動きやすいし、苦しくもない。","做工真优良啊。
既便于活动，也不会觉得闷。",translated,莎丽,a26c7ecb57,br=0 nl=1,2,
inc/event/res/09/me09_08.txt#164#12,あ、あの……。,那个……。,translated,白鹰,84da849edf,br=0 nl=0,1,
inc/event/res/09/me09_08.txt#168#12,ん？,嗯？,translated,阿达・凯斯・莎丽,612f6299e0,br=0 nl=0,1,
inc/event/res/09/me09_08.txt#186#14,ター坊Ｂ,阿达Ｂ,translated,,5b7ca2198e,br=0 nl=0,1,
inc/event/res/09/me09_08.txt#186#15,ター坊,阿达,translated,,be218a88e0,br=0 nl=0,1,
inc/event/res/09/me09_08.txt#187#14,キャスＢ,凯斯Ｂ,translated,,6ee4c93151,br=0 nl=0,1,
inc/event/res/09/me09_08.txt#187#15,キャス,凯斯,translated,,6f807afcb1,br=0 nl=0,1,
inc/event/res/09/me09_08.txt#188#14,サーリＢ,莎丽Ｂ,translated,,23b435d976,br=0 nl=0,1,
inc/event/res/09/me09_08.txt#188#15,サーリ,莎丽,translated,,8a6ca8f186,br=0 nl=0,1,
inc/event/res/09/me09_08.txt#189#14,ネロＢ,妮诺Ｂ,translated,,10ffd35420,br=0 nl=0,1,
inc/event/res/09/me09_08.txt#189#15,ネロ,妮诺,translated,,5ab7665c85,br=0 nl=0,1,
inc/event/res/09/me09_08.txt#196#12,いっ！？,噫！？,translated,阿达Ｂ,4944e7043c,br=0 nl=0,1,
inc/event/res/09/me09_08.txt#197#12,な、何よそれ！？,那、那是搞什么啊！？,translated,凯斯Ｂ,5f230540d9,br=0 nl=0,1,
inc/event/res/09/me09_08.txt#198#12,は、入んないッス……。,穿、穿不进去啊……。,translated,白鹰,a278574033,br=0 nl=0,1,
inc/event/res/09/me09_08.txt#208#12,もう、何やってるんだ白鷹！,真是的，你在干什么啊白鹰！,translated,莎丽Ｂ,caac14dc92,br=0 nl=0,1,
inc/event/res/09/me09_08.txt#209#12,そう言われても……。,就算你这么说……。,translated,白鹰,f766ef60c8,br=0 nl=0,1,
inc/event/res/09/me09_08.txt#210#12,手伝ってやるから、ほら！,我来帮你，快点！,translated,莎丽Ｂ,d523aa1624,br=0 nl=0,1,
inc/event/res/09/me09_08.txt#211#12,た、頼む……。,拜、拜托了……。,translated,白鹰,cc7180c111,br=0 nl=0,1,
inc/event/res/09/me09_08.txt#212#12,後ろを押さえてるから、両足を突っ込んで！,我在后面按着，快把两只脚塞进去！,translated,莎丽Ｂ,ac667bec8a,br=0 nl=0,1,
inc/event/res/09/me09_08.txt#213#12,こ、こうか？,这、这样吗？,translated,白鹰,e55ffc8272,br=0 nl=0,1,
inc/event/res/09/me09_08.txt#214#12,よし、前を引き上げて。,好，把前面拉上来。,translated,莎丽Ｂ,df4b946125,br=0 nl=0,1,
inc/event/res/09/me09_08.txt#215#12,んしょ……。,唔咻……。,translated,白鹰,ba2b14e04d,br=0 nl=0,1,
inc/event/res/09/me09_08.txt#216#12,僕が持ってるから、両手を入れて。,我帮你提着，把两只手伸进去。,translated,莎丽Ｂ,d7dadec523,br=0 nl=0,1,
inc/event/res/09/me09_08.txt#217#12,えぇっ、難易度高いッス！,诶诶，难度太高了！,translated,白鹰,a9fd9ecb5e,br=0 nl=0,1,
inc/event/res/09/me09_08.txt#218#12,急げ！,快点！,translated,莎丽Ｂ,c1157d7c46,br=0 nl=0,1,
inc/event/res/09/me09_08.txt#219#12,えぇ～……。,诶诶～……。,translated,白鹰,fd78689f53,br=0 nl=0,1,
inc/event/res/09/me09_08.txt#220#12,わ……。,哇……。,translated,阿达Ｂ,e0cdd1cfa6,br=0 nl=0,1,
inc/event/res/09/me09_08.txt#221#12,サーリ、後ろから超密着……！,莎丽，从后面超级贴身紧贴……！,translated,凯斯Ｂ,e04b298547,br=0 nl=0,1,
inc/event/res/09/me09_08.txt#227#12,やべっ！,糟了！,translated,阿达Ｂ,1117fdfa14,br=0 nl=0,1,
inc/event/res/09/me09_08.txt#228#12,間に合わなかった！,没赶上！,translated,莎丽Ｂ,a7be51ce04,br=0 nl=0,1,
inc/event/res/09/me09_08.txt#235#12,ッ！？,！？,translated,特工,7680e63062,br=0 nl=0,1,
inc/event/res/09/me09_08.txt#236#12,"……。
にゅろきー……いや……？","……。
喵洛基……不对……？",translated,特工,e32ba39312,br=0 nl=1,2,
inc/event/res/09/me09_08.txt#237#12,おっ、おつかれさまです！,辛、辛苦了！,translated,阿达Ｂ,eea7763b45,br=0 nl=0,1,
inc/event/res/09/me09_08.txt#238#12,ッ！？,！？,translated,特工,7680e63062,br=0 nl=0,1,
inc/event/res/09/me09_08.txt#239#12,"おつかれさまですぅ、
見回りご苦労さまです！","辛苦了～，
巡逻巡察辛苦各位了！",translated,凯斯Ｂ,46708b9444,br=0 nl=1,2,
inc/event/res/09/me09_08.txt#240#12,お、おう……。,哦、哦……。,translated,特工,744a5ad1bb,br=0 nl=0,1,
inc/event/res/09/me09_08.txt#241#12,舞台はさっき終わったんじゃないのか？,演出刚才不是已经结束了吗？,translated,特工,dcde4406ca,br=0 nl=0,1,
inc/event/res/09/me09_08.txt#242#12,"こここれからカーテンコールなの！
そんなこともわからないの！？","接、接下来是谢幕啊！
连这种事情都不懂吗！？",translated,凯斯Ｂ,e8a565c554,br=0 nl=1,2,
inc/event/res/09/me09_08.txt#243#12,う、うむ……。,唔、唔……。,translated,特工,f3442eb826,br=0 nl=0,1,
inc/event/res/09/me09_08.txt#244#12,さ、さぁ行くぞー！,来、来吧出发喽――！,translated,阿达Ｂ,1c5ba76996,br=0 nl=0,1,
inc/event/res/09/me09_08.txt#253#12,サササーリちゃん、俺まだ頭だけ……！,莎莎莎丽，我才只套了个头……！,translated,白鹰,75c766f7d7,br=0 nl=0,1,
inc/event/res/09/me09_08.txt#254#12,行くしかないだろ！,只能硬上了吧！,translated,莎丽Ｂ,728acf9c6a,br=0 nl=0,1,
inc/event/res/09/me09_08.txt#255#12,オンステージ！！,登台亮相！！,translated,凯斯Ｂ,bd68ab6de6,br=0 nl=0,1,
inc/event/res/09/me09_08.txt#272#12,うゎ、すごいお客の数……！,哇，台下观众好多……！,translated,阿达Ｂ,c51fe29669,br=0 nl=0,1,
inc/event/res/09/me09_08.txt#273#12,おじけづかないのっ！,别胆怯啊！,translated,凯斯Ｂ,09e18a979c,br=0 nl=0,1,
inc/event/res/09/me09_08.txt#274#12,"みんなー、今日は観に来てくれて
ありがとー♪♪","大家～，今天非常感谢大家
前来看演出♪♪",translated,凯斯Ｂ,d529a277d4,br=0 nl=1,2,
inc/event/res/09/me09_08.txt#278#12,"ほらみんな、そのままソデへ出ろ！
カーテンコールなんだから！","喂大家，就那样顺势退到侧幕去！
毕竟只是谢幕而已！",translated,莎丽Ｂ,30474545dd,br=0 nl=1,2,
inc/event/res/09/me09_08.txt#279#12,ばっ、ばいばいみんなー！,拜、拜拜大家～！,translated,阿达Ｂ,172e1a3475,br=0 nl=0,1,
inc/event/res/09/me09_08.txt#280#12,またねー！,下次见啦～！,translated,凯斯Ｂ,59e0146d59,br=0 nl=0,1,
inc/event/res/09/me09_08.txt#298#12,"よし、うまくごまかせたぞ！
このまま逃げよう！","好，顺利糊弄过去了！
趁现在快逃！",translated,阿达Ｂ,8e0131e864,br=0 nl=1,2,
inc/event/res/09/me09_08.txt#299#12,"パークに出ちまえば、ほかのにゅろきーに
混じってわかんなくなるだろ！","只要跑到乐园里去，
混在其他喵洛基里就认不出来了对吧！",translated,阿达Ｂ,89426235f0,br=0 nl=1,2,
inc/event/res/09/me09_08.txt#300#12,それはない！,绝不可能！,translated,莎丽Ｂ,ed105bf3f0,br=0 nl=0,1,
inc/event/res/09/me09_08.txt#301#12,"にゅろきーは世界にひとりしか
いないんだから！","因为世界上唯独只有
一只喵洛基啊！",translated,凯斯Ｂ,85d517408b,br=0 nl=1,2,
inc/event/res/09/me09_08.txt#302#12,"……そんなわけないでしょ。
現にここに着ぐるみが５つあって、
４人が着てるし。","……怎么可能嘛。
眼下这里就有５套人偶服，
而且有４个人正穿着呢。",translated,妮诺Ｂ,a875446395,br=0 nl=2,3,
inc/event/res/09/me09_08.txt#303#12,"パークではほかにもたくさんの
従業員が着ぐるみに入って働いてる──。","在乐园里还有很多其他员工
也是套在人偶服里工作的――",translated,妮诺Ｂ,3912f9503c,br=0 nl=1,2,
inc/event/res/09/me09_08.txt#306#12,中の人なんていない！！,里面才没有什么扮演者！！,translated,凯斯・莎丽,019e286721,br=0 nl=0,1,
inc/event/res/09/me09_08.txt#307#12,いまここにいるじゃん……。,现在这儿不就站着吗……。,translated,阿达Ｂ,2635df1ee5,br=0 nl=0,1,
inc/event/res/09/me09_08.txt#308#12,ふふふ……。,呵呵呵……。,translated,妮诺Ｂ,e94bf3313d,br=0 nl=0,1,
inc/event/res/09/me09_08.txt#312#12,"いないったって仕方ないッスよ、
ともかくこのまま出ちゃいましょうッス！","就算没有也没办法啦，
总之我们先这么出去吧！",translated,白鹰,37915beedf,br=0 nl=1,2,
inc/event/res/09/me09_08.txt#325#12,"……とは言ったものの、
めちゃめちゃ目立ってるッス、これ……。","……话是这么说，
但我们这也太引人注目了吧……。",translated,白鹰,6116589af8,br=0 nl=1,2,
inc/event/res/09/me09_08.txt#326#12,"にゅろきーが一気に５人だからな。
白鷹、お前が異様な姿だから
逆に遠巻きにされてるようだ。","毕竟一口气冒出５只喵洛基啊。
白鹰，正因为你那副诡异的模样，
周围人反而都远远避开了。",translated,莎丽Ｂ,da78cb9767,br=0 nl=2,3,
inc/event/res/09/me09_08.txt#328#12,やっべぇ、来てるぞ！,糟了，他们追过来了！,translated,阿达Ｂ,f03d523c03,br=0 nl=0,1,
inc/event/res/09/me09_08.txt#329#12,そんなこと言ったって、重くて走れない！,就算你这么说，这衣服太重跑不动啊！,translated,凯斯Ｂ,6974d3e1a7,br=0 nl=0,1,
inc/event/res/09/me09_08.txt#330#12,"しょうがない。
俺が囮になるッス！","没办法了。
就由我来当诱饵吧！",translated,白鹰,2b2de2dec3,br=0 nl=1,2,
inc/event/res/09/me09_08.txt#331#12,白鷹！？,白鹰！？,translated,莎丽Ｂ,2baf94c446,br=0 nl=0,1,
inc/event/res/09/me09_08.txt#332#12,"一番目立つのは俺ッス。
あそこで風船配ってるにゅろきーのそばで
もっと目立ってくるから、その隙に逃げて！","最显眼的就是我了。
我去那边发气球的喵洛基旁边
搞出更大动静，趁那机会你们快逃！",translated,白鹰,fd3e917dcf,br=0 nl=2,3,
inc/event/res/09/me09_08.txt#343#12,ダメだ、お前はどうなるんだ！,不行，那你怎么办！,translated,莎丽Ｂ,d986c6495c,br=0 nl=0,1,
inc/event/res/09/me09_08.txt#344#12,"平気だよ。現実もバーチャルも、
ハッキングと同じさ。相手のセキュリティ
ホールを見抜いて、出し抜く。","没事的。不论现实还是虚拟，
都和黑客入侵一样。看穿对方的
安全漏洞，出其不意。",translated,白鹰,b5ce7de763,br=0 nl=2,3,
inc/event/res/09/me09_08.txt#345#12,お前と何度もやってきたことじゃんか。,这不是我和你配合过很多次的事嘛。,translated,白鹰,636e67f422,br=0 nl=0,1,
inc/event/res/09/me09_08.txt#346#12,だからって！,就算如此！,translated,莎丽Ｂ,40654fa001,br=0 nl=0,1,
inc/event/res/09/me09_08.txt#347#12,"俺がバッチリ援護して、
お前がきっちり目的を果たす。
いつもどおりさ、大丈夫。","由我完美掩护，
由你坚决达成目标。
和往常一样，没事的。",translated,白鹰,5dbe178245,br=0 nl=2,3,
inc/event/res/09/me09_08.txt#348#12,"終わったら必ず迎えにいくから。
心配すんなって。","等结束之后我一定会去接你的。
不用担心啦。",translated,白鹰,1069ebf214,br=0 nl=1,2,
inc/event/res/09/me09_08.txt#349#12,し、ろたか……。,白、鹰……。,translated,莎丽Ｂ,5aad92ed0f,br=0 nl=0,1,
inc/event/res/09/me09_08.txt#350#12,"じゃあ行ってくるぜ、ノエル……
いや、サーリちゃん。","那我走了哦，诺艾尔……
不，莎丽酱。",translated,白鹰,94590d3cee,br=0 nl=1,2,
inc/event/res/09/me09_08.txt#351#12,みんなをよろしくな。,大家就拜托你了。,translated,白鹰,8ec9eda86e,br=0 nl=0,1,
inc/event/res/09/me09_08.txt#361#12,し──,白――,translated,莎丽Ｂ,c9a3c507ec,br=0 nl=0,1,
inc/event/res/09/me09_08.txt#362#12,しろたかぁぁーーー！！！,白鹰―――！！！,translated,莎丽Ｂ,fa2b4d1580,br=0 nl=0,1,
inc/event/res/09/me09_08.txt#363#12,"はっ、早く逃げよう！
もうすぐそこまで来てる！","快、快点逃吧！
他们已经追到近前了！",translated,阿达Ｂ,397aeea583,br=0 nl=1,2,
inc/event/res/09/me09_08.txt#364#12,"いやっ、いやだ！
白鷹が、白鷹がぁぁ……！！","不要，不要啊！
白鹰他、白鹰他啊啊……！！",translated,莎丽Ｂ,170c16fd52,br=0 nl=1,2,
inc/event/res/09/me09_08.txt#365#12,"いつまで雰囲気出してんの！！
ほらっ、早く！","你还要入戏到什么时候啊！！
快点，快跑！",translated,凯斯Ｂ,4b9723aea6,br=0 nl=1,2,
inc/event/res/09/me09_08.txt#400#12,"……あのまま白鷹が生き残る確率は……
リスクは高いが、スキルは充分のはず……。","……白鹰就那样生还的概率是……
虽然风险很高，但他的技术理应足够……。",translated,莎丽,c657d5f3db,br=0 nl=1,2,
inc/event/res/09/me09_08.txt#401#12,"あぁでもあいつはこの手のセキュリティ
ホールには弱いからな……。","啊啊，不过那家伙对这种类型的
安全漏洞很不在行啊……。",translated,莎丽,847b0d3276,br=0 nl=1,2,
inc/event/res/09/me09_08.txt#402#12,"だが情報の欺瞞にかけては並び立つ者は
いない……プロクシをかますみたいに
敵の注意を逸らすことができれば──。","但在情报伪装方面无人能出其右……
如果能像设置代理服务器一样
引开敌人的注意――",translated,莎丽,7e06589476,br=0 nl=2,3,
inc/event/res/09/me09_08.txt#403#12,"なぁなぁ、ハッカー同士って、
誰が何を出来るかみんな知ってるのか？
すげぇな。","呐呐，黑客之间，
大家都能彼此清楚谁能做到什么吗？
好厉害啊。",translated,阿达,8844a214b6,br=0 nl=2,3,
inc/event/res/09/me09_08.txt#404#12,まさか。そんなわけないだろ。,怎么可能。哪会有那种事。,translated,莎丽,e006871dc2,br=0 nl=0,1,
inc/event/res/09/me09_08.txt#405#12,え……。,诶……。,translated,阿达,30ac3b7c45,br=0 nl=0,1,
inc/event/res/09/me09_08.txt#406#12,"はっ！
またいる、こっちに来る！","哈！
又有人，往这边过来了！",translated,凯斯,91524ade15,br=0 nl=1,2,
inc/event/res/09/me09_08.txt#407#12,隠れろ！,快躲起来！,translated,莎丽,73adea0fff,br=0 nl=0,1,
inc/event/res/09/me09_08.txt#420#14,男Ｂ,男子Ｂ,translated,,2a7395800c,br=0 nl=0,1,
inc/event/res/09/me09_08.txt#420#15,おっさん,大叔,translated,,2a5af8c95a,br=0 nl=0,1,
inc/event/res/09/me09_08.txt#425#12,あ、危なかったぁ……。,好、好险啊……。,translated,阿达,76de7d7eaa,br=0 nl=0,1,
inc/event/res/09/me09_08.txt#427#12,魚掬い。,捞鱼。,translated,男子Ｂ,2313fd5f58,br=0 nl=0,1,
inc/event/res/09/me09_08.txt#428#12,え？,诶？,translated,阿达,5590ff8011,br=0 nl=0,1,
inc/event/res/09/me09_08.txt#432#12,やるの。やんないの。,玩不玩。到底玩不玩啊。,translated,男子Ｂ,962e60de58,br=0 nl=0,1,
inc/event/res/09/me09_08.txt#433#12,え、と……。,额，那个……。,translated,阿达,8cd721b533,br=0 nl=0,1,
inc/event/res/09/me09_08.txt#434#12,なんだ、４人も来て冷やかしか！？,搞什么，来了４个人是来起哄的吗！？,translated,男子Ｂ,acb9d1af8c,br=0 nl=0,1,
inc/event/res/09/me09_08.txt#438#12,や、やりますやりますっ！,玩、我们玩我们玩！,translated,凯斯,4a68aaee80,br=0 nl=0,1,
inc/event/res/09/me09_08.txt#446#12,な、何よ、じーっと見て。,怎、怎么了，一直盯着看。,translated,凯斯,b0097919ee,br=0 nl=0,1,
inc/event/res/09/me09_08.txt#448#12,あんた、魚掬い知らないの？,你不知道什么是捞鱼吗？,translated,凯斯,4d9eda7e12,br=0 nl=0,1,
inc/event/res/09/me09_08.txt#449#12,"うぅん、知ってる。
知識としては。","不，我知道。
作为知识而言。",translated,妮诺,486ec5de86,br=0 nl=1,2,
inc/event/res/09/me09_08.txt#450#12,やったことは？,亲手玩过吗？,translated,凯斯,3c2e0115b1,br=0 nl=0,1,
inc/event/res/09/me09_08.txt#451#12,ない。,没有。,translated,妮诺,b8c11d8f26,br=0 nl=0,1,
inc/event/res/09/me09_08.txt#452#12,はぁっ……ほら、どーぞ。,哈啊……给，拿去吧。,translated,凯斯,97f587c8cd,br=0 nl=0,1,
inc/event/res/09/me09_08.txt#454#12,あ……。,啊……。,translated,妮诺,674a8541f0,br=0 nl=0,1,
inc/event/res/09/me09_08.txt#455#12,"ったく、ヘタクソねー。
そんなに乱暴に突っ込まないで、
魚の後ろからそーっと。","真是的，太笨拙啦。
别那么粗暴地戳进去，
要从鱼的后面悄悄地靠近。",translated,凯斯,d857b9c1a1,br=0 nl=2,3,
inc/event/res/09/me09_08.txt#456#12,そーっと……。,悄悄地……。,translated,妮诺,f04cb59a16,br=0 nl=0,1,
inc/event/res/09/me09_08.txt#457#12,"そう。
魚の泳ぐ速さにゆっくり合わせてって、
輪っかの端っこで掬うの！","对。
慢慢配合鱼游动的速度，
用纸网的边缘去捞！",translated,凯斯,2ea225fa09,br=0 nl=2,3,
inc/event/res/09/me09_08.txt#458#12,……やってみる。,……我试试看。,translated,妮诺,ea2415a498,br=0 nl=0,1,
inc/event/res/09/me09_08.txt#459#12,"そういえば、キャスはそういう
「くだらない特技」だけはたくさん持ってたな。","说起来，凯斯唯独在这种
“无聊的特长”上掌握得特别多呢。",translated,莎丽,8b94e87455,br=0 nl=1,2,
inc/event/res/09/me09_08.txt#460#12,中でも魚掬いはプロ並みだった。,其中捞鱼的水平堪比专业选手。,translated,莎丽,9f2ea9f010,br=0 nl=0,1,
inc/event/res/09/me09_08.txt#461#12,"へぇー。
魚掬いにプロとかあんのか知らねーけど。","嘿――
虽然我不知道捞鱼有没有什么职业选手啦。",translated,阿达,dc1c6faa49,br=0 nl=1,2,
inc/event/res/09/me09_08.txt#462#12,"ちょっとうるさいわよ
あんたたちっ！","喂你们两个
吵死啦！",translated,凯斯,fd45e7532d,br=0 nl=1,2,
inc/event/res/09/me09_08.txt#469#12,後ろから……。,从后面……。,translated,妮诺,d3b1aa0266,br=0 nl=0,1,
inc/event/res/09/me09_08.txt#471#12,あ……。,啊……。,translated,妮诺,674a8541f0,br=0 nl=0,1,
inc/event/res/09/me09_08.txt#475#12,"あぁっ！
さっきよりマシよ、もう少し！","啊！
比刚才好多了，就差一点！",translated,凯斯,8077f771c9,br=0 nl=1,2,
inc/event/res/09/me09_08.txt#476#12,次、最後の一枚だよ。,接下来是最后一张纸网了哦。,translated,男子Ｂ,2af2746497,br=0 nl=0,1,
inc/event/res/09/me09_08.txt#477#12,う……やる。,唔……我要捞。,translated,妮诺,d07ded8bd2,br=0 nl=0,1,
inc/event/res/09/me09_08.txt#478#12,魚の速さで……端っこ……。,配合鱼的速度……边缘……。,translated,妮诺,9f03b25187,br=0 nl=0,1,
inc/event/res/09/me09_08.txt#486#12,"やったじゃんっ！
スジいいわよあんた！","成功了嘛！
你挺有天赋的嘛！",translated,凯斯,efc32c7cd9,br=0 nl=1,2,
inc/event/res/09/me09_08.txt#487#12,やった？　やったっ！！,捞到了？捞到了！！,translated,妮诺,161a0b5b27,br=0 nl=0,1,
inc/event/res/09/me09_08.txt#488#12,あははは……。,啊哈哈哈……。,translated,凯斯・妮诺,7c79337689,br=0 nl=0,1,
inc/event/res/09/me09_08.txt#489#12,き、気安くしないでよっ。,别、别跟我套近乎啦。,translated,凯斯,046f84c43c,br=0 nl=0,1,
inc/event/res/09/me09_08.txt#490#12,ぁ……。,啊……。,translated,妮诺,5f6a5186b2,br=0 nl=0,1,
inc/event/res/09/me09_08.txt#492#12,"う、魚掬いだからムキになっちゃったけど、
あんたは私とかター坊とかイオンとかに
すっごい迷惑かけたんだからね！！","因、因为是捞鱼我才一时较劲了而已，
你可是给我们、阿达和依恩他们
添了天大的麻烦呢！！",translated,凯斯,44f525eb53,br=0 nl=2,3,
inc/event/res/09/me09_08.txt#493#12,仲良くなんてしないんだから！！,我才不会跟你搞好关系呢！！,translated,凯斯,8110717dd5,br=0 nl=0,1,
inc/event/res/09/me09_08.txt#494#12,……ごめんね。,……对不起哦。,translated,妮诺,ec331391a6,br=0 nl=0,1,
inc/event/res/09/me09_08.txt#495#12,……え、……。,……诶……。,translated,凯斯,5a1e61caae,br=0 nl=0,1,
inc/event/res/09/me09_08.txt#497#12,"ごめんなさい。
私はただ、自分の世界に還りたかっただけ。
でも、それがキャスを不幸にした。","对不起。
我只是，想回到自己的世界而已。
可是，那却让凯斯变得不幸了。",translated,妮诺,7ddca1e550,br=0 nl=2,3,
inc/event/res/09/me09_08.txt#498#12,"どうしても、あそこから出たかった。
ずっとずっと、何十年も閉じ込められて
いたから。","无论如何我都想从那里逃出来。
因为我被一直、一直关在里面
好几十年了。",translated,妮诺,be4fdcc8f0,br=0 nl=2,3,
inc/event/res/09/me09_08.txt#499#12,ぅ……。,唔……。,translated,凯斯,e89a6e688a,br=0 nl=0,1,
inc/event/res/09/me09_08.txt#500#12,"だ、だからって……
何をしてもいいっていうの？
そんなのダメに決まってるじゃない！","就算、就算是那样……
难道就能为所欲为了吗？
那种事理所当然是不行的啊！",translated,凯斯,498e0ab828,br=0 nl=2,3,
inc/event/res/09/me09_08.txt#504#12,"ま、待てよキャス、いまさら蒸し返すなよ！
オレは体を乗っ取られたこととか
もう何とも思ってねーし──","等、等等啊凯斯，别到了现在还翻旧账啦！
身体被夺走的事
我早就已经不在意了――",translated,阿达,a1e7acdfb2,br=0 nl=2,3,
inc/event/res/09/me09_08.txt#505#12,"せっかくイオン応援団にも
入れてやったんだしさ。","而且好不容易才让她
加入依恩应援团的嘛。",translated,阿达,1c10de28e6,br=0 nl=1,2,
inc/event/res/09/me09_08.txt#506#12,取り消しよ、そんなの！,取消资格啦，那种东西！,translated,凯斯,41268721f7,br=0 nl=0,1,
inc/event/res/09/me09_08.txt#507#12,"いやいやそれに、洗脳されそうになってた
オレたちを助けてくれたんだぜ？","别这样嘛，而且她还救了
差点被洗脑的我们啊？",translated,阿达,13bfed3099,br=0 nl=1,2,
inc/event/res/09/me09_08.txt#508#12,"そ、それはまぁ、感謝してるけど……
それはそれ！","那、那方面虽然我很感激……
但一码归一码！",translated,凯斯,eb16a7b8ff,br=0 nl=1,2,
inc/event/res/09/me09_08.txt#509#12,"私にとっては、ター坊も、お父様も、イオンも、
みぃんな大切だった！　そう簡単に許せない。","对我而言，阿达也好、父亲也好、依恩也好，
全都是最重要的人！不可能那么轻易原谅的。",translated,凯斯,d633579e79,br=0 nl=1,2,
inc/event/res/09/me09_08.txt#510#12,"わかるよ。
それなら、わかる。","我明白。
如果是那样的话，我能理解。",translated,妮诺,db7f454b3d,br=0 nl=1,2,
inc/event/res/09/me09_08.txt#511#12,え？,诶？,translated,凯斯,5590ff8011,br=0 nl=0,1,
inc/event/res/09/me09_08.txt#512#12,"大切な人が本当に危険な目に遭ってたら、
どんな手段を使っても還ろうって思うよね。
心配だから。","如果重要的人遭遇了真正的危险，
换作是谁都会不择手段想要回去吧。
因为会担心嘛。",translated,妮诺,89d116df2a,br=0 nl=2,3,
inc/event/res/09/me09_08.txt#513#12,ぅ……。,唔……。,translated,凯斯,e89a6e688a,br=0 nl=0,1,
inc/event/res/09/me09_08.txt#514#12,"でも……ごめんなさい。
キャスはとってもいい子。
それを知っていたら、私も──","但是……真的很抱歉。
凯斯是个特别善良的好孩子。
如果早知道的话，我肯定也――",translated,妮诺,86237d636b,br=0 nl=2,3,
inc/event/res/09/me09_08.txt#515#12,悲しませたりは、したくなかった。,不想让你伤心的。,translated,妮诺,760cb660ef,br=0 nl=0,1,
inc/event/res/09/me09_08.txt#518#12,"……そろそろ移動しよう、
また見つかる前に。","……差不多该转移了，
在再次被发现之前。",translated,莎丽,e7355e7067,br=0 nl=1,2,
inc/event/res/09/me09_08.txt#519#12,にゅろきー城はすぐそこだ。,喵洛基城堡就在眼前了。,translated,莎丽,041ca45371,br=0 nl=0,1,
inc/event/res/09/me09_08.txt#532#12,"まさか、初めてのにゅろきーる旅行が
こんなことになるなんてね。","真没想到，第一次来喵洛基鲁旅行
竟然会演变成这副光景呢。",translated,莎丽,c53cdf8a35,br=0 nl=1,2,
inc/event/res/09/me09_08.txt#533#12,"こんな事情じゃなく、
普通にのんびり遊びに来たかったよ。","真希望能不是因为这种缘故，
而是平时优哉游哉地来玩啊。",translated,莎丽,2eb8848608,br=0 nl=1,2,
inc/event/res/09/me09_08.txt#534#12,"あーぁ、ホントよ。よりにもよって、
にゅろきー城を壊しになんて……。","唉――真的是。偏偏是跑来
砸毁喵洛基城堡什么的……。",translated,凯斯,dfe4c41319,br=0 nl=1,2,
inc/event/res/09/me09_08.txt#535#12,"ふふ……キャス、覚えてるか？
初等部のとき、課題で出た工作のこと。","呵呵……凯斯，你还记得吗？
初等部时作业布置的手工制作。",translated,莎丽,2633ea4f61,br=0 nl=1,2,
inc/event/res/09/me09_08.txt#536#12,……覚えてるわよ。,……当然记得啦。,translated,凯斯,c7ab3adaf3,br=0 nl=0,1,
inc/event/res/09/me09_08.txt#540#12,何それ？,那是什么？,translated,阿达,6f012e195a,br=0 nl=0,1,
inc/event/res/09/me09_08.txt#541#12,"「わたしたちの夢」ってテーマの工作を、
仲良し二人組で作りなさいって課題でね。","课题是要求关系亲密的两两组队，
制作以“我们的梦想”为主题的手工作品。",translated,莎丽,44f52a7075,br=0 nl=1,2,
inc/event/res/09/me09_08.txt#542#12,僕とキャスでペアを組んだのさ。,我和凯斯分在了一组呢。,translated,莎丽,1ac3b35655,br=0 nl=0,1,
inc/event/res/09/me09_08.txt#543#12,え、サーリが、キャスと！？,诶，莎丽和凯斯一组！？,translated,阿达,5097c3dcc3,br=0 nl=0,1,
inc/event/res/09/me09_08.txt#544#12,"そう。
でも、ちっとも共通の願いごとがなくてね。
「わたしたちの夢」に全然なんなくて。","对。
但是我们俩完全没有共同的愿望呢。
根本成不了“我们的梦想”。",translated,凯斯,f2e73d9888,br=0 nl=2,3,
inc/event/res/09/me09_08.txt#545#12,"ひとつだけ一致したのが、
「ぱれす・にゅろきーるに行って
にゅろきーに出会う」だったのさ。","唯一达成一致的，
就只有“去喵洛基鲁・王宫
见到喵洛基”了。",translated,莎丽,b55e925020,br=0 nl=2,3,
inc/event/res/09/me09_08.txt#546#12,"で、それをテーマにして二人で
粘土細工を作った。","于是我们就以此为主题，两个人一起
捏了黏土手工作品。",translated,莎丽,ece6893558,br=0 nl=1,2,
inc/event/res/09/me09_08.txt#547#12,"先生はあっけにとられてたけど、
サーリがぐうの音も出ないほど論破して。
かわいくなぁい。","虽然老师当时目瞪口呆，
但莎丽辩论得老师哑口无言。
一点都不可爱。",translated,凯斯,f692d1e522,br=0 nl=2,3,
inc/event/res/09/me09_08.txt#548#12,"でも、その夢が案外早く叶ったことは
素直に嬉しいよ。","不过，那个梦想能够这么快实现，
我打心底里感到高兴哦。",translated,莎丽,3b2edc6f3f,br=0 nl=1,2,
inc/event/res/09/me09_08.txt#549#12,……ま、そーね。,……嘛，也是呢。,translated,凯斯,adb621bb38,br=0 nl=0,1,
inc/event/res/09/me09_08.txt#552#12,うふふ……。,呵呵呵……。,translated,凯斯・莎丽,b6260b0240,br=0 nl=0,1,
inc/event/res/09/me09_08.txt#553#12,"ふーん……？
変なの……？？","哼――？
好奇怪哦……？？",translated,阿达,dac141d0b6,br=0 nl=1,2,
inc/event/res/09/me09_08.txt#563#12,"さすがに警備が厳重ね……
強行突破ってわけにはいかなそう。","警备果然很森严呢……
看来强行突破是行不通了。",translated,凯斯,78cbdf1b44,br=0 nl=1,2,
inc/event/res/09/me09_08.txt#564#12,"あの右の方に通用口が見える。
あそこなら、警備を数人どかせれば
行けるかも知れない。","能看到右边有个边门。
若是那里的话，只要引开几个警卫
说不定就能混进去了。",translated,莎丽,22eb4f8883,br=0 nl=2,3,
inc/event/res/09/me09_08.txt#572#12,"……しゃーねーな。
オレ、ちょっとさっきのとこまで戻るわ。","……真没办法啊。
我回刚才那里一趟。",translated,阿达,8f6d532725,br=0 nl=1,2,
inc/event/res/09/me09_08.txt#573#12,え？,诶？,translated,凯斯・莎丽,5590ff8011,br=0 nl=0,1,
inc/event/res/09/me09_08.txt#574#12,"にゅろきーの着ぐるみで、
あいつらをおびき出す。","我穿着喵洛基的人偶服，
去把那些家伙引开。",translated,阿达,63261fe06f,br=0 nl=1,2,
inc/event/res/09/me09_08.txt#575#12,囮になるっていうの！？,你是说你要去当诱饵！？,translated,凯斯,5d4f53edce,br=0 nl=0,1,
inc/event/res/09/me09_08.txt#576#12,"無茶だ、白鷹でもうまくいく可能性は
五分なのに！","太乱来了，就连白鹰成功的概率
也只有五成啊！",translated,莎丽,3d6cf02033,br=0 nl=1,2,
inc/event/res/09/me09_08.txt#577#12,"だってあれは頭だけにゅろきーだろ。
全身着ればだいじょぶっしょ。","因为他那时候只有头上套着喵洛基嘛。
只要全身都穿上肯定没问题的啦。",translated,阿达,c9a2076b18,br=0 nl=1,2,
inc/event/res/09/me09_08.txt#578#12,ター坊……。,阿达……。,translated,凯斯,522c5e3f93,br=0 nl=0,1,
inc/event/res/09/me09_08.txt#579#12,"ま、追いかけっこで腹が減ったら戻ってくるし。
美味いにゅろきーフード、
ゲットしといてくれよな。","嘛，玩抓人游戏肚子饿了我就回来。
记得帮我弄点
好吃的喵洛基小吃哦。",translated,阿达,6b4e2b29b7,br=0 nl=2,3,
inc/event/res/09/me09_08.txt#580#12,じゃ！,走啦！,translated,阿达,9fb5dec0ed,br=0 nl=0,1,
inc/event/res/09/me09_08.txt#585#12,待って、ター坊！！,等等，阿达！！,translated,凯斯,92c9a1d566,br=0 nl=0,1,
inc/event/res/09/me09_08.txt#592#12,よせ、キャス！,算了，凯斯！,translated,莎丽,d8c14e7982,br=0 nl=0,1,
inc/event/res/09/me09_08.txt#593#12,"何でよ！
あいつ一人でなんて！","为什么啊！
让他一个人去怎么行！",translated,凯斯,435820201e,br=0 nl=1,2,
inc/event/res/09/me09_08.txt#594#12,"どのみち目的が果たせなきゃ、
みんなまとめて再洗脳されてしまう。
僕たちが成功すれば、ター坊も助かる。","反正要是无法达成目标，
大家全都会被一并重新洗脑。
只要我们成功，阿达也能得救。",translated,莎丽,d5d058a07a,br=0 nl=2,3,
inc/event/res/09/me09_08.txt#595#12,でもっ……！,可是……！,translated,凯斯,7b440cc1fd,br=0 nl=0,1,
inc/event/res/09/me09_08.txt#596#12,"ター坊の覚悟を無駄にするな。
僕たちが頑張るんだ。","不要辜负阿达的觉悟。
我们必须全力以赴。",translated,莎丽,a583741e01,br=0 nl=1,2,
inc/event/res/09/me09_08.txt#611#12,"やぁ、労働者のみんな！
おつとめごくろーさん……にゅ！","呀，各位打工人！
执勤辛苦啦……喵！",translated,阿达Ｂ,cda5faabef,br=0 nl=1,2,
inc/event/res/09/me09_08.txt#612#12,唐突だけど、僕怪しいやつを見かけたにゅ！,虽然很突兀，但我看到了可疑分子喵！,translated,阿达Ｂ,511159dfb0,br=0 nl=0,1,
inc/event/res/09/me09_08.txt#613#12,何っ！？,什么！？,translated,特工,0325f7f2d0,br=0 nl=0,1,
inc/event/res/09/me09_08.txt#614#12,こっちだ！　……にゅ！,在这边！……喵！,translated,阿达Ｂ,4b678cbd99,br=0 nl=0,1,
inc/event/res/09/me09_08.txt#624#12,いまだ！,就是现在！,translated,莎丽,bd64b51982,br=0 nl=0,1,
inc/event/res/09/me09_08.txt#672#12,"……夢の国ぱれす・にゅろきーるも、
通用口からだとこんなものか。","……梦想之国喵洛基鲁・王宫，
从边门看进来原来不过如此啊。",translated,莎丽,d15bb3462e,br=0 nl=1,2,
inc/event/res/09/me09_08.txt#673#12,何か、工場とか倉庫みたい……殺風景ね。,总觉得像工厂或者仓库一样……真煞风景呢。,translated,凯斯,2a2c469e27,br=0 nl=0,1,
inc/event/res/09/me09_08.txt#674#12,……たぶん、こっち。,……大概是这边。,translated,妮诺,6a2b9abbe3,br=0 nl=0,1,
inc/event/res/09/me09_08.txt#688#12,これは？,这是？,translated,凯斯,530b33ed72,br=0 nl=0,1,
inc/event/res/09/me09_08.txt#689#12,"エレベイタの昇降口だな。
セキュリティがかかってる。","是升降机的出入口呢。
上了安全锁。",translated,莎丽,35af263a43,br=0 nl=1,2,
inc/event/res/09/me09_08.txt#691#12,"え！？
ここ行き止まりよ！？","诶！？
这里是死胡同啊！？",translated,凯斯,09831394ba,br=0 nl=1,2,
inc/event/res/09/me09_08.txt#693#12,"あぁ。
動かせないと万事休すだ。","是啊。
启动不了的话就彻底走投无路了。",translated,莎丽,199b79ade6,br=0 nl=1,2,
inc/event/res/09/me09_08.txt#695#12,やってみる。,我来试试。,translated,妮诺,67863f2ab2,br=0 nl=0,1,
inc/event/res/09/me09_08.txt#698#12,"……なるほど、暗証コードを俯瞰視点で
割り出す気だな？","……原来如此，是打算用俯瞰视点
推算出密码吗？",translated,莎丽,0b4f05e64a,br=0 nl=1,2,
inc/event/res/09/me09_08.txt#699#12,"うん。でも少し時間がかかる。
集中力がいるから。","嗯。但需要一点时间。
因为需要集中精力。",translated,妮诺,7b718aea23,br=0 nl=1,2,
inc/event/res/09/me09_08.txt#710#12,しまった！,糟了！,translated,莎丽,df16840c00,br=0 nl=0,1,
inc/event/res/09/me09_08.txt#714#12,ネロ、急いで探ってくれ！,妮诺，快抓紧找！,translated,莎丽,819cb9efc4,br=0 nl=0,1,
inc/event/res/09/me09_08.txt#715#12,うん。,嗯。,translated,妮诺,d357e9e0ee,br=0 nl=0,1,
inc/event/res/09/me09_08.txt#719#12,"キャス。ネロがコードを見つける間、
連中を食い止める！　僕と同調だ。","凯斯。在妮诺找到密码之前，
由我们挡住那些家伙！跟我同调。",translated,莎丽,7ca798be90,br=0 nl=1,2,
inc/event/res/09/me09_08.txt#720#12,はっ！？,哈啊！？,translated,凯斯,f16a0f7a56,br=0 nl=0,1,
inc/event/res/09/me09_08.txt#721#12,"忘れたのか？　僕は{ヒトガタ}だ。
同調すれば詩魔法が使える。","你忘了吗？我是{人形}。
只要同调就能使用诗魔法。",translated,莎丽,942b0b690f,br=1 nl=1,2,keep-terms {ヒトガタ}
inc/event/res/09/me09_08.txt#721#14,簡単にいえば人の形をしたジェノムがヒトガタである。テレフンケンを始め、空想型や動物型といった数多くの種類のジェノムがラシェーラには存在している。<CR>しかしその中で、人間の姿をしたジェノムは非常に希で普通の人は一生に一度、会えるか会えないかと言われている程である。<CR>空想型や動物型は自身の力で謳うことができないため、詩魔法を使用することはできない。それに対して、ヒトガタは人間と同じように声を発することができるため、自らで詩魔法を生み出し、それを謳うことが可能なのである。ネイがカンパニーにおいて、ネプトリュードを瞬時に反転させ、レオンの妨害を受けずに謳いあげることができたのも、彼女がヒトガタだったためである。,简单来说，人形就是具有人类外形的杰诺姆。从泰雷芬肯开始，拉榭拉存在着空想型和动物型等众多形形色色的杰诺姆。<CR>然而在其中，拥有人类外貌的杰诺姆极其罕见，据说普通人一生中也难得一见。<CR>由于空想型和动物型无法依靠自身力量纺咏，因此无法使用诗魔法。与之相对，人形能够像人类一样发出声音，因此能够自行创造诗魔法并将其纺咏出来。妮伊在公司时之所以能瞬间逆转尼普特律德、不受雷昂妨碍地唱完全曲，正是因为她是人形。,translated,莎丽,0d34a5a630,<CR> <CR> br=0 nl=0,1,keep-tags <CR>; src-longest-line=310
inc/event/res/09/me09_08.txt#722#12,あ、あんたと同調するときが来るなんて……！,居然、居然会有和你同调的一天……！,translated,凯斯,4913216225,br=0 nl=0,1,
inc/event/res/09/me09_08.txt#723#12,"ふふ、そうだな。
興味深い実験にもなる。","呵呵，是啊。
这也会成为一次耐人寻味的实验。",translated,莎丽,9a189c7dc3,br=0 nl=1,2,
inc/event/res/09/me09_08.txt#724#12,何それ？,那是什么意思？,translated,凯斯,6f012e195a,br=0 nl=0,1,
inc/event/res/09/me09_08.txt#725#12,"ヒトガタは同調によって他人に詩魔法を
行使させながら、同時に自分も詩魔法を
使えるのかどうか、さ。","人形能否通过同调让别人使用诗魔法的同时，
自己也同时使用诗魔法呢。",translated,莎丽,7a6e5a9cf4,br=0 nl=2,3,
inc/event/res/09/me09_08.txt#726#12,呆れた……いま考えること、それ？,真拿你没办法……这种关头你居然在想这个？,translated,凯斯,9cdd111225,br=0 nl=0,1,
inc/event/res/09/me09_08.txt#737#12,発見した！,找到了！,translated,特工,94445d3884,br=0 nl=0,1,
inc/event/res/09/me09_08.txt#738#12,集合させろ！,全员集合！,translated,特工,1cff84431b,br=0 nl=0,1,
inc/event/res/09/me09_08.txt#745#12,"おいでなすった。
キャス、同調しろ！","他们找上门了。
凯斯，快同调！",translated,莎丽,87561dfbe0,br=0 nl=1,2,
inc/event/res/09/me09_08.txt#746#12,う、うん！,嗯、嗯！,translated,凯斯,5c7c5ebc61,br=0 nl=0,1,
inc/event/res/09/me09_08.txt#753#12,"よし。以前、護身用に紡いだ詩魔法がある。
それを送るから、キャスが謳うんだ。","好。我以前编织过防身用的诗魔法。
我现在把它传给你，由凯斯你来歌唱。",translated,莎丽,2a37a7b209,br=0 nl=1,2,
inc/event/res/09/me09_08.txt#754#12,"えぇ！？
そんな無理矢理！","诶诶！？
这也太霸王硬上弓了吧！",translated,凯斯,ed9cbedbb0,br=0 nl=1,2,
inc/event/res/09/me09_08.txt#755#12,"言ってるヒマはない。
送るぞ！","没时间废话了。
传过去了！",translated,莎丽,80e6d34880,br=0 nl=1,2,
inc/event/res/09/me09_08.txt#762#12,う、ゎ……！,呜、哇……！,translated,凯斯,4c5547295e,br=0 nl=0,1,
inc/event/res/09/me09_08.txt#763#12,さぁ！,快！,translated,莎丽,ec04efabbe,br=0 nl=0,1,
inc/event/res/09/me09_08.txt#764#12,両手を挙げろ、抵抗するな！,举起双手，不要抵抗！,translated,特工,98e80912d1,br=0 nl=0,1,
inc/event/res/09/me09_08.txt#767#12,えーいっ！,看招――！,translated,凯斯,4130d62cee,br=0 nl=0,1,
inc/event/res/09/me09_08.txt#779#12,うわっ！？,哇啊！？,translated,特工,ac88044f4e,br=0 nl=0,1,
inc/event/res/09/me09_08.txt#789#12,よし、いいぞ！,好，太棒了！,translated,莎丽,de4984adda,br=0 nl=0,1,
inc/event/res/09/me09_08.txt#791#12,……開いた！,……门开了！,translated,妮诺,66ea7bfa76,br=0 nl=0,1,
inc/event/res/09/me09_08.txt#799#12,キャス、急ごう！,凯斯，快走！,translated,莎丽,5b6b8f39e9,br=0 nl=0,1,
inc/event/res/09/me09_08.txt#800#12,うん！,嗯！,translated,凯斯,9b20da62d2,br=0 nl=0,1,
inc/event/res/09/me09_08.txt#810#12,動くな！,不许动！,translated,特工,1cc2a3ab33,br=0 nl=0,1,
inc/event/res/09/me09_08.txt#811#12,逃げ場はないぞ、抵抗するな！,你们无路可逃了，不要抵抗！,translated,特工,e5082b6a39,br=0 nl=0,1,
inc/event/res/09/me09_08.txt#816#12,キャス！,凯斯！,translated,莎丽,f788e79c41,br=0 nl=0,1,
inc/event/res/09/me09_08.txt#817#12,うん！,嗯！,translated,凯斯,9b20da62d2,br=0 nl=0,1,
inc/event/res/09/me09_08.txt#822#12,きゃっ！！,呀啊！！,translated,凯斯,0df869fe49,br=0 nl=0,1,
inc/event/res/09/me09_08.txt#823#12,あっ！,啊！,translated,莎丽,092801cb15,br=0 nl=0,1,
inc/event/res/09/me09_08.txt#833#12,サーリ！,莎丽！,translated,凯斯,b42ac7ea42,br=0 nl=0,1,
inc/event/res/09/me09_08.txt#834#12,キャス！,凯斯！,translated,莎丽,f788e79c41,br=0 nl=0,1,
inc/event/res/09/me09_08.txt#844#12,"奥にいたもう一人も逃がすな！
上へ向かえ！","别放跑里面的另一个人！
往上面追！",translated,特工,80efed301d,br=0 nl=1,2,
inc/event/res/09/me09_08.txt#850#12,……ネロはまだ捕まってないみたいね。,……看来妮诺还没有被抓住呢。,translated,凯斯,905e299576,br=0 nl=0,1,
inc/event/res/09/me09_08.txt#851#12,あぁ。きっと大丈夫だ……。,是啊。她一定会没事的……。,translated,莎丽,4a914d79ea,br=0 nl=0,1,
inc/event/res/09/me09_08.txt#857#12,ずいぶんと混乱させてくれたな、小娘ども。,你们这帮黄毛丫头，还真是有够能折腾的啊。,translated,特工,6cc5b2c511,br=0 nl=0,1,
inc/event/res/09/me09_08.txt#858#12,これ以上手荒なマネはさせるな……？,可别逼我们动用更粗暴的手段啊……？,translated,特工,33055e2507,br=0 nl=0,1,
inc/event/res/09/me09_08.txt#861#12,……くっ！,……咕！,translated,凯斯・莎丽,b617225056,br=0 nl=0,1,
inc/event/res/09/me09_09.txt#17#14,男Ａ,男子Ａ,translated,,de6b984bda,br=0 nl=0,1,
inc/event/res/09/me09_09.txt#17#15,客,游客,translated,,1d9eee0cf2,br=0 nl=0,1,
inc/event/res/09/me09_09.txt#28#12,何かあったんですか？,请问发生什么事了吗？,translated,男子Ａ,bb4f6314ea,br=0 nl=0,1,
inc/event/res/09/me09_09.txt#29#12,"こちらの施設でご気分を悪くされた
お客さまがいらっしゃいまして、
対応に当たっています。","由于这里的设施内有游客感到身体不适，
我们正在进行紧急应对。",translated,警卫,5aaa6e1c74,br=0 nl=2,3,
inc/event/res/09/me09_09.txt#30#12,入れないの？,不能进去吗？,translated,男子Ａ,014198ec0d,br=0 nl=0,1,
inc/event/res/09/me09_09.txt#31#12,"申し訳ありませんが、
現在ご遠慮いただいております。","非常抱歉，
目前暂不开放进入。",translated,警卫,de8b44e938,br=0 nl=1,2,
inc/event/res/09/me09_09.txt#32#12,ちぇ～、そっかぁ……。,切～，这样啊……。,translated,男子Ａ,a42b10740c,br=0 nl=0,1,
inc/event/res/09/me09_09.txt#49#12,"おとなしくしていれば殺しもしないし
危害も加えない。五体満足で出してやる。","老实一点的话既不会杀你们，
也不会伤害你们。保证让你们完好无损地出去。",translated,特工,32ed3207f1,br=0 nl=1,2,
inc/event/res/09/me09_09.txt#50#12,"ただし、二度と妙なマネができないよう
洗脳させてもらうがな。","不过，为了防止你们再次胡来，
得对你们实施洗脑就是了。",translated,特工,10f20d0287,br=0 nl=1,2,
inc/event/res/09/me09_09.txt#51#12,"いま以上に人生をエンジョイできるように
なるぞ？",那样一来，你们还能比现在更享受人生哦？,translated,特工,dbbe5c3f0f,br=0 nl=1,2,
inc/event/res/09/me09_09.txt#52#12,ふん、笑えない冗談だね。,哼，一点都不好笑的笑话呢。,translated,莎丽,87af460d59,br=0 nl=0,1,
inc/event/res/09/me09_09.txt#53#12,"自分の大切にしているものをすべて奪われて、
何が人生をエンジョイだ。","把自己所珍视的一切全都剥夺殆尽，
还谈什么享受人生啊。",translated,莎丽,e37b94095c,br=0 nl=1,2,
inc/event/res/09/me09_09.txt#54#12,"どんなに幸せそうに見えたって、
そんなのタダの廃人じゃないか！","就算表面上看起来再怎么幸福，
那种东西充其量不过是个废人罢了！",translated,莎丽,f6dca69f64,br=0 nl=1,2,
inc/event/res/09/me09_09.txt#55#12,"洗脳が終われば、そんなことを考えずにすむ。
頭の中が幸せでいっぱいになるぞ？","等洗脑完成了，就用不着去想那些事了。
脑子里会充满幸福哦？",translated,特工,f882190d7b,br=0 nl=1,2,
inc/event/res/09/me09_09.txt#56#12,キャス。サーリ。,凯斯。莎丽。,translated,妮诺,e8285ec1eb,br=0 nl=0,1,
inc/event/res/09/me09_09.txt#72#12,ウルゥリィヤ！？,乌鲁莉亚！？,translated,凯斯,fc87c978ef,br=0 nl=0,1,
inc/event/res/09/me09_09.txt#73#12,"お前、捕まったのか！？
エレベイタに乗れたんじゃ！","你被抓住了吗！？
你刚才不是坐上升降机了吗！",translated,莎丽,b87bf44ddd,br=0 nl=1,2,
inc/event/res/09/me09_09.txt#74#12,"乗った。
けど戻ってきた。","坐上去了。
但我又回来了。",translated,妮诺,1db33df33d,br=0 nl=1,2,
inc/event/res/09/me09_09.txt#77#12,何で！？,为什么！？,translated,凯斯・莎丽,ecdc58159c,br=0 nl=0,1,
inc/event/res/09/me09_09.txt#78#12,"キャス。あなたは私に、この世界で初めて
幸せのひとときを与えてくれた。
あなたがいなくなるのはいや。","凯斯。你在这个世界上，第一次
给予了我幸福的时光。
我讨厌你从我眼前消失。",translated,妮诺,c73a06ba8c,br=0 nl=2,3,
inc/event/res/09/me09_09.txt#79#12,"洗脳なんてされたら、
キャスはキャスでなくなっちゃう。","要是被洗脑了，
凯斯就不再是凯斯了。",translated,妮诺,b60fe7877e,br=0 nl=1,2,
inc/event/res/09/me09_09.txt#80#12,だから助けに来た。,所以我来救你们了。,translated,妮诺,f3fdc842e5,br=0 nl=0,1,
inc/event/res/09/me09_09.txt#81#12,バカ……何言ってんのよ……！,笨蛋……你在说什么傻话啊……！,translated,凯斯,6c22d9cc45,br=0 nl=0,1,
inc/event/res/09/me09_09.txt#82#12,"その子たちに手を出さないで、自由にして。
そうしたら、私はあなたたちのもとへ戻る。","不要对那些孩子动手，放他们自由。
那样的话，我就回到你们身边。",translated,妮诺,c62cf16c1c,br=0 nl=1,2,
inc/event/res/09/me09_09.txt#83#12,でなければ、私はここで死ぬことにする。,否则，我便选择死在这里。,translated,妮诺,1788c5cfea,br=0 nl=0,1,
inc/event/res/09/me09_09.txt#84#12,"ははは……お前が死んだら何だと言うんだ？
脅しにもなってない。
それとも、抗議自殺のつもりか？","哈哈哈……你死了又能怎么样？
根本构不成威胁。
还是说，你打算以死抗议？",translated,警卫,32157d1999,br=0 nl=2,3,
inc/event/res/09/me09_09.txt#85#12,"私が死んで困るのはあなたたち。
私はいまここで、死のうと思うだけで死ねる。
わかる？","我死了最头疼的是你们。
我现在在这里，只要心念一动就能死掉。
明白吗？",translated,妮诺,92913b9770,br=0 nl=2,3,
inc/event/res/09/me09_09.txt#86#12,何を言ってるんだ小娘、ばかばかしい……。,小丫头你在胡言乱语些什么，可笑至极……。,translated,警卫,230bad5673,br=0 nl=0,1,
inc/event/res/09/me09_09.txt#96#12,言うとおりにしろ。,按她说的办。,translated,特工,5c4b53d59c,br=0 nl=0,1,
inc/event/res/09/me09_09.txt#97#12,"はっ！？
いま何と……。","啊！？
您刚才说什么……。",translated,警卫,96098e7540,br=0 nl=1,2,
inc/event/res/09/me09_09.txt#98#12,手を出すなと言ってるんだ。,我说叫你们别对他们动手。,translated,特工,f9aa5c7c19,br=0 nl=0,1,
inc/event/res/09/me09_09.txt#99#12,"し、しかし、
あんな子どもの言うことを……。","可、可是，
听那种小鬼的话……。",translated,警卫,44bb9cb913,br=0 nl=1,2,
inc/event/res/09/me09_09.txt#100#12,"あいつは危険だ。
お前たちにはわからないだろうし
教えるつもりもないが……これは命令だ。","那家伙很危险。
你们不会明白我也没打算告诉你们……
这是命令。",translated,特工,c18fad3c70,br=0 nl=2,3,
inc/event/res/09/me09_09.txt#101#12,は……。,是……。,translated,警卫,9c3da97bb2,br=0 nl=0,1,
inc/event/res/09/me09_09.txt#102#12,"二人は解放だ。
一人は数日もすれば自然洗脳が完了する。","把那两个人放了。
其中一人过几天自然洗脑就会完成。",translated,特工,bc3ce3e99b,br=0 nl=1,2,
inc/event/res/09/me09_09.txt#103#12,"もう一人はタータルカ捜査官の管理下に
ある人物だ。発砲は厳禁、別命を待て。","另一个人是处于塔塔尔卡搜查官
管理下的人物。严禁开枪，听候另命。",translated,特工,458ef2281c,br=0 nl=1,2,
inc/event/res/09/me09_09.txt#113#12,"いいだろう、解放する。
かわりに一緒に来てもらおう。","好吧，放了他们。
作为交换你得跟我们走。",translated,特工,0c073520fd,br=0 nl=1,2,
inc/event/res/09/me09_09.txt#115#12,ウルゥリィヤ！,乌鲁莉亚！,translated,凯斯,1e3d151dc0,br=0 nl=0,1,
inc/event/res/09/me09_09.txt#117#12,"ッ……。
ウルゥリィヤ……。","唔……。
乌鲁莉亚……。",translated,凯斯,c3ad656856,br=0 nl=1,2,
inc/event/res/09/me09_09.txt#125#12,"……事情が変わった。
ネロの身柄を確保した。周辺事態は最小限。
詳細は後ほど本部へ報告する。","……情况有变。
已确保妮诺的人身控制。周边事态控制在最小限度。
详情稍后向本部汇报。",translated,特工,72dff7221b,br=0 nl=2,3,
inc/event/res/09/me09_09.txt#126#12,"タータルカ捜査官の管理下にある少女に
ついても、こちらから報告し、指示を仰ぐ。","关于塔塔尔卡搜查官管辖下的少女，
也由这边向上汇报并请示指示。",translated,特工,b0220be368,br=0 nl=1,2,
inc/event/res/09/me09_09.txt#130#12,"さて。
君たちはもう自由だ、行っていい。","那么。
你们已经自由了，可以走了。",translated,特工,32a6ac310c,br=0 nl=1,2,
inc/event/res/09/me09_09.txt#131#12,何ですって！？,你说什么！？,translated,凯斯,527d88e2bd,br=0 nl=0,1,
inc/event/res/09/me09_09.txt#132#12,目の前で人を連れ去られて黙っていられるか！,眼睁睁看着人被带走怎么可能默不作声！,translated,莎丽,3fdf6f0be8,br=0 nl=0,1,
inc/event/res/09/me09_09.txt#133#12,"もう一度言う。
君たちは行っていいぞ。","我再说一遍。
你们可以走了。",translated,特工,7675e11b58,br=0 nl=1,2,
inc/event/res/09/me09_09.txt#134#12,"我々は君たちを見なかった。
ただ、この件を口外すれば君たちは
いつでも行方不明になる。","我们全当没见过你们。
不过，如果把这件事泄露出去，
你们随时都会“失踪”的。",translated,特工,abef013af9,br=0 nl=2,3,
inc/event/res/09/me09_09.txt#135#12,それだけは覚えておきたまえ。,唯独把这点给我记清楚了。,translated,特工,ac324f0a11,br=0 nl=0,1,
inc/event/res/09/me09_09.txt#138#12,……ッ！,……可恶！,translated,凯斯・莎丽,b396cc5608,br=0 nl=0,1,
inc/event/res/09/me09_09.txt#139#12,では、素敵なにゅろきーるライフを。,那么，祝你们享受美好的喵洛基鲁生活。,translated,特工,011c7cec63,br=0 nl=0,1,
inc/event/res/09/me09_09.txt#149#12,どうしよう、ウルゥリィヤが……！,怎么办，乌鲁莉亚被……！,translated,凯斯,486dad9c8c,br=0 nl=0,1,
inc/event/res/09/me09_09.txt#150#12,くそっ、ここまで来て……。,可恶，都到了这步田地……。,translated,莎丽,f7410b7a93,br=0 nl=0,1,
inc/event/res/09/me09_09.txt#151#12,"キャス。どうやら事態は僕たちの手に
負えなくなった。
僕はイオンたちのところへ戻る。","凯斯。看来事态的发展已经超出
我们的应对能力了。
我要回到依恩他们身边去。",translated,莎丽,2591e42f0b,br=0 nl=2,3,
inc/event/res/09/me09_09.txt#152#12,"えっ！？
イオン！？　イオンと一緒なの！？","诶！？
依恩！？你和依恩在一起吗！？",translated,凯斯,a9d284c19c,br=0 nl=1,2,
inc/event/res/09/me09_09.txt#153#12,あぁ。PLASMAの女に軟禁されててね。,是啊。被PLASMA的那个女人软禁着呢。,translated,莎丽,7a7453686c,br=0 nl=0,1,
inc/event/res/09/me09_09.txt#154#12,"こんなことになった以上、
イオンを一人にしておくこともできない。","既然演变成了这般地步，
我也不能把依恩一个人扔下不管。",translated,莎丽,895132ac8a,br=0 nl=1,2,
inc/event/res/09/me09_09.txt#156#12,"白鷹やター坊が逃げ切れたかも心配だ。
キャス、二人を探して、パークから逃げてくれ。","我也很担心白鹰和阿达究竟能不能逃掉。
凯斯，你去找他们两个，逃离乐园吧。",translated,莎丽,6865e88ea1,br=0 nl=1,2,
inc/event/res/09/me09_09.txt#159#12,キャス？,凯斯？,translated,莎丽,01f242316a,br=0 nl=0,1,
inc/event/res/09/me09_09.txt#162#12,"サーリ。あんた、ジェノムになったのよね。
力を貸して。","莎丽。你现在变成杰诺姆了吧。
借我力量。",translated,凯斯,8a1b131c3c,br=0 nl=1,2,
inc/event/res/09/me09_09.txt#163#12,何をする気だ？,你打算做什么？,translated,莎丽,338f573517,br=0 nl=0,1,
inc/event/res/09/me09_09.txt#164#12,"目的は変わらないわ。電波塔を壊すの。
で、ウルゥリィヤを助け出す。","目标并没有改变。去破坏电波塔。
然后，把乌鲁莉亚救出来。",translated,凯斯,1695404936,br=0 nl=1,2,
inc/event/res/09/me09_09.txt#165#12,"無茶だ！
僕たちだけじゃどうしようもない！","太乱来了！
光凭我们根本无能为力啊！",translated,莎丽,1c13a499a7,br=0 nl=1,2,
inc/event/res/09/me09_09.txt#166#12,それでもやるの。,即使如此我也要做。,translated,凯斯,7e7820a12e,br=0 nl=0,1,
inc/event/res/09/me09_09.txt#167#12,"私たちは、あいつらが洗脳するための
ニュロンが同調しっぱなしなの。","我们身上还一直同调着
那帮家伙用来洗脑的纽伦呢。",translated,凯斯,e3d729d80a,br=0 nl=1,2,
inc/event/res/09/me09_09.txt#168#12,"何日かしたらまたおかしくなっちゃう。
そうでしょ？","过几天之后我们又会变得不正常的。
对吧？",translated,凯斯,efa95e5eaf,br=0 nl=1,2,
inc/event/res/09/me09_09.txt#169#12,それはそうだけど！,那倒是事实没错啦！,translated,莎丽,24b74f0c4d,br=0 nl=0,1,
inc/event/res/09/me09_09.txt#170#12,"ター坊や白鷹も同じ。
ここから逃げ出すだけじゃダメなの。","阿达和白鹰也是一样。
光是从这里逃走根本解决不了问题。",translated,凯斯,a9c4751b6b,br=0 nl=1,2,
inc/event/res/09/me09_09.txt#172#12,"ネロを助け出すというのは？
あいつには恨みがあるんじゃなかったのか？","那救出妮诺又是怎么回事？
你不是对她怀恨在心吗？",translated,莎丽,7127b1e92f,br=0 nl=1,2,
inc/event/res/09/me09_09.txt#173#12,それは……そうよ。,那是……没错啦。,translated,凯斯,8f9e3ac775,br=0 nl=0,1,
inc/event/res/09/me09_09.txt#174#12,"でも、あの子は私たちを助けてくれた。
見捨てるなんてできない。","但是，那孩子救了我们。
我怎么能见死不救。",translated,凯斯,af4bd4c9f6,br=0 nl=1,2,
inc/event/res/09/me09_09.txt#175#12,"あんたとの同調は解かないわ。
一蓮托生よ？","我是不会解除与你的同调的。
我们可是同生共死哦？",translated,凯斯,f0546cd367,br=0 nl=1,2,
inc/event/res/09/me09_09.txt#176#12,"キャス……！
どこまで強情なんだ！","凯斯……！
你到底要倔强到什么程度啊！",translated,莎丽,4bf4a35721,br=0 nl=1,2,
inc/event/res/09/me09_09.txt#177#12,お願い。力を貸して。,拜托了。借给我力量吧。,translated,凯斯,d038522eae,br=0 nl=0,1,
inc/event/res/09/me09_09.txt#178#12,"……わかったよ。
可能性のありそうな方法さえあれば、
僕だってみんなを助けたい。","……我知道了啦。
只要有看似可行的方法，
我也想救大家的。",translated,莎丽,39265b97ad,br=0 nl=2,3,
inc/event/res/09/me09_09.txt#179#12,ありがと、サーリ。,谢谢你，莎丽。,translated,凯斯,3d88b9bee5,br=0 nl=0,1,
inc/event/res/09/me09_09.txt#180#12,けど、どうすれば……。,可是，到底该怎么办……。,translated,莎丽,d3c18205a1,br=0 nl=0,1,
inc/event/res/09/me09_09.txt#186#12,ご来場のお客さまに申し上げます。,现在为各位莅临的游客播报广播。,translated,广播,97bec7c165,br=0 nl=0,1,
inc/event/res/09/me09_09.txt#187#12,"本日、藍０刻より、
『にゅろきーマジカルファンタジア』が
開幕致します。","今天自蓝０刻起，
“喵洛基魔法国度”即将拉开帷幕。",translated,广播,0204ded95d,br=0 nl=2,3,
inc/event/res/09/me09_09.txt#188#12,"にゅろきーとその仲間たちによって創られる
「おとぎの国の世界」が皆さまを包み込みます。","由喵洛基与其同伴们所创造的
“童话之国世界”将包裹各位。",translated,广播,284cf7a550,br=0 nl=1,2,
inc/event/res/09/me09_09.txt#189#12,どうぞご家族そろってお楽しみください。,请全家一同尽情享受。,translated,广播,d50094a5be,br=0 nl=0,1,
inc/event/res/09/me09_09.txt#190#12,マ、マジカルファンタジア！！,魔、魔法国度！！,translated,凯斯,434c549f6e,br=0 nl=0,1,
inc/event/res/09/me09_09.txt#191#12,"ずーっと見たかったのこれ！
にゅろきーたちが、詩魔法でつかの間の
「おとぎの国」を創るイベント！","这个我一直超级想看的！
是由喵洛基他们用诗魔法创造出转瞬即逝的
“童话之国”的活动！",translated,凯斯,25ce22d0a1,br=0 nl=2,3,
inc/event/res/09/me09_09.txt#192#12,"知ってるよそのくらい！
一瞬だけど、お菓子の家がほんとに
創られたり……。","那种事我也知道啦！
虽然只有一瞬间，但点心之屋真的会被造出来……。",translated,莎丽,13cc1ab6bc,br=0 nl=2,3,
inc/event/res/09/me09_09.txt#193#12,"ひと月に２回しかやらないのよね！
あぁっ、それが今日だなんて……。","一个月只举办两次呢！
啊啊，居然正好是今天……。",translated,凯斯,1b78ec01f2,br=0 nl=1,2,
inc/event/res/09/me09_09.txt#194#12,"い、いや、ダメだダメだ！
僕らはそんなものを見てる場合じゃない！","不、不行，不行不行！
我们可不是看这种东西的时候！",translated,莎丽,2b3c80e0a2,br=0 nl=1,2,
inc/event/res/09/me09_09.txt#195#12,"くそっ、こんなことに巻き込まれてなければ、
心ゆくまで楽しんで……
最後ににゅろきーと一緒に握手できるのに！","可恶，要是没被卷进这种事情里，
就能发自内心地痛快享受……
最后还能和喵洛基握手了啊！",translated,莎丽,1f10252dea,br=0 nl=2,3,
inc/event/res/09/me09_09.txt#196#12,"……ッ！
にゅろきーと、握手……。","……！
和喵洛基……握手……。",translated,凯斯,8b8dfaa4f6,br=0 nl=1,2,
inc/event/res/09/me09_09.txt#197#12,あぁ。イベントの最後に──,是啊。在活动的最后――,translated,莎丽,74f6ff6842,br=0 nl=0,1,
inc/event/res/09/me09_09.txt#198#12,"そうだ、それよサーリ！
『にゅろきーマジカルファンタジア』、
いますぐ開幕よ！","对啊，就是那个啊莎丽！
“喵洛基魔法国度”，
现在立刻开幕！",translated,凯斯,5bb94135e2,br=0 nl=2,3,
inc/event/res/09/me09_09.txt#199#12,あんたのジェノメトリクスに入るわよ！,我要进入你的梦世界了！,translated,凯斯,e9c2a50edc,br=0 nl=0,1,
inc/event/res/09/me09_09.txt#215#12,どういうことだ、何を考えついたんだ？,怎么回事，你想到什么主意了？,translated,莎丽,a5d1e22605,br=0 nl=0,1,
inc/event/res/09/me09_09.txt#216#12,"ふっふ～ん♪
こういうこと！","哼哼～♪
就是这么回事！",translated,凯斯,5644be4256,br=0 nl=1,2,
inc/event/res/09/me09_09.txt#234#12,ちょっと……うそだろ！？,喂喂……骗人的吧！？,translated,莎丽,0cbd64d449,br=0 nl=0,1,
inc/event/res/09/me09_09.txt#235#12,"私たちならできる。
だって、初等部の授業で夢に描いた、
あの粘土細工を再現するだけだもの！","换作是我们就一定能做到。
毕竟，只要重现当年初等部课上描绘梦想的
那个黏土手工作品就行了嘛！",translated,凯斯,9080bd340d,br=0 nl=2,3,
inc/event/res/09/me09_09.txt#247#12,"はい、ありがとうございました。
立派な夢でしたね。では次は──","好，非常感谢。
真是很了不起的梦想呢。那么下一组――",translated,老师,a298f73c8d,br=0 nl=1,2,
inc/event/res/09/me09_09.txt#248#12,"キャスティ・リアノイトさん、
サーリ・プランクさん。","凯斯蒂・利亚诺特同学，
莎丽・普朗克同学。",translated,老师,bd89c1a8d4,br=0 nl=1,2,
inc/event/res/09/me09_09.txt#249#12,はい。,到。,translated,凯斯・莎丽,8b9236cd4b,br=0 nl=0,1,
inc/event/res/09/me09_09.txt#250#12,私たちの夢は、これです！,我们的梦想，就是这个！,translated,凯斯,0217ef46a7,br=0 nl=0,1,
inc/event/res/09/me09_09.txt#254#12,これは？,这是？,translated,老师,530b33ed72,br=0 nl=0,1,
inc/event/res/09/me09_09.txt#255#12,"私たちの夢は「ぱれす・にゅろきーるで
本当のお友達と遊ぶこと」です。","我们的梦想是“在喵洛基鲁・王宫
与真正的朋友一起玩耍”。",translated,凯斯,489b8a1a3d,br=0 nl=1,2,
inc/event/res/09/me09_09.txt#256#12,"……リアノイトさん、授業で夢と言ったら
普通、将来なりたい職業とか、
こんな大人になりたいとか──。","……利亚诺特同学，在课堂上提到梦想的话，
通常是指将来想从事的职业、
或者想成为怎样的大人之类――",translated,老师,8c0ac50e9e,br=0 nl=2,3,
inc/event/res/09/me09_09.txt#257#12,"何が問題ですか？
夢という言葉を辞書で引けば、
「将来実現させたい事柄」とある。","有什么问题吗？
在词典里查阅梦想这个词，
释义是“将来想要实现的事物”。",translated,莎丽,a13c1cb732,br=0 nl=2,3,
inc/event/res/09/me09_09.txt#258#12,"将来、なりたい職業などを聞きたいなら
そう言うべきだ。","要是想问将来希望从事的职业之类的，
就应该直接那样说才对。",translated,莎丽,f26d3ad012,br=0 nl=1,2,
inc/event/res/09/me09_09.txt#259#12,だけど……。,可是……。,translated,老师,5253673043,br=0 nl=0,1,
inc/event/res/09/me09_09.txt#260#12,"にゅろきーと一緒に
たくさんアトラクションを回って──。","和喵洛基一起
玩遍许许多多的游乐设施――",translated,凯斯,07cd60b8da,br=0 nl=1,2,
inc/event/res/09/me09_09.txt#261#12,"ビストロにゅろきーるでにゅろきーランチを
食べて、夜になったらパレードを見ます。
花火も見ます。","在喵洛基鲁餐吧享用喵洛基午餐，
到了晚上还要看游行。看烟花。",translated,凯斯,929cddc3d2,br=0 nl=2,3,
inc/event/res/09/me09_09.txt#262#12,"そして、私が一番最初ににゅろきーと
握手します！！",而且，我要第一个和喵洛基握手！！,translated,凯斯,96e5869d95,br=0 nl=1,2,
inc/event/res/09/me09_09.txt#263#12,"ちょっと待って、キャス。
最初に握手するのは僕だよ。","等一下，凯斯。
第一个握手的明明是我才对。",translated,莎丽,42e4137d5a,br=0 nl=1,2,
inc/event/res/09/me09_09.txt#264#12,いいえ、私よ。これはゆずれないわ。,不，是我。这个我绝不退让。,translated,凯斯,781b9e04f3,br=0 nl=0,1,
inc/event/res/09/me09_09.txt#265#12,"ま、君がなんと言おうと、にゅろきーのことで
僕が君に遅れを取るとは思えないけどね。","嘛，不管你怎么说，在喵洛基的事情上
我可不认为自己会落后于你呢。",translated,莎丽,1c8341d3ff,br=0 nl=1,2,
inc/event/res/09/me09_09.txt#266#12,絶対、私が最初！,绝对是我第一个！,translated,凯斯,deb80abd11,br=0 nl=0,1,
inc/event/res/09/me09_09.txt#267#12,いいや、僕が最初だ！,才怪，我才是第一个！,translated,莎丽,381cd149fc,br=0 nl=0,1,
inc/event/res/09/me09_09.txt#280#12,"……やれやれ。ぱれす・にゅろきーるへ
来ることは夢だったけど、
そこまで完璧に再現しようとはね。","……哎呀呀。来喵洛基鲁・王宫
确实是梦想，
但没想到竟然要那么完美地重现呢。",translated,莎丽,7e601ff2fa,br=0 nl=2,3,
inc/event/res/09/me09_09.txt#281#12,悪い？,不行吗？,translated,凯斯,c43b453281,br=0 nl=0,1,
inc/event/res/09/me09_09.txt#282#12,いや。いい考えだ。,不。是个好主意。,translated,莎丽,d9651d6f63,br=0 nl=0,1,
inc/event/res/09/me09_09.txt#283#12,"いま思えば、あの頃僕たちは
本当ににゅろきーが好きだった。","现在回想起来，那时候的我们
真的是发自内心地喜欢喵洛基呢。",translated,莎丽,395ba4f324,br=0 nl=1,2,
inc/event/res/09/me09_09.txt#284#12,過去形？,过去式？,translated,凯斯,52abb33ea4,br=0 nl=0,1,
inc/event/res/09/me09_09.txt#285#12,"いや、いまでもさ。
あの頃の夢に……助けてもらおう。
純粋な、好きって気持ちに。","不，现在也是。
让我们向那个时候的梦想求助吧。
向那份单纯纯粹的喜欢之情。",translated,莎丽,499b29d10c,br=0 nl=2,3,
inc/event/res/09/me09_09.txt#286#12,"そうよ。ここへ来られるのも最初で
最後かも知れないんだから。
叶えよう、私たちの夢。","就是说啊。能来这里也可能是第一次
兼最后一次了呢。
去实现吧，我们的梦想。",translated,凯斯,f87b8b29af,br=0 nl=2,3,
inc/event/res/09/me09_09.txt#287#12,"よし。
それじゃ眼をつむって、精神統一して。","好。
那么闭上眼睛，集中精神。",translated,莎丽,577bc558c9,br=0 nl=1,2,
inc/event/res/09/me09_09.txt#288#12,"できるだけ鮮明なイメージを創って送る。
僕らの力でどこまで実現可能かはわからない
けど──","尽可能创造出清晰鲜明的意象传过去。
虽不知道凭借我们的力量能实现到何种地步――",translated,莎丽,77cec520dc,br=0 nl=2,3,
inc/event/res/09/me09_09.txt#289#12,"TxBIOSが使えないいま、僕の頭の中にある
物理法則と演算能力だけが頼りだ。","在如今无法使用TxBIOS的情况下，
只能依靠我脑海中的物理法则与运算能力了。",translated,莎丽,ce6b236cf0,br=0 nl=1,2,
inc/event/res/09/me09_09.txt#290#12,"このふざけた作戦はある意味、
僕がいままで培ってきたことの総決算になるな。","这个胡闹的作战从某种意义上来说，
正是我至今为止所学积累的总清算啊。",translated,莎丽,0e683237c7,br=0 nl=1,2,
inc/event/res/09/me09_09.txt#291#12,"大丈夫よ。
あんたなら必ずできる。","没事的。
是你的话一定能做到。",translated,凯斯,73bd0c9be2,br=0 nl=1,2,
inc/event/res/09/me09_09.txt#292#12,根拠は？,根据呢？,translated,莎丽,baeff61a0b,br=0 nl=0,1,
inc/event/res/09/me09_09.txt#293#12,カンよ、友達のカン！,直觉啦，作为朋友的直觉！,translated,凯斯,30726b2de0,br=0 nl=0,1,
inc/event/res/09/me09_09.txt#294#12,これだから……。,真拿你没办法……。,translated,莎丽,ce694b1ead,br=0 nl=0,1,
inc/event/res/09/me09_09.txt#307#12,"……レディースエンジェントルメン。
今宵の『にゅろきーマジカルファンタジア』は、
大人気につき時間を早めてお送りします♪","……女士们先生们。
今晚的‘喵洛基魔法国度’，
因反响空前热烈将提前为您献上♪",translated,凯斯,dd00b85645,br=0 nl=2,3,
inc/event/res/09/me09_09.txt#310#12,うふふ……。,呵呵呵……。,translated,凯斯・莎丽,b6260b0240,br=0 nl=0,1,
inc/event/res/09/me09_09.txt#311#12,"サーリ。
信じてる、あんたのこと。","莎丽。
我相信你。",translated,凯斯,5b49bf8d97,br=0 nl=1,2,
inc/event/res/09/me09_09.txt#312#12,僕のセリフだ。,这是我的台词才对。,translated,莎丽,ff10f7ae10,br=0 nl=0,1,
inc/event/res/09/me09_09.txt#326#12,"およびでございますかにゅ？
ごしゅじんさま！","您在呼唤我喵？
主人！",translated,喵洛基们,2f37d4ebca,br=0 nl=1,2,
inc/event/res/09/me09_09.txt#327#12,こ、これは……！,这、这是……！,translated,莎丽,96b82bdbdf,br=0 nl=0,1,
inc/event/res/09/me09_09.txt#328#12,お願い、ウルゥリィヤを助けて！,拜托了，救救乌鲁莉亚！,translated,凯斯,61183b9390,br=0 nl=0,1,
inc/event/res/09/me09_09.txt#333#12,これに乗るんだ。,坐上这个。,translated,特工,0cef4ec269,br=0 nl=0,1,
inc/event/res/09/me09_09.txt#335#12,手間を掛けさせるな。,别让我费事。,translated,特工,5ff7a21d46,br=0 nl=0,1,
inc/event/res/09/me09_09.txt#338#12,"た、大変です！
緊急事態！","大、大事不好了！
紧急事态！",translated,士兵,284fffba09,br=0 nl=1,2,
inc/event/res/09/me09_09.txt#339#12,何だ、落ち着け！,慌什么，冷静点！,translated,特工,c94eefe597,br=0 nl=0,1,
inc/event/res/09/me09_09.txt#340#12,何かがこちらに押し寄せて来ます！,有什么东西朝这边蜂拥而至了！,translated,士兵,b2d66195eb,br=0 nl=0,1,
inc/event/res/09/me09_09.txt#341#12,何っ！？,什么！？,translated,特工,0325f7f2d0,br=0 nl=0,1,
inc/event/res/09/me09_09.txt#343#12,あれですあれ！！,就是那个啊那个！！,translated,士兵,9f62acdcad,br=0 nl=0,1,
inc/event/res/09/me09_09.txt#344#12,ゆ……ゆるキャラの群れ！！,吉……吉祥物军团！！,translated,特工,6c90029283,br=0 nl=0,1,
inc/event/res/09/me09_09.txt#348#12,にゅろボンバー！,喵洛炸弹！,translated,喵洛基,6ee3dfdee2,br=0 nl=0,1,
inc/event/res/09/me09_09.txt#352#12,にゅろビーム！！,喵洛光束！！,translated,喵洛基,7130635695,br=0 nl=0,1,
inc/event/res/09/me09_09.txt#356#12,"おむかえにあがりましたにゅ、
お姫さま♪","我来迎接您了喵，
公主殿下♪",translated,喵洛基,ba9a193c34,br=0 nl=1,2,
inc/event/res/09/me09_09.txt#357#12,……うふふ♪,……呵呵呵♪,translated,妮诺,549ced40bf,br=0 nl=0,1,
inc/event/res/09/me09_09.txt#373#12,きれい……。,好美……。,translated,凯斯,4c29df0ac7,br=0 nl=0,1,
inc/event/res/09/me09_09.txt#374#12,"ぱれす・にゅろきーるを上から眺めるなんて、
どんなファンにも叶えられない夢だ……。","从上空俯瞰喵洛基鲁・王宫，
这可是任何粉丝都无法实现的梦想啊……。",translated,莎丽,d20fd34848,br=0 nl=1,2,
inc/event/res/09/me09_09.txt#376#12,……二人とも。,……你们两个。,translated,妮诺,3ba8d11f67,br=0 nl=0,1,
inc/event/res/09/me09_09.txt#393#12,ん？,嗯？,translated,凯斯・莎丽,612f6299e0,br=0 nl=0,1,
inc/event/res/09/me09_09.txt#394#12,"せっかく逃げるチャンスをあげたのに
フイにするなんて、変な人たち。","明明特意给了你们逃跑的机会，
你们却白白浪费掉，真是一群奇怪的人。",translated,妮诺,93b76f0e46,br=0 nl=1,2,
inc/event/res/09/me09_09.txt#396#12,"気持ちはほんとにありがたかったけど、
イオン応援団の決まりは守らなくちゃ。","你的心意我们真的很感谢，
但依恩应援团的规矩还是得遵守嘛。",translated,凯斯,991c34bbf2,br=0 nl=1,2,
inc/event/res/09/me09_09.txt#397#12,え？,诶？,translated,妮诺,5590ff8011,br=0 nl=0,1,
inc/event/res/09/me09_09.txt#398#12,"「困ったときは助け合う」。
新入りのあんたが守って、ベテランの私が
守れないんじゃ示しがつかないからね。","“困难时刻互相帮助”。
连作为新人的你都遵守了，
我这个元老要是守不住可就太不像话了。",translated,凯斯,85da785e66,br=0 nl=2,3,
inc/event/res/09/me09_09.txt#400#12,"あんたこそ、身代わりになろうなんて
しちゃってさ。",倒是你，居然还打算去当替身。,translated,凯斯,d0a4b7abe0,br=0 nl=1,2,
inc/event/res/09/me09_09.txt#401#12,私は……。,我……。,translated,妮诺,43579674c8,br=0 nl=0,1,
inc/event/res/09/me09_09.txt#402#12,何よ？,怎么了嘛？,translated,凯斯,0886b7fb99,br=0 nl=0,1,
inc/event/res/09/me09_09.txt#403#12,"私は自分のセカイに還りたい。
自分がこうしたいって望んだことを
叶えるためなら──","我想回到自己的世界。
只要能实现自己期望去做的心愿――",translated,妮诺,e35a1dadcd,br=0 nl=2,3,
inc/event/res/09/me09_09.txt#404#12,"どんなことだってためらわない。
それだけ。","我什么事情都不会犹豫退缩。
仅此而已。",translated,妮诺,7df5b1c00c,br=0 nl=1,2,
inc/event/res/09/me09_09.txt#406#12,"私はあなたを助けたいと思った、
ただ、それだけ。","当时我想救你，
仅仅就只是如此而已。",translated,妮诺,fcf4cc3fc4,br=0 nl=1,2,
inc/event/res/09/me09_09.txt#408#12,"そ、か……。
ありがと、ウルゥリィヤ。","这样、啊……。
谢谢你，乌鲁莉亚。",translated,凯斯,c5709fcd58,br=0 nl=1,2,
inc/event/res/09/me09_09.txt#409#12,"あなたたちこそ、すごかった。
TxBIOSクラスは、私の俯瞰視点を体系化して
ライブラリしたもの。","你们才真正厉害呢。
TxBIOS级别，是将我的俯瞰视点体系化之后
封装成的库。",translated,妮诺,7554d6e131,br=0 nl=2,3,
inc/event/res/09/me09_09.txt#410#12,"それがないまま、あれほどの詩魔法を
ジェノムと人間で紡ぐなんて、奇跡。","在缺乏那个的情况下，仅凭杰诺姆和人类
就能编织出那般威力的诗魔法，简直是奇迹。",translated,妮诺,c60a690dec,br=0 nl=1,2,
inc/event/res/09/me09_09.txt#411#12,"そりゃあ、サーリの頭脳がTxBIOS並みに
すごいってことよ！","那是因为莎丽的头脑
像TxBIOS一样厉害嘛！",translated,凯斯,d441c89685,br=0 nl=1,2,
inc/event/res/09/me09_09.txt#412#12,よせよ……。,别吹捧我了……。,translated,莎丽,42c476e30c,br=0 nl=0,1,
inc/event/res/09/me09_09.txt#417#12,"そっ、そーだキャス！
僕は一つだけ納得できないことがある！","对、对了凯斯！
我唯独有一件事无论如何都无法接受！",translated,莎丽,9f58b11208,br=0 nl=1,2,
inc/event/res/09/me09_09.txt#418#12,何？,什么事？,translated,凯斯,099228cf66,br=0 nl=0,1,
inc/event/res/09/me09_09.txt#419#12,"にゅろきーはボンバーしないし、
ビームも出さないっ！！","喵洛基才不会丢炸弹，
也不会发射光束呢！！",translated,莎丽,e296d4a3b4,br=0 nl=1,2,
inc/event/res/09/me09_10.txt#25#12,う、わ……。,哇、啊……。,translated,莎丽,a896d35fa9,br=0 nl=0,1,
inc/event/res/09/me09_10.txt#26#12,こんなおっきな機械が隠れてたなんて……。,没想到居然隐藏着这么庞大的机械……。,translated,凯斯,03c959f5c1,br=0 nl=0,1,
inc/event/res/09/me09_10.txt#27#12,"ウルゥリィヤ。
どうしてぱれす・にゅろきーるに
こんな不思議な機械があるの？","乌鲁莉亚。
为什么在喵洛基鲁・王宫里
会有这么不可思议的机械？",translated,凯斯,9f0ee2e474,br=0 nl=2,3,
inc/event/res/09/me09_10.txt#28#12,"いまは国民洗脳アトラクションのように
機能してるけど、ぱれす・にゅろきーるは
本当の名を──","虽然如今被当作洗脑国民的游乐设施来运作，
但喵洛基鲁・王宫真正的名字――",translated,妮诺,ebef0ce01c,br=0 nl=2,3,
inc/event/res/09/me09_10.txt#29#12,「航宙移民船ソレイル」っていうの。,叫作“航天移民飞船太阳号”。,translated,妮诺,7b03bad3da,br=0 nl=0,1,
inc/event/res/09/me09_10.txt#30#12,"いま、地文はセーブベゼル、
天文はグランフェニックスという計画で
人類救済を叫んでる。","如今，地文主张存档贝捷尔，
天文主张大凤凰计划，
各自高呼着拯救人类。",translated,妮诺,ecd1459128,br=0 nl=2,3,
inc/event/res/09/me09_10.txt#31#12,でも昔は、共同でこのソレイルを建造してた。,但很久以前，他们曾共同建造过这艘太阳号。,translated,妮诺,2443f74239,br=0 nl=0,1,
inc/event/res/09/me09_10.txt#32#12,"その当時、コロンの建造が一種のブームだった。
だからここも、そんな一つとして人々に
認識されていた。","在那个年代，克隆的建造曾是一种风潮。
因此这里也被世人理所当然地
当作其中一个克隆来认知。",translated,妮诺,c182159451,br=0 nl=2,3,
inc/event/res/09/me09_10.txt#33#12,"本当は移民船だなんて誰も思わなかった。
いまでもそうでしょう？","从来没有人想过这其实是移民飞船。
如今不也是这样吗？",translated,妮诺,9bf24a5634,br=0 nl=1,2,
inc/event/res/09/me09_10.txt#34#12,"そうだな。これをその眼で見なければ、
誰も信じやしないだろうね。","是啊。若非亲眼所见，
恐怕任谁也不会相信吧。",translated,莎丽,e4179311ed,br=0 nl=1,2,
inc/event/res/09/me09_10.txt#35#12,"しかも、パークは隠れみのなだけじゃなくて、
天文によるさまざまな社会実験にも使われてる。
たとえば──","而且，乐园不仅是掩人耳目的屏障，
还被天文用于开展各种各样的社会实验。
例如――",translated,妮诺,b0154fa26f,br=0 nl=2,3,
inc/event/res/09/me09_10.txt#36#12,"あなたたちが体験したとおりのような
こととか。そのデータは天文の最新技術の
開発に極秘裏に利用されてる。","正如你们亲身体验过的那样。
那些数据被秘密利用于
天文最新技术的研发中。",translated,妮诺,e25eeaf6ec,br=0 nl=2,3,
inc/event/res/09/me09_10.txt#46#12,"つまり、天文は人々を洗脳して、
支持者を増やそうとしてると？","也就是说，天文企图对民众进行洗脑，
以此来扩充支持者吗？",translated,莎丽,9229c6aa25,br=0 nl=1,2,
inc/event/res/09/me09_10.txt#47#12,"それもある。そもそも、天文も地文も
洗脳工作なんて日常茶飯事。","那也是目的之一。原本对于天文和地文而言，
洗脑工作早就是家常便饭了。",translated,妮诺,c1ffd72175,br=0 nl=1,2,
inc/event/res/09/me09_10.txt#48#12,"にゅろきーみたいなブームの創出や、
公共放送での情報操作。その中にいろんな
サブリミナルを滑り込ませたり。","制造类似喵洛基这样的风潮、
在公共广播中操纵情报。并在其中悄悄掺杂
各种各样的潜意识诱导。",translated,妮诺,a2c6f8f58c,br=0 nl=2,3,
inc/event/res/09/me09_10.txt#49#12,"ときには自作自演で被害者面をして、
同情を引いたりもね。","有时甚至自导自演装成受害者，
以此博取同情。",translated,妮诺,46adf3f9d9,br=0 nl=1,2,
inc/event/res/09/me09_10.txt#50#12,"ジェノムもシェルノトロンも、
そしてその登録システムも、
言ってしまえば洗脳ツール。","无论是杰诺姆还是榭鲁诺特伦，
亦或是那个注册系统，
说到底全都是洗脑工具。",translated,妮诺,3124575fd1,br=0 nl=2,3,
inc/event/res/09/me09_10.txt#51#12,"そうやって人々を誘導し、
歴史を積み上げ、世の中を操作しているの。","他们就是用这种方式诱导民众、
堆砌历史、操纵整个世界的。",translated,妮诺,69e26811e8,br=0 nl=1,2,
inc/event/res/09/me09_10.txt#52#12,"あ、あんた、にゅろきーも魚掬いも知らなかった
のに、なんでそんな秘密を詳しく知ってるの？","你、你明明连喵洛基和捞鱼都不知道，
为什么会对这些机密知道得这么详尽啊？",translated,凯斯,4e4bfea6a5,br=0 nl=1,2,
inc/event/res/09/me09_10.txt#53#12,"にゅろきーも魚掬いも、
知らないとは言ってなかったと思うけど。","无论是喵洛基还是捞鱼，
我想我都没说过自己不知道吧。",translated,妮诺,86296ea1d8,br=0 nl=1,2,
inc/event/res/09/me09_10.txt#54#12,"知識はあるけど見るのは初めて、って
言っていたはずよ。
このソレイルについても同じ。","我应该说过，虽然有相关知识
但亲眼所见还是第一次。
关于这艘太阳号也是同理。",translated,妮诺,576456540f,br=0 nl=2,3,
inc/event/res/09/me09_10.txt#55#12,"あなたたちにわかるように言えば、
私は百科事典を引いて朗読しているようなもの。","用你们能听懂的话来说，
我只是在翻阅百科全书并朗读出来罢了。",translated,妮诺,fbea87fa5c,br=0 nl=1,2,
inc/event/res/09/me09_10.txt#56#12,"物事を注視して、少し意識をそこに集めれば、
知識や付帯情報を検索できる。","只要凝视事物、稍稍集中意识于其上，
就能检索到相关知识和附带情报。",translated,妮诺,8517bfa0f8,br=0 nl=1,2,
inc/event/res/09/me09_10.txt#57#12,"だから、知ってはいるけど
本当には理解できてない──
そういうものが私にはたくさんある。","所以，“虽然知晓却未曾真正理解”――
这样的东西在我身上有非常多。",translated,妮诺,1aec069a82,br=0 nl=2,3,
inc/event/res/09/me09_10.txt#58#12,それが、俯瞰視点なんだね。,那便是，俯瞰视点啊。,translated,莎丽,675be7049c,br=0 nl=0,1,
inc/event/res/09/me09_10.txt#59#12,そう。俯瞰視点という力の「一端」。,是的。是俯瞰视点这一力量的“冰山一角”。,translated,妮诺,31378f6e24,br=0 nl=0,1,
inc/event/res/09/me09_10.txt#60#12,"それで歴史を覗いたり、
改ざんできたりもするわけだよね。","因此也能借此窥视历史、
甚至是篡改历史对吧。",translated,莎丽,c5114d2d35,br=0 nl=1,2,
inc/event/res/09/me09_10.txt#61#12,できる。,能做到。,translated,妮诺,3ccb0958a6,br=0 nl=0,1,
inc/event/res/09/me09_10.txt#62#12,"でも、過去を見るには、現在の事実を
調べるよりも深い集中と時間が必要。","但是，想要查看过去，
比起调查当下的事实需要更深的专注与时间。",translated,妮诺,114b6bd098,br=0 nl=1,2,
inc/event/res/09/me09_10.txt#63#12,"未来を見ることもできるけど、
それは無限に広がる可能性軸の一つにすぎない。","虽然也能观测未来，
但那不过是无限延展的可能性轴中的一条而已。",translated,妮诺,0393281a50,br=0 nl=1,2,
inc/event/res/09/me09_10.txt#64#12,そして、改ざんしようとすれば──,而且，倘若企图进行篡改――,translated,妮诺,71f64cbdab,br=0 nl=0,1,
inc/event/res/09/me09_10.txt#65#12,惑星規模の質量に相当するエネルギーが要る。,需要耗费相当于行星规模质量的巨大能量。,translated,妮诺,c7c1f73123,br=0 nl=0,1,
inc/event/res/09/me09_10.txt#68#12,"少し調べてみる。
あなたたちはじっとしてて。","我稍微调查一下。
你们待着别动。",translated,妮诺,e9bb9f72b4,br=0 nl=1,2,
inc/event/res/09/me09_10.txt#79#12,……そう言われたって、ねぇ。,……就算你这么说，也……。,translated,凯斯,9a6f08cbce,br=0 nl=0,1,
inc/event/res/09/me09_10.txt#80#12,"あぁ。こんなところまで来て、
ぼーっとしてるなんて無理さ。","是啊。都来到这种地方了，
怎么可能傻乎乎地愣着嘛。",translated,莎丽,66ac1b90b9,br=0 nl=1,2,
inc/event/res/09/me09_10.txt#81#12,あっ、見て見て！,啊，快看快看！,translated,凯斯,74b9ee9a6c,br=0 nl=0,1,
inc/event/res/09/me09_10.txt#91#12,何この穴……どこまで続いてるんだろ。,这个洞是什么啊……到底通向哪里呢。,translated,凯斯,c84f47f9eb,br=0 nl=0,1,
inc/event/res/09/me09_10.txt#92#12,"少なくとも、にゅろきー城までは
ありそうだ。",至少看来能一直通到喵洛基城堡。,translated,莎丽,c5aa9536f1,br=0 nl=1,2,
inc/event/res/09/me09_10.txt#93#12,"キャス……僕らはいま、
この世界の裏側に来てるんだ。
僕たち以外に、誰もこんなこと知らない。","凯斯……我们现在，
正身处于这个世界的里侧。
除了我们之外，谁也不知道这回事。",translated,莎丽,6bc1f6d708,br=0 nl=2,3,
inc/event/res/09/me09_10.txt#94#12,"そうね。どんな大ニュースだって、
この秘密にくらべたら……。","是呢。不论多么轰动的大新闻，
和这个秘密相比起来……。",translated,凯斯,55b5b84aab,br=0 nl=1,2,
inc/event/res/09/me09_10.txt#95#12,見つけた。,找到了。,translated,妮诺,fadd2d10be,br=0 nl=0,1,
inc/event/res/09/me09_10.txt#98#12,えっ？,诶？,translated,凯斯・莎丽,5b8d798295,br=0 nl=0,1,
inc/event/res/09/me09_10.txt#108#12,あれが洗脳波を送り出している中枢。,那个就是向外发射洗脑波的中枢。,translated,妮诺,6c6a55b111,br=0 nl=0,1,
inc/event/res/09/me09_10.txt#109#12,"とても弱いHウェーブだから、洗脳には
時間がかかる。でも、おかげで不審な
ウェーブとして怪しまれることもない。","因为是很微弱的H波，
所以洗脑需要花费时间。但也正因如此，
才不会被怀疑为异常波动。",translated,妮诺,f21d60bdc6,br=0 nl=2,3,
inc/event/res/09/me09_10.txt#110#12,これを破壊できれば、全部の洗脳が解けるはず。,只要能摧毁这个，所有的洗脑应该都会解除。,translated,妮诺,7bcaddbb0a,br=0 nl=0,1,
inc/event/res/09/me09_10.txt#112#12,"よぉし、じゃあさっさとやっちゃいましょ！
サーリ、さっき使った詩魔法で
バリンと割っちゃえば！","好嘞，那就速战速决搞定它吧！
莎丽，用刚才使的诗魔法
把它砰地砸碎不就得了！",translated,凯斯,6a4f2b26b5,br=0 nl=2,3,
inc/event/res/09/me09_10.txt#113#12,"無理よ、ショックウェーブくらいで
こんな大きな真空管割れっこない。","办不到的，区区冲击波
怎么可能震碎这么巨大的真空管。",translated,妮诺,b36cb06476,br=0 nl=1,2,
inc/event/res/09/me09_10.txt#114#12,"それより、管につながってる導力線を
切ったほうが早い。","与其那样，直接切断连接管道的导力线
还要更快一些。",translated,妮诺,7f680e0675,br=0 nl=1,2,
inc/event/res/09/me09_10.txt#115#12,わ、わかってたんならそれ先言ってよ！,知、既然你知道就早点说啊！,translated,凯斯,c14d744ee6,br=0 nl=0,1,
inc/event/res/09/me09_10.txt#126#12,まずい、追っ手が……！,不好，追兵……！,translated,莎丽,eea058120e,br=0 nl=0,1,
inc/event/res/09/me09_10.txt#138#12,両手を後ろに回して伏せろ！,双手抱头趴下！,translated,警卫,21e63d3df0,br=0 nl=0,1,
inc/event/res/09/me09_10.txt#140#12,う……。,唔……。,translated,凯斯,0575ab0d2a,br=0 nl=0,1,
inc/event/res/09/me09_10.txt#141#12,早くしろ！,快点！,translated,警卫,3f22fb1d82,br=0 nl=0,1,
inc/event/res/09/me09_10.txt#154#12,……逃げよう。,……逃吧。,translated,妮诺,a728f84c74,br=0 nl=0,1,
inc/event/res/09/me09_10.txt#156#12,え！？,诶！？,translated,凯斯,4d2f18c9e0,br=0 nl=0,1,
inc/event/res/09/me09_10.txt#157#12,こ、この状況から！？,从、从这种绝境下！？,translated,莎丽,c1ceba5b8b,br=0 nl=0,1,
inc/event/res/09/me09_10.txt#158#12,どうやって！？,怎么逃啊！？,translated,凯斯,cbe7b46591,br=0 nl=0,1,
inc/event/res/09/me09_10.txt#159#12,"ちょっと怖いかもしれないけど……
でも大丈夫だから、我慢して。
行くよ？","或许会有点吓人……
但没事的，稍微忍耐一下。
要走喽？",translated,妮诺,e14e57ce7c,br=0 nl=2,3,
inc/event/res/09/me09_10.txt#162#12,どこへ？,去哪儿？,translated,凯斯・莎丽,16e726c08c,br=0 nl=0,1,
inc/event/res/09/me09_10.txt#163#12,縦坑の下。,竖井下方。,translated,妮诺,be0ef44248,br=0 nl=0,1,
inc/event/res/09/me09_10.txt#176#12,きゃああああああ！！？？,呀啊啊啊啊啊啊！！？？,translated,凯斯・莎丽,a3dcd38a51,br=0 nl=0,1,
inc/event/res/09/me09_song.txt#19#12,"踊りましょう　歌いましょう　輝く空の下で
顔を上げて　目指す場所へと　ほら進んで行く","起舞吧　高歌吧　在璀璨的晴空之下
昂起头颅　朝着向往之地　看吧阔步前行",translated,系统文本,aacbee02c7,br=0 nl=1,2,
inc/event/res/09/me09_song.txt#20#12,"手を繋いで　怖がらずに　勢いよく踏み切ろう
想いが描く虹の橋　駆けて行けるから","手牵着手　无畏无惧　奋力迈出步伐
乘着思念所绘的彩虹之桥　定能飞奔而过",translated,系统文本,b92156805f,br=0 nl=1,2,
inc/event/res/09/me09_song.txt#24#12,"飛び跳ねて　転がって　くるくる回る
何度でも　唱えるよ　魔法の言葉を","欢呼雀跃　翻滚嬉戏　旋转不停
无论多少次　我都会吟诵　那神奇的魔法咒语",translated,系统文本,5d896d7721,br=0 nl=1,2,
inc/event/res/09/me09_song.txt#25#12,"希望は目の前　願い護る光の中で
笑顔が溢れて行く","希望近在眼前　在守护心愿的光芒中
笑容正洋溢绽放",translated,系统文本,d8cc98e0b8,br=0 nl=1,2,
inc/event/res/09/me09_song.txt#30#12,"絆を結ぶ　愛と勇気
この胸に　強く刻んで　羽ばたいて行け","缔结羁绊的　爱与勇气
将它们深深刻在心间　展翅高飞吧",translated,系统文本,cc6f7f2311,br=0 nl=1,2,
inc/event/res/09/me09_song.txt#31#12,"いつか　夢を映した世界へ　辿り着こう
彼方へ……","总有一天　我们定会抵达映照着梦想的世界
飞向彼方……",translated,系统文本,0120c9ea50,br=0 nl=1,2,
inc/event/res/09/me09_train.txt#2#12,"<CLY2>チュートリアルが終了しておりません。
まずは第一の扉へ向かいましょう。","<CLY2>教程尚未结束。
首先请前往第一扇门。",translated,系统文本,43739b392f,<CLY2> br=0 nl=1,2,keep-tags <CLY2>
inc/event/res/09/me09_train02.txt#2#12,"<CLY2>皇帝編 第一幕～最終幕に関わる音声は、
DLC「皇帝編ボイスパック」（無料）を別途
インストールして頂くことでお楽しみ頂けます。","<CLY2>与皇帝篇第一幕～最终幕相关的语音，
可通过另行安装免费DLC
“皇帝篇语音包”来享受。",translated,系统文本,c69eb95b86,<CLY2> br=0 nl=2,3,keep-tags <CLY2>; src-longest-line=25
inc/event/res/09/me09_train02.txt#3#12,"<CLY2>「シェルノサージュ OFFLINE ～失われた星へ
捧ぐ詩～」を最大限お楽しみ頂くため、ボイス
パックのインストールを推奨しております。","<CLY2>为充分享受“Ciel nosurge OFFLINE
～献给失落之星的诗篇～”，
建议安装语音包。",translated,系统文本,155347e1bf,<CLY2> br=0 nl=2,3,keep-tags <CLY2>; src-longest-line=31
inc/event/res/09/me09_train02.txt#4#12,「皇帝編 第一幕」へ進む,前往“皇帝篇 第一幕”,translated,,6838685ead,br=0 nl=0,1,
inc/event/res/09/me09_train02.txt#5#12,ダイブゲートに戻る,返回潜入之门,translated,,60c93a75a7,br=0 nl=0,1,
