id,jp,zh,status,speaker,src,ctl,lines,note
inc/event/res/11/me11_00.txt#54#12,はっ、はっ、はっ……。,哈、哈、哈……,translated,依恩,a3b4bfb466,br=0 nl=0,1,
inc/event/res/11/me11_00.txt#56#12,"ああんもう、イオン！
話を聞きなさいっての！","哎呀真是的，依恩！
叫你好好听人把话说完啦！",translated,妮伊,43d03c81c8,br=0 nl=1,2,
inc/event/res/11/me11_00.txt#86#12,はぁっ……はぁっ……。,哈啊……哈啊……,translated,依恩,18722a632f,br=0 nl=0,1,
inc/event/res/11/me11_00.txt#87#12,はあ゛ーっ……ぐあ゛ーっ……。,呼――啊……累死我了……,translated,妮伊,adf2f449ea,br=0 nl=0,1,
inc/event/res/11/me11_00.txt#89#12,"ったくあんたは……テレフンケンのことになると、
見境ってもんがないんだから！","真拿你没办法……一碰到泰雷芬肯的事，
你就彻底不顾一切了！",translated,妮伊,2c2becae95,br=0 nl=1,2,
inc/event/res/11/me11_00.txt#109#12,だって……！,可是……！,translated,依恩,9eeb789289,br=0 nl=0,1,
inc/event/res/11/me11_00.txt#110#12,"もう一回言うわよ？
テレフンケンはね、自分の想いに従って
いなくなったの。","我再说一遍哦？
泰雷芬肯他是遵从自己的心愿
才离开的。",translated,妮伊,a8164a1f2c,br=0 nl=2,3,
inc/event/res/11/me11_00.txt#111#12,"イオンはもっと、強くて力のある{ジェノム}と
同調しなきゃいけない、それがあんたのため
だって！","他说依恩必须和更强、更有力量的{杰诺姆}
进行同调，
这全都是为了你好啊！",translated,妮伊,e6e707e826,br=1 nl=2,3,keep-terms {ジェノム}
inc/event/res/11/me11_00.txt#111#14,ラシェーラ人は、ある種の生命と意識を通わす事が出来る。その「生命」とは、あらゆる動物（例えば蝶や鳥、犬など）の中に存在する突然変異体ともいうべき存在で通常の生命と違い３重螺旋以上の遺伝子DNAを持つのである。ラシェーラ人はその突然変異体をジェノムと呼んだ。<CR><CR>ジェノムは、人間のような２重螺旋遺伝子体には絶対に真似のできない「詩によって超常的な力を行使する」能力が備わっている。<CR>だが、ジェノム自身は詩を謳うことは出来ず、また謳うためのエネルギーも足りないため、人間と契約をし、そのエネルギーと声帯を使わせてもらうのである。,拉榭拉人能够与某种生命心灵相通。所谓的“生命”，是指存在于各类动物（例如蝴蝶、鸟、犬等）之中的突变体，与普通生命不同，它们拥有三重螺旋以上的DNA基因。拉榭拉人将这种突变体称为杰诺姆。<CR><CR>杰诺姆具备人类这种双重螺旋基因体绝无法模仿的、能够“通过诗行使超常力量”的能力。<CR>然而杰诺姆自身无法吟唱诗歌，亦缺乏吟唱所需的能量，因此它们会与人类缔结契约，借用人类的能量与声带。,translated,妮伊,a5790363dd,<CR> <CR> <CR> br=0 nl=0,1,keep-tags <CR>; src-longest-line=271
inc/event/res/11/me11_00.txt#112#12,"わたしのためにいなくなるなんて、
そんなの変だよ！
テレくんがいなかったら、わたし……。","为了我而离开什么的，
这种事太奇怪了啦！
要是没有泰雷在，我……",translated,依恩,c593c65399,br=0 nl=2,3,
inc/event/res/11/me11_00.txt#113#12,"だーかーらー！
あんたがそういうヒトだからよっ。","所――以――说！
就是因为你是这样的人啊。",translated,妮伊,35185f1f34,br=0 nl=1,2,
inc/event/res/11/me11_00.txt#114#12,"そばにいるかぎり、あんたはテレフンケンと
同調解除したりしないでしょ。","只要他还在你身边，
你就绝对不可能主动解除和泰雷芬肯的同调吧。",translated,妮伊,b6f3c28cdd,br=0 nl=1,2,
inc/event/res/11/me11_00.txt#115#12,当たり前だよ！,那当然了！,translated,依恩,9f57655b85,br=0 nl=0,1,
inc/event/res/11/me11_00.txt#116#12,"そしたら、イオンはより強いジェノムと
{同調}することができない。","那样一来，依恩就无法
和更强的杰诺姆进行{同调}了啊。",translated,妮伊,a414092b0e,br=1 nl=1,2,keep-terms {同調}
inc/event/res/11/me11_00.txt#116#14,同調とは「心を通わせる」こと。すなわち、人間（契約者）とジェノムの間で、精神世界を共有し、それによってジェノムは人間の、人間はジェノムの力を有る程度使えるようになる。もっと明確に言えば、ジェノムを人間の脳内未使用領域に住まわせることなのである。<CR><CR>同調には「同調」「完全同調」「一心同体」という段階があり、当然段階が上がるほど、引き出せる詩の力は増大する。同調の段階を上げるためには、お互いを深く知り、受け入れることが大事であり、それは一朝一夕では為し得ることが出来ない。<CR>「一心同体」よりも上にもう1段階「唯我」と呼ばれる同調形式があるが、この境地に至った者は誰もいない。,同调即指“心意相通”。亦即在人类（契约者）与杰诺姆之间共享精神世界，借此杰诺姆可以使用人类的部分力量，人类亦能使用杰诺姆的部分力量。更确切地说，就是让杰诺姆居住在人类大脑的未使用区域。<CR><CR>同调分为“同调”、“完全同调”、“一心同体”三个阶段，阶段越高，能引导出的诗之力量自然越庞大。想要提升同调阶段，彼此深刻了解并相互接纳至关重要，绝非一朝一夕之功。<CR>在“一心同体”之上还有一个名为“唯我”的同调形式，但尚无任何人达到过此等境界。,translated,妮伊,2d0b2ceac1,<CR> <CR> <CR> br=0 nl=0,1,keep-tags <CR>; src-longest-line=296
inc/event/res/11/me11_00.txt#117#12,"それじゃ、世界を救おうってしてる
あんたの足を引っ張ることになる。","这样就会拖企图拯救世界的
你的后腿啊。",translated,妮伊,4c0c5ff8ee,br=0 nl=1,2,
inc/event/res/11/me11_00.txt#118#12,だから、旅立つんだって。,所以，他才踏上旅途的。,translated,妮伊,c14cab434d,br=0 nl=0,1,
inc/event/res/11/me11_00.txt#120#12,テレくん……。,泰雷……,translated,依恩,666d4e6620,br=0 nl=0,1,
inc/event/res/11/me11_00.txt#121#12,"修行して、いまよりもっと強い、
イオンと釣りあうジェノムになるって……
そう言ってたわ。","他说他要去修行，
成为比现在更强大、足以与依恩相配的杰诺姆……
他是这么说的哦。",translated,妮伊,22609372ee,br=0 nl=2,3,
inc/event/res/11/me11_00.txt#122#12,"そしたらまた帰ってくる、って。
イオンもお願いだから、自分の信じる道を
貫いてほしい、って。","他说到时候还会回来的。
他还拜托依恩，希望你能坚持
贯彻自己所坚信的道路。",translated,妮伊,6f768d2449,br=0 nl=2,3,
inc/event/res/11/me11_00.txt#125#12,でも、でも……！,但是、但是……！,translated,依恩,770ceeae55,br=0 nl=0,1,
inc/event/res/11/me11_00.txt#126#12,"テレ君は誰かと同調してないと死んじゃう！
この{万寿沙羅}で初めて会ったときだって、
おなかを空かせて……倒れて……。","泰雷不和谁同调的话可是会没命的！
在这座{万寿沙罗}第一次见到他时也是，
他饿着肚子……倒在地上……",translated,依恩,0fe076e43d,br=1 nl=2,3,keep-terms {万寿沙羅}
inc/event/res/11/me11_00.txt#126#14,正式には万寿区万寿沙羅。昔、帝都が地上に存在していたとき、政治的な中心だった地区で、今でもその名残である旧帝国関連施設が史跡として多数点在している。<CR>現在でも、地上の旧市街における、経済、政治の中心地として栄えている。<CR><CR>中でも万寿沙羅一番街は、地上に住む人々にとって一番の商店街で、この地区に無い物はどこにもないと言われているほど。万寿沙羅駅とその駅ビルは、日夜沢山の人でごった返している。,正式名称为万寿区万寿沙罗。在过去的帝都位于地面上的时代，这里曾是政治中心区域，如今仍有许多作为历史遗迹留存的旧帝国相关设施散布于此。<CR>即便是现在，作为地面旧城区的经济与政治中心，这里依旧繁荣。<CR><CR>其中万寿沙罗一番街是地面居民最重要的商业街，甚至被称为“在这条街上找不到的东西世间便无处可寻”。万寿沙罗车站及其车站大厦，日夜都挤满了络绎不绝的人潮。,translated,依恩,b6cfc0d2ce,<CR> <CR> <CR> br=0 nl=0,1,keep-tags <CR>; src-longest-line=205
inc/event/res/11/me11_00.txt#128#12,"イオン。
それはないんじゃない？","依恩。
不能这么想吧？",translated,妮伊,ffb33caef2,br=0 nl=1,2,
inc/event/res/11/me11_00.txt#129#12,えっ？,诶？,translated,依恩,5b8d798295,br=0 nl=0,1,
inc/event/res/11/me11_00.txt#138#12,"あんただって、最初はここで
ひとりぼっちだったでしょ。","你一开始在这里的时候，
不也同样是孤苦伶仃一个人嘛。",translated,妮伊,1e4e4f44b2,br=0 nl=1,2,
inc/event/res/11/me11_00.txt#139#12,う、うん。,嗯、嗯。,translated,依恩,5e5aab8543,br=0 nl=0,1,
inc/event/res/11/me11_00.txt#146#12,"でも、いまはそうじゃない。
たくさんのことを成し遂げてきて、
めそめそ泣くだけの女の子じゃなくなった。","但现在已经不是那样了。
你达成了那么多的成果，
已经不再是那个只知道抽抽搭搭哭鼻子的小女孩了。",translated,妮伊,8c8200d0df,br=0 nl=2,3,
inc/event/res/11/me11_00.txt#147#12,"あのコだって、それはおんなじなの。
あのときとは比べものになんないくらい、
たくましくなってる。","那孩子也完全是一样的啊。
现在的他比起那个时候，
早就变得坚强得不知道多少倍了。",translated,妮伊,3b27710f98,br=0 nl=2,3,
inc/event/res/11/me11_00.txt#156#12,"信じてあげなよ。
自分の身は自分で守れるくらいには
成長してるって。","你要相信他啊。
他已经成长到了足以保护好自己的地步了。",translated,妮伊,c6d4a80e07,br=0 nl=2,3,
inc/event/res/11/me11_00.txt#157#12,ネイちゃん……。,妮伊……,translated,依恩,840a2b2ae7,br=0 nl=0,1,
inc/event/res/11/me11_00.txt#166#12,"だーいじょうぶ、
コンジョーの別れってわけじゃないんだし！","放――心吧，
又不是此生永别！",translated,妮伊,ffc2dbee24,br=0 nl=1,2,
inc/event/res/11/me11_00.txt#167#12,"むしろイオンがコンジョー見せないと、
再会したときにがっかりされちゃうよ？","不如说依恩要是拿不出骨气来，
重逢的时候可是会被瞧扁的哦？",translated,妮伊,45b7c66ec1,br=0 nl=1,2,
inc/event/res/11/me11_00.txt#168#12,そっか……そうだね、ネイちゃん。,这样啊……说得也是呢，妮伊。,translated,依恩,99559b8bac,br=0 nl=0,1,
inc/event/res/11/me11_00.txt#169#12,"わたしががんばらなくちゃ、
テレ君の想いを……無駄にしちゃう。","要是我不努力的话，
就会辜负泰雷的心意了……",translated,依恩,3dec69dc55,br=0 nl=1,2,
inc/event/res/11/me11_00.txt#170#12,"そのとーり。
大変なのはこっからよ？
あのコに負けないようにしないとね！","这就对啦。
艰难的关头现在才正要开始呢！
可不能输给那孩子哦！",translated,妮伊,bb7dbcaee0,br=0 nl=2,3,
inc/event/res/11/me11_00.txt#171#12,……うん♪,……嗯♪,translated,依恩,efe7e3a5a5,br=0 nl=0,1,
inc/event/res/11/me11_00.txt#204#12,あっ、レナルルさん！,啊，蕾娜露露！,translated,依恩,1d1ae96b1b,br=0 nl=0,1,
inc/event/res/11/me11_00.txt#216#12,"イオナサルさま。
お時間です。","依欧娜萨鲁大人。
时间到了。",translated,蕾娜露露,233e23593d,br=0 nl=1,2,
inc/event/res/11/me11_00.txt#218#12,"出発の準備が整いました。
……参りましょう。","出发的准备已经就绪了。
……我们走吧。",translated,卡诺,5e1341ae92,br=0 nl=1,2,
inc/event/res/11/me11_00.txt#219#12,は、はいっ！,好、好的！,translated,依恩,29f5bf4233,br=0 nl=0,1,
inc/event/res/11/me11_00.txt#220#12,"私たちの想いを届けに。
{皇帝}陛下のもとへ。","去传达我们的心愿。
前往{皇帝}陛下的身边。",translated,卡诺,e57323a593,br=1 nl=1,2,keep-terms {皇帝}
inc/event/res/11/me11_00.txt#220#14,この世界を統べる者のこと。この世界ラ・シェーラには実質的な国家はこの「帝国」１つしかない。その為、皇帝とは世界最高位の存在となる。その為、皇帝の名は「ラシェーラ」であり、それ以前にどんな名前であろうが即位と共にラシェーラという名前だけとなる。<CR>それはすなわち、星の人となるということ。皇帝は人間の感情限界である、精神周波数11MHｚ以上を授かっている。また、特殊な声帯を継承する事で、人間の声とは思えない声で詩を謳う事も出来る。<CR><CR>皇帝はこの世界を安定させる為に様々な祭祀を行うが、それは形骸化したものではなく、しっかりとした効果を持つものである。,统治这个世界的至高领袖。拉榭拉世界在实质上仅有“帝国”这一个国家，因此皇帝即为世界最高位之存在。皇帝的名号即为“拉榭拉”，无论此前名字为何，一旦登基便仅保留拉榭拉之名。<CR>这意味着其成为整颗星球的化身。皇帝被赋予了超越人类情感极限的精神频率11MHz以上。此外，通过传承特殊的声带，亦能以常人难及之音吟唱诗篇。<CR><CR>皇帝为稳定这个世界而举行各种祭祀，那些仪式绝非流于形式，而是具备确切功效之神事。,translated,卡诺,4c446426d3,<CR> <CR> <CR> br=0 nl=0,1,keep-tags <CR>; src-longest-line=283
inc/event/res/11/me11_00.txt#230#12,"その前に……
イオナサルさまにはその服を
着替えていただきます。","在此之前……
还请依欧娜萨鲁大人换下那身衣服。",translated,蕾娜露露,eab1390116,br=0 nl=2,3,
inc/event/res/11/me11_00.txt#231#12,えっ？,诶？,translated,依恩,5b8d798295,br=0 nl=0,1,
inc/event/res/11/me11_00.txt#232#12,"畏れ多くも、この星「ラシェーラ」の名を
冠するお方との謁見に臨むのです。","您即将晋见的，可是冠以此星球“拉榭拉”之名的
至高尊崇之人。",translated,蕾娜露露,74540276ab,br=0 nl=1,2,
inc/event/res/11/me11_00.txt#233#12,"最低限、正装と呼んでも問題無い程度の
衣はまとっていただかねばなりません。","最低限度，也必须穿戴起码称得上正装的
衣袍才行。",translated,蕾娜露露,31337f2d18,br=0 nl=1,2,
inc/event/res/11/me11_00.txt#234#12,……は……はい。,……好……好的。,translated,依恩,4c2192d85e,br=0 nl=0,1,
inc/event/res/11/me11_01.txt#30#12,"うぅ……な、なんだか足元が
ふわふわします……。","呜呜……总、总觉得脚下
飘飘忽忽的……",translated,依恩,40396356c2,br=0 nl=1,2,
inc/event/res/11/me11_01.txt#31#12,どうされたのですか？,您这是怎么了？,translated,卡诺,7dde2af195,br=0 nl=0,1,
inc/event/res/11/me11_01.txt#32#12,"これから皇帝陛下に会うのかと思うと
き、緊張しちゃって……。","一想到接下来就要面见皇帝陛下，
就、就紧张起来了……",translated,依恩,f24482504e,br=0 nl=1,2,
inc/event/res/11/me11_01.txt#33#12,"しっかりなさい。
何としても、私たちの想いを聞き届けて
いただかねばならないのですから。","打起精神来。
无论如何，我们都必须恳请陛下
听取我们的心愿才行。",translated,卡诺,916ff01370,br=0 nl=2,3,
inc/event/res/11/me11_01.txt#34#12,はい……あと……。,好的……还有……,translated,依恩,017f3414b0,br=0 nl=0,1,
inc/event/res/11/me11_01.txt#37#12,この服にも、まだ慣れなくて。,这身衣服，我也还不太习惯。,translated,依恩,6832eac0ae,br=0 nl=0,1,
inc/event/res/11/me11_01.txt#38#12,ふふ……似合っていますよ。,呵呵……很适合你哦。,translated,卡诺,250ccb51af,br=0 nl=0,1,
inc/event/res/11/me11_01.txt#39#12,そうですか？,是这样吗？,translated,依恩,0c7bca349e,br=0 nl=0,1,
inc/event/res/11/me11_01.txt#40#12,"いつものお衣装……、
あれは{皇女の衣}から仕立てたものなのでしょう？","你平时穿的那套衣裳……
也是用{皇女之衣}裁剪制作的吧？",translated,卡诺,1423d54095,br=1 nl=1,2,keep-terms {皇女の衣}
inc/event/res/11/me11_01.txt#40#14,試練の3年間において重要な要素として「皇女の衣」というものがある。これは、皇女が初期状態で全員身に纏っている布の事で、だいたい２ｍ四方の布だ。<CR>この布は、唯一自らが正統なる皇女である事を証明する手段である。当然この布を失えば、皇帝になる権利は剥奪されてしまう。だが、一片でも持っていれば権利は十分にある。<CR><CR>最終的に持っていれば良いのは１ｃｍ四方の欠片でも良く、それ以外は自由に使って良いという事である。,在3年的试炼中，作为关键要素之一的便是“皇女之衣”。这是所有皇女在初始状态下披在身上的布料，大约是2米见方的布。<CR>这块布是证明自己为正统皇女的唯一手段。失去这块布，成为皇帝的权利自然就会被剥夺。但是，哪怕只持有一片碎片，也拥有足够的权利。<CR><CR>最终只要持有一块1厘米见方的碎片即可，其余部分则可以自由使用。,translated,卡诺,ce200a4ad6,<CR> <CR> <CR> br=0 nl=0,1,keep-tags <CR>; src-longest-line=211
inc/event/res/11/me11_01.txt#41#12,"はい。
ルウレイさんが作ってくれたんです♪","是的。
是鲁雷女士帮我缝制的♪",translated,依恩,bf21cbe703,br=0 nl=1,2,
inc/event/res/11/me11_01.txt#42#12,"{皇位継承の儀}においてはかまいませんが、
陛下との謁見の場ではさすがに相応しく
ありません。","在{皇位继承仪式}中虽无不可，
但在觐见陛下的场合下，确实有失得体。",translated,卡诺,230f691d06,br=1 nl=2,3,keep-terms {皇位継承の儀}
inc/event/res/11/me11_01.txt#42#14,皇帝になるために行われる試練のこと。<CR>皇女候補は全てのステータスを剥奪され、その試練の間全ての民の中で最も低い地位になる。その状態で皇女は自分の力で３年間を切り抜け、宮城に帰還しなければならない。そして帰還した際に行われる国民投票で、最高の票数を得た者が皇帝となる。<CR><CR>３年間は身分証明も無くお金も一切持ち合わせない。一人ではどこにも入れず、何をする権利もない。その為、如何にして他人を惹きつけてやってもらうか、という所が生き延びるポイントとなる。,指为了选拔皇帝而开展的试炼。<CR>皇女候补将被剥夺一切身份特权，在试炼期间沦为所有民众中地位最为低下之人。在此状态下，皇女必须全凭自身力量渡过整整三年并平安返回宫城。随后在归还之际举行的国民投票中，获得最高票数者方可即位为皇。<CR><CR>这三年间没有任何身份证件，亦身无分文。单凭一人寸步难行，亦毫无行事之权。因此，如何吸引并打动他人施以援手，便成了求生的至关要诀。,translated,卡诺,1c75198aad,<CR> <CR> <CR> br=0 nl=0,1,keep-tags <CR>; src-longest-line=233
inc/event/res/11/me11_01.txt#43#12,"はい、わかってます。
でも……まだ少し落ち着かなくて。","嗯，我知道的。
不过……还是觉得有点静不下心来。",translated,依恩,ecf835f4c2,br=0 nl=1,2,
inc/event/res/11/me11_01.txt#44#12,慣れてください。,请尽快习惯它。,translated,卡诺,e3dd3dacc3,br=0 nl=0,1,
inc/event/res/11/me11_01.txt#45#12,はい……。,好的……,translated,依恩,53e3140853,br=0 nl=0,1,
inc/event/res/11/me11_01.txt#46#12,"か、カノンさんは
あまり緊張してないですね……？","卡、卡诺看起来
好像一点都不紧张呢……？",translated,依恩,1981068408,br=0 nl=1,2,
inc/event/res/11/me11_01.txt#47#12,緊張しています。,我也很紧张。,translated,卡诺,6e885257d6,br=0 nl=0,1,
inc/event/res/11/me11_01.txt#48#12,変わらなく見えますけど……。,看起来和平时没什么两样呀……,translated,依恩,40443e8042,br=0 nl=0,1,
inc/event/res/11/me11_01.txt#60#12,"たしかに、地文大司教を奉じていたころ、
陛下には公務で何度かお目通りいただいたことは
あります。","诚然，在担任地文大主教之时，
我曾因公职数次得以蒙受陛下接见。",translated,卡诺,ffcf127902,br=0 nl=2,3,
inc/event/res/11/me11_01.txt#61#12,"ただ、此度はそれとはまったく別……
身の引き締まる思いです。","然而，此次的情形全然不同……
令人感到不寒而栗。",translated,卡诺,d4d17088c6,br=0 nl=1,2,
inc/event/res/11/me11_01.txt#62#12,"私たちの奏上に、
耳を傾けていただけるかどうか……。","不知道陛下是否愿意倾听
我们的陈奏……",translated,卡诺,f443db379e,br=0 nl=1,2,
inc/event/res/11/me11_01.txt#64#12,"とにかく、一生懸命お話しするしか
ないと思います。","总之，我觉得我们只能
竭尽全力去说明了。",translated,依恩,3e3ba41655,br=0 nl=1,2,
inc/event/res/11/me11_01.txt#65#12,"……そうですね。
今回ばかりは、あなたの仰るとおり。","……说得也是呢。
唯独这一次，正如你所言。",translated,卡诺,5476d49e83,br=0 nl=1,2,
inc/event/res/11/me11_01.txt#66#12,何としても、やり遂げましょう。,无论如何，我们都要办成这件事。,translated,卡诺,3f6899d787,br=0 nl=0,1,
inc/event/res/11/me11_01.txt#67#12,はいっ。,嗯。,translated,依恩,2cde6ad7bb,br=0 nl=0,1,
inc/event/res/11/me11_01.txt#126#12,（あうぅ……こ、皇帝陛下……！）,（呜呜……皇、皇帝陛下……！）,translated,依恩,3a8535a553,br=0 nl=0,1,
inc/event/res/11/me11_01.txt#127#12,"（継承の儀が始まったとき以来……
　まだ１年も経ってないけど、
　もうずっと会っていなかったみたい……）","（自继承仪式开始以来……
　虽然还不到1年，
　但感觉好像已经很久没见过了……）",translated,依恩,eaf1229db9,br=0 nl=2,3,
inc/event/res/11/me11_01.txt#129#12,"{地文}皇女、
カノイール・ククルル・プリシェール。","{地文}皇女，
卡诺伊尔・库库鲁鲁・普立薛尔。",translated,卡诺,9160593085,br=1 nl=1,2,keep-terms {地文}
inc/event/res/11/me11_01.txt#129#14,正式名称は「帝立ジェノメトリクス同調調停院」。元々は「人間とジェノムが、互いに最大限の利益を保持しつつ棲み分ける為の調停機関」であった。<CR>その後、「ジェノムと人間が更に豊かに暮らせる為の施策」として、最先端の遺伝子工学の研究開発を行うようになり、地文は多岐にわたる組織の集合体になった。<CR><CR>現在では、ジェノムと同調した場合、その旨を地文に申請登録することが義務づけられており、地文はジェノムを保有する全員の個人情報を持っている。,正式名称为“帝立杰诺梅特利库斯同调调停院”。原本是“为了让人类与杰诺姆在各自保留最大利益的同时实现共存分居的调停机构”。<CR>此后作为“让人类与杰诺姆生活更为富足的举措”，开始进行最前沿的基因工程研发，地文由此演变成了涵盖众多组织的集合体。<CR><CR>如今，一旦与杰诺姆同调，便有义务向地文申请登记，地文因而掌握着所有拥有杰诺姆人员的个人信息。,translated,卡诺,0328e9e022,<CR> <CR> <CR> br=0 nl=0,1,keep-tags <CR>; src-longest-line=223
inc/event/res/11/me11_01.txt#130#12,"あっ、てっ、{天文}皇女、
イオナサル・ククルル・プリシェール……。","啊、天、{天文}皇女，
依欧娜萨鲁・库库鲁鲁・普立薛尔……",translated,依恩,158341f066,br=1 nl=1,2,keep-terms {天文}
inc/event/res/11/me11_01.txt#130#14,天文の正式な名前は「帝立天文学量子波動学研究所」。<CR>宇宙や時空間の専門を扱うため、「量子力学」をベースとした研究機関の組織である。<CR>発足当時、天文は単体で動くことはなく、常に地文の付属組織として活動していた。それは当時の「生命救済計画」が、「科学技術」と「ジェノムの魔法力」の融合によるものであった為だ。また「生命救済計画」という、全人類レベルにおいて最優先の課題を背負っている事もあり、行政にも関わっていた。,天文的正式名称为“帝立天文学量子波动学研究所”。<CR>由于专门研究宇宙与时空，因此是以“量子力学”为基础的研究机构组织。<CR>设立当初，天文并未单独行动，而是始终作为地文的附属组织开展活动。这是由于当时的“生命救济计划”乃是依托“科学技术”与“杰诺姆魔法力”融合的产物。加之背负着全人类最优先的重大课题“生命救济计划”，因而也参与了行政管理。,translated,依恩,367080e578,<CR> <CR> br=0 nl=0,1,keep-tags <CR>; src-longest-line=211
inc/event/res/11/me11_01.txt#131#12,"恐れ多くも皇帝陛下より拝謁のお赦しを賜り、
かく罷り越しました。","承蒙皇帝陛下赐允拜谒之恩，
臣等特奉召前来进行叩见。",translated,卡诺,ab6c4911e2,br=0 nl=1,2,
inc/event/res/11/me11_01.txt#132#12,こ、こしました……。,叩、叩见……,translated,依恩,ee11d122a6,br=0 nl=0,1,
inc/event/res/11/me11_01.txt#133#12,"（うぅぅ……カノンさんが何言ってるか
　全然わかんないよぅ）","（呜呜……卡诺在说什么
　我完全听不懂呀）",translated,依恩,13112dc16a,br=0 nl=1,2,
inc/event/res/11/me11_01.txt#134#12,"皇位継承の儀を自ら辞した私どもなれど、
理が非にも奏し奉りたき儀あらばこそ。
此度の謁見、恐懼の極みにございます。","臣等虽已自行辞退皇位继承仪式，
然确有无论如何亦欲上奏陛下之重任。
此番蒙允谒见，实惶恐至极。",translated,卡诺,91d2f35ebc,br=0 nl=2,3,
inc/event/res/11/me11_01.txt#135#12,キワミに……。,至、至极……,translated,依恩,e75d12d341,br=0 nl=0,1,
inc/event/res/11/me11_01.txt#136#12,（もうだめだ）,（已经不行了啦）,translated,依恩,74051e2fc8,br=0 nl=0,1,
inc/event/res/11/me11_01.txt#138#12,カノイール。イオナサル。,卡诺伊尔。依欧娜萨鲁。,translated,皇帝,519fb4d8b2,br=0 nl=0,1,
inc/event/res/11/me11_01.txt#142#12,……ッ！,……！,translated,依恩・卡诺,b396cc5608,br=0 nl=0,1,
inc/event/res/11/me11_01.txt#143#12,そのように畏まることはありません。,不必如此拘礼。,translated,皇帝,1e73bcf4ee,br=0 nl=0,1,
inc/event/res/11/me11_01.txt#144#12,"民を覆う不安を除くことは喫緊の課題。
時間がないのです。","消除笼罩在民众心中的不安乃当务之急。
时间紧迫。",translated,皇帝,d781c25112,br=0 nl=1,2,
inc/event/res/11/me11_01.txt#145#12,"それに、余もそなたたちに伝えたいことが
あるゆえ、目通りを許したのです。","况且，余亦有事要传达给你们，
正因如此才准许了此次面圣。",translated,皇帝,46b6742006,br=0 nl=1,2,
inc/event/res/11/me11_01.txt#147#12,ど、どういうことでしょうか？,这、请问这是什么意思呢？,translated,依恩,75a7ecfb82,br=0 nl=0,1,
inc/event/res/11/me11_01.txt#148#12,"もしかしたら、私たちの考えを見抜かれ、
助けていただけるのでは……！","难不成，陛下看穿了我们的用意，
愿意施以援手吗……！",translated,卡诺,2a6a4841ea,br=0 nl=1,2,
inc/event/res/11/me11_01.txt#149#12,本当ですか！？,真的吗！？,translated,依恩,523b7634a9,br=0 nl=0,1,
inc/event/res/11/me11_01.txt#151#12,愚か者ども！,荒唐之徒！,translated,皇帝,7177bc98d5,br=0 nl=0,1,
inc/event/res/11/me11_01.txt#155#12,──ッ！！,――！！,translated,依恩・卡诺,83d4ffe246,br=0 nl=0,1,
inc/event/res/11/me11_01.txt#156#12,"神聖なる皇位継承の儀を
自ら取りやめるなど……
いかなる心得からか！","神圣的皇位继承仪式，
岂容尔等擅自取消……
这是何等荒谬的心态！",translated,皇帝,9fcf848cbf,br=0 nl=2,3,
inc/event/res/11/me11_01.txt#161#12,"いずれこの世界を導くという己の立場……
わきまえおらぬとしか思えません。","尔等身为未来当指引这个世界的立场……
在余看来，尔等根本毫无分寸自知。",translated,皇帝,8fec6bba56,br=0 nl=1,2,
inc/event/res/11/me11_01.txt#162#12,"継承の儀は遊びではありません。
そなたたちがやめたいと思ってやめられる
ようなものではない。","继承仪式绝非儿戏。
容不得尔等想放弃便放弃！",translated,皇帝,00ccda0c38,br=0 nl=2,3,
inc/event/res/11/me11_01.txt#163#12,"そのようなこともわからぬほど、
此度の{皇女}は愚かなのですか！","连此等道理都不明白，
此番的{皇女}竟是如此愚钝之人吗！",translated,皇帝,5b2f1456ec,br=1 nl=1,2,keep-terms {皇女}
inc/event/res/11/me11_01.txt#163#14,正式には「皇帝候補」。<CR>皇帝になる資格を持つ者のことを、この世界では<CR>「皇女」と呼んでいる。<CR><CR>大抵、いつの時代にも皇女は２～３人ほど存在する。<CR>そして、次なる試練の3年間に向けて、教育されているのである。,正式称谓为“皇帝候选人”。<CR>在这个世界里，拥有成为皇帝资格的人<CR>被称为“皇女”。<CR><CR>通常无论在哪个时代，皇女一般会有两到三人。<CR>并且，她们从小便接受着面向未来试炼三年的严苛教育。,translated,皇帝,f47f9981a7,<CR> <CR> <CR> <CR> <CR> br=0 nl=0,1,keep-tags <CR>; src-longest-line=118
inc/event/res/11/me11_01.txt#165#12,あ、遊びだなんて思っていません！,我、我们绝没有当成儿戏！,translated,依恩,309017263a,br=0 nl=0,1,
inc/event/res/11/me11_01.txt#166#12,イオナサル！,依欧娜萨鲁！,translated,卡诺,93b4125d15,br=0 nl=0,1,
inc/event/res/11/me11_01.txt#167#12,"簡単にやめようって言ったんでもないです。
カノンさんと、これからのこの世界のことを
真剣に考えて……決めたんです！","我也并非轻率地决定放弃。
我和卡诺认真思考了这个世界的未来……
才下定决心的！",translated,依恩,643f2ae69a,br=0 nl=2,3,
inc/event/res/11/me11_01.txt#169#12,"……陛下。
イオナサルの申したことは本当です。","……陛下。
依欧娜萨鲁所言句句属实。",translated,卡诺,ebae74b286,br=0 nl=1,2,
inc/event/res/11/me11_01.txt#170#12,"天文地文の争いが深まる一方で、
私たちに皇位継承権のないことは
もはや明らか──さればこそ！","在天文地文争斗愈演愈烈之际，
我等并无继承权一事已然明了――正因如此！",translated,卡诺,99c37711a3,br=0 nl=2,3,
inc/event/res/11/me11_01.txt#171#12,"もはや勢力争いに何の意義もありません。
我々は一丸となって危機に当たらねば……。","继续争权夺利已无任何意义。
我等必须团结一致共克时艰……",translated,卡诺,390a4e045c,br=0 nl=1,2,
inc/event/res/11/me11_01.txt#173#12,"一丸となって、ですか？
そなたたちは気がつかないのですか。","团结一致，是吗？
尔等难道未曾察觉吗？",translated,皇帝,398010f791,br=0 nl=1,2,
inc/event/res/11/me11_01.txt#174#12,えっ……。,诶……,translated,卡诺,0fceb3bc5a,br=0 nl=0,1,
inc/event/res/11/me11_01.txt#175#12,どういうこと、ですか……？,这是……什么意思……？,translated,依恩,bdf63b7bbe,br=0 nl=0,1,
inc/event/res/11/me11_01.txt#176#12,"そなたたちがよかれと思ってしたことが、
民意を二つに裂き、
さらなる争いの火種となっているのですよ？","尔等自以为出于善意的所作所为，
使得民意一分为二，
沦为了挑起进一步争端的导火索啊！",translated,皇帝,7cac58921d,br=0 nl=2,3,
inc/event/res/11/me11_01.txt#177#12,ッ！！,！,translated,依恩・卡诺,9b8622f226,br=0 nl=0,1,
inc/event/res/11/me11_01.txt#178#12,"あえて皇位を手放すことで、
清廉な執政を目指すというあの声明……。","宣称主动放弃皇位，
以此追求清廉的执政……",translated,皇帝,cb146402a2,br=0 nl=1,2,
inc/event/res/11/me11_01.txt#179#12,"多くの民衆がそなたたちの思想に共感を
覚えました。",固然有众多民众对尔等的思想产生了共鸣。,translated,皇帝,48fd78338a,br=0 nl=1,2,
inc/event/res/11/me11_01.txt#180#12,"ですが一方で、伝統を重んじる人々もまた
根強く存在するのです。","但在此同时，恪守传统的臣民
亦根深蒂固地存在着。",translated,皇帝,557af6ba6f,br=0 nl=1,2,
inc/event/res/11/me11_01.txt#186#12,"確かに、天文地文の急激な変化によって、
民衆の心は両陣営から離れつつありました。","诚然，因天文与地文的急剧变动，
民心一度正逐渐脱离两大阵营。",translated,皇帝,4a5eece973,br=0 nl=1,2,
inc/event/res/11/me11_01.txt#187#12,"そなたたちは彼らを導こうというの
でしょうが……むしろ新たな対立へ
投じたに過ぎません！","尔等或许意在引导他们……
然而此举无异于将他们
推向了新的对立之中！",translated,皇帝,a1b059ec39,br=0 nl=2,3,
inc/event/res/11/me11_01.txt#188#12,そんなっ！,怎么会……！,translated,依恩,93a1535d97,br=0 nl=0,1,
inc/event/res/11/me11_01.txt#189#12,陛下……！,陛下……！,translated,卡诺,bc351f3200,br=0 nl=0,1,
inc/event/res/11/me11_01.txt#190#12,"そのようなこともわからず……
しかも皇位にも就かず民をまとめようなど、
どれほど無謀なことか！","连这等事都未能想明白……
况且连皇位都未曾登临便妄图统合万民，
这是何等的鲁莽妄为！",translated,皇帝,664c0f8faa,br=0 nl=2,3,
inc/event/res/11/me11_01.txt#191#12,う、ぅ……。,呜、呜……,translated,依恩,7fa5ef300c,br=0 nl=0,1,
inc/event/res/11/me11_01.txt#192#12,う……。,呜……,translated,卡诺,0575ab0d2a,br=0 nl=0,1,
inc/event/res/11/me11_01.txt#194#12,"皇位継承の儀が３年間の長きにわたるのは、
相応の意味があるのです。","皇位继承仪式之所以长达3年之久，
自有其应有的深意。",translated,皇帝,5e719013d9,br=0 nl=1,2,
inc/event/res/11/me11_01.txt#195#12,"身分を捨てて民の暮らしに根をおろし、
彼らの生きる世界をその身で感じ、
わかちあう。","抛下尊贵身份，扎根于凡尘百姓的生活之中，
以己之身亲历并分担他们生存的世界。",translated,皇帝,f68189b1cf,br=0 nl=2,3,
inc/event/res/11/me11_01.txt#204#12,"１年たらずでは思い至らぬことも、
２年、３年と過ごすうち、
深く身に沁み、気づきに変わります。","未满1年所未曾领悟之事，
历经2年、3年的光阴沉淀，
方能深入骨髓，化为醒悟与明察。",translated,皇帝,65f8e3de92,br=0 nl=2,3,
inc/event/res/11/me11_01.txt#205#12,"やがて皇位を継いだとき、
その経験が良き執政の糧となる。","待有朝一日继承皇位，
那些阅历方能化为善政之养分。",translated,皇帝,fc06acd450,br=0 nl=1,2,
inc/event/res/11/me11_01.txt#206#12,"そうした長い伝統の裏づけがあって、
試練の期間は３年と定まったのです。","正是有了这漫长传统的底蕴佐证，
试炼的期限方才定为3载。",translated,皇帝,885218c3e5,br=0 nl=1,2,
inc/event/res/11/me11_01.txt#207#12,それを継続するか、取りやめるか──,至于继续推行抑或中途作废――,translated,皇帝,b0d83bf898,br=0 nl=0,1,
inc/event/res/11/me11_01.txt#208#12,"決定を下せるのは、この世界で
余をおいてほかにないのです。","放眼整个天下，
除余之外无人拥有资格下此决断。",translated,皇帝,89385f457d,br=0 nl=1,2,
inc/event/res/11/me11_01.txt#211#12,陛下……お赦しください！,陛下……请您恕罪！,translated,卡诺,b00e2f27f6,br=0 nl=0,1,
inc/event/res/11/me11_01.txt#212#12,皇帝陛下！,皇帝陛下！,translated,依恩,3a18162355,br=0 nl=0,1,
inc/event/res/11/me11_01.txt#213#12,"軽挙に過ぎたやもしれません、ですが！","或许确实是我等行事过于草率，
但是！",translated,卡诺,4dff2af23b,br=0 nl=0,1,
inc/event/res/11/me11_01.txt#214#12,"わたしたちだって考えに考え抜いたんです、
どうかそれを聞いて──","我们也是经过深思熟虑的，
还请您听我们说――",translated,依恩,7feadc47d0,br=0 nl=1,2,
inc/event/res/11/me11_01.txt#216#12,"口をつつしみなさい。
皇位継承を否定した者が、皇帝である
余に何を求めようと言うのですか？","住口。
否定了皇位继承之人，
事到如今又有何面目向身为皇帝的余有所希求？",translated,皇帝,9d4498b783,br=0 nl=2,3,
inc/event/res/11/me11_01.txt#217#12,──ッ！,――！,translated,依恩,d8bbe0e7bc,br=0 nl=0,1,
inc/event/res/11/me11_01.txt#218#12,"おわかりなら……
まずは己の愚かさを猛省なさい。","若已明了……
便先为自身的愚钝深刻反省去吧。",translated,皇帝,dd8b495687,br=0 nl=1,2,
inc/event/res/11/me11_01.txt#219#12,……うぅ……。,……呜呜……,translated,依恩,303c09987e,br=0 nl=0,1,
inc/event/res/11/me11_01.txt#220#12,"……そなたたちの想いの大きさは、
千の言葉を尽くしても足りぬはず。","……尔等心念之重，
纵使倾尽千言万语亦难以道尽。",translated,皇帝,6cb39a6689,br=0 nl=1,2,
inc/event/res/11/me11_01.txt#222#12,"なれば。
自身が撒いた火種にどのように対処するか──","既然如此。
对于自己亲手播下的火种究竟该当如何处置――",translated,皇帝,2ec3f810d7,br=0 nl=1,2,
inc/event/res/11/me11_01.txt#223#12,"しっかりと考え、行動と成果によって
余に示すのです。よろしいですね？","便给余好好思量，用实际行动与成果
向余展现出来。可听明白了？",translated,皇帝,13b17a4153,br=0 nl=1,2,
inc/event/res/11/me11_01.txt#224#12,陛、下……。,陛、下……,translated,依恩,1e8ff2f598,br=0 nl=0,1,
inc/event/res/11/me11_01.txt#226#12,かしこまり、ました……。,谨遵、圣谕……,translated,卡诺,0db9bd5812,br=0 nl=0,1,
inc/event/res/11/me11_01.txt#243#12,イオナサルさま。カノイールさま。,依欧娜萨鲁大人。卡诺伊尔大人。,translated,蕾娜露露,7a6d2c06a8,br=0 nl=0,1,
inc/event/res/11/me11_01.txt#244#12,"本日はこちらにお泊りくださるよう、
とのことです。","陛下传话，
请两位今夜在此下榻留宿。",translated,蕾娜露露,373263f297,br=0 nl=1,2,
inc/event/res/11/me11_01.txt#245#12,"私は任務に戻りますので、ここで。
また明日、お迎えに参ります。","我还要回去执行任务，就先告辞了。
明日会再来接两位。",translated,蕾娜露露,09aec0244d,br=0 nl=1,2,
inc/event/res/11/me11_01.txt#259#12,カノン、さん……。,卡诺……,translated,依恩,d2500b4dd8,br=0 nl=0,1,
inc/event/res/11/me11_01.txt#260#12,イオナサル……。,依欧娜萨鲁……,translated,卡诺,ae64d4069b,br=0 nl=0,1,
inc/event/res/11/me11_01.txt#261#12,陛下は、わたしたちのこと……。,陛下他，对我们……,translated,依恩,815445563e,br=0 nl=0,1,
inc/event/res/11/me11_01.txt#262#12,"完全な拒絶ではありませんでした。ただ、
想いを訴えるだけでは理解は得られない……
そう仰ったのだと思います。","并非彻底的否决。只是，
单凭宣泄心愿是无法获得理解的……
我想陛下是要表达这个意思。",translated,卡诺,0470b12729,br=0 nl=2,3,
inc/event/res/11/me11_01.txt#264#12,"予想していなかったわけではありませんが、
やはり現実に否定されると、
ショックは大きいですね……。","虽然并非完全没预料到，
但真正面对现实中的全盘否定，
受到的打击果然还是很大呢……",translated,卡诺,d6665673fa,br=0 nl=2,3,
inc/event/res/11/me11_01.txt#265#12,どうしたらいいんでしょう……。,我们该怎么办才好呢……,translated,依恩,b987e7b9a0,br=0 nl=0,1,
inc/event/res/11/me11_01.txt#266#12,"陛下の仰ったとおりです。
塞いでいる暇はありません、
やるべきことはたくさんあります。","正如陛下所言。
我们没有时间意志消沉，
该做的事还有很多。",translated,卡诺,9109611342,br=0 nl=2,3,
inc/event/res/11/me11_01.txt#267#12,行動と、成果で示せ……。,用行动与成果来证明……,translated,依恩,043559388a,br=0 nl=0,1,
inc/event/res/11/me11_01.txt#268#12,"そのとおりです。あなたと私で分担して、
できることをしていきましょう。","正是如此。由你和我分工协作，
去做我们能做到的事吧。",translated,卡诺,27517c22d8,br=0 nl=1,2,
inc/event/res/11/me11_01.txt#269#12,"もう私たちは皇位継承者でも、
権力者でもありません。
とにかく、人々に協力を願うしかない。","我们已不再是皇位继承人，
也不再是身居高位的掌权者。
总之，唯有恳请大家鼎力相助了。",translated,卡诺,9d75205ce2,br=0 nl=2,3,
inc/event/res/11/me11_01.txt#270#12,"私たちの持てるものは、信頼できる友と……
想いを具現化できる詩、だけです。","我们所拥有的，只有值得信赖的朋友，
以及能够将心愿具象化的诗歌而已。",translated,卡诺,5f343e7a98,br=0 nl=1,2,
inc/event/res/11/me11_01.txt#271#12,──あっ！,――啊！,translated,依恩,c877b3566f,br=0 nl=0,1,
inc/event/res/11/me11_01.txt#272#12,どうなさいました？,怎么了吗？,translated,卡诺,36e5213983,br=0 nl=0,1,
inc/event/res/11/me11_01.txt#273#12,"カノンさん、わたしもう……
謳えなくなって、しまったんです……。","卡诺，我已经……
无法再放声歌唱了……",translated,依恩,0a6b948112,br=0 nl=1,2,
inc/event/res/11/me11_01.txt#274#12,"何ですって？
先日、ソレイルで謳ったばかりでは
ありませんか。","你说什么？
前些日子，你不是才刚刚在太阳号上咏唱过吗。",translated,卡诺,f653ad15b2,br=0 nl=2,3,
inc/event/res/11/me11_01.txt#275#12,"あ、あのときは……夢中になって、
自分でもよくわからないうちに
詩が終わっていたような感じでした。","那、那个时候……我浑然忘我，
连我自己都不太清楚是怎么回事，
诗歌就已经结束了。",translated,依恩,1711784649,br=0 nl=2,3,
inc/event/res/11/me11_01.txt#276#12,たぶん、俯瞰視点で謳っていたんだと思います。,我想，大概是凭借俯瞰视点在咏唱吧。,translated,依恩,241954e8b7,br=0 nl=0,1,
inc/event/res/11/me11_01.txt#277#12,"そうじゃなくて、自分の意思で謳おうとすると、
声がかれて……謳えないんです。","并非如此，只要我想凭自己的意志去咏唱，
声音就会嘶哑……唱不出歌来。",translated,依恩,0e5ce121d8,br=0 nl=1,2,
inc/event/res/11/me11_01.txt#278#12,"そう……。
それは、仕方がありません。
イオナサル、私も同じです。","这样啊……
那也是无可奈何之事。
依欧娜萨鲁，其实我也一样。",translated,卡诺,710c03f7a5,br=0 nl=2,3,
inc/event/res/11/me11_01.txt#279#12,えっ！？,诶！？,translated,依恩,d0266993ff,br=0 nl=0,1,
inc/event/res/11/me11_01.txt#280#12,"皇帝の声帯を授かるときのため、皇位を争う者の
声は徐々にかれてゆくようになっているのです。","为了在被赋予皇帝声带之时做好准备，角逐
皇位之人的声音本就会逐步变得嘶哑衰微。",translated,卡诺,26f64513e5,br=0 nl=1,2,
inc/event/res/11/me11_01.txt#281#12,"じゃあカノンさんも、もうすぐわたしと
同じに！？","那卡诺也很快就会变得和我
一样了吗！？",translated,依恩,8b02fdfe3e,br=0 nl=1,2,
inc/event/res/11/me11_01.txt#282#12,"間違いなく。
歴代の皇帝候補はみなそうでした。
３年目にはほぼ声がかれて──","毫无疑问。
历代的皇帝候选人全都不例外。
到了第3年，声音几乎都会嘶哑――",translated,卡诺,4254343d4c,br=0 nl=2,3,
inc/event/res/11/me11_01.txt#283#12,何も謳えなくなってしまうのが普通だそうです。,据说完全无法咏唱才是常态。,translated,卡诺,316732ab29,br=0 nl=0,1,
inc/event/res/11/me11_01.txt#284#12,"そんな、それじゃ何もできなくなっちゃうじゃ
ないですか！","怎么会，那样一来不就什么都
做不了了吗！",translated,依恩,7ee2ad5175,br=0 nl=1,2,
inc/event/res/11/me11_01.txt#285#12,"ええ。詩の力のかわりに民衆の支持を集め、
逆境を生き延びてこそ、
皇帝の器と認められるわけです。","是啊。不凭诗之力量而是赢得民众的支持，
在逆境中生存下来，
方才会被认可具备皇帝之器量。",translated,卡诺,fd22c48083,br=0 nl=2,3,
inc/event/res/11/me11_01.txt#286#12,そんな大変なことだったんだ……。,原来是这么艰难的事啊……,translated,依恩,2698fca8e4,br=0 nl=0,1,
inc/event/res/11/me11_01.txt#287#12,"そういう意味でも、時間はありません。
いまなら謳える詩でも、１ヶ月後には謳えなく
なってしまう。","从这个意义上来说，我们也已经没有时间了。
即便如今尚能咏唱的诗歌，1个月后
或许就会变得无法再唱。",translated,卡诺,c029a33e82,br=0 nl=2,3,
inc/event/res/11/me11_01.txt#288#12,"もはや一刻の猶予も残されてはいないのです。","我们已经没有
片刻犹豫的余地了。",translated,卡诺,212c4adf73,br=0 nl=0,1,
inc/event/res/11/me11_01.txt#289#12,う、ぅ……。,呜、呜……,translated,依恩,7fa5ef300c,br=0 nl=0,1,
inc/event/res/11/me11_01.txt#301#12,"……それでは無理でしょう。
多くの人はまず第一に家族のことを考えます。","……那样的话恐怕行不通吧。
大多数人首先考虑的都会是家人。",translated,卡诺,f44d305bbb,br=0 nl=1,2,
inc/event/res/11/me11_01.txt#302#12,"自分のことを犠牲にはできても、
大切な人を巻き込むかもしれないときこそ、
ためらうものです。","即便能够牺牲自己，
但当有可能波及至亲之人时，
任谁都会产生迟疑的。",translated,卡诺,7ea4a8f803,br=0 nl=2,3,
inc/event/res/11/me11_01.txt#303#12,"そう……ですよね。
そう思います。","是……这样呢。
我也这么认为。",translated,依恩,95f9bc83fb,br=0 nl=1,2,
inc/event/res/11/me11_01.txt#304#12,"誰も犠牲にならない社会……
誰もが他人のことを自分のことのように
思える世界……本当に難しい。","一个没有任何人牺牲的社会……
每个人都能将他人的事视同己出的世界……
确实太难了。",translated,卡诺,c53eceddcd,br=0 nl=2,3,
inc/event/res/11/me11_01.txt#305#12,"みんなの気持ちが一つにならないと、{バースト}を
減らしたり、争いをなくしたりできません。","如果大家的心意无法合而为一，就无法
减少{爆炸}，亦无法消除纷争。",translated,依恩,22e83f7161,br=1 nl=1,2,keep-terms {バースト}
inc/event/res/11/me11_01.txt#305#14,この世界の太陽ベゼルから降り注ぐ、生命に有害な波動のこと。<CR><CR>通常状態の太陽であっても、降り注いでいる電磁波や放射線、太陽風のことであるが、ベゼルは既に寿命を迎えた巨星である為、特にこれらのエネルギーが高い。<CR><CR>その為人々は、シェルと呼ばれる天蓋によって護られた僅かな土地に、密集し住んでいる。,指从这个世界的太阳贝捷尔倾泻而下的、对生命体有害的波动。<CR><CR>即便是在太阳处于通常状态下，也是指其倾泻而下的电磁波、辐射以及太阳风，但由于贝捷尔已是濒临寿命终点的巨星，因此这些能量格外强烈。<CR><CR>正因如此，人们唯有聚集在受到名为穹顶（榭鲁）的天盖所庇护的微小土地上密集生活。,translated,依恩,1b9c4f1619,<CR> <CR> <CR> <CR> br=0 nl=0,1,keep-tags <CR>; src-longest-line=159
inc/event/res/11/me11_01.txt#306#12,"そのためには、みんなが心からそうなりたいって
思える世界を感じてもらわなきゃ……。","为此，必须让大家能够切实感受到
一个让大家发自内心向往的世界才行……",translated,依恩,e7e9a61e03,br=0 nl=1,2,
inc/event/res/11/me11_01.txt#307#12,"そうですね。根本的な解決に至るには、
より多くの想いの力が必要です……。","是啊。要达成根本性的解决，
需要更多心愿的力量……",translated,卡诺,426fe502bd,br=0 nl=1,2,
inc/event/res/11/me11_01.txt#308#12,……ふぅ……。,……呼……,translated,依恩,a290fb40ac,br=0 nl=0,1,
inc/event/res/11/me11_01.txt#309#12,"疲れましたか？
話し合う間に、夜もふけてきましたからね。","累了吗？
在我们商讨的过程中，夜色也已经很深了呢。",translated,卡诺,9f3d33b261,br=0 nl=1,2,
inc/event/res/11/me11_01.txt#310#12,い、いえ、大丈夫です！,不、不用担心，我没事的！,translated,依恩,9b69b89b81,br=0 nl=0,1,
inc/event/res/11/me11_01.txt#311#12,"これからやらなきゃいけないことを
考えたら、何でもない……で、す……。","一想到接下来必须要做的事，
这点累根本算不了……什、么……",translated,依恩,36db1bd8d8,br=0 nl=1,2,
inc/event/res/11/me11_01.txt#317#12,イオナサル！,依欧娜萨鲁！,translated,卡诺,93b4125d15,br=0 nl=0,1,
inc/event/res/11/me11_01.txt#321#12,"はっ！
すみませんカノンさん！","哇！
对不起卡诺！",translated,依恩,3e8d9452c0,br=0 nl=1,2,
inc/event/res/11/me11_01.txt#322#12,"まったく……あなたのそういうところは
ちっとも、変わらな、い……。","真是的……你这个人在这方面
真是一点都、没、变……",translated,卡诺,65819ced5f,br=0 nl=1,2,
inc/event/res/11/me11_01.txt#328#12,"カノン、さん……。
もうしょうがない、な……。","卡诺……
真拿你没办、法呢……",translated,依恩,e68a39283d,br=0 nl=1,2,
inc/event/res/11/me11_01.txt#344#12,すぅ……すぅ……。,呼……呼……,translated,卡诺,0ba478d20e,br=0 nl=0,1,
inc/event/res/11/me11_01.txt#345#12,Zzz……むにゃ……。,Zzz……唔嗯……,translated,依恩,6a3de2ef40,br=0 nl=0,1,
inc/event/res/11/me11_01.txt#346#12,……短剣と鈴を、これへ。,……将短剑与铃铛呈上来。,translated,皇帝,d9316ce795,br=0 nl=0,1,
inc/event/res/11/me11_01.txt#347#12,はっ。,是。,translated,神官,de0b9e5617,br=0 nl=0,1,
inc/event/res/11/me11_01.txt#351#12,"いにしえより皇室に伝わるこれら神器を、
あなた方に授けます。","将自古流传于皇室的这几件神器，
赐予你们。",translated,皇帝,f1774191b6,br=0 nl=1,2,
inc/event/res/11/me11_01.txt#352#12,"低い想いの波動から人々を解き放ち、
ひとつにまとめ上げられるのは、
皇帝となる器を持つ者のみ。ですが──","能够将人们从低俗心念的波动中解脱出来，
并将万民统合为一的，
唯有具备称帝器量之人。然而――",translated,皇帝,88ea5853ef,br=0 nl=2,3,
inc/event/res/11/me11_01.txt#353#12,"民を救うためなら皇位にもこだわらない……
皇帝候補にあるまじきその矛盾こそ、
あなた方の若さと力の証なのかもしれない。","为了拯救万民甚至不贪恋皇位……
这绝非皇帝候选人该有的矛盾行径，
或许正是你们的年轻与力量之证明吧。",translated,皇帝,6d7d5555bb,br=0 nl=2,3,
inc/event/res/11/me11_01.txt#354#12,"世界の行く末は、あなた方にかかっています。
頼みましたよ……。","世界的未来，就维系在你们身上了。
拜托你们了……",translated,皇帝,c2fb26a52a,br=0 nl=1,2,
inc/event/res/11/me11_01.txt#364#12,イ、イオナサル！,依、依欧娜萨鲁！,translated,卡诺,dbe7c4a51b,br=0 nl=0,1,
inc/event/res/11/me11_01.txt#370#12,"ふぁ……あ？
どうしたんですかカノンさん……。","哈啊……啊？
怎么了吗，卡诺……",translated,依恩,aa143490b1,br=0 nl=1,2,
inc/event/res/11/me11_01.txt#371#12,これを……！,看这个……！,translated,卡诺,9dc2a021bb,br=0 nl=0,1,
inc/event/res/11/me11_01.txt#376#12,"剣と……鈴？
これは？","剑和……铃铛？
这是什么？",translated,依恩,c31d5529c7,br=0 nl=1,2,
inc/event/res/11/me11_01.txt#377#12,"この短剣には、悪しき想いの波動を払う力が。
そして鈴には、善き魂を守る力が
宿っていると言われています。","据说这把短剑蕴宿着祛除邪恶念力波动的力量，
而铃铛则寄宿着守护善良灵魂的
力量。",translated,卡诺,965c334da2,br=0 nl=2,3,
inc/event/res/11/me11_01.txt#379#12,"これは陛下と、陛下が信頼に足ると判断した者
だけが持つことを許される、聖なる神器です。","这是唯有陛下以及被陛下判定为足以信赖之人，
方被准许持有的神圣神器。",translated,卡诺,0a2bc638ba,br=0 nl=1,2,
inc/event/res/11/me11_01.txt#380#12,"えっ！？
どうしてそれが、わたしたちのところに！？","诶！？
为什么会在我们这里！？",translated,依恩,e4b29f060f,br=0 nl=1,2,
inc/event/res/11/me11_01.txt#381#12,陛下からの、激励なのかもしれません。,或许是来自陛下的激励吧。,translated,卡诺,0547b9195d,br=0 nl=0,1,
inc/event/res/11/me11_01.txt#382#12,激励？,激励？,translated,依恩,43ce475e77,br=0 nl=0,1,
inc/event/res/11/me11_01.txt#383#12,"昨日あれほど叱咤されたのも、
私たちに期待をかけて下さっているから……。","昨日那般痛斥我们，
也是因为对我们寄予了厚望……",translated,卡诺,cdae243796,br=0 nl=1,2,
inc/event/res/11/me11_01.txt#384#12,"カノンさん、よかったですね！
よかった……本当はわかっていてくれてたんだ！","太好了呢卡诺！
太好了……原来陛下心里其实都明白呀！",translated,依恩,272309b71b,br=0 nl=1,2,
inc/event/res/11/me11_01.txt#386#12,"イオナサル、これを陛下の思し召しとして、
ひとつずつ持つことにしませんか？","依欧娜萨鲁，我们将此作为陛下的赐福，
每人各持一件如何？",translated,卡诺,cb375bf255,br=0 nl=1,2,
inc/event/res/11/me11_01.txt#387#12,いい考えですね、そうしましょう！,真是个好主意，就这么办吧！,translated,依恩,15292742eb,br=0 nl=0,1,
inc/event/res/11/me11_01.txt#388#12,ではあなたは──,那么你要――,translated,卡诺,55ce54272b,br=0 nl=0,1,
inc/event/res/11/me11_01.txt#392#12,短剣。,短剑。,translated,依恩・卡诺,7d9245ce7d,br=0 nl=0,1,
inc/event/res/11/me11_01.txt#393#12,"えっ？
どうしてそう思うのですか？","诶？
你为何会这么想呢？",translated,卡诺,104b9c59ea,br=0 nl=1,2,
inc/event/res/11/me11_01.txt#394#12,"えと、何となく……。
カノンさんこそ。","那个，总觉得莫名有这种感觉……
卡诺才为什么呢。",translated,依恩,e96042b53e,br=0 nl=1,2,
inc/event/res/11/me11_01.txt#395#12,"ええ、何となく……ふふ、おかしいですね。
２人ともそう思うなんて。","嗯，也是莫名有这种直觉……呵呵，真奇怪呢。
我们两人竟然都这么想。",translated,卡诺,3bb3d715b7,br=0 nl=1,2,
inc/event/res/11/me11_01.txt#396#12,では私は、鈴を？,那么我来拿铃铛？,translated,卡诺,4fefaf29a4,br=0 nl=0,1,
inc/event/res/11/me11_01.txt#397#12,はい、それがいいと思います♪,嗯，我觉得那样很好♪,translated,依恩,288c2d9c1e,br=0 nl=0,1,
inc/event/res/11/me11_01.txt#398#12,この期待に、何としても応えねばなりませんね。,无论如何，我们都必须回应这份期待呢。,translated,卡诺,52c9e68054,br=0 nl=0,1,
inc/event/res/11/me11_01.txt#399#12,はい、がんばりましょう！,嗯，一起努力吧！,translated,依恩,69df2f26f9,br=0 nl=0,1,
inc/event/res/11/me11_01.txt#406#12,──ッ！,――！,translated,卡诺,d8bbe0e7bc,br=0 nl=0,1,
inc/event/res/11/me11_01.txt#407#12,"えッ！？
か、カノンさん！？","诶！？
卡、卡诺！？",translated,依恩,bdc678dd73,br=0 nl=1,2,
inc/event/res/11/me11_01.txt#408#12,大丈夫……静かに……。,没事的……安静……,translated,卡诺,cbdf70ac08,br=0 nl=0,1,
inc/event/res/11/me11_01.txt#409#12,はむ……。,唔……,translated,依恩,6b65f1c37d,br=0 nl=0,1,
inc/event/res/11/me11_01.txt#411#12,……コーザルが呼んでいます。,……考扎尔在呼唤我。,translated,卡诺,0a1a80aece,br=0 nl=0,1,
inc/event/res/11/me11_01.txt#412#12,コーザルさん！？,考扎尔！？,translated,依恩,3a01b014c2,br=0 nl=0,1,
inc/event/res/11/me11_01.txt#413#12,"すみません、ジェノメトリクスで
話を聞いて参ります。","抱歉，我去杰诺梅特利库斯
听听情况。",translated,卡诺,cf495a43fe,br=0 nl=1,2,
inc/event/res/11/me11_01.txt#414#12,は、はいっ。,好、好的。,translated,依恩,2184993ae4,br=0 nl=0,1,
inc/event/res/11/me11_01.txt#428#12,……はっ。,……呼。,translated,卡诺,d856a3859d,br=0 nl=0,1,
inc/event/res/11/me11_01.txt#429#12,コーザル。,考扎尔。,translated,卡诺,7cf9132aef,br=0 nl=0,1,
inc/event/res/11/me11_01.txt#430#12,"カノイール、大変なことが起きています。
このままでは世界が……終わります。","卡诺伊尔，出大事了。
再这样下去，世界就要……终结了。",translated,考扎尔,2f29b22134,br=0 nl=1,2,
inc/event/res/11/me11_01.txt#431#12,"どうしたというのですか。
あなたがそこまで取り乱すなんて。","究竟发生什么事了？
你竟然会如此惊慌失措。",translated,卡诺,4a21d43180,br=0 nl=1,2,
inc/event/res/11/me11_01.txt#432#12,"我々ジェノムはラシェーラを守るため、
すぐにも向かわねばなりません。","为了守护拉榭拉，
我们杰诺姆必须立刻赶赴现场。",translated,考扎尔,c0b6203032,br=0 nl=1,2,
inc/event/res/11/me11_01.txt#433#12,"本来なら、どのようなことが起ころうと
私自ら出向くようなことはありません。","按理说，无论发生任何变故，
我都绝不可能亲自前往。",translated,考扎尔,10ad00b760,br=0 nl=1,2,
inc/event/res/11/me11_01.txt#434#12,ですが、今回ばかりは別。,但唯独这一次是个例外。,translated,考扎尔,edd475648f,br=0 nl=0,1,
inc/event/res/11/me11_01.txt#435#12,"私は身体を持たぬ存在であるため、
この危機に直接対処することができません。","由于我并非拥有实体的存在，
无法直接应对这场危机。",translated,考扎尔,637156f374,br=0 nl=1,2,
inc/event/res/11/me11_01.txt#436#12,"それならば、私をお使いください！
私のこの身体を！","既然如此，请使用我吧！
使用我的这具身躯！",translated,卡诺,f4d39d0251,br=0 nl=1,2,
inc/event/res/11/me11_01.txt#437#12,"あなたならそのように言ってくれると思いました。
ありがとう。","我就知道你一定会这么说。
谢谢你。",translated,考扎尔,2d960cd3b1,br=0 nl=1,2,
inc/event/res/11/me11_01.txt#438#12,"けれど、ご存知のとおり……
あなたの身体は、私の力を受け止めるだけの
キャパシティを持ちません。","然而正如你所知……
你的肉体并没有足以承受我全部力量的
容量。",translated,考扎尔,e74f8c382b,br=0 nl=2,3,
inc/event/res/11/me11_01.txt#440#12,"場合によっては、世界のために……
あなたの身体は朽ち果てることにも
なりかねません。","弄不好的话，为了这个世界……
你的肉体甚至有可能落得灰飞烟灭的
下场。",translated,考扎尔,fe76e83f2f,br=0 nl=2,3,
inc/event/res/11/me11_01.txt#441#12,それでもかまいませんか？,即便如此你也不在乎吗？,translated,考扎尔,44271f644d,br=0 nl=0,1,
inc/event/res/11/me11_01.txt#442#12,"コーザル、もちろんです。
私はまさにそのために生まれ、
ここにいるのですから。","考扎尔，那是当然。
我正是为了那一刻而诞生的，
所以才会站在这里。",translated,卡诺,02b7076f68,br=0 nl=2,3,
inc/event/res/11/me11_01.txt#443#12,"……カノイール。ありがとう。
あなたの覚悟、揺るぎなき想い、
しかと私に届きましたよ。","……卡诺伊尔。谢谢你。
你的觉悟与毫不动摇的心愿，
我已经切实收到了。",translated,考扎尔,358e84f711,br=0 nl=2,3,
inc/event/res/11/me11_01.txt#454#12,……はっ！,……哈！,translated,卡诺,b002cacea3,br=0 nl=0,1,
inc/event/res/11/me11_01.txt#455#12,カノンさんっ。,卡诺。,translated,依恩,dcdc37f7aa,br=0 nl=0,1,
inc/event/res/11/me11_01.txt#458#12,"イオナサル。
どうやら、{旧ジェノミライ研究所}で
何かが起きようとしています。","依欧娜萨鲁。
看来在{旧杰诺米莱伊研究所}，
正有什么大事要发生。",translated,卡诺,8a1ddfe313,br=1 nl=2,3,keep-terms {旧ジェノミライ研究所}
inc/event/res/11/me11_01.txt#458#14,地文がある縦貫坑道の最奥に存在するとされる場所であり、情報集約都市アルメティカで別れたカノンが向かったと思われる場所。<CR>ラシェーラにおける過去の秘密が存在する場所であり、かつて天文と地文の関係が良好であった頃、共同で研究が行われていた場所でもある。しかし、極秘裏に行われていた研究であるため、その研究内容と主要メンバーどころか、ジェノミライという存在そのもの自体が、一般には知られていない。,相传位于地文所在的纵贯坑道最深处，被认为是与卡诺在信息集约都市阿尔梅堤嘉分别后所前往的场所。<CR>是埋藏着拉榭拉过去的秘密之地，亦是在昔日天文与地文关系良好之时开展联合研究的场所。然而，由于该项研究是在绝密状态下进行的，不仅其研究内容与核心成员不为人知，甚至连杰诺米莱伊这个存在本身都鲜为大众所知。,translated,卡诺,f4198c98e8,<CR> br=0 nl=0,1,keep-tags <CR>; src-longest-line=198
inc/event/res/11/me11_01.txt#459#12,コーザルさんが、そう？,是考扎尔说的吗？,translated,依恩,9c4b8feac6,br=0 nl=0,1,
inc/event/res/11/me11_01.txt#460#12,"はい。私はコーザルとともに、
研究所へ行かねばなりません。","是的。我必须和考扎尔一起
前往研究所。",translated,卡诺,3d7904d9c8,br=0 nl=1,2,
inc/event/res/11/me11_01.txt#461#12,な、ならわたしも一緒に！,那、那我也一起去！,translated,依恩,45fba4b650,br=0 nl=0,1,
inc/event/res/11/me11_01.txt#462#12,"いけません。
あのコーザルの取り乱しぶり、
尋常な危機ではないのですよ？","不行。
看考扎尔那副慌乱的神态，
绝对不是寻常的危机啊！",translated,卡诺,5f0e79438f,br=0 nl=2,3,
inc/event/res/11/me11_01.txt#463#12,"ジェノミライには、サーリちゃんも
キャスちゃんも、クラケットさんもいるんです！","在杰诺米莱伊，莎丽、
凯斯还有库拉肯特先生都在那里啊！",translated,依恩,b1a9256004,br=0 nl=1,2,
inc/event/res/11/me11_01.txt#464#12,"わかっていて何もしないなんて、
あり得ません！","明明知情却什么都不做，
这种事绝不可能！",translated,依恩,e375252daf,br=0 nl=1,2,
inc/event/res/11/me11_01.txt#465#12,"……やれやれ。
あなたのそう頑ななときは、
何を言っても無駄ですものね。","……真拿你没办法。
只要你一旦固执起来，
说什么都是徒劳的呢。",translated,卡诺,45d7073201,br=0 nl=2,3,
inc/event/res/11/me11_01.txt#466#12,わかりました、力をお借りします。,我明白了，那就借用你的力量吧。,translated,卡诺,5bf4df0771,br=0 nl=0,1,
inc/event/res/11/me11_01.txt#467#12,はいっ！,嗯！,translated,依恩,d0fd4c6021,br=0 nl=0,1,
inc/event/res/11/me11_01.txt#468#12,"でも、いまからジェノミライへ……
どうやって？
レナルルさんを呼び出している時間は……。","可是，现在要去杰诺米莱伊……
该怎么去呢？
特地把蕾娜露露叫来的时间已经……",translated,依恩,b933c05fc7,br=0 nl=2,3,
inc/event/res/11/me11_01.txt#469#12,"問題ありません。
地文までなら、移動手段をチャーターできます。
とにかく早く。","没问题的。
只要是前往地文，可以包租交通工具。
总之抓紧时间。",translated,卡诺,af7023fc4d,br=0 nl=2,3,
inc/event/res/11/me11_01.txt#470#12,わ、わかりました！,我、我知道了！,translated,依恩,d86cf25e2d,br=0 nl=0,1,
inc/event/res/11/me11_02.txt#14#14,エージェント,特工,translated,,b8d9e324ec,br=0 nl=0,1,
inc/event/res/11/me11_02.txt#14#15,エージェントＡ,特工Ａ,translated,,35fcc3d144,br=0 nl=0,1,
inc/event/res/11/me11_02.txt#21#12,……くそっ！,……可恶！,translated,利维尔特,0f624182d9,br=0 nl=0,1,
inc/event/res/11/me11_02.txt#22#12,"こんな世界は狂っている！
狂ってやがるんだ！","这个世界简直疯了！
彻底疯透了！",translated,利维尔特,8f8e619fd8,br=0 nl=1,2,
inc/event/res/11/me11_02.txt#23#12,"何としてもここから逃げる！
ラシェーラが崩壊するからと言って、
なぜこの私まで巻き込まれねばならん！？","无论如何我也要逃离这里！
凭什么拉榭拉崩溃毁灭，
连我也非得被卷入其中不可！？",translated,利维尔特,c33676067a,br=0 nl=2,3,
inc/event/res/11/me11_02.txt#29#12,リーヴェルト総帥。,利维尔特总帅。,translated,特工,9d50cf84d1,br=0 nl=0,1,
inc/event/res/11/me11_02.txt#30#12,どうした。,怎么了。,translated,利维尔特,4af772912e,br=0 nl=0,1,
inc/event/res/11/me11_02.txt#31#12,"あなたの言葉を信じ、ついて来ている者たちが、
ここへきて不満をあらわし始めています。","那些听信了您的许诺跟随至今的人们，
事到如今已经开始表露出不满了。",translated,特工,61cf0fb95d,br=0 nl=1,2,
inc/event/res/11/me11_02.txt#32#12,何だと！？,你说什么！？,translated,利维尔特,0045f73dd6,br=0 nl=0,1,
inc/event/res/11/me11_02.txt#33#12,"この邸宅を提供している官僚も……
もちろん私も、そのひとり。","提供这栋官邸的官僚也是……
当然也包括我。",translated,特工,0785a2041f,br=0 nl=1,2,
inc/event/res/11/me11_02.txt#34#12,"……本当に滅亡から救っていただけるん
でしょうね？","……您真的能将我们
从毁灭中拯救出来吧？",translated,特工,4cdfae5652,br=0 nl=1,2,
inc/event/res/11/me11_02.txt#42#12,いまさら何を言う、当然ではないか！,事到如今还在胡扯什么，这不是理所当然的吗！,translated,利维尔特,04a1a3229c,br=0 nl=0,1,
inc/event/res/11/me11_02.txt#43#12,"これまで天文の運営に力を注いでくれた
幹部、官僚、資金を拠出した資産家。","至今为止为了天文的运作倾尽心力的
干部、官僚，以及出资赞助的资产家。",translated,利维尔特,fc44d24207,br=0 nl=1,2,
inc/event/res/11/me11_02.txt#44#12,"さらに、こうして私の身を守ってくれる、
君のような優秀な職員たち。","不仅如此，还有像你这样
守护我人身安全的优秀职员们。",translated,利维尔特,d578becc98,br=0 nl=1,2,
inc/event/res/11/me11_02.txt#46#12,"まさにそういう人々こそが、
新天地に向かうにふさわしい。","唯独只有这些人，
才配得上奔赴新天地。",translated,利维尔特,9cb5f89c32,br=0 nl=1,2,
inc/event/res/11/me11_02.txt#47#12,"一級の科学者であり指導者である私は、
いまも新天地に向かう準備を怠っておらぬ。","作为顶尖的科学家兼领导者，我
至今也未曾怠慢过前往新天地的筹备。",translated,利维尔特,07a16c9e13,br=0 nl=1,2,
inc/event/res/11/me11_02.txt#48#12,"そう、現に私はこうして生きている！
それこそが、おとろえぬ私への信奉の
証ではないか！","没错，我现在不就活生生站在这里吗！
这不正是对我未曾褪色的崇拜与忠诚的
铁证吗！",translated,利维尔特,140f87975e,br=0 nl=2,3,
inc/event/res/11/me11_02.txt#49#12,"それが揺らぎつつあると
申し上げているのです。","我是在向您汇报，
这份信任如今正在发生动摇。",translated,特工,f00bdb0f4f,br=0 nl=1,2,
inc/event/res/11/me11_02.txt#50#12,……ッ！,……！,translated,利维尔特,b396cc5608,br=0 nl=0,1,
inc/event/res/11/me11_02.txt#51#12,"総帥が身を隠さざるを得ない現状を、
失態ととらえる向きは多い。","总帅沦落到不得不东躲西藏的现状，
不少人都将其视为了失策败笔。",translated,特工,17addd266e,br=0 nl=1,2,
inc/event/res/11/me11_02.txt#59#12,"そして、皇位継承を取りやめた
イオナサル・カノイール両皇女は、
着実に支持を集めつつあります。","而且，宣布放弃皇位继承的
依欧娜萨鲁与卡诺伊尔两位皇女，
正在稳步赢得民众的支持。",translated,特工,5555c7b5e9,br=0 nl=2,3,
inc/event/res/11/me11_02.txt#61#12,"あなたについて来た者たちはいま、
相当神経をとがらせています。
あなたを信じるか……見切るか。","追随您而来的那些人如今
可以说是相当敏感焦躁。
是该继续相信您……还是就此放弃。",translated,特工,828dd5dc44,br=0 nl=2,3,
inc/event/res/11/me11_02.txt#62#12,"ハッ！
無礼にもほどがある！","哈！
放肆也该有个限度！",translated,利维尔特,20bdb32303,br=0 nl=1,2,
inc/event/res/11/me11_02.txt#72#12,"私は負けてなどおらぬ。
責任ある立場に縛られていたこれまでとは違う。","我根本未曾落败。
现在的我和以往受制于责任职位的状态不同了。",translated,利维尔特,839dec9b00,br=0 nl=1,2,
inc/event/res/11/me11_02.txt#73#12,"この混乱期にあって、前よりも大胆に
惑星移住計画を進めることができる。","身处这场动荡之中，反而能比以往
更大胆地推进行星移民计划。",translated,利维尔特,d1ad8dfc6f,br=0 nl=1,2,
inc/event/res/11/me11_02.txt#74#12,"計画が成就したあかつきに、
誰を優先的に移住させるかは……
さきほど言ったとおりだ。","待到计划大功告成之时，
让谁优先移民……
正如我方才所说的那样。",translated,利维尔特,8a84c1e360,br=0 nl=2,3,
inc/event/res/11/me11_02.txt#76#12,"私に見切りをつけるなどと威勢のよいことを
言っても、私がいなければ計画そのものが
成立せん。","嘴上虽然逞强说什么要对我弃之不顾，
但要是没有了我，计划本身就根本无法成立。",translated,利维尔特,35731393b0,br=0 nl=2,3,
inc/event/res/11/me11_02.txt#77#12,"生き残れるかもしれん手段をひとつ、
失うことに等しい。
彼らにその度胸があるのかな？","那等同于亲手抹杀了一条
或许能让自己活下去的生路。
他们真有这份胆量吗？",translated,利维尔特,53d2ebe464,br=0 nl=2,3,
inc/event/res/11/me11_02.txt#78#12,では……信じてよろしいんですね？,那么……我们真的可以相信您吧？,translated,特工,bb7e0d7c25,br=0 nl=0,1,
inc/event/res/11/me11_02.txt#79#12,当然だと言っている！,我说了那是理所当然的！,translated,利维尔特,6eb5bf378e,br=0 nl=0,1,
inc/event/res/11/me11_02.txt#80#12,"天文情報部副主任は、私の子飼いの男だ。
私の行動を{PLASMA}の追跡からカモフラージュ
しておる。","天文情报部的副主任是我一手栽培的心腹。
他正在替我伪装行踪，
以避开{PLASMA}的追踪。",translated,利维尔特,18fb99449c,br=1 nl=2,3,keep-terms {PLASMA}; src-longest-line=25
inc/event/res/11/me11_02.txt#80#14,地球におけるＦＢＩ、ＣＩＡ双方の役割を持つ存在が、ＰＬＡＳＭＡ機密情報局、通称『ＰＬＡＳＭＡ』。<CR>天文機密の最高峰を警護する為の組織であり、天文において貴重な研究者すらも監視対象とするトップクラスの捜査局でもある。<CR>その権力は天文だけに及ばず、過去に地文の研究者が起こしたと言われているシェルノトロン・パニックにおいてもＰＬＡＳＭＡが捜査し地文の研究室に乗り込んだ。性質上、知能や体力ともに優れた人材が所属しており、また、この中から天文皇女の守役と呼ばれる皇女の世話係が選抜され、イオンが宮城にいた頃にも一人の女性が守役として彼女の身の回りの世話をしていた。,在地球上兼具FBI与CIA双重职能的存在，便是PLASMA机密情报局，通称“PLASMA”。<CR>这是为了保卫天文最高机密而设立的组织，同时也是连天文宝贵的研究人员都列为监视对象的顶级搜查局。<CR>其权力不仅限于天文，在过去据传由地文研究人员引发的榭鲁诺特伦恐慌中，也是PLASMA进行搜查并强行闯入了地文的研究室。因其性质，所属人员在智力与体力方面皆极为拔尖。此外，天文皇女的看护人也是从中选拔，在依恩身处皇宫时，便曾有一名女性作为看护人照料其起居。,translated,利维尔特,4c86a0dc2e,<CR> <CR> br=0 nl=0,1,keep-tags <CR>; src-longest-line=285
inc/event/res/11/me11_02.txt#81#12,"あそこはレナルルも容易には手出しの
できん部署。しばらくは私の身は安泰だ。","那个部门即便连蕾娜露露也难以插手介入。
短时间内我的安全绝无后顾之忧。",translated,利维尔特,902a2ad91e,br=0 nl=1,2,
inc/event/res/11/me11_02.txt#82#12,"その間に、旧ジェノミライ研究所に配属されて
おる官僚たちが舞台を整えてくれるだろう。","在此期间，调配至旧杰诺米莱伊研究所的
官僚们想必会替我们搭建好舞台。",translated,利维尔特,dc314b31b7,br=0 nl=1,2,
inc/event/res/11/me11_02.txt#83#12,"そうなったとき、いよいよ我々の、
ラシェーラ最後の一大プロジェクトが始まる！","届时，终于将要拉开属于我们的、
拉榭拉最后一场重大工程的帷幕！",translated,利维尔特,3d2d3a71cf,br=0 nl=1,2,
inc/event/res/11/me11_02.txt#84#12,"この世界の根幹を動かす優性遺伝子数百人こそ、
生き残るにふさわしい。","只有支配这个世界命脉的数百名显性基因者，
才配得以生还幸存。",translated,利维尔特,722d14c8c6,br=0 nl=1,2,
inc/event/res/11/me11_02.txt#85#12,"忌々しいジェノムや地文の懐古主義者どもに
邪魔されることなく、世界を真に統べる神として
新天地へと赴く──","不再受令人厌恶的杰诺姆与地文复古主义者妨碍，
作为真正统御世间的神明
奔赴新天地――",translated,利维尔特,41fab778a5,br=0 nl=2,3,
inc/event/res/11/me11_02.txt#86#12,その道がようやく拓かれようとしているのだ！,那条宏伟之道如今终于要开启了！,translated,利维尔特,c0a93788df,br=0 nl=0,1,
inc/event/res/11/me11_02.txt#88#12,"……私を裏切ろうとする者に伝えろ。
どうぞ、自由にしてかまわないと。","……去转告那些妄图背叛我的人。
悉听尊便，随他们怎么做都行。",translated,利维尔特,086c1cbabb,br=0 nl=1,2,
inc/event/res/11/me11_02.txt#89#12,"ただし彼らは……自分の身の安全も、
未来も、自身の手で護ることになる。","不过代价就是……他们必须自行用双手
去捍卫自己的性命与未来。",translated,利维尔特,9a249b147f,br=0 nl=1,2,
inc/event/res/11/me11_02.txt#90#12,"そして、計画に害をなすと私が判断した
ならば……どのような処遇が下されるかは、
君たちもよく知っているはずだ、とね。","而且，一旦被我判定为会对计划构成危害……
等待着他们的将会是怎样的惩处，
你们心中应该再清楚不过了吧。",translated,利维尔特,a0de158c14,br=0 nl=2,3,
inc/event/res/11/me11_02.txt#91#12,……そのようにお伝えします。,……我会如实转告的。,translated,特工,18984a294a,br=0 nl=0,1,
inc/event/res/11/me11_02.txt#92#12,わかってくれて嬉しいよ……。,你能明白真是太好了……,translated,利维尔特,a7e9eb326b,br=0 nl=0,1,
inc/event/res/11/me11_02.txt#97#12,レナルルよ……。,蕾娜露露啊……,translated,利维尔特,ba1efd34dc,br=0 nl=0,1,
inc/event/res/11/me11_02.txt#98#12,"あともう少しで、お前もあの常世の楽園へ
向かえたものを、愚民どもに懐柔されるとは。","明明差一点，你也能前往那片永恒的乐园，
竟然会被那群愚民所蛊惑怀柔。",translated,利维尔特,43be801e07,br=0 nl=1,2,
inc/event/res/11/me11_02.txt#99#12,"しょせん血のつながりなど、
DNAレベルの近似でしかないと、
お前ははっきり証明してくれた。","血脉亲缘终究不过是
DNA层面的近似罢了，
你替我清清楚楚地证实了这一点。",translated,利维尔特,61a5baf71e,br=0 nl=2,3,
inc/event/res/11/me11_02.txt#100#12,"大事なことを教えてくれた礼は、
せねばならんな……。","教会我如此重要的事情，这份厚礼
我可必须好好向你答谢一番呢……",translated,利维尔特,5b4955aad1,br=0 nl=1,2,
inc/event/res/11/me11_02.txt#102#14,エージェント,特工,translated,,b8d9e324ec,br=0 nl=0,1,
inc/event/res/11/me11_02.txt#102#15,エージェントＢ,特工Ｂ,translated,,2fbc9d82df,br=0 nl=0,1,
inc/event/res/11/me11_02.txt#111#12,"報告します。
ジェノミライ研究所より報せが参りました。","报告。
杰诺米莱伊研究所传来了讯息。",translated,特工,fd5191a253,br=0 nl=1,2,
inc/event/res/11/me11_02.txt#112#12,"すべての準備が整った、正門を開いて
お待ちしております……とのことです。","据说一切筹备已毕，正敞开正门
恭候总帅大驾光临……",translated,特工,1da666a6c9,br=0 nl=1,2,
inc/event/res/11/me11_02.txt#113#12,"……来たか！
ついにこのときが来た！","……来了吗！
这一刻终于到来了！",translated,利维尔特,acc85482da,br=0 nl=1,2,
inc/event/res/11/me11_02.txt#114#12,"私に忠誠を誓ったPLASMA隊全員に通達。
作戦どおり、未明よりそれぞれの場所で
行動を起こせ。","向所有宣誓效忠于我的PLASMA部队通报。
按照作战方案，于破晓前在各指定地点
采取行动。",translated,利维尔特,7a81630ad5,br=0 nl=2,3,
inc/event/res/11/me11_02.txt#115#12,"我らを護るべき者は、{フォーシーズン}の
空港へと集結。我らが友、選ばれし者たち
にもこのことを知らせよ。","负责护卫我等之人，向{四季}的
机场集结。将此事通知我们的盟友，
那些被神选中的人们。",translated,利维尔特,c823ea7eaa,br=1 nl=2,3,keep-terms {フォーシーズン}
inc/event/res/11/me11_02.txt#115#14,コロン・フォーシーズンは超上流階級向けのコロンで<CR>あり、居住条件はもちろん、入場審査も他のコロンとは比較にならないほどの厳しさである。<CR>そのため別のコロンと比べると人口は極端に少なく、<CR>厳しい基準の上で居住もしくは入場が許可されるため、平和で落ち着いたコロンとなっている。<CR>コロン全体が緑に溢れており、さらに特注の気象コントローラが創りあげられており、ベゼル太陽の膨張に<CR>よって四季を見ることが出来なくなったラシェーラにおいては唯一、四季が存在するコロンとなっている。<CR>また学問は相当高いレベルにあり、学術機関の最高学府が点在している。これらの機関はコロンに住む富豪たちによって多額の出資を受け運営されている。,克隆四季是面向特权上流阶层的克隆，<CR>居住条件自不必说，入场审查的严苛程度也是其他克隆所无法比拟的。<CR>因此与其他克隆相比人口极少，<CR>正因是在极为严苛的标准下准许居住或入场，才造就了一座和平安宁的克隆。<CR>整座克隆绿意盎然，加之配备了特制的拟态气象控制器，在因贝捷尔太阳膨胀<CR>而再也见不到四季的拉榭拉中，成为了唯一存在四季变换的克隆。<CR>此外这里的学术水平相当之高，学术机构的最高学府星罗棋布。这些机构接受居住在克隆内的富豪们的大额资助得以运营。,translated,利维尔特,3e491f86d7,<CR> <CR> <CR> <CR> <CR> <CR> br=0 nl=0,1,keep-tags <CR>; src-longest-line=323
inc/event/res/11/me11_02.txt#116#12,……いよいよ旅立ちのときだ！,……终于到了启程的时刻了！,translated,利维尔特,8623b862b0,br=0 nl=0,1,
inc/event/res/11/me11_02.txt#127#12,"ヒュメリさんからの最後のメッセージで、
天文が不安定だから常に状況を監視するように
言われたんだ。","休梅莉小姐最后发来的信息中，
嘱咐说天文局势动荡，
让我们务必时刻密切监视情况。",translated,库翁泰兹,08a2e31265,br=0 nl=2,3,
inc/event/res/11/me11_02.txt#128#12,ふん。そんで？,哼。然后呢？,translated,白鹰,d51fd66ce4,br=0 nl=0,1,
inc/event/res/11/me11_02.txt#129#12,"俺たちクオンタイズも、
{セントラルユニット}に常駐してた奴は
みんな天文にしょっぴかれちまった。","我们库翁泰兹也是，
之前常驻在{中央单元}的弟兄们
全都被天文给抓走了。",translated,库翁泰兹,eef36a6ba9,br=1 nl=2,3,keep-terms {セントラルユニット}
inc/event/res/11/me11_02.txt#129#14,フォーシーズンに存在するクオンタイズの本拠地。<CR>中には移動用のワイヤレスシップから始まり様々な電子機器や真空管が常備され、世界中の情報を常に監視している。<CR>ただ、クオンタイズのメンバーは普段からセントラルユニットにいるわけではない。彼らには彼らの生活があるためだ。そのため、基本的なやりとりはジェノメトリクスを介して行われており、よほどのことがない限りメンバー全員が集結することはない。<CR><CR>ちなみにこのセントラルユニットの管理はクオンタイズメンバーが持ち回りで、清掃、点検、メンテナンスを<CR>行っているらしい。,位于克隆四季的库翁泰兹根据地。<CR>内部常备着从移动用的无线导船到各类电子仪器和真空管，时刻监视着全世界的信息。<CR>不过，库翁泰兹的成员平时并不在中央单元。这是因为他们各自有各自的生活。因此，平时的基本联络都是通过杰诺梅特利库斯来进行的，若非发生重大事态，全员几乎不会集结。<CR><CR>顺带一提，该中央单元的清扫、巡检和维护工作，似乎是由库翁泰兹的成员轮流负责管理的。,translated,库翁泰兹,2e6fbf936a,<CR> <CR> <CR> <CR> <CR> br=0 nl=0,1,keep-tags <CR>; src-longest-line=269
inc/event/res/11/me11_02.txt#130#12,"けど、俺みたいに街中で行動してた連中は
難を逃れてね。あとを引き継いでた。","不过像我这样在街上活动的弟兄们
幸运逃过了一劫，接手了后续的事。",translated,库翁泰兹,5613b4df70,br=0 nl=1,2,
inc/event/res/11/me11_02.txt#131#12,"ヒュメリさんからの連絡が途絶えちまって、
心配しながら任務を遂行してたんだ。","休梅莉小姐音信全无，
我们一边牵肠挂肚一边执行任务。",translated,库翁泰兹,f18a407580,br=0 nl=1,2,
inc/event/res/11/me11_02.txt#132#12,天文の監視……何か変わったことは？,监视天文……有发现什么异常情况吗？,translated,白鹰,3a57c8c05d,br=0 nl=0,1,
inc/event/res/11/me11_02.txt#133#12,不審な通信ウェーブを傍受した。,我们截获了可疑的通信波动。,translated,库翁泰兹,5d35e84f84,br=0 nl=0,1,
inc/event/res/11/me11_02.txt#134#12,不審な……？,可疑的……？,translated,白鹰,5bf1c9d475,br=0 nl=0,1,
inc/event/res/11/me11_02.txt#135#12,"フォーシーズンの一点から、
天文やら{アルメティカ}やらに向けて、
断続的にトラフィックが発生してる。","从四季的某一个据点，
朝向天文乃至{阿尔梅堤嘉}方向，
断断续续地产生了大量通信流量。",translated,库翁泰兹,befb6f1154,br=1 nl=2,3,keep-terms {アルメティカ}
inc/event/res/11/me11_02.txt#135#14,世界の情報が全て存在するといわれているコロン。<CR>ラシェーラにおいて最先端の情報中枢であり、それ故、情報を求める人々が多く訪れ、またそれらを重要とする多くの組織が密集するコロンとなっている。<CR>その最たる物として挙げられるのがＰＬＡＳＭＡ機密情報局である。天文の組織はそのほとんどが天文の影響力が強いコロンや地域に存在しているが、ＰＬＡＳＭＡだけはその特性上、アルメティカに本部を置いている。<CR>アルメティカの市民は、市民になった時点でもらえる<CR>一つのＴｘＢＩＯＳ利用許可により、レベル差こそあれ蓄積された情報を引き出すことが可能となっている。<CR>それ故、この街ではアルメティカ営業情報共有者連盟、所謂「情報屋｣という職業が成り立っている。,据传汇集了世界上全部信息的克隆。<CR>作为拉榭拉最前沿的情报中枢，无数寻求信息的人纷至沓来，重视情报的众多组织亦云集于此。<CR>其中最具代表性的便是PLASMA机密情报局。天文的组织大多设在天文影响力较强的克隆或地域，唯独PLASMA因其职能特性将本部设立在阿尔梅堤嘉。<CR>阿尔梅堤嘉的市民在获得市民身份时便会配发一份TxBIOS使用许可，虽有等级差异，但均能调取其中蓄积的信息。<CR>正因如此，在这座城市中才诞生了阿尔梅堤嘉营业信息共享者联盟、即所谓的“情报贩子”这一职业。,translated,库翁泰兹,e25d673a2d,<CR> <CR> <CR> <CR> <CR> br=0 nl=0,1,keep-tags <CR>; src-longest-line=331
inc/event/res/11/me11_02.txt#136#12,"普段、フォーシーズンからブロードキャストする
ような場所じゃない。ちょいと気になってる。","平时四季绝不是这种会大范围广播的
地方。让人有点放心不下啊。",translated,库翁泰兹,355f490cec,br=0 nl=1,2,
inc/event/res/11/me11_02.txt#137#12,たしかに、嫌な予感がするッスね……。,确实让人有种不祥的预感啊……,translated,白鹰,6233ca260f,br=0 nl=0,1,
inc/event/res/11/me11_02.txt#138#12,"こんなことがあっても、あいかわらず
ヒュメリさんはオフラインだ。","即便发生了这种事，
休梅莉小姐却依旧处于离线状态。",translated,库翁泰兹,d8ad290666,br=0 nl=1,2,
inc/event/res/11/me11_02.txt#139#12,"シェルノトロンメッセージでこのことを
送り続けてはいるけど、反応はない。","虽说我一直在通过榭鲁诺特伦消息
向她汇报此事，但一直没有任何反应。",translated,库翁泰兹,e7c29119b5,br=0 nl=1,2,
inc/event/res/11/me11_02.txt#140#12,"いつか閲覧してくれると思いながら、
送り続けるしかないのが現状だ。","现状就是只能抱着她总有一天会查看的念头，
不停地给她发送消息罢了。",translated,库翁泰兹,425875070c,br=0 nl=1,2,
inc/event/res/11/me11_02.txt#141#12,……え、それだけッスか！？,……诶，就只有这点情报吗！？,translated,白鹰,9488920cf3,br=0 nl=0,1,
inc/event/res/11/me11_02.txt#143#12,何だと？,你说什么？,translated,库翁泰兹,2de5ebbdc1,br=0 nl=0,1,
inc/event/res/11/me11_02.txt#144#12,"ヒュメリ……サーリちゃんはジルに連れ去られた。
けど、最新の情報じゃジルは拘束されたって話だ。","休梅莉……莎丽被吉鲁带走了。
不过最新消息说吉鲁已经被抓了。",translated,白鹰,2b5e2c6ec5,br=0 nl=1,2,
inc/event/res/11/me11_02.txt#145#12,"サーリちゃんのことだ、
うまく難を逃れてるはずッスよ。","以莎丽的本事，
肯定顺利逢凶化吉了的说。",translated,白鹰,1cdd7ce750,br=0 nl=1,2,
inc/event/res/11/me11_02.txt#146#12,そ、そうだったのか……。,原、原来是这样吗……,translated,库翁泰兹,25c6acb41d,br=0 nl=0,1,
inc/event/res/11/me11_02.txt#147#12,"つーか、あんたらがそれを知らなかったことの
方がむしろビックリッスよ！
俺より確かな情報持ってるかと思ったのに。","话说回来，你们居然会不知道这件事，
反而更让我吃惊的说！
我还以为你们的情报会比我更灵通呢。",translated,白鹰,3735ba690c,br=0 nl=2,3,
inc/event/res/11/me11_02.txt#149#12,うぅむ……。,唔唔……,translated,库翁泰兹,0109caeaa9,br=0 nl=0,1,
inc/event/res/11/me11_02.txt#150#12,"ジルは捕まってるし、キャスちゃんと
クラケット博士がサーリちゃんを追っかけてるん
だから、身の危険はないと思うッスが……。","吉鲁已经落网了，凯斯和库拉肯特博士
又在追踪莎丽，按理说应该没有生命危险，
但是……",translated,白鹰,dc9ffc4b3f,br=0 nl=2,3,
inc/event/res/11/me11_02.txt#151#12,"どうもそわそわして落ち着かなくて。
あんたらなら何かわかるんじゃないかと
期待したんスけどねー。","总觉得心里七上八下的静不下来。
我还指望从你们这儿能打听到些什么呢～",translated,白鹰,1c790bb82b,br=0 nl=2,3,
inc/event/res/11/me11_02.txt#152#12,面目ない。,惭愧。,translated,库翁泰兹,bef9de0be6,br=0 nl=0,1,
inc/event/res/11/me11_02.txt#153#12,"けど、その不審なウェーブのことは
俺も知らなかったッス。","不过，那阵可疑波动的事，
我之前确实也不知情的说。",translated,白鹰,7dc949dcb8,br=0 nl=1,2,
inc/event/res/11/me11_02.txt#154#12,"また何かキナ臭いことが
始まってるんじゃ……。","该不会又有什么可疑的勾当
在暗中发酵了吧……",translated,白鹰,eb3b58f8d1,br=0 nl=1,2,
inc/event/res/11/me11_02.txt#155#12,"俺たちもそれを懸念してる。
引き続き追跡するつもりだ。","我们也在担心这个。
打算继续追踪下去。",translated,库翁泰兹,544b122aca,br=0 nl=1,2,
inc/event/res/11/me11_02.txt#156#12,"わかった。
俺もそれ、協力するッス。","明白了。
我也来协助调查的说。",translated,白鹰,4e85c4910b,br=0 nl=1,2,
inc/event/res/11/me11_02.txt#157#12,"頼む。
何かわかったら、こちらからも連絡する。","拜托了。
要是有什么发现，我们也会联系你的。",translated,库翁泰兹,72ac8f6298,br=0 nl=1,2,
inc/event/res/11/me11_02.txt#158#12,"あぁ。
よろしく頼むッス！","好。
那就拜托大家了的说！",translated,白鹰,cbde5debfb,br=0 nl=1,2,
inc/event/res/11/me11_02.txt#165#12,"ふぅむ……コロン・フォーシーズンからの
不審なトラフィックね……。
いっちょ逆探知かけるか。","唔……来自克隆四季的
可疑通信流量吗……
看我来给它做个反向追踪。",translated,白鹰,907b6af413,br=0 nl=2,3,
inc/event/res/11/me11_02.txt#171#12,"……お？　こいつか？
発信元は……。","……哦？是这家伙吗？
信号发射源是……",translated,白鹰,7325a6cbac,br=0 nl=1,2,
inc/event/res/11/me11_02.txt#173#12,"このアドレスを、前にハッキングで
ちょろまかしたデータベースと照合する、
と……？","把这个地址和之前黑进数据库
顺手牵羊搞来的数据比对一下……？",translated,白鹰,0aab858ea1,br=0 nl=2,3,
inc/event/res/11/me11_02.txt#176#12,おっと出た！,哎呀查到了！,translated,白鹰,63334a105c,br=0 nl=0,1,
inc/event/res/11/me11_02.txt#179#12,"フォーシーズンの……
こりゃ、天文の高級官僚の家だ！","四季的……
这可是天文高官的住宅啊！",translated,白鹰,d7f5179c5d,br=0 nl=1,2,
inc/event/res/11/me11_02.txt#180#12,何をしようとしてる……？,他们究竟打算干什么……？,translated,白鹰,d68346b001,br=0 nl=0,1,
inc/event/res/11/me11_02.txt#181#12,"家のセキュリティレベルがハネ上がってる。
通常使用レベルの倍以上だ。","住宅的安保级别骤然飙升了。
甚至超过了平时使用级别的两倍以上。",translated,白鹰,8b92378bc0,br=0 nl=1,2,
inc/event/res/11/me11_02.txt#182#12,"そんなのが必要なVIPなんて、
大臣かそれ以上くらいじゃなきゃ……。","需要这等安保的贵宾，
除非是部长级别甚至更高地位的人物……",translated,白鹰,1999e2ffcf,br=0 nl=1,2,
inc/event/res/11/me11_02.txt#184#12,"ッ！！
まさか、行方をくらましてるリーヴェルトが
フォーシーズンに……？","！
难不成，销声匿迹的利维尔特
潜藏在四季……？",translated,白鹰,5080f41d88,br=0 nl=2,3,
inc/event/res/11/me11_02.txt#185#12,いや待て、考えすぎだろ！,不等等，想太多了吧！,translated,白鹰,394a1b23d5,br=0 nl=0,1,
inc/event/res/11/me11_02.txt#188#12,"考えすぎかもしんねーッスけど、
サーリちゃんに知らせといた方がいい。
念のためだ。","虽然可能是我多虑了，
不过最好还是通知莎丽一声。
以防万一。",translated,白鹰,22d7ec6016,br=0 nl=2,3,
inc/event/res/11/me11_02.txt#190#12,……これでよし。,……搞定。,translated,白鹰,a9b41fc4ff,br=0 nl=0,1,
inc/event/res/11/me11_02.txt#192#12,"けどさっき、シェルノトロンメッセージは
読んでもらえてねーっぽいこと言ってたよな……。","不过刚才他们好像说过，
发过去的榭鲁诺特伦消息一直没被查阅吧……",translated,白鹰,7ae388bd48,br=0 nl=1,2,
inc/event/res/11/me11_02.txt#193#12,"うぅぅ、落ち着かないッス！
俺もサーリちゃんの居場所、探るッス！","呜呜，坐立不安啊！
我也去搜寻莎丽的下落的说！",translated,白鹰,4a60400390,br=0 nl=1,2,
inc/event/res/11/me11_02.txt#194#12,無事でいてくれよ、サーリちゃん！,一定要平安无事啊，莎丽！,translated,白鹰,5e4388c8bf,br=0 nl=0,1,
inc/event/res/11/me11_03.txt#18#12,……結局、どういうつもりなわけ？,……你到底是在打什么算盘？,translated,凯斯,bbf7ee2ed7,br=0 nl=0,1,
inc/event/res/11/me11_03.txt#19#12,何のこと？,什么事？,translated,妮诺,1a119800ea,br=0 nl=0,1,
inc/event/res/11/me11_03.txt#20#12,"あんたのことよ！
ほかにいるわけないでしょ！","当然是说你啦！
这里除了你还有谁啊！",translated,凯斯,6ad2984e8a,br=0 nl=1,2,
inc/event/res/11/me11_03.txt#21#12,"どうしてそこに……
{シェルノトロンサーバー}に戻る気に
なったかって聞いてるのっ。","我是问你为什么……
会愿意回到那座
{榭鲁诺特伦服务器}里去啊！",translated,凯斯,ce1a409d77,br=1 nl=2,3,keep-terms {シェルノトロンサーバー}
inc/event/res/11/me11_03.txt#21#14,縦貫坑道の奥、ジェノミライ。その中心部に存在し、<CR>全てのシェルノトロンが使用するトロンネットワークのホスト、というのが表向きの存在である。<CR>その正体はシェルノトロンに表層意識をREON-4213として利用されているネロを眠らせるための冷凍睡眠装置である。<CR>これによりネロは表層意識はおろか深層意識の中においても身動きが取れなくなっていた。<CR>しかし、Ｔｚチューブ・カンパニーでのネプトロンの事故がネロの意識を呼び覚ますこととなり、トロンネットワークを通して、人々がネロの思いのままに操られるという事例が確認されるようになる。これがシェルノトロン規制の原因であり、真実は市民に伏せられている。,位于纵贯坑道深处的杰诺米莱伊。存在于其中央核心区域、<CR>作为所有榭鲁诺特伦所使用的特伦网络的主机，这便是它表面上的存在。<CR>而其实体，则是为了让表层意识被作为REON-4213利用的妮诺陷入沉睡的冷冻睡眠装置。<CR>由此，妮诺不仅表层意识，就连在深层意识中也变得动弹不得。<CR>然而，在Tz管体公司发生的尼普特伦事故唤醒了妮诺的意识，通过特伦网络，开始确认到人们任由妮诺随意操控的案例。这正是实施榭鲁诺特伦规制的原因，而真相则一直对市民隐瞒着。,translated,凯斯,5279a9d693,<CR> <CR> <CR> <CR> br=0 nl=0,1,keep-tags <CR>; src-longest-line=306
inc/event/res/11/me11_03.txt#22#12,"なんだ。
そんな基本的なことを聞かれているとは
思わなかった。","什么嘛。
没想到你问的居然是
这么显而易见的事。",translated,妮诺,6acb235b03,br=0 nl=2,3,
inc/event/res/11/me11_03.txt#23#12,かっわいくないわねー、あいかわらず。,还是一如既往的一点都不可爱呢～,translated,凯斯,35c7874bfb,br=0 nl=0,1,
inc/event/res/11/me11_03.txt#24#12,"どうしてサーバーに戻ったか、なら……
その答えは『あなたのため』になる。","要问我为何回到服务器里的话……
答案就是“为了你”。",translated,妮诺,3e9ea76194,br=0 nl=1,2,
inc/event/res/11/me11_03.txt#26#12,"はへ？
あなた、って……私？","哈啊？
你说的你……是指我？",translated,凯斯,d0ad64d562,br=0 nl=1,2,
inc/event/res/11/me11_03.txt#27#12,そう。キャスのため。,没错。为了凯斯。,translated,妮诺,7bdddc846f,br=0 nl=0,1,
inc/event/res/11/me11_03.txt#28#12,ばっ、何ばかなこと言ってるのよっ！,傻、你在胡说八道些什么呀！,translated,凯斯,e07298145a,br=0 nl=0,1,
inc/event/res/11/me11_03.txt#31#12,キャスやみんなが、死なないように。,为了不让凯斯和大家死掉。,translated,妮诺,3688039a91,br=0 nl=0,1,
inc/event/res/11/me11_03.txt#32#12,死なない……わたしが？,不至于死掉……我吗？,translated,凯斯,fcaecb650d,br=0 nl=0,1,
inc/event/res/11/me11_03.txt#33#12,"そう。
これでも前は、この世界なんて塵も残さず
消し飛んじゃえばいいって思ってた。","没错。
虽说以前我觉得，这个世界就算被炸得
灰飞烟灭连尘埃都不剩才好呢。",translated,妮诺,1c2d2ea4fc,br=0 nl=2,3,
inc/event/res/11/me11_03.txt#34#12,"もちろん、本当にそうなったら
私はまた還る手段を探すのに手間も
時間もとらされてしまうから……。","当然，要是真的变成那样，
我为了寻找回去的方法又要耗费
大把的功夫与时间了……",translated,妮诺,5ec12b5287,br=0 nl=2,3,
inc/event/res/11/me11_03.txt#35#12,"それは嫌。すぐにでも還りたい。
だからこの世界に我慢してあげてた。","我讨厌那样。我想立刻就回去。
所以我才一直容忍着这个世界。",translated,妮诺,c0f291581b,br=0 nl=1,2,
inc/event/res/11/me11_03.txt#36#12,"でも……キャスたちが消えちゃうのも嫌。
還りたい気持ちと同じくらい。","但是……我也不想让凯斯你们消失。
这份心情和我想回去的心愿一样强烈。",translated,妮诺,a047b917d2,br=0 nl=1,2,
inc/event/res/11/me11_03.txt#37#12,あんた……。,你这家伙……,translated,凯斯,ee0312d3e8,br=0 nl=0,1,
inc/event/res/11/me11_03.txt#38#12,"にゅろきーるの思い出が消えるのは嫌。
ニュロメイズのことも、ニュロスティックの味も。","我不想让喵洛基鲁的回忆消失。
不论是喵洛迷宫的事，还是喵洛棒的味道。",translated,妮诺,57e0bea9fe,br=0 nl=1,2,
inc/event/res/11/me11_03.txt#39#12,それから、キャスの詩も。,还有，凯斯的诗歌也是。,translated,妮诺,4b9f9676f6,br=0 nl=0,1,
inc/event/res/11/me11_03.txt#40#12,ぅう、あ、あの詩は消し飛ばしたい……。,呜呜，那、那首诗我巴不得把它消灭掉……,translated,凯斯,d0fcf54333,br=0 nl=0,1,
inc/event/res/11/me11_03.txt#41#12,"私はこの世界に飛ばされてすぐ、別の惑星へ
移住するために力を使われて……殺された。","我被传送到这个世界后不久，便为了让人类
移民到其他行星而被榨干了力量……杀死了。",translated,妮诺,3541c5063c,br=0 nl=1,2,
inc/event/res/11/me11_03.txt#42#12,"魂の輪廻を阻まれたまま、
意識だけの存在になってさまよい続けた。","在灵魂转世轮回被阻断的状态下，
化为纯粹的意识体不断徘徊流浪。",translated,妮诺,488bd6856c,br=0 nl=1,2,
inc/event/res/11/me11_03.txt#43#12,現世に戻れたのはそれから……5000年後。,能够重返现世，已经是在那之后的……5000年了。,translated,妮诺,3583e60ce2,br=0 nl=0,1,
inc/event/res/11/me11_03.txt#44#12,ご、5000年！？,5、5000年！？,translated,凯斯,63bca55562,br=0 nl=0,1,
inc/event/res/11/me11_03.txt#45#12,"それもすぐに自由を奪われて……
辛い実験をさせられた。","而且刚回来又立刻被剥夺了自由……
被强加了残酷痛苦的实验。",translated,妮诺,fc9d962a6d,br=0 nl=1,2,
inc/event/res/11/me11_03.txt#46#12,"実験動物……というより、実験材料ね。
そういう扱い。","与其说是实验动物……倒不如说是实验材料吧。
就是那种待遇。",translated,妮诺,83b0c11efb,br=0 nl=1,2,
inc/event/res/11/me11_03.txt#48#12,"だから、あなたと一緒ににゅろきーるを
回ったのが……初めて、この世界での
私の『体験』なの。","所以，和你一起游览喵洛基鲁……
才是我在这个世界上的
第一次“体验”。",translated,妮诺,bf5600413e,br=0 nl=2,3,
inc/event/res/11/me11_03.txt#49#12,"自分の身体を自由に使って。
自分の感覚を、めいっぱいに受け止めて。","能够自由支配自己的身躯。
尽情去感受属于自己的感知。",translated,妮诺,07a1ada0b4,br=0 nl=1,2,
inc/event/res/11/me11_03.txt#50#12,自分の心を、初めて楽しい気持ちで満たせた。,自己的心，才第一次被快乐的心情所充盈。,translated,妮诺,2fbc248843,br=0 nl=0,1,
inc/event/res/11/me11_03.txt#51#12,ネロ……。,妮诺……,translated,凯斯,f270186377,br=0 nl=0,1,
inc/event/res/11/me11_03.txt#52#12,"本当なんだよ。
この世界も、悪いことばかりじゃないって。
そう思った。","这是真的哦。
我觉得，这个世界
也并不全都是坏事。",translated,妮诺,217caccc1b,br=0 nl=2,3,
inc/event/res/11/me11_03.txt#53#12,"自分のセカイに還りたいって気持ちが
消えたわけじゃないけど──","虽然想回到自己世界的心情
并没有因此消退――",translated,妮诺,ab61ef9b9f,br=0 nl=1,2,
inc/event/res/11/me11_03.txt#54#12,"そのためにあなたやター坊たちを
不幸にはしたくない。","但我不想为了那个目的，
而让你和阿达他们陷入不幸。",translated,妮诺,142f32440f,br=0 nl=1,2,
inc/event/res/11/me11_03.txt#55#12,"だから、サーバーに戻るときにひとつ条件を
出した。",所以，在回到服务器里时我提出了一个条件。,translated,妮诺,938cfc8816,br=0 nl=1,2,
inc/event/res/11/me11_03.txt#56#12,条件？,条件？,translated,凯斯,f5cbba9bab,br=0 nl=0,1,
inc/event/res/11/me11_03.txt#57#12,"あなたとお話しできるように、
わたしの意識を保ったままにして欲しい。
意思のブロックをやめてってね。","希望能保留我的清醒意识，让我能和你交谈。
别再封锁我的意念与心智。",translated,妮诺,615102a897,br=0 nl=2,3,
inc/event/res/11/me11_03.txt#59#12,"サーバーに戻っても悪さをしないかわりに、
天文はわたしを還すことを最優先に、
頑張ってもらう。","作为我回到服务器不再作恶的交换，
天文必须将把我送回原本世界列为最优先事项，
全力去努力办到。",translated,妮诺,35caad61c7,br=0 nl=2,3,
inc/event/res/11/me11_03.txt#60#12,そういう取り引き。,就是这样的交易。,translated,妮诺,6124986b89,br=0 nl=0,1,
inc/event/res/11/me11_03.txt#61#12,"ウンドゥも戻す。
ジルには悪いことをしたなって思ってる。","温多我也会归还。
我觉得确实做了对不起吉鲁的事。",translated,妮诺,2a8cc21985,br=0 nl=1,2,
inc/event/res/11/me11_03.txt#62#12,あんた……変わったわね。,你……变了呢。,translated,凯斯,ec5b562001,br=0 nl=0,1,
inc/event/res/11/me11_03.txt#63#12,そう？,是吗？,translated,妮诺,7c81cc0a42,br=0 nl=0,1,
inc/event/res/11/me11_03.txt#64#12,"……うん、そうかも。5000年の最後に、
たくさんのことが一度に起きたから。","……嗯，也许吧。在5000年的尾声，
接连发生了太多的事情。",translated,妮诺,6763169578,br=0 nl=1,2,
inc/event/res/11/me11_03.txt#67#12,"そうだ、聞いて？
もうひとつ、すごいことがあったの。","对了，听我说好吗？
还有一件非常厉害的事哦。",translated,妮诺,a8f706af38,br=0 nl=1,2,
inc/event/res/11/me11_03.txt#68#12,何？,什么事？,translated,凯斯,099228cf66,br=0 nl=0,1,
inc/event/res/11/me11_03.txt#69#12,私ね、人の住める惑星を見つけたの。,我呀，发现了一颗能够让人类居住的行星。,translated,妮诺,971ea2f28e,br=0 nl=0,1,
inc/event/res/11/me11_03.txt#70#12,"えっ！？
ネロ、それって……！","诶！？
妮诺，那岂不是……！",translated,凯斯,f8333b4f95,br=0 nl=1,2,
inc/event/res/11/me11_04.txt#26#12,（一体外では何が起きてるんだ？）,（外面到底发生什么事了？）,translated,莎丽,8fd543a2d9,br=0 nl=0,1,
inc/event/res/11/me11_04.txt#27#12,"（ここはウェーブが完全に遮断されてるから
　様子を確かめることもできない……）","（这里的波动被彻底屏蔽了，
　连确认外界情况都做不到……）",translated,莎丽,6aa831ec8c,br=0 nl=1,2,
inc/event/res/11/me11_04.txt#28#12,"（キャスは無事に逃げ出せたのか？
　白鷹はフォーシーズンに戻れたの？）","（凯斯平安逃脱了吗？
　白鹰回到了四季吗？）",translated,莎丽,ad78a0c2ef,br=0 nl=1,2,
inc/event/res/11/me11_04.txt#31#12,"（一緒に拘束されたジルは……？
　ネロはサーバーに戻ったけど、
　それで本当に大丈夫なのか？）","（和我一起被拘捕的吉鲁怎么样了……？
　妮诺虽说回到了服务器，
　但这真的没问题吗？）",translated,莎丽,17fada44f6,br=0 nl=2,3,
inc/event/res/11/me11_04.txt#35#12,"（あぁもう、何もかもわからない！
　手の打ちようがないじゃないか！）","（啊真是的，完全一无所知！
　根本让人束手无策啊！）",translated,莎丽,c430c5cbc1,br=0 nl=1,2,
inc/event/res/11/me11_04.txt#37#12,――ッ！,――！,translated,莎丽,7e6289fe46,br=0 nl=0,1,
inc/event/res/11/me11_04.txt#62#12,"レナルル！
遅いっ、遅すぎる！","蕾娜露露！
太慢了，你来得太慢了！",translated,莎丽,cbdd2859da,br=0 nl=1,2,
inc/event/res/11/me11_04.txt#63#12,"申し訳ない……が、まだゆっくり話を聞ける
状態ではないのです。","实在抱歉……然而，目前还不是能
从容向你详谈的状况。",translated,蕾娜露露,0eb0d583b5,br=0 nl=1,2,
inc/event/res/11/me11_04.txt#64#12,何だって！？,你说什么！？,translated,莎丽,5de068e5d4,br=0 nl=0,1,
inc/event/res/11/me11_04.txt#65#12,"{クーデターの日}に何が起きたのか、
詳細を伺いたいのですが……
まだここでの仕事が終わりません。","虽然我想向你详细了解在{政变之日}
究竟发生了何事……
但我在这里的事务尚未处理完毕。",translated,蕾娜露露,bee16ea663,br=1 nl=2,3,keep-terms {クーデターの日}
inc/event/res/11/me11_04.txt#65#14,イオンの再教育をカモフラージュにして、レナルルは一部の天文職員とＰＬＡＳＭＡ隊員と共に、リーヴェルトを含めた天文上層部に反旗を翻した。この作戦のコードネームは『白の花』と呼ばれ、イオンの再教育が行われるはずだった、日付及び時刻と同時に一斉に活動を開始し、天文の官僚たちを僅かな時間で拘束することに成功した。しかし、最も警戒すべきリーヴェルトは、フラスク流体の秘密を利用してソレイルから脱出。その身を隠してしまい、消息不明となる。<CR>このとき、ジルはリーヴェルトの指示でサーリとネロを伴い、一足早く旧ジェノミライ研究所へと訪れていた。クーデター後、ＰＬＡＳＭＡによってジルは拘束され、サーリとネロは無事に救出された。,以对依恩的再教育为掩护，蕾娜露露与一部分天文职员及PLASMA队员一同，向包括利维尔特在内的天文高层举起了反旗。该作战的代号被称为“白之花”，在原定对依恩进行再教育的日期与时刻同时全面展开行动，并在短时间内成功拘捕了天文的官僚们。然而，最应戒备的利维尔特却利用了烧瓶流体的秘密从太阳号脱逃。他隐匿了行踪，下落不明。<CR>此时，吉鲁奉利维尔特之命带着莎丽和妮诺，先行一步抵达了旧杰诺米莱伊研究所。政变之后，吉鲁被PLASMA拘捕，莎丽与妮诺则平安获救。,translated,蕾娜露露,e37a6c4eab,<CR> br=0 nl=0,1,keep-tags <CR>; src-longest-line=309
inc/event/res/11/me11_04.txt#66#12,"いいかげんにしろ、いつまでこうやって
監禁しておくつもりなんだ！？","适可而止吧，你到底打算像这样
软禁我到什么时候啊！？",translated,莎丽,0fca9a5970,br=0 nl=1,2,
inc/event/res/11/me11_04.txt#67#12,"天文の信頼のおける部署に、
場所を用意させています。
ここでは安全を確保しきれません。","我正在让天文值得信赖的部门准备住处。
留在此处无法确保万全的安全。",translated,蕾娜露露,613d006070,br=0 nl=2,3,
inc/event/res/11/me11_04.txt#69#12,はあぁ……？,哈啊……？,translated,莎丽,43f30912a2,br=0 nl=0,1,
inc/event/res/11/me11_04.txt#70#12,移動するまでこうしてろと？,你是说在转移之前我都得待在这儿？,translated,莎丽,e3617520b8,br=0 nl=0,1,
inc/event/res/11/me11_04.txt#71#12,ご理解が早くて助かります。,您能明事理真是太好了。,translated,蕾娜露露,12eac3cdfe,br=0 nl=0,1,
inc/event/res/11/me11_04.txt#72#12,"せめて、外とつながっているネットワークに
{シェルノトロン}を接続させてくれないか？","起码让我把{榭鲁诺特伦}
连接到与外界相通的网络上总行吧？",translated,莎丽,32b217cff8,br=1 nl=1,2,keep-terms {シェルノトロン}
inc/event/res/11/me11_04.txt#72#14,シェルノトロンとは人工的に作られたジェノムのことである。すなわち、人工的に創られた詩魔法生成機とも言える。シェルノトロンは、その心臓部である「シェルノサージュ管」と、実効果を生み出す「クレイドル」に<CR>よって構成されている。<CR><CR>シェルノサージュ管は殆どの場合、地球でいうところの「真空管」のような形をしており、中には鈍く光るフィラメントのような極板が存在する。そこに宿っている光は、歪力から抽出されたエネルギーTz波である。,榭鲁诺特伦是指人工制造的杰诺姆。换言之，亦可称作人工制造的诗魔法生成机。榭鲁诺特伦由其核心部分的“Ciel nosurge管”以及产生实际效能的“支架”<CR>所构成。<CR><CR>Ciel nosurge管在绝大多数情况下形似地球上所说的“真空管”，内部存在微微发光的宛如灯丝般的极板。栖宿于其中的光芒，正是从应变力中提取的能量Tz波。,translated,莎丽,ba30a6f58e,<CR> <CR> <CR> br=0 nl=0,1,keep-tags <CR>; src-longest-line=220
inc/event/res/11/me11_04.txt#73#12,"ここは最重要機密区画ですので、
それはできません。","这里是最重要机密区域，
请恕我无法照办。",translated,蕾娜露露,e2ac52b86d,br=0 nl=1,2,
inc/event/res/11/me11_04.txt#74#12,"聞けない、終わらない、できません、か。
何なら可能なんだ？","无可奉告、尚未完工、无法照办是吧。
那到底有什么是能办到的？",translated,莎丽,c3b5e0e47a,br=0 nl=1,2,
inc/event/res/11/me11_04.txt#75#12,もう少し、ゆっくりなさっていてください。,还请你再稍作休息片刻。,translated,蕾娜露露,2a700d7f76,br=0 nl=0,1,
inc/event/res/11/me11_04.txt#76#12,おい、いい加減に……。,喂，适可而止一点……,translated,莎丽,85c54531ea,br=0 nl=0,1,
inc/event/res/11/me11_04.txt#77#12,では。,失陪了。,translated,蕾娜露露,205ec0e0e3,br=0 nl=0,1,
inc/event/res/11/me11_04.txt#85#12,あ、ちょっと……！,啊，等等……！,translated,莎丽,530cf8f721,br=0 nl=0,1,
inc/event/res/11/me11_04.txt#93#12,"あーぁ。
こうしている間にも事態は確実に進んでる……。","啊――啊。
就在我耗在这里的时候，
局势肯定也在不断推进……",translated,莎丽,97360e8dcb,br=0 nl=1,2,
inc/event/res/11/me11_04.txt#95#12,"本当に白鷹やキャスは無事なのか？
もしかして、レナルルは何かを
隠してるんじゃ……。","白鹰和凯斯真的平安无事吗？
难不成，蕾娜露露隐瞒了什么……",translated,莎丽,77357c9082,br=0 nl=2,3,
inc/event/res/11/me11_04.txt#96#12,"それを知られたくなくて、
トロンネットワークに繋がせないんじゃ
ないだろうな？","该不会是怕我知道真相，
才故意不让我接入特伦网络的吧？",translated,莎丽,640c71b102,br=0 nl=2,3,
inc/event/res/11/me11_04.txt#97#12,"うぅ……
そう考えると、あいつは全然信用できないぞ。","唔……
这么一想，那家伙
根本一点都不值得信任啊。",translated,莎丽,a033d6f2e8,br=0 nl=1,2,
inc/event/res/11/me11_04.txt#98#12,自分で調べなくちゃ！,我必须自己去查查才行！,translated,莎丽,7e0ce798cd,br=0 nl=0,1,
inc/event/res/11/me11_04.txt#121#12,きゃあっ！？,哇啊！？,translated,莎丽,536c0a5d61,br=0 nl=0,1,
inc/event/res/11/me11_04.txt#122#12,"ば、爆発！？
ただごとじゃないぞ！","爆、爆炸！？
绝非寻常变故！",translated,莎丽,c88420ee09,br=0 nl=1,2,
inc/event/res/11/me11_04.txt#128#12,あっ！,啊！,translated,莎丽,092801cb15,br=0 nl=0,1,
inc/event/res/11/me11_04.txt#143#12,何だ、何が起きてる！？,怎么了，到底发生什么事了！？,translated,莎丽,23d7d33bf2,br=0 nl=0,1,
inc/event/res/11/me11_04.txt#144#12,"敵性因子による襲撃です。
詳細は申し上げられません。","遭遇敌性因子的突袭。
恕无法向您透露细节。",translated,特工,2405990881,br=0 nl=1,2,
inc/event/res/11/me11_04.txt#145#12,何だ！　使えないな！,搞什么啊！真派不上用场！,translated,莎丽,3428d69b9a,br=0 nl=0,1,
inc/event/res/11/me11_04.txt#146#12,あなたを保護します。,由我来护卫您。,translated,特工,fba5f33aaf,br=0 nl=0,1,
inc/event/res/11/me11_04.txt#147#12,"その前にレナルルに会わせてくれ！
さっきここを出て行ったばかりだぞ、
そのへんにいるだろう！","在那之前先让我见蕾娜露露！
她刚才才离开这里，肯定就在附近吧！",translated,莎丽,3c7c855135,br=0 nl=2,3,
inc/event/res/11/me11_04.txt#148#12,"できかねます。ともかく早く避難を。
コロン・フォーシーズンまでお送りします。","恕难从命。总之请尽快避难。
我将护送您前往克隆四季。",translated,特工,53bd510a05,br=0 nl=1,2,
inc/event/res/11/me11_04.txt#149#12,くっ……！,咕……！,translated,莎丽,860177663c,br=0 nl=0,1,
inc/event/res/11/me11_04.txt#166#12,こちらです、お急ぎください！,请走这边，抓紧时间！,translated,特工,24fdd963a6,br=0 nl=0,1,
inc/event/res/11/me11_04.txt#167#12,待って、もう少しゆっくり――,等等，稍微慢一点――,translated,莎丽,b614066af1,br=0 nl=0,1,
inc/event/res/11/me11_04.txt#169#12,ぐぁッ！！,咕啊！！,translated,特工,9d12a894f5,br=0 nl=0,1,
inc/event/res/11/me11_04.txt#174#12,ッ！？,！？,translated,莎丽,7680e63062,br=0 nl=0,1,
inc/event/res/11/me11_04.txt#175#12,か、隠れなきゃ！,得、得找地方躲起来！,translated,莎丽,ae9d5fd920,br=0 nl=0,1,
inc/event/res/11/me11_04.txt#183#12,"……よし。こいつは仕留めた。
まだいるはずだ、見つけしだい撃て！","……很好。这家伙解决了。
应该还有活口，一旦发现立即开枪！",translated,警卫,4e7afed6c7,br=0 nl=1,2,
inc/event/res/11/me11_04.txt#195#12,"（……PLASMAが仲間のエージェントを……
　何で！？）","（……PLASMA居然在开枪打同伴特工……
　为什么！？）",translated,莎丽,986bd71fd1,br=0 nl=1,2,
inc/event/res/11/me11_04.txt#196#12,"（そうか、寝返った連中か……。
　状況は思ったより深刻だ）","（原来如此，是倒戈叛变的那帮人吗……
　情况比想象的还要严重得多）",translated,莎丽,b5a66a7a4d,br=0 nl=1,2,
inc/event/res/11/me11_04.txt#197#12,（何てこった、こんなところで孤立するなんて）,（糟糕透顶，竟然在这种地方落单孤立了）,translated,莎丽,0a6ee72e8d,br=0 nl=0,1,
inc/event/res/11/me11_04.txt#198#12,"（……思えば、いままではピンチに陥っても
　必ず誰か仲間がいた）","（……回想起来，以往即便陷入危机，
　身边也总会有伙伴在）",translated,莎丽,7ad24f7f50,br=0 nl=1,2,
inc/event/res/11/me11_04.txt#199#12,（ひとりがこんなに心細いなんて……）,（独自一人原来是这么令人不安无助……）,translated,莎丽,3c28ab91b7,br=0 nl=0,1,
inc/event/res/11/me11_04.txt#200#12,"（いや、嘆いてる場合じゃない。
　とにかくここから脱出しなくちゃ）","（不对，现在不是唉声叹气的时候。
　总之必须从这里逃出去）",translated,莎丽,3b7f724530,br=0 nl=1,2,
inc/event/res/11/me11_04.txt#201#12,"（まずはトロンネットワークの入る場所を
　探すんだ！）",（首先得找到有特伦网络信号的地方才行！）,translated,莎丽,0807b33eed,br=0 nl=1,2,
inc/event/res/11/me11_04.txt#239#12,ッ！！,！,translated,莎丽,9b8622f226,br=0 nl=0,1,
inc/event/res/11/me11_04.txt#240#12,くそっ、また！,可恶，又来了！,translated,莎丽,5ee3e10497,br=0 nl=0,1,
inc/event/res/11/me11_04.txt#247#12,"おい！
そこの貴様、待て！","喂！
那边的家伙，站住！",translated,警卫,912569051d,br=0 nl=1,2,
inc/event/res/11/me11_04.txt#248#12,ちっ！,啧！,translated,莎丽,b8723ee7f5,br=0 nl=0,1,
inc/event/res/11/me11_04.txt#262#12,待てぇッ！,站住――！,translated,警卫,652f1b6d73,br=0 nl=0,1,
inc/event/res/11/me11_04.txt#263#12,はっ、はっ、はっ……。,哈、哈、哈……,translated,莎丽,a3b4bfb466,br=0 nl=0,1,
inc/event/res/11/me11_04.txt#273#12,……うぅぅ、ドアが開かない！,……呜呜，门打不开！,translated,莎丽,80769920df,br=0 nl=0,1,
inc/event/res/11/me11_04.txt#274#12,"そこまでだ！
おとなしくしろ！！","到此为止了！
老实点束手就擒吧！！",translated,警卫,5e0c724f87,br=0 nl=1,2,
inc/event/res/11/me11_04.txt#275#12,く……ここまでなのか！,唔……只能到此为止了吗！,translated,莎丽,9b6020b109,br=0 nl=0,1,
inc/event/res/11/me11_04.txt#278#12,え！？,诶！？,translated,莎丽,4d2f18c9e0,br=0 nl=0,1,
inc/event/res/11/me11_04.txt#298#12,"おい！　ここを開けろ！
……くそがッ！！","喂！把门打开！
……混账东西！！",translated,警卫,7a5f1db4ad,br=0 nl=1,2,
inc/event/res/11/me11_04.txt#299#12,"助かった……。
シェルノトロンは……。","得救了……
榭鲁诺特伦呢……",translated,莎丽,84bcb35d0c,br=0 nl=1,2,
inc/event/res/11/me11_04.txt#301#12,"まだウェーブを掴まない。
動き回るしかないか。","还是搜寻不到波动信号。
只能继续四处走动试试看了吗。",translated,莎丽,35c82f5a78,br=0 nl=1,2,
inc/event/res/11/me11_04.txt#313#12,はっ、はっ、はっ……。,哈、哈、哈……,translated,莎丽,a3b4bfb466,br=0 nl=0,1,
inc/event/res/11/me11_04.txt#324#12,っく……はぁっ、はぁ……。,唔……呼、呼……,translated,莎丽,71bc964615,br=0 nl=0,1,
inc/event/res/11/me11_04.txt#339#12,く……くそぅ、どこもダメなのか……！？,可……可恶，到处都不行吗……！？,translated,莎丽,7940f3d397,br=0 nl=0,1,
inc/event/res/11/me11_04.txt#341#12,――ッ！,――！,translated,莎丽,7e6289fe46,br=0 nl=0,1,
inc/event/res/11/me11_04.txt#342#12,いいぞ、ウェーブが入った！,太好了，连上波动了！,translated,莎丽,5294abfa14,br=0 nl=0,1,
inc/event/res/11/me11_04.txt#343#12,"（短い間に、すごい数のメッセージが
　溜まってたんだな。
　全部クオンタイズから……？）","（在这么短的时间里，居然积攒了这么多消息。
　全都是库翁泰兹发来的……？）",translated,莎丽,972232949b,br=0 nl=2,3,
inc/event/res/11/me11_04.txt#346#12,……あ！！！,……啊！！！,translated,莎丽,d5b4aff4b6,br=0 nl=0,1,
inc/event/res/11/me11_04.txt#347#12,白鷹……白鷹からだ！,白鹰……是白鹰发来的！,translated,莎丽,0e05396ba4,br=0 nl=0,1,
inc/event/res/11/me11_04.txt#348#12,"（白鷹がメッセージを……
　僕が生きてるかどうかもわからないのに……
　あいつ！）","（白鹰竟然发来消息……
　明明连我是死是活都不知道……
　那个笨蛋！）",translated,莎丽,71d062a05e,br=0 nl=2,3,
inc/event/res/11/me11_04.txt#349#12,（内容は？）,（内容是什么？）,translated,莎丽,7bfdeff8ac,br=0 nl=0,1,
inc/event/res/11/me11_04.txt#353#12,（さっきの扉、白鷹が開けてくれたのか！）,（刚才那扇门，是白鹰替我打开的吗！）,translated,莎丽,b46d90ca09,br=0 nl=0,1,
inc/event/res/11/me11_04.txt#354#12,"（ジェノミライの専用線に潜って、
　艦内の様子を見張ってた……
　何てハッキング能力だ！）","（潜入杰诺米莱伊的专线，
　一直监视着舰内的情况……
　这是何等惊人的黑客实力啊！）",translated,莎丽,dd54a6b671,br=0 nl=2,3,
inc/event/res/11/me11_04.txt#355#12,"（あいつの技はすごい……僕に肩を並べられる
　ハッカーはお前くらいだ、白鷹……）","（那家伙的技术真神了……能与我并驾齐驱的
　黑客也就只有你了，白鹰……）",translated,莎丽,d2f4c6ab6d,br=0 nl=1,2,
inc/event/res/11/me11_04.txt#358#12,（──ッ！！）,（――！！）,translated,莎丽,02680fa34f,br=0 nl=0,1,
inc/event/res/11/me11_04.txt#359#12,"（リーヴェルトが、フォーシーズンの官僚の家に
　かくまわれている可能性だと！？）","（利维尔特有可能正被藏匿在
　四季官僚的府邸中！？）",translated,莎丽,dc500a153f,br=0 nl=1,2,
inc/event/res/11/me11_04.txt#360#12,"（やっぱり姿を隠していたのか……
　さっきの爆発も、あの男の差し金だ）","（果然是藏匿起来了吗……
　刚才的爆炸，也是那个男人指使的）",translated,莎丽,f1a03ad7a2,br=0 nl=1,2,
inc/event/res/11/me11_04.txt#361#12,"（同時に寝返ったPLASMAたちも動き出した……
　きっちり連動してる）","（与此同时倒戈叛变的PLASMA也展开了行动……
　配合得如此默契）",translated,莎丽,084d5e7276,br=0 nl=1,2,
inc/event/res/11/me11_04.txt#362#12,"（やっぱり、自分たちだけ助かろうって
　魂胆だろうな……）",（果然打着只有他们自己获救的如意算盘吧……）,translated,莎丽,759803ef14,br=0 nl=1,2,
inc/event/res/11/me11_04.txt#364#12,"（落ち着け。落ち着け、サーリ……
　とにかくいまは、できることをやるんだ）","（冷静点。冷静点，莎丽……
　总之现在先做力所能及的事）",translated,莎丽,4193ba92e2,br=0 nl=1,2,
inc/event/res/11/me11_04.txt#377#12,"（ここなら見つからないはずだ。
　白鷹に連絡を）","（这里应该不会被发现。
　得联络白鹰）",translated,莎丽,fb391401cb,br=0 nl=1,2,
inc/event/res/11/me11_04.txt#383#12,"サーリちゃん！
サーリちゃんなんだな！？","莎丽！
真的是莎丽吗！？",translated,白鹰,944eb1caf7,br=0 nl=1,2,
inc/event/res/11/me11_04.txt#384#12,"あぁ、僕だ。
よかった白鷹、無事なんだな？","嗯，是我。
太好了白鹰，你平安无事吧？",translated,莎丽,27e2d3a55d,br=0 nl=1,2,
inc/event/res/11/me11_04.txt#385#12,"サーリちゃんこそ！
ネットワーク中探し回ったんだぜ！？
ケガとかしてないよな！？","莎丽才让我担心呢！
我可是搜遍了整个网络啊！？
没受什么伤吧！？",translated,白鹰,52d16b100d,br=0 nl=2,3,
inc/event/res/11/me11_04.txt#386#12,"大丈夫だ。
お前からのメッセージも読んだ。
僕の状況だが……非常によろしくない。","我没事。
你发来的消息我也读了。
不过我目前的处境……非常不妙。",translated,莎丽,08131fa911,br=0 nl=2,3,
inc/event/res/11/me11_04.txt#387#12,"ちぇ、いつものことだな。
どうした？","切，又是老样子啊。
怎么回事？",translated,白鹰,c0c27bb8a1,br=0 nl=1,2,
inc/event/res/11/me11_04.txt#388#12,"いまジェノミライ研究所にいる。
このどこかに、キャスとクラケット博士が
いるはずだ。","我现在在杰诺米莱伊研究所。
凯斯和库拉肯特博士
应该就在这里的某个地方。",translated,莎丽,014529de39,br=0 nl=2,3,
inc/event/res/11/me11_04.txt#389#12,"ふたりの居場所を探って欲しい。
僕は自分のトロンを持っているだけで、
大したことはできないんだ。","希望能帮我探查他们两人的下落。
我手里只有自己的特伦，
做不了太深入的调查。",translated,莎丽,a370d05525,br=0 nl=2,3,
inc/event/res/11/me11_04.txt#390#12,"白鷹が頼りだ。
{クオンタイズ}も使ってくれていい。","全靠你了白鹰。
动用{库翁泰兹}的人手也无所谓。",translated,莎丽,8a8867efcf,br=1 nl=1,2,keep-terms {クオンタイズ}
inc/event/res/11/me11_04.txt#390#14,情報集約都市アルメティカでＰＬＡＳＭＡに捕らえられたイオンたちの元に、突如現れた組織の名称。<CR>その正体はコロン・フォーシーズンに拠点を持ち、<CR>サーリを中心とした世界救済を目的とした組織だった。ハードウェア、ソフトウェア双方の能力に長けた人材が集まっており、条件付きだが世界一硬いとされる<CR>ＰＬＡＳＭＡにすら侵入することが可能なほどである。<CR>コロン・フォーシーズンではイオンたちの協力の下、<CR>ジルの研究室に施された量子暗号（天文の最重要機密に使用されている恐ろしく強固な暗号）の解読にすら成功している。,在信息集约都市阿尔梅堤嘉被PLASMA抓获的依恩等人身边，突然现身的组织名称。<CR>其实际上是以克隆四季为据点、<CR>以莎丽为核心、以拯救世界为宗旨的组织。聚集了兼具卓越硬件与软件能力的人才，即便附带苛刻条件，也能侵入号称世界防守最严密的<CR>PLASMA内部。<CR>在克隆四季中，还在依恩等人的协助下，<CR>成功破译了布置在吉鲁研究室的量子密码（用于天文最高机密的极其坚不可摧的密码）。,translated,莎丽,f71328ef17,<CR> <CR> <CR> <CR> <CR> br=0 nl=0,1,keep-tags <CR>; src-longest-line=265
inc/event/res/11/me11_04.txt#391#12,おっし、わかったぜサーリちゃん！,好嘞，包在我身上了莎丽！,translated,白鹰,40061d94b7,br=0 nl=0,1,
inc/event/res/11/me11_04.txt#392#12,"見つかったらすぐに知らせてくれ、
僕が救出の実働部隊として動く。","一旦找到立刻通知我，
由我来负责执行实际营救。",translated,莎丽,7f7403a58a,br=0 nl=1,2,
inc/event/res/11/me11_04.txt#393#12,"無茶すんなよ、つっても……
無理なんだろうな。","就算叫你别乱来……
多半也是白费口舌吧。",translated,白鹰,63995b4e5f,br=0 nl=1,2,
inc/event/res/11/me11_04.txt#394#12,"そういうこと。
頼んだぞ！","就是这么回事。
拜托你了！",translated,莎丽,d38c147224,br=0 nl=1,2,
inc/event/res/11/me11_04.txt#395#12,任せろ！,交给我吧！,translated,白鹰,607f87dd9a,br=0 nl=0,1,
inc/event/res/11/me11_04.txt#400#12,"（お願いだ。
　ふたりとも、生きていてくれ……！）","（拜托了。
　你们两个人，千万要活着啊……！）",translated,莎丽,b983d2477d,br=0 nl=1,2,
inc/event/res/11/me11_05.txt#25#12,ぐっ……く、きゃぁっ！,咕……唔，呀啊！,translated,蕾娜露露,1bf93e9ba1,br=0 nl=0,1,
inc/event/res/11/me11_05.txt#28#12,"ぐはっ……あぁっ！
く、はぁ……はぁ……。","咕哈……啊！
唔、哈啊……哈啊……",translated,蕾娜露露,b2735d40b0,br=0 nl=1,2,
inc/event/res/11/me11_05.txt#39#12,"……我が娘、レナルル。
この私の力を奪おうとし、見くびり……
このザマだ。","……我的好女儿，蕾娜露露。
妄图夺取我的力量，对我百般轻视……
如今落得这副丑态。",translated,利维尔特,269a808b34,br=0 nl=2,3,
inc/event/res/11/me11_05.txt#40#12,"さぁよく見ろ。
このサーバーは誰のものだ？","来，看清楚了。
这台服务器究竟属于谁？",translated,利维尔特,4d5c8d8eef,br=0 nl=1,2,
inc/event/res/11/me11_05.txt#42#12,う、ぅ……。,呜、呜……,translated,蕾娜露露,7fa5ef300c,br=0 nl=0,1,
inc/event/res/11/me11_05.txt#43#12,"答えろ！
誰のものだ！！？？","回答我！
到底属于谁！！？？",translated,利维尔特,eec5c5e22f,br=0 nl=1,2,
inc/event/res/11/me11_05.txt#46#12,教えてやろう、私のものだ！,让我告诉你吧，是我的！,translated,利维尔特,8b7587404a,br=0 nl=0,1,
inc/event/res/11/me11_05.txt#47#12,"生涯をかけ、この俺が創った！！
ほかの誰にも成し遂げられはせぬ！！","是我倾尽毕生心血亲手创造的！！
任何其他人都不可能办到！！",translated,利维尔特,cd7341e0ad,br=0 nl=1,2,
inc/event/res/11/me11_05.txt#48#12,"俺のもの俺のモノオレノモノ！！
フハハハハハハッ！！！","是我的我的我的全都是我的！！
哇哈哈哈哈哈哈！！！",translated,利维尔特,ccd0c52f24,br=0 nl=1,2,
inc/event/res/11/me11_05.txt#60#12,"さぁネロよ！
我々の神にして奴隷、無力なる全能の存在よ！！","来吧妮诺！
我们的神明兼奴隶，无力的全能存在啊！！",translated,利维尔特,692d7700b1,br=0 nl=1,2,
inc/event/res/11/me11_05.txt#61#12,君のその超越的な力を、我らのために使うのだ！,将你那超越常理的力量，奉献给我们吧！,translated,利维尔特,b71cde7ea9,br=0 nl=0,1,
inc/event/res/11/me11_05.txt#77#12,"……ようやくここまで、時を巻き戻せた。
君にはこの場所がふさわしい……
いや、もとよりここが君の存在のすべて。","……历尽艰辛，总算将时间倒转回了原点。
这个地方才最适合你……
不，从一开始这里便是你存在的全部。",translated,利维尔特,ada5725d31,br=0 nl=2,3,
inc/event/res/11/me11_05.txt#78#12,"まったく……誰が自由を与えたのだ？
私に断りもなく、危険極まりないことを。","真是的……到底是谁擅自给了你自由？
连招呼都不和我打一声，干出如此危险之事。",translated,利维尔特,468a1461d1,br=0 nl=1,2,
inc/event/res/11/me11_05.txt#79#12,また私を、拘束するの？,你又要……束缚我吗？,translated,妮诺,49641053e6,br=0 nl=0,1,
inc/event/res/11/me11_05.txt#80#12,"この場所にいましめられる以外の生き方は、
君にはないのだよ。
それが、この世界の望みだからだ。","除了被禁锢于此处之外，
你根本没有其他的活法啊。
因为这正是这个世界的愿望。",translated,利维尔特,e5aa4cc705,br=0 nl=2,3,
inc/event/res/11/me11_05.txt#81#12,……約束してくれたのに。,……明明都答应过我了。,translated,妮诺,94f28888c0,br=0 nl=0,1,
inc/event/res/11/me11_05.txt#82#12,"約束とは人間同士が行うものだ。
君はその範疇には入っておらん。","约定是人类之间彼此许下的。
你根本不在这范畴之内。",translated,利维尔特,766dcd99cc,br=0 nl=1,2,
inc/event/res/11/me11_05.txt#83#12,さぁ、君にはまた無我の世界に戻ってもらうよ。,来吧，你还是老老实实回到忘我世界去吧。,translated,利维尔特,a9dac4f909,br=0 nl=0,1,
inc/event/res/11/me11_05.txt#84#12,いや、いや……！,不要，不要……！,translated,妮诺,891d590b70,br=0 nl=0,1,
inc/event/res/11/me11_05.txt#85#12,"聞き分けのないことだ。
私は君を支配する存在だということが
わからないのかね？","真是不识抬举。
难道你还不明白，我才是统御你的主宰吗？",translated,利维尔特,279ff5f4f5,br=0 nl=2,3,
inc/event/res/11/me11_05.txt#93#12,ぐ、あぁぁぁっ……！！,咕、啊啊啊……！！,translated,妮诺,8e642eb21e,br=0 nl=0,1,
inc/event/res/11/me11_05.txt#94#12,こ、心が……心が、こじ開けられる……！,心、心扉……心扉被硬生生撬开了……！,translated,妮诺,4bd24db271,br=0 nl=0,1,
inc/event/res/11/me11_05.txt#103#12,"これが人間の意志だと言うの？
私は約束してもらった、もう私を道具のように
扱わないって……！","难道这就是人类的意志吗？
他们明明答应过我，绝不再把我当成工具了……！",translated,妮诺,c9c4d2098d,br=0 nl=2,3,
inc/event/res/11/me11_05.txt#104#12,"ハッ！
誰がそのような約束などするものか。","哈！
谁会去遵守那种可笑的约定啊。",translated,利维尔特,8c4b8b8940,br=0 nl=1,2,
inc/event/res/11/me11_05.txt#105#12,"君はこの星のため、常に全存在を捧げねばならん。
これまでも、これからも。","为了这颗星球，你必须时刻奉献出全副身心。
无论过去还是未来皆是如此。",translated,利维尔特,e0f79d1900,br=0 nl=1,2,
inc/event/res/11/me11_05.txt#106#12,"そうでないなら、ただの『世界の破壊者』に
過ぎんのだからな。","否则的话，你就不过是一个
彻头彻尾的“世界破坏者”罢了。",translated,利维尔特,99f173c1a8,br=0 nl=1,2,
inc/event/res/11/me11_05.txt#107#12,"……5000年前。君は我々の祖先によって、
ラシェーラに連れて来られた。","……5000年前。你被我们的先祖
强行带到了拉榭拉。",translated,利维尔特,cf3fcff3ab,br=0 nl=1,2,
inc/event/res/11/me11_05.txt#108#12,"しかしその後、君がここに留まったおかげで、
我々は未曾有の危機に直面したのだよ。","然而在那之后，正因你滞留于此，
我们才面临了前所未有的灭顶危机。",translated,利维尔特,854cfab9e7,br=0 nl=1,2,
inc/event/res/11/me11_05.txt#109#12,君は5000年かけて、この星系を蝕んだのだ。,是你耗费了整整5000年，蚕食了这个星系。,translated,利维尔特,335d4378ae,br=0 nl=0,1,
inc/event/res/11/me11_05.txt#111#12,"創造と破壊は、ひとつの巨大な力のふたつの
側面だ。","创造与毁灭，本就是一股巨大力量的
两副面孔。",translated,利维尔特,5c5c7be41b,br=0 nl=1,2,
inc/event/res/11/me11_05.txt#112#12,君が蝕んだこの世界を、君は助ける義務がある。,对于被你侵蚀的世界，你理应背负拯救它的义务。,translated,利维尔特,54e35da56c,br=0 nl=0,1,
inc/event/res/11/me11_05.txt#113#12,"……たしかに、君のまわりをうろちょろしていた
ガキどもは、君を友達だとでも思っておるだろう
な。","……诚然，围绕在你身边的那些小鬼，
或许自作多情地把你当成了朋友吧。",translated,利维尔特,7c9f60f572,br=0 nl=2,3,
inc/event/res/11/me11_05.txt#114#12,"だがうぬぼれるな。
世界は君を、道具としてしか扱わぬ。
君は必要ない。君の力だけが必要なのだ。","但休得自以为是。
世界不过是将你当成道具罢了。
没人需要你，大家需要的只是你的力量。",translated,利维尔特,07e7c8fd59,br=0 nl=2,3,
inc/event/res/11/me11_05.txt#115#12,……遥か5000年前からの、これが真実だ。,……自遥远的5000年前起，这便是无可撼动的真相。,translated,利维尔特,30e2049375,br=0 nl=0,1,
inc/event/res/11/me11_05.txt#116#12,酷い！　酷い酷いひどい！,过分！太过分了太残忍了！,translated,妮诺,21ba20fdc0,br=0 nl=0,1,
inc/event/res/11/me11_05.txt#117#12,"全部貴様が撒いた種なのだ！！
貴様がサーバーでおとなしくしておれば！","这一切全都是你自作自受！！
你要是老老实实在服务器里待着的话！",translated,利维尔特,647a4aef81,br=0 nl=1,2,
inc/event/res/11/me11_05.txt#118#12,"あとたった数年おとなしくしておれば
私は安泰だった。
世界はあるべき姿で救われた！","哪怕只要再安分上短短数年，
我便高枕无忧了。
世界本该按原本的方案得以获救！",translated,利维尔特,571b05d79c,br=0 nl=2,3,
inc/event/res/11/me11_05.txt#119#12,"なのに！
貴様が余計なことをしたせいで私は！！
そのツケはいま、全部返してもらう！！","偏偏！
偏偏全因你多管闲事才害得我！！
这笔孽债，现在就给我连本带利全还回来！！",translated,利维尔特,5dab45c3c6,br=0 nl=2,3,
inc/event/res/11/me11_05.txt#120#12,処置班！　解析班！,处置班！解析班！,translated,利维尔特,e33f98e693,br=0 nl=0,1,
inc/event/res/11/me11_05.txt#135#12,く、あ、ひあぁぁっ……！！,咕、啊、呀啊啊……！！,translated,妮诺,c8d0d50e26,br=0 nl=0,1,
inc/event/res/11/me11_05.txt#136#12,"さぁ、指し示せ！
俯瞰視点によって、我らの新天地を！
その位置を、姿をここに！","来吧，指引出来吧！
凭借你的俯瞰视点，为我们指出新天地！
将它的坐标与姿容展现于此！",translated,利维尔特,c2879b6fa4,br=0 nl=2,3,
inc/event/res/11/me11_05.txt#137#12,あ゛あ゛あああああぁぁァァァーッ！！,啊啊啊啊啊啊啊啊――！！,translated,妮诺,871a03cf44,br=0 nl=0,1,
inc/event/res/11/me11_05.txt#145#12,"おお！
こ、これが……！","噢噢！
这、这就是……！",translated,利维尔特,7699caf589,br=0 nl=1,2,
inc/event/res/11/me11_05.txt#146#12,"美しい……暗黒に浮かぶ宝珠！
揺るぎなき新たな大地！！
これが！！！","太美了……悬浮在漆黑虚空中的宝珠！
坚不可摧的崭新大地！！
这就是！！！",translated,利维尔特,0b09b8f4df,br=0 nl=2,3,
inc/event/res/11/me11_05.txt#147#12,よし、この惑星の座標を記録しろ。,很好，立即记录这颗行星的坐标。,translated,利维尔特,f766c1a22c,br=0 nl=0,1,
inc/event/res/11/me11_05.txt#148#12,"同胞を集めよ！
新たなラシェーラへと向かうのだ！！","集结同胞！
向着全新的拉榭拉启程吧！！",translated,利维尔特,7083403c75,br=0 nl=1,2,
inc/event/res/11/me11_05.txt#161#12,"ちょっとネロ！
どうしたのよ、返事して！","喂妮诺！
怎么了，快回答我啊！",translated,凯斯,c14fc46df7,br=0 nl=1,2,
inc/event/res/11/me11_05.txt#167#12,どうした！,出什么事了！,translated,库拉肯特,4e8aba064e,br=0 nl=0,1,
inc/event/res/11/me11_05.txt#168#12,博士、停電！,博士，停电了！,translated,凯斯,300ce2343e,br=0 nl=0,1,
inc/event/res/11/me11_05.txt#169#12,そんなことはわかっておる！,这种事用不着你说我也知道！,translated,库拉肯特,c47a1de398,br=0 nl=0,1,
inc/event/res/11/me11_05.txt#170#12,"ネロと話してたの、そしたら突然電源が
全部落ちて……繋がらないの！","我刚才还在和妮诺说话，然后突然电源
全断了……怎么也连不上了！",translated,凯斯,cf5faf0dc4,br=0 nl=1,2,
inc/event/res/11/me11_05.txt#171#12,うぅむ、状況がわからんでは対処のしようがない。,唔唔，在不明情况的前提下根本无法应对。,translated,库拉肯特,21efcb619a,br=0 nl=0,1,
inc/event/res/11/me11_05.txt#172#12,どうしたら……。,那该怎么办……,translated,凯斯,a81e3ce415,br=0 nl=0,1,
inc/event/res/11/me11_05.txt#173#12,"仕方ない、ライトで照らしながら様子を探りに
出よう。慎重にな。","没辙了，打着手电探探情况去吧。
务必小心谨慎。",translated,库拉肯特,57d2ca2a42,br=0 nl=1,2,
inc/event/res/11/me11_05.txt#174#12,わかったわ。,我知道了。,translated,凯斯,7b77d837f5,br=0 nl=0,1,
inc/event/res/11/me11_05.txt#193#12,"ふン……ネロもようやくおとなしくなったわ。
抵抗などせねば、苦しまずにすんだものを。","哼……妮诺总算安静下来了。
明明不作无谓抵抗的话，就不用吃这些苦头了。",translated,利维尔特,28421e55b2,br=0 nl=1,2,
inc/event/res/11/me11_05.txt#196#12,"レナルル、さぁ行こう。
お前には最後に、やってもらいたいことが
あるからね。","蕾娜露露，走吧。
最后还有一件必须由你来做的事
等着你呢。",translated,利维尔特,22dcc4ed8a,br=0 nl=2,3,
inc/event/res/11/me11_05.txt#197#12,う……ぅ……。,呜……呜……,translated,蕾娜露露,e15a563128,br=0 nl=0,1,
inc/event/res/11/me11_05.txt#198#12,"新たな惑星までの３軸移動を成し遂げる、
詩が謳われねばならん。","必须有人咏唱诗歌，
完成前往新行星的3轴移动才行。",translated,利维尔特,5a9b265cf0,br=0 nl=1,2,
inc/event/res/11/me11_05.txt#199#12,"『詩姫』の力となってもらいたい。
できるね、我が愛娘よ。","我需要你借出‘诗姬’的力量。
办得到吧，我的爱女。",translated,利维尔特,065df495ee,br=0 nl=1,2,
inc/event/res/11/me11_06.txt#44#12,……お集まりの皆さん。,……诸位齐聚于此的同僚。,translated,利维尔特,1bdc584089,br=0 nl=0,1,
inc/event/res/11/me11_06.txt#46#12,"ここにおられるのは、崇高なる計画を
実現せんと、政府の要職において
多大なる尽力を頂いた方々──","在座的诸位，皆是在政府要职上
为实现这桩崇高伟业
倾注了巨大心血的功臣――",translated,利维尔特,30e05abe2a,br=0 nl=2,3,
inc/event/res/11/me11_06.txt#47#12,"貴重な私財を惜しまず投げうち、
また有能な人材をご提供くださった、
先見の明にあふれた方々ばかりである。","亦是不惜倾囊相助宝贵私产，
并慷慨提供优秀人才的、
极具真知灼见的杰出之士。",translated,利维尔特,1140484480,br=0 nl=2,3,
inc/event/res/11/me11_06.txt#58#12,"ここにおられるのは、
わずか１％の……選ばれた人たちだ。
世界を動かし、支配する力を持つ。","站在这里的，
是区区1%的……天选之人。
拥有撼动并统御世界的力量。",translated,利维尔特,7b876a89b6,br=0 nl=2,3,
inc/event/res/11/me11_06.txt#59#12,"……惑星ラシェーラは崩壊の危機に瀕し、
滅亡への道を進んでいる。","……行星拉榭拉正濒临崩坏，
在毁灭的道路上狂奔。",translated,利维尔特,0e25e98caf,br=0 nl=1,2,
inc/event/res/11/me11_06.txt#60#12,"１％！！
我々１％こそが人間である！！","1%！！
唯有我们这1%才是真正的人类！！",translated,利维尔特,bf7bac2970,br=0 nl=1,2,
inc/event/res/11/me11_06.txt#61#12,"優れた者こそが生き延び、
新天地においてより豊かな世界を築き、
新たな歴史を重ねることが許される！","唯有卓越之人才配存活下来，
在新天地中构建更繁盛的世界，
被准许翻开全新历史的篇章！",translated,利维尔特,adc33c7763,br=0 nl=2,3,
inc/event/res/11/me11_06.txt#62#12,"我々こそが！
まさに我々がその資格を持つ者！
神の手によって選ばれし者なのである！！","唯有我们！
正是我等才具备这等资格！
是由神明之手钦定挑选的天选之民！！",translated,利维尔特,6a894d276a,br=0 nl=2,3,
inc/event/res/11/me11_06.txt#77#12,だが、しかし――,但是，然而――,translated,利维尔特,ec6aeadf67,br=0 nl=0,1,
inc/event/res/11/me11_06.txt#78#12,"……その身分を保証され、要職を任されたにも
かかわらず、我々に反旗を翻した者がいる。","……有人分明蒙受了身份保障并委以要职，
却悍然向我们举起了反旗。",translated,利维尔特,ddc64f71b2,br=0 nl=1,2,
inc/event/res/11/me11_06.txt#79#12,"残念ながら……
我が娘、レナルル・タータルカだ。","令人痛心的是……
那正是我的女儿，蕾娜露露・塔塔尔卡。",translated,利维尔特,37540741ef,br=0 nl=1,2,
inc/event/res/11/me11_06.txt#81#12,生涯唯一の汚点……実に残念でならない。,这是我毕生唯一的污点……实在是遗憾之至。,translated,利维尔特,56060ea2e6,br=0 nl=0,1,
inc/event/res/11/me11_06.txt#82#12,"しかし彼女はその罪を懺悔し、
我々を新たな世界へ送るエネルギーの一部となる。
そう申し出てくれた。","然而她已悔悟自省，
并主动提出甘愿成为
将我们送往新世界的能量之一部分。",translated,利维尔特,17b275db0f,br=0 nl=2,3,
inc/event/res/11/me11_06.txt#83#12,"彼女の、その身を挺した最後の貢献を、
どうか認めてやってほしい……。","还望诸位能够赞许并接纳她
挺身而出的最后这份贡献……",translated,利维尔特,b10e7e6b03,br=0 nl=1,2,
inc/event/res/11/me11_06.txt#91#12,"そして、こちらにいらっしゃる
ジリリウム・リモナイト博士が、
我々を新天地へと送ってくれる。","同时，这位站在此处的
吉利利姆・利莫奈特博士，
将会把我们送往新天地。",translated,利维尔特,7fd916eb3d,br=0 nl=2,3,
inc/event/res/11/me11_06.txt#92#12,どうか、彼女に敬意を表してほしい。,请大家对她致以崇高的敬意。,translated,利维尔特,f13ceb9a70,br=0 nl=0,1,
inc/event/res/11/me11_06.txt#98#12,……ゲスが。,……人渣。,translated,吉鲁,d25388eb52,br=0 nl=0,1,
inc/event/res/11/me11_06.txt#100#12,"口は慎んだほうがいいな、ジリリウム。
それに、これは君にとってもまったく
好都合なことだと思うがね？","嘴巴还是放尊重些为好，吉利利姆。
况且，这对你而言不也是
极大的美事一件吗？",translated,利维尔特,c5f02e233c,br=0 nl=2,3,
inc/event/res/11/me11_06.txt#102#12,"我々がこの惑星を去ることで、
ジェノムを忌み嫌う者たちはぐっと減るわけだ。","只要我们离开这颗星球，
厌恶憎恨杰诺姆的人就会大幅锐减。",translated,利维尔特,bed53fa3c5,br=0 nl=1,2,
inc/event/res/11/me11_06.txt#103#12,"もはや反ジェノムの権力者はいなくなると
いってもいい。","甚至可以说反杰诺姆的当权者
将彻底不复存在。",translated,利维尔特,faa689c69e,br=0 nl=1,2,
inc/event/res/11/me11_06.txt#104#12,"それに、ネロももはや我々には不要だ。
君の自由にしたまえ。
……最初に約束したとおりの結果だろう？","更何况，妮诺对我们而言也已无利用价值。
任凭你处置便是。
……这不正和最初许诺的结果别无二致吗？",translated,利维尔特,a884f95c7d,br=0 nl=2,3,
inc/event/res/11/me11_06.txt#105#12,"この詩を謳って、私が無事でいられるとでも？
ふざけないで！","你以为咏唱完这首诗，我还能安然无恙吗？
少开玩笑了！",translated,吉鲁,d12849c045,br=0 nl=1,2,
inc/event/res/11/me11_06.txt#106#12,"それは君の頑張りしだいだよ。
まぁ３軸移動だ、最悪でも命は繋がるさ。","那全看你自身的造化了。
好歹是3轴移动，最坏也能勉强保住性命吧。",translated,利维尔特,c3265df741,br=0 nl=1,2,
inc/event/res/11/me11_06.txt#107#12,"それとも、いまここで銃弾に倒れるという
選択肢もなくはないが。どうするね？","抑或是，选择现在在此饮弹倒地身亡
也未尝不可。你意下如何？",translated,利维尔特,3e23d31f56,br=0 nl=1,2,
inc/event/res/11/me11_06.txt#108#12,く……っ！,咕……！,translated,吉鲁,3fb24ceb0d,br=0 nl=0,1,
inc/event/res/11/me11_06.txt#109#12,"そういうことだ。
どんなときでも命は粗末にせん方がいい。","这就对了。
不论何时，还是莫要轻生糟蹋性命为妙。",translated,利维尔特,fcbb483b7e,br=0 nl=1,2,
inc/event/res/11/me11_06.txt#110#12,"君には感謝しているよ。君の創ってくれた
{アストロサイト・モジュラトリ・ウィルス}と
その培養ノウハウは──","我十分感谢你。由你研制出的
{星形胶质细胞调节病毒}
及其培养技术――",translated,利维尔特,2e797e4e03,br=1 nl=2,3,keep-terms {アストロサイト・モジュラトリ・ウィルス}
inc/event/res/11/me11_06.txt#110#14,コロン・フォーシーズンでイオンと白鷹がジルの研究室から回収したウィルスと同一のもの。<CR>人間に投与することで、その肉体と精神を苗床として無限にシャールを生み続ける。<CR><CR>生み出されるシャールは予めウィルスにプリセットされたプログラムに乗っ取って行動する。そのため、ジルが行ったように自我を失くし、特定の行動のみを行わせることも可能であり、そうして生み出されたシャールは与えられた命令を忠実にこなす生きたロボットのような存在となる。,与依恩和白鹰在克隆四季中从吉鲁的研究室回收的病毒属于同一种。<CR>通过给人注射，会以该人肉体与精神作为温床，源源不断地生成夏尔。<CR><CR>诞生出的夏尔会遵照预先预设在病毒中的程序展开行动。因此，正如吉鲁所做的那样，可以让它们丧失自我、仅执行特定行动，如此诞生出的夏尔便成为了忠实执行既定指令的如同活体机器人般的存在。,translated,利维尔特,f605c460ae,<CR> <CR> <CR> br=0 nl=0,1,keep-tags <CR>; src-longest-line=222
inc/event/res/11/me11_06.txt#111#12,"未知の環境において、我々を力強く護ってくれる
ことだろう。","在未知的环境当中，想必能够
极其有力地守护我们吧。",translated,利维尔特,48f24f6b92,br=0 nl=1,2,
inc/event/res/11/me11_06.txt#112#12,リーヴェルト……！！,利维尔特……！！,translated,吉鲁,91cb52c5aa,br=0 nl=0,1,
inc/event/res/11/me11_06.txt#117#12,待ったぁぁぁーッ！！！,住手――！！！,translated,库拉肯特・凯斯,74d52c54c6,br=0 nl=0,1,
inc/event/res/11/me11_06.txt#135#12,貴様ら……ここで何をしておる！？,你们这帮家伙……在此做些什么！？,translated,库拉肯特,7acca511f9,br=0 nl=0,1,
inc/event/res/11/me11_06.txt#136#12,"おお、クラケット博士！
自らお出ましとは、まったく好都合です。","噢，库拉肯特博士！
您亲自现身，当真再合适不过了。",translated,利维尔特,4e04fd537f,br=0 nl=1,2,
inc/event/res/11/me11_06.txt#137#12,何だと！？,你说什么！？,translated,库拉肯特,0045f73dd6,br=0 nl=0,1,
inc/event/res/11/me11_06.txt#138#12,"あなた方も我らの一員としてお迎えしよう。
元は博士の研究だ、その権利は充分にある。","我们愿接纳二位成为同伴。
毕竟归根结底是博士的研究，您完全有这资格。",translated,利维尔特,af31b9f387,br=0 nl=1,2,
inc/event/res/11/me11_06.txt#140#12,リーヴェルト……！,利维尔特……！,translated,库拉肯特,8983c8dc09,br=0 nl=0,1,
inc/event/res/11/me11_06.txt#141#12,"それにお連れのお嬢さんは……
グレイコフの忘れ形見、キャスティだね。","而且同行的那位小姐……
正是古雷柯夫的遗孤，凯斯蒂吧。",translated,利维尔特,bccbfdf8ba,br=0 nl=1,2,
inc/event/res/11/me11_06.txt#142#12,気やすく呼ばないで！,别叫得那么亲热！,translated,凯斯,bf5b2696c4,br=0 nl=0,1,
inc/event/res/11/me11_06.txt#143#12,"お父上は、{チューブ・カンパニー}の創設に
深く関わり、ひいては我々の地位拡大に
大きく貢献してくれた人物だ。","令尊当年深度参与了{管体公司}的创立，
更为拓展我们的地位立下了赫赫功绩。",translated,利维尔特,3df4e95cc4,br=1 nl=2,3,keep-terms {チューブ・カンパニー}
inc/event/res/11/me11_06.txt#143#14,シェルノトロンのシェア７０％を占めるラシェーラ最大企業の企業だったが、新型シェルノトロンが暴走し、<CR>その研究塔もろとも爆発するという大事故によって、<CR>現在は最低限の生産活動のみが行われている。<CR>この事故によって、カンパニーの創設者であり、最高経営責任者でもあったネプツールと、新型シェルノトロンの中枢開発に関わったグレイコフが死亡しており、事故から一週間、カンパニーに関するニュースが流れない日はなかった。<CR>またこの事故に伴い、シェルノトロンへの影響を鑑みた天文行政はＰＬＡＳＭＡにシェルノトロンの使用制限権を一時委託、市民の安全を考慮して使用レベルの制限をかけていた。,曾是占据榭鲁诺特伦70%市场份额的拉榭拉最大企业，然而因新型榭鲁诺特伦失控，<CR>连同其研究塔一同爆炸的重大事故，<CR>如今仅维持着最低限度的生产活动。<CR>由于该起事故，公司的创始人兼首席执行官尼普楚尔，以及参与了新型榭鲁诺特伦中枢开发的古雷柯夫均告身亡，在事故发生后的一周里，没有一天不在播报关于该公司的相关新闻。<CR>此外伴随该起事故，考虑到对榭鲁诺特伦的影响，天文行政将榭鲁诺特伦的使用限制权暂时委托给了PLASMA，出于市民的安全考虑对其使用等级施加了限制。,translated,利维尔特,2f78e2ed84,<CR> <CR> <CR> <CR> br=0 nl=0,1,keep-tags <CR>; src-longest-line=297
inc/event/res/11/me11_06.txt#145#12,"やめてよ、お父さまはあんたなんかに
協力したくなかったんだから！","少胡说八道，父亲他才根本
不想协助你这种人呢！",translated,凯斯,f8ecb2eff8,br=0 nl=1,2,
inc/event/res/11/me11_06.txt#146#12,"こんなふうに自分の味方だけ助けて、
ほかの人は見放して、あとはどうなったって
いいって言うの！？　最低！！","像这样只救自己的同党，
对其余人弃之不顾，之后爱怎样都无所谓了吗！？
差劲透顶！！",translated,凯斯,ef7da1daec,br=0 nl=2,3,
inc/event/res/11/me11_06.txt#147#12,"ふむ……お嬢さんはどうやら、この世の仕組みに
ついてまだよく理解していないようだ。","唔……看来小姐对这个世界的运转法则
尚且缺乏足够的认知呢。",translated,利维尔特,d6edb52d74,br=0 nl=1,2,
inc/event/res/11/me11_06.txt#149#12,"いいかね。世界というものは、
上位１％が残りの９９％を支配し
コントロールして成り立っている。","听好了。所谓世界，
乃是由顶层1%支配并统御其余99%的人口
方得以维系统治的。",translated,利维尔特,2046cb05f1,br=0 nl=2,3,
inc/event/res/11/me11_06.txt#150#12,"自由主義とは、自由という看板の下で、
それと気づかせずに人々を使役するための
システムなのだ。","所谓自由主义，不过是打着自由的幌子，
在不为人所察觉的前提下驱使民众的系统罢了。",translated,利维尔特,3d9074cb67,br=0 nl=2,3,
inc/event/res/11/me11_06.txt#151#12,そんなの変よ、どこが自由なのよ！！,那种事太荒唐了，到底哪里自由了啊！！,translated,凯斯,3429e05adf,br=0 nl=0,1,
inc/event/res/11/me11_06.txt#152#12,"自分がどちらの側にいるのか、
知る自由は常にある。","你随时都拥有
知晓自己身处哪一侧的自由。",translated,利维尔特,aa6d51876d,br=0 nl=1,2,
inc/event/res/11/me11_06.txt#153#12,"そして、我々にはそれを知らせない
自由があるのだよ。","并且，我们亦拥有
不告知你们这一点的自由。",translated,利维尔特,55057a577b,br=0 nl=1,2,
inc/event/res/11/me11_06.txt#154#12,屁理屈言わないで！！,少在那儿强词夺理狡辩了！！,translated,凯斯,60930d0aec,br=0 nl=0,1,
inc/event/res/11/me11_06.txt#155#12,"はははは……さぁ君はいま、
新しいことを知ったよ？","哈哈哈哈……看吧，你现在
不就得知了新的真理吗？",translated,利维尔特,f12c82a55b,br=0 nl=1,2,
inc/event/res/11/me11_06.txt#156#12,"ここにいる人々は、新たな世界で生きるに
ふさわしい１％。世界を創造する優性遺伝子の
集まりだ。","聚集在此的人们，是配在新世界存续的1%。
是肩负再造乾坤使命的显性基因之集合体。",translated,利维尔特,f26a84629a,br=0 nl=2,3,
inc/event/res/11/me11_06.txt#157#12,"同じヒトの形をしていても、我々と残りの９９％
は、まったく別の種と言っても過言ではない。","纵使披着同样的人形外皮，我等与剩余的99%
亦不过是截然不同的物种，这毫不夸大。",translated,利维尔特,5ec00638e5,br=0 nl=1,2,
inc/event/res/11/me11_06.txt#158#12,"君はどちらを選ぶのかな。
私は君を……歓迎するよ？","你打算作何抉择呢。
我可是非常……欢迎你的哦？",translated,利维尔特,cfb3b2c83c,br=0 nl=1,2,
inc/event/res/11/me11_06.txt#159#12,くぅぅ……！,咕呜呜……！,translated,凯斯,3b3f6d5a66,br=0 nl=0,1,
inc/event/res/11/me11_06.txt#161#12,虚言を弄すな、リーヴェルト！,休得搬弄巧舌谎言，利维尔特！,translated,库拉肯特,a34827d4b2,br=0 nl=0,1,
inc/event/res/11/me11_06.txt#162#12,ほう？,哦？,translated,利维尔特,53cdc3bf20,br=0 nl=0,1,
inc/event/res/11/me11_06.txt#163#12,"大体、移住先だってわからんはずだ！
適当に座標を指定したって、
絶対零度の真空があるだけだ！","说到底，你们根本不可能知晓移民目标地！
随便胡乱指定一串坐标，
前方等待你们的只有绝对零度的死寂真空！",translated,库拉肯特,528fcb26bf,br=0 nl=2,3,
inc/event/res/11/me11_06.txt#164#12,"ご心配には及びません。
我らの仲間、ネロが教えてくれた。","劳您费心了。不必担心，
我们的伙伴妮诺已经指引给我们了。",translated,利维尔特,4a0b6f8257,br=0 nl=1,2,
inc/event/res/11/me11_06.txt#165#12,何だと！？,你说什么！？,translated,库拉肯特,0045f73dd6,br=0 nl=0,1,
inc/event/res/11/me11_06.txt#166#12,彼女は我々を、快く送り出してくれる。,她非常乐意将我们送上征途。,translated,利维尔特,db99970185,br=0 nl=0,1,
inc/event/res/11/me11_06.txt#168#12,"うそ……嘘よ、でたらめよそんなの！！
人の住める星……ネロが……。","骗人……那是谎话，全是胡扯鬼话！！
宜居的星球……妮诺她……",translated,凯斯,999ce91109,br=0 nl=1,2,
inc/event/res/11/me11_06.txt#169#12,"本当だとも。私たちが困っていると訴えたら、
居住可能な惑星を探し、
転送することも快諾してくれたのだ。","千真万确。当我们向她倾诉苦衷之后，
她便欣然应允寻找宜居行星，
并答应负责空间传送了。",translated,利维尔特,a627567194,br=0 nl=2,3,
inc/event/res/11/me11_06.txt#170#12,嘘よッ！！,你撒谎！！,translated,凯斯,9d590054da,br=0 nl=0,1,
inc/event/res/11/me11_06.txt#171#12,本当だ！,这是事实！,translated,利维尔特,9af4b78bcf,br=0 nl=0,1,
inc/event/res/11/me11_06.txt#173#12,"さぁ君たちも来たまえ。
我々には優秀な科学者も、
子孫を生み増やせる若者も必要なのだ。","来吧，二位也一道同行吧。
我们需要杰出的科学家，
亦需要能够繁衍生息的年轻血脉。",translated,利维尔特,6d8ee1aff2,br=0 nl=2,3,
inc/event/res/11/me11_06.txt#174#12,絶対イヤ！！,打死我也不去！！,translated,凯斯,5f0d2f41ed,br=0 nl=0,1,
inc/event/res/11/me11_06.txt#176#12,"私もごめんこうむる！
いますぐこのバカげた計画をやめるんだ！！","老夫也恕不奉陪！
立即给我停止这场荒谬绝伦的勾当！！",translated,库拉肯特,51409e196a,br=0 nl=1,2,
inc/event/res/11/me11_06.txt#177#12,"ふン……どこまでも現状認識のできぬ愚か者め。
だが、もう遅い！","哼……当真是不知天高地厚审不清局势的蠢才。
不过，为时已晚了！",translated,利维尔特,6b838418c7,br=0 nl=1,2,
inc/event/res/11/me11_06.txt#178#12,何！？,什么！？,translated,库拉肯特,377b031194,br=0 nl=0,1,
inc/event/res/11/me11_06.txt#188#12,え、なっ……何なのよぅ！,诶，这……这算怎么回事啊！,translated,凯斯,487aaebb74,br=0 nl=0,1,
inc/event/res/11/me11_06.txt#189#12,"リーヴェルト、トロンを止めろ！！
こんな大勢を移動させるエネルギーが、
どれだけ地殻を抉るかわからんのか！！","利维尔特，快停下特伦！！
传送如此庞大规模人数所需的能量，
难道你不知道会撕裂多么剧烈的地壳吗！！",translated,库拉肯特,792b386be8,br=0 nl=2,3,
inc/event/res/11/me11_06.txt#190#12,"わかっていますよ、もちろん。
私も元研究者ですからねぇ。","我当然清楚，那是自然的。
毕竟我也曾是研究员出身呢。",translated,利维尔特,2f966e7249,br=0 nl=1,2,
inc/event/res/11/me11_06.txt#194#12,さあ謳いなさい、ジリリウム博士！！,来吧放声咏唱吧，吉利利姆博士！！,translated,利维尔特,9b891fdc88,br=0 nl=0,1,
inc/event/res/11/me11_06.txt#195#12,やめるんだ！！,住手啊！！,translated,库拉肯特,3d78bed5c3,br=0 nl=0,1,
inc/event/res/11/me11_06.txt#228#12,きゃああああ！,呀啊啊啊啊！,translated,凯斯,ed12595efc,br=0 nl=0,1,
inc/event/res/11/me11_06.txt#229#12,"む、くっ……。
これは絶対に止めねばならん！","唔、咕……
这无论如何也必须阻止！",translated,库拉肯特,9335a76d7d,br=0 nl=1,2,
inc/event/res/11/me11_06.txt#230#12,"さもなくば、我々はおろか、
この星に残る者たちが……！","否则不仅是我等，
连留在这颗星球上的所有生灵都将……！",translated,库拉肯特,f93ac2f314,br=0 nl=1,2,
inc/event/res/11/me11_06.txt#231#12,そんな！,怎么会这样！,translated,凯斯,531931fa43,br=0 nl=0,1,
inc/event/res/11/me11_06.txt#232#12,キャス。,凯斯。,translated,库拉肯特,8d2d65449d,br=0 nl=0,1,
inc/event/res/11/me11_06.txt#233#12,は、はい。,在、在。,translated,凯斯,eef30d3fcf,br=0 nl=0,1,
inc/event/res/11/me11_06.txt#234#12,"万が一のときは、この身にかえても
災厄を防がねばならん。","万一事态紧急，即便粉身碎骨
老夫也必须阻挡灾厄降临。",translated,库拉肯特,98c0381782,br=0 nl=1,2,
inc/event/res/11/me11_06.txt#235#12,これを。,拿上这个。,translated,库拉肯特,c9cadd62a5,br=0 nl=0,1,
inc/event/res/11/me11_06.txt#238#12,これは！？,这是什么！？,translated,凯斯,07375633cf,br=0 nl=0,1,
inc/event/res/11/me11_06.txt#239#12,"頼む。サーリに渡してほしい。
あの子なら、いつかこの意味を
きっと理解するはずだ。","拜托了。请替我转交给莎丽。
若是那孩子，日后必定能领悟其真意。",translated,库拉肯特,10977baa13,br=0 nl=2,3,
inc/event/res/11/me11_06.txt#240#12,"ダメっ！
自分で渡して！　そうじゃなきゃ……
ここで死んじゃうってことでしょ！？","不行！
要给就自己去给！不然的话……
岂不是说你打算牺牲在这里了吗！？",translated,凯斯,3e5f0d64c7,br=0 nl=2,3,
inc/event/res/11/me11_06.txt#242#12,"心配するな、もしものためのバックアップだよ、
バックアップ。","别担心，只是以防万一的备份罢了，
备份。",translated,库拉肯特,550c87b1a2,br=0 nl=1,2,
inc/event/res/11/me11_06.txt#243#12,でも！,可是！,translated,凯斯,ba97081cae,br=0 nl=0,1,
inc/event/res/11/me11_06.txt#244#12,"さぁここは危険だ、君は早く地上に出て、
サーリのところへ！","这里太危险了，你快回到地面上去，
赶快去找莎丽！",translated,库拉肯特,d061d2aaab,br=0 nl=1,2,
inc/event/res/11/me11_06.txt#245#12,イヤよ、私だけ逃げるなんて絶対……！,我不要，绝不可能丢下你一个人逃跑……！,translated,凯斯,3130af490a,br=0 nl=0,1,
inc/event/res/11/me11_06.txt#246#12,お待ちなさい！！,全都给我住手！！,translated,卡诺,0f125819d9,br=0 nl=0,1,
inc/event/res/11/me11_06.txt#266#12,ッ！,！,translated,库拉肯特,8f7bcb3a89,br=0 nl=0,1,
inc/event/res/11/me11_06.txt#267#12,"か、カノン！？
それに……イオン！","卡、卡诺！？
还有……依恩！",translated,凯斯,e90eabdd77,br=0 nl=1,2,
inc/event/res/11/me11_06.txt#268#12,"……ッ！
カノイール！？","……！
卡诺伊尔！？",translated,吉鲁,ab3fd7abfd,br=0 nl=1,2,
inc/event/res/11/me11_06.txt#269#12,"いや、違う……！
感じる、まさか！！","不，不对……！
我感觉到了，难不成！！",translated,吉鲁,10f17eb6e2,br=0 nl=1,2,
inc/event/res/11/me11_06.txt#304#14,女Ｂ,女子Ｂ,translated,,df18267f61,br=0 nl=0,1,
inc/event/res/11/me11_06.txt#304#15,空を見上げる女,仰望天空的女子,translated,,8174195024,br=0 nl=0,1,
inc/event/res/11/me11_06.txt#305#14,男Ａ,男子Ａ,translated,,de6b984bda,br=0 nl=0,1,
inc/event/res/11/me11_06.txt#305#15,空を見上げる男,仰望天空的男子,translated,,717967d00a,br=0 nl=0,1,
inc/event/res/11/me11_06.txt#306#14,男Ｂ,男子Ｂ,translated,,2a7395800c,br=0 nl=0,1,
inc/event/res/11/me11_06.txt#306#15,狼狽する男,惊慌失措的男子,translated,,1955721129,br=0 nl=0,1,
inc/event/res/11/me11_06.txt#312#12,何だい、どうしたってんだい！？,怎么了，到底出什么事了！？,translated,鲁雷,3d488a8dfc,br=0 nl=0,1,
inc/event/res/11/me11_06.txt#313#12,"ジェノムよ！
ほら、ソラにもあんなに！！","是杰诺姆！
看啊，连空中也有那么多！！",translated,女子Ｂ,d484448200,br=0 nl=1,2,
inc/event/res/11/me11_06.txt#345#12,"こんなにたくさんのジェノムが一直線に……
この先は縦貫坑道じゃないか！？","这么多杰诺姆排成一条直线……
前方不正是纵贯坑道吗！？",translated,男子Ｂ,d475d0e2b9,br=0 nl=1,2,
inc/event/res/11/me11_06.txt#346#12,"何でだよ！
一体何が起こるんだ！？","怎么会这样！
到底要发生什么事了！？",translated,男子Ａ,4cbea7dc7d,br=0 nl=1,2,
inc/event/res/11/me11_06.txt#347#12,こりゃ大変だ！！,这下可不得了了！！,translated,鲁雷,fd5b8ffb4d,br=0 nl=0,1,
inc/event/res/11/me11_06.txt#348#12,世界が終わったって、おかしかないね……。,就算世界因此玩完，也不足为奇了呢……,translated,鲁雷,d175c5951e,br=0 nl=0,1,
inc/event/res/11/me11_07.txt#35#14,カノン,卡诺,translated,,5a6fa752cb,br=0 nl=0,1,
inc/event/res/11/me11_07.txt#35#15,コーザル,考扎尔,translated,,add1deaef8,br=0 nl=0,1,
inc/event/res/11/me11_07.txt#52#12,"カノイールに……イオナサル！
おのれ、いまさら何を！","卡诺伊尔……还有依欧娜萨鲁！
可恶，事到如今还来做什么！",translated,利维尔特,87bd492b6b,br=0 nl=1,2,
inc/event/res/11/me11_07.txt#54#12,"リーヴェルトさん！
いますぐトロンを止めてください！","利维尔特先生！
请立刻停下特伦！",translated,依恩,6b609d62ec,br=0 nl=1,2,
inc/event/res/11/me11_07.txt#55#12,"フハハッ、もう遅いわ！
我らはこれより時空を超え新天地へ行く！
滅び行く星とともに滅びよ！","哇哈哈，为时已晚了！
我等自此刻起将跨越时空前往新天地！
你们就与这颗走向毁灭的星球一同消亡吧！",translated,利维尔特,f955103277,br=0 nl=2,3,
inc/event/res/11/me11_07.txt#57#12,"愚かな！
愚かなりリーヴェルト！","愚蠢！
何其愚蠢啊利维尔特！",translated,卡诺,b8dbd8b4b0,br=0 nl=1,2,
inc/event/res/11/me11_07.txt#58#12,何だと！？,你说什么！？,translated,利维尔特,0045f73dd6,br=0 nl=0,1,
inc/event/res/11/me11_07.txt#59#12,"我らが生命を与えてくれたラシェーラを、
粉々に砕くというのですか！","难道你要将赐予我们生命的拉榭拉，
击得粉身碎骨吗！",translated,卡诺,f42c043f4a,br=0 nl=1,2,
inc/event/res/11/me11_07.txt#69#12,……コーザル。,……考扎尔。,translated,吉鲁,0079bbec07,br=0 nl=0,1,
inc/event/res/11/me11_07.txt#70#12,何！？,什么！？,translated,利维尔特,377b031194,br=0 nl=0,1,
inc/event/res/11/me11_07.txt#71#12,"あれはジェノムの王、コーザル。
カノイールの肉体を借りて顕現したのだ、
私にはわかる……！","那是杰诺姆之王，考扎尔。
借由卡诺伊尔的肉身降临显现了，
我能够感应得到……！",translated,吉鲁,a6bda1b653,br=0 nl=2,3,
inc/event/res/11/me11_07.txt#73#12,"ハッ……そうか。ジェノムの王があんな小娘の
力を借りぬと姿も現せぬとはな。笑わせる！","哈……是吗。堂堂杰诺姆之王，
若不借用那种小丫头的肉身便连现形都办不到吗。
真是令人发笑！",translated,利维尔特,3e0e061a4f,br=0 nl=1,2,
inc/event/res/11/me11_07.txt#89#12,コーザル！！,考扎尔！！,translated,利维尔特,f095e9549c,br=0 nl=0,1,
inc/event/res/11/me11_07.txt#90#12,"我々とて生きるため、持てる力を尽くしておるに
すぎぬ！","我等亦不过是为了求生，
而竭尽所能倾注全力罢了！",translated,利维尔特,ff27b7bf41,br=0 nl=1,2,
inc/event/res/11/me11_07.txt#93#12,"世迷言を！
我らを愛で包む惑星を失い、その庇護なしに
一体何ができると言うのです！","荒唐胡言！
失去以爱庇佑我们的星球，若无这等庇护，
你们究竟又能成得了什么气候！",translated,卡诺,2aeed428b8,br=0 nl=2,3,
inc/event/res/11/me11_07.txt#94#12,"あなた方のほかにも、生きとし生けるものは
無数にいるのです。
その命を犠牲にするというのですか！？","除了你们之外，世间尚有无数芸芸众生。
难道你要将那些生灵的性命统统牺牲掉吗！？",translated,卡诺,bd0208883a,br=0 nl=2,3,
inc/event/res/11/me11_07.txt#95#12,犠牲ではない……これは淘汰だ。,那并非牺牲……这叫优胜劣汰。,translated,利维尔特,c2aa5ede9d,br=0 nl=0,1,
inc/event/res/11/me11_07.txt#96#12,何ですって！？,你说什么！？,translated,卡诺,527d88e2bd,br=0 nl=0,1,
inc/event/res/11/me11_07.txt#105#12,"進歩のない者、自分で自分を高めることの
できぬ者は淘汰される。
それが天の理法というもの。","不知进取之人、无法自我提升之人必遭淘汰。
这正是天道法则。",translated,利维尔特,1a8ba0ba65,br=0 nl=2,3,
inc/event/res/11/me11_07.txt#106#12,"私の創り出したこの状況ですら理法の内、
自然界の一現象にすぎない。","就连我亲手造就的此等局面，亦在法则之中，
不过是自然界的一种演变现象罢了。",translated,利维尔特,86e9e6cd71,br=0 nl=1,2,
inc/event/res/11/me11_07.txt#107#12,"なぜなら私自身が自然界に存在する物質であり、
エネルギーであり、命なのだから。","因为我自身便是存在于自然界的物质、
能量，以及生命。",translated,利维尔特,301bb905c3,br=0 nl=1,2,
inc/event/res/11/me11_07.txt#108#12,"バーストが街を炙れば、そこにいる鳥も虫も獣も、
焼かれまいと炎から逃げ出すだろう、ならば！","爆炸若焚烧街市，那里的鸟兽虫豸为了不被烧死
亦会争相逃离火海吧。既然如此！",translated,利维尔特,abf6f2f4fa,br=0 nl=1,2,
inc/event/res/11/me11_07.txt#111#12,"私がこの星を潰してでも新天地で生き延びようと
することは、天の理法にかなっているのだ。","我哪怕粉碎这颗星球亦要前往新天地求生，
亦完全顺应了天理法则。",translated,利维尔特,a5b1d93bc1,br=0 nl=1,2,
inc/event/res/11/me11_07.txt#113#12,"強者が生き残り、弱者は滅びる。
ただそれだけのことが、いまこの場所でも
起きているだけなのですよ。","强者生存，弱者败亡。
不过是这等至理，此刻正于此地上演罢了。",translated,利维尔特,9170719667,br=0 nl=2,3,
inc/event/res/11/me11_07.txt#116#12,"……そうですか、わかりました。
ならばその摂理に、私も従いましょう。","……是吗，我明白了。
既然如此，我便亦依循这道法则行事吧。",translated,卡诺,d36efaa5b4,br=0 nl=1,2,
inc/event/res/11/me11_07.txt#118#12,"あなたたちは一度現世を離れ、
未熟な魂としてふたたび己を磨くがよろしい！","尔等还是暂且告离现世，
化作未熟之魂再次好好磨砺自身吧！",translated,卡诺,d720371a34,br=0 nl=1,2,
inc/event/res/11/me11_07.txt#123#12,契絆想界詩……！,契绊想界诗……！,translated,吉鲁,4bdabde6d6,br=0 nl=0,1,
inc/event/res/11/me11_07.txt#132#12,"──ジェノムたちよ、私と{チェイン}を！
研ぎ澄まされた魂と想いを繋ぎ、
最強の結界と成すのです！","――众杰诺姆啊，与我建立{连锁}！
将高度凝聚的灵魂与思念相连，
构筑起最强的结界吧！",translated,卡诺,732098a786,br=1 nl=2,3,keep-terms {チェイン}
inc/event/res/11/me11_07.txt#132#14,ジェノムは詩魔法に使うためのエネルギー（人間の精神力）を、自由に受け渡しをすることができる。簡単に言えば、人間の心の扉を開いて、他の人の勇気や希望をもらって、より強力な詩魔法の動力源とする事が出来るのである。<CR>これは、ジェノム同士の精神が繋がることによって行われるもので、それはすなわち、同調している人間同士も精神的に繋がっている状態になる。<CR><CR>あくまで想いの力を共有するだけである故、反発する感情が有る場合、チェインは上手く行かない。自分と想い同じくしている人とでないと、チェインによる詩魔法の増幅は出来ないのである。,杰诺姆能够自由地传递用于诗魔法的能量（人类的精神力）。简而言之，就是能够敞开人类的心扉，借取他人的勇气与希望，以此作为更强大的诗魔法动力源。<CR>这是通过杰诺姆彼此之间的精神相连来实现的，也就是说，与它们同调的人类彼此之间也会处于精神相连的状态。<CR><CR>由于归根结底只是共享心愿与意志的力量，若是存在抗拒抵触的情感，连锁便无法顺利进行。唯有与心意相通之人携手，才能够通过连锁来增幅诗魔法。,translated,卡诺,8f2e9e2ef3,<CR> <CR> <CR> br=0 nl=0,1,keep-tags <CR>; src-longest-line=269
inc/event/res/11/me11_07.txt#166#12,"くそッ……いいだろう、
トロンの出力を上げてやる！","可恶……好啊，
那就把特伦的输出功率拉满！",translated,利维尔特,96c7914e65,br=0 nl=1,2,
inc/event/res/11/me11_07.txt#175#12,"何の！
生命の秘める力を見くびるな！","休想！
休得小觑生命所蕴含的力量！",translated,卡诺,8942352828,br=0 nl=1,2,
inc/event/res/11/me11_07.txt#176#12,フフ……いつまで持ちこたえられるかな？,呵呵……看你能支撑到何时？,translated,利维尔特,0ab92af072,br=0 nl=0,1,
inc/event/res/11/me11_07.txt#183#12,ぬおおおおお！,唔噢噢噢噢！,translated,库拉肯特,c4b02c5a36,br=0 nl=0,1,
inc/event/res/11/me11_07.txt#184#12,博士！,博士！,translated,凯斯,89f4c444d4,br=0 nl=0,1,
inc/event/res/11/me11_07.txt#199#12,クラケット、そこに触るなァ！！,库拉肯特，别碰那里！！,translated,利维尔特,e15b34428b,br=0 nl=0,1,
inc/event/res/11/me11_07.txt#200#12,"おおおおおおお！
私がこの手で決着を──！","噢噢噢噢噢噢噢！
由老夫亲手来做个了断――！",translated,库拉肯特,cfba31575a,br=0 nl=1,2,
inc/event/res/11/me11_07.txt#202#12,くっ！,咕！,translated,利维尔特,e94c6f5851,br=0 nl=0,1,
inc/event/res/11/me11_07.txt#212#12,ぐあァッ！,咕哇！,translated,库拉肯特,2aee9509ef,br=0 nl=0,1,
inc/event/res/11/me11_07.txt#222#12,博士ー！,博士――！,translated,凯斯,70cb7c12bf,br=0 nl=0,1,
inc/event/res/11/me11_07.txt#223#12,己の無力を悔いながらそこで死ね、クラケット！,为自己的无能痛悔并在那里受死吧，库拉肯特！,translated,利维尔特,b60cdf0c8e,br=0 nl=0,1,
inc/event/res/11/me11_07.txt#239#12,えーい！,看招！,translated,凯斯,c280e3e6cf,br=0 nl=0,1,
inc/event/res/11/me11_07.txt#257#12,ぐわッ！,咕哇！,translated,利维尔特,fb41660fa0,br=0 nl=0,1,
inc/event/res/11/me11_07.txt#268#12,このガキァ！,你这小鬼！,translated,警卫,80fca81901,br=0 nl=0,1,
inc/event/res/11/me11_07.txt#273#12,きゃああっ！？,呀啊啊！？,translated,凯斯,c241056209,br=0 nl=0,1,
inc/event/res/11/me11_07.txt#292#12,"エネルギーが蓄積されていない、
コーザルの結界のせいか！","能量没有积蓄起来，
是因为考扎尔的结界吗！",translated,利维尔特,494290e0f9,br=0 nl=1,2,
inc/event/res/11/me11_07.txt#293#12,いまいましい、これでどうだ！,真碍事，尝尝这个如何！,translated,利维尔特,bb4f363c85,br=0 nl=0,1,
inc/event/res/11/me11_07.txt#294#12,"出力を極限まで上げてやる……
耐えられるはずがないわ！","把输出功率拉升至极限……
你们绝不可能抵挡得住！",translated,利维尔特,bf5a64d50e,br=0 nl=1,2,
inc/event/res/11/me11_07.txt#327#12,ふはははは……！,哈哈哈哈……！,translated,利维尔特,ee9a1b3a73,br=0 nl=0,1,
inc/event/res/11/me11_07.txt#333#12,"リーヴェルト、やめなさい！
結界のジェノムが力尽きて、
{力場}に吸収されている！　やめて！！","利维尔特，快住手！
结界中的杰诺姆力竭，
正被吸入{力场}之中！快停下！！",translated,吉鲁,f53ca6d817,br=1 nl=2,3,keep-terms {力場}
inc/event/res/11/me11_07.txt#333#14,縦貫坑道の奥深くにあるジェノミライ。そこからさらに奥深く進んだ先にあるのが『大深度地下エネルギー圧縮施設』、通称『力場』である。<CR>ここにはクラケットが長い年月をかけて製造した巨大な真空管が設置されており、この真空管とチェインして詩魔法を詠唱することで周辺の物質が収束及び超圧縮され膨大なエネルギーを秘めた一つの塊となる。そのエネルギーを用いることによって次元移動すらも可能とすることができるのである。<CR>ただし、この収束と圧縮は詩魔法詠唱者の周囲を除く全てを無差別に行うため、詠唱中、力場周辺は非常に危険な状態となる。いわば小さなブラックホールを生み出すようなものである。,位于纵贯坑道深处的杰诺米莱伊。从该处进一步向深处进发后抵达的，便是“大深度地下能量压缩设施”，通称“力场”。<CR>这里安装有库拉肯特历经悠久岁月制造的巨大真空管，通过与该真空管连锁并咏唱诗魔法，周遭的物质将被收束并进行超压缩，凝聚成蕴含庞大能量的集合体。利用该能量，甚至连跨越次元的移动也能够实现。<CR>然而，这项收束与压缩会对除诗魔法咏唱者周围以外的一切事物无差别进行，因此在咏唱期间，力场周围将处于极度危险的状态。可以说宛如创造出了一个微型黑洞。,translated,吉鲁,cab5be51c6,<CR> <CR> br=0 nl=0,1,keep-tags <CR>; src-longest-line=291
inc/event/res/11/me11_07.txt#334#12,"なに、奴らも３軸移動のエネルギーと
なってもらうまで！","哼，正好让那帮家伙也沦为
3轴移动的能量来源！",translated,利维尔特,ea13eeda3e,br=0 nl=1,2,
inc/event/res/11/me11_07.txt#354#12,……っく、はぁ、はぁ、……。,……唔、咕，哈啊、哈啊……,translated,卡诺,1798f9eda9,br=0 nl=0,1,
inc/event/res/11/me11_07.txt#355#12,カノンさ……コーザルさん！！,卡诺……考扎尔！！,translated,依恩,9f365c673d,br=0 nl=0,1,
inc/event/res/11/me11_07.txt#356#12,"……イオナサル。
どうやら私はもう限界です。","……依欧娜萨鲁。
看来我已经到极限了。",translated,卡诺,9dd363263f,br=0 nl=1,2,
inc/event/res/11/me11_07.txt#357#12,えっ！？,诶！？,translated,依恩,d0266993ff,br=0 nl=0,1,
inc/event/res/11/me11_07.txt#358#12,カノイールの肉体も、私自身の魂も……。,卡诺伊尔的肉身，以及我自身的灵魂也是……,translated,卡诺,54204449c7,br=0 nl=0,1,
inc/event/res/11/me11_07.txt#359#12,そんな、コーザルさん！,怎么会，考扎尔！,translated,依恩,27fc6c2142,br=0 nl=0,1,
inc/event/res/11/me11_07.txt#360#12,"この者たちを行かせてしまえば、
いずれ宇宙の果てでも……
また同じ災厄を引き起こすでしょう。","若是放任这帮狂徒离去，
日后即便在宇宙彼端……
亦必将重演同样的灾厄吧。",translated,卡诺,fe83659c29,br=0 nl=2,3,
inc/event/res/11/me11_07.txt#361#12,"私と、いまここにいるジェノムたちは……
命と引き換えにしても、愚かな旅立ちを
阻止せねばなりません。","我与此刻身在此处的众杰诺姆……
纵使以命相搏，
亦必须粉碎这场愚蠢的远航。",translated,卡诺,2f6c794632,br=0 nl=2,3,
inc/event/res/11/me11_07.txt#362#12,"イオナサル、あなたはお逃げなさい。
一刻も早く！","依欧娜萨鲁，你快逃走吧。
刻不容缓！",translated,卡诺,fa0fbde7ec,br=0 nl=1,2,
inc/event/res/11/me11_07.txt#363#12,"そんなことできません、
カノンさんも、コーザルさんも置いて──",我怎么能丢下卡诺和考扎尔离开呢――,translated,依恩,de2c61b273,br=0 nl=1,2,
inc/event/res/11/me11_07.txt#364#12,行くのです!,快走！,translated,卡诺,500690a5b1,br=0 nl=0,1,
inc/event/res/11/me11_07.txt#365#12,"あなたには、人間として果たさねばならない
大切な役割があります。","你作为人类，
有着必须去践行的崇高使命。",translated,卡诺,cf81cdc4ff,br=0 nl=1,2,
inc/event/res/11/me11_07.txt#366#12,"それは、彼らのあの穢れた振る舞いを、
まだ清い魂を宿す人間たちに伝え、
誤った道を選ばぬよう導くこと。","那便是将这帮人丑恶污秽的行径，
传达给尚具纯净灵魂的世人，
引导大家莫要误入歧途。",translated,卡诺,dc5b7bcf7d,br=0 nl=2,3,
inc/event/res/11/me11_07.txt#367#12,それならコーザルさんも、カノンさんも一緒に！,既然如此，考扎尔和卡诺也一起走啊！,translated,依恩,e723a1f691,br=0 nl=0,1,
inc/event/res/11/me11_07.txt#368#12,"いけません、いまはあなただけでも！
私利私欲のために集った以外の人々を連れ、
この地獄から地上へ戻りなさい。","不行，哪怕眼下只有你一人！
快带上那些非为私欲而聚的人们，
从这炼狱之中逃回地面吧。",translated,卡诺,d712ef21cf,br=0 nl=2,3,
inc/event/res/11/me11_07.txt#369#12,でも……っ！,可是……！,translated,依恩,a9aab3241f,br=0 nl=0,1,
inc/event/res/11/me11_07.txt#370#12,早く！,快走！,translated,卡诺,41bbdcdc74,br=0 nl=0,1,
inc/event/res/11/me11_07.txt#371#12,ッ……。,唔……,translated,依恩,005cd29d0b,br=0 nl=0,1,
inc/event/res/11/me11_07.txt#386#12,キャスちゃん……！,凯斯……！,translated,依恩,7107f1211a,br=0 nl=0,1,
inc/event/res/11/me11_07.txt#387#12,ッ！,！,translated,依恩,8f7bcb3a89,br=0 nl=0,1,
inc/event/res/11/me11_07.txt#388#12,捕まえてた人たちが離れてる！,抓着她的人松开了！,translated,依恩,6270236316,br=0 nl=0,1,
inc/event/res/11/me11_07.txt#389#12,"キャスちゃん！！
逃げて、こっちへ！","凯斯！！
快逃，往这边跑！",translated,依恩,95f82d3cdb,br=0 nl=1,2,
inc/event/res/11/me11_07.txt#391#12,"ダメよ！
博士を置いていけない！","不行！
我不能扔下博士不管！",translated,凯斯,9efcb9aa07,br=0 nl=1,2,
inc/event/res/11/me11_07.txt#393#12,"く、ぅ……あの者は、残念ですが……
助かりません。","咕、呜……那位长者，令人痛心……
已经无力回天了。",translated,卡诺,893e6bbc7c,br=0 nl=1,2,
inc/event/res/11/me11_07.txt#394#12,そんな……キャスちゃん！,怎么会……凯斯！,translated,依恩,f90da2d564,br=0 nl=0,1,
inc/event/res/11/me11_07.txt#412#12,"ダメよ、ダメっ！
クラケット博士！","不要，不行啊！
库拉肯特博士！",translated,凯斯,8005b1e4e2,br=0 nl=1,2,
inc/event/res/11/me11_07.txt#413#12,キャス、ちゃん……。,凯、斯……,translated,依恩,06ce465adc,br=0 nl=0,1,
inc/event/res/11/me11_07.txt#416#12,"手伝って！！
レナルルさんを連れて逃げるの！！
お願い、キャスちゃん！！","快帮帮我！！
带着蕾娜露露一起逃跑！！
拜托了，凯斯！！",translated,依恩,0537fc9e24,br=0 nl=2,3,
inc/event/res/11/me11_07.txt#419#12,イオンー！！,依恩――！！,translated,凯斯,e6fa870a60,br=0 nl=0,1,
inc/event/res/11/me11_07.txt#445#12,……ジリリウム。,……吉利利姆。,translated,卡诺,c282477c6a,br=0 nl=0,1,
inc/event/res/11/me11_07.txt#446#12,ッ！,！,translated,吉鲁,8f7bcb3a89,br=0 nl=0,1,
inc/event/res/11/me11_07.txt#447#12,"ジェノムの文化を愛する人間として……
私の言葉を聞いてゆくがよい。","作为深爱杰诺姆文化的人类……
且听好我接下来的话语吧。",translated,卡诺,d662e94521,br=0 nl=1,2,
inc/event/res/11/me11_07.txt#449#12,"この命は、じきに果てる。
ですから、私の遺志を……
あなたにも伝えておきます。","这具性命转瞬即逝。
正因如此，我的遗志……
亦在此传达与你。",translated,卡诺,03805368ea,br=0 nl=2,3,
inc/event/res/11/me11_07.txt#451#12,"！！
コ、コーザル……！","！！
考、考扎尔……！",translated,吉鲁,e6815d6d3b,br=0 nl=1,2,
inc/event/res/11/me11_07.txt#452#12,"人間は、ジェノムとともに魂を磨き、
まだ尚、魂の昇華を続けなければならない
生命です。その事を皆に……広めてください。","人类乃是必须与杰诺姆一同磨砺灵魂、
继续完成灵魂升华的生命。
请将此事……昭告万民。",translated,卡诺,c7b32841d0,br=0 nl=2,3,
inc/event/res/11/me11_07.txt#454#12,……御意のままに。,……谨遵圣谕。,translated,吉鲁,c0bab1e7e7,br=0 nl=0,1,
inc/event/res/11/me11_07.txt#457#12,イオ、ナサ……ル……。,依欧、娜萨……鲁……,translated,卡诺,b6ad0088ab,br=0 nl=0,1,
inc/event/res/11/me11_07.txt#458#12,はいっ！,在！,translated,依恩,d0fd4c6021,br=0 nl=0,1,
inc/event/res/11/me11_07.txt#459#14,カノン,卡诺,translated,,5a6fa752cb,br=0 nl=0,1,
inc/event/res/11/me11_07.txt#459#15,カノン,卡诺,translated,,5a6fa752cb,br=0 nl=0,1,
inc/event/res/11/me11_07.txt#460#12,イ……イオン！！,依……依恩！！,translated,卡诺,4f754fa5e1,br=0 nl=0,1,
inc/event/res/11/me11_07.txt#464#12,"ッ！！
カノンさん、カノンさんですね！？","！！
卡诺，是卡诺对吧！？",translated,依恩,d61e96895f,br=0 nl=1,2,
inc/event/res/11/me11_07.txt#466#12,"ええ。
……私はコーザルとともにゆきます。","嗯。
……我将与考扎尔一同离去。",translated,卡诺,eb84d742ba,br=0 nl=1,2,
inc/event/res/11/me11_07.txt#467#12,"もはや地文皇女とも皇帝候補とも
名乗れぬ私ですが……
魂はジェノムとともにある。","虽说我如今已无法自称地文皇女或皇帝候选，
但我的灵魂
将与杰诺姆同在。",translated,卡诺,901d169d59,br=0 nl=2,3,
inc/event/res/11/me11_07.txt#469#12,カノンさん……。,卡诺……,translated,依恩,0d2586b2b0,br=0 nl=0,1,
inc/event/res/11/me11_07.txt#470#12,そして、世界を救う想いは、あなたとともに。,并且，拯救世界的心愿，将与你同在。,translated,卡诺,eda10cceb1,br=0 nl=0,1,
inc/event/res/11/me11_07.txt#473#12,"イオン。
私、あなたと出会えてよかった。","依恩。
我很高兴能够遇见你。",translated,卡诺,585d93b519,br=0 nl=1,2,
inc/event/res/11/me11_07.txt#474#12,わたしも……カノンさんっ！！,我也是……卡诺！！,translated,依恩,93fafc3a8d,br=0 nl=0,1,
inc/event/res/11/me11_07.txt#476#12,"──さあ、おゆきなさい！！
振り返らないで！！","――来，快走吧！！
不要回头！！",translated,卡诺,4aabd131b8,br=0 nl=1,2,
inc/event/res/11/me11_07.txt#492#12,"……愚かな魂たち。あなた方には、浄化を。
私の慈愛のすべてを捧げます。","……愚昧的灵魂啊。赐予你们救赎净化。
我将奉献出我所有的慈悲与大爱。",translated,卡诺,b8e89381df,br=0 nl=1,2,
inc/event/res/11/me11_07.txt#493#12,"……さあ、参りましょう。
私とともに――","……来吧，我们启程吧。
随我一同――",translated,卡诺,2eb5c09099,br=0 nl=1,2,
inc/event/res/11/me11_07.txt#523#12,"は……はは……
あ、ア、あハははハハハハ！！","哈……哈哈……
啊、啊、哈哈哈哈哈哈哈！！",translated,利维尔特,29a6d4080f,br=0 nl=1,2,
inc/event/res/11/me11_07.txt#524#12,"見ろ！！　見ろ！！
あれがジェノムの王だ！","看啊！！快看啊！！
那便是杰诺姆之王！",translated,利维尔特,49b5dd041a,br=0 nl=1,2,
inc/event/res/11/me11_07.txt#525#12,"永きにわたって人間を抑圧し
見下してきたモノの最期だ！！","漫长岁月以来压制人类、
傲视鄙夷万物的残渣之末路！！",translated,利维尔特,1eeeb39f16,br=0 nl=1,2,
inc/event/res/11/me11_07.txt#526#12,"カノイールという作り物の身体に閉じ込められた
まま、みじめに消え去りおった！","被禁锢在卡诺伊尔这具造物躯壳之中，
凄惨至极地灰飞烟灭了！",translated,利维尔特,f3aa644d18,br=0 nl=1,2,
inc/event/res/11/me11_07.txt#527#12,"テクノロジーの力は、我々の力は……
あの忌々しいジェノムの王に勝ったのだぁぁ！！","科技的力量，我们的力量……
战胜了那可恨的杰诺姆之王啊啊！！",translated,利维尔特,f988f84df6,br=0 nl=1,2,
inc/event/res/11/me11_07.txt#531#12,"大変です！！
エネルギーの吸収が、我々の場所を護る
防護壁を破り、内側にまで及びました！","大事不好了！！
能量吸收冲破了保护我们据点的防护壁，
甚至波及到了内部！",translated,警卫,186abee7c6,br=0 nl=2,3,
inc/event/res/11/me11_07.txt#533#12,"そのため、外縁に近い場所にいた支持者たちが、
吸収され始めています！","因此，处在外缘位置的支持者们，
已经开始被能量吸收进去了！",translated,警卫,3ad7a15935,br=0 nl=1,2,
inc/event/res/11/me11_07.txt#534#12,な……何だ、と……！,什……你说什么……！,translated,利维尔特,ce7f911f00,br=0 nl=0,1,
inc/event/res/11/me11_07.txt#536#12,ふ……ふ……お、愚かだな……。,呵……呵……真、真愚蠢啊……,translated,库拉肯特,62baebb370,br=0 nl=0,1,
inc/event/res/11/me11_07.txt#544#12,クラケット！,库拉肯特！,translated,利维尔特,6a01992c10,br=0 nl=0,1,
inc/event/res/11/me11_07.txt#545#12,"星をも崩壊させる力を秘めた装置……
そのリミッターを外せばどうなるか、
子どもでもわかることだ……。","蕴藏着足以崩毁星球之力的装置……
若是解除了限制器会发生什么，
连小孩子都明白啊……",translated,库拉肯特,b4251684c3,br=0 nl=2,3,
inc/event/res/11/me11_07.txt#546#12,く……！,可恶……！,translated,利维尔特,16da4e9ed3,br=0 nl=0,1,
inc/event/res/11/me11_07.txt#548#12,"早く詩を、詩を謳わせろ！
もうエネルギーは充分溜まった、
我々を新天地に導く詩を！！","快唱诗，快给我放声咏唱诗歌！
能量已经蓄积足够了，
快唱引导我们前往新天地的诗歌！！",translated,利维尔特,0f9ed86ba4,br=0 nl=2,3,
inc/event/res/11/me11_07.txt#550#12,"もう装置は止まらん。
我々の行く先は新天地などではない……。","装置已经停不下来了。
我们即将奔赴的前方，根本不是什么新天地……",translated,库拉肯特,086d7ec490,br=0 nl=1,2,
inc/event/res/11/me11_07.txt#551#12,"無限の物質とエネルギーが寄せては返し、
『永遠』以外の意味を成さなくなる……
めくるめく素粒子の世界だ。","无限的物质与能量不断翻涌潮汐，
除了“永远”之外毫无意义……
那是个目眩神迷的基本粒子世界。",translated,库拉肯特,cc34b9dfc9,br=0 nl=2,3,
inc/event/res/11/me11_07.txt#552#12,"はっはっは！
実に科学者らしい最期だ、
そうは思わんか？","哈哈哈哈！
这当真是最契合科学家的末路，
你不觉得吗？",translated,库拉肯特,fd5f67b683,br=0 nl=2,3,
inc/event/res/11/me11_07.txt#553#12,"バカな！
そんなことになってたまるか、
俺はいままで何のために！！","荒唐！
我怎能容许这种事情发生，
那我至今为止的苦心孤诣到底是为了什么！！",translated,利维尔特,c05f4566b9,br=0 nl=2,3,
inc/event/res/11/me11_07.txt#554#12,"そ、そうだクラケット、お前だ！
お前が何とかしろ！","对、对了库拉肯特，你！
你给我想办法摆平它！",translated,利维尔特,227b2386d9,br=0 nl=1,2,
inc/event/res/11/me11_07.txt#555#12,"なぁ、リーヴェルト。
君が私の{７次元論}を高く評価してくれたときは、
嬉しかったよ。","喂，利维尔特。
当年你对我的{7次元论}给予极高赞赏时，
老夫真的很欣慰高兴啊。",translated,库拉肯特,59aa29a4c2,br=1 nl=2,3,keep-terms {７次元論}
inc/event/res/11/me11_07.txt#555#14,旧ジェノミライ研究所が作られる以前から、クラケットが提唱していた７つの次元によって世界が作られてるという多元世界論の一つ。<CR>ジェノミライ発足以前、クラケットは『精神波の干渉による多元世界間の移動』という論文を書いている。イオンをラシェーラに呼んだ『７軸移動』もこの論文を元に研究開発されたものである。また、縦貫坑道の奥に眠っていたロストテクノロジーの解析にも、この７次元論が大いに活躍した。<CR>紆余曲折あって身を隠したクラケットは、更なる研究を重ね、もう一つの多元世界論『７次元俯瞰理論』という７次元すべてを俯瞰する方法を発見した。,早在旧杰诺米莱伊研究所建立之前，便由库拉肯特提倡的世界是由7个次元所构成的多元世界论之一。<CR>在杰诺米莱伊创立之前，库拉肯特曾撰写过题为《精神波干涉下的多元世界间移动》的论文。将依恩召唤至拉榭拉的“7轴移动”，亦是基于该论文研究开发而成的产物。此外，在解析长眠于纵贯坑道深处的失落技术时，该7次元论亦大放异彩。<CR>历经波折后隐姓埋名的库拉肯特，通过更进一步的研究，发现了另一种被称为“7次元俯瞰理论”的、能够俯瞰全部7个维度的多元世界论。,translated,库拉肯特,b4ba8b98db,<CR> <CR> br=0 nl=0,1,keep-tags <CR>; src-longest-line=271
inc/event/res/11/me11_07.txt#556#12,"まだ若かった君が、並み居る重鎮たちを説得し、
私にGenomiraiを与えてくれた。","那时还年轻的你，力排众议说服政界要人，
将杰诺米莱伊交到了老夫手中。",translated,库拉肯特,4f32176533,br=0 nl=1,2,
inc/event/res/11/me11_07.txt#557#12,"私に最高の居場所を作ってくれたのだ。
感謝してもしきれん。","替老夫打造了最棒的安身之所。
老夫对你感激不尽。",translated,库拉肯特,1204370476,br=0 nl=1,2,
inc/event/res/11/me11_07.txt#558#12,"君のおかげで、私の人生はとても充実したものに
なったんだよ。","正因托你的福，老夫的人生方才变得
如此充实圆满。",translated,库拉肯特,ea0bbed61c,br=0 nl=1,2,
inc/event/res/11/me11_07.txt#559#12,クラケット……。,库拉肯特……,translated,利维尔特,d213b5f888,br=0 nl=0,1,
inc/event/res/11/me11_07.txt#560#12,だが、世界には開けてはならぬ箱もあるのだ。,然而，这世间亦有绝不可开启的魔盒啊。,translated,库拉肯特,fc99fe67fc,br=0 nl=0,1,
inc/event/res/11/me11_07.txt#561#12,"その罪を、君ひとりに背負わせたりはせん。
……私も同罪だ。","这份罪孽，老夫绝不会让你一人独揽。
……老夫亦同罪难逃。",translated,库拉肯特,9af0706adf,br=0 nl=1,2,
inc/event/res/11/me11_07.txt#563#12,"死によって罪を償うことの、
何と罪深いことだろうな。
だが……私たちにはそれしかないようだ。","以死赎罪，这是何等深重的罪孽啊。
然而……对我们而言似乎唯有此途了。",translated,库拉肯特,c5662005a8,br=0 nl=2,3,
inc/event/res/11/me11_07.txt#565#12,"ともに逝こうじゃないか。
光の世界へ──","让我们一道上路吧。
前往光芒璀璨的世界――",translated,库拉肯特,6664f08bac,br=0 nl=1,2,
inc/event/res/11/me11_07.txt#590#12,きゃあああっ！,呀啊啊啊！,translated,依恩・凯斯,25cb603171,br=0 nl=0,1,
inc/event/res/11/me11_07.txt#603#12,カノンさん！！　コーザルさん！！,卡诺！！考扎尔！！,translated,依恩,86cdc1d848,br=0 nl=0,1,
inc/event/res/11/me11_07.txt#604#12,……あっ！,……啊！,translated,依恩,4a070a8e1b,br=0 nl=0,1,
inc/event/res/11/me11_07.txt#611#12,（これは……記憶）,（这是……记忆）,translated,依恩,72071d5d0c,br=0 nl=0,1,
inc/event/res/11/me11_07.txt#612#12,"（力場が何もかもを呑み込んで
　エネルギーに変えてしまう）","（力场将一切吞噬殆尽，
　悉数化为了能量）",translated,依恩,3407de6758,br=0 nl=1,2,
inc/event/res/11/me11_07.txt#618#12,（誰も知らない、わたししか知らない）,（谁也不知道，只有我一个人知晓）,translated,依恩,629bcd1187,br=0 nl=0,1,
inc/event/res/11/me11_07.txt#619#12,（……そう、この可能性軸ではわたししか）,（……没错，在这条可能性轴上唯有我）,translated,依恩,7eaf9f8163,br=0 nl=0,1,
inc/event/res/11/me11_07.txt#625#12,"（地殻が抉られて……呑まれて……
　止まらない……あのときと同じ、音……）","（地壳被生生剜去……被吞噬……
　无法遏止……和那时一模一样的声音……）",translated,依恩,40865efdad,br=0 nl=1,2,
inc/event/res/11/me11_07.txt#635#12,"キャスちゃん、みんな！
地殻が削られ始めてる！！","凯斯，大家！
地壳已经开始被削碎撕裂了！！",translated,依恩,b5b9d8f4f6,br=0 nl=1,2,
inc/event/res/11/me11_07.txt#637#12,早く、もっと早く、急いでーッ！！！,快，再快一点，快跑啊――！！！,translated,依恩,f62d43e14b,br=0 nl=0,1,
inc/event/res/11/me11_08.txt#29#12,（カノンさんが……カノンさんが！）,（卡诺她……卡诺她！）,translated,依恩,68d6372702,br=0 nl=0,1,
inc/event/res/11/me11_08.txt#30#12,"（どうしてこんな別れ方しなきゃ
　いけないの……）",（为什么非得落得这般生离死别不可呢……）,translated,依恩,def644621e,br=0 nl=1,2,
inc/event/res/11/me11_08.txt#31#12,"（カノンさんに託されたこと、
　わたし……きっと！）","（卡诺托付给我的心愿，
　我……必定会！）",translated,依恩,d78c74c16e,br=0 nl=1,2,
inc/event/res/11/me11_08.txt#33#12,"（ネロが、人の住める星をリーヴェルトに
　教えたなんて……嘘！）","（妮诺将宜居星球告诉了利维尔特什么的……
　肯定是假的！）",translated,凯斯,17de137395,br=0 nl=1,2,
inc/event/res/11/me11_08.txt#34#12,"（そんなことするはずない！
　みんなを見捨てるようなこと……！）","（她绝不可能做出那种事！
　那种弃大家于不顾的事……！）",translated,凯斯,772a4f4a87,br=0 nl=1,2,
inc/event/res/11/me11_08.txt#35#12,"（きっと、リーヴェルトに乗っ取られて、
　むりやりさせられたに決まってる！）","（一定是遭到了利维尔特的挟持强控，
　被硬生生逼迫就范的！）",translated,凯斯,2285228975,br=0 nl=1,2,
inc/event/res/11/me11_08.txt#36#12,"（本当はどうだったのか、確かめたい。
　でも……）","（好想查清真相究竟如何。
　可是……）",translated,凯斯,cb58d78d32,br=0 nl=1,2,
inc/event/res/11/me11_08.txt#37#12,"（いまはどうしようもないわ、
　とにかく脱出しなきゃ！）","（现在根本无可奈何，
　无论如何先逃脱出去再说！）",translated,凯斯,e5443b4cc4,br=0 nl=1,2,
inc/event/res/11/me11_08.txt#56#12,"あっ！
ドアがあるよ！","啊！
前面有门！",translated,依恩,3cc51a7290,br=0 nl=1,2,
inc/event/res/11/me11_08.txt#58#12,ダメ、カギがかかってる。,不行，上锁了。,translated,依恩,c36591c942,br=0 nl=0,1,
inc/event/res/11/me11_08.txt#59#12,どうしたらいいの！？,那该怎么办啊！？,translated,凯斯,365cf9265c,br=0 nl=0,1,
inc/event/res/11/me11_08.txt#61#12,レナルルさん！,蕾娜露露！,translated,依恩,cfd43a527c,br=0 nl=0,1,
inc/event/res/11/me11_08.txt#63#12,"人員の退避命令と機密の保全命令が
錯綜しているのでしょう。","恐怕是人员撤离指令与机密保全指令
发生了冲突错乱吧。",translated,蕾娜露露,43b2414539,br=0 nl=1,2,
inc/event/res/11/me11_08.txt#64#12,"通路のロックがどうなっているのか、
もう私にも把握できません……。","通道的门锁究竟处于何种状态，
如今连我也无从知晓了……",translated,蕾娜露露,5d0fa69d35,br=0 nl=1,2,
inc/event/res/11/me11_08.txt#65#12,何よそれー！,怎么会这样啊――！,translated,凯斯,f328d59212,br=0 nl=0,1,
inc/event/res/11/me11_08.txt#66#12,外に出る道がわからないと、わたしたち……！,要是找不到通往外界的生路，我们……！,translated,依恩,666d7502c8,br=0 nl=0,1,
inc/event/res/11/me11_08.txt#69#12,"！！
見つかった！？","！！
被发现了！？",translated,依恩,49e2bdf351,br=0 nl=1,2,
inc/event/res/11/me11_08.txt#71#12,キャス！　イオナサル！,凯斯！依欧娜萨鲁！,translated,莎丽,9162f6824c,br=0 nl=0,1,
inc/event/res/11/me11_08.txt#113#12,サーリ！,莎丽！,translated,凯斯,b42ac7ea42,br=0 nl=0,1,
inc/event/res/11/me11_08.txt#114#12,サーリちゃん！,莎丽！,translated,依恩,ba8752dbe6,br=0 nl=0,1,
inc/event/res/11/me11_08.txt#121#12,助けに来た！,我来救你们了！,translated,莎丽,1a120de228,br=0 nl=0,1,
inc/event/res/11/me11_08.txt#122#12,あんた……私たちのために！？,你……是为了我们！？,translated,凯斯,cd92002115,br=0 nl=0,1,
inc/event/res/11/me11_08.txt#123#12,"キャス、よく生きていた……
それにイオナサルも。","凯斯，你还活着真是太好了……
还有依欧娜萨鲁也是。",translated,莎丽,ad572078d8,br=0 nl=1,2,
inc/event/res/11/me11_08.txt#124#12,サーリちゃんこそ……！,莎丽也是……！,translated,依恩,e96bcab41e,br=0 nl=0,1,
inc/event/res/11/me11_08.txt#131#12,どうやってここまで……。,你是怎么来到这里的……,translated,蕾娜露露,334094b3b9,br=0 nl=0,1,
inc/event/res/11/me11_08.txt#132#12,"白鷹とクオンタイズが僕の動きを把握して、
経路を確保してくれたんだ。
右往左往する君たちのことも見えていた。","白鹰和库翁泰兹掌握着我的行动，
帮我确保了路线。
我也一直能看到四处奔逃的你们。",translated,莎丽,b722437c6b,br=0 nl=2,3,
inc/event/res/11/me11_08.txt#133#12,それは……。,那也就是说……,translated,蕾娜露露,5ccc52b912,br=0 nl=0,1,
inc/event/res/11/me11_08.txt#134#12,"もちろん、ハッキング。
僕を拘束するか？","当然是黑客手段。
要拘捕我吗？",translated,莎丽,6afaf1be96,br=0 nl=1,2,
inc/event/res/11/me11_08.txt#135#12,"……いいえ。
今回ばかりは仕方ないでしょうね。","……不。
唯独这次也是无可奈何吧。",translated,蕾娜露露,9931d12fde,br=0 nl=1,2,
inc/event/res/11/me11_08.txt#136#12,"そうこなくちゃ。
さぁみんな、急ぐんだ！","这才像话嘛。
好了大家，快点！",translated,莎丽,d1cc224f95,br=0 nl=1,2,
inc/event/res/11/me11_08.txt#137#12,うんっ！,嗯！,translated,依恩,f1e847047f,br=0 nl=0,1,
inc/event/res/11/me11_08.txt#158#12,"はぁ……はぁ……。
ここは、地文の寺院……？","哈啊……哈啊……
这里是……地文的寺院……？",translated,依恩,2ac58a74a7,br=0 nl=1,2,
inc/event/res/11/me11_08.txt#159#12,とりあえずの避難場所としては最適だろう。,作为权宜的避难所来说最合适不过了。,translated,莎丽,1c72e2003f,br=0 nl=0,1,
inc/event/res/11/me11_08.txt#187#14,神官,神官,translated,,f062bfd4ac,br=0 nl=0,1,
inc/event/res/11/me11_08.txt#187#15,地文司教,地文主教,translated,,020ce75b01,br=0 nl=0,1,
inc/event/res/11/me11_08.txt#208#12,あなたは……天文皇女イオナサルか！,您是……天文皇女依欧娜萨鲁吗！,translated,神官,050c92e3f0,br=0 nl=0,1,
inc/event/res/11/me11_08.txt#212#12,あっ、は、はい！,啊，是、是的！,translated,依恩,0e477977c1,br=0 nl=0,1,
inc/event/res/11/me11_08.txt#213#12,"ジェノムがかつてないほど騒いでおる……
何かご存知ないか？","杰诺姆正骚乱得前所未有……
您可知道些什么吗？",translated,神官,4dec9a6734,br=0 nl=1,2,
inc/event/res/11/me11_08.txt#225#12,"それは……いま縦坑の底で、
３軸移動が行われようとしているんです！","那个……现在在纵坑底部，
正在准备进行3轴移动！",translated,依恩,7f145108fd,br=0 nl=1,2,
inc/event/res/11/me11_08.txt#226#12,なんと！,什么！,translated,神官,bb4a59c24f,br=0 nl=0,1,
inc/event/res/11/me11_08.txt#227#12,"それを止めようとして、カノンさんと
ジェノムのコーザルさんが──","为了阻止那个，卡诺小姐和
杰诺姆的考扎尔先生――",translated,依恩,a9fc1b240c,br=0 nl=1,2,
inc/event/res/11/me11_08.txt#228#12,ど、どうしたと言うのですか！,怎、怎么会这样！,translated,神官,1b91273837,br=0 nl=0,1,
inc/event/res/11/me11_08.txt#229#12,"……ものすごいエネルギーの中に、
呑みこまれてっ……。","……被卷入了极为巨大的
能量之中……！",translated,依恩,a8c6f7adae,br=0 nl=1,2,
inc/event/res/11/me11_08.txt#230#12,"まさか……まさか地文皇女とジェノムの王が、
ともに果てたと！？","难道……难道地文皇女和杰诺姆之王，
一同殒命了！？",translated,神官,4f42d136bd,br=0 nl=1,2,
inc/event/res/11/me11_08.txt#232#12,"なんという……なんというこ、と……
あ……。","怎会……怎会如此……
啊……",translated,神官,3e8132e793,br=0 nl=1,2,
inc/event/res/11/me11_08.txt#237#12,あっ！,啊！,translated,依恩,092801cb15,br=0 nl=0,1,
inc/event/res/11/me11_08.txt#241#12,"司教さま！
……気を失っておられる。","主教大人！
……昏过去了。",translated,祭司,99fd34ba72,br=0 nl=1,2,
inc/event/res/11/me11_08.txt#242#12,"おい誰か、これへ！
司教様をお部屋へ！","喂，快来人！
把主教大人送到房间去！",translated,祭司,b1675d23ee,br=0 nl=1,2,
inc/event/res/11/me11_08.txt#245#12,"……いまの話が本当ならば
大変なことになります。","……若刚才那番话属实，
事情可就严重了。",translated,祭司,9952562a56,br=0 nl=1,2,
inc/event/res/11/me11_08.txt#246#12,"どのように対処するか、
{地文十二支}ですぐに検討します。","该如何应对，
我们{地文十二支}会立刻进行商讨。",translated,祭司,beb01c0bca,br=1 nl=1,2,keep-terms {地文十二支}
inc/event/res/11/me11_08.txt#246#14,地文大司教に仕える十二人の幹部たちの名であり、それぞれが地文におけるエリート中のエリート。<CR>その中でも、当時リモナイト家の当主だったジルの父親は、十二支筆頭として皇女がいない地文の大司教を務めていた。しかしあるとき、彼を含む十二支たちはどこの馬の骨とも知れないカノンを皇女として擁立し、大司教の座へと就任させた。<CR>全ては十数年後に行われる皇位継承の儀に勝利し、「セーブ・ベゼル」を成功させるためだったが、順当にいけばジルが大司教の座に就いていたであろうことは疑い様がない。,侍奉地文大主教的十二位干部之名，各自皆是地文精英中的精英。<CR>其中，当时身为利莫奈特家当主的吉鲁的父亲，曾作为十二支首席，在皇女空缺时担任地文大主教。但某天，包含他在内的十二支拥立了来历不明的卡诺为皇女，并使其就任大主教之位。<CR>这一切都是为了在十数年后举行的皇位继承仪式中获胜，并成功推行“拯救贝捷尔”，但若按常理发展，吉鲁本应毫无疑问会坐上大主教之位。,translated,祭司,9810af4d06,<CR> <CR> br=0 nl=0,1,keep-tags <CR>; src-longest-line=242
inc/event/res/11/me11_08.txt#248#12,"ですが、ことは地文寺院だけの問題では
すまないでしょうね……。","但是，这件事恐怕已经
不单是地文寺院的问题了……",translated,祭司,e9adc451f7,br=0 nl=1,2,
inc/event/res/11/me11_08.txt#249#12,どういうことですか？,这是什么意思？,translated,依恩,06cc15c8a0,br=0 nl=0,1,
inc/event/res/11/me11_08.txt#250#12,"少なくなったとはいえ、
地文信者はまだ大勢おります。","虽说人数有所减少，
但地文信徒依旧人数众多。",translated,祭司,327dc19793,br=0 nl=1,2,
inc/event/res/11/me11_08.txt#251#12,"信者でなくとも、人々は不安を募らせ、
街では暴動が頻発しておるとのこと。","即使不是信徒，人们也愈发不安，
据说街上已经频频爆发暴动。",translated,祭司,a39aa6c0e8,br=0 nl=1,2,
inc/event/res/11/me11_08.txt#252#12,"しかも、此度の災いを引き起こしたのは……
ジェノムだという噂が広がっている。
一部ではジェノム狩りまで始まっています。","而且，引发这次灾难的……
是杰诺姆的谣言正在蔓延开来。
部分地区甚至已经开始了猎捕杰诺姆。",translated,祭司,f71d106be8,br=0 nl=2,3,
inc/event/res/11/me11_08.txt#253#12,えっ、どうして！？,诶，怎么会！？,translated,依恩,e8c0074138,br=0 nl=0,1,
inc/event/res/11/me11_08.txt#257#12,何でジェノムがそんな目に遭うの！？,为什么杰诺姆会遭遇这种事！？,translated,凯斯,cbeb6a6171,br=0 nl=0,1,
inc/event/res/11/me11_08.txt#258#12,"この大地震が発生する直前、
地下に押し寄せるジェノムの群れを
大勢の人間が目撃したからです。","因为在大地震发生前夕，
有很多人目击到了
成群涌向地下的杰诺姆。",translated,祭司,33239b3f08,br=0 nl=2,3,
inc/event/res/11/me11_08.txt#259#12,"それは、３軸移動を防ぐために
コーザルさんが呼び集めたんです！","那是考扎尔先生为了阻止3轴移动
才把大家召集过来的！",translated,依恩,1a79debd38,br=0 nl=1,2,
inc/event/res/11/me11_08.txt#260#12,"人々はそれを知りません。
人間を根絶やしにしようと、
ついにジェノムが行動を起こしたのだと──","人们并不知道这一点。
他们觉得是为了将人类赶尽杀绝，
杰诺姆终于采取了行动――",translated,祭司,55fec5b1e5,br=0 nl=2,3,
inc/event/res/11/me11_08.txt#261#12,恐怖にかられているのです。,正深陷于恐惧之中。,translated,祭司,ecae38412c,br=0 nl=0,1,
inc/event/res/11/me11_08.txt#267#12,"バカな！　冷静を欠くにもほどがある！
ジェノムは星の危機を救おうと奔走したのに！！","太愚蠢了！简直失去理智到无可救药！
杰诺姆明明是在为了拯救星球危机而奔走！！",translated,吉鲁,3bcb1f4aed,br=0 nl=1,2,
inc/event/res/11/me11_08.txt#268#12,私は行く、くだらない誤解を解いてくる！,我要去，解开这无聊的误会！,translated,吉鲁,43cb02e94b,br=0 nl=0,1,
inc/event/res/11/me11_08.txt#269#12,あなたひとりで何ができます！,你一个人能做得了什么！,translated,祭司,a7171a12ca,br=0 nl=0,1,
inc/event/res/11/me11_08.txt#270#12,しかし！,可是！,translated,吉鲁,d7a73131a4,br=0 nl=0,1,
inc/event/res/11/me11_08.txt#271#12,"地文寺院としても、ジェノムが原因ではないと
懸命に訴えています。","地文寺院也一直在
拼命呼吁并非杰诺姆所为。",translated,祭司,e98b5f3bae,br=0 nl=1,2,
inc/event/res/11/me11_08.txt#272#12,"ですが、現場に近づくこともできず、
証拠もない。","但是，既无法接近现场，
也没有证据。",translated,祭司,1aa93d9ec5,br=0 nl=1,2,
inc/event/res/11/me11_08.txt#273#12,"地文関係者の中にすら、
ジェノムを疑う者が出る始末なのです。","甚至在地文相关人员之中，
都出现了怀疑杰诺姆的人。",translated,祭司,74da2b0d98,br=0 nl=1,2,
inc/event/res/11/me11_08.txt#274#12,何てこと……。,怎会这样……,translated,吉鲁,741f0655d0,br=0 nl=0,1,
inc/event/res/11/me11_08.txt#275#12,"愚かな人間たち！
根も葉もない噂を信じてジェノム狩りなんて！","愚蠢的人类！
竟然听信毫无根据的谣言去猎捕杰诺姆！",translated,吉鲁,3afbdbaaa3,br=0 nl=1,2,
inc/event/res/11/me11_08.txt#276#12,"バーストは減らず、しかも今回の大地震で
誰もがパニックになっています。","爆炸并未减少，加上这次大地震，
所有人都陷入了恐慌。",translated,祭司,b958d15b81,br=0 nl=1,2,
inc/event/res/11/me11_08.txt#277#12,"ジェノムの大移動を目の当たりにして、
不安の矛先がそちらを向いてしまったのです。","亲眼目睹了杰诺姆的大迁移，
不安的矛头便指向了它们。",translated,祭司,cadab5fa9b,br=0 nl=1,2,
inc/event/res/11/me11_08.txt#278#12,"だからといって、ジェノムに危害を加えて
何になる！","即便如此，加害杰诺姆
又能改变什么！",translated,吉鲁,b0cba63bb0,br=0 nl=1,2,
inc/event/res/11/me11_08.txt#279#12,"やはり私は行く。愚民どもに真実を……
いえ、罰を与えてやるわ！","我还是要走一趟。去给愚民们带去真相……
不，是给予惩罚！",translated,吉鲁,2b3ec1fe20,br=0 nl=1,2,
inc/event/res/11/me11_08.txt#280#12,待って、行っちゃダメ！,等等，不能去！,translated,依恩,42451bb949,br=0 nl=0,1,
inc/event/res/11/me11_08.txt#285#12,ああ……。,啊啊……,translated,依恩,c65d8f0474,br=0 nl=0,1,
inc/event/res/11/me11_08.txt#286#12,"どうしたらいいの……
もう本当にわからない！","该怎么办才好……
我已经完全不知道了！",translated,依恩,65c0c66721,br=0 nl=1,2,
inc/event/res/11/me11_08.txt#287#12,"イオナサルさま、どうかお気をしっかり
お持ちください。","依欧娜萨鲁大人，
请您务必振作起来。",translated,祭司,f54fe6fc4b,br=0 nl=1,2,
inc/event/res/11/me11_08.txt#288#12,"カノイール皇女のことで心をお痛めでしょうが、
いま、ふたたび人心をまとめられるのはあなた
だけです。","虽然卡诺伊尔皇女之事令人心痛，
但如今能重新凝聚人心的，
唯有您一人了。",translated,祭司,1c9e6ec6fb,br=0 nl=2,3,
inc/event/res/11/me11_08.txt#289#12,"我々地文寺院は、あなたのご判断と実行力に
期待します。","我们地文寺院，
寄希望于您的决断与行动力。",translated,祭司,6e3252c291,br=0 nl=1,2,
inc/event/res/11/me11_08.txt#290#12,"ここを離れるなら船も出しましょう。
ほかにもお力になれることがあれば
遠慮なくお申し付けを。","若要离开这里，我们也会安排船只。
若还有其他能帮得上忙的地方，
请尽管吩咐。",translated,祭司,f6a3f9a622,br=0 nl=2,3,
inc/event/res/11/me11_08.txt#291#12,はい……。,好的……,translated,依恩,53e3140853,br=0 nl=0,1,
inc/event/res/11/me11_08.txt#292#12,"一度司教の様子を見てまいります。
失礼します。","我去探望一下主教大人的状况。
失陪了。",translated,祭司,ac8781baf8,br=0 nl=1,2,
inc/event/res/11/me11_08.txt#297#12,イオン……。,依恩……,translated,凯斯,ec7f4ecbfc,br=0 nl=0,1,
inc/event/res/11/me11_08.txt#326#12,また、縦坑の方……。,又是纵坑那边……,translated,凯斯,b82546efec,br=0 nl=0,1,
inc/event/res/11/me11_08.txt#327#12,"制御が外れた力場のトロンが、
今もまだ地殻を抉っているんだろう。
この星はもう、長くはないかもしれない。","失去控制的力场特伦，
如今大概仍在蚕食着地壳吧。
这颗星球也许已经撑不了多久了。",translated,莎丽,9e767f05ce,br=0 nl=2,3,
inc/event/res/11/me11_08.txt#329#12,…っ……。,……呜……,translated,依恩,0f568383ab,br=0 nl=0,1,
inc/event/res/11/me11_08.txt#334#12,"キャス。一緒にいなかったことで察しは
ついてるが……クラケット博士は。","凯斯。看你没跟他在一起我也猜到了……
库拉肯特博士他……",translated,莎丽,788a3aea4c,br=0 nl=1,2,
inc/event/res/11/me11_08.txt#335#12,"……リーヴェルトを止めるために、
力場に残ったわ。","……为了阻止利维尔特，
留在了力场里。",translated,凯斯,e95fd81750,br=0 nl=1,2,
inc/event/res/11/me11_08.txt#336#12,……そうか。,……是吗。,translated,莎丽,748b1aba3f,br=0 nl=0,1,
inc/event/res/11/me11_08.txt#337#12,"さすがは博士だ。
最期まで責任を果たしたんだな。
立派な方だった。","不愧是博士。
至死都在坚守责任啊。
真是一位了不起的人。",translated,莎丽,e199c0c4cf,br=0 nl=2,3,
inc/event/res/11/me11_08.txt#339#12,"サーリ！
何なのよ、立派な方って何よ！","莎丽！
什么叫了不起的人啊！",translated,凯斯,50ae589ae3,br=0 nl=1,2,
inc/event/res/11/me11_08.txt#340#12,"悲しくないの！？
あんなに大切にしてもらってたのに！！","你难道不伤心吗！？
博士明明那么关照你！！",translated,凯斯,52ade6eb0e,br=0 nl=1,2,
inc/event/res/11/me11_08.txt#341#12,"博士は自らの意思でそうされたんだ。
世界のために。","博士是出于自己的意志才这么做的。
为了这个世界。",translated,莎丽,af8fbb0352,br=0 nl=1,2,
inc/event/res/11/me11_08.txt#342#12,"僕が泣いたら、博士の決死の覚悟が
浮かばれない。","要是我哭了，
博士决死的觉悟就付之东流了。",translated,莎丽,aab612841a,br=0 nl=1,2,
inc/event/res/11/me11_08.txt#343#12,悔やむより、僕は前に進む。,与其懊悔，我选择向前迈进。,translated,莎丽,96e45c6814,br=0 nl=0,1,
inc/event/res/11/me11_08.txt#344#12,"……あんたのそういうところ、
わかりあえそうにないわ。","……你这副样子，
我实在无法理解。",translated,凯斯,fedf94cfa6,br=0 nl=1,2,
inc/event/res/11/me11_08.txt#349#12,これ。,这个给你。,translated,凯斯,30bed393cc,br=0 nl=0,1,
inc/event/res/11/me11_08.txt#350#12,シェルノトロン？,榭鲁诺特伦？,translated,莎丽,a392853717,br=0 nl=0,1,
inc/event/res/11/me11_08.txt#351#12,クラケット博士から預かったものよ。,这是库拉肯特博士托我保管的东西。,translated,凯斯,ea2e16812a,br=0 nl=0,1,
inc/event/res/11/me11_08.txt#353#12,"世界の真理と、博士が最後に手がけた
システムの図面が入ってる、って言ってた。","他说里面存着世界的真理，
以及他最后经手的系统图纸。",translated,凯斯,ddb6360f8a,br=0 nl=1,2,
inc/event/res/11/me11_08.txt#354#12,"サーリなら、あと何年か後には
この図面を理解して、自分のあとを
継いでくれるだろう、って。","他说过上几年之后，
莎丽一定能看懂这份图纸，
继承他的衣钵吧。",translated,凯斯,ae78277588,br=0 nl=2,3,
inc/event/res/11/me11_08.txt#356#12,"そうか。
受け取っておく。","是吗。
我收下了。",translated,莎丽,cf47115894,br=0 nl=1,2,
inc/event/res/11/me11_08.txt#362#12,"すまない。
少し一人になりたい。","抱歉。
我想一个人静一静。",translated,莎丽,067b874401,br=0 nl=1,2,
inc/event/res/11/me11_08.txt#385#12,クラケット、博士……。,库拉肯特博士……,translated,莎丽,26d8e6d90d,br=0 nl=0,1,
inc/event/res/11/me11_08.txt#388#12,"悲しくないわけないじゃないか……。
博士、どうして……っ。","我怎么可能不难过啊……
博士，为什么……！",translated,莎丽,b62d23246c,br=0 nl=1,2,
inc/event/res/11/me11_08.txt#389#12,どうして……僕をおいて、どうしてっ！,为什么……丢下我一个人，为什么啊！,translated,莎丽,af13299f20,br=0 nl=0,1,
inc/event/res/11/me11_08.txt#390#12,"博士の遺志……僕に残してくれた……
託してくれた、想い──","博士的遗志……留给我的……
托付于我的心愿――",translated,莎丽,8570cd10f0,br=0 nl=1,2,
inc/event/res/11/me11_08.txt#391#12,"僕はこれを理解しなきゃいけない。
博士が何を考え、しようとしていたか。","我必须弄懂这些才行。
弄懂博士究竟想了些什么、想做些什么。",translated,莎丽,18273ea1f4,br=0 nl=1,2,
inc/event/res/11/me11_08.txt#392#12,……僕は、あなたのあとを継ぎます。,……我会继承您的衣钵。,translated,莎丽,2ea711a446,br=0 nl=0,1,
inc/event/res/11/me11_08.txt#408#12,イオナサルさま……。,依欧娜萨鲁大人……,translated,蕾娜露露,f14311dbb5,br=0 nl=0,1,
inc/event/res/11/me11_08.txt#409#12,"レナルルさん、休んでいてください。
ケガがまだ……。","蕾娜露露小姐，请您多休息。
您的伤势还……",translated,依恩,feda6af15b,br=0 nl=1,2,
inc/event/res/11/me11_08.txt#410#12,"そうは言っていられません。
こうしている間にも、パニックは大きくなって
いるでしょう。","顾不上这些了。
哪怕在此刻，恐慌也一定
在进一步蔓延吧。",translated,蕾娜露露,7230c6aa9f,br=0 nl=2,3,
inc/event/res/11/me11_08.txt#411#12,"どうにかしてPLASMAに連絡をとり、
総動員で事態の収拾に当たらせます。","我必须设法联系PLASMA，
全员出动去平息事态。",translated,蕾娜露露,a6e3b4f93e,br=0 nl=1,2,
inc/event/res/11/me11_08.txt#412#12,"イオナサルさまも、
いまこそお力を発揮なされるときです。","依欧娜萨鲁大人，
现在也正是发挥您力量的时刻。",translated,蕾娜露露,01d93574cb,br=0 nl=1,2,
inc/event/res/11/me11_08.txt#413#12,わたし、なんて……。,我这种人，怎么可能……,translated,依恩,201fd7979c,br=0 nl=0,1,
inc/event/res/11/me11_08.txt#414#12,{宮城}へ参りましょう。,我们前往{宫城}吧。,translated,蕾娜露露,d48a53a33b,br=1 nl=0,1,keep-terms {宮城}
inc/event/res/11/me11_08.txt#414#14,この世界を統べる「皇帝」が住まう場所。昔は万寿沙羅に隣接する形で、縦貫坑道（お堀）を越えた向こう側に存在していたが、現在は天高く、コロンと同じ形で浮遊している。<CR>現在の宮城は、成層圏に近い位置に存在し、その上側にはもはや天文の研究施設しか存在しない。<CR><CR>宮城のデザインは独特な洗練された文化を彷彿とさせるが、これはまだ世界が危機的状況になる前、この帝国がまだ単一文化、民族の国家だった頃のデザインである。すなわち、宮城のデザインこそが、この「最後に残った国家」の本来の姿であると言える。,统治这个世界的“皇帝”所居住的宫阙。往昔毗邻万寿沙罗，位于跨过纵贯坑道（护城河）的彼端，而如今则悬浮于高耸天际之上，化作同克隆别无二致的形态。<CR>如今的宫城坐落于极接近平流层的高空位置，在其上方仅余下天文的研究设施。<CR><CR>宫城的设计风格令人联想到独具匠心且高度洗练的文明，然而这乃是在世界陷入危机动荡之前、帝国尚且维持着单一文化与民族国家时期的遗构。换言之，宫城之风貌，正是这处“仅存至今的最后国家”本该具有的原始身姿。,translated,蕾娜露露,514d6a6e25,<CR> <CR> <CR> br=0 nl=0,1,keep-tags <CR>; src-longest-line=252
inc/event/res/11/me11_08.txt#415#12,えっ？,诶？,translated,依恩,5b8d798295,br=0 nl=0,1,
inc/event/res/11/me11_08.txt#416#12,"まずは皇帝陛下にいま起きていることを
お伝えしましょう。
そして、最善の対処を導き出すのです。","首先向皇帝陛下禀报
眼前所发生的变故吧。
随后再引导出最佳的应对之策。",translated,蕾娜露露,47302b12aa,br=0 nl=2,3,
inc/event/res/11/me11_08.txt#417#12,"それができるのは、あなたをおいてほかに
ありません。","能够做到这一点的，
除您之外别无他人。",translated,蕾娜露露,4d6a32ec46,br=0 nl=1,2,
inc/event/res/11/me11_08.txt#418#12,……わかりました。,……我明白了。,translated,依恩,9a51eaeb8e,br=0 nl=0,1,
inc/event/res/11/me11_08.txt#422#12,"ここを出るの？
だったら、万寿沙羅へ連れて行って。
ター坊たちが心配なの。","要离开这里吗？
那顺便带我去万寿沙罗吧。
我很担心阿达他们。",translated,凯斯,457c484d1a,br=0 nl=2,3,
inc/event/res/11/me11_08.txt#423#12,"いいでしょう。
先ほどの司祭に船を借ります。","好吧。
向刚才的司祭借一艘船吧。",translated,蕾娜露露,e54c8ea844,br=0 nl=1,2,
inc/event/res/11/me11_08.txt#424#12,ありがとう！,谢谢！,translated,凯斯,62676286cb,br=0 nl=0,1,
inc/event/res/11/me11_08.txt#425#12,レナルルさん……。,蕾娜露露小姐……,translated,依恩,b3bb7f4937,br=0 nl=0,1,
inc/event/res/11/me11_08.txt#426#12,"イオナサルさま。
あなたは世界の希望。それは変わりません。","依欧娜萨鲁大人。
您是世界的希望，这一点毋庸置疑。",translated,蕾娜露露,71b9221373,br=0 nl=1,2,
inc/event/res/11/me11_08.txt#427#12,どうか、いまできることに……最善を。,请在当下能做到的事上……竭尽全力。,translated,蕾娜露露,ea94a03575,br=0 nl=0,1,
inc/event/res/11/me11_08.txt#428#12,……はいっ。,……好的！,translated,依恩,66bbc32551,br=0 nl=0,1,
inc/event/res/11/me11_09.txt#22#14,男Ａ,男子Ａ,translated,,de6b984bda,br=0 nl=0,1,
inc/event/res/11/me11_09.txt#22#15,逃げ出す男,逃跑的男子,translated,,83a43ff3b0,br=0 nl=0,1,
inc/event/res/11/me11_09.txt#23#14,男Ｅ,男子Ｅ,translated,,d974dd2790,br=0 nl=0,1,
inc/event/res/11/me11_09.txt#23#15,暴れる男Ｂ,暴动的男子Ｂ,translated,,795fc3b938,br=0 nl=0,1,
inc/event/res/11/me11_09.txt#24#14,男Ｄ,男子Ｄ,translated,,c0df75f38a,br=0 nl=0,1,
inc/event/res/11/me11_09.txt#24#15,暴れる男Ａ,暴动的男子Ａ,translated,,a4920cc19e,br=0 nl=0,1,
inc/event/res/11/me11_09.txt#25#14,女Ｂ,女子Ｂ,translated,,df18267f61,br=0 nl=0,1,
inc/event/res/11/me11_09.txt#25#15,逃げ出す女,逃跑的女子,translated,,55ce25eb2c,br=0 nl=0,1,
inc/event/res/11/me11_09.txt#35#12,"おい逃げろ、急げ！
もうこんな危ないところにいられない！","喂快逃啊，动作快！
这种危险的地方不能再待下去了！",translated,男子Ａ,b791022b2f,br=0 nl=1,2,
inc/event/res/11/me11_09.txt#36#12,待って！,等等我！,translated,女子Ｂ,450d54ce5a,br=0 nl=0,1,
inc/event/res/11/me11_09.txt#37#12,"何か武器になるもの持ってこい！
ジェノムどもをぶっ殺すんだ！","把能当武器的东西拿来！
宰了那些杰诺姆！",translated,男子Ｄ,87650a5e97,br=0 nl=1,2,
inc/event/res/11/me11_09.txt#38#12,このままじゃ死ぬのを待つだけだ！,这样下去就只能坐以待毙了！,translated,男子Ｅ,450051192a,br=0 nl=0,1,
inc/event/res/11/me11_09.txt#45#14,男Ａ,男子Ａ,translated,,de6b984bda,br=0 nl=0,1,
inc/event/res/11/me11_09.txt#45#15,遠くからの声,远方的声音,translated,,aed04561f3,br=0 nl=0,1,
inc/event/res/11/me11_09.txt#54#12,街の混乱がこれほどだなんて……！,街上的混乱竟已到了这种地步……！,translated,蕾娜露露,9ec9f1bed8,br=0 nl=0,1,
inc/event/res/11/me11_09.txt#55#12,"みんな、大地震がジェノムのせいだって
思いこんでる……！","大家深信大地震
是杰诺姆造成的……！",translated,依恩,a2887b79df,br=0 nl=1,2,
inc/event/res/11/me11_09.txt#56#12,"無理もない。
真実を何も知らされてないんだ。","在所难免。
他们根本没有被告知任何真相。",translated,莎丽,6513abf174,br=0 nl=1,2,
inc/event/res/11/me11_09.txt#57#12,だからって乱暴よ、ジェノムを殺すなんて！,但这也太野蛮了，竟然要杀杰诺姆！,translated,凯斯,eafc35856d,br=0 nl=0,1,
inc/event/res/11/me11_09.txt#58#12,"おい、ジェノムがいたぞ！
みんな武器を持って来い！！","喂，发现杰诺姆了！
大家都把武器拿来！！",translated,男子Ａ,55db5a0573,br=0 nl=1,2,
inc/event/res/11/me11_09.txt#72#14,男Ａ,男子Ａ,translated,,de6b984bda,br=0 nl=0,1,
inc/event/res/11/me11_09.txt#72#15,暴れる男Ｃ,暴动的男子Ｃ,translated,,3587763e01,br=0 nl=0,1,
inc/event/res/11/me11_09.txt#77#12,"待って！
お願いです、行かないで！
ジェノムに乱暴しないで！","等等！
求求你们，不要去！
不要对杰诺姆施暴！",translated,依恩,cf3f5e58e2,br=0 nl=2,3,
inc/event/res/11/me11_09.txt#78#12,あ、あんた、イオナサル皇女……！,你、你是……依欧娜萨鲁皇女……！,translated,男子Ｄ,b75fc85ac3,br=0 nl=0,1,
inc/event/res/11/me11_09.txt#79#12,もう皇女なんて関係あるか、邪魔をするな！,管你什么皇女，别来碍事！,translated,男子Ａ,680b474d91,br=0 nl=0,1,
inc/event/res/11/me11_09.txt#80#12,"ジェノムが人間を滅ぼそうとしてるなんて、
嘘なんです！　信じて！","说杰诺姆要消灭人类什么的，
都是假的！请相信我！",translated,依恩,f1b1e6ac64,br=0 nl=1,2,
inc/event/res/11/me11_09.txt#81#12,"俺たちは奴らが地下へ押し寄せるところを
見たんだよ！　そしたら大地震だ！","我们亲眼看见那些家伙涌向地下了！
紧接着就发生了大地震！",translated,男子Ｄ,bb3f711c0c,br=0 nl=1,2,
inc/event/res/11/me11_09.txt#82#12,"そうだ！
奴らのせいに決まってる！","就是！
绝对是那些家伙搞的鬼！",translated,男子Ｅ,32e008999b,br=0 nl=1,2,
inc/event/res/11/me11_09.txt#89#14,男Ｅ,男子Ｅ,translated,,d974dd2790,br=0 nl=0,1,
inc/event/res/11/me11_09.txt#89#15,遠くからの声,远方的声音,translated,,aed04561f3,br=0 nl=0,1,
inc/event/res/11/me11_09.txt#90#14,男Ｅ・Ｆ,男子Ｅ・Ｆ,translated,,07e2273d0f,br=0 nl=0,1,
inc/event/res/11/me11_09.txt#90#15,暴れる男たち,暴动的男子们,translated,,2717fa6c7c,br=0 nl=0,1,
inc/event/res/11/me11_09.txt#94#12,"違う！
あれは天文総統のリーヴェルトが
やったことなの！","不对！
那是天文总统利维尔特
干的好事！",translated,凯斯,799ce9b98d,br=0 nl=2,3,
inc/event/res/11/me11_09.txt#95#12,"リーヴェルトぉ！？　アイツはこの前失脚
しただろ。今更、何ができるって言うんだ。
それに、その話の証拠あんのかよ！？","利维尔特！？那家伙前阵子
不是已经下台了吗。事到如今还能干什么？
而且，你有什么证据吗！？",translated,男子Ａ,896d474553,br=0 nl=2,3,
inc/event/res/11/me11_09.txt#96#12,"見つけたぞ！
ジェノムはこっちだ！","找到了！
杰诺姆在这边！",translated,男子Ｅ,e54afe9b72,br=0 nl=1,2,
inc/event/res/11/me11_09.txt#99#12,行くぞ！,上！,translated,男子Ｄ,c843015c34,br=0 nl=0,1,
inc/event/res/11/me11_09.txt#100#12,おお！,噢！,translated,男子Ｅ・Ｆ,befa8f523f,br=0 nl=0,1,
inc/event/res/11/me11_09.txt#116#12,あっ、待って……！,啊，等等……！,translated,依恩,a84fd511b1,br=0 nl=0,1,
inc/event/res/11/me11_09.txt#123#12,"イオナサル。やめておこう、
ここで局所的に対処しても意味がない。","依欧娜萨鲁，算了吧。
光在这一个地方应对根本毫无意义。",translated,莎丽,0da798e460,br=0 nl=1,2,
inc/event/res/11/me11_09.txt#124#12,"それに、キャスだってター坊と
早く会いたいだろ？","而且，凯斯也想早点
见到阿达吧？",translated,莎丽,63507f5f1e,br=0 nl=1,2,
inc/event/res/11/me11_09.txt#125#12,"べっ、別にそんなんじゃないわよ！
幼なじみとしてちょっと心配なだけ！
先行くわよっ！","才、才不是那样呢！
不过是作为发小稍微担心一下而已！
我先走啦！",translated,凯斯,affd3f5e64,br=0 nl=2,3,
inc/event/res/11/me11_09.txt#146#12,あっ！　ルウレイさん！！,啊！鲁雷女士！！,translated,依恩,588249c54d,br=0 nl=0,1,
inc/event/res/11/me11_09.txt#147#12,イオン……イオンじゃないか！,依恩……这不是依恩吗！,translated,鲁雷,532ed19c4b,br=0 nl=0,1,
inc/event/res/11/me11_09.txt#151#12,おばさま！,阿姨！,translated,凯斯,3bdaa828f2,br=0 nl=0,1,
inc/event/res/11/me11_09.txt#152#12,"キャスティちゃんも……
みんなよく無事だったね！","凯斯蒂也是……
大家都平安无事实在太好了！",translated,鲁雷,f806c3aa5b,br=0 nl=1,2,
inc/event/res/11/me11_09.txt#159#12,かかか母ちゃん、いまの声……！,老、老、老妈，刚才的声音……！,translated,阿达,ece0342bfd,br=0 nl=0,1,
inc/event/res/11/me11_09.txt#160#12,ッ！！,唔！！,translated,阿达,9b8622f226,br=0 nl=0,1,
inc/event/res/11/me11_09.txt#161#12,キャス！！　イオン！！,凯斯！！依恩！！,translated,阿达,2006ec6279,br=0 nl=0,1,
inc/event/res/11/me11_09.txt#162#12,ター坊！！,阿达！！,translated,依恩・凯斯,9f8e2fb0ea,br=0 nl=0,1,
inc/event/res/11/me11_09.txt#173#12,ター坊……ター坊！,阿达……阿达！,translated,凯斯,559310b7ae,br=0 nl=0,1,
inc/event/res/11/me11_09.txt#174#12,おおおい、いきなり何泣いてんだよ！,喂喂喂，怎么突然哭起来了啊！,translated,阿达,7a63ad8cfa,br=0 nl=0,1,
inc/event/res/11/me11_09.txt#175#12,泣いてない！,我才没哭！,translated,凯斯,b3d1981dc3,br=0 nl=0,1,
inc/event/res/11/me11_09.txt#176#12,ボロ泣きじゃん……。,明明哭得一塌糊涂……,translated,阿达,5d07bad1b6,br=0 nl=0,1,
inc/event/res/11/me11_09.txt#177#12,ター坊……うわあああん……。,阿达……呜哇啊啊……,translated,凯斯,32a2c40560,br=0 nl=0,1,
inc/event/res/11/me11_09.txt#178#12,"（キャスちゃん……
　いっぱい危ない目に遭って……
　クラケット博士も……いなくなって……）","（凯斯……
　遇到了那么多危险的事……
　库拉肯特博士也……不在了……）",translated,依恩,b95393c001,br=0 nl=2,3,
inc/event/res/11/me11_09.txt#179#12,"（ター坊に会って、初めて安心できたんだね……
　よかった）","（见到了阿达，才终于放下心来呢……
　太好了）",translated,依恩,032700a32a,br=0 nl=1,2,
inc/event/res/11/me11_09.txt#180#12,よしよし泣くなって、な？,好啦好啦，别哭了，嗯？,translated,阿达,f5306f5904,br=0 nl=0,1,
inc/event/res/11/me11_09.txt#181#12,うぐぅ……ひっく……。,呜呜……嗝……,translated,凯斯,feb2f1823a,br=0 nl=0,1,
inc/event/res/11/me11_09.txt#191#12,申し訳ありません、通信手段をお借りできますか。,非常抱歉，能借用一下通讯工具吗？,translated,蕾娜露露,9cba0347ff,br=0 nl=0,1,
inc/event/res/11/me11_09.txt#192#12,ああ、かまわないよ。,啊，没问题哦。,translated,鲁雷,e72117f7c6,br=0 nl=0,1,
inc/event/res/11/me11_09.txt#193#12,ありがとうございます。,非常感谢。,translated,蕾娜露露,29162a7b71,br=0 nl=0,1,
inc/event/res/11/me11_09.txt#195#12,"イオナサルさま。PLASMAにシップを
寄越させます。あなたを宮城にお送りし、
我々は本部で作戦会議を。","依欧娜萨鲁大人。我会让PLASMA派飞船
过来。将您送往宫城，
随后我们在总部召开作战会议。",translated,蕾娜露露,6ea39b3a08,br=0 nl=2,3,
inc/event/res/11/me11_09.txt#196#12,わかりました。,我明白了。,translated,依恩,731afb2a1a,br=0 nl=0,1,
inc/event/res/11/me11_09.txt#211#12,ター坊、街はずっとこんななの？,阿达，街上一直都是这样吗？,translated,凯斯,2b48117278,br=0 nl=0,1,
inc/event/res/11/me11_09.txt#212#12,あぁ……でっけぇ地震が来てからずっとさ。,嗯……自从发生大地震之后就一直这样。,translated,阿达,70d5ff5e4a,br=0 nl=0,1,
inc/event/res/11/me11_09.txt#213#12,"ジェノムのせいだって人と、天文が原因だって
人でまっぷたつになって争ってる。","说是杰诺姆造成的人，和说是天文造成的人，
两边彻底分裂开来、争执不休。",translated,阿达,4f5a9526c8,br=0 nl=1,2,
inc/event/res/11/me11_09.txt#214#12,君はどう思ってるんだ？,你是怎么想的？,translated,莎丽,da1c9f94b8,br=0 nl=0,1,
inc/event/res/11/me11_09.txt#215#12,"オレは……わっかんねぇよ。
もの凄い群れが地下へ行くのは
オレも見たけど──","我……我哪知道啊。
虽然我也亲眼看到了
数量极其庞大的群体涌向地下――",translated,阿达,222f41c038,br=0 nl=2,3,
inc/event/res/11/me11_09.txt#216#12,"ジェノムが悪いことするなんて、
オレには思えないし。","但我可不觉得
杰诺姆会干什么坏事。",translated,阿达,22651a2f7e,br=0 nl=1,2,
inc/event/res/11/me11_09.txt#217#12,"ほかにもいるはずだぜ、騒ぎに巻き込まれ
ないようにじっとしてる人たち。
あとはまぁ、ひたすら逃げようって人とか。","肯定也有别人，为了不被卷入骚乱
而老老实实待着的。
剩下的嘛，大概就是只顾着拼命逃命的人了。",translated,阿达,126e0b2a7e,br=0 nl=2,3,
inc/event/res/11/me11_09.txt#221#12,ふぁあっ！？,哇啊！？,translated,凯斯,3093d16a78,br=0 nl=0,1,
inc/event/res/11/me11_09.txt#222#12,大丈夫だ、大きくない。,别怕，震级不大。,translated,莎丽,6cf3cffa9f,br=0 nl=0,1,
inc/event/res/11/me11_09.txt#227#12,ふ、ふう……たた大したことなかったわね。,呼、呼……也、也没什么大不了的嘛。,translated,凯斯,7c8207212f,br=0 nl=0,1,
inc/event/res/11/me11_09.txt#228#12,苦手らしいな。,看来你很怕地震呢。,translated,莎丽,05dc4014cb,br=0 nl=0,1,
inc/event/res/11/me11_09.txt#229#12,ちょっとびっくりしただけよ！,只是稍微吓了一跳而已啦！,translated,凯斯,5d97811279,br=0 nl=0,1,
inc/event/res/11/me11_09.txt#230#12,"こんな調子で余震があるたびに、
パニックがでかくなってんだ。","照这个样子，每发生一次余震，
恐慌就会进一步加剧。",translated,阿达,f6e55e7f41,br=0 nl=1,2,
inc/event/res/11/me11_09.txt#231#12,街のこと、ほかには？,关于街上，还有其他情况吗？,translated,凯斯,518c52859e,br=0 nl=0,1,
inc/event/res/11/me11_09.txt#232#12,"軌道エレベイタが大変なことになってる
みてーだ。","轨道电梯那边好像
闹得不可开交的样子。",translated,阿达,43cc22279c,br=0 nl=1,2,
inc/event/res/11/me11_09.txt#233#12,軌道エレベイタが？,轨道电梯？,translated,莎丽,e35979b240,br=0 nl=0,1,
inc/event/res/11/me11_09.txt#234#12,"ああ。壊れるんじゃねーかって勢いで、
大勢が押し寄せてるらしい。","是啊。大群人涌了过去，
那架势简直要把电梯挤垮了一样。",translated,阿达,5fe4104438,br=0 nl=1,2,
inc/event/res/11/me11_09.txt#235#12,"コロンの方が安全だってんで、
高いところへ逃げたがってるんだ。","都说克隆上面更安全，
所以拼了命想逃到高处去。",translated,阿达,67cb19d01b,br=0 nl=1,2,
inc/event/res/11/me11_09.txt#236#12,"外壁をよじ登って、地震で振り落とされる
人までいるらしい……。","据说甚至有人攀爬外壁，
结果被地震震落了下来……",translated,阿达,d87de0070a,br=0 nl=1,2,
inc/event/res/11/me11_09.txt#237#12,何てこと……。,怎会这样……,translated,凯斯,741f0655d0,br=0 nl=0,1,
inc/event/res/11/me11_09.txt#238#12,"まさに地獄絵図だな。
完全に冷静さを失ってる。","简直是一幅人间地狱图景啊。
他们已经彻底失去理智了。",translated,莎丽,86c6c9301c,br=0 nl=1,2,
inc/event/res/11/me11_09.txt#246#12,"（大好きな万寿沙羅の人たちまでが、
　こんなことに……）","（就连我最喜欢的万寿沙罗的大家，
　也变成了这副模样……）",translated,依恩,23dd4f2ed8,br=0 nl=1,2,
inc/event/res/11/me11_09.txt#247#12,"（わたし、どうしたら……
　いま、カノンさんがいてくれたら）","（我到底该怎么办……
　要是现在卡诺小姐能在的话）",translated,依恩,bfdb838b6a,br=0 nl=1,2,
inc/event/res/11/me11_09.txt#248#12,"（カノンさんなら、どうしただろう……
　どんなアドバイスをくれたかな……）","（如果是卡诺小姐，会怎么做呢……
　又会给我怎样的建议呢……）",translated,依恩,53e9627f37,br=0 nl=1,2,
inc/event/res/11/me11_09.txt#249#12,（カノン、さん……）,（卡诺小姐……）,translated,依恩,7d9fb74479,br=0 nl=0,1,
inc/event/res/11/me11_09.txt#258#12,きゃっ！,呀啊！,translated,依恩,ddbee1e891,br=0 nl=0,1,
inc/event/res/11/me11_09.txt#269#12,"ご安心を。
私が呼び寄せたPLASMAのシップです。
宮城へ急ぎましょう。","请放心。
这是我呼叫而来的PLASMA飞船。
我们赶快前往宫城吧。",translated,蕾娜露露,6b57d6dd45,br=0 nl=2,3,
inc/event/res/11/me11_09.txt#270#12,はい。,好的。,translated,依恩,8b9236cd4b,br=0 nl=0,1,
inc/event/res/11/me11_09.txt#274#12,"僕は途中で降ろしてくれないか。
コロン・フォーシーズンに。","能不能顺路把我放下来？
在克隆四季。",translated,莎丽,7d827856d1,br=0 nl=1,2,
inc/event/res/11/me11_09.txt#275#12,わかりました。,明白了。,translated,蕾娜露露,731afb2a1a,br=0 nl=0,1,
inc/event/res/11/me11_09.txt#288#12,私はここに残るわ。,我要留在这里。,translated,凯斯,37a09e7cff,br=0 nl=0,1,
inc/event/res/11/me11_09.txt#289#12,"……うん、それがいいと思う。
ター坊と一緒にいてあげて？","……嗯，我觉得这样很好。
陪在阿达身边好吗？",translated,依恩,da50dbdad3,br=0 nl=1,2,
inc/event/res/11/me11_09.txt#290#12,うん。,嗯。,translated,凯斯,d357e9e0ee,br=0 nl=0,1,
inc/event/res/11/me11_09.txt#291#12,"おいおい、何かそれだと、
オレが弱っちいみてーじゃんか！","喂喂，这么一说，
不显得我好像很软弱一样嘛！",translated,阿达,bac2b21613,br=0 nl=1,2,
inc/event/res/11/me11_09.txt#292#12,もう、こまかいわねー！,真是的，斤斤计较什么啦！,translated,凯斯,5aed077ad1,br=0 nl=0,1,
inc/event/res/11/me11_09.txt#293#12,"あんたと一緒に、縷縷とルウレイさんを
守るお手伝いするのっ！","我是要和你一起，
帮忙守护缕缕和鲁雷女士啦！",translated,凯斯,25bcf862a6,br=0 nl=1,2,
inc/event/res/11/me11_09.txt#294#12,お、おう……よろしくお願いします。,哦、哦……那就拜托你了。,translated,阿达,6b35011afd,br=0 nl=0,1,
inc/event/res/11/me11_09.txt#295#12,"イオン。
皇帝陛下に、このことしっかり伝えてね。","依恩。
一定要好好把这件事传达给皇帝陛下哦。",translated,凯斯,3852befb15,br=0 nl=1,2,
inc/event/res/11/me11_09.txt#296#12,キャスちゃん……わかった。,凯斯……我知道了。,translated,依恩,8204dc7994,br=0 nl=0,1,
inc/event/res/11/me11_09.txt#297#12,イオンだけが、オレたちの希望の光なんだ。,依恩，你可是我们唯一的希望之光啊。,translated,阿达,e202c84ec3,br=0 nl=0,1,
inc/event/res/11/me11_09.txt#298#12,ター坊。わたし、がんばるね！,阿达，我一定会加油的！,translated,依恩,b5343ce098,br=0 nl=0,1,
inc/event/res/11/me11_09.txt#301#12,イオナサルさま。,依欧娜萨鲁大人。,translated,蕾娜露露,d131a03801,br=0 nl=0,1,
inc/event/res/11/me11_09.txt#310#12,頼むぜイオン！,拜托你了，依恩！,translated,阿达,cdda5cb8dc,br=0 nl=0,1,
inc/event/res/11/me11_09.txt#311#12,イオンー！！,依恩――！！,translated,凯斯,e6fa870a60,br=0 nl=0,1,
inc/event/res/11/me11_09.txt#334#14,男Ｅ,男子Ｅ,translated,,d974dd2790,br=0 nl=0,1,
inc/event/res/11/me11_09.txt#334#15,暴れる男Ｂ,暴动的男子Ｂ,translated,,795fc3b938,br=0 nl=0,1,
inc/event/res/11/me11_09.txt#335#14,男Ｄ,男子Ｄ,translated,,c0df75f38a,br=0 nl=0,1,
inc/event/res/11/me11_09.txt#335#15,暴れる男Ａ,暴动的男子Ａ,translated,,a4920cc19e,br=0 nl=0,1,
inc/event/res/11/me11_09.txt#340#12,"ジェノムはどこだ！
一匹残らず殺せ！","杰诺姆在哪里！
一只不留统统宰了！",translated,男子Ｄ,1f72116dec,br=0 nl=1,2,
inc/event/res/11/me11_09.txt#341#12,見つけしだいやっちまえ！,一看到就立刻干掉！,translated,男子Ｅ,50349aaac8,br=0 nl=0,1,
inc/event/res/11/me11_09.txt#348#12,"ふざけないで！
やめて、やめなさい！","别胡闹了！
住手，快给我住手！",translated,吉鲁,5fbcd97165,br=0 nl=1,2,
inc/event/res/11/me11_09.txt#349#12,"ジェノムはこの星を救おうとした！
なぜ！　ジェノムを殺す！！","杰诺姆是为了拯救这颗星球！
为什么！为什么要杀杰诺姆！！",translated,吉鲁,217885d094,br=0 nl=1,2,
inc/event/res/11/me11_09.txt#350#12,うるさいっ！,吵死了！,translated,男子Ｄ,5fdd16f4df,br=0 nl=0,1,
inc/event/res/11/me11_09.txt#358#12,うあっ！,呜啊！,translated,吉鲁,1f9ca8e99e,br=0 nl=0,1,
inc/event/res/11/me11_09.txt#367#12,く……。,咕……,translated,吉鲁,d338b41228,br=0 nl=0,1,
inc/event/res/11/me11_09.txt#368#12,"──なんて愚かな……。
これが知性ある者の……
人間のすることなのか……！！","――何其愚昧……
这难道是有知性的生物……
人类做得出来的事吗……！！",translated,吉鲁,ca4220777f,br=0 nl=2,3,
inc/event/res/11/me11_10.txt#31#12,"……そうですか。
予想以上に早く、最悪の事態になりましたね。","……是吗。
事态恶化之快，超出了预料呢。",translated,皇帝,d2ddf4c40b,br=0 nl=1,2,
inc/event/res/11/me11_10.txt#32#12,"すみません。
わたしの力が……足りなかったばっかりに。","对不起。
都是因为我的力量……有所不足。",translated,依恩,6c0cca9376,br=0 nl=1,2,
inc/event/res/11/me11_10.txt#33#12,"イオナサル。
ここに至り、ひとつあなたに確かめたいことが
あります。","依欧娜萨鲁。
事已至此，余有一件事想要向你确认。",translated,皇帝,12a09948bb,br=0 nl=2,3,
inc/event/res/11/me11_10.txt#36#12,"あなたにとってこの星、いえ、この世界は……
どのような存在ですか？","对于你而言，这颗星球，不，这个世界……
究竟是怎样的存在？",translated,皇帝,22f2757e86,br=0 nl=1,2,
inc/event/res/11/me11_10.txt#44#12,"わたしにとって大切な……
宝物がたくさん詰まった宝石箱のような存在です。","对于我而言，就像是……
装满了无数珍宝的宝箱一样的存在。",translated,依恩,cb94795e8c,br=0 nl=1,2,
inc/event/res/11/me11_10.txt#46#12,ほう……？,哦……？,translated,皇帝,923bbb5672,br=0 nl=0,1,
inc/event/res/11/me11_10.txt#48#12,"ター坊や、キャスちゃん、ルウレイさん、
ネイちゃん……。","阿达、凯斯、鲁雷女士、
妮伊……",translated,依恩,8ba03865da,br=0 nl=1,2,
inc/event/res/11/me11_10.txt#49#12,"白鷹さん、サーリちゃん……
愛すべきたくさんの人たちがいます。","白鹰、莎丽……
有许多许多值得深爱的人们。",translated,依恩,cc834032a3,br=0 nl=1,2,
inc/event/res/11/me11_10.txt#50#12,"かけがえのない生命で、この世界は満ちています。
とても大切な、場所です。","这个世界满溢着无可替代的生命。
是非常重要、珍贵的场所。",translated,依恩,1ce46aac32,br=0 nl=1,2,
inc/event/res/11/me11_10.txt#51#12,"だから、先日の謁見のときのこと……
わたしは考え足らずで、陛下の仰るとおりでした。","所以，前几天晋见时的事……
是我欠缺思虑，正如陛下所言。",translated,依恩,fbfcdfe650,br=0 nl=1,2,
inc/event/res/11/me11_10.txt#52#12,"でも、この世界を救いたい気持ちは、
いまも変わりません。","但是，想要拯救这个世界的心愿，
直到现在也未曾改变。",translated,依恩,ee6dd4d6e0,br=0 nl=1,2,
inc/event/res/11/me11_10.txt#53#12,"わたしがいまここにいるのにも、
何かきっと理由があるんだと思います。","我想，我如今会出现在这里，
也必定有着某种因由在其中。",translated,依恩,4c8597531d,br=0 nl=1,2,
inc/event/res/11/me11_10.txt#54#12,"『世界』がわたしに与えた役割を果たすために、
最善を尽くしたい。","为了履行“世界”所赋予我的职责，
我想要竭尽全力。",translated,依恩,6d5514d49d,br=0 nl=1,2,
inc/event/res/11/me11_10.txt#55#12,"そして、この星の生命のことを誰よりも
大切にしてきた──","而且，为了比任何人都更加
珍视这颗星球之生命的――",translated,依恩,82996fe5f6,br=0 nl=1,2,
inc/event/res/11/me11_10.txt#56#12,"カノンさん、コーザルさんの想いも、
わたしは引き継ぎたい。","卡诺小姐与考扎尔先生的心愿，
我也想要一同继承下去。",translated,依恩,5330a42e21,br=0 nl=1,2,
inc/event/res/11/me11_10.txt#58#12,"カノンさんには大切なことをたくさん
教えてもらいました。","卡诺小姐教会了我
许多许多珍贵的道理。",translated,依恩,c067f09d95,br=0 nl=1,2,
inc/event/res/11/me11_10.txt#59#12,"わたしの宝物です。
どんな生命も、代わりがありません。
わたしも心からそう思います。","那是我的宝物。
任何生命都是无法替代的。
我也由衷地如此坚信着。",translated,依恩,53d9afc813,br=0 nl=2,3,
inc/event/res/11/me11_10.txt#60#12,"カノンさんは、誰もがそう考え、
生命を慈しむ世界をと願っていました。","卡诺小姐期望能有一个
人人皆能如此设想、珍爱生命的崭新世界。",translated,依恩,abf864c749,br=0 nl=1,2,
inc/event/res/11/me11_10.txt#61#12,"わたしはその願いを託されたんです。
カノンさんとの……最後の約束です。","我被托付了那个愿望。
这是我与卡诺小姐……最后的约定。",translated,依恩,60ebc31b26,br=0 nl=1,2,
inc/event/res/11/me11_10.txt#62#12,"……陛下の仰っていたように、
それを行動で示すべきなのでしょうけれど――","……正如陛下所言，
虽然理当以实际行动去展现出来――",translated,依恩,0961642a0b,br=0 nl=1,2,
inc/event/res/11/me11_10.txt#63#12,どうすればいいのか、まだ答えは出ていません。,但究竟该怎么做，我至今仍未找到答案。,translated,依恩,fac1e0370e,br=0 nl=0,1,
inc/event/res/11/me11_10.txt#64#12,"でも、これからたくさんの人とお話して、
自分なりに考えて……。","可是，今后我会去与许许多多的人交谈，
以我自己的方式去思考……",translated,依恩,37d2d089ef,br=0 nl=1,2,
inc/event/res/11/me11_10.txt#65#12,みんながひとつになれるよう、頑張るつもりです。,为了能让大家团结为一，我会努力的。,translated,依恩,f655be2de7,br=0 nl=0,1,
inc/event/res/11/me11_10.txt#69#12,"あなたの想いはわかりました。
では、余の想いを伝えます。","你的心意，余已明了。
那么，接下来便向你传达余之意志。",translated,皇帝,7cd3f143e7,br=0 nl=1,2,
inc/event/res/11/me11_10.txt#70#12,よくお聞きなさい。,给余好生听着。,translated,皇帝,cde83b50a0,br=0 nl=0,1,
inc/event/res/11/me11_10.txt#71#12,──はい。,――是。,translated,依恩,7d7aebce14,br=0 nl=0,1,
inc/event/res/11/me11_10.txt#77#12,"いまこの瞬間をもって、
皇位継承の儀を終了とします。","便自此时此刻起，
皇位继承仪式正式宣告终结。",translated,皇帝,2173c31a03,br=0 nl=1,2,
inc/event/res/11/me11_10.txt#78#12,"イオナサル・ククルル・プリシェール。
あなたを次代皇帝として、
この世界を支える者として……認めます。","依欧娜萨鲁・库库鲁鲁・普立薛尔。
余认可你为下一任皇帝、
以及支撑起这个世界之人……",translated,皇帝,d05a5e3c39,br=0 nl=2,3,
inc/event/res/11/me11_10.txt#80#12,"──！！
わたし、が……？","――！！
我……吗？",translated,依恩,a1801bf0a9,br=0 nl=1,2,
inc/event/res/11/me11_10.txt#81#12,"余はもう、いつ死んでもおかしくない歳に
なりました。",余之年岁，已然随时步入黄泉亦不足为奇。,translated,皇帝,5f9c977df8,br=0 nl=1,2,
inc/event/res/11/me11_10.txt#82#12,"奇跡を起こせる皇帝の声帯を持ち備えていても、
生命力がもはやそれに追いつきません。","纵有能引发奇迹的皇帝声带，
生命力亦已无法再承受其负荷。",translated,皇帝,1ab2d343cd,br=0 nl=1,2,
inc/event/res/11/me11_10.txt#83#12,"ましてや、あなたのように超越的な能力も
持ってはいません。","更遑论，余亦未曾拥有如你一般
超脱尘俗之能力。",translated,皇帝,71885ac8c0,br=0 nl=1,2,
inc/event/res/11/me11_10.txt#86#12,"余は、あなたが正統なる皇位継承者で
ないことは……元より知っておりました。","余自始便已深知，
你并非正统的皇位继承者……",translated,皇帝,4ae10ed5f2,br=0 nl=1,2,
inc/event/res/11/me11_10.txt#87#12,"ですが、根源的な破滅を目の前にして
皇位の空白など考えられぬこと。","然而直面毁灭的根源之时，
皇位之空缺乃万万不可设想之局。",translated,皇帝,da9ff23b1b,br=0 nl=1,2,
inc/event/res/11/me11_10.txt#88#12,余は……あえて口を閉ざしたのです。,余……这才刻意守口如瓶。,translated,皇帝,14ba60a7f0,br=0 nl=0,1,
inc/event/res/11/me11_10.txt#89#12,"そしていま。
あなたには皇帝として、その力を振るって
もらうときが来たというわけです。","而此时此刻。
正是由你作为皇帝，
施展那份力量的时刻到来了。",translated,皇帝,5ed6899a3d,br=0 nl=2,3,
inc/event/res/11/me11_10.txt#90#12,"あなたの俯瞰視点で、あらゆる理を見通し、
どうか──","以你的俯瞰视角洞悉一切天理法则，
恳请你――",translated,皇帝,c821e75f2a,br=0 nl=1,2,
inc/event/res/11/me11_10.txt#91#12,"どうかこの世界のすべての生命を、
救ってあげて欲しい。","恳请你将这个世界的所有生命，
统统拯救下来吧。",translated,皇帝,da6b9d4bed,br=0 nl=1,2,
inc/event/res/11/me11_10.txt#93#12,"すべての生命を救いたい想いは……本当です。
でも――","想要拯救所有生命的心愿……绝无虚言。
可是――",translated,依恩,4e50770779,br=0 nl=1,2,
inc/event/res/11/me11_10.txt#94#12,わたしにその資格が本当にあるんでしょうか？,我真的具备那样的资格吗？,translated,依恩,1537c7f7a5,br=0 nl=0,1,
inc/event/res/11/me11_10.txt#95#12,"力だってまだまだ足りません。
だから、陛下とご一緒に──","我的力量也依然远远不足。
所以，请让我与陛下您一同――",translated,依恩,bc554fb014,br=0 nl=1,2,
inc/event/res/11/me11_10.txt#97#12,"イオナサル。言ったはずですよ？
余の命はいつ尽きるやもしれぬ。
次代皇帝の擁立は必要なことなのです。","依欧娜萨鲁。余应当告诫过你了吧？
余之大限何时到来尚未可知。
拥立下一任皇帝乃刻不容缓之事。",translated,皇帝,2f33e22fa4,br=0 nl=2,3,
inc/event/res/11/me11_10.txt#98#12,"……余は先ほど、皇帝としての最後の仕事を
終えました。","……余方才，已然完成了
作为皇帝的最后一项职责。",translated,皇帝,50b2e97f48,br=0 nl=1,2,
inc/event/res/11/me11_10.txt#100#12,えっ？,诶？,translated,依恩,5b8d798295,br=0 nl=0,1,
inc/event/res/11/me11_10.txt#101#12,『惑星の意志』との対話です。,那便是与“行星的意志”对话。,translated,皇帝,1418b11759,br=0 nl=0,1,
inc/event/res/11/me11_10.txt#102#12,惑星の……意志……。,行星的……意志……,translated,依恩,d90fca6b02,br=0 nl=0,1,
inc/event/res/11/me11_10.txt#104#12,"そうです。ラシェーラという星そのものが、
生きとし生ける者の行く末をどのように願って
いるか。","正是。余向拉榭拉这颗星球本身询问了，
它对于万千生灵的归宿，
究竟抱有怎样的祈愿。",translated,皇帝,8c89999008,br=0 nl=2,3,
inc/event/res/11/me11_10.txt#105#12,それを尋ねたのです。,余向其垂询了此事。,translated,皇帝,dc9125b416,br=0 nl=0,1,
inc/event/res/11/me11_10.txt#107#12,ラシェーラの意思は、我々に生きろと仰いました。,拉榭拉的意志，命我等活下去。,translated,皇帝,2d3c91cb94,br=0 nl=0,1,
inc/event/res/11/me11_10.txt#108#12,"そのためには、生命を捧げると。
ラシェーラの意志そのものが
滅びてもかまわないという意味です。","为此，甘愿献祭其生命。
意味着纵使拉榭拉的意志彻底消亡亦在所不惜。",translated,皇帝,2ad4a75049,br=0 nl=2,3,
inc/event/res/11/me11_10.txt#110#12,それは……つまり、天文の……。,那……也就是说，天文的……,translated,依恩,40116490d1,br=0 nl=0,1,
inc/event/res/11/me11_10.txt#111#12,"そうです。
{グランフェニックス計画}。","正是。
{大凤凰计划}。",translated,皇帝,f9b8a91fda,br=1 nl=1,2,keep-terms {グランフェニックス計画}
inc/event/res/11/me11_10.txt#111#14,天文が推進するラシェーラ救済計画の名称。<CR>地文が掲げるセーブ・ベゼルは、現在のラシェーラを<CR>再生される計画であるのに対して、グランフェニックス計画はラシェーラをエネルギーに変換し、超長距離空間移動を行う計画である。<CR>当然ながら、そのワープ先は人間や動物たちが住める、ラシェーラ住民にとって第二の故郷となる惑星でなければならない。なぜならエネルギーとなるラシェーラは<CR>一つしか存在せず、空間移動は一度しかできないからである。あまりにも壮大な計画かつ、ラシェーラを破壊しなければいけないため、民衆からの反発も大きかったが計画の要であるシーカーが見つかり、現在では多くの<CR>天文派から支持を得ていた。,天文推进的拉榭拉救济计划的名称。<CR>相较于地文主张的旨在重塑当前拉榭拉的<CR>存档贝捷尔，大凤凰计划是将拉榭拉转化为能源，进行超长距离空间移动的计划。<CR>理所当然，跃迁的目的地必须是适宜人类与动物居住、能成为拉榭拉居民第二故乡的行星。因为作为能源的拉榭拉<CR>仅有一颗，空间移动也仅能进行一次。由于计划过于壮阔，且必须毁灭拉榭拉，曾一度遭到民众的强烈反对，但随着作为计划核心的探索者被发现，如今已获得众多<CR>天文派人士的支持。,translated,皇帝,ad4afa062d,<CR> <CR> <CR> <CR> <CR> br=0 nl=0,1,keep-tags <CR>; src-longest-line=311
inc/event/res/11/me11_10.txt#114#12,"ラシェーラを潰して新たな惑星へ移動するという
計画を、余はこれまで否定的に捉えていました。","摧毁拉榭拉并迁移至全新行星之计划，
余迄今为止皆持否定之态。",translated,皇帝,771473cb7f,br=0 nl=1,2,
inc/event/res/11/me11_10.txt#115#12,"しかし、いまとなっては……
もはやそれしか助かる道はありません。","然而，时至今日……
已然别无其他求生之路。",translated,皇帝,817c02dfbb,br=0 nl=1,2,
inc/event/res/11/me11_10.txt#116#12,"こうしている間にも、ラシェーラはいつ崩壊して
もおかしくない。","哪怕在此刻，拉榭拉随时面临瓦解崩塌
亦不足为奇。",translated,皇帝,72048174bb,br=0 nl=1,2,
inc/event/res/11/me11_10.txt#117#12,"今現在も尚、地殻は削られ、
この星は大きく歪んでしまいました。","时至如今地壳仍在不断遭削蚀，
这颗星球已然发生了巨大的扭曲歪斜。",translated,皇帝,dbbc9a5c6b,br=0 nl=1,2,
inc/event/res/11/me11_10.txt#118#12,"ラシェーラは、僅かずつではありますが、
公転軌道を離れ、太陽ベゼルへと近づいています。","拉榭拉虽极细微，但已然偏离了公转轨道，
正逐步逼近太阳贝捷尔。",translated,皇帝,ce40e85e40,br=0 nl=1,2,
inc/event/res/11/me11_10.txt#119#12,そんな……！,怎会……！,translated,依恩,5417777c72,br=0 nl=0,1,
inc/event/res/11/me11_10.txt#121#12,"ラシェーラの意志は、余と同じ意見を
お持ちでした。",拉榭拉的意志，与余之所见略同。,translated,皇帝,64b8d16caa,br=0 nl=1,2,
inc/event/res/11/me11_10.txt#122#12,"人と惑星の総意として……次代皇帝である
あなたに、あらゆる生命の保護を託す、と。","作为万民与行星之总意……将万千生灵的庇护，
托付于身为下一任皇帝的你。",translated,皇帝,b794965ffa,br=0 nl=1,2,
inc/event/res/11/me11_10.txt#124#12,"何度でも頼みます。
どうか、この世界とすべての生命を
救ってほしい。あなたの手で。","无论多少次余皆要拜托你。
恳请你务必用你的双手，
拯救这个世界与所有的生命。",translated,皇帝,0fac3a84cf,br=0 nl=2,3,
inc/event/res/11/me11_10.txt#125#12,……皇位の継承に、同意なさいますか？,……对于继承皇位，你可愿首肯？,translated,皇帝,646bab1ffe,br=0 nl=0,1,
inc/event/res/11/me11_10.txt#127#12,"……はい。
同意します。","……是的。
我同意承继皇位。",translated,依恩,d2d145f9e6,br=0 nl=1,2,
inc/event/res/11/me11_10.txt#140#12,"……あなたはたくさん辛い目に遭って、
たくさんの人と出会って……
別れも経験してきたわ。","……你经历过无数辛酸的遭遇，
与无数的人相逢相知……
亦亲历过了生离死别。",translated,蕾娜露露,14aba79cc3,br=0 nl=2,3,
inc/event/res/11/me11_10.txt#141#12,レナルルさん……。,蕾娜露露小姐……,translated,依恩,b3bb7f4937,br=0 nl=0,1,
inc/event/res/11/me11_10.txt#142#12,"もう二度とそんな悲劇が起こらないよう、
世界を変える……そのための力をあなたは持つの。","为了不再让这等悲剧重演，
你拥有改变世界……为此所需的力量。",translated,蕾娜露露,02e0312e2f,br=0 nl=1,2,
inc/event/res/11/me11_10.txt#144#12,"いまの悲しみを糧にして、
人々を幸せにしてほしい。","将当下的悲痛化作养分，
为芸芸众生带去幸福吧。",translated,蕾娜露露,9600f05f2c,br=0 nl=1,2,
inc/event/res/11/me11_10.txt#145#12,"あなたのセカイから無理矢理連れてきておいて、
こんなことを言うのは本当に身勝手だけれど……。","硬将你从原本的世界强行拉扯过来，
如今却说出这番话，确实极其任性自私……",translated,蕾娜露露,6b9bd7fb14,br=0 nl=1,2,
inc/event/res/11/me11_10.txt#146#12,私たちの希望は、もうあなたしかいないの。,但我们唯一的希望，就只剩下你了。,translated,蕾娜露露,89e20ae7e6,br=0 nl=0,1,
inc/event/res/11/me11_10.txt#147#12,どうか──世界をお救いください。,请你――拯救这个世界吧。,translated,蕾娜露露,dbb550a1d1,br=0 nl=0,1,
inc/event/res/11/me11_10.txt#148#12,"そんなっ、レナルルさん……。
やめてください。","怎会这样，蕾娜露露小姐……
请不要这样。",translated,依恩,9ba8763bac,br=0 nl=1,2,
inc/event/res/11/me11_10.txt#149#12,私も、皇帝即位の儀では最善を尽くします。,在皇帝登基仪式上，我也定当倾尽所能。,translated,蕾娜露露,904a3c378c,br=0 nl=0,1,
inc/event/res/11/me11_10.txt#150#12,えっ？,诶？,translated,依恩,5b8d798295,br=0 nl=0,1,
inc/event/res/11/me11_10.txt#151#12,即位のための詩を、私が謳うことになったの。,为了即位而献唱的诗歌，将由我来领唱。,translated,蕾娜露露,696aa38755,br=0 nl=0,1,
inc/event/res/11/me11_10.txt#152#12,ほんとですか！？,真的吗！？,translated,依恩,b86ba393a7,br=0 nl=0,1,
inc/event/res/11/me11_10.txt#153#12,"詩は、次代皇帝を最も大切に想う人が
謳うことになっているわ。","那首诗歌，理当由最珍视下一任皇帝的人
来献唱。",translated,蕾娜露露,68a4279cc3,br=0 nl=1,2,
inc/event/res/11/me11_10.txt#154#12,"通例では、皇女の家族……主に異父兄弟が
担うことが多いのだけれど──","按惯例，多是由皇女的家人……主要是同母异父
的兄弟来担任这一职责――",translated,蕾娜露露,59c374196c,br=0 nl=1,2,
inc/event/res/11/me11_10.txt#155#12,"イオンには身内と呼べる人がいないから、
私が謳うことに。","但依恩身边没有可以称作亲人的人，
所以便由我来献唱。",translated,蕾娜露露,78d74db4d3,br=0 nl=1,2,
inc/event/res/11/me11_10.txt#156#12,そうなんですね……。,原来是这样啊……,translated,依恩,7377706ecb,br=0 nl=0,1,
inc/event/res/11/me11_10.txt#157#12,ごめんなさいね、私なんかで。,真抱歉呢，居然是由我这种人来担任。,translated,蕾娜露露,054d6d0717,br=0 nl=0,1,
inc/event/res/11/me11_10.txt#158#12,いいえ！,怎么会！,translated,依恩,b25e63033a,br=0 nl=0,1,
inc/event/res/11/me11_10.txt#159#12,"嬉しいです。
レナルルさん、よろしくお願いします。","我很高兴。
蕾娜露露小姐，拜托您了。",translated,依恩,58786baad7,br=0 nl=1,2,
inc/event/res/11/me11_10.txt#160#12,"そう言ってくれて嬉しいわ。
ありがとう。","你能这么说，我也很高兴呢。
谢谢你。",translated,蕾娜露露,b502d78875,br=0 nl=1,2,
inc/event/res/11/me11_10.txt#161#12,うふふ……。,呵呵……,translated,依恩,b6260b0240,br=0 nl=0,1,
inc/event/res/11/me11_10.txt#162#12,"私はこれから、謳う準備をしなくては
ならないの。","我接下来，必须去做好
献唱的准备了。",translated,蕾娜露露,beac74c9b6,br=0 nl=1,2,
inc/event/res/11/me11_10.txt#164#12,"ごめんなさい、儀式まで一緒にいて
あげたいのだけれど。",很抱歉呢，本想一直陪你到仪式开始的。,translated,蕾娜露露,499f22a35c,br=0 nl=1,2,
inc/event/res/11/me11_10.txt#165#12,いえ。……大丈夫です。,没有。……我没事的。,translated,依恩,9d09c0b92b,br=0 nl=0,1,
inc/event/res/11/me11_10.txt#166#12,それじゃあ……あとで。,那么……待会儿见。,translated,蕾娜露露,8ab427bd22,br=0 nl=0,1,
inc/event/res/11/me11_10.txt#167#12,はい。,好的。,translated,依恩,8b9236cd4b,br=0 nl=0,1,
inc/event/res/11/me11_10.txt#177#12,"（前にここに来たときは、
　カノンさんが一緒だった）","（上次来到这里的时候，
　还是和卡诺小姐在一起）",translated,依恩,094d516f6b,br=0 nl=1,2,
inc/event/res/11/me11_10.txt#178#12,"（でも……いまはひとり。
　テレ君もいない……）","（但是……现在只剩我一个人了。
　泰雷也不在……）",translated,依恩,9ba0fb9c5e,br=0 nl=1,2,
inc/event/res/11/me11_10.txt#179#12,（寂しい、な……）,（感觉好寂寞啊……）,translated,依恩,d7480241c4,br=0 nl=0,1,
inc/event/res/11/me11_10.txt#185#12,イオンー！！,依恩――！！,translated,妮伊,e6fa870a60,br=0 nl=0,1,
inc/event/res/11/me11_10.txt#186#12,ネイちゃん！！,妮伊！！,translated,依恩,b1f2d20fba,br=0 nl=0,1,
inc/event/res/11/me11_10.txt#189#12,"んふふー。
短い間しか離れてないけど、
何だかひさしぶりな感じ。","唔呵呵――
虽然分开的时间并不长，
但总觉得好久不见了呢。",translated,妮伊,3c63331f51,br=0 nl=2,3,
inc/event/res/11/me11_10.txt#190#12,そうだね……。,是啊……,translated,依恩,bb2d4221ea,br=0 nl=0,1,
inc/event/res/11/me11_10.txt#191#12,"イオンのことが心配でさー。
レナルルに言って、特別に入れてもらったわけ。","人家很担心依恩嘛――
所以跟蕾娜露露说了声，特许我进来的。",translated,妮伊,0aaa6c2551,br=0 nl=1,2,
inc/event/res/11/me11_10.txt#192#12,"ま、あいつはあたしの本当の正体を知ってるから、
断る気なかったみたいだけどー。","嘛，那家伙既然知道我的真实身份，
好像本来也就没打算拒绝我就是了――",translated,妮伊,7ecb46cdfa,br=0 nl=1,2,
inc/event/res/11/me11_10.txt#193#12,ネイちゃん……。,妮伊……,translated,依恩,840a2b2ae7,br=0 nl=0,1,
inc/event/res/11/me11_10.txt#194#12,うぅぅ……ネイ、ちゃん……。,呜呜……妮、伊……,translated,依恩,b2d43daa0e,br=0 nl=0,1,
inc/event/res/11/me11_10.txt#195#12,カノンさんが……カノンさんが……！,卡诺小姐她……卡诺小姐她……！,translated,依恩,c3863fbba3,br=0 nl=0,1,
inc/event/res/11/me11_10.txt#196#12,"うん。聞いてるよ。
辛かったね……。","嗯。我都听说了。
很难过吧……",translated,妮伊,77ddf49ced,br=0 nl=1,2,
inc/event/res/11/me11_10.txt#197#12,うわああぁぁん……。,呜哇啊啊啊……,translated,依恩,20ebce3ee0,br=0 nl=0,1,
inc/event/res/11/me11_10.txt#198#12,"イオンにはあたしがついてるよ。
ひとりじゃない。
だから泣かない泣かない。","依恩身边还有我在呢。
你不是一个人。
所以不哭不哭哦。",translated,妮伊,32fde9e6ab,br=0 nl=2,3,
inc/event/res/11/me11_10.txt#199#12,ぐす……う、ぇ……う、うん……。,抽泣……呜、嗝……嗯、嗯……,translated,依恩,8b90519b26,br=0 nl=0,1,
inc/event/res/11/me11_10.txt#200#12,"イオン、皇帝陛下になるんだってね。
おめでとう。","听说依恩要成为皇帝陛下啦。
恭喜你呀。",translated,妮伊,3382696229,br=0 nl=1,2,
inc/event/res/11/me11_10.txt#201#12,……うん。,……嗯。,translated,依恩,21d363aba4,br=0 nl=0,1,
inc/event/res/11/me11_10.txt#202#12,どーしたの、暗い顔しちゃって。,怎么啦，摆出一副闷闷不乐的表情。,translated,妮伊,c842f40604,br=0 nl=0,1,
inc/event/res/11/me11_10.txt#203#12,だって……！,可是……！,translated,依恩,9eeb789289,br=0 nl=0,1,
inc/event/res/11/me11_10.txt#204#12,"皇帝には、ネイちゃんがなるかもしれないはず
だったのに……。","本来成为皇帝的人，
说不定有可能是妮伊的……",translated,依恩,defb676a93,br=0 nl=1,2,
inc/event/res/11/me11_10.txt#205#12,あははは、そんなこと気にしてたんだ！,啊哈哈哈，你居然在在意这种事啊！,translated,妮伊,2431d93f99,br=0 nl=0,1,
inc/event/res/11/me11_10.txt#206#12,"ナイナイ！
全然そんな気なかったし、
そもそも試練の３年間があたしにはムリー。","没有没有！
我压根就没那个打算，
而且试炼的3年对我来说根本受不了啦――",translated,妮伊,43e7e794fd,br=0 nl=2,3,
inc/event/res/11/me11_10.txt#207#12,"そういう堅苦しいの苦手だし。
イオンがやってくれてよかったわーって思ってる。","我最受不了那种死板规矩了。
倒不如说依恩能当上真是太好啦。",translated,妮伊,79aca83b10,br=0 nl=1,2,
inc/event/res/11/me11_10.txt#208#12,ネイちゃん……。,妮伊……,translated,依恩,840a2b2ae7,br=0 nl=0,1,
inc/event/res/11/me11_10.txt#209#12,"それに、イオンへーかの隣で文句たれるくらいの
ことはしちゃうよー？","而且，我还可以待在依恩陛下身边
对你发发牢骚什么的哦？",translated,妮伊,7f8b43addf,br=0 nl=1,2,
inc/event/res/11/me11_10.txt#210#12,"あっ、それって楽して皇帝並みの権力者って
こと？　うは、最高ー♪","啊，这岂不是意味着不用干活就能
享受皇帝级别的权势了吗？哈，太棒啦♪",translated,妮伊,709230b703,br=0 nl=1,2,
inc/event/res/11/me11_10.txt#211#12,くすっ……うふふ……。,扑哧……呵呵……,translated,依恩,4f0016f069,br=0 nl=0,1,
inc/event/res/11/me11_10.txt#212#12,"えへへー。
よかった、笑ってくれた♪","诶嘿嘿――
太好了，总算笑出来了♪",translated,妮伊,d3e443c265,br=0 nl=1,2,
inc/event/res/11/me11_10.txt#213#12,うふふ……。,呵呵……,translated,依恩,b6260b0240,br=0 nl=0,1,
inc/event/res/11/me11_10.txt#214#12,……いよいよ明日だね、即位の儀。,……终于就是明天了呢，登基仪式。,translated,妮伊,857617503c,br=0 nl=0,1,
inc/event/res/11/me11_10.txt#215#12,うん。,嗯。,translated,依恩,d357e9e0ee,br=0 nl=0,1,
inc/event/res/11/me11_10.txt#216#12,あ、緊張してる？,啊，在紧张吗？,translated,妮伊,2ae8ebf14d,br=0 nl=0,1,
inc/event/res/11/me11_10.txt#217#12,"もちろんだよ！
ずっとドキドキが止まらなくて……。","那是当然的啊！
心一直扑通扑通跳个不停……",translated,依恩,5b5245dec1,br=0 nl=1,2,
inc/event/res/11/me11_10.txt#218#12,"でも、ネイちゃんが近くにいるって思ったら、
きっと大丈夫！","不过，只要想到妮伊就在身边，
就一定会没事的！",translated,依恩,f03e38da7c,br=0 nl=1,2,
inc/event/res/11/me11_10.txt#219#12,"そぅお？
声帯を授かるときも大丈夫？","是吗？
被传授声带的时候也能没事吗？",translated,妮伊,63a784d0ee,br=0 nl=1,2,
inc/event/res/11/me11_10.txt#220#12,え？,诶？,translated,依恩,5590ff8011,br=0 nl=0,1,
inc/event/res/11/me11_10.txt#221#12,"あれま。まだ聞いてなかった？
即位の儀で、皇帝の声帯を授かるんだけど……。","哎呀。你还没听说过吗？
在登基仪式上，虽然要被传授皇帝的声带……",translated,妮伊,468794eedb,br=0 nl=1,2,
inc/event/res/11/me11_10.txt#222#12,それって、マウス・トゥ・マウスなんだよ？,那个，可是要嘴对嘴传授的哦？,translated,妮伊,14797e7d0b,br=0 nl=0,1,
inc/event/res/11/me11_10.txt#223#12,"はっ、初耳……
えっ、それってその、口と口を……？","头、头一次听说……
诶，那不就是说，嘴唇对着嘴唇……？",translated,依恩,593cb0464f,br=0 nl=1,2,
inc/event/res/11/me11_10.txt#224#12,"あったりまえじゃーん♪
役得よね、役得！","那是当然啦♪
赚到了吧，职务福利哦！",translated,妮伊,0bcf5cfa06,br=0 nl=1,2,
inc/event/res/11/me11_10.txt#225#12,"ネ、ネイちゃん気楽すぎ、
わたしは余計に緊張してきちゃったよ……。","妮、妮伊你也太心大了，
我反而变得更加紧张了啦……",translated,依恩,50b7691193,br=0 nl=1,2,
inc/event/res/11/me11_10.txt#226#12,あはは……。,啊哈哈……,translated,妮伊,7022a7cb53,br=0 nl=0,1,
inc/event/res/11/me11_10.txt#228#12,"ねぇ、イオン。
実はさ。あんたに話したいことがあるの。","呐，依恩。
其实呢。我有件事想对你说。",translated,妮伊,5967407b4e,br=0 nl=1,2,
inc/event/res/11/me11_10.txt#229#12,なに？,什么事？,translated,依恩,90534653ff,br=0 nl=0,1,
inc/event/res/11/me11_10.txt#230#12,"……あたしたち、{ファーストハーモニクス}
しない？","……我们要不要，
进行{第一谐波}？",translated,妮伊,2f682e1cd4,br=1 nl=1,2,keep-terms {ファーストハーモニクス}
inc/event/res/11/me11_10.txt#230#14,ジェノムと人間が、これからパートナーとしてお付き合いしていくか否かを決定するための最初の同調のこと。<CR>試しに心を通わせてみて、惹かれあえば成立する。そうでなければ拒絶される。<CR>ファーストハーモニクスが成就すると、ジェノムと人間はお互い助け合いの関係となり、何か問題が発生しない限り、その関係は続いていく。,指杰诺姆与人类为了决定今后是否作为搭档结伴而行，所进行的最初的同调。<CR>尝试让彼此心意相通，若能互相吸引便告成立。若非如此则会被拒绝。<CR>一旦第一谐波圆满修成，杰诺姆与人类便会确立互帮互助的伴侣关系，只要不发生什么意外，这种关系便会一直维系下去。,translated,妮伊,d10bd498bb,<CR> <CR> br=0 nl=0,1,keep-tags <CR>; src-longest-line=158
inc/event/res/11/me11_10.txt#233#12,"えっ？
わたしが、ネイちゃんと！？","诶？
我和妮伊！？",translated,依恩,3014d7d935,br=0 nl=1,2,
inc/event/res/11/me11_10.txt#234#12,"それはもちろん嬉しいけど……
でも……。","能这样当然很高兴……
可是……",translated,依恩,140d23d037,br=0 nl=1,2,
inc/event/res/11/me11_10.txt#235#12,"ま、そう言うだろうと思ってたよ。
理由もだいたい察しがつくわー。","嘛，我就猜到你会这么说了。
理由我也大概能猜得八九不离十啦――",translated,妮伊,ec34765e65,br=0 nl=1,2,
inc/event/res/11/me11_10.txt#236#12,"でも、だからこそファーストハーモニクスして。
だってこれは、テレフンケンの最後のお願い
だったから。","但正因如此才要进行第一谐波呀。
因为这可是泰雷芬肯最后的请求呢。",translated,妮伊,913800d914,br=0 nl=2,3,
inc/event/res/11/me11_10.txt#237#12,テレ君の……！？,泰雷的……！？,translated,依恩,d87b0f16b4,br=0 nl=0,1,
inc/event/res/11/me11_10.txt#238#12,"そう。地文寺院であんたとカノンが
共同声明を発表してるとき、
テレフンケンからお願いされたの。","没错。你和卡诺在地文寺院
发表联合声明的时候，
泰雷芬肯就拜托过我了。",translated,妮伊,14eca9eada,br=0 nl=2,3,
inc/event/res/11/me11_10.txt#239#12,"自分のかわりに、あたしがイオンのジェノムに
なってほしいって。","希望由我代替它，
成为依恩的杰诺姆。",translated,妮伊,f4bf36c0ea,br=0 nl=1,2,
inc/event/res/11/me11_10.txt#240#12,"でも、あたし自身が心の整理つけられなくて……
いままでずっと悩んでた。","但我自己一直没能理清思绪……
所以直到刚才都在犹豫不决。",translated,妮伊,93c41f2d09,br=0 nl=1,2,
inc/event/res/11/me11_10.txt#242#12,"でも、思ったの。
あんたとあのコの絆は、すっごく強いわ。","可是我想明白了。
你和那孩子的羁绊，是无比深厚的。",translated,妮伊,23c2874e3a,br=0 nl=1,2,
inc/event/res/11/me11_10.txt#243#12,"そのテレフンケンが、
あたしに頼んできたんだから──","既然是那个泰雷芬肯
亲自托付给了我――",translated,妮伊,1af3ad01d6,br=0 nl=1,2,
inc/event/res/11/me11_10.txt#244#12,"それってイオンにとっても、
あたしにとっても、正しいことなんだって。","那么这件事无论对依恩、
还是对我而言，都一定是正确的抉择。",translated,妮伊,708ad6f0a4,br=0 nl=1,2,
inc/event/res/11/me11_10.txt#245#12,"ネイちゃんとわたしが……
ファーストハーモニクス……。","我和妮伊……
进行第一谐波……",translated,依恩,27574f4006,br=0 nl=1,2,
inc/event/res/11/me11_10.txt#246#12,"なんだか、イメージ湧かないよね。
気が進まないなら、無理になんて言わないよ。","总觉得没什么实感对吧。
要是你不愿意的话，我也不会勉强你的。",translated,妮伊,2da38b0c30,br=0 nl=1,2,
inc/event/res/11/me11_10.txt#247#12,うぅん、そんなことない！,才没有那回事呢！,translated,依恩,5e0e2d6802,br=0 nl=0,1,
inc/event/res/11/me11_10.txt#248#12,"ありがとう……
ネイちゃん、お願いします。","谢谢你……
妮伊，那就拜托你了。",translated,依恩,0f215cd466,br=0 nl=1,2,
inc/event/res/11/me11_10.txt#249#12,"そっか。
こちらこそありがとう、イオン♪","这样啊。
我这边才要谢谢你呢，依恩♪",translated,妮伊,624a5a9437,br=0 nl=1,2,
inc/event/res/11/me11_10.txt#277#12,"これより、惑星ラシェーラ次代皇帝即位の儀を
執り行う。","自此刻起，正式举行
行星拉榭拉下一任皇帝登基仪式。",translated,皇帝,b42a7336e8,br=0 nl=1,2,
inc/event/res/11/me11_10.txt#278#12,"先に倣えば、全世界を挙げての典礼と
すべきところなるも──","若按先例，本当举国同庆、
办成昭告天下之盛典――",translated,皇帝,e76ce9b906,br=0 nl=1,2,
inc/event/res/11/me11_10.txt#279#12,"いまは速やかなる皇位の継承が必要と余が
判断した。よって、略儀にて行うこととする。","但余断定此刻急需迅速承继皇位。
故此，从简行事。",translated,皇帝,11c0575494,br=0 nl=1,2,
inc/event/res/11/me11_10.txt#284#12,"──イオナサル・ククルル･プリシェール。
これへ。","――依欧娜萨鲁・库库鲁鲁・普立薛尔。
上前听封。",translated,皇帝,00adf0bdc7,br=0 nl=1,2,
inc/event/res/11/me11_10.txt#292#12,"そして、詩姫。
レナルル・タータルカ…前へ。","以及，诗姬。
蕾娜露露・塔塔尔卡……上前。",translated,皇帝,1dfbf48954,br=0 nl=1,2,
inc/event/res/11/me11_10.txt#303#12,"ラシェーラとの絆を契り、
すべての生命──世界を想う詩を！","与拉榭拉缔结羁绊，
献上那首为芸芸众生――为整个世界祈愿之诗吧！",translated,皇帝,7f69e9d750,br=0 nl=1,2,
inc/event/res/11/me11_10.txt#319#12,……たくさんの人と出会った。,……我与许许多多的人相逢相识。,translated,依恩,ab09109bac,br=0 nl=0,1,
inc/event/res/11/me11_10.txt#321#12,ター坊。キャスちゃん。,阿达。凯斯。,translated,依恩,1deadeaadd,br=0 nl=0,1,
inc/event/res/11/me11_10.txt#326#12,ネイちゃん。白鷹さん。サーリちゃん。,妮伊。白鹰先生。莎丽。,translated,依恩,3d19361237,br=0 nl=0,1,
inc/event/res/11/me11_10.txt#331#12,レナルルさん……そして、ジルさん。,蕾娜露露小姐……还有吉鲁小姐。,translated,依恩,13e0179323,br=0 nl=0,1,
inc/event/res/11/me11_10.txt#336#12,いまも苦しんでいる──ネロ。,如今仍在饱受苦难的――妮诺。,translated,依恩,e25bb68be9,br=0 nl=0,1,
inc/event/res/11/me11_10.txt#341#12,"わたしにすべてを託してくれた──
カノンさん。","将一切都托付给我的――
卡诺小姐。",translated,依恩,11ce2d3569,br=0 nl=1,2,
inc/event/res/11/me11_10.txt#345#12,"楽しいことも、辛いことも。
苦しいことも、素敵なことも。","开心的事也好，心酸的事也罢。
痛苦的事也好，美好的事也罢。",translated,依恩,b03f12152a,br=0 nl=1,2,
inc/event/res/11/me11_10.txt#347#12,……全部、みんながいたから。,……这一切，都是因为有大家相伴。,translated,依恩,52436357ea,br=0 nl=0,1,
inc/event/res/11/me11_10.txt#348#12,"いまこの瞬間までわたし、全力で走ってきて……
そして、みんなに支えられてたんだね。","直到此时此刻，我都在全力奔跑着……
并且，一直都被大家支撑着呢。",translated,依恩,1ceec34378,br=0 nl=1,2,
inc/event/res/11/me11_10.txt#351#12,"ありがとう。
ありがとう、みんな。","谢谢你们。
谢谢大家。",translated,依恩,415e39ea20,br=0 nl=1,2,
inc/event/res/11/me11_10.txt#352#12,今度はわたしが、みんなを救う番だね……。,这次，轮到我来拯救大家了呢……,translated,依恩,ca7351cf0e,br=0 nl=0,1,
inc/event/res/11/me11_10.txt#364#12,イオナサル・ククルル・プリシェール。,依欧娜萨鲁・库库鲁鲁・普立薛尔。,translated,皇帝,282d1d5d54,br=0 nl=0,1,
inc/event/res/11/me11_10.txt#365#12,皇帝の声帯を、あなたへ。,将皇帝之声带，赐予你。,translated,皇帝,d748296b3a,br=0 nl=0,1,
inc/event/res/11/me11_10.txt#366#12,"あなたはいまよりその名を捨て、
世界にただひとつの御名を奉じます。","你自此刻起将舍弃旧名，
奉领这世上唯一的至尊御名。",translated,皇帝,2f95864f16,br=0 nl=1,2,
inc/event/res/11/me11_10.txt#367#12,皇帝ラシェーラ。,皇帝拉榭拉。,translated,皇帝,4243ccb18a,br=0 nl=0,1,
inc/event/res/11/me11_10.txt#368#12,"惑星ラシェーラ最後の皇帝よ。
この世界を……どうか頼みます。","行星拉榭拉的末代皇帝啊。
这个世界……就拜托你了。",translated,皇帝,d6d5015a2c,br=0 nl=1,2,
inc/event/res/11/me11_11.txt#41#14,男Ａ,男子Ａ,translated,,de6b984bda,br=0 nl=0,1,
inc/event/res/11/me11_11.txt#41#15,暴れる男Ａ,暴动的男子Ａ,translated,,a4920cc19e,br=0 nl=0,1,
inc/event/res/11/me11_11.txt#42#14,男Ｂ,男子Ｂ,translated,,2a7395800c,br=0 nl=0,1,
inc/event/res/11/me11_11.txt#42#15,暴れる男Ｂ,暴动的男子Ｂ,translated,,795fc3b938,br=0 nl=0,1,
inc/event/res/11/me11_11.txt#43#14,男Ｅ,男子Ｅ,translated,,d974dd2790,br=0 nl=0,1,
inc/event/res/11/me11_11.txt#43#15,暴れる男Ｃ,暴动的男子Ｃ,translated,,3587763e01,br=0 nl=0,1,
inc/event/res/11/me11_11.txt#44#14,男Ｄ,男子Ｄ,translated,,c0df75f38a,br=0 nl=0,1,
inc/event/res/11/me11_11.txt#44#15,地文派の男,地文派男子,translated,,53b9e06418,br=0 nl=0,1,
inc/event/res/11/me11_11.txt#50#12,"住人は速やかに武器を置け！
ジェノムに危害を加える者は拘束する！","居民们立刻放下武器！
胆敢加害杰诺姆者统统逮捕！",translated,警卫,1f44aef48f,br=0 nl=1,2,
inc/event/res/11/me11_11.txt#51#12,"うるせぇ、PLASMA！
いい武器持ってんならこっちに寄越せ！","少废话，PLASMA！
有趁手的武器就给老子交出来！",translated,男子Ａ,d449d85111,br=0 nl=1,2,
inc/event/res/11/me11_11.txt#52#12,"そうだ！
ジェノムを根絶やしにするんだ！","就是！
把杰诺姆斩草除根！",translated,男子Ｂ,83914adb72,br=0 nl=1,2,
inc/event/res/11/me11_11.txt#53#12,"待て、何度言えばわかる！
地震がジェノムのせいとまだ決まったわけ
じゃない！","等等，跟你们说多少遍才懂！
还没确定地震就是杰诺姆搞的鬼啊！",translated,男子Ｄ,b450de2eb5,br=0 nl=2,3,
inc/event/res/11/me11_11.txt#54#12,"知るかよ！
お前もぶっ殺されてーか！？","谁管那么多！
你也想被宰了吗！？",translated,男子Ｅ,67ca671017,br=0 nl=1,2,
inc/event/res/11/me11_11.txt#55#12,やめろ、全員おとなしく──,住手，全都给我老实点――,translated,警卫,fde96a4d87,br=0 nl=0,1,
inc/event/res/11/me11_11.txt#66#12,"──宮城より、最重要の通達があります。
国民各位は周囲の人々に声をかけ、
放送をお聞きくださいますよう──","――来自宫城的最重要通知。
请国民各位互相转告身边的人，
收听广播――",translated,广播,b4d8fb9651,br=0 nl=2,3,
inc/event/res/11/me11_11.txt#67#12,宮城、って……。,宫城……,translated,男子Ａ,42e5da770e,br=0 nl=0,1,
inc/event/res/11/me11_11.txt#68#12,こ、皇帝陛下に何かあったのか？,皇、皇帝陛下出什么事了吗？,translated,男子Ｄ,6d8ae23ef2,br=0 nl=0,1,
inc/event/res/11/me11_11.txt#71#12,"宮城は、次代皇位継承の儀を停止したと
正式に発表しました──","宫城正式发表公告，
宣布停止下一任皇位继承仪式――",translated,广播,bf22871b28,br=0 nl=1,2,
inc/event/res/11/me11_11.txt#72#12,"同時に、次代皇帝即位の儀が執り行われたことが、
あわせて発表されました──","同时宣布，
已举行了下一任皇帝登基仪式――",translated,广播,85e4382719,br=0 nl=1,2,
inc/event/res/11/me11_11.txt#73#12,何だって！？,你说什么！？,translated,男子Ｄ,5de068e5d4,br=0 nl=0,1,
inc/event/res/11/me11_11.txt#74#12,しっ、静かにしろ！,嘘，安静点！,translated,男子Ｅ,8f0cb0fcb8,br=0 nl=0,1,
inc/event/res/11/me11_11.txt#75#12,"次代皇帝ラシェーラには、
イオナサル皇女が即位されました──","依欧娜萨鲁皇女
已登基成为下一任皇帝拉榭拉――",translated,广播,fdeecf21f0,br=0 nl=1,2,
inc/event/res/11/me11_11.txt#76#12,イ、イオナサル……って、天文皇女！,依、依欧娜萨鲁……那不是天文皇女吗！,translated,男子Ｄ,977b8d9271,br=0 nl=0,1,
inc/event/res/11/me11_11.txt#77#12,こ、……こ、……皇帝陛下、ばんざい！,皇、……皇、……皇帝陛下万岁！,translated,男子Ａ,7f0b642ccd,br=0 nl=0,1,
inc/event/res/11/me11_11.txt#78#12,"何言ってる、カノン様はどうなる！？
試練も終わってないのに、こんなの認められる
かよ！","胡说什么呢，那卡诺大人怎么办！？
试炼都还没结束呢，这种事怎么可能承认啊！",translated,男子Ｄ,e2398cee9c,br=0 nl=2,3,
inc/event/res/11/me11_11.txt#79#12,"誰でもかまうもんか、
俺たちを助けてくれんだろーな！？","管他是谁都无所谓，
关键是到底能不能救我们啊！？",translated,男子Ｂ,8e2a2d4f94,br=0 nl=1,2,
inc/event/res/11/me11_11.txt#80#12,"そうだ、いま皇帝のやることはひとつだ！
ラシェーラを救ってくれ！","对啊，现在皇帝该做的事只有一件！
快拯救拉榭拉吧！",translated,男子Ｅ,f101b4a5e8,br=0 nl=1,2,
inc/event/res/11/me11_11.txt#119#12,"イオナサル皇女が
皇帝ラシェーラに即位されました──","依欧娜萨鲁皇女
已即位为皇帝拉榭拉――",translated,广播,e9aaf6349e,br=0 nl=1,2,
inc/event/res/11/me11_11.txt#125#12,イオナサルさまが、皇帝……ついに。,依欧娜萨鲁大人成为皇帝了……终于。,translated,库琳,76377bcc3d,br=0 nl=0,1,
inc/event/res/11/me11_11.txt#126#12,"ええ……決まったのね。
おめでとう、イオナサルさま。","嗯……定下来了呢。
恭喜您，依欧娜萨鲁大人。",translated,帕里,0dbbf3d4a5,br=0 nl=1,2,
inc/event/res/11/me11_11.txt#135#12,"イオンちゃん……とうとうやったんだな。
きっと大丈夫だぜ、おめでとう。","依恩……终于做到了啊。
一定会没事的，恭喜你了。",translated,白鹰,75ea930a58,br=0 nl=1,2,
inc/event/res/11/me11_11.txt#144#12,"おめでとう、イオナサル。
道は本当に険しいけど……負けないで。","恭喜你，依欧娜萨鲁。
前路固然无比险阻……但请不要放弃。",translated,莎丽,9829220a9e,br=0 nl=1,2,
inc/event/res/11/me11_11.txt#157#12,"……そうかい。
あの頼りなかったコが、本当にね……。","……这样啊。
那个曾经靠不住的小姑娘，真的做到了呢……",translated,鲁雷,ac784fc2f5,br=0 nl=1,2,
inc/event/res/11/me11_11.txt#158#12,"おめでとう、でもこれからが大変だね。
頑張るんだよ。","恭喜你，不过接下来才困难呢。
要加油啊。",translated,鲁雷,7f726d057f,br=0 nl=1,2,
inc/event/res/11/me11_11.txt#186#12,やった……やったぞ、キャス！！,太好了……做到了啊，凯斯！！,translated,阿达,859eaeb608,br=0 nl=0,1,
inc/event/res/11/me11_11.txt#187#12,"うん！！
イオンが……あのイオンが、とうとう！","嗯！！
依恩……那个依恩，终于！",translated,凯斯,aa32f717fd,br=0 nl=1,2,
inc/event/res/11/me11_11.txt#188#12,皇帝陛下！！,皇帝陛下！！,translated,阿达・凯斯,1b1f47a491,br=0 nl=0,1,
inc/event/res/11/me11_11.txt#197#12,"オレ、ずっと思ってた！
イオンが絶対皇帝になるって！","我一直就坚信着！
依恩绝对会成为皇帝的！",translated,阿达,d81ac51290,br=0 nl=1,2,
inc/event/res/11/me11_11.txt#198#12,"私だって！！
イオンが絶対、この星を救うんだって！","我也一样！！
依恩绝对会拯救这颗星球的！",translated,凯斯,1b3275ccd1,br=0 nl=1,2,
inc/event/res/11/me11_11.txt#199#12,おい、宮城はどっちの方だ！？,喂，宫城是在哪个方向来着！？,translated,阿达,d008b0dd80,br=0 nl=0,1,
inc/event/res/11/me11_11.txt#200#12,えとね、あっち！,那个啊，那边！,translated,凯斯,0a66d5e249,br=0 nl=0,1,
inc/event/res/11/me11_11.txt#201#12,よぉーし……。,好嘞……,translated,阿达,6bbe99c79a,br=0 nl=0,1,
inc/event/res/11/me11_11.txt#202#12,イオン、おめでとー！！,依恩，恭喜你――！！,translated,阿达・凯斯,a6479ca6b7,br=0 nl=0,1,
inc/event/res/11/me11_11.txt#215#14,エージェントＤ,特工Ｄ,translated,,d9b5f6ca9a,br=0 nl=0,1,
inc/event/res/11/me11_11.txt#215#15,エージェントＡ,特工Ａ,translated,,35fcc3d144,br=0 nl=0,1,
inc/event/res/11/me11_11.txt#216#14,エージェントＥ,特工Ｅ,translated,,044c238b55,br=0 nl=0,1,
inc/event/res/11/me11_11.txt#216#15,エージェントＢ,特工Ｂ,translated,,2fbc9d82df,br=0 nl=0,1,
inc/event/res/11/me11_11.txt#222#12,"ッ！
な、何だよお前ら！","唔！
你、你们是什么人！",translated,阿达,db955357d4,br=0 nl=1,2,
inc/event/res/11/me11_11.txt#223#12,"宮城より、君たちへの通達を届けに
参りました。","奉宫城之命，特来向二位
传达正式通告。",translated,特工Ｅ,814a9a9ffc,br=0 nl=1,2,
inc/event/res/11/me11_11.txt#224#12,通達……。,通告……,translated,凯斯,fe2b1c4edc,br=0 nl=0,1,
inc/event/res/11/me11_11.txt#225#12,宮城……？,宫城……？,translated,阿达,9803619637,br=0 nl=0,1,
inc/event/res/11/me11_11.txt#226#12,"なお、直々に伝えたいとのお言葉だ。
ご同行願いたい。","此外，陛下口谕要当面传达。
请二位随行同往。",translated,特工Ｄ,5e2caed0c7,br=0 nl=1,2,
inc/event/res/11/me11_11.txt#227#12,"ラシェーラ皇帝陛下の御前へ赴くのだ。
粗相のないように。","即将面谒拉榭拉皇帝陛下。
切莫有失礼节。",translated,特工Ｅ,d13d0d1a31,br=0 nl=1,2,
inc/event/res/11/me11_11.txt#228#12,ここ、皇帝！？,皇、皇帝！？,translated,阿达,d541afa80f,br=0 nl=0,1,
inc/event/res/11/me11_11.txt#229#12,"へへ、陛下！？
それって、つまり……。","陛、陛下！？
那岂不就是说……",translated,凯斯,13b8b00b02,br=0 nl=1,2,
inc/event/res/11/me11_11.txt#232#12,イオン！？,依恩！？,translated,阿达・凯斯,cc0481ac73,br=0 nl=0,1,
inc/event/res/11/me11_song.txt#12#12,"いざ 知食(しろしめ)せ
いざ 高らかに","来兮　统御天下
来兮　引吭高颂",translated,系统文本,a7967d2a17,br=0 nl=1,2,
inc/event/res/11/me11_song.txt#13#12,"詔以(みことも)ち立つ美(うるは)しき
伝統(ながれ)の隨隨(まにま)に","奉承明诏何其穆美
顺应相传悠远之流",translated,系统文本,79ee1f762f,br=0 nl=1,2,
inc/event/res/11/me11_song.txt#17#12,"代々生命(よよみたま)は　受け継がれし
弥遠永(いやとほなが)に　守り導き","万世生命　世代相承
永世绵长　庇佑指引",translated,系统文本,5ff963846e,br=0 nl=1,2,
inc/event/res/11/me11_song.txt#18#12,"清浄(きよ)き明(あか)き　心で祓(はら)い
此(か)く宣(の)りて　言祝(ことほ)ぐ","怀清澈光明之心禳祓
宣此誓言以致祝颂",translated,系统文本,13402515c0,br=0 nl=1,2,
inc/event/res/11/me11_train.txt#2#12,"<CLY2>チュートリアルが終了しておりません。
まずは第一の扉へ向かいましょう。","<CLY2>教程尚未结束。
首先请前往第一扇门。",translated,系统文本,43739b392f,<CLY2> br=0 nl=1,2,keep-tags <CLY2>
