id,jp,zh,status,speaker,src,ctl,lines,note
inc/event/res/12/me12_00.txt#34#14,男Ｂ,男子Ｂ,translated,,2a7395800c,br=0 nl=0,1,
inc/event/res/12/me12_00.txt#34#15,オヤジ,大叔,translated,,17d5c2cfc0,br=0 nl=0,1,
inc/event/res/12/me12_00.txt#47#12,"この街もだいぶ静かになってきたもんだねぇ。
新しい皇帝が即位した時は良くも悪くも
にぎやかなもんだったのに。","这片街区也变得冷清多了呢。
新皇帝登基之时，不论好坏
都还热闹得很呢。",translated,鲁雷,847a278eac,br=0 nl=2,3,
inc/event/res/12/me12_00.txt#48#12,"人が減った分だけ活気が無くなっていくって
いうのは分かってたつもりだけど、
寂しいもんだね。","人走得越多就越缺乏生气，
这个道理我本该心知肚明，
却还是觉得格外寂寞呢。",translated,鲁雷,7bed486e8f,br=0 nl=2,3,
inc/event/res/12/me12_00.txt#49#12,……あの店はまだやってるんだろうね。,……那家店不知道还在不在营业呢。,translated,鲁雷,d9d1730899,br=0 nl=0,1,
inc/event/res/12/me12_00.txt#60#12,"おお、ルウレイじゃないか！
お前まだ居たのか！","哟，这不是鲁雷嘛！
你怎么还在这儿呢！",translated,男子Ｂ,1f08e42a69,br=0 nl=1,2,
inc/event/res/12/me12_00.txt#61#12,"まだ居たのか、
なんて相変わらず失礼な奴だね。","说我“怎么还在这儿”，
你还真是一如既往地没大没小呢。",translated,鲁雷,a7ceab3c93,br=0 nl=1,2,
inc/event/res/12/me12_00.txt#62#12,"いや、俺ぁてっきりとっくに出発してるもんだと
思ってたからさ。",不是，我还以为你肯定早就出发了呢。,translated,男子Ｂ,10de7ee1ce,br=0 nl=1,2,
inc/event/res/12/me12_00.txt#63#12,……ルウレイも行くんだろう？,……鲁雷也是要走的吧？,translated,男子Ｂ,07f878d0b5,br=0 nl=0,1,
inc/event/res/12/me12_00.txt#64#12,"もちろんさ。
ター坊の面倒を見なきゃいけないからね。","那当然啦。
我可是还得照顾阿达那小子呢。",translated,鲁雷,ef5766a8cb,br=0 nl=1,2,
inc/event/res/12/me12_00.txt#65#12,"それを聞いて安心したぜ。
移住先にお前が居ないんじゃ
張り合いがないからなぁ。はっはっは。","听你这么说我就放心了。
要是移居的地方没你在，
那活着可就太没劲了。哈哈哈哈。",translated,男子Ｂ,e584525d9d,br=0 nl=2,3,
inc/event/res/12/me12_00.txt#66#12,"それで、いつ頃出発なんだ？
俺より後とは思ってなかったからなあ。
近々なんだろう？","话说回来，你打算什么时候动身啊？
真没想到你居然排在我后头。
也就是这几天了吧？",translated,男子Ｂ,636ed4696d,br=0 nl=2,3,
inc/event/res/12/me12_00.txt#75#12,あたしはまだここを出ていくつもりはないよ。,我可还没打算离开这里呢。,translated,鲁雷,8be3110c71,br=0 nl=0,1,
inc/event/res/12/me12_00.txt#76#12,"なんだって！？
お前、さっき……。","你说什么！？
你刚才不是才说……",translated,男子Ｂ,63b4b13be0,br=0 nl=1,2,
inc/event/res/12/me12_00.txt#77#12,"まだ、ってだけだよ、まだ。
ちゃんと良くお聞きよ。","我说的是“还没”，只是“还没”而已。
你给我竖起耳朵听清楚啦。",translated,鲁雷,c2779ac787,br=0 nl=1,2,
inc/event/res/12/me12_00.txt#78#12,"どうしてまた。
搭乗告知が来てないのか？","这又是何苦呢。
难道登船通知还没下来？",translated,男子Ｂ,84d259f5bc,br=0 nl=1,2,
inc/event/res/12/me12_00.txt#79#12,来たけど断ったのさ。,通知是来了，不过被我回绝了。,translated,鲁雷,921ef94657,br=0 nl=0,1,
inc/event/res/12/me12_00.txt#80#12,なんですぐ行かなかったんだよ！,为什么不早点走啊！,translated,男子Ｂ,54730a0618,br=0 nl=0,1,
inc/event/res/12/me12_00.txt#81#12,"……少しでも長く、
この街に残っていたかったからだよ。","……因为我还想尽可能多在这座城市里
多留上一段时间啊。",translated,鲁雷,7a3b0cbf85,br=0 nl=1,2,
inc/event/res/12/me12_00.txt#82#12,"こんな、いつ崩壊が始まっても
おかしくないような街に？",留在这座随时崩塌都不足为奇的城市里？,translated,男子Ｂ,5a58f72c1d,br=0 nl=1,2,
inc/event/res/12/me12_00.txt#83#12,そりゃ確かに危険はある。,危险固然确实是有的。,translated,鲁雷,3787c15636,br=0 nl=0,1,
inc/event/res/12/me12_00.txt#84#12,"イオンが創ってくれた花でマシにはなってる
けど、長年のバーストであちこち傷んじまって
たりもする。","虽然有依恩编织的花让情况好了些，
但历经多年的爆炸，各处早已千疮百孔了。",translated,鲁雷,1b0906a855,br=0 nl=2,3,
inc/event/res/12/me12_00.txt#85#12,じゃあなんだって残ってるんだ。,那你到底为什么还要留下来啊。,translated,男子Ｂ,30cfdde4d1,br=0 nl=0,1,
inc/event/res/12/me12_00.txt#86#12,この街にまだ人が残ってるからさ。,因为这座城市里，还有人留着啊。,translated,鲁雷,97bd30bb39,br=0 nl=0,1,
inc/event/res/12/me12_00.txt#94#12,"あたしにとって街っていうのはね、人なんだよ。
人がいて初めて街になる。
その街でずっと生きてきたんだ。","对我而言，所谓城市指的就是人。
有了人，这里才称得上是一座城市。
我可是一直在这座城市里生活过来的。",translated,鲁雷,4dfad45645,br=0 nl=2,3,
inc/event/res/12/me12_00.txt#95#12,"言ってみれば、ここは自分の命みたいなもの
なんだよ。",说白了，这里就像我自己的半条命一样啊。,translated,鲁雷,a566cbccb1,br=0 nl=1,2,
inc/event/res/12/me12_00.txt#96#12,"あたしはこの街に包まれて、この街の愛に
育まれて生きてきた。だから、最後の時まで
あたしに出来ることで尽くしたいんだ。","我是被这座城市包容、
被这座城市的爱哺育长大的。
所以直到最后一刻，我都想尽己所能奉献一切。",translated,鲁雷,eacbc3527f,br=0 nl=2,3,
inc/event/res/12/me12_00.txt#97#12,ルウレイ……。,鲁雷……,translated,男子Ｂ,4ba8b96e35,br=0 nl=0,1,
inc/event/res/12/me12_00.txt#106#12,"なぁーにしけた顔してるんだい。
大丈夫だって。最後の便には必ず乗るさ。","瞧你拉着张苦瓜脸干嘛。
没事的啦。最后一班船我肯定会上的。",translated,鲁雷,2d92a588b6,br=0 nl=1,2,
inc/event/res/12/me12_00.txt#107#12,"そうだな。
ただ先に乗るか後に乗るかの違いだけか。","说的也是。
不过是先上船还是后上船的区别罢了。",translated,男子Ｂ,d915405480,br=0 nl=1,2,
inc/event/res/12/me12_00.txt#108#12,"そうそう。
食料品店なんだから威勢良く客引きしなって。
ただでさえ人が減ってきてるんだから。","对嘛对嘛。
开杂货店的就得精神抖擞地招揽客人。
本来街上的人就已经越来越少了。",translated,鲁雷,9fb0156e6d,br=0 nl=2,3,
inc/event/res/12/me12_00.txt#109#12,"ああそうだった。
あたしゃブロッコリーを売りに来たんだった。","啊，对了。
我今天是来卖西兰花的。",translated,鲁雷,04408d5a9a,br=0 nl=1,2,
inc/event/res/12/me12_00.txt#110#12,"あんたがいきなり変なこと言うもんだから
すっかり忘れてたじゃないか。","都怪你冷不丁冒出那些古怪的话，
害得我都彻底忘到脑后了。",translated,鲁雷,6edd51501b,br=0 nl=1,2,
inc/event/res/12/me12_00.txt#111#12,"ブロッコリーなんていい。
どれでも好きなもの持ってけ！","西兰花就算了。
店里的东西看上哪个尽管拿去！",translated,男子Ｂ,66335b45eb,br=0 nl=1,2,
inc/event/res/12/me12_00.txt#112#12,なんだって？,你说什么？,translated,鲁雷,d6f61739ad,br=0 nl=0,1,
inc/event/res/12/me12_00.txt#113#12,どうせ今日で店終いだからな。,反正我这店今天开完就彻底打烊了。,translated,男子Ｂ,4149efef94,br=0 nl=0,1,
inc/event/res/12/me12_00.txt#114#12,"そうか。
アンタは先発組だったんだね。","这样啊。
原来你是第一批出发的先发组啊。",translated,鲁雷,8ee2f2acd7,br=0 nl=1,2,
inc/event/res/12/me12_00.txt#115#12,"良かったじゃないか。
あんたはずっと誠実にやってきたもんねえ。","这不是挺好的嘛。
毕竟你做生意一直都老实本分呢。",translated,鲁雷,7ab8fd712c,br=0 nl=1,2,
inc/event/res/12/me12_00.txt#116#12,"分け隔てなく、出来る限りみんなが手に
取れるように……。","一视同仁，竭尽所能
让所有人都能买得起东西……",translated,鲁雷,718fe873e6,br=0 nl=1,2,
inc/event/res/12/me12_00.txt#117#12,"そう言って、シェルノトロンパニックで
物価が高騰した時も、なるべく値上げしないよう
頑張ってたもんね。","那时候你也是这么说的，
哪怕在榭鲁诺特伦恐慌、物价暴涨的时候，
也咬牙坚持尽量不涨价呢。",translated,鲁雷,b064857a10,br=0 nl=2,3,
inc/event/res/12/me12_00.txt#118#12,別にそんな大したことしてたわけじゃねえよ。,我也没做什么了不起的事啦。,translated,男子Ｂ,9ee9e8ecea,br=0 nl=0,1,
inc/event/res/12/me12_00.txt#119#12,"だけど……寂しくなるねえ。
そっか、アンタも居なくなるんだね。","不过……这下可真冷清了呢。
是吗，连你也要离开了啊。",translated,鲁雷,cbf37660ba,br=0 nl=1,2,
inc/event/res/12/me12_00.txt#120#12,"なぁーに言ってやがる。
俺が先でお前が後。それだけだろ？","瞧你这说的是什么话。
无非是我先走一步、你殿后而已，不是吗？",translated,男子Ｂ,519a84476e,br=0 nl=1,2,
inc/event/res/12/me12_00.txt#121#12,……そうだったね。,……倒也是呢。,translated,鲁雷,96de14cebc,br=0 nl=0,1,
inc/event/res/12/me12_00.txt#122#12,"いいから早く持ってけって。
腹空かせた子供だっているんだろう？","行了快点挑走吧。
家里不还有肚子饿得咕咕叫的孩子等着呢嘛？",translated,男子Ｂ,330fbe4405,br=0 nl=1,2,
inc/event/res/12/me12_00.txt#123#12,"はっは。
どうしようもない悪ガキだけどね。","哈哈。
虽然是个让人操碎心的臭小子就是了。",translated,鲁雷,0244466799,br=0 nl=1,2,
inc/event/res/12/me12_00.txt#132#12,"そうだそうだ！　お前んとこのター坊！
噂で聞いたんだが、皇帝契絆支になるんだって？","对了对了！你家那个阿达！
我听小道消息说，他要当皇帝契绊支了？",translated,男子Ｂ,311913521e,br=0 nl=1,2,
inc/event/res/12/me12_00.txt#133#12,ああ、そうみたいだね。,啊，好像是有这么回事呢。,translated,鲁雷,089a8fd9d8,br=0 nl=0,1,
inc/event/res/12/me12_00.txt#134#12,"あたしは今でも信じられないよ。
まさかあの子がそんな名誉ある称号を
与えられるなんてね。","我到现在都还不敢相信呢。
那孩子居然能被赐予如此崇高的称号。",translated,鲁雷,cec2aabebd,br=0 nl=2,3,
inc/event/res/12/me12_00.txt#135#12,"すごいじゃねーか！　祝ってやらねーと！
これとこれとこれも持ってけ！
あとこれもな！","这可是天大的喜事啊！必须好好庆祝！
这个、这个还有这个都拿去！
对了，还有这个！",translated,男子Ｂ,12a0a86dd2,br=0 nl=2,3,
inc/event/res/12/me12_00.txt#137#12,"ちょ、ちょっと待ちなって！
そんなに貰っても持って帰れやしないよ！","喂、喂，你等等！
拿这么多我也搬不回去啊！",translated,鲁雷,8a64e38550,br=0 nl=1,2,
inc/event/res/12/me12_00.txt#138#12,"いいからいいから。めでたいことじゃないか！　
この万寿沙羅から皇帝契絆支だぞ！？","拿着拿着，大喜的日子客气什么！
咱们万寿沙罗出了个皇帝契绊支啊！？",translated,男子Ｂ,6017e7a19e,br=0 nl=1,2,
inc/event/res/12/me12_00.txt#139#12,そうは言ってもね……。,话是这么说啦……,translated,鲁雷,548e7d89ec,br=0 nl=0,1,
inc/event/res/12/me12_00.txt#147#12,な、なんだい！？　地震！？,怎、怎么了！？地震！？,translated,鲁雷,fc15eb4f8d,br=0 nl=0,1,
inc/event/res/12/me12_00.txt#151#12,ルウレイ！　身体を低くしろ！,鲁雷！快趴下！,translated,男子Ｂ,0ed42bd315,br=0 nl=0,1,
inc/event/res/12/me12_00.txt#155#12,止まった……？,停下来了……？,translated,鲁雷,a424bce1cf,br=0 nl=0,1,
inc/event/res/12/me12_00.txt#156#12,みたい、だな。,好、好像是。,translated,男子Ｂ,1734d3b0c2,br=0 nl=0,1,
inc/event/res/12/me12_00.txt#157#12,"ふぅ……今のは大きかったね。
最近、よく起きるようになってきてるんじゃ
ないかい？","呼……刚才这一下可真够大的。
最近这地震，是不是发生得越来越频繁了？",translated,鲁雷,a316004b0d,br=0 nl=2,3,
inc/event/res/12/me12_00.txt#158#12,なあ、ルウレイ。,我说，鲁雷。,translated,男子Ｂ,a54739b7e0,br=0 nl=0,1,
inc/event/res/12/me12_00.txt#159#12,なんだい？,什么事？,translated,鲁雷,acd0f142e4,br=0 nl=0,1,
inc/event/res/12/me12_00.txt#160#12,"残るのはいいけどな、出来るだけ早くこいよ？　
大事な子供がいるんなら尚更だ。","留下来归留下来，但也尽早过来啊？
既然有要紧的孩子在，那就更该如此了。",translated,男子Ｂ,74e9dbaf55,br=0 nl=1,2,
inc/event/res/12/me12_00.txt#161#12,"そうだね……。
ター坊には、まだあたしがついてて
やらないといけないからね。","说的也是呢……
阿达那小子，身边没我照应着可不行呢。",translated,鲁雷,1edd3a4723,br=0 nl=2,3,
inc/event/res/12/me12_00.txt#183#12,ええっと、今日の予定は……。,嗯，今天的日程安排是……,translated,依恩,b52593836b,br=0 nl=0,1,
inc/event/res/12/me12_00.txt#187#12,ラシェーラ様、レナルルです。,拉榭拉大人，我是蕾娜露露。,translated,蕾娜露露,cc50f64b0e,br=0 nl=0,1,
inc/event/res/12/me12_00.txt#188#12,レナルルさん！　どうぞ。,蕾娜露露小姐！请进。,translated,依恩,0b5e28800f,br=0 nl=0,1,
inc/event/res/12/me12_00.txt#194#12,"おはようございます。
お身体の調子はいかがですか？","早上好。
您的身体状况如何？",translated,蕾娜露露,ce22d5d3ef,br=0 nl=1,2,
inc/event/res/12/me12_00.txt#195#12,"大丈夫です。
それより、そのラシェーラ様っていうの……。","我没事的。
比起那个，那个“拉榭拉大人”的称呼……",translated,依恩,04956d9dd4,br=0 nl=1,2,
inc/event/res/12/me12_00.txt#196#12,"ラシェーラ様は皇帝になられたのですから、
慣れていただくしかありません。","拉榭拉大人如今已登基为帝，
您也只能试着去习惯了。",translated,蕾娜露露,c58ae9b8df,br=0 nl=1,2,
inc/event/res/12/me12_00.txt#197#12,"そ、そうなんですけど……でも、わたしに
とってレナルルさんはレナルルさんで……。","话、话是这么说……可是对我来说，
蕾娜露露小姐就是蕾娜露露小姐呀……",translated,依恩,d72798f0c4,br=0 nl=1,2,
inc/event/res/12/me12_00.txt#198#12,割り切ってください。,请您划清界限。,translated,蕾娜露露,bd6132f64c,br=0 nl=0,1,
inc/event/res/12/me12_00.txt#199#12,うぅ……。,呜呜……,translated,依恩,7e9d35f0a5,br=0 nl=0,1,
inc/event/res/12/me12_00.txt#200#12,"さて、今日の予定をお伝えします。
本日は鳥３刻より皇帝契絆支の授与式が
あります。その後は政策決定御前会議。","那么，向您通报今天的日程。
本日鸟3刻将举行皇帝契绊支授予仪式。
之后是政策决定御前会议。",translated,蕾娜露露,1235485986,br=0 nl=2,3,
inc/event/res/12/me12_00.txt#201#12,"それから天文高官との食事会。
{ラシェール・フューザー}の予行演習。
皇室規範勉強会。それが終わったら――","随后是与天文高官的聚餐会。
{拉榭拉融合器}的彩排演习。
皇室规范学习会。那些结束之后――",translated,蕾娜露露,426feb7ceb,br=1 nl=2,3,keep-terms {ラシェール・フューザー}
inc/event/res/12/me12_00.txt#201#14,グランフェニックス計画の要となる詩魔法。<CR>大まかにいえば、何万光年も離れた空間を繋げる詩魔法であるが、その効果にはいくつかの段階が存在する。<CR>まず、第一にラシェール・フューザーによる空間の接続を行うにしても、その接続先を明確にしない限り、正確な接続が不可能であるということ。無目的に接続しようとした場合、恒星の中心と繋がってもおかしくないのである。そのため、天文はイオンやネロの俯瞰視点による座標の特定を求めた。第二に接続した惑星の調査や移住にかかる時間、接続を維持するには途方もないエネルギーが必要となる。そのため、スフィリアルリングとリンクし、クエーサーの生成や空間接続維持などをローコストで行う必要がある。,作为大凤凰计划关键核心的诗魔法。<CR>概括而言，是能够连结相距数万光年空间的诗魔法，但其效果分为数个阶段。<CR>首先，即使借助拉榭拉融合器进行空间连接，若不明确连接目的地，便无法实现精确的连接。若漫无目的地尝试连接，哪怕连接到恒星中心也不足为奇。因此，天文要求利用依恩或妮诺的俯瞰视点来确定具体坐标。其次，对所连接的行星进行调查及移民所需耗费的时间里，维持连接需要极其庞大的能量。为此，必须与天球环相连结，以低成本进行类星体的生成以及空间连接的维持等操作。,translated,蕾娜露露,242c80fa4e,<CR> <CR> br=0 nl=0,1,keep-tags <CR>; src-longest-line=312
inc/event/res/12/me12_00.txt#202#12,ちょ、ちょっと待ってください。,稍、请稍微等一下。,translated,依恩,beedf5a3a3,br=0 nl=0,1,
inc/event/res/12/me12_00.txt#203#12,どうなさいました？,您怎么了吗？,translated,蕾娜露露,36e5213983,br=0 nl=0,1,
inc/event/res/12/me12_00.txt#204#12,それって、今日一日のスケジュールですか……？,这全都是……今天一整天的日程吗……？,translated,依恩,cb109252ed,br=0 nl=0,1,
inc/event/res/12/me12_00.txt#205#12,"あなたは皇帝になられたのです。
やらなければならない事はたくさんあります。","您如今已然身为皇帝。
必须要去履行的事务多不胜数。",translated,蕾娜露露,5298bfc55b,br=0 nl=1,2,
inc/event/res/12/me12_00.txt#206#12,"これでもラシェーラ様のことを考えて、
だいぶスケジュールを後ろ倒しにしてもらって
いるのです。","即便如此，各方顾及到拉榭拉大人，
已经让日程大幅往后延期了。",translated,蕾娜露露,c187df78c3,br=0 nl=2,3,
inc/event/res/12/me12_00.txt#207#12,それは分かってますけど……。,道理我也懂，可是……,translated,依恩,de1a604881,br=0 nl=0,1,
inc/event/res/12/me12_00.txt#208#12,ただでさえ、今は時間が惜しいのです。,更何况如今可谓刻不容缓。,translated,蕾娜露露,0a2b6f7311,br=0 nl=0,1,
inc/event/res/12/me12_00.txt#209#12,"あの日以降、ラシェーラの崩壊は絶え間なく
進行し続けており、{ジェノム恐慌}の影響は
まだ各地でくすぶっています。","自那一日起，拉榭拉的崩溃便未曾间断
地持续着，{杰诺姆恐慌}的影响
也仍在各地暗中蔓延。",translated,蕾娜露露,80d2c40b77,br=1 nl=2,3,keep-terms {ジェノム恐慌}
inc/event/res/12/me12_00.txt#209#14,旧ジェノミライ研究所の最深部で発生した力場の暴走。それはラシェーラの地殻を抉り、全土に大地震を引き起こした。この地震の直前、多くの人々が縦貫坑道に向かう無数のジェノムを目撃したため、大地震を引き起こした原因がジェノムであると考える者が多発した。それは天文派だけでなく、一部の地文派にすら疑問を抱かせ、この疑いと大地震による不安は『ジェノム狩り』という暴動にまで発展した。この一連の流れが『ジェノム恐慌』である。<CR>ＰＬＡＳＭＡや一部の民衆の手によって暴動そのものは沈静化しつつあるが、一部ではまだその影響がくすぶっており油断できない状況となっている。,发生于旧杰诺米莱伊研究所最深处的力场失控。该暴走削蚀了拉榭拉的地壳，在全境引发了大地震。在这场地震发生前夕，许多人目击到了涌向纵贯坑道的无数杰诺姆，因此产生了大地震是由杰诺姆引起之想法的人接二连三出现。这不仅让天文派、甚至让一部分地文派内部都产生了怀疑，此等猜疑与大地震带来的不安更演变成了名为‘猎捕杰诺姆’的暴动。这一连串的事态发展即被称为‘杰诺姆恐慌’。<CR>在PLASMA及一部分民众的协助下，暴动本身虽已逐渐平息，但在部分地区其影响仍在暗中蔓延，形势依旧不容掉以轻心。,translated,蕾娜露露,240f847024,<CR> br=0 nl=0,1,keep-tags <CR>; src-longest-line=277
inc/event/res/12/me12_00.txt#210#12,せめてこのくらいはやっていただかないと。,至少这点程度的工作，还请您务必完成。,translated,蕾娜露露,e8ff091694,br=0 nl=0,1,
inc/event/res/12/me12_00.txt#211#12,"だったら、偉い人との食事会とかだけでもなし
には……。","那、能不能至少把和高官大人物的
聚餐会取消掉呢……",translated,依恩,00726d96bf,br=0 nl=1,2,
inc/event/res/12/me12_00.txt#212#12,"承伏しかねます。
食事会は単なる晩餐会ではありません。","恕难从命。
聚餐会并非单纯的宴席。",translated,蕾娜露露,cc1381bd59,br=0 nl=1,2,
inc/event/res/12/me12_00.txt#213#12,"{グランフェニックス計画}を円滑に進めるための
打ち合わせも兼ねているのですよ。","这也兼具着为了让{大凤凰计划}
顺利推展而进行的洽谈碰头之用意哦。",translated,蕾娜露露,1a67fe59d0,br=1 nl=1,2,keep-terms {グランフェニックス計画}
inc/event/res/12/me12_00.txt#213#14,天文が推進するラシェーラ救済計画の名称。<CR>地文が掲げるセーブ・ベゼルは、現在のラシェーラを<CR>再生される計画であるのに対して、グランフェニックス計画はラシェーラをエネルギーに変換し、超長距離空間移動を行う計画である。<CR>当然ながら、そのワープ先は人間や動物たちが住める、ラシェーラ住民にとって第二の故郷となる惑星でなければならない。なぜならエネルギーとなるラシェーラは<CR>一つしか存在せず、空間移動は一度しかできないからである。あまりにも壮大な計画かつ、ラシェーラを破壊しなければいけないため、民衆からの反発も大きかったが計画の要であるシーカーが見つかり、現在では多くの<CR>天文派から支持を得ていた。,天文推进的拉榭拉救济计划的名称。<CR>相较于地文主张的旨在重塑当前拉榭拉的<CR>存档贝捷尔，大凤凰计划是将拉榭拉转化为能源，进行超长距离空间移动的计划。<CR>理所当然，跃迁的目的地必须是适宜人类与动物居住、能成为拉榭拉居民第二故乡的行星。因为作为能源的拉榭拉<CR>仅有一颗，空间移动也仅能进行一次。由于计划过于壮阔，且必须毁灭拉榭拉，曾一度遭到民众的强烈反对，但随着作为计划核心的探索者被发现，如今已获得众多<CR>天文派人士的支持。,translated,蕾娜露露,ad4afa062d,<CR> <CR> <CR> <CR> <CR> br=0 nl=0,1,keep-tags <CR>; src-longest-line=311
inc/event/res/12/me12_00.txt#214#12,"はぁ……分かりました。
頑張ります……。","哈啊……我明白了。
我会努力的……",translated,依恩,f1e07f666b,br=0 nl=1,2,
inc/event/res/12/me12_00.txt#215#12,"しゃきっとなさってください。
くれぐれも、皇帝契絆支の授与式では、
そのような態度はなさらないように。","请打起精神来。
在接下来的皇帝契绊支授予仪式上，
万万不可露出这般疲态。",translated,蕾娜露露,b9e2848ecd,br=0 nl=2,3,
inc/event/res/12/me12_00.txt#216#12,"いくら陛下とゆかりの深い方々が集まるとは
いえ、伝統ある儀式なのです。
威厳は保っていただかなければ。","虽说齐聚一堂的皆是与陛下素有渊源之人，
但这毕竟是传统的庄严仪式。
该有的威严还是必须维持的。",translated,蕾娜露露,9da035f113,br=0 nl=2,3,
inc/event/res/12/me12_00.txt#217#12,はい、頑張ります！,好的，我会加油的！,translated,依恩,9f35c8579e,br=0 nl=0,1,
inc/event/res/12/me12_00.txt#218#12,"ところで、皇帝契絆支に授与する称号の名称は
もうお決まりですか？","顺便问一下，授予皇帝契绊支的称号名称，
您已经定下来了吗？",translated,蕾娜露露,38d554e6a2,br=0 nl=1,2,
inc/event/res/12/me12_00.txt#219#12,あっ、えっと……その、それはまだ……です。,啊，那个……呃，那个还……没有。,translated,依恩,32d4215a78,br=0 nl=0,1,
inc/event/res/12/me12_00.txt#220#12,"……しっかりと磁０刻までに
決めておいてください。",……请务必在磁0刻之前定下来。,translated,蕾娜露露,5aff905e3f,br=0 nl=1,2,
inc/event/res/12/me12_00.txt#221#12,"本来ならば数日前には決まっていなければ
ならないものを、各所に頭を下げて延ばして
もらっているのです。","本来这应该在数日之前就必须定下的，
是我各处低头请求，才争取到了延期。",translated,蕾娜露露,e73e6d8ed3,br=0 nl=2,3,
inc/event/res/12/me12_00.txt#222#12,"ラシェーラ様の大切な人に贈る称号ですから
お悩みになるのも分かりますが、
これ以上の時間は取れません。","因为是赐予拉榭拉大人珍视之人的称号，
我能理解您的纠结，但已经没有多余时间了。",translated,蕾娜露露,112d080757,br=0 nl=2,3,
inc/event/res/12/me12_00.txt#223#12,"決められた期間で公務を全うするのも、
あなたの大切な役目なのですよ。","在规定的期限内履行好公职，
这也是您非常重大的职责哦。",translated,蕾娜露露,bf2af15741,br=0 nl=1,2,
inc/event/res/12/me12_00.txt#224#12,"な、なんとか時間までに決めます！
その、遅れてしまってごめんなさい！","我、我一定会在规定时间前定下来的！
那个，拖延了这么久真的很对不起！",translated,依恩,3916d9bac7,br=0 nl=1,2,
inc/event/res/12/me12_00.txt#225#12,ご理解いただければ良いのです。,您能够理解就好。,translated,蕾娜露露,b3fa608610,br=0 nl=0,1,
inc/event/res/12/me12_00.txt#226#12,"ではスケジュールの確認はよろしいですね？
予定の時刻にまた来ます。","那么日程确认就到此为止没问题了吧？
到了预定时间我再过来。",translated,蕾娜露露,3e0c427fad,br=0 nl=1,2,
inc/event/res/12/me12_00.txt#227#12,はい……。,好的……,translated,依恩,53e3140853,br=0 nl=0,1,
inc/event/res/12/me12_00.txt#232#12,イオン。,依恩。,translated,蕾娜露露,927d2cf8ce,br=0 nl=0,1,
inc/event/res/12/me12_00.txt#233#12,は、はい！,是、在！,translated,依恩,958dbedc9e,br=0 nl=0,1,
inc/event/res/12/me12_00.txt#241#12,……え？,……诶？,translated,依恩,4e48b2f03b,br=0 nl=0,1,
inc/event/res/12/me12_00.txt#242#12,"本当はけじめをつけなければならないの。
だから、二人きりのときだけよ。","其实理当公私分明才对。
所以，只有我们独处的时候才可以哦。",translated,蕾娜露露,ae15b86955,br=0 nl=1,2,
inc/event/res/12/me12_00.txt#243#12,レナルルさん！,蕾娜露露小姐！,translated,依恩,cfd43a527c,br=0 nl=0,1,
inc/event/res/12/me12_00.txt#244#12,"ふふ。やっぱりレナルルさんには
イオンって呼ばれる方が落ち着きます。","呵呵。果然被蕾娜露露小姐叫依恩，
心里才觉得更踏实安稳呢。",translated,依恩,bc50ebcbcc,br=0 nl=1,2,
inc/event/res/12/me12_00.txt#245#12,"{皇帝}になることが決まって、
レナルルさんの近くにまた来られたのに、
ちゃんとお話できる時間がなかったから……。","虽然已经决定由我登基为{皇帝}，
我也得以再次来到蕾娜露露小姐身边，
却一直没时间能好好聊聊天……",translated,依恩,5519f74855,br=1 nl=2,3,keep-terms {皇帝}
inc/event/res/12/me12_00.txt#245#14,この世界を統べる者のこと。この世界ラ・シェーラには実質的な国家はこの「帝国」１つしかない。その為、皇帝とは世界最高位の存在となる。その為、皇帝の名は「ラシェーラ」であり、それ以前にどんな名前であろうが即位と共にラシェーラという名前だけとなる。<CR>それはすなわち、星の人となるということ。皇帝は人間の感情限界である、精神周波数11MHｚ以上を授かっている。また、特殊な声帯を継承する事で、人間の声とは思えない声で詩を謳う事も出来る。<CR><CR>皇帝はこの世界を安定させる為に様々な祭祀を行うが、それは形骸化したものではなく、しっかりとした効果を持つものである。,统治这个世界的至高领袖。拉榭拉世界在实质上仅有“帝国”这一个国家，因此皇帝即为世界最高位之存在。皇帝的名号即为“拉榭拉”，无论此前名字为何，一旦登基便仅保留拉榭拉之名。<CR>这意味着其成为整颗星球的化身。皇帝被赋予了超越人类情感极限的精神频率11MHz以上。此外，通过传承特殊的声带，亦能以常人难及之音吟唱诗篇。<CR><CR>皇帝为稳定这个世界而举行各种祭祀，那些仪式绝非流于形式，而是具备确切功效之神事。,translated,依恩,4c446426d3,<CR> <CR> <CR> br=0 nl=0,1,keep-tags <CR>; src-longest-line=283
inc/event/res/12/me12_00.txt#246#12,"{皇位継承の儀}から始まって、
今日まで色々あったものね。
あなたも、本当に大変な思いをしたでしょう。","从{皇位继承仪式}拉开帷幕起，
直到今天经历过太多风风雨雨呢。
你也一定吃了不少苦头吧。",translated,蕾娜露露,399eea36e7,br=1 nl=2,3,keep-terms {皇位継承の儀}
inc/event/res/12/me12_00.txt#246#14,皇帝になるために行われる試練のこと。<CR>皇女候補は全てのステータスを剥奪され、その試練の間全ての民の中で最も低い地位になる。その状態で皇女は自分の力で３年間を切り抜け、宮城に帰還しなければならない。そして帰還した際に行われる国民投票で、最高の票数を得た者が皇帝となる。<CR><CR>３年間は身分証明も無くお金も一切持ち合わせない。一人ではどこにも入れず、何をする権利もない。その為、如何にして他人を惹きつけてやってもらうか、という所が生き延びるポイントとなる。,指为了选拔皇帝而开展的试炼。<CR>皇女候补将被剥夺一切身份特权，在试炼期间沦为所有民众中地位最为低下之人。在此状态下，皇女必须全凭自身力量渡过整整三年并平安返回宫城。随后在归还之际举行的国民投票中，获得最高票数者方可即位为皇。<CR><CR>这三年间没有任何身份证件，亦身无分文。单凭一人寸步难行，亦毫无行事之权。因此，如何吸引并打动他人施以援手，便成了求生的至关要诀。,translated,蕾娜露露,1c75198aad,<CR> <CR> <CR> br=0 nl=0,1,keep-tags <CR>; src-longest-line=233
inc/event/res/12/me12_00.txt#247#12,"でも……それは、これから先だって同じ。
もしかしたら、今まで以上に辛いことが
たくさん待っているかもしれない。","可是……往后的日子也同样如此。
说不定会有比以往更加残酷艰辛的事
在等待着你。",translated,蕾娜露露,ba55472ae3,br=0 nl=2,3,
inc/event/res/12/me12_00.txt#248#12,今まで、以上に……。,比以往……更加艰难……,translated,依恩,4efea764c5,br=0 nl=0,1,
inc/event/res/12/me12_00.txt#249#12,"……イオン、今が踏ん張り時よ。
今のあなたの努力は、間違いなく皆を明日へ
導くわ。","……依恩，现在正是咬牙坚持的关头。
你现在的努力，毫无疑问会将大家引向明日。",translated,蕾娜露露,5c9b88bc37,br=0 nl=2,3,
inc/event/res/12/me12_00.txt#250#12,"それは、あなたと……カノイール様が
目指した明日――","那正是，你与……卡诺伊尔大人
所追求的明日――",translated,蕾娜露露,1bb3099198,br=0 nl=1,2,
inc/event/res/12/me12_00.txt#251#12,"あなた達が望んだものとは少し違うかも
しれないけれど、それでも今までとは違う明日よ。","虽然或许与你们原本希冀的模样有些许出入，
但那依然是截然不同于以往的崭新明日。",translated,蕾娜露露,62481b300b,br=0 nl=1,2,
inc/event/res/12/me12_00.txt#252#12,レナルルさん……。,蕾娜露露小姐……,translated,依恩,b3bb7f4937,br=0 nl=0,1,
inc/event/res/12/me12_00.txt#253#12,"わたしも全力であなたをサポートするから、
頑張りましょう。","我也会全力辅助你的，
一起加油吧。",translated,蕾娜露露,83541b9556,br=0 nl=1,2,
inc/event/res/12/me12_00.txt#254#12,"……はい！
ありがとうございます！","……好的！
非常感谢您！",translated,依恩,3b60828d2f,br=0 nl=1,2,
inc/event/res/12/me12_00.txt#255#12,ふふ。その笑顔を、忘れないでね。,呵呵。可别忘了这副笑容哦。,translated,蕾娜露露,556ec25a5f,br=0 nl=0,1,
inc/event/res/12/me12_00.txt#263#12,"レナルルさんも頑張ってくれてる。
わたしだけが、甘えてるわけにはいかないんだ
よね。","蕾娜露露小姐也在拼尽全力。
我可不能只有自己一个人撒娇任性呢。",translated,依恩,03f4e01148,br=0 nl=2,3,
inc/event/res/12/me12_00.txt#264#12,"……いつまでも悩んでばっかりじゃなくて、
わたしも頑張らなくちゃ！","……不能总是一味烦恼，
我也得加把劲才行！",translated,依恩,7eaeb1bd5d,br=0 nl=1,2,
inc/event/res/12/me12_00.txt#272#12,やっほー、イオン！,呀吼――依恩！,translated,妮伊,3ca9a8d084,br=0 nl=0,1,
inc/event/res/12/me12_00.txt#273#12,あ、ネイちゃん。,啊，妮伊。,translated,依恩,471f751d16,br=0 nl=0,1,
inc/event/res/12/me12_00.txt#274#12,"あら～？
だーいぶお疲れの様子ね。","哎呀～？
看起来相～当疲惫的样子呢。",translated,妮伊,b610006b6a,br=0 nl=1,2,
inc/event/res/12/me12_00.txt#275#12,"そ、そんなことないよ。
これから頑張ろうって気合い入れたところだもん。","没、没有那回事啦。
我正打算打起精神好好加油呢。",translated,依恩,5ccd1b8ddb,br=0 nl=1,2,
inc/event/res/12/me12_00.txt#276#12,"改めて気合い入れないといけないくらい
ダメだったってことでしょ、それって。","还得特地打起精神，
不就说明刚才已经快不行了嘛。",translated,妮伊,93ec4d6c56,br=0 nl=1,2,
inc/event/res/12/me12_00.txt#277#12,うっ……。,呃……,translated,依恩,a85f988ec9,br=0 nl=0,1,
inc/event/res/12/me12_00.txt#278#12,"ふっふっふ。
少しはあたしの苦労が分かったかな？","哼哼哼。
多少体会到本小姐当年的辛苦了吧？",translated,妮伊,46b0988a3e,br=0 nl=1,2,
inc/event/res/12/me12_00.txt#279#12,"皇帝になれば贅沢し放題の遊び放題！
ってわけじゃないのよねぇ。","当了皇帝可不是就能尽情奢靡、
四处玩耍享乐的呢。",translated,妮伊,09276efa27,br=0 nl=1,2,
inc/event/res/12/me12_00.txt#280#12,そ、そんなこと思ってないよ。,我、我才没那么想过呢。,translated,依恩,b8cc0612d3,br=0 nl=0,1,
inc/event/res/12/me12_00.txt#281#12,"……でもやっぱり今までの皇帝ってすごい人たち
だったんだね。","……不过历代的皇帝们，
真的全都是非常了不起的人呢。",translated,依恩,a6e5a46b8f,br=0 nl=1,2,
inc/event/res/12/me12_00.txt#282#12,自画自賛？,自我陶醉？,translated,妮伊,d36711424a,br=0 nl=0,1,
inc/event/res/12/me12_00.txt#283#12,"そ、そうじゃないよ。
もう、ネイちゃん。","不、才不是啦。
真是的，妮伊你又取笑我。",translated,依恩,ab605f6983,br=0 nl=1,2,
inc/event/res/12/me12_00.txt#284#12,"冗談だって。
ま、あたしは子供の頃からこんな感じだったの。
それをイオンに分かってもらえて嬉しいわ。","开个玩笑啦。
嘛，本小姐从小就是这么过来的。
依恩能理解我的不易，我也挺开心的啦。",translated,妮伊,8ec66174d3,br=0 nl=2,3,
inc/event/res/12/me12_00.txt#285#12,"ネイちゃん。
今は絶対皇帝になりたくないって思ってそう。","现在的妮伊，
肯定是一点都不想去当皇帝的吧。",translated,依恩,c8388582c8,br=0 nl=1,2,
inc/event/res/12/me12_00.txt#286#12,"たしかに、このお気楽なポジションは
捨てがたいわね。","确实呢，眼前这么轻松惬意的立场，
我还真有点舍不得放手呢。",translated,妮伊,6490349790,br=0 nl=1,2,
inc/event/res/12/me12_00.txt#287#12,"アンタもこっちに来てから相当過酷な生活を
強いられていたと思うけど、これは別の意味で
過酷でしょ。","虽然你来到这边后被迫吃了不少苦头，
但现在这在另一种层面上也很严苛吧？",translated,妮伊,895f8db69b,br=0 nl=2,3,
inc/event/res/12/me12_00.txt#288#12,"うん。
ネイちゃん、すごい人だったんだね。","嗯。
妮伊真是一位了不起的人呢。",translated,依恩,37f30ad711,br=0 nl=1,2,
inc/event/res/12/me12_00.txt#289#12,"そうなの、すごい人だったのよ。
我を崇め讃えよ！","那当然啦，我本来就是了不起的人物嘛。
快来敬畏赞美我吧！",translated,妮伊,511e06ba03,br=0 nl=1,2,
inc/event/res/12/me12_00.txt#290#12,ふふ。ネイちゃんがいてくれて良かった。,呵呵。有妮伊在身边真是太好了。,translated,依恩,c3d3c6a805,br=0 nl=0,1,
inc/event/res/12/me12_00.txt#291#12,何よ、急に。,干嘛呀，冷不丁说这个。,translated,妮伊,e779b87c04,br=0 nl=0,1,
inc/event/res/12/me12_00.txt#292#12,"ううん。ただ、きっとわたし一人でここに
来てたらとっくに挫折しちゃってたかなぁ、
って思って。","没什么。只是在想，要是我一个人来到这里，
恐怕早就半途放弃、撑不下去了吧。",translated,依恩,de89392cfd,br=0 nl=2,3,
inc/event/res/12/me12_00.txt#293#12,"こうやってネイちゃんが支えてくれているから
頑張れるんだよ。","正因为有妮伊像这样支持着我，
我才能继续努力下去的呀。",translated,依恩,663bf6f70e,br=0 nl=1,2,
inc/event/res/12/me12_00.txt#294#12,ああ、そういうかゆい話はパスよ、パス。,啊啊，肉麻兮兮的话本小姐一概不听、不听！,translated,妮伊,6d25791210,br=0 nl=0,1,
inc/event/res/12/me12_00.txt#295#12,"えぇ！？
うう、ひどいよ……。","诶诶！？
呜呜，好过分哦……",translated,依恩,b05de4a0fd,br=0 nl=1,2,
inc/event/res/12/me12_00.txt#301#12,それより……外の様子、聞きたいんじゃない？,比起那个……外面的情况，你想听听看吗？,translated,妮伊,e5f825c8db,br=0 nl=0,1,
inc/event/res/12/me12_00.txt#302#12,"あっ、聞きたい！
みんなどうだった？","啊，想听！
大家现在怎么样了？",translated,依恩,f68f9ea172,br=0 nl=1,2,
inc/event/res/12/me12_00.txt#303#12,"大体想像したとおりよ。
どこに行っても、早く移住させろ！　って、
みんな大騒ぎ。","大致正如你想象的那样哦。
不论去到哪里，都在嚷嚷着“快让我们移民！”
大家闹成了一团。",translated,妮伊,e9f0fd09e6,br=0 nl=2,3,
inc/event/res/12/me12_00.txt#304#12,"一部では暴動みたいなものも起きてるみたいね。
自分を先に行かせろーってさ。","听说部分地区甚至还爆发了类似暴动的骚乱呢。
都在争着“先让我走――”呢。",translated,妮伊,43fa6ea706,br=0 nl=1,2,
inc/event/res/12/me12_00.txt#305#12,そっか……。,这样啊……,translated,依恩,72f774d7f9,br=0 nl=0,1,
inc/event/res/12/me12_00.txt#306#12,でも、仕方無いよね……。,这也是无可奈何的事呢……,translated,依恩,7db18b5f1d,br=0 nl=0,1,
inc/event/res/12/me12_00.txt#307#12,"……びっくりした。
まさかあんたからそんな言葉が出てくるなんて。","……吓我一跳。
真没想到居然会从你嘴里听到这种话。",translated,妮伊,9f288cbbc8,br=0 nl=1,2,
inc/event/res/12/me12_00.txt#308#12,どうして？,为什么？,translated,依恩,005edb699e,br=0 nl=0,1,
inc/event/res/12/me12_00.txt#309#12,"だって、イオンってみんな平等に助けたいって
言うタイプじゃない。","因为依恩以前明明是那种
想要不偏不倚平等拯救所有人的类型嘛。",translated,妮伊,7fb946154c,br=0 nl=1,2,
inc/event/res/12/me12_00.txt#310#12,今も……その気持ちはあるけど……。,现在……我也依然抱有那样的心愿……,translated,依恩,135ffc727a,br=0 nl=0,1,
inc/event/res/12/me12_00.txt#311#12,"でも、やっぱり全員一度にっていうのは
無理だから……。","但是，想要所有人一口气全部救下，
果然还是不可能做到的……",translated,依恩,16ea8f9715,br=0 nl=1,2,
inc/event/res/12/me12_00.txt#312#12,"……ま、そうね。
あんたも少しは、人の上に立つ人間っぽく
なってきたってことかな？","……嘛，倒也是呢。
看来你也稍微有点为人领袖的样子了嘛？",translated,妮伊,dc4593514e,br=0 nl=2,3,
inc/event/res/12/me12_00.txt#313#12,そ、そんなこと……。,哪、哪有那种事……,translated,依恩,1d9e3b1522,br=0 nl=0,1,
inc/event/res/12/me12_00.txt#314#12,"ああ、それと、やっぱり残るって言ってる人も
結構いるみたい。
ラシェーラを離れたくないそうよ。","啊，还有就是，坚持说要留下来的人
好像也挺多的。
他们说不想离开拉榭拉。",translated,妮伊,0b8d42678b,br=0 nl=2,3,
inc/event/res/12/me12_00.txt#315#12,そんな……どれくらいの人が？,怎会……大概有多少人？,translated,依恩,404248241b,br=0 nl=0,1,
inc/event/res/12/me12_00.txt#316#12,"ま、それなりの数ね。
あと、{ジェノム}は案の定ってところかな。","嘛，数量还真不少呢。
而且，{杰诺姆}那边也果不其然呢。",translated,妮伊,dd6e6fcabb,br=1 nl=1,2,keep-terms {ジェノム}
inc/event/res/12/me12_00.txt#316#14,ラシェーラ人は、ある種の生命と意識を通わす事が出来る。その「生命」とは、あらゆる動物（例えば蝶や鳥、犬など）の中に存在する突然変異体ともいうべき存在で通常の生命と違い３重螺旋以上の遺伝子DNAを持つのである。ラシェーラ人はその突然変異体をジェノムと呼んだ。<CR><CR>ジェノムは、人間のような２重螺旋遺伝子体には絶対に真似のできない「詩によって超常的な力を行使する」能力が備わっている。<CR>だが、ジェノム自身は詩を謳うことは出来ず、また謳うためのエネルギーも足りないため、人間と契約をし、そのエネルギーと声帯を使わせてもらうのである。,拉榭拉人能够与某种生命心灵相通。所谓的“生命”，是指存在于各类动物（例如蝴蝶、鸟、犬等）之中的突变体，与普通生命不同，它们拥有三重螺旋以上的DNA基因。拉榭拉人将这种突变体称为杰诺姆。<CR><CR>杰诺姆具备人类这种双重螺旋基因体绝无法模仿的、能够“通过诗行使超常力量”的能力。<CR>然而杰诺姆自身无法吟唱诗歌，亦缺乏吟唱所需的能量，因此它们会与人类缔结契约，借用人类的能量与声带。,translated,妮伊,a5790363dd,<CR> <CR> <CR> br=0 nl=0,1,keep-tags <CR>; src-longest-line=271
inc/event/res/12/me12_00.txt#317#12,"地文の神官達が必死に説得してるらしいけど
応じる気ゼロ。
ほとんどのジェノムが残るみたい。","地文的神官们据说在拼命劝说，
但它们完全没有理会的意思。
绝大部分的杰诺姆似乎都打算留下来。",translated,妮伊,7ee910ca2b,br=0 nl=2,3,
inc/event/res/12/me12_00.txt#318#12,"……この星にいたら、みんな死んじゃう。
なんとか、説得しないと。","……留在这一颗星球上的话，大家都会死的。
必须想办法说服它们才行。",translated,依恩,374ba5b11c,br=0 nl=1,2,
inc/event/res/12/me12_00.txt#319#12,……やめといたほうがいいんじゃない？,……我劝你还是别白费力气了吧？,translated,妮伊,17e6bacf28,br=0 nl=0,1,
inc/event/res/12/me12_00.txt#320#12,ど、どうして？,为、为什么？,translated,依恩,acc2444b2d,br=0 nl=0,1,
inc/event/res/12/me12_00.txt#321#12,"ジェノムは、あたし達よりも
ずっと長い間この星に住んでる。
きっと、何か考えるところがあるんでしょ。","杰诺姆在这颗星球上生活的时间，
可比我们要长得多呢。
它们心里肯定有着自己的考量吧。",translated,妮伊,8d14942c72,br=0 nl=2,3,
inc/event/res/12/me12_00.txt#322#12,"大体、アイツらが自分で決めたこと
なんだからさ。
あたしらが口を挟むのは良くないわよ。","说到底，这毕竟是那些家伙自己做出的决定。
我们横加干涉可不太好哦。",translated,妮伊,70a934c038,br=0 nl=2,3,
inc/event/res/12/me12_00.txt#323#12,イオンも、気にすることないって。,依恩你也不用太放在心上啦。,translated,妮伊,aea552ad85,br=0 nl=0,1,
inc/event/res/12/me12_00.txt#324#12,……ネイちゃん。,……妮伊。,translated,依恩,c7b504478f,br=0 nl=0,1,
inc/event/res/12/me12_00.txt#325#12,なぁに？,怎么啦？,translated,妮伊,2c728cfbd3,br=0 nl=0,1,
inc/event/res/12/me12_00.txt#326#12,わたし、いろんな人とお話したい。,我，想要和许许多多的人说说话。,translated,依恩,94490c43b9,br=0 nl=0,1,
inc/event/res/12/me12_00.txt#327#12,話……って今さら、何を？,说话……事到如今，还要谈什么啊？,translated,妮伊,bd49709824,br=0 nl=0,1,
inc/event/res/12/me12_00.txt#328#12,"どんなことでもいいの。
また皇位継承の儀のときみたいに{コロン}を回って、
みんなと、直接お話したい。","不论什么事都好。
我想像皇位继承仪式那时一样巡访各个{克隆}，
与大家直接当面交谈。",translated,依恩,d16afd00f6,br=1 nl=2,3,keep-terms {コロン}; src-longest-line=25
inc/event/res/12/me12_00.txt#328#14,空中に浮かんでいる浮遊都市。ラシェーラには、沢山のコロンが点在しており、裕福な人を中心に沢山の人が住んでいる。<CR><CR>コロンは自治都市となっており、有る程度の条例はコロン毎に決められる。また、ほぼ間違いなくバースト対策が成されており、地上の街のようにバーストに怯えることもない。<CR>逆に、どのコロンも厳しい入居条件があるか、無い場合は倍率1000倍にもなる抽選をくぐり抜けなければ住むことは出来ない。更に入居には莫大な費用がかかる事が殆どで、故に地上に住む人々は、簡単にコロンに移り住む事が出来ないのである。,漂浮在空中的浮游都市。拉榭拉分布着许多克隆，以富裕阶层为中心居住着大量居民。<CR><CR>克隆属于自治都市，一定程度的条例由各克隆自行制定。此外，各克隆几乎必定配备了针对爆炸的防护对策，无需像地上的城镇那样对爆炸提心吊胆。<CR>反之，所有克隆要么有着严苛的入住条件，若无条件则必须通过中签率低至千分之一的抽选方能入住。加之入住大多需要花费巨额费用，因此生活在地上的居民无法轻易搬迁到克隆居住。,translated,依恩,1df95a02e3,<CR> <CR> <CR> br=0 nl=0,1,keep-tags <CR>; src-longest-line=260
inc/event/res/12/me12_00.txt#329#12,"皇帝としてじゃなくて、わたしとして、
みんなと。","不是作为皇帝，而是作为我自己，
去和大家面对面。",translated,依恩,4f4815f793,br=0 nl=1,2,
inc/event/res/12/me12_00.txt#330#12,"そうは言ってもねぇ……
スケジュール帳はいっぱいみたいだけど？","话是这么说啦……
但你的日程表看起来可都已经排得满满当当了哦？",translated,妮伊,f508f73cc7,br=0 nl=1,2,
inc/event/res/12/me12_00.txt#331#12,"そうなんだけど……。
そう、なんだけど……。うぅ……。","话是那样没错……
虽然是那样……呜呜……",translated,依恩,b49bc77d03,br=0 nl=1,2,
inc/event/res/12/me12_00.txt#332#12,"とにかくさ、今は公務に集中しなよ。
それはあんたにしか出来ないことなんだから。","总而言之，你现在先专注眼前的公务吧。
那可是只有你才能做到的事呢。",translated,妮伊,d944eb8245,br=0 nl=1,2,
inc/event/res/12/me12_00.txt#333#12,"イオンの分まであたしがちょこちょこ
外の様子見てくるから。","依恩看不到的那部分，
我会时不时替你去外头探看情况的。",translated,妮伊,86833a859a,br=0 nl=1,2,
inc/event/res/12/me12_00.txt#334#12,"それって、ネイちゃんが外に出たいだけじゃ……。",那不就是妮伊自己想跑去外头玩而已嘛……,translated,依恩,576f45e074,br=0 nl=0,1,
inc/event/res/12/me12_00.txt#335#12,だってここにいてもつまんないじゃん。,毕竟一直待在这里很无聊嘛。,translated,妮伊,a6303225e6,br=0 nl=0,1,
inc/event/res/12/me12_00.txt#336#12,もう！　ネイちゃん！,真是的！妮伊！,translated,依恩,0beb3e1529,br=0 nl=0,1,
inc/event/res/12/me12_00.txt#338#12,まぁまぁ……ところで、イオン。,好啦好啦……话说回来，依恩。,translated,妮伊,9aa6f8abcc,br=0 nl=0,1,
inc/event/res/12/me12_00.txt#341#12,あたしの称号、そろそろ決まった？,赐给我的称号，差不多定下来了吧？,translated,妮伊,4fc9eb941b,br=0 nl=0,1,
inc/event/res/12/me12_00.txt#342#12,うっ……。それは……。,呃……那个……,translated,依恩,344b5745c6,br=0 nl=0,1,
inc/event/res/12/me12_00.txt#343#12,決まった、よ……？,已经定、定下来了……吧？,translated,依恩,21e87beead,br=0 nl=0,1,
inc/event/res/12/me12_00.txt#344#12,えー。ホントかなぁ？,诶――真的假的啊？,translated,妮伊,990c288405,br=0 nl=0,1,
inc/event/res/12/me12_00.txt#345#12,"ねね。なんていうの？
教えてよ。","呐呐，叫什么名字呀？
悄悄告诉我嘛。",translated,妮伊,d781e5e73f,br=0 nl=1,2,
inc/event/res/12/me12_00.txt#346#12,えぇ！？,诶诶！？,translated,依恩,2526aa737c,br=0 nl=0,1,
inc/event/res/12/me12_00.txt#347#12,"いいでしょ？　ね？
ちょこっとだけ。","有什么关系嘛，好不好？
就稍微透露一点点嘛。",translated,妮伊,49c353d924,br=0 nl=1,2,
inc/event/res/12/me12_00.txt#348#12,"だ、ダメだよ！
こういうのは儀式の時にきちんと発表しないと
いけないんだから！","不、不行啦！
这种事情必须在仪式上正式公布才可以的！",translated,依恩,7eda7e3d50,br=0 nl=2,3,
inc/event/res/12/me12_00.txt#349#12,"そんなこと言わずにさ。
あたしとイオンの仲じゃない。","别这么见外嘛。
凭我和依恩的关系还有什么好保密的。",translated,妮伊,67db3febbf,br=0 nl=1,2,
inc/event/res/12/me12_00.txt#350#12,だ、ダメぇ～！！,不、不行就是不行啦――！！,translated,依恩,9a3ed6ace1,br=0 nl=0,1,
inc/event/res/12/me12_01.txt#39#12,こんにちはー。,你好呀――,translated,凯斯,e0f57b7cf2,br=0 nl=0,1,
inc/event/res/12/me12_01.txt#43#12,ああ、キャスティちゃん。いらっしゃい。,啊，凯斯蒂，欢迎欢迎。,translated,鲁雷,c8f6b54b90,br=0 nl=0,1,
inc/event/res/12/me12_01.txt#44#12,ター坊、準備できてますか？,阿达准备好了吗？,translated,凯斯,7d64e6614d,br=0 nl=0,1,
inc/event/res/12/me12_01.txt#45#12,それがねえ、さっき起きたところなんだ……。,那小子啊，刚才才刚爬起来呢……,translated,鲁雷,b8a743f30b,br=0 nl=0,1,
inc/event/res/12/me12_01.txt#46#12,えっ……さっき、ですか？,诶……刚、刚刚才起吗？,translated,凯斯,6934f4b588,br=0 nl=0,1,
inc/event/res/12/me12_01.txt#53#12,"ほらター坊！
キャスティちゃんが来たよ！！","喂阿达！
凯斯蒂过来了哦！！",translated,鲁雷,b73d7f64d6,br=0 nl=1,2,
inc/event/res/12/me12_01.txt#54#12,げぇ！,呃啊！,translated,阿达,46c702b0b1,br=0 nl=0,1,
inc/event/res/12/me12_01.txt#55#12,ちょ、ちょっと待ってろって伝えて！,等、跟她说稍微等我一下！,translated,阿达,26643bdd98,br=0 nl=0,1,
inc/event/res/12/me12_01.txt#56#12,聞こえてるっての……あのバカ……。,我都听得一清二楚好不好……那个笨蛋……,translated,凯斯,f2fbab81c6,br=0 nl=0,1,
inc/event/res/12/me12_01.txt#62#12,"すまないねぇ。
せっかく迎えに来てくれたってのに。","真是不好意思呀。
难得你特地跑来接他。",translated,鲁雷,340bc99143,br=0 nl=1,2,
inc/event/res/12/me12_01.txt#63#12,いえ。なんとなく予想はしてましたから。,没事啦。我多少也猜到了会这样。,translated,凯斯,ad58699d39,br=0 nl=0,1,
inc/event/res/12/me12_01.txt#64#12,"まさかこんな大事な日に寝坊とはね……
将来が不安だよ。","真没想到在这种重要的日子还能睡过头……
这孩子的未来真让人担忧啊。",translated,鲁雷,40ae8651a7,br=0 nl=1,2,
inc/event/res/12/me12_01.txt#65#12,"あはは。まぁ、ター坊って昔からそうだった
じゃないですか。何かある日でもいつもと
変わらないっていうか。","啊哈哈。不过阿达打小不就是这样嘛。
哪怕遇到什么大事，也总是一副跟平时没两样的样子。",translated,凯斯,9d87d25734,br=0 nl=2,3,
inc/event/res/12/me12_01.txt#66#12,"まったく、神経が太いのか、
ただのバカタレなのか、どっちだろうね……。","真是的，到底该说他神经大条，
还是单纯就是个大笨蛋呢……",translated,鲁雷,b2efddf5b4,br=0 nl=1,2,
inc/event/res/12/me12_01.txt#67#12,"もしかしたら将来、
すごい人になるかもしれないですよ？","说不定将来，
会变成一个很了不起的大人物哦？",translated,凯斯,a9877ae235,br=0 nl=1,2,
inc/event/res/12/me12_01.txt#68#12,"あんなのがすごい人になっちまう世の中って
のも、それはそれで不安さね。","要是那种小子都能成大器，
这世道也同样让人不放心就是了。",translated,鲁雷,35615216a0,br=0 nl=1,2,
inc/event/res/12/me12_01.txt#69#12,それは……そうかも。,这倒……可能也是呢。,translated,凯斯,c4d23f002f,br=0 nl=0,1,
inc/event/res/12/me12_01.txt#81#12,"えーっとえーっと……
暇つぶしの漫画とゲームと……。","让我想想让我想想……
打发时间的漫画和游戏，还有……",translated,阿达,686f6511af,br=0 nl=1,2,
inc/event/res/12/me12_01.txt#82#12,なにやってるんだか……。,到底在磨蹭些什么啊……,translated,鲁雷,eeefaa4c23,br=0 nl=0,1,
inc/event/res/12/me12_01.txt#83#12,"ちょっとター坊ー！
まだなのー！？","喂――阿达！
还没好吗――！？",translated,凯斯,27812145ca,br=0 nl=1,2,
inc/event/res/12/me12_01.txt#84#12,も、もうちょっとー！,马、马上就好啦――！,translated,阿达,d752f938e9,br=0 nl=0,1,
inc/event/res/12/me12_01.txt#85#12,いつまで待たせる気なのよ！,你打算让我等到什么时候去啊！,translated,凯斯,823afb8c76,br=0 nl=0,1,
inc/event/res/12/me12_01.txt#86#12,だからもうちょっとだって！,所以都说了马上就好啦！,translated,阿达,9ccbc6cf85,br=0 nl=0,1,
inc/event/res/12/me12_01.txt#87#12,"ほらほら！
キャスティちゃんを待たせるんじゃないよ！","快点快点！
别让凯斯蒂久等了！",translated,鲁雷,e212732f9e,br=0 nl=1,2,
inc/event/res/12/me12_01.txt#88#12,"早くしないと偉い人にも
怒られるんじゃないのかい！？","再不麻利点，
小心被上面的大人物责骂哦！？",translated,鲁雷,1f95e04891,br=0 nl=1,2,
inc/event/res/12/me12_01.txt#89#12,だって母ちゃん起こしてくれなかったじゃん！,还不都是老妈你没叫我起床啦！,translated,阿达,29e7af2a64,br=0 nl=0,1,
inc/event/res/12/me12_01.txt#90#12,"よし、これで全部……！
いま行くから――","好嘞，这下全齐了……！
我现在就出――",translated,阿达,dfe52d4f97,br=0 nl=1,2,
inc/event/res/12/me12_01.txt#93#12,ってうわあああああああ！！,哇啊啊啊啊啊啊！！,translated,阿达,5d47424275,br=0 nl=0,1,
inc/event/res/12/me12_01.txt#111#12,"この箱はこれでよしっと。
あとは……って、まだ結構あるッスね……。","这箱这样就算装好咯。
接下来是……等等，怎么还有挺多啊……",translated,白鹰,4f3171ad53,br=0 nl=1,2,
inc/event/res/12/me12_01.txt#112#12,"ええと、ミリィちゃんはこっちの大きめの
箱に入れて……。",嗯，米莉酱装进这边比较大的箱子里……,translated,白鹰,961bf3e685,br=0 nl=1,2,
inc/event/res/12/me12_01.txt#113#12,"エリシアさんは……おお？
ここの隙間にちょうど入るッス！
良かった！　一緒に行けるッスね。","艾莉西亚小姐是……哦？
刚好能塞进这里的空隙呢！
太好了！这样就能一起带去了。",translated,白鹰,27119aa7e1,br=0 nl=2,3,
inc/event/res/12/me12_01.txt#114#12,"一番上にはやっぱりプリティベリーちゃんッス
よね。あとは蓋をしてちゃんとロックを掛けて、
と。","摆在最上面的果然还得是靓丽浆果妹妹呢。
然后把盖子合上、把锁扣牢牢锁好。",translated,白鹰,dd822342a1,br=0 nl=2,3,
inc/event/res/12/me12_01.txt#117#12,"いやー、やっと終わったッス。
まさかフィギュアの梱包に３日もかかる
なんて……。","哎呀――总算搞定了。
真没想到光是打包手办居然就花了3天……",translated,白鹰,7f75f81aad,br=0 nl=2,3,
inc/event/res/12/me12_01.txt#118#12,"パーツ分解して箱に入れて緩衝材で隙間を
埋めて……何百回繰り返したんスかねぇ。","拆卸零件装箱、用缓冲防震材料填补空隙……
这道工序我都不知道重复了几百次了呢。",translated,白鹰,e3e8498fd6,br=0 nl=1,2,
inc/event/res/12/me12_01.txt#119#12,バラしてるのにパズルやってる気分だったなぁ。,明明是在拆卸，却感觉像是在拼拼图一样。,translated,白鹰,398dc750c0,br=0 nl=0,1,
inc/event/res/12/me12_01.txt#120#12,"けど、それでもやり切ったッス！
みんなを置いて俺だけ行くなんて出来ないッス
から！","不过，即便如此我也彻底坚持下来了！
毕竟我绝不可能抛下大家自己一个人离开啊！",translated,白鹰,22ca703d1d,br=0 nl=2,3,
inc/event/res/12/me12_01.txt#129#12,白鷹？,白鹰？,translated,莎丽,bd282adcd8,br=0 nl=0,1,
inc/event/res/12/me12_01.txt#130#12,"でも小さいグッズ系は置いていくしか
ないんスよね……ごめんな……。","不过那些小挂件周边就只能留下了呢……
对不起啊……",translated,白鹰,db0fccb04a,br=0 nl=1,2,
inc/event/res/12/me12_01.txt#131#12,白鷹！,白鹰！,translated,莎丽,d867b094fd,br=0 nl=0,1,
inc/event/res/12/me12_01.txt#135#12,"はい！
あの、すみません一昨日でもう店じまい
しちゃって……って、サーリちゃん！？","在！
那个，不好意思前天起就已经打烊了……
等等，莎丽酱！？",translated,白鹰,9a7d5a70f3,br=0 nl=2,3,
inc/event/res/12/me12_01.txt#136#12,さっきから声を掛けていたんだけど。,我从刚才起就一直在叫你呢。,translated,莎丽,018d4b98a9,br=0 nl=0,1,
inc/event/res/12/me12_01.txt#137#12,"あー……その、ごめんッス。
全然気付かなくて……。","啊……那个，抱歉啦。
我完全没注意到……",translated,白鹰,fc74aa18c5,br=0 nl=1,2,
inc/event/res/12/me12_01.txt#138#12,"まあ、この際どうでもいいよ。
それより迎えにきたんだ。早く行こう。","算了，事到如今也无所谓了。
比起那个，我是来接你的。快走吧。",translated,莎丽,4312e9942b,br=0 nl=1,2,
inc/event/res/12/me12_01.txt#139#12,へ？　どこ行くんスか？,诶？去哪儿啊？,translated,白鹰,363f244a3a,br=0 nl=0,1,
inc/event/res/12/me12_01.txt#140#12,……とうとう本格的におかしくなったのかい？,……你的脑子终于彻底坏掉了吗？,translated,莎丽,5ab2d23709,br=0 nl=0,1,
inc/event/res/12/me12_01.txt#141#12,"ちょっとちょっと！
元々おかしかったみたいな言い方は
やめて欲しいッス！","等一下等一下！
别说得好像我本来就不正常一样好不好！",translated,白鹰,da15b9d7d0,br=0 nl=2,3,
inc/event/res/12/me12_01.txt#142#12,"友人からの大事な誘いを忘れる奴なんて、
大体はどこかおかしいのさ。","把朋友的重要邀约忘得一干二净的家伙，
脑袋多半都有毛病。",translated,莎丽,7cb5a12ca8,br=0 nl=1,2,
inc/event/res/12/me12_01.txt#144#12,友人からの誘い……？,朋友的邀约……？,translated,白鹰,99b32130e9,br=0 nl=0,1,
inc/event/res/12/me12_01.txt#147#12,"ああああ！！
きょ、今日だった！？","啊啊啊啊！！
今、今天是今天吗！？",translated,白鹰,fb67a8a9e0,br=0 nl=1,2,
inc/event/res/12/me12_01.txt#148#12,今日というより、今だ。,与其说是今天，倒不如说是现在。,translated,莎丽,85de945f55,br=0 nl=0,1,
inc/event/res/12/me12_01.txt#149#12,引越の準備ですっかり忘れてたッス！,光顾着忙搬家准备彻底忘光了！,translated,白鹰,17cc0881c0,br=0 nl=0,1,
inc/event/res/12/me12_01.txt#150#12,"そんなものより、こっちの方が先だろう。
大丈夫なのか？","比起那种事，这边才是当务之急吧。
没问题吗？",translated,莎丽,2507381113,br=0 nl=1,2,
inc/event/res/12/me12_01.txt#151#12,全然大丈夫じゃないッスよ！,完全是大有问题啊！,translated,白鹰,253b444012,br=0 nl=0,1,
inc/event/res/12/me12_01.txt#152#12,"とにかく、{宮城}まで僕のリムジンで送って
あげるから早く出掛ける準備をしてくれ。","总之，我会用我的加长飞车送你到{宫城}，
快点做好出门的准备吧。",translated,莎丽,bb5683efc1,br=1 nl=1,2,keep-terms {宮城}
inc/event/res/12/me12_01.txt#152#14,この世界を統べる「皇帝」が住まう場所。昔は万寿沙羅に隣接する形で、縦貫坑道（お堀）を越えた向こう側に存在していたが、現在は天高く、コロンと同じ形で浮遊している。<CR>現在の宮城は、成層圏に近い位置に存在し、その上側にはもはや天文の研究施設しか存在しない。<CR><CR>宮城のデザインは独特な洗練された文化を彷彿とさせるが、これはまだ世界が危機的状況になる前、この帝国がまだ単一文化、民族の国家だった頃のデザインである。すなわち、宮城のデザインこそが、この「最後に残った国家」の本来の姿であると言える。,统治这个世界的“皇帝”所居住的宫阙。往昔毗邻万寿沙罗，位于跨过纵贯坑道（护城河）的彼端，而如今则悬浮于高耸天际之上，化作同克隆别无二致的形态。<CR>如今的宫城坐落于极接近平流层的高空位置，在其上方仅余下天文的研究设施。<CR><CR>宫城的设计风格令人联想到独具匠心且高度洗练的文明，然而这乃是在世界陷入危机动荡之前、帝国尚且维持着单一文化与民族国家时期的遗构。换言之，宫城之风貌，正是这处“仅存至今的最后国家”本该具有的原始身姿。,translated,莎丽,514d6a6e25,<CR> <CR> <CR> br=0 nl=0,1,keep-tags <CR>; src-longest-line=252
inc/event/res/12/me12_01.txt#153#12,え！　いいんスか！？,诶！可以吗！？,translated,白鹰,8c96fa07ac,br=0 nl=0,1,
inc/event/res/12/me12_01.txt#154#12,"構わない。
一人二人、人数が増えたって変わらないよ。","无所谓。
多载一两个人也没什么区别。",translated,莎丽,f2b42a8b52,br=0 nl=1,2,
inc/event/res/12/me12_01.txt#155#12,"いやいやそっちの心配はしてないッス。
俺なんかが乗っちゃっていいのかなって。","不不不，我不是担心那个啦。
我是在想我这种人真的可以坐上去吗。",translated,白鹰,1a617de802,br=0 nl=1,2,
inc/event/res/12/me12_01.txt#156#12,"それこそ問題ないだろう？　それとも白鷹は
政府の窮屈なシップで行きたいのかい？","那更不是问题了吧？还是说白鹰你
想去挤政府那狭窄局促的飞船？",translated,莎丽,4c824ec1d2,br=0 nl=1,2,
inc/event/res/12/me12_01.txt#157#12,まさか！,怎么可能！,translated,白鹰,d9970f01ad,br=0 nl=0,1,
inc/event/res/12/me12_01.txt#158#12,"だったら早くしてよ。
もうそんなに時間は無いんだ。","那就动作快点。
已经没有多少时间了。",translated,莎丽,14e7b2de68,br=0 nl=1,2,
inc/event/res/12/me12_01.txt#159#12,す、すぐ用意するッス！,我、我马上收拾好！,translated,白鹰,606eedc970,br=0 nl=0,1,
inc/event/res/12/me12_01.txt#169#12,"はぁ、はぁ……。
お、お待たせッス……。じゃあ、行こう……。","呼，呼……
久、久等了……那我们走吧……",translated,白鹰,0867886240,br=0 nl=1,2,
inc/event/res/12/me12_01.txt#170#12,ねえ、白鷹。,我说，白鹰。,translated,莎丽,ec9d3a82d5,br=0 nl=0,1,
inc/event/res/12/me12_01.txt#171#12,なんスか？,怎么啦？,translated,白鹰,9c86f1e018,br=0 nl=0,1,
inc/event/res/12/me12_01.txt#172#12,"さっきから気になっていたんだけど、
この箱の山は……ゴミ？","从刚才起我就一直在意了，
这堆得像山一样的箱子……是垃圾吗？",translated,莎丽,d5ad1458b4,br=0 nl=1,2,
inc/event/res/12/me12_01.txt#173#12,"違うッス！
全部俺の宝……フィギュアッスよ！！","才不是呢！
这全都是我的宝贝……是手办啊！！",translated,白鹰,ff5ace35e7,br=0 nl=1,2,
inc/event/res/12/me12_01.txt#174#12,"３日も寝ずに、パーツ一つ余さず
梱包したんスよ！？","我可是3天没合眼，
一个零件不落全部打包好了哦！？",translated,白鹰,949c5606b5,br=0 nl=1,2,
inc/event/res/12/me12_01.txt#175#12,これが、全部……フィギュア……？,这全部……全都是手办……？,translated,莎丽,c2cdc83223,br=0 nl=0,1,
inc/event/res/12/me12_01.txt#176#12,"まさか、この山すべてを持って行くつもり
なのか？",你该不会打算把这一整座山全都带走吧？,translated,莎丽,49425b4bee,br=0 nl=1,2,
inc/event/res/12/me12_01.txt#177#12,"当然ッスよ！　一人たりとも置いていけないから
こうして頑張って梱包したんスから！","那是理所当然的啊！我怎么可能抛下任何一个，
所以才拼了老命打包好的啊！",translated,白鹰,5abd3a491e,br=0 nl=1,2,
inc/event/res/12/me12_01.txt#178#12,"いいッスか？　フィギュアってのは単なる
大人のオモチャじゃないんス。
第二の本人とも言うべき存在で……。","听好了哦？手办可不单单是成年人的玩具。
那可是可以说是本人的第二化身一般的存在……",translated,白鹰,51fdaf9983,br=0 nl=2,3,
inc/event/res/12/me12_01.txt#179#12,別にきみの妄想話を聞きたいわけじゃない。,我并不是很想听你的妄想谈资。,translated,莎丽,1bdbe22d55,br=0 nl=0,1,
inc/event/res/12/me12_01.txt#180#12,"も！？
そんな、妄想とかじゃないんだって！","妄！？
才不是妄想什么的啦！",translated,白鹰,483e3c3a6a,br=0 nl=1,2,
inc/event/res/12/me12_01.txt#181#12,いや、問題はそこじゃないんだ。,不，问题并不在于那里。,translated,莎丽,d6d2f611cf,br=0 nl=0,1,
inc/event/res/12/me12_01.txt#182#12,へ？　じゃあ、どういうことッスか？,诶？那是怎么回事啊？,translated,白鹰,a9ea1692a6,br=0 nl=0,1,
inc/event/res/12/me12_01.txt#183#12,"この箱、どうやって運ぶつもりなんだい？
僕のリムジンでも全部は無理だよ。","这些箱子，你打算怎么运走？
哪怕用我的加长车也不可能全塞得下哦。",translated,莎丽,3be367986d,br=0 nl=1,2,
inc/event/res/12/me12_01.txt#184#12,"し、しまったぁぁぁ！
持って行くことしか考えてなかったぁぁ！！","糟、糟糕啦啊啊啊！
我光想着带走，根本没考虑怎么运啊啊！！",translated,白鹰,877fdef15b,br=0 nl=1,2,
inc/event/res/12/me12_01.txt#185#12,……はぁ。,……哈啊。,translated,莎丽,619b78228b,br=0 nl=0,1,
inc/event/res/12/me12_01.txt#186#12,"まあいい。そのことはまた後で考えよう。
今は宮城に行くのが先だ。","算了。那件事之后再想吧。
现在当务之急是前往宫城。",translated,莎丽,4367cbd849,br=0 nl=1,2,
inc/event/res/12/me12_01.txt#187#12,……そうッスね。,……说的也是呢。,translated,白鹰,ef51369714,br=0 nl=0,1,
inc/event/res/12/me12_01.txt#188#12,白鷹。,白鹰。,translated,莎丽,d925fdbab4,br=0 nl=0,1,
inc/event/res/12/me12_01.txt#189#12,なんスか？,怎么了？,translated,白鹰,9c86f1e018,br=0 nl=0,1,
inc/event/res/12/me12_01.txt#197#12,服が乱れてる。,衣服扣子乱了。,translated,莎丽,9348b85a08,br=0 nl=0,1,
inc/event/res/12/me12_01.txt#198#12,"あぁ、急いでたから……。
ありがとう、サーリちゃん。","啊，因为太匆忙了……
谢谢你，莎丽酱。",translated,白鹰,f9f991af03,br=0 nl=1,2,
inc/event/res/12/me12_01.txt#199#12,"しっかりしなよ。
こんなのが友人だと思われたら
イオナサルが可哀想だろう？","打起精神来。
要是被当成是这种人的朋友，
依欧娜萨鲁也太可怜了吧？",translated,莎丽,862852571c,br=0 nl=2,3,
inc/event/res/12/me12_01.txt#200#12,さ、行こう。,好啦，走吧。,translated,莎丽,ec9b6fd10c,br=0 nl=0,1,
inc/event/res/12/me12_01.txt#220#12,"まさか、こんなことになる日が来るなんて……。",真没想到，竟会有迎来这样一天的一天……,translated,蕾娜露露,0424a61934,br=0 nl=0,1,
inc/event/res/12/me12_01.txt#221#12,"運命の歯車というのは、現実のものとは違って、
かなり歪なかたちをしているのでしょうね。","命运的齿轮与现实之物不同，
想必是生得极其歪曲畸形的吧。",translated,蕾娜露露,4f7e2ac8c0,br=0 nl=1,2,
inc/event/res/12/me12_01.txt#222#12,"イオンが皇位継承の儀を始めてから
予想外のことばかりだけど――","自依恩展开皇位继承仪式以来，
尽是些出乎预料之事――",translated,蕾娜露露,2c6cf0a062,br=0 nl=1,2,
inc/event/res/12/me12_01.txt#223#12,それでも今ほど想像していなかった結末はないわ。,但即便如此，也未曾料想过会是如今这般结局。,translated,蕾娜露露,5865b18bf6,br=0 nl=0,1,
inc/event/res/12/me12_01.txt#224#12,まさか私が……。,真没想到我居然会……,translated,蕾娜露露,4b1dbff7ce,br=0 nl=0,1,
inc/event/res/12/me12_01.txt#228#12,失礼いたします。,打扰了。,translated,特工,15ebb761d9,br=0 nl=0,1,
inc/event/res/12/me12_01.txt#236#12,"特務総監。
いえ、総統代理、お迎えにあがりました。",特务总监。不，总统代理，属下来接您了。,translated,特工,8cd9d5c56f,br=0 nl=1,2,
inc/event/res/12/me12_01.txt#237#12,"それと、レナルル様。遅ればせながら、
総統代理ご就任おめでとうございます。","此外，蕾娜露露大人。虽然稍有迟缓，
但恭祝您就任总统代理一职。",translated,特工,0440f8cec5,br=0 nl=1,2,
inc/event/res/12/me12_01.txt#239#12,"ありがとう……
本当に、まったくおめでたい話ね。","谢谢……
这还真是，可喜可贺的一件事呢。",translated,蕾娜露露,129534f295,br=0 nl=1,2,
inc/event/res/12/me12_01.txt#240#12,"これまでレナルル様と共にあった{PLASMA}の
人間は、皆一様に喜ばしく思っております。","迄今为止与蕾娜露露大人同甘共苦的{PLASMA}
同仁们，无一不感到由衷的高兴。",translated,特工,517aa8352a,br=1 nl=1,2,keep-terms {PLASMA}
inc/event/res/12/me12_01.txt#240#14,地球におけるＦＢＩ、ＣＩＡ双方の役割を持つ存在が、ＰＬＡＳＭＡ機密情報局、通称『ＰＬＡＳＭＡ』。<CR>天文機密の最高峰を警護する為の組織であり、天文において貴重な研究者すらも監視対象とするトップクラスの捜査局でもある。<CR>その権力は天文だけに及ばず、過去に地文の研究者が起こしたと言われているシェルノトロン・パニックにおいてもＰＬＡＳＭＡが捜査し地文の研究室に乗り込んだ。性質上、知能や体力ともに優れた人材が所属しており、また、この中から天文皇女の守役と呼ばれる皇女の世話係が選抜され、イオンが宮城にいた頃にも一人の女性が守役として彼女の身の回りの世話をしていた。,在地球上兼具FBI与CIA双重职能的存在，便是PLASMA机密情报局，通称“PLASMA”。<CR>这是为了保卫天文最高机密而设立的组织，同时也是连天文宝贵的研究人员都列为监视对象的顶级搜查局。<CR>其权力不仅限于天文，在过去据传由地文研究人员引发的榭鲁诺特伦恐慌中，也是PLASMA进行搜查并强行闯入了地文的研究室。因其性质，所属人员在智力与体力方面皆极为拔尖。此外，天文皇女的看护人也是从中选拔，在依恩身处皇宫时，便曾有一名女性作为看护人照料其起居。,translated,特工,4c86a0dc2e,<CR> <CR> br=0 nl=0,1,keep-tags <CR>; src-longest-line=285
inc/event/res/12/me12_01.txt#241#12,そう……私が総統代理、ね。,是吗……由我担任总统代理，是吗。,translated,蕾娜露露,8a131d3797,br=0 nl=0,1,
inc/event/res/12/me12_01.txt#242#12,"リーヴェルト総統亡き今、{天文}上層部は大混乱。
そんな状況で私だなんて。","利维尔特总统既已不在，{天文}高层一片混乱。
在这种节骨眼上居然找了我。",translated,蕾娜露露,da4c43eb53,br=1 nl=1,2,keep-terms {天文}
inc/event/res/12/me12_01.txt#242#14,天文の正式な名前は「帝立天文学量子波動学研究所」。<CR>宇宙や時空間の専門を扱うため、「量子力学」をベースとした研究機関の組織である。<CR>発足当時、天文は単体で動くことはなく、常に地文の付属組織として活動していた。それは当時の「生命救済計画」が、「科学技術」と「ジェノムの魔法力」の融合によるものであった為だ。また「生命救済計画」という、全人類レベルにおいて最優先の課題を背負っている事もあり、行政にも関わっていた。,天文的正式名称为“帝立天文学量子波动学研究所”。<CR>由于专门研究宇宙与时空，因此是以“量子力学”为基础的研究机构组织。<CR>设立当初，天文并未单独行动，而是始终作为地文的附属组织开展活动。这是由于当时的“生命救济计划”乃是依托“科学技术”与“杰诺姆魔法力”融合的产物。加之背负着全人类最优先的重大课题“生命救济计划”，因而也参与了行政管理。,translated,蕾娜露露,367080e578,<CR> <CR> br=0 nl=0,1,keep-tags <CR>; src-longest-line=211
inc/event/res/12/me12_01.txt#243#12,"それは、レナルル様の功績が評価されたから
では？","那想必是因为蕾娜露露大人的功绩
得到了认可吧？",translated,特工,c3906f4696,br=0 nl=1,2,
inc/event/res/12/me12_01.txt#245#12,"次期天文総統が決まるまでの代理とは言われて
いますが、それがいつになるかなんて分からない。","虽说是担任代理直到选出下任天文总统，
但那究竟要等到何时根本无从知晓。",translated,蕾娜露露,120e0774e6,br=0 nl=1,2,
inc/event/res/12/me12_01.txt#246#12,いまこの瞬間も世界情勢は刻々と悪化しています。,时至此刻，世界的局势亦在时刻恶化。,translated,蕾娜露露,00db6a6123,br=0 nl=0,1,
inc/event/res/12/me12_01.txt#247#12,"天文も解体寸前で、延命治療を続けてなんとか
その灯火を保っている。","天文亦濒临瓦解，仅靠着不断延命治疗
才勉强维系着这缕残存灯火。",translated,蕾娜露露,73d512820f,br=0 nl=1,2,
inc/event/res/12/me12_01.txt#248#12,"このような時に総統代理なんてポストを
引き受ける人間は、本当におめでたいと思うわ。","在这种关头接下总统代理这等职位的人，
也真是有够愚昧透顶的呢。",translated,蕾娜露露,95f168cf5a,br=0 nl=1,2,
inc/event/res/12/me12_01.txt#249#12,"……大変失礼致しました。
レナルル様のお気持ちも考えず、軽率な発言を。","……属下极其失礼了。
未能体恤蕾娜露露大人的心情，作出了轻率发言。",translated,特工,8ed232ea57,br=0 nl=1,2,
inc/event/res/12/me12_01.txt#250#12,"いえ、私こそ少し八つ当たりをしてしまったわ。
ごめんなさい。","不，是我有些迁怒于你了。
对不起。",translated,蕾娜露露,2ae6340d81,br=0 nl=1,2,
inc/event/res/12/me12_01.txt#251#12,"……僭越ながら、レナルル様ならば現状を
打破してくださると、私は信じております。","……属下虽是僭越，但深信若由蕾娜露露大人
亲自掌舵，定能打破当下的严峻困局。",translated,特工,b6ed8aba83,br=0 nl=1,2,
inc/event/res/12/me12_01.txt#252#12,"総統代理は誰にでも許された立場ではありません。
レナルル様にこそ、相応しい称号かと。","总统代理并非任何人都能胜任的职位。
正是蕾娜露露大人，才配得上此等称号。",translated,特工,d5b19f7996,br=0 nl=1,2,
inc/event/res/12/me12_01.txt#253#12,"……ありがとう。
でも、それが真実にならなければ意味がないわ。","……谢谢你。
不过，若不能将之化作实际成果便毫无意义。",translated,蕾娜露露,d26a2e2b5d,br=0 nl=1,2,
inc/event/res/12/me12_01.txt#254#12,では、皇帝契絆支の受勲をお祝い致しましょう。,那么，请容属下恭祝您获赐皇帝契绊支之勋。,translated,特工,775a473504,br=0 nl=0,1,
inc/event/res/12/me12_01.txt#255#12,これこそは、紛れもなく真実でございますから。,因为此事，乃是千真万确毋庸置疑的实情。,translated,特工,68bafe6a7c,br=0 nl=0,1,
inc/event/res/12/me12_01.txt#257#12,"ふふ、それなら確かに、皮肉抜きでめでたいわね。","呵呵，若是这件事，
那倒确实不含任何挖苦意味地值得庆贺呢。",translated,蕾娜露露,2e755af7aa,br=0 nl=0,1,
inc/event/res/12/me12_01.txt#258#12,"皇帝契絆支の受勲は嬉しく、誇りに思います。
それは本心です。","能够受勋皇帝契绊支，我感到由衷欢喜与自豪。
这是我的肺腑之言。",translated,蕾娜露露,3d94321339,br=0 nl=1,2,
inc/event/res/12/me12_01.txt#259#12,"その名に恥じぬよう振る舞わねば、
ラシェーラ様の信頼を落とすことになる。
気を引き締めなければいけないわね。","若言行举止配不上这份名号，
便会辜负拉榭拉大人的信任。
必须时刻绷紧心弦才行呢。",translated,蕾娜露露,8924ddf10d,br=0 nl=2,3,
inc/event/res/12/me12_01.txt#260#12,"皇帝陛下も、きっとその言葉を聞けば
お喜びになると思います。","皇帝陛下若是听到这番话，
也必定会感到欣慰的。",translated,特工,46f6e3976c,br=0 nl=1,2,
inc/event/res/12/me12_01.txt#261#12,……そうだと私も嬉しいわ。,……若真是那样我也很高兴呢。,translated,蕾娜露露,5f7f07f933,br=0 nl=0,1,
inc/event/res/12/me12_01.txt#263#12,"時間を取らせてごめんなさい。
さあ、そろそろ宮城へ行きましょう。","耽搁你时间了，抱歉。
走吧，差不多该前往宫城了。",translated,蕾娜露露,ef122df661,br=0 nl=1,2,
inc/event/res/12/me12_01.txt#264#12,"はい。
ですがその前に、１つご報告が。","是。
不过在那之前，属下尚有一事汇报。",translated,特工,46ecbe65e4,br=0 nl=1,2,
inc/event/res/12/me12_01.txt#265#12,"リーヴェルトによって利用されていたネロですが、
その後精神状態も安定したようです。","此前遭到利维尔特利用的妮诺，
其后精神状态似乎也稳定下来了。",translated,特工,7f2beecbb6,br=0 nl=1,2,
inc/event/res/12/me12_01.txt#266#12,ラシェール・フューザーには問題なしとのこと。,据称对拉榭拉融合器并无大碍。,translated,特工,17b2b53956,br=0 nl=0,1,
inc/event/res/12/me12_01.txt#267#12,"そう。それはよかったわ。
それでは精神の拘束は……。","是吗，那太好了。
那么精神束缚方面……",translated,蕾娜露露,bf7198c573,br=0 nl=1,2,
inc/event/res/12/me12_01.txt#268#12,"その点に関しましては、現状維持が良いかと、
学者たちの中では結論づいております。","关于这一点，学者们得出的结论是
最好维持现状不变。",translated,特工,ebb714a591,br=0 nl=1,2,
inc/event/res/12/me12_01.txt#269#12,どうして？,为什么？,translated,蕾娜露露,005edb699e,br=0 nl=0,1,
inc/event/res/12/me12_01.txt#270#12,"安定したとはいえ、先の事件によって
かなりの精神的損傷が見られるとのこと。","据称虽说已恢复稳定，但历经先前的变故，
能观察到相当程度的精神创伤。",translated,特工,4f123d5707,br=0 nl=1,2,
inc/event/res/12/me12_01.txt#271#12,"感情をリンクすれば、
ラシェール・フューザーに悪影響を与える
可能性が著しく高い、とのことです。","学者表示若强行连接情感，
对拉榭拉融合器造成恶劣影响的
风险极其之高。",translated,特工,45c4fe8ac3,br=0 nl=2,3,
inc/event/res/12/me12_01.txt#272#12,"……そう。ならば、やむを得ません。
全ての民の命を天秤にかけることは
できませんから。","……是吗。既然如此，那也是无可奈何了。
毕竟不能将全体黎民的性命置于天平之上。",translated,蕾娜露露,30bd3ec57b,br=0 nl=2,3,
inc/event/res/12/me12_01.txt#273#12,"ネロには申し訳ないけど、
ラシェール・フューザーが終わるまでは、
現状維持で進めてください。","虽然很对不起妮诺，
但在拉榭拉融合器结束之前，
就先维持现状推进吧。",translated,蕾娜露露,ff21edfb1c,br=0 nl=2,3,
inc/event/res/12/me12_01.txt#274#12,はっ！,遵命！,translated,特工,4abd11a6e2,br=0 nl=0,1,
inc/event/res/12/me12_01.txt#300#12,"あぁ、どうしよう。
順番忘れちゃいそう……。","啊啊，怎么办呀。
感觉要把流程顺序忘光了……",translated,依恩,fa544661a8,br=0 nl=1,2,
inc/event/res/12/me12_01.txt#308#12,最初は挨拶をして、次に叙勲があって……。,最开始是致辞，接下来是授勋，然后……,translated,依恩,d28e356815,br=0 nl=0,1,
inc/event/res/12/me12_01.txt#312#12,"ちょっとイオン。
少しは落ち着きなさいよ。","我说依恩。
你好歹稍微冷静一点嘛。",translated,妮伊,83a93842e1,br=0 nl=1,2,
inc/event/res/12/me12_01.txt#313#12,"だってネイちゃん。
こ、皇帝契絆支の受勲だよ？　
皇帝がやる最初の一大公務だよ？","可是妮伊你看嘛。
这、这可是皇帝契绊支的授勋仪式哦！？
是皇帝履职的第一项重大公务哦！？",translated,依恩,73e102e03f,br=0 nl=2,3,
inc/event/res/12/me12_01.txt#314#12,そりゃあんた皇帝なんだからやるでしょ。,毕竟你现在是皇帝了嘛，肯定得做啊。,translated,妮伊,ab10c587d9,br=0 nl=0,1,
inc/event/res/12/me12_01.txt#315#12,そうだけど……やっぱり緊張しちゃって。,虽然是那样……但果然还是好紧张啊。,translated,依恩,5ddf4ed1a6,br=0 nl=0,1,
inc/event/res/12/me12_01.txt#316#12,"緊張しなくてもイオンならつまづいて
こけるくらいはしそうだから大丈夫だって。","就算不紧张，依恩也多半会绊一跤摔个跟头，
所以放心啦没事的大丈夫。",translated,妮伊,fb6a1bcee5,br=0 nl=1,2,
inc/event/res/12/me12_01.txt#317#12,それ、全然大丈夫じゃないよ！,那根本就完全不是没事好不好！,translated,依恩,59597eb573,br=0 nl=0,1,
inc/event/res/12/me12_01.txt#318#12,"緊張するだけ損だって言いたかっただけ
なんだけど、おかしいな？","我只是想说白紧张也是白费力气而已，
奇怪了，难道不是吗？",translated,妮伊,c4c1b2485a,br=0 nl=1,2,
inc/event/res/12/me12_01.txt#319#12,おかしいな、じゃないってば！,才不是什么“奇怪了”啦！,translated,依恩,790dd9c381,br=0 nl=0,1,
inc/event/res/12/me12_01.txt#320#12,……ああっ！,……啊啊！,translated,依恩,20acde2f1d,br=0 nl=0,1,
inc/event/res/12/me12_01.txt#321#12,今ので覚えたセリフ忘れちゃった……。,刚才好不容易记住的台词被你搞忘了……,translated,依恩,cc8cbcbffe,br=0 nl=0,1,
inc/event/res/12/me12_01.txt#322#12,"まーまー。そんなの忘れたって{俯瞰視点}で
全部浮かんでくるんじゃないの？","好啦好啦。就算忘了，用{俯瞰视点}
不就能全都浮现在脑海里了吗？",translated,妮伊,38953efbcc,br=1 nl=1,2,keep-terms {俯瞰視点}
inc/event/res/12/me12_01.txt#322#14,俯瞰視点とは、例えば３次元空間をその外側から見ることができる能力である。<CR>俯瞰したい次元をｎとしたとき、その次元を俯瞰するためには（ｎ＋１）次元的存在である必要がある。<CR>例を挙げるなら２次元空間に住む人間が迷路を彷徨っているところを、３次元空間の人間は簡単に迷路の出口まで案内することができる。<CR>実際には距離の要素が加わるため、広大な２次元を３次元空間の人間が全てを把握することはできないが、それでも２次元空間の人間よりもより多くの情報を得ることが出来る。万寿沙羅において何も計算していないイオンがバーストを防ぐ詩魔法を紡げたのは俯瞰視点を用いてそれら全てを感覚で行ったからである。,所谓俯瞰视点，是指例如能够从外部观察三维空间的能力。<CR>若将想要俯瞰的维度记为n，那么为了俯瞰该维度，自身必须为（n+1）维的存在。<CR>举例来说，当生活在二维空间的人在迷宫中徘徊迷茫时，三维空间的人可以轻而易举地将其引导至迷宫出口。<CR>实际中由于加入了距离要素，三维空间的人无法完全掌握广阔的二维空间的全部，但即便如此，也能够获得远比二维空间的人多得多的信息。在万寿沙罗，毫无计算准备的依恩之所以能纺咏出防范爆炸的诗魔法，正是因为利用俯瞰视点将这一切全凭直觉完成了。,translated,妮伊,8b6bbff113,<CR> <CR> <CR> br=0 nl=0,1,keep-tags <CR>; src-longest-line=300
inc/event/res/12/me12_01.txt#323#12,"無理だよ！
俯瞰視点で探してるうちに式が終わっちゃうよ。","怎么可能办得到啦！
等我在俯瞰视点里找完，仪式早就结束了啦。",translated,依恩,8354f9efa7,br=0 nl=1,2,
inc/event/res/12/me12_01.txt#324#12,"なぁんだ。
意外と使い勝手の悪い能力なのね。","什么嘛。
意外地是个派不上用场的能力呢。",translated,妮伊,61f2338565,br=0 nl=1,2,
inc/event/res/12/me12_01.txt#325#12,"まあ、リラックスリラックス。
思い詰めても良いことないって。","好啦，放轻松放轻松。
钻牛角尖可不会有什么好事哦。",translated,妮伊,1104db785f,br=0 nl=1,2,
inc/event/res/12/me12_01.txt#326#12,"名前呼ぶときだって、ちゃんと想いが伝わる
ように、いつもの名前で呼んでいいわけだし、
難易度低いと思うんだけどなー。","点名的时候，为了把心意切实传达出去，
照平时的习惯喊名字也完全可以啊，
我觉得难度明明挺低的嘛――",translated,妮伊,2e2c677092,br=0 nl=2,3,
inc/event/res/12/me12_01.txt#327#12,"だいたい、今までの修羅場に比べたら
どうってことないでしょ？
別に命が掛かってるわけでもないんだし。","说到底，比起之前那些九死一生的修罗场，
这根本不算什么吧？
又不会有性命之忧。",translated,妮伊,642d9eb007,br=0 nl=2,3,
inc/event/res/12/me12_01.txt#328#12,"間違えたからって、
取って食われたりなんかしないんだしさ。","就算说错了，
又不会被抓去吃掉咯。",translated,妮伊,fb29dd2da7,br=0 nl=1,2,
inc/event/res/12/me12_01.txt#329#12,そ、そうだけど……でもでも！,话、话是那么说……但是但是！,translated,依恩,abd877e7f5,br=0 nl=0,1,
inc/event/res/12/me12_01.txt#330#12,でもも、チキポンもない！,没有但是！,translated,妮伊,40c7334e9d,br=0 nl=0,1,
inc/event/res/12/me12_01.txt#331#12,"とちったり噛んだりしても、
ごめんなさいすれば済む話でしょうが。","就算搞砸了咬到舌头，
老老实实道个歉不就结了嘛。",translated,妮伊,b31977d713,br=0 nl=1,2,
inc/event/res/12/me12_01.txt#332#12,そんなに簡単には済まないと思うけど……。,我觉得事情可没那么容易蒙混过关……,translated,依恩,105935e8f0,br=0 nl=0,1,
inc/event/res/12/me12_01.txt#333#12,しょうがないわねぇ。,真拿你没办法呢。,translated,妮伊,673a432a1a,br=0 nl=0,1,
inc/event/res/12/me12_01.txt#334#12,"もしあんたがとちったらあたしが突っ込みを
入れてあげるから安心しなさいって。","要是你真搞砸了，我会负责在旁边吐槽圆场，
你就放一百二十个心吧。",translated,妮伊,6219d010d0,br=0 nl=1,2,
inc/event/res/12/me12_01.txt#335#12,"二人でバカやってさ、笑っていれば気まずい
雰囲気なんてどっか行っちゃうでしょ。","两个人一起出点洋相、笑一笑，
尴尬的气氛不就一下子烟消云散了嘛。",translated,妮伊,7ddf386f40,br=0 nl=1,2,
inc/event/res/12/me12_01.txt#336#12,"一番偉い人が笑顔になってれば、
きっと世界は明るくなる。
あんたが作りたいのはそういう世界でしょ？","最高领袖脸上带着笑容，
世界也一定会变得明朗起来。
你想创造的不正是那样的世界吗？",translated,妮伊,01be8c6370,br=0 nl=2,3,
inc/event/res/12/me12_01.txt#337#12,ネイちゃん……。,妮伊……,translated,依恩,840a2b2ae7,br=0 nl=0,1,
inc/event/res/12/me12_01.txt#338#12,"ふふ。
ちょっと違う気もするけど、でも、ありがとう。","呵呵。
虽然总觉得哪里不太对，不过，谢谢你。",translated,依恩,f3bfc0c50e,br=0 nl=1,2,
inc/event/res/12/me12_01.txt#339#12,"そうだよね。
せめてわたしが笑わないとダメだよね。
世界にはもっと辛い思いをしてる人もいるんだし。","说的也是呢。
至少我如果不笑一笑可不行呢。
这世上还有人承受着更加痛苦的心酸呢。",translated,依恩,bf7abe6067,br=0 nl=2,3,
inc/event/res/12/me12_01.txt#340#12,"式の間ずっとにこにこされてても困っちゃうけど、
そこら辺わかってるのかしら……。","虽然仪式全程一直傻笑也会让人很头疼，
也不知道这家伙到底懂没懂分寸……",translated,妮伊,af70f0d2cb,br=0 nl=1,2,
inc/event/res/12/me12_01.txt#341#12,わたし、頑張るからね！,我，会加油的！,translated,依恩,53b2bc5d8a,br=0 nl=0,1,
inc/event/res/12/me12_01.txt#342#12,"ま、いっか。
本人のやる気が出たんだし。","嘛，算啦。
反正本人也重新燃起干劲了。",translated,妮伊,7fc640db29,br=0 nl=1,2,
inc/event/res/12/me12_01.txt#343#12,"まったく。
それにしてもイーオーン？","真是的。
话～说～回～来～依～恩？",translated,妮伊,94cc66ac07,br=0 nl=1,2,
inc/event/res/12/me12_01.txt#344#12,"一応あたし、あんたから称号を貰う立場なの。
そこんとこ分かってる？","好歹本小姐也是要接受你赐予称号的人哦。
你到底明不明白这一点啊？",translated,妮伊,f42f44c1b9,br=0 nl=1,2,
inc/event/res/12/me12_01.txt#345#12,"なんであんたのメンタルケアまでしなくちゃ
ならないのよ。",为什么反倒是我还得来给你做心理疏导啊。,translated,妮伊,d6806fc535,br=0 nl=1,2,
inc/event/res/12/me12_01.txt#346#12,"ええっと、ほら。
わたしとネイちゃんは一心同体、とか。","那个，你看嘛。
我和妮伊不是一心同体嘛，嘿嘿。",translated,依恩,d043b0799e,br=0 nl=1,2,
inc/event/res/12/me12_01.txt#347#12,都合の良いときだけそうやって……。,只有在贪便宜的时候才扯这些……,translated,妮伊,0adcf46514,br=0 nl=0,1,
inc/event/res/12/me12_01.txt#348#12,えへへ、これからも傍にいてね。,诶嘿嘿，今后也要一直陪在我身边哦。,translated,依恩,06714db2e8,br=0 nl=0,1,
inc/event/res/12/me12_01.txt#349#12,"はいはい。
どこまでもお供しますとも。","是是是。
天涯海角我都奉陪到底啦。",translated,妮伊,fe88d8b34b,br=0 nl=1,2,
inc/event/res/12/me12_01.txt#379#12,これより、皇帝契絆支叙勲の儀を執り行う。,自此刻起，正式举行皇帝契绊支叙勋仪式。,translated,神官,db996c8e0d,br=0 nl=0,1,
inc/event/res/12/me12_01.txt#380#12,"まずは、皇帝ラシェーラ様より、
お言葉を賜る。","首先，恭请皇帝拉榭拉陛下，
宣读圣谕。",translated,神官,7bb1d09429,br=0 nl=1,2,
inc/event/res/12/me12_01.txt#396#12,皆さん、よくぞ集まってくださいました。,诸位，感谢你们汇聚于此。,translated,依恩,d31f117c25,br=0 nl=0,1,
inc/event/res/12/me12_01.txt#397#12,"世界が窮するこの時に、皆さんのように
強き心を持った者達が、余の元にこうして
集ったことを、嬉しく思います。","在世界陷入绝境的此刻，能有如诸位一般
心怀坚韧之志者齐聚于余的身侧，
余感到由衷的欣慰。",translated,依恩,2ec92a4065,br=0 nl=2,3,
inc/event/res/12/me12_01.txt#398#12,"既知のとおり、膨張を続ける太陽ベゼルは、
我らが惑星ラシェーラに不安の影を落とし
続けています。","正如诸位所知，不断膨胀的太阳贝捷尔，
正持续将不安的阴影笼罩在我们行星拉榭拉上空。",translated,依恩,9287ff22a6,br=0 nl=2,3,
inc/event/res/12/me12_01.txt#399#12,"不安が疑念を、疑念が争いを呼ぶ。
小さな争いの雲はやがて大きな暗雲となり――","不安催生疑虑，疑虑招致纷争。
细微纷争的云气终将化作巨大的滚滚阴云――",translated,依恩,168c6676ad,br=0 nl=1,2,
inc/event/res/12/me12_01.txt#400#12,"今なお、罪なき人々の上に、
苦痛に満ちた冷雨を降らしています。","直至如今，仍在向无辜的万民头顶
倾泻着饱含痛苦的刺骨寒雨。",translated,依恩,fc3d5e932b,br=0 nl=1,2,
inc/event/res/12/me12_01.txt#423#12,"余は、皇位継承の儀の中で、多くの争いを
見取り、数え切れないほどの悲痛の声を
聞きました。","余在皇位继承仪式之中，目睹了无数纷争，
倾听了数不尽的悲痛呼号。",translated,依恩,5c84565473,br=0 nl=2,3,
inc/event/res/12/me12_01.txt#424#12,"助けを求めて民が伸ばした手を取ることも
できず、声をかけることもできませんでした。","曾既无法握紧万民求救时伸出的双手，
亦未能给予片语温言的宽慰。",translated,依恩,3dbf89559f,br=0 nl=1,2,
inc/event/res/12/me12_01.txt#425#12,"自らの脆弱さ、無知、無力を、
これほどまでに実感したことは、
かつてありません。","余从未像彼时那样，如此深切地体会到
自身的脆弱、无知与无力。",translated,依恩,956ed543d0,br=0 nl=2,3,
inc/event/res/12/me12_01.txt#426#12,"ですが今、余は皇帝となり、
このラシェーラを見渡す目と、
ラシェーラを包み込むほどの愛を持ちました。","但如今，余已登基为帝，
拥有了俯瞰拉榭拉的双眸，
以及足以包容拉榭拉的慈爱。",translated,依恩,6f65e85027,br=0 nl=2,3,
inc/event/res/12/me12_01.txt#427#12,"手を伸ばしなさい。
余はそのすべての手を取りましょう。","伸出你们的双手吧。
余必将紧握那每一只手。",translated,依恩,852b542124,br=0 nl=1,2,
inc/event/res/12/me12_01.txt#428#12,"声をあげなさい。
余はその声の元に、必ず訪れると約束しましょう。","发出你们的呼声吧。
余向你们起誓，必将亲临呼声传来之处。",translated,依恩,4b2c08ce35,br=0 nl=1,2,
inc/event/res/12/me12_01.txt#429#12,"皇位継承の儀の中で、余が皆さんの慈悲深き
愛を受けた時と、同じように。","正如在皇位继承仪式中，
余沐浴于诸位慈悲深厚的博爱之时一样。",translated,依恩,d95c37ed5e,br=0 nl=1,2,
inc/event/res/12/me12_01.txt#430#12,"困窮する者に手を差し伸べる優しさ。
大切な想いを分かち合う心の強さ。","向身陷困厄者施以援手的温柔。
彼此分担忧乐真情的坚韧心灵。",translated,依恩,460d33c76d,br=0 nl=1,2,
inc/event/res/12/me12_01.txt#431#12,"助け合い、志を一つとすることで、
どんな苦境も乗り越えていける。","守望相助、众志成城，
便能跨越任何艰难险阻。",translated,依恩,8e1d2a0273,br=0 nl=1,2,
inc/event/res/12/me12_01.txt#432#12,"そんな皇位に就く者としての気高さを、
余に授けてくれたのは、紛れもなく皆さんです。","赋予余身为登临皇位之人所应有的高尚情操的，
毫无疑问正是诸位。",translated,依恩,7663ce529f,br=0 nl=1,2,
inc/event/res/12/me12_01.txt#447#12,"その皆さんに感謝し、今日ここに集った
七人の友に、確かな絆の証しとして、
皇帝契絆支の称号を与えるものとする。","为向诸位致谢，今日余将向齐聚于此的
七位挚友，赐予作为牢固羁绊之见证的
皇帝契绊支称号。",translated,依恩,1a44acbde0,br=0 nl=2,3,
inc/event/res/12/me12_01.txt#462#12,ネイちゃん……。,妮伊……,translated,依恩,840a2b2ae7,br=0 nl=0,1,
inc/event/res/12/me12_01.txt#463#12,ん。,嗯。,translated,妮伊,a3e29a3ad0,br=0 nl=0,1,
inc/event/res/12/me12_01.txt#464#12,"いかなる時もわたしの傍らに立って、
揺れ惑う心の炎を絶やさぬ支えとなって
くれました。","无论何时都伴我身旁，
成为支撑我不致让动摇的心灵之火熄灭的支柱。",translated,依恩,94ace912b8,br=0 nl=2,3,
inc/event/res/12/me12_01.txt#465#12,"困難な状況にも立ち向かう行動力、
そして全員の意志を束ね、天上へと導いた
功績を讃えこの称号を授けます。","在此赞颂你面对逆境亦敢于挺身而出的行动力，
以及凝聚众人意志、引领大家奔向苍穹的功绩，
特此赐予你这道称号。",translated,依恩,2c4aa6d82e,br=0 nl=2,3,
inc/event/res/12/me12_01.txt#466#12,天統姫。,天统姬。,translated,依恩,4cb9309ace,br=0 nl=0,1,
inc/event/res/12/me12_01.txt#467#12,拝受いたします。,谨领圣旨。,translated,妮伊,2d3b90f584,br=0 nl=0,1,
inc/event/res/12/me12_01.txt#476#12,白鷹さん。,白鹰先生。,translated,依恩,697b6654e2,br=0 nl=0,1,
inc/event/res/12/me12_01.txt#477#12,は、はいっ。,在、在！,translated,白鹰,2184993ae4,br=0 nl=0,1,
inc/event/res/12/me12_01.txt#478#12,"大きな混乱の中においても常に冷静さを失わず、
自らが進むべき道を貫き通していましたね。","即便身处巨大的混乱之中亦始终不失冷静，
贯彻始终走在自己该走的正道上呢。",translated,依恩,7cd9632974,br=0 nl=1,2,
inc/event/res/12/me12_01.txt#479#12,"世界を見渡し、そこで得た知識と理を
あなたから教えてもらわなければ、わたしは
いつまでも無知な赤子であったことでしょう。","若非你放眼环顾天下、向我传授所得见闻事理，
我想我至今依然只是个懵懂无知的婴孩吧。",translated,依恩,92700e6d51,br=0 nl=2,3,
inc/event/res/12/me12_01.txt#480#12,"あなたの知恵が、大きな助けとなりました。
よって、この称号を授けます。","你的智慧成为了我巨大的助力。
因此，特此赐予你这道称号。",translated,依恩,254b3e8196,br=0 nl=1,2,
inc/event/res/12/me12_01.txt#481#12,律界天。,律界天。,translated,依恩,766e28acd5,br=0 nl=0,1,
inc/event/res/12/me12_01.txt#482#12,拝受いたします。,谨领圣旨。,translated,白鹰,2d3b90f584,br=0 nl=0,1,
inc/event/res/12/me12_01.txt#491#12,レナルルさん。,蕾娜露露小姐。,translated,依恩,7126b507b2,br=0 nl=0,1,
inc/event/res/12/me12_01.txt#492#12,はい。,在。,translated,蕾娜露露,8b9236cd4b,br=0 nl=0,1,
inc/event/res/12/me12_01.txt#493#12,"あなたはもう一人のわたし。
影のように共に在り、あなたの教えが
わたしを形作っていました。","你便如同另一个我。
如影随形相伴身侧，正是你的教诲
塑造造就了如今的我。",translated,依恩,c78debf297,br=0 nl=2,3,
inc/event/res/12/me12_01.txt#494#12,"時に厳しくも、最も重き言葉を謳い続けた
からこそ、わたしはこの場所にいます。","正因你时而严厉、却始终对我咏唱着
最为重要的谆谆箴言，我才能站立于此处。",translated,依恩,de83c87e47,br=0 nl=1,2,
inc/event/res/12/me12_01.txt#495#12,あなたの導きを讃え、この称号を授けます。,为褒奖你的谆谆指引，特此赐予你这道称号。,translated,依恩,5d2e9ad483,br=0 nl=0,1,
inc/event/res/12/me12_01.txt#496#12,皇謳。,皇讴。,translated,依恩,ef7e0d283c,br=0 nl=0,1,
inc/event/res/12/me12_01.txt#497#12,謹んで、拝受致します。,微臣谨领圣旨。,translated,蕾娜露露,da24675a7e,br=0 nl=0,1,
inc/event/res/12/me12_01.txt#507#12,ター坊。,阿达。,translated,依恩,3340db0270,br=0 nl=0,1,
inc/event/res/12/me12_01.txt#508#12,お、おう！,哦、哦！,translated,阿达,e7b2afd3d9,br=0 nl=0,1,
inc/event/res/12/me12_01.txt#509#12,"皇位継承の儀の初期に、
あなたが手を差し伸べてくれなければ、
わたしはここにはいませんでした。","在皇位继承仪式之初，
若非你向我伸出援手，
我绝不可能站在此处。",translated,依恩,af3beefff7,br=0 nl=2,3,
inc/event/res/12/me12_01.txt#510#12,"あなたの手が、再びこの世界で生きて行くための
希望を授けてくれたのです。","正是你的手，赋予了我
再次在这个世界活下去的希望。",translated,依恩,a365dc19e1,br=0 nl=1,2,
inc/event/res/12/me12_01.txt#511#12,希望は、ただそれだけで何よりも強い力となる。,希望，单凭这一点便能化作无与伦比的坚强力量。,translated,依恩,5c6a3d20e0,br=0 nl=0,1,
inc/event/res/12/me12_01.txt#512#12,"わたしに最大の力を与えてくれたあなたに
感謝を込め、この称号を授けます。","向赋予了我莫大力量的你满怀谢意，
特此赐予你这道称号。",translated,依恩,bb19b1660e,br=0 nl=1,2,
inc/event/res/12/me12_01.txt#513#12,唯世。,唯世。,translated,依恩,0aa729f76a,br=0 nl=0,1,
inc/event/res/12/me12_01.txt#514#12,拝受いたします！,领旨谢恩！,translated,阿达,e1950a7e0e,br=0 nl=0,1,
inc/event/res/12/me12_01.txt#523#12,キャスちゃん。,凯斯。,translated,依恩,811b077780,br=0 nl=0,1,
inc/event/res/12/me12_01.txt#524#12,はい。,在。,translated,凯斯,8b9236cd4b,br=0 nl=0,1,
inc/event/res/12/me12_01.txt#525#12,"あなたの他人を思い遣る気持ちに、
どれほどわたしの心は救われたことでしょう。","你处处为他人着想的体贴之意，
究竟拯救了我的心灵多少次啊。",translated,依恩,4c910d2b90,br=0 nl=1,2,
inc/event/res/12/me12_01.txt#526#12,"そして、その気持ちはこれから多くの人々を
助けて行く希望の光となるはずです。","而这份情意，往后也定当成为
去拯救更多黎民百姓的希望之光。",translated,依恩,1a14802bce,br=0 nl=1,2,
inc/event/res/12/me12_01.txt#527#12,"友人として、あなたの深い愛情に
感謝致します。","作为朋友，我由衷感谢
你那深沉真挚的关爱。",translated,依恩,00615cce0c,br=0 nl=1,2,
inc/event/res/12/me12_01.txt#528#12,誇り高くも優しいあなたに――,赐予高洁而又温柔的你――,translated,依恩,b4d4a5d25e,br=0 nl=0,1,
inc/event/res/12/me12_01.txt#529#12,愛宮。,爱宫。,translated,依恩,5b886aa424,br=0 nl=0,1,
inc/event/res/12/me12_01.txt#530#12,皇帝陛下、謹んで拝受致します。,谨遵皇帝陛下圣意，臣女领旨。,translated,凯斯,e30f399ecc,br=0 nl=0,1,
inc/event/res/12/me12_01.txt#539#12,サーリちゃん。,莎丽。,translated,依恩,c1d737bccf,br=0 nl=0,1,
inc/event/res/12/me12_01.txt#540#12,はい。,在。,translated,莎丽,8b9236cd4b,br=0 nl=0,1,
inc/event/res/12/me12_01.txt#541#12,"世界の行く末を誰よりも案じ、その聡明なる
頭脳をもって幾度となくわたしを助け、
世界の真実へと導いてくれました。","你比任何人都更忧心世界的未来，以聪颖绝伦的
头脑无数次救我于危难，
将我引向了世界的真相。",translated,依恩,ad4a05222a,br=0 nl=2,3,
inc/event/res/12/me12_01.txt#542#12,"あなたの清水のごとく冴え渡った智力は、
今後の世界にとって必要不可欠なものに
なるでしょう。","你那如清冽泉水般澄澈通透的智慧，
对今后的世界而言必将不可或缺。",translated,依恩,66300e142a,br=0 nl=2,3,
inc/event/res/12/me12_01.txt#543#12,"どんなに暗き道に迷うとも、
あなたが光をもたらすことを願って――","但愿无论迷失于何等幽暗的歧路，
你都能为其带来希望之光――",translated,依恩,5850ac3e0e,br=0 nl=1,2,
inc/event/res/12/me12_01.txt#544#12,光明陵子。,光明陵子。,translated,依恩,c0a29f59db,br=0 nl=0,1,
inc/event/res/12/me12_01.txt#545#12,拝受します。,谨领圣旨。,translated,莎丽,ba25855d07,br=0 nl=0,1,
inc/event/res/12/me12_01.txt#554#12,そして最後に……。,最后……,translated,依恩,efa11ca487,br=0 nl=0,1,
inc/event/res/12/me12_01.txt#555#12,"ラシェーラがラシェーラとして
今もなおこうして存在していること。","拉榭拉之所以作为拉榭拉，
直到如今依然能够存在于世。",translated,依恩,27e46b32cd,br=0 nl=1,2,
inc/event/res/12/me12_01.txt#556#12,"わたしがわたしとして、この場に立つことが
出来たのも全て、彼女が居たからでした。","我之所以能够作为我自身屹立于此，
这一切皆因有她在身旁。",translated,依恩,055fa88d01,br=0 nl=1,2,
inc/event/res/12/me12_01.txt#557#12,"全ての命あるものを慈しみ、決して信念を
曲げず、自らを厳しく律して世界のために
その身を捧げ続けていました。","她慈爱世间一切有灵众生，信念坚贞不屈，
以严律苛求己身，为了世界
不断奉献着自己的一切。",translated,依恩,6b12634333,br=0 nl=2,3,
inc/event/res/12/me12_01.txt#558#12,"彼女の大きな愛が、皆さんのもとへも
届きますよう――","但愿她那浩荡博大的慈爱，
亦能传达至诸位的心间――",translated,依恩,f5b49f84a0,br=0 nl=1,2,
inc/event/res/12/me12_01.txt#559#12,"我が親友にして偉大なるカノイール皇帝候補に、
皇帝契絆支の称号を。","谨向余之挚友、伟大的卡诺伊尔皇帝候选人，
赐予皇帝契绊支称号。",translated,依恩,05cd4076f4,br=0 nl=1,2,
inc/event/res/12/me12_01.txt#560#12,愛の源たる、菩提命王。,作为爱之源泉的，菩提命王。,translated,依恩,3cb67ce3ee,br=0 nl=0,1,
inc/event/res/12/me12_01.txt#567#12,（カノンさん……）,（卡诺小姐……）,translated,依恩,8e4bfc27f8,br=0 nl=0,1,
inc/event/res/12/me12_01.txt#568#12,"（わたし、頑張ってるよ。
　カノンさんの分まで一生懸命やるから）","（我正在努力哦。
　连同卡诺小姐的那一份我也会拼尽全力的）",translated,依恩,4fa53cd251,br=0 nl=1,2,
inc/event/res/12/me12_01.txt#569#12,"（まだまだ足りない皇帝かもしれないけど
　カノンさんと目指した世界を必ず創って
　みせる！）","（虽然我还只是个有诸多不足的皇帝，
　但我必定会创造出与卡诺小姐共同向往的世界！）",translated,依恩,a10d26aff7,br=0 nl=2,3,
inc/event/res/12/me12_01.txt#584#12,"皇帝契絆支は皇室の役職ではありませんが、
非常に大きな力を持ちます。","皇帝契绊支虽非皇室之官职，
却拥有极其庞大的权柄。",translated,依恩,ad1cd0d937,br=0 nl=1,2,
inc/event/res/12/me12_01.txt#585#12,"時としてそれは皇族や特権階級の要人を
超えることもあるのです。",时而甚至能超越皇族及特权阶层的要员。,translated,依恩,a7a1f62763,br=0 nl=1,2,
inc/event/res/12/me12_01.txt#586#12,"皇帝が皇帝となるまでに得た絆は
それほどまでに大きなもの。","皇帝在登基为帝前所缔结的羁绊，
便是如此浩大而深重。",translated,依恩,f6ebde3c63,br=0 nl=1,2,
inc/event/res/12/me12_01.txt#587#12,"試練の期間で余が抱いた感謝の念は表現し
得るものではないが、称号は一つの形として
捉えてもらいたい。","试炼期间余心怀的感激之情非言语所能尽道，
但愿尔等能将此称号视为这份心意的一种具象。",translated,依恩,2b1b68bf2d,br=0 nl=2,3,
inc/event/res/12/me12_01.txt#588#12,"そなたらには、称号が与えられた時点で、
対等な立場として皇帝に進言することを
許されています。","自称号赐予尔等之刻起，
尔等便获准以平等的立场向皇帝进言。",translated,依恩,014fbd2df7,br=0 nl=2,3,
inc/event/res/12/me12_01.txt#589#12,"また、皇帝契絆支には特別な力が
授けられています。",此外，皇帝契绊支亦被赋予了特殊之力量。,translated,依恩,6d6eb3c3ff,br=0 nl=1,2,
inc/event/res/12/me12_01.txt#590#12,"本来、コーザルが存命であれば彼を介し、
全員でチェインすることによって
強大な詩魔法を紡ぐことができるのです。","本应在考扎尔健在之时借由他为媒介，
通过全员连携连锁，
便能编织出极其强大的诗魔法。",translated,依恩,01d20d1636,br=0 nl=2,3,
inc/event/res/12/me12_01.txt#591#12,"現在、その行使は不可能となってしまいましたが、
それでも絶大な影響力を備えていることに
変わりはありません。","如今虽已无法动用这股力量，
但尔等具备绝大影响力这一事实
依然未曾改变。",translated,依恩,9a2c0ff392,br=0 nl=2,3,
inc/event/res/12/me12_01.txt#592#12,"それだけそなたらの一言ひとことには
大きな影響力があるということも忘れずに。","尔等切莫忘记，尔等的一言一行，
都具备着如此巨大的分量与影响。",translated,依恩,efcd2349bf,br=0 nl=1,2,
inc/event/res/12/me12_01.txt#593#12,"皇帝契絆支の称号に恥じぬよう、
今後もその力を余や世界のために
役立てて欲しい。","望尔等无愧于皇帝契绊支之名，
今后亦继续将这份力量奉献于余与这个世界。",translated,依恩,b865a72994,br=0 nl=2,3,
inc/event/res/12/me12_01.txt#594#12,"全ての命が、深い愛情と強い絆で
結ばれることを祈っています。","余祈愿世间所有生灵，
皆能借由深厚的爱与坚固的羁绊紧密相连。",translated,依恩,8145902d9c,br=0 nl=1,2,
inc/event/res/12/me12_01.txt#612#12,ふぅ……、お、終わったぁ……。,呼……结、终于结束了……,translated,依恩,4bada8911f,br=0 nl=0,1,
inc/event/res/12/me12_01.txt#613#12,"お疲れ様。
すごいじゃない、イオン！","辛苦啦。
超厉害的嘛，依恩！",translated,妮伊,daa6dc7047,br=0 nl=1,2,
inc/event/res/12/me12_01.txt#614#12,えへへ、そ、そうかな？,诶嘿嘿，是、是吗？,translated,依恩,da0d1e7136,br=0 nl=0,1,
inc/event/res/12/me12_01.txt#615#12,ばっちり格好良く出来てたんじゃない？,不是表现得非常帅气潇洒嘛！,translated,妮伊,8e713d5bc3,br=0 nl=0,1,
inc/event/res/12/me12_01.txt#616#12,"あれだけ不安そうにしてたのに、
よく一回も噛まずに言えたもんだわ。","刚才明明还一副惴惴不安的样子，
居然一次都没吃螺丝顺顺当当地说完了呢。",translated,妮伊,62b19386e8,br=0 nl=1,2,
inc/event/res/12/me12_01.txt#617#12,やっぱり俯瞰視点でインチキしたんじゃないの？,该不会其实是用俯瞰视点作弊了吧？,translated,妮伊,439ccecc0a,br=0 nl=0,1,
inc/event/res/12/me12_01.txt#618#12,"違うよ！　俯瞰視点なんて使ってない。
そういうのには使えないって言ったのに。","才没有呢！我才没用俯瞰视点。
都说了那种场合根本没法用的嘛。",translated,依恩,fe6466ba4c,br=0 nl=1,2,
inc/event/res/12/me12_01.txt#619#12,"ごめんごめん。
まぁ、上手くいきすぎて、ちょっと驚いたわ。","好啦好啦抱歉抱歉。
嘛，进展得实在太顺利了，
稍微有点出乎我的意料呢。",translated,妮伊,41fc31e031,br=0 nl=1,2,
inc/event/res/12/me12_01.txt#620#12,"うぅ……酷いよ。
せっかく頑張ったのに。","呜呜……好过分哦。
我明明那么拼命努力了。",translated,依恩,20e4ad1568,br=0 nl=1,2,
inc/event/res/12/me12_01.txt#621#12,"格好良かったよ、イオン。
それは本当だから。","刚才真的很帅气潇洒哦，依恩。
这句话可是真心实意的。",translated,妮伊,ef8405900b,br=0 nl=1,2,
inc/event/res/12/me12_01.txt#622#12,ネイちゃん……うん、ありがとう。,妮伊……嗯，谢谢你。,translated,依恩,4a4d66af65,br=0 nl=0,1,
inc/event/res/12/me12_01.txt#635#12,ラシェーラ様、失礼致します。,拉榭拉大人，打扰了。,translated,蕾娜露露,d13385ae8d,br=0 nl=0,1,
inc/event/res/12/me12_01.txt#636#12,あっ、レナルルさん。,啊，蕾娜露露小姐。,translated,依恩,faa527ccaa,br=0 nl=0,1,
inc/event/res/12/me12_01.txt#637#12,大役、お疲れ様でした。,重任在肩，您辛苦了。,translated,蕾娜露露,58efce1319,br=0 nl=0,1,
inc/event/res/12/me12_01.txt#638#12,"お休みのところ申し訳ありませんが、
今後の予定をお伝え致します。","在您歇息之时打扰十分抱歉，
我来向您通报接下来的日程。",translated,蕾娜露露,a483c54da2,br=0 nl=1,2,
inc/event/res/12/me12_01.txt#639#12,ひゃー、次から次へと大変ね、皇帝って。,哇啊，皇帝还真是一桩接一桩不得闲呢。,translated,妮伊,1761f7862d,br=0 nl=0,1,
inc/event/res/12/me12_01.txt#640#12,今は小休止といったところですよ。,现在还只能算作是短暂休整呢。,translated,蕾娜露露,d2cbdb79cf,br=0 nl=0,1,
inc/event/res/12/me12_01.txt#641#12,"３日後にグランフェニックスの予行演習が
本格化すれば、今の比ではなくなりますから。","等3天后大凤凰的预行演习全面展开，
繁重程度可就远非当下所能比拟了。",translated,蕾娜露露,d83ea853da,br=0 nl=1,2,
inc/event/res/12/me12_01.txt#642#12,"そんなぁ。
いま以上、ですか……。","怎会这样。
比现在……还要忙吗……",translated,依恩,7b339a481d,br=0 nl=1,2,
inc/event/res/12/me12_01.txt#643#12,"ご存知の通り、現在、臨時居住施設である
{ヒュムネスフィア}への大移動が優良市民から
順次始まっております。","正如您所知，目前作为临时居住设施的
{修姆涅球}的大迁徙，已从优良市民起
循序展开。",translated,蕾娜露露,39efa2745a,br=1 nl=2,3,keep-terms {ヒュムネスフィア}
inc/event/res/12/me12_01.txt#643#14,謳う丘に建設されたラシェーラからの避難民を受け入れる居住区。<CR>何十万という単位の人や動物、ジェノムを受け入れる施設であることからも、その大きさは窺うことができる。限られた人間だけが使用する行政区画や皇帝が謳うためのデッキの大きさを考えれば、実質謳う丘のほとんどがこのヒュムネスフィアであるといっても過言ではないだろう。ヒュムネスフィア内部には、人々の生活スペース以外に区画を移動するための通路がいくつも存在している。特に特徴的なのは、それらの通路の壁が透明になっていることである。これによって謳い手や一部の人間だけでなく、住民全てが星との最後の別れができる。この構造は、終わりを迎える星への最後の心遣いなのだ。,建设于鸣之丘、用于接纳来自拉榭拉避难民的居住区。<CR>从其作为能够接纳以数十万计的人类、动物以及杰诺姆之设施来看，便足可见其规模之宏大。若考虑到仅限特定人员使用的行政区划以及供皇帝献唱所用的露台甲板之大小，实际上说鸣之丘的大部分皆为这修姆涅球亦不为过吧。在修姆涅球内部，除了人们的生活空间之外，还存在着数条用于在各区划之间移动的通道。其中尤为显著的特征，便是那些通道的墙壁均被设计成了透明结构。借此不仅让歌者或部分特定人群，更使全体居民都能与这颗星球作最后的告别。这种构造，正是给予走向终末的星球最后的一份体贴心意。,translated,蕾娜露露,c15f83164e,<CR> br=0 nl=0,1,keep-tags <CR>; src-longest-line=308
inc/event/res/12/me12_01.txt#644#12,"遅くとも３０日以内には全員の移動が
完了する見込みです。","预计最迟在30天以内，
全体人员的迁移便会完成。",translated,蕾娜露露,93bb73c00d,br=0 nl=1,2,
inc/event/res/12/me12_01.txt#645#12,"３０日以内……。
間に合いますか？","30天以内……
来得及吗？",translated,依恩,f6ca25f0d8,br=0 nl=1,2,
inc/event/res/12/me12_01.txt#646#12,正直に申し上げまして、分かりません。,如实相告，目前尚不可知。,translated,蕾娜露露,0d62a419a2,br=0 nl=0,1,
inc/event/res/12/me12_01.txt#647#12,"ラシェーラは既にいつ崩壊しても
おかしくない状況です。
なるべく急がせてはいますが――","拉榭拉目前已然处于随时崩解都不足为奇的
危局之中。虽然已在尽力催促进度――",translated,蕾娜露露,d02b50480f,br=0 nl=2,3,
inc/event/res/12/me12_01.txt#648#12,"必要以上に急かすことは逆に移住時間の
遅延に繋がります。
今のペースでやるしかありません。","但若是超出限度盲目催促，
反而会导致移民耗时的拖延。
如今唯有按现在的步调推进。",translated,蕾娜露露,0bc167e5a1,br=0 nl=2,3,
inc/event/res/12/me12_01.txt#649#12,"そうですか……。
少しでも早く謳わないといけないんですよね……。","这样啊……
必须尽可能早一点献唱才行呢……",translated,依恩,f6036d1778,br=0 nl=1,2,
inc/event/res/12/me12_01.txt#650#12,"はい。この状況を打破出来るのは
ラシェール・フューザーのみです。","是的。能够打破当下危局的，
唯有拉榭拉融合器。",translated,蕾娜露露,f5439d4720,br=0 nl=1,2,
inc/event/res/12/me12_01.txt#651#12,"ですが、不完全な詩もまた、
ラシェーラの崩壊に繋がります。","然而，残缺不全的诗歌，
亦会导致拉榭拉的崩溃毁灭。",translated,蕾娜露露,cb5de17a75,br=0 nl=1,2,
inc/event/res/12/me12_01.txt#652#12,"焦るお気持ち、お察ししますが、
今は耐えていただきますよう。","您的焦灼心境属下深为体谅，
但此刻还请您务必耐心隐忍。",translated,蕾娜露露,994ed717c8,br=0 nl=1,2,
inc/event/res/12/me12_01.txt#653#12,はい。分かっています。,好的。我明白的。,translated,依恩,526b10b64c,br=0 nl=0,1,
inc/event/res/12/me12_01.txt#658#12,"……そういえばカノンさんやコーザルさんの
行方は……？","……说起来，卡诺小姐和考扎尔先生的
下落……有消息了吗？",translated,依恩,24aed03493,br=0 nl=1,2,
inc/event/res/12/me12_01.txt#659#12,そちらも……分かりません。,关于那一边……也依然一无所知。,translated,蕾娜露露,618243dd24,br=0 nl=0,1,
inc/event/res/12/me12_01.txt#660#12,"あの場にあった装置がどのような役割を
果たしていたのか、天文でも把握できて
いないのです。","原处现场的那台装置究竟起到了何种功效，
即便是天文也未能掌握透彻。",translated,蕾娜露露,e727e068a5,br=0 nl=2,3,
inc/event/res/12/me12_01.txt#661#12,そうですか……。,这样啊……,translated,依恩,9d4ee751fe,br=0 nl=0,1,
inc/event/res/12/me12_01.txt#662#12,"……恐らくは、というレベルではありますが、
仮説であれば立っています。","……虽然仅止于“恐怕是如此”的推测水准，
但目前倒是立有假说。",translated,蕾娜露露,539caeecc5,br=0 nl=1,2,
inc/event/res/12/me12_01.txt#663#12,え……？,诶……？,translated,依恩,7c87e3e5ee,br=0 nl=0,1,
inc/event/res/12/me12_01.txt#664#12,"カノイール様とコーザル様は、エネルギーに
変換されてしまっているのではないか……と。","人们推测卡诺伊尔大人与考扎尔大人，
是否已被彻底转化为了纯粹的能量……",translated,蕾娜露露,5d46f362aa,br=0 nl=1,2,
inc/event/res/12/me12_01.txt#665#12,エネルギー、ですか？,转化成……能量吗？,translated,依恩,38a482fdae,br=0 nl=0,1,
inc/event/res/12/me12_01.txt#666#12,"はい。それも、非常に純粋なエネルギーに。
肉体はおろか、魂すらも変換されてしまって
いるのではとの予想です。","是的。而且是极为纯粹的能量。
各方预估不仅是肉身，甚至连灵魂
大概也都被转化殆尽了。",translated,蕾娜露露,60eef71cfd,br=0 nl=2,3,
inc/event/res/12/me12_01.txt#667#12,"そんな……
それじゃあカノンさんたちは……！","怎会……
那岂不是说卡诺小姐他们……！",translated,依恩,244ecc80d6,br=0 nl=1,2,
inc/event/res/12/me12_01.txt#668#12,"せめて魂があれば器を用意して
どうにか出来たのかもしれませんが……。","若尚存有一缕残魂，或许还能准备容器
设法挽回……",translated,蕾娜露露,0b453121b2,br=0 nl=1,2,
inc/event/res/12/me12_01.txt#669#12,"仮説通りであれば、
復活は難しいかと思われます。","若真如假说所料，
重获复生恐怕难如登天。",translated,蕾娜露露,c6c33c34de,br=0 nl=1,2,
inc/event/res/12/me12_01.txt#670#12,カノン、さん……。,卡诺……小姐……,translated,依恩,d2500b4dd8,br=0 nl=0,1,
inc/event/res/12/me12_01.txt#671#12,イオン……。,依恩……,translated,妮伊,ec7f4ecbfc,br=0 nl=0,1,
inc/event/res/12/me12_01.txt#672#12,"そんなの、嘘です……。
カノンさんにもう会えないなんて……そんなの！","这种事……骗人的吧……
再也见不到卡诺小姐什么的……这种事！",translated,依恩,9d66ef5e4f,br=0 nl=1,2,
inc/event/res/12/me12_01.txt#673#12,ラシェーラ様……。,拉榭拉大人……,translated,蕾娜露露,7eb5de8019,br=0 nl=0,1,
inc/event/res/12/me12_01.txt#674#12,"あのカノンさんが死ぬわけない。
それにコーザルさんだっていたんですよ！？　
ジェノムの王様がいたんです――","那个卡诺小姐怎么可能会死。
更何况还有考扎尔先生在场啊！？
那可是杰诺姆之王啊――",translated,依恩,65c82241eb,br=0 nl=2,3,
inc/event/res/12/me12_01.txt#675#12,きっとまだ何か手はあるはず……！,一定、一定还会有什么办法的……！,translated,依恩,b400558c1f,br=0 nl=0,1,
inc/event/res/12/me12_01.txt#676#12,"私たちも調査はしています。
まだ完全に諦めたわけではありません。","我们亦在持续调查之中。
尚未彻底放弃希望。",translated,蕾娜露露,572b65ed72,br=0 nl=1,2,
inc/event/res/12/me12_01.txt#677#12,"ですが、最悪の場合も考えておいて
いただきますようお願いします。","但还恳请您做好
迎接最坏结果的心理准备。",translated,蕾娜露露,a0ed374fad,br=0 nl=1,2,
inc/event/res/12/me12_01.txt#678#12,"残念ながら悪い結果の方が、
確率的には高いのです。","遗憾的是，从概率而言，
坏结果的可能性要远高于前者。",translated,蕾娜露露,8acce599ba,br=0 nl=1,2,
inc/event/res/12/me12_01.txt#679#12,……うぅ。,……呜。,translated,依恩,c5a6d8d158,br=0 nl=0,1,
inc/event/res/12/me12_01.txt#680#12,でも……。,可是……,translated,依恩,2cfbc18c09,br=0 nl=0,1,
inc/event/res/12/me12_01.txt#681#12,でもわたし、諦めたくないんです！,可是我，绝对不想放弃！,translated,依恩,6257caa87f,br=0 nl=0,1,
inc/event/res/12/me12_01.txt#683#12,……レナルルさん。,……蕾娜露露小姐。,translated,依恩,95fc7aab54,br=0 nl=0,1,
inc/event/res/12/me12_01.txt#684#12,なんでしょう？,有什么吩咐？,translated,蕾娜露露,2654a3ad88,br=0 nl=0,1,
inc/event/res/12/me12_01.txt#685#12,"忙しくなるまでの３日間、
わたしに外出許可をください。","在日程变忙碌之前的这3天里，
请准许我外出。",translated,依恩,01fcfc0f7c,br=0 nl=1,2,
inc/event/res/12/me12_01.txt#686#12,イオン！？,依恩！？,translated,妮伊,cc0481ac73,br=0 nl=0,1,
inc/event/res/12/me12_01.txt#687#12,一体、何のためにでしょうか。,究竟是……所为何事？,translated,蕾娜露露,265a99f2b6,br=0 nl=0,1,
inc/event/res/12/me12_01.txt#688#12,"カノンさんを探します。
{地文}の寺院とか、カノンさんにゆかりのある
場所なら、もしかしたらいるかもしれない。","去寻找卡诺小姐。
在{地文}的寺院、或者与卡诺小姐有所渊源的
地方，说不定还能找到她。",translated,依恩,1364d5a213,br=1 nl=2,3,keep-terms {地文}
inc/event/res/12/me12_01.txt#688#14,正式名称は「帝立ジェノメトリクス同調調停院」。元々は「人間とジェノムが、互いに最大限の利益を保持しつつ棲み分ける為の調停機関」であった。<CR>その後、「ジェノムと人間が更に豊かに暮らせる為の施策」として、最先端の遺伝子工学の研究開発を行うようになり、地文は多岐にわたる組織の集合体になった。<CR><CR>現在では、ジェノムと同調した場合、その旨を地文に申請登録することが義務づけられており、地文はジェノムを保有する全員の個人情報を持っている。,正式名称为“帝立杰诺梅特利库斯同调调停院”。原本是“为了让人类与杰诺姆在各自保留最大利益的同时实现共存分居的调停机构”。<CR>此后作为“让人类与杰诺姆生活更为富足的举措”，开始进行最前沿的基因工程研发，地文由此演变成了涵盖众多组织的集合体。<CR><CR>如今，一旦与杰诺姆同调，便有义务向地文申请登记，地文因而掌握着所有拥有杰诺姆人员的个人信息。,translated,依恩,0328e9e022,<CR> <CR> <CR> br=0 nl=0,1,keep-tags <CR>; src-longest-line=223
inc/event/res/12/me12_01.txt#689#12,"魂だけでも残っていてくれれば……
それを感じることが出来れば、
まだ何とかなるんですよね！？","只要哪怕还残存有一丝灵魂……
只要我能感知到它，
就一定还能有办法的对吧！？",translated,依恩,be042a6746,br=0 nl=2,3,
inc/event/res/12/me12_01.txt#690#12,"いけません。危険すぎます。
世界が今、どれほど混乱しているか、
ご存知でしょう？","万万不可。未免太过危险了。
当今这世道有多混乱，
想必您也是一清二楚的吧？",translated,蕾娜露露,907dc722be,br=0 nl=2,3,
inc/event/res/12/me12_01.txt#691#12,"未だに天文に対して良くない感情を
持っている者もいます。",至今仍有人对天文抱有极恶劣的仇怨反感。,translated,蕾娜露露,3d02394942,br=0 nl=1,2,
inc/event/res/12/me12_01.txt#692#12,"それどころか、ラシェーラの崩壊を皇室や
ラシェーラ様のせいと考えている者もいる。","不仅如此，更有甚者将拉榭拉的崩溃瓦解
归咎于皇室及拉榭拉大人的身上。",translated,蕾娜露露,6163e0f198,br=0 nl=1,2,
inc/event/res/12/me12_01.txt#693#12,"そんな中で地文の領地を皇帝自ら歩くなど、
命がいくらあっても足りません。","在此等局势下皇帝亲身涉足地文领地，
就算有几条命都不够赔的。",translated,蕾娜露露,e57021052b,br=0 nl=1,2,
inc/event/res/12/me12_01.txt#694#12,そんなこと、分かってます！,那种事，我心里很清楚！,translated,依恩,4c576ebf94,br=0 nl=0,1,
inc/event/res/12/me12_01.txt#695#12,"分かっていらっしゃいません。
言葉だけでは、身は守れないのです。","您根本未曾真正明白。
单凭言语是无法保全身家性命的。",translated,蕾娜露露,72bbf9d5aa,br=0 nl=1,2,
inc/event/res/12/me12_01.txt#696#12,"あなたは、このラシェーラを束ねる皇帝。
どうか、慎んだ行動を。","您是统领这整个拉榭拉的皇帝。
还请您行事务必慎之又慎。",translated,蕾娜露露,06f3c33bc2,br=0 nl=1,2,
inc/event/res/12/me12_01.txt#697#12,"行かなきゃ……いけないんです。
カノンさんのこともそうだけど――","我必须……去一趟才行。
卡诺小姐的事固然是一方面――",translated,依恩,fd913a643a,br=0 nl=1,2,
inc/event/res/12/me12_01.txt#698#12,"この星とこれでお別れなら、
尚更、わたしが今までお世話になった人たちの
ところに行きたい。","但若注定要与这颗星球就此永别，
我就更想前往那些一直以来
关照过我的人们身边。",translated,依恩,11f66dcb9e,br=0 nl=2,3,
inc/event/res/12/me12_01.txt#699#12,"ちゃんと、自分の口から感謝の言葉を
伝えたいんです！",我想亲口向他们表达由衷的感谢！,translated,依恩,263807948c,br=0 nl=1,2,
inc/event/res/12/me12_01.txt#700#12,ですが……！,可是……！,translated,蕾娜露露,ee9302c72d,br=0 nl=0,1,
inc/event/res/12/me12_01.txt#702#12,"あーはいはい。
ストップストップ。","啊――行了行了。
打住打住。",translated,妮伊,3fbd6b5933,br=0 nl=1,2,
inc/event/res/12/me12_01.txt#703#12,"お願い、ネイちゃん！
わたし、どうしても……！","求求你了，妮伊！
我无论如何都……！",translated,依恩,6c3dbc6f1d,br=0 nl=1,2,
inc/event/res/12/me12_01.txt#704#12,"分かってるわよ。
待つのはレナルルの方。","我知道啦。
该等等的人是蕾娜露露啦。",translated,妮伊,8a1a76fc23,br=0 nl=1,2,
inc/event/res/12/me12_01.txt#708#12,"あんたもイオンの性格は分かってるんでしょ？　
この子、意外と頑固なところがあるって。","你也清楚依恩的脾气吧？
这孩子有时候可是意外地死脑筋呢。",translated,妮伊,d58f03351e,br=0 nl=1,2,
inc/event/res/12/me12_01.txt#709#12,それは……。,这……,translated,蕾娜露露,5ccc52b912,br=0 nl=0,1,
inc/event/res/12/me12_01.txt#710#12,"この場限りで言いくるめたって、
どうせ夜に脱走とかするわよ、きっと。","就算眼下强行把她说服了，
保不准她半夜也会偷偷溜出去啦。",translated,妮伊,3fabad8572,br=0 nl=1,2,
inc/event/res/12/me12_01.txt#711#12,わ、わたし、そこまでは……。,我、我倒也没打算做到那种地步……,translated,依恩,93131343a2,br=0 nl=0,1,
inc/event/res/12/me12_01.txt#712#12,しない？,真的不会做？,translated,妮伊,3c626d13fc,br=0 nl=0,1,
inc/event/res/12/me12_01.txt#713#12,えーっと……。,呃……这个嘛……,translated,依恩,6f59751182,br=0 nl=0,1,
inc/event/res/12/me12_01.txt#714#12,"ね？　分かったでしょ？
だからさ、あたしも付いて行くから。","你看？我没说错吧？
所以呢，我也跟着她一起去。",translated,妮伊,159efaf3cc,br=0 nl=1,2,
inc/event/res/12/me12_01.txt#715#12,ネイちゃん！？,妮伊！？,translated,依恩,bcc0de7b1f,br=0 nl=0,1,
inc/event/res/12/me12_01.txt#716#12,あなたが……？,由你……同去？,translated,蕾娜露露,1b50579608,br=0 nl=0,1,
inc/event/res/12/me12_01.txt#717#12,"もうさ、止められないなら割り切って護衛付きで、
ってことにした方がいくらか安心でしょ？","既然拦不住，那还不如派个护卫跟着，
这样多少也让人放心点不是吗？",translated,妮伊,4cc3a8f195,br=0 nl=1,2,
inc/event/res/12/me12_01.txt#718#12,"それはそうですが……
しかし危険なことに変わりはありません。","话虽如此……
但危险性并不会因此减少半分。",translated,蕾娜露露,b0aaa81b2d,br=0 nl=1,2,
inc/event/res/12/me12_01.txt#719#12,"あたしは、このままイオンを行かせないのも
充分危険だと思うよ。","我觉得，要是就这样憋着不让依恩去，
也同样危险得紧呢。",translated,妮伊,b979e49ce3,br=0 nl=1,2,
inc/event/res/12/me12_01.txt#720#12,なぜ……ですか？,这又是……为何？,translated,蕾娜露露,0b070f0f95,br=0 nl=0,1,
inc/event/res/12/me12_01.txt#721#12,"心残りのあるままラシェール・フューザー
謳わせて失敗したらどうすんのよ。","带着满心遗憾去唱拉榭拉融合器，
要是唱砸了该怎么办嘛。",translated,妮伊,52d6ce165c,br=0 nl=1,2,
inc/event/res/12/me12_01.txt#722#12,それは……。,这……,translated,蕾娜露露,5ccc52b912,br=0 nl=0,1,
inc/event/res/12/me12_01.txt#723#12,"失敗の許されない状況に不安定な状態で
挑ませる……今、イオンを行かせるよりも
リスキーなんじゃない？","在不容失败的绝境下让她以不稳定的心境
去挑战……这难道不比放依恩走一趟
还要凶险万分吗？",translated,妮伊,55c680dfc7,br=0 nl=2,3,
inc/event/res/12/me12_01.txt#724#12,"大丈夫だって。あたしが付いてるんだから、
無茶なことはさせないし。","放心啦。有我跟着，
不会让她由着性子胡来的。",translated,妮伊,2c8c116a1f,br=0 nl=1,2,
inc/event/res/12/me12_01.txt#725#12,……仕方ないわね。,……真是拿你们没办法呢。,translated,蕾娜露露,e4a6994be7,br=0 nl=0,1,
inc/event/res/12/me12_01.txt#726#12,レナルルさん！,蕾娜露露小姐！,translated,依恩,cfd43a527c,br=0 nl=0,1,
inc/event/res/12/me12_01.txt#727#12,"イオンの頑固さは今に始まったことじゃないから。
彼女の言うことにも一理あるわ。","毕竟依恩的顽固又不是一天两天了。
她说的倒也并非毫无道理。",translated,蕾娜露露,ee7a210810,br=0 nl=1,2,
inc/event/res/12/me12_01.txt#728#12,"だってさ。良かったね、イオン。
やっぱりあんたの頑固っぷりは周知みたいね。","听到了吧。太好啦，依恩。
看来你的倔脾气早就人尽皆知了呢。",translated,妮伊,3aec22dbf5,br=0 nl=1,2,
inc/event/res/12/me12_01.txt#729#12,そ、そんなぁ……。,怎、怎么这样啦……,translated,依恩,ac92194b5d,br=0 nl=0,1,
inc/event/res/12/me12_01.txt#730#12,でも……ありがとう、ネイちゃん。,不过……谢谢你，妮伊。,translated,依恩,9478698ae0,br=0 nl=0,1,
inc/event/res/12/me12_01.txt#731#12,"なあに言ってんのよ。話聞いてた？
土壇場で失敗されちゃこっちが困るの。","说什么傻话呢。刚才没听见吗？
要是临门一脚搞砸了，我们大家可就全玩完了。",translated,妮伊,b8fc939d25,br=0 nl=1,2,
inc/event/res/12/me12_01.txt#732#12,"だから、ちゃんと納得して無事に帰ってくること。
それが約束出来なきゃ、連れて行ってあげない
からね。","所以，必须给我彻底想通、平安归来。
要是不能立下这个誓约，我可不带你出去哦。",translated,妮伊,23785e4d3d,br=0 nl=2,3,
inc/event/res/12/me12_01.txt#733#12,うん、分かった！,嗯，我保证！,translated,依恩,a152387878,br=0 nl=0,1,
inc/event/res/12/me12_01.txt#736#12,"各方面からの護衛と監視を付けること。
それが条件よ。","必须带上各方抽调的护卫与监护人员。
这是不可退让的条件。",translated,蕾娜露露,3ec0fa2631,br=0 nl=1,2,
inc/event/res/12/me12_01.txt#737#12,"それと、その服だと目立ちすぎるから、
普段着に着替えてらっしゃい、イオン。","还有，穿着这身衣服未免太显眼了，
快去换成便服吧，依恩。",translated,蕾娜露露,f9a1617e49,br=0 nl=1,2,
inc/event/res/12/me12_01.txt#738#12,レナルルさん……はい！,蕾娜露露小姐……好的！,translated,依恩,2592e5096c,br=0 nl=0,1,
inc/event/res/12/me12_02.txt#25#14,男Ｃ,男子Ｃ,translated,,53100b041f,br=0 nl=0,1,
inc/event/res/12/me12_02.txt#25#15,ゴンスケ,权助,translated,,4e6b3182c8,br=0 nl=0,1,
inc/event/res/12/me12_02.txt#26#14,女Ａ,女子Ａ,translated,,ae7c5447c3,br=0 nl=0,1,
inc/event/res/12/me12_02.txt#26#15,メーニャ,梅尼亚,translated,,2eede878b4,br=0 nl=0,1,
inc/event/res/12/me12_02.txt#27#14,男Ａ,男子Ａ,translated,,de6b984bda,br=0 nl=0,1,
inc/event/res/12/me12_02.txt#27#15,ロイル,罗伊尔,translated,,ecfe756ada,br=0 nl=0,1,
inc/event/res/12/me12_02.txt#39#12,う～ん、やっと着いたわねー。,唔～嗯，总算到了呢――,translated,妮伊,32a1eadc2c,br=0 nl=0,1,
inc/event/res/12/me12_02.txt#40#12,座りっぱなしでお尻が痛いよ……。,坐得太久，屁股都坐痛了……,translated,依恩,7c589cae0e,br=0 nl=0,1,
inc/event/res/12/me12_02.txt#41#12,"まあまあ。楽してここまで来られたんだから
良しとしないとね。","好啦好啦。能舒舒服服一路坐过来，
已经该知足啦。",translated,妮伊,12fcc66e28,br=0 nl=1,2,
inc/event/res/12/me12_02.txt#42#12,そ、そうだよね。,说的、也是呢。,translated,依恩,f6f5755408,br=0 nl=0,1,
inc/event/res/12/me12_02.txt#51#12,さて。じゃあどこから行く？,好啦。接下来打算先去哪儿？,translated,妮伊,7dd6bc894b,br=0 nl=0,1,
inc/event/res/12/me12_02.txt#52#12,"えっと、やっぱり最初はルウレイさんの所に
行きたい。一番お世話になった人だから。","那个，果然还是想先去鲁雷女士那里。
毕竟她是对我最照顾有加的人了。",translated,依恩,5a1423fe3c,br=0 nl=1,2,
inc/event/res/12/me12_02.txt#53#12,"分かった。その辺見ながら行きましょ。
今の世界のことを見て回るのも皇帝の
大事なお仕事だしね。","明白啦。那我们就边走边四处看看吧。
巡视当今世界的面貌，也是皇帝的重要职责呢。",translated,妮伊,861b8fd3c4,br=0 nl=2,3,
inc/event/res/12/me12_02.txt#54#12,"ネ、ネイちゃん！
皇帝だって分かっちゃったらまずいよ！
しーっ！","妮、妮伊！
要是被别人知道我是皇帝可就不妙了！
嘘――！",translated,依恩,af44d507bc,br=0 nl=2,3,
inc/event/res/12/me12_02.txt#55#12,"大丈夫大丈夫。みんな自分のことに
いっぱいいっぱいで聞こえてないから。
ほら、さっさと行くわよ。","没事没事。大家光忙活自己的事
就已经焦头烂额了，根本没人听得见。
好啦，快点走吧。",translated,妮伊,6e38917509,br=0 nl=2,3,
inc/event/res/12/me12_02.txt#67#12,"やっぱりみんな、どこか慌ただしい
感じがするね。","果然大家，总觉得都透着一股
神色匆匆的仓皇感呢。",translated,依恩,a56f1384d0,br=0 nl=1,2,
inc/event/res/12/me12_02.txt#82#12,"そりゃあ命かかってるんだもの。
落ち着いてなんていられないでしょ。","那毕竟攸关身家性命嘛。
换谁也不可能淡定自若吧。",translated,妮伊,7037d2f2c4,br=0 nl=1,2,
inc/event/res/12/me12_02.txt#83#12,だけど、ここでは暴動は起きてないみたいね。,不过，这里看起来倒并没有爆发暴动呢。,translated,妮伊,64d2221772,br=0 nl=0,1,
inc/event/res/12/me12_02.txt#84#12,"うん。そわそわはしてるけど、あんまり
殺気だってはいないみたい。良かった……。","嗯。虽说人心惶惶，但好像并没有
充满杀气喧嚣四起的样子。太好了……",translated,依恩,952e36fce0,br=0 nl=1,2,
inc/event/res/12/me12_02.txt#85#12,"暴動が起きるほど人がいないっていうのも
あるのかもね。閑散としてるっていうか、
人もまばらだし、お店も閉まってるし。","或许也有一部分原因是没有多到能闹事的人口吧。
与其说是冷清，倒不如说是人影稀疏、
店铺也大门紧闭。",translated,妮伊,14f183a89b,br=0 nl=2,3,
inc/event/res/12/me12_02.txt#86#12,そうなのかも……あ！,也许真是这样呢……啊！,translated,依恩,75edf468b6,br=0 nl=0,1,
inc/event/res/12/me12_02.txt#101#12,ここ、ター坊と一緒にお使いに来たお店だ。,这里，是我和阿达一起跑腿来过的店。,translated,依恩,7594ee35f9,br=0 nl=0,1,
inc/event/res/12/me12_02.txt#114#12,"ふぅん……。何屋さんだったの？
もう閉まっちゃってるけど。","哼～嗯……以前是卖什么的呀？
虽然现在已经关门大吉了。",translated,妮伊,f437eb4fdf,br=0 nl=1,2,
inc/event/res/12/me12_02.txt#115#12,"食べものを売ってたところなの。
お店のおじさんがとっても良い人で！","以前是卖吃食的地方哦。
店里的大叔人特别特别好！",translated,依恩,dbdd81dd74,br=0 nl=1,2,
inc/event/res/12/me12_02.txt#116#12,"ここでエビパンとかミルキィウェイサンドの
お話をしたんだ。","我们曾经在这里聊过虾面包和
银河三明治的事呢。",translated,依恩,f6643a23fb,br=0 nl=1,2,
inc/event/res/12/me12_02.txt#117#12,ミルキィウェイサンドぉ～？,银河三明治――？,translated,妮伊,7d0a4a89c2,br=0 nl=0,1,
inc/event/res/12/me12_02.txt#118#12,"うん、ジャムが挟んであって、
すっごく甘くて、わたしは好きだったんだけど、
ター坊は苦手だったみたいで。","嗯，里面夹着果酱，
味道特别甜，我很喜欢吃，
不过阿达好像吃不太习惯呢。",translated,依恩,05ffe6e7e3,br=0 nl=2,3,
inc/event/res/12/me12_02.txt#119#12,"懐かしいなぁ……。
でももう閉まっちゃったんだね。
ちょっとだけ寂しいな。","好怀念啊……
可是现在已经关门了呢。
稍微觉得有点寂寞呢。",translated,依恩,70cd7f3a0b,br=0 nl=2,3,
inc/event/res/12/me12_02.txt#120#12,"何言ってんの。無事にヒュムネスフィアへ
移住したってことでしょ。","说什么傻话呢。说明人家已经顺利
移居去修姆涅球了嘛。",translated,妮伊,c13c472d13,br=0 nl=1,2,
inc/event/res/12/me12_02.txt#121#12,"そっか。そうだよね。
ここからはいなくなっちゃったけど、
またあっちで会えるかもしれないんだよね。","这样啊。说的也是呢。
虽然从这里离开了，
但在那一边说不定还能再相遇呢。",translated,依恩,3bbac454a8,br=0 nl=2,3,
inc/event/res/12/me12_02.txt#122#12,"そうそう。居たら直接お礼を言って、
居なければ後でお礼を言う。
それだけでいいんじゃない？","对嘛对嘛。见到了就当面道谢，
见不到就以后再道谢。
只要这样不就好了嘛？",translated,妮伊,8244d36d1f,br=0 nl=2,3,
inc/event/res/12/me12_02.txt#123#12,そうだね。,也是呢。,translated,依恩,7440fe30f2,br=0 nl=0,1,
inc/event/res/12/me12_02.txt#136#12,よーし、じゃあ次のところへ行こう！,好嘞，那我们去下一个地方吧！,translated,依恩,2b40ce1c98,br=0 nl=0,1,
inc/event/res/12/me12_02.txt#137#12,"あーそうだ！
あたし一ヶ所この街で行ってみたいところ
あるんだよね。","啊――对了！
在这座城市里，我有一处地方想去看看呢。",translated,妮伊,620dc48cf9,br=0 nl=2,3,
inc/event/res/12/me12_02.txt#138#12,ネイちゃんが？,妮伊想去的地方？,translated,依恩,27304c567f,br=0 nl=0,1,
inc/event/res/12/me12_02.txt#139#12,こっちこっち！,这边这边！,translated,妮伊,3971beda98,br=0 nl=0,1,
inc/event/res/12/me12_02.txt#154#12,あ、ネイちゃん！,啊，妮伊！,translated,依恩,98037b1c2c,br=0 nl=0,1,
inc/event/res/12/me12_02.txt#178#12,ネイちゃんの来たかった場所って、ここ？,妮伊想来的地方，就是这里吗？,translated,依恩,84cd9903af,br=0 nl=0,1,
inc/event/res/12/me12_02.txt#179#12,"そう。イオンが初めて詩魔法を紡いだ場所。
そんで、大きな大きな花が咲いた場所。","没错。依恩第一次编织诗魔法的地方。
还有，盛开出那朵大大大花的地方。",translated,妮伊,e4f5625618,br=0 nl=1,2,
inc/event/res/12/me12_02.txt#180#12,ハスの花……。,莲花……,translated,依恩,b2c999b7f2,br=0 nl=0,1,
inc/event/res/12/me12_02.txt#181#12,"このビッグフラワーを咲かせたことが、
多分試練の一歩目を踏み出した時だったんだよね。","让这朵巨大之花绽放，
大概就是你迈出试炼的第一步的时刻吧。",translated,妮伊,a7676a4158,br=0 nl=1,2,
inc/event/res/12/me12_02.txt#182#12,"そうかも。あの時はみんなを助けたいっていう
想いで、テレくんと一緒にこの街を守るイメージ
を抱いて……。","也许是呢。那时候我满心想着去拯救大家，
和泰雷君一起在心中勾勒守护这片街区的景象……",translated,依恩,0ce46665fe,br=0 nl=2,3,
inc/event/res/12/me12_02.txt#189#12,そしてこの花を咲かせたってわけね。,然后就让这朵花盛开了，是吧。,translated,妮伊,4aec959465,br=0 nl=0,1,
inc/event/res/12/me12_02.txt#190#12,"{バースト}で花びらもだいぶ傷付いちゃってる
けど……。","虽然经过几次{爆炸}，花瓣已经残破受损
得相当厉害了……",translated,依恩,3da4aee923,br=1 nl=1,2,keep-terms {バースト}
inc/event/res/12/me12_02.txt#190#14,この世界の太陽ベゼルから降り注ぐ、生命に有害な波動のこと。<CR><CR>通常状態の太陽であっても、降り注いでいる電磁波や放射線、太陽風のことであるが、ベゼルは既に寿命を迎えた巨星である為、特にこれらのエネルギーが高い。<CR><CR>その為人々は、シェルと呼ばれる天蓋によって護られた僅かな土地に、密集し住んでいる。,指从这个世界的太阳贝捷尔倾泻而下的、对生命体有害的波动。<CR><CR>即便是在太阳处于通常状态下，也是指其倾泻而下的电磁波、辐射以及太阳风，但由于贝捷尔已是濒临寿命终点的巨星，因此这些能量格外强烈。<CR><CR>正因如此，人们唯有聚集在受到名为穹顶（榭鲁）的天盖所庇护的微小土地上密集生活。,translated,依恩,1b9c4f1619,<CR> <CR> <CR> <CR> br=0 nl=0,1,keep-tags <CR>; src-longest-line=159
inc/event/res/12/me12_02.txt#191#12,"でも、この花のおかげでこの街は今日まで
生き延びることが出来た。
その事実は絶対に残ってる。","但是，正多亏了这朵花，这座城镇才能
苟延残喘维系存续到今日。
这一事实是任谁也抹杀不了的。",translated,妮伊,9adbf3765b,br=0 nl=2,3,
inc/event/res/12/me12_02.txt#192#12,"イオンはこの花で初めて、
たくさんの人を救ったんだよね。","依恩就是用这朵花，第一次
拯救了那么多的人对吧。",translated,妮伊,81a25703e5,br=0 nl=1,2,
inc/event/res/12/me12_02.txt#193#12,そうなのかな……えへへ。,是那样吗……嘿嘿。,translated,依恩,0a798cb327,br=0 nl=0,1,
inc/event/res/12/me12_02.txt#194#12,"でも、そっかぁ。この花がずっとあれから
みんなを守ってくれてたんだね。","不过，是啊。从那之后这朵花
就一直守护着大家呢。",translated,依恩,4e3e2443fb,br=0 nl=1,2,
inc/event/res/12/me12_02.txt#195#12,ありがとう……。お疲れ様。,谢谢你……辛苦你了。,translated,依恩,e4f5657f9f,br=0 nl=0,1,
inc/event/res/12/me12_02.txt#207#12,"よーし、満足した。
ごめんね、寄り道させちゃって。","好啦，心满意足了。
抱歉让你陪我绕远路啦。",translated,妮伊,55f28d3dc8,br=0 nl=1,2,
inc/event/res/12/me12_02.txt#208#12,"ううん。ネイちゃんが自分からどこかに
行きたいっていうの、珍しいから。
ちょっと嬉しかった。","没有的事。妮伊你难得会主动
说想去哪里看看呢。
其实我还挺开心的。",translated,依恩,d970ce7987,br=0 nl=2,3,
inc/event/res/12/me12_02.txt#209#12,ネイちゃんのことを、また少し知ったようで。,感觉对妮伊又多了一点了解。,translated,依恩,e2ebfa15df,br=0 nl=0,1,
inc/event/res/12/me12_02.txt#210#12,"あーやめてよ。イオンってば、すぐ恥ずかしい
こと言うんだから。","啊――快别说了。依恩你真是的，
老是说这些让人难为情的话。",translated,妮伊,ce350a713d,br=0 nl=1,2,
inc/event/res/12/me12_02.txt#211#12,は、恥ずかしいって……。,难、难为情什么的……,translated,依恩,1b17507db4,br=0 nl=0,1,
inc/event/res/12/me12_02.txt#212#12,じゃあ、次のところへ行きましょ。,好啦，去下一个地方吧。,translated,妮伊,da19b76153,br=0 nl=0,1,
inc/event/res/12/me12_02.txt#220#12,きゃっ、なに！？,呀，怎么了！？,translated,妮伊,74f62ec937,br=0 nl=0,1,
inc/event/res/12/me12_02.txt#224#12,収まった……？,停下来了……？,translated,依恩,02f969f6b6,br=0 nl=0,1,
inc/event/res/12/me12_02.txt#225#12,みたいね。,好像是呢。,translated,妮伊,69a4fcfb8a,br=0 nl=0,1,
inc/event/res/12/me12_02.txt#226#12,また地震……。,又是地震……,translated,依恩,0e0591ca25,br=0 nl=0,1,
inc/event/res/12/me12_02.txt#227#12,本当にもう、時間が無いんだ。,真的已经没有时间了。,translated,依恩,1f7f218bbe,br=0 nl=0,1,
inc/event/res/12/me12_02.txt#228#12,"ここで考えてても仕方無いわ。
どんどん行きましょ。","光在这琢磨也没用。
我们赶快走吧。",translated,妮伊,e0b921f2cf,br=0 nl=1,2,
inc/event/res/12/me12_02.txt#229#12,"縷縷は無事かな……。
ルウレイさんも出発してればいいんだけど……。","缕缕没事吧……
要是鲁雷女士也已经出发了就好了……",translated,依恩,c11d25fd1f,br=0 nl=1,2,
inc/event/res/12/me12_02.txt#255#12,"良かった。
縷縷は無事みたい。","太好了。
缕缕看起来平安无事。",translated,依恩,cd8522b7d1,br=0 nl=1,2,
inc/event/res/12/me12_02.txt#267#12,"見た目ボロっちいもんね。
さっきの地震で崩れてなくて良かったわね。","外观看着破破烂烂的嘛。
刚才的地震没把它震塌真是太好了。",translated,妮伊,3ada93be94,br=0 nl=1,2,
inc/event/res/12/me12_02.txt#268#12,ネ、ネイちゃん……。,妮、妮伊……,translated,依恩,9943dc0a2e,br=0 nl=0,1,
inc/event/res/12/me12_02.txt#269#12,それより、人がまだいるみたいよ？,先不说这个，里面好像还有人哦？,translated,妮伊,13fcefe8e1,br=0 nl=0,1,
inc/event/res/12/me12_02.txt#270#12,え！？,诶！？,translated,依恩,4d2f18c9e0,br=0 nl=0,1,
inc/event/res/12/me12_02.txt#271#12,だってほら、お店、開いてるもの。,你看嘛，店还开着呢。,translated,妮伊,884e82376f,br=0 nl=0,1,
inc/event/res/12/me12_02.txt#272#12,本当だ……。ルウレイさん！,真的耶……鲁雷女士！,translated,依恩,eefe6c888b,br=0 nl=0,1,
inc/event/res/12/me12_02.txt#277#12,あ、ちょっとイオン！,啊，等等依恩！,translated,妮伊,8637d0df42,br=0 nl=0,1,
inc/event/res/12/me12_02.txt#288#12,ルウレイさん！,鲁雷女士！,translated,依恩,4b0bb9656e,br=0 nl=0,1,
inc/event/res/12/me12_02.txt#294#12,"おや、イオン……ラシェーラ様！
どうしてこんなところへ……。","哎呀，依恩……拉榭拉陛下！
您怎么会到这种地方来……",translated,鲁雷,cb6ae27731,br=0 nl=1,2,
inc/event/res/12/me12_02.txt#295#12,"ルウレイさんこそ、
どうしてまだいるんですか！","鲁雷女士才是，
怎么还留在这里啊！",translated,依恩,365f99971f,br=0 nl=1,2,
inc/event/res/12/me12_02.txt#296#12,ええと、あたしゃ……あー、わたしは……。,那个，俺……啊不，我是……,translated,鲁雷,24451eb973,br=0 nl=0,1,
inc/event/res/12/me12_02.txt#297#12,"ルウレイさん。
あの……いつも通りで大丈夫ですから。","鲁雷女士。
那个……和平常一样说话就可以了。",translated,依恩,0e428b2d16,br=0 nl=1,2,
inc/event/res/12/me12_02.txt#298#12,"そ、そうかい？
すまないね、どうにもかしこまった言葉ってのは
慣れなくて。","是、是吗？
不好意思啊，那种文绉绉的客套话
我实在是不习惯。",translated,鲁雷,91b0cc1353,br=0 nl=2,3,
inc/event/res/12/me12_02.txt#299#12,"そ、それよりも！　どうしてまだここに
いるんですか！？　もうとっくにヒュムネ
スフィアに行っていると思ってたのに！","先、先不说这个！您怎么还留在
这里啊！？我还以为您早就已经
前往修姆涅球了呢！",translated,依恩,e15a36dbea,br=0 nl=2,3,
inc/event/res/12/me12_02.txt#300#12,"……あたしは最後までこの街に残ることに
したんだよ。","……我决定留在这座镇上，
直到最后一刻。",translated,鲁雷,f00482a117,br=0 nl=1,2,
inc/event/res/12/me12_02.txt#301#12,そんな、どうして……。,怎会这样，为什么……,translated,依恩,b126f59412,br=0 nl=0,1,
inc/event/res/12/me12_02.txt#302#12,"みんなそう言うんだけどね、
あたしにとっちゃ普通のことなんだよ。","大家虽然都这么说，
但对我而言，
这只是理所当然的事罢了。",translated,鲁雷,8523ada417,br=0 nl=1,2,
inc/event/res/12/me12_02.txt#304#12,この街が好きだからさ。,因为我喜欢这座小镇啊。,translated,鲁雷,a2f8a9fc5c,br=0 nl=0,1,
inc/event/res/12/me12_02.txt#305#12,この街が、好き……？,喜欢……这座小镇？,translated,依恩,3826b45267,br=0 nl=0,1,
inc/event/res/12/me12_02.txt#308#12,"ここにはまだ一人で歩けないじいさんや
ばあさんがいる。子供がたくさんいて
移住がままならない家もある。","这里还有走不动路的老爷爷和老奶奶。
也有因为孩子太多，
移居困难的人家。",translated,鲁雷,07b4930bde,br=0 nl=2,3,
inc/event/res/12/me12_02.txt#309#12,"ここのみんなはね、
ずっとお互いを助け合って生きてきたんだ。","住在这里的大家，
一直都是互相扶持着走过来的。",translated,鲁雷,d50f10a9b5,br=0 nl=1,2,
inc/event/res/12/me12_02.txt#310#12,"野菜を譲りあったり、子供の面倒を見たり。
まぁずっと仲が良かったわけじゃないけどね。","互相分送蔬菜、帮着照看小孩。
虽然倒也不是一直都相处融洽就是了。",translated,鲁雷,df691b8ee6,br=0 nl=1,2,
inc/event/res/12/me12_02.txt#311#12,"当然、喧嘩したりもしたさ。それでも離れる
ことなく、一緒に過ごしてきたんだ。","当然也吵过架。但即便如此大家也没有
彼此疏远，还是一起生活至今。",translated,鲁雷,262d116f48,br=0 nl=1,2,
inc/event/res/12/me12_02.txt#312#12,"みんなこの街が好きで、
この街に住んでる他の奴らのことも好きで。","大家都爱着这座小镇，
也爱着住在这座小镇上的邻里乡亲。",translated,鲁雷,2250c7e88a,br=0 nl=1,2,
inc/event/res/12/me12_02.txt#313#12,"それってもうさ、
家族みたいなもんじゃないかい？","这样一来，
不就已经跟一家人差不多了吗？",translated,鲁雷,6841b40baa,br=0 nl=1,2,
inc/event/res/12/me12_02.txt#314#12,家族……。,家人……,translated,依恩,e41b8a0255,br=0 nl=0,1,
inc/event/res/12/me12_02.txt#315#12,"家族は大事にするもんだろう？
しんどい思いをしながら、
まだ出発出来てない奴がいる。","家里人自然是要好好珍惜的吧？
如今还有人正受着苦、
迟迟没法动身出发呢。",translated,鲁雷,4ac2fdb931,br=0 nl=2,3,
inc/event/res/12/me12_02.txt#316#12,"そんな人たちの面倒を家族が見るのは
当然じゃないか。あたしゃ、このとおり
ぴんぴんしてるわけだしね。","当家人的去照料那些人，不是天经地义的吗。
更何况我这身子骨，
如你所见还硬朗得很呢。",translated,鲁雷,454623a845,br=0 nl=2,3,
inc/event/res/12/me12_02.txt#317#12,"ここに残るってのは、
確かに危険なのかもしれない。","继续留在这里，
或许确实伴随着危险。",translated,鲁雷,86a747c7c7,br=0 nl=1,2,
inc/event/res/12/me12_02.txt#318#12,"でも、だからといって先に逃げちまうのは
あたしの柄じゃない。
あんただって、そう思うだろう？","但就算那样，自己先溜之大吉
也绝不是我的作风。
换作是你，也会这么想的吧？",translated,鲁雷,84e6fd9751,br=0 nl=2,3,
inc/event/res/12/me12_02.txt#319#12,ふふ……。,呵呵……,translated,依恩,54503a1a5d,br=0 nl=0,1,
inc/event/res/12/me12_02.txt#320#12,"たしかに、ルウレイさんらしいかも
しれないです。",确实，这很有鲁雷女士的风格呢。,translated,依恩,76d11e4ce7,br=0 nl=1,2,
inc/event/res/12/me12_02.txt#321#12,大体ね、あんただって同じなんだよ。,说起来，姑娘你不也一样嘛。,translated,鲁雷,aaab8a5a81,br=0 nl=0,1,
inc/event/res/12/me12_02.txt#322#12,え？　同じって……？,诶？一样是指……？,translated,依恩,69d969f051,br=0 nl=0,1,
inc/event/res/12/me12_02.txt#323#12,"なんでまた皇帝ともあろうお方が
こんな時期にこんなところに来てるんだい。","堂堂皇帝陛下，
为什么会在这种紧要关头跑到这种地方来啊。",translated,鲁雷,a52109e4f5,br=0 nl=1,2,
inc/event/res/12/me12_02.txt#324#12,"それは、今までお世話になったみんなに、
ちゃんと挨拶したいと思って……。","那是因为……我想向一直以来承蒙关照的
大家，好好道一声谢……",translated,依恩,7c31b16811,br=0 nl=1,2,
inc/event/res/12/me12_02.txt#325#12,"今、そうやってあんたが外に出てこられる
立場じゃないってのは分かってる。","我也明白，现在的你
并不是可以随便跑出来的立场。",translated,鲁雷,d62403e59d,br=0 nl=1,2,
inc/event/res/12/me12_02.txt#326#12,"たぶん、あたしでも分かるくらい危険なこと
なんだろ？","恐怕这事的凶险程度，
连我都看得出来吧？",translated,鲁雷,25a1d42ddc,br=0 nl=1,2,
inc/event/res/12/me12_02.txt#327#12,ええと……その……。,那个……这个嘛……,translated,依恩,2c065a753d,br=0 nl=0,1,
inc/event/res/12/me12_02.txt#328#12,"それと同じなんだよ。
あたしも大切な人のために、
自分がしたいことを最大限してる。","这不就跟我一样嘛。
我也是为了重要的人，
全力去做好自己想做的事罢了。",translated,鲁雷,f91115b36a,br=0 nl=2,3,
inc/event/res/12/me12_02.txt#329#12,"それには危険が伴うかもしれないけど、
そんなのは関係ないんだ。","虽然其中或许伴随着危险，
但那根本无所谓。",translated,鲁雷,0edb074c0c,br=0 nl=1,2,
inc/event/res/12/me12_02.txt#330#12,"大体、あんたが作りたかった世界ってのは、
そういう世界じゃなかったのかい？","说到底，你想要创造的世界，
不就是这样的世界吗？",translated,鲁雷,ab1f6d36fd,br=0 nl=1,2,
inc/event/res/12/me12_02.txt#331#12,そっか……そうなのかも、しれないです。,是啊……或许，确实是这样呢。,translated,依恩,22bf60d1a7,br=0 nl=0,1,
inc/event/res/12/me12_02.txt#332#12,"そうだろう？　あんたもあたしも、一緒さ。
何にも変わらないんだよ。","对吧？你跟我都是一样的。
没有任何分别。",translated,鲁雷,ccf557ae86,br=0 nl=1,2,
inc/event/res/12/me12_02.txt#333#12,ルウレイさん……。,鲁雷女士……,translated,依恩,201186b8da,br=0 nl=0,1,
inc/event/res/12/me12_02.txt#334#12,"……言葉にしたら申し訳なく思えてきたよ。
あたしみたいなのと皇帝様が同じなんて……。","……说出口之后反倒觉得有点过意不去了。
我这种人竟然敢说跟皇帝陛下一样……",translated,鲁雷,2685e1c1c6,br=0 nl=1,2,
inc/event/res/12/me12_02.txt#335#12,"あはは。わたし、ルウレイさんの前では
皇帝じゃなくってイオンですよ。","啊哈哈。在鲁雷女士面前，
我可不是皇帝，只是依恩呀。",translated,依恩,4f9c99de86,br=0 nl=1,2,
inc/event/res/12/me12_02.txt#336#12,"まったく、偉くなってもお人好しのまんまだね、
あんたは。","真是的，就算当了大官，
你这老好人脾气还是一点都没变啊。",translated,鲁雷,a11aedf1c2,br=0 nl=1,2,
inc/event/res/12/me12_02.txt#344#12,かーちゃん、ただいまー。,老妈，我回来啦――,translated,阿达,a296aabd3e,br=0 nl=0,1,
inc/event/res/12/me12_02.txt#345#12,おかえりなさい、ター坊。,欢迎回来，阿达。,translated,依恩,bcc1c54e98,br=0 nl=0,1,
inc/event/res/12/me12_02.txt#346#12,"イ、イオン！？
あ、あとネイさんも！","依、依恩！？
啊，还有妮伊！",translated,阿达,09816585e8,br=0 nl=1,2,
inc/event/res/12/me12_02.txt#347#12,"ちょっと、あたしをイオンのついでみたく
言わないでくれる？","喂喂，别把我当成依恩的附属品
顺带叫一声好不好？",translated,妮伊,eeaae95aac,br=0 nl=1,2,
inc/event/res/12/me12_02.txt#348#12,"いや、そんなつもりで言ったんじゃ……って、
どうしてイオンたちがここにいるんだよ！？","没，我不是那个意思……等等，
依恩你们怎么会在这里啊！？",translated,阿达,18d03e2699,br=0 nl=1,2,
inc/event/res/12/me12_02.txt#350#12,"ルウレイさんに会いに来たんだよ。
すごく、お世話になったから。","我来见鲁雷女士呀。
因为之前承蒙她多多关照了。",translated,依恩,1c68dc73ab,br=0 nl=1,2,
inc/event/res/12/me12_02.txt#351#12,"そっか。イオンらしいな。
なんつーか、ありがとな！","这样啊。真像依恩的作风呢。
怎么说呢，谢啦！",translated,阿达,eb15a7450c,br=0 nl=1,2,
inc/event/res/12/me12_02.txt#352#12,"しっかし、ター坊はあんまり驚かなかったね。
イオンがここにいても。","不过，阿达看到依恩在这里，
倒也没怎么大惊小怪呢。",translated,妮伊,89590aba81,br=0 nl=1,2,
inc/event/res/12/me12_02.txt#353#12,"へ？　なんで？
イオンがここにいちゃなんかまずいのかよ？","哎？为什么啊？
依恩待在这里有什么不妥吗？",translated,阿达,d7eb5f4c54,br=0 nl=1,2,
inc/event/res/12/me12_02.txt#354#12,……さすが、ルウレイさんの息子ね。,……真不愧是鲁雷女士的儿子呢。,translated,妮伊,9c00206aed,br=0 nl=0,1,
inc/event/res/12/me12_02.txt#355#12,……面目ないよ。,……真叫人无地自容。,translated,鲁雷,61432717a0,br=0 nl=0,1,
inc/event/res/12/me12_02.txt#356#12,ター坊、まだかー？,阿达，还没好吗――？,translated,男子Ｃ,e5b4fb9d0f,br=0 nl=0,1,
inc/event/res/12/me12_02.txt#368#12,ああ、そうだった。,啊，对哦。,translated,阿达,bb730df85d,br=0 nl=0,1,
inc/event/res/12/me12_02.txt#369#12,ター坊……この子たちは……？,阿达……这些孩子是……？,translated,依恩,51fc15f261,br=0 nl=0,1,
inc/event/res/12/me12_02.txt#370#12,"近所の知り合いだよ。
移住するのが大変な人達の手伝いをしようって、
みんなで話してたんだ。","附近的街坊邻居。
大家商量着，
想去帮帮那些迁移困难的人们呢。",translated,阿达,9e1cc6ffe1,br=0 nl=2,3,
inc/event/res/12/me12_02.txt#371#12,"それじゃあゴンスケはシェンばあちゃんの家を
手伝ってきてくれ。腰が悪いから慎重にな。","那么权助去申奶奶家帮忙吧。
她腰不好，一定要格外小心。",translated,阿达,353eb1c86f,br=0 nl=1,2,
inc/event/res/12/me12_02.txt#372#12,分かった！,知道了！,translated,男子Ｃ,7f1491ba12,br=0 nl=0,1,
inc/event/res/12/me12_02.txt#378#12,"メーニャは後でター坊と一緒にリューネさんちに
この野菜を持って行ってやんな。","梅尼亚待会儿和阿达一起把这些蔬菜
送到琉妮家去吧。",translated,鲁雷,610176e2e1,br=0 nl=1,2,
inc/event/res/12/me12_02.txt#379#12,"あそこんちは移住がもう少し先だから
食べ物とかもうちょっといるかも。","那户人家移居还得再等些时日，
可能还需要更多的食物呢。",translated,阿达,16289d540e,br=0 nl=1,2,
inc/event/res/12/me12_02.txt#380#12,"それじゃあわたし、何日か分の食べ物まとめて
くる！","那我这就去把这几天的食物
打包准备好！",translated,女子Ａ,68d373c728,br=0 nl=1,2,
inc/event/res/12/me12_02.txt#381#12,よっし、行こうぜ！,好嘞，我们走！,translated,阿达,0f008d9a99,br=0 nl=0,1,
inc/event/res/12/me12_02.txt#385#12,"イオン！
またあっちでも会うと思うけど、よろしくな！","依恩！
我想到了那边我们还会见面的，到时候多关照啦！",translated,阿达,2f8c313831,br=0 nl=1,2,
inc/event/res/12/me12_02.txt#386#12,うん！,嗯！,translated,依恩,9b20da62d2,br=0 nl=0,1,
inc/event/res/12/me12_02.txt#390#12,"ふふ。
ター坊、相変わらず元気でやってるみたい。","呵呵。
阿达还是老样子，活力十足呢。",translated,依恩,1f1136c9b5,br=0 nl=1,2,
inc/event/res/12/me12_02.txt#398#12,ルウレイさん、俺は何しようか。,鲁雷大姐，我该做点什么？,translated,男子Ａ,44eb351341,br=0 nl=0,1,
inc/event/res/12/me12_02.txt#399#12,"ロイルさんは雑貨屋のばあさまのとこと
銭湯を回ってきてくれないかい？","洛伊尔能去杂货店的老奶奶那里
和钱汤转一圈吗？",translated,鲁雷,e9c8a5b0b5,br=0 nl=1,2,
inc/event/res/12/me12_02.txt#400#12,"ここいらで人が集まるのは
もうあそこぐらいだからね。","这一带能聚齐人的，
也就只剩那地方了。",translated,鲁雷,48247221d8,br=0 nl=1,2,
inc/event/res/12/me12_02.txt#401#12,"みんなきちんとチケット交換が終わっているか
っていうのと、移動の手伝いが必要か聞いて
きておくれ。","去问问大家的船票兑换顺不顺利，
还有需不需要有人帮忙搬迁。",translated,鲁雷,bc8a8612bb,br=0 nl=2,3,
inc/event/res/12/me12_02.txt#402#12,"あの婆さん怖いから苦手なんだけどね……。
ま、わかったよ。","那个老太太挺凶的，我不太应付得来啊……
算了，我知道啦。",translated,男子Ａ,3a2548e1fd,br=0 nl=1,2,
inc/event/res/12/me12_02.txt#406#12,"さっきの地震で崩落してるところとか
あるかもしれないから気をつけるんだよー！","刚才的地震可能会引发塌方，
路上千万要当心啊――！",translated,鲁雷,1ca9b61600,br=0 nl=1,2,
inc/event/res/12/me12_02.txt#407#12,"って、行っちまったよ。
ちゃんと聞いてたのかね。","这就跑了啊。
到底有没有好好听人说话啊。",translated,鲁雷,c08a379fd8,br=0 nl=1,2,
inc/event/res/12/me12_02.txt#408#12,さて、あたしももうひと仕事しないとね！,好啦，我也得接着干活了！,translated,鲁雷,d92f3899b9,br=0 nl=0,1,
inc/event/res/12/me12_02.txt#412#12,あのっ、ルウレイさん！,那个，鲁雷女士！,translated,依恩,af58087305,br=0 nl=0,1,
inc/event/res/12/me12_02.txt#413#12,どうしたんだい？,怎么啦？,translated,鲁雷,e48cd876dd,br=0 nl=0,1,
inc/event/res/12/me12_02.txt#414#12,わたしにも手伝わせてください！,请让我也来帮忙吧！,translated,依恩,2bfe605301,br=0 nl=0,1,
inc/event/res/12/me12_02.txt#415#12,"ばか言ってんじゃないよ。
皇帝様にそんなことさせられるかい。","净胡说八道。
哪能让皇帝陛下干这种杂活。",translated,鲁雷,bbd5760bc9,br=0 nl=1,2,
inc/event/res/12/me12_02.txt#416#12,でも……。,可是……,translated,依恩,2cfbc18c09,br=0 nl=0,1,
inc/event/res/12/me12_02.txt#417#12,"……ありがとうね。イオンが皇帝になっても
優しい子のままでいてくれて嬉しいよ。","……谢谢你啦。依恩就算当了皇帝，
也还是这么温柔的孩子，我打心底高兴。",translated,鲁雷,3e321c7cdc,br=0 nl=1,2,
inc/event/res/12/me12_02.txt#418#12,"だけどね、人にはそれぞれやるべきことが
あるんだよ。",不过啊，每个人都有各自该做的事。,translated,鲁雷,e3985fe987,br=0 nl=1,2,
inc/event/res/12/me12_02.txt#419#12,やるべきこと？,该做的事？,translated,依恩,cc77380d7b,br=0 nl=0,1,
inc/event/res/12/me12_02.txt#420#12,"今あたしらがやってることは、
誰にでもできる。でもね、イオン。","我们现在做的事情，
谁都能做。但是啊，依恩。",translated,鲁雷,c617087f7c,br=0 nl=1,2,
inc/event/res/12/me12_02.txt#421#12,"あんたが今からやろうとしてることは、
あんたにしか出来ないだろう？","你接下来要去做的事情，
除了你之外根本没人做得到吧？",translated,鲁雷,93165240ff,br=0 nl=1,2,
inc/event/res/12/me12_02.txt#422#12,"どえらい詩のこともそうだし、
今やってる挨拶回りだってそうさ。","那首惊天动地的诗歌是如此，
现在的挨家道别也是如此。",translated,鲁雷,c8f0eef37e,br=0 nl=1,2,
inc/event/res/12/me12_02.txt#423#12,"だから、あんたは自分がやらなくちゃ
いけないことと、必要なことをやりな。","所以，去把你非做不可的、
必须去完成的事做好吧。",translated,鲁雷,f8dcd4e91d,br=0 nl=1,2,
inc/event/res/12/me12_02.txt#424#12,ルウレイさん……。,鲁雷女士……,translated,依恩,201186b8da,br=0 nl=0,1,
inc/event/res/12/me12_02.txt#425#12,"そうですよね。
わたしにはわたしにしか出来ない、
大事なことがある。それを頑張らなくちゃ！","说得对呢。
有着唯独我才能做到的重要使命，
我必须好好全力以赴！",translated,依恩,0b972ae86e,br=0 nl=2,3,
inc/event/res/12/me12_02.txt#426#12,"そうだよ。こっちのことは心配いらないから。
さっさとやってきな。","这就对了。这边不用担心，
快去干你该干的吧。",translated,鲁雷,5b96bc09ca,br=0 nl=1,2,
inc/event/res/12/me12_02.txt#427#12,"それじゃ、気をつけるんだよ。
くれぐれも無茶すんじゃないよ！","那么，路上当心点。
千千万万别逞强乱来啊！",translated,鲁雷,251f539390,br=0 nl=1,2,
inc/event/res/12/me12_02.txt#436#12,ルウレイさん。ター坊、みんな……。,鲁雷女士。阿达，还有大家……,translated,依恩,a9208de400,br=0 nl=0,1,
inc/event/res/12/me12_02.txt#440#12,"ん？
どしたの、イオン？","嗯？
怎么啦，依恩？",translated,妮伊,e8c7eaec91,br=0 nl=1,2,
inc/event/res/12/me12_02.txt#441#12,"って、なに！？
泣いてんの！？","等等，怎么回事！？
你哭了吗！？",translated,妮伊,a5e3d9efab,br=0 nl=1,2,
inc/event/res/12/me12_02.txt#442#12,うん……なんだか嬉しくなっちゃって。,嗯……总觉得心里好温暖。,translated,依恩,6b69c55185,br=0 nl=0,1,
inc/event/res/12/me12_02.txt#443#12,ああ、やっぱりルウレイさんだなぁって。,想着，果然还是我熟悉的鲁雷女士啊。,translated,依恩,e8e1364962,br=0 nl=0,1,
inc/event/res/12/me12_02.txt#444#12,"あの優しさにわたしは救われて、
それで今のわたしがあるんだなって。","正是那份温柔拯救了我，
才有了如今的我。",translated,依恩,9e8bcf2311,br=0 nl=1,2,
inc/event/res/12/me12_02.txt#446#12,"面倒見が良くて、みんなのことや街のことが
大好きで、いけないことをした時はきちんと
叱ってくれて……。","热心照料他人，深爱着大家与小镇，
做错事时也会严厉地训斥我们……",translated,依恩,a3ff79dd75,br=0 nl=2,3,
inc/event/res/12/me12_02.txt#447#12,"ター坊だけじゃなくて、
みんなのお母さんみたいな人。","不仅是阿达，
就宛如大家共同的母亲一样。",translated,依恩,4d2c2c17b4,br=0 nl=1,2,
inc/event/res/12/me12_02.txt#448#12,"わたしを助けてくれたときと、
まったく変わってないや。","和当初救下我时，
真是一点都没有变呢。",translated,依恩,2d91c69788,br=0 nl=1,2,
inc/event/res/12/me12_02.txt#449#12,ター坊に連れられて行った時のこと？,是指被阿达带过去那时候的事？,translated,妮伊,54b25b62fa,br=0 nl=0,1,
inc/event/res/12/me12_02.txt#450#12,"うん。びくびくしながらルウレイさんに会ったら、
ご飯食べていくんだろって言ってくれて。","嗯。战战兢兢地去见鲁雷女士时，
她问我是不是来蹭饭的。",translated,依恩,c8f4a36ac5,br=0 nl=1,2,
inc/event/res/12/me12_02.txt#451#12,"あのときわたしにご馳走してくれた
ルウレイさんと、全然変わってない。","和那时热情款待我的鲁雷女士，
完全一模一样。",translated,依恩,21347536aa,br=0 nl=1,2,
inc/event/res/12/me12_02.txt#452#12,"ふぅん……。
ルウレイさんにとっては日常ってわけなのね。","哼嗯……
对鲁雷女士来说只是家常便饭吧。",translated,妮伊,6e6a9e5f2f,br=0 nl=1,2,
inc/event/res/12/me12_02.txt#453#12,"うん、多分。
わたしに対しても、他のみんなに対しても、
同じ感覚なんだと思う。","嗯，大概吧。
我想无论是对我还是对其余大家，
她都一视同仁。",translated,依恩,b107c43075,br=0 nl=2,3,
inc/event/res/12/me12_02.txt#454#12,でも、わたしにとっては凄く特別なことだったの。,但对我来说，却是弥足珍贵的救赎。,translated,依恩,4ceb1028cb,br=0 nl=0,1,
inc/event/res/12/me12_02.txt#455#12,"ルウレイさんとター坊の優しさがなかったら、
わたし、きっとうずくまったままだった。","如果没有鲁雷女士和阿达的温柔，
我一定还蜷缩在角落止步不前吧。",translated,依恩,44dc3964d4,br=0 nl=1,2,
inc/event/res/12/me12_02.txt#456#12,……最初にいい人達に会えたんだね。,……你在一开始遇到了很好的人呢。,translated,妮伊,a0947e1a7a,br=0 nl=0,1,
inc/event/res/12/me12_02.txt#457#12,……うん。,……嗯。,translated,依恩,21d363aba4,br=0 nl=0,1,
inc/event/res/12/me12_02.txt#458#12,"新しい星でも、こんな素敵な人達が集まる、
素敵な街が出来たらいいなって思う。","如果在新星球上，也能建立起汇聚了
如此美好的人们的温馨小镇就好了。",translated,依恩,9ec7a5fbb5,br=0 nl=1,2,
inc/event/res/12/me12_02.txt#459#12,"ううん。
きっと生まれる。","不。
一定会诞生的。",translated,依恩,a6876dcd2a,br=0 nl=1,2,
inc/event/res/12/me12_02.txt#460#12,"みんな、どこに行ったって
優しさはなくならない。","无论大家身处何方，
心中的温柔都不会褪色。",translated,依恩,0f3b68e815,br=0 nl=1,2,
inc/event/res/12/me12_02.txt#461#12,"わたしも、優しいみんなを想いながら
詩を紡ぐから。","我也会心怀这般温柔的大家，
去编织诗歌。",translated,依恩,22ee5e614b,br=0 nl=1,2,
inc/event/res/12/me12_02.txt#462#12,そのためにも、詩を成功させないとだね。,正因如此，才更要让诗歌成功呢。,translated,妮伊,ce1c55b4cf,br=0 nl=0,1,
inc/event/res/12/me12_02.txt#463#12,"うん！
新しい星にもこんな素敵な想いが満ちるように！","嗯！
愿这般美好的心愿也能充盈全新的星球！",translated,依恩,4b7f9076da,br=0 nl=1,2,
inc/event/res/12/me12_03.txt#38#12,{夢ノ珠}か。色々あったコロンよねぇ。,是{梦之珠}啊。真发生过不少事的克隆呢。,translated,妮伊,395c9817bd,br=1 nl=0,1,keep-terms {夢ノ珠}
inc/event/res/12/me12_03.txt#38#14,正式名称は『官営第４号居住揚陸　夢ノ珠』。<CR>コロンというものが世の中に登場し、まだ数も少なかった頃の古いコロンである。<CR>その中心で重力を生成し、構造を球体とすることに成功したため、建設当時は『リトルラシェーラ』と人々から驚きと賞賛をもって迎えられたが、断線と呼ばれる重力消失現象によって、死と隣り合わせのコロンとなってしまっていた。<CR>イオンとカノンがこのコロンを訪れた際に、その原因がシェルノトロンによって消費されるＴｚ波であることが分かり、カノンの詩魔法によって夢ノ珠中のシェルノトロンが破壊された。,正式名称为‘官营第４号居住扬陆　梦之珠’。<CR>是在克隆问世、数量尚少时的古老克隆。<CR>因其在中心生成重力并将结构成功做成球体，建设当时被称为‘小拉榭拉’，受到人们的惊叹与赞美，但由于被称为断线的重力消失现象，导致其成为了一座与死亡相伴的克隆。<CR>依恩与卡诺造访该克隆时，查明了其原因是由于榭鲁诺特伦消耗的Ｔｚ波，在卡诺的诗魔法下，梦之珠内的榭鲁诺特伦全数被破坏。,translated,妮伊,3460f8a521,<CR> <CR> <CR> br=0 nl=0,1,keep-tags <CR>; src-longest-line=260
inc/event/res/12/me12_03.txt#39#12,"地文の受け入れに、濡れ衣やら
カノンの{シェルノトロン}の破壊やら。","接纳地文，被扣莫须有的罪名，
还有破坏卡诺的{榭鲁诺特伦}什么的。",translated,妮伊,17dc1cfa37,br=1 nl=1,2,keep-terms {シェルノトロン}
inc/event/res/12/me12_03.txt#39#14,シェルノトロンとは人工的に作られたジェノムのことである。すなわち、人工的に創られた詩魔法生成機とも言える。シェルノトロンは、その心臓部である「シェルノサージュ管」と、実効果を生み出す「クレイドル」に<CR>よって構成されている。<CR><CR>シェルノサージュ管は殆どの場合、地球でいうところの「真空管」のような形をしており、中には鈍く光るフィラメントのような極板が存在する。そこに宿っている光は、歪力から抽出されたエネルギーTz波である。,榭鲁诺特伦是指人工制造的杰诺姆。换言之，亦可称作人工制造的诗魔法生成机。榭鲁诺特伦由其核心部分的“Ciel nosurge管”以及产生实际效能的“支架”<CR>所构成。<CR><CR>Ciel nosurge管在绝大多数情况下形似地球上所说的“真空管”，内部存在微微发光的宛如灯丝般的极板。栖宿于其中的光芒，正是从应变力中提取的能量Tz波。,translated,妮伊,ba30a6f58e,<CR> <CR> <CR> br=0 nl=0,1,keep-tags <CR>; src-longest-line=220
inc/event/res/12/me12_03.txt#40#12,"うん。
ここも、すごく思い出深いなぁ。","嗯。
这里也真是让人感慨万千呢。",translated,依恩,05e75677d4,br=0 nl=1,2,
inc/event/res/12/me12_03.txt#41#12,けっこう酷い目にあったりしてたもんね。,当初确实遭了不少罪呢。,translated,妮伊,90acfd79b4,br=0 nl=0,1,
inc/event/res/12/me12_03.txt#42#12,"そうなんだけど、あれはわたし自身の
未熟さが原因だったりもしたから……。","虽然是那样，但那也是因为我自身
太过不成熟所导致的……",translated,依恩,a61b623654,br=0 nl=1,2,
inc/event/res/12/me12_03.txt#43#12,"だから、この街の人たちのせいじゃないと
思うの。","所以，我觉得这并不是
这座城镇上大家的过错。",translated,依恩,4818347176,br=0 nl=1,2,
inc/event/res/12/me12_03.txt#44#12,イオンったらお人好しねぇ。,依恩你还真是个老好人呢。,translated,妮伊,ccc11632a4,br=0 nl=0,1,
inc/event/res/12/me12_03.txt#45#12,"それに、ああいうことがあったから、
今この街の人達は仲良くなってる。","而且，正因为经历了那些事，
现在这座城镇上的大家关系才变得融洽了呀。",translated,依恩,293f3e4c8f,br=0 nl=1,2,
inc/event/res/12/me12_03.txt#46#12,"天文派と地文派の人達が和解して、
交流も盛んになった。","天文派和地文派的人们达成了和解，
彼此之间的交流也变得更加频繁了。",translated,依恩,74f511fd57,br=0 nl=1,2,
inc/event/res/12/me12_03.txt#47#12,それって、とってもすごいことだと思う。,我觉得，这是一件非常了不起的事。,translated,依恩,76012c7846,br=0 nl=0,1,
inc/event/res/12/me12_03.txt#48#12,"確かに、この街ほど二つの派閥が
うまくいってるところも珍しいかも。","确实，像这座城镇这样两个派系
相处得这么融洽的地方，可能也算罕见了。",translated,妮伊,d89d35e119,br=0 nl=1,2,
inc/event/res/12/me12_03.txt#49#12,ね、結果的に良かったのかなって。,对吧，所以结果应该算是好的吧。,translated,依恩,ef0d57a52a,br=0 nl=0,1,
inc/event/res/12/me12_03.txt#50#12,"それに、ここはネイちゃんと初めて会った
街だから。余計に思い出深いところだよ。","而且，这里是我和妮伊初次相遇的城镇。
对我而言就更加有着深刻的意义了。",translated,依恩,34bc7dc9c9,br=0 nl=1,2,
inc/event/res/12/me12_03.txt#57#12,"そっか。イオンの前に出てったのって、
この街だったっけ。","这样啊。我第一次出现在依恩面前，
原来是在这座城镇来着呢。",translated,妮伊,20edf9c53e,br=0 nl=1,2,
inc/event/res/12/me12_03.txt#58#12,"いきなりホテルの部屋に来るんだもん。
ビックリしたよ！","突然就跑到我的旅馆房间里来，
当时可真把我吓了一大跳呢！",translated,依恩,c7bcafb1b2,br=0 nl=1,2,
inc/event/res/12/me12_03.txt#59#12,"だってさ、もうあのタイミングで
会うしかないって思ったんだもの。","那是因为我觉得，
就只有那个时机才能去见你了嘛。",translated,妮伊,a8e24f0e60,br=0 nl=1,2,
inc/event/res/12/me12_03.txt#60#12,どうして？,为什么呀？,translated,依恩,005edb699e,br=0 nl=0,1,
inc/event/res/12/me12_03.txt#61#12,"あんたは自覚が薄かったけど、
{万寿沙羅}でビッグフラワーを紡いだでしょ？　
あれってとんでもないことだったのよ。","你可能自己没什么自觉，
但在{万寿沙罗}编织了巨大花朵对吧？
那可是极其不得了的大事呢。",translated,妮伊,cd43d50eeb,br=1 nl=2,3,keep-terms {万寿沙羅}
inc/event/res/12/me12_03.txt#61#14,正式には万寿区万寿沙羅。昔、帝都が地上に存在していたとき、政治的な中心だった地区で、今でもその名残である旧帝国関連施設が史跡として多数点在している。<CR>グランフェニックス計画による市民の移住活動が開始されるまでは、地上の旧市街における、経済、政治の中心地として栄えていた。<CR><CR>中でも万寿沙羅一番街は、地上に住む人々にとって一番の商店街で、この地区に無い物はどこにもないと言われているほど。万寿沙羅駅とその駅ビルは、日夜沢山の人でごった返していた。,正式名称为万寿区万寿沙罗。在过去帝都位于地面的时代，这里曾是政治中心区域，如今作为其遗迹的旧帝国相关设施依然多数散布于此。<CR>在大凤凰计划开启市民移居行动之前，这里作为地面旧市区的经济与政治中心曾盛极一时。<CR><CR>其中万寿沙罗一番街是生活在地面的人们最繁华的商业街，甚至有着“这片区域没有的东西在任何地方都找不到”的美誉。万寿沙罗车站及其车站大厦，过去日夜都挤满了熙熙攘攘的人潮。,translated,妮伊,ce9c355cf6,<CR> <CR> <CR> br=0 nl=0,1,keep-tags <CR>; src-longest-line=231
inc/event/res/12/me12_03.txt#68#12,"だから絶対、あんたに接触してくるやつは
いっぱいいると思った。","所以我敢肯定，
绝对会有很多人想要接触你。",translated,妮伊,3fa0307e74,br=0 nl=1,2,
inc/event/res/12/me12_03.txt#69#12,"色んな人に会って警戒心やら護衛やらが
付いて面倒なことになる前に、
会っておかなきゃって。","在被各路人马盯上、产生戒心、
甚至招来护卫搞得麻烦重重之前，
我必须先跟你见上一面才行。",translated,妮伊,eff6e260de,br=0 nl=2,3,
inc/event/res/12/me12_03.txt#70#12,そう思ったらもうなりふり構わず、勢いで。,"一这么想，我也就顾不上形象，
顺势冲进去了。",translated,妮伊,d2b449ff54,br=0 nl=0,1,
inc/event/res/12/me12_03.txt#71#12,そうだったんだ。,原来是这样啊。,translated,依恩,ff176757fd,br=0 nl=0,1,
inc/event/res/12/me12_03.txt#84#12,"実際、あのあとくらいから天文と地文っていう
勢力のことを考えるようになったでしょ？","实际上，自那之后你也开始
不得不考虑天文和地文这两方势力了吧？",translated,妮伊,46a7197769,br=0 nl=1,2,
inc/event/res/12/me12_03.txt#85#12,確かに、そうかも。,确实，可能真的是这样。,translated,依恩,206d894993,br=0 nl=0,1,
inc/event/res/12/me12_03.txt#86#12,"そうなったらやっぱり、イオンの傍にいるって
いうのは難しくなってたんじゃないかな。","要是到了那种地步，我想再待在依恩身边，
恐怕就会变得很困难了吧。",translated,妮伊,a1d1f8850a,br=0 nl=1,2,
inc/event/res/12/me12_03.txt#87#12,"すごい。
ネイちゃん、まるで未来が読めてたみたい。","好厉害。
妮伊简直就像能预知未来一样呢。",translated,依恩,9de8c9848f,br=0 nl=1,2,
inc/event/res/12/me12_03.txt#88#12,"このくらいは普通なの。
あんたがあんまりにも考えなさすぎなだけよ。","这种程度只是普通操作啦。
纯粹是你自己太不过脑子了而已。",translated,妮伊,ef45fdc24a,br=0 nl=1,2,
inc/event/res/12/me12_03.txt#89#12,"そうなのかな。自分では一生懸命考えて
行動してたつもりなんだけど……。","是那样吗。我自己明明是
有在拼命思考后再行动的呀……",translated,依恩,ddd5ad54ef,br=0 nl=1,2,
inc/event/res/12/me12_03.txt#98#12,"ちゃんと考えてたらワイヤーシップの途中駅で
乗り遅れたりしないと思うけど。","要是真好好思考过，我想某人
就不会在飞缆船的中途车站错过登船了吧。",translated,妮伊,a92894e355,br=0 nl=1,2,
inc/event/res/12/me12_03.txt#99#12,"ええ！？
ど、どうしてそのこと知ってるの！？","诶诶！？
你、你怎么连那件事都知道啊！？",translated,依恩,4c2f44a68c,br=0 nl=1,2,
inc/event/res/12/me12_03.txt#100#12,夢ノ珠に来る前のことなのに！,那明明是来梦之珠之前发生的事啊！,translated,依恩,e44783e77e,br=0 nl=0,1,
inc/event/res/12/me12_03.txt#101#12,"あれ？　ワイヤーシップのこともだけど、
どうしてネイちゃんはわたしのことが
分かったの？","哎？飞缆船的事先不论，
妮伊你一开始到底是怎么认出我的呀？",translated,依恩,2573a529f4,br=0 nl=2,3,
inc/event/res/12/me12_03.txt#102#12,"わたしのことをわたしだって知ってないと、
わざわざホテルの部屋まで来られないよね？","要是不知道我就是我，
就根本不可能特地跑到旅馆房间来找我吧？",translated,依恩,144b13ef71,br=0 nl=1,2,
inc/event/res/12/me12_03.txt#103#12,"実は、万寿沙羅でビッグフラワーを紡いだ後
くらいから、イオンのことはずっとつけてたのよ。","其实，从你在万寿沙罗编织出巨大花朵之后，
我就一直在暗中跟踪你了啦。",translated,妮伊,ef5025a4a0,br=0 nl=1,2,
inc/event/res/12/me12_03.txt#104#12,"そうだったの！？
全然気付かなかったよ！","是这样吗！？
我完全没有察觉到耶！",translated,依恩,c6afc8f831,br=0 nl=1,2,
inc/event/res/12/me12_03.txt#105#12,"気付かれてたら後をつけてる意味ない
でしょ……。","要是被你发现了，
那跟踪还有什么意义啊……",translated,妮伊,644c687ac0,br=0 nl=1,2,
inc/event/res/12/me12_03.txt#106#12,あっ、そっかあ。,啊，也对哦。,translated,依恩,ebc6ddf61f,br=0 nl=0,1,
inc/event/res/12/me12_03.txt#107#12,"万寿沙羅ではもう英雄扱いだったからね。
ちょっと話し掛けづらいところもあったから。","你在万寿沙罗那时候已经被当成英雄了嘛，
也稍微有点让人不好搭话。",translated,妮伊,1dd6cc8983,br=0 nl=1,2,
inc/event/res/12/me12_03.txt#108#12,"だから、イオンが次の場所に着いたら声を
掛けようと思ってたんだけど、
まさか乗り遅れるとはねえ……。","所以我本来打算等依恩到了下一个地点再打招呼，
没想到你居然会错过乘船啊……",translated,妮伊,1b80a32816,br=0 nl=2,3,
inc/event/res/12/me12_03.txt#109#12,"見た目通りというか、本当にぽやぽやーっと
した子なんだと思ったわよ。","真不知该说是名副其实呢，
还是觉得你真的是个迷迷糊糊的孩子呢。",translated,妮伊,d25af722d9,br=0 nl=1,2,
inc/event/res/12/me12_03.txt#110#12,"ネ、ネイちゃん……
その話はもういいよう……。","妮、妮伊……
求你别再提那件事啦……",translated,依恩,353b985c7f,br=0 nl=1,2,
inc/event/res/12/me12_03.txt#111#12,ま、それも含めて良い想い出ってね。,嘛，把那些也包含在内，才算美好回忆嘛。,translated,妮伊,2285d81b89,br=0 nl=0,1,
inc/event/res/12/me12_03.txt#112#12,"全然良くない。
恥ずかしい想い出だよ……。","一点都不好。
全都是让人想找地缝钻进去的羞耻回忆啦……",translated,依恩,c7081f2c1d,br=0 nl=1,2,
inc/event/res/12/me12_03.txt#129#12,ラシェーラ様！,拉榭拉陛下！,translated,帕里,32cc515f45,br=0 nl=0,1,
inc/event/res/12/me12_03.txt#130#12,パリーさん？,帕里女士？,translated,依恩,4f473748b6,br=0 nl=0,1,
inc/event/res/12/me12_03.txt#131#12,"ああ、失礼致しました。
皇帝陛下！","啊，十分失礼。
皇帝陛下！",translated,帕里,2996ff44be,br=0 nl=1,2,
inc/event/res/12/me12_03.txt#132#12,"いらっしゃるなら先にご連絡いただければ、
お迎えにあがりましたのに！","您若要莅临，只要提前联系我们一声，
我们本该前去恭迎您的！",translated,帕里,10de732310,br=0 nl=1,2,
inc/event/res/12/me12_03.txt#133#12,"部下から皇帝陛下らしき人物を見掛けたと
つい先程連絡が入りまして。
まさかとは思ったのですが……。","方才部下向我报告说见到了疑似皇帝陛下的人，
我虽觉得不可思议……",translated,帕里,6f4f34d56b,br=0 nl=2,3,
inc/event/res/12/me12_03.txt#134#12,"すみません。
実はこれ、公の訪問じゃないんです。","不好意思。
其实这并不是官方的正式访问。",translated,依恩,83228cb299,br=0 nl=1,2,
inc/event/res/12/me12_03.txt#135#12,だからそんなにかしこまらずに……。,所以还请不必如此拘谨客气……,translated,依恩,9e58598a72,br=0 nl=0,1,
inc/event/res/12/me12_03.txt#136#12,そうでしたか。,原来是这样啊。,translated,帕里,672d2c346d,br=0 nl=0,1,
inc/event/res/12/me12_03.txt#137#12,"いえ、ですがまずはこれだけは
お伝えさせてください。","不，但无论如何，请容我
先向您传达这句话。",translated,帕里,e8a3396666,br=0 nl=1,2,
inc/event/res/12/me12_03.txt#138#12,"ラシェーラ様。
皇帝陛下ご即位、おめでとうございます。","拉榭拉陛下。
衷心祝贺您登基即位皇帝陛下。",translated,帕里,dc60183e81,br=0 nl=1,2,
inc/event/res/12/me12_03.txt#139#12,ありがとうございます。,非常感谢你。,translated,依恩,29162a7b71,br=0 nl=0,1,
inc/event/res/12/me12_03.txt#140#12,やっぱり！　私が思った通りの方でした！,果然！您正如我所料的那样出色！,translated,帕里,2982311d8f,br=0 nl=0,1,
inc/event/res/12/me12_03.txt#141#12,"ラシェーラ様であれば、立派な皇帝陛下に
なられると最初から思っていたんです！","我打从一开始就深信，如果是拉榭拉陛下，
定能成为一位受人爱戴的英明皇帝！",translated,帕里,04f9596141,br=0 nl=1,2,
inc/event/res/12/me12_03.txt#145#12,調子の良いことだ。,真是见风使舵。,translated,库琳,75cdd59de1,br=0 nl=0,1,
inc/event/res/12/me12_03.txt#146#12,"ラシェーラ様、パリーの言うことは
鵜呑みになさらぬよう。","拉榭拉陛下，请莫要将帕里的话
全盘当真。",translated,库琳,1dd50adb52,br=0 nl=1,2,
inc/event/res/12/me12_03.txt#147#12,"クーリン！
人聞きの悪いこと言わないでちょうだい。
どこが調子の良いことだっていうの！？","库琳！
别说得这么难听好不好。
我哪里见风使舵了！？",translated,帕里,7f3df5ae38,br=0 nl=2,3,
inc/event/res/12/me12_03.txt#148#12,"お前は早々にラシェーラ様に見切りを
つけてただろう。","你当初不是老早就对拉榭拉陛下
失望透顶了吗。",translated,库琳,d03318a1fa,br=0 nl=1,2,
inc/event/res/12/me12_03.txt#149#12,"カノイール様がシェルノトロンを
破壊された時も、なぜ警備の者を止めたと
言い寄っていたではないか。","卡诺伊尔大人破坏榭鲁诺特伦的时候，
你不也气势汹汹地逼问
为什么要去阻止警卫吗。",translated,库琳,18b2db9cab,br=0 nl=2,3,
inc/event/res/12/me12_03.txt#150#12,あの時はそう思うのが普通でしょ！,那种时候换作是谁都会那么想的吧！,translated,帕里,545d7e2b88,br=0 nl=0,1,
inc/event/res/12/me12_03.txt#151#12,"そんな過ぎたことをいちいちほじくり
返さないでよ。",别老把陈年旧账一桩桩翻出来唠叨啊。,translated,帕里,c16fc17271,br=0 nl=1,2,
inc/event/res/12/me12_03.txt#152#12,"私はちゃーんと、その後にラシェーラ様の
崇高な考えに感銘を受けたのよ！","在那之后，我可是真真正正
被拉榭拉陛下崇高的胸怀深深打动了啊！",translated,帕里,cf76595b32,br=0 nl=1,2,
inc/event/res/12/me12_03.txt#153#12,"だから調子が良いと言うんだ。俺は敵対して
いる時も骨のある方だと見込んでいたぞ。","所以才说你会讨巧。我在敌对之时
就认定陛下是位极有骨气的人了。",translated,库琳,95da32ebea,br=0 nl=1,2,
inc/event/res/12/me12_03.txt#154#12,"なにせ単身でカノイール様との会見に
臨まれる気概の持ち主であったからな。","毕竟陛下可是有着孤身一人前去会见
卡诺伊尔大人的非凡气概啊。",translated,库琳,2b98da0d82,br=0 nl=1,2,
inc/event/res/12/me12_03.txt#155#12,"呼吸するように嘘つくんじゃないわよ。一人で
来るようにってそっちの指示だったじゃない！","你少在那脸不红心不跳地扯谎了。要求独自前往，
不明明是你们地文下的指示吗！",translated,帕里,6194bfe389,br=0 nl=1,2,
inc/event/res/12/me12_03.txt#156#12,ねえ、ラシェーラ様！？,您说是吧，拉榭拉陛下！？,translated,帕里,574d140f26,br=0 nl=0,1,
inc/event/res/12/me12_03.txt#157#12,"騙されないでください。
どうせコロコロ主張を変えるやつですから。","请莫被她蒙蔽。反正这家伙
是个朝三暮四的主张善变之徒。",translated,库琳,e7f7b2bcc8,br=0 nl=1,2,
inc/event/res/12/me12_03.txt#158#12,"あ、あはは……。
あの時はどうだったかな……。","啊、啊哈哈……
那时候到底是怎么回事来着呢……",translated,依恩,2c1f2a56b3,br=0 nl=1,2,
inc/event/res/12/me12_03.txt#159#12,"相変わらずあんたら、
会えばケンカばかりしてるのね……。","你们两个还是老样子，
一碰面就吵个不停呢……",translated,妮伊,adea8b92f1,br=0 nl=1,2,
inc/event/res/12/me12_03.txt#160#12,よくもまあ飽きないもんだわ。,真亏你们吵了这么久也不嫌腻味。,translated,妮伊,ec0221704c,br=0 nl=0,1,
inc/event/res/12/me12_03.txt#161#12,"あら。
別に四六時中ケンカしてるわけじゃないわよ？","哎呀。
我们也不是一天到晚都在吵架好不好？",translated,帕里,254f9de33a,br=0 nl=1,2,
inc/event/res/12/me12_03.txt#162#12,"朝から晩まで顔を合わせているのに、
ずっとケンカをしていては身が持たんからな。","从早到晚都要抬头不见低头见，
要是整天吵架，身体可吃不消啊。",translated,库琳,0f2ac280b9,br=0 nl=1,2,
inc/event/res/12/me12_03.txt#163#12,"朝から晩までって……あんたたち曲がりなりにも
それぞれの区長でしょ？
そんなにずっと会ってて大丈夫なの？","从早到晚……你们好歹也是各自的区长吧？
天天这么一直待在一起真的没问题吗？",translated,妮伊,2b46465bd1,br=0 nl=2,3,
inc/event/res/12/me12_03.txt#164#12,"問題ありません。
妻が夫と一緒にいるのは普通ですから。","没有任何问题。
妻子和丈夫待在一起不是天经地义的吗。",translated,帕里,6d14da4957,br=0 nl=1,2,
inc/event/res/12/me12_03.txt#165#12,え……？,诶……？,translated,妮伊,7c87e3e5ee,br=0 nl=0,1,
inc/event/res/12/me12_03.txt#166#12,まあその、なんだ。,咳，那个，怎么说呢。,translated,库琳,097de3e6fd,br=0 nl=0,1,
inc/event/res/12/me12_03.txt#167#12,実は我々、結婚することになりまして……。,其实我们两人，决定喜结连理了……,translated,库琳,c2a8255186,br=0 nl=0,1,
inc/event/res/12/me12_03.txt#168#12,えええええ！？　マジ！？,诶诶诶诶诶！？真的假的！？,translated,妮伊,ce7a8f666e,br=0 nl=0,1,
inc/event/res/12/me12_03.txt#169#12,"わぁ！！　おめでとうございます！
パリーさん、クーリンさん！","哇啊！！恭喜你们！
帕里女士、库琳先生！",translated,依恩,e6eb86c2bb,br=0 nl=1,2,
inc/event/res/12/me12_03.txt#170#12,"ありがとうございます。
まさか皇帝陛下から直々に祝辞をいただけるとは
思ってもおりませんでした。","非常感谢您。
万万没想到能亲自承蒙皇帝陛下的祝福，
实在是不胜荣幸。",translated,帕里,f2e0595dfc,br=0 nl=2,3,
inc/event/res/12/me12_03.txt#171#12,"ううん……あなたたち二人がねぇ……。
世の中ってホント不思議だわ。","唔嗯……居然是你们两个啊……
这世道可真是奇妙啊。",translated,妮伊,32cb08dc6e,br=0 nl=1,2,
inc/event/res/12/me12_03.txt#172#12,"いくらなんでも天文と地文の人間がくっつく
なんて……あんたらが初めてなんじゃないの？","不管怎么说，天文和地文的人喜结连理……
你们两个搞不好还是开天辟地第一遭呢？",translated,妮伊,ee71079235,br=0 nl=1,2,
inc/event/res/12/me12_03.txt#173#12,"そうかもしれません。
でも、気付いてしまったんです。","或许确实如此。
但是，我察觉到了。",translated,帕里,efe68fbeb7,br=0 nl=1,2,
inc/event/res/12/me12_03.txt#174#12,"私は今まで肩書きなどという曇ったガラス越しに
見ていたせいで、この人の素晴らしいとこを
見逃していたのだと！","过去我一直隔着头衔这层磨砂玻璃看人，
以至于完全错过了这个人身上的闪光之处！",translated,帕里,dc9954142e,br=0 nl=2,3,
inc/event/res/12/me12_03.txt#175#12,"俺もです。天文の区長として以前に、
パリーは一人の女性でした。","我也深有同感。在作为天文区长之前，
帕里首先是一位值得倾慕的女性。",translated,库琳,f0d78567c7,br=0 nl=1,2,
inc/event/res/12/me12_03.txt#176#12,"立場の違いなどで手放して良い女性ではないと
思ったのです！","我深感绝不能因为立场的隔阂，
就错过如此美好的良人！",translated,库琳,f811ca3c63,br=0 nl=1,2,
inc/event/res/12/me12_03.txt#177#12,はいはい。ごちそうさま……。,好啦好啦，真受不了你们……,translated,妮伊,23430e1242,br=0 nl=0,1,
inc/event/res/12/me12_03.txt#178#12,人って、こんなに簡単に変わるものなのかしらね。,人这东西，原来能这么轻易就改变的吗。,translated,妮伊,3039221967,br=0 nl=0,1,
inc/event/res/12/me12_03.txt#186#12,簡単じゃなかったんじゃないかな。,我想应该绝非易事吧。,translated,依恩,106887d881,br=0 nl=0,1,
inc/event/res/12/me12_03.txt#187#12,イオン？,依恩？,translated,妮伊,734a68c183,br=0 nl=0,1,
inc/event/res/12/me12_03.txt#188#12,"それぞれに考え方があって、ぶつかって、
それでも曲げたくない想いがあって。","正因彼此都有各自的理念而碰撞交锋，
却依旧有着绝不肯退让的心意。",translated,依恩,71f68dd943,br=0 nl=1,2,
inc/event/res/12/me12_03.txt#189#12,"そこまでやっていたから、お互いのことを
深くまで知ることができたのかなって思うの。","正因为经历过那样深刻的碰撞，
才能真正走进对方心灵的最深处吧。",translated,依恩,621a5f9822,br=0 nl=1,2,
inc/event/res/12/me12_03.txt#190#12,"お互いがお互いを、大切な人だと気付けるまで
ぶつかり合うことが出来た。","直至彼此将对方视为无可替代之人，
他们一路坦诚地碰撞至今。",translated,依恩,1d3ca71702,br=0 nl=1,2,
inc/event/res/12/me12_03.txt#191#12,"とっても辛かったと思うけど、
積み重ねたものがいま、
ちゃんと実ったんじゃないかなぁって。","过程想必十分艰辛，
但一路累积起来的点滴，
终于在今天结出了美好的果实呢。",translated,依恩,af35c986b5,br=0 nl=2,3,
inc/event/res/12/me12_03.txt#192#12,そっか……そうかもね。,这样啊……或许真是如此呢。,translated,妮伊,13b3b28da1,br=0 nl=0,1,
inc/event/res/12/me12_03.txt#193#12,あたしも変わるのに色々苦労したからなあ。,毕竟我自己为了做出改变，也吃了不少苦头啊。,translated,妮伊,eb152cb336,br=0 nl=0,1,
inc/event/res/12/me12_03.txt#194#12,"でしょ？　だから、今のパリーさんと
クーリンさんはとっても素敵だよね。","对吧？所以现在的帕里女士
和库琳先生真的很般配、很耀眼呢。",translated,依恩,36af556c20,br=0 nl=1,2,
inc/event/res/12/me12_03.txt#195#12,うーん……まぁ、そうなんだけどさ――,唔――虽说确实是那么回事啦――,translated,妮伊,cc2e1f4b17,br=0 nl=0,1,
inc/event/res/12/me12_03.txt#196#12,"ちょっとお二人さん！
そろそろその封鎖された世界から戻ってきて
くれませんかー！","我说二位！
差不多也该从属于你们两人的二人世界里
回回神了吧――！",translated,妮伊,88a78d9e4b,br=0 nl=2,3,
inc/event/res/12/me12_03.txt#211#12,"はっ！？　し、失礼しました。
つい夢中になってしまって……。","啊！？十、十分抱歉。
不知不觉就沉浸其中了……",translated,帕里,8585e8d2f6,br=0 nl=1,2,
inc/event/res/12/me12_03.txt#212#12,お恥ずかしいところをお見せしました。,让二位见笑了，实在惭愧。,translated,库琳,d29911d4be,br=0 nl=0,1,
inc/event/res/12/me12_03.txt#213#12,"まったく、俺はラシェーラ様に
不甲斐ないところを見せてばかりだ。","真是的，我总是在拉榭拉陛下眼前
露出这般丢人现眼的模样。",translated,库琳,e74d1b1aa7,br=0 nl=1,2,
inc/event/res/12/me12_03.txt#214#12,"当時は何かと酷いことを言ってしまい、
今もこうして……。","当时对您百般恶语相向，
如今又在此失态……",translated,库琳,5ec6e778c4,br=0 nl=1,2,
inc/event/res/12/me12_03.txt#215#12,いえ、気にしないでください。,不，请千万不要放在心上。,translated,依恩,842c39e6c6,br=0 nl=0,1,
inc/event/res/12/me12_03.txt#216#12,"あの時のわたしは、本当に何も考えてなくて、
ただ周りに流されてしまってばかりでしたから。","那时候的我真的什么都没深思熟虑，
只是一味地被周围的浪潮推着走。",translated,依恩,2d5e0a4ba3,br=0 nl=1,2,
inc/event/res/12/me12_03.txt#217#12,"そのせいでお二人や、周囲の方々にも迷惑を
お掛けしてましたし……。","为此也给二位以及身边的大家
添了许多麻烦……",translated,依恩,5ce41eab19,br=0 nl=1,2,
inc/event/res/12/me12_03.txt#218#12,"そんな！
ラシェーラ様が謝ることなんてないのです！","岂有此理！
拉榭拉陛下绝不需要向我们道歉！",translated,帕里,973754e4b1,br=0 nl=1,2,
inc/event/res/12/me12_03.txt#219#12,"そうです！　あの時の我々こそ、天文と地文と
いう分かりやすい構図にただ従うだけの浅はかな
区長だったのです。","正是如此！那时候的我们，才是不假思索、
只知盲从于天文地文对立格局的浅薄区长。",translated,库琳,cde4a5403b,br=0 nl=2,3,
inc/event/res/12/me12_03.txt#220#12,"あれから私たちは、長年目をそらしてきたものを
きちんと見つめるよう努力したんです。","从那之后，我们一直努力去正视
多年来始终避而不见的根本问题。",translated,帕里,3f4b1bba6f,br=0 nl=1,2,
inc/event/res/12/me12_03.txt#221#12,"{断線}の問題が解決したことで、
命が脅かされることはなくなりました。","随着{断线}问题的解决，
生命不再受到旦夕之危的威胁。",translated,库琳,11c3ff4546,br=1 nl=1,2,keep-terms {断線}
inc/event/res/12/me12_03.txt#221#14,夢ノ珠の中心に存在する重力場発生装置に供給されるＴｚ波が十分に行き渡らず、重力場が消失する現象を『断線』と呼んでいる。<CR>当然ながら、重力場がなくなったときに夢ノ珠の下側に位置していた建物や人はラシェーラの重力に引かれて地上に落下してしまう。<CR>断線を恐れ、他のコロンに移住する者もいたが、ほとんどの住民には夢ノ珠から出るお金も移住先も存在しなかったため、いまでも多くの人々が住み続けている。<CR>一時期は断線が原因で天文派と地文派の住民に決定的とも思える亀裂が生じたが、Ｔｚ波の問題の解決と両区長が積極的に和解と協力を説いたことで、現在ではどのコロンよりも良い協力関係が築き上げられている。,供给至位于梦之珠中心的重力场发生装置的Tz波未能充分传导普及，导致重力场消失的现象被称为“断线”。<CR>理所当然地，当重力场消失时，正处于梦之珠下方区域的建筑物与居民便会被拉榭拉的重力所吸引而坠落至地面。<CR>虽有惧怕断线而迁往其他克隆者，但绝大多数居民既没有搬离梦之珠的财力，亦无处可迁，因而至今仍有大量人口在此居住。<CR>曾有一段时期，因断线导致天文派与地文派的居民之间产生了近乎决定性的裂痕，但在解决了Tz波的问题，以及两位区长积极倡导和解与合作之后，如今已建立起比任何克隆都更加紧密的合作关系。,translated,库琳,f0ba91881a,<CR> <CR> <CR> br=0 nl=0,1,keep-tags <CR>; src-longest-line=301
inc/event/res/12/me12_03.txt#222#12,"それが、話し合いをする余裕を
生んでくれたのです。","正是这一契机，
让我们有了坐下来坦诚沟通的余地。",translated,库琳,b220b40949,br=0 nl=1,2,
inc/event/res/12/me12_03.txt#223#12,"ただ、それでも決して楽な道では
ありませんでした。","尽管如此，
前行的道路也绝非一片坦途。",translated,帕里,3ef92eba0e,br=0 nl=1,2,
inc/event/res/12/me12_03.txt#224#12,"しかし、ラシェーラ様とカノイール様の宣言に
よって、我々は一つとなることが出来たのです。","但是，拉榭拉陛下与卡诺伊尔大人的宣言，
让我们真正团结凝聚为了一体。",translated,帕里,84c267a19e,br=0 nl=1,2,
inc/event/res/12/me12_03.txt#225#12,"お二人が手を取り合ったことは、まるで夢ノ珠の
未来を示しているようでもありました。","两位携手同行的身姿，
就仿佛为梦之珠昭示了未来的方向。",translated,库琳,68bfb1410c,br=0 nl=1,2,
inc/event/res/12/me12_03.txt#226#12,"天文と地文に囚われず、
何が最良かを考えようという流れが生まれました。","不再拘泥于天文与地文的门户之见，
去思考何为最佳抉择的风气就此形成。",translated,库琳,9f0383d308,br=0 nl=1,2,
inc/event/res/12/me12_03.txt#227#12,私がクーリンに惹かれ始めたのもその頃なのです。,我也正是从那个时候开始对库琳心生倾慕的。,translated,帕里,a4a190ad05,br=0 nl=0,1,
inc/event/res/12/me12_03.txt#228#12,"俺たちも、ラシェーラ様たちのように
手を取り合える。それを示せる。
そう思ったんです。","我们也可以像拉榭拉陛下她们那样
携手共进，并向世人证明这一点。
我当时便是如此想的。",translated,库琳,b2dc989ada,br=0 nl=2,3,
inc/event/res/12/me12_03.txt#229#12,"なるほどねー。イオン達をお手本にあなた達も
手を取り合って、それで夢ノ珠のみんなも歩み
寄ったってわけね。","原来如此啊。以依恩她们为榜样，二位也
携手同行，梦之珠的大家也跟着靠拢和解了对吧。",translated,妮伊,be178df089,br=0 nl=2,3,
inc/event/res/12/me12_03.txt#230#12,"はい。
……その流れに乗ったようで恐縮なのですが、
それでも私たちの想いは本当なのです。","是的。
……借了这股东风虽有些汗颜，
但我们的心意绝无半分虚假。",translated,帕里,e3d1a63b51,br=0 nl=2,3,
inc/event/res/12/me12_03.txt#231#12,パリーさん……。クーリンさん……。,帕里女士……库琳先生……,translated,依恩,7eddb1585e,br=0 nl=0,1,
inc/event/res/12/me12_03.txt#232#12,嬉しいです、わたし。,我真的……好高兴。,translated,依恩,b8a1e49f95,br=0 nl=0,1,
inc/event/res/12/me12_03.txt#233#12,"わたしのしたこと。
それに、カノンさんとしたことが、
ちゃんとみんなに届いてる。","我所做的一切，
还有我和卡诺一起做的一切，
都切实地传递到了大家的心中。",translated,依恩,c06a4de6b2,br=0 nl=2,3,
inc/event/res/12/me12_03.txt#234#12,ラシェーラ様。自信を持ってください。,拉榭拉陛下，请您充满自信。,translated,帕里,06eb2f89a2,br=0 nl=0,1,
inc/event/res/12/me12_03.txt#235#12,"あなたの言葉や想いは必ず届きます。
届いています。","您的话语与心愿一定会传达到。
也已经切实地传达到了。",translated,帕里,4a5db8ffe3,br=0 nl=1,2,
inc/event/res/12/me12_03.txt#236#12,"その証拠に、今回のジェノム恐慌の時も、
夢ノ珠で暴れた人は殆どいませんでした。","最好的证明，就是在此次的杰诺姆恐慌中，
梦之珠几乎没有任何人诉诸暴乱。",translated,帕里,41fab10643,br=0 nl=1,2,
inc/event/res/12/me12_03.txt#237#12,"元々地文派だった者達がジェノムを信じ、
天文派だった者達がきちんと彼らの言葉に
聞く耳を持ったからです。","因为昔日的地文派深信杰诺姆，
而昔日的天文派也愿意倾听他们的话语。",translated,库琳,2885813a93,br=0 nl=2,3,
inc/event/res/12/me12_03.txt#238#12,"天文と地文の垣根だけではない。
人とジェノムの垣根も乗り越えることが
出来たのです。","不仅是天文与地文的藩篱，
人与杰诺姆之间的隔阂，
我们也同样跨越了过去。",translated,库琳,246236a7aa,br=0 nl=2,3,
inc/event/res/12/me12_03.txt#239#12,"ラシェーラ様とカノイール様が残した想いの
成果です。","这正是拉榭拉陛下与卡诺伊尔大人
留下的心念所结出的硕果。",translated,帕里,c22efcf82a,br=0 nl=1,2,
inc/event/res/12/me12_03.txt#240#12,ううん……違います、パリーさん。,不……不是那样的，帕里女士。,translated,依恩,824304b47e,br=0 nl=0,1,
inc/event/res/12/me12_03.txt#241#12,ラシェーラ様……？,拉榭拉陛下……？,translated,帕里,0a36f044bc,br=0 nl=0,1,
inc/event/res/12/me12_03.txt#242#12,"確かにわたしもカノンさんも、
そうなったらいいなと思いました。",诚然，我和卡诺都期盼着能变成那样。,translated,依恩,820ae8ad42,br=0 nl=1,2,
inc/event/res/12/me12_03.txt#243#12,"だけど、実際にここで頑張り続けたのは
お二人です。わたし達の言葉だけではきっと、
人々は変わりませんでした。","但真正在这里默默坚守努力的，是二位。
光凭我们的话语，人们绝不可能改变。",translated,依恩,c990a5f61e,br=0 nl=2,3,
inc/event/res/12/me12_03.txt#244#12,"共感してくれる人がいて、それはこういう
ことだよ、って教えてくれる人になって、
どんどんと輪が拡がっていった。","有人产生共鸣，有人站出来为大家指引诠释，
理解的同心圆才得以不断扩大扩散。",translated,依恩,1390c955af,br=0 nl=2,3,
inc/event/res/12/me12_03.txt#245#12,"一番大切なそこを頑張ってくださったのは、
パリーさんとクーリンさんです。","在最关键之处倾尽全力付出心血的，
正是帕里女士和库琳先生你们二位啊。",translated,依恩,41458b00a8,br=0 nl=1,2,
inc/event/res/12/me12_03.txt#246#12,"ラシェーラ様……。
その言葉をいただけただけで、私……私……。","拉榭拉陛下……
光是能得到您这句话，我……我……",translated,帕里,1f8736b660,br=0 nl=1,2,
inc/event/res/12/me12_03.txt#247#12,なんと言葉を返したら良いのか分かりません。,我实在不知该如何表达内心的感激了。,translated,库琳,dfdb3e3ce5,br=0 nl=0,1,
inc/event/res/12/me12_03.txt#248#12,"やはり、あなたは素晴らしい方だ。
あなたのような方が人を統べる立場になられて、
本当に良かった。","您果然是一位令人敬佩的圣君。
由您这样的人来统领万民，
实乃万民之大幸。",translated,库琳,1447f2f133,br=0 nl=2,3,
inc/event/res/12/me12_03.txt#259#12,"なんか、最後は言葉になってなかったね、
あの二人。","那两个人，
最后激动得连句完整话都说不出来了呢。",translated,妮伊,6bdfc9c43a,br=0 nl=1,2,
inc/event/res/12/me12_03.txt#260#12,"うん……だけどわたしも。
胸がいっぱいで、何も言えなくなっちゃった。","嗯……其实我也是。
百感交集，喉咙都有些哽住了。",translated,依恩,9b31690de2,br=0 nl=1,2,
inc/event/res/12/me12_03.txt#261#12,カノンさんとの事が認められて嬉しかった。,能看到与卡诺的努力得到认可，真的好开心。,translated,依恩,5192868a2d,br=0 nl=0,1,
inc/event/res/12/me12_03.txt#262#12,"わたしなんかが皇帝になって良かったの
かなってずっと自信がなかったけど、
なってくれて良かったって言ってもらえた。","我一直对自己当上皇帝这件事缺乏自信，
但他们却对我说‘由您继位真是太好了’。",translated,依恩,aa19e3e2d6,br=0 nl=2,3,
inc/event/res/12/me12_03.txt#263#12,それが本当に嬉しかった。,那真的让我感到无上的欣慰。,translated,依恩,6cfd5210a8,br=0 nl=0,1,
inc/event/res/12/me12_03.txt#264#12,そっか。,这样啊。,translated,妮伊,6c637ae4ce,br=0 nl=0,1,
inc/event/res/12/me12_03.txt#273#12,"わたしね、他のコロンに行っても、
夢ノ珠のことがずっと忘れられなかった。","我啊，即使去了其他的克隆，
也始终无法忘怀在梦之珠经历的一切。",translated,依恩,ffc0adcade,br=0 nl=1,2,
inc/event/res/12/me12_03.txt#274#12,"あの時、もっとこうしていれば別の未来が
あったんじゃないかとか、なんであそこで
こう行動しなかったんだろうとか。","那时候要是我能做得更好，
是不是就会有不同的未来；
又或是为什么自己当时没有那样做等等。",translated,依恩,462b7d279d,br=0 nl=2,3,
inc/event/res/12/me12_03.txt#275#12,"その時のわたしは一生懸命やってたはずなのに、
後から後から悔しい気持ちが溢れてた。","虽然当时的我确实已经竭尽全力了，
但事后懊悔的心情却还是一股脑地涌上来。",translated,依恩,5bfa8dc011,br=0 nl=1,2,
inc/event/res/12/me12_03.txt#276#12,やっぱり、わたしが未熟だったからだよね。,归根结底，还是因为我自己太不成熟了吧。,translated,依恩,70c66e5a66,br=0 nl=0,1,
inc/event/res/12/me12_03.txt#277#12,"そんな未熟なわたしがしたことでも、
こうやって役に立ったんだって思うと
すごく嬉しい。","但一想到即便是不成熟的我所做的事，
如今也切实派上了用场，
我就觉得特别开心。",translated,依恩,088d8c4605,br=0 nl=2,3,
inc/event/res/12/me12_03.txt#278#12,"人って後悔をいっぱいする生き物だし、
結果ばかりを求めがちだけど。","人这种生物总是会充满后悔，
也往往容易只一味地追求结果。",translated,妮伊,8b05735e4a,br=0 nl=1,2,
inc/event/res/12/me12_03.txt#279#12,"でも、そこで全てが終わってしまうわけ
じゃないんだよね。","但是，一切其实并不会
就此彻底走向终结对吧。",translated,妮伊,4a525cf99a,br=0 nl=1,2,
inc/event/res/12/me12_03.txt#280#12,"あの二人みたいに、一度ついてしまった
結果から頑張って話し合って、難しいと
思ってたことを乗り越えることも出来る。","就像他们两人一样，即便面对既定的结果，
只要努力沟通商讨，
也能跨越曾经看似不可逾越的高墙。",translated,妮伊,4eaa1f0fb3,br=0 nl=2,3,
inc/event/res/12/me12_03.txt#281#12,"あたしもそこは本当にすごいと思った。
あたしだったら諦めてたかもしれないなって。","我也打心底觉得那真的很了不起。
换作是我的话，搞不好早就放弃了呢。",translated,妮伊,ae128f620f,br=0 nl=1,2,
inc/event/res/12/me12_03.txt#282#12,"諦めないことが、何よりも一番の大きな力に
なるんだって思う。","我觉得，永不轻言放弃，
比任何东西都更能化作强大的力量。",translated,依恩,79fc46c9cb,br=0 nl=1,2,
inc/event/res/12/me12_03.txt#283#12,"夢ノ珠は、そういう大切なことを気付かせて
くれた。",梦之珠让我领悟到了如此宝贵的真谛。,translated,依恩,ffd65e1ddb,br=0 nl=1,2,
inc/event/res/12/me12_03.txt#284#12,"諦めない限り、人は変わっていける。
成長していけるんだって、教えてくれた。","只要不放弃，人就能够做出改变。
能够不断茁壮成长――是这里教会了我这些。",translated,依恩,7dd9b66f5b,br=0 nl=1,2,
inc/event/res/12/me12_03.txt#285#12,"わたしは、ここでいっぱい力をもらうことが
出来たと思う。","我想，自己在这片土地上
得到了无穷无尽的力量。",translated,依恩,670cc5a1d2,br=0 nl=1,2,
inc/event/res/12/me12_03.txt#286#12,夢ノ珠のみんな、ありがとうございます。,梦之珠的各位，非常感谢大家。,translated,依恩,a41cc698f4,br=0 nl=0,1,
inc/event/res/12/me12_04.txt#33#12,静かだね。,好安静呢。,translated,依恩,5c8e189f53,br=0 nl=0,1,
inc/event/res/12/me12_04.txt#34#12,そうね。こんなメゾン、初めて見るわ。,是啊。这么冷清的公馆，我还是头一次见呢。,translated,妮伊,986b79fabf,br=0 nl=0,1,
inc/event/res/12/me12_04.txt#35#12,"なんだか別のコロンにいるみたい。
前来た時と全然違う。","感觉就像来到了完全不同的克隆一样。
跟上次来的时候完全判若两地。",translated,依恩,96babceff1,br=0 nl=1,2,
inc/event/res/12/me12_04.txt#36#12,"万寿沙羅も夢ノ珠も、人が減って印象が
変わったところもあったけど、
それでも懐かしいって思ったの。","万寿沙罗和梦之珠虽然人也变少了、
印象有些许改变，但依然能让我感到怀念。",translated,依恩,10b835a1ca,br=0 nl=2,3,
inc/event/res/12/me12_04.txt#37#12,"でもここは……。
なんでこんなにも違うんだろう？","可这里……
为什么会让人感觉差别如此之大呢？",translated,依恩,9ad5291441,br=0 nl=1,2,
inc/event/res/12/me12_04.txt#38#12,"もともと賑やかな場所だったからじゃない？　
落差が激しいから、それだけ今と前で印象が
違うんだと思うわよ。","因为原本是个极度热闹的地方吧？
正是因为反差太过悬殊，
所以今昔对比的印象才会截然不同吧。",translated,妮伊,0573b11c1b,br=0 nl=2,3,
inc/event/res/12/me12_04.txt#39#12,"それにイオンが来たのは
{ラシェーラ・スターライト}の時だったからね。
余計に人がいっぱいの時期だもの。","而且依恩上次来的时候，
刚好赶上{拉榭拉星光}嘛。
那本来就是人潮最汹涌拥挤的时节。",translated,妮伊,de3d916281,br=1 nl=2,3,keep-terms {ラシェーラ・スターライト}
inc/event/res/12/me12_04.txt#39#14,毎日がお祭りのようなプラネタリー・メゾンにおいて、一年に一度ある最大級のフェスティバル。<CR>メゾンホールだけでなく、多くの特設ステージが用意され、多くのイベントが開催される。<CR>ラシェーラ・スターライトの期間は一週間にも渡り、<CR>多くの人々が日々と不安を忘れて毎日を楽しむことができる。また、これに乗じて出展してくる特殊な屋台や企業の売り込みなどもあり、さらにお祭りを盛り上げる要因になっている。<CR>ラシェーラ・スターライト期間中、プラネタリー・メゾンの人口密度は平常時の５倍から１０倍にまで膨れ上がるといっても過言ではない。,在终日宛如庆典般的行星公馆中，这是一年一度规模最大的节日。<CR>不仅是公馆大厅，届时还将搭建众多特设舞台，举办丰富多彩的活动。<CR>拉榭拉星光将持续整整一周，<CR>让众多民众得以忘却日常与不安，尽情享受每一天。此外，借此机会出摊的特色摊贩与企业宣传等，更是进一步炒热了节日的狂欢氛围。<CR>毫不夸张地说，在拉榭拉星光期间，行星公馆的人口密度会激增至平时的５到１０倍。,translated,妮伊,9369cd2fff,<CR> <CR> <CR> <CR> br=0 nl=0,1,keep-tags <CR>; src-longest-line=271
inc/event/res/12/me12_04.txt#40#12,"そっか……。
確かにすごい人だったもんね。","是啊……
那时候的人确实多得不得了呢。",translated,依恩,6c78bfbea6,br=0 nl=1,2,
inc/event/res/12/me12_04.txt#41#12,"それにラシェーラ・スターライト……
懐かしいな。もうずっと前のことみたい。","而且拉榭拉星光……
真令人怀念啊。感觉已经是好久以前的事了。",translated,依恩,abe098934b,br=0 nl=1,2,
inc/event/res/12/me12_04.txt#42#12,実際にはまだそんなに経ってないはずなのに。,明明实际上并没有过去太久才对。,translated,依恩,df4bc8ef51,br=0 nl=0,1,
inc/event/res/12/me12_04.txt#43#12,あの時から色々あったもんねぇ。,毕竟自那之后发生了太多太多的事嘛。,translated,妮伊,c7e398f0be,br=0 nl=0,1,
inc/event/res/12/me12_04.txt#44#12,"それにしても、こんな姿のメゾンを見る日が
来るなんてね。","话虽如此，真没想到居然会有
目睹公馆变成这副模样的一天呢。",translated,妮伊,94ab1f6643,br=0 nl=1,2,
inc/event/res/12/me12_04.txt#45#12,ネイちゃん……？,妮伊……？,translated,依恩,84c2df3d29,br=0 nl=0,1,
inc/event/res/12/me12_04.txt#46#12,"別に生まれ故郷ってわけじゃないけどさ。
それでも過ごした時間はここが一番長かったし、
ステージもいっぱいやった。","虽说这里倒也不是我的出生地啦，
但在这度过的时间终究最长，
也办过无数场舞台演出了。",translated,妮伊,d4d617e1a8,br=0 nl=2,3,
inc/event/res/12/me12_04.txt#47#12,"あたしにとっては、やっぱりそれなりに思い出
深いところだったんだって実感しちゃって。","让我切身体会到，对我而言
这里果然也是个承载着诸多回忆的故地啊。",translated,妮伊,545cbd867a,br=0 nl=1,2,
inc/event/res/12/me12_04.txt#48#12,ガラじゃないんだけどねー。,虽然这一点都不符合我的个性就是啦――,translated,妮伊,d3271be787,br=0 nl=0,1,
inc/event/res/12/me12_04.txt#49#12,寂しい？,觉得寂寞吗？,translated,依恩,da284ab3c9,br=0 nl=0,1,
inc/event/res/12/me12_04.txt#50#12,んーちょっとだけね。,唔――稍微有一点点吧。,translated,妮伊,070b46d4f7,br=0 nl=0,1,
inc/event/res/12/me12_04.txt#51#12,"常世の楽園なんて言われたコロンが、
これじゃまるで廃墟だもん。","曾被称为不夜乐园的克隆，
现在却宛如废墟一般嘛。",translated,妮伊,395412b44b,br=0 nl=1,2,
inc/event/res/12/me12_04.txt#52#12,"うん……このコロンに人気が無いと、
やっぱりちょっと不気味だよね。","嗯……这座克隆要是没有了人烟，
确实让人觉得有些阴森森的呢。",translated,依恩,7040a05ca6,br=0 nl=1,2,
inc/event/res/12/me12_04.txt#53#12,"そうねぇ。まぁでも、コロン全体がお化け屋敷に
なったって思えばいいのか。
それなら、ちょっと楽しめそうだし。","是啊。不过嘛，要是把整座克隆
当成大型鬼屋来看待不就好了吗。
这么一想，好像还挺刺激有趣的呢。",translated,妮伊,a2a28ecf72,br=0 nl=2,3,
inc/event/res/12/me12_04.txt#54#12,ネイちゃん、それは前向きすぎるよ……。,妮伊，这也未免太乐观过头了吧……,translated,依恩,1f21c25f96,br=0 nl=0,1,
inc/event/res/12/me12_04.txt#55#12,本当にお化けなんか出てきたりして！,搞不好真会有幽灵冒出来哦！,translated,妮伊,c319cb7f8f,br=0 nl=0,1,
inc/event/res/12/me12_04.txt#56#12,"ひぅ！
や、やめてよぉ……。","噫！
快、快别吓我啦……",translated,依恩,ff7f707274,br=0 nl=1,2,
inc/event/res/12/me12_04.txt#57#12,"冗談冗談。
出るわけないでしょーそんなの。","开玩笑的开玩笑的啦。
怎么可能真有那种东西嘛――",translated,妮伊,c13d43ded9,br=0 nl=1,2,
inc/event/res/12/me12_04.txt#58#12,もー！　びっくりしたよ！,真是的！吓死我了！,translated,依恩,a29ec91507,br=0 nl=0,1,
inc/event/res/12/me12_04.txt#59#12,あ、そっか。,啊，原来如此。,translated,妮伊,c6f67cb6f8,br=0 nl=0,1,
inc/event/res/12/me12_04.txt#60#12,どうしたの？,怎么了吗？,translated,依恩,6b13f9bdaa,br=0 nl=0,1,
inc/event/res/12/me12_04.txt#61#12,"メゾンの雰囲気が違うのって
普段との落差のせいだけじゃないんだ。
本当に人が全然いないんだわ。","公馆的氛围之所以大不相同，
可不仅是反差的缘故。
是真的连一个人影都找不到了呢。",translated,妮伊,36a11d0a8e,br=0 nl=2,3,
inc/event/res/12/me12_04.txt#62#12,"そういえば……
さっきから一人も見掛けないね。
もう、みんな移住しちゃったのかな？","这么说来……
刚才起确实一个人都没碰到呢。
大家是都已经移居走了吗？",translated,依恩,259c1f3c86,br=0 nl=2,3,
inc/event/res/12/me12_04.txt#63#12,多分ね。,大概是吧。,translated,妮伊,300c2dfaa7,br=0 nl=0,1,
inc/event/res/12/me12_04.txt#64#12,良かったぁ……。,太好啦……,translated,依恩,aabe262c2b,br=0 nl=0,1,
inc/event/res/12/me12_04.txt#65#12,良かったんだけど、なんだか悲しいわね。,好是好，但总觉得心里空落落的呢。,translated,妮伊,22fdf9d524,br=0 nl=0,1,
inc/event/res/12/me12_04.txt#66#12,"どうして？
移住すればみんな助かるんだよ？","为什么呀？
只要移居，大家不就能获救了吗？",translated,依恩,0acde081fc,br=0 nl=1,2,
inc/event/res/12/me12_04.txt#67#12,"あたしもその方が良いと思うわよ。
命より大切なものなんて、普通の人にはないもん。","我也觉得那样最好啊。
对普通人来说，没什么比性命更重要的了。",translated,妮伊,2821db1e44,br=0 nl=1,2,
inc/event/res/12/me12_04.txt#68#12,"ただ、こうやってすぐに移住できちゃうくらい、
みんなここに執着してなかったのかなって。","只是，大家能这么利落地迅速移居，
难道说明对这里根本就没什么留恋吗。",translated,妮伊,d7f20091b4,br=0 nl=1,2,
inc/event/res/12/me12_04.txt#70#12,"まぁ元々リゾート地みたいなもんだし、
娯楽メインのコロンだから。","嘛，毕竟这里本来就类似于度假胜地，
是以娱乐为主业的克隆嘛。",translated,妮伊,848756f12a,br=0 nl=1,2,
inc/event/res/12/me12_04.txt#71#12,"この街そのものを好きになって住んでた人は
少なかったのね。","发自真心喜欢这座城镇本身
而长居于此的人，终究很少呢。",translated,妮伊,32460161e6,br=0 nl=1,2,
inc/event/res/12/me12_04.txt#72#12,そう思うと、確かにちょっとだけ悲しいかも。,这么一想，确实稍微有点让人伤感呢。,translated,依恩,416467e9b1,br=0 nl=0,1,
inc/event/res/12/me12_04.txt#73#12,"あ、別に残った人が偉いとか、
美談だなんて言うつもりはまったくないわよ。
そんなのは自己満足だし。","啊，我可丝毫没有觉得留下来的人很伟大、
或是值得当作美谈的意思哦。
那种东西不过是自我感动罢了。",translated,妮伊,8fea24801f,br=0 nl=2,3,
inc/event/res/12/me12_04.txt#74#12,"ルウレイさんには悪いけど……
移民船にみんなを誘導する側としては、
いつまでも街に残られたら困るもん。","虽然对鲁雷女士有点过意不去……
但站在引导大家登船的立场上，
一直赖在城里不走真的很让人伤脑筋嘛。",translated,妮伊,d7f25c8f59,br=0 nl=2,3,
inc/event/res/12/me12_04.txt#75#12,"うん……。
わたしも、出来ればみんなに生きていて
欲しいって思う。","嗯……
我也打心底希望大家都能好好活下去。",translated,依恩,d0fc34b56b,br=0 nl=2,3,
inc/event/res/12/me12_04.txt#76#12,"あーやだやだ。
自分で話しといて暗くしちゃった。","哎呀真是的，
明明是自己挑起的话头，反倒把气氛搞压抑了。",translated,妮伊,1b792dc50f,br=0 nl=1,2,
inc/event/res/12/me12_04.txt#77#12,ごめんね、イオン。,抱歉啦，依恩。,translated,妮伊,171f6f8f3a,br=0 nl=0,1,
inc/event/res/12/me12_04.txt#78#12,"ううん。ネイちゃんにとって、
ここは大切な場所なんだと思うから。","没关系的。因为我知道，
这里对妮伊而言是非常重要的地方。",translated,依恩,ca3df1b658,br=0 nl=1,2,
inc/event/res/12/me12_04.txt#79#12,"……まぁね。そうだ、大切ついでに、
家に寄ってもいいかな？","……嘛，是呢。对了，既然重要，
顺便回我家一趟可以吗？",translated,妮伊,01ed6bd91a,br=0 nl=1,2,
inc/event/res/12/me12_04.txt#80#12,ネイちゃんの家？,妮伊的家？,translated,依恩,82b2428961,br=0 nl=0,1,
inc/event/res/12/me12_04.txt#81#12,そう。最後のお別れってやつ。,嗯。算是做最后的道别吧。,translated,妮伊,d99251393c,br=0 nl=0,1,
inc/event/res/12/me12_04.txt#93#12,あの頃と全然変わってないね。,和那时候相比，完全没有任何变化呢。,translated,依恩,4ef46ccf9a,br=0 nl=0,1,
inc/event/res/12/me12_04.txt#94#12,"イオンと一緒に出て行ってから
ほとんど戻ってきてないしね。","毕竟跟依恩一起离开之后，
我就基本没怎么回来过了嘛。",translated,妮伊,01d9de230c,br=0 nl=1,2,
inc/event/res/12/me12_04.txt#103#12,"でも、なんだか本当に何も変わってなさそう
だけど……もう荷物は運んだの？","不过，看起来真的像是什么都没变过一样……
你的行李已经搬运走了吗？",translated,依恩,021c03929a,br=0 nl=1,2,
inc/event/res/12/me12_04.txt#104#12,まだなら今からでも手伝おうか？,要是还没搬，我现在来帮你吧？,translated,依恩,b7edcd6a56,br=0 nl=0,1,
inc/event/res/12/me12_04.txt#105#12,"人の荷造りを手伝う皇帝陛下の図って、
シュールすぎない？","堂堂皇帝陛下帮别人打包行李的画面，
未免也太荒诞离奇了吧？",translated,妮伊,d5a2171286,br=0 nl=1,2,
inc/event/res/12/me12_04.txt#106#12,"そ、そんなことないよ。
お友達のお手伝いしてるだけだもん。","才、才没有那种事呢。
我只是在帮朋友的忙而已嘛。",translated,依恩,f76460f60d,br=0 nl=1,2,
inc/event/res/12/me12_04.txt#108#12,"ま、気持ちはありがたいけど。でもいいの。
ここにある物は全部置いていくから。","嘛，心意我领了。不过不用啦。
这里的家当我都打算全部留下来。",translated,妮伊,576ea7ff51,br=0 nl=1,2,
inc/event/res/12/me12_04.txt#109#12,"え！？
荷物、持って行かないってこと？","诶！？
你的意思是，行李一件都不带走吗？",translated,依恩,db740748e1,br=0 nl=1,2,
inc/event/res/12/me12_04.txt#110#12,"うん。
私が持って行くのは本当に最低限のものだけ。","嗯。
我带走的只有真正最起码的必需品。",translated,妮伊,a953307166,br=0 nl=1,2,
inc/event/res/12/me12_04.txt#111#12,……どうして？,……为什么呀？,translated,依恩,2880aab63d,br=0 nl=0,1,
inc/event/res/12/me12_04.txt#114#12,"……今だから言うけどさ、出会った頃のあたしは
あんたのことをはめようとしてた。","……事到如今我才跟你坦白，最初相遇时，
我其实是打算设计陷害你的。",translated,妮伊,4600970670,br=0 nl=1,2,
inc/event/res/12/me12_04.txt#115#12,それは……ネイちゃんにも目的があったから。,那是因为……妮伊你也有自己的目的嘛。,translated,依恩,73e1f95fa8,br=0 nl=0,1,
inc/event/res/12/me12_04.txt#116#12,"そう。
目的のために、利用しようとしてたんだよ。","没错。
为了目的，我是打算利用你的。",translated,妮伊,b416cabcdc,br=0 nl=1,2,
inc/event/res/12/me12_04.txt#117#12,"だから近づいた。
一緒に行動するようになった。","所以才接近你，
才开始跟你一起行动。",translated,妮伊,5ea7d0d545,br=0 nl=1,2,
inc/event/res/12/me12_04.txt#118#12,"ちょっと強引な性格も、細かいことを気にしない
のも、全部そのために作った仮初めのネイなの。","有点霸道强硬的性格也好，不拘小节也罢，
全都是为了利用你而伪装出的虚假妮伊。",translated,妮伊,a41a52498e,br=0 nl=1,2,
inc/event/res/12/me12_04.txt#119#12,だってその方が都合が良いんだもの。,因为那样做最方便行事嘛。,translated,妮伊,ac509ca941,br=0 nl=0,1,
inc/event/res/12/me12_04.txt#120#12,"強引さは自分の目的に沿わせやすいし、
適当なのも色々と誤魔化しが利く。","强硬更容易让你顺着我的目标走，
大大咧咧也很容易把各种破绽糊弄过去。",translated,妮伊,b358b58a6b,br=0 nl=1,2,
inc/event/res/12/me12_04.txt#121#12,それでも、ネイちゃんは優しかったよ！,即便如此，妮伊当时也对我非常温柔啊！,translated,依恩,3186e12f25,br=0 nl=0,1,
inc/event/res/12/me12_04.txt#122#12,"最初は目的があったかもしれないけど……
それだけじゃなかったでしょ？","虽然最初或许带有目的……
但绝不仅仅只是那样吧？",translated,依恩,166a6cb899,br=0 nl=1,2,
inc/event/res/12/me12_04.txt#123#12,"本当に自分のことしか考えてない人は、
わたしに踊りを教えてくれたりしない。","真正只考虑自己利益的人，
是绝对不可能手把手教我跳舞的。",translated,依恩,e53acb44b6,br=0 nl=1,2,
inc/event/res/12/me12_04.txt#124#12,"うまく出来ないからって
叱ってくれたりなんかしない。","也绝不可能因为我做不好，
就严厉地训斥我、纠正我。",translated,依恩,2bf01e71eb,br=0 nl=1,2,
inc/event/res/12/me12_04.txt#125#12,"だって、そんなの……
目的とは関係ないことだもん。","因为那些事情……
根本就跟你的目的毫无关系呀。",translated,依恩,a72e62034c,br=0 nl=1,2,
inc/event/res/12/me12_04.txt#126#12,"それは考え方次第じゃない？
相手を油断させるなら、
その相手に合った方法で近づくもんよ。","那不过是看怎么理解罢了。
想让目标放下戒心，
自然要采取投其所好的方式去接近嘛。",translated,妮伊,6ba434523d,br=0 nl=2,3,
inc/event/res/12/me12_04.txt#127#12,"あの時のあんたには、ああやって近づくのが
一番手っ取り早かっただけかもしれないじゃない。","对那时候的你来说，
那样接近你搞不好只是最省事快捷的捷径而已。",translated,妮伊,40110ba483,br=0 nl=1,2,
inc/event/res/12/me12_04.txt#128#12,"うっ……。
でも、わたしはそうは思わない。","呜……
但我绝不那么认为。",translated,依恩,a7bb2a8ac4,br=0 nl=1,2,
inc/event/res/12/me12_04.txt#129#12,"あんなに一生懸命に、本気でぶつかってくれた
のはネイちゃんだけだったから。","因为能那么拼尽全力、毫无保留地
真心以对的，唯独只有妮伊一人。",translated,依恩,4893e22866,br=0 nl=1,2,
inc/event/res/12/me12_04.txt#130#12,"だからネイちゃんは自分が思ってるほど
悪い人じゃないんだよ！","所以妮伊根本就不像你自己以为的
那么坏心眼啦！",translated,依恩,bc6ac3b28c,br=0 nl=1,2,
inc/event/res/12/me12_04.txt#131#12,"あんたって、いつもそうやって相手を無条件で
信じちゃうよね。","你这家伙，总是像这样
无条件地去相信别人呢。",translated,妮伊,f6cc3289d4,br=0 nl=1,2,
inc/event/res/12/me12_04.txt#132#12,そ、そんなことない、と思うけど。,我、我觉得我倒也没有那样啦。,translated,依恩,dfd5925b50,br=0 nl=0,1,
inc/event/res/12/me12_04.txt#133#12,あるわよ。,明明就有。,translated,妮伊,3a5983cb5a,br=0 nl=0,1,
inc/event/res/12/me12_04.txt#134#12,"……でも、そこがイオンのすごいところで、
あたしが惹かれたところなんだと思う。","……不过，这也正是依恩了不起的地方，
也正是我深深被你吸引的原因吧。",translated,妮伊,eacf20ce3f,br=0 nl=1,2,
inc/event/res/12/me12_04.txt#135#12,"実は、あたしもあの時は不思議だったんだ。
どうしてこんなに一生懸命、踊りを教えてるん
だろう――","其实，那时候连我自己都觉得不可思议。
为什么自己会这么拼命地教你跳舞――",translated,妮伊,5e35b3a2b7,br=0 nl=2,3,
inc/event/res/12/me12_04.txt#136#12,"どうしてこんなトロい子なのに、
真面目に相手してるんだろうって。","明明是个这么迟钝笨拙的孩子，
自己怎么会这么认真地陪你较劲呢。",translated,妮伊,4c93748680,br=0 nl=1,2,
inc/event/res/12/me12_04.txt#137#12,うぅ……トロい子……。,呜呜……迟钝笨拙的孩子……,translated,依恩,37cff56f47,br=0 nl=0,1,
inc/event/res/12/me12_04.txt#138#12,結局、放っておけなかったんだよね。,结果到头来，就是根本没法放着你不管啊。,translated,妮伊,76a5d27ee3,br=0 nl=0,1,
inc/event/res/12/me12_04.txt#139#12,"で、そうやって相手してるうちに
だんだんと好きになっていっちゃったんだ。","然后，在跟你针锋相对、打交道的过程中，
不知不觉就越来越喜欢你了。",translated,妮伊,bbbb0494b8,br=0 nl=1,2,
inc/event/res/12/me12_04.txt#140#12,"憎んでいる部分がたしかにあるはずなのに、
それでも好きになった。","心中明明确凿无疑存在着怨恨的部分，
可即便如此，我还是无可救药地喜欢上了你。",translated,妮伊,80264ab689,br=0 nl=1,2,
inc/event/res/12/me12_04.txt#141#12,……わたし、全然気付けてなかった。,……我居然完全没有察觉到。,translated,依恩,216c7504d9,br=0 nl=0,1,
inc/event/res/12/me12_04.txt#142#12,"なーに言ってんの。
そんなの、気付かせるネイ様じゃないって。","说什么胡话呢。
本妮伊大人怎么可能让你轻易看穿嘛。",translated,妮伊,4aad879780,br=0 nl=1,2,
inc/event/res/12/me12_04.txt#143#12,"まぁ長くなっちゃったけどさ、
あの時のあたしは殻を被ってたのよ。","嘛，虽然说得有点长，
但那时候的我确实套着一层厚厚的伪装外壳。",translated,妮伊,5c7d215bbd,br=0 nl=1,2,
inc/event/res/12/me12_04.txt#144#12,"あの時のあたしも、あたしの一部に違いないけど、
あたしは今のあたしが好き。","虽然那时候的我无疑也是我的一部分，
但我更喜欢现在的自己。",translated,妮伊,2d6a4d265f,br=0 nl=1,2,
inc/event/res/12/me12_04.txt#145#12,"仮初めじゃない、本当のあたしだって、
言えるから。","因为现在的我，终于能够昂首挺胸地说，
这不再是虚假的伪装，而是真实的我了。",translated,妮伊,bb5801cbf2,br=0 nl=1,2,
inc/event/res/12/me12_04.txt#147#12,"ここにあるのは、昔のあたしの残骸みたいな
ものよ。今のあたしにとっては、必要がない。","留在这里的东西，不过是我过去的残骸罢了。
对现在的我而言，根本没有任何必要。",translated,妮伊,3b797450f5,br=0 nl=1,2,
inc/event/res/12/me12_04.txt#148#12,だから置いて行くわ。,所以就留在这里吧。,translated,妮伊,3fe0f2560e,br=0 nl=0,1,
inc/event/res/12/me12_04.txt#149#12,"うん、分かった。
ネイちゃんがそうやって決めてるなら、
それがいいと思う。","嗯，我明白了。
既然妮伊已经做好了决定，
那我也觉得这样最好。",translated,依恩,e9fae0d263,br=0 nl=2,3,
inc/event/res/12/me12_04.txt#152#12,実際、無くても困らないものばっかりだしね。,实际上，全都是些没有也不会发愁的东西啦。,translated,妮伊,0ead5380a7,br=0 nl=0,1,
inc/event/res/12/me12_04.txt#153#12,そうなの？,是那样吗？,translated,依恩,9b25e8e41b,br=0 nl=0,1,
inc/event/res/12/me12_04.txt#154#12,あんまり趣味とかもなかったし。,我本来就没多少兴趣爱好嘛。,translated,妮伊,531174ec6c,br=0 nl=0,1,
inc/event/res/12/me12_04.txt#155#12,そこら辺の棚なんか全部衣装だもの。,那边的柜子抽屉里全都是演出服呢。,translated,妮伊,a46f65b030,br=0 nl=0,1,
inc/event/res/12/me12_04.txt#156#12,ええ！？　全部！？,诶诶！？全都是！？,translated,依恩,91b3c8ac15,br=0 nl=0,1,
inc/event/res/12/me12_04.txt#157#12,"トップスターのプリティベリーちゃんを
舐めちゃだめよ、イオン。","可别小看当红顶级偶像靓丽浆果妹妹哦，
依恩。",translated,妮伊,e890432698,br=0 nl=1,2,
inc/event/res/12/me12_04.txt#158#12,"あれ、でもそれなら衣装は持っていかなくて
いいの？","哎，不过那样的话，
演出服不带过去真的没问题吗？",translated,依恩,06d16db65f,br=0 nl=1,2,
inc/event/res/12/me12_04.txt#159#12,"もうそれもいいの。
プリティベリーは卒業。","那些也无所谓啦。
靓丽浆果已经功成身退、正式毕业了。",translated,妮伊,efa45ff27c,br=0 nl=1,2,
inc/event/res/12/me12_04.txt#160#12,"そんな、せっかくあんなにすごいのに……。
新しい星では、やらないの？","怎会这样，难得那么耀眼夺目……
到了新的星球上，也不再继续了吗？",translated,依恩,7dea6276f5,br=0 nl=1,2,
inc/event/res/12/me12_04.txt#161#12,"言ったでしょ。
あの頃のあたしは仮初めのあたしだって。","我不是说过了嘛。
那时候的我只是虚假的表象。",translated,妮伊,50778c2cbf,br=0 nl=1,2,
inc/event/res/12/me12_04.txt#162#12,"舞台をやるのは嫌いじゃなかったけど、
充分楽しんだから。","上台表演虽然我倒也不讨厌，
但体验得已经足够尽兴了。",translated,妮伊,431f0161e0,br=0 nl=1,2,
inc/event/res/12/me12_04.txt#163#12,"これからはイオンのお相手っていう、
もっと大事なことも出来たしね。","而且今后我有了更重要的事情要做，
那就是陪伴在依恩的身边呀。",translated,妮伊,798376ea94,br=0 nl=1,2,
inc/event/res/12/me12_04.txt#164#12,"わたし頑張るから！
早く一人前の皇帝になるから、そしたら……。","我一定会拼命努力的！
尽快成长为能独当一面的皇帝，到那时……",translated,依恩,fb2ee61127,br=0 nl=1,2,
inc/event/res/12/me12_04.txt#165#12,"だからいいんだって。
時間的に出来ないんじゃなくて、単純にそれより
もっと大切なことが出来たってだけよ。","都说了没关系啦。
又不是因为挤不出时间，纯粹只是因为
有了比那更重要、更想珍惜的事罢了。",translated,妮伊,a02a9fc5a5,br=0 nl=2,3,
inc/event/res/12/me12_04.txt#166#12,ネイちゃん……。,妮伊……,translated,依恩,840a2b2ae7,br=0 nl=0,1,
inc/event/res/12/me12_04.txt#167#12,"ま、ファンになってくれた人には
ちょっと申し訳ないけどね。","嘛，虽然对成为我粉丝的大家
确实稍微有点过意不去啦。",translated,妮伊,f478c9e13a,br=0 nl=1,2,
inc/event/res/12/me12_04.txt#168#12,うん……ネイちゃん、人気あったもんね。,嗯……妮伊那时候真的超有人气呢。,translated,依恩,66a31d8efa,br=0 nl=0,1,
inc/event/res/12/me12_04.txt#169#12,"ほんとよ。
グッズは勝手に作られるわ、ストーカー紛い
なんて日常茶飯事だったんだから。","那可不。
周边被人擅自到处乱做，
被跟踪狂尾随更是家常便饭。",translated,妮伊,5ddf105580,br=0 nl=2,3,
inc/event/res/12/me12_04.txt#170#12,……って、ああ！,……等等，啊！,translated,妮伊,30d53de222,br=0 nl=0,1,
inc/event/res/12/me12_04.txt#171#12,きゃっ。ど、どうしたの？,呀。怎、怎么啦？,translated,依恩,d07e3f3934,br=0 nl=0,1,
inc/event/res/12/me12_04.txt#172#12,いやーなやつ思い出した。,我想起一个让人头大的讨厌鬼了。,translated,妮伊,e60d035290,br=0 nl=0,1,
inc/event/res/12/me12_04.txt#173#12,いやな、やつ……？,让人头大的，讨厌鬼……？,translated,依恩,686d08bebd,br=0 nl=0,1,
inc/event/res/12/me12_04.txt#174#12,"ファンで思い出したけど、
白鷹もメゾンに住んでんのよね。","说到粉丝我才想起来，
白鹰这家伙也是住在公馆里的呢。",translated,妮伊,da6094dff1,br=0 nl=1,2,
inc/event/res/12/me12_04.txt#175#12,そういえば！,这么一说还真是！,translated,依恩,90c05273de,br=0 nl=0,1,
inc/event/res/12/me12_04.txt#176#12,"ねえねえ、せっかくだし会いに行ってみよ
うよ！　式の時は全然お話出来なかったし。","呐呐，难得来一趟，我们去见见他吧！
仪式的时候完全没能跟他说上话呢。",translated,依恩,e9d68256a3,br=0 nl=1,2,
inc/event/res/12/me12_04.txt#177#12,"えぇ……
あんまり気乗りしないんだけどなぁ……。","诶诶……
我可是一点都提不起劲去见他啊……",translated,妮伊,ffc5de4337,br=0 nl=1,2,
inc/event/res/12/me12_04.txt#178#12,いいからいいから。,好啦好啦别这样嘛。,translated,依恩,56ed28f1da,br=0 nl=0,1,
inc/event/res/12/me12_04.txt#179#12,ね、行こう？,走吧，去看看嘛？,translated,依恩,54c070f937,br=0 nl=0,1,
inc/event/res/12/me12_04.txt#180#12,はいはい。,好好好。,translated,妮伊,1ce138f2f1,br=0 nl=0,1,
inc/event/res/12/me12_04.txt#191#12,"この箱はあっちの袋に入れるから
ひとまず置いといて……。","这个箱子要装进那边的袋子里，
先放一边……",translated,白鹰,d38ead171e,br=0 nl=1,2,
inc/event/res/12/me12_04.txt#192#12,"あれ？　この箱には何が入ってたっけ……
ああ、プリティベリーちゃん！
これだけは置いていくわけにはいかないッス！","咦？这个箱子里装的是什么来着……
啊，靓丽浆果妹妹！
唯独这个绝对不能扔下不管的说！",translated,白鹰,5f88b88bea,br=0 nl=2,3,
inc/event/res/12/me12_04.txt#193#12,"そうするとこっちの箱はいっぱいだから、
あの箱の中身を一旦取り出して……。","这样一来这边的箱子就装满了，
得先把那个箱子里的东西拿出来……",translated,白鹰,c54f349ad1,br=0 nl=1,2,
inc/event/res/12/me12_04.txt#194#12,"でも、これの上に載せられるのは２００ｇまでに
しておかないと。デリケートッスからね。
となると……。","但是压在这上面的重量不能超过两百克。
毕竟很娇贵娇气嘛。这么说来的话……",translated,白鹰,ae47ef9ec4,br=0 nl=2,3,
inc/event/res/12/me12_04.txt#195#12,"ああもう！
せっかく詰め込んだのにこれじゃあまたパズルの
やり直しみたいなもんスよー！","啊啊真是的！
好不容易塞进去的，这下岂不是
又得跟拼图重来一样了吗――！",translated,白鹰,d87ae9bb94,br=0 nl=2,3,
inc/event/res/12/me12_04.txt#202#12,白鷹さん！,白鹰！,translated,依恩,e8dbc58f16,br=0 nl=0,1,
inc/event/res/12/me12_04.txt#203#12,"明かりがついてるからもしかしたらと思ったら、
やっぱりまだいたのね。","看到亮着灯我还琢磨着是不是你，
果然你还赖在这里呢。",translated,妮伊,b7d2d58fe0,br=0 nl=1,2,
inc/event/res/12/me12_04.txt#204#12,"イオンちゃん！
ネイちゃんまで！","依恩妹妹！
连妮伊妹妹也在！",translated,白鹰,41c580e775,br=0 nl=1,2,
inc/event/res/12/me12_04.txt#205#12,どうしたんスか？,二位怎么来了啊？,translated,白鹰,d02799d88a,br=0 nl=0,1,
inc/event/res/12/me12_04.txt#206#12,どうした、はこっちのセリフよ。,该问怎么了的，是我们才对吧。,translated,妮伊,62920d59fe,br=0 nl=0,1,
inc/event/res/12/me12_04.txt#207#12,"皇帝契絆支受勲の後、すぐヒュムネスフィアに
向かったはずじゃなかったの！？","受勋皇帝契绊支之后，
你不是应该立刻前往修姆涅球了吗！？",translated,妮伊,ff801eb606,br=0 nl=1,2,
inc/event/res/12/me12_04.txt#208#12,"そうですよ。もうメゾンのみんなは
いなくなっちゃってますよ？","是啊。公馆里的大家
可都已经不在这了哦？",translated,依恩,a9ecbc5f34,br=0 nl=1,2,
inc/event/res/12/me12_04.txt#209#12,いやあ、一度は向かったんスよ？,哎呀，我确实去过一次的说？,translated,白鹰,21e650170b,br=0 nl=0,1,
inc/event/res/12/me12_04.txt#210#12,じゃあなんで引き返してきてるのよ。,那你怎么又折返回来了啊。,translated,妮伊,24b22b59d9,br=0 nl=0,1,
inc/event/res/12/me12_04.txt#211#12,拒否されたんス！,我被拒绝登船了的说！,translated,白鹰,0e27158472,br=0 nl=0,1,
inc/event/res/12/me12_04.txt#212#12,そんな……何かの間違いじゃ。,怎会这样……是不是弄错了什么。,translated,依恩,452857b89a,br=0 nl=0,1,
inc/event/res/12/me12_04.txt#213#12,"そうよ。仮にも、仮にも{皇帝契絆支}を
与えられてるのよ？　あり得ないわ！","就是说啊。好歹、好歹你也受封了
{皇帝契绊支}吧？怎么可能被拒嘛！",translated,妮伊,b7ae2f368c,br=1 nl=1,2,keep-terms {皇帝契絆支}
inc/event/res/12/me12_04.txt#213#14,代々の皇帝が三～十名を指名して授ける称号。イオンが指名したのは、ター坊、キャス、ネイ、白鷹、サーリ、レナルル、カノンの七人だったため、『七支』とも呼ばれている。<CR>皇帝契絆支は指名した全員を示す称号であるが、その中でも個々の称号が存在している。その称号は皇帝自らが考え与えるものとなっており、代々の皇帝によって与えられる称号は様々である。また皇帝契絆支には、ジェノムの王であるコーザルと共に心を繋げ、全員で一つの詩魔法を紡ぐ権利が与えられており、その際に世界を動かすことができる強大な詩魔法を紡ぐことが可能となっている。しかし、コーザルの魂はジェノミライで失われ、現状、詩魔法を紡ぐことはできなくなっている。,历代皇帝指名三至十人授予的称号。依恩所指名的是阿达、凯斯、妮伊、白鹰、莎丽、蕾娜露露、卡诺七人，故而亦被称为“七支”。<CR>皇帝契绊支虽是指名全员的总体称号，但其中亦存在着各自单独的称号。该称号是由皇帝亲自构思并赐予的，历代皇帝所赐予的称号亦各不相同。此外，皇帝契绊支被赋予了与杰诺姆之王考扎尔心意相连、全员一同编织同一首诗魔法的权利，届时便能够编织出足以撼动世界的强大诗魔法。然而，考扎尔的灵魂已在杰诺米莱伊中消逝，目前已无法再编织该诗魔法。,translated,妮伊,69a943b725,<CR> br=0 nl=0,1,keep-tags <CR>; src-longest-line=306
inc/event/res/12/me12_04.txt#214#12,なんで仮にもを２回言ったんスか。,为什么‘好歹’要特地重复两遍啊。,translated,白鹰,d29d51465a,br=0 nl=0,1,
inc/event/res/12/me12_04.txt#215#12,"ちょっと白鷹。あんたまさか今までの悪事が
露見して、それで乗船拒否とかじゃないで
しょうね？","我说白鹰。你该不会是以前干的坏事败露，
所以才被人家拒载了吧？",translated,妮伊,66eb0c8f71,br=0 nl=2,3,
inc/event/res/12/me12_04.txt#216#12,白鷹さん……。,白鹰……,translated,依恩,57e4073707,br=0 nl=0,1,
inc/event/res/12/me12_04.txt#217#12,"ま、待つッス！　心外ッスよ！
バレるようなヘマはしてないッスから！","等等等等！这也太伤人了吧！
我才没留下过会败露的马脚呢！",translated,白鹰,3272ee5558,br=0 nl=1,2,
inc/event/res/12/me12_04.txt#218#12,悪いことはしてたんですね……。,所以果然还是干过坏事对吧……,translated,依恩,9f4f50c29a,br=0 nl=0,1,
inc/event/res/12/me12_04.txt#219#12,"まぁあたしらに協力してくれてた時も
そのおかげで助かってたから、
そこは責められないわよ。","嘛，你协助我们那时候我们也多亏了那些手腕，
这方面倒也不好怪你就是了。",translated,妮伊,6d3260fed5,br=0 nl=2,3,
inc/event/res/12/me12_04.txt#220#12,う、うん……。,嗯、嗯……,translated,依恩,a4e06d2109,br=0 nl=0,1,
inc/event/res/12/me12_04.txt#221#12,それはさておき。じゃあどうしてよ？,先不提那个。那到底是为什么啊？,translated,妮伊,d1e354c340,br=0 nl=0,1,
inc/event/res/12/me12_04.txt#222#12,"この子たち全員は乗り切らないって
言われたッス……。",人家说这群孩子没法全部装下的说……,translated,白鹰,a0fab844e4,br=0 nl=1,2,
inc/event/res/12/me12_04.txt#223#12,"この子、たち……？
って、床に広がってるフィギュア……？","这群孩子……？
等等，是指铺满地板的这些手办……？",translated,依恩,093eaa24ec,br=0 nl=1,2,
inc/event/res/12/me12_04.txt#224#12,"なぁーんだ。
そんなこと。","什么嘛。
就因为这点破事哦。",translated,妮伊,43a5f48854,br=0 nl=1,2,
inc/event/res/12/me12_04.txt#225#12,"なんだじゃないッス！
この子たちはもう、俺の家族も同然なんスよ！？","才不是什么破事呢！
这些孩子对我来说，
早就跟亲生家人一模一样了啊！？",translated,白鹰,fe96d20f39,br=0 nl=1,2,
inc/event/res/12/me12_04.txt#226#12,あたしは家族になったつもりないんだけど。,我可没打算认你当什么家人。,translated,妮伊,1451c87e35,br=0 nl=0,1,
inc/event/res/12/me12_04.txt#227#12,"あぁ！　プリティベリーちゃんを
そんな風に持ったらダメッス！","啊啊！不能用那种粗鲁的方式
拿靓丽浆果妹妹的说！",translated,白鹰,6a9c9ecb8a,br=0 nl=1,2,
inc/event/res/12/me12_04.txt#228#12,つまり、過積載で減らしてこいって言われたの？,也就是说，超重了让你回来减重是吧？,translated,妮伊,14d3b90792,br=0 nl=0,1,
inc/event/res/12/me12_04.txt#229#12,まあそんなとこッス。,嘛，差不多就是这么回事的说。,translated,白鹰,a5543e238c,br=0 nl=0,1,
inc/event/res/12/me12_04.txt#230#12,最初からそう言いなさいよ、紛らわしい。,打一开始就这么说嘛，害人虚惊一场。,translated,妮伊,64910f89a5,br=0 nl=0,1,
inc/event/res/12/me12_04.txt#231#12,"でも良かったぁ。白鷹さんが乗れなかったら
どうしようかと思っちゃいました。","不过太好了。要是白鹰上不了船，
我都不知道该怎么办才好了呢。",translated,依恩,16355a53ee,br=0 nl=1,2,
inc/event/res/12/me12_04.txt#232#12,うう……イオンちゃんは優しい子ッス。,呜呜……依恩妹妹真是个贴心的好孩子的说。,translated,白鹰,e1c20b8b41,br=0 nl=0,1,
inc/event/res/12/me12_04.txt#233#12,はいはい、あたしはどうせ優しくないですよ。,是是是，反正我就是冷血无情啦。,translated,妮伊,d6634c254c,br=0 nl=0,1,
inc/event/res/12/me12_04.txt#234#12,"まあでも、理由が分かってるんなら
さっさとやっちゃいなさいよ。","不过既然知道原因，
你就手脚麻利点赶紧挑好啊。",translated,妮伊,9b01766e11,br=0 nl=1,2,
inc/event/res/12/me12_04.txt#235#12,"なに言ってるんスか。
そこが一番の問題なんじゃないッスか。","你在说什么啊。
最大的问题不就在这里嘛！",translated,白鹰,b86f79fc4d,br=0 nl=1,2,
inc/event/res/12/me12_04.txt#236#12,"実はもう、一回減らして行ってきたんス。
そしたらあいつら何て言ったと思います！？","其实我已经减过一次带过去了。
结果你知道那帮家伙说什么吗！？",translated,白鹰,c4b73e0dbc,br=0 nl=1,2,
inc/event/res/12/me12_04.txt#237#12,もっと……減らせ。,……还要再减。,translated,妮伊,8867ddda2b,br=0 nl=0,1,
inc/event/res/12/me12_04.txt#238#12,そう！　血も涙もない連中ッス！,对！简直是一群没心没肺的冷血之徒！,translated,白鹰,b37fa39800,br=0 nl=0,1,
inc/event/res/12/me12_04.txt#239#12,"でも、やっぱり載せられる量には限りが
あるし……。他のみんなも乗りますから。","可是，船舱能装载的重量毕竟有限度嘛……
而且大家也都要搭乘的呀。",translated,依恩,2ab57519cc,br=0 nl=1,2,
inc/event/res/12/me12_04.txt#240#12,"俺もそういう風に説得されて……
だからこうしてもう一度広げて連れて行く子を
再確認してるんスけど。","我也被这么劝说过……
所以才像这样重新摊开来，
想再次甄选要带走的孩子。",translated,白鹰,3c2f41015c,br=0 nl=2,3,
inc/event/res/12/me12_04.txt#241#12,"でも無理！　これ以上は無理なんス！
ここから先の選別は俺には辛すぎる！","可是做不到！再减实在强人所难啊！
再从这里面做取舍，对我来说简直心如刀绞！",translated,白鹰,65b8ff4282,br=0 nl=1,2,
inc/event/res/12/me12_04.txt#242#12,"強引に選んでも絶対に後悔するッス。
なんだかんだ理由付けしても、
それじゃあ納得し切れないんス！","硬选的话之后绝对会后悔莫及的说。
不管找什么借口说服自己，我也无法释怀啊！",translated,白鹰,9a87f6ef34,br=0 nl=2,3,
inc/event/res/12/me12_04.txt#243#12,"そう説明したんスけど、
そしたら『じゃあ全部置いていけ！』って
言われてケンカに……。","我这么向对方解释，
结果对方居然说‘那就全部扔下！’
于是就吵起来了……",translated,白鹰,4cd69b43f6,br=0 nl=2,3,
inc/event/res/12/me12_04.txt#244#12,ケンカ……？　乗船管理の方とですか？,吵起来了……？是跟登船管理人员吗？,translated,依恩,dfe4c57d09,br=0 nl=0,1,
inc/event/res/12/me12_04.txt#245#12,サーリちゃんッス……。,是莎丽妹妹的说……,translated,白鹰,2731cecf9b,br=0 nl=0,1,
inc/event/res/12/me12_04.txt#246#12,なんでそこでサーリ……。,怎么会扯到莎丽头上……,translated,妮伊,02e8846141,br=0 nl=0,1,
inc/event/res/12/me12_04.txt#247#12,って、ああ、そういうこと。,等等，啊……原来是这么回事啊。,translated,妮伊,f08ec85f61,br=0 nl=0,1,
inc/event/res/12/me12_04.txt#248#12,んん？,嗯嗯？,translated,依恩,da0e6e5b18,br=0 nl=0,1,
inc/event/res/12/me12_04.txt#249#12,なんでもないわ。,没什么啦。,translated,妮伊,9cb136f7b7,br=0 nl=0,1,
inc/event/res/12/me12_04.txt#250#12,"で、結局どーすんのよこれ。
いくらあんたがダメだ無理だ、
なんて言っても結局制限は変わらないでしょ？","所以，这堆东西你到底打算怎么办啊。
就算你再怎么哭喊办不到，
重量限制终究也不会为你改变吧？",translated,妮伊,5fc1791451,br=0 nl=2,3,
inc/event/res/12/me12_04.txt#251#12,"そうなんス。
こうなったら皇帝契絆支の権力を使って……。","就是说啊。
事到如今只能动用皇帝契绊支的特权了……",translated,白鹰,b3a8443c98,br=0 nl=1,2,
inc/event/res/12/me12_04.txt#252#12,"ダメー！
ダメです、そんなことに使ったりしたら！","不行――！
绝对不行，怎么能把特权滥用在这种地方！",translated,依恩,8a1121485b,br=0 nl=1,2,
inc/event/res/12/me12_04.txt#253#12,そんなぁ……。,怎么这样啊……,translated,白鹰,deef778199,br=0 nl=0,1,
inc/event/res/12/me12_04.txt#254#12,"そんなことに使ったら皇帝権限で
ダメって言いますから！","你要是真敢那么干，
我就要动用皇帝权限驳回你哦！",translated,依恩,f11ff4ef36,br=0 nl=1,2,
inc/event/res/12/me12_04.txt#255#12,うおー！　神なんかいなかったんだー！,哇啊――！世上果然根本没有神仙啊――！,translated,白鹰,f3ae991bbc,br=0 nl=0,1,
inc/event/res/12/me12_04.txt#256#12,"アホくさ。
行きましょ、イオン。","真是蠢透了。
我们走吧，依恩。",translated,妮伊,a8f17208d0,br=0 nl=1,2,
inc/event/res/12/me12_04.txt#257#12,"う、うん……。
じゃあ白鷹さん、ズルしたらダメですからね。","嗯、嗯……
那白鹰，千万不准偷偷作弊哦。",translated,依恩,6865daa323,br=0 nl=1,2,
inc/event/res/12/me12_04.txt#270#12,たぶんあいつ、最終便に乗り遅れるわ。,我看那家伙，搞不好会错过末班船呢。,translated,妮伊,537224e9b4,br=0 nl=0,1,
inc/event/res/12/me12_04.txt#271#12,それはいくらなんでも……。,再怎么说也不至于……,translated,依恩,816af35e11,br=0 nl=0,1,
inc/event/res/12/me12_04.txt#272#12,あるかも……。,搞不好真会呢……,translated,依恩,b5115a09c6,br=0 nl=0,1,
inc/event/res/12/me12_04.txt#273#12,"あーあ、最初はしんみりしてたはずなんだ
けどなあ。白鷹のせいでそんな気分、
どっか行っちゃったよ。","哎――明明一开始还挺伤感动情的，
全被白鹰这家伙搅和得烟消云散了啦。",translated,妮伊,8d25bcf798,br=0 nl=2,3,
inc/event/res/12/me12_04.txt#274#12,"でも、なんだか最後にいつもの白鷹さん
見られて良かったかも。","不过，临走前能看到一如既往的白鹰，
感觉也挺不错的呢。",translated,依恩,a64900b92f,br=0 nl=1,2,
inc/event/res/12/me12_04.txt#275#12,"まあ、あそこだけは唯一、
こんなメゾンでも普段通りだったわね。","嘛，也就只有那家伙的房间，
在如今这种公馆里还能保持平时的做派呢。",translated,妮伊,e2fa787162,br=0 nl=1,2,
inc/event/res/12/me12_04.txt#276#12,"うん。いつも通りでいることって
やっぱり大切なんだなって思った。","嗯。我觉得能够保持平常心，
果然也是一件非常重要的事情呢。",translated,依恩,9f4770c9a5,br=0 nl=1,2,
inc/event/res/12/me12_04.txt#277#12,"そうねえ。あんなのの後でも、
ちょっと気分がすっきりしたし。","是呢。闹了那么一出之后，
心情倒也跟着舒畅了不少。",translated,妮伊,c7759ab737,br=0 nl=1,2,
inc/event/res/12/me12_04.txt#278#12,"悔しいけど、あいつが残ってなかったら
きっと次のところまでお通夜だったかも
しれないわね。","虽然很不甘心，但要是没那家伙插科打诨，
我们走到下一个地方之前可能都得死气沉沉呢。",translated,妮伊,5f75107ec1,br=0 nl=2,3,
inc/event/res/12/me12_04.txt#279#12,"さ、ちゃっちゃか次のところへ
向かいましょう。",好啦，赶快朝下一个地方出发吧。,translated,妮伊,20e3fe67bb,br=0 nl=1,2,
inc/event/res/12/me12_04.txt#287#12,（{プラネタリー・メゾン}）,（{行星公馆}）,translated,依恩,3e34af0061,br=1 nl=0,1,keep-terms {プラネタリー・メゾン}
inc/event/res/12/me12_04.txt#287#14,『星降る夜』というものに憧れを持った資産家が作った巨大な花を模したコロン。<CR>外側から見ると花弁のように見えるが、バーストが近づくか一日の半分は花弁が閉じ夜モードとなる。<CR>そして夜モードのプラネタリー・メゾンの内側には満天の星空が描き出される。<CR>ラシェーラの太陽は赤色巨星になっており、夜でも星を見ることはできない。しかしプラネタリー・メゾンではかつてそうであったと言われる『星空』が再現されており、ラシェーラにおいて唯一『夜の商売』が発達したコロンである。<CR>ネイはこのプラネタリー・メゾンで踊り子として働き、彼女の自宅もここにある。,由憧憬“繁星降临之夜”的资本家建造的、仿照巨大花朵形态的克隆。<CR>从外部望去宛如花瓣，每当爆炸临近或是一天的半数时间，花瓣便会合拢转入夜间模式。<CR>而在夜间模式下的行星公馆内侧，则会描绘出满天星空。<CR>拉榭拉的太阳如今已演化为红巨星，即便入夜也无法仰望繁星。然而在行星公馆中，却再现了据传往昔曾有过的“星空”，也是拉榭拉唯一发展出“夜间风俗产业”的克隆。<CR>内依便是在这座行星公馆中作为舞者工作，她的住所也位于此处。,translated,依恩,5d39c3d900,<CR> <CR> <CR> <CR> br=0 nl=0,1,keep-tags <CR>; src-longest-line=278
inc/event/res/12/me12_04.txt#296#12,"（わたしはここで、本当に貴重な体験を
　たくさんした）","（我在这里，真正收获了
　许许多多珍贵无比的体验）",translated,依恩,5e1f48a611,br=0 nl=1,2,
inc/event/res/12/me12_04.txt#304#12,"（ラシェーラ・スターライトを通じて
　ネイちゃんとすごく仲良くなって、
　白鷹さんとも出会って）","（通过拉榭拉星光，
　和妮伊变得无话不谈，
　也结识了白鹰）",translated,依恩,de0861dbf6,br=0 nl=2,3,
inc/event/res/12/me12_04.txt#314#12,"（そして、初めてわたしは大勢の人の前で
　自分の意志を示すっていうことをしたんだ）","（而且，也是第一次在大庭广众之下，
　大声展现出属于自己的坚定意志）",translated,依恩,55497dbe33,br=0 nl=1,2,
inc/event/res/12/me12_04.txt#322#12,"（あのステージがなければ、きっとずっと
　引っ込み思案なままだったと思う）","（要是没有那个舞台，我想自己
　一定至今都还是个畏首畏尾的胆小鬼吧）",translated,依恩,768b44eb3f,br=0 nl=1,2,
inc/event/res/12/me12_04.txt#330#12,"（今でも人前に出るのはあんまり得意じゃ
　ないけど、あのステージで少しは成長で
　きたのかな）","（虽说现在我也依然不怎么擅长抛头露面，
　但经历过那个舞台之后，
　多少也有了一点长进吧）",translated,依恩,d627b2860c,br=0 nl=2,3,
inc/event/res/12/me12_04.txt#338#12,（ここで、たくさんの力をもらった気がする）,（感觉自己在这里，得到了无尽的力量）,translated,依恩,a83dfe3d4f,br=0 nl=0,1,
inc/event/res/12/me12_04.txt#339#12,"（顔を見て言うとまたはぐらかされちゃい
　そうだけど……）","（虽然当着妮伊的面说，
　多半又会被她糊弄打趣过去……）",translated,依恩,dfad5cf493,br=0 nl=1,2,
inc/event/res/12/me12_04.txt#340#12,"ネイちゃんのおかげだよ。
ありがとうね。","多亏了有妮伊在哦。
谢谢你呢。",translated,依恩,94e0fa5cda,br=0 nl=1,2,
inc/event/res/12/me12_05.txt#15#14,司祭,祭司,translated,,8b96ac6811,br=0 nl=0,1,
inc/event/res/12/me12_05.txt#15#15,修道女,修道女,translated,,03761782a6,br=0 nl=0,1,
inc/event/res/12/me12_05.txt#31#12,"アルメティカ……。
カノンさんと手を取り合った場所。","阿尔梅堤嘉……
我和卡诺携手同行的场所。",translated,依恩,2fbf4dcaab,br=0 nl=1,2,
inc/event/res/12/me12_05.txt#32#12,"ジェノム・アルメティカとか大法要とか、
結構大きな出来事があったのよね。","杰诺姆・阿尔梅堤嘉还有大法要什么的，
在这里确实发生过相当重大的事件呢。",translated,妮伊,5f90bd9389,br=0 nl=1,2,
inc/event/res/12/me12_05.txt#33#12,"うん。ここは、なんていうか、
今まで自分の中で考えてたことが、
一気に大きく拡がった場所だと思うの。","嗯。我觉得这里，怎么说呢，
就是曾经局限在自己内心狭隘角落的想法，
一口气豁然开朗、无限拓宽的地方。",translated,依恩,3eb949a6da,br=0 nl=2,3,
inc/event/res/12/me12_05.txt#34#12,"皇位継承に関することって、
それまでずっと自分の中だけの悩みだった。","关于皇位继承的事宜，
在那之前一直都只是我独自一人的烦恼。",translated,依恩,04d5dd85cb,br=0 nl=1,2,
inc/event/res/12/me12_05.txt#35#12,"でもそれがカノンさんと志を一緒にすることで、
初めて自分だけの問題じゃないんだって気付けた。","但正因与卡诺志同道合、并肩作战，
我才初次领悟到这绝非仅属于个人的问题。",translated,依恩,999182a425,br=0 nl=1,2,
inc/event/res/12/me12_05.txt#36#12,"アルメティカさんの力もそうだった。
たった一人のジェノムの力ですごいことが起きた。","阿尔梅堤嘉大人的力量也是如此。
仅凭一位杰诺姆之力，就引发了奇迹般的波澜。",translated,依恩,7f693236e7,br=0 nl=1,2,
inc/event/res/12/me12_05.txt#37#12,"とても多くの人たちに影響を与えていって、
もしかしたら自分が歩く道はこういうことが
起きるのかもって――","给如此众多的人们带来了深刻的影响，
让我切身体会到，自己所走上的道路
或许也会面临这样的激荡――",translated,依恩,002ded1707,br=0 nl=2,3,
inc/event/res/12/me12_05.txt#38#12,直接肌で感じることになった。,真正有了刻骨铭心的切身体会。,translated,依恩,1663c5153f,br=0 nl=0,1,
inc/event/res/12/me12_05.txt#39#12,色んな意味で、転換点になった場所だと思う。,无论从何种意义上说，都是命运转折的据点。,translated,依恩,76ea86629d,br=0 nl=0,1,
inc/event/res/12/me12_05.txt#40#12,"そうね。イオンについていって日々を過ごすだけ
だったのが、ここから一気に世界を相手にする
ような――","是啊。原本只是跟着依恩浑浑噩噩混日子，
从这里开始却一口气变成了以整个世界为对手――",translated,妮伊,ec70d627d2,br=0 nl=2,3,
inc/event/res/12/me12_05.txt#41#12,規模が大きくなっていった感じはした。,让人由衷感觉到格局一口气放大了呢。,translated,妮伊,998715dbf3,br=0 nl=0,1,
inc/event/res/12/me12_05.txt#42#12,うん……。,嗯……,translated,依恩,a8fec971ce,br=0 nl=0,1,
inc/event/res/12/me12_05.txt#43#12,"そうだ。
アルメティカさんはどうしてるかな？","对了。
阿尔梅堤嘉大人现在怎么样了呢？",translated,依恩,6aae4afe15,br=0 nl=1,2,
inc/event/res/12/me12_05.txt#44#12,そういえば。,这么说来确实呢。,translated,妮伊,e8d343647e,br=0 nl=0,1,
inc/event/res/12/me12_05.txt#45#12,"うーん。ジェノムだし、
この街からは離れてないんじゃないかな。","唔――毕竟是杰诺姆，
应该不会离开这座城市吧。",translated,妮伊,d59898d0c7,br=0 nl=1,2,
inc/event/res/12/me12_05.txt#46#12,もしかしたらまた何か話が聞けるかも。,说不定还能向她请教些什么呢。,translated,依恩,3efe4b2532,br=0 nl=0,1,
inc/event/res/12/me12_05.txt#47#12,行ってみる？,要去看看吗？,translated,妮伊,77f1338f13,br=0 nl=0,1,
inc/event/res/12/me12_05.txt#48#12,"うん。行ってみたい。
それに――","嗯，我想去看看。
而且――",translated,依恩,e0f1943270,br=0 nl=1,2,
inc/event/res/12/me12_05.txt#49#12,"アルメティカさんならもしかしたら、
カノンさんのこと、何か分かるかも
しれないし……。","如果是阿尔梅堤嘉大人，
搞不好会对卡诺的事情
知晓些什么线索也说不定……",translated,依恩,1cbf5a4054,br=0 nl=2,3,
inc/event/res/12/me12_05.txt#73#12,わっ。すごい人……。,哇。好多人……,translated,依恩,c6a7f7bed9,br=0 nl=0,1,
inc/event/res/12/me12_05.txt#74#12,なにやってるのかしら。,这是在干什么呀。,translated,妮伊,fd3049629a,br=0 nl=0,1,
inc/event/res/12/me12_05.txt#75#12,……お祈り？　修道院だし。,……祈祷？毕竟是修道院嘛。,translated,妮伊,dbc875f82b,br=0 nl=0,1,
inc/event/res/12/me12_05.txt#76#12,"そうみたい。
まだ、こんなに残ってる人がいたんだ。","好像是呢。
原来还有这么多人留在这里啊。",translated,依恩,7e921f9e53,br=0 nl=1,2,
inc/event/res/12/me12_05.txt#77#12,メゾンとは大違いね。,跟公馆真是天壤之别呢。,translated,妮伊,6167313159,br=0 nl=0,1,
inc/event/res/12/me12_05.txt#78#12,"まあでも、ここは地文にとっての
最後の聖地みたいなもんだし、
不思議っていうほどでもないのかな。","嘛，不过这里对地文而言
就相当于最后的圣地，
倒也没什么好不可思议的吧。",translated,妮伊,ff310b9858,br=0 nl=2,3,
inc/event/res/12/me12_05.txt#79#12,"地文だけではありません。
ここは、ジェノムの恩恵を受けた人々
すべての憩いの場であるのですよ。","不仅是地文。
这里是所有蒙受杰诺姆恩泽的人们，
共同的心灵休憩之所啊。",translated,祭司,09bdaa6022,br=0 nl=2,3,
inc/event/res/12/me12_05.txt#95#12,だれ？,谁啊？,translated,妮伊,60be8e8322,br=0 nl=0,1,
inc/event/res/12/me12_05.txt#96#12,突然、失礼致しました。,冒昧唐突，万分失礼。,translated,祭司,89db019765,br=0 nl=0,1,
inc/event/res/12/me12_05.txt#99#12,私はここの寺院の者です。,我是这座寺院的祭司。,translated,祭司,9c7d7c2949,br=0 nl=0,1,
inc/event/res/12/me12_05.txt#100#12,"ラシェーラ様、
皇帝即位おめでとうございます。","拉榭拉陛下，
衷心祝贺您登基即位皇帝。",translated,祭司,ffe4b11658,br=0 nl=1,2,
inc/event/res/12/me12_05.txt#101#12,"そして、お二人ともようこそおいでください
ました。",同时也诚挚欢迎二位莅临此地。,translated,祭司,8c5e1a15ae,br=0 nl=1,2,
inc/event/res/12/me12_05.txt#102#12,どうしてわたしのことを……。,您为何会知晓我的身份……,translated,依恩,1eff346cb9,br=0 nl=0,1,
inc/event/res/12/me12_05.txt#103#12,"私はアルメティカに遣わされた、と言えば
ご納得いただけますでしょうか。","若我说我是受阿尔梅堤嘉所托前来相迎，
不知陛下是否能释怀？",translated,祭司,eb69ca1ea0,br=0 nl=1,2,
inc/event/res/12/me12_05.txt#104#12,アルメティカさんが？,是阿尔梅堤嘉大人吗？,translated,依恩,b918a520ab,br=0 nl=0,1,
inc/event/res/12/me12_05.txt#105#12,"確かになんでも知ってるジェノムなら
あたし達が来ることくらい知ってても
おかしくないわね。","确实，要是无所不知的杰诺姆，
算准我们要来倒也一点都不奇怪呢。",translated,妮伊,b30c3300ea,br=0 nl=2,3,
inc/event/res/12/me12_05.txt#106#12,それで、わたし達にどのような御用でしょうか。,那么，请问找我们有什么事呢？,translated,依恩,fa8e5a998e,br=0 nl=0,1,
inc/event/res/12/me12_05.txt#107#12,"アルメティカが是非、陛下にお会いしたいと。
なので、私がお迎えにあがりました。","阿尔梅堤嘉无论如何都想拜会陛下，
因此我特地前来恭迎。",translated,祭司,bbbcf24c90,br=0 nl=1,2,
inc/event/res/12/me12_05.txt#108#12,アルメティカさんの方から？,阿尔梅堤嘉大人主动想见我们？,translated,依恩,84c3edc8de,br=0 nl=0,1,
inc/event/res/12/me12_05.txt#109#12,"ラッキーじゃない。
こっちからコンタクトを取る手間が省けたわね。","这不正好嘛。
倒省了我们自己想办法联络的功夫了。",translated,妮伊,df7e43e777,br=0 nl=1,2,
inc/event/res/12/me12_05.txt#110#12,うん。,嗯。,translated,依恩,d357e9e0ee,br=0 nl=0,1,
inc/event/res/12/me12_05.txt#111#12,"実は、わたし達もアルメティカさんに
会いたいと思っていたんです。",其实，我们也正想拜会阿尔梅堤嘉大人呢。,translated,依恩,333bff398d,br=0 nl=1,2,
inc/event/res/12/me12_05.txt#112#12,"そちらも伺っております。
皇帝陛下たちが自分に会いにくるだろう、と。","此事我也已知悉。
阿尔梅堤嘉曾言，皇帝陛下定会前来见她。",translated,祭司,8b93257cf1,br=0 nl=1,2,
inc/event/res/12/me12_05.txt#113#12,"ご案内致します。
こちらへどうぞ。","由我来为二位引路，
请随我往这边走。",translated,祭司,27441ac7f6,br=0 nl=1,2,
inc/event/res/12/me12_05.txt#157#12,"久しぶりじゃな、天文皇女イオナサル。
いや、今は皇帝ラシェーラか。","好久不见了，天文皇女依欧娜萨鲁。
不，如今该唤作皇帝拉榭拉了吧。",translated,阿尔梅堤嘉,8bf09b5e10,br=0 nl=1,2,
inc/event/res/12/me12_05.txt#158#12,お久しぶりです、アルメティカさん。,好久不见，阿尔梅堤嘉大人。,translated,依恩,e15c0342d7,br=0 nl=0,1,
inc/event/res/12/me12_05.txt#159#12,"そちらが本来のイオナサル……
今はネイという名じゃったか。","那边那位便是原本的依欧娜萨鲁……
如今是唤作妮伊吧。",translated,阿尔梅堤嘉,a402148ac3,br=0 nl=1,2,
inc/event/res/12/me12_05.txt#160#12,"お初にお目にかかります。
全知のジェノム、アルメティカ。","初次相见，
全知的杰诺姆，阿尔梅堤嘉。",translated,妮伊,5b0aa70f79,br=0 nl=1,2,
inc/event/res/12/me12_05.txt#161#12,"まさかこうしてお話が出来る機会があるとは
思っていませんでした。",万没想到居然能有这般与您对谈的机会。,translated,妮伊,b0c5447f3b,br=0 nl=1,2,
inc/event/res/12/me12_05.txt#162#12,そうじゃのう。,是啊。,translated,阿尔梅堤嘉,4870e7f9dc,br=0 nl=0,1,
inc/event/res/12/me12_05.txt#163#12,"しかし恐らくこれが、最後の会話となるであろう。
じきにこの星の命は尽きる。","然而这恐怕也是我们最后的交谈了。
不久之后，这颗星球的寿命便将走到尽头。",translated,阿尔梅堤嘉,497d63c499,br=0 nl=1,2,
inc/event/res/12/me12_05.txt#165#12,"ごめんなさい。
わたし、何もできませんでした。","对不起……
我什么都没能做到。",translated,依恩,4077f01aba,br=0 nl=1,2,
inc/event/res/12/me12_05.txt#166#12,"この星のことも、ジェノムが襲われて
しまった時も……。","关于这颗星球的事也是，
杰诺姆们遭受袭击的时候也是……",translated,依恩,5393d2e6ba,br=0 nl=1,2,
inc/event/res/12/me12_05.txt#169#12,"気にすることはない。
お主たちは常に自分に出来うる最善を
尽くしてきたはずじゃ。","无需自责。
汝等想必始终都在全力践行着自身力所能及的最善。",translated,阿尔梅堤嘉,171c3b7cef,br=0 nl=2,3,
inc/event/res/12/me12_05.txt#170#12,"人には出来ることと出来ないことがある。
一人の人間が大きな影響を与えることも
あるが――","凡人皆有所能，亦有所不能。
一人之身虽能掀起狂澜――",translated,阿尔梅堤嘉,6b9610f357,br=0 nl=2,3,
inc/event/res/12/me12_05.txt#171#12,"それによって生まれた大きな流れは
一人の人間ではどうしようもない。","但由此诞生的时代洪流，
却绝非单凭一人所能力挽狂澜。",translated,阿尔梅堤嘉,426fb9c8af,br=0 nl=1,2,
inc/event/res/12/me12_05.txt#172#12,"その流れを止められなかったからといって、
お主のせいではあるまいよ。","未能遏止那股狂澜，
亦绝非汝之过咎。",translated,阿尔梅堤嘉,4ee287e6cf,br=0 nl=1,2,
inc/event/res/12/me12_05.txt#173#12,"アルメティカさん……。
ありがとうございます。","阿尔梅堤嘉大人……
非常感谢您。",translated,依恩,f7046e538e,br=0 nl=1,2,
inc/event/res/12/me12_05.txt#174#12,よいのじゃ。,无妨。,translated,阿尔梅堤嘉,c2edd38157,br=0 nl=0,1,
inc/event/res/12/me12_05.txt#176#12,"さて、お主らがここに来ると知ってから伝えて
おかねばならんと思っておったことがある。","自知晓汝等将至起，
吾便有一事深感必须告知汝等。",translated,阿尔梅堤嘉,15c7280058,br=0 nl=1,2,
inc/event/res/12/me12_05.txt#177#12,"わたしも、アルメティカさんに聞きたいことが
あるんです！",我也正有事情想向阿尔梅堤嘉大人请教！,translated,依恩,e2bda8d9d0,br=0 nl=1,2,
inc/event/res/12/me12_05.txt#178#12,ジェノム達は大丈夫でしょうか……。,杰诺姆们现在还好吗……,translated,依恩,82adcd2b42,br=0 nl=0,1,
inc/event/res/12/me12_05.txt#179#12,"どうしようもない部分はあったかもしれない。
それでも全員が納得できるわけではないと
思うんです。","或许很多事确实出于无奈，
但我深知绝不是所有人都能坦然接受与理解的。",translated,依恩,39ffbee285,br=0 nl=2,3,
inc/event/res/12/me12_05.txt#180#12,"ジェノム狩りなんていう恐ろしいことが
起きてしまって……。","毕竟居然发生了猎捕杰诺姆
这等可怕至极的事态……",translated,依恩,8d045cef29,br=0 nl=1,2,
inc/event/res/12/me12_05.txt#181#12,更にはコーザルさんまで巻き込んで……。,甚至还把考扎尔大人卷入其中……,translated,依恩,9db36c8155,br=0 nl=0,1,
inc/event/res/12/me12_05.txt#182#12,"ジェノム達はもう、
人間を許さないのではないでしょうか。","杰诺姆们，
难道已经再也不肯原谅人类了吗。",translated,依恩,0b7be12002,br=0 nl=1,2,
inc/event/res/12/me12_05.txt#184#12,それと……。,还有就是……,translated,依恩,f07038366b,br=0 nl=0,1,
inc/event/res/12/me12_05.txt#185#12,それと、カノイールのこと、じゃな？,还有，卡诺伊尔之事，对吧？,translated,阿尔梅堤嘉,216c564e1c,br=0 nl=0,1,
inc/event/res/12/me12_05.txt#186#12,はい……。,是的……,translated,依恩,53e3140853,br=0 nl=0,1,
inc/event/res/12/me12_05.txt#187#12,ふむ……。,唔嗯……,translated,阿尔梅堤嘉,fc5b7abae5,br=0 nl=0,1,
inc/event/res/12/me12_05.txt#188#12,ラシェーラ。,拉榭拉。,translated,阿尔梅堤嘉,4680060a85,br=0 nl=0,1,
inc/event/res/12/me12_05.txt#189#12,はい。,在。,translated,依恩,8b9236cd4b,br=0 nl=0,1,
inc/event/res/12/me12_05.txt#190#12,それらの質問に答えるにはいささか長い話になる。,要回答这些疑问，说来便话长了。,translated,阿尔梅堤嘉,5ffc1bcfb9,br=0 nl=0,1,
inc/event/res/12/me12_05.txt#191#12,"そして、我らジェノムという存在の歴史を
語らねばなるまい。","而且，免不了要追溯
吾等名为杰诺姆之存在的历史渊源。",translated,阿尔梅堤嘉,5d54fcded2,br=0 nl=1,2,
inc/event/res/12/me12_05.txt#192#12,"以前、お主は強い気持ちで真実を求めて
ここに来た。その時と同じく、
今も求める気持ちは変わらぬか？","昔日汝心怀炽烈之志，为求真相而来。
如今那份探求之心，
是否依然如昔未曾动摇？",translated,阿尔梅堤嘉,6ea782618d,br=0 nl=2,3,
inc/event/res/12/me12_05.txt#193#12,否、あのとき以上の覚悟をもっておるか？,不，汝是否拥有更胜往昔的觉悟？,translated,阿尔梅堤嘉,b374325d4f,br=0 nl=0,1,
inc/event/res/12/me12_05.txt#196#12,"はい！
わたしは知らなくてはならないんです。","是的！
我必须将一切探寻清楚才行。",translated,依恩,cdadfc157d,br=0 nl=1,2,
inc/event/res/12/me12_05.txt#197#12,わたしはラシェール・フューザーを謳います。,我将献唱拉榭拉融合器。,translated,依恩,58e5143a55,br=0 nl=0,1,
inc/event/res/12/me12_05.txt#198#12,"残った人を救うために。
ですがそれは同時に滅びの詩でもあります。","为了拯救留下来的人们。
但这首诗，同时也是带来终焉破灭之诗。",translated,依恩,95a4672fa5,br=0 nl=1,2,
inc/event/res/12/me12_05.txt#199#12,"全ての命を背負って進まないといけません。
それが――","我必须背负着所有的生命奋力前行。
这便是――",translated,依恩,b2eaaa708a,br=0 nl=1,2,
inc/event/res/12/me12_05.txt#200#12,"皇帝ラシェーラとして、そしてイオナサル・
ククルル・プリシェールとしての覚悟です！","作为皇帝拉榭拉，以及作为
依欧娜萨鲁・库库鲁鲁・普立薛尔的觉悟！",translated,依恩,b2d3485170,br=0 nl=1,2,
inc/event/res/12/me12_05.txt#201#12,"どんなに過酷な現実が待っていたとしても、
そこには必ず意味があるはずです。","无论等待着我的是多么残酷的现实，
其中也必定深藏着它应有的意义。",translated,依恩,6586f59c8e,br=0 nl=1,2,
inc/event/res/12/me12_05.txt#202#12,"だからお願いします。
あなたの知っていることを教えてください！","所以拜托您了。
请将您所知晓的一切悉数告诉我吧！",translated,依恩,fba2cc7474,br=0 nl=1,2,
inc/event/res/12/me12_05.txt#204#12,"良いじゃろう。
よもやそこまでの覚悟があったとは……。","善哉。
未料汝竟已抱持着这般坚定的觉悟……",translated,阿尔梅堤嘉,c0857f409d,br=0 nl=1,2,
inc/event/res/12/me12_05.txt#205#12,みくびっていたのはわしの方だったか。,反倒是吾小觑了汝啊。,translated,阿尔梅堤嘉,b4a99e0486,br=0 nl=0,1,
inc/event/res/12/me12_05.txt#206#12,"ジェノムを巡る全て。
そして、お主が探してやまない彼女のことを。","围绕杰诺姆的一切因果。
以及，汝苦苦找寻的那名少女之事。",translated,阿尔梅堤嘉,53864d2914,br=0 nl=1,2,
inc/event/res/12/me12_05.txt#216#12,結論を述べよう。,吾且先言结论吧。,translated,阿尔梅堤嘉,8693150311,br=0 nl=0,1,
inc/event/res/12/me12_05.txt#217#12,"ジェノムは人間たちに対して憎しみを
抱いてはおらん。","杰诺姆对人类，
从未心怀憎恨。",translated,阿尔梅堤嘉,f40ce96168,br=0 nl=1,2,
inc/event/res/12/me12_05.txt#218#12,"世界がこのようになったことに対しての
無念を抱いている者はおるが、
それは憎しみとは違う。","虽有同胞对世界沦落至此抱憾痛惜，
但那与憎恨不可同日而语。",translated,阿尔梅堤嘉,71f571237b,br=0 nl=2,3,
inc/event/res/12/me12_05.txt#219#12,"自分たちがもう少しうまく人間を導くことが
出来なかったのか、という後悔の方が強いのじゃ。","吾等更多的是在自责与懊悔，
悔恨自身当初未能力挽狂澜、更好地引导人类。",translated,阿尔梅堤嘉,d61767d21e,br=0 nl=1,2,
inc/event/res/12/me12_05.txt#220#12,"それと同時に、最後までこの星を見届ける気で
おる。","与此同时，
吾等亦决意守望相伴这颗星球直至终局。",translated,阿尔梅堤嘉,aadfb2e6be,br=0 nl=1,2,
inc/event/res/12/me12_05.txt#224#12,どうして、ジェノムのみんなはそんなに……。,为什么杰诺姆的大家会如此……,translated,依恩,03541f85ef,br=0 nl=0,1,
inc/event/res/12/me12_05.txt#225#12,"簡単に言ってしまえば、大きな運命の歯車が
回った末に辿り着いたのが今という結果だから
じゃろう。","简而言之，不过是命运的巨轮滚滚辗转、
最终所抵达的既定归宿罢了。",translated,阿尔梅堤嘉,3837e1449d,br=0 nl=2,3,
inc/event/res/12/me12_05.txt#226#12,"こうなったことを受け入れているということ
ですか？","您的意思是说，
大家已经坦然接受了这般宿命吗？",translated,依恩,d91a7a91c3,br=0 nl=1,2,
inc/event/res/12/me12_05.txt#227#12,少し、違うな。,略有偏差。,translated,阿尔梅堤嘉,9c884166a7,br=0 nl=0,1,
inc/event/res/12/me12_05.txt#231#12,"ラシェーラ。
我らジェノムはいつ頃この星に生まれ落ちたか
知っておるか？","拉榭拉。
汝可知吾等杰诺姆，
是于何时在这颗星球上诞生的吗？",translated,阿尔梅堤嘉,f625a1f38c,br=0 nl=2,3,
inc/event/res/12/me12_05.txt#232#12,い、いえ……知らないです。,不、不知道……我不清楚。,translated,依恩,dc14920d17,br=0 nl=0,1,
inc/event/res/12/me12_05.txt#233#12,"恐らくジェノムだけでなく、
人間たちのことも知らんじゃろう。","恐怕汝不仅不知晓杰诺姆之事，
连人类自身的来历亦一无所知吧。",translated,阿尔梅堤嘉,8cd7cbd811,br=0 nl=1,2,
inc/event/res/12/me12_05.txt#234#12,"ジェノムは遙か数万年以上も前に、
この星の意志によって生み出された存在なのじゃ。","早在数万年以前的遥远太古，
杰诺姆便是在这颗星球的意志下诞生的存在。",translated,阿尔梅堤嘉,c1c3d4d73e,br=0 nl=1,2,
inc/event/res/12/me12_05.txt#244#12,"そんなに……。
数万年以上も前から……？","居然那么久远……
数万年以前就存在了吗……？",translated,依恩,29a625fb73,br=0 nl=1,2,
inc/event/res/12/me12_05.txt#245#12,"そうじゃ。
だから、我らにとってこの星は母であるという
意識が強いのじゃ。","正是。
因此对吾等而言，视这颗星球为生身之母的
情愫尤为深厚执着。",translated,阿尔梅堤嘉,9e8b9137a2,br=0 nl=2,3,
inc/event/res/12/me12_05.txt#246#12,この星の本当の名前はシャラノイア。,这颗星球真正的本名，唤作沙拉诺伊亚。,translated,阿尔梅堤嘉,30a3ae0a1b,br=0 nl=0,1,
inc/event/res/12/me12_05.txt#247#12,"我らはシャラノイアと共に、
この数万年の間に幾度もの滅びを経験してきた。","吾等与沙拉诺伊亚相伴相生，
在漫漫数万载岁月中，曾数度历经毁灭浩劫。",translated,阿尔梅堤嘉,fe4f478df3,br=0 nl=1,2,
inc/event/res/12/me12_05.txt#248#12,シャラノイアなんて名前、初めて聞いたわ。,沙拉诺伊亚这个名字，我还是头一次听说呢。,translated,妮伊,85488b4eff,br=0 nl=0,1,
inc/event/res/12/me12_05.txt#249#12,それに、何回も滅びを経験してきたって……。,而且，多次经历毁灭浩劫到底是指……,translated,依恩,da9fbbd227,br=0 nl=0,1,
inc/event/res/12/me12_05.txt#254#12,"我らは滅びを経験するごとに魂を成長させ、
滅亡を乗り越えてきた。","吾等每历经一次灭顶之灾，灵魂便升华成长，
从而一次次跨越了灭绝。",translated,阿尔梅堤嘉,34c0d28c3c,br=0 nl=1,2,
inc/event/res/12/me12_05.txt#255#12,"星から産み落とされた我らの魂の成長は、
星の意志に近づいていくということじゃ。","诞生于星球之上的吾等灵魂之成长，
亦即是向着星球本身的意志不断靠近同化。",translated,阿尔梅堤嘉,8b18c87b07,br=0 nl=1,2,
inc/event/res/12/me12_05.txt#256#12,"そして今、６度目の滅びを前にしてようやく
我らはこの星の意志をくみ取れるまでになった。","及至如今面临第六度毁灭的此刻，
吾等终于得以真正洞悉这颗星球的心意。",translated,阿尔梅堤嘉,60bd563cfa,br=0 nl=1,2,
inc/event/res/12/me12_05.txt#257#12,"シャラノイアの意志は、なんとかお主らが
脱出するまでの時間を稼ごうとしておる。","沙拉诺伊亚的心愿，便是竭尽全力
为汝等凡人争取足以顺利逃脱的时间。",translated,阿尔梅堤嘉,365ac9d0c5,br=0 nl=1,2,
inc/event/res/12/me12_05.txt#258#12,"もういつ崩壊してもおかしくない状況を
懸命に抑えておるのじゃ。","面对随时崩解无存的危局，
它正拼尽残存的力量苦苦维系压制。",translated,阿尔梅堤嘉,97743160b0,br=0 nl=1,2,
inc/event/res/12/me12_05.txt#260#12,"今までに５回も滅びを迎えていたっていうの？　
壮大すぎてついていけないわ。","你是说迄今为止已经经历过５次毁灭了？
这也未免宏大得超乎想象了吧。",translated,妮伊,533563d32e,br=0 nl=1,2,
inc/event/res/12/me12_05.txt#261#12,"そうじゃろうな。
だが、だからこそ、ジェノムのこの星への
気持ちは人間の比ではない。","确然如此吧。
然而正因这层渊源，杰诺姆对这颗星球的眷恋
绝非尔等人类所能比拟。",translated,阿尔梅堤嘉,a32750f5ae,br=0 nl=2,3,
inc/event/res/12/me12_05.txt#262#12,"なぜならお主ら人間は、５０００年ほど前に
この星に移り住んできた者達。","盖因汝等人类，不过是五千年前左右
才辗转迁居至此的过客。",translated,阿尔梅堤嘉,026181930e,br=0 nl=1,2,
inc/event/res/12/me12_05.txt#263#12,我らほど思い入れがないのも当然じゃ。,无法怀有吾等般刻骨的情结，亦属人之常情。,translated,阿尔梅堤嘉,9cd46d3ec3,br=0 nl=0,1,
inc/event/res/12/me12_05.txt#265#12,"ラシェーラに住む人達は、
ほかの星から移り住んで来た……？","居住在拉榭拉的人们，
是从其他星球迁居而来的……？",translated,依恩,3f5a06772f,br=0 nl=1,2,
inc/event/res/12/me12_05.txt#266#12,"そういえば、ソレイルでリーヴェルトさんも
同じことを……。","这么说来，在太阳号上
利维尔特先生也说过同样的话……",translated,依恩,baa1b01e44,br=0 nl=1,2,
inc/event/res/12/me12_05.txt#267#12,"さよう。元々お主らはこの星へふらりと来て、
そしてまた飛び立っていくだけ。","正是。汝等不过是漂泊至这颗星球，
如今又将振翅飞离罢了。",translated,阿尔梅堤嘉,aa7ba48047,br=0 nl=1,2,
inc/event/res/12/me12_05.txt#268#12,我らのようにこの星から生まれ出た存在ではない。,并非如吾等这般，由这颗母星孕育所生的生灵。,translated,阿尔梅堤嘉,e43fd8b74a,br=0 nl=0,1,
inc/event/res/12/me12_05.txt#269#12,"そして滅びの瞬間というものをジェノムは
もう何度も経験しておる。","况且天地归于劫灭的瞬间，
杰诺姆早已历经了无数个轮回。",translated,阿尔梅堤嘉,92a891b544,br=0 nl=1,2,
inc/event/res/12/me12_05.txt#270#12,"だから人間たちを憎んだりはせんし、ジェノムは
最後までこの星とともに生きるつもりじゃ。","所以吾等既不会怨怼人类，杰诺姆亦决意
同生共死，与这颗星球相守直至最后一息。",translated,阿尔梅堤嘉,657a6525af,br=0 nl=1,2,
inc/event/res/12/me12_05.txt#271#12,"もっとも、中にはお主らのところの先遣隊に入り
貢献したいという者もおるし――","虽说同胞之中，亦有愿加入汝等先遣队
予以协助贡献之人――",translated,阿尔梅堤嘉,4664ec1c35,br=0 nl=1,2,
inc/event/res/12/me12_05.txt#272#12,"ヒュムネスフィアにてお主らと共に過ごすという
者もおるがの。まぁごく一部じゃ。","亦有愿在修姆涅球与汝等共度余生之辈。
不过终究只是极少数罢了。",translated,阿尔梅堤嘉,7f62ba1385,br=0 nl=1,2,
inc/event/res/12/me12_05.txt#274#12,"ジェノムと人間の過去……。
初めて知りました。","杰诺姆与人类的过去……
我还是第一次知晓。",translated,依恩,5fcf0bb691,br=0 nl=1,2,
inc/event/res/12/me12_05.txt#275#12,"あたしも。
今までそんなの、全然聞いたことなかった。","我也是。
以前从来都没听说过这种秘辛。",translated,妮伊,2097fc33ee,br=0 nl=1,2,
inc/event/res/12/me12_05.txt#276#12,"アルメティカさんの言う、
この星を離れたくない理由は分かります。","阿尔梅堤嘉大人所说的不愿离开母星的原由，
我能够理解。",translated,依恩,af875e8201,br=0 nl=1,2,
inc/event/res/12/me12_05.txt#277#12,"いえ……本当の意味では分かっていないかも
しれない。","不……或许在真正深刻的意义上，
我还远远未能彻底体会。",translated,依恩,0785ebb2d5,br=0 nl=1,2,
inc/event/res/12/me12_05.txt#278#12,"ただ、大変な目にあっても、
この星とずっと一緒に頑張ってきたのなら……。","但是，即便历经千难万险，
也一直与这颗星球同甘共苦一路走来的话……",translated,依恩,009ca63922,br=0 nl=1,2,
inc/event/res/12/me12_05.txt#279#12,そんなジェノム達に一緒に行こうとは言えません。,我实在无法强求这样的杰诺姆同我们一起离开。,translated,依恩,19abfab164,br=0 nl=0,1,
inc/event/res/12/me12_05.txt#280#12,"でも、だからってジェノムを見捨てることは、
わたしには出来ません。",可是，即便如此我也绝对做不到弃杰诺姆于不顾。,translated,依恩,cf8257ed65,br=0 nl=1,2,
inc/event/res/12/me12_05.txt#281#12,"このままじゃ、ラシェーラの崩壊に
巻き込まれていくって、分かってるのに！","明明清楚地知道这样下去，
大家都会被卷入拉榭拉的彻底崩解之中啊！",translated,依恩,858e700e38,br=0 nl=1,2,
inc/event/res/12/me12_05.txt#283#12,"……ごめんなさい。
わたしなんかが何を言っても、
多分ジェノムの意志は変わらない。","……对不起。
无论微不足道的我说些什么，
大概也无法动摇杰诺姆崇高的决意吧。",translated,依恩,f86b7c8ebb,br=0 nl=2,3,
inc/event/res/12/me12_05.txt#284#12,だけど……だけど……！,可是……可是……！,translated,依恩,e90e2702f2,br=0 nl=0,1,
inc/event/res/12/me12_05.txt#288#12,"ありがとう、ラシェーラ。
お主は優しい人間じゃ。
お主が自らの非力を悔やむ必要はない。","多谢汝，拉榭拉。
汝是心怀大善之人。
汝无需为自身的力有未逮而悔恨痛心。",translated,阿尔梅堤嘉,d9622aec70,br=0 nl=2,3,
inc/event/res/12/me12_05.txt#289#12,人間とジェノムの心は離れてしまったのじゃ。,人类与杰诺姆的心灵，终究已渐行渐远。,translated,阿尔梅堤嘉,578cf5c451,br=0 nl=0,1,
inc/event/res/12/me12_05.txt#290#12,"共に暮らしていても、
これでは不信感が募るばかり。お互いにな。","纵使强行共处一隅，
也不过是在彼此心间徒增猜忌与隔阂罢了。",translated,阿尔梅堤嘉,02cc8e355a,br=0 nl=1,2,
inc/event/res/12/me12_05.txt#291#12,そんな……。,怎会……,translated,依恩,66ae11e5dd,br=0 nl=0,1,
inc/event/res/12/me12_05.txt#292#12,コーザルのことも、影響しておる。,考扎尔之事，亦深陷其中。,translated,阿尔梅堤嘉,103f0b4ef8,br=0 nl=0,1,
inc/event/res/12/me12_05.txt#293#12,コーザルさん……？,考扎尔大人……？,translated,依恩,8fc1249139,br=0 nl=0,1,
inc/event/res/12/me12_05.txt#295#12,"コーザルは人間と対峙して消滅した。
ジェノムの王としてよくできた者だったが――","考扎尔直面人类，最终迎来了消亡。
它作为杰诺姆之王，堪称鞠躬尽瘁――",translated,阿尔梅堤嘉,50ba5af184,br=0 nl=1,2,
inc/event/res/12/me12_05.txt#296#12,"エネルギー体へと変化する際の苦痛が人間への
憎悪と結び付き、その想いが他のジェノムに
影響を与えてしまわないか。","但其化为能量体时的剧痛与对人类的怨怼相融，
吾唯恐那份残存的思念
会潜移默化地波及侵染其余杰诺姆。",translated,阿尔梅堤嘉,8807c0ed6c,br=0 nl=2,3,
inc/event/res/12/me12_05.txt#297#12,それだけが心配なのじゃ……。,唯独此节，最令吾挂怀忧虑……,translated,阿尔梅堤嘉,a3ee77c04b,br=0 nl=0,1,
inc/event/res/12/me12_05.txt#298#12,ジェノムの思考は個が全であり、全が個じゃ。,杰诺姆的心念一如‘一即是全，全即是一’。,translated,阿尔梅堤嘉,5173226429,br=0 nl=0,1,
inc/event/res/12/me12_05.txt#299#12,"コーザルの想いが広まれば、
少なからず人間への憎悪も生まれよう。","若考扎尔的痛楚扩散开来，
难免会在族群中滋生对人类的仇恨。",translated,阿尔梅堤嘉,2c872316cc,br=0 nl=1,2,
inc/event/res/12/me12_05.txt#300#12,コーザルさんの魂は……？,考扎尔大人的灵魂呢……？,translated,依恩,ebe081a8e7,br=0 nl=0,1,
inc/event/res/12/me12_05.txt#301#12,"コーザルの魂は完全にエネルギーへと変わった。
もはや、存在せん。","考扎尔的灵魂已尽数化为纯粹的能量，
荡然无存了。",translated,阿尔梅堤嘉,c82260f470,br=0 nl=1,2,
inc/event/res/12/me12_05.txt#302#12,"最後の歩みを共にした、大司教カノイールの
魂もまた、同じ運命を辿っておる。","与其一同并肩走向终局的大主教卡诺伊尔，
其灵魂亦步入了相同的命运。",translated,阿尔梅堤嘉,39c775f1cb,br=0 nl=1,2,
inc/event/res/12/me12_05.txt#304#12,っ……！！,唔……！！,translated,依恩,a8e40cd152,br=0 nl=0,1,
inc/event/res/12/me12_05.txt#305#12,"そん、な……。
カノンさんが……もう。","怎、怎么会……
卡诺她……已经不在了。",translated,依恩,87ca11c7b9,br=0 nl=1,2,
inc/event/res/12/me12_05.txt#306#12,イオン……。,依恩……,translated,妮伊,ec7f4ecbfc,br=0 nl=0,1,
inc/event/res/12/me12_05.txt#321#12,落ち着いた？,冷静一些了吗？,translated,妮伊,24ad004a69,br=0 nl=0,1,
inc/event/res/12/me12_05.txt#322#12,うん……ありがとう、ネイちゃん。,嗯……谢谢你，妮伊。,translated,依恩,c698e65459,br=0 nl=0,1,
inc/event/res/12/me12_05.txt#323#12,"あたしも、心の底では『もしかしたら』って
思ったりもしてたんだけど……。",其实我内心深处，虽然也曾抱着万一的侥幸……,translated,妮伊,b1631d0429,br=0 nl=1,2,
inc/event/res/12/me12_05.txt#324#12,やっぱりはっきり言われるとショックだよね。,但真被当面挑明宣判，打击还是太大了呢。,translated,妮伊,b04980d37e,br=0 nl=0,1,
inc/event/res/12/me12_05.txt#326#12,"しかも言ったのアルメティカだもの……
信じるしか、ないわ。","更何况这可是阿尔梅堤嘉亲口所言……
也只能接受现实了呢。",translated,妮伊,1926029115,br=0 nl=1,2,
inc/event/res/12/me12_05.txt#341#12,"カノンさんと一緒に頑張ろうって約束したの、
ここなの。","当初和卡诺约定一起携手并进的地方，
就是在这里啊。",translated,依恩,72d488105c,br=0 nl=1,2,
inc/event/res/12/me12_05.txt#342#12,"それなのに、ここでカノンさんの死を
教えられるなんて……。","可我却偏偏是在这里，
得知了卡诺离世的噩耗……",translated,依恩,13318f4814,br=0 nl=1,2,
inc/event/res/12/me12_05.txt#353#12,"私と同じ、皇帝を目指す皇女という存在は……
この世にあなたをおいてほかにない。","与我立于相同境地、志在登基的皇女……
在这世上除您之外再无第二人。",translated,卡诺,f1854b01bd,br=0 nl=1,2,
inc/event/res/12/me12_05.txt#354#12,"そのあなたが、同じ気持ちをわかちあって
くれるということがどれほど心強いか。","这样的你愿意与我同舟共济分担忧喜，
是何等令人感到安心信赖。",translated,卡诺,ca613732f5,br=0 nl=1,2,
inc/event/res/12/me12_05.txt#355#12,"イオナサル。
私は、皇位継承の儀に隠された闇をこの手で
暴き、この目で確かめたいと思っています。","依欧娜萨鲁。
我誓要亲手揭开隐藏在皇位继承仪式中的阴霾，
用我这双眼睛去见证真相。",translated,卡诺,38d82966af,br=0 nl=2,3,
inc/event/res/12/me12_05.txt#361#12,"伝統のままに即位するだけでは、
真に世界を救う存在とはなり得ない。","若仅是墨守成规地登上帝位，
断不可成为真正能够拯救世界的存在。",translated,卡诺,6e01ef0fb5,br=0 nl=1,2,
inc/event/res/12/me12_05.txt#362#12,"たとえ誰に止められても、一人になっても、
私はこの使命を全うします。","哪怕受到任何人阻拦，哪怕仅剩我孑然一身，
我也定要将这项使命贯彻到底。",translated,卡诺,444857aa0c,br=0 nl=1,2,
inc/event/res/12/me12_05.txt#363#12,一人になっても……。,哪怕仅剩你孑然一身……,translated,依恩,795bea1494,br=0 nl=0,1,
inc/event/res/12/me12_05.txt#364#12,"はい。
ただ……。","是的。
只是……",translated,卡诺,9852a5e102,br=0 nl=1,2,
inc/event/res/12/me12_05.txt#365#12,ただ……？,只是……？,translated,依恩,72e5543b76,br=0 nl=0,1,
inc/event/res/12/me12_05.txt#366#12,いえ、何でもありません。,不，没什么。,translated,卡诺,721b38e096,br=0 nl=0,1,
inc/event/res/12/me12_05.txt#367#12,"何ですか、言ってください。
わたし、カノンさんがすごく大事なことを
しようとしてるって、わかります！","是什么呢，请告诉我吧。
我明白卡诺小姐现在想要去做的，
是一件非常非常重要的大事！",translated,依恩,f9e2ee742a,br=0 nl=2,3,
inc/event/res/12/me12_05.txt#368#12,"……私のしようとしていることは、
失敗すれば皇位に背を向ける結果に
なりかねません。","……我如今欲为之事，
一旦败北恐将招致彻底背弃皇位的后果。",translated,卡诺,a1a8f7424c,br=0 nl=2,3,
inc/event/res/12/me12_05.txt#369#12,"同じ想いを共有できる相手も限られます。
だから……。","能与我分担这份心绪之人亦少之又少。
所以……",translated,卡诺,026b9a130d,br=0 nl=1,2,
inc/event/res/12/me12_05.txt#370#12,だから？,所以呢？,translated,依恩,e64e1dd158,br=0 nl=0,1,
inc/event/res/12/me12_05.txt#376#12,その……私と一緒に来て欲しいのです、あなたに！,那个……我想恳请您，同我一道前行！,translated,卡诺,b4bd7778f6,br=0 nl=0,1,
inc/event/res/12/me12_05.txt#387#12,カノンさん……っ。ひっく……。うぅ……。,卡诺……呜。嗝……呜呜……,translated,依恩,1163d08873,br=0 nl=0,1,
inc/event/res/12/me12_05.txt#388#12,約束したのに、カノンさん……。,明明约好了的，卡诺……,translated,依恩,40f5118113,br=0 nl=0,1,
inc/event/res/12/me12_05.txt#389#12,イオン……。,依恩……,translated,妮伊,ec7f4ecbfc,br=0 nl=0,1,
inc/event/res/12/me12_05.txt#398#12,ごめんね、ネイちゃん……。,对不起，妮伊……,translated,依恩,323eb5ffd7,br=0 nl=0,1,
inc/event/res/12/me12_05.txt#399#12,別に。気にしなくてもいいのよ。,没事的，不用在意我啦。,translated,妮伊,a190e3a251,br=0 nl=0,1,
inc/event/res/12/me12_05.txt#400#12,"この世界が今もこうしてあるのは、
カノンさんとコーザルさんのおかげ、
なんだよね……。","这个世界如今还能得以苟延残喘，
全都是多亏了卡诺和考扎尔大人……对吧。",translated,依恩,cb8b2d730d,br=0 nl=2,3,
inc/event/res/12/me12_05.txt#401#12,最後にリーヴェルトを止めてくれたしね。,毕竟他们奋不顾身阻止了利维尔特嘛。,translated,妮伊,c925fa0188,br=0 nl=0,1,
inc/event/res/12/me12_05.txt#402#12,"あれがなかったらもっと多くの人が犠牲に
なってたし、ラシェーラももう崩壊してた
かもしれないわね。","要是没有那次挺身而出，不仅会有更多人丧命，
拉榭拉恐怕也早已分崩离析了呢。",translated,妮伊,8057766c53,br=0 nl=2,3,
inc/event/res/12/me12_05.txt#403#12,"カノンさん達の意志が、
今もこうして生きることに繋がってる。","卡诺他们的崇高心念，
直到此刻仍在庇佑指引着我们的生息。",translated,依恩,42fcecbe80,br=0 nl=1,2,
inc/event/res/12/me12_05.txt#404#12,"二人で叶えることは出来なくなっちゃった
けど、わたしが生きている限り、
カノンさんの意志は継いでいけるんだよね。","虽然两个人一起实现的誓言已然无法完成，
但只要我尚存一息，
就能将卡诺的遗志永远传承下去对吧。",translated,依恩,e1e685fadc,br=0 nl=2,3,
inc/event/res/12/me12_05.txt#405#12,あのとき想像してた未来とは違う……。,虽然与那时描绘的未来截然不同……,translated,依恩,b8296ccf2b,br=0 nl=0,1,
inc/event/res/12/me12_05.txt#406#12,"それでも、カノンさんと一緒に
目指したものは変わらない。","但曾经与卡诺一同奋力追求的理想，
却从未改变分毫。",translated,依恩,b1550b725e,br=0 nl=1,2,
inc/event/res/12/me12_05.txt#407#12,"いま生きてる人たちみんな、
幸せに暮らせる世界を創りたい。","我想创造一个能让当下活着的大家
都能幸福生活的全新世界。",translated,依恩,ae8f88f0af,br=0 nl=1,2,
inc/event/res/12/me12_05.txt#408#12,イオン……。うん、そうだよね。,依恩……嗯，你说得对呢。,translated,妮伊,5396885b70,br=0 nl=0,1,
inc/event/res/12/me12_05.txt#409#12,"幸せになって欲しい……
ううん、違うね。絶対に幸せにする。","希望大家能幸福……
不，不是那样。我一定要让大家获得幸福。",translated,依恩,3b8d3b7da0,br=0 nl=1,2,
inc/event/res/12/me12_05.txt#410#12,その為に、わたしは謳うんだ。,为此，我将高声讴歌。,translated,依恩,cffc8fe185,br=0 nl=0,1,
inc/event/res/12/me12_05.txt#411#12,みんなが生きて、幸せになるための、希望の詩！,为了让大家活下去、为了奔向幸福的希望之诗！,translated,依恩,23aa0611e6,br=0 nl=0,1,
inc/event/res/12/me12_05.txt#412#12,"それが、わたしの紡ぐ
ラシェール・フューザーだから！","因为这正是由我所编织的
拉榭拉融合器！",translated,依恩,884b676d6e,br=0 nl=1,2,
inc/event/res/12/me12_06.txt#31#12,お邪魔しまーす。,打扰啦――,translated,依恩,4185d60c95,br=0 nl=0,1,
inc/event/res/12/me12_06.txt#35#12,イオン！？　どうしてここにいるの！？,依恩！？你怎么会在这里！？,translated,凯斯,1a3702ef11,br=0 nl=0,1,
inc/event/res/12/me12_06.txt#36#12,"あれ、キャスちゃん？
キャスちゃんこそなんでサーリちゃんの家に……。","哎，凯斯？
凯斯怎么反而在莎丽的家里……",translated,依恩,455872348a,br=0 nl=1,2,
inc/event/res/12/me12_06.txt#37#12,"私は自分の家に一回行っておきたくて、
サーリに連れてきてもらったのよ。","我想回自己的家看最后一眼，
才拜托莎丽带我过来的啦。",translated,凯斯,e6b1ddcdbd,br=0 nl=1,2,
inc/event/res/12/me12_06.txt#38#12,"そうだったんだ。
そういえばこっちにもお家あるんだもんね。","原来是这样啊。
说起来凯斯在这边也是有家的呢。",translated,依恩,93bb5583de,br=0 nl=1,2,
inc/event/res/12/me12_06.txt#39#12,"それより、あんたよあんた。
皇帝陛下がどうしてこんなところにいるの？","比起这个，问题在于你啊。
皇帝陛下怎么会晃荡到这种地方来？",translated,凯斯,670875934a,br=0 nl=1,2,
inc/event/res/12/me12_06.txt#52#12,イオンのいつものワガママよ。,还不是依恩老毛病又犯、任性胡闹呗。,translated,妮伊,c4325777ba,br=0 nl=0,1,
inc/event/res/12/me12_06.txt#53#12,わ、ワガママって。ネイちゃん……。,任、任性胡闹什么的。妮伊你真是的……,translated,依恩,37aa616393,br=0 nl=0,1,
inc/event/res/12/me12_06.txt#54#12,なるほどね。,原来如此啊。,translated,凯斯,889c9d8bcb,br=0 nl=0,1,
inc/event/res/12/me12_06.txt#55#12,"なるほどねって、納得しないでよぅ、
キャスちゃん……。","别那么一脸恍然大悟地跟着点头嘛，
凯斯……",translated,依恩,ec2905574e,br=0 nl=1,2,
inc/event/res/12/me12_06.txt#61#12,よく来たね、イオナサル。ネイさん。,欢迎光临，依欧娜萨鲁。妮伊小姐。,translated,莎丽,18248d2a33,br=0 nl=0,1,
inc/event/res/12/me12_06.txt#62#12,"やっほー。
様子見に来てあげたわよ。","呀吼――
我们特地过来探望你们啦。",translated,妮伊,5fc4169ef5,br=0 nl=1,2,
inc/event/res/12/me12_06.txt#63#12,"イオナサルは視察でもしてるのかな？
外に護衛の人達がいたけれど。","依欧娜萨鲁是在巡视视察吗？
我看到外面有护卫队的人在守候呢。",translated,莎丽,0718a85654,br=0 nl=1,2,
inc/event/res/12/me12_06.txt#64#12,うん……最後に色々回っておきたくて。,嗯……最后想把各处都转一遍。,translated,依恩,ce9394e1a9,br=0 nl=0,1,
inc/event/res/12/me12_06.txt#65#12,"そうか。{フォーシーズン}はもう見るところも、
人もいなくなってしまったけどね。","这样啊。不过{四季}已经没有
什么可看的去处，居民也早已搬空了呢。",translated,莎丽,23ce90bc22,br=1 nl=1,2,keep-terms {フォーシーズン}
inc/event/res/12/me12_06.txt#65#14,コロン・フォーシーズンは超上流階級向けのコロンで<CR>あり、居住条件はもちろん、入場審査も他のコロンとは比較にならないほどの厳しさである。<CR>そのため別のコロンと比べると人口は極端に少なく、<CR>厳しい基準の上で居住もしくは入場が許可されるため、平和で落ち着いたコロンとなっている。<CR>コロン全体が緑に溢れており、さらに特注の気象コントローラが創りあげられており、ベゼル太陽の膨張に<CR>よって四季を見ることが出来なくなったラシェーラにおいては唯一、四季が存在するコロンとなっている。<CR>また学問は相当高いレベルにあり、学術機関の最高学府が点在している。これらの機関はコロンに住む富豪たちによって多額の出資を受け運営されている。,克隆四季是面向特权上流阶层的克隆，<CR>居住条件自不必说，入场审查的严苛程度也是其他克隆所无法比拟的。<CR>因此与其他克隆相比人口极少，<CR>正因是在极为严苛的标准下准许居住或入场，才造就了一座和平安宁的克隆。<CR>整座克隆绿意盎然，加之配备了特制的拟态气象控制器，在因贝捷尔太阳膨胀<CR>而再也见不到四季的拉榭拉中，成为了唯一存在四季变换的克隆。<CR>此外这里的学术水平相当之高，学术机构的最高学府星罗棋布。这些机构接受居住在克隆内的富豪们的大额资助得以运营。,translated,莎丽,3e491f86d7,<CR> <CR> <CR> <CR> <CR> <CR> br=0 nl=0,1,keep-tags <CR>; src-longest-line=323
inc/event/res/12/me12_06.txt#66#12,"そうそう！　外、すっごい静かだったわ。
ぜーんぜん人いなくなっちゃってるのね。","就是说啊！外面静悄悄的。
真的是连半个人影都看不到了呢。",translated,妮伊,aa9cd6acad,br=0 nl=1,2,
inc/event/res/12/me12_06.txt#67#12,プラネタリー・メゾンみたいだったね。,跟行星公馆当时一模一样呢。,translated,依恩,62a159a7a6,br=0 nl=0,1,
inc/event/res/12/me12_06.txt#68#12,"あっちは人が引き上げたって感じだったけど、
こっちは綺麗さっぱりいなくなってるって
感じなのね。","那边感觉像是人撤离干净了，
而这边则给人一种被彻底搬空的感觉呢。",translated,妮伊,eaddbe4ac7,br=0 nl=2,3,
inc/event/res/12/me12_06.txt#69#12,恐らくその違いは物も減ってるからだろう。,我想那种差异，是因为连财物也搬空了吧。,translated,莎丽,152bdd4091,br=0 nl=0,1,
inc/event/res/12/me12_06.txt#70#12,"メゾンは娯楽街だからね。
持って行くには不要なものが多かったはずだ。","毕竟公馆是娱乐街，
很多东西带走也派不上用场。",translated,莎丽,f4e8bca573,br=0 nl=1,2,
inc/event/res/12/me12_06.txt#71#12,"あ……確かに。人はいないのに、
ここよりは雑多な感じだったかも。","啊……确实。虽说人去楼空，
但公馆那边确实比这里显得更杂乱一些。",translated,依恩,add38c542b,br=0 nl=1,2,
inc/event/res/12/me12_06.txt#72#12,"フォーシーズンは元々富裕層のコロンだ。
優先的にヒュムネスフィアに移動していた。
家財とかも丸ごとね。","四季本来就是富人聚集的克隆，
拥有优先移居修姆涅球的特权，
连家具资产也一并打包带走了。",translated,莎丽,b2b4029748,br=0 nl=2,3,
inc/event/res/12/me12_06.txt#73#12,だから本当にカラッポって感じなのね。,难怪整座克隆真真正正空空如也呢。,translated,妮伊,b5887edef0,br=0 nl=0,1,
inc/event/res/12/me12_06.txt#74#12,"ヒュムネスフィアに行けた者は幸運だったよ。
もっと上の……最上の富裕層は逆にあの力場で
消滅してしまったからね。","能迁去修姆涅球反倒算幸运了。
地位更显赫的极权富贾，
反倒都在那个力场中彻底湮灭了呢。",translated,莎丽,143ea78387,br=0 nl=2,3,
inc/event/res/12/me12_06.txt#75#12,"そっか。
あの時、リーヴェルトさんに連れられて……。","是啊。
那时候在利维尔特先生带领下……",translated,依恩,43fea80412,br=0 nl=1,2,
inc/event/res/12/me12_06.txt#76#12,"切り捨てられた方が最終的に助かるっていうのも、
皮肉な話ね。","被抛弃舍弃的一方反倒最终死里逃生，
这还真是莫大的讽刺呢。",translated,凯斯,e6550820af,br=0 nl=1,2,
inc/event/res/12/me12_06.txt#77#12,まあ、済んでしまったことは仕方がない。,罢了，既成事实也是无可奈何。,translated,莎丽,39ba720711,br=0 nl=0,1,
inc/event/res/12/me12_06.txt#78#12,"少しは時間があるんだろう？
ゆっくりしていってよ。
お茶くらいなら出せる。","稍微有些充裕时间吧？
在这坐会儿歇歇脚吧。
粗茶一杯还是能够招待的。",translated,莎丽,d2036534fb,br=0 nl=2,3,
inc/event/res/12/me12_06.txt#79#12,"もっとも、使用人やクオンタイズの連中は
引き上げさせてしまったから、
大したおもてなしはできないが。","不过，佣人和库翁泰兹的同伴们
都已经撤离了，
我也拿不出什么像样的招待就是了。",translated,莎丽,cd7c3453b7,br=0 nl=2,3,
inc/event/res/12/me12_06.txt#80#12,"ううん。
ありがとう、サーリちゃん。","不会呀。
谢谢你，莎丽。",translated,依恩,2f5cc0480d,br=0 nl=1,2,
inc/event/res/12/me12_06.txt#82#12,"とりあえず座っていてくれ。
何か持って来るよ。","总之先坐下吧，
我去拿些茶点过来。",translated,莎丽,5a80214804,br=0 nl=1,2,
inc/event/res/12/me12_06.txt#87#12,あ、私も手伝うわ。,啊，我也来帮忙。,translated,凯斯,d07a59cd7e,br=0 nl=0,1,
inc/event/res/12/me12_06.txt#103#12,"びっくりした。
まさかイオンが来るなんてね。","吓我一跳。
真没想到依恩会大驾光临呢。",translated,凯斯,098296bbe6,br=0 nl=1,2,
inc/event/res/12/me12_06.txt#104#12,"イオナサルは少し、皇帝としての自覚が
足りないのかもしれない。","依欧娜萨鲁作为皇帝的自觉，
或许确实还有所欠缺呢。",translated,莎丽,34896e0eac,br=0 nl=1,2,
inc/event/res/12/me12_06.txt#105#12,"まぁ、なったばっかりっていうのもあるけど、
元々人の上に立つような子じゃないわよね。","嘛，虽说也是刚登基不久的缘故，
但她本来就不是那种擅长身居高位的孩子嘛。",translated,凯斯,89bf8ae193,br=0 nl=1,2,
inc/event/res/12/me12_06.txt#106#12,"それでも、立場に見合った考えや振る舞いは
必要になってくる。","可即便如此，
与其地位相符的思想与言行举止也是不可或缺的。",translated,莎丽,f82aa3942e,br=0 nl=1,2,
inc/event/res/12/me12_06.txt#107#12,ちゃんとやっていけるのか心配だわ。,真担心她能不能好好应付过来啊。,translated,凯斯,751faa08f0,br=0 nl=0,1,
inc/event/res/12/me12_06.txt#108#12,ふふ……。,呵呵……,translated,莎丽,54503a1a5d,br=0 nl=0,1,
inc/event/res/12/me12_06.txt#109#12,なによ？,笑什么嘛？,translated,凯斯,5f01f6d76e,br=0 nl=0,1,
inc/event/res/12/me12_06.txt#110#12,"なんだかんだ言って、キャスはイオナサルの
ことを放っておけないんだなと思って。","我只是觉得，嘴上说了那么多，
喀丝还是放心不下依欧娜萨鲁呢。",translated,莎丽,62968865cd,br=0 nl=1,2,
inc/event/res/12/me12_06.txt#111#12,そ、それはあんたも同じでしょ！？,那、那你不也是一样吗！？,translated,凯斯,4083aa29ce,br=0 nl=0,1,
inc/event/res/12/me12_06.txt#112#12,確かに、そうかもしれない。,确实，也许是这样吧。,translated,莎丽,5280ce86de,br=0 nl=0,1,
inc/event/res/12/me12_06.txt#113#12,"頼りなくて、何かするなら自分一人で
こなした方が早いのに、
不思議と手を貸してしまうんだ。","虽然靠不住，如果要做什么事的话，
自己一个人搞定还更快一些，
但不可思议的是总会忍不住伸出援手。",translated,莎丽,8ff6997061,br=0 nl=2,3,
inc/event/res/12/me12_06.txt#114#12,"上に立つ者の力……とは違うかもしれないが、
人を集める何かが、彼女にはあるのかもしれない。","虽然可能不同于作为上位者的力量……
但她身上，或许具备着某种凝聚人心的特质吧。",translated,莎丽,c7f881ee26,br=0 nl=1,2,
inc/event/res/12/me12_06.txt#115#12,分かる気がするわ。,我懂这种感觉。,translated,凯斯,1e8ab7f178,br=0 nl=0,1,
inc/event/res/12/me12_06.txt#116#12,"私も最初はイオンのことあんまり好き
じゃなかった。
ううん、どっちかっていうと嫌いだった。","我最初也不是很喜欢依欧。
不，真要说的话甚至是讨厌。",translated,凯斯,6a011c0541,br=0 nl=2,3,
inc/event/res/12/me12_06.txt#117#12,"でも、今は好きになっちゃってるんだよね。
これってすごい不思議。","但是，现在却变得喜欢上她了呢。
这真的太不可思议了。",translated,凯斯,4de79b9bbe,br=0 nl=1,2,
inc/event/res/12/me12_06.txt#118#12,"今まで会ってきた人達で、一度嫌いになった人
をこんなにも好きになるって、なかったから。","因为在以往遇到的人当中，我还从来没有
这么喜欢过一个曾经讨厌的人呢。",translated,凯斯,796b90af6b,br=0 nl=1,2,
inc/event/res/12/me12_06.txt#119#12,"だからこそイオナサルは皇帝に
なれたのかもしれない。","正因如此，依欧娜萨鲁才能够
成为皇帝吧。",translated,莎丽,2c0bc5c4d1,br=0 nl=1,2,
inc/event/res/12/me12_06.txt#120#12,"カリスマ性でのし上がるのではなく、
周囲の賛同を自然と集めていく方法で。","并不是依靠领袖魅力脱颖而出，
而是以自然汇集周围人认同的方式。",translated,莎丽,7cd7b16e8c,br=0 nl=1,2,
inc/event/res/12/me12_06.txt#121#12,"きっとそんなこと、
本人は考えてもないんだろうけどね。","不过这种事情，
本人肯定连想都没想过吧。",translated,莎丽,a2108995be,br=0 nl=1,2,
inc/event/res/12/me12_06.txt#122#12,うん……絶対考えてないわ。,嗯……绝对没想过。,translated,凯斯,de8930fcfd,br=0 nl=0,1,
inc/event/res/12/me12_06.txt#123#12,"でも、あんたとこうして笑い合いながら
お茶の用意する日が来るとも、
私は思ってなかったわ。","不过，能有像这样和你一边说笑
一边准备茶水的这一天，
我以前也是万万没有想到的。",translated,凯斯,be1978f168,br=0 nl=2,3,
inc/event/res/12/me12_06.txt#124#12,同感だね。,同感。,translated,莎丽,9bb64377dd,br=0 nl=0,1,
inc/event/res/12/me12_06.txt#125#12,"イオナサルと接触してから、
予想外のことしか起きていない。","自从接触了依欧娜萨鲁之后，
发生的事情全在意料之外。",translated,莎丽,6daa030e23,br=0 nl=1,2,
inc/event/res/12/me12_06.txt#126#12,サーリ……。,莎丽……,translated,凯斯,f6f2806a15,br=0 nl=0,1,
inc/event/res/12/me12_06.txt#127#12,"さて。お湯も沸いたし、ひとまず戻ろう。
あまり待たせるのも悪いからね。","好了。水也烧开了，先回去吧。
让她们等太久也不好。",translated,莎丽,f838a12835,br=0 nl=1,2,
inc/event/res/12/me12_06.txt#128#12,ええ。,嗯。,translated,凯斯,88149875da,br=0 nl=0,1,
inc/event/res/12/me12_06.txt#147#12,待たせたね。,让你们久等了。,translated,莎丽,20cb390f80,br=0 nl=0,1,
inc/event/res/12/me12_06.txt#148#12,そんなに気を遣わなくても……。,其实不用这么客气的……,translated,依恩,8d3010d311,br=0 nl=0,1,
inc/event/res/12/me12_06.txt#149#12,"いいのよ。
やりたいんでしょ。","没关系啦。
她是自己想这么做吧。",translated,凯斯,619bf750ba,br=0 nl=1,2,
inc/event/res/12/me12_06.txt#150#12,"やりたいというのは語弊がある。
お客が来たら、もてなすのは当然のことだ。","说我想这么做有些语病。
有客人来访，招待是理所当然的事。",translated,莎丽,cef7b1524c,br=0 nl=1,2,
inc/event/res/12/me12_06.txt#151#12,"はいはい。嬉々としてお茶用意して
おきながらよく言うわ。","是是。明明兴高采烈地准备茶水，
嘴上倒是挺能说的嘛。",translated,凯斯,d22d2884a6,br=0 nl=1,2,
inc/event/res/12/me12_06.txt#152#12,"友達が家に遊びに来ることなんかなかったから、
舞い上がってるのよ。","以前从没有朋友来家里玩过，
所以开心得意忘形了呢。",translated,凯斯,7f2bef804a,br=0 nl=1,2,
inc/event/res/12/me12_06.txt#153#12,僕は舞い上がってなんかいない。,我才没有得意忘形。,translated,莎丽,9c1c9e5ac3,br=0 nl=0,1,
inc/event/res/12/me12_06.txt#154#12,"お湯沸かしてる間、喋りながらどの
お茶菓子出そうかそわそわしてたくせに。","明明刚才烧水的时候，一边说话一边坐立不安地
纠结着该拿什么茶点出来。",translated,凯斯,a279f2be02,br=0 nl=1,2,
inc/event/res/12/me12_06.txt#155#12,そ、それは……！,那、那是……！,translated,莎丽,b31b49f2bc,br=0 nl=0,1,
inc/event/res/12/me12_06.txt#156#12,"ふふふ。
ありがとう、サーリちゃん。","呵呵呵。
谢谢你，莎丽。",translated,依恩,84e9656174,br=0 nl=1,2,
inc/event/res/12/me12_06.txt#157#12,"へぇ～。
サーリにも、可愛いところあるのね。","哎～
莎丽也有可爱的一面嘛。",translated,妮伊,212c582c21,br=0 nl=1,2,
inc/event/res/12/me12_06.txt#158#12,"……冷めないうちにさっさと飲んで。
飲み終わったら、出てってくれ。","……趁热赶紧喝。
喝完了就给我出去。",translated,莎丽,13ad002fbe,br=0 nl=1,2,
inc/event/res/12/me12_06.txt#159#12,"これ以上いじると可哀想だから
お言葉に甘えておきましょうか。","再捉弄下去未免太可怜了，
那我们就恭敬不如从命吧。",translated,妮伊,1bd3ac24e4,br=0 nl=1,2,
inc/event/res/12/me12_06.txt#160#12,うん、いただきまーす！,嗯，我要开动啦！,translated,依恩,a9bf94f2ec,br=0 nl=0,1,
inc/event/res/12/me12_06.txt#161#12,キャス……後で覚えてろよ。,喀丝……你给我记着。,translated,莎丽,9e9756d41f,br=0 nl=0,1,
inc/event/res/12/me12_06.txt#162#12,"あんたはもうちょっと素直になってもいいと
思うんだけどね。",我觉得你应该再坦率一点才好呢。,translated,凯斯,bf354910b4,br=0 nl=1,2,
inc/event/res/12/me12_06.txt#163#12,いやいや、それあんたが言っちゃだめよ……。,不不不，这话轮不到你说吧……,translated,妮伊,5f6249af78,br=0 nl=0,1,
inc/event/res/12/me12_06.txt#173#12,"イオナサル。さっきから外をぼーっと
眺めているようだが、何かあったのか？","依欧娜萨鲁。从刚才开始就一直在发呆
望着窗外，发生什么事了吗？",translated,莎丽,d82d0dea35,br=0 nl=1,2,
inc/event/res/12/me12_06.txt#174#12,"へ……？
ぼーっとしてたかな？","诶……？
我在发呆吗？",translated,依恩,cf66c2a99d,br=0 nl=1,2,
inc/event/res/12/me12_06.txt#179#12,うん、よだれが垂れそうなくらいね。,是啊，口水都快流出来了呢。,translated,妮伊,ca6492fdca,br=0 nl=0,1,
inc/event/res/12/me12_06.txt#180#12,あぅ……ごめんね。,呜……对不起。,translated,依恩,3e6491a232,br=0 nl=0,1,
inc/event/res/12/me12_06.txt#181#12,どうかしたの？,怎么了吗？,translated,凯斯,f0189e2263,br=0 nl=0,1,
inc/event/res/12/me12_06.txt#182#12,"ううん。
ただ、このコロンでも色々あったなぁと思って。","没有啦。
只是觉得在这个殖民区也发生了好多事呢。",translated,依恩,7082930ed5,br=0 nl=1,2,
inc/event/res/12/me12_06.txt#192#12,"わたしの存在が、この世界を危険に晒してるって
サーリちゃんに言われたのもここだったよね。","莎丽对我说我的存在让这个世界陷入危险，
也是在这个地方呢。",translated,依恩,20e976d5a3,br=0 nl=1,2,
inc/event/res/12/me12_06.txt#193#12,"あの時は、僕の時間もなかったから、
不躾な言い方になってしまったけど……。","那时候我赶时间，
所以措辞有些不客气……",translated,莎丽,39ab849585,br=0 nl=1,2,
inc/event/res/12/me12_06.txt#194#12,"あ、ごめんね。
気にしないでサーリちゃん。","啊，对不起。
不要介意哦，莎丽。",translated,依恩,9d468c2de3,br=0 nl=1,2,
inc/event/res/12/me12_06.txt#195#12,"あの言葉が切っ掛けで、わたしは自分自身の
ことを考えるようになったんだと思う。","正因为那句话，我想我才开始
认真思考关于我自己的事情。",translated,依恩,036621846c,br=0 nl=1,2,
inc/event/res/12/me12_06.txt#196#12,"この世界のこと。わたしのこと。
それから、わたしを取り巻いていた多くのこと。","关于这个世界的事。关于我的事。
还有围绕着我的许许多多的事情。",translated,依恩,dd0c0e6af8,br=0 nl=1,2,
inc/event/res/12/me12_06.txt#197#12,あたしのこととかね。,比如关于我的事之类的。,translated,妮伊,47a9d9b795,br=0 nl=0,1,
inc/event/res/12/me12_06.txt#198#12,"うん。ネイちゃんを信じるなって言われたり
もして、なんだか世界が色々変わっちゃった
みたいだった。","嗯。不仅被提醒不要相信奈依，
总觉得整个世界好像都发生了
天翻地覆的改变一样。",translated,依恩,bb7fbb6508,br=0 nl=2,3,
inc/event/res/12/me12_06.txt#199#12,あんた、そんなこと言ってたの！？,你这家伙，当时说了那种话吗！？,translated,妮伊,3ca2ff45bd,br=0 nl=0,1,
inc/event/res/12/me12_06.txt#200#12,"ただの注意喚起だよ。
あの時のネイさんは、裏表が見えなかったからね。","只是善意提醒罢了。
毕竟那时候的奈依小姐让人看不透真面目。",translated,莎丽,d40e460d12,br=0 nl=1,2,
inc/event/res/12/me12_06.txt#201#12,"うわー……あんたに見破られてたなんて、
屈辱だわー……。","哇……被你看穿什么的，
真是奇耻大辱啊……",translated,妮伊,3c9b944717,br=0 nl=1,2,
inc/event/res/12/me12_06.txt#202#12,"何にせよ、イオナサルが世界の真実に近づき
始めるきっかけになったなら、良かったよ。","无论如何，只要能成为依欧娜萨鲁
开始接近世界真相的契机，那就再好不过了。",translated,莎丽,51cdc9a48c,br=0 nl=1,2,
inc/event/res/12/me12_06.txt#203#12,"確かにここに来た時くらいから、
どんどん皇位継承の儀とは違うところを見る
ようになった気がする。","确实自从来到这里之后，
我感觉自己越来越能够看到
皇位继承仪式之外的各方各面了。",translated,依恩,46e48250f4,br=0 nl=2,3,
inc/event/res/12/me12_06.txt#210#12,"この世界の陰、という意味では、ここでジルと
出会ったことは、大きかっただろうね。","就这个世界的阴暗面而言，
在这里与姬尔相遇，影响应该很大吧。",translated,莎丽,02046c8ce9,br=0 nl=1,2,
inc/event/res/12/me12_06.txt#211#12,ジルさん……。,姬尔女士……,translated,依恩,90b7d92f20,br=0 nl=0,1,
inc/event/res/12/me12_06.txt#212#12,"癪だけど……ジルは、ここにいる全員に
とっての楔みたいな存在だよ。","虽然很不甘心……但姬尔对在场的所有人来说，
就像是一根楔子般的存在。",translated,莎丽,8e87ab2ed1,br=0 nl=1,2,
inc/event/res/12/me12_06.txt#213#12,"たった一人で、これほどまで多くの人間の運命に
その存在が打ち込まれているのも珍しい。","仅凭一人之力，就能将自身的存在
如此深地打入这么多人的命运之中，实属罕见。",translated,莎丽,faf3dc26ee,br=0 nl=1,2,
inc/event/res/12/me12_06.txt#214#12,"あたしは、あいつがいたから
すごく悩むことになった。","因为有那个家伙在，
我曾经陷入了极大的烦恼。",translated,妮伊,400c233a95,br=0 nl=1,2,
inc/event/res/12/me12_06.txt#215#12,"でも、いなかったらこうして生きていることも
なかった。","但是，如果没有她的话，
我也不会像现在这样活着了。",translated,妮伊,ef1111e77a,br=0 nl=1,2,
inc/event/res/12/me12_06.txt#216#12,"たぶん、あいつも本当は悪いやつじゃない。
良い面と悪い面、両方あったんだわ。","大概那家伙其实也不是纯粹的坏人吧。
善良的一面和邪恶的一面，两面兼有。",translated,妮伊,3a7a71f225,br=0 nl=1,2,
inc/event/res/12/me12_06.txt#217#12,"それはジルに限ったことじゃないけど、
彼女はその両面がとても顕著な人間だったと思う。","虽然这并不只限于姬尔，
但我认为她身上的这两面性尤为显著。",translated,莎丽,5512f5e289,br=0 nl=1,2,
inc/event/res/12/me12_06.txt#218#12,"自分の願望にどこまでも素直で、
それゆえに道を極端に踏み外していった。","对自己的愿望坦率到底，
正因如此才极端地误入了歧途。",translated,莎丽,c10b542c4d,br=0 nl=1,2,
inc/event/res/12/me12_06.txt#219#12,"……でも、やっぱりわたしとしては
サーリちゃんとのことが心に残ってるよ。","……不过，对我来说，
果然还是和莎丽在一起的事更难以忘怀呢。",translated,依恩,f32648bbcc,br=0 nl=1,2,
inc/event/res/12/me12_06.txt#220#12,僕の……？,关于我的……？,translated,莎丽,5ac61572f7,br=0 nl=0,1,
inc/event/res/12/me12_06.txt#221#12,"サーリちゃんが協力してくれたから
乗り越えられたことがいっぱいあったもん。","因为有莎丽的协助，
我才能跨越许许多多的难关呀。",translated,依恩,55a992e6a2,br=0 nl=1,2,
inc/event/res/12/me12_06.txt#228#12,"ジルの研究室ハッキングしたり、あんたが
いないとできないことは確かにあったわねぇ。","黑进姬尔的研究室之类的，
没有你确实有很多事办不到呢。",translated,妮伊,c781a8d6b9,br=0 nl=1,2,
inc/event/res/12/me12_06.txt#229#12,"あたしも、あんたのおかげでジルの元を
離れられたしさ。","我也多亏了你，
才得以脱离姬尔的掌控。",translated,妮伊,e5b58a5f72,br=0 nl=1,2,
inc/event/res/12/me12_06.txt#230#12,"急に手のひらを返したように……
二人して何か企んでいるのかい？","突然这么改口奉承……
你们两个是不是在密谋什么？",translated,莎丽,397768f331,br=0 nl=1,2,
inc/event/res/12/me12_06.txt#231#12,そ、そんなことないよ。,没、没有那种事啦。,translated,依恩,38e0e63365,br=0 nl=0,1,
inc/event/res/12/me12_06.txt#232#12,……たまに感謝するとこれだもんねぇ。,……难得感谢你一次居然是这种反应。,translated,妮伊,cb914babff,br=0 nl=0,1,
inc/event/res/12/me12_06.txt#233#12,根がひねくれてるんじゃない？,骨子里性格别扭吧？,translated,凯斯,191e46f28d,br=0 nl=0,1,
inc/event/res/12/me12_06.txt#234#12,キャス、きみはいつも一言多い。,喀丝，你总是多嘴。,translated,莎丽,8af7e937f8,br=0 nl=0,1,
inc/event/res/12/me12_06.txt#251#12,"あんたはいっつも一言足りないのよ。
自分の中で完結させるクセ、直したら？","你总是不肯把话说清楚。
那种什么事都在心里自我消化的习惯，改改如何？",translated,凯斯,f3b3f4b541,br=0 nl=1,2,
inc/event/res/12/me12_06.txt#252#12,今だって二人が何を言いたいか分かってるくせに。,明明现在也明白她们两个想表达什么。,translated,凯斯,0af4ec689a,br=0 nl=0,1,
inc/event/res/12/me12_06.txt#253#12,なっ……。,什……,translated,莎丽,04449e3725,br=0 nl=0,1,
inc/event/res/12/me12_06.txt#254#12,ああ。照れてたの？,啊。害羞了吗？,translated,妮伊,d9d554b586,br=0 nl=0,1,
inc/event/res/12/me12_06.txt#255#12,ふふ、サーリちゃん可愛い。,呵呵，莎丽好可爱。,translated,依恩,d70443ccb2,br=0 nl=0,1,
inc/event/res/12/me12_06.txt#256#12,違う、断じて違う！,不是，绝对不是！,translated,莎丽,d22a2764be,br=0 nl=0,1,
inc/event/res/12/me12_06.txt#257#12,じゃあなんだっていうの？,那不然是什么啊？,translated,凯斯,55878e664e,br=0 nl=0,1,
inc/event/res/12/me12_06.txt#258#12,"僕はそんなに大したことはしてないんだ。
だから、持ち上げられても……困る。","我并没有做出那么了不起的事。
所以，被你们这样捧着……我很为难。",translated,莎丽,64a521293f,br=0 nl=1,2,
inc/event/res/12/me12_06.txt#259#12,"イオナサルたちと関わろうと思った動機も、
ちっぽけなものだった。","我当初想要接触依欧娜萨鲁一行的动机，
其实也是微不足道的。",translated,莎丽,3bf1c70c5b,br=0 nl=1,2,
inc/event/res/12/me12_06.txt#260#12,"僕はこの世界は嘘で満ちていると思った。
天文が抱えている闇を知れば、それは明らかに
なる。","我认为这个世界充满了谎言。
只要知晓了天文所背负的黑暗，
一切就会水落石出。",translated,莎丽,a1afbd1157,br=0 nl=2,3,
inc/event/res/12/me12_06.txt#261#12,それを暴いてやりたかっただけなんだ。,我只是想要揭穿这一切罢了。,translated,莎丽,2745b5c307,br=0 nl=0,1,
inc/event/res/12/me12_06.txt#262#12,それって、すごいことって思うんだけど……。,我觉得这已经是一件很了不起的事了呀……,translated,依恩,179ad0693e,br=0 nl=0,1,
inc/event/res/12/me12_06.txt#263#12,"いや、ただ暴こうとしていただけなんだ。
それで世の中がどうなろうと、
知ったことじゃなかった。","不，我只是想要揭穿而已。
至于揭穿之后世界会变成怎样，
我根本毫不关心。",translated,莎丽,30fd98cb03,br=0 nl=2,3,
inc/event/res/12/me12_06.txt#264#12,"自分の能力を確かめたかっただけ。
自己顕示欲を満たすだけのくだらない
発想だろう？","只是想检验自己的能力而已。
纯粹为了满足自我表现欲的无聊念头罢了，
不是吗？",translated,莎丽,4b12c2f44e,br=0 nl=2,3,
inc/event/res/12/me12_06.txt#265#12,あんたって、悩みすぎ。,你这家伙，想太多了啦。,translated,妮伊,bbd89d7228,br=0 nl=0,1,
inc/event/res/12/me12_06.txt#266#12,悩みすぎ……？,想太多……？,translated,莎丽,51f2fb2c00,br=0 nl=0,1,
inc/event/res/12/me12_06.txt#267#12,"別に、正義の味方ってわけじゃないんだから、
そんなに自分を追い詰めていかなくてもいいのよ。","反正又不是什么正义的伙伴，
不用把自己逼得那么紧啦。",translated,妮伊,303cc24e96,br=0 nl=1,2,
inc/event/res/12/me12_06.txt#268#12,"何かやろうと思う気持ちなんて人それぞれだし、
そこに善悪とか大小を求めても仕方がないの。","想做某件事的心情本来就因人而异，
去苛求其中的善恶或者格局大小毫无意义。",translated,妮伊,8240da8c63,br=0 nl=1,2,
inc/event/res/12/me12_06.txt#269#12,"大事なのは、行動を起こすってことと、
起こした後にどうするか、よ。","重要的是付诸行动，
以及行动之后该怎么做。",translated,妮伊,bd545a2ea6,br=0 nl=1,2,
inc/event/res/12/me12_06.txt#270#12,"あたしだって最初は元の自分に戻りたいとしか
考えてなかった。",我最初也是满脑子只想变回原本的自己而已。,translated,妮伊,771b1b1e5a,br=0 nl=1,2,
inc/event/res/12/me12_06.txt#271#12,"そんでイオンをハメようとしたけど、
今はこうしてみんなで笑えてる。","后来虽然陷害过依欧，
但现在也能像这样和大家一起欢笑了。",translated,妮伊,b436b0afd1,br=0 nl=1,2,
inc/event/res/12/me12_06.txt#272#12,あんたも一緒じゃない？,你不也是一样的吗？,translated,妮伊,29d81ad6c2,br=0 nl=0,1,
inc/event/res/12/me12_06.txt#273#12,"そ、そうだよ！
サーリちゃんにいっぱい助けられたのは
本当だし、色々あったかもしれないけど――","就、就是说呀！
受到莎丽很多帮助是千真万确的，
虽然经历过各种波折――",translated,依恩,784f123c0b,br=0 nl=2,3,
inc/event/res/12/me12_06.txt#274#12,今はこうして一緒に笑っていられるよ？,但现在能像这样一起欢笑不是吗？,translated,依恩,893e270b48,br=0 nl=0,1,
inc/event/res/12/me12_06.txt#275#12,"わたしもずっと遠慮しちゃったり、
自信なかったりだけど、最近はちょっとずつ
ありのままを受け入れるようにしてる。","我也总是一味退让、缺乏自信，
不过最近也开始一点点学会
去接纳真实坦率的自己了。",translated,依恩,903032fa47,br=0 nl=2,3,
inc/event/res/12/me12_06.txt#276#12,"サーリちゃんも、今だから貰える言葉とか、
今だから楽しいことをもっと素直に感じても
いいんじゃないかな。","莎丽也是，对于正因当下才能听到的话语，
正因当下才能体会的快乐，
我觉得不妨更坦率地去感受哦。",translated,依恩,ea5a26b4ed,br=0 nl=2,3,
inc/event/res/12/me12_06.txt#277#12,今だから、か……。,正因当下吗……,translated,莎丽,c14268d8d9,br=0 nl=0,1,
inc/event/res/12/me12_06.txt#278#12,"ようはあんた、頭でっかちだってことよ。
いっつも無駄に考え事ばっかりしてるから。","说白了你就是个死脑筋啦。
平时总是无谓地瞎琢磨那么多。",translated,凯斯,a32e20f0bc,br=0 nl=1,2,
inc/event/res/12/me12_06.txt#279#12,これは性格だ。,这就是我的性格。,translated,莎丽,b9ed42f119,br=0 nl=0,1,
inc/event/res/12/me12_06.txt#280#12,……でも、うん。嬉しいと思う。,……不过，嗯。我挺高兴的。,translated,莎丽,0310369922,br=0 nl=0,1,
inc/event/res/12/me12_06.txt#281#12,"確かに過ぎたことを気にしすぎても
いけないのかもしれない。","确实，过度纠结于过去的事
也许并不妥当。",translated,莎丽,5755aaec7e,br=0 nl=1,2,
inc/event/res/12/me12_06.txt#282#12,"僕の力がイオナサル達の助けになれたと
いうのなら、それは僕にとっても嬉しい
ことだ。","如果我的微薄之力能够帮到依欧娜萨鲁她们，
那对我而言，
也是一件值得欣喜的事。",translated,莎丽,b4658a7778,br=0 nl=2,3,
inc/event/res/12/me12_06.txt#283#12,サーリちゃん……！,莎丽……！,translated,依恩,7c0112bbd3,br=0 nl=0,1,
inc/event/res/12/me12_06.txt#284#12,ただ、これだけは僕も言っておきたい。,只是，唯有这一点我也想声明一下。,translated,莎丽,9d38b27566,br=0 nl=0,1,
inc/event/res/12/me12_06.txt#285#12,"こうして今、嬉しいと感じられるのも、
きみたちのおかげだということを。","如今能感受到这份喜悦，
也全都是多亏了你们。",translated,莎丽,3dc738f547,br=0 nl=1,2,
inc/event/res/12/me12_06.txt#286#12,"キャスとネイさんは大切な人のために
頑張るという想いを見せてくれた。","喀丝和奈依小姐让我看到了
为了所爱之人全力以赴的心意。",translated,莎丽,283431a3db,br=0 nl=1,2,
inc/event/res/12/me12_06.txt#287#12,"最初はどうしてそこまで出来るのか不思議
だったけれど、一緒に行動するうちに
分かってきたんだ。","起初我虽然纳闷为何能做到这种地步，
但在共同行动的过程中，
我逐渐明白了。",translated,莎丽,63a005bbc3,br=0 nl=2,3,
inc/event/res/12/me12_06.txt#288#12,"お互いを信頼することで生まれる
大切なものがあるっていうことを。","彼此相互信赖，
便会孕育出无比珍贵之物。",translated,莎丽,2553bd5cb5,br=0 nl=1,2,
inc/event/res/12/me12_06.txt#289#12,"そしてイオナサル。きみの気持ちに触れ、
助けたいと心から思うことが出来たんだ。","还有依欧娜萨鲁。触碰到了你的心意，
我才能发自内心地想要去帮助你。",translated,莎丽,0df23a2d14,br=0 nl=1,2,
inc/event/res/12/me12_06.txt#290#12,"うん！　わたしも、サーリちゃんにそう言って
もらえて嬉しい。","嗯！能听到莎丽这么说，
我也很开心。",translated,依恩,79c437099a,br=0 nl=1,2,
inc/event/res/12/me12_06.txt#291#12,"まいったな……こんな真剣なお茶会にする
つもりはなかったんだけど。","真伤脑筋……我本没打算
把茶会搞得这么严肃的。",translated,莎丽,367caa126e,br=0 nl=1,2,
inc/event/res/12/me12_06.txt#292#12,"まあまあ。
そういう日があってもいいんじゃない？","好啦好啦。
偶尔有这样的一天也不坏嘛？",translated,凯斯,ef134cbcfe,br=0 nl=1,2,
inc/event/res/12/me12_06.txt#293#12,"さーて、じゃあこの星で最後のお茶会の
続きでもやりますか！","好～啦，那么我们就在这颗星球上，
把最后的茶会继续进行下去吧！",translated,妮伊,6623104f01,br=0 nl=1,2,
inc/event/res/12/me12_06.txt#294#12,そうだね！,嗯！,translated,依恩,f049d10ab5,br=0 nl=0,1,
inc/event/res/12/me12_06.txt#305#12,"さて、お茶もお菓子も尽きたことだし、
そろそろ行こうか。","好了，茶和点心都吃光了，
我们差不多该出发了吧。",translated,莎丽,c9f450e2e4,br=0 nl=1,2,
inc/event/res/12/me12_06.txt#306#12,あっ……そうね。,啊……说的也是。,translated,凯斯,a5a3b10a14,br=0 nl=0,1,
inc/event/res/12/me12_06.txt#307#12,行くって、どこに？,出发，去哪里呀？,translated,依恩,a91a572483,br=0 nl=0,1,
inc/event/res/12/me12_06.txt#308#12,イオナサルたちも一緒に来るかい？,依欧娜萨鲁你们要一起来吗？,translated,莎丽,de20550b7e,br=0 nl=0,1,
inc/event/res/12/me12_06.txt#309#12,僕達の父と、博士の眠る場所へ。,去我们父亲以及博士长眠的地方。,translated,莎丽,ee28c2b1ac,br=0 nl=0,1,
inc/event/res/12/me12_06.txt#310#12,え……？,诶……？,translated,依恩,7c87e3e5ee,br=0 nl=0,1,
inc/event/res/12/me12_06.txt#336#12,"ネプツールさんとグレイコフさんと、
クラケット博士が眠る場所……。","尼普楚尔先生、古雷柯夫先生，
还有库拉肯特博士长眠的地方……",translated,依恩,e5d70e92d0,br=0 nl=1,2,
inc/event/res/12/me12_06.txt#337#12,みんなそれぞれに偉大な人達だった。,他们各自都是伟大的人物。,translated,莎丽,5a730d05c8,br=0 nl=0,1,
inc/event/res/12/me12_06.txt#338#12,"時代や組織の思惑、ジルやネロ、
イオナサルやカノイール……。","时代的浪潮、组织的企图，姬尔与妮诺，
依欧娜萨鲁与卡诺伊尔……",translated,莎丽,4d6870421c,br=0 nl=1,2,
inc/event/res/12/me12_06.txt#339#12,"様々なものに影響を与えたり、翻弄されて……
そして永い眠りへと就いた人達。","他们对诸多事物施加影响，或是被其摆布……
最终步入了漫长的沉眠之中。",translated,莎丽,ceefdc37e8,br=0 nl=1,2,
inc/event/res/12/me12_06.txt#340#12,どうか安らかに眠ってほしい。,愿他们能安息长眠。,translated,莎丽,a669f9347a,br=0 nl=0,1,
inc/event/res/12/me12_06.txt#341#12,ネプツール……。,尼普楚尔……,translated,妮伊,e677987d38,br=0 nl=0,1,
inc/event/res/12/me12_06.txt#342#12,"やっぱり、悪いだけの人じゃなかったんだ
よね。",果然，他也并不纯粹是个坏人呢。,translated,妮伊,7176014052,br=0 nl=1,2,
inc/event/res/12/me12_06.txt#343#12,"うん……。サーリちゃんを助けるのに
必死だった。","嗯……为了拯救莎丽，
他拼尽了全力。",translated,依恩,8445869526,br=0 nl=1,2,
inc/event/res/12/me12_06.txt#344#12,"そこもやはりさっきの話みたいに
なるんだろうな。",这一点恐怕也正如刚才说的那样吧。,translated,莎丽,067afb595a,br=0 nl=1,2,
inc/event/res/12/me12_06.txt#345#12,"動機は単純だった。
だが、その後がいけなかった。","动机很单纯。
但错就错在后来的做法。",translated,莎丽,4ccb913174,br=0 nl=1,2,
inc/event/res/12/me12_06.txt#346#12,"様々な欲に翻弄され、
溺れて行ってしまったのが……。","被各种各样的欲望所摆布，
渐渐沉溺其中，无法自拔……",translated,莎丽,091f91d646,br=0 nl=1,2,
inc/event/res/12/me12_06.txt#347#12,行きすぎた愛情ってところかしらね。,可以说是走极端的关爱了吧。,translated,妮伊,49363c12f2,br=0 nl=0,1,
inc/event/res/12/me12_06.txt#348#12,"グレイコフおじさんの場合は非常に
分かりやすかった。反面、父は少々歪んで
しまっていた印象がある。","古雷柯夫叔叔的情况非常纯粹易懂。
相对地，父亲给我的印象则是有些扭曲。",translated,莎丽,7e0e855e08,br=0 nl=2,3,
inc/event/res/12/me12_06.txt#349#12,そして二人を育て、見守っていた博士……。,以及抚育两人、守护着他们的博士……,translated,莎丽,28582d9e87,br=0 nl=0,1,
inc/event/res/12/me12_06.txt#350#12,お父さま……。,父亲大人……,translated,凯斯,18bfa29df5,br=0 nl=0,1,
inc/event/res/12/me12_06.txt#351#12,私はもうこの星を離れてしまうけど。,虽然我马上就要离开这颗星球了。,translated,凯斯,c0a8f62f57,br=0 nl=0,1,
inc/event/res/12/me12_06.txt#352#12,"……ここでみんなと仲良くね。
またケンカとかしちゃだめだからね。","……在这里要和大家好好相处哦。
可不能再吵架了哦。",translated,凯斯,a307e547ea,br=0 nl=1,2,
inc/event/res/12/me12_06.txt#353#12,"お父さんも、あまり欲をださないように。
死んでも煩悩の塊だったなんて結末じゃ、
あまりに僕が可哀想だと思わないかい？","父亲也是，别太贪心了。
要是死后还是一身烦恼执念，
你不觉得我这个做儿子的也太可怜了吗？",translated,莎丽,8895415b43,br=0 nl=2,3,
inc/event/res/12/me12_06.txt#354#12,でも……ありがとう。,不过……谢谢你。,translated,莎丽,fb6d12e890,br=0 nl=0,1,
inc/event/res/12/me12_06.txt#355#12,"家に帰って来られなかったのは、
僕のために頑張ってくれていたからだって、
……わかってるよ。だから、安心して。","你没能回到家中，
也是因为一直在为了我而努力奔波……
我都明白的。所以，请安心吧。",translated,莎丽,aa1fcb1aeb,br=0 nl=2,3,
inc/event/res/12/me12_06.txt#357#12,博士もお元気で。,博士也请保重。,translated,莎丽,cd3f64b2d0,br=0 nl=0,1,
inc/event/res/12/me12_06.txt#358#12,"博士から受け継いだこのトロン。
今はまだよく分からないけれど、いつか必ず
博士の意志を解き明かしてみせます。","从博士手中继承的这个托隆。
虽然现在还弄不太明白，但我总有一天
一定会查明博士的真正心愿。",translated,莎丽,0f3d6d8249,br=0 nl=2,3,
inc/event/res/12/me12_06.txt#359#12,"ここに眠るみんな、この世界をよくしようと
してた。","长眠于此的所有人，
都曾想让这个世界变得更加美好。",translated,依恩,cb0622c267,br=0 nl=1,2,
inc/event/res/12/me12_06.txt#360#12,それだけは忘れちゃいけないんだよね。,唯独这点是绝对不能忘记的呢。,translated,依恩,6a60b86dca,br=0 nl=0,1,
inc/event/res/12/me12_06.txt#361#12,みんなそれぞれに一生懸命だった。,大家都各自竭尽了全力。,translated,依恩,0c58325c36,br=0 nl=0,1,
inc/event/res/12/me12_06.txt#362#12,"わたしが謳う詩は、そうした人達の想いの
積み重ねの果てにあるんだ。","我所歌咏的诗篇，
正是建立在那些人们无数心愿的凝聚之上。",translated,依恩,e91abbe859,br=0 nl=1,2,
inc/event/res/12/me12_06.txt#363#12,絶対に、成功させます。,我绝对，会让它成功的。,translated,依恩,6041714a15,br=0 nl=0,1,
inc/event/res/12/me12_06.txt#364#12,偉大なる科学者たちよ。,伟大的科学家们啊。,translated,莎丽,ba47ae5898,br=0 nl=0,1,
inc/event/res/12/me12_06.txt#365#12,この星とともに、どうか安らかに。,愿你们与这颗星球一同安息。,translated,莎丽,129361f5fc,br=0 nl=0,1,
inc/event/res/12/me12_07.txt#40#12,地文の寺院もやっぱり人はいないね。,地文的寺院里果然也是空无一人呢。,translated,依恩,06ee0be7f5,br=0 nl=0,1,
inc/event/res/12/me12_07.txt#41#12,"象徴的存在だったカノンとコーザルが
いなくなっちゃったしね。","毕竟作为象征性存在的卡诺和考扎尔
都已经不在了呢。",translated,妮伊,4d839ff2ea,br=0 nl=1,2,
inc/event/res/12/me12_07.txt#42#12,"カノンさんは最初から立派で、
地文の人達からもすごく支持されてた。","卡诺小姐从一开始就很出色，
深受地文民众的拥戴。",translated,依恩,7013745182,br=0 nl=1,2,
inc/event/res/12/me12_07.txt#43#12,"コーザルさんもジェノムの王様だったし……。
多分、他の人じゃだめなんだろうね。","考扎尔先生也是杰诺姆的王者……
大概换作别人就不行了吧。",translated,依恩,083141b197,br=0 nl=1,2,
inc/event/res/12/me12_07.txt#44#12,"ホイホイ代わりがいないからこそ、
人気があったんでしょ。","正因为不是随便谁都能取代的，
才会有那么高的人气吧。",translated,妮伊,a042921bb1,br=0 nl=1,2,
inc/event/res/12/me12_07.txt#53#12,どういうこと？,什么意思？,translated,依恩,e692803732,br=0 nl=0,1,
inc/event/res/12/me12_07.txt#54#12,"簡単に言うと、候補者が二人いるから対立が
起きる。支持する人が割れて派閥が出来ると、
それが競争になる。","简单来说，正因为有两个候选人所以才会产生对立。
支持者产生分化形成派系，
就会演变成竞争。",translated,妮伊,cedeeebdfa,br=0 nl=2,3,
inc/event/res/12/me12_07.txt#55#12,"でも、支持する相手が元から一人なら、
そういうことにはならないでしょ？","但是，如果从一开始支持的对象就只有一个人，
就不会变成那样了吧？",translated,妮伊,715e17ae98,br=0 nl=1,2,
inc/event/res/12/me12_07.txt#56#12,"そっか。すごい人が一人いれば、
みんなはついて行けばいいだけなんだ。","这样啊。只要有一个了不起的人在，
大家只要跟着他走就行了呢。",translated,依恩,8e7bdead28,br=0 nl=1,2,
inc/event/res/12/me12_07.txt#57#12,"でもね、ついて行くのって楽な分、
周囲はだらけていくのよ。","但是呢，盲从虽然轻松，
周围的人却会因此而变得懒惰散漫哦。",translated,妮伊,28faa1c501,br=0 nl=1,2,
inc/event/res/12/me12_07.txt#58#12,"あの人について行けば間違いないって、
考えなくなっちゃうってこと？","意思是觉得只要跟着那个人就绝不会错，
所以变得不再自己思考了吗？",translated,依恩,d2cf205c60,br=0 nl=1,2,
inc/event/res/12/me12_07.txt#59#12,"そう。その辺りのバランスって難しいんだ
けど……地文の場合、そこはコーザルが
うまくやってたのかもしれない。","没错。虽然这当中的平衡很难把握……
但在地文这边，考扎尔或许
处理得相当不错吧。",translated,妮伊,a529c79fb4,br=0 nl=2,3,
inc/event/res/12/me12_07.txt#60#12,"ジェノムと{同調}するためには少なくとも
楽はできない。","毕竟想要和杰诺姆{同调}，
至少是绝不可能偷懒图轻松的。",translated,妮伊,443b453566,br=1 nl=1,2,keep-terms {同調}
inc/event/res/12/me12_07.txt#60#14,同調とは「心を通わせる」こと。すなわち、人間（契約者）とジェノムの間で、精神世界を共有し、それによってジェノムは人間の、人間はジェノムの力を有る程度使えるようになる。もっと明確に言えば、ジェノムを人間の脳内未使用領域に住まわせることなのである。<CR><CR>同調には「同調」「完全同調」「一心同体」という段階があり、当然段階が上がるほど、引き出せる詩の力は増大する。同調の段階を上げるためには、お互いを深く知り、受け入れることが大事であり、それは一朝一夕では為し得ることが出来ない。<CR>「一心同体」よりも上にもう1段階「唯我」と呼ばれる同調形式があるが、この境地に至った者は誰もいない。,同调即指“心意相通”。亦即在人类（契约者）与杰诺姆之间共享精神世界，借此杰诺姆可以使用人类的部分力量，人类亦能使用杰诺姆的部分力量。更确切地说，就是让杰诺姆居住在人类大脑的未使用区域。<CR><CR>同调分为“同调”、“完全同调”、“一心同体”三个阶段，阶段越高，能引导出的诗之力量自然越庞大。想要提升同调阶段，彼此深刻了解并相互接纳至关重要，绝非一朝一夕之功。<CR>在“一心同体”之上还有一个名为“唯我”的同调形式，但尚无任何人达到过此等境界。,translated,妮伊,2d0b2ceac1,<CR> <CR> <CR> br=0 nl=0,1,keep-tags <CR>; src-longest-line=296
inc/event/res/12/me12_07.txt#61#12,"もちろん、地文の全員が同調することを
望んでたわけじゃないにしても――","当然，就算地文并不是所有人都渴望
去进行同调――",translated,妮伊,002dc3d1c9,br=0 nl=1,2,
inc/event/res/12/me12_07.txt#62#12,"修練を積むっていう習慣があるから、
地文の人達はどこか一本引き締まったところが
あったのかな。","但正因为有着潜心修练的习惯，
地文的人们身上，
或许才会始终带有一股紧绷严谨的劲头吧。",translated,妮伊,2cd52f73ee,br=0 nl=2,3,
inc/event/res/12/me12_07.txt#63#12,言われてみればそうかも。,听你这么一说，好像确实是呢。,translated,依恩,6b09ceaa7d,br=0 nl=0,1,
inc/event/res/12/me12_07.txt#64#12,"どっちが悪いっていうわけじゃないんだろう
けど……。",虽然倒不能说哪一边不好……,translated,依恩,109b8f8282,br=0 nl=1,2,
inc/event/res/12/me12_07.txt#65#12,"地文の人達は天文の人達より
少しだけ厳格な感じがした。","但地文的人们确实比天文的人们
感觉要稍微严格一些。",translated,依恩,a9993c6fd1,br=0 nl=1,2,
inc/event/res/12/me12_07.txt#67#12,どうしたの、イオン？,怎么了，依欧？,translated,妮伊,55dadd206a,br=0 nl=0,1,
inc/event/res/12/me12_07.txt#68#12,"こうして居なくなっちゃってから
分かることもあるんだなぁって。","我只是觉得，有些事情直到失去之后
才终于能够明白呢。",translated,依恩,738ff5f305,br=0 nl=1,2,
inc/event/res/12/me12_07.txt#69#12,"カノンさんが居た頃は、
こんなこと考えてもみなかった。","卡诺小姐还在的时候，
我连想都没想过这些事情。",translated,依恩,ddca743c6d,br=0 nl=1,2,
inc/event/res/12/me12_07.txt#70#12,ま、当たってるかは分かんないけどね。,嘛，虽然我也不知道说得对不对就是了。,translated,妮伊,4400341860,br=0 nl=0,1,
inc/event/res/12/me12_07.txt#71#12,え、そうなの？,诶，是这样吗？,translated,依恩,5f470a4092,br=0 nl=0,1,
inc/event/res/12/me12_07.txt#72#12,"あたし、地文の信者じゃないもの。
外から見て感じたことよ。
当人たちに聞いたわけでもないし。","我又不是地文的信徒。
只是从旁观者的角度感受到的罢了。
又没直接向当事人们打听过。",translated,妮伊,bd882f7206,br=0 nl=2,3,
inc/event/res/12/me12_07.txt#73#12,"そっか……なんだか説得力があったから、
納得しちゃったよ。","这样啊……因为听起来很有说服力，
我还以为真的是那样呢。",translated,依恩,4c43b214a8,br=0 nl=1,2,
inc/event/res/12/me12_07.txt#74#12,"だめよー、皇帝ともあろう方が人の意見を
簡単に信じちゃ。","那可不行哦～堂堂皇帝陛下，
怎么能轻易听信别人的意见呢。",translated,妮伊,1c6ba0f383,br=0 nl=1,2,
inc/event/res/12/me12_07.txt#75#12,もう！,真是的！,translated,依恩,533f16b29d,br=0 nl=0,1,
inc/event/res/12/me12_07.txt#78#12,ラシェーラ様。,拉榭拉大人。,translated,神官,76b08e2b06,br=0 nl=0,1,
inc/event/res/12/me12_07.txt#91#12,はい！,在！,translated,依恩,11e35b8b36,br=0 nl=0,1,
inc/event/res/12/me12_07.txt#92#12,あ、地文の……。,啊，地文的……,translated,依恩,79c5320568,br=0 nl=0,1,
inc/event/res/12/me12_07.txt#93#12,"ここで神官をしている者です。
いえ、していたと言うべきでしょうか。","我是此处的神官。
不，或许该说曾经是神官吧。",translated,神官,9b155d29f6,br=0 nl=1,2,
inc/event/res/12/me12_07.txt#94#12,"ここにはもう、崇めるべきジェノムも、
教えを広めるべき信徒もおりません。","这里已经既没有应当敬奉的杰诺姆，
也没有需要传授教义的信徒了。",translated,神官,b6e676eeca,br=0 nl=1,2,
inc/event/res/12/me12_07.txt#95#12,"ですが、皇帝陛下をお見かけしたとあらば、
お声を掛けないわけにはいきますまい。","但是，既然有幸得见皇帝陛下，
在下自然不能不上前致意。",translated,神官,42a6319873,br=0 nl=1,2,
inc/event/res/12/me12_07.txt#97#12,"もしかしてあなたは……。
あなたも、この星に残るおつもりですか？","难道说您……
您也打算留在这颗星球上吗？",translated,依恩,a84b1625e9,br=0 nl=1,2,
inc/event/res/12/me12_07.txt#98#12,"ええ。
私はラシェーラと運命を共に致します。","是的。
在下将与拉榭拉共存亡。",translated,神官,dc22f8bf5a,br=0 nl=1,2,
inc/event/res/12/me12_07.txt#99#12,……そう、なんですか。,……是、这样吗。,translated,依恩,707ab97c35,br=0 nl=0,1,
inc/event/res/12/me12_07.txt#102#12,なぜ、とはお聞きにならないのですね。,您并不问在下“为什么”呢。,translated,神官,0e61ae3e5a,br=0 nl=0,1,
inc/event/res/12/me12_07.txt#103#12,"わたし、最後にこの星の色々なところを
見て回ってるんです。",我正在最后巡视游览这颗星球的各个角落。,translated,依恩,79759c6f59,br=0 nl=1,2,
inc/event/res/12/me12_07.txt#104#12,"その中にはやっぱり、
あなたみたいな方もいましたから……。","在这过程中，
果然也遇到了像您这样的人……",translated,依恩,ca50bc9ce0,br=0 nl=1,2,
inc/event/res/12/me12_07.txt#105#12,そうですか。,原来如此。,translated,神官,a83577aa2b,br=0 nl=0,1,
inc/event/res/12/me12_07.txt#106#12,"皇帝陛下のお人柄からすれば、
お辛いことでしょう。","以皇帝陛下的仁善性情，
心中一定很难过吧。",translated,神官,c058f475d6,br=0 nl=1,2,
inc/event/res/12/me12_07.txt#107#12,"しかし、私もその辛い言葉を伝えなければ
ならない。","然而，即便如此，
在下也不得不向您传达这句残酷之言。",translated,神官,5a636d5dcf,br=0 nl=1,2,
inc/event/res/12/me12_07.txt#108#12,"ううん。いいんです。どうにかしたいって
思うけど、強制できることじゃないですから。","没关系的。虽然我心里很想做些什么，
但这绝不是能够强求的事情。",translated,依恩,3bbfe2d194,br=0 nl=1,2,
inc/event/res/12/me12_07.txt#109#12,"分かっていただけているようで、
痛み入ります。","能承蒙陛下体谅，
在下感激不尽。",translated,神官,a52ec3b601,br=0 nl=1,2,
inc/event/res/12/me12_07.txt#110#12,"私たちの生きる意味はジェノムと共に
在ることでした。","我们生存的意义，
就在于与杰诺姆休戚与共。",translated,神官,a1d015c8aa,br=0 nl=1,2,
inc/event/res/12/me12_07.txt#111#12,"崇めるべき存在であり、共に生きる隣人であり、
人生の一部でもありました。","杰诺姆是我们崇敬的存在、共处的邻人，
更是我们人生中不可或缺的一部分。",translated,神官,cc42a592b8,br=0 nl=1,2,
inc/event/res/12/me12_07.txt#112#12,切っても切れぬ存在になっていたのです。,早已化作难解难分的血肉羁绊。,translated,神官,76c21cfd1b,br=0 nl=0,1,
inc/event/res/12/me12_07.txt#113#12,"そのジェノムがいなくなった今、
私たちは文字通り生きる意味を失ったのです。","如今杰诺姆已然逝去，
我们便如字面意思那般，彻底失去了活着的意义。",translated,神官,5f665306f1,br=0 nl=1,2,
inc/event/res/12/me12_07.txt#114#12,大切な存在なんですよね……。,它们是如此珍贵的存在呢……,translated,依恩,7d14853e1f,br=0 nl=0,1,
inc/event/res/12/me12_07.txt#115#12,"カノイール様が夢ノ珠でシェルノトロンを
破壊したことを、覚えていらっしゃいますか。","您是否还记得，卡诺伊尔大人
曾利用梦之珠破坏谢尔诺托隆一事？",translated,神官,57fbb5f7d8,br=0 nl=1,2,
inc/event/res/12/me12_07.txt#116#12,はい。あの時はみんな大騒ぎになって。,记得。那时候大家都引发了一场大骚乱。,translated,依恩,12b1db42d6,br=0 nl=0,1,
inc/event/res/12/me12_07.txt#117#12,"ええ。シェルノトロンは天文の者にとって
生活の深くにまで関わっていた。","是的。谢尔诺托隆对于天文的人们来说，
早已深植于日常生活的方方面面。",translated,神官,4f694378f6,br=0 nl=1,2,
inc/event/res/12/me12_07.txt#118#12,"それが砕け散った瞬間、彼らはこの世の終わりと
ばかりに騒ぎ立てました。","在托隆碎裂的那一刻，
他们宛如世界末日降临般惊慌失措、大吵大闹。",translated,神官,e5aebc72d8,br=0 nl=1,2,
inc/event/res/12/me12_07.txt#119#12,確かにすごい騒ぎになったわね。,当时确实闹得沸沸扬扬呢。,translated,妮伊,adbe8e0e6e,br=0 nl=0,1,
inc/event/res/12/me12_07.txt#120#12,"{カンパニー}が補填するっていうんで、
多少収まってたけど。","虽然后来因为{公司}答应赔偿补偿，
才稍微平息了一些。",translated,妮伊,799ce5472b,br=1 nl=1,2,keep-terms {カンパニー}
inc/event/res/12/me12_07.txt#120#14,シェルノトロンのシェア７０％を占めるラシェーラ最大企業の企業だったが、新型シェルノトロンが暴走し、<CR>その研究塔もろとも爆発するという大事故によって、<CR>現在は最低限の生産活動のみが行われている。<CR>この事故によって、カンパニーの創設者であり、最高経営責任者でもあったネプツールと、新型シェルノトロンの中枢開発に関わったグレイコフが死亡しており、事故から一週間、カンパニーに関するニュースが流れない日はなかった。<CR>またこの事故に伴い、シェルノトロンへの影響を鑑みた天文行政はＰＬＡＳＭＡにシェルノトロンの使用制限権を一時委託、市民の安全を考慮して使用レベルの制限をかけていた。,曾是占据榭鲁诺特伦70%市场份额的拉榭拉最大企业，然而因新型榭鲁诺特伦失控，<CR>连同其研究塔一同爆炸的重大事故，<CR>如今仅维持着最低限度的生产活动。<CR>由于该起事故，公司的创始人兼首席执行官尼普楚尔，以及参与了新型榭鲁诺特伦中枢开发的古雷柯夫均告身亡，在事故发生后的一周里，没有一天不在播报关于该公司的相关新闻。<CR>此外伴随该起事故，考虑到对榭鲁诺特伦的影响，天文行政将榭鲁诺特伦的使用限制权暂时委托给了PLASMA，出于市民的安全考虑对其使用等级施加了限制。,translated,妮伊,2f78e2ed84,<CR> <CR> <CR> <CR> br=0 nl=0,1,keep-tags <CR>; src-longest-line=297
inc/event/res/12/me12_07.txt#121#12,"本来、シェルノトロンというのは人間の
生活には存在していなかった物です。","谢尔诺托隆本是人类原本的生活中
根本不存在的事物。",translated,神官,cc912f3dce,br=0 nl=1,2,
inc/event/res/12/me12_07.txt#122#12,それが無くなっただけであの騒ぎよう。,仅仅是失去了那等死物，便已骚乱至此。,translated,神官,3c676ac732,br=0 nl=0,1,
inc/event/res/12/me12_07.txt#123#12,"ですが、ジェノムは遙か昔から
すでに隣にいた存在。","然而，杰诺姆却是自远古起
便陪伴在身旁的生灵。",translated,神官,bb2e3219d7,br=0 nl=1,2,
inc/event/res/12/me12_07.txt#124#12,"シェルノトロンとは、失った際の重みは
比較になりますまい。","失去杰诺姆所带来的沉痛，
绝非区区谢尔诺托隆所能比拟。",translated,神官,87f02d2f89,br=0 nl=1,2,
inc/event/res/12/me12_07.txt#125#12,その辺は素直に賛同はできないけどね。,这一点我可不能爽快地表示赞同呢。,translated,妮伊,98c932e421,br=0 nl=0,1,
inc/event/res/12/me12_07.txt#126#12,"時代によって価値観や重みってのは
変化するもんだろうし。","毕竟价值观和分量，
本来就会随着时代变迁而改变的吧。",translated,妮伊,10e63c7a5f,br=0 nl=1,2,
inc/event/res/12/me12_07.txt#127#12,"シェルノトロンはもう、人間が生きていく
うえで切っても切れないくらい根深いところ
まで浸透しちゃってたのよ。","谢尔诺托隆早已深深扎根、渗透到了
人类维系生存不可分割的深处了啊。",translated,妮伊,87765deaa3,br=0 nl=2,3,
inc/event/res/12/me12_07.txt#129#12,"そうですね。
あなたの言うこともごもっとも。","说的也是。
姑娘所言极是。",translated,神官,06adc08304,br=0 nl=1,2,
inc/event/res/12/me12_07.txt#130#12,"ですが、それを分かったうえでも、
皆の生き方を変えることはできなかった。","然而，纵然深明此理，
我们也无法改变大家的生活之道。",translated,神官,10265777ac,br=0 nl=1,2,
inc/event/res/12/me12_07.txt#131#12,"変わることが出来た者は違う道へ進み、
出来なかった者はこうして残ることを選んだ。","能够改变的人走向了别的人生道路，
未能改变的人则选择像这样留守于此。",translated,神官,2003d0faa6,br=0 nl=1,2,
inc/event/res/12/me12_07.txt#132#12,つまるところ、そういうことなのでしょう。,归根结底，大概就是这么一回事吧。,translated,神官,102308f061,br=0 nl=0,1,
inc/event/res/12/me12_07.txt#133#12,"ごめんなさい……
わたし、あなた達を助けてあげたいんです。","对不起……
我其实很想拯救大家的。",translated,依恩,27bbbf6425,br=0 nl=1,2,
inc/event/res/12/me12_07.txt#134#12,"でも、今のわたしには、皆さんをヒュムネス
フィアへ導くための言葉が見つからなくて……。","但是，现在的我却找不出能够引导大家
前往修姆涅球的话语……",translated,依恩,93861f7b7c,br=0 nl=1,2,
inc/event/res/12/me12_07.txt#135#12,"もしカノンさんやコーザルさんがいてくれたら、
皆さんに違った道を示していたのかも
しれない。","如果卡诺小姐或考扎尔先生还在的话，
或许就能为大家
指引一条截然不同的道路了吧。",translated,依恩,5632aa22a3,br=0 nl=2,3,
inc/event/res/12/me12_07.txt#136#12,"あなた達も、カノンさん達の言葉なら
変われたのかもしれないのに……
ごめんなさい……！","如果是卡诺他们的话语，
也许你们也能够做出改变的……
真的对不起……！",translated,依恩,924448e4dc,br=0 nl=2,3,
inc/event/res/12/me12_07.txt#137#12,"気にすることはありません。
私達は、今の私達の意志で、
ここに残ることを決めたのですから。","您不必自责。
我们也是遵从了自身如今的意志，
才决定留在这里的。",translated,神官,59ed2dd80b,br=0 nl=2,3,
inc/event/res/12/me12_07.txt#138#12,"それよりも、もしあなたの中にカノイール様と
コーザル様が生きているのであれば――","比起这些，若在您的心中依然延续着
卡诺伊尔大人与考扎尔大人的意志――",translated,神官,367f21b81b,br=0 nl=1,2,
inc/event/res/12/me12_07.txt#139#12,"どうか、お二人の想いを新たな大地へと
導きますように。","还望您能将二位大人的心愿，
引渡至崭新的大地之上。",translated,神官,8f032d4868,br=0 nl=1,2,
inc/event/res/12/me12_07.txt#140#12,はい……。,好的……,translated,依恩,53e3140853,br=0 nl=0,1,
inc/event/res/12/me12_07.txt#141#12,それでは、どうかお元気で。皇帝陛下。,那么，请千万珍重。皇帝陛下。,translated,神官,ffae195cb7,br=0 nl=0,1,
inc/event/res/12/me12_07.txt#163#12,……っ。,……唔。,translated,依恩,a3b529609c,br=0 nl=0,1,
inc/event/res/12/me12_07.txt#164#12,イオン……。,依欧……,translated,妮伊,ec7f4ecbfc,br=0 nl=0,1,
inc/event/res/12/me12_07.txt#167#12,"ネイ、ちゃん……わたし、これで良かったの
かな……胸が苦しいよ……。","奈依……我这样做真的好吗……
心里好难受啊……",translated,依恩,a77ea1391f,br=0 nl=1,2,
inc/event/res/12/me12_07.txt#168#12,"良かったか悪かったかなんてのは、
結局後になってみないと分かんないよ。
後付けで納得したりもするから。","究竟是好是坏，
说到底不等到事后是不会知道的。
很多时候也只是事后在心里找理由说服自己罢了。",translated,妮伊,9c3986461b,br=0 nl=2,3,
inc/event/res/12/me12_07.txt#169#12,でもあんたは、今、決断したじゃない。,但你现在，已经做出了决断不是吗。,translated,妮伊,7a121a415d,br=0 nl=0,1,
inc/event/res/12/me12_07.txt#170#12,"今のイオンが一生懸命見て、考えて、
それで決めたことじゃない。","这是现在的依欧拼命地观察、思考之后，
所做出的决定啊。",translated,妮伊,8006d2b263,br=0 nl=1,2,
inc/event/res/12/me12_07.txt#171#12,その行動は間違ってない。,这份行动并没有错。,translated,妮伊,9581b5cbda,br=0 nl=0,1,
inc/event/res/12/me12_07.txt#172#12,……ネイちゃん。,……奈依。,translated,依恩,c7b504478f,br=0 nl=0,1,
inc/event/res/12/me12_07.txt#174#12,"現実には何もかもがうまく行く
ハッピーエンドなんてない。","现实中根本不存在什么万事皆顺的
美满大结局。",translated,妮伊,3ba1c217c0,br=0 nl=1,2,
inc/event/res/12/me12_07.txt#175#12,"『これが正しい』なんて、
その場で分かることも、多分ほとんどない。","所谓“这是正确的”，
在当下就能立刻明白的事情恐怕也寥寥无几。",translated,妮伊,026b1a408e,br=0 nl=1,2,
inc/event/res/12/me12_07.txt#176#12,"何かを選ぶ時って、絶対に何かを犠牲にするし、
犠牲になった分の幸せは戻ってこない。","在做出抉择之时，必然要牺牲某些东西，
而那些被牺牲掉的幸福也绝不会再回来了。",translated,妮伊,6c7bc4fa73,br=0 nl=1,2,
inc/event/res/12/me12_07.txt#177#12,"だからって、怖くてビビって何もしないのが
一番ダメだって、あたしは思う。","但我认为，正因如此，畏首畏尾吓得
什么也不去做才是最不可取的。",translated,妮伊,b525a025de,br=0 nl=1,2,
inc/event/res/12/me12_07.txt#178#12,"辛いけど、重いけど、きちんと選択した
あんたは偉いよ。尊敬する。","虽然痛苦沉重，但能郑重做出选择的你
真的很了不起。我敬佩你。",translated,妮伊,52ef18e433,br=0 nl=1,2,
inc/event/res/12/me12_07.txt#180#12,うん……うん。,嗯……嗯。,translated,依恩,54c0787473,br=0 nl=0,1,
inc/event/res/12/me12_07.txt#181#12,"わたし、カノンさんやコーザルさんの想い、
絶対無駄にしたくない。","我绝对不想辜负
卡诺小姐和考扎尔先生的心意。",translated,依恩,970a8eabe3,br=0 nl=1,2,
inc/event/res/12/me12_07.txt#182#12,"生きたいと想ってる人達のことを、
犠牲にしたくない。","我不想去牺牲
那些渴望活下去的人们。",translated,依恩,e570760f15,br=0 nl=1,2,
inc/event/res/12/me12_07.txt#183#12,"そのために、わたしはわたしの持ってるもの
全部を賭ける。","为此，我愿意赌上我所拥有的
全部一切。",translated,依恩,3f22c7e863,br=0 nl=1,2,
inc/event/res/12/me12_07.txt#184#12,少しでも幸せな未来に近づけるように。,只为了能哪怕更接近一点点幸福的未来。,translated,依恩,726f0935b6,br=0 nl=0,1,
inc/event/res/12/me12_07.txt#186#12,"過去を振り返って後悔して、
立ち止まってなんかいられないから。","因为我绝不能一味回顾过去后悔莫及、
停滞不前。",translated,依恩,10aec87a1a,br=0 nl=1,2,
inc/event/res/12/me12_07.txt#187#12,前に、進むんだ。,一定要，向前迈进。,translated,依恩,5d39d1cee5,br=0 nl=0,1,
inc/event/res/12/me12_08.txt#41#12,"ここは変わらないわねぇ。
ま、変わってたらびっくりだけど。
使われてる様子もなくて良かったわ。","这里还真是一点没变呢。
嘛，要是变了才奇怪呢。
看起来没有被使用过的痕迹，太好了。",translated,妮伊,6c9b282d48,br=0 nl=2,3,
inc/event/res/12/me12_08.txt#42#12,ネイちゃんが来たかったところって……。,奈依想来的地方就是……,translated,依恩,c5957366e3,br=0 nl=0,1,
inc/event/res/12/me12_08.txt#43#12,"そう、ここ。ＴＸルーム。
全ての始まりの場所。","对，就是这里。TX室。
一切开始的地方。",translated,妮伊,a349351758,br=0 nl=1,2,
inc/event/res/12/me12_08.txt#44#12,始まりの場所……。,开始的地方……,translated,依恩,9a33d6edb5,br=0 nl=0,1,
inc/event/res/12/me12_08.txt#45#12,"わたし、この部屋で何があったのかって、
全然覚えてないの。","我对于在这个房间里发生过什么，
完全没有任何记忆。",translated,依恩,c132e04a0c,br=0 nl=1,2,
inc/event/res/12/me12_08.txt#46#12,だけど、何が起きたのかは、少しだけ知ってる。,但是，到底发生了什么，我还是稍微知道一些的。,translated,依恩,e6963776f7,br=0 nl=0,1,
inc/event/res/12/me12_08.txt#47#12,ネイちゃんの記憶が流れ込んできたあの時に……。,在奈依的记忆涌入进来的那个时候……,translated,依恩,c3a5d695e7,br=0 nl=0,1,
inc/event/res/12/me12_08.txt#48#12,"そうだったわね。
あんたの記憶の中に入った時に、
あたしの記憶も少し見られてたんだっけ。","说的也是呢。
进入你的记忆时，
我的记忆好像也稍微被你看到了一些来着。",translated,妮伊,4dcbd0beb1,br=0 nl=2,3,
inc/event/res/12/me12_08.txt#49#12,でも、詳しくは分からなかった。,但是，具体的事情并不清楚。,translated,依恩,0391af61ba,br=0 nl=0,1,
inc/event/res/12/me12_08.txt#50#12,"鮮明な部分と、ぼんやりとした部分が
折り重なって、何かがあったんだっていう
くらいしか。","清晰的部分与模糊的部分相互交叠，
我也仅仅只是感觉到
曾经发生过什么事而已。",translated,依恩,f446b2d017,br=0 nl=2,3,
inc/event/res/12/me12_08.txt#51#12,"そこはやっぱり、自分自身の体験じゃないから
なのかしらね……。","这恐怕终究是因为那并非你本人的
亲身经历吧……",translated,妮伊,cca8cad5ae,br=0 nl=1,2,
inc/event/res/12/me12_08.txt#63#12,イオン。,依欧。,translated,妮伊,927d2cf8ce,br=0 nl=0,1,
inc/event/res/12/me12_08.txt#64#12,"ここであんたは、あたしの体に魂を
入れられたのよ。","就是在这里，你的灵魂
被注入进了我的肉体之中哦。",translated,妮伊,bebaa5ae3d,br=0 nl=1,2,
inc/event/res/12/me12_08.txt#65#12,"そういうこと、なんだよね。
本当のイオナサルはネイちゃん。","事情就是这样，对吧。
真正的依欧娜萨鲁是奈依。",translated,依恩,5143ee6f4f,br=0 nl=1,2,
inc/event/res/12/me12_08.txt#66#12,あたしとあんたは魂と肉体が、同一じゃない。,我和你的灵魂与肉体，并不是同一个出处。,translated,妮伊,8d2e05096f,br=0 nl=0,1,
inc/event/res/12/me12_08.txt#67#12,"テリトリー・エクスチェンジによって、
無理やりすげ替えられた。","而是通过领域交换，
被强行调换了。",translated,妮伊,f57b85c419,br=0 nl=1,2,
inc/event/res/12/me12_08.txt#68#12,"だからあたしは最初、あんたを憎んでいたし、
体を取り戻そうとしてた。","所以起初我非常憎恨你，
一心想要把肉体夺回来。",translated,妮伊,dbebafc777,br=0 nl=1,2,
inc/event/res/12/me12_08.txt#69#12,"当然だよね。誰だって、自分の体を他人に
使われるのは嫌だと思う。","这是理所当然的呢。换作是谁，
自己的肉体被别人使用都会觉得抗拒吧。",translated,依恩,cedf12a2e0,br=0 nl=1,2,
inc/event/res/12/me12_08.txt#72#12,そうなんだけど、でも、勘違いしないで。,确实如此，但是，你可别误会了。,translated,妮伊,d6db74fe4f,br=0 nl=0,1,
inc/event/res/12/me12_08.txt#73#12,"あたしはもう、あんたに怒りを覚えたり、
体を元に戻してやろうなんて思ってない。","我已经不再对你怀有怒火，
也不再想着要把肉体给换回来了。",translated,妮伊,87980a5d08,br=0 nl=1,2,
inc/event/res/12/me12_08.txt#74#12,"そりゃあ、最終的には元の鞘に収まるのが
いいんだろうけど、今すぐどうこうしたいとは
思って無い。","虽说最终能各归其位自然最好，
但我现在并没有
立刻就要怎么样的念头。",translated,妮伊,6349734609,br=0 nl=2,3,
inc/event/res/12/me12_08.txt#75#12,"ま、たまーにドン臭すぎてイラーっと
くることはあるけどね。","嘛，虽然偶尔会因为你太迟钝太笨手笨脚
而感到一阵火大就是了。",translated,妮伊,b6f081b82d,br=0 nl=1,2,
inc/event/res/12/me12_08.txt#76#12,"ええ！？
酷いよネイちゃん……。","诶诶！？
好过分啊奈依……",translated,依恩,047dfaba06,br=0 nl=1,2,
inc/event/res/12/me12_08.txt#77#12,でもでも、メゾンの時と一緒だよね？,但是但是，和在公馆时是一样的对吧？,translated,依恩,81a176d2f0,br=0 nl=0,1,
inc/event/res/12/me12_08.txt#78#12,"わたしがダメダメでも、
見捨てたりしないよね？","就算我很没用不争气，
你也不会抛弃我的对吧？",translated,依恩,e1e7d2bb26,br=0 nl=1,2,
inc/event/res/12/me12_08.txt#79#12,"あんた、信頼がダメな方向に
行ってるんじゃない？","我说你啊，对我的信赖是不是
朝着奇怪的方向发展了？",translated,妮伊,138fe100d7,br=0 nl=1,2,
inc/event/res/12/me12_08.txt#80#12,"ヘタレになりすぎたら容赦なく
見捨てるからね。","要是太窝囊太软弱的话，
我可是会毫不留情地抛弃你的哦。",translated,妮伊,92a3c02f80,br=0 nl=1,2,
inc/event/res/12/me12_08.txt#81#12,"えぇー！
そんなこと言わないでよぉ。","诶――！
不要说这种话嘛。",translated,依恩,c129ddd69e,br=0 nl=1,2,
inc/event/res/12/me12_08.txt#82#12,"ネイ様に見捨てられないよう、
精々頑張ってね？","为了不被奈依大人抛弃，
你就好好努力吧？",translated,妮伊,1d807e13a7,br=0 nl=1,2,
inc/event/res/12/me12_08.txt#83#12,うぅ……頑張る。,呜呜……我会努力的。,translated,依恩,5c33370abd,br=0 nl=0,1,
inc/event/res/12/me12_08.txt#84#12,"ま、そういうわけで、別にイオンがあたしの
体使ってようが、今はもう全然大丈夫。","嘛，所以说，就算依欧用着我的身体，
现在我也完全无所谓了。",translated,妮伊,48c18de37f,br=0 nl=1,2,
inc/event/res/12/me12_08.txt#87#12,"ただね、きちんと話だけはして
おきたかったの。","只是有些话，
我想要好好跟你说清楚。",translated,妮伊,69267b130a,br=0 nl=1,2,
inc/event/res/12/me12_08.txt#88#12,"あたしの体と魂、そしてイオンの魂が
どういう経緯を辿って今のようになったか。","我的身体与灵魂，以及依欧的灵魂，
究竟经历了怎样的始末才变成如今这副模样的。",translated,妮伊,de7c4ffc7d,br=0 nl=1,2,
inc/event/res/12/me12_08.txt#89#12,"曖昧な気持ちのままじゃなく、全部を
分かったうえで、お互いを認め合いたいの。","我不想揣着不明不白的心情，而是希望在一切
都弄明白的基础上，彼此坦诚接纳。",translated,妮伊,5228c2aac0,br=0 nl=1,2,
inc/event/res/12/me12_08.txt#90#12,うん、分かったよ。,嗯，我明白了。,translated,依恩,856e8c5b63,br=0 nl=0,1,
inc/event/res/12/me12_08.txt#91#12,"なんていうんだろうね。
ケジメみたいなものかな。","该怎么说呢。
算是一种做个了断吧。",translated,妮伊,b628a46912,br=0 nl=1,2,
inc/event/res/12/me12_08.txt#92#12,"自分がどういう存在なのかを、
二人でちゃんと共有しておきたいの。","自己究竟是怎样的存在，
我想和两个人共同分担确认清楚。",translated,妮伊,42332a880b,br=0 nl=1,2,
inc/event/res/12/me12_08.txt#94#12,わたしも知りたい。,我也想知道。,translated,依恩,98f6317aea,br=0 nl=0,1,
inc/event/res/12/me12_08.txt#95#12,"ネイちゃんがどんな経験をしてきて、
どんな気持ちだったのか。ちゃんと。","奈依经历过什么，
心中又是怀着怎样的心情。我想真切地知晓。",translated,依恩,f79c5de043,br=0 nl=1,2,
inc/event/res/12/me12_08.txt#103#12,"この部屋で行われた実験の目的は、
七次元先の人物をこの世界に降ろすこと。","在这个房间里进行的实验目的，
是将七次元之外的人物降临至这个世界。",translated,妮伊,0bcd5b08bf,br=0 nl=1,2,
inc/event/res/12/me12_08.txt#112#12,"そのための魂の器としてあたしの体が
使われることになった。","而我的身体，
则被选为了承载那具灵魂的器皿。",translated,妮伊,e833a1c591,br=0 nl=1,2,
inc/event/res/12/me12_08.txt#113#12,"でも、それにはカラッポの器じゃないと
ダメだったの。",但是，那必须得是一个空壳器皿才行。,translated,妮伊,1a0795e17b,br=0 nl=1,2,
inc/event/res/12/me12_08.txt#114#12,わたしが入るための、カラッポの体……。,供我进入的……空壳肉体……,translated,依恩,c89e3ed719,br=0 nl=0,1,
inc/event/res/12/me12_08.txt#115#12,"そう。当時はまだ器を一から作り出す技術は
確立されてなかった。","没错。当时从零开始制造肉身容器的技术
尚未确立。",translated,妮伊,c59f1eb6af,br=0 nl=1,2,
inc/event/res/12/me12_08.txt#116#12,"なら話は簡単。
体から魂を抜いて用意してしまえばいい。","那事情就简单了。
只要把灵魂从肉体中抽离出来准备好就行了。",translated,妮伊,f31a192cf2,br=0 nl=1,2,
inc/event/res/12/me12_08.txt#117#12,"取り出されたあたしの魂は、
特別なトロンに入れられた。","被抽离出来的我的灵魂，
被放入了特殊的托隆之中。",translated,妮伊,b45baec07f,br=0 nl=1,2,
inc/event/res/12/me12_08.txt#118#12,魂を保管しておくような感じ、だよね？,就像是将灵魂保管起来一样，对吧？,translated,依恩,640b15c4a6,br=0 nl=0,1,
inc/event/res/12/me12_08.txt#119#12,そうね。,是啊。,translated,妮伊,ff9ba43454,br=0 nl=0,1,
inc/event/res/12/me12_08.txt#120#12,そしてあたしはそのまま破棄される予定だった。,而且原本的计划，是打算将我直接销毁废弃的。,translated,妮伊,9c5148f149,br=0 nl=0,1,
inc/event/res/12/me12_08.txt#128#12,そんな……！,怎么会……！,translated,依恩,5417777c72,br=0 nl=0,1,
inc/event/res/12/me12_08.txt#129#12,"どうして？　保管出来るのなら、
その……そのまま残しておくとか。
別の器に入れるとか！","为什么？既然能够保管的话，
那个……比如就这样保留下来，
或者放进别的器皿里不行吗！",translated,依恩,37fa3ebe99,br=0 nl=2,3,
inc/event/res/12/me12_08.txt#130#12,"いくら特別なトロンの中に入れておけると
言っても、魂は徐々に消えていってしまうからよ。","就算说能保存在特殊的托隆之中，
灵魂也是会逐渐消散逝去的啊。",translated,妮伊,c12d8426a5,br=0 nl=1,2,
inc/event/res/12/me12_08.txt#131#12,だって、魂と肉体は本来、二つで一つなんだもの。,因为灵魂与肉体，本来就是合二为一的嘛。,translated,妮伊,2216683fa3,br=0 nl=0,1,
inc/event/res/12/me12_08.txt#132#12,魂だけの状態ってのは、不自然なこと。,仅仅保持灵魂状态，本身就是不自然的。,translated,妮伊,4ac0a5aa91,br=0 nl=0,1,
inc/event/res/12/me12_08.txt#134#12,"それにさっき言ったでしょ？
器を一から作り出すことは出来ないって。","而且我刚才不是说了吗？
根本无法从零制造出肉身器皿。",translated,妮伊,efbaac7d3d,br=0 nl=1,2,
inc/event/res/12/me12_08.txt#135#12,"別のところから魂を持ってきたのなら、
この世界の魂と肉体の数はイコールじゃなくなる。","如果是从别处引来了灵魂，
那这世上的灵魂与肉体数量就无法对等了。",translated,妮伊,21eaf8c871,br=0 nl=1,2,
inc/event/res/12/me12_08.txt#136#12,どうしたって「余り」が出てくるのよ。,无论如何都会产生“剩余”啊。,translated,妮伊,a5bb89f8e7,br=0 nl=0,1,
inc/event/res/12/me12_08.txt#137#12,じゃあ、ネイちゃんはどうやって今の……。,那么，奈依又是怎么变成现在的……,translated,依恩,ed3f711e58,br=0 nl=0,1,
inc/event/res/12/me12_08.txt#138#12,それはね、フラクテルっていう人のおかげ。,那是因为一个名叫弗拉克特尔的人。,translated,妮伊,9d6410b94a,br=0 nl=0,1,
inc/event/res/12/me12_08.txt#139#12,フラクテル、さん？,弗拉克特尔……先生？,translated,依恩,d28a0aa2c7,br=0 nl=0,1,
inc/event/res/12/me12_08.txt#140#12,"破棄寸前のあたしの魂を助けてくれた、
唯一の友達だった人。","是在我的灵魂濒临销毁时拯救了我、
我唯一的朋友。",translated,妮伊,39e10333dc,br=0 nl=1,2,
inc/event/res/12/me12_08.txt#141#12,"器を一から作り出す技術は確立していない
って言ったわよね？","我刚才说过从零制造肉身容器的技术
尚未确立对吧？",translated,妮伊,ce90b284b8,br=0 nl=1,2,
inc/event/res/12/me12_08.txt#142#12,う、うん。,嗯、嗯。,translated,依恩,5e5aab8543,br=0 nl=0,1,
inc/event/res/12/me12_08.txt#143#12,"きちんと確立してないだけで、
試作されたことはあったのよ。","虽然没有正式确立，
但曾经制作过试作品哦。",translated,妮伊,9d9176912d,br=0 nl=1,2,
inc/event/res/12/me12_08.txt#144#12,"もっとも、それは人間のじゃなくて、
ジェノムのだけど。","不过，那并不是人类的容器，
而是杰诺姆的罢了。",translated,妮伊,341e934388,br=0 nl=1,2,
inc/event/res/12/me12_08.txt#145#12,もしかしてその試作のジェノムって……。,难道说那个试作型的杰诺姆是……,translated,依恩,8082073065,br=0 nl=0,1,
inc/event/res/12/me12_08.txt#152#12,シャールよ。,是夏尔哦。,translated,妮伊,be1a0d6ce6,br=0 nl=0,1,
inc/event/res/12/me12_08.txt#153#12,"もっとも、今のシャールより出来は悪かった
けどね。",不过完成度比现在的夏尔还要差很多就是了。,translated,妮伊,3317132ae2,br=0 nl=1,2,
inc/event/res/12/me12_08.txt#154#12,"だったら、わたしをシャールへ入れること
だって出来たんじゃ。そうすればネイちゃんは
ネイちゃんのままでいられたのに。","要是那样的话，把我也放进夏尔里面
不也可以吗。那样一来奈依
不就能继续保持奈依的样子了吗。",translated,依恩,b326465134,br=0 nl=2,3,
inc/event/res/12/me12_08.txt#155#12,"この世界で初の試みだったのよ？
そんな、未完成の器なんかに大事な七次元先の
魂を入れられるわけないじゃない。","那可是这世上的首次尝试啊？
怎么可能把珍贵的七次元之外的灵魂
塞进那种未完成的器皿里面呢。",translated,妮伊,dc9c9f8e86,br=0 nl=2,3,
inc/event/res/12/me12_08.txt#156#12,"なにが起こるか分からない状況なら、
より完成された器の方へ入れるのが普通でしょ。","在无法预料会发生什么的状况下，
注入到完成度更高的器皿里才是合乎常理的吧。",translated,妮伊,e20a2d1d97,br=0 nl=1,2,
inc/event/res/12/me12_08.txt#164#12,そんなの、そもそも普通じゃないよ！,那种事，根本从一开始就不合常理啊！,translated,依恩,4ef38da2b8,br=0 nl=0,1,
inc/event/res/12/me12_08.txt#165#12,"人道的にはね。でも、科学者とか研究者の
一部の人達にとっては普通なのよ。","从人道角度来说确实如此。但对一部分
科学家或研究者而言，那就是家常便饭。",translated,妮伊,6587d97f2f,br=0 nl=1,2,
inc/event/res/12/me12_08.txt#166#12,"この世界には完成された器が数え切れないほど
ある。","在这个世界上，完成的肉身器皿
数不胜数。",translated,妮伊,68688ca18e,br=0 nl=1,2,
inc/event/res/12/me12_08.txt#167#12,"連れてくる魂にも元々人間の体があるんだから、
だったら人間の体に入れるのが一番安全でしょ？","被引渡过来的灵魂原本也有着人类的肉体，
那放进人类的身体里岂不是最安全吗？",translated,妮伊,5780f4b5b4,br=0 nl=1,2,
inc/event/res/12/me12_08.txt#168#12,そうだけど……。,虽说是这样……,translated,依恩,5d159cc1b6,br=0 nl=0,1,
inc/event/res/12/me12_08.txt#169#12,"もう終わってることなんだから、
いちいちそんな顔しないの。","事情都已经过去了，
不要动不动就露出那种表情啦。",translated,妮伊,0fbfd382ad,br=0 nl=1,2,
inc/event/res/12/me12_08.txt#171#12,話を戻すわよ。,言归正传吧。,translated,妮伊,22b66bf102,br=0 nl=0,1,
inc/event/res/12/me12_08.txt#172#12,"でね、なんとかあたしはとりあえず生き延びる
ことが出来た。","然后呢，不管怎么说我总算是
勉强保住了一条性命。",translated,妮伊,aa7b78372a,br=0 nl=1,2,
inc/event/res/12/me12_08.txt#173#12,"さてここで問題です。
シャールは一体、何型のジェノムでしょう？","那么在这里提一个问题。
夏尔究竟是什么类型的杰诺姆呢？",translated,妮伊,c6221e5735,br=0 nl=1,2,
inc/event/res/12/me12_08.txt#174#12,"ええ！？
そ、そんないきなり言われても……。","诶诶！？
这、这么突然问我……",translated,依恩,930c3e849c,br=0 nl=1,2,
inc/event/res/12/me12_08.txt#175#12,う～んと……妖精さん？,唔～嗯……小妖精？,translated,依恩,72f7c06859,br=0 nl=0,1,
inc/event/res/12/me12_08.txt#176#12,"……妖精さんだったらあたしもさぞかし
綺麗な女の子になってたんだろうなぁ。","……如果是小妖精的话，
那我肯定也早就变成漂亮的美少女了吧。",translated,妮伊,0315492562,br=0 nl=1,2,
inc/event/res/12/me12_08.txt#177#12,ネイちゃんは可愛いよ？,奈依现在就很可爱哦？,translated,依恩,c816299fad,br=0 nl=0,1,
inc/event/res/12/me12_08.txt#178#12,"そういうことさらっと言えちゃうあんたってば
天然よね。","能若无其事说出这种话的你，
还真是有够天然呢。",translated,妮伊,7348181895,br=0 nl=1,2,
inc/event/res/12/me12_08.txt#179#12,うぅ……なんだかバカにされてる？,呜……总觉得是在取笑我？,translated,依恩,bc2e862fcd,br=0 nl=0,1,
inc/event/res/12/me12_08.txt#180#12,当然ながら答えはハズレ。,理所当然，回答错误。,translated,妮伊,eb3ed2e225,br=0 nl=0,1,
inc/event/res/12/me12_08.txt#181#12,正解は……テレフンケンと同じ空想型。,正确答案是……和泰雷芬肯一样的空想型。,translated,妮伊,ccf6a124e2,br=0 nl=0,1,
inc/event/res/12/me12_08.txt#182#12,テレくんと？,和泰雷君一样？,translated,依恩,7847e20eb1,br=0 nl=0,1,
inc/event/res/12/me12_08.txt#183#12,"そ。
だから、同調してないと生きていられなかった。","对。
所以，如果不进行同调就无法存活。",translated,妮伊,c87a15bbca,br=0 nl=1,2,
inc/event/res/12/me12_08.txt#184#12,"分かった！
同調してくれたのがフラクテルさん！","我知道了！
当时和你同调的人就是弗拉克特尔先生！",translated,依恩,ac62bdaf51,br=0 nl=1,2,
inc/event/res/12/me12_08.txt#191#12,"正解。
フラクテルが宿主になってくれたの。","回答正确。
弗拉克特尔成为了我的宿主。",translated,妮伊,6eccad60ce,br=0 nl=1,2,
inc/event/res/12/me12_08.txt#192#12,"よかった……。だからネイちゃんはこうして
生きてられてるんだね。","太好了……所以奈依现在
才能够这样活着呢。",translated,依恩,b1d3ea97a1,br=0 nl=1,2,
inc/event/res/12/me12_08.txt#193#12,最初の時は、ね……。,最初的时候是这样，呢……,translated,妮伊,3ae07d6a6a,br=0 nl=0,1,
inc/event/res/12/me12_08.txt#194#12,"こういう実験って、勝手なことするのが
一番ダメなのよ。","在这种实验中，
擅自行动可是最不可原谅的。",translated,妮伊,2c4f256844,br=0 nl=1,2,
inc/event/res/12/me12_08.txt#195#12,勝手なことって？,擅自行动是指？,translated,依恩,1a82d0b9ef,br=0 nl=0,1,
inc/event/res/12/me12_08.txt#196#12,"あたしは計画では廃棄される予定だったの。
つまりフラクテルがやったことは計画外のこと
でしょ？","按照计划我原本是要被销毁的。
也就是说弗拉克特尔所做的
是在计划之外的事情对吧？",translated,妮伊,f571cdbb58,br=0 nl=2,3,
inc/event/res/12/me12_08.txt#197#12,……でも、そうしないとネイちゃんが……。,……可是，不那样做的话奈依就会……,translated,依恩,58a2f29838,br=0 nl=0,1,
inc/event/res/12/me12_08.txt#198#12,"だから、あたしは「そうなる」計画だったん
だって。","所以我说了，
我原本的计划就是“要被销毁”的啊。",translated,妮伊,c8650bedc7,br=0 nl=1,2,
inc/event/res/12/me12_08.txt#205#12,"そんな……。
フラクテルさん、悪いことしてないのに！
ネイちゃんを助けようとしただけなのに！","怎么会……
弗拉克特尔先生明明没做坏事啊！
明明只是想要拯救奈依而已！",translated,依恩,68b81b01f6,br=0 nl=2,3,
inc/event/res/12/me12_08.txt#206#12,"でも、あたしが生き残ってこの実験のことを
世間に公表したら、一大パニックになったで
しょうね。","但是，如果我活下来并把这起实验的事
公之于众的话，
肯定会引发一场轩然大波吧。",translated,妮伊,8d486017b8,br=0 nl=2,3,
inc/event/res/12/me12_08.txt#207#12,やれ人体実験だ、非人道的だって。,什么人体实验啦、不人道啦之类的。,translated,妮伊,199375f291,br=0 nl=0,1,
inc/event/res/12/me12_08.txt#208#12,"そうなればせっかくの、文字通り次元を超えた
成果があっても、ひどいバッシングにあって
名声は地に落ちるわ。","要是变成那样，哪怕取得了货真价实
跨越次元的重大成果，也会遭到舆论痛批，
名誉扫地。",translated,妮伊,8faaf85eb3,br=0 nl=2,3,
inc/event/res/12/me12_08.txt#209#12,そんなの勝手すぎるよ……。,那种做法也太自私自利了……,translated,依恩,312a3573ac,br=0 nl=0,1,
inc/event/res/12/me12_08.txt#210#12,"出発点が勝手なところから始まってんのよ。
だったら、押し隠そうとするのは当然でしょ？","从出发点开始就是自私的啊。
既然如此，想要隐瞒掩盖不是理所当然的吗？",translated,妮伊,765ec418af,br=0 nl=1,2,
inc/event/res/12/me12_08.txt#211#12,"そうかもしれないけど……。
納得いかないよ。","也许是这样……
但我还是无法接受。",translated,依恩,ca4ebcc6f9,br=0 nl=1,2,
inc/event/res/12/me12_08.txt#212#12,納得いかなくてもそういう世界もあるってこと。,就算无法接受，这世上也是有这种现实的。,translated,妮伊,cb76ab662e,br=0 nl=0,1,
inc/event/res/12/me12_08.txt#213#12,"でまぁ、フラクテルが助けてくれた命だし、
あたしも死にたくなんかないし、
なんとかそこから逃げた。","接着呢，既然是弗拉克特尔救回来的命，
我也不想死，
于是拼了命从那里逃了出来。",translated,妮伊,9a86842107,br=0 nl=2,3,
inc/event/res/12/me12_08.txt#214#12,"シャールの体って、こういう時は役に立つなー
と思ったわよ。","我当时还觉得，
夏尔的身体在这种时候还挺派得上用场的呢。",translated,妮伊,2b261b28d2,br=0 nl=1,2,
inc/event/res/12/me12_08.txt#215#12,"命からがらだったけど、人間の体だったら多分、
無理だったから。","虽然九死一生，但要是人类的肉体，
大概早就没命了。",translated,妮伊,bd1ad5b768,br=0 nl=1,2,
inc/event/res/12/me12_08.txt#216#12,"それからあたしは、ぱれす・にゅろきーるに
身を潜めて――",从那之后我便藏身在喵洛基鲁・王宫――,translated,妮伊,5679016040,br=0 nl=1,2,
inc/event/res/12/me12_08.txt#217#12,"あとはちょっと危ないことしたり、
コロンを渡り歩いたりして過ごして、
最終的にあいつと出会った。","后来干过一些危险的勾当，
辗转流浪在各个殖民区之间，
最终遇到了那个家伙。",translated,妮伊,1c88f289a5,br=0 nl=2,3,
inc/event/res/12/me12_08.txt#225#12,ジルさん……？,姬尔女士……？,translated,依恩,37721fbf93,br=0 nl=0,1,
inc/event/res/12/me12_08.txt#226#12,その通り。イオンにしては鋭い！,完全正确。依欧你这次挺敏锐的嘛！,translated,妮伊,89de39c1b9,br=0 nl=0,1,
inc/event/res/12/me12_08.txt#227#12,で、その頃にはあたしはもう死にかけだったの。,然后呢，那时候的我其实已经濒临死亡了。,translated,妮伊,b162ba7d6f,br=0 nl=0,1,
inc/event/res/12/me12_08.txt#228#12,"そっか。
フラクテルさんとの同調が切れてたから……。","这样啊。
因为和弗拉克特尔先生断开了同调……",translated,依恩,926151c775,br=0 nl=1,2,
inc/event/res/12/me12_08.txt#229#12,本当にテレくんみたい。,真的就像泰雷君一样。,translated,依恩,165edbb113,br=0 nl=0,1,
inc/event/res/12/me12_08.txt#230#12,空想型の弱点よねー。,这就是空想型的弱点呢～,translated,妮伊,d9f5e2cffe,br=0 nl=0,1,
inc/event/res/12/me12_08.txt#231#12,"弱ってたところを、
ジルさんがなんとかしてくれたんだ。","在你虚弱不堪的时候，
是姬尔女士想办法救了你吧。",translated,依恩,2eb0b9ad9d,br=0 nl=1,2,
inc/event/res/12/me12_08.txt#232#12,{SHSヘテロマイシン}っていう薬でね。,用了一种叫作{SHS杂霉素}的药呢。,translated,妮伊,cffc867807,br=1 nl=0,1,keep-terms {SHSヘテロマイシン}
inc/event/res/12/me12_08.txt#232#14,かつてシャールの肉体へとＴＸされたネイがフラクテルを失ったことによって力尽きようとしていた際、ジルによって投与された薬品。<CR>その正体は空想型ジェノムに自活能力を与える効果と共に、特定のアストロサイト・モジュラトリ・ウィルスから生成されたシャールたちを統率する能力を与えるものである。<CR>ＳＨＳヘテロマイシンは旧ジェノミライ研究所が閉鎖されて以降、地文からの非正規依頼でウンドゥとジルが開発したものであるため、天文には一切知られていないはずだったが……。,曾经被TX至夏尔肉体的内依在失去弗拉克特尔而即将气力耗尽之际，由吉鲁为其施用的药品。<CR>其真实效用在于赋予空想型杰诺姆自活能力，并赋予统率由特定星形胶质细胞调节病毒所生成夏尔们的能力。<CR>SHS杂霉素是旧杰诺未来研究所关闭后，温多与吉鲁接受地文的非正规委托所研发的，本该完全不被天文所知，然而……,translated,妮伊,6416af0c3b,<CR> <CR> br=0 nl=0,1,keep-tags <CR>; src-longest-line=231
inc/event/res/12/me12_08.txt#233#12,"後からジルがどんなやつかっていうのが
分かったんだけど、そこはほら、助けて
もらった手前、頭があがらなかったのよ。","虽然事后知道了姬尔到底是怎样的人，
但毕竟受了人家的救命之恩，
所以在她面前我也抬不起头来啊。",translated,妮伊,c1bf4761ed,br=0 nl=2,3,
inc/event/res/12/me12_08.txt#234#12,そうだよね。命の恩人だもんね。,说的也是呢。毕竟是救命恩人嘛。,translated,依恩,3adb75ebdf,br=0 nl=0,1,
inc/event/res/12/me12_08.txt#235#12,"それだけで全部を正当化するわけじゃないけど、
仕方無かった。","虽然单凭这点不能将所有事情正当化，
但也是无可奈何。",translated,妮伊,0693f41c9b,br=0 nl=1,2,
inc/event/res/12/me12_08.txt#236#12,"薬の対価に色々言うこと聞いてたりしたんだ
けど、その中の一つが……。","作为换取药品的代价我得听从她各种差遣，
而其中的一件差事就是……",translated,妮伊,3c44b5744e,br=0 nl=1,2,
inc/event/res/12/me12_08.txt#237#12,イオンをジルのところへ連れていくことだった。,把依欧带到姬尔的身边。,translated,妮伊,e204e383e5,br=0 nl=0,1,
inc/event/res/12/me12_08.txt#238#12,"で、あとはあんたも知っての通り。
フォーシーズンの一件であたしはジルと
手を切ったってわけ。","再往后，就正如你所知道的那样了。
四季的那次事件后，
我便彻底与姬尔断绝了关系。",translated,妮伊,ae3831d11b,br=0 nl=2,3,
inc/event/res/12/me12_08.txt#248#12,……これがネイちゃんの、これまでのこと。,……这就是奈依一路走来的经历啊。,translated,依恩,4fdc231a10,br=0 nl=0,1,
inc/event/res/12/me12_08.txt#250#12,ネイちゃん……ごめんなさい。,奈依……对不起。,translated,依恩,4afa915940,br=0 nl=0,1,
inc/event/res/12/me12_08.txt#251#12,"わたしの存在が、すごくネイちゃんを
苦しめてる……。","我的存在，
让奈依受了这么多的苦……",translated,依恩,e79bc87be5,br=0 nl=1,2,
inc/event/res/12/me12_08.txt#253#12,いまイオンに謝られても複雑だわ。,现在被依欧这么一道歉，我心里反而挺复杂的。,translated,妮伊,0cb00974c5,br=0 nl=0,1,
inc/event/res/12/me12_08.txt#254#12,確かに恨んではいたけどね。,虽然我确实曾经怨恨过你啦。,translated,妮伊,44f9c26d47,br=0 nl=0,1,
inc/event/res/12/me12_08.txt#255#12,"でも、イオンと一緒に行動しているうちに、
イオンだって辛い生活を強いられてきたんだって
知ったから。","但在和依欧一起行动的过程中，
我渐渐知道依欧也同样被迫过着痛苦的生活。",translated,妮伊,87c7912d28,br=0 nl=2,3,
inc/event/res/12/me12_08.txt#256#12,お互い、被害者なんだって思っちゃったからね。,所以我便觉得，我们彼此其实都是受害者呢。,translated,妮伊,677afc7f6d,br=0 nl=0,1,
inc/event/res/12/me12_08.txt#258#12,"イオンだって好きでこっちの世界に来たわけ
じゃないじゃない。",依欧你又不是自愿跑到这个世界里来的。,translated,妮伊,9911f8f5f4,br=0 nl=1,2,
inc/event/res/12/me12_08.txt#259#12,"それなのに一方的に恨まれるのって、
それこそ意味不明で理不尽だもんね。","既然如此还要被单方面怨恨，
那才叫莫名其妙、蛮不讲理呢。",translated,妮伊,4146bbfb69,br=0 nl=1,2,
inc/event/res/12/me12_08.txt#260#12,"あんたにも結城寧って名前も体も生活も、
あっちにはあったわけだし。","毕竟你在那一边，
也是有着结城宁这个名字、身体和生活的嘛。",translated,妮伊,e90f5083b6,br=0 nl=1,2,
inc/event/res/12/me12_08.txt#261#12,それに今の生活も悪くはないわよ？,而且现在的生活也并不坏哦？,translated,妮伊,d9a57fd0ae,br=0 nl=0,1,
inc/event/res/12/me12_08.txt#262#12,……どうして？,……为什么呀？,translated,依恩,2880aab63d,br=0 nl=0,1,
inc/event/res/12/me12_08.txt#263#12,"だってあたしの場合、あんたにへばりついてれば
昔みたいな生活が出来てるし。","因为对我来说，只要赖在你身边，
就能过上像从前那样优渥的生活啦。",translated,妮伊,5d8e3dcbf0,br=0 nl=1,2,
inc/event/res/12/me12_08.txt#264#12,"なんたって皇帝陛下の一番の側近にして
友達だからね。",毕竟我可是皇帝陛下最亲近的亲信兼朋友呢。,translated,妮伊,7c42be0395,br=0 nl=1,2,
inc/event/res/12/me12_08.txt#265#12,大変なのはあんたの方でしょ。,更辛苦的明明是你才对吧。,translated,妮伊,a54892f705,br=0 nl=0,1,
inc/event/res/12/me12_08.txt#266#12,…………還りたいわよね。,…………很想回去吧。,translated,妮伊,07860f8a13,br=0 nl=0,1,
inc/event/res/12/me12_08.txt#267#12,……還りたい。,……想回去。,translated,依恩,de9e0b0a40,br=0 nl=0,1,
inc/event/res/12/me12_08.txt#268#12,"還りたい、けど……還れるのかな。
クラケット博士はもう……。","虽然想回去……但还能回去吗。
库拉肯特博士已经……",translated,依恩,9e27c7495e,br=0 nl=1,2,
inc/event/res/12/me12_08.txt#269#12,諦めるのは早いわよ。,现在放弃还为时过早哦。,translated,妮伊,1c29dc230c,br=0 nl=0,1,
inc/event/res/12/me12_08.txt#271#12,"クラケット博士はいないけど、
その意志を受け継いだサーリがいる。","虽然库拉肯特博士不在了，
但还有继承了他意志的莎丽在啊。",translated,妮伊,69195d7b79,br=0 nl=1,2,
inc/event/res/12/me12_08.txt#272#12,諦めずにいることが大切、でしょ？,永不言弃才是最重要的，对吧？,translated,妮伊,608d0c5fb5,br=0 nl=0,1,
inc/event/res/12/me12_08.txt#274#12,"そうだね……。
うん、そうかも。","说的也是呢……
嗯，也许是这样。",translated,依恩,cf292ad3a0,br=0 nl=1,2,
inc/event/res/12/me12_08.txt#275#12,"諦めなかったから、
ここまで来られたんだもんね。","正是因为没有放弃，
我们才能够走到今天这一步嘛。",translated,依恩,3760bbff32,br=0 nl=1,2,
inc/event/res/12/me12_08.txt#276#12,"だったらこれから先のことも、
諦めなければきっと大丈夫。","那么对于今后的事情，
只要不放弃也一定没问题的。",translated,依恩,fce6dd3979,br=0 nl=1,2,
inc/event/res/12/me12_08.txt#277#12,そうそう。,就是这样。,translated,妮伊,8b3d7617d4,br=0 nl=0,1,
inc/event/res/12/me12_08.txt#278#12,そのためにもまずは、絶対に成功させなきゃ。,为此首先，必须一定要全力成功才行。,translated,依恩,83e84af5ee,br=0 nl=0,1,
inc/event/res/12/me12_08.txt#280#12,ラシェール・フューザーを！,拉榭拉融合器！,translated,依恩,2afbfa00c8,br=0 nl=0,1,
inc/event/res/12/me12_08.txt#281#12,"いま出来ることを全うして、
明日に繋げるのよ！","尽全力做好当下能做的一切，
连接起光明的明天！",translated,妮伊,03c9334175,br=0 nl=1,2,
inc/event/res/12/me12_08.txt#289#12,ありがとう、ネイちゃん。,谢谢你，奈依。,translated,依恩,e15c445ca4,br=0 nl=0,1,
inc/event/res/12/me12_08.txt#290#12,"励ましてくれて。
そして、今までのことを話してくれて。","这么鼓励我。
还有，把一路以来的经历都告诉了我。",translated,依恩,aaa234292a,br=0 nl=1,2,
inc/event/res/12/me12_08.txt#291#12,"あたしが話したいから話しただけだったんだ
けどなぁ。",我只是自己想说才说的而已啦。,translated,妮伊,fcfba6997e,br=0 nl=1,2,
inc/event/res/12/me12_08.txt#292#12,お礼言われるとちょっとくすぐったいわ。,被你这么郑重道谢总觉得怪不好意思的。,translated,妮伊,018ed4f5b5,br=0 nl=0,1,
inc/event/res/12/me12_08.txt#293#12,"わたし自身のこともだけど、
ネイちゃんのことが前より分かった気がして、
すごく嬉しい。","关于我自己的事情固然如此，
但感觉自己比以往更加了解奈依了，
我真的很开心。",translated,依恩,3c0f9f42c1,br=0 nl=2,3,
inc/event/res/12/me12_08.txt#294#12,"あーもう！
そういうこと言うから天然だっていうの！","啊――真是的！
就是因为你总说这种话，才说你是天然呆啦！",translated,妮伊,fdb929c58c,br=0 nl=1,2,
inc/event/res/12/me12_08.txt#295#12,"ほら、行くわよ！
そろそろ帰らないと！","好啦，走吧！
差不多该回去了！",translated,妮伊,7a1b23fc61,br=0 nl=1,2,
inc/event/res/12/me12_08.txt#296#12,ふふふ。はーい！,呵呵呵。好～！,translated,依恩,071692da27,br=0 nl=0,1,
inc/event/res/12/me12_09.txt#34#12,いかないで。,不要走。,translated,？？？,1c866a551c,br=0 nl=0,1,
inc/event/res/12/me12_09.txt#35#12,え？,诶？,translated,依恩,5590ff8011,br=0 nl=0,1,
inc/event/res/12/me12_09.txt#36#12,そこはあなたの還る場所じゃない。,那里并不是你应该回去的地方。,translated,？？？,137379e2f8,br=0 nl=0,1,
inc/event/res/12/me12_09.txt#61#12,う……ん。,唔……嗯。,translated,依恩,17981050df,br=0 nl=0,1,
inc/event/res/12/me12_09.txt#64#12,イオン！,依欧！,translated,妮伊,6be6a03785,br=0 nl=0,1,
inc/event/res/12/me12_09.txt#65#12,あ……ネイ、ちゃん……？,啊……奈、依……？,translated,依恩,ba19d26849,br=0 nl=0,1,
inc/event/res/12/me12_09.txt#66#12,ラシェーラ様！,拉榭拉大人！,translated,蕾娜露露,32cc515f45,br=0 nl=0,1,
inc/event/res/12/me12_09.txt#67#12,目を醒まされましたか！,您醒过来了吗！,translated,神官,2b8e81d4b1,br=0 nl=0,1,
inc/event/res/12/me12_09.txt#68#12,"みんな……。
そうだ、わたし、星を探して……。","大家……
对了，我正在寻找星球……",translated,依恩,12f90710a9,br=0 nl=1,2,
inc/event/res/12/me12_09.txt#69#12,"そうだよ！
どうだった！？","没错啊！
情况怎么样了！？",translated,妮伊,e0e20ec5e5,br=0 nl=1,2,
inc/event/res/12/me12_09.txt#70#12,……う、ん。ええと……。,……嗯。那个……,translated,依恩,7e732492bd,br=0 nl=0,1,
inc/event/res/12/me12_09.txt#72#12,"大丈夫？
気分悪い？","要紧吗？
身体不舒服吗？",translated,妮伊,e0b4d369fe,br=0 nl=1,2,
inc/event/res/12/me12_09.txt#73#12,"申し訳ございません。
このように取り囲んで急かすなど。","十分抱歉。
我们不该这样团团围住催促您。",translated,蕾娜露露,ee892ae07a,br=0 nl=1,2,
inc/event/res/12/me12_09.txt#74#12,ですが、もうあまり時間はございません。,但是，时间已经所剩无几了。,translated,神官,db07e69410,br=0 nl=0,1,
inc/event/res/12/me12_09.txt#75#12,"ラシェーラ様の体調が悪いのならば
無理をさせるわけにはいきません。","若拉榭拉大人身体欠佳，
绝不能勉强您。",translated,蕾娜露露,a04408ce25,br=0 nl=1,2,
inc/event/res/12/me12_09.txt#76#12,大丈夫です。,我没事的。,translated,依恩,9a493f082a,br=0 nl=0,1,
inc/event/res/12/me12_09.txt#77#12,すみません、ご心配おかけしました。,对不起，让大家担心了。,translated,依恩,7284772495,br=0 nl=0,1,
inc/event/res/12/me12_09.txt#78#12,本当に大丈夫なの？,真的没关系吗？,translated,妮伊,10b1064df7,br=0 nl=0,1,
inc/event/res/12/me12_09.txt#79#12,うん。,嗯。,translated,依恩,d357e9e0ee,br=0 nl=0,1,
inc/event/res/12/me12_09.txt#98#12,見つけたよ。,我找到了哦。,translated,依恩,b8c08bd2fd,br=0 nl=0,1,
inc/event/res/12/me12_09.txt#99#12,本当！？,真的吗！？,translated,妮伊,d27e7076a7,br=0 nl=0,1,
inc/event/res/12/me12_09.txt#100#12,"素晴らしいです！
これで、私達に希望が！","太棒了！
这样一来，我们就有了希望！",translated,神官,adb093e029,br=0 nl=1,2,
inc/event/res/12/me12_09.txt#101#12,"すごい！
イオン、やっぱあんたすごいわ！","太厉害了！
依欧，你果然太了不起了！",translated,妮伊,a3a71b43b2,br=0 nl=1,2,
inc/event/res/12/me12_09.txt#102#12,ネ、ネイちゃん。,奈、奈依。,translated,依恩,b847abd3c7,br=0 nl=0,1,
inc/event/res/12/me12_09.txt#103#12,"すごいすごい！
まさか本当に見つけてくるなんてね！","太棒了太棒了！
没想到你真的给找回来了呢！",translated,妮伊,cfd5df3d5c,br=0 nl=1,2,
inc/event/res/12/me12_09.txt#104#12,俯瞰視点とはこれほどの力なのですね……。,俯瞰视点竟然蕴藏着如此强大的力量吗……,translated,神官,108ab69e3d,br=0 nl=0,1,
inc/event/res/12/me12_09.txt#105#12,違うわ。,才不是呢。,translated,妮伊,265c978610,br=0 nl=0,1,
inc/event/res/12/me12_09.txt#106#12,"イオンだから見つけられたの。
イオンがこの星に生きる人たちのために
頑張るって決めたから見つけられたのよ！","正因为是依欧才能够找到的。
是因为依欧下定决心要为这颗星球上
生活的人们拼尽全力，才找到的啊！",translated,妮伊,d016fab25c,br=0 nl=2,3,
inc/event/res/12/me12_09.txt#107#12,"ラシェーラ様のお心と能力、
どちらが欠けても無理だったということでしょう。","拉榭拉大人的心愿与能力，
二者缺一不可，定是如此吧。",translated,蕾娜露露,6f3540ab2a,br=0 nl=1,2,
inc/event/res/12/me12_09.txt#108#12,"まさしくこの星の生きとし生ける者たちに
とっての救世主となったのです。","您当真成为了这颗星球上
芸芸众生真正的救世主。",translated,蕾娜露露,05a868c037,br=0 nl=1,2,
inc/event/res/12/me12_09.txt#109#12,そ、そんな、救世主だなんて……。,怎、怎么会，说什么救世主……,translated,依恩,03bbbfbd8c,br=0 nl=0,1,
inc/event/res/12/me12_09.txt#110#12,でも、見つけられて良かった。,不过，能找到真是太好了。,translated,依恩,1fa3759c28,br=0 nl=0,1,
inc/event/res/12/me12_09.txt#111#12,"わたしがこの世界に呼ばれた意味が
果たせました。","我终于实现了
自己被召唤到这个世界的意义。",translated,依恩,cac9913e36,br=0 nl=1,2,
inc/event/res/12/me12_09.txt#112#12,"ううん。
それだけじゃないです。","不。
不仅仅是这样。",translated,依恩,d30c61d199,br=0 nl=1,2,
inc/event/res/12/me12_09.txt#113#12,"ネイちゃんの言う通り、この星に生きる
人達の明日のためにも見つけたい、
見つけなきゃって思った。","正如奈依所言，为了这颗星球上生活的人们
能够拥有明天，我也想要找到它、
必须找到它。",translated,依恩,8e3b649204,br=0 nl=2,3,
inc/event/res/12/me12_09.txt#114#12,"それが、わたしが手に入れた答えで、
叶えたいと思った望みだったから。","因为那正是我所获得的答案，
是我真心想要实现的愿望。",translated,依恩,9ae9c8abda,br=0 nl=1,2,
inc/event/res/12/me12_09.txt#115#12,"目的とか、使命とか、確かにやらなきゃって
思ったけど、一番はやっぱり……
わたしの願いだったから。","虽然我也曾觉得那是目标、是必须完成的使命，
但最重要的……
果然还是出于我自身的祈愿。",translated,依恩,e94d7301f7,br=0 nl=2,3,
inc/event/res/12/me12_09.txt#116#12,だから今、心から良かったって思ってます。,所以我现在，由衷地感到欣慰与庆幸。,translated,依恩,854dc9fa8a,br=0 nl=0,1,
inc/event/res/12/me12_09.txt#117#12,ありがとうございます。,非常感谢您。,translated,蕾娜露露,29162a7b71,br=0 nl=0,1,
inc/event/res/12/me12_09.txt#118#12,"数々の辛い試練を乗り越え、そこまでの想いを
抱いていただき、そして、見事果たされました。","您跨越了重重残酷试炼，胸怀如此赤诚宏愿，
并最终完美达成了这一壮举。",translated,蕾娜露露,fcd20775cc,br=0 nl=1,2,
inc/event/res/12/me12_09.txt#119#12,"ふふ。
まだ最後の大仕事が残っていますけどね。","呵呵。
不过我们还剩下最后的一项重大使命呢。",translated,依恩,eb6c14212b,br=0 nl=1,2,
inc/event/res/12/me12_09.txt#120#12,"そうだ！　こうしてはいられません、
各所にこの吉報を伝えなくては！","对啊！可不能在这儿耽搁了，
必须立刻将这喜讯传达给各处！",translated,神官,670a63c584,br=0 nl=1,2,
inc/event/res/12/me12_09.txt#121#12,"そうですね。
私はすぐに皇室とラシェール・フューザー
委員会に報告に行かねば。","说的也是。
我必须立即前往皇室
与拉榭拉融合器委员会进行汇报。",translated,蕾娜露露,299cc31ac7,br=0 nl=2,3,
inc/event/res/12/me12_09.txt#122#12,これから忙しくなりますね。,接下来可要忙碌起来了呢。,translated,神官,76f2ad36bd,br=0 nl=0,1,
inc/event/res/12/me12_09.txt#124#12,"ここから先の段取りはお任せください。
陛下は長い集中とでお疲れでしょう。
しばしの間、休息を。","接下来的后续安排请交由我们处理。
陛下因长时间集中精神想必已疲惫不堪，
请先稍作歇息吧。",translated,蕾娜露露,3334b6254c,br=0 nl=2,3,
inc/event/res/12/me12_09.txt#125#12,"はい、ありがとうございます。
お言葉に甘えさせてもらいますね。","好的，谢谢大家。
那我就恭敬不如从命歇息一会儿了。",translated,依恩,d7f3dc1337,br=0 nl=1,2,
inc/event/res/12/me12_09.txt#126#12,では、失礼致します。,那么，在下先行告退。,translated,蕾娜露露,478e2c47b8,br=0 nl=0,1,
inc/event/res/12/me12_09.txt#146#12,"慌ただしい連中。もうちょっと頑張った
イオンを褒め称えてもいいんじゃない？","这群急急忙忙的家伙。
再多夸奖夸奖拼命努力的依欧不好嘛？",translated,妮伊,3ed016e69a,br=0 nl=1,2,
inc/event/res/12/me12_09.txt#147#12,"そんな、もう充分だよ。
あれ以上されたら逆にどうしたらいいか
分からなくなっちゃいそう。","哪有，已经足够了啦。
要是比这还夸张，
我反而会手足无措不知道该怎么办才好呢。",translated,依恩,b71f5580be,br=0 nl=2,3,
inc/event/res/12/me12_09.txt#148#12,"ふんぞり返ってればいいのよ。
それだけのことをしたんだから。","尽管昂首挺胸神气一点就行啦。
毕竟你可是办成了如此了不起的大事啊。",translated,妮伊,4abfb73d0b,br=0 nl=1,2,
inc/event/res/12/me12_09.txt#149#12,そ、そうは言っても……。,话、话虽这么说……,translated,依恩,827ad95ae9,br=0 nl=0,1,
inc/event/res/12/me12_09.txt#150#12,"ま、そんなことイオンには無理か。
イオンだもんね。","嘛，那种事对依欧来说也做不来吧。
毕竟是依欧嘛。",translated,妮伊,3a2eff45dc,br=0 nl=1,2,
inc/event/res/12/me12_09.txt#151#12,"その言い方はなんだか素直に頷けない
ような……。","你这种说法总让人觉得
无法坦率地点头赞同呢……",translated,依恩,9bd15c9a5c,br=0 nl=1,2,
inc/event/res/12/me12_09.txt#152#12,いい意味よ、いい意味。,是夸你呢，夸你啦。,translated,妮伊,064376460f,br=0 nl=0,1,
inc/event/res/12/me12_09.txt#170#12,"ねね。それよりさ、見つけた星って
どんなところだった？　見えたんでしょ？","呐呐。比起这个，你找到的星球
是个怎样的地方？看见了吧？",translated,妮伊,90a73bdd7d,br=0 nl=1,2,
inc/event/res/12/me12_09.txt#171#12,ええとね、まず見えたのが青！,那个呢，首先映入眼帘的是一片蔚蓝！,translated,依恩,2b9ae50811,br=0 nl=0,1,
inc/event/res/12/me12_09.txt#172#12,青？,蔚蓝？,translated,妮伊,c67c79b28f,br=0 nl=0,1,
inc/event/res/12/me12_09.txt#173#12,"うん。一面青の綺麗な星だなって。
多分、海みたいなものがあって、
とても澄んでるんだと思う。","嗯。是一颗通体蔚蓝的美丽星球。
我想大概有着类似于大海的事物，
非常清澈明亮。",translated,依恩,af5d60d71e,br=0 nl=2,3,
inc/event/res/12/me12_09.txt#174#12,"きれいな海かー。
それはちょっと楽しみね。","美丽的大海啊～
那还真是让人有点期待呢。",translated,妮伊,d5a3c942cc,br=0 nl=1,2,
inc/event/res/12/me12_09.txt#175#12,"それだけじゃなくて、緑がとても豊かで、
生き物の息吹が聞こえてきそうなくらいだった。","不仅如此，绿植也十分丰茂，
仿佛能真切听到生灵们蓬勃的呼吸一般。",translated,依恩,f65cdf6b59,br=0 nl=1,2,
inc/event/res/12/me12_09.txt#176#12,"すごく生きた星なんだなっていうのが
伝わってきた。",能够深深体会到那是一颗生机盎然的星球。,translated,依恩,46731e1d7a,br=0 nl=1,2,
inc/event/res/12/me12_09.txt#177#12,"生きた星、か。
今のラシェーラとは正反対ね。","生机盎然的星球吗。
和如今的拉榭拉正好相反呢。",translated,妮伊,87777732f8,br=0 nl=1,2,
inc/event/res/12/me12_09.txt#178#12,"元々はここもそうだったと思うんだけど……、
あっちは自然がそのまま残ってるっていうか。","虽然我觉得这里最初也是那样的……
但那边更加完整地保留了原始的大自然。",translated,依恩,47a28a72e2,br=0 nl=1,2,
inc/event/res/12/me12_09.txt#179#12,"未開拓の星よね？
着いてから大変かもね。","是未经开辟的星球对吧？
抵达之后说不定会很辛苦哦。",translated,妮伊,334d43cba0,br=0 nl=1,2,
inc/event/res/12/me12_09.txt#180#12,"あはは。
それはあるかも。","啊哈哈。
说不定还真是呢。",translated,依恩,917a7f1d4a,br=0 nl=1,2,
inc/event/res/12/me12_09.txt#184#12,面白い生き物とかいるのかなぁ？,会不会有什么有趣的生物呢？,translated,依恩,119881690f,br=0 nl=0,1,
inc/event/res/12/me12_09.txt#185#12,"心配するところ……っていうか、
一番にそこを楽しみにする？","该担心的地方……不如说，
你居然最先期待起那个来吗？",translated,妮伊,c91fe9ec1d,br=0 nl=1,2,
inc/event/res/12/me12_09.txt#186#12,"だって！　まったく知らない星だよ？
見たこともないような鳥とか魚とか
草木があるかもしれないよ？","可是！那可是一颗全然未知的星球哦？
说不定会有前所未见的鸟儿、鱼儿，
或是花草树木呢？",translated,依恩,8583529e95,br=0 nl=2,3,
inc/event/res/12/me12_09.txt#187#12,はぁ……やっぱり、イオンね。,唉……果然还是依欧的作风呢。,translated,妮伊,4ef6f3b716,br=0 nl=0,1,
inc/event/res/12/me12_09.txt#188#12,ん？,嗯？,translated,依恩,612f6299e0,br=0 nl=0,1,
inc/event/res/12/me12_09.txt#189#12,"ま、でも。
若々しくてフレッシュな星ってことでしょ？","嘛，不过。
说明那是一颗年轻而充满朝气的星球对吧？",translated,妮伊,078dedb7d7,br=0 nl=1,2,
inc/event/res/12/me12_09.txt#190#12,"うん。世界にはまだまだこんな星が
あるんだって、わたしも初めて知った。","嗯。这世上居然还有着这样一颗星球，
我也是第一次知晓。",translated,依恩,9bc84cb11e,br=0 nl=1,2,
inc/event/res/12/me12_09.txt#191#12,どこまでも広くて、色んな可能性に満ちてる。,辽阔无垠，充满着无穷无尽的可能性。,translated,依恩,786b60817c,br=0 nl=0,1,
inc/event/res/12/me12_09.txt#192#12,"この星の人達にとっての「楽園」になったら
いいな。","要是能成为这颗星球上人们的“乐园”，
那就太好了。",translated,依恩,5c81079677,br=0 nl=1,2,
inc/event/res/12/me12_09.txt#236#12,"くっそ！
人が多すぎて全然イオンが見えねー！","可恶！
人太多了根本看不到依欧啊！",translated,阿达,fddacf04b8,br=0 nl=1,2,
inc/event/res/12/me12_09.txt#237#12,"ちょっとター坊！
恥ずかしいからじっとしててよね。","喂，塔波！
太丢人了，你给我安分一点啦。",translated,凯斯,149eab0de6,br=0 nl=1,2,
inc/event/res/12/me12_09.txt#259#12,"だってよ、こんな一大事なんだぜ？
せっかくの機会なのに、キャスはイオンの
晴れ姿見たくないのかよ。","可是你想啊，这可是天大的事情啊！
难得的机会，
难道凯斯你不想看看依欧的风采吗？",translated,阿达,336b9a3539,br=0 nl=2,3,
inc/event/res/12/me12_09.txt#261#12,それは、見たいけど……。,那、想看归想看……,translated,凯斯,4474ec811e,br=0 nl=0,1,
inc/event/res/12/me12_09.txt#278#12,"だろ？　だからこうやって……くそー、
やっぱり見えねー！","对吧？所以才要像这样……可恶，
果然还是看不见啊！",translated,阿达,050f9161e7,br=0 nl=1,2,
inc/event/res/12/me12_09.txt#284#12,"ちょっとは落ち着きな、ター坊！
みっともないったらありゃしない！","稍微安分一点，塔波！
成何体统，丢人现眼！",translated,鲁雷,710f746519,br=0 nl=1,2,
inc/event/res/12/me12_09.txt#285#12,"これが皇帝契絆支だってんだから、
イオンは人選間違えたんじゃないのかねえ。","这副德行居然还是皇帝契绊支，
依欧该不会是选错人了吧。",translated,鲁雷,f876ebca50,br=0 nl=1,2,
inc/event/res/12/me12_09.txt#302#12,母ちゃん、息子に向かってこれ、はねーよ。,老妈，当着儿子的面说这种话也太过分了吧。,translated,阿达,d7fe5c7c9c,br=0 nl=0,1,
inc/event/res/12/me12_09.txt#308#12,"あんたなんかこれで充分だよ。
いつまでも手を焼かせるんだからね。","对你来说这样说正合适。
总是一直让人操心个没完。",translated,鲁雷,4a5d76a00a,br=0 nl=1,2,
inc/event/res/12/me12_09.txt#309#12,"それはそうとして。あんたら二人は特別に
入れて貰ったりは出来なかったのかい？","不过话说回来，你们两个难道不能
作为特例破格进去吗？",translated,鲁雷,8c725d5860,br=0 nl=1,2,
inc/event/res/12/me12_09.txt#316#12,それが……、いくら私たちでも無理だそうです。,关于那个……据说哪怕是我们也不行。,translated,凯斯,13d12132be,br=0 nl=0,1,
inc/event/res/12/me12_09.txt#317#12,"あの{謳う丘}には契絆支も入れないんです。
イオンと本当にごく限られた人しか。","那座{鸣之丘}连契绊支也不能进入。
只有依欧和真正极少数的人才可以进去。",translated,凯斯,53321ad830,br=1 nl=1,2,keep-terms {謳う丘}
inc/event/res/12/me12_09.txt#317#14,ラシェーラの静止衛星軌道よりさらに上、スフィリアルリングとラシェーラを見渡せる位置に存在する。<CR>謳う丘には大きく分けて、三つの施設が存在している。人々が避難するための居住区画、行政機関、そして皇帝が謳うためのデッキである。<CR>居住区画や行政機関があることから考えれば、謳う丘もコロンと呼んで差し支えない。しかし、謳う丘の本来の役割はグランフェニックス計画の要『ラシェール・フューザー』を謳うための場所、つまりデッキの部分が最も重要なのである。ラシェール・フューザーを謳うとスフィリアルリングより内側にあるものは消滅してしまう。そのため、居住区画などは結果的に付随することとなったともいえる。,位于拉榭拉的地球同步卫星轨道更高处，处于能够俯瞰天球环与拉榭拉的位置。<CR>鸣之丘大致由三大设施构成：供民众避难所用的居住区划、行政机关，以及供皇帝献唱所用的露台甲板。<CR>考虑到拥有居住区划与行政机关，称鸣之丘为克隆亦无不可。然而，鸣之丘原本的作用是歌咏大凤凰计划关键核心“拉榭拉融合器”的场所，换言之露台甲板部分才是最为重要的。一旦歌咏拉榭拉融合器，位于天球环内侧的一切事物都将消亡。因此也可以说，居住区划等设施结果只是随之附带设立的产物罢了。,translated,凯斯,852d3fa0c2,<CR> <CR> br=0 nl=0,1,keep-tags <CR>; src-longest-line=300
inc/event/res/12/me12_09.txt#318#12,"キャスティちゃんがそう言うんならそうなんだ
ろうね。あたしゃてっきりター坊だから
入れてもらえないのかと思ったよ。","既然小凯斯蒂都这么说了那肯定没错。
我还以为纯粹是因为塔波这家伙
才不让进去的呢。",translated,鲁雷,a52913320c,br=0 nl=2,3,
inc/event/res/12/me12_09.txt#319#12,そんなに俺って信用ないのかよ。,我就那么不值得信任吗。,translated,阿达,44b5d4fbf1,br=0 nl=0,1,
inc/event/res/12/me12_09.txt#320#12,"信用ってのは日々の積み重ねがものを
言うんだよ。",信用这东西全靠平时的日积月累。,translated,鲁雷,712abb3bdb,br=0 nl=1,2,
inc/event/res/12/me12_09.txt#321#12,"あんたもキャスティちゃんを
ちょっとは見習いな。","你也稍微向小凯斯蒂
多学学吧。",translated,鲁雷,9dcb7c173c,br=0 nl=1,2,
inc/event/res/12/me12_09.txt#322#12,ちぇ……。,切……,translated,阿达,97294c3bad,br=0 nl=0,1,
inc/event/res/12/me12_09.txt#340#12,それにしても、本当にあそこにいんのかなー。,不过话说回来，她真的在那上面吗～,translated,阿达,cc5acef37c,br=0 nl=0,1,
inc/event/res/12/me12_09.txt#341#12,どうなってるんだろう、イオンは。,不知道依欧现在怎么样了呢。,translated,阿达,0ea86d4649,br=0 nl=0,1,
inc/event/res/12/me12_09.txt#342#12,まったく、言ったそばからこの子は……。,真是的，刚说完你就这副样子……,translated,鲁雷,85032b2e10,br=0 nl=0,1,
inc/event/res/12/me12_09.txt#343#12,ふふ。でも、私もわかる気がします。,呵呵。不过，我也很能体会他的心情。,translated,凯斯,0df34fa873,br=0 nl=0,1,
inc/event/res/12/me12_09.txt#344#12,"こんな場面に立ち会える人なんて
そうそういないじゃないですか。","能够亲眼见证这种场面的人，
世上可没有几个不是吗。",translated,凯斯,0ebcd39783,br=0 nl=1,2,
inc/event/res/12/me12_09.txt#345#12,"このガラス張りの床の下に
新しい星が来るそうです。","据说在这片玻璃地板的下方，
新的星球即将到来。",translated,凯斯,df45784867,br=0 nl=1,2,
inc/event/res/12/me12_09.txt#346#12,"正確にはラシェーラのエネルギーを
次元を繋げる力に転用するらしいので、
星が下に来るというより――","准确地说，似乎是将拉榭拉的能量
转化为连接次元的力量，
所以比起说星球来到下方――",translated,凯斯,26de725b89,br=0 nl=2,3,
inc/event/res/12/me12_09.txt#347#12,星の上に移動するみたいなんですけど……。,倒不如说是移动到那颗星球的上方去……,translated,凯斯,6bacac798c,br=0 nl=0,1,
inc/event/res/12/me12_09.txt#348#12,確かにね。,确实如此呢。,translated,鲁雷,74afab6cb6,br=0 nl=0,1,
inc/event/res/12/me12_09.txt#349#12,あたし達は誰から見ても明確な歴史の節目にいる。,在任何人看来，我们此刻都处于历史的转折点上。,translated,鲁雷,15f0b866ae,br=0 nl=0,1,
inc/event/res/12/me12_09.txt#350#12,"そしてイオンは歴史を変えるほどのことを
しようとしてる。",而依欧正在试图做出足以改变历史的壮举。,translated,鲁雷,8c670bb4e2,br=0 nl=1,2,
inc/event/res/12/me12_09.txt#351#12,"あの子の晴れ姿、見てみたいっていうのも
頷けるわね。","想看看那孩子的英姿，
倒也是完全合情合理呢。",translated,鲁雷,4b500c7471,br=0 nl=1,2,
inc/event/res/12/me12_09.txt#357#12,イオーン！　頑張れよー！,依欧――！加油啊――！,translated,阿达,d79d020417,br=0 nl=0,1,
inc/event/res/12/me12_09.txt#375#12,イオン……。,依欧……,translated,凯斯,ec7f4ecbfc,br=0 nl=0,1,
inc/event/res/12/me12_09.txt#377#12,イオン、しっかりね。,依欧，一定要加把劲啊。,translated,鲁雷,bf234789b0,br=0 nl=0,1,
inc/event/res/12/me12_09.txt#389#12,ラシェーラ様……。,拉榭拉大人……,translated,帕里,7eb5de8019,br=0 nl=0,1,
inc/event/res/12/me12_09.txt#390#12,"大丈夫。
ラシェーラ様ならきっと成功させてくれる。","没事的。
拉榭拉大人一定能让它成功的。",translated,库琳,c635ba180a,br=0 nl=1,2,
inc/event/res/12/me12_09.txt#391#12,"強い想いがあればどんな困難も
乗り越えていける。","只要拥有强烈的执念心意，
任何困难都能克服跨越。",translated,库琳,68aff3f5d9,br=0 nl=1,2,
inc/event/res/12/me12_09.txt#392#12,"それを示してくれたのは
ラシェーラ様たちだろう？","为我们证明了这一点的，
不正是拉榭拉大人她们吗？",translated,库琳,6cc22cc420,br=0 nl=1,2,
inc/event/res/12/me12_09.txt#393#12,……そうね。,……说的也是呢。,translated,帕里,0a4f52c987,br=0 nl=0,1,
inc/event/res/12/me12_09.txt#394#12,"信じましょう。
ラシェーラ様の想いの強さを。","让我们深信不疑吧。
相信拉榭拉大人那份无比坚定的心意。",translated,帕里,9413a13d06,br=0 nl=1,2,
inc/event/res/12/me12_09.txt#395#12,"きっと……いいえ、
絶対に成功させてくださるわ。","一定……不，
大人绝对会为我们带来成功的。",translated,帕里,32ad10f1ad,br=0 nl=1,2,
inc/event/res/12/me12_09.txt#409#12,博士……見ていますか。,博士……您在看着吗。,translated,莎丽,aea934d298,br=0 nl=0,1,
inc/event/res/12/me12_09.txt#410#12,"きっとこれは、博士の望んだ結末ではないので
しょう。",想必这一定不是博士所期盼的结局吧。,translated,莎丽,9ffa2fc5c1,br=0 nl=1,2,
inc/event/res/12/me12_09.txt#411#12,"それとも、こうなることを予想していたり
したんでしょうか。",抑或是，您早就预料到会演变成这般局面了呢。,translated,莎丽,64ce587fbf,br=0 nl=1,2,
inc/event/res/12/me12_09.txt#412#12,"僕には分からないけど、これもまた、
イオナサルが選び取った一つの未来です。","虽然我不得而知，但这同样也是
依欧娜萨鲁亲手开创选择的一种未来。",translated,莎丽,d331ea3953,br=0 nl=1,2,
inc/event/res/12/me12_09.txt#413#12,"彼女が選んだことならば、
僕は支えていこうと思います。","既然是她所做出的选择，
我便打算全心全意去支持她。",translated,莎丽,5c00a1ef46,br=0 nl=1,2,
inc/event/res/12/me12_09.txt#414#12,"望まず訪れた世界で精一杯戦ってくれている
彼女を、友人たちと一緒に……。","在这违背自身意愿而降临的世界里竭尽全力奋斗的她，
我将与朋友们一同……",translated,莎丽,9e065eb8a4,br=0 nl=1,2,
inc/event/res/12/me12_09.txt#415#12,"……この選択をしたことで彼女はとても悩み、
苦しんだはずだ。","……做出这个抉择，她一定经历过
无尽的迷惘与痛苦。",translated,莎丽,496121f139,br=0 nl=1,2,
inc/event/res/12/me12_09.txt#416#12,"これからも……もしかしたら今まで以上に
苦しむかもしれない。",今后……或许还会承受比以往更甚的折磨。,translated,莎丽,dda9bd41ea,br=0 nl=1,2,
inc/event/res/12/me12_09.txt#417#12,"僕にどれだけのことが出来るか分からない
けど……。",虽然我不知道自己究竟能做到何种地步……,translated,莎丽,0032903a04,br=0 nl=1,2,
inc/event/res/12/me12_09.txt#423#12,――頑張れ、イオナサル。,――加油啊，依欧娜萨鲁。,translated,莎丽,efcbc13539,br=0 nl=0,1,
inc/event/res/12/me12_09.txt#424#12,"いま僕に出来ることは、
こうして応援することだけだ。","此刻我所能做的，
唯有像这样为她默默祈愿加油而已。",translated,莎丽,ff24c5acbf,br=0 nl=1,2,
inc/event/res/12/me12_09.txt#425#12,新たに移住した星で共に進むためにも……。,只为了能在新移居的星球上一同携手前行……,translated,莎丽,c45abdce0b,br=0 nl=0,1,
inc/event/res/12/me12_09.txt#468#12,ぅ……。,唔……,translated,依恩,e89a6e688a,br=0 nl=0,1,
inc/event/res/12/me12_09.txt#469#12,ラシェーラ様……？,拉榭拉大人……？,translated,蕾娜露露,0a36f044bc,br=0 nl=0,1,
inc/event/res/12/me12_09.txt#470#12,"ごめんなさい。
いよいよだと思ったら……。","对不起。
一想到终于到了这一刻……",translated,依恩,9fca563ba7,br=0 nl=1,2,
inc/event/res/12/me12_09.txt#471#12,"緊張してる？
……って、しない方が無理よね。","紧张了吗？
……不过，不紧张才怪呢。",translated,妮伊,6b718587e2,br=0 nl=1,2,
inc/event/res/12/me12_09.txt#472#12,う、うん。ちゃんと出来るのかなって。,嗯、嗯。在想自己到底能不能做好。,translated,依恩,c4db162efb,br=0 nl=0,1,
inc/event/res/12/me12_09.txt#473#12,"こんな大舞台なんだもの、
イオンじゃなくても緊張するわよ。","毕竟是这等规模宏大的大场面，
换作谁都会紧张的啦。",translated,妮伊,537d1df0fd,br=0 nl=1,2,
inc/event/res/12/me12_09.txt#474#12,そう、かな……。,是、这样吗……,translated,依恩,53bcfe8586,br=0 nl=0,1,
inc/event/res/12/me12_09.txt#476#12,"いやーさすがのあたしも、
ぶっちゃけ緊張してるくらいだからね。","哎呀，实不相瞒，
就连我都紧张得不行呢。",translated,妮伊,293b72ce44,br=0 nl=1,2,
inc/event/res/12/me12_09.txt#477#12,"ネイちゃんも？
意外だなあ……。","奈依也会紧张吗？
真让人意外啊……",translated,依恩,5497a4bc60,br=0 nl=1,2,
inc/event/res/12/me12_09.txt#478#12,あたしを何だと思ってるのよ。,你把我看成什么人啦。,translated,妮伊,2807553fff,br=0 nl=0,1,
inc/event/res/12/me12_09.txt#479#12,"あなたはいつも奔放に振る舞っていらっしゃる
から、ラシェーラ様には緊張とは無縁に思える
のでしょう。","因为你向来行事奔放不羁，
所以在拉榭拉大人眼中，
才会觉得你与紧张二字无缘吧。",translated,蕾娜露露,85be02f387,br=0 nl=2,3,
inc/event/res/12/me12_09.txt#480#12,あーそうですか。,啊――是嘛。,translated,妮伊,6cf32bc7c5,br=0 nl=0,1,
inc/event/res/12/me12_09.txt#481#12,そ、そんなこと……ないけど。,没、没有那种事……啦。,translated,依恩,e37cb0d802,br=0 nl=0,1,
inc/event/res/12/me12_09.txt#483#12,ま、無理に背負い込みすぎることもないわよ。,嘛，用不着勉强自己背负太多啦。,translated,妮伊,be3ef190f5,br=0 nl=0,1,
inc/event/res/12/me12_09.txt#484#12,"あんたは、あんたが謳いたいって思った理由に
だけ集中していればいいの。","你只需要专心专注于
自己想要歌咏的初衷上就好。",translated,妮伊,ec9c6ed171,br=0 nl=1,2,
inc/event/res/12/me12_09.txt#486#12,わたしが謳いたいって思った理由……。,我想要歌咏的初衷……,translated,依恩,99cb73206e,br=0 nl=0,1,
inc/event/res/12/me12_09.txt#488#12,すぅーーーはぁーーー。,呼――――吸――――。,translated,依恩,79f0eb4158,br=0 nl=0,1,
inc/event/res/12/me12_09.txt#489#12,よし！,好！,translated,依恩,16c794c4ab,br=0 nl=0,1,
inc/event/res/12/me12_09.txt#490#12,思い出した？,想起来了吗？,translated,妮伊,24ba732cd9,br=0 nl=0,1,
inc/event/res/12/me12_09.txt#491#12,うん。ありがとうネイちゃん。,嗯。谢谢你奈依。,translated,依恩,6bbfc0ecd7,br=0 nl=0,1,
inc/event/res/12/me12_09.txt#492#12,"わたし、謳わなきゃっていうこと自体を
見すぎてた。","我刚才一味太过于纠结在
“必须得歌唱”这件事本身上了。",translated,依恩,780d318f62,br=0 nl=1,2,
inc/event/res/12/me12_09.txt#494#12,"レナルルさん。最後に地上を回らせてくれて
ありがとうございました。","蕾娜露露。非常感谢您最后能准许我
在地面各处巡视一圈。",translated,依恩,960d786fcf,br=0 nl=1,2,
inc/event/res/12/me12_09.txt#495#12,"ラシェーラ様にとって大切な時間となった
ようで良かったです。","只要能成为拉榭拉大人弥足珍贵的时光，
那就再好不过了。",translated,蕾娜露露,e75eccecbf,br=0 nl=1,2,
inc/event/res/12/me12_09.txt#496#12,ネイちゃんも、一緒に来てくれてありがとう。,奈依也谢谢你陪我一起去。,translated,依恩,f107c81461,br=0 nl=0,1,
inc/event/res/12/me12_09.txt#497#12,"いいのいいの。あたしも行きたいとこに
行けたし、世界をあらためて回るって
よく考えたら豪華だったもの。","不用客气啦。我也去了想去的地方，
仔细想想重新周游一遍世界
还挺奢侈豪华的呢。",translated,妮伊,fbd323ed9a,br=0 nl=2,3,
inc/event/res/12/me12_09.txt#498#12,"わたし、直接みんなが感じていることを
言葉で受け取って、すごく色々考えちゃった。","亲耳倾听了大家内心的真实想法，
让我思考了许许多多的事情。",translated,依恩,65a261de30,br=0 nl=1,2,
inc/event/res/12/me12_09.txt#499#12,"中には自分の力じゃどうしようもないことも
あった。","这其中也有凭我自身之力
无论如何也无能为力的事。",translated,依恩,ed873f9594,br=0 nl=1,2,
inc/event/res/12/me12_09.txt#500#12,"でも、それも含めてこの星に生きる人達の
意志なんだって受け止めることが出来ました。","但我已经能够完全接受，连同那些在内
都是生活在这颗星球上的人们的真实意志。",translated,依恩,95764b4910,br=0 nl=1,2,
inc/event/res/12/me12_09.txt#501#12,"みんなから話を聞けなかったら、
絶対に迷ってた。","如果没有听过大家的心声，
我一定会陷入深深的迷惘之中。",translated,依恩,a1382a48ce,br=0 nl=1,2,
inc/event/res/12/me12_09.txt#502#12,このまま謳っていいのか。,会怀疑就这样歌唱下去真的好吗。,translated,依恩,6a3615670e,br=0 nl=0,1,
inc/event/res/12/me12_09.txt#503#12,"わたしが謳うことを望んでない人も
いるんじゃないかって。",会怀疑是不是也有人不希望我歌唱。,translated,依恩,27d1b125fe,br=0 nl=1,2,
inc/event/res/12/me12_09.txt#504#12,"確かに全部がうまくいったりはしてない。
全員が喜べる結果を出すことは出来ない。","诚然，并非一切都能尽如人意。
也无法得出让所有人都欢欣鼓舞的结果。",translated,依恩,9787db361b,br=0 nl=1,2,
inc/event/res/12/me12_09.txt#505#12,"世界は都合良くは出来ていなくて、
とても残酷なことが起こったりする。","世界并不总是称心如意，
有时甚至会发生极其残酷的事实。",translated,依恩,3c8aa7a36a,br=0 nl=1,2,
inc/event/res/12/me12_09.txt#506#12,"だからこそ、わたしが出来る精一杯を
ぶつけるしかないんだって思いました。","正因如此，我才领悟到自己唯有倾注
所能做到的全部力量。",translated,依恩,79bf540e31,br=0 nl=1,2,
inc/event/res/12/me12_09.txt#507#12,"みんなの気持ちを聞いて、やろうって
自分自身で決めた事なら、迷わないから。","既然是倾听了大家的心声后，
由我自己下定决心要做的事，我就绝不会动摇。",translated,依恩,3c1dd86230,br=0 nl=1,2,
inc/event/res/12/me12_09.txt#508#12,"あとは、わたしの想いの全てを詩に込める
だけ……。","剩下的，就只有将我全部的心愿
倾注进诗歌之中了……",translated,依恩,4985036e74,br=0 nl=1,2,
inc/event/res/12/me12_09.txt#512#12,立派になられました。本当に。,您真的变得成熟可靠了，由衷地敬佩。,translated,蕾娜露露,c820b3bb3b,br=0 nl=0,1,
inc/event/res/12/me12_09.txt#513#12,"試練に望まれる前は、
子犬のように弱々しかったのに。","在接受试炼之前，
您还宛如幼犬般怯弱无助呢。",translated,蕾娜露露,7830887f48,br=0 nl=1,2,
inc/event/res/12/me12_09.txt#514#12,"あたしと初めて会った時もオドオドしてた
けどね。",最初和我相遇的时候也是战战兢兢的呢。,translated,妮伊,bccc06013b,br=0 nl=1,2,
inc/event/res/12/me12_09.txt#515#12,でも、今は違う。,但是，现在的你不一样了。,translated,妮伊,5f736c3cd3,br=0 nl=0,1,
inc/event/res/12/me12_09.txt#516#12,誰よりも優しくて、強い心を持ってる。,拥有着比任何人都更温柔、更坚韧的心灵。,translated,妮伊,89aff80174,br=0 nl=0,1,
inc/event/res/12/me12_09.txt#517#12,"レナルルさん、ネイちゃん。
ここまで付いてきてくれてありがとう。","蕾娜露露、奈依。
谢谢你们一路陪伴我走到这里。",translated,依恩,2f10d807be,br=0 nl=1,2,
inc/event/res/12/me12_09.txt#518#12,行っておいで、イオン！,去吧，依欧！,translated,妮伊,f9b21f8913,br=0 nl=0,1,
inc/event/res/12/me12_09.txt#519#12,あなたの望むままに謳うのです。,请遵从您的心愿，尽情歌唱吧。,translated,蕾娜露露,1bf39ff9aa,br=0 nl=0,1,
inc/event/res/12/me12_09.txt#522#12,はい！　行ってきます！,嗯！我出发了！,translated,依恩,9d085d1261,br=0 nl=0,1,
inc/event/res/12/me12_09.txt#550#12,すごい……まるで太陽みたいに真っ赤。,好厉害……宛如太阳一般通红一片。,translated,依恩,858609ff9f,br=0 nl=0,1,
inc/event/res/12/me12_09.txt#551#12,"海も山も草原も、まるで血管みたいに
亀裂だらけ……。","海洋、高山、草原，全都宛如血管般
布满了蛛网般的裂痕……",translated,依恩,9515a22348,br=0 nl=1,2,
inc/event/res/12/me12_09.txt#552#12,待たせてごめんね。,让你久等了，对不起。,translated,依恩,3fab47f570,br=0 nl=0,1,
inc/event/res/12/me12_09.txt#553#12,こんなになるまで頑張ってくれてありがとう。,谢谢你一直坚持努力到了这一步。,translated,依恩,89acc6c737,br=0 nl=0,1,
inc/event/res/12/me12_09.txt#559#12,分かるよ。,我都明白的。,translated,依恩,a877e91dfe,br=0 nl=0,1,
inc/event/res/12/me12_09.txt#560#12,必死にここまで命を繋いでくれていた。,你一直在拼死维系着这颗星球上的生机。,translated,依恩,bb551d863e,br=0 nl=0,1,
inc/event/res/12/me12_09.txt#561#12,"ラシェーラに住む人達が生き延びられるよう
一生懸命だったんだね。","全心全意地只为让生活在拉榭拉的人们
能够延续生存下去呢。",translated,依恩,c85967fa13,br=0 nl=1,2,
inc/event/res/12/me12_09.txt#567#12,わたし達の出発を祝ってくれているの？,你是在为我们的启程送上祝福吗？,translated,依恩,103b0df6e8,br=0 nl=0,1,
inc/event/res/12/me12_09.txt#568#12,"こんなになっても、これからのことを
分かっていても、そう思ってくれているの？","哪怕伤痕累累至此，哪怕深知接下来的命运，
也依然这般期盼着吗？",translated,依恩,25c3f2fd04,br=0 nl=1,2,
inc/event/res/12/me12_09.txt#569#12,不思議。,真不可思议。,translated,依恩,a0ed7d9ef3,br=0 nl=0,1,
inc/event/res/12/me12_09.txt#570#12,温かな想いが伝わってくるみたい……。,仿佛能清晰感受到那份温暖的心意……,translated,依恩,190ebbe878,br=0 nl=0,1,
inc/event/res/12/me12_09.txt#572#12,"アースに居た頃は考えたこともなかったけど、
星は本当に生きているのかな。","在地球生活时虽然从未思考过这些，
但星球真的是具有生命的生灵呢。",translated,依恩,76b21872ff,br=0 nl=1,2,
inc/event/res/12/me12_09.txt#582#12,……生きて、いるんだよね。,……它确实，活生生地存在着呢。,translated,依恩,760df7da18,br=0 nl=0,1,
inc/event/res/12/me12_09.txt#583#12,だからこうして想いが伝わってくる。,正因如此，这份心意才会传达到我心中。,translated,依恩,b3274d9af3,br=0 nl=0,1,
inc/event/res/12/me12_09.txt#584#12,わたしの心の中が、熱で満たされる。,我的心头，被一股炽热的暖流所充溢。,translated,依恩,4fe21fce66,br=0 nl=0,1,
inc/event/res/12/me12_09.txt#585#12,心配しないで。絶対に、成功させるから！,请别担心。我绝对，会让它成功的！,translated,依恩,b47a9feb23,br=0 nl=0,1,
inc/event/res/12/me12_09.txt#586#12,"ずっとずっと、この星の人達を育んできた
ラシェーラ。","长久以来，始终默默孕育养育着
这颗星球上万千子民的拉榭拉啊。",translated,依恩,cdbe03194e,br=0 nl=1,2,
inc/event/res/12/me12_09.txt#587#12,"わたしはあなたの子ではないけれど、
ここに住む人達やこの星が大好きです。","我虽然并非你的亲生子嗣，
但我深爱着生活在这里的人们以及这颗星球。",translated,依恩,7eeb968249,br=0 nl=1,2,
inc/event/res/12/me12_09.txt#588#12,"そして、母として子のためにその身を
捧げようとしているあなたのことも。","同时也深爱着作为慈母、为了子女
不惜献出自身躯体的你。",translated,依恩,44019e1999,br=0 nl=1,2,
inc/event/res/12/me12_09.txt#589#12,"あなたに代わり、
わたしがみんなの命を預かります。","我将代替你，
承担起守护大家生命的重托。",translated,依恩,c007776922,br=0 nl=1,2,
inc/event/res/12/me12_09.txt#590#12,みんなを、あの青い星まで必ず連れて行く。,我一定会，带领大家前往那颗蔚蓝的星球。,translated,依恩,c665e4ef0e,br=0 nl=0,1,
inc/event/res/12/me12_09.txt#591#12,ラシェーラ……。,拉榭拉……,translated,依恩,5eabd802ca,br=0 nl=0,1,
inc/event/res/12/me12_09.txt#592#12,あなたの願いはわたしの願い。,你的祈愿，便是我心之所向。,translated,依恩,57cdd2297d,br=0 nl=0,1,
inc/event/res/12/me12_09.txt#593#12,あとは……任せて！,接下来……就交给我吧！,translated,依恩,28a71dca3d,br=0 nl=0,1,
inc/event/res/12/me12_09.txt#614#12,（感じる……。みんなの想い）,（感受到了……大家的心意）,translated,依恩,57dc21b2b9,br=0 nl=0,1,
inc/event/res/12/me12_09.txt#616#12,"（全員の想いがわたしの想いと
　重なり合っていく）","（所有人的心意，
　正在与我的心意重叠交融）",translated,依恩,8f5d9ba121,br=0 nl=1,2,
inc/event/res/12/me12_09.txt#619#12,（どんどんと、強く大きくなる……！）,（在不断地、越变越强，越变越大……！）,translated,依恩,a9b1adf1ea,br=0 nl=0,1,
inc/event/res/12/me12_09.txt#622#12,"（ラシェーラの想いも、
　今ならはっきりと分かる）","（拉榭拉的心愿，
　现在我也能清晰地感受到了）",translated,依恩,23baecf3ce,br=0 nl=1,2,
inc/event/res/12/me12_09.txt#623#12,（なんて大きな……包み込むような想い）,（多么宽广……宛如包容万物般的深厚情意）,translated,依恩,1345f8f741,br=0 nl=0,1,
inc/event/res/12/me12_09.txt#625#12,（この全部を、わたしが引き受ける！）,（这所有的一切，都由我一人承担！）,translated,依恩,d4069e1b37,br=0 nl=0,1,
inc/event/res/12/me12_09.txt#627#12,（みんなの想いを束ねて、詩にする！）,（汇聚大家的心意，化作高亢的诗歌！）,translated,依恩,ea33e7cc54,br=0 nl=0,1,
inc/event/res/12/me12_09.txt#650#12,ぅ……っ、く……。,呜……唔，咕……,translated,依恩,a066699d0a,br=0 nl=0,1,
inc/event/res/12/me12_09.txt#651#12,すごい力……！,好强大的力量……！,translated,依恩,7318ca7e30,br=0 nl=0,1,
inc/event/res/12/me12_09.txt#676#12,"うおおおおおお！
すげぇ！　すげぇぞイオン！","喔喔喔喔喔喔！
太厉害了！太神了依欧！",translated,阿达,2dde38ee9d,br=0 nl=1,2,
inc/event/res/12/me12_09.txt#677#12,あの子、本当に……。,那孩子，真的做到了……,translated,凯斯,40516d1eed,br=0 nl=0,1,
inc/event/res/12/me12_09.txt#679#12,"っ、頑張った……！
頑張ったんだね……。","唔，太拼命了……！
真亏她能坚持下来啊……",translated,鲁雷,2dc49d3e4b,br=0 nl=1,2,
inc/event/res/12/me12_09.txt#689#12,ラシェーラ様！,拉榭拉大人！,translated,库琳,32cc515f45,br=0 nl=0,1,
inc/event/res/12/me12_09.txt#690#12,これが、私達の新しい星……。,这就是，我们的新星球……,translated,帕里,81e293aa75,br=0 nl=0,1,
inc/event/res/12/me12_09.txt#691#12,なんて美しい……。,多么美丽啊……,translated,帕里,3b61f9d983,br=0 nl=0,1,
inc/event/res/12/me12_09.txt#704#12,イオナサル……。,依欧娜萨鲁……,translated,莎丽,ae64d4069b,br=0 nl=0,1,
inc/event/res/12/me12_09.txt#705#12,君はついに、奇跡の詩を紡いだ。,你终于，编织出了奇迹的诗歌。,translated,莎丽,8bc086fdfb,br=0 nl=0,1,
inc/event/res/12/me12_09.txt#706#12,いや、これが君の得た力だ。,不，这就是你所赢获的力量。,translated,莎丽,2ca7c2c6c6,br=0 nl=0,1,
inc/event/res/12/me12_09.txt#721#12,ぐっ……、う……。,咕……唔……,translated,依恩,756c04333d,br=0 nl=0,1,
inc/event/res/12/me12_09.txt#722#12,謳えた……。,成功唱出来了……,translated,依恩,80ae47ba4c,br=0 nl=0,1,
inc/event/res/12/me12_09.txt#723#12,"出来たよ……。
みんなを、連れて、こられた。","我做到了哦……
成功把大家，带到这里，来了。",translated,依恩,86edb1d85e,br=0 nl=1,2,
inc/event/res/12/me12_09.txt#724#12,……ありがとう。,……谢谢。,translated,依恩,12f426d1a8,br=0 nl=0,1,
inc/event/res/12/me12_09.txt#725#12,みんな、ありがとう……。,大家，谢谢你们……,translated,依恩,ec9ba8ea5d,br=0 nl=0,1,
inc/event/res/12/me12_09.txt#726#12,ラシェーラ……。,拉榭拉……,translated,依恩,5eabd802ca,br=0 nl=0,1,
inc/event/res/12/me12_09.txt#727#12,そして一緒に残った人やジェノムたち……。,还有选择一同留守的人们与杰诺姆们……,translated,依恩,80bf6062a4,br=0 nl=0,1,
inc/event/res/12/me12_09.txt#728#12,これで、良かったんだよね。,这样选择，是对的吧。,translated,依恩,02831a3c76,br=0 nl=0,1,
inc/event/res/12/me12_09.txt#729#12,"生きたいと願う人たちを、
わたしは導けたんだよね……。","那些渴望活下去的人们，
我成功指引他们前行了对吧……",translated,依恩,e1c2553037,br=0 nl=1,2,
inc/event/res/12/me12_09.txt#739#12,わたし達は、ここで生きていきます。,我们，将在这里生存下去。,translated,依恩,c5f7d98832,br=0 nl=0,1,
inc/event/res/12/me12_09.txt#740#12,"ここでどんな未来が待っているのかは分からない
けど、あなた達のことは決して忘れない。","虽然不知道在这里会有怎样的未来等待着我们，
但我绝不会忘记你们。",translated,依恩,60191e9232,br=0 nl=1,2,
inc/event/res/12/me12_09.txt#741#12,ありがとう、みんな。,谢谢大家。,translated,依恩,8878900929,br=0 nl=0,1,
inc/event/res/12/me12_09.txt#743#12,ありがとう……。,谢谢你们……,translated,依恩,86dd250d2e,br=0 nl=0,1,
inc/event/res/12/me12_10.txt#34#12,ラシェーラ様。,拉榭拉大人。,translated,蕾娜露露,76b08e2b06,br=0 nl=0,1,
inc/event/res/12/me12_10.txt#70#12,あ。レナルルさん。,啊。蕾娜露露。,translated,依恩,1af669521c,br=0 nl=0,1,
inc/event/res/12/me12_10.txt#71#12,"お忙しいところすみません。
ご報告です。","百忙之中打扰您十分抱歉。
有事向您汇报。",translated,蕾娜露露,9bfea3ad51,br=0 nl=1,2,
inc/event/res/12/me12_10.txt#72#12,なんだかあんたにしては慌ただしいわね。,对于你来说这可真够慌慌张张的呢。,translated,妮伊,e37ed155f7,br=0 nl=0,1,
inc/event/res/12/me12_10.txt#73#12,"せっかくラシェール・フューザーが
成功したんだから――","难得拉榭拉融合器
取得了圆满成功――",translated,妮伊,3bc6cf5fd0,br=0 nl=1,2,
inc/event/res/12/me12_10.txt#74#12,もっとこう、ドーンと構えてたら？,就不能更加从容沉稳一点吗？,translated,妮伊,04c00ec122,br=0 nl=0,1,
inc/event/res/12/me12_10.txt#75#12,"失礼しました。
たしかに見苦しかったですね。","失礼了。
确实让两位见笑了呢。",translated,蕾娜露露,17c7cfcac4,br=0 nl=1,2,
inc/event/res/12/me12_10.txt#77#12,"……ですが、あまりのんびりもして
いられないのです。","……但是，目前情势实在不容我们
继续优哉游哉下去了。",translated,蕾娜露露,7b98380b1b,br=0 nl=1,2,
inc/event/res/12/me12_10.txt#78#12,のんびりしていられない、ですか……？,不容我们优哉游哉……是指？,translated,依恩,e31320ba35,br=0 nl=0,1,
inc/event/res/12/me12_10.txt#79#12,"はい。
先程、科学者たちから今回の事象についての
報告があがってきました。","是的。
刚才科学家们提交了
关于此次现象的分析报告。",translated,蕾娜露露,8724864626,br=0 nl=2,3,
inc/event/res/12/me12_10.txt#80#12,"ラシェール・フューザーによって
ヒュムネスフィアがこの星の
上空に転移してきたわけですが――","虽说修姆涅球通过拉榭拉融合器
成功转移到了这颗星球的上空――",translated,蕾娜露露,aaced04f92,br=0 nl=2,3,
inc/event/res/12/me12_10.txt#81#12,"ここに時空間を固定しておけるのは、
せいぜいあと３０日ほどとのことです。","但据报告称，将时空间固定在此处的极限，
充其量只剩下３０天左右了。",translated,蕾娜露露,ad2bd9e2f7,br=0 nl=1,2,
inc/event/res/12/me12_10.txt#83#12,"えー！？
ずっとここにいられるんじゃないの？","诶――！？
难道不能一直留在这里吗？",translated,妮伊,03484d0f3e,br=0 nl=1,2,
inc/event/res/12/me12_10.txt#84#12,違うの、ネイちゃん。,不是那样的，奈依。,translated,依恩,c7cc2c4c48,br=0 nl=0,1,
inc/event/res/12/me12_10.txt#85#12,"普通はすぐには辿り着けないくらい、
こことラシェーラがあった場所は離れてるの。","这里与拉榭拉原本所在的地方相隔极其遥远，
通常情况下根本不可能迅速抵达。",translated,依恩,ddb5c4ea5c,br=0 nl=1,2,
inc/event/res/12/me12_10.txt#86#12,"普通の空間移動じゃ、惑星の質量分の
エネルギーがあっても、これだけ沢山の人や
ものを運ぶことはできないんだって。","据说单凭常规的空间移动，
哪怕消耗整颗行星质量的能量，
也无法运送如此庞大的人员与物资。",translated,依恩,235c0caf37,br=0 nl=2,3,
inc/event/res/12/me12_10.txt#88#12,"そのため、空間係留という方法をとり、
普段は少ないエネルギーで視覚情報だけを
映しておき、移動時だけ実体化させる――","因此采用了空间系留的方式，
平时仅消耗少量能量投射视觉信息，
唯有在移动时才进行实体化――",translated,蕾娜露露,a39d5ac408,br=0 nl=2,3,
inc/event/res/12/me12_10.txt#89#12,"みんながシップで行き来する時だけ、
一部分だけ大きなエネルギーで物質化させるの。
……わかるかな？","只有在大家搭乘飞船往返穿梭时，
才消耗巨额能量将局部物质化。
……你能明白吗？",translated,依恩,4dd888e3ca,br=0 nl=2,3,
inc/event/res/12/me12_10.txt#90#12,"まあ、なんとなく。
でもなんで、そんな面倒なことをやってんの？","嘛，勉强能懂啦。
可是为什么非要搞得这么麻烦啊？",translated,妮伊,9081471545,br=0 nl=1,2,
inc/event/res/12/me12_10.txt#92#12,"万一、あの星では生存不可能だと判明した場合、
即座に切断し、次の探索にエネルギーを使う
必要があるからです。","因为万一查明那颗星球并不适宜生存，
就必须立即切断连接，
将剩余能量用于探索下一颗星球。",translated,蕾娜露露,deb1397d43,br=0 nl=2,3,
inc/event/res/12/me12_10.txt#93#12,"普通に空間移動させちゃったら、
全員を移動させることができたとしても、
後戻りするエネルギーがなくなっちゃうから……。","如果一开始就直接进行常规空间移动，
就算能把所有人都运送过去，
也会耗尽所有退路所需的能量……",translated,依恩,a6558279c9,br=0 nl=2,3,
inc/event/res/12/me12_10.txt#95#12,"なるほどね。
あんたたちも大変ねぇ。
そこまで考えてやらなきゃいけないなんて。","原来是这样啊。
你们也真够不容易的。
居然连这种细节都必须考虑周全才行。",translated,妮伊,c632d18d4b,br=0 nl=2,3,
inc/event/res/12/me12_10.txt#96#12,"だから、今のこの状態は普通じゃないの。
こうしているこの瞬間にもエネルギーを消費し
続けてる。","所以说，现在的这种状态是极其例外的。
就在此时此刻，
能量也依然在源源不断地持续消耗着。",translated,依恩,0da2be828d,br=0 nl=2,3,
inc/event/res/12/me12_10.txt#97#12,そのエネルギーを使い切るのが、３０日後……。,而耗尽所有能量的期限，就是３０天后……,translated,依恩,220a06d1fd,br=0 nl=0,1,
inc/event/res/12/me12_10.txt#101#12,そうです。,正是如此。,translated,蕾娜露露,befbdb3bd4,br=0 nl=0,1,
inc/event/res/12/me12_10.txt#102#12,"クエーサーとなったラシェーラは、超高効率で
その質量をエネルギーへと変換していきました。","化作类星体的拉榭拉，
以超高效率将其自身质量转化为了能量。",translated,蕾娜露露,f2baf822f4,br=0 nl=1,2,
inc/event/res/12/me12_10.txt#103#12,惑星一つ分の質量がエネルギーとなったのです。,整整一颗行星的质量全都化作了能量。,translated,蕾娜露露,bb45c2becf,br=0 nl=0,1,
inc/event/res/12/me12_10.txt#104#12,あれほどのエネルギー、二度とは作れません。,如此磅礴浩大的能量，绝不可能再产生第二次了。,translated,蕾娜露露,1418d0670b,br=0 nl=0,1,
inc/event/res/12/me12_10.txt#107#12,要はこういうこと？,说白了就是这么回事吧？,translated,妮伊,e2e8b040a0,br=0 nl=0,1,
inc/event/res/12/me12_10.txt#108#12,"すごーく重たい扉を疲労困憊になりながら開けた
けど、押さえておかないと元に戻っちゃう。","虽然精疲力竭地推开了一扇极其沉重的大门，
但如果不一直用手抵着，它就会自动关上。",translated,妮伊,ac9bb07398,br=0 nl=1,2,
inc/event/res/12/me12_10.txt#109#12,"で、頑張って手で押さえてるわけだけど、
体力カラッポになったらまた閉まっちゃう、と。","于是拼命用手死死按住，
可一旦体力耗尽，大门又会猛地关上，对吧。",translated,妮伊,1a4594f120,br=0 nl=1,2,
inc/event/res/12/me12_10.txt#110#12,"大雑把に言えば、その認識で間違っては
いません。","粗略来说，您的这种理解
并没有错。",translated,蕾娜露露,f690744057,br=0 nl=1,2,
inc/event/res/12/me12_10.txt#111#12,"そして、元に戻ったとしてもそこにはもう
ラシェーラはなく、再び転移出来るだけの
エネルギーはない。","而且，即便退回原状，
那里也已不再有拉榭拉的存在，
更没有足够再次进行转移的能量了。",translated,蕾娜露露,7fe43ea633,br=0 nl=2,3,
inc/event/res/12/me12_10.txt#112#12,３０日、ですか……。,３０天吗……,translated,依恩,3a9a53b6a6,br=0 nl=0,1,
inc/event/res/12/me12_10.txt#113#12,移住は間に合いますか？,移民来得及吗？,translated,依恩,8379f19e38,br=0 nl=0,1,
inc/event/res/12/me12_10.txt#114#12,住民の移動自体に時間はそれほどかかりません。,居民转移本身并不会耗费太多时间。,translated,蕾娜露露,f9920ad76a,br=0 nl=0,1,
inc/event/res/12/me12_10.txt#121#12,"惑星を囲む３つのリング――{スフィリアルリング}
と言いますが、あれのおかげで空間制御が格段に
楽になっています。","环绕行星的三道圆环――即{天球环}，
多亏了它们，
空间的控制变得极其轻松高效。",translated,蕾娜露露,d71f2e306b,br=1 nl=2,3,keep-terms {スフィリアルリング}
inc/event/res/12/me12_10.txt#121#14,ラシェーラを囲む巨大な三つのリング、それがスフィリアルリングである。惑星一つを囲んでいることから、その巨大さは容易に想像できる。<CR>そのスフィリアルリングが持つ唯一にして最大の機能がラシェール・フューザーによって呼び込まれた空間の制御と固定化である。スフィリアルリングが捻じ曲げられた空間を固定することで何十万人もの人間を一人一人転送するより、遥かにローコストでの空間移動が可能となっている。また同時に、スフィリアルリングの内側と外側の重力場を切り離すため、リングの本体と外側に存在する施設は超重力の影響を受けることはない。<CR>機能そのものに派手さはないものの、グランフェニックス計画を支える重要な施設となっている。,环绕拉榭拉的三个巨大圆环，便是天球环。从其环绕整颗行星这点来看，其宏大程度便不难想象。<CR>天球环所拥有的唯一且最大的功能，便是对通过拉榭拉融合器所引渡而来的空间进行控制与固定。通过天球环固定被扭曲的空间，相比将数十万人逐一传送，能够以极低的成本实现空间移动。同时，由于隔离了天球环内外两侧的重力场，圆环本体以及位于外侧的设施便不会受到超重力的影响。<CR>虽然其功能本身并不显山露水，却是支撑起大凤凰计划的重要设施。,translated,蕾娜露露,80915f7951,<CR> <CR> br=0 nl=0,1,keep-tags <CR>; src-longest-line=312
inc/event/res/12/me12_10.txt#122#12,"我々の力だけで数十万人もの人々を直接転送する
よりも遙かにローコストで安全なのだそうです。","据说这比仅凭我们自身力量直接传送数十万人，
成本要低得多，也安全得多。",translated,蕾娜露露,e49348e7e3,br=0 nl=1,2,
inc/event/res/12/me12_10.txt#123#12,ああ、あれってそういう力があるんだ。,啊，原来那东西还有这等能力啊。,translated,妮伊,667c858e19,br=0 nl=0,1,
inc/event/res/12/me12_10.txt#124#12,"問題は、先ほどの話にも出ていたとおり、
この星が本当に人が住める土地かということを、
速やかに調べる必要があることです。","问题在于，正如刚才所言，
我们必须尽快查明
这颗星球究竟是否适宜人类居住。",translated,蕾娜露露,30722ba53b,br=0 nl=2,3,
inc/event/res/12/me12_10.txt#125#12,"この調査、あまり時間はかけられないものの、
手を抜くわけにはいきませんから……どれほど
時間がかかるか分かりません。","虽然这项调查不能拖延太久，
但也绝不能草率行事……
因此不知究竟需要耗费多少时间。",translated,蕾娜露露,5a35632801,br=0 nl=2,3,
inc/event/res/12/me12_10.txt#126#12,"そうですよね……。
俯瞰視点でなんとか住めそうな星を、
と思って探したんですけど――","说的也是呢……
我虽然用俯瞰视点尽力寻找了
看起来适宜居住的星球――",translated,依恩,066a69867f,br=0 nl=2,3,
inc/event/res/12/me12_10.txt#127#12,"本当に住めるかどうかは行ってみないと、
分からないですよね。","但究竟能否居住，
不亲自实地走一趟也是无从知晓的呢。",translated,依恩,2b4679dbfe,br=0 nl=1,2,
inc/event/res/12/me12_10.txt#128#12,"落ち込まないの。
イオンは出来ることをやった。","别垂头丧气的。
依欧你已经做到了能做的一切。",translated,妮伊,822f24c3bb,br=0 nl=1,2,
inc/event/res/12/me12_10.txt#129#12,"住めそうな星を見つけて、
しかもそこまで連れてきてくれた。","找到了看起来能居住的星球，
而且还把大家带到了这里。",translated,妮伊,3d8cc55e12,br=0 nl=1,2,
inc/event/res/12/me12_10.txt#130#12,"こんなこと、他に出来るやつなんて
いないんだから。","这种壮举，换作别人
根本不可能做得到嘛。",translated,妮伊,78f865fd8f,br=0 nl=1,2,
inc/event/res/12/me12_10.txt#131#12,"そうです。
誰もが自分に出来ることをやれば良いのです。","正是如此。
每个人做好自己力所能及的事情便可。",translated,蕾娜露露,31697663d7,br=0 nl=1,2,
inc/event/res/12/me12_10.txt#132#12,"そしてこれからは、
我々が出来ることをやる番です。","而接下来，
便轮到我们去履行职责了。",translated,蕾娜露露,943d2694de,br=0 nl=1,2,
inc/event/res/12/me12_10.txt#133#12,"人々の移住は後に回し、その間にここが住める
星か、可能な限りあらゆる要素を分析します。","暂缓民众的移居，在此期间尽可能分析
所有要素以确认这里是否宜居。",translated,蕾娜露露,28ccba34e4,br=0 nl=1,2,
inc/event/res/12/me12_10.txt#143#12,現在、その為の先遣隊を組織しています。,目前我们正在组建负责此事的先遣队。,translated,蕾娜露露,e2e3a8ea35,br=0 nl=0,1,
inc/event/res/12/me12_10.txt#144#12,"他の民に先駆けて星へと降り、
実際に調査をする者達です。","他们是先于其他民众降落行星、
进行实地勘探的勇士。",translated,蕾娜露露,83ff90d9c5,br=0 nl=1,2,
inc/event/res/12/me12_10.txt#145#12,"天文のラシェール・フューザー要綱に従い、
陛下の試練が終わる前から準備をしておりました。","遵照天文的拉榭拉融合器纲要，
在陛下的试炼结束之前便已着手筹备。",translated,蕾娜露露,7c75647442,br=0 nl=1,2,
inc/event/res/12/me12_10.txt#146#12,"数ヶ月にわたり、様々な訓練を積んできた
特別部隊です。",这是一支历经数月严苛训练的特别部队。,translated,蕾娜露露,c6202665b1,br=0 nl=1,2,
inc/event/res/12/me12_10.txt#147#12,"そんな人達がいたんですね……。
全然知らなかった。","原来还有这样的人们在啊……
我完全不知道。",translated,依恩,6fd43d0214,br=0 nl=1,2,
inc/event/res/12/me12_10.txt#148#12,"皇帝候補の方達には、
自らの試練に注力していただきたかった。","我们希望各位皇帝候选人
能够全力专注于自身的试炼。",translated,蕾娜露露,d1d89e4060,br=0 nl=1,2,
inc/event/res/12/me12_10.txt#149#12,"だから前後の準備に関しては
お伝えしませんでした。","所以才未曾将前后的筹备情况
告知于各位。",translated,蕾娜露露,97c606cc31,br=0 nl=1,2,
inc/event/res/12/me12_10.txt#150#12,"今のところの報告によれば、
この星の大気成分は問題無しと判明しています。","根据目前的初步报告，
这颗星球的大气成分已确认并无大碍。",translated,蕾娜露露,d044879cde,br=0 nl=1,2,
inc/event/res/12/me12_10.txt#151#12,"それでも大地には何が待っているか
分かりません。","即便如此，大地之上究竟潜伏着什么
依然是未知数。",translated,蕾娜露露,1d540a12af,br=0 nl=1,2,
inc/event/res/12/me12_10.txt#152#12,"そこに自ら赴くことを決意した勇気ある者達に、
是非、陛下から激励を送っていただきたいのです。","对那些毅然决然奔赴大地的勇敢之士，
务必请陛下亲自为他们送上勉励。",translated,蕾娜露露,eb275afef0,br=0 nl=1,2,
inc/event/res/12/me12_10.txt#153#12,はい、喜んで。,好的，我很乐意。,translated,依恩,fdc1b171b7,br=0 nl=0,1,
inc/event/res/12/me12_10.txt#154#12,ありがとうございます。,非常感谢您。,translated,蕾娜露露,29162a7b71,br=0 nl=0,1,
inc/event/res/12/me12_10.txt#155#12,激励の儀の準備はもうすぐ整います。,勉励仪式的准备工作即将就绪。,translated,蕾娜露露,5deb1eda7b,br=0 nl=0,1,
inc/event/res/12/me12_10.txt#156#12,急で申し訳ございませんが、こちらに。,事出突然十分抱歉，请随我往这边来。,translated,蕾娜露露,d161b8e6d6,br=0 nl=0,1,
inc/event/res/12/me12_10.txt#158#12,はい！,好的！,translated,依恩,11e35b8b36,br=0 nl=0,1,
inc/event/res/12/me12_10.txt#177#12,"ここに集った先遣隊の諸君。
これより、皇帝陛下による激励の儀を執り行う。","集结于此的先遣队诸位。
现在开始举行由皇帝陛下主持的勉励仪式。",translated,蕾娜露露,1a817348da,br=0 nl=1,2,
inc/event/res/12/me12_10.txt#178#12,"陛下より直接お言葉を賜れるのも、
諸君らの勇気ある行動が認められたが故である。","诸位能亲承陛下圣训，
正是由于诸位英勇无畏的行动得到了认可。",translated,蕾娜露露,afea73f4e8,br=0 nl=1,2,
inc/event/res/12/me12_10.txt#179#12,"諸君らのこれからの一歩は、栄えある人類の
新しい歴史の第一歩と同義である。","诸位接下来迈出的一步，
便等同于光荣人类全新历史的第一步。",translated,蕾娜露露,7b060a902d,br=0 nl=1,2,
inc/event/res/12/me12_10.txt#180#12,努々忘れぬよう、皆、心しておくように。,切莫忘却，请诸位铭记于心。,translated,蕾娜露露,f8f90ce42f,br=0 nl=0,1,
inc/event/res/12/me12_10.txt#181#12,代表者、前へ！,代表人员，出列！,translated,蕾娜露露,94a84e80d6,br=0 nl=0,1,
inc/event/res/12/me12_10.txt#182#12,はっ！,是！,translated,女子Ａ,4abd11a6e2,br=0 nl=0,1,
inc/event/res/12/me12_10.txt#183#12,"そして我ら人間の代表７０名と共に歩むことを
決めてくれたジェノムの先遣隊３０名。","以及毅然决定与我们７０名人类代表携手共进的
杰诺姆先遣队３０名同胞。",translated,蕾娜露露,6764146676,br=0 nl=1,2,
inc/event/res/12/me12_10.txt#184#12,諸君にも、心から感謝する。,对诸位亦致以由衷的谢意。,translated,蕾娜露露,04de58e845,br=0 nl=0,1,
inc/event/res/12/me12_10.txt#185#12,"皇帝の試練が始まった頃に決められたこと
とは言え、数々の状況の変化があったにも
関わらず――","虽然这项任命定于皇帝试炼之初，
但即便历经了如此多的局势风云突变――",translated,蕾娜露露,ff4d3653af,br=0 nl=2,3,
inc/event/res/12/me12_10.txt#186#12,こうして共に歩めることを、私は誇りに思う。,如今能与大家携手并肩，我深感自豪。,translated,蕾娜露露,ba63a20711,br=0 nl=0,1,
inc/event/res/12/me12_10.txt#187#12,では、ジェノムの代表者も前へ！,那么，杰诺姆的代表也请出列！,translated,蕾娜露露,4bcef6f9b2,br=0 nl=0,1,
inc/event/res/12/me12_10.txt#188#12,きゅう！,啾！,translated,杰诺姆,601cdef24f,br=0 nl=0,1,
inc/event/res/12/me12_10.txt#190#12,皇帝ラシェーラ様！,拉榭拉皇帝陛下！,translated,蕾娜露露,c620b32280,br=0 nl=0,1,
inc/event/res/12/me12_10.txt#205#12,"ここに集まった人間とジェノム１００人が、
先遣隊の人達……。","集结在这里的１００名人类与杰诺姆，
就是先遣队的各位吗……",translated,依恩,faca35d5ed,br=0 nl=1,2,
inc/event/res/12/me12_10.txt#206#12,"どんな危険が待ってるか分からないのに、
みんな、すごく明るい顔をしてる。","明明不知道会有怎样的危险在等待着，
大家的脸上却都洋溢着无比爽朗的神采。",translated,依恩,cf0466d0b7,br=0 nl=1,2,
inc/event/res/12/me12_10.txt#207#12,"そっか。
みんなも、誇りに思ってるんだ。","这样啊。
大家也同样感到自豪呢。",translated,依恩,3951ca45dc,br=0 nl=1,2,
inc/event/res/12/me12_10.txt#208#12,"自分たちの一歩が、確実に人類の為の一歩に
繋がってるって確信してる。","坚信着自己迈出的一步，
切实维系着造福人类未来的崭新脚步。",translated,依恩,45ca14323d,br=0 nl=1,2,
inc/event/res/12/me12_10.txt#209#12,"あの女の人も、そこの男の人も、
こっちのジェノムの子も……。","那位女士、那位男士，
还有这边的杰诺姆孩子也是……",translated,依恩,4b59e97ee6,br=0 nl=1,2,
inc/event/res/12/me12_10.txt#212#12,え……。,诶……,translated,依恩,30ac3b7c45,br=0 nl=0,1,
inc/event/res/12/me12_10.txt#214#12,（テ、テレ君！？）,（泰、泰雷君！？）,translated,依恩,b814311d66,br=0 nl=0,1,
inc/event/res/12/me12_10.txt#215#12,（ど、どうしてテレ君が先遣隊に！？）,（泰、泰雷君为什么会在先遣队里！？）,translated,依恩,aa4f4a9b9d,br=0 nl=0,1,
inc/event/res/12/me12_10.txt#216#12,"（どうしよう……。話したい。話したいけど、
　こんな場所で、ダメだよね……？）","（怎么办……好想找他说话。可是，
　在这种场合下，不可以的吧……？）",translated,依恩,d9548df42b,br=0 nl=1,2,
inc/event/res/12/me12_10.txt#230#12,イオン。,依欧。,translated,泰雷芬肯,927d2cf8ce,br=0 nl=0,1,
inc/event/res/12/me12_10.txt#231#12,え……？　テレくん？,诶……？泰雷君？,translated,依恩,2c07e7c6d7,br=0 nl=0,1,
inc/event/res/12/me12_10.txt#232#12,そっか！　同調！,对啊！同调！,translated,依恩,248b2e5ea5,br=0 nl=0,1,
inc/event/res/12/me12_10.txt#242#12,"そうだよ。
まだ、同調を解かないでいてくれたみたいだね。
ありがとう。","是啊。
看来你还没有解除和我的同调呢。
谢谢你。",translated,泰雷芬肯,1cbdf3f9ea,br=0 nl=2,3,
inc/event/res/12/me12_10.txt#243#12,"そんな！
テレくんとの同調を解くなんてしないよ！","怎么会！
我怎么可能会解除和泰雷君的同调呢！",translated,依恩,5462748a35,br=0 nl=1,2,
inc/event/res/12/me12_10.txt#244#12,"君の前から何も言わずに去ってしまった
僕なのに。ごめん。それと、ありがとう。","明明是我一声不吭地从你面前离开了。
对不起。还有，谢谢你。",translated,泰雷芬肯,aba610119b,br=0 nl=1,2,
inc/event/res/12/me12_10.txt#245#12,"ううん。
無事にまた会えて、良かった……。","没关系的。
能平平安安再次相见，真是太好了……",translated,依恩,3aeff0f890,br=0 nl=1,2,
inc/event/res/12/me12_10.txt#246#12,僕もだよ。,我也是哦。,translated,泰雷芬肯,79db59aefa,br=0 nl=0,1,
inc/event/res/12/me12_10.txt#247#12,"ジェノムのほとんどはラシェーラに残ったって
聞いてたから、もう会えないかと思ってた。","我听说道绝大多数杰诺姆都留在了拉榭拉，
还以为再也见不到你了。",translated,依恩,08f7b57836,br=0 nl=1,2,
inc/event/res/12/me12_10.txt#248#12,"ここにいるジェノムはみんな、
ラシェーラと運命を共にすると
決める前から志願していたんだ。","这里的杰诺姆，
在大家决定与拉榭拉共存亡之前，
就已经主动志愿报名了。",translated,泰雷芬肯,ac8946a18e,br=0 nl=2,3,
inc/event/res/12/me12_10.txt#249#12,"とはいえ、みんなやっぱり散々迷ったり、
何度も討議を繰り返したりもしたんだけど……。","虽说如此，大家也经历过重重迷惘，
反复进行了无数次讨论……",translated,泰雷芬肯,c3f2fdfe07,br=0 nl=1,2,
inc/event/res/12/me12_10.txt#250#12,"最後は、人の子たちと一緒に行こう、って
そう決めたんだ。","但最终，大家还是下定决心，
要与人类的孩子们一同前行。",translated,泰雷芬肯,b37a759613,br=0 nl=1,2,
inc/event/res/12/me12_10.txt#251#12,そうだったんだ……。,原来是这样啊……,translated,依恩,02594f7bd6,br=0 nl=0,1,
inc/event/res/12/me12_10.txt#253#12,ねえ、テレくん。,呐，泰雷君。,translated,依恩,2f64464e4a,br=0 nl=0,1,
inc/event/res/12/me12_10.txt#254#12,テレくんがここにいる理由は分かった。,我知道泰雷君在这里的理由了。,translated,依恩,1738909e77,br=0 nl=0,1,
inc/event/res/12/me12_10.txt#255#12,でも、その前に一つだけ聞いておきたいの。,但是，在这之前我有一件事想问问你。,translated,依恩,2f17c96d6a,br=0 nl=0,1,
inc/event/res/12/me12_10.txt#256#12,どうして急にいなくなっちゃったりしたの……？,为什么突然就消失不见了呢……？,translated,依恩,3227f58eef,br=0 nl=0,1,
inc/event/res/12/me12_10.txt#257#12,それは……。,那是……,translated,泰雷芬肯,5ccc52b912,br=0 nl=0,1,
inc/event/res/12/me12_10.txt#258#12,"……イオンと一心同体となって詩魔法を紡いだ時、
僕は思ったんだ。","……和依欧一心同体编织诗魔法的时候，
我心里就在想。",translated,泰雷芬肯,7e6bbac686,br=0 nl=1,2,
inc/event/res/12/me12_10.txt#261#12,もっと力があれば、って……。,要是我拥有更强大的力量就好了……,translated,泰雷芬肯,6063abf3e3,br=0 nl=0,1,
inc/event/res/12/me12_10.txt#262#12,でも、テレくんはちゃんと力を貸してくれたよ！,可是，泰雷君明明好好地借给了我力量呀！,translated,依恩,88d9e81ad4,br=0 nl=0,1,
inc/event/res/12/me12_10.txt#263#12,あれは僕の力じゃない。,那并不是我的力量。,translated,泰雷芬肯,6434bb0c77,br=0 nl=0,1,
inc/event/res/12/me12_10.txt#264#12,"ネイやコーザル様が力を貸してくれたから
うまくいったんだ。","是因为奈依和考扎尔大人施以援手，
才得以成功的。",translated,泰雷芬肯,466815bf65,br=0 nl=1,2,
inc/event/res/12/me12_10.txt#265#12,"そんな……だったら、
テレくんと{一心同体}になったことは！？","怎么会……要是那样的话，
我和泰雷君{一心同体}的事又算什么呢！？",translated,依恩,73b88fca03,br=1 nl=1,2,keep-terms {一心同体}
inc/event/res/12/me12_10.txt#265#14,人間とジェノムの関係にはいくつかの段階が存在している。それが『非同調』、『同調』、『完全同調』、そして『一心同体』である。<CR>中でも一心同体は他の同調形態とは異なり、完全に一つの『個体』としての存在になった状態である。<CR>それはＤＮＡ鎖が塩基対によって完全に結びついた状態であり、そこにはもはや人とジェノムの境界線は存在していない。それは、それぞれが個として存在していたときに比べて、能力の欠損率が格段に小さくなり、人やジェノムとして限界の力をフルに使用できるということにも等しい。ただし、絆の深さにもよるが、一心同体でいられる時間はほんの僅かであり、歴史上の最長時間は１分未満とさえいわれている。,人类与杰诺姆的关系存在着数个阶段。那便是“非同调”、“同调”、“完全同调”，以及“一心同体”。<CR>其中，一心同体与其他同调形态不同，是完全化作单一“个体”存在的状态。<CR>那是DNA链通过碱基对完全结合的状态，人与杰诺姆之间的界线在那里已不复存在。这意味着相比各自独立存在之时，能力的缺损率大幅减小，近乎能够彻底发挥出作为人类与杰诺姆极限的全部力量。不过，虽然因羁绊深浅而异，能够维持一心同体的时间极其短暂，甚至传闻历史上最长时间亦不足１分钟。,translated,依恩,b9960c5b84,<CR> <CR> br=0 nl=0,1,keep-tags <CR>; src-longest-line=303
inc/event/res/12/me12_10.txt#266#12,"あれは、テレくんとじゃなきゃ出来なかった
ことだよ！","那可是如果不是泰雷君，
就绝对做不到的事呀！",translated,依恩,d07adf141d,br=0 nl=1,2,
inc/event/res/12/me12_10.txt#267#12,"ありがとう、イオン。そう言ってくれるだけで
少しは自信が持てそうだよ。","谢谢你，依欧。你能这么说，
我感觉多少能重拾一些自信了。",translated,泰雷芬肯,86f7ef306c,br=0 nl=1,2,
inc/event/res/12/me12_10.txt#268#12,だったら！,既然如此！,translated,依恩,379bfa7472,br=0 nl=0,1,
inc/event/res/12/me12_10.txt#269#12,例えそうでも、僕はあのとき思ったんだ。,即便如此，我那时候也是那么想的。,translated,泰雷芬肯,60b5e9baba,br=0 nl=0,1,
inc/event/res/12/me12_10.txt#270#12,"イオンのパートナーには、ネイのように力が
あって君のことを好きでいてくれる人が
相応しいって。","依欧的搭档，
唯有像奈依那样既有实力、
又深爱着你的人才最合适。",translated,泰雷芬肯,08680b9b62,br=0 nl=2,3,
inc/event/res/12/me12_10.txt#271#12,だから、僕は……。,所以，我才……,translated,泰雷芬肯,e6b37b2cba,br=0 nl=0,1,
inc/event/res/12/me12_10.txt#272#12,テレ、くん……。,泰雷、君……,translated,依恩,6c8bac52d7,br=0 nl=0,1,
inc/event/res/12/me12_10.txt#273#12,"もちろん自分勝手に決めたことだって思ってる。
少なからず心配をかけたことも。","我也知道这完全是我自作主张的决定。
也知道让你受了不小的惊吓与担忧。",translated,泰雷芬肯,8923218bc5,br=0 nl=1,2,
inc/event/res/12/me12_10.txt#274#12,"そして、その後、イオンが辛い思いをしたり、
大事な時に傍にいられなかったことも。","更明白在那之后让依欧承受了痛苦，
在关键时刻我却未曾陪伴在你的身旁。",translated,泰雷芬肯,1f4b17ad1e,br=0 nl=1,2,
inc/event/res/12/me12_10.txt#275#12,本当は今の僕にイオンに会う資格はないんだ。,其实现在的我根本没有资格见你。,translated,泰雷芬肯,ce110771a1,br=0 nl=0,1,
inc/event/res/12/me12_10.txt#276#12,"もっと強くなって、イオンを支えられるように
なるまでは会うつもりはなかった。","在变得更坚强、能够独当一面支持依欧之前，
我本不打算与你相见。",translated,泰雷芬肯,88f06d4ec1,br=0 nl=1,2,
inc/event/res/12/me12_10.txt#277#12,その為に先遣隊に入ったんだ。,为此我才加入了先遣队。,translated,泰雷芬肯,f365ecf83f,br=0 nl=0,1,
inc/event/res/12/me12_10.txt#278#12,"でも……やっぱり新しい星に旅立つ前に、どう
しても一言だけ、挨拶をしておきたかったんだ。","但是……在启程前往全新星球之前，
无论如何我也想亲口向你道一声别。",translated,泰雷芬肯,afca084554,br=0 nl=1,2,
inc/event/res/12/me12_10.txt#279#12,本当に身勝手で……ごめん。,真的太自私了……对不起。,translated,泰雷芬肯,a06d38618d,br=0 nl=0,1,
inc/event/res/12/me12_10.txt#280#12,謝らないで。,不要道歉。,translated,依恩,4033d553b8,br=0 nl=0,1,
inc/event/res/12/me12_10.txt#281#12,"たしかに急にいなくなっちゃった時は寂しかった
けど、それでもテレ君が決めたことなら、
応援する。","你突然消失时我确实很寂寞难过，
但既然是泰雷君深思熟虑后的决定，
我就会全力支持你。",translated,依恩,4d51b94f6d,br=0 nl=2,3,
inc/event/res/12/me12_10.txt#282#12,"それに、こうしてまたお話出来ただけでも
嬉しいから。","而且，能像这样再次跟你说上话，
我就已经很开心了。",translated,依恩,e611556da0,br=0 nl=1,2,
inc/event/res/12/me12_10.txt#283#12,イオン……。,依欧……,translated,泰雷芬肯,ec7f4ecbfc,br=0 nl=0,1,
inc/event/res/12/me12_10.txt#284#12,どこまでいっても、君は君のまま変わらないね。,无论何时何地，你始终都还是那个你呢。,translated,泰雷芬肯,ba1d8bd029,br=0 nl=0,1,
inc/event/res/12/me12_10.txt#285#12,僕の大好きなイオンのままだよ！,始终是我最喜欢的那个依欧啊！,translated,泰雷芬肯,5374c52044,br=0 nl=0,1,
inc/event/res/12/me12_10.txt#286#12,……ありがとう。,……谢谢你。,translated,依恩,12f426d1a8,br=0 nl=0,1,
inc/event/res/12/me12_10.txt#287#12,待っててね、イオン。,等着我哦，依欧。,translated,泰雷芬肯,198e925f8d,br=0 nl=0,1,
inc/event/res/12/me12_10.txt#288#12,僕達は必ず成果をあげてみせる。,我们一定会凯旋带回成果的。,translated,泰雷芬肯,ad40f5fe9a,br=0 nl=0,1,
inc/event/res/12/me12_10.txt#289#12,"君の想いが引き寄せたこの星で、
みんなの為に必ず情報を持ち帰る。","在这颗因你的心愿而引渡而来的星球上，
我们一定会为了大家带回宝贵的情报。",translated,泰雷芬肯,3f85698f10,br=0 nl=1,2,
inc/event/res/12/me12_10.txt#290#12,それはきっと、僕の成長にも繋がるから。,这也一定能够促成我自身的成长蜕变。,translated,泰雷芬肯,4bb9cbc1ea,br=0 nl=0,1,
inc/event/res/12/me12_10.txt#291#12,無事に帰ってこられたら、また一緒に詩を謳おう。,等我平安归来后，我们再一起歌唱诗歌吧。,translated,泰雷芬肯,f513162970,br=0 nl=0,1,
inc/event/res/12/me12_10.txt#292#12,"うん！
大丈夫。テレ君なら絶対に良い結果に繋がる。","嗯！
没事的。泰雷君一定能收获圆满的结果。",translated,依恩,dc4755ca5a,br=0 nl=1,2,
inc/event/res/12/me12_10.txt#293#12,"わたしも精一杯応援する！
そうしたらまた、一緒に謳おうね。","我也会全力为你加油！
到时候，我们再一起歌唱哦。",translated,依恩,8c31bad306,br=0 nl=1,2,
inc/event/res/12/me12_10.txt#294#12,ありがとう。イオン。,谢谢你，依欧。,translated,泰雷芬肯,dc9a9c15da,br=0 nl=0,1,
inc/event/res/12/me12_10.txt#314#12,先遣隊の皆さん。,先遣队的诸位。,translated,依恩,2c0ab11ca5,br=0 nl=0,1,
inc/event/res/12/me12_10.txt#315#12,危険な任務に向かう皆さんに、敬意を表します。,对即将奔赴危险任务的诸位，我致以崇高的敬意。,translated,依恩,b5b6bf8b8b,br=0 nl=0,1,
inc/event/res/12/me12_10.txt#316#12,"そしてこの任務は危険であると同時に、
非常に強い意味を持つものです。","而这项任务在伴随危险的同时，
亦拥有着极其非凡重大的意义。",translated,依恩,532af75175,br=0 nl=1,2,
inc/event/res/12/me12_10.txt#317#12,"これを通して、皆さんの心には何かの想いを
残すはずです。","通过这次征程，
大家的心中一定会留下某些弥足珍贵的感悟。",translated,依恩,69af596f94,br=0 nl=1,2,
inc/event/res/12/me12_10.txt#318#12,"それはなにものにも代え難い皆さんの財産に
なります。",那将成为诸位无可替代的人生财富。,translated,依恩,494cd56791,br=0 nl=1,2,
inc/event/res/12/me12_10.txt#319#12,"そうしたら、ほんのちょっとでいいのです。
その財産を持ち帰って、周囲の人達に分け
与えてください。","到那时，哪怕只有一点点也好。
请将那份宝贵的财富带回来，
分享给身边的大家吧。",translated,依恩,9b32d35a97,br=0 nl=2,3,
inc/event/res/12/me12_10.txt#320#12,それが、人と人とが繋がること。,那正是人与人相互连结的真谛。,translated,依恩,5b8f61de3e,br=0 nl=0,1,
inc/event/res/12/me12_10.txt#321#12,"お互いを想い合う、わたし達の宝です。
何よりも大切な成果です。","是彼此关爱挂怀的、属于我们的宝物。
是比任何事物都更加珍贵的成果。",translated,依恩,44845a11d0,br=0 nl=1,2,
inc/event/res/12/me12_10.txt#322#12,"わたしには難しい言葉や、
気の利いた言葉は言えません。","我说不出什么深奥的大道理，
或是巧妙动听的话语。",translated,依恩,06f297466b,br=0 nl=1,2,
inc/event/res/12/me12_10.txt#323#12,ですが、一つだけ出来ることがあります。,但是，唯有一件事是我能做到的。,translated,依恩,fca8732ab7,br=0 nl=0,1,
inc/event/res/12/me12_10.txt#324#12,みなさんのために、詩を謳うことです。,那就是为了大家，高声歌唱诗歌。,translated,依恩,406742c224,br=0 nl=0,1,
inc/event/res/12/me12_10.txt#325#12,"勇敢なるみなさんに、ラシェーラの加護が
あらんことを。","愿拉榭拉的庇佑，
常伴于英勇无畏的诸位身边。",translated,依恩,d8c0756752,br=0 nl=1,2,
inc/event/res/12/me12_10.txt#342#12,ようやく辿り着くことの出来た新しい星。,终于得以抵达的崭新星球。,translated,依恩,920bf7d18a,br=0 nl=0,1,
inc/event/res/12/me12_10.txt#343#12,"見とれるほどに青く美しい星に、
わたし達は新たな足跡を残そうとしています。","在这颗美得令人心驰神往的蔚蓝星球上，
我们正准备烙下全新的足迹。",translated,依恩,b67972e4d3,br=0 nl=1,2,
inc/event/res/12/me12_10.txt#344#12,"ここに来るまでの道は決して楽なものでは
ありませんでした。","通往这里的道路，
绝非坦途平川。",translated,依恩,20e9135767,br=0 nl=1,2,
inc/event/res/12/me12_10.txt#345#12,"傷つき、傷つけ、隣人すらも理解し切れないほど、
とても不完全なわたし達。","遍体鳞伤、相互伤害，甚至连身旁之人
都无法彻底理解包容的，如此不完美的我们。",translated,依恩,bdddaecc5a,br=0 nl=1,2,
inc/event/res/12/me12_10.txt#346#12,"頑張ろうとしても挫け、立ち上がってもまた
座り込んでしまうくらい、強くもないわたし達。","屡遭挫折、哪怕站起身来也可能再次跌坐于地，
绝谈不上坚强不屈的我们。",translated,依恩,a978d6742f,br=0 nl=1,2,
inc/event/res/12/me12_10.txt#347#12,それでもみんなは日々を全力で生きています。,即便如此，大家依然在全力以赴地度过每一天。,translated,依恩,4e05d51f9d,br=0 nl=0,1,
inc/event/res/12/me12_10.txt#348#12,"たくさんの犠牲を出してしまったり、
たくさんの想いに支えられていたりして、
ようやく辿り着いた星。","付出了许许多多的沉重牺牲，
承载了无数深厚的心愿期盼，
才终于抵达的这颗星球。",translated,依恩,5578428a30,br=0 nl=2,3,
inc/event/res/12/me12_10.txt#349#12,"きっとわたし達はここでもうまくいかなかったり、
悩んだりするのでしょう。","想必我们在这里也依然会遭遇不顺，
依然会陷入迷惘吧。",translated,依恩,114b068b70,br=0 nl=1,2,
inc/event/res/12/me12_10.txt#350#12,同時に、たくさんの喜びと幸せもあるはずです。,但与此同时，也一定会有许许多多的喜悦与幸福。,translated,依恩,879143259d,br=0 nl=0,1,
inc/event/res/12/me12_10.txt#351#12,"きっと世界はそういう風に出来ているんだと
思います。","我想，这个世界
必定就是由这般因果交织而成的吧。",translated,依恩,8c75b58334,br=0 nl=1,2,
inc/event/res/12/me12_10.txt#353#12,そうですよね、神様？,您说是这样吗，神明大人？,translated,依恩,39d0723d37,br=0 nl=0,1,
inc/event/res/12/me12_10.txt#354#12,"この世界の主であるというエクサピーコの意志は、
たぶん、そういう辛いことや楽しいことを用意し
てるはず。","身为这个世界之主的艾克萨皮科的意志，
大概也正是为我们准备了
那些痛苦与欢愉吧。",translated,依恩,bed9210416,br=0 nl=2,3,
inc/event/res/12/me12_10.txt#356#12,"でも、出来ることなら、
どうかわたし達をお護りください。","但是，如果可以的话，
还请您务必庇护守望着我们。",translated,依恩,7e33afda97,br=0 nl=1,2,
inc/event/res/12/me12_10.txt#357#12,わたし達に希望を与えてくれたジェノム達。,给予了我们无尽希望的杰诺姆们。,translated,依恩,b5e93d8c6c,br=0 nl=0,1,
inc/event/res/12/me12_10.txt#358#12,"生き残るための道を与えてくれた
母なるラシェーラ。","为我们指明了生存出路的
慈母拉榭拉。",translated,依恩,2490e56ddf,br=0 nl=1,2,
inc/event/res/12/me12_10.txt#359#12,そして、これから一緒に歩んでいくみんな。,以及，今后将与我一同携手前行的大家。,translated,依恩,62c7b83a46,br=0 nl=0,1,
inc/event/res/12/me12_10.txt#360#12,全ての大切な想いを、護ってください。,请保佑守护好所有珍贵的心愿吧。,translated,依恩,c2d01035d5,br=0 nl=0,1,
inc/event/res/12/me12_10.txt#361#12,"新たな可能性に踏み出すわたし達みんなに、
いつまでもいつまでも、大いなる加護を
賜れますように。","愿迈向崭新可能性的我们所有人，
能够永生永世，
得沐您伟大的庇佑恩泽。",translated,依恩,9a8cb5c63b,br=0 nl=2,3,
inc/event/res/12/me12_10.txt#362#12,この世界の片隅から、わたしは祈り続けています。,在这世界的微小角落里，我将永远祈祷下去。,translated,依恩,0b520d29ab,br=0 nl=0,1,
inc/event/res/12/me12_11.txt#32#12,"１２街区、元フォーシーズンⅠ区の皆様は、
午０刻より搭乗セミナーを行います。","第１２街区、原四季Ⅰ区的各位居民，
搭乘培训将于正午０点开始举行。",translated,广播,f93f6b4555,br=0 nl=1,2,
inc/event/res/12/me12_11.txt#33#12,第五センターへお集まりください。,请前往第五中心集合。,translated,广播,0a9d3fa19a,br=0 nl=0,1,
inc/event/res/12/me12_11.txt#34#12,"繰り返しお伝え致します。
第１２街区、元フォーシーズンⅠ区の皆様は――","播报重复一遍。
第１２街区、原四季Ⅰ区的各位居民――",translated,广播,7d3fc9299a,br=0 nl=1,2,
inc/event/res/12/me12_11.txt#71#12,"そういえば、キャスとサーリのセミナーって
今のやつじゃないの？","说起来，凯斯和莎丽的培训
难道不是刚才广播说的那个吗？",translated,妮伊,9673b0e338,br=0 nl=1,2,
inc/event/res/12/me12_11.txt#99#12,私は万寿沙羅の方で登録してるから。,我是在万寿沙罗那边登记的。,translated,凯斯,3a7adec414,br=0 nl=0,1,
inc/event/res/12/me12_11.txt#100#12,あ、そうなんだ？,啊，是这样吗？,translated,妮伊,3a5c5bb45c,br=0 nl=0,1,
inc/event/res/12/me12_11.txt#103#12,"フォーシーズンで登録も出来たんだけど、
住んでたのなんてもうだいぶ前だったから。","虽然也能在四季登记，
但毕竟住在那里也是很久以前的事了。",translated,凯斯,a3e837ebc9,br=0 nl=1,2,
inc/event/res/12/me12_11.txt#104#12,"せっかくならター坊と一緒に
セミナー受ける方がいいもんね。","难得有机会，
果然还是和塔波一起参加培训更好嘛。",translated,妮伊,ca2b74b206,br=0 nl=1,2,
inc/event/res/12/me12_11.txt#105#12,"なっ！！
どうしてそこでター坊の名前が出てくるの！？","什！！
为什么在这里会冒出塔波的名字啊！？",translated,凯斯,6e5914c6b5,br=0 nl=1,2,
inc/event/res/12/me12_11.txt#106#12,"あ？
俺がなんだって？","啊？
我怎么了吗？",translated,阿达,40508fc31a,br=0 nl=1,2,
inc/event/res/12/me12_11.txt#107#12,なんでもないわよ！,没什么啦！,translated,凯斯,c4b2929c9d,br=0 nl=0,1,
inc/event/res/12/me12_11.txt#108#12,どうして聞き返しただけで怒られるんだよ……。,怎么我只是随口问一句也要挨骂啊……,translated,阿达,cccba986f8,br=0 nl=0,1,
inc/event/res/12/me12_11.txt#109#12,いつものことだろう？,这不向来是家常便饭吗？,translated,莎丽,c1501e8be8,br=0 nl=0,1,
inc/event/res/12/me12_11.txt#111#12,"ふふふ。
そういうサーリもフォーシーズンじゃない
とすると、プラネタリー・メゾンね？","呵呵呵。
这么说来莎丽既然也没去四季，
那就是登记在行星公馆喽？",translated,妮伊,d1430b5ba5,br=0 nl=2,3,
inc/event/res/12/me12_11.txt#113#12,それが、どうかした？,那又怎么了吗？,translated,莎丽,01a21fe1ce,br=0 nl=0,1,
inc/event/res/12/me12_11.txt#114#12,"そもそも僕はフォーシーズンの連中は
好きじゃないんだ。",我本来就看四季的那帮家伙不顺眼。,translated,莎丽,0f1552af7d,br=0 nl=1,2,
inc/event/res/12/me12_11.txt#115#12,"だったらどこか適当なコロンに紛れ込んだ方が
よっぽどいい。","既然如此，随便混进哪个克隆里
都要舒心得多。",translated,莎丽,64e1556c81,br=0 nl=1,2,
inc/event/res/12/me12_11.txt#117#12,"そうよねぇ。
適当なコロンがいいわよねぇ。","说的也是呢～
随便哪个克隆最好不过了呢～",translated,妮伊,b4626e30e0,br=0 nl=1,2,
inc/event/res/12/me12_11.txt#120#12,ああ、それが？,啊啊，所以呢？,translated,莎丽,6df21513ca,br=0 nl=0,1,
inc/event/res/12/me12_11.txt#122#12,"どうして、夢ノ珠とかアルメティカとか
じゃなかったのかなと思って。","我只是纳闷，怎么偏偏没选
梦之珠或者阿尔梅堤嘉之类的呢。",translated,妮伊,1f3206ec54,br=0 nl=1,2,
inc/event/res/12/me12_11.txt#123#12,"プラネタリー・メゾンが一番馴染み深かった
だけだよ。",只是因为行星公馆最让我感到熟悉亲切罢了。,translated,莎丽,42d427f9c6,br=0 nl=1,2,
inc/event/res/12/me12_11.txt#124#12,"ああ、そういえば最近よくメゾンに顔出してる
みたいだもんね。","啊，说起来最近你好像
经常去公馆露面呢。",translated,妮伊,389399bbda,br=0 nl=1,2,
inc/event/res/12/me12_11.txt#125#12,"今のうちに、にゅろきーのグッズを
買っておかないといけないからね。","毕竟必须得趁现在，
多囤一点喵洛基的周边周边才行嘛。",translated,莎丽,6356e92569,br=0 nl=1,2,
inc/event/res/12/me12_11.txt#126#12,まぁ、そういうことにしときましょう。,嘛，就当是这么一回事吧。,translated,妮伊,c0701bdb1c,br=0 nl=0,1,
inc/event/res/12/me12_11.txt#128#12,"つーか、別にどこでもいいじゃん。
俺は早くセミナー終わらせてあの星に
降りてーよー！","话说回来，在哪儿不是一样嘛。
我只想快点把培训上完，
然后赶紧降落到那颗星球上去啊！",translated,阿达,8271e92f2e,br=0 nl=2,3,
inc/event/res/12/me12_11.txt#129#12,どんなところなんだろうなー！,到底会是个什么样的地方啊！,translated,阿达,2c30189254,br=0 nl=0,1,
inc/event/res/12/me12_11.txt#131#12,ばか……。,笨蛋……,translated,凯斯,5020bcc862,br=0 nl=0,1,
inc/event/res/12/me12_11.txt#132#12,相変わらず、脳天気だね。,还是一如既往乐天派缺心眼呢。,translated,莎丽,0ba1d4fe3a,br=0 nl=0,1,
inc/event/res/12/me12_11.txt#133#12,"なんで俺が喋ると毎回こんな空気に
なるんだよ！？","怎么每次只要我一开口，
气氛就会变成这样啊！？",translated,阿达,390ef7040c,br=0 nl=1,2,
inc/event/res/12/me12_11.txt#134#12,仕方ないよ。,这也是没办法的事。,translated,莎丽,b60d99983f,br=0 nl=0,1,
inc/event/res/12/me12_11.txt#135#12,ター坊だからね。,谁叫你是塔波呢。,translated,凯斯,89f90f4cfa,br=0 nl=0,1,
inc/event/res/12/me12_11.txt#136#12,わけ分かんねえけど、もういいよ。,虽然搞不懂，但算了啦。,translated,阿达,a0a27a3727,br=0 nl=0,1,
inc/event/res/12/me12_11.txt#140#12,"それよりさ、イオンってどうしてるんだ？
やっぱ忙しいのか？","比起那个，依欧现在在干嘛啊？
果然还是很忙吗？",translated,阿达,f2e70f6cf3,br=0 nl=1,2,
inc/event/res/12/me12_11.txt#141#12,"あーイオンね。だめだめ。
最近はあたしでもあんまり会えないから。","啊――依欧啊。不行不行。
最近就连我都见不到她几面呢。",translated,妮伊,f03a1d122a,br=0 nl=1,2,
inc/event/res/12/me12_11.txt#142#12,ネイさんでも？,连奈依小姐都见不到吗？,translated,凯斯,7ec08fe63a,br=0 nl=0,1,
inc/event/res/12/me12_11.txt#144#12,"多忙ってレベルじゃないわよ。忙殺よ忙殺。
正直アレは見てるだけでも辛いわ。","那根本不能用忙碌来形容了，简直是日理万机。
说实话光是在旁边看着都觉得心疼。",translated,妮伊,3b11caf3b0,br=0 nl=1,2,
inc/event/res/12/me12_11.txt#145#12,うげ……。,呃……,translated,阿达,d0554dcf28,br=0 nl=0,1,
inc/event/res/12/me12_11.txt#147#12,"１日の予定が数十件、それが休み無しで続くの。
行動なんて分単位で決められてるみたいね。","一天排了几十项日程，每天毫无休假连轴转。
一举一动简直都是按分钟来规划的呢。",translated,妮伊,f3737a1531,br=0 nl=1,2,
inc/event/res/12/me12_11.txt#149#12,特に今はピークだろうね。,尤其是现在正值最忙的高峰期吧。,translated,莎丽,6c2b8acaed,br=0 nl=0,1,
inc/event/res/12/me12_11.txt#150#12,どうして？,为什么呀？,translated,凯斯,005edb699e,br=0 nl=0,1,
inc/event/res/12/me12_11.txt#151#12,先遣隊から連絡があったからさ。,因为先遣队那边发来联络了啊。,translated,莎丽,2ebc62db26,br=0 nl=0,1,
inc/event/res/12/me12_11.txt#153#12,"色々と有意義な情報が得られたと聞いてるし、
皇帝としては今後の事を詰めていかなきゃ
いけないんだろう。","听说带回了许多极其有意义的情报，
作为皇帝，
必须要把今后的各项细节敲定落实吧。",translated,莎丽,4055fdc811,br=0 nl=2,3,
inc/event/res/12/me12_11.txt#158#12,"あー知ってる！
俺も聞いた！","啊――我知道！
我也听说了！",translated,阿达,452c8db814,br=0 nl=1,2,
inc/event/res/12/me12_11.txt#159#12,"テレフンケンが志願してたやつだろ？
ちょっとびっくりだったよなぁ。","是泰雷芬肯主动志愿报名的那个吧？
当时可真是吓了我一跳呢。",translated,阿达,ae0b798b22,br=0 nl=1,2,
inc/event/res/12/me12_11.txt#165#12,テレフンケンも意外と変なジェノムよね。,泰雷芬肯也真算是个意想不到的奇葩杰诺姆呢。,translated,妮伊,4e58406777,br=0 nl=0,1,
inc/event/res/12/me12_11.txt#166#12,イオンと一緒に色々無茶やってたからね。,毕竟曾和依欧一起经历过各种胡来的冒险嘛。,translated,凯斯,20f67dde51,br=0 nl=0,1,
inc/event/res/12/me12_11.txt#168#12,それでも大活躍だったみたいよ。,不过听说它立下了赫赫大功哦。,translated,妮伊,cee1ae7987,br=0 nl=0,1,
inc/event/res/12/me12_11.txt#169#12,"流石は皇帝陛下とファーストハーモニクスした
ジェノムだけはあるのかしら。","真不愧是与皇帝陛下
结成第一谐波的杰诺姆呢。",translated,妮伊,4c0610f33c,br=0 nl=1,2,
inc/event/res/12/me12_11.txt#173#12,"ま、知ってるやつが活躍したってのを聞くのは
嬉しいよな。","嘛，听到认识的熟人立了大功，
心里还是挺高兴的嘛。",translated,阿达,8d8ccf18c0,br=0 nl=1,2,
inc/event/res/12/me12_11.txt#176#12,"そうね。
テレフンケンもだし、イオンも忙しいんだろう
けど、頑張ってるみたいだから。","是啊。
泰雷芬肯也是，依欧虽然忙碌，
但看起来也一直在全力以赴。",translated,凯斯,921c4aa074,br=0 nl=2,3,
inc/event/res/12/me12_11.txt#177#12,"あとはそれで倒れたりしなければ
いいんだけど……。",剩下的，只要别累垮倒下就好……,translated,凯斯,357c8ef11f,br=0 nl=1,2,
inc/event/res/12/me12_11.txt#180#12,"レナルルが面倒見てるから倒れるまでは
いかないと思うけど……
あたしもなるべく気に掛けるようにするわ。","有蕾娜露露在照料，我想还不至于累倒……
不过我也会尽量多留心照顾她的。",translated,妮伊,310bc9fa13,br=0 nl=2,3,
inc/event/res/12/me12_11.txt#195#12,"ん？
なんだろ？","嗯？
怎么回事？",translated,妮伊,7c8605852b,br=0 nl=1,2,
inc/event/res/12/me12_11.txt#196#12,噂をすればレナルルからだわ。,说曹操曹操到，是蕾娜露露打来的。,translated,妮伊,47d0989137,br=0 nl=0,1,
inc/event/res/12/me12_11.txt#200#12,ハロー。何の用？,喂。什么事？,translated,妮伊,9cc7a43b8b,br=0 nl=0,1,
inc/event/res/12/me12_11.txt#201#12,"ん？　うん。げっ。マジ？
すっかり忘れてた……。","嗯？好。呃，真的假的？
我完全给忘了……",translated,妮伊,b28c7c80db,br=0 nl=1,2,
inc/event/res/12/me12_11.txt#202#12,"ああはいはい。
すぐ行くから。","啊好啦好啦。
我马上过去。",translated,妮伊,2a8eed0af9,br=0 nl=1,2,
inc/event/res/12/me12_11.txt#206#12,呼び出し食らったから戻るね。,被上头传唤了，我先回去喽。,translated,妮伊,444d6ab094,br=0 nl=0,1,
inc/event/res/12/me12_11.txt#207#12,"みんなも搭乗セミナーあるだろうし、
あんまりフラフラしてないで部屋で
待ってたほうがいいわよ。","大家也都有搭乘培训要参加吧，
别到处乱晃，
还是回房间乖乖待着比较好哦。",translated,妮伊,b7296483fa,br=0 nl=2,3,
inc/event/res/12/me12_11.txt#208#12,"勝手に抜け出してきたネイさんが言っても、
説得力がないよ。","擅自偷跑出来的奈依小姐说这话，
可一点说服力都没有。",translated,莎丽,a7197e518b,br=0 nl=1,2,
inc/event/res/12/me12_11.txt#209#12,"あたしはそれが仕事みたいなもんだから。
んじゃ、またね！","偷闲摸鱼本就是我的本职工作嘛。
那，回头见啦！",translated,妮伊,4846439510,br=0 nl=1,2,
inc/event/res/12/me12_11.txt#222#12,"やれやれ。
ネイさんは、全然変わらないな。","哎呀呀。
奈依小姐还真是一点都没变呢。",translated,莎丽,a384ce0adf,br=0 nl=1,2,
inc/event/res/12/me12_11.txt#224#12,"でも、前と比べたらすごい生き生きしてる気が
するわ。",不过，感觉比以前要充满朝气得多呢。,translated,凯斯,64c601892b,br=0 nl=1,2,
inc/event/res/12/me12_11.txt#225#12,"前から明るい人だったけど、
今は心から楽しんでるっていうか……。","虽然以前也是开朗的人，
但现在更像是发自内心地在享受生活……",translated,凯斯,40b4a6b989,br=0 nl=1,2,
inc/event/res/12/me12_11.txt#226#12,"あーそうかも。
なーんか、今の方が楽しそうにしてるよな。","啊――说不定还真是。
总觉得现在的她看起来更开心呢。",translated,阿达,9c6af806ca,br=0 nl=1,2,
inc/event/res/12/me12_11.txt#227#12,"そうかい？
僕には……変わらないように見えるよ。","是吗？
在我看来……倒是没什么变化就是了。",translated,莎丽,57e9a86b1a,br=0 nl=1,2,
inc/event/res/12/me12_11.txt#250#12,"さて、それじゃあ戻ろうか。早くしないと
今日のバラエティ特番が始まってしまう。","好了，那我们也回去吧。不抓紧点的话，
今天的综艺特别节目就要开播了。",translated,莎丽,70b6ab521b,br=0 nl=1,2,
inc/event/res/12/me12_11.txt#272#12,"バラエティ特番って……
あんた、そんなの見るタイプだっけ？","综艺特别节目……
你是会看那种节目的人吗？",translated,凯斯,32fa6ac1c4,br=0 nl=1,2,
inc/event/res/12/me12_11.txt#273#12,"普段は絶対に見ないけど、
今日は魅惑のにゅろきーる特集なんだ。","平时绝对不看，
但今天是魅惑喵洛基鲁特别专题啊。",translated,莎丽,664b8078a1,br=0 nl=1,2,
inc/event/res/12/me12_11.txt#278#12,"うそ！？
早く言ってよ！","真的假的！？
你怎么不早说啊！",translated,凯斯,8a68717f24,br=0 nl=1,2,
inc/event/res/12/me12_11.txt#310#12,"待てって！
俺も一緒に行くからさー！","等等我啊！
我也要一起去啦――！",translated,阿达,c5e50e2ad7,br=0 nl=1,2,
inc/event/res/12/me12_11.txt#334#12,イオン。,依欧。,translated,妮伊,927d2cf8ce,br=0 nl=0,1,
inc/event/res/12/me12_11.txt#357#12,ほんと、あんたここが好きなのね。,你还真是很喜欢这里呢。,translated,妮伊,37da8fce56,br=0 nl=0,1,
inc/event/res/12/me12_11.txt#358#12,"ネイちゃん……。
うん。","奈依……
嗯。",translated,依恩,6d4e852327,br=0 nl=1,2,
inc/event/res/12/me12_11.txt#359#12,"忙しいくせによくここに来てるけど、
何か気になるものでも見えるの？","明明忙得不可开交却总往这儿跑，
是能看到什么在意的景象吗？",translated,妮伊,e99660b7de,br=0 nl=1,2,
inc/event/res/12/me12_11.txt#369#12,"テレくんが頑張ってるのが、
ここからだとよく分かるから。","因为站在这里，
就能很真切地感受到泰雷君正在拼命努力。",translated,依恩,ec07e0743f,br=0 nl=1,2,
inc/event/res/12/me12_11.txt#370#12,"うっそ！　あんたの視力いったいいくつよ？
望遠鏡並みじゃない！","骗人的吧！你的视力到底有多好啊？
简直跟望远镜差不多了吧！",translated,妮伊,bd5c9d6b8d,br=0 nl=1,2,
inc/event/res/12/me12_11.txt#371#12,あっ、ち、違うのっ。,啊、不、不是啦。,translated,依恩,d10f67a0ef,br=0 nl=0,1,
inc/event/res/12/me12_11.txt#372#12,ここが一番あの星に近いから、感じるの。,因为这里距离那颗星球最近，所以能感应得到。,translated,依恩,58948e611d,br=0 nl=0,1,
inc/event/res/12/me12_11.txt#373#12,"そういうこと。
あーびっくりした。","原来是这样啊。
啊――吓我一跳。",translated,妮伊,f9ae3029b4,br=0 nl=1,2,
inc/event/res/12/me12_11.txt#374#12,"ああ、でも、俯瞰視点とか使えば
本当に見えたりするのかな。","啊，不过要是发动俯瞰视点的话，
说不定真的能亲眼看见呢。",translated,妮伊,38354aa4ba,br=0 nl=1,2,
inc/event/res/12/me12_11.txt#375#12,"見えると思うけど……必要ないかな。
テレくんとは繋がってるから。
見なくても、分かる。","我想应该能看见……不过没有必要啦。
因为我和泰雷君是心意相连的。
就算不看，我也全都知道。",translated,依恩,4d1496e276,br=0 nl=2,3,
inc/event/res/12/me12_11.txt#387#12,……綺麗よね。,……真美呢。,translated,妮伊,6261d248da,br=0 nl=0,1,
inc/event/res/12/me12_11.txt#388#12,"うん。
これからわたし達が住むかもしれない星……。
すごく綺麗。","嗯。
这颗今后我们或许将要定居的星球……
真的好美丽。",translated,依恩,b28b609597,br=0 nl=2,3,
inc/event/res/12/me12_11.txt#389#12,"こんな星があるなんてビックリ。
しかも住む分には今のところ不都合らしい
不都合も見つかってなくって。","居然存在着这样一颗星球，真是让人吃惊。
而且就居住而言，
目前尚未发现任何值得一提的不便之处。",translated,妮伊,0bdd129dcb,br=0 nl=2,3,
inc/event/res/12/me12_11.txt#390#12,"科学者の誰もが知らなかった未知の星。
宇宙って広いのね。","连科学家们都无人知晓的未知星球。
宇宙还真是浩瀚广袤呢。",translated,妮伊,588df7fb34,br=0 nl=1,2,
inc/event/res/12/me12_11.txt#391#12,"ラシェーラから気の遠くなるほど離れた場所
だから、誰も知らなくて当然だよ。","因为距离拉榭拉遥远到了令人难以想象的尺度，
没人知道也是理所当然的啦。",translated,依恩,990d72ec55,br=0 nl=1,2,
inc/event/res/12/me12_11.txt#392#12,"わたし達も厳密にはここに辿り着いた
わけじゃない。","严格来说，
我们也并未真正肉身降临到这里。",translated,依恩,83e97968d5,br=0 nl=1,2,
inc/event/res/12/me12_11.txt#393#12,"リングを使って何千光年もの距離を
繋げているだけ。","只是利用圆环，
将相隔数千光年的距离连结在了一起而已。",translated,依恩,0162b99910,br=0 nl=1,2,
inc/event/res/12/me12_11.txt#394#12,"それを支えているのはラシェーラの意志であり、
一緒に残った人達やジェノム達……。","支撑起这一切的是拉榭拉的意志，
以及选择一同留守的人们与杰诺姆们……",translated,依恩,b7e257536a,br=0 nl=1,2,
inc/event/res/12/me12_11.txt#395#12,"そしてわたし達に時間を与えてくれた
カノンさんとコーザルさん。","还有为我们争取到了宝贵时间的
卡诺小姐与考扎尔先生。",translated,依恩,6ebc757a3d,br=0 nl=1,2,
inc/event/res/12/me12_11.txt#396#12,"みんながくれたエネルギーがあったからこそ、
こうして不可能を可能に出来てる。","正是因为有了大家馈赠的庞大能量，
我们才能像这样化不可能为可能。",translated,依恩,68f096f2e4,br=0 nl=1,2,
inc/event/res/12/me12_11.txt#409#12,"そうね。
たくさんの人達の想いが詰まったエネルギー。
無駄には出来ないわよね。","是啊。
凝聚了无数人们执念祈愿的能量。
可绝不能白白浪费了呢。",translated,妮伊,046fbbe2b4,br=0 nl=2,3,
inc/event/res/12/me12_11.txt#410#12,想いが詰まったエネルギー……。,凝聚了执念祈愿的能量……,translated,依恩,21fd3e2b6f,br=0 nl=0,1,
inc/event/res/12/me12_11.txt#411#12,"{マイクロクエーサー}の塊って、個々の区別もない
くらい純粋化されてるんだって。","据说{微类星体}的聚合体，已经被纯化到了
连个体彼此之间都不分你我的程度呢。",translated,依恩,c52e7873f0,br=1 nl=1,2,keep-terms {マイクロクエーサー}
inc/event/res/12/me12_11.txt#411#14,宇宙に存在する強力なエネルギーの渦であり、ブラックホール一歩手前の状態である『クエーサー』が小さくなったもの。簡単にいえば、超高密度の圧縮されたエネルギー体のことである。<CR>ラシェール・フューザーによって生成されたマイクロクエーサーは、ラシェーラ一つ分のエネルギーを蓄えたものであり、その総量は人知を越えるといっても過言ではない。しかし、それだけのエネルギーを持ってしても、空間の接続を半永続的に行うことは不可能であり、エネルギーを効率的に使用したとしても三十日の接続が限度とされている。,作为存在于宇宙中的强力能量旋涡，是仅差一步便会演变成黑洞状态的“类星体”的微型化版本。简而言之，便是超高密度的压缩能量体。<CR>由拉榭拉融合器所生成的微型类星体蓄积了相当于整颗拉榭拉行星的能量，其总量即便用超越凡人智慧来形容亦不为过。然而，哪怕拥有如此庞大的能量，想要半永久性地进行空间连接也是不可能的，即便极其高效地使用能量，三十天的连接也已是极限。,translated,依恩,565238e38c,<CR> br=0 nl=0,1,keep-tags <CR>; src-longest-line=246
inc/event/res/12/me12_11.txt#412#12,"魂すらも転化されて……だからこそ、
膨大な量のエネルギーを生み出してるって。","甚至连灵魂都被彻底转化……正因如此，
才会产生如此浩瀚磅礴的能量。",translated,依恩,93d86fe2f0,br=0 nl=1,2,
inc/event/res/12/me12_11.txt#414#12,"でも……ネイちゃんの言った想いが
詰まったっていうのは素敵だと思う。","但是……我觉得奈依所说的“凝聚着心意”，
真的很美好动人。",translated,依恩,d3a63a0326,br=0 nl=1,2,
inc/event/res/12/me12_11.txt#415#12,わたしもそう思う。,我也深有同感。,translated,依恩,fd9ae691fb,br=0 nl=0,1,
inc/event/res/12/me12_11.txt#416#12,"みんなの気持ちがあったからこうして今がある。
そこには絶対、想いが強く残ってる。","正因为有大家的心意，才铸就了我们的此刻。
那份执念必然深深刻印在其中。",translated,依恩,2efa1e5133,br=0 nl=1,2,
inc/event/res/12/me12_11.txt#417#12,"想いに支えられて、
わたし達の命と希望が未来に繋がってる。","正是这份心意的支撑，
将我们的生命与希望连结向了未来。",translated,依恩,4000d01fef,br=0 nl=1,2,
inc/event/res/12/me12_11.txt#418#12,イオン……。,依欧……,translated,妮伊,ec7f4ecbfc,br=0 nl=0,1,
inc/event/res/12/me12_11.txt#419#12,"だからわたし達は生きなきゃ。
この星で生き続けなきゃ。","所以我们必须活下去。
必须在这颗星球上繁衍生息下去。",translated,依恩,c486c845d3,br=0 nl=1,2,
inc/event/res/12/me12_11.txt#420#12,"みんなが支えて、示してくれた未来への道が、
すぐそこにあるんだから。","因为大家拼死支撑、为我们开辟的通往未来的道路，
就在眼前啊。",translated,依恩,79561478c9,br=0 nl=1,2,
inc/event/res/12/me12_11.txt#422#12,……だね。,……说的也是呢。,translated,妮伊,53f21c4600,br=0 nl=0,1,
inc/event/res/12/me12_11.txt#423#12,イオンの考え方も、あたし……好きよ？,依欧的这种想法，我……也很喜欢哦？,translated,妮伊,136035b98e,br=0 nl=0,1,
inc/event/res/12/me12_11.txt#424#12,"普通なら犠牲になった人達のためにも、
って考えちゃいそうだもん。","毕竟换作常人，很容易就会去想
“为了牺牲的人们”之类的沉重包袱嘛。",translated,妮伊,b4d350abba,br=0 nl=1,2,
inc/event/res/12/me12_11.txt#425#12,"でも、みんなが残してくれた想いのためって
いうのなら、もっと前向きに頑張れると思う。","但如果是“为了大家传承下来的心愿”，
我想一定能够更加积极阳光地去努力。",translated,妮伊,2f3760f45e,br=0 nl=1,2,
inc/event/res/12/me12_11.txt#426#12,"ラシェーラの人達の想いがこうして繋いでくれて
いるうちに、移住の計画はやりきらないとね！","趁着拉榭拉同胞的心意仍在维系着通道，
我们必须一鼓作气把移民计划彻底完成才行！",translated,妮伊,fb9adbbf38,br=0 nl=1,2,
inc/event/res/12/me12_11.txt#428#12,"うん。
残された期間はあと１０日くらいなんだって。","嗯。
据说剩下的时限只剩１０天左右了。",translated,依恩,84e805fcd8,br=0 nl=1,2,
inc/event/res/12/me12_11.txt#429#12,それまでになんとしても終わらせなきゃだね。,在此之前无论如何也必须全部完成呢。,translated,依恩,5a4d80c360,br=0 nl=0,1,
inc/event/res/12/me12_11.txt#437#12,"（そうしたら……
　本当に今度こそお別れになっちゃうね）","（那样一来……
　这次就真的彻底永别了呢）",translated,依恩,1dde4994ef,br=0 nl=1,2,
inc/event/res/12/me12_11.txt#438#12,（カノンさん……）,（卡诺小姐……）,translated,依恩,8e4bfc27f8,br=0 nl=0,1,
inc/event/res/12/me12_11.txt#439#12,"（ようやくここまで来られました。
　今までたくさんたくさん支えてくれて
　ありがとう）","（我终于走到这一步了。
　一路以来给予了我无数无数的关照支持，
　谢谢你）",translated,依恩,e0ee4f1615,br=0 nl=2,3,
inc/event/res/12/me12_11.txt#440#12,（たけど、もう少しだけ……）,（不过，还请稍微再……）,translated,依恩,8ddfbedd1d,br=0 nl=0,1,
inc/event/res/12/me12_11.txt#450#12,さ、そろそろ戻ろ？,好啦，差不多该回去喽？,translated,妮伊,91bb7bf8b6,br=0 nl=0,1,
inc/event/res/12/me12_11.txt#451#12,"そういえばあたし、イオンを連れて来いって
言われてたのよ。","说起来，我本来可是接到了
把依欧带回来的差事的呢。",translated,妮伊,c2f3666b21,br=0 nl=1,2,
inc/event/res/12/me12_11.txt#452#12,うん。行こう。,嗯。走吧。,translated,依恩,64b4f8711e,br=0 nl=0,1,
inc/event/res/12/me12_11.txt#461#12,……オナサル。,……娜萨尔。,translated,？？？,5d48b34f74,br=0 nl=0,1,
inc/event/res/12/me12_11.txt#462#12,イオナサル……。,依欧娜萨鲁……,translated,？？？,ae64d4069b,br=0 nl=0,1,
inc/event/res/12/me12_11.txt#463#12,う、ん……？,唔、嗯……？,translated,依恩,8102eb37a5,br=0 nl=0,1,
inc/event/res/12/me12_11.txt#464#12,起きて、イオナサル。,快醒醒，依欧娜萨鲁。,translated,？？？,202ffda3a0,br=0 nl=0,1,
inc/event/res/12/me12_11.txt#465#12,だれ……？,谁……？,translated,依恩,eb2dec1d47,br=0 nl=0,1,
inc/event/res/12/me12_11.txt#473#12,謳う丘に来て。,到鸣之丘来。,translated,妮诺,871f4ebc1e,br=0 nl=0,1,
inc/event/res/12/me12_11.txt#474#12,え……ネロ！？,诶……妮诺！？,translated,依恩,ef658af533,br=0 nl=0,1,
inc/event/res/12/me12_11.txt#475#12,大切な話があるの。,我有很重要的话要对你说。,translated,妮诺,acc3bf83d6,br=0 nl=0,1,
inc/event/res/12/me12_11.txt#476#12,大切な話？,很重要的话？,translated,依恩,200c27712e,br=0 nl=0,1,
inc/event/res/12/me12_11.txt#477#12,"そう。
とっても大切な、これからのことに関する話。","对。
关于今后的事，非常重要的话题。",translated,妮诺,25d1b0824e,br=0 nl=1,2,
inc/event/res/12/me12_11.txt#478#12,これからの……？,关于今后的……？,translated,依恩,d4f1de181a,br=0 nl=0,1,
inc/event/res/12/me12_11.txt#479#12,だから、お願い。,所以，拜托了。,translated,妮诺,0deca1d607,br=0 nl=0,1,
inc/event/res/12/me12_11.txt#492#12,……え？,……诶？,translated,依恩,4e48b2f03b,br=0 nl=0,1,
inc/event/res/12/me12_11.txt#493#12,今の……夢？,刚才的……是梦吗？,translated,依恩,13302b7bff,br=0 nl=0,1,
inc/event/res/12/me12_11.txt#494#12,"ううん、違う。
本当にわたし、呼ばれてた。","不，不是梦。
是真的有人在呼唤我。",translated,依恩,722b516797,br=0 nl=1,2,
inc/event/res/12/me12_11.txt#495#12,ネロが、どうして……。,妮诺为什么会……,translated,依恩,5b8918cadd,br=0 nl=0,1,
inc/event/res/12/me12_11.txt#496#12,うぅ～ん……。,呜～嗯……。,translated,妮伊,7fb478469d,br=0 nl=0,1,
inc/event/res/12/me12_11.txt#497#12,ネイちゃん……。,妮伊……,translated,依恩,840a2b2ae7,br=0 nl=0,1,
inc/event/res/12/me12_11.txt#499#12,行かなくちゃ。,我必须得去才行。,translated,依恩,7b97f0e19e,br=0 nl=0,1,
inc/event/res/12/me12_11.txt#500#12,"ネロは大切な話だって言ってた。
これからのことに関わってくるなら、
話だけでも聞かなきゃ。","妮诺说有很重要的事情要跟我谈。
如果事关今后的未来，
哪怕只是听一听我也必须过去。",translated,依恩,5ea7e78777,br=0 nl=2,3,
inc/event/res/12/me12_11.txt#501#12,……ネイちゃん、ちょっとだけ行ってくるね。,……妮伊，我稍微离开一下就回来哦。,translated,依恩,099b3d9fe3,br=0 nl=0,1,
inc/event/res/12/me12_11.txt#525#12,ネロ……？,妮诺……？,translated,依恩,65999c0365,br=0 nl=0,1,
inc/event/res/12/me12_11.txt#527#12,……いないのかな。,……不在这里吗。,translated,依恩,4b749a82e8,br=0 nl=0,1,
inc/event/res/12/me12_11.txt#530#12,"やっぱり気のせい？
夢だったのかな。","果然是心理作用吗？
难道只是做了个梦吗。",translated,依恩,993232fdee,br=0 nl=1,2,
inc/event/res/12/me12_11.txt#533#12,"夜ここに来るのって初めて。
ここには昼も夜も関係ないんだね……。","这还是我第一次在夜晚来到这里呢。
这里不管是白天还是黑夜都毫无差别呢……",translated,依恩,5ca2a3b48a,br=0 nl=1,2,
inc/event/res/12/me12_11.txt#534#12,先遣隊のみんなは、夜も頑張ってるのかな……。,先遣队的大家，在夜晚也依然在拼命努力吧……,translated,依恩,ac9cec5abd,br=0 nl=0,1,
inc/event/res/12/me12_11.txt#535#12,……みんな頑張ってる。,……大家都在全力以赴。,translated,依恩,f9d58a2fe7,br=0 nl=0,1,
inc/event/res/12/me12_11.txt#536#12,ネロも、みんなのために……。,妮诺也是，为了大家……,translated,依恩,3b1284c056,br=0 nl=0,1,
inc/event/res/12/me12_11.txt#538#12,そっか、ネロがここにいるはずないよね。,也是啊，妮诺怎么可能会在这里呢。,translated,依恩,20524d4ff0,br=0 nl=0,1,
inc/event/res/12/me12_11.txt#539#12,"あれからずっとシェルノトロンサーバーに
入ってるんだもん。","毕竟从那之后她就一直
待在榭鲁诺特伦服务器里面嘛。",translated,依恩,1f02142701,br=0 nl=1,2,
inc/event/res/12/me12_11.txt#540#12,……戻ろうかな。,……回去吧。,translated,依恩,ebc8d0a152,br=0 nl=0,1,
inc/event/res/12/me12_11.txt#541#12,"ネロ。気のせいだったのかもしれないけど、
また来るね。","妮诺。虽然可能只是我的错觉，
但我还会再来看你的哦。",translated,依恩,2ae7bf9d5e,br=0 nl=1,2,
inc/event/res/12/me12_11.txt#576#12,イオナサル。,依欧娜萨鲁。,translated,妮诺,0e9a0822a3,br=0 nl=0,1,
inc/event/res/12/me12_11.txt#583#12,え？,诶？,translated,依恩,5590ff8011,br=0 nl=0,1,
inc/event/res/12/me12_11.txt#584#12,気の、せい？,是、错觉吗？,translated,依恩,5bedbd4f25,br=0 nl=0,1,
inc/event/res/12/me12_11.txt#585#12,"寝不足かな……。
最近あんまり寝られてないし。","大概是睡眠不足吧……
最近总没怎么睡好觉。",translated,依恩,6926bab241,br=0 nl=1,2,
inc/event/res/12/me12_11.txt#586#12,明日も早いし、戻らなくちゃ。,明天还要早起，得赶紧回去了。,translated,依恩,2fe1cb4e3e,br=0 nl=0,1,
inc/event/res/12/me12_11.txt#592#12,イオナサル。,依欧娜萨鲁。,translated,妮诺,0e9a0822a3,br=0 nl=0,1,
inc/event/res/12/me12_11.txt#617#12,"ネロ……？
やっぱりいるの？","妮诺……？
你果然在这里吗？",translated,依恩,978c0bd201,br=0 nl=1,2,
inc/event/res/12/me12_11.txt#619#12,イオナサル。ここよ。,依欧娜萨鲁。在这里哦。,translated,妮诺,0c287c2521,br=0 nl=0,1,
inc/event/res/12/me12_11.txt#620#12,ネロ！？,妮诺！？,translated,依恩,974c42b930,br=0 nl=0,1,
inc/event/res/12/me12_11.txt#622#12,わたしを呼んだのは、やっぱりあなただったの？,呼唤我的人，果然是你吗？,translated,依恩,45e4c3f31f,br=0 nl=0,1,
inc/event/res/12/me12_11.txt#623#12,そうだよ。,是我哦。,translated,妮诺,587ca49dc9,br=0 nl=0,1,
inc/event/res/12/me12_11.txt#624#12,どうして？　それに、その姿……。,为什么？而且，你这副模样……,translated,依恩,6c471fdcf7,br=0 nl=0,1,
inc/event/res/12/me12_11.txt#625#12,"これは本当の私じゃない。
シェルノトロンを使って作り出した虚像の姿。
この方が話しやすいでしょ？","这并不是真实的我。
而是利用榭鲁诺特伦创造出的虚像形态。
这样谈起话来更方便对吧？",translated,妮诺,ec51c83034,br=0 nl=2,3,
inc/event/res/12/me12_11.txt#626#12,"体はシェルノトロンサーバーの中に
ちゃんとあるから安心して？
抜け出したりとかはしてないから。","我的肉身好好地保留在
榭鲁诺特伦服务器里面，不用担心哦？
我可没有偷偷溜出来。",translated,妮诺,03845638c8,br=0 nl=2,3,
inc/event/res/12/me12_11.txt#627#12,そうだったんだ。,原来是这样啊。,translated,依恩,ff176757fd,br=0 nl=0,1,
inc/event/res/12/me12_11.txt#629#12,"でも、いきなりどうしたの？
大切な話って……。","可是，怎么这么突然找我呢？
重要的事情是指……",translated,依恩,fe3cca6a3b,br=0 nl=1,2,
inc/event/res/12/me12_11.txt#630#12,そう、大切な、とても大切な話。,对，重要的事情，非常非常重要的事。,translated,妮诺,681bf9fffa,br=0 nl=0,1,
inc/event/res/12/me12_11.txt#631#12,これは、イオナサルにもすごく関わってくるの。,这件事，与依欧娜萨鲁也有着极大的关联。,translated,妮诺,292a4746e7,br=0 nl=0,1,
inc/event/res/12/me12_11.txt#632#12,わたしにも？,与我也有关联？,translated,依恩,a050e41254,br=0 nl=0,1,
inc/event/res/12/me12_11.txt#635#12,"イオナサル。
私は還る方法を見つけたの。","依欧娜萨鲁。
我找到了回去的办法。",translated,妮诺,866a0c2e58,br=0 nl=1,2,
inc/event/res/12/me12_11.txt#636#12,"還る？
還るって、元の……七次元先の世界のこと？","回去？
回去是指，原本的……七次元之外的世界吗？",translated,依恩,bcd324eb3e,br=0 nl=1,2,
inc/event/res/12/me12_11.txt#637#12,"ええ。だけど、そのためにはあなたの力が
必要なの。それに、ここにいる全員の協力も。","嗯。但是，为此需要借用你的力量。
而且，也需要留在这里的所有人的协助。",translated,妮诺,fcacdc2503,br=0 nl=1,2,
inc/event/res/12/me12_11.txt#642#12,"ちょ、ちょっと待って。
急すぎてよく分からないよ。","等、等等。
太突然了我完全弄不明白啊。",translated,依恩,fba6e6c3b0,br=0 nl=1,2,
inc/event/res/12/me12_11.txt#647#12,"急なのは仕方がない。
だって、急がないといけないんだもの。","事出突然也是无可奈何。
因为我们不得不抓紧时间啊。",translated,妮诺,a5c1c77d92,br=0 nl=1,2,
inc/event/res/12/me12_11.txt#648#12,"ここに住んでる人達があの星に移住して
しまったら、ヒュムネスフィアのシステムが
使えなくなっちゃう。","生活在这里的人们一旦移居到了那颗星球，
修姆涅球的系统
可就再也无法使用了。",translated,妮诺,e68528ce7c,br=0 nl=2,3,
inc/event/res/12/me12_11.txt#649#12,"そうしたら私もあなたも、次に還れる機会が
訪れるのは５０００年も先になってしまうわ。","真到那时，无论是你还是我，下一次回去的
契机可就要推迟到５０００年以后了哦。",translated,妮诺,2f7a57f5eb,br=0 nl=1,2,
inc/event/res/12/me12_11.txt#652#12,"だから還りましょう……今、すぐに。
それが私たちと、この世界のためでもあるの。
分かるでしょ？","所以让我们回去吧……就在现在，立刻。
这也是为了我们自己，为了这个世界好。
你能明白的吧？",translated,妮诺,a880172692,br=0 nl=2,3,
inc/event/res/12/me12_11.txt#653#12,"そんな……。
いくらなんでも、そんな、すぐに……。","怎么会……
再怎么说，这也未免太突然、太仓促了……",translated,依恩,6f4130b332,br=0 nl=1,2,
inc/event/res/12/me12_11.txt#654#12,"イオナサルも知っているはずよ。
私たちの存在そのものが、この世界に悪い影響を
与えているって。","依欧娜萨鲁想必也是清楚的吧。
我们两人的存在本身，
就在对这个世界造成极其恶劣的影响。",translated,妮诺,1b0dc44a7f,br=0 nl=2,3,
inc/event/res/12/me12_11.txt#655#12,"だから還らなきゃ。
そのことはもうずっと前から分かってたはず。","所以必须得回去。
这件事你明明从很久很久以前就心知肚明了。",translated,妮诺,4457aaa19c,br=0 nl=1,2,
inc/event/res/12/me12_11.txt#656#12,還れるチャンスがあるのなら、還るべきなのよ。,既然有能够回去的机会，那就应该回去才对。,translated,妮诺,8eee425b31,br=0 nl=0,1,
inc/event/res/12/me12_11.txt#658#12,"還れる……。
でも、わたしは……。","能回去……
但是，我……",translated,依恩,92f0254669,br=0 nl=1,2,
inc/event/res/12/me12_11.txt#659#12,たしかにわたし達はこの世界にいちゃいけない。,我们确实不应该留在这个世界上。,translated,依恩,88ebf3e26b,br=0 nl=0,1,
inc/event/res/12/me12_11.txt#660#12,……でも、どうやって？,……可是，到底要怎么做？,translated,依恩,ead29f3f75,br=0 nl=0,1,
inc/event/res/12/me12_11.txt#661#12,今までずっとその方法が分からなかったのに。,明明在此之前一直都找不到任何办法的。,translated,依恩,65b16e3e89,br=0 nl=0,1,
inc/event/res/12/me12_11.txt#662#12,ネロ？,妮诺？,translated,依恩,106bdfbf80,br=0 nl=0,1,
inc/event/res/12/me12_11.txt#664#12,"さあ、イオナサル。
同調しましょ。","来吧，依欧娜萨鲁。
与我同调吧。",translated,妮诺,25cef1586c,br=0 nl=1,2,
inc/event/res/12/me12_11.txt#665#12,"方法はそれで分かるわ。
同調さえすれば、私の心を覗けるんだもの。","只要同调你就能知晓方法了。
毕竟只要同调，你就能窥视到我的内心了嘛。",translated,妮诺,fa06abf343,br=0 nl=1,2,
inc/event/res/12/me12_11.txt#666#12,口で説明するには複雑すぎるから。,因为单靠嘴说实在太过于复杂了。,translated,妮诺,445f0b7d8d,br=0 nl=0,1,
inc/event/res/12/me12_11.txt#667#12,"やり方、必要な詩、材料。それを余すことなく
伝えるには同調するしかないの。","操作方法、所需的诗歌、材料。想要巨细靡遗地
全盘传达给你，唯有同调这一条路。",translated,妮诺,3199c3bd03,br=0 nl=1,2,
inc/event/res/12/me12_11.txt#668#12,さあ。,来吧。,translated,妮诺,211576d36c,br=0 nl=0,1,
inc/event/res/12/me12_11.txt#702#12,ありがとう、イオナサル。,谢谢你，依欧娜萨鲁。,translated,妮诺,2254b53838,br=0 nl=0,1,
inc/event/res/12/me12_11.txt#704#12,見せてあげる。,就让你看一看吧。,translated,妮诺,94d82f57ad,br=0 nl=0,1,
inc/event/res/12/me12_11.txt#706#12,これが……答えよ！,这就是……终极的答案！,translated,妮诺,bdd60f03dd,br=0 nl=0,1,
inc/event/res/12/me12_11.txt#728#12,……ひっ！,……噫！,translated,依恩,d36a4187d6,br=0 nl=0,1,
inc/event/res/12/me12_11.txt#729#12,"なに！
これ……！","什么！
这是……！",translated,依恩,455ff9b6a7,br=0 nl=1,2,
inc/event/res/12/me12_11.txt#730#12,それが還る方法……想観よ。,那就是回去的方法……想观哦。,translated,妮诺,e96bc2864c,br=0 nl=0,1,
inc/event/res/12/me12_11.txt#733#12,こんなの……ダメ！,这种事情……绝对不行！,translated,依恩,65676e8186,br=0 nl=0,1,
inc/event/res/12/me12_11.txt#734#12,"ネロ！
わたしは、こんな方法に協力なんて！","妮诺！
我怎么可能会协助你用这种手段！",translated,依恩,70772dd8a1,br=0 nl=1,2,
inc/event/res/12/me12_11.txt#735#12,"いいえ。
あなたは協力する。","不。
你一定会协助我的。",translated,妮诺,d67503fbe4,br=0 nl=1,2,
inc/event/res/12/me12_11.txt#736#12,もう逃げられないもの。,因为你已经逃不掉了。,translated,妮诺,cf2da800e9,br=0 nl=0,1,
inc/event/res/12/me12_11.txt#750#12,同調が……解けない！,同调……解除不了！,translated,依恩,7fc9f0371a,br=0 nl=0,1,
inc/event/res/12/me12_11.txt#751#12,"あなたには絶対に協力してもらわなくちゃ
いけない。",我必须一定要让你协助我才行。,translated,妮诺,205052b8e5,br=0 nl=1,2,
inc/event/res/12/me12_11.txt#752#12,あなたが望むか望まないかなんて関係ない。,不管你愿不愿意都毫无关系。,translated,妮诺,9b6310b524,br=0 nl=0,1,
inc/event/res/12/me12_11.txt#753#12,"ずっとずっと還りたかったんだもの。
ずっとずっとずっとずっとずっと――","因为我真的好想好想回去啊。
一直一直一直一直一直――",translated,妮诺,8346f2fc77,br=0 nl=1,2,
inc/event/res/12/me12_11.txt#754#12,ネロ……。,妮诺……,translated,依恩,f270186377,br=0 nl=0,1,
inc/event/res/12/me12_11.txt#757#12,"でも、安心して？
あなたの大切なお友達は助けてあげるから。","不过，你可以放心哦？
你那些珍视的好朋友们，我会放他们一条生路的。",translated,妮诺,7a156f85fc,br=0 nl=1,2,
inc/event/res/12/me12_11.txt#758#12,どうして……どうしてこんなこと！,为什么要……为什么要做出这种事！,translated,依恩,887615e2f3,br=0 nl=0,1,
inc/event/res/12/me12_11.txt#759#12,私にとってこの世界はどうでもいい。,对我来说，这个世界怎样都无所谓。,translated,妮诺,d3990d87fd,br=0 nl=0,1,
inc/event/res/12/me12_11.txt#760#12,"あなたやキャス達には感謝してるわ。
これは本当。","对你还有凯斯她们我确实心存感激。
这一点绝无虚言。",translated,妮诺,a97346672c,br=0 nl=1,2,
inc/event/res/12/me12_11.txt#761#12,"でも、それ以外の人間……
いえ、この世界のものには憎しみしかないわ。","但是，除此之外的人类……
不，对于这世界上的一切我只有满腔仇恨。",translated,妮诺,feb837b03d,br=0 nl=1,2,
inc/event/res/12/me12_11.txt#762#12,憎しみって……。,仇恨是指……,translated,依恩,8b7d6244c5,br=0 nl=0,1,
inc/event/res/12/me12_11.txt#763#12,"約束したのに。意識は残しておいてって。
だからサーバーに戻った。我慢した。","明明许下过约定的。答应会保留我的意识。
所以我才回到了服务器里，一直苦苦忍耐着。",translated,妮诺,563fddfffd,br=0 nl=1,2,
inc/event/res/12/me12_11.txt#764#12,でも――,但是――,translated,妮诺,036aad0627,br=0 nl=0,1,
inc/event/res/12/me12_11.txt#765#12,"裏切られた裏切られた裏切られた裏切られた
裏切られた――","你们背叛了我背叛了我背叛了我背叛了我
背叛了我――",translated,妮诺,f125c68e79,br=0 nl=1,2,
inc/event/res/12/me12_11.txt#766#12,裏切られた裏切られた裏切られた裏切られた！,背叛了我背叛了我背叛了我背叛了我！,translated,妮诺,7a63df447a,br=0 nl=0,1,
inc/event/res/12/me12_11.txt#769#12,でも、良かった。,不过，这样也好。,translated,妮诺,d6220e5471,br=0 nl=0,1,
inc/event/res/12/me12_11.txt#770#12,"おかげで遠慮や良心の呵責を抱かずに、
私は私のためにこの世界を壊せる。","托你们的福，我再也不必心存顾虑或良心苛责，
可以堂堂正正为了我自己去摧毁这个世界了。",translated,妮诺,ddaaadf450,br=0 nl=1,2,
inc/event/res/12/me12_11.txt#771#12,"私が望むことを優先する。
この世界がどうなろうと知らない。","我只优先考虑我所期盼的事情。
这个世界沦落成什么样我都毫不在乎。",translated,妮诺,eff07894d6,br=0 nl=1,2,
inc/event/res/12/me12_11.txt#772#12,イオナサル、一緒に還りましょ？,依欧娜萨鲁，跟我一起回去吧？,translated,妮诺,d055930db7,br=0 nl=0,1,
inc/event/res/12/me12_11.txt#775#12,……いや！,……不要！,translated,依恩,ae2c34e136,br=0 nl=0,1,
inc/event/res/12/me12_11.txt#776#12,わたしは……この世界が好き。,我……深爱着这个世界。,translated,依恩,770641e991,br=0 nl=0,1,
inc/event/res/12/me12_11.txt#777#12,"嫌なところもあるけど、
それ以上に好きなことがいっぱいある！
大切な人達が住む世界なの！","虽然也有令人难过讨厌之处，
但更多的是数不胜数的美好与喜爱！
这是我所珍视的人们所生活着的世界啊！",translated,依恩,d4d3935cd0,br=0 nl=2,3,
inc/event/res/12/me12_11.txt#778#12,だから、わたしはあなたに協力なんてしない！,所以，我绝对不可能协助你的！,translated,依恩,567625a217,br=0 nl=0,1,
inc/event/res/12/me12_11.txt#781#12,そう……。,是吗……,translated,妮诺,97210112e8,br=0 nl=0,1,
inc/event/res/12/me12_11.txt#782#12,それなら、どっちの意志が強いか決めましょう。,既然如此，那就来看看到底谁的意志更坚定吧。,translated,妮诺,22d6189ebe,br=0 nl=0,1,
inc/event/res/12/me12_11.txt#783#12,ど、どういうこと……。,什、什么意思……,translated,依恩,9c2caf2b4f,br=0 nl=0,1,
inc/event/res/12/me12_11.txt#784#12,"自分の信念が曲げられないなら、
相手の心を折るしかない。そうでしょう？","既然不肯动摇自己的信念，
那就只能彻底击溃对方的心防了，不是吗？",translated,妮诺,4b364fc9cd,br=0 nl=1,2,
inc/event/res/12/me12_11.txt#785#12,"あなたと私、どちらがより確実な未来を
“見る”ことができるかしら。","究竟是你还是我，
能够“预见”到更为确凿笃定的未来呢。",translated,妮诺,435521b1c8,br=0 nl=1,2,
inc/event/res/12/me12_11.txt#786#12,待って！　ネロ！,等等！妮诺！,translated,依恩,631fec7aa4,br=0 nl=0,1,
inc/event/res/12/me12_11.txt#787#12,"待たないわ。
不確定な未来に希望を持つようなこともしない。","我可不会等。
我也绝不会对充满不确定的未来抱有盲目希望。",translated,妮诺,b65306a5de,br=0 nl=1,2,
inc/event/res/12/me12_11.txt#789#12,俯瞰視点……！,俯瞰视点……！,translated,妮诺,f536296e2e,br=0 nl=0,1,
inc/event/res/12/me12_11.txt#801#12,……うぅっ！！,……呜呜！！,translated,依恩,e6e052acd3,br=0 nl=0,1,
inc/event/res/12/me12_11.txt#802#12,頭が……！　いた、い……。,头好……！好、痛……,translated,依恩,e6e55bfd58,br=0 nl=0,1,
inc/event/res/12/me12_11.txt#803#12,"割れそう……。
なに、これ……？","快要裂开了……
这、这是什么……？",translated,依恩,2de2a98237,br=0 nl=1,2,
inc/event/res/12/me12_11.txt#804#12,"言ったでしょう。
これは相手の心を折るための戦いだって。","我说过了吧。
这是一场为了击垮对方心灵的战斗。",translated,妮诺,936d73d288,br=0 nl=1,2,
inc/event/res/12/me12_11.txt#805#12,これ……まさか、わたしの記憶を……？,难道说……你夺走了我的记忆……？,translated,依恩,3db6e636f0,br=0 nl=0,1,
inc/event/res/12/me12_11.txt#806#12,記憶や自我なんて、必要ないもの。,记忆和自我什么的，根本没有必要。,translated,妮诺,68a266b987,br=0 nl=0,1,
inc/event/res/12/me12_11.txt#817#12,ああ！　あああああああっ！,啊！啊啊啊啊啊啊！,translated,依恩,3758b40480,br=0 nl=0,1,
inc/event/res/12/me12_11.txt#818#12,自分が自分じゃなくなるのは嫌よね。,自己变得不再是自己，很讨厌对吧。,translated,妮诺,2634081785,br=0 nl=0,1,
inc/event/res/12/me12_11.txt#819#12,"あなたが協力してくれるのなら、
そんなことをする必要はないのだけど。","要是你肯乖乖协助我，
我倒也不必做这种事情就是了。",translated,妮诺,ea2a216132,br=0 nl=1,2,
inc/event/res/12/me12_11.txt#820#12,"いやあ！
協力は……しない！","不要！
我绝不会……协助你的！",translated,依恩,fdba03685c,br=0 nl=1,2,
inc/event/res/12/me12_11.txt#821#12,どうしてそんなに抵抗するの？,为什么还要这么负隅顽抗呢？,translated,妮诺,f249f9074f,br=0 nl=0,1,
inc/event/res/12/me12_11.txt#822#12,"元の世界のあなたに影響は無い。
本来あるべき生活に戻れるのよ？","这并不会影响到原本世界的你。
你也能重回本该拥有的生活，不是吗？",translated,妮诺,174b5ccb7c,br=0 nl=1,2,
inc/event/res/12/me12_11.txt#823#12,"私は、救星イオン応援団の団員。
“本物の”あなたを不幸にしたりはしない。","我可是救星依恩应援团的团员。
绝不会让“真正的”你陷入不幸的。",translated,妮诺,191fc03fab,br=0 nl=1,2,
inc/event/res/12/me12_11.txt#824#12,ぅあ……助け、て……。,呜啊……救、救命……,translated,依恩,3063507162,br=0 nl=0,1,
inc/event/res/12/me12_11.txt#825#12,誰か……。,谁来……,translated,依恩,d81b8fdc4f,br=0 nl=0,1,
inc/event/res/12/me12_11.txt#827#12,……諦めて。,……死心吧。,translated,妮诺,36b6643878,br=0 nl=0,1,
inc/event/res/12/me12_11.txt#836#12,……お願い……助けて！,……求求你……救救我！,translated,依恩,493b6df37d,br=0 nl=0,1,
inc/event/res/12/me12_11.txt#848#12,イオン！？,依恩！？,translated,妮伊,cc0481ac73,br=0 nl=0,1,
inc/event/res/12/me12_12.txt#21#12,"いない……。
イオン、どこに行ったの？","不在这里……
依恩，你跑到哪里去了？",translated,妮伊,e643f34209,br=0 nl=1,2,
inc/event/res/12/me12_12.txt#22#12,さっきの声は……？,刚才的声音是……？,translated,妮伊,88b935c21c,br=0 nl=0,1,
inc/event/res/12/me12_12.txt#23#12,（……イ、ちゃん……）,（……妮、伊……）,translated,依恩,51a5813079,br=0 nl=0,1,
inc/event/res/12/me12_12.txt#24#12,イオン！？,依恩！？,translated,妮伊,cc0481ac73,br=0 nl=0,1,
inc/event/res/12/me12_12.txt#25#12,どこ！　それに、その声……っ。,在哪！而且，这声音……！,translated,妮伊,a59c2a2201,br=0 nl=0,1,
inc/event/res/12/me12_12.txt#26#12,（助け、て……ネイ、ちゃん）,（救、救我……妮、伊）,translated,依恩,e0b6c3bc77,br=0 nl=0,1,
inc/event/res/12/me12_12.txt#27#12,……そうか！　同調の声！,……是吗！是同调的声音！,translated,妮伊,5a55126f1b,br=0 nl=0,1,
inc/event/res/12/me12_12.txt#28#12,（イオン……！）,（依恩……！）,translated,妮伊,a1f697b52e,br=0 nl=0,1,
inc/event/res/12/me12_12.txt#29#12,（ネイちゃん！　助けて！）,（妮伊！救救我！）,translated,依恩,9a05c7f3fe,br=0 nl=0,1,
inc/event/res/12/me12_12.txt#30#12,"（待ってて！
　すぐあんたの場所を探るから！）","（等我！
　我马上就探寻你的位置！）",translated,妮伊,aa0dc97f92,br=0 nl=1,2,
inc/event/res/12/me12_12.txt#31#12,"（…………この光景は……丘？
　謳う丘にいるのね！？）","（…………这幅景象是……山丘？
　你是在鸣之丘吧！？）",translated,妮伊,a9f9d47a28,br=0 nl=1,2,
inc/event/res/12/me12_12.txt#54#12,はぁ、はぁ……。,哈啊、哈啊……,translated,依恩,de0e6831f3,br=0 nl=0,1,
inc/event/res/12/me12_12.txt#59#12,はぁ、はぁ……！,哈啊、哈啊……！,translated,妮伊,9ffd97d849,br=0 nl=0,1,
inc/event/res/12/me12_12.txt#61#12,イオン！！,依恩！！,translated,妮伊,66ffaa1824,br=0 nl=0,1,
inc/event/res/12/me12_12.txt#63#12,"ネイ、ちゃん……助けて……。
早く……と……が。","妮、伊……救救我……
快点……不、然……",translated,依恩,ebf74c4c69,br=0 nl=1,2,
inc/event/res/12/me12_12.txt#65#12,"ちょっと！　大丈夫！？
しっかりして！","喂！你没事吧！？
振作一点！",translated,妮伊,0d7279d6a8,br=0 nl=1,2,
inc/event/res/12/me12_12.txt#67#12,はぁ、はぁ……。,哈啊、哈啊……,translated,依恩,de0e6831f3,br=0 nl=0,1,
inc/event/res/12/me12_12.txt#68#12,"お願い……わたしを、殺して……。
……いま、すぐに……！","求求你……杀、杀了我……
……趁现在，快……！",translated,依恩,b7cb2b770d,br=0 nl=1,2,
inc/event/res/12/me12_12.txt#69#12,あんた、なに言ってんの！,你在胡说些什么啊！,translated,妮伊,664e70078c,br=0 nl=0,1,
inc/event/res/12/me12_12.txt#70#12,そうしないと……この世界が、終わっちゃう！,不这样做的话……这个世界就会毁灭的！,translated,依恩,003fa75d92,br=0 nl=0,1,
inc/event/res/12/me12_12.txt#72#12,"なに言ってるのか全然分かんないって！
どうしてそんなこと言うの！？","我完全听不懂你在说什么啊！
你为什么要说这种话！？",translated,妮伊,7266ed398e,br=0 nl=1,2,
inc/event/res/12/me12_12.txt#73#12,あ……れ……。,那……个……,translated,依恩,df3ce0ec61,br=0 nl=0,1,
inc/event/res/12/me12_12.txt#83#12,……なん、で……？,……怎、么会……？,translated,妮伊,21ca4ec871,br=0 nl=0,1,
inc/event/res/12/me12_12.txt#84#12,星が……光ってる……。,星球……在发光……,translated,妮伊,68f256fa25,br=0 nl=0,1,
inc/event/res/12/me12_12.txt#85#12,何か、光が反射してるの……？,是有什么光线在反射吗……？,translated,妮伊,5fd8574b4d,br=0 nl=0,1,
inc/event/res/12/me12_12.txt#86#12,"違う！
内側から光が漏れてる！？","不对！
是从内部透出了光芒！？",translated,妮伊,017050b2e0,br=0 nl=1,2,
inc/event/res/12/me12_12.txt#87#12,どういうこと！？,这是怎么回事！？,translated,妮伊,109a75190e,br=0 nl=0,1,
inc/event/res/12/me12_12.txt#88#12,あれじゃあまるで……爆発するみたいな……。,那样简直……就像要爆炸了一样……,translated,妮伊,c7ec513c4b,br=0 nl=0,1,
inc/event/res/12/me12_12.txt#108#12,"私がラシェール・フューザーを
キャンセルしてるの。","是我正在把拉榭拉融合器
取消掉。",translated,依恩,1f93be4a72,br=0 nl=1,2,
inc/event/res/12/me12_12.txt#109#12,"どういうこと？
あんた、どうしちゃったの？","什么意思？
你到底怎么了？",translated,妮伊,a6c7b43b4c,br=0 nl=1,2,
inc/event/res/12/me12_12.txt#110#12,さあ、どうしちゃったのかしら。,哎呀，到底是怎样了呢。,translated,依恩,2fa8999e45,br=0 nl=0,1,
inc/event/res/12/me12_12.txt#113#12,……あんた、まさか！,……你、难道是！,translated,妮伊,a569d85a38,br=0 nl=0,1,
inc/event/res/12/me12_12.txt#116#12,ネロ！！,妮诺！！,translated,妮伊,1e965e1571,br=0 nl=0,1,
inc/event/res/12/me12_12.txt#123#12,ネイちゃん、お願い……早く！,妮伊，求求你……快点！,translated,依恩,4d48867d8a,br=0 nl=0,1,
inc/event/res/12/me12_12.txt#129#12,"まだ表に出て来る力が残ってるの？
流石に同じ力同士じゃ、時間がかかるのね。","居然还有余力浮现到表层来吗？
同等力量之间对抗，果然还是得花些时间呢。",translated,依恩,3f0c7be09e,br=0 nl=1,2,
inc/event/res/12/me12_12.txt#130#12,イオンを放して！,快放开依恩！,translated,妮伊,7d6e1198ef,br=0 nl=0,1,
inc/event/res/12/me12_12.txt#131#12,"嫌よ。
私が還るためにはイオナサルが必要なの。","我才不要。
为了能够回去，依欧娜萨鲁是必不可少的。",translated,依恩,a221ae46ca,br=0 nl=1,2,
inc/event/res/12/me12_12.txt#138#12,ネイちゃん、お願い……早くしないと……！,妮伊，求求你……再不快点的话……！,translated,依恩,15fffde2dd,br=0 nl=0,1,
inc/event/res/12/me12_12.txt#145#12,"イオナサル、もう抵抗しないで。
どうせ時間の問題よ。","依欧娜萨鲁，别再抵抗了。
反正这不过是时间问题。",translated,依恩,a18beed8e1,br=0 nl=1,2,
inc/event/res/12/me12_12.txt#147#12,この人には、イオナサルを殺せない。,这个人，是不可能下得了手杀你的。,translated,依恩,b132ee885b,br=0 nl=0,1,
inc/event/res/12/me12_12.txt#148#12,くっ……イオンを殺すなんて……。,咕……杀掉依恩什么的，我怎么……,translated,妮伊,b18f30d898,br=0 nl=0,1,
inc/event/res/12/me12_12.txt#155#12,"ネイちゃん、お願い。
………、…………助けて……。","妮伊，求求你。
………、…………救救……",translated,依恩,56e7fc4d1d,br=0 nl=1,2,
inc/event/res/12/me12_12.txt#158#12,イオ、ン……あたしは……あたしは……！,依、恩……我……我……！,translated,妮伊,8a681e3737,br=0 nl=0,1,
inc/event/res/12/me12_12.txt#176#12,"ああああああああああああああああああああああ
ああああああああああああ！！","啊啊啊啊啊啊啊啊啊啊啊啊啊啊啊啊啊啊啊啊啊
啊啊啊啊啊啊啊啊啊啊啊！！",translated,妮伊,8aedbf3791,br=0 nl=1,2,
inc/event/res/12/me12_12.txt#206#12,ぅくっ……ぁ……。,唔咕……啊……,translated,依恩,b68722533b,br=0 nl=0,1,
inc/event/res/12/me12_12.txt#207#12,……イオン……。,……依恩……,translated,妮伊,7a87ec3325,br=0 nl=0,1,
inc/event/res/12/me12_12.txt#211#12,ごめん、ね……ネイちゃん。,对不、起……妮伊。,translated,依恩,e4bad51f4c,br=0 nl=0,1,
inc/event/res/12/me12_12.txt#212#12,"それと……ありがとう。
これで……ネロ……の……。","还有……谢谢你。
这样一来……妮诺……就……",translated,依恩,47f971bc25,br=0 nl=1,2,
inc/event/res/12/me12_12.txt#214#12,喋るな！　傷が……。,别说话了！伤口……,translated,妮伊,adeae40aac,br=0 nl=0,1,
inc/event/res/12/me12_12.txt#216#12,"あ、あは……。
助かっちゃったら、意味……ない、よ……。","呵、呵呵……
要是得救了的话，就没……意义、了啊……",translated,依恩,914a898640,br=0 nl=1,2,
inc/event/res/12/me12_12.txt#217#12,"そうだけど！
そうだけどさ……！","虽然是这样！
话虽如此啊……！",translated,妮伊,6129b041a3,br=0 nl=1,2,
inc/event/res/12/me12_12.txt#219#12,なんで、あたし……。,为什么，我偏偏……,translated,妮伊,1322c53d59,br=0 nl=0,1,
inc/event/res/12/me12_12.txt#220#12,こ、れ……ネイ、ちゃん。,这、个……妮、伊。,translated,依恩,43a773acbf,br=0 nl=0,1,
inc/event/res/12/me12_12.txt#221#12,……イオン？,……依恩？,translated,妮伊,237a710c15,br=0 nl=0,1,
inc/event/res/12/me12_12.txt#222#12,これを……。,把这个……,translated,依恩,abc08e822d,br=0 nl=0,1,
inc/event/res/12/me12_12.txt#223#12,え……なに？,诶……什么？,translated,妮伊,e9eaf89348,br=0 nl=0,1,
inc/event/res/12/me12_12.txt#241#12,"最悪……最悪最悪！！
あなた達は、絶対に逃がさない！
逃がさない！！","最差劲了……最差劲了最差劲了！！
我绝对不会放过你们！
绝不放过！！",translated,妮诺,9bdff0088b,br=0 nl=2,3,
inc/event/res/12/me12_12.txt#271#12,イオン……？,依恩……？,translated,妮伊,c8ca42467e,br=0 nl=0,1,
inc/event/res/12/me12_12.txt#274#12,そんな……イオン！？,怎么会……依恩！？,translated,妮伊,74122d1578,br=0 nl=0,1,
inc/event/res/12/me12_12.txt#276#12,イオンも……星も、消えちゃった……。,依恩也……连同星球一起，消失了……,translated,妮伊,834d90fb25,br=0 nl=0,1,
inc/event/res/12/me12_12.txt#293#12,お前、そこで何をしている！,你，在那里做什么！,translated,特工,09db6b4a68,br=0 nl=0,1,
inc/event/res/12/me12_12.txt#296#12,ネイ……さん？,妮伊……小姐？,translated,蕾娜露露,254f41a3d6,br=0 nl=0,1,
inc/event/res/12/me12_12.txt#297#12,"一体……一体何をしているの！？
イオンに、何をしたの！！","你到底……到底在做什么！？
你对依恩做了什么！！",translated,蕾娜露露,aa0b537100,br=0 nl=1,2,
inc/event/res/12/me12_12.txt#298#12,答えなさい！,快回答我！,translated,蕾娜露露,9ee7a30a93,br=0 nl=0,1,
inc/event/res/12/me12_12.txt#300#12,……無礼者。,……无礼之徒。,translated,妮伊,72bad515b9,br=0 nl=0,1,
inc/event/res/12/me12_12.txt#301#12,なに……？,什么……？,translated,蕾娜露露,28aa9978a2,br=0 nl=0,1,
inc/event/res/12/me12_12.txt#302#12,誰に向かってそのような口をきいている。,汝等在对何人如此出言不逊。,translated,妮伊,2647463a94,br=0 nl=0,1,
inc/event/res/12/me12_12.txt#308#12,余が誰かを知ってのその口、その狼藉か。,汝等可是知晓余为何人，才敢如此狂言作乱？,translated,妮伊,46f25dfef9,br=0 nl=0,1,
inc/event/res/12/me12_12.txt#309#12,"知ってのことであれば、そのような不敬な態度、
万死に値する。さっさと去ぬがよい！","若是知晓，此等大不敬之态实属万死莫赎。
还不速速给余退下！",translated,妮伊,0e93154a0f,br=0 nl=1,2,
inc/event/res/12/me12_12.txt#310#12,知らぬとあらば早々に跪け！,若是不知，还不速速跪下！,translated,妮伊,3ef5a34f61,br=0 nl=0,1,
inc/event/res/12/me12_12.txt#321#12,余は、皇帝ネィアフラスクである！,余乃，皇帝内依雅弗拉斯克！,translated,妮伊,610d93b013,br=0 nl=0,1,
inc/event/res/12/me12_song.txt#19#12,"遥か彼方　那由多の海を
子等は目指し　次元(そら)を繋ぐ","遥远彼方　向着那由多之海
孩童们奔赴追寻　贯联次元",translated,系统文本,106552b415,br=0 nl=1,2,
inc/event/res/12/me12_song.txt#20#12,"星を喰らいて　羽ばたく罪を
心に刻みて　誓いを叫ぶ","吞噬星球　展翅高飞的罪孽
铭刻于心底　呐喊出立下的誓言",translated,系统文本,00e84ebdfe,br=0 nl=1,2,
inc/event/res/12/me12_song.txt#24#12,"割れる大地は　赤く　深く
滅びの時は　訪れる","碎裂的大地　深邃而赤红
毁灭的时刻　终已降临",translated,系统文本,4d7841a389,br=0 nl=1,2,
inc/event/res/12/me12_song.txt#25#12,"それでも　許し　与う　惑星(ほし)へ
報いるために　生きてゆこう","即便如此　为了报答赐予宽恕的行星
也要努力地　生存下去",translated,系统文本,6d6c0025f4,br=0 nl=1,2,
inc/event/res/12/me12_song.txt#26#12,"空を彩り渡る　虹のように
希望の輝きを　人々に届けたいから","如同跨越天际　点缀苍穹的彩虹
想要将希望的光辉　送至人们身旁",translated,系统文本,b64a7e5933,br=0 nl=1,2,
inc/event/res/12/me12_song.txt#30#12,"謳えや　燃やせや　命棒げや
生々世々の路を　皆灯し紡げ","去歌唱吧　去燃烧吧　去奉献生命吧
将生生世世的道路　一同点亮编织",translated,系统文本,7782e3542f,br=0 nl=1,2,
inc/event/res/12/me12_song.txt#31#12,"森羅の波　愛を協で募れ
生く焔を　爆ぜ開闢(ひら)く　詩の奇跡を","森罗之波　以同心聚拢满腔爱意
绽裂生命之焰　开辟诗篇的奇迹",translated,系统文本,60a4f7e7c1,br=0 nl=1,2,
inc/event/res/12/me12_train.txt#2#12,"<CLY2>チュートリアルが終了しておりません。
まずは第一の扉へ向かいましょう。","<CLY2>教程尚未结束。
首先请前往第一扇门。",translated,系统文本,43739b392f,<CLY2> br=0 nl=1,2,keep-tags <CLY2>
