id,jp,zh,status,speaker,src,ctl,lines,note
inc/event/res/chatevent01/bath_a01.txt#4#12,"ん～……気持ちよ過ぎて、
眠くなってきちゃった。","唔――……太舒服了，
我都开始犯困了。",translated,依恩,86cf56f52b,br=0 nl=1,2,
inc/event/res/chatevent01/bath_a01.txt#5#12,"ふぁ～……
ちょっと寝ちゃおうかな？","哈啊――……
稍微睡上一会儿吧？",translated,依恩,507fd3b924,br=0 nl=1,2,
inc/event/res/chatevent01/bath_a01.txt#8#12,"たまには体も頭も洗わないで、
ざぶっと浸かるだけにしたいかも。","偶尔也想身上头上都不洗，
就只是哗啦一下泡进去呢。",translated,依恩,745281502b,br=0 nl=1,2,
inc/event/res/chatevent01/bath_a01.txt#9#12,……って、さすがにそれはマズイかな？,……等等，到底还是那样不太好吧？,translated,依恩,d71abc00f9,br=0 nl=0,1,
inc/event/res/chatevent01/bath_a01.txt#10#12,"汚れた体であなたの前に出るの、
恥ずかしいもん。","带着脏兮兮的身子出现在你面前，
会很害羞的嘛。",translated,依恩,8d85d18865,br=0 nl=1,2,
inc/event/res/chatevent01/bath_a01.txt#13#12,"お風呂で寝ると溺れるっていうけど、
それなら顔が沈まない程度にお湯を
減らせば大丈夫だよね？","虽然听说在浴缸里睡着会溺水，
但只要把热水减少到脸不会沉下去的程度，
就没问题了吧？",translated,依恩,aeacc75194,br=0 nl=2,3,
inc/event/res/chatevent01/bath_a01.txt#14#12,……今度試してみようかな？,……下次试着试试看吧？,translated,依恩,53724f5cb0,br=0 nl=0,1,
inc/event/res/chatevent01/bath_a01.txt#22#12,ん～、いい気持ちー……。,嗯――好舒服哦――……,translated,依恩,7d4779df83,br=0 nl=0,1,
inc/event/res/chatevent01/bath_a01.txt#23#12,よかったら、あなたも一緒にどう？,如果可以的话，你也一起泡怎么样？,translated,依恩,2174f07554,br=0 nl=0,1,
inc/event/res/chatevent01/bath_a01.txt#24#12,なんてね、えへへ……冗談だよ。,开玩笑啦，诶嘿嘿……逗你玩的。,translated,依恩,5b203a0ab8,br=0 nl=0,1,
inc/event/res/chatevent01/bath_a01.txt#27#12,"お風呂って疲れを癒すっていうよりは、
一日の疲れを眠気に変えてるんじゃないか、
って思うの、わたしだけかな？","泡澡比起说是消除疲劳，
不如说是把一天的疲劳转化成了困意吧，
这么想的只有我一个人吗？",translated,依恩,ca95b82bd5,br=0 nl=2,3,
inc/event/res/chatevent01/bath_a01.txt#28#12,"だってお風呂に入る前は、疲れたー、って
思うだけなのに、お湯に浸かると途端に
眠気が襲ってくるんだもん。","因为在泡澡之前明明只是觉得好累啊――
可一泡进热水里，
困意立刻就排山倒海地袭来了嘛。",translated,依恩,6ec8915048,br=0 nl=2,3,
inc/event/res/chatevent01/bath_a01.txt#29#12,"案外、間違ってないような
気がするけど……どうかな？","总觉得说不定并没有说错呢……
你觉得呢？",translated,依恩,eeb72737e3,br=0 nl=1,2,
inc/event/res/chatevent01/bath_a01.txt#32#12,"どんなに疲れてても、体と頭はしっかりと
洗わないとねー。","不管有多累，身体和头发
都得好好清洗干净才行呢――",translated,依恩,5dcd399d68,br=0 nl=1,2,
inc/event/res/chatevent01/bath_a01.txt#33#12,"中途半端だと、逆に疲れちゃうの。
あなたもそうでしょ？","洗得半吊子的话反而会更累的。
你也是这样的对吧？",translated,依恩,74046c1f2a,br=0 nl=1,2,
inc/event/res/chatevent01/bath_a01.txt#41#12,"お風呂に入る時は、まず頭を洗って、
その後で体を洗うのがいい、って
いうよね？","洗澡的时候，一般都说先洗头、
然后再洗身上比较好对吧？",translated,依恩,a57e5a91d3,br=0 nl=2,3,
inc/event/res/chatevent01/bath_a01.txt#42#12,"体から先に洗っちゃうと、髪の毛の汚れが
洗ったばかりの体に落ちるから、だっけ？","是因为如果先洗身上的话，
头发上的脏东西会掉到刚洗干净的身上，
是这样吗？",translated,依恩,66eaca1223,br=0 nl=1,2,
inc/event/res/chatevent01/bath_a01.txt#43#12,"……信憑性が薄い気がするのは
わたしだけかな？","……觉得可信度不高的，
只有我一个人吗？",translated,依恩,d5f97a397d,br=0 nl=1,2,
inc/event/res/chatevent01/bath_a01.txt#46#12,"頭を洗う時、頭皮マッサージを
するとすごく気持ちいいよ。","洗头的时候，顺便做做头皮按摩
会觉得超级舒服哦。",translated,依恩,e8fad6d142,br=0 nl=1,2,
inc/event/res/chatevent01/bath_a01.txt#47#12,……ハゲてるわけじゃないからね？,……我可不是秃头哦？,translated,依恩,4d0e49c47a,br=0 nl=0,1,
inc/event/res/chatevent01/bath_a01.txt#50#12,たまには、泡風呂に入りたいなぁ……。,偶尔也想泡个泡泡浴啊……,translated,依恩,5413281d78,br=0 nl=0,1,
inc/event/res/chatevent01/bath_a01.txt#51#12,"後で湯船を洗う時が大変だけど、
疲れた時はすごくリラックス
できるんだよ。","虽然之后洗浴缸的时候会很麻烦，
但在疲惫的时候
能够超级放松身心哦。",translated,依恩,19272023e1,br=0 nl=2,3,
inc/event/res/chatevent01/bath_a01.txt#61#12,"はぁ……。
お風呂に浸かってる時間って幸せだよ～。","哈啊……
泡在浴缸里的时间真的好幸福哦～。",translated,依恩,23985de6ea,br=0 nl=1,2,
inc/event/res/chatevent01/bath_a01.txt#62#12,もうずっとこのままでいたいかも……。,真想一直就这样泡下去呀……,translated,依恩,0fb463413d,br=0 nl=0,1,
inc/event/res/chatevent01/bath_a01.txt#64#12,気持ちいい……。,好舒服……,translated,依恩,58ba11ec13,br=0 nl=0,1,
inc/event/res/chatevent01/bath_a01.txt#65#12,お湯に浸かりながら、眠っちゃいたいよ。,真想就这样泡在热水里直接睡着呢。,translated,依恩,3f71db5de3,br=0 nl=0,1,
inc/event/res/chatevent01/bath_a01.txt#67#12,"シャワーも気持ちいいけど、
お湯に浸かってゆったりするのもいいよね。","淋浴虽然也挺舒服，
但泡在热水里悠闲放松也很棒呢。",translated,依恩,1be385d1bf,br=0 nl=1,2,
inc/event/res/chatevent01/bath_a01.txt#68#12,"あ、けど、のぼせないようにだけは
気をつけないと……。",啊，不过得注意别泡晕过去才行……,translated,依恩,e48bfed230,br=0 nl=1,2,
inc/event/res/chatevent01/bath_a01.txt#72#12,やっぱりお風呂は気持ちいいね。,洗澡果然很舒服呢。,translated,依恩,05fece9a9c,br=0 nl=0,1,
inc/event/res/chatevent01/bath_a01.txt#73#12,"身体もさっぱりするし、
その日の疲れも一緒に流れてくみたい。","身体变得清爽舒畅，
那一天的疲惫也好像随之一同流走了似的。",translated,依恩,7fe9e61c45,br=0 nl=1,2,
inc/event/res/chatevent01/bath_a01.txt#75#12,髪の毛が長いと、洗うのが大変なの。,头发长的话，洗起来就很费劲呢。,translated,依恩,511b827660,br=0 nl=0,1,
inc/event/res/chatevent01/bath_a01.txt#76#12,"洗うときだけ、
髪の毛が短くなったりしないかな……。","要是能在洗头的时候
头发自动变短就好了呢……",translated,依恩,20ec769104,br=0 nl=1,2,
inc/event/res/chatevent01/bath_a01.txt#78#12,"疲れを取るなら睡眠が一番だと思うけど、
お風呂も悪くないよね。","消除疲劳虽然睡眠是最好的，
但洗澡也很不错呢。",translated,依恩,bb9e3d690a,br=0 nl=1,2,
inc/event/res/chatevent01/bath_a01.txt#79#12,"体を洗うとスッキリするし、
一日に一回は欠かしたくないなぁ。","洗完澡身上很清爽，
真希望一天一次绝不落下呢。",translated,依恩,61078b89f2,br=0 nl=1,2,
inc/event/res/chatevent01/bath_a01.txt#83#12,"やっぱり、お風呂で綺麗になると
気持ちいいね。","洗完澡浑身变干净之后，
果然心情很舒畅呢。",translated,依恩,f39beac20c,br=0 nl=1,2,
inc/event/res/chatevent01/bath_a01.txt#84#12,"最近はちょっとの汗や汚れでも
気になっちゃうから、なおさらだよ。","最近就算只有一点点汗水或污渍
都会很在意，所以就更是如此啦。",translated,依恩,55ac58fc3e,br=0 nl=1,2,
inc/event/res/chatevent01/bath_a01.txt#86#12,"お風呂って体を綺麗にする場所なのに、
心も綺麗になる気がするの。","洗澡明明是洗干净身体的地方，
总觉得连心灵也跟着变纯净了呢。",translated,依恩,bed65d0a28,br=0 nl=1,2,
inc/event/res/chatevent01/bath_a01.txt#87#12,なんか不思議だね。,总觉得很不可思议呢。,translated,依恩,0e8f75dda7,br=0 nl=0,1,
inc/event/res/chatevent01/bath_a01.txt#89#12,"急いでるときは、
洗ってすぐに出ないといけないけど――","赶时间的时候，
虽然洗完就必须得马上出来――",translated,依恩,ee07aa37ab,br=0 nl=1,2,
inc/event/res/chatevent01/bath_a01.txt#90#12,"ちゃんと綺麗にしたいし、
お風呂では出来るだけゆっくりしたいよね。","但既然想好好洗干净，
洗澡时还是想尽可能悠闲一点呢。",translated,依恩,c68fe188f6,br=0 nl=1,2,
inc/event/res/chatevent01/bath_b01.txt#4#12,"う～、爪の間に入った機械油って、
中々落ちないから大変だよ……。","呜――指甲缝里的机油，
怎么洗都洗不掉真麻烦呀……",translated,依恩,e98de47f55,br=0 nl=1,2,
inc/event/res/chatevent01/bath_b01.txt#5#12,"でも、こういう汚れって正直、
結構好きなんだよね。","不过这种污渍说老实话，
其实我挺喜欢的呢。",translated,依恩,36c127093d,br=0 nl=1,2,
inc/event/res/chatevent01/bath_b01.txt#6#12,"今日も沢山機械を触ったなぁ、って
思いながら洗うのも、楽しみの一つだもん。","一边洗一边想着今天也摸了好多机械呢，
这也是乐趣之一嘛。",translated,依恩,5b958feef5,br=0 nl=1,2,
inc/event/res/chatevent01/bath_b01.txt#9#12,"今日はちょっと汗かいちゃってるから、
いつもよりしっかり洗わないと。","今天稍微流了点汗，
必须比平时洗得更仔细才行。",translated,依恩,d156352650,br=0 nl=1,2,
inc/event/res/chatevent01/bath_b01.txt#10#12,"あなたに臭いが伝わらないのはわかってる
けど、だからって気は抜きたくないもん。","虽然我知道气味不会传到你那里去，
但即便如此我也不想掉以轻心嘛。",translated,依恩,4525e7ec0f,br=0 nl=1,2,
inc/event/res/chatevent01/bath_b01.txt#13#12,"今日は臭いのキツい物を触ったから、
しっかり洗おっと。","今天碰了气味很重的东西，
得好好洗干净才行。",translated,依恩,df832c44ea,br=0 nl=1,2,
inc/event/res/chatevent01/bath_b01.txt#14#12,"寝る時に臭いが取れてなかったら、
ゆっくり体を休められないもん。","睡觉时要是气味还没散掉的话，
就没法好好休养身体了嘛。",translated,依恩,0d3387a829,br=0 nl=1,2,
inc/event/res/chatevent01/bath_b01.txt#22#12,"今日は汚れるようなことはしてないけど、
お風呂ではしっかり体を洗わないとね。","今天虽然没做什么会弄脏的事，
但洗澡时还是得好好清洗身体才行呢。",translated,依恩,f6b781fa24,br=0 nl=1,2,
inc/event/res/chatevent01/bath_b01.txt#23#12,"これでも女の子だもん。
身だしなみには気を付けてるんだよ？","我好歹也是个女孩子嘛。
仪表方面我可是很注意的哦？",translated,依恩,b76764455a,br=0 nl=1,2,
inc/event/res/chatevent01/bath_b01.txt#26#12,"今日はそんなに汚れていない、
とは思っても油断は禁物だよ。","就算觉得今天没怎么弄脏，
也是绝不能掉以轻心的哦。",translated,依恩,1bd212f656,br=0 nl=1,2,
inc/event/res/chatevent01/bath_b01.txt#27#12,"自分の汚れは自分が一番
気づかないものなの。","自己身上的污渍
往往是自己最不容易注意到的。",translated,依恩,dbf2fabe47,br=0 nl=1,2,
inc/event/res/chatevent01/bath_b01.txt#28#12,"他の人から指摘されるよりは、
いつでも念入りに綺麗にして
おいた方がいいと思わない？","比起被别人指出来，
随时都仔细洗干净
会更好一些对吧？",translated,依恩,9b5341bf79,br=0 nl=2,3,
inc/event/res/chatevent01/bath_b01.txt#31#12,"んっしょ、んっしょ……。
ふぅ……背中って、洗うの大変だよね。","嘿咻、嘿咻……
呼……后背洗起来可真费劲呢。",translated,依恩,8020f44303,br=0 nl=1,2,
inc/event/res/chatevent01/bath_b01.txt#32#12,"でも、洗い終わった後のすっきりした
感じが好きだから、大変でもつい念入りに
洗っちゃうんだよね、えへへ……。","不过洗完之后的清爽感我很喜欢，
所以即使很费劲也会忍不住仔细洗呢，
诶嘿嘿……",translated,依恩,df307596d6,br=0 nl=2,3,
inc/event/res/chatevent01/bath_b01.txt#42#12,ずいぶんと汚れちゃったなぁ……。,弄得好脏啊……,translated,依恩,0cff0cfea2,br=0 nl=0,1,
inc/event/res/chatevent01/bath_b01.txt#43#12,しっかり洗って綺麗にしないと……。,得好好洗干净才行……,translated,依恩,69372e9212,br=0 nl=0,1,
inc/event/res/chatevent01/bath_b01.txt#45#12,"はぁ……。
思ったより汚れちゃってるなぁ……。","唉……
比想象中弄得还要脏呢……",translated,依恩,742158f3c6,br=0 nl=1,2,
inc/event/res/chatevent01/bath_b01.txt#46#12,"機械のオイルなんかは落ちづらいから、
しっかり洗わなきゃ……。","机械的油污之类的很难洗掉，
得好好洗洗才行……",translated,依恩,3bab130b35,br=0 nl=1,2,
inc/event/res/chatevent01/bath_b01.txt#48#12,"その日の汚れを洗ってスッキリすると、
すごく気持ちいいよね。","把当天的脏污洗掉变得一身轻松，
感觉超级棒呢。",translated,依恩,39eee70432,br=0 nl=1,2,
inc/event/res/chatevent01/bath_b01.txt#49#12,あっ、汚れたいってわけじゃないよ？,啊，我并不是想弄脏的意思哦？,translated,依恩,b71cc90a4a,br=0 nl=0,1,
inc/event/res/chatevent01/bath_b01.txt#53#12,"あんまり汚れてないけど、
一日一回のお風呂は欠かせないかな。","虽然没怎么弄脏，
但每天一次的洗澡可不能少呢。",translated,依恩,c1b5494fe8,br=0 nl=1,2,
inc/event/res/chatevent01/bath_b01.txt#54#12,"洗うって意味でもだけど、
お風呂でゆっくりするのは気持ちいいもん。","不仅是为了清洗，
在浴室里悠闲放松也很舒服嘛。",translated,依恩,26bccb6a0b,br=0 nl=1,2,
inc/event/res/chatevent01/bath_b01.txt#56#12,"シャワーを浴びて、体を洗って、
お湯に浸かって、ゆったりする……。","冲个淋浴、洗净身体、
泡进热水里、悠闲放松……",translated,依恩,f77effb907,br=0 nl=1,2,
inc/event/res/chatevent01/bath_b01.txt#57#12,"身体の疲れも取れるし、
お風呂は良いことばっかりだよ。","身体的疲劳也能消除，
洗澡全都是好处呢。",translated,依恩,60e0090d31,br=0 nl=1,2,
inc/event/res/chatevent01/bath_b01.txt#59#12,"熱いお風呂に長く入ってると、
のぼせちゃうときがあるよね。","在滚烫的热水里泡久了，
有时会头晕目眩呢。",translated,依恩,b23d3be79a,br=0 nl=1,2,
inc/event/res/chatevent01/bath_b01.txt#60#12,"それで倒れたら大変だし、
気をつけるようにしなきゃ……。","要是因此晕倒可就糟糕了，
必须得多加小心才行……",translated,依恩,8b08274535,br=0 nl=1,2,
inc/event/res/chatevent01/bath_c01.txt#4#12,"はぁ……やっぱり、今日はちょっと
モヤモヤしてるかも……。","唉……果然，今天稍微有点
心烦意乱呢……",translated,依恩,28b6bf8e50,br=0 nl=1,2,
inc/event/res/chatevent01/bath_c01.txt#5#12,"いい匂いの入浴剤でも入れて、
気分転換しようかな？","放点香香的入浴剂，
转换一下心情吧？",translated,依恩,b6db949788,br=0 nl=1,2,
inc/event/res/chatevent01/bath_c01.txt#8#12,"……何だか、今日はいつもより
疲れが取れない気がするよ。","……总觉得，今天好像比平时
更不容易消除疲劳呢。",translated,依恩,9021050aa9,br=0 nl=1,2,
inc/event/res/chatevent01/bath_c01.txt#9#12,いつもより長めに浸かろうかな？,比平时多泡一会儿吧？,translated,依恩,09fe1ba0e4,br=0 nl=0,1,
inc/event/res/chatevent01/bath_c01.txt#12#12,……何？,……怎么了？,translated,依恩,a04577a6f2,br=0 nl=0,1,
inc/event/res/chatevent01/bath_c01.txt#13#12,まさかとは思うけど、覗いたら怒るよ？,"虽然我觉得应该不可能，
要是敢偷看我可要生气的哦？",translated,依恩,fd6e7bab21,br=0 nl=0,1,
inc/event/res/chatevent01/bath_c01.txt#21#12,ふ～んふふんふふ～♪,哼～哼哼哼哼～♪,translated,依恩,75e06a3e4f,br=0 nl=0,1,
inc/event/res/chatevent01/bath_c01.txt#22#12,"えへへ、お風呂に入ってると、
つい歌いたくなっちゃうよね。","诶嘿嘿，一泡进浴室里，
就会忍不住想哼歌呢。",translated,依恩,75e81227d0,br=0 nl=1,2,
inc/event/res/chatevent01/bath_c01.txt#25#12,ん～、いい気持ちー……。,嗯――好舒服哦――……,translated,依恩,7d4779df83,br=0 nl=0,1,
inc/event/res/chatevent01/bath_c01.txt#26#12,えへへ、あなたも一緒にどう？,诶嘿嘿，你也一起来泡如何？,translated,依恩,e5f01b2db8,br=0 nl=0,1,
inc/event/res/chatevent01/bath_c01.txt#27#12,……なんて、冗談だよ？,……开玩笑的啦？,translated,依恩,affe86c3c2,br=0 nl=0,1,
inc/event/res/chatevent01/bath_c01.txt#30#12,"ふぁ～……気持ちよ過ぎて、
眠くなってきちゃった……。","哈啊……太舒服了，
我都开始犯困了……",translated,依恩,d2d52b1ee2,br=0 nl=1,2,
inc/event/res/chatevent01/bath_c01.txt#31#12,"今夜は、ぐっすり眠れそうかも。
やっぱりお風呂は寝る前に限るね。","今晚说不定能睡个好觉呢。
洗澡果然还是睡前最棒了。",translated,依恩,87dc28b724,br=0 nl=1,2,
inc/event/res/chatevent01/bath_c01.txt#41#12,……はぁ、なんか調子悪いなぁ。,……唉，总觉得状态不太好呢。,translated,依恩,145ac976ae,br=0 nl=0,1,
inc/event/res/chatevent01/bath_c01.txt#42#12,"お風呂でさっぱりして、
気を取り直さないとね。","得在浴室里洗个清爽，
重新打起精神来才行呢。",translated,依恩,fd0380c591,br=0 nl=1,2,
inc/event/res/chatevent01/bath_c01.txt#45#12,"あっ！　ご、ごめんね。
ちょっとぼーっとしてたみたい。","啊！对、对不起。
我刚才好像稍微发呆了。",translated,依恩,2ef19dd45b,br=0 nl=1,2,
inc/event/res/chatevent01/bath_c01.txt#46#12,う～ん、調子悪いのかなぁ……。,唔――是状态不好吗……,translated,依恩,ba7a1948d6,br=0 nl=0,1,
inc/event/res/chatevent01/bath_c01.txt#48#12,"どうしたの？
もしかして中を見たい……とか？","怎么啦？
难道说想看里面……之类的？",translated,依恩,eb7784cfc4,br=0 nl=1,2,
inc/event/res/chatevent01/bath_c01.txt#49#12,さすがにそれは駄目だからね？,那怎么说也是不行的哦？,translated,依恩,05c692bb96,br=0 nl=0,1,
inc/event/res/chatevent01/bath_c01.txt#50#12,"それに、今のままだと端末が
壊れちゃうよ。","而且，照现在这样的话
终端机会坏掉的哦。",translated,依恩,a3d15ed853,br=0 nl=1,2,
inc/event/res/chatevent01/bath_c01.txt#54#12,"み、見えないのが分かってても、
なんかドキドキしちゃうね。","明、明明知道看不到，
总觉得还是有点心跳加速呢。",translated,依恩,b5691c5f1e,br=0 nl=1,2,
inc/event/res/chatevent01/bath_c01.txt#56#12,"えへへ、ちゃんと身体の隅々まで
綺麗にしないとね。","诶嘿嘿，必须把身体的每个角落
都好好洗干净才行呢。",translated,依恩,a1812b2a42,br=0 nl=1,2,
inc/event/res/chatevent01/bath_c01.txt#57#12,あ、エッチな想像とかしちゃだめだよ？,啊，可不许想些色色的事情哦？,translated,依恩,5dbf35da9d,br=0 nl=0,1,
inc/event/res/chatevent01/bath_c01.txt#59#12,あっわあわ～♪　じゃっぶじゃぶ～♪,起泡泡啦～♪　哗啦啦啦～♪,translated,依恩,cf6246c870,br=0 nl=0,1,
inc/event/res/chatevent01/bath_c01.txt#60#12,体を洗うのって気持ち良いなぁ。,清洗身体真舒服呀。,translated,依恩,91ef8d3900,br=0 nl=0,1,
inc/event/res/chatevent01/bread001.txt#5#12,エビパンって、すごく凝った形だよね。,虾面包的造型真的很讲究呢。,translated,依恩,1f8befe4a9,br=0 nl=0,1,
inc/event/res/chatevent01/bread001.txt#6#12,このエビのヒゲなんか、なかなかの出来だよ。,这个虾须的部位，做得很不错呢。,translated,依恩,8e25ad8c25,br=0 nl=0,1,
inc/event/res/chatevent01/bread001.txt#7#12,って、自分で褒めてもしょうがないよね。,不过，自己夸自己也没什么用就是了。,translated,依恩,f20c7b3205,br=0 nl=0,1,
inc/event/res/chatevent01/bread001.txt#8#12,"このヒゲ、カリカリに焼けてて
良い感じだよぉ。","这个虾须烤得脆脆的，
感觉真不错呢。",translated,依恩,f5d8848733,br=0 nl=1,2,
inc/event/res/chatevent01/bread001.txt#9#12,"ふわふわの中身に、カリカリのヒゲ、
まさに食感のハーモニーだよ。","松软的内部加上酥脆的虾须，
简直就是口感的交响曲呢。",translated,依恩,a5cabc3a7a,br=0 nl=1,2,
inc/event/res/chatevent01/bread001.txt#11#12,エビパンって、普通のパンなんだよね。,虾面包其实就是普通的面包呢。,translated,依恩,a5ef54d2c4,br=0 nl=0,1,
inc/event/res/chatevent01/bread001.txt#12#12,"エビも入ってないし、
エビの味もしないし……
でも、ふわふわなパンは最高だね。","既没放虾，
也没有虾的味道……
不过松软的面包最棒了呢。",translated,依恩,f7f0a01bc4,br=0 nl=2,3,
inc/event/res/chatevent01/bread001.txt#13#12,このもちもち感、最・高・です！,这种筋道软糯的口感，太・棒・了！,translated,依恩,d4cbebd7c8,br=0 nl=0,1,
inc/event/res/chatevent01/bread001.txt#14#12,"んー、今度、エビの味がするように
アレンジしてみようかなぁ……？","嗯――下次试着做点改良，
让它尝起来有虾的味道怎么样呢……？",translated,依恩,24518d9185,br=0 nl=1,2,
inc/event/res/chatevent01/bread001.txt#15#12,"でも、エビの味がするパンって、
あんまり想像できないよぉ。","但是尝起来有虾味的面包，
实在不太想象得出来呢。",translated,依恩,01fba99f8a,br=0 nl=1,2,
inc/event/res/chatevent01/bread001.txt#17#12,エビパンって、子供に大人気みたい。,虾面包在小孩子中间好像超受欢迎的。,translated,依恩,c9199025b6,br=0 nl=0,1,
inc/event/res/chatevent01/bread001.txt#18#12,レシピにそう書いてあったんだよ。,食谱上是这么写的哦。,translated,依恩,be035161a5,br=0 nl=0,1,
inc/event/res/chatevent01/bread001.txt#19#12,確かに、子供に好かれそうな味だもんね。,确实是小孩子会很喜欢的味道嘛。,translated,依恩,36a27d0df7,br=0 nl=0,1,
inc/event/res/chatevent01/bread001.txt#20#12,"わたしもエビパンって大好きなの。
ついつい、食べちゃうんだぁ。","我也非常喜欢虾面包。
不知不觉就会吃个不停呢。",translated,依恩,2baf49d3d9,br=0 nl=1,2,
inc/event/res/chatevent01/bread001.txt#21#12,"あ、で、でも、勘違いしないでね。
わたしが子供っぽい訳じゃないよ？
本当だからね？","啊，但、但是可别误会哦。
我可不是小孩子气哦？
这是真的哦？",translated,依恩,e71aa80c6a,br=0 nl=2,3,
inc/event/res/chatevent01/bread001.txt#23#12,エビエビ～♪　パンパン～♪,虾仁虾仁～♪　面包面包～♪,translated,依恩,ef65c0e80f,br=0 nl=0,1,
inc/event/res/chatevent01/bread001.txt#24#12,エビパンの歌を歌ってみました！,我试着唱了虾面包之歌！,translated,依恩,188a7d0426,br=0 nl=0,1,
inc/event/res/chatevent01/bread001.txt#25#12,"歌いながら食べるのはお行儀悪いけど、
たまにはルンルンしながら
味わうのもいいよね。","边唱边吃虽然不太礼貌，
但偶尔像这样欢快地品尝
也挺不错的吧。",translated,依恩,78f62dd358,br=0 nl=2,3,
inc/event/res/chatevent01/bread001.txt#26#12,えび～えび～、えーびーぱーん♪,大虾～大虾～，虾～面～包～♪,translated,依恩,9d489363c2,br=0 nl=0,1,
inc/event/res/chatevent01/bread001.txt#28#12,わたしね、ふと思ったんだけど……。,我呢，突然想到一件事……,translated,依恩,48dbe1c28b,br=0 nl=0,1,
inc/event/res/chatevent01/bread001.txt#29#12,エビパンの色は地味な気がするの。,总觉得虾面包的颜色有点朴素呢。,translated,依恩,cbc988d87c,br=0 nl=0,1,
inc/event/res/chatevent01/bread001.txt#30#12,"まあ、普通のパンなんだから、
当たり前なんだけど、
ちょっと物足りないような気がしない？","嘛，毕竟是普通的面包，
这也是理所当然的，
但不觉得稍微缺点什么吗？",translated,依恩,20ac013e4a,br=0 nl=2,3,
inc/event/res/chatevent01/bread001.txt#31#12,"だからね、何かトッピングするとか、
中にチョコを混ぜてみるとか、
ちょっと工夫してみてもいいよね。","所以呢，加点配料装饰一下，
或者在里面混入巧克力之类的，
稍微花点心思也不错呢。",translated,依恩,cac84c7e93,br=0 nl=2,3,
inc/event/res/chatevent01/bread002.txt#5#12,"甘いものを食べると
自然と笑顔になっちゃうよぉ。","一吃甜食就会自然而然地
露出笑容来呢。",translated,依恩,971b7af1e7,br=0 nl=1,2,
inc/event/res/chatevent01/bread002.txt#6#12,"生クリームを食べると
女の子は幸せになれるのです。","女孩子只要吃鲜奶油
就会变得幸福的。",translated,依恩,6d7983925a,br=0 nl=1,2,
inc/event/res/chatevent01/bread002.txt#7#12,"果物の酸味がクリームの甘さを引き立てて
もう、何個でも食べられちゃうよ。","水果的酸味衬托出奶油的香甜，
让人忍不住能吃好几个呢。",translated,依恩,def378f349,br=0 nl=1,2,
inc/event/res/chatevent01/bread002.txt#8#12,"でも、すっごく甘いから
食べ過ぎないようにしないとね。","不过因为超级甜，
可得注意别吃太多了呢。",translated,依恩,870c883273,br=0 nl=1,2,
inc/event/res/chatevent01/bread002.txt#9#12,"甘いものは女の子の大好物だけど、
カロリーは天敵だもんね。","甜食虽然是女孩子的最爱，
但卡路里可是天敌呢。",translated,依恩,5e385463a9,br=0 nl=1,2,
inc/event/res/chatevent01/bread002.txt#11#12,"んんー、何度食べても
この甘いジャムがたまらないよ。","嗯――不管吃多少次，
这种甜甜的果酱都让人欲罢不能呢。",translated,依恩,9fd361fbf4,br=0 nl=1,2,
inc/event/res/chatevent01/bread002.txt#12#12,"クリームも最高だけど、
ジャムの甘さも一級品だね。","奶油虽然最棒，
但果酱的香甜也是一流的呢。",translated,依恩,7a787cd09f,br=0 nl=1,2,
inc/event/res/chatevent01/bread002.txt#13#12,"クリームとジャムが
こんなにマッチするなんて大発見だよ。","奶油和果酱
竟然能这么搭，真是大发现呢。",translated,依恩,60b9381836,br=0 nl=1,2,
inc/event/res/chatevent01/bread002.txt#14#12,"これは世界中の人に教えてあげたいかも。
みんな大絶賛、間違いなしだよ。","真想把这个分享给全世界的人呢。
大家肯定都会赞不绝口的。",translated,依恩,84a5ec9722,br=0 nl=1,2,
inc/event/res/chatevent01/bread002.txt#15#12,"……あれ？　でもこれって確か、
甘すぎて人気が……。","……咦？不过我记得这个，
好像因为太甜了，人气有点……",translated,依恩,e1b6879652,br=0 nl=1,2,
inc/event/res/chatevent01/bread002.txt#16#12,"う、うん、わたしが魅力をみんなに
教えてあげれば平気だよね。","嗯、嗯，只要由我来向大家
传达它的魅力就没问题了吧。",translated,依恩,609998b4ad,br=0 nl=1,2,
inc/event/res/chatevent01/bread002.txt#18#12,"ミルキィウェイサンドって、
天の川みたいになっててかわいいんだよ。","银河三明治，
长得像银河一样好可爱呀。",translated,依恩,3b3c52113b,br=0 nl=1,2,
inc/event/res/chatevent01/bread002.txt#19#12,"なんか、ロマンチックな気分になるし、
甘いから気持ちも弾んじゃうね。","总觉得会让人有一种浪漫的心情，
而且因为很甜，心情也跟着雀跃起来呢。",translated,依恩,bf879127d4,br=0 nl=1,2,
inc/event/res/chatevent01/bread002.txt#20#12,"わたしね、ミルキィウェイサンドを
食べながら目を閉じると、
天の川を感じられる気がするの……。","我呢，只要一边吃着银河三明治
一边闭上眼睛，
就仿佛能够感受到银河似的……",translated,依恩,ff25e90325,br=0 nl=2,3,
inc/event/res/chatevent01/bread002.txt#21#12,"なんてね、えへへ、ちょっと
恥ずかしいこと言っちゃったね。","开玩笑啦，诶嘿嘿，
说了有点不好意思的话呢。",translated,依恩,45c9fcfddf,br=0 nl=1,2,
inc/event/res/chatevent01/bread002.txt#23#12,"今思うと、わたしってけっこう
ミルキィウェイサンドを食べてるよね？","仔细想想，我好像经常在吃
银河三明治呢？",translated,依恩,13b1c235d6,br=0 nl=1,2,
inc/event/res/chatevent01/bread002.txt#24#12,"すごく美味しいし、
何度も食べたいんだけど、
ちょっと……カロリーが気になる、かな。","虽然超级好吃，
也想经常吃，
但稍微……有点在意卡路里呢。",translated,依恩,136cb8b1d0,br=0 nl=2,3,
inc/event/res/chatevent01/bread002.txt#25#12,ううー、食べたいけど、食べたくないよー。,呜呜――想吃，但又不想吃呀――,translated,依恩,6ed00aae06,br=0 nl=0,1,
inc/event/res/chatevent01/bread002.txt#26#12,"自分でも変な事言ってるって
分かってるけど、今の正直な気持ちだよ。","虽然我也知道自己说的话很奇怪，
但这就是我现在的真实想法嘛。",translated,依恩,75ae602a2f,br=0 nl=1,2,
inc/event/res/chatevent01/bread002.txt#28#12,"なんだか、甘いクリームを感じると
ああ……これこれ♪　って思うよね。","总觉得一尝到甜甜的奶油，
就会觉得“啊……就是这个味♪”呢。",translated,依恩,d0be9582fa,br=0 nl=1,2,
inc/event/res/chatevent01/bread002.txt#29#12,やっぱり甘いものは食べると幸せになれるよ。,果然只要吃甜食就会让人变幸福呢。,translated,依恩,ee9d473774,br=0 nl=0,1,
inc/event/res/chatevent01/bread002.txt#30#12,嫌な気持ちもどこかに吹き飛んじゃうね。,不开心的事情也会一扫而空呢。,translated,依恩,179cf61fe1,br=0 nl=0,1,
inc/event/res/chatevent01/bread002.txt#31#12,"あなたも、疲れた時や嫌な気持ちの時は
ぜひ、このミルキィウェイサンドを
食べてみて。","你在疲惫或是心情不好的时候，
也一定要尝尝
这个银河三明治哦。",translated,依恩,9974398a0c,br=0 nl=2,3,
inc/event/res/chatevent01/bread003.txt#4#12,"ステキサンド！って、見た目だけじゃなくて
味も本当にステキだよね。","极妙三明治！不仅是外观，
味道也真的很绝妙呢。",translated,依恩,3b0d35d794,br=0 nl=1,2,
inc/event/res/chatevent01/bread003.txt#5#12,"ステーキとステキをかけたダジャレから
生まれた料理とは思えないよ。","真不敢相信这是因为牛排和极妙的
谐音冷笑话而诞生的料理呢。",translated,依恩,76ed093963,br=0 nl=1,2,
inc/event/res/chatevent01/bread003.txt#6#12,"……まあ、ダジャレのセンスとしては
ステキかどうかは微妙だけどね。","……嘛，作为谐音冷笑话的水平来说，
算不算绝妙就见仁见智啦。",translated,依恩,efbfae4b8a,br=0 nl=1,2,
inc/event/res/chatevent01/cha_mas00.txt#8#12,"……たまには、ちょっとおしゃれな格好で
お出かけしたいな。","……偶尔也想穿一身时髦的衣服
出门去呢。",translated,依恩,9b0d8fd9c8,br=0 nl=1,2,
inc/event/res/chatevent01/cha_mas00.txt#9#12,"って、その前におしゃれな服を
作らないといけないね、えへへ……。","等等，在那之前得先做出
时髦的衣服才行呢，诶嘿嘿……",translated,依恩,e60ebd5dfb,br=0 nl=1,2,
inc/event/res/chatevent01/cha_mas00.txt#11#12,"わたし、この部屋で一人暮らししてるのに、
未だに家事に慣れないの。","我虽然在这个房间里独自生活，
但至今还是不太习惯做家务呢。",translated,依恩,24a3178d85,br=0 nl=1,2,
inc/event/res/chatevent01/cha_mas00.txt#12#12,家事の才能、無いのかなぁ？,难道我没有做家务的才能吗？,translated,依恩,133c4c7d6e,br=0 nl=0,1,
inc/event/res/chatevent01/cha_mas00.txt#14#12,"……わたしの部屋、
あんまり女の子らしい物がないよね？","……我的房间里，
好像没什么女孩子气的东西对吧？",translated,依恩,02e1693aab,br=0 nl=1,2,
inc/event/res/chatevent01/cha_mas00.txt#15#12,"あまりそういうものに興味がもてないの。
ちょっと、ガッカリさせちゃったかな？","我不太对那些东西感兴趣呢。
我是不是让你有点失望了呢？",translated,依恩,6d1fe3546f,br=0 nl=1,2,
inc/event/res/chatevent01/cha_mas00.txt#17#12,わたし、ちょっと家の中に居過ぎかも。,我可能在家里待得有点太久了。,translated,依恩,1f97227a45,br=0 nl=0,1,
inc/event/res/chatevent01/cha_mas00.txt#18#12,外でできる趣味も作ろうかな？,要不要培养一些能在室外进行的爱好呢？,translated,依恩,907011693f,br=0 nl=0,1,
inc/event/res/chatevent01/cha_mas00.txt#19#12,"で、でも、そうなるとあなたが来ても、
気づけないよね？","但、但是那样的话就算你来了，
我也注意不到对吧？",translated,依恩,24c7c544be,br=0 nl=1,2,
inc/event/res/chatevent01/cha_mas00.txt#20#12,……やっぱり、今のままでいいかな。,……果然，还是保持现状就好吧。,translated,依恩,1fe6ce4c46,br=0 nl=0,1,
inc/event/res/chatevent01/cha_mas00.txt#22#12,"い、今更だけど、やっぱり女の子の
一人暮らしって、物騒……だよね？","虽、虽然事到如今才说，但女孩子
一个人生活果然还是……不太安全对吧？",translated,依恩,b1c50e3b69,br=0 nl=1,2,
inc/event/res/chatevent01/cha_mas00.txt#23#12,"大丈夫だとは思うけど、
何か準備とかしておいた方がいいのかな？","虽然觉得应该没事，
但我是不是做点什么准备比较好呢？",translated,依恩,0022c67a7b,br=0 nl=1,2,
inc/event/res/chatevent01/cha_mas00.txt#25#12,"へ、変なこと聞くかも知れないけど、
笑わないでね？","我、我可能会问一些奇怪的事，
你可别笑我哦？",translated,依恩,0d53a42cfe,br=0 nl=1,2,
inc/event/res/chatevent01/cha_mas00.txt#26#12,"家の中で一人でいると、
時々、誰かがいるような気配を
感じたりすることってない？","一个人待在家里的时候，
偶尔会不会觉得
好像隐约有其他人在的气息？",translated,依恩,1c6a8b4bca,br=0 nl=2,3,
inc/event/res/chatevent01/cha_mas00.txt#27#12,"気のせいなのはわかってるけど、
やっぱり怖いよね？","虽然知道是心理作用，
但果然还是很吓人对吧？",translated,依恩,58c87c7b54,br=0 nl=1,2,
inc/event/res/chatevent01/cha_mas00.txt#29#12,"そ、そういえばわたし、この生活を
始めてから体調を崩したことないかも。","说、说起来，我自从开始这种生活之后，
好像从来没有生过病呢。",translated,依恩,b95a776a94,br=0 nl=1,2,
inc/event/res/chatevent01/cha_mas00.txt#30#12,……わたしって、丈夫な体なのかな？,……我的身体其实很结实吗？,translated,依恩,57acc5f538,br=0 nl=0,1,
inc/event/res/chatevent01/cha_mas00.txt#32#12,"自分の誕生日を思い出せないのって、
ちょっと寂しいかも。","想不起自己的生日，
稍微觉得有点寂寞呢。",translated,依恩,f41c600033,br=0 nl=1,2,
inc/event/res/chatevent01/cha_mas00.txt#33#12,"だって、誕生日ケーキ食べれないでしょ？
もう勝手に自分の誕生日決めちゃおうかな？","毕竟，都没法吃生日蛋糕了嘛。
干脆我自己随便定一个生日好啦？",translated,依恩,ecfbe88b9b,br=0 nl=1,2,
inc/event/res/chatevent01/cha_mas00.txt#35#12,"……わたしね、最近、早寝早起きに
なってきたかも。","……我呢，最近好像变得
早睡早起了呢。",translated,依恩,e49cd7be39,br=0 nl=1,2,
inc/event/res/chatevent01/cha_mas00.txt#36#12,"あなたに会う前は一人ぼっちだったから、
起きるのも寝るのも、結構適当だったの。","在遇到你之前我都是孤零零一个人，
起床和睡觉都挺随随便便的。",translated,依恩,9af9846419,br=0 nl=1,2,
inc/event/res/chatevent01/cha_mas00.txt#37#12,"時間を合わせられる人がいるのって、
ちょっと嬉しいな。","能有一个可以互相配合时间的人在，
稍微觉得挺开心的呢。",translated,依恩,0f64be4e4a,br=0 nl=1,2,
inc/event/res/chatevent01/cha_mas00.txt#39#12,たまには、丸一日外で過ごしてみたいなぁ。,偶尔也想在外面度过一整天呢。,translated,依恩,da89bc1a80,br=0 nl=0,1,
inc/event/res/chatevent01/cha_mas00.txt#40#12,"でも、一日楽しめるような場所が
無いのが問題だよね。","但是，没有能让我玩上一整天的地方
是个大问题呢。",translated,依恩,18069979cc,br=0 nl=1,2,
inc/event/res/chatevent01/cha_mas00.txt#41#12,"さすがに、丸一日散歩っていうのは
寂しい気がするし……。","散上一整天的步，
怎么想都觉得有点落寞呢……",translated,依恩,8de4ad57ee,br=0 nl=1,2,
inc/event/res/chatevent01/cha_mas00.txt#43#12,"あ、あの……機会があったら……ね。
一度、外食ってしてみたいの。","那、那个……如果有机会的话……呢。
我想尝试一次在外面餐馆吃饭。",translated,依恩,f6aa55eb94,br=0 nl=1,2,
inc/event/res/chatevent01/cha_mas00.txt#44#12,"近くにそういうお店が無いから、
さすがに無理かな～……。","附近没有那样的店，
果然还是奢望吧～……",translated,依恩,1dc0fbbc2e,br=0 nl=1,2,
inc/event/res/chatevent01/cha_mas00.txt#46#12,"最近お料理もするようになったから、
冷蔵庫を大きくしたいなぁ。","最近我也开始做料理了，
好想把冰箱换个大一点的呀。",translated,依恩,1ca82724e5,br=0 nl=1,2,
inc/event/res/chatevent01/cha_mas00.txt#47#12,"そうすれば、沢山材料を入れておけるし、
沢山作って保存もできるしね。","那样的话，既能放很多食材，
也能做很多菜保存起来呢。",translated,依恩,913acdd687,br=0 nl=1,2,
inc/event/res/chatevent01/cha_mas00.txt#49#12,"あ、あのね、最近、うちの庭に
野良猫が遊びに来るの。","啊、那个呢，最近常有一只野猫
会来我们家院子里玩哦。",translated,依恩,f44593d6af,br=0 nl=1,2,
inc/event/res/chatevent01/cha_mas00.txt#50#12,"日向ぼっこしてコロコロ転がったりしてて、
凄く可愛いんだよ。","一边晒太阳一边滚来滚去的，
超级可爱呢。",translated,依恩,e165b8c836,br=0 nl=1,2,
inc/event/res/chatevent01/cha_mas00.txt#51#12,"ああいう姿を見ちゃうと、
やっぱり飼いたくなっちゃうよね？","一看到那样的姿态，
果然就会忍不住想养一只对吧？",translated,依恩,265a11e1a2,br=0 nl=1,2,
inc/event/res/chatevent01/cha_mas00.txt#53#12,"焼きたてのパンと、コーヒーの香り。
ベーコンエッグとかもいいな。","刚出炉的面包，还有咖啡的香气。
培根煎蛋之类的也很棒呢。",translated,依恩,1a4c0d2297,br=0 nl=1,2,
inc/event/res/chatevent01/cha_mas00.txt#54#12,"そんな匂いに気づいて目覚める朝って、
凄く理想的だよね。","伴随着那样的香气醒来的早晨，
真的非常理想呢。",translated,依恩,f3b8c6ff59,br=0 nl=1,2,
inc/event/res/chatevent01/cha_mas00.txt#55#12,"一人暮らしのわたしには、
夢のまた夢だけど……。","对于一个人生活的我来说，
简直是遥不可及的梦想就是了……",translated,依恩,81a4de36b4,br=0 nl=1,2,
inc/event/res/chatevent01/cha_mas01.txt#10#12,"う～ん、
改めて見てもやっぱり不思議だよね。","唔――
重新仔细看看果然很不可思议呢。",translated,依恩,b116e138b3,br=0 nl=1,2,
inc/event/res/chatevent01/cha_mas01.txt#11#12,一体どうやって繋がっているんだろう……。,到底是怎么连接在一起的呢……,translated,依恩,6347d1f4a1,br=0 nl=0,1,
inc/event/res/chatevent01/cha_mas01.txt#13#12,こんなにお話したの始めてかも……。,像这样聊了这么多，可能还是第一次呢……,translated,依恩,b82eed1818,br=0 nl=0,1,
inc/event/res/chatevent01/cha_mas01.txt#14#12,"よかったら、
これからもたくさんお話しようね。","如果可以的话，
今后也要多和我聊聊天哦。",translated,依恩,cf21b07793,br=0 nl=1,2,
inc/event/res/chatevent01/cha_mas01.txt#16#12,"ただお話しているだけなのに、
不思議と元気が出てくる……。","明明只是在普普通通地聊天，
不可思议地就涌出了力气……",translated,依恩,ba984ad5a1,br=0 nl=1,2,
inc/event/res/chatevent01/cha_mas01.txt#17#12,"誰かと一緒にいるのって、
こんなにも力になるんだね。","能有谁陪伴在身边，
竟然能成为这么大的动力呢。",translated,依恩,49dd693ce0,br=0 nl=1,2,
inc/event/res/chatevent01/cha_mas01.txt#19#12,"この端末一つで会話をしたり、
想いを伝えたり……。","仅仅靠这一台终端机就能互相交谈、
传达心意……",translated,依恩,185b9aba75,br=0 nl=1,2,
inc/event/res/chatevent01/cha_mas01.txt#20#12,"自分で言うことじゃないかもしれないけど、
よく直せたなって思うよ。","虽然由我自己说可能不太合适，
但我真觉得自己修得挺好的呢。",translated,依恩,047b2322df,br=0 nl=1,2,
inc/event/res/chatevent01/cha_mas01.txt#22#12,"小腹がすいたときのグルメイトは
すごく便利なの。","肚子有点饿的时候，美食伴侣
真的是非常方便呢。",translated,依恩,d606fee002,br=0 nl=1,2,
inc/event/res/chatevent01/cha_mas01.txt#23#12,"お腹も膨らむし、栄養補給もできる。
まさに万能食品だよ。","既能填饱肚子，又能补充营养。
简直就是万能食品呢。",translated,依恩,2596052a30,br=0 nl=1,2,
inc/event/res/chatevent01/cha_mas01.txt#25#12,"何かに挑戦しようって気持ちが
最近強くなってきてるの。","想要去挑战点什么的心情，
最近越来越强烈了呢。",translated,依恩,14f2339def,br=0 nl=1,2,
inc/event/res/chatevent01/cha_mas01.txt#26#12,どうしてだろう？,这是为什么呢？,translated,依恩,ab608ae951,br=0 nl=0,1,
inc/event/res/chatevent01/cha_mas01.txt#28#12,"これまでは何をしても、
あんまりうまくいかなかったんだけど、
最近は調子がいいみたい。","以前不管做什么事情，
都不是很顺利，
但最近状态好像很不错呢。",translated,依恩,1b6c234489,br=0 nl=2,3,
inc/event/res/chatevent01/cha_mas01.txt#29#12,これもあなたのおかげなのかな？,这也是多亏了你吗？,translated,依恩,c3a3701141,br=0 nl=0,1,
inc/event/res/chatevent01/cha_mas01.txt#31#12,"あなたとお話しするようになってから、
なんか不思議な感じがするの。","自从开始和你聊天之后，
总觉得有种不可思议的感觉呢。",translated,依恩,4cd2760e22,br=0 nl=1,2,
inc/event/res/chatevent01/cha_mas01.txt#32#12,"これまでとは違う何かを
たくさんあなたからもらってるみたい。","感觉从你那里收获了许多
与以往截然不同的东西呢。",translated,依恩,21a1ef9b73,br=0 nl=1,2,
inc/event/res/chatevent01/cha_mas01.txt#34#12,"子供たちにすごく人気の飲み物が
あるんだって。","听说有一种在小孩子们中间
超级受欢迎的饮品呢。",translated,依恩,907bc823cd,br=0 nl=1,2,
inc/event/res/chatevent01/cha_mas01.txt#35#12,一体どんな飲み物なんだろうね。,究竟会是怎样的饮品呢。,translated,依恩,26a35cf4f4,br=0 nl=0,1,
inc/event/res/chatevent01/cha_mas01.txt#37#12,"前に森で不思議な色をしたキノコを
見つけたの……。",之前在森林里发现了一种颜色很奇特的蘑菇……,translated,依恩,0ce5ee555b,br=0 nl=1,2,
inc/event/res/chatevent01/cha_mas01.txt#38#12,"見るからに毒がありそうだったんだけど、
調べてみたら食べれるんだって。","虽然看起来明显像是有毒的样子，
但查了一下发现居然能吃呢。",translated,依恩,fdb3ed2a45,br=0 nl=1,2,
inc/event/res/chatevent01/cha_mas01.txt#39#12,"毒がないからって、
あれはちょっと食べたくないかも……。","就算没有毒，
那种东西我稍微有点不想吃呢……",translated,依恩,6e3f38812b,br=0 nl=1,2,
inc/event/res/chatevent01/cha_mas01.txt#41#12,"何度か見かけて飲んだことが
あるんだけど……。",我见过好几次也喝过几次……,translated,依恩,571e95945c,br=0 nl=1,2,
inc/event/res/chatevent01/cha_mas01.txt#42#12,森や山の湧き水ってすごくおいしいんだよ。,森林和山里的泉水真的超级好喝哦。,translated,依恩,fbaae80539,br=0 nl=0,1,
inc/event/res/chatevent01/cha_mas01.txt#44#12,"最近、あなたがすごく身近に感じるように
なって来たのかも……。","最近，或许开始觉得你
非常亲近了呢……",translated,依恩,5d34db57ee,br=0 nl=1,2,
inc/event/res/chatevent01/cha_mas01.txt#46#12,明日は何をしようかな……。,明天做些什么好呢……,translated,依恩,9ba667577e,br=0 nl=0,1,
inc/event/res/chatevent01/cha_mas01.txt#47#12,最近、次の日が楽しみなの。,最近，我很期待第二天的到来呢。,translated,依恩,7dd734bbbe,br=0 nl=0,1,
inc/event/res/chatevent01/cha_mas01.txt#49#12,"こうやって何気なくお話できる人がいると、
毎日が楽しいよね。","能有这样一个可以无拘无束聊天的人在，
每天都会很开心呢。",translated,依恩,5c5b404272,br=0 nl=1,2,
inc/event/res/chatevent01/cha_mas01.txt#50#12,"身近な人が一人いるだけで、
こんなにも違うんだね。","仅仅是多了一个亲近的人，
竟然会有这么大的不同呢。",translated,依恩,877069d924,br=0 nl=1,2,
inc/event/res/chatevent01/cha_mas01.txt#52#12,"森で変な形のキノコを見つけたんだけど、
あぁいうのを食べる人もいるのかな？","我在森林里发现了形状奇奇怪怪的蘑菇，
那种东西也会有人吃吗？",translated,依恩,f5413556b9,br=0 nl=1,2,
inc/event/res/chatevent01/cha_mas01.txt#53#12,"なんか足とか生えてたし、
わたしはちょっと嫌かも……。","感觉都长出脚来了，
我稍微有点接受不能呢……",translated,依恩,c504165764,br=0 nl=1,2,
inc/event/res/chatevent01/cha_mas01.txt#55#12,"なんか新しいことしてみようかな
って思うんだけど、良い案がないの。","总想着要不要试着做点新鲜事，
但又没什么好点子。",translated,依恩,41df579097,br=0 nl=1,2,
inc/event/res/chatevent01/cha_mas01.txt#56#12,もし面白い案とかあったら教えてね。,要是有什么有趣的建议记得告诉我哦。,translated,依恩,006d1ccc26,br=0 nl=0,1,
inc/event/res/chatevent01/cha_mas01.txt#58#12,農作業って、ちょっと面白そうだよね。,干农活好像还挺有趣的呢。,translated,依恩,f99bd9f722,br=0 nl=0,1,
inc/event/res/chatevent01/cha_mas01.txt#60#12,突然だけど、貯金はちゃんとしてる？,虽然有点突兀，你平时有好好存钱吗？,translated,依恩,2ff5baedde,br=0 nl=0,1,
inc/event/res/chatevent01/cha_mas01.txt#61#12,"本当に必要なときのために、
少しでもしておくといいよ。","为了真正需要的时候，
哪怕只有一点点，最好也存起来哦。",translated,依恩,150bd26bbc,br=0 nl=1,2,
inc/event/res/chatevent01/cha_mas01.txt#63#12,今日のあなた、なんかカッコイイね！,今天的你，感觉好帅气呢！,translated,依恩,13fc19bd95,br=0 nl=0,1,
inc/event/res/chatevent01/cha_mas01.txt#65#12,"前に犬のような猫のような、
不思議な動物を見たの。","之前我见到了像狗又像猫的、
一种很奇特的动物。",translated,依恩,3cc9f4274f,br=0 nl=1,2,
inc/event/res/chatevent01/cha_mas01.txt#66#12,"この世界には、まだまだ知らないことが
たくさんあるみたい。","在这个世界上，似乎还有许多
我所不知道的事情呢。",translated,依恩,3cd9d3c45f,br=0 nl=1,2,
inc/event/res/chatevent01/cha_mas01.txt#68#12,"エビっておいしいけど、
たまに虫っぽく見えるよね。","虾虽然很好吃，
但偶尔看起来很像虫子对吧。",translated,依恩,810c80d4c1,br=0 nl=1,2,
inc/event/res/chatevent01/cha_mas01.txt#70#12,前に変な虫が出たことあるんだけど……。,之前家里出现过奇怪的虫子……,translated,依恩,3f257677db,br=0 nl=0,1,
inc/event/res/chatevent01/cha_mas01.txt#71#12,"持ってたハンダごてを落としたり、
作り途中の物を壊しちゃったり……。","把拿在手里的电烙铁弄掉了，
还把正在做的东西给砸坏了……",translated,依恩,4331a5fd8b,br=0 nl=1,2,
inc/event/res/chatevent01/cha_mas01.txt#72#12,もう散々だったよ……。,当时简直是一团糟呢……,translated,依恩,84e5b66219,br=0 nl=0,1,
inc/event/res/chatevent01/cha_mas01.txt#74#12,"わたしはまだ見たことないんだけど、
七つの目を持つ魚がいるんだって。","虽然我自己还没见过，
但听说有一种长着七只眼睛的鱼呢。",translated,依恩,bb4af5e5ad,br=0 nl=1,2,
inc/event/res/chatevent01/cha_mas01.txt#75#12,"ちょっと不気味だけど、
少しだけ興味がそそられるよね。","虽然有点可怕，
但也稍微勾起了我的一点兴趣呢。",translated,依恩,109ace6985,br=0 nl=1,2,
inc/event/res/chatevent01/cha_mas01.txt#77#12,"お人形遊びをしてる子供って、
微笑ましいよね。","玩洋娃娃的小孩子，
看着真让人感到温馨呢。",translated,依恩,1c2f9e71c7,br=0 nl=1,2,
inc/event/res/chatevent01/cha_mas01.txt#78#12,あぁいうのって、なんか好きだな。,那样的事情，总觉得很喜欢呢。,translated,依恩,7f3720fd87,br=0 nl=0,1,
inc/event/res/chatevent01/cha_mas01.txt#80#12,あなたは健康に気をつけている？,你有在注意身体健康吗？,translated,依恩,b2c95e092a,br=0 nl=0,1,
inc/event/res/chatevent01/cha_mas01.txt#81#12,"病気とかになったら、
わたしだって心配なんだから、
ちゃんとしないとダメだよ？","要是生病了什么的，
我也是会担心的，
不好好注意可不行哦？",translated,依恩,cfc77d2d77,br=0 nl=2,3,
inc/event/res/chatevent01/cha_mas01.txt#83#12,ねりこさんの靴ってすごい形してるよね。,妮莉库小姐的鞋子形状真惊人呢。,translated,依恩,f698c75748,br=0 nl=0,1,
inc/event/res/chatevent01/cha_mas01.txt#84#12,"転んだりしないのか
ちょっと心配になるときがあるよ。","会不会摔倒呢，
偶尔会让我有点担心呢。",translated,依恩,29c54d9c96,br=0 nl=1,2,
inc/event/res/chatevent01/cha_mas01.txt#86#12,"始めから犯人がわかっているミステリーって
なんかすごく残念だよね。","从一开始就知道凶手的推理故事，
总觉得非常扫兴呢。",translated,依恩,2725130a17,br=0 nl=1,2,
inc/event/res/chatevent01/cha_mas01.txt#89#12,喫茶店って独特な雰囲気があるよね？,咖啡馆总有一种独特的氛围对吧？,translated,依恩,e84893f785,br=0 nl=0,1,
inc/event/res/chatevent01/cha_mas01.txt#90#12,いつかあなたと一緒に行けたらいいね。,要是哪天能和你一起去就好了呢。,translated,依恩,6c3bff560a,br=0 nl=0,1,
inc/event/res/chatevent01/cha_mas01.txt#92#12,"最近、次の日が楽しみで待ち遠しいの。
明日はどんなことがあるのかなぁ。","最近，我很期待明天的到来。
明天又会发生些什么呢。",translated,依恩,e5df601396,br=0 nl=1,2,
inc/event/res/chatevent01/cha_mas01.txt#94#12,最近、少しずつ物が増えてきてるね。,最近，东西好像一点点多起来了呢。,translated,依恩,b6d04c18cb,br=0 nl=0,1,
inc/event/res/chatevent01/cha_mas01.txt#95#12,散らかさないように、お掃除頑張らなきゃ。,为了不弄得乱七八糟，得努力打扫才行。,translated,依恩,dfb12b3dc7,br=0 nl=0,1,
inc/event/res/chatevent01/cha_mas01.txt#97#12,"一人より二人、二人より三人っていうけど、
わたしはあなたと二人で十分に楽しいよ。","虽然常说两个人胜过一个人，三个人胜过两个人，
但我和你两个人就已经足够开心了哦。",translated,依恩,776e46d90e,br=0 nl=1,2,
inc/event/res/chatevent01/cha_mas01.txt#99#12,"最近、なんとなく端末に目を向けることが
増えたような気がする。","最近，总觉得看向终端机的次数
不知不觉变多了呢。",translated,依恩,5014ec410f,br=0 nl=1,2,
inc/event/res/chatevent01/cha_mas01.txt#101#12,"最近、あなたが来ないと
なんかもの足りないって感じがするの。","最近要是你没来的话，
总觉得像缺点什么似的。",translated,依恩,bdf8fdfb82,br=0 nl=1,2,
inc/event/res/chatevent01/cha_mas01.txt#102#12,"たぶん、
それだけ仲良くなれたってことだよね。","大概，
这就是我们关系变好的证明吧。",translated,依恩,e5df777153,br=0 nl=1,2,
inc/event/res/chatevent01/cha_mas01.txt#104#12,"あの……ね。
わたし、あなたのことが……。","那、那个……呢。
我……关于你……",translated,依恩,b7b4626a55,br=0 nl=1,2,
inc/event/res/chatevent01/cha_mas01.txt#106#12,"っていうと、あなたがドキドキするって、
ねりこさんに聞いたんだけど……。","听妮莉库小姐说，这么说的话
就会让你心跳加速……",translated,依恩,b78614d7c5,br=0 nl=1,2,
inc/event/res/chatevent01/cha_mas01.txt#107#12,ドキドキ、したかな？,心跳……加速了吗？,translated,依恩,25e09fd197,br=0 nl=0,1,
inc/event/res/chatevent01/cha_mas01.txt#109#12,あなたって、どんな子がその……。,你喜欢什么样的女孩子，那个……,translated,依恩,24f8f6c33e,br=0 nl=0,1,
inc/event/res/chatevent01/cha_mas01.txt#110#12,ごめん、やっぱり気にしないで。,抱歉，果然还是别介意。,translated,依恩,5c886fe486,br=0 nl=0,1,
inc/event/res/chatevent01/cha_mas01.txt#112#12,そういえば最近、ねりこさんよく来るよね。,说起来最近，妮莉库小姐经常来呢。,translated,依恩,e5e915388c,br=0 nl=0,1,
inc/event/res/chatevent01/cha_mas01.txt#113#12,"わたしが部屋にいないときばっかりだけど、
前まではこんなに来なかったんだよ。","虽然全都是在我不在房间的时候，
但以前可从来没这么频繁地来过哦。",translated,依恩,fd888e6ddc,br=0 nl=1,2,
inc/event/res/chatevent01/cha_mas01.txt#114#12,"やっぱりねりこさんも、
あなたに興味があるのかな？","果然妮莉库小姐也
对你很感兴趣吗？",translated,依恩,039ded3493,br=0 nl=1,2,
inc/event/res/chatevent01/cha_mas01.txt#116#12,"それにしても、
なんとか泳げるようになれないかなぁ……。","话说回来，
我要是能学会游泳就好了呢……",translated,依恩,81ad69a5fd,br=0 nl=1,2,
inc/event/res/chatevent01/cha_mas01.txt#117#12,"あなたがこっちに来れたら、
コツとか教えてもらいたいくらいだよ。","要是你能来这边的话，
我都想让你教教我诀窍了呢。",translated,依恩,0de2f75406,br=0 nl=1,2,
inc/event/res/chatevent01/cha_mas01.txt#119#12,あなたと会ってから、もう何日経ったかな？,和你相遇之后，已经过去多少天了呢？,translated,依恩,264d785096,br=0 nl=0,1,
inc/event/res/chatevent01/cha_mas01.txt#120#12,"あんまり時間の感覚がないのは、
それだけ楽しかったからってことだよね。","之所以没什么时间概念，
肯定是因为过得太开心的缘故吧。",translated,依恩,8bcceb690d,br=0 nl=1,2,
inc/event/res/chatevent01/cha_mas01.txt#122#12,"一人でぼーっとしてる時間が、
最近は減ったような気がする。","独自一个人发呆的时间，
最近好像变少了呢。",translated,依恩,fb9b8dd379,br=0 nl=1,2,
inc/event/res/chatevent01/cha_mas01.txt#123#12,"やっぱり、あなたと出会って
色んなことをやるようになったからかな。","果然是因为遇见你之后，
开始尝试做各种各样的事情了吧。",translated,依恩,40aa8a5494,br=0 nl=1,2,
inc/event/res/chatevent01/cha_mas01.txt#125#12,"う～ん、ねりこさんには最近すごくお世話に
なってるような気がする。","唔――总觉得最近
受了妮莉库小姐好多照顾呢。",translated,依恩,a8b5a7fb05,br=0 nl=1,2,
inc/event/res/chatevent01/cha_mas01.txt#126#12,何かお礼とかした方がいいのかなぁ。,是不是该送点什么谢礼比较好呢。,translated,依恩,c5ea43e578,br=0 nl=0,1,
inc/event/res/chatevent01/cha_mas01.txt#128#12,"この前占いの本を読んだんだけど、
あぁいうのって意外と面白いよね。","前些天我看了占卜的书，
那种东西意外地挺有趣的呢。",translated,依恩,39fef781c0,br=0 nl=1,2,
inc/event/res/chatevent01/cha_mas01.txt#129#12,"機会があったら、
相性占いとかしてみよっか。","有机会的话，
我们要不要测测契合度占卜看看？",translated,依恩,37971693b8,br=0 nl=1,2,
inc/event/res/chatevent01/cha_mas01.txt#131#12,わたしの世界って、色んな物が落ちてるの。,我的这个世界里，到处散落着各种东西哦。,translated,依恩,71ac60ae23,br=0 nl=0,1,
inc/event/res/chatevent01/cha_mas01.txt#132#12,"だから掘り出し物が見つかることも
少なくないんだよ。","所以发现意外淘到宝的情况
也挺不少的呢。",translated,依恩,abc1687de1,br=0 nl=1,2,
inc/event/res/chatevent01/cha_mas01.txt#134#12,"わたしのこと、もっと知ってほしいし、
あなたのことをもっと知りたい。","我希望你能更多地了解我，
我也想更多地了解你。",translated,依恩,437c6f4551,br=0 nl=1,2,
inc/event/res/chatevent01/cha_mas01.txt#135#12,そしたらきっと、もっと仲良くなれよね。,那样的话一定能变得更加要好吧。,translated,依恩,8451dd341c,br=0 nl=0,1,
inc/event/res/chatevent01/cha_mas02.txt#2#12,風の強い日ってちょっと辛いよね。,刮大风的日子稍微有点难受呢。,translated,依恩,7128c5d701,br=0 nl=0,1,
inc/event/res/chatevent01/cha_mas02.txt#3#12,"飛んできた土が体に当たったり、
洗濯物が飛ばされたりで大変だよ。","飞过来的泥土打在身上，
洗好的衣服也会被吹跑，很麻烦呢。",translated,依恩,fd6f46fc36,br=0 nl=1,2,
inc/event/res/chatevent01/cha_mas02.txt#5#12,お話って不思議……。,聊天真的很不可思议……,translated,依恩,872303c198,br=0 nl=0,1,
inc/event/res/chatevent01/cha_mas02.txt#6#12,"何気ない会話で元気になったり、
落ち込んだり、ほんと面白いよね。","普普通通的闲聊就能让人打起精神，
或者感到低落，真的很神奇呢。",translated,依恩,4d6ed1afc1,br=0 nl=1,2,
inc/event/res/chatevent01/cha_mas02.txt#8#12,"こっちの世界にはいろんな生き物が
いるんだけど……。",这个世界里有着各种各样的生物……,translated,依恩,aae03bfdb4,br=0 nl=1,2,
inc/event/res/chatevent01/cha_mas02.txt#9#12,"小さかったり大きかったり、
見てると面白いよね。","有小小的，也有大大的，
看着真有趣呢。",translated,依恩,37c8ca806c,br=0 nl=1,2,
inc/event/res/chatevent01/cha_mas02.txt#11#12,"この世界には不思議な動物だけじゃなくて、
不思議な植物も多いんだって。","听说在这个世界上不仅有不可思议的动物，
不可思议的植物也很多呢。",translated,依恩,c97820863d,br=0 nl=1,2,
inc/event/res/chatevent01/cha_mas02.txt#12#12,一体どんなのがあるんだろうね。,究竟都有些什么样的植物呢。,translated,依恩,87d5a1c0cb,br=0 nl=0,1,
inc/event/res/chatevent01/cha_mas02.txt#14#12,"機械の部品は買ったり拾ってきたり、
いろんな方法で集めてるの。","机械零件有买来的也有捡来的，
我是通过各种各样的方法收集的哦。",translated,依恩,f972f65657,br=0 nl=1,2,
inc/event/res/chatevent01/cha_mas02.txt#15#12,"行ったことない場所に行けば、
もっと色々手に入るかも……。","要是去没去过的地方，
说不定能拿到更多好东西……",translated,依恩,cad3399ffa,br=0 nl=1,2,
inc/event/res/chatevent01/cha_mas02.txt#17#12,"寂しいと死んじゃう動物がいるって
知ってる？","你知道有些动物
一旦感到寂寞就会死掉吗？",translated,依恩,eb4c38699a,br=0 nl=1,2,
inc/event/res/chatevent01/cha_mas02.txt#18#12,"それだけで死んじゃうなんて、
ちょっとかわいそう……。本当なのかな？","光是因为寂寞就会死掉，
稍微有点可怜……是真的吗？",translated,依恩,f1d817afbf,br=0 nl=1,2,
inc/event/res/chatevent01/cha_mas02.txt#20#12,"お腹が空いてると、
集中力がなかなか上がらないの。","肚子饿的时候，
注意力无论如何都集中不起来呢。",translated,依恩,ce2de73e32,br=0 nl=1,2,
inc/event/res/chatevent01/cha_mas02.txt#21#12,"だからって満腹になると眠くなるから、
食事は適度に取るのが一番だよ。","不过吃太饱又会犯困，
所以饭量适中才是最好的哦。",translated,依恩,958462ff05,br=0 nl=1,2,
inc/event/res/chatevent01/cha_mas02.txt#23#12,"前に子供を連れた猫さんを見たことが
あるんだけど……。",之前我见过带着小猫的猫妈妈……,translated,依恩,8ccc4fb20a,br=0 nl=1,2,
inc/event/res/chatevent01/cha_mas02.txt#24#12,"子猫ってどうしてあんなに
かわいいんだろう。","小猫到底为什么
能那么可爱呢。",translated,依恩,2a6e645229,br=0 nl=1,2,
inc/event/res/chatevent01/cha_mas02.txt#26#12,"木の下を歩いてると見ることができる
木の葉から漏れる光……。","走在树下时能够看到的，
穿透树叶倾泻而下的光芒……",translated,依恩,bb7da21fe6,br=0 nl=1,2,
inc/event/res/chatevent01/cha_mas02.txt#27#12,たしか木漏れ日っていうんだっけ？,我记得是叫林间阳光对吧？,translated,依恩,7f63b82e81,br=0 nl=0,1,
inc/event/res/chatevent01/cha_mas02.txt#28#12,あれってすごく綺麗だよね。,那个看起来真的好美呢。,translated,依恩,67cb1f182e,br=0 nl=0,1,
inc/event/res/chatevent01/cha_mas02.txt#30#12,"最近、一人でいる時間が
ちょっと寂しいな……。","最近，独自一个人的时间
觉得稍微有点寂寞呢……",translated,依恩,b07b2e8e66,br=0 nl=1,2,
inc/event/res/chatevent01/cha_mas02.txt#31#12,少し前までは平気だったのに……。,明明不久前还觉得无所谓来着……,translated,依恩,6a00e2a2cc,br=0 nl=0,1,
inc/event/res/chatevent01/cha_mas02.txt#33#12,お話するのってすっごく楽しいね。,聊天真的超级开心呢。,translated,依恩,520f62cbf7,br=0 nl=0,1,
inc/event/res/chatevent01/cha_mas02.txt#34#12,もっと色々なことをお話したいな。,真想再多聊各种各样的事情呀。,translated,依恩,e94abca80a,br=0 nl=0,1,
inc/event/res/chatevent01/cha_mas02.txt#36#12,"真空管と基板と半田ごてがあれば、
暇になることはないよ。","只要有真空管、电路板和电烙铁，
就绝对不会觉得无聊哦。",translated,依恩,7217497f45,br=0 nl=1,2,
inc/event/res/chatevent01/cha_mas02.txt#37#12,もちろん、他の部品もほしいけどね……。,当然，其他零件也很想要就是了……,translated,依恩,6a4386bdca,br=0 nl=0,1,
inc/event/res/chatevent01/cha_mas02.txt#39#12,"お空の雲って、
たまに面白い形をしてるときがあるよね。","天上的云彩，
偶尔会有很有趣的形状呢。",translated,依恩,86c83751c6,br=0 nl=1,2,
inc/event/res/chatevent01/cha_mas02.txt#40#12,動物だったり食べ物だったり……。,有时像动物，有时像食物……,translated,依恩,94b9d14390,br=0 nl=0,1,
inc/event/res/chatevent01/cha_mas02.txt#41#12,"あぁいうのって、人によって見え方が
違うから面白いよね。","那种东西不同的人看会有不同的看法，
所以很有趣呢。",translated,依恩,b3574f2c9c,br=0 nl=1,2,
inc/event/res/chatevent01/cha_mas02.txt#43#12,"あんまり風が強いと土が飛んで
体に当たったりするでしょ？","风太大的话泥土会飞起来
打在身上对吧？",translated,依恩,fecb2bd6e6,br=0 nl=1,2,
inc/event/res/chatevent01/cha_mas02.txt#44#12,あれって意外と痛いよね。,那个意外地挺疼的呢。,translated,依恩,1291dd0cda,br=0 nl=0,1,
inc/event/res/chatevent01/cha_mas02.txt#46#12,"森を散歩してると、動物や木々の音が
声みたいに響いて気持ちいいよね。","在森林里散步时，动物和树木的声音
宛如呼唤般回荡，感觉很舒服呢。",translated,依恩,1405ca9c08,br=0 nl=1,2,
inc/event/res/chatevent01/cha_mas02.txt#47#12,"たまにのんびりしにいくと、
すごくリラックスできるの。","偶尔去悠闲放松一下，
能够超级舒缓心情的。",translated,依恩,38684f126b,br=0 nl=1,2,
inc/event/res/chatevent01/cha_mas02.txt#49#12,"あの……あなたさえよかったら
明日も来てほしいな……。","那个……只要你方便的话，
明天也希望你能来呢……",translated,依恩,927841b30b,br=0 nl=1,2,
inc/event/res/chatevent01/cha_mas02.txt#50#12,またたくさんお話しようよ。,还要再多聊聊天哦。,translated,依恩,8c3dcb4a92,br=0 nl=0,1,
inc/event/res/chatevent01/cha_mas02.txt#52#12,夜の星ってすごく綺麗だよね。,晚上的星星超级美丽呢。,translated,依恩,0022b5361a,br=0 nl=0,1,
inc/event/res/chatevent01/cha_mas02.txt#53#12,"星座とかあんまり知らなくても、
眺めてるだけで十分楽しめるよ。","即使不太懂星座之类的知识，
光是远远眺望着就足够开心啦。",translated,依恩,387960e436,br=0 nl=1,2,
inc/event/res/chatevent01/cha_mas02.txt#55#12,"運動不足なのかなぁ？
外に出ると疲れやすいような……。","难道是我运动不足吗？
一出门好像就很容易累……",translated,依恩,a594da208a,br=0 nl=1,2,
inc/event/res/chatevent01/cha_mas02.txt#57#12,"あなたと出会う前に、
外で迷子になりかけたことがあるの。","在和你相遇之前，
我曾经差点在外面迷路呢。",translated,依恩,2e02048a52,br=0 nl=1,2,
inc/event/res/chatevent01/cha_mas02.txt#58#12,あのときは本当にダメかと思ったよ……。,那时真的以为自己要完蛋了哦……,translated,依恩,e37c0bd0f5,br=0 nl=0,1,
inc/event/res/chatevent01/cha_mas02.txt#60#12,"この世界のどこかに、
しゃべる植物があるんだって。","听说在这个世界的某个地方，
有着会说话的植物呢。",translated,依恩,e9e492dae7,br=0 nl=1,2,
inc/event/res/chatevent01/cha_mas02.txt#61#12,もし本当なら一度見てみたいな。,要是真的有的话，真想亲眼见一次呢。,translated,依恩,d52372de10,br=0 nl=0,1,
inc/event/res/chatevent01/cha_mas02.txt#63#12,"端末を通してしかお話できないのに、
こうやっていつも来てくれるなんて……。","明明只能通过终端机来聊天，
你却像这样总是过来看我……",translated,依恩,bfa4e06604,br=0 nl=1,2,
inc/event/res/chatevent01/cha_mas02.txt#64#12,えへへ、ありがとう。なんか嬉しいよ。,诶嘿嘿，谢谢你。总觉得好高兴哦。,translated,依恩,1d7dc9fffd,br=0 nl=0,1,
inc/event/res/chatevent01/cha_mas02.txt#66#12,"何をやってもうまくいかないときは、
お散歩をすると考えがまとまったり、
頭の中がスッキリするの。","不管做什么都不顺手的时候，
去散个步就能理清思路，
脑袋里也会变得清清爽爽的呢。",translated,依恩,c2c38261f4,br=0 nl=2,3,
inc/event/res/chatevent01/cha_mas02.txt#67#12,よかったら、あなたも試してみてね。,可以的话，你也试一试吧。,translated,依恩,89b08b44af,br=0 nl=0,1,
inc/event/res/chatevent01/cha_mas02.txt#69#12,あなたって何か頑張ってることあるのかな？,你平时有什么在努力坚持的事情吗？,translated,依恩,cf3e8bb76a,br=0 nl=0,1,
inc/event/res/chatevent01/cha_mas02.txt#70#12,"そういうのがあると、
毎日にメリハリがついていいらしいよ。","听说只要有那种事情，
每天的生活就会过得充实有节奏哦。",translated,依恩,5829510b14,br=0 nl=1,2,
inc/event/res/chatevent01/cha_mas02.txt#72#12,これ終わったら、次はどうしようかな～。,忙完这个之后，接下来该做什么好呢～。,translated,依恩,8b58c5ed2a,br=0 nl=0,1,
inc/event/res/chatevent01/cha_mas02.txt#73#12,少しのんびりしてみるのもいいかも。,稍微悠闲放松一下或许也不错呢。,translated,依恩,c0a938c11a,br=0 nl=0,1,
inc/event/res/chatevent01/cha_mas02.txt#75#12,あなたって、ちょっと変わってるよね……。,你这个人，稍微有点古怪呢……,translated,依恩,aa65eea2cd,br=0 nl=0,1,
inc/event/res/chatevent01/cha_mas02.txt#76#12,"あっ！　勘違いしないで！
悪い意味でってことじゃないよ？","啊！可别误会！
我并不是贬义哦？",translated,依恩,dddf4a34c9,br=0 nl=1,2,
inc/event/res/chatevent01/cha_mas02.txt#78#12,こっちの世界って色んな植物があるんだよ。,这边的世界有很多各种各样的植物哦。,translated,依恩,44b9f7b668,br=0 nl=0,1,
inc/event/res/chatevent01/cha_mas02.txt#79#12,"甘酸っぱいのとか、ステーキみたいに
ジューシーなのとか……。","有酸甜可口的，也有像牛排一样
鲜嫩多汁的……",translated,依恩,aaa2c4f107,br=0 nl=1,2,
inc/event/res/chatevent01/cha_mas02.txt#80#12,なんか面白いよね。,总觉得挺有意思的呢。,translated,依恩,b199b0ce15,br=0 nl=0,1,
inc/event/res/chatevent01/cha_mas02.txt#82#12,"小さい部品って、気が付かないうちに
なくなってるから困るよね。","小零件总是在不经意间
就不见了，真的很让人头疼呢。",translated,依恩,24d73810c6,br=0 nl=1,2,
inc/event/res/chatevent01/cha_mas02.txt#84#12,"雨ばっかり降ってると、
なんか憂鬱になっちゃうよね。","要是雨下一整天的话，
总觉得心情也会变得很郁闷呢。",translated,依恩,c33a76b279,br=0 nl=1,2,
inc/event/res/chatevent01/cha_mas02.txt#86#12,"あなたと出会ってから、
いろんな楽しみが増えたような気がする。","自从和你相遇之后，
总觉得各种各样的乐趣都增加了呢。",translated,依恩,48fd2b035a,br=0 nl=1,2,
inc/event/res/chatevent01/cha_mas02.txt#88#12,急な雨でビショビショになったことない？,你有没有被突如其来的大雨淋成落汤鸡过？,translated,依恩,91193a0d4c,br=0 nl=0,1,
inc/event/res/chatevent01/cha_mas02.txt#89#12,天気ってほんと気紛れだよね。,天气这东西真的很任性呢。,translated,依恩,1c09ed7aef,br=0 nl=0,1,
inc/event/res/chatevent01/cha_mas02.txt#91#12,"じめじめしているときって、
空気がまとわりつく感じがして、
少し気持ち悪いよね。","潮湿闷热的时候，
总觉得空气黏糊糊地缠在身上，
稍微有点不舒服呢。",translated,依恩,d30f9fb953,br=0 nl=2,3,
inc/event/res/chatevent01/cha_mas02.txt#93#12,"鍛冶のときに使うカナヅチって、
なんとなく親近感が湧くときがあるの……。","打铁时用的铁锤，
有时不知为何会让我感到特别亲切呢……",translated,依恩,ef487c737e,br=0 nl=1,2,
inc/event/res/chatevent01/cha_mas02.txt#94#12,ある意味で同じだからかなぁ……。,难道是因为在某种意义上是一样的吗……,translated,依恩,f26c8d1e19,br=0 nl=0,1,
inc/event/res/chatevent01/cha_mas02.txt#96#12,"毎日が良い天気だったら、
色々と楽でいいのになぁ……。","如果每天都是好天气的话，
很多事情就轻松多啦……",translated,依恩,6caf2ace76,br=0 nl=1,2,
inc/event/res/chatevent01/cha_mas02.txt#98#12,"今日少しだけ筋肉痛なの。
昨日頑張りすぎちゃったかな……。","今天稍微有点肌肉酸痛呢。
是昨天太拼命了吗……",translated,依恩,f0e086bd29,br=0 nl=1,2,
inc/event/res/chatevent01/cha_mas02.txt#100#12,"何かに夢中になってると
つい時間を忘れちゃうよね。","一旦专注于某件事，
就会不知不觉忘记时间呢。",translated,依恩,b2efbbf9d7,br=0 nl=1,2,
inc/event/res/chatevent01/cha_mas02.txt#102#12,"落ち込んでいるとき、
真空管の光を見ると落ち着くの。","心情低落的时候，
只要看着真空管的光芒就能平静下来。",translated,依恩,5238c6cf43,br=0 nl=1,2,
inc/event/res/chatevent01/cha_mas02.txt#103#12,あなたにもそういうのってないかな？,你也会有类似这样的习惯吗？,translated,依恩,c4be2cf302,br=0 nl=0,1,
inc/event/res/chatevent01/cha_mas02.txt#105#12,"水の流れる音って心地いいよね。
たまにぼ～っと聞いていたくなるよ。","潺潺流水的声音让人很舒服呢。
偶尔会想呆呆地听上一会儿呢。",translated,依恩,0747b0385b,br=0 nl=1,2,
inc/event/res/chatevent01/cha_mas02.txt#107#12,"お腹がペコペコだと集中できない。
けど、食べ過ぎると体重が……。","肚子咕咕叫的话就没法集中注意力。
可是吃太多的话体重又会……",translated,依恩,f953cd4eb9,br=0 nl=1,2,
inc/event/res/chatevent01/cha_mas02.txt#108#12,難しい問題だよね。,真是个难解的难题呢。,translated,依恩,99b7c6af6a,br=0 nl=0,1,
inc/event/res/chatevent01/cha_mas02.txt#110#12,"危険な薬品を使ってるときって
ドキドキするよね。","使用危险药剂的时候
总会让人心惊肉跳呢。",translated,依恩,4477a07878,br=0 nl=1,2,
inc/event/res/chatevent01/cha_mas02.txt#111#12,落としたりしたら、大惨事だもん。,要是摔在地上，可就是大惨剧了嘛。,translated,依恩,a7be9f03c0,br=0 nl=0,1,
inc/event/res/chatevent01/cha_mas02.txt#113#12,"古道具屋って、
よくわからないものがたくさんあって、
なんか楽しくなるよね。","旧货店里有着好多搞不懂是什么的东西，
总觉得逛起来好开心呢。",translated,依恩,ea3c414c6e,br=0 nl=2,3,
inc/event/res/chatevent01/cha_mas02.txt#115#12,おしゃれって、よくわからないの。,打扮这种事，我其实不太懂呢。,translated,依恩,66d11a1a5d,br=0 nl=0,1,
inc/event/res/chatevent01/cha_mas02.txt#116#12,人それぞれ……なのかな？,因人而异……是这样的吧？,translated,依恩,ba2a8464d3,br=0 nl=0,1,
inc/event/res/chatevent01/cha_mas02.txt#118#12,"半田付けとか研磨みたいな地道な作業って、
だんだんと出来上がっていく感じがして
楽しいよね。","像焊接和打磨这种踏踏实实的活儿，
能一步步感受到完成的实感，
真的很开心呢。",translated,依恩,fc054a3f06,br=0 nl=2,3,
inc/event/res/chatevent01/cha_mas02.txt#120#12,"この前お掃除をしていたら、
失くしてた物が見つかったの。","前些天大扫除的时候，
找到了之前弄丢的东西呢。",translated,依恩,ab6f46ce21,br=0 nl=1,2,
inc/event/res/chatevent01/cha_mas02.txt#121#12,"別に得しているわけじゃないのに、
なんか嬉しいよね。","明明并不是赚到了什么，
但总觉得好开心呢。",translated,依恩,e615508831,br=0 nl=1,2,
inc/event/res/chatevent01/cha_mas02.txt#123#12,たまに良いことが全くない日ってあるよね？,偶尔也是会有完全没有好事的日子的吧？,translated,依恩,e034c6eaf3,br=0 nl=0,1,
inc/event/res/chatevent01/cha_mas02.txt#124#12,"そういう日でも、あなたとお話できれば
頑張れる気がするよ。","即使是那样的日子，只要能和你聊聊天，
就感觉能继续加油了呢。",translated,依恩,357d110536,br=0 nl=1,2,
inc/event/res/chatevent01/cha_mas02.txt#126#12,"楽器の演奏って難しいよね。
詩なら少しは自信あるんだけどなぁ……。","演奏乐器好难啊。
诗歌的话我稍微还有点自信就是了……",translated,依恩,9774ba7d78,br=0 nl=1,2,
inc/event/res/chatevent01/cha_mas02.txt#128#12,あなたって幽霊は見たことある？,你有亲眼见过幽灵吗？,translated,依恩,17d9d690d3,br=0 nl=0,1,
inc/event/res/chatevent01/cha_mas02.txt#129#12,"あぁいうのって、いたら怖いけど、
見てみたいって気持ちもあるよね。","那种东西真要是有的话会很害怕，
但同时又会有点想亲眼看看呢。",translated,依恩,68e2db1070,br=0 nl=1,2,
inc/event/res/chatevent01/cha_mas02.txt#131#12,"このまえ、怖そうな犬に吠えられたんだけど、
あのときはビックリしたよ……。","前些天，我被看起来很凶的狗给吼了，
当时真的吓了一大跳哦……",translated,依恩,7c81be4c02,br=0 nl=1,2,
inc/event/res/chatevent01/cha_mas02.txt#132#12,"動物は嫌いじゃないけど、
吠えられるのはやっぱり苦手かな。","虽然我并不讨厌动物，
但被狂吠果然还是有点招架不住呢。",translated,依恩,7c5bf0e69d,br=0 nl=1,2,
inc/event/res/chatevent01/cha_mas02.txt#134#12,"採取に行ったとき、
たくさんの蜜を溜めているお花を見つけたの。","去采集的时候，
发现了一朵积存着好多花蜜的花朵哦。",translated,依恩,f072216e5d,br=0 nl=1,2,
inc/event/res/chatevent01/cha_mas02.txt#135#12,"ちょっとなめてみたんだけど、
甘くってすっごくおいしかったよ。","稍微舔了一下试了试，
甜滋滋的超级好吃哦。",translated,依恩,4b2afcb977,br=0 nl=1,2,
inc/event/res/chatevent01/cha_mas02.txt#137#12,"えへへ、毎日頑張ってる？
わたしも頑張るから、一緒に頑張ろうね。","诶嘿嘿，每天都在努力吗？
我也会加油的，我们一起加油吧。",translated,依恩,f6e60be60a,br=0 nl=1,2,
inc/event/res/chatevent01/cha_mas02.txt#139#12,"家庭菜園をやっている人って
なんか家庭的って感じがしない？","在自家庭院种菜的人，
不觉得很有居家的感觉吗？",translated,依恩,02d31a5d36,br=0 nl=1,2,
inc/event/res/chatevent01/cha_mas02.txt#140#12,"機会があったら、
今度挑戦してみようかな。","如果有机会的话，
下次我也想挑战看看呢。",translated,依恩,1d08ab14ac,br=0 nl=1,2,
inc/event/res/chatevent01/cha_mas02.txt#142#12,"包丁でみじん切りにするときって、
つい手を切っちゃいそうで怖いよね。","用菜刀切末的时候，
总会害怕不小心切到手呢。",translated,依恩,91439ca1bd,br=0 nl=1,2,
inc/event/res/chatevent01/cha_mas02.txt#144#12,風は人や動物が生きて動いている証……。,微风是人类与动物活生生行动的证明……,translated,依恩,1d5221e869,br=0 nl=0,1,
inc/event/res/chatevent01/cha_mas02.txt#145#12,"そういう本を読んだことがあるんだけど、
ロマンチックだよね。","我曾经读过那样的一本书，
真的很浪漫呢。",translated,依恩,2445d7567f,br=0 nl=1,2,
inc/event/res/chatevent01/cha_mas02.txt#147#12,"この前、外で子犬に触ったの。
もふもふしててかわいかったなぁ……。","前些天在外面摸了摸小狗。
毛茸茸的好可爱呀……",translated,依恩,05ae20f5a2,br=0 nl=1,2,
inc/event/res/chatevent01/cha_mas02.txt#149#12,わんわん！,汪汪！,translated,依恩,fb309df509,br=0 nl=0,1,
inc/event/res/chatevent01/cha_mas02.txt#150#12,……えへへ、なんちゃって。,……诶嘿嘿，开玩笑啦。,translated,依恩,c02defdf35,br=0 nl=0,1,
inc/event/res/chatevent01/cha_mas02.txt#152#12,この前、小さいお花を見つけたの。,前些天，我发现了一朵小花哦。,translated,依恩,329bca0778,br=0 nl=0,1,
inc/event/res/chatevent01/cha_mas02.txt#153#12,えへへ、かわいかったなぁ。,诶嘿嘿，真可爱呀。,translated,依恩,003a2b333a,br=0 nl=0,1,
inc/event/res/chatevent01/cha_mas02.txt#155#12,"お風呂でお湯じゃなくて、
水を出しちゃったことってない？","你在洗澡时有没有不小心没开热水，
反而放出了冷水过？",translated,依恩,d10ecd7a94,br=0 nl=1,2,
inc/event/res/chatevent01/cha_mas02.txt#156#12,あれって、すごくビックリするよね。,那个真的会吓一大跳呢。,translated,依恩,13e695e238,br=0 nl=0,1,
inc/event/res/chatevent01/cha_mas02.txt#158#12,明日は何をしようかなぁ……。,明天该做些什么好呢……,translated,依恩,3f702ff77e,br=0 nl=0,1,
inc/event/res/chatevent01/cha_mas02.txt#159#12,って、さすがにちょっと気が早いよね。,不过，现在想这事未免有点太早了呢。,translated,依恩,e93128128c,br=0 nl=0,1,
inc/event/res/chatevent01/cha_mas02.txt#161#12,"すっごく疲れているときにお風呂に入ると、
なんかこう……ふにゃ～ってならない？","累极了的时候泡进热水里，
会不会觉得浑身……软绵绵的？",translated,依恩,c083985105,br=0 nl=1,2,
inc/event/res/chatevent01/cha_mas02.txt#162#12,ついそのまま眠ってしまいたくなるよね。,总会忍不住想就这样直接睡着呢。,translated,依恩,3baff08e56,br=0 nl=0,1,
inc/event/res/chatevent01/cha_mas02.txt#164#12,"採取に行ったときにね、
珍しい形の木の実を見つけたの。","去采集的时候，
我发现了一颗形状很稀奇的树果哦。",translated,依恩,1d4edb71f5,br=0 nl=1,2,
inc/event/res/chatevent01/cha_mas02.txt#165#12,けど、帰り道でなくしちゃって……。,但是在回来的路上不小心弄丢了……,translated,依恩,2dae79eb1e,br=0 nl=0,1,
inc/event/res/chatevent01/cha_mas02.txt#166#12,"あなたにも見せてあげたかったんだけど……
ごめんね。","明明也想拿给你看看的说……
对不起哦。",translated,依恩,0d9c937cc2,br=0 nl=1,2,
inc/event/res/chatevent01/cha_mas02.txt#168#12,"知ってた？
取れたてのお野菜ってすっごく甘いの。","你知道吗？
刚采摘下来的新鲜蔬菜超级甜的哦。",translated,依恩,d035800c77,br=0 nl=1,2,
inc/event/res/chatevent01/cha_mas02.txt#169#12,"前に少しだけ分けてもらったんだけど、
ちょっとビックリしちゃった。","之前有人分给我了一点点，
尝到的时候吓了一小跳呢。",translated,依恩,93134f2084,br=0 nl=1,2,
inc/event/res/chatevent01/cha_mas02.txt#171#12,"何か作って欲しいものがあったら言ってね。
頑張って作るから。","有什么想让我制作的东西尽管跟我说哦。
我会加油做出来的。",translated,依恩,79264b9123,br=0 nl=1,2,
inc/event/res/chatevent01/cha_mas02.txt#173#12,"何か作っている途中で部品が足りないことに
気がつくと、すごくもどかしいよね。","制作到一半才发现零件不够用的时候，
真的会让人超级心焦呢。",translated,依恩,6b06c202c1,br=0 nl=1,2,
inc/event/res/chatevent01/cha_mas02.txt#174#12,作りたいのに作れない～！　って感じ。,“明明好想做却做不了～！”的感觉。,translated,依恩,59e07d5453,br=0 nl=0,1,
inc/event/res/chatevent01/cha_mas02.txt#175#12,"だから作り始める前に
きちんと準備しておかないとね。","所以开始动手制作之前，
必须好好做好准备才行呢。",translated,依恩,38b7e1f1d3,br=0 nl=1,2,
inc/event/res/chatevent01/cha_mas02.txt#177#12,"丸くなっている猫ってかわいいよね。
ついなでたくなっちゃうもん。","蜷缩成一团的小猫好可爱呢。
总会忍不住想去摸摸它嘛。",translated,依恩,dfbc364661,br=0 nl=1,2,
inc/event/res/chatevent01/cha_mas02.txt#179#12,にゃんにゃん！,喵喵！,translated,依恩,c5267c5ead,br=0 nl=0,1,
inc/event/res/chatevent01/cha_mas02.txt#180#12,……えへへ、なんちゃって。,……诶嘿嘿，开玩笑啦。,translated,依恩,c02defdf35,br=0 nl=0,1,
inc/event/res/chatevent01/cha_mas02.txt#182#12,"水辺の風って、
湿っているのに不思議と気持ちいいよね。","水边的风，
虽然有些潮湿但不可思议地很舒服呢。",translated,依恩,3391fc23d1,br=0 nl=1,2,
inc/event/res/chatevent01/cha_mas02.txt#183#12,やっぱり涼しいからかな？,果然是因为很凉爽吧？,translated,依恩,ea9a3ffbb5,br=0 nl=0,1,
inc/event/res/chatevent01/cha_mas02.txt#185#12,"機械とかのオイルの匂いも好きだけど、
森の植物の匂いとかも好きだよ。","机械之类的机油气味虽然喜欢，
但森林里植物的芬芳我也很喜欢哦。",translated,依恩,88abb1943d,br=0 nl=1,2,
inc/event/res/chatevent01/cha_mas02.txt#186#12,なんか生きてるって感じがするよね。,总觉得有一种生机勃勃的感觉呢。,translated,依恩,35931ac4bf,br=0 nl=0,1,
inc/event/res/chatevent01/cha_mas02.txt#188#12,"昔作ったものって、
改めて見ると懐かしいよね。","以前做好的东西，
重新拿出来看总会觉得很怀念呢。",translated,依恩,930bca11f7,br=0 nl=1,2,
inc/event/res/chatevent01/cha_mas02.txt#190#12,"二度寝って気持ちいいけど、
時間がちょっともったないよね。","睡回笼觉虽然很舒服，
但总觉得有点浪费时间呢。",translated,依恩,2d8050324e,br=0 nl=1,2,
inc/event/res/chatevent01/cha_mas02.txt#192#12,次は何を作ろうか考える――,思考接下来要做什么好――,translated,依恩,1590ed7c93,br=0 nl=0,1,
inc/event/res/chatevent01/cha_mas02.txt#193#12,物作りの楽しみの一つだよね。,这也是亲手制作物品的乐趣之一呢。,translated,依恩,881e75ab0c,br=0 nl=0,1,
inc/event/res/chatevent01/cha_mas02.txt#195#12,"普段見えないところにも、
いろんな生き物が生きてるんだよね……。","在平时看不到的地方，
也生活着各种各样的生物呢……",translated,依恩,b04df0ec93,br=0 nl=1,2,
inc/event/res/chatevent01/cha_mas02.txt#196#12,"そう思うと、
なんか不思議な気分になるよ。","一想到这些，
总会产生一种奇妙的心情呢。",translated,依恩,86d0c4c859,br=0 nl=1,2,
inc/event/res/chatevent01/cha_mas02.txt#198#12,"知らない場所って、
ときどき探検したくなるよね。","对于未知的地方，
偶尔总会产生想要去探险的冲动呢。",translated,依恩,1ae2fb31ba,br=0 nl=1,2,
inc/event/res/chatevent01/cha_mas02.txt#200#12,"液体って酸性よりアルカリ性の方が
危険だって知ってた？","你知道液体其实碱性比酸性
还要更危险吗？",translated,依恩,34ee971ee8,br=0 nl=1,2,
inc/event/res/chatevent01/cha_mas02.txt#201#12,"特に強アルカリの液体を使うときは
気をつけてね。","尤其是使用强碱性液体的时候，
可一定要多加小心哦。",translated,依恩,d9d6741449,br=0 nl=1,2,
inc/event/res/chatevent01/cha_mas02.txt#203#12,"なんだかんだ言っても、
家が一番落ち着くよ～。","不管怎么说，
家里才是最让人安心的呀～。",translated,依恩,21fe1e3810,br=0 nl=1,2,
inc/event/res/chatevent01/cha_mas02.txt#205#12,失敗を恐れてちゃダメ。,绝不能畏惧失败。,translated,依恩,55116c0897,br=0 nl=0,1,
inc/event/res/chatevent01/cha_mas02.txt#206#12,何事もチャレンジ……だよ。,凡事都要勇于尝试……哦。,translated,依恩,9d3805f06c,br=0 nl=0,1,
inc/event/res/chatevent01/cha_mas02.txt#208#12,毎日がお天気だったら、楽でいいのにね。,要是每天都是晴天的话，就轻松多啦。,translated,依恩,783704ef28,br=0 nl=0,1,
inc/event/res/chatevent01/cha_mas02.txt#210#12,"工作作業って、
肉体よりも集中力の維持が大変なんだよ。","手工制作，
比起体力其实维持专注力更费劲哦。",translated,依恩,2a40d5c8a9,br=0 nl=1,2,
inc/event/res/chatevent01/cha_mas02.txt#211#12,"集中力が切れて、
何回も失敗したことあるんだ。","一旦注意力中断，
我好几次都因此失败过呢。",translated,依恩,f206c3b1b3,br=0 nl=1,2,
inc/event/res/chatevent01/cha_mas02.txt#213#12,物事には逆転の発想が大事なんだよ。,考虑事情时，逆向思维是很重要的哦。,translated,依恩,89b7f0fe2f,br=0 nl=0,1,
inc/event/res/chatevent01/cha_mas02.txt#214#12,"ちょっと考え方を変えるだけで、
意外な結果になったりするんだ。","只要稍微转变一下思考方式，
说不定就会得到意想不到的结果呢。",translated,依恩,0c40b65656,br=0 nl=1,2,
inc/event/res/chatevent01/cha_mas02.txt#216#12,"朝に聞こえるちゅんちゅんって鳥の鳴声、
かわいいよね。","清晨听到的啾啾鸟鸣声，
真的好可爱呢。",translated,依恩,b73ea6223e,br=0 nl=1,2,
inc/event/res/chatevent01/cha_mas02.txt#218#12,"一度、空を飛んでみたいと思わない？
ふわふわ～って。","不觉得想尝试一次在空中飞翔吗？
轻飘飘地浮在空中。",translated,依恩,61c2360e6b,br=0 nl=1,2,
inc/event/res/chatevent01/cha_mas02.txt#219#12,きっと気持ちいいだろうなぁ。,感觉肯定超级舒服吧。,translated,依恩,19cf4d75aa,br=0 nl=0,1,
inc/event/res/chatevent01/cha_mas02.txt#221#12,"天気が良い日は、お散歩ついでに
外でご飯を食べたくなるよね。","天气好的日子，总会想在散步的同时
在外面吃顿饭呢。",translated,依恩,1489a86336,br=0 nl=1,2,
inc/event/res/chatevent01/cha_mas02.txt#222#12,"いつかあなたと一緒にお散歩したり、
ご飯を食べたりできたらいいね。","要是哪天能和你一起散步、
一起吃饭就好了呢。",translated,依恩,02a47d2b1f,br=0 nl=1,2,
inc/event/res/chatevent01/cha_mas02.txt#224#12,えっと……なにか変えた？,那个……换了什么新造型吗？,translated,依恩,efa1ce0484,br=0 nl=0,1,
inc/event/res/chatevent01/cha_mas02.txt#225#12,"なんか前よりも、
あなたがカッコイイような……。","总觉得现在的你，
比以前更加帅气了呢……",translated,依恩,fc4c09bad4,br=0 nl=1,2,
inc/event/res/chatevent01/cha_mas02.txt#227#12,話そうと思ってたことがあるの……。,我本来有件事情想对你说的……,translated,依恩,1a2c47c7f7,br=0 nl=0,1,
inc/event/res/chatevent01/cha_mas02.txt#228#12,"……えっと、あった……
はずなんだけど……なんだったかな？","……那个，本来应该……
是有的才对……是什么来着？",translated,依恩,0a276029b3,br=0 nl=1,2,
inc/event/res/chatevent01/cha_mas02.txt#229#12,あははっ、忘れちゃった。,啊哈哈，给忘光光了。,translated,依恩,164b85f3a8,br=0 nl=0,1,
inc/event/res/chatevent01/cha_mas02.txt#231#12,あれって、どこにやったかなぁ……。,那个东西，我放到哪里去了呢……,translated,依恩,3885b63092,br=0 nl=0,1,
inc/event/res/chatevent01/cha_mas02.txt#232#12,"たまにしか使わないものって、
置き場所が分からなくなるときあるよね。","偶尔才会用一次的东西，
有时真的会不知道放在哪里了呢。",translated,依恩,284915c2b4,br=0 nl=1,2,
inc/event/res/chatevent01/cha_mas02.txt#234#12,あの……明日も来るのかな？,那个……明天你也会来吗？,translated,依恩,6e79171223,br=0 nl=0,1,
inc/event/res/chatevent01/cha_mas02.txt#235#12,"別にその……
用事があるってわけじゃないんだけど……。","倒不是说那个……
有什么特别的事情就是了……",translated,依恩,7d292d0869,br=0 nl=1,2,
inc/event/res/chatevent01/cha_mas02.txt#236#12,なんとなく……ね。,总觉得……就是想问问呢。,translated,依恩,7561e2a1c0,br=0 nl=0,1,
inc/event/res/chatevent01/cha_mas02.txt#238#12,"あなたと出会ってから、
そんなに経ってないはずなのに……。","我和你相遇之后，
明明应该还没过去那么久才对……",translated,依恩,80f0ee4160,br=0 nl=1,2,
inc/event/res/chatevent01/cha_mas02.txt#239#12,"なんか、ずっと前から一緒にいるような
感じがするね。","总觉得，好像从很久以前开始
就一直在一起了似的呢。",translated,依恩,ed7c4b3286,br=0 nl=1,2,
inc/event/res/chatevent01/cha_mas02.txt#241#12,"あなたと出会ってから本当に色んな料理を
するようになったよね。","自从遇见你之后，我真的开始尝试做
各种各样的料理了呢。",translated,依恩,6ab20c3415,br=0 nl=1,2,
inc/event/res/chatevent01/cha_mas02.txt#242#12,"これからも新しい料理に挑戦していくから
楽しみにしててね。","今后我也要继续挑战新的料理，
敬请期待哦。",translated,依恩,a9fc4400dd,br=0 nl=1,2,
inc/event/res/chatevent01/cha_mas02.txt#244#12,"一人で暗い空間にいると、時々自分以外の
誰かがいるような感覚になることない？","一个人身处昏暗的空间里时，
有时会不会觉得除了自己还有别人在？",translated,依恩,c700e5218a,br=0 nl=1,2,
inc/event/res/chatevent01/cha_mas02.txt#245#12,"気のせいだって分かってても、
なんとなく怖くなっちゃうよね。","明明知道只是心理作用，
总觉得还是会不由自主地害怕起来呢。",translated,依恩,1fe02a258e,br=0 nl=1,2,
inc/event/res/chatevent01/cha_mas02.txt#247#12,"最近知ったんだけど、
幸せ太りっていうのがあるんだって。","我最近才听说，
原来还有“幸福肥”这么一种说法呢。",translated,依恩,cd098bfd41,br=0 nl=1,2,
inc/event/res/chatevent01/cha_mas02.txt#248#12,"楽しいことや嬉しいことが多いと
つい羽目をはずしちゃいそうだし、
気をつけないとね……。","开心或者高兴的事情一多，
不知不觉就会放纵起来，
必须得多加注意才行呢……",translated,依恩,e7d34f56eb,br=0 nl=2,3,
inc/event/res/chatevent01/cha_mas02.txt#250#12,"水って簡単に手に入るけど、
もしなくなったら大変だよね……。","水虽然很容易就能弄到，
但要是没有了可就糟糕了呢……",translated,依恩,7bad3b5302,br=0 nl=1,2,
inc/event/res/chatevent01/cha_mas02.txt#251#12,"ないと生きていけないし、
お風呂とかも入れなくなるよ……。","不仅活不下去，
连澡都没法洗了哦……",translated,依恩,2c1fb08d26,br=0 nl=1,2,
inc/event/res/chatevent01/cha_mas02.txt#252#12,"水がどれだけ大切かだけは
忘れないようにしなきゃね。","唯独水有多么宝贵这一点，
是绝对不能忘记的呢。",translated,依恩,d674a5b0f0,br=0 nl=1,2,
inc/event/res/chatevent01/cha_mas02.txt#254#12,推理小説といえば、密室事件が王道だよね。,说到推理小说，密室案件就是王道呢。,translated,依恩,bef7598bf1,br=0 nl=0,1,
inc/event/res/chatevent01/cha_mas02.txt#255#12,"どんなトリックを用意されてるか
読むたびに楽しみなの。","每次阅读都会很期待
究竟准备了怎样的诡计呢。",translated,依恩,f3e5dfcd9a,br=0 nl=1,2,
inc/event/res/chatevent01/cha_mas02.txt#257#12,"上りと下りだと、下りの方が
足への負担が大きいんだって。","听说上坡和下坡相比，
下坡对脚部的负担其实更大哦。",translated,依恩,c03a0b7c77,br=0 nl=1,2,
inc/event/res/chatevent01/cha_mas02.txt#258#12,"普段歩いてると、上りの方が疲れる気が
するから不思議だよね。","平时走路时明明总觉得上坡更累，
真的很不可思议呢。",translated,依恩,01d8347ee9,br=0 nl=1,2,
inc/event/res/chatevent01/cha_mas02.txt#260#12,"日の光の中でぼーっとしてると、
光合成が出来たらって思うときがあるよ。","在阳光下发呆的时候，
有时会想着要是能光合作用就好了。",translated,依恩,494745695f,br=0 nl=1,2,
inc/event/res/chatevent01/cha_mas02.txt#261#12,"ただ、もし本当に出来たら便利だけど、
体の色、緑になっちゃうのかな。","不过真要是能的话虽然方便，
但身体的颜色难道会变成绿色吗。",translated,依恩,bfd9654e96,br=0 nl=1,2,
inc/event/res/chatevent01/cha_mas02.txt#263#12,"お天気がいい日はお弁当を作って、
外でご飯を食べてみたくなるね。","天气晴朗的日子做个便当，
真想拿到外面去吃吃看呢。",translated,依恩,89bd5c7f50,br=0 nl=1,2,
inc/event/res/chatevent01/cha_mas02.txt#264#12,きっと気持ちいいよ～。,心情肯定会超级好哦～。,translated,依恩,8783e632ce,br=0 nl=0,1,
inc/event/res/chatevent01/cha_mas02.txt#266#12,お腹が空いてると頭がぼーっとしちゃうよ。,肚子空空的话脑袋就会晕乎乎的。,translated,依恩,16d8561f53,br=0 nl=0,1,
inc/event/res/chatevent01/cha_mas02.txt#267#12,"そうならないように、軽食でもいいから
食事はきちんと取るようにしないとね。","为了不变成那样，哪怕是简餐也好，
饭都必须好好吃才行呢。",translated,依恩,4d088f4779,br=0 nl=1,2,
inc/event/res/chatevent01/cha_mas02.txt#269#12,"ケーブルってよくごちゃごちゃに
なるんだけど……。",线缆总是容易缠得乱七八糟的……,translated,依恩,fd8e5dfd25,br=0 nl=1,2,
inc/event/res/chatevent01/cha_mas02.txt#270#12,"まとめたりする以外に、
分かりやすくする方法ってないのかなぁ。","除了捆起来整理好之外，
难道就没有更容易分辨的方法了吗。",translated,依恩,cb3a38815a,br=0 nl=1,2,
inc/event/res/chatevent01/cha_mas02.txt#272#12,"森の木の実ってあたりはずれが多いけど、
意外と食べられる物が多いんだよ。","森林里的树果虽然踩雷的不少，
但能吃的东西意外地挺多的哦。",translated,依恩,cf9259429b,br=0 nl=1,2,
inc/event/res/chatevent01/cha_mas02.txt#274#12,"そういえば、工具のメンテナンスって
最近やってなかったかも。","说起来，工具的保养维护，
最近好像都没怎么做过呢。",translated,依恩,defdb5fa4a,br=0 nl=1,2,
inc/event/res/chatevent01/cha_mas02.txt#275#12,"ついつい忘れがちになっちゃうよね。
忘れないようにメモしておこっと。","总是容易抛到脑后呢。
得记在便签上以免忘记才行。",translated,依恩,df3ff6a3d4,br=0 nl=1,2,
inc/event/res/chatevent01/cha_mas02.txt#277#12,"あ……そういえばわたし、
運動ってほとんどしてないかも。","啊……说起来我这个人，
好像几乎不怎么运动呢。",translated,依恩,f148f16fe0,br=0 nl=1,2,
inc/event/res/chatevent01/cha_mas02.txt#278#12,"やっぱり、運動不足だよね？
何か始めようかなぁ？","果然还是缺乏运动对吧？
要不要开始做点什么运动呢？",translated,依恩,c80d3abbb8,br=0 nl=1,2,
inc/event/res/chatevent01/cha_mas02.txt#280#12,ふぁ～……。,哈啊……,translated,依恩,a7cd717c9a,br=0 nl=0,1,
inc/event/res/chatevent01/cha_mas02.txt#281#12,何だか、眠くなってきちゃった。,不知怎么的，开始犯困了呢。,translated,依恩,1928b4a919,br=0 nl=0,1,
inc/event/res/chatevent01/cha_mas02.txt#282#12,ちょっとだけお昼寝したいかも。,稍微有点想午睡一会儿呢。,translated,依恩,b86ea3a849,br=0 nl=0,1,
inc/event/res/chatevent01/cha_mas02.txt#284#12,"何にもしない日っていうのも、
嫌いじゃないよ。","什么都不干的一天，
其实我也并不讨厌哦。",translated,依恩,76a577f2d9,br=0 nl=1,2,
inc/event/res/chatevent01/cha_mas02.txt#285#12,"丸一日のんびり本読んだり、
ゴロゴロして過ごすの。","一整天悠闲地看书、
打滚度过。",translated,依恩,ec3e7cc096,br=0 nl=1,2,
inc/event/res/chatevent01/cha_mas02.txt#286#12,"毎日だと怠け癖がついちゃうけど、
数ヶ月に一度くらいなら良いと思わない？","要是每天都这样就会养成惰性，
但几个月来上这么一次不也挺好的吗？",translated,依恩,0fd6410207,br=0 nl=1,2,
inc/event/res/chatevent01/cha_mas02.txt#288#12,"そういえば、壊れて動かなくなった機械が
いくつかあったような……。",说起来，好像有几台坏掉动不了的机械……,translated,依恩,fea1ccd7e9,br=0 nl=1,2,
inc/event/res/chatevent01/cha_mas02.txt#289#12,一度全部チェックしようかな？,要不要一口气全部检查一遍呢？,translated,依恩,369503d51f,br=0 nl=0,1,
inc/event/res/chatevent01/cha_mas02.txt#290#12,"直せる物は修理して、直せない物は分解して
使えるパーツを取り出したいしね。","能修好的就修好，修不好的就拆解掉，
把能用的零件取出来用嘛。",translated,依恩,64c72e675d,br=0 nl=1,2,
inc/event/res/chatevent01/cha_mas02.txt#292#12,"あなたの住んでる世界は、
どんなところ？","你所生活的世界，
是个什么样的地方呢？",translated,依恩,3c631ce211,br=0 nl=1,2,
inc/event/res/chatevent01/cha_mas02.txt#293#12,"よかったら、今度お話してくれると
嬉しいな。","如果可以的话，下次能跟我讲讲的话
我会很高兴的。",translated,依恩,bca4bbf914,br=0 nl=1,2,
inc/event/res/chatevent01/cha_mas02.txt#295#12,わたしも働いたりした方がいいのかな？,我是不是也去工作打工一下比较好呢？,translated,依恩,6289d6eef5,br=0 nl=0,1,
inc/event/res/chatevent01/cha_mas02.txt#296#12,でも、ねりこさんのお店しかない……。,但是，只有妮莉库小姐的店铺在……,translated,依恩,fc25634582,br=0 nl=0,1,
inc/event/res/chatevent01/cha_mas02.txt#297#12,雇ってもらえなさそうだなぁ……。,感觉她不会雇佣我呀……,translated,依恩,fb926e3209,br=0 nl=0,1,
inc/event/res/chatevent01/cha_mas02.txt#299#12,"インドアな趣味を持ってると、
天候に左右されないのがいいよね。","拥有室内的爱好，
好处就是不会被天气所左右呢。",translated,依恩,323f33b27a,br=0 nl=1,2,
inc/event/res/chatevent01/cha_mas02.txt#300#12,"でも、引きこもりがちにならないように
気をつけてはいるよ。","不过，我也很注意
不让自己一直闭门不出哦。",translated,依恩,2b45d2fbad,br=0 nl=1,2,
inc/event/res/chatevent01/cha_mas02.txt#302#12,たまには夜空を眺めてみようかな？,偶尔也眺望一下夜空吧？,translated,依恩,191d3941a9,br=0 nl=0,1,
inc/event/res/chatevent01/cha_mas02.txt#303#12,"星座とかはわからないけど、
眺めてるだけでも素敵な気持ちになるの。","虽然不懂什么星座，
但光是仰望就能感到心情非常美妙呢。",translated,依恩,bbec3effdd,br=0 nl=1,2,
inc/event/res/chatevent01/cha_mas02.txt#305#12,一人暮らしって、気楽でいいと思うでしょ？,一个人生活，总觉得很轻松自在对吧？,translated,依恩,88440a50dd,br=0 nl=0,1,
inc/event/res/chatevent01/cha_mas02.txt#306#12,"でも、実際はそうでもないよ。
家事全般、一人でやらないといけないし。","不过，实际上倒也没有那么简单哦。
所有的家务都得一个人做才行。",translated,依恩,18333283e3,br=0 nl=1,2,
inc/event/res/chatevent01/cha_mas02.txt#307#12,"それに、今はあなたがいてくれるから
平気だけど……やっぱり、寂しいしね。","而且，现在虽然有你在陪伴我不觉得怎样，
但果然……还是会寂寞的嘛。",translated,依恩,c81acddebb,br=0 nl=1,2,
inc/event/res/chatevent01/cha_mas02.txt#309#12,"お散歩って、夕方とか夜にするのも
結構楽しいよ。","去散步的话，挑傍晚或者晚上
其实也挺好玩的哦。",translated,依恩,862fab1883,br=0 nl=1,2,
inc/event/res/chatevent01/cha_mas02.txt#310#12,"日が傾くだけで、昼間とは違った雰囲気に
なるから、凄く新鮮な気持ちになるの。","只要太阳西斜，氛围就会和白天截然不同，
会让人有一种超级新鲜的心情呢。",translated,依恩,b1a8bd00ba,br=0 nl=1,2,
inc/event/res/chatevent01/cha_mas02.txt#312#12,"そういえば、少し前に棚を掃除してた時、
奥の方から設計図が出てきたの。","说起来，不久前打扫架子的时候，
从最里面翻出了一张设计图哦。",translated,依恩,5cce33a265,br=0 nl=1,2,
inc/event/res/chatevent01/cha_mas02.txt#313#12,"ずっと前に暇つぶしで描いてたものだけど、
三枚あるうちの最後の一枚だけが、
今も行方不明なんだよね。","虽然是很久以前闲着无聊画的，
但一共三张里的最后一张，
直到现在也下落不明呢。",translated,依恩,12ad166bb8,br=0 nl=2,3,
inc/event/res/chatevent01/cha_mas02.txt#314#12,"こういうものはちゃんとファイルして
おかないと、すぐになくなっちゃうね。","这种东西不归纳整理到文件夹里的话，
立刻就会不见了呢。",translated,依恩,d167c68b7f,br=0 nl=1,2,
inc/event/res/chatevent01/cha_mas02.txt#316#12,わたし、雨の日も結構好きなの。,其实我也挺喜欢下雨天的哦。,translated,依恩,01455ea487,br=0 nl=0,1,
inc/event/res/chatevent01/cha_mas02.txt#317#12,"雨の音を聞きながら過ごすのって、
意外と悪くないしね。","一边听着雨声一边度过时光，
意外地并不赖嘛。",translated,依恩,4b672f48f7,br=0 nl=1,2,
inc/event/res/chatevent01/cha_mas02.txt#318#12,"ま、まあ、雨風があまりにも強かったら、
ちょっと心配になっちゃうけど……。","不、不过，要是风雨太大太猛烈的话，
还是会让人有点担心就是了……",translated,依恩,6747fe3931,br=0 nl=1,2,
inc/event/res/chatevent01/cha_mas02.txt#320#12,"……もっともっと機械に
詳しくなりたいなぁ。","……好想变得更加更加
精通机械啊。",translated,依恩,8843d1280f,br=0 nl=1,2,
inc/event/res/chatevent01/cha_mas02.txt#321#12,"それで、もっと複雑で難しい機械を
沢山作れるようになりたいの。","然后，好想亲手做出好多好多
更加复杂精密的机械啊。",translated,依恩,335bf2c03e,br=0 nl=1,2,
inc/event/res/chatevent01/cha_mas02.txt#323#12,"甘いものは頭を働かせるには必要、って
前に何かで聞いたことがあるの。","想要让大脑运转就必须补充甜食，
之前我不知在什么地方听说过呢。",translated,依恩,1f098ca649,br=0 nl=1,2,
inc/event/res/chatevent01/cha_mas02.txt#324#12,"う～ん、これからは何か作業する時、
飴かキャラメルを舐めながら作業した方が
効率上がるかな？","嗯～今后在做事的时候，
含着糖果或太妃糖做事的话，
效率会不会更高呢？",translated,依恩,4b650a2cb0,br=0 nl=2,3,
inc/event/res/chatevent01/cha_mas02.txt#326#12,"雨が長続きすると、洗濯物が干せなくて
困るよね。","下雨要是持续太久，洗好的衣服
就没法晾，真让人困扰呢。",translated,依恩,6af02e6e46,br=0 nl=1,2,
inc/event/res/chatevent01/cha_mas02.txt#327#12,部屋干しすると、臭っちゃうし……。,在室内晾的话，又会有味道……,translated,依恩,f8b18305bf,br=0 nl=0,1,
inc/event/res/chatevent01/cha_mas02.txt#328#12,何かいい方法って無いかなぁ？,有没有什么好办法呢？,translated,依恩,882df6dbfb,br=0 nl=0,1,
inc/event/res/chatevent01/cha_mas03.txt#2#12,"そういえば、昨日寝てる時に
金縛りにあったの。","说起来，昨天睡觉的时候
我被鬼压床了。",translated,依恩,b52b0d46f5,br=0 nl=1,2,
inc/event/res/chatevent01/cha_mas03.txt#3#12,あれって疲れが原因なんだっけ？,那个是因为疲劳引起的吗？,translated,依恩,30fe2433ff,br=0 nl=0,1,
inc/event/res/chatevent01/cha_mas03.txt#5#12,あ、服がほつれちゃってる。,啊，衣服脱线了。,translated,依恩,4947afb323,br=0 nl=0,1,
inc/event/res/chatevent01/cha_mas03.txt#6#12,"後で直しておかないと……。
裁縫って、苦手なんだけどなぁ。","待会儿得修补一下才行……
虽然我很不擅长针线活就是了。",translated,依恩,50c4f214b1,br=0 nl=1,2,
inc/event/res/chatevent01/cha_mas03.txt#8#12,"いつも思うんだけど、仮想世界で食べたもの
とか、取ってきたものが残らないのって
寂しいよね。","我总在想，在虚拟世界吃过的东西
或者采回来的东西留不下来，
感觉好寂寞啊。",translated,依恩,92d705f302,br=0 nl=2,3,
inc/event/res/chatevent01/cha_mas03.txt#9#12,あれって、なんとかならないのかな？,那个就没什么解决办法吗？,translated,依恩,d44c1c7ba7,br=0 nl=0,1,
inc/event/res/chatevent01/cha_mas03.txt#11#12,たまにはすごい大雨とか降ってほしいかも。,偶尔也希望能下一场瓢泼大雨呢。,translated,依恩,0b45489301,br=0 nl=0,1,
inc/event/res/chatevent01/cha_mas03.txt#12#12,"雨が屋根を叩く音って、
ちょっと楽しいよね。","雨点敲击屋顶的声音，
听着还挺有意思的对吧。",translated,依恩,d240616c11,br=0 nl=1,2,
inc/event/res/chatevent01/cha_mas03.txt#14#12,"ちょっと部屋の空気が濁ってる
気がするかも。","总觉得房间里的空气
好像有点混浊了呢。",translated,依恩,bc12815665,br=0 nl=1,2,
inc/event/res/chatevent01/cha_mas03.txt#15#12,あとで換気した方がよさそうだね。,待会儿最好换换气呢。,translated,依恩,7c0039e0eb,br=0 nl=0,1,
inc/event/res/chatevent01/cha_mas03.txt#17#12,あれ、もうこんな時間……。,哎呀，已经这个时间了……,translated,依恩,13bbe61a2f,br=0 nl=0,1,
inc/event/res/chatevent01/cha_mas03.txt#18#12,今日は時間が過ぎるの、早い気がする。,总觉得今天时间过得好快。,translated,依恩,9b5fe85c55,br=0 nl=0,1,
inc/event/res/chatevent01/cha_mas03.txt#20#12,ふぁ～……ちょっと、寝不足かも……。,哈啊～……有点睡眠不足呢……,translated,依恩,ba2bd9dee1,br=0 nl=0,1,
inc/event/res/chatevent01/cha_mas03.txt#22#12,"よく見ると、部屋の隅の方が少し
汚れてるかも。","仔细一看，房间角落好像
有点脏了呢。",translated,依恩,6304176fb0,br=0 nl=1,2,
inc/event/res/chatevent01/cha_mas03.txt#23#12,あとで、念入りにお掃除しようかな。,待会儿，要不好好打扫一下吧。,translated,依恩,67f4fed271,br=0 nl=0,1,
inc/event/res/chatevent01/cha_mas03.txt#25#12,どこかお出かけしたいなぁ？,真想去哪里逛逛呀。,translated,依恩,3012566853,br=0 nl=0,1,
inc/event/res/chatevent01/cha_mas03.txt#26#12,"けど、次のデートまでの辛抱だよね。
我慢、我慢……。","不过，在下次约会前得忍耐呢。
忍住，忍住……",translated,依恩,0612969a76,br=0 nl=1,2,
inc/event/res/chatevent01/cha_mas03.txt#28#12,う～ん、このあとどうしようかな。,嗯～接下来该做些什么好呢。,translated,依恩,d5d82fe67e,br=0 nl=0,1,
inc/event/res/chatevent01/cha_mas03.txt#29#12,"ずっと部屋にいると、やれることって
どうしても少なくなっていっちゃうね。","一直待在房间里，能做的事情
无论如何都会越来越少呢。",translated,依恩,ab7c8f8ddc,br=0 nl=1,2,
inc/event/res/chatevent01/cha_mas03.txt#31#12,"わたし、一度でいいから、
地下室に工房を作ってみたいの。","我呀，哪怕就一次也好，
真想在地下室建个工坊呢。",translated,依恩,f439fc4c3f,br=0 nl=1,2,
inc/event/res/chatevent01/cha_mas03.txt#32#12,"なんか秘密基地みたいで、
ワクワクするよね。","感觉就像秘密基地一样，
让人超级期待呢。",translated,依恩,ef0dbf7081,br=0 nl=1,2,
inc/event/res/chatevent01/cha_mas03.txt#34#12,友達っていいよね……。,有朋友真好呢……,translated,依恩,e4bd650b1b,br=0 nl=0,1,
inc/event/res/chatevent01/cha_mas03.txt#35#12,"今そばにいなくても、一人じゃないんだって
気持ちになれるもん。","就算此刻不在身边，
也能让人觉得并不是孤身一人。",translated,依恩,9feff54b05,br=0 nl=1,2,
inc/event/res/chatevent01/cha_mas03.txt#36#12,"あなたとのこの繋がりも、
ずっと大切にしたいな。","我和你的这份联系，
我也想一直珍惜下去。",translated,依恩,e4c9efd994,br=0 nl=1,2,
inc/event/res/chatevent01/cha_mas03.txt#38#12,"ねえねえ、今度パジャマパーティーって
いうのやってみない？","我说我说，下次要不要办个
所谓的睡衣派对呀？",translated,依恩,a32355a3ad,br=0 nl=1,2,
inc/event/res/chatevent01/cha_mas03.txt#39#12,"一緒に夜更かしして、色んなお話をするの。
きっと楽しいよ。","一起熬夜，聊各种各样的事。
肯定非常开心的。",translated,依恩,3f1a292c17,br=0 nl=1,2,
inc/event/res/chatevent01/cha_mas03.txt#41#12,"宇宙人なんて信じない、って今までは
思ってたけど……。","直到之前，我还一直觉得
自己绝对不信有外星人呢……",translated,依恩,c04e0d1a41,br=0 nl=1,2,
inc/event/res/chatevent01/cha_mas03.txt#42#12,"あなたに会ってから、信じないわけには
いかなくなったよ。","但在遇见你之后，
就不得不相信了呢。",translated,依恩,119982c40c,br=0 nl=1,2,
inc/event/res/chatevent01/cha_mas03.txt#44#12,"美味しいお菓子を食べたいけど、
自分で作らないといけないんだよね。","虽然很想吃美味的点心，
但必须得自己动手做才行呢。",translated,依恩,483bef128b,br=0 nl=1,2,
inc/event/res/chatevent01/cha_mas03.txt#45#12,……お店が無い生活って、辛いなぁ。,……没有商店的生活，真辛苦啊。,translated,依恩,f67b5b7b3f,br=0 nl=0,1,
inc/event/res/chatevent01/cha_mas03.txt#47#12,"どこかに旅行してみたいって
思うときはあるけど……。","虽然有时也会想
去什么地方旅行……",translated,依恩,b99475a3ea,br=0 nl=1,2,
inc/event/res/chatevent01/cha_mas03.txt#48#12,行こうにも、何もないんだよね……。,但就算想去，也什么都没有呢……,translated,依恩,00bbf33f82,br=0 nl=0,1,
inc/event/res/chatevent01/cha_mas03.txt#50#12,"ねりこさんって、わたしが家にいない時に
限ってよく来るよね？","妮莉库小姐偏偏总是在
我不在家的时候跑过来呢？",translated,依恩,c59ed8a87e,br=0 nl=1,2,
inc/event/res/chatevent01/cha_mas03.txt#51#12,もう少しわたしがいる時に来てほしいなぁ。,要是能趁我在的时候来该多好啊。,translated,依恩,623b88db9b,br=0 nl=0,1,
inc/event/res/chatevent01/cha_mas03.txt#53#12,"わたしの髪型、
もうちょっと変えてみようかな……。","我的发型，
要不要稍微换换看呢……",translated,依恩,d68c22ae6c,br=0 nl=1,2,
inc/event/res/chatevent01/cha_mas03.txt#55#12,あれ、何だか急に風が強くなったかも。,咦，风好像突然变大了呢。,translated,依恩,d1e9c29d17,br=0 nl=0,1,
inc/event/res/chatevent01/cha_mas03.txt#56#12,洗濯物大丈夫かな。,洗好的衣服没问题吧。,translated,依恩,f3ea2fa3cb,br=0 nl=0,1,
inc/event/res/chatevent01/cha_mas03.txt#58#12,"あなたばっかりわたしの部屋を見れるのは、
ちょっとズルいかも……。","只有你能看着我的房间，
感觉稍微有点狡猾呢……",translated,依恩,0f4deeee6b,br=0 nl=1,2,
inc/event/res/chatevent01/cha_mas03.txt#59#12,わたしもあなたの部屋を見てみたいなぁ。,我也好想看看你的房间啊。,translated,依恩,145832ebdf,br=0 nl=0,1,
inc/event/res/chatevent01/cha_mas03.txt#61#12,"あなたとお話しするのって、
本当に楽しい。","能和你聊天，
真的好开心。",translated,依恩,0ba11a31da,br=0 nl=1,2,
inc/event/res/chatevent01/cha_mas03.txt#62#12,"楽し過ぎて、次の日に
喉が痛くなってることもあるんだよ。","甚至还会因为聊得太开心，
第二天嗓子都哑了呢。",translated,依恩,88c51456f6,br=0 nl=1,2,
inc/event/res/chatevent01/cha_mas03.txt#64#12,"毎日同じようなことしかしてないのに、
結構話のネタって困らないよね。","明明每天做的事情都差不多，
却完全不缺聊天的话题呢。",translated,依恩,5a952789e3,br=0 nl=1,2,
inc/event/res/chatevent01/cha_mas03.txt#65#12,"なんて、調子に乗ってると喋り尽くしちゃう
かな？","哎呀，要是太得意忘形，
话题会不会一下子聊光呢？",translated,依恩,18d26b3486,br=0 nl=1,2,
inc/event/res/chatevent01/cha_mas03.txt#67#12,"何だか、温かいものを食べたくなって
きちゃった。","总觉得，突然好想吃
热腾腾的东西啊。",translated,依恩,1753543d60,br=0 nl=1,2,
inc/event/res/chatevent01/cha_mas03.txt#68#12,"お野菜の沢山入ったシチューとか、
美味しそうだよね？","放了好多蔬菜的炖菜之类的，
听起来就很美味对吧？",translated,依恩,9bc0794be3,br=0 nl=1,2,
inc/event/res/chatevent01/cha_mas03.txt#70#12,"おふくろの味って、どんな味のことを
言うのかな？","所谓的妈妈的味道，
究竟是种什么样的味道呢？",translated,依恩,1118f5da16,br=0 nl=1,2,
inc/event/res/chatevent01/cha_mas03.txt#71#12,"お母さんのこと覚えてないから、
ちょっと想像できない……ね。","因为我不记得妈妈的事情，
所以有点想象不出来……呢。",translated,依恩,09d7675fd2,br=0 nl=1,2,
inc/event/res/chatevent01/cha_mas03.txt#73#12,"っ！？
今何かいたような……。","咦！？
刚才好像有什么东西……",translated,依恩,688a3765d3,br=0 nl=1,2,
inc/event/res/chatevent01/cha_mas03.txt#74#12,"っと思ったら影だったみたい。
ふぅ、ビックリしたぁ……。","原来只是影子啊。
呼，吓死我了……",translated,依恩,dc29ab06fd,br=0 nl=1,2,
inc/event/res/chatevent01/cha_mas03.txt#76#12,寝てる時の姿って、見られてるんだよね？,我睡觉时的样子，都被你看光了吧？,translated,依恩,e480f481d0,br=0 nl=0,1,
inc/event/res/chatevent01/cha_mas03.txt#77#12,"恥ずかしいなぁ……。
いびきとか、かいてないよね？","好难为情啊……
我应该没打呼噜吧？",translated,依恩,a3ed270e43,br=0 nl=1,2,
inc/event/res/chatevent01/cha_mas03.txt#79#12,じー……。,盯――――……,translated,依恩,0d0a969b9d,br=0 nl=0,1,
inc/event/res/chatevent01/cha_mas03.txt#80#12,えへへ、ちょっと見つめてみましたー。,嘿嘿，稍微盯了你一下哦～,translated,依恩,e62c6a3acb,br=0 nl=0,1,
inc/event/res/chatevent01/cha_mas03.txt#82#12,"ねえ、わたしに話しかけないで、
じっと見つめてる時ってある？","我说，你有过不跟我搭话、
只是静静注视着我的时候吗？",translated,依恩,4e3f44061f,br=0 nl=1,2,
inc/event/res/chatevent01/cha_mas03.txt#83#12,"時々、すごく視線を感じるんだけど、
気のせいかな？","偶尔会强烈感觉到你的视线，
难道是我的心理作用吗？",translated,依恩,0840fab520,br=0 nl=1,2,
inc/event/res/chatevent01/cha_mas03.txt#85#12,"仮想世界だけじゃなくて、お散歩とかも
あなたと一緒に行けたらいいのに……。","要是不仅在虚拟世界，散步也能
和你一起去该有多好啊……",translated,依恩,81e6a5ca6d,br=0 nl=1,2,
inc/event/res/chatevent01/cha_mas03.txt#87#12,二人で遊べるゲームが欲しいよね？,好想要两个人一起玩的游戏呀？,translated,依恩,16a3876c38,br=0 nl=0,1,
inc/event/res/chatevent01/cha_mas03.txt#88#12,……何か、作っちゃおうかな。,……要不，自己动手做点什么吧。,translated,依恩,25cc99c5ad,br=0 nl=0,1,
inc/event/res/chatevent01/cha_mas04.txt#2#12,きゃっ！？,呀！？,translated,依恩,61dd7adbe6,br=0 nl=0,1,
inc/event/res/chatevent01/cha_mas04.txt#3#12,"な、何だろう？
今、隙間風を感じたような……。","什、什么呀？
刚才好像感觉有穿堂风吹过……",translated,依恩,087cb43ed1,br=0 nl=1,2,
inc/event/res/chatevent01/cha_mas04.txt#5#12,"う～ん、ちょっと電気が暗くなったような
気がするかも。","嗯～总觉得电灯
好像稍微变暗了一点呢。",translated,依恩,4e69f3a348,br=0 nl=1,2,
inc/event/res/chatevent01/cha_mas04.txt#6#12,そろそろ交換しないとダメかな？,差不多必须得换新的了吗？,translated,依恩,c4782b78a5,br=0 nl=0,1,
inc/event/res/chatevent01/cha_mas04.txt#8#12,"干したてふかふかのお布団の上で、
のんびりとお昼寝したいなぁ。","真想在刚晒得蓬松柔软的被子上，
悠闲地睡个午觉啊。",translated,依恩,9f4e0c22d3,br=0 nl=1,2,
inc/event/res/chatevent01/cha_mas04.txt#10#12,"時々ね、同世代の女の子とお話ししたいな、
って思うことがあるの。","有时候啊，我也会想
能和同龄的女孩聊聊天呢。",translated,依恩,a29dce55b5,br=0 nl=1,2,
inc/event/res/chatevent01/cha_mas04.txt#11#12,そう思うのって、変なことじゃないよね？,这么想应该并不奇怪吧？,translated,依恩,127bcde648,br=0 nl=0,1,
inc/event/res/chatevent01/cha_mas04.txt#13#12,ねぇねぇ、雪、って見たことある？,我说我说，你见过雪吗？,translated,依恩,19d6ce5907,br=0 nl=0,1,
inc/event/res/chatevent01/cha_mas04.txt#14#12,"わたしはまだ見たことないんだけど、
ここでも降ってくれるかな？","我还没见过呢，
不知道这里会不会下雪呢？",translated,依恩,a9379a7120,br=0 nl=1,2,
inc/event/res/chatevent01/cha_mas04.txt#16#12,"雲一つない青空よりも、
少し雲のある青空が好きかな。","比起万里无云的晴空，
我可能更喜欢带点云朵的晴天呢。",translated,依恩,e2afe2d8ce,br=0 nl=1,2,
inc/event/res/chatevent01/cha_mas04.txt#17#12,"雲一つない青空って、じっと見てると
空に落ちちゃいそうな感じがして、
ちょっとだけ怖くなるの。","因为万里无云的晴空，盯着看久了
会有种整个人要坠向天空的感觉，
稍微有点让人害怕呢。",translated,依恩,735a346eeb,br=0 nl=2,3,
inc/event/res/chatevent01/cha_mas04.txt#19#12,"今度、気分転換に、
いつもと違う服を着てみようかな。","下次为了转换心情，
穿一件和平平时不一样的衣服试试吧。",translated,依恩,09ef97d702,br=0 nl=1,2,
inc/event/res/chatevent01/cha_mas04.txt#20#12,"ちょっと新鮮な感じがして、
楽しそうだよね。","感觉会有些新鲜感，
好像很有意思呢。",translated,依恩,f9729f18c3,br=0 nl=1,2,
inc/event/res/chatevent01/cha_mas04.txt#22#12,あっ、前髪に枝毛が……。,啊，刘海分叉了……,translated,依恩,454c2e9651,br=0 nl=0,1,
inc/event/res/chatevent01/cha_mas04.txt#23#12,"髪の毛、痛んでるのかな？
毎日ちゃんとお手入れしてるのに……。","头发受损了吗？
明明每天都有好好打理的……",translated,依恩,adcf00f8f1,br=0 nl=1,2,
inc/event/res/chatevent01/cha_mas04.txt#25#12,夜明けの空気って、すごく清々しいよね？,黎明破晓时的空气，非常清新舒畅对吧？,translated,依恩,916fcd8aa0,br=0 nl=0,1,
inc/event/res/chatevent01/cha_mas04.txt#26#12,"そういえば、最近感じてないなぁ……。
たまには、徹夜しちゃおうかな？","说起来，最近都没体会过呢……
偶尔，干脆通个宵吧？",translated,依恩,0dfbf2ec74,br=0 nl=1,2,
inc/event/res/chatevent01/cha_mas04.txt#28#12,"近所迷惑って、どこまでが許されて、
どこからがダメなのかな？","给邻居添麻烦这种事，到什么程度
是可以原谅的，什么程度又不行呢？",translated,依恩,8e1c5579cc,br=0 nl=1,2,
inc/event/res/chatevent01/cha_mas04.txt#29#12,"ご近所さんがいないわたしには、
まったくわからないよ……。","对没有邻居的我来说，
完全搞不懂呢……",translated,依恩,90c4cb55a3,br=0 nl=1,2,
inc/event/res/chatevent01/cha_mas04.txt#31#12,"ねりこさん、たまにはわたしがいるときに
来ないかな？","妮莉库小姐，能不能偶尔
趁我在家的时候过来呀？",translated,依恩,dfe56d93c0,br=0 nl=1,2,
inc/event/res/chatevent01/cha_mas04.txt#32#12,"今までも数えるくらいしか、
わたしの家で会ったことないんだよね。","至今为止在我的家里，
总共也没见过几次面呢。",translated,依恩,214ba7a7bf,br=0 nl=1,2,
inc/event/res/chatevent01/cha_mas04.txt#34#12,"そういえば、この家って塗り直ししたこと
あるのかな？","说起来，这栋房子
以前重新粉刷过吗？",translated,依恩,ddafc5a010,br=0 nl=1,2,
inc/event/res/chatevent01/cha_mas04.txt#35#12,"もしなかったとしたら、
雨漏りとか心配かも……。","如果没有的话，
漏雨之类的事情有点让人担心呢……",translated,依恩,c40b5eef38,br=0 nl=1,2,
inc/event/res/chatevent01/cha_mas04.txt#37#12,"お風呂は大好きだけど、
お風呂掃除はすごく大変……。","虽然最喜欢泡澡了，
但打扫浴室却超级费劲……",translated,依恩,593b8f5f13,br=0 nl=1,2,
inc/event/res/chatevent01/cha_mas04.txt#38#12,"水場って、放置するとすぐに汚れちゃうし、
油断してると大変なことになるんだよね。","用水的地方只要放置不管很快就会脏，
稍微大意一下就会变得非常棘手呢。",translated,依恩,9369a7d207,br=0 nl=1,2,
inc/event/res/chatevent01/cha_mas04.txt#40#12,"わたし、枕は大きくてふわっとしたのが
好きなの。","我呀，最喜欢那种
又大又蓬松的枕头了。",translated,依恩,a01212079c,br=0 nl=1,2,
inc/event/res/chatevent01/cha_mas04.txt#41#12,"やっぱり頭を乗せた時に、
枕に沈む感じがするのがいいよね。","果然还是头枕上去时，
那种陷进枕头里的感觉最舒服呢。",translated,依恩,2087617f56,br=0 nl=1,2,
inc/event/res/chatevent01/cha_mas04.txt#43#12,"ちょっと乾燥してるのかな？
唇が渇いちゃってるよ。","是不是有点干燥呀？
嘴唇都干裂了呢。",translated,依恩,6b160da678,br=0 nl=1,2,
inc/event/res/chatevent01/cha_mas04.txt#44#12,あとでリップを塗っておこっと。,待会儿涂点润唇膏吧。,translated,依恩,5100af0479,br=0 nl=0,1,
inc/event/res/chatevent01/cha_mas04.txt#46#12,最近、夜になるとすごく眠くなるの。,最近一到晚上就特别犯困。,translated,依恩,8937cbd12c,br=0 nl=0,1,
inc/event/res/chatevent01/cha_mas04.txt#47#12,"色んな物を作ったり、あなたとお話したり
するから、疲れちゃうのかな？","是因为做各种各样的东西，又跟你聊了
许多话，所以有些累了吗？",translated,依恩,ae6b29e881,br=0 nl=1,2,
inc/event/res/chatevent01/cha_mas04.txt#48#12,"でも、もしそうなら、
今のままでいいかな♪","不过要是这样的话，
保持现状也挺好的♪",translated,依恩,edcf3b20cf,br=0 nl=1,2,
inc/event/res/chatevent01/cha_mas04.txt#50#12,家庭菜園でも始めようかな？,要不要试着开辟个家庭小菜园呢？,translated,依恩,237070853f,br=0 nl=0,1,
inc/event/res/chatevent01/cha_mas04.txt#51#12,"新鮮なお野菜とか作れたら、
それだけでご飯がおいしくなるしね。","如果能种出新鲜蔬菜，
光是那样饭菜就会变得更美味呢。",translated,依恩,cceb27de45,br=0 nl=1,2,
inc/event/res/chatevent01/cha_mas04.txt#53#12,"……やっぱり、こうやって自分の生活を
見られるのって、まだ少し恥ずかしいかも。","……果然，像这样被你看着日常生活，
多少还是会觉得有些害羞呢。",translated,依恩,7088cc7f49,br=0 nl=1,2,
inc/event/res/chatevent01/cha_mas04.txt#54#12,"でも、見守られてる、って感じもするから、
嬉しくもあるんだよね。","但也有种被你守护着的感觉，
心里其实也很高兴呢。",translated,依恩,f2ee5e3740,br=0 nl=1,2,
inc/event/res/chatevent01/cha_mas04.txt#56#12,"ねりこさん、また新しいカードを
持ってきてくれないかなぁ？","妮莉库小姐，能不能再给我
送些新的卡片过来呀？",translated,依恩,0035a99cd5,br=0 nl=1,2,
inc/event/res/chatevent01/cha_mas04.txt#58#12,泊りがけの旅行とか、行ってみたいかも。,外宿过夜的旅行，我也想去去呢。,translated,依恩,8e03199c1e,br=0 nl=0,1,
inc/event/res/chatevent01/cha_mas04.txt#59#12,その時は、あなたも一緒だと嬉しいな。,到那个时候，要是你也在就好了。,translated,依恩,2d4eec942e,br=0 nl=0,1,
inc/event/res/chatevent01/cha_mas04.txt#61#12,"自分で作った服だけじゃなくて、
お店で買った服も着てみたいなぁ……。","不仅是自己做的衣服，
我也想穿穿在店里买的衣服啊……",translated,依恩,d9c75a318d,br=0 nl=1,2,
inc/event/res/chatevent01/cha_mas04.txt#62#12,"見たことないかわいい服とか、
きれいな服とか……。","没见过的可爱衣服，
或是漂亮的礼服……",translated,依恩,3cec42924c,br=0 nl=1,2,
inc/event/res/chatevent01/cha_mas04.txt#63#12,"わたしも知らない服を着てみたら、
あなたも喜んでくれるかな？","要是我穿上没穿过的衣服，
你也会感到高兴吗？",translated,依恩,12d6ba5cfa,br=0 nl=1,2,
inc/event/res/chatevent01/cha_mas04.txt#65#12,"長い間、一人で家にずっといると、
ビックリするくらい心が荒むらしいの。","要是长时间独自一人待在家里，
据说心境会变得荒芜到令人吃惊的程度呢。",translated,依恩,54dd389a7e,br=0 nl=1,2,
inc/event/res/chatevent01/cha_mas04.txt#66#12,"そうなる前にあなたと出会えて、
本当に良かったよ。","能在变成那样之前遇见你，
真是太好了。",translated,依恩,f1ee0dd137,br=0 nl=1,2,
inc/event/res/chatevent01/cha_mas04.txt#68#12,"あなたに会う前のわたしって、
独り言がけっこう多かったの。","在遇到你之前，
我自言自语其实挺多的。",translated,依恩,a3978aa353,br=0 nl=1,2,
inc/event/res/chatevent01/cha_mas04.txt#69#12,"今でもよく言っちゃうけど、あなたに会って
からは、だいぶ減ったんだよ。","虽然现在也经常会说，但遇到你之后，
自言自语已经少很多了哦。",translated,依恩,8cb51eacfd,br=0 nl=1,2,
inc/event/res/chatevent01/cha_mas04.txt#71#12,たまには雨に濡れてみたいなぁ……。,偶尔也想去淋淋雨啊……,translated,依恩,55475fdf58,br=0 nl=0,1,
inc/event/res/chatevent01/cha_mas04.txt#72#12,"ちょっと開放的な気分になって
面白いんだよ。","会有种释放自我的感觉，
挺有意思的哦。",translated,依恩,837151ada2,br=0 nl=1,2,
inc/event/res/chatevent01/cha_mas04.txt#73#12,"もちろん、風邪ひいちゃうから
少しの時間だけどね。","当然啦，因为会感冒
所以只能淋一小会儿就是了。",translated,依恩,6a4f67fa98,br=0 nl=1,2,
inc/event/res/chatevent01/cha_mas04.txt#75#12,"何かサプライズみたいな
イベントでも起きないかなぁ……。","要是能发生点什么
惊喜般的事件就好了呢……",translated,依恩,2f34b30eba,br=0 nl=1,2,
inc/event/res/chatevent01/cha_mas04.txt#76#12,"夢セカイや仮想世界以外でも、
何かできたら面白いのにね。","要是在梦世界或虚拟世界之外，
也能一起做点什么就更有趣了呢。",translated,依恩,1befe9d8c9,br=0 nl=1,2,
inc/event/res/chatevent01/cha_mas04.txt#78#12,う～、最近ちょっと頑張り過ぎかも。,呜～最近可能有点太拼了。,translated,依恩,f8b59fe1f2,br=0 nl=0,1,
inc/event/res/chatevent01/cha_mas04.txt#79#12,"肩とか腕が張っちゃって、
ちょっと痛い……。","肩膀和胳膊都紧绷绷的，
稍微有点痛……",translated,依恩,8a6c310167,br=0 nl=1,2,
inc/event/res/chatevent01/cha_mas04.txt#81#12,"はぁ……たまには記憶とかに頼らないで、
オリジナルのレシピとか作ってみたいな。","哈啊……偶尔也想不依赖记忆，
试着自创一些独创的食谱呢。",translated,依恩,ab0ff1ddf5,br=0 nl=1,2,
inc/event/res/chatevent01/cha_mas04.txt#82#12,"あなたが来る前は失敗ばっかりだった
けど、もしかしたら今ならすごいのが
できるかも……。","在你来之前我总是做失败，
不过要是现在的话，
说不定能做出厉害的东西呢……",translated,依恩,7bf017237a,br=0 nl=2,3,
inc/event/res/chatevent01/cha_mas04.txt#83#12,なんて、そんなうまくいくわけないよね。,哎呀，哪会那么顺利呀。,translated,依恩,ebe7e08014,br=0 nl=0,1,
inc/event/res/chatevent01/cha_mas04.txt#85#12,"なんか、わたしの生活って
結構サバイバルな生活じゃないかな？","总觉得，我的生活
其实算是相当荒野求生了吧？",translated,依恩,76c96aed73,br=0 nl=1,2,
inc/event/res/chatevent01/cha_mas04.txt#86#12,"ねりこさんの所で買ってくる物もあるけど、
基本的に自給自足な生活を送ってる
わけだし……。","虽然也有从妮莉库小姐那里买的东西，
但基本上过着自给自足的生活嘛……",translated,依恩,9cb57b98f7,br=0 nl=2,3,
inc/event/res/chatevent01/cha_mas04.txt#88#12,"あなたとお話だけじゃなくて、
何かもっとできるようにならないかな？","除了和你聊天之外，
就不能做点更多的事情吗？",translated,依恩,a17d5de7c8,br=0 nl=1,2,
inc/event/res/chatevent01/cha_mas04.txt#89#12,"といっても、全然案とか出てこないし、
道のりは遠そうだよ……。","虽说如此，但也完全想不出点子，
看来前路还很遥远呢……",translated,依恩,9335249eb1,br=0 nl=1,2,
inc/event/res/chatevent01/cha_mas04.txt#91#12,"そういえば、あなたと会ってから
もうずいぶん経ったよね。","说起来，自从遇见你之后，
已经过去相当长的时间了呢。",translated,依恩,69707f0a05,br=0 nl=1,2,
inc/event/res/chatevent01/cha_mas04.txt#92#12,"わたし達の関係、最初に会った時よりも
大分縮まってる……と良いな。","我们的关系，要是比初遇时
拉近了许多的话……那就好了呢。",translated,依恩,bfd664e1e4,br=0 nl=1,2,
inc/event/res/chatevent01/cha_mas05.txt#3#12,ちょっとだけ、おしゃれしようかな……。,稍微打扮一下吧……,translated,依恩,220b090a0a,br=0 nl=0,1,
inc/event/res/chatevent01/cha_mas05.txt#4#12,あなたの前では、綺麗にしてたいもん。,毕竟在你的面前，我想保持得漂漂亮亮的嘛。,translated,依恩,08862622b8,br=0 nl=0,1,
inc/event/res/chatevent01/cha_mas05.txt#7#12,えへへ……何だか、凄く幸せな気持ちなの。,嘿嘿……总觉得，心里特别幸福呢。,translated,依恩,4d0bf8a942,br=0 nl=0,1,
inc/event/res/chatevent01/cha_mas05.txt#9#12,"な、何だか、前よりもドキドキすることが
多くなった気がするの。","总、总觉得，心跳加速的时候
好像比以前变多了呢。",translated,依恩,67148342e7,br=0 nl=1,2,
inc/event/res/chatevent01/cha_mas05.txt#10#12,やっぱり、お付き合いしてるから……かな？,果然是因为我们在交往吗……？,translated,依恩,b12ddeb763,br=0 nl=0,1,
inc/event/res/chatevent01/cha_mas05.txt#12#12,"前よりも、あなたのことを強く感じられる
ようになった気がするの。","感觉比以前更能
强烈感受到你的存在了呢。",translated,依恩,9cb3c87342,br=0 nl=1,2,
inc/event/res/chatevent01/cha_mas05.txt#13#12,えへへ……何でだろうね？,嘿嘿……这是为什么呢？,translated,依恩,e2c559e241,br=0 nl=0,1,
inc/event/res/chatevent01/cha_mas05.txt#15#12,もっと、トントンしてほしいな……。,好想让你多戳戳我啊……,translated,依恩,b34c1d3d6a,br=0 nl=0,1,
inc/event/res/chatevent01/cha_mas05.txt#17#12,"最近ね、前よりももっとあなたのことを
考えるようになったの。","最近呢，我比以前更加频繁地
思念起你了哦。",translated,依恩,58caa78214,br=0 nl=1,2,
inc/event/res/chatevent01/cha_mas05.txt#18#12,"あなたも、わたしのこと考えてくれてる
のかな？",你也一样在想着我吗？,translated,依恩,1b9d6b2f4c,br=0 nl=1,2,
inc/event/res/chatevent01/cha_mas05.txt#20#12,"もっと大勢の人がいるところで生活したい、
って前は思ってたの。","以前我总想着，
能在人更多的地方生活就好了。",translated,依恩,00af757347,br=0 nl=1,2,
inc/event/res/chatevent01/cha_mas05.txt#21#12,"でも、あなたがいてくれるなら、ずっと
ここで生活するのも良いかな……。","但是，只要有你陪着，
一直在这里生活好像也挺好的……",translated,依恩,80ba557390,br=0 nl=1,2,
inc/event/res/chatevent01/cha_mas05.txt#23#12,……また、デートに行きたいね。,……好想再去约会呢。,translated,依恩,933e3b6f0f,br=0 nl=0,1,
inc/event/res/chatevent01/cha_mas05.txt#24#12,えへへ、エスコートしてほしいな。,嘿嘿，想让你护送我呢。,translated,依恩,ba90dfed71,br=0 nl=0,1,
inc/event/res/chatevent01/cha_mas05.txt#26#12,"あなた用の歯ブラシとか、カップとかを
買っておこうかな？","要不要买好你专用的
牙刷和杯子之类的呢？",translated,依恩,777dd50360,br=0 nl=1,2,
inc/event/res/chatevent01/cha_mas05.txt#27#12,"わ、わたしだって、カップルっぽいことに
憧れるもん……。","我、我也会憧憬
像情侣一样的感觉嘛……",translated,依恩,6b06464418,br=0 nl=1,2,
inc/event/res/chatevent01/cha_mas05.txt#29#12,"わ、わたし達って、えっと……
こ、恋人同士……だよね？","我、我们……那个……
算、算是恋人……对吧？",translated,依恩,ae585a7a94,br=0 nl=1,2,
inc/event/res/chatevent01/cha_mas05.txt#30#12,えへへ……ちょっと恥ずかしいような……。,嘿嘿……感觉稍微有点害羞呢……,translated,依恩,7a54fa38e3,br=0 nl=0,1,
inc/event/res/chatevent01/cha_mas05.txt#31#12,……ううん、嬉しい。,……不，其实很高兴。,translated,依恩,c93fe50d71,br=0 nl=0,1,
inc/event/res/chatevent01/cha_mas05.txt#33#12,"女の子らしい料理を、たくさん作れるように
なりたいな。","真希望能学会做很多
有女孩子味道的料理呢。",translated,依恩,1d41ceb0c0,br=0 nl=1,2,
inc/event/res/chatevent01/cha_mas05.txt#34#12,"あと、あなたが好きな料理を作れるようにも
なりたいの。","还有，我也想学会
做你喜欢吃的菜。",translated,依恩,e9bdd7e4e9,br=0 nl=1,2,
inc/event/res/chatevent01/cha_mas05.txt#36#12,"最近、忙しいのかな？
わたしに会いに来てくれる時間が
短い気がするの。","最近很忙吗？
总觉得你来看我的时间
好像变短了呢。",translated,依恩,9735ce9a82,br=0 nl=2,3,
inc/event/res/chatevent01/cha_mas05.txt#37#12,"それとも、前よりも好きになったから、
そう思っちゃうのかな？","还是说，因为比以前更喜欢你了，
才会产生这种感觉呢？",translated,依恩,7df8a34ac2,br=0 nl=1,2,
inc/event/res/chatevent01/cha_mas05.txt#39#12,"もっと、あなたと自由に、沢山お話が
できればいいのに……。","要是能更自由、更尽情地
和你聊天该有多好啊……",translated,依恩,b0121d9ea9,br=0 nl=1,2,
inc/event/res/chatevent01/cha_mas05.txt#40#12,"でも、こうして一緒にいられるだけでも
幸せだから、わがまま言っちゃダメかな？","不过，能像这样在一起就已经很幸福了，
我不该这么任性对吧？",translated,依恩,9fe6c0638e,br=0 nl=1,2,
inc/event/res/chatevent01/cha_mas05.txt#42#12,"わたしも、あなたの色んなところを
トントンしてみたいな。","我也想戳戳你的
各个地方呢。",translated,依恩,acb068cab7,br=0 nl=1,2,
inc/event/res/chatevent01/cha_mas05.txt#44#12,今日もわたしは元気いっぱいだよ。,今天我也精神饱满哦。,translated,依恩,44187e1e4e,br=0 nl=0,1,
inc/event/res/chatevent01/cha_mas05.txt#45#12,"だって、あなたがこうして見ていて
くれるんだもん。",毕竟有你像这样注视着我嘛。,translated,依恩,07ed1f4a35,br=0 nl=1,2,
inc/event/res/chatevent01/cha_mas05.txt#47#12,"こうやって世間話をするのも良いけど、
もっと、えっと……。","像这样闲聊家常固然很好，
不过，要是能聊点更……那个……",translated,依恩,4d08a31a46,br=0 nl=1,2,
inc/event/res/chatevent01/cha_mas05.txt#48#12,こ、恋人っぽい話とか……したいな。,我想聊点……像、像恋人一样的话题呢。,translated,依恩,5b0ec392a1,br=0 nl=0,1,
inc/event/res/chatevent01/cha_mas05.txt#50#12,あ、そこのお醤油取って。,啊，递一下那边的酱油。,translated,依恩,077eb552eb,br=0 nl=0,1,
inc/event/res/chatevent01/cha_mas05.txt#51#12,"……なんて会話のできる生活を、
一緒に送れたらいいのにね。","……要是能和你一起过上
有这种家常对话的生活就好了呢。",translated,依恩,79ca342bbe,br=0 nl=1,2,
inc/event/res/chatevent01/cha_mas05.txt#53#12,ちゃんとご飯食べてる？,你有好好吃饭吗？,translated,依恩,ec1e893956,br=0 nl=0,1,
inc/event/res/chatevent01/cha_mas05.txt#54#12,"こっちからは見えないから、
ちょっと心配かも……。","因为从我这边看不到你，
所以稍微有点担心呢……",translated,依恩,029dd7f05a,br=0 nl=1,2,
inc/event/res/chatevent01/cha_mas05.txt#56#12,今ね、ちょっとだけ寂しいかも……。,现在呢，好像稍微有点寂寞……,translated,依恩,3491a38f9a,br=0 nl=0,1,
inc/event/res/chatevent01/cha_mas05.txt#57#12,……一緒に、いてくれる？,……能陪陪我吗？,translated,依恩,639c0c317b,br=0 nl=0,1,
inc/event/res/chatevent01/cha_mas05.txt#59#12,"せめて、あなたと一緒に家の外に出れたら
いいのに……。","哪怕只是和你一起
去家门外走走也好呀……",translated,依恩,58014f4203,br=0 nl=1,2,
inc/event/res/chatevent01/cha_mas05.txt#60#12,"仮想世界じゃない、本当の星空を眺めながら
お話ししたいなー。","好想一边眺望并非虚拟世界的、
真正的星空，一边聊聊天呀～",translated,依恩,cf44135f69,br=0 nl=1,2,
inc/event/res/chatevent01/cha_mas05.txt#62#12,ねえねえ……。,我说……,translated,依恩,05dba59e8a,br=0 nl=0,1,
inc/event/res/chatevent01/cha_mas05.txt#63#12,"えへへ、あなたを呼びたかっただけ。
ごめんね。","嘿嘿，只是想叫叫你的名字啦。
抱歉哦。",translated,依恩,7e891098e4,br=0 nl=1,2,
inc/event/res/chatevent01/cha_mas05.txt#65#12,"デートに行ける場所、もっともっと
増えるといいね。","能去约会的地方，
要是能变得越来越多就好了呢。",translated,依恩,5b32332613,br=0 nl=1,2,
inc/event/res/chatevent01/cha_mas05.txt#66#12,ねりこさんにお願いしてみようかな？,要不要去拜托一下妮莉库小姐呢？,translated,依恩,26f4d2400c,br=0 nl=0,1,
inc/event/res/chatevent01/cha_mas05.txt#68#12,"ちょっとだけ、新婚さんっぽい感じに
模様替えとか……。","稍微把房间重新布置成
新婚小夫妻那样的感觉……",translated,依恩,26971a864f,br=0 nl=1,2,
inc/event/res/chatevent01/cha_mas05.txt#69#12,"な、なんてね！
さすがにまだ早いよね！","开、开玩笑的啦！
果然还是太早了对吧！",translated,依恩,6a45bbe212,br=0 nl=1,2,
inc/event/res/chatevent01/cha_mas05.txt#71#12,ハートの形のエプロンが欲しいな。,好想要一条心形的围裙呀。,translated,依恩,20a59edb81,br=0 nl=0,1,
inc/event/res/chatevent01/cha_mas05.txt#72#12,"それを付けて、あなたの前で料理をしたら、
とっても嬉しい気持ちになれるんじゃない
かな、って思うの。","穿上它在你的面前做饭的话，
我想心情一定会变得非常幸福吧。",translated,依恩,9a1de173c2,br=0 nl=2,3,
inc/event/res/chatevent01/cha_mas05.txt#74#12,今日は、ずっと一緒にいてほしいな……。,今天，希望你能一直陪着我……,translated,依恩,7594fa183b,br=0 nl=0,1,
inc/event/res/chatevent01/cha_mas05.txt#75#12,"なんて、わがまま言ったらダメだよね？
ごめんなさい……。","哎呀，我不该这么任性对吧？
对不起……",translated,依恩,537cade8f7,br=0 nl=1,2,
inc/event/res/chatevent01/cha_mas05.txt#77#12,えへへ……。,嘿嘿……,translated,依恩,8bd06662d3,br=0 nl=0,1,
inc/event/res/chatevent01/cha_mas05.txt#78#12,"あなたとお話ししてるだけで、
凄く幸せな気分だよ。","光是和你聊天，
就能让我感觉超级幸福哦。",translated,依恩,0cd6a325dc,br=0 nl=1,2,
inc/event/res/chatevent01/cha_mas05.txt#80#12,"あなたと恋人になってから、
毎日が幸せ過ぎて怖いくらい。","自从和你成为恋人之后，
每天都幸福得让人有些害怕呢。",translated,依恩,6da78b7602,br=0 nl=1,2,
inc/event/res/chatevent01/cha_mas05.txt#81#12,この幸せがずっと続いてくれると嬉しいな。,如果这份幸福能一直持续下去就好了。,translated,依恩,511f8fd7f3,br=0 nl=0,1,
inc/event/res/chatevent01/cha_mas05.txt#83#12,"ねりこさんと、わたしがいない時に
会ってるんだよね？","我不在的时候，
你有和妮莉库小姐见过面对吧？",translated,依恩,18c98a2319,br=0 nl=1,2,
inc/event/res/chatevent01/cha_mas05.txt#84#12,"そのことを考えると、胸の辺りがもやもや
した感じになるの……何でかな？","一想到那件事，胸口就会觉得
闷闷的、有些烦躁……这是为什么呢？",translated,依恩,e12921466b,br=0 nl=1,2,
inc/event/res/chatevent01/cha_mas05.txt#86#12,"あなたと一緒に、色んな物を作れたら
嬉しいのに……。","要是能和你一起
做各种各样的东西就好了呢……",translated,依恩,8fb486b701,br=0 nl=1,2,
inc/event/res/chatevent01/cha_mas05.txt#87#12,"愛の共同作業……
な、なんてね、えへへ……。","爱的共同协作……
开、开个玩笑啦，嘿嘿……",translated,依恩,ccfd72832a,br=0 nl=1,2,
inc/event/res/chatevent01/cha_mas05.txt#89#12,"わ、わたし達、付き合ってるんだから、
やっぱりその、き、きき……。","我、我们都在交往了，
果然还是那个，亲、亲亲……",translated,依恩,4ffe727021,br=0 nl=1,2,
inc/event/res/chatevent01/cha_mas05.txt#90#12,"や、やっぱりなんでもない！
そういうのは、まだ早いよね。","还、还是算了，没什么！
那种事果然还是太早了对吧。",translated,依恩,b1e35fad6a,br=0 nl=1,2,
inc/event/res/chatevent01/cha_mas06.txt#2#12,"サンドイッチって、
手軽に食べられるのが良いよね？","三明治能够方便地吃掉，
这点真好对吧？",translated,依恩,eb44579a5f,br=0 nl=1,2,
inc/event/res/chatevent01/cha_mas06.txt#3#12,まあ、こっちの世界には無いけど……。,虽然这个世界里并没有就是了……,translated,依恩,ec3fbeb3d5,br=0 nl=0,1,
inc/event/res/chatevent01/cha_mas06.txt#4#12,"はぁ……話してたら食べたくなって
きちゃったよ……。","哈啊……聊着聊着
我都变得想吃了呢……",translated,依恩,ac715f9ab1,br=0 nl=1,2,
inc/event/res/chatevent01/cha_mas06.txt#6#12,"この前、料理をした時に冷蔵庫を
きちんと閉めてなかったの。","前阵子做饭的时候，
我没把冰箱门关紧。",translated,依恩,07992c7557,br=0 nl=1,2,
inc/event/res/chatevent01/cha_mas06.txt#7#12,"もし冷凍庫だったら、
大変なことになってたよね。","要是冷冻室的话，
可就要出大问题了呢。",translated,依恩,cfee2cd05c,br=0 nl=1,2,
inc/event/res/chatevent01/cha_mas06.txt#9#12,可愛い日傘が欲しいな。,好想要一把可爱的阳伞呀。,translated,依恩,1c4847aec7,br=0 nl=0,1,
inc/event/res/chatevent01/cha_mas06.txt#10#12,"お散歩をする時とか、
採取に行く時にさして歩きたいの。","想在去散步或者去采集的时候
撑着它走路呢。",translated,依恩,e4d545d317,br=0 nl=1,2,
inc/event/res/chatevent01/cha_mas06.txt#12#12,"この前、採取に行ってる時に、
雨に降られちゃったの。","前阵子去采集的时候，
半路上被雨淋了呢。",translated,依恩,407bd5c475,br=0 nl=1,2,
inc/event/res/chatevent01/cha_mas06.txt#13#12,"洗濯物干しっぱなしで出かけてたから、
すごく焦っちゃった……。","因为出门时还晾着衣服，
当时可把我急坏了……",translated,依恩,c919bd2d6d,br=0 nl=1,2,
inc/event/res/chatevent01/cha_mas06.txt#15#12,くしゅんっ！,阿嚏！,translated,依恩,ebd71beb9b,br=0 nl=0,1,
inc/event/res/chatevent01/cha_mas06.txt#16#12,う～……誰か噂してるのかな？,唔～……是谁在念叨我吗？,translated,依恩,2f42723781,br=0 nl=0,1,
inc/event/res/chatevent01/cha_mas06.txt#17#12,"って、思い当たるのはねりこさんか
あなたしかいないけど……。","不过，能想到的也就只有
妮莉库小姐或者你了吧……",translated,依恩,0fb52332f4,br=0 nl=1,2,
inc/event/res/chatevent01/cha_mas06.txt#19#12,壮大な物語の小説を書いてみたいなぁ。,真想写一部宏大长篇的故事小说呀。,translated,依恩,62589c718e,br=0 nl=0,1,
inc/event/res/chatevent01/cha_mas06.txt#20#12,"……風呂敷を広げて畳めなくなることに
なりかねないけど。","……虽然可能会把摊子铺得太大
而无法收场就是了。",translated,依恩,3df4151a0b,br=0 nl=1,2,
inc/event/res/chatevent01/cha_mas06.txt#22#12,ふぁ～……。,哈啊～……,translated,依恩,a7cd717c9a,br=0 nl=0,1,
inc/event/res/chatevent01/cha_mas06.txt#23#12,"何か、今日はあくびがよく出るの。
寝不足なのかな？","今天总觉得老打哈欠呢。
是睡眠不足吗？",translated,依恩,08a92b8a52,br=0 nl=1,2,
inc/event/res/chatevent01/cha_mas06.txt#25#12,"世間話も良いけど、たまには、
えっと……。","闲聊也很不错，但偶尔也想……
那个……",translated,依恩,b57406595b,br=0 nl=1,2,
inc/event/res/chatevent01/cha_mas06.txt#26#12,"ら、ラブラブ話なんかも、してみたい
かなぁ、なんて……えへへ。","聊、聊聊甜蜜恩爱的话题呢，
开玩笑的……嘿嘿。",translated,依恩,c7d1dadc8c,br=0 nl=1,2,
inc/event/res/chatevent01/cha_mas06.txt#28#12,"丸一日料理をし続ける生活を続けたら、
何日くらいで冷蔵庫の中がいっぱいに
なると思う？","要是整天不断地做饭，
你觉得大概过几天
冰箱就会被塞满呀？",translated,依恩,9bb7787433,br=0 nl=2,3,
inc/event/res/chatevent01/cha_mas06.txt#29#12,えへへ、いつか試してみたいね。,嘿嘿，改天真想试试看呢。,translated,依恩,c9d1805243,br=0 nl=0,1,
inc/event/res/chatevent01/cha_mas06.txt#31#12,この前、ポストに回覧板が入ってたの。,前几天，信箱里被塞了传阅板。,translated,依恩,3aeca00304,br=0 nl=0,1,
inc/event/res/chatevent01/cha_mas06.txt#32#12,"……誰が持ってきたのかな？
ちょっと怖かったよ。","……会是谁送来的呢？
感觉有点吓人呢。",translated,依恩,0b3dbff2a3,br=0 nl=1,2,
inc/event/res/chatevent01/cha_mas06.txt#34#12,"レンジで飲み物を温めたのに、
それを忘れて数時間後に気づく、
ってことない？","你有没有过把饮料放微波炉加热，
结果彻底忘记，过了好几个小时
才想起来的经历？",translated,依恩,f1bd8409ac,br=0 nl=2,3,
inc/event/res/chatevent01/cha_mas06.txt#35#12,"冷たくなった飲み物を発見したとき、
すごく寂しい気持ちになるよね……。","发现彻底放凉的饮料时，
心情会变得特别凄凉对吧……",translated,依恩,362fe2a72e,br=0 nl=1,2,
inc/event/res/chatevent01/cha_mas06.txt#37#12,"効率が上がらないときは図書館で
作業をするのも良いよね？","效率提不上来的时候，
去图书馆干活也很不错对吧？",translated,依恩,149f8027f4,br=0 nl=1,2,
inc/event/res/chatevent01/cha_mas06.txt#38#12,"……問題は、ここに図書館が
ないってことなんだけど。","……问题是，
这里根本就没有图书馆就是了。",translated,依恩,8a06cf38a7,br=0 nl=1,2,
inc/event/res/chatevent01/cha_mas06.txt#40#12,"ねりこさんがね、買い物に来るたびに
のろけ話をするな、って言うの。","妮莉库小姐每次来买东西，
都叫我别跟她秀恩爱呢。",translated,依恩,921ecb89f2,br=0 nl=1,2,
inc/event/res/chatevent01/cha_mas06.txt#41#12,そんなつもりないのに……。,我明明没有那个意思的说……,translated,依恩,7e94655158,br=0 nl=0,1,
inc/event/res/chatevent01/cha_mas06.txt#43#12,"たまには自分で作る料理じゃなくて、
プロが作った料理も食べてみたい。","偶尔不想吃自己做的料理，
也想尝尝专业大厨做的菜呢。",translated,依恩,99d3fe3d26,br=0 nl=1,2,
inc/event/res/chatevent01/cha_mas06.txt#44#12,"きっとわたしと同じレシピを使っても、
別物、って思うくらい美味しくなるんじゃ
ないかな？","哪怕用的是和我相同的食谱，
肯定也会美味到让人觉得判若两物吧？",translated,依恩,a5e443ff14,br=0 nl=2,3,
inc/event/res/chatevent01/cha_mas06.txt#46#12,"小さくなって機械の中に入ったような
仮想世界に行けたら、楽しそうじゃない？","要是能去那种变小进入机械内部一样的
虚拟世界，感觉是不是挺好玩的？",translated,依恩,354d36be07,br=0 nl=1,2,
inc/event/res/chatevent01/cha_mas06.txt#47#12,"パーツを一つ決めておいて、
機械の中を歩きながらそれを探すの。","事先指定好一个零件，
一边在机械内部走动一边寻找它。",translated,依恩,a2eb16aa19,br=0 nl=1,2,
inc/event/res/chatevent01/cha_mas06.txt#48#12,"きっと盛り上がると思うよ。
ねりこさんに、お願いしたらもらえないかな？","肯定会很刺激的哦。
要是去求妮莉库小姐，能不能拿到呢？",translated,依恩,c504d642d8,br=0 nl=1,2,
inc/event/res/chatevent01/cha_mas06.txt#50#12,"気づかないうちに体をどこかにぶつけて、
痣が出来ちゃった、ってことない？","你有没有过不知不觉磕到哪里，
身上撞出淤青的经历？",translated,依恩,b9f935db46,br=0 nl=1,2,
inc/event/res/chatevent01/cha_mas06.txt#51#12,あれって、見つけた瞬間少し焦るよね？,看到淤青的瞬间会稍微吓一跳对吧？,translated,依恩,e24f6ade42,br=0 nl=0,1,
inc/event/res/chatevent01/cha_mas06.txt#53#12,"……お金を入れたら商品が出てくる機械、
一台欲しいなぁ。","……真想要一台
投币就会出商品的机器啊。",translated,依恩,87f7e57d45,br=0 nl=1,2,
inc/event/res/chatevent01/cha_mas06.txt#55#12,"工作でずっと座ってると、
立った時に体が固まったような
感じがするの……。","手工制作久坐之后，
站起来时会感觉身体都僵硬了呢……",translated,依恩,202b2a552b,br=0 nl=2,3,
inc/event/res/chatevent01/cha_mas06.txt#56#12,"長時間作業になるときは、
途中でストレッチするようにしようかな？","要长时间干活的时候，
要不中间稍微做做拉伸吧？",translated,依恩,7088f7b830,br=0 nl=1,2,
inc/event/res/chatevent01/cha_mas06.txt#58#12,お花見って、ちょっと憧れるかも。,赏花这种事，稍微有点让人向往呢。,translated,依恩,1927dd043e,br=0 nl=0,1,
inc/event/res/chatevent01/cha_mas06.txt#59#12,"綺麗な花を咲かせる大きな木、
わたしも欲しいな……。","能绽放出美丽花朵的大树，
我也好想要一棵啊……",translated,依恩,ea29090d6d,br=0 nl=1,2,
inc/event/res/chatevent01/cha_mas06.txt#61#12,"この前、タンスの奥に古くなった
ボードゲームを見つけたの！","前阵子，我在衣柜深处
翻出了以前的桌游哦！",translated,依恩,87d27839b6,br=0 nl=1,2,
inc/event/res/chatevent01/cha_mas06.txt#62#12,"……まあ、一人じゃ遊べないから、
見なかったことにして戻したけど……。","……不过一个人也玩不了，
就当作没看见放回去了就是了……",translated,依恩,1520f9899b,br=0 nl=1,2,
inc/event/res/chatevent01/cha_mas06.txt#64#12,"あなたからは見えないけど、この端末には
あなたの情報が色々表示されているの。","虽然你那边看不到，不过这个终端上
显示着你的各种各样的信息哦。",translated,依恩,bf32f3457b,br=0 nl=1,2,
inc/event/res/chatevent01/cha_mas06.txt#65#12,"でも、どんなことが表示されてるかは
秘密だよ。","不过具体显示了什么，
是秘密哦。",translated,依恩,3d2d03212f,br=0 nl=1,2,
inc/event/res/chatevent01/cha_mas06.txt#66#12,"何かあった時に、どうして知ってるの、
ってあなたをビックリさせたいしね。","要是有什么事，我也想问你“怎么知道的呀”，
吓你一跳嘛。",translated,依恩,7496e1fdf7,br=0 nl=1,2,
inc/event/res/chatevent01/cha_mas06.txt#68#12,"空気の入れ替えで窓を開けた時に、
小さな虫が入っちゃうことってあるよね？","换气开窗的时候，
有时会有小虫子飞进来对吧？",translated,依恩,8f4ec7a361,br=0 nl=1,2,
inc/event/res/chatevent01/cha_mas06.txt#69#12,あれってすごく気分がへこむよ……。,遇到那种事真的超级让人沮丧啊……,translated,依恩,e68e7c7236,br=0 nl=0,1,
inc/event/res/chatevent01/cha_mas06.txt#71#12,"あなたがいてくれるのはわかるけど、
それでも急に寂しさを感じる時が
偶にあるの……。","虽然我知道有你在，
但偶尔还是会突然
感到一阵寂寞呢……",translated,依恩,9645f9efe8,br=0 nl=2,3,
inc/event/res/chatevent01/cha_mas06.txt#72#12,"いつか、あなたと本当に触れ合うことが
出来る日が来てくれたら良いのに……。","要是哪一天，真的能和你
亲手触碰得到该有多好啊……",translated,依恩,e19d1573c9,br=0 nl=1,2,
inc/event/res/chatevent01/cha_mas06.txt#74#12,"この前、買った記憶の無い変なお面を
タンスの奥から見つけたの。","前几天，我在衣柜深处
翻出了一个完全没印象买过的怪面具。",translated,依恩,e8c44bc5ab,br=0 nl=1,2,
inc/event/res/chatevent01/cha_mas06.txt#75#12,"それでねりこさんの店に行ったら、
我も売った記憶は無い、って言うの。","于是我跑去妮莉库小姐的店里问，
她也说“吾辈没有卖过那玩意的记忆”。",translated,依恩,cae8e84d92,br=0 nl=1,2,
inc/event/res/chatevent01/cha_mas06.txt#76#12,"……こういうのヘタなホラーより
怖くて困っちゃうよ。","……这种事比拙劣的恐怖片
还要吓人，真让人伤脑筋啊。",translated,依恩,c1de4156c3,br=0 nl=1,2,
inc/event/res/chatevent01/cha_mas06.txt#78#12,"今日はお風呂じゃなくて、
シャワーにしようかな？","今天要不不泡澡了，
冲个淋浴吧？",translated,依恩,81a9ccdef2,br=0 nl=1,2,
inc/event/res/chatevent01/cha_mas06.txt#79#12,"お風呂は全身ぽかぽかになるけど、
シャワーはさっぱりした感じになるのが
良いよね？","泡澡能让浑身暖洋洋的，
但淋浴那种清清爽爽的感觉
也很棒对吧？",translated,依恩,e66fc80f71,br=0 nl=2,3,
inc/event/res/chatevent01/cha_mas06.txt#81#12,色々挑戦してみたい髪型はあるよ。,我有许多想尝试看看的发型哦。,translated,依恩,4d0de9140e,br=0 nl=0,1,
inc/event/res/chatevent01/cha_mas06.txt#82#12,"でも、可愛いものほど結び方が
難しくなるから、簡単に挑戦できないの。","但是越是可爱的发型扎起来越难，
所以没法轻易去挑战呢。",translated,依恩,79a8b1ab0d,br=0 nl=1,2,
inc/event/res/chatevent01/cha_mas06.txt#83#12,"結び方がヘタだと、グチャッとして
かっこ悪くなっちゃうもん。","扎得不好的话，乱糟糟的
看起来就很不精神嘛。",translated,依恩,2fd4d40581,br=0 nl=1,2,
inc/event/res/chatevent01/cha_mas06.txt#85#12,"もっとささっと作れる美味しい料理を、
沢山作れるようになりたいな。","我希望能学会做很多
能唰唰迅速做好的美味料理呢。",translated,依恩,67d5a8ad06,br=0 nl=1,2,
inc/event/res/chatevent01/cha_mas06.txt#86#12,"簡単な料理だとしても、ささっと
作れたらかっこいいもん。","哪怕是简单的家常便饭，
能麻利地做出来也很帅气嘛。",translated,依恩,6e0419d38c,br=0 nl=1,2,
inc/event/res/chatevent01/cha_mas06.txt#88#12,"急に雨が降り始めたのには気づくのに、
洗濯物を干してたのには気づかない、
ってこと、時々ない？","你有时会不会这样，注意到了突然下雨，
却完全没意识到自己还晾着衣服？",translated,依恩,c0da72137f,br=0 nl=2,3,
inc/event/res/chatevent01/cha_mas06.txt#89#12,"少し前にそれをやっちゃって……。
洗い直しって、ちょっと悲しくなるよ。","不久前我就干了这蠢事……
还得重新洗一遍，真让人难过啊。",translated,依恩,abe1d71b98,br=0 nl=1,2,
inc/event/res/chatevent01/cha_mas06.txt#91#12,"釣りは一人で考え事をするのに向いてる、
って何かで読んだことがあるの。","我在书上看到过，
钓鱼很适合一个人独自思考事情呢。",translated,依恩,c1c96f4a37,br=0 nl=1,2,
inc/event/res/chatevent01/cha_mas06.txt#92#12,"ねりこさんにお願いすれば、釣堀とか
作ってもらえるかな？","要是去拜托妮莉库小姐，
不知道能不能帮我弄个钓鱼池呢？",translated,依恩,951dad5947,br=0 nl=1,2,
inc/event/res/chatevent01/cha_mas06.txt#94#12,"一日も家から出なかった日の夕方に、
ふと窓の外を見ると……ちょっとだけ
寂しい気持ちになるよね？","一整天都没出门的日子，到了傍晚
偶然望向窗外时……
会觉得有一点点寂寞对吧？",translated,依恩,c2ab245a1d,br=0 nl=2,3,
inc/event/res/chatevent01/cha_mas06.txt#95#12,"わたし、一日家の中に閉じこもって
何やってるんだろう、って……。","会觉得，自己一整天闷在家里
到底在干些什么啊……",translated,依恩,4be8171f41,br=0 nl=1,2,
inc/event/res/chatevent01/cha_mas06.txt#96#12,"あなたはこうなっちゃダメだよ？
わたしもなるべく採取とかお散歩に
出かけるようにしよっと。","你可不能变成这样哦？
我也得尽量多出去采集或者散散步才行。",translated,依恩,3c5adb8a69,br=0 nl=2,3,
inc/event/res/chatevent01/cha_mas07.txt#2#12,う～ん……ちょっと肩が凝ってるかも。,嗯～……肩膀好像有点僵硬呢。,translated,依恩,b0f24738b8,br=0 nl=0,1,
inc/event/res/chatevent01/cha_mas07.txt#3#12,最近、工作とかし過ぎかな？,最近是不是做手工做太过了呢？,translated,依恩,4fba25dc4e,br=0 nl=0,1,
inc/event/res/chatevent01/cha_mas07.txt#5#12,"昨日、お風呂に入ってる時に
枝毛を見つけたの。","昨天泡澡的时候，
我发现了分叉的头发。",translated,依恩,7d079af17b,br=0 nl=1,2,
inc/event/res/chatevent01/cha_mas07.txt#6#12,"ちゃんとケアしないとダメだね。
あなたも触ってくれるんだから、
さらさらにしておきたいもん。","得好好做护理才行呢。
毕竟你也会摸我的头发，
我想保持得柔柔顺顺的嘛。",translated,依恩,b009115658,br=0 nl=2,3,
inc/event/res/chatevent01/cha_mas07.txt#8#12,……ちょっと、口寂しい気がするかも。,……嘴巴好像有点馋了呢。,translated,依恩,529d8b8971,br=0 nl=0,1,
inc/event/res/chatevent01/cha_mas07.txt#9#12,何か食べようかな？,要不要吃点什么呢？,translated,依恩,2511b980bc,br=0 nl=0,1,
inc/event/res/chatevent01/cha_mas07.txt#11#12,"お部屋に置く新しいインテリアが
欲しいかも……。",想要点放在房间里的新摆件呢……,translated,依恩,d1e191d7cf,br=0 nl=1,2,
inc/event/res/chatevent01/cha_mas07.txt#12#12,"やっぱり、お部屋が代わり映えしないのは
ちょっと寂しい気がするし。","毕竟房间总是一成不变的话，
感觉也有点冷清呢。",translated,依恩,a22a85d180,br=0 nl=1,2,
inc/event/res/chatevent01/cha_mas07.txt#14#12,"ねりこさんがね、鳩時計、っていう
面白い掛け時計を見せてくれたの。","妮莉库小姐之前给我看了
一种叫布谷鸟钟的有趣挂钟哦。",translated,依恩,448f0af867,br=0 nl=1,2,
inc/event/res/chatevent01/cha_mas07.txt#15#12,……ちょっと、欲しいかも。,……感觉有点想要呢。,translated,依恩,97f10e2c34,br=0 nl=0,1,
inc/event/res/chatevent01/cha_mas07.txt#17#12,ちょっと、太陽の光を浴びたいかも……。,稍微想去晒晒太阳了呢……,translated,依恩,38f7603f57,br=0 nl=0,1,
inc/event/res/chatevent01/cha_mas07.txt#18#12,海なんか良いかもしれないね。,去海边或许很不错呢。,translated,依恩,d67603e3c3,br=0 nl=0,1,
inc/event/res/chatevent01/cha_mas07.txt#20#12,"冷蔵庫の横にずっと貼ってあるメモにね、
『起きたらする』って書いてあるの。","贴在冰箱旁边的便签上，
写着“醒来之后要做”。",translated,依恩,29517f4dea,br=0 nl=1,2,
inc/event/res/chatevent01/cha_mas07.txt#21#12,"ただ、何をしようとしてたのかを
思い出せなくて……。","只是我完全想不起
原本打算要做什么了……",translated,依恩,9b258fbb66,br=0 nl=1,2,
inc/event/res/chatevent01/cha_mas07.txt#22#12,"そもそもいつ貼ったのかも覚えてないの。
はぁ……もっとしっかりしなくちゃ。","连什么时候贴的都记不得了。
哈啊……我得更振作一点才行。",translated,依恩,b80d3a33e8,br=0 nl=1,2,
inc/event/res/chatevent01/cha_mas07.txt#24#12,"冷蔵庫の横に置いてある鉢植えだけど、
なかなか芽が出てこないね。","放在冰箱旁边的盆栽，
迟迟都没有发芽呢。",translated,依恩,585abbf7c5,br=0 nl=1,2,
inc/event/res/chatevent01/cha_mas07.txt#25#12,"種はあなたと会うずっと前に撒いたから、
もう何の種だったのかも思い出せない
けど……。","因为种子是遇见你很久以前播下的，
现在连是什么种子都想不起来了呢……",translated,依恩,bd73355617,br=0 nl=2,3,
inc/event/res/chatevent01/cha_mas07.txt#27#12,"一度で良いから、あなたと一晩中
お話をしてみたいな。","哪怕只有一次也好，
真想和你彻夜长谈一次啊。",translated,依恩,34b05cdb2e,br=0 nl=1,2,
inc/event/res/chatevent01/cha_mas07.txt#28#12,"それで、一緒に明るくなっていく空を
眺めるの……。","然后，一起眺望
天色逐渐变亮的天空……",translated,依恩,e2607f55ef,br=0 nl=1,2,
inc/event/res/chatevent01/cha_mas07.txt#29#12,いつか、できるといいな……。,要是哪天能实现就好了呢……,translated,依恩,637cd5c2be,br=0 nl=0,1,
inc/event/res/chatevent01/cha_mas07.txt#31#12,"毎食何を食べるかを考えるのって、
結構大変なの……。","每顿饭思考该吃些什么，
其实挺伤脑筋的……",translated,依恩,9b236308e8,br=0 nl=1,2,
inc/event/res/chatevent01/cha_mas07.txt#32#12,"グルメイトばかり食べてた頃が
懐かしいよ。",真怀念只吃美食伴侣的那段时光啊。,translated,依恩,9a7e4eade9,br=0 nl=1,2,
inc/event/res/chatevent01/cha_mas07.txt#34#12,"そうだ、今度ねりこさんのところで
ハンガーを買ってこないと。","对了，下次得去妮莉库小姐那里
买点衣架回来才行。",translated,依恩,7088eae3bc,br=0 nl=1,2,
inc/event/res/chatevent01/cha_mas07.txt#35#12,"あまり服を持ってなかったから、
ハンガーとは無縁だったんだもん。","以前因为没什么衣服，
根本用不上衣架嘛。",translated,依恩,4a9077d084,br=0 nl=1,2,
inc/event/res/chatevent01/cha_mas07.txt#37#12,"やっぱり、工作をする時はテーブルに
何か敷いておくべきかな？","做手工的时候，
果然还是应该在桌上垫点东西吧？",translated,依恩,b491cb59fb,br=0 nl=1,2,
inc/event/res/chatevent01/cha_mas07.txt#38#12,"食卓でもあるわけだし、薬品がこぼれて
少し溶けてたりとかしたら嫌だもん。","毕竟这里也是餐桌，要是药品洒出来
稍微溶蚀了桌子的话可就讨厌了。",translated,依恩,a5e0a5b032,br=0 nl=1,2,
inc/event/res/chatevent01/cha_mas07.txt#40#12,あっ、お風呂の洗剤が切れてたんだった。,啊，浴室清洁剂用完了来着。,translated,依恩,24ff470ac3,br=0 nl=0,1,
inc/event/res/chatevent01/cha_mas07.txt#41#12,"たまにしか買わないものって、
よく買い忘れたりするよね。","偶尔才买一次的东西，
总是很容易忘记买呢。",translated,依恩,39f5a165ec,br=0 nl=1,2,
inc/event/res/chatevent01/cha_mas07.txt#43#12,"昨日の夜、風が強かったみたい。
音がすごくて怖かった……。","昨天晚上风好像很大。
呼啸声太吓人了，好害怕……",translated,依恩,cf91f6e946,br=0 nl=1,2,
inc/event/res/chatevent01/cha_mas07.txt#44#12,風で屋根が飛んでったりしない……よね？,屋顶应该不会被风刮跑……对吧？,translated,依恩,7ff6c4c84e,br=0 nl=0,1,
inc/event/res/chatevent01/cha_mas07.txt#46#12,"前にある本を買ったんだけど、
なんか面白く感じられなくて
途中で読むのやめちゃったの。","之前买过一本书，
但感觉没什么意思，读到一半就放弃了。",translated,依恩,97e6cfd8a8,br=0 nl=2,3,
inc/event/res/chatevent01/cha_mas07.txt#47#12,"本好きのわたしが最後まで読むことが
できないなんて、すごく珍しいんだよ？","像我这么爱读书的人居然没能读到最后，
可是非常罕见的哦？",translated,依恩,e442e4e562,br=0 nl=1,2,
inc/event/res/chatevent01/cha_mas07.txt#49#12,"時々、冷蔵庫の中が水滴で
びしょ濡れになってることがあるの。","有时候冰箱里面全是水滴，
变得湿漉漉的呢。",translated,依恩,8635f99f28,br=0 nl=1,2,
inc/event/res/chatevent01/cha_mas07.txt#50#12,物を入れ過ぎてるせいかな？,是因为塞了太多东西吗？,translated,依恩,4724f4966b,br=0 nl=0,1,
inc/event/res/chatevent01/cha_mas07.txt#52#12,"前に本で読んだんだけど、朝ごはんを
ベッドの上で食べる人がいるらしいよ。","之前在书上读到过，
据说有人会在床上吃早饭呢。",translated,依恩,a4bac9e78f,br=0 nl=1,2,
inc/event/res/chatevent01/cha_mas07.txt#53#12,"……お布団汚さないかって、
心配にならないのかな？",……难道就不会担心把被子弄脏吗？,translated,依恩,566aa2e4a4,br=0 nl=1,2,
inc/event/res/chatevent01/cha_mas07.txt#55#12,"今日はすごく良い天気だから、
夜は星が綺麗に見えると思うの。","今天天气特别好，
晚上的星星肯定会看得很清楚。",translated,依恩,d927028645,br=0 nl=1,2,
inc/event/res/chatevent01/cha_mas07.txt#56#12,……夜のお散歩、行こっかな？,……要不要去散个夜步呢？,translated,依恩,a00ecbb17d,br=0 nl=0,1,
inc/event/res/chatevent01/cha_mas07.txt#58#12,"最近、水道のお湯の出が悪くて、
ちょっと困ってるの……。","最近自来水的热水出得很不顺畅，
稍微有点让人伤脑筋呢……",translated,依恩,48818e6cef,br=0 nl=1,2,
inc/event/res/chatevent01/cha_mas07.txt#59#12,"今度調べてみようかな？
たぶん、直せると思うし。","下次检查看看吧？
我想大概能修好的。",translated,依恩,b591d7239c,br=0 nl=1,2,
inc/event/res/chatevent01/cha_mas07.txt#61#12,"とりにくって、野菜と同じで
木にぶら下がってるから、
それをもいでくるんだよ。","鸡肉跟蔬菜一样挂在树上，
直接从上面摘下来就好了。",translated,依恩,c65e634239,br=0 nl=2,3,
inc/event/res/chatevent01/cha_mas07.txt#62#12,"……今更だけど、とりにくって
木にぶら下がってるものだっけ？","……虽然事到如今才想起来，
但鸡肉原来是挂在树上的东西吗？",translated,依恩,c7415ce77a,br=0 nl=1,2,
inc/event/res/chatevent01/cha_mas07.txt#64#12,"にゅーぎゅーにゅーのすごいところは、
生産元が『秘密』って書いてあるところ
だと思うの。","鲜牛牛奶最厉害的地方，
我觉得在于生产源写着“秘密”呢。",translated,依恩,c828e038b1,br=0 nl=2,3,
inc/event/res/chatevent01/cha_mas07.txt#65#12,"美味しいから問題はないけど……
秘密って書かれると、逆に気になるよね？","虽然很好喝所以没问题……
但写成秘密反而更让人在意了对吧？",translated,依恩,12cff3874c,br=0 nl=1,2,
inc/event/res/chatevent01/cha_mas07.txt#67#12,"この間ね、ねりこさんのお店で自家製の
お漬物を食べさせてもらったの。","前阵子呢，妮莉库小姐在店里
请我尝了她自制的腌菜哦。",translated,依恩,59dfd5214f,br=0 nl=1,2,
inc/event/res/chatevent01/cha_mas07.txt#68#12,"すごく美味しかったけど……
ねりこさんがお漬物を漬ける姿って、
想像できないよね？","虽然味道超级好吃……
但妮莉库小姐腌咸菜的样子，
实在很难想象出来对吧？",translated,依恩,2385d4f39f,br=0 nl=2,3,
inc/event/res/chatevent01/cha_mas07.txt#70#12,"わたしのカレンダーにはね、
二日だけ記念日が書いてあるの。","我的日历上面呢，
只写着两天的纪念日哦。",translated,依恩,7b4e12b413,br=0 nl=1,2,
inc/event/res/chatevent01/cha_mas07.txt#71#12,"一つはあなたと出会った日で、
もう一つは、あなたとお付き合いを
始めた日だよ。","一个是与你相遇的日子，
另一个，则是和你开始交往的日子哦。",translated,依恩,7f26132095,br=0 nl=2,3,
inc/event/res/chatevent01/cha_mas07.txt#73#12,"香り付けにアルコールを使った
料理ってあるけど……
わたしはちょっと苦手かも。","虽然有些料理会用酒精来提味……
不过我稍微有点吃不惯呢。",translated,依恩,6f7c02bff3,br=0 nl=2,3,
inc/event/res/chatevent01/cha_mas07.txt#74#12,"アルコールの匂いが苦手だから、
作ってる最中に酔っちゃうと思うの。","因为我受不了酒味，
感觉在做的过程中就会醉倒呢。",translated,依恩,a7455cd753,br=0 nl=1,2,
inc/event/res/chatevent01/cha_mas07.txt#76#12,"未確認飛行物体って、
あなたの世界にも出没する？","不明飞行物
在你的世界里也会出没吗？",translated,依恩,d40aade179,br=0 nl=1,2,
inc/event/res/chatevent01/cha_mas07.txt#77#12,"あれの正体って何なんだろうね？
考え出すとキリがないよ。","那玩意的真面目到底是什么呢？
一琢磨起来真是没完没了呢。",translated,依恩,6ab93aa034,br=0 nl=1,2,
inc/event/res/chatevent01/cha_mas07.txt#79#12,う～ん……ちょっと目が疲れてるかも。,嗯～……眼睛好像有点累了。,translated,依恩,bdf40fc88d,br=0 nl=0,1,
inc/event/res/chatevent01/cha_mas07.txt#80#12,"視界がちょっと歪んでるの。
今日は早めに寝ようかな？","视线都有点恍惚了。
今天还是早点睡吧？",translated,依恩,55eb8f7d7d,br=0 nl=1,2,
inc/event/res/chatevent01/cha_mas07.txt#82#12,"流しにお湯を捨てると、
必ずボコンッて音がする時があるよね？","往水槽倒热水的时候，
有时总会发出“咚”的一声对吧？",translated,依恩,b6cec2a05f,br=0 nl=1,2,
inc/event/res/chatevent01/cha_mas07.txt#83#12,"時々すごい大きな音が鳴るから、
心臓に悪いよ……。","偶尔会发出超级大的巨响，
对心脏真不好啊……",translated,依恩,002010b8a5,br=0 nl=1,2,
inc/event/res/chatevent01/cha_mas07.txt#85#12,"そういえば、落ち葉で焼いて作る
美味しい食べ物があったよね？","说起来，有一种用落叶烤着做的
美味食物来着对吧？",translated,依恩,eabcd15d35,br=0 nl=1,2,
inc/event/res/chatevent01/cha_mas07.txt#86#12,"何を焼くんだったかな？
お肉系じゃないのはわかるんだけど……。","是烤什么来着呢？
虽然我知道肯定不是肉类就是了……",translated,依恩,14b5d20a8d,br=0 nl=1,2,
inc/event/res/chatevent01/cha_mas07.txt#88#12,"“おはよう”とか“ただいま”とか……
そういう何気ない挨拶だけで、
あなたと一緒にいるんだって実感できるの。","“早上好”或者“我回来了”……
光是这种不经意的问候，
就能让我切实感受到和你在一起呢。",translated,依恩,0f8d0d08bf,br=0 nl=2,3,
inc/event/res/chatevent01/cha_mas07.txt#89#12,"これからもそういう挨拶は
大切にしていきたいな♪",今后我也想一直珍惜这样的问候♪,translated,依恩,8bcd1aece0,br=0 nl=1,2,
inc/event/res/chatevent01/cha_mas08.txt#2#12,"あなたと会う前の話だけど、
すごく面白い本を読んだことがあるの。","这是遇见你之前的事了，
我读过一本超级有趣的书。",translated,依恩,eadc33d4be,br=0 nl=1,2,
inc/event/res/chatevent01/cha_mas08.txt#3#12,"でも、タイトルが思い出せないから、
読みたくても読めなくて……。
メモしておけばよかったなぁ。","但因为想不起书名，想看也没法看……
要是当时做个笔记就好了呢。",translated,依恩,17bcf90f8f,br=0 nl=2,3,
inc/event/res/chatevent01/cha_mas08.txt#5#12,"たまには、こう、すごく複雑な機械を
おもいっきり時間をかけて作りたいな。","偶尔也想花大把时间，
去制作结构超级复杂的机械呢。",translated,依恩,4438fc3b18,br=0 nl=1,2,
inc/event/res/chatevent01/cha_mas08.txt#7#12,ん～……今日は湿気が多いのかな？,嗯～……今天湿气很重吗？,translated,依恩,4db7611051,br=0 nl=0,1,
inc/event/res/chatevent01/cha_mas08.txt#8#12,ちょっと、ベタベタする気がするよ。,感觉身上有点黏糊糊的。,translated,依恩,60bbaebeb3,br=0 nl=0,1,
inc/event/res/chatevent01/cha_mas08.txt#10#12,う～、何だか首が痛いよ……。,呜～脖子总觉得好痛啊……,translated,依恩,07a55295fe,br=0 nl=0,1,
inc/event/res/chatevent01/cha_mas08.txt#11#12,もしかして、寝違えちゃったのかな？,难道是落枕了吗？,translated,依恩,df810e6775,br=0 nl=0,1,
inc/event/res/chatevent01/cha_mas08.txt#13#12,"見渡す限りの大草原……
そんなところでピクニックしたいなぁ。","一望无际的大草原……
真想在那种地方野餐啊。",translated,依恩,6f62fb0b2a,br=0 nl=1,2,
inc/event/res/chatevent01/cha_mas08.txt#14#12,"もちろん、あなたと一緒にね。
えへへ……。","当然是和你一起啦。
嘿嘿……",translated,依恩,cad1c0bc6d,br=0 nl=1,2,
inc/event/res/chatevent01/cha_mas08.txt#16#12,きゃっ！？,呀！？,translated,依恩,61dd7adbe6,br=0 nl=0,1,
inc/event/res/chatevent01/cha_mas08.txt#17#12,"え、えへへ……
ぼーっとしちゃってたみたい。","嘿、嘿嘿……
我刚才好像发呆了呢。",translated,依恩,c386c55c8b,br=0 nl=1,2,
inc/event/res/chatevent01/cha_mas08.txt#19#12,"この前買った歯磨き粉、使ってみたら
すごく辛くてビックリしちゃった。","前阵子买的牙膏，用了之后发现
辣得要命，吓了我一跳。",translated,依恩,9c53adf818,br=0 nl=1,2,
inc/event/res/chatevent01/cha_mas08.txt#20#12,やっぱり、使い慣れてるのが一番だね。,果然还是用惯了的最合适呢。,translated,依恩,c592214498,br=0 nl=0,1,
inc/event/res/chatevent01/cha_mas08.txt#22#12,"ねりこさん、わたしがいる時にも
遊びに来てほしいなぁ……。","妮莉库小姐，希望你在我的时候
也能过来玩嘛……",translated,依恩,062d4a2e9f,br=0 nl=1,2,
inc/event/res/chatevent01/cha_mas08.txt#23#12,三人で遊ぶのも楽しいと思わない？,你不觉得三个人一起玩也很有趣吗？,translated,依恩,1dc6459f57,br=0 nl=0,1,
inc/event/res/chatevent01/cha_mas08.txt#25#12,"漫画とかに出てくる大きなお肉って、
一度食べてみたいなぁ、って思わない？","漫画里出现的那种大带骨肉，
你不觉得很想尝尝看吗？",translated,依恩,a88a1a6d34,br=0 nl=1,2,
inc/event/res/chatevent01/cha_mas08.txt#26#12,"味は置いておくとして、食べてるだけで
楽しい気持ちになれそうだよね。","先不管味道如何，光是大口啃着
心情就会变得很开心对吧。",translated,依恩,597eff5c5b,br=0 nl=1,2,
inc/event/res/chatevent01/cha_mas08.txt#28#12,"お料理のレシピも、いつの間にか
すごい量になっちゃってるね。","料理的食谱不知不觉间
已经多得吓人了呢。",translated,依恩,765335368f,br=0 nl=1,2,
inc/event/res/chatevent01/cha_mas08.txt#29#12,"嬉しいけど、毎日何を食べようかで
悩むようになっちゃったよ。","虽然很高兴，但每天该吃什么
也变得让人苦恼起来了呢。",translated,依恩,c6f23cb5ac,br=0 nl=1,2,
inc/event/res/chatevent01/cha_mas08.txt#31#12,"グルメイトって、特に美味しくも不味くも
ない食べ物だけど、わたしは好きなの。","美食伴侣虽然既谈不上好吃也不难吃，
但我还挺喜欢的。",translated,依恩,7623848ec9,br=0 nl=1,2,
inc/event/res/chatevent01/cha_mas08.txt#32#12,"サクッとした食感が最高なんだよ！
あなたにも食べてもらいたいな。","酥脆的口感超级棒哦！
好想也让你尝尝看啊。",translated,依恩,c51ae37072,br=0 nl=1,2,
inc/event/res/chatevent01/cha_mas08.txt#34#12,……きぐるみって、ちょっとだけ興味があるの。,……玩偶服这种东西，我稍微有点兴趣呢。,translated,依恩,b9042a0eee,br=0 nl=0,1,
inc/event/res/chatevent01/cha_mas08.txt#35#12,"でも、レシピを作るほど着てみたい、
って思う程じゃないんだよね……。","不过也没到想穿到专门去构想食谱
的程度就是了……",translated,依恩,fe2b458135,br=0 nl=1,2,
inc/event/res/chatevent01/cha_mas08.txt#37#12,"推理小説の謎解きシーンって、
読んでも理解できない時があるよね？","推理小说的解谜桥段，
有时读了也搞不明白对吧？",translated,依恩,c40d6381da,br=0 nl=1,2,
inc/event/res/chatevent01/cha_mas08.txt#38#12,"この前読んだ本もそうだったよ……。
密室トリックの謎、
どういうことだったのかな？","前几天读的那本书也是那样……
密室诡计的谜团，
到底是怎么一回事呢？",translated,依恩,1b81f31089,br=0 nl=2,3,
inc/event/res/chatevent01/cha_mas08.txt#40#12,"洗濯物って、どうして屋内に干すと
臭くなっちゃうのかな？","洗好的衣服，为什么在室内晾
就会产生臭味呢？",translated,依恩,ff9cd38bdc,br=0 nl=1,2,
inc/event/res/chatevent01/cha_mas08.txt#42#12,"雨の音を聞くのは好きだけど、
ずっと聞いてると眠くなってきちゃうの。","虽然很喜欢听下雨的声音，
但一直听着就会犯困呢。",translated,依恩,aae6c1d002,br=0 nl=1,2,
inc/event/res/chatevent01/cha_mas08.txt#43#12,"あの屋根を叩く音って、
眠気を誘う効果があるよね？","那种雨敲屋顶的声音，
确实很有催眠效果对吧？",translated,依恩,1b129081a2,br=0 nl=1,2,
inc/event/res/chatevent01/cha_mas08.txt#45#12,わたし、包丁って一本しか持ってないの。,我呀，菜刀只有一把哦。,translated,依恩,a50f71773e,br=0 nl=0,1,
inc/event/res/chatevent01/cha_mas08.txt#46#12,"やっぱり、お肉ならお肉用、
お魚ならお魚用の包丁を用意した方が
いいのかな？","果然还是该准备切肉专用的
和切鱼专用的菜刀比较好吗？",translated,依恩,800c8dcd27,br=0 nl=2,3,
inc/event/res/chatevent01/cha_mas08.txt#48#12,"今度料理のお片づけをする時は、
コンロの掃除もしちゃおうかな？","下次收拾做饭残局的时候，
顺便把灶台也擦擦吧？",translated,依恩,2afb7b6483,br=0 nl=1,2,
inc/event/res/chatevent01/cha_mas08.txt#50#12,家庭菜園、いつか挑戦してみたいな。,家庭小菜园，真想改天挑战一下呢。,translated,依恩,c4dffe05f8,br=0 nl=0,1,
inc/event/res/chatevent01/cha_mas08.txt#51#12,"季節によって植えるものを変えて、
一年中何かしら収穫できるように
なったら、便利だよね？","随着季节变换种植的作物，
要是能一年四季都有所收获，
那就很方便了对吧？",translated,依恩,9beda19a96,br=0 nl=2,3,
inc/event/res/chatevent01/cha_mas08.txt#53#12,"あれ？
風が吹いてるような……。","咦？
感觉好像有风吹过来……",translated,依恩,43099d6a3b,br=0 nl=1,2,
inc/event/res/chatevent01/cha_mas08.txt#54#12,"もしかして、すきま風かな？
ちゃんと窓は閉まってるのに……。","难道是穿堂风吗？
明明窗户有关好的说……",translated,依恩,2603d8db65,br=0 nl=1,2,
inc/event/res/chatevent01/cha_mas08.txt#56#12,"あなたがいない生活って、
もう想像もできないよ。","没有你的生活，
我已经完全无法想象了呢。",translated,依恩,2cda41a107,br=0 nl=1,2,
inc/event/res/chatevent01/cha_mas08.txt#57#12,"これからも、ずっとわたしを
見ててほしいな。","今后也希望你
能一直注视着我。",translated,依恩,a284510bfb,br=0 nl=1,2,
inc/event/res/chatevent01/cha_mas08.txt#59#12,"最近、乾燥してるのかな？
唇の端がピリピリする時があるの。","最近是不是很干燥呀？
有时候嘴角会有一阵阵刺痛。",translated,依恩,3ab7e1262f,br=0 nl=1,2,
inc/event/res/chatevent01/cha_mas08.txt#60#12,"切れちゃう前になんとかしないと……。
あれ、痛いもんね？","得在裂开之前想点办法……
那个裂开可是很疼的对吧？",translated,依恩,2c708c120d,br=0 nl=1,2,
inc/event/res/chatevent01/cha_mas08.txt#62#12,"最近、枕の柔らかさがなくなってきてる
ような気がするの……。","最近总觉得，枕头好像
没有以前那么柔软了呢……",translated,依恩,8ba3cd6f5b,br=0 nl=1,2,
inc/event/res/chatevent01/cha_mas08.txt#63#12,"やっぱり、長く使ってるからかな？
お気に入りだけど、買い替えを
考えた方がいいのかも……。","果然是因为用了很久吗？
虽然很中意，但也许该考虑
换个新的了呢……",translated,依恩,2f037e0f7f,br=0 nl=2,3,
inc/event/res/chatevent01/cha_mas08.txt#65#12,"ん～……何だか、今日は頭が働かない
気がするの。","嗯～……总觉得今天
脑子有点转不动呢。",translated,依恩,a1e3c34232,br=0 nl=1,2,
inc/event/res/chatevent01/cha_mas08.txt#66#12,"体調でも悪いのかな？
それとも、集中できてないだけ？","是身体不舒服吗？
还是单纯没集中注意力呢？",translated,依恩,ba1a1cf399,br=0 nl=1,2,
inc/event/res/chatevent01/cha_mas08.txt#68#12,"流れ星って、すぐ消えちゃうから
三回お願いするのは難しいよね？","流星转瞬即逝，
想要许三次愿望很难对吧？",translated,依恩,b2735e7e37,br=0 nl=1,2,
inc/event/res/chatevent01/cha_mas08.txt#69#12,"でも、前に十秒くらいかけてゆっくりと
流れる星を見たことがあるけど……
あれは、見てて不安な気持ちになったよ。","不过之前我见过一颗花了十秒左右
慢慢划过的流星……
看着那个反而让人心里直发慌呢。",translated,依恩,4d97e6fad2,br=0 nl=2,3,
inc/event/res/chatevent01/cha_mas08.txt#71#12,"窓を開けっぱなしにしてお出かけして、
途中で大雨に降られたことってない？","你有没有过开着窗户出门，
结果半路上遇到大暴雨的经历？",translated,依恩,ee9d844ca9,br=0 nl=1,2,
inc/event/res/chatevent01/cha_mas08.txt#72#12,"あれって、すごく焦るよね……。
やっぱり、お出かけの時は窓を閉めた方が
いいよね？","那样真的超级心急如焚呢……
出门的时候果然还是该把窗户关好吧？",translated,依恩,8f2c35f014,br=0 nl=2,3,
inc/event/res/chatevent01/cha_mas08.txt#74#12,"そういえば、お風呂のドアって
自動ドアになってるよね？","说起来，浴室的门
居然是自动门呢？",translated,依恩,3f2852a7ab,br=0 nl=1,2,
inc/event/res/chatevent01/cha_mas08.txt#75#12,"……なんで、そんなところを
自動ドアにしたのかな？","……为什么会把那种地方
做成自动门呢？",translated,依恩,e3760d77c0,br=0 nl=1,2,
inc/event/res/chatevent01/cha_mas08.txt#77#12,"さっき窓の外を見たら、
黒い雲が遠くの方に見えたの。","刚才往窗外看了一眼，
看见远处有黑压压的乌云呢。",translated,依恩,5bc8da3280,br=0 nl=1,2,
inc/event/res/chatevent01/cha_mas08.txt#78#12,もう少ししたら、一雨降るかな？,再过一会儿，会下一场雨吗？,translated,依恩,4dd318e2c4,br=0 nl=0,1,
inc/event/res/chatevent01/cha_mas08.txt#80#12,"今日は日差しは強いけど、
冷たい風が吹いてるの。","今天虽然阳光很烈，
吹的风却凉飕飕的呢。",translated,依恩,f034f2a56d,br=0 nl=1,2,
inc/event/res/chatevent01/cha_mas08.txt#81#12,"こういう日の外出って、
服装をどうするかで困るよね？","这种日子出门，
在穿什么衣服上很伤脑筋对吧？",translated,依恩,486540d622,br=0 nl=1,2,
inc/event/res/chatevent01/cha_mas09.txt#2#12,"わたし、飲み物を冷蔵庫から出した後、
開けっ放しで飲むクセがあるの。","我有种坏习惯，从冰箱拿出饮料后，
不关冰箱门就直接喝起来了。",translated,依恩,1ef91034a7,br=0 nl=1,2,
inc/event/res/chatevent01/cha_mas09.txt#3#12,"しかも、空になったビンをまた冷蔵庫に
戻すクセまであって……。
直さないと、ダメだよね？","而且甚至还有把空瓶子
又放回冰箱里的怪癖……
必须得改掉才行对吧？",translated,依恩,1fd2dcd3de,br=0 nl=2,3,
inc/event/res/chatevent01/cha_mas09.txt#5#12,"ここ最近、夜中に犬の遠吠えみたいな声が
聞こえる気がするの。","最近总觉得半夜里，
隐约能听到类似犬吠嚎叫的声音呢。",translated,依恩,a3deebca72,br=0 nl=1,2,
inc/event/res/chatevent01/cha_mas09.txt#6#12,"家の中にいるから安全だけど……
ちょっと、怖いよね？","虽然待在家里很安全……
但还是稍微有点吓人对吧？",translated,依恩,f6d10beac0,br=0 nl=1,2,
inc/event/res/chatevent01/cha_mas09.txt#8#12,今ね、何か作りたい気分かも……。,现在呢，好像有种想做点什么的心情……,translated,依恩,bc8c7319e1,br=0 nl=0,1,
inc/event/res/chatevent01/cha_mas09.txt#9#12,"もしよかったら、
これを作ってって言ってほしいな。","可以的话，希望你能对我说
“做这个出来吧”。",translated,依恩,25bb3e542a,br=0 nl=1,2,
inc/event/res/chatevent01/cha_mas09.txt#11#12,"そういえば、あの綺麗なしおり、
どの本に挟んだかな？","说起来，那枚漂亮的书签，
我夹在哪个本子里了来着？",translated,依恩,4928d6c19f,br=0 nl=1,2,
inc/event/res/chatevent01/cha_mas09.txt#12#12,"読み終わった後に、最後のページに
挟んだままにしちゃったような……。","好像读完之后，
一直夹在最后一页忘拿出来了……",translated,依恩,f5afd4b886,br=0 nl=1,2,
inc/event/res/chatevent01/cha_mas09.txt#14#12,"昨日から口内炎ができちゃってて、
口の中が痛いの……。","昨天起嘴里长了口腔溃疡，
嘴巴里面好痛……",translated,依恩,02289afecd,br=0 nl=1,2,
inc/event/res/chatevent01/cha_mas09.txt#15#12,"果物とかお野菜、もっと沢山食べないと
ダメだね。",必须得多吃点水果和蔬菜才行呢。,translated,依恩,69c28accd2,br=0 nl=1,2,
inc/event/res/chatevent01/cha_mas09.txt#17#12,"最近、ねりこさんがすごく綺麗に
なってきてる気がするの。","最近总觉得，
妮莉库小姐变得越来越漂亮了呢。",translated,依恩,2a26cf0457,br=0 nl=1,2,
inc/event/res/chatevent01/cha_mas09.txt#18#12,何かいいことでもあったのかな？,难道是遇到了什么好事吗？,translated,依恩,4683003f3e,br=0 nl=0,1,
inc/event/res/chatevent01/cha_mas09.txt#20#12,"実はわたし、フォークとナイフって
あまり得意じゃないの……。","其实我呀，
不太擅长用刀叉呢……",translated,依恩,b36342ac81,br=0 nl=1,2,
inc/event/res/chatevent01/cha_mas09.txt#21#12,"普段お箸を使うことの方が多いから、
仕方ないよね？","平时用筷子用得比较多，
这也是没办法的嘛？",translated,依恩,6ba64e48b8,br=0 nl=1,2,
inc/event/res/chatevent01/cha_mas09.txt#23#12,うっ……耳鳴り……。,呜……耳鸣了……,translated,依恩,5aa09da967,br=0 nl=0,1,
inc/event/res/chatevent01/cha_mas09.txt#24#12,"これって、疲れてる証拠だよね？
たまには早く寝た方がいいかな？","这是疲劳过度的证据对吧？
偶尔还是早点睡比较好吧？",translated,依恩,8d9ddd6bdd,br=0 nl=1,2,
inc/event/res/chatevent01/cha_mas09.txt#26#12,"……何だか、じっくりと機械作りに
集中したくなってきちゃった。","……总觉得，突然好想静下心来
全神贯注地制作机械呢。",translated,依恩,fb80499596,br=0 nl=1,2,
inc/event/res/chatevent01/cha_mas09.txt#27#12,何か機械系の物で作って欲しい物あるかな？,有没有什么机械类的东西想让我做呢？,translated,依恩,3e7334102c,br=0 nl=0,1,
inc/event/res/chatevent01/cha_mas09.txt#29#12,"字を上手く書くのは難しくないけど、
絵を上手く描くのってすごく難しいよね？","把字写好并不难，
但要把画画好却超级难对吧？",translated,依恩,150c6151b5,br=0 nl=1,2,
inc/event/res/chatevent01/cha_mas09.txt#30#12,"紙とペンを使うのは同じなのに、
どうしてこんなに難易度が違うのかな？","明明同样是用纸和笔，
为什么难度会差这么多呢？",translated,依恩,d1c734fea3,br=0 nl=1,2,
inc/event/res/chatevent01/cha_mas09.txt#32#12,また何か本を書いてみたいなぁ……。,真想再写点什么书啊……,translated,依恩,54af3bb300,br=0 nl=0,1,
inc/event/res/chatevent01/cha_mas09.txt#33#12,"って、その前にネタを探さないと
いけないね。",哎呀，在那之前必须得先找素材呢。,translated,依恩,8d7f911e4d,br=0 nl=1,2,
inc/event/res/chatevent01/cha_mas09.txt#35#12,"たまには、大きな声で
おもいっきり歌ってみたいな。","偶尔也想放开嗓子，
尽情大声唱唱歌呢。",translated,依恩,734920c0ce,br=0 nl=1,2,
inc/event/res/chatevent01/cha_mas09.txt#37#12,"怖い小説を読んだ日の夜って、
怖い夢を見ることが多い気がするの。","读了恐怖小说的当天晚上，
好像经常会做可怕的噩梦呢。",translated,依恩,685ce6f71e,br=0 nl=1,2,
inc/event/res/chatevent01/cha_mas09.txt#38#12,"昨日の夜も、顔のないお化けに
追いかけられる夢を見たし……。","昨天晚上也是，梦见被没有脸的怪物
一路追赶……",translated,依恩,6c4066bdfc,br=0 nl=1,2,
inc/event/res/chatevent01/cha_mas09.txt#40#12,"あなたがいてくれるのは嬉しいけど、
今でも、無性に寂しくなる時があるの。","虽然有你在我很开心，
但即使是现在，偶尔也会莫名感到落寞。",translated,依恩,a903d3f5e1,br=0 nl=1,2,
inc/event/res/chatevent01/cha_mas09.txt#41#12,"やっぱりここでの生活は、
素直に喜べるものじゃないよ。","毕竟这里的日常生活，
实在无法坦率地为之高兴呢。",translated,依恩,ff9944df6c,br=0 nl=1,2,
inc/event/res/chatevent01/cha_mas09.txt#43#12,"あなたと出会ってから、
もうどれくらいになるっけ？","自从与你相遇之后，
到底过了多久来着？",translated,依恩,df1dc39515,br=0 nl=1,2,
inc/event/res/chatevent01/cha_mas09.txt#44#12,"えへへ……すぐに思い出せなくなるくらい
長くいる、ってことだね。","嘿嘿……也就是说相处了很久，
久到一时都想不起来了呢。",translated,依恩,4da69ea62f,br=0 nl=1,2,
inc/event/res/chatevent01/cha_mas09.txt#46#12,"機械に料理に服、他にも色んなものを
作れるようになったから……。","机械、料理还有衣服，
各种各样的东西我都能做出来了……",translated,依恩,1f25787195,br=0 nl=1,2,
inc/event/res/chatevent01/cha_mas09.txt#47#12,次はやっぱり、家かな？,接下来果然该是房子了吧？,translated,依恩,d28e5cf56c,br=0 nl=0,1,
inc/event/res/chatevent01/cha_mas09.txt#49#12,すごく大きい本屋さんに行ってみたいな。,真想去一次规模超级大的大书店啊。,translated,依恩,03c1166df9,br=0 nl=0,1,
inc/event/res/chatevent01/cha_mas09.txt#50#12,"じっくり時間をかけて、
ゆっくりと欲しい本を探すの。","悠哉地花上大把时间，
慢慢寻找自己想要的书。",translated,依恩,f83e4b42b7,br=0 nl=1,2,
inc/event/res/chatevent01/cha_mas09.txt#51#12,それだけでも、一日中楽しめちゃうよ。,光是那样，就能开心消磨一整天哦。,translated,依恩,9668c0a9c3,br=0 nl=0,1,
inc/event/res/chatevent01/cha_mas09.txt#53#12,"どんな作業も、終わりが見えてきてからが
正念場だよね？","无论什么工作，能看到终点的时候
才是真正的关键阶段对吧？",translated,依恩,bffbb464c7,br=0 nl=1,2,
inc/event/res/chatevent01/cha_mas09.txt#54#12,"気が緩みそうになるのを抑えて、
最後まで緊張感を持たないとダメだよ。","必须克服想要松懈的心情，
一直保持干劲坚持到最后才行哦。",translated,依恩,bafa057735,br=0 nl=1,2,
inc/event/res/chatevent01/cha_mas09.txt#56#12,最近、目の前がかすむ時があるの。,最近有时会觉得眼前一片模糊。,translated,依恩,1b472fe98b,br=0 nl=0,1,
inc/event/res/chatevent01/cha_mas09.txt#57#12,"疲れてるのかな……
それとも、とうとう視力が落ちた、とか？","是太累了吗……
还是说，终于开始视力下降了？",translated,依恩,b500a4588a,br=0 nl=1,2,
inc/event/res/chatevent01/cha_mas09.txt#59#12,壁紙、張り替えられたらいいのに……。,要是能重新贴壁纸就好了……,translated,依恩,4296feed3c,br=0 nl=0,1,
inc/event/res/chatevent01/cha_mas09.txt#60#12,"ほとんど部屋の中にいるから、
せめて模様替えくらいは定期的に
したいよね。","平时几乎都闷在屋里，
至少也想定期重新布置一下房间呢。",translated,依恩,d5722e5040,br=0 nl=2,3,
inc/event/res/chatevent01/cha_mas09.txt#62#12,"お風呂のレシピを思いつけたら、
もっと広い湯船に改造できるのに……。","要是能构想出浴室的调合食谱，
就能改造成更宽敞的浴缸了……",translated,依恩,c26d7488be,br=0 nl=1,2,
inc/event/res/chatevent01/cha_mas09.txt#63#12,"温泉に慣れちゃうと、どうしても
家のお風呂が狭く感じちゃうよ。","一旦习惯了温泉，
就会觉得家里的浴缸太狭小了呢。",translated,依恩,bb538bfa21,br=0 nl=1,2,
inc/event/res/chatevent01/cha_mas09.txt#65#12,"ねりこさん、お風呂に入る時は
窓を開けて歌いながら入ってるらしいの。","据说妮莉库小姐泡澡的时候，
都会开着窗户一边唱歌一边泡呢。",translated,依恩,e880ff45f2,br=0 nl=1,2,
inc/event/res/chatevent01/cha_mas09.txt#66#12,"この前も、わたしがお風呂に入ってたら
微かに聞こえてきたんだよ。","前阵子我在泡澡的时候，
也能隐约听到一点歌声哦。",translated,依恩,6a2a31497c,br=0 nl=1,2,
inc/event/res/chatevent01/cha_mas09.txt#68#12,"前にね、ねりこさんが面白い変顔を
特集した本を見せてくれたの。","之前呢，妮莉库小姐给我看了
一本做鬼脸特辑的搞笑书。",translated,依恩,dc53f4d881,br=0 nl=1,2,
inc/event/res/chatevent01/cha_mas09.txt#69#12,"真似してやってみろ、って言われたけど、
恥ずかしいから断っちゃった……。","虽然她叫我学着做做看，
但我太害羞就拒绝了……",translated,依恩,973651b460,br=0 nl=1,2,
inc/event/res/chatevent01/cha_mas09.txt#71#12,"古本って、時々前の持ち主の落書きや
名前が書いてあったりするよね？","二手书里，有时会写着
前主人的涂鸦或是名字对吧？",translated,依恩,4277660277,br=0 nl=1,2,
inc/event/res/chatevent01/cha_mas09.txt#72#12,"他にも、写真とか名刺とか……。
すごい時になると、領収書みたいなものが
挟んである時もあるし。","还有照片或者名片之类的……
夸张的时候，甚至还会夹着收据呢。",translated,依恩,bdc9acee2e,br=0 nl=2,3,
inc/event/res/chatevent01/cha_mas09.txt#73#12,"……お店側も、ちゃんとチェックを
していない証拠だね。",……这也是店家没有仔细检查的证据呢。,translated,依恩,770f48eb7e,br=0 nl=1,2,
inc/event/res/chatevent01/cha_mas09.txt#75#12,"覚えてないけど、スポーツ観戦って
わたしもしたことあるのかな？","虽然我不记得了，
但我以前也看过体育比赛吗？",translated,依恩,8ea6e7a4ce,br=0 nl=1,2,
inc/event/res/chatevent01/cha_mas09.txt#76#12,"スポーツするのは苦手だけど、
見て応援するのは楽しそうだよね。","虽然我不擅长运动，
但看着给别人加油好像挺有意思的呢。",translated,依恩,cb5733a691,br=0 nl=1,2,
inc/event/res/chatevent01/cha_mas09.txt#78#12,ベッドの下だって立派な収納スペース！,床底下也是名副其实的收纳空间！,translated,依恩,0e97441778,br=0 nl=0,1,
inc/event/res/chatevent01/cha_mas09.txt#79#12,"……奥に行けば行くほど、
何があるか分からない状態になるけどね。","……虽说越往深处堆，
就越搞不清里面塞了些什么就是了。",translated,依恩,c5537b7039,br=0 nl=1,2,
inc/event/res/chatevent01/cha_mas09.txt#81#12,"えへへ……
今日もちゃんと見てくれてるんだ？","嘿嘿……
今天你也在好好注视着我呀？",translated,依恩,dd0b61217c,br=0 nl=1,2,
inc/event/res/chatevent01/cha_mas09.txt#83#12,"長い時間座ってると、立ち上がった時に
体からゴキゴキッて音がするでしょ？","久坐之后站起来的时候，
身体各处不是会发出嘎巴嘎巴的响声吗？",translated,依恩,c49d2ecb4f,br=0 nl=1,2,
inc/event/res/chatevent01/cha_mas09.txt#84#12,"わたし、あの音って苦手なの……。
ちょっと怖いもん。","我好受不了那个声音啊……
感觉有点可怕嘛。",translated,依恩,454eb8e59b,br=0 nl=1,2,
inc/event/res/chatevent01/cha_mas09.txt#86#12,"陽は出てるけど、怪しい雲も見える日は
洗濯物を出すべきかどうかで悩むよね？","出了太阳却又能看见可疑乌云的日子，
真纠结该不该把衣服拿出去晾呢？",translated,依恩,1a2fac5ec3,br=0 nl=1,2,
inc/event/res/chatevent01/cha_mas09.txt#87#12,"しかも、そういう日に限って
溜まってたりするの……。","而且偏偏总是在这种日子里，
积攒了一大堆衣服……",translated,依恩,109e2b007b,br=0 nl=1,2,
inc/event/res/chatevent01/cha_mas09.txt#89#12,"今日は乾燥してるだけじゃなくて、
風も結構強いの。","今天不仅天气干燥，
风也刮得相当大呢。",translated,依恩,ea68a9121e,br=0 nl=1,2,
inc/event/res/chatevent01/cha_mas09.txt#90#12,"こういう日は家にいるのに限るね。
風で舞い上がった砂で汚れちゃうもん。","这种日子最适合待在家里了。
毕竟出门会被扬起的沙尘弄脏嘛。",translated,依恩,0df5ce65d5,br=0 nl=1,2,
inc/event/res/chatevent01/cha_mas10.txt#2#12,"わたし、オルゴールの音って
結構好きなの。",我挺喜欢八音盒的声音哦。,translated,依恩,16530b8494,br=0 nl=1,2,
inc/event/res/chatevent01/cha_mas10.txt#3#12,"ゆったりしながら聞いてると、
すごく癒された気になれるの。","悠闲地听着它的声音，
会觉得整个人都被深深治愈了呢。",translated,依恩,138cbd053a,br=0 nl=1,2,
inc/event/res/chatevent01/cha_mas10.txt#5#12,"新婚生活に必要なものっていうと、
どんなものがあるのかな？","要说新婚生活必需的物品，
一般都会有些什么呢？",translated,依恩,07ef1fe917,br=0 nl=1,2,
inc/event/res/chatevent01/cha_mas10.txt#6#12,えへへ、今度調べてみよっと。,嘿嘿，改天我要好好查查。,translated,依恩,84ab4e8bc1,br=0 nl=0,1,
inc/event/res/chatevent01/cha_mas10.txt#8#12,あなたー。,老公～,translated,依恩,d6ba5f57dc,br=0 nl=0,1,
inc/event/res/chatevent01/cha_mas10.txt#9#12,えへへ……呼んでみただけ♪,嘿嘿……只是想叫叫你而已♪,translated,依恩,9b656a0ae3,br=0 nl=0,1,
inc/event/res/chatevent01/cha_mas10.txt#11#12,"わたし、あなたの、その……
お、奥さんになったんだよね？","我已经成为你的，那个……
老、老婆了对吧？",translated,依恩,84c29f3a2b,br=0 nl=1,2,
inc/event/res/chatevent01/cha_mas10.txt#12#12,"えへへ……恥ずかしいけど、
すごく嬉しいな。","嘿嘿……虽然很害羞，
但心里真的好高兴啊。",translated,依恩,283bb63d71,br=0 nl=1,2,
inc/event/res/chatevent01/cha_mas10.txt#14#12,"新婚さんなんだし、可愛いエプロンが
欲しいなぁ。","毕竟是新婚燕尔，
好想要一件可爱的围裙呀。",translated,依恩,09522daba0,br=0 nl=1,2,
inc/event/res/chatevent01/cha_mas10.txt#15#12,"ハートを模ったデザインのとか、
良いと思わない？","心形图案的设计之类的，
你不觉得很不错吗？",translated,依恩,731ce2d92f,br=0 nl=1,2,
inc/event/res/chatevent01/cha_mas10.txt#17#12,"あなた、最近ねりこさんと
すごく仲が良いみたいだね？","你最近跟妮莉库小姐，
关系好像特别要好呢？",translated,依恩,164f22eab2,br=0 nl=1,2,
inc/event/res/chatevent01/cha_mas10.txt#18#12,"悪いとは言わないけど、でも……
わたしだって、ちょっとは嫉妬するよ？","虽然不是说不行，但是……
我也是会稍微吃醋的哦？",translated,依恩,1ff97ebb53,br=0 nl=1,2,
inc/event/res/chatevent01/cha_mas10.txt#20#12,"結婚してからね、あなたと一緒にいると、
こう……胸が熱くなるの。","结婚之后呢，只要和你在一起，
胸口就会……热乎乎的。",translated,依恩,40be61a2c4,br=0 nl=1,2,
inc/event/res/chatevent01/cha_mas10.txt#21#12,やっぱりこれ、幸せって証拠なのかな？,这果然就是幸福的证明吧？,translated,依恩,39adc85f3d,br=0 nl=0,1,
inc/event/res/chatevent01/cha_mas10.txt#23#12,だ……ダーリン……。,达……达令……,translated,依恩,b37e677bbe,br=0 nl=0,1,
inc/event/res/chatevent01/cha_mas10.txt#24#12,"な、なんてねー、えへへ……。
これはちょっと、恥ずかし過ぎるかも。","开、开玩笑的啦，嘿嘿……
这么叫果然还是太害羞了。",translated,依恩,bf19fb93c3,br=0 nl=1,2,
inc/event/res/chatevent01/cha_mas10.txt#26#12,"添い寝する時は、腕枕とかしてもらえたら
嬉しいけど……。","一起睡的时候，要是能让你
给我当臂弯枕头就好了……",translated,依恩,097d518ce9,br=0 nl=1,2,
inc/event/res/chatevent01/cha_mas10.txt#27#12,"端末に付いてる腕じゃ、無理だよね？
残念……。","不过终端上的机械臂肯定不行吧？
真遗憾……",translated,依恩,87bbd03877,br=0 nl=1,2,
inc/event/res/chatevent01/cha_mas10.txt#29#12,"カメラじゃなくて、あなたと会話だけでも
できる、レシーバーみたいなのを作れれば
いいのに……。","要是能做出不仅靠摄像头，
还能单纯和你对话的收发器就好了……",translated,依恩,d9ad39cac8,br=0 nl=2,3,
inc/event/res/chatevent01/cha_mas10.txt#30#12,"忙しい時でも、ちょっと声を聞きたい、
って時に便利だと思わない？","就算很忙的时候，想听听声音
不是很方便吗？你不这么觉得吗？",translated,依恩,593b1e3557,br=0 nl=1,2,
inc/event/res/chatevent01/cha_mas10.txt#32#12,またあなたとデートに行きたいな。,好想再和你去约会啊。,translated,依恩,8ddda3bf2b,br=0 nl=0,1,
inc/event/res/chatevent01/cha_mas10.txt#33#12,"えへへ、新婚生活にピッタリな家具とかを
見に行くのも楽しそうだね。","嘿嘿，去挑挑选选适合新婚生活的
家具之类的，感觉也很有趣呢。",translated,依恩,a83e9a8fd3,br=0 nl=1,2,
inc/event/res/chatevent01/cha_mas10.txt#35#12,お家デートとか、ちょっと憧れるかも……。,居家约会什么的，稍微有点让人向往呢……,translated,依恩,1583aafc73,br=0 nl=0,1,
inc/event/res/chatevent01/cha_mas10.txt#37#12,"夫婦らしく、食事の時間だけでも
一緒にできたら嬉しいな。","哪怕只有吃饭的时间，要是能像
寻常夫妻一样共进晚餐就好了呢。",translated,依恩,47906cd2e6,br=0 nl=1,2,
inc/event/res/chatevent01/cha_mas10.txt#38#12,"あなたが忙しいのはわかってるから、
無理にとは言わないけど……。","我知道你很忙，
所以也不会强求你就是了……",translated,依恩,116b8f56a4,br=0 nl=1,2,
inc/event/res/chatevent01/cha_mas10.txt#40#12,"えへへ……結婚してから、毎日が前よりも
楽しくて幸せで堪らないの。","嘿嘿……结婚之后，每天都比以前
更加开心，幸福得不得了呢。",translated,依恩,33f4b48c4a,br=0 nl=1,2,
inc/event/res/chatevent01/cha_mas10.txt#41#12,"こんなに幸せでいいのかな？
ちょっと、怖くなっちゃうくらいだよ。","能这么幸福真的没问题吗？
甚至幸福到让我有点害怕了呢。",translated,依恩,1bd58c3cca,br=0 nl=1,2,
inc/event/res/chatevent01/cha_mas10.txt#43#12,"あなたが忙しいのはわかるけど、
毎日少しでもいいから、二人で
お話をする時間が欲しいな。","我知道你很忙，但哪怕每天只有一会儿，
我也想要两个人单独聊聊天的时间呢。",translated,依恩,c26b1ae68c,br=0 nl=2,3,
inc/event/res/chatevent01/cha_mas10.txt#44#12,夫婦の時間は必要でしょ？,毕竟夫妻独处的时间是必需的嘛？,translated,依恩,25d63dfcce,br=0 nl=0,1,
inc/event/res/chatevent01/cha_mas10.txt#46#12,"結婚はできたけど、やっぱり旦那様を
自慢できる人がいないのは寂しいな……。","虽然顺利结婚了，但身边没有能炫耀
自家老公的人，果然还是有点寂寞呢……",translated,依恩,390557dd92,br=0 nl=1,2,
inc/event/res/chatevent01/cha_mas10.txt#48#12,"最近、前よりも家事が楽しく感じられる
ようになったの。","最近总觉得比起以前，
做家务变得更有乐趣了呢。",translated,依恩,5c3c6dbca1,br=0 nl=1,2,
inc/event/res/chatevent01/cha_mas10.txt#49#12,"やっぱり、あなたの奥さんに
なれたからかな？","果然是因为，
我已经成了你的妻子吗？",translated,依恩,eedbd5cfaa,br=0 nl=1,2,
inc/event/res/chatevent01/cha_mas10.txt#51#12,イスくらい、もう一脚用意しようかな？,椅子的话，要不再多备一把吧？,translated,依恩,6fd5d1816f,br=0 nl=0,1,
inc/event/res/chatevent01/cha_mas10.txt#52#12,"結婚したのに、まだ一人ぼっちみたいに
思えて寂しく感じちゃうの。","明明已经结婚了，却还是像孤身一人
一样，难免会感到寂寞呢。",translated,依恩,6d5cb7afc3,br=0 nl=1,2,
inc/event/res/chatevent01/cha_mas10.txt#54#12,"新婚旅行……
いつか、本当に行けたらいいね？","度蜜月……
要是哪天能真正成行就好了呢？",translated,依恩,5b1fc72f6c,br=0 nl=1,2,
inc/event/res/chatevent01/cha_mas10.txt#56#12,……枕、もう一つ買ってこようかな？,……要不要再去买一个枕头回来呢？,translated,依恩,1f721e5d4e,br=0 nl=0,1,
inc/event/res/chatevent01/cha_mas10.txt#57#12,"気持ちだけでも、本当にあなたと
添い寝してる気になれるでしょ？","至少在心情上，能让人感觉
真的是在和你同床共枕对吧？",translated,依恩,3d78ec08d5,br=0 nl=1,2,
inc/event/res/chatevent01/cha_mas10.txt#59#12,"あなたと、もっと自由に話せるように
なる日がいつか来るのかな？","能和你更加自由畅谈的那一天，
未来真的会到来吗？",translated,依恩,340f62e921,br=0 nl=1,2,
inc/event/res/chatevent01/cha_mas10.txt#61#12,"そういえば、結婚しましたー、って
報告のはがき、作った方が良いのかな？","说起来，是不是该制作写着
“我们结婚啦～”的汇报明信片呢？",translated,依恩,ee41e3a593,br=0 nl=1,2,
inc/event/res/chatevent01/cha_mas10.txt#62#12,"送る人はいないけど、記念に作って
みたいかも……。","虽然没有可以寄送的人，
但留作纪念我也挺想做做看的……",translated,依恩,c58e15babb,br=0 nl=1,2,
inc/event/res/chatevent01/cha_mas10.txt#64#12,"結婚する前と後で、特に何か変わった、
っていうことはないんだけど……。","结婚前和结婚后，
虽然生活并没有发生什么特别的改变……",translated,依恩,f017c26e6a,br=0 nl=1,2,
inc/event/res/chatevent01/cha_mas10.txt#65#12,"どうして、前よりも幸せを感じるのかな？
不思議だね。","为什么比起以前，会感到更幸福呢？
真不可思议呢。",translated,依恩,cc78ea5095,br=0 nl=1,2,
inc/event/res/chatevent01/cha_mas10.txt#67#12,"最近、ねりこさんが前よりもわたしに
絡んでくるようになったの。","最近，妮莉库小姐比起以往
更经常来找我搭话了呢。",translated,依恩,4910e3711c,br=0 nl=1,2,
inc/event/res/chatevent01/cha_mas10.txt#68#12,"あなたとのことを色々聞かれたり、
からかわれたりするんだけど……。","虽然总被她问东问西打听你的事，
或者被她戏弄就是了……",translated,依恩,88537889e6,br=0 nl=1,2,
inc/event/res/chatevent01/cha_mas10.txt#69#12,"やっぱり、嬉しいからかな？
不思議と悪い気はしないんだよね。","果然是因为心里高兴吗？
不可思议的是我一点也不觉得讨厌呢。",translated,依恩,246d7408e8,br=0 nl=1,2,
inc/event/res/chatevent01/cha_mas10.txt#71#12,"あなたとのツーショット写真を、
いつか撮れる日が来てくれたらいいな。","要是哪一天能迎来
和你拍双人合影的日子就好了呢。",translated,依恩,9444826607,br=0 nl=1,2,
inc/event/res/chatevent01/cha_mas10.txt#72#12,"やっぱり、二人で写ってる写真を
部屋に飾りたいもん。","毕竟我想在房间里
摆上我们两人的合照嘛。",translated,依恩,d575fc8d37,br=0 nl=1,2,
inc/event/res/chatevent01/cha_mas10.txt#74#12,"これからも、たくさんわたしのこと
ナデナデしてほしいな。","今后也希望你能
多多摸摸我的头哦。",translated,依恩,118c9e856c,br=0 nl=1,2,
inc/event/res/chatevent01/cha_mas10.txt#76#12,"そういえば、ねりこさんのお店に
結婚情報誌が置いてあったの。","说起来，妮莉库小姐的店里
放着结婚情报杂志呢。",translated,依恩,aaed043619,br=0 nl=1,2,
inc/event/res/chatevent01/cha_mas10.txt#77#12,"本当は、結婚式までにいっぱい色んな
準備が必要なんだね……。","原来在举办婚礼之前，
必须要做好多好多的准备呢……",translated,依恩,aba8c5a0c8,br=0 nl=1,2,
inc/event/res/chatevent01/cha_mas10.txt#78#12,今更だけど、しっかり読んでみようかな？,虽然事到如今，但要不好好读读看吧？,translated,依恩,c08b77c49f,br=0 nl=0,1,
inc/event/res/chatevent01/cha_mas10.txt#80#12,"たくさんデートしたいけど、
やっぱり特別なものにしたいから
無闇にするのはどうかと思うし……。","虽然很想多多约会，但果然还是希望能当成
特别的经历，随便乱去好像也不太好……",translated,依恩,15dda3dd17,br=0 nl=2,3,
inc/event/res/chatevent01/cha_mas10.txt#81#12,結構悩むところだよね？,这点挺让人纠结的对吧？,translated,依恩,fdad98b4be,br=0 nl=0,1,
inc/event/res/chatevent01/cha_mas10.txt#83#12,"今日のあなたは、どんな服を来て、
どんなことをしてるのかな？","今天的你穿着什么样的衣服，
又在做些什么事呢？",translated,依恩,9484c12199,br=0 nl=1,2,
inc/event/res/chatevent01/cha_mas10.txt#84#12,"あ～あ、こっちからもあなたのことを
見れたらいいのに……。","啊～啊，要是我也能从这边
看到你就好了呢……",translated,依恩,5df981aea5,br=0 nl=1,2,
inc/event/res/chatevent01/cha_mas11.txt#2#12,"この部屋って窓が無いから、どうしても
空気が篭りがちになっちゃうの。","这个房间因为没有窗户，
空气总难免会闷在里面呢。",translated,依恩,431692edd0,br=0 nl=1,2,
inc/event/res/chatevent01/cha_mas11.txt#3#12,"換気扇だけじゃ効果薄いし……
ちょっと玄関を開けておこうかな？","光靠排风扇效果又不明显……
要不把玄关大门开一会儿吧？",translated,依恩,3dd650b895,br=0 nl=1,2,
inc/event/res/chatevent01/cha_mas11.txt#5#12,"あ～あ、あなたの方も見ることが
できたらなぁ。","啊～啊，要是也能看到你那边
该有多好啊。",translated,依恩,53cddebbfe,br=0 nl=1,2,
inc/event/res/chatevent01/cha_mas11.txt#6#12,"そしたら、こっちからあなたに対して、
おはよう、とか、おかえり、って声を
かけられるのに……。","这样的话，我就能主动对你说
“早上好”或者“欢迎回来”了呢……",translated,依恩,f1b38cf9c3,br=0 nl=2,3,
inc/event/res/chatevent01/cha_mas11.txt#8#12,"作った物もだいぶ増えてきたね。
置き場所に困ってきたし、
そろそろ何か対策を考えないといけないかな。","做出来的东西已经相当多了呢。
存放的地方渐渐不够用了，
差不多该想想对策了吧。",translated,依恩,0d8a1cf7c6,br=0 nl=2,3,
inc/event/res/chatevent01/cha_mas11.txt#9#12,"増築か、外に大きな物置を作るか……
一人でするには大変そうだよ。","是扩建呢，还是在外面搭个大储物棚呢……
一个人干感觉会很吃力啊。",translated,依恩,7562226ef0,br=0 nl=1,2,
inc/event/res/chatevent01/cha_mas11.txt#11#12,"わたし、機械作りが得意なんだから、
もう少しそれを活かさないといけないと
思い始めたの。","我既然那么擅长做机械，
感觉必须得多加利用这一点才行了呢。",translated,依恩,70a576be2e,br=0 nl=2,3,
inc/event/res/chatevent01/cha_mas11.txt#12#12,"いい加減、研磨剤くらいは自動で作る
機械を作らないと、マズイよね？","差不多也该做台能自动生产研磨剂的
机器出来了，不然可不行对吧？",translated,依恩,c8b3a08795,br=0 nl=1,2,
inc/event/res/chatevent01/cha_mas11.txt#14#12,"ねりこさんがね、すごく美味しいケーキが
手に入った、ってご馳走してくれたの！","妮莉库小姐跟我说弄到了超美味的蛋糕，
还特意请我吃了呢！",translated,依恩,96ea29cbf6,br=0 nl=1,2,
inc/event/res/chatevent01/cha_mas11.txt#15#12,"……今更だけど、どこで手に入れたのか、
ちょっと気になるよね？","……虽然事到如今，
但她到底是从哪里弄来的，还真有点好奇呢？",translated,依恩,0d6e8e7276,br=0 nl=1,2,
inc/event/res/chatevent01/cha_mas11.txt#17#12,"時々、生活リズムがあなたとズレてる
ように感じる時があるの。","有时候，总觉得我的生活作息
和你有点对不上呢。",translated,依恩,4d9e8a8838,br=0 nl=1,2,
inc/event/res/chatevent01/cha_mas11.txt#18#12,もしかして、本当にズレてるのかな？,难道说，真的有时差吗？,translated,依恩,ecb80433d2,br=0 nl=0,1,
inc/event/res/chatevent01/cha_mas11.txt#20#12,"もぉ、毎日毎日トントンしてばっかり！
少しは家のこと手伝ってよ。","真是的，每天每天就只知道戳戳戳！
也稍微帮我分担一下家务嘛。",translated,依恩,2e8049dedf,br=0 nl=1,2,
inc/event/res/chatevent01/cha_mas11.txt#21#12,"なんてね、えへへ……。
夫婦っぽい会話をしようと思ったけど、
ちょっと無理があったかな？","开玩笑的啦，嘿嘿……
本想试试老夫老妻般的对话，
是不是稍微有点勉强呀？",translated,依恩,2a6ce5c137,br=0 nl=2,3,
inc/event/res/chatevent01/cha_mas11.txt#23#12,"昼間は冷たい飲み物の方がいいけど、
夜になると温かい飲み物が欲しくなるの。","大白天喝冰凉的饮料比较爽快，
但到了晚上就想喝热饮了呢。",translated,依恩,fdb0762c7f,br=0 nl=1,2,
inc/event/res/chatevent01/cha_mas11.txt#24#12,やっぱり、夜になると冷えるからかな？,果然是因为一到晚上就会转凉吗？,translated,依恩,d3b2ce97a2,br=0 nl=0,1,
inc/event/res/chatevent01/cha_mas11.txt#26#12,何か、今日は湿気が強いみたい。,总觉得今天湿气很重呢。,translated,依恩,61528ad966,br=0 nl=0,1,
inc/event/res/chatevent01/cha_mas11.txt#27#12,"髪の毛がじめっとした感じがして、
ちょっと気持ち悪いよ……。","头发感觉潮乎乎的，
稍微有点不舒服呢……",translated,依恩,8c0dbb0540,br=0 nl=1,2,
inc/event/res/chatevent01/cha_mas11.txt#29#12,"う～、何だか少し寒気がするかも……。
風邪の兆候かな？","唔～总觉得有点发冷呢……
难道是感冒的前兆吗？",translated,依恩,4c8d4dc2dd,br=0 nl=1,2,
inc/event/res/chatevent01/cha_mas11.txt#30#12,"あなたも、風邪を引いたりしないように
温かくしないとダメだよ？","你也得注意保暖，
千万别着凉感冒了哦？",translated,依恩,65f80a0073,br=0 nl=1,2,
inc/event/res/chatevent01/cha_mas11.txt#32#12,本物の海……行ってみたいなぁ。,真正的海……好想去看看呀。,translated,依恩,a643d3e281,br=0 nl=0,1,
inc/event/res/chatevent01/cha_mas11.txt#34#12,"あなたと一緒に暮らせたらなぁ……。
今日のお夕飯は何が食べたいかを
聞いたり出来るのに。","要是能和你一起生活就好了……
这样就能问问你今晚想吃什么了。",translated,依恩,525e424d8a,br=0 nl=2,3,
inc/event/res/chatevent01/cha_mas11.txt#35#12,"難しい料理でも、あなたのためなら
レシピ片手に頑張れるもん。","就算是难度很高的硬菜，只要为了你，
我拿着食谱也会拼命做好的嘛。",translated,依恩,a6ec22a96b,br=0 nl=1,2,
inc/event/res/chatevent01/cha_mas11.txt#37#12,"最近ね、前よりも家の中を綺麗に
することを心がけてるの。","最近呢，比起以往
我更加用心地打扫整理家里了。",translated,依恩,ac84c1be17,br=0 nl=1,2,
inc/event/res/chatevent01/cha_mas11.txt#38#12,"家は夫婦のお城だもん。
綺麗にしておかないと、
いい雰囲気になれないでしょ？","毕竟家是夫妻两人的城堡嘛。
要是不收拾得干干净净，
怎么能营造出美好的氛围呢？",translated,依恩,837722d40f,br=0 nl=2,3,
inc/event/res/chatevent01/cha_mas11.txt#40#12,"そういえば、ねりこさんから
婚姻届をもらったんだけど……。","说起来，我虽然从妮莉库小姐那里
拿到了结婚申请书……",translated,依恩,97f1b7b5b5,br=0 nl=1,2,
inc/event/res/chatevent01/cha_mas11.txt#41#12,"市役所が無いから、どこに出せばいいのか
わからないのが問題だよね？","但因为没有市政厅，
根本不知道该交到哪里去才是问题对吧？",translated,依恩,ffb35de5b1,br=0 nl=1,2,
inc/event/res/chatevent01/cha_mas11.txt#43#12,うっ、ちょっと耳鳴りが……。,呜，有点耳鸣……,translated,依恩,8c1adad04d,br=0 nl=0,1,
inc/event/res/chatevent01/cha_mas11.txt#44#12,"ふぅ……治まってくれたみたい。
疲れが溜まってるのかな？","呼……好像平复下来了。
是疲劳积攒太多了吗？",translated,依恩,b207d6b74c,br=0 nl=1,2,
inc/event/res/chatevent01/cha_mas11.txt#46#12,"あなたがお出かけする時に、今日の帰りは
早いのか遅いのかを聞けるようにできたら
いいんだけどなぁ……。","要是在你出门时，能问问你
今天会早回还是晚归就好了呀……",translated,依恩,0bb5dbe44c,br=0 nl=2,3,
inc/event/res/chatevent01/cha_mas11.txt#47#12,"出かける時にそういう会話するの、
ちょっと憧れてるの、えへへ……。","出门前能有那种对话，
我稍微有点憧憬呢，嘿嘿……",translated,依恩,200c35668c,br=0 nl=1,2,
inc/event/res/chatevent01/cha_mas11.txt#49#12,"そういえば、なでなでとかしてもらう時、
いつも正面か横からだよね？","说起来，你给我摸摸头的时候，
一般都是从正面或者侧面摸过来的对吧？",translated,依恩,33b53bb847,br=0 nl=1,2,
inc/event/res/chatevent01/cha_mas11.txt#50#12,"たまには後ろからしてもらおっかなぁ？
う～ん、でも、あなたが見えないと、
ちょっと物足りない気もするし……。","偶尔要不要试试从背后摸摸看呢？
嗯～不过要是看不见你，
感觉又有点不够过瘾呢……",translated,依恩,8678cbecf2,br=0 nl=2,3,
inc/event/res/chatevent01/cha_mas11.txt#52#12,"最近ね、お庭にすごくいい香りのする
花が咲き始めたの。","最近呢，院子里开始绽放起
散发着浓郁芬芳的花朵了哦。",translated,依恩,e9d917f459,br=0 nl=1,2,
inc/event/res/chatevent01/cha_mas11.txt#53#12,"夜にだけ香りを放つ面白い花なんだよ。
あなたにも嗅がせてあげたいな。","那是一种只在夜晚散发清香的奇妙花朵呢。
真想也让你闻一闻呀。",translated,依恩,1c8fa6b36f,br=0 nl=1,2,
inc/event/res/chatevent01/cha_mas11.txt#55#12,あとでトイレ掃除しようかな？,待会儿要不打扫一下卫生间吧？,translated,依恩,294212cbd3,br=0 nl=0,1,
inc/event/res/chatevent01/cha_mas11.txt#56#12,"水周りを綺麗にしないと運気が悪くなる、
ってねりこさんが言ってたし。","妮莉库小姐说过，要是不把用水的地方
收拾干净，运气可是会变差的。",translated,依恩,41dbe4d427,br=0 nl=1,2,
inc/event/res/chatevent01/cha_mas11.txt#58#12,"ＳＦ小説に出てくる未来の機械って、
実際に自分でも作れるような物が
出てくることって、よくあるよね？","科幻小说里登场的未来机械，
经常会出现一些实际上自己也能做出来的
东西对吧？",translated,依恩,3934c870da,br=0 nl=2,3,
inc/event/res/chatevent01/cha_mas11.txt#59#12,……もしかして、わたしだけ？,……难道说，只有我这么觉得？,translated,依恩,d6b4f27834,br=0 nl=0,1,
inc/event/res/chatevent01/cha_mas11.txt#61#12,"ハードカバーの本って、
装丁が綺麗だからつい手に取っちゃうけど、
重いのが少し辛いところだよね？","精装书装帧非常漂亮，总让人忍不住拿起来，
但拿久了手腕发沉也很难受对吧？",translated,依恩,51d2a18186,br=0 nl=2,3,
inc/event/res/chatevent01/cha_mas11.txt#62#12,"ゆっくり座って読むならいいけど、
転がったり、ちょっと読む時は
文庫サイズの方がいいかも。","安稳坐着读倒还好，要是躺着打滚
或者随便翻翻，还是平装小开本更合适呢。",translated,依恩,dc36cc8167,br=0 nl=2,3,
inc/event/res/chatevent01/cha_mas11.txt#64#12,"自作小説って、書いてる時は楽しいけど、
後で読み返すと恥ずかしくなることが
あるよね？","自己写的小说，写的时候超级开心，
但事后重读有时会觉得羞耻爆表对吧？",translated,依恩,3081de26d3,br=0 nl=2,3,
inc/event/res/chatevent01/cha_mas11.txt#65#12,"う～ん……わたし、作家には向いてない
タイプなのかな？","嗯～……难道我是那种
完全不适合当作家的人吗？",translated,依恩,f02958248b,br=0 nl=1,2,
inc/event/res/chatevent01/cha_mas11.txt#67#12,"最近、お風呂に入る時にはボディケアを
念入りにするようにしてるの。","最近每次泡澡，
我都特意仔仔细细地做身体护理哦。",translated,依恩,0378512416,br=0 nl=1,2,
inc/event/res/chatevent01/cha_mas11.txt#68#12,"あなたのお嫁さんになったんだもん。
少しでも綺麗になるための努力は
欠かせないよ。","毕竟已经成为你的新娘了嘛。
为了变得更漂亮一点，努力可是不可或缺的。",translated,依恩,8b027d34a2,br=0 nl=2,3,
inc/event/res/chatevent01/cha_mas11.txt#70#12,"わたし達って、恋愛小説とかでよくある
遠距離恋愛だよね？","我们这算不算是爱情小说里常见的
异地恋呢？",translated,依恩,cc559df274,br=0 nl=1,2,
inc/event/res/chatevent01/cha_mas11.txt#71#12,……別居生活とか言ったらダメだよ。,……可不许说是分居生活哦。,translated,依恩,077848f751,br=0 nl=0,1,
inc/event/res/chatevent01/cha_mas11.txt#73#12,"わわっ！？
今、すごく強い風がふいたよ！","哇哇！？
刚才刮了好大一阵狂风！",translated,依恩,70f00917e6,br=0 nl=1,2,
inc/event/res/chatevent01/cha_mas11.txt#74#12,"一瞬、家がビリビリッて揺れたもん。
ビックリしたぁ……。","房子一瞬间都嘎吱嘎吱震颤起来了呢。
吓死我了……",translated,依恩,56b85f4678,br=0 nl=1,2,
inc/event/res/chatevent01/cha_mas11.txt#76#12,新婚旅行……行けたらいいのに……。,要是能去度蜜月就好了……,translated,依恩,2a6cc743ea,br=0 nl=0,1,
inc/event/res/chatevent01/cha_mas11.txt#78#12,"こうやって何かしながらじゃなくて、
ゆっくりと二人でお話したいね。","不是像这样一边忙着做事，
而是两个人悠闲地聊聊天呢。",translated,依恩,9f594c6b47,br=0 nl=1,2,
inc/event/res/chatevent01/cha_mas11.txt#79#12,"夫婦が会話する時間って、
必要だと思わない？","你不觉得夫妻交谈的时间
是必不可少的吗？",translated,依恩,186ddec3f3,br=0 nl=1,2,
inc/event/res/chatevent01/cha_mas11.txt#81#12,うぅ……ちょっと、唇が荒れてるみたい。,呜……嘴唇好像有点起皮了。,translated,依恩,aecc9a402b,br=0 nl=0,1,
inc/event/res/chatevent01/cha_mas11.txt#82#12,"部屋が乾燥してるのかな？
ピリッてなったら痛いから、
リップクリーム塗っておこっと。","是房间太干燥了吗？
开裂刺痛的话可受不了，
去涂点润唇膏吧。",translated,依恩,f937932671,br=0 nl=2,3,
inc/event/res/chatevent01/cha_mas11.txt#84#12,"何か、日常生活でも使える便利グッズの
レシピを作りたいなぁ……。","真想构想一些在日常生活中也能用到的
便利小工具的食谱啊……",translated,依恩,c98c20017f,br=0 nl=1,2,
inc/event/res/chatevent01/cha_mas11.txt#85#12,"やっぱり、使う用途がある物の方が、
作ってて楽しいと思えるし。","毕竟有用得上的去处的东西，
做起来也会觉得更有乐趣呢。",translated,依恩,79483b4e67,br=0 nl=1,2,
inc/event/res/chatevent01/cha_mas12.txt#2#12,最近、ちょっと寒い日が多い気がするの。,最近总觉得天冷的日子蛮多的。,translated,依恩,8407efcb45,br=0 nl=0,1,
inc/event/res/chatevent01/cha_mas12.txt#3#12,風邪引かないように気をつけよっと。,得小心别着凉感冒了呢。,translated,依恩,ba31dec5ce,br=0 nl=0,1,
inc/event/res/chatevent01/cha_mas12.txt#5#12,"作業が終わった後に飲むお茶って、
普通よりも美味しく感じるの。","在大功告成之后喝的茶，
感觉比平时都要更加美味呢。",translated,依恩,fc5f118d98,br=0 nl=1,2,
inc/event/res/chatevent01/cha_mas12.txt#6#12,"あなたも、何かをやり終えたときに
試してみてね。","你在做完一件事情之后，
也一定要试一试哦。",translated,依恩,f956e260f1,br=0 nl=1,2,
inc/event/res/chatevent01/cha_mas12.txt#8#12,"部屋を閉め切ってるのに、時々小さな虫が
入り込んでることってあるよね？","明明房间门窗紧闭，有时却还是会有
小虫子飞进来对吧？",translated,依恩,a0118bfc2c,br=0 nl=1,2,
inc/event/res/chatevent01/cha_mas12.txt#9#12,"一体どこから入ってくるのかな？
壁に穴とか空いてたとしたら嫌だな……。","到底是从哪儿钻进来的呢？
要是墙壁上有窟窿的话可就讨厌了……",translated,依恩,0063c8e80b,br=0 nl=1,2,
inc/event/res/chatevent01/cha_mas12.txt#11#12,"近所の心配をしなくていいから、
夜中でも大きな音のする作業ができるのは
ありがたいよね？","因为不用担心打扰邻居，
深更半夜也能做声响很大的工作，
这点很让人欣慰对吧？",translated,依恩,1425ecf533,br=0 nl=2,3,
inc/event/res/chatevent01/cha_mas12.txt#12#12,"……それに慣れ過ぎちゃうのも、
問題だとは思うけど。","……不过要是太习惯这种环境，
感觉也是个大问题就是了。",translated,依恩,5b19b5a226,br=0 nl=1,2,
inc/event/res/chatevent01/cha_mas12.txt#14#12,"ねりこさんのお店でも、真空管をいっぱい
扱ってくれるようにならないかな？","妮莉库小姐的店里，
要是也能多进一些电子管就好了呢？",translated,依恩,5aa496e72b,br=0 nl=1,2,
inc/event/res/chatevent01/cha_mas12.txt#15#12,"専門店みたいなのは無理でも、
コーナーくらいは作ってほしいなぁ。","就算做不成专卖店，
也希望至少能设个专柜专区呀。",translated,依恩,b54307a0b4,br=0 nl=1,2,
inc/event/res/chatevent01/cha_mas12.txt#17#12,"料理のさしすせそを知るよりも、
料理の技術を磨きなさい！","比起死记调味五味口诀，
更应该磨炼料理烹饪的技术！",translated,依恩,9f28331579,br=0 nl=1,2,
inc/event/res/chatevent01/cha_mas12.txt#18#12,"って、料理本に書いてあったの。
やっぱり大切なのは、
知識じゃなくて技術なんだね。","烹饪书上是这么写的哦。
果然最重要的，
不是死知识而是真手艺呢。",translated,依恩,5a01659e9a,br=0 nl=2,3,
inc/event/res/chatevent01/cha_mas12.txt#20#12,"鍛冶も家事もできるから、
次は船の舵取りもできるようになりたいな。","锻造和家务我都会了，
接下来真想学会驾驶轮船掌舵呢。",translated,依恩,5ecbb33ac8,br=0 nl=1,2,
inc/event/res/chatevent01/cha_mas12.txt#21#12,"船を操縦できます、って言えたら、
ちょっとかっこいいよね？","要是能自豪地说“我会开船哦”，
感觉还挺帅气的对吧？",translated,依恩,043e897bf0,br=0 nl=1,2,
inc/event/res/chatevent01/cha_mas12.txt#23#12,"あなたに会うまでは、カレンダーが
ある必要ってあまりなかったの。","在遇见你之前，
我其实没什么用日历的必要呢。",translated,依恩,cb6529bf06,br=0 nl=1,2,
inc/event/res/chatevent01/cha_mas12.txt#24#12,"でも、今はデートの予定を書き込むから、
結構使ってるんだ。","不过现在因为要写上约会日程，
用得还挺频繁的呢。",translated,依恩,0cfd8c13c4,br=0 nl=1,2,
inc/event/res/chatevent01/cha_mas12.txt#26#12,わたしの部屋って、天井高いよね？,我的房间，挑高很高对吧？,translated,依恩,f9dcd7cf35,br=0 nl=0,1,
inc/event/res/chatevent01/cha_mas12.txt#27#12,……ロフトでも、作っちゃおうかな？,……要不要，搭个小阁楼呢？,translated,依恩,7d627aa021,br=0 nl=0,1,
inc/event/res/chatevent01/cha_mas12.txt#29#12,"最近、細かい作業をする時に、
何となく視界がぼやける気がするの。","最近做精细活计的时候，
总觉得视野有点模糊不清呢。",translated,依恩,114b3dc48d,br=0 nl=1,2,
inc/event/res/chatevent01/cha_mas12.txt#30#12,"う～ん、疲れてるだけかな？
視力が落ちてたら嫌だなぁ……。","嗯～只是太累了吗？
要是视力下降了可就讨厌了呢……",translated,依恩,71a08820c1,br=0 nl=1,2,
inc/event/res/chatevent01/cha_mas12.txt#32#12,そろそろまた採取に行った方がいいかな？,差不多是不是该再去采集一趟了呢？,translated,依恩,3c90e44788,br=0 nl=0,1,
inc/event/res/chatevent01/cha_mas12.txt#33#12,あなたも、材料の確認はこまめにしてね。,你也要经常确认一下材料储备哦。,translated,依恩,d748c51c25,br=0 nl=0,1,
inc/event/res/chatevent01/cha_mas12.txt#35#12,"すごくお腹が減るまで作業をしてると、
料理をするのが辛くなるの……。","要是干活一直干到肚子饿瘪，
做饭就会变得特别吃力呢……",translated,依恩,5f17880bb1,br=0 nl=1,2,
inc/event/res/chatevent01/cha_mas12.txt#36#12,"やっぱり、料理はお腹が減る前に
するべきだね。","果然做饭这事，
应该在肚子饿之前就做好呢。",translated,依恩,3c706645a4,br=0 nl=1,2,
inc/event/res/chatevent01/cha_mas12.txt#38#12,"あなたの世界では、生活をしてると
外の色んな音がするのかな？","在你的世界里生活，
外面能听到各种各样的声音吗？",translated,依恩,2b13709b83,br=0 nl=1,2,
inc/event/res/chatevent01/cha_mas12.txt#39#12,"ここだとそういうのってないから、
ちょっとうらやましいよ。","在这里根本没有那种热闹，
稍微有点羡慕呢。",translated,依恩,78e345bbe6,br=0 nl=1,2,
inc/event/res/chatevent01/cha_mas12.txt#41#12,"今日やれることは今日のうちにやって
しまおう、ってよく言うけど……。","虽然常言道“今日事今日毕”，
但是……",translated,依恩,e2105b4f29,br=0 nl=1,2,
inc/event/res/chatevent01/cha_mas12.txt#42#12,"気づいたら日を跨いじゃってた、
なんてこともよくあるよね？","经常一回过神来
就已经跨到第二天了对吧？",translated,依恩,a01e105429,br=0 nl=1,2,
inc/event/res/chatevent01/cha_mas12.txt#44#12,"わたしって、日課と呼べるようなことって
何もしてない気がするの。","我总觉得自己好像完全没有
能称得上是每日功课的事情呢。",translated,依恩,343b053a3a,br=0 nl=1,2,
inc/event/res/chatevent01/cha_mas12.txt#45#12,う～ん、何か始めた方がいいのかなぁ？,嗯～是不是该培养个什么日常习惯呀？,translated,依恩,0a259e9731,br=0 nl=0,1,
inc/event/res/chatevent01/cha_mas12.txt#47#12,"近所迷惑とか気にする必要ないんだから、
お庭ですごく大きい機械を作りたいな。","既然根本不需要顾虑打扰到邻居，
真想在院子里造个超巨大的机械啊。",translated,依恩,79e6993e36,br=0 nl=1,2,
inc/event/res/chatevent01/cha_mas12.txt#48#12,"この家くらいのロケットとか作ったら、
きっと楽しいと思うの。
いつか実行しよっと♪","要是造一个跟这栋房子差不多大的火箭，
我想肯定超级刺激的。
改天我一定要试试看♪",translated,依恩,5640156368,br=0 nl=2,3,
inc/event/res/chatevent01/cha_mas12.txt#50#12,今日は外出したい気分かも。,今天好像很有出门的心情呢。,translated,依恩,c5f8198117,br=0 nl=0,1,
inc/event/res/chatevent01/cha_mas12.txt#51#12,何か採取に出かけてみようかな？,要不去哪里采集点素材吧？,translated,依恩,7e9116f5e0,br=0 nl=0,1,
inc/event/res/chatevent01/cha_mas12.txt#53#12,外出したいな、って気持ちもあるの。,心里确实也有想外出的想法。,translated,依恩,5cf594df63,br=0 nl=0,1,
inc/event/res/chatevent01/cha_mas12.txt#54#12,"でも、あなたと一緒に行けないなら、
やっぱり家にいた方がいいかな。","不过要是不能和你一起去，
果然还是待在家里更好吧。",translated,依恩,036168c04e,br=0 nl=1,2,
inc/event/res/chatevent01/cha_mas12.txt#56#12,"結婚してからだいぶ経ったからかな？
もう新婚生活って気はあまりしなく
なってきちゃったね。","可能是因为结婚过了挺久了吧？
感觉已经不太有新婚生活的感觉了呢。",translated,依恩,2b902ae077,br=0 nl=2,3,
inc/event/res/chatevent01/cha_mas12.txt#57#12,"ちょっと寂しいような……
それだけ時間が経ったと考えると
嬉しいような……複雑な気分だよ。","觉得稍微有点落寞……
但想到两人携手走过了那么久又挺欣慰……
心情好复杂呀。",translated,依恩,f69a439612,br=0 nl=2,3,
inc/event/res/chatevent01/cha_mas12.txt#59#12,"わたしも女の子なんだから、
ぬいぐるみの一つでも部屋に飾りたいなぁ。","我也是个女孩子嘛，
在房间里摆个玩偶装饰一下多好呀。",translated,依恩,9723c00504,br=0 nl=1,2,
inc/event/res/chatevent01/cha_mas12.txt#60#12,……今、似合わないとか思ったでしょ？,……你刚才是不是觉得不适合我？,translated,依恩,297a0840d3,br=0 nl=0,1,
inc/event/res/chatevent01/cha_mas12.txt#62#12,"ふぁ～……
何だか、眠くなってきちゃった。","哈啊～……
总觉得有点犯困了呢。",translated,依恩,85f8740b03,br=0 nl=1,2,
inc/event/res/chatevent01/cha_mas12.txt#63#12,"眠気覚ましに、ちょっと機械作りをして
シャキッとしたいな。",为了驱散睡意，做做机械提提神吧。,translated,依恩,a9a4c5069e,br=0 nl=1,2,
inc/event/res/chatevent01/cha_mas12.txt#65#12,たまには持ってる真空管を拭こうかな？,偶尔把手头的电子管都擦拭一下吧？,translated,依恩,91fd7b6248,br=0 nl=0,1,
inc/event/res/chatevent01/cha_mas12.txt#66#12,"ガラス管がピカピカじゃないと、
真空管がかわいそうだもん。","玻璃管要是不晶莹剔透，
电子管也太可怜了嘛。",translated,依恩,390e4b60e9,br=0 nl=1,2,
inc/event/res/chatevent01/cha_mas12.txt#68#12,"一泊二日くらいで、どこかに旅行に
行けたらいいのになぁ……。","要是能去哪里来个两天一夜的旅行
就好了呢……",translated,依恩,bc2cb40b68,br=0 nl=1,2,
inc/event/res/chatevent01/cha_mas12.txt#69#12,もちろん、あなたと二人きりでね。,当然是只和你两个人去啦。,translated,依恩,134086162e,br=0 nl=0,1,
inc/event/res/chatevent01/cha_mas12.txt#71#12,"最近、ねりこさんとあなたの関係が
すごく深まってる気がするの。","最近总觉得，
你和妮莉库小姐的关系变得更深了呢。",translated,依恩,d5a9e50085,br=0 nl=1,2,
inc/event/res/chatevent01/cha_mas12.txt#72#12,"……ちょっとだけ、心配かも。
わたしのことも、忘れたらダメだよ？","……稍微有点担心呢。
可千万不能把我给忘了哦？",translated,依恩,7ef6af5635,br=0 nl=1,2,
inc/event/res/chatevent01/cha_mas12.txt#74#12,"結婚したのに、やってることが
前と何も変わってないような……。","明明结婚了，做的事情却好像
和以前完全没有改变……",translated,依恩,da1857edd2,br=0 nl=1,2,
inc/event/res/chatevent01/cha_mas12.txt#75#12,"週に一回くらい、何も作らないで
お話とかデートだけする日があっても
いい気がするんだけどなぁ……。","每周要是能有一天什么都不做，
单纯聊聊天、约约会，感觉也挺好的嘛……",translated,依恩,2887614bcc,br=0 nl=2,3,
inc/event/res/chatevent01/cha_mas12.txt#77#12,"あと何十年も、わたしはこの世界で
ずっと生きていかなくちゃいけないのかな？","难道今后还要在这个世界里，
独自生活好几十年吗？",translated,依恩,f268d99896,br=0 nl=1,2,
inc/event/res/chatevent01/cha_mas12.txt#78#12,それを考えると、少し不安だよ。,一想到这里，就有点惴惴不安呢。,translated,依恩,b77363ce0d,br=0 nl=0,1,
inc/event/res/chatevent01/cha_mas12.txt#80#12,わたしも、あなたの寝顔を見てみたいな。,我也想看看你睡觉时的容颜呀。,translated,依恩,732b60e060,br=0 nl=0,1,
inc/event/res/chatevent01/cha_mas12.txt#81#12,"寝顔をトントンってできたりもしたら、
もっと嬉しいんだけどなぁ、えへへ……。","要是还能对着睡颜戳一戳的话，
那我就更高兴了呢，嘿嘿……",translated,依恩,f0ed869e5c,br=0 nl=1,2,
inc/event/res/chatevent01/cha_mas12.txt#83#12,"ふふっ……あなたと一緒にいられると、
本当に幸せだな、って気持ちになるの。","呵呵……只要能和你在一起，
心里就会觉得真的好幸福啊。",translated,依恩,a98e9c3eaa,br=0 nl=1,2,
inc/event/res/chatevent01/cha_mas12.txt#84#12,"これからも、ずっとずっと、
わたしと一緒にいてね？","今后也要一直一直，
陪伴在我的身边哦？",translated,依恩,e44d51a31e,br=0 nl=1,2,
inc/event/res/chatevent01/cha_slaa01.txt#8#12,ふぁ～……まだ寝ないの？,哈啊～……还不睡吗？,translated,依恩,c390fc763f,br=0 nl=0,1,
inc/event/res/chatevent01/cha_slaa01.txt#9#12,悪いけど、わたしは先に寝かせてもらうね。,不好意思啦，那我先去睡了哦。,translated,依恩,34c3ecfc2e,br=0 nl=0,1,
inc/event/res/chatevent01/cha_slaa01.txt#12#12,もぉ、ちょっとは時間を考えてよ。,真是的，也稍微看看现在是什么时间嘛。,translated,依恩,aaa1ec0cd9,br=0 nl=0,1,
inc/event/res/chatevent01/cha_slaa01.txt#13#12,"あなたは眠くなくても、わたしはもう
眠くて限界なの！","就算你不困，
我已经困得受不了啦！",translated,依恩,7ba7660fee,br=0 nl=1,2,
inc/event/res/chatevent01/cha_slaa01.txt#16#12,はぁ……今、何時だかわかる？,哈啊……你知道现在都几点了吗？,translated,依恩,ca4386013c,br=0 nl=0,1,
inc/event/res/chatevent01/cha_slaa01.txt#17#12,"何かあるなら明日にしてよ。
わたし、もう限界……ふぁ～……。","有什么事留到明天再说吧。
我已经快到极限了……哈啊～……",translated,依恩,21986c9958,br=0 nl=1,2,
inc/event/res/chatevent01/cha_slaa01.txt#32#12,"はいはい、もうちょっとお話ししたい
気持ちはわかるけど、もう遅いよ。","好啦好啦，我知道你还想多聊会儿，
但已经很晚了哦。",translated,依恩,9447105960,br=0 nl=1,2,
inc/event/res/chatevent01/cha_slaa01.txt#33#12,"また明日、いっぱいお話ししようね。
それじゃ、おやすみなさ～い。","明天再好好多聊聊吧。
那么，晚～安啦。",translated,依恩,61c61a19f1,br=0 nl=1,2,
inc/event/res/chatevent01/cha_slaa01.txt#36#12,"ちゃんとお布団に入った？
風邪なんか引いたらダメだよ？","有好好钻进被窝里吗？
可千万别着凉感冒了哦？",translated,依恩,3d9fa8734d,br=0 nl=1,2,
inc/event/res/chatevent01/cha_slaa01.txt#37#12,"それじゃ、おやすみなさい。
いい夢見ようね。","那么，晚安啦。
做个好梦哦。",translated,依恩,735cd4caab,br=0 nl=1,2,
inc/event/res/chatevent01/cha_slaa01.txt#48#12,ねぇ、まだ寝ないの？,呐，还不睡吗？,translated,依恩,dac1fcb3e5,br=0 nl=0,1,
inc/event/res/chatevent01/cha_slaa01.txt#49#12,早く寝ないと明日が辛いよ？,不早点睡的话，明天可是会很难受的哦？,translated,依恩,5ff4cc44f1,br=0 nl=0,1,
inc/event/res/chatevent01/cha_slaa01.txt#52#12,わたしもう寝るよ？,我可要先睡了哦？,translated,依恩,f9ea5d7786,br=0 nl=0,1,
inc/event/res/chatevent01/cha_slaa01.txt#53#12,あなたはいつになったら寝るの？,你到底要到什么时候才睡嘛？,translated,依恩,1574cdae64,br=0 nl=0,1,
inc/event/res/chatevent01/cha_slaa01.txt#56#12,早く寝よう……。,快点睡吧……,translated,依恩,e4f69f31d2,br=0 nl=0,1,
inc/event/res/chatevent01/cha_slaa01.txt#57#12,もうわたし眠いよ……。,我已经很困了啦……,translated,依恩,3e41e93ade,br=0 nl=0,1,
inc/event/res/chatevent01/cha_slaa01.txt#68#12,おやすみなさい。,晚安。,translated,依恩,36c28bb331,br=0 nl=0,1,
inc/event/res/chatevent01/cha_slaa01.txt#69#12,明日もいい一日になるといいね。,希望明天也是美好的一天呢。,translated,依恩,8416f3c62d,br=0 nl=0,1,
inc/event/res/chatevent01/cha_slaa01.txt#72#12,おやすみなさい。,晚安。,translated,依恩,36c28bb331,br=0 nl=0,1,
inc/event/res/chatevent01/cha_slaa01.txt#73#12,また明日お話しようね。,明天再聊天吧。,translated,依恩,8e87496215,br=0 nl=0,1,
inc/event/res/chatevent01/cha_slab01.txt#2#12,……なかなか寝付けない。,……怎么也睡不着。,translated,依恩,5f0dcd0f4a,br=0 nl=0,1,
inc/event/res/chatevent01/cha_slab01.txt#3#12,ねぇ、よかったら何かお話してほしいな。,那个，可以的话想听你说说话呢。,translated,依恩,7717a7dd53,br=0 nl=0,1,
inc/event/res/chatevent01/cha_slab01.txt#4#12,話をする,陪她聊天,translated,,e239286b4f,br=0 nl=0,1,
inc/event/res/chatevent01/cha_slab01.txt#5#12,話をしない,不陪她聊天,translated,,f59c8976f5,br=0 nl=0,1,
inc/event/res/chatevent01/cha_slab01.txt#9#12,ねぇ、お話してくれないの？,呐，不陪我聊聊天吗？,translated,依恩,94eb6a993d,br=0 nl=0,1,
inc/event/res/chatevent01/cha_slab01.txt#11#12,ねぇってば……。,喂～我说……,translated,依恩,9f8bccab3f,br=0 nl=0,1,
inc/event/res/chatevent01/cha_slab01.txt#14#12,"はぁ……。
もういいよ……。","哈啊……
算了吧……",translated,依恩,206a80ffdb,br=0 nl=1,2,
inc/event/res/chatevent01/cha_slab01.txt#21#12,す～……す～……。,呼～……呼～……,translated,依恩,18419f924c,br=0 nl=0,1,
inc/event/res/chatevent01/cha_slab01.txt#22#12,あっ、ご、ごめんね……。,啊，对、对不起哦……,translated,依恩,5e94aabbb1,br=0 nl=0,1,
inc/event/res/chatevent01/cha_slab01.txt#23#12,"その……お話が面白くなかったわけ
じゃないよ？",那个……并不是你的故事无聊哦？,translated,依恩,9c1ebe8fb4,br=0 nl=1,2,
inc/event/res/chatevent01/cha_slab01.txt#24#12,その、なんか安心しちゃって……。,只是……不知怎的特别安心……,translated,依恩,156e7476ef,br=0 nl=0,1,
inc/event/res/chatevent01/cha_slab01.txt#25#12,"と、とにかく、おかげで眠れそうだよ。
ありがとう。","总、总之，多亏了你我能睡着了。
谢谢你。",translated,依恩,c3f6e50821,br=0 nl=1,2,
inc/event/res/chatevent01/cha_slab01.txt#29#12,"そっか……。
ちょっと残念。","这样啊……
稍微有点遗憾呢。",translated,依恩,3c053500fc,br=0 nl=1,2,
inc/event/res/chatevent01/cha_slab01.txt#30#12,けど仕方ないよね。,不过这也是没办法的呢。,translated,依恩,566daa3fca,br=0 nl=0,1,
inc/event/res/chatevent01/cha_slab01.txt#31#12,"お話してたら
逆に眠れなくなりそうだもん。","毕竟聊起天来的话，
反而可能会睡意全无呢。",translated,依恩,ede1b77df2,br=0 nl=1,2,
inc/event/res/chatevent01/cha_slab01.txt#32#12,"目を閉じてれば、
そのうち眠れる……よね。","只要闭上眼睛，
慢慢就能睡着……对吧。",translated,依恩,7980d027a0,br=0 nl=1,2,
inc/event/res/chatevent01/cha_slab01.txt#35#14,"寝付けなかったけど
お話をしてくれた♪","虽然睡不着，
但他陪我聊了天♪",translated,,1bf2f5cbf1,br=0 nl=1,2,
inc/event/res/chatevent01/cha_slab01.txt#37#12,"えへへ、誰かと一緒に寝るなんて、
前までは考えられなかったよ。","嘿嘿，和别人一起睡什么的，
以前根本无法想象呢。",translated,依恩,13bbedabe3,br=0 nl=1,2,
inc/event/res/chatevent01/cha_slab01.txt#38#12,今日はすぐに眠れそうかな？,今天能很快入睡吗？,translated,依恩,aced54cbe1,br=0 nl=0,1,
inc/event/res/chatevent01/cha_slab01.txt#39#12,すぐに眠れる,能很快睡着,translated,,ce9ac25afa,br=0 nl=0,1,
inc/event/res/chatevent01/cha_slab01.txt#40#12,なかなか眠れない,很难睡得着,translated,,e03d1b992a,br=0 nl=0,1,
inc/event/res/chatevent01/cha_slab01.txt#42#12,あはは、そっか。,啊哈哈，这样啊。,translated,依恩,207fe428d3,br=0 nl=0,1,
inc/event/res/chatevent01/cha_slab01.txt#43#12,なんだかんだでそのときの眠気によるよね。,说到底还是要看当时困不困呢。,translated,依恩,4f3229168c,br=0 nl=0,1,
inc/event/res/chatevent01/cha_slab01.txt#44#12,"わたしも眠いときはすぐに眠っちゃうけど、
なかなか眠れないときもあるもん。","我犯困的时候也是沾枕头就着，
但有时怎么也睡不着呢。",translated,依恩,9a5eedca6b,br=0 nl=1,2,
inc/event/res/chatevent01/cha_slab01.txt#45#12,"それに今は、こうやってお話できるし、
眠るよりももうちょっと起きていたいかな。","而且现在能像这样聊天，
比起睡觉我更想再醒着多待会儿呢。",translated,依恩,98fee29ba4,br=0 nl=1,2,
inc/event/res/chatevent01/cha_slab01.txt#46#12,早く眠ったほうが良い,还是早点睡比较好,translated,,9a692f4c1f,br=0 nl=0,1,
inc/event/res/chatevent01/cha_slab01.txt#47#12,そろそろ寝ようか,差不多该睡了吧,translated,,2e3df97c4d,br=0 nl=0,1,
inc/event/res/chatevent01/cha_slab01.txt#49#12,う～ん、たしかにそうかも……。,嗯～确实是这样呢……,translated,依恩,9a5036be7c,br=0 nl=0,1,
inc/event/res/chatevent01/cha_slab01.txt#50#12,"残念だけど、ちゃんと寝ないと
明日起きれないかもしれないし……。","虽然很舍不得，但不好好睡的话，
明天可能起不来呢……",translated,依恩,8ffd6abca8,br=0 nl=1,2,
inc/event/res/chatevent01/cha_slab01.txt#51#12,"今日はもう
寝ておいた方がいいかもね。","今天可能还是
先睡下比较好呢。",translated,依恩,5a5fabd664,br=0 nl=1,2,
inc/event/res/chatevent01/cha_slab01.txt#52#12,"おやすみ。
また明日、たくさんお話しようね。","晚安。
明天也要多聊聊哦。",translated,依恩,c624365329,br=0 nl=1,2,
inc/event/res/chatevent01/cha_slab01.txt#55#14,"誰かと一緒に
寝るのっていいね♪","和别人一起
睡觉真好呢♪",translated,,9e7d7b9f78,br=0 nl=1,2,
inc/event/res/chatevent01/cha_slab01.txt#57#12,ふぁぁぁ～……。,哈啊啊～……,translated,依恩,7e55126d03,br=0 nl=0,1,
inc/event/res/chatevent01/cha_slab01.txt#58#12,なんか眠くなってきちゃった。,感觉有点犯困了。,translated,依恩,7be289d12c,br=0 nl=0,1,
inc/event/res/chatevent01/cha_slab01.txt#59#12,"やっぱり、誰かが側にいてくれるってだけで
安心感が違うのかな。","果然只要有人陪伴在身边，
安心感就完全不一样呢。",translated,依恩,2ccdc6e249,br=0 nl=1,2,
inc/event/res/chatevent01/cha_slab01.txt#60#12,"一人で眠ってたときは夢を見るのが怖くて、
ちゃんと眠れないこともあったんだよ。","以前一个人睡时总害怕做梦，
有时甚至都睡不安稳呢。",translated,依恩,1564b0a70f,br=0 nl=1,2,
inc/event/res/chatevent01/cha_slab01.txt#61#12,毎日一緒に寝てあげる,每天都陪你一起睡,translated,,c49d75296f,br=0 nl=0,1,
inc/event/res/chatevent01/cha_slab01.txt#62#12,イオンの寝顔を見ていたい,想看着依恩的睡颜,translated,,9898a77804,br=0 nl=0,1,
inc/event/res/chatevent01/cha_slab01.txt#64#12,えへへ、ありがとう。,嘿嘿，谢谢你。,translated,依恩,9414479893,br=0 nl=0,1,
inc/event/res/chatevent01/cha_slab01.txt#65#12,そうしてくれたら、すごく嬉しいよ。,如果能那样做的话，我真的会很高兴哦。,translated,依恩,c98b4b09da,br=0 nl=0,1,
inc/event/res/chatevent01/cha_slab01.txt#66#12,"それにこうやってお話出来たら、
すごく安心できそう。","而且能像这样聊聊天，
感觉心里会特别踏实。",translated,依恩,5ff940c709,br=0 nl=1,2,
inc/event/res/chatevent01/cha_slab01.txt#69#12,も、もう、そんなこといって……。,真是的，说这种肉麻的话……,translated,依恩,ac3763e22d,br=0 nl=0,1,
inc/event/res/chatevent01/cha_slab01.txt#70#12,あんまり見ちゃ嫌だよ？,盯着看太久我可不乐意哦？,translated,依恩,c774721d37,br=0 nl=0,1,
inc/event/res/chatevent01/cha_slab01.txt#71#12,その……恥ずかしいし……。,那个……很害羞嘛……,translated,依恩,9be6e5b86b,br=0 nl=0,1,
inc/event/res/chatevent01/cha_slab01.txt#73#12,"でも、安心しちゃう分、
やっぱり眠くなっちゃう……かな。","不过正因为安心下来，
果然就变得犯困了呢……",translated,依恩,08c37d2c3c,br=0 nl=1,2,
inc/event/res/chatevent01/cha_slab01.txt#74#12,目蓋が、重くなってきちゃった……。,眼皮变得好沉重……,translated,依恩,31ac10da7a,br=0 nl=0,1,
inc/event/res/chatevent01/cha_slab01.txt#75#12,"ごめんね。
本当はもっとお話したいのに……。","对不起哦。
明明想和你说更多话的……",translated,依恩,6038ebdf12,br=0 nl=1,2,
inc/event/res/chatevent01/cha_slab01.txt#76#12,おやすみ,晚安,translated,,22d1ecbca0,br=0 nl=0,1,
inc/event/res/chatevent01/cha_slab01.txt#77#12,気にしなくていい,不用在意,translated,,5821150e3b,br=0 nl=0,1,
inc/event/res/chatevent01/cha_slab01.txt#79#12,えへへ、ありがとう……。,嘿嘿，谢谢你……,translated,依恩,790d7c122b,br=0 nl=0,1,
inc/event/res/chatevent01/cha_slab01.txt#80#12,"おやすみなさい……。
また明日、お話しようね……。","晚安……
明天再聊天哦……",translated,依恩,41df222fcb,br=0 nl=1,2,
inc/event/res/chatevent01/cha_slab01.txt#83#14,"寝る前にお話
できて楽しかった♪","睡前能聊聊天
真开心♪",translated,,ed3ab27d0f,br=0 nl=1,2,
inc/event/res/chatevent01/cha_slab01.txt#85#12,えへへ、最近一日が早く感じるよ。,嘿嘿，最近觉得一天过得好快哦。,translated,依恩,9296162701,br=0 nl=0,1,
inc/event/res/chatevent01/cha_slab01.txt#86#12,"きっと、一人のときより
毎日が楽しいからだよね。","肯定是因为比起一个人的时候，
每天都更加开心充实了吧。",translated,依恩,0af87e0654,br=0 nl=1,2,
inc/event/res/chatevent01/cha_slab01.txt#87#12,"あなたと出会ってから、
まだそんなに時間は経ってないのに、
なんかわたし甘えてばっかりかも。","明明遇见你之后，
其实还没过去多长时间，
我好像总是在向你撒娇呢。",translated,依恩,a8fe3050fb,br=0 nl=2,3,
inc/event/res/chatevent01/cha_slab01.txt#88#12,そんなことない,没那回事,translated,,17a77b07ea,br=0 nl=0,1,
inc/event/res/chatevent01/cha_slab01.txt#89#12,甘えて構わない,尽管向我撒娇吧,translated,,5cf0880851,br=0 nl=0,1,
inc/event/res/chatevent01/cha_slab01.txt#91#12,そ、そうかな……。,是、是吗……,translated,依恩,c23c3938a7,br=0 nl=0,1,
inc/event/res/chatevent01/cha_slab01.txt#92#12,えへへ、あなたって優しいよね。,嘿嘿，你人真温柔呢。,translated,依恩,990813aa75,br=0 nl=0,1,
inc/event/res/chatevent01/cha_slab01.txt#93#12,"ちょっと意地悪だったり、
エッチなところもあるけど――","虽然偶尔有点坏心眼，
也有点色色的小毛病就是了――",translated,依恩,63f99c3d74,br=0 nl=1,2,
inc/event/res/chatevent01/cha_slab01.txt#94#12,"本当に大切なときは側にいてくれる……
そんな優しさだと思う。","但在真正关键的时刻总会陪伴在身边……
我觉得正是这样一份温柔呢。",translated,依恩,de1fe60851,br=0 nl=1,2,
inc/event/res/chatevent01/cha_slab01.txt#95#12,"これからも、そんなあなたに頼っちゃうかも
しれないけどいいかな？","今后我也可能会继续依赖这样的你，
可以吗？",translated,依恩,d1c3b133c3,br=0 nl=1,2,
inc/event/res/chatevent01/cha_slab01.txt#96#12,頼って構わない,尽管依赖我吧,translated,,cae5733085,br=0 nl=0,1,
inc/event/res/chatevent01/cha_slab01.txt#97#12,その方が嬉しい,那样我反而更高兴,translated,,dffdff7678,br=0 nl=0,1,
inc/event/res/chatevent01/cha_slab01.txt#99#12,えへへ、ありがとう。,嘿嘿，谢谢你。,translated,依恩,9414479893,br=0 nl=0,1,
inc/event/res/chatevent01/cha_slab01.txt#100#12,なんか、眠くなってきちゃった……。,感觉……有点犯困了……,translated,依恩,f24b823608,br=0 nl=0,1,
inc/event/res/chatevent01/cha_slab01.txt#101#12,安心……したからかな？,是因为……放下心来了吗？,translated,依恩,7a0acb3ff4,br=0 nl=0,1,
inc/event/res/chatevent01/cha_slab01.txt#102#12,おやすみ,晚安,translated,,22d1ecbca0,br=0 nl=0,1,
inc/event/res/chatevent01/cha_slab01.txt#104#12,うん……おやすみなさい。,嗯……晚安。,translated,依恩,3c213bdb19,br=0 nl=0,1,
inc/event/res/chatevent01/cha_slab01.txt#105#12,"また明日も、
楽しい一日になるといいなぁ……。","希望明天，
也能是开心愉快的一天啊……",translated,依恩,3e02e2b94b,br=0 nl=1,2,
inc/event/res/chatevent01/cha_slab01.txt#108#14,"寝る前にお話しすると
すごく安心する♪","睡前聊聊天
感觉特别安心♪",translated,,7339166cf6,br=0 nl=1,2,
inc/event/res/chatevent01/cha_slab01.txt#110#12,夜って本当に静かだよね。,夜晚真的很安静呢。,translated,依恩,c3aaeb325f,br=0 nl=0,1,
inc/event/res/chatevent01/cha_slab01.txt#111#12,"人だけじゃなくて、虫や動物も眠ってるから
声が聞こえないし……。","不仅是人，连虫子和动物也都睡了，
一点声音都听不到……",translated,依恩,ea58b10147,br=0 nl=1,2,
inc/event/res/chatevent01/cha_slab01.txt#112#12,"前までは一人だったから、
この静けさがちょっと怖かった。","以前一直是一个人，
总觉得这份寂静有点可怕。",translated,依恩,3daf5334db,br=0 nl=1,2,
inc/event/res/chatevent01/cha_slab01.txt#113#12,"でも今はあなたがいてくれる。
だから平気だよ。","但现在有你在。
所以完全没问题哦。",translated,依恩,872399e0a2,br=0 nl=1,2,
inc/event/res/chatevent01/cha_slab01.txt#114#12,"その……あなたさえよければ、
これからも一緒に寝てくれるかな？","那个……要是你不介意的话，
今后也能陪我一起睡吗？",translated,依恩,4682e7be5e,br=0 nl=1,2,
inc/event/res/chatevent01/cha_slab01.txt#115#12,もちろん,当然可以,translated,,8514001668,br=0 nl=0,1,
inc/event/res/chatevent01/cha_slab01.txt#116#12,時間が合えば,要是时间合适的话,translated,,4b0a321211,br=0 nl=0,1,
inc/event/res/chatevent01/cha_slab01.txt#118#12,えへへ、ありがとう。,嘿嘿，谢谢你。,translated,依恩,9414479893,br=0 nl=0,1,
inc/event/res/chatevent01/cha_slab01.txt#119#12,"もしうまく時間が合わなくても、
今そう言ってくれるだけで十分嬉しいよ。","就算时间碰不上，
光是听你现在这么说，我就已经足够开心了。",translated,依恩,1bd15b04ad,br=0 nl=1,2,
inc/event/res/chatevent01/cha_slab01.txt#120#12,"でも、あなたも忙しいと思うから、
無理だけはしないでね。","不过，我想你平时也很忙，
千万别勉强自己哦。",translated,依恩,a97615aedb,br=0 nl=1,2,
inc/event/res/chatevent01/cha_slab01.txt#121#12,無理してないよ,没有勉强哦,translated,,bde5ce92c0,br=0 nl=0,1,
inc/event/res/chatevent01/cha_slab01.txt#122#12,この時間が楽しみ,我很期待这段时间,translated,,2c4b570a4b,br=0 nl=0,1,
inc/event/res/chatevent01/cha_slab01.txt#124#12,本当に大丈夫？,真的没问题吗？,translated,依恩,1a2bf839bd,br=0 nl=0,1,
inc/event/res/chatevent01/cha_slab01.txt#125#12,"わたしを心配させないために、
言ってたりしない？","应该不是为了不让我担心
才故意这么说的吧？",translated,依恩,4ee8a779d2,br=0 nl=1,2,
inc/event/res/chatevent01/cha_slab01.txt#126#12,本当だよ,是真的哦,translated,,dd70c3bc46,br=0 nl=0,1,
inc/event/res/chatevent01/cha_slab01.txt#127#12,楽しいから平気,很开心所以没事,translated,,4befad1024,br=0 nl=0,1,
inc/event/res/chatevent01/cha_slab01.txt#129#12,よかった……。,太好了……,translated,依恩,f343c496ce,br=0 nl=0,1,
inc/event/res/chatevent01/cha_slab01.txt#130#12,けどもし辛くなったら言ってね。,不过要是觉得吃力一定要告诉我哦。,translated,依恩,8f4bb03c6d,br=0 nl=0,1,
inc/event/res/chatevent01/cha_slab01.txt#131#12,"一人で眠るのは寂しいけど、
あなたの体や予定の方が大事だと思うから。","虽然一个人睡很寂寞，
但我觉得你的身体和日程更重要。",translated,依恩,5c9f1607f6,br=0 nl=1,2,
inc/event/res/chatevent01/cha_slab01.txt#134#12,そう……なの？,是……这样吗？,translated,依恩,94cacf247f,br=0 nl=0,1,
inc/event/res/chatevent01/cha_slab01.txt#135#12,"えへへ、そっか。
お話するの楽しんでくれてるんだ。","嘿嘿，这样啊。
原来你也享受和我聊天啊。",translated,依恩,4c9538440f,br=0 nl=1,2,
inc/event/res/chatevent01/cha_slab01.txt#136#12,"もしかしたら、楽しんでるのはわたしだけで
あなたは無理をしてるんじゃないかって、
ちょっと不安だったの。","我之前还稍微有点不安，
担心是不是只有我一个人乐在其中，
而你其实一直在勉强迎合我呢。",translated,依恩,97bc24be58,br=0 nl=2,3,
inc/event/res/chatevent01/cha_slab01.txt#137#12,"だからね、
そう言ってくれてすごく安心しちゃった。","所以呢，
听你这么说我真的放宽心了。",translated,依恩,d9641e367d,br=0 nl=1,2,
inc/event/res/chatevent01/cha_slab01.txt#138#12,ふぁぁぁ……。,哈啊啊……,translated,依恩,fc2ed84661,br=0 nl=0,1,
inc/event/res/chatevent01/cha_slab01.txt#139#12,えへへ、なんか眠くなってきちゃった……。,嘿嘿，不知怎的有点困了……,translated,依恩,beebcd320b,br=0 nl=0,1,
inc/event/res/chatevent01/cha_slab01.txt#141#12,そろそろ寝よっか。,差不多该睡了吧。,translated,依恩,4e2889b3bb,br=0 nl=0,1,
inc/event/res/chatevent01/cha_slab01.txt#142#12,"おやすみなさい。
明日もいい日になりますように……。","晚安。
愿明天也是美好的一天……",translated,依恩,1fc12fa81f,br=0 nl=1,2,
inc/event/res/chatevent01/cha_slab01.txt#145#14,"寝る前のちょっとした
お話ですごく安心
できるみたい♪","睡前随便聊两句，
好像就能让人
感到超级安心呢♪",translated,,92df07adc7,br=0 nl=2,3,
inc/event/res/chatevent01/cha_slab01.txt#147#12,ん～……！　今日も疲れた～。,嗯～……！今天也累坏了～。,translated,依恩,4c6b993606,br=0 nl=0,1,
inc/event/res/chatevent01/cha_slab01.txt#148#12,あなたはどうだったかな？,你今天过得怎么样呀？,translated,依恩,54d583e573,br=0 nl=0,1,
inc/event/res/chatevent01/cha_slab01.txt#149#12,少し大変だった,有点辛苦,translated,,73baf93332,br=0 nl=0,1,
inc/event/res/chatevent01/cha_slab01.txt#150#12,割とのんびりだったよ,过得挺悠闲的哦,translated,,958235edb9,br=0 nl=0,1,
inc/event/res/chatevent01/cha_slab01.txt#152#12,あはは、そうだったんだ。,啊哈哈，原来是这样啊。,translated,依恩,bf55ffedae,br=0 nl=0,1,
inc/event/res/chatevent01/cha_slab01.txt#153#12,"詳しくは聞かないけど、無理はしないでね。
倒れたりしたら、大変なんだから。","虽然我就不过细追问了，但别太勉强哦。
要是累倒了可就出大事了。",translated,依恩,7aa75e5fc5,br=0 nl=1,2,
inc/event/res/chatevent01/cha_slab01.txt#156#12,ふふっ、そうなんだ。,呵呵，是这样呀。,translated,依恩,454f28b9ae,br=0 nl=0,1,
inc/event/res/chatevent01/cha_slab01.txt#157#12,少し前まではわたしもずっとのんびり……。,不久之前我也一直很悠闲……,translated,依恩,72be964664,br=0 nl=0,1,
inc/event/res/chatevent01/cha_slab01.txt#158#12,"って、あなたから見たら、
まだまだわたしはのんびりしてる方だよね。","哎呀，不过在你看来，
我应该还是属于相当悠闲的那一边吧。",translated,依恩,f92dbcb7da,br=0 nl=1,2,
inc/event/res/chatevent01/cha_slab01.txt#159#12,"もっと色んなことに
挑戦してみようかなぁ……。",要不要试着挑战更多事情呢……,translated,依恩,7cb9647b8b,br=0 nl=1,2,
inc/event/res/chatevent01/cha_slab01.txt#161#12,……なんか、こういうのって良いね。,……总觉得，这种感觉真好呢。,translated,依恩,e39e3b4e86,br=0 nl=0,1,
inc/event/res/chatevent01/cha_slab01.txt#162#12,"あなたと会って、
その日あった事をお話して……。","和你见面，
聊聊当天发生的事情……",translated,依恩,a514451e47,br=0 nl=1,2,
inc/event/res/chatevent01/cha_slab01.txt#163#12,"何気ないことのはずなのに、
すごくいいなぁって思う。","明明应该是些微不足道的小事，
我却觉得特别温馨美好呢。",translated,依恩,7436cdeaee,br=0 nl=1,2,
inc/event/res/chatevent01/cha_slab01.txt#164#12,そうだね,确实是呢,translated,,513e788082,br=0 nl=0,1,
inc/event/res/chatevent01/cha_slab01.txt#165#12,そうかな？,会吗？,translated,,14df58a342,br=0 nl=0,1,
inc/event/res/chatevent01/cha_slab01.txt#167#12,"えへへ、よかった。
あなたもそう思っててくれて。","嘿嘿，太好了。
你也和我想的一样呀。",translated,依恩,4e8afd17f1,br=0 nl=1,2,
inc/event/res/chatevent01/cha_slab01.txt#170#12,よく分からない？,不太明白吗？,translated,依恩,ae0c6a68eb,br=0 nl=0,1,
inc/event/res/chatevent01/cha_slab01.txt#171#12,"たぶん人と人との繋がりって当たり前に
あるようなものだから――","大概是因为人与人之间的纽带
就像理所当然的存在一样――",translated,依恩,64191d5933,br=0 nl=1,2,
inc/event/res/chatevent01/cha_slab01.txt#172#12,"一人になった経験がないと
分からないのかもしれないね。","所以没有体会过孤身一人的人
可能很难体会得到吧。",translated,依恩,0c18739abf,br=0 nl=1,2,
inc/event/res/chatevent01/cha_slab01.txt#174#12,"一人でいるとね、
だんだんと何にも感じなくなっていくの。","独自一人的时候呢，
渐渐地会对一切都变得麻木。",translated,依恩,457d4e2a74,br=0 nl=1,2,
inc/event/res/chatevent01/cha_slab01.txt#175#12,"楽しいとか、面白いとか、詰まらないって
感情がね、出てこなくなるんだ。","无论是开心、有趣还是无聊，
各种情绪都会变得感觉不到了。",translated,依恩,917e2b138b,br=0 nl=1,2,
inc/event/res/chatevent01/cha_slab01.txt#176#12,"そういう気持ちを……
取り戻させてくれたのがあなたなんだよ。","而把那些心情……
重新带回给我的人，正是你哦。",translated,依恩,90860e854c,br=0 nl=1,2,
inc/event/res/chatevent01/cha_slab01.txt#177#12,照れる,让人怪不好意思的,translated,,e8b165e66b,br=0 nl=0,1,
inc/event/res/chatevent01/cha_slab01.txt#178#12,大したことしてない,我没做什么了不起的事,translated,,2c4c2bfeb4,br=0 nl=0,1,
inc/event/res/chatevent01/cha_slab01.txt#180#12,あっ、もしかして照れてる？,啊，难道说你害羞了？,translated,依恩,4055905f32,br=0 nl=0,1,
inc/event/res/chatevent01/cha_slab01.txt#181#12,なんかかわいい。,感觉好可爱。,translated,依恩,c590080c20,br=0 nl=0,1,
inc/event/res/chatevent01/cha_slab01.txt#184#12,あはは、そんな謙遜することないのに。,啊哈哈，明明不用这么谦虚的说。,translated,依恩,3f59d95dfc,br=0 nl=0,1,
inc/event/res/chatevent01/cha_slab01.txt#185#12,"でも、それがあなたの良いところの
一つなのかな？",不过，这也是你的优点之一吧？,translated,依恩,7d5939f4d4,br=0 nl=1,2,
inc/event/res/chatevent01/cha_slab01.txt#187#12,ふぁぁ……。眠くなってきちゃった。,哈啊……开始犯困了。,translated,依恩,eb889d1325,br=0 nl=0,1,
inc/event/res/chatevent01/cha_slab01.txt#188#12,そろそろ寝よっか。,差不多该睡了吧。,translated,依恩,4e2889b3bb,br=0 nl=0,1,
inc/event/res/chatevent01/cha_slab01.txt#189#12,また明日、会おうね……。,明天还要再见哦……,translated,依恩,e42cf30ba3,br=0 nl=0,1,
inc/event/res/chatevent01/cha_slab01.txt#190#12,きっとだよ……。,一定要来哦……,translated,依恩,660f1ee3d0,br=0 nl=0,1,
inc/event/res/chatevent01/cha_slab01.txt#192#14,"寝るときに、ちょっと
恥ずかしいこと
言っちゃった♪","睡觉的时候，
说了点让人害羞的话♪",translated,,80db820ce5,br=0 nl=2,3,
inc/event/res/chatevent01/cha_slab01.txt#194#12,"こうして誰かが横にいてくれるのって、
なんか……いいよね。","像这样有人陪伴在身边，
总觉得……真好呢。",translated,依恩,c81766ca74,br=0 nl=1,2,
inc/event/res/chatevent01/cha_slab01.txt#195#12,急にどうした？,突然怎么了？,translated,,4f6500d5c9,br=0 nl=0,1,
inc/event/res/chatevent01/cha_slab01.txt#196#12,何かあった？,发生什么事了吗？,translated,,efae866642,br=0 nl=0,1,
inc/event/res/chatevent01/cha_slab01.txt#198#12,あはは、ただなんとなく……ね。,啊哈哈，只是随口说说……啦。,translated,依恩,e1ae736626,br=0 nl=0,1,
inc/event/res/chatevent01/cha_slab01.txt#199#12,寝るときって普通は夜でしょ？,睡觉的时候通常都是在晚上对吧？,translated,依恩,5cd84d443b,br=0 nl=0,1,
inc/event/res/chatevent01/cha_slab01.txt#200#12,"そうすると、自然と暗い空間で一人に
なるから、色々考えちゃうの。","这样一来，自然就会独自一人身处黑暗中，
不由得胡思乱想起来。",translated,依恩,de7f3bf313,br=0 nl=1,2,
inc/event/res/chatevent01/cha_slab01.txt#201#12,"わたしはどこから来て、
どうしてここにいるんだろう……とか。","比如我到底从何而来，
又为什么会在这里……之类的。",translated,依恩,f2de2d0213,br=0 nl=1,2,
inc/event/res/chatevent01/cha_slab01.txt#202#12,"でもね、あなたが隣にいてくれると、
そういうこと不思議と考えなくて……。","但是呢，只要有你陪在身边，
不可思议地就完全不会去想那些了……",translated,依恩,b75d89ed2a,br=0 nl=1,2,
inc/event/res/chatevent01/cha_slab01.txt#203#12,ドキドキする？,会心跳加速吗？,translated,,7333eceec0,br=0 nl=0,1,
inc/event/res/chatevent01/cha_slab01.txt#204#12,リラックスできる？,能放松下来吗？,translated,,aa82c76fec,br=0 nl=0,1,
inc/event/res/chatevent01/cha_slab01.txt#206#12,も、もう、そんなんじゃないってば。,真是的，才不是那种意思啦。,translated,依恩,461213e4de,br=0 nl=0,1,
inc/event/res/chatevent01/cha_slab01.txt#207#12,"なんだか、
こう……リラックスできるの。","总觉得，
怎么说呢……特别能够放松下来。",translated,依恩,8357a1c945,br=0 nl=1,2,
inc/event/res/chatevent01/cha_slab01.txt#210#12,うん、そう……かな。,嗯，大概……是那样吧。,translated,依恩,5827c758e7,br=0 nl=0,1,
inc/event/res/chatevent01/cha_slab01.txt#211#12,なんかね、落ち着くんだ。,总觉得呢，心里特别踏实。,translated,依恩,eaf5589b1d,br=0 nl=0,1,
inc/event/res/chatevent01/cha_slab01.txt#213#12,まだ会ったばかりなのに変だよね。,明明才刚认识不久，真奇怪对吧。,translated,依恩,fb03b6ec67,br=0 nl=0,1,
inc/event/res/chatevent01/cha_slab01.txt#214#12,"世界も違くて、
端末越しでしかお話出来ないのに……。","身处的世界不同，
也只能隔着终端聊天……",translated,依恩,e0c56e6275,br=0 nl=1,2,
inc/event/res/chatevent01/cha_slab01.txt#215#12,"ずっと前から知ってるみたいな、
そんな感覚があるの。","却有一种好像很久很久以前
就已经相识了一样的感觉。",translated,依恩,bc93ca2ed4,br=0 nl=1,2,
inc/event/res/chatevent01/cha_slab01.txt#216#12,もしかしたら、あなたの人柄……なのかな？,难道说，是因为你的人格魅力吗？,translated,依恩,1ddc39af8b,br=0 nl=0,1,
inc/event/res/chatevent01/cha_slab01.txt#217#12,わからない,不知道,translated,,8aa16c7821,br=0 nl=0,1,
inc/event/res/chatevent01/cha_slab01.txt#218#12,胸を張る,挺起胸膛,translated,,5c7f7284aa,br=0 nl=0,1,
inc/event/res/chatevent01/cha_slab01.txt#220#12,"あはは……。
そういうものかもしれないね。","啊哈哈……
可能确实是这样呢。",translated,依恩,003d9fc6cd,br=0 nl=1,2,
inc/event/res/chatevent01/cha_slab01.txt#221#12,"結局、誰だって自分のことが
一番分からないのかも。","到头来，或许任何人都是
最不了解自己的呢。",translated,依恩,9155a3d063,br=0 nl=1,2,
inc/event/res/chatevent01/cha_slab01.txt#224#12,あはは、すぐ調子に乗るんだから。,啊哈哈，你又马上得意忘形了。,translated,依恩,d183de96ae,br=0 nl=0,1,
inc/event/res/chatevent01/cha_slab01.txt#225#12,本当、あなたって楽しい人だね。,你这个人真是有趣呢。,translated,依恩,761bc28d09,br=0 nl=0,1,
inc/event/res/chatevent01/cha_slab01.txt#227#12,寝る前なのに、少し話しすぎちゃったかな？,明明快睡了，是不是聊得有点太多了？,translated,依恩,32ed917611,br=0 nl=0,1,
inc/event/res/chatevent01/cha_slab01.txt#228#12,眠くない？大丈夫？,你不困吗？没问题吧？,translated,依恩,359e0e1a40,br=0 nl=0,1,
inc/event/res/chatevent01/cha_slab01.txt#229#12,眠くない,不困,translated,,b21645498a,br=0 nl=0,1,
inc/event/res/chatevent01/cha_slab01.txt#230#12,まだ平気,还撑得住,translated,,189ae302a1,br=0 nl=0,1,
inc/event/res/chatevent01/cha_slab01.txt#232#12,ふふっ、あなたって夜に強いのかな？,呵呵，你很擅长熬夜吗？,translated,依恩,890afce524,br=0 nl=0,1,
inc/event/res/chatevent01/cha_slab01.txt#233#12,"でも、そろそろ寝ないと
明日眠くて大変だよ。","不过再不睡的话，
明天犯困可就糟糕了哦。",translated,依恩,1c52ed5b3c,br=0 nl=1,2,
inc/event/res/chatevent01/cha_slab01.txt#234#12,だから、一緒に寝よ。,所以，一起睡吧。,translated,依恩,714e0d39e8,br=0 nl=0,1,
inc/event/res/chatevent01/cha_slab01.txt#235#12,また明日、元気にお話できるように。,为了明天也能精神饱满地聊天。,translated,依恩,cb7acd1d88,br=0 nl=0,1,
inc/event/res/chatevent01/cha_slab01.txt#236#12,おやすみなさい,晚安,translated,,17b912b634,br=0 nl=0,1,
inc/event/res/chatevent01/cha_slab01.txt#237#12,そうだね,确实是呢,translated,,513e788082,br=0 nl=0,1,
inc/event/res/chatevent01/cha_slab01.txt#239#12,えへへ、おやすみなさい。,嘿嘿，晚安。,translated,依恩,68ff992142,br=0 nl=0,1,
inc/event/res/chatevent01/cha_slab01.txt#240#12,あなたがいい夢を見られますように……。,愿你也能做个好梦……,translated,依恩,e75af18cf7,br=0 nl=0,1,
inc/event/res/chatevent01/cha_slab01.txt#242#14,"一人の夜は色々
考えちゃうけど、
二人の夜は楽しいね♪","一个人的夜晚总会胡思乱想，
两个人的夜晚却很快乐呢♪",translated,,0cb525f4dd,br=0 nl=2,3,
inc/event/res/chatevent01/cha_slac01.txt#6#12,んっ……何？,嗯……怎么了？,translated,依恩,f0c2e726a8,br=0 nl=0,1,
inc/event/res/chatevent01/cha_slac01.txt#7#12,"気になって眠れないから、
やめてほしいんだけど……。","你这样我会在意得睡不着，
能不能停手呀……",translated,依恩,c6e8406a1b,br=0 nl=1,2,
inc/event/res/chatevent01/cha_slac01.txt#10#12,"もぉ、そんなことされたら
眠れないよ……。","真是的，被你这么弄
我还怎么睡呀……",translated,依恩,231f88ed81,br=0 nl=1,2,
inc/event/res/chatevent01/cha_slac01.txt#11#12,"明日寝不足になったら、
あなたのせいだからね？","明天要是睡眠不足，
可全都是你的错哦？",translated,依恩,de8b6e5f16,br=0 nl=1,2,
inc/event/res/chatevent01/cha_slac01.txt#14#12,……一度しか言わないよ？,……我只说一遍哦？,translated,依恩,4f3543bb15,br=0 nl=0,1,
inc/event/res/chatevent01/cha_slac01.txt#15#12,眠れないからやめて……わかった？,我会睡不着的快停手……听懂了吗？,translated,依恩,72c80c933a,br=0 nl=0,1,
inc/event/res/chatevent01/cha_slac01.txt#23#12,ちょっと、やめてっ！,等等，快住手啦！,translated,依恩,ff47b49bb2,br=0 nl=0,1,
inc/event/res/chatevent01/cha_slac01.txt#24#12,"もぉ、明日起きられなくなっちゃうよ！
寝る時はちゃんと寝ないとダメ！","真是的，明天会起不来的啦！
睡觉的时候就要好好睡觉！",translated,依恩,80ec174e35,br=0 nl=1,2,
inc/event/res/chatevent01/cha_slac01.txt#27#12,……ねえ、本当にやめてよ。,……我说，真的别闹啦。,translated,依恩,66b29afd2b,br=0 nl=0,1,
inc/event/res/chatevent01/cha_slac01.txt#28#12,これ以上続けると、わたしも怒るよ？,再继续弄下去，我可真要生气了哦？,translated,依恩,a31077d7d1,br=0 nl=0,1,
inc/event/res/chatevent01/cha_slac01.txt#31#12,"お話なら明日いくらでも付き合うから、
今はもう寝かせてほしいの。","要是聊天明天陪你聊多久都行，
现在快让我睡啦。",translated,依恩,2a3b290aa0,br=0 nl=1,2,
inc/event/res/chatevent01/cha_slac01.txt#32#12,本当に、明日起きられなくなっちゃう……。,真的，明天要起不来了……,translated,依恩,155896af3b,br=0 nl=0,1,
inc/event/res/chatevent01/cha_slac01.txt#42#12,はいはい、イタズラはそこまでだよ。,好啦好啦，恶作剧到此为止啦。,translated,依恩,4a80adfc54,br=0 nl=0,1,
inc/event/res/chatevent01/cha_slac01.txt#43#12,"また明日、起きたらいっぱい
お話ししようね。","明天睡醒之后，
我们再好好聊个够吧。",translated,依恩,4c8e639932,br=0 nl=1,2,
inc/event/res/chatevent01/cha_slac01.txt#46#12,"んっ？
と、トントンはもう終わりだよ。","嗯？
戳、戳戳已经结束啦。",translated,依恩,48b5e23a92,br=0 nl=1,2,
inc/event/res/chatevent01/cha_slac01.txt#47#12,続きは明日、起きてから……ね？,剩下的等明天睡醒之后……好吗？,translated,依恩,b935abe557,br=0 nl=0,1,
inc/event/res/chatevent01/cha_slac01.txt#50#12,……もしかして、まだ眠くないのかな？,……难道说，你还不困吗？,translated,依恩,024c1f70bd,br=0 nl=0,1,
inc/event/res/chatevent01/cha_slac01.txt#51#12,"目を瞑ってれば、すぐに眠れるよ。
早く寝て、また明日お話ししようね。","只要闭上眼睛，很快就能睡着的。
快点睡吧，明天我们再接着聊。",translated,依恩,091e628fc1,br=0 nl=1,2,
inc/event/res/chatevent01/cha_slac01.txt#59#12,きゃっ！？,呀！？,translated,依恩,61dd7adbe6,br=0 nl=0,1,
inc/event/res/chatevent01/cha_slac01.txt#60#12,"び、ビックリした……。
もぉ、目が覚めちゃうことしないで。","吓、吓我一跳……
真是的，别做让人彻底清醒的事啦。",translated,依恩,af3493db29,br=0 nl=1,2,
inc/event/res/chatevent01/cha_slac01.txt#63#12,えへへ……ぷにぷに～……。,嘿嘿……软乎乎的～……,translated,依恩,2268fa720b,br=0 nl=0,1,
inc/event/res/chatevent01/cha_slac01.txt#64#12,じゃなくて、早く寝ないとダメだよ！,才不是呢，不快点睡觉可不行哦！,translated,依恩,7c27b40134,br=0 nl=0,1,
inc/event/res/chatevent01/cha_slac01.txt#67#12,やっ、くすぐったいよ……。,哎呀，好痒啊……,translated,依恩,17589ad581,br=0 nl=0,1,
inc/event/res/chatevent01/cha_slac01.txt#68#12,もぉ、ちゃんと寝ないとダメだよ。,真是的，必须得好好睡觉才行哦。,translated,依恩,00a60851c4,br=0 nl=0,1,
inc/event/res/chatevent01/cha_slac01.txt#80#12,<CLBU>もう、頭叩かないでよ……。,<CLBU>真是的，别打我的头啦……,translated,依恩,c2576634b8,<CLBU> br=0 nl=0,1,keep-tags <CLBU>
inc/event/res/chatevent01/cha_slac01.txt#81#12,……眠れない。,……睡不着。,translated,依恩,58698158be,br=0 nl=0,1,
inc/event/res/chatevent01/cha_slac01.txt#83#12,<CLBU>なんで頭叩くの？,<CLBU>干嘛要打我的头呀？,translated,依恩,081a8a85d5,<CLBU> br=0 nl=0,1,keep-tags <CLBU>
inc/event/res/chatevent01/cha_slac01.txt#84#12,いじわるしないで……。,别使坏啦……,translated,依恩,f66efabaa0,br=0 nl=0,1,
inc/event/res/chatevent01/cha_slac01.txt#86#12,<CLBU>そんな叩かれたら眠れない。,<CLBU>被你这么打我都睡不着了。,translated,依恩,9e84a28c20,<CLBU> br=0 nl=0,1,keep-tags <CLBU>
inc/event/res/chatevent01/cha_slac01.txt#87#12,いい加減にしないと怒るからね？,你再不收敛点我可要生气了哦？,translated,依恩,e2adb11086,br=0 nl=0,1,
inc/event/res/chatevent01/cha_slac01.txt#91#12,<CLBU>……ねぇ、寝ないの？,<CLBU>……我说，你不睡吗？,translated,依恩,32b3287bd4,<CLBU> br=0 nl=0,1,keep-tags <CLBU>
inc/event/res/chatevent01/cha_slac01.txt#92#12,顔を触られると気になる……。,被你摸脸我总会在意……,translated,依恩,d705b9d963,br=0 nl=0,1,
inc/event/res/chatevent01/cha_slac01.txt#94#12,<CLBU>邪魔するなら、端末遠くに置いちゃうよ？,<CLBU>再捣乱的话，我可要把终端放得远远的了哦？,translated,依恩,b4cc42cf57,<CLBU> br=0 nl=0,1,keep-tags <CLBU>; src-longest-line=25
inc/event/res/chatevent01/cha_slac01.txt#95#12,傍にいるだけじゃ嫌なの？,仅仅陪在身边难道不行吗？,translated,依恩,6b5a63e9a4,br=0 nl=0,1,
inc/event/res/chatevent01/cha_slac01.txt#97#12,<CLBU>まだお話したいの？,<CLBU>还想继续聊天吗？,translated,依恩,b3968fd726,<CLBU> br=0 nl=0,1,keep-tags <CLBU>
inc/event/res/chatevent01/cha_slac01.txt#98#12,どっちにしても突かないで……。,无论如何都别再戳我了……,translated,依恩,50cb1540f7,br=0 nl=0,1,
inc/event/res/chatevent01/cha_slac01.txt#104#12,<CLBU>もう、頭突かないで。,<CLBU>真是的，别戳头啦。,translated,依恩,3887fda8b7,<CLBU> br=0 nl=0,1,keep-tags <CLBU>
inc/event/res/chatevent01/cha_slac01.txt#105#12,なんかくすぐったいよ～。,感觉有点痒痒的啦～。,translated,依恩,d1e9ac86ea,br=0 nl=0,1,
inc/event/res/chatevent01/cha_slac01.txt#107#12,<CLBU>もう、眠れないってば。,<CLBU>真是的，我都睡不着了啦。,translated,依恩,6219ecff94,<CLBU> br=0 nl=0,1,keep-tags <CLBU>
inc/event/res/chatevent01/cha_slac01.txt#108#12,お話はまた明日しようね。,聊天等明天再聊吧。,translated,依恩,0c046dd767,br=0 nl=0,1,
inc/event/res/chatevent01/cha_slac01.txt#110#12,<CLBU>うぅ、ごめんねぇ。,<CLBU>呜呜，对不起啦。,translated,依恩,131852db09,<CLBU> br=0 nl=0,1,keep-tags <CLBU>
inc/event/res/chatevent01/cha_slac01.txt#111#12,眠いからお話はまた明日にしよ～……。,我好困，聊天留到明天再说吧～……,translated,依恩,377ae61efd,br=0 nl=0,1,
inc/event/res/chatevent01/cha_slac01.txt#115#12,<CLBU>ね、ねぇ……。,<CLBU>我、我说……,translated,依恩,ff0f9e3dd8,<CLBU> br=0 nl=0,1,keep-tags <CLBU>
inc/event/res/chatevent01/cha_slac01.txt#116#12,顔を突かれると気になって眠れないよ。,脸被你戳着总会在意得睡不着觉。,translated,依恩,f9be732aeb,br=0 nl=0,1,
inc/event/res/chatevent01/cha_slac01.txt#118#12,<CLBU>か、顔叩かないでよ……。,<CLBU>别、别拍我的脸啦……,translated,依恩,0d3ce3fb1e,<CLBU> br=0 nl=0,1,keep-tags <CLBU>
inc/event/res/chatevent01/cha_slac01.txt#119#12,どうせなら頭をなでてくれると……。,要摸的话还不如摸摸头……,translated,依恩,e651c8bfa3,br=0 nl=0,1,
inc/event/res/chatevent01/cha_slac01.txt#121#12,<CLBU>わたしの顔、そんなに気になるの？,<CLBU>我的脸，有那么让你在意吗？,translated,依恩,692d151ad0,<CLBU> br=0 nl=0,1,keep-tags <CLBU>
inc/event/res/chatevent01/cha_slac01.txt#122#12,嬉しいけど、今は眠らせて欲しいな。,虽然很高兴，但现在我想睡觉啦。,translated,依恩,42815be2e8,br=0 nl=0,1,
inc/event/res/chatevent01/cha_slad01.txt#6#12,んっ……。,嗯……,translated,依恩,564a9f74e2,br=0 nl=0,1,
inc/event/res/chatevent01/cha_slad01.txt#8#12,"……何だか、ちょっと気持ちが
落ち着いたかも。","……总觉得，心情好像
稍微平静下来了一点呢。",translated,依恩,cf0435e9c6,br=0 nl=1,2,
inc/event/res/chatevent01/cha_slad01.txt#11#12,"そ、そんなことされたら、
眠れないよ……。","被、被你这么对待，
会睡不着的啦……",translated,依恩,63edb2d94b,br=0 nl=1,2,
inc/event/res/chatevent01/cha_slad01.txt#13#12,"で、でも、もうちょっとだけ、
してほしいな……。","不、不过，还希望你
能再稍微摸摸看呢……",translated,依恩,e708f04a84,br=0 nl=1,2,
inc/event/res/chatevent01/cha_slad01.txt#16#12,……えへへ。,……嘿嘿。,translated,依恩,d033e3880e,br=0 nl=0,1,
inc/event/res/chatevent01/cha_slad01.txt#17#12,"も、もぉ、ここまで！
あなたにナデナデされると、
笑顔になっちゃうよ……。","真、真是的，到此为止啦！
被你这么摸摸头，
我都会忍不住笑出来了啦……",translated,依恩,8143113b6b,br=0 nl=2,3,
inc/event/res/chatevent01/cha_slad01.txt#26#12,きゃっ！？,呀！？,translated,依恩,61dd7adbe6,br=0 nl=0,1,
inc/event/res/chatevent01/cha_slad01.txt#27#12,"もぉ、寝るの邪魔するなら、
ベッドから離しちゃうよ？","真是的，再妨碍我睡觉，
我可要放得离床远远的了哦？",translated,依恩,f6dbc46eaa,br=0 nl=1,2,
inc/event/res/chatevent01/cha_slad01.txt#31#12,"わたしが寝るの邪魔して、
そんなに楽しい？","妨碍我睡觉，
真的有那么好玩吗？",translated,依恩,6857a23f33,br=0 nl=1,2,
inc/event/res/chatevent01/cha_slad01.txt#34#12,もぉ、寝れないってば！,真是的，我都睡不着了啦！,translated,依恩,f4d416dca3,br=0 nl=0,1,
inc/event/res/chatevent01/cha_slad01.txt#35#12,"寝る時はちゃんと寝ようよ。
じゃないと、怒るよ？","睡觉的时候就要好好睡啦。
不然的话我可要生气了哦？",translated,依恩,af74815aeb,br=0 nl=1,2,
inc/event/res/chatevent01/cha_slad01.txt#45#12,"あなたに優しく撫でられるとね、
安心して眠ることが出来るの。","被你温柔地抚摸着呢，
就能安心地入睡了哦。",translated,依恩,487b63ac18,br=0 nl=1,2,
inc/event/res/chatevent01/cha_slad01.txt#46#12,"いつもだったらドキドキするはずなのに、
不思議だよね？","平时明明应该会小鹿乱撞才对，
真不可思议对吧？",translated,依恩,64b67f8252,br=0 nl=1,2,
inc/event/res/chatevent01/cha_slad01.txt#49#12,えへへ、気持ちいい……。,嘿嘿，好舒服……,translated,依恩,f71989da05,br=0 nl=0,1,
inc/event/res/chatevent01/cha_slad01.txt#50#12,"わたしも、いつかあなたの頭を
ナデナデしてあげたいな……。","我也想哪天能摸摸
你的头呀……",translated,依恩,18a86dddd8,br=0 nl=1,2,
inc/event/res/chatevent01/cha_slad01.txt#53#12,"……どうしよう。
まぶた重くなってきちゃった。","……怎么办。
眼皮变得好沉重了。",translated,依恩,1d792e6b39,br=0 nl=1,2,
inc/event/res/chatevent01/cha_slad01.txt#54#12,"あなたの撫で方が凄く優しいからだよ。
もっとお話ししたかったのに……。","都怪你的抚摸太温柔了啦。
明明还想再多聊聊天的……",translated,依恩,45362d405f,br=0 nl=1,2,
inc/event/res/chatevent01/cha_slad01.txt#63#12,ふふっ、くすぐったいよ。,呵呵，好痒哦。,translated,依恩,395b7f28dd,br=0 nl=0,1,
inc/event/res/chatevent01/cha_slad01.txt#64#12,"明日、幾らでも撫でさせてあげるから。
今日はもう寝よ、ね？","明天你想摸多久都随你摸。
今天就先睡吧，好吗？",translated,依恩,b865bc37c2,br=0 nl=1,2,
inc/event/res/chatevent01/cha_slad01.txt#67#12,きゃっ、や、やだ……。,呀，不、不要啦……,translated,依恩,d038c61caa,br=0 nl=0,1,
inc/event/res/chatevent01/cha_slad01.txt#68#12,ドキドキして、眠れなくなっちゃう……。,心跳得太快，都要睡不着了……,translated,依恩,76ea5301e4,br=0 nl=0,1,
inc/event/res/chatevent01/cha_slad01.txt#71#12,"そんなに撫でられたら、気になって
眠れないよ……。","被你这么一直摸着，
总会在意得睡不着啦……",translated,依恩,03b0ca6eac,br=0 nl=1,2,
inc/event/res/chatevent01/cha_slad01.txt#72#12,……嫌い、ってわけじゃないけど。,……虽然并不讨厌就是了。,translated,依恩,d52070cf30,br=0 nl=0,1,
inc/event/res/chatevent01/cha_slad01.txt#84#12,<CLBU>どうして頭をなでるの……？,<CLBU>为什么要摸我的头呢……？,translated,依恩,dda117b47d,<CLBU> br=0 nl=0,1,keep-tags <CLBU>
inc/event/res/chatevent01/cha_slad01.txt#85#12,そんなことをしたってわたしは……。,就算你做这种事，我也……,translated,依恩,e615f932bd,br=0 nl=0,1,
inc/event/res/chatevent01/cha_slad01.txt#86#12,し、知らないっ！,不、不管你了啦！,translated,依恩,a1b6e526cf,br=0 nl=0,1,
inc/event/res/chatevent01/cha_slad01.txt#88#12,<CLBU>なんで頭を……。,<CLBU>为什么摸头……,translated,依恩,4969497aca,<CLBU> br=0 nl=0,1,keep-tags <CLBU>
inc/event/res/chatevent01/cha_slad01.txt#89#12,……んっ！,……嗯！,translated,依恩,e48d296a24,br=0 nl=0,1,
inc/event/res/chatevent01/cha_slad01.txt#90#12,な、なんか気持ちいいかも……。,总、总觉得好像挺舒服的……,translated,依恩,51a84c0031,br=0 nl=0,1,
inc/event/res/chatevent01/cha_slad01.txt#92#12,"<CLBU>や、優しくなでられると、
その……は、恥ずかしいよ。","<CLBU>被、被这么温柔地抚摸，
那个……好、好害羞哦。",translated,依恩,9b14f939a5,<CLBU> br=0 nl=1,2,keep-tags <CLBU>
inc/event/res/chatevent01/cha_slad01.txt#97#12,<CLBU>……なんで、顔をなでるの？,<CLBU>……为什么要摸我的脸呀？,translated,依恩,e4879f0198,<CLBU> br=0 nl=0,1,keep-tags <CLBU>
inc/event/res/chatevent01/cha_slad01.txt#98#12,……眠れなくなるからやめて。,……会睡不着的，快住手啦。,translated,依恩,51f62ec9e1,br=0 nl=0,1,
inc/event/res/chatevent01/cha_slad01.txt#100#12,<CLBU>そんなに顔をプニプニしないで……。,<CLBU>别把我的脸捏来捏去的啦……,translated,依恩,8fa97c74f0,<CLBU> br=0 nl=0,1,keep-tags <CLBU>
inc/event/res/chatevent01/cha_slad01.txt#101#12,少し大人しく眠ろうよ……。,稍微老老实实地睡吧……,translated,依恩,b91f2be645,br=0 nl=0,1,
inc/event/res/chatevent01/cha_slad01.txt#103#12,<CLBU>顔をプニプニしないで……。,<CLBU>别捏我的脸蛋啦……,translated,依恩,179b84b9b6,<CLBU> br=0 nl=0,1,keep-tags <CLBU>
inc/event/res/chatevent01/cha_slad01.txt#104#12,眠れなくなるよ……。,会睡不着的哦……,translated,依恩,9ebad63eca,br=0 nl=0,1,
inc/event/res/chatevent01/cha_slad01.txt#110#12,<CLBU>もう、くすぐったいよ。,<CLBU>真是的，好痒呀。,translated,依恩,3975067373,<CLBU> br=0 nl=0,1,keep-tags <CLBU>
inc/event/res/chatevent01/cha_slad01.txt#111#12,……けどなんか、安心するかも。,……不过不知怎的，好像挺安心的。,translated,依恩,16c05ac085,br=0 nl=0,1,
inc/event/res/chatevent01/cha_slad01.txt#113#12,<CLBU>はぅ……なんか落ち着くね。,<CLBU>哈呜……感觉心里很平静呢。,translated,依恩,9615480c6e,<CLBU> br=0 nl=0,1,keep-tags <CLBU>
inc/event/res/chatevent01/cha_slad01.txt#114#12,目がとろんとしてくるよ……。,眼神都变得迷离恍惚了……,translated,依恩,10d21925da,br=0 nl=0,1,
inc/event/res/chatevent01/cha_slad01.txt#116#12,<CLBU>えへへ、なでなで気持ちいい……。,<CLBU>嘿嘿，摸摸头好舒服……,translated,依恩,5095097517,<CLBU> br=0 nl=0,1,keep-tags <CLBU>
inc/event/res/chatevent01/cha_slad01.txt#121#12,<CLBU>顔をなでられると気になって眠れないよ。,<CLBU>脸被摸着总会在意得睡不着啦。,translated,依恩,ea1a4eb28a,<CLBU> br=0 nl=0,1,keep-tags <CLBU>; src-longest-line=25
inc/event/res/chatevent01/cha_slad01.txt#122#12,もしかして、まだお話したいの？,难道说，你还想聊天吗？,translated,依恩,ef2781fbe9,br=0 nl=0,1,
inc/event/res/chatevent01/cha_slad01.txt#124#12,<CLBU>プニプニ……プニプニ……。,<CLBU>捏捏……揉揉……,translated,依恩,d83972c32c,<CLBU> br=0 nl=0,1,keep-tags <CLBU>
inc/event/res/chatevent01/cha_slad01.txt#125#12,ってそうじゃないよ！,不对啦，才不是那样！,translated,依恩,11d3b84a04,br=0 nl=0,1,
inc/event/res/chatevent01/cha_slad01.txt#126#12,早く寝ないと明日起きれないよ？,不快点睡的话明天会起不来哦？,translated,依恩,350c4b46b5,br=0 nl=0,1,
inc/event/res/chatevent01/cha_slad01.txt#128#12,<CLBU>も、もう、どうして顔をなでるの？,<CLBU>真、真是的，干嘛要摸我的脸呀？,translated,依恩,7fc61cc573,<CLBU> br=0 nl=0,1,keep-tags <CLBU>
inc/event/res/chatevent01/cha_slad01.txt#129#12,気になって仕方ないよ……。,让人在意得根本静不下心来啦……,translated,依恩,1b283f6bc5,br=0 nl=0,1,
inc/event/res/chatevent01/cha_wtr00.txt#3#12,ん～、今日はいい天気だね……。,嗯～今天天气真好呢……,translated,依恩,58033af9a1,br=0 nl=0,1,
inc/event/res/chatevent01/cha_wtr00.txt#4#12,"こういう日は、あなたとお話ししながら
日向ぼっこしたいな。","这种日子，好想一边和你聊天
一边晒晒太阳呀。",translated,依恩,ca7a21ea70,br=0 nl=1,2,
inc/event/res/chatevent01/cha_wtr00.txt#7#12,"今日は雨が降ってるから、
外出は控えた方がいいかも。","今天下着雨，
最好还是避免出门吧。",translated,依恩,a3f8a73df3,br=0 nl=1,2,
inc/event/res/chatevent01/cha_wtr00.txt#8#12,"でも、雨の音って結構好きだから、
外出できなくても苦じゃないよ。","不过我很喜欢下雨的声音，
就算出不去也不会觉得难受哦。",translated,依恩,95a6f49089,br=0 nl=1,2,
inc/event/res/chatevent01/cha_wtr00.txt#11#12,今日はちょっと乾燥してるみたい。,今天好像有点干燥呢。,translated,依恩,b3999944f6,br=0 nl=0,1,
inc/event/res/chatevent01/cha_wtr00.txt#12#12,そのせいかな、少し喉が痛いかも……。,可能是因为这个吧，喉咙稍微有点痛……,translated,依恩,926add09b2,br=0 nl=0,1,
inc/event/res/chatevent01/cha_wtr00.txt#15#12,"う～、今日は湿気がすごくて
気持ち悪いよ～……。","呜～今天湿气好重，
黏糊糊的好难受啊～……",translated,依恩,64de42a04a,br=0 nl=1,2,
inc/event/res/chatevent01/cha_wtr00.txt#18#12,"今日は日差しが強いけど、風が吹いてるから
すごく気持ちのいい陽気だよ。","今天阳光虽然很强，但因为有微风吹拂，
天气非常舒服惬意哦。",translated,依恩,059dc16f4b,br=0 nl=1,2,
inc/event/res/chatevent01/cha_wtr00.txt#19#12,こういうのを、散歩日和、って言うのかな？,这种天气，大概就叫做适宜散步吧？,translated,依恩,9e9d0eca7e,br=0 nl=0,1,
inc/event/res/chatevent01/cha_wtr00.txt#22#12,"雨は降ってないけど、
嫌な雲が広がってるよ……。","虽然没下雨，
天上却布满了让人讨厌的阴云呢……",translated,依恩,feeabf2619,br=0 nl=1,2,
inc/event/res/chatevent01/cha_wtr00.txt#23#12,"急に降り出すかもしれないね。
出かけるときは傘を忘れないようにしないと。","说不定会突然下起来呢。
出门的时候可得记得带上雨伞才行。",translated,依恩,8482cb1a6a,br=0 nl=1,2,
inc/event/res/chatevent01/cha_wtr00.txt#26#12,"風が強くて、窓がカタカタいってるよ。
割れないか心配かも……。","风刮得好大，窗户都在咔哒咔哒响呢。
真担心会不会被震碎……",translated,依恩,ade47f13b7,br=0 nl=1,2,
inc/event/res/chatevent01/cha_wtr00.txt#29#12,今日の雨、ちょっと強過ぎるかも。,今天的雨，稍微下得有点太大了呢。,translated,依恩,be76db3eb2,br=0 nl=0,1,
inc/event/res/chatevent01/cha_wtr00.txt#30#12,雨漏りが心配だな……。,有点担心会不会漏雨啊……,translated,依恩,bfbf17065c,br=0 nl=0,1,
inc/event/res/chatevent01/cha_wtr00.txt#33#12,"今日は少し曇ってるけど、
一応太陽は出てるみたい。","今天虽然有点多云，
不过太阳倒也还在照着呢。",translated,依恩,293159469c,br=0 nl=1,2,
inc/event/res/chatevent01/cha_wtr00.txt#34#12,"雲一つない晴れよりも、こっちの方が
過ごしやすくて好きなの。","比起万里无云的大晴天，这种天气
反而更舒服，所以我挺喜欢的。",translated,依恩,5dba98efc9,br=0 nl=1,2,
inc/event/res/chatevent01/cha_wtr00.txt#37#12,"雷雲みたいなのが見えるんだけど……
今日は外出したくないな。","能看到好像雷雨云一样的黑云呢……
今天可真不想出门啊。",translated,依恩,c1ba593ab1,br=0 nl=1,2,
inc/event/res/chatevent01/cha_wtr00.txt#53#12,"こっちは今日良い天気だよ。
天気が良いと気持ちいいよね。","我这边今天天气很好哦。
天气好的话心情也会变舒畅呢。",translated,依恩,c9687bf536,br=0 nl=1,2,
inc/event/res/chatevent01/cha_wtr00.txt#55#12,"今日は雨が降ってるみたい。
こういう日はあまり出かけたくないなぁ。","今天外面好像下着雨呢。
这种日子真不太想出门啊。",translated,依恩,fc79a4e439,br=0 nl=1,2,
inc/event/res/chatevent01/cha_wtr00.txt#57#12,"今日はちょっと曇ってるみたい。
夕方くらいから雨が降り出すかも……。","今天看起来阴沉沉的。
傍晚左右说不定会下起雨来呢……",translated,依恩,c183a5db76,br=0 nl=1,2,
inc/event/res/chatevent01/cha_wtr00.txt#59#12,"今日こっちは雲ひとつない晴天。
日差しがあったかくて気持ちいいよ～。","今天我这边是万里无云的大晴天。
阳光暖洋洋的超级舒服哦～。",translated,依恩,9b9c36e103,br=0 nl=1,2,
inc/event/res/chatevent01/cha_wtr00.txt#61#12,はぁ……今日は外が曇っててどんより気分。,哈啊……今天外面阴天，心情也闷闷的。,translated,依恩,b6524a8429,br=0 nl=0,1,
inc/event/res/chatevent01/cha_wtr00.txt#62#12,"で、でも天気なんかに負けてられないよね。
今日も一緒に頑張ろう！","不、不过可不能输给天气呢。
今天也一起加油吧！",translated,依恩,483f68054c,br=0 nl=1,2,
inc/event/res/chatevent01/cha_wtr00.txt#64#12,"今日は小雨が降ってるみたいだけど、
この程度なら外に出ても気にならないかな。","今天外面好像在下小雨，
不过这种程度出门也不会太在意呢。",translated,依恩,66e9aaa98d,br=0 nl=1,2,
inc/event/res/chatevent01/cha_wtr00.txt#66#12,"今日はすっごく風が強くて、
外に出たら飛ばされちゃいそうだよ……。","今天风刮得超级大，
感觉一走出门整个人都要被吹飞了……",translated,依恩,e5ee3b31ae,br=0 nl=1,2,
inc/event/res/chatevent01/cha_wtr00.txt#68#12,外は今日大雨みたい。,外面今天好像下着大雨。,translated,依恩,11941fba89,br=0 nl=0,1,
inc/event/res/chatevent01/cha_wtr00.txt#69#12,"出かけるときには弱くなってると
良いなぁ……。","要是出门的时候雨能变小
就好了呢……",translated,依恩,a8530a52c5,br=0 nl=1,2,
inc/event/res/chatevent01/cha_wtr00.txt#71#12,今日は少し雨が強いみたい。,今天的雨好像稍微有点大。,translated,依恩,50934302ea,br=0 nl=0,1,
inc/event/res/chatevent01/cha_wtr00.txt#72#12,"外に出るときは、
濡れて体調を崩さないようにするね。","出门的时候，
我会注意别被淋湿搞垮身体的。",translated,依恩,97b95938b2,br=0 nl=1,2,
inc/event/res/chatevent01/cha_wtr00.txt#74#12,"今日はぽかぽかして暖かいよ～。
お昼寝するには最高の日かも。","今天暖洋洋的好舒服呀～。
说不定是睡午觉最棒的日子呢。",translated,依恩,7340173339,br=0 nl=1,2,
inc/event/res/chatevent01/clean_a01.txt#3#12,"それにしても、
お掃除ってめんどくさいよね。","话又说回来，
打扫卫生真的很麻烦对吧。",translated,依恩,409fc913e5,br=0 nl=1,2,
inc/event/res/chatevent01/clean_a01.txt#4#12,早く終わらないかなぁ……。,能不能快点搞定呀……,translated,依恩,8bb16f8de3,br=0 nl=0,1,
inc/event/res/chatevent01/clean_a01.txt#6#12,はぁ……。,哈啊……,translated,依恩,1083486be2,br=0 nl=0,1,
inc/event/res/chatevent01/clean_a01.txt#7#12,最近、お掃除している時間が苦痛なの。,最近打扫卫生的时间对我来说简直是折磨。,translated,依恩,61d35e90a3,br=0 nl=0,1,
inc/event/res/chatevent01/clean_a01.txt#8#12,"やらなきゃいけないからやってるけど、
出来ることならサボってしまいたいな……。","虽然是因为非做不可才做的，
但要是可以的话真想偷懒呀……",translated,依恩,9a3a77adc6,br=0 nl=1,2,
inc/event/res/chatevent01/clean_a01.txt#10#12,あなたはお掃除って好き？,你喜欢打扫卫生吗？,translated,依恩,87d37e0356,br=0 nl=0,1,
inc/event/res/chatevent01/clean_a01.txt#11#12,"わたしは嫌いじゃないけど、
最近、ちょっと辛いかも……。","我虽然谈不上讨厌，
但最近觉得稍微有点吃力呢……",translated,依恩,3f6c7dcb9f,br=0 nl=1,2,
inc/event/res/chatevent01/clean_a01.txt#15#12,お掃除って生活する上で意外と重要だよね。,打扫卫生在日常生活中意外地很重要呢。,translated,依恩,3b6715b913,br=0 nl=0,1,
inc/event/res/chatevent01/clean_a01.txt#16#12,お部屋は綺麗な方が気持ちいいもん。,毕竟房间干净整洁住着才舒服嘛。,translated,依恩,90ddaae256,br=0 nl=0,1,
inc/event/res/chatevent01/clean_a01.txt#18#12,"他にもやりたいことはあるけど、
お掃除をサボったりしないよ。","虽然我也有其他想做的事，
但打扫卫生我是不会偷懒的哦。",translated,依恩,207fecf923,br=0 nl=1,2,
inc/event/res/chatevent01/clean_a01.txt#19#12,"次に進む準備みたいなものだし、
気持ちよく過ごすためにも頑張るね。","这也算是走向下一步的准备，
为了能过得舒心我也会加油的。",translated,依恩,98ebf01d61,br=0 nl=1,2,
inc/event/res/chatevent01/clean_a01.txt#21#12,"お掃除をするのは嫌いじゃないけど、
ちょっと時間が勿体無いよね。","虽说并不讨厌打扫卫生，
但多少还是觉得有点浪费时间呢。",translated,依恩,461f13ede1,br=0 nl=1,2,
inc/event/res/chatevent01/clean_a01.txt#22#12,早く終わらせるコツとかないのかな？,就没有什么能快速搞定的小诀窍吗？,translated,依恩,3820de3580,br=0 nl=0,1,
inc/event/res/chatevent01/clean_a01.txt#26#12,"だんだんお部屋が綺麗になっていくのって
気持ちいいよね。","看着房间一点点变得干净整洁，
心情真不错对吧。",translated,依恩,10b737c336,br=0 nl=1,2,
inc/event/res/chatevent01/clean_a01.txt#27#12,頑張って隅々まで綺麗にしちゃうよ♪,我要努力把角角落落都打扫干净♪,translated,依恩,67004adee0,br=0 nl=0,1,
inc/event/res/chatevent01/clean_a01.txt#29#12,"お掃除をしてると、失くしてた物や
懐かしい物が出てきたりしない？","打扫的时候，不是经常会翻出
弄丢的东西或者让人怀念的东西吗？",translated,依恩,a8aa973310,br=0 nl=1,2,
inc/event/res/chatevent01/clean_a01.txt#30#12,まるで宝探しみたいで楽しいよね。,简直就像寻宝一样挺好玩的对吧。,translated,依恩,0c4b04abd0,br=0 nl=0,1,
inc/event/res/chatevent01/clean_a01.txt#32#12,"お部屋を汚したあとには、
ちゃんとお掃除しないと落ち着かないの。","把房间弄乱弄脏之后，
要是没有好好收拾整洁就会静不下心来。",translated,依恩,a667d07c48,br=0 nl=1,2,
inc/event/res/chatevent01/clean_a01.txt#33#12,最近のわたし、綺麗好きみたい。,最近的我，好像有点爱干净呢。,translated,依恩,e78d55237a,br=0 nl=0,1,
inc/event/res/chatevent01/clean_b01.txt#3#12,"うぅ、なんか身体重いなぁ……。
お掃除また今度にしたいかも……。","呜呜，总觉得身子好沉重呀……
打扫卫生要不留到下次吧……",translated,依恩,62f752a11f,br=0 nl=1,2,
inc/event/res/chatevent01/clean_b01.txt#4#12,"……ううん、ダメだよね。
頑張らなきゃ！","……不行，不能这样呢。
必须得加把劲才行！",translated,依恩,82686634bd,br=0 nl=1,2,
inc/event/res/chatevent01/clean_b01.txt#6#12,はぁ……。,哈啊……,translated,依恩,1083486be2,br=0 nl=0,1,
inc/event/res/chatevent01/clean_b01.txt#7#12,"普通にお掃除してるだけなのに
意外と疲れるね。","明明只是寻常打扫一下，
却意外地累人呢。",translated,依恩,881279cb18,br=0 nl=1,2,
inc/event/res/chatevent01/clean_b01.txt#8#12,ちょっと休憩したいなぁ……。,真想稍微休息一下呀……,translated,依恩,b234de2e46,br=0 nl=0,1,
inc/event/res/chatevent01/clean_b01.txt#10#12,あぅ……。もう疲れたよ……。,啊呜……已经累坏了啦……,translated,依恩,606bca0415,br=0 nl=0,1,
inc/event/res/chatevent01/clean_b01.txt#11#12,は、早く終わらせて休憩したい……。,好、好想快点搞定然后休息……,translated,依恩,0d2cf4d7a3,br=0 nl=0,1,
inc/event/res/chatevent01/clean_b01.txt#15#12,えへへ、一つ発見しちゃった。,嘿嘿，我发现了一个秘诀哦。,translated,依恩,14ead0f16e,br=0 nl=0,1,
inc/event/res/chatevent01/clean_b01.txt#16#12,お掃除を終わらせたら、次は何をしよう――,“等打扫完之后，接下来做什么好呢――”,translated,依恩,8ea2de0cc2,br=0 nl=0,1,
inc/event/res/chatevent01/clean_b01.txt#17#12,"そう考えれば、
お掃除も楽しくやれるみたい。","只要这么想，
打扫卫生好像也能变得开心起来呢。",translated,依恩,18345ee9f2,br=0 nl=1,2,
inc/event/res/chatevent01/clean_b01.txt#19#12,"普段お掃除をしないところって、
すごく汚れてそうで気にならない？","平时不会去清扫的地方，
你不觉得会让人很担心是不是特别脏吗？",translated,依恩,9719878daa,br=0 nl=1,2,
inc/event/res/chatevent01/clean_b01.txt#20#12,今度、思い切ってやってみようかな……。,下次，要不下定决心去彻底清扫一下吧……,translated,依恩,ab0289b454,br=0 nl=0,1,
inc/event/res/chatevent01/clean_b01.txt#22#12,"お部屋がだんだん綺麗になってく感じって、
ちょっと楽しいよね。","看着房间逐渐变得整洁的感觉，
还挺让人开心的对吧。",translated,依恩,877b489c68,br=0 nl=1,2,
inc/event/res/chatevent01/clean_b01.txt#23#12,"もしかしたら、
それがお掃除の醍醐味……なのかな。","搞不好，
那正是大扫除的精髓乐趣……吧。",translated,依恩,42f5e25d73,br=0 nl=1,2,
inc/event/res/chatevent01/clean_c01.txt#3#12,"始めたのはいいけど、
なんかやる気でないの……。","开始倒是开始了，
但总觉得提不起干劲来呢……",translated,依恩,b868a2a68f,br=0 nl=1,2,
inc/event/res/chatevent01/clean_c01.txt#4#12,やめちゃおっかなぁ……。,要不干脆放弃吧……,translated,依恩,9489b840b2,br=0 nl=0,1,
inc/event/res/chatevent01/clean_c01.txt#6#12,はぁ……。,哈啊……,translated,依恩,1083486be2,br=0 nl=0,1,
inc/event/res/chatevent01/clean_c01.txt#7#12,なんか、すごくめんどくさい気分だよ。,总觉得，现在超级不想动弹呢。,translated,依恩,d7d16a1246,br=0 nl=0,1,
inc/event/res/chatevent01/clean_c01.txt#8#12,もういっそやめちゃ――,干脆直接罢工算――,translated,依恩,3c55cba7d6,br=0 nl=0,1,
inc/event/res/chatevent01/clean_c01.txt#9#12,"ううん、それじぁだめだよね。
もうちょっと頑張ってみる。","不行，那样可不行呢。
我再稍微努努力吧。",translated,依恩,526dce5d15,br=0 nl=1,2,
inc/event/res/chatevent01/clean_c01.txt#11#12,"気持ちが乗ってないからかな？
いつもよりペースが遅い気がする。","是因为心情没到位吗？
总觉得节奏比平时慢了许多呢。",translated,依恩,2dd06f05c3,br=0 nl=1,2,
inc/event/res/chatevent01/clean_c01.txt#12#12,"こういう気分のときって、
いつもより長く感じちゃうんだよね。","处于这种心情的时候，
时间也会感觉过得比平时更漫长呢。",translated,依恩,19e12b0404,br=0 nl=1,2,
inc/event/res/chatevent01/clean_c01.txt#16#12,"そういえば、
あなたはちゃんとお掃除してる？","说起来，
你有好好打扫房间吗？",translated,依恩,a69fd26762,br=0 nl=1,2,
inc/event/res/chatevent01/clean_c01.txt#17#12,"お部屋ってすぐ汚れるから、
定期的にお掃除した方がいいよ。","房间很容易就会变脏，
定期清理一下比较好哦。",translated,依恩,d7603d4035,br=0 nl=1,2,
inc/event/res/chatevent01/clean_c01.txt#19#12,"部屋の物は多くないから、
お掃除はそんなに大変じゃないの。","房间里的东西并不多，
所以打扫起来其实没那么费劲。",translated,依恩,1a6b43ca71,br=0 nl=1,2,
inc/event/res/chatevent01/clean_c01.txt#20#12,"やることと言えば、
ゴミを拾って汚れを落とすだけだから。","要说做的事情，
也就只是捡捡垃圾擦擦污渍而已嘛。",translated,依恩,78f5a98dc2,br=0 nl=1,2,
inc/event/res/chatevent01/clean_c01.txt#21#12,"整理整頓が必要なくらい物が増えたら、
ちょっと大変になるかも……。","要是东西多到必须整理收纳的程度，
可能会变得有点吃力呢……",translated,依恩,286b86b1bb,br=0 nl=1,2,
inc/event/res/chatevent01/clean_c01.txt#23#12,"今はそんなじゃないけど、
物が増えてきたら大変だよね。","虽然现在还没到那个地步，
但东西要是多起来就很麻烦了呢。",translated,依恩,d92af0528d,br=0 nl=1,2,
inc/event/res/chatevent01/clean_c01.txt#24#12,"片付ける物も増えるだろうし、
場所の心配もしといた方がいいのかな……。","要收拾的东西也会增加，
我是不是该提前考虑存放空间的问题呢……",translated,依恩,edcaa807e5,br=0 nl=1,2,
inc/event/res/chatevent01/dish001.txt#5#12,チャーハンの二倍の量でチャーゼン……。,炒“半”（饭）的两倍分量就是炒全……,translated,依恩,fe107fa0ef,br=0 nl=0,1,
inc/event/res/chatevent01/dish001.txt#6#12,"なんか駄洒落みたいな名前だけど、
実際すごくボリュームがあるよね。","名字听起来像谐音冷笑话一样，
不过分量确实超级惊人对吧。",translated,依恩,d572aa7f08,br=0 nl=1,2,
inc/event/res/chatevent01/dish001.txt#7#12,"これだけの量を食べると、
ちょっと体重が気になるかも……。","吃下这么大分量的话，
体重可就有点让人在意了呢……",translated,依恩,5e018cdcf9,br=0 nl=1,2,
inc/event/res/chatevent01/dish001.txt#8#12,そもそもわたし、食べきれるのかな……。,话说回来，我到底能不能吃得完呀……,translated,依恩,0b627d3edd,br=0 nl=0,1,
inc/event/res/chatevent01/dish001.txt#10#12,チャーゼンおいしい～♪,炒全好好吃～♪,translated,依恩,c686c5cb79,br=0 nl=0,1,
inc/event/res/chatevent01/dish001.txt#11#12,"量がすごく多いのに、
ご飯はちゃんとパラパラだし、
野菜にも火が通ってる。","明明分量超级大，
米粒却炒得粒粒分明，
蔬菜也全都熟透了。",translated,依恩,ce5b0dc1bc,br=0 nl=2,3,
inc/event/res/chatevent01/dish001.txt#12#12,"それに何より、この程よい香辛料と
塩加減がお米の甘さを引き立ててくれるよ。","最重要的是，这恰到好处的香料和
咸淡让米饭的清甜更加突出了哦。",translated,依恩,f1d880ef4b,br=0 nl=1,2,
inc/event/res/chatevent01/dish001.txt#13#12,"量が二倍になってるけど、
これなら意外といけるかも……。","虽然分量翻了倍，
但照这样说不定意外地能吃完呢……",translated,依恩,2d4b5a3631,br=0 nl=1,2,
inc/event/res/chatevent01/dish001.txt#15#12,量が二倍のチャーハン……チャーゼン。,分量翻倍的炒饭……炒全。,translated,依恩,e4f98c89de,br=0 nl=0,1,
inc/event/res/chatevent01/dish001.txt#16#12,"二倍になった分だけ、味も二倍っとは
いかなかったけど、十分おいしいよ。","虽然味道并没有因为分量翻倍而翻倍，
但也已经足够美味了哦。",translated,依恩,9ce66714d8,br=0 nl=1,2,
inc/event/res/chatevent01/dish001.txt#17#12,"むしろこれだけの量を一気に作って、
味が落ちていないのはすごいかも……。","不如说一口气炒了这么大一锅，
味道却没有变差，已经很厉害了……",translated,依恩,0ce5fe8586,br=0 nl=1,2,
inc/event/res/chatevent01/dish001.txt#18#12,次作るときもちゃんと作れたらいいなぁ。,希望下次做的时候也能做好呢。,translated,依恩,a967afa9ff,br=0 nl=0,1,
inc/event/res/chatevent01/dish001.txt#20#12,"はぁ、お米はパラパラ、
ピリッと香辛料が効いてて、
野菜も甘くておいしい。","哈啊，米粒颗颗分明，
香料微辣提味，蔬菜也很清甜可口。",translated,依恩,57a58f64e6,br=0 nl=2,3,
inc/event/res/chatevent01/dish001.txt#21#12,"量が二倍になったせいで、
食べるのがちょっと大変だけど……。","虽然因为分量变成了两倍，
吃起来稍微有点费劲就是了……",translated,依恩,a7142ba983,br=0 nl=1,2,
inc/event/res/chatevent01/dish001.txt#22#12,"チャーハンとしての完成度も
悪くないと思うよ。","不过作为炒饭的完成度，
我觉得也相当不赖哦。",translated,依恩,c6abf17bbf,br=0 nl=1,2,
inc/event/res/chatevent01/dish001.txt#23#12,"それに何となく家庭的な味がして、
ちょっと懐かしい感じがするかも……。","而且总觉得有种家常菜的味道，
感觉让人有点怀念呢……",translated,依恩,5f8f6ee3e2,br=0 nl=1,2,
inc/event/res/chatevent01/dish001.txt#25#12,う～ん、この量は何度見てもすごいね。,嗯～这么大的分量不管看多少次都很惊人呢。,translated,依恩,dc3f48b173,br=0 nl=0,1,
inc/event/res/chatevent01/dish001.txt#26#12,"元々の二倍の量があるわけだし、
女の子のわたしが食べきるのは
少し辛いかも……。","毕竟有原本两倍的分量，
对我这个女孩子来说想吃光
可能稍微有点吃力呢……",translated,依恩,84c3f60fd5,br=0 nl=2,3,
inc/event/res/chatevent01/dish001.txt#27#12,で、でも、残しちゃだめだよね！,不、不过，可不能剩饭呢！,translated,依恩,a2c749ac9f,br=0 nl=0,1,
inc/event/res/chatevent01/dish001.txt#28#12,せっかく作ったんだから頑張って食べるよ。,既然好不容易做好了，我会努力吃光的。,translated,依恩,b126663d1e,br=0 nl=0,1,
inc/event/res/chatevent01/dish002.txt#5#12,"イカもタコも両方味わえるなんて
贅沢な料理だよね。","乌贼和章鱼能两样都尝到，
真是相当奢华的料理呢。",translated,依恩,f35e7fa12b,br=0 nl=1,2,
inc/event/res/chatevent01/dish002.txt#6#12,"ふわふわのたこ焼きも美味しいし
イカの香ばしさもいい匂いなの。","软糯蓬松的章鱼烧很好吃，
乌贼烤出来的焦香味也特别好闻。",translated,依恩,e683a55e66,br=0 nl=1,2,
inc/event/res/chatevent01/dish002.txt#7#12,"お腹いっぱいになるし、
匂いも楽しめていい感じだよ。","既能吃得饱饱的，
又能享受香气，感觉真棒啊。",translated,依恩,396fcb46f9,br=0 nl=1,2,
inc/event/res/chatevent01/dish002.txt#8#12,えへへ、食べる手が止まらないかも。,嘿嘿，好吃得停不下来了呢。,translated,依恩,e9d49a655a,br=0 nl=0,1,
inc/event/res/chatevent01/dish002.txt#10#12,たこやきいかって、食べ応え抜群なんだよ。,章鱼烧乌贼可是相当有嚼劲管饱的哦。,translated,依恩,3dfdb27412,br=0 nl=0,1,
inc/event/res/chatevent01/dish002.txt#11#12,タコもイカも、こりこりしてるでしょ？,章鱼和乌贼不是都很有弹性嘛？,translated,依恩,a1bf069338,br=0 nl=0,1,
inc/event/res/chatevent01/dish002.txt#12#12,"たくさん噛まないといけないから、
食べ過ぎる心配もないの。","因为必须得充分咀嚼，
所以完全不用担心会暴饮暴食哦。",translated,依恩,743c29e53e,br=0 nl=1,2,
inc/event/res/chatevent01/dish002.txt#13#12,"でもね……おいしくて、
ついもう一個ってなっちゃうから
気をつけるね。","但是呢……因为太好吃了，
总会忍不住想再吃一个，
我得注意一点才行呢。",translated,依恩,f2193e6f50,br=0 nl=2,3,
inc/event/res/chatevent01/dish002.txt#15#12,"たこ焼きがね、やわらかくてあつあつで
口の中でトロッてするの。","章鱼烧呢，软软热热的，
在嘴里化开的感觉超级棒。",translated,依恩,9f1659d2a7,br=0 nl=1,2,
inc/event/res/chatevent01/dish002.txt#16#12,"中からタコが出てくると、
何か楽しくなっちゃうし、
イカの歯ごたえも楽しいよね。","咬到里面的章鱼时会觉得很有意思，
乌贼的嚼劲也很有趣对吧。",translated,依恩,7c28c5cc53,br=0 nl=2,3,
inc/event/res/chatevent01/dish002.txt#17#12,"作るのも思ってたより簡単だから、
手軽に食べれるよ。","做起来也比想象中简单，
可以很轻松地吃上哦。",translated,依恩,ed1ea13815,br=0 nl=1,2,
inc/event/res/chatevent01/dish002.txt#18#12,"あなたが居たら、あーん、みたいな事
できたかもしれないのにね。","要是你在的话，
说不定还能喂你吃一口呢。",translated,依恩,73af4365c1,br=0 nl=1,2,
inc/event/res/chatevent01/dish002.txt#19#12,えへへ、なんちゃって。,嘿嘿，开玩笑的啦。,translated,依恩,b2563a92c0,br=0 nl=0,1,
inc/event/res/chatevent01/dish002.txt#21#12,"あのね、たこやきいかって、
何をしたらもっと美味しく食べれるかな？","我说，章鱼烧乌贼
怎样才能吃得更加美味呢？",translated,依恩,3fd3cea7e1,br=0 nl=1,2,
inc/event/res/chatevent01/dish002.txt#22#12,"ソースとかは普通だし、
レモンなんかいいかな？","蘸酱汁太普通了，
淋柠檬汁会不会不错呀？",translated,依恩,714608e35b,br=0 nl=1,2,
inc/event/res/chatevent01/dish002.txt#23#12,"やっぱり、食べなれてきたものは
自分なりのアレンジをしてみたく
なっちゃうよね。","果然吃习惯了的东西，
就会想要加入自己的改良呢。",translated,依恩,88e80689f5,br=0 nl=2,3,
inc/event/res/chatevent01/dish002.txt#24#12,"とりあえず、今日はたこやきいかを
食べながら考えてみるよ。","总之，今天我一边吃章鱼烧乌贼
一边慢慢琢磨吧。",translated,依恩,65193f474d,br=0 nl=1,2,
inc/event/res/chatevent01/dish002.txt#26#12,たこやきいか、いつ食べても美味しいね。,章鱼烧乌贼无论什么时候吃都很美味呢。,translated,依恩,e9c52794d0,br=0 nl=0,1,
inc/event/res/chatevent01/dish002.txt#27#12,"さすがに何回も作ってるから
完璧な味と見た目だよ。","毕竟做了那么多次，
色香味都无可挑剔了哦。",translated,依恩,02d237247b,br=0 nl=1,2,
inc/event/res/chatevent01/dish002.txt#28#12,"美味しい匂いも漂ってきて
食欲をそそられちゃうね。","飘来的阵阵香味
把食欲都给勾起来了呢。",translated,依恩,e701076cb7,br=0 nl=1,2,
inc/event/res/chatevent01/dish005.txt#4#12,キノコって凄く体にいいんだよ。,蘑菇对身体可是非常有好处的哦。,translated,依恩,d7d3a57e48,br=0 nl=0,1,
inc/event/res/chatevent01/dish005.txt#5#12,"なんでも、腸の中をお掃除してくれる
食べ物なんだって。","据说是一种能帮肠道
做大扫除的食物呢。",translated,依恩,05abb37ee9,br=0 nl=1,2,
inc/event/res/chatevent01/dish005.txt#6#12,"こんなに美味しくて、体にもいいなら、
毎日だって食べたいくらいだよ。","既然这么美味又对身体有好处，
简直让人每天都想吃呢。",translated,依恩,6441dc60d4,br=0 nl=1,2,
inc/event/res/chatevent01/dish006.txt#5#12,"おもちもちグラタンって
噛めば噛むほどおいしさが増すんだよ。","软糯年糕烤菜这种料理，
越是充分咀嚼就越能品出美味哦。",translated,依恩,8e54333618,br=0 nl=1,2,
inc/event/res/chatevent01/dish006.txt#6#12,"食べる時もぐにょーんって伸びて
おもしろいよ。","吃的时候拉丝拉得长长的，
很有意思哦。",translated,依恩,93c98c158d,br=0 nl=1,2,
inc/event/res/chatevent01/dish006.txt#7#12,"あ、でも、食べ物で遊んでる訳じゃ
ないんだよ？",啊，不过我可不是在拿食物玩闹哦？,translated,依恩,215700d548,br=0 nl=1,2,
inc/event/res/chatevent01/dish006.txt#8#12,"チーズとおもちの競演を
ちょっとだけ楽しんでるだけなの。","只是稍微欣赏享受一下
芝士与年糕的美妙协奏而已啦。",translated,依恩,b0885d76ca,br=0 nl=1,2,
inc/event/res/chatevent01/dish006.txt#10#12,"ちょっと焦げたチーズの匂いって
どうしてこんなに良いんだろうね。","稍微有点微焦的芝士香气，
为什么会这么诱人呢。",translated,依恩,8d8534f4f1,br=0 nl=1,2,
inc/event/res/chatevent01/dish006.txt#11#12,"うん、口の中に入れても
チーズの香りが溢れてくるよ。","嗯，放进嘴里之后，
芝士的香味也会满溢开来哦。",translated,依恩,9ddc618c40,br=0 nl=1,2,
inc/event/res/chatevent01/dish006.txt#12#12,おもちとチーズのぐにぐに感も良いね。,年糕与芝士软韧粘糯的口感也超棒。,translated,依恩,ae2d3b2240,br=0 nl=0,1,
inc/event/res/chatevent01/dish006.txt#13#12,これは毎日でも食べたいぐらいだよ。,简直美味到让人每天都想吃呢。,translated,依恩,43b112f145,br=0 nl=0,1,
inc/event/res/chatevent01/dish006.txt#15#12,"グラタンのチーズの味が
おもちに絡まって
何とも言えない味わいなんだよ。","烤菜里的芝士味道
与年糕紧紧交融在一起，
有一种妙不可言的绝佳风味哦。",translated,依恩,f6d3b59192,br=0 nl=2,3,
inc/event/res/chatevent01/dish006.txt#16#12,ピザにおもちを入れたりするでしょ？,披莎丽有时也会加年糕对吧？,translated,依恩,9c90de982c,br=0 nl=0,1,
inc/event/res/chatevent01/dish006.txt#17#12,"実は、チーズとおもちの相性って
すっごく良いんだよ。","其实芝士和年糕的搭配
可是超级契合的哦。",translated,依恩,13016eb7b2,br=0 nl=1,2,
inc/event/res/chatevent01/dish006.txt#18#12,だから、とても満足なのです♪,所以，让人非常心满意足呢♪,translated,依恩,e34035920a,br=0 nl=0,1,
inc/event/res/chatevent01/dish006.txt#20#12,"おもちもちグラタンなんだけど
これってどうやって食べるのが
正解なのかな？","话说这道软糯年糕烤菜，
正确的吃法到底是怎样的呢？",translated,依恩,d8e9067d0b,br=0 nl=2,3,
inc/event/res/chatevent01/dish006.txt#21#12,"おもちはお箸を使って食べるんだけど
グラタンはスプーンとかフォークでしょ？","年糕一般是用筷子夹着吃，
但烤菜一般是用勺子或叉子对吧？",translated,依恩,5efb53033c,br=0 nl=1,2,
inc/event/res/chatevent01/dish006.txt#22#12,"おもちもちグラタンの場合は、
どっちを使えばいいのかな？","遇到软糯年糕烤菜的时候，
到底该用哪一种呢？",translated,依恩,367e8f246d,br=0 nl=1,2,
inc/event/res/chatevent01/dish006.txt#23#12,"まあ、どっちを使っても
おいしさは変わらないから
気にしてもしょうがないんだけどね。","不过不管用哪个，美味程度都不会变，
其实纠结也没什么意义就是了。",translated,依恩,9e647139f6,br=0 nl=2,3,
inc/event/res/chatevent01/dish006.txt#25#12,えへへ、今日もおもちもちグラタンなの。,嘿嘿，今天也吃了软糯年糕烤菜哦。,translated,依恩,daacfc2060,br=0 nl=0,1,
inc/event/res/chatevent01/dish006.txt#26#12,"何度食べても、このもちもちの食感は
飽きないよね。","无论吃多少次，
这种软糯弹牙的口感都吃不腻呢。",translated,依恩,8f5e1d4aaf,br=0 nl=1,2,
inc/event/res/chatevent01/dish006.txt#27#12,んー、おいしいよぉ～。,嗯～好好吃呀～。,translated,依恩,d61c1dee39,br=0 nl=0,1,
inc/event/res/chatevent01/dish006.txt#28#12,"あなたも作って食べてみてね。
絶対気に入るはずだから。","你也一定要做来尝尝看哦。
保证你一定会喜欢的。",translated,依恩,c407ad0c12,br=0 nl=1,2,
inc/event/res/chatevent01/dish008.txt#5#12,"クールポットって、
さっぱりしたい時に最適だと思うの。","冷却壶这道料理，
我觉得在想吃爽口东西时最合适了。",translated,依恩,cf4b40daea,br=0 nl=1,2,
inc/event/res/chatevent01/dish008.txt#6#12,"涼しい雰囲気も良いし
ひんやりした口当たりも良いんだぁ。","清凉的氛围很棒，
冰冰凉凉的口感也非常好呢。",translated,依恩,1415bf07cf,br=0 nl=1,2,
inc/event/res/chatevent01/dish008.txt#7#12,"冷たい鍋って聞いたことなかったんだけど
こうして食べてみると
すっごくおいしいんだよ。","虽然以前从没听说过凉火锅，
但像这样尝一尝，
真的超级美味哦。",translated,依恩,8baf602987,br=0 nl=2,3,
inc/event/res/chatevent01/dish008.txt#9#12,"んー、さっぱりしてるし
冷たくておいしい。","嗯～清爽宜人，
冰冰凉凉的真好吃。",translated,依恩,78c2b4e432,br=0 nl=1,2,
inc/event/res/chatevent01/dish008.txt#10#12,"野菜とかタマゴも入ってて
栄養のバランスもばっちりだね。","里面还加了蔬菜和鸡蛋，
营养搭配也非常均衡呢。",translated,依恩,1a94bac5ac,br=0 nl=1,2,
inc/event/res/chatevent01/dish008.txt#11#12,"暑い時にはこれしかないってぐらい
気持ちもさっぱりするよ。","心情都被冲洗得非常清爽，
简直就是炎热时的不二之选哦。",translated,依恩,d51d0b09b2,br=0 nl=1,2,
inc/event/res/chatevent01/dish008.txt#13#12,"クールポットはね、
ツルツルっと食べるのがポイントだよ。","吃冷却壶的要诀呢，
就在于要哧溜哧溜大口吸着吃哦。",translated,依恩,e7c81fb40a,br=0 nl=1,2,
inc/event/res/chatevent01/dish008.txt#14#12,"シャキシャキの野菜を食べながら
麺をツルツルってするの。","一边嚼着爽脆的蔬菜，
一边哧溜哧溜吸溜面条。",translated,依恩,d959559c7f,br=0 nl=1,2,
inc/event/res/chatevent01/dish008.txt#15#12,"えへへ、こうやって食べると
何か楽しくなってきちゃうんだよ。","嘿嘿，像这样吃起来
总觉得整个人都会开心起来呢。",translated,依恩,1c2d0d94c8,br=0 nl=1,2,
inc/event/res/chatevent01/dish008.txt#17#12,"気分もお腹もリフレッシュしたい時は
クールポットに限るよね。","想要刷新心情和肠胃的时候，
就非冷却壶莫属了呢。",translated,依恩,31426b0f7f,br=0 nl=1,2,
inc/event/res/chatevent01/dish008.txt#18#12,"ひんやりした空気が
すっきりさせてくれるんだよ。","凉丝丝的气息
能让人精神一振哦。",translated,依恩,5e90631ef0,br=0 nl=1,2,
inc/event/res/chatevent01/dish008.txt#19#12,"ちょっと酸味のあるタレも
病みつきになっちゃうの。","微酸爽口的调味汁
也让人欲罢不能呢。",translated,依恩,118a296d41,br=0 nl=1,2,
inc/event/res/chatevent01/dish008.txt#21#12,"えへへ、クールポットを食べてると
自然と笑顔になっちゃうね。","嘿嘿，吃着冷却壶，
嘴角就会自然而然扬起笑容呢。",translated,依恩,282ec6189e,br=0 nl=1,2,
inc/event/res/chatevent01/dish008.txt#22#12,"おいしいものを食べてると
どうしてこんなに楽しくなるのかな？","吃到美味食物的时候，
为什么会变得这么快乐呢？",translated,依恩,4ff0542f5c,br=0 nl=1,2,
inc/event/res/chatevent01/dish008.txt#23#12,"んー、ツルツルしててさっぱりしてて
ホント大好き。","嗯～爽滑又清凉，
真的超级喜欢。",translated,依恩,2392df7419,br=0 nl=1,2,
inc/event/res/chatevent01/dish009.txt#5#12,う～ん、好きです♪やきにくおいしい～。,唔～喜欢你♪烤肉好好吃～。,translated,依恩,9d7b9ab556,br=0 nl=0,1,
inc/event/res/chatevent01/dish009.txt#6#12,タレのしっかりしみ込んだお肉や野菜……。,充分吸饱了酱汁的肉和蔬菜……,translated,依恩,56db20895c,br=0 nl=0,1,
inc/event/res/chatevent01/dish009.txt#7#12,なんか、すごくご飯がほしくなっちゃうよ。,总觉得，突然超级想要配白米饭呢。,translated,依恩,742f4413b7,br=0 nl=0,1,
inc/event/res/chatevent01/dish009.txt#8#12,"今度作るときは、一緒にご飯も
炊いておこうかなぁ♪","下次再做的时候，
顺便蒸上一锅米饭吧♪",translated,依恩,b8866f8456,br=0 nl=1,2,
inc/event/res/chatevent01/dish009.txt#10#12,あふっあふっ！,哈呼哈呼！,translated,依恩,367a3fecc9,br=0 nl=0,1,
inc/event/res/chatevent01/dish009.txt#11#12,"う～ん、この熱々のお肉や野菜が
たまんないよ～♪","唔～这热腾腾的肉和蔬菜
简直让人欲罢不能呀～♪",translated,依恩,a8d99e2ac9,br=0 nl=1,2,
inc/event/res/chatevent01/dish009.txt#12#12,"タレも濃すぎず薄すぎずで、
食材の味を殺してない感じだし……。","酱汁不浓不淡恰到好处，
完全没有掩盖食材本身的风味……",translated,依恩,a9296a7b97,br=0 nl=1,2,
inc/event/res/chatevent01/dish009.txt#13#12,"しばらくこれでもいいんじゃないかなぁって
思っちゃうよ♪",甚至让人觉得连吃几天这个都行呢♪,translated,依恩,3b70c0e2a5,br=0 nl=1,2,
inc/event/res/chatevent01/dish009.txt#15#12,う～ん、おいしい～♪,唔～真好吃～♪,translated,依恩,860e71b63d,br=0 nl=0,1,
inc/event/res/chatevent01/dish009.txt#16#12,"すき焼き……じゃなくて、
好きです♪やきにくってどうして
こんなにおいしいんだろう？","寿喜烧……不对，
喜欢你♪烤肉为什么会这么美味呢？",translated,依恩,ee6518b528,br=0 nl=2,3,
inc/event/res/chatevent01/dish009.txt#17#12,"やっぱり良いお肉を使ってるから……
かな？",果然是因为用了上等好肉……吗？,translated,依恩,5832ac19ac,br=0 nl=1,2,
inc/event/res/chatevent01/dish009.txt#18#12,けどこのタレの絶妙な加減も……。,不过这酱汁绝妙的调味也是……,translated,依恩,053b783eb8,br=0 nl=0,1,
inc/event/res/chatevent01/dish009.txt#19#12,あはは、なんかよく分かんないね。,啊哈哈，好像搞不太懂呢。,translated,依恩,2845eea61e,br=0 nl=0,1,
inc/event/res/chatevent01/dish009.txt#21#12,"うん、やっぱり好きです♪やきにくは
おいしいな～。",嗯，喜欢你♪烤肉果然太美味啦～。,translated,依恩,54b4d0cfac,br=0 nl=1,2,
inc/event/res/chatevent01/dish009.txt#22#12,でもすき焼きって、鍋料理の一つだよね？,不过寿喜烧终究是火锅料理的一种吧？,translated,依恩,6186495541,br=0 nl=0,1,
inc/event/res/chatevent01/dish009.txt#23#12,"そう考えると一人で食べるのは
少しさびしいな……。","这么一想，一个人吃
多少还是会有点寂寞呢……",translated,依恩,299820dafc,br=0 nl=1,2,
inc/event/res/chatevent01/dish009.txt#24#12,"って、そうだ！
わたしにはあなたがいたね。","哎呀，对哦！
我不是还有你在嘛。",translated,依恩,66200f5e5f,br=0 nl=1,2,
inc/event/res/chatevent01/dish009.txt#25#12,"一緒にお鍋はつつけないけど、
お話しながら食べられれば十分だよ。","虽然不能围在一个锅边吃，
但只要能一边聊着天一边吃就足够了哦。",translated,依恩,c4e85899c6,br=0 nl=1,2,
inc/event/res/chatevent01/dish009.txt#27#12,"このタレがしみ込んだお肉……。
そして数々のお野菜たち……。","浸透了浓郁酱汁的肉块……
还有各种各样的蔬菜……",translated,依恩,da7a9dd4b5,br=0 nl=1,2,
inc/event/res/chatevent01/dish009.txt#28#12,"ふふっ、自分でいうのもなんだけど、
好きです♪やきにくは、
普通のすき焼き以上においしいかも。","呵呵，虽然由我自己说有点不好意思，
但喜欢你♪烤肉
说不定比普通的寿喜烧还要好吃呢。",translated,依恩,7af18ad4b5,br=0 nl=2,3,
inc/event/res/chatevent01/dish009.txt#29#12,"こんなにおいしくできたなら、
いつか一緒に食べたいな～……。","既然做得这么成功，
真想哪天能和你一起吃啊～……",translated,依恩,e68d8be8ff,br=0 nl=1,2,
inc/event/res/chatevent01/dish009.txt#30#12,"ふふっ、その日までに今よりも、
もっとおいしくしておくからね♪","呵呵，到那一天为止，
我会练得比现在做得更加美味哦♪",translated,依恩,905de274b8,br=0 nl=1,2,
inc/event/res/chatevent01/dish010.txt#5#12,"海鮮ミルフィーユって、
いろいろなお刺身が食べれるから
とっても贅沢なんだよ。","海鲜千层酥能吃到
各种各样的刺身，非常奢华哦。",translated,依恩,9b99c3ac5e,br=0 nl=2,3,
inc/event/res/chatevent01/dish010.txt#6#12,"次々に味が変わって、
まさに味のミルフィーユって感じなの。","各种滋味层出不穷，
真不愧是名副其实的“味觉千层酥”呢。",translated,依恩,f2b799e0ad,br=0 nl=1,2,
inc/event/res/chatevent01/dish010.txt#7#12,"一口で食べれるから
女の子にも優しい作りなんだぁ。","一口就能优雅吃下，
对女孩子来说非常贴心呢。",translated,依恩,e254162b0a,br=0 nl=1,2,
inc/event/res/chatevent01/dish010.txt#8#12,"それに、このぷちぷちする食感も
海鮮って感じでうれしくなるの。","而且那种颗颗爆汁的弹牙口感，
也很有海鲜的气息，真让人高兴。",translated,依恩,f7cfbd869e,br=0 nl=1,2,
inc/event/res/chatevent01/dish010.txt#10#12,"えへへ、海鮮ミルフィーユは
やっぱりおいしいね。","嘿嘿，海鲜千层酥
果然非常好吃呢。",translated,依恩,3ed82530dc,br=0 nl=1,2,
inc/event/res/chatevent01/dish010.txt#11#12,"海の幸をふんだんに使ってるから
海を眺めているみたいな気分なの。","因为放了满满的海鲜珍馐，
感觉就像在眺望辽阔大海一样呢。",translated,依恩,77a6b39d30,br=0 nl=1,2,
inc/event/res/chatevent01/dish010.txt#12#12,"お刺身って、ほんのり海の香りがして
なんかゆったりできるんだぁ。","刺身带着淡淡的海风芳香，
让人感觉格外舒畅放松呢。",translated,依恩,bd22fe31e3,br=0 nl=1,2,
inc/event/res/chatevent01/dish010.txt#14#12,"海鮮ミルフィーユの、このお刺身の層って
食べたくてうずうずしてくるよね。","海鲜千层酥那层层叠叠的刺身，
真让人馋得直咬嘴唇对吧。",translated,依恩,7806938995,br=0 nl=1,2,
inc/event/res/chatevent01/dish010.txt#15#12,"おしょうゆを垂らして
一口であむっと食べるのがポイントだよ。","滴上酱油，一口嗷呜咬下去
正是享受它的绝窍哦。",translated,依恩,97fefce563,br=0 nl=1,2,
inc/event/res/chatevent01/dish010.txt#16#12,"そうじゃないと、普通に
お刺身食べてるだけになっちゃうもん。","要是不这样的话，
就变成普通地单吃刺身了嘛。",translated,依恩,e508c81ffe,br=0 nl=1,2,
inc/event/res/chatevent01/dish010.txt#17#12,"海鮮ミルフィーユは、
一度にたくさんのお刺身を食べないと
料理した意味が無いからね。","海鲜千层酥如果不一口咬下大把刺身，
做成这道料理就毫无意义了嘛。",translated,依恩,5d58bba8a7,br=0 nl=2,3,
inc/event/res/chatevent01/dish010.txt#19#12,"海鮮ミルフィーユって、
何度食べても全然飽きないね。","海鲜千层酥这种美味，
不管吃多少次都完全不会腻呢。",translated,依恩,780c469eea,br=0 nl=1,2,
inc/event/res/chatevent01/dish010.txt#20#12,"いろいろなお刺身の美味しさが
口の中に広がるから、
いつ食べても楽しいかも。","各种刺身的甘美在口中扩散开来，
无论什么时候吃都很有趣呢。",translated,依恩,81fb74b78e,br=0 nl=2,3,
inc/event/res/chatevent01/dish010.txt#21#12,"たまに、お塩をつけたりしても
美味しさが際立つんだよ。","偶尔蘸一点点盐来吃，
也能让鲜味更加拔群哦。",translated,依恩,e00db6a9c7,br=0 nl=1,2,
inc/event/res/chatevent01/dish010.txt#23#12,"今思うと、海鮮ミルフィーユって
すごく絶妙なバランスで作られてるよね。","现在想来，海鲜千层酥
是在极其绝妙的平衡下诞生的呢。",translated,依恩,8f401f29a3,br=0 nl=1,2,
inc/event/res/chatevent01/dish010.txt#24#12,"お刺身の味がケンカしないように
しっかりと調和しているし。","为了不让各刺身彼此冲味，
搭配调和得非常到位。",translated,依恩,6e2a515011,br=0 nl=1,2,
inc/event/res/chatevent01/dish010.txt#25#12,"そのおかげで、わたしはこうして
何回も楽しめるんだよ。","多亏了这一点，我才能像这样
享受了一次又一次呢。",translated,依恩,33a7745898,br=0 nl=1,2,
inc/event/res/chatevent01/dish011.txt#5#12,ひふっひふっ！,呼哧呼哧！,translated,依恩,3f541b6b9f,br=0 nl=0,1,
inc/event/res/chatevent01/dish011.txt#6#12,"は、恥ずかしい……。
辛くて変な声がでちゃった。","好、好害羞……
太辣了，我都发出奇怪的叫声了。",translated,依恩,155b8c9d58,br=0 nl=1,2,
inc/event/res/chatevent01/dish011.txt#7#12,"外は熱々のハンバーグ、
中は辛口のカレーで舌がしびれちゃうよ。","外面是滚烫的汉堡肉，
里面是重辣咖喱，舌头都要麻掉了。",translated,依恩,91f3853388,br=0 nl=1,2,
inc/event/res/chatevent01/dish011.txt#8#12,お、お水飲もうかな……。,要、要不喝口水吧……,translated,依恩,c9f0b02162,br=0 nl=0,1,
inc/event/res/chatevent01/dish011.txt#10#12,うぅ、辛いよ～。,呜呜，好辣呀～。,translated,依恩,7235fe1f5f,br=0 nl=0,1,
inc/event/res/chatevent01/dish011.txt#11#12,"辛いものが食べたくて作ってみたけど、
これはちょっと予想外かも……。","想吃辣的才试着做的，
但这稍微有点出乎意料了……",translated,依恩,e85dab21f1,br=0 nl=1,2,
inc/event/res/chatevent01/dish011.txt#12#12,"だって、中のカレーと外のハンバーグの
相乗効果ですごく辛く感じるんだもん。","毕竟内馅咖喱和外层汉堡肉的乘数效应，
让辣度感觉翻了好几倍嘛。",translated,依恩,02550a7331,br=0 nl=1,2,
inc/event/res/chatevent01/dish011.txt#13#12,"望み通りとはいえ、
ちょっとやりすぎちゃったかなぁ……。","虽然确实如愿以偿了，
但我是不是有点做得太过了呀……",translated,依恩,7ed2309d7a,br=0 nl=1,2,
inc/event/res/chatevent01/dish011.txt#14#12,"でもまぁ、
これはこれでおいしいからいいよね。","不过算了，
这本身倒也挺好吃的，就算了吧。",translated,依恩,09ac8ffed6,br=0 nl=1,2,
inc/event/res/chatevent01/dish011.txt#16#12,あ、あぅ……お水がほしいかも……。,啊、啊呜……好想喝水啊……,translated,依恩,219af9c079,br=0 nl=0,1,
inc/event/res/chatevent01/dish011.txt#17#12,いや、ダメだよね……。,不，不能喝……,translated,依恩,320e369aca,br=0 nl=0,1,
inc/event/res/chatevent01/dish011.txt#18#12,"辛いときに水を飲むと
余計に辛く感じるっていうし……。","听说太辣的时候喝水，
反而会感觉更加火辣……",translated,依恩,49325cfc20,br=0 nl=1,2,
inc/event/res/chatevent01/dish011.txt#19#12,"何より、辛い物を食べたくて作ったんだから
ここでお水を飲んだら意味がないような
気がする。","最重要的是，既然是为了吃辣才做的，
要是这时候喝水感觉就毫无意义了。",translated,依恩,adcd4670a7,br=0 nl=2,3,
inc/event/res/chatevent01/dish011.txt#20#12,"せっかくだから、この後を引くような辛さを
もっと堪能してみようかな。","难得做了一次，要不好好领略一番
这种回味无穷的辛辣吧。",translated,依恩,925845b12d,br=0 nl=1,2,
inc/event/res/chatevent01/dish011.txt#22#12,はふっはふっ！,哈呼哈呼！,translated,依恩,ae663cf3df,br=0 nl=0,1,
inc/event/res/chatevent01/dish011.txt#23#12,"ハンバーグが熱々、
さらに中のカレーが辛くておいしいよ。","汉堡肉热气腾腾，
里面的咖喱又辣又过瘾，真好吃。",translated,依恩,a971e23c41,br=0 nl=1,2,
inc/event/res/chatevent01/dish011.txt#24#12,"このカレーの辛さが不思議と後を引いて
いい感じにお箸が進むよ。","这股咖喱辣味莫名让人欲罢不能，
筷子完全停不下来呢。",translated,依恩,548bba37f2,br=0 nl=1,2,
inc/event/res/chatevent01/dish011.txt#25#12,"これなら、食欲がないときにでも
普通に食べられちゃうかも。","照这样看，哪怕没食欲的时候
也能一口气吃完呢。",translated,依恩,f9609bd956,br=0 nl=1,2,
inc/event/res/chatevent01/dish011.txt#27#12,えへへ、辛くておいしい～♪,嘿嘿，又辣又好吃～♪,translated,依恩,3ac5e44772,br=0 nl=0,1,
inc/event/res/chatevent01/dish011.txt#28#12,"中のカレーの味が、
ハンバーグにも染みていて、
より辛さが出てるみたい。","里面咖喱的味道浸透了汉堡肉，
感觉辣味变得更加鲜明浓烈了。",translated,依恩,868fc4041c,br=0 nl=2,3,
inc/event/res/chatevent01/dish011.txt#29#12,"外からかけるんじゃなくて、
わざわざ中に入れたかいがあるよ～。","没有从外面浇上去，
而是特意包在里面的功夫没白费呢～。",translated,依恩,d1b0af5b58,br=0 nl=1,2,
inc/event/res/chatevent01/dish011.txt#30#12,"この辛さ、あなたにも一度味わって
ほしいかも。","这种过瘾的辣度，真想哪天
也让你尝一尝呀。",translated,依恩,07059af6d3,br=0 nl=1,2,
inc/event/res/chatevent01/dish012.txt#5#12,"か、辛い～……。
やっぱり辛いよ、これ。","好、好辣～……
这个果然还是太辣了啦。",translated,依恩,02aa248abd,br=0 nl=1,2,
inc/event/res/chatevent01/dish012.txt#6#12,"辛い物が食べたくて作ったけど、
これはちょっと……。","虽然想吃辣才做的，
但这道菜稍微有点……",translated,依恩,7e8ff19a00,br=0 nl=1,2,
inc/event/res/chatevent01/dish012.txt#7#12,"なんかあまりの辛さに
体が火照ってきちゃった。","感觉因为太辣了，
身体都开始燥热起来了。",translated,依恩,c3f105e985,br=0 nl=1,2,
inc/event/res/chatevent01/dish012.txt#8#12,あ～つ～い～……。,好～热～啊～……,translated,依恩,b72000f425,br=0 nl=0,1,
inc/event/res/chatevent01/dish012.txt#10#12,"ひゃう～……、
ひゃまりの辛さにひたが～……。","呜哇～……
辣、辣得太厉害，舌头兜～……",translated,依恩,9b38871980,br=0 nl=1,2,
inc/event/res/chatevent01/dish012.txt#11#12,ひょひょまひぇからいひゃんて……。,没想兜会那抹辣……,translated,依恩,da4dacb50e,br=0 nl=0,1,
inc/event/res/chatevent01/dish012.txt#12#12,ハァ～……ハァ～……。,哈啊～……哈啊～……,translated,依恩,dffd38b143,br=0 nl=0,1,
inc/event/res/chatevent01/dish012.txt#13#12,ふぅ、少し落ち着いたよ……。,呼，稍微缓过来一点了……,translated,依恩,ecdb94883c,br=0 nl=0,1,
inc/event/res/chatevent01/dish012.txt#14#12,ちょっと辛くしすぎちゃったかな。,看来确实弄得有点过辣了呢。,translated,依恩,14a9b7eee5,br=0 nl=0,1,
inc/event/res/chatevent01/dish012.txt#16#12,ん～！　辛くておいしい！……と思う。,嗯～！又辣又好吃！……大概吧。,translated,依恩,6a3db4fec2,br=0 nl=0,1,
inc/event/res/chatevent01/dish012.txt#17#12,"実は辛くしすぎて、
舌でうまく味を感じられないみたいなの。","其实是因为放得太辣，
舌头好像已经尝不出味道了。",translated,依恩,089181fd9a,br=0 nl=1,2,
inc/event/res/chatevent01/dish012.txt#18#12,"たぶんおいしいと思うんだけど……
正直、これじゃあよく分からないね。","大概应该很好吃才对……
但老实说，现在这样已经完全分辨不清了呢。",translated,依恩,6defb46552,br=0 nl=1,2,
inc/event/res/chatevent01/dish012.txt#19#12,"辛いのが食べたかったから、
そう言う意味では大成功なんだけど、
ちょっと勿体無いかも。","虽然本就是想吃辣，从这层意义上是大成功，
不过也有点暴殄天物呢。",translated,依恩,c7f90a594c,br=0 nl=2,3,
inc/event/res/chatevent01/dish012.txt#21#12,ねぇねぇ、あなたって辛い物は好きかな？,我说我说，你喜欢吃辣吗？,translated,依恩,8b19c2def3,br=0 nl=0,1,
inc/event/res/chatevent01/dish012.txt#22#12,もし好きなら、これはオススメだよ。,要是喜欢的话，我强烈推荐这个哦。,translated,依恩,83b30f96a4,br=0 nl=0,1,
inc/event/res/chatevent01/dish012.txt#23#12,"なんて言っても、あまりの辛さに
体が熱くなっちゃうくらいだもん。","不管怎么说，这道菜可是辣到
能让整个人都燥热沸腾起来呢。",translated,依恩,4606136d93,br=0 nl=1,2,
inc/event/res/chatevent01/dish012.txt#24#12,"簡単に作れると思うから、
もし良かったらあなたも試してみてね♪","我觉得做起来应该挺简单的，
可以的话你也试着做做看吧♪",translated,依恩,a4ab21f1af,br=0 nl=1,2,
inc/event/res/chatevent01/dish012.txt#25#12,"あっ、ただ、すごく辛くなるから
飲み物は横に用意しておいたほうがいいよ。","啊，不过因为会变得超级辣，
身边最好备好饮品哦。",translated,依恩,f5e30f01c3,br=0 nl=1,2,
inc/event/res/chatevent01/dish012.txt#27#12,あふっあふっ！,哈呼哈呼！,translated,依恩,367a3fecc9,br=0 nl=0,1,
inc/event/res/chatevent01/dish012.txt#28#12,"えへへ、熱々のフランクフルトに
たっぷりのマスタード……。","嘿嘿，热气腾腾的法兰克福香肠，
配上满满的黄芥末酱……",translated,依恩,9e64097aa9,br=0 nl=1,2,
inc/event/res/chatevent01/dish012.txt#29#12,"辛い物を食べたいときは
あつあつダブルに限るね。","想吃辣的时候，
还是非热气腾腾双层莫属呢。",translated,依恩,bcd8ee35e7,br=0 nl=1,2,
inc/event/res/chatevent01/dish012.txt#30#12,"簡単に作れちゃうし、この辛さだったら、
眠気覚ましにもなりそうだよ。","做法既简单，而且这股辣劲
感觉还能用来提神驱散睡意呢。",translated,依恩,88f7c1ae1a,br=0 nl=1,2,
inc/event/res/chatevent01/dish012.txt#31#12,次作るときは夜食にしてみようかな♪,下次做的时候干脆当夜宵吧♪,translated,依恩,03a7b90655,br=0 nl=0,1,
inc/event/res/chatevent01/dish013.txt#5#12,"海男のぶぶ漬けって言うと
ちょっとかっこいいでしょ？","叫作“海之汉茶泡饭”，
听起来是不是稍微有点帅气呀？",translated,依恩,a0846c2523,br=0 nl=1,2,
inc/event/res/chatevent01/dish013.txt#6#12,実はただのお茶漬けなんだけどね。,虽然其实就只是普通的茶泡饭就是了。,translated,依恩,ec5289e883,br=0 nl=0,1,
inc/event/res/chatevent01/dish013.txt#7#12,"この、さらさらっと食べれるのが
ぶぶ漬けの魅力なの。","能够稀里哗啦畅快下咽，
正是茶泡饭的魅力所在哦。",translated,依恩,f51304c169,br=0 nl=1,2,
inc/event/res/chatevent01/dish013.txt#8#12,って、あなたも知ってるよね。,哎呀，你肯定也知道对吧。,translated,依恩,e5daf22a7d,br=0 nl=0,1,
inc/event/res/chatevent01/dish013.txt#10#12,"温かいお湯とご飯にお魚のダシが加わると、
こんなにおいしいんだね。","温暖的开水与米饭，再加上鱼汤高汤，
居然会变得这么美味呢。",translated,依恩,3088abdf49,br=0 nl=1,2,
inc/event/res/chatevent01/dish013.txt#11#12,"簡単でおいしいし、
何かぶぶ漬けばっかり食べちゃいそうだよ。","做法既简单又好吃，
感觉我都快天天吃茶泡饭了呢。",translated,依恩,8aaae97925,br=0 nl=1,2,
inc/event/res/chatevent01/dish013.txt#12#12,"でも疲れた時とか、食材が無い時は
やっぱりぶぶ漬けだね。","不过在疲劳或者缺少食材的时候，
果然还是茶泡饭最管用呢。",translated,依恩,1581c1129a,br=0 nl=1,2,
inc/event/res/chatevent01/dish013.txt#14#12,"海男のぶぶ漬けに、
すっぱいものとか辛いものを
入れてみたいと思わない？","你不觉得往海之汉茶泡饭里，
加点酸的东西或者辣的东西试试看？",translated,依恩,9da1d0a00c,br=0 nl=2,3,
inc/event/res/chatevent01/dish013.txt#15#12,"わたしはね、すっぱいものを入れたら
もっと良くなる気がするの。","我总觉得要是加点酸酸的东西，
味道会变得更上一层楼哦。",translated,依恩,ee5bd85cf4,br=0 nl=1,2,
inc/event/res/chatevent01/dish013.txt#16#12,"ご飯との相性も良さそうだし
今度試してみようかなぁ。","感觉和白米饭也很搭，
下次尝试看看吧。",translated,依恩,a62dce6407,br=0 nl=1,2,
inc/event/res/chatevent01/dish013.txt#18#12,"ふぅ……やっぱりぶぶ漬けは、
あっさりしてて食べやすいよ。","呼……茶泡饭果然
非常清淡爽口，很容易下咽呢。",translated,依恩,8a7e841dab,br=0 nl=1,2,
inc/event/res/chatevent01/dish013.txt#19#12,"ちょっとお腹だましに食べるのも良いし、
もたれている時にも良いよね。","既能用来稍微垫垫肚子，
在消化不良反胃的时候吃也很舒服对吧。",translated,依恩,bf732e8266,br=0 nl=1,2,
inc/event/res/chatevent01/dish013.txt#20#12,"そう考えると、思ってる以上に
ぶぶ漬けってすごいかも。","这么一想，茶泡饭搞不好
比想象中还要了不起呢。",translated,依恩,e85d1a6ba6,br=0 nl=1,2,
inc/event/res/chatevent01/dish013.txt#22#12,えへへ、今日もぶぶ漬けなんだぁ。,嘿嘿，今天也吃了茶泡饭哦。,translated,依恩,9a69c4074e,br=0 nl=0,1,
inc/event/res/chatevent01/dish013.txt#23#12,"手抜き料理って訳じゃないんだよ？
これもれっきとした料理なんだから。","这可不是在偷工减料哦？
这也算是一道地地道道的正经料理嘛。",translated,依恩,1e30772a87,br=0 nl=1,2,
inc/event/res/chatevent01/dish013.txt#24#12,"あなたも、自分なりのぶぶ漬けを
作って食べてみてね。","你也试着做做
带有你自己特色的茶泡饭尝尝看吧。",translated,依恩,3637145c1e,br=0 nl=1,2,
inc/event/res/chatevent01/dith003.txt#5#12,"オムレディって、ふわふわとろとろで
うん……口の中でとろけるよぉ。","蛋包小姐口感蓬松软嫩，
嗯……在嘴里都融化开来了呢。",translated,依恩,703bc06b8b,br=0 nl=1,2,
inc/event/res/chatevent01/dith003.txt#6#12,"タマゴがふわっとしているのって
なんか金色の絨毯って感じがしない？","鸡蛋那么蓬松柔软，
不觉得就像金色地毯一样吗？",translated,依恩,bfad12298a,br=0 nl=1,2,
inc/event/res/chatevent01/dith003.txt#7#12,って、それはちょっと言いすぎかな？,哎呀，这么说是不是稍微有点夸张啦？,translated,依恩,7734642185,br=0 nl=0,1,
inc/event/res/chatevent01/dith003.txt#8#12,"それに、オムレディはどっちかって言うと
絨毯よりかは丘って感じだしね。","而且蛋包小姐与其说是地毯，
感觉更像是起伏的山丘呢。",translated,依恩,9bba8a84cb,br=0 nl=1,2,
inc/event/res/chatevent01/dith003.txt#10#12,"オムレディって、二つあるから
ちょっとお得な気分になるよね。","蛋包小姐一盘有两个，
让人觉得有点赚到了对吧。",translated,依恩,59be748388,br=0 nl=1,2,
inc/event/res/chatevent01/dith003.txt#11#12,"１つ食べても、もう一つあるのって
うれしくなっちゃうでしょ？","吃掉一个之后还有一个，
是不是会让人特别开心呀？",translated,依恩,714be3c804,br=0 nl=1,2,
inc/event/res/chatevent01/dith003.txt#12#12,なので、わたしは今、うきうきなのです。,所以，我现在心情超级雀跃哦。,translated,依恩,6d3bdbe080,br=0 nl=0,1,
inc/event/res/chatevent01/dith003.txt#13#12,"えへへ、食べるのって楽しいよね。
おいしさは心を温かくしてくれるもん。","嘿嘿，吃东西真开心呢。
美味能够温暖人的心灵嘛。",translated,依恩,f7c1e38785,br=0 nl=1,2,
inc/event/res/chatevent01/dith003.txt#14#12,"思わずはしゃいじゃったけど、
子供っぽいとか思わないでね？","忍不住得意忘形了，
可不要觉得我很孩子气哦？",translated,依恩,184533f1d1,br=0 nl=1,2,
inc/event/res/chatevent01/dith003.txt#16#12,"オムレディって、
その……女性の胸みたいな形だよね？","蛋包小姐的形状，
那个……很像女性的胸部对吧？",translated,依恩,ce619aa224,br=0 nl=1,2,
inc/event/res/chatevent01/dith003.txt#17#12,"何か、意識した途端に、
ちょっと恥ずかしくなってきちゃったよぉ。","不知怎的，一旦意识到这点，
突然就觉得有点不好意思了呢。",translated,依恩,ecf2bec406,br=0 nl=1,2,
inc/event/res/chatevent01/dith003.txt#18#12,"も、もうっ！
食べるとこ見ないで！","真、真是的！
不要盯着我吃东西看啦！",translated,依恩,6a70303b44,br=0 nl=1,2,
inc/event/res/chatevent01/dith003.txt#19#12,"ううぅ、食べにくいよぉ。
でも、お腹減ってるし……。","呜呜，好难为情吃不下去了啦。
可是肚子又好饿……",translated,依恩,f64e521e28,br=0 nl=1,2,
inc/event/res/chatevent01/dith003.txt#20#12,"あ、あんまり……見ないでね？
だって……恥ずかしいもん。","可、可别一直……盯着看哦？
毕竟……真的很害羞嘛。",translated,依恩,f3fa2e54ce,br=0 nl=1,2,
inc/event/res/chatevent01/dith003.txt#22#12,"オムレディって作るの簡単だから、
ついつい食べちゃうんだよね。","蛋包小姐因为做起来很简单，
总会忍不住做来吃呢。",translated,依恩,e9ca9a394c,br=0 nl=1,2,
inc/event/res/chatevent01/dith003.txt#23#12,"おいしさも大切だけど、
作りやすさも大切だと思うの。","味道美味固然重要，
但烹饪简便我觉得也很关键呢。",translated,依恩,0b0ddf7b42,br=0 nl=1,2,
inc/event/res/chatevent01/dith003.txt#24#12,"どんなに素敵な料理でも、
作るのでへとへとになっちゃったら
ダメだもんね。","不管多么美妙的大餐，
要是光做完就累瘫了可不行嘛。",translated,依恩,2509e2a3af,br=0 nl=2,3,
inc/event/res/chatevent01/dith003.txt#25#12,疲れてたら、味覚の感度も落ちるしね。,太累的话，味觉也会变得迟钝呢。,translated,依恩,776c67e660,br=0 nl=0,1,
inc/event/res/chatevent01/dith003.txt#26#12,"おいしさを楽しむためには
体調も万全にして食べないとだよ。","为了好好享受美味，
必须把身体状态调整好再去品尝哦。",translated,依恩,b61c0a7063,br=0 nl=1,2,
inc/event/res/chatevent01/dith003.txt#28#12,んんー、たまごのとろとろがたまらないよ。,嗯嗯～半熟鸡蛋嫩滑得让人受不了。,translated,依恩,c1e57ed27b,br=0 nl=0,1,
inc/event/res/chatevent01/dith003.txt#29#12,"口の中でふわっとした食感でね、
もう、すっごく良い感じなの。","在嘴里松软绵密的口感，
真的感觉超级棒哦。",translated,依恩,9b15af8af5,br=0 nl=1,2,
inc/event/res/chatevent01/dith003.txt#30#12,"ケチャップも良いけど、
ソースも合いそうかな。","淋番茄酱固然不错，
淋调味酱汁感觉也很搭呢。",translated,依恩,53995c1429,br=0 nl=1,2,
inc/event/res/chatevent01/dith003.txt#31#12,"あ、ミソなんかも試してみたいかも。
いろいろな食べ方を模索するのも
楽しみの一つだもんね。","啊，味噌好像也想试试看呢。
探索各种各样的吃法，
也是烹饪的乐趣之一嘛。",translated,依恩,b15b0ef3c8,br=0 nl=2,3,
inc/event/res/chatevent01/draw_01.txt#4#12,書き物中に声かけないで。,在写东西的时候别跟我搭话啦。,translated,依恩,5c14a36876,br=0 nl=0,1,
inc/event/res/chatevent01/draw_01.txt#5#12,"こういうのって、集中してないと
良いの書けないんだよ？","这种事情要是不专心致志，
可是写不出好东西的哦？",translated,依恩,d472ef9058,br=0 nl=1,2,
inc/event/res/chatevent01/draw_01.txt#8#12,ちょっと、今は邪魔しないで。,等等，现在先别打扰我。,translated,依恩,7c986477be,br=0 nl=0,1,
inc/event/res/chatevent01/draw_01.txt#9#12,"書き物って、頭を使わないといけないから、
邪魔されると止まっちゃうの。","写作非得动脑子不可，
要是被打扰思路就会中断啦。",translated,依恩,c7bef026da,br=0 nl=1,2,
inc/event/res/chatevent01/draw_01.txt#10#12,"あなただって、集中してるの
邪魔されたら嫌でしょ？","换作是你，聚精会神的时候
被人打扰也会很不高兴吧？",translated,依恩,b820c7c66c,br=0 nl=1,2,
inc/event/res/chatevent01/draw_01.txt#13#12,はぁ……今日は全然ペンが進まないよ。,哈啊……今天手里的笔完全动不起来。,translated,依恩,791221fefd,br=0 nl=0,1,
inc/event/res/chatevent01/draw_01.txt#14#12,"書きたいことはあるのに、頭の中が
ぐちゃぐちゃな感じになっちゃって……。","明明有想写的内容，脑子里却
乱成了一团浆糊……",translated,依恩,866cbde881,br=0 nl=1,2,
inc/event/res/chatevent01/draw_01.txt#15#12,何だか、精神的にも疲れてきちゃったな。,总觉得，连精神上也感到疲惫了呢。,translated,依恩,1da997509c,br=0 nl=0,1,
inc/event/res/chatevent01/draw_01.txt#23#12,"何だか今日はすごく調子が良くて、
びっくりするくらいスラスラと
書けちゃってるの。","总觉得今天状态出奇得好，
下笔如有神，顺畅得让自己都吃惊呢。",translated,依恩,2fa8ae5bed,br=0 nl=2,3,
inc/event/res/chatevent01/draw_01.txt#24#12,"えへへ、もしかしてわたし、
物書きの才能あるのかな？","嘿嘿，难道说我
其实有写作的才能吗？",translated,依恩,5e6a70ed79,br=0 nl=1,2,
inc/event/res/chatevent01/draw_01.txt#27#12,結構調子よく書けてると思わない？,你不觉得我写得相当顺手吗？,translated,依恩,768690e39a,br=0 nl=0,1,
inc/event/res/chatevent01/draw_01.txt#28#12,"読書は好きだけど、このままだと
書くのも好きになれそうだよ。","虽然我很喜欢看书，但照这样下去，
感觉也会喜欢上自己动笔写作呢。",translated,依恩,3f00e84691,br=0 nl=1,2,
inc/event/res/chatevent01/draw_01.txt#29#12,……この調子が続けばの話だけどね。,……虽说前提是能一直保持这状态就是了。,translated,依恩,1b25a7ce1f,br=0 nl=0,1,
inc/event/res/chatevent01/draw_01.txt#32#12,何だか今日はやたらと筆が乗るの。,不知为何，今天文思泉涌特别顺手呢。,translated,依恩,637e65fd4c,br=0 nl=0,1,
inc/event/res/chatevent01/draw_01.txt#33#12,"嬉しくはあるけど……手が止まった時に
どうなるかを考えると、ちょっと不安かな？","虽然高兴是高兴……但一想到思绪卡壳
会变成什么样，就稍微有点不安呢？",translated,依恩,0f4e2867e9,br=0 nl=1,2,
inc/event/res/chatevent01/draw_01.txt#43#12,"はぁ……。
気晴らしにペンを握ってたんだけど、
あんまりいい感じに進まないの……。","哈啊……
本想动笔写写散散心，
却完全没有好的进展呢……",translated,依恩,4e508b1da9,br=0 nl=2,3,
inc/event/res/chatevent01/draw_01.txt#44#12,もうやめちゃおっかなぁ……。,要不干脆放弃不写了吧……,translated,依恩,7d886ae825,br=0 nl=0,1,
inc/event/res/chatevent01/draw_01.txt#46#12,なんとなくペンを走らせてたんだけど……。,虽说只是漫无目的地信手涂写……,translated,依恩,4aed249b8b,br=0 nl=0,1,
inc/event/res/chatevent01/draw_01.txt#47#12,"全然だめ……。
少しもいい感じに書けないよ。","却完全不行……
一点感觉都写不出来。",translated,依恩,457322993e,br=0 nl=1,2,
inc/event/res/chatevent01/draw_01.txt#48#12,"何かで一回気分を入れ替えた方が
いいのかも。","感觉最好先做点什么
转换一下心情比较好呢。",translated,依恩,9a7db80196,br=0 nl=1,2,
inc/event/res/chatevent01/draw_01.txt#50#12,"何となく絵を描いてたんだけど、
すごく暗くなっちゃった……。","刚才随手画了幅画，
结果色调变得超级阴暗……",translated,依恩,6cc0b1b7b6,br=0 nl=1,2,
inc/event/res/chatevent01/draw_01.txt#51#12,"こういうのって、
やっぱり描き手の心情が出てくるんだね。","这种东西，果然还是会
反映出作画者的心情呢。",translated,依恩,15df58f3b0,br=0 nl=1,2,
inc/event/res/chatevent01/draw_01.txt#55#12,今ね、ちょっとだけ絵を描いてたの。,刚才呢，我稍微画了会儿画哦。,translated,依恩,1015d845be,br=0 nl=0,1,
inc/event/res/chatevent01/draw_01.txt#56#12,"あんまり得意じゃないけど、
練習してればきっと上手になれるよね。","虽然我不太擅长，
但只要多加练习肯定能画好的对吧。",translated,依恩,ffef57bcf5,br=0 nl=1,2,
inc/event/res/chatevent01/draw_01.txt#58#12,"他にすることがなかったから
なんとなくペンを走らせてたんだけど、
意外といい感じに書けてる気がするの。","因为没有别的事可做就随手写写，
却感觉意外地写得很顺呢。",translated,依恩,1bc5aae867,br=0 nl=2,3,
inc/event/res/chatevent01/draw_01.txt#59#12,もしかしたらいい物が出来上がるかも……。,说不定能写出很棒的作品来呢……,translated,依恩,0526282e9e,br=0 nl=0,1,
inc/event/res/chatevent01/draw_01.txt#60#12,"まぁ、こういうときってだいたい、
見返してみると駄目なんだけどね。","不过这种时候，一般事后重读
都会觉得写得一塌糊涂就是了。",translated,依恩,c7cbd57c63,br=0 nl=1,2,
inc/event/res/chatevent01/draw_01.txt#62#12,"こうやって文章や絵を書いてると、
ときどきすごく集中できるときってない？","像这样写文章或者画画时，
有时是不是能进入超级专注的状态？",translated,依恩,829878df4c,br=0 nl=1,2,
inc/event/res/chatevent01/draw_01.txt#63#12,"あの状態がずっと続いてたら、
わたしでも名作が出来そうな気がするよ。","要是那种状态能一直持续下去，
感觉连我也能创作出名作来呢。",translated,依恩,8ee22b0522,br=0 nl=1,2,
inc/event/res/chatevent01/drink001.txt#5#12,"喉が渇いてる時のお水って、
いつもより美味しく感じるね。","口渴时喝的水，
感觉比平时都要更加美味呢。",translated,依恩,30f58ca73e,br=0 nl=1,2,
inc/event/res/chatevent01/drink001.txt#6#12,"でも、何でかな？
体が欲しがってるから……かな？","不过，这是为什么呢？
是因为身体正渴求水分吗……？",translated,依恩,c797176ef6,br=0 nl=1,2,
inc/event/res/chatevent01/drink001.txt#7#12,"まあ、美味しく感じるなら
何でもいいよね。","算了，既然觉得好喝，
原因怎样都无所谓啦。",translated,依恩,29cea5af6d,br=0 nl=1,2,
inc/event/res/chatevent01/drink001.txt#9#12,"お水って大切だよね。
もし、水が無かったら生きていけないもん。","水真的非常重要呢。
毕竟要是没有水，人就活不下去嘛。",translated,依恩,bf0998ef6f,br=0 nl=1,2,
inc/event/res/chatevent01/drink001.txt#10#12,"そう考えると、
味わって飲まなきゃ、って思うの。","这么一想，
就会觉得应该细细品味着喝才行呢。",translated,依恩,89ac906558,br=0 nl=1,2,
inc/event/res/chatevent01/drink001.txt#11#12,あなたも、お水は大切にしてね。,你也要好好珍惜水资源哦。,translated,依恩,f56fc76cab,br=0 nl=0,1,
inc/event/res/chatevent01/drink001.txt#13#12,お水って、口の中がさっぱりするよね。,喝水能让嘴里变得格外清爽呢。,translated,依恩,24dd70dcad,br=0 nl=0,1,
inc/event/res/chatevent01/drink001.txt#14#12,"喉も潤うし、水分補給もできるし、
お水って生活に欠かせないよ。","既润喉又能补水，
水在生活中真是不可或缺呢。",translated,依恩,bc5cb5bee6,br=0 nl=1,2,
inc/event/res/chatevent01/drink002.txt#5#12,"ポンタ・グレイプって
大人気の飲み物なんだよ。","蓬太・葡萄
可是超级受欢迎的饮料哦。",translated,依恩,4a1d2f9b96,br=0 nl=1,2,
inc/event/res/chatevent01/drink002.txt#6#12,"やっぱりこのシュワシュワは
みんな大好きみたいだね。","果然大家都很喜欢
这种噼里啪啦的气泡感呢。",translated,依恩,4552acde5c,br=0 nl=1,2,
inc/event/res/chatevent01/drink002.txt#7#12,"わたしも、この感覚が好きで
ついつい飲んじゃうの。","我也特别喜欢这种感觉，
总会忍不住喝起来。",translated,依恩,66a8be5d0a,br=0 nl=1,2,
inc/event/res/chatevent01/drink002.txt#9#12,"えへへ、やっぱり喉が渇いたら
ポンタ・グレイプだよね。","嘿嘿，口渴的时候
果然还是得喝蓬太・葡萄呢。",translated,依恩,950ded4efb,br=0 nl=1,2,
inc/event/res/chatevent01/drink002.txt#10#12,"このちょっぴり感じる果汁の味と
シュワシュワが爽快感たっぷりなの。","隐隐透出的一点果汁风味，
搭配碳酸气泡感，真是畅快淋漓。",translated,依恩,325a06a9a7,br=0 nl=1,2,
inc/event/res/chatevent01/drink002.txt#11#12,"飲んだ後に残るさっぱりした香りも
ポンタ・グレイプの人気の秘密だね。","饮用后残留的清爽香气，
也是蓬太・葡萄大受欢迎的秘密呢。",translated,依恩,b3360c4cdd,br=0 nl=1,2,
inc/event/res/chatevent01/drink002.txt#13#12,ぷはぁ、ポンタ・グレイプ最高だよ。,噗哈～蓬太・葡萄太棒啦。,translated,依恩,3279ef5358,br=0 nl=0,1,
inc/event/res/chatevent01/drink002.txt#14#12,"ポンタシリーズって、
他にもいろいろな味があるんだって。","听说蓬太系列
还有其他各种各样的风味哦。",translated,依恩,7bd9ed65ff,br=0 nl=1,2,
inc/event/res/chatevent01/drink002.txt#15#12,"ううー、飲んでみたいなぁ。
今度探してみようっと。","呜呜～好想喝喝看啊。
下次去好好找找吧。",translated,依恩,f1292d9eef,br=0 nl=1,2,
inc/event/res/chatevent01/drink005.txt#5#12,"んっ、やっぱり果汁１００％だと
味がしっかりしてておいしいね。","嗯，果然要是纯天然果汁的话，
味道就很浓郁醇厚，真好喝呢。",translated,依恩,45b5669ec1,br=0 nl=1,2,
inc/event/res/chatevent01/drink005.txt#6#12,"この濃縮された味は
他には無いもん。","这种浓缩般的美妙滋味
在别处可尝不到嘛。",translated,依恩,fcad99959d,br=0 nl=1,2,
inc/event/res/chatevent01/drink005.txt#7#12,"それでいて飲みやすいなんて
すっごくいいね。","而且还这么顺滑好喝，
真是太棒了。",translated,依恩,f12cd3e5b1,br=0 nl=1,2,
inc/event/res/chatevent01/drink005.txt#9#12,"うんうん、このモロッカの香りは
天然ならではだよね。","嗯嗯，这股莫洛卡的清香，
正是天然才有的独特香气呢。",translated,依恩,7ab2eada02,br=0 nl=1,2,
inc/event/res/chatevent01/drink005.txt#10#12,"甘くて、ちょっと酸っぱい香りで
飲みたくてたまらなくなるの。","酸酸甜甜的气味，
让人馋得受不了呢。",translated,依恩,7b4dcaf798,br=0 nl=1,2,
inc/event/res/chatevent01/drink005.txt#11#12,"んっ……んんーっ！
甘くてさいっこうだよぉ。","嗯……嗯嗯～！
甜津津的真是棒极了。",translated,依恩,69493f84d5,br=0 nl=1,2,
inc/event/res/chatevent01/drink005.txt#13#12,"いつ飲んでも、
モロッカのジュースは飽きないね。","无论什么时候喝，
莫洛卡果汁都百喝不厌呢。",translated,依恩,1017d006f2,br=0 nl=1,2,
inc/event/res/chatevent01/drink005.txt#14#12,"できるなら、
あなたにも飲んで欲しいなぁ。","如果可以的话，
真希望也能让你尝尝啊。",translated,依恩,17f26104c9,br=0 nl=1,2,
inc/event/res/chatevent01/drink005.txt#15#12,"絶対、ほっぺたが落ちちゃうくらい
おいしいよ。","绝对好喝到
舌头都要化掉哦。",translated,依恩,7cb2b36232,br=0 nl=1,2,
inc/event/res/chatevent01/food_catec01.txt#3#12,"甘いものって、つい食べ過ぎちゃうことが
あるから困るよね。","甜食这种东西，一不留神就会吃过量，
真让人困扰呢。",translated,依恩,2dd7242645,br=0 nl=1,2,
inc/event/res/chatevent01/food_catec01.txt#4#12,"食べ過ぎると太っちゃうってわかってる
のに、いつも誘惑に負けちゃうの。","明明知道吃太多会发胖，
却总抵挡不住诱惑呢。",translated,依恩,5abf025408,br=0 nl=1,2,
inc/event/res/chatevent01/food_catec01.txt#5#12,わたし、心が弱いのかな？,难道我的意志力太薄弱了吗？,translated,依恩,f6d686cc24,br=0 nl=0,1,
inc/event/res/chatevent01/food_catec01.txt#7#12,"わたしね、甘いものは味だけじゃなくて、
匂いも大切だと思うの。","我觉得呢，甜品不仅是味道，
气味也同样非常重要哦。",translated,依恩,37fff897fd,br=0 nl=1,2,
inc/event/res/chatevent01/food_catec01.txt#8#12,"目の前に出されたときに、甘い香りがすると
凄くワクワクしちゃうもん。","摆到眼前闻到甜丝丝的香气时，
心里就会超级兴奋雀跃嘛。",translated,依恩,ad40cde29f,br=0 nl=1,2,
inc/event/res/chatevent01/food_catec01.txt#10#12,"パンケーキには、やっぱりシロップを
かけた方が美味しいかな？","松饼上面，果然还是
浇上糖浆会更好吃吗？",translated,依恩,545aa4d8e9,br=0 nl=1,2,
inc/event/res/chatevent01/food_catec01.txt#11#12,あ、でもジャムもいいよね。,啊，不过果酱也很棒呢。,translated,依恩,9784d09b89,br=0 nl=0,1,
inc/event/res/chatevent01/food_catec01.txt#12#12,う～ん……悩んじゃうよぉ……。,嗯～……好纠结啊……,translated,依恩,165ccb94af,br=0 nl=0,1,
inc/event/res/chatevent01/food_catec01.txt#14#12,"甘い物の王様と言ったら、
やっぱりパフェだと思うの。","要说甜食之王，
果然还得是芭菲呢。",translated,依恩,56864ef522,br=0 nl=1,2,
inc/event/res/chatevent01/food_catec01.txt#15#12,"綺麗にデコレーションされたパフェを前に
すると、お姫様になった気分にもなれるし。","面对装饰得华丽漂亮的芭菲，
感觉整个人都像变成小公主了一样。",translated,依恩,5b9c09ac26,br=0 nl=1,2,
inc/event/res/chatevent01/food_catec01.txt#16#12,"女の子でパフェが嫌いな子なんて、
ほとんどいないと思うよ。","我想几乎没有哪个女孩子
会讨厌芭菲吧。",translated,依恩,4da45ab73c,br=0 nl=1,2,
inc/event/res/chatevent01/food_catec01.txt#18#12,"甘い物を食べる時に、
一緒に苦いお茶とかを飲むといいよね。","吃甜食的时候，
搭配苦茶一起喝感觉很棒对吧。",translated,依恩,0b3ebddc1c,br=0 nl=1,2,
inc/event/res/chatevent01/food_catec01.txt#19#12,"その苦さのおかげで、
一段と甘く感じられるようになるの。","多亏了那股苦味，
甜味才会显得格外突出浓郁哦。",translated,依恩,20cdc3d18f,br=0 nl=1,2,
inc/event/res/chatevent01/food_catec01.txt#20#12,えへへ、あなたも試してみてね。,嘿嘿，你也一定要试一试哦。,translated,依恩,2efda8191d,br=0 nl=0,1,
inc/event/res/chatevent01/food_catec02.txt#3#12,"辛い料理って、食べてると汗が出るのが
困るよね。","吃辛辣料理的时候，总会吃得满头大汗，
这点真让人苦恼对吧。",translated,依恩,7dbabaaa08,br=0 nl=1,2,
inc/event/res/chatevent01/food_catec02.txt#4#12,"あっ、言っておくけど、
わたしが汗っかきってわけじゃないよ？","啊，先说好，
我可不是那种容易出汗的体质哦？",translated,依恩,7bd37dca1b,br=0 nl=1,2,
inc/event/res/chatevent01/food_catec02.txt#5#12,"むしろ、辛い料理を食べてる時に
出ない方がおかしいもん。","不如说，吃辣的时候
不出汗才奇怪嘛。",translated,依恩,5d21ff6f46,br=0 nl=1,2,
inc/event/res/chatevent01/food_catec02.txt#7#12,"辛い物を食べた時に飲む水って、
すごく美味しく感じるよね？","吃完辣的东西之后喝水，
会感觉水超级好喝对吧？",translated,依恩,92529b9c4d,br=0 nl=1,2,
inc/event/res/chatevent01/food_catec02.txt#8#12,"いつも飲んでる普通の水が、
すごくさっぱりとした美味しい味に
感じられるの。","平时喝的普通白开水，
瞬间都会觉得甘甜清冽、美味无比呢。",translated,依恩,a6be868f3a,br=0 nl=2,3,
inc/event/res/chatevent01/food_catec02.txt#9#12,"水を楽しみにできるのは、
辛い物を食べる時くらいだよね？","能把喝水当成一种享受，
大概也就只有在吃辣的时候了吧？",translated,依恩,ff676b2637,br=0 nl=1,2,
inc/event/res/chatevent01/food_catec02.txt#11#12,"そういえば、辛さをすぐに抑えるには
乳製品がいい、
って聞いたことがあったような……。","说起来，我好像听人说过，
想要迅速解辣的话乳制品效果最好……",translated,依恩,0001cc26b8,br=0 nl=2,3,
inc/event/res/chatevent01/food_catec02.txt#12#12,でも、わたしは必要ないよ。,不过，我可不需要呢。,translated,依恩,255ca49a65,br=0 nl=0,1,
inc/event/res/chatevent01/food_catec02.txt#13#12,"あのピリッとくる辛さが口の中で続くのが、
病み付きなんだもん。","舌尖上那股麻辣持久的刺激感，
正是让人欲罢不能的地方嘛。",translated,依恩,3eb8370db9,br=0 nl=1,2,
inc/event/res/chatevent01/food_catec02.txt#15#12,"辛いのにも、ピリッとくるものと、
カァッ、とくるものがあるけど、
わたしが好きなのは……。","辣也分很多种，有麻丝丝的微辣，
也有轰的一下热辣上头的猛烈之辣，
而我喜欢的则是……",translated,依恩,71ad641bbe,br=0 nl=2,3,
inc/event/res/chatevent01/food_catec02.txt#16#12,……う～ん……。,……嗯～……,translated,依恩,79e4a8c013,br=0 nl=0,1,
inc/event/res/chatevent01/food_catec02.txt#17#12,えへへ、やっぱり決められないよ。,嘿嘿，果然还是选不出来呀。,translated,依恩,8a807a34b9,br=0 nl=0,1,
inc/event/res/chatevent01/food_catec02.txt#19#12,"熱くて辛い物よりも、冷たくて辛い物の方が
辛さが強い気がするの。","比起滚烫辛辣的食物，冰凉辛辣的食物
总觉得辣意来得更加强烈呢。",translated,依恩,b81d6b9bb5,br=0 nl=1,2,
inc/event/res/chatevent01/food_catec02.txt#20#12,そう思うのって、わたしだけかな？,这么想的，难道只有我一个人吗？,translated,依恩,e774b75e2e,br=0 nl=0,1,
inc/event/res/chatevent01/food_catec_pr01.txt#1#12,"ん～、何だか体の温まるものを
お腹いっぱい食べたい気分かも。","嗯～总觉得好想吃热乎乎暖身体的东西
吃到肚子饱饱的呢。",translated,依恩,944df23a26,br=0 nl=1,2,
inc/event/res/chatevent01/food_catec_pr01.txt#2#12,お味噌汁とか、ラーメンなんかもいいよね。,味噌汤之类的，或者拉面也很不错呢。,translated,依恩,1005221f52,br=0 nl=0,1,
inc/event/res/chatevent01/food_catec_pr01.txt#3#12,他にはどんな食べ物があるかなぁ？,还有些什么好吃的呢？,translated,依恩,77ddfc166b,br=0 nl=0,1,
inc/event/res/chatevent01/food_catec_pr01.txt#5#12,五十倍激辛カレー,五十倍特辣咖喱,translated,,a8b269adb0,br=0 nl=0,1,
inc/event/res/chatevent01/food_catec_pr01.txt#6#12,ソース焼きそば,酱汁炒面,translated,,a0d6448021,br=0 nl=0,1,
inc/event/res/chatevent01/food_catec_pr01.txt#9#12,"ご、五十倍って……いくらなんでもそれは
辛過ぎのような……。","五、五十倍……不管怎么想
这也辣得太离谱了吧……",translated,依恩,e04168be02,br=0 nl=1,2,
inc/event/res/chatevent01/food_catec_pr01.txt#10#12,"でも、カレーだから
美味しいことには違いないし、
意外と食べれちゃうかもしれないね。","不过终究是咖喱，
肯定还是美味的，
说不定意外地能吃得下去呢。",translated,依恩,45ad830544,br=0 nl=2,3,
inc/event/res/chatevent01/food_catec_pr01.txt#14#12,焼きそばって、体が温まるかな？,炒面能让身子暖和起来吗？,translated,依恩,a743524515,br=0 nl=0,1,
inc/event/res/chatevent01/food_catec_pr01.txt#15#12,"でも、鉄板で焼きたての焼きそばだったら、
熱々でいいかもしれないね。","不过要是铁板刚出锅的炒面，
热气腾腾的应该挺不错的呢。",translated,依恩,5884d2210e,br=0 nl=1,2,
inc/event/res/chatevent01/food_catec_pr02.txt#1#12,"わたし、最近は朝食でパンを
食べることが多いの。",我最近早餐吃面包的时候蛮多的。,translated,依恩,e95d7d0fdb,br=0 nl=1,2,
inc/event/res/chatevent01/food_catec_pr02.txt#2#12,"トーストしたパンの香ばしい匂いって、
眠気を吹き飛ばしてくれるんだよ。","烤面包飘出来的焦香，
能把困意全都驱散哦。",translated,依恩,4993b2e32f,br=0 nl=1,2,
inc/event/res/chatevent01/food_catec_pr02.txt#3#12,"そこに甘いジャムをのせて食べるのが、
おすすめの食べ方かな。","在上面涂上甜甜的果酱来吃，
是我最推荐的吃法呢。",translated,依恩,08b39fa592,br=0 nl=1,2,
inc/event/res/chatevent01/food_catec_pr02.txt#5#12,チェリージャムとかいいよね,樱桃果酱挺不错的呢,translated,,87819ef4f4,br=0 nl=0,1,
inc/event/res/chatevent01/food_catec_pr02.txt#6#12,ピザトーストにするのもいいよ,做成披萨烤吐司也很棒哦,translated,,2b65e0afaa,br=0 nl=0,1,
inc/event/res/chatevent01/food_catec_pr02.txt#9#12,わぁ、甘酸っぱそうでいいかも。,哇，酸酸甜甜的好像很不错呢。,translated,依恩,02ae4c0cc8,br=0 nl=0,1,
inc/event/res/chatevent01/food_catec_pr02.txt#10#12,えへへ、今度試してみよっと。,嘿嘿，下次我要尝试看看。,translated,依恩,6a947f58f7,br=0 nl=0,1,
inc/event/res/chatevent01/food_catec_pr02.txt#14#12,あっ、それいいかも！,啊，那个好像很不错！,translated,依恩,67905057c9,br=0 nl=0,1,
inc/event/res/chatevent01/food_catec_pr02.txt#15#12,朝からちょっと豪華な気分になれそうだね。,一大早就能让人体会到奢华的感觉呢。,translated,依恩,e52f00de78,br=0 nl=0,1,
inc/event/res/chatevent01/food_catec_pr03.txt#1#12,"ねえねえ、この料理に合いそうな
飲み物って、何だと思う？","我说我说，你觉得什么饮品
和这道料理最相配呢？",translated,依恩,f15dffa453,br=0 nl=1,2,
inc/event/res/chatevent01/food_catec_pr03.txt#2#12,わたしは、そうだなぁ……。,我的话，让我想想……,translated,依恩,2731b49a26,br=0 nl=0,1,
inc/event/res/chatevent01/food_catec_pr03.txt#3#12,何がいいかなぁ？,喝什么好呢？,translated,依恩,2fc87b6a7c,br=0 nl=0,1,
inc/event/res/chatevent01/food_catec_pr03.txt#5#12,炭酸ジュース,碳酸汽水,translated,,f6f5374806,br=0 nl=0,1,
inc/event/res/chatevent01/food_catec_pr03.txt#6#12,フルーツジュース,水果果汁,translated,,ade63cd6b2,br=0 nl=0,1,
inc/event/res/chatevent01/food_catec_pr03.txt#9#12,あ、意外と合うかもしれないね。,啊，意外地可能会很合拍呢。,translated,依恩,14cd588967,br=0 nl=0,1,
inc/event/res/chatevent01/food_catec_pr03.txt#10#12,"ジュースって言っても、甘いのじゃなくて
ドライな感じのが合うかも。","虽说是汽水，但比起偏甜的，
口感干冽清爽的说不定更搭。",translated,依恩,c34aab13f4,br=0 nl=1,2,
inc/event/res/chatevent01/food_catec_pr03.txt#14#12,"それなら、絞りたてのフレッシュなのが
良さそうだよね。","那样的话，现榨的新鲜果汁
感觉会很合适呢。",translated,依恩,d8b42123ad,br=0 nl=1,2,
inc/event/res/chatevent01/food_catec_pr03.txt#16#12,今度食べる時には、用意しておこうかな？,下次吃的时候，我要不要事先备好呢？,translated,依恩,e409cffcc6,br=0 nl=0,1,
inc/event/res/chatevent01/food_catec_pr04.txt#1#12,"一つ聞いてみてもいいかな？
お醤油ってしょっぱい方がいい？
それとも控えめの方がいいかな？","我能问你一个问题吗？
酱油是偏咸一点好呢？
还是口味淡一点比较好？",translated,依恩,6b01b70bf6,br=0 nl=2,3,
inc/event/res/chatevent01/food_catec_pr04.txt#2#12,"濃くて辛い方が、お醤油って感じが
するけど、控えめなのも悪くないよね。","虽然又浓又咸更像是地道的酱油，
但清淡一点的其实也不赖呢。",translated,依恩,b0505ebab3,br=0 nl=1,2,
inc/event/res/chatevent01/food_catec_pr04.txt#3#12,"健康のことを考えたら、
薄口にして塩分は控えた方がいいし……。","考虑到健康的话，
用淡口酱油控制盐分吸收会更好……",translated,依恩,46003669cb,br=0 nl=1,2,
inc/event/res/chatevent01/food_catec_pr04.txt#5#12,健康のための塩分控えめ,为了健康少放点盐,translated,,3e803db0f6,br=0 nl=0,1,
inc/event/res/chatevent01/food_catec_pr04.txt#6#12,醤油は濃い方がいい,酱油还是浓郁点好,translated,,78fa4a216e,br=0 nl=0,1,
inc/event/res/chatevent01/food_catec_pr04.txt#9#12,そ、そうだよね。,说的、也是呢。,translated,依恩,f6f5755408,br=0 nl=0,1,
inc/event/res/chatevent01/food_catec_pr04.txt#10#12,"塩分の取りすぎは体に悪いっていうし、
わたしも気をつけなきゃ……。","听说摄入太多盐分对身体不好，
我也必须多加注意才行呢……",translated,依恩,efb6a33552,br=0 nl=1,2,
inc/event/res/chatevent01/food_catec_pr04.txt#14#12,あなたは濃い方が好きなんだ。,原来你喜欢浓郁一点的呀。,translated,依恩,5811b0ea75,br=0 nl=0,1,
inc/event/res/chatevent01/food_catec_pr04.txt#15#12,"けど、たしかにそうだよね。
濃くないとお醤油って感じがしないもん。","不过确实也是呢。
要是不够浓，就完全没有酱油的感觉嘛。",translated,依恩,d67989d1bb,br=0 nl=1,2,
inc/event/res/chatevent01/food_cated01.txt#3#12,"やっぱり食べ物は、味がしっかりしてる方が
美味しいよね。","食物果然还是味道浓郁分明
才更美味对吧。",translated,依恩,dd285a35b8,br=0 nl=1,2,
inc/event/res/chatevent01/food_cated01.txt#4#12,"味が薄いと、何を食べてるのか
よくわからないもん。","味道太寡淡的话，
甚至都搞不清自己在吃些什么嘛。",translated,依恩,f85369b8d9,br=0 nl=1,2,
inc/event/res/chatevent01/food_cated01.txt#5#12,"体にはあまりよくない、っていうのは
わかるけど、嫌いになれないよ。","虽然我知道对身体不太好，
但我就是讨厌不起来呢。",translated,依恩,d59409fbab,br=0 nl=1,2,
inc/event/res/chatevent01/food_cated01.txt#7#12,"こってりした料理って、
お腹いっぱいになるまで
食べたくなっちゃうよね？","浓油赤酱的丰盛大餐，
总让人忍不住想吃到撑对吧？",translated,依恩,9d61a18cd7,br=0 nl=2,3,
inc/event/res/chatevent01/food_cated01.txt#8#12,"おかげで、しばらくすると胃がもたれて、
いつも気持ち悪くなっちゃうの……。","结果过了一阵子胃里就消化不良，
总会难受得要命……",translated,依恩,06f222ecd4,br=0 nl=1,2,
inc/event/res/chatevent01/food_cated01.txt#9#12,"そうとわかってるのに、こってり料理の
誘惑には勝てないんだよね。","明明知道会这样，
却还是敌不过浓郁料理的诱惑呢。",translated,依恩,b70a21845c,br=0 nl=1,2,
inc/event/res/chatevent01/food_cated01.txt#11#12,"こってりした食べ物って、食べ終わった後は
顔を拭くのを忘れちゃダメだよ。","吃完油腻浓郁的食物之后，
可千万别忘了擦擦嘴和脸哦。",translated,依恩,ed670d5bea,br=0 nl=1,2,
inc/event/res/chatevent01/food_cated01.txt#12#12,"意外とテカテカになっちゃうの……。
気づかないでそのままでいると、
恥ずかしいよ。","脸上意外地会变得油光发亮呢……
要是没注意到就那样待着，
可是会很丢脸的哦。",translated,依恩,888c65d7af,br=0 nl=2,3,
inc/event/res/chatevent01/food_cated01.txt#14#12,"う～ん……ちょっと、
食べ過ぎちゃってるかなぁ？","嗯～……是不是
稍微有点吃太多了呀？",translated,依恩,e62945bebd,br=0 nl=1,2,
inc/event/res/chatevent01/food_cated01.txt#15#12,"おいしいけど、こってり系の食べ物は
あまり食べないように気を付けないと。","虽然好吃，但油腻厚重的食物
还是要注意少吃一点呢。",translated,依恩,9737321653,br=0 nl=1,2,
inc/event/res/chatevent01/food_cated01.txt#16#12,……わたしだって、体型には気を使うもん。,……我也是会注意身材体型的嘛。,translated,依恩,b3ee45e61f,br=0 nl=0,1,
inc/event/res/chatevent01/food_cated01.txt#18#12,"味はこってりしてるけど、
太りにくい料理があればいいのに……。","要是能有味道浓郁油润、
吃完却又不容易发胖的料理就好了……",translated,依恩,23effa0d3b,br=0 nl=1,2,
inc/event/res/chatevent01/food_cated01.txt#19#12,"……こってり料理好きな人なら、
きっと一度は思うはずだよ。","……喜欢重口油润美食的人，
肯定都至少幻想过一次吧。",translated,依恩,ebd8f4f7a6,br=0 nl=1,2,
inc/event/res/chatevent01/food_cated02.txt#3#12,"さっぱりした料理って、
気づいたら結構食べてることってない？","清爽清淡的菜肴，
是不是经常一不留神就吃了很多？",translated,依恩,debe791af4,br=0 nl=1,2,
inc/event/res/chatevent01/food_cated02.txt#4#12,"すいすい口に運べちゃうから、気が付いたら
二人分くらい食べちゃってた、とか。","因为很顺口很容易下咽，一回过神来
甚至都干掉了两人份之类的。",translated,依恩,29b728aab9,br=0 nl=1,2,
inc/event/res/chatevent01/food_cated02.txt#5#12,"問題なのは、それでもあまり満腹になったと
感じられないことだよね。","问题在于，哪怕吃了那么多，
却还是觉得没怎么吃饱对吧。",translated,依恩,27d5280725,br=0 nl=1,2,
inc/event/res/chatevent01/food_cated02.txt#7#12,"さっぱりした料理って、
基本的に冷たいものが多いよね？","清爽清口的料理，
基本上好像冷盘凉菜偏多对吧？",translated,依恩,a19c0463e8,br=0 nl=1,2,
inc/event/res/chatevent01/food_cated02.txt#8#12,"美味しいけど、寒い日に食べるのは
ちょっとキツいかも……。","虽然很好吃，但在寒冷的日子里吃
稍微有点顶不住呢……",translated,依恩,993887ec5c,br=0 nl=1,2,
inc/event/res/chatevent01/food_cated02.txt#9#12,"温かくてさっぱりしてる食べ物って、
どんなものがあるかな？","又温热又爽口的食物，
一般都会有些什么呢？",translated,依恩,2d56e93e4f,br=0 nl=1,2,
inc/event/res/chatevent01/food_cated02.txt#11#12,"脂っこい物とかでも、柑橘系の果物の汁を
かけると、すごくさっぱりした味になるよね。","哪怕是油腻的菜，淋上柑橘类果汁后，
味道也会变得特别清爽呢。",translated,依恩,1b30319fc6,br=0 nl=1,2,
inc/event/res/chatevent01/food_cated02.txt#12#12,"今のわたしってさっぱりに凝ってるから、
食事のときは必需品だよ。","现在的我对清爽口感很痴迷，
吃饭的时候这可是必需品哦。",translated,依恩,51ea2fecd3,br=0 nl=1,2,
inc/event/res/chatevent01/food_cated02.txt#14#12,"さっぱりした料理って、
水っぽい料理が多いのが困るの。","清爽的菜肴水分偏多的居多，
这点真让人头疼呢。",translated,依恩,db83a992ad,br=0 nl=1,2,
inc/event/res/chatevent01/food_cated02.txt#15#12,食べた後、体が冷えて寒くなっちゃうし。,吃完之后，身子都会发冷变凉。,translated,依恩,10c55e1c45,br=0 nl=0,1,
inc/event/res/chatevent01/food_cated02.txt#16#12,あれだけは慣れそうにないよ……。,唯独那一点我是怎么也习惯不了呢……,translated,依恩,398154892a,br=0 nl=0,1,
inc/event/res/chatevent01/food_cated02.txt#18#12,"食欲がないからって、さっぱりした物ばかり
食べるのは体に悪いらしいね。","据说哪怕没胃口，要是只吃清淡的东西，
对身体也是非常不好的呢。",translated,依恩,6c95d5b9b2,br=0 nl=1,2,
inc/event/res/chatevent01/food_cated02.txt#19#12,"いくら凝ってるとは言っても、
偏り過ぎないように気を付けよっと。","虽说再怎么迷恋，
也必须注意不能太偏食才行呢。",translated,依恩,33c50c5202,br=0 nl=1,2,
inc/event/res/chatevent01/food_cated_pr01.txt#1#12,"ねえねえ、サラダの美味しい食べ方って、
どんなのがあるかな？",我说我说，沙拉有什么好吃的吃法呀？,translated,依恩,7bfb555809,br=0 nl=1,2,
inc/event/res/chatevent01/food_cated_pr01.txt#2#12,"ドレッシングをかけたり、
お醤油を少しかけたり、
人によって、色んな食べ方があるでしょ？","浇上沙拉酱，或者淋一点点酱油，
不同的人有各种各样的吃法对吧？",translated,依恩,2534d9c34c,br=0 nl=2,3,
inc/event/res/chatevent01/food_cated_pr01.txt#3#12,"あなたはどんな風に食べるのが
一番おいしいと思う？",你觉得怎么吃才是最美味的呢？,translated,依恩,234992a085,br=0 nl=1,2,
inc/event/res/chatevent01/food_cated_pr01.txt#5#12,サッと塩を振る,撒上一层薄盐,translated,,f7853e1573,br=0 nl=0,1,
inc/event/res/chatevent01/food_cated_pr01.txt#6#12,マヨネーズたっぷり,挤上满满的蛋黄酱,translated,,a6174d9570,br=0 nl=0,1,
inc/event/res/chatevent01/food_cated_pr01.txt#9#12,"それならドレッシングと違って、
野菜そのものの味を感じられそうだね。","那样的话跟沙拉酱不同，
感觉能充分品尝到蔬菜原本的鲜甜呢。",translated,依恩,f5afd9114b,br=0 nl=1,2,
inc/event/res/chatevent01/food_cated_pr01.txt#13#12,うわっ、何だか凄くこってりしてそう……。,哇，总觉得会变得超级浓郁厚重……,translated,依恩,b5ec95907f,br=0 nl=0,1,
inc/event/res/chatevent01/food_cated_pr01.txt#14#12,"でも、マヨネーズだったら外れは
ないかも……。","不过要是蛋黄酱的话，
肯定不会踩雷呢……",translated,依恩,cb1d45b5c8,br=0 nl=1,2,
inc/event/res/chatevent01/food_cated_pr01.txt#15#12,"どんなサラダでも
おいしく食べられそうだよね。","感觉不管什么沙拉
都能美味地吃下去呢。",translated,依恩,dbf1b4bd98,br=0 nl=1,2,
inc/event/res/chatevent01/food_cated_pr02.txt#1#12,"ねぇねぇ、恋人同士があ～ん、ってやって
食べさせてもらうのあるでしょ？","我说我说，情侣之间不是会有那种
“啊――嗯”互相喂饭的举动吗？",translated,依恩,31ff606ec5,br=0 nl=1,2,
inc/event/res/chatevent01/food_cated_pr02.txt#2#12,"なんというか、その……
あなたも、あぁいうことしてみたいのかな？","怎么说呢，那个……
你也想尝试一下那种事吗？",translated,依恩,1f82652808,br=0 nl=1,2,
inc/event/res/chatevent01/food_cated_pr02.txt#4#12,お行儀が悪い,太不合规矩了,translated,,797ffb37f0,br=0 nl=0,1,
inc/event/res/chatevent01/food_cated_pr02.txt#5#12,イオンにしてあげたい,想喂给依恩吃,translated,,3d4803e7fc,br=0 nl=0,1,
inc/event/res/chatevent01/food_cated_pr02.txt#8#12,むー、確かにそれはそうだけど……。,唔……虽然确实是那样啦……,translated,依恩,5f2ab88de1,br=0 nl=0,1,
inc/event/res/chatevent01/food_cated_pr02.txt#9#12,もぉ……。,真是的……,translated,依恩,759a9daf6c,br=0 nl=0,1,
inc/event/res/chatevent01/food_cated_pr02.txt#13#12,"えへへ……。
わたしも、あなたにしてあげたいな。","嘿嘿……
其实我也想喂给你吃呢。",translated,依恩,b12b5c15d2,br=0 nl=1,2,
inc/event/res/chatevent01/food_cated_pr02.txt#14#12,"な、なんてねっ！
もぉ、恥ずかしくて料理の味がわかんなく
なっちゃいそうだよ。","开、开玩笑的啦！
真是的，羞得我连菜的味道
都要尝不出来了啦。",translated,依恩,3076f36cd3,br=0 nl=2,3,
inc/event/res/chatevent01/food_cated_pr03.txt#1#12,"そういえば、忙しくて食事の時間すら
惜しい時ってあるよね？","说起来，有时忙碌到连吃饭的时间
都觉得舍不得对吧？",translated,依恩,653d252633,br=0 nl=1,2,
inc/event/res/chatevent01/food_cated_pr03.txt#2#12,"そういう時に食べる料理は、
どんなものがいいんだろう？","那种时候吃的料理，
选什么样的比较好呢？",translated,依恩,d654d72750,br=0 nl=1,2,
inc/event/res/chatevent01/food_cated_pr03.txt#4#12,こってりしたものを少量,少量高热量浓郁食物,translated,,030d75ae72,br=0 nl=0,1,
inc/event/res/chatevent01/food_cated_pr03.txt#5#12,さっぱりした物を多めに,偏清淡爽口且分量多,translated,,a332b4c11c,br=0 nl=0,1,
inc/event/res/chatevent01/food_cated_pr03.txt#8#12,"なるほど。こってりしたものだったら、
少しでも満足できそうだね。","原来如此。油润浓郁的食物，
就算只有一点点也能让人很满足呢。",translated,依恩,0838104105,br=0 nl=1,2,
inc/event/res/chatevent01/food_cated_pr03.txt#9#12,"それに、腹持ちのいいものが多いし、
ちょっとでも頑張れそう。","而且大多很顶饱耐饿，
哪怕吃得少也能继续坚持加油呢。",translated,依恩,71a2754846,br=0 nl=1,2,
inc/event/res/chatevent01/food_cated_pr03.txt#10#12,"……でも、こういうのって量が多かったり
するから、気をつけなきゃ……。","……不过这种东西往往分量都给得很足，
得注意一点才行呢……",translated,依恩,9c3b626655,br=0 nl=1,2,
inc/event/res/chatevent01/food_cated_pr03.txt#14#12,"なるほど、さっぱりした食べ物だったら
すいすい食べれるよね。","原来如此，清爽的食物
确实能很快吃完呢。",translated,依恩,e9e4d7cacd,br=0 nl=1,2,
inc/event/res/chatevent01/food_cated_pr03.txt#15#12,"時間に追われたときのことを考えて、
そういう食材を用意しておこうかなぁ？","考虑到赶时间的情况，
要不备好这类食材吧？",translated,依恩,d32e27af9a,br=0 nl=1,2,
inc/event/res/chatevent01/food_cated_pr04.txt#1#12,"そういえば、疲れた時って特定の味の物を
食べたくなる、って言うよね？","说起来，听说人在疲劳的时候，
总会特别想吃某种特定味道的东西对吧？",translated,依恩,9f66c834a4,br=0 nl=1,2,
inc/event/res/chatevent01/food_cated_pr04.txt#2#12,"ほとんどの人は食欲がなくなって、
さっぱりしたものを食べたくなる
らしいけど。","大多数人似乎都会食欲不振，
变得只想吃清淡爽口的东西。",translated,依恩,a36ef45bcb,br=0 nl=2,3,
inc/event/res/chatevent01/food_cated_pr04.txt#3#12,あなたもやっぱりそうかな？,你也是这样的吗？,translated,依恩,61526140db,br=0 nl=0,1,
inc/event/res/chatevent01/food_cated_pr04.txt#5#12,疲れてる時こそ、こってり,疲惫时更要吃油润大餐,translated,,7a024947ed,br=0 nl=0,1,
inc/event/res/chatevent01/food_cated_pr04.txt#6#12,さっぱりした物しか食べられない,只能吃得下清爽的东西,translated,,6809638e08,br=0 nl=0,1,
inc/event/res/chatevent01/food_cated_pr04.txt#9#12,"疲れてる時こそ、しっかり食べたい
タイプの人なんだね。","原来你是越疲倦越要好好大补一顿
的那种类型呢。",translated,依恩,c4142a97ec,br=0 nl=1,2,
inc/event/res/chatevent01/food_cated_pr04.txt#10#12,"健康的で羨ましいよ。
わたしも、あなたみたいになりたいな。","真是健康又让人羡慕呀。
我也想变得像你一样呢。",translated,依恩,9aa918b9ca,br=0 nl=1,2,
inc/event/res/chatevent01/food_cated_pr04.txt#14#12,"うん、やっぱり疲れて食欲のない時は、
さっぱりした物に限るよね。","嗯，果然在疲劳没胃口的时候，
还是清爽的食物最合适了。",translated,依恩,d801834a7f,br=0 nl=1,2,
inc/event/res/chatevent01/food_cated_pr04.txt#15#12,"わたしも、そういうものじゃないと
喉を通る気がしないもん。","我也是，如果不清淡爽口
根本就难以下咽嘛。",translated,依恩,7d7d62bc81,br=0 nl=1,2,
inc/event/res/chatevent01/fruit001.txt#5#12,"一口サイズの果物って、
ついつい食べちゃうよね。","一口一个的小水果，
总让人忍不住一直吃下去呢。",translated,依恩,520798b7cb,br=0 nl=1,2,
inc/event/res/chatevent01/fruit001.txt#6#12,んー、甘くておいしいよ♪,嗯～甜甜的好好吃哦♪,translated,依恩,24a13bfa33,br=0 nl=0,1,
inc/event/res/chatevent01/fruit001.txt#7#12,"食べるものが無い時には
手軽に食べれるから最高だね。","没东西吃的时候
能随手抓来吃，真是太棒了呢。",translated,依恩,a124a26157,br=0 nl=1,2,
inc/event/res/chatevent01/fruit001.txt#8#12,"でも、食べ過ぎないように
注意しないとね。","不过，必须得注意
不能吃太多才行呢。",translated,依恩,d0dbcbacbd,br=0 nl=1,2,
inc/event/res/chatevent01/fruit001.txt#10#12,今日はテロルの実を食べてるんだよ。,今天我吃了特罗尔果哦。,translated,依恩,10df3a4caf,br=0 nl=0,1,
inc/event/res/chatevent01/fruit001.txt#11#12,"これって、ちょっとお腹が減った時には
ちょうどいいんだもん。","这个在稍微有点饿的时候吃，
正合适不过了嘛。",translated,依恩,a24dfc1a25,br=0 nl=1,2,
inc/event/res/chatevent01/fruit001.txt#12#12,"この甘酸っぱさ……んー、
もっと食べたくなるよ。","这种酸酸甜甜的滋味……嗯～
让人越吃越想吃呢。",translated,依恩,5f5fa11d52,br=0 nl=1,2,
inc/event/res/chatevent01/fruit001.txt#13#12,"この小さい種のプチプチ感が、
ちょっぴりお気に入りなんだぁ。","里面细小种子一粒粒爆开的口感，
我稍微有点中意呢。",translated,依恩,dbe1bee557,br=0 nl=1,2,
inc/event/res/chatevent01/fruit001.txt#15#12,"テロルの実に何かかけたら
なんだか信じられないぐらい
おいしいものが出来る気がするの。","要是在特罗尔果上浇点什么，
总觉得能做出让人难以置信的美味呢。",translated,依恩,466f09de04,br=0 nl=2,3,
inc/event/res/chatevent01/fruit001.txt#16#12,何だろう……甘いシロップとか、かな？,浇什么好呢……甜糖浆之类的吗？,translated,依恩,84819b92fa,br=0 nl=0,1,
inc/event/res/chatevent01/fruit001.txt#17#12,"うわぁ、考えたら食べたくなって
きちゃったよぉ。","哇，光是想想
我都变得嘴馋起来了啦。",translated,依恩,348f5ed1e9,br=0 nl=1,2,
inc/event/res/chatevent01/fruit001.txt#18#12,"今度、そういう食べ方も試してみたいな。
絶対おいしいと思うよ。","下次真想尝试一下那种吃法呢。
我想肯定超级好吃的哦。",translated,依恩,aeadd4142a,br=0 nl=1,2,
inc/event/res/chatevent01/fruit002.txt#5#12,"ユンクの実って、
食べた時に果汁が飛び出て、美味しいよね。","尤恩克之果吃的时候果汁迸裂爆出，
真的超级美味对吧。",translated,依恩,f09cdb3c93,br=0 nl=1,2,
inc/event/res/chatevent01/fruit002.txt#6#12,"甘いのと酸っぱいの、
食べようとしているのは
どっちなのか期待しながら口に入れるの。","满怀期待地放进嘴里，
不知即将尝到的是甜味还是酸味。",translated,依恩,c3605fade7,br=0 nl=2,3,
inc/event/res/chatevent01/fruit002.txt#7#12,"それで甘かったらすっごく幸せだよ。
酸っぱい時は、もう一回チャレンジだね。","要是甜的话就会超级幸福哦。
如果是酸的，那就再挑战一颗呢。",translated,依恩,d45e84d583,br=0 nl=1,2,
inc/event/res/chatevent01/fruit002.txt#8#12,甘いのが出るまで食べるのです。,一直吃到出现甜的为止。,translated,依恩,ecf60f8952,br=0 nl=0,1,
inc/event/res/chatevent01/fruit002.txt#10#12,"ユンクの実って栄養価も高いから
体に良いんだって。","听说尤恩克之果营养价值很高，
对身体非常有好处呢。",translated,依恩,6cb88d73f0,br=0 nl=1,2,
inc/event/res/chatevent01/fruit002.txt#11#12,"グルメイトとは違う栄養だから、
たまにはユンクの実も食べないとね。","因为是跟美食伴侣不同的营养成分，
偶尔也得吃吃尤恩克之果才行呢。",translated,依恩,1fe4c8383f,br=0 nl=1,2,
inc/event/res/chatevent01/fruit002.txt#12#12,"んん……たまに食べると
何か止まらなくなっちゃうよ。","嗯……偶尔吃一次，
不知不觉就停不下来了呢。",translated,依恩,f9f8270ac9,br=0 nl=1,2,
inc/event/res/chatevent01/fruit002.txt#13#12,えへへ、甘くておいしい♪,嘿嘿，甜甜的真好吃♪,translated,依恩,adcd2efb4e,br=0 nl=0,1,
inc/event/res/chatevent01/fruit002.txt#15#12,"ユンクの実って、
いろいろ活用できそうなの。",尤恩克之果感觉能有各种各样的妙用呢。,translated,依恩,13de382626,br=0 nl=1,2,
inc/event/res/chatevent01/fruit002.txt#16#12,"普通に食べても良いし、
潰してジュースにしても良いし、
サラダやデザートにもなるよ。","直接吃固然好，
榨汁喝也可以，还能做成沙拉或甜点。",translated,依恩,20115dc7a1,br=0 nl=2,3,
inc/event/res/chatevent01/fruit002.txt#17#12,ユンクの実の可能性は無限大だね。,尤恩克之果的可能性真是无限大呢。,translated,依恩,d65ba5aa84,br=0 nl=0,1,
inc/event/res/chatevent01/fruit002.txt#18#12,"今日は普通に食べるけど、
機会があったらいろいろ挑戦してみるよ。","今天虽然只是寻常吃吃，
但有机会的话我要做各种尝试哦。",translated,依恩,ffb7187322,br=0 nl=1,2,
inc/event/res/chatevent01/fruit003.txt#5#12,"モロッカの実って、
歯ごたえがあってすごく好きなんだぁ。","莫洛卡之果很有嚼劲，
我真的非常喜欢呢。",translated,依恩,d99acb6519,br=0 nl=1,2,
inc/event/res/chatevent01/fruit003.txt#6#12,"シャクシャクしてると、
じゅわぁって甘い果汁が出てきて
自然と笑顔になるんだよ。","嘎吱嘎吱咬着的时候，
香甜的汁水就会滋啦溢出来，
让人自然而然露出笑容呢。",translated,依恩,4535ee30ee,br=0 nl=2,3,
inc/event/res/chatevent01/fruit003.txt#7#12,"皮ごと食べれるし、
しかもお腹いっぱいになるしね。","连皮都可以直接吃掉，
而且也很顶饱呢。",translated,依恩,e5683204d5,br=0 nl=1,2,
inc/event/res/chatevent01/fruit003.txt#8#12,"食べるものが無い時でも、
モロッカの実さえあれば安心だね。","哪怕没东西吃的时候，
只要有莫洛卡之果就能安心了呢。",translated,依恩,5edcf9b8c3,br=0 nl=1,2,
inc/event/res/chatevent01/fruit003.txt#10#12,"んー、今日もシャクシャクしてて
おいしいよー。","嗯～今天咬起来也是嘎吱作响，
超级好吃哦～。",translated,依恩,9e21d90a43,br=0 nl=1,2,
inc/event/res/chatevent01/fruit003.txt#11#12,"口の中もさっぱりするし
モロッカの実は良い果物だね。","嘴里也会变得非常清爽，
莫洛卡之果真是好水果呢。",translated,依恩,ecf633324f,br=0 nl=1,2,
inc/event/res/chatevent01/fruit003.txt#12#12,今度、はちみつとか付けてみようかな？,下次，要不沾点蜂蜜吃吃看？,translated,依恩,d3f6e5a5c4,br=0 nl=0,1,
inc/event/res/chatevent01/fruit003.txt#13#12,うん、何か良い感じの料理ができそうだね。,嗯，感觉能做成很棒的料理呢。,translated,依恩,338252a01a,br=0 nl=0,1,
inc/event/res/chatevent01/fruit003.txt#15#12,モロッカの実って、煮込んでも良いかも。,莫洛卡之果用来炖煮感觉也不错。,translated,依恩,7c3da8281a,br=0 nl=0,1,
inc/event/res/chatevent01/fruit003.txt#16#12,"ジャムにしたり、パンに入れて
焼いたりするのも美味しいかな。","做成果酱，或者揉进面包里
烤着吃应该也很好吃吧。",translated,依恩,fed0dcb3fb,br=0 nl=1,2,
inc/event/res/chatevent01/fruit003.txt#17#12,"食べているだけで、いろいろなレシピが
浮かぶなんて、何か楽しくなるよ。","光是吃着就能浮现出各种各样的食谱，
总觉得好开心呢。",translated,依恩,fc4b22c9c2,br=0 nl=1,2,
inc/event/res/chatevent01/fruit003.txt#18#12,わたし、料理人に目覚めちゃったのかも♪,我搞不好觉醒了大厨的天赋呢♪,translated,依恩,fb40473560,br=0 nl=0,1,
inc/event/res/chatevent01/fruit004.txt#5#12,"小さい実を、１つ１つ食べるのって
ちょっと大変だけど楽しいよね。","把小小的果实一粒粒吃掉，
虽然有点费事但挺有意思的对吧。",translated,依恩,0913f5ae9f,br=0 nl=1,2,
inc/event/res/chatevent01/fruit004.txt#6#12,"この一気に食べれないのが
ミュジルの実の１つ１つを味わえる
秘訣だよ。","这种没法一口气吞下的特性，
正是能细细品味每一粒缪汁之果的秘诀哦。",translated,依恩,64db5451de,br=0 nl=2,3,
inc/event/res/chatevent01/fruit004.txt#7#12,"うん、おいしいね……
でも、お腹はあんまり膨れないかな。","嗯，真好吃呢……
不过肚子好像没怎么吃饱就是了。",translated,依恩,68e4873e09,br=0 nl=1,2,
inc/event/res/chatevent01/fruit004.txt#8#12,まあ、たまにはこういう食事も良いよね。,算了，偶尔吃吃这种也挺好的嘛。,translated,依恩,5ebd2962e6,br=0 nl=0,1,
inc/event/res/chatevent01/fruit004.txt#10#12,"わたしが食べてるミュジルの実は
小さいものなんだけど、
すごく大きいミュジルの実もあるんだって。","虽然我吃的这种缪汁之果很小一颗，
但听说还有非常巨大的缪汁之果哦。",translated,依恩,f9e8b77787,br=0 nl=2,3,
inc/event/res/chatevent01/fruit004.txt#11#12,"そんな大きいミュジルの実があるなら
いつか食べてみたいよ……。","要是有那么巨大的缪汁之果，
真想哪天能尝一尝呀……",translated,依恩,0a2f010f7e,br=0 nl=1,2,
inc/event/res/chatevent01/fruit004.txt#12#12,"このちょびっと感じる甘さの
何倍もすごい甘さが味わえるんだもん。","毕竟能尝到比这一星半点的甜味
还要浓郁好几倍的甜美滋味嘛。",translated,依恩,a5824b436e,br=0 nl=1,2,
inc/event/res/chatevent01/fruit004.txt#13#12,ああ、食べてみたいなぁ……。,啊啊，真想尝尝看啊……,translated,依恩,59c2bcaf88,br=0 nl=0,1,
inc/event/res/chatevent01/fruit004.txt#15#12,"ミュジルの実は、ケーキとかパンに
混ぜたらおいしそうかな。","缪汁之果如果揉进蛋糕或者面包里，
感觉会很美味呢。",translated,依恩,bc2b87f618,br=0 nl=1,2,
inc/event/res/chatevent01/fruit004.txt#16#12,クッキーなんかにも良いね。,做成曲奇饼干也挺不错的。,translated,依恩,d0782bf385,br=0 nl=0,1,
inc/event/res/chatevent01/fruit004.txt#17#12,"こうやって普通に食べるのもいいけど、
どうせなら何か作ってみたいよ。","像这样直接吃虽然好，
但难得有材料，我也想做点什么呢。",translated,依恩,b1e23b8f6c,br=0 nl=1,2,
inc/event/res/chatevent01/fruit004.txt#18#12,今度、何か作ってみよっと。,下次，我试着做点什么吧。,translated,依恩,79cbac5a54,br=0 nl=0,1,
inc/event/res/chatevent01/item_bread005.txt#5#12,あっ、ドレッシングが垂れてきちゃった。,啊，沙拉汁滴下来了。,translated,依恩,7e0a0df325,br=0 nl=0,1,
inc/event/res/chatevent01/item_bread005.txt#6#12,"ドレッシングを挟む量が、
少し多かったのかな？","是不是夹在里面的沙拉汁
倒得稍微有点多了呢？",translated,依恩,ced88f8420,br=0 nl=1,2,
inc/event/res/chatevent01/item_bread005.txt#7#12,"これで味が変わったりとかはしないけど、
ちょっと寂しい気持ちになるよね？","虽然味道不会因此改变，
但多少会让人觉得有点可惜对吧？",translated,依恩,71cb58209d,br=0 nl=1,2,
inc/event/res/chatevent01/item_bread005.txt#9#12,"これって美味しいけど、四季の野菜を
たっぷり挟んであるから、食べる時に
どうしてもこぼれちゃうの……。","这个虽然很好吃，但因为夹了满满的
四季时蔬，吃的时候无论如何都会掉出来……",translated,依恩,ca48d3f285,br=0 nl=2,3,
inc/event/res/chatevent01/item_bread005.txt#10#12,"やっぱり、普通のサンドイッチの大きさに
したのは間違いだったかな？","把它做成普通三明治的大小，
果然是个失误吗？",translated,依恩,b1f1161b6b,br=0 nl=1,2,
inc/event/res/chatevent01/item_bread005.txt#11#12,"一口サイズの大きさにして、
爪楊枝を真ん中に刺した方が食べやすい
かもしれないね。","做成一口大小，中间插上牙签，
感觉吃起来会更方便呢。",translated,依恩,f199ceb7af,br=0 nl=2,3,
inc/event/res/chatevent01/item_bread005.txt#13#12,"野菜を使ったサンドイッチは、
なるべく早く食べた方が良いよね。","用蔬菜做的三明治，
最好趁早吃掉比较好呢。",translated,依恩,34a1fec28a,br=0 nl=1,2,
inc/event/res/chatevent01/item_bread005.txt#14#12,"そうじゃないと、この噛んだ時の
シャキッて音がしなくなっちゃうもん。","要不然的话，咬下去时爽脆的声响
可就听不到了嘛。",translated,依恩,d21ec5611b,br=0 nl=1,2,
inc/event/res/chatevent01/item_bread005.txt#15#12,"それが無いと、何となく損した気持ちに
なっちゃうのって、わたしだけかな？","要是没有那声脆响，就会觉得有点亏了，
难道只有我这么觉得吗？",translated,依恩,ed0d3898ee,br=0 nl=1,2,
inc/event/res/chatevent01/item_bread006.txt#5#12,"ん～っ、すごくジューシーなお肉が
二枚もあるから、口に入れた瞬間に
肉汁が溢れちゃいそうになるよ！","嗯～足足有两块鲜嫩多汁的厚肉，
放进嘴里的瞬间肉汁都要满溢出来了！",translated,依恩,693053f818,br=0 nl=2,3,
inc/event/res/chatevent01/item_bread006.txt#6#12,ただ……ちょっと、パンが邪魔かも。,只是……面包稍微有点碍事呢。,translated,依恩,d335fee306,br=0 nl=0,1,
inc/event/res/chatevent01/item_bread006.txt#7#12,"やっぱり、お肉でパンを挟むのは
失敗だったかな？","果然用肉来夹面包
还是做失败了吗？",translated,依恩,d678314001,br=0 nl=1,2,
inc/event/res/chatevent01/item_bread006.txt#9#12,"わぁ、固いパンを使ってたのに、
お肉の肉汁と脂で柔らかくなってる！","哇，明明用了很硬的面包，
却被肉汁和油脂浸润得变软了！",translated,依恩,7b9f68d06b,br=0 nl=1,2,
inc/event/res/chatevent01/item_bread006.txt#10#12,"まるでふわふわしたお肉を食べてるような
気持ちになるよ。",感觉简直就像在吃软绵绵的嫩肉一样呢。,translated,依恩,63bccf98a6,br=0 nl=1,2,
inc/event/res/chatevent01/item_bread006.txt#11#12,"でも……これなら別のお肉を
挟んだ方が良かったんじゃないかな？","不过……照这样看，
夹另外的肉说不定更好吧？",translated,依恩,9ddb34a19a,br=0 nl=1,2,
inc/event/res/chatevent01/item_bread006.txt#13#12,"なんだか、ハンバーガーっていうより、
普通のハンバーグを食べてるような
気持ちになってくるよ。","总觉得与其说是在吃汉堡，
倒更像是在吃普通的汉堡肉排呢。",translated,依恩,a8beeebc06,br=0 nl=2,3,
inc/event/res/chatevent01/item_bread006.txt#14#12,"不味くはないんだよ？
すごく美味しいんだけど……。","并不是不好吃哦？
明明超级美味的……",translated,依恩,0040b4d297,br=0 nl=1,2,
inc/event/res/chatevent01/item_bread006.txt#15#12,"やっぱり、パンの存在意義が
わからなくて……。","但果然还是搞不懂
这块面包存在的意义……",translated,依恩,1d9c8acb18,br=0 nl=1,2,
inc/event/res/chatevent01/item_bread007.txt#4#12,"文句なしに美味しいとは思うけど……
やっぱりこれ、一人で食べるものじゃ
なかったね？","虽然无可挑剔地美味……
但这东西果然不是一个人吃的对吧？",translated,依恩,c24b1f9b07,br=0 nl=2,3,
inc/event/res/chatevent01/item_bread007.txt#5#12,"大きさからしても、何人かでわいわい
話しながら食べる物だと思うし……。","光看分量也觉得，应该是好几个人
热热闹闹一边聊一边分着吃的嘛……",translated,依恩,eedd82b22e,br=0 nl=1,2,
inc/event/res/chatevent01/item_bread007.txt#6#12,"一人で黙々と食べてると、
段々寂しくなってくるよ。","一个人默默啃着，
渐渐就会感到寂寞起来了呢。",translated,依恩,9aabe774f6,br=0 nl=1,2,
inc/event/res/chatevent01/item_bread008.txt#4#12,"……やっぱり、こういうパンを作る時に、
自分の顔を使うのはやめた方が良いね？","……果然做这种面包的时候，
还是不要用自己的脸当图案比较好呢？",translated,依恩,4ca879972e,br=0 nl=1,2,
inc/event/res/chatevent01/item_bread008.txt#5#12,"少しずつ欠けてく自分の顔を見てると、
食欲がなくなりそうだもん。","看着自己残缺掉的脸蛋，
感觉食欲都要被吓没了嘛。",translated,依恩,b21e5e5def,br=0 nl=1,2,
inc/event/res/chatevent01/item_bread008.txt#6#12,"……後頭部の方を見ながら食べれば、
まだマシかな？","……要是盯着后脑勺那边啃，
会不会稍微好一点呢？",translated,依恩,88bcc6d54d,br=0 nl=1,2,
inc/event/res/chatevent01/item_dish007.txt#5#12,うん、やっぱりおいしい。,嗯，果然很好吃。,translated,依恩,00bc8cca40,br=0 nl=0,1,
inc/event/res/chatevent01/item_dish007.txt#6#12,"焼き魚を食べてると、
白いご飯が食べたくなるね。","吃烤鱼的时候，
真想配上一碗热腾腾的白米饭呢。",translated,依恩,d29c1caa50,br=0 nl=1,2,
inc/event/res/chatevent01/item_dish007.txt#7#12,次作るときは用意しておこうかなぁ。,下次做的时候备好米饭吧。,translated,依恩,ee897f5edf,br=0 nl=0,1,
inc/event/res/chatevent01/item_dish007.txt#9#12,塩焼きの塩加減って意外と難しいよね。,盐烤的咸淡掌握意外地挺难对吧。,translated,依恩,0725292755,br=0 nl=0,1,
inc/event/res/chatevent01/item_dish007.txt#10#12,"付けすぎると辛くなっちゃうし、
足りないと味気ないし……。","抹多了会太咸，
抹少了又寡淡无味……",translated,依恩,0cf4052ba3,br=0 nl=1,2,
inc/event/res/chatevent01/item_dish007.txt#11#12,"よりおいしく食べるためにも、
経験あるのみ、かなぁ。","为了能吃得更美味，
看来只能靠积累经验了呢。",translated,依恩,404e1268fa,br=0 nl=1,2,
inc/event/res/chatevent01/item_dish007.txt#13#12,"サカタチウオって見た目に抵抗もあるし、
味もそんなにおいしくないけど、
絶滅しかけたことがあるんだって。","逆太刀鱼外观让人有点难以接受，
味道也算不上多好吃，
但据说以前差点濒临灭绝呢。",translated,依恩,082f00ea2e,br=0 nl=2,3,
inc/event/res/chatevent01/item_dish007.txt#14#12,"ねりこさんのお話だと、“この魚を見たら、
捕まえて食べないと不幸になる”って
噂があったらしいよ。","据妮莉库小姐说，过去曾有传闻称
“要是看见这种鱼，不抓来吃掉
就会遭遇不幸”呢。",translated,依恩,dc9239a181,br=0 nl=2,3,
inc/event/res/chatevent01/item_dish007.txt#15#12,"怖いのは見た目だけで、
普通のお魚なのに……。
なんかかわいそうだよね。","明明只有外表吓人，其实是普通的鱼……
总觉得有点可怜呢。",translated,依恩,feee110e24,br=0 nl=2,3,
inc/event/res/chatevent01/item_dish014.txt#5#12,"かぼちゃのほのかな甘みが、お米や野菜の
おいしさを引き立ててくれてるよ……。","南瓜淡淡的清甜，
更加衬托出了米饭和蔬菜的美味呢……",translated,依恩,1b53adda71,br=0 nl=1,2,
inc/event/res/chatevent01/item_dish014.txt#6#12,"かぼちゃの器にリゾットを入れるだけで、
こんなに味が違うなんて面白いね。","仅仅是把烩饭盛在南瓜盅里，
味道就会差这么多，真有意思呢。",translated,依恩,f497fa835c,br=0 nl=1,2,
inc/event/res/chatevent01/item_dish014.txt#7#12,もっといろんな器で試してみようかな……。,要不要用更多不同的容器尝试看看呢……,translated,依恩,cd6f7c1dba,br=0 nl=0,1,
inc/event/res/chatevent01/item_dish014.txt#9#12,"はぁ、かぼちゃをくり抜くのを
頑張っただけあっておいしいよぉ。","哈啊，费尽力气掏空南瓜的辛苦
真没白费，好好吃呀。",translated,依恩,2e50d90cba,br=0 nl=1,2,
inc/event/res/chatevent01/item_dish014.txt#10#12,"じっくり煮込んだから、
野菜の甘みがしっかりでてるし、
お米も舌の上でとろけるよ。","因为悉心慢炖，
蔬菜的甘甜充分释放出来，
米粒也在舌尖上化开了呢。",translated,依恩,141e8b77e2,br=0 nl=2,3,
inc/event/res/chatevent01/item_dish014.txt#11#12,"作るのがもっと簡単だったら、
しばらくはこれだけでいいかも……。","做法要是能更简单一点，
感觉一阵子天天吃这个都行呢……",translated,依恩,37e30c46c2,br=0 nl=1,2,
inc/event/res/chatevent01/item_dish014.txt#13#12,"かぼちゃのリゾットをもっと簡単に
作る方法ってないかなぁ……。","就没有什么能更轻松烹制
南瓜烩饭的诀窍吗……",translated,依恩,0e938dfe2f,br=0 nl=1,2,
inc/event/res/chatevent01/item_dish014.txt#14#12,"かぼちゃをくり抜くのが大変なだけだから、
そこだけなんとかすればいいんだけど……。","仅仅是因为掏空南瓜太费力了，
只要能把这点解决掉就好办了……",translated,依恩,59171335b3,br=0 nl=1,2,
inc/event/res/chatevent01/item_dish014.txt#15#12,"調理工程より何より、
かぼちゃの固さだけが問題だよね。
はぁ、こんなにおいしいのに……。","比起任何烹饪步骤，
南瓜的坚硬外壳才是最大的问题呢。
哈啊，明明这么好吃……",translated,依恩,3890efadd3,br=0 nl=2,3,
inc/event/res/chatevent01/item_dish016.txt#5#12,"んっ……な、何か、すごくそわそわした
気持ちになってきたような……。","嗯……总、总觉得，心情好像
开始变得超级坐立难安了……",translated,依恩,de621cd6d2,br=0 nl=1,2,
inc/event/res/chatevent01/item_dish016.txt#6#12,"今なら四十八時間耐久機械作りにも
挑戦できそうな気がするよ！","感觉现在的我，连四十八小时连续制作机械
都能挑战下来呢！",translated,依恩,511373e87c,br=0 nl=1,2,
inc/event/res/chatevent01/item_dish016.txt#7#12,……やっぱりこのゼリー、危険だね。,……这个果冻，果然太危险了呢。,translated,依恩,c5696818cd,br=0 nl=0,1,
inc/event/res/chatevent01/item_dish016.txt#9#12,"このゼリー、さっぱりした味で
すごく美味しいよ！","这个果冻口感清爽，
超级好吃的哦！",translated,依恩,9c530cc953,br=0 nl=1,2,
inc/event/res/chatevent01/item_dish016.txt#10#12,"食後のデザートとかに最適だと
思うけど……。",虽然觉得很适合当饭后甜点……,translated,依恩,00299d2621,br=0 nl=1,2,
inc/event/res/chatevent01/item_dish016.txt#11#12,"……アドレナリンを大量に分泌させる
効果が、一番の問題だね。","……但这大量分泌肾上腺素的效果，
才是最大的问题呢。",translated,依恩,7c75a76c85,br=0 nl=1,2,
inc/event/res/chatevent01/item_dish016.txt#13#12,"このゼリーって、軽く触れるだけで
崩れるくらい柔らかいの。","这个果冻软到只要轻轻一碰
就会碎掉的程度哦。",translated,依恩,f4312ebe9b,br=0 nl=1,2,
inc/event/res/chatevent01/item_dish016.txt#14#12,"だから飲み物感覚で簡単に食べることが
できるんだけど……。","所以像喝饮料一样很轻松就能吃下，
不过……",translated,依恩,2d5069248b,br=0 nl=1,2,
inc/event/res/chatevent01/item_dish016.txt#15#12,"やっぱり、ゼリーのプルプルした
感じがしないのは、ちょっと残念だね。","感受不到果冻Q弹软滑的质感，
果然还是稍微有点遗憾呢。",translated,依恩,c043cafbf7,br=0 nl=1,2,
inc/event/res/chatevent01/item_dish017.txt#5#12,はふはふっ！？,哈呼哈呼！？,translated,依恩,4bfdda6a44,br=0 nl=0,1,
inc/event/res/chatevent01/item_dish017.txt#6#12,"美味しいけど、火傷しないように
気をつけないとダメだね。","虽然美味，但必须小心
千万别烫伤了嘴呢。",translated,依恩,19bb103b0f,br=0 nl=1,2,
inc/event/res/chatevent01/item_dish018.txt#4#12,ん～っ、この絶妙な辛さが食欲をそそるよ！,嗯～这绝妙的辛辣太勾人食欲啦！,translated,依恩,7767c0b291,br=0 nl=0,1,
inc/event/res/chatevent01/item_dish018.txt#5#12,"舌にピリッとくる刺激が絶妙で、
もう一口、もう一口、って
お箸が進んじゃうの。","刺激舌尖的麻辣恰到好处，
让人一口接一口，筷子完全停不下来呢。",translated,依恩,f251edca9f,br=0 nl=2,3,
inc/event/res/chatevent01/item_dish018.txt#6#12,"大盛りにして食べたいけど……
やっぱり太っちゃうかな？","好想盛上特大份来吃，
不过……果然会发胖吧？",translated,依恩,a26fd8740e,br=0 nl=1,2,
inc/event/res/chatevent01/item_dish018.txt#7#12,"でも辛い物だし、基本太るような物も
入ってないから平気な気もするけど……。","不过终究是辣味菜肴，基本上也没放
容易发胖的食材，感觉应该没问题吧……",translated,依恩,9a14b9756b,br=0 nl=1,2,
inc/event/res/chatevent01/item_dish019.txt#4#12,"……お、お皿の中から、
すごい視線を感じるんだけど……。","……总、总觉得盘子里面，
传来了强烈的视线……",translated,依恩,71d8711c1e,br=0 nl=1,2,
inc/event/res/chatevent01/item_dish019.txt#5#12,"うう、ちょっと魚の目玉を
入れ過ぎちゃったかな？","呜呜，是不是鱼眼珠
放得稍微有点太多了呀？",translated,依恩,e1fe49f0d8,br=0 nl=1,2,
inc/event/res/chatevent01/item_dish019.txt#6#12,視線が気になって、中々手が進まないよ。,被视线盯得太在意，完全难以下筷啦。,translated,依恩,b0c75e4cd0,br=0 nl=0,1,
inc/event/res/chatevent01/item_lunch003.txt#5#12,"オーシャン定食って、
見た目も味もすごく豪華だよね。","海洋定食从卖相到味道
都超级豪华对吧。",translated,依恩,792523a8fd,br=0 nl=1,2,
inc/event/res/chatevent01/item_lunch003.txt#6#12,"お刺身も脂が乗ってておいしいし、
焼き魚もちょうどいい焼き加減で――","刺身肥美滑嫩，
烤鱼的火候也恰到好处――",translated,依恩,c4cf6dfbeb,br=0 nl=1,2,
inc/event/res/chatevent01/item_lunch003.txt#7#12,"自分で作っておきながら、
本当に食べちゃっていいのか
少し怖くなっちゃうよ。","明明是自己亲手做的，
却让人惶恐得甚至有点不敢下筷呢。",translated,依恩,af8eb92048,br=0 nl=2,3,
inc/event/res/chatevent01/item_lunch003.txt#9#12,"はぁ、このプリプリの焼き魚に
脂の乗ったお刺身……。","哈啊，这弹牙鲜嫩的烤鱼，
还有肥美多汁的刺身……",translated,依恩,94a347e7ca,br=0 nl=1,2,
inc/event/res/chatevent01/item_lunch003.txt#10#12,"ほどよい塩加減のイクラに
出汁の効いたお味噌汁……。","咸淡正好的鲑鱼籽，
加上用高汤精心熬制的味噌汤……。",translated,依恩,6303b56af4,br=0 nl=1,2,
inc/event/res/chatevent01/item_lunch003.txt#11#12,まさにお魚のフルコースって感じだよね。,真的很有全鱼宴的感觉呢。,translated,依恩,e5f66f9fcd,br=0 nl=0,1,
inc/event/res/chatevent01/item_lunch003.txt#13#12,"オーシャン定食って、料理もそうだけど
見た目にもこだわってるんだよ。","所谓海洋定食，不仅料理本身讲究，
在外观上也格外用心哦。",translated,依恩,c8f50e7fda,br=0 nl=1,2,
inc/event/res/chatevent01/item_lunch003.txt#14#12,"この下に敷いたクロスも海を表現していて、
まさに海の幸って感じがするでしょ？","底下铺着的餐布也在表现大海，
很有海之馈赠的感觉对吧？",translated,依恩,d99f2dbd51,br=0 nl=1,2,
inc/event/res/chatevent01/item_lunch003.txt#15#12,"自分で作ったのが信じられないくらい、
すごく立派な定食に仕上がったと思うよ。","简直不敢相信是自己做出来的，
我觉得完成了一套非常棒的定食哦。",translated,依恩,7fdb27cc32,br=0 nl=1,2,
inc/event/res/chatevent01/item_lunch004.txt#5#12,"ふっくら卵焼きに、
もちもちご飯のおにぎり……。","松软的厚蛋烧，
配上软糯可口的饭团……。",translated,依恩,1acc9b7f54,br=0 nl=1,2,
inc/event/res/chatevent01/item_lunch004.txt#6#12,"こんなにちゃんとしたお弁当を
わたしが作れるとは思わなかったよ。","真没想到我也能做出
这么像模像样的便当呢。",translated,依恩,940556c523,br=0 nl=1,2,
inc/event/res/chatevent01/item_lunch004.txt#7#12,"冷めても十分に食べれそうだし、
お弁当としてはいうことなしだね。","就算凉了也完全很好吃，
作为便当来说无可挑剔呢。",translated,依恩,9e6c21e54d,br=0 nl=1,2,
inc/event/res/chatevent01/item_lunch004.txt#9#12,そういえば、お弁当の主役と言えば何かな？,话说回来，说到便当的主角会是什么呢？,translated,依恩,b51da932a9,br=0 nl=0,1,
inc/event/res/chatevent01/item_lunch004.txt#10#12,"やっぱり、からあげ？　でも卵焼きや
ウィンナーとかもおいしいし……。","果然是炸鸡块？不过厚蛋烧和
小香肠之类也很好吃呢……。",translated,依恩,47708f98d7,br=0 nl=1,2,
inc/event/res/chatevent01/item_lunch004.txt#11#12,"う～ん、難しいね。
どれもおいしいから選べないよ。","嗯～真难抉择呢。
每一个都很好吃所以选不出来呀。",translated,依恩,8d4da7df7e,br=0 nl=1,2,
inc/event/res/chatevent01/item_lunch004.txt#13#12,"ハッピーピクニックのおにぎりを作ってて
思ったんだけど、これってすごいよね。","在做快乐野餐的饭团时
我就在想，这个真的很厉害呢。",translated,依恩,87a1a430c9,br=0 nl=1,2,
inc/event/res/chatevent01/item_lunch004.txt#14#12,"ご飯を丸めて持ち運ぶなんて、
誰が考えたんだろう……。","把米饭捏成团随身携带，
究竟是谁想出来的呢……。",translated,依恩,21ac4f3915,br=0 nl=1,2,
inc/event/res/chatevent01/item_lunch004.txt#15#12,"お米って塩をかけるだけで、
すごくおいしいし、ある意味大発明だよね。","大米只要撒点盐就特别好吃，
某种意义上算是大发明呢。",translated,依恩,488e00a3cc,br=0 nl=1,2,
inc/event/res/chatevent01/item_lunch005.txt#5#12,"お子様ランチって、子供用に作られてる
から、誰でも好きな物しか入ってないのが
嬉しいよね？","儿童套餐是专为小孩子准备的，
里面全都是大家喜欢的食物，
让人很开心对吧？",translated,依恩,c9dac40c42,br=0 nl=2,3,
inc/event/res/chatevent01/item_lunch005.txt#6#12,"大人用のランチも、これの量が多い版に
してくれればいいのに……。","要是大人的套餐也是这个的大份版
那就好啦……。",translated,依恩,f58d0501e6,br=0 nl=1,2,
inc/event/res/chatevent01/item_lunch005.txt#8#12,"う～ん……美味しくはあるけど、
本当に普通のお子様ランチだからかな？","嗯～……虽然挺好吃的，
但可能是因为太普通的儿童套餐了吧？",translated,依恩,05f18550f6,br=0 nl=1,2,
inc/event/res/chatevent01/item_lunch005.txt#9#12,"これといって、美味しい以外の感想を
言えないのが、ちょっと……。","除了说好吃以外，似乎说不出
别的什么感想来呢……。",translated,依恩,8c679c0dc5,br=0 nl=1,2,
inc/event/res/chatevent01/item_lunch005.txt#10#12,"今まで、自分がどれだけ変わった物を
作ってたかがよくわかるね。","这就很能看出我之前
到底做了多少奇奇怪怪的东西呢。",translated,依恩,c188e1e655,br=0 nl=1,2,
inc/event/res/chatevent01/item_lunch005.txt#12#12,うん、すごく美味しいよ！,嗯，真的非常美味哦！,translated,依恩,596a3e1200,br=0 nl=0,1,
inc/event/res/chatevent01/item_lunch005.txt#13#12,"でも……一緒に作ったにゅろきーの
玩具の方が気になるかも。","不过……我可能更好奇
一起做出来的喵洛基玩具呢。",translated,依恩,92dd1b6c80,br=0 nl=1,2,
inc/event/res/chatevent01/item_lunch006.txt#5#12,んっ！？,嗯！？,translated,依恩,e59761e033,br=0 nl=0,1,
inc/event/res/chatevent01/item_lunch006.txt#6#12,"うぅ～……エスペンタの塊、
ガリッて噛んじゃったよぉ……。","呜呜～……咬到了埃斯彭塔的碎块，
嘎吱一下硌到牙了啦……。",translated,依恩,7352d67188,br=0 nl=1,2,
inc/event/res/chatevent01/item_lunch006.txt#7#12,"細かくなってるのはピリ辛で美味しいのに、
塊のはただ辛いだけだから苦手かも。","碎末明明微辣又美味，
但整个块状就只剩纯粹的辛辣了，好不习惯。",translated,依恩,c66cfa0b25,br=0 nl=1,2,
inc/event/res/chatevent01/item_lunch006.txt#9#12,"ハフハフッ！
あ、熱さと辛さで、口の中が大変なことに
なっちゃってるよ。","呼哈呼哈！
好、好烫好辣，嘴里已经
变成一团糟了啦。",translated,依恩,c4251dbde7,br=0 nl=2,3,
inc/event/res/chatevent01/item_lunch006.txt#10#12,"でも、すごく美味しいの。
やめられない味、ってやつだね。","但是，真的好好吃。
这就是所谓的让人欲罢不能的味道呢。",translated,依恩,9eb537f92a,br=0 nl=1,2,
inc/event/res/chatevent01/item_lunch006.txt#12#12,"子供はハンバーグが大好きって言うけど、
これは子供には辛過ぎるかも……。","虽然常说小孩子都很喜欢汉堡肉饼，
但这个对小孩子来说可能太辣了……。",translated,依恩,0afcdc6651,br=0 nl=1,2,
inc/event/res/chatevent01/item_lunch006.txt#13#12,"わたしでもちょっとキツい辛さだし。
はふ～、口の中が真っ赤になってる
感じがするよ。","连我都觉得有点辣得受不了。
呼～感觉嘴里已经
变得一片通红了呢。",translated,依恩,12f94d00ab,br=0 nl=2,3,
inc/event/res/chatevent01/item_lunch006.txt#14#12,"でも、この辛さだからいい、って思える
ようになれば、大人の証拠かもしれないね。","不过，要是能觉得“正是这股辣味才好”，
说不定就是成为大人的证明呢。",translated,依恩,98788bdf38,br=0 nl=1,2,
inc/event/res/chatevent01/item_lunch007.txt#4#12,"わぁ……なんて説明すればいいのかな？
すごく上品な味になってるの。","哇……该怎么形容好呢？
味道变得非常优雅高级呢。",translated,依恩,4da7088dde,br=0 nl=1,2,
inc/event/res/chatevent01/item_lunch007.txt#5#12,"どのおかずも若干薄めの味付けで、
でも味が薄いってわけでもなくて、
えっと――","每一道菜调味都稍微偏淡，
但又不是没有味道，
那个――",translated,依恩,51c2f7f61b,br=0 nl=2,3,
inc/event/res/chatevent01/item_lunch007.txt#6#12,"うう、こういう高級料理って食べ慣れて
ないから、コメントに困るよぉ……。","呜呜，这种高级料理我吃得不习惯，
都不知道该怎么评价了啦……。",translated,依恩,ffc7d2e15c,br=0 nl=1,2,
inc/event/res/chatevent01/item_salad002.txt#4#12,うん、さっぱりしてて美味しい！,嗯，清清爽爽的很好吃！,translated,依恩,9ddc158812,br=0 nl=0,1,
inc/event/res/chatevent01/item_salad002.txt#5#12,"もう少しマヨネーズの味が欲しいって
言う人もいるかもしれないけど、
わたしにはこのくらいがベストだよ。","也许会有人觉得希望能多点蛋黄酱味，
但对我来说这个程度就是最佳的哦。",translated,依恩,b84e128e5d,br=0 nl=2,3,
inc/event/res/chatevent01/item_salad002.txt#6#12,"あっ、でも塩コショウを軽く振りかけたら
もっと美味しくなるかも……
やってみようかな？","啊，不过要是稍微撒点椒盐
会不会更好吃呢……
要不要试一下看看呢？",translated,依恩,29d6cdc9c2,br=0 nl=2,3,
inc/event/res/chatevent01/item_salad003.txt#5#12,"……あっ、いけない！
手が止まっちゃってたみたい。","……啊，糟了！
手好像不自觉地停下来了。",translated,依恩,6fde888c49,br=0 nl=1,2,
inc/event/res/chatevent01/item_salad003.txt#6#12,"これってすごく良い匂いだから、
ついそっちに夢中になっちゃうの。","因为这个闻起来太香了，
不知不觉就把注意力全吸引过去了呢。",translated,依恩,2f3909965b,br=0 nl=1,2,
inc/event/res/chatevent01/item_salad003.txt#7#12,う～ん……良い匂い過ぎるのも問題だね。,嗯～……香过头也是个问题呢。,translated,依恩,32cf6f218a,br=0 nl=0,1,
inc/event/res/chatevent01/item_salad003.txt#9#12,"香草でしっかりと包んであるから、
時間が経っても中はホクホクしてるよ。","因为用香草紧紧包裹着，
即使放了一阵子里面也还是热气腾腾的哦。",translated,依恩,f8e8b9b3fb,br=0 nl=1,2,
inc/event/res/chatevent01/item_salad003.txt#10#12,"まあ、熱いのが苦手な人には、
作り立てで出されるとちょっと
厳しいかもしれないけど……。","不过，对于怕烫的人来说，
刚出炉就端上来
可能会有点难以招架吧……。",translated,依恩,d5e835d02c,br=0 nl=2,3,
inc/event/res/chatevent01/item_salad003.txt#11#12,"そういう人のことを考えると、切って
冷ませるように、フォークとナイフで
食べるのが良いかもしれないね。","考虑到这类人的情况，切开来放凉，
用刀叉吃可能会比较好吧。",translated,依恩,87225fde4e,br=0 nl=2,3,
inc/event/res/chatevent01/item_salad003.txt#13#12,"香草にハーブっぽい味が付いてるから、
そのまま食べてもすごく美味しいよ。","香草带有草药般的清香风味，
直接吃也十分美味哦。",translated,依恩,72439a1b77,br=0 nl=1,2,
inc/event/res/chatevent01/item_salad003.txt#14#12,"でもわたしのお勧めは、
お醤油をほんの少し付ける食べ方かな？","不过我最推荐的，
还是稍微蘸一点点酱油的吃法吧？",translated,依恩,54060f7934,br=0 nl=1,2,
inc/event/res/chatevent01/item_salad003.txt#15#12,"香草の味とお醤油って、
意外と合うからビックリだよ。","香草的味道和酱油
居然意外地很搭，吓了一跳呢。",translated,依恩,1bbd9716c4,br=0 nl=1,2,
inc/event/res/chatevent01/item_salad005.txt#5#12,"こういうシンプルなサラダって、
さっぱりしてて美味しいよね。","这种简简单单的沙拉，
清爽爽口真的很好吃呢。",translated,依恩,37fef1f7a8,br=0 nl=1,2,
inc/event/res/chatevent01/item_salad005.txt#6#12,"ちょっとお腹が空いた時なんかには
最高だと思うし……。","在稍微觉得肚子饿的时候
吃这个是最棒的……。",translated,依恩,9cf704e511,br=0 nl=1,2,
inc/event/res/chatevent01/item_salad005.txt#7#12,それに、ダイエットにも良いよね？,而且，对减肥也很不错吧？,translated,依恩,a1630b95ae,br=0 nl=0,1,
inc/event/res/chatevent01/item_salad005.txt#9#12,"シンプルなサラダって、葉っぱ特有の
甘さをしっかり感じられるから好きなの。","简单的沙拉能切实品尝到
叶菜特有的清甜，我很喜欢哦。",translated,依恩,5a6a767316,br=0 nl=1,2,
inc/event/res/chatevent01/item_salad005.txt#10#12,"あっ、でもルビーグラスは熱を通した方が
もっと甘くて美味しくなるんだよね？","啊，不过红宝石草稍微加热一下的话
会更甜更美味对吧？",translated,依恩,07676ff0e0,br=0 nl=1,2,
inc/event/res/chatevent01/item_salad005.txt#11#12,"う～ん……でも、サラダで食べる時には
あまり甘過ぎるのは問題かな？","嗯～……不过作为沙拉来吃的话，
太甜了也是个问题呢？",translated,依恩,12ad12255c,br=0 nl=1,2,
inc/event/res/chatevent01/item_salad005.txt#13#12,"色んな調味料に漬けてあるから、
さっぱりして美味しいけど……。","虽然腌过了各种调味料，
清爽爽口的很美味……。",translated,依恩,e6af3ec714,br=0 nl=1,2,
inc/event/res/chatevent01/item_salad005.txt#14#12,"今度は、調味料に漬けないで
食べてみようかな？","下次试着不腌调味料
直接尝尝看吧？",translated,依恩,b0ab90473f,br=0 nl=1,2,
inc/event/res/chatevent01/item_salad005.txt#15#12,"お野菜そのものの甘さだけでも、
美味しく食べられると思うしね。","我觉得光凭蔬菜原本的甘甜，
也一定能吃得很香呢。",translated,依恩,0cae8a00aa,br=0 nl=1,2,
inc/event/res/chatevent01/item_salad006.txt#5#12,あむっ、んむっ……ん、美味しい！,啊呜，嗯姆……嗯，真好吃！,translated,依恩,e51543188e,br=0 nl=0,1,
inc/event/res/chatevent01/item_salad006.txt#6#12,"やっぱり新鮮な野菜を使ってると、
お皿に盛るだけで美味しく食べられるね！","果然用新鲜的蔬菜，
只要盛在盘子里就非常好吃呢！",translated,依恩,8d6c8c24fa,br=0 nl=1,2,
inc/event/res/chatevent01/item_salad006.txt#7#12,"ただ……この重力から解放されたような
感じになるのが、ちょっと落ち着かなくて
困るけど……。","不过……这种仿佛摆脱了重力束缚
的感觉，稍微让人有点无法平静，
真伤脑筋呢……。",translated,依恩,dbaa96cd26,br=0 nl=2,3,
inc/event/res/chatevent01/item_salad006.txt#9#12,"う～ん……体が軽くなるのと、重力から
開放される感じって、全然違うんだね。","嗯～……身体变轻巧和从重力中解脱出来，
感觉完全是两码事呢。",translated,依恩,ce8b0438a8,br=0 nl=1,2,
inc/event/res/chatevent01/item_salad006.txt#10#12,"体が軽くなると、気分が良い、体調が良い、
って感じになるから気持ちも明るくなるん
だけど……。","身体变轻的话，会觉得心情好、身体好，
整个人都变得开朗起来……。",translated,依恩,3e15c6832c,br=0 nl=2,3,
inc/event/res/chatevent01/item_salad006.txt#11#12,"重力から解放された感じっていうのは、
ちょっと心もとないっていうか……。
正直怖いかも……。","但摆脱重力束缚的感觉，
总觉得让人有点心里没底……
说实话可能有点害怕……。",translated,依恩,266668a24f,br=0 nl=2,3,
inc/event/res/chatevent01/item_salad006.txt#13#12,重力から解放される気持ち、か……。,从重力中解脱出来的感觉吗……。,translated,依恩,c4750086f9,br=0 nl=0,1,
inc/event/res/chatevent01/item_salad006.txt#14#12,"じゃあ、もし宇宙の無重力状態の中で
このサラダを食べたら、無重力の更に
向こう側を感じられる、ってことかな？","那么，如果是在宇宙的失重状态下
吃这个沙拉的话，是不是就能体会到
超越失重的全新境界了呢？",translated,依恩,37f33d4192,br=0 nl=2,3,
inc/event/res/chatevent01/item_salad006.txt#15#12,"でも、それはちょっと怖い気がするかも。
やっぱりこのサラダは、重力の無い場所で
食べるのはやめた方がよさそうだね。","不过，感觉那样会有点可怕呢。
果然这种沙拉还是别在
没有重力的地方吃比较好吧。",translated,依恩,f24536c53d,br=0 nl=2,3,
inc/event/res/chatevent01/item_salad007.txt#4#12,"んっ、しゃきしゃきした歯ごたえがあって
すごく美味しい！","嗯，口感爽脆清甜，
超级美味呢！",translated,依恩,3fda1fcb75,br=0 nl=1,2,
inc/event/res/chatevent01/item_salad007.txt#5#12,やっぱり新鮮な野菜は歯ごたえが違うね。,果然新鲜的蔬菜口感就是不一样呢。,translated,依恩,e528c277b0,br=0 nl=0,1,
inc/event/res/chatevent01/item_soup002.txt#5#12,えへへ、つい見とれちゃった。,嘿嘿，一不小心看入迷了。,translated,依恩,9a719c9f77,br=0 nl=0,1,
inc/event/res/chatevent01/item_soup002.txt#6#12,"まるで星空を見下ろしているような、
すごくロマンチックな気分だよ。","就好像俯瞰着星空一样，
非常浪漫的感觉呢。",translated,依恩,8b060b34b8,br=0 nl=1,2,
inc/event/res/chatevent01/item_soup002.txt#7#12,"味も気分を壊すほど美味しくも
不味くもない、ちょうどいい加減なのが
嬉しいよね。","味道也是既不至于抢了气氛，
也不会难吃，刚刚好的感觉
让人很开心呢。",translated,依恩,138ce5fd12,br=0 nl=2,3,
inc/event/res/chatevent01/item_soup002.txt#8#12,"……あれ？
これって喜んでいいのかな？","……咦？
这算值得高兴的事情吗？",translated,依恩,8428dd75af,br=0 nl=1,2,
inc/event/res/chatevent01/item_soup004.txt#5#12,"ん～……すまし汁って、ずっと飲んでると
少し味が薄いかも、って気になるよね？","嗯～……清汤一直喝的话，
会不会觉得味道稍微有点淡呢？",translated,依恩,299da4932d,br=0 nl=1,2,
inc/event/res/chatevent01/item_soup004.txt#6#12,お醤油を少し垂らしてみようかな？,要不要稍微滴几滴酱油试试呢？,translated,依恩,037e854613,br=0 nl=0,1,
inc/event/res/chatevent01/item_soup004.txt#8#12,"白身魚の中にもお汁がしっかりと
染み込んでるよ。","白身鱼里面也充分地
浸透了汤汁哦。",translated,依恩,ef1be90cb3,br=0 nl=1,2,
inc/event/res/chatevent01/item_soup004.txt#9#12,"噛んだ時に、お魚の味が染み込んだお汁が
口の中に広がるの。","咬下去的时候，浸透了鱼鲜味的汤汁
就会在口中扩散开来。",translated,依恩,8cad274524,br=0 nl=1,2,
inc/event/res/chatevent01/item_soup004.txt#10#12,"今度作る時は、サカタチウオの量を
もう少し多くしても良いかもしれないね。","下次做的时候，把逆太刀鱼的量
稍微再加多一点也许不错呢。",translated,依恩,b4635fe68a,br=0 nl=1,2,
inc/event/res/chatevent01/item_soup004.txt#12#12,"そういえば、すまし汁って高級なお店で
出されるイメージがあるよね？","话说回来，清汤总给人一种
高级餐厅才会端上来的印象呢？",translated,依恩,6ceea61451,br=0 nl=1,2,
inc/event/res/chatevent01/item_soup004.txt#13#12,"お味噌汁の方が一般的だし、
好きな人は多いような気がするけど……。","明明味噌汤更普遍，
感觉喜欢的人也会更多一些……。",translated,依恩,c63bf6f2c8,br=0 nl=1,2,
inc/event/res/chatevent01/item_soup004.txt#14#12,"もしかして、すまし汁って高級料理の
一つ……なのかな？","难不成，清汤其实算是
高级料理之一……吗？",translated,依恩,4c79d91012,br=0 nl=1,2,
inc/event/res/chatevent01/item_soup006.txt#5#12,"ん～、やっぱりクリームシチューは
体が温まっていいね。","嗯～奶油炖菜果然
能让身子暖和起来，真好呀。",translated,依恩,55746265b2,br=0 nl=1,2,
inc/event/res/chatevent01/item_soup006.txt#6#12,"それに優しい甘さだから、口にする度に
ほっとした気持ちになれるし……。","而且味道甘甜温和，每尝一口
心里都会感到格外安宁舒缓……。",translated,依恩,415b77f9cb,br=0 nl=1,2,
inc/event/res/chatevent01/item_soup006.txt#7#12,"わたしも、こんなシチューみたいに、
誰かにほっとしてもらえるような人に
なりたいな。","我也想成为像这碗炖菜一样，
能让别人感到安心温暖的人呢。",translated,依恩,2dca53f628,br=0 nl=2,3,
inc/event/res/chatevent01/item_soup006.txt#9#12,ご飯も用意しておけばよかったなぁ。,要是把米饭也准备好就好了呢。,translated,依恩,c428b3440f,br=0 nl=0,1,
inc/event/res/chatevent01/item_soup006.txt#10#12,"せっかくご飯にかけても美味しい味に
工夫したんだし。","明明特意下功夫调成了
淋在饭上也超好吃的口味。",translated,依恩,f41bc7d7b1,br=0 nl=1,2,
inc/event/res/chatevent01/item_soup006.txt#11#12,今度からは忘れないように気をつけよっと。,下次可得注意别忘了呀。,translated,依恩,0d023c5243,br=0 nl=0,1,
inc/event/res/chatevent01/item_soup006.txt#13#12,ふーっ、ふーっ……。,呼――呼――……,translated,依恩,c2ed02865f,br=0 nl=0,1,
inc/event/res/chatevent01/item_soup006.txt#14#12,"やっぱりシチューは熱いくらいじゃないと
美味しくないよね？","果然炖菜还是得热气腾腾的
才好吃对吧？",translated,依恩,b90016a2c4,br=0 nl=1,2,
inc/event/res/chatevent01/item_soup006.txt#15#12,"でも、口の中を火傷しないように、
しっかりと冷まさないと。","不过，为了嘴里不被烫伤，
还是得好好吹凉一点才行。",translated,依恩,4a86eafd11,br=0 nl=1,2,
inc/event/res/chatevent01/item_soup007.txt#4#12,"な、何だろう？　コーンスープみたいな、
優しい甘さのスープなんだけど……。","这、这是什么呢？虽然是像玉米浓汤一样
味道柔和清甜的汤……。",translated,依恩,1a3a580c05,br=0 nl=1,2,
inc/event/res/chatevent01/item_soup007.txt#5#12,"食感が、なんていうか……
ちょっとだけヌルッとしてる感じなの。","口感该怎么说呢……
感觉稍微有点滑溜溜的。",translated,依恩,59381a106d,br=0 nl=1,2,
inc/event/res/chatevent01/item_soup007.txt#6#12,"完全に溶け切れてないのかな？
う～ん……味はいいのに、食感のせいで
素直に味わえないよ……。","是没有完全融化化开吗？
唔……明明味道很好，但因为口感
完全没办法纯粹地享受它呢……。",translated,依恩,4036233538,br=0 nl=2,3,
inc/event/res/chatevent01/item_sweets001.txt#5#12,"う～ん、ふっくらしてて甘い……。
おいしく作れてよかったぁ。","嗯～又松软又香甜……。
能做得这么好吃真是太好了。",translated,依恩,3d0b7849f8,br=0 nl=1,2,
inc/event/res/chatevent01/item_sweets001.txt#6#12,"コンパウンドケーキを食べてると、
苦めのお茶を飲みたくなるね。","吃着混合蛋糕，
就会好想喝微苦的茶呢。",translated,依恩,a1b2d9fca1,br=0 nl=1,2,
inc/event/res/chatevent01/item_sweets001.txt#7#12,"きっと、ケーキの甘さが引き立って、
よりおいしく感じられるんじゃないかな。","蛋糕的甜味一定会被衬托出来，
感觉吃起来会更加美味吧。",translated,依恩,1a0fc2e78b,br=0 nl=1,2,
inc/event/res/chatevent01/item_sweets001.txt#9#12,"お菓子作りって、ちょっと分量を間違えた
だけで、失敗することがあるの。","做点心只要稍微弄错一点分量，
有时就会直接失败呢。",translated,依恩,ab524d65e8,br=0 nl=1,2,
inc/event/res/chatevent01/item_sweets001.txt#10#12,"だから、目分量で作ったりすると
甘すぎたりパサパサしたり、
ちゃんとおいしくできないんだよ。","所以要是凭感觉瞎抓分量，
就会太甜或者干巴巴的，
没法做得很好吃呢。",translated,依恩,ad46fa87c2,br=0 nl=2,3,
inc/event/res/chatevent01/item_sweets001.txt#11#12,"細かい作業は得意だけど、
なんとなくお薬を調合しているみたいな
感覚があるのはなぜだろうね……。","虽然我擅长精细活，
但总觉得有种在调合药剂一样的
感觉，这是为什么呢……。",translated,依恩,ef9767afb6,br=0 nl=2,3,
inc/event/res/chatevent01/item_sweets001.txt#13#12,"機会があったら、コンパウンドケーキに
何か入れてみようかな。","有机会的话，要不要在混合蛋糕里
加点别的什么呢。",translated,依恩,2b7752487f,br=0 nl=1,2,
inc/event/res/chatevent01/item_sweets001.txt#14#12,"今のままでもふっくらしてて十分おいしい
けど、工夫したらもっとおいしくなるよね。","虽然现在这样松软可口就已经很好吃，
但花点心思改良的话肯定会更美味呢。",translated,依恩,7a2b5160c0,br=0 nl=1,2,
inc/event/res/chatevent01/item_sweets001.txt#15#12,"やっぱり王道としてミュジルの実を入れる
のがいいかなぁ。
でも他のも試してみたいかも……。","果然王道做法还是放缪汁之果吧。
不过别的也想尝试看看呢……。",translated,依恩,b2908f8243,br=0 nl=2,3,
inc/event/res/chatevent01/item_sweets010.txt#5#12,"はぁ……、外はサクサク、
中はふっくら甘い……。","哈啊……外酥里嫩，
里面松软香甜……。",translated,依恩,3f1eba0073,br=0 nl=1,2,
inc/event/res/chatevent01/item_sweets010.txt#6#12,"フルーツをたっぷり使ってるから、
普通のお菓子よりも体にはいいかも。","因为用了大量的水果，
可能比普通点心对身体更好呢。",translated,依恩,8c9affa6b6,br=0 nl=1,2,
inc/event/res/chatevent01/item_sweets010.txt#7#12,"けど、食べ過ぎたら一緒だし、
気をつけないとね。","不过吃太多也是一样的，
还是得小心克制呢。",translated,依恩,0b45fd9949,br=0 nl=1,2,
inc/event/res/chatevent01/item_sweets010.txt#9#12,"パイの中に入れたテロルの実や
モロッカの実がすっごく甘いよ。","派里面放的特罗尔果和
莫洛卡之果真的超级甜哦。",translated,依恩,61df719e56,br=0 nl=1,2,
inc/event/res/chatevent01/item_sweets010.txt#10#12,"パイ生地もちゃんと焼けててサクサクだし、
これなら人に出しても恥ずかしくないかも。","派皮也烤得恰到好处酥脆焦香，
这样拿去招待别人也不会丢脸了呢。",translated,依恩,ff69ee75b6,br=0 nl=1,2,
inc/event/res/chatevent01/item_sweets010.txt#11#12,"本当なら、あなたにも食べてもらえたら
いいのにな……。","要是你也能尝到
那该有多好啊……。",translated,依恩,bef6259ae4,br=0 nl=1,2,
inc/event/res/chatevent01/item_sweets010.txt#13#12,"フルーツパイってお菓子だけど、
すごくボリュームがあるし、
ちゃんと食事になるのがいいよね。","水果派虽然是点心，
但分量很足，
完全能当一顿正餐这点很棒呢。",translated,依恩,90f27d38bc,br=0 nl=2,3,
inc/event/res/chatevent01/item_sweets010.txt#14#12,"そういえば、パンとパイって
語感がすごく似てるよね……。","话说回来，面包和派的
发音读起来真像呢……。",translated,依恩,f2dacff604,br=0 nl=1,2,
inc/event/res/chatevent01/item_sweets010.txt#15#12,"材料も似てるし、名前の意味にも
何か関係があるのかな？","用料也很相似，名字的含义之间
是不是也有什么关联呢？",translated,依恩,78e594d8d3,br=0 nl=1,2,
inc/event/res/chatevent01/item_sweets011.txt#5#12,ん～っ、甘くて美味しぃ！,嗯～好甜好好吃！,translated,依恩,492cbe3f62,br=0 nl=0,1,
inc/event/res/chatevent01/item_sweets011.txt#6#12,"クリームタップリだけど、ものすごく
甘いわけじゃないから、いくらでも
食べられそうだよ！","奶油非常足，但又不会甜得发腻，
感觉吃多少都吃得下呢！",translated,依恩,37945ddb44,br=0 nl=2,3,
inc/event/res/chatevent01/item_sweets011.txt#7#12,"……カロリーはそんなに変わらないと
思うから、やっぱり限度は考えた方が
いいかな？","……虽然我觉得卡路里应该差不多，
不过果然还是节制一点比较好吧？",translated,依恩,2b87423aed,br=0 nl=2,3,
inc/event/res/chatevent01/item_sweets011.txt#9#12,"生クリームも美味しいけど、周りの
スポンジもふわふわで最高だよ！","鲜奶油很好吃，周围的
海绵蛋糕也松软蓬松，太棒啦！",translated,依恩,0413277043,br=0 nl=1,2,
inc/event/res/chatevent01/item_sweets011.txt#10#12,"ただふわふわなだけじゃなくて、
ほんのりとした優しい甘さがあるの。","不只是松软而已，
还带着一丝淡淡温和的清甜哦。",translated,依恩,49da63a380,br=0 nl=1,2,
inc/event/res/chatevent01/item_sweets011.txt#11#12,"ん～、美味しい紅茶と一緒に食べたら、
もっと美味しくなるんだろうなぁ……。","嗯～要是配上美味的红茶一起吃，
肯定会变得更好吃吧……。",translated,依恩,82a989f4a8,br=0 nl=1,2,
inc/event/res/chatevent01/item_sweets011.txt#13#12,"ケーキ自体はすごく美味しいんだけど……
やっぱり、この砂糖菓子のにゅろきーは
食べられないよ。","蛋糕本身非常美味，但是……
果然这个糖果做的喵洛基，
我有点舍不得吃呢。",translated,依恩,f03021514b,br=0 nl=2,3,
inc/event/res/chatevent01/item_sweets011.txt#14#12,"美味しそうなんだけど、どうしても
かわいそうに思えちゃって……。","虽然看着很好吃，
但总觉得吃掉它太可怜了……。",translated,依恩,d1c32dc1d4,br=0 nl=1,2,
inc/event/res/chatevent01/item_sweets011.txt#15#12,"やっぱり、このにゅろきーは食べられない
素材で作った方がいいのかもしれないね。","果然这个喵洛基，还是用不能吃的
材料来做会比较好吧。",translated,依恩,8754cedbd0,br=0 nl=1,2,
inc/event/res/chatevent01/lunch001.txt#5#12,"えへへ、やっぱりゼロカロ定食は
おいしいな～。",嘿嘿，零卡定食果然很好吃呢～,translated,依恩,25024ad5c5,br=0 nl=1,2,
inc/event/res/chatevent01/lunch001.txt#6#12,"これでカロリーが限りなくゼロだって
言うんだからすごいよね。","而且据说热量几乎接近于零，
真的很厉害对吧。",translated,依恩,8e60bd8c8d,br=0 nl=1,2,
inc/event/res/chatevent01/lunch001.txt#7#12,"まぁ、だからって食べ過ぎたりしたら
意味がなくなっちゃうし、
気をつけなきゃ……。","不过，话虽如此，要是吃太多的话
就毫无意义了，得注意才行……。",translated,依恩,c98da04584,br=0 nl=2,3,
inc/event/res/chatevent01/lunch001.txt#8#12,"せっかくカロリーを極限まで
減らした意味がなくなっちゃうもんね。","不然特意把卡路里减到极限
可就白费功夫了呢。",translated,依恩,57cd7025d7,br=0 nl=1,2,
inc/event/res/chatevent01/lunch001.txt#10#12,"うん、さっぱりしてて薄味なんだけど
これはこれでおいしいよ。","嗯，虽然清淡爽口，
但这也别有一番风味很好吃哦。",translated,依恩,ed805f5136,br=0 nl=1,2,
inc/event/res/chatevent01/lunch001.txt#11#12,"なんというか……
噛めば噛むほど味が出てくる？","该怎么说呢……
越嚼越有味道？",translated,依恩,22eaee902e,br=0 nl=1,2,
inc/event/res/chatevent01/lunch001.txt#12#12,そんな感じかな。,大概就是这种感觉吧。,translated,依恩,9700557142,br=0 nl=0,1,
inc/event/res/chatevent01/lunch001.txt#13#12,"健康にもいいし、お肉が気になってきたら
これを食べるようにしようかな。","对身体也好，等开始在意肉肉的时候
就来吃这个好啦。",translated,依恩,5d1288d116,br=0 nl=1,2,
inc/event/res/chatevent01/lunch001.txt#15#12,"うん、この薄味でさっぱりした感じが
ゼロカロ定食だね。","嗯，这种清淡爽口的感觉
正是零卡定食的精髓呢。",translated,依恩,82c5fab576,br=0 nl=1,2,
inc/event/res/chatevent01/lunch001.txt#16#12,"さすがにカロリーがゼロなだけあって、
ちょっと薄味すぎるかもしれないけど、
これはこれで悪くないよ。","毕竟是零卡路里，
味道虽然可能确实偏淡了点，
但这样其实也不坏哦。",translated,依恩,28081da65e,br=0 nl=2,3,
inc/event/res/chatevent01/lunch001.txt#17#12,"どうしても味を変えたくなったら、
調味料を何かかければ……。","要是实在想换换口味，
加点什么调味料的话……。",translated,依恩,96c68c1508,br=0 nl=1,2,
inc/event/res/chatevent01/lunch001.txt#18#12,"って、それじゃゼロカロ定食の
意味がないよね。","……等等，那样不就失去
零卡定食的意义了嘛。",translated,依恩,f7d8885e39,br=0 nl=1,2,
inc/event/res/chatevent01/lunch001.txt#20#12,"ゼロカロ定食のさっぱりって、
すごく食べ応えがないというか……。","零卡定食的清淡，
总觉得非常没有饱腹满足感呢……。",translated,依恩,aa8254c55e,br=0 nl=1,2,
inc/event/res/chatevent01/lunch001.txt#21#12,喉をスルッて落ちていくような感じなの。,感觉就像顺着喉咙刺溜滑下去了。,translated,依恩,136b7fe4c3,br=0 nl=0,1,
inc/event/res/chatevent01/lunch001.txt#22#12,"食べてるからお腹は当然のように
膨れるんだけど、食べたって感じが
あんまりしないのが欠点かな。","虽然吃进去了肚子当然会饱，
但却没什么吃过东西的充实感，
算是它唯一的缺点吧。",translated,依恩,1315b55c4c,br=0 nl=2,3,
inc/event/res/chatevent01/lunch001.txt#23#12,"でも、健康にはすごくいいし、
このさっぱりした感じがむしろいいの。","不过对身体非常健康，
这种清爽感倒不如说正合适呢。",translated,依恩,848e2529f8,br=0 nl=1,2,
inc/event/res/chatevent01/lunch001.txt#24#12,"さっぱりしつつ、量を食べたいときは
ゼロカロ定食に限るって感じかな。","想要吃得清爽又想多吃一点的时候，
果然还是非零卡定食莫属呢。",translated,依恩,67ebafe2f9,br=0 nl=1,2,
inc/event/res/chatevent01/lunch001.txt#26#12,"見てみて、この汁物、
まるでお水みたいでしょ？","快看快看，这碗汤，
简直就像白开水一样对吧？",translated,依恩,299a536e37,br=0 nl=1,2,
inc/event/res/chatevent01/lunch001.txt#27#12,"けどね、
これでもちゃんと味がついてるんだよ。","但是呢，
即使这样其实也好好地调了味哦。",translated,依恩,6c4aefed90,br=0 nl=1,2,
inc/event/res/chatevent01/lunch001.txt#28#12,"すごくさっぱりしてて、
飲んだ後すごくスッキリするの。","口感非常清爽，
喝完之后整个人都神清气爽呢。",translated,依恩,9eae423916,br=0 nl=1,2,
inc/event/res/chatevent01/lunch001.txt#29#12,"油の多いこってりしたものを
食べたくないっていうときは、
こういうさっぱりした食事がいいよね。","不想吃油腻重口味东西的时候，
这种清清淡淡的一餐就再好不过了呢。",translated,依恩,d7ab842f7e,br=0 nl=2,3,
inc/event/res/chatevent01/lunch002.txt#5#12,"はぁ……。
やっぱりこってりしてておいしいよ～。","哈啊……
浓厚油润的味道果然好好吃哦～",translated,依恩,f2bfa22892,br=0 nl=1,2,
inc/event/res/chatevent01/lunch002.txt#6#12,"ご飯とお肉の相性もいいし、
厚いお肉なんて食べ応えばっちり。","米饭和肉很搭，
厚切肉更是嚼劲十足、分量满满。",translated,依恩,a343cf33d3,br=0 nl=1,2,
inc/event/res/chatevent01/lunch002.txt#7#12,"焼き加減も完璧だし、
このままクセになっちゃうかも♪","火候也是恰到好处，
搞不好会就这么吃上瘾呢♪",translated,依恩,a94ab97bef,br=0 nl=1,2,
inc/event/res/chatevent01/lunch002.txt#8#12,"体に悪いかもしれないけど、
ついつい食べたくなっちゃうよね。","虽然可能对身体不太健康，
但不知不觉就是很想吃呢。",translated,依恩,411c0d119a,br=0 nl=1,2,
inc/event/res/chatevent01/lunch002.txt#10#12,う～ん、このこってり加減がたまらないよ。,嗯～这浓郁浓香的感觉真让人欲罢不能。,translated,依恩,f25b8260e7,br=0 nl=0,1,
inc/event/res/chatevent01/lunch002.txt#11#12,"女の子としてはやっぱりカロリーが
気になるけど……。","作为女孩子果然还是会在意卡路里，
不过……。",translated,依恩,8dc9888c96,br=0 nl=1,2,
inc/event/res/chatevent01/lunch002.txt#12#12,"それでもやっぱり、
たまにはこってりしたのを食べたいよね。","即便如此，偶尔还是想吃点
浓郁多汁的大鱼大肉呢。",translated,依恩,08883627d3,br=0 nl=1,2,
inc/event/res/chatevent01/lunch002.txt#13#12,このお肉が口の中でとろけるよ～♪,这块肉在嘴里化开啦～♪,translated,依恩,9f20c930fe,br=0 nl=0,1,
inc/event/res/chatevent01/lunch002.txt#15#12,うん、おいしい！,嗯，真好吃！,translated,依恩,0977bdf29f,br=0 nl=0,1,
inc/event/res/chatevent01/lunch002.txt#16#12,"こんなにこってりしたものを食べてると
体重とか増えちゃいそうだけど、
少しくらい、いいよね。","吃这么油腻的东西
体重感觉要增加了，
不过稍微放纵一下没关系吧。",translated,依恩,11c38b11ea,br=0 nl=2,3,
inc/event/res/chatevent01/lunch002.txt#17#12,"やっぱり食べたいものを食べたいときに
食べない方が体に悪いよ。","果然想吃东西的时候克制不吃
反而才更伤身体呢。",translated,依恩,30c75378a4,br=0 nl=1,2,
inc/event/res/chatevent01/lunch002.txt#18#12,ヨッコイ定食、また作ろうかなぁ～。,要不要再做一次约克依定食呢～,translated,依恩,6bf3cf4af4,br=0 nl=0,1,
inc/event/res/chatevent01/lunch002.txt#20#12,"ヨッコイ定食を作るからって、
ついお肉を厚く切っちゃったけど……。","虽然因为要做约克依定食
不自觉地把肉切得厚厚的……。",translated,依恩,c7bc619d7b,br=0 nl=1,2,
inc/event/res/chatevent01/lunch002.txt#21#12,"むしろこれ、
すごく食べ応えがあっていいよ。","但这样反而口感非常扎实，
很棒呢。",translated,依恩,6ab53eeee0,br=0 nl=1,2,
inc/event/res/chatevent01/lunch002.txt#22#12,"油もしっかり乗ってて、
口の中でとろける感じがするし……。","油脂也恰到好处，
入口即化的感觉……。",translated,依恩,54a6472379,br=0 nl=1,2,
inc/event/res/chatevent01/lunch002.txt#23#12,もう、クセになっちゃいそうだよ～♪,真是的，感觉要上瘾了啦～♪,translated,依恩,6a9ebd2ca0,br=0 nl=0,1,
inc/event/res/chatevent01/lunch002.txt#25#12,"お、女の子だからって、
ヨッコイ定食みたいなこってりした
食べ物を食べちゃダメってことないよね？","虽、虽然是女孩子，
但也没有规定不能吃约克依定食
这样油润香浓的食物吧？",translated,依恩,849812a6aa,br=0 nl=2,3,
inc/event/res/chatevent01/lunch002.txt#26#12,"わたしだって、
こういうの食べたくなるときあるんだよ。",连我也是会有想吃这种东西的时候嘛。,translated,依恩,bd0f8a4763,br=0 nl=1,2,
inc/event/res/chatevent01/lunch002.txt#27#12,"それにしても……、
このお肉の厚さ、ご飯にのったお肉。","话说回来……
这肉的厚度，还有铺在饭上的肉块。",translated,依恩,672007b172,br=0 nl=1,2,
inc/event/res/chatevent01/lunch002.txt#28#12,"そして、このこってりしたお肉たちに
ぴったりのドリンク……。",再加上最适合配这些浓香厚肉的饮品……,translated,依恩,842838756d,br=0 nl=1,2,
inc/event/res/chatevent01/lunch002.txt#29#12,"ヨッコイ定食って、もしかしたら
最高の定食なんじゃないかな～♪","约克依定食，说不定是
最棒的定食套餐呢～♪",translated,依恩,b23a06b607,br=0 nl=1,2,
inc/event/res/chatevent01/meat002.txt#5#12,んー、濃厚なトロトロの黄身が最高だね。,嗯～浓郁流心的蛋黄最棒了呢。,translated,依恩,89b5aa43ec,br=0 nl=0,1,
inc/event/res/chatevent01/meat002.txt#6#12,"量が少ないと思うかもしれないけど
カロリーは十分取れてるんだよ？","可能会觉得分量偏少，
但热量其实摄取得很充足哦？",translated,依恩,c25a8295b0,br=0 nl=1,2,
inc/event/res/chatevent01/meat002.txt#7#12,"そこそこお腹も膨らむから
お手軽に食べたい時は便利なの。","而且也能填饱肚子，
想要简单吃点的时候非常方便哦。",translated,依恩,a3bff8e2bb,br=0 nl=1,2,
inc/event/res/chatevent01/meat002.txt#8#12,えへへ、このトロトロ感、好きなんだぁ。,嘿嘿，我好喜欢这种半熟流心的口感。,translated,依恩,82bf4ed8b0,br=0 nl=0,1,
inc/event/res/chatevent01/meat002.txt#10#12,"これってね、お塩をかけると
黄身の味が際立って美味しいんだよ。","这个呀，撒点盐的话
蛋黄的香味就会更突出，超好吃的哦。",translated,依恩,8184268626,br=0 nl=1,2,
inc/event/res/chatevent01/meat002.txt#11#12,"おしょうゆも合いそうだよね。
えへへ、夢が広がっちゃうよ。","感觉加酱油也很搭呢。
嘿嘿，想象空间都扩大了呢。",translated,依恩,07296b71a7,br=0 nl=1,2,
inc/event/res/chatevent01/meat002.txt#12#12,"そうしたら、１個だけじゃなくて
何個でも食べれそうだもん。","那样的话，就不止吃一个，
感觉吃几个都吃得下呢。",translated,依恩,d61c8462d2,br=0 nl=1,2,
inc/event/res/chatevent01/meat002.txt#13#12,"あ、でもね、ちゃんと食べ過ぎないように
注意するから安心してね。","啊，不过呢，我会注意不吃太多的，
你放心吧。",translated,依恩,abcd3d90b6,br=0 nl=1,2,
inc/event/res/chatevent01/meat002.txt#15#12,"このトロトロ感、口の中に広がる
濃厚な黄身の味……最高だよ。","这种流心口感，在口中蔓延开的
浓厚蛋香……太棒啦。",translated,依恩,e922d58cb6,br=0 nl=1,2,
inc/event/res/chatevent01/meat002.txt#16#12,"黄身だけを集めたトロトロのドリンクが
あったら、思わず飲んじゃいたいね。","要是有光收集蛋黄做成的流心饮品，
真想忍不住喝上一口呢。",translated,依恩,105bc638f8,br=0 nl=1,2,
inc/event/res/chatevent01/meat002.txt#17#12,えへへ、それぐらい好きなんだぁ。,嘿嘿，我就是有这么喜欢啦。,translated,依恩,ea5581e317,br=0 nl=0,1,
inc/event/res/chatevent01/meat002.txt#18#12,"シンプルイズベストって言葉が
今なら良く分かる気がするよ。","大道至简这句话，
我现在好像能深切体会到了呢。",translated,依恩,7a9f1c074f,br=0 nl=1,2,
inc/event/res/chatevent01/ration001.txt#5#12,"栄養補給なら
これで十分なんだけどなぁ……。","单纯为了补充营养的话
吃这个就足够了呢……。",translated,依恩,4d8a3b5780,br=0 nl=1,2,
inc/event/res/chatevent01/ration001.txt#6#12,"さすがにこればっかりになると、
身体に悪い……よね。","不过要是光吃这个的话，
对身体不好……对吧。",translated,依恩,ad8233001c,br=0 nl=1,2,
inc/event/res/chatevent01/ration001.txt#7#12,"あとこういうのって、
どうしても喉が渇いちゃうし――","而且吃这种东西，
嗓子无论如何都会发干――",translated,依恩,50f773e0ff,br=0 nl=1,2,
inc/event/res/chatevent01/ration001.txt#8#12,"飲み物がないと辛いのも
難点の一つかも。","没有饮料配着会很难咽下，
也是它的难点之一呢。",translated,依恩,868618e6eb,br=0 nl=1,2,
inc/event/res/chatevent01/ration001.txt#9#12,"作業しながらも食べれるし、
以外と便利なんだけどなぁ……。","一边干活也能一边吃，
意外地挺方便的呢……。",translated,依恩,6ed634a2f9,br=0 nl=1,2,
inc/event/res/chatevent01/ration001.txt#11#12,"グルメイトって、名前に“グルメ”って
ついてるけど、
さすがにそうは見えないよね。","美食伴侣虽然名字里带了“美食”，
但怎么看都不像呢。",translated,依恩,4b45360c0e,br=0 nl=2,3,
inc/event/res/chatevent01/ration001.txt#12#12,"割と簡単に手に入るし、
どちらかというと一般的な食べ物で――","而且相当容易入手，
倒不如说就是很普通的干粮――",translated,依恩,6d6a582b08,br=0 nl=1,2,
inc/event/res/chatevent01/ration001.txt#13#12,あ、でも前にちょっと聞いたことが……。,啊，不过之前好像听说过……。,translated,依恩,f6dc420439,br=0 nl=0,1,
inc/event/res/chatevent01/ration001.txt#14#12,"本当のグルメは一周して、
これに戻ってくるんだって。","真正的老饕在尝遍天下珍馐后，
最终还是会回归到这个上面来呢。",translated,依恩,581a998204,br=0 nl=1,2,
inc/event/res/chatevent01/ration001.txt#15#12,本当かなぁ？,真的假的呀？,translated,依恩,561a4b00b9,br=0 nl=0,1,
inc/event/res/chatevent01/ration001.txt#17#12,"今更なんだけど、グルメイトって
他に食べてる人を見た事ないなぁ。","虽说现在才想起来，但我好像
从没见过别人吃美食伴侣呢。",translated,依恩,1f7a3e896a,br=0 nl=1,2,
inc/event/res/chatevent01/ration001.txt#18#12,"わたしはけっこう好きなんだけど、
他の人には人気ないのかも。","虽然我还挺喜欢的，
但对其他人来说可能并不受欢迎呢。",translated,依恩,2817ead967,br=0 nl=1,2,
inc/event/res/chatevent01/ration001.txt#19#12,"今度ねりこさんに
グルメイトをおすすめしてみるね。","下次试着向妮莉库推荐一下
美食伴侣看看吧。",translated,依恩,d6fdf66dff,br=0 nl=1,2,
inc/event/res/chatevent01/ration001.txt#20#12,"グルメイト仲間を増やして
みんなで楽しく食べたいもんね。","希望能多几个美食伴侣同好，
大家一起开开心心地吃嘛。",translated,依恩,d7eaf9b9e4,br=0 nl=1,2,
inc/event/res/chatevent01/ration001.txt#22#12,"これって、サクサクしてて
食感がすごく好きなの。","这个酥酥脆脆的，
我很喜欢它的口感哦。",translated,依恩,5d5fc37802,br=0 nl=1,2,
inc/event/res/chatevent01/ration001.txt#23#12,"噛んだ時にサクッとなるのが
割りとクセになっちゃうんだよ。","咬下去时咔嚓一声，
意外地容易上瘾呢。",translated,依恩,ecbcd30d84,br=0 nl=1,2,
inc/event/res/chatevent01/ration001.txt#24#12,"喉が渇いちゃうのはツライけど、
飲み物でサクサク感は失いたくないね。","虽然容易口渴有点头疼，
但又不想因为喝水破坏了酥脆感呢。",translated,依恩,332784da2f,br=0 nl=1,2,
inc/event/res/chatevent01/ration001.txt#25#12,"だから、あなたもグルメイトを食べる時は
サクサク感を大切に食べて欲しいの。","所以希望你吃美食伴侣的时候，
也能好好享受这股酥脆感哦。",translated,依恩,747e24ed0f,br=0 nl=1,2,
inc/event/res/chatevent01/ration001.txt#27#12,わたしね、考えたの。,我刚才想到了一件事哦。,translated,依恩,74ba171325,br=0 nl=0,1,
inc/event/res/chatevent01/ration001.txt#28#12,"グルメイトをいろいろな動物の形で作れば
もっと楽しく食べれると思います。","要是把美食伴侣做成各种动物形状，
吃起来一定会更有趣呢。",translated,依恩,9dbf041645,br=0 nl=1,2,
inc/event/res/chatevent01/ration001.txt#29#12,見た目も楽しめた方がおいしさアップだよ。,外观更有趣的话，美味程度也会加倍哦。,translated,依恩,3e53d33061,br=0 nl=0,1,
inc/event/res/chatevent01/ration001.txt#30#12,"そういう訳で、グルメイトを考えた人に
他の形も作ってください、
ってお願いしてみるね。","所以我想去拜托发明美食伴侣的人，
请他也做做其他形状呢。",translated,依恩,d638330de6,br=0 nl=2,3,
inc/event/res/chatevent01/ration001.txt#31#12,"と言っても、誰が作ったのか
まったく分からないんだけど……ね。","话是这么说，但我根本
不知道是谁发明的呢……。",translated,依恩,ea398f603e,br=0 nl=1,2,
inc/event/res/chatevent01/ration001.txt#32#12,んー、自分で作った方が早いかな？,唔……是不是自己动手做会更快呢？,translated,依恩,73aab2bfde,br=0 nl=0,1,
inc/event/res/chatevent01/read_01.txt#4#12,……あれ？,……咦？,translated,依恩,7400bc39fd,br=0 nl=0,1,
inc/event/res/chatevent01/read_01.txt#5#12,"同じ行ばかり読み返してたよ……。
何だか、今日は集中できないなぁ。","一直在反复读同一行……。
不知怎的，今天静不下心来呢。",translated,依恩,72627efb7d,br=0 nl=1,2,
inc/event/res/chatevent01/read_01.txt#8#12,ふぁ～……。,哈啊～……,translated,依恩,a7cd717c9a,br=0 nl=0,1,
inc/event/res/chatevent01/read_01.txt#9#12,"本の内容、全然頭に入って来ない……。
はぁ、退屈……。","书里的内容，完全读不进脑子里……。
唉，好无聊啊……。",translated,依恩,73552ad003,br=0 nl=1,2,
inc/event/res/chatevent01/read_01.txt#12#12,……何かこの本、すごくつまらないよ。,……总觉得这本书，超级无趣呢。,translated,依恩,b866b56ba9,br=0 nl=0,1,
inc/event/res/chatevent01/read_01.txt#13#12,"主人公の性格が独善的で身勝手だし、
周りの登場人物もみんな自分勝手な人
ばっかり……。","主角的性格既自以为是又任性，
周围的登场角色也全是些
自私自利的人……。",translated,依恩,b43a437a9b,br=0 nl=2,3,
inc/event/res/chatevent01/read_01.txt#14#12,なんだか、気分悪くなってきちゃった。,总觉得心情都变差了呢。,translated,依恩,ad20857995,br=0 nl=0,1,
inc/event/res/chatevent01/read_01.txt#22#12,"……ご、ごめんね。
今、少し集中させて。","……抱、抱歉哦。
我现在想稍微集中一下精力。",translated,依恩,f88a00a39f,br=0 nl=1,2,
inc/event/res/chatevent01/read_01.txt#23#12,"今読んでる恋愛小説が、
クライマックスのいいところなの。","我现在读的这本恋爱小说，
正看到高潮的关键部分呢。",translated,依恩,3f6e724fdb,br=0 nl=1,2,
inc/event/res/chatevent01/read_01.txt#24#12,……頑張れ……勇気を出して、告白して！,……加油啊……拿出勇气来告白吧！,translated,依恩,4318aa4024,br=0 nl=0,1,
inc/event/res/chatevent01/read_01.txt#27#12,"面白い本って、何度読み返しても
楽しめると思わない？","有趣的书，无论反复重读多少遍
都一样引人入胜，你不觉得吗？",translated,依恩,253f43782c,br=0 nl=1,2,
inc/event/res/chatevent01/read_01.txt#28#12,"今までで一番読み返した回数は……
３５回かな？","我重读次数最多的一本是……
３５次来着？",translated,依恩,389cd1bae2,br=0 nl=1,2,
inc/event/res/chatevent01/read_01.txt#29#12,"それで今が３６回目なの。
……読み過ぎかな？","现在正在读第３６遍呢。
……是不是读太多了呀？",translated,依恩,48f11917e1,br=0 nl=1,2,
inc/event/res/chatevent01/read_01.txt#32#12,"う～、このホラー小説、すごく怖くて
中々ページが進まないよ……。","呜～这本恐怖小说太吓人了，
半天都翻不过一页去呢……。",translated,依恩,1a6cd09ea5,br=0 nl=1,2,
inc/event/res/chatevent01/read_01.txt#33#12,……読んでる間、そこにいてね？,……在我读完之前，留在那边陪我好吗？,translated,依恩,63f4e6bb84,br=0 nl=0,1,
inc/event/res/chatevent01/read_01.txt#43#12,"はぁ……。
なんか集中できないなぁ……。","哈啊……
总觉得静不下心来呢……。",translated,依恩,de9daeb1bc,br=0 nl=1,2,
inc/event/res/chatevent01/read_01.txt#44#12,"調子が悪いときって、
他の事ばっかり考えちゃうの。","状态不好的时候，
就是会忍不住胡思乱想呢。",translated,依恩,eefeb5ff2a,br=0 nl=1,2,
inc/event/res/chatevent01/read_01.txt#45#12,"せっかく本を読んでいるのに、
全然文章が頭の中に入ってこないよ……。","明明难得在看书，
文字却完全进不去脑子里呢……。",translated,依恩,264dd2b88b,br=0 nl=1,2,
inc/event/res/chatevent01/read_01.txt#47#12,"いつもなら本を読んでると、
嫌なことも忘れられるのに、
なんか駄目みたい……。","平时只要看书就能忘掉不开心的事，
今天好像完全不管用呢……。",translated,依恩,6027ba408a,br=0 nl=2,3,
inc/event/res/chatevent01/read_01.txt#48#12,やっぱり調子悪いのかなぁ……。,果然还是身体状态不太好吗……。,translated,依恩,dd84ec4b68,br=0 nl=0,1,
inc/event/res/chatevent01/read_01.txt#50#12,"今、ミステリー小説を読んでたんだけど、
犯人がすぐ分かっちゃって……。","刚才在看推理小说，
但是马上就猜出凶手是谁了……。",translated,依恩,2c16ebb84d,br=0 nl=1,2,
inc/event/res/chatevent01/read_01.txt#51#12,"こういう展開ってたまにあるけど、
どうせならちゃんと推理したいよね。","虽然偶尔会有这种情节展开，
但既然看都看了，还是希望能好好推理一番呢。",translated,依恩,53269a0c32,br=0 nl=1,2,
inc/event/res/chatevent01/read_01.txt#55#12,"今ファンタジー小説を読んでたんだけど、
こういう不思議な世界っていいよね。","刚才在读奇幻小说，
这种不可思议的世界真好呀。",translated,依恩,283c0eef46,br=0 nl=1,2,
inc/event/res/chatevent01/read_01.txt#56#12,"こういう物語で登場するものが
現実になったらすごく楽しいだろうなぁ。","要是这种故事里登场的东西
能在现实中成真，那该有多好玩呀。",translated,依恩,0fa56183f6,br=0 nl=1,2,
inc/event/res/chatevent01/read_01.txt#58#12,"今読んでる本が終わったら
次はどれを読もうかなぁ……。","等现在手头这本读完了，
下一本该读哪一本好呢……。",translated,依恩,ea3ebe635c,br=0 nl=1,2,
inc/event/res/chatevent01/read_01.txt#59#12,"本ってすごい種類があるから、
いくら読んでも読みきれる気がしないよ。","书的种类实在是太多了，
感觉无论怎么读都永远读不完呢。",translated,依恩,9aded62e05,br=0 nl=1,2,
inc/event/res/chatevent01/read_01.txt#60#12,"もし世界中の本を読もうとしたら、
一生かかっても無理なんじゃないかな。","要是想把世界上所有的书都读个遍，
恐怕穷尽一生也根本不可能吧。",translated,依恩,b3daf42660,br=0 nl=1,2,
inc/event/res/chatevent01/read_01.txt#62#12,"ファンタジーやミステリーみたいに
物語がある本もいいけど、
専門書も読んでると面白いんだよ。","像奇幻或推理那样有故事性的书固然好，
但读读专业书也挺有意思的哦。",translated,依恩,de3823528d,br=0 nl=2,3,
inc/event/res/chatevent01/read_01.txt#63#12,"知らないことがたくさん載ってるし、
すごくためになるんだ。","上面记载了好多不知道的知识，
真的受益匪浅呢。",translated,依恩,155b104f0b,br=0 nl=1,2,
inc/event/res/chatevent01/salad001.txt#5#12,はぁ、野菜がすごく甘くておいしいよ。,哈啊，蔬菜好清甜好好吃哦。,translated,依恩,cfcda59b13,br=0 nl=0,1,
inc/event/res/chatevent01/salad001.txt#6#12,なんか光ってるのが、謎だけど……。,虽然不知为何闪闪发光这一点很迷……。,translated,依恩,791353f917,br=0 nl=0,1,
inc/event/res/chatevent01/salad001.txt#7#12,"味はすごくいいんだし、
これはこれでいいよね♪","但味道非常棒，
这样也就挺好的啦♪",translated,依恩,648d3332b6,br=0 nl=1,2,
inc/event/res/chatevent01/salad001.txt#8#12,はぁ～、サラダがおいしいよ～。,哈啊～沙拉真好吃呀～。,translated,依恩,fa7d48b6e8,br=0 nl=0,1,
inc/event/res/chatevent01/salad001.txt#10#12,う～ん、さっぱりしてておいしい～。,嗯～清清爽爽的真好吃～。,translated,依恩,876207faca,br=0 nl=0,1,
inc/event/res/chatevent01/salad001.txt#11#12,"野菜もすごく甘くて、
まるでフルーツを食べてるみたいだよ。","蔬菜也格外甘甜，
简直就像在吃水果一样呢。",translated,依恩,862f486522,br=0 nl=1,2,
inc/event/res/chatevent01/salad001.txt#12#12,"サラダって体にもいいし、
こんなにおいしいなら
しばらくはこれでもいいかも……。","沙拉对身体也好，既然这么好吃，
一阵子光吃这个感觉也没问题……。",translated,依恩,7369c99aac,br=0 nl=2,3,
inc/event/res/chatevent01/salad001.txt#13#12,なんて、それじゃ逆に体に悪いよね。,……开玩笑的，那样反而对身体不好呢。,translated,依恩,81f3623c6a,br=0 nl=0,1,
inc/event/res/chatevent01/salad001.txt#15#12,"う～ん、それにしてもこの輝きは
なんなんだろう？","嗯～话说回来，这股光泽
究竟是怎么一回事呢？",translated,依恩,5c0cb0ae02,br=0 nl=1,2,
inc/event/res/chatevent01/salad001.txt#16#12,"何か特別なことをしたつもりは
ないんだよね……。",我记得自己并没有做什么特别的事呀……。,translated,依恩,f92dfcd3b2,br=0 nl=1,2,
inc/event/res/chatevent01/salad001.txt#17#12,"もしかしたら、この野菜の甘さと
なにか関係が……。","难不成，和这蔬菜的清甜
有着什么关联吗……。",translated,依恩,7dbf7a6702,br=0 nl=1,2,
inc/event/res/chatevent01/salad001.txt#18#12,って、さすがにそれはないよね。,……等等，再怎么想也不可能吧。,translated,依恩,4585937ebc,br=0 nl=0,1,
inc/event/res/chatevent01/salad001.txt#20#12,う～ん！　野菜が甘いよ～。,嗯～！蔬菜好甜呀～。,translated,依恩,9e59169767,br=0 nl=0,1,
inc/event/res/chatevent01/salad001.txt#21#12,"こんなに甘いならドレッシングなしでも
十分いけるかも♪","既然这么甜，感觉就算不放沙拉酱
也完全能直接大快朵颐呢♪",translated,依恩,9a09eb6ae7,br=0 nl=1,2,
inc/event/res/chatevent01/salad001.txt#22#12,"あっ、でもこの甘さはドレッシングが
あってこそのものかもしれないし……。","啊，不过这股甜味说不定
正是因为有沙拉酱才衬托出来的呢……。",translated,依恩,7d247eb45b,br=0 nl=1,2,
inc/event/res/chatevent01/salad001.txt#23#12,"今度、試しにそのままで食べてみるのも
いいかもしれないね。","下次试着直接原汁原味吃吃看，
也许会不错呢。",translated,依恩,9e03dc47a8,br=0 nl=1,2,
inc/event/res/chatevent01/salad001.txt#25#12,"何度見てもジュエリーサラダって
キラキラ光って綺麗だよね。","无论看多少次，珠宝沙拉都是
闪闪发光的，好漂亮呢。",translated,依恩,90f25818cf,br=0 nl=1,2,
inc/event/res/chatevent01/salad001.txt#26#12,食べ物なんだけどね……。,虽然它明明是食物就是了……。,translated,依恩,0a053cd13a,br=0 nl=0,1,
inc/event/res/chatevent01/salad001.txt#27#12,"野菜も甘くてすごくおいしいし、
見た目も綺麗なのは分かるんだけど、
どうして光るんだろう……。","蔬菜又甜又好吃，外观好看我也能理解，
但到底为什么会发光呢……。",translated,依恩,de8096dc73,br=0 nl=2,3,
inc/event/res/chatevent01/salad001.txt#28#12,"自分で作っておいてなんだけど、
こればっかりは分からないね。","虽然是自己动手做的，
但唯独这点真让人摸不着头脑呢。",translated,依恩,d241da9537,br=0 nl=1,2,
inc/event/res/chatevent01/soup001.txt#5#12,"うん、味はばっちりだね！
おいしいよ。","嗯，味道无可挑剔！
很好喝哦。",translated,依恩,0ff4a74719,br=0 nl=1,2,
inc/event/res/chatevent01/soup001.txt#6#12,"でも、見た目がちょっと……
んー、何でこうなっちゃったのかなぁ？","不过外观稍微有点……
唔，为什么会变成这样呢？",translated,依恩,b3d93cdbcc,br=0 nl=1,2,
inc/event/res/chatevent01/soup001.txt#7#12,"ルウレイさんのスープ
もっとおいしそうだったのに……。","鲁雷女士做的汤，
明明看起来更加诱人美味的……。",translated,依恩,182255493a,br=0 nl=1,2,
inc/event/res/chatevent01/soup001.txt#8#12,"でも、味はそっくりに出来てるし、
どうして見た目だけが……？","但是味道明明完全还原出来了，
为什么只有外观会是……？",translated,依恩,e49a7f2f97,br=0 nl=1,2,
inc/event/res/chatevent01/soup001.txt#9#12,"ある意味、普通に作るより
難しいことを成功させた気がするよ。","某种意义上，感觉自己成功做到了
比按部就班做还要更难的事呢。",translated,依恩,92f55120da,br=0 nl=1,2,
inc/event/res/chatevent01/soup001.txt#11#12,"はぁぁ……スープを飲むと
心まで温まるよ。","哈啊……喝了这碗汤，
连心灵都跟着温暖起来了呢。",translated,依恩,5993fdd908,br=0 nl=1,2,
inc/event/res/chatevent01/soup001.txt#12#12,"なんというか、
じんわりと身に染みるって言う感じ。","该怎么说呢，
就像是慢慢浸润渗入体内一样。",translated,依恩,3a4c044ffe,br=0 nl=1,2,
inc/event/res/chatevent01/soup001.txt#13#12,えへへ、ちょっとお年寄りっぽいかな？,嘿嘿，感觉有点像老爷爷老奶奶的语气？,translated,依恩,ddf633929c,br=0 nl=0,1,
inc/event/res/chatevent01/soup001.txt#14#12,でもね、気のせいじゃないと思うんだ。,不过呢，我觉得并不是心理作用哦。,translated,依恩,272568575d,br=0 nl=0,1,
inc/event/res/chatevent01/soup001.txt#15#12,"ルウレイさんの優しさが
このスープには詰まってるんだもん。","因为鲁雷女士的温柔，
全都凝聚在这碗汤里了呀。",translated,依恩,3a2d124593,br=0 nl=1,2,
inc/event/res/chatevent01/soup001.txt#17#12,"このスープの香りを嗅ぐと
自然とお腹がなっちゃうの。","只要一闻到这碗汤的香气，
肚子就会自然而然地咕噜咕噜叫起来。",translated,依恩,eb3f4b7c32,br=0 nl=1,2,
inc/event/res/chatevent01/soup001.txt#18#12,えへへ、お腹の音、聞かれちゃったかな？,嘿嘿，肚子叫的声音，被你听到了吗？,translated,依恩,1204553156,br=0 nl=0,1,
inc/event/res/chatevent01/soup001.txt#19#12,"料理って、食べるだけじゃなくて
目で、耳で、鼻でも感じられるんだよ。","料理不仅是用嘴来品尝，
还能用眼睛、耳朵和鼻子来感受哦。",translated,依恩,7b13d19d8f,br=0 nl=1,2,
inc/event/res/chatevent01/soup001.txt#20#12,"今日は、いろいろ堪能しながら
ゆっくり飲むことにするね。","今天我要一边细细品味各种细节，
一边慢慢喝完呢。",translated,依恩,82b351b37e,br=0 nl=1,2,
inc/event/res/chatevent01/soup001.txt#21#12,何かね、いつもより美味しく感じるよ。,不知怎的，感觉喝起来比平时还要美味呢。,translated,依恩,884fa2b7db,br=0 nl=0,1,
inc/event/res/chatevent01/soup001.txt#23#12,"んー、いつ飲んでも
さっぱりしていて飲みやすいよ。","嗯～无论什么时候喝
都十分爽口顺喉呢。",translated,依恩,b1d7f321da,br=0 nl=1,2,
inc/event/res/chatevent01/soup001.txt#24#12,"だからね、油断していると
一気にゴクゴク飲んじゃいそうになるの。","所以呀，要是一不留神，
感觉就会咕咚咕咚一口气全灌下去了。",translated,依恩,e7a2790098,br=0 nl=1,2,
inc/event/res/chatevent01/soup001.txt#25#12,でも、それだともったいないでしょ？,不过，那样喝也未免太浪费了吧？,translated,依恩,b42f3e6c3e,br=0 nl=0,1,
inc/event/res/chatevent01/soup001.txt#26#12,"飲む時は、一口ずつ飲まないとね。
じゃないと、すぐに無くなって寂しいもん。","喝的时候，一定要一小口一小口抿才行。
不然转眼就喝光了，会很舍不得的嘛。",translated,依恩,6808948982,br=0 nl=1,2,
inc/event/res/chatevent01/soup001.txt#28#12,これを飲むとホッとするよ。,一喝这个，整个人就会平静放松下来哦。,translated,依恩,fe6791ca34,br=0 nl=0,1,
inc/event/res/chatevent01/soup001.txt#29#12,やっぱり、ルウレイさんのスープだからかな？,果然是因为这是鲁雷女士的汤的缘故吗？,translated,依恩,59d62916ac,br=0 nl=0,1,
inc/event/res/chatevent01/soup001.txt#30#12,"懐かしい味、っていうか……
安心できる味、って感じだね。","感觉是令人怀念的味道……
或者说，是让人感到安心的味道呢。",translated,依恩,f33d3f647b,br=0 nl=1,2,
inc/event/res/chatevent01/soup001.txt#31#12,"あなたも、安心できる味ってあるでしょ？
それと同じかな。","你应该也有那种能让你感到安心的味道吧？
大概就是那样的感觉呢。",translated,依恩,4b8be5ad07,br=0 nl=1,2,
inc/event/res/chatevent01/sweets002.txt#5#12,"うん、おいしい……。
というより、食べられるね。","嗯，味道还行……
与其说是好吃，倒不如说是咽得下去呢。",translated,依恩,5f7a92475a,br=0 nl=1,2,
inc/event/res/chatevent01/sweets002.txt#6#12,"コラーゲンの塊だから、
それ自体の味は全然分からないけど……。","毕竟是胶原蛋白块，
本身的滋味完全尝不出来就是了……。",translated,依恩,341f674d37,br=0 nl=1,2,
inc/event/res/chatevent01/sweets002.txt#7#12,"上にかかったチョコレートの甘さのおかげで
普通に食べることができるよ。","多亏淋在上面的巧克力带有甜味，
总算能像普通甜点一样吃下去了。",translated,依恩,27e2c613c8,br=0 nl=1,2,
inc/event/res/chatevent01/sweets002.txt#8#12,食感もまぁ……悪くはないかな。,口感嘛……勉强还不算坏吧。,translated,依恩,59fbf1f65a,br=0 nl=0,1,
inc/event/res/chatevent01/sweets002.txt#10#12,"コラーゲンって体にいいから、
健康のためにと思って作ったけど、
やっぱり何度も食べたいものじゃないかも。","虽然想着胶原蛋白对身体好，
为了健康才做出来的，
但果然不是让人想吃很多次的东西呢。",translated,依恩,52aed4ca2e,br=0 nl=2,3,
inc/event/res/chatevent01/sweets002.txt#11#12,"食べられない味じゃないんだけど、
他の物の方がやっぱりおいしいよ。","倒也不是难吃到难以下咽，
但相比之下其他东西果然更美味呢。",translated,依恩,a49bcfd896,br=0 nl=1,2,
inc/event/res/chatevent01/sweets002.txt#12#12,"でも、これも健康のためだし、
少しくらい我慢しなきゃだめかな……。","不过既然是为了健康着想，
稍微忍耐一下也是必须的吧……。",translated,依恩,e9109d605b,br=0 nl=1,2,
inc/event/res/chatevent01/sweets002.txt#13#12,体壊して倒れたくないもんね。,毕竟谁也不想累坏身子病倒嘛。,translated,依恩,62414084f4,br=0 nl=0,1,
inc/event/res/chatevent01/sweets002.txt#15#12,"このコラーゲンのプルプルっとした
食感にチョコレートの甘さ。","这种胶原蛋白滑溜溜弹牙的
口感配上巧克力的香甜。",translated,依恩,b0f65820c3,br=0 nl=1,2,
inc/event/res/chatevent01/sweets002.txt#16#12,"これだけ考えると、
ちゃんとしたデザートだよ。","光这么想的话，
确实是一道正正经经的甜品呢。",translated,依恩,1e556b349c,br=0 nl=1,2,
inc/event/res/chatevent01/sweets002.txt#17#12,"それでもやっぱり、どうせ食べるなら
パフェとか作って……。","即便如此，要是真能吃的话，
还是更想做芭菲之类的……。",translated,依恩,2fba0b9222,br=0 nl=1,2,
inc/event/res/chatevent01/sweets002.txt#18#12,って、そうじゃないよ！,……等等，不对不对！,translated,依恩,fd4d8dfd11,br=0 nl=0,1,
inc/event/res/chatevent01/sweets002.txt#19#12,"普通のデザートにはない健康さが
ショコラーゲンにあるんだから、
ちゃんと食べないとだめだよね。","巧克胶原拥有普通甜品没有的健康功效，
所以必须好好吃下去才行呢。",translated,依恩,1150f2e2b3,br=0 nl=2,3,
inc/event/res/chatevent01/sweets002.txt#21#12,"コラーゲンは体にとって
すごく大事なんだよ。","胶原蛋白对身体来说
可是非常重要的哦。",translated,依恩,91b4e3faa4,br=0 nl=1,2,
inc/event/res/chatevent01/sweets002.txt#22#12,"これが不足すると体の節々が痛くなるって
どこかの本で読んだような気がする。","我记得好像在某本书里读过，
要是缺少这个，身体各处关节都会酸痛呢。",translated,依恩,8a96301673,br=0 nl=1,2,
inc/event/res/chatevent01/sweets002.txt#23#12,"だからね、今のうちからしっかりと
コラーゲンを取っておかなくちゃ。","所以呢，趁着现在
就必须好好把胶原蛋白补充足才行。",translated,依恩,0f9d037192,br=0 nl=1,2,
inc/event/res/chatevent01/sweets002.txt#24#12,"デザートとしても十分に食べられるし、
これはありな気がする。","而且作为甜点也完全过得去，
感觉其实还挺可行的呢。",translated,依恩,538050b34b,br=0 nl=1,2,
inc/event/res/chatevent01/sweets002.txt#26#12,う～ん、やっぱり味は微妙だね。,嗯～味道果然还是有点一言难尽呢。,translated,依恩,2b44fcece6,br=0 nl=0,1,
inc/event/res/chatevent01/sweets002.txt#27#12,"コラーゲンのプルプルって食感も
チョコレートの甘さもいいんだけど……。","胶原蛋白弹滑的口感也好，
巧克力的甜味也罢，虽然都不错……。",translated,依恩,a337ffe3d5,br=0 nl=1,2,
inc/event/res/chatevent01/sweets002.txt#28#12,"二つが合わさるとこんなにも
不思議な味になるなんて……。","但两者加在一块儿，
居然会变成如此奇妙古怪的味道……。",translated,依恩,5d1d96dd5b,br=0 nl=1,2,
inc/event/res/chatevent01/sweets002.txt#29#12,けど、食べられるからいいよね。,不过能吃得下去就算过关啦。,translated,依恩,30afe4c936,br=0 nl=0,1,
inc/event/res/chatevent01/sweets003.txt#5#12,う～ん……ほどよい甘さがいい感じだよ。,嗯～恰到好处的甜度感觉很棒哦。,translated,依恩,f5167d7de8,br=0 nl=0,1,
inc/event/res/chatevent01/sweets003.txt#6#12,"けど、どうせデザートなら
もっと甘い方が……。","不过既然都是甜点了，
其实更甜一点的话……。",translated,依恩,80134b6727,br=0 nl=1,2,
inc/event/res/chatevent01/sweets003.txt#7#12,"って、それじゃダイエットケーキの
意味がないよね。","……等等，那样就失去
减肥蛋糕的意义了呢。",translated,依恩,dcfc4065cf,br=0 nl=1,2,
inc/event/res/chatevent01/sweets003.txt#8#12,"その……太ってるってわけじゃないと
思うけど、油断はしちゃだめだよね。","那个……虽然我觉得自己并不算胖，
但也绝对不能掉以轻心对吧。",translated,依恩,823bea777a,br=0 nl=1,2,
inc/event/res/chatevent01/sweets003.txt#10#12,"ダイエットケーキのクリームって、
すっごく甘さが控えめなんだよ。","减肥蛋糕的奶油，
甜度抑制得非常低哦。",translated,依恩,f0220a3b4d,br=0 nl=1,2,
inc/event/res/chatevent01/sweets003.txt#11#12,"これだけ控えてると、
デザートって感じがしないかも……。","压抑到这种地步，
可能都没什么吃甜点的感觉了……。",translated,依恩,f7b66b1113,br=0 nl=1,2,
inc/event/res/chatevent01/sweets003.txt#12#12,で、でも、これはそういうものなんだよね。,但、不过，这个本来就是这样的东西嘛。,translated,依恩,e3188f786b,br=0 nl=0,1,
inc/event/res/chatevent01/sweets003.txt#13#12,"それに、こういうケーキがあるってだけで、
なんとなく女の子にとっては
心強いと思うよ。","而且只要知道有这种蛋糕存在，
女孩子心里总会觉得格外安心呢。",translated,依恩,f58086f912,br=0 nl=2,3,
inc/event/res/chatevent01/sweets003.txt#15#12,"う～ん、この甘さ控えめな感じが
なんとも……。","嗯～这种控糖的感觉
总觉得有些微妙……。",translated,依恩,b5e17eabe2,br=0 nl=1,2,
inc/event/res/chatevent01/sweets003.txt#16#12,"甘いのを食べたいときもあるけど、
こうやってほどよい甘さの物を
食べたいときもあるよね。","虽然有时想吃甜食，
但像这样偶尔想吃清淡甜味的时候
也是有的对吧。",translated,依恩,0ff359a6a2,br=0 nl=2,3,
inc/event/res/chatevent01/sweets003.txt#17#12,"そういうときこそ、
このダイエットケーキの出番な気がする。","我觉得那种时候，
正该轮到这款减肥蛋糕登场了呢。",translated,依恩,28f08eeda2,br=0 nl=1,2,
inc/event/res/chatevent01/sweets003.txt#18#12,"ダイエットのためだけの
ケーキじゃないダイエットケーキ。",不仅仅是为了减肥而存在的减肥蛋糕。,translated,依恩,1bb482048d,br=0 nl=1,2,
inc/event/res/chatevent01/sweets003.txt#19#12,えへへ、悪くないんじゃないかな。,嘿嘿，感觉其实还不错嘛。,translated,依恩,760110ffdd,br=0 nl=0,1,
inc/event/res/chatevent01/sweets003.txt#21#12,"ダイエットって、
ちゃんとしたのわたししたことないけど、
すごく辛そうだよね。","虽然我自己没有真正正经减肥过，
但感觉真的很辛苦呢。",translated,依恩,2f866bcc8d,br=0 nl=2,3,
inc/event/res/chatevent01/sweets003.txt#22#12,"だって、甘いケーキを食べたいのに、
甘くないケーキを食べるようにしないと
いけないんでしょ？","因为明明想吃香甜的蛋糕，
却不得不逼自己去吃不甜的蛋糕，
对吧？",translated,依恩,cbeff7312f,br=0 nl=2,3,
inc/event/res/chatevent01/sweets003.txt#23#12,"これはこれでおいしいけど、
もし本当に甘いものが食べたいときに
これを食べるのはちょっと辛いかも……。","虽然这个其实也挺好吃的，
但如果是在真心想吃甜食的时候吃它，
可能真的有点煎熬呢……。",translated,依恩,8aff43e52a,br=0 nl=2,3,
inc/event/res/chatevent01/sweets003.txt#24#12,"ダイエットすることにならないように、
わたしも気をつけなきゃ……。","为了不落到需要减肥的地步，
我也得小心注意才行……。",translated,依恩,1c4816dfc0,br=0 nl=1,2,
inc/event/res/chatevent01/sweets003.txt#26#12,"はぁ～、普通のケーキもおいしいけど、
たまにこういう甘さ控えめなのもいいよね。","哈啊～虽然普通的蛋糕很好吃，
但偶尔尝尝这种微甜的也挺不错呢。",translated,依恩,749545f270,br=0 nl=1,2,
inc/event/res/chatevent01/sweets003.txt#27#12,"口の中に入れた瞬間は
よく分からないんだけど……。","刚放进嘴里的一瞬间
可能还感觉不太明显……。",translated,依恩,af62a68300,br=0 nl=1,2,
inc/event/res/chatevent01/sweets003.txt#28#12,こう、ジワ～って甘さが広がっていくの。,然后甜味就像这样缓缓渗透扩散开来。,translated,依恩,751b491755,br=0 nl=0,1,
inc/event/res/chatevent01/sweets003.txt#29#12,"確かにお腹は膨らむんだけど、
あんまり食べたって感じがしないし、
これならいくらでも食べられるかも。","肚子确实饱了，
但总觉得没怎么吃到东西，
照这样感觉吃多少都能吃得下呢。",translated,依恩,b4803e0707,br=0 nl=2,3,
inc/event/res/chatevent01/sweets003.txt#30#12,"まぁ、食べ過ぎちゃったら、
ダイエットケーキの意味がないけどね。","不过要是吃太多的话，
就失去减肥蛋糕的意义了就是啦。",translated,依恩,52e22edaf4,br=0 nl=1,2,
inc/event/res/chatevent01/sweets004.txt#5#12,うん、ちゃんとお味噌汁だよ。,嗯，是货真价实的味噌汤哦。,translated,依恩,b79d06042a,br=0 nl=0,1,
inc/event/res/chatevent01/sweets004.txt#6#12,"ミソデココが入ってるから、
食べ応えもあって楽しいね。","因为加入了椰果味噌，
嚼劲十足很有趣呢。",translated,依恩,a94e1ada38,br=0 nl=1,2,
inc/event/res/chatevent01/sweets004.txt#7#12,お味噌汁って、飲むとホッとするの。,味噌汤只要一喝，就会让人安心下来。,translated,依恩,3efd4ce003,br=0 nl=0,1,
inc/event/res/chatevent01/sweets004.txt#8#12,"染み渡るって言うのかな？
すっごく落ち着くんだよ。","该说是沁人心脾吗？
整个人都会格外平静沉淀下来哦。",translated,依恩,2836f3b686,br=0 nl=1,2,
inc/event/res/chatevent01/sweets004.txt#9#12,"いつか、あなたにわたしが作った
お味噌汁を飲んでもらいたいかな。","希望有朝一日，
我也能让你尝尝我亲手熬的味噌汤呢。",translated,依恩,5051135cd8,br=0 nl=1,2,
inc/event/res/chatevent01/sweets004.txt#11#12,"ミソデココって見た目は
ちょっと抵抗あるけど、
飲むと美味しいんだよ。","椰果味噌虽然外观看着
可能让人有点抗拒，
但喝起来其实非常美味哦。",translated,依恩,d1e7933c6a,br=0 nl=2,3,
inc/event/res/chatevent01/sweets004.txt#12#12,"お豆腐なら平気なのに、
ミソデココだと抵抗があるのは
何でだろうね？","豆腐明明就完全没问题，
换成椰果味噌就会让人抵触，
这是为什么呢？",translated,依恩,d134116d06,br=0 nl=2,3,
inc/event/res/chatevent01/sweets004.txt#13#12,"でも、美味しいのは間違いないんだし
気にしちゃダメだよね。","不过好喝是千真万确的，
可不能太在意外表呢。",translated,依恩,05e4ae1483,br=0 nl=1,2,
inc/event/res/chatevent01/sweets004.txt#14#12,んー、体があったまって、癒されるよ。,嗯～身体暖和起来了，好治愈呀。,translated,依恩,cc5961da06,br=0 nl=0,1,
inc/event/res/chatevent01/sweets004.txt#16#12,"んー、このお味噌汁の湯気って
食欲をそそられるよね。","嗯～这碗味噌汤腾腾的热气，
真让人食欲大开呢。",translated,依恩,19068db9b2,br=0 nl=1,2,
inc/event/res/chatevent01/sweets004.txt#17#12,"ご飯を食べる準備が整う感じかな？
こう……お腹がきゅっとなるの。","就像是为吃正餐做好了准备一样？
感觉……肚子都忍不住开始咕咕叫了。",translated,依恩,4f61af7063,br=0 nl=1,2,
inc/event/res/chatevent01/sweets004.txt#18#12,ミソデココでもそれは同じだね。,椰果味噌也是一样的道理呢。,translated,依恩,88d2a60eb5,br=0 nl=0,1,
inc/event/res/chatevent01/sweets004.txt#19#12,"んっ……はぁぁ……美味しいよぉ。
お味噌汁って最高。","嗯……哈啊……真好喝呀。
味噌汤最棒了。",translated,依恩,521544bf9b,br=0 nl=1,2,
inc/event/res/chatevent01/sweets004.txt#21#12,"ん、ごくごく……ふぅ、
ミソデココ、何か大好物に
なっちゃったかも。","嗯，咕嘟咕嘟……呼，
椰果味噌，感觉好像
变成我的最爱了呢。",translated,依恩,62110959ca,br=0 nl=2,3,
inc/event/res/chatevent01/sweets004.txt#22#12,"最初はちょっと抵抗あったけど
今じゃ、ミソデココが待ち遠しいもん。","一开始虽然有点抗拒，
但现在我都迫不及待想喝椰果味噌了呢。",translated,依恩,64dcc6854f,br=0 nl=1,2,
inc/event/res/chatevent01/sweets004.txt#23#12,"作ってる時から、鼻歌が出ちゃうくらい
ウキウキしてたんだよ。","从烹饪的时候起，我就雀跃得
忍不住哼起小曲来了哦。",translated,依恩,030bd89c77,br=0 nl=1,2,
inc/event/res/chatevent01/sweets004.txt#24#12,ん……はぁ、この味、病み付きだね。,嗯……哈啊，这味道真让人上瘾呢。,translated,依恩,c358c70aa6,br=0 nl=0,1,
inc/event/res/chatevent01/sweets004.txt#26#12,"何か最近、ミソデココを飲まないと
ご飯を食べた気がしないんだよ。","最近不知怎的，要是不喝上一碗椰果味噌，
总觉得都没吃过饭一样呢。",translated,依恩,5365c7d618,br=0 nl=1,2,
inc/event/res/chatevent01/sweets004.txt#27#12,"お味噌汁は体にも良いし、
毎日飲んでも良いくらいだよね。","味噌汤对身体也好，
就算天天喝也完全没问题呢。",translated,依恩,734aa0a36c,br=0 nl=1,2,
inc/event/res/chatevent01/sweets004.txt#28#12,はぁ、何か生きかえる、って感じ。,哈啊，整个人都像重新活过来了呢。,translated,依恩,643fcbc30c,br=0 nl=0,1,
inc/event/res/chatevent01/sweets004.txt#29#12,"えへへ、ミソデココおいしい。
これ、幸せかも。","嘿嘿，椰果味噌真好喝。
这说不定就是幸福吧。",translated,依恩,f203b7a4f7,br=0 nl=1,2,
inc/event/res/chatevent01/sweets005.txt#5#12,"ぷるぷるのプリンなんだけど
パチパチする味なの。","明明是滑嫩弹润的布丁，
尝起来却噼啪作响呢。",translated,依恩,dbd723bed1,br=0 nl=1,2,
inc/event/res/chatevent01/sweets005.txt#6#12,"それがね、すかいぶるープリンの
おいしさなんだよ。","那就是天蓝色布丁的
美味奥秘所在哦。",translated,依恩,fb6220b2d1,br=0 nl=1,2,
inc/event/res/chatevent01/sweets005.txt#7#12,"ゼリーとは違う食感で
すごく新鮮な感じだね。","有着不同于果冻的口感，
感觉非常新奇呢。",translated,依恩,f10e3f7b15,br=0 nl=1,2,
inc/event/res/chatevent01/sweets005.txt#8#12,"生クリームを付けて食べると
甘くてさらに楽しめるんだぁ。","蘸上鲜奶油一起吃的话，
香甜浓郁更添一份乐趣呢。",translated,依恩,75b2d69178,br=0 nl=1,2,
inc/event/res/chatevent01/sweets005.txt#10#12,"見た目はゼリーみたいだけど
ちゃんとプリンなんだよ？","虽然看起来像果冻，
但其实是名副其实的布丁哦？",translated,依恩,e696763695,br=0 nl=1,2,
inc/event/res/chatevent01/sweets005.txt#11#12,"食感もパチパチするプリンだし
甘さも喉越しもすっきりなの。","口感既是噼啪跳动的布丁，
甜度与顺滑感也格外清爽爽口。",translated,依恩,9ed62be086,br=0 nl=1,2,
inc/event/res/chatevent01/sweets005.txt#12#12,これを考えた人は天才かも。,想出这个的人说不定是个天才呢。,translated,依恩,7f839b1d0f,br=0 nl=0,1,
inc/event/res/chatevent01/sweets005.txt#13#12,"雲に見立てた生クリームのバランスも良いし
これって実は完成度の高い
デザートだったりして？","做成白云模样的鲜奶油比例也很完美，
这道甜点该不会其实
完成度超级高吧？",translated,依恩,5541e668bc,br=0 nl=2,3,
inc/event/res/chatevent01/sweets005.txt#15#12,"すかいぶるープリンって、
スプーンで突っつくとぷるぷる揺れるの。","天蓝色布丁用勺子戳一戳的话，
就会骨碌碌地来回晃动哦。",translated,依恩,abb9cef4df,br=0 nl=1,2,
inc/event/res/chatevent01/sweets005.txt#16#12,どう？　かわいいでしょ？,怎么样？很可爱吧？,translated,依恩,f9ed9b62ef,br=0 nl=0,1,
inc/event/res/chatevent01/sweets005.txt#17#12,"おいしくてかわいいなんて、
素敵なデザートだよね。","又好吃又可爱，
真是非常棒的甜品呢。",translated,依恩,21227b8861,br=0 nl=1,2,
inc/event/res/chatevent01/sweets005.txt#19#12,"何度も食べてるけど、
たまぁにゼリーに間違えちゃうの。","虽然吃过很多次了，
但偶尔还是会搞错成果冻呢。",translated,依恩,ae8b151813,br=0 nl=1,2,
inc/event/res/chatevent01/sweets005.txt#20#12,"仕方ないよね。
見た目はゼリーだもん。","这也是没办法的嘛。
毕竟外表看起来就是果冻呀。",translated,依恩,bd9ece8999,br=0 nl=1,2,
inc/event/res/chatevent01/sweets005.txt#21#12,"これって、何も知らない人が食べたら
びっくりすること間違いなしだよ。","这个要是给不知情的人吃，
肯定会大吃一惊的。",translated,依恩,bef897f1ed,br=0 nl=1,2,
inc/event/res/chatevent01/sweets005.txt#22#12,"ゼリーみたいなプリンなんて
みんな気づかないよね。","谁能料到看起来像果冻的
居然会是布丁呢。",translated,依恩,58629418c7,br=0 nl=1,2,
inc/event/res/chatevent01/sweets005.txt#24#12,"わたしね、パチパチするのが
たまらなく好きなの。","我呀，特别喜欢这种
噼里啪啦跳动的感觉呢。",translated,依恩,3ac9459f4d,br=0 nl=1,2,
inc/event/res/chatevent01/sweets005.txt#25#12,"甘くて口の中がパチパチするのって
夢みたいなデザートだよ。","甜丝丝的又在嘴里噼啪作响，
简直就像梦幻般的甜点一样。",translated,依恩,b5074160a1,br=0 nl=1,2,
inc/event/res/chatevent01/sweets005.txt#26#12,"口解けもプリンだから滑らかだし
これだけでお店とか開けそうだよね。","入口即化因为是布丁所以很顺滑，
光凭这个感觉都能开店了呢。",translated,依恩,df8f20a3c3,br=0 nl=1,2,
inc/event/res/chatevent01/sweets005.txt#27#12,"えへへ、それは良い過ぎかな？
でもね、ちょっとだけ本気かも。","嘿嘿，这么说有点夸张了吗？
不过呢，我其实稍微有一点认真哦。",translated,依恩,c0f33e13a7,br=0 nl=1,2,
inc/event/res/chatevent01/sweets006.txt#4#12,えへへ、やっぱりアイスは凄く美味しいよ。,嘿嘿，冰淇淋果然超级美味呢。,translated,依恩,acc26ef320,br=0 nl=0,1,
inc/event/res/chatevent01/sweets006.txt#5#12,……でも、どうしてかな？,……不过，为什么呢？,translated,依恩,0df3ae7f1d,br=0 nl=0,1,
inc/event/res/chatevent01/sweets006.txt#6#12,"このアイスの名前を考えながら食べてると、
美味しいって思うと同時に、危ない、って
思っちゃうの……。","一边想着这款冰淇淋的名字一边吃，
在觉得好吃的同时，
总会觉得很危险呢……。",translated,依恩,1667402774,br=0 nl=2,3,
inc/event/res/chatevent01/sweets007.txt#5#12,"いちごのプリマちゃんって、
見てるだけでもお姫様気分になれるの。","草莓首席小姐只要看上一眼，
整个人就能沉浸在公主般的心情里呢。",translated,依恩,71f3c05ebe,br=0 nl=1,2,
inc/event/res/chatevent01/sweets007.txt#6#12,"すっごく上品で、
女の子の憧れって感じなんだよ。","非常高贵雅致，
很有女孩子梦寐以求的感觉哦。",translated,依恩,ceb2b7f098,br=0 nl=1,2,
inc/event/res/chatevent01/sweets007.txt#7#12,"これで優雅な音楽でも流れていたら
文句なしなんだけどね。","要是这时候再放上优雅的音乐，
那就无可挑剔了呢。",translated,依恩,0fc95395d1,br=0 nl=1,2,
inc/event/res/chatevent01/sweets007.txt#9#12,んー、甘くてとろけちゃいそうだよぉ。,嗯～甜得感觉整个人都要融化了啦。,translated,依恩,64e49a978c,br=0 nl=0,1,
inc/event/res/chatevent01/sweets007.txt#10#12,"イチゴソースとバニラアイスの
ハーモニーがたまらないの。","草莓酱和香草冰淇淋的
绝妙协奏真让人欲罢不能。",translated,依恩,04c861bade,br=0 nl=1,2,
inc/event/res/chatevent01/sweets007.txt#11#12,"それにね、生クリームも程よく
乗ってて最高だよ。","而且呀，上面还铺着恰到好处的
鲜奶油，太棒啦。",translated,依恩,19a31ddba7,br=0 nl=1,2,
inc/event/res/chatevent01/sweets007.txt#13#12,"わたしね、いちごのプリマちゃんを食べると
何かどこかのお嬢様みたいな
気分になれるの。","我呀，只要一吃草莓首席小姐，
就总觉得自己仿佛变成了
不知哪儿的大小姐一样呢。",translated,依恩,5a789ff8bc,br=0 nl=2,3,
inc/event/res/chatevent01/sweets007.txt#14#12,"傍には執事さんが居て
何でもやってくれるの。","身旁站着执事，
无论什么事情都会帮我打理好。",translated,依恩,57cbc1ca6e,br=0 nl=1,2,
inc/event/res/chatevent01/sweets007.txt#15#12,"そんな場所で、わたしは優雅に
アイスを口に入れるんだぁ……。","在那样的地方，我优雅地
将冰淇淋送入口中……。",translated,依恩,abf3437b07,br=0 nl=1,2,
inc/event/res/chatevent01/sweets007.txt#16#12,えへへ、ちょっと妄想し過ぎかな？,嘿嘿，有点妄想过头了吗？,translated,依恩,eda3bdfc1d,br=0 nl=0,1,
inc/event/res/chatevent01/sweets007.txt#18#12,"口に入れた瞬間、
いちごの香りが広がって
次は甘い味がじわって感じられるの。","放进嘴里的那一瞬间，
草莓的香气弥漫开来，
紧接着便能缓缓品出香甜的滋味。",translated,依恩,22e2b979d5,br=0 nl=2,3,
inc/event/res/chatevent01/sweets007.txt#19#12,"わたしね、この上品な甘さが
すごくお気に入りなんだよ。","我呀，特别中意这种
高雅端庄的甜度哦。",translated,依恩,f953f76323,br=0 nl=1,2,
inc/event/res/chatevent01/sweets007.txt#20#12,何度食べても飽きないね。,不管吃多少次都百吃不厌呢。,translated,依恩,8cfc41893e,br=0 nl=0,1,
inc/event/res/chatevent01/sweets007.txt#22#12,イチゴソースが甘酸っぱくておいしいよぉ。,草莓酱酸酸甜甜的真好吃呀。,translated,依恩,82465af3a5,br=0 nl=0,1,
inc/event/res/chatevent01/sweets007.txt#23#12,"この甘酸っぱさが、バニラアイスと
混ざって絶妙な味わいになるんだよ。","这种酸甜与香草冰淇淋融为一体，
形成了极其美妙的风味哦。",translated,依恩,f57b4448fd,br=0 nl=1,2,
inc/event/res/chatevent01/sweets007.txt#24#12,"あなたに真っ先にオススメしたい
デザートの一つかも。","这大概是我最想最先推荐给你的
甜品之一了吧。",translated,依恩,46d2808a1f,br=0 nl=1,2,
inc/event/res/chatevent01/sweets008.txt#5#12,"子供の頃、こうやって果物とかを
丸ごと食べてみたいと思わなかった？","小时候，你有没有想过
像这样把水果整个大口吃掉呢？",translated,依恩,7467658186,br=0 nl=1,2,
inc/event/res/chatevent01/sweets008.txt#6#12,わたしは食べたかったんだぁ。,我以前就很想这么吃呢。,translated,依恩,7fb1748431,br=0 nl=0,1,
inc/event/res/chatevent01/sweets008.txt#7#12,"だから、これはわたしの夢を叶えてくれる
ステキなデザートなんだよ。","所以呀，这是为我实现梦想的
绝妙甜点哦。",translated,依恩,6e3da11574,br=0 nl=1,2,
inc/event/res/chatevent01/sweets008.txt#8#12,んー、チョコもメロンも最高だよ！,嗯～巧克力和甜瓜都太棒啦！,translated,依恩,5db5d191fd,br=0 nl=0,1,
inc/event/res/chatevent01/sweets008.txt#10#12,チョコとメロンが意外と合うんだよ。,巧克力和甜瓜意外地非常搭哦。,translated,依恩,d32983f883,br=0 nl=0,1,
inc/event/res/chatevent01/sweets008.txt#11#12,"最初はチョコをたっぷりつけて食べて、
次は純粋にメロンを味わうの。","先是蘸上满满的巧克力品尝，
接下来再纯粹体会甜瓜本身的滋味。",translated,依恩,9da6a8fcf2,br=0 nl=1,2,
inc/event/res/chatevent01/sweets008.txt#12#12,"二つの楽しみ方があるなんて
チョコっとメロンは贅沢だね。","能体验到两种吃法，
微巧甜瓜还真是奢华呢。",translated,依恩,8b7bb1bf93,br=0 nl=1,2,
inc/event/res/chatevent01/sweets008.txt#14#12,"チョコっとメロンのチョコは、
ちょっぴりビターなんだよ。","微巧甜瓜里的巧克力，
其实带着一点点微苦哦。",translated,依恩,15686ed1d9,br=0 nl=1,2,
inc/event/res/chatevent01/sweets008.txt#15#12,"あまーいチョコよりは、ちょっと苦味が
ある方がメロンと合うの。","比起甜腻的巧克力，稍微带点苦味的
反而更配甜瓜呢。",translated,依恩,58f9377d69,br=0 nl=1,2,
inc/event/res/chatevent01/sweets008.txt#16#12,"チョコとメロンの相性、あなたも今度
食べてみてね。","巧克力和甜瓜有多般配，
下次你也一定要尝尝看哦。",translated,依恩,5adb820987,br=0 nl=1,2,
inc/event/res/chatevent01/sweets008.txt#18#12,"このメロンの果汁とチョコのハーモニーが
すっごくおいしいの。","甜瓜的清甜汁水与巧克力的交融，
真的超级美味哦。",translated,依恩,13442727d8,br=0 nl=1,2,
inc/event/res/chatevent01/sweets008.txt#19#12,"口の中に広がる甘さとチョコの苦味が
とにかく病みつきなんだよ。","在口中弥漫的甘甜与微苦的巧克力，
总之上瘾得让人停不下来呢。",translated,依恩,8049497400,br=0 nl=1,2,
inc/event/res/chatevent01/sweets008.txt#20#12,"こんなおいしいデザートを食べれるなんて
わたしってすっごく幸せ。","能吃到这么好吃的甜点，
我真是太幸福啦。",translated,依恩,07f43d3b08,br=0 nl=1,2,
inc/event/res/chatevent01/sweets008.txt#22#12,"わたしね、このチョコフォンデュで
食べるメロンがお気に入りなんだぁ。","我呀，特别喜欢像这样
用巧克力火锅的方式吃甜瓜呢。",translated,依恩,c00d3d1ce2,br=0 nl=1,2,
inc/event/res/chatevent01/sweets008.txt#23#12,"こうやってチョコを付けて
食べるのって憧れだったの。","像这样蘸着巧克力吃，
一直是我梦寐以求的事呢。",translated,依恩,fd03e44590,br=0 nl=1,2,
inc/event/res/chatevent01/sweets008.txt#24#12,"やっぱり何度食べても
頬っぺた落ちちゃいそうだよぉ。","果然不管吃多少次，
都美味得让人快要融化了啦。",translated,依恩,dd5e1bc305,br=0 nl=1,2,
inc/event/res/chatevent01/sweets009.txt#5#12,えへへ、すっごく綺麗でかわいい～♪,嘿嘿，超级漂亮又可爱～♪,translated,依恩,b173f06c82,br=0 nl=0,1,
inc/event/res/chatevent01/sweets009.txt#6#12,"カラフルな色とか
形がかわいくていいよね。","色彩缤纷的颜色与
可爱的形状都很讨喜呢。",translated,依恩,8902cf4d2b,br=0 nl=1,2,
inc/event/res/chatevent01/sweets009.txt#7#12,"チョコレートや生クリームとは違った
シンプルな甘さもいい感じ。","有着与巧克力和鲜奶油不同的
朴素纯粹的甜味，也很不错。",translated,依恩,b59031660b,br=0 nl=1,2,
inc/event/res/chatevent01/sweets009.txt#8#12,また今度、作って食べようかな♪,下次再做来吃吃看吧♪,translated,依恩,17ac9be235,br=0 nl=0,1,
inc/event/res/chatevent01/sweets009.txt#10#12,えへへ、何度見てもかわいいなぁ～。,嘿嘿，不管看多少次都很可爱呢～。,translated,依恩,2f9c72a8f9,br=0 nl=0,1,
inc/event/res/chatevent01/sweets009.txt#11#12,なんかこう、女の子っぽい感じがしない？,总觉得很有女孩子的可爱感觉对吧？,translated,依恩,d378928bc9,br=0 nl=0,1,
inc/event/res/chatevent01/sweets009.txt#12#12,"自分で作ったものだけど、
これが砂糖菓子だなんて、
ちょっと信じられないかも……。","虽然是自己亲手做的，
但真有点不敢相信
这居然是用砂糖做成的小点心呢……。",translated,依恩,4db7f9b839,br=0 nl=2,3,
inc/event/res/chatevent01/sweets009.txt#13#12,うぅ～、食べるのがもったいないよ～。,呜～舍不得吃掉它啦～。,translated,依恩,d88e13c628,br=0 nl=0,1,
inc/event/res/chatevent01/sweets009.txt#15#12,う～ん、甘くておいしい～♪,嗯～甜甜的真好吃～♪,translated,依恩,1b4459a273,br=0 nl=0,1,
inc/event/res/chatevent01/sweets009.txt#16#12,"砂糖菓子なだけあって、
ちょっと食べるだけでも
口の中は甘さでいっぱいになるよ。","毕竟是糖果小点心，
只要吃上一小口，
嘴里就满是清甜的香气了。",translated,依恩,7e74a346df,br=0 nl=2,3,
inc/event/res/chatevent01/sweets009.txt#17#12,"わたしって、頭脳労働が多いから、
甘い物の補給って意外と大事なんだよ。","我平时脑力劳动比较多，
补充甜食意外地非常关键哦。",translated,依恩,8fe972fe19,br=0 nl=1,2,
inc/event/res/chatevent01/sweets009.txt#18#12,"だから、疲れたときは、
これを摘むといいかもしれないね。","所以累了的时候，
稍微捻一颗吃吃看或许不错呢。",translated,依恩,7363e59027,br=0 nl=1,2,
inc/event/res/chatevent01/sweets009.txt#20#12,"砂糖菓子って、この口の中で溶けていく
砂糖の甘さとカリカリって食感がいいよね。","糖果点心在嘴里缓缓融化的甜味，
加上嘎嘣脆的口感真的很棒呢。",translated,依恩,782e39b5ce,br=0 nl=1,2,
inc/event/res/chatevent01/sweets009.txt#21#12,"ケーキとか、チョコレートじゃ
ちょっと味わえない感覚だよ。","这是在蛋糕或巧克力上
所品尝不到的新奇体验呢。",translated,依恩,1ed619d853,br=0 nl=1,2,
inc/event/res/chatevent01/sweets009.txt#22#12,"見た目も小さくてかわいいし、
子供たちにも人気がありそう。","外观小巧可爱，
感觉在小孩子们中间也会很受欢迎。",translated,依恩,4c5c3e1fbb,br=0 nl=1,2,
inc/event/res/chatevent01/sweets009.txt#23#12,"そういえば、ねりこさんはこういうの
食べるかな～？","话说回来，妮莉库会吃
这种小零食吗～？",translated,依恩,00224ac13c,br=0 nl=1,2,
inc/event/res/chatevent01/sweets009.txt#24#12,"もし機会があったら、
今度作って持っていってみようかな。","要是有机会的话，
下次做点带过去给她尝尝吧。",translated,依恩,1c1b222a3a,br=0 nl=1,2,
inc/event/res/chatevent01/sweets009.txt#26#12,えへへ、見てみて♪,嘿嘿，快看快看♪,translated,依恩,21be9541d3,br=0 nl=0,1,
inc/event/res/chatevent01/sweets009.txt#27#12,"赤……白……緑……黄色……青。
いろんな色があって綺麗だよね♪","红……白……绿……黄……蓝。
五彩斑斓的真漂亮呢♪",translated,依恩,d79be33ce9,br=0 nl=1,2,
inc/event/res/chatevent01/sweets009.txt#28#12,"口に入れたときの甘さもシンプルだし、
まさに砂糖菓子って感じだよ。","放进嘴里的甜味也很纯粹，
很有糖果糕点的风味呢。",translated,依恩,18a4a39656,br=0 nl=1,2,
inc/event/res/chatevent01/sweets009.txt#29#12,"あっ、今もしかして子供っぽいとか
思ったりした？","啊，你现在该不会在想
这很像小孩子气吧？",translated,依恩,6d09211b7c,br=0 nl=1,2,
inc/event/res/chatevent01/sweets009.txt#30#12,"えへへ、いいもん。
ハッピースターが食べられるなら、
今だけは子供で♪","嘿嘿，无所谓啦。
只要能吃到开心之星，
现在当个小孩子也挺好♪",translated,依恩,9195c322a5,br=0 nl=2,3,
inc/event/res/chatevent01/think_01.txt#4#12,……あ、あれ？,……咦、咦？,translated,依恩,c377f5e95d,br=0 nl=0,1,
inc/event/res/chatevent01/think_01.txt#5#12,"ぼーっとしちゃってたみたい……。
ちょっと疲れてるのかな？","好像不知不觉发起呆来了……。
稍微有点累了吗？",translated,依恩,6142941a04,br=0 nl=1,2,
inc/event/res/chatevent01/think_01.txt#8#12,ふぁ～……あれ？,哈啊～……咦？,translated,依恩,71e1c58f3e,br=0 nl=0,1,
inc/event/res/chatevent01/think_01.txt#9#12,"考え事してたはずなのに、いつの間にか
ぼーっとしちゃってたみたい……。","明明刚才还在思考事情的，
不知不觉间竟然走神发呆了……。",translated,依恩,49e1678879,br=0 nl=1,2,
inc/event/res/chatevent01/think_01.txt#10#12,……ま、いっか。,……算啦，不管它。,translated,依恩,41889dc54c,br=0 nl=0,1,
inc/event/res/chatevent01/think_01.txt#13#12,はぁ……ダメ、全然頭が働かないよ。,哈啊……不行，脑子完全转不动了。,translated,依恩,a0e101dc58,br=0 nl=0,1,
inc/event/res/chatevent01/think_01.txt#14#12,"頑張ってもぼーっとしちゃうだけだし……
ちょっと寝て、体を休めたいな。","硬撑着也只会走神发呆……
想稍微睡一觉，让身体歇一歇呢。",translated,依恩,1bfb6ca69a,br=0 nl=1,2,
inc/event/res/chatevent01/think_01.txt#22#12,……はっ！？,……哈！？,translated,依恩,e6442d228e,br=0 nl=0,1,
inc/event/res/chatevent01/think_01.txt#23#12,いけない、ついぼーっとしちゃってたよ。,糟了，不自觉地走神发呆了呢。,translated,依恩,b4985afc41,br=0 nl=0,1,
inc/event/res/chatevent01/think_01.txt#24#12,"ぼーっとするのもたまにはいいかなぁ、
って思ってるのに気づかなかったら、
今もそのままだったかも……。","要是没意识到自己正在想着
“偶尔发发呆也不错吧”，
搞不好到现在还一直愣着呢……。",translated,依恩,fddc6cfffe,br=0 nl=2,3,
inc/event/res/chatevent01/think_01.txt#27#12,"う～ん……何だか頭の中が微妙に
ぼーっとしてるような……。","唔～总觉得脑子里隐隐约约
有些昏昏沉沉走神的……。",translated,依恩,821d360669,br=0 nl=1,2,
inc/event/res/chatevent01/think_01.txt#28#12,"疲れてるわけでもないのに
ぼーっとしちゃうのは、
よくないよね？","明明也不是有多疲劳，
却总是走神发呆，
这样不太好吧？",translated,依恩,85b1e57aae,br=0 nl=2,3,
inc/event/res/chatevent01/think_01.txt#29#12,できる限り気を付けよっと。,我还是尽量多加注意吧。,translated,依恩,ecd46c189c,br=0 nl=0,1,
inc/event/res/chatevent01/think_01.txt#32#12,……ん？,……嗯？,translated,依恩,632ec345ec,br=0 nl=0,1,
inc/event/res/chatevent01/think_01.txt#33#12,あ、いけない、ぼーっとしちゃってたよ。,啊，糟了，走神发呆了呢。,translated,依恩,02c2f7c0d8,br=0 nl=0,1,
inc/event/res/chatevent01/think_01.txt#34#12,"考え事をする時は、メモを取ったりして
手を動かしながらの方が良さそうだね？","思考事情的时候，一边记笔记
一边活动双手似乎会更好一些呢？",translated,依恩,aef6533548,br=0 nl=1,2,
inc/event/res/chatevent01/think_01.txt#44#12,"あはは……。
わたし今ぼーっとしちゃってたよ……。","啊哈哈……
我刚才走神发呆了呢……。",translated,依恩,112d2cab55,br=0 nl=1,2,
inc/event/res/chatevent01/think_01.txt#45#12,疲れてるのかなぁ……。,是太累了吗……。,translated,依恩,4396bd5362,br=0 nl=0,1,
inc/event/res/chatevent01/think_01.txt#47#12,はぁ……、わたし今ぼーっとしてたよ……。,唉……我刚才走神发呆了呢……。,translated,依恩,bd44bd1f76,br=0 nl=0,1,
inc/event/res/chatevent01/think_01.txt#48#12,"考え事をしてたはずなのに、
それも忘れちゃったし……。","明明刚才还在琢磨着什么，
结果连想什么都忘光了……。",translated,依恩,83b32d0a29,br=0 nl=1,2,
inc/event/res/chatevent01/think_01.txt#49#12,なんか踏んだり蹴ったりだね……。,总觉得祸不单行呢……。,translated,依恩,f00670b7a6,br=0 nl=0,1,
inc/event/res/chatevent01/think_01.txt#51#12,"はぁ……。考え事をしているつもりが、
いつの間にかぼーっとしちゃってたみたい。","哈啊……本来想好好思考事情的，
不知不觉间好像发起呆来了。",translated,依恩,fc30347ef8,br=0 nl=1,2,
inc/event/res/chatevent01/think_01.txt#52#12,"疲れてるときって、
考え事も堂々巡りしちゃってだめだね。","疲劳的时候，
想事情总是在原地打转，完全行不通呢。",translated,依恩,f96c3f2342,br=0 nl=1,2,
inc/event/res/chatevent01/think_01.txt#56#12,あはは、今ぼーっとしちゃってたよ。,啊哈哈，刚才走神发呆了呢。,translated,依恩,c3bb4700e7,br=0 nl=0,1,
inc/event/res/chatevent01/think_01.txt#57#12,"途中まで考え事してたんだけど……。
何考えてたんだっけ……？","刚才明明还在琢磨着事情的……
我到底在想什么来着……？",translated,依恩,667001cf87,br=0 nl=1,2,
inc/event/res/chatevent01/think_01.txt#58#12,こういうのってなんか気持ち悪いよね。,这种感觉总觉得怪别扭的呢。,translated,依恩,6c03a3a5d7,br=0 nl=0,1,
inc/event/res/chatevent01/think_01.txt#60#12,"何もしてないと、つい考え事したり、
ぼーっとしたりしちゃうんだけど……。","闲着没事的时候，就不自觉地会胡思乱想
或者走神发呆呢……。",translated,依恩,80a1cc4c27,br=0 nl=1,2,
inc/event/res/chatevent01/think_01.txt#61#12,たまに、考えを巡らせるのも大事なの。,偶尔让思绪随意驰骋也是很重要的哦。,translated,依恩,39b17a3f1c,br=0 nl=0,1,
inc/event/res/chatevent01/think_01.txt#62#12,"まぁそれでぼーっとしたら
意味がないんだけどね……。","不过要是因此发起呆来，
就完全本末倒置了就是啦……。",translated,依恩,2da3ca2efc,br=0 nl=1,2,
inc/event/res/chatevent01/think_01.txt#64#12,"考え事をしてると、
ついぼーっとしちゃって駄目だね。","一思考事情就容易走神发呆，
真是不行呢。",translated,依恩,30ef2dfe26,br=0 nl=1,2,
inc/event/res/chatevent01/think_01.txt#65#12,"そうならないようにするには
どうしたらいいのかなぁ……。","要想不变成这样，
究竟该怎么做才好呢……。",translated,依恩,4445ccc664,br=0 nl=1,2,
inc/event/res/chatevent01/wash_a01.txt#4#12,"料理って、作るのも面倒だけど、
食べた後の後片付けも面倒だよね……。","做饭固然很麻烦，
但吃完饭之后的收拾整理也同样好麻烦呢……。",translated,依恩,092eeb0f58,br=0 nl=1,2,
inc/event/res/chatevent01/wash_a01.txt#5#12,"ねりこさん、食洗機のレシピとか
くれたりしないかな？","妮莉库会不会送我
洗碗机的配方呢？",translated,依恩,160ef3df99,br=0 nl=1,2,
inc/event/res/chatevent01/wash_a01.txt#8#12,"どんなに美味しい物を作れたとしても、
片づける時になるとその感動は一瞬で
消えちゃうよね……。","不管做出多么美味的料理，
到了要收拾的时候，那份感动
一瞬间就会烟消云散呢……。",translated,依恩,6af25795f1,br=0 nl=2,3,
inc/event/res/chatevent01/wash_a01.txt#9#12,"あ～あ、誰か手伝ってくれる人が
いればいいのに……。","啊～啊，要是有人能来帮帮我
该有多好啊……。",translated,依恩,5a480221d0,br=0 nl=1,2,
inc/event/res/chatevent01/wash_a01.txt#12#12,"はぁ……洗い物って、どうしてこんなに
気が滅入るんだろう……。","唉……洗碗这件事，
为什么会这么让人郁闷呢……。",translated,依恩,3dadd3acef,br=0 nl=1,2,
inc/event/res/chatevent01/wash_a01.txt#13#12,"出来ることなら、たまにはあなたに
お願いしたいくらいだよ。","要是可以的话，
真想偶尔也拜托你帮我洗呢。",translated,依恩,1f317bad1f,br=0 nl=1,2,
inc/event/res/chatevent01/wash_a01.txt#21#12,ふふ～ん♪　きゅっきゅきゅっきゅきゅ～♪,哼哼～♪擦呀擦呀擦～♪,translated,依恩,76596c8b2c,br=0 nl=0,1,
inc/event/res/chatevent01/wash_a01.txt#22#12,"えへへ、最近洗い物にも慣れてきたから、
結構早くできるようになったの。","嘿嘿，最近洗碗也熟能生巧了，
动作已经变快了不少哦。",translated,依恩,ffec72f9dd,br=0 nl=1,2,
inc/event/res/chatevent01/wash_a01.txt#25#12,"ふぅ……食事の後の洗い物って、
結構大変だよ……。","呼……吃完饭洗碗收拾，
其实挺不容易的呢……。",translated,依恩,78491f15ec,br=0 nl=1,2,
inc/event/res/chatevent01/wash_a01.txt#26#12,"でも、綺麗にしておかないと次の料理を
作った時に、気持ちよく食べれないもんね。","不过要是不清洗干净，下次做饭时
也没办法心情舒畅地享用了嘛。",translated,依恩,990fd733fa,br=0 nl=1,2,
inc/event/res/chatevent01/wash_a01.txt#29#12,きゃっ！？,呀！？,translated,依恩,61dd7adbe6,br=0 nl=0,1,
inc/event/res/chatevent01/wash_a01.txt#30#12,"あ、危なかったよ。
脂でヌルヌルしてたから、
お皿落としそうになっちゃった……。","好、好险好险。
因为沾了油滑溜溜的，
差点把盘子摔地上了……。",translated,依恩,8f44f5dddc,br=0 nl=2,3,
inc/event/res/chatevent01/wash_a01.txt#31#12,よーし、今日は念入りに洗おっと！,好嘞，今天就来仔细清洗一番吧！,translated,依恩,4973197edf,br=0 nl=0,1,
inc/event/res/chatevent01/wash_a01.txt#39#12,"お皿は表面だけじゃなくて、
ちゃんと裏側も綺麗にしないとね。","盘子可不能只洗正面，
背面也必须好好擦拭干净才行呢。",translated,依恩,6f00b71f3c,br=0 nl=1,2,
inc/event/res/chatevent01/wash_a01.txt#40#12,"食べ物を載せる面も大事だけど、
外側が汚いと、使う気になれないでしょ？","盛放食物的那面固然重要，
但如果外面脏兮兮的，谁也不想用对吧？",translated,依恩,6bf9f55ecb,br=0 nl=1,2,
inc/event/res/chatevent01/wash_a01.txt#43#12,"えへへ、お皿洗う姿、
結構様になってるかな？","嘿嘿，我洗盘子的姿势，
看起来挺有模有样的吧？",translated,依恩,1733de3908,br=0 nl=1,2,
inc/event/res/chatevent01/wash_a01.txt#44#12,"将来のことを考えると、家事くらいは
ちゃんとできないといけないでしょ？","考虑到将来的话，
至少得把家务好好做好才行对吧？",translated,依恩,3c4b7a6842,br=0 nl=1,2,
inc/event/res/chatevent01/wash_a01.txt#45#12,"えへへ、何の話かはご想像に
お任せしまーす。","嘿嘿，究竟是指什么事，
就任凭你自由想象啦～",translated,依恩,8a51208a5b,br=0 nl=1,2,
inc/event/res/chatevent01/wash_a01.txt#48#12,"脂汚れは少し熱めのお湯を使って
洗うようにしてるの。","油污我都习惯用稍热一点的温水
来清洗哦。",translated,依恩,919bb8fd19,br=0 nl=1,2,
inc/event/res/chatevent01/wash_a01.txt#49#12,"ちょっと手が熱いけど、綺麗になった
お皿を見ると、それだけの価値あったな、
って思えるでしょ？","虽然手会有点热，但看着变干净的盘子，
就会觉得一切都是值得的，对吧？",translated,依恩,d6c7104866,br=0 nl=2,3,
inc/event/res/chatevent01/wash_a01.txt#59#12,"作るのはいいんだけど、
最近は食器洗いがめんどくさくて……。","做饭倒还好，
但最近总觉得洗碗好麻烦呢……。",translated,依恩,5ed98243b8,br=0 nl=1,2,
inc/event/res/chatevent01/wash_a01.txt#60#12,"後片付けって、
どうしても手を抜きたくならない？","餐后收拾无论如何
都会忍不住想偷懒呢，对吧？",translated,依恩,687f961b55,br=0 nl=1,2,
inc/event/res/chatevent01/wash_a01.txt#62#12,食器洗いってめんどくさいよね……。,洗碗真的好麻烦呢……。,translated,依恩,fa3a8848b5,br=0 nl=0,1,
inc/event/res/chatevent01/wash_a01.txt#63#12,"やらないといけないのは
わかってるんだけどなぁ……。",虽然心里也明白必须得做就是了……。,translated,依恩,bbb253de95,br=0 nl=1,2,
inc/event/res/chatevent01/wash_a01.txt#65#12,"もっとこう食器を簡単に洗える方法って
ないのかな？",就没有那种能更轻松洗碗的方法吗？,translated,依恩,2c6126daea,br=0 nl=1,2,
inc/event/res/chatevent01/wash_a01.txt#66#12,"そしたら、こうやって時間かける
必要がなくなるのにね。","那样的话，就不用像现在这样
耗费大把时间了呢。",translated,依恩,89858d317a,br=0 nl=1,2,
inc/event/res/chatevent01/wash_a01.txt#70#12,"たかが食器洗いだけど、
されど食器洗いだよ。","虽说只是洗碗，
但洗碗也不能小觑呢。",translated,依恩,a2796fa78e,br=0 nl=1,2,
inc/event/res/chatevent01/wash_a01.txt#71#12,"間違ってお皿を落としたら大変だし、
油断しないようにしなきゃ……。","一个不小心摔了盘子可就糟了，
绝对不能掉以轻心呢……。",translated,依恩,b6d909e375,br=0 nl=1,2,
inc/event/res/chatevent01/wash_a01.txt#73#12,"洗うのは簡単だけど、
割らないようにするのが大変だよね……。","洗本身倒是很简单，
但要小心不摔碎就很费神呢……。",translated,依恩,e6eef68d8c,br=0 nl=1,2,
inc/event/res/chatevent01/wash_a01.txt#74#12,一つ落としただけで大惨事だもん……。,哪怕失手摔碎一个都是惨剧呀……。,translated,依恩,ecca62e713,br=0 nl=0,1,
inc/event/res/chatevent01/wash_a01.txt#76#12,"コゲ付きや油汚れみたいに
落ち難い汚れってあるよね。","焦糊痕迹和重油污之类的，
有些污渍真的很顽固难洗呢。",translated,依恩,3f805fee19,br=0 nl=1,2,
inc/event/res/chatevent01/wash_a01.txt#77#12,"特にコゲ付きを取るときは、
器具を傷つけないように
気をつけないとね。","尤其是清理焦糊痕迹时，
必须小心不把餐具刮花才行呢。",translated,依恩,4508889bd9,br=0 nl=2,3,
inc/event/res/chatevent01/wash_a01.txt#81#12,"食器がピカピカになっていくのを見ると、
なんか気持ちがいいよね。","看着餐具渐渐变得晶莹透亮，
心情总觉得会格外舒畅呢。",translated,依恩,456311daad,br=0 nl=1,2,
inc/event/res/chatevent01/wash_a01.txt#82#12,これが食器洗いの楽しさ……なのかな。,这大概就是洗碗的乐趣所在……吧。,translated,依恩,291cb96322,br=0 nl=0,1,
inc/event/res/chatevent01/wash_a01.txt#84#12,食器を洗うときはお湯を使うといいよ。,洗餐具的时候用热水洗会比较好哦。,translated,依恩,7dd1151e06,br=0 nl=0,1,
inc/event/res/chatevent01/wash_a01.txt#85#12,"水切れがよくなって、
拭くのも乾かすのも楽になるの。","沥水会更快，
擦干和晾干都会轻松很多哦。",translated,依恩,284401ad01,br=0 nl=1,2,
inc/event/res/chatevent01/wash_a01.txt#87#12,"洗い終わったお皿を指で擦ると
キュッキュッて音が鳴るでしょ？","洗完的盘子用手指轻轻一搓，
就会发出嘎吱嘎吱的声音对吧？",translated,依恩,6f9ac9b215,br=0 nl=1,2,
inc/event/res/chatevent01/wash_a01.txt#88#12,"綺麗になった証拠みたいなものだから、
あの音を聞くとちょっと嬉しいの。","因为那就像是变干净的证明一样，
听到那个声音就会有点开心呢。",translated,依恩,619c4e8c43,br=0 nl=1,2,
inc/event/res/chatevent01/wash_b01.txt#4#12,ふぅ……洗い物、疲れちゃった……。,呼……洗碗洗得好累啊……。,translated,依恩,69d0d78b6c,br=0 nl=0,1,
inc/event/res/chatevent01/wash_b01.txt#5#12,誰か代わりにやってくれればいいのに……。,要是有人能帮我代劳该有多好啊……。,translated,依恩,474f5a4162,br=0 nl=0,1,
inc/event/res/chatevent01/wash_b01.txt#8#12,はぁ……やっぱり、食洗機欲しいなぁ。,唉……果然还是好想要一台洗碗机啊。,translated,依恩,fd15cf7a85,br=0 nl=0,1,
inc/event/res/chatevent01/wash_b01.txt#9#12,"疲れた時の洗い物って、ただただ辛い
罰ゲームと同じだよ……。","累的时候去洗碗，
简直就跟纯粹受罪的惩罚游戏一样啊……。",translated,依恩,074f153bab,br=0 nl=1,2,
inc/event/res/chatevent01/wash_b01.txt#12#12,"今日は疲れてるし、ちゃちゃっと適当に
洗って終わりにしようかな？","今天好累啊，要不要马马虎虎
随便洗洗就算了呢？",translated,依恩,ad226c8a93,br=0 nl=1,2,
inc/event/res/chatevent01/wash_b01.txt#13#12,"どうせ綺麗にしたって、
使うのはわたしだけなんだし……。","反正就算洗得再干净，
用的人也就只有我一个嘛……。",translated,依恩,4a3ae97e7d,br=0 nl=1,2,
inc/event/res/chatevent01/wash_b01.txt#21#12,ほっ、よっ……うん、オッケー！,喝、哈……嗯，搞定！,translated,依恩,7f5aa79cf2,br=0 nl=0,1,
inc/event/res/chatevent01/wash_b01.txt#22#12,"えへへ、スピードだけじゃなくて、
ちゃんと綺麗に洗えてるよ。","嘿嘿，不仅速度快，
而且洗得干干净净哦。",translated,依恩,0710c5b4b5,br=0 nl=1,2,
inc/event/res/chatevent01/wash_b01.txt#25#12,"洗い物をする時は、とにかくテキパキと
動いて終わらせちゃうのが一番だよ。","洗餐具的时候，麻利利落地
一鼓作气搞定是最好的哦。",translated,依恩,f9dd9bee79,br=0 nl=1,2,
inc/event/res/chatevent01/wash_b01.txt#26#12,"ダラダラしちゃうと、どんどん面倒くさく
なってきちゃうしね。","要是拖拖拉拉的，
就会越来越觉得麻烦呢。",translated,依恩,14585502b9,br=0 nl=1,2,
inc/event/res/chatevent01/wash_b01.txt#27#12,"そうなる前に終わらせる。
いい考えだと思わない？","在变成那样之前早早收拾完。
你不觉得这个主意很棒吗？",translated,依恩,1585f45851,br=0 nl=1,2,
inc/event/res/chatevent01/wash_b01.txt#30#12,"今日はすごく調子がいいからかな？
洗い物が全然苦じゃないよ。","可能是因为今天状态特别好吧？
洗起碗来一点都不觉得辛苦呢。",translated,依恩,1decf6002f,br=0 nl=1,2,
inc/event/res/chatevent01/wash_b01.txt#31#12,"もう少し色々使ってお料理しても
よかったかも……。","早知道再多用几种器具
来做好吃的就好了呢……。",translated,依恩,fb18cbb721,br=0 nl=1,2,
inc/event/res/chatevent01/wash_b01.txt#41#12,"疲れてるときの食器洗いは
すごく辛いよね……。","疲惫的时候洗碗
真的很煎熬呢……。",translated,依恩,fcab71828e,br=0 nl=1,2,
inc/event/res/chatevent01/wash_b01.txt#42#12,"こういうとき、楽をしたいって思うのは
いけないことかな？","在想偷懒的时候想图个省事，
这样是不对的吗？",translated,依恩,93d82a3da1,br=0 nl=1,2,
inc/event/res/chatevent01/wash_b01.txt#44#12,"はぁ……。
なんか疲れてるみたい。","哈啊……
总觉得有点累了呢。",translated,依恩,e0ddcce3dd,br=0 nl=1,2,
inc/event/res/chatevent01/wash_b01.txt#45#12,"けど片付けないわけにもいかないし……、
もう少し頑張ってみるね。","但不收拾整理也不行……
我再稍微坚持一下吧。",translated,依恩,032f9e2b99,br=0 nl=1,2,
inc/event/res/chatevent01/wash_b01.txt#47#12,"食器洗いをずっと続けるのは
きっと辛いよね。","一直不停地洗碗，
肯定会很吃不消吧。",translated,依恩,06bda7b22f,br=0 nl=1,2,
inc/event/res/chatevent01/wash_b01.txt#48#12,"わたしは自分のだけだからいいけど、
料理屋さんとかはすごく大変そう……。","我只洗自己的份所以还好，
饭店餐馆之类的一定超级辛苦吧……。",translated,依恩,2045890485,br=0 nl=1,2,
inc/event/res/chatevent01/wash_b01.txt#52#12,"食器洗いって大変だけど、
少しは慣れたかな……。","洗碗虽然很不容易，
不过我也稍微习惯一些了吧……。",translated,依恩,d9514b9446,br=0 nl=1,2,
inc/event/res/chatevent01/wash_b01.txt#53#12,"あとは油断してお皿を割らないように
気をつけないとね。","剩下的就是多加小心，
别一时大意把盘子打碎了呢。",translated,依恩,cb4c827410,br=0 nl=1,2,
inc/event/res/chatevent01/wash_b01.txt#55#12,"そういえば、
スポンジって色んな形や硬さがあるよね。","话说回来，
海绵有各种各样的形状和软硬程度呢。",translated,依恩,8f8f9d44bd,br=0 nl=1,2,
inc/event/res/chatevent01/wash_b01.txt#56#12,"硬いのだったり、柔らかいのだったり、
厚いのだったり、薄いのだったり……。","有硬的、软的，
也有厚的、薄的……。",translated,依恩,4fd262f220,br=0 nl=1,2,
inc/event/res/chatevent01/wash_b01.txt#57#12,"スポンジの好みも人によって
分かれたりするのかな？","关于海绵的喜好，
会不会也因人而异呢？",translated,依恩,b0c9ae0017,br=0 nl=1,2,
inc/event/res/chatevent01/wash_b01.txt#59#12,"重い調理器具を
洗うのって大変だよね。","清洗沉甸甸的烹饪用具，
真的挺费劲的呢。",translated,依恩,e33045ac4e,br=0 nl=1,2,
inc/event/res/chatevent01/wash_b01.txt#60#12,"泡で滑ったりするし、
力もないから落としちゃいそうになるの。","因为泡沫滑手，我又没什么力气，
感觉随时都会脱手掉下去呢。",translated,依恩,6afd8db797,br=0 nl=1,2,
inc/event/res/chatevent01/wash_c01.txt#4#12,はぁ……今、ちょっと放っておいて。,唉……现在先别管我了。,translated,依恩,a2b07241d5,br=0 nl=0,1,
inc/event/res/chatevent01/wash_c01.txt#5#12,面倒くさくてイライラしちゃってるの。,麻烦得让我忍不住心烦意乱呢。,translated,依恩,2198436f01,br=0 nl=0,1,
inc/event/res/chatevent01/wash_c01.txt#8#12,"はぁ……どこから手を付ければ良いのか
わからないくらい山になってる……。","哈啊……堆得跟小山一样，
都不知道该从哪里下手了……。",translated,依恩,ee92965555,br=0 nl=1,2,
inc/event/res/chatevent01/wash_c01.txt#9#12,"見ただけでやる気をなくす光景って、
こういうのを言うんだろうね？","所谓光是看一眼就让人丧失干劲的光景，
说的就是这种场面吧？",translated,依恩,49a780aa80,br=0 nl=1,2,
inc/event/res/chatevent01/wash_c01.txt#12#12,"……別に、毎日洗い物をする必要って、
そんなにないんだよね？","……其实，并没有必要
每天都非得洗碗不可对吧？",translated,依恩,fa669d2068,br=0 nl=1,2,
inc/event/res/chatevent01/wash_c01.txt#13#12,"食器だってまだ棚に残ってるんだし、
それを全部使ってからまとめて洗っても
遅くはないんだし。","橱柜里明明还有干净的餐具，
就算全用光之后再一口气洗完
也完全来得及嘛。",translated,依恩,34a9b55a61,br=0 nl=2,3,
inc/event/res/chatevent01/wash_c01.txt#14#12,……これからはそうしちゃおうかな？,……以后干脆就这样做好了？,translated,依恩,f1ba16a960,br=0 nl=0,1,
inc/event/res/chatevent01/wash_c01.txt#22#12,う～ん……食器を多く使い過ぎかな？,唔～……是不是用餐具用得太多了呀？,translated,依恩,c5f18f267d,br=0 nl=0,1,
inc/event/res/chatevent01/wash_c01.txt#23#12,まあ、ちゃんと洗うんだから問題ないか。,算了，反正都会好好洗干净的，没问题啦。,translated,依恩,4a2cf52b67,br=0 nl=0,1,
inc/event/res/chatevent01/wash_c01.txt#26#12,"汚れてたお皿が綺麗になっていくのを
見ると、洗い物も楽しくなるよね。","看着脏兮兮的盘子变得洁白如新，
洗碗其实也会变得挺开心的呢。",translated,依恩,db1dc51c82,br=0 nl=1,2,
inc/event/res/chatevent01/wash_c01.txt#27#12,頑固な汚れに対しては特にそう思うよ。,尤其是面对顽固污渍时，更是深有体会哦。,translated,依恩,8d0f2cc8fd,br=0 nl=0,1,
inc/event/res/chatevent01/wash_c01.txt#28#12,"……まあ、頑固過ぎるのだと、
洗い終わった時に疲れちゃうけどね。","……不过，要是污渍太顽固了，
洗完之后整个人都会累瘫就是了。",translated,依恩,ce483a85d9,br=0 nl=1,2,
inc/event/res/chatevent01/wash_c01.txt#31#12,"洗う物が沢山あった方が、
やりがいがあっていいよね。","要洗的东西越多，
反而越有干劲和成就感呢。",translated,依恩,ac86d7ccfd,br=0 nl=1,2,
inc/event/res/chatevent01/wash_c01.txt#32#12,"……あれ？
何に使ったのかわからない物まで
混じってるような……。","……咦？
怎么感觉混进去了
不知道拿来干了什么的怪东西……。",translated,依恩,f5b4e62ce6,br=0 nl=2,3,
inc/event/res/chatevent01/wash_c01.txt#42#12,"はぁ……。
食器洗いって気分じゃないんだけど……。","哈啊……
现在完全没有洗碗的心情呢……。",translated,依恩,73403f66a7,br=0 nl=1,2,
inc/event/res/chatevent01/wash_c01.txt#43#12,"やらないと汚れ物たまっちゃうし、
仕方ない……よね。","但不洗的话脏东西又会越堆越多，
也是没办法……的吧。",translated,依恩,8c444a5b48,br=0 nl=1,2,
inc/event/res/chatevent01/wash_c01.txt#45#12,"はぁ……。
まだ終わらない……。","哈啊……
怎么还没洗完啊……。",translated,依恩,e5f2b1db31,br=0 nl=1,2,
inc/event/res/chatevent01/wash_c01.txt#46#12,"そんなに時間はたってないのに、
もうずっとやってるような気がするよ。","明明才没过多久，
却感觉已经洗了很久很久了。",translated,依恩,695004844c,br=0 nl=1,2,
inc/event/res/chatevent01/wash_c01.txt#48#12,うぅ、なんか調子悪いの……。,呜呜，总觉得有些不舒服……。,translated,依恩,8c00ff2693,br=0 nl=0,1,
inc/event/res/chatevent01/wash_c01.txt#49#12,気分が悪いというか何というか……。,说是心情不好呢，还是别的什么……。,translated,依恩,342e84716c,br=0 nl=0,1,
inc/event/res/chatevent01/wash_c01.txt#50#12,後片付け、早く終わらせよう……。,赶快收拾完休息吧……。,translated,依恩,059a6d91f6,br=0 nl=0,1,
inc/event/res/chatevent01/wash_c01.txt#54#12,"食器用洗剤っていろんな香りがするよね。
お花だったり果物だったり……。","洗洁精有各种各样的香味呢。
比如花香啦、水果香啦……。",translated,依恩,2d7237ffc4,br=0 nl=1,2,
inc/event/res/chatevent01/wash_c01.txt#55#12,"洗剤ごとに香りが違って
ちょっと楽しいかも。","每款洗洁精香气都各不相同，
其实还挺有意思的呢。",translated,依恩,dacefcf1d8,br=0 nl=1,2,
inc/event/res/chatevent01/wash_c01.txt#57#12,"そういえば、水作業ばっかりしてると
手が荒れちゃうんだって。","话说回来，听说总碰水干家务的话，
手会变得粗糙干裂呢。",translated,依恩,07a599ed7e,br=0 nl=1,2,
inc/event/res/chatevent01/wash_c01.txt#58#12,"わたしはまだ平気だけど、
注意した方がいいかも……。","我现在虽然还不要紧，
但可能还是多注意一点比较好……。",translated,依恩,6508307478,br=0 nl=1,2,
inc/event/res/chatevent01/wash_c01.txt#59#12,あなたも気をつけてね。,你也多注意保重手哦。,translated,依恩,8894b0186d,br=0 nl=0,1,
inc/event/res/chatevent01/wash_c01.txt#61#12,"洗剤をつけすぎると、
滑って食器を落としそうにならない？","洗洁精要是放得太多，
会不会容易手滑把餐具摔碎呢？",translated,依恩,0f0e95ffee,br=0 nl=1,2,
inc/event/res/chatevent01/wash_c01.txt#62#12,"一度それでお皿を割りそうになったから、
洗剤は付けすぎないようにしてるの。","因为有一次差点就因此把盘子摔碎了，
所以我现在都很注意不挤太多洗洁精哦。",translated,依恩,1d91daf780,br=0 nl=1,2,
