id,jp,zh,status,speaker,src,ctl,lines,note
inc/event/res/dateevents08/aqua_datego01.txt#6#12,"あっ！
丁度いいところに！","啊！
你来得正好！",translated,依恩,5d9e1364ab,br=0 nl=1,2,
inc/event/res/dateevents08/aqua_datego01.txt#7#12,"ちょっと待ってね。
今そっちに行くから。","稍微等我一下哦。
我现在就过去。",translated,依恩,b9ca975a6f,br=0 nl=1,2,
inc/event/res/dateevents08/aqua_datego01.txt#9#12,えへへ♪　お待たせ～。,诶嘿嘿♪久等啦――,translated,依恩,569d7bf936,br=0 nl=0,1,
inc/event/res/dateevents08/aqua_datego02.txt#6#12,…そうだ。,……对啦。,translated,依恩,bd190ed350,br=0 nl=0,1,
inc/event/res/dateevents08/aqua_datego02.txt#8#12,"ねえねえ、あなた～？
いる～？","喂喂，亲爱的～？
你在吗～？",translated,依恩,8f8da343da,br=0 nl=1,2,
inc/event/res/dateevents08/aqua_datego02.txt#10#12,いたらコンコン♪ってして～。,在的话就咚咚♪敲敲门嘛～,translated,依恩,470c4582f6,br=0 nl=0,1,
inc/event/res/dateevents08/aqua_datego02.txt#12#12,…いないかな？,……不在吗？,translated,依恩,9eaa66183f,br=0 nl=0,1,
inc/event/res/dateevents08/aqua_datego02.txt#14#12,残念。また後で呼んでみよっと。,真遗憾。等会儿再试着叫叫看吧。,translated,依恩,e767bba30a,br=0 nl=0,1,
inc/event/res/dateevents08/aqua_datego03.txt#6#12,…そうだ。,……对啦。,translated,依恩,bd190ed350,br=0 nl=0,1,
inc/event/res/dateevents08/aqua_datego03.txt#8#12,"ねえねえ、あなた～？
いる～？","喂喂，亲爱的～？
你在吗～？",translated,依恩,8f8da343da,br=0 nl=1,2,
inc/event/res/dateevents08/aqua_datego03.txt#10#12,いたらコンコン♪ってして～。,在的话就咚咚♪敲敲门嘛～,translated,依恩,470c4582f6,br=0 nl=0,1,
inc/event/res/dateevents08/aqua_datego03.txt#12#12,…いないかな？,……不在吗？,translated,依恩,9eaa66183f,br=0 nl=0,1,
inc/event/res/dateevents08/aqua_datego03.txt#14#12,残念。また後で呼んでみよっと。,真遗憾。等会儿再试着叫叫看吧。,translated,依恩,e767bba30a,br=0 nl=0,1,
inc/event/res/dateevents08/aqua_dategom.txt#3#12,急に呼び出しちゃってごめんね。,突然叫你过来，不好意思哦。,translated,依恩,4e2df243d3,br=0 nl=0,1,
inc/event/res/dateevents08/aqua_dategom.txt#4#12,"あのね、その…
大した用事じゃ無いんだけど…","那个呢，其实……
虽然不是什么要紧的事……",translated,依恩,b94d416c6a,br=0 nl=1,2,
inc/event/res/dateevents08/aqua_dategom.txt#5#12,その、ね…ほら……えっと…,那个，你看……就是……那个……,translated,依恩,16a24a569b,br=0 nl=0,1,
inc/event/res/dateevents08/aqua_dategom.txt#6#12,"また、デートしたいな～とか
思っちゃったりして…その……","我又有点想去约会了呢～
这么想着……那个……",translated,依恩,2a85ff075b,br=0 nl=1,2,
inc/event/res/dateevents08/aqua_dategom.txt#7#12,"ちょっと、水族館とか
行ってみたくなっちゃって…えへへ……","稍微有点想去水族馆之类的
地方转转……诶嘿嘿……",translated,依恩,84cd09815b,br=0 nl=1,2,
inc/event/res/dateevents08/aqua_dategom.txt#8#12,"あ、それで！
予定…どうかな？","啊，所以说！
你的安排……怎么样呀？",translated,依恩,b35d0d8293,br=0 nl=1,2,
inc/event/res/dateevents08/aqua_dategom.txt#9#12,もちろん大丈夫,当然没问题啦,translated,,05b691bb77,br=0 nl=0,1,
inc/event/res/dateevents08/aqua_dategom.txt#10#12,今週はちょっと無理かも,这周可能有点不太行呢,translated,,85c8c99542,br=0 nl=0,1,
inc/event/res/dateevents08/aqua_dategom.txt#12#12,"ほ、ほんと！？　嬉しい！！
またあなたと水族館に行けるんだね！","真、真的吗！？太高兴了！！
又能和你一起去水族馆了呢！",translated,依恩,ec18e81fb7,br=0 nl=1,2,
inc/event/res/dateevents08/aqua_dategom.txt#17#12,そっかぁ…残念。,这样啊……真遗憾。,translated,依恩,c7350af13e,br=0 nl=0,1,
inc/event/res/dateevents08/aqua_dategom.txt#18#12,"それじゃ、また良さそうになった頃に
声かけるね。","那我等差不多方便的时候
再来叫你哦。",translated,依恩,381bcd898e,br=0 nl=1,2,
inc/event/res/dateevents08/aqua_dategot.txt#1#12,<CLBU>…あっ！　いたいた！,<CLBU>…啊！在呢在呢！,translated,依恩,3496a72c9c,<CLBU> br=0 nl=0,1,keep-tags <CLBU>
inc/event/res/dateevents08/aqua_doom01.txt#2#12,えへへ、それじゃあ行こっか。,诶嘿嘿，那我们这就出发吧。,translated,依恩,7ff6fbfd63,br=0 nl=0,1,
inc/event/res/dateevents08/aqua_doom01.txt#4#12,とうちゃーく！,到――达！,translated,依恩,c8c922f160,br=0 nl=0,1,
inc/event/res/dateevents08/aqua_doom01.txt#5#12,"お魚さん、今日も元気に泳いでるね。
ちょっと安心しちゃった。","鱼儿们今天也游得很有精神呢。
让我稍微安心了些。",translated,依恩,854978dad2,br=0 nl=1,2,
inc/event/res/dateevents08/aqua_doom01.txt#6#12,"あっ、向こうのは見たことないかも。
ちょっと見に行こうよ！","啊，那边那条好像没见过呢。
我们过去看看吧！",translated,依恩,3508d3ad38,br=0 nl=1,2,
inc/event/res/dateevents08/aqua_doom01.txt#8#12,"……こうやって、生き物に囲まれるのって、
結構好きかも。","……像这样被小生灵们环绕着，
我其实还挺喜欢的呢。",translated,依恩,76afdc6527,br=0 nl=1,2,
inc/event/res/dateevents08/aqua_doom01.txt#9#12,"もちろん、猛獣とかだと怖いけど、
お魚って小さくて可愛いでしょ？","当然如果是猛兽的话会很吓人，
但鱼儿小巧又可爱对吧？",translated,依恩,8ec779d1a2,br=0 nl=1,2,
inc/event/res/dateevents08/aqua_doom01.txt#10#12,"それにほら、すごく綺麗で見てるだけでも
幸せな気持ちになるの。","而且你看，游姿那么漂亮，
光是看着就让人觉得格外幸福呢。",translated,依恩,4a68b4c5d3,br=0 nl=1,2,
inc/event/res/dateevents08/aqua_doom01.txt#11#12,あなたもそう思うことってないかな？,你偶尔也会有这种感觉吗？,translated,依恩,b57b73d765,br=0 nl=0,1,
inc/event/res/dateevents08/aqua_doom01.txt#13#12,あるよ,有的哦,translated,,13924bb01d,br=0 nl=0,1,
inc/event/res/dateevents08/aqua_doom01.txt#14#12,小動物に囲まれるとそう思う,被小动物环绕时我会有这种感觉,translated,,f9b4fcf22d,br=0 nl=0,1,
inc/event/res/dateevents08/aqua_doom01.txt#17#12,えへへ、やっぱりそう思うよね。,诶嘿嘿，你果然也这么觉得呢。,translated,依恩,774a37e10f,br=0 nl=0,1,
inc/event/res/dateevents08/aqua_doom01.txt#21#12,あっ、わたしもそっちの方がいいかも。,啊，我也觉得那样可能更棒呢。,translated,依恩,f8e679c026,br=0 nl=0,1,
inc/event/res/dateevents08/aqua_doom01.txt#22#12,"お魚も綺麗で可愛いけど、小動物は触ったり
抱っこできたりするのがいいよね？","鱼儿虽然美丽又可爱，但小动物
能够亲手抚摸和抱在怀里不是更好吗？",translated,依恩,2def5de110,br=0 nl=1,2,
inc/event/res/dateevents08/aqua_doom01.txt#23#12,"子猫とか子犬とか……う～、ナデナデしたく
なってきちゃったよぉ……。","小猫小狗之类的……唔～，
搞得我都好想去摸摸它们了呀……",translated,依恩,37df0c5ed2,br=0 nl=1,2,
inc/event/res/dateevents08/aqua_doom01.txt#24#12,"って、いけないいけない。
水族館でお魚以外の話で盛り上がったら
ダメだよね。","啊，不行不行。
人在水族馆里，却聊鱼儿以外的话题
聊得那么起劲可不行呢。",translated,依恩,0c0b250a61,br=0 nl=2,3,
inc/event/res/dateevents08/aqua_doom01.txt#26#12,……でも、本当に良いよね、お魚って。,……不过，鱼儿真的好棒呢。,translated,依恩,895331ecc4,br=0 nl=0,1,
inc/event/res/dateevents08/aqua_doom01.txt#27#12,"ここでだけじゃなくて、
家でも飼いたいくらいだよ。","不仅是在这里看，
我都想在家里养几条了呢。",translated,依恩,19d4473ba3,br=0 nl=1,2,
inc/event/res/dateevents08/aqua_doom01.txt#28#12,"犬とか猫とかと違うから、
世話もそこまで大変じゃないでしょ？","因为不像猫狗那样，
照料起来应该也不会那么费劲吧？",translated,依恩,702e4afc77,br=0 nl=1,2,
inc/event/res/dateevents08/aqua_doom01.txt#29#12,"それに、疲れた時は見てるだけでも癒しに
なると思うし。","而且疲惫的时候，
光是看着就能让人得到治愈呢。",translated,依恩,f225a23d2d,br=0 nl=1,2,
inc/event/res/dateevents08/aqua_doom01.txt#30#12,"う～、何かそう考えてたら、
本当に飼いたくなってきちゃった……。","唔～，这么一琢磨，
我都真想养几条了……",translated,依恩,16ed9cbd2a,br=0 nl=1,2,
inc/event/res/dateevents08/aqua_doom01.txt#31#12,"本当はここのお魚を持って帰れればいいん
だけど、流石にそれは無理だし……。","要是能把这里的鱼带回去就好了，
但那无论如何也是不可能的嘛……",translated,依恩,0c2d84d978,br=0 nl=1,2,
inc/event/res/dateevents08/aqua_doom01.txt#32#12,……あっ、そうだ！,……啊，对啦！,translated,依恩,19f35125d3,br=0 nl=0,1,
inc/event/res/dateevents08/aqua_doom01.txt#34#12,"それならせめて、
ここのミニチュアを作ってみようかな♪","既然如此，至少我来试着制作
这里的微缩模型吧♪",translated,依恩,41ac54b596,br=0 nl=1,2,
inc/event/res/dateevents08/aqua_doom01.txt#35#12,"この水槽の中みたいな、
本当にお魚が泳いでるようなのを
作ればいいんだよ。","只要做得像这个水族箱里一样，
仿佛真的有鱼儿在里面畅游
就可以啦。",translated,依恩,a1a4cac850,br=0 nl=2,3,
inc/event/res/dateevents08/aqua_doom01.txt#37#12,作るの難しそう,感觉做起来会很难呢,translated,,548165aa5a,br=0 nl=0,1,
inc/event/res/dateevents08/aqua_doom01.txt#38#12,流石に無理じゃないかな？,怎么想都有点勉强吧？,translated,,bfa32fdcee,br=0 nl=0,1,
inc/event/res/dateevents08/aqua_doom01.txt#45#12,"えへへ、そんなことないよ。
少しコツがいるけど、
意外と簡単に作れるの。","诶嘿嘿，才没那回事呢。
虽然需要一点诀窍，
但做起来意外地很简单哦。",translated,依恩,18a2ea4123,br=0 nl=2,3,
inc/event/res/dateevents08/aqua_doom01.txt#46#12,"それに、イメージももう出来てるし、
すぐに設計図として書き起こせそうだよ。","而且我脑海里已经有了画面，
感觉马上就能画出设计图了呢。",translated,依恩,3fa9953e13,br=0 nl=1,2,
inc/event/res/dateevents08/aqua_doom01.txt#47#12,"ごめんね。急になっちゃうけど
今日は一回帰ってもいいかな？","抱歉哦，虽然有点突然，
今天能先回去一趟吗？",translated,依恩,a1fb59da91,br=0 nl=1,2,
inc/event/res/dateevents08/aqua_doom01.txt#48#12,"このイメージが消える前に、
レシピとして形にしておきたいの。","趁着这份灵感画面还没消散，
我想快点把它落实成配方呢。",translated,依恩,a754737cc4,br=0 nl=1,2,
inc/event/res/dateevents08/aqua_doom01.txt#51#12,"さてと、頭の中に鮮明に残ってるうちに、
レシピを仕上げないと……。","好啦，趁着脑海里还记得清清楚楚，
得把配方赶快完成才行……",translated,依恩,6ee6c6e682,br=0 nl=1,2,
inc/event/res/dateevents08/aqua_doom01.txt#52#12,"えっと、必要な材料がこれとこれと……
組み立て方はこうすればいいから……。","呃，需要的材料是这个和这个……
组装方式只要像这样弄就可以……",translated,依恩,441e43bd46,br=0 nl=1,2,
inc/event/res/dateevents08/aqua_doom01.txt#53#12,うん、これならいつでも作れそう。,嗯，这样的话随时都能做出来啦。,translated,依恩,25ec55c56e,br=0 nl=0,1,
inc/event/res/dateevents08/aqua_doom01.txt#54#12,"作って欲しいときは、
いつでもわたしに言ってね。","想让我做的时候，
随时跟我说哦。",translated,依恩,8b69959363,br=0 nl=1,2,
inc/event/res/dateevents08/aqua_doom01.txt#56#12,"<CLY2>レシピ【ミニ水族館？】が
追加されました。","<CLY2>已追加配方
【迷你水族馆？】。",translated,系统文本,0def20d90e,<CLY2> br=0 nl=1,2,keep-tags <CLY2>
inc/event/res/dateevents08/aqua_doom01.txt#57#12,"えへへ、今度行く時には、
これを作ってから行けたら嬉しいな。","诶嘿嘿，下次去的时候，
要是能做好这个再去我会很高兴的呢。",translated,依恩,7a88d543d1,br=0 nl=1,2,
inc/event/res/dateevents08/aqua_doom01.txt#62#14,"水族館に行って、
新しいレシピを
思いついちゃった。","去了水族馆，
想到了
全新的配方呢。",translated,,bf851547b3,br=0 nl=2,3,
inc/event/res/dateevents08/aqua_doom01.txt#63#12,<CLY2>イオンとのラブラブ度が少し上がりました。,<CLY2>与依欧的恩爱度略微提升了。,translated,系统文本,f0958b1f4c,<CLY2> br=0 nl=0,1,keep-tags <CLY2>; src-longest-line=26
inc/event/res/dateevents08/aqua_kigae.txt#9#12,"さて、と。
何を着ていこうかな～。","好――啦。
穿什么衣服去好呢～",translated,依恩,8c94aa58af,br=0 nl=1,2,
inc/event/res/dateevents08/aqua_kigae.txt#10#12,"水族館って何を着ていけばいいのか
悩むね……。","去水族馆该穿什么才合适，
真是让人犯愁呢……",translated,依恩,8b5786b5a8,br=0 nl=1,2,
inc/event/res/dateevents08/aqua_kigae.txt#11#12,かわいい感じ,可爱风格的,translated,,579ae6d33f,br=0 nl=0,1,
inc/event/res/dateevents08/aqua_kigae.txt#12#12,かっこいい感じ,帅气风格的,translated,,f1e0bb7486,br=0 nl=0,1,
inc/event/res/dateevents08/aqua_kigae.txt#14#12,…うーん………,……唔――……,translated,依恩,559821e472,br=0 nl=0,1,
inc/event/res/dateevents08/aqua_kigae.txt#17#12,普通にリンカージェンでいいかな～。,普普通通穿连接基因去就好啦～,translated,依恩,e304cd6b68,br=0 nl=0,1,
inc/event/res/dateevents08/aqua_kigae.txt#19#12,"…と思ったけど、今着てた…。
ま、まあ、このままでいっか。可愛いし。","……虽然这么想，但我现在就穿着呢……
嘛、嘛，就这样去也行啦，反正挺可爱的。",translated,依恩,bce9b93041,br=0 nl=1,2,
inc/event/res/dateevents08/aqua_kigae.txt#21#12,そうしよっと♪,就这么决定啦♪,translated,依恩,470c405821,br=0 nl=0,1,
inc/event/res/dateevents08/aqua_kigae.txt#28#12,ポーラーズメモリーでいいかな。,穿北极星记忆应该挺好吧。,translated,依恩,7b95783da0,br=0 nl=0,1,
inc/event/res/dateevents08/aqua_kigae.txt#30#12,"ちょうど今着てるし、
これならすぐに出られるもんね。","正好现在就穿着这件，
这样的话立刻就能出门了呢。",translated,依恩,8b6b410099,br=0 nl=1,2,
inc/event/res/dateevents08/aqua_kigae.txt#41#12,かわいい服？,可爱风格的衣服？,translated,依恩,8bd71479c5,br=0 nl=0,1,
inc/event/res/dateevents08/aqua_kigae.txt#42#12,"わたしが持っているので、
かわいい服っていうと……。","在我拥有的衣服里面，
要说可爱风的话……",translated,依恩,657b8bf38d,br=0 nl=1,2,
inc/event/res/dateevents08/aqua_kigae.txt#44#12,やっぱり、リンカージェンかな？,果然还是连接基因吧？,translated,依恩,5ac463c475,br=0 nl=0,1,
inc/event/res/dateevents08/aqua_kigae.txt#46#12,"だったら着替えなくていいね。
かわいいし、ちょうどよかったみたい。","既然如此就不用换衣服了呢。
既可爱又正合时宜，太好啦。",translated,依恩,8ac1eabb9f,br=0 nl=1,2,
inc/event/res/dateevents08/aqua_kigae.txt#48#12,そうしよっと♪,就这么决定啦♪,translated,依恩,470c405821,br=0 nl=0,1,
inc/event/res/dateevents08/aqua_kigae.txt#56#12,……う～ん、ちょうどいいのはないかも。,……唔～，可能没有正合适的呢。,translated,依恩,00876be403,br=0 nl=0,1,
inc/event/res/dateevents08/aqua_kigae.txt#57#12,"しかたないから、
もうこのまま行っちゃおうか。","没办法啦，
干脆就穿成这样直接去吧。",translated,依恩,30d5069724,br=0 nl=1,2,
inc/event/res/dateevents08/aqua_kigae.txt#61#12,かっこいい感じの服を着てほしいの？,你想让我穿帅气风格的衣服吗？,translated,依恩,73477ccbea,br=0 nl=0,1,
inc/event/res/dateevents08/aqua_kigae.txt#62#12,どんなのがいいかなぁ……。,穿哪件好呢……,translated,依恩,e445f93021,br=0 nl=0,1,
inc/event/res/dateevents08/aqua_kigae.txt#64#12,やっぱり、ナイトフロッガーだよね。,果然还是夜间青蛙对吧。,translated,依恩,986420c5eb,br=0 nl=0,1,
inc/event/res/dateevents08/aqua_kigae.txt#66#12,"ちょうど今着てたし、
これなら着替えないですぐにいけるよ。","正好我现在就穿着呢，
这样就不用换衣服立刻能出发啦。",translated,依恩,67d98b064c,br=0 nl=1,2,
inc/event/res/dateevents08/aqua_kigae.txt#68#12,早速、着替えよっと♪,那我这就去换衣服啦♪,translated,依恩,067dc881fe,br=0 nl=0,1,
inc/event/res/dateevents08/aqua_kigae.txt#76#12,……う～ん、ちょうどいいのはないかも。,……唔～，可能没有正合适的呢。,translated,依恩,00876be403,br=0 nl=0,1,
inc/event/res/dateevents08/aqua_kigae.txt#77#12,"しかたないから、
もうこのまま行っちゃおうか。","没办法啦，
干脆就穿成这样直接去吧。",translated,依恩,30d5069724,br=0 nl=1,2,
inc/event/res/dateevents08/aqua_kigae.txt#81#12,おまたせ～♪,久等啦～♪,translated,依恩,a17ce62072,br=0 nl=0,1,
inc/event/res/dateevents08/aqua_kigae.txt#86#12,…こんな感じだけど、どうかな？,……大概是这种感觉，你觉得怎么样？,translated,依恩,125046c2a6,br=0 nl=0,1,
inc/event/res/dateevents08/aqua_kigae.txt#87#12,とってもよく似合うよ,非常适合你哦,translated,,ac688ee6fd,br=0 nl=0,1,
inc/event/res/dateevents08/aqua_kigae.txt#88#12,かわいい！！,太可爱了！！,translated,,7cda497341,br=0 nl=0,1,
inc/event/res/dateevents08/aqua_kigae.txt#90#12,"えへへ…ありがと♪
わたしもこの服好きだから、嬉しいな。","诶嘿嘿……谢谢你♪
我也很喜欢这件衣服，好开心哦。",translated,依恩,93894dc723,br=0 nl=1,2,
inc/event/res/dateevents08/aqua_kigae.txt#93#12,"そ、そうかな…？
なんか、そんなダイレクトに言われたら
はずかしい…かも…。","是、是吗……？
被你这么直白地夸奖，
感觉怪不好意思的……",translated,依恩,b5abbe481e,br=0 nl=2,3,
inc/event/res/dateevents08/aqua_pt02.txt#2#12,ただいまー。,我回来啦――,translated,依恩,c04e320cff,br=0 nl=0,1,
inc/event/res/dateevents08/aqua_pt02.txt#4#12,ふ～、ただいまー。,呼～，我回来啦――,translated,依恩,997c37b120,br=0 nl=0,1,
inc/event/res/dateevents08/aqua_pt02.txt#6#12,とうちゃーく。,到――达。,translated,依恩,0f66b14285,br=0 nl=0,1,
inc/event/res/dateevents08/aqua_pt03.txt#2#12,水族館、また一緒に行こうね。,水族馆，下次再一起去哦。,translated,依恩,8aa501e880,br=0 nl=0,1,
inc/event/res/dateevents08/aqua_pt03.txt#4#12,また一緒に、遊びに行こうね。,下次再一起去玩哦。,translated,依恩,363a50a402,br=0 nl=0,1,
inc/event/res/dateevents08/aqua_pt03.txt#6#12,今日は付き合ってくれてありがと。,今天谢谢你陪我一起去。,translated,依恩,94535aaa49,br=0 nl=0,1,
inc/event/res/dateevents08/aqua_pt03.txt#8#12,"今日は楽しかったよ。
また一緒に行こうね。","今天玩得很开心哦。
下次再一起去吧。",translated,依恩,f5f99ca764,br=0 nl=1,2,
inc/event/res/dateevents08/aqua_s01.txt#2#12,"まだ見たことの無いお魚を見れると
嬉しいな。","能看到以前没见过的鱼儿，
真开心呀。",translated,依恩,57932ab337,br=0 nl=1,2,
inc/event/res/dateevents08/aqua_s01.txt#3#12,それじゃ、出発しよ。,那么，这就出发吧。,translated,依恩,3c8b8d02dc,br=0 nl=0,1,
inc/event/res/dateevents08/aqua_s01.txt#5#12,ん、無事に到着したみたい。,嗯，看来顺利到达了呢。,translated,依恩,0320b963d4,br=0 nl=0,1,
inc/event/res/dateevents08/aqua_s01.txt#6#12,わぁ……みんな元気に泳いでるね。,哇……大家都在精神抖擞地游着呢。,translated,依恩,3b4d2c8834,br=0 nl=0,1,
inc/event/res/dateevents08/aqua_s01.txt#7#12,"あっ、向こうの方にお魚が
たくさん集まってるよ。","啊，那边聚集了
好多好多鱼儿哦。",translated,依恩,dbc20bc092,br=0 nl=1,2,
inc/event/res/dateevents08/aqua_s01.txt#8#12,"遊んでるのかな？
見に行ってみようよ。","是在一起玩耍吗？
我们过去看看吧。",translated,依恩,1e05fcc99d,br=0 nl=1,2,
inc/event/res/dateevents08/aqua_s01.txt#10#12,えへへ、みんな楽しそう……。,诶嘿嘿，大家看起来都好开心的样子……,translated,依恩,5e414a1394,br=0 nl=0,1,
inc/event/res/dateevents08/aqua_s01.txt#11#12,"お魚達が元気に泳いでる姿を見てると、
何だか嬉しくなるの。","看着鱼儿们充满活力地游来游去，
总觉得心里特别高兴呢。",translated,依恩,8582355f8b,br=0 nl=1,2,
inc/event/res/dateevents08/aqua_s01.txt#12#12,"最初は魚を見るだけで飽きちゃうんじゃ
ないかな、って思ってたけど……。","起初我还担心光是看鱼
会不会很快就看腻了呢……",translated,依恩,0eab1291a7,br=0 nl=1,2,
inc/event/res/dateevents08/aqua_s01.txt#13#12,"でも、今はその逆。
とっても気に入ってるの。","但现在完全相反，
我超级喜欢这里呢。",translated,依恩,c6615b575e,br=0 nl=1,2,
inc/event/res/dateevents08/aqua_s01.txt#14#12,あっ、ほら、集まってたお魚……。,啊，你看，刚才聚在一起的鱼群……,translated,依恩,971f22d23e,br=0 nl=0,1,
inc/event/res/dateevents08/aqua_s01.txt#15#12,"ふふ、やっぱり遊んでたみたい。
円を描きながら泳いでる。","呵呵，果然是在一起玩耍呢。
正在画着圈圈游呢。",translated,依恩,407f2f4f07,br=0 nl=1,2,
inc/event/res/dateevents08/aqua_s01.txt#16#12,えへへ……本当、水族館って楽しいね。,诶嘿嘿……水族馆可真好玩呀。,translated,依恩,a34aaafc0d,br=0 nl=0,1,
inc/event/res/dateevents08/aqua_s01.txt#17#12,あなたも楽しめてるかな？,你也玩得开心吗？,translated,依恩,73bd20d942,br=0 nl=0,1,
inc/event/res/dateevents08/aqua_s01.txt#19#12,楽しいよ,挺开心的,translated,,fda243c081,br=0 nl=0,1,
inc/event/res/dateevents08/aqua_s01.txt#20#12,イオンの楽しんでいる様子が楽しい,看着依恩开心的样子我也很开心,translated,,7f389f8c4f,br=0 nl=0,1,
inc/event/res/dateevents08/aqua_s01.txt#22#12,そっか……それなら安心だよ。,这样啊……那我就放心了。,translated,依恩,24a96fb10d,br=0 nl=0,1,
inc/event/res/dateevents08/aqua_s01.txt#23#12,"なんだか、わたしだけ楽しんじゃってる
ような気がしたし……。","总觉得好像只有我一个人
在自顾自地傻乐呢……",translated,依恩,49ede185c4,br=0 nl=1,2,
inc/event/res/dateevents08/aqua_s01.txt#26#12,えっ！？,诶！？,translated,依恩,d0266993ff,br=0 nl=0,1,
inc/event/res/dateevents08/aqua_s01.txt#27#12,"や、やだ……もしかしてわたし、
ちょっとはしゃぎ過ぎてた？","讨、讨厌……难不成我
表现得有点太兴奋了吗？",translated,依恩,6e6042fdef,br=0 nl=1,2,
inc/event/res/dateevents08/aqua_s01.txt#28#12,"う～、恥ずかしいところ
見られちゃったよぉ……。","呜～被你看到了
好难为情的一面啊……",translated,依恩,fe9e91d82d,br=0 nl=1,2,
inc/event/res/dateevents08/aqua_s01.txt#29#12,"で、でも、せっかく水族館に来てるん
だから、お魚を見ないとダメだよ。","不、不过，既然难得来水族馆，
不好好看鱼可不行哦。",translated,依恩,7acb17b1dd,br=0 nl=1,2,
inc/event/res/dateevents08/aqua_s01.txt#31#12,"こんなに楽しいと思えるのって、
やっぱり、あなたが一緒にいてくれる
からだと思うの。","能感到这么开心，
果然还是因为
有你一直陪着我呢。",translated,依恩,a0b671ded3,br=0 nl=2,3,
inc/event/res/dateevents08/aqua_s01.txt#32#12,"わたし、あなたと会うまではずっと一人で
生活してたでしょ？","在遇见你之前，我不是一直都是一个人
生活的吗？",translated,依恩,4153754442,br=0 nl=1,2,
inc/event/res/dateevents08/aqua_s01.txt#33#12,"その頃って、本当に楽しいと思うようなことは、
ないって言ってもいいくらいだったから……。","那个时候，甚至可以说根本就没有
真正让人感到开心的事情呢……",translated,依恩,d9d5b2642f,br=0 nl=1,2,
inc/event/res/dateevents08/aqua_s01.txt#34#12,"あなたと会えなかったら、わたし……
今も一人で寂しく過ごしてたのかな？","如果没能遇见你，我……
现在也还是孤零零地度日吧？",translated,依恩,d46295077c,br=0 nl=1,2,
inc/event/res/dateevents08/aqua_s01.txt#35#12,"ううん、もしかしたら、寂しいとさえ
感じなかったかも。","不对，搞不好我甚至
都不会觉得寂寞呢。",translated,依恩,a609005ec2,br=0 nl=1,2,
inc/event/res/dateevents08/aqua_s01.txt#36#12,"これが当たり前なんだと思って、
感覚がマヒしちゃってたかもしれない……。","说不定还会以为那才是常态，
连感觉都变得麻木了……",translated,依恩,da87763eb2,br=0 nl=1,2,
inc/event/res/dateevents08/aqua_s01.txt#37#12,"えへへ……時々、そんなこと考えて
一人で不安になっちゃうことがあるんだ。","嘿嘿……偶尔胡思乱想起来，
我自己一个人就会变得很不安。",translated,依恩,5c01f86699,br=0 nl=1,2,
inc/event/res/dateevents08/aqua_s01.txt#38#12,"だからね、楽しいってだけじゃなくて、
安心もできるの。","所以呢，不仅是感到开心，
你还让我感到很安心哦。",translated,依恩,b852c21737,br=0 nl=1,2,
inc/event/res/dateevents08/aqua_s01.txt#40#12,もう不安を感じる必要はないと思う,我想你不需要再感到不安了,translated,,2858225e3b,br=0 nl=0,1,
inc/event/res/dateevents08/aqua_s01.txt#41#12,いつまでこうして話せるかわからない,不知道我们还能像这样聊到什么时候,translated,,7255727623,br=0 nl=0,1,
inc/event/res/dateevents08/aqua_s01.txt#43#12,……そうだね。,……也是呢。,translated,依恩,2d18bc5548,br=0 nl=0,1,
inc/event/res/dateevents08/aqua_s01.txt#44#12,"うん、今はあなたがいてくれるから、
もう不安は感じなくていいよね。","嗯，现在有你陪着我，
我已经不必再感到不安了呢。",translated,依恩,d3a99a02dc,br=0 nl=1,2,
inc/event/res/dateevents08/aqua_s01.txt#47#12,……結構、ハッキリ言うんだね。,……你说得还挺直接的呢。,translated,依恩,a6e9d08d9b,br=0 nl=0,1,
inc/event/res/dateevents08/aqua_s01.txt#48#12,"でも、わたしもそれを考えなかった日は
一日もないよ。","不过，我也从来没有哪一天
不曾这么想过哦。",translated,依恩,08b783e03a,br=0 nl=1,2,
inc/event/res/dateevents08/aqua_s01.txt#49#12,"だから、こうしてあなたと一緒に過ごせる
時間を、少しでも楽しもうと思ってるの
かもしれない……。","所以，我可能才会想着要
尽量好好享受与你一同度过的
这段时光吧……",translated,依恩,42b4cdf0c2,br=0 nl=2,3,
inc/event/res/dateevents08/aqua_s01.txt#50#12,多分だけど……。,大概是这样吧……,translated,依恩,f63944a65d,br=0 nl=0,1,
inc/event/res/dateevents08/aqua_s01.txt#51#12,えへへ、自分でもよくわからないや。,嘿嘿，我自己也不是很明白呢。,translated,依恩,9a0191c857,br=0 nl=0,1,
inc/event/res/dateevents08/aqua_s01.txt#53#12,って、ちょっと暗い話になっちゃったかな？,不过，我是不是把话题搞得有点沉重了？,translated,依恩,345abef931,br=0 nl=0,1,
inc/event/res/dateevents08/aqua_s01.txt#54#12,"ごめんね、せっかくのデートでこんな
話をするなんて、ダメだよね。","对不起哦，难得出来约会一次，
却聊这种话题，真是太扫兴了。",translated,依恩,4853b32e71,br=0 nl=1,2,
inc/event/res/dateevents08/aqua_s01.txt#56#12,"でも、話したせいか、少しだけ軽くなった
ような気がするよ。","不过，说出来之后，感觉心里
好像轻松了少许呢。",translated,依恩,e4c2b79c2c,br=0 nl=1,2,
inc/event/res/dateevents08/aqua_s01.txt#57#12,"これからも、
もし不安を感じるようなことがあったら、
真っ先にあなたにお話するね。","今后也是，
如果又感到不安的话，
我一定会第一时间向你倾诉的。",translated,依恩,b3b161b317,br=0 nl=2,3,
inc/event/res/dateevents08/aqua_s01.txt#58#12,"返事が欲しいわけじゃないけど、あなたと
共有できるだけで、安心できるから……。","并不是想要你做出什么答复，但只要能
和你分享，我就会感到安心……",translated,依恩,bed8d56bee,br=0 nl=1,2,
inc/event/res/dateevents08/aqua_s01.txt#60#12,"もっと純粋にお魚を見て楽しまないと、
お魚に対しても失礼だと思うし。","要是不更纯粹地去享受观赏鱼类的乐趣，
我觉得也太对不起那些鱼儿了。",translated,依恩,c07ede052e,br=0 nl=1,2,
inc/event/res/dateevents08/aqua_s01.txt#61#12,うん、暗い話はおしまい！,好，沉重的话题就到此为止！,translated,依恩,65c34e6fff,br=0 nl=0,1,
inc/event/res/dateevents08/aqua_s01.txt#64#12,ふぅ……今日は、たくさん喋っちゃったね。,呼……今天说了好多话呢。,translated,依恩,d7dfb8faaf,br=0 nl=0,1,
inc/event/res/dateevents08/aqua_s01.txt#65#12,疲れちゃったし、そろそろ帰ろうか？,也有些累了，差不多该回去了吧？,translated,依恩,87a6928c3e,br=0 nl=0,1,
inc/event/res/dateevents08/aqua_s01.txt#67#12,まだここでイオンを見ていたい,我还想在这里多看看依恩,translated,,420d7b301d,br=0 nl=0,1,
inc/event/res/dateevents08/aqua_s01.txt#68#12,そうだね、帰ろう,说得也是，回去吧,translated,,0e4366daf8,br=0 nl=0,1,
inc/event/res/dateevents08/aqua_s01.txt#74#12,"今日はあんまりお魚を見られなかったのが、
ちょっとだけ心残りかも……。","今天没能看太多的鱼，
稍微觉得有些遗憾呢……",translated,依恩,b4588da1f8,br=0 nl=1,2,
inc/event/res/dateevents08/aqua_s01.txt#75#12,"でも、ずっと思ってたことをあなたに
話せて、だいぶ気がラクになれたよ。","但是，能把一直以来的想法对你
倾诉出来，心里真是轻松多了。",translated,依恩,6b395cba9c,br=0 nl=1,2,
inc/event/res/dateevents08/aqua_s01.txt#80#14,"水族館でたくさんお話
できた。次はもっと
お魚を見てみたいな♪","在水族馆聊了好多
话。下次还想去看
更多的鱼呢♪",translated,,5b103b45c4,br=0 nl=2,3,
inc/event/res/dateevents08/aqua_s01.txt#81#12,<CLY2>イオンとのラブラブ度が少し上がりました。,<CLY2>与依欧的恩爱度略微提升了。,translated,系统文本,f0958b1f4c,<CLY2> br=0 nl=0,1,keep-tags <CLY2>; src-longest-line=26
inc/event/res/dateevents08/aqua_s02.txt#2#12,それじゃあ、早速出発しよ。,那么，我们赶紧出发吧。,translated,依恩,695efd8af6,br=0 nl=0,1,
inc/event/res/dateevents08/aqua_s02.txt#3#12,今日はどんなお魚を見れるかな？,今天能看到什么样的鱼呢？,translated,依恩,f1352e791b,br=0 nl=0,1,
inc/event/res/dateevents08/aqua_s02.txt#6#12,"う～ん、到着早々珍しいお魚が目の前に、
なんていうのを期待してたんだけど……。","唔～我还期待着一到这里
就有珍稀的鱼出现在眼前呢……",translated,依恩,da6c4cf13d,br=0 nl=1,2,
inc/event/res/dateevents08/aqua_s02.txt#7#12,"たまにはそういうことがあっても良いと
思うんだけどなぁ……。","偶尔有一次那样的事
应该也很不错嘛……",translated,依恩,3c35f2f20f,br=0 nl=1,2,
inc/event/res/dateevents08/aqua_s02.txt#8#12,"やっぱり、珍しいお魚は中々人前には
出てこない、ってことなのかな？","果然，珍稀的鱼是不会轻易
在人前露面的，是这么回事吧？",translated,依恩,e9f1aef927,br=0 nl=1,2,
inc/event/res/dateevents08/aqua_s02.txt#9#12,でも、それなら探しちゃうからいいもん。,不过，既然如此那我就去找它们，哼。,translated,依恩,aa225a882b,br=0 nl=0,1,
inc/event/res/dateevents08/aqua_s02.txt#11#12,"……そういえば、あなたは水族館に
行ったことがあるんだよね？","……说起来，你是去过水族馆
的对吧？",translated,依恩,63c77da19b,br=0 nl=1,2,
inc/event/res/dateevents08/aqua_s02.txt#12#12,そこで珍しい魚って見たことある？,你在那里见过珍奇的鱼吗？,translated,依恩,e5f8b34593,br=0 nl=0,1,
inc/event/res/dateevents08/aqua_s02.txt#14#12,もちろんあるよ,当然见过了,translated,,6a45321c5e,br=0 nl=0,1,
inc/event/res/dateevents08/aqua_s02.txt#15#12,珍しい魚はいなかった,没有遇到过珍奇的鱼,translated,,be014207a8,br=0 nl=0,1,
inc/event/res/dateevents08/aqua_s02.txt#17#12,わぁ、いいなぁ……。,哇，真好啊……,translated,依恩,355e209c6c,br=0 nl=0,1,
inc/event/res/dateevents08/aqua_s02.txt#18#12,"わたしも水族館に来てるんだし、
一匹くらいそういう魚を見てみたいよ。","既然我也来了水族馆，
真想也能看上一条那种鱼呢。",translated,依恩,a1e55b867f,br=0 nl=1,2,
inc/event/res/dateevents08/aqua_s02.txt#19#12,"まあ、元々お魚に詳しいわけじゃないから、
見た目が奇抜、とかの特徴がないとわから
ないけど……。","不过，我本来就对鱼不太了解，
要不是外观特别奇特之类的，
可能我也认不出来就是了……",translated,依恩,bb4b300ac1,br=0 nl=2,3,
inc/event/res/dateevents08/aqua_s02.txt#22#12,そ、そうなんだ……。,这、这样啊……,translated,依恩,469f06fa09,br=0 nl=0,1,
inc/event/res/dateevents08/aqua_s02.txt#23#12,"水族館なのに珍しいお魚がいないって、
ちょっと寂しいね。","明明是水族馆却看不到珍稀的鱼，
总觉得有点寂寞呢。",translated,依恩,3311f82ceb,br=0 nl=1,2,
inc/event/res/dateevents08/aqua_s02.txt#24#12,"普通は見られないお魚がいるからこそ、
楽しめる場所だと思うのに……。","正因为能看到平时见不到的鱼，
水族馆才会有趣的嘛……",translated,依恩,d6d5ccf319,br=0 nl=1,2,
inc/event/res/dateevents08/aqua_s02.txt#26#12,あっ、ちょっと珍しいの発見！,啊，发现了一条有点少见的鱼！,translated,依恩,d1bfae3f8c,br=0 nl=0,1,
inc/event/res/dateevents08/aqua_s02.txt#27#12,"凄いよ、体の透き通ってるお魚……。
こんなの、いたんだね。","好厉害，身体通体透明的鱼……
原来还有这种鱼啊。",translated,依恩,60b0e72530,br=0 nl=1,2,
inc/event/res/dateevents08/aqua_s02.txt#28#12,"えへへ、やっと珍しいと思えるお魚を
見ることができたよ。","嘿嘿，终于见到了
我觉得挺稀奇的鱼了呢。",translated,依恩,7dc341bceb,br=0 nl=1,2,
inc/event/res/dateevents08/aqua_s02.txt#29#12,"ここにも何回か来てるけど、珍しいお魚を
見たのって、今回が初めてじゃないかな？","虽然我也来过这里好几次了，但看到
珍稀的鱼，这搞不好还是头一次呢？",translated,依恩,7b46861d85,br=0 nl=1,2,
inc/event/res/dateevents08/aqua_s02.txt#31#12,珍しいのもいるのがわかったね,知道这里也有珍稀的鱼了呢,translated,,a96ee2948c,br=0 nl=0,1,
inc/event/res/dateevents08/aqua_s02.txt#33#12,"そうだね。
えへへ、今日は記念日だよ。","嗯。
嘿嘿，今天可是纪念日哦。",translated,依恩,999bf87878,br=0 nl=1,2,
inc/event/res/dateevents08/aqua_s02.txt#34#12,"珍しいお魚発見記念日。
帰ったら日記に書いとこっと。","珍奇鱼类发现纪念日。
回去之后我要写进日记里。",translated,依恩,3af53b29c0,br=0 nl=1,2,
inc/event/res/dateevents08/aqua_s02.txt#35#12,あなたも、日記にちゃんと書いてね。,你也要好好记在日记里哦。,translated,依恩,584d45574a,br=0 nl=0,1,
inc/event/res/dateevents08/aqua_s02.txt#36#12,う～ん、他にはどんなお魚が……。,唔～其他还有什么样的鱼呢……,translated,依恩,a3afc68966,br=0 nl=0,1,
inc/event/res/dateevents08/aqua_s02.txt#38#12,……あっ。,……啊。,translated,依恩,97b2adb3af,br=0 nl=0,1,
inc/event/res/dateevents08/aqua_s02.txt#39#12,あそこのお魚、ほら、あそこ！,那边的鱼，看，在那边！,translated,依恩,61fb3ef9ac,br=0 nl=0,1,
inc/event/res/dateevents08/aqua_s02.txt#40#12,あっ、あぁー……。,啊、啊～……,translated,依恩,8ee4acac53,br=0 nl=0,1,
inc/event/res/dateevents08/aqua_s02.txt#41#12,"見えなくなっちゃった……。
う～、あなたにも見てもらいたかったのに。","游走了看不到了……
唔～本来还想让你也看一眼的。",translated,依恩,0c663f034b,br=0 nl=1,2,
inc/event/res/dateevents08/aqua_s02.txt#44#12,珍しい魚がいたの？,是有珍奇的鱼吗？,translated,,9af93e4263,br=0 nl=0,1,
inc/event/res/dateevents08/aqua_s02.txt#46#12,お魚自体は珍しくなかったよ。,鱼本身倒是很普通啦。,translated,依恩,92fe56435f,br=0 nl=0,1,
inc/event/res/dateevents08/aqua_s02.txt#47#12,"けど、二匹のお魚がね、
ぴったり並んで泳いでたの。","但是有两条鱼，
紧紧挨在一起并排游着呢。",translated,依恩,b3d3207fc5,br=0 nl=1,2,
inc/event/res/dateevents08/aqua_s02.txt#48#12,"親子だったのかな？
それとも、カップルとか……。","是亲子关系吗？
还是说是情侣呢……",translated,依恩,5dd4308956,br=0 nl=1,2,
inc/event/res/dateevents08/aqua_s02.txt#49#12,"うん、大きさがほとんど同じだったから、
多分カップルだね。","嗯，体型几乎一样大，
大概是情侣吧。",translated,依恩,2cffb169e9,br=0 nl=1,2,
inc/event/res/dateevents08/aqua_s02.txt#50#12,"もしかして、デートしながらわたしたちの
ことを見てたのかもしれないよ。","说不定它们也是一边约会，
一边看着我们呢。",translated,依恩,bfe4fe67d0,br=0 nl=1,2,
inc/event/res/dateevents08/aqua_s02.txt#51#12,仲が良くて、羨ましいなぁ……。,感情真好，真让人羡慕啊……,translated,依恩,59b779020c,br=0 nl=0,1,
inc/event/res/dateevents08/aqua_s02.txt#53#12,自分達もデート中なんだけど……,我们现在也是在约会中就是了……,translated,,b50e6b9c8c,br=0 nl=0,1,
inc/event/res/dateevents08/aqua_s02.txt#54#12,デート、したいね,真想约会呢,translated,,f6bb946962,br=0 nl=0,1,
inc/event/res/dateevents08/aqua_s02.txt#56#12,あっ、そ、そうだったね。,啊，对、对哦。,translated,依恩,6b124d62ce,br=0 nl=0,1,
inc/event/res/dateevents08/aqua_s02.txt#57#12,"えへへ、いつの間にか、普通に水族館を
楽しんじゃってたみたい。","嘿嘿，不知不觉间，
好像就只顾着逛水族馆了呢。",translated,依恩,c0fedefa08,br=0 nl=1,2,
inc/event/res/dateevents08/aqua_s02.txt#58#12,"思い出させてくれてありがと。
これからは気を付けるね。","谢谢你提醒我。
接下来我会注意的啦。",translated,依恩,394eba5f29,br=0 nl=1,2,
inc/event/res/dateevents08/aqua_s02.txt#62#12,うん、わたしもデートしたい……？,嗯，我也想约会……？,translated,依恩,8857e4bec5,br=0 nl=0,1,
inc/event/res/dateevents08/aqua_s02.txt#63#12,"って、わたし達もデートしてるよ。
今まさにデート中だもん。","不对，我们不是正在约会嘛。
现在分明就是约会进行时呀。",translated,依恩,e8e0cdaa27,br=0 nl=1,2,
inc/event/res/dateevents08/aqua_s02.txt#64#12,"もぉ、わたしも忘れてたから怒れないけど、
ちょっとショックかも……。","真是的，虽然我自己也忘了不好生气，
但还是有点受打击呢……",translated,依恩,17789f6c92,br=0 nl=1,2,
inc/event/res/dateevents08/aqua_s02.txt#67#12,"……でも、わたし達もいつか、あのお魚
みたいに肩を並べて歩けると良いね。","……不过，要是我们哪天也能像那两条鱼
一样并肩散步就好了呢。",translated,依恩,554bcae5fd,br=0 nl=1,2,
inc/event/res/dateevents08/aqua_s02.txt#68#12,その時は、腕とか組んじゃったりして。,到那时，还可以挽着手呢。,translated,依恩,2d4a1d1270,br=0 nl=0,1,
inc/event/res/dateevents08/aqua_s02.txt#70#12,"でも、仲の良さだったらわたし達だって
負けてないもんね。","不过，要论感情深厚，
我们也不会输给它们呢。",translated,依恩,faab4f0d23,br=0 nl=1,2,
inc/event/res/dateevents08/aqua_s02.txt#71#12,えへへ、お魚に負けてられないもん。,嘿嘿，可不能输给鱼儿呢。,translated,依恩,4bcf2a9002,br=0 nl=0,1,
inc/event/res/dateevents08/aqua_s02.txt#74#12,ふぅ……だいぶ見て歩いたね。,呼……逛了好久看个够了呢。,translated,依恩,a085ccd5fe,br=0 nl=0,1,
inc/event/res/dateevents08/aqua_s02.txt#75#12,"今日は珍しいお魚も見れたし、
大満足のデートになったよ。","今天也看到了稀奇的鱼，
真是一次让人大满足的约会呢。",translated,依恩,1b73ba60ba,br=0 nl=1,2,
inc/event/res/dateevents08/aqua_s02.txt#76#12,それじゃあ、そろそろ帰ろっか？,那么，差不多该回去了吧？,translated,依恩,78ce9cefed,br=0 nl=0,1,
inc/event/res/dateevents08/aqua_s02.txt#78#12,もう少しここにいたい,还想在这里再待一会儿,translated,,317cae642c,br=0 nl=0,1,
inc/event/res/dateevents08/aqua_s02.txt#79#12,帰ろう,回去吧,translated,,b2f8e74c09,br=0 nl=0,1,
inc/event/res/dateevents08/aqua_s02.txt#85#12,"そうだ、忘れないうちに
日記に書いておかないと。","对了，趁着还没忘记，
得赶紧写进日记里才行。",translated,依恩,2e97c21c55,br=0 nl=1,2,
inc/event/res/dateevents08/aqua_s02.txt#86#12,あなたも忘れちゃダメだよ。,你可也不能忘掉哦。,translated,依恩,c6e6cf4ae1,br=0 nl=0,1,
inc/event/res/dateevents08/aqua_s02.txt#87#12,"今日はわたし達にとっての、
珍しいお魚発見記念日なんだから。","今天对我们来说，
可是珍奇鱼类发现纪念日呢。",translated,依恩,669f204ffa,br=0 nl=1,2,
inc/event/res/dateevents08/aqua_s02.txt#92#14,"思い出の記念日。
その名も、珍しいお魚
発見記念日だよ♪","留下回忆的纪念日。
它的名字就叫，
珍奇鱼类发现纪念日哦♪",translated,,7acdb06ff8,br=0 nl=2,3,
inc/event/res/dateevents08/aqua_s02.txt#93#12,<CLY2>イオンとのラブラブ度が少し上がりました。,<CLY2>与依欧的恩爱度略微提升了。,translated,系统文本,f0958b1f4c,<CLY2> br=0 nl=0,1,keep-tags <CLY2>; src-longest-line=26
inc/event/res/dateevents08/aqua_s03.txt#1#12,水族館かぁ……。,水族馆啊……,translated,依恩,bdb2de3cb0,br=0 nl=0,1,
inc/event/res/dateevents08/aqua_s03.txt#2#12,"えへへ、何だかワクワクするね。
早く出発しよ！","嘿嘿，总觉得好兴奋呢。
快点出发吧！",translated,依恩,fd9d4fe744,br=0 nl=1,2,
inc/event/res/dateevents08/aqua_s03.txt#4#12,わぁ……。,哇啊……。,translated,依恩,86acbc5a1b,br=0 nl=0,1,
inc/event/res/dateevents08/aqua_s03.txt#5#12,"今日もお魚さん、元気いっぱいみたい。
見てると、笑顔になれるね？","今天鱼儿们好像也很有精神呢。
看着它们就会露出笑容呢。",translated,依恩,04386a8583,br=0 nl=1,2,
inc/event/res/dateevents08/aqua_s03.txt#7#12,"……あのね、今日はちょっと、
いつもとは違ったことをしてみない？","……那个，今天我们试着
做点和以往不一样的事情吧？",translated,依恩,cac15d6de3,br=0 nl=1,2,
inc/event/res/dateevents08/aqua_s03.txt#8#12,"ほら、わたし達が水族館に来るように
なって、だいぶ経つでしょ？","你看，我们开始来水族馆，
也过了挺长一段时间了吧？",translated,依恩,398846213f,br=0 nl=1,2,
inc/event/res/dateevents08/aqua_s03.txt#9#12,"けど、ここに来るとついお魚のお話に
夢中になっちゃうこともあるから……。","不过，一到这里往往就顾着聊鱼的话题，
不知不觉就沉迷进去了……",translated,依恩,176ee55a31,br=0 nl=1,2,
inc/event/res/dateevents08/aqua_s03.txt#10#12,"たまには、デートっぽい会話をして
みたいなぁ、って思ったの。","我就在想，偶尔也想聊点
更有约会气氛的话题呢。",translated,依恩,e2c3682449,br=0 nl=1,2,
inc/event/res/dateevents08/aqua_s03.txt#11#12,"特にここって静かだし、
水槽に囲まれた場所だから、
すごく幻想的な雰囲気がするし……。","特别是这里既安静，
又被大水槽所环绕，
气氛显得非常奇幻浪漫……",translated,依恩,902aa674c4,br=0 nl=2,3,
inc/event/res/dateevents08/aqua_s03.txt#12#12,だから、今日はそういうお話をしない？,所以，今天来聊聊那样的话题吧？,translated,依恩,e595f5aa7b,br=0 nl=0,1,
inc/event/res/dateevents08/aqua_s03.txt#14#12,例えば？,比如说？,translated,,f9af1a00a1,br=0 nl=0,1,
inc/event/res/dateevents08/aqua_s03.txt#16#12,"えっと……すごく漠然としてるけど、
これからのこととか、もしものこととか。","唔……虽然有点抽象，
像是未来的打算，或是假设的事情之类的。",translated,依恩,d18ed31ce3,br=0 nl=1,2,
inc/event/res/dateevents08/aqua_s03.txt#17#12,"幻想的な雰囲気のここで話すと、
全部じゃなくても、
いくつかは叶うんじゃないかな、って……。","在这样梦幻的气氛下聊一聊，
虽然不可能全部实现，
但说不定有几个能够成真呢，我是这么想的……",translated,依恩,f6488f8ab0,br=0 nl=2,3,
inc/event/res/dateevents08/aqua_s03.txt#18#12,"理由は説明できないけど、
そんな気がするの。","虽然我说不出什么理由，
但冥冥之中有这种感觉呢。",translated,依恩,d21eaf6193,br=0 nl=1,2,
inc/event/res/dateevents08/aqua_s03.txt#19#12,"だから一つでも叶ってくれるように、
たくさんそういうお話をしたいな。","所以为了哪怕能实现一个也好，
真想多聊聊这样的话题呢。",translated,依恩,450493a41e,br=0 nl=1,2,
inc/event/res/dateevents08/aqua_s03.txt#21#12,夢があっていいと思う,很有梦想，挺好的,translated,,b0a529f16f,br=0 nl=0,1,
inc/event/res/dateevents08/aqua_s03.txt#22#12,お金持ちになった時のお話をしよう,来聊聊变成大富翁之后的事吧,translated,,ceee6cfc6d,br=0 nl=0,1,
inc/event/res/dateevents08/aqua_s03.txt#24#12,えへへ……そう言ってもらえて安心したよ。,嘿嘿……你能这么说我就放心了。,translated,依恩,f714894e71,br=0 nl=0,1,
inc/event/res/dateevents08/aqua_s03.txt#25#12,"子供っぽいとか言われて、
からかわれたりしちゃうかも、って
少し心配してたの。","我刚才还稍微有点担心，
怕你笑话我太孩子气
或者调侃我呢。",translated,依恩,ff49f81691,br=0 nl=2,3,
inc/event/res/dateevents08/aqua_s03.txt#26#12,それじゃ、何のお話しようかな？,那么，该聊些什么好呢？,translated,依恩,c0bd18d3a9,br=0 nl=0,1,
inc/event/res/dateevents08/aqua_s03.txt#30#12,"た、確かにもしもの話にはなるけど、
さすがに即物的過ぎるような……。","虽、虽然确实算假设的话题，
但未免也太现实太物质了吧……",translated,依恩,857f29cbcf,br=0 nl=1,2,
inc/event/res/dateevents08/aqua_s03.txt#31#12,"面白いとは思うけどね。
わたしも、広い研究所みたいな部屋で、
すごく大きい機械を作ってみたいし。","不过听起来确实挺有趣的。
我也想在宽敞得像研究所一样的房间里，
试着造一台超级巨大的机器呢。",translated,依恩,cd1a96ffa8,br=0 nl=2,3,
inc/event/res/dateevents08/aqua_s03.txt#32#12,"でも、もう少しデートの
雰囲気に合った話をしたいな。","但是，我还是想聊点
更符合约会气氛的话题呢。",translated,依恩,fb42826186,br=0 nl=1,2,
inc/event/res/dateevents08/aqua_s03.txt#34#12,"例えば……やっぱり、わたし達の
関係のことを話したいかな？","比如说……果然还是想聊聊
关于我们之间关系的话题吧？",translated,依恩,58310b8382,br=0 nl=1,2,
inc/event/res/dateevents08/aqua_s03.txt#35#12,"はじめまして、からすぐお友達になって、
今はお付き合いまで始めて……。","从刚开始的初次见面，很快成为朋友，
到现在甚至已经开始交往了……",translated,依恩,dca97a6404,br=0 nl=1,2,
inc/event/res/dateevents08/aqua_s03.txt#36#12,"えへへ、これからもっともっと
仲良くなっていけるかな？","嘿嘿，今后我们的感情
还能变得更加更加亲密吗？",translated,依恩,2eeae5dfef,br=0 nl=1,2,
inc/event/res/dateevents08/aqua_s03.txt#37#12,"今までよりもたくさんお話して、
たくさんデートをして……。","聊得比以往还要多，
去更多次约会……",translated,依恩,415a4121fa,br=0 nl=1,2,
inc/event/res/dateevents08/aqua_s03.txt#38#12,それで……。,然后……,translated,依恩,76fe6312a7,br=0 nl=0,1,
inc/event/res/dateevents08/aqua_s03.txt#39#12,"……いつかは、端末越しじゃなくて、
実際に会えたら嬉しいな。","……要是哪一天，能不隔着终端，
真正见上一面就好了呢。",translated,依恩,1578c0164a,br=0 nl=1,2,
inc/event/res/dateevents08/aqua_s03.txt#40#12,"えへへ……もしそういう日が来たら、
嬉しさよりも驚きで、
頭の中が真っ白になっちゃうと思うけどね。","嘿嘿……如果真有那么一天的话，
比起高兴，恐怕更多的是惊讶，
脑袋里一定会变得一片空白吧。",translated,依恩,8009783a95,br=0 nl=2,3,
inc/event/res/dateevents08/aqua_s03.txt#42#12,とりあえず、はじめまして……かな？,总之先说一句……初次见面吧？,translated,,69e7ae52cc,br=0 nl=0,1,
inc/event/res/dateevents08/aqua_s03.txt#43#12,即プロポーズする,当场向你求婚,translated,,6f511effec,br=0 nl=0,1,
inc/event/res/dateevents08/aqua_s03.txt#45#12,なるほど……確かに一番合ってそうだね。,原来如此……确实这个最合适呢。,translated,依恩,da35da1010,br=0 nl=0,1,
inc/event/res/dateevents08/aqua_s03.txt#46#12,"端末越しに、しかもこっちからは
あなたの顔は見れないんだし。","毕竟隔着终端，而且从我这边
根本就看不到你的长相嘛。",translated,依恩,40149441c3,br=0 nl=1,2,
inc/event/res/dateevents08/aqua_s03.txt#47#12,"でも、実際に会う時ははじめまして、に
少しだけアレンジしようよ。","不过，真正见面的时候，
在“初次见面”上稍微改一改吧。",translated,依恩,0f9e4c90c2,br=0 nl=1,2,
inc/event/res/dateevents08/aqua_s03.txt#48#12,"なんか、ただのはじめましてだけだと、
端末で話してる今のことを、なかったことに
しちゃってるみたいだもん……。","因为如果只说一句初次见面，
总觉得就像是把现在隔着终端聊天的时光，
全都当成没发生过一样嘛……",translated,依恩,133824fbc9,br=0 nl=2,3,
inc/event/res/dateevents08/aqua_s03.txt#49#12,"今この瞬間も、わたしにとっては
大切なあなたとの時間だもん。","因为即便是此时此刻，
对我而言也是弥足珍贵的时光呀。",translated,依恩,3ab6496e44,br=0 nl=1,2,
inc/event/res/dateevents08/aqua_s03.txt#53#12,"いきなりそんなことされたら、
余計頭の中真っ白になっちゃうよ！","你要是突然搞这出，
我的脑袋岂不是更要一片空白了！",translated,依恩,cc0f7e17f0,br=0 nl=1,2,
inc/event/res/dateevents08/aqua_s03.txt#54#12,"あっ、でもあまりにも突拍子がないから、
逆に冷静になる可能性も……。","啊，不过因为实在太突如其来了，
说不定反而会冷静下来呢……",translated,依恩,78824cb91c,br=0 nl=1,2,
inc/event/res/dateevents08/aqua_s03.txt#55#12,"ううん、さすがにそれはないよ。
実際に会って頭真っ白の状態の時に
プロポーズだもん。","不不，怎么想也不可能啦。
真正见面脑子一片空白的时候
被你突然求婚什么的。",translated,依恩,22353b419f,br=0 nl=2,3,
inc/event/res/dateevents08/aqua_s03.txt#56#12,"あ、あのね、気持ちは嬉しいけど……
ようやく会えたね、とか、
それくらいの言葉にしてくれると嬉しいかも。","那、那个，心意我是很高兴啦……
但要是换成“终于见到了呢”之类的，
那种程度的话，我会更开心吧。",translated,依恩,929bb3a2a5,br=0 nl=2,3,
inc/event/res/dateevents08/aqua_s03.txt#58#12,"でも、もしもそういう日が来なかったと
したら……わたし達は、ずっと端末越しに
話すことしか出来ないんだよね？","不过，如果那样的一天永远不会到来……
我们就只能一直隔着终端
这样说话了对吧？",translated,依恩,3c456f901a,br=0 nl=2,3,
inc/event/res/dateevents08/aqua_s03.txt#59#12,そうなったら……。,要是变成那样……,translated,依恩,5e47e9162d,br=0 nl=0,1,
inc/event/res/dateevents08/aqua_s03.txt#60#12,"……やっぱり、いつかはお別れをしなくちゃ
いけない日が、来ちゃうよね？","……果然，总有一天会迎来
不得不告别的时刻吧？",translated,依恩,fb29724d91,br=0 nl=1,2,
inc/event/res/dateevents08/aqua_s03.txt#61#12,"わたしは平気でも、あなたは自分の世界での
大切な生活があるんだもん。","即使我无所谓，但在你自己的世界里，
也有着重要的生活要过嘛。",translated,依恩,8d6f595f18,br=0 nl=1,2,
inc/event/res/dateevents08/aqua_s03.txt#62#12,"その時は……何も言わずに
通信を切ってほしいの。","到了那个时候……希望你
什么都别说，直接切断通讯就好。",translated,依恩,879304c58c,br=0 nl=1,2,
inc/event/res/dateevents08/aqua_s03.txt#63#12,"別れを言われてからだと、
きっとわたし、あなたの前で
たくさん泣いちゃうと思うから……。","因为要是听到了告别的话，
我一定会在你面前
哭得稀里哗啦的吧……",translated,依恩,a8749c566f,br=0 nl=2,3,
inc/event/res/dateevents08/aqua_s03.txt#65#12,デートっぽくない会話になってる,这话题已经完全不像约会了,translated,,bce286e127,br=0 nl=0,1,
inc/event/res/dateevents08/aqua_s03.txt#67#12,ご、ごめんなさい……。,对、对不起……,translated,依恩,cfe1b98c95,br=0 nl=0,1,
inc/event/res/dateevents08/aqua_s03.txt#68#12,"でも、こういう時でもないと
言えないと思って……。","但我也是觉得如果不趁着这种时候，
就更说不出口了……",translated,依恩,350f720e51,br=0 nl=1,2,
inc/event/res/dateevents08/aqua_s03.txt#69#12,"あなたを束縛するようなこと、
したくないもん。","因为我不想做出
束缚你的事情嘛。",translated,依恩,880582237e,br=0 nl=1,2,
inc/event/res/dateevents08/aqua_s03.txt#70#12,"これも、わたしの本当の気持ちだよ。
だから、覚えててくれると嬉しいな。","这也是我的真心话哦。
所以，你能记住的话我会很开心的。",translated,依恩,8549286d61,br=0 nl=1,2,
inc/event/res/dateevents08/aqua_s03.txt#72#12,すぐに忘れると思う,感觉我马上就会忘记,translated,,be97c66fb3,br=0 nl=0,1,
inc/event/res/dateevents08/aqua_s03.txt#73#12,イオンの気持ちなら一応覚えておく,既然是依恩的心意那我就姑且记住吧,translated,,e68d72cb22,br=0 nl=0,1,
inc/event/res/dateevents08/aqua_s03.txt#75#12,もぉ……結構勇気出して言ったのに……。,真是的……人家可是鼓足了勇气才说的呢……,translated,依恩,44e2ed843c,br=0 nl=0,1,
inc/event/res/dateevents08/aqua_s03.txt#76#12,"でも、そう言ってくれるってことは、
まだまだずっと、一緒にいてくれるってこと
だよね？","不过，你会这么说，
也就意味着你还会一直一直
陪在我身边的对吧？",translated,依恩,8c35925f8b,br=0 nl=2,3,
inc/event/res/dateevents08/aqua_s03.txt#79#12,"うん……
ごめんね、変なこと頼んじゃって……。","嗯……
对不起哦，向你提了这种奇怪的请求……",translated,依恩,e75b8f3453,br=0 nl=1,2,
inc/event/res/dateevents08/aqua_s03.txt#80#12,"でも、あなたの言う通りデートで
するような話じゃないよね？","不过，就像你说的那样，
这确实不是该在约会时聊的话题呢。",translated,依恩,b3d28ab5d6,br=0 nl=1,2,
inc/event/res/dateevents08/aqua_s03.txt#83#12,"けど、わたしはこれからもずっと、
あなたと一緒にいたいと思ってるよ。","但是，我希望今后也能一直一直，
和你在一起哦。",translated,依恩,b338938627,br=0 nl=1,2,
inc/event/res/dateevents08/aqua_s03.txt#85#12,"だから、これからもあなたに対しての
好きって気持ちは、変わらないよ。","所以，今后我对你的
喜欢之情，也是绝对不会改变的。",translated,依恩,5be3912f8a,br=0 nl=1,2,
inc/event/res/dateevents08/aqua_s03.txt#86#12,"あっ、今のウソ。
多分変わるかも……。","啊，刚才说谎了。
可能还是会变的……",translated,依恩,84ddc462f7,br=0 nl=1,2,
inc/event/res/dateevents08/aqua_s03.txt#87#12,もっともっと好きにね、えへへ……。,会变得越来越喜欢你哦，嘿嘿……,translated,依恩,ed55f46812,br=0 nl=0,1,
inc/event/res/dateevents08/aqua_s03.txt#89#12,"これも、わたしの本当の気持ちだから、
ちゃんと覚えててね。","这也是我的真心话，
所以你一定要好好记住哦。",translated,依恩,e115b7189c,br=0 nl=1,2,
inc/event/res/dateevents08/aqua_s03.txt#92#12,"ふぅ……今日は、色々話しちゃった
気がするよ。","呼……总觉得今天
聊了好多好多事情呢。",translated,依恩,f5e7574a18,br=0 nl=1,2,
inc/event/res/dateevents08/aqua_s03.txt#93#12,"いつの間にか、
結構時間も経っちゃってるし……。
そろそろ戻ろっか？","不知不觉间，
时间也过去挺久了……
差不多该回去了吧？",translated,依恩,71a4e6766e,br=0 nl=2,3,
inc/event/res/dateevents08/aqua_s03.txt#95#12,まだここでイオンを見ていたい,我还想在这里多看看依恩,translated,,420d7b301d,br=0 nl=0,1,
inc/event/res/dateevents08/aqua_s03.txt#96#12,そうだね、帰ろう,说得也是，回去吧,translated,,0e4366daf8,br=0 nl=0,1,
inc/event/res/dateevents08/aqua_s03.txt#102#12,"今日は、ちょっと暗い話に
なっちゃってごめんね。","今天聊了些有点沉重的话题，
对不起哦。",translated,依恩,b1d697bd8a,br=0 nl=1,2,
inc/event/res/dateevents08/aqua_s03.txt#103#12,"本当は、もっと楽しいお話をしようと
思ってたんだけど……。","其实我原本是打算
多聊些开心的事情的……",translated,依恩,d80a7f0d22,br=0 nl=1,2,
inc/event/res/dateevents08/aqua_s03.txt#104#12,"でも、どうしても言っておかないと
いけないことだったし、
ちょうどいい機会だと思って……。","但是，那些无论如何都必须
向你说清楚的事情，
我觉得正是一个好机会……",translated,依恩,7c96f547e1,br=0 nl=2,3,
inc/event/res/dateevents08/aqua_s03.txt#105#12,えへへ、勝手だね、わたし……。,嘿嘿，我可真是太任性了呢……,translated,依恩,c6cd0d2f74,br=0 nl=0,1,
inc/event/res/dateevents08/aqua_s03.txt#106#12,"でも、ちゃんと最後まで
聞いてくれてありがと。","不过，谢谢你能好好
听到最后哦。",translated,依恩,2d39eb1a79,br=0 nl=1,2,
inc/event/res/dateevents08/aqua_s03.txt#107#12,"今度水族館でデートする時は、
今日出来なかった分、楽しいお話を
沢山しようね！","下次再来水族馆约会的时候，
把今天没能聊的份补上，
好好聊个痛快吧！",translated,依恩,fa67292fb1,br=0 nl=2,3,
inc/event/res/dateevents08/aqua_s03.txt#111#14,"いつか本当に会って
デートしたりできるの
かな？","将来有一天，
我们真的能见上一面，
并一起约会吗？",translated,,321e3458b5,br=0 nl=2,3,
inc/event/res/dateevents08/aqua_s03.txt#112#12,<CLY2>イオンとのラブラブ度が少し上がりました。,<CLY2>与依欧的恩爱度略微提升了。,translated,系统文本,f0958b1f4c,<CLY2> br=0 nl=0,1,keep-tags <CLY2>; src-longest-line=26
inc/event/res/dateevents08/aqua_s04.txt#1#12,"夫婦で水族館デートって、
ちょっと素敵な感じがするね。","夫妻俩来水族馆约会，
感觉还挺浪漫的呢。",translated,依恩,7566cd4cc8,br=0 nl=1,2,
inc/event/res/dateevents08/aqua_s04.txt#2#12,それじゃ、行こっか？,那么，我们出发吧？,translated,依恩,82765d6056,br=0 nl=0,1,
inc/event/res/dateevents08/aqua_s04.txt#4#12,"とうちゃーく。
ふふっ、今日はどんなお魚が見られるかな？","到～达。
呵呵，今天能看到什么样的鱼呢？",translated,依恩,3be13a031e,br=0 nl=1,2,
inc/event/res/dateevents08/aqua_s04.txt#6#12,"それにしても……やっぱりここって、
いつ来てもいいよね？","不过话说回来……这里果然
无论什么时候来都很棒呢？",translated,依恩,7510cf8d35,br=0 nl=1,2,
inc/event/res/dateevents08/aqua_s04.txt#7#12,"静かで、神秘的で……
来るだけで落ち着いた気持ちになれるし。","既安静又神秘……
光是来这里就能让人心情平静下来。",translated,依恩,53e2ea1b8e,br=0 nl=1,2,
inc/event/res/dateevents08/aqua_s04.txt#8#12,"一人で来ると、ちょっと寂しいかも
しれないけど……。","虽然一个人来的话，可能会稍微
感到有点寂寞就是了……",translated,依恩,51fa9384b7,br=0 nl=1,2,
inc/event/res/dateevents08/aqua_s04.txt#9#12,"でも、その分だけ隣にいるあなたのことを、
他の場所よりも強く感じることができるの。","但正因如此，比起其他地方，
我更能强烈地感受到身旁的你的存在。",translated,依恩,2370863d3d,br=0 nl=1,2,
inc/event/res/dateevents08/aqua_s04.txt#11#12,ここに住もうか？,要不住在这里吧？,translated,,440100029f,br=0 nl=0,1,
inc/event/res/dateevents08/aqua_s04.txt#12#12,（イオンの手に触れる）,（轻触依恩的手）,translated,,1065e6edfc,br=0 nl=0,1,
inc/event/res/dateevents08/aqua_s04.txt#14#12,"ふふっ、またあなたのとんでもアイデアが
飛び出したね。","呵呵，你又冒出
这种异想天开的念头了呢。",translated,依恩,dcfb156af9,br=0 nl=1,2,
inc/event/res/dateevents08/aqua_s04.txt#15#12,"でも、確かにここに住むことができたら、
素敵かもしれないね。","不过，要是真能住在这里的话，
说不定会很棒呢。",translated,依恩,b4cb4ba8f1,br=0 nl=1,2,
inc/event/res/dateevents08/aqua_s04.txt#16#12,"ずっと前に雑誌でね、海の中にあるホテルの
特集記事があったんだけど、本当に水族館の
中みたいな部屋だったの。","很久以前在杂志上看到过，
有一篇关于海底酒店的专题报道，
房间就真的像在水族馆里一样呢。",translated,依恩,8d28a5d962,br=0 nl=2,3,
inc/event/res/dateevents08/aqua_s04.txt#17#12,それを見た時、素敵だな、って思って……。,当时看了就觉得好棒啊……,translated,依恩,88c358a0ae,br=0 nl=0,1,
inc/event/res/dateevents08/aqua_s04.txt#18#12,"でも、事故でガラスが割れた時のことを
考えると、ちょっとだけ不安で……。","但是一想到万一出事故玻璃碎了的话，
就觉得稍微有点害怕……",translated,依恩,4fed050b87,br=0 nl=1,2,
inc/event/res/dateevents08/aqua_s04.txt#19#12,"それに、あなたが端末の前にいない間は、
部屋で一人の時よりも寂しくなっちゃうと
思うし。","而且，在你不在终端前的这段时间，
我想肯定会比一个人待在房间里
还要感到寂寞吧。",translated,依恩,e0327d1d9d,br=0 nl=2,3,
inc/event/res/dateevents08/aqua_s04.txt#22#12,あっ……。,啊……,translated,依恩,d5cb2d065d,br=0 nl=0,1,
inc/event/res/dateevents08/aqua_s04.txt#23#12,"えへへ……大丈夫だよ。
今は、あなたと一緒だから、寂しいなんて
少しも思ってないよ。","嘿嘿……没事的啦。
现在有你陪着我，
我一点都没有觉得寂寞哦。",translated,依恩,dc7d36b7b8,br=0 nl=2,3,
inc/event/res/dateevents08/aqua_s04.txt#24#12,"……でも、気遣ってくれてありがと。
何だか、さっきまでよりもずっとあなたが
近くに感じられるようになった気がするよ。","……不过，谢谢你这么关心我。
总觉得比起刚才，
好像能感觉你离我更加贴近了呢。",translated,依恩,ac6063cf68,br=0 nl=2,3,
inc/event/res/dateevents08/aqua_s04.txt#26#12,"……今日は、このままずっとわたしの
手に触れててね。","……今天，就请一直像这样
牵着我的手吧。",translated,依恩,270f0491af,br=0 nl=1,2,
inc/event/res/dateevents08/aqua_s04.txt#31#12,……あれ？,……咦？,translated,依恩,7400bc39fd,br=0 nl=0,1,
inc/event/res/dateevents08/aqua_s04.txt#33#12,どうかした？,怎么了吗？,translated,,0ebe5ad765,br=0 nl=0,1,
inc/event/res/dateevents08/aqua_s04.txt#35#12,あ、ううん、大したことじゃないよ。,啊，没、没什么大不了的啦。,translated,依恩,7b23591fa7,br=0 nl=0,1,
inc/event/res/dateevents08/aqua_s04.txt#36#12,"ただ……今ね、隣の水槽の前に、
子供を連れた人達が見えたの。","只是……刚才在旁边的水槽前，
看到了一家带着孩子的人呢。",translated,依恩,1380a597c2,br=0 nl=1,2,
inc/event/res/dateevents08/aqua_s04.txt#37#12,"まだ若いお父さんとお母さんだったけど、
すごく元気な男の子を二人連れててね……。","虽然是一对年轻的父母，
但带着两个特别有活力的小男孩呢……",translated,依恩,86b7a40586,br=0 nl=1,2,
inc/event/res/dateevents08/aqua_s04.txt#38#12,"何だか、子供達に振り回されてるみたいで、
なんだか大変そうだったけど……。","总觉得被孩子们折腾得团团转，
看起来似乎很辛苦的样子……",translated,依恩,37b9247ed1,br=0 nl=1,2,
inc/event/res/dateevents08/aqua_s04.txt#39#12,……でも、ちょっと羨ましいな。,……不过，我稍微有点羡慕呢。,translated,依恩,4e0bdbc8d7,br=0 nl=0,1,
inc/event/res/dateevents08/aqua_s04.txt#40#12,"お父さんがいて、お母さんがいる家族。
多分、普通のことだと思うけど、わたしには
その記憶がないから……。","有爸爸，有妈妈的家庭。
虽然这大概很平常，但因为我
没有那样的记忆……",translated,依恩,313f28d2e9,br=0 nl=2,3,
inc/event/res/dateevents08/aqua_s04.txt#41#12,"だから想像でしかないけど、毎日すごく
楽しそうだよね？","所以我也只能凭空想象，
但每天应该都过得非常开心吧？",translated,依恩,f8b160ae42,br=0 nl=1,2,
inc/event/res/dateevents08/aqua_s04.txt#43#12,楽しいことばかりじゃない,也不全都是开心的事哦,translated,,67dc228e64,br=0 nl=0,1,
inc/event/res/dateevents08/aqua_s04.txt#44#12,言葉では表せないくらいにね,开心到无法用言语形容呢,translated,,517597373d,br=0 nl=0,1,
inc/event/res/dateevents08/aqua_s04.txt#46#12,"それくらいはわかるよ。
一緒にいれば、きっとケンカだって
数え切れないくらいすると思うし……。","这点我还是明白的啦。
生活在一起的话，肯定也会吵上
数不清的架吧……",translated,依恩,c1a003faf1,br=0 nl=2,3,
inc/event/res/dateevents08/aqua_s04.txt#47#12,"でも、そういう嫌なことがあっても、
仲直りして、そういうこともあったねって
笑えるようになるのが家族でしょ？","但是，即使经历过那些不愉快，
也能和好如初，笑着说当年也有过这种事呢，
这就是家人对吧？",translated,依恩,b0c89cd26e,br=0 nl=2,3,
inc/event/res/dateevents08/aqua_s04.txt#48#12,"そう思うと、家族とのケンカも
羨ましく感じちゃうの。","这么一想，连和家人吵架
我都觉得好羡慕呢。",translated,依恩,b9d8318e04,br=0 nl=1,2,
inc/event/res/dateevents08/aqua_s04.txt#51#12,"やっぱり……。
わたしも、家族と一緒に住んでた頃は、
そういう毎日を過ごしてたのかな？","果然是这样呢……
我以前和家人住在一起的时候，
也是过着这样的每一天吗？",translated,依恩,d59c379dd1,br=0 nl=2,3,
inc/event/res/dateevents08/aqua_s04.txt#52#12,"お父さんとお母さん……もしかしたら
兄弟もいたかもしれないし……。","爸爸和妈妈……说不定
还曾经有过兄弟姐妹呢……",translated,依恩,406b17792e,br=0 nl=1,2,
inc/event/res/dateevents08/aqua_s04.txt#54#12,"……わたしも、いつかはあんな風に、
子供と水族館に来るようになりたいな。","……我也希望将来有一天，
能像那样带着孩子来水族馆呢。",translated,依恩,75071acda8,br=0 nl=1,2,
inc/event/res/dateevents08/aqua_s04.txt#55#12,"わたしの憧れてきたものは、あなたと
出会ってから全部叶ってきたんだよ？","我曾经向往憧憬的事物，在遇见你之后
可全都在一一实现哦？",translated,依恩,f51985ebe0,br=0 nl=1,2,
inc/event/res/dateevents08/aqua_s04.txt#56#12,"友達になった時は、恋人に憧れて……
恋人になってからは、夫婦に憧れて……。","成为朋友时，憧憬着成为恋人……
成为恋人后，又憧憬着成为夫妻……",translated,依恩,8ebaea7d20,br=0 nl=1,2,
inc/event/res/dateevents08/aqua_s04.txt#57#12,今は、幸せな家族に憧れてるの。,现在，我正憧憬着组建幸福的家庭呢。,translated,依恩,c43d13ad5b,br=0 nl=0,1,
inc/event/res/dateevents08/aqua_s04.txt#58#12,"まあ、あなたと二人きりの新婚生活が
幸せ過ぎるから、まだまだ二人だけで
いいな、とは思うけど。","不过，和你两人独处的新婚生活
实在太幸福了，我觉得就先保持两个人
也挺不错的呢。",translated,依恩,9b2bac55b2,br=0 nl=2,3,
inc/event/res/dateevents08/aqua_s04.txt#59#12,でも、いつかはあんなふうになりたいな。,不过，总有一天也想变成那样呢。,translated,依恩,f153daee20,br=0 nl=0,1,
inc/event/res/dateevents08/aqua_s04.txt#60#12,"……家族のことを思い出せなくても、
それなら、新しい家族の思い出を沢山
作ることもできるでしょ？","……即使想不起从前的家人，
但那样的话，去创造许多
新家庭的回忆不也可以吗？",translated,依恩,00d25e309b,br=0 nl=2,3,
inc/event/res/dateevents08/aqua_s04.txt#62#12,まずは思い出す方が先だよ,首先还是要想起来才行哦,translated,,ddaf7b8665,br=0 nl=0,1,
inc/event/res/dateevents08/aqua_s04.txt#63#12,覚えきれないほど沢山作りたいね,真想多创造些记都记不完的回忆呢,translated,,f0261ed4a6,br=0 nl=0,1,
inc/event/res/dateevents08/aqua_s04.txt#65#12,……そうだね。,……也是呢。,translated,依恩,2d18bc5548,br=0 nl=0,1,
inc/event/res/dateevents08/aqua_s04.txt#66#12,"ごめんなさい、わたし、思い出せないなら
新しい思い出を作って、それで満足しよう
って思ってたみたい。","对不起，我好像觉得既然想不起来，
那就干脆创造新的回忆来满足自己，
是我有些逃避了。",translated,依恩,df761b12dd,br=0 nl=2,3,
inc/event/res/dateevents08/aqua_s04.txt#67#12,"あなたの言う通り、まずは思い出せるように
なるために頑張るよ。","就像你说的那样，
首先我得努力回想起来才行。",translated,依恩,c8b459528d,br=0 nl=1,2,
inc/event/res/dateevents08/aqua_s04.txt#68#12,あなたにも協力してもらえたら……。,要是你能协助我的话……,translated,依恩,478ef372b6,br=0 nl=0,1,
inc/event/res/dateevents08/aqua_s04.txt#69#12,"って、聞くまでもないよね？
あなたが協力してくれるのは、
もう聞かなくてもわかってるもん。","不过，这根本不用问吧？
我知道就算我不问，
你也一定会帮我的嘛。",translated,依恩,2aa4828c93,br=0 nl=2,3,
inc/event/res/dateevents08/aqua_s04.txt#73#12,うん……本当に、沢山作れたら嬉しいな。,嗯……要是真能创造许多回忆就太好了。,translated,依恩,7b34dba37f,br=0 nl=0,1,
inc/event/res/dateevents08/aqua_s04.txt#74#12,"忘れて思い出せない分、新しい家族の
思い出を沢山作らないとね。","正因为遗忘而想不起来，
才更要创造许多新家庭的回忆呢。",translated,依恩,49ee7317a4,br=0 nl=1,2,
inc/event/res/dateevents08/aqua_s04.txt#76#12,"……でも、本当に家族を作れたら、
幸せだろうなぁ……。","……不过，要是真能组建起家庭，
一定超级幸福吧……",translated,依恩,cfd132d860,br=0 nl=1,2,
inc/event/res/dateevents08/aqua_s04.txt#78#12,"ふぅ、ちょっと色々考えながら歩いてたら、
疲れちゃったかも。","呼，一边走一边想了好多事情，
感觉稍微有点累了呢。",translated,依恩,ae4c074b37,br=0 nl=1,2,
inc/event/res/dateevents08/aqua_s04.txt#79#12,今日はそろそろ帰らない？,今天差不多该回去了吧？,translated,依恩,735c0f23c6,br=0 nl=0,1,
inc/event/res/dateevents08/aqua_s04.txt#81#12,まだここでイオンを見ていたい,我还想在这里多看看依恩,translated,,420d7b301d,br=0 nl=0,1,
inc/event/res/dateevents08/aqua_s04.txt#82#12,そうだね、帰ろう,说得也是，回去吧,translated,,0e4366daf8,br=0 nl=0,1,
inc/event/res/dateevents08/aqua_s04.txt#88#12,"今日はお魚よりも、あそこにいた子供連れの
夫婦の方ばかり見てた気がするよ。","总觉得今天比起看鱼，
更多的是在看那边带着孩子的夫妇呢。",translated,依恩,011249f8af,br=0 nl=1,2,
inc/event/res/dateevents08/aqua_s04.txt#89#12,でも、本当に幸せそうだったなぁ……。,不过，他们看起来真的好幸福啊……,translated,依恩,c4ad87ad61,br=0 nl=0,1,
inc/event/res/dateevents08/aqua_s04.txt#90#12,"わたしも負けないくらい幸せな家族を
作って、水族館に遊びに行ってみたいな。","我也想组建一个不输给他们的幸福家庭，
然后带着孩子来水族馆玩呢。",translated,依恩,20f85dcde7,br=0 nl=1,2,
inc/event/res/dateevents08/aqua_s04.txt#91#12,"もちろん、その時にはあなたも、
わたしの隣にいてね。","当然，到那个时候，
你也一定要陪在我的身边哦。",translated,依恩,003d0e3778,br=0 nl=1,2,
inc/event/res/dateevents08/aqua_s04.txt#92#12,"えへへ……今日は、ちょっと変わった
デートで面白かったよ。","嘿嘿……今天度过了一次
有点特别的约会，很有趣呢。",translated,依恩,bbf893c485,br=0 nl=1,2,
inc/event/res/dateevents08/aqua_s04.txt#93#12,今度のデートも、楽しみにしてるね。,我很期待下一次的约会哦。,translated,依恩,3cdb0768aa,br=0 nl=0,1,
inc/event/res/dateevents08/aqua_s04.txt#97#14,"わたしも、いつかは
幸せな家族を作りたい
なぁ。","我也希望将来有一天，
能组建一个
幸福的家庭呀。",translated,,ceb38aa8af,br=0 nl=2,3,
inc/event/res/dateevents08/aqua_s04.txt#98#12,<CLY2>イオンとのラブラブ度が少し上がりました。,<CLY2>与依欧的恩爱度略微提升了。,translated,系统文本,f0958b1f4c,<CLY2> br=0 nl=0,1,keep-tags <CLY2>; src-longest-line=26
inc/event/res/dateevents08/aqua_s05.txt#1#12,"水族館って、デートコースの王道だよね。
毎回、出発前はワクワクしちゃうよ。","水族馆真是王道的约会地点呢。
每次出发前我都兴奋不已呢。",translated,依恩,4bcc7f56ac,br=0 nl=1,2,
inc/event/res/dateevents08/aqua_s05.txt#2#12,ねえねえ、早く出発しよ。,我说我说，快点出发吧。,translated,依恩,081fa835dc,br=0 nl=0,1,
inc/event/res/dateevents08/aqua_s05.txt#4#12,"……この静かで、幻想的な雰囲気、
素敵だね。","……这种安静而奇幻的氛围，
真是太棒了呢。",translated,依恩,81dff2f943,br=0 nl=1,2,
inc/event/res/dateevents08/aqua_s05.txt#6#12,ふふっ……でも、おかしいな。,呵呵……不过，感觉好奇怪哦。,translated,依恩,ff4d67bcc9,br=0 nl=0,1,
inc/event/res/dateevents08/aqua_s05.txt#7#12,"水族館デートって、小説とかでは時々
見かけるシチュエーションだったよ？","水族馆约会，在小说里不是经常
能见到的桥段吗？",translated,依恩,5a0fa9828e,br=0 nl=1,2,
inc/event/res/dateevents08/aqua_s05.txt#8#12,"でも、まさか自分が水族館デートを
するようになる日が来るなんて、
本当に夢にも思わなかったもん。","但我做梦也想不到，
自己居然也会有
在水族馆约会的一天呢。",translated,依恩,604ff27931,br=0 nl=2,3,
inc/event/res/dateevents08/aqua_s05.txt#9#12,"やっぱり、水族館ってわたしらしくない、
って感じがするからかな？","果然是因为觉得水族馆
不太符合我的风格吧？",translated,依恩,d8b6f03b5c,br=0 nl=1,2,
inc/event/res/dateevents08/aqua_s05.txt#11#12,パーツ屋の方がイオンっぽくはある,零件店确实更像依恩的风格,translated,,b8b32067c6,br=0 nl=0,1,
inc/event/res/dateevents08/aqua_s05.txt#12#12,賑やかなところが好きそうなイメージがある,给人的印象是你更喜欢热闹的地方,translated,,b443c0e1ce,br=0 nl=0,1,
inc/event/res/dateevents08/aqua_s05.txt#14#12,あはは、やっぱりあなたもそう思う？,啊哈哈，果然你也这么觉得吗？,translated,依恩,061d85ebbc,br=0 nl=0,1,
inc/event/res/dateevents08/aqua_s05.txt#15#12,"わたしも、パーツ屋でのデートなら、
簡単に想像することができたの。","我也是，如果是在零件店约会的话，
就很轻松能想象得出来呢。",translated,依恩,190b0267d3,br=0 nl=1,2,
inc/event/res/dateevents08/aqua_s05.txt#16#12,"でも、水族館でデートする自分自身の姿は、
ちょっと想像できなかったなぁ……。","但是自己在水族馆约会的样子，
以前还真有点想象不出来呢……",translated,依恩,a16ab3d2ec,br=0 nl=1,2,
inc/event/res/dateevents08/aqua_s05.txt#20#12,えっ、そんなイメージがあったの！？,诶，我在你心里是那种印象吗！？,translated,依恩,f5f114c43a,br=0 nl=0,1,
inc/event/res/dateevents08/aqua_s05.txt#21#12,"う～ん……わたし、どちらかというと
賑やかな場所よりも、静かな場所の方が
好きなんだけど……。","唔～……我硬要说的话，
比起热闹的地方，
其实更喜欢安静的地方就是了……",translated,依恩,b4b02b764d,br=0 nl=2,3,
inc/event/res/dateevents08/aqua_s05.txt#22#12,"でも、わたしってそういうふうに見える、
ってことかな？
思いもよらない新発見だよ。","不过，原来在你看上去
是那种印象的啊？
这还真是我意想不到的新发现呢。",translated,依恩,3c822bc34c,br=0 nl=2,3,
inc/event/res/dateevents08/aqua_s05.txt#24#12,……あっ！,……啊！,translated,依恩,4a070a8e1b,br=0 nl=0,1,
inc/event/res/dateevents08/aqua_s05.txt#25#12,"やだ……つい話に夢中になっちゃって、
お魚の方を全然見てなかった……。","讨厌……光顾着聊天入迷，
完全都没看鱼了呢……",translated,依恩,3c5f8623e3,br=0 nl=1,2,
inc/event/res/dateevents08/aqua_s05.txt#26#12,"水族館に来てるのに、お話ばかりに
夢中になっちゃいけないよね？","明明都来到了水族馆，
可不能光顾着聊天对吧？",translated,依恩,a57e9ac109,br=0 nl=1,2,
inc/event/res/dateevents08/aqua_s05.txt#27#12,"……最初に来た頃は、こんなこと無かった
はずなのに。","……刚开始来的时候，
明明还没有过这种情况的。",translated,依恩,9c42359270,br=0 nl=1,2,
inc/event/res/dateevents08/aqua_s05.txt#28#12,"やっぱり、何度もここに来て、
色んなお魚を沢山見てきたからかな？","果然是因为来过这里好多次，
各种各样的鱼都看过了吧？",translated,依恩,dcddd6f66a,br=0 nl=1,2,
inc/event/res/dateevents08/aqua_s05.txt#29#12,"最初に比べると、物珍しさが薄れて
きちゃってるみたいだよ。","比起最初的时候，
新鲜感好像已经变淡了呢。",translated,依恩,49363b5024,br=0 nl=1,2,
inc/event/res/dateevents08/aqua_s05.txt#31#12,それは当然のことだよ,那是理所当然的事啦,translated,,def7a174c3,br=0 nl=0,1,
inc/event/res/dateevents08/aqua_s05.txt#33#12,うん、わかってるけど……。,嗯，虽然我也明白……,translated,依恩,9f494b85d4,br=0 nl=0,1,
inc/event/res/dateevents08/aqua_s05.txt#34#12,でも、やっぱり少し寂しいな。,但果然还是稍微觉得有点落寞呢。,translated,依恩,8a3bbc073f,br=0 nl=0,1,
inc/event/res/dateevents08/aqua_s05.txt#35#12,"あなたと最初にここに来た時に感じた、
驚きと珍しさ、それに楽しさが、
いつの間にか薄れちゃってて……。","最初和你一起来这里时感受到的
那种惊讶、新奇以及快乐，
不知不觉间都渐渐变淡了……",translated,依恩,23ab949c60,br=0 nl=2,3,
inc/event/res/dateevents08/aqua_s05.txt#36#12,"これじゃあ、ちょっと幻想的な場所、って
だけで、他のデートで行く場所とそんなに
変わらなくなっちゃった感じもするし。","这样一来，就只是个略显奇幻的地方而已，
感觉和其他约会去的地方
也没什么两样了呢。",translated,依恩,6680e84acf,br=0 nl=2,3,
inc/event/res/dateevents08/aqua_s05.txt#37#12,"……いろんな場所を思い出して、
そこに行けるようになるのは、
本当に嬉しいと思ってる。","……回想起各种各样的地方，
并且能够去往那里，
我真的感到非常高兴。",translated,依恩,d040df1026,br=0 nl=2,3,
inc/event/res/dateevents08/aqua_s05.txt#38#12,"けど、そうなると段々とその場所に対する
想いが変わっていっちゃうのは、
あまり良いものじゃないね。","但随着次数增多，对那个地方的
心境也逐渐发生了改变，
总觉得有些不是滋味呢。",translated,依恩,0ec8ecbb1f,br=0 nl=2,3,
inc/event/res/dateevents08/aqua_s05.txt#39#12,"特に、今回みたいに慣れて当たり前の場所に
なっちゃうのは……。","尤其是像这次这样，习惯之后
就变得习以为常什么的……",translated,依恩,bb5dfd9db4,br=0 nl=1,2,
inc/event/res/dateevents08/aqua_s05.txt#40#12,"水族館ばっかりに集中して来ていた、
ってわけでもないのにね。","明明我也并不是
只专程来水族馆的说。",translated,依恩,74a13ab031,br=0 nl=1,2,
inc/event/res/dateevents08/aqua_s05.txt#42#12,行ける場所が限られてるから、仕方がない,能去的地方有限，这也是没办法的嘛,translated,,e089972c12,br=0 nl=0,1,
inc/event/res/dateevents08/aqua_s05.txt#44#12,ま、まあ、たしかにそうかもしれないね。,也、也是呢，确实可能是这样。,translated,依恩,2c1bbdc36a,br=0 nl=0,1,
inc/event/res/dateevents08/aqua_s05.txt#45#12,"水族館を含めても、デートで行ける場所って
十箇所にも満たないんだし……。","算上水族馆在内，约会能去的地方
连十个都不到嘛……",translated,依恩,79f02ab797,br=0 nl=1,2,
inc/event/res/dateevents08/aqua_s05.txt#46#12,"あなたと出会ってからは、
それぞれの場所に何度も行ってるんだもん。","而且遇见你之后，
每一个地方我都去过好多次了呢。",translated,依恩,e17125a56d,br=0 nl=1,2,
inc/event/res/dateevents08/aqua_s05.txt#47#12,"……あっ、でも、慣れるのって
悪いことばかりじゃないのかも。","……啊，不过，习惯这回事
说不定也不全都是坏处呢。",translated,依恩,eb798cfabf,br=0 nl=1,2,
inc/event/res/dateevents08/aqua_s05.txt#48#12,"ほら、教会とかショッピングセンターに
最初に行った頃のこと、覚えてる？","你看，当初刚去教会或者
购物中心的时候，你还记得吗？",translated,依恩,a50e247c5b,br=0 nl=1,2,
inc/event/res/dateevents08/aqua_s05.txt#49#12,"どっちもすごく緊張しちゃって……
ショッピングセンターなんか、
場違いに感じてビクビクしてたでしょ？","当时去哪边都紧张得不行……
特别是购物中心，
我还因为觉得自己格格不入而提心吊胆对吧？",translated,依恩,11afe30d2c,br=0 nl=2,3,
inc/event/res/dateevents08/aqua_s05.txt#50#12,"それが何回も行くうちに、慣れて普通に
デートできるようになったんだし。","但在去了好几次之后，习惯了就能
很自然地在那里约会了嘛。",translated,依恩,f1c22339f3,br=0 nl=1,2,
inc/event/res/dateevents08/aqua_s05.txt#52#12,新しい楽しみ方を見つけたってことだね,这说明找到了全新的游玩方式呢,translated,,56f118d5bc,br=0 nl=0,1,
inc/event/res/dateevents08/aqua_s05.txt#53#12,神経図太くなった証拠だね,这是你神经变大条的证据呢,translated,,1a1caf9e76,br=0 nl=0,1,
inc/event/res/dateevents08/aqua_s05.txt#55#12,"そうだね。
緊張してビクビクしてるよりも、
こんなふうにしてた方が楽しい。","说得对呢。
比起紧张得提心吊胆，
像现在这样要开心得多。",translated,依恩,2ff3f66aa4,br=0 nl=2,3,
inc/event/res/dateevents08/aqua_s05.txt#56#12,"そういうのに気づけるようになったから、
ちゃんとデートできるようになったん
だもん。","正因为能注意到这一点，
我才能够像这样
好好地享受约会嘛。",translated,依恩,95a1aa6001,br=0 nl=2,3,
inc/event/res/dateevents08/aqua_s05.txt#58#12,"……でも、あなたが一緒じゃなかったら、
きっと今でも緊張してたと思うけど。","……不过，要不是有你陪着，
我想我肯定到现在都还在紧张吧。",translated,依恩,2ce1a0499b,br=0 nl=1,2,
inc/event/res/dateevents08/aqua_s05.txt#59#12,"やっぱり、一人で何度も行くよりも、
頼りになる人と一緒の方が、安心できるし。","果然比起自己一个人去很多次，
和可靠的人在一起更让人安心呢。",translated,依恩,5bc1f1e96e,br=0 nl=1,2,
inc/event/res/dateevents08/aqua_s05.txt#65#12,"図太いって……もぉ、いくらなんでも
そんな言い方酷いよ！","说什么大条……真是的，
再怎么说这种说法也太过分了啦！",translated,依恩,166fec7a97,br=0 nl=1,2,
inc/event/res/dateevents08/aqua_s05.txt#66#12,"大体、どんなに緊張する場所だとしても、
何度も行ってれば慣れるのは普通だもん。","本来嘛，不管多么让人紧张的地方，
去多了会习惯也是很正常的呀。",translated,依恩,5049dfe028,br=0 nl=1,2,
inc/event/res/dateevents08/aqua_s05.txt#67#12,"だから、わたしの神経が太くなった
わけじゃないよ。","所以才不是因为我的神经
变大条了呢。",translated,依恩,0532c02c16,br=0 nl=1,2,
inc/event/res/dateevents08/aqua_s05.txt#68#12,"緊張してビクビクしてるだけよりも、
楽しくデートをした方がいい、って
気づいたからだよ。","只是因为我明白了，
与其提心吊胆地紧张，
不如开开心心地约会要好得多嘛。",translated,依恩,c4783f9281,br=0 nl=2,3,
inc/event/res/dateevents08/aqua_s05.txt#70#12,"だから、ここでも他の場所と同じように、
新しい楽しみ方を見つければいいんじゃ
ないかな？","所以，在这里是不是也可以
像其他地方一样，
去寻找全新的游玩方式呢？",translated,依恩,2755b8990d,br=0 nl=2,3,
inc/event/res/dateevents08/aqua_s05.txt#71#12,"それなら、初めて来た時とは違うけど、
新鮮でいつまでも楽しめるデートを
することができるしね。","那样的话，虽然和第一次来时感觉不同，
但也能享受到既新鲜、
又能一直乐在其中的约会了呢。",translated,依恩,7a2ba5a5ab,br=0 nl=2,3,
inc/event/res/dateevents08/aqua_s05.txt#72#12,"とはいっても、水族館でそういうのを
見つけるのは難しいと思うけど……。","虽说如此，要在水族馆找到新乐趣
我想应该也挺难的就是了……",translated,依恩,75094344ca,br=0 nl=1,2,
inc/event/res/dateevents08/aqua_s05.txt#73#12,"でも、時間はいくらでもあるんだもん。
のんびり、ゆっくりと見つけていこ。","不过，反正时间有的是嘛。
悠闲地、慢慢地去寻找吧。",translated,依恩,9ea87227bd,br=0 nl=1,2,
inc/event/res/dateevents08/aqua_s05.txt#74#12,"もちろん、それだけ何度もデートを
繰り返してね、えへへ……。","当然，前提是要多出来约会好多次哦，
嘿嘿……",translated,依恩,48ba44b064,br=0 nl=1,2,
inc/event/res/dateevents08/aqua_s05.txt#76#12,"さてと、あまり遅くなってもいけないし、
今日はもう帰ろっか？","好啦，太晚了也不好，
今天差不多该回去了吧？",translated,依恩,fad9496b9f,br=0 nl=1,2,
inc/event/res/dateevents08/aqua_s05.txt#78#12,まだここでイオンを見ていたい,我还想在这里多看看依恩,translated,,420d7b301d,br=0 nl=0,1,
inc/event/res/dateevents08/aqua_s05.txt#79#12,そうだね、帰ろう,说得也是，回去吧,translated,,0e4366daf8,br=0 nl=0,1,
inc/event/res/dateevents08/aqua_s05.txt#85#12,"水族館での新しい楽しみ方、
早く見つかるといいね。","希望在水族馆的新游玩方式，
能早点找到呢。",translated,依恩,5169e815e8,br=0 nl=1,2,
inc/event/res/dateevents08/aqua_s05.txt#86#12,"あっ、でも、やっぱりお魚もちゃんと
見るようなものだったらいいな。","啊，不过，要是也能好好观赏鱼儿的
方式就最好不过了。",translated,依恩,edf0e93aee,br=0 nl=1,2,
inc/event/res/dateevents08/aqua_s05.txt#87#12,"じゃないと、水槽の中にいるお魚達に
失礼だと思うし。","不然的话，总觉得对水槽里的
鱼儿们太失礼了呢。",translated,依恩,70ed27ef67,br=0 nl=1,2,
inc/event/res/dateevents08/aqua_s05.txt#88#12,"何であれ、これからも沢山デートしながら、
ゆっくり見つけていこうね。","不管怎样，今后一边多次约会，
一边慢慢寻找吧。",translated,依恩,1609044e5f,br=0 nl=1,2,
inc/event/res/dateevents08/aqua_s05.txt#90#12,"それじゃ、今日はどうもありがと。
わたしは作業に戻るね。","那么，今天真是谢谢你了。
我要回去接着干活了哦。",translated,依恩,8f3a0ee0e4,br=0 nl=1,2,
inc/event/res/dateevents08/aqua_s05.txt#93#14,"水族館での新しい
楽しみ方、頑張って
探そっと。","在水族馆的新游玩方式，
我要努力
寻找看看。",translated,,218823dae4,br=0 nl=2,3,
inc/event/res/dateevents08/aqua_s05.txt#94#12,<CLY2>イオンとのラブラブ度が少し上がりました。,<CLY2>与依欧的恩爱度略微提升了。,translated,系统文本,f0958b1f4c,<CLY2> br=0 nl=0,1,keep-tags <CLY2>; src-longest-line=26
inc/event/res/dateevents08/aqua_tch1.txt#5#12,"<CLBU>……お魚よりも、あなたと見つめ合う方に
夢中になっちゃいそう。","<CLBU>……比起看鱼，感觉我都要沉迷于
和你互相凝望了呢。",translated,依恩,159a5a9569,<CLBU> br=0 nl=1,2,keep-tags <CLBU>; src-longest-line=25
inc/event/res/dateevents08/aqua_tch1.txt#6#12,お魚さん、ごめんなさい。,鱼儿们，对不起啦。,translated,依恩,65f9ecf5f0,br=0 nl=0,1,
inc/event/res/dateevents08/aqua_tch1.txt#9#12,<CLBU>えへへ……顔つんつんされちゃった。,<CLBU>嘿嘿……脸蛋被你戳了戳呢。,translated,依恩,5ff4268389,<CLBU> br=0 nl=0,1,keep-tags <CLBU>
inc/event/res/dateevents08/aqua_tch1.txt#10#12,"お魚さんについばまれてるみたいで、
こそばゆい感じだよ。","感觉就像被小鱼啄着一样，
痒酥酥的呢。",translated,依恩,43bfce3496,br=0 nl=1,2,
inc/event/res/dateevents08/aqua_tch1.txt#23#12,"<CLBU>お魚さん、わたし達のことどんなふうに
思ってみてるのかな？","<CLBU>那些鱼儿，看着我们的时候
心里会怎么想呢？",translated,依恩,7fc1578149,<CLBU> br=0 nl=1,2,keep-tags <CLBU>
inc/event/res/dateevents08/aqua_tch1.txt#24#12,"仲のいいカップルが見に来てる、って
思ってくれてたら嬉しいな。","要是能觉得“有一对恩爱的情侣
来看我们了”，那我会很高兴呢。",translated,依恩,b4cac3ab81,br=0 nl=1,2,
inc/event/res/dateevents08/aqua_tch1.txt#27#12,"<CLBU>……正面から腕を触られるのって、
ちょっとドキドキするよね？","<CLBU>……被你从正面摸着手臂，
感觉稍微有点心跳加速呢？",translated,依恩,b2a4a4a99b,<CLBU> br=0 nl=1,2,keep-tags <CLBU>
inc/event/res/dateevents08/aqua_tch1.txt#28#12,"捕まえられちゃった、って
気持ちになるからかな？","是因为会产生一种
被你抓住的实感吗？",translated,依恩,1b27831956,br=0 nl=1,2,
inc/event/res/dateevents08/aqua_tch1.txt#31#12,"<CLBU>あなたと一緒だと、お魚さんよりも
あなたを意識しちゃうよ。","<CLBU>和你在一起，比起看那些鱼儿，
我更会在意你的存在哦。",translated,依恩,e8cbec5b2c,<CLBU> br=0 nl=1,2,keep-tags <CLBU>
inc/event/res/dateevents08/aqua_tch1.txt#32#12,ごめんね、お魚さん。,对不起哦，鱼儿们。,translated,依恩,0ba810a951,br=0 nl=0,1,
inc/event/res/dateevents08/aqua_tch1.txt#40#12,"<CLBU>手だけじゃなくて、頭とかも肩とかも、
触ってほしいな……。","<CLBU>不光是手，连头和肩膀，
我也希望你摸一摸呢……",translated,依恩,8865e9d68c,<CLBU> br=0 nl=1,2,keep-tags <CLBU>
inc/event/res/dateevents08/aqua_tch1.txt#41#12,"あなたに触られると、
すごく幸せになれるんだもん。","因为被你触碰的话，
我会感到非常幸福嘛。",translated,依恩,4150c1da18,br=0 nl=1,2,
inc/event/res/dateevents08/aqua_tch1.txt#44#12,"<CLBU>あなたと一緒なら、いつまででも
こうしていられる気がするの。","<CLBU>只要和你在一起，感觉不论多久
我都能像这样一直待下去呢。",translated,依恩,91055aea32,<CLBU> br=0 nl=1,2,keep-tags <CLBU>
inc/event/res/dateevents08/aqua_tch1.txt#45#12,"このまま時間が止まってほしい……。
小説とかでよく見るセリフだけど、
こういう気持ちなのかな？","好希望时间就这样停驻下来……
虽然这是小说里经常见到的台词，
不过指的就是这种心情吧？",translated,依恩,91e5f1adb7,br=0 nl=2,3,
inc/event/res/dateevents08/aqua_tch1.txt#48#12,"<CLBU>……あなたとは何度も手を繋いでるけど、
未だにドキドキしちゃうの。","<CLBU>……虽然已经和你牵过好多次手，
但我至今依然会心跳不已呢。",translated,依恩,09f6c40e68,<CLBU> br=0 nl=1,2,keep-tags <CLBU>; src-longest-line=25
inc/event/res/dateevents08/aqua_tch1.txt#49#12,"でも、これからもずっとドキドキできたら、
わたしは嬉しいな。","不过，要是今后也能一直为你心动，
那我会觉得非常幸福哦。",translated,依恩,ccd128e1c0,br=0 nl=1,2,
inc/event/res/dateevents08/aqua_tch1.txt#57#12,<CLBU>もぉ……またわたしの胸触ったでしょ？,<CLBU>真是的……你又摸我的胸部了吧？,translated,依恩,29b7aa58dc,<CLBU> br=0 nl=0,1,keep-tags <CLBU>
inc/event/res/dateevents08/aqua_tch1.txt#58#12,"証人のお魚さん達がいるんだから、
誤魔化してもダメだよ。","这里可是有鱼儿们当证人的，
你就算想糊弄过去也不行哦。",translated,依恩,09e2f4f851,br=0 nl=1,2,
inc/event/res/dateevents08/aqua_tch1.txt#61#12,<CLBU>きゃっ！？,<CLBU>呀啊！？,translated,依恩,41af10753c,<CLBU> br=0 nl=0,1,keep-tags <CLBU>
inc/event/res/dateevents08/aqua_tch1.txt#62#12,う～、どうしてそんなにエッチなのかな？,唔～为什么你总是这么色眯眯的呀？,translated,依恩,c192f63802,br=0 nl=0,1,
inc/event/res/dateevents08/aqua_tch1.txt#65#12,"<CLBU>胸って、トントンっていうよりは、
プニプニとかフニフニなんじゃ……。","<CLBU>胸口比起用咚咚敲，
不应该是软绵绵或者软乎乎的吗……",translated,依恩,53a1576b65,<CLBU> br=0 nl=1,2,keep-tags <CLBU>
inc/event/res/dateevents08/aqua_tch1.txt#66#12,"って、なんでもない！
今の忘れて！","不对，没什么！
把刚才那句忘掉！",translated,依恩,82c78cdc56,br=0 nl=1,2,
inc/event/res/dateevents08/aqua_tch1.txt#74#12,"<CLBU>あ、あの……まさかお腹が空いたって
ことじゃないよね？","<CLBU>那、那个……该不会是因为
你肚子饿了吧？",translated,依恩,ca00e78217,<CLBU> br=0 nl=1,2,keep-tags <CLBU>
inc/event/res/dateevents08/aqua_tch1.txt#75#12,"言っておくけど、水族館のお魚は
食べ物じゃないよ？","我先说好哦，水族馆里的鱼
可不是食物哦？",translated,依恩,86bc6e3cda,br=0 nl=1,2,
inc/event/res/dateevents08/aqua_tch1.txt#78#12,"<CLBU>もぉ、あなたは私のお腹、
ちょっと好き過ぎるよ……。","<CLBU>真是的，你对我的肚子
也稍微有点太喜欢了吧……",translated,依恩,58bd2a71f6,<CLBU> br=0 nl=1,2,keep-tags <CLBU>
inc/event/res/dateevents08/aqua_tch1.txt#79#12,……そんなに魅力的、ってことなのかな？,……难不成有那么迷人吗？,translated,依恩,639c184bf1,br=0 nl=0,1,
inc/event/res/dateevents08/aqua_tch1.txt#82#12,<CLBU>トントンなら、そっとだよ？,<CLBU>要是咚咚轻拍的话，可得轻轻的哦？,translated,依恩,800d053dfc,<CLBU> br=0 nl=0,1,keep-tags <CLBU>
inc/event/res/dateevents08/aqua_tch1.txt#83#12,"お腹は強くトントンされたら、
苦しくなっちゃうから……。","要是肚子被用力咚咚拍的话，
会很难受的嘛……",translated,依恩,12a1db52a0,br=0 nl=1,2,
inc/event/res/dateevents08/aqua_tch1.txt#95#12,"<CLBU>……お魚よりも、あなたと見つめ合う方に
夢中になっちゃいそう。","<CLBU>……比起看鱼，感觉我都要沉迷于
和你互相凝望了呢。",translated,依恩,159a5a9569,<CLBU> br=0 nl=1,2,keep-tags <CLBU>; src-longest-line=25
inc/event/res/dateevents08/aqua_tch1.txt#96#12,お魚さん、ごめんなさい。,鱼儿们，对不起啦。,translated,依恩,65f9ecf5f0,br=0 nl=0,1,
inc/event/res/dateevents08/aqua_tch1.txt#99#12,<CLBU>もしかして、子ども扱いしてる？,<CLBU>难道说，你把我当小孩看了？,translated,依恩,dbe358bdcc,<CLBU> br=0 nl=0,1,keep-tags <CLBU>
inc/event/res/dateevents08/aqua_tch1.txt#100#12,"もぉ……これでも、あなたの恋人さん
なんだよ？","真是的……人家好歹也是
你的恋人呀？",translated,依恩,fa54e5bdf8,br=0 nl=1,2,
inc/event/res/dateevents08/aqua_tch1.txt#103#12,<CLBU>えへへ……顔つんつんされちゃった。,<CLBU>嘿嘿……脸蛋被你戳了戳呢。,translated,依恩,5ff4268389,<CLBU> br=0 nl=0,1,keep-tags <CLBU>
inc/event/res/dateevents08/aqua_tch1.txt#104#12,"お魚さんについばまれてるみたいで、
こそばゆい感じだよ。","感觉就像被小鱼啄着一样，
痒酥酥的呢。",translated,依恩,43bfce3496,br=0 nl=1,2,
inc/event/res/dateevents08/aqua_tch1.txt#117#12,"<CLBU>お魚さん、わたし達のことどんなふうに
思ってみてるのかな？","<CLBU>那些鱼儿，看着我们的时候
心里会怎么想呢？",translated,依恩,7fc1578149,<CLBU> br=0 nl=1,2,keep-tags <CLBU>
inc/event/res/dateevents08/aqua_tch1.txt#118#12,"仲のいいカップルが見に来てる、って
思ってくれてたら嬉しいな。","要是能觉得“有一对恩爱的情侣
来看我们了”，那我会很高兴呢。",translated,依恩,b4cac3ab81,br=0 nl=1,2,
inc/event/res/dateevents08/aqua_tch1.txt#121#12,"<CLBU>……正面から腕を触られるのって、
ちょっとドキドキするよね？","<CLBU>……被你从正面摸着手臂，
感觉稍微有点心跳加速呢？",translated,依恩,b2a4a4a99b,<CLBU> br=0 nl=1,2,keep-tags <CLBU>
inc/event/res/dateevents08/aqua_tch1.txt#122#12,"捕まえられちゃった、って
気持ちになるからかな？","是因为会产生一种
被你抓住的实感吗？",translated,依恩,1b27831956,br=0 nl=1,2,
inc/event/res/dateevents08/aqua_tch1.txt#125#12,"<CLBU>あなたと一緒だと、お魚さんよりも
あなたを意識しちゃうよ。","<CLBU>和你在一起，比起看那些鱼儿，
我更会在意你的存在哦。",translated,依恩,e8cbec5b2c,<CLBU> br=0 nl=1,2,keep-tags <CLBU>
inc/event/res/dateevents08/aqua_tch1.txt#126#12,ごめんね、お魚さん。,对不起哦，鱼儿们。,translated,依恩,0ba810a951,br=0 nl=0,1,
inc/event/res/dateevents08/aqua_tch1.txt#134#12,"<CLBU>手だけじゃなくて、頭とかも肩とかも、
触ってほしいな……。","<CLBU>不光是手，连头和肩膀，
我也希望你摸一摸呢……",translated,依恩,8865e9d68c,<CLBU> br=0 nl=1,2,keep-tags <CLBU>
inc/event/res/dateevents08/aqua_tch1.txt#135#12,"あなたに触られると、
すごく幸せになれるんだもん。","因为被你触碰的话，
我会感到非常幸福嘛。",translated,依恩,4150c1da18,br=0 nl=1,2,
inc/event/res/dateevents08/aqua_tch1.txt#138#12,"<CLBU>あなたと一緒なら、いつまででも
こうしていられる気がするの。","<CLBU>只要和你在一起，感觉不论多久
我都能像这样一直待下去呢。",translated,依恩,91055aea32,<CLBU> br=0 nl=1,2,keep-tags <CLBU>
inc/event/res/dateevents08/aqua_tch1.txt#139#12,"このまま時間が止まってほしい……。
小説とかでよく見るセリフだけど、
こういう気持ちなのかな？","好希望时间就这样停驻下来……
虽然这是小说里经常见到的台词，
不过指的就是这种心情吧？",translated,依恩,91e5f1adb7,br=0 nl=2,3,
inc/event/res/dateevents08/aqua_tch1.txt#142#12,"<CLBU>……あなたとは何度も手を繋いでるけど、
未だにドキドキしちゃうの。","<CLBU>……虽然已经和你牵过好多次手，
但我至今依然会心跳不已呢。",translated,依恩,09f6c40e68,<CLBU> br=0 nl=1,2,keep-tags <CLBU>; src-longest-line=25
inc/event/res/dateevents08/aqua_tch1.txt#143#12,"でも、これからもずっとドキドキできたら、
わたしは嬉しいな。","不过，要是今后也能一直为你心动，
那我会觉得非常幸福哦。",translated,依恩,ccd128e1c0,br=0 nl=1,2,
inc/event/res/dateevents08/aqua_tch1.txt#151#12,<CLBU>もぉ……またわたしの胸触ったでしょ？,<CLBU>真是的……你又摸我的胸部了吧？,translated,依恩,29b7aa58dc,<CLBU> br=0 nl=0,1,keep-tags <CLBU>
inc/event/res/dateevents08/aqua_tch1.txt#152#12,"証人のお魚さん達がいるんだから、
誤魔化してもダメだよ。","这里可是有鱼儿们当证人的，
你就算想糊弄过去也不行哦。",translated,依恩,09e2f4f851,br=0 nl=1,2,
inc/event/res/dateevents08/aqua_tch1.txt#155#12,<CLBU>きゃっ！？,<CLBU>呀啊！？,translated,依恩,41af10753c,<CLBU> br=0 nl=0,1,keep-tags <CLBU>
inc/event/res/dateevents08/aqua_tch1.txt#156#12,う～、どうしてそんなにエッチなのかな？,唔～为什么你总是这么色眯眯的呀？,translated,依恩,c192f63802,br=0 nl=0,1,
inc/event/res/dateevents08/aqua_tch1.txt#159#12,"<CLBU>胸って、トントンっていうよりは、
プニプニとかフニフニなんじゃ……。","<CLBU>胸口比起用咚咚敲，
不应该是软绵绵或者软乎乎的吗……",translated,依恩,53a1576b65,<CLBU> br=0 nl=1,2,keep-tags <CLBU>
inc/event/res/dateevents08/aqua_tch1.txt#160#12,"って、なんでもない！
今の忘れて！","不对，没什么！
把刚才那句忘掉！",translated,依恩,82c78cdc56,br=0 nl=1,2,
inc/event/res/dateevents08/aqua_tch1.txt#168#12,"<CLBU>あ、あの……まさかお腹が空いたって
ことじゃないよね？","<CLBU>那、那个……该不会是因为
你肚子饿了吧？",translated,依恩,ca00e78217,<CLBU> br=0 nl=1,2,keep-tags <CLBU>
inc/event/res/dateevents08/aqua_tch1.txt#169#12,"言っておくけど、水族館のお魚は
食べ物じゃないよ？","我先说好哦，水族馆里的鱼
可不是食物哦？",translated,依恩,86bc6e3cda,br=0 nl=1,2,
inc/event/res/dateevents08/aqua_tch1.txt#172#12,"<CLBU>もぉ、あなたは私のお腹、
ちょっと好き過ぎるよ……。","<CLBU>真是的，你对我的肚子
也稍微有点太喜欢了吧……",translated,依恩,58bd2a71f6,<CLBU> br=0 nl=1,2,keep-tags <CLBU>
inc/event/res/dateevents08/aqua_tch1.txt#173#12,……そんなに魅力的、ってことなのかな？,……难不成有那么迷人吗？,translated,依恩,639c184bf1,br=0 nl=0,1,
inc/event/res/dateevents08/aqua_tch1.txt#176#12,<CLBU>トントンなら、そっとだよ？,<CLBU>要是咚咚轻拍的话，可得轻轻的哦？,translated,依恩,800d053dfc,<CLBU> br=0 nl=0,1,keep-tags <CLBU>
inc/event/res/dateevents08/aqua_tch1.txt#177#12,"お腹は強くトントンされたら、
苦しくなっちゃうから……。","要是肚子被用力咚咚拍的话，
会很难受的嘛……",translated,依恩,12a1db52a0,br=0 nl=1,2,
inc/event/res/dateevents08/aqua_tch1.txt#189#12,<CLBU>あっ……。,<CLBU>啊……,translated,依恩,75f6bd2ddd,<CLBU> br=0 nl=0,1,keep-tags <CLBU>
inc/event/res/dateevents08/aqua_tch1.txt#190#12,"え、えへへ……今ね、目が合ったような
気がして、ドキッとしちゃった。","嘿、嘿嘿……刚才感觉和你对视了一眼，
心跳不由得扑通扑通了呢。",translated,依恩,e868e3a2d8,br=0 nl=1,2,
inc/event/res/dateevents08/aqua_tch1.txt#192#12,"<CLBU>お魚は見るだけだけど、
わたしには触ってもいいんだよ？","<CLBU>虽然鱼儿只能用来看，
但你碰碰我也是可以的哦？",translated,依恩,970970cbae,<CLBU> br=0 nl=1,2,keep-tags <CLBU>
inc/event/res/dateevents08/aqua_tch1.txt#193#12,も、もちろん、変なところ以外ね。,当、当然，奇怪的部位除外哦。,translated,依恩,8bcfd2db02,br=0 nl=0,1,
inc/event/res/dateevents08/aqua_tch1.txt#195#12,<CLBU>もぉ……焦らさないで、なでてほしいな。,<CLBU>真是的……别吊人家胃口，快摸摸我嘛。,translated,依恩,5217a65456,<CLBU> br=0 nl=0,1,keep-tags <CLBU>; src-longest-line=25
inc/event/res/dateevents08/aqua_tch1.txt#206#12,<CLBU>肩を、ぐっと抱き寄せられたりとか……。,<CLBU>比如肩膀被紧紧揽过去什么的……,translated,依恩,e422c8fa21,<CLBU> br=0 nl=0,1,keep-tags <CLBU>; src-longest-line=25
inc/event/res/dateevents08/aqua_tch1.txt#207#12,そういうの、ちょっと憧れるかも。,那种感觉，我还挺向往的呢。,translated,依恩,4f7bd768bf,br=0 nl=0,1,
inc/event/res/dateevents08/aqua_tch1.txt#209#12,<CLBU>腕、組みたいの？,<CLBU>想要挽着胳膊吗？,translated,依恩,a9bdf32e99,<CLBU> br=0 nl=0,1,keep-tags <CLBU>
inc/event/res/dateevents08/aqua_tch1.txt#210#12,"えへへ……遠慮しないで、ぎゅっとして
くれていいんだよ？","嘿嘿……用不着客气，
紧紧挽上来也没关系哦？",translated,依恩,94c7ab97d6,br=0 nl=1,2,
inc/event/res/dateevents08/aqua_tch1.txt#212#12,"<CLBU>デート中は、肩と肩がぶつかるくらい
くっついて歩きたいな……。","<CLBU>约会的时候，真想贴得很近，
肩膀挨着肩膀一起散步呢……",translated,依恩,9d9e2a6ce1,<CLBU> br=0 nl=1,2,keep-tags <CLBU>
inc/event/res/dateevents08/aqua_tch1.txt#213#12,"手を繋いだり、腕を組んだりするのとは
違うドキドキがあるよね？","比起牵手和挽胳膊，
有着另一种不同的心动感对吧？",translated,依恩,73aa84faa9,br=0 nl=1,2,
inc/event/res/dateevents08/aqua_tch1.txt#219#12,"<CLBU>ここで手をつんつんされると、
お魚に突かれてる気になるの。","<CLBU>在这里被你戳戳手的话，
感觉就像是被鱼儿啄着一样呢。",translated,依恩,0397bf9696,<CLBU> br=0 nl=1,2,keep-tags <CLBU>
inc/event/res/dateevents08/aqua_tch1.txt#220#12,"だから、ちゃんとあなたって分かるように、
想いを伝えてくれると嬉しいな。","所以，为了让我能明确知道是你，
你能把心意传达给我就太好啦。",translated,依恩,512bc6db18,br=0 nl=1,2,
inc/event/res/dateevents08/aqua_tch1.txt#222#12,<CLBU>えっと……手を握りたい、ってことかな？,<CLBU>那个……意思是想和我牵手吗？,translated,依恩,e28f6b3fd3,<CLBU> br=0 nl=0,1,keep-tags <CLBU>; src-longest-line=25
inc/event/res/dateevents08/aqua_tch1.txt#224#12,<CLBU>もぉ……いつも焦らすんだから……。,<CLBU>真是的……每次都喜欢吊人胃口……,translated,依恩,82e93e30f8,<CLBU> br=0 nl=0,1,keep-tags <CLBU>
inc/event/res/dateevents08/aqua_tch1.txt#225#12,わたしの方から、ぎゅってしちゃうよ？,我可要主动紧紧抱住你咯？,translated,依恩,73bd5c7d26,br=0 nl=0,1,
inc/event/res/dateevents08/aqua_tch1.txt#231#12,"<CLBU>こ、ここは胸を見るところじゃなくて、
お魚を見るところだよ？","<CLBU>这、这里可不是看胸部的地方，
而是看鱼的地方哦？",translated,依恩,04d7a7e82f,<CLBU> br=0 nl=1,2,keep-tags <CLBU>
inc/event/res/dateevents08/aqua_tch1.txt#233#12,<CLBU>きゃっ！？,<CLBU>呀啊！？,translated,依恩,41af10753c,<CLBU> br=0 nl=0,1,keep-tags <CLBU>
inc/event/res/dateevents08/aqua_tch1.txt#234#12,もぉ……変なところ触らないの！,真是的……不要乱摸奇怪的地方啦！,translated,依恩,306b057e4f,br=0 nl=0,1,
inc/event/res/dateevents08/aqua_tch1.txt#240#12,<CLBU>えへへ……またトントンされちゃった……。,<CLBU>嘿嘿……又被你轻轻敲了敲呢……,translated,依恩,48a0d1cc2e,<CLBU> br=0 nl=0,1,keep-tags <CLBU>; src-longest-line=26
inc/event/res/dateevents08/aqua_tch1.txt#241#12,それじゃあ、次はなでなでかな？,那么，接下来该摸摸头了吗？,translated,依恩,b351fd9329,br=0 nl=0,1,
inc/event/res/dateevents08/aqua_tch1.txt#243#12,<CLBU>く、くすぐったいってばぁ……。,<CLBU>好、好痒啦……,translated,依恩,0dd38fd1b9,<CLBU> br=0 nl=0,1,keep-tags <CLBU>
inc/event/res/dateevents08/aqua_tch1.txt#244#12,"もぉ、せっかくデート中なのに、
お腹なんて触ってどうするの？","真是的，难得在约会，
摸我肚子是要做什么呀？",translated,依恩,30134a0c36,br=0 nl=1,2,
inc/event/res/dateevents08/aqua_tch1.txt#246#12,"<CLBU>お腹って、胸やお尻を触られた時とは違う
恥ずかしさがあるの……。","<CLBU>肚子这地方，被摸到时有种
和被摸胸部或屁股不一样的害羞感……",translated,依恩,87bbecf38a,<CLBU> br=0 nl=1,2,keep-tags <CLBU>; src-longest-line=25
inc/event/res/dateevents08/aqua_tch1.txt#247#12,だから、ほどほどにね。,所以，要适可而止哦。,translated,依恩,7f78d9c93a,br=0 nl=0,1,
inc/event/res/dateevents08/aqua_tch2.txt#5#12,"<CLBU>お魚もいいけど、わたしのことも
もっと見てほしいの。","<CLBU>看鱼固然好，但我希望
你能多看看我呢。",translated,依恩,d9d1743b28,<CLBU> br=0 nl=1,2,keep-tags <CLBU>
inc/event/res/dateevents08/aqua_tch2.txt#6#12,"やっぱりデートなんだし……
そういう風に思っても、悪くないよね？","毕竟是在约会嘛……
就算这么想，也不算过分吧？",translated,依恩,f69f47fb1e,br=0 nl=1,2,
inc/event/res/dateevents08/aqua_tch2.txt#9#12,"<CLBU>えへへ……デート中のなでなでって、
ちょっと照れるよね？","<CLBU>诶嘿嘿……在约会时被摸摸头，
感觉稍微有点害羞呢？",translated,依恩,3ac8faaf31,<CLBU> br=0 nl=1,2,keep-tags <CLBU>
inc/event/res/dateevents08/aqua_tch2.txt#12#12,"<CLBU>わたしも、いつかあなたの
顔を見てみたいな。","<CLBU>我也很想有朝一日，
能看一看你的长相呢。",translated,依恩,502e80d002,<CLBU> br=0 nl=1,2,keep-tags <CLBU>
inc/event/res/dateevents08/aqua_tch2.txt#13#12,"それで、今度はわたしの方から
トントンや、なでなでをしてみたいの。","然后，这次换我主动
去戳戳你、摸摸你的头呢。",translated,依恩,dee23a1b9f,br=0 nl=1,2,
inc/event/res/dateevents08/aqua_tch2.txt#26#12,<CLBU>えへへ……ううん、なんでもない。,<CLBU>嘿嘿……没、没什么啦。,translated,依恩,0743b180f5,<CLBU> br=0 nl=0,1,keep-tags <CLBU>
inc/event/res/dateevents08/aqua_tch2.txt#27#12,"ちゃんといてくれてる……
そう思っただけだよ。","你确实一直陪在我身边……
我只是突然这么感慨而已啦。",translated,依恩,dfecbba280,br=0 nl=1,2,
inc/event/res/dateevents08/aqua_tch2.txt#30#12,<CLBU>あ、うぅ……。,<CLBU>啊、唔唔……,translated,依恩,2cc53bc999,<CLBU> br=0 nl=0,1,keep-tags <CLBU>
inc/event/res/dateevents08/aqua_tch2.txt#31#12,"肩とか腕を撫でられるのって……
やっぱり、すごくドキドキするよ……。","被你抚摸肩膀和手臂……
果然还是让人超级心跳加速呢……",translated,依恩,11a6b9ce51,br=0 nl=1,2,
inc/event/res/dateevents08/aqua_tch2.txt#34#12,"<CLBU>一緒に並んで水槽のお魚を見るのって、
一度やってみたいの。","<CLBU>两个人并排站在水槽前看鱼，
我一直很想尝试一次呢。",translated,依恩,8c08f2a4b5,<CLBU> br=0 nl=1,2,keep-tags <CLBU>
inc/event/res/dateevents08/aqua_tch2.txt#35#12,その時は……ちゃんと肩を抱いてね？,到那个时候……要好好揽住我的肩膀哦？,translated,依恩,0cce79b148,br=0 nl=0,1,
inc/event/res/dateevents08/aqua_tch2.txt#43#12,"<CLBU>えへへ……握ってほしいなぁ、って
思ってたところだったの。","<CLBU>嘿嘿……我刚才正好在想着
希望你能牵我的手呢。",translated,依恩,d62efc6183,<CLBU> br=0 nl=1,2,keep-tags <CLBU>
inc/event/res/dateevents08/aqua_tch2.txt#44#12,こういうの、以心伝心、って言うんだっけ？,这种心有灵犀的感觉，就叫心意相通吧？,translated,依恩,2107d2bb44,br=0 nl=0,1,
inc/event/res/dateevents08/aqua_tch2.txt#47#12,"<CLBU>はぐれるような場所じゃないけど……
このまま握っててほしいな。","<CLBU>虽然这里并不是会走散的地方……
但我希望你能就这样一直牵着。",translated,依恩,756610d9ee,<CLBU> br=0 nl=1,2,keep-tags <CLBU>
inc/event/res/dateevents08/aqua_tch2.txt#48#12,だって、その方がデートっぽいもん。,因为那样才更有约会的感觉嘛。,translated,依恩,9973973f4c,br=0 nl=0,1,
inc/event/res/dateevents08/aqua_tch2.txt#51#12,<CLBU>えへへ……。,<CLBU>诶嘿嘿……,translated,依恩,1d82a2a431,<CLBU> br=0 nl=0,1,keep-tags <CLBU>
inc/event/res/dateevents08/aqua_tch2.txt#52#12,"優しく撫でられると、手でもくすぐったく
感じるんだね。","被你这么温柔地抚摸，
就算是手也会觉得痒酥酥的呢。",translated,依恩,6c2a698f98,br=0 nl=1,2,
inc/event/res/dateevents08/aqua_tch2.txt#60#12,"<CLBU>だ、ダメだよ。
周りに人がいないからって、
こんなところで……。","<CLBU>不、不行啦。
就算周围没有人，
也不能在这种地方……",translated,依恩,c2d485f0e1,<CLBU> br=0 nl=2,3,keep-tags <CLBU>
inc/event/res/dateevents08/aqua_tch2.txt#61#12,っていうか、見るだけじゃすまないんだね？,话说回来，你光用眼睛看还不满足呀？,translated,依恩,e39ec6529a,br=0 nl=0,1,
inc/event/res/dateevents08/aqua_tch2.txt#64#12,<CLBU>きゃぅっ！？,<CLBU>呀呜！？,translated,依恩,e760b0aba6,<CLBU> br=0 nl=0,1,keep-tags <CLBU>
inc/event/res/dateevents08/aqua_tch2.txt#65#12,"そ、外なんだから、
トントンくらいにしてよぉ……。","这、这可是在外面，
最多只能轻轻敲敲啦……",translated,依恩,ef0a0a7d12,br=0 nl=1,2,
inc/event/res/dateevents08/aqua_tch2.txt#68#12,<CLBU>あ、やんっ！,<CLBU>啊、呀啊！,translated,依恩,b7a2936643,<CLBU> br=0 nl=0,1,keep-tags <CLBU>
inc/event/res/dateevents08/aqua_tch2.txt#69#12,"う～、バカバカァ！
変な声出ちゃったよぉ……。","呜～大笨蛋！
我都发出奇怪的声音了啦……",translated,依恩,74901d97a1,br=0 nl=1,2,
inc/event/res/dateevents08/aqua_tch2.txt#77#12,"<CLBU>う～……くすぐったいような、
落ち着くような……。","<CLBU>唔～……感觉有点痒酥酥的，
又觉得挺安心的……",translated,依恩,9fe2c07c49,<CLBU> br=0 nl=1,2,keep-tags <CLBU>
inc/event/res/dateevents08/aqua_tch2.txt#78#12,"あなた、わたしのお腹の撫で方、
極めてきちゃってる？","你是不是已经把摸我肚子的技巧
给修炼到炉火纯青了？",translated,依恩,eb8b35e46c,br=0 nl=1,2,
inc/event/res/dateevents08/aqua_tch2.txt#81#12,<CLBU>あっ、んふっ！,<CLBU>啊，唔嗯！,translated,依恩,bc2c64f5dd,<CLBU> br=0 nl=0,1,keep-tags <CLBU>
inc/event/res/dateevents08/aqua_tch2.txt#82#12,"も、もぉ！
お腹はくすぐったいんだから、
あんまり撫でないでってば……。","真、真是的！
肚子很怕痒的，
都说了不要一直摸啦……",translated,依恩,4cac049016,br=0 nl=2,3,
inc/event/res/dateevents08/aqua_tch2.txt#85#12,"<CLBU>む、胸を触られるのに比べたら、
恥ずかしくはないけど……。","<CLBU>和、和被摸胸部比起来，
虽然没那么害羞就是了……",translated,依恩,9f963ef2fa,<CLBU> br=0 nl=1,2,keep-tags <CLBU>
inc/event/res/dateevents08/aqua_tch2.txt#86#12,"や、やっぱり、ダメ！
恥ずかしいってばぁ！","但、但果然还是不行！
说了很害羞啦！",translated,依恩,6866bb7aa5,br=0 nl=1,2,
inc/event/res/dateevents08/aqua_tch2.txt#98#12,"<CLBU>お魚もいいけど、わたしのことも
もっと見てほしいの。","<CLBU>看鱼固然好，但我希望
你能多看看我呢。",translated,依恩,d9d1743b28,<CLBU> br=0 nl=1,2,keep-tags <CLBU>
inc/event/res/dateevents08/aqua_tch2.txt#99#12,"やっぱりデートなんだし……
そういう風に思っても、悪くないよね？","毕竟是在约会嘛……
就算这么想，也不算过分吧？",translated,依恩,f69f47fb1e,br=0 nl=1,2,
inc/event/res/dateevents08/aqua_tch2.txt#102#12,"<CLBU>えへへ……デート中のなでなでって、
ちょっと照れるよね？","<CLBU>诶嘿嘿……在约会时被摸摸头，
感觉稍微有点害羞呢？",translated,依恩,3ac8faaf31,<CLBU> br=0 nl=1,2,keep-tags <CLBU>
inc/event/res/dateevents08/aqua_tch2.txt#105#12,"<CLBU>わたしも、いつかあなたの
顔を見てみたいな。","<CLBU>我也很想有朝一日，
能看一看你的长相呢。",translated,依恩,502e80d002,<CLBU> br=0 nl=1,2,keep-tags <CLBU>
inc/event/res/dateevents08/aqua_tch2.txt#106#12,"それで、今度はわたしの方から
トントンや、なでなでをしてみたいの。","然后，这次换我主动
去戳戳你、摸摸你的头呢。",translated,依恩,dee23a1b9f,br=0 nl=1,2,
inc/event/res/dateevents08/aqua_tch2.txt#119#12,<CLBU>えへへ……ううん、なんでもない。,<CLBU>嘿嘿……没、没什么啦。,translated,依恩,0743b180f5,<CLBU> br=0 nl=0,1,keep-tags <CLBU>
inc/event/res/dateevents08/aqua_tch2.txt#120#12,"ちゃんといてくれてる……
そう思っただけだよ。","你确实一直陪在我身边……
我只是突然这么感慨而已啦。",translated,依恩,dfecbba280,br=0 nl=1,2,
inc/event/res/dateevents08/aqua_tch2.txt#123#12,<CLBU>あ、うぅ……。,<CLBU>啊、唔唔……,translated,依恩,2cc53bc999,<CLBU> br=0 nl=0,1,keep-tags <CLBU>
inc/event/res/dateevents08/aqua_tch2.txt#124#12,"肩とか腕を撫でられるのって……
やっぱり、すごくドキドキするよ……。","被你抚摸肩膀和手臂……
果然还是让人超级心跳加速呢……",translated,依恩,11a6b9ce51,br=0 nl=1,2,
inc/event/res/dateevents08/aqua_tch2.txt#127#12,"<CLBU>一緒に並んで水槽のお魚を見るのって、
一度やってみたいの。","<CLBU>两个人并排站在水槽前看鱼，
我一直很想尝试一次呢。",translated,依恩,8c08f2a4b5,<CLBU> br=0 nl=1,2,keep-tags <CLBU>
inc/event/res/dateevents08/aqua_tch2.txt#128#12,その時は……ちゃんと肩を抱いてね？,到那个时候……要好好揽住我的肩膀哦？,translated,依恩,0cce79b148,br=0 nl=0,1,
inc/event/res/dateevents08/aqua_tch2.txt#136#12,"<CLBU>えへへ……握ってほしいなぁ、って
思ってたところだったの。","<CLBU>嘿嘿……我刚才正好在想着
希望你能牵我的手呢。",translated,依恩,d62efc6183,<CLBU> br=0 nl=1,2,keep-tags <CLBU>
inc/event/res/dateevents08/aqua_tch2.txt#137#12,こういうの、以心伝心、って言うんだっけ？,这种心有灵犀的感觉，就叫心意相通吧？,translated,依恩,2107d2bb44,br=0 nl=0,1,
inc/event/res/dateevents08/aqua_tch2.txt#140#12,"<CLBU>はぐれるような場所じゃないけど……
このまま握っててほしいな。","<CLBU>虽然这里并不是会走散的地方……
但我希望你能就这样一直牵着。",translated,依恩,756610d9ee,<CLBU> br=0 nl=1,2,keep-tags <CLBU>
inc/event/res/dateevents08/aqua_tch2.txt#141#12,だって、その方がデートっぽいもん。,因为那样才更有约会的感觉嘛。,translated,依恩,9973973f4c,br=0 nl=0,1,
inc/event/res/dateevents08/aqua_tch2.txt#144#12,<CLBU>えへへ……。,<CLBU>诶嘿嘿……,translated,依恩,1d82a2a431,<CLBU> br=0 nl=0,1,keep-tags <CLBU>
inc/event/res/dateevents08/aqua_tch2.txt#145#12,"優しく撫でられると、手でもくすぐったく
感じるんだね。","被你这么温柔地抚摸，
就算是手也会觉得痒酥酥的呢。",translated,依恩,6c2a698f98,br=0 nl=1,2,
inc/event/res/dateevents08/aqua_tch2.txt#153#12,"<CLBU>だ、ダメだよ。
周りに人がいないからって、
こんなところで……。","<CLBU>不、不行啦。
就算周围没有人，
也不能在这种地方……",translated,依恩,c2d485f0e1,<CLBU> br=0 nl=2,3,keep-tags <CLBU>
inc/event/res/dateevents08/aqua_tch2.txt#154#12,っていうか、見るだけじゃすまないんだね？,话说回来，你光用眼睛看还不满足呀？,translated,依恩,e39ec6529a,br=0 nl=0,1,
inc/event/res/dateevents08/aqua_tch2.txt#157#12,<CLBU>きゃぅっ！？,<CLBU>呀呜！？,translated,依恩,e760b0aba6,<CLBU> br=0 nl=0,1,keep-tags <CLBU>
inc/event/res/dateevents08/aqua_tch2.txt#158#12,"そ、外なんだから、
トントンくらいにしてよぉ……。","这、这可是在外面，
最多只能轻轻敲敲啦……",translated,依恩,ef0a0a7d12,br=0 nl=1,2,
inc/event/res/dateevents08/aqua_tch2.txt#161#12,<CLBU>あ、やんっ！,<CLBU>啊、呀啊！,translated,依恩,b7a2936643,<CLBU> br=0 nl=0,1,keep-tags <CLBU>
inc/event/res/dateevents08/aqua_tch2.txt#162#12,"う～、バカバカァ！
変な声出ちゃったよぉ……。","呜～大笨蛋！
我都发出奇怪的声音了啦……",translated,依恩,74901d97a1,br=0 nl=1,2,
inc/event/res/dateevents08/aqua_tch2.txt#170#12,"<CLBU>う～……くすぐったいような、
落ち着くような……。","<CLBU>唔～……感觉有点痒酥酥的，
又觉得挺安心的……",translated,依恩,9fe2c07c49,<CLBU> br=0 nl=1,2,keep-tags <CLBU>
inc/event/res/dateevents08/aqua_tch2.txt#171#12,"あなた、わたしのお腹の撫で方、
極めてきちゃってる？","你是不是已经把摸我肚子的技巧
给修炼到炉火纯青了？",translated,依恩,eb8b35e46c,br=0 nl=1,2,
inc/event/res/dateevents08/aqua_tch2.txt#174#12,<CLBU>あっ、んふっ！,<CLBU>啊，唔嗯！,translated,依恩,bc2c64f5dd,<CLBU> br=0 nl=0,1,keep-tags <CLBU>
inc/event/res/dateevents08/aqua_tch2.txt#175#12,"も、もぉ！
お腹はくすぐったいんだから、
あんまり撫でないでってば……。","真、真是的！
肚子很怕痒的，
都说了不要一直摸啦……",translated,依恩,4cac049016,br=0 nl=2,3,
inc/event/res/dateevents08/aqua_tch2.txt#178#12,"<CLBU>む、胸を触られるのに比べたら、
恥ずかしくはないけど……。","<CLBU>和、和被摸胸部比起来，
虽然没那么害羞就是了……",translated,依恩,9f963ef2fa,<CLBU> br=0 nl=1,2,keep-tags <CLBU>
inc/event/res/dateevents08/aqua_tch2.txt#179#12,"や、やっぱり、ダメ！
恥ずかしいってばぁ！","但、但果然还是不行！
说了很害羞啦！",translated,依恩,6866bb7aa5,br=0 nl=1,2,
inc/event/res/dateevents08/aqua_tch2.txt#191#12,<CLBU>んっ……。,<CLBU>嗯……,translated,依恩,694dc509e6,<CLBU> br=0 nl=0,1,keep-tags <CLBU>
inc/event/res/dateevents08/aqua_tch2.txt#192#12,頭、ぐっと抱き寄せてほしい、かも……。,可能……我也想你把我的头紧紧抱过去呢……,translated,依恩,74803cca02,br=0 nl=0,1,
inc/event/res/dateevents08/aqua_tch2.txt#194#12,"<CLBU>ふふっ……顔をなでてもらうのって、
結構くすぐったいんだよ？","<CLBU>呵呵……被你抚摸脸颊，
其实还挺痒的哦？",translated,依恩,67edadad21,<CLBU> br=0 nl=1,2,keep-tags <CLBU>
inc/event/res/dateevents08/aqua_tch2.txt#195#12,"あなたと出会わなければ、
気づけなかったんじゃないかな？","要不是遇见了你，
我可能一直都不会察觉到吧？",translated,依恩,e0d383f98d,br=0 nl=1,2,
inc/event/res/dateevents08/aqua_tch2.txt#197#12,"<CLBU>えへへ……デート中の頭なでなでって、
特別な感じがするね。","<CLBU>嘿嘿……在约会时被摸摸头，
感觉真的很特别呢。",translated,依恩,b529839b63,<CLBU> br=0 nl=1,2,keep-tags <CLBU>
inc/event/res/dateevents08/aqua_tch2.txt#198#12,でも、家にいる時のなでなでも好きだよ？,不过，在家里时的摸摸头我也很喜欢哦？,translated,依恩,100ae8adf0,br=0 nl=0,1,
inc/event/res/dateevents08/aqua_tch2.txt#209#12,<CLBU>肩、抱きしめてくれるの？,<CLBU>要揽着我的肩膀吗？,translated,依恩,d94d02bb97,<CLBU> br=0 nl=0,1,keep-tags <CLBU>
inc/event/res/dateevents08/aqua_tch2.txt#210#12,"えへへ……
何だか、温かい気持ちになれるね。","嘿嘿……
总觉得心里暖洋洋的呢。",translated,依恩,6c8006e5cb,br=0 nl=1,2,
inc/event/res/dateevents08/aqua_tch2.txt#212#12,"<CLBU>水族館って、水に囲まれてるから
ちょっと冷える気がするよね……。","<CLBU>水族馆里被水包围着，
总觉得稍微有点凉飕飕的呢……",translated,依恩,8e20649cba,<CLBU> br=0 nl=1,2,keep-tags <CLBU>
inc/event/res/dateevents08/aqua_tch2.txt#213#12,……もうちょっと、くっついていいかな？,……可以让我再挨紧你一点吗？,translated,依恩,f9342907a1,br=0 nl=0,1,
inc/event/res/dateevents08/aqua_tch2.txt#215#12,<CLBU>……なんか、不思議だね？,<CLBU>……总觉得好不可思议呢？,translated,依恩,8cbc6924e0,<CLBU> br=0 nl=0,1,keep-tags <CLBU>
inc/event/res/dateevents08/aqua_tch2.txt#216#12,"肩をなでられるだけで、
ほっとした気持ちになるの。","仅仅只是被抚摸着肩膀，
心情就会变得放松安心下来。",translated,依恩,a263423f81,br=0 nl=1,2,
inc/event/res/dateevents08/aqua_tch2.txt#222#12,"<CLBU>こうして手を握り合って、
いつまでもお魚を眺めていたいね。","<CLBU>真想就这样牵着彼此的手，
一直一直眺望着鱼儿呢。",translated,依恩,04abc7926f,<CLBU> br=0 nl=1,2,keep-tags <CLBU>
inc/event/res/dateevents08/aqua_tch2.txt#224#12,"<CLBU>手を握るのって、
少し恥ずかしい気持ちになるの……。","<CLBU>牵手这回事，
还是会让人觉得稍微有点害羞呢……",translated,依恩,2fb3140ce6,<CLBU> br=0 nl=1,2,keep-tags <CLBU>
inc/event/res/dateevents08/aqua_tch2.txt#225#12,"でも、このドキドキする感じ……
わたしは好きだよ。","不过，这种心跳加速的感觉……
我很喜欢哦。",translated,依恩,4a1d1d0aa4,br=0 nl=1,2,
inc/event/res/dateevents08/aqua_tch2.txt#227#12,"<CLBU>手を握ってもらうのって、
こんなに気持ちが落ち着くものなんだね。","<CLBU>被你牵着手，
原来是这么能让人感到安心的事情啊。",translated,依恩,5c1bfd8887,<CLBU> br=0 nl=1,2,keep-tags <CLBU>
inc/event/res/dateevents08/aqua_tch2.txt#228#12,"あなたと出会えなかったら、
ずっと思い出せなかったかも……。","如果没能遇见你，
我可能一直都想不起来呢……",translated,依恩,6e79c25f40,br=0 nl=1,2,
inc/event/res/dateevents08/aqua_tch2.txt#234#12,"<CLBU>きゃっ！？
だ、ダメ！","<CLBU>呀啊！？
不、不行啦！",translated,依恩,7cc53ab585,<CLBU> br=0 nl=1,2,keep-tags <CLBU>
inc/event/res/dateevents08/aqua_tch2.txt#235#12,お魚さん達が、見てるよ……。,鱼儿们都看着呢……,translated,依恩,6647c8a742,br=0 nl=0,1,
inc/event/res/dateevents08/aqua_tch2.txt#237#12,"<CLBU>お魚を見るよりも熱中してるような
気がするけど……。","<CLBU>总觉得你比起看鱼，
还要更加热衷于做坏事呢……",translated,依恩,d0b5ae179a,<CLBU> br=0 nl=1,2,keep-tags <CLBU>
inc/event/res/dateevents08/aqua_tch2.txt#238#12,う～、あなたって、エッチ過ぎるよぉ……。,唔～你这个人，真是太大色狼了啦……,translated,依恩,32ad0720c3,br=0 nl=0,1,
inc/event/res/dateevents08/aqua_tch2.txt#240#12,<CLBU>もぉ、どうしてそんなにエッチなの？,<CLBU>真是的，你怎么总是这么下流呀？,translated,依恩,a4fb0c65c0,<CLBU> br=0 nl=0,1,keep-tags <CLBU>
inc/event/res/dateevents08/aqua_tch2.txt#241#12,"……まあ、そういうところも
嫌いじゃないけど……。","……嘛，你那点小心思
我也并不讨厌就是了……",translated,依恩,5e70834684,br=0 nl=1,2,
inc/event/res/dateevents08/aqua_tch2.txt#247#12,"<CLBU>こういう静かな場所でお腹をなでられると、
眠くなってきちゃいそう……。","<CLBU>在这么安静的地方被你抚摸肚子，
感觉都要犯困了……",translated,依恩,fce015441d,<CLBU> br=0 nl=1,2,keep-tags <CLBU>; src-longest-line=26
inc/event/res/dateevents08/aqua_tch2.txt#248#12,"その時は、あなたに寄りかかっても
いいかな？","到那时，我可以靠在
你的身上吗？",translated,依恩,0efdbad2a1,br=0 nl=1,2,
inc/event/res/dateevents08/aqua_tch2.txt#250#12,<CLBU>ふふっ、またお腹触ってる……。,<CLBU>呵呵，你又在摸我的肚子了……,translated,依恩,87f60bb4bb,<CLBU> br=0 nl=0,1,keep-tags <CLBU>
inc/event/res/dateevents08/aqua_tch2.txt#251#12,あなたって、少し甘えん坊さんなのかな？,你这个人，是不是有点爱撒娇呀？,translated,依恩,b673d73cf5,br=0 nl=0,1,
inc/event/res/dateevents08/aqua_tch2.txt#253#12,"<CLBU>猫のお腹を見ると、
ついなで回したくならない？","<CLBU>看到猫咪的肚皮，
会不会忍不住想去揉个够呢？",translated,依恩,18459cfd79,<CLBU> br=0 nl=1,2,keep-tags <CLBU>
inc/event/res/dateevents08/aqua_tch2.txt#254#12,"わたしは猫じゃないけど、
あなたならちょっとくらい良いかも……。","虽然我不是猫咪，
但如果是你的话，稍微揉揉也可以哦……",translated,依恩,cd9eb2252e,br=0 nl=1,2,
inc/event/res/dateevents08/back_kigae_aqua.txt#2#12,"それじゃ、服着替えちゃうから、
ちょっとごめんね。","那我这就去换衣服啦，
稍等我一下哦。",translated,依恩,c013755ff6,br=0 nl=1,2,
inc/event/res/dateevents08/back_kigae_aqua.txt#8#12,"えへへ。
いつものわたしに戻っちゃった。","诶嘿嘿。
变回平时的我啦。",translated,依恩,d1dd68ecd7,br=0 nl=1,2,
inc/event/res/dateevents08/date_bonus_aqua.txt#7#12,"え、ええっ！？
わたし！？","诶、诶诶！？
看我吗！？",translated,依恩,f1e68796e9,br=0 nl=1,2,
inc/event/res/dateevents08/date_bonus_aqua.txt#8#12,"そ、そんな…わたしなんて見ても
全然楽しくないよぅ…？","怎、怎么会……看我这种人
根本一点意思都没有呀……？",translated,依恩,92a47c9f7e,br=0 nl=1,2,
inc/event/res/dateevents08/date_bonus_aqua.txt#10#12,もっとよく見せて欲しい,想看得更仔细一点,translated,,ee5c0d7719,br=0 nl=0,1,
inc/event/res/dateevents08/date_bonus_aqua.txt#12#12,"…も、もっとって…
えっと、どんな感じかな？","……再、再仔细看是……
呃，是要摆成什么姿势呢？",translated,依恩,b819257ad2,br=0 nl=1,2,
inc/event/res/dateevents08/date_bonus_aqua.txt#13#12,こうしてみた方がいい？,像这样会比较好吗？,translated,依恩,b16f2cb577,br=0 nl=0,1,
inc/event/res/dateevents08/date_bonus_aqua.txt#16#12,少しはよく見えるようになったかな…？,这样有没有看得更清楚一些了呢……？,translated,依恩,56dc2d395e,br=0 nl=0,1,
inc/event/res/dateevents08/date_bonus_aqua.txt#17#12,でも、色々操作しにくかったりする？,不过，操作起来会不会不太方便呢？,translated,依恩,502606b454,br=0 nl=0,1,
inc/event/res/dateevents08/date_bonus_aqua.txt#22#12,えっと、そろそろいい…かな？,那个，差不多可以了……吧？,translated,依恩,5e14993759,br=0 nl=0,1,
inc/event/res/dateevents08/date_bonus_aqua.txt#24#12,まだ！！,还没好呢！！,translated,,9abb7e808c,br=0 nl=0,1,
inc/event/res/dateevents08/date_bonus_aqua.txt#25#12,とても可愛かったよ,非常可爱哦,translated,,8c9b46a2ee,br=0 nl=0,1,
inc/event/res/dateevents08/date_bonus_aqua.txt#27#12,"ええっ……ま、まだ見るの？
はずかしいってばぁ……。","诶诶……还、还要看吗？
真的好害羞啦……",translated,依恩,a1b4ac7a2b,br=0 nl=1,2,
inc/event/res/dateevents08/date_bonus_aqua.txt#33#12,それじゃ、元に戻すね。,那么，我转回来了哦。,translated,依恩,6866eb0001,br=0 nl=0,1,
inc/event/res/dateevents08/date_bonus_aqua.txt#38#12,"ふぅ。
なんか、すごく恥ずかしかったよぅ？","呼。
总觉得超级害羞的呀？",translated,依恩,135a06603a,br=0 nl=1,2,
inc/event/res/dateevents08/date_bonus_aqua.txt#40#12,"でも、あなたと長い時間一緒にいられて
ちょっと幸せだったかも。","不过，能和你在一起待这么久，
感觉稍微有点幸福呢。",translated,依恩,43e647054d,br=0 nl=1,2,
inc/event/res/dateevents08/date_initm_aqua.txt#5#12,"えへへ…ごめんね、何度も呼んじゃって。
まだ忙しい感じかな？","诶嘿嘿……抱歉哦，叫了你好多次。
你现在还是挺忙的吗？",translated,依恩,8680e7dd73,br=0 nl=1,2,
inc/event/res/dateevents08/date_initm_aqua.txt#6#12,"えっと…良かったら、そろそろ…行かない？
…デート。","那个……如果可以的话，差不多该……去了吗？
……去约会。",translated,依恩,6579c9c094,br=0 nl=1,2,
inc/event/res/dateevents08/date_initm_aqua.txt#7#12,行こう,走吧,translated,,c3e9e3017a,br=0 nl=0,1,
inc/event/res/dateevents08/date_initm_aqua.txt#8#12,もうちょっと後でもいいかな？,再稍微等一会儿可以吗？,translated,,27681ab4c1,br=0 nl=0,1,
inc/event/res/dateevents08/date_initm_aqua.txt#10#12,"えっと…良かったら、そろそろ…行かない？
…デート。","那个……如果可以的话，差不多该……去了吗？
……去约会。",translated,依恩,6579c9c094,br=0 nl=1,2,
inc/event/res/dateevents08/date_initm_aqua.txt#11#12,行こう,走吧,translated,,c3e9e3017a,br=0 nl=0,1,
inc/event/res/dateevents08/date_initm_aqua.txt#12#12,もうちょっと後でもいいかな？,再稍微等一会儿可以吗？,translated,,27681ab4c1,br=0 nl=0,1,
inc/event/res/dateevents08/date_initm_aqua.txt#14#12,お待たせ。水族館に行こう。,久等了。我们去水族馆吧。,translated,,29163f3e78,br=0 nl=0,1,
inc/event/res/dateevents08/date_initm_aqua.txt#16#12,いますぐ行こう,现在马上就出发吧,translated,,63627d8fa2,br=0 nl=0,1,
inc/event/res/dateevents08/date_initm_aqua.txt#17#12,もうちょっと後でもいいかな？,再稍微等一会儿可以吗？,translated,,27681ab4c1,br=0 nl=0,1,
inc/event/res/dateevents08/date_initm_aqua.txt#21#12,"やったぁ♪
それじゃ、今から支度するから
ちょっと待っててね！","太好啦♪
那我这就去准备一下，
稍微等我一会儿哦！",translated,依恩,069f0a3417,br=0 nl=2,3,
inc/event/res/dateevents08/date_initm_aqua.txt#85#12,"あ、今忙しかったんだ。
それじゃあ、また誘ってみるね。","啊，现在很忙呀。
那等晚点我再来约你哦。",translated,依恩,7676a528bd,br=0 nl=1,2,
inc/event/res/dateevents08/date_initm_aqua.txt#87#12,<CLY2>イオンと水族館に行く約束をしました。,<CLY2>与依恩约好了去水族馆。,translated,系统文本,6627a6ceb6,<CLY2> br=0 nl=0,1,keep-tags <CLY2>
inc/event/res/dateevents08/date_initt_aqua.txt#1#12,<CLBU>…あっ！　いたいた♪,<CLBU>……啊！你在呀♪,translated,依恩,578125f733,<CLBU> br=0 nl=0,1,keep-tags <CLBU>
inc/event/res/dateevents08/date_init_aqua.txt#2#12,…むにゃ……。,……唔喵……,translated,依恩,5eb020476e,br=0 nl=0,1,
inc/event/res/dateevents08/date_init_aqua.txt#5#12,<CLY2>イオンは現在お出かけ中です。,<CLY2>依恩目前正在外出中。,translated,系统文本,1194137fe4,<CLY2> br=0 nl=0,1,keep-tags <CLY2>
inc/event/res/dateevents08/date_init_aqua.txt#6#12,"<CLY2>デートに行くためにはイオンが室内にいる
必要があります。","<CLY2>若要前去约会，依恩必须
身处室内。",translated,系统文本,3ce5b3c66f,<CLY2> br=0 nl=1,2,keep-tags <CLY2>; src-longest-line=25
inc/event/res/dateevents08/date_init_aqua.txt#9#12,<CLY2>イオンは現在入浴中です。,<CLY2>依恩目前正在入浴中。,translated,系统文本,7823b43700,<CLY2> br=0 nl=0,1,keep-tags <CLY2>
inc/event/res/dateevents08/date_init_aqua.txt#10#12,"<CLY2>デートに行くためにはイオンが室内にいる
必要があります。","<CLY2>若要前去约会，依恩必须
身处室内。",translated,系统文本,3ce5b3c66f,<CLY2> br=0 nl=1,2,keep-tags <CLY2>; src-longest-line=25
inc/event/res/dateevents08/date_init_aqua.txt#13#12,<CLY2>イオンは現在お手洗いです。,<CLY2>依恩目前正在洗手间。,translated,系统文本,ebf1e157a1,<CLY2> br=0 nl=0,1,keep-tags <CLY2>
inc/event/res/dateevents08/date_init_aqua.txt#14#12,"<CLY2>デートに行くためにはイオンが室内にいる
必要があります。","<CLY2>若要前去约会，依恩必须
身处室内。",translated,系统文本,3ce5b3c66f,<CLY2> br=0 nl=1,2,keep-tags <CLY2>; src-longest-line=25
inc/event/res/dateevents08/date_init_aqua.txt#17#12,<CLY2>イオンは現在着替え中です。,<CLY2>依恩目前正在换衣服。,translated,系统文本,14f32834ab,<CLY2> br=0 nl=0,1,keep-tags <CLY2>
inc/event/res/dateevents08/date_init_aqua.txt#21#12,"<CLY2>いまはデートに行くことができません。
イオンの行動が切り替わるまで待ちましょう。","<CLY2>当前无法前去约会。
请等待依恩切换行动状态。",translated,系统文本,78fa135304,<CLY2> br=0 nl=1,2,keep-tags <CLY2>
inc/event/res/dateevents08/date_init_aqua.txt#34#12,イオンと水族館に行く,和依恩去水族馆,translated,,aecb11c7f5,br=0 nl=0,1,
inc/event/res/dateevents08/date_init_aqua.txt#35#12,やっぱりやめる,还是算了吧,translated,,1c6ecf5e26,br=0 nl=0,1,
inc/event/res/dateevents08/date_init_aqua.txt#39#12,"ああっ！
来た～っ♪","啊啊！
你来啦～♪",translated,依恩,ed618f726e,br=0 nl=1,2,
inc/event/res/dateevents08/date_init_aqua.txt#45#12,ねえねえ、いる？,喂喂，在吗？,translated,依恩,51dc8454a9,br=0 nl=0,1,
inc/event/res/dateevents08/date_init_aqua.txt#47#12,いたらコンコン♪ってして～。,在的话就咚咚♪敲敲门嘛～,translated,依恩,470c4582f6,br=0 nl=0,1,
inc/event/res/dateevents08/date_init_aqua.txt#48#12,あ・な・た～♪,亲・爱・的～♪,translated,依恩,4535f4c308,br=0 nl=0,1,
inc/event/res/dateevents08/date_init_aqua.txt#50#12,…いないかな？,……不在吗？,translated,依恩,9eaa66183f,br=0 nl=0,1,
inc/event/res/dateevents08/dic01.txt#2#12,それじゃ、早速出発しよっか？,那么，我们这就出发吧？,translated,依恩,4e6952a3cc,br=0 nl=0,1,
inc/event/res/dateevents08/dic01.txt#4#12,えへへ、とうちゃ～く！,嘿嘿，到～达！,translated,依恩,3139868673,br=0 nl=0,1,
inc/event/res/dateevents08/dic01.txt#6#12,"はぁ……やっぱり疲れた時に来る
水族館って、いいよね。","哈啊……果然在疲惫时来
水族馆逛逛，感觉很棒呢。",translated,依恩,96bc565038,br=0 nl=1,2,
inc/event/res/dateevents08/dic01.txt#7#12,"こうやって歩きながら、大きな水槽の中を
泳ぐお魚を眺めてると、すごく落ち着いた
気持ちになれるよ……。","像这样一边漫步，一边眺望大水槽里
畅游的鱼儿，
心情就会变得非常沉静安宁呢……",translated,依恩,34bce6f1b4,br=0 nl=2,3,
inc/event/res/dateevents08/dic01.txt#8#12,お魚って、癒しの効果があるのかな？,鱼类是不是真有治愈人心的效果呢？,translated,依恩,b1457448fb,br=0 nl=0,1,
inc/event/res/dateevents08/dic01.txt#10#12,科学的根拠がないからわからない,因为缺乏科学依据所以不好说,translated,,0677db721d,br=0 nl=0,1,
inc/event/res/dateevents08/dic01.txt#11#12,イオンが癒されてるからあると思う,既然依恩被治愈了那我觉得是有的,translated,,90444b3feb,br=0 nl=0,1,
inc/event/res/dateevents08/dic01.txt#13#12,"べ、別にそこまでしっかりした返事を
してほしかったわけじゃないんだけど……。","我、我也不是想要你
给出这么严谨认真的答复啦……",translated,依恩,0cbbfd5240,br=0 nl=1,2,
inc/event/res/dateevents08/dic01.txt#14#12,"何となく、そんなイメージあるよね、とか、
そういうのでいいんだよ？","只要随口说说“感觉好像确实是这样呢”
之类的就可以啦？",translated,依恩,5dad466d72,br=0 nl=1,2,
inc/event/res/dateevents08/dic01.txt#15#12,"普通に会話する時に、一々そういうのを
考えてたら、何となくつまらない気持ちに
なっちゃうし……。","平时闲聊的时候如果还要
逐字逐句深究这些，
总觉得会变得有点无趣嘛……",translated,依恩,992a78383b,br=0 nl=2,3,
inc/event/res/dateevents08/dic01.txt#18#12,"あ、そっか。
わたしが自分で証明しちゃってるね。","啊，对哦。
我自己不就是活生生的证明嘛。",translated,依恩,4cd0930754,br=0 nl=1,2,
inc/event/res/dateevents08/dic01.txt#19#12,"でも、お魚が嫌いな人にとっては
逆効果になる可能性もあるし……。","但是，对讨厌鱼的人来说，
也有可能会适得其反呢……",translated,依恩,9a1b3f17a8,br=0 nl=1,2,
inc/event/res/dateevents08/dic01.txt#20#12,"って、それ言ったらどんな物でも
嫌いな人にとっては癒しにならないよね。","不过照这么说，不管什么东西
对讨厌它的人来说都起不到治愈效果吧。",translated,依恩,1cb2eeaa5b,br=0 nl=1,2,
inc/event/res/dateevents08/dic01.txt#23#12,"あっ！
あそこ泳いでるお魚、前に見たことある！","啊！
在那边游着的那条鱼，我之前见过！",translated,依恩,07c553fd3e,br=0 nl=1,2,
inc/event/res/dateevents08/dic01.txt#24#12,"光の加減で、尾びれが赤とかオレンジ色に
なるのが綺麗なの。","随着光线照射，尾鳍会变成红色
或橙色，非常漂亮哦。",translated,依恩,ae26f42b9d,br=0 nl=1,2,
inc/event/res/dateevents08/dic01.txt#25#12,"もう一度見たいと思ってたんだ。
わぁ、綺麗だなぁ……。","我之前一直想着还想再看一次呢。
哇，好漂亮啊……",translated,依恩,3145bec70d,br=0 nl=1,2,
inc/event/res/dateevents08/dic01.txt#26#12,……あっ、ちょっと待って。,……啊，稍微等等。,translated,依恩,8dfec05674,br=0 nl=0,1,
inc/event/res/dateevents08/dic01.txt#28#12,"水槽の前に、中で泳いでるお魚の説明が
書かれたプレートがあるの。","水槽前面有写着里面游着的鱼
相关说明的标牌呢。",translated,依恩,e351f91995,br=0 nl=1,2,
inc/event/res/dateevents08/dic01.txt#29#12,"せっかく水族館に来てるんだから、
たまには読んでいこうかな、って……。","既然难得来一次水族馆，
我想偶尔也读读看吧……",translated,依恩,f291d38c64,br=0 nl=1,2,
inc/event/res/dateevents08/dic01.txt#30#12,"何度も来てるのに、これをしなかったせいで
全然魚の名前や生態を覚えられてないの。","虽然来了好多次，但因为一直没看这个，
所以完全记不住鱼的名字和习性呢。",translated,依恩,413c786ef0,br=0 nl=1,2,
inc/event/res/dateevents08/dic01.txt#31#12,やっぱり、少しは勉強した方がいいよね？,果然还是稍微学一学比较好吧？,translated,依恩,e3d67bd8d6,br=0 nl=0,1,
inc/event/res/dateevents08/dic01.txt#33#12,記憶を戻すきっかけにもなりそう,说不定也能成为恢复记忆的契机呢,translated,,78dadde890,br=0 nl=0,1,
inc/event/res/dateevents08/dic01.txt#34#12,魚料理のレパートリーが増えそう,感觉能做出的鱼料理花样会变多呢,translated,,a549206b7b,br=0 nl=0,1,
inc/event/res/dateevents08/dic01.txt#36#12,うん、わたしもそう思ったの。,嗯，我也觉得是这样。,translated,依恩,3861cadd7f,br=0 nl=0,1,
inc/event/res/dateevents08/dic01.txt#37#12,"記憶を無くす前に聞いたことがある魚が
いれば、もしかしたらそこから少しずつ
色々思い出せるかもしれないし……。","如果有失去记忆前听过的鱼，
说不定就能以此为线索，
一点点回想起各种事情呢……",translated,依恩,af11d7b8b0,br=0 nl=2,3,
inc/event/res/dateevents08/dic01.txt#38#12,"そうじゃなかったとしても、お魚の生態を
勉強するいい機会でもあるしね。","就算不是那样，
也是学习鱼类生态的好机会嘛。",translated,依恩,18e7f5203f,br=0 nl=1,2,
inc/event/res/dateevents08/dic01.txt#42#12,"うん、どのお魚をどんな風に調理すれば
いいのかわかれば、レパートリーも今より
ずっと増えるはずだよ！","嗯，要是知道了哪种鱼该怎么料理，
能做出的菜色种类肯定会
比现在多得多呢！",translated,依恩,93a7f55c22,br=0 nl=2,3,
inc/event/res/dateevents08/dic01.txt#43#12,……って、お約束の冗談は置いといて。,……好啦，惯例的玩笑先放一边。,translated,依恩,c9bdb5a7f1,br=0 nl=0,1,
inc/event/res/dateevents08/dic01.txt#44#12,"お魚の名前をきっかけに、昔のことを
思い出せるかもしれないと思ったの。","我是觉得以鱼的名字为契机，
说不定能回想起以前的事情呢。",translated,依恩,90e4e507a2,br=0 nl=1,2,
inc/event/res/dateevents08/dic01.txt#45#12,"まあ、もし思い出せなくても、新しいことを
勉強するいい機会だし……。","嘛，就算想不起来，
也是学习新知识的好机会嘛……",translated,依恩,de480c1a51,br=0 nl=1,2,
inc/event/res/dateevents08/dic01.txt#47#12,"でも、水槽に貼ってある説明だけだと、
ちょっと物足りないかも。","不过，光是贴在水槽上的说明，
总觉得稍微有点看不够呢。",translated,依恩,361186f6fc,br=0 nl=1,2,
inc/event/res/dateevents08/dic01.txt#48#12,……お魚の辞書、作ってみようかな？,……要不我来做一本鱼类词典吧？,translated,依恩,739ca3be24,br=0 nl=0,1,
inc/event/res/dateevents08/dic01.txt#49#12,"こう、片手で持てる端末の形にして、
手軽に検索できる辞書があったら便利だと
思わない？","做成单手就能拿着的终端形态，
如果有一本能轻松检索的词典，
你不觉得会很方便吗？",translated,依恩,7fafe26f74,br=0 nl=2,3,
inc/event/res/dateevents08/dic01.txt#50#12,"データを打ち込むのは大変だけど、
端末機自体はそれほど難しくないし、
むしろわたしの専門分野だもん。","录入数据虽然很辛苦，
但终端机本身并没有那么难做，
倒不如说那正好是我的专业领域嘛。",translated,依恩,3bd25ac339,br=0 nl=2,3,
inc/event/res/dateevents08/dic01.txt#51#12,"うん、決まり！
帰ったら早速そのレシピを作ろっと！","好，就这么定了！
回去之后我马上着手制作配方！",translated,依恩,95b975650c,br=0 nl=1,2,
inc/event/res/dateevents08/dic01.txt#52#12,"よーし、それじゃ気分が乗ってるうちに
帰ろっか。","好～嘞，那趁着现在兴致高涨，
赶紧回去吧。",translated,依恩,5e07beaf88,br=0 nl=1,2,
inc/event/res/dateevents08/dic01.txt#55#12,ふぅ……いい気分転換になったね。,呼……真是换了个不错的心情呢。,translated,依恩,114dbc3992,br=0 nl=0,1,
inc/event/res/dateevents08/dic01.txt#56#12,"それに新しいレシピのネタも手に入ったし、
水族館に行って正解だったよ。","而且还得到了新配方的灵感，
来水族馆真来对了呢。",translated,依恩,6ed207d564,br=0 nl=1,2,
inc/event/res/dateevents08/dic01.txt#57#12,"今度水族館に行く時は、今日話した辞書を
持って行けたらいいね。","下次再去水族馆时，
要是能带上今天说的那本词典就好了呢。",translated,依恩,007e62f18e,br=0 nl=1,2,
inc/event/res/dateevents08/dic01.txt#59#12,"<CLY2>レシピ【図鑑？】が
追加されました。","<CLY2>配方【图鉴？】
已追加。",translated,系统文本,ceeb7f9b04,<CLY2> br=0 nl=1,2,keep-tags <CLY2>
inc/event/res/dateevents08/dic01.txt#60#12,えへへ、今から楽しみだよ。,嘿嘿，我现在就迫不及待了呢。,translated,依恩,fcdbc0e78b,br=0 nl=0,1,
inc/event/res/dateevents08/dic01.txt#61#12,"それじゃ、そろそろ戻るね。
付き合ってくれてありがと。","那么，我差不多该回去了。
谢谢你陪我出来哦。",translated,依恩,b152165cd1,br=0 nl=1,2,
inc/event/res/dateevents08/dic01.txt#64#14,"お魚の勉強を
始めるよ。
記憶も戻るといいな。","我要开始
学习鱼类知识了。
希望能恢复记忆呢。",translated,,22bd88d380,br=0 nl=2,3,
inc/event/res/dateevents08/dic01.txt#65#12,<CLY2>イオンとのラブラブ度が少し上がりました。,<CLY2>与依欧的恩爱度略微提升了。,translated,系统文本,f0958b1f4c,<CLY2> br=0 nl=0,1,keep-tags <CLY2>; src-longest-line=26
inc/event/res/dateevents08/ikamakura01.txt#2#12,早速しゅっぱーつ！,这就出～发！,translated,依恩,e1a94b5f53,br=0 nl=0,1,
inc/event/res/dateevents08/ikamakura01.txt#4#12,"えへへ……今日はどんなお魚が
見れるかな？","嘿嘿……今天能看到
什么样的鱼呢？",translated,依恩,5004227e30,br=0 nl=1,2,
inc/event/res/dateevents08/ikamakura01.txt#6#12,"そういえば、水族館って本物のお魚を
見る以外にも、楽しめるところがあるよね？","说起来，水族馆除了观赏活生生的鱼以外，
其实还有其他能让人尽情享受的地方对吧？",translated,依恩,2de9ca1d3c,br=0 nl=1,2,
inc/event/res/dateevents08/ikamakura01.txt#7#12,"例えば、絶滅しちゃったお魚の資料とか、
化石を展示してあるお部屋とか……。","比如说，展示灭绝鱼类资料
或者化石的展示厅之类的……",translated,依恩,500a11bcdc,br=0 nl=1,2,
inc/event/res/dateevents08/ikamakura01.txt#8#12,"化石と一緒に展示してある想像図の絵を
見ながら、自分なりに化石から別の外見を
想像するのも、結構好きかも。","一边看着与化石一同展示的复原图，
一边按自己的想法从化石想象其它的外观，
这种事我还挺喜欢的呢。",translated,依恩,acba00d55d,br=0 nl=2,3,
inc/event/res/dateevents08/ikamakura01.txt#9#12,"他にも、大昔に絶滅したお魚が
もし絶滅しなかったら、どんな風に進化を
していたかを想像するのもね。","还有就是，去想象很久以前灭绝的鱼，
如果当时没有灭绝的话，
到底会以怎样的方式进化呢。",translated,依恩,c3114b7576,br=0 nl=2,3,
inc/event/res/dateevents08/ikamakura01.txt#10#12,こういうこと、あなたも考えたりする？,这种事情，你也会去琢磨吗？,translated,依恩,c39b425c10,br=0 nl=0,1,
inc/event/res/dateevents08/ikamakura01.txt#12#12,する時もある,偶尔也会去想,translated,,ad5cce32f9,br=0 nl=0,1,
inc/event/res/dateevents08/ikamakura01.txt#13#12,想像力が乏しくて……,我缺乏想象力……,translated,,02bc9a8246,br=0 nl=0,1,
inc/event/res/dateevents08/ikamakura01.txt#15#12,わぁ、あなたもあるんだ！？,哇，你也会这么想啊！？,translated,依恩,b912f4504a,br=0 nl=0,1,
inc/event/res/dateevents08/ikamakura01.txt#16#12,"やっぱり、お魚って色々想像が膨らむから、
考えてると結構夢中になるよね？","果然，鱼类能让人展开丰富的想象，
琢磨起来就会不由自主地沉迷呢对吧？",translated,依恩,9f9bdeab41,br=0 nl=1,2,
inc/event/res/dateevents08/ikamakura01.txt#17#12,"……まあ、サメみたいな怖いのもいるせいか、
時々すごく怖いのを想像しちゃうことも
あるけど。","……嘛，虽然也因为有鲨鱼这种可怕的生物，
有时也会想象出
极其恐怖的东西就是了。",translated,依恩,0a59bfb1b1,br=0 nl=2,3,
inc/event/res/dateevents08/ikamakura01.txt#18#12,"小説とかでも多いしね。
人食いザメとか、深海に生息していた
未確認の凶暴な生物とか……","在小说里也很常见呢。
比如吃人鲨鱼，或者栖息在深海的
未确认凶猛生物之类的……",translated,依恩,fe6fb4de50,br=0 nl=2,3,
inc/event/res/dateevents08/ikamakura01.txt#22#12,そんなの、気にしてたらダメだよ。,可不能在意那种事情哦。,translated,依恩,e96d2f75c6,br=0 nl=0,1,
inc/event/res/dateevents08/ikamakura01.txt#23#12,"ちょっと乱暴な説明になっちゃうかも
しれないけど……想像っていうのは
何でもあり、ってことなの。","虽然可能解释得有点粗暴……
但是想象这种东西，
就是无论怎样天马行空都行的。",translated,依恩,23fb2efa76,br=0 nl=2,3,
inc/event/res/dateevents08/ikamakura01.txt#24#12,"だから、絶対にありえない、って思うような
ことでもいいから、まずは考えてみるところ
から始めてみて。","所以，哪怕是你觉得绝不可能的事情也没关系，
试着先从在脑海里琢磨琢磨
开始做起吧。",translated,依恩,31a458c69f,br=0 nl=2,3,
inc/event/res/dateevents08/ikamakura01.txt#25#12,"そうしてれば、いつの間にか想像力が
ついてくるはずだよ。","只要这样坚持下去，
不知不觉间想象力就会丰富起来的哦。",translated,依恩,8c1de061b8,br=0 nl=1,2,
inc/event/res/dateevents08/ikamakura01.txt#27#12,"う～ん……それ以外に水族館の楽しそうな
ところって言ったら……。","唔～……除此以外水族馆还有什么
有趣的地方的话……",translated,依恩,8a31745b0b,br=0 nl=1,2,
inc/event/res/dateevents08/ikamakura01.txt#28#12,やっぱり、お土産売り場かな？,果然还是纪念品商店吧？,translated,依恩,9397aae23a,br=0 nl=0,1,
inc/event/res/dateevents08/ikamakura01.txt#29#12,"あそこって、お魚を満喫して帰る直前に
寄って行く場所でしょ？","那里不是尽兴赏完鱼之后、
在回家前顺道去逛的地方吗？",translated,依恩,fd09243617,br=0 nl=1,2,
inc/event/res/dateevents08/ikamakura01.txt#30#12,"そう考えると、お土産売り場って
水族館のメインイベントかもしれないね。","这么一想，纪念品商店
说不定算得上水族馆的重头戏呢。",translated,依恩,4e72ff5e9c,br=0 nl=1,2,
inc/event/res/dateevents08/ikamakura01.txt#31#12,"せっかく来たんだし、
ちょっと寄って行こうよ。","既然难得来一次，
我们就顺道去看看吧。",translated,依恩,0ff8db31fe,br=0 nl=1,2,
inc/event/res/dateevents08/ikamakura01.txt#32#12,"何か可愛いグッズが売ってるかも
しれないし。","说不定会卖些
什么可爱的小周边呢。",translated,依恩,bb921833ed,br=0 nl=1,2,
inc/event/res/dateevents08/ikamakura01.txt#33#12,"……まあ、ここで買っても現実には
持って帰れないけど。","……嘛，就算在这里买了，
现实中也带不回去就是了。",translated,依恩,a3270e65b8,br=0 nl=1,2,
inc/event/res/dateevents08/ikamakura01.txt#35#12,見るだけでも楽しいと思うよ,我觉得光是看看也挺有意思的,translated,,c4dc09a198,br=0 nl=0,1,
inc/event/res/dateevents08/ikamakura01.txt#36#12,それなら行くだけ無駄だよ,那样的话去了也是白跑一趟,translated,,ba8f0d8f0d,br=0 nl=0,1,
inc/event/res/dateevents08/ikamakura01.txt#38#12,"う～ん……我慢できなくなっちゃうかも
しれないけど、確かにそうだね。","唔～……虽然可能会让人忍不住心痒痒，
但确实是这样呢。",translated,依恩,d33afca98b,br=0 nl=1,2,
inc/event/res/dateevents08/ikamakura01.txt#39#12,"それに、せっかく水族館に来てるんだから、
楽しめるだけ楽しまないと、
勿体無いと思うし。","而且，既然难得来了水族馆，
不好好尽情享受一番的话，
总觉得太可惜了嘛。",translated,依恩,d4f206bb9d,br=0 nl=2,3,
inc/event/res/dateevents08/ikamakura01.txt#43#12,"む、無駄って……
そんな言い方しなくてもいいのに……。","什、什么白跑……
用不着说得这么难听嘛……",translated,依恩,14bc7dc7ac,br=0 nl=1,2,
inc/event/res/dateevents08/ikamakura01.txt#44#12,"確かに持って帰ったりは出来ないけど、
見て楽しむこともできるんだし。","虽然确实带不回去，
但光是看着也能自得其乐嘛。",translated,依恩,a39f7a0af1,br=0 nl=1,2,
inc/event/res/dateevents08/ikamakura01.txt#45#12,はぁ…………。,哈啊…………,translated,依恩,29f787dbc4,br=0 nl=0,1,
inc/event/res/dateevents08/ikamakura01.txt#49#12,あっ、そうだ！！,啊，对啦！！,translated,依恩,a3811f636c,br=0 nl=0,1,
inc/event/res/dateevents08/ikamakura01.txt#50#12,"それなら、お土産売り場で気に入った物を、
帰ってから作っちゃえばいいんだよ。","既然如此，只要把在纪念品店看中的东西，
回去之后自己亲手做出来不就好了。",translated,依恩,8c6b2f3f7e,br=0 nl=1,2,
inc/event/res/dateevents08/ikamakura01.txt#51#12,"それならただ見に行くだけじゃなくて、
新しい工作の資料集めになるでしょ？","这样一来就不只是去看看而已，
还能顺便收集新手工作品的参考资料了吧？",translated,依恩,3766314805,br=0 nl=1,2,
inc/event/res/dateevents08/ikamakura01.txt#52#12,お土産を持って帰れないなら自分で作る。,既然带不回纪念品那就自己动手做。,translated,依恩,b4eadf1612,br=0 nl=0,1,
inc/event/res/dateevents08/ikamakura01.txt#53#12,"……な、何か、色々突っ込みどころが
あるとは思うけど、そこは気にしないでね。","……虽、虽然感觉槽点满满，
但那些就不要太在意啦。",translated,依恩,14506d265b,br=0 nl=1,2,
inc/event/res/dateevents08/ikamakura01.txt#54#12,"と、とにかく、それで決まりだね。
えへへ、楽しみだなぁ。","总、总之，就这么决定了。
嘿嘿，好期待呀。",translated,依恩,713bb4f190,br=0 nl=1,2,
inc/event/res/dateevents08/ikamakura01.txt#56#12,あ～っ、お土産売り場、楽しかったね！,啊～纪念品商店真好玩呢！,translated,依恩,ad3301710e,br=0 nl=0,1,
inc/event/res/dateevents08/ikamakura01.txt#57#12,"あんなに可愛いグッズがあるなんて、
思いもしなかったよ。","没想到居然有那么多
可爱的小周边呢。",translated,依恩,997aaa26e1,br=0 nl=1,2,
inc/event/res/dateevents08/ikamakura01.txt#58#12,"ただ、ちょっと気に入ったものが多過ぎて、
一つに絞るのに苦労したけど……。","只是中意的东西实在太多了，
要在里面选出一个还真费了一番功夫呢……",translated,依恩,875c4dfe89,br=0 nl=1,2,
inc/event/res/dateevents08/ikamakura01.txt#59#12,"それでも、どうにか一つに絞って
作ったのがこのレシピだよ！","不过，我还是好不容易选出了一个，
做成了这份配方哦！",translated,依恩,48ea9d3007,br=0 nl=1,2,
inc/event/res/dateevents08/ikamakura01.txt#61#12,"<CLY2>レシピ【ぬいぐるみ？】が
追加されました。","<CLY2>配方【玩偶？】
已追加。",translated,系统文本,3d12e206a1,<CLY2> br=0 nl=1,2,keep-tags <CLY2>
inc/event/res/dateevents08/ikamakura01.txt#62#12,早く作ってみたいなぁ……。,真想快点做出来看看呀……,translated,依恩,fbdc53a78d,br=0 nl=0,1,
inc/event/res/dateevents08/ikamakura01.txt#63#12,"えへへ、それじゃあ、今日はありがと。
また水族館に行こうね！","嘿嘿，那么今天谢谢你啦。
下次还要一起去水族馆哦！",translated,依恩,75426057f7,br=0 nl=1,2,
inc/event/res/dateevents08/ikamakura01.txt#68#14,"水族館のお土産売り場
って色々なものが
あるね♪","水族馆的纪念品店
里有好多稀奇的
小玩意呢♪",translated,,1768cdd92c,br=0 nl=2,3,
inc/event/res/dateevents08/ikamakura01.txt#69#12,<CLY2>イオンとのラブラブ度が少し上がりました。,<CLY2>与依欧的恩爱度略微提升了。,translated,系统文本,f0958b1f4c,<CLY2> br=0 nl=0,1,keep-tags <CLY2>; src-longest-line=26
