id,jp,zh,status,speaker,src,ctl,lines,note
inc/event/res/itemevent01/rt_as01a.txt#3#12,ふぅ～……やっと完成～。,呼～……终于完成啦～。,translated,依恩,1285223b1a,br=0 nl=0,1,
inc/event/res/itemevent01/rt_as01a.txt#4#12,"はい、どんなものでも磨ける魔法の粉、
研磨剤だよ。","给，无论什么都能打磨光亮的魔法之粉，
研磨剂哦。",translated,依恩,86b2f97385,br=0 nl=1,2,
inc/event/res/itemevent01/rt_as01a.txt#5#12,"さすがはどんなものでも磨ける研磨剤だよ。
作るのが大変でもうヘトヘトだよ。","真不愧是无所不磨的研磨剂呢。
做起来太费劲，我都快累趴下了。",translated,依恩,ece1dfa850,br=0 nl=1,2,
inc/event/res/itemevent01/rt_as01a.txt#6#12,"……うん、ごめんね、今のウソ。
だってすり潰しただけだもん。","……嗯，抱歉啦，刚才骗你的。
毕竟只是把它研磨捣碎而已嘛。",translated,依恩,01a0662632,br=0 nl=1,2,
inc/event/res/itemevent01/rt_as01a.txt#7#12,"でも細かくすり潰すのが大変だった、って
いうのは本当だけどね。","不过要研磨得很细很费劲，
这倒是大实话哦。",translated,依恩,511413a313,br=0 nl=1,2,
inc/event/res/itemevent01/rt_as01a.txt#8#12,"見ればわかるけど、凄く細かい粉に
なってるんだよ？","你看一眼就知道，
已经变成非常细腻的粉末了吧？",translated,依恩,b20abd33cc,br=0 nl=1,2,
inc/event/res/itemevent01/rt_as01a.txt#9#12,"砂粒よりも細かいんだからね。
本当に苦労したよ……。","比沙粒还要细呢。
真的花了我好大一番功夫哦……",translated,依恩,1fd9bd1267,br=0 nl=1,2,
inc/event/res/itemevent01/rt_as01a.txt#10#12,"でもこれでどんな硬いものでも、削って形を
整えることができるね。","不过这样一来，不管多坚硬的东西，
都能通过打磨来修整形状了呢。",translated,依恩,f64a9332e3,br=0 nl=1,2,
inc/event/res/itemevent01/rt_as01a.txt#11#12,"作り方は単純だけど、使える場所が多いから
すぐに役に立ってくれそうだよ。","虽然制作方法很简单，但应用范围很广，
感觉马上就能派上用场哦。",translated,依恩,165b54279a,br=0 nl=1,2,
inc/event/res/itemevent01/rt_as01a.txt#13#14,研磨剤を作ったよ♪,制作了研磨剂♪,translated,,c8951472ea,br=0 nl=0,1,
inc/event/res/itemevent01/rt_as01a.txt#15#14,研磨剤が完成したよ♪,研磨剂制作完成啦♪,translated,,da3f6fd134,br=0 nl=0,1,
inc/event/res/itemevent01/rt_as01a.txt#17#14,"研磨剤の作成完了。
次は何を作ろうかな♪","研磨剂制作完毕。
接下来要做什么好呢♪",translated,,be417232ec,br=0 nl=1,2,
inc/event/res/itemevent01/rt_as01a.txt#19#14,研磨剤ができたよ♪,研磨剂做好了♪,translated,,bf9a53e104,br=0 nl=0,1,
inc/event/res/itemevent01/rt_as01e.txt#3#12,ん、これでよし！,嗯，大功告成！,translated,依恩,1c3e3284d1,br=0 nl=0,1,
inc/event/res/itemevent01/rt_as01e.txt#4#12,はい、研磨剤ができたよ。,喏，研磨剂做好了哦。,translated,依恩,6b3c73d5e4,br=0 nl=0,1,
inc/event/res/itemevent01/rt_as01e.txt#5#12,"まあ、すり潰すだけでできちゃうから、
そんなに大騒ぎするようなものでもないん
だけどね。","不过，反正是捣碎就能做出来的东西，
倒也没什么好大惊小怪的就是了。",translated,依恩,57e02d7306,br=0 nl=2,3,
inc/event/res/itemevent01/rt_as01e.txt#6#12,"でも、やっぱり何回か作ってるから
もう慣れてきたよ。","不过，毕竟已经做了好几次，
我都已经完全熟练啦。",translated,依恩,0bca37c0bd,br=0 nl=1,2,
inc/event/res/itemevent01/rt_as01e.txt#7#12,"ほらほら、粉も前の時よりもきめ細かく
なってるような感じがしない？","你看你看，粉末是不是感觉
比上次做的时候还要更加细腻了？",translated,依恩,85084695d9,br=0 nl=1,2,
inc/event/res/itemevent01/rt_as01e.txt#8#12,"なんかこう、洗練されたすり潰しテクに
よって作られた一品、って感じのオーラが
出てるでしょ？","怎么说呢，隐隐散发出一股
“由精湛捣碎手法打造出的绝品”
般的气场对吧？",translated,依恩,b0abe739cd,br=0 nl=2,3,
inc/event/res/itemevent01/rt_as01e.txt#9#12,"これからは、研磨剤マスターを自称しても
罰は当たらないかもね。","从今往后，我就算自称是研磨剂大师，
应该也不会遭天谴吧。",translated,依恩,2f6e12414d,br=0 nl=1,2,
inc/event/res/itemevent01/rt_as01e.txt#10#12,"……でも、すり潰しただけで作れるものを
極めたからって、あまり自慢はできない
かなぁ？","……不过，就算把捣碎就能做出的东西
练到极致，好像也没什么好自夸的吧？",translated,依恩,8a7bc79f2d,br=0 nl=2,3,
inc/event/res/itemevent01/rt_as01e.txt#12#14,"研磨剤を
また作ったよ♪","又制作了
研磨剂♪",translated,,b19a83fe78,br=0 nl=1,2,
inc/event/res/itemevent01/rt_as01e.txt#14#14,研磨剤が完成したよ♪,研磨剂制作完成啦♪,translated,,da3f6fd134,br=0 nl=0,1,
inc/event/res/itemevent01/rt_as01e.txt#16#14,"研磨剤の作成完了。
次は何を作ろうかな♪","研磨剂制作完毕。
接下来要做什么好呢♪",translated,,be417232ec,br=0 nl=1,2,
inc/event/res/itemevent01/rt_as01e.txt#18#14,"研磨剤が
またできたよ♪
いい調子♪","研磨剂
又做好了♪
状态不错♪",translated,,a4cd15244d,br=0 nl=2,3,
inc/event/res/itemevent01/rt_b01a.txt#3#12,今回のメニューは手作りのエビパン。,今天的菜单是手工制作的虾面包。,translated,依恩,05b48197f2,br=0 nl=0,1,
inc/event/res/itemevent01/rt_b01a.txt#4#12,"見た目はデフォルメしたエビの
形にしてみたの。可愛いでしょ？","外观上我做成了Ｑ版小虾的形状。
很可爱对吧？",translated,依恩,965da6e3db,br=0 nl=1,2,
inc/event/res/itemevent01/rt_b01a.txt#5#12,それじゃ、味見してみるね。,那么，我来尝尝味道咯。,translated,依恩,d0d8a39b9b,br=0 nl=0,1,
inc/event/res/itemevent01/rt_b01a.txt#6#12,いただきまーす！,我开动啦！,translated,依恩,362ff3b34d,br=0 nl=0,1,
inc/event/res/itemevent01/rt_b01a.txt#7#12,はむっ！,大咬一口！,translated,依恩,7a316e9cec,br=0 nl=0,1,
inc/event/res/itemevent01/rt_b01a.txt#10#12,"お、美味しい！
それにすっごくふわふわしてるよぉ！","好、好好吃！
而且口感超级松软蓬松哦！",translated,依恩,1acb63840c,br=0 nl=1,2,
inc/event/res/itemevent01/rt_b01a.txt#11#12,"自画自賛になっちゃうけど、本当にお店で
買った焼き立てパンみたいに美味しいの！","虽然听起来像自卖自夸，但真的就像
店里刚出炉的面包一样美味哦！",translated,依恩,7bb77440ac,br=0 nl=1,2,
inc/event/res/itemevent01/rt_b01a.txt#12#12,"……もしかして、わたしってパン職人に
なった方が良いのかな？",……难道说，我其实更适合去当面包师吗？,translated,依恩,293af6efd1,br=0 nl=1,2,
inc/event/res/itemevent01/rt_b01a.txt#13#12,"あなたも食べたら、あまりの美味しさに
わたしをナデナデしたくなること
間違いなしの美味しさだよ。","要是你吃了，绝对会因为太好吃
而忍不住想要摸摸我的头，
就是这种程度的美味哦！",translated,依恩,cafca6ea5a,br=0 nl=2,3,
inc/event/res/itemevent01/rt_b01a.txt#14#12,"ちなみに、見た目はエビだけど、味は
エビとまったく関係ないからね。","顺便说一下，虽然外形是小虾，
但味道和虾完全没有任何关系哦。",translated,依恩,9699cfb2f8,br=0 nl=1,2,
inc/event/res/itemevent01/rt_b01a.txt#15#12,"……それじゃあ、どうしてわたし、
エビの形にしたんだろう？","……那我到底是为什么
要特意做成小虾的形状呢？",translated,依恩,3e9251a4cd,br=0 nl=1,2,
inc/event/res/itemevent01/rt_b01a.txt#16#12,"もっと可愛らしいパンダとかネコの顔の
形にした方が一般的なのに……。","照理说做成更可爱的熊猫或者猫咪脸
应该才更常见才对啊……",translated,依恩,c25d05c26e,br=0 nl=1,2,
inc/event/res/itemevent01/rt_b01a.txt#17#12,"……自分で言うのもあれだけど、
独特の発想にも程があるよね。","……虽然自己吐槽自己有点怪，
但我的脑洞也未免太大了吧。",translated,依恩,51372c7dcb,br=0 nl=1,2,
inc/event/res/itemevent01/rt_b01a.txt#18#12,"何はともあれ、エビパン作成大成功！
今度はもっと美味しいのを作りたいな。","不管怎么说，虾面包大获成功！
下次我想做出更加美味的面包呢。",translated,依恩,7404c48c62,br=0 nl=1,2,
inc/event/res/itemevent01/rt_b01e.txt#3#12,"ほらほら、どうかな？
上手く出来てると思わない？","你看你看，怎么样？
不觉得做得很棒吗？",translated,依恩,b9dec094e6,br=0 nl=1,2,
inc/event/res/itemevent01/rt_b01e.txt#4#12,"初めての時とは比べ物にならないくらい
美味しく出来てるの間違いなしだよ。","绝对比第一次做的时候好吃不知道多少倍，
这点毫无疑问哦！",translated,依恩,4e9a092371,br=0 nl=1,2,
inc/event/res/itemevent01/rt_b01e.txt#5#12,それじゃ、いただきます。,那么，我开动咯。,translated,依恩,03d31b9fd7,br=0 nl=0,1,
inc/event/res/itemevent01/rt_b01e.txt#6#12,はむっ……。,咬一口……,translated,依恩,c0390dd335,br=0 nl=0,1,
inc/event/res/itemevent01/rt_b01e.txt#8#12,……わたし、天才かも！,……我、说不定是个天才！,translated,依恩,c75815b644,br=0 nl=0,1,
inc/event/res/itemevent01/rt_b01e.txt#9#12,"もう百点なんて枠には収まりきらない
くらいの美味しさだよ！","这美味程度，区区满分一百分
根本装不下呀！",translated,依恩,d108838885,br=0 nl=1,2,
inc/event/res/itemevent01/rt_b01e.txt#10#12,"回を重ねるごとにどんどん美味しいパンを
作れるなんて、やっぱりわたし、一流の
パン職人になれるかも！","做一次比一次更美味，
看来我果然很有潜质
成为一名一流的面包师呢！",translated,依恩,39f9ab2e2d,br=0 nl=2,3,
inc/event/res/itemevent01/rt_b01e.txt#11#12,"ちょっと真剣に考えてみようかな？",我来认真考虑一下这件事吧？,translated,依恩,8f7c241406,br=0 nl=0,1,
inc/event/res/itemevent01/rt_b02a.txt#3#12,"えへへ、今回のメニューは
ミルキィウェイサンド！","诶嘿嘿，这次的菜单是
银河三明治！",translated,依恩,553785f990,br=0 nl=1,2,
inc/event/res/itemevent01/rt_b02a.txt#4#12,"なんかね、天の川っていうのを
再現した食べ物らしいよ。","听说是重现了一种叫做“银河”
的食物哦。",translated,依恩,32f184cfa8,br=0 nl=1,2,
inc/event/res/itemevent01/rt_b02a.txt#5#12,"果物が星で、クリームが川を
表してるんだって。","水果代表星星，
奶油则代表河流呢。",translated,依恩,47d0f10c44,br=0 nl=1,2,
inc/event/res/itemevent01/rt_b02a.txt#6#12,"……あんまり綺麗には見えないけどね。
天の川ってこんななのかな？","……虽然看着并没有很漂亮就是了。
天上的银河难道长这样吗？",translated,依恩,f893bc5966,br=0 nl=1,2,
inc/event/res/itemevent01/rt_b02a.txt#7#12,"まあ、あくまでもイメージして作ってある
だけみたいだから、乙女チックフィルターを
かけた目で見れば綺麗に……。","嘛，终归只是借用概念意象做出来的，
只要戴上少女情怀的滤镜去看
应该也挺漂亮……",translated,依恩,2425be3b4b,br=0 nl=2,3,
inc/event/res/itemevent01/rt_b02a.txt#8#12,"……かなり苦しいね。
うん、これ以上言ってもどんどん墓穴を
掘りそうだから、早速味見してみまーす！","……找借口找得好勉强呢。
嗯，再往下说只会越描越黑，
赶紧先来尝尝味道吧！",translated,依恩,867df582c2,br=0 nl=2,3,
inc/event/res/itemevent01/rt_b02a.txt#9#12,はむっ！,大咬一口！,translated,依恩,7a316e9cec,br=0 nl=0,1,
inc/event/res/itemevent01/rt_b02a.txt#12#12,"わたし、この川でなら、
溺れたとしても本望だよ。","要是在这样的银河里，
就算溺水
我也心甘情愿啦。",translated,依恩,4e2f7cd90f,br=0 nl=1,2,
inc/event/res/itemevent01/rt_b02a.txt#13#12,"フルーツの甘みと酸味、それにジャムと
クリームの甘さが見事にマッチしてるの！","水果的酸甜与果酱、奶油的甜味
简直是天作之合！",translated,依恩,ee1a41ca3e,br=0 nl=1,2,
inc/event/res/itemevent01/rt_b02a.txt#14#12,"なんだろう、これ？
まるで……フルーツパフェ？","怎么说呢，这感觉？
简直就像……水果芭菲？",translated,依恩,c39f5b646c,br=0 nl=1,2,
inc/event/res/itemevent01/rt_b02a.txt#15#12,"そう、フルーツパフェだよ！
これってアイスクリームの乗ってない
フルーツパフェ！","没错，就是水果芭菲！
这根本就是没放冰淇淋的
水果芭菲嘛！",translated,依恩,86f269c234,br=0 nl=2,3,
inc/event/res/itemevent01/rt_b02a.txt#16#12,"それに気づいたら急にアイスクリームが
欲しくなってきちゃった……。
誰かー、アイスクリーム持ってきてー！","一意识到这点，我就突然好想吃冰淇淋了……
谁来拿点冰淇淋过来呀――！",translated,依恩,75988715d4,br=0 nl=2,3,
inc/event/res/itemevent01/rt_b02a.txt#17#12,"……って、いけないいけない。
つい興奮してわたしの意識が空の彼方に
飛んじゃってたみたい。","……啊不对，不行不行。
一兴奋起来，我的魂儿
都不知道飞到哪片天际去了。",translated,依恩,5e9bb5345f,br=0 nl=2,3,
inc/event/res/itemevent01/rt_b02a.txt#18#12,"意識が天の川まで飛ぶほどの味にできたん
だから、これは文句なしに大成功だね！","能做出让人意识飞往银河的美味，
这毫无疑问是大获成功呢！",translated,依恩,fb81559c1f,br=0 nl=1,2,
inc/event/res/itemevent01/rt_b02e.txt#3#12,うん、中々の出来栄え！,嗯，成品相当不错！,translated,依恩,af548a12e0,br=0 nl=0,1,
inc/event/res/itemevent01/rt_b02e.txt#4#12,"またミルキィウェイサンドを
作ってみたの。",我又做了一次银河三明治哦。,translated,依恩,e24e871bb2,br=0 nl=1,2,
inc/event/res/itemevent01/rt_b02e.txt#5#12,……やっぱり綺麗には見えないけどね。,……虽然看起来果然还是不太美观呢。,translated,依恩,036c6342b3,br=0 nl=0,1,
inc/event/res/itemevent01/rt_b02e.txt#6#12,"まあ見た目の話は置いといて、
早速味見をしてみるね。","不过先不谈外表了，
赶紧来尝尝味道吧。",translated,依恩,4192f06f26,br=0 nl=1,2,
inc/event/res/itemevent01/rt_b02e.txt#7#12,いただきまーす、はむっ！,我开动啦，大咬一口！,translated,依恩,4866e3c28d,br=0 nl=0,1,
inc/event/res/itemevent01/rt_b02e.txt#9#12,っ！？,呃！？,translated,依恩,8853903117,br=0 nl=0,1,
inc/event/res/itemevent01/rt_b02e.txt#10#12,"お、美味しぃ！
果物と生クリームの甘さが絶妙に混ざり
合って、口の中が幸せ一色になってる。","好、好好吃！
水果与鲜奶油的清甜绝妙地融合在一起，
满嘴都是满满的幸福滋味。",translated,依恩,f0b2d483dc,br=0 nl=2,3,
inc/event/res/itemevent01/rt_b02e.txt#11#12,"ん～、ミルキィウェイって名前の通り、
川が流れるみたいに自然にいくらでも
食べれそうで怖いよ。","唔～正如“银河”其名，
像水流一样顺畅地吃多少都咽得下，
简直可怕呢。",translated,依恩,2d7c2a2793,br=0 nl=2,3,
inc/event/res/itemevent01/rt_b02e.txt#12#12,……カロリー的な意味でね。,……我是指卡路里方面啦。,translated,依恩,de7d1adb44,br=0 nl=0,1,
inc/event/res/itemevent01/rt_b02e.txt#13#12,"まあ、そういう悩みはミルキィウェイサンド
なだけに、今は流しておくってことで。","嘛，既然是银河三明治，
那种烦恼现在就顺着水流冲走吧。",translated,依恩,a294a239a6,br=0 nl=1,2,
inc/event/res/itemevent01/rt_b02e.txt#14#12,"今回の料理も大成功！
次は見た目も綺麗なものにできたら
最高だね！","这次的料理也是大成功！
下次要是能把外观也做得很漂亮
就再好不过了呢！",translated,依恩,1546fcd629,br=0 nl=2,3,
inc/event/res/itemevent01/rt_bk01a.txt#3#12,……うん、完璧！,……嗯，完美！,translated,依恩,2c6676ddb7,br=0 nl=0,1,
inc/event/res/itemevent01/rt_bk01a.txt#4#12,"ター坊のアルバムだよ。
本物そっくりにできてるでしょ？","这是阿达的相册哦。
做得跟真的一模一样吧？",translated,依恩,4c248a5c52,br=0 nl=1,2,
inc/event/res/itemevent01/rt_bk01a.txt#5#12,"紙製だから簡単に作れると思ってたけど、
実際に作ってみると意外と難しくて驚い
ちゃった。","本来以为纸做的很容易做，
实际动手才发现出乎意料地难，
真是吓了一跳呢。",translated,依恩,375a9988e1,br=0 nl=2,3,
inc/event/res/itemevent01/rt_bk01a.txt#6#12,"もちろん、中は空っぽだよ。
写真までは作ることはできないからね。","当然，里面是空空如也的。
毕竟我可做不出照片嘛。",translated,依恩,b5495018b6,br=0 nl=1,2,
inc/event/res/itemevent01/rt_bk01a.txt#7#12,"う～ん……せっかく上手に作れたんだから、
中身が空っぽなのはちょっと寂しいね。","唔～……难得做得这么棒，
里面空空如也的
感觉稍微有点寂寞呢。",translated,依恩,249a2a3ab0,br=0 nl=1,2,
inc/event/res/itemevent01/rt_bk01a.txt#8#12,"写真じゃなくても、何か可愛い絵でも
挟んでおこうかな？","就算不是照片，
夹点可爱的小画上去怎么样？",translated,依恩,d80e8f31fe,br=0 nl=1,2,
inc/event/res/itemevent01/rt_bk01a.txt#10#14,"ター坊のアルバムを
作ったよ♪","制作了
阿达的相册♪",translated,,cedb61836f,br=0 nl=1,2,
inc/event/res/itemevent01/rt_bk01a.txt#12#14,"ター坊のアルバムが
完成したよ♪","阿达的相册
制作完成啦♪",translated,,9ec0971636,br=0 nl=1,2,
inc/event/res/itemevent01/rt_bk01a.txt#14#14,"ター坊のアルバムの
作成完了。
次は何を作ろうかな♪","阿达的相册制作完毕。
接下来要做什么好呢♪",translated,,8eec893ebb,br=0 nl=2,3,
inc/event/res/itemevent01/rt_bk01a.txt#16#14,"ター坊のアルバムが
できたよ♪","阿达的相册
做好了♪",translated,,91127e550e,br=0 nl=1,2,
inc/event/res/itemevent01/rt_bk01e.txt#3#12,えへへ、どこからどう見ても本物だね！,诶嘿嘿，横看竖看都跟真的一样呢！,translated,依恩,c8a17e37a0,br=0 nl=0,1,
inc/event/res/itemevent01/rt_bk01e.txt#4#12,ジャーン、ター坊のアルバムを作ったよ！,锵锵，我做了阿达的相册哦！,translated,依恩,2d4147f42a,br=0 nl=0,1,
inc/event/res/itemevent01/rt_bk01e.txt#5#12,"前に作った物よりも更に本物っぽくなったと
思わない？",不觉得比上次做的更加逼真了吗？,translated,依恩,15aafedd38,br=0 nl=1,2,
inc/event/res/itemevent01/rt_bk01e.txt#6#12,"これ、ター坊に見せたら、絶対に驚いたん
だろうなぁ……。","要是把这个拿给阿达看，
他绝对会大吃一惊吧……",translated,依恩,54c1515bec,br=0 nl=1,2,
inc/event/res/itemevent01/rt_bk01e.txt#7#12,"まあ、アルバムっていっても、
何も挟んではいないけどね。","不过，虽然说是相册，
里面其实什么都没夹就是了。",translated,依恩,89b5e8d52d,br=0 nl=1,2,
inc/event/res/itemevent01/rt_bk01e.txt#8#12,"……でも、中身が空っぽのアルバムって、
こうやって見てるとちょっと寂しくなるね。","……可是，空空如也的相册，
像这样看着总觉得有点落寞呢。",translated,依恩,f641d65d1d,br=0 nl=1,2,
inc/event/res/itemevent01/rt_bk01e.txt#9#12,"あ、せっかくだし、ここに貼れるような
ステキな写真を撮ってみるの、どうかな？","啊，难得做出来了，不如试着拍一些
能贴在上面的漂亮照片，你觉得呢？",translated,依恩,9db0dc6633,br=0 nl=1,2,
inc/event/res/itemevent01/rt_bk01e.txt#10#12,"そう考えると、空っぽのアルバムも見ていて
少し楽しく感じられるね！えへへ。","这么一想，看着空相册
也觉得有点开心了呢！诶嘿嘿。",translated,依恩,54ff4dbb52,br=0 nl=1,2,
inc/event/res/itemevent01/rt_bk01e.txt#12#14,"ター坊のアルバムを
また作ったよ♪","又制作了
阿达的相册♪",translated,,c0c9e1a5b7,br=0 nl=1,2,
inc/event/res/itemevent01/rt_bk01e.txt#14#14,"ター坊のアルバムが
完成したよ♪","阿达的相册
制作完成啦♪",translated,,9ec0971636,br=0 nl=1,2,
inc/event/res/itemevent01/rt_bk01e.txt#16#14,"ター坊のアルバムの
作成完了。
次は何を作ろうかな♪","阿达的相册制作完毕。
接下来要做什么好呢♪",translated,,8eec893ebb,br=0 nl=2,3,
inc/event/res/itemevent01/rt_bk01e.txt#18#14,"ター坊のアルバムが
またできたよ♪
いい調子♪","阿达的相册
又做好了♪
状态不错♪",translated,,6d3d50a2fa,br=0 nl=2,3,
inc/event/res/itemevent01/rt_ca01a.txt#3#12,……うん、これで完成！,……嗯，大功告成！,translated,依恩,cb6db7610f,br=0 nl=0,1,
inc/event/res/itemevent01/rt_ca01a.txt#4#12,じゃーん、チェインリング素子だよ！,锵锵，连锁环元件做好啦！,translated,依恩,19b587517e,br=0 nl=0,1,
inc/event/res/itemevent01/rt_ca01a.txt#5#12,"どういうものかを説明するとね、
チェイン、って覚えてるでしょ？","要是跟你解释这东西的话，
你应该还记得“连锁”吧？",translated,依恩,6e9dd8f944,br=0 nl=1,2,
inc/event/res/itemevent01/rt_ca01a.txt#6#12,"あれを応用した増幅装置で、これを使うと
武器の能力を増加させることができるの！","那是应用了连锁的增幅装置，使用它的话
就能提高武器的能力哦！",translated,依恩,1d7c16159b,br=0 nl=1,2,
inc/event/res/itemevent01/rt_ca01a.txt#7#12,"えへへ、凄いでしょ？
これがあればどんな敵が相手でも
苦労はしないね！","诶嘿嘿，很厉害吧？
有了这个，无论面对什么敌人
都不会吃苦头了呢！",translated,依恩,4252f8385b,br=0 nl=2,3,
inc/event/res/itemevent01/rt_ca01a.txt#8#12,"……まあ、問題を上げるなら、わたしが
武器を持って戦わなくちゃいけないような
相手がいないところかな？","……不过真要说有什么问题的话，
就是目前根本没有需要我拿着武器
去战斗的对手吧？",translated,依恩,5f0bcc80c7,br=0 nl=2,3,
inc/event/res/itemevent01/rt_ca01a.txt#9#12,"平和で孤独な生活送ってるからね。
敵どころか家族もいない生活だもん……。","毕竟我过着和平又孤独的生活嘛。
别说敌人了，连家人都没有呢……",translated,依恩,e030483c99,br=0 nl=1,2,
inc/event/res/itemevent01/rt_ca01a.txt#10#12,"まあ、とりあえずちゃんとできてるかの
確認をしないとね。
えっと……。","嘛，总之得先确认一下有没有做好呢。
我看看……",translated,依恩,e0a64a2593,br=0 nl=2,3,
inc/event/res/itemevent01/rt_ca01a.txt#11#12,"……うん、特に問題はなさそう。
これならちゃんと動くはずだよ。","……嗯，看起来没什么问题。
这样应该能正常运作了。",translated,依恩,de40a17f86,br=0 nl=1,2,
inc/event/res/itemevent01/rt_ca01a.txt#12#12,"正直、作ってる最中もずっと使い道が
思いつかなくて、作る必要あるのかな、
って疑問に思ってたの。","说实话，制作过程中我也一直想不到用途，
还在怀疑真的有必要做这个吗。",translated,依恩,9cc6a8aab0,br=0 nl=2,3,
inc/event/res/itemevent01/rt_ca01a.txt#13#12,"う～ん……まあ、使い道は無くても
作ってる時に楽しめたんだし、それで
いいかな？","唔～……嘛，就算派不上用场，
制作的过程很开心，这样也就足够了吧？",translated,依恩,63410f6372,br=0 nl=2,3,
inc/event/res/itemevent01/rt_ca01a.txt#15#12,泥棒対策に？,用来防小偷？,translated,,70f75ab549,br=0 nl=0,1,
inc/event/res/itemevent01/rt_ca01a.txt#16#12,真空管としては？,当作真空管呢？,translated,,0ec1c62f38,br=0 nl=0,1,
inc/event/res/itemevent01/rt_ca01a.txt#17#12,"でも、やっぱり使い道がないっていうのは
ちょっと寂しい気もするなぁ……。","不过，果然毫无用途的话
总觉得心里有点落寞呢……",translated,依恩,d13ea8cb35,br=0 nl=1,2,
inc/event/res/itemevent01/rt_ca01a.txt#18#12,"……今度、ちょっと鉄でも使って
剣でも作ってみようかな？","……下次，要不要试着用铁之类的
打造一把剑看看呢？",translated,依恩,a36e020394,br=0 nl=1,2,
inc/event/res/itemevent01/rt_ca01a.txt#22#12,"って、それこそ使い道のない
道具なっちゃうよね。
はぁ、素直に喜べないなぁ……。","话说回来，那更会变成毫无用途的道具吧。
唉，真没办法由衷高兴起来呢……",translated,依恩,458824ae4e,br=0 nl=2,3,
inc/event/res/itemevent01/rt_ca01a.txt#26#12,"泥棒対策、か……。
確かに、女の子の一人暮らしだから
何かあったら危険だよね。","防范小偷，吗……
确实，女孩子一个人住，
万一发生什么事还挺危险的呢。",translated,依恩,e4bb683cd0,br=0 nl=2,3,
inc/event/res/itemevent01/rt_ca01a.txt#27#12,"そっか、そういう時のための対策に
なるんだ……いいこと聞けたよ！","这样啊，原来能作为防盗对策啊……
听到了好建议呢！",translated,依恩,692be52c54,br=0 nl=1,2,
inc/event/res/itemevent01/rt_ca01a.txt#28#12,"ただ、うちって盗みに入られても
お金になるようなものはないけどね。","不过，我家就算遭了小偷，
也没有任何值钱的东西就是了。",translated,依恩,fa8b459b1c,br=0 nl=1,2,
inc/event/res/itemevent01/rt_ca01a.txt#29#12,"必要最低限のものと、自分で作ったもの
しか置いてないんだから、放っておいても
何も取らずに出ていくと思うし。","家里除了生活必需品就是我自己手作的杂物，
放着不管小偷估计也会空手而归吧。",translated,依恩,a4d31f3230,br=0 nl=2,3,
inc/event/res/itemevent01/rt_ca01a.txt#30#12,"……まあでも、あって困るものじゃないし、
身の危険を感じた時は使ってみるね。","……不过嘛，备着总没坏处，
要是感到人身危险时我就拿来用用看吧。",translated,依恩,e51336da7c,br=0 nl=1,2,
inc/event/res/itemevent01/rt_ca01a.txt#34#12,そっか、その手があったね！,这样啊，还有这招呢！,translated,依恩,887200502a,br=0 nl=0,1,
inc/event/res/itemevent01/rt_ca01a.txt#35#12,"ちょっと効果が付属するけど、
真空管とほとんど同じ構造なんだし、
代わりとして使ってればいいんだ。","虽然附带了点额外效果，
但结构和真空管差不多，
直接拿来当替代品用就好了嘛。",translated,依恩,b51be0624c,br=0 nl=2,3,
inc/event/res/itemevent01/rt_ca01a.txt#36#12,"わぁ、なんか急に愛着沸いてきたかも！
素敵なアドバイスありがと！","哇，感觉突然对它产生感情了呢！
谢谢你给我的好建议！",translated,依恩,afc9a49c9c,br=0 nl=1,2,
inc/event/res/itemevent01/rt_ca01a.txt#37#12,"そうと決まれば、今度作る時は中身だけ
じゃなくて外の部分も作っちゃおうかな？","既然决定了，下次制作的时候，
不仅是内部，连外壳也一起做出来吧？",translated,依恩,2f4470ee50,br=0 nl=1,2,
inc/event/res/itemevent01/rt_ca01a.txt#40#14,"チェインリング素子を
作ったよ♪","制作了
连锁环元件♪",translated,,5b9248eb7c,br=0 nl=1,2,
inc/event/res/itemevent01/rt_ca01a.txt#42#14,"チェインリング素子が
完成したよ♪","连锁环元件
制作完成啦♪",translated,,a5ab8155f9,br=0 nl=1,2,
inc/event/res/itemevent01/rt_ca01a.txt#44#14,"チェインリング素子の
作成完了。
次は何を作ろうかな♪","连锁环元件制作完毕。
接下来要做什么好呢♪",translated,,dfd60cc54b,br=0 nl=2,3,
inc/event/res/itemevent01/rt_ca01a.txt#46#14,"チェインリング素子が
できたよ♪","连锁环元件
做好了♪",translated,,ed4fa8a154,br=0 nl=1,2,
inc/event/res/itemevent01/rt_ca01c.txt#3#12,うん……これでＯＫかな？,嗯……这样就行了吧？,translated,依恩,3c7be60307,br=0 nl=0,1,
inc/event/res/itemevent01/rt_ca01c.txt#4#12,"またまた作っちゃった。
チェインリング素子だよ！","我又做了一个哦。
是连锁环元件！",translated,依恩,e8ae2fb740,br=0 nl=1,2,
inc/event/res/itemevent01/rt_ca01c.txt#5#12,"普通の真空管の中身とは違って、
色々とパーツをつけなくちゃいけないのが
大変なんだよね。","和普通真空管的内部不同，
必须装上各种各样的零件，
这点挺费劲的呢。",translated,依恩,ca568ae5a0,br=0 nl=2,3,
inc/event/res/itemevent01/rt_ca01c.txt#6#12,細かい作業は目が疲れるよ……。,精细活真是太费眼睛了……,translated,依恩,101f48795e,br=0 nl=0,1,
inc/event/res/itemevent01/rt_ca01c.txt#7#12,"なんて、完成しちゃえばそんな疲れは
吹っ飛んじゃうんだけどね。","不过，一旦做完了，
那种疲劳感就会彻底烟消云散啦。",translated,依恩,fea7dae80a,br=0 nl=1,2,
inc/event/res/itemevent01/rt_ca01c.txt#8#12,"さてと、それじゃちゃんとできたか
見てみようかな？","好啦，那我就来看看
有没有好好做成功吧？",translated,依恩,35e58a2be1,br=0 nl=1,2,
inc/event/res/itemevent01/rt_ca01c.txt#9#12,"まあ、ほとんど真空管を作るのと
変わりないし、初めてでもないから
失敗はしてないと思うけど……。","嘛，反正和做真空管没什么差别，
而且也不是第一次做了，
应该不会失手才对……",translated,依恩,ca8f668198,br=0 nl=2,3,
inc/event/res/itemevent01/rt_ca01c.txt#10#12,"……うん、問題ないみたい。
わたしの言ったとおりでしょ？","……嗯，看起来没问题。
正如我说的吧？",translated,依恩,370dcc9aa3,br=0 nl=1,2,
inc/event/res/itemevent01/rt_ca01c.txt#11#12,"細かい作業が多いのは辛いけど、基本的には
真空管を作るのと変わらないもん。","虽然精细步骤多很辛苦，
但本质上还是和做真空管一样的嘛。",translated,依恩,a612473939,br=0 nl=1,2,
inc/event/res/itemevent01/rt_ca01c.txt#12#12,"だから一回作っちゃえば、それ以降は
問題なく作れるのは当然だよ。","所以只要成功做过一次，
之后每次都能顺利做出来也是理所当然的啦。",translated,依恩,5758e8bd98,br=0 nl=1,2,
inc/event/res/itemevent01/rt_ca01c.txt#13#12,"……まあ、目が疲れるのに
変わりはないけどね。","……不过，费眼睛这点
还是完全没变就是了。",translated,依恩,dae6dbd136,br=0 nl=1,2,
inc/event/res/itemevent01/rt_ca01c.txt#14#12,"とりあえず、お片付けしないと。
細かい部品を沢山使ったから、細かいゴミが
いっぱいで大変だよ。","总之得先收拾收拾了。
用了好多细小零件，满地都是细碎垃圾，
收拾起来真够呛呢。",translated,依恩,ab78b867de,br=0 nl=2,3,
inc/event/res/itemevent01/rt_ca01c.txt#16#14,"チェインリング素子を
また作ったよ♪","又制作了
连锁环元件♪",translated,,d02a8d0e64,br=0 nl=1,2,
inc/event/res/itemevent01/rt_ca01c.txt#18#14,"チェインリング素子が
完成したよ♪","连锁环元件
制作完成啦♪",translated,,a5ab8155f9,br=0 nl=1,2,
inc/event/res/itemevent01/rt_ca01c.txt#20#14,"チェインリング素子の
作成完了。
次は何を作ろうかな♪","连锁环元件制作完毕。
接下来要做什么好呢♪",translated,,dfd60cc54b,br=0 nl=2,3,
inc/event/res/itemevent01/rt_ca01c.txt#22#14,"チェインリング素子が
またできたよ♪
いい調子♪","连锁环元件
又做好了♪
状态不错♪",translated,,7a237a5830,br=0 nl=2,3,
inc/event/res/itemevent01/rt_cal1.txt#4#12,ねぇ、どうかな？,呐，你觉得怎么样？,translated,依恩,6b622601b8,br=0 nl=0,1,
inc/event/res/itemevent01/rt_cal1.txt#6#12,あなたの考えを教えてほしいな。,想听听你的想法呢。,translated,依恩,e522df62f9,br=0 nl=0,1,
inc/event/res/itemevent01/rt_cal2.txt#2#12,……ねえ、どうしたの？,……呐，怎么了吗？,translated,依恩,8e942afc3a,br=0 nl=0,1,
inc/event/res/itemevent01/rt_cal2.txt#4#12,おーい、どうしたのー？,喂――怎么了吗――？,translated,依恩,85db446977,br=0 nl=0,1,
inc/event/res/itemevent01/rt_cal2.txt#6#12,……おーい、まだー？,……喂――还没好吗――？,translated,依恩,ca785249f7,br=0 nl=0,1,
inc/event/res/itemevent01/rt_cal2.txt#8#12,……考え中かな？,……在思考中吗？,translated,依恩,363c8198bf,br=0 nl=0,1,
inc/event/res/itemevent01/rt_cal2.txt#10#12,まだ決まらないのー？,还没决定好吗――？,translated,依恩,9fb5892fae,br=0 nl=0,1,
inc/event/res/itemevent01/rt_cal2.txt#12#12,……もしかして、選べなかったりして？,……难道说，选不出来吗？,translated,依恩,3c556e668d,br=0 nl=0,1,
inc/event/res/itemevent01/rt_cal2.txt#14#12,……ねえ、まだ選んでくれてないの？,……呐，还没帮我选好吗？,translated,依恩,15bf6d4999,br=0 nl=0,1,
inc/event/res/itemevent01/rt_cal2.txt#16#12,おーーーーい！,喂――――！,translated,依恩,e08b6569e8,br=0 nl=0,1,
inc/event/res/itemevent01/rt_cal2.txt#18#12,ねえ、決まったー？,呐，决定好了吗――？,translated,依恩,25fc3e9c23,br=0 nl=0,1,
inc/event/res/itemevent01/rt_call03.txt#2#12,"あ、あの……どうしたの？
何か言ってよぉ……。","那、那个……怎么了吗？
说句话嘛……",translated,依恩,69512c0baf,br=0 nl=1,2,
inc/event/res/itemevent01/rt_call03.txt#4#12,"あ、あれれ？
ねえ、いないの？","咦、奇怪？
呐，你不在吗？",translated,依恩,83f170339b,br=0 nl=1,2,
inc/event/res/itemevent01/rt_call03.txt#6#12,"……まだ考え中なの？
そろそろ選んでよぉ。","……还在考虑中吗？
差不多该选一个了啦。",translated,依恩,7c794f9d48,br=0 nl=1,2,
inc/event/res/itemevent01/rt_call03.txt#8#12,"も、もしかして、迷ってるの？
そんなに難しいかな？","难、难道说你在犹豫吗？
有那么难抉择吗？",translated,依恩,b7d4cc8878,br=0 nl=1,2,
inc/event/res/itemevent01/rt_call03.txt#10#12,"悩み過ぎだよ。
早く選んでってば。","想得太久啦。
快点帮我选啦。",translated,依恩,bc6fdd0b00,br=0 nl=1,2,
inc/event/res/itemevent01/rt_call04.txt#2#12,……もしかして、帰っちゃったの？,……难道说，你回去了吗？,translated,依恩,03b14f76fe,br=0 nl=0,1,
inc/event/res/itemevent01/rt_call04.txt#4#12,"……そろそろ決めてくれないと、
時間が押してるんだけど？","……要是再不决定的话，
时间可就来不及了哦？",translated,依恩,d06cd49f27,br=0 nl=1,2,
inc/event/res/itemevent01/rt_call04.txt#6#12,"もう、そんなに考えることでもないと
思うけど？","真是的，我觉得
根本不需要考虑那么久吧？",translated,依恩,79091f817f,br=0 nl=1,2,
inc/event/res/itemevent01/rt_cl01a.txt#3#12,え、えっとぉ……か、完成！,呃、那个……完、完成！,translated,依恩,0a8707d07e,br=0 nl=0,1,
inc/event/res/itemevent01/rt_cl01a.txt#4#12,ラネイエクロス、完成したよ！,拉内耶布，制作完成啦！,translated,依恩,0907da6597,br=0 nl=0,1,
inc/event/res/itemevent01/rt_cl01a.txt#5#12,"……そ、そんな目で見ないで。
ちょっと色合いが凄いことになってるかも
しれないけど、ちゃんとした布なんだから。","……别、别用那种眼神看我嘛。
虽然配色可能有点夸张，
但这可是货真价实的布料哦。",translated,依恩,f3e64ae080,br=0 nl=2,3,
inc/event/res/itemevent01/rt_cl01a.txt#6#12,それにほら、結構手が込んでるんだよ？,而且你看，工序其实相当讲究哦？,translated,依恩,542a9b8259,br=0 nl=0,1,
inc/event/res/itemevent01/rt_cl01a.txt#7#12,"色んな色の布を繕って、一枚の布にして
あるんだからね。","把各种颜色的布料缝合起来，
拼成了一整块布呢。",translated,依恩,c8a45a9799,br=0 nl=1,2,
inc/event/res/itemevent01/rt_cl01a.txt#8#12,"それに、綺麗に縫ってあるからパッと
見じゃいくつも布を使って一枚にしてる
ようには見えないでしょ？","再加上缝制得非常平整，乍一看
根本看不出是用好几块布拼出来的吧？",translated,依恩,660f0556ad,br=0 nl=2,3,
inc/event/res/itemevent01/rt_cl01a.txt#9#12,"こういう作業は苦手だから苦労したけど、
それが理由でボロボロのを作って満足は
できないからね。","虽然我不擅长这种活费了很大劲，
但我可不甘心因为不拿手就做出残次品呢。",translated,依恩,27b3f1eccb,br=0 nl=2,3,
inc/event/res/itemevent01/rt_cl01a.txt#10#12,"まあ、色合いは酷いかもしれないけど、
ちゃんと一枚の布になってるんだから
問題なく使えるし、それでいいよね？","嘛，虽然配色可能惨不忍睹，
但既然好好拼成了一整块布，
就能正常使用，这样就行了对吧？",translated,依恩,6fc5afde30,br=0 nl=2,3,
inc/event/res/itemevent01/rt_cl01a.txt#11#12,というわけで、後片付けしちゃいまーす！,那么，我现在要开始收拾打扫咯！,translated,依恩,2aca06e3d0,br=0 nl=0,1,
inc/event/res/itemevent01/rt_cl01a.txt#13#14,"ラネイエクロスを
作ったよ♪","制作了
拉内耶布♪",translated,,07d3bed68c,br=0 nl=1,2,
inc/event/res/itemevent01/rt_cl01a.txt#15#14,"ラネイエクロスが
完成したよ♪","拉内耶布
制作完成啦♪",translated,,226f86001e,br=0 nl=1,2,
inc/event/res/itemevent01/rt_cl01a.txt#17#14,"ラネイエクロスの
作成完了。
次は何を作ろうかな♪","拉内耶布制作完毕。
接下来要做什么好呢♪",translated,,34b42b4ccb,br=0 nl=2,3,
inc/event/res/itemevent01/rt_cl01a.txt#19#14,"ラネイエクロスが
できたよ♪","拉内耶布
做好了♪",translated,,051ca6051c,br=0 nl=1,2,
inc/event/res/itemevent01/rt_cl01e.txt#3#12,……また作っちゃった。,……我又做了一张。,translated,依恩,b68ba930c8,br=0 nl=0,1,
inc/event/res/itemevent01/rt_cl01e.txt#4#12,はい、ラネイエクロスだよ。,给，这是拉内耶布哦。,translated,依恩,96e028d0c6,br=0 nl=0,1,
inc/event/res/itemevent01/rt_cl01e.txt#5#12,"作っておいて言うのはおかしいけど、
どうしてこんな色んな布を使って一枚の
布を作る必要があるんだろうね？","虽然由做出来的我说有点怪，
但为什么非要用这么多碎布
来拼成一整块布不可呢？",translated,依恩,b40f69e591,br=0 nl=2,3,
inc/event/res/itemevent01/rt_cl01e.txt#6#12,"……あ、でもパッチワークみたいなものだと
思えば、こういうのもありなのかな？","……啊，不过要是当作百家布拼布来看，
这种形式或许也挺合理的？",translated,依恩,93a047fa9b,br=0 nl=1,2,
inc/event/res/itemevent01/rt_cl01e.txt#7#12,"それに出来に関してはもう完璧で、どこから
どう見ても完璧な一枚の布になってるしね。","而且成品的做工已经无可挑剔，
横看竖看都是一块完美的整布呢。",translated,依恩,cb5685f837,br=0 nl=1,2,
inc/event/res/itemevent01/rt_cl01e.txt#8#12,"丁寧に縫い合わせてあるから、パッと見だと
色んな布を使って一枚にしているようには
見えないもん。","因为缝合得非常细致，乍一看
完全看不出是用好几块碎布拼成的嘛。",translated,依恩,44c0f3523c,br=0 nl=2,3,
inc/event/res/itemevent01/rt_cl01e.txt#9#12,"この時点で、パッチワークよりも
上じゃない？　色合いとかはイマイチだけど、
技術に関してはもう超一流だよ！","光凭这点，就已经胜过普通拼布了吧？
虽然配色还是差强人意，
但在工艺技术上已经是超一流水平了！",translated,依恩,e0b8f39267,br=0 nl=2,3,
inc/event/res/itemevent01/rt_cl01e.txt#10#12,"デザインじゃなくて技術で勝負してるから、
見た目なんか気にならないでしょ？","我可是靠技术而不是靠外观设计取胜的，
卖相差点应该也不用太在意吧？",translated,依恩,9c6a53bbcb,br=0 nl=1,2,
inc/event/res/itemevent01/rt_cl01e.txt#11#12,"っと、色々とツッコミが来る前に、
お片付け始めちゃおーっと、えへへ。","好啦，趁你开始疯狂吐槽之前，
我先赶紧打扫收拾咯，诶嘿嘿。",translated,依恩,67e2015f4b,br=0 nl=1,2,
inc/event/res/itemevent01/rt_cl01e.txt#13#14,"ラネイエクロスを
また作ったよ♪","又制作了
拉内耶布♪",translated,,76da24b562,br=0 nl=1,2,
inc/event/res/itemevent01/rt_cl01e.txt#15#14,"ラネイエクロスが
完成したよ♪","拉内耶布
制作完成啦♪",translated,,226f86001e,br=0 nl=1,2,
inc/event/res/itemevent01/rt_cl01e.txt#17#14,"ラネイエクロスの
作成完了。
次は何を作ろうかな♪","拉内耶布制作完毕。
接下来要做什么好呢♪",translated,,34b42b4ccb,br=0 nl=2,3,
inc/event/res/itemevent01/rt_cl01e.txt#19#14,"ラネイエクロスが
またできたよ♪
いい調子♪","拉内耶布
又做好了♪
状态不错♪",translated,,7bd84733bd,br=0 nl=2,3,
inc/event/res/itemevent01/rt_d01a.txt#3#12,今日の献立はチャー全だよ！,今天的饭菜是炒全哦！,translated,依恩,82a0004f13,br=0 nl=0,1,
inc/event/res/itemevent01/rt_d01a.txt#4#12,"チャー半じゃなくて、チャー全！
つまり普通のチャーハンの二倍も
量があるっていうことだよ。","不是炒半，而是炒全！
也就是说，分量可是普通炒饭的两倍哦。",translated,依恩,04c76cb7db,br=0 nl=2,3,
inc/event/res/itemevent01/rt_d01a.txt#5#12,まあ、ギャグだけどね！,嘛，虽然只是个谐音梗啦！,translated,依恩,781270814e,br=0 nl=0,1,
inc/event/res/itemevent01/rt_d01a.txt#6#12,"……笑っていいんだよ？
ほら、笑いなよ。","……你想笑就笑嘛？
来，笑一个呀。",translated,依恩,50455d1ca8,br=0 nl=1,2,
inc/event/res/itemevent01/rt_d01a.txt#7#12,"ちなみに、チャーゼンの主役は
お米じゃなくてお肉だからね。","顺便说一下，炒全的主角
可不是米饭而是肉哦。",translated,依恩,01332d2494,br=0 nl=1,2,
inc/event/res/itemevent01/rt_d01a.txt#8#12,"基本的には大量のお肉を焼いて、
そのトッピングにお米を入れてるの。","基本上就是煎了一大堆肉，
然后把米饭当做配料撒进去。",translated,依恩,f643821792,br=0 nl=1,2,
inc/event/res/itemevent01/rt_d01a.txt#9#12,"お肉好きの人にはたまらないでしょ？
それじゃ、早速味見してみるね。
あむっ……。","对于爱吃肉的人来说简直无可抗拒吧？
那么，我赶紧来尝尝味道。
大咬一口……",translated,依恩,9dd2ff8c04,br=0 nl=2,3,
inc/event/res/itemevent01/rt_d01a.txt#12#12,"……名前はチャーゼンだけど、
味は普通のチャーハンだね。","……虽然名字叫炒全，
味道其实就是普通的炒饭呢。",translated,依恩,352aee0421,br=0 nl=1,2,
inc/event/res/itemevent01/rt_d01a.txt#13#12,"量が多くてお肉が沢山入ってる
チャーハンの味だよ。","就是分量超大而且放了好多肉的
炒饭味道哦。",translated,依恩,5eab9c8549,br=0 nl=1,2,
inc/event/res/itemevent01/rt_d01a.txt#14#12,まあ、美味しいからいいんだけど……。,嘛，反正很好吃也就无所谓啦……,translated,依恩,12bbb42d29,br=0 nl=0,1,
inc/event/res/itemevent01/rt_d01a.txt#16#12,不満な点があるの？,有什么不满意的地方吗？,translated,,ac83a63b2f,br=0 nl=0,1,
inc/event/res/itemevent01/rt_d01a.txt#17#12,"でも、わたしが想像した味とは
結構違っちゃってたなぁ……。","不过，和我预想的味道
差别还挺大的呢……",translated,依恩,ddedf8c228,br=0 nl=1,2,
inc/event/res/itemevent01/rt_d01a.txt#18#12,"もっとこう、感動まではいかなくても
驚ける味になってると思ったのに……。","我还以为就算称不上感动，
起码也是能让人眼前一亮的味道呢……",translated,依恩,4aa16fffbb,br=0 nl=1,2,
inc/event/res/itemevent01/rt_d01a.txt#22#12,"まあでも、沢山お肉が食べれるんだから、
お肉好きのわたしにはとりあえず満足
できるチャーハンにはなってるよ。","不过嘛，既然能吃到这么多肉，
对于爱肉如命的我来说，
也算是相当心满意足的炒饭了哦。",translated,依恩,8c669748b9,br=0 nl=2,3,
inc/event/res/itemevent01/rt_d01a.txt#26#12,"うん、量が倍になったんだから、
味も倍美味しくなると思ってたの。","嗯，因为分量翻了一倍，
我本来以为美味程度也会翻倍呢。",translated,依恩,640bdf995d,br=0 nl=1,2,
inc/event/res/itemevent01/rt_d01a.txt#27#12,"けど、口に入れてみたら
普通のチャーハンなんだもん。","结果吃进嘴里，
就只是普通的炒饭嘛。",translated,依恩,46c9747983,br=0 nl=1,2,
inc/event/res/itemevent01/rt_d01a.txt#28#12,"お肉が多いからその点は普通の
チャーハンよりいいと思うけどね。","不过肉放得多，在这点上
我觉得比普通炒饭要棒呢。",translated,依恩,103f0adb9e,br=0 nl=1,2,
inc/event/res/itemevent01/rt_d01a.txt#29#12,"まあ、名前を聞いて期待し過ぎた
わたしもいけないんだけどね。","嘛，听到名字就擅自抱有太高期待的我
也有不对的地方就是了。",translated,依恩,9ceed41bd1,br=0 nl=1,2,
inc/event/res/itemevent01/rt_d01a.txt#30#12,"とりあえず美味しいチャーハンに
なったんだから、それでよしとするよ。","总之既然做成了好吃的炒饭，
这样也就可以啦。",translated,依恩,9e65b8a5a0,br=0 nl=1,2,
inc/event/res/itemevent01/rt_d01c.txt#3#12,今回のメニューはチャーゼンだよ！,这次的菜单是炒全哦！,translated,依恩,3d4065c5dc,br=0 nl=0,1,
inc/event/res/itemevent01/rt_d01c.txt#4#12,"量が二倍のチャーハンって、
作るのが凄く大変だったよ。","两倍分量的炒饭，
做起来真的超级费劲哦。",translated,依恩,3f6218902a,br=0 nl=1,2,
inc/event/res/itemevent01/rt_d01c.txt#5#12,"材料が多いから、重くてフライパンを中々
振るえなくて、最後の方なんか疲れで
腕の方が震えちゃってたもん。","因为食材太多太沉，锅子都颠不动，
炒到最后我的手臂
都因为太累而在发抖了呢。",translated,依恩,96e85f80c7,br=0 nl=2,3,
inc/event/res/itemevent01/rt_d01c.txt#6#12,"でも、お肉がタップリ入ってるから、
頑張って最後まで作っちゃったよ。
お肉大好きだからね、わたし！","不过因为放了满满的肉，
我还是咬牙坚持做完了。
毕竟我最喜欢吃肉了嘛！",translated,依恩,56f3125fa0,br=0 nl=2,3,
inc/event/res/itemevent01/rt_d01c.txt#7#12,"それじゃ、早速味見してみるね。
いただきまーす！","那么，我这就来尝尝看。
我开动啦！",translated,依恩,2fed3a2dd7,br=0 nl=1,2,
inc/event/res/itemevent01/rt_d01c.txt#9#12,"あむっ……んんっ！？
お、お肉が柔らかくて、超ジューシィ！","大咬一口……嗯嗯！？
肉、肉质好软嫩，多汁到不行！",translated,依恩,9509d0851c,br=0 nl=1,2,
inc/event/res/itemevent01/rt_d01c.txt#10#12,"すっごく大きいお肉が入ってるんだけど、
噛んだ瞬間にホロホロ崩れて、肉汁が
ジュワーッて口に広がるの！","里面放了超大块的肉，
咬下去的一瞬间肉质就化开了，
肉汁在嘴里滋滋地弥漫开来！",translated,依恩,eb21cb8c42,br=0 nl=2,3,
inc/event/res/itemevent01/rt_d01c.txt#12#12,米は？,米饭呢？,translated,,e9394489fb,br=0 nl=0,1,
inc/event/res/itemevent01/rt_d01c.txt#13#12,"やっぱりお肉は柔らかくて肉汁が
タップリ出てくるのが一番だよね！",果然肉就是要软嫩又多汁才最棒呢！,translated,依恩,9e68e22974,br=0 nl=1,2,
inc/event/res/itemevent01/rt_d01c.txt#14#12,"冗談抜きで、ビーフステーキよりも
美味しいかもしれないよ。","不开玩笑地说，
说不定比牛排还要更加美味哦。",translated,依恩,ade2d7a895,br=0 nl=1,2,
inc/event/res/itemevent01/rt_d01c.txt#18#12,"そんな美味しいお肉を沢山食べられる
なんて、もう最高だよ！
チャーゼン大好き！","能大口吃这么多美味的肉，
简直太幸福啦！
我最喜欢炒全了！",translated,依恩,9ecf92f2ce,br=0 nl=2,3,
inc/event/res/itemevent01/rt_d01c.txt#22#12,"米？
ああ、入ってるよね。","米饭？
啊，是有放米饭啦。",translated,依恩,a565b04e9d,br=0 nl=1,2,
inc/event/res/itemevent01/rt_d01c.txt#23#12,"でもチャーゼンはお肉が主役で、
お米の方は脇役だから、
別に気にする必要ないと思うよ？","不过炒全的主角是肉，
米饭只是配角而已，
我觉得完全不需要在意嘛？",translated,依恩,3171b4d29d,br=0 nl=2,3,
inc/event/res/itemevent01/rt_d01c.txt#24#12,"まあ、一応パラパラしてはいるね。
そんなことよりお肉が美味しすぎて、
すぐに食べきっちゃいそうだよ。","嘛，大体上也炒得粒粒分明啦。
比起那个，肉实在太好吃了，
感觉我马上就能一扫而光哦。",translated,依恩,ee23d1e99f,br=0 nl=2,3,
inc/event/res/itemevent01/rt_d02a.txt#3#12,"じゃじゃーん、今回のメニューは
たこやきいかだよ！","锵锵――这次的菜单是
章鱼烧鱿鱼哦！",translated,依恩,d49d33579a,br=0 nl=1,2,
inc/event/res/itemevent01/rt_d02a.txt#4#12,見た目はいかめしっぽいでしょ？,外观看起来很像鱿鱼饭对吧？,translated,依恩,c88b5c103c,br=0 nl=0,1,
inc/event/res/itemevent01/rt_d02a.txt#5#12,でもこれ、中身がたこやきになってるの。,但这道菜，里面塞的其实是章鱼烧哦。,translated,依恩,ef843c676e,br=0 nl=0,1,
inc/event/res/itemevent01/rt_d02a.txt#6#12,"イカ焼きとタコ焼きを両方楽しめる、
新しい食べ物だと思わない？","能同时享受到烤鱿鱼和章鱼烧，
不觉得是种前所未有的全新美食吗？",translated,依恩,38a6770247,br=0 nl=1,2,
inc/event/res/itemevent01/rt_d02a.txt#7#12,"それじゃ、早速味見してみるね。
ふー、ふー……あむっ！！","那么，我马上来尝尝看。
呼――呼――大咬一口！！",translated,依恩,7694e76eac,br=0 nl=1,2,
inc/event/res/itemevent01/rt_d02a.txt#9#12,"……あ、熱っ！！
な、中のたこ焼き、凄く熱いよぉ！","……好、烫死我了！！
里、里面的章鱼烧烫得要命啦！",translated,依恩,01bddeb9b1,br=0 nl=1,2,
inc/event/res/itemevent01/rt_d02a.txt#10#12,"で、でも、凄く美味しいよ。
イカ焼きとたこ焼きの組み合わせって、
意外と合うんだね。","但、但是真的超好吃哦。
烤鱿鱼和章鱼烧的组合，
意外地非常合拍呢。",translated,依恩,4455dc71be,br=0 nl=2,3,
inc/event/res/itemevent01/rt_d02a.txt#11#12,あっ、わかった！,啊，我知道了！,translated,依恩,21eb523879,br=0 nl=0,1,
inc/event/res/itemevent01/rt_d02a.txt#12#12,"これ、外のイカ焼きがちょっと冷たく
なってから食べるといいのかも。","这个啊，等外面的烤鱿鱼稍微变凉一点再吃
或许会刚刚好。",translated,依恩,49c4a28b32,br=0 nl=1,2,
inc/event/res/itemevent01/rt_d02a.txt#13#12,"外は冷たくても、中のたこ焼きは熱々で、
口に入れた時にちょうどいい温度になるの。","即使外面凉了，里面的章鱼烧依然滚烫，
送进嘴里时温度就会恰到好处哦。",translated,依恩,9d691f17b3,br=0 nl=1,2,
inc/event/res/itemevent01/rt_d02a.txt#14#12,"えへへ、まさかココまで美味しくなるとは
思ってもみなかったよ。",诶嘿嘿，真没想到居然能变得这么美味呢。,translated,依恩,4dd228473e,br=0 nl=1,2,
inc/event/res/itemevent01/rt_d02a.txt#15#12,"今回は文句なしの百点満点、
大成功だね！","这次毫无疑问是无可挑剔的一百分，
大获成功呢！",translated,依恩,8c8dad7480,br=0 nl=1,2,
inc/event/res/itemevent01/rt_d02c.txt#3#12,ん～、香ばしい匂い！,唔～好诱人的香气！,translated,依恩,48a031d9dd,br=0 nl=0,1,
inc/event/res/itemevent01/rt_d02c.txt#4#12,焼き立て熱々、たこやきいかだよ。,刚出炉滚烫的章鱼烧鱿鱼来咯。,translated,依恩,f5f3f09d49,br=0 nl=0,1,
inc/event/res/itemevent01/rt_d02c.txt#5#12,"えへへ、焼きたてのイカって、
凄くいい匂いだよね。","诶嘿嘿，刚烤好的鱿鱼，
香味真的太诱人了呢。",translated,依恩,6e7930153e,br=0 nl=1,2,
inc/event/res/itemevent01/rt_d02c.txt#6#12,"でも、一口食べたら今度はたこ焼きの
味が口いっぱいに広がるよ。","不过只要咬上一口，
章鱼烧的美味就会在嘴里蔓延开来哦。",translated,依恩,04868f31af,br=0 nl=1,2,
inc/event/res/itemevent01/rt_d02c.txt#7#12,"えへへ、楽しみだよ。
それじゃ早速、いただきまーす！","诶嘿嘿，好期待呀。
那么我就不客气地开动啦！",translated,依恩,0ca5082cc4,br=0 nl=1,2,
inc/event/res/itemevent01/rt_d02c.txt#9#12,はふっ、はふっ！！,哈呼、哈呼！！,translated,依恩,3bea8691b9,br=0 nl=0,1,
inc/event/res/itemevent01/rt_d02c.txt#10#12,ん～、熱いけど、やっぱり美味しいー！,唔～虽然烫，但果然超级美味――！,translated,依恩,952c788ad3,br=0 nl=0,1,
inc/event/res/itemevent01/rt_d02c.txt#11#12,"最初に弾力のあるイカが来て、
次にたこ焼きの柔らかさ。","先是嚼劲十足的鱿鱼，
紧接着是章鱼烧的软糯。",translated,依恩,d4cfd53a9e,br=0 nl=1,2,
inc/event/res/itemevent01/rt_d02c.txt#12#12,"そして最後に、タコのコリッとした
食感……美味しいだけじゃなくて、
凄く気持ちいいよ。","最后是章鱼粒弹牙爽脆的口感……
不仅好吃，咬下去的感觉还特别爽快呢。",translated,依恩,e5db91d55b,br=0 nl=2,3,
inc/event/res/itemevent01/rt_d02c.txt#14#12,火傷に注意,小心烫伤,translated,,c89341d717,br=0 nl=0,1,
inc/event/res/itemevent01/rt_d02c.txt#15#12,気持ちいい、って例えはわかり辛いかな？,用“爽快”来形容可能有点难理解吧？,translated,依恩,fd9aa8b492,br=0 nl=0,1,
inc/event/res/itemevent01/rt_d02c.txt#16#12,"こう、ちょっと歯ごたえのあるコリコリした
ものって、齧った時の感触が凄く好きなの。","就是那种稍微带点嚼劲、脆脆的东西，
我特别喜欢咬下去那一瞬间的触感呢。",translated,依恩,2df2267aae,br=0 nl=1,2,
inc/event/res/itemevent01/rt_d02c.txt#17#12,"たこ焼き、もう少し小さくして、
入れる数を増やしてみようかな？","下次要不要把章鱼烧做小一点，
多塞几个进去呢？",translated,依恩,4446f21dd0,br=0 nl=1,2,
inc/event/res/itemevent01/rt_d02c.txt#20#12,えへへ、また今度作ってみようかな。,诶嘿嘿，下次再做做看吧。,translated,依恩,84f89ae350,br=0 nl=0,1,
inc/event/res/itemevent01/rt_d02c.txt#24#12,うん、それがちょっと危ないの。,嗯，这确实有点危险呢。,translated,依恩,456bdf0615,br=0 nl=0,1,
inc/event/res/itemevent01/rt_d02c.txt#25#12,"イカに包まれてるから、たこ焼きが
中々冷めなくて……。","因为被鱿鱼紧紧裹在里面，
章鱼烧很难凉下来……",translated,依恩,c2da3faeff,br=0 nl=1,2,
inc/event/res/itemevent01/rt_d02c.txt#26#12,"でも、熱いのをはふはふしながら
食べるのも、ちょっと楽しいよね。","不过，一边呼哧呼哧吹着热气一边吃，
也挺有意思的对吧。",translated,依恩,298337f6f1,br=0 nl=1,2,
inc/event/res/itemevent01/rt_d02c.txt#27#12,"でも、火傷にだけは注意するよ。
気にしてくれてありがと。","不过我会特别小心别烫伤的。
谢谢你关心我哦。",translated,依恩,9175e6e720,br=0 nl=1,2,
inc/event/res/itemevent01/rt_d03a.txt#3#12,"今回作ったのは、女性用オムレツ、
オムレディだよ！","这次做的是女性专用欧姆蛋，
欧姆女士哦！",translated,依恩,c0da71201c,br=0 nl=1,2,
inc/event/res/itemevent01/rt_d03a.txt#4#12,"どう？
普通のオムレツと比べて気品高いような、
エレガントな感じがするでしょ？","怎么样？
相比普通的欧姆蛋，
是不是有种格外高贵优雅的感觉？",translated,依恩,c99d7616e9,br=0 nl=2,3,
inc/event/res/itemevent01/rt_d03a.txt#5#12,"見た目からはわからなくても、
この全体から漂うオーラで……。","就算外观上看不出来，
光凭它整体散发出的气场……",translated,依恩,40207968ca,br=0 nl=1,2,
inc/event/res/itemevent01/rt_d03a.txt#6#12,"わわっ、お肉の匂いが漂ってる！
やっぱりお肉入れ過ぎたかなぁ……。","哇哇，飘出来的全都是肉香！
果然还是肉放得太多了吗……",translated,依恩,f4a2f1f52a,br=0 nl=1,2,
inc/event/res/itemevent01/rt_d03a.txt#7#12,"まあ、たっぷりの方がいいよね？
それじゃ、味見しまーす！","嘛，肉多点总归更好嘛？
那么，我要开始尝味咯！",translated,依恩,8495c3d158,br=0 nl=1,2,
inc/event/res/itemevent01/rt_d03a.txt#8#12,あむっ……。,大咬一口……,translated,依恩,4cd1fad177,br=0 nl=0,1,
inc/event/res/itemevent01/rt_d03a.txt#10#12,"うわぁ、なんていうか、
凄く高級な味がするよ！","哇啊，怎么说呢，
有一股非常高级的味道哦！",translated,依恩,d0862696d5,br=0 nl=1,2,
inc/event/res/itemevent01/rt_d03a.txt#11#12,"お肉も柔らかいけど、
多分タマゴがフワフワだからかな？","肉质虽然软嫩，
不过大概也多亏了鸡蛋特别蓬松吧？",translated,依恩,009080d1af,br=0 nl=1,2,
inc/event/res/itemevent01/rt_d03a.txt#12#12,"ほら、高級なお店で出されるオムレツって
フワフワでトロッとしてるでしょ？
まさにあれだよ！","你看，高级餐厅里端出来的欧姆蛋
不都是又松软又滑嫩的吗？
简直跟那个一模一样！",translated,依恩,046630bf09,br=0 nl=2,3,
inc/event/res/itemevent01/rt_d03a.txt#13#12,"女性用って言ったけど、お肉が沢山入ってる
から意外と重く感じるかもって心配してたん
だけど、これならすいすい食べれるね！","虽然说是女性向，之前还担心肉太多
吃起来会太油腻，
但这样的话完全可以一口接一口吃下去呢！",translated,依恩,460809fc52,br=0 nl=2,3,
inc/event/res/itemevent01/rt_d03a.txt#14#12,"……ああ、つまりこれって、女性用のお肉
たっぷりメニュー、ってこと？","……啊，也就是说，这道菜其实是
专为女生打造的多肉菜单？",translated,依恩,9e166f2fad,br=0 nl=1,2,
inc/event/res/itemevent01/rt_d03a.txt#15#12,"お肉好きだけどすぐに満腹になっちゃう
女の子には最適だね。","对于虽然爱吃肉但很容易饱的女孩子来说，
简直再合适不过了呢。",translated,依恩,fcb6a738b6,br=0 nl=1,2,
inc/event/res/itemevent01/rt_d03e.txt#3#12,またオムレディを作ってみたんだよ。,我又做了一次欧姆女士哦。,translated,依恩,3d304e7e36,br=0 nl=0,1,
inc/event/res/itemevent01/rt_d03e.txt#4#12,"どうかなどうかな、前に作ったのより
エレガントな感じがしない？","怎么样怎么样，不觉得比上次做的
更加优雅了吗？",translated,依恩,c1bee48388,br=0 nl=1,2,
inc/event/res/itemevent01/rt_d03e.txt#5#12,"……あ、匂いは相変わらずお肉だね。
まあ、沢山入ってるから仕方がないけど。","……啊，闻起来依然还是肉香呢。
嘛，毕竟放了那么多肉也没办法啦。",translated,依恩,0e31350de3,br=0 nl=1,2,
inc/event/res/itemevent01/rt_d03e.txt#6#12,"それじゃ、味見いってみよー！
んぐっ……。","那么，我这就尝尝看咯――！
嚼嚼……",translated,依恩,074298b08d,br=0 nl=1,2,
inc/event/res/itemevent01/rt_d03e.txt#8#12,ん～……一流レストランで出される味！,唔～……简直是一流餐厅的水准！,translated,依恩,f65d6401bc,br=0 nl=0,1,
inc/event/res/itemevent01/rt_d03e.txt#9#12,"タップりお肉が入ってるのに、ちゃんと味の
主役がタマゴになってるのが素晴らしいよ！","明明放了那么多的肉，
味道的主角却依然是鸡蛋，太绝妙了！",translated,依恩,e275f8327c,br=0 nl=1,2,
inc/event/res/itemevent01/rt_d03e.txt#10#12,"こんな凄いの、普通は素人じゃ作れないね。
レンジでチンする簡単お料理グッズでも使わ
ない限り絶対に無理だよ！","这么厉害的料理，普通外行人绝对做不出。
除非是用微波炉叮一下的那种快手厨具，
否则绝不可能做出来的！",translated,依恩,4c06e70729,br=0 nl=2,3,
inc/event/res/itemevent01/rt_d03e.txt#11#12,"まあ、わたしは自分で作れちゃうけどね、
えっへん！","嘛，不过我一个人就能做出来就是了，
哼哼！",translated,依恩,c60bfded85,br=0 nl=1,2,
inc/event/res/itemevent01/rt_d03e.txt#12#12,"……でも、美味し過ぎて知らず知らずの
うちに沢山お肉を食べて太らないように
気をつけなくちゃ。","……不过，可不能因为太好吃
就不知不觉吃太多肉变胖呢，
必须克制才行。",translated,依恩,03028141c7,br=0 nl=2,3,
inc/event/res/itemevent01/rt_d06a.txt#3#12,今回の献立はおもちもちグラタンだよ♪,今天的菜单是软糯年糕芝士烤菜哦♪,translated,依恩,d1ee0d77b1,br=0 nl=0,1,
inc/event/res/itemevent01/rt_d06a.txt#4#12,"その名の通り、グラタンにチーズと一緒に
お餅を入れて焼いたの。","正如其名，是在芝士烤菜里
加入年糕和奶酪一起烤制出来的。",translated,依恩,42e3f42bcf,br=0 nl=1,2,
inc/event/res/itemevent01/rt_d06a.txt#5#12,"チーズだけの時よりも、もちもちして、
よく伸びるはずだよ。",应该会比只有奶酪时更加软糯拉丝呢。,translated,依恩,44708b6c78,br=0 nl=1,2,
inc/event/res/itemevent01/rt_d06a.txt#6#12,"それにお餅を使ってるから、
お腹にも溜まるしね。","而且因为用了年糕，
也特别管饱顶饿哦。",translated,依恩,37dd89ea7c,br=0 nl=1,2,
inc/event/res/itemevent01/rt_d06a.txt#7#12,"っと、急いで味見しないと。
焼きたてが一番美味しいもんね。","好啦，得抓紧尝尝看。
刚烤出来的才是最美味的嘛。",translated,依恩,2e95ae4dea,br=0 nl=1,2,
inc/event/res/itemevent01/rt_d06a.txt#8#12,"それじゃ、いただきまーす！
ふーっ、ふーっ、はむっ！！","那么，我开动啦！
呼――呼――大咬一口！！",translated,依恩,cfc9eddc48,br=0 nl=1,2,
inc/event/res/itemevent01/rt_d06a.txt#10#12,"んっ！？
お餅が入ってるから、
普通のグラタンよりも香ばしい。","嗯！？
因为加入了年糕，
比普通的芝士烤菜更加焦香呢。",translated,依恩,e851b62906,br=0 nl=2,3,
inc/event/res/itemevent01/rt_d06a.txt#11#12,食感も思った通り、凄くもちもちしてるよ。,口感也正如预想的那样超级软糯哦。,translated,依恩,7e59b3f5da,br=0 nl=0,1,
inc/event/res/itemevent01/rt_d06a.txt#12#12,"チーズとお餅の混ざりぐらいが
丁度いいからなのかな？",是因为奶酪和年糕融合得恰到好处吗？,translated,依恩,186e25fa77,br=0 nl=1,2,
inc/event/res/itemevent01/rt_d06a.txt#13#12,"まるで、チーズ味のお餅を食べてるような
気分になるよ。",感觉就像在吃奶酪味的年糕一样呢。,translated,依恩,dd9a3d8200,br=0 nl=1,2,
inc/event/res/itemevent01/rt_d06a.txt#15#12,すぐ固くなりそう,感觉很快就会变硬呢,translated,,2f938ea09d,br=0 nl=0,1,
inc/event/res/itemevent01/rt_d06a.txt#16#12,"う～ん、まさかお餅を少し入れただけで、
こんなに香ばしい味に変わるなんて、
思いもしなかったよ。","唔～没想到只是加了一点年糕，
居然能变得这么焦香诱人，
之前完全没料到呢。",translated,依恩,3dda0d9999,br=0 nl=2,3,
inc/event/res/itemevent01/rt_d06a.txt#17#12,"ちょっと焦げてるところなんか、
まるでおこげみたい。","稍微烤焦的地方，
简直就像锅巴一样香脆。",translated,依恩,c401b73e76,br=0 nl=1,2,
inc/event/res/itemevent01/rt_d06a.txt#18#12,"っと、表面だけ食べないように
気をつけないとね。",好啦，可得注意不能光吃表面呢。,translated,依恩,6980666442,br=0 nl=1,2,
inc/event/res/itemevent01/rt_d06a.txt#21#12,"えへへ、この味なら胸を張って、
大成功、って言えるよ。","诶嘿嘿，就凭这味道，
我完全能昂首挺胸宣布大获成功哦！",translated,依恩,249e462fb8,br=0 nl=1,2,
inc/event/res/itemevent01/rt_d06a.txt#25#12,"確かにお餅だから、チーズだけの時と
比べると、すぐに固くなっちゃうね。","确实因为是年糕，比起光放奶酪，
很快就会变硬呢。",translated,依恩,7163aa6b0e,br=0 nl=1,2,
inc/event/res/itemevent01/rt_d06a.txt#26#12,"でも、グラタンって熱々の食べ物だから、
普通に食べてる間は平気だよ。","不过芝士烤菜是趁热吃的美食，
正常吃的时候是不会有问题的啦。",translated,依恩,826abf662e,br=0 nl=1,2,
inc/event/res/itemevent01/rt_d06a.txt#27#12,"それに、慌てて食べるのはちょっと
危ないと思うし。","而且，狼吞虎咽吃得太急
也挺危险的对吧。",translated,依恩,c8c9b7e3fe,br=0 nl=1,2,
inc/event/res/itemevent01/rt_d06a.txt#28#12,お餅が喉に詰まったら、大変でしょ？,年糕要是噎在喉咙里，可就危险了对吧？,translated,依恩,c1a08b7c10,br=0 nl=0,1,
inc/event/res/itemevent01/rt_d06a.txt#29#12,"まあ、固くなった時は、
少し温めれば柔らかくなるよ。","嘛，要是真的变硬了，
稍微热一下就会重新变软啦。",translated,依恩,4c9fccc49e,br=0 nl=1,2,
inc/event/res/itemevent01/rt_d06c.txt#3#12,ん～っ、やっぱりいい匂い！,唔～果然香气扑鼻！,translated,依恩,4236411ef3,br=0 nl=0,1,
inc/event/res/itemevent01/rt_d06c.txt#4#12,おもちもちグラタンをまた作ってみたよ。,我又做了一次软糯年糕芝士烤菜哦。,translated,依恩,73640cb2f4,br=0 nl=0,1,
inc/event/res/itemevent01/rt_d06c.txt#5#12,"チーズしか入ってないグラタンじゃ、
こんなふうにプクーッ、て膨れないよね。","只放奶酪的芝士烤菜，
可不会像这样噗嘟噗嘟鼓起来呢。",translated,依恩,f8c18f06f5,br=0 nl=1,2,
inc/event/res/itemevent01/rt_d06c.txt#6#12,"子供のおやつに出してあげたら、
凄く喜ばれると思うよ。","要是拿来给小孩子当点心，
他们肯定会超级高兴的。",translated,依恩,2d2dd68f25,br=0 nl=1,2,
inc/event/res/itemevent01/rt_d06c.txt#7#12,"さてと、それじゃ熱々のうちに……
ふーっ、ふーっ……は、あむっ！","好啦，趁着滚烫……
呼――呼――大、大咬一口！",translated,依恩,240fd19d6d,br=0 nl=1,2,
inc/event/res/itemevent01/rt_d06c.txt#9#12,"はふはふっ！！
お、美味しぃ！！","哈呼哈呼！！
好、好好吃！！",translated,依恩,95964a0795,br=0 nl=1,2,
inc/event/res/itemevent01/rt_d06c.txt#10#12,"お餅とチーズの混ざった表面もいいけど、
その下のグラタンソースも、凄く濃厚なの。","年糕与奶酪融合的表面很棒，
下面的烤菜酱汁也超级浓郁。",translated,依恩,45475e2194,br=0 nl=1,2,
inc/event/res/itemevent01/rt_d06c.txt#11#12,"香ばしい表面と、甘くて濃厚な内側。
どっちも美味し過ぎて、最高だよ！","焦香酥脆的表皮，甜美浓郁的内层。
两边都美味绝顶，太棒啦！",translated,依恩,8e71c2b419,br=0 nl=1,2,
inc/event/res/itemevent01/rt_d06c.txt#12#12,"えへへ、今度はもう少し多めに作ろうかな？
味見の時に、もう少し食べられるようにね。","诶嘿嘿，下次要不要做得更多一点呢？
好让我在试味的时候能多吃几口嘛。",translated,依恩,ea8f82632c,br=0 nl=1,2,
inc/event/res/itemevent01/rt_d08a.txt#3#12,"じゃじゃーん！
今回はクールポットを作ってみたんだ。","锵锵――！
这次我试着做了清凉冷锅哦。",translated,依恩,c9f00f3169,br=0 nl=1,2,
inc/event/res/itemevent01/rt_d08a.txt#4#12,その名の通り、冷たい鍋料理だよ。,正如其名，是一道冰凉的火锅料理。,translated,依恩,392d3dca9a,br=0 nl=0,1,
inc/event/res/itemevent01/rt_d08a.txt#5#12,"冷え冷えの鍋の中に、冷やし中華を
入れた料理なの。",是把中华凉面盛进冰得透心凉的锅里的料理。,translated,依恩,988735c0d6,br=0 nl=1,2,
inc/event/res/itemevent01/rt_d08a.txt#6#12,"温かい鍋料理があるんだから、
その逆、冷たい鍋料理があっても
おかしくないでしょ？","既然有热气腾腾的火锅，
那么反过来有冰凉的冷锅
也不奇怪对吧？",translated,依恩,3271e21db4,br=0 nl=2,3,
inc/event/res/itemevent01/rt_d08a.txt#7#12,"そう思って作ってみたの。
どうかな、美味しそうに見えない？","我这么想着就试着做了一下。
怎么样，看起来是不是很好吃？",translated,依恩,6abd415337,br=0 nl=1,2,
inc/event/res/itemevent01/rt_d08a.txt#8#12,"それじゃ、早速味見をしてみるね。
いただきまーす。","那么，我这就来尝尝看。
我开动啦。",translated,依恩,1d3b514247,br=0 nl=1,2,
inc/event/res/itemevent01/rt_d08a.txt#10#12,ちゅるっ……んっ？,吸溜……嗯？,translated,依恩,b0d74317c6,br=0 nl=0,1,
inc/event/res/itemevent01/rt_d08a.txt#11#12,凄く冷えてて、凄く美味しいと思うよ。,冰得透心凉，我觉得非常美味哦。,translated,依恩,1ba87b7512,br=0 nl=0,1,
inc/event/res/itemevent01/rt_d08a.txt#12#12,でもこれ……えっと、言っていいのかな？,不过这个……呃，可以说吗？,translated,依恩,0d95764a9a,br=0 nl=0,1,
inc/event/res/itemevent01/rt_d08a.txt#13#12,"これ、氷みたいに冷えてるだけの、
冷やし中華だよ。","这根本就只是冰得像冰块一样的
中华凉面嘛。",translated,依恩,4641e32225,br=0 nl=1,2,
inc/event/res/itemevent01/rt_d08a.txt#14#12,"まあ、確かに冷やし中華を鍋に入れて
冷やせば、鍋っぽくなるかなぁ、とは
思ったけど……。","嘛，虽然我当时确实觉得把凉面放进锅里冰镇
就会有火锅的感觉……",translated,依恩,81db269cd2,br=0 nl=2,3,
inc/event/res/itemevent01/rt_d08a.txt#15#12,"でも、鍋で食べると新鮮な感じがして、
食べてて楽しいよ。","不过用锅盛着吃感觉很新鲜，
吃起来很有趣哦。",translated,依恩,92927c0d38,br=0 nl=1,2,
inc/event/res/itemevent01/rt_d08a.txt#16#12,"それにちゃんと美味しくなってるから、
成功だよね？","而且味道也确实很好吃，
算得上成功对吧？",translated,依恩,4ad60325f2,br=0 nl=1,2,
inc/event/res/itemevent01/rt_d08c.txt#3#12,うん、ちゃんと冷えてる！,嗯，冰镇得很到位！,translated,依恩,4a90e08830,br=0 nl=0,1,
inc/event/res/itemevent01/rt_d08c.txt#4#12,今回の献立はクールポットだよー。,这次的菜单是清凉冷锅哦――,translated,依恩,0ac239511c,br=0 nl=0,1,
inc/event/res/itemevent01/rt_d08c.txt#5#12,"う～、ちょっと冷たくし過ぎたかも。
鍋を触ってるだけで手が痛くなってくるよ。","唔～感觉稍微冰过头了。
光是摸到锅子手都冻得发疼呢。",translated,依恩,353baf82b4,br=0 nl=1,2,
inc/event/res/itemevent01/rt_d08c.txt#6#12,"でも、これだけ冷えてれば冷たさに
関しては大成功みたい。","不过能冻成这样，
在冰凉程度上算是大获成功了呢。",translated,依恩,98e0971f55,br=0 nl=1,2,
inc/event/res/itemevent01/rt_d08c.txt#7#12,"それじゃ、肝心の味を確かめてみるね。
あ～ん……。","那么，我来确认一下关键的味道。
啊――嗯……",translated,依恩,93c1064c3a,br=0 nl=1,2,
inc/event/res/itemevent01/rt_d08c.txt#9#12,ちゅるっ……んっ！？,吸溜……嗯！？,translated,依恩,9bf9477fc1,br=0 nl=0,1,
inc/event/res/itemevent01/rt_d08c.txt#10#12,つ、冷たっ！？,好、好冰！？,translated,依恩,12edce4033,br=0 nl=0,1,
inc/event/res/itemevent01/rt_d08c.txt#11#12,"な、何か凄いことになってるよ！
麺が、氷みたいに冷たくなってる！","这、这也太夸张了吧！
面条居然冰得跟冰块一样！",translated,依恩,a5d241d702,br=0 nl=1,2,
inc/event/res/itemevent01/rt_d08c.txt#12#12,"でもこれ、美味しいよ！
うわぁ、一口食べる毎に体が震えるけど、
美味しくてやめられないよ！","但是这个，真的好好吃！
哇啊，虽然每吃一口都冻得浑身发抖，
但因为太美味了完全停不下来啊！",translated,依恩,fb3ee1b956,br=0 nl=2,3,
inc/event/res/itemevent01/rt_d08c.txt#14#12,お腹壊しそう,感觉会吃坏肚子呢,translated,,54cff33e90,br=0 nl=0,1,
inc/event/res/itemevent01/rt_d08c.txt#15#12,"こ、これは毛布を被った状態で
食べた方がいいかも。",这、这个最好还是裹着毛毯吃比较好呢。,translated,依恩,8f6b6ac7d0,br=0 nl=1,2,
inc/event/res/itemevent01/rt_d08c.txt#16#12,"冷たさに手が震えて、
箸を上手く持てないもん。","手冻得直打颤，
连筷子都快拿不稳了嘛。",translated,依恩,1f30280311,br=0 nl=1,2,
inc/event/res/itemevent01/rt_d08c.txt#19#12,"でも、ちゃんと美味しくできてよかった。
今回は完璧だね！","不过能做得这么美味真是太好了。
这次堪称完美呢！",translated,依恩,8e27368d25,br=0 nl=1,2,
inc/event/res/itemevent01/rt_d08c.txt#23#12,あはは、確かにそれはあるかも……。,啊哈哈，确实可能会那样呢……,translated,依恩,95668bcf04,br=0 nl=0,1,
inc/event/res/itemevent01/rt_d08c.txt#24#12,"これを食べる時は、熱いお茶も
用意した方がいいね。","吃这个的时候，
最好准备一杯热茶呢。",translated,依恩,447d607625,br=0 nl=1,2,
inc/event/res/itemevent01/rt_d08c.txt#25#12,"じゃないと、食べ終わった頃には
全身冷え切っちゃうもん。","不然的话，吃完的时候
整个人都要彻底冻僵了嘛。",translated,依恩,742ac9e9b6,br=0 nl=1,2,
inc/event/res/itemevent01/rt_d08c.txt#26#12,"う～、少し食べただけなのに、
本格的に寒くなってきちゃった。","唔～明明只吃了一点点，
却真的开始觉得冷起来了。",translated,依恩,011c0e6ab9,br=0 nl=1,2,
inc/event/res/itemevent01/rt_d08c.txt#27#12,でも、これなら文句なしに大成功だね。,不过，这样毫无疑问是大成功呢。,translated,依恩,b09155fb0c,br=0 nl=0,1,
inc/event/res/itemevent01/rt_d09a.txt#3#12,"えへへ、今回作ったのはね……
好きです♪やきにく！","诶嘿嘿，这次我做的是……
喜欢你♪烤肉！",translated,依恩,7b6091e227,br=0 nl=1,2,
inc/event/res/itemevent01/rt_d09a.txt#4#12,あ、今すき焼きって思ったでしょ？,啊，你刚才肯定以为是寿喜烧对吧？,translated,依恩,c05639051a,br=0 nl=0,1,
inc/event/res/itemevent01/rt_d09a.txt#5#12,"違うよ、これは好きです♪やきにくっていう
名前なの。",不对哦，它的名字就叫做“喜欢你♪烤肉”。,translated,依恩,614420f89e,br=0 nl=1,2,
inc/event/res/itemevent01/rt_d09a.txt#6#12,すき焼きの正式名称がこれなんだよ。,这才是寿喜烧的正式名称哦。,translated,依恩,6b3334b7b5,br=0 nl=0,1,
inc/event/res/itemevent01/rt_d09a.txt#7#12,"だって、すき焼きっていうのに
実際は焼かないでしょ？","毕竟，明明叫寿喜烧，
实际上根本没有在“烤”对吧？",translated,依恩,68a6eb2e06,br=0 nl=1,2,
inc/event/res/itemevent01/rt_d09a.txt#8#12,"あれ？
だとするとやきにくって付く時点で
何かおかしいような……。","咦？
这么说的话，带上“烤肉”两个字
本身好像也很奇怪……",translated,依恩,bbf49778f1,br=0 nl=2,3,
inc/event/res/itemevent01/rt_d09a.txt#9#12,"……深く考えると、深みにはまりそうだね。
とにかく、味見してみるよ。","……想得太深容易钻牛角尖呢。
总之，我先来尝尝看吧。",translated,依恩,981deaf765,br=0 nl=1,2,
inc/event/res/itemevent01/rt_d09a.txt#10#12,"それでは、いただきまーす！
あむっ！","那么，我开动啦！
大咬一口！",translated,依恩,8f3fc23893,br=0 nl=1,2,
inc/event/res/itemevent01/rt_d09a.txt#12#12,"……ん～っ！
お、美味しいー！","……唔～！
好、超级好吃――！",translated,依恩,45126ed568,br=0 nl=1,2,
inc/event/res/itemevent01/rt_d09a.txt#13#12,"タレの味がしっかりと染み込んでて、
凄く美味しくなってるよ。","酱汁的味道完全渗透进去了，
变得超级美味哦。",translated,依恩,ce440c0856,br=0 nl=1,2,
inc/event/res/itemevent01/rt_d09a.txt#14#12,"すき焼きのタレって、味の調整が
凄く難しいの。","寿喜烧酱汁的味道调整起来
真的超级难呢。",translated,依恩,841fedc526,br=0 nl=1,2,
inc/event/res/itemevent01/rt_d09a.txt#15#12,"ちょっと油断すると入れ過ぎちゃって、
お肉の味が消えちゃうし。","稍不留神就会放得太多，
把肉本身的鲜味完全盖掉了。",translated,依恩,6f4f12f59d,br=0 nl=1,2,
inc/event/res/itemevent01/rt_d09a.txt#17#12,それも美味しい,那样也挺好吃的,translated,,f90f3f5030,br=0 nl=0,1,
inc/event/res/itemevent01/rt_d09a.txt#18#12,"タレの味が濃過ぎると、お肉もお野菜も、
全部同じ味になっちゃうでしょ？","酱汁味道要是太浓，肉也好蔬菜也好，
不就全变成同一种味道了吗？",translated,依恩,91fb7e344d,br=0 nl=1,2,
inc/event/res/itemevent01/rt_d09a.txt#19#12,"さすがに、それだと食べてても
感動できないもん。","不管怎么说，那样吃起来
可就体会不到惊艳的感觉嘛。",translated,依恩,d2668737c0,br=0 nl=1,2,
inc/event/res/itemevent01/rt_d09a.txt#22#12,"でも、今回は文句なしの大成功だね。
えへへ、この次も頑張ろっと。","不过，这次毫无疑问是大获成功呢。
诶嘿嘿，下次我也要继续加油。",translated,依恩,f5a59d5562,br=0 nl=1,2,
inc/event/res/itemevent01/rt_d09a.txt#26#12,"ま、まあ、確かにすき焼きのタレも
美味しいとは思うよ。","嘛、嘛，我也承认寿喜烧的酱汁
确实挺好吃的啦。",translated,依恩,704317c61f,br=0 nl=1,2,
inc/event/res/itemevent01/rt_d09a.txt#27#12,"でも、せっかくならちゃんとお肉の味も
わかるくらいが良いな。","不过难得做一次，要是能尝出肉本身的滋味
果然还是更好嘛。",translated,依恩,18c370c1bf,br=0 nl=1,2,
inc/event/res/itemevent01/rt_d09a.txt#28#12,"コッソリ教えるけど、
このお肉、凄くいいものなの。","我悄悄告诉你哦，
这块肉可是非常高级的上等肉呢。",translated,依恩,ea4f5c1436,br=0 nl=1,2,
inc/event/res/itemevent01/rt_d09a.txt#29#12,"えへへ、わたしがお肉の味を重視する理由、
わかるでしょ？","诶嘿嘿，我为什么这么看重肉的原味，
你现在明白了吧？",translated,依恩,029e239a22,br=0 nl=1,2,
inc/event/res/itemevent01/rt_d09c.txt#3#12,"好きです♪やきにく！
また作っちゃいましたー。","喜欢你♪烤肉！
我又做了一次哦――",translated,依恩,5e04e897bb,br=0 nl=1,2,
inc/event/res/itemevent01/rt_d09c.txt#4#12,"ん～、いい匂い。
すき焼きの香りって、凄く食欲を
そそられるよね。","唔～好诱人的香气。
寿喜烧的味道真的超级勾人食欲呢。",translated,依恩,9fd2d44d9f,br=0 nl=2,3,
inc/event/res/itemevent01/rt_d09c.txt#5#12,"……あっ、すき焼きじゃなくて、
好きです♪やきにく！だね。","……啊，不是寿喜烧，
是“喜欢你♪烤肉”才对。",translated,依恩,368fefd483,br=0 nl=1,2,
inc/event/res/itemevent01/rt_d09c.txt#6#12,"……言い辛いなぁ。
わざわざ長くする必要なかったかも。","……念起来好拗口啊。
其实根本没必要特意起这么长的名字嘛。",translated,依恩,5da70fa4b3,br=0 nl=1,2,
inc/event/res/itemevent01/rt_d09c.txt#7#12,"と、とにかく、味見をしてみるね。
いっただっきまーす！","总、总之我先尝尝看咯。
我――开――动――啦！",translated,依恩,47a1431b59,br=0 nl=1,2,
inc/event/res/itemevent01/rt_d09c.txt#9#12,……んっ、はふはふっ！,……嗯、哈呼哈呼！,translated,依恩,c2158765c1,br=0 nl=0,1,
inc/event/res/itemevent01/rt_d09c.txt#10#12,あ、熱いけど、凄くおいしい！,好烫、虽然烫但真的好好吃！,translated,依恩,7cde142ac1,br=0 nl=0,1,
inc/event/res/itemevent01/rt_d09c.txt#11#12,"お肉だけじゃなくて、お豆腐やお野菜にも
ちゃんとタレが染みてるよ。","不仅是肉，连豆腐和蔬菜
也都充分吸饱了酱汁呢。",translated,依恩,2ceb06e6a2,br=0 nl=1,2,
inc/event/res/itemevent01/rt_d09c.txt#12#12,……何だか、ご飯が欲しくなってくるよ。,……不知不觉间，好想配着白米饭吃啊。,translated,依恩,c3329e2db9,br=0 nl=0,1,
inc/event/res/itemevent01/rt_d09c.txt#13#12,"と、ともかく、これだけ美味しいんだし、
大成功だよね。","总、总之既然这么好吃，
毫无疑问是大成功呢。",translated,依恩,2c29528d42,br=0 nl=1,2,
inc/event/res/itemevent01/rt_d10a.txt#3#12,"え、えっと……海鮮ミルフィーユ、
っていうのを作ってみたの。","呃、那个……我试着做了一道
叫做海鲜千层的料理哦。",translated,依恩,06d320737e,br=0 nl=1,2,
inc/event/res/itemevent01/rt_d10a.txt#4#12,"これは色んなお刺身を重ねて、
一口サイズにしたものなの。","这是把各种各样的生鱼片层层叠在一起，
切成一口大小的美食。",translated,依恩,df9a22bca2,br=0 nl=1,2,
inc/event/res/itemevent01/rt_d10a.txt#5#12,"お刺身ってどれも美味しいでしょ？
だから一緒に食べれば、美味しさが
倍増するんじゃないかな、って……。","生鱼片每一种都很好吃对吧？
所以我就想着要是叠在一起吃，
美味是不是就会翻倍呢……",translated,依恩,f477ba940d,br=0 nl=2,3,
inc/event/res/itemevent01/rt_d10a.txt#6#12,"……食べ物で遊んでるわけじゃないよ。
美味しい、って自信があって作ったもの
だもん。","……我可不是在拿食物瞎胡闹哦。
我可是确信一定很好吃才做出来的嘛。",translated,依恩,5a3e52c70b,br=0 nl=2,3,
inc/event/res/itemevent01/rt_d10a.txt#7#12,"今から美味しいって証明してみせるよ。
いただきまーす。","我现在就来向你证明它有多美味。
我开动啦。",translated,依恩,b8cc107fb8,br=0 nl=1,2,
inc/event/res/itemevent01/rt_d10a.txt#8#12,おしょうゆをつけて、あむっ！！,蘸上酱油，大咬一口！！,translated,依恩,a418d79882,br=0 nl=0,1,
inc/event/res/itemevent01/rt_d10a.txt#10#12,……わっ、わわわっ！！,……哇、哇哇哇！！,translated,依恩,a6231371d2,br=0 nl=0,1,
inc/event/res/itemevent01/rt_d10a.txt#11#12,"お、美味しいよ！
このお刺身の組み合わせ、凄く合うよ。","好、好好吃哦！
这几种生鱼片的搭配，简直绝配呢。",translated,依恩,d6b7a48d0a,br=0 nl=1,2,
inc/event/res/itemevent01/rt_d10a.txt#12#12,"多分だけど、イクラがあるおかげじゃ
ないかな？","虽然只是猜测，
但多半是因为放了鲑鱼子吧？",translated,依恩,b7c1f688f0,br=0 nl=1,2,
inc/event/res/itemevent01/rt_d10a.txt#13#12,"噛んだ時にイクラが潰れて、
甘い中身が出てくるの。","咬下去时鱼子在口中爆开，
流出鲜甜的汁水。",translated,依恩,d2014d2291,br=0 nl=1,2,
inc/event/res/itemevent01/rt_d10a.txt#14#12,"それがお刺身全体を包んでまろやかな味に
してくれるからだと思うよ。","正是那汁水包裹住了所有生鱼片，
让整体风味变得醇厚圆润呢。",translated,依恩,2b96ccae53,br=0 nl=1,2,
inc/event/res/itemevent01/rt_d10a.txt#16#12,別々に食べたい,我想分开吃,translated,,09c91875e0,br=0 nl=0,1,
inc/event/res/itemevent01/rt_d10a.txt#17#12,"それに、挟んであるお刺身の種類も
良かったんじゃないかな？","而且夹在里面的生鱼片品种
选得也很好吧？",translated,依恩,3bcb6edc3c,br=0 nl=1,2,
inc/event/res/itemevent01/rt_d10a.txt#18#12,"カツオみたいな味のを使ってたら、
逆に変な味になってたかもしれないし。","要是用了像鲣鱼那种浓厚风味的鱼，
说不定反而会变成奇怪的味道呢。",translated,依恩,301df34c04,br=0 nl=1,2,
inc/event/res/itemevent01/rt_d10a.txt#19#12,"使うお刺身を間違わなかったのが、
成功の理由だね。","生鱼片的种类没选错，
就是这次成功的秘诀呢。",translated,依恩,5f0fe6f56d,br=0 nl=1,2,
inc/event/res/itemevent01/rt_d10a.txt#22#12,"えへへ、想像以上の味になってくれて
安心しちゃった。","诶嘿嘿，能做出远超预期的美味，
总算让我松了一口气啦。",translated,依恩,ad0ed1a9db,br=0 nl=1,2,
inc/event/res/itemevent01/rt_d10a.txt#26#12,"……うん、確かに別々に食べた方が、
それぞれの味を楽しむことが出来るよね。","……嗯，确实分开单吃的话，
能更好地品味各自本来的风味呢。",translated,依恩,bd2ada987a,br=0 nl=1,2,
inc/event/res/itemevent01/rt_d10a.txt#27#12,"でも、この海鮮ミルフィーユの美味しさは、
こうしないと味わえないものだよ。","但是这种海鲜千层的独特美味，
不这么做可是尝不到的哦。",translated,依恩,4a98098c62,br=0 nl=1,2,
inc/event/res/itemevent01/rt_d10a.txt#28#12,"別々に食べる以外にも、
こういう食べ方もある。","除了分开单独吃之外，
也存在这样一种吃法嘛。",translated,依恩,7a49bfeeb1,br=0 nl=1,2,
inc/event/res/itemevent01/rt_d10a.txt#29#12,"それでいいんじゃないかな、って
思うんだけど……ダメかな？",我觉得这样也挺不错的呀……不行吗？,translated,依恩,2b32a15a08,br=0 nl=1,2,
inc/event/res/itemevent01/rt_d10a.txt#30#12,"とにかく美味しく出来てることに
違いはないから、今回は大成功だよ！","总之美味程度无可挑剔，
这次也是大获成功呢！",translated,依恩,88ca505b64,br=0 nl=1,2,
inc/event/res/itemevent01/rt_d10c.txt#3#12,"じゃじゃーん、
今回の献立は海鮮ミルフィーユだよ！！","锵锵――
今天的菜单是海鲜千层哦！！",translated,依恩,8a491732d7,br=0 nl=1,2,
inc/event/res/itemevent01/rt_d10c.txt#4#12,"えへへ、また作ってみたの。
どう、凄いでしょ？","诶嘿嘿，我又做了一次。
怎么样，很厉害吧？",translated,依恩,a42f0fc4bc,br=0 nl=1,2,
inc/event/res/itemevent01/rt_d10c.txt#5#12,"使ったお刺身の組み合わせさえ
間違ってなければ、美味しく
出来上がってるはずだよ。","只要生鱼片的搭配没有出错，
成品就绝对非常美味哦。",translated,依恩,3ec781e631,br=0 nl=2,3,
inc/event/res/itemevent01/rt_d10c.txt#6#12,"それじゃ、味身をしてみるね。
いただきまーす！","那么，我这就来尝尝看。
我开动啦！",translated,依恩,042269a52c,br=0 nl=1,2,
inc/event/res/itemevent01/rt_d10c.txt#8#12,んっ……あれ？,嗯……咦？,translated,依恩,c8cbf937e9,br=0 nl=0,1,
inc/event/res/itemevent01/rt_d10c.txt#9#12,"美味しいけど、前に食べた時と
味が少し違うような……。","虽然好吃，但总觉得和上次吃的味道
稍微有点不太一样……",translated,依恩,2afed38c36,br=0 nl=1,2,
inc/event/res/itemevent01/rt_d10c.txt#10#12,"もしかして、使うお刺身を間違えて
挟んじゃったのかな？",难道说，我挑错生鱼片夹进去了吗？,translated,依恩,25bf485711,br=0 nl=1,2,
inc/event/res/itemevent01/rt_d10c.txt#11#12,"ちょっと待ってね。
えっと、サルモンとかの味は
わかったけど、後は……。","稍等我一下哦。
我尝出了三文鱼的味道，剩下的还有……",translated,依恩,8b072f226e,br=0 nl=2,3,
inc/event/res/itemevent01/rt_d10c.txt#12#12,……カワハギ？,……剥皮鱼？,translated,依恩,3e8c95a385,br=0 nl=0,1,
inc/event/res/itemevent01/rt_d10c.txt#13#12,"……ま、まあ、白身系なのは
確かだと思うよ。",……嘛、嘛，反正肯定是白身鱼啦。,translated,依恩,dff0e4ffbc,br=0 nl=1,2,
inc/event/res/itemevent01/rt_d10c.txt#14#12,赤味と違って、あまりハズレはないからね。,和红肉鱼不同，白身鱼基本不会踩雷嘛。,translated,依恩,1ed596dd66,br=0 nl=0,1,
inc/event/res/itemevent01/rt_d10c.txt#15#12,"ちょっと材料に不明な箇所もあるけど、
ちゃんと美味しくなってるから成功だね。","虽然有些食材成分不明，
但既然味道很好那就算成功啦。",translated,依恩,f909ab87e5,br=0 nl=1,2,
inc/event/res/itemevent01/rt_d11a.txt#3#12,ん～、いい匂い！！,唔～好香啊！！,translated,依恩,5351da568f,br=0 nl=0,1,
inc/event/res/itemevent01/rt_d11a.txt#4#12,こってりＩＮハンバーグ、焼きたてだよ！,刚出炉的浓郁夹心汉堡排来咯！,translated,依恩,2993994a10,br=0 nl=0,1,
inc/event/res/itemevent01/rt_d11a.txt#5#12,"まだジュージュー音がしてるよ。
肉汁も結構出てて、美味しそうでしょ？","还在滋滋作响呢。
肉汁也渗出了好多，看着很诱人吧？",translated,依恩,89d62ba735,br=0 nl=1,2,
inc/event/res/itemevent01/rt_d11a.txt#6#12,"でもこのハンバーグ、
ただのハンバーグじゃないの。","不过这个汉堡排，
可不是普通的汉堡排哦。",translated,依恩,042938ac19,br=0 nl=1,2,
inc/event/res/itemevent01/rt_d11a.txt#7#12,"こってりＩＮ、つまりハンバーグの中に、
こってりするあるモノを入れてあるの。","所谓浓郁夹心，就是在汉堡排里面，
包进了一种超级浓郁的东西。",translated,依恩,0e1a250314,br=0 nl=1,2,
inc/event/res/itemevent01/rt_d11a.txt#8#12,それはね、なんと辛口カレーだよ！,那个东西居然就是――辣味咖喱哦！,translated,依恩,725ba19d8b,br=0 nl=0,1,
inc/event/res/itemevent01/rt_d11a.txt#9#12,"カレーのルーをひき肉で包んで
焼き上げたのが、このハンバーグなの。","用肉馅把咖喱块紧紧包裹起来
烤制而成的，就是这个汉堡排啦。",translated,依恩,8553de11a4,br=0 nl=1,2,
inc/event/res/itemevent01/rt_d11a.txt#10#12,……包むの、凄く大変だったけどね。,……虽然包的时候超级费劲就是了。,translated,依恩,d899b77cc1,br=0 nl=0,1,
inc/event/res/itemevent01/rt_d11a.txt#11#12,"でも、ちゃんと漏れてなさそうだから、
見た目は完璧だね。
あとは味だけど……。","不过看起来完全没有漏出来，
卖相堪称完美。
接下来就是味道了……",translated,依恩,108d401899,br=0 nl=2,3,
inc/event/res/itemevent01/rt_d11a.txt#12#12,"あむっ……ん？
あれれ、あんまり辛くないような……。","大咬一口……嗯？
奇怪，好像并没有很辣啊……",translated,依恩,937dbb6448,br=0 nl=1,2,
inc/event/res/itemevent01/rt_d11a.txt#15#12,"って、ああっ！
き、来た、遅れて辛さが来たよ！","哎呀，啊啊！
来、来了，后劲的辣味冲上来了！",translated,依恩,9489b3677b,br=0 nl=1,2,
inc/event/res/itemevent01/rt_d11a.txt#16#12,"うわぁ……これ、結構強烈かも……。
ちょっとだけ、舌がピリピリして
きちゃってるし。","哇啊……这个后劲相当猛烈呢……
舌头都已经开始有点麻酥酥的了。",translated,依恩,5e8db33fce,br=0 nl=2,3,
inc/event/res/itemevent01/rt_d11a.txt#17#12,"でも、凄く美味しいよ。
辛いけど、もう一口、もう一口、って
欲しくなっちゃう辛さだね。","不过真的超好吃哦。
虽然很辣，但会让人忍不住一口接一口，
简直欲罢不能呢。",translated,依恩,488b62419a,br=0 nl=2,3,
inc/event/res/itemevent01/rt_d11a.txt#18#12,"あっ、ダメダメ！
ここで止めておかないと、
味見で全部食べちゃいそうだし。","啊，不行不行！
必须在这里停住，
不然试味都要把整块全吃光了。",translated,依恩,e87ba4d890,br=0 nl=2,3,
inc/event/res/itemevent01/rt_d11a.txt#19#12,"えへへ、これは間違いなく大成功だね。
難しかったけど、頑張って作ってよかった。","诶嘿嘿，这毫无疑问是大成功呢。
虽然制作难度很高，但努力做出来太值了。",translated,依恩,d11ce96f5b,br=0 nl=1,2,
inc/event/res/itemevent01/rt_d11c.txt#3#12,"こってりＩＮハンバーグ、
またまた作っちゃいましたー。","浓郁夹心汉堡排，
我又做了一次哦――",translated,依恩,8ec023c8bf,br=0 nl=1,2,
inc/event/res/itemevent01/rt_d11c.txt#4#12,"焼き立てで熱々だから、
気をつけないと危ないよ。","刚烤出来滚烫滚烫的，
不小心一点可是会烫伤的哦。",translated,依恩,b62a2a1af4,br=0 nl=1,2,
inc/event/res/itemevent01/rt_d11c.txt#5#12,"外側よりも、むしろ中に入ってる
カレーにね。",比起外层，更要当心里面包裹着的咖喱呢。,translated,依恩,cbedf00c90,br=0 nl=1,2,
inc/event/res/itemevent01/rt_d11c.txt#6#12,"それじゃ、火傷に気をつけて……。
いただきまーす！","那么，小心别烫着……
我开动啦！",translated,依恩,43b29c23d7,br=0 nl=1,2,
inc/event/res/itemevent01/rt_d11c.txt#8#12,"は、はふっはふっ……。
んんっ、ぴ、ピリピリくるよぉ！","哈、哈呼哈呼……
嗯嗯、辣、辣得舌头发麻啦！",translated,依恩,2bae701d99,br=0 nl=1,2,
inc/event/res/itemevent01/rt_d11c.txt#9#12,"熱々のハンバーグとカレーの辛さで、
舌が痺れてる……。","滚烫的汉堡排加上咖喱的辛辣，
舌头都麻木了……",translated,依恩,a8b0bb83dd,br=0 nl=1,2,
inc/event/res/itemevent01/rt_d11c.txt#10#12,"でも、ハンバーグの中にカレーを入れて、
正解だったよ。","不过把咖喱包进汉堡排里，
真的是绝妙的正确决定呢。",translated,依恩,a63edad1fd,br=0 nl=1,2,
inc/event/res/itemevent01/rt_d11c.txt#12#12,ハンバーグカレーでも良い,汉堡排咖喱饭也挺好的呀,translated,,32745ffaff,br=0 nl=0,1,
inc/event/res/itemevent01/rt_d11c.txt#13#12,"ハンバーグとカレーの組み合わせが
こんなにいいなんて、ビックリだね。","汉堡排和咖喱的搭配居然这么棒，
真让人吃惊呢。",translated,依恩,337f773746,br=0 nl=1,2,
inc/event/res/itemevent01/rt_d11c.txt#14#12,"チーズを入れるのが主流だと思うけど、
こってり感ではカレーの方が上かも
しれないね。","虽然主流做法是夹奶酪，
但在浓郁感上，咖喱或许还要更胜一筹呢。",translated,依恩,7a66f8a055,br=0 nl=2,3,
inc/event/res/itemevent01/rt_d11c.txt#17#12,"えへへ、今回も美味しく作れてよかった。
また近いうちに作ろっと。","诶嘿嘿，这次也做得很好吃太棒啦。
近期我还要再做一次。",translated,依恩,98b8d2bdb1,br=0 nl=1,2,
inc/event/res/itemevent01/rt_d11c.txt#21#12,は、ハンバーグカレー！？,汉、汉堡排咖喱饭！？,translated,依恩,d0448e76ad,br=0 nl=0,1,
inc/event/res/itemevent01/rt_d11c.txt#22#12,"……すっかり忘れてたよ。
そういえば、そんな食べ方もあったよね。","……我完全忘光了。
说起来，确实还有那种吃法呢。",translated,依恩,f695df6eb6,br=0 nl=1,2,
inc/event/res/itemevent01/rt_d11c.txt#23#12,"っていうか、そっちの食べ方の方が、
作るのも簡単なような……。","话说回来，那样吃的话
做起来好像还更简单……",translated,依恩,339bcbb078,br=0 nl=1,2,
inc/event/res/itemevent01/rt_d11c.txt#24#12,"……で、でも、こっちの方がハンバーグを
割った時のワクワク感があるよ。","……但、但是切开汉堡排那一刻的惊喜感，
绝对是这边更胜一筹哦！",translated,依恩,729291deea,br=0 nl=1,2,
inc/event/res/itemevent01/rt_d11c.txt#25#12,"だからこれはこれでいいの。
それに美味しいんだから、問題はないよ。","所以这样也是很有意义的嘛。
而且既然这么美味，就完全没问题啦。",translated,依恩,ee4e091381,br=0 nl=1,2,
inc/event/res/itemevent01/rt_d12a.txt#3#12,"えへへ、美味しそうでしょ？
あつあつダブル、っていうの。","诶嘿嘿，看起来很好吃对吧？
这道料理叫“滚烫双重奏”哦。",translated,依恩,c127854b7b,br=0 nl=1,2,
inc/event/res/itemevent01/rt_d12a.txt#4#12,"ダブルっていっても、二本あるわけじゃ
ないよ。","虽说叫双重，
但可不是有两根香肠的意思哦。",translated,依恩,259737f6d5,br=0 nl=1,2,
inc/event/res/itemevent01/rt_d12a.txt#5#12,"焼きたての熱さと、マスタードの辛さ。
二つとも、体をほかほかにしてくれる
でしょ？","刚烤出炉的滚烫，加上芥末的辛辣。
这两样都能让身体变得暖洋洋的对吧？",translated,依恩,8e780d02e8,br=0 nl=2,3,
inc/event/res/itemevent01/rt_d12a.txt#6#12,だからあつあつダブル、って名前なの。,所以才取名叫滚烫双重奏哦。,translated,依恩,f082d597f3,br=0 nl=0,1,
inc/event/res/itemevent01/rt_d12a.txt#7#12,"それじゃ、冷めないうちに味見するね。
いただきまーす。","那么趁还没凉，我先尝尝看咯。
我开动啦。",translated,依恩,874713e458,br=0 nl=1,2,
inc/event/res/itemevent01/rt_d12a.txt#9#12,んっ……んんっ！？,嗯……嗯嗯！？,translated,依恩,951b089183,br=0 nl=0,1,
inc/event/res/itemevent01/rt_d12a.txt#10#12,"か、辛っ！？
それに熱い！！","好、好辣！？
而且好烫！！",translated,依恩,471b50a147,br=0 nl=1,2,
inc/event/res/itemevent01/rt_d12a.txt#11#12,う～、舌がビリビリするほどだよぉ……。,唔～舌头都要被麻翻了啦……,translated,依恩,b3653a2f19,br=0 nl=0,1,
inc/event/res/itemevent01/rt_d12a.txt#12#12,"でも、体が熱くなるのは確かみたい。
まるでお風呂から上がったみたいに
なってるよ。","不过身体确实一下子热起来了呢。
简直就像刚泡完热水澡出来一样。",translated,依恩,2f06b3bc7a,br=0 nl=2,3,
inc/event/res/itemevent01/rt_d12a.txt#14#12,味は？,味道怎么样？,translated,,4b1de6c5f7,br=0 nl=0,1,
inc/event/res/itemevent01/rt_d12a.txt#15#12,"寒い日に外で食べたりすると、
凄く美味しく感じると思うよ。","大冷天在室外吃这个的话，
一定会觉得格外美味哦。",translated,依恩,425f146b42,br=0 nl=1,2,
inc/event/res/itemevent01/rt_d12a.txt#16#12,"ただ、出来れば飲み物も一緒に
用意しておいた方がいいかも。
ふぅ、本当に熱くて堪らないよ……。","不过，最好身边也备好饮品比较好呢。
呼，真是烫得受不了啦……",translated,依恩,05c228ad66,br=0 nl=2,3,
inc/event/res/itemevent01/rt_d12a.txt#19#12,"えへへ、でもこれだけ熱くなれたなら
大成功だよね。","诶嘿嘿，不过既然能这么暖和，
那就是大成功啦。",translated,依恩,9501809c32,br=0 nl=1,2,
inc/event/res/itemevent01/rt_d12a.txt#23#12,"熱さと辛さで、舌が少し痺れちゃってて
よくわからないの。","被热度和辣度一冲，舌头有点发麻，
都尝不太出具体味道了呢。",translated,依恩,fe15e98835,br=0 nl=1,2,
inc/event/res/itemevent01/rt_d12a.txt#24#12,"でも、不味くはないと思うよ？
普通のフランクフルトなんだし。","不过我觉得肯定不难吃哦？
毕竟原本就是普通的脆皮大香肠嘛。",translated,依恩,01f717be53,br=0 nl=1,2,
inc/event/res/itemevent01/rt_d12a.txt#25#12,"それを凄く熱くして、マスタードを
タップリかけただけだからね。","只是把它烤得滚烫，
然后抹上满满的芥末而已嘛。",translated,依恩,1920edb19b,br=0 nl=1,2,
inc/event/res/itemevent01/rt_d12a.txt#26#12,……フランクフルトに、少し申し訳ないね。,……总觉得对香肠稍微有点过意不去呢。,translated,依恩,9e14ce03ec,br=0 nl=0,1,
inc/event/res/itemevent01/rt_d12a.txt#27#12,"でも、思った通りの料理にはなったから、
これで完璧だね。","不过既然完全做出了预想的效果，
这样就算完美啦。",translated,依恩,4b25acd04e,br=0 nl=1,2,
inc/event/res/itemevent01/rt_d12c.txt#3#12,今日の献立はあつあつダブルだよ～。,今天的饭菜是滚烫双重奏哦～。,translated,依恩,219c05abbf,br=0 nl=0,1,
inc/event/res/itemevent01/rt_d12c.txt#4#12,"持ってるだけでも熱が伝わってくるよ。
これ、気をつけないと口の中を
火傷しちゃうね。","光是拿在手里就能感受到滚滚热气呢。
这要是不小心点，嘴里肯定会被烫伤的。",translated,依恩,30357c7ec3,br=0 nl=2,3,
inc/event/res/itemevent01/rt_d12c.txt#5#12,"そうなったら、マスタードが触れて
悲惨なことに……。","要是真烫伤了，芥末再碰到伤口，
那可就惨不忍睹了……",translated,依恩,22a41fde4b,br=0 nl=1,2,
inc/event/res/itemevent01/rt_d12c.txt#6#12,"ま、まあ、前食べた時は大丈夫だったん
だから、今回も平気だよね。","嘛、嘛，上次吃的时候都没事，
这次肯定也没问题的对吧。",translated,依恩,af5ce95267,br=0 nl=1,2,
inc/event/res/itemevent01/rt_d12c.txt#7#12,それじゃ、いただきまーす！,那么，我开动啦！,translated,依恩,5ae36e01d1,br=0 nl=0,1,
inc/event/res/itemevent01/rt_d12c.txt#9#12,"はむっ、は、はふはふっ！！
あ、熱いけど、これなら何とか……。","大咬一口、哈、哈呼哈呼！！
好、好烫，不过这样勉强还能……",translated,依恩,52f7a4d498,br=0 nl=1,2,
inc/event/res/itemevent01/rt_d12c.txt#10#12,んっ、か、辛－いっ！！,唔、好、好辣――啊！！,translated,依恩,dff135e490,br=0 nl=0,1,
inc/event/res/itemevent01/rt_d12c.txt#11#12,"うぅ～……か、体は熱くなったけど、
舌が、ヒリヒリするよぉ……。","呜呜～……身、身体虽然热起来了，
但舌头好火辣火辣的啦……",translated,依恩,4f2db278df,br=0 nl=1,2,
inc/event/res/itemevent01/rt_d12c.txt#12#12,"どうなるかはもうわかってたんだから、
もう少し対策しておくべきだったかな？","既然早就知道会变成这样，
我是不是该提前做点准备比较好呢？",translated,依恩,911ecf3322,br=0 nl=1,2,
inc/event/res/itemevent01/rt_d12c.txt#13#12,"でも、そんなことしたらちゃんと体が
熱くならなかったかもしれないし……。","不过要是那样做，
身体说不定就没办法彻底暖和起来了……",translated,依恩,4835cc67eb,br=0 nl=1,2,
inc/event/res/itemevent01/rt_d12c.txt#14#12,"と、とにかく、これで成功したのには
違いないよね。",总、总之这次确实大获成功了对吧。,translated,依恩,b7edcbdcc5,br=0 nl=1,2,
inc/event/res/itemevent01/rt_d13a.txt#3#12,"海男のぶぶ漬け、一応作ってみたんだけど、
これってお茶漬けだよね？","我姑且试着做了海男茶泡饭，
但这根本就是茶泡饭嘛？",translated,依恩,891881dda9,br=0 nl=1,2,
inc/event/res/itemevent01/rt_d13a.txt#4#12,"ぶぶ漬けってお茶漬けのことだったんだ？
わたし、ぶぶ漬けって漬物のことだとばかり
思ってたよ。","原来京都茶泡饭指的就是茶泡饭啊？
我还一直以为京都茶泡饭是指腌菜呢。",translated,依恩,c35f9e7cd4,br=0 nl=2,3,
inc/event/res/itemevent01/rt_d13a.txt#5#12,"そっかぁ、これがあの有名なぶぶ漬け……。
早く帰って、っていう言葉の代わりになる
ぶぶ漬け……。","这样啊，这就是那道大名鼎鼎的京都茶泡饭……
用来委婉送客暗示“快请回吧”的茶泡饭……",translated,依恩,bd8ef006a6,br=0 nl=2,3,
inc/event/res/itemevent01/rt_d13a.txt#6#12,"っと、感動してる場合じゃないね。
それじゃあ、味見してみるね。","好啦，现在可不是感慨的时候呢。
那么，我这就来尝尝看。",translated,依恩,93a917a639,br=0 nl=1,2,
inc/event/res/itemevent01/rt_d13a.txt#8#12,ずずっ……っ！？,吸溜……嗯！？,translated,依恩,21b0f80fe0,br=0 nl=0,1,
inc/event/res/itemevent01/rt_d13a.txt#9#12,"お、美味しい！
っていうかこれ、お茶漬けの味じゃないよ！","好、好好吃！
话说这根本不是普通茶泡饭的味道嘛！",translated,依恩,4c056a5296,br=0 nl=1,2,
inc/event/res/itemevent01/rt_d13a.txt#10#12,"お湯に浸かったサルモンから出汁が出て、
凄く美味しいお湯になってるの！","浸在热水里的三文鱼析出了鲜美的浓汤，
让热汤变得超级美味呢！",translated,依恩,727be543e6,br=0 nl=1,2,
inc/event/res/itemevent01/rt_d13a.txt#11#12,"……こんなに美味しい物を食べれるなら、
わたしも嫌なお客さんになりたいよ。
そうしたらいく先々で食べられるでしょ？","……要是能吃到这么好吃的美食，
我都想去当遭人嫌的客人了。
那样无论走到哪都能被端上这碗饭了吧？",translated,依恩,71bce6192b,br=0 nl=2,3,
inc/event/res/itemevent01/rt_d13a.txt#13#12,イオンはいい子だから無理,依恩是个乖孩子所以做不到的,translated,,f1dddfa934,br=0 nl=0,1,
inc/event/res/itemevent01/rt_d13a.txt#14#12,"……でも、ぶぶ漬けを出されるような人に
なるためには、嫌われるようなことを人に
しなくちゃいけないんだよね？","……不过，想要变成被端上送客茶泡饭的人，
就必须去对别人做惹人嫌的事才行吧？",translated,依恩,6fb0c8d162,br=0 nl=2,3,
inc/event/res/itemevent01/rt_d13a.txt#15#12,"う～ん……そこまでしてぶぶ漬けを
食べたいかって言われたら、さすがに
うんとは言えないし……。","唔～……要说非要做到那种地步去蹭饭，
那我肯定也是说不出好来的……",translated,依恩,308bca4f39,br=0 nl=2,3,
inc/event/res/itemevent01/rt_d13a.txt#18#12,"……まあ、自分で作れるようになったん
だから、食べたい時には自分で作れば
いいかな？","……嘛，既然我自己已经学会做了，
想吃的时候自己动手做就好了嘛？",translated,依恩,261b1e9576,br=0 nl=2,3,
inc/event/res/itemevent01/rt_d13a.txt#22#12,えへへ……褒められちゃったぁ。,诶嘿嘿……被你夸奖了呢。,translated,依恩,dedd6d3e9a,br=0 nl=0,1,
inc/event/res/itemevent01/rt_d13a.txt#23#12,"ま、まあ、いい子かどうかは別として、
やっぱり人から嫌われるような人には
なりたくないな。","嘛、嘛，先不论是不是好孩子，
我果然还是不想成为惹人讨厌的人呢。",translated,依恩,8a1cda0139,br=0 nl=2,3,
inc/event/res/itemevent01/rt_d13a.txt#24#12,"もちろん、嫌われるようなことを
人にするのも嫌だしね。","当然，去对别人做令人讨厌的事
我心里也是很抗拒的嘛。",translated,依恩,d48acaca09,br=0 nl=1,2,
inc/event/res/itemevent01/rt_d13a.txt#25#12,"だから、ぶぶ漬けが食べたい時は
自分で作ることにするよ。","所以想吃京都茶泡饭的时候，
我还是自己动手做吧。",translated,依恩,3833ef5d41,br=0 nl=1,2,
inc/event/res/itemevent01/rt_d13a.txt#26#12,せっかく作れるようになったんだしね。,毕竟难得学会了怎么做嘛。,translated,依恩,f35639c46c,br=0 nl=0,1,
inc/event/res/itemevent01/rt_d13c.txt#3#12,また海男のぶぶ漬けを作ってみたよ！,我又做了一次海男茶泡饭哦！,translated,依恩,f70c139a3f,br=0 nl=0,1,
inc/event/res/itemevent01/rt_d13c.txt#4#12,"……って、今更だけど作ったわたしは
女なんだから、海男のぶぶ漬けって名前は
ちょっと変なんじゃないかな？","……虽然现在才吐槽，但做饭的我可是女孩子，
叫“海男茶泡饭”这名字
感觉有点怪怪的吧？",translated,依恩,945f17b889,br=0 nl=2,3,
inc/event/res/itemevent01/rt_d13c.txt#5#12,"それとも、海男向けのお茶漬けってこと？
う～ん……。","还是说，这是专供赶海汉子吃的茶泡饭？
唔～……",translated,依恩,259481f363,br=0 nl=1,2,
inc/event/res/itemevent01/rt_d13c.txt#6#12,"ま、まあ、美味しくできてれば
そんなのどうだっていいよね？","嘛、嘛，只要做得好吃，
名字叫什么都无所谓啦对吧？",translated,依恩,e7f7c535d0,br=0 nl=1,2,
inc/event/res/itemevent01/rt_d13c.txt#8#12,ずずっ……んっ、美味しい！,吸溜……嗯，真美味！,translated,依恩,84cd384d89,br=0 nl=0,1,
inc/event/res/itemevent01/rt_d13c.txt#9#12,"相変わらずサルモンの出汁がしっかりと
出ていて、さっぱりした美味しさだよ。","依然充分释放出了三文鱼的鲜味，
口感清爽又可口呢。",translated,依恩,dadabb3496,br=0 nl=1,2,
inc/event/res/itemevent01/rt_d13c.txt#10#12,"……そういえば、ぶぶ漬けはお客さんに
帰ってもらいたい時に出す食べ物だよね？","……说起来，京都茶泡饭是想让客人
早点回去时端出来的食物对吧？",translated,依恩,a546c7ecff,br=0 nl=1,2,
inc/event/res/itemevent01/rt_d13c.txt#11#12,"海男のぶぶ漬け……。
これって、嫌な海男にさっさと帰ってもらう
ために作られたぶぶ漬けってことかな？","海男茶泡饭……
意思是“为了让讨厌的糙汉赶快滚蛋”
而特意做出来的茶泡饭吗？",translated,依恩,dff7c5e85e,br=0 nl=2,3,
inc/event/res/itemevent01/rt_d13c.txt#12#12,"海男が作るものじゃなくて、嫌な海男に
食べさせて帰らせるためのぶぶ漬け。","不是海里的汉子做出来的，而是为了塞给
讨厌的糙汉逼他走人的送客茶泡饭。",translated,依恩,7b1b553d2f,br=0 nl=1,2,
inc/event/res/itemevent01/rt_d13c.txt#13#12,"……うん、海男が作るって理由よりも、
こっちの方があってるかもしれない。","……嗯，比起“海男亲手做”的理由，
这种解释似乎更有说服力呢。",translated,依恩,426cda5579,br=0 nl=1,2,
inc/event/res/itemevent01/rt_d13c.txt#14#12,"でも、こんなに美味しいのを食べさせて
もらえるなら、逆にその人が羨ましいかも。","不过能被请吃这么美味的茶泡饭，
我反而有点羡慕那个人了呢。",translated,依恩,479b267853,br=0 nl=1,2,
inc/event/res/itemevent01/rt_dr01a.txt#3#12,よし、これで完成！,好，大功告成！,translated,依恩,2fee1ec62f,br=0 nl=0,1,
inc/event/res/itemevent01/rt_dr01a.txt#4#12,"ジャジャーン、心を癒す効果のあるお薬、
イヤシーンだよ！","登登――具有治愈心灵效果的药水，
愈心剂哦！",translated,依恩,15b8b7d2ef,br=0 nl=1,2,
inc/event/res/itemevent01/rt_dr01a.txt#5#12,"名前からわかる通り、飲むと心が癒される
ドリンク剤なんだけど……。","正如名字所示，是喝了能舒缓心灵的
功能饮料，不过……",translated,依恩,ac8a5a7fa8,br=0 nl=1,2,
inc/event/res/itemevent01/rt_dr01a.txt#6#12,"このラベルのせいで、パッと見じゃ
そうは思えないよね……。","因为这个怪包装，乍一看
完全想不到会是这种功效呢……",translated,依恩,faf122a840,br=0 nl=1,2,
inc/event/res/itemevent01/rt_dr01a.txt#7#12,"ま、まあ、肝心なのは効果だよね。
それじゃ、少しだけ飲んでみるよ。","嘛、嘛，最关键的还是药效对吧。
那我先稍微尝一小口看看。",translated,依恩,f270c7e055,br=0 nl=1,2,
inc/event/res/itemevent01/rt_dr01a.txt#8#12,んぐっ……。,咕嘟……,translated,依恩,a554031991,br=0 nl=0,1,
inc/event/res/itemevent01/rt_dr01a.txt#10#12,っ！？,呃！？,translated,依恩,8853903117,br=0 nl=0,1,
inc/event/res/itemevent01/rt_dr01a.txt#11#12,あ……なんだろう……これ、凄くいいかも。,啊……这是什么感觉……好像特别棒呢。,translated,依恩,895692eb3a,br=0 nl=0,1,
inc/event/res/itemevent01/rt_dr01a.txt#12#12,"何だかね、急に心が軽くなったっていうか、
一仕事終えてのんびりしてる時みたいな
感じがするの……。","不知道怎么回事，心里突然变得好轻松，
就像忙完大工程后悠闲休息时一样……",translated,依恩,63a35e89b4,br=0 nl=2,3,
inc/event/res/itemevent01/rt_dr01a.txt#13#12,"体から力が抜ける……っていうのとは
違うかな？
でも、こう全身がリラックスしてるような。","好像也不完全是浑身脱力的感觉？
但整个人都彻底放松下来了呢。",translated,依恩,9a2678d504,br=0 nl=2,3,
inc/event/res/itemevent01/rt_dr01a.txt#14#12,"……これ、結構効くかも。
いいよ、体が軽くなる！","……这个药效相当给力哦。
真棒，身体变得好轻盈！",translated,依恩,ead10d6e2e,br=0 nl=1,2,
inc/event/res/itemevent01/rt_dr01a.txt#15#12,"今すぐにでも大量生産して、冷蔵庫の中で
冷やしておきたいくらいだよ！","我都想现在就立刻大量生产，
把冰箱全部塞满冰镇起来了！",translated,依恩,f8632d7b13,br=0 nl=1,2,
inc/event/res/itemevent01/rt_dr01a.txt#16#12,"この薬は作って正解だったみたい。
やったね！","看来做这个药水真是做对了。
太棒啦！",translated,依恩,05635f31f1,br=0 nl=1,2,
inc/event/res/itemevent01/rt_dr01a.txt#18#14,"イヤシーンを
作ったよ♪","制作了
愈心剂♪",translated,,21940ecd5f,br=0 nl=1,2,
inc/event/res/itemevent01/rt_dr01a.txt#20#14,"イヤシーンが
完成したよ♪","愈心剂
制作完成啦♪",translated,,b261f85780,br=0 nl=1,2,
inc/event/res/itemevent01/rt_dr01a.txt#22#14,"イヤシーンの
作成完了。
次は何を作ろうかな♪","愈心剂制作完毕。
接下来要做什么好呢♪",translated,,738fa23a5c,br=0 nl=2,3,
inc/event/res/itemevent01/rt_dr01a.txt#24#14,"イヤシーンが
できたよ♪","愈心剂
做好了♪",translated,,0c8e2ddf21,br=0 nl=1,2,
inc/event/res/itemevent01/rt_dr01e.txt#3#12,これをこうして……うん、完成！,把这个这样……嗯，完成！,translated,依恩,e3e6a15fa2,br=0 nl=0,1,
inc/event/res/itemevent01/rt_dr01e.txt#4#12,疲労回復薬、イヤシーンの完成だよ！,抗疲劳药剂，愈心剂制作完成啦！,translated,依恩,8244192c17,br=0 nl=0,1,
inc/event/res/itemevent01/rt_dr01e.txt#5#12,相変わらずこのラベルが癒しを……。,这瓶身包装依然很难让人联想到治愈……,translated,依恩,48e265990b,br=0 nl=0,1,
inc/event/res/itemevent01/rt_dr01e.txt#6#12,"……でもこれ、見ようによっては少し
いやらしく見えるような気も……
イヤラシーン？","……不过这个，换个角度看
总觉得稍微有点不正经……
叫不正经剂？",translated,依恩,37402a4e25,br=0 nl=2,3,
inc/event/res/itemevent01/rt_dr01e.txt#7#12,"って、違う違う、これはイヤシーンだよ。
それじゃ、ちょっと飲んでみるね。","不对不对，这可是愈心剂啦。
那么，我稍微喝一点尝尝哦。",translated,依恩,30976db5d8,br=0 nl=1,2,
inc/event/res/itemevent01/rt_dr01e.txt#9#12,……っ、来た来た、これこれ！,……啊、来了来了，就是这个感觉！,translated,依恩,78381f4e0b,br=0 nl=0,1,
inc/event/res/itemevent01/rt_dr01e.txt#10#12,"こう、疲れた体からダルさや重さがスーッと
引いていく感覚……堪らないよ。","疲惫身体里的沉重与乏力嗖地一下褪去，
这种感觉……太让人上瘾了。",translated,依恩,13cb768285,br=0 nl=1,2,
inc/event/res/itemevent01/rt_dr01e.txt#11#12,"……ここだけの話ね、ちょっと病みつきに
なっちゃいそうなの、この薬。","……我只偷偷告诉你哦，
这个药水真的会让人有点欲罢不能呢。",translated,依恩,aca948e5cb,br=0 nl=1,2,
inc/event/res/itemevent01/rt_dr01e.txt#12#12,"回復系の薬って、効き過ぎるものは中毒性が
あるから、用法用量をしっかり守って飲まな
きゃね。","恢复类的药要是效果太好就容易产生依赖性，
一定要严格遵守用法用量服用才行呢。",translated,依恩,c7a474c9cf,br=0 nl=2,3,
inc/event/res/itemevent01/rt_dr01e.txt#13#12,"うん、見事成功したってことで、
ささっとお片付けしちゃうね。","嗯，既然完美成功了，
我就麻利地收拾收拾吧。",translated,依恩,0147acbbc0,br=0 nl=1,2,
inc/event/res/itemevent01/rt_dr01e.txt#15#14,"イヤシーンを
また作ったよ♪","又制作了
愈心剂♪",translated,,8d6290774d,br=0 nl=1,2,
inc/event/res/itemevent01/rt_dr01e.txt#17#14,"イヤシーンが
完成したよ♪","愈心剂
制作完成啦♪",translated,,b261f85780,br=0 nl=1,2,
inc/event/res/itemevent01/rt_dr01e.txt#19#14,"イヤシーンの
作成完了。
次は何を作ろうかな♪","愈心剂制作完毕。
接下来要做什么好呢♪",translated,,738fa23a5c,br=0 nl=2,3,
inc/event/res/itemevent01/rt_dr01e.txt#21#14,"イヤシーンが
またできたよ♪
いい調子♪","愈心剂
又做好了♪
状态不错♪",translated,,4eb6518ebe,br=0 nl=2,3,
inc/event/res/itemevent01/rt_dr04a.txt#3#12,よーし、これで完成！,好――这样就完成啦！,translated,依恩,fbae59f1cb,br=0 nl=0,1,
inc/event/res/itemevent01/rt_dr04a.txt#4#12,チューンシロップ、できましたー！,调谐糖浆制作完成啦――！,translated,依恩,7b87014e66,br=0 nl=0,1,
inc/event/res/itemevent01/rt_dr04a.txt#5#12,"このお薬の効果はね、このラベルを見れば
わかると思うけど……。","这药的效果呢，只要看了瓶身标签
应该就能明白……",translated,依恩,8ad835c3c0,br=0 nl=1,2,
inc/event/res/itemevent01/rt_dr04a.txt#6#12,"……あ、ダメだね、これじゃわからないね。
これはね、飲んだ人の集中力を、クイッと
上げるためのお薬なの。","……啊不行，光看这个根本看不明白呢。
这个啊，是用来让人的注意力
唰地一下提升的药剂哦。",translated,依恩,90f32e9dfd,br=0 nl=2,3,
inc/event/res/itemevent01/rt_dr04a.txt#7#12,"グッとでも、グンとでもじゃなくて、
あくまでもクイッと上がるだけだからね。","不是蹭蹭暴涨，也不是大幅飙升，
终究只是稍微唰地提升一点点而已哦。",translated,依恩,9a783abd9e,br=0 nl=1,2,
inc/event/res/itemevent01/rt_dr04a.txt#8#12,あんまり期待しちゃいけないよ。,可别抱太大期待哦。,translated,依恩,77440773dc,br=0 nl=0,1,
inc/event/res/itemevent01/rt_dr04a.txt#9#12,"それじゃあ早速少し飲んでみるね。
せーのっ……んぐっ！","那我这就稍微喝一口尝尝看。
预备――咕嘟！",translated,依恩,adf4af55a6,br=0 nl=1,2,
inc/event/res/itemevent01/rt_dr04a.txt#11#12,"……っ！？
わぁ、スースーするよ、これ！","……！？
哇，这东西好清凉透心凉啊！",translated,依恩,5042a21a85,br=0 nl=1,2,
inc/event/res/itemevent01/rt_dr04a.txt#12#12,"これ、凄く効くかも。
息を吸うたびに鼻と咽がスーッとするの。","这个好像非常见效呢。
每次吸气鼻子和喉咙都感觉凉飕飕的。",translated,依恩,6153a13e30,br=0 nl=1,2,
inc/event/res/itemevent01/rt_dr04a.txt#13#12,"凄いよこれ、絶対成功だよ！
徹夜が必要な時にも、これ一本あれば
眠気知らずで動けること間違いなし！","太神了，绝对是大成功！
哪怕遇到需要熬夜的时候，只要有一瓶这个，
肯定就能精神抖擞睡意全无了！",translated,依恩,411a2a7f3a,br=0 nl=2,3,
inc/event/res/itemevent01/rt_dr04a.txt#15#14,"チューンシロップを
作ったよ♪","制作了
调谐糖浆♪",translated,,cd8b5c7a4b,br=0 nl=1,2,
inc/event/res/itemevent01/rt_dr04a.txt#17#14,"チューンシロップが
完成したよ♪","调谐糖浆
制作完成啦♪",translated,,4242ff29b5,br=0 nl=1,2,
inc/event/res/itemevent01/rt_dr04a.txt#19#14,"チューンシロップの
作成完了。
次は何を作ろうかな♪","调谐糖浆制作完毕。
接下来要做什么好呢♪",translated,,2dd98dbaa7,br=0 nl=2,3,
inc/event/res/itemevent01/rt_dr04a.txt#21#14,"チューンシロップが
できたよ♪","调谐糖浆
做好了♪",translated,,6520608310,br=0 nl=1,2,
inc/event/res/itemevent01/rt_dr04e .txt#3#12,ん、多分完璧かな？,嗯，大概堪称完美吧？,translated,依恩,7880bf06f4,br=0 nl=0,1,
inc/event/res/itemevent01/rt_dr04e .txt#4#12,はーい、チューンシロップできたよぉ。,好啦，调谐糖浆做好咯。,translated,依恩,00d7f11564,br=0 nl=0,1,
inc/event/res/itemevent01/rt_dr04e .txt#5#12,"……それにしても、相変わらずパッと見じゃ
何を伝えたいのかわからないラベルだね。","……话说回来，这标签依然是乍一看
完全不知道想表达什么的风格呢。",translated,依恩,663b65586b,br=0 nl=1,2,
inc/event/res/itemevent01/rt_dr04e .txt#6#12,"一応何かに開眼した瞬間の人をモチーフに
しているみたいだけど、集中力を上げるのに
開眼する必要、あるのかな？","虽然好像是以突然大彻大悟的人为主题设计的，
但提升注意力真有必要开天眼吗？",translated,依恩,d222b6fd54,br=0 nl=2,3,
inc/event/res/itemevent01/rt_dr04e .txt#7#12,"……まあ、今はチューンシロップがちゃんと
集中力を上げる効果があるのかを確認する
のが先だよね。","……嘛，现在还是先确认调谐糖浆
是否真的有提升注意力的效果更要紧呢。",translated,依恩,588a6d8474,br=0 nl=2,3,
inc/event/res/itemevent01/rt_dr04e .txt#8#12,"初めて作るわけじゃないんだし、お願い、
成功して！
んぐっ……。","毕竟又不是第一次做了，拜托，
一定要成功呀！
咕嘟……",translated,依恩,bdd94221f5,br=0 nl=2,3,
inc/event/res/itemevent01/rt_dr04e .txt#9#12,"んっ～……スースーしてぇ……。
っ！？","唔～……好清凉啊……
呃！？",translated,依恩,117853cd4f,br=0 nl=1,2,
inc/event/res/itemevent01/rt_dr04e .txt#10#12,来た、頭の中がシャキッて！,来了，脑子里一下子清醒过来了！,translated,依恩,2ea4716f5b,br=0 nl=0,1,
inc/event/res/itemevent01/rt_dr04e .txt#11#12,"はぁ……やっぱりこのお薬、凄過ぎだよ。
まるで頭の中に氷柱が立ったみたいな感じが
するもん。","哈啊……这药果然太强悍了。
感觉简直就像脑海里立起了一根冰棱一样。",translated,依恩,8eef17dff2,br=0 nl=2,3,
inc/event/res/itemevent01/rt_dr04e .txt#12#12,"作れるようになってよかったよ。
また絶対に作ろっと。","能学会做这个真是太好了。
下次我一定要再做一次。",translated,依恩,e67530fee4,br=0 nl=1,2,
inc/event/res/itemevent01/rt_dr04e .txt#13#12,"お片付けもチューンシロップ効果で、
ササッと終わらせちゃうからね！","收拾打扫也借助调谐糖浆的效果，
三下五除二搞定咯！",translated,依恩,4dd45f0842,br=0 nl=1,2,
inc/event/res/itemevent01/rt_dr04e .txt#15#14,"チューンシロップを
また作ったよ♪","又制作了
调谐糖浆♪",translated,,927ca7ebed,br=0 nl=1,2,
inc/event/res/itemevent01/rt_dr04e .txt#17#14,"チューンシロップが
完成したよ♪","调谐糖浆
制作完成啦♪",translated,,4242ff29b5,br=0 nl=1,2,
inc/event/res/itemevent01/rt_dr04e .txt#19#14,"チューンシロップの
作成完了。
次は何を作ろうかな♪","调谐糖浆制作完毕。
接下来要做什么好呢♪",translated,,2dd98dbaa7,br=0 nl=2,3,
inc/event/res/itemevent01/rt_dr04e .txt#21#14,"チューンシロップが
またできたよ♪
いい調子♪","调谐糖浆
又做好了♪
状态不错♪",translated,,9546c5ee87,br=0 nl=2,3,
inc/event/res/itemevent01/rt_dr07a.txt#3#12,……うん、完成！,……嗯，完成！,translated,依恩,576773646d,br=0 nl=0,1,
inc/event/res/itemevent01/rt_dr07a.txt#4#12,"ジャジャーン！
ハラハラドリンク、完成ー！","登登――！
捏汗饮料制作完成啦――！",translated,依恩,93449deea6,br=0 nl=1,2,
inc/event/res/itemevent01/rt_dr07a.txt#5#12,"なんでも、飲むとドキドキしちゃう
効果があるらしいよ。",据说喝了会有让人心跳不已的效果呢。,translated,依恩,e644a4106a,br=0 nl=1,2,
inc/event/res/itemevent01/rt_dr07a.txt#6#12,"つまりこれを飲めば、ほのぼのする映画を
見てもドキドキできるってことだね！","也就是说喝了它，就算看温馨日常电影
也能看得提心吊胆心跳加速呢！",translated,依恩,29f209a9d5,br=0 nl=1,2,
inc/event/res/itemevent01/rt_dr07a.txt#7#12,"……どういう感覚なんだろうね？
ほのぼのするの見ながらドキドキする
感覚って？","……那到底会是怎样一种感觉呢？
一边看着温馨场面一边心跳扑通扑通跳？",translated,依恩,55a45ec26c,br=0 nl=2,3,
inc/event/res/itemevent01/rt_dr07a.txt#8#12,"とりあえず、少しだけ飲んでみるね。
んっ……。","总之，我先稍微喝一点尝尝看。
咕嘟……",translated,依恩,338cf2b985,br=0 nl=1,2,
inc/event/res/itemevent01/rt_dr07a.txt#10#12,……んっ？,……嗯？,translated,依恩,df49f3b316,br=0 nl=0,1,
inc/event/res/itemevent01/rt_dr07a.txt#11#12,"……な、何だろう？
誰かに監視されてるような気が……。","……怎、怎么回事？
总感觉好像有人在监视我……",translated,依恩,71f52131c0,br=0 nl=1,2,
inc/event/res/itemevent01/rt_dr07a.txt#12#12,あ、でも気のせいっぽいような……。,啊，不过好像又只是心理作用……,translated,依恩,f6abbe6cc1,br=0 nl=0,1,
inc/event/res/itemevent01/rt_dr07a.txt#13#12,"っ！？
違う、絶対誰かに見られてる！","！？
不对，绝对有人在看着我！",translated,依恩,427c199df1,br=0 nl=1,2,
inc/event/res/itemevent01/rt_dr07a.txt#14#12,"……もしかして、こうやって誰かの視線を
感じてるような気持ちになるから、
ドキドキするってことなのかな？","……难道说，就是通过让人产生被视线注视
的错觉，才达到提心吊胆的效果吗？",translated,依恩,965654821b,br=0 nl=2,3,
inc/event/res/itemevent01/rt_dr07a.txt#15#12,"た、確かにドキドキはするけど……
うぅ、これはむしろ怖いって
言うんじゃないかなぁ……。","虽、虽然心跳确实加速了……
呜呜，但这分明就是害怕被吓到了吧……",translated,依恩,a0fcffc8ee,br=0 nl=2,3,
inc/event/res/itemevent01/rt_dr07a.txt#16#12,"なんだかわからないけど、凄いお薬
作っちゃった……。
うぅ、怖いけど、完成は完成……だね。","虽然莫名其妙，但做了个不得了的药剂呢……
呜呜，虽说很吓人，但也算完成啦……",translated,依恩,baf0964f78,br=0 nl=2,3,
inc/event/res/itemevent01/rt_dr07a.txt#18#14,"ハラハラドリンクを
作ったよ♪","制作了
捏汗饮料♪",translated,,ce2b3bdadc,br=0 nl=1,2,
inc/event/res/itemevent01/rt_dr07a.txt#20#14,"ハラハラドリンクが
完成したよ♪","捏汗饮料
制作完成啦♪",translated,,274a88af89,br=0 nl=1,2,
inc/event/res/itemevent01/rt_dr07a.txt#22#14,"ハラハラドリンクの
作成完了。
次は何を作ろうかな♪","捏汗饮料制作完毕。
接下来要做什么好呢♪",translated,,6ca6e2a371,br=0 nl=2,3,
inc/event/res/itemevent01/rt_dr07a.txt#24#14,"ハラハラドリンクが
できたよ♪","捏汗饮料
做好了♪",translated,,d95aa43eed,br=0 nl=1,2,
inc/event/res/itemevent01/rt_dr07e.txt#3#12,……ん、こんな感じかな？,……嗯，大概是这种感觉吧？,translated,依恩,d09c513a49,br=0 nl=0,1,
inc/event/res/itemevent01/rt_dr07e.txt#4#12,はい、ハラハラドリンク完成したよ……。,喏，捏汗饮料制作完成咯……,translated,依恩,1f40ffea74,br=0 nl=0,1,
inc/event/res/itemevent01/rt_dr07e.txt#5#12,"うん、これってちょっと苦手だから、
素直に喜べないんだよね。","嗯，因为我对这个有点害怕，
实在没办法由衷高兴起来呢。",translated,依恩,04682c1f70,br=0 nl=1,2,
inc/event/res/itemevent01/rt_dr07e.txt#6#12,"誰かの視線を感じ続けるのって、
ハラハラでもドキドキでも無くて、
ゾワゾワの領域だよ。","一直感觉到若有若无的视线，
根本不是捏一把汗或心跳不已，
这纯粹是毛骨悚然的领域啦。",translated,依恩,76e423aef1,br=0 nl=2,3,
inc/event/res/itemevent01/rt_dr07e.txt#7#12,"……とにかく、効果があるか試してみるね。
せーのっ、んぐっ！","……总之，我来试试看有没有效果吧。
预备――咕嘟！",translated,依恩,bc1e6f5de6,br=0 nl=1,2,
inc/event/res/itemevent01/rt_dr07e.txt#9#12,っ！？,呃！？,translated,依恩,8853903117,br=0 nl=0,1,
inc/event/res/itemevent01/rt_dr07e.txt#10#12,"はぁ……どういうことになるかわかってる
とは言っても、やっぱりこの瞬間は心臓に
悪いなぁ……。","哈啊……虽说早就知道会变成这样，
但这个瞬间果然对心脏很不友好啊……",translated,依恩,7fb025947e,br=0 nl=2,3,
inc/event/res/itemevent01/rt_dr07e.txt#11#12,"うん、調合は成功みたいだよ。
ちゃんと、あなた以外の人の視線を感じる
もん。","嗯，调合好像成功了哦。
我确实感觉到了来自你以外的视线呢。",translated,依恩,7eefb4ae80,br=0 nl=2,3,
inc/event/res/itemevent01/rt_dr07e.txt#12#12,"……これを飲んでる時は、近くに人形とか
置かないようにしよう。
なんだか余計に怖くなりそうだし。","……喝这个的时候，身边可不能放玩偶呢。
总觉得会变得格外吓人。",translated,依恩,1463594cb0,br=0 nl=2,3,
inc/event/res/itemevent01/rt_dr07e.txt#13#12,"うぅ、落ち着かない……。
それじゃ、お片付けするね。","呜呜，静不下心来……
那么，我先收拾打扫咯。",translated,依恩,9ccab57d13,br=0 nl=1,2,
inc/event/res/itemevent01/rt_dr07e.txt#15#14,"ハラハラドリンクを
また作ったよ♪","又制作了
捏汗饮料♪",translated,,4b037780cc,br=0 nl=1,2,
inc/event/res/itemevent01/rt_dr07e.txt#17#14,"ハラハラドリンクが
完成したよ♪","捏汗饮料
制作完成啦♪",translated,,274a88af89,br=0 nl=1,2,
inc/event/res/itemevent01/rt_dr07e.txt#19#14,"ハラハラドリンクの
作成完了。
次は何を作ろうかな♪","捏汗饮料制作完毕。
接下来要做什么好呢♪",translated,,6ca6e2a371,br=0 nl=2,3,
inc/event/res/itemevent01/rt_dr07e.txt#21#14,"ハラハラドリンクが
またできたよ♪
いい調子♪","捏汗饮料
又做好了♪
状态不错♪",translated,,a0c8ef0036,br=0 nl=2,3,
inc/event/res/itemevent01/rt_ev01a.txt#3#12,わぁ、可愛い！,哇，好可爱！,translated,依恩,753d08140e,br=0 nl=0,1,
inc/event/res/itemevent01/rt_ev01a.txt#4#12,ジャンジャーン、見て見て！,锵锵――你看你看！,translated,依恩,566187d205,br=0 nl=0,1,
inc/event/res/itemevent01/rt_ev01a.txt#5#12,"シエスタサンダルっていうの。
えへへ、可愛いでしょ？","这叫午睡凉鞋哦。
诶嘿嘿，很可爱对吧？",translated,依恩,ef0d07721a,br=0 nl=1,2,
inc/event/res/itemevent01/rt_ev01a.txt#6#12,"あなたに見せるものだから、
少し頑張っちゃいました。
えへへ……。","因为是要拿给你看的东西，
我稍微加了把劲呢。
诶嘿嘿……",translated,依恩,8b40d9e86a,br=0 nl=2,3,
inc/event/res/itemevent01/rt_ev01a.txt#7#12,特に問題はないと思うんだけど……。,我觉得应该没有什么毛病……,translated,依恩,4ca2f87393,br=0 nl=0,1,
inc/event/res/itemevent01/rt_ev01a.txt#8#12,"……うん、大きさもいい感じだし、
これなら問題なさそう。","……嗯，大小也正合适，
这样应该没什么问题。",translated,依恩,1b2a986273,br=0 nl=1,2,
inc/event/res/itemevent01/rt_ev01a.txt#9#12,"サンダルなんて作るの初めてだから、
上手くいくかちょっとだけ心配だったの。","毕竟我是第一次做凉鞋，
稍微有点担心能不能做好呢。",translated,依恩,7fa8ec1a1e,br=0 nl=1,2,
inc/event/res/itemevent01/rt_ev01a.txt#10#12,"まあ、服くらいなら自分で作る人はいると
思うけど、靴とかサンダルみたいなものを
自分で作る人は限られてるよね。","嘛，虽然自己做衣服的人倒是有，
但亲手做鞋子或凉鞋的人
应该很稀少吧。",translated,依恩,8d9ea7fac0,br=0 nl=2,3,
inc/event/res/itemevent01/rt_ev01a.txt#12#12,作れたことにビックリ,你能做出来真让我吃惊,translated,,6b43c23f09,br=0 nl=0,1,
inc/event/res/itemevent01/rt_ev01a.txt#13#12,"限られてるよね？
普通の人って、サンダルなんて
作れない、よね？","很稀少对吧？
普通人应该根本做不出凉鞋来……对吧？",translated,依恩,4048a18960,br=0 nl=2,3,
inc/event/res/itemevent01/rt_ev01a.txt#14#12,"まあ、できないよりもできた方が
絶対にいいもん！",嘛，能做出来总比做不出来要好嘛！,translated,依恩,4e1347c535,br=0 nl=1,2,
inc/event/res/itemevent01/rt_ev01a.txt#18#12,"えへへ、これを履いてお散歩するの、
凄く楽しみだよ。
早く海に行きたいなぁ。","诶嘿嘿，穿着这个去散步，
真的超让人期待呢。
好想快点去海边呀。",translated,依恩,ebc6be1702,br=0 nl=2,3,
inc/event/res/itemevent01/rt_ev01a.txt#22#12,"だよねぇ。
わたしも今更ながらビックリしてるよ。","对吧对吧。
我自己事后想想也挺吃惊的呢。",translated,依恩,19d8a0ce79,br=0 nl=1,2,
inc/event/res/itemevent01/rt_ev01a.txt#23#12,"まあ、本格的な靴とかブーツを作るよりは
簡単なんじゃないかな？","嘛，不过比起做正式的皮鞋或靴子，
做凉鞋应该更简单一点吧？",translated,依恩,22211adf8b,br=0 nl=1,2,
inc/event/res/itemevent01/rt_ev01a.txt#24#12,"基本的にゴムなんだし。
……そう考えると、ビーチサンダルって
結構誰でも作れるのかもしれないね。","毕竟基本都是橡胶做的嘛。
……这么一想，沙滩凉鞋
说不定谁都能做出来呢。",translated,依恩,9bfb94974c,br=0 nl=2,3,
inc/event/res/itemevent01/rt_ev01a.txt#25#12,"また機会があれば作ってみようかな？
何はともあれ、今回は大成功だね！","下次有机会要不再做做看？
不管怎样，这次大获成功呢！",translated,依恩,9e21de0092,br=0 nl=1,2,
inc/event/res/itemevent01/rt_ev01a.txt#28#14,"シエスタサンダルを
作ったよ♪","制作了
午睡凉鞋♪",translated,,5937eec59b,br=0 nl=1,2,
inc/event/res/itemevent01/rt_ev01a.txt#30#14,"シエスタサンダルが
完成したよ♪","午睡凉鞋
制作完成啦♪",translated,,1a7e586278,br=0 nl=1,2,
inc/event/res/itemevent01/rt_ev01a.txt#32#14,"シエスタサンダルの
作成完了。
次は何を作ろうかな♪","午睡凉鞋制作完毕。
接下来要做什么好呢♪",translated,,516957b61d,br=0 nl=2,3,
inc/event/res/itemevent01/rt_ev01a.txt#34#14,"シエスタサンダルが
できたよ♪","午睡凉鞋
做好了♪",translated,,51e420b170,br=0 nl=1,2,
inc/event/res/itemevent01/rt_ev01c.txt#3#12,はい、完成！,好，完成！,translated,依恩,f65117cfbf,br=0 nl=0,1,
inc/event/res/itemevent01/rt_ev01c.txt#4#12,"シエスタサンダル。
またまた作っちゃいましたー！","午睡凉鞋。
我又做了一双哦――！",translated,依恩,20b66aacda,br=0 nl=1,2,
inc/event/res/itemevent01/rt_ev01c.txt#5#12,"えへへ、これを作ってる時、
ドキドキしっぱなしだったよ。","诶嘿嘿，做这个的时候，
我心里一直扑通扑通跳呢。",translated,依恩,e1b9caedcb,br=0 nl=1,2,
inc/event/res/itemevent01/rt_ev01c.txt#6#12,"上手くできたら、これを履いてデートに
行けるんだなぁ、って思っちゃって……。","只要做成功了，就能穿着它去约会了呢，
一想到这里就忍不住……",translated,依恩,140d8111c6,br=0 nl=1,2,
inc/event/res/itemevent01/rt_ev01c.txt#7#12,"と、とにかく、ちゃんとできてるか
確認するね。
えっと……。","总、总之得先确认一下有没有做好呢。
我看看……",translated,依恩,8e43648470,br=0 nl=2,3,
inc/event/res/itemevent01/rt_ev01c.txt#8#12,"……うん、完璧だよ！
可愛く出来上がりましたー！","……嗯，很完美！
做得超级可爱哦――！",translated,依恩,81730218f7,br=0 nl=1,2,
inc/event/res/itemevent01/rt_ev01c.txt#9#12,"あ、でも初めてじゃないんだから、
少しデザインを変えたりした方が
よかったかな？","啊，不过既然不是第一次做了，
我是不是应该稍微改改设计比较好呢？",translated,依恩,42f643656c,br=0 nl=2,3,
inc/event/res/itemevent01/rt_ev01c.txt#10#12,う～ん……。,唔～……,translated,依恩,31ba2d44c8,br=0 nl=0,1,
inc/event/res/itemevent01/rt_ev01c.txt#11#12,"……やっぱり、このままでいいよね？
下手にアレンジして、取り返しのつかない
大失敗したら悲しいもんね。","……果然还是保持原样比较好对吧？
要是瞎改一番导致不可挽回的大失败，
那可就太让人伤心了嘛。",translated,依恩,6dd8f0cdda,br=0 nl=2,3,
inc/event/res/itemevent01/rt_ev01c.txt#12#12,"とにかく、せっかく作ったんだから
早くこれを履いて海に行きたいな。","总之难得做好了，
好想快点穿上它去海边呀。",translated,依恩,e27c246b57,br=0 nl=1,2,
inc/event/res/itemevent01/rt_ev01c.txt#14#14,"シエスタサンダルを
また作ったよ♪","又制作了
午睡凉鞋♪",translated,,f1fdd3bad0,br=0 nl=1,2,
inc/event/res/itemevent01/rt_ev01c.txt#16#14,"シエスタサンダルが
完成したよ♪","午睡凉鞋
制作完成啦♪",translated,,1a7e586278,br=0 nl=1,2,
inc/event/res/itemevent01/rt_ev01c.txt#18#14,"シエスタサンダルの
作成完了。
次は何を作ろうかな♪","午睡凉鞋制作完毕。
接下来要做什么好呢♪",translated,,516957b61d,br=0 nl=2,3,
inc/event/res/itemevent01/rt_ev01c.txt#20#14,"シエスタサンダルが
またできたよ♪
いい調子♪","午睡凉鞋
又做好了♪
状态不错♪",translated,,a33ca3af72,br=0 nl=2,3,
inc/event/res/itemevent01/rt_ev02a.txt#3#12,えへへ、でっきあっがりー！,诶嘿嘿，做――好――啦！,translated,依恩,53d6f35c0b,br=0 nl=0,1,
inc/event/res/itemevent01/rt_ev02a.txt#4#12,"日焼け対策の必需品、
フレアガードだよ！","防晒必备好物，
耀斑护盾来咯！",translated,依恩,f1ac7288f3,br=0 nl=1,2,
inc/event/res/itemevent01/rt_ev02a.txt#5#12,"海に行くならやっぱり日焼け対策は
ちゃんとしないとダメだよね。
これでもわたし、女の子だもん。","去海边的话，防晒措施肯定得做好才行呢。
我好歹也是个女孩子嘛。",translated,依恩,4620dae60a,br=0 nl=2,3,
inc/event/res/itemevent01/rt_ev02a.txt#6#12,"……あれ？
でも、あの海って仮想世界だよね？","……咦？
不过那个海是虚拟世界对吧？",translated,依恩,1808f68ad5,br=0 nl=1,2,
inc/event/res/itemevent01/rt_ev02a.txt#7#12,"仮想世界の太陽で、
日焼けなんてするのかな？","虚拟世界的太阳，
真的会把人晒黑吗？",translated,依恩,ea774dfc1e,br=0 nl=1,2,
inc/event/res/itemevent01/rt_ev02a.txt#8#12,"……まあ、してもしなくても、
こういうのは雰囲気だよね！","……嘛，晒不晒得黑，
这种事讲究的就是个氛围感嘛！",translated,依恩,ec9ecf19e2,br=0 nl=1,2,
inc/event/res/itemevent01/rt_ev02a.txt#9#12,"さてと、とりあえずちゃんとできてるか
確認してみるね。
えっと……。","好啦，总之我先确认一下有没有做好呢。
我看看……",translated,依恩,87566cecff,br=0 nl=2,3,
inc/event/res/itemevent01/rt_ev02a.txt#10#12,"……でも、これって実際に使ってみるまで
効果があるのかどうか判断できないよね？","……不过这个，在实际涂抹之前，
根本没办法判断有没有防晒效果对吧？",translated,依恩,e2f8c72c41,br=0 nl=1,2,
inc/event/res/itemevent01/rt_ev02a.txt#11#12,だって見た目はただのオイルなんだし。,毕竟看起来就只是一般的精油嘛。,translated,依恩,99dd72f9e2,br=0 nl=0,1,
inc/event/res/itemevent01/rt_ev02a.txt#12#12,"でも、一応それっぽくできてるから
大丈夫だとは思うんだけど……。
う～ん、どうすればいいのかなぁ？","不过大致上做得挺像模像样的，
应该没问题才对……
唔～该怎么办好呢？",translated,依恩,9ac72685a8,br=0 nl=2,3,
inc/event/res/itemevent01/rt_ev02a.txt#14#12,イオンが作ったんだから平気,依恩做的肯定没问题,translated,,532a44e964,br=0 nl=0,1,
inc/event/res/itemevent01/rt_ev02a.txt#15#12,"確かめるにしても実際に使う以外に
方法はないだろうし。","想要确认除了亲自用用看
也没有别的办法了嘛。",translated,依恩,cd14ddbb11,br=0 nl=1,2,
inc/event/res/itemevent01/rt_ev02a.txt#16#12,"っていうか、それって物凄く時間が
かかっちゃうよね？",话说回来，那样确认也太花时间了吧？,translated,依恩,bd61f865f2,br=0 nl=1,2,
inc/event/res/itemevent01/rt_ev02a.txt#20#12,"……ま、まあ、見た目も触った感じも
特に変なところがあるわけじゃないし、
これで完成でいいよね？","……嘛、嘛，外观和质感
摸起来都没什么奇怪的地方，
这就当做完成了吧？",translated,依恩,d46eb4b147,br=0 nl=2,3,
inc/event/res/itemevent01/rt_ev02a.txt#21#12,うん、多分大丈夫！,嗯，大概没问题！,translated,依恩,7c7c30b2ec,br=0 nl=0,1,
inc/event/res/itemevent01/rt_ev02a.txt#25#12,"えへへ、信頼してくれてるんだ？
ありがと。","诶嘿嘿，你这么信任我呀？
谢谢你。",translated,依恩,b8b6799ee7,br=0 nl=1,2,
inc/event/res/itemevent01/rt_ev02a.txt#26#12,"あなたがそう言ってくれるなら、
完成ってことにしちゃってもいいかな？","既然你都这么说了，
那我就算它大功告成啦？",translated,依恩,cc3b85ba64,br=0 nl=1,2,
inc/event/res/itemevent01/rt_ev02a.txt#27#12,"見た感じ特に問題もないみたいだし、
うん、多分これで大丈夫なはず！","看起来也没有什么毛病，
嗯，这样大概率不会有问题的！",translated,依恩,4f0a1c7b9e,br=0 nl=1,2,
inc/event/res/itemevent01/rt_ev02a.txt#28#12,"そんなわけで、今日も大成功！
えへへ、早く使ってみたいね。","就这样，今天也是大获成功！
诶嘿嘿，好想早点涂上试试看呢。",translated,依恩,1f03f12e7d,br=0 nl=1,2,
inc/event/res/itemevent01/rt_ev02a.txt#31#14,"フレアガードを
作ったよ♪","制作了
耀斑护盾♪",translated,,1e6a89eb9a,br=0 nl=1,2,
inc/event/res/itemevent01/rt_ev02a.txt#33#14,"フレアガードが
完成したよ♪","耀斑护盾
制作完成啦♪",translated,,977bb7425d,br=0 nl=1,2,
inc/event/res/itemevent01/rt_ev02a.txt#35#14,"フレアガードの
作成完了。
次は何を作ろうかな♪","耀斑护盾制作完毕。
接下来要做什么好呢♪",translated,,5fef740a0e,br=0 nl=2,3,
inc/event/res/itemevent01/rt_ev02a.txt#37#14,"フレアガードが
できたよ♪","耀斑护盾
做好了♪",translated,,0ca4950a04,br=0 nl=1,2,
inc/event/res/itemevent01/rt_ev02c.txt#3#12,ふぅ……多分これで平気かな？,呼……这样大概就可以了吧？,translated,依恩,27494a7847,br=0 nl=0,1,
inc/event/res/itemevent01/rt_ev02c.txt#4#12,"フレアガード、
またまた作っちゃいましたー！","耀斑护盾，
我又做了一份哦――！",translated,依恩,dc05df5ba7,br=0 nl=1,2,
inc/event/res/itemevent01/rt_ev02c.txt#5#12,"えへへ、これって作ってる最中、
ちょっと恥ずかしいんだよね。","诶嘿嘿，做这个的时候，
其实心里稍微有点害羞呢。",translated,依恩,717727a7ef,br=0 nl=1,2,
inc/event/res/itemevent01/rt_ev02c.txt#6#12,"だって、これを作るってことはつまり、
あなたに、その……。","因为，做这个东西也就是说，
要让你帮忙……那个……",translated,依恩,22a9f27eda,br=0 nl=1,2,
inc/event/res/itemevent01/rt_ev02c.txt#7#12,"って、それを考えるのはまだ早いよね！
まずは使えるかどうかを確かめないと
いけないんだし。","哎呀，现在想那些还太早啦！
首先必须确认能不能正常使用才行嘛。",translated,依恩,58a2b5f28f,br=0 nl=2,3,
inc/event/res/itemevent01/rt_ev02c.txt#8#12,"それじゃ、ちょっと見てみるね。
えぇっと……。","那我来看看哦。
我看看……",translated,依恩,af774e5b8f,br=0 nl=1,2,
inc/event/res/itemevent01/rt_ev02c.txt#9#12,"……相変わらず、普通のオイルだから
見たり触ったりしてもよくわからないけど、
多分大丈夫じゃないかな？","……还是一样，因为就是普通的精油，
光看光摸也看不出什么名堂，
不过应该没问题吧？",translated,依恩,684fec4706,br=0 nl=2,3,
inc/event/res/itemevent01/rt_ev02c.txt#10#12,"変な臭いもしないし、最初はジェルみたい
だけどすぐにサラサラになるから、
ベトベトして気持ち悪くならないし。","既没有异味，刚抹上像凝胶但很快就吸收，
不会黏糊糊的不舒服。",translated,依恩,905044c6d2,br=0 nl=2,3,
inc/event/res/itemevent01/rt_ev02c.txt#11#12,"うん、これなら大丈夫だよ。
完璧に大成功！","嗯，这样就没问题啦。
堪称完美的大成功！",translated,依恩,8a6a03d21f,br=0 nl=1,2,
inc/event/res/itemevent01/rt_ev02c.txt#12#12,……だと思うよ、多分。,……我是这么觉得的，大概。,translated,依恩,310a98ed88,br=0 nl=0,1,
inc/event/res/itemevent01/rt_ev02c.txt#14#14,"フレアガードを
また作ったよ♪","又制作了
耀斑护盾♪",translated,,35f983bde4,br=0 nl=1,2,
inc/event/res/itemevent01/rt_ev02c.txt#16#14,"フレアガードが
完成したよ♪","耀斑护盾
制作完成啦♪",translated,,977bb7425d,br=0 nl=1,2,
inc/event/res/itemevent01/rt_ev02c.txt#18#14,"フレアガードの
作成完了。
次は何を作ろうかな♪","耀斑护盾制作完毕。
接下来要做什么好呢♪",translated,,5fef740a0e,br=0 nl=2,3,
inc/event/res/itemevent01/rt_ev02c.txt#20#14,"フレアガードが
またできたよ♪
いい調子♪","耀斑护盾
又做好了♪
状态不错♪",translated,,82aac84db8,br=0 nl=2,3,
inc/event/res/itemevent01/rt_ev03a.txt#3#12,うん、それっぽくなってる。,嗯，做得挺像那么回事的。,translated,依恩,3dcd08dcbd,br=0 nl=0,1,
inc/event/res/itemevent01/rt_ev03a.txt#4#12,"ジャジャーーン！
ネリコポイントカード、完成だよ！","登登――！
妮莉库积分卡制作完成啦！",translated,依恩,87ae6548ec,br=0 nl=1,2,
inc/event/res/itemevent01/rt_ev03a.txt#5#12,"これがあればショッピングセンターに
行くのも楽しくなるよね。",有了这个，去购物中心也会变得更有趣呢。,translated,依恩,61a9aac147,br=0 nl=1,2,
inc/event/res/itemevent01/rt_ev03a.txt#6#12,"お買い物しても持って帰れないのは
ちょっと寂しいけど……。","虽然买完东西也没办法带回家
让人有点失落……",translated,依恩,11286b707b,br=0 nl=1,2,
inc/event/res/itemevent01/rt_ev03a.txt#7#12,"でも、ポイントならこっちで作る度に
加算できるから、買い物をした証拠は
残せるもんね。","不过积分的话每次在这边做东西都能累积，
就能留下买过东西的证明了嘛。",translated,依恩,c53bd623c8,br=0 nl=2,3,
inc/event/res/itemevent01/rt_ev03a.txt#8#12,"これね、自分でもビックリするくらい
完成度が高くなったよ。","这个做出来的完成度之高，
连我自己都吓了一跳呢。",translated,依恩,1c8de61388,br=0 nl=1,2,
inc/event/res/itemevent01/rt_ev03a.txt#9#12,"これならショッピングセンター以外の
場所のポイントカードも作れそうだね。","这样一来，购物中心以外其他地方的积分卡
感觉也能做出来了呢。",translated,依恩,71fe9e29d8,br=0 nl=1,2,
inc/event/res/itemevent01/rt_ev03a.txt#10#12,例えば、海のポイントカードとか……。,比如说，海边的积分卡之类的……,translated,依恩,314738a745,br=0 nl=0,1,
inc/event/res/itemevent01/rt_ev03a.txt#11#12,……海のポイントカード？,……海边的积分卡？,translated,依恩,2dd137f34c,br=0 nl=0,1,
inc/event/res/itemevent01/rt_ev03a.txt#12#12,"えっと、海の家の
ポイントカードとかだね！","呃，也就是海滨之家的
积分卡之类的啦！",translated,依恩,0fb69decfa,br=0 nl=1,2,
inc/event/res/itemevent01/rt_ev03a.txt#13#12,"……でも、海の家ってポイントカード
あるのかな？",……不过海滨之家会有积分卡吗？,translated,依恩,c742626e09,br=0 nl=1,2,
inc/event/res/itemevent01/rt_ev03a.txt#14#12,"ま、まあ、作れることはわかったんだから、
いつでも作れるってことで。
とにかく今回は、大成功だよ！","嘛、嘛，既然知道能做出来，
随时都可以做嘛。
总之这次是大获成功哦！",translated,依恩,64282c906d,br=0 nl=2,3,
inc/event/res/itemevent01/rt_ev03a.txt#16#14,"ネリコポイントカード
を作ったよ♪","制作了
妮莉库积分卡♪",translated,,a7f9e9d034,br=0 nl=1,2,
inc/event/res/itemevent01/rt_ev03a.txt#18#14,"ネリコポイントカード
が完成したよ♪","妮莉库积分卡
制作完成啦♪",translated,,b565595971,br=0 nl=1,2,
inc/event/res/itemevent01/rt_ev03a.txt#20#14,"ネリコポイントカード
の作成完了。
次は何を作ろうかな♪","妮莉库积分卡制作完毕。
接下来要做什么好呢♪",translated,,709bde2a0e,br=0 nl=2,3,
inc/event/res/itemevent01/rt_ev03a.txt#22#14,"ネリコポイントカード
ができたよ♪","妮莉库积分卡
做好了♪",translated,,3b1ad506ff,br=0 nl=1,2,
inc/event/res/itemevent01/rt_ev03c.txt#3#12,ふぅ、やっと完成だよ。,呼，终于完成啦。,translated,依恩,62f943cdd5,br=0 nl=0,1,
inc/event/res/itemevent01/rt_ev03c.txt#4#12,"ネリコポイントカード、
またまた作ってみましたー！","妮莉库积分卡，
我又做了一张哦――！",translated,依恩,a39b16c304,br=0 nl=1,2,
inc/event/res/itemevent01/rt_ev03c.txt#5#12,"えへへ、このポイントカード、
デザインが凄く気に入ってるの。","诶嘿嘿，这张积分卡的设计，
我真的超级喜欢呢。",translated,依恩,29616bc02a,br=0 nl=1,2,
inc/event/res/itemevent01/rt_ev03c.txt#6#12,"そういえばポイントカードって、絵柄が
何種類もあって、好きなのを選べるような
のもあるよね？","说起来积分卡好像有好几种图案版面，
能自由挑选喜欢的样式的卡片对吧？",translated,依恩,c15e45fdb2,br=0 nl=2,3,
inc/event/res/itemevent01/rt_ev03c.txt#7#12,"これももう少し、
絵柄を増やしてみようかな……？","要不要也把这个的卡面图案
多增加几种呢……？",translated,依恩,fff0978458,br=0 nl=1,2,
inc/event/res/itemevent01/rt_ev03c.txt#8#12,"……でも、なんか作業を難しくするだけの
ような気もするし、余計なことはしない方が
いいかな？","……不过总感觉只是徒增繁琐工序而已，
还是别节外生枝比较好吧？",translated,依恩,debcc6c24a,br=0 nl=2,3,
inc/event/res/itemevent01/rt_ev03c.txt#9#12,"まあ、今のデザインも気に入ってるから、
無理に変える必要はないよね。","嘛，既然目前的版面我也挺喜欢的，
就没必要勉强去改啦。",translated,依恩,9df6a23620,br=0 nl=1,2,
inc/event/res/itemevent01/rt_ev03c.txt#10#12,"それに今から変えたら、実際に使う時に
どれがポイントカードなのかわからなくて
混乱しちゃいそうだし。","而且现在要是改了，实际用的时候
分不清哪张才是积分卡而搞混就不好了嘛。",translated,依恩,c2b45c4257,br=0 nl=2,3,
inc/event/res/itemevent01/rt_ev03c.txt#11#12,"さてと、それじゃ完成したことだし、
無くさないようにしまっておかなくちゃ。","好啦，既然做完了，
我得好好收起来免得弄丢了呢。",translated,依恩,791ec96aac,br=0 nl=1,2,
inc/event/res/itemevent01/rt_ev03c.txt#13#14,"ネリコポイントカード
をまた作ったよ♪","又制作了
妮莉库积分卡♪",translated,,c18d5239c5,br=0 nl=1,2,
inc/event/res/itemevent01/rt_ev03c.txt#15#14,"ネリコポイントカード
が完成したよ♪","妮莉库积分卡
制作完成啦♪",translated,,b565595971,br=0 nl=1,2,
inc/event/res/itemevent01/rt_ev03c.txt#17#14,"ネリコポイントカード
の作成完了。
次は何を作ろうかな♪","妮莉库积分卡制作完毕。
接下来要做什么好呢♪",translated,,709bde2a0e,br=0 nl=2,3,
inc/event/res/itemevent01/rt_ev03c.txt#19#14,"ネリコポイントカード
がまたできたよ♪
いい調子♪","妮莉库积分卡
又做好了♪
状态不错♪",translated,,763496bb36,br=0 nl=2,3,
inc/event/res/itemevent01/rt_fa01a.txt#3#12,えへへ、意外とよく出来たみたい。,诶嘿嘿，看来做得出奇地好呢。,translated,依恩,84d603a726,br=0 nl=0,1,
inc/event/res/itemevent01/rt_fa01a.txt#4#12,"ジャンジャジャーン！
プライムグラスの完成だよ！","锵锵锵――！
布拉姆眼镜制作完成啦！",translated,依恩,311c7c9ccb,br=0 nl=1,2,
inc/event/res/itemevent01/rt_fa01a.txt#5#12,このデザイン、見覚えあるでしょ？,这个设计，你看起来很眼熟吧？,translated,依恩,481943ebea,br=0 nl=0,1,
inc/event/res/itemevent01/rt_fa01a.txt#6#12,"プラムくんのつけてたメガネを
真似て作ってみたんだ。",我是仿照布拉姆戴的眼镜做出来的哦。,translated,依恩,d4c5c95ded,br=0 nl=1,2,
inc/event/res/itemevent01/rt_fa01a.txt#7#12,"まあ、わたしは目が悪くないから、
レンズに度は入ってないけどね。","嘛，不过因为我不近视，
镜片上并没有配度数就是了。",translated,依恩,1b1d33e8a4,br=0 nl=1,2,
inc/event/res/itemevent01/rt_fa01a.txt#8#12,その代わり、レンズの強度を上げてあるの。,作为替代，我特意加强了镜片的硬度哦。,translated,依恩,dd2af2a690,br=0 nl=0,1,
inc/event/res/itemevent01/rt_fa01a.txt#9#12,"溶接作業をする時なんかに目を守れる、
ゴーグル並の強度があるんだよ。
凄いでしょ～。","它拥有能与护目镜媲美的强度，
在焊接作业时还能用来保护眼睛呢。
很厉害吧～",translated,依恩,83b0f60a37,br=0 nl=2,3,
inc/event/res/itemevent01/rt_fa01a.txt#10#12,"う～ん、それにしても、作りたてだから
レンズがピカピカで、凄く綺麗……。","唔～话说回来，因为是刚做好的，
镜片闪闪发亮，真的好漂亮……",translated,依恩,f08085e5a1,br=0 nl=1,2,
inc/event/res/itemevent01/rt_fa01a.txt#11#12,作ってる間、実はちょっと心配だったの。,在制作的过程中，其实我稍微有点担心呢。,translated,依恩,b51fd0a25a,br=0 nl=0,1,
inc/event/res/itemevent01/rt_fa01a.txt#12#12,"組み立てた後でレンズに傷がついちゃったり
してないかなぁ、って。",一直在想组装完后镜片会不会被刮花呢。,translated,依恩,ba03371be7,br=0 nl=1,2,
inc/event/res/itemevent01/rt_fa01a.txt#13#12,"精密作業にはなれてるけど、
メガネを作る作業には慣れてないから、
扱い方がまだよくわからないの。","虽然习惯了精密作业，
但我可没怎么做过眼镜，
还不太懂得该怎么拿捏处理呢。",translated,依恩,6d046e6cc0,br=0 nl=2,3,
inc/event/res/itemevent01/rt_fa01a.txt#15#12,視力悪くないよね？,你视力又不差吧？,translated,,ac60dc62f7,br=0 nl=0,1,
inc/event/res/itemevent01/rt_fa01a.txt#16#12,"レンズを直接触ったらいけない、って
いうのもさっきまで知らなかったしね。",甚至直到刚才我都不知道不能直接用手摸镜片呢。,translated,依恩,d261a296b9,br=0 nl=1,2,
inc/event/res/itemevent01/rt_fa01a.txt#17#12,"思った以上に指紋の後がくっきりと
残っちゃって、ビックリしたよ。","指纹印比想象中还要清晰地留在上面，
吓了我一跳呢。",translated,依恩,40e05284e9,br=0 nl=1,2,
inc/event/res/itemevent01/rt_fa01a.txt#21#12,"まあ、そんなトラブルもあったけど、
無事に作ることができてよかった。","嘛，虽然有些小插曲，
但能平安做出来真是太好了。",translated,依恩,5d58886a2e,br=0 nl=1,2,
inc/event/res/itemevent01/rt_fa01a.txt#22#12,"でも、今度作る時はもう少し気をつけて
作るようにするね。","不过下次再做的时候，
我会更加小心翼翼的。",translated,依恩,c312693989,br=0 nl=1,2,
inc/event/res/itemevent01/rt_fa01a.txt#26#12,"確かにそうなんだけど、かける以上は
傷があったら嫌でしょ？","虽然确实不近视，但既然戴上了，
有划痕的话你也会觉得讨厌对吧？",translated,依恩,125e66e545,br=0 nl=1,2,
inc/event/res/itemevent01/rt_fa01a.txt#27#12,"見えなくはないけど、傷が入った状態の
視界じゃ気になって仕方がないもん。","虽然也不是看不清，但视野里有划痕的话
总会让人忍不住一直去在意嘛。",translated,依恩,c03275fad3,br=0 nl=1,2,
inc/event/res/itemevent01/rt_fa01a.txt#28#12,"だから伊達メガネだとしても、
傷がついているかどうかは
かなり重要だと思うよ。","所以哪怕只是平光装饰眼镜，
有没有划痕也是非常关键的哦。",translated,依恩,6b92bdf0fe,br=0 nl=2,3,
inc/event/res/itemevent01/rt_fa01a.txt#29#12,"でもまあ、ファッションとしての
メガネだし、ずっと付け続けてるわけ
じゃないんだけど……ね。","不过嘛，毕竟只是当作时尚配饰的眼镜，
我也不会一直戴在脸上就是了……呢。",translated,依恩,47a3db0e47,br=0 nl=2,3,
inc/event/res/itemevent01/rt_fa01a.txt#30#12,"とりあえず無事に作れたし、
今回の調合は大成功だよ。","总之平平安安做出来了，
这次的调合是大成功哦。",translated,依恩,88d70df0e9,br=0 nl=1,2,
inc/event/res/itemevent01/rt_fa01a.txt#33#14,"プライムグラスを
作ったよ♪","制作了
布拉姆眼镜♪",translated,,1075de26c3,br=0 nl=1,2,
inc/event/res/itemevent01/rt_fa01a.txt#35#14,"プライムグラスが
完成したよ♪","布拉姆眼镜
制作完成啦♪",translated,,ba2ea27885,br=0 nl=1,2,
inc/event/res/itemevent01/rt_fa01a.txt#37#14,"プライムグラスの
作成完了。
次は何を作ろうかな♪","布拉姆眼镜制作完毕。
接下来要做什么好呢♪",translated,,86e066537f,br=0 nl=2,3,
inc/event/res/itemevent01/rt_fa01a.txt#39#14,"プライムグラスが
できたよ♪","布拉姆眼镜
做好了♪",translated,,3d2ca3d59a,br=0 nl=1,2,
inc/event/res/itemevent01/rt_fa01c.txt#3#12,よーし、できたー！,好――做出来啦――！,translated,依恩,ef591995d6,br=0 nl=0,1,
inc/event/res/itemevent01/rt_fa01c.txt#4#12,"えへへ、またまた作っちゃった。
プライムグラスだよ！","诶嘿嘿，我又做了一副哦。
是布拉姆眼镜！",translated,依恩,3d33f29adf,br=0 nl=1,2,
inc/event/res/itemevent01/rt_fa01c.txt#5#12,"こういう縁のないデザインのメガネって、
何となく賢そうに見えて
かっこいいと思わない？","这种无框设计的眼镜，
总觉得戴上看起来很聪敏，
不觉得很帅气吗？",translated,依恩,2b9341e1b4,br=0 nl=2,3,
inc/event/res/itemevent01/rt_fa01c.txt#6#12,"わたしなんかでもこれをかければ、
出来る女の子、って感じのオーラを
出せそうだし……。","感觉就连我只要戴上它，
也能散发出精明能干女生的气场呢……",translated,依恩,bac7c2bb48,br=0 nl=2,3,
inc/event/res/itemevent01/rt_fa01c.txt#7#12,"……まあ、オーラだけで実際に何かが
変わるわけじゃないんだけどね。","……嘛，虽然也只是气场而已，
实际上并不会有什么改变就是了。",translated,依恩,1fe5b9963f,br=0 nl=1,2,
inc/event/res/itemevent01/rt_fa01c.txt#8#12,"っと、お話に夢中になる前に、
ちゃんと出来てるかの確認をしなくちゃ。","好啦，趁着聊嗨之前，
得先确认一下有没有好好做成功呢。",translated,依恩,4cb7b54ef4,br=0 nl=1,2,
inc/event/res/itemevent01/rt_fa01c.txt#9#12,う～ん…………よしっ！,唔～…………好！,translated,依恩,29b4cc8926,br=0 nl=0,1,
inc/event/res/itemevent01/rt_fa01c.txt#10#12,"大きさも丁度いいし、レンズも凄く綺麗。
これなら問題なくかけられそうかな。","尺寸刚好合适，镜片也非常透亮干净。
这样应该可以放心戴啦。",translated,依恩,9c619357da,br=0 nl=1,2,
inc/event/res/itemevent01/rt_fa01c.txt#11#12,"これとカッコイイ服を合わせれば、
わたしも賢い女の子の仲間入りだね！","用这个搭配帅气的衣服，
我也能跻身智慧女生的行列了呢！",translated,依恩,8fb70b7852,br=0 nl=1,2,
inc/event/res/itemevent01/rt_fa01c.txt#12#12,"……まあ、見た目だけだけど……
で、でも良いんだもん。","……嘛，虽然只是表面看起来像……
但、但是这样也很好嘛。",translated,依恩,d65598cafb,br=0 nl=1,2,
inc/event/res/itemevent01/rt_fa01c.txt#13#12,"と、とにかく、今回の調合は大成功！
えへへ、早速かけてみたいなぁ。","总、总之这次的调合大获成功！
诶嘿嘿，好想立刻戴上试试看呀。",translated,依恩,9f33aa82cf,br=0 nl=1,2,
inc/event/res/itemevent01/rt_fa01c.txt#15#14,"プライムグラスを
また作ったよ♪","又制作了
布拉姆眼镜♪",translated,,20d54a0d10,br=0 nl=1,2,
inc/event/res/itemevent01/rt_fa01c.txt#17#14,"プライムグラスが
完成したよ♪","布拉姆眼镜
制作完成啦♪",translated,,ba2ea27885,br=0 nl=1,2,
inc/event/res/itemevent01/rt_fa01c.txt#19#14,"プライムグラスの
作成完了。
次は何を作ろうかな♪","布拉姆眼镜制作完毕。
接下来要做什么好呢♪",translated,,86e066537f,br=0 nl=2,3,
inc/event/res/itemevent01/rt_fa01c.txt#21#14,"プライムグラスが
またできたよ♪
いい調子♪","布拉姆眼镜
又做好了♪
状态不错♪",translated,,53ef521bbb,br=0 nl=2,3,
inc/event/res/itemevent01/rt_fa02a.txt#3#12,わぁっ、かっこいい！,哇，好帅气！,translated,依恩,cb1b3ba6ec,br=0 nl=0,1,
inc/event/res/itemevent01/rt_fa02a.txt#4#12,"見て見てー！
ディライトレンズが出来上がったよー！","你看你看――！
悦目镜片制作完成啦――！",translated,依恩,6319ea18dc,br=0 nl=1,2,
inc/event/res/itemevent01/rt_fa02a.txt#5#12,"プライムグラスのレンズの部分を、
黒いのに変えてみたの。","我把布拉姆眼镜的镜片部分，
换成了黑色的镜片哦。",translated,依恩,1229be6263,br=0 nl=1,2,
inc/event/res/itemevent01/rt_fa02a.txt#6#12,"それだけでこの通り！
かっこいいサングラスに大変身！","仅仅只是这样就大变样了！
华丽变身成了帅气的太阳镜！",translated,依恩,1fb3da468d,br=0 nl=1,2,
inc/event/res/itemevent01/rt_fa02a.txt#7#12,"ん～……何かこう、かっこいいスパイとか、
一流エージェントが付けてそうな
デザインだよね。","唔～……怎么说呢，感觉就像很帅的间谍
或者一流特工会戴的那种设计呢。",translated,依恩,448d5c2dd2,br=0 nl=2,3,
inc/event/res/itemevent01/rt_fa02a.txt#8#12,"レンズを変えただけでここまでイメージが
変わるなんて、ちょっとビックリかも。","只是换了个镜片整体感觉就变化这么大，
稍微有点吃惊呢。",translated,依恩,e0c6a615a1,br=0 nl=1,2,
inc/event/res/itemevent01/rt_fa02a.txt#9#12,"って、喜ぶのはちゃんとできてるのかを
確認してからだよね？
えっと……。","哎呀，得先确认有没有做好再高兴对吧？
我看看……",translated,依恩,139152a605,br=0 nl=2,3,
inc/event/res/itemevent01/rt_fa02a.txt#10#12,……うん、ちゃんと出来てるみたい。,……嗯，看起来做得很扎实。,translated,依恩,1dd62bad4d,br=0 nl=0,1,
inc/event/res/itemevent01/rt_fa02a.txt#11#12,"と言っても、
大きさとレンズを確認するだけだから、
プライムグラスとあまり変わらないね。","话虽如此，其实也就确认下尺寸和镜片，
和布拉姆眼镜基本差不多呢。",translated,依恩,4261df0f63,br=0 nl=2,3,
inc/event/res/itemevent01/rt_fa02a.txt#12#12,"でも、こんなかっこいいサングラス、
わたしに似合うかな？","不过，这么帅气的太阳镜，
真的适合我戴吗？",translated,依恩,88cf5b6494,br=0 nl=1,2,
inc/event/res/itemevent01/rt_fa02a.txt#14#12,むしろそれが良い,反差萌反而更棒,translated,,ad33f51179,br=0 nl=0,1,
inc/event/res/itemevent01/rt_fa02a.txt#15#12,何だか男物って感じがするかも……。,总感觉有点男士款式的风格呢……,translated,依恩,581227cd65,br=0 nl=0,1,
inc/event/res/itemevent01/rt_fa02a.txt#16#12,"メガネの時はそんな風に思わなかったん
だけどなぁ……。",普通眼镜的时候我完全没这么觉得的呀……,translated,依恩,b5c29c1446,br=0 nl=1,2,
inc/event/res/itemevent01/rt_fa02a.txt#20#12,"……最初は少し戸惑うと思うけど、
かけちゃえばあんまり気にならなくなる
かもしれないよね。","……一开始可能有点不习惯，
但只要戴习惯了说不定就无所谓了呢。",translated,依恩,f9d3a0c14e,br=0 nl=2,3,
inc/event/res/itemevent01/rt_fa02a.txt#21#12,"とりあえず、ちゃんと成功したし、
お片付け始めるね。","总之既然顺利成功了，
我这就开始收拾咯。",translated,依恩,9da56d8471,br=0 nl=1,2,
inc/event/res/itemevent01/rt_fa02a.txt#25#12,む～、それ、褒めてないでしょー？,哼～你那根本就不是在夸我吧――？,translated,依恩,fa6184f3bb,br=0 nl=0,1,
inc/event/res/itemevent01/rt_fa02a.txt#26#12,"……でも、実際にかけてみたら
似合っていたりするのかも……？","……不过，实际上戴上去的话，
说不定意外地挺合适的……？",translated,依恩,84cbeb5ee0,br=0 nl=1,2,
inc/event/res/itemevent01/rt_fa02a.txt#27#12,"う～ん……でも、やっぱりこのデザインは
ちょっとかっこよすぎる気がするなぁ。",唔～……不过这设计果然还是有点太帅气了呢。,translated,依恩,f94946a16b,br=0 nl=1,2,
inc/event/res/itemevent01/rt_fa02a.txt#28#12,"まあとりあえず完成させられたんだし、
今回の調合は成功だよね。","嘛，总之既然做完了，
这次调合也算成功了吧。",translated,依恩,9c3b6436ce,br=0 nl=1,2,
inc/event/res/itemevent01/rt_fa02a.txt#31#14,"ディライトレンズを
作ったよ♪","制作了
悦目镜片♪",translated,,2501c98503,br=0 nl=1,2,
inc/event/res/itemevent01/rt_fa02a.txt#33#14,"ディライトレンズが
完成したよ♪","悦目镜片
制作完成啦♪",translated,,4cfa1dc43f,br=0 nl=1,2,
inc/event/res/itemevent01/rt_fa02a.txt#35#14,"ディライトレンズの
作成完了。
次は何を作ろうかな♪","悦目镜片制作完毕。
接下来要做什么好呢♪",translated,,064dace2b2,br=0 nl=2,3,
inc/event/res/itemevent01/rt_fa02a.txt#37#14,"ディライトレンズが
できたよ♪","悦目镜片
做好了♪",translated,,f6aa0bcadc,br=0 nl=1,2,
inc/event/res/itemevent01/rt_fa02c.txt#3#12,よーっし、これで完成！,好――这样就完成啦！,translated,依恩,6faef8346c,br=0 nl=0,1,
inc/event/res/itemevent01/rt_fa02c.txt#4#12,"おしゃれなサングラス、ディライトレンズ！
かっこよく出来上がりましたー！","时髦的太阳镜，悦目镜片！
帅气地制作完成啦――！",translated,依恩,9c77967d82,br=0 nl=1,2,
inc/event/res/itemevent01/rt_fa02c.txt#5#12,"まあ、相変わらずプライムグラスのレンズを
黒いのに変えただけなんだけどね。","嘛，虽然依旧只是把布拉姆眼镜的镜片
换成黑色的而已就是了。",translated,依恩,7e634d1537,br=0 nl=1,2,
inc/event/res/itemevent01/rt_fa02c.txt#6#12,"う～ん、出来ればプライムグラスとしても
使えるようにできたら嬉しいんだけどなぁ。","唔～要是能兼作普通的布拉姆眼镜使用，
我就会更高兴了呢。",translated,依恩,4f9b79af8a,br=0 nl=1,2,
inc/event/res/itemevent01/rt_fa02c.txt#7#12,"けど、さすがにレンズの色を操作する
仕組みを作るのは難しいかな。","不过，想做出能调节镜片颜色的机制，
果然还是太难了点吧。",translated,依恩,42a390b9ab,br=0 nl=1,2,
inc/event/res/itemevent01/rt_fa02c.txt#8#12,"それはともかくとして、
今はこれがちゃんとできてるかの確認だね。
えっとぉ……。","先不说那个，
现在得先确认一下有没有做好呢。
我瞧瞧……",translated,依恩,60908a1cf3,br=0 nl=2,3,
inc/event/res/itemevent01/rt_fa02c.txt#9#12,……うん、うんうん。,……嗯，嗯嗯。,translated,依恩,dd0dfec2fd,br=0 nl=0,1,
inc/event/res/itemevent01/rt_fa02c.txt#10#12,ばっちり、完璧だよ！,毫无问题，非常完美！,translated,依恩,792b426037,br=0 nl=0,1,
inc/event/res/itemevent01/rt_fa02c.txt#11#12,"これならお店で売っててもおかしくない
レベルの完成度だね。","这种完成度，就算摆在商店里卖
也毫不违和呢。",translated,依恩,8e98ebcdfb,br=0 nl=1,2,
inc/event/res/itemevent01/rt_fa02c.txt#12#12,"まさかこれが手作りだなんて、
誰も思わないんじゃないかな？",谁也想不到这居然是纯手工做的吧？,translated,依恩,fb50f3832a,br=0 nl=1,2,
inc/event/res/itemevent01/rt_fa02c.txt#13#12,"作った本人のわたしだって、
こんなの自分で作れちゃったんだ、って
驚いてるくらいだし。","就连身为制作者的我，
都会惊叹自己居然能做出这种东西来呢。",translated,依恩,847ff189ec,br=0 nl=2,3,
inc/event/res/itemevent01/rt_fa02c.txt#15#12,職人になれるかも？,说不定能成为工匠呢？,translated,,567d3ca54a,br=0 nl=0,1,
inc/event/res/itemevent01/rt_fa02c.txt#16#12,"……機械弄り以外にも、メガネ弄りを
趣味にしてみるのもいいかな？","……除了捣鼓机械，把捣鼓眼镜
也当做兴趣爱好似乎也不错？",translated,依恩,45cc753456,br=0 nl=1,2,
inc/event/res/itemevent01/rt_fa02c.txt#17#12,"すっごくマイナーな趣味になると
思うけど、結構楽しそうかも。","虽然感觉会是非常小众的爱好，
但好像也挺有趣的。",translated,依恩,c817f13937,br=0 nl=1,2,
inc/event/res/itemevent01/rt_fa02c.txt#21#12,"でも、どうせなら
もっと腕を磨いてからだよね。",不过，真要那样也得等手艺更熟练了再说呢。,translated,依恩,62f175296b,br=0 nl=1,2,
inc/event/res/itemevent01/rt_fa02c.txt#22#12,"調子に乗ると大変な失敗を
しちゃう可能性だってあるもん。","毕竟要是得意忘形，
也是有可能酿成大祸搞砸的嘛。",translated,依恩,704f079198,br=0 nl=1,2,
inc/event/res/itemevent01/rt_fa02c.txt#23#12,"せめて、これからも失敗なく作れるように
なってからの話だね。","至少也要等到以后每次都能零失误制作出来，
再考虑那些事啦。",translated,依恩,bcda964799,br=0 nl=1,2,
inc/event/res/itemevent01/rt_fa02c.txt#27#12,しょ、職人、か……。,工、工匠，吗……,translated,依恩,9b27864730,br=0 nl=0,1,
inc/event/res/itemevent01/rt_fa02c.txt#28#12,"う～ん、メガネ作りが好きなのか、って
聞かれると、素直に頷けないよ。","唔～要是问我喜不喜欢做眼镜，
我其实没办法爽快点头呢。",translated,依恩,f49603d9c8,br=0 nl=1,2,
inc/event/res/itemevent01/rt_fa02c.txt#29#12,"でも、職人って呼ばれる人になるのは、
ちょっといいかも。","不过，能被人们称作工匠，
感觉似乎也挺不错呢。",translated,依恩,46098f9665,br=0 nl=1,2,
inc/event/res/itemevent01/rt_fa02c.txt#30#12,"だってかっこいいもん、職人って！
他の人に誇れる技術を持っているのって
立派な称号だもん！","毕竟被叫做工匠很帅气嘛！
掌握着足以向他人夸耀的技术，
可是非常了不起的头衔哦！",translated,依恩,e2c638f22f,br=0 nl=2,3,
inc/event/res/itemevent01/rt_fa02c.txt#31#12,"で、でも、ダメダメ。
どうせ職人になるなら、機械関係の方面で
そう呼ばれる人になりたいし。","但、但是不行不行。
既然要做工匠，我更想在机械领域
被大家这么称呼呢。",translated,依恩,53c1ba2cd9,br=0 nl=2,3,
inc/event/res/itemevent01/rt_fa02c.txt#32#12,"これ以上話しても、メガネ職人には
なりません。",再说下去我也不会成为眼镜工匠的啦。,translated,依恩,e2c98962ea,br=0 nl=1,2,
inc/event/res/itemevent01/rt_fa02c.txt#33#12,完成したんだし、お片付けしちゃうね。,既然做好了，我就先收拾东西咯。,translated,依恩,aaa187f6fa,br=0 nl=0,1,
inc/event/res/itemevent01/rt_fa02c.txt#35#14,"ディライトレンズを
また作ったよ♪","又制作了
悦目镜片♪",translated,,ae6e169072,br=0 nl=1,2,
inc/event/res/itemevent01/rt_fa02c.txt#37#14,"ディライトレンズが
完成したよ♪","悦目镜片
制作完成啦♪",translated,,4cfa1dc43f,br=0 nl=1,2,
inc/event/res/itemevent01/rt_fa02c.txt#39#14,"ディライトレンズの
作成完了。
次は何を作ろうかな♪","悦目镜片制作完毕。
接下来要做什么好呢♪",translated,,064dace2b2,br=0 nl=2,3,
inc/event/res/itemevent01/rt_fa02c.txt#41#14,"ディライトレンズが
またできたよ♪
いい調子♪","悦目镜片
又做好了♪
状态不错♪",translated,,0385d472d0,br=0 nl=2,3,
inc/event/res/itemevent01/rt_fi02a.txt#3#12,ん～……よし、できた！,唔～……好，做好了！,translated,依恩,08214c0ea7,br=0 nl=0,1,
inc/event/res/itemevent01/rt_fi02a.txt#4#12,"お待たせー！
超輝工式Ｔｚ制御端末の完成だよ！","久等啦――！
超辉工式Ｔｚ控制终端制作完成啦！",translated,依恩,ffcf5156c7,br=0 nl=1,2,
inc/event/res/itemevent01/rt_fi02a.txt#5#12,"超輝工式Ｔｚ制御端末、凄い名前だよね。
早口で三回言ってみようか？","超辉工式Ｔｚ控制终端，名字真霸气呢。
要不要试着快速念三遍绕口令？",translated,依恩,d2aa37f7b6,br=0 nl=1,2,
inc/event/res/itemevent01/rt_fi02a.txt#6#12,"超輝工式Ｔｚ制御端末！
超輝工式Ｔｚ制御端末！
超輝工式Ｔｚ制御端末！！","超辉工式Ｔｚ控制终端！
超辉工式Ｔｚ控制终端！
超辉工式Ｔｚ控制终端！！",translated,依恩,8b573b7313,br=0 nl=2,3,
inc/event/res/itemevent01/rt_fi02a.txt#7#12,"はぁ、はぁ……
わ、わたし、何やってんだろう？","呼、呼……
我、我到底在干嘛啊？",translated,依恩,0f3c923a5f,br=0 nl=1,2,
inc/event/res/itemevent01/rt_fi02a.txt#8#12,"と、とにかくこれの説明をするね。
っていっても、もうわかるかな？","总、总之我来解释一下这个吧。
虽说你可能已经猜到了？",translated,依恩,794e09b013,br=0 nl=1,2,
inc/event/res/itemevent01/rt_fi02a.txt#9#12,"ター坊とプラムくんが研究してたＴｚ波の
制御理論は覚えてるよね？","你应该还记得阿达和布拉姆
研究的Ｔｚ波控制理论吧？",translated,依恩,22e6b8bd18,br=0 nl=1,2,
inc/event/res/itemevent01/rt_fi02a.txt#10#12,あれを実現化させたものがこれなんだよ。,把那个理论化为现实的产物就是这个哦。,translated,依恩,2b0b2dcae2,br=0 nl=0,1,
inc/event/res/itemevent01/rt_fi02a.txt#11#12,"材料も比較的簡単に手に入るもので
作ってあるの。
ほら、おたまを使ってるのわかる？","材料也是用比较容易到手的东西做成的。
你看，能认出这里用了大汤勺吗？",translated,依恩,e3507e158e,br=0 nl=2,3,
inc/event/res/itemevent01/rt_fi02a.txt#12#12,"ター坊達が考えたものだから、使う材料は
身近にあるもので作った方がいいと思って
こうしてみたの。","因为是阿达他们构想的，
我觉得用身边的随手材料制作会更有味道，
才试着这么做的。",translated,依恩,300f1804da,br=0 nl=2,3,
inc/event/res/itemevent01/rt_fi02a.txt#13#12,"いつもの機械弄りとは勝手が違って、
ちょっとだけ難しかったけどね。","跟平时捣鼓机械的方法不太一样，
稍微有点难度就是了。",translated,依恩,f08f32e38c,br=0 nl=1,2,
inc/event/res/itemevent01/rt_fi02a.txt#15#12,ちゃんと機能する?,真的能正常运作吗？,translated,,86f6e75a5b,br=0 nl=0,1,
inc/event/res/itemevent01/rt_fi02a.txt#16#12,普通の材料は？,用正常材料做呢？,translated,,aba1c8ba8f,br=0 nl=0,1,
inc/event/res/itemevent01/rt_fi02a.txt#17#12,でもちゃんと形にできてよかったよ。,不过能好好成型真是太好了。,translated,依恩,24b19fc052,br=0 nl=0,1,
inc/event/res/itemevent01/rt_fi02a.txt#18#12,"慣れてない材料で作る機械だったから、
これで本当に動くのかな、ってずっと不安
だったんだ。","因为是用不习惯的材料造的机械，
我刚才一直挺不安它到底能不能运转呢。",translated,依恩,384e080b82,br=0 nl=2,3,
inc/event/res/itemevent01/rt_fi02a.txt#19#12,"だから今はようやく一安心ってところだね。
本当、無事に完成してよかったぁ。","所以现在总算松了一口气。
平平安安做出来了真好啊。",translated,依恩,c2ee77b6ac,br=0 nl=1,2,
inc/event/res/itemevent01/rt_fi02a.txt#23#12,"まあ、今のところ使い道はないけど、
とりあえずどこかに飾っておこうかな？","嘛，虽然目前没什么用处，
总之先找个地方摆着装饰吧？",translated,依恩,f53c122251,br=0 nl=1,2,
inc/event/res/itemevent01/rt_fi02a.txt#27#12,もちろんちゃんと動くよ。,当然能正常运转哦。,translated,依恩,32304f0d89,br=0 nl=0,1,
inc/event/res/itemevent01/rt_fi02a.txt#28#12,"ただ、今のところ使い道がないから、
動かしても何も起きないけどね。","不过目前没有什么用处，
就算开动了也不会发生什么就是了。",translated,依恩,fc33ca45bb,br=0 nl=1,2,
inc/event/res/itemevent01/rt_fi02a.txt#29#12,"でも、機能しなくてもいいの。
これはそういう目的で作ったわけじゃ
ないから。","不过，哪怕派不上用场也没关系。
我本来就不是为了实用目的才做的嘛。",translated,依恩,878ac26b4e,br=0 nl=2,3,
inc/event/res/itemevent01/rt_fi02a.txt#30#12,"何て言えばいいのかな……？
……思い出、とか？","该怎么形容好呢……？
……当成纪念回忆，之类的？",translated,依恩,008cabacee,br=0 nl=1,2,
inc/event/res/itemevent01/rt_fi02a.txt#31#12,"えへへ、夢の思い出っていうのも
変な話かもしれないけど……。","诶嘿嘿，把梦里的事当成回忆
虽然听起来有点怪怪的……",translated,依恩,332bb3b1f0,br=0 nl=1,2,
inc/event/res/itemevent01/rt_fi02a.txt#32#12,"と、とにかく、そういうわけだから
機能するかどうかは重要じゃないの！","总、总之就是这样，
所以能不能派上用场并不重要啦！",translated,依恩,581eceeb66,br=0 nl=1,2,
inc/event/res/itemevent01/rt_fi02a.txt#33#12,さてと、じゃあ後片付けだね！,好啦，那我就来收拾打扫咯！,translated,依恩,72398827df,br=0 nl=0,1,
inc/event/res/itemevent01/rt_fi02a.txt#37#12,"考えなくはなかったけど、それだと意味が
ないんじゃないかな、って……。","我也不是没考虑过，但那样做
总觉得就失去原有的意义了呢……",translated,依恩,fc0545e8f0,br=0 nl=1,2,
inc/event/res/itemevent01/rt_fi02a.txt#38#12,"それに、新しいことに挑戦するのも
面白いと思ったの、えへへ。","而且我觉得挑战新事物也很有意思嘛，
诶嘿嘿。",translated,依恩,e0b686672b,br=0 nl=1,2,
inc/event/res/itemevent01/rt_fi02a.txt#39#12,"こういう風に、正しい材料じゃないもので
作るのも結構楽しいんだね！","像这样用非正规材料做东西，
其实也挺好玩的呢！",translated,依恩,816bb596e7,br=0 nl=1,2,
inc/event/res/itemevent01/rt_fi02a.txt#40#12,"っと、話が長くなっちゃった。
お片付けしてくるね！","好啦，不知不觉说了好多。
我去收拾东西咯！",translated,依恩,e825999eb4,br=0 nl=1,2,
inc/event/res/itemevent01/rt_fi02a.txt#43#14,"超輝工式Ｔｚ制御端末
を作ったよ♪","制作了
超辉工式Ｔｚ控制终端♪",translated,,039b2216bc,br=0 nl=1,2,
inc/event/res/itemevent01/rt_fi02a.txt#45#14,"超輝工式Ｔｚ制御端末
が完成したよ♪","超辉工式Ｔｚ控制终端
制作完成啦♪",translated,,adb3c05e59,br=0 nl=1,2,
inc/event/res/itemevent01/rt_fi02a.txt#47#14,"超輝工式Ｔｚ制御端末
の作成完了。
次は何を作ろうかな♪","超辉工式Ｔｚ控制终端制作完毕。
接下来要做什么好呢♪",translated,,358840c9be,br=0 nl=2,3,
inc/event/res/itemevent01/rt_fi02a.txt#49#14,"超輝工式Ｔｚ制御端末
ができたよ♪","超辉工式Ｔｚ控制终端
做好了♪",translated,,c098998627,br=0 nl=1,2,
inc/event/res/itemevent01/rt_fi02c.txt#3#12,よし、できたぁ！,好，做出来啦！,translated,依恩,f90644e94f,br=0 nl=0,1,
inc/event/res/itemevent01/rt_fi02c.txt#4#12,じゃじゃーん、超輝工式Ｔｚ制御端末だよ！,锵锵――超辉工式Ｔｚ控制终端来咯！,translated,依恩,1be16b52a3,br=0 nl=0,1,
inc/event/res/itemevent01/rt_fi02c.txt#5#12,"またまた作っちゃいましたー。
えへへ、前のよりちゃんとした
出来になってるはずだよ。","我又做了一个哦――
诶嘿嘿，应该比上次做的
更加扎实精致才对。",translated,依恩,ac82754b40,br=0 nl=2,3,
inc/event/res/itemevent01/rt_fi02c.txt#6#12,"ガラクタばかり使ってるように見えるけど、
簡単に取れたりしないようにしっかりと固定
してあるからね。","虽然看起来全都是破铜烂铁，
但我都有好好牢牢固定住，
绝不会轻易散架的哦。",translated,依恩,71eb343252,br=0 nl=2,3,
inc/event/res/itemevent01/rt_fi02c.txt#7#12,"そんなわけだから、
今回は電源を入れてみようと思います！","正因如此，
这次我打算试着通上电源看看！",translated,依恩,dfad02201c,br=0 nl=1,2,
inc/event/res/itemevent01/rt_fi02c.txt#8#12,"それじゃ、行くよ。
起動！","那么，准备好咯。
启动！",translated,依恩,671a5c32e0,br=0 nl=1,2,
inc/event/res/itemevent01/rt_fi02c.txt#9#12,"……うん、ちゃんと電源も入ったね。
これなら文句なしの出来だよ。","……嗯，电源也好好启动了呢。
这样就无可挑剔啦。",translated,依恩,63e9cb7c3c,br=0 nl=1,2,
inc/event/res/itemevent01/rt_fi02c.txt#10#12,"最初に作った時はただそれっぽくできれば
いいと思って電源を入れなかったでしょ？","第一次做的时候，我以为只要看着像样就行，
没有通电启动对吧？",translated,依恩,968309f618,br=0 nl=1,2,
inc/event/res/itemevent01/rt_fi02c.txt#11#12,"だから今回は、ちゃんと動きもするんだぞ、
っていうところを見せたくて電源を入れて
みたってわけなの。","所以这次，我为了向你展示它其实能运转，
才特意通上电试试看的啦。",translated,依恩,bc515f9140,br=0 nl=2,3,
inc/event/res/itemevent01/rt_fi02c.txt#12#12,"まあ、使う予定が無いのに変わりは
ないんだけどね。",嘛，虽然依旧没有实际使用的打算就是了。,translated,依恩,7778073e72,br=0 nl=1,2,
inc/event/res/itemevent01/rt_fi02c.txt#13#12,"とにかく、ちゃんと完成したわけだし、
調合は大成功、ってことでいいよね！","总之既然好好做出来了，
调合算大获成功没问题吧！",translated,依恩,89d4157a18,br=0 nl=1,2,
inc/event/res/itemevent01/rt_fi02c.txt#15#14,"超輝工式Ｔｚ制御端末
をまた作ったよ♪","又制作了
超辉工式Ｔｚ控制终端♪",translated,,09ebde1774,br=0 nl=1,2,
inc/event/res/itemevent01/rt_fi02c.txt#17#14,"超輝工式Ｔｚ制御端末
が完成したよ♪","超辉工式Ｔｚ控制终端
制作完成啦♪",translated,,adb3c05e59,br=0 nl=1,2,
inc/event/res/itemevent01/rt_fi02c.txt#19#14,"超輝工式Ｔｚ制御端末
の作成完了。
次は何を作ろうかな♪","超辉工式Ｔｚ控制终端制作完毕。
接下来要做什么好呢♪",translated,,358840c9be,br=0 nl=2,3,
inc/event/res/itemevent01/rt_fi02c.txt#21#14,"超輝工式Ｔｚ制御端末
がまたできたよ♪
いい調子♪","超辉工式Ｔｚ控制终端
又做好了♪
状态不错♪",translated,,2cd1e41b6e,br=0 nl=2,3,
inc/event/res/itemevent01/rt_ma01a.txt#3#12,"ふんふふんふふ～ん♪
はい、できた！","哼～哼哼哼～♪
好，做好了！",translated,依恩,0e1e89c377,br=0 nl=1,2,
inc/event/res/itemevent01/rt_ma01a.txt#4#12,"見てみて、凄いでしょ！？
自分でこんなコードまで作れるように
なっちゃったんだよ！","你看你看，很厉害吧！？
我居然连这种线缆都能自己手搓出来了！",translated,依恩,12fa565409,br=0 nl=2,3,
inc/event/res/itemevent01/rt_ma01a.txt#5#12,"これはＴｚ波を通すメディア結晶を線状に
したものなの。","这是把能通过Ｔｚ波的媒体结晶
拉丝成线状制作出来的哦。",translated,依恩,442b3b7abb,br=0 nl=1,2,
inc/event/res/itemevent01/rt_ma01a.txt#6#12,その名も、メディアケーブル！,它的名字就叫做――媒体线缆！,translated,依恩,8205a0a8d8,br=0 nl=0,1,
inc/event/res/itemevent01/rt_ma01a.txt#7#12,"これがあれば、色んな機械同士を接続して
使うことができるようになるの。","有了这个，就能把各种各样的机械
相互连接起来使用了。",translated,依恩,ae9097ac12,br=0 nl=1,2,
inc/event/res/itemevent01/rt_ma01a.txt#8#12,"まあ、簡単に言えばテレビとビデオを繋ぐ
コードみたいなものだと思ってもら
えれば間違いないよ。","嘛，简单来说，当成连接电视机和录像机的
那种连接线就准没错啦。",translated,依恩,6c0f66c1be,br=0 nl=2,3,
inc/event/res/itemevent01/rt_ma01a.txt#9#12,"ちゃんと接続できればだけどね。
ちょっと試しに……えいっ！","前提是能好好插进去连接上啦。
我来试一下……嘿呀！",translated,依恩,a7252fff01,br=0 nl=1,2,
inc/event/res/itemevent01/rt_ma01a.txt#10#12,んっ、ちゃんと接続できるみたい。,嗯，看来能严丝合缝连接上。,translated,依恩,5a07ddb48b,br=0 nl=0,1,
inc/event/res/itemevent01/rt_ma01a.txt#11#12,"コードを作る、なんて今まで考えたことも
なかったから、ちゃんと接続できるか不安
だったんだよね。","亲手搓线缆这种事我以前想都没想过，
刚才其实很担心能不能正常插进去呢。",translated,依恩,6490d5aff1,br=0 nl=2,3,
inc/event/res/itemevent01/rt_ma01a.txt#12#12,"ほら、接続する時にゆるゆるだったり、
固くてちゃんと入らなかったりすることも
あるでしょ？","你看，连接插口有时会太松摇摇晃晃，
或者太紧根本插不进去对吧？",translated,依恩,6df5901873,br=0 nl=2,3,
inc/event/res/itemevent01/rt_ma01a.txt#13#12,"簡単に、でもしっかりと接続できる大きさに
できたのが一番嬉しいよ。","能做成既容易插入又固定得牢固的尺寸，
这是最让我开心的呢。",translated,依恩,1b3fa25f0b,br=0 nl=1,2,
inc/event/res/itemevent01/rt_ma01a.txt#14#12,さてと、後片付けしちゃわなきゃ。,好啦，得抓紧收拾收拾了。,translated,依恩,7d4904af19,br=0 nl=0,1,
inc/event/res/itemevent01/rt_ma01a.txt#16#14,"メディアケーブルを
作ったよ♪","制作了
媒体线缆♪",translated,,52c20a603e,br=0 nl=1,2,
inc/event/res/itemevent01/rt_ma01a.txt#18#14,"メディアケーブルが
完成したよ♪","媒体线缆
制作完成啦♪",translated,,c121fcc559,br=0 nl=1,2,
inc/event/res/itemevent01/rt_ma01a.txt#20#14,"メディアケーブルの
作成完了。
次は何を作ろうかな♪","媒体线缆制作完毕。
接下来要做什么好呢♪",translated,,312b8d5521,br=0 nl=2,3,
inc/event/res/itemevent01/rt_ma01a.txt#22#14,"メディアケーブルが
できたよ♪","媒体线缆
做好了♪",translated,,b1c31ceb59,br=0 nl=1,2,
inc/event/res/itemevent01/rt_ma01e.txt#3#12,"若干長めになってるね。
うん、完成！","稍微做长了一点点呢。
嗯，完成！",translated,依恩,6a26610f1c,br=0 nl=1,2,
inc/event/res/itemevent01/rt_ma01e.txt#4#12,メディアケーブル作ったよぉ。,媒体线缆做好了哦。,translated,依恩,343956ab30,br=0 nl=0,1,
inc/event/res/itemevent01/rt_ma01e.txt#5#12,"こういうの自分で作れるといいよね。
ちょうどいい長さのコードとか、自分で作る
ことができるんだもん。","能自己手作这种东西真好呢。
毕竟可以随心所欲定制最合适长度的线缆嘛。",translated,依恩,d91441e179,br=0 nl=2,3,
inc/event/res/itemevent01/rt_ma01e.txt#6#12,"長過ぎてまとめたり、丸めたりするのって
伝導効率下がるから好きじゃないんだもん。","线太长捆成一团或者卷起来，
会导致传导效率下降，我可不喜欢那样嘛。",translated,依恩,8fdf7633f0,br=0 nl=1,2,
inc/event/res/itemevent01/rt_ma01e.txt#7#12,"っと、まずはちゃんと接続できるかを
確かめないとね。
それじゃ、接続！","好啦，首先得确认一下能不能正常插上。
那么，连接！",translated,依恩,87abb2de80,br=0 nl=2,3,
inc/event/res/itemevent01/rt_ma01e.txt#8#12,……んっ、ちょうどいいみたい。,……嗯，看起来松紧刚刚好。,translated,依恩,683818470f,br=0 nl=0,1,
inc/event/res/itemevent01/rt_ma01e.txt#9#12,"スッと入ってスッと取れるけど、入った時は
グラグラしないっていうのが一番だよね。","插拔流畅轻快，但插上后又不会松垮晃动，
这种手感才是最棒的呢。",translated,依恩,a819779bbc,br=0 nl=1,2,
inc/event/res/itemevent01/rt_ma01e.txt#10#12,"こういうのって、力が要るのだと指の皮が
剥けそうになるくらい痛くなることもある
からね。","这种插头要是太费劲，拔的时候甚至会把手指
勒掉一层皮，痛得要命呢。",translated,依恩,2499329c46,br=0 nl=2,3,
inc/event/res/itemevent01/rt_ma01e.txt#11#12,"簡単にしっかり接続できるのが一番だよ。
ストレスも溜まらないし。","能轻松又牢靠地连接上才是最好的。
用起来也不会让人窝火。",translated,依恩,0dcb665327,br=0 nl=1,2,
inc/event/res/itemevent01/rt_ma01e.txt#12#12,"でも、これでメディアケーブル作りも
マスターしちゃったかな、えへへ。","不过这样一来，媒体线缆的制作我也掌握了呢，
诶嘿嘿。",translated,依恩,2b458971c5,br=0 nl=1,2,
inc/event/res/itemevent01/rt_ma01e.txt#13#12,"……お店で沢山のコードを見ながら、どれを
買おうか迷う楽しみが減っちゃったのは、
少し寂しいけどね……。","……虽然在店里看着琳琅满目的线缆
挑选纠结的乐趣减少了，有点小寂寞就是了……",translated,依恩,a65362a239,br=0 nl=2,3,
inc/event/res/itemevent01/rt_ma01e.txt#15#14,"メディアケーブルを
また作ったよ♪","又制作了
媒体线缆♪",translated,,be90cc9df7,br=0 nl=1,2,
inc/event/res/itemevent01/rt_ma01e.txt#17#14,"メディアケーブルが
完成したよ♪","媒体线缆
制作完成啦♪",translated,,3e7f0c1d0a,br=0 nl=1,2,
inc/event/res/itemevent01/rt_ma01e.txt#19#14,"メディアケーブルの
作成完了。
次は何を作ろうかな♪","媒体线缆制作完毕。
接下来要做什么好呢♪",translated,,b8c12e3af0,br=0 nl=2,3,
inc/event/res/itemevent01/rt_ma01e.txt#21#14,"メディアケーブルが
またできたよ♪
いい調子♪","媒体线缆
又做好了♪
状态不错♪",translated,,9c127723c4,br=0 nl=2,3,
inc/event/res/itemevent01/rt_ma02a.txt#3#12,んっ、こんな感じかな？,嗯，大概是这种感觉吧？,translated,依恩,1cb6de57ef,br=0 nl=0,1,
inc/event/res/itemevent01/rt_ma02a.txt#4#12,ジャジャーン、ＴｚＷリミッター！,登登――ＴｚＷ限制器！,translated,依恩,90d1fad231,br=0 nl=0,1,
inc/event/res/itemevent01/rt_ma02a.txt#5#12,"名前だけで大体どんなものかわかるよね？
それじゃ早速使えるか実験を……。","光听名字大致就能猜出是什么了吧？
那我这就来实验一下能不能用……",translated,依恩,fec794a0ab,br=0 nl=1,2,
inc/event/res/itemevent01/rt_ma02a.txt#6#12,"……え、わからない？
リミッターだよ？","……诶，猜不出来吗？
是限制器哦？",translated,依恩,b5e58f2bbb,br=0 nl=1,2,
inc/event/res/itemevent01/rt_ma02a.txt#7#12,"Ｔｚ波を機械に送る時に、流れる量が多く
なり過ぎないように制御する機械なの。","是向机器输送Ｔｚ波时，
用来控制流量不至于过载的限流装置哦。",translated,依恩,a973b14ccd,br=0 nl=1,2,
inc/event/res/itemevent01/rt_ma02a.txt#8#12,"多過ぎるとショートして、溶けたり火が
出たりしちゃうからね。","流量过大就会导致短路熔毁，
甚至冒烟起火呢。",translated,依恩,5514715a67,br=0 nl=1,2,
inc/event/res/itemevent01/rt_ma02a.txt#9#12,"あ、ちょっと待って。
一回ちゃんと制御できるか試してみるから。","啊，稍微等我一下。
我先测试一下它能不能好好限流。",translated,依恩,8c67cd2a95,br=0 nl=1,2,
inc/event/res/itemevent01/rt_ma02a.txt#10#12,"……うん、いい感じ。
少しブレがあるけど、これなら誤差の
範囲内だよ。","……嗯，感觉不错。
虽然稍微有点波动，但这在误差允许范围内。",translated,依恩,514c4f9f50,br=0 nl=2,3,
inc/event/res/itemevent01/rt_ma02a.txt#11#12,"……でも、やっぱりブレるっていうのは、
わたしのプライドが許さないかも。","……不过出现波动这种事，
我的技术自尊心果然还是有点过不去呢。",translated,依恩,87d583a499,br=0 nl=1,2,
inc/event/res/itemevent01/rt_ma02a.txt#12#12,"初めてだから今回は良しとするけど、今度
作る時は完璧に制御できるものを作って
みせるよ。","因为是第一次做这次就算合格了，下次再做
我一定会做出能实现完美恒流的机器给你看！",translated,依恩,641eee692c,br=0 nl=2,3,
inc/event/res/itemevent01/rt_ma02a.txt#14#14,"ＴｚＷリミッターを
作ったよ♪","制作了
ＴｚＷ限制器♪",translated,,6bcf8fb2cf,br=0 nl=1,2,
inc/event/res/itemevent01/rt_ma02a.txt#16#14,"ＴｚＷリミッターが
完成したよ♪","ＴｚＷ限制器
制作完成啦♪",translated,,c7e90441c1,br=0 nl=1,2,
inc/event/res/itemevent01/rt_ma02a.txt#18#14,"ＴｚＷリミッターの
作成完了。
次は何を作ろうかな♪","ＴｚＷ限制器制作完毕。
接下来要做什么好呢♪",translated,,b1045237b7,br=0 nl=2,3,
inc/event/res/itemevent01/rt_ma02a.txt#20#14,"ＴｚＷリミッターが
できたよ♪","ＴｚＷ限制器
做好了♪",translated,,38017ba5df,br=0 nl=1,2,
inc/event/res/itemevent01/rt_ma02e.txt#3#12,"あ～、疲れたぁ……。
ＴｚＷリミッター完成したよぉ。","啊～好累呀……
ＴｚＷ限制器制作完成啦。",translated,依恩,39c0933d66,br=0 nl=1,2,
inc/event/res/itemevent01/rt_ma02e.txt#4#12,"こういう回路系の道具って、楽しく作れる
けどその分疲れるんだよね。","做这种电路类的道具，虽然过程很有趣，
但消耗的精力也很大呢。",translated,依恩,305e43b6ca,br=0 nl=1,2,
inc/event/res/itemevent01/rt_ma02e.txt#5#12,"でも、頑張ったかいあって完璧でしょ？
前よりも綺麗にできたんじゃないかな？","不过这份辛苦很值得，做得很完美吧？
是不是比上次做得更加工整漂亮了？",translated,依恩,a81f713ab2,br=0 nl=1,2,
inc/event/res/itemevent01/rt_ma02e.txt#6#12,"それじゃ、試しにＴｚ波を流してみるね。
それー！","那么，我试着通入Ｔｚ波看看咯。
走你――！",translated,依恩,43f6eb9dfb,br=0 nl=1,2,
inc/event/res/itemevent01/rt_ma02e.txt#7#12,"……うん、完璧！
文句なしに制御できてるみたい！","……嗯，完美！
控制得无可挑剔！",translated,依恩,7c777b95b5,br=0 nl=1,2,
inc/event/res/itemevent01/rt_ma02e.txt#8#12,"若干のブレもないから、これほど使うのに
適したリミッターはないよ。","完全没有任何波动，
没有比这更理想适用的限制器啦。",translated,依恩,ae0a57877d,br=0 nl=1,2,
inc/event/res/itemevent01/rt_ma02e.txt#9#12,"これを使って調合するのが今から楽しみ！
ああ、早くこれの性能を実際に使って試して
みたいなぁ……。","好期待用它来进行调合呀！
啊啊，好想快点在实操中检验一下它的性能啊……",translated,依恩,541e22dc68,br=0 nl=2,3,
inc/event/res/itemevent01/rt_ma02e.txt#10#12,"……っと、感動してる場合じゃないね。
成功したんだし、お片付けはじめまーす！","……好啦，现在可不是自我陶醉的时候呢。
既然成功了，我开始收拾咯！",translated,依恩,9c6b9f550c,br=0 nl=1,2,
inc/event/res/itemevent01/rt_ma02e.txt#12#14,"ＴｚＷリミッターを
また作ったよ♪","又制作了
ＴｚＷ限制器♪",translated,,b903d82cc9,br=0 nl=1,2,
inc/event/res/itemevent01/rt_ma02e.txt#14#14,"ＴｚＷリミッターが
完成したよ♪","ＴｚＷ限制器
制作完成啦♪",translated,,c7e90441c1,br=0 nl=1,2,
inc/event/res/itemevent01/rt_ma02e.txt#16#14,"ＴｚＷリミッターの
作成完了。
次は何を作ろうかな♪","ＴｚＷ限制器制作完毕。
接下来要做什么好呢♪",translated,,b1045237b7,br=0 nl=2,3,
inc/event/res/itemevent01/rt_ma02e.txt#18#14,"ＴｚＷリミッターが
またできたよ♪
いい調子♪","ＴｚＷ限制器
又做好了♪
状态不错♪",translated,,808046e602,br=0 nl=2,3,
inc/event/res/itemevent01/rt_s01a.txt#3#12,"今回はね、ラム・ド・ルウレライを
作ってみたの。","这次呢，我试着做了
鲁雷莱的羊肉哦。",translated,依恩,db7ccc9fcf,br=0 nl=1,2,
inc/event/res/itemevent01/rt_s01a.txt#4#12,"わぁ、凄く美味しそうだね。
怪しい煙とネットリした奇妙な臭いが
食欲を……。","哇，看起来真美味呢。
诡异的烟雾和黏糊糊的怪异气味
让人食欲……",translated,依恩,9620ebc3ae,br=0 nl=2,3,
inc/event/res/itemevent01/rt_s01a.txt#5#12,って、何でこうなっちゃうのー！？,哎不对，为什么会变成这样啊――！？,translated,依恩,82d61e9310,br=0 nl=0,1,
inc/event/res/itemevent01/rt_s01a.txt#6#12,"ちゃんとレシピ通り作ったし、
変な材料も使ってないのにぃ……。","我明明严格按照配方做的，
也没有加什么奇怪的食材嘛……",translated,依恩,c1347d4674,br=0 nl=1,2,
inc/event/res/itemevent01/rt_s01a.txt#7#12,"……あ、そうだよ。
変な材料使ってないんだから、
食べても大丈夫なはず……だよね？","……啊，对哦。
既然没放奇怪的食材，
吃下去应该……没事的吧？",translated,依恩,9e89cc4ed5,br=0 nl=2,3,
inc/event/res/itemevent01/rt_s01a.txt#8#12,"ちょっと……っていうか、
かなり勇気はいるけど、多分大丈夫なはず！","虽然需要一点……不对，相当大的勇气，
但大概率不会有事的！",translated,依恩,0c8f9fe66a,br=0 nl=1,2,
inc/event/res/itemevent01/rt_s01a.txt#9#12,"そ、それじゃ、味見するね！
はむっ！","那、那么，我尝尝看咯！
大咬一口！",translated,依恩,39813a4003,br=0 nl=1,2,
inc/event/res/itemevent01/rt_s01a.txt#12#12,う、う～ん……。,唔、唔～嗯……,translated,依恩,5fb920f459,br=0 nl=0,1,
inc/event/res/itemevent01/rt_s01a.txt#13#12,なんか……凄く美味しいの……。,不知为何……超好吃的说……,translated,依恩,ef7407625c,br=0 nl=0,1,
inc/event/res/itemevent01/rt_s01a.txt#14#12,うん、そうだよね、もっと喜ぶべきだよね？,嗯，对呀，我应该表现得更高兴才对吧？,translated,依恩,f486964862,br=0 nl=0,1,
inc/event/res/itemevent01/rt_s01a.txt#15#12,"でもね、見た目がこれで味が美味しいって、
正直、凄く複雑な気分なの。","但是呢，卖相长成这样味道却这么好，
说实话我的心情极其复杂呢。",translated,依恩,dd701d10f1,br=0 nl=1,2,
inc/event/res/itemevent01/rt_s01a.txt#16#12,"これ、本当に美味しいのかな？
わたしの舌がダメになっちゃっただけじゃ
ないのかな、って疑っちゃうの。","这真的算美味吗？
我甚至忍不住怀疑是不是自己的舌头坏掉了。",translated,依恩,3da02c5c5f,br=0 nl=2,3,
inc/event/res/itemevent01/rt_s01a.txt#17#12,"……でも、美味しいんだから大成功だよね。
複雑なのに変わりはないけど……。","……不过既然好吃那就是大成功了呢。
虽然心情依旧非常复杂就是了……",translated,依恩,fd83c106cb,br=0 nl=1,2,
inc/event/res/itemevent01/rt_s01e.txt#3#12,またラム・ド・ルウレライ作ってみたよ。,我又做了一次鲁雷莱的羊肉哦。,translated,依恩,61cc527094,br=0 nl=0,1,
inc/event/res/itemevent01/rt_s01e.txt#4#12,"初めて作った時は見た目に驚いたけど、
もう見た目に驚いたりはしなくなったよ。","第一次做的时候被外观吓得不轻，
现在我已经完全不会被外表吓到了哦。",translated,依恩,5d173f5113,br=0 nl=1,2,
inc/event/res/itemevent01/rt_s01e.txt#5#12,"……そ、それはそれで何か間違っている
ような気もするけど。",……虽、虽然这样好像总觉得哪里有点不对劲。,translated,依恩,a5027320b1,br=0 nl=1,2,
inc/event/res/itemevent01/rt_s01e.txt#6#12,"と、とにかく味見ね。
いただきまーす……あむっ！","总、总之先尝味道呢。
我开动啦……咬一口！",translated,依恩,91b8881284,br=0 nl=1,2,
inc/event/res/itemevent01/rt_s01e.txt#9#12,"見た目からはまったく想像できないけど、
すっ……ごく、美味しい！","从卖相上完全想象不出来，
真……的是超级美味！",translated,依恩,b466e9bba2,br=0 nl=1,2,
inc/event/res/itemevent01/rt_s01e.txt#10#12,"濃厚なスープの味と、ホクホクのお野菜の
味が口の中でいい具合に混ざり合ってる！","浓郁鲜美的汤汁与软糯香甜的蔬菜风味
在口中融合得恰到好处！",translated,依恩,0d3c5e0925,br=0 nl=1,2,
inc/event/res/itemevent01/rt_s01e.txt#11#12,"……でも、見た目がこれじゃ中々信用でき
ないよね？",……不过就这卖相，确实很难让人信服对吧？,translated,依恩,e0c8cc13b8,br=0 nl=1,2,
inc/event/res/itemevent01/rt_s01e.txt#12#12,"味はもう極めちゃったし、今度はこの味を
上手く説明する方法を考えようかな？","既然味道已经做到极致了，
下次我是不是该想想怎么向别人解释它的美味呢？",translated,依恩,26d0fa29fa,br=0 nl=1,2,
inc/event/res/itemevent01/rt_s04a.txt#3#12,み、ミソデココ、作ってみたよ。,椰、椰果味噌，我试着做出来了哦。,translated,依恩,ae2e6f2453,br=0 nl=0,1,
inc/event/res/itemevent01/rt_s04a.txt#4#12,"できたっていうより、できちゃったって
言った方が今の気持ちが伝わるかな？","比起“做好了”，用“搞出来了”
似乎更能表达我当下的心情呢？",translated,依恩,7067eb3ba5,br=0 nl=1,2,
inc/event/res/itemevent01/rt_s04a.txt#5#12,"……何をどう考えたら、味噌汁に
ミソデココを入れようと思うんだろう？","……到底脑洞怎么开，才会想到
往味噌汤里加椰果啊？",translated,依恩,6344465b47,br=0 nl=1,2,
inc/event/res/itemevent01/rt_s04a.txt#6#12,"と、とにかく、作った以上は食べない
わけにはいかないよね。","总、总之既然都做出来了，
也不能不尝尝看对吧。",translated,依恩,89b4d0a3c2,br=0 nl=1,2,
inc/event/res/itemevent01/rt_s04a.txt#7#12,"それじゃ……いただきます！
あむっ！","那么……我开动啦！
大咬一口！",translated,依恩,18679067fe,br=0 nl=1,2,
inc/event/res/itemevent01/rt_s04a.txt#9#12,……んっ？,……嗯？,translated,依恩,df49f3b316,br=0 nl=0,1,
inc/event/res/itemevent01/rt_s04a.txt#10#12,お、美味しいー！,好、好好吃――！,translated,依恩,548afe815d,br=0 nl=0,1,
inc/event/res/itemevent01/rt_s04a.txt#11#12,味噌汁にミソデココって、意外と合うよ！,味噌汤加椰果，意外地非常搭配哦！,translated,依恩,4364f3ee06,br=0 nl=0,1,
inc/event/res/itemevent01/rt_s04a.txt#12#12,"このミソデココのコリコリっとした
食感が最高だね。",这椰果爽脆弹牙的嚼劲简直绝了呢。,translated,依恩,da616f0dea,br=0 nl=1,2,
inc/event/res/itemevent01/rt_s04a.txt#14#12,素直に信用できない,我很难坦率相信呢,translated,,e2efa9695a,br=0 nl=0,1,
inc/event/res/itemevent01/rt_s04a.txt#15#12,"見た目はお世辞にも美味しそうには
見えないけど……。",虽然卖相上客套一句都夸不出好看……,translated,依恩,b91a18a045,br=0 nl=1,2,
inc/event/res/itemevent01/rt_s04a.txt#16#12,……っていうより、不味そうだよね。,……与其说不好看，不如说看起来很难吃对吧。,translated,依恩,1653be3272,br=0 nl=0,1,
inc/event/res/itemevent01/rt_s04a.txt#19#12,"まあ、とにかく美味しく作れたんだし、
今回は大成功だね！","嘛，总之做得很好吃，
这次就算大功告成啦！",translated,依恩,19daa46159,br=0 nl=1,2,
inc/event/res/itemevent01/rt_s04a.txt#23#12,あ～……まあ、そうだよね。,啊～……嘛，也是呢。,translated,依恩,4128a055f0,br=0 nl=0,1,
inc/event/res/itemevent01/rt_s04a.txt#24#12,"わたし自身、どうしてこんなに美味しいのか
理解に苦しむもん。","就连我自己，也百思不得其解
为什么它会这么美味呢。",translated,依恩,4a373f8d4e,br=0 nl=1,2,
inc/event/res/itemevent01/rt_s04a.txt#25#12,"でも、美味しいことに変わりはないんだし、
文句はないよ。","不过既然真的很好吃，
倒也没什么可挑剔的啦。",translated,依恩,7f24e99ed3,br=0 nl=1,2,
inc/event/res/itemevent01/rt_s04a.txt#26#12,えへへ、今回は大成功だね！,诶嘿嘿，这次大获成功呢！,translated,依恩,2589dd02be,br=0 nl=0,1,
inc/event/res/itemevent01/rt_s04c.txt#3#12,……また作っちゃったよ。,……我又做了一次。,translated,依恩,317047ede5,br=0 nl=0,1,
inc/event/res/itemevent01/rt_s04c.txt#4#12,"ミソデココ……何回も作るような
食べ物じゃないよね？","椰果味噌……按理说
根本不是会反反复复去做的料理吧？",translated,依恩,7a7adc1bb1,br=0 nl=1,2,
inc/event/res/itemevent01/rt_s04c.txt#5#12,"不味いか不味くないかを聞かれると、
食べれないほど不味くはないよ？","要是问我难不难吃，
其实也没难吃到咽不下去啦？",translated,依恩,11c55fe23a,br=0 nl=1,2,
inc/event/res/itemevent01/rt_s04c.txt#6#12,"けど、進んで食べたいと思えるものじゃ
ないし……。",但平时也不会主动想去吃它就是了……,translated,依恩,b8e22d03b9,br=0 nl=1,2,
inc/event/res/itemevent01/rt_s04c.txt#7#12,"……と、とにかく、作った以上は味見だね。
あむっ！","……总、总之既然都做出来了就尝尝吧。
大咬一口！",translated,依恩,0dd7f85418,br=0 nl=1,2,
inc/event/res/itemevent01/rt_s04c.txt#10#12,わ、わ～、おいしー……。,哇、哇～好好吃哦……,translated,依恩,fcae97e938,br=0 nl=0,1,
inc/event/res/itemevent01/rt_s04c.txt#11#12,"美味しそうに聞こえない？
でも、本当に美味しいよ。","听起来不像在夸它好吃吗？
但真的特别美味哦。",translated,依恩,4f7a72d671,br=0 nl=1,2,
inc/event/res/itemevent01/rt_s04c.txt#12#12,"ただ、美味しいって事実を認めることが
できないだけでね。","只不过是我理智上
难以接受它居然很好吃的事实而已啦。",translated,依恩,493546519d,br=0 nl=1,2,
inc/event/res/itemevent01/rt_s04c.txt#13#12,……本当、何でこんなに美味しいんだろう？,……真是的，为什么它会这么好吃啊？,translated,依恩,dd9d15fd6b,br=0 nl=0,1,
inc/event/res/itemevent01/rt_s05a.txt#3#12,"じゃじゃーん。
すかいぶるープリンだよ。","锵锵――
这是天蓝布丁哦。",translated,依恩,cfd7e30201,br=0 nl=1,2,
inc/event/res/itemevent01/rt_s05a.txt#4#12,見てて涼しい感じがするでしょ？,看着就觉得特别清凉对吧？,translated,依恩,9d5496cb95,br=0 nl=0,1,
inc/event/res/itemevent01/rt_s05a.txt#5#12,"このプリンはね、材料にソーダを
使っているの。","这款布丁呢，
是用汽水作为原料做出来的哦。",translated,依恩,59204ae9d3,br=0 nl=1,2,
inc/event/res/itemevent01/rt_s05a.txt#6#12,"ソーダを使ってるのにプリンみたいな
食感になるのか、不思議でしょ？","明明用了汽水却能做出像布丁一样的口感，
很不可思议对吧？",translated,依恩,53b8f17bbb,br=0 nl=1,2,
inc/event/res/itemevent01/rt_s05a.txt#7#12,"まあ、プリンなんだからぷるぷるしてて、
口の中でとろけないといけないよね。","嘛，既然是布丁就得富有弹性、
入口即化才行嘛。",translated,依恩,b57a418ee0,br=0 nl=1,2,
inc/event/res/itemevent01/rt_s05a.txt#8#12,"今からわたしが実際に食べて、
どうなってるかを確かめるよ。","现在就由我亲自品尝，
确认一下到底做得怎么样吧。",translated,依恩,c494582e17,br=0 nl=1,2,
inc/event/res/itemevent01/rt_s05a.txt#9#12,"それじゃ、いただきまーす！
んっ……。","那么，我开动啦！
嗯……",translated,依恩,65cefac640,br=0 nl=1,2,
inc/event/res/itemevent01/rt_s05a.txt#11#12,……わわわっ！？,……哇哇哇！？,translated,依恩,060447aaf8,br=0 nl=0,1,
inc/event/res/itemevent01/rt_s05a.txt#12#12,"スゴイスゴイ、ちゃんと口の中で
とろけて……きゃっ！？",好厉害好厉害，真的在嘴里融化了……呀！？,translated,依恩,c2096c7e9a,br=0 nl=1,2,
inc/event/res/itemevent01/rt_s05a.txt#13#12,"す、すごーい！
プリンになってるのに、ソーダがちゃんと
パチパチしてるよ！","太、太神啦！
明明做成了布丁，汽水却依然在滋滋冒泡呢！",translated,依恩,33fa954237,br=0 nl=2,3,
inc/event/res/itemevent01/rt_s05a.txt#15#12,プリンにする必要ないと思う,我觉得没必要特意做成布丁吧,translated,,0384b1e1c6,br=0 nl=0,1,
inc/event/res/itemevent01/rt_s05a.txt#16#12,"やっぱりソーダで作って正解だよ。
凄い爽快感のあるプリンになってる。","果然用汽水做是正确的决定呢。
变成了一款爽快感十足的布丁。",translated,依恩,d4672c7504,br=0 nl=1,2,
inc/event/res/itemevent01/rt_s05a.txt#17#12,"それにさっきも言ったとおりとろけるから、
ただの爽快感じゃないの。","而且正如我刚才说的入口即化，
绝不仅仅是普通的清爽口感哦。",translated,依恩,5a7dad62e8,br=0 nl=1,2,
inc/event/res/itemevent01/rt_s05a.txt#18#12,"う～ん、なんて説明すればいいかな？
まったく新しい感覚だから、ちょっと
難しいかも……。","唔～该怎么形容才好呢？
因为是全新的味觉体验，
感觉稍微有点难描述……",translated,依恩,f8534ef37a,br=0 nl=2,3,
inc/event/res/itemevent01/rt_s05a.txt#19#12,……上品な爽快感？,……高雅的爽快感？,translated,依恩,5c4fde0699,br=0 nl=0,1,
inc/event/res/itemevent01/rt_s05a.txt#22#12,"ご、ごめんね、例えが下手で。
でも、これ事態は大成功だよ。","抱、抱歉哦，我的比喻太笨拙了。
不过这道甜点本身是大获成功啦。",translated,依恩,272b739005,br=0 nl=1,2,
inc/event/res/itemevent01/rt_s05a.txt#26#12,"う～ん、確かにソーダの味がするだけ
なんだから、プリンにする必要は
ないかもしれないね。","唔～确实如果只是喝出汽水味，
可能真的没必要特意做成布丁呢。",translated,依恩,c44b359d8f,br=0 nl=2,3,
inc/event/res/itemevent01/rt_s05a.txt#27#12,"でも、ただのソーダだと飲むだけで
終わりでしょ？",但是光喝普通汽水，喝完不就结束了吗？,translated,依恩,f0f826905c,br=0 nl=1,2,
inc/event/res/itemevent01/rt_s05a.txt#28#12,"これだと、プリンのぷるぷるとか、
口の中でとろける感覚とかも
楽しめるんだよ？","要是做成这样，还能享受布丁的Ｑ弹、
以及入口即化的美妙口感对吧？",translated,依恩,76fb706862,br=0 nl=2,3,
inc/event/res/itemevent01/rt_s05a.txt#29#12,"ただのソーダを飲むよりも楽しめるし、
何より味わえると思うの。","我觉得比单纯喝汽水更有乐趣，
也更能细细品味呢。",translated,依恩,066ee764e9,br=0 nl=1,2,
inc/event/res/itemevent01/rt_s05a.txt#30#12,"だからこの形にしたのは正解だよ。
何より、美味しいしね。","所以做成这种形态是完全正确的。
最重要的是它真的很好吃嘛。",translated,依恩,d0e6491361,br=0 nl=1,2,
inc/event/res/itemevent01/rt_s05c.txt#3#12,"すかいぶるープリン、
またまた作っちゃいましたー。","天蓝布丁，
我又做了一次哦――",translated,依恩,1e639e7a5f,br=0 nl=1,2,
inc/event/res/itemevent01/rt_s05c.txt#4#12,"初めて見た人は絶対驚くよね。
これ、ゼリーじゃないの、って。","第一次见到的人绝对会大吃一惊吧，
心想这难道不是果冻吗。",translated,依恩,57a61f046a,br=0 nl=1,2,
inc/event/res/itemevent01/rt_s05c.txt#5#12,"まあ、タマゴを使ってないからプリンの
味もまったくしないけど……。",嘛，虽然没放鸡蛋也完全没有布丁的味道就是了……,translated,依恩,9c7cf5ba72,br=0 nl=1,2,
inc/event/res/itemevent01/rt_s05c.txt#6#12,"と、とにかく味見をしてみるね。
あーん……。","总、总之我先来尝尝味道呢。
啊――嗯……",translated,依恩,33e23b7ed0,br=0 nl=1,2,
inc/event/res/itemevent01/rt_s05c.txt#8#12,んっ……ふわっ！？,嗯……哇哇！？,translated,依恩,daa53d6ec4,br=0 nl=0,1,
inc/event/res/itemevent01/rt_s05c.txt#9#12,"く、口の中でとろけた瞬間、
ソーダのパチパチが一気に
広がったよ！","在、在口中融化的一瞬间，
汽水的碳酸气泡一下子爆开散布开了！",translated,依恩,27a5b93290,br=0 nl=2,3,
inc/event/res/itemevent01/rt_s05c.txt#10#12,"ん～、舌の裏で感じるパチパチが
凄く気持ちいいよぉ。","唔～舌尖底下能感受到细密的气泡跳动，
感觉超级舒服呢。",translated,依恩,466efa691f,br=0 nl=1,2,
inc/event/res/itemevent01/rt_s05c.txt#11#12,"これ、冷蔵庫でもっと冷え冷えの状態にして
食べたら､もっと美味しいかも。","这个要是放进冰箱冰镇得冰冰凉再吃，
说不定会更好吃哦。",translated,依恩,61facc2896,br=0 nl=1,2,
inc/event/res/itemevent01/rt_s05c.txt#12#12,えへへ、今度試してみよっと。,嘿嘿，下次我要尝试看看。,translated,依恩,6a947f58f7,br=0 nl=0,1,
inc/event/res/itemevent01/rt_s05c.txt#13#12,"今度作る時も、
これくらい美味しく作れたら嬉しいな。","下次再做的时候，
要是也能做得这么美味就好了呢。",translated,依恩,828f1d1c2a,br=0 nl=1,2,
inc/event/res/itemevent01/rt_s07a.txt#3#12,"じゃじゃーん！！
お姫様気分を味わえるおしゃれデザート、
いちごのプリマちゃん、完成だよ！","锵锵――！！
能体验公主情调的精致时髦甜点，
草莓普莉玛制作完成啦！",translated,依恩,97cfc860e8,br=0 nl=2,3,
inc/event/res/itemevent01/rt_s07a.txt#4#12,えへへ、シンプルだけど凄いでしょ？,诶嘿嘿，虽然看着简约但很厉害吧？,translated,依恩,be4c10ed71,br=0 nl=0,1,
inc/event/res/itemevent01/rt_s07a.txt#5#12,"ガラスの器にバニラアイスを載せて、
その上に大量のイチゴとイチゴソースを
トッピングしたの。","在玻璃小碗里盛上香草冰淇淋，
上面淋上满满的草莓和草莓酱作为配料。",translated,依恩,fcea7a3070,br=0 nl=2,3,
inc/event/res/itemevent01/rt_s07a.txt#6#12,"王宮のお姫様が、優雅なティータイムや、
ディナーの後で食べそうなアイスでしょ？","感觉很像王宫里的公主在优雅的下午茶
或是晚宴后会品尝的冰淇淋对吧？",translated,依恩,172d8f059c,br=0 nl=1,2,
inc/event/res/itemevent01/rt_s07a.txt#7#12,"えへへ、それじゃ溶けちゃう前に、
早速味身してみるね。","诶嘿嘿，趁着还没化掉，
我这就来尝尝看。",translated,依恩,a1c3428b9c,br=0 nl=1,2,
inc/event/res/itemevent01/rt_s07a.txt#8#12,アイスとイチゴを一緒に……あむっ！！,把冰淇淋和草莓一起送进嘴里……大咬一口！！,translated,依恩,631e28d8ae,br=0 nl=0,1,
inc/event/res/itemevent01/rt_s07a.txt#10#12,あ、甘くて美味しいー！,好甜好好吃――！,translated,依恩,4173da3bc2,br=0 nl=0,1,
inc/event/res/itemevent01/rt_s07a.txt#11#12,"イチゴソースの掛かったバニラアイスと、
新鮮なイチゴの甘さが最高だよ。","浇了草莓酱的香草冰淇淋，
搭配新鲜草莓的清甜简直绝了。",translated,依恩,d3a038e81f,br=0 nl=1,2,
inc/event/res/itemevent01/rt_s07a.txt#13#12,つまり、イチゴアイス？,也就是说，只是草莓冰淇淋？,translated,,699d4ce751,br=0 nl=0,1,
inc/event/res/itemevent01/rt_s07a.txt#14#12,"言っておくけどこのアイス、特別な材料は
一切使ってないの。","事先说明，这款冰淇淋
可完全没用什么特殊的材料哦。",translated,依恩,697406b779,br=0 nl=1,2,
inc/event/res/itemevent01/rt_s07a.txt#15#12,どこにでもある、普通の材料で作ったの。,全是用随处可见的普通食材做的。,translated,依恩,9691e05d19,br=0 nl=0,1,
inc/event/res/itemevent01/rt_s07a.txt#16#12,"だから見た目と違って、高級な食材は
一つも入ってないんだよ。","所以和华丽的外表不同，
里面可连一样高级食材都没放呢。",translated,依恩,22c823ee29,br=0 nl=1,2,
inc/event/res/itemevent01/rt_s07a.txt#17#12,"お手軽にお姫様気分になれる
デザートだもん。
高級な材料を使ったら台無しだよ。","毕竟这是让人轻松体验公主情调的甜点嘛。
要是用了昂贵的高级食材反而本末倒置啦。",translated,依恩,dbb3a3d484,br=0 nl=2,3,
inc/event/res/itemevent01/rt_s07a.txt#20#12,"それでもこんなに美味しく作れたんだもん。
大成功と言っていいよね？","即便如此还是做得这么美味，
完全算得上是大获成功了吧？",translated,依恩,75d50735c1,br=0 nl=1,2,
inc/event/res/itemevent01/rt_s07a.txt#24#12,近いけど、ちょっと違うの。,虽然很接近，但还是不太一样哦。,translated,依恩,906206e483,br=0 nl=0,1,
inc/event/res/itemevent01/rt_s07a.txt#25#12,"シンプルだけど、凄くおしゃれに
まとまったイチゴアイス、っていうのかな？","怎么说呢，应该说是虽然简约
但搭配得格外精致高雅的草莓冰淇淋吧？",translated,依恩,936dddb187,br=0 nl=1,2,
inc/event/res/itemevent01/rt_s07a.txt#26#12,バニラアイスとイチゴソースの甘さ。,香草冰淇淋与草莓酱的甘甜。,translated,依恩,aa09746aa1,br=0 nl=0,1,
inc/event/res/itemevent01/rt_s07a.txt#27#12,"それに新鮮なイチゴの甘さが混ざって、
凄く上品な甘さになってるの。","再融入新鲜草莓的水灵清香，
化作了一股非常优雅柔和的甜味。",translated,依恩,f7ca529d61,br=0 nl=1,2,
inc/event/res/itemevent01/rt_s07a.txt#28#12,"普通のイチゴアイスじゃ、こんなに
ゴージャスな気分は味わえないよ。","普通的草莓冰淇淋，
可体会不到这么奢华的美妙心情呢。",translated,依恩,f7edfe10d3,br=0 nl=1,2,
inc/event/res/itemevent01/rt_s07a.txt#29#12,"えへへ、この見た目と味なら、
胸を張って成功と言えるよ。","诶嘿嘿，光凭这卖相和口感，
我完全可以挺起胸膛宣告大成功啦。",translated,依恩,b525f5fbbc,br=0 nl=1,2,
inc/event/res/itemevent01/rt_s07c.txt#3#12,"今回の作ったのは
いちごのプリマちゃんだよ。","这次做的
是草莓普莉玛哦。",translated,依恩,c118d26b13,br=0 nl=1,2,
inc/event/res/itemevent01/rt_s07c.txt#4#12,"質素過ぎず、ゴテゴテし過ぎずの
丁度いいこの飾り付けがいいよね。","既不过于朴素，也不至于浮夸花哨，
恰到好处的点缀最棒了对吧。",translated,依恩,15fd3a30b5,br=0 nl=1,2,
inc/event/res/itemevent01/rt_s07c.txt#5#12,"節度を守ったデコレーションの方が、
上品な感じで気に入ってるの。","适度克制的精美装饰
显得格外高雅，我很喜欢呢。",translated,依恩,0a1cac1e2c,br=0 nl=1,2,
inc/event/res/itemevent01/rt_s07c.txt#6#12,"えへへ、それじゃお楽しみの味見だよ。
いただきまーす、はむっ！","诶嘿嘿，接下来就是期待已久的试味咯。
我开动啦，大咬一口！",translated,依恩,ac9b5ccec3,br=0 nl=1,2,
inc/event/res/itemevent01/rt_s07c.txt#8#12,……んっ、美味しい！,……嗯，真好吃！,translated,依恩,9ef2c70ce0,br=0 nl=0,1,
inc/event/res/itemevent01/rt_s07c.txt#9#12,"イチゴの味とバニラアイスの味が
丁度いい具合に混ざって、優しい
甘さになってるよ。","草莓风味与香草冰淇淋绝妙地融合，
呈现出一种温润舒心的清甜。",translated,依恩,3678a34fcc,br=0 nl=2,3,
inc/event/res/itemevent01/rt_s07c.txt#10#12,"見た目はイチゴが沢山だけど、
そこまでイチゴの味が前面に来ないのが
いいね。","虽然看起来摆满了草莓，
但草莓味并没有过于喧宾夺主，这很棒呢。",translated,依恩,1223d60d6c,br=0 nl=2,3,
inc/event/res/itemevent01/rt_s07c.txt#12#12,濃い方が好き,我更喜欢浓郁一点的,translated,,d9fddf356f,br=0 nl=0,1,
inc/event/res/itemevent01/rt_s07c.txt#13#12,"イチゴソースの味を、少しだけ薄くして
あるのがよかったのかな？",是因为把草莓酱调得稍微清淡了一点吧？,translated,依恩,e0b1a54fe4,br=0 nl=1,2,
inc/event/res/itemevent01/rt_s07c.txt#14#12,"イチゴがこれだけ乗ってるから、
ソースまで味が濃いと、イチゴの味しか
しなくなっちゃってたと思うし。","毕竟放了这么多新鲜草莓，要是酱汁也很浓，
就只会尝出草莓一种味道了嘛。",translated,依恩,48beb847de,br=0 nl=2,3,
inc/event/res/itemevent01/rt_s07c.txt#17#12,"それに、お姫様っていったら何となく
バニラアイスのイメージがあるから、
これくらいの味が一番だよね。","而且说到公主，总给人一种香草冰淇淋
的高雅印象，这种清爽口味才是最合适的呢。",translated,依恩,9bc12fd9f9,br=0 nl=2,3,
inc/event/res/itemevent01/rt_s07c.txt#21#12,イチゴの味が濃いのも美味しいと思うよ。,草莓味更浓郁的其实我也觉得很好吃哦。,translated,依恩,6f3880e171,br=0 nl=0,1,
inc/event/res/itemevent01/rt_s07c.txt#22#12,"でも、これはイチゴをトッピングした
バニラアイス、って考えた方がいいかも。","不过这款甜点，最好当成是“以草莓为配料的
香草冰淇淋”来看待会更准确呢。",translated,依恩,006019e3eb,br=0 nl=1,2,
inc/event/res/itemevent01/rt_s07c.txt#23#12,"だからイチゴの味ばかりが目立ったら、
バニラアイスの味が目立たなくなるでしょ？","所以要是草莓味太突出，
香草冰淇淋的风味不就被完全盖过去了吗？",translated,依恩,636983fde7,br=0 nl=1,2,
inc/event/res/itemevent01/rt_s07c.txt#24#12,"そうならないように、
ちゃんと調整してあるんだよ。","为了避免那种情况，
我可是有好好平衡调味过的哦。",translated,依恩,69ee48ba6c,br=0 nl=1,2,
inc/event/res/itemevent01/rt_s07c.txt#25#12,"このアイスはイチゴの味が強くなり過ぎると
失敗なの。
だから今回は、これで大成功だね。","这款冰淇淋要是草莓味过浓就算失败了。
所以这次这样是大获成功哦。",translated,依恩,9908e4715b,br=0 nl=2,3,
inc/event/res/itemevent01/rt_s08a.txt#3#12,チョコっとメロン完成したよ。,巧克甜瓜制作完成啦。,translated,依恩,f4836e6cf6,br=0 nl=0,1,
inc/event/res/itemevent01/rt_s08a.txt#4#12,"凄いでしょ？
これ、材料にメロンを丸々一つ
使ってるの。","很厉害吧？
这个呀，食材可是一整颗完整的甜瓜哦。",translated,依恩,3be1717533,br=0 nl=2,3,
inc/event/res/itemevent01/rt_s08a.txt#5#12,"こんなに贅沢なメロンの使い方、
普通は絶対にしないよね。","这么奢侈地享用一整颗甜瓜，
平时可是绝对舍不得的呢。",translated,依恩,143c39cd98,br=0 nl=1,2,
inc/event/res/itemevent01/rt_s08a.txt#6#12,"えへへ、何だか食べるのが
ワクワクしてきちゃった。","诶嘿嘿，一想到要吃它
整个人都满怀期待兴奋起来了。",translated,依恩,b9b6c6dabf,br=0 nl=1,2,
inc/event/res/itemevent01/rt_s08a.txt#7#12,"それじゃ、こっちの一口サイズに切った方の
メロンにチョコを付けて……。
いただきまーす！","那么，把切成一口大小的甜瓜块
蘸上巧克力酱……
我开动啦！",translated,依恩,248ab9db96,br=0 nl=2,3,
inc/event/res/itemevent01/rt_s08a.txt#8#12,あむっ……。,大咬一口……,translated,依恩,4cd1fad177,br=0 nl=0,1,
inc/event/res/itemevent01/rt_s08a.txt#10#12,"……あれ？
思ってたよりは甘くないみたい。","……咦？
好像没有预想中那么甜呢。",translated,依恩,f05c7ee926,br=0 nl=1,2,
inc/event/res/itemevent01/rt_s08a.txt#11#12,"メロンの甘さにチョコの甘さが混ざるから、
凄く甘くなるんだろうなぁ、って思ったの。","我还以为甜瓜的甜加上巧克力的甜，
会甜到发腻呢。",translated,依恩,f678f19d7e,br=0 nl=1,2,
inc/event/res/itemevent01/rt_s08a.txt#12#12,"でも、ちょっとビターなチョコを
使ってるから、メロンの甘さにチョコの
風味が加わった感じになってるの。","不过因为用了偏微苦的黑巧克力，
感觉只是给甜瓜原本的甜味增添了可可香气。",translated,依恩,7aea91da7b,br=0 nl=2,3,
inc/event/res/itemevent01/rt_s08a.txt#13#12,わぁ、何だか凄く上品な甘さだよ。,哇，有一种非常优雅纯正的甘甜呢。,translated,依恩,ecaf41e992,br=0 nl=0,1,
inc/event/res/itemevent01/rt_s08a.txt#15#12,見た目だけだと美味しそうには……,光看卖相的话感觉不太好吃……,translated,,47535802a2,br=0 nl=0,1,
inc/event/res/itemevent01/rt_s08a.txt#16#12,"こうやって食べてみて気づいたけど、
ただ甘いだけよりも、こんなふうに
上品な甘さの方がいいね。","像这样尝尝才发现，
比起一味死甜，这种高雅内敛的甜味更棒呢。",translated,依恩,3440b7ca9b,br=0 nl=2,3,
inc/event/res/itemevent01/rt_s08a.txt#17#12,自然ともう一口欲しくなる甘さだよ。,会让人自然而然想要再吃一口的甜度哦。,translated,依恩,60f4b2befa,br=0 nl=0,1,
inc/event/res/itemevent01/rt_s08a.txt#20#12,"っと、今からそんな食べ方してたら味見で
全部なくなっちゃうね","哎呀，要是现在就大吃特吃，
试味阶段就要被我全消灭光了呢。",translated,依恩,191222ac23,br=0 nl=1,2,
inc/event/res/itemevent01/rt_s08a.txt#24#12,"う～ん……確かに、メロンとチョコの
組み合わせって、あんまり聞かないよね？","唔～……确实，甜瓜配巧克力的吃法，
平时几乎没怎么听说过对吧？",translated,依恩,c82d96a3f0,br=0 nl=1,2,
inc/event/res/itemevent01/rt_s08a.txt#25#12,"でもこうやって実際にやってみたわたしが
言うんだから、少しは信じてほしいな。","不过既然是我亲手尝试过的切身体验，
还是希望你能相信我一点嘛。",translated,依恩,e20ca1e124,br=0 nl=1,2,
inc/event/res/itemevent01/rt_s08a.txt#26#12,"ポイントは、ビターなチョコを使うこと。
甘いのを使ったら、二つの甘さが
混ざっちゃうからね。","关键在于要用偏苦的黑巧克力。
要是用甜巧克力，两种甜腻混在一块就糟了。",translated,依恩,9d999800ae,br=0 nl=2,3,
inc/event/res/itemevent01/rt_s08a.txt#27#12,"どうしても信じられないなら、
あなたも試してみてね。","要是怎么都难以置信，
你也试着尝一块看看嘛。",translated,依恩,16120c9dad,br=0 nl=1,2,
inc/event/res/itemevent01/rt_s08a.txt#28#12,"メロンをチョコにつけるだけで出来るから、
凄く簡単だよ。","只要把甜瓜蘸上巧克力酱就行，
非常简单的哦。",translated,依恩,ee7168f576,br=0 nl=1,2,
inc/event/res/itemevent01/rt_s08c.txt#3#12,チョコっとメロン完成したよ。,巧克甜瓜制作完成啦。,translated,依恩,f4836e6cf6,br=0 nl=0,1,
inc/event/res/itemevent01/rt_s08c.txt#4#12,"やっぱりメロンを丸々一つ使うから、
見た目が豪華だよね。","果然用了一整颗甜瓜，
外观看起来超级豪华呢。",translated,依恩,e014ef0a12,br=0 nl=1,2,
inc/event/res/itemevent01/rt_s08c.txt#5#12,"それにこの匂い……。
メロンの甘い匂いと、チョコの匂いって、
凄くいいよね。","还有这股香气……
甜瓜清甜的果香与浓郁的可可香气，
搭配起来真好闻呢。",translated,依恩,9d2043bc00,br=0 nl=2,3,
inc/event/res/itemevent01/rt_s08c.txt#6#12,"っと、匂いに夢中になっちゃってたよ。
味見が先だよね、えへへ……。","好啦，光顾着闻香味了。
得先尝尝味道才对呢，诶嘿嘿……",translated,依恩,14086500fd,br=0 nl=1,2,
inc/event/res/itemevent01/rt_s08c.txt#8#12,んむっ……。,咬一口……,translated,依恩,f208372e8e,br=0 nl=0,1,
inc/event/res/itemevent01/rt_s08c.txt#9#12,"……ほろ苦いチョコに包まれたメロンが、
凄く甘く感じるよ。","……被微苦巧克力包裹着的甜瓜果肉，
感觉格外清甜多汁呢。",translated,依恩,a360c77aeb,br=0 nl=1,2,
inc/event/res/itemevent01/rt_s08c.txt#10#12,それに食感も凄くいいよ。,而且咬下去的口感也超级棒哦。,translated,依恩,f27de119b6,br=0 nl=0,1,
inc/event/res/itemevent01/rt_s08c.txt#11#12,"固まったチョコじゃないから、噛んだ時に
メロンの果肉の柔らかさを、ちゃんと
感じることができるの。","因为不是硬结的巧克力块，
咬下时能清晰体会到果肉细腻软嫩的触感。",translated,依恩,3ba916c079,br=0 nl=2,3,
inc/event/res/itemevent01/rt_s08c.txt#12#12,"その後で出てくるメロンの甘い果汁が、
ほろ苦いチョコと混ざって、丁度いい
甘さになるのが……感激だよ！","随后溢出的甜美汁水与微苦可可交融，
化为恰到好处的甜度……太让人感动了！",translated,依恩,e1a3966166,br=0 nl=2,3,
inc/event/res/itemevent01/rt_sw04a.txt#3#12,今回はダイエットケーキを作ってみたんだ。,这次我试着做了节食蛋糕哦。,translated,依恩,8a500ed057,br=0 nl=0,1,
inc/event/res/itemevent01/rt_sw04a.txt#4#12,"名前を聞けば、
どんなケーキなのかは想像つくよね？","一听名字，
应该就能想象出是什么样的蛋糕了吧？",translated,依恩,f078849645,br=0 nl=1,2,
inc/event/res/itemevent01/rt_sw04a.txt#5#12,"ダイエットしないといけない。
でも、甘いものをどうしても食べたい。","必须控制体重节食减重。
但是，又无论如何都想吃甜食。",translated,依恩,4965dc3633,br=0 nl=1,2,
inc/event/res/itemevent01/rt_sw04a.txt#6#12,"そんな人のための、
超低カロリーなケーキがこれだよ。","专为这种人打造的超低卡路里蛋糕，
就是这个啦。",translated,依恩,b76365e796,br=0 nl=1,2,
inc/event/res/itemevent01/rt_sw04a.txt#7#12,"低カロリーなのに生クリームがタップリ、
っていうのもいいところだよね。","低卡路里却涂了满满厚厚的鲜奶油，
这也是它的迷人之处对吧。",translated,依恩,79f26b3d1c,br=0 nl=1,2,
inc/event/res/itemevent01/rt_sw04a.txt#8#12,"それじゃ、味見してみるね。
いただきまーす、あむっ！！","那么，我尝尝看咯。
我开动啦，大咬一口！！",translated,依恩,d16c93f4a5,br=0 nl=1,2,
inc/event/res/itemevent01/rt_sw04a.txt#10#12,…………あれ？,…………咦？,translated,依恩,5c47e7456c,br=0 nl=0,1,
inc/event/res/itemevent01/rt_sw04a.txt#11#12,なんか、全然味がしない……あっ！,不知为何，完全没有味道……啊！,translated,依恩,5849247e10,br=0 nl=0,1,
inc/event/res/itemevent01/rt_sw04a.txt#12#12,"す、少しだけ甘さを感じるよ！
あのね、舌全体を生クリームで包むと、
微かに甘さを感じる気がするよ。","能、能隐约感觉到一丁点甜味哦！
那个呢，让舌头被鲜奶油完全包裹的话，
好像就能隐隐约约尝出丝丝甜意了。",translated,依恩,38ea5c9166,br=0 nl=2,3,
inc/event/res/itemevent01/rt_sw04a.txt#13#12,"これは確かに超低カロリーだね。
だって、味が本当にしてるのか
してないのか、わからないくらいだもん。","这确实是货真价实的超低卡路里呢。
毕竟甚至都吃不太准到底有没有味道嘛。",translated,依恩,199b0fa11c,br=0 nl=2,3,
inc/event/res/itemevent01/rt_sw04a.txt#15#12,余計に甘いものが欲しくなりそう,感觉反而会更想吃甜的呢,translated,,b5c854734e,br=0 nl=0,1,
inc/event/res/itemevent01/rt_sw04a.txt#16#12,"……でも、味が薄過ぎるのって、
ちょっと怖いね。","……不过，味道太淡了
感觉稍微有点可怕呢。",translated,依恩,efc7d01f73,br=0 nl=1,2,
inc/event/res/itemevent01/rt_sw04a.txt#17#12,"自分が一体何を食べてるのか、
わからなくなってくるよ。",吃着吃着都不知道自己到底在吃什么了。,translated,依恩,efb9a9f04f,br=0 nl=1,2,
inc/event/res/itemevent01/rt_sw04a.txt#20#12,"ま、まあ、ダイエット食としては
完璧だと思うし、今回は成功だね。","嘛、嘛，作为减脂餐来说堪称完美，
这次就算成功啦。",translated,依恩,0b6ee3c16b,br=0 nl=1,2,
inc/event/res/itemevent01/rt_sw04a.txt#24#12,それがいいんじゃないかな？,那样反而是好事不是吗？,translated,依恩,b4cb224f05,br=0 nl=0,1,
inc/event/res/itemevent01/rt_sw04a.txt#25#12,"甘いものを食べたくなったとしても、
これを食べれば一応、胃は膨らむでしょ？","哪怕突然想吃甜食，
吃了这个好歹也能把肚子填饱对吧？",translated,依恩,70e74a2a16,br=0 nl=1,2,
inc/event/res/itemevent01/rt_sw04a.txt#26#12,"甘いものを食べたいと思っても、
お腹が膨れてるのがわかるから
我慢しなくちゃいけない。","就算还馋甜食，但既然肚子已经饱了，
就会觉得必须忍耐才行。",translated,依恩,cf5db4d5cb,br=0 nl=2,3,
inc/event/res/itemevent01/rt_sw04a.txt#27#12,"その誘惑に勝った時、初めて体重は
減るんだよ。",只有战胜了那份诱惑，体重才会真正减下来哦。,translated,依恩,ba305120d9,br=0 nl=1,2,
inc/event/res/itemevent01/rt_sw04a.txt#28#12,"胃は膨らむけど心は膨らまない。
……ああ、これがハングリー精神だね！","填饱了肚皮却填不满心灵。
……啊，这就是所谓的“饥饿求胜精神”呢！",translated,依恩,41de415045,br=0 nl=1,2,
inc/event/res/itemevent01/rt_sw04c.txt#3#12,"ダイエットケーキ、
またまた作っちゃいましたー。","节食蛋糕，
我又做了一次哦――",translated,依恩,5e883cd306,br=0 nl=1,2,
inc/event/res/itemevent01/rt_sw04c.txt#4#12,"ダイエットにはまってるわけじゃないよ？
そんなに気にするほど、太ってないもん。","我可不是迷上节食了哦？
毕竟我还没胖到需要那么在意的程度嘛。",translated,依恩,bccca4750e,br=0 nl=1,2,
inc/event/res/itemevent01/rt_sw04c.txt#5#12,"ただ、日頃から気をつけないといけない、
と思っただけだもん。",只是觉得平时就得多加注意而已啦。,translated,依恩,a5f91c37b4,br=0 nl=1,2,
inc/event/res/itemevent01/rt_sw04c.txt#6#12,"とにかく、今は味見が先だね。
いただきまーす！","总之，现在先来尝尝味道吧。
我开动啦――！",translated,依恩,703d892ea1,br=0 nl=1,2,
inc/event/res/itemevent01/rt_sw04c.txt#8#12,んっ……。,嗯……,translated,依恩,564a9f74e2,br=0 nl=0,1,
inc/event/res/itemevent01/rt_sw04c.txt#9#12,"……うん、成功みたい。
ほとんど味がしないよ。","……嗯，好像成功了呢。
几乎没什么味道哦。",translated,依恩,b6f5374ec1,br=0 nl=1,2,
inc/event/res/itemevent01/rt_sw04c.txt#10#12,"一口食べただけで超低カロリーなのが
わかる味になってるよ。","只要吃上一口，
就能体会到超低热量的滋味呢。",translated,依恩,a8df2e48a2,br=0 nl=1,2,
inc/event/res/itemevent01/rt_sw04c.txt#11#12,"……でもこれ、目隠しして食べたら、
何を食べてるのかわからないんじゃ
ないかな？","……不过这个要是蒙上眼睛吃的话，
会不会根本不知道自己在吃什么呀？",translated,依恩,cefe2bf918,br=0 nl=2,3,
inc/event/res/itemevent01/rt_sw04c.txt#12#12,"ここまでしないと痩せられないなんて、
ダイエットって過酷だね。","必须做到这种地步才能瘦下来的话，
节食也未免太残酷了吧。",translated,依恩,f4c60ec4d0,br=0 nl=1,2,
inc/event/res/itemevent01/rt_sw04c.txt#13#12,"わたしも、本格的なダイエットが必要に
ならないように気をつけるよ。","我也得注意不要让自己
沦落到必须正经节食的地步呢。",translated,依恩,7f0afbe2d0,br=0 nl=1,2,
inc/event/res/itemevent01/rt_sw09a.txt#3#12,"え、えっと……は、ハッピースターの
完成だよ。","呃、那个……
幸、幸运星制作完成啦。",translated,依恩,ae456c71a1,br=0 nl=1,2,
inc/event/res/itemevent01/rt_sw09a.txt#4#12,これはね、甘くて美味しい砂糖菓子なの。,这个呢，是香甜美味的糖果点心哦。,translated,依恩,5f808bc3b2,br=0 nl=0,1,
inc/event/res/itemevent01/rt_sw09a.txt#5#12,"お星様の形をしているのが可愛いでしょ？
だからハッピースター、っていう
名前なの。","做成星星的形状很可爱对吧？
所以才取名叫幸运星哦。",translated,依恩,01435052ec,br=0 nl=2,3,
inc/event/res/itemevent01/rt_sw09a.txt#6#12,"ちゃんと甘くなってるかな？
ちょっと食べてみるね。","有没有做得很甜呢？
我先来尝尝看哦。",translated,依恩,90d2bf32cd,br=0 nl=1,2,
inc/event/res/itemevent01/rt_sw09a.txt#8#12,はむっ……んっ。,嗷呜……嗯。,translated,依恩,63a4744ef2,br=0 nl=0,1,
inc/event/res/itemevent01/rt_sw09a.txt#9#12,えへへ、甘くて美味しいよぉ。,诶嘿嘿，甜甜的真好吃呀。,translated,依恩,ac9cf9c637,br=0 nl=0,1,
inc/event/res/itemevent01/rt_sw09a.txt#10#12,"何だか凄く懐かしい甘さ、って
感じがするよ。",总觉得有种让人怀念的甜味呢。,translated,依恩,52543d0bac,br=0 nl=1,2,
inc/event/res/itemevent01/rt_sw09a.txt#12#12,それ、金平糖？,那不是金平糖吗？,translated,,a36643f7a7,br=0 nl=0,1,
inc/event/res/itemevent01/rt_sw09a.txt#13#12,"覚えてはいないけど、子供の頃に
食べたことがあるんじゃないかな？","虽然不太记得了，
但说不定小的时候曾经吃过呢？",translated,依恩,c4f7efaeb7,br=0 nl=1,2,
inc/event/res/itemevent01/rt_sw09a.txt#14#12,だってこれ……。,因为这个……,translated,依恩,050b29e9cb,br=0 nl=0,1,
inc/event/res/itemevent01/rt_sw09a.txt#17#12,"あ、な、なんでもないよ、なんでもない！
と、とにかく成功したんだから、
後片付け始めるね。","啊、没、没什么啦，真的没什么！
总、总之既然成功了，
我就先开始收拾收拾啦。",translated,依恩,7196eb7f3c,br=0 nl=2,3,
inc/event/res/itemevent01/rt_sw09a.txt#21#12,ち、違うよ！,才、才不是呢！,translated,依恩,05922cef78,br=0 nl=0,1,
inc/event/res/itemevent01/rt_sw09a.txt#22#12,"金平糖じゃなくて、ハッピースター。
お星様の形してるでしょ？","才不是金平糖，是幸运星啦。
不是长得像星星吗？",translated,依恩,c34ceb291f,br=0 nl=1,2,
inc/event/res/itemevent01/rt_sw09a.txt#23#12,"金平糖はお星様の形じゃなくて、
ただでこぼこしてるだけだもん。","金平糖可不是星星的形状，
只是表面凹凸不平而已嘛。",translated,依恩,e2ae78361a,br=0 nl=1,2,
inc/event/res/itemevent01/rt_sw09a.txt#24#12,"ま、まあ、確かにこれもそう見えなくも
ないけど……。","话、话是这么说，
虽然这个确实看起来也有点像就是了……",translated,依恩,80c22f844e,br=0 nl=1,2,
inc/event/res/itemevent01/rt_sw09a.txt#25#12,"で、でもこれはハッピースターなの。
金平糖とは違うから、間違えないでね。","但、但这可是幸运星哦。
跟金平糖不一样，可千万别认错了哦。",translated,依恩,5a1f03e26e,br=0 nl=1,2,
inc/event/res/itemevent01/rt_sw09c.txt#3#12,ハッピースター、完成だよ。,幸运星，制作完成啦。,translated,依恩,444afce86d,br=0 nl=0,1,
inc/event/res/itemevent01/rt_sw09c.txt#4#12,"ん～……やっぱり何度作っても
こんぺ……。","唔～……果然不管做多少次，
都长得像金平……",translated,依恩,2ff99b630d,br=0 nl=1,2,
inc/event/res/itemevent01/rt_sw09c.txt#5#12,じゃなくて、星にそっくりだね！,才不是呢，简直跟星星一模一样呢！,translated,依恩,5d16581d2f,br=0 nl=0,1,
inc/event/res/itemevent01/rt_sw09c.txt#6#12,"星以外の何かに似てるなんてことはないよ。
星以外に似てるものなんてないもん。","根本就没有像星星以外的东西啦。
绝对不可能像星星以外的东西嘛。",translated,依恩,b6c78fb225,br=0 nl=1,2,
inc/event/res/itemevent01/rt_sw09c.txt#7#12,"そ、それじゃ、味見してみるね。
あむっ、んんっ……。","那、那么，我先来尝尝味道哦。
嗷呜，嗯嗯……",translated,依恩,539dae71be,br=0 nl=1,2,
inc/event/res/itemevent01/rt_sw09c.txt#9#12,"……えへへ、お砂糖の味がして
美味しい～。","……诶嘿嘿，满口都是砂糖的香甜，
真好吃～",translated,依恩,81172fa9a5,br=0 nl=1,2,
inc/event/res/itemevent01/rt_sw09c.txt#10#12,"生クリームとか、チョコとかの甘さも
いいけど、こういうシンプルな甘さも
悪くないよね。","鲜奶油啊、巧克力那种甜味虽好，
但这种纯粹质朴的甘甜也不赖呢。",translated,依恩,2e414b30ce,br=0 nl=2,3,
inc/event/res/itemevent01/rt_sw09c.txt#11#12,"それに一口サイズ、っていうより、
一噛みサイズ、って言った方がいいのかな？","而且与其说是一口大小，
倒不如说是“一嚼大小”更合适？",translated,依恩,09aefca4b9,br=0 nl=1,2,
inc/event/res/itemevent01/rt_sw09c.txt#12#12,"一回噛んで終わりくらいの大きさなのも、
可愛くていいよね。","只有咬一下就没了的大小，
也显得小巧可爱挺不错的呢。",translated,依恩,655da3e0dc,br=0 nl=1,2,
inc/event/res/itemevent01/rt_sw09c.txt#13#12,"作業机の上に常備しておきたいな。
そうすれば、作業しながらちょこちょこ
つまめるでしょ？","真想常备在工作桌上呀。
这样一来，工作时就能随时顺手吃上一颗了吧？",translated,依恩,df48cdf9c9,br=0 nl=2,3,
inc/event/res/itemevent01/rt_sw09c.txt#14#12,"でも、甘くて美味しいから、食べるのに
夢中になっちゃうかもしれないね。","不过因为又甜又好吃，
说不定会吃得停不下来呢。",translated,依恩,3f4cbed4e4,br=0 nl=1,2,
inc/event/res/itemevent01/rt_sw09c.txt#15#12,"なんにせよ、美味しく出来上がってくれて
よかった。","不管怎么说，
能做得这么美味真是太好啦。",translated,依恩,05e292090a,br=0 nl=1,2,
inc/event/res/itemevent01/rt_tu01a.txt#3#12,ふぅ……結構大変だったなぁ……。,呼……还挺不容易的呢……,translated,依恩,5f9fd9cfe2,br=0 nl=0,1,
inc/event/res/itemevent01/rt_tu01a.txt#4#12,"はい、できたよ！
二極式整流真空管！","好啦，做出来啦！
二极式整流真空管！",translated,依恩,209586918c,br=0 nl=1,2,
inc/event/res/itemevent01/rt_tu01a.txt#5#12,"なんて自信満々に出したけど、一番程度の
低い真空管なんだ。","虽然自信满满地拿了出来，
不过这其实是规格最低级的真空管啦。",translated,依恩,938691ef72,br=0 nl=1,2,
inc/event/res/itemevent01/rt_tu01a.txt#6#12,"でも、真空管は大好きだから、自分で作れる
ことがわかって凄く嬉しいの！","但我最喜欢真空管了，知道自己也能
亲手做出来，心里真的超级开心呢！",translated,依恩,acdfb8b038,br=0 nl=1,2,
inc/event/res/itemevent01/rt_tu01a.txt#7#12,"それじゃ、導力を流してみるね。
ちゃんと光ってくれるといいけれど……。","那么，我试着导入导力看看哦。
要是能顺利亮起来就好了……",translated,依恩,52e030e385,br=0 nl=1,2,
inc/event/res/itemevent01/rt_tu01a.txt#8#12,……あっ、光ったよ！,……啊，亮起来了！,translated,依恩,935e3dc562,br=0 nl=0,1,
inc/event/res/itemevent01/rt_tu01a.txt#9#12,"うん、うんうん、これだよこれ。
このちょっと弱々しく、控えめな感じの光を
放つようにしたかったの。","嗯，嗯嗯，就是这个就是这个！
我就是想让它散发出这种
微微弱弱、内敛含蓄的光芒呢。",translated,依恩,11b754e348,br=0 nl=2,3,
inc/event/res/itemevent01/rt_tu01a.txt#10#12,"はぁ……真空管の光って、見てると
落ち着くよね……。","哈啊……真空管的光芒，
看着真的让人感到很安心呢……",translated,依恩,23aac62796,br=0 nl=1,2,
inc/event/res/itemevent01/rt_tu01a.txt#11#12,"っと、いつまでも見てちゃダメだね。
まだお片付けもしなくちゃいけないんだし。","啊，可不能一直看个没完呢。
毕竟之后还得收拾东西呢。",translated,依恩,210b1a64f0,br=0 nl=1,2,
inc/event/res/itemevent01/rt_tu01a.txt#12#12,"早くやることやっちゃって、後でゆっくりと
眺めようかな！えへへ。","赶快把该做的事做完，
待会儿再来慢慢欣赏吧！诶嘿嘿。",translated,依恩,7a6e8410be,br=0 nl=1,2,
inc/event/res/itemevent01/rt_tu01a.txt#14#14,"二極式整流真空管を
作ったよ♪","制作了
二极式整流真空管哦♪",translated,,8fbb1313e8,br=0 nl=1,2,
inc/event/res/itemevent01/rt_tu01a.txt#16#14,"二極式整流真空管が
完成したよ♪","二极式整流真空管
制作完成了♪",translated,,92269ba3a0,br=0 nl=1,2,
inc/event/res/itemevent01/rt_tu01a.txt#18#14,"二極式整流真空管の
作成完了。
次は何を作ろうかな♪","二极式整流真空管
制作完毕。
下次要做什么呢♪",translated,,de9aaabbff,br=0 nl=2,3,
inc/event/res/itemevent01/rt_tu01a.txt#20#14,"二極式整流真空管が
できたよ♪","二极式整流真空管
做出来啦♪",translated,,33d9edf02a,br=0 nl=1,2,
inc/event/res/itemevent01/rt_tu01e.txt#3#12,ふぅ……やっとできたぁ。,呼……总算做出来啦。,translated,依恩,1aefc55f40,br=0 nl=0,1,
inc/event/res/itemevent01/rt_tu01e.txt#4#12,はい、二極式整流真空管、完成だよ。,好啦，二极式整流真空管完成啦。,translated,依恩,26f5987453,br=0 nl=0,1,
inc/event/res/itemevent01/rt_tu01e.txt#5#12,"ふぅ……前にも作ったけど、小さいから
自分で作るのは大変だよ。","呼……虽然之前也做过，
但因为体积很小，自己动手还是挺辛苦的呢。",translated,依恩,1c47288346,br=0 nl=1,2,
inc/event/res/itemevent01/rt_tu01e.txt#6#12,"でも、真空管の淡い光って凄く好きなの。
それを楽しみにしてたからかな、
作ってる最中は凄く楽しかったの。","但我真的很喜欢真空管那淡淡的光芒。
或许是因为一直期待着看到它吧，
制作的过程中其实特别开心哦。",translated,依恩,d017b933cb,br=0 nl=2,3,
inc/event/res/itemevent01/rt_tu01e.txt#7#12,"それじゃ、早速光らせてみるね。
えいっ！","那么，我这就让它亮起来看看哦。
喝！",translated,依恩,e41dcb08bd,br=0 nl=1,2,
inc/event/res/itemevent01/rt_tu01e.txt#8#12,"……うん、この光だよ。
この淡いオレンジ色の光。","……嗯，就是这道光芒。
这淡淡的橙色微光。",translated,依恩,3af6d3fff5,br=0 nl=1,2,
inc/event/res/itemevent01/rt_tu01e.txt#9#12,"ちょっと頼りない感じで、今にも消えちゃい
そうなんだけど、見てると凄く落ち着くの。","虽然看起来弱不禁风、仿佛随时都会熄灭，
但看着它心里就会感到格外平静安宁。",translated,依恩,dce7d1cf16,br=0 nl=1,2,
inc/event/res/itemevent01/rt_tu01e.txt#10#12,"もう作るのも慣れたし、これからは時々
これを作って、のんびり眺めたりするのも
いいかもしれないね。","现在制作也已经熟练了，以后偶尔做做这个、
悠闲地欣赏一下或许也挺不错的呢。",translated,依恩,eb4cb15351,br=0 nl=2,3,
inc/event/res/itemevent01/rt_tu01e.txt#12#14,"二極式整流真空管を
また作ったよ♪","又制作了
二极式整流真空管哦♪",translated,,91b8e4e111,br=0 nl=1,2,
inc/event/res/itemevent01/rt_tu01e.txt#14#14,"二極式整流真空管が
完成したよ♪","二极式整流真空管
制作完成了♪",translated,,92269ba3a0,br=0 nl=1,2,
inc/event/res/itemevent01/rt_tu01e.txt#16#14,"二極式整流真空管の
作成完了。
次は何を作ろうかな♪","二极式整流真空管
制作完毕。
下次要做什么呢♪",translated,,de9aaabbff,br=0 nl=2,3,
inc/event/res/itemevent01/rt_tu01e.txt#18#14,"二極式整流真空管が
またできたよ♪
いい調子♪","二极式整流真空管
又做出来啦♪
状态很棒♪",translated,,a3ed7d75a3,br=0 nl=2,3,
inc/event/res/itemevent01/rt_we01a.txt#3#12,う、う～ん……一応できたけど……。,唔、唔～嗯……虽然姑且做好了……,translated,依恩,ae6267ca34,br=0 nl=0,1,
inc/event/res/itemevent01/rt_we01a.txt#4#12,"えっと、思ったよりも露出が激しい服に
なっちゃったみたい……。","那个，感觉变成了一件
比预想中还要暴露很多的衣服……",translated,依恩,8fc4f907f5,br=0 nl=1,2,
inc/event/res/itemevent01/rt_we01a.txt#5#12,"でも、おかげで結構簡単に作れたから、
その辺はありがたいと思ってるけどね。","不过也正因如此，制作起来相当简单，
在这方面我倒还是挺感激的啦。",translated,依恩,23c0d924d8,br=0 nl=1,2,
inc/event/res/itemevent01/rt_we01a.txt#6#12,"そっか、露出の激しい服なら簡単に
作れるんだ……覚えておこうっと！","原来如此，暴露的衣服做起来比较简单啊……
这招我记住了！",translated,依恩,48d146580e,br=0 nl=1,2,
inc/event/res/itemevent01/rt_we01a.txt#7#12,"でも、そんなことしてたら露出の高い
服ばっかりどんどん増えちゃうよね？","可是如果一直这样的话，
暴露的衣服岂不是会越来越多吗？",translated,依恩,9817c11cc6,br=0 nl=1,2,
inc/event/res/itemevent01/rt_we01a.txt#8#12,う～ん、それはちょっと問題かも……。,唔～嗯，这恐怕稍微有点成问题呢……,translated,依恩,dbf46e3ed0,br=0 nl=0,1,
inc/event/res/itemevent01/rt_we01a.txt#10#12,露出がほしい,希望能穿暴露一点,translated,,4860140cbe,br=0 nl=0,1,
inc/event/res/itemevent01/rt_we01a.txt#11#12,露出は少なくてよい,暴露程度低一点就好,translated,,ed106ab427,br=0 nl=0,1,
inc/event/res/itemevent01/rt_we01a.txt#12#12,"やっぱりラクだからなんて理由で
露出の激しい服ばかり作るのは、
ちょっと嫌だなぁ……。","果然仅仅因为省事，就老是做
暴露的衣服，感觉还是不太好呢……",translated,依恩,e18bee102d,br=0 nl=2,3,
inc/event/res/itemevent01/rt_we01a.txt#13#12,"それに肌寒い日とかもあるんだから、
やっぱり露出の少ない服もある程度は
作っておく必要があると思うし。","而且也会碰上天气微凉的日子，
果然暴露程度较低的衣服，
也必须在某种程度上多做一些才行呢。",translated,依恩,e516d5f5e0,br=0 nl=2,3,
inc/event/res/itemevent01/rt_we01a.txt#17#12,"露出が高いのと少ないのを、
同じくらい用意しておくのが
一番いいよね？","暴露度高的和低的，
各准备差不多数量才是最理想的对吧？",translated,依恩,cce489eec7,br=0 nl=2,3,
inc/event/res/itemevent01/rt_we01a.txt#21#12,"……あの、女の子に露出しようとか
言うのって、結構問題あると思うよ？","……那个，跟女孩子说什么希望能暴露一点，
我觉得这发言问题可不小哦？",translated,依恩,57234ff086,br=0 nl=1,2,
inc/event/res/itemevent01/rt_we01a.txt#22#12,"でも、あなたは露出の高い服を着た
わたしが見たいんだ？","不过，你是想看
穿着暴露衣服的我对吧？",translated,依恩,358ab9144f,br=0 nl=1,2,
inc/event/res/itemevent01/rt_we01a.txt#23#12,う～ん……。,唔～嗯……,translated,依恩,31ba2d44c8,br=0 nl=0,1,
inc/event/res/itemevent01/rt_we01a.txt#24#12,"……まあ、また今度ね。
いきなりそんなこと言われても困るよ。","……嘛，下次再说啦。
突然这么说也太让人为难了。",translated,依恩,f833900af3,br=0 nl=1,2,
inc/event/res/itemevent01/rt_we01a.txt#25#12,"でも、そのうち……仲良くなったら
そういう服を作ってもいいかな？","不过，等以后……关系变得更好之后，
再做那样的衣服也未尝不可呢？",translated,依恩,c49a0fa022,br=0 nl=1,2,
inc/event/res/itemevent01/rt_we01a.txt#26#12,"ただ、機械弄りが好きなわたしとしては、
なるべく肌の露出を控えた服の方が好き
なんだけどね。","只是对于喜欢摆弄机械的我来说，
还是更喜欢尽量减少肌肤暴露的衣服就是了。",translated,依恩,98680e62d0,br=0 nl=2,3,
inc/event/res/itemevent01/rt_we01a.txt#30#12,"うんうん、やっぱり服は
露出少な目がいいよね！","嗯嗯，果然衣服还是
暴露少一点更好对吧！",translated,依恩,21d911e7ad,br=0 nl=1,2,
inc/event/res/itemevent01/rt_we01a.txt#31#12,"わたしって機械弄りが好きだから、
できる限り肌を露出させない服の方が
安心するの。","因为我喜欢摆弄机械，
只要能穿尽量不露出皮肤的衣服，
就会感到更安心呢。",translated,依恩,4bf5afa80a,br=0 nl=2,3,
inc/event/res/itemevent01/rt_we01a.txt#32#12,素肌を出してると、ケガをしやすいからね。,要是露出皮肤的话，很容易受伤嘛。,translated,依恩,322344e695,br=0 nl=0,1,
inc/event/res/itemevent01/rt_we01a.txt#33#12,"とりあえず、今回のはこれで大丈夫だよ。
エッチな目で見ないでね。","总之，这次就先这样好啦。
可不许用色眯眯的眼神看我哦。",translated,依恩,4a7a0dd39a,br=0 nl=1,2,
inc/event/res/itemevent01/rt_we01a.txt#36#14,"ポーラーズメモリーⅠ
を作ったよ♪","制作了
北极星记忆Ⅰ哦♪",translated,,ab002793b0,br=0 nl=1,2,
inc/event/res/itemevent01/rt_we01a.txt#38#14,"ポーラーズメモリーⅠ
が完成したよ♪","北极星记忆Ⅰ
制作完成了♪",translated,,c512f4223c,br=0 nl=1,2,
inc/event/res/itemevent01/rt_we01a.txt#40#14,"ポーラーズメモリーⅠ
の作成完了。
次は何を作ろうかな♪","北极星记忆Ⅰ
制作完毕。
下次要做什么呢♪",translated,,68f7e71234,br=0 nl=2,3,
inc/event/res/itemevent01/rt_we01a.txt#42#14,"ポーラーズメモリーⅠ
ができたよ♪","北极星记忆Ⅰ
做出来啦♪",translated,,a3fb8c4269,br=0 nl=1,2,
inc/event/res/itemevent01/rt_we01c.txt#3#12,んっ、こんな感じかな？,嗯，差不多是这样吧？,translated,依恩,1cb6de57ef,br=0 nl=0,1,
inc/event/res/itemevent01/rt_we01c.txt#4#12,じゃじゃーん、完成だよ！,锵锵――制作完成啦！,translated,依恩,785e55e8b6,br=0 nl=0,1,
inc/event/res/itemevent01/rt_we01c.txt#5#12,"相変わらず露出が激しい服だよね。
日常生活で着るのはちょっと恥ずかしいよ。","这衣服还真是一如既往地暴露呢。
平时日常穿出去稍微有点害羞呀。",translated,依恩,420e85c66e,br=0 nl=1,2,
inc/event/res/itemevent01/rt_we01c.txt#6#12,"けど、前に作った時よりも
上手く作れたとは思うよ。","不过我觉得比上次做的时候，
手艺要精湛多了哦。",translated,依恩,4ac0867a30,br=0 nl=1,2,
inc/event/res/itemevent01/rt_we01c.txt#7#12,"……ここだけの話、
今回のはパッド入りだよ。","……悄悄告诉你哦，
这次的衣服里面可是加了衬垫的哦。",translated,依恩,4e5e3c8ead,br=0 nl=1,2,
inc/event/res/itemevent01/rt_we01c.txt#8#12,"あっ、今笑ったでしょ！？
でも形を整えるためには大切なんだよ？","啊，你刚才笑了吧！？
但这对于调整身形线条可是很重要的好吗！",translated,依恩,5df2fc1511,br=0 nl=1,2,
inc/event/res/itemevent01/rt_we01c.txt#9#12,"やっぱり着る以上は、少しでも
かわいく着たいもん。","毕竟既然要穿上它，
总想尽可能穿得更可爱一点嘛。",translated,依恩,7a06c44018,br=0 nl=1,2,
inc/event/res/itemevent01/rt_we01c.txt#10#12,"……自信がないわけじゃないからね？
おしゃれなんだよ？","……我可不是对自己没自信哦？
这叫时尚、讲究穿搭好不好！",translated,依恩,b6fabe2f21,br=0 nl=1,2,
inc/event/res/itemevent01/rt_we01c.txt#12#14,"ポーラーズメモリーⅠ
をまた作ったよ♪","又制作了
北极星记忆Ⅰ哦♪",translated,,8ca14cfd28,br=0 nl=1,2,
inc/event/res/itemevent01/rt_we01c.txt#14#14,"ポーラーズメモリーⅠ
が完成したよ♪","北极星记忆Ⅰ
制作完成了♪",translated,,c512f4223c,br=0 nl=1,2,
inc/event/res/itemevent01/rt_we01c.txt#16#14,"ポーラーズメモリーⅠ
の作成完了。
次は何を作ろうかな♪","北极星记忆Ⅰ
制作完毕。
下次要做什么呢♪",translated,,68f7e71234,br=0 nl=2,3,
inc/event/res/itemevent01/rt_we01c.txt#18#14,"ポーラーズメモリーⅠ
がまたできたよ♪
いい調子♪","北极星记忆Ⅰ
又做出来啦♪
状态很棒♪",translated,,671cca12bb,br=0 nl=2,3,
inc/event/res/itemevent01/rt_we03a.txt#3#12,……うん、これで完成！,……嗯，这样就大功告成啦！,translated,依恩,cb6db7610f,br=0 nl=0,1,
inc/event/res/itemevent01/rt_we03a.txt#4#12,"ねえねえ、見て見て！
じゃじゃじゃーん！","呐呐，快看快看！
锵锵锵――！",translated,依恩,2262d9ef3a,br=0 nl=1,2,
inc/event/res/itemevent01/rt_we03a.txt#5#12,"わかるかな？
夢セカイでわたしがルウレイさんから
もらった服を再現してみたの！","能看出来吗？
我试着重现了在梦世界里
从鲁雷阿姨那里得到的衣服哦！",translated,依恩,8341de3c28,br=0 nl=2,3,
inc/event/res/itemevent01/rt_we03a.txt#6#12,"実は結構気に入ってたんだよね、あの服。
だから頑張って作っちゃった。","其实我蛮中意那套衣服的呢。
所以才鼓足干劲把它做出来了。",translated,依恩,5f70c3e6fe,br=0 nl=1,2,
inc/event/res/itemevent01/rt_we03a.txt#7#12,"まさかここまで上手く再現できるとは思って
なかったけどね。","不过我自己也没想到
居然能还原得这么棒就是了。",translated,依恩,49cb76ac55,br=0 nl=1,2,
inc/event/res/itemevent01/rt_we03a.txt#8#12,"サイズはちょっと大きめだったから、
少し縮めようかとも思ったけど、
やっぱりそのままにしたの。","因为尺寸稍微有点偏大，
虽然我也想过要不要改小一点，
但最后还是保留了原样。",translated,依恩,1343eaaa9b,br=0 nl=2,3,
inc/event/res/itemevent01/rt_we03a.txt#9#12,"あの少しダブッとした感じも
結構気に入ってたからね。","毕竟那种略显宽松肥大的感觉，
我也相当喜欢呢。",translated,依恩,3ca8686980,br=0 nl=1,2,
inc/event/res/itemevent01/rt_we03a.txt#10#12,"ルウレイさん、こういうダブッとした感じの
服が好きなのかな？
そういう風には見えなかったけど……。","鲁雷阿姨是喜欢这种宽松松的衣服吗？
虽然看着不太像有这种喜好就是了……",translated,依恩,8957b33f18,br=0 nl=2,3,
inc/event/res/itemevent01/rt_we03a.txt#11#12,"まあいっか。
この服、後で早速着てみようっと。","嘛，不管啦。
待会儿我就立刻换上这套衣服试试看。",translated,依恩,7deb6eb0bd,br=0 nl=1,2,
inc/event/res/itemevent01/rt_we03a.txt#13#14,"リンカージェンを
作ったよ♪","制作了
连接基因哦♪",translated,,a6c2e5f8df,br=0 nl=1,2,
inc/event/res/itemevent01/rt_we03a.txt#15#14,"リンカージェンが
完成したよ♪","连接基因
制作完成了♪",translated,,986a70c724,br=0 nl=1,2,
inc/event/res/itemevent01/rt_we03a.txt#17#14,"リンカージェンの
作成完了。
次は何を作ろうかな♪","连接基因
制作完毕。
下次要做什么呢♪",translated,,a95ecac7de,br=0 nl=2,3,
inc/event/res/itemevent01/rt_we03a.txt#19#14,"リンカージェンが
できたよ♪","连接基因
做出来啦♪",translated,,c0275987db,br=0 nl=1,2,
inc/event/res/itemevent01/rt_we03c.txt#3#12,よーし、完成！,好――制作完成！,translated,依恩,e23c96a59c,br=0 nl=0,1,
inc/event/res/itemevent01/rt_we03c.txt#4#12,"えへへ、ルウレイさんから貰った服、
また作っちゃった！","诶嘿嘿，从鲁雷阿姨那里得到的衣服，
我又做了一套哦！",translated,依恩,915ec3c703,br=0 nl=1,2,
inc/event/res/itemevent01/rt_we03c.txt#5#12,"お気に入りの服って、洗濯しちゃうと
乾くまで着られないでしょ？","心仪的衣服一旦洗了，
在晾干之前就穿不上了对吧？",translated,依恩,e2852188ee,br=0 nl=1,2,
inc/event/res/itemevent01/rt_we03c.txt#6#12,"それを解消するためにはどうしたらいいか？
答えは簡単、何着も作ればいいのです！","要解决这个问题该怎么办呢？
答案很简单，多做几件就行啦！",translated,依恩,0495602335,br=0 nl=1,2,
inc/event/res/itemevent01/rt_we03c.txt#8#12,色んな服を着てもらいたい,希望能看你穿各种各样的衣服,translated,,2161f38aa3,br=0 nl=0,1,
inc/event/res/itemevent01/rt_we03c.txt#9#12,"ただ、毎日同じ服ばっかり着てるね、
って言われちゃうから、
注意しないといけないけどね。","只不过天天穿着同一套衣服，
难免会被别人说闲话，
在这点上必须注意一下才行呢。",translated,依恩,6630f1d85e,br=0 nl=2,3,
inc/event/res/itemevent01/rt_we03c.txt#10#12,"そう考えると、あんまり作り過ぎるのは
よくないのかな……？","这么一想，做太多相同衣服
是不是也不太好呢……？",translated,依恩,556bcb32a6,br=0 nl=1,2,
inc/event/res/itemevent01/rt_we03c.txt#14#12,"でも、無いよりはあった方がいいよね。
よぉし、そのうちまた作っちゃおっと！","但总归是有备无患嘛。
好嘞，过段时间我再做一套吧！",translated,依恩,134f5b767a,br=0 nl=1,2,
inc/event/res/itemevent01/rt_we03c.txt#18#12,えっ……そ、そう？,诶……是、是这样吗？,translated,依恩,4c518bcdf3,br=0 nl=0,1,
inc/event/res/itemevent01/rt_we03c.txt#19#12,"ま、まあ、好きな服だからって、
一年中着てたら、さすがに飽きちゃうよね。","话、话也是啦，就算再怎么喜欢，
要是整年都穿同一套，
也确实会腻的呢。",translated,依恩,975e71c220,br=0 nl=1,2,
inc/event/res/itemevent01/rt_we03c.txt#20#12,"でも、あなたからそんなリクエストがくる
なんて思ってなかったから、ちょっとだけ
驚いちゃった。","不过没想到你会提出这样的要求，
稍微让我有点惊讶呢。",translated,依恩,f37e56177d,br=0 nl=2,3,
inc/event/res/itemevent01/rt_we03c.txt#21#12,"えへへ、でもそう言うなら、この服ばかり
じゃなくて他のも着るようにするよ。","诶嘿嘿，既然你都这么说了，
我就不光穿这套，也会换着穿别的衣服啦。",translated,依恩,c26157b212,br=0 nl=1,2,
inc/event/res/itemevent01/rt_we03c.txt#22#12,"それなら、もっと沢山、色んな服を作れる
ようになるために、ちょっと頑張ってみよう
かな？","既然如此，为了能做出更多、
各式各样的衣服，
我也稍微加把劲努力看看吧！",translated,依恩,bfd71e5964,br=0 nl=2,3,
inc/event/res/itemevent01/rt_we03c.txt#24#14,"リンカージェンを
また作ったよ♪","又制作了
连接基因哦♪",translated,,53d8bd294b,br=0 nl=1,2,
inc/event/res/itemevent01/rt_we03c.txt#26#14,"リンカージェンが
完成したよ♪","连接基因
制作完成了♪",translated,,986a70c724,br=0 nl=1,2,
inc/event/res/itemevent01/rt_we03c.txt#28#14,"リンカージェンの
作成完了。
次は何を作ろうかな♪","连接基因
制作完毕。
下次要做什么呢♪",translated,,a95ecac7de,br=0 nl=2,3,
inc/event/res/itemevent01/rt_we03c.txt#30#14,"リンカージェンが
またできたよ♪
いい調子♪","连接基因
又做出来啦♪
状态很棒♪",translated,,22e15739d2,br=0 nl=2,3,
