id,jp,zh,status,speaker,src,ctl,lines,note
inc/event/res/passiveevent01/pas_assem.txt#6#12,"こういう工作っぽい作業が
一番自分に合ってるのかも。","这种手工DIY性质的作业，
或许才是最适合我的呢。",translated,依恩,f2a8b446a0,br=0 nl=1,2,
inc/event/res/passiveevent01/pas_assem.txt#7#12,やっていて凄く楽しいよ。,动手做起来真的超级开心哦。,translated,依恩,881fc98871,br=0 nl=0,1,
inc/event/res/passiveevent01/pas_assem.txt#9#12,こういう組立作業って、結構得意なの。,像这种组装作业，我其实相当擅长呢。,translated,依恩,bfd8542217,br=0 nl=0,1,
inc/event/res/passiveevent01/pas_assem.txt#10#12,"パーツの形だけで想像して作っていくのが
好きなんだ。","我其实很喜欢仅凭零件的形状，
边发挥想象边动手组装制作呢。",translated,依恩,6bddb96e42,br=0 nl=1,2,
inc/event/res/passiveevent01/pas_assem.txt#11#12,……い、今それはダメだよね。,……现、现在可不能那么随性呢。,translated,依恩,1a6f430865,br=0 nl=0,1,
inc/event/res/passiveevent01/pas_assem.txt#13#12,"こういう組立作業って、
最終的に失敗して変な形になっても
笑えたらＯＫって思っちゃうよね。","像这种组装活儿，
就算最后弄砸拼成了奇形怪状，
只要能逗大家一笑就觉得很OK了对吧。",translated,依恩,1692f1cb1b,br=0 nl=2,3,
inc/event/res/passiveevent01/pas_assem.txt#14#12,"……だ、大丈夫だよ、
今回はそんなことないから。","……没、没事的啦，
这次肯定不会发生那种事的。",translated,依恩,5d5e3c2f5a,br=0 nl=1,2,
inc/event/res/passiveevent01/pas_assem.txt#15#12,成功するように頑張るね。,我会努力争取一次成功的。,translated,依恩,e503f6edb0,br=0 nl=0,1,
inc/event/res/passiveevent01/pas_assem.txt#17#12,"こういう作業って大好きなんだけど、
やっぱり変かな？","虽然我超级喜欢这种手工作业，
但果然还是有点奇怪吧？",translated,依恩,f02fbe3b81,br=0 nl=1,2,
inc/event/res/passiveevent01/pas_assem.txt#18#12,"組立作業って、
普通は男の子が好きなものだもんね。","毕竟拼装组装之类的作业，
通常都是男孩子们才喜欢摆弄的嘛。",translated,依恩,48ad29475f,br=0 nl=1,2,
inc/event/res/passiveevent01/pas_assem.txt#20#12,"結構パーツの量が少ないと思ったけど、
組み立て方が凄く複雑なの。","本以为零件数量挺少的，
没想到组装结构却格外复杂呢。",translated,依恩,dff65c0000,br=0 nl=1,2,
inc/event/res/passiveevent01/pas_assem.txt#21#12,"でも、難しい方がパーツ同士がハマッた時の
喜びは倍増するよね！","不过难度越高，零件严丝合缝扣上时的
喜悦感也会翻倍呢！",translated,依恩,d014400bf5,br=0 nl=1,2,
inc/event/res/passiveevent01/pas_assem.txt#23#12,ふ～、ふふっ、ふふ～ん♪,呼～，呵呵，呼呼～嗯♪,translated,依恩,d0964f4615,br=0 nl=0,1,
inc/event/res/passiveevent01/pas_assem.txt#24#12,"えへへ、こういう物を組み立てる作業って、
つい夢中しちゃうよね。","诶嘿嘿，像这种组装物件的活儿，
不知不觉就会全身心沉迷进去呢。",translated,依恩,339878f5ed,br=0 nl=1,2,
inc/event/res/passiveevent01/pas_assem.txt#25#12,"物を組み立てる作業なら、
多分一晩中やってても飽きないよ。","如果是拼装组装东西的话，
就算让我通宵干上一整晚也绝对不腻哦。",translated,依恩,995320437b,br=0 nl=1,2,
inc/event/res/passiveevent01/pas_assem.txt#27#12,"こういう作業って凄く楽しいから、
つい歌っちゃってたよ。","因为动手做这些真的太有意思了，
不知不觉就哼起歌来了呢。",translated,依恩,30f2679527,br=0 nl=1,2,
inc/event/res/passiveevent01/pas_assem.txt#28#12,"ばらばらのパーツがはまって、
少しずつ形になっていくのって、
凄くワクワクするよね。","看着零零散散的零件一块块拼接上去，
渐渐展现出完整的雏形轮廓，
真的超级令人兴奋雀跃呢。",translated,依恩,f844652e2b,br=0 nl=2,3,
inc/event/res/passiveevent01/pas_assem.txt#30#12,んっふふ～ふ～ふ～♪,嗯呼呼～呼～呼～♪,translated,依恩,d166a30d1d,br=0 nl=0,1,
inc/event/res/passiveevent01/pas_assem.txt#31#12,"えへへ、こういう作業って得意だし、
大好きなの！","诶嘿嘿，像这种细致活我很拿手，
而且也最喜欢了！",translated,依恩,d00ef06081,br=0 nl=1,2,
inc/event/res/passiveevent01/pas_assem.txt#32#12,"男の子よりも綺麗に作り上れる自信もある
……かな。","我有自信能比男孩子做得更工整美观
……大概吧。",translated,依恩,838a2d1893,br=0 nl=1,2,
inc/event/res/passiveevent01/pas_assem.txt#33#12,……じ、自慢できない、かな？,……难、难道不值得炫耀自豪吗？,translated,依恩,cd3706e2ea,br=0 nl=0,1,
inc/event/res/passiveevent01/pas_assem.txt#35#12,"えへへ、手先は器用な方だから、
組み立ては綺麗にできそうだよ。","诶嘿嘿，我手脚还是挺灵巧的，
组装出来的成品应该会很漂亮哦。",translated,依恩,fec3cac648,br=0 nl=1,2,
inc/event/res/passiveevent01/pas_assem.txt#36#12,"……その分、苦手なことも多いから、
胸は張れないかな。","……相对地，我不擅长的事情也很多，
也没法挺起胸膛夸海口就是了。",translated,依恩,ed09fcd544,br=0 nl=1,2,
inc/event/res/passiveevent01/pas_assem.txt#38#12,……はっ！？,……哈！？,translated,依恩,e6442d228e,br=0 nl=0,1,
inc/event/res/passiveevent01/pas_assem.txt#39#12,いけない、ぼーっとしちゃってたみたい！,糟了，我刚才好像有些走神发呆了！,translated,依恩,1845cafef2,br=0 nl=0,1,
inc/event/res/passiveevent01/pas_assem.txt#40#12,"組み立て方を考えてて、
そのままぼーっとしちゃってたよ……。","一边琢磨着怎么组装，
一边就不自觉地发起呆来了……。",translated,依恩,ab825000f7,br=0 nl=1,2,
inc/event/res/passiveevent01/pas_assem.txt#41#12,"考えることよりも、手を動かすことに
集中するね。","比起光动脑筋空想，
我还是集中精力多动动手吧。",translated,依恩,3a5b64675e,br=0 nl=1,2,
inc/event/res/passiveevent01/pas_assem.txt#43#12,……あっ、あれ？,……啊，奇怪？,translated,依恩,79f4af058a,br=0 nl=0,1,
inc/event/res/passiveevent01/pas_assem.txt#44#12,"わわわっ、
ちょっとぼーっとしちゃってたみたい！","哇哇哇，
我好像稍微有点犯迷糊走神了！",translated,依恩,aeccc2a1fd,br=0 nl=1,2,
inc/event/res/passiveevent01/pas_assem.txt#45#12,うう、まだ全然組みあがってないのに……。,呜呜，明明完全都还没拼好呢……。,translated,依恩,4cf83dd8e3,br=0 nl=0,1,
inc/event/res/passiveevent01/pas_assem.txt#46#12,急いで組み立てちゃうね。,我得抓紧赶快拼好才行了。,translated,依恩,8f9ed27530,br=0 nl=0,1,
inc/event/res/passiveevent01/pas_assem.txt#48#12,……はっ！？,……哈！？,translated,依恩,e6442d228e,br=0 nl=0,1,
inc/event/res/passiveevent01/pas_assem.txt#49#12,"わわわ、なんかレシピとは違う
組み立てかたしちゃってる！？","哇哇哇，我怎么搞得跟图纸配方上
拼装的方式完全不一样啊！？",translated,依恩,379532a2cc,br=0 nl=1,2,
inc/event/res/passiveevent01/pas_assem.txt#50#12,"やっぱり、ぼーっとしてたら
まともに作れないよね……。","果然，要是三心二意走神发呆的话，
根本不可能顺顺当当做好呢……。",translated,依恩,0ff5ba0bf5,br=0 nl=1,2,
inc/event/res/passiveevent01/pas_assem.txt#51#12,"って、話してる場合じゃないね。
間違って組み立てたところ、直さないと。","不对，现在可不是闲聊的时候。
装错的地方得赶快拆开重新修正才行。",translated,依恩,3a8feae919,br=0 nl=1,2,
inc/event/res/passiveevent01/pas_assem.txt#53#12,……あ、あれ？,……诶，奇怪？,translated,依恩,c377f5e95d,br=0 nl=0,1,
inc/event/res/passiveevent01/pas_assem.txt#54#12,"わわっ、いつの間にか時間が
凄く過ぎてる！？",哇哇，不知不觉时间居然过去这么久了！？,translated,依恩,77709927db,br=0 nl=1,2,
inc/event/res/passiveevent01/pas_assem.txt#55#12,"こんなに長い時間、
ぼーっとしてたなんて……。",我居然呆愣愣地出神了这么长时间……。,translated,依恩,e2bb392f3c,br=0 nl=1,2,
inc/event/res/passiveevent01/pas_assem.txt#56#12,"急いで組み立てないと。
このままじゃ、夜中まで掛かっちゃうよ。","得抓紧时间组装了。
再这样拖下去，搞到半夜都干不完了啦。",translated,依恩,ad3a664356,br=0 nl=1,2,
inc/event/res/passiveevent01/pas_conne.txt#6#12,"掃除する時にコードを抜いて、
終わってから接続しなおすと、
余分なコードがでたりすることってない？","大扫除时把所有线缆插头拔掉，
收拾完重新接回去的时候，
总会莫名其妙多出一根线缆，你有过这经历吗？",translated,依恩,79ebe5bd8c,br=0 nl=2,3,
inc/event/res/passiveevent01/pas_conne.txt#7#12,"あれってどういうことなんだろうね？
意味のないコードが、
どこかに接続されてたのかなぁ？","那到底是怎么一回事呢？
难道之前一直有根毫无意义的线，
插在不知道什么地方吗？",translated,依恩,9fe32c7c72,br=0 nl=2,3,
inc/event/res/passiveevent01/pas_conne.txt#9#12,コードって、付属の物を使ってる？,你用的连接线，都是设备自带附送的吗？,translated,依恩,ce47dfcd27,br=0 nl=0,1,
inc/event/res/passiveevent01/pas_conne.txt#10#12,わたしはコードは別に買ってくるんだ。,我自己平时会专门单独去买线缆哦。,translated,依恩,c1383d770c,br=0 nl=0,1,
inc/event/res/passiveevent01/pas_conne.txt#11#12,"何が変わるってわけじゃないんだけど、
なんとなく……かな。","倒不是说有什么质的飞跃，
总觉得……该算是一种情怀吧。",translated,依恩,5bd5e3d126,br=0 nl=1,2,
inc/event/res/passiveevent01/pas_conne.txt#13#12,"コードの接続とかが苦手な人って時々
いるよね？","有时确实会遇到一些
特别不擅长接线理线的人呢。",translated,依恩,99c163c07a,br=0 nl=1,2,
inc/event/res/passiveevent01/pas_conne.txt#14#12,"決まった場所に繋げるだけなんだけど、
たくさんあると混乱しちゃうのかな？","明明只要插进固定的接口就行了，
线一多难道就会让人陷入混乱吗？",translated,依恩,ce754e8b46,br=0 nl=1,2,
inc/event/res/passiveevent01/pas_conne.txt#16#12,"ポケットに入れたコードって
よくこんがらがるよね？","随手塞进兜里的线缆，
经常会缠绕打结成一团对吧？",translated,依恩,375769b332,br=0 nl=1,2,
inc/event/res/passiveevent01/pas_conne.txt#17#12,"ある程度まとめたりしてもだめだし……
どうしてだろうね？","哪怕事先大致捆整齐也还是会缠住……
这究竟是为什么呢？",translated,依恩,2af896dfc7,br=0 nl=1,2,
inc/event/res/passiveevent01/pas_conne.txt#19#12,……あれ？,……咦？,translated,依恩,7400bc39fd,br=0 nl=0,1,
inc/event/res/passiveevent01/pas_conne.txt#20#12,ごめんね、ちょっと散らかってて。,不好意思呀，屋里稍微有点乱七八糟的。,translated,依恩,d67ad2720b,br=0 nl=0,1,
inc/event/res/passiveevent01/pas_conne.txt#21#12,"コードの接続をする時って、
接続するコードを広げたくなるの。","在接线理线的时候，
总忍不住想把待接的线缆全都摊开来呢。",translated,依恩,08a5471ddb,br=0 nl=1,2,
inc/event/res/passiveevent01/pas_conne.txt#22#12,なんか、その方がワクワクするんだ。,总觉得，那样铺开来更有兴奋感嘛。,translated,依恩,fc61fe46ac,br=0 nl=0,1,
inc/event/res/passiveevent01/pas_conne.txt#24#12,ふ～、ふふんふふ～♪,呼～，呼呼嗯呼呼～♪,translated,依恩,7a5fbede71,br=0 nl=0,1,
inc/event/res/passiveevent01/pas_conne.txt#25#12,"歌いながらやってて、間違えないのか心配？",看我边哼歌边干活，担心我会不会接错？,translated,依恩,0450934c54,br=0 nl=0,1,
inc/event/res/passiveevent01/pas_conne.txt#26#12,もう、心配しすぎだよ。,真是的，你也未免太爱瞎操心啦。,translated,依恩,7a206829d9,br=0 nl=0,1,
inc/event/res/passiveevent01/pas_conne.txt#27#12,"コード接続くらいなら、
歌いながらでも割と簡単にできるよ。","仅仅是接线这种程度，
哪怕一边哼歌一边做也能轻松搞定哦。",translated,依恩,d073177e28,br=0 nl=1,2,
inc/event/res/passiveevent01/pas_conne.txt#28#12,"ちゃんと完成させるから、
楽しみにしててね。","我一定会工工整整做好的，
你就好好期待吧。",translated,依恩,bcede2c283,br=0 nl=1,2,
inc/event/res/passiveevent01/pas_conne.txt#30#12,……きゃっ！？,……呀啊！？,translated,依恩,f9abf31480,br=0 nl=0,1,
inc/event/res/passiveevent01/pas_conne.txt#31#12,"び、びっくりしたぁ……。
こっちに夢中になってて気づかなかったよ。","吓、吓我一大跳……。
刚才太专注了完全没注意到你呢。",translated,依恩,f329151bfe,br=0 nl=1,2,
inc/event/res/passiveevent01/pas_conne.txt#32#12,"この作業ってコードが絡まらないように
接続するのが楽しいんだよね。","这项作业最有趣的地方，
就是把所有线缆理顺并整齐接入呢。",translated,依恩,81edff8163,br=0 nl=1,2,
inc/event/res/passiveevent01/pas_conne.txt#33#12,"少し時間がかかっちゃうけど、
その分、出来上がりは凄く綺麗になるから、
期待しててね。","虽然会稍微多花点时间，
但相对的完工后的走线会非常美观工整，
敬请期待哦。",translated,依恩,0f859667e7,br=0 nl=2,3,
inc/event/res/passiveevent01/pas_conne.txt#35#12,"あ、あれ？
あれれ！？","诶，奇怪？
诶诶诶！？",translated,依恩,bf3e5bf68e,br=0 nl=1,2,
inc/event/res/passiveevent01/pas_conne.txt#36#12,"こ、コードの接続をしてる最中に、
ぼーっとしちゃってたみたい。","我、我好像在接线中途
一不留神走神发呆了。",translated,依恩,3d492e268f,br=0 nl=1,2,
inc/event/res/passiveevent01/pas_conne.txt#37#12,"違う箇所にコードを接続しちゃってたし、
あれじゃあ、動く物もうごかないよ。","不仅把线缆插到错误的接口去了，
搞成那样原本能运转的机器也动不了啦。",translated,依恩,0f9357c86b,br=0 nl=1,2,
inc/event/res/passiveevent01/pas_conne.txt#38#12,今から接続し直しまーす……。,我这就重新拔掉重接……。,translated,依恩,4002d7cf12,br=0 nl=0,1,
inc/event/res/passiveevent01/pas_conne.txt#40#12,……え？,……诶？,translated,依恩,4e48b2f03b,br=0 nl=0,1,
inc/event/res/passiveevent01/pas_conne.txt#41#12,"あっ、ううん、大丈夫！
ちょっとぼーっとしちゃってただけだよ！","啊，没、没事啦！
我只是稍微发了会儿呆而已哦！",translated,依恩,943ef444ac,br=0 nl=1,2,
inc/event/res/passiveevent01/pas_conne.txt#42#12,"接続する箇所の確認をしている途中で、
ぼーっとしちゃってたみたい。
コード握ったままだったよ。","在确认接口位置的中途，
好像莫名其妙走神了。
手里还一直死死攥着线头呢。",translated,依恩,c90191e395,br=0 nl=2,3,
inc/event/res/passiveevent01/pas_conne.txt#43#12,"声かけてくれてありがと。
続き頑張るよ。","多谢你出声叫醒我。
接下来我会继续加油的。",translated,依恩,89222acf95,br=0 nl=1,2,
inc/event/res/passiveevent01/pas_conne.txt#45#12,……あれ？,……咦？,translated,依恩,7400bc39fd,br=0 nl=0,1,
inc/event/res/passiveevent01/pas_conne.txt#46#12,わたし、ぼーっとしてたみたい……。,我刚才好像走神发呆了……。,translated,依恩,3736a06211,br=0 nl=0,1,
inc/event/res/passiveevent01/pas_conne.txt#47#12,"おかげで、コードがメチャクチャに
接続されちゃってたよ！？","托发呆的福，
线缆已经被我接得一塌糊涂了！？",translated,依恩,e4de64b5d6,br=0 nl=1,2,
inc/event/res/passiveevent01/pas_conne.txt#48#12,"それに、あの接続の仕方だと、
電源を入れたらショートしてた。","而且照刚才那种接法，
一通电就会彻底短路烧毁呢。",translated,依恩,ecce4b0872,br=0 nl=1,2,
inc/event/res/passiveevent01/pas_conne.txt#49#12,"得意な作業だから、気が抜けてたのかな？
う～、恥ずかしいよぉ……。","是因为自认很擅长所以大意懈怠了吗？
呜～，太丢人啦……。",translated,依恩,9bee673a7e,br=0 nl=1,2,
inc/event/res/passiveevent01/pas_conne.txt#51#12,"あ、あはは……。全然違うところに
コードを繋げようとしてたよ。","啊、啊哈哈……。
我居然想把线插到八竿子打不着的地方去。",translated,依恩,fe02cae3f4,br=0 nl=1,2,
inc/event/res/passiveevent01/pas_conne.txt#52#12,"うまく繋がらないなぁって思ってたけど、
規格が違うんだから当然だよね。","刚才还纳闷怎么死活插不进去，
插口规格都不一样当然插不进去了嘛。",translated,依恩,676e38da85,br=0 nl=1,2,
inc/event/res/passiveevent01/pas_conne.txt#53#12,"いくらぼーっとしてたからって、
こんなミスしちゃうなんて……。","就算再怎么走神犯晕，
犯下这种低级失误也太……。",translated,依恩,190bd55771,br=0 nl=1,2,
inc/event/res/passiveevent01/pas_conne.txt#54#12,"ちょっと、機械好きとしてのプライドが
傷ついたかも……しゅん。","身为机械爱好者的自尊心，
稍微有点受打击了……呜呜。",translated,依恩,430721f17e,br=0 nl=1,2,
inc/event/res/passiveevent01/pas_deco.txt#6#12,デコレーションと盛り付けの違い？,裱花装饰和装盘摆盘的区别？,translated,依恩,7c295919c4,br=0 nl=0,1,
inc/event/res/passiveevent01/pas_deco.txt#7#12,"う～ん……言われてみれば、
上手く説明をするのは難しいかも。","唔～……仔细这么一问，
好像还真挺难一下子解释清楚呢。",translated,依恩,1f936c53ba,br=0 nl=1,2,
inc/event/res/passiveevent01/pas_deco.txt#8#12,あっ、わかった！,啊，我想到了！,translated,依恩,21eb523879,br=0 nl=0,1,
inc/event/res/passiveevent01/pas_deco.txt#9#12,"豪華なのがデコレーションで、
庶民的なのが盛り付けだよ！","华丽高档的叫装饰，
家常亲民的就叫摆盘！",translated,依恩,113cb9ba53,br=0 nl=1,2,
inc/event/res/passiveevent01/pas_deco.txt#11#12,ケーキ屋さんのケーキってすごいよね。,蛋糕店里橱窗摆着的蛋糕真的很厉害呢。,translated,依恩,ba9e5828f7,br=0 nl=0,1,
inc/event/res/passiveevent01/pas_deco.txt#12#12,"わたしもあれくらい凄いケーキを作れる
ようになりたいよぉ……。",我也好想做出那样精致厉害的蛋糕呀……。,translated,依恩,a2c52132e0,br=0 nl=1,2,
inc/event/res/passiveevent01/pas_deco.txt#13#12,"あ、でもあんなに凄いのを作れたら、
食べるのが勿体無くなっちゃうかも……。","啊，不过要是真做出了那么精美的杰作，
反而会舍不得下嘴吃掉了吧……。",translated,依恩,0fb9eace57,br=0 nl=1,2,
inc/event/res/passiveevent01/pas_deco.txt#15#12,"こういうのって、
個性を出して作った方がいいのかな？","像这种东西，
发挥个人特色尽情创作会比较好吗？",translated,依恩,db891a0f97,br=0 nl=1,2,
inc/event/res/passiveevent01/pas_deco.txt#16#12,"装飾って意味なんだから、
ルールに縛られてちゃダメなのかも。","既然是装饰点缀的意思，
或许就不该被条条框框死板束缚呢。",translated,依恩,d75cf713b4,br=0 nl=1,2,
inc/event/res/passiveevent01/pas_deco.txt#17#12,"やっぱりこういうのは自分の好きなもので
派手に飾らないと……。","这种时候果然还是要用自己喜欢的事物
轰轰烈烈装点一番才对嘛……。",translated,依恩,5fcddc468b,br=0 nl=1,2,
inc/event/res/passiveevent01/pas_deco.txt#18#12,"……やっぱりやめとこう。
真空管とかで飾ったら大変なことなるよ。","……果然还是算了吧。
要是拿真空管之类的插上去装饰会大事不妙的。",translated,依恩,16105b3400,br=0 nl=1,2,
inc/event/res/passiveevent01/pas_deco.txt#20#12,"自分でデコレーションする時は、
あんまり上手にやらない方がいいと思うの。","自己动手做甜品装饰的时候，
我觉得其实不宜做得太过于完美哦。",translated,依恩,6f281a1dc1,br=0 nl=1,2,
inc/event/res/passiveevent01/pas_deco.txt#21#12,"だって、あんまり上手にできてたら、
食べるのが勿体無くなっちゃうでしょ？","因为要是弄得太工整太漂亮的话，
不就会舍不得下嘴去吃了吗？",translated,依恩,041dd1800c,br=0 nl=1,2,
inc/event/res/passiveevent01/pas_deco.txt#23#12,"そうだ。
カメラも用意しておいた方がいいよね？","对了。
最好把照相机也事先准备好对吧？",translated,依恩,c4233fe5cd,br=0 nl=1,2,
inc/event/res/passiveevent01/pas_deco.txt#24#12,"せっかく時間を掛けて
飾りつけるんだもん。
完成したら、記念に撮っておきたいな。","难得花了这么多心思和时间精心装点，
做好之后好想拍照留个纪念呀。",translated,依恩,fa5b627172,br=0 nl=2,3,
inc/event/res/passiveevent01/pas_deco.txt#25#12,"……でも、失敗した時は、
見なかったということで……。","……不过要是做砸翻车了，
就请当做无事发生当没看见哦……。",translated,依恩,85aef9e933,br=0 nl=1,2,
inc/event/res/passiveevent01/pas_deco.txt#27#12,ん～、ふふんふふ～♪,嗯～，呼呼嗯呼呼～♪,translated,依恩,5014c571af,br=0 nl=0,1,
inc/event/res/passiveevent01/pas_deco.txt#28#12,……あっ！,……啊！,translated,依恩,4a070a8e1b,br=0 nl=0,1,
inc/event/res/passiveevent01/pas_deco.txt#29#12,だ、大丈夫、失敗なんかしてないよ！,没、没事的，绝对没有做砸哦！,translated,依恩,fdb7080d9c,br=0 nl=0,1,
inc/event/res/passiveevent01/pas_deco.txt#30#12,"本当だよ！
まだ応急処置可能だから、安心してね！","是真的啦！
现在还能紧急抢救得过来，放心吧！",translated,依恩,075043ea5c,br=0 nl=1,2,
inc/event/res/passiveevent01/pas_deco.txt#32#12,ふ～ふっふんっふふ～♪,呼～呼呼嗯呼呼～♪,translated,依恩,1ca5ce1ee4,br=0 nl=0,1,
inc/event/res/passiveevent01/pas_deco.txt#33#12,……きゃっ！？,……呀啊！？,translated,依恩,f9abf31480,br=0 nl=0,1,
inc/event/res/passiveevent01/pas_deco.txt#34#12,"ご、ごめんね、集中してたから。",抱、抱歉呀，刚才太专注了。,translated,依恩,22e29ae80f,br=0 nl=0,1,
inc/event/res/passiveevent01/pas_deco.txt#35#12,"こういう細かい作業になると
つい夢中になるタイプなの。","一碰到这种精细作业，
我就会忍不住沉迷进去呢。",translated,依恩,5bc83de3b3,br=0 nl=1,2,
inc/event/res/passiveevent01/pas_deco.txt#36#12,"もしまた気づかないことがあったら、
ごめんね。","待会儿要是又没反应过来，
还请多包涵哦。",translated,依恩,220d4efc3b,br=0 nl=1,2,
inc/event/res/passiveevent01/pas_deco.txt#38#12,……ん？,……嗯？,translated,依恩,632ec345ec,br=0 nl=0,1,
inc/event/res/passiveevent01/pas_deco.txt#39#12,"えへへ……デコレーションって、
意外と夢中になれるの。","诶嘿嘿……甜品装饰这活儿，
意外地很让人陶醉着迷呢。",translated,依恩,f4a2a9a3b6,br=0 nl=1,2,
inc/event/res/passiveevent01/pas_deco.txt#41#12,……きゃっ！？,……呀啊！？,translated,依恩,f9abf31480,br=0 nl=0,1,
inc/event/res/passiveevent01/pas_deco.txt#42#12,"も、もう、今は集中してるんだから
脅かさないで！","真、真是的，我现在正全神贯注呢，
别突然吓唬我啦！",translated,依恩,c32e14dc67,br=0 nl=1,2,
inc/event/res/passiveevent01/pas_deco.txt#43#12,デコレーションは精密作業なんだからね。,裱花点缀可是精密细致的技术活哦。,translated,依恩,f98572ab8d,br=0 nl=0,1,
inc/event/res/passiveevent01/pas_deco.txt#45#12,……はっ！？,……哈！？,translated,依恩,e6442d228e,br=0 nl=0,1,
inc/event/res/passiveevent01/pas_deco.txt#46#12,"あ、あれ？
わたし、ぼーっとしちゃってた？","诶、奇怪？
我刚才是不是走神发呆了？",translated,依恩,97d3783f10,br=0 nl=1,2,
inc/event/res/passiveevent01/pas_deco.txt#47#12,"……デコレーションの途中で、
ぼーっとするなんて……。","……居然在裱花装饰到一半的时候
发起呆来……。",translated,依恩,6193993b63,br=0 nl=1,2,
inc/event/res/passiveevent01/pas_deco.txt#48#12,はぁ……疲れてるのかなぁ？,唉……难道是有点疲劳累着了吗？,translated,依恩,1dbcd49469,br=0 nl=0,1,
inc/event/res/passiveevent01/pas_deco.txt#50#12,……あ、あぶないっ！,……危、好险哪！,translated,依恩,207116983b,br=0 nl=0,1,
inc/event/res/passiveevent01/pas_deco.txt#51#12,"よ、よかったぁ……。
ぼーっとしちゃってて、
変な風になりそうだったよ。","太、太好了……。
刚才脑子放空发愣，
差点就搞成奇奇怪怪的模样了。",translated,依恩,2f4d71039e,br=0 nl=2,3,
inc/event/res/passiveevent01/pas_deco.txt#52#12,わたし、集中力足りないのかな……。,难道我其实很缺乏专注力吗……。,translated,依恩,7e4f13c964,br=0 nl=0,1,
inc/event/res/passiveevent01/pas_deco.txt#54#12,"……あ、あれ？
わたし、今何して……。","……诶、奇怪？
我刚才到底在干嘛来着……。",translated,依恩,3acadd8468,br=0 nl=1,2,
inc/event/res/passiveevent01/pas_deco.txt#55#12,"そ、そうだっ、
デコレーションの最中だったんだ！！","对、对啦！
我刚才正在做裱花装饰呢！！",translated,依恩,520d2fb15c,br=0 nl=1,2,
inc/event/res/passiveevent01/pas_deco.txt#56#12,"はぁ……どうしてこんな時に
ぼーっとしちゃったのかな……。","唉……怎么偏偏在做这种精细活时
走神发呆了呢……。",translated,依恩,05d6d07d19,br=0 nl=1,2,
inc/event/res/passiveevent01/pas_deco.txt#58#12,"……だ、大丈夫！
ちゃんとわかってるよ。","……没、没事的！
我心里都有数呢。",translated,依恩,cb6a9fa284,br=0 nl=1,2,
inc/event/res/passiveevent01/pas_deco.txt#59#12,"今はデコレーションの最中だよね？
えっと……あれ、次はどこを飾るんだっけ？","现在是在给点心做装饰对吧？
那个……咦，接下来该装饰哪里来着？",translated,依恩,480d547189,br=0 nl=1,2,
inc/event/res/passiveevent01/pas_deco.txt#60#12,……レシピ、見直しておくね。,……我还是重新确认一下食谱吧。,translated,依恩,e64fcc7dfb,br=0 nl=0,1,
inc/event/res/passiveevent01/pas_hakkou.txt#6#12,"……今思ったけど、発酵してる間、わたしが
ずっとここにいる必要あるのかな？","……我突然想到，在发酵的这段时间里，
我真的有必要一直守在这里吗？",translated,依恩,129415dfe4,br=0 nl=1,2,
inc/event/res/passiveevent01/pas_hakkou.txt#7#12,"タイマーだけセットしておいて、その間に
他の作業をした方が効率的のような……。","感觉设个定时器，趁发酵的空档
去干点别的事情反而更有效率呢……。",translated,依恩,684aac5047,br=0 nl=1,2,
inc/event/res/passiveevent01/pas_hakkou.txt#9#12,"発酵させてる間、ずっとそばで待ってる
人間なんてわたし以外にはまずいないよね！","在发酵期间寸步不离傻等的人，
除了我之外肯定找不出第二个了吧！",translated,依恩,b2b4e0da3e,br=0 nl=1,2,
inc/event/res/passiveevent01/pas_hakkou.txt#12#12,"何だろう、凄く時間を無駄にしているような
気がしてならないの……。","总觉得心里特别不是滋味，
感觉自己平白无故浪费了好多时间呢……。",translated,依恩,99ae045493,br=0 nl=1,2,
inc/event/res/passiveevent01/pas_hakkou.txt#13#12,"こうして発酵する様子を眺めてる時間を、
部屋の掃除とかに割り当てた方が効率的
なんじゃないかな？","把像这样干瞪着它发酵的时间，
拿去打扫打扫房间什么的，
不是会有效率得多嘛？",translated,依恩,7d424fa05d,br=0 nl=2,3,
inc/event/res/passiveevent01/pas_hakkou.txt#15#12,これって微生物の力で起きるものだよね？,发酵是靠微生物的力量来进行的对吧？,translated,依恩,c340c9c682,br=0 nl=0,1,
inc/event/res/passiveevent01/pas_hakkou.txt#16#12,"そう考えると、これには数え切れないくらい
沢山の微生物が付着してるってことだよね？","这么一想，岂不是意味着上面附着了
多到数不清的微生物吗？",translated,依恩,7393bbe300,br=0 nl=1,2,
inc/event/res/passiveevent01/pas_hakkou.txt#17#12,……食べる前に考えるのは失敗だったかな？,……在吃之前琢磨这种事，果然是个失策吧？,translated,依恩,2cfbbb83e3,br=0 nl=0,1,
inc/event/res/passiveevent01/pas_hakkou.txt#19#12,"ふと思ったんだけど、発酵を最初に
発見した人って誰なんだろうね？","我忽然很好奇，
最初发现发酵现象的人究竟是谁呢？",translated,依恩,e40c888fac,br=0 nl=1,2,
inc/event/res/passiveevent01/pas_hakkou.txt#20#12,"だって微生物の力を借りれば美味しいものを
作れるなんて、普通考え付かないよ。","毕竟“借助微生物的力量能做出美味”，
这种事一般人根本不可能想得到嘛。",translated,依恩,cbd651c56b,br=0 nl=1,2,
inc/event/res/passiveevent01/pas_hakkou.txt#21#12,"誰かは知らないけど、きっと物凄い天才で、
色んな意味でチャレンジ精神の塊みたいな
人だったんだろうね。","虽说不知道具体是谁，但他肯定是个超级天才，
而且还是个在各种意义上
都充满冒险挑战精神的人吧。",translated,依恩,1704da5f7b,br=0 nl=2,3,
inc/event/res/passiveevent01/pas_hakkou.txt#23#12,がんばれがんばれファーイート♪,加油～加油～奋力发酵吧♪,translated,依恩,548539c9dc,br=0 nl=0,1,
inc/event/res/passiveevent01/pas_hakkou.txt#24#12,"え、何を応援してるのかって？
もちろん、微生物だよ！","诶，你问我在给谁加油？
那当然是给微生物们打气啦！",translated,依恩,bd4d7fd06c,br=0 nl=1,2,
inc/event/res/passiveevent01/pas_hakkou.txt#25#12,"発酵って、あの子たちが頑張って
作業をしてるから起こるでしょ？","发酵之所以能顺利进行，
全靠那些小家伙在拼命干活对吧？",translated,依恩,434a0cd342,br=0 nl=1,2,
inc/event/res/passiveevent01/pas_hakkou.txt#26#12,"だからちゃんと出来るように、
応援していたの。","所以我才想给它们加加油，
让它们能好好发挥嘛。",translated,依恩,d2c9223b8e,br=0 nl=1,2,
inc/event/res/passiveevent01/pas_hakkou.txt#27#12,"……だって、待ってるだけで
凄く暇だったんだもん。","……毕竟光傻等着，
真的超级无聊闲得发慌嘛。",translated,依恩,969a85baa0,br=0 nl=1,2,
inc/event/res/passiveevent01/pas_hakkou.txt#29#12,"はぁ……。
発酵って待ってるだけだから、
暇なんだよね。","唉……。
发酵只能干等着，
真的很闲很无聊呢。",translated,依恩,f294c2ed7d,br=0 nl=2,3,
inc/event/res/passiveevent01/pas_hakkou.txt#30#12,"歌ってどうにか誤魔化してたけど、
さすがに辛いね。","刚才虽然靠哼歌勉强打发时间，
但一直这么熬着果然还是挺难受的呢。",translated,依恩,b55aa97912,br=0 nl=1,2,
inc/event/res/passiveevent01/pas_hakkou.txt#32#12,……はっ！？,……哈！？,translated,依恩,e6442d228e,br=0 nl=0,1,
inc/event/res/passiveevent01/pas_hakkou.txt#33#12,え、えへへ、ぼーっとしちゃった。,诶、诶嘿嘿，我一不小心走神发呆了。,translated,依恩,c4352c525c,br=0 nl=0,1,
inc/event/res/passiveevent01/pas_hakkou.txt#34#12,発酵させ過ぎちゃったら大変だよね……。,要是发酵过度那可就糟糕了呢……。,translated,依恩,e787f1f5e9,br=0 nl=0,1,
inc/event/res/passiveevent01/pas_hakkou.txt#35#12,真面目にやりまーす。,我会认认真真盯好的啦～。,translated,依恩,34ea433b9d,br=0 nl=0,1,
inc/event/res/passiveevent01/pas_hakkou.txt#37#12,きゃっ！？,呀！？,translated,依恩,61dd7adbe6,br=0 nl=0,1,
inc/event/res/passiveevent01/pas_hakkou.txt#38#12,"う～、発酵作業って暇だから、
どうしてもぼーっとしちゃうよぉ……。","呜～，发酵环节实在太清闲了，
不知不觉就会发起呆来嘛……。",translated,依恩,2a669cdd01,br=0 nl=1,2,
inc/event/res/passiveevent01/pas_hakkou.txt#40#12,"……あ、うんっ、大丈夫！
寝てないよ。","……啊，嗯！我没事！
没有睡着哦。",translated,依恩,7a0e8e81a0,br=0 nl=1,2,
inc/event/res/passiveevent01/pas_hakkou.txt#41#12,"待ってるのが暇で、
ちょっとぼーっとはしちゃってたかも……。","只是干等得太无聊，
脑子稍微有点放空发愣了而已……。",translated,依恩,e9318049b7,br=0 nl=1,2,
inc/event/res/passiveevent01/pas_hakkou.txt#42#12,あ～あ、早く発酵してくれないかなぁ？,啊～啊，就不能发酵得再快一点嘛？,translated,依恩,5f68a036b1,br=0 nl=0,1,
inc/event/res/passiveevent01/pas_hakkou.txt#44#12,発酵、まだ終わらないの。,发酵，居然还没结束呢。,translated,依恩,a38e890cab,br=0 nl=0,1,
inc/event/res/passiveevent01/pas_hakkou.txt#45#12,"ぼーっと待ってるのすら飽きてきちゃった。
早く終わらないかなぁ？","连发呆傻等我都已经彻底腻烦了。
能不能赶快弄好呀？",translated,依恩,e51cad963a,br=0 nl=1,2,
inc/event/res/passiveevent01/pas_hannou.txt#6#12,"普通に作業してるけど、
これって凄く危険な作業だよね？","虽然我一直像平时一样做着，
但这项工作其实超级危险对吧？",translated,依恩,176e815bd2,br=0 nl=1,2,
inc/event/res/passiveevent01/pas_hannou.txt#7#12,"間違った薬品をかけたら、それに反応して
有毒な煙が出る場合だって考えられるし。","万一加错了试剂药品引起反应，
说不定会冒出剧毒烟雾呢。",translated,依恩,af1a820fca,br=0 nl=1,2,
inc/event/res/passiveevent01/pas_hannou.txt#8#12,"……じ、自分で言ってて怖くなっちゃった。
気を引き締めないと！","……自、自己说完反而越想越害怕了。
我必须得打起十二分精神才行！",translated,依恩,6946672ef2,br=0 nl=1,2,
inc/event/res/passiveevent01/pas_hannou.txt#10#12,"こういう薬品を使った実験って、
小説とかだと大抵すごいことになるよね。","像这种用到化学药品的实验，
在小说里通常都会引发轰轰烈烈的大事件呢。",translated,依恩,aff337ad01,br=0 nl=1,2,
inc/event/res/passiveevent01/pas_hannou.txt#11#12,"変な煙が出たり、もしくは変な生き物が
生まれちゃったりして大パニック、とか。","比如冒出诡异浓烟，或者诞生了奇怪生物
导致全场大骚乱大恐慌之类的。",translated,依恩,1ebb5b3593,br=0 nl=1,2,
inc/event/res/passiveevent01/pas_hannou.txt#12#12,"自分で言ってて、
なんか怖くなってきちゃった。","我自己随口说说，
心里都开始莫名发毛了呢。",translated,依恩,d11552d716,br=0 nl=1,2,
inc/event/res/passiveevent01/pas_hannou.txt#14#12,"こういう薬品って、使うのもそうだけど、
保管の仕方が一番難しいよね。","这种药品不仅调配使用时要注意，
平时存放保管才是最难的一环呢。",translated,依恩,d44fc93465,br=0 nl=1,2,
inc/event/res/passiveevent01/pas_hannou.txt#15#12,"気温もそうだけど、地震とかで落っこちたり
しないように工夫しないといけないし。","不仅得注意室温，还得想方设法防止
因为震动颠簸掉下来摔碎才行。",translated,依恩,a15d10eccb,br=0 nl=1,2,
inc/event/res/passiveevent01/pas_hannou.txt#16#12,"もし簡単に落ちて瓶が割れて、色んな薬が
床の上で混ざったりしたら怖いでしょ？","要是轻易掉落摔碎药瓶，各种药剂
全洒在地板上混合起来可是很恐怖的吧？",translated,依恩,323f420d54,br=0 nl=1,2,
inc/event/res/passiveevent01/pas_hannou.txt#18#12,うっ……なんかこの薬、凄く臭い……。,呜……总觉得这药水，气味超级难闻……。,translated,依恩,8454283e1f,br=0 nl=0,1,
inc/event/res/passiveevent01/pas_hannou.txt#19#12,"何だか部屋に臭いがこもりそうで、あんまり
使いたくないなぁ……。","总觉得异味会闷在房间里散不出去，
真不想怎么用它呀……。",translated,依恩,9f560cb4a1,br=0 nl=1,2,
inc/event/res/passiveevent01/pas_hannou.txt#21#12,"危険な薬品を使う作業って、
怖いけどワクワクするよね。","使用危险药品的作业，
虽然提心吊胆但也让人兴奋雀跃呢。",translated,依恩,64f0b1accf,br=0 nl=1,2,
inc/event/res/passiveevent01/pas_hannou.txt#22#12,"緊張感が楽しいって、
こういうことをいうのかな？","所谓的享受紧迫刺激感，
说的就是眼下这种心情吧？",translated,依恩,18fff019df,br=0 nl=1,2,
inc/event/res/passiveevent01/pas_hannou.txt#24#12,ん～、ふふ～ふふ～♪,嗯～，呼呼～呼呼～♪,translated,依恩,93cccc6957,br=0 nl=0,1,
inc/event/res/passiveevent01/pas_hannou.txt#25#12,"えへへ、なんだか実験みたいで、
楽しくなってきちゃった。","诶嘿嘿，总觉得好像在做科学实验，
心情越来越愉快了呢。",translated,依恩,ec444ebc50,br=0 nl=1,2,
inc/event/res/passiveevent01/pas_hannou.txt#26#12,"もちろんちゃんと注意はしてるから、
心配はいらないよ♪","当然我有在好好留神注意，
所以完全不必担心哦♪",translated,依恩,bfc9d5429f,br=0 nl=1,2,
inc/event/res/passiveevent01/pas_hannou.txt#28#12,何かさっきからシュワシュワ音がしてるの。,从刚才开始就一直在发出嘶嘶的冒泡声呢。,translated,依恩,7c76132f49,br=0 nl=0,1,
inc/event/res/passiveevent01/pas_hannou.txt#29#12,"これってちゃんと反応してる証拠だよね？
どうなるのかが楽しみだよぉ。","这就说明正在起化学反应对吧？
接下来会变成什么样真令人期待呢。",translated,依恩,cc6c78dc63,br=0 nl=1,2,
inc/event/res/passiveevent01/pas_hannou.txt#31#12,"ごめんね、こっちに夢中になっちゃってて
気づかなかったよ。","不好意思呀，我刚才太投入了
完全没有注意到你呢。",translated,依恩,5dcd5bde5c,br=0 nl=1,2,
inc/event/res/passiveevent01/pas_hannou.txt#32#12,"まだ特に変化は見られないんだけど、いつ
反応を始めるかワクワクしちゃってね。","虽然眼下还没看出什么特别的变化，
但一想到不知何时会开始反应就兴奋不已呢。",translated,依恩,657a4f918e,br=0 nl=1,2,
inc/event/res/passiveevent01/pas_hannou.txt#34#12,"もう薬品につけたから、
今は反応が出るのを待っているところなの。","刚才已经浸入药剂了，
现在正等着看它起什么反应呢。",translated,依恩,0240c1dfc3,br=0 nl=1,2,
inc/event/res/passiveevent01/pas_hannou.txt#35#12,上手くいってくれれば良いんだけど……。,要是能顺顺利利成功就好了呢……。,translated,依恩,5d164083ef,br=0 nl=0,1,
inc/event/res/passiveevent01/pas_hannou.txt#36#12,"でも、爆発するような凄い失敗なら、
それはそれで見てみたいなぁ、なんて。","不过要是能轰隆一声大爆炸之类的惨烈翻车，
那种场面我也稍微想见识一下呢，开玩笑的啦。",translated,依恩,5a70839b45,br=0 nl=1,2,
inc/event/res/passiveevent01/pas_hannou.txt#38#12,……あ、あれ？,……诶，奇怪？,translated,依恩,c377f5e95d,br=0 nl=0,1,
inc/event/res/passiveevent01/pas_hannou.txt#39#12,え、えへへ、ぼーっとしちゃってたみたい。,诶、诶嘿嘿，我好像又发呆走神了。,translated,依恩,c60e0ff9b6,br=0 nl=0,1,
inc/event/res/passiveevent01/pas_hannou.txt#40#12,"中々反応しないから、待ってる間に
気が緩んじゃったのかな？","迟迟不起反应，
在等待的途中就忍不住松懈犯迷糊了吗？",translated,依恩,2cb27b2237,br=0 nl=1,2,
inc/event/res/passiveevent01/pas_hannou.txt#41#12,はぁ……待ってるだけの作業って辛いね。,唉……光是干等着的作业真难熬呢。,translated,依恩,1f1ff501a6,br=0 nl=0,1,
inc/event/res/passiveevent01/pas_hannou.txt#43#12,"あっ、だ、大丈夫だよ。
ぼーっとなんかしてない……。","啊，没、没事的啦。
我才没有发呆呢……。",translated,依恩,8d155531f5,br=0 nl=1,2,
inc/event/res/passiveevent01/pas_hannou.txt#44#12,"ううん、今のウソ……
ぼーっとしちゃってましたー。","好吧，刚才是在撒谎……
我确实是在发呆啦～。",translated,依恩,23985e3975,br=0 nl=1,2,
inc/event/res/passiveevent01/pas_hannou.txt#45#12,"変化が起きるまで待ってるだけだから、
退屈なんだもん。","毕竟只能干等它发生变化，
实在太无聊了嘛。",translated,依恩,a8bb985aeb,br=0 nl=1,2,
inc/event/res/passiveevent01/pas_hannou.txt#46#12,はぁ……早く反応してくれないかなぁ？,唉……就不能赶快起反应嘛？,translated,依恩,86057d6068,br=0 nl=0,1,
inc/event/res/passiveevent01/pas_hannou.txt#48#12,"なかなか反応しないから、
何だか頭がぼーっとしちゃってたよ。","半天都不见反应，
搞得我脑子都开始晕晕乎乎了呢。",translated,依恩,1c357727bf,br=0 nl=1,2,
inc/event/res/passiveevent01/pas_hannou.txt#49#12,……もし寝ちゃったら起こしてね？,……如果我睡着了记得叫醒我哦？,translated,依恩,cf3b349b17,br=0 nl=0,1,
inc/event/res/passiveevent01/pas_hannou.txt#51#12,きゃっ！？,呀！？,translated,依恩,61dd7adbe6,br=0 nl=0,1,
inc/event/res/passiveevent01/pas_hannou.txt#52#12,"ぼ、ぼーっとしちゃってたみたい……。
声かけてくれてありがと。","我、我刚才好像走神发愣了……。
多谢你出声叫醒我。",translated,依恩,ea9238eec6,br=0 nl=1,2,
inc/event/res/passiveevent01/pas_hannou.txt#53#12,"う～ん、それにしても反応、
中々起こらないね？","唔～，不过话说回来，
反应还真是迟迟不来呢？",translated,依恩,2c4ad4eaf8,br=0 nl=1,2,
inc/event/res/passiveevent01/pas_hannou.txt#54#12,"またぼーっとしちゃってたら、
声かけてくれると嬉しいな。","我要是又开始发呆走神了，
你能出声喊我一声的话我会很高兴哦。",translated,依恩,d3c79c5b93,br=0 nl=1,2,
inc/event/res/passiveevent01/pas_hiyasu.txt#6#12,う～ん……まだ時間掛かりそうだね。,唔～……看来还得花不少时间呢。,translated,依恩,19b5d49760,br=0 nl=0,1,
inc/event/res/passiveevent01/pas_hiyasu.txt#8#12,"待つしかできない作業って、
ちょっと退屈だね。","除了等待什么也做不了的作业，
稍微有点无聊呢。",translated,依恩,0e7c2a2213,br=0 nl=1,2,
inc/event/res/passiveevent01/pas_hiyasu.txt#9#12,……眠くなってきちゃったかも。,……我好像都开始犯困了。,translated,依恩,5ea29f032f,br=0 nl=0,1,
inc/event/res/passiveevent01/pas_hiyasu.txt#11#12,"冷やすといえばだけど、缶ジュースをあっと
いう間にキンキンに冷やす方法があるの。","说到冰镇，其实有一个能让罐装饮料
转眼间变得冰凉刺骨的小窍门哦。",translated,依恩,da5c69ac76,br=0 nl=1,2,
inc/event/res/passiveevent01/pas_hiyasu.txt#12#12,"敷き詰めた氷の上に缶を置いて、数十秒間、
クルクル回し続けるの。","把易拉罐放在铺满冰块的盆里，
连续骨碌碌转动几十秒就行了。",translated,依恩,dbf26069f6,br=0 nl=1,2,
inc/event/res/passiveevent01/pas_hiyasu.txt#13#12,"氷を入れて飲むとジュースの味が薄くなって
嫌だって思ったらぜひやってみてね！","要是觉得加冰块会冲淡饮料口味的话，
请务必亲自尝试一下这个方法哦！",translated,依恩,31f39b69e0,br=0 nl=1,2,
inc/event/res/passiveevent01/pas_hiyasu.txt#15#12,"冷蔵庫に入れてあれば冷えてる状態だから、
少しくらい賞味期限が過ぎちゃっても
平気だよね！","只要一直放在冰箱里冻着，
就算保质期稍微过期了一点点，
也完全没问题的对吧！",translated,依恩,625efe4c6b,br=0 nl=2,3,
inc/event/res/passiveevent01/pas_hiyasu.txt#16#12,"でも、乳製品は危険だから、
絶対に期限中に食べなくちゃダメだよ？","不过乳制品很危险，
绝对必须在保质期内吃完才行哦？",translated,依恩,287e1c3ed7,br=0 nl=1,2,
inc/event/res/passiveevent01/pas_hiyasu.txt#17#12,……牛乳は怖いよ、本当に。,……变质的牛奶真的很可怕哦，说真的。,translated,依恩,e5b8d4916b,br=0 nl=0,1,
inc/event/res/passiveevent01/pas_hiyasu.txt#19#12,"冷蔵でも、冷凍でも、
放置しておいて問題って起きないよね？","不管是冷藏还是冷冻，
就那么放着不管也不会出什么差错对吧？",translated,依恩,18dc1de818,br=0 nl=1,2,
inc/event/res/passiveevent01/pas_hiyasu.txt#20#12,"……それなら、一晩くらい放っておいた方が
間違いはないのかも。","……既然这样，干脆放着不管搁上一整晚
反而更加保险不会出错呢。",translated,依恩,cf030e8e15,br=0 nl=1,2,
inc/event/res/passiveevent01/pas_hiyasu.txt#21#12,"あ、でもそうなると
わたしが食べる物がないんだった……。","啊，不过要是那样的话，
我就没有当下能吃的东西了呀……。",translated,依恩,ea1f375913,br=0 nl=1,2,
inc/event/res/passiveevent01/pas_hiyasu.txt#22#12,"……こういう料理は、前日に作るって
決めておいた方がいいのかもしれないね。","……像这种料理，或许还是提前一天做好
更有条理比较好呢。",translated,依恩,90126f0d4b,br=0 nl=1,2,
inc/event/res/passiveevent01/pas_hiyasu.txt#24#12,"温めるのは割と簡単にできるけど、
冷やすのは冷たいところで
時間をかけなくちゃダメなんだよね。","加热升温做起来相对很简单，
但想要冷却下来，就必须放在阴凉处
耗费漫长的时间才行呢。",translated,依恩,ecfbd3c3af,br=0 nl=2,3,
inc/event/res/passiveevent01/pas_hiyasu.txt#25#12,"あ～あ、入れた物を急速で冷やしてくれる
機械ってないのかなぁ……。","啊～啊，难道就没有能把放进去的物件
瞬间极速冷冻的机器吗……。",translated,依恩,a0b3a4813a,br=0 nl=1,2,
inc/event/res/passiveevent01/pas_hiyasu.txt#27#12,"う～ん、せっかく冷やしてるんだから、
寒くなるような歌を歌った方がいいのかな？","唔～，既然难得在冰镇，
是不是唱一些听着让人发冷的歌会比较好？",translated,依恩,34f51b82b0,br=0 nl=1,2,
inc/event/res/passiveevent01/pas_hiyasu.txt#28#12,"こう、冬の歌とか、
何となく寂しい感じの歌とか……。","比如冬天的歌曲，
或者感觉莫名清冷凄凉的歌……。",translated,依恩,23cf1e84be,br=0 nl=1,2,
inc/event/res/passiveevent01/pas_hiyasu.txt#29#12,"……でも、何かわたしの気分まで
冷めそうだし、やめこうかな。","……不过感觉连我自己的兴致都要冷却下来了，
还是算了吧。",translated,依恩,a3346e6518,br=0 nl=1,2,
inc/event/res/passiveevent01/pas_hiyasu.txt#31#12,ふんふふ～……っ！？,呼嗯呼呼～……！？,translated,依恩,fe52bc2cc0,br=0 nl=0,1,
inc/event/res/passiveevent01/pas_hiyasu.txt#32#12,"今気付いたけど、わたし、
いつも一人で歌ってるような気がする。","我刚才突然意识到，
自己好像总是一个人自顾自地哼歌呢。",translated,依恩,7937aee8ec,br=0 nl=1,2,
inc/event/res/passiveevent01/pas_hiyasu.txt#33#12,"……気づくべきじゃなかった。
わたしの心が冷え冷えだよぉ……。","……真不该意识到这点的。
我的心现在变得拔凉拔凉的啦……。",translated,依恩,230d1f14c1,br=0 nl=1,2,
inc/event/res/passiveevent01/pas_hiyasu.txt#35#12,ん～、ふふ……ん？,嗯～，呼呼……嗯？,translated,依恩,54b0c4b3f3,br=0 nl=0,1,
inc/event/res/passiveevent01/pas_hiyasu.txt#36#12,……えっと、えーっと。,……那个，呃――。,translated,依恩,932c3145d2,br=0 nl=0,1,
inc/event/res/passiveevent01/pas_hiyasu.txt#37#12,……途中で歌詞をど忘れしちゃった。,……唱到一半突然把歌词忘得一干二净了。,translated,依恩,05c70a201e,br=0 nl=0,1,
inc/event/res/passiveevent01/pas_hiyasu.txt#38#12,何だっけ、えっと……う～ん……。,是什么来着，呃……唔～……。,translated,依恩,bb14f8a9b3,br=0 nl=0,1,
inc/event/res/passiveevent01/pas_hiyasu.txt#39#12,……ああ、思い出した！,……啊啊，我想起来了！,translated,依恩,ff3c53db48,br=0 nl=0,1,
inc/event/res/passiveevent01/pas_hiyasu.txt#40#12,"はぁ……でも、せっかくいい気分で歌って
たのを中断したからかな？
ちょっと気分が冷めちゃったかも。","唉……不过大概是因为刚才正唱得尽兴
中途突然被打断了吧？
感觉兴致一下子降温不少呢。",translated,依恩,bbcaae47dd,br=0 nl=2,3,
inc/event/res/passiveevent01/pas_hiyasu.txt#42#12,……はっ！？,……哈！？,translated,依恩,e6442d228e,br=0 nl=0,1,
inc/event/res/passiveevent01/pas_hiyasu.txt#43#12,ふぅ……暇過ぎてぼーっとしちゃってたよ。,呼……太清闲了以至于脑子都发呆走神了。,translated,依恩,01b63efaac,br=0 nl=0,1,
inc/event/res/passiveevent01/pas_hiyasu.txt#44#12,でも、少しくらい放置しても平気だよね？,不过，稍微放着不管一下也没事对吧？,translated,依恩,4f95046f0b,br=0 nl=0,1,
inc/event/res/passiveevent01/pas_hiyasu.txt#46#12,……あ、あれ？,……诶，奇怪？,translated,依恩,c377f5e95d,br=0 nl=0,1,
inc/event/res/passiveevent01/pas_hiyasu.txt#47#12,"わわっ、いつの間にか時間がこんなに
過ぎちゃってる！？",哇哇，不知不觉时间居然过去这么久了！？,translated,依恩,ed4f43f2b8,br=0 nl=1,2,
inc/event/res/passiveevent01/pas_hiyasu.txt#48#12,"はぁ……冷やしてるだけなんだから、
タイマーかけて別のことやってたいよ。","唉……明明只是放在那里冷却，
真想设个定时器去干点别的事啊。",translated,依恩,75da7a8c2c,br=0 nl=1,2,
inc/event/res/passiveevent01/pas_hiyasu.txt#50#12,ふぁ～……。,哈啊～……。,translated,依恩,a7cd717c9a,br=0 nl=0,1,
inc/event/res/passiveevent01/pas_hiyasu.txt#51#12,"ぼーっと待ってるだけなのも、
結構辛いよぉ……。","光是干等发愣，
其实也相当受折磨呀……。",translated,依恩,5f09ad8a0d,br=0 nl=1,2,
inc/event/res/passiveevent01/pas_hiyasu.txt#52#12,早く冷えてくれないかなぁ？,就不能快点冷却下来嘛？,translated,依恩,979a3d791a,br=0 nl=0,1,
inc/event/res/passiveevent01/pas_hiyasu.txt#54#12,"う～、待ってるの退屈過ぎて、
頭がぼーっとしてきたよぉ……。","呜～，干等实在太无聊了，
脑袋都开始昏昏沉沉了啦……。",translated,依恩,9d07f66a2d,br=0 nl=1,2,
inc/event/res/passiveevent01/pas_hiyasu.txt#55#12,"手もぽかぽかしてきちゃってるし。
このままじゃ寝ちゃうかも……。","连手心都变得暖烘烘的了。
再这样下去真的要睡着了啦……。",translated,依恩,29d6052450,br=0 nl=1,2,
inc/event/res/passiveevent01/pas_hiyasu.txt#56#12,"眠気覚ましに、わたしの手を冷やしたい
気分だよ……。","为了驱散睡意，
我都想把自己的手伸去冰镇一下了……。",translated,依恩,f7b6ab8d9c,br=0 nl=1,2,
inc/event/res/passiveevent01/pas_huru.txt#6#12,ふるいって、意外と無い家が多いよね？,面粉筛这东西，很多家里其实意外地没有对吧？,translated,依恩,b3ade1cd0b,br=0 nl=0,1,
inc/event/res/passiveevent01/pas_huru.txt#7#12,そういう時はザルを使うといいんだって。,据说那种时候拿洗菜的沥水网篮替代也可以哦。,translated,依恩,674f331e79,br=0 nl=0,1,
inc/event/res/passiveevent01/pas_huru.txt#9#12,"ふるいを使ったことがある人って
そんなに多くないんじゃないかな？","真正亲手用过面粉筛的人，
应该其实不算很多吧？",translated,依恩,417dea80c9,br=0 nl=1,2,
inc/event/res/passiveevent01/pas_huru.txt#10#12,持っていてもあんまり使い道がないよね。,就算买了平时也没有太多用武之地呢。,translated,依恩,fd57192f60,br=0 nl=0,1,
inc/event/res/passiveevent01/pas_huru.txt#12#12,"ふるいを掛ける時は、
ふるい自体を移動させながらじゃないと、
一箇所だけ粉が積もっちゃうからね。","筛粉的时候，
必须得边摇晃晃动手里的筛子，
否则粉末全都会堆积在一个地方呢。",translated,依恩,0fbf6fab4e,br=0 nl=2,3,
inc/event/res/passiveevent01/pas_huru.txt#13#12,"まあ、細かい粉になってるから、最後に息を
ふーっって強く吹けば、余分な粉が飛んで
均等に見えるようになるけどね。","嘛，毕竟已经筛成细腻的细粉了，
最后只要鼓起腮帮呼地用力一吹，
多余的粉吹飞后看起来就均匀多了呢。",translated,依恩,af74643806,br=0 nl=2,3,
inc/event/res/passiveevent01/pas_huru.txt#15#12,"えへへ、ふるいってタンバリンの代わりに
なるから、歌うのもつい力が入っちゃうよ。","诶嘿嘿，面粉筛可以拿来当代用铃鼓敲，
哼歌时也不自觉更有劲了呢。",translated,依恩,cc5bbc4eb8,br=0 nl=1,2,
inc/event/res/passiveevent01/pas_huru.txt#16#12,"まあ、タンバリンみたいな音がするわけじゃ
ないんだけど、気分だけね。","虽然并不会发出像铃鼓那样清脆的响声，
但图的就是个氛围嘛。",translated,依恩,3af7c08800,br=0 nl=1,2,
inc/event/res/passiveevent01/pas_huru.txt#18#12,……きゃっ！？,……呀啊！？,translated,依恩,f9abf31480,br=0 nl=0,1,
inc/event/res/passiveevent01/pas_huru.txt#19#12,"み、見てたの？
びっくりしちゃったよ。","你、你在看吗？
吓我一跳啦。",translated,依恩,05f7eba099,br=0 nl=1,2,
inc/event/res/passiveevent01/pas_huru.txt#20#12,"ふるいを落とさなくてよかった。
失敗するのも嫌だけど、落としたら後の
掃除が大変なことになってたしね。","还好手里的筛子没掉地上。
做砸虽讨厌，但要是把粉撒一地
收拾起来那才叫真正的灾难呢。",translated,依恩,1c2ec68241,br=0 nl=2,3,
inc/event/res/passiveevent01/pas_huru.txt#22#12,えへへ、なんか綺麗にできそうだよ。,诶嘿嘿，感觉能做得非常漂亮哦。,translated,依恩,8476bd0f8e,br=0 nl=0,1,
inc/event/res/passiveevent01/pas_huru.txt#23#12,"やっぱりふるいを使うと仕上がりが
全然変わって来るね。","果然用筛子过一遍之后，
成品的细腻质感就完全不一样了呢。",translated,依恩,66dd69f05e,br=0 nl=1,2,
inc/event/res/passiveevent01/pas_huru.txt#25#12,"ふるいって、歌いながらやると凄く楽しく
感じられるよね。","边哼着歌边摇筛子过粉，
感觉格外有意思呢。",translated,依恩,1ebf4eefd1,br=0 nl=1,2,
inc/event/res/passiveevent01/pas_huru.txt#26#12,"これで本当にタンバリンみたいな音がすれば
もっと楽しくなるのに……。","要是这玩意儿真能发出铃鼓般的声响，
肯定会更加好玩吧……。",translated,依恩,3b592a426f,br=0 nl=1,2,
inc/event/res/passiveevent01/pas_huru.txt#27#12,そうだ！,对啦！,translated,依恩,38f31d2391,br=0 nl=0,1,
inc/event/res/passiveevent01/pas_huru.txt#28#12,"歌いながら料理をする人のために、楽器
みたいな調理器具を作れば、凄い売れるん
じゃないかな？","要是专门为了喜欢边唱边做饭的人，
研发像乐器一样的烹饪厨具，
岂不是会超级畅销大卖嘛？",translated,依恩,23a836167b,br=0 nl=2,3,
inc/event/res/passiveevent01/pas_huru.txt#29#12,"ドラムみたいな音がする包丁とか、
管楽器みたいなフライパンとか……。","比如切菜能发出打鼓声的菜刀，
或者像管乐器一样的平底锅……。",translated,依恩,fa76a70eb7,br=0 nl=1,2,
inc/event/res/passiveevent01/pas_huru.txt#30#12,"……あれ？
なんか、歌が主役になって料理がついでに
なっちゃってる？","……咦？
怎么感觉唱歌反倒成了主角，
做饭反倒变成顺带的附赠品了？",translated,依恩,e74b43c1ae,br=0 nl=2,3,
inc/event/res/passiveevent01/pas_huru.txt#32#12,……あれ？,……咦？,translated,依恩,7400bc39fd,br=0 nl=0,1,
inc/event/res/passiveevent01/pas_huru.txt#33#12,"え、えへへ、振るいの途中でぼーっと
しちゃってたみたい。","诶、诶嘿嘿，我好像筛着筛着
一不小心走神发呆了。",translated,依恩,bcbe3d6279,br=0 nl=1,2,
inc/event/res/passiveevent01/pas_huru.txt#34#12,"まだいっぱい残ってる……。
初めてすぐ、ぼーっとしちゃったみたい。","盆里还剩下好多粉呢……。
刚开始筛没两下就犯迷糊走神了。",translated,依恩,912aff1e5d,br=0 nl=1,2,
inc/event/res/passiveevent01/pas_huru.txt#35#12,"ちゃんとやらないと、いつまで経っても
終わらないよね……。","要是不打起精神好好干，
这得猴年马月才能过完筛啊……。",translated,依恩,6208c48556,br=0 nl=1,2,
inc/event/res/passiveevent01/pas_huru.txt#36#12,"ちょっと、気合入れないと。
わたし、ファイトーッ！","我得稍微鼓起干劲才行了。
依恩，加油冲呀――！",translated,依恩,617b76f72a,br=0 nl=1,2,
inc/event/res/passiveevent01/pas_huru.txt#38#12,……あれ？,……咦？,translated,依恩,7400bc39fd,br=0 nl=0,1,
inc/event/res/passiveevent01/pas_huru.txt#39#12,え、えへへ、ぼーっとしちゃってたよ。,诶、诶嘿嘿，刚才走神发呆了啦。,translated,依恩,6334966bfc,br=0 nl=0,1,
inc/event/res/passiveevent01/pas_huru.txt#40#12,よかった、振るいを落としてなくて……。,太好了，手里的筛子没失手掉下去……。,translated,依恩,5162c4ca81,br=0 nl=0,1,
inc/event/res/passiveevent01/pas_huru.txt#41#12,"そうならないように、
今からは集中してやるよ。","为了不再犯同样的险，
接下来我会集中注意力的。",translated,依恩,5ae01fad62,br=0 nl=1,2,
inc/event/res/passiveevent01/pas_huru.txt#43#12,……あっ！,……啊！,translated,依恩,4a070a8e1b,br=0 nl=0,1,
inc/event/res/passiveevent01/pas_huru.txt#44#12,"ちょ、ちょっとだけぼーっとしちゃってた
みたい……ごめんね。","我、我刚才好像稍微有点发呆了……
抱歉哦。",translated,依恩,725bb01a23,br=0 nl=1,2,
inc/event/res/passiveevent01/pas_huru.txt#45#12,"振るいって単純作業だから、手を止めると
どうしてもぼーっとしちゃうよね？","过筛毕竟是纯粹的机械重复劳动，
手一停下来就忍不住会走神犯困对吧？",translated,依恩,a50dc8e145,br=0 nl=1,2,
inc/event/res/passiveevent01/pas_huru.txt#46#12,今からは最後までノンストップで行くよ！,接下来我会一鼓作气直接摇到底哦！,translated,依恩,5cde97ff09,br=0 nl=0,1,
inc/event/res/passiveevent01/pas_huru.txt#48#12,わわわっ！！,哇哇哇！！,translated,依恩,db9c0a8c8b,br=0 nl=0,1,
inc/event/res/passiveevent01/pas_huru.txt#49#12,"せ、セーフ……もうちょっとで
振るいを落とすとこだったよ……。","好、好险……差一点点
手里的筛子就要脱手摔在地上了……。",translated,依恩,0cfd53e6ba,br=0 nl=1,2,
inc/event/res/passiveevent01/pas_huru.txt#50#12,"うぅ、ぼーっとしちゃってて
ごめんなさい……。","呜呜，刚才三心二意走神了，
真的很对不起……。",translated,依恩,fda23e24fb,br=0 nl=1,2,
inc/event/res/passiveevent01/pas_huru.txt#51#12,"でも、おかげでもうぼーっとせずに
作業できそうだよ。","不过托这一吓的福，
瞌睡全飞走了能专心致志干活啦。",translated,依恩,7d7782950a,br=0 nl=1,2,
inc/event/res/passiveevent01/pas_itame.txt#6#12,"火力で勝負！……とは言うけど、
うちのコンロの火力って
そんなに強くないんだよね。","虽说“做菜全靠猛火爆炒”！……
但我们家灶台的火候火力，
其实根本没有那么大呢。",translated,依恩,4762ace915,br=0 nl=2,3,
inc/event/res/passiveevent01/pas_itame.txt#8#12,"本でよく見るけど、火柱を上げながら
料理するシーンってあるよね？","书里经常能看到，
大厨锅里腾起一道冲天火柱炒菜的场景对吧？",translated,依恩,bea9be8789,br=0 nl=1,2,
inc/event/res/passiveevent01/pas_itame.txt#9#12,"でも、実際に火柱が上がったら、
普通に慌てるよね……。","但要是现实里锅里真窜出那么高火苗，
正常人肯定会直接吓得手忙脚乱吧……。",translated,依恩,2613d33458,br=0 nl=1,2,
inc/event/res/passiveevent01/pas_itame.txt#10#12,"火柱が上がっても冷静に料理できるように
ならないと、一人前じゃないのかなぁ？","难道必须得练到锅里着火也能面不改色翻炒，
才算得上是独当一面的合格厨师吗？",translated,依恩,5308ad8c58,br=0 nl=1,2,
inc/event/res/passiveevent01/pas_itame.txt#12#12,"フライパンは重いし、火は熱いしで
大変だよぉ……。","平底锅又死沉死沉的，炉火又烤得人发烫，
真的太不容易啦……。",translated,依恩,0a303a33f9,br=0 nl=1,2,
inc/event/res/passiveevent01/pas_itame.txt#13#12,"でも、美味しい料理を作るためだもん。
もう少し頑張ってみるよ。","不过为了做出美味可口的饭菜，
我再咬咬牙坚持一下吧。",translated,依恩,2dc6b0f342,br=0 nl=1,2,
inc/event/res/passiveevent01/pas_itame.txt#15#12,"コックさんって、毎日重たいフライパンを
振り続けてるんだよね？","专业厨师每天都要不停颠炒
那么沉甸甸的大铁锅对吧？",translated,依恩,0c475d8161,br=0 nl=1,2,
inc/event/res/passiveevent01/pas_itame.txt#16#12,"……わたしじゃ、二日目には筋肉痛で
ギブアップしてると思うよ。","……要是换成我，第二天肯定就肌肉酸痛
举手投降认输了呢。",translated,依恩,415662fb80,br=0 nl=1,2,
inc/event/res/passiveevent01/pas_itame.txt#17#12,そう考えると、コックさんって凄いよね。,这么一想，大厨们可真了不起呢。,translated,依恩,328ae46c0d,br=0 nl=0,1,
inc/event/res/passiveevent01/pas_itame.txt#19#12,"そういえば、焼いたり炒めたりしないでも、
簡単にお料理を作れちゃう道具が
あるんだって。","说起来，听说这世上还有一种
不用煎炒烹炸、就能轻轻松松
做出各种美味菜肴的神奇厨具呢。",translated,依恩,c87475ba6c,br=0 nl=2,3,
inc/event/res/passiveevent01/pas_itame.txt#20#12,"それがあれば、こんなに重いフライパンを
振ったりしなくていいのに……。","要是能有那个，就根本用不着
像现在这样吃力地颠着死沉的平底锅了嘛……。",translated,依恩,6a5b4d0d31,br=0 nl=1,2,
inc/event/res/passiveevent01/pas_itame.txt#21#12,"はぁ……、
考えたら余計に重く感じてきたよぉ……。","唉……
越想越觉得手里的锅沉得要命了啦……。",translated,依恩,1e640813d7,br=0 nl=1,2,
inc/event/res/passiveevent01/pas_itame.txt#23#12,ふぅ……。,呼……。,translated,依恩,a8365b834f,br=0 nl=0,1,
inc/event/res/passiveevent01/pas_itame.txt#24#12,炒めながら歌うのって、結構大変だね。,一边颠勺炒菜一边唱歌，其实还挺费劲的呢。,translated,依恩,16d251ac2c,br=0 nl=0,1,
inc/event/res/passiveevent01/pas_itame.txt#25#12,フライパン重いから、息切れしちゃうの。,平底锅实在太沉了，累得我上气不接下气的。,translated,依恩,b02bb14efa,br=0 nl=0,1,
inc/event/res/passiveevent01/pas_itame.txt#26#12,"プラスチック製のフライパンとかあれば……
って、それじゃ溶けちゃうよね。","要是有塑料做的轻便平底锅就好了……
等等，那样一加热就彻底熔化了吧。",translated,依恩,bc65fbaf4b,br=0 nl=1,2,
inc/event/res/passiveevent01/pas_itame.txt#28#12,"ジャジャッジャジャー♪
ジャジャジャジャー♪","嚓嚓、嚓嚓嚓～♪
嚓嚓嚓、嚓嚓～♪",translated,依恩,20e70b6ea9,br=0 nl=1,2,
inc/event/res/passiveevent01/pas_itame.txt#29#12,……きゃっ！？,……呀啊！？,translated,依恩,f9abf31480,br=0 nl=0,1,
inc/event/res/passiveevent01/pas_itame.txt#30#12,"うぅ、一番見られたくないところを
見られちゃったよぉ……。","呜呜，最不想被人瞧见的一面，
全被你看了个正着啦……。",translated,依恩,5103ad4a0b,br=0 nl=1,2,
inc/event/res/passiveevent01/pas_itame.txt#31#12,"今の、炒めてる音に合わせてジャジャジャー
って歌ってただけだからね？","刚才我只是顺着锅里滋滋翻炒的声音
随口哼着伴奏而已哦？",translated,依恩,b966cda691,br=0 nl=1,2,
inc/event/res/passiveevent01/pas_itame.txt#32#12,"ちょっとノリで歌ってただけで、こんな変な
歌しか歌えないわけじゃないからね？","只是图个气氛瞎哼哼，
可不代表我只会唱这种古怪的调调哦？",translated,依恩,5fb9819d2b,br=0 nl=1,2,
inc/event/res/passiveevent01/pas_itame.txt#34#12,……きゃっ！？,……呀啊！？,translated,依恩,f9abf31480,br=0 nl=0,1,
inc/event/res/passiveevent01/pas_itame.txt#35#12,"び、びっくりしたぁ……。
もう、火を使ってる時にびっくりさせるのは
やめてね。","吓、吓我一大跳……。
真是的，用火开灶的时候
可别突然从背后吓唬我啦。",translated,依恩,ac1507982f,br=0 nl=2,3,
inc/event/res/passiveevent01/pas_itame.txt#36#12,"驚いて零すだけならいいけど、泥棒と思って
あなたにフライパンの中身を投げつけちゃっ
てたかもしれないよ？","要是受惊把菜撒了倒还好，万一把你当贼、
失手把整锅滚烫的菜肴砸到你身上去
那可怎么办呀？",translated,依恩,d9452c5738,br=0 nl=2,3,
inc/event/res/passiveevent01/pas_itame.txt#38#12,ふぅ……。,呼……。,translated,依恩,a8365b834f,br=0 nl=0,1,
inc/event/res/passiveevent01/pas_itame.txt#39#12,ちょっと、汗かいちゃったよ。,稍微冒了点汗呢。,translated,依恩,d6416b191d,br=0 nl=0,1,
inc/event/res/passiveevent01/pas_itame.txt#40#12,"最初は気分よく歌いながらできたんだけど、
フライパンは重いし、火は熱いしで、
体が暑くなってきちゃって……。","刚开始还能心情舒畅地边哼歌边炒，
但平底锅又重、炉火又热，
全身一下子就烘得热气腾腾的……。",translated,依恩,daacfc4a92,br=0 nl=2,3,
inc/event/res/passiveevent01/pas_itame.txt#41#12,終わったらシャワー浴びないようかな。,等做完了要不要去洗个澡呢。,translated,依恩,e883b79b02,br=0 nl=0,1,
inc/event/res/passiveevent01/pas_itame.txt#43#12,……はっ！？,……哈！？,translated,依恩,e6442d228e,br=0 nl=0,1,
inc/event/res/passiveevent01/pas_itame.txt#44#12,"え、えへへ……
炒めるの忘れてぼーっとしちゃってたね。","诶、诶嘿嘿……
我光顾着发呆走神，
把锅里的菜都忘在脑后了呢。",translated,依恩,478183602a,br=0 nl=1,2,
inc/event/res/passiveevent01/pas_itame.txt#45#12,"ありがとう。
危なく焦げ付いちゃうところだったよ。","多亏你提醒。
差一点就要彻底糊锅烧焦了呢。",translated,依恩,ad4e9776c0,br=0 nl=1,2,
inc/event/res/passiveevent01/pas_itame.txt#46#12,これからは気をつけなきゃ……。,接下来我可得小心盯紧了……。,translated,依恩,5efafdfaf6,br=0 nl=0,1,
inc/event/res/passiveevent01/pas_itame.txt#48#12,……ひゃっ！？,……哇啊！？,translated,依恩,4b197a5397,br=0 nl=0,1,
inc/event/res/passiveevent01/pas_itame.txt#49#12,"うぅ～、またぼーっとしちゃってた
みたい……。",呜呜～，我刚才好像又走神发愣了……。,translated,依恩,489727f2d3,br=0 nl=1,2,
inc/event/res/passiveevent01/pas_itame.txt#50#12,"やっぱり料理って得意じゃないから
集中できないのかな？","果然是因为自己不太擅长下厨，
所以很难一直集中注意力吗？",translated,依恩,2dadf05999,br=0 nl=1,2,
inc/event/res/passiveevent01/pas_itame.txt#51#12,"……でも、火を使ってる時くらいは
もう少しだけ頑張ってみるよ。","……不过至少在开着火的时候，
我再稍微集中精神努力一下吧。",translated,依恩,2fa273d690,br=0 nl=1,2,
inc/event/res/passiveevent01/pas_itame.txt#53#12,ふぁ～……。,哈啊～……。,translated,依恩,a7cd717c9a,br=0 nl=0,1,
inc/event/res/passiveevent01/pas_itame.txt#54#12,"うぅ、ぼーっとし過ぎて、
少しだけ眠くなってきちゃった……。","呜，走神发呆久了，
甚至开始觉得有那么一点点犯困了……。",translated,依恩,25169db598,br=0 nl=1,2,
inc/event/res/passiveevent01/pas_itame.txt#55#12,"頑張って手を動かせば、
少しは目が覚めるかな？","多加把劲动手翻炒翻炒，
应该多多少少能提提神清醒一下吧？",translated,依恩,50b38f8c9b,br=0 nl=1,2,
inc/event/res/passiveevent01/pas_itame.txt#57#12,……きゃっ！？,……呀啊！？,translated,依恩,f9abf31480,br=0 nl=0,1,
inc/event/res/passiveevent01/pas_itame.txt#58#12,"え、えへへ……なんか、いい匂いが
してたから炒めるの忘れてたよ。","诶、诶嘿嘿……闻到香气太诱人了，
一不小心把翻炒的事给忘了个精光。",translated,依恩,72de26e40e,br=0 nl=1,2,
inc/event/res/passiveevent01/pas_itame.txt#59#12,"これじゃただ焼いてるだけだよね。",这样放着不管根本就只是在干烤嘛。,translated,依恩,20a918dfb9,br=0 nl=0,1,
inc/event/res/passiveevent01/pas_itame.txt#60#12,"まあ、それでも食べれなくなったりは
しないと思うけど……。",嘛，虽说这样应该也不至于完全不能吃……。,translated,依恩,57a5e1aab0,br=0 nl=1,2,
inc/event/res/passiveevent01/pas_itame.txt#61#12,"もし失敗したら嫌だし、
今からちゃんと炒めるね。","但要是做砸了可就糟糕了，
我这就开始好好翻炒哦。",translated,依恩,726ec47457,br=0 nl=1,2,
inc/event/res/passiveevent01/pas_kaiga.txt#6#12,"前に犬の絵を描いた時、
ねりこさんに言われたの。","之前画小狗画像的时候，
妮莉库小姐曾经对我说过。",translated,依恩,9d8d15487c,br=0 nl=1,2,
inc/event/res/passiveevent01/pas_kaiga.txt#7#12,わぁ、これは……えっと……何かのぅって。,“哇啊，这画的是……呃……什么东西啊？”,translated,依恩,05edaf88a5,br=0 nl=0,1,
inc/event/res/passiveevent01/pas_kaiga.txt#8#12,"……動物とも認識してもらえなかった時は、
ショックを通り越して笑っちゃったよ。","……连是个动物都没被看出来的那一瞬间，
打击大到我反而忍不住笑出声来了呢。",translated,依恩,8e405ae120,br=0 nl=1,2,
inc/event/res/passiveevent01/pas_kaiga.txt#10#12,わたし、絵心ってないから不安だよぉ。,我完全没有绘画艺术天分，心里好没底哦。,translated,依恩,5dc4eb1f24,br=0 nl=0,1,
inc/event/res/passiveevent01/pas_kaiga.txt#11#12,"もし下手な絵を描いちゃったとしても、
絶対に笑ったりしないでね？","哪怕我画得再怎么蹩脚笨拙，
也绝对不许当面笑话我哦？",translated,依恩,df9005705b,br=0 nl=1,2,
inc/event/res/passiveevent01/pas_kaiga.txt#13#12,"絵画といえば、被写体に向かって鉛筆を
目の高さまで上げる人っているよね？","说到画画，经常有人会把铅笔举到
与眼睛平齐的高度对着被画对象比划对吧？",translated,依恩,cb1c2e9ea6,br=0 nl=1,2,
inc/event/res/passiveevent01/pas_kaiga.txt#14#12,"あれって、何の意味があるんだろう？
上手く描けるようにっていうおまじない？","那个动作到底有什么深意呀？
难道是祈祷能画好的神秘仪式咒语吗？",translated,依恩,33c0a1fa1e,br=0 nl=1,2,
inc/event/res/passiveevent01/pas_kaiga.txt#15#12,"わたしも真似したりするけど、
全然上手く描けないんだよね。","我也试着有模有样学过几次，
但依然完全画不好呢。",translated,依恩,26e78c0647,br=0 nl=1,2,
inc/event/res/passiveevent01/pas_kaiga.txt#16#12,何がいけないんだろう？,到底哪里做得不对呢？,translated,依恩,8ac4c66246,br=0 nl=0,1,
inc/event/res/passiveevent01/pas_kaiga.txt#18#12,"自分の絵の下手さに、
描いてて変な汗が出たりすることってない？","因为画得实在太烂，
画着画着自己都忍不住狂冒虚汗，你有过吗？",translated,依恩,fd6a014980,br=0 nl=1,2,
inc/event/res/passiveevent01/pas_kaiga.txt#19#12,"……胃が痛んだり、
描き途中なのに直視できなかったり……。","……甚至胃痛发作，
明明才画到一半却根本没眼直视……。",translated,依恩,7fa334c5d6,br=0 nl=1,2,
inc/event/res/passiveevent01/pas_kaiga.txt#20#12,"……わたしは、今そんな感じだよ。
うぅぅ、精神的にきついよぉ……。","……我眼下就是这种状态哦。
呜呜呜，精神上简直太折磨了啦……。",translated,依恩,94d414e269,br=0 nl=1,2,
inc/event/res/passiveevent01/pas_kaiga.txt#22#12,ん～、ふふっふふ～ん♪,嗯～，呼呼呼呼～嗯♪,translated,依恩,ed1989692a,br=0 nl=0,1,
inc/event/res/passiveevent01/pas_kaiga.txt#23#12,今、凄く調子がいいの。,我现在感觉状态特别好哦。,translated,依恩,407eb64f14,br=0 nl=0,1,
inc/event/res/passiveevent01/pas_kaiga.txt#24#12,"絵心のないわたしがね、
自分で見ても平気な絵を描けてるんだ。","毫无艺术细菌的我，
居然画出了连我自己看都挑不出刺的好画呢。",translated,依恩,edf7684451,br=0 nl=1,2,
inc/event/res/passiveevent01/pas_kaiga.txt#26#12,……うん？,……嗯？,translated,依恩,7ebfcc914c,br=0 nl=0,1,
inc/event/res/passiveevent01/pas_kaiga.txt#27#12,えへへ、ご機嫌に見える？,诶嘿嘿，我看起来心情很好吗？,translated,依恩,16b557504c,br=0 nl=0,1,
inc/event/res/passiveevent01/pas_kaiga.txt#28#12,"何だかね、筆のノリがいいの。
迷いなく描けてるっていうのかな？","不知为什么，运笔格外顺手流畅。
该说是下笔毫不犹豫没有迷茫吧？",translated,依恩,d1f8102741,br=0 nl=1,2,
inc/event/res/passiveevent01/pas_kaiga.txt#29#12,"こんなに気持ちよく絵が描けるなんて
びっくりしちゃった。","能如此畅快淋漓地画画，
我自己都感到有些吃惊呢。",translated,依恩,c94065093d,br=0 nl=1,2,
inc/event/res/passiveevent01/pas_kaiga.txt#31#12,"絵って、上手く描けると途端に
楽しくなるよね。","画画这事儿，只要能画好
顿时就会变得超级有趣对吧。",translated,依恩,ce04400a53,br=0 nl=1,2,
inc/event/res/passiveevent01/pas_kaiga.txt#32#12,"いつもと違って、わたしの絵がまるで
別人が描いたような傑作になるよ！","这回截然不同，我这幅画简直就像
出自大师之手般的杰作哦！",translated,依恩,b6f363dfa2,br=0 nl=1,2,
inc/event/res/passiveevent01/pas_kaiga.txt#33#12,えへへ、完成を楽しみにしててね。,诶嘿嘿，敬请期待成稿完成吧。,translated,依恩,28d9d29b15,br=0 nl=0,1,
inc/event/res/passiveevent01/pas_kaiga.txt#35#12,……うん？,……嗯？,translated,依恩,7ebfcc914c,br=0 nl=0,1,
inc/event/res/passiveevent01/pas_kaiga.txt#36#12,"だ、ダメだよ！
完成までは見せてあげない。","不、不行！
画好之前绝对不给你看。",translated,依恩,3fa09d6a10,br=0 nl=1,2,
inc/event/res/passiveevent01/pas_kaiga.txt#37#12,"自分では結構上手く描けてると思うけど、
もし笑われたらショックだもん。","虽然自我感觉画得相当不错，
但万一被你笑话那我可就太受打击了嘛。",translated,依恩,b04fba15fc,br=0 nl=1,2,
inc/event/res/passiveevent01/pas_kaiga.txt#38#12,"だから、完成まで秘密です。
でも、期待してて欲しいな。","所以在大功告成前都是保密的。
不过，你可以好好期待一下哦。",translated,依恩,85ad4d0d49,br=0 nl=1,2,
inc/event/res/passiveevent01/pas_kaiga.txt#40#12,……はっ！？,……哈！？,translated,依恩,e6442d228e,br=0 nl=0,1,
inc/event/res/passiveevent01/pas_kaiga.txt#41#12,"あ、ち、違うの！
自分の絵に見とれてたわけじゃないよ！","啊，不、不是的！
我才不是被自己的大作给看入迷了哦！",translated,依恩,82cdbcbba1,br=0 nl=1,2,
inc/event/res/passiveevent01/pas_kaiga.txt#42#12,"ただ、どうやって続きを描くかを考えてて、
そのままぼーっとしちゃってただけだよ。","只是在琢磨接下来该怎么画，
想着想着就有些走神发愣了而已啦。",translated,依恩,37e213be15,br=0 nl=1,2,
inc/event/res/passiveevent01/pas_kaiga.txt#43#12,"そもそも、見とれるほど上手い絵なんて
描けないもん……。","更何况，我也画不出那种
能让人看得陶醉入迷的神作就是了……。",translated,依恩,a215ea0408,br=0 nl=1,2,
inc/event/res/passiveevent01/pas_kaiga.txt#45#12,……あっ！！,……啊！！,translated,依恩,d0d137eee8,br=0 nl=0,1,
inc/event/res/passiveevent01/pas_kaiga.txt#46#12,"あ、危なかったぁ……。
一瞬気づくの遅かったら、変なところに
絵の具をつけちゃってたよ……。","好、好险哪……。
刚才要是反应慢了一拍，
颜料就要蹭到莫名其妙的地方去了……。",translated,依恩,ef8108cf28,br=0 nl=2,3,
inc/event/res/passiveevent01/pas_kaiga.txt#47#12,"結構描いたんだし、ここでうっかりミス
だけは避けないとね。","好不容易画了这么多，
可千万不能在关键时刻犯粗心大意的错误呢。",translated,依恩,837cb76339,br=0 nl=1,2,
inc/event/res/passiveevent01/pas_kaiga.txt#48#12,"……まあ、この状態でぼーっとしちゃう
わたしがいけないんだけど。","……嘛，在这种紧要关头还能走神发呆的我
才该负主要责任就是了。",translated,依恩,1267711654,br=0 nl=1,2,
inc/event/res/passiveevent01/pas_kaiga.txt#50#12,……きゃっ！？,……呀啊！？,translated,依恩,f9abf31480,br=0 nl=0,1,
inc/event/res/passiveevent01/pas_kaiga.txt#51#12,"いけないいけない、
ぼーっとしちゃってたよ。","糟了糟了，
刚才完全发呆走神了啦。",translated,依恩,0c310f6f60,br=0 nl=1,2,
inc/event/res/passiveevent01/pas_kaiga.txt#52#12,"集中して描いてるつもりだったけど、
途中で切れちゃったみたい。","本以为自己正聚精会神在画呢，
没想到半截专注力就断片了。",translated,依恩,300f9eb6aa,br=0 nl=1,2,
inc/event/res/passiveevent01/pas_kaiga.txt#53#12,"あなたがいなかったら、今もぼーっと
したままだったよ。
気づかせてくれてありがと。","要是没有你在，
我现在肯定还在那里呆愣愣出神呢。
多谢你及时出声提醒我。",translated,依恩,9d533ce661,br=0 nl=2,3,
inc/event/res/passiveevent01/pas_kaiga.txt#55#12,……ん～？,……嗯～？,translated,依恩,11cd32f387,br=0 nl=0,1,
inc/event/res/passiveevent01/pas_kaiga.txt#56#12,"さぼってないよ。
ちょっと目が疲れちゃったから、
休んでただけだよ。","我可没有偷懒摸鱼哦。
只是眼睛稍微有点酸胀干涩，
稍微闭目养神休息一下而已啦。",translated,依恩,ab9c89d2a8,br=0 nl=2,3,
inc/event/res/passiveevent01/pas_kaiga.txt#57#12,……でも、ちょっとぼーっとしてたかも。,……不过，确实也有那么一点点在发愣就是了。,translated,依恩,a7f0aa184d,br=0 nl=0,1,
inc/event/res/passiveevent01/pas_kaiga.txt#58#12,"休憩は終わりにして、そろそろ頑張るよ。
休んでばかりじゃ、いつまで経っても
終わらないしね。","休息时间结束，接下来得继续加油了。
光是歇着的话，
猴年马月也干不完嘛。",translated,依恩,4c9fdb08d9,br=0 nl=2,3,
inc/event/res/passiveevent01/pas_kaku.txt#6#12,"インクを使って一発書きって、
凄いプレッシャーを感じるよ……。","直接用墨水一笔写成不许修改，
心理压力真的超级大呢……。",translated,依恩,5a5d7578ea,br=0 nl=1,2,
inc/event/res/passiveevent01/pas_kaku.txt#7#12,"文字を間違えないように、
ゆっくり書いた方がよさそう。","为了不写错别字，
还是放慢速度一笔一划写比较好呢。",translated,依恩,baf19949e7,br=0 nl=1,2,
inc/event/res/passiveevent01/pas_kaku.txt#9#12,執筆って、凄く難しいよ。,提笔写东西，真的好难啊。,translated,依恩,35fe253010,br=0 nl=0,1,
inc/event/res/passiveevent01/pas_kaku.txt#10#12,"自分用のメモとは違って、
ちゃんと読める字で
書かなくちゃいけないでしょ？","毕竟跟写给自己看的随手备忘录不同，
必须得工工整整写出
谁都能看懂认清的字迹才行对吧？",translated,依恩,8c8585d5b0,br=0 nl=2,3,
inc/event/res/passiveevent01/pas_kaku.txt#11#12,"上手く書ける自信ないよぉ……。",我完全没有能写得漂漂亮亮的自信啦……。,translated,依恩,5f3dd0986a,br=0 nl=0,1,
inc/event/res/passiveevent01/pas_kaku.txt#13#12,"ふぅ……執筆作業って、
意外と肩とか腰とか痛くなるんだね。","呼……伏案写作这种活儿，
没想到肩膀和腰部会这么酸痛呢。",translated,依恩,b96473872a,br=0 nl=1,2,
inc/event/res/passiveevent01/pas_kaku.txt#14#12,"座って書いてればいいだけなんだから、
簡単な作業だとばかり思ってたのに……。","本以为只要端坐着写字就行，
应该是件很轻松的差事才对的……。",translated,依恩,62a0b49917,br=0 nl=1,2,
inc/event/res/passiveevent01/pas_kaku.txt#15#12,"座り続けるのって、立ちっぱなしの作業とは
また違った大変さがあるんだね。","长时间一直干坐着不动，
也有着跟一直站着干活截然不同的辛劳呢。",translated,依恩,e43c774d0b,br=0 nl=1,2,
inc/event/res/passiveevent01/pas_kaku.txt#17#12,うっ……。,唔……,translated,依恩,a85f988ec9,br=0 nl=0,1,
inc/event/res/passiveevent01/pas_kaku.txt#18#12,"い、一ページ書き終わった後、
新しい紙を出して真っ白の状態を見たら、
何でか胸に痛みが……。","好、好不容易写满一页，
抽出一张全新的稿纸看到一片空白时，
不知为何胸口一阵绞痛……。",translated,依恩,245678ff01,br=0 nl=2,3,
inc/event/res/passiveevent01/pas_kaku.txt#19#12,"うぅ、またこの真っ白のを埋めなくちゃ
いけないなんて……。
精神的に辛いよぉ……。","呜呜，又得把这片纯白稿纸给填满……
心理压力真的好大呀……。",translated,依恩,8dad922164,br=0 nl=2,3,
inc/event/res/passiveevent01/pas_kaku.txt#21#12,"……こうして自分の字を改めて見てみると、
わたしって意外と丸文字かも……。","……像这样重新端详自己的字迹，
感觉我写的字意外地偏圆滚滚呢……。",translated,依恩,822d029576,br=0 nl=1,2,
inc/event/res/passiveevent01/pas_kaku.txt#22#12,これ、やっぱり直した方がいいのかな？,这种字体，果然还是改掉比较好吗？,translated,依恩,ec600fd079,br=0 nl=0,1,
inc/event/res/passiveevent01/pas_kaku.txt#24#12,ん～、ふふっふふ～♪,嗯～，呼呼呼呼～♪,translated,依恩,99dba2cb0f,br=0 nl=0,1,
inc/event/res/passiveevent01/pas_kaku.txt#25#12,えへへ、凄く気分がいいの。,诶嘿嘿，我现在心情超级好哦。,translated,依恩,e391c830b2,br=0 nl=0,1,
inc/event/res/passiveevent01/pas_kaku.txt#26#12,"ペンを持つ手が止まらずに文章をすらすらと
書けてるの！","握着笔的手根本停不下来，
文思泉涌唰唰唰写得飞快呢！",translated,依恩,e57a038274,br=0 nl=1,2,
inc/event/res/passiveevent01/pas_kaku.txt#27#12,"この調子なら、
良い物が出来上がりそうだよ。","照这个势头下去，
感觉能写出一篇绝妙的好文章哦。",translated,依恩,c05b6d1ab0,br=0 nl=1,2,
inc/event/res/passiveevent01/pas_kaku.txt#29#12,"えへへ、なんか凄く調子が
よくて手が止まらないの。","诶嘿嘿，不知怎的状态出奇地好，
手都快停不下来了呢。",translated,依恩,5ec2af9973,br=0 nl=1,2,
inc/event/res/passiveevent01/pas_kaku.txt#30#12,"次から次へと文章が出てきて、
書き続けたいって気分なんだ。","词句源源不断地从脑海里冒出来，
真想就这么一直不停写下去呢。",translated,依恩,d740e124bc,br=0 nl=1,2,
inc/event/res/passiveevent01/pas_kaku.txt#31#12,こういうときの執筆ってすごく楽しいよね。,在这种状态下伏案写作真的太痛快了呢。,translated,依恩,034944e549,br=0 nl=0,1,
inc/event/res/passiveevent01/pas_kaku.txt#33#12,……え？,……诶？,translated,依恩,4e48b2f03b,br=0 nl=0,1,
inc/event/res/passiveevent01/pas_kaku.txt#34#12,"わたし、歌ってた？
うそっ、全然気づかなかったよ！","我刚才在哼歌？
真的假的，我完全没察觉到呢！",translated,依恩,d5f16e21f3,br=0 nl=1,2,
inc/event/res/passiveevent01/pas_kaku.txt#35#12,"集中して作業してたから
気づかなかったのかな？
つまり、無意識に歌ってたってこと？","是因为太专心致志了
所以才没意识到吗？
也就是说，我刚才是在无意识地哼唱？",translated,依恩,d590cf714a,br=0 nl=2,3,
inc/event/res/passiveevent01/pas_kaku.txt#36#12,"……確かに、楽しくてつい無意識に
歌ってたとしても不思議じゃないかも……。","……确实，心情太好而不自觉哼起歌来，
倒也完全不奇怪就是了……。",translated,依恩,d85b48d967,br=0 nl=1,2,
inc/event/res/passiveevent01/pas_kaku.txt#38#12,……はっ！？,……哈！？,translated,依恩,e6442d228e,br=0 nl=0,1,
inc/event/res/passiveevent01/pas_kaku.txt#39#12,"え、えへへ……ちょっと筆の進みが悪くて、
ぼーっとしちゃってたみたい。","诶、诶嘿嘿……写作有点卡壳不顺畅，
好像就不知不觉发起呆来了。",translated,依恩,babd048c2d,br=0 nl=1,2,
inc/event/res/passiveevent01/pas_kaku.txt#40#12,"でも、執筆って基本的に考えるのが
ほとんどだから、仕方ないよね？","不过伏案动笔大部分时间都在构思，
这也算人之常情对吧？",translated,依恩,38544b2106,br=0 nl=1,2,
inc/event/res/passiveevent01/pas_kaku.txt#41#12,"って、そんなふうに諦めてたら
いつまで経っても終わらない、か……。","不对，要是抱着这种心态偷懒，
这篇稿子无论多久也写不完吧……。",translated,依恩,41e35d6040,br=0 nl=1,2,
inc/event/res/passiveevent01/pas_kaku.txt#42#12,"よーし、気合入れ直して、
一気に書いちゃおっと！","好嘞，重新鼓足干劲，
一口气把它写完吧！",translated,依恩,9507291a1b,br=0 nl=1,2,
inc/event/res/passiveevent01/pas_kaku.txt#44#12,はぁ……って、あれ？,哈啊……等等，奇怪？,translated,依恩,3210f358a6,br=0 nl=0,1,
inc/event/res/passiveevent01/pas_kaku.txt#45#12,"あははっ、考えてたはずなのに、
いつの間にかぼーっとしちゃってたみたい。","啊哈哈，本打算好好构思来着，
不知不觉间脑子又放空发愣了。",translated,依恩,f5593bbb26,br=0 nl=1,2,
inc/event/res/passiveevent01/pas_kaku.txt#46#12,"あれ？
でもわたし、何を考えてたんだっけ？","奇怪？
话说我刚才到底在思考什么来着？",translated,依恩,740f82ee27,br=0 nl=1,2,
inc/event/res/passiveevent01/pas_kaku.txt#47#12,"……ま、まあ、気持ちを切り替えて
一から考え直してみるよ。","……嘛、嘛，赶紧转换下心情，
从头开始重新构思一遍吧。",translated,依恩,518bdeaeca,br=0 nl=1,2,
inc/event/res/passiveevent01/pas_kaku.txt#49#12,……あ、あれ？,……诶、奇怪？,translated,依恩,c377f5e95d,br=0 nl=0,1,
inc/event/res/passiveevent01/pas_kaku.txt#50#12,"いけないいけない。
ちょっとだけぼーっとしちゃってたよ。","糟了糟了。
刚才稍微走神发呆了一下啦。",translated,依恩,6ba9f7c861,br=0 nl=1,2,
inc/event/res/passiveevent01/pas_kaku.txt#51#12,"でも、筆が止まるとどうしても
ぼーっとしちゃうよね？","不过只要笔头一停下来，
脑子就会忍不住发起愣来对吧？",translated,依恩,859b4377ec,br=0 nl=1,2,
inc/event/res/passiveevent01/pas_kaku.txt#52#12,"……い、一か八か、筆を止めないで
とにかく書いてみようかな？","……干、干脆赌一把，不管三七二十一，
笔不停歇一股脑写写看如何？",translated,依恩,92c18bb3c7,br=0 nl=1,2,
inc/event/res/passiveevent01/pas_kaku.txt#54#12,ふぅ……あれ？,呼……咦？,translated,依恩,c6dc914370,br=0 nl=0,1,
inc/event/res/passiveevent01/pas_kaku.txt#55#12,"あははっ、考えてたはずなのに、
いつの間にかぼーっとしちゃってたみたい。","啊哈哈，本打算好好构思来着，
不知不觉间脑子又放空发愣了。",translated,依恩,f5593bbb26,br=0 nl=1,2,
inc/event/res/passiveevent01/pas_kaku.txt#56#12,"と、とにかく、続きを書くよ。
まだ書かなくちゃいけないこと、
沢山残ってるし。","总、总之，我继续动笔了哦。
毕竟还有好多必须要写的内容
堆在那里呢。",translated,依恩,488afe859e,br=0 nl=2,3,
inc/event/res/passiveevent01/pas_kawa.txt#6#12,"皮むきって難しいよねー。
でも、美味しい料理を作る為だもん。
頑張らなくちゃ！","削皮这活儿真的挺难的呢～
不过为了做出美味的饭菜，
必须全力以赴才行！",translated,依恩,f94eae9045,br=0 nl=2,3,
inc/event/res/passiveevent01/pas_kawa.txt#8#12,"この作業って苦手だから、集中してやらないと
失敗しちゃいそうで怖いの。","我其实很不擅长削皮，不专心的话
总担心会手滑削坏切到手呢。",translated,依恩,6d699f4988,br=0 nl=1,2,
inc/event/res/passiveevent01/pas_kawa.txt#9#12,頑張るから、そこで応援しててね！,我会加油的，你在旁边替我鼓劲哦！,translated,依恩,9831e3bd5b,br=0 nl=0,1,
inc/event/res/passiveevent01/pas_kawa.txt#11#12,ひゃっ！,呀啊！,translated,依恩,7f72b89db4,br=0 nl=0,1,
inc/event/res/passiveevent01/pas_kawa.txt#12#12,えへへ…恥ずかしいとこ見られちゃった。,诶嘿嘿……丢人的小动作被你看到啦。,translated,依恩,5304637be6,br=0 nl=0,1,
inc/event/res/passiveevent01/pas_kawa.txt#13#12,なんだか料理してると楽しくて！,做起饭来总觉得心情特别轻快雀跃呢！,translated,依恩,5c9cbf90b7,br=0 nl=0,1,
inc/event/res/passiveevent01/pas_kawa.txt#15#12,ふんふふんふふ～ん♪,呼嗯呼嗯呼呼～嗯♪,translated,依恩,1f39182383,br=0 nl=0,1,
inc/event/res/passiveevent01/pas_kawa.txt#16#12,……あっ！,……啊！,translated,依恩,4a070a8e1b,br=0 nl=0,1,
inc/event/res/passiveevent01/pas_kawa.txt#17#12,"えへへ、なんだか皮むきが楽しくって、
歌いながらやってたの。","诶嘿嘿，削皮削得太起劲了，
就一边哼着歌一边削啦。",translated,依恩,e7742772ae,br=0 nl=1,2,
inc/event/res/passiveevent01/pas_kawa.txt#18#12,いつもより上手くむけそうな予感がするよ。,总觉得这次能削得比平时更利落漂亮哦。,translated,依恩,6a536f243e,br=0 nl=0,1,
inc/event/res/passiveevent01/pas_kawa.txt#20#12,ふぁ～……っ！？,哈啊～……！？,translated,依恩,371e8de82e,br=0 nl=0,1,
inc/event/res/passiveevent01/pas_kawa.txt#21#12,うぅ、大あくびするところ見られたぁ……。,呜呜，打大哈欠的丑样被你瞧见啦……。,translated,依恩,48100a922f,br=0 nl=0,1,
inc/event/res/passiveevent01/pas_kawa.txt#22#12,"ぼーっとしちゃってたわたしが
悪いんだけど……。",虽然确实是走神发愣的我不对就是了……。,translated,依恩,c760862347,br=0 nl=1,2,
inc/event/res/passiveevent01/pas_kawa.txt#23#12,うぅ、恥ずかしいよ……。,呜呜，太难为情了啦……。,translated,依恩,1298bb851e,br=0 nl=0,1,
inc/event/res/passiveevent01/pas_kawa.txt#25#12,……はっ！？,……哈！？,translated,依恩,e6442d228e,br=0 nl=0,1,
inc/event/res/passiveevent01/pas_kawa.txt#26#12,"あ、危なかったぁ……。
皮むきの途中なのに、
ぼーっとしちゃってたみたい。","好、好危险哪……。
削皮削到一半，
居然脑子放空发起呆来了。",translated,依恩,6615c863b9,br=0 nl=2,3,
inc/event/res/passiveevent01/pas_kawa.txt#27#12,……指切る前に気づけてよかったよ。,……赶在削到手指前猛然惊醒，太庆幸了。,translated,依恩,d2a2e59ebe,br=0 nl=0,1,
inc/event/res/passiveevent01/pas_kawa.txt#28#12,"またわたしがぼーっとしてるようだったら、
遠慮なく声をかけてね。","要是我又开始眼神发直走神了，
请千万别客气赶紧出声喊我哦。",translated,依恩,8e3651f4dd,br=0 nl=1,2,
inc/event/res/passiveevent01/pas_kawa.txt#30#12,……あれ？,……咦？,translated,依恩,7400bc39fd,br=0 nl=0,1,
inc/event/res/passiveevent01/pas_kawa.txt#31#12,ぼ、ぼーっとしちゃってた？,我、我有在发呆走神吗？,translated,依恩,20e58720a1,br=0 nl=0,1,
inc/event/res/passiveevent01/pas_kawa.txt#32#12,"えへへ、さっきまでちゃんと真面目に
やってたんだけどね。
おかしいなぁ……。","诶嘿嘿，刚才明明还在认认真真干活呢。
真是奇怪呀……。",translated,依恩,bd1bd28eb3,br=0 nl=2,3,
inc/event/res/passiveevent01/pas_kawa.txt#33#12,"ま、まあ、今からまたちゃんとやるから、
それで良しってことで、ね？","嘛、嘛，我这就重新集中精神好好削，
这回就算扯平啦，好不好？",translated,依恩,de2314d148,br=0 nl=1,2,
inc/event/res/passiveevent01/pas_kawa.txt#35#12,……えっ！？,……诶！？,translated,依恩,d4a94c6b38,br=0 nl=0,1,
inc/event/res/passiveevent01/pas_kawa.txt#36#12,"ご、ごめんね。
なんか、ぼーっとしちゃってたみたい。","抱、抱歉呀。
我刚才好像脑子犯迷糊走神了。",translated,依恩,27ad0a84b2,br=0 nl=1,2,
inc/event/res/passiveevent01/pas_kawa.txt#37#12,"っていうか、料理が苦手なのに
包丁持ってぼーっとするなんて、
自分でも信じられないよ。","话说回来，明明厨艺那么差，
居然还敢手里握着菜刀发呆走神，
我自己都觉得不可思议呢。",translated,依恩,be9261fc0e,br=0 nl=2,3,
inc/event/res/passiveevent01/pas_kawa.txt#38#12,ケガしたくないし、少し集中するね。,我可不想切破手流血，稍微专注一点做吧。,translated,依恩,854c1159a8,br=0 nl=0,1,
inc/event/res/passiveevent01/pas_kazi.txt#6#12,"あなたの周りに、
鍛冶の出来る女の子っているかな？","在你的身边，
会有懂得打铁锻造的女孩子吗？",translated,依恩,d54fd00928,br=0 nl=1,2,
inc/event/res/passiveevent01/pas_kazi.txt#7#12,"その……やっぱり鍛冶なんて、
やったりしないよね。","那个……打铁这种重活，
女孩子果然一般都不可能干的对吧。",translated,依恩,00935f7158,br=0 nl=1,2,
inc/event/res/passiveevent01/pas_kazi.txt#8#12,"えへへ、わたしって
ちょっと変わってるから……。","诶嘿嘿，毕竟我这人
性格确实稍微有点古怪与众不同嘛……。",translated,依恩,64cb8c5256,br=0 nl=1,2,
inc/event/res/passiveevent01/pas_kazi.txt#10#12,ふぅ～……。,呼～……。,translated,依恩,05f9ccd4f4,br=0 nl=0,1,
inc/event/res/passiveevent01/pas_kazi.txt#11#12,"熱した鉄のそばにいなくちゃいけないから、
熱くてたまらないよ。","必须寸步不离守在烧红的烙铁旁，
热得简直让人快受不了啦。",translated,依恩,0cbd6b871b,br=0 nl=1,2,
inc/event/res/passiveevent01/pas_kazi.txt#12#12,"倒れないように
気をつけないといけないね。","可得打起精神来，
千千万万别热中暑晕倒了才行呢。",translated,依恩,896a66d111,br=0 nl=1,2,
inc/event/res/passiveevent01/pas_kazi.txt#14#12,“わたし、鍛冶が得意なんです。”,“我很擅长打铁锻造哦。”,translated,依恩,258440db2a,br=0 nl=0,1,
inc/event/res/passiveevent01/pas_kazi.txt#15#12,"っていえば、大抵の人は家の事の方の
家事が得意な子だと思うんだろうね……。","如果这么说的话，大部分人都会当成
我是个很擅长做家务的贤惠女孩吧……。",translated,依恩,8444bcc220,br=0 nl=1,2,
inc/event/res/passiveevent01/pas_kazi.txt#16#12,"そっちの家事の方が
難しいと思うんだけどなぁ……。","但我觉得照料日常家务，
反而比打铁要难上好几倍呢……。",translated,依恩,f0ffc4638b,br=0 nl=1,2,
inc/event/res/passiveevent01/pas_kazi.txt#18#12,"熱い鉄をかなづちで叩いた時の音って、
気持ちいいよね。","挥动铁锤砸在通红滚烫的钢铁上，
发出的叮当敲击声真令人神清气爽呢。",translated,依恩,a77ca38ae0,br=0 nl=1,2,
inc/event/res/passiveevent01/pas_kazi.txt#19#12,なんか物作りをしてるんだ。,总觉得切实体会到了“创造物件”的实感。,translated,依恩,edfa67b4d8,br=0 nl=0,1,
inc/event/res/passiveevent01/pas_kazi.txt#21#12,"え、どうして女の子のわたしの家に、
鍛冶の出来る設備が整ってるのかって？","诶，你问为什么我一个女孩子的家里，
居然会配备这么齐全完备的锻造工坊？",translated,依恩,b02a43902f,br=0 nl=1,2,
inc/event/res/passiveevent01/pas_kazi.txt#22#12,"女の子だから鍛冶が出来ないって思うのは
間違いだよ。","觉得“女孩子就不可能会打铁”，
这种刻板印象可大错特错哦。",translated,依恩,8bbcbf1a82,br=0 nl=1,2,
inc/event/res/passiveevent01/pas_kazi.txt#23#12,"料理や編み物が好きな男の子がいるように、
鍛冶が好きな女の子だっている。
それだけだよ。","正如有些男孩子喜欢下厨做饭或者打毛线，
自然也会有女孩子发自内心热爱锻造。
仅此而已哦。",translated,依恩,4f9b312bd3,br=0 nl=2,3,
inc/event/res/passiveevent01/pas_kazi.txt#25#12,"ふっふふんふふ～♪
ん～、いい色！","呼呼呼嗯呼呼～♪
嗯～，火候成色真棒！",translated,依恩,de5cfacf51,br=0 nl=1,2,
inc/event/res/passiveevent01/pas_kazi.txt#26#12,"真っ赤になった鉄をかなづちで叩くのって、
なんかいいよね。","用铁锤用力锤打烧得通红赤热的钢铁，
感觉格外解压痛快呢。",translated,依恩,9db1841bd0,br=0 nl=1,2,
inc/event/res/passiveevent01/pas_kazi.txt#27#12,"今は自己流だけど、
できれば本職の人に弟子入りして
教わりたいくらいだよ。","现在虽然全凭自己瞎摸索，
但如果有机会的话，我真想拜入正规铁匠门下
好好系统学习深造呢。",translated,依恩,3599135961,br=0 nl=2,3,
inc/event/res/passiveevent01/pas_kazi.txt#29#12,……きゃっ！？,……呀啊！？,translated,依恩,f9abf31480,br=0 nl=0,1,
inc/event/res/passiveevent01/pas_kazi.txt#30#12,え、えへへ……見られちゃった。,诶、诶嘿嘿……被你看光光啦。,translated,依恩,fbaa483607,br=0 nl=0,1,
inc/event/res/passiveevent01/pas_kazi.txt#31#12,"こういう作業は好きだけど、歌いながら
やってるところは、ちょっと見られたく
なかったかも……。","虽然我确实很喜欢锻造作业，
但一边打铁一边哼歌的傻样，
稍微有点不想被你撞见呢……。",translated,依恩,ed8412736b,br=0 nl=2,3,
inc/event/res/passiveevent01/pas_kazi.txt#32#12,"こういうのは女の子らしくないっていう
のはわかってるから、気にしてるんだよ？","我也深知这种爱好一点都不像个女孩子，
所以其实一直挺在意的啦？",translated,依恩,7fed2f4cd1,br=0 nl=1,2,
inc/event/res/passiveevent01/pas_kazi.txt#34#12,……あっ！,……啊！,translated,依恩,4a070a8e1b,br=0 nl=0,1,
inc/event/res/passiveevent01/pas_kazi.txt#35#12,"え、えっと……赤くなった鉄を叩いてたら、
なんか……ね。","呃、那个……敲打着烧红的钢铁，
不知不觉心情就……对吧？",translated,依恩,ed36a720b0,br=0 nl=1,2,
inc/event/res/passiveevent01/pas_kazi.txt#36#12,"調子がいいと、
無意識の歌っちゃうことってないかな？","手感一旦顺畅起来，
就会不自觉随口哼起小曲，你没这经历吗？",translated,依恩,e1d9da3c58,br=0 nl=1,2,
inc/event/res/passiveevent01/pas_kazi.txt#37#12,"えへへ……やっぱりこういう作業、
結構好きみたい。","诶嘿嘿……看来这种硬派活儿，
我真的打心底里超级喜欢呢。",translated,依恩,87bab5c388,br=0 nl=1,2,
inc/event/res/passiveevent01/pas_kazi.txt#39#12,ふぅ～……。,呼～……。,translated,依恩,05f9ccd4f4,br=0 nl=0,1,
inc/event/res/passiveevent01/pas_kazi.txt#40#12,結構汗かいちゃった……。,出了好多汗呢……。,translated,依恩,576526de25,br=0 nl=0,1,
inc/event/res/passiveevent01/pas_kazi.txt#41#12,"でも、熱くなった鉄を叩きながら歌うのって
凄く気持ち良いかも。","不过一边敲打灼热的钢铁一边放声哼歌，
感觉心情超级舒畅痛快呢。",translated,依恩,eda9f47431,br=0 nl=1,2,
inc/event/res/passiveevent01/pas_kazi.txt#42#12,"……わたし、刀鍛冶にでもなった方が
いいのかな？","……我将来是不是干脆
转行去当个铸刀匠比较好呀？",translated,依恩,9080b07202,br=0 nl=1,2,
inc/event/res/passiveevent01/pas_kazi.txt#44#12,……えっ！？,……诶！？,translated,依恩,d4a94c6b38,br=0 nl=0,1,
inc/event/res/passiveevent01/pas_kazi.txt#45#12,"し、信じられない……。
わたし、鍛冶の途中でぼーっとしてたよ！","真、真是难以置信……。
我居然在打铁锻造的中途发起呆来了！",translated,依恩,f95731089b,br=0 nl=1,2,
inc/event/res/passiveevent01/pas_kazi.txt#46#12,"……疲れを疑うよりも先に、
どこか悪いのかを疑っちゃうよ。","……与其怀疑是身体疲累，
不如先怀疑自己是不是脑子哪里短路了呢。",translated,依恩,c4f6adf286,br=0 nl=1,2,
inc/event/res/passiveevent01/pas_kazi.txt#48#12,はっ！？,哈啊！？,translated,依恩,f16a0f7a56,br=0 nl=0,1,
inc/event/res/passiveevent01/pas_kazi.txt#49#12,"わわっ、いけない！
鍛冶の途中だったよね。","哇哇，糟了！
刚才正在打铁呢。",translated,依恩,f67a10640f,br=0 nl=1,2,
inc/event/res/passiveevent01/pas_kazi.txt#50#12,"よかった、ぼーっとしてる間に
火傷しなくて……。","太庆幸了，走神发愣的那会儿
没有被火星烫伤……。",translated,依恩,4c06173c9e,br=0 nl=1,2,
inc/event/res/passiveevent01/pas_kazi.txt#52#12,……あ、あれれ？,……诶、咦咦？,translated,依恩,dbb75cb569,br=0 nl=0,1,
inc/event/res/passiveevent01/pas_kazi.txt#53#12,そ、そうだ、今って鍛冶の最中だったよね！,对、对呀，我现在正在热火朝天地打铁呢！,translated,依恩,715f182e03,br=0 nl=0,1,
inc/event/res/passiveevent01/pas_kazi.txt#54#12,"いつの間にかぼーっとしちゃってたみたい。
う～、危険な作業なんだから、
集中しないといけないのに……。","不知不觉间好像发起呆来了。
呜～明明是这么危险的硬核作业，
必须全神贯注才对的说……。",translated,依恩,435a09f898,br=0 nl=2,3,
inc/event/res/passiveevent01/pas_kazi.txt#56#12,……きゃっ！？,……呀啊！？,translated,依恩,f9abf31480,br=0 nl=0,1,
inc/event/res/passiveevent01/pas_kazi.txt#57#12,"こ、声かけてくれてありがと……。
いつの間にかぼーっとしちゃってたみたい。","谢、谢谢你出声喊醒我……。
不知不觉间我好像整个人都呆住了。",translated,依恩,2f11990dbc,br=0 nl=1,2,
inc/event/res/passiveevent01/pas_kazi.txt#58#12,"でも、まさか鍛冶の途中でぼーっと
できるなんて……ちょっとびっくりだね。","不过，真没想到在打铁中途居然也能走神发呆，
连我自己都觉得不可思议呢。",translated,依恩,8adcc79e1f,br=0 nl=1,2,
inc/event/res/passiveevent01/pas_kenma.txt#6#12,"やっぱり紙やすりで少しずつ
削るのが一番好きかも。","用砂纸一点一点细细打磨，
果然才是我最喜欢的环节呢。",translated,依恩,a7d89e6e3e,br=0 nl=1,2,
inc/event/res/passiveevent01/pas_kenma.txt#7#12,"最初は荒いので削って、
段々細かいのに変えていくと、
最後はツルツルになるんだよね。","先用粗砂纸粗磨定型，
再循序渐进换成高目数细砂纸，
最后表面就会变得光溜溜滑溜溜的呢。",translated,依恩,dca95fea36,br=0 nl=2,3,
inc/event/res/passiveevent01/pas_kenma.txt#8#12,"あの少しずつ滑らかになっていく感じが、
気持ちいいよね。","那种触感一点点变得细腻顺滑的渐进过程，
真的超级令人心情愉悦呢。",translated,依恩,233d3f0b88,br=0 nl=1,2,
inc/event/res/passiveevent01/pas_kenma.txt#10#12,"わたし、こういう黙々とできる作業って
好きなの。","我其实很喜欢这种
能够心无旁骛默默埋头做下去的活儿哦。",translated,依恩,bd199cde2f,br=0 nl=1,2,
inc/event/res/passiveevent01/pas_kenma.txt#11#12,"こういう単純作業って意外と大変だけど、
研磨だったら丸一日でも続けられるかも。","像这种重复劳动其实挺磨人的，
但要是打磨抛光的话，我通宵磨一整天都行。",translated,依恩,783880d443,br=0 nl=1,2,
inc/event/res/passiveevent01/pas_kenma.txt#13#12,"この作業って凄く集中できるから、
周りの声とかに気が付かないことがあるの。","这项作业能让人全神贯注投入，
有时甚至会完全听不到周围人的呼喊呢。",translated,依恩,8c8a66db44,br=0 nl=1,2,
inc/event/res/passiveevent01/pas_kenma.txt#14#12,"どうしてもやり始めると夢中になっちゃうん
だよね、こういう作業って……。","一旦动手开磨整个人就会彻底着迷沦陷，
这类手工作业就是有这种魔力呢……。",translated,依恩,383e8d4b1b,br=0 nl=1,2,
inc/event/res/passiveevent01/pas_kenma.txt#16#12,"長時間研磨し続けた場所って、
熱を持って熱くなるんだよね。","长时间反复剧烈摩擦打磨的部位，
会因为发热而变得滚烫发热对吧。",translated,依恩,76b3915bd9,br=0 nl=1,2,
inc/event/res/passiveevent01/pas_kenma.txt#17#12,"初めてそれを知った時は、どれだけ熱くなる
のかを確かめるために、意味もなくひたすら
研磨し続けたっけ。","第一次发现这个物理现象时，
为了探究究竟能摩擦到多烫，
我还曾毫无意义地一个劲猛磨个没完呢。",translated,依恩,98af04e3ab,br=0 nl=2,3,
inc/event/res/passiveevent01/pas_kenma.txt#18#12,"まあ、手でやるには限界があるけどね。
でも、誰でも一回はやるでしょ？","嘛，光靠双手手工打磨也是有极限的啦。
不过每个人小时候肯定都试过一次对吧？",translated,依恩,667ec169c9,br=0 nl=1,2,
inc/event/res/passiveevent01/pas_kenma.txt#20#12,"研磨って、終わった後も何となく気になって
延々と削り続けたくなっちゃうよね？","打磨这活儿，即便已经磨好了也总觉得在意，
会让人忍不住想要无休止继续磨下去对吧？",translated,依恩,fb69cdd123,br=0 nl=1,2,
inc/event/res/passiveevent01/pas_kenma.txt#21#12,"まだまだスベスベになるかもしれないって
ついつい思っちゃって。","总会情不自禁地觉得：
“说不定还能打磨得更加光亮顺滑呢”。",translated,依恩,0f46bb573f,br=0 nl=1,2,
inc/event/res/passiveevent01/pas_kenma.txt#22#12,"だから、まだまだいけそう、と思った時が
やめ時だって思うようにしてるの。","所以只要心里产生“还能再磨磨”的念头时，
我就告诫自己该果断收手停工了。",translated,依恩,a4e5daa941,br=0 nl=1,2,
inc/event/res/passiveevent01/pas_kenma.txt#24#12,えへへ、研磨作業ってのめりこむよね。,诶嘿嘿，打磨抛光真的很让人沉迷陶醉呢。,translated,依恩,49a76b33ab,br=0 nl=0,1,
inc/event/res/passiveevent01/pas_kenma.txt#25#12,"こう、削ったところを時々触って、段々と
滑らかになっていくのがわかると、もっと
もっとスベスベにしたくなっちゃうの。","偶尔摸一摸打磨过的地方，
切身感受到表面正逐步变得滑溜溜，
就会越来越想把它磨得更加光洁顺滑呢。",translated,依恩,61e35c74f1,br=0 nl=2,3,
inc/event/res/passiveevent01/pas_kenma.txt#26#12,"……こういう作業が好きな女の子って、
変……じゃないよね？","……喜欢这种硬核打磨手作的女孩子，
应该……不算怪人吧？",translated,依恩,6af7c40924,br=0 nl=1,2,
inc/event/res/passiveevent01/pas_kenma.txt#28#12,大分スベスベになってきたかな……？,已经磨得相当光滑平整了吧……？,translated,依恩,0a037af020,br=0 nl=0,1,
inc/event/res/passiveevent01/pas_kenma.txt#29#12,"でも研磨は、スベスベになり始めてからが
大切なんだよ。","不过打磨工程，恰恰是从手感变顺滑后
才正式进入关键核心阶段的哦。",translated,依恩,3e8b4c56f1,br=0 nl=1,2,
inc/event/res/passiveevent01/pas_kenma.txt#30#12,"削り方を変えて、スベスベがピカピカに
なるようにするの。","变换不同的研磨手法与砂纸目数，
将平滑的哑光彻底抛光成锃亮的反光镜面。",translated,依恩,02f03f2f0f,br=0 nl=1,2,
inc/event/res/passiveevent01/pas_kenma.txt#32#12,えへへ、いい感じ♪,诶嘿嘿，感觉相当不错哦♪,translated,依恩,938bf75fe2,br=0 nl=0,1,
inc/event/res/passiveevent01/pas_kenma.txt#33#12,"順調に研磨作業は進んでるよ。
こういう作業って得意なの。","打磨作业正非常顺利地推进中哦。
像这种手艺活我向来都很拿手呢。",translated,依恩,b2c7bb4a3f,br=0 nl=1,2,
inc/event/res/passiveevent01/pas_kenma.txt#34#12,"研磨だったら、人よりうまくやれる
自信があるかも……。","单论打磨抛光的技术，
我自信甚至能比一般人都做得更出色呢……。",translated,依恩,949b85ec4e,br=0 nl=1,2,
inc/event/res/passiveevent01/pas_kenma.txt#35#12,えへへ、ちょっと調子に乗っちゃったかな。,诶嘿嘿，我好像稍微有点得意忘形吹过头啦。,translated,依恩,ad19301362,br=0 nl=0,1,
inc/event/res/passiveevent01/pas_kenma.txt#37#12,ふんふふんふふ～ん♪,呼嗯呼嗯呼呼～嗯♪,translated,依恩,1f39182383,br=0 nl=0,1,
inc/event/res/passiveevent01/pas_kenma.txt#38#12,えへへ、やっぱり研磨って楽しいね。,诶嘿嘿，打磨这手艺果然超级好玩呢。,translated,依恩,7eda7d661d,br=0 nl=0,1,
inc/event/res/passiveevent01/pas_kenma.txt#39#12,"この少しずつ削ってく、ジャッジャッって
音が堪らないの。","这种一点点打磨时发出的沙沙声，
真的超级让人欲罢不能呢。",translated,依恩,85d5792612,br=0 nl=1,2,
inc/event/res/passiveevent01/pas_kenma.txt#40#12,"やっぱりわたしって、こういう作業の方が
向いてるんだなぁって思うよ。","我果然还是更适合做这种
安安静静动手打磨的手工活呢。",translated,依恩,56323f5f29,br=0 nl=1,2,
inc/event/res/passiveevent01/pas_kenma.txt#42#12,……あれ？,……咦？,translated,依恩,7400bc39fd,br=0 nl=0,1,
inc/event/res/passiveevent01/pas_kenma.txt#43#12,い、いけない、ぼーっとしちゃってたよ！,糟、糟了，我刚才完全走神发呆了！,translated,依恩,07b71bb94e,br=0 nl=0,1,
inc/event/res/passiveevent01/pas_kenma.txt#44#12,"うぅ、まだ全然削れてない。
始めた時間から結構経ってるのに……。","呜呜，表面还完全没磨好呢。
明明从动工开始都过去好久了的说……。",translated,依恩,553f84e6b5,br=0 nl=1,2,
inc/event/res/passiveevent01/pas_kenma.txt#45#12,"……まあ、磨き過ぎて失敗しちゃう
よりはマシだね。
今から大急ぎで作業するよ。","……嘛，总比磨过头磨坏翻车要好得多。
我现在立刻加紧赶工哦。",translated,依恩,41b6d044d9,br=0 nl=2,3,
inc/event/res/passiveevent01/pas_kenma.txt#47#12,っ！？,唔！？,translated,依恩,8853903117,br=0 nl=0,1,
inc/event/res/passiveevent01/pas_kenma.txt#48#12,"あ、危なかったぁ……。
気づくのが一瞬遅かったら、自分の手まで
研磨しちゃうところだったよ。","好、好险哪……。
反应要是慢了一瞬间，
连我自己的手都要一起磨脱皮了呢。",translated,依恩,19dba5e3ab,br=0 nl=2,3,
inc/event/res/passiveevent01/pas_kenma.txt#49#12,"危険な作業なんだから、もっと注意して
やらないとダメだよね。","既然是危险的打磨活，
不多加十二分小心可绝对不行呢。",translated,依恩,82dcdfbc89,br=0 nl=1,2,
inc/event/res/passiveevent01/pas_kenma.txt#51#12,……あ、あれっ？,……诶、奇怪？,translated,依恩,29485c0624,br=0 nl=0,1,
inc/event/res/passiveevent01/pas_kenma.txt#52#12,"……あ、危なく削りてるかと思ったけど、
なんとか大丈夫みたい。","……本以为一不留神磨坏了，
仔细一看好像总算勉强没事呢。",translated,依恩,4a9dad3015,br=0 nl=1,2,
inc/event/res/passiveevent01/pas_kenma.txt#53#12,ほんとにびっくりしたぁ……。,真真切切吓了我一大跳……。,translated,依恩,4b9b913b03,br=0 nl=0,1,
inc/event/res/passiveevent01/pas_kenma.txt#54#12,"ちょっと気が緩んでたみたい。
これからは気をつけるよ。","刚才精神稍微有点懈怠了。
接下来我会加倍小心的。",translated,依恩,c14c46bec7,br=0 nl=1,2,
inc/event/res/passiveevent01/pas_kenma.txt#56#12,っ！？,唔！？,translated,依恩,8853903117,br=0 nl=0,1,
inc/event/res/passiveevent01/pas_kenma.txt#57#12,"よ、よかったぁ……。
今、削らなくてもいい箇所を
研磨しようとしてたよ。","太、太好了……。
我刚才居然正打算把根本不用打磨的地方
也拿去大力狂磨呢。",translated,依恩,a3e37986fc,br=0 nl=2,3,
inc/event/res/passiveevent01/pas_kenma.txt#58#12,"ぼーっとしちゃってたのかな？
失敗しないように気をつけなくちゃ。","难道我又在发呆走神了吗？
可得留神千千万万别做砸了才行。",translated,依恩,b47207aadd,br=0 nl=1,2,
inc/event/res/passiveevent01/pas_kiru.txt#6#12,"切るのって簡単に見えるけど、
物によっては意外と難しいんだよね。","切菜看着似乎很简单，
但根据食材质地不同，其实意外地难切呢。",translated,依恩,d1bfa1eddc,br=0 nl=1,2,
inc/event/res/passiveevent01/pas_kiru.txt#7#12,今回のは……まあまあってところかな？,这次切的刀工……大概勉强算合格吧？,translated,依恩,d378b598f4,br=0 nl=0,1,
inc/event/res/passiveevent01/pas_kiru.txt#9#12,"包丁の切れ味、少し悪いかも……。
ちゃんと切ったように見えて、
くっついちゃってるときがるの。","菜刀的锋利度好像稍微有点钝了……
看着明明切断了，
底下却还藕断丝连连在一起呢。",translated,依恩,1fedc6f16b,br=0 nl=2,3,
inc/event/res/passiveevent01/pas_kiru.txt#10#12,"でも、あんまり切れ味のいい包丁だと、
間違って指を切っちゃった時に怖いし……。","不过要是刀刃磨得太过于锋利，
万一不小心切到手指那可就太吓人了……。",translated,依恩,0316b8fd8d,br=0 nl=1,2,
inc/event/res/passiveevent01/pas_kiru.txt#11#12,"よく切れる包丁は、
もっとお料理が上手になるまでお預けかな？","吹毛断发的快刀，
还是等我厨艺更加精湛后再用吧？",translated,依恩,91bf30adec,br=0 nl=1,2,
inc/event/res/passiveevent01/pas_kiru.txt#13#12,"う～、切った材料が包丁にくっついて
邪魔だよぉ……。","呜～，切好的食材老粘在刀刃上，
真的超级碍事呀……。",translated,依恩,1c7cbf089e,br=0 nl=1,2,
inc/event/res/passiveevent01/pas_kiru.txt#14#12,"やっぱり穴の空いてる包丁を
用意するべきかな？","我是不是果然该去买一把
带防粘气孔的专用菜刀呢？",translated,依恩,d2e1d36a77,br=0 nl=1,2,
inc/event/res/passiveevent01/pas_kiru.txt#15#12,"といっても、くっつくときはくっつくし、
関係ないかも……。","不过话说回来，该粘的时候照样会粘，
说不定根本无关紧要呢……。",translated,依恩,5c1e469aa8,br=0 nl=1,2,
inc/event/res/passiveevent01/pas_kiru.txt#17#12,ふんふふんふふ～ん♪,呼嗯呼嗯呼呼～嗯♪,translated,依恩,1f39182383,br=0 nl=0,1,
inc/event/res/passiveevent01/pas_kiru.txt#18#12,"えへへ、どうかな？
料理上手に見えるでしょ？","诶嘿嘿，怎么样？
我现在看着很像个烹饪大厨吧？",translated,依恩,e96a111289,br=0 nl=1,2,
inc/event/res/passiveevent01/pas_kiru.txt#20#12,ら、ららんら……ららん……♪,啦、啦啦啦……啦啦……♪,translated,依恩,46bf799da1,br=0 nl=0,1,
inc/event/res/passiveevent01/pas_kiru.txt#21#12,……あ、あれ？,……诶、奇怪？,translated,依恩,c377f5e95d,br=0 nl=0,1,
inc/event/res/passiveevent01/pas_kiru.txt#22#12,リズムおかしくなっちゃった。,哼唱的节拍莫名其妙乱掉了。,translated,依恩,94c6670e63,br=0 nl=0,1,
inc/event/res/passiveevent01/pas_kiru.txt#23#12,み、見てたんだ？,你、你一直在看吗？,translated,依恩,941167ea02,br=0 nl=0,1,
inc/event/res/passiveevent01/pas_kiru.txt#24#12,"えへへ、恥ずかしいところ
見られちゃった……。","诶嘿嘿，又被你瞧见
难为情丢脸的一幕了……。",translated,依恩,41d9833f27,br=0 nl=1,2,
inc/event/res/passiveevent01/pas_kiru.txt#25#12,"歌いながらやればリズムに乗って、
上手に切れるかなって思ったんだけど――","本以为踩着哼歌的节拍，
切菜能切得更加顺畅漂亮呢――",translated,依恩,ee64cd5c91,br=0 nl=1,2,
inc/event/res/passiveevent01/pas_kiru.txt#26#12,思ってたより、うまくいかないみたい。,实际做起来似乎远没有想象中顺利呢。,translated,依恩,737a662f19,br=0 nl=0,1,
inc/event/res/passiveevent01/pas_kiru.txt#28#12,……きゃっ！？,……呀啊！？,translated,依恩,f9abf31480,br=0 nl=0,1,
inc/event/res/passiveevent01/pas_kiru.txt#29#12,"び、びっくりしたぁ……。
ぼーっとしてて気づかな……っ！？","吓、吓我一大跳……。
刚才发愣完全没注……等等！？",translated,依恩,5a9f304ebc,br=0 nl=1,2,
inc/event/res/passiveevent01/pas_kiru.txt#30#12,"そ、そうだよ！
今包丁使ってたんだよ、わたし！","对、对呀！
我现在手里可是正拿着菜刀呢！",translated,依恩,bf982d641c,br=0 nl=1,2,
inc/event/res/passiveevent01/pas_kiru.txt#31#12,"よかったぁ……ぼーっとしてる間に
指を切ったりしてなくて。","太庆幸了……走神的时候
没有切到手指流血。",translated,依恩,8b48988128,br=0 nl=1,2,
inc/event/res/passiveevent01/pas_kiru.txt#32#12,"……ケガしたくないし、
本当に気をつけよう……","……我可不想挂彩受伤，
真得打起十二分精神了……",translated,依恩,f171bab91f,br=0 nl=1,2,
inc/event/res/passiveevent01/pas_kiru.txt#34#12,……あ、危ない！,……好、好危险！,translated,依恩,c1845bf5e6,br=0 nl=0,1,
inc/event/res/passiveevent01/pas_kiru.txt#35#12,はぁ～……あ、危なかったよぉ。,哈啊～……真、真是太惊险了啦。,translated,依恩,3b34a457d3,br=0 nl=0,1,
inc/event/res/passiveevent01/pas_kiru.txt#36#12,"ぼーっとしてて気づかなかったけど、
指先が刃の下に入っちゃってたの。","刚才发呆完全没留神，
手指肚居然不知不觉伸到刀刃底下了。",translated,依恩,9c866ee29f,br=0 nl=1,2,
inc/event/res/passiveevent01/pas_kiru.txt#37#12,もし知らずに動かしてたら……。,刚才要是无意识直接一刀切下去……。,translated,依恩,55243ca033,br=0 nl=0,1,
inc/event/res/passiveevent01/pas_kiru.txt#38#12,"……も、もう絶対ぼーっとしないよ。
取り返しの付かないことになる前にね。","……我、我绝对再也不敢发呆了。
在酿成不可挽回的大祸之前呢。",translated,依恩,3e67e5c8e9,br=0 nl=1,2,
inc/event/res/passiveevent01/pas_kiru.txt#40#12,……あれ？,……咦？,translated,依恩,7400bc39fd,br=0 nl=0,1,
inc/event/res/passiveevent01/pas_kiru.txt#41#12,"な、何してたんだろう？
いつの間にかぼーっとしちゃってたみたい。","我、我刚才在干嘛呢？
不知不觉间整个人好像都愣住了。",translated,依恩,f892252df3,br=0 nl=1,2,
inc/event/res/passiveevent01/pas_kiru.txt#42#12,"はぁ……まだ全然切り終わってないし……。
始めてすぐにぼーっとしちゃってたって
ことかな？","唉……材料还完全没切完呢……。
难不成我才刚动刀没两下
就直接开始发呆走神了吗？",translated,依恩,1b79229e00,br=0 nl=2,3,
inc/event/res/passiveevent01/pas_kiru.txt#43#12,"……考えてても仕方ないか。
早く切っちゃおっと。","……光自责也没用。
我得赶紧把它们全部切完啦。",translated,依恩,a98a690109,br=0 nl=1,2,
inc/event/res/passiveevent01/pas_kiru.txt#45#12,……んっ！？,……嗯！？,translated,依恩,5bc63804b4,br=0 nl=0,1,
inc/event/res/passiveevent01/pas_kiru.txt#46#12,"びっくりしたぁ！
急に声をかけられたから心臓が
本当に跳ね上がった感じがしたよ！","吓死我了！
你突然出声喊我，
我感觉心脏都差点直接跳出来了啦！",translated,依恩,35363591a8,br=0 nl=2,3,
inc/event/res/passiveevent01/pas_kiru.txt#47#12,"……って、え？
ぼーっとして手が止まってた？","……等等，诶？
我刚才发愣手上停下来了吗？",translated,依恩,a31a2c7291,br=0 nl=1,2,
inc/event/res/passiveevent01/pas_kiru.txt#48#12,"……え、えへへ……。
真面目に切りまーす。","……诶、诶嘿嘿……。
我会老老实实认认真真切的啦～。",translated,依恩,4ee6b6857e,br=0 nl=1,2,
inc/event/res/passiveevent01/pas_koneru.txt#6#12,"こ、こねるのって、凄く疲れるね。
汗だくだよぉ……。","揉、揉面这活儿，真的超级累人呢。
累得我满头大汗啦……。",translated,依恩,0226ed6d80,br=0 nl=1,2,
inc/event/res/passiveevent01/pas_koneru.txt#8#12,"ふんっ！
たあっ！","喝啊！
嘿呀！",translated,依恩,b3505bbce2,br=0 nl=1,2,
inc/event/res/passiveevent01/pas_koneru.txt#9#12,ふぅ、こねるのって楽しいね。,呼，使劲揉面其实还挺痛快的呢。,translated,依恩,d72162a521,br=0 nl=0,1,
inc/event/res/passiveevent01/pas_koneru.txt#10#12,何かこう、ストレス発散できる気がするの。,总觉得特别能够发泄心中的压力呢。,translated,依恩,8d44eceaa6,br=0 nl=0,1,
inc/event/res/passiveevent01/pas_koneru.txt#12#12,"こ、この作業を一日中続けたら、体が凄い
筋肉質になっちゃうかも……。","要、要是整天不停揉面揉上一整天，
身上说不定会练出大块大块的肌肉呢……。",translated,依恩,631c0426f5,br=0 nl=1,2,
inc/event/res/passiveevent01/pas_koneru.txt#13#12,"男の子ならまだしも、女の子のわたしには
あんまり嬉しくないかも……。","男孩子倒也罢了，但作为女孩子的我
可一点都高兴不起来就是了……。",translated,依恩,bb65c85e6e,br=0 nl=1,2,
inc/event/res/passiveevent01/pas_koneru.txt#15#12,"料理人の中には、一日中何かを
こね続けている人もいるんだよね？","在专业厨师里，好像也有人整天
都在不停揉搓各种面团对吧？",translated,依恩,3fd2233641,br=0 nl=1,2,
inc/event/res/passiveevent01/pas_koneru.txt#16#12,"それを考えると、凄く尊敬できるよ。
こんな重労働を一日中できるなんて、
わたしからしたら超人だよ。","这么一想，我真的很佩服他们呢。
能坚持一整天干这种高强度体力活，
在我眼里简直就是超人啦。",translated,依恩,f469de3cfd,br=0 nl=2,3,
inc/event/res/passiveevent01/pas_koneru.txt#18#12,はぁ、はぁ……。,哈啊、哈啊……,translated,依恩,de0e6831f3,br=0 nl=0,1,
inc/event/res/passiveevent01/pas_koneru.txt#19#12,"う、歌いながらこねるのって、
結構辛いかも……。","边、边哼着歌边用力揉面，
感觉还挺吃力的呢……。",translated,依恩,4c4427c1c8,br=0 nl=1,2,
inc/event/res/passiveevent01/pas_koneru.txt#20#12,"でも、疲れを忘れるには歌うのが一番だし、
もう少し頑張ってみるね。","不过想要忘却疲倦唱歌最管用了，
我再稍微加把劲坚持一下哦。",translated,依恩,ed5badf37f,br=0 nl=1,2,
inc/event/res/passiveevent01/pas_koneru.txt#22#12,こ～ねこ～ねも～ちも～ち♪,揉～啊揉～软～又糯～♪,translated,依恩,5fc71d1666,br=0 nl=0,1,
inc/event/res/passiveevent01/pas_koneru.txt#23#12,……あっ！,……啊！,translated,依恩,4a070a8e1b,br=0 nl=0,1,
inc/event/res/passiveevent01/pas_koneru.txt#24#12,"今はこねる作業をずっとやってるんだけど、
これ、結構疲れるの……。","我现在一直在持续用力揉面，
这活儿其实超级耗费力气呢……。",translated,依恩,4228372960,br=0 nl=1,2,
inc/event/res/passiveevent01/pas_koneru.txt#25#12,はぁ、あなたと一緒に作れたらなぁ……。,唉，要是能和你一起动手做就好了呢……。,translated,依恩,8e13a5a803,br=0 nl=0,1,
inc/event/res/passiveevent01/pas_koneru.txt#27#12,……はっ！？,……哈！？,translated,依恩,e6442d228e,br=0 nl=0,1,
inc/event/res/passiveevent01/pas_koneru.txt#28#12,"え、えへへ……ちょっと休憩してたら、
いつの間にかぼーっとしちゃってたみたい。","诶、诶嘿嘿……刚才本想稍微喘口气，
不知不觉间整个人就呆住了。",translated,依恩,bc9cd23274,br=0 nl=1,2,
inc/event/res/passiveevent01/pas_koneru.txt#29#12,"ほら、こねるのって力がいるでしょ？
それで疲れちゃったから休憩してたら
そのままぼーっとしちゃってたみたい。","毕竟揉面可是很费力气的体力活嘛？
累坏了坐下歇会儿，
结果坐着坐着整个人就放空犯困了。",translated,依恩,d8eac24582,br=0 nl=2,3,
inc/event/res/passiveevent01/pas_koneru.txt#30#12,"でももう大丈夫。
頑張ってこねるよ！","不过现在已经没事啦。
我会鼓起干劲用力揉的！",translated,依恩,d872ed621f,br=0 nl=1,2,
inc/event/res/passiveevent01/pas_koneru.txt#32#12,……えっ？,……诶？,translated,依恩,2347919e33,br=0 nl=0,1,
inc/event/res/passiveevent01/pas_koneru.txt#33#12,う、うん、こねるんだよね？,嗯、嗯，是要继续揉面对吧？,translated,依恩,f1edc20bba,br=0 nl=0,1,
inc/event/res/passiveevent01/pas_koneru.txt#34#12,"えへへ、
ちょっとだけぼーっとしちゃってたよ。
いけないいけない。","诶嘿嘿，
稍微有点走神发呆了啦。
糟了糟了。",translated,依恩,5cccd4c76c,br=0 nl=2,3,
inc/event/res/passiveevent01/pas_koneru.txt#36#12,……ほえ？,……哈啊？,translated,依恩,debb32cf42,br=0 nl=0,1,
inc/event/res/passiveevent01/pas_koneru.txt#37#12,"え、えへへ……ぼーっとし過ぎて、
変なこと言っちゃった。","诶、诶嘿嘿……走神走得太严重，
随口说了莫名其妙的话呢。",translated,依恩,0beaf45492,br=0 nl=1,2,
inc/event/res/passiveevent01/pas_koneru.txt#38#12,"ちゃんと作業に戻るから、今のは
聞かなかったことにしてね？","我这就回到正题专心干活，
刚才那句就当做没听到好不好？",translated,依恩,b13d682c7a,br=0 nl=1,2,
inc/event/res/passiveevent01/pas_koneru.txt#40#12,ふぁ……。,哈欠……,translated,依恩,40dc415bdf,br=0 nl=0,1,
inc/event/res/passiveevent01/pas_koneru.txt#41#12,"なんか、いつの間にかぼーっと
しちゃってたみたいで、少しだけ
眠いかも……。","不知不觉就发起呆来了，
感觉甚至开始有那么一点点犯困了呢……。",translated,依恩,b804a62f2a,br=0 nl=2,3,
inc/event/res/passiveevent01/pas_koneru.txt#42#12,"ちょっと気合入れてこねて、
眠気を飛ばさないとね。
よぉし、がんばろう～。","得稍微打起精神用力揉，
把瞌睡虫全给赶跑才行。
好嘞～加油干咯～。",translated,依恩,e7113fc52b,br=0 nl=2,3,
inc/event/res/passiveevent01/pas_kongou.txt#6#12,"これはそこまで難しい作業じゃ
ないから安心できるよ。","这个步骤并不是什么特别复杂的难事，
所以可以安心不少呢。",translated,依恩,64683c7bdb,br=0 nl=1,2,
inc/event/res/passiveevent01/pas_kongou.txt#7#12,"物によってはそんな簡単にいかないのも
あったりするけど――","虽说根据原料配方不同，
偶尔也会遇到没那么容易搞定的情况就是了――",translated,依恩,31000c6376,br=0 nl=1,2,
inc/event/res/passiveevent01/pas_kongou.txt#8#12,基本的に、混ぜればいいだけだからね。,不过基本上只要均匀搅拌混合在一起就行了嘛。,translated,依恩,2859bfa19b,br=0 nl=0,1,
inc/event/res/passiveevent01/pas_kongou.txt#10#12,混合物ってどんな物か、すぐに出てくる？,提到“混合物”，你能立马想到什么东西吗？,translated,依恩,9c29711ba4,br=0 nl=0,1,
inc/event/res/passiveevent01/pas_kongou.txt#11#12,"わからない時は、自分の身近にある混合物を
思い浮かべてみてね。","要是想不出来，不妨从身边最熟悉的
那些混合物开始联想看看哦。",translated,依恩,90f24f2694,br=0 nl=1,2,
inc/event/res/passiveevent01/pas_kongou.txt#12#12,"一番身近なものだと、
塩水と土ってところかな？","最贴近日常生活的大概就是
盐水和泥土这类事物吧？",translated,依恩,59bb8668ef,br=0 nl=1,2,
inc/event/res/passiveevent01/pas_kongou.txt#14#12,はぁ、全然混ざってくれないの……。,唉，完全融不到一块去呢……。,translated,依恩,3c460a5e0c,br=0 nl=0,1,
inc/event/res/passiveevent01/pas_kongou.txt#15#12,"すぐ混ざり合ってくれるかと思ってたけど、
これは思ったより時間が掛かりそうかも。","本以为很快就能相互融合，
但这原料似乎比想象中更费工夫呢。",translated,依恩,385891f29d,br=0 nl=1,2,
inc/event/res/passiveevent01/pas_kongou.txt#17#12,"こうやって少しずつ混ざり合っていくのを
見ていると、楽しくなってくるよ。","像这样静静看着它们一点点融为一体，
心情也会逐渐变得开心起来哦。",translated,依恩,9dace290bd,br=0 nl=1,2,
inc/event/res/passiveevent01/pas_kongou.txt#18#12,"コーヒーに入れたミルクが、少しずつ
混ざり合って行くのを見ているような
気分って感じかな？","就仿佛看着倒进咖啡里的牛奶
在杯中缓缓晕开融化一样的奇妙感觉对吧？",translated,依恩,a4d6e5459d,br=0 nl=2,3,
inc/event/res/passiveevent01/pas_kongou.txt#19#12,不思議とワクワクするんだよね、あれ。,那种景象真的会莫名让人感到兴奋雀跃呢。,translated,依恩,a38c7e8132,br=0 nl=0,1,
inc/event/res/passiveevent01/pas_kongou.txt#21#12,"中々混ざってくれなくて、ちょっと、
退屈になってきちゃってるかな。","迟迟都融不到一块儿去，
搞得我稍微有点闲得发慌无聊了呢。",translated,依恩,415e50bdf7,br=0 nl=1,2,
inc/event/res/passiveevent01/pas_kongou.txt#23#12,ん～ふんふふ～ふ～♪,嗯～呼嗯呼呼～呼～♪,translated,依恩,3ab610df47,br=0 nl=0,1,
inc/event/res/passiveevent01/pas_kongou.txt#24#12,"えへへ、なんか思ったよりもいい感じに
混ざってくれてるから、気分がいいの。","诶嘿嘿，混合的效果比预想中还要完美顺畅，
我现在心情超好哦。",translated,依恩,2ef45d5062,br=0 nl=1,2,
inc/event/res/passiveevent01/pas_kongou.txt#25#12,思ったより早く終わっちゃうかな？,说不定能比预计的更早搞定收工呢？,translated,依恩,6caebb1e04,br=0 nl=0,1,
inc/event/res/passiveevent01/pas_kongou.txt#26#12,"……でも、念には念を入れた方が、
失敗する可能性は低くなるよね。","……不过谨慎细致一点多搅一会儿，
翻车的几率总归会更低嘛。",translated,依恩,aed8d8e310,br=0 nl=1,2,
inc/event/res/passiveevent01/pas_kongou.txt#28#12,何だか、実験を思い出しちゃった。,总觉得让人回想起了以前做过的实验呢。,translated,依恩,0224f62f9a,br=0 nl=0,1,
inc/event/res/passiveevent01/pas_kongou.txt#29#12,"混合物を作った後、
今度はすぐにそれを分離するっていうの。","调配出混合物之后，
紧接着又要立刻想办法把它们分离出来的那种。",translated,依恩,78f08db778,br=0 nl=1,2,
inc/event/res/passiveevent01/pas_kongou.txt#30#12,実験って凄く楽しいよね……。,搞科学实验真的超级有意思呢……。,translated,依恩,1fdd014bfe,br=0 nl=0,1,
inc/event/res/passiveevent01/pas_kongou.txt#32#12,"混ざりにくそうな材料かもって
思ったんだけど、順調に進んでるよ。","虽然原本觉得这材料可能很难搅匀，
但目前进展得非常顺利哦。",translated,依恩,7ec147e9b5,br=0 nl=1,2,
inc/event/res/passiveevent01/pas_kongou.txt#33#12,"やっぱり、作業がスムーズに行くと
嬉しくなるよね。","果然只要工程进展顺利，
整个人就会倍感开心呢。",translated,依恩,d29b106a86,br=0 nl=1,2,
inc/event/res/passiveevent01/pas_kongou.txt#35#12,……きゃっ！？,……呀啊！？,translated,依恩,f9abf31480,br=0 nl=0,1,
inc/event/res/passiveevent01/pas_kongou.txt#36#12,"もう、歌ってるところ見られるのって、
結構恥ずかしいのにぃ……。","真是的，自己自顾自唱歌被人看到，
其实超级令人害羞的啦……。",translated,依恩,3338b8124e,br=0 nl=1,2,
inc/event/res/passiveevent01/pas_kongou.txt#37#12,"混合って結構時間が掛かりそうだったけど、
簡単に混ざりそうなの。","本以为混合搅拌要花好长时间，
没想到意外地容易融合呢。",translated,依恩,7df146f90b,br=0 nl=1,2,
inc/event/res/passiveevent01/pas_kongou.txt#38#12,"それで嬉しくなっちゃって……。
歌だって歌いたくなるよ。","所以一时高兴起来……
自然就忍不住想大声哼两句歌嘛。",translated,依恩,2f3c542196,br=0 nl=1,2,
inc/event/res/passiveevent01/pas_kongou.txt#39#12,"毎回こんな感じでスムーズに進んでくれると
いいのになぁ……。","要是每一次调配作业都能这么一帆风顺
那该有多美呀……。",translated,依恩,112c4d5982,br=0 nl=1,2,
inc/event/res/passiveevent01/pas_kongou.txt#41#12,……きゃっ！？,……呀啊！？,translated,依恩,f9abf31480,br=0 nl=0,1,
inc/event/res/passiveevent01/pas_kongou.txt#42#12,ふぅ、ちょっとびっくりしたよ。,呼，稍微吓了我一小跳呢。,translated,依恩,ce2e9967cd,br=0 nl=0,1,
inc/event/res/passiveevent01/pas_kongou.txt#43#12,"わたし、ぼーっとしながら
作業してたみたい。","我刚才好像脑子完全放空发愣
在机械地动着手呢。",translated,依恩,5d3647f5ea,br=0 nl=1,2,
inc/event/res/passiveevent01/pas_kongou.txt#44#12,だから、まだ全然混ざってないの……。,所以底下其实根本就还没搅拌均匀呢……。,translated,依恩,8aceefe578,br=0 nl=0,1,
inc/event/res/passiveevent01/pas_kongou.txt#45#12,"ただ手を動かしていればいいってわけじゃ
ないみたいだね。反省するよ。","看来光是一味机械地乱搅可不行呢。
我会好好反省的。",translated,依恩,fab158e39a,br=0 nl=1,2,
inc/event/res/passiveevent01/pas_kongou.txt#47#12,……きゃっ！？,……呀啊！？,translated,依恩,f9abf31480,br=0 nl=0,1,
inc/event/res/passiveevent01/pas_kongou.txt#48#12,"あ～、びっくりしたぁ……。
ぼーっとしてたから、驚いちゃったよ。","啊～吓我一跳……。
刚才正好在走神发愣，被结结实实惊到了啦。",translated,依恩,75557afc5b,br=0 nl=1,2,
inc/event/res/passiveevent01/pas_kongou.txt#49#12,混合って単純作業でしょ？,毕竟混合搅拌是纯粹的机械重复劳动嘛？,translated,依恩,d74b1915a2,br=0 nl=0,1,
inc/event/res/passiveevent01/pas_kongou.txt#50#12,"だからいつの間にか
気が抜けちゃったみたい。",不知不觉间整个人就泄了劲走神了。,translated,依恩,3ce5bddac0,br=0 nl=1,2,
inc/event/res/passiveevent01/pas_kongou.txt#51#12,"ごめんなさい。
今からちゃんとやりまーす。","对不起啦。
我现在开始会认认真真好好搅的啦～。",translated,依恩,1430d487dc,br=0 nl=1,2,
inc/event/res/passiveevent01/pas_kongou.txt#53#12,……うん？,……嗯？,translated,依恩,7ebfcc914c,br=0 nl=0,1,
inc/event/res/passiveevent01/pas_kongou.txt#54#12,"大丈夫大丈夫。
ちょっとぼーっとしちゃってただけだよ。","没事没事。
我只是稍微发了会儿呆而已哦。",translated,依恩,3864a762e4,br=0 nl=1,2,
inc/event/res/passiveevent01/pas_kongou.txt#55#12,今は混合の作業の途中だよね？,现在正在进行混合工序对吧？,translated,依恩,30de8b53b4,br=0 nl=0,1,
inc/event/res/passiveevent01/pas_kongou.txt#56#12,"手を止めちゃってた分、
今から頑張らないと！","刚才手上偷懒停下的功夫，
现在必须得加倍努力赶回来才行！",translated,依恩,03d2defcc6,br=0 nl=1,2,
inc/event/res/passiveevent01/pas_kongou.txt#58#12,……ん？,……嗯？,translated,依恩,632ec345ec,br=0 nl=0,1,
inc/event/res/passiveevent01/pas_kongou.txt#59#12,えへへ、ぼーっとしちゃってたみたい。,诶嘿嘿，我好像又发呆走神了。,translated,依恩,ce3c04c3f2,br=0 nl=0,1,
inc/event/res/passiveevent01/pas_kongou.txt#60#12,"中々混ざってくれないから、
飽きてきちゃったのかも……。","老是融不到一块儿去，
搞得我都有点不耐烦犯腻了呢……。",translated,依恩,f59bd95c19,br=0 nl=1,2,
inc/event/res/passiveevent01/pas_kongou.txt#61#12,"って、作業の途中でそんなこと言ったら
ダメだよね？","不对，干活中途说这种丧气话
可绝对不行对吧？",translated,依恩,131d67c8d9,br=0 nl=1,2,
inc/event/res/passiveevent01/pas_kongou.txt#62#12,"もうちょっと頑張ってみるよ。
……応援、よろしくね。","我再稍微加把劲坚持一下哦。
……要替我加油打气哦。",translated,依恩,3dcd8109a4,br=0 nl=1,2,
inc/event/res/passiveevent01/pas_maze.txt#6#12,"えへへ、泡だて器があるから
すぐに泡が立ってくれるよ。","诶嘿嘿，因为有打蛋器在，
很快就能打发出细腻的泡沫哦。",translated,依恩,c019c9915c,br=0 nl=1,2,
inc/event/res/passiveevent01/pas_maze.txt#7#12,手でやってると、疲れちゃうもんね。,纯靠手腕手动打的话，可是很累人的嘛。,translated,依恩,2e55e51a8e,br=0 nl=0,1,
inc/event/res/passiveevent01/pas_maze.txt#9#12,"何気なく泡だて器を使ってるけど、
これって意外と凄いよね。","虽然平时很自然地在使用打蛋器，
但这发明其实意外地很了不起呢。",translated,依恩,b75ce59ea2,br=0 nl=1,2,
inc/event/res/passiveevent01/pas_maze.txt#10#12,"これがあるとないとじゃ、
混ぜる大変さが全然違うもん。","有没有这工具，
搅拌打发的辛劳程度可是天壤之别呢。",translated,依恩,d4cd363bd0,br=0 nl=1,2,
inc/event/res/passiveevent01/pas_maze.txt#11#12,"普段何気なく使ってる日用品を
考えた人たちも、やっぱり凄いよね。","能构想出我们平时随手在用的各种日用品，
那些发明家果然都很厉害呢。",translated,依恩,6af1af2e85,br=0 nl=1,2,
inc/event/res/passiveevent01/pas_maze.txt#12#12,なんというか……発想の勝利、かな。,该怎么说呢……算得上是创意的胜利吧。,translated,依恩,ace2bf0906,br=0 nl=0,1,
inc/event/res/passiveevent01/pas_maze.txt#14#12,電動じゃない泡だて器の方がいいのかな？,是不是不用电动的普通手摇打蛋器会更好呢？,translated,依恩,d4d3665adb,br=0 nl=0,1,
inc/event/res/passiveevent01/pas_maze.txt#15#12,"だって、ただの泡だて器を持った女の子が
キッチンに立つ姿って、凄く様になる気が
しない？","你想啊，女孩子手里拿着普通的打蛋器
站在厨房里的模样，
不觉得格外有贤惠主妇的范儿吗？",translated,依恩,63206272b2,br=0 nl=2,3,
inc/event/res/passiveevent01/pas_maze.txt#17#12,わからない、かな？,难道你不觉得吗？,translated,依恩,d7cf2288a1,br=0 nl=0,1,
inc/event/res/passiveevent01/pas_maze.txt#19#12,"電動泡だて器の音って、
結構気持ちいいよね。","电动打蛋器嗡嗡作响的声音，
听起来还挺解压舒服的呢。",translated,依恩,14e5c23695,br=0 nl=1,2,
inc/event/res/passiveevent01/pas_maze.txt#20#12,"凄い泡立ててるぞ、っていうのが
よくわかるんだもん。","毕竟能切身体会到
“它正全力以赴高速打发”的感觉嘛。",translated,依恩,edc07df65a,br=0 nl=1,2,
inc/event/res/passiveevent01/pas_maze.txt#21#12,"でも、手でシャカシャカ泡立てる音も、
結構好きだよ。","不过徒手沙拉沙拉快速搅拌的声音，
我也挺喜欢的哦。",translated,依恩,0223556dd4,br=0 nl=1,2,
inc/event/res/passiveevent01/pas_maze.txt#22#12,ただ、向こうはちょっと大変だけど……。,只是徒手打确实会比较受累就是了……。,translated,依恩,aa5a6d3b0b,br=0 nl=0,1,
inc/event/res/passiveevent01/pas_maze.txt#24#12,ふ～ふっふふ～……♪,呼～呼呼呼～……♪,translated,依恩,d130093145,br=0 nl=0,1,
inc/event/res/passiveevent01/pas_maze.txt#25#12,えへへ、どう？,诶嘿嘿，怎么样？,translated,依恩,b86d19915b,br=0 nl=0,1,
inc/event/res/passiveevent01/pas_maze.txt#26#12,"歌いながら混ぜてると、
何となく料理の得意そうな女の子に
見えないかな？","一边哼着歌一边搅拌，
看着像不像一个精通烹饪料理的女孩呀？",translated,依恩,1b14b390da,br=0 nl=2,3,
inc/event/res/passiveevent01/pas_maze.txt#28#12,……きゃっ！？,……呀啊！？,translated,依恩,f9abf31480,br=0 nl=0,1,
inc/event/res/passiveevent01/pas_maze.txt#29#12,"み、見てたの！？
びっくりして零しそうになっちゃったよ。","你、你在看吗！？
吓得我差点把盆里的东西洒出来了啦。",translated,依恩,b6cea9e4e3,br=0 nl=1,2,
inc/event/res/passiveevent01/pas_maze.txt#30#12,歌うのに少し夢中になり過ぎたかな？,大概是我哼歌哼得有点太忘我了吧？,translated,依恩,3917fdf6d4,br=0 nl=0,1,
inc/event/res/passiveevent01/pas_maze.txt#32#12,"混ぜながら歌ってると、
何だか凄く楽しくなってくるの。","一边搅拌一边哼唱，
不知为何整个人就格外开心雀跃起来呢。",translated,依恩,0302d687ce,br=0 nl=1,2,
inc/event/res/passiveevent01/pas_maze.txt#33#12,"泡だて器がボールにぶつかると、
カカカカカッ、って音がするでしょ？","打蛋器撞在调理盆的内壁上，
会发出哒哒哒哒的清脆声响对吧？",translated,依恩,3f6517d85b,br=0 nl=1,2,
inc/event/res/passiveevent01/pas_maze.txt#34#12,"あれが伴奏の代わりになって、
ただ歌ってるよりも歌いやすいからかな？","那声音就像是天然的伴奏节拍，
所以唱起来感觉比干哼歌更顺口吧？",translated,依恩,22dcec8f9c,br=0 nl=1,2,
inc/event/res/passiveevent01/pas_maze.txt#36#12,ふぅ……。,呼……。,translated,依恩,a8365b834f,br=0 nl=0,1,
inc/event/res/passiveevent01/pas_maze.txt#37#12,"歌ってやれば平気かなと思ったけど、
やっぱり大変かも……。","本以为边唱边搅就能轻松应对，
但果然还是挺费劲的呢……。",translated,依恩,6d19f7a5be,br=0 nl=1,2,
inc/event/res/passiveevent01/pas_maze.txt#38#12,電動の泡だて器って、意外と重いからね。,电动打蛋器拿久了，意外地很压手呢。,translated,依恩,cced1089f5,br=0 nl=0,1,
inc/event/res/passiveevent01/pas_maze.txt#39#12,早く終わらせないと、腕が疲れちゃうよ。,不赶快弄好的话，胳膊都要酸死啦。,translated,依恩,c39cd19324,br=0 nl=0,1,
inc/event/res/passiveevent01/pas_maze.txt#41#12,……あ、あれ？,……诶、奇怪？,translated,依恩,c377f5e95d,br=0 nl=0,1,
inc/event/res/passiveevent01/pas_maze.txt#42#12,や、やだ、ぼーっとしちゃってたみたい！,讨厌啦，我刚才好像脑子完全发呆了！,translated,依恩,6ef0d3e32d,br=0 nl=0,1,
inc/event/res/passiveevent01/pas_maze.txt#43#12,あ～あ、まだ全然混ざってないし……。,啊～啊，盆里还完全没有搅匀呢……。,translated,依恩,32997d909a,br=0 nl=0,1,
inc/event/res/passiveevent01/pas_maze.txt#44#12,……集中しまーす。,……我会全神贯注的啦～。,translated,依恩,d02e667337,br=0 nl=0,1,
inc/event/res/passiveevent01/pas_maze.txt#46#12,……あ、あれれ！？,……诶、咦咦！？,translated,依恩,25d9096619,br=0 nl=0,1,
inc/event/res/passiveevent01/pas_maze.txt#47#12,"いけない、ぼーっとしちゃってたよ！
今って混ぜてるの最中だよね？","糟了，刚才居然发起呆来了！
现在可是在搅拌的关键当口对吧？",translated,依恩,99dcca1394,br=0 nl=1,2,
inc/event/res/passiveevent01/pas_maze.txt#48#12,"一度混ぜたものが分離したりするわけじゃ
ないけど、気をつけなきゃ……。","虽说已经搅匀的东西不至于马上分离，
但还是得小心提防才行……。",translated,依恩,6f2cdc3846,br=0 nl=1,2,
inc/event/res/passiveevent01/pas_maze.txt#50#12,"ご、ごめんなさい！
ぼ－っとしちゃってたよ！","对、对不起！
刚才一不留神走神发愣了啦！",translated,依恩,a0286cb5a0,br=0 nl=1,2,
inc/event/res/passiveevent01/pas_maze.txt#51#12,"腕が疲れちゃったから、
少し休憩するだけのつもりだったのに……。","因为胳膊实在太酸了，
原本只是打算稍微歇一歇的……。",translated,依恩,293530ae7a,br=0 nl=1,2,
inc/event/res/passiveevent01/pas_maze.txt#52#12,"はぁ……。
ちゃんとやらなきゃ駄目だよね……。","唉……。
必须得好好认认真真弄才行呢……。",translated,依恩,9dec2e5098,br=0 nl=1,2,
inc/event/res/passiveevent01/pas_maze.txt#54#12,"……さぼってるんじゃないよ。
ちょっと休憩してるだけだよ。","……我可不是在偷懒摸鱼哦。
只是稍微休整一下手腕而已啦。",translated,依恩,8aaf581384,br=0 nl=1,2,
inc/event/res/passiveevent01/pas_maze.txt#55#12,"思うように混ざらなくて、
疲れちゃったんだもん。","老是搅不到理想的状态，
所以手都累酸了嘛。",translated,依恩,1fc3bb1f16,br=0 nl=1,2,
inc/event/res/passiveevent01/pas_maze.txt#56#12,……はぁ、頑張ろう……。,……唉，继续加油吧……。,translated,依恩,d3513e2d3b,br=0 nl=0,1,
inc/event/res/passiveevent01/pas_mill.txt#6#12,"乳鉢じゃなくてすり鉢を使った方が綺麗に
すり潰せるんじゃないかなぁって思うのは
わたしだけかな？","觉得不用实验用的研钵，而改用带槽擂钵
能研磨得更加细腻平整，
难道只有我一个人这么想吗？",translated,依恩,96bd1a768e,br=0 nl=2,3,
inc/event/res/passiveevent01/pas_mill.txt#7#12,"ギザギザがついてるから、乳鉢でやるよりも
細かくて綺麗になると思うのになぁ……。","因为有凹凸不平的纹路，感觉比起研钵
能磨得更细腻均匀才对呀……。",translated,依恩,18f1b31963,br=0 nl=1,2,
inc/event/res/passiveevent01/pas_mill.txt#9#12,"乳鉢って、
小さいからちょっと使い辛いんだよね。","化学研钵个头太小了，
用起来稍微有点施展不开呢。",translated,依恩,15732db896,br=0 nl=1,2,
inc/event/res/passiveevent01/pas_mill.txt#10#12,"すり鉢くらいの大きさがあれば、
しっかり掴んで抑えられるから、
すり潰しやすくなるのに……。","要是有厨房擂钵那么大，
就能牢牢抓紧按住钵体，
研磨起来也会省力许多的说……。",translated,依恩,1410b8cd1d,br=0 nl=2,3,
inc/event/res/passiveevent01/pas_mill.txt#12#12,"こういう作業をしてると、
何だか薬剤師になった気分だよ。","做这种手摇研磨作业时，
总觉得自己好像变成了药剂师一样呢。",translated,依恩,14d6ce87a0,br=0 nl=1,2,
inc/event/res/passiveevent01/pas_mill.txt#13#12,白衣とか、ちょっと興味があるかも。,像白大褂什么的，我稍微有点想穿穿看呢。,translated,依恩,91e588c5ea,br=0 nl=0,1,
inc/event/res/passiveevent01/pas_mill.txt#15#12,乳鉢ってどうしてこんなに小さいのかな？,为什么研钵非要做得这么迷你小巧呢？,translated,依恩,727b6f4e39,br=0 nl=0,1,
inc/event/res/passiveevent01/pas_mill.txt#16#12,"簡単に倒れてこぼしちゃいそうだから、
力の入れ具合が難しいよぉ……。","感觉稍微一晃就会打翻洒出来，
发力的分寸真的好难拿捏呀……。",translated,依恩,e5a9baa9f9,br=0 nl=1,2,
inc/event/res/passiveevent01/pas_mill.txt#18#12,"ん～？
いい感じに進んでるよぉ。","嗯～？
进展得很顺利哦～。",translated,依恩,60af46d3bc,br=0 nl=1,2,
inc/event/res/passiveevent01/pas_mill.txt#19#12,"簡単にすり潰れてくれるから、
もうほとんど粉末になっちゃってるよ。","原料很容易碾碎，
现在基本上都快磨成细腻的细粉啦。",translated,依恩,77a7e859f4,br=0 nl=1,2,
inc/event/res/passiveevent01/pas_mill.txt#20#12,"う～ん、でも簡単過ぎてちょっと心配だし、
念入りにやっておこっと！","唔～，不过太容易了反而让人有点犯嘀咕，
我还是再仔细多研磨几遍吧！",translated,依恩,c9bd2d0284,br=0 nl=1,2,
inc/event/res/passiveevent01/pas_mill.txt#22#12,ふ～ふふんふふ～ん♪,呼～呼呼嗯呼呼～嗯♪,translated,依恩,c379eefbdb,br=0 nl=0,1,
inc/event/res/passiveevent01/pas_mill.txt#23#12,今ね、材料をすり潰してるところなの。,我现在正在研钵里细细研磨原料哦。,translated,依恩,6529de1c5e,br=0 nl=0,1,
inc/event/res/passiveevent01/pas_mill.txt#24#12,"始めた時は材料が硬くて不安だったけど、
少しすり潰したらもう簡単になっちゃった。","刚动工时原料很坚硬还挺让人担心的，
稍微捣碎之后磨起来就变轻松多啦。",translated,依恩,46ab6d37c6,br=0 nl=1,2,
inc/event/res/passiveevent01/pas_mill.txt#25#12,これなら、思ったより早く終わりそうかも。,这样看来，说不定能比预计的更早收工呢。,translated,依恩,6eabaf852e,br=0 nl=0,1,
inc/event/res/passiveevent01/pas_mill.txt#27#12,……きゃっ！？,……呀啊！？,translated,依恩,f9abf31480,br=0 nl=0,1,
inc/event/res/passiveevent01/pas_mill.txt#28#12,"び、びっくりしたぁ……。
もう、今はあんまり驚かせないでね。","吓、吓我一大跳……。
真是的，现在可别冷不丁吓唬我啦。",translated,依恩,757cccaf26,br=0 nl=1,2,
inc/event/res/passiveevent01/pas_mill.txt#29#12,"乳鉢は小さいんだから、ちょっとのミスで
倒れちゃうんだから。","研钵个头这么小，稍有不慎
就会整只翻倒倾覆的啦。",translated,依恩,dad8710945,br=0 nl=1,2,
inc/event/res/passiveevent01/pas_mill.txt#31#12,……あれ？,……咦？,translated,依恩,7400bc39fd,br=0 nl=0,1,
inc/event/res/passiveevent01/pas_mill.txt#32#12,"ごめんね、こっちの作業に集中してて
気づかなかったよ。","抱歉呀，刚才一心扑在研磨上
完全没注意到你呢。",translated,依恩,6e2a5540dd,br=0 nl=1,2,
inc/event/res/passiveevent01/pas_mill.txt#33#12,"すり潰すのって、やめ時がわかりにくいから
ついついやりこんじゃうんだよね。","研磨细粉很难摸准收工的时机，
不知不觉就会一个劲死命磨下去呢。",translated,依恩,09b2508951,br=0 nl=1,2,
inc/event/res/passiveevent01/pas_mill.txt#34#12,"もう粉になってるのに、
まだもっと細かくなるかも、
なんて思っちゃうの。","明明都已经磨成细粉了，
却总忍不住琢磨：
“说不定还能磨得更细微呢”。",translated,依恩,48d3e04dcd,br=0 nl=2,3,
inc/event/res/passiveevent01/pas_mill.txt#36#12,あ、あれっ！？,诶、咦！？,translated,依恩,96087e21ae,br=0 nl=0,1,
inc/event/res/passiveevent01/pas_mill.txt#37#12,"ぼーっとしちゃってたみたい……。
すり潰す音が聞こえてこないのに
気づいてよかった。","刚才好像脑子完全放空了……
还好及时发现研磨声不知何时停了。",translated,依恩,816c0f1018,br=0 nl=2,3,
inc/event/res/passiveevent01/pas_mill.txt#38#12,"結構時間は過ぎてるのに、
まだ全然固まりが残ったままだよ……。","明明时间都过去好久了，
钵里居然还留着好大一块硬块呢……。",translated,依恩,0f926b2f19,br=0 nl=1,2,
inc/event/res/passiveevent01/pas_mill.txt#39#12,遅れた分、取り戻すからね！,耽误的进度，我这就加倍赶回来！,translated,依恩,9c5f39a2c9,br=0 nl=0,1,
inc/event/res/passiveevent01/pas_mill.txt#41#12,あ、あれれっ！？,诶、咦咦！？,translated,依恩,21e7d8f2ab,br=0 nl=0,1,
inc/event/res/passiveevent01/pas_mill.txt#42#12,手止まってた、わたし！？,我刚才手上完全停住了吗！？,translated,依恩,3e060c6b75,br=0 nl=0,1,
inc/event/res/passiveevent01/pas_mill.txt#43#12,"う～、ずっと手を動かしてる作業なのに、
どうしてぼーっとしちゃうかなぁ？","呜～明明是得一直动手的活儿，
怎么脑子偏偏就能发起呆来呢？",translated,依恩,1cd5ebef0e,br=0 nl=1,2,
inc/event/res/passiveevent01/pas_mill.txt#44#12,とにかく、急いで作業を続けるね。,总之，我得赶紧加紧赶工啦。,translated,依恩,2d3938327b,br=0 nl=0,1,
inc/event/res/passiveevent01/pas_mill.txt#46#12,……あれ？,……咦？,translated,依恩,7400bc39fd,br=0 nl=0,1,
inc/event/res/passiveevent01/pas_mill.txt#47#12,"いけない、ぼーっとしちゃってた！
ちょっと休むだけのつもりだったのに……。","糟了，刚才居然彻底走神发愣了！
原本只是打算稍微歇息一下的……。",translated,依恩,88badcc662,br=0 nl=1,2,
inc/event/res/passiveevent01/pas_mill.txt#48#12,"ずっと力を入れてすり潰してたから、
手が痺れちゃって……。","因为一直死命用力捣磨，
手腕都开始发麻了呢……。",translated,依恩,1be38384a0,br=0 nl=1,2,
inc/event/res/passiveevent01/pas_mill.txt#49#12,"でもぼーっとしてたおかげで、
十分休めたよ。
さてと、続き頑張ろー！","不过托发愣的福，手腕也算歇够了。
好啦，接下来继续加油咯――！",translated,依恩,8f7caa52d1,br=0 nl=2,3,
inc/event/res/passiveevent01/pas_mill.txt#51#12,ふぅ……あれ？,呼……咦？,translated,依恩,c6dc914370,br=0 nl=0,1,
inc/event/res/passiveevent01/pas_mill.txt#52#12,"ぼ、ぼんやりしてる場合じゃないよね！
早くすり潰さないといけないのに……。","现、现在可不是发呆走神的时候！
明明得赶快把它全部捣细才行……。",translated,依恩,6931a0994f,br=0 nl=1,2,
inc/event/res/passiveevent01/pas_nikomu.txt#6#12,"これって、ずっと火にかけてないと
いけないでしょ？",这个炖菜，必须一直开着火慢炖对吧？,translated,依恩,eec85ee8e0,br=0 nl=1,2,
inc/event/res/passiveevent01/pas_nikomu.txt#7#12,"そのせいで部屋の温度が上がって、
だんだん暑くなってくの……。","因为一直开着火，屋里的温度越来越高，
全身也慢慢热得直冒汗呢……。",translated,依恩,b208a0f519,br=0 nl=1,2,
inc/event/res/passiveevent01/pas_nikomu.txt#9#12,"こういう料理って、お味噌風味にすれば
食べれそうな気がしない？","像这种炖菜，只要调成味噌风味，
不觉得不管什么都能吃得下去嘛？",translated,依恩,e30b7256db,br=0 nl=1,2,
inc/event/res/passiveevent01/pas_nikomu.txt#10#12,……お味噌、用意しておこうかな？,……要不我先把味噌准备好呢？,translated,依恩,ab975fcddf,br=0 nl=0,1,
inc/event/res/passiveevent01/pas_nikomu.txt#12#12,"煮込みって、段々いい匂いしてくるのが
いいよね。","慢火细炖时香气逐渐飘散开来，
这点真的很让人沉醉呢。",translated,依恩,3f7f527142,br=0 nl=1,2,
inc/event/res/passiveevent01/pas_nikomu.txt#13#12,"どんどん美味しくなっていってるって
匂いで感じられるんだもん。","毕竟光凭扑鼻的香气，
就能切实体会到它正变得越来越诱人嘛。",translated,依恩,0d21e95f0d,br=0 nl=1,2,
inc/event/res/passiveevent01/pas_nikomu.txt#15#12,ぐっつぐっつ、ぼっこぼっこ♪,咕嘟咕嘟、噗噜噗噜♪,translated,依恩,bf878d698d,br=0 nl=0,1,
inc/event/res/passiveevent01/pas_nikomu.txt#16#12,えへへ、鍋の様子を歌にしてみたよ。,诶嘿嘿，我把锅里沸腾的样子编成歌啦。,translated,依恩,25706f05a5,br=0 nl=0,1,
inc/event/res/passiveevent01/pas_nikomu.txt#17#12,"あれ？
でもぼこぼこっていうのは、
少し煮過ぎのような気が……。","咦？
不过都开始剧烈咕嘟冒大泡了，
总觉得好像有点煮过头了……。",translated,依恩,a2eff269d7,br=0 nl=2,3,
inc/event/res/passiveevent01/pas_nikomu.txt#18#12,"けど煮足りないよりは、
煮過ぎの方がいいよね？","不过比起没煮熟煮透，
多炖一会儿煮得烂糊些总归更好对吧？",translated,依恩,70e7037891,br=0 nl=1,2,
inc/event/res/passiveevent01/pas_nikomu.txt#20#12,"ただ待ってるだけって退屈だから、
ちょっとだけ歌ってたの。","光是在旁边干等着实在太无聊，
所以刚才稍微哼了会儿小调啦。",translated,依恩,b81783b928,br=0 nl=1,2,
inc/event/res/passiveevent01/pas_nikomu.txt#21#12,早く煮込み終わらないかなぁ……。,就不能快点把这一锅炖好嘛……。,translated,依恩,18824b1c2d,br=0 nl=0,1,
inc/event/res/passiveevent01/pas_nikomu.txt#23#12,よかった、ナイスタイミング！,太好啦，你来得正是时候！,translated,依恩,6538070e48,br=0 nl=0,1,
inc/event/res/passiveevent01/pas_nikomu.txt#24#12,"はぁ……煮込み終わるまで待ってるのが
退屈で一人だと眠っちゃいそうだから、
歌って気を紛らわしてたの。","唉……等炖熟实在太枯燥漫长了，
一个人守着很容易犯困睡着，
所以我才靠哼歌来提神解闷呢。",translated,依恩,4b1550cef6,br=0 nl=2,3,
inc/event/res/passiveevent01/pas_nikomu.txt#25#12,"でもそろそろ限界かもって思ってたところ
だったから、来てくれて安心したよ。","正好我刚才都觉得快撑不住要倒头睡了，
你能在此时过来陪我真令人安心呢。",translated,依恩,5b4a5b4162,br=0 nl=1,2,
inc/event/res/passiveevent01/pas_nikomu.txt#27#12,……はっ！？,……哈！？,translated,依恩,e6442d228e,br=0 nl=0,1,
inc/event/res/passiveevent01/pas_nikomu.txt#28#12,"え、えへへ……煮込んでる間って
やることないから、
どうしてもぼーっとしちゃうよね？","诶、诶嘿嘿……慢火慢炖的中途
根本无事可做，
不知不觉就会走神发呆对吧？",translated,依恩,d4b1864337,br=0 nl=2,3,
inc/event/res/passiveevent01/pas_nikomu.txt#29#12,"ぼーっとし過ぎて煮込み過ぎないように
気をつけないといけないね。","可不能因为发愣把一锅好菜给炖干烧焦了，
真得留点神才行呢。",translated,依恩,343f25e5e0,br=0 nl=1,2,
inc/event/res/passiveevent01/pas_nikomu.txt#31#12,きゃっ！？,呀！？,translated,依恩,61dd7adbe6,br=0 nl=0,1,
inc/event/res/passiveevent01/pas_nikomu.txt#32#12,びっくりしちゃった……。,吓了我一跳……。,translated,依恩,a9654651de,br=0 nl=0,1,
inc/event/res/passiveevent01/pas_nikomu.txt#33#12,"ほら、煮込んでる間って何も出来ないから、
いつの間にかぼーっとしてたみたい。","你看嘛，炖煮期间什么都干不了，
不知不觉脑子就放空发起愣来啦。",translated,依恩,dc286f3a9c,br=0 nl=1,2,
inc/event/res/passiveevent01/pas_nikomu.txt#34#12,"……一応火を使ってるんだから、
注意した方がいいかな？","……毕竟灶上一直开着明火，
还是多加留神提防比较好呢。",translated,依恩,cca04cda4d,br=0 nl=1,2,
inc/event/res/passiveevent01/pas_nikomu.txt#36#12,ふぁ～……。,哈啊～……。,translated,依恩,a7cd717c9a,br=0 nl=0,1,
inc/event/res/passiveevent01/pas_nikomu.txt#37#12,"むぅ……煮込み終わるのを待ってるの、
暇過ぎて苦痛だよ。","唔……守着锅等它慢慢炖透，
闲得简直让人受罪受折磨呢。",translated,依恩,700b5c5622,br=0 nl=1,2,
inc/event/res/passiveevent01/pas_nikomu.txt#38#12,"なんだか、ぼーっとし過ぎて微妙に
眠くもなってきてるしね。","脑子放空太久，
甚至感觉隐隐约约都要泛起困意来了呢。",translated,依恩,b1ba1bd20f,br=0 nl=1,2,
inc/event/res/passiveevent01/pas_nikomu.txt#39#12,"……ダメダメ、寝たら焦げちゃうし。
わたしのことだから絶対に爆睡して
真っ黒な煙の中で目覚めることになるよ。","……不行不行，睡着了肯定会彻底烧焦。
按我的迷糊性子绝对会呼呼大睡，
最后在一屋子滚滚黑烟里被呛醒啦。",translated,依恩,ab0635519e,br=0 nl=2,3,
inc/event/res/passiveevent01/pas_nikomu.txt#41#12,……あっ、ちょ、ちょっと待ってね！,……啊，等、稍微等一下哦！,translated,依恩,a436b47a5d,br=0 nl=0,1,
inc/event/res/passiveevent01/pas_nikomu.txt#42#12,"え？
ぼ、ぼーっとなんかしてないよ！","诶？
我、我才没有在发呆走神呢！",translated,依恩,d98822f53c,br=0 nl=1,2,
inc/event/res/passiveevent01/pas_nikomu.txt#43#12,"ぼーっとしてるように見せて、
実はしっかりと見てたもん。","表面看似在发愣，
其实我一直都在目不转睛严密盯着呢！",translated,依恩,3bee600f76,br=0 nl=1,2,
inc/event/res/passiveevent01/pas_nikomu.txt#44#12,"……そ、それに何の得があるのかは
聞かないでね。","……至、至于那么做到底有什么好处，
你可千万别追问哦。",translated,依恩,63a5ddd5e7,br=0 nl=1,2,
inc/event/res/passiveevent01/pas_saihou.txt#6#12,"裁縫ができる女の子って、
家庭的ってよく言われるよね。","懂得做针线针黹活的女孩子，
经常被夸很有贤妻良母的居家感呢。",translated,依恩,3bf8f8ec98,br=0 nl=1,2,
inc/event/res/passiveevent01/pas_saihou.txt#7#12,"使う機会なんてほとんどないけど、
そういうもの……かな。","虽然平时几乎派不上什么用场，
但这大概就是世俗印象吧……。",translated,依恩,ea0040a37b,br=0 nl=1,2,
inc/event/res/passiveevent01/pas_saihou.txt#8#12,家電をいじれる女の子じゃ……だめ？,擅长摆弄家用电器的女孩子……不行吗？,translated,依恩,9492d12cc3,br=0 nl=0,1,
inc/event/res/passiveevent01/pas_saihou.txt#10#12,これまで裁縫はあんまりやったことないの。,我以前其实几乎没怎么碰过针线活呢。,translated,依恩,1c505b090c,br=0 nl=0,1,
inc/event/res/passiveevent01/pas_saihou.txt#11#12,"あ、けど古くなったタオルを
雑巾にするくらいならしたことあるよ。","啊，不过把旧毛巾缝成擦桌抹布这种程度，
我以前倒是亲自动手做过哦。",translated,依恩,633b38ca4b,br=0 nl=1,2,
inc/event/res/passiveevent01/pas_saihou.txt#12#12,あとは……全然かな。,剩下的……就完全没碰过了呢。,translated,依恩,9224c97888,br=0 nl=0,1,
inc/event/res/passiveevent01/pas_saihou.txt#14#12,裁縫の何が一番難しいと思う？,你觉得做针线活里最难的是什么呢？,translated,依恩,80e637a793,br=0 nl=0,1,
inc/event/res/passiveevent01/pas_saihou.txt#15#12,"わたしはね、
針に糸を通すのが一番苦手なの。","我啊，
穿针引线是最不在行的了。",translated,依恩,f07af8adbf,br=0 nl=1,2,
inc/event/res/passiveevent01/pas_saihou.txt#16#12,"手先は器用な方だと思うけど、
なぜかうまくいかないんだ。","我虽然觉得自己手还挺巧的，
不知为何就是穿不好。",translated,依恩,59a4ecddb1,br=0 nl=1,2,
inc/event/res/passiveevent01/pas_saihou.txt#18#12,間違って指を刺すと凄く痛いよね。,要是不小心扎到手指真的超痛呢。,translated,依恩,a0a1519ce8,br=0 nl=0,1,
inc/event/res/passiveevent01/pas_saihou.txt#19#12,"神経が集まってる箇所だからかな？",是因为神经都集中在那里的缘故吗？,translated,依恩,a626972db6,br=0 nl=0,1,
inc/event/res/passiveevent01/pas_saihou.txt#20#12,"そう考えると、
裁縫ってかなり危ない作業かも……。","这么一想，
做针线活还真是项危险的工作呢……",translated,依恩,d42444b5d5,br=0 nl=1,2,
inc/event/res/passiveevent01/pas_saihou.txt#22#12,歌いながら裁縫する姿、結構様になってた？,"边哼着歌边做针线活的样子，
看起来还挺像模像样的吧？",translated,依恩,caec2fd46c,br=0 nl=0,1,
inc/event/res/passiveevent01/pas_saihou.txt#23#12,"裁縫は苦手なんだけど、
ちょっと女の子らしいところ見せたくて
頑張ってみたの。","虽然我不擅长针线活，
但想让你看到我有点女孩子气的一面，
就努力尝试了一下。",translated,依恩,36487574e9,br=0 nl=2,3,
inc/event/res/passiveevent01/pas_saihou.txt#24#12,"……でも、出来に関してはあまり
期待しないでね。","……不过，成品做得怎样，
可别抱太大期待哦。",translated,依恩,9656d84d3e,br=0 nl=1,2,
inc/event/res/passiveevent01/pas_saihou.txt#26#12,えへへ、ちょっと調子がいいんだ。,诶嘿嘿，感觉状态挺不错的。,translated,依恩,64de02fe9b,br=0 nl=0,1,
inc/event/res/passiveevent01/pas_saihou.txt#27#12,すごくサクサクと進んでるの。,进行得非常顺利呢。,translated,依恩,9bd87d729e,br=0 nl=0,1,
inc/event/res/passiveevent01/pas_saihou.txt#28#12,"早く綺麗に縫えると凄く気持ちいいね。","缝得又快又漂亮的话，
心情就会特别舒畅呢。",translated,依恩,d74bfe397f,br=0 nl=0,1,
inc/event/res/passiveevent01/pas_saihou.txt#30#12,……きゃっ！？,……呀！？,translated,依恩,f9abf31480,br=0 nl=0,1,
inc/event/res/passiveevent01/pas_saihou.txt#31#12,"は、恥ずかしいところ見られちゃった……。",被、被你看到丢脸的样子了……,translated,依恩,9394dec5e1,br=0 nl=0,1,
inc/event/res/passiveevent01/pas_saihou.txt#32#12,"いつもよりはよくできてるけど、
自信はないかな……。","虽然比平时做得好，
不过还是没什么自信呢……",translated,依恩,8a666255f3,br=0 nl=1,2,
inc/event/res/passiveevent01/pas_saihou.txt#33#12,"で、でも、頑張るから
期待しててくれると嬉しいな。","但、但是我会努力的，
你要是能期待一下我会很高兴的。",translated,依恩,0cbde794db,br=0 nl=1,2,
inc/event/res/passiveevent01/pas_saihou.txt#35#12,"こういう作業って苦手なんだけど、
今のところ順調に進んでるの。","虽然这种活我不拿手，
但目前为止都进行得很顺利哦。",translated,依恩,6fc1ac8aa7,br=0 nl=1,2,
inc/event/res/passiveevent01/pas_saihou.txt#36#12,"縫い目も均等……に近い感じだし、
これなら期待できそうだよ！","针脚也很均匀……挺接近的了，
这样感觉值得期待哦！",translated,依恩,418dba97f7,br=0 nl=1,2,
inc/event/res/passiveevent01/pas_saihou.txt#37#12,"えへへ、これで少しでも裁縫が
得意になれたら嬉しいな。","诶嘿嘿，能借此稍微擅长针线活的话，
我会很开心的。",translated,依恩,d96afb0670,br=0 nl=1,2,
inc/event/res/passiveevent01/pas_saihou.txt#39#12,……っ！？,……呃！？,translated,依恩,5ee73ae18d,br=0 nl=0,1,
inc/event/res/passiveevent01/pas_saihou.txt#40#12,"あ、危なかったぁ……。
一瞬気づくのが遅かったら、
針で指を刺しちゃってたよ。","好、好险啊……
要是再迟钝一瞬间，
手指就被针扎到了呢。",translated,依恩,0957ceab2d,br=0 nl=2,3,
inc/event/res/passiveevent01/pas_saihou.txt#41#12,"裁縫の最中にぼーっとしちゃって、
無意識に作業してたみたい。","缝着缝着就走神了，
好像完全是在无意识地动着手。",translated,依恩,3c384a8882,br=0 nl=1,2,
inc/event/res/passiveevent01/pas_saihou.txt#42#12,"苦手な作業なんだから、集中して
やらなくちゃいけないのに……。","明明是不擅长的工作，
必须集中精神才行呢……",translated,依恩,5b2c908322,br=0 nl=1,2,
inc/event/res/passiveevent01/pas_saihou.txt#43#12,"とにかく、ケガしなくてよかったよ。
これからは気をつけるね。","总之没受伤真是太好了。
接下来我会注意的。",translated,依恩,730ae4165c,br=0 nl=1,2,
inc/event/res/passiveevent01/pas_saihou.txt#46#12,もしかしてわたし、ぼーっとしちゃってた？,难道说，我刚才发呆了？,translated,依恩,e4f55a6a48,br=0 nl=0,1,
inc/event/res/passiveevent01/pas_saihou.txt#47#12,"裁縫ってあまり得意じゃないから、
やってるうちになんか疲れちゃって……。","因为不太擅长针线活，
做着做着不知不觉就累了……",translated,依恩,90746c8d23,br=0 nl=1,2,
inc/event/res/passiveevent01/pas_saihou.txt#48#12,"って、こんなの言い訳だよね。
最後まで頑張るよ。","不过，这只是借口啦。
我会坚持做到最后的。",translated,依恩,4538e317b9,br=0 nl=1,2,
inc/event/res/passiveevent01/pas_saihou.txt#50#12,はぁ……。,哈啊……,translated,依恩,1083486be2,br=0 nl=0,1,
inc/event/res/passiveevent01/pas_saihou.txt#51#12,"裁縫って苦手だからかな？
どうしてもやってると、
ぼーっとしちゃうの。","是因为不擅长做针线活吗？
不知不觉做着做着就走神了。",translated,依恩,5e3f761f0f,br=0 nl=2,3,
inc/event/res/passiveevent01/pas_saihou.txt#52#12,早くやれば、それだけ早く終われるのにね。,如果动作快点，就能早点结束了呢。,translated,依恩,bd3dcb89f9,br=0 nl=0,1,
inc/event/res/passiveevent01/pas_saihou.txt#53#12,"ふぅ……言ってても進まない、か。
ちょっと、頑張ってみるよ。","呼……光是说说也不会有进展呢。
我再加把劲试试看吧。",translated,依恩,1e31821fdd,br=0 nl=1,2,
inc/event/res/passiveevent01/pas_saihou.txt#55#12,……あれ？,……咦？,translated,依恩,7400bc39fd,br=0 nl=0,1,
inc/event/res/passiveevent01/pas_saihou.txt#56#12,わたし、ぼーっとしちゃってた？,我刚才发呆了吗？,translated,依恩,54218c46d3,br=0 nl=0,1,
inc/event/res/passiveevent01/pas_saihou.txt#57#12,"そっか……やっぱり、苦手な作業だから
気が乗らないのかも。","这样啊……果然因为是不擅长的工作，
所以提不起劲来吧。",translated,依恩,b2a21e3453,br=0 nl=1,2,
inc/event/res/passiveevent01/pas_saihou.txt#58#12,"……って、そんなこと、思ってても
口にしたらダメだよね。","……不过，就算这么想，
也不该说出口呢。",translated,依恩,7f02e4bd56,br=0 nl=1,2,
inc/event/res/passiveevent01/pas_saihou.txt#59#12,"苦手な物でも挑戦しなくちゃ。
よーし、最後まで頑張るよ！","就算不拿手也得勇于挑战才行。
好――我一定会坚持到最后的！",translated,依恩,2f34e10c2b,br=0 nl=1,2,
inc/event/res/passiveevent01/pas_saiku.txt#6#12,これって、芸術だよね。,这完全可以说是艺术呢。,translated,依恩,619e468565,br=0 nl=0,1,
inc/event/res/passiveevent01/pas_saiku.txt#7#12,"凄く小さい材料を、綺麗に組み合わせて
一つの作品に仕上げるんだもん。","把极其微小的材料巧妙组合在一起，
最后做成一件完整的作品。",translated,依恩,b0ce988501,br=0 nl=1,2,
inc/event/res/passiveevent01/pas_saiku.txt#9#12,"こういうのって、本当なら職人さんに
弟子入りして勉強するものなんだよね？","这种工艺，照理说应该去向专业工匠
拜师学艺才能掌握的吧？",translated,依恩,3f8a31fdce,br=0 nl=1,2,
inc/event/res/passiveevent01/pas_saiku.txt#10#12,"今のところは自己流でやれてるけど、
いつか職人さんに教えて
もらえたら嬉しいな。","虽然目前都是靠自学的野路子，
不过要是哪天能让工匠指点一下，
我一定会很开心的。",translated,依恩,2fa5792b9b,br=0 nl=2,3,
inc/event/res/passiveevent01/pas_saiku.txt#12#12,"ん～……小さい材料を使ったりもしなくちゃ
いけないから、目が疲れるよぉ。","唔～……因为必须使用细小的材料，
眼睛都看酸了啦。",translated,依恩,e93d9261ce,br=0 nl=1,2,
inc/event/res/passiveevent01/pas_saiku.txt#13#12,"細工の時には、できればルーペを用意して
おいた方がいいかも……。","在做细工的时候，
最好还是备一个放大镜比较好呢……",translated,依恩,f13f5de344,br=0 nl=1,2,
inc/event/res/passiveevent01/pas_saiku.txt#15#12,えへへ、結構上手く進んでるよ。,诶嘿嘿，进展得相当顺利哦。,translated,依恩,271a6c6d9c,br=0 nl=0,1,
inc/event/res/passiveevent01/pas_saiku.txt#16#12,"細工って、小さい材料を慎重にくっつけなく
ちゃいけないから凄く大変なの。","细工必须慎重地拼接微小零件，
所以非常费工夫呢。",translated,依恩,a60203a686,br=0 nl=1,2,
inc/event/res/passiveevent01/pas_saiku.txt#17#12,"けど、こういう作業って一度ハマると
やめられなくなっちゃうよね。","不过这种活一旦沉迷进去，
就停不下来了呢。",translated,依恩,7f5d079f69,br=0 nl=1,2,
inc/event/res/passiveevent01/pas_saiku.txt#19#12,……きゃっ！？,……呀！？,translated,依恩,f9abf31480,br=0 nl=0,1,
inc/event/res/passiveevent01/pas_saiku.txt#20#12,"ふぅ、びっくりしたぁ……。
集中してると周りが見えなくなるの、
わたしの悪い癖だよね。","呼，吓我一跳……
一集中精神就会对周围视而不见，
这算是我的坏习惯呢。",translated,依恩,ac7fe3a2a0,br=0 nl=2,3,
inc/event/res/passiveevent01/pas_saiku.txt#21#12,"もし驚いて材料を落としたりしたら、
大変なことになってたよ。","要是吓一跳把材料弄掉了，
那可就麻烦大了。",translated,依恩,53cb75b7c1,br=0 nl=1,2,
inc/event/res/passiveevent01/pas_saiku.txt#22#12,"小さいから、もし落としたら見つからなく
なっちゃうよ。","因为太小了，一旦掉在地上
肯定就找不到了。",translated,依恩,07a604938e,br=0 nl=1,2,
inc/event/res/passiveevent01/pas_saiku.txt#24#12,"なんだかわたし、凄く調子がいいみたい。","总觉得我现在的状态
好像非常好呢。",translated,依恩,8144871ec7,br=0 nl=0,1,
inc/event/res/passiveevent01/pas_saiku.txt#25#12,"いつもよりも
ずっと綺麗に出来てる気がするの。",感觉比平时做得要漂亮得多呢。,translated,依恩,2bc1b0c7e6,br=0 nl=1,2,
inc/event/res/passiveevent01/pas_saiku.txt#26#12,"これなら、いい感じのが出来ちゃう
かもしれないよー♪","照这样下去，说不定能做出
很棒的作品哦♪",translated,依恩,66f34838fe,br=0 nl=1,2,
inc/event/res/passiveevent01/pas_saiku.txt#28#12,んっふふ～ふふんふふ～ん♪,嗯哼哼～哼哼哼哼～♪,translated,依恩,e9a32a989c,br=0 nl=0,1,
inc/event/res/passiveevent01/pas_saiku.txt#29#12,"えへへ、やっぱりこういう作業って、
凄く楽しいかも。","诶嘿嘿，果然这种精细活
相当有趣呢。",translated,依恩,1f9426748f,br=0 nl=1,2,
inc/event/res/passiveevent01/pas_saiku.txt#30#12,"小さいものを自分の手で組み合わせて、
一つの形に仕上げていく――","用自己的双手将微小的物件拼合在一起，
塑造成一个完整的形态――",translated,依恩,3e5bb3e85d,br=0 nl=1,2,
inc/event/res/passiveevent01/pas_saiku.txt#31#12,なんかワクワクしてくるよね。,总让人心潮澎湃呢。,translated,依恩,fe218d7664,br=0 nl=0,1,
inc/event/res/passiveevent01/pas_saiku.txt#32#12,完成が楽しみだなぁ。,好期待做完的那一刻啊。,translated,依恩,f956cb481a,br=0 nl=0,1,
inc/event/res/passiveevent01/pas_saiku.txt#34#12,や、やだ、いけないっ！,啊、不行，糟糕了！,translated,依恩,059051206f,br=0 nl=0,1,
inc/event/res/passiveevent01/pas_saiku.txt#35#12,"一番集中しなくちゃいけない時に、
ぼーっとしちゃってたよ……。","在最需要集中精神的时候，
我居然发呆了……",translated,依恩,4c970fd62c,br=0 nl=1,2,
inc/event/res/passiveevent01/pas_saiku.txt#36#12,"これじゃ、成功するものも成功しないよね。
気合を入れなおして、再開するよ。","这样下去，原本能做好的也做不成了呢。
重新打起精神，继续开工！",translated,依恩,89d2ae8059,br=0 nl=1,2,
inc/event/res/passiveevent01/pas_saiku.txt#38#12,わわわっ！！,哇哇哇！！,translated,依恩,db9c0a8c8b,br=0 nl=0,1,
inc/event/res/passiveevent01/pas_saiku.txt#39#12,"ぎ、ギリギリセーフ……。
あと少し気づくのが遅かったら、
大失敗してたところだよ。","千、千钧一发……
要是再迟一会儿才注意到，
可就彻底失败了呢。",translated,依恩,bf9d1c4951,br=0 nl=2,3,
inc/event/res/passiveevent01/pas_saiku.txt#40#12,"細工の時にぼーっとするのは危ないね。
これからは注意するよ……。","做细工时走神太危险了。
接下来我会注意的……",translated,依恩,24ca079f10,br=0 nl=1,2,
inc/event/res/passiveevent01/pas_saiku.txt#42#12,……あっ、あれれ？,……咦、奇怪？,translated,依恩,00ade77bf6,br=0 nl=0,1,
inc/event/res/passiveevent01/pas_saiku.txt#43#12,"えへへ、ぼーっとしちゃってたみたい。
ずっと細かい作業に集中してたから、
疲れちゃったのかな？","诶嘿嘿，看来我刚才发呆了。
一直集中做精细活，
可能是眼睛累了吧？",translated,依恩,04345392ae,br=0 nl=2,3,
inc/event/res/passiveevent01/pas_saiku.txt#44#12,でも、もう少しだから頑張るよ。,不过只剩一点点了，我会加油的。,translated,依恩,efdf3eff73,br=0 nl=0,1,
inc/event/res/passiveevent01/pas_saiku.txt#46#12,はぁ……。,哈啊……,translated,依恩,1083486be2,br=0 nl=0,1,
inc/event/res/passiveevent01/pas_saiku.txt#47#12,"細かい作業が続いたから、
少し休んでただけだよ。","因为一直在做细活，
我只是稍微休息了一下啦。",translated,依恩,c59d9558ec,br=0 nl=1,2,
inc/event/res/passiveevent01/pas_saiku.txt#48#12,……さてと、そろそろ再開しないとね。,……好啦，差不多该重新动工了呢。,translated,依恩,01d8d5a52e,br=0 nl=0,1,
inc/event/res/passiveevent01/pas_setugo.txt#6#12,接合といえば、はんだ付け！,说到接合，那必须是电烙铁焊接！,translated,依恩,c45944b53e,br=0 nl=0,1,
inc/event/res/passiveevent01/pas_setugo.txt#7#12,"接合を楽しめるかどうかは、
はんだ付けが好きかどうかで決まるんだよ。","能不能享受接合的乐趣，
全看你喜不喜欢电烙铁焊接哦。",translated,依恩,22d7d5e2e0,br=0 nl=1,2,
inc/event/res/passiveevent01/pas_setugo.txt#9#12,"はんだ付けって好きだけど、
失敗する時もたまにあるの。","虽然我很喜欢焊接，
不过偶尔也是会失手的。",translated,依恩,75d1e12b12,br=0 nl=1,2,
inc/event/res/passiveevent01/pas_setugo.txt#10#12,"配線が済んだものを動かそうとした時、
微妙に失敗してて反応しなかったり
するんだ。","配完线准备通电运转时，
有时会因为微妙的虚焊
而完全没有反应呢。",translated,依恩,e53a77e3c7,br=0 nl=2,3,
inc/event/res/passiveevent01/pas_setugo.txt#11#12,"でもその代わり、一回で完璧に動くと
嬉しさも倍増なんだ。","不过相对地，如果一次就能完美运转，
那种喜悦也会加倍呢。",translated,依恩,b9469844d7,br=0 nl=1,2,
inc/event/res/passiveevent01/pas_setugo.txt#13#12,"機械好きなら、
マイはんだごては欲しいよね。","喜欢机械的人，
都会想有一把属于自己的电烙铁吧。",translated,依恩,27de6e6d06,br=0 nl=1,2,
inc/event/res/passiveevent01/pas_setugo.txt#14#12,"わたしも自分用のをちゃんと持ってるよ。",我也好好备着自己的专用电烙铁哦。,translated,依恩,3cb40fc7e9,br=0 nl=0,1,
inc/event/res/passiveevent01/pas_setugo.txt#15#12,機械系女子の必需品だもん！,毕竟这可是机械系女生的必备之物嘛！,translated,依恩,f8296d7eaf,br=0 nl=0,1,
inc/event/res/passiveevent01/pas_setugo.txt#17#12,"接合作業って、
やり直しできるのがいいよね。","接合这一步，
最棒的就是可以重来呢。",translated,依恩,c70c35323f,br=0 nl=1,2,
inc/event/res/passiveevent01/pas_setugo.txt#18#12,"違うところに配線しちゃっても、
はんだを溶かせばすぐに取り外せるし。","哪怕接错了线路，
只要把焊锡融化就能马上拆下来。",translated,依恩,d23e244f25,br=0 nl=1,2,
inc/event/res/passiveevent01/pas_setugo.txt#19#12,"……つまり、もし失敗するとしたら、
それも出来ないくらいの
間違いをしたってことになるんだよ。","……也就是说，如果在这里失败了，
就代表犯下了连重新拆焊
都无法挽回的低级错误哦。",translated,依恩,345fe937ae,br=0 nl=2,3,
inc/event/res/passiveevent01/pas_setugo.txt#21#12,"配線を接合する箇所が沢山あるから、
ちょっと大変かも……。","需要接合线路的地方有很多，
感觉稍微有点费劲呢……",translated,依恩,adcdf3a257,br=0 nl=1,2,
inc/event/res/passiveevent01/pas_setugo.txt#22#12,"でも、それだけ多くはんだ付けできるって
思うと、楽しくなってくるよ！","不过只要想到能焊这么多地方，
整个人就又兴奋起来了！",translated,依恩,cf14139cdb,br=0 nl=1,2,
inc/event/res/passiveevent01/pas_setugo.txt#24#12,……ん？,……嗯？,translated,依恩,632ec345ec,br=0 nl=0,1,
inc/event/res/passiveevent01/pas_setugo.txt#25#12,えへへ、なんか調子よく進んでるの。,诶嘿嘿，不知为何进展得特别顺呢。,translated,依恩,82a5aedaeb,br=0 nl=0,1,
inc/event/res/passiveevent01/pas_setugo.txt#26#12,あ、でも普段は苦手ってことじゃないよ？,啊，但我不是说平时不擅长哦？,translated,依恩,5f24cefe0d,br=0 nl=0,1,
inc/event/res/passiveevent01/pas_setugo.txt#27#12,"いつも以上に早く綺麗に出来ているって
意味だからね。",意思是比平时做得更快更漂亮啦。,translated,依恩,bbe43baab2,br=0 nl=1,2,
inc/event/res/passiveevent01/pas_setugo.txt#29#12,ん～んんっんん～♪,嗯～嗯嗯～嗯嗯～♪,translated,依恩,c191399c47,br=0 nl=0,1,
inc/event/res/passiveevent01/pas_setugo.txt#30#12,……ん？,……嗯？,translated,依恩,632ec345ec,br=0 nl=0,1,
inc/event/res/passiveevent01/pas_setugo.txt#31#12,"えへへ、今のわたしは見ての通り、
凄くご機嫌だよ。","诶嘿嘿，现在的我就像你看到的那样，
心情超级好哦。",translated,依恩,bb59de3f39,br=0 nl=1,2,
inc/event/res/passiveevent01/pas_setugo.txt#32#12,"地味な作業だけど、
はんだ付けには夢が詰まってるの。","虽然是很不起眼的工作，
但焊接里可是装满了梦想呢。",translated,依恩,d4368be7a8,br=0 nl=1,2,
inc/event/res/passiveevent01/pas_setugo.txt#34#12,……きゃっ！？,……呀！？,translated,依恩,f9abf31480,br=0 nl=0,1,
inc/event/res/passiveevent01/pas_setugo.txt#35#12,"び、びっくりしたぁ……。
作業に夢中で全然気づかなかったよぉ。","吓、吓死我了……
太沉迷做工完全没注意到你啦。",translated,依恩,0fcb7309d3,br=0 nl=1,2,
inc/event/res/passiveevent01/pas_setugo.txt#36#12,"配線の接合は、その程度で失敗するほど
素人じゃないよ、えっへん！","在接合线路这方面，
我可不是会因为这点事就失手的门外汉哦，
哼哼！",translated,依恩,b93bad9f2f,br=0 nl=1,2,
inc/event/res/passiveevent01/pas_setugo.txt#37#12,……ちょ、ちょっと調子に乗り過ぎ、かな？,……有、有点得意忘形过头了，对吧？,translated,依恩,2f6f09aa00,br=0 nl=0,1,
inc/event/res/passiveevent01/pas_setugo.txt#39#12,"はんだで一つ一つくっつけていくのって、
凄く楽しいよ。","用焊锡把零件一个个接合起来，
真的非常开心哦。",translated,依恩,743c122832,br=0 nl=1,2,
inc/event/res/passiveevent01/pas_setugo.txt#40#12,……もしかして、やったことない？,……难道说，你从来没焊过吗？,translated,依恩,d1e6a6c32e,br=0 nl=0,1,
inc/event/res/passiveevent01/pas_setugo.txt#41#12,"もし細かい作業が好きなら、
きっと気に入ると思うよ。","如果你喜欢精细手工的话，
肯定会喜欢上它的。",translated,依恩,ba8f80abcb,br=0 nl=1,2,
inc/event/res/passiveevent01/pas_setugo.txt#42#12,今度、やってみてくれたら嬉しいな。,下次要是你也能尝试一下，我会很高兴的。,translated,依恩,abdea611af,br=0 nl=0,1,
inc/event/res/passiveevent01/pas_setugo.txt#44#12,あっ、危ないっ！！,啊、危险！！,translated,依恩,56d15323ba,br=0 nl=0,1,
inc/event/res/passiveevent01/pas_setugo.txt#45#12,"い、今のちょっと危なかったよぉ……。
もう少しで火傷しちゃうところだったもん。","刚、刚才有点危险呢……
差一点就要被烫伤了啦。",translated,依恩,6a50e0d4de,br=0 nl=1,2,
inc/event/res/passiveevent01/pas_setugo.txt#46#12,"それにしても、まさか接合作業中に
ぼーっとしちゃうなんて……。",话说回来，没想到我居然会在接合时发呆……,translated,依恩,544556819e,br=0 nl=1,2,
inc/event/res/passiveevent01/pas_setugo.txt#47#12,疲れてるのかなぁ、わたし？,难道是我太累了吗？,translated,依恩,f02d30eb0b,br=0 nl=0,1,
inc/event/res/passiveevent01/pas_setugo.txt#48#12,"とにかく、気を引き締めないと。
ケガしたくないもん。","总之必须打起精神来。
我可不想受伤嘛。",translated,依恩,656bbb98d9,br=0 nl=1,2,
inc/event/res/passiveevent01/pas_setugo.txt#50#12,"……っ！？
やだ、いけないっ！！","……！？
糟糕，不行！！",translated,依恩,6a69bee764,br=0 nl=1,2,
inc/event/res/passiveevent01/pas_setugo.txt#51#12,"わ、わたしが、はんだ付けしてる途中で
ぼーっとしちゃってたなんて……。",我、我居然在焊接的时候走神了……,translated,依恩,3549dfa68e,br=0 nl=1,2,
inc/event/res/passiveevent01/pas_setugo.txt#52#12,一番大好きな作業なのに……。,明明是我最喜欢的工作……,translated,依恩,6bd3f003b6,br=0 nl=0,1,
inc/event/res/passiveevent01/pas_setugo.txt#53#12,"……なんか、ガックリきちゃった。
とにかく続きをやるね。","……感觉有点受打击了。
总之我先继续干活了。",translated,依恩,5edfd91da2,br=0 nl=1,2,
inc/event/res/passiveevent01/pas_setugo.txt#55#12,"……あれ？
はんだが全然溶けない……。","……咦？
焊锡怎么完全化不开……",translated,依恩,22ae4d2394,br=0 nl=1,2,
inc/event/res/passiveevent01/pas_setugo.txt#56#12,あっ！,啊！,translated,,092801cb15,br=0 nl=0,1,
inc/event/res/passiveevent01/pas_setugo.txt#57#12,"あはは、電源が抜けちゃってたよ。
溶けないわけだよね、えへへ……。","啊哈哈，电源插头掉了啦。
怪不得化不开呢，诶嘿嘿……",translated,依恩,32531a996b,br=0 nl=1,2,
inc/event/res/passiveevent01/pas_setugo.txt#58#12,"熱くないんだから。
もっと早く気づいてもいいはずなのに……。
ぼーっとしちゃってたのかな？","毕竟烙铁都没发热呢。
明明早该发现的……
我难道一直在发呆吗？",translated,依恩,9f1590f766,br=0 nl=2,3,
inc/event/res/passiveevent01/pas_setugo.txt#59#12,"得意な作業だからって、
気を抜いちゃダメだよね。
反省しまーす……。","就算是最擅长的工作，
也不能掉以轻心呢。
我好好反省……",translated,依恩,eff22f1473,br=0 nl=2,3,
inc/event/res/passiveevent01/pas_setugo.txt#61#12,"……ん？
あっ、やだ、いけないっ！","……嗯？
啊，不行，糟了！",translated,依恩,c4f070f782,br=0 nl=1,2,
inc/event/res/passiveevent01/pas_setugo.txt#62#12,"はぁ、やっちゃった……。
ぼーっとして、はんだを溶かし
過ぎちゃったよ。","哈啊，搞砸了……
走神把焊锡融化太多堆成一团了。",translated,依恩,c6b2a236e4,br=0 nl=2,3,
inc/event/res/passiveevent01/pas_setugo.txt#63#12,"一番好きな作業で、こんな初歩的な
ミスをしちゃうなんて……。","居然在最喜欢的工作上，
犯了这种低级错误……",translated,依恩,54f49436bf,br=0 nl=1,2,
inc/event/res/passiveevent01/pas_setugo.txt#64#12,ショックを通り越して、恥ずかしいよ。,已经不仅是受打击，更觉得好难为情了。,translated,依恩,b2a96fb1af,br=0 nl=0,1,
inc/event/res/passiveevent01/pas_setugo.txt#65#12,"……せめて、失敗箇所がわからないくらい
綺麗にしちゃおっと。","……至少重新弄漂亮点，
不让人看出失手的痕迹吧。",translated,依恩,fa03847c61,br=0 nl=1,2,
inc/event/res/passiveevent01/pas_siboru.txt#6#12,"紙を使って絞る時は、
あんまり力を入れないように
気をつけないとダメだよ。","用纸绞干水分的时候，
一定要注意别用太大劲哦。",translated,依恩,d2e595a1ac,br=0 nl=2,3,
inc/event/res/passiveevent01/pas_siboru.txt#7#12,"雑巾やタオルを絞る感覚で力を入れると、
簡単に破けちゃうからね。","要是按拧抹布或毛巾的力道去使劲，
一下子就会破掉的呢。",translated,依恩,7cf9a5cb98,br=0 nl=1,2,
inc/event/res/passiveevent01/pas_siboru.txt#9#12,"これって、
破れない力加減が難しいんだよね。","这个啊，
把握好不把它弄破的力度
还挺难的呢。",translated,依恩,65ad834026,br=0 nl=1,2,
inc/event/res/passiveevent01/pas_siboru.txt#11#12,"紙じゃなくて、ガーゼとか使えば、そういう
心配もないんじゃないのかな？","如果不用纸，改用纱布之类的，
是不是就不用担心这种问题了呀？",translated,依恩,9c25485799,br=0 nl=1,2,
inc/event/res/passiveevent01/pas_siboru.txt#13#12,これって、女の子にはキツい作業だよ。,这活对女孩子来说还真够呛呢。,translated,依恩,55fceed2e6,br=0 nl=0,1,
inc/event/res/passiveevent01/pas_siboru.txt#14#12,"こういう時、男の子が手伝ってくれたら、
凄く嬉しいんだけどね。","这种时候要是有男孩子来帮忙，
我真的会超高兴的呢。",translated,依恩,f29301747b,br=0 nl=1,2,
inc/event/res/passiveevent01/pas_siboru.txt#16#12,"搾って作る料理といえば、やっぱりフルーツ
ジュースを一番に思い浮かべるよね？","说到靠榨汁做的料理，
果然第一反应都会想到果汁吧？",translated,依恩,0ffafee7f2,br=0 nl=1,2,
inc/event/res/passiveevent01/pas_siboru.txt#17#12,"まあ、ジュースだから料理かどうかは怪しい
ところだけど。","不过既然是果汁，
算不算得上料理还挺微妙的呢。",translated,依恩,71d487d817,br=0 nl=1,2,
inc/event/res/passiveevent01/pas_siboru.txt#18#12,"搾りたてのジュースって、
売ってる果汁百パーセントジュースよりも
美味しく感じられるよね。","现榨的果汁，
总感觉比市面上卖的纯果汁
还要更加美味呢。",translated,依恩,dcf7551e96,br=0 nl=2,3,
inc/event/res/passiveevent01/pas_siboru.txt#19#12,"……ただ、本当に百パーセントだから
一気飲みするとすっぱくて大変なの。","……不过，因为是货真价实的纯果汁，
要是大口一口气喝下去会酸得受不了呢。",translated,依恩,4b1a382d17,br=0 nl=1,2,
inc/event/res/passiveevent01/pas_siboru.txt#21#12,そして搾るといったらレモン！,接着说到榨汁，那必须是柠檬！,translated,依恩,7b26434543,br=0 nl=0,1,
inc/event/res/passiveevent01/pas_siboru.txt#22#12,レモンといったら、からあげ！,说到柠檬，那必须是炸鸡块！,translated,依恩,a595895261,br=0 nl=0,1,
inc/event/res/passiveevent01/pas_siboru.txt#23#12,"……か、からあげにレモン汁は普通だよね？
マイノリティーな好みじゃないよね！？","……在、在炸鸡块上挤柠檬汁很正常吧？
这不算什么小众奇葩吃法吧！？",translated,依恩,ab230915b9,br=0 nl=1,2,
inc/event/res/passiveevent01/pas_siboru.txt#25#12,ふんふふんふ～……ふんっ！,哼～哼哼哼～……嘿呀！,translated,依恩,dbd9f43875,br=0 nl=0,1,
inc/event/res/passiveevent01/pas_siboru.txt#26#12,……えっ！？,……诶！？,translated,依恩,d4a94c6b38,br=0 nl=0,1,
inc/event/res/passiveevent01/pas_siboru.txt#27#12,や、やだ、見てたの！？,呀、讨厌，你都看见了！？,translated,依恩,b05161ab46,br=0 nl=0,1,
inc/event/res/passiveevent01/pas_siboru.txt#28#12,"し、仕方ないでしょ？",这、这也没办法嘛？,translated,依恩,2bd78eb85f,br=0 nl=0,1,
inc/event/res/passiveevent01/pas_siboru.txt#29#12,"絞るには力を入れないといけないんだもん。
気合の声だって出ちゃうよ。","想要绞干水分就必须用劲嘛。
发出加油鼓劲的声音也是很正常的呀。",translated,依恩,f338025f7b,br=0 nl=1,2,
inc/event/res/passiveevent01/pas_siboru.txt#30#12,"もう、よりのもよってどうしてそういう声を
出してるときに来ちゃうかなぁ……。","真是的，为什么偏偏挑我发出那种怪声时
跑过来看啦……",translated,依恩,fc137e2162,br=0 nl=1,2,
inc/event/res/passiveevent01/pas_siboru.txt#32#12,今ね、結構いい感じに搾れてるの。,我现在榨得挺不错的哦。,translated,依恩,264e0918c8,br=0 nl=0,1,
inc/event/res/passiveevent01/pas_siboru.txt#33#12,"もうほとんど水気もなくなってきてるし、
そろそろやめても……。","水分基本上都快榨干了，
差不多可以停下来了……",translated,依恩,2e94cc6a72,br=0 nl=1,2,
inc/event/res/passiveevent01/pas_siboru.txt#34#12,"あ、でも搾り方変えたらもう少し出るかも。
もうちょっと頑張ってみるね！","啊，不过要是换个榨法可能还能出点汁。
我再稍微加把劲试试看吧！",translated,依恩,1bacd9cf5b,br=0 nl=1,2,
inc/event/res/passiveevent01/pas_siboru.txt#36#12,ふぅ……ん？,呼……嗯？,translated,依恩,172bedc93b,br=0 nl=0,1,
inc/event/res/passiveevent01/pas_siboru.txt#37#12,えへへ……ちょっとだけお疲れかも。,诶嘿嘿……感觉稍微有点累了呢。,translated,依恩,ff63a61354,br=0 nl=0,1,
inc/event/res/passiveevent01/pas_siboru.txt#38#12,"結構搾ってはいるんだけど、中々搾りきれ
なくて、手も疲れてきちゃったかも……。","虽然榨了挺久的，但总感觉榨不干净，
手也开始发酸了呢……",translated,依恩,f937e3a83c,br=0 nl=1,2,
inc/event/res/passiveevent01/pas_siboru.txt#39#12,"でもここまで搾ったんだから、
最後まで頑張ってみようかな。","不过既然都榨到这个份上了，
我还是坚持榨到最后吧。",translated,依恩,b637e6ae26,br=0 nl=1,2,
inc/event/res/passiveevent01/pas_siboru.txt#41#12,……ふぇ？,……诶？,translated,依恩,c520d3c09a,br=0 nl=0,1,
inc/event/res/passiveevent01/pas_siboru.txt#42#12,う、うそっ、ぼーっとしちゃってた！,骗、骗人的吧，我居然发呆了！,translated,依恩,3ca58b001f,br=0 nl=0,1,
inc/event/res/passiveevent01/pas_siboru.txt#43#12,"搾る作業の途中で、どうしたらぼーっと
なんてできるんだろう？","在榨汁的时候，到底要怎样
才能发起呆来啊？",translated,依恩,6ba1d7fac6,br=0 nl=1,2,
inc/event/res/passiveevent01/pas_siboru.txt#44#12,……自分の集中力のなさにびっくりだよ。,……我自己都被自己的不专心震惊到了。,translated,依恩,0af53afca9,br=0 nl=0,1,
inc/event/res/passiveevent01/pas_siboru.txt#46#12,"……あ、あれ？
搾れてない！？","……咦、奇怪？
怎么完全没榨出来！？",translated,依恩,3cc47e4cb5,br=0 nl=1,2,
inc/event/res/passiveevent01/pas_siboru.txt#47#12,"手に力入れてたはずなのに、
いつの間にかぼーっとして、
力が弱まってたみたい……。","我明明以为手上在用力，
不知不觉一走神，
手上的劲好像就松掉了……",translated,依恩,6ae3c49c61,br=0 nl=2,3,
inc/event/res/passiveevent01/pas_siboru.txt#48#12,"結構搾ったと思ったのになぁ……。
ちょっとだけ、損した気分かも……。","我还以为榨了好多呢……
感觉稍微有点白费力气了……",translated,依恩,f3d1cbb2cb,br=0 nl=1,2,
inc/event/res/passiveevent01/pas_siboru.txt#50#12,……ん？,……嗯？,translated,依恩,632ec345ec,br=0 nl=0,1,
inc/event/res/passiveevent01/pas_siboru.txt#51#12,"あ、し、搾る？
うん、搾ってる最中だよね、わかってるよ。","啊，榨、榨汁？
嗯，我正在榨着呢，我知道的啦。",translated,依恩,130db16cfc,br=0 nl=1,2,
inc/event/res/passiveevent01/pas_siboru.txt#52#12,"ぼーっとしてたら終わらないよね。
作業に集中しまーす。","一直发呆可就完不成了呢。
我要专心干活啦――",translated,依恩,426927d2be,br=0 nl=1,2,
inc/event/res/passiveevent01/pas_siboru.txt#54#12,"……あっ、いけない！
休み過ぎちゃった！","……啊，糟了！
休息得太久了！",translated,依恩,3e9f6c3776,br=0 nl=1,2,
inc/event/res/passiveevent01/pas_siboru.txt#55#12,はぁ、搾るのって、結構力を使うでしょ？,哈啊，榨汁真的很费力气对吧？,translated,依恩,210a3719cf,br=0 nl=0,1,
inc/event/res/passiveevent01/pas_siboru.txt#56#12,"だから少し休んでから続きをしようと
思ってたの。",所以我想着稍微歇一歇再接着做。,translated,依恩,b8f360287b,br=0 nl=1,2,
inc/event/res/passiveevent01/pas_siboru.txt#57#12,"すぐに始めないと。
声かけてくれてありがと！","得马上开工了。
谢谢你提醒我哦！",translated,依恩,9a1f6f1c2a,br=0 nl=1,2,
inc/event/res/passiveevent01/pas_yakin.txt#6#12,"冶金術と錬金術って、
まったくの別物なんだよ。","冶金术和炼金术，
可是完全不同的两码事哦。",translated,依恩,522199d802,br=0 nl=1,2,
inc/event/res/passiveevent01/pas_yakin.txt#7#12,"たまに間違って覚えちゃってる人がいる
みたいだから、気をつけてね。","好像偶尔会有人搞混它们，
你可要分清楚哦。",translated,依恩,355bf4dd7b,br=0 nl=1,2,
inc/event/res/passiveevent01/pas_yakin.txt#9#12,"冶金って言葉を知ってる人って
少ないんじゃないかな？","知道“冶金”这个词的人，
应该挺少的吧？",translated,依恩,36eb0849f3,br=0 nl=1,2,
inc/event/res/passiveevent01/pas_yakin.txt#10#12,"鉱石から金属を精製する工程のこと
なんだけど……。",虽然就是指从矿石中提炼金属的工序……,translated,依恩,440424a0fc,br=0 nl=1,2,
inc/event/res/passiveevent01/pas_yakin.txt#11#12,日常では、あんまり聞かない言葉だよね。,但在日常生活中，确实不太常听到呢。,translated,依恩,bd55269b96,br=0 nl=0,1,
inc/event/res/passiveevent01/pas_yakin.txt#13#12,"さすがのわたしでも、冶金のことまでは
詳しくないし、慣れてもいないよ。","就算是精通机械的我，对冶金也不了解，
更算不上熟悉啦。",translated,依恩,ad93fda0d3,br=0 nl=1,2,
inc/event/res/passiveevent01/pas_yakin.txt#14#12,"けど、何回かやれば
コツがつかめそうだから頑張るね。","不过只要多试几次应该就能掌握诀窍了，
我会努力的。",translated,依恩,b9743ef4ab,br=0 nl=1,2,
inc/event/res/passiveevent01/pas_yakin.txt#16#12,"これの大変なところは、
鉱石を細かく粉砕するところなの。","这活最费劲的地方，
就在于要把矿石碾得非常细碎。",translated,依恩,8077f5db1a,br=0 nl=1,2,
inc/event/res/passiveevent01/pas_yakin.txt#17#12,"そうしないと、
なかなか溶けてくれないから。","要是不这么做的话，
矿石就很难融化了。",translated,依恩,70fd064f47,br=0 nl=1,2,
inc/event/res/passiveevent01/pas_yakin.txt#18#12,"ちゃんとした設備があれば簡単だろうけど、
この家ではちょっと難しいかな。","要是有正规的设备应该挺简单的，
但在家里弄就有点难办了呢。",translated,依恩,17f587d093,br=0 nl=1,2,
inc/event/res/passiveevent01/pas_yakin.txt#19#12,"もっと本格的な機械があれば、
全部任せられるのに……。","要是有更专业的机器，
就能全交给机器处理了……",translated,依恩,29667e682b,br=0 nl=1,2,
inc/event/res/passiveevent01/pas_yakin.txt#21#12,えへへ、今ね、いい感じにできてるの。,诶嘿嘿，我现在弄得挺有模有样哦。,translated,依恩,32472bb27a,br=0 nl=0,1,
inc/event/res/passiveevent01/pas_yakin.txt#22#12,"まだ途中だけど、
なんとなく上手くできそうな気がするよ。","虽然还没做完，
但我隐约感觉能成功做出来呢。",translated,依恩,57ab567398,br=0 nl=1,2,
inc/event/res/passiveevent01/pas_yakin.txt#23#12,"貴金属に見間違えるくらい、
綺麗に出来るといいなぁ。",要是能做得漂亮得像贵金属一样就好啦。,translated,依恩,a2722b6e3f,br=0 nl=1,2,
inc/event/res/passiveevent01/pas_yakin.txt#25#12,ふ～ふんふふ～♪,哼～哼哼哼～♪,translated,依恩,7ee8aad4bb,br=0 nl=0,1,
inc/event/res/passiveevent01/pas_yakin.txt#26#12,"えへへ……なんか、冶金もやってたら
楽しくなってきちゃった！","诶嘿嘿……不知道为什么，
冶金做着做着也变得开心起来了！",translated,依恩,02f04c6091,br=0 nl=1,2,
inc/event/res/passiveevent01/pas_yakin.txt#27#12,だって、石を金属に変えちゃうんだよ？,毕竟，这可是把石头变成金属呢！,translated,依恩,a4f18f0575,br=0 nl=0,1,
inc/event/res/passiveevent01/pas_yakin.txt#28#12,"それって凄いことでしょ？
そんなのをやれるんだから、
ドキドキしちゃうよ。","这不是很厉害的事吗？
能够亲手做到这种事，
真的好让人激动呀。",translated,依恩,403baec236,br=0 nl=2,3,
inc/event/res/passiveevent01/pas_yakin.txt#30#12,ねえねえ、凄いんだよ！,喂喂，真的很不可思议哦！,translated,依恩,eaed5d2e79,br=0 nl=0,1,
inc/event/res/passiveevent01/pas_yakin.txt#31#12,"結構大きい鉱石だったのに、
不純物を取っていったら
こんなに小さくなっちゃったの。","明明是挺大一块矿石，
去除了杂质之后
居然变得只有这么一点点了。",translated,依恩,5cdcb1461e,br=0 nl=2,3,
inc/event/res/passiveevent01/pas_yakin.txt#32#12,"これ、貴重な金属なのかな？
それとも、質の悪い鉱石だったとか？","这到底是很珍贵的金属呢？
还是单纯只是一块劣质矿石呢？",translated,依恩,b88c681fef,br=0 nl=1,2,
inc/event/res/passiveevent01/pas_yakin.txt#34#12,"えへへ、ちょっと疲れちゃったかも……。
やっぱり鉱石を砕いたりするのは、
女の子には大変な作業だよ。","诶嘿嘿，感觉稍微有点累了……
毕竟砸碎矿石这种粗活，
对女孩子来说还是太吃力了。",translated,依恩,95e6934b47,br=0 nl=2,3,
inc/event/res/passiveevent01/pas_yakin.txt#35#12,"あなたがいてくれたら、手伝ってもらって、
少しは楽できるんだけどなぁ。","要是你在我身边，就能帮我一把，
我也能轻松一点了呢。",translated,依恩,8dfe717184,br=0 nl=1,2,
inc/event/res/passiveevent01/pas_yakin.txt#36#12,"……なんて、えへへ。
こうして見に来てくれるだけでも、
わたしは十分嬉しいよ。","……开玩笑的啦，诶嘿嘿。
只要你能像这样常来看看我，
我就已经很开心了。",translated,依恩,7178c061d2,br=0 nl=2,3,
inc/event/res/passiveevent01/pas_yakin.txt#38#12,……っ！？,……！？,translated,依恩,5ee73ae18d,br=0 nl=0,1,
inc/event/res/passiveevent01/pas_yakin.txt#39#12,う、うそ……ぼーっとしてた？,不、不会吧……我刚才走神了？,translated,依恩,74b656f064,br=0 nl=0,1,
inc/event/res/passiveevent01/pas_yakin.txt#40#12,"冶金って、途中でぼーっとできる
作業じゃないのに……。",冶金可不是能半路走神的工作呢……,translated,依恩,f54fbdd6fc,br=0 nl=1,2,
inc/event/res/passiveevent01/pas_yakin.txt#41#12,"……真面目にやってなかった、っていう
証拠なのかな？",……这是不是证明我态度还不够认真呢？,translated,依恩,fc92fcd5eb,br=0 nl=1,2,
inc/event/res/passiveevent01/pas_yakin.txt#42#12,"そんなつもりはなかったんだけど、
これからは気をつけるよ。","我虽然完全没有那种念头，
不过接下来会注意的。",translated,依恩,104d7b747c,br=0 nl=1,2,
inc/event/res/passiveevent01/pas_yakin.txt#44#12,わわっ、いけない！！,哇哇，不行！！,translated,依恩,bf92f55ec1,br=0 nl=0,1,
inc/event/res/passiveevent01/pas_yakin.txt#45#12,"ちょっと休憩しようと思って、
そのままぼーっとしちゃってたみたい。","我本来只想稍微歇一会儿，
不知不觉就那样发起呆来了。",translated,依恩,51f90ff655,br=0 nl=1,2,
inc/event/res/passiveevent01/pas_yakin.txt#46#12,"余計に休んじゃった分、
今から取り返さないと！","多歇的那点时间，
我现在必须抓紧补回来才行！",translated,依恩,965ade143c,br=0 nl=1,2,
inc/event/res/passiveevent01/pas_yakin.txt#48#12,……え？,……诶？,translated,依恩,4e48b2f03b,br=0 nl=0,1,
inc/event/res/passiveevent01/pas_yakin.txt#49#12,"あっ、ごめんなさい！
手が止まってたね。","啊，对不起！
我手停下来了对吧。",translated,依恩,3857a3025c,br=0 nl=1,2,
inc/event/res/passiveevent01/pas_yakin.txt#50#12,"ちょっと考え事しちゃってたみたい。
えへへ……。","我好像稍微想事情想入神了。
诶嘿嘿……",translated,依恩,63df83c34b,br=0 nl=1,2,
inc/event/res/passiveevent01/pas_yakin.txt#52#12,ふぁ～……。,哈啊～……,translated,依恩,a7cd717c9a,br=0 nl=0,1,
inc/event/res/passiveevent01/pas_yakin.txt#53#12,って、あくびなんかしちゃダメだよね。,不对，可不能在这里打哈欠呢。,translated,依恩,cce30c0737,br=0 nl=0,1,
inc/event/res/passiveevent01/pas_yakin.txt#54#12,"ちゃんと砕いておかないと、
不純物が混じっちゃうかもしれないし。","要是不好好研碎，
说不定就会混入杂质了。",translated,依恩,076bf6504c,br=0 nl=1,2,
inc/event/res/passiveevent01/pas_yakin.txt#55#12,よしっ、気合入れるぞーっ！,好――打起精神来喽！,translated,依恩,a2d43e440f,br=0 nl=0,1,
inc/event/res/passiveevent01/pas_yaku.txt#6#12,焼く時のジューッ、って音がいいよね。,煎烤时滋滋作响的声音真棒呢。,translated,依恩,79fdec8b92,br=0 nl=0,1,
inc/event/res/passiveevent01/pas_yaku.txt#7#12,"やっぱりあの音がしないと、
焼いてるって気にならないもん。","果然要是没有那个声音，
就完全没有在煎烤的感觉嘛。",translated,依恩,e0900426df,br=0 nl=1,2,
inc/event/res/passiveevent01/pas_yaku.txt#9#12,"焼きさえすれば、大抵のものは食べれる
ようになるからすごいよね。","只要烤一烤，大部分东西都能吃下肚，
真的很神奇呢。",translated,依恩,629dc1f7f9,br=0 nl=1,2,
inc/event/res/passiveevent01/pas_yaku.txt#10#12,……味はまた別の話だけど。,……至于味道好不好吃就是另一码事了。,translated,依恩,2cedf35e6e,br=0 nl=0,1,
inc/event/res/passiveevent01/pas_yaku.txt#12#12,"いいフライパンじゃないと
焦げ付いちゃうんだよね。","平底锅要是不够好，
很容易就会糊锅底呢。",translated,依恩,dd295299a9,br=0 nl=1,2,
inc/event/res/passiveevent01/pas_yaku.txt#13#12,"わたしのフライパンはそんなにいい物じゃ
ないから、焦げが付きやすいの。","我的平底锅不算什么高级货，
所以特别容易粘锅烧糊。",translated,依恩,c943348e3c,br=0 nl=1,2,
inc/event/res/passiveevent01/pas_yaku.txt#14#12,"後片付けのことを考えると、上手に料理を
作れたとしても、素直に喜べないんだよね。","一想到饭后还要收拾洗锅，
就算菜做得很成功，也无法由衷高兴呢。",translated,依恩,ea56e8b69f,br=0 nl=1,2,
inc/event/res/passiveevent01/pas_yaku.txt#16#12,"いい匂いがし始めると、
つい完成したって思っちゃうよね？","一旦开始闻到诱人的香味，
就会忍不住以为已经做好了对吧？",translated,依恩,1fe692948c,br=0 nl=1,2,
inc/event/res/passiveevent01/pas_yaku.txt#17#12,"でも実際に口に入れてみると、
まだ火が通ってないってことない？","但实际尝了一口才发现，
里面居然根本没熟，
你有没有遇到过这种情况？",translated,依恩,b140a0c560,br=0 nl=1,2,
inc/event/res/passiveevent01/pas_yaku.txt#18#12,……も、もしかして、わたしだけ？,……难、难道说，只有我才会这样？,translated,依恩,b4f62f0a48,br=0 nl=0,1,
inc/event/res/passiveevent01/pas_yaku.txt#20#12,きゃっ！？,呀！？,translated,依恩,61dd7adbe6,br=0 nl=0,1,
inc/event/res/passiveevent01/pas_yaku.txt#21#12,えへへ、歌ってるところ見られちゃった。,诶嘿嘿，唱歌的样子被你看到啦。,translated,依恩,c832984e97,br=0 nl=0,1,
inc/event/res/passiveevent01/pas_yaku.txt#22#12,"でも、火を使ってる時にはあんまり
驚かさないでね。","不过，在我用火的时候
可别太吓唬我哦。",translated,依恩,eb46b7924f,br=0 nl=1,2,
inc/event/res/passiveevent01/pas_yaku.txt#24#12,……あれ？,……咦？,translated,依恩,7400bc39fd,br=0 nl=0,1,
inc/event/res/passiveevent01/pas_yaku.txt#25#12,すごく良い匂いがして、いいところなんだ。,闻到好香的味道，正是关键时候呢。,translated,依恩,9cc4321a96,br=0 nl=0,1,
inc/event/res/passiveevent01/pas_yaku.txt#26#12,"焼き終わるまでにはまだ時間が掛かるから、
もう少し待っててね。","烤好还要花点时间，
你再稍等一会儿哦。",translated,依恩,68cb01a232,br=0 nl=1,2,
inc/event/res/passiveevent01/pas_yaku.txt#28#12,……ん？,……嗯？,translated,依恩,632ec345ec,br=0 nl=0,1,
inc/event/res/passiveevent01/pas_yaku.txt#29#12,"えへへ、何だか凄く上手に焼けそうなの。",诶嘿嘿，感觉好像能烤得非常漂亮呢。,translated,依恩,bc3fb23f08,br=0 nl=0,1,
inc/event/res/passiveevent01/pas_yaku.txt#30#12,"出来上がりが凄く楽しみだよ。
早く焼きあがらないかなぁ？","好期待出锅的样子啊。
什么时候才能烤好呀？",translated,依恩,4be0b2a390,br=0 nl=1,2,
inc/event/res/passiveevent01/pas_yaku.txt#32#12,ふ～ふんふふ～♪,哼～哼哼哼～♪,translated,依恩,7ee8aad4bb,br=0 nl=0,1,
inc/event/res/passiveevent01/pas_yaku.txt#33#12,ふぅ……。,呼……,translated,依恩,a8365b834f,br=0 nl=0,1,
inc/event/res/passiveevent01/pas_yaku.txt#34#12,やっぱり、火を使ってると熱くなるよね。,果然用起火来就会变得好热呢。,translated,依恩,2348c951c4,br=0 nl=0,1,
inc/event/res/passiveevent01/pas_yaku.txt#35#12,"作り終わったら、着替えかお風呂に入って
さっぱりしたいかも。","做完之后，我想换身衣服或者去洗个澡
清爽一下呢。",translated,依恩,3bb972806c,br=0 nl=1,2,
inc/event/res/passiveevent01/pas_yaku.txt#37#12,……はっ！？,……哈！？,translated,依恩,e6442d228e,br=0 nl=0,1,
inc/event/res/passiveevent01/pas_yaku.txt#38#12,"あ、危なかったぁ……。
いつの間にかぼーっとしちゃってたよ。","好、好险啊……
不知不觉间我居然走神了。",translated,依恩,1d66da3bed,br=0 nl=1,2,
inc/event/res/passiveevent01/pas_yaku.txt#39#12,"なんか物凄いジュージューいってたけど、
まだ大丈夫そうで安心したよ。","刚才锅里滋滋响得特别厉害，
不过看起来还没糊，总算放心了。",translated,依恩,3cf1406d15,br=0 nl=1,2,
inc/event/res/passiveevent01/pas_yaku.txt#40#12,"本当、火を使ってる時くらいは
ちゃんとしないとダメだね。","真是的，至少用火的时候
必须集中精神才行呢。",translated,依恩,fe8ed832ee,br=0 nl=1,2,
inc/event/res/passiveevent01/pas_yaku.txt#42#12,……きゃっ！？,……呀！？,translated,依恩,f9abf31480,br=0 nl=0,1,
inc/event/res/passiveevent01/pas_yaku.txt#43#12,"ぼ、ぼーっとしちゃってたみたい。
よかったよ、あなたが来てくれて。","看来我刚才走神了。
太好了，幸亏你过来了。",translated,依恩,8e0d3b83e5,br=0 nl=1,2,
inc/event/res/passiveevent01/pas_yaku.txt#44#12,"あのままだったら焦げて煙が上がるまで
ぼーっとしたままだったかもしれないし。","要是放着不管，说不定直到烧焦冒烟
我都还在那里发呆呢。",translated,依恩,61c8718c30,br=0 nl=1,2,
inc/event/res/passiveevent01/pas_yaku.txt#46#12,……んっ、あ、うえっ！？,……嗯、啊、呜哇！？,translated,依恩,72f4aa2d6c,br=0 nl=0,1,
inc/event/res/passiveevent01/pas_yaku.txt#47#12,"え、えへへ……ぼーっとしてたから
舌が回らなかったよ。","诶、诶嘿嘿……刚才走神了，
舌头都打结了呢。",translated,依恩,f2a19b256b,br=0 nl=1,2,
inc/event/res/passiveevent01/pas_yaku.txt#48#12,"っていうか、声かけてくれてありがとね。
火を使ってる時にぼーっとしてるなんて、
自分で自分が信じられないよ。","话说回来，谢谢你出声提醒我。
在用火时居然发呆，
我真的都不敢相信自己会这样。",translated,依恩,00f9c95e51,br=0 nl=2,3,
inc/event/res/passiveevent01/pas_yaku.txt#49#12,"火事になるのは嫌だし、今からは
気を引き締めていくからね！","我可不想引发火灾，接下来
我一定会全神贯注的！",translated,依恩,6f5f1351f5,br=0 nl=1,2,
inc/event/res/passiveevent01/pas_yaku.txt#51#12,わわっ、危ない！！,哇哇，危险！！,translated,依恩,ca13aedbea,br=0 nl=0,1,
inc/event/res/passiveevent01/pas_yaku.txt#52#12,"ふぅ……何か手が熱いなぁ、って思ったら、
火のすぐ近くに動いてたよ。","呼……我还纳闷怎么手这么烫，
原来手都凑到火苗边上了。",translated,依恩,b5bc0005a9,br=0 nl=1,2,
inc/event/res/passiveevent01/pas_yaku.txt#53#12,"もう少し気づくの遅かったら、
今頃火傷してたよ。","要是再迟一会儿发现，
现在肯定就被烫伤了。",translated,依恩,b93fd50943,br=0 nl=1,2,
inc/event/res/passiveevent01/pas_yaku.txt#54#12,"火を使ってる時はもっと気をつけないと。
火傷も怖いけど、火事になるのも怖いしね。","用火的时候必须加倍小心才行呢。
烫伤虽然可怕，但引发火灾也很可怕嘛。",translated,依恩,e718dd0346,br=0 nl=1,2,
