id,jp,zh,status,speaker,src,ctl,lines,note
inc/event/res/seasonevent/seasonal_april.txt#6#12,あ、来た来た～。,啊，来啦来啦～,translated,依恩,f3214bfada,br=0 nl=0,1,
inc/event/res/seasonevent/seasonal_april.txt#11#12,あ、来た来た～。,啊，来啦来啦～,translated,依恩,f3214bfada,br=0 nl=0,1,
inc/event/res/seasonevent/seasonal_april.txt#18#12,ねえ、いる～？,喂，你在吗～？,translated,依恩,d025f57817,br=0 nl=0,1,
inc/event/res/seasonevent/seasonal_april.txt#22#12,残念。,真遗憾。,translated,依恩,db119d5662,br=0 nl=0,1,
inc/event/res/seasonevent/seasonal_april_tch.txt#4#12,あ、いてくれたんだ～。,啊，原来你在呀～,translated,依恩,d82706abe6,br=0 nl=0,1,
inc/event/res/seasonevent/seasonal_april_tch.txt#7#12,"あのね、聞いて欲しいことがあるの。
ちょっとビックリすることだよ。","那个啊，我有件事想跟你讲。
是件会让你大吃一惊的事哦。",translated,依恩,8fcddec407,br=0 nl=1,2,
inc/event/res/seasonevent/seasonal_april_tch.txt#8#12,"実はわたしね……
空を飛ぶことができるんだよ！","其实我呀……
能够飞到空中去哦！",translated,依恩,b107858f2a,br=0 nl=1,2,
inc/event/res/seasonevent/seasonal_april_tch.txt#9#12,"この前、ねりこさんのお店に行った時に、
体をフワーッて浮かせられることに
気づいたの。","前几天我去妮莉库的店里时，
忽然发现自己的身体
竟然轻飘飘地浮起来了。",translated,依恩,ab1cfe802c,br=0 nl=2,3,
inc/event/res/seasonevent/seasonal_april_tch.txt#10#12,どう、ビックリした？,怎么样，大吃一惊吧？,translated,依恩,f07f7ad1b0,br=0 nl=0,1,
inc/event/res/seasonevent/seasonal_april_tch.txt#11#12,今までできなかったの？,难道你以前不会飞吗？,translated,,47c33faf74,br=0 nl=0,1,
inc/event/res/seasonevent/seasonal_april_tch.txt#12#12,そんな能力があったの！？,你居然有这种能力！？,translated,,80adfcf27e,br=0 nl=0,1,
inc/event/res/seasonevent/seasonal_april_tch.txt#14#12,"えっ！？　もしかして、あなたは空を
飛べたりするの！？","哎！？难道说，你
平时就能飞到空中吗！？",translated,依恩,e4c3e9d686,br=0 nl=1,2,
inc/event/res/seasonevent/seasonal_april_tch.txt#15#12,"……エイプリルフールだから、
ウソをついてみただけだったのに……。","……我明明只是因为愚人节，
才故意撒了个谎而已的说……",translated,依恩,7756f10a51,br=0 nl=1,2,
inc/event/res/seasonevent/seasonal_april_tch.txt#16#12,こっちもウソをついただけだよ,我这边也只是在撒谎骗你啦,translated,,1a24d9a733,br=0 nl=0,1,
inc/event/res/seasonevent/seasonal_april_tch.txt#18#12,えぇっ、そうだったの！？,诶诶，原来是这样吗！？,translated,依恩,7131fb91ba,br=0 nl=0,1,
inc/event/res/seasonevent/seasonal_april_tch.txt#19#12,"うぅ、やられたぁ……。
突然エイプリルフールのこと話して
驚かせるつもりだったのに……。","唔呜，被你反将一军了……
我本想突然提起愚人节的事
来吓你一跳的……",translated,依恩,eaefbfce56,br=0 nl=2,3,
inc/event/res/seasonevent/seasonal_april_tch.txt#22#12,"ふふっ……特別にあなたにだけは
お話してあげるけど、実はね……。","呵呵……看在你的份上特别告诉你，
其实呢……",translated,依恩,2c35a53142,br=0 nl=1,2,
inc/event/res/seasonevent/seasonal_april_tch.txt#23#12,今の話、ウソでしたー！,刚才的话是骗你的啦――！,translated,依恩,5e3f1e78de,br=0 nl=0,1,
inc/event/res/seasonevent/seasonal_april_tch.txt#24#12,"えへへ、エイプリルフールだから
ウソをついてみたの。
どう、ビックリした？","嘿嘿，因为今天是愚人节，
所以我才故意撒谎骗你的。
怎么样，吓到了吧？",translated,依恩,9749bd2bfd,br=0 nl=2,3,
inc/event/res/seasonevent/seasonal_april_tch.txt#26#12,エイプリルフールのこと、知ってるの？,你居然知道愚人节的事情？,translated,,e4513ad86e,br=0 nl=0,1,
inc/event/res/seasonevent/seasonal_april_tch.txt#28#12,"うん、ずっと前にねりこさんから
教えてもらってたの。","嗯，很久以前妮莉库
就曾经告诉过我了。",translated,依恩,c3a28eedf5,br=0 nl=1,2,
inc/event/res/seasonevent/seasonal_april_tch.txt#29#12,"あなたの世界ではエイプリルフール、
っていうウソをついてもいい日がある、
ってね。","她说在你的世界里，有着一个叫愚人节的、
可以随意撒谎开玩笑的日子。
她是这么说的哦。",translated,依恩,ea6ddb7081,br=0 nl=2,3,
inc/event/res/seasonevent/seasonal_april_tch.txt#30#12,"それで、どんなウソを言おうか
ずっと考えてたの。","所以我就一直在琢磨，
到底要编个什么样的谎言才好。",translated,依恩,3f5d560e93,br=0 nl=1,2,
inc/event/res/seasonevent/seasonal_april_tch.txt#31#12,ビックリしたよ,确实吓了一跳哦,translated,,d0099886be,br=0 nl=0,1,
inc/event/res/seasonevent/seasonal_april_tch.txt#32#12,イオンらしい可愛いウソだね,真像是伊奥会编的可爱谎言呢,translated,,e9ceea1b38,br=0 nl=0,1,
inc/event/res/seasonevent/seasonal_april_tch.txt#34#12,"本当！？
やった、大成功！","真的吗！？
太好了，大成功！",translated,依恩,1a7fa6c694,br=0 nl=1,2,
inc/event/res/seasonevent/seasonal_april_tch.txt#37#12,"も、もぉ……こういう時にまで
そんなこと言われるとは思わなかったよ。","真、真是的……真没想到这种时候
你还会对我说这种话。",translated,依恩,2904bd0a6a,br=0 nl=1,2,
inc/event/res/seasonevent/seasonal_april_tch.txt#38#12,"でも、嬉しいよ。
ありがと。","不过，我心里挺高兴的。
谢谢你。",translated,依恩,3886273f3f,br=0 nl=1,2,
inc/event/res/seasonevent/seasonal_april_tch.txt#39#12,"今度のエイプリルフールには、
どんなウソをつこうかなぁ？","下一次的愚人节，
该撒个什么样的谎好呢？",translated,依恩,e60ef9b0cb,br=0 nl=1,2,
inc/event/res/seasonevent/seasonal_april_tch.txt#40#12,ふふっ、今から考えておこっと。,呵呵，我现在就先构思起来好了。,translated,依恩,0672dc5df3,br=0 nl=0,1,
inc/event/res/seasonevent/seasonal_april_tch.txt#43#12,"ねりこさんが言ってたんだけど、
わたしがいない間にねりこさんと
デートをしてるみたいだね。","妮莉库之前偷偷跟我说了哦，
趁着我不在的时候，
你好像经常在和她约会呢。",translated,依恩,a4ded0f54e,br=0 nl=2,3,
inc/event/res/seasonevent/seasonal_april_tch.txt#44#12,"ねりこさんが言ってたよ。
とうだいもりがいない間の密会は、
とても盛り上がる、って……。","妮莉库亲口跟我讲的哦。
说什么灯塔看守不在时的幽会，
格外地刺激尽兴……",translated,依恩,9984c6727e,br=0 nl=2,3,
inc/event/res/seasonevent/seasonal_april_tch.txt#45#12,どういうことかなぁ？,这到底是怎么一回事呀？,translated,依恩,9203db0317,br=0 nl=0,1,
inc/event/res/seasonevent/seasonal_april_tch.txt#46#12,ウソはもっと上手につかないとダメだよ,撒谎可得编得更逼真一点才行哦,translated,,87ce1c61b8,br=0 nl=0,1,
inc/event/res/seasonevent/seasonal_april_tch.txt#47#12,ひっ！？　ご、ごめんなさい！！,噫！？对、对不起！！,translated,,47a839ff95,br=0 nl=0,1,
inc/event/res/seasonevent/seasonal_april_tch.txt#49#12,あらら……やっぱりそう思う？,哎呀呀……你果然看穿了呀？,translated,依恩,f9c1fb39cd,br=0 nl=0,1,
inc/event/res/seasonevent/seasonal_april_tch.txt#50#12,"わたしも言った後で、失敗したな、って
思ったよ。","我刚说完也觉得，
这次好像彻底演砸了呢。",translated,依恩,06edb76292,br=0 nl=1,2,
inc/event/res/seasonevent/seasonal_april_tch.txt#53#12,えっ、どうして謝るの？,哎，你为什么要道歉呀？,translated,依恩,a2b44f49b0,br=0 nl=0,1,
inc/event/res/seasonevent/seasonal_april_tch.txt#54#12,"エイプリルフールだから、
ちょっとウソを言ってみただけだよ。","因为今天是愚人节，
我只是故意撒个小谎开玩笑而已啦。",translated,依恩,46d6b913a6,br=0 nl=1,2,
inc/event/res/seasonevent/seasonal_april_tch.txt#55#12,"もしかして、驚かせすぎちゃったかな？
ごめんね、もう少し大人しいウソ
じゃなきゃダメだったね。","难道说，我吓得太狠了吗？
对不起哦，我应该换个
更温和一点的玩笑才对呢。",translated,依恩,0a871eda94,br=0 nl=2,3,
inc/event/res/seasonevent/seasonal_april_tch.txt#57#12,"でも、これって本当にねりこさんが
言ってたウソなんだよ。","不过，这其实是妮莉库
亲口跟我撒的谎哦。",translated,依恩,7b80006618,br=0 nl=1,2,
inc/event/res/seasonevent/seasonal_april_tch.txt#58#12,"しかも、エイプリルフールでもなんでもない
普通の日に言われたから、本当にビックリ
しちゃったよ。","而且还是在跟愚人节八竿子打不着的
大平时被她这么说的，
当时可真把我吓了一大跳呢。",translated,依恩,f0f874a5bd,br=0 nl=2,3,
inc/event/res/seasonevent/seasonal_april_tch.txt#59#12,"エイプリルフールに会えるとは限らんから、
フライングさせてもらったぞ、って
言ってたけど……。","她还说什么‘愚人节那天未必能见上面，
就权当我抢先偷跑了一步吧’……
她是这么解释的啦……",translated,依恩,17f2f28ef7,br=0 nl=2,3,
inc/event/res/seasonevent/seasonal_april_tch.txt#60#12,"フライングしたら、意味が無いように
思えるんだけどなぁ……。","可要是偷跑的话，
感觉就完全失去节日的意义了嘛……",translated,依恩,9c0055c311,br=0 nl=1,2,
inc/event/res/seasonevent/seasonal_april_tch.txt#61#12,ねりこさんならしょうがないよ,是妮莉库的话那也是没办法的事呢,translated,,6166e2bf0d,br=0 nl=0,1,
inc/event/res/seasonevent/seasonal_april_tch.txt#63#12,"あ、あはは……そう言われると、
確かにそんな気はするね。","啊、啊哈哈……被你这么一说，
确实挺有她的风格呢。",translated,依恩,9fc488c5b2,br=0 nl=1,2,
inc/event/res/seasonevent/seasonal_april_tch.txt#64#12,"でも、やっぱりウソをつくなら
前みたいな方が楽しいかも。","不过，要是撒谎开玩笑的话，
果然还是之前的那些比较有趣呢。",translated,依恩,638a6c571d,br=0 nl=1,2,
inc/event/res/seasonevent/seasonal_april_tch.txt#65#12,"とはいっても、そう簡単にウソなんて
思いつかないよね？","话虽如此，但也绝不是
随随便便就能立刻想出好点子的呢。",translated,依恩,75ccfd5e76,br=0 nl=1,2,
inc/event/res/seasonevent/seasonal_april_tch.txt#66#12,"ウソのような本当の話で言うと、
少し前に石を金に変えるレシピを
完成させはしたけど……。","要说那种宛如谎言一般的真实故事，
前不久我倒是确实成功完成了
能点石成金的调合配方……",translated,依恩,5796f00b1e,br=0 nl=2,3,
inc/event/res/seasonevent/seasonal_april_tch.txt#67#12,"でも、金なんて作っても、
わたしの世界では価値がないし……。","可就算把黄金做出来，
在我的世界里也根本一文不值嘛……",translated,依恩,cb5ae6d6b4,br=0 nl=1,2,
inc/event/res/seasonevent/seasonal_april_tch.txt#68#12,錬金術！？　凄いじゃん！！,炼金术！？太厉害了吧！！,translated,,a840409b60,br=0 nl=0,1,
inc/event/res/seasonevent/seasonal_april_tch.txt#69#12,お金に変えられないもんね,毕竟没法换成钱嘛,translated,,58a3c0c9d4,br=0 nl=0,1,
inc/event/res/seasonevent/seasonal_april_tch.txt#71#12,ふふっ……今の、ウソ。,呵呵……刚才的，也是骗你的。,translated,依恩,3af11444ed,br=0 nl=0,1,
inc/event/res/seasonevent/seasonal_april_tch.txt#72#12,しまった、引っかかった！！,糟糕，中招了！！,translated,,4bb61da192,br=0 nl=0,1,
inc/event/res/seasonevent/seasonal_april_tch.txt#74#12,"ごめんね。でも、今みたいな驚き方を
してもらえるウソ、言っておきたかったの。","对不起啦。但我一直很想说一次
能让你像刚才那样震惊的谎言嘛。",translated,依恩,f6f32cead7,br=0 nl=1,2,
inc/event/res/seasonevent/seasonal_april_tch.txt#75#12,"でも、また来年までお預けかと思うと、
ちょっと寂しい気がするなぁ……。","不过一想到又得封印到明年，
总感觉心里有点小寂寞呢……",translated,依恩,e09ab5de7a,br=0 nl=1,2,
inc/event/res/seasonevent/seasonal_april_tch.txt#76#12,"でも、いつも言ってたらただの
ウソつきになっちゃうから、
これくらいでいいのかもね。","可要是平时老是撒谎，
那就真成撒谎精小骗子了，
所以还是到此为止恰到好处呢。",translated,依恩,956fdfa29c,br=0 nl=2,3,
inc/event/res/seasonevent/seasonal_april_tch.txt#79#12,うぅ……今のもウソだったのに……。,唔呜……刚才那个分明也是谎话的说……,translated,依恩,12316bddc6,br=0 nl=0,1,
inc/event/res/seasonevent/seasonal_april_tch.txt#80#12,"慌てさせるような驚かせ方とは違う
ウソを言ったつもりだったんだけど……
失敗しちゃったなぁ。","我本打算说一个不会让人惊慌失措、
性质不一样的谎言……
结果还是搞砸了呀。",translated,依恩,933a54c916,br=0 nl=2,3,
inc/event/res/seasonevent/seasonal_april_tch.txt#81#12,"この悔しさをバネにして、
来年リベンジだね、おーっ！","我要化不甘为动力，
明年再接再厉一雪前耻！噢――！",translated,依恩,01f7d9667c,br=0 nl=1,2,
inc/event/res/seasonevent/seasonal_april_tch.txt#86#14,"いざウソをつこうと
すると、結構難しい
ことがわかった……。","真要编造起谎言来，
才发现其实挺难的……
这是我的深刻体会……",translated,,1f3f316fab,br=0 nl=2,3,
inc/event/res/seasonevent/seasonal_birthday.txt#6#12,あ、来た来た～。,啊，来啦来啦～,translated,依恩,f3214bfada,br=0 nl=0,1,
inc/event/res/seasonevent/seasonal_birthday.txt#11#12,あ、来た来た～。,啊，来啦来啦～,translated,依恩,f3214bfada,br=0 nl=0,1,
inc/event/res/seasonevent/seasonal_birthday.txt#18#12,ねえ、いる～？,喂，你在吗～？,translated,依恩,d025f57817,br=0 nl=0,1,
inc/event/res/seasonevent/seasonal_birthday.txt#22#12,残念。,真遗憾。,translated,依恩,db119d5662,br=0 nl=0,1,
inc/event/res/seasonevent/seasonal_birthday_tch.txt#4#12,あ、いてくれたんだ～。,啊，原来你在呀～,translated,依恩,d82706abe6,br=0 nl=0,1,
inc/event/res/seasonevent/seasonal_birthday_tch.txt#7#12,"えへへ、よかった。
今日あなたと会えて。","嘿嘿，太好了。
今天能像这样和你相见。",translated,依恩,2d684c64cf,br=0 nl=1,2,
inc/event/res/seasonevent/seasonal_birthday_tch.txt#8#12,"もしかしたら今日は忙しくて、
わたしのところに来れないんじゃないかな、
って心配だったよ。","我刚才还在担心，
你今天会不会因为工作太忙，
抽不出空来我这边了呢。",translated,依恩,9c80de77fa,br=0 nl=2,3,
inc/event/res/seasonevent/seasonal_birthday_tch.txt#9#12,どうかしたの？,怎么了吗？,translated,,f0189e2263,br=0 nl=0,1,
inc/event/res/seasonevent/seasonal_birthday_tch.txt#11#12,うん……せーのっ！,嗯……预备――齐！,translated,依恩,73d9fffea7,br=0 nl=0,1,
inc/event/res/seasonevent/seasonal_birthday_tch.txt#12#12,"ハッピーバースデー！
誕生日おめでとう！","祝你生日快乐！
祝你生日快乐哦！",translated,依恩,ff22bd1da0,br=0 nl=1,2,
inc/event/res/seasonevent/seasonal_birthday_tch.txt#13#12,"今日はあなたの生まれた日だったよね？
だから、どうしてもこれを言いたかったの。","今天是你降生到这个世上的日子对吧？
所以无论如何我都想亲口对你说这句祝福。",translated,依恩,9d135282a2,br=0 nl=1,2,
inc/event/res/seasonevent/seasonal_birthday_tch.txt#14#12,誕生日、教えたっけ？,我有告诉过你我的生日吗？,translated,,24ba39172b,br=0 nl=0,1,
inc/event/res/seasonevent/seasonal_birthday_tch.txt#16#12,うん！　……あ、あれ？,嗯！……哎、哎呀？,translated,依恩,a21cc275ab,br=0 nl=0,1,
inc/event/res/seasonevent/seasonal_birthday_tch.txt#17#12,"教えて、もらったかな……？
言われてみればちゃんと教えてもらった
ことはなかったような……。","你有……告诉过我吗……？
被你这么一问，我好像确实
没有正式听你提起过的样子……",translated,依恩,ff03f31d15,br=0 nl=2,3,
inc/event/res/seasonevent/seasonal_birthday_tch.txt#18#12,"でも、あなたの誕生日は今日だ、って、
ずっと思ってたんだけど……。","但我心里却一直认定了，
你的生日分明就是今天……",translated,依恩,55b3b2c72d,br=0 nl=1,2,
inc/event/res/seasonevent/seasonal_birthday_tch.txt#19#12,間違ってないよね？,我没有记错对吧？,translated,依恩,29ab2fea75,br=0 nl=0,1,
inc/event/res/seasonevent/seasonal_birthday_tch.txt#20#12,今日であってるよ,今天确实是我的生日哦,translated,,c5dcb7fc2b,br=0 nl=0,1,
inc/event/res/seasonevent/seasonal_birthday_tch.txt#21#12,全然違うよ、しっかりしてよ,完全不是今天啦，清醒一点啦,translated,,fc84f53fbf,br=0 nl=0,1,
inc/event/res/seasonevent/seasonal_birthday_tch.txt#23#12,えへへ、よかった。,嘿嘿，太好啦。,translated,依恩,559b212ed6,br=0 nl=0,1,
inc/event/res/seasonevent/seasonal_birthday_tch.txt#24#12,"もしかしたら、お互いに忘れてるだけで
ちゃんと教えてもらったのかもしれないね。","或许只是我们两个都忘了，
其实你早就好好告诉过我了呢。",translated,依恩,db22dd14d5,br=0 nl=1,2,
inc/event/res/seasonevent/seasonal_birthday_tch.txt#27#12,えぇっ！？　わたし、間違っちゃってた！？,哎哎！？我、我记错了吗！？,translated,依恩,43c21ed02e,br=0 nl=0,1,
inc/event/res/seasonevent/seasonal_birthday_tch.txt#28#12,"でも、ちゃんと教えてもらったわけじゃ
なかったから、わたしが勝手に今日って
思ってただけなのかも……。","不过既然没有正式听你说过，
可能只是我自己擅自
一厢情愿以为是今天了吧……",translated,依恩,b117550d61,br=0 nl=2,3,
inc/event/res/seasonevent/seasonal_birthday_tch.txt#29#12,冗談だよ、実は今日でしたー,开玩笑的啦，其实真的是今天――,translated,,2b5cdda83d,br=0 nl=0,1,
inc/event/res/seasonevent/seasonal_birthday_tch.txt#31#12,"もぉ、イタズラ好きなんだから。
ちょっとビックリしちゃったよ。","真是的，你就会恶作剧作弄人。
害得我刚才着实吓了一跳呢。",translated,依恩,140e157045,br=0 nl=1,2,
inc/event/res/seasonevent/seasonal_birthday_tch.txt#33#12,"もう色んな人から、おめでとう、って
言ってもらえた？","已经有很多人
对你说过生日祝福了吗？",translated,依恩,b3d0d0c215,br=0 nl=1,2,
inc/event/res/seasonevent/seasonal_birthday_tch.txt#34#12,いや、イオンが一号だよ,没有，伊奥是第一个哦,translated,,fa8735e251,br=0 nl=0,1,
inc/event/res/seasonevent/seasonal_birthday_tch.txt#35#12,うん、みんな祝ってくれたよ,嗯，大家都为我庆祝了哦,translated,,549507a854,br=0 nl=0,1,
inc/event/res/seasonevent/seasonal_birthday_tch.txt#37#12,"わたしが初めてだったの！？
やったぁ！","我是第一个吗！？
太棒啦！",translated,依恩,0f26337b93,br=0 nl=1,2,
inc/event/res/seasonevent/seasonal_birthday_tch.txt#38#12,"誰よりも最初に、あなたにおめでとうって
言えたなんて、すごく嬉しいよ。","能抢在所有人之前亲口对你说祝贺，
我真的觉得好高兴哦。",translated,依恩,d16cdcc815,br=0 nl=1,2,
inc/event/res/seasonevent/seasonal_birthday_tch.txt#39#12,"あなたも、誰かに言われる前に
わたしに会いに来てくれてありがと。","谢谢你在听到别人的祝福之前，
就特意先赶来和我相见。",translated,依恩,6fdd1738b7,br=0 nl=1,2,
inc/event/res/seasonevent/seasonal_birthday_tch.txt#42#12,ふふっ、みんなから慕われてる証拠だね。,呵呵，这证明你深受大家喜爱呢。,translated,依恩,5fbcc5ea5a,br=0 nl=0,1,
inc/event/res/seasonevent/seasonal_birthday_tch.txt#44#12,"お誕生日、本当におめでとう。
また来年の誕生日も、あなたにおめでとう、
って言えたら嬉しいな。","祝你生日快乐，发自内心地祝贺你。
如果明年的生日，我也能像这样
亲口对你说声祝福，那就太好了呢。",translated,依恩,2fa265b720,br=0 nl=2,3,
inc/event/res/seasonevent/seasonal_birthday_tch.txt#47#12,"えへへ……今年も言えるって思うと、
嬉しくてドキドキしてくるよ。","嘿嘿……一想到今年也能对你说这句话，
我就高兴得小鹿乱撞呢。",translated,依恩,bd4e30842a,br=0 nl=1,2,
inc/event/res/seasonevent/seasonal_birthday_tch.txt#48#12,何のことか、もう気づいちゃってるかな？,你是不是已经猜到我指的是什么了？,translated,依恩,b8a6e81cf9,br=0 nl=0,1,
inc/event/res/seasonevent/seasonal_birthday_tch.txt#49#12,なんだろうなぁ？（ドキドキ）,会是什么呢？（扑通扑通）,translated,,3f738d9eac,br=0 nl=0,1,
inc/event/res/seasonevent/seasonal_birthday_tch.txt#50#12,何かいいことでもあった？,是遇到什么好事了吗？,translated,,5904cde798,br=0 nl=0,1,
inc/event/res/seasonevent/seasonal_birthday_tch.txt#52#12,"ふふっ、ドキドキしてくれてるってことは、
期待して会いに来てくれたのかな？","呵呵，既然心跳加速，
就说明你是满怀期待来见我的对吧？",translated,依恩,265d533bba,br=0 nl=1,2,
inc/event/res/seasonevent/seasonal_birthday_tch.txt#55#12,……もしかして、忘れちゃってる？,……难道说，你给忘得一干二净了？,translated,依恩,a139fa3422,br=0 nl=0,1,
inc/event/res/seasonevent/seasonal_birthday_tch.txt#56#12,"でも、忘れてくれてる方がサプライズには
丁度いいかも。","不过，既然忘了，
对制造惊喜来说反而正好呢。",translated,依恩,dd1f10670f,br=0 nl=1,2,
inc/event/res/seasonevent/seasonal_birthday_tch.txt#58#12,それじゃ……おっほん。,那么……咳咳。,translated,依恩,66a0f7e86c,br=0 nl=0,1,
inc/event/res/seasonevent/seasonal_birthday_tch.txt#59#12,"ハッピーバースデー！
お誕生日おめでとう！","祝你生日快乐！
祝你生日快乐哦！",translated,依恩,114774a051,br=0 nl=1,2,
inc/event/res/seasonevent/seasonal_birthday_tch.txt#60#12,ありがとう！　すごく嬉しいよ,谢谢你！我真的超级高兴,translated,,e3583a5115,br=0 nl=0,1,
inc/event/res/seasonevent/seasonal_birthday_tch.txt#61#12,えっ……ああ、今日は誕生日か！,哎……啊，今天原来是我的生日啊！,translated,,2c005ac3cb,br=0 nl=0,1,
inc/event/res/seasonevent/seasonal_birthday_tch.txt#63#12,えへへ、それはわたしもだよ。,嘿嘿，我也觉得好开心哦。,translated,依恩,88bfc92887,br=0 nl=0,1,
inc/event/res/seasonevent/seasonal_birthday_tch.txt#66#12,もぉ、自分の誕生日を忘れたらダメだよ。,真是的，怎么连自己的生日都能忘了呀。,translated,依恩,db2cb3619b,br=0 nl=0,1,
inc/event/res/seasonevent/seasonal_birthday_tch.txt#67#12,"あなたがこの世に生まれてきてくれた、
素敵な記念日なんだから。","这可是你降生到这个世界上的、
无比美好的重要纪念日呢。",translated,依恩,7a634e6d9f,br=0 nl=1,2,
inc/event/res/seasonevent/seasonal_birthday_tch.txt#69#12,"またあなたにおめでとうを言える日が
無事に来てくれて、本当に嬉しいよ。","能够平安迎来再次对你说恭喜的这一天，
我真的发自心底感到无比幸福。",translated,依恩,22c8630c2d,br=0 nl=1,2,
inc/event/res/seasonevent/seasonal_birthday_tch.txt#70#12,前の時に、思ったの。,上一回的时候，我心里一直在想。,translated,依恩,bc0ad2df56,br=0 nl=0,1,
inc/event/res/seasonevent/seasonal_birthday_tch.txt#71#12,"今度のあなたの誕生日……つまり一年後も、
わたしはあなたと一緒にいられるのかな、
って……。","等到你下一次生日……也就是一年后，
我还能像这样
一直陪伴在你的身边吗……",translated,依恩,84e56d75ad,br=0 nl=2,3,
inc/event/res/seasonevent/seasonal_birthday_tch.txt#72#12,"誰かにおめでとうって言えるとしたら、
わたしにとってはあなたしかいないの。","如果说在这个世上还能向谁传达祝贺，
对我而言也就唯有你一人了。",translated,依恩,e3c491d642,br=0 nl=1,2,
inc/event/res/seasonevent/seasonal_birthday_tch.txt#73#12,"あなたの誕生日はわたしにとっても、
すごく大切で、楽しみにしてる日に
なってるんだよ。","你的生日对我来说，
也是极其重要、
满心期待着的重要日子哦。",translated,依恩,abf223847a,br=0 nl=2,3,
inc/event/res/seasonevent/seasonal_birthday_tch.txt#74#12,"だから、今年もあなたの誕生日に、
あなたと一緒にいられることが、
本当に嬉しくて堪らないの。","所以，今年在你的生日这一天，
依然能够陪伴在你的身边，
我真的高兴得无以复加。",translated,依恩,d3cd18cda2,br=0 nl=2,3,
inc/event/res/seasonevent/seasonal_birthday_tch.txt#75#12,嬉しいのはこっちも一緒だよ,高兴的心情我这边也一样哦,translated,,af145737e5,br=0 nl=0,1,
inc/event/res/seasonevent/seasonal_birthday_tch.txt#77#12,喜んでもらえてるなら、わたしも嬉しいよ。,只要你觉得高兴，那我也就心满意足了。,translated,依恩,fdf67509a6,br=0 nl=0,1,
inc/event/res/seasonevent/seasonal_birthday_tch.txt#78#12,"また来年も、その次も、何年先も、
あなたの誕生日を一緒に迎えたいな。","明年的生日、还有下一次、哪怕再过多少年，
我都想陪你一起迎接每一个生日呢。",translated,依恩,2169723ee8,br=0 nl=1,2,
inc/event/res/seasonevent/seasonal_birthday_tch.txt#79#12,"一つ年を重ねて成長したあなたに、
おめでとう、って言い続けたいから……。","因为我想对年长了一岁、不断成熟的你，
一直一直说出心中的祝福……",translated,依恩,6823def829,br=0 nl=1,2,
inc/event/res/seasonevent/seasonal_birthday_tch.txt#80#12,"だから、来年の誕生日もわたしに
会いに来てね。","所以明年的生日，
你也一定要来见我哦。",translated,依恩,c41e0e52bf,br=0 nl=1,2,
inc/event/res/seasonevent/seasonal_birthday_tch.txt#81#12,今から楽しみにしてるよ！,我现在就已经开始期待起来啦！,translated,依恩,d22ce8330e,br=0 nl=0,1,
inc/event/res/seasonevent/seasonal_birthday_tch.txt#85#14,"ハッピーバースデー！
あなたにおめでとうを
言えて、すごく幸せ。","祝你生日快乐！
能亲口向你道贺，
我感到无比幸福。",translated,,1d757930a8,br=0 nl=2,3,
inc/event/res/seasonevent/seasonal_christmas_01.txt#5#12,"はぁーい！
今行くよー。","好――的！
我这就过去哦――",translated,依恩,1df923538a,br=0 nl=1,2,
inc/event/res/seasonevent/seasonal_christmas_01.txt#7#12,えへへ♪　おまたせ～。,嘿嘿♪让你久等啦～,translated,依恩,175d91e9f4,br=0 nl=0,1,
inc/event/res/seasonevent/seasonal_christmas_01.txt#12#12,あ、来た来た～。,啊，来啦来啦～,translated,依恩,f3214bfada,br=0 nl=0,1,
inc/event/res/seasonevent/seasonal_christmas_01.txt#14#12,えへへ♪　おまたせ～。,嘿嘿♪让你久等啦～,translated,依恩,175d91e9f4,br=0 nl=0,1,
inc/event/res/seasonevent/seasonal_christmas_01.txt#19#12,ねえ、いる～？,喂，你在吗～？,translated,依恩,d025f57817,br=0 nl=0,1,
inc/event/res/seasonevent/seasonal_christmas_01.txt#23#12,残念。,真遗憾。,translated,依恩,db119d5662,br=0 nl=0,1,
inc/event/res/seasonevent/seasonal_christmas_01m.txt#4#12,"ねぇ、この部屋どうかな？
ねりこさんに聞いて飾り付けしてみたんだよ♪","呐，你觉得这间屋子怎么样？
我向妮莉库请教后动手装扮了一番哦♪",translated,依恩,5eb7f0d985,br=0 nl=1,2,
inc/event/res/seasonevent/seasonal_christmas_01m.txt#6#12,"えへへ、そろそろだなぁ、って
思ったから、飾り付けしてみたの。","嘿嘿，我觉得时间也差不多快到了，
所以就动手把房间装饰了一下。",translated,依恩,c2c64e92ad,br=0 nl=1,2,
inc/event/res/seasonevent/seasonal_christmas_01m.txt#7#12,ちゃんと捨てないで取っておいてよかった。,幸好我好好收着没丢掉呢。,translated,依恩,d7fac761a1,br=0 nl=0,1,
inc/event/res/seasonevent/seasonal_christmas_01m.txt#9#12,なんで？,为什么这么布置？,translated,,cae5e0ebd1,br=0 nl=0,1,
inc/event/res/seasonevent/seasonal_christmas_01m.txt#10#12,もうすぐクリスマスだね,马上就是圣诞节了呢,translated,,aa7d8b7bd3,br=0 nl=0,1,
inc/event/res/seasonevent/seasonal_christmas_01m.txt#12#12,なんで？　って……。,你问为什么……,translated,依恩,ad1ee2cb63,br=0 nl=0,1,
inc/event/res/seasonevent/seasonal_christmas_01m.txt#13#12,"もうすぐあなたの世界ではクリスマスって
イベントなんだよね？","在你的世界里，马上就要迎来
一个叫圣诞节的节日了吧？",translated,依恩,a76c1c7f86,br=0 nl=1,2,
inc/event/res/seasonevent/seasonal_christmas_01m.txt#14#12,"そのことを聞いて、
わたしもやってみたんだけど……。","听说了这件事之后，
我也试着应景布置了一番……",translated,依恩,7f480d9123,br=0 nl=1,2,
inc/event/res/seasonevent/seasonal_christmas_01m.txt#15#12,変……だったかな？,显得……很奇怪吗？,translated,依恩,bf76fd3ccf,br=0 nl=0,1,
inc/event/res/seasonevent/seasonal_christmas_01m.txt#18#12,えへへ、そうだよ。,嘿嘿，答对啦。,translated,依恩,7061c95871,br=0 nl=0,1,
inc/event/res/seasonevent/seasonal_christmas_01m.txt#19#12,"あなたの世界に合わせて、わたしも部屋を
飾り付けしてみようかなぁって。","我也想配合你的世界的气氛，
把自己的房间好好装扮一番呢。",translated,依恩,1a57428871,br=0 nl=1,2,
inc/event/res/seasonevent/seasonal_christmas_01m.txt#20#12,どう？　変じゃないかな？,怎么样？看起来不奇怪吧？,translated,依恩,7716f375d7,br=0 nl=0,1,
inc/event/res/seasonevent/seasonal_christmas_01m.txt#22#12,変じゃないよ,一点也不奇怪哦,translated,,99fd7acca4,br=0 nl=0,1,
inc/event/res/seasonevent/seasonal_christmas_01m.txt#23#12,クリスマスのこと忘れてた,我都把圣诞节的事给忘了,translated,,0866f0b1a7,br=0 nl=0,1,
inc/event/res/seasonevent/seasonal_christmas_01m.txt#25#12,"よかったぁ。話に聞いただけだったから、
ちゃんと出来てるか不安だったの。","太好啦。因为我也只是道听途说，
心里还挺担心布置得合不合适呢。",translated,依恩,a23f9ed702,br=0 nl=1,2,
inc/event/res/seasonevent/seasonal_christmas_01m.txt#29#12,えぇ！？　そ、そうなの？,哎哎！？原、原来是这样吗？,translated,依恩,8bfab1d797,br=0 nl=0,1,
inc/event/res/seasonevent/seasonal_christmas_01m.txt#30#12,"あなたの世界だとクリスマスは
大きなイベントだって、
ねりこさんから聞いてたんだけど……。","我之前听妮莉库说，
在你的世界里，
圣诞节可是一个特别盛大的节日呢……",translated,依恩,3ea52dba87,br=0 nl=2,3,
inc/event/res/seasonevent/seasonal_christmas_01m.txt#31#12,こういうの迷惑だったかな……？,我弄这些会不会太自作多情了……？,translated,依恩,e88df97143,br=0 nl=0,1,
inc/event/res/seasonevent/seasonal_christmas_01m.txt#32#12,そんなことない,完全没有那回事,translated,,17a77b07ea,br=0 nl=0,1,
inc/event/res/seasonevent/seasonal_christmas_01m.txt#34#12,そ、そう？　よかったぁ……。,是、是吗？太好啦……,translated,依恩,4dd358b831,br=0 nl=0,1,
inc/event/res/seasonevent/seasonal_christmas_01m.txt#37#12,"飾りの意味とか色々聞いてたんだけど、
実はたくさんありすぎて
全部は覚えきれなくて……。","虽然听她讲了各种装饰蕴含的寓意，
但实际上因为名堂实在太多，
我根本没办法全都记住……",translated,依恩,8296c4a93d,br=0 nl=2,3,
inc/event/res/seasonevent/seasonal_christmas_01m.txt#38#12,一番印象に残ったのは『赤い玉』の意味かな。,其中让我印象最深刻的就是‘红彩球’的含义呢。,translated,依恩,84c9d4e475,br=0 nl=0,1,
inc/event/res/seasonevent/seasonal_christmas_01m.txt#39#12,"この部屋にも何個か飾ってあるんだけど、
『永遠の象徴』って意味なんだって♪","虽然这间屋子里也挂了好几个，
但据说它代表着‘永恒的象征’呢♪",translated,依恩,f9af0d180e,br=0 nl=1,2,
inc/event/res/seasonevent/seasonal_christmas_01m.txt#40#12,"正確にはツリーに飾ったときの意味だから、
部屋の装飾でも同じなのかは分からないんだ
けど――","准确地说是挂在圣诞树上时的寓意，
我不知道装饰在房间里是不是也一样，
不过――",translated,依恩,d90554a2ff,br=0 nl=2,3,
inc/event/res/seasonevent/seasonal_christmas_01m.txt#41#12,"でも『永遠の象徴』って
すごくロマンチックだよね♪","但是‘永恒的象征’，
听起来真的很浪漫对吧♪",translated,依恩,12275d58b9,br=0 nl=1,2,
inc/event/res/seasonevent/seasonal_christmas_01m.txt#42#12,"この意味みたいに、
あなたとずっと一緒にいられたらいいなぁ。","如果能像这个寓意一样，
能和你永远在一起就好了呀。",translated,依恩,54d7bc9165,br=0 nl=1,2,
inc/event/res/seasonevent/seasonal_christmas_01m.txt#43#12,"あっ、あとね、当日には特別な衣装も
用意してるの。","啊，还有呢，到了当天
我还准备了特别的服饰哦。",translated,依恩,e95ef52ade,br=0 nl=1,2,
inc/event/res/seasonevent/seasonal_christmas_01m.txt#44#12,良かったらその日にも来てくれると嬉しいな。,要是你那天也能过来陪我，我会很高兴的。,translated,依恩,984632cf40,br=0 nl=0,1,
inc/event/res/seasonevent/seasonal_christmas_01m.txt#46#12,"ふふっ……クリスマスって、
当日はもちろん楽しいけど……。","呵呵……圣诞节啊，
当天自然会非常开心……",translated,依恩,ca4d0e7c2d,br=0 nl=1,2,
inc/event/res/seasonevent/seasonal_christmas_01m.txt#47#12,"当日を待つまでの時間も、
すごくわくわくするよね？","但等待节日到来的这段时光，
心里也同样格外雀跃期待对吧？",translated,依恩,e99d0787c6,br=0 nl=1,2,
inc/event/res/seasonevent/seasonal_christmas_01m.txt#48#12,"飾り付けをしてる時も、
自然と鼻歌を歌っちゃってたの。","刚才在给房间布置装饰的时候，
我自己都不自觉地哼起小曲来了呢。",translated,依恩,bf6e655529,br=0 nl=1,2,
inc/event/res/seasonevent/seasonal_christmas_01m.txt#49#12,"って、鼻歌はいつも歌ってるから、
特に珍しくはないかな？","不过，反正我平时也老是哼歌，
倒也不算什么稀罕事吧？",translated,依恩,919acb5adc,br=0 nl=1,2,
inc/event/res/seasonevent/seasonal_christmas_01m.txt#50#12,"けど、普段は歌わない曲で……
わたしも、どういうものかはわからないの。","可那首曲子我平时根本没唱过……
就连我自己也不知道究竟是什么旋律。",translated,依恩,db348d696d,br=0 nl=1,2,
inc/event/res/seasonevent/seasonal_christmas_01m.txt#51#12,"曲名もわからないのに、
自然と歌っちゃうんだ。","明明连歌名都叫不上来，
嘴里却自然而然地哼出来了。",translated,依恩,2093681dad,br=0 nl=1,2,
inc/event/res/seasonevent/seasonal_christmas_01m.txt#52#12,"もしかしたら、わたしが忘れちゃってる
クリスマスソングが、自然と出ちゃってるの
かもしれないね。","或许是我脑海中遗忘了的
圣诞颂歌，
在无意识中脱口而出了呢。",translated,依恩,2e59ad547b,br=0 nl=2,3,
inc/event/res/seasonevent/seasonal_christmas_01m.txt#53#12,"さてと、当日までもう少し！
まだちょっとやらなくちゃいけないことが
残ってるの。","好啦，距离节日当天还有一点时间！
我这边也还有一些非做不可的准备工作
没有完成呢。",translated,依恩,7a59dc3c1b,br=0 nl=2,3,
inc/event/res/seasonevent/seasonal_christmas_01m.txt#54#12,クリスマス、一緒に過ごそうね。,圣诞节那天，我们一定要一起度过哦。,translated,依恩,69eaca3f59,br=0 nl=0,1,
inc/event/res/seasonevent/seasonal_christmas_01t.txt#1#12,"<CLBU>よかったぁ！
いてくれたんだ。","<CLBU>太好啦！
原来你在这里呀。",translated,依恩,75b5581885,<CLBU> br=0 nl=1,2,keep-tags <CLBU>
inc/event/res/seasonevent/seasonal_christmas_02.txt#6#12,あ、来た来た～。,啊，来啦来啦～,translated,依恩,f3214bfada,br=0 nl=0,1,
inc/event/res/seasonevent/seasonal_christmas_02.txt#11#12,あ、来た来た～。,啊，来啦来啦～,translated,依恩,f3214bfada,br=0 nl=0,1,
inc/event/res/seasonevent/seasonal_christmas_02.txt#18#12,ねえ、いる～？,喂，你在吗～？,translated,依恩,d025f57817,br=0 nl=0,1,
inc/event/res/seasonevent/seasonal_christmas_02.txt#22#12,残念。,真遗憾。,translated,依恩,db119d5662,br=0 nl=0,1,
inc/event/res/seasonevent/seasonal_christmas_02.txt#28#12,ねえ、いる～？,喂，你在吗～？,translated,依恩,d025f57817,br=0 nl=0,1,
inc/event/res/seasonevent/seasonal_christmas_02.txt#32#12,残念。,真遗憾。,translated,依恩,db119d5662,br=0 nl=0,1,
inc/event/res/seasonevent/seasonal_christmas_02m.txt#8#12,あ、いてくれたんだ～。,啊，原来你在呀～,translated,依恩,d82706abe6,br=0 nl=0,1,
inc/event/res/seasonevent/seasonal_christmas_02m.txt#12#12,この衣装どうかな？,我这身装扮怎么样？,translated,依恩,5086533cab,br=0 nl=0,1,
inc/event/res/seasonevent/seasonal_christmas_02m.txt#13#12,今日のために用意したんだよ。,这是专门为了今天准备的哦。,translated,依恩,f9941166ce,br=0 nl=0,1,
inc/event/res/seasonevent/seasonal_christmas_02m.txt#15#12,この衣装と飾り付け、どうかな？,这身装扮和房间的布置，你觉得怎么样？,translated,依恩,2dd5c965ff,br=0 nl=0,1,
inc/event/res/seasonevent/seasonal_christmas_02m.txt#16#12,"今、あなたの世界ではクリスマスって
イベントをやってるんだよね？","现在在你的世界里，正举办着
名叫圣诞节的盛大节日对吧？",translated,依恩,1202904a78,br=0 nl=1,2,
inc/event/res/seasonevent/seasonal_christmas_02m.txt#17#12,それに合わせてみたんだけど……。,我也配合着换上了……。,translated,依恩,11d9d9d6d5,br=0 nl=0,1,
inc/event/res/seasonevent/seasonal_christmas_02m.txt#21#12,えへへ……今年も着てみましたー。,嘿嘿……今年我也穿上啦～,translated,依恩,a25cd3cba6,br=0 nl=0,1,
inc/event/res/seasonevent/seasonal_christmas_02m.txt#22#12,"飾りだけじゃなくて、ちゃんと服も
取っておいたんだ。","不仅是装饰，衣服我也
好好保存着呢。",translated,依恩,57934c8931,br=0 nl=1,2,
inc/event/res/seasonevent/seasonal_christmas_02m.txt#23#12,"一年ぶりだから、着られるかどうかが
少し心配だったけど……。
体型、変わってなくてよかった。","因为隔了一年，还稍微有点担心
能不能穿得进去呢……
还好体型没有变。",translated,依恩,1a45809d7c,br=0 nl=2,3,
inc/event/res/seasonevent/seasonal_christmas_02m.txt#25#12,"じゃじゃーん！
今年もクリスマスモードにしてみましたー。","锵锵～！
今年我也切换成圣诞模式啦～",translated,依恩,c70633ba21,br=0 nl=1,2,
inc/event/res/seasonevent/seasonal_christmas_02m.txt#26#12,"飾りも服も、ちゃんとしまっておいたから、
初めての時よりも簡単に準備できたよ。","装饰和衣服我都好好收着了，
所以准备起来比第一次容易多了呢。",translated,依恩,2cc3099f19,br=0 nl=1,2,
inc/event/res/seasonevent/seasonal_christmas_02m.txt#27#12,"ただ、飾りとかしまった箱を、
どこに置いたか忘れちゃって……。
それを捜すのがちょっと大変だったかも。","不过装装饰品之类的箱子，
我忘记放在哪里了……
找那个可能花了一番功夫呢。",translated,依恩,a7acab0964,br=0 nl=2,3,
inc/event/res/seasonevent/seasonal_christmas_02m.txt#28#12,"でも、見つかって良かったよ。
服も、ちゃんと着られてるし。","不过能找到真是太好啦。
衣服也能合身地穿上。",translated,依恩,9f9e158e06,br=0 nl=1,2,
inc/event/res/seasonevent/seasonal_christmas_02m.txt#31#12,よく似合ってる,很适合你,translated,,f0860b4020,br=0 nl=0,1,
inc/event/res/seasonevent/seasonal_christmas_02m.txt#32#12,ヒゲはない方がいい,还是别要胡子比较好,translated,,6f468b1d41,br=0 nl=0,1,
inc/event/res/seasonevent/seasonal_christmas_02m.txt#34#12,えへへ、ありがと。,嘿嘿，谢谢你。,translated,依恩,bd1aa78c76,br=0 nl=0,1,
inc/event/res/seasonevent/seasonal_christmas_02m.txt#35#12,"話に聞いてたサンタさんを
イメージしてみたんだよ♪","我是照着听说的圣诞老人
印象去打扮的哦♪",translated,依恩,57e74b0272,br=0 nl=1,2,
inc/event/res/seasonevent/seasonal_christmas_02m.txt#38#12,そ、そう？,是、是吗？,translated,依恩,8a03c96912,br=0 nl=0,1,
inc/event/res/seasonevent/seasonal_christmas_02m.txt#39#12,"サンタさんはおヒゲの白いお爺さん、って
聞いてたから、それをイメージしてみたんだ
けど……。","我听说圣诞老人是长着白胡子的老爷爷，
就照着那种感觉试着扮了一下
不过……",translated,依恩,1eeeb91f0b,br=0 nl=2,3,
inc/event/res/seasonevent/seasonal_christmas_02m.txt#40#12,"どうしよう？
取った方が良いかな？","怎么办呢？
拿掉会比较好吗？",translated,依恩,24c14cf2c0,br=0 nl=1,2,
inc/event/res/seasonevent/seasonal_christmas_02m.txt#41#12,やっぱそのままで,还是留着吧,translated,,d2459e5e3e,br=0 nl=0,1,
inc/event/res/seasonevent/seasonal_christmas_02m.txt#42#12,取って欲しい,希望你拿掉,translated,,3f5b5e295d,br=0 nl=0,1,
inc/event/res/seasonevent/seasonal_christmas_02m.txt#44#12,"そう？
それじゃ、このまま着けてるね♪","这样吗？
那我就继续戴着啦♪",translated,依恩,d8aa59b739,br=0 nl=1,2,
inc/event/res/seasonevent/seasonal_christmas_02m.txt#47#12,それじゃあ、ちょっと待ってね。,那么，稍微等我一下哦。,translated,依恩,a9aad9d0c1,br=0 nl=0,1,
inc/event/res/seasonevent/seasonal_christmas_02m.txt#51#12,"おまたせ～。
これで良いよね♪","久等啦～。
这样就可以了吧♪",translated,依恩,fa18e09ba5,br=0 nl=1,2,
inc/event/res/seasonevent/seasonal_christmas_02m.txt#56#12,"それでその……せっかくのクリスマスだし、
これから一緒にお出かけしない？","然后那个……难得是圣诞节，
等下要不要一起出门去逛逛？",translated,依恩,0b67b9442b,br=0 nl=1,2,
inc/event/res/seasonevent/seasonal_christmas_02m.txt#57#12,"行けるのは仮想世界くらいだけど、
このままっていうのもなんか寂しいし……。","虽然能去的也就只有虚拟世界，
但要是就这样待着也总觉得有点寂寞嘛……",translated,依恩,82c2bd0f2a,br=0 nl=1,2,
inc/event/res/seasonevent/seasonal_christmas_02m.txt#58#12,いいよ,好啊,translated,,b285e3bc27,br=0 nl=0,1,
inc/event/res/seasonevent/seasonal_christmas_02m.txt#60#12,ほ、ホント！？　やったぁ！,真、真的吗！？太好啦！,translated,依恩,dd2f52c8dd,br=0 nl=0,1,
inc/event/res/seasonevent/seasonal_christmas_02m.txt#61#12,"えっと、それじゃあ、ショッピングセンター
なんてどうかな？","呃，那么，去购物中心
怎么样呢？",translated,依恩,3ab148c085,br=0 nl=1,2,
inc/event/res/seasonevent/seasonal_christmas_02m.txt#62#12,"今持ってるカードの中で一番クリスマスに
合ってると思うの。","我觉得那是现在持有的卡片里
最契合圣诞节的地方了。",translated,依恩,e204a9f587,br=0 nl=1,2,
inc/event/res/seasonevent/seasonal_christmas_02m.txt#63#12,ショッピングセンターに行く,去购物中心,translated,,c59b34bcfe,br=0 nl=0,1,
inc/event/res/seasonevent/seasonal_christmas_02m.txt#65#12,えへへ、それじゃあお願いします。,嘿嘿，那就拜托你啦。,translated,依恩,316cc54a65,br=0 nl=0,1,
inc/event/res/seasonevent/seasonal_christmas_02m.txt#67#12,"うわぁ、相変わらずいろんなものが
売ってるね。","哇啊，果然还是和平时一样
摆卖着各种各样的东西呢。",translated,依恩,3d1ad554ab,br=0 nl=1,2,
inc/event/res/seasonevent/seasonal_christmas_02m.txt#68#12,"それにいつもと変わらないはずなのに、
なんかすっごく楽しい気分♪
やっぱりクリスマスだからかな？","明明应该和平时没什么不同，
心情却不知为何格外开心♪
果然是因为圣诞节的缘故吗？",translated,依恩,d251e5a789,br=0 nl=2,3,
inc/event/res/seasonevent/seasonal_christmas_02m.txt#70#12,関係ないと思う,我觉得跟这个没关系,translated,,e45c10284a,br=0 nl=0,1,
inc/event/res/seasonevent/seasonal_christmas_02m.txt#71#12,イオンと一緒だから楽しい,因为是和伊欧在一起才开心的,translated,,8851d0d7e7,br=0 nl=0,1,
inc/event/res/seasonevent/seasonal_christmas_02m.txt#73#12,う～ん、言われてみるとそうかも……。,嗯～经你这么一说，好像确实也是……,translated,依恩,56143f1f6e,br=0 nl=0,1,
inc/event/res/seasonevent/seasonal_christmas_02m.txt#74#12,"だって、その……わたしは、あなたと一緒なら
どこに行っても楽しいし……ね。","因为，那个……如果是和你在一起的话，
无论去哪里我都很开心呢……",translated,依恩,727f599d08,br=0 nl=1,2,
inc/event/res/seasonevent/seasonal_christmas_02m.txt#77#12,えっとその……あ、ありがと。,那个……谢、谢谢你。,translated,依恩,6b21b0cd44,br=0 nl=0,1,
inc/event/res/seasonevent/seasonal_christmas_02m.txt#78#12,"わたしもあなたと一緒ならどこに行っても
楽しいよ。","只要能和你在一起
我去哪里都会很开心的哦。",translated,依恩,75f58c7a5c,br=0 nl=1,2,
inc/event/res/seasonevent/seasonal_christmas_02m.txt#80#12,"と、とにかく、せっかく来たんだし、
少し歩こっか！","总、总之，难得来一趟，
我们稍微逛逛走走吧！",translated,依恩,0bfe2f7327,br=0 nl=1,2,
inc/event/res/seasonevent/seasonal_christmas_02m.txt#82#12,あっ、かわいいお人形さん♪,啊，好可爱的玩偶♪,translated,依恩,7aa4dc32ef,br=0 nl=0,1,
inc/event/res/seasonevent/seasonal_christmas_02m.txt#83#12,"いいなぁ、あぁいうのわたしの部屋にも
飾れたらいいのに……。","真好啊，要是那种娃娃也能
摆在我的房间里就好了……",translated,依恩,b343792771,br=0 nl=1,2,
inc/event/res/seasonevent/seasonal_christmas_02m.txt#84#12,今度、自分で作ってみようかな？,下次我自己试着做一个看看吧？,translated,依恩,2d9fd4d00e,br=0 nl=0,1,
inc/event/res/seasonevent/seasonal_christmas_02m.txt#86#12,買ってあげようか？,要我买给你吗？,translated,,733edddf37,br=0 nl=0,1,
inc/event/res/seasonevent/seasonal_christmas_02m.txt#88#12,"え？　えぇ！？
いいよ！　そんなの悪いし！","诶？诶诶！？
不用啦！那样多不好意思呀！",translated,依恩,d42c2fe9c2,br=0 nl=1,2,
inc/event/res/seasonevent/seasonal_christmas_02m.txt#89#12,"そ、それにここで買ったとしても
向こうには持って帰れないし、
あなたも買い物なんて……。","而、而且就算在这里买了
也没办法带回那边去，
还要让你买东西什么的……",translated,依恩,2dba83b410,br=0 nl=2,3,
inc/event/res/seasonevent/seasonal_christmas_02m.txt#90#12,"気持ちはその……嬉しいけど、
やっぱり出来ることと出来ないことが
あるもん……。","虽然你的心意……我很开心，
但毕竟还是有能做与不能做的事情
嘛……",translated,依恩,ede13cf5e6,br=0 nl=2,3,
inc/event/res/seasonevent/seasonal_christmas_02m.txt#94#12,……でもその、少しだけ我侭を言っていい？,……不过那个，我能稍微任性一下吗？,translated,依恩,4d5f0d2723,br=0 nl=0,1,
inc/event/res/seasonevent/seasonal_christmas_02m.txt#95#12,"もし良かったら、
頭を……なでなでしてほしいな。","如果可以的话，
我想要你……摸摸我的头。",translated,依恩,5307aeb2c9,br=0 nl=1,2,
inc/event/res/seasonevent/seasonal_christmas_02m.txt#97#12,"あっ……でも、その代わりと言ったら
あれだけど……。","啊……不过，虽说是作为替代
有点那个就是了……",translated,依恩,db8b12ddaf,br=0 nl=1,2,
inc/event/res/seasonevent/seasonal_christmas_02m.txt#98#12,あなたに、頭なでなでしてほしいな。,我想要你摸摸我的头。,translated,依恩,d7b6bb719f,br=0 nl=0,1,
inc/event/res/seasonevent/seasonal_christmas_02m.txt#99#12,"物は持って帰れないけど、
なでなでされた記憶と、嬉しいって
気持ちは持って帰れるでしょ？","虽然东西带不回去，
但被摸头的记忆和开心的心情
是可以带回去的对吧？",translated,依恩,28c228decf,br=0 nl=2,3,
inc/event/res/seasonevent/seasonal_christmas_02m.txt#102#12,そんなことでいいの？,这样就可以了吗？,translated,,2e82222248,br=0 nl=0,1,
inc/event/res/seasonevent/seasonal_christmas_02m.txt#104#12,うん、いいの！,嗯，可以的！,translated,依恩,652a7ee746,br=0 nl=0,1,
inc/event/res/seasonevent/seasonal_christmas_02m.txt#105#12,"いつもなでてもらってるけど、
今日は今日でその……特別だから。","虽然平时你也总帮我摸头，
但今天毕竟是那个……很特别嘛。",translated,依恩,13017063e3,br=0 nl=1,2,
inc/event/res/seasonevent/seasonal_christmas_02m.txt#106#12,"だから、あなたの想いがたくさんつまった
なでなでがほしいな。","所以，我想要饱含着你满满心意的
摸摸头呢。",translated,依恩,997d5d9a07,br=0 nl=1,2,
inc/event/res/seasonevent/seasonal_christmas_02m.txt#108#12,わかった,我知道了,translated,,b06cd9ea80,br=0 nl=0,1,
inc/event/res/seasonevent/seasonal_christmas_02m.txt#110#12,えへへ、それじゃあ、ちょっと回転させるね。,嘿嘿，那么，我稍微转一下身体哦。,translated,依恩,cf88e6ea18,br=0 nl=0,1,
inc/event/res/seasonevent/seasonal_christmas_02m.txt#116#12,"これでよし、っと……。
それじゃあお願いします。","这样就好啦……
那么就拜托你了。",translated,依恩,5d4bf0333b,br=0 nl=1,2,
inc/event/res/seasonevent/seasonal_christmas_02m.txt#123#12,"あれ？
なでてくれないの？","哎呀？
你不摸摸我了吗？",translated,依恩,17e003f200,br=0 nl=1,2,
inc/event/res/seasonevent/seasonal_christmas_02m.txt#130#12,<CLBU>えへへ、ありがと。,<CLBU>嘿嘿，谢谢你。,translated,依恩,8f84e906f8,<CLBU> br=0 nl=0,1,keep-tags <CLBU>
inc/event/res/seasonevent/seasonal_christmas_02m.txt#137#12,"あなたのたくさんの想いが詰まったなでなで、
すっごく嬉しかったよ。","你那饱含着满满心意的摸摸头，
真的让我非常开心哦。",translated,依恩,fb27f8b288,br=0 nl=1,2,
inc/event/res/seasonevent/seasonal_christmas_02m.txt#138#12,"それに……すごく安心できたの。
今はもう一人じゃない。
わたしを見ててくれる人がいるんだって。","而且……我也感到特别安心。
觉得自己已经不再是一个人了。
原来还有注视着我的人在身边。",translated,依恩,3982392914,br=0 nl=2,3,
inc/event/res/seasonevent/seasonal_christmas_02m.txt#139#12,"いつもあなたにいっぱい助けてもらってる
のに、こんな我侭まで聞いてもらって……。","平时明明就已经受了你很多照顾，
却还让你由着我的任性胡闹……",translated,依恩,cab4ce3caf,br=0 nl=1,2,
inc/event/res/seasonevent/seasonal_christmas_02m.txt#140#12,わたし今、すっごく幸せだよ♪,我现在，真的觉得好幸福哦♪,translated,依恩,84fff76478,br=0 nl=0,1,
inc/event/res/seasonevent/seasonal_christmas_02m.txt#141#12,……えへへ、なんかちょっと恥ずかしいね。,……嘿嘿，总觉得有点难为情呢。,translated,依恩,6d22886ffc,br=0 nl=0,1,
inc/event/res/seasonevent/seasonal_christmas_02m.txt#142#12,十分満喫したし、今日はもう帰ろっか。,已经玩得十分尽兴了，今天就先回去吧。,translated,依恩,cc56981a58,br=0 nl=0,1,
inc/event/res/seasonevent/seasonal_christmas_02m.txt#149#12,もぅ、こんなときまでふざけて……。,真是的，连这种时候都还在恶作剧……,translated,依恩,9a144c3ebd,br=0 nl=0,1,
inc/event/res/seasonevent/seasonal_christmas_02m.txt#151#12,次こそちゃんとするから！,下次我一定好好摸！,translated,,5f910bfebb,br=0 nl=0,1,
inc/event/res/seasonevent/seasonal_christmas_02m.txt#153#12,"知らないっ！
今日はもう帰ろっ！","不理你了！
今天就先回去吧！",translated,依恩,f0beda82e7,br=0 nl=1,2,
inc/event/res/seasonevent/seasonal_christmas_02m.txt#157#12,ただいま～。,我回来啦～！,translated,依恩,c729b204d5,br=0 nl=0,1,
inc/event/res/seasonevent/seasonal_christmas_02m.txt#158#12,"今日はわたしの我侭を聞いてくれて
ありがとう。","今天谢谢你
包容了我小小的任性。",translated,依恩,03a41c7de7,br=0 nl=1,2,
inc/event/res/seasonevent/seasonal_christmas_02m.txt#159#12,"来年も、またこうやってクリスマスを
一緒に過ごせたらいいね♪","明年要是也能像这样
一起度过圣诞节就好了呢♪",translated,依恩,8996b38c3b,br=0 nl=1,2,
inc/event/res/seasonevent/seasonal_christmas_02m.txt#161#12,"はぁ……、せっかくのクリスマスデート
だったのに……。","哈啊……明明是难得的圣诞约会，
结果却弄成这样……",translated,依恩,b60ab0d388,br=0 nl=1,2,
inc/event/res/seasonevent/seasonal_christmas_02m.txt#162#12,ごめん……,对不起……,translated,,bcf3cfae7a,br=0 nl=0,1,
inc/event/res/seasonevent/seasonal_christmas_02m.txt#164#12,"あっ！
そ、その……わたしこそごめんなさい……。","啊！
那、那个……我才应该说对不起……",translated,依恩,67254de360,br=0 nl=1,2,
inc/event/res/seasonevent/seasonal_christmas_02m.txt#165#12,"なでてほしい、っていうのも
結局わたしの我侭だったのに……。","想要摸摸头什么的，
说到底也是我自己的任性嘛……",translated,依恩,babb83e2de,br=0 nl=1,2,
inc/event/res/seasonevent/seasonal_christmas_02m.txt#167#12,"来年……来年こそ、
一緒に素敵なクリスマスデートをしよ！","明年……明年我们一定要
一起度过一个美好的圣诞约会！",translated,依恩,9662c05236,br=0 nl=1,2,
inc/event/res/seasonevent/seasonal_christmas_02m.txt#168#12,"そしたら、きっと今年の分なんて
関係なくなるよ！","到那时，今年的这点遗憾
肯定也就不算什么啦！",translated,依恩,f770449de6,br=0 nl=1,2,
inc/event/res/seasonevent/seasonal_christmas_02m.txt#169#12,"だからその……来年も、またこうして
クリスマスを迎えられたらいいね。","所以那个……明年如果也能像这样
一起迎来圣诞节就好了呢。",translated,依恩,4417bef99e,br=0 nl=1,2,
inc/event/res/seasonevent/seasonal_christmas_02m.txt#170#12,"そのときこそ、クリスマスデートに
リベンジだよ♪","到那个时候，一定要在圣诞约会上
重新雪耻哦♪",translated,依恩,1395167e8b,br=0 nl=1,2,
inc/event/res/seasonevent/seasonal_christmas_02m.txt#176#12,"<CLY2>衣装【サンタ服】、【サンタ帽子】、
【サンタヒゲ】が追加されました。","<CLY2>追加了服装【圣诞服】、【圣诞帽】、
【圣诞胡须】。",translated,系统文本,427f6d7d7d,<CLY2> br=0 nl=1,2,keep-tags <CLY2>
inc/event/res/seasonevent/seasonal_christmas_02m_tch.txt#4#12,"つんつんじゃなくて、
なでてほしいんだけどなぁ……。","不是戳戳，
我想要的是摸摸头啦……",translated,依恩,5dd4563223,br=0 nl=1,2,
inc/event/res/seasonevent/seasonal_christmas_02m_tch.txt#11#12,"肩をもんでくれるのは嬉しいけど、
今してほしいのはそうじゃなくて……。","虽然帮我捏捏肩膀我也很高兴，
但现在想要的不是这个啦……",translated,依恩,0d14b954a9,br=0 nl=1,2,
inc/event/res/seasonevent/seasonal_christmas_02m_tch.txt#13#12,えっと、もうちょっと上の方……かな。,呃，应该还要再稍微往上一点……吧。,translated,依恩,5dc280fedc,br=0 nl=0,1,
inc/event/res/seasonevent/seasonal_christmas_02m_tch.txt#17#12,"えっと、これはこれで嬉しいけど……
今は手じゃなくて頭がいいな。","呃，虽然这样我也很开心啦……
但现在比起摸手，更想要摸摸头呢。",translated,依恩,b4267fbc07,br=0 nl=1,2,
inc/event/res/seasonevent/seasonal_christmas_02m_tch.txt#19#12,えへへ、ぎゅっぎゅ！,嘿嘿，捏捏！,translated,依恩,e348513f30,br=0 nl=0,1,
inc/event/res/seasonevent/seasonal_christmas_02m_tch.txt#20#12,って、今は手じゃなくて頭をなでてほしいな。,不对啦，现在想要的不是摸手而是摸摸头。,translated,依恩,1a766ccd88,br=0 nl=0,1,
inc/event/res/seasonevent/seasonal_christmas_02m_tch.txt#24#12,きゃっ！,呀啊！,translated,依恩,ddbee1e891,br=0 nl=0,1,
inc/event/res/seasonevent/seasonal_christmas_02m_tch.txt#25#12,もう、なんでこんなときに胸をさわるの！？,真是的，为什么要在这种时候摸胸部啦！？,translated,依恩,fa97fd4e94,br=0 nl=0,1,
inc/event/res/seasonevent/seasonal_christmas_02m_tch.txt#27#12,ねぇ、なでる場所、間違ってない？,我说，你摸的地方是不是搞错了？,translated,依恩,8bb5147326,br=0 nl=0,1,
inc/event/res/seasonevent/seasonal_christmas_02m_tch.txt#31#12,あはは！,啊哈哈！,translated,依恩,cf7b060480,br=0 nl=0,1,
inc/event/res/seasonevent/seasonal_christmas_02m_tch.txt#32#12,もう、くすぐったいよ！,哎呀，好痒啦！,translated,依恩,c2f4019937,br=0 nl=0,1,
inc/event/res/seasonevent/seasonal_christmas_02m_tch.txt#34#12,"どうしてお腹をなでてるの？
頭はもっと上の方だよ？","为什么在摸我的肚子呀？
头还要更往上面哦？",translated,依恩,1d538bf9ae,br=0 nl=1,2,
inc/event/res/seasonevent/seasonal_ciel.txt#6#12,あ、来た来た～。,啊，来啦来啦～。,translated,依恩,f3214bfada,br=0 nl=0,1,
inc/event/res/seasonevent/seasonal_ciel.txt#11#12,あ、来た来た～。,啊，来啦来啦～。,translated,依恩,f3214bfada,br=0 nl=0,1,
inc/event/res/seasonevent/seasonal_ciel.txt#18#12,ねえ、いる～？,喂，你在吗～？,translated,依恩,d025f57817,br=0 nl=0,1,
inc/event/res/seasonevent/seasonal_ciel.txt#22#12,残念。,真遗憾。,translated,依恩,db119d5662,br=0 nl=0,1,
inc/event/res/seasonevent/seasonal_ciel_tch.txt#4#12,あ、いてくれたんだ～。,啊，原来你在呀～,translated,依恩,d82706abe6,br=0 nl=0,1,
inc/event/res/seasonevent/seasonal_ciel_tch.txt#7#12,"ごめんね……実は、特別な用事があって
呼んだわけじゃないの。","对不起哦……其实，我并不是
因为有什么特别的事才叫你的。",translated,依恩,40f53708c8,br=0 nl=1,2,
inc/event/res/seasonevent/seasonal_ciel_tch.txt#8#12,"ただ……何だか今日は、すごく寂しい
気持ちで胸がいっぱいになってて……。","只是……不知为何今天，
心中满是强烈的寂寞感……",translated,依恩,58a089297f,br=0 nl=1,2,
inc/event/res/seasonevent/seasonal_ciel_tch.txt#9#12,お話聞くよ,我听你说,translated,,ab08332824,br=0 nl=0,1,
inc/event/res/seasonevent/seasonal_ciel_tch.txt#11#12,……ありがと。,……谢谢你。,translated,依恩,958fa9e2b2,br=0 nl=0,1,
inc/event/res/seasonevent/seasonal_ciel_tch.txt#12#12,実は……家族のことを思い出したの。,其实……我想起家人的事情了。,translated,依恩,0de999a9ab,br=0 nl=0,1,
inc/event/res/seasonevent/seasonal_ciel_tch.txt#13#12,"ううん、思い出した、っていうのとは
ちょっと違うかな？　考えていたの。","不，说是想起来了，
可能不太一样？其实是在遐想。",translated,依恩,89aeb34d92,br=0 nl=1,2,
inc/event/res/seasonevent/seasonal_ciel_tch.txt#14#12,"思い出せないけど、家族とみんなで
あんなことしたい、こんなことしたい、
って……。","虽然想不起来，但我在想
好想和家人们一起做这个、做那个，
之类的……",translated,依恩,c4db010b06,br=0 nl=2,3,
inc/event/res/seasonevent/seasonal_ciel_tch.txt#15#12,"食卓を囲んでご飯を食べたり、
みんなでお話したり、ゲームしたり、
時々ケンカとかもしたり……。","比如围在餐桌前一起吃饭，
大家一起聊聊天、玩玩游戏，
偶尔也会拌拌嘴吵吵架……",translated,依恩,4046f90975,br=0 nl=2,3,
inc/event/res/seasonevent/seasonal_ciel_tch.txt#16#12,"そんなことを考えてたら、
何だかすごく懐かしい気持ちになれたの。","想着那些事情，
不知为何就涌上了一股格外怀念的心情。",translated,依恩,fd4a36d824,br=0 nl=1,2,
inc/event/res/seasonevent/seasonal_ciel_tch.txt#17#12,それって、思い出せたのとは違うの？,那和想起来了有什么不同吗？,translated,,6ba9d92b14,br=0 nl=0,1,
inc/event/res/seasonevent/seasonal_ciel_tch.txt#19#12,"うん……思い出せてはいないから、
それとはちょっと違うの。","嗯……因为并不是真正回忆起来了，
所以稍微有些不同。",translated,依恩,954fec5bbf,br=0 nl=1,2,
inc/event/res/seasonevent/seasonal_ciel_tch.txt#20#12,"なんて説明すればいいのかな……。
記憶は無いけど、たしかにそういうことが
あったような気がする……って感じ？","该怎么解释才好呢……
虽然没有记忆，但总觉得确实有过
那样的事情……类似这种感觉？",translated,依恩,34e0401c2b,br=0 nl=2,3,
inc/event/res/seasonevent/seasonal_ciel_tch.txt#21#12,"何だか、もうすぐ手の届くところに
家族の記憶がある気がするのに、
それを掴むことができない。","总觉得家人的记忆
明明就在触手可及的地方，
可我却无论如何也抓不住它。",translated,依恩,7cab4d63e0,br=0 nl=2,3,
inc/event/res/seasonevent/seasonal_ciel_tch.txt#22#12,"そんなふうに思ったら、すごく寂しくて……
何だか、一人ぼっちになっちゃったような、
そんな気がしちゃって……。","一想到这些，我就觉得好寂寞……
总觉得，自己好像变成了孤单一人，
不由得产生了这种感觉……",translated,依恩,556bb551e0,br=0 nl=2,3,
inc/event/res/seasonevent/seasonal_ciel_tch.txt#23#12,いつか思い出せる日が来るよ,总有一天能回想起来的,translated,,d0cb5b35cf,br=0 nl=0,1,
inc/event/res/seasonevent/seasonal_ciel_tch.txt#24#12,イオンを一人になんてさせない！,我不会让伊欧孤单一人的！,translated,,25f34b3b14,br=0 nl=0,1,
inc/event/res/seasonevent/seasonal_ciel_tch.txt#26#12,……うん、そうだよね。,……嗯，你说得对呢。,translated,依恩,ecc813cf6a,br=0 nl=0,1,
inc/event/res/seasonevent/seasonal_ciel_tch.txt#27#12,"いつか思い出せる日が来るのを
信じてるから、あなただって
協力してくれてるのに……。","明明你也正是因为相信着
总有一天能够想起来，才在协助我的，
可我却……",translated,依恩,c25382695a,br=0 nl=2,3,
inc/event/res/seasonevent/seasonal_ciel_tch.txt#28#12,"それに、一人ぼっちになっちゃった
気がしたって言ったけど、間違いだったよ。","而且，我说感觉自己变成了孤单一人，
其实是我弄错啦。",translated,依恩,b9f92e11dd,br=0 nl=1,2,
inc/event/res/seasonevent/seasonal_ciel_tch.txt#29#12,だって、今はあなたがいてくれるもん。,因为，现在有你陪在我的身边嘛。,translated,依恩,0041b89062,br=0 nl=0,1,
inc/event/res/seasonevent/seasonal_ciel_tch.txt#33#12,"ごめんなさい……なんて言ったらいいのか、
言葉が見つからないの。","对不起……该怎么说才好呢，
我都有些找不出词句了。",translated,依恩,d3254ea993,br=0 nl=1,2,
inc/event/res/seasonevent/seasonal_ciel_tch.txt#34#12,"すごく嬉しくて……ありがとう、って
言葉じゃ物足りないくらい、すごく嬉しい
気持ちで、いっぱいになっちゃって……。","真的太高兴了……光是一句“谢谢”，
根本远远不够表达，心里满溢着
无比开心的情绪……",translated,依恩,c0dade1e88,br=0 nl=2,3,
inc/event/res/seasonevent/seasonal_ciel_tch.txt#35#12,"一人ぼっちになっちゃった気がした、って
言ったけど、あれは間違いだったみたい。","虽说我刚才讲觉得自己变成了孤单一人，
但看来真的是我弄错啦。",translated,依恩,4fa7f43e67,br=0 nl=1,2,
inc/event/res/seasonevent/seasonal_ciel_tch.txt#36#12,"だって、いつもわたしのことを見ていて
くれる、あなたがいるんだもん。","因为，还有一直注视着我的
你陪在身边嘛。",translated,依恩,bfd7b06047,br=0 nl=1,2,
inc/event/res/seasonevent/seasonal_ciel_tch.txt#38#12,"家族のことを考えて、寂しい気持ちに
なっちゃったのは本当だけど……。","虽然想念家人的事情，
确实让我变得有些寂寞……",translated,依恩,4eb465fb80,br=0 nl=1,2,
inc/event/res/seasonevent/seasonal_ciel_tch.txt#39#12,"けど、そのおかげであなたの存在の
大きさに、改めて気づくことができたよ。","但也正因如此，我才再次察觉到了
你的存在对我来说有多么重要哦。",translated,依恩,59ebbfdbc0,br=0 nl=1,2,
inc/event/res/seasonevent/seasonal_ciel_tch.txt#40#12,"今更かもしれないけど、ありがと。
いつもわたしを見守ってくれて。","现在说可能有点迟了，但还是谢谢你。
谢谢你一直这样守护着我。",translated,依恩,c9dc6931ad,br=0 nl=1,2,
inc/event/res/seasonevent/seasonal_ciel_tch.txt#41#12,"これからも、わたしのことを
見守っていてくれる？","今后，你也会一直
守护着我吗？",translated,依恩,4fbe86e055,br=0 nl=1,2,
inc/event/res/seasonevent/seasonal_ciel_tch.txt#42#12,もちろん、見守り続ける,当然，我会一直守护你的,translated,,69ab58f062,br=0 nl=0,1,
inc/event/res/seasonevent/seasonal_ciel_tch.txt#44#12,"うん……それを聞けて、ちょっとだけど
気持ちがラクになったよ。","嗯……听到你这么说，
虽然只有一点点，但也感觉轻松多了。",translated,依恩,0866e962e4,br=0 nl=1,2,
inc/event/res/seasonevent/seasonal_ciel_tch.txt#45#12,"お話聞いてもらえて良かった。
本当にありがとね。","能有人听我倾诉真是太好了。
真的很谢谢你哦。",translated,依恩,eb6f26712a,br=0 nl=1,2,
inc/event/res/seasonevent/seasonal_ciel_tch.txt#46#12,"……もし、また寂しくなっちゃったら、
その時は……。","……如果我以后又感到寂寞了，
到时候……",translated,依恩,082acb13ff,br=0 nl=1,2,
inc/event/res/seasonevent/seasonal_ciel_tch.txt#47#12,いつでも呼んでね,随时叫我吧,translated,,68fd273747,br=0 nl=0,1,
inc/event/res/seasonevent/seasonal_ciel_tch.txt#49#12,うん！　遠慮なく、そうさせてもらうね。,嗯！那我就不客气地呼唤你啦。,translated,依恩,69ae5fbbef,br=0 nl=0,1,
inc/event/res/seasonevent/seasonal_ciel_tch.txt#52#12,ごめんね、急に呼び出しちゃって。,对不起哦，突然把你叫出来。,translated,依恩,c54542432d,br=0 nl=0,1,
inc/event/res/seasonevent/seasonal_ciel_tch.txt#53#12,"何だか、急に寂しい気持ちに
なってきちゃって……。","不知怎么的，心里突然涌上了一股
强烈的寂寞感……",translated,依恩,e3b800e29e,br=0 nl=1,2,
inc/event/res/seasonevent/seasonal_ciel_tch.txt#54#12,家族のことを考えて？,是因为想到了家人的事？,translated,,aa8edb727a,br=0 nl=0,1,
inc/event/res/seasonevent/seasonal_ciel_tch.txt#55#12,怖い夢でも見たの？,是做了噩梦吗？,translated,,e2a802dacd,br=0 nl=0,1,
inc/event/res/seasonevent/seasonal_ciel_tch.txt#57#12,"えへへ……あなたなら多分気づいてると
思ったよ。","嘿嘿……我想着你大概已经
注意到了。",translated,依恩,1bef89e251,br=0 nl=1,2,
inc/event/res/seasonevent/seasonal_ciel_tch.txt#60#12,ううん、そうじゃないの。,不，不是那样的。,translated,依恩,277b4ff179,br=0 nl=0,1,
inc/event/res/seasonevent/seasonal_ciel_tch.txt#61#12,"家族のことを考えてて……
それで、急に寂しくなっちゃったの。","我在想家人的事情……
然后不知不觉就变得寂寞起来了。",translated,依恩,ea7990a8f2,br=0 nl=1,2,
inc/event/res/seasonevent/seasonal_ciel_tch.txt#63#12,"何でなのかな？
家族のことは、いつも思い出そうとして
考えてるんだよ？","为什么会这样呢？
家人的事情，我平时也总在努力回想
思考呀？",translated,依恩,f6e9584254,br=0 nl=2,3,
inc/event/res/seasonevent/seasonal_ciel_tch.txt#64#12,"その度に思い出せなくて寂しい気持ちに
なるんだけど……この時期はいつも以上に
寂しい気持ちが強くなっちゃうんだ。","虽然每次想不起来时都会感到寂寞……
但到了这个时期，那种寂寞的感觉
总会比平时更加强烈。",translated,依恩,a437d9fa60,br=0 nl=2,3,
inc/event/res/seasonevent/seasonal_ciel_tch.txt#65#12,"不思議だよね。
もしかして、家族と別れたのが
これくらいの時期だったのかな？","真不可思议呢。
难道说，我和家人分别的时候，
正好就是在这个时期吗？",translated,依恩,caed99480a,br=0 nl=2,3,
inc/event/res/seasonevent/seasonal_ciel_tch.txt#66#12,"だから、いつも以上に寂しくなって、
あなたに会いたくなっちゃうのかも……。","所以才会变得比平时更寂寞，
变得格外想要见你吧……",translated,依恩,f01f62bdbd,br=0 nl=1,2,
inc/event/res/seasonevent/seasonal_ciel_tch.txt#67#12,頼りにされてるのかな？,这是被你依靠了吗？,translated,,6be94645ad,br=0 nl=0,1,
inc/event/res/seasonevent/seasonal_ciel_tch.txt#68#12,話を聞くくらいしかできなくてごめん,很抱歉我只能听你倾诉,translated,,daec6b2c3b,br=0 nl=0,1,
inc/event/res/seasonevent/seasonal_ciel_tch.txt#70#12,ふふっ……もちろんだよ。,呵呵……那是当然的啦。,translated,依恩,6b5db4d8c8,br=0 nl=0,1,
inc/event/res/seasonevent/seasonal_ciel_tch.txt#71#12,"わたしにとってあなたは、
誰よりも頼りになる、心強い味方だもん。","对我来说，你可是
比谁都更值得依靠、最强有力的同伴嘛。",translated,依恩,00b9e20e60,br=0 nl=1,2,
inc/event/res/seasonevent/seasonal_ciel_tch.txt#74#12,そんなこと言わないで。,快别这么说啦。,translated,依恩,ff9c51abec,br=0 nl=0,1,
inc/event/res/seasonevent/seasonal_ciel_tch.txt#75#12,"これでもわたし、本当にあなたのことを
頼りになる人、って思ってるんだから。","哪怕这样，我心底里也是真的很觉得
你是一个非常值得依靠的人哦。",translated,依恩,0420718116,br=0 nl=1,2,
inc/event/res/seasonevent/seasonal_ciel_tch.txt#77#12,"初めてこの時期に家族のことを考えて、
すごく寂しくなっちゃったとき……
わたしね、震えるくらいに怖かったの。","第一次在这个时期想起家人的事、
变得格外寂寞的时候……
我当时啊，害怕得浑身都在发抖。",translated,依恩,2514213ebe,br=0 nl=2,3,
inc/event/res/seasonevent/seasonal_ciel_tch.txt#78#12,"ああ、わたしって本当に一人ぼっちなんだ。
きっと、これからもずっとそのまま生きて、
一人で死んでいくんだな、って……。","想着“啊啊，原来我真的只是孤身一人。
今后肯定也只能这样一直活下去，
然后独自一人慢慢死去吧”……",translated,依恩,1b4901a6bd,br=0 nl=2,3,
inc/event/res/seasonevent/seasonal_ciel_tch.txt#79#12,"それが怖くて、本当に堪らなくなって……
それであなたに声をかけたの。","一想到这些就好害怕，难受得受不了……
所以才会向你出声呼唤的。",translated,依恩,46c9083925,br=0 nl=1,2,
inc/event/res/seasonevent/seasonal_ciel_tch.txt#80#12,"けど、あなたとお話をしている内にね、
不思議なくらい寂しさが消えていったの。","可是，在和你聊天的过程当中，
那种寂寞感居然不可思议地烟消云散了。",translated,依恩,1f114c7951,br=0 nl=1,2,
inc/event/res/seasonevent/seasonal_ciel_tch.txt#81#12,"家族を思い出せない寂しさや、
記憶を取り戻せない不安……。","想不起家人的寂寞，
找不回记忆的惶恐不安……",translated,依恩,a3ee66354e,br=0 nl=1,2,
inc/event/res/seasonevent/seasonal_ciel_tch.txt#82#12,"それが全部、この人がいてくれれば
きっと思い出すことができる、って……。","全都化作了“只要有这个人在，
我就一定能够回想起来”的信念……",translated,依恩,e21a3b7ddc,br=0 nl=1,2,
inc/event/res/seasonevent/seasonal_ciel_tch.txt#83#12,"そう、心から信じることが
できるようになったの。","我开始能够由衷地
去相信这一点了。",translated,依恩,d7865f758a,br=0 nl=1,2,
inc/event/res/seasonevent/seasonal_ciel_tch.txt#84#12,"そんなにすごい力をわたしに与えてくれた。
あなたは、それくらいすごい人なんだよ。","是你赋予了我如此巨大的力量。
你就是这么厉害的人哦。",translated,依恩,d6c6e53d82,br=0 nl=1,2,
inc/event/res/seasonevent/seasonal_ciel_tch.txt#85#12,自分がそんなに凄い人だったとは……,没想到自己原来这么厉害……,translated,,d152145e1f,br=0 nl=0,1,
inc/event/res/seasonevent/seasonal_ciel_tch.txt#86#12,イオン自身の強さのおかげだよ,这多亏了伊欧你自己的坚强哦,translated,,cf3d65bc25,br=0 nl=0,1,
inc/event/res/seasonevent/seasonal_ciel_tch.txt#88#12,"ふふっ……そうだよ。
あなたはとってもすごい人なんだから。","呵呵……是呀。
你真的是非常非常了不起的人呢。",translated,依恩,7b3b072b9e,br=0 nl=1,2,
inc/event/res/seasonevent/seasonal_ciel_tch.txt#91#12,"そうだとしても、わたし一人じゃその強さを
引き出すことなんてできなかったもん。","就算真是那样，如果只有我一个人，
也是根本没办法引发出这份坚强的嘛。",translated,依恩,b2c5dbb3bd,br=0 nl=1,2,
inc/event/res/seasonevent/seasonal_ciel_tch.txt#92#12,"あなたがいてくれなきゃ、わたしは今も、
きっと一人で寂しがってたと思う……。","要是没有你陪着，现在的我，
肯定也还一个人沉浸在寂寞当中吧……",translated,依恩,306409868c,br=0 nl=1,2,
inc/event/res/seasonevent/seasonal_ciel_tch.txt#94#12,"その証拠、とは言っても見せることは
できないんだけど……。","虽说作为证据，
也没办法直接拿给你看就是了……",translated,依恩,e8c8c8f91a,br=0 nl=1,2,
inc/event/res/seasonevent/seasonal_ciel_tch.txt#95#12,"あなたと話したおかげで、
さっきまで感じてた寂しさが
もう感じられなくなったよ。","因为和你聊了聊天，
刚才感受到的那股寂寞，
现在已经完全感觉不到了哦。",translated,依恩,6e84c15b7b,br=0 nl=2,3,
inc/event/res/seasonevent/seasonal_ciel_tch.txt#96#12,"本当、あなたの存在はわたしにとって、
強い力をくれる存在だよ。","你的存在对我来说，
真的是能够赐予我强大力量的依靠呢。",translated,依恩,00270fe528,br=0 nl=1,2,
inc/event/res/seasonevent/seasonal_ciel_tch.txt#97#12,"これからも、弱いわたしに力をくれる
存在でいてほしい。……いいかな？","希望你今后也能成为
给予脆弱的我力量的存在。……可以吗？",translated,依恩,e730357f81,br=0 nl=1,2,
inc/event/res/seasonevent/seasonal_ciel_tch.txt#98#12,もちろんだよ,那是当然的,translated,,c8f9b33cbb,br=0 nl=0,1,
inc/event/res/seasonevent/seasonal_ciel_tch.txt#100#12,頼もしい返事を聞けて、安心したよ。,能听到你这么可靠的回答，我就安心了。,translated,依恩,bbc3764380,br=0 nl=0,1,
inc/event/res/seasonevent/seasonal_ciel_tch.txt#101#12,"これからも、いつまでもいつまでも、
ずっとわたしと一緒にいてね。","今后也请无论何时，
都一直一直和我在一起哦。",translated,依恩,9e82bab5ac,br=0 nl=1,2,
inc/event/res/seasonevent/seasonal_ciel_tch.txt#105#14,"あなたの存在がわたしに
とってどれだけ大切か
再確認できた。","重新确认了你的存在
对于我来说
是多么的重要。",translated,,17257d75d5,br=0 nl=2,3,
inc/event/res/seasonevent/seasonal_goldenweek.txt#6#12,あ、来た来た～。,啊，来啦来啦～。,translated,依恩,f3214bfada,br=0 nl=0,1,
inc/event/res/seasonevent/seasonal_goldenweek.txt#11#12,あ、来た来た～。,啊，来啦来啦～。,translated,依恩,f3214bfada,br=0 nl=0,1,
inc/event/res/seasonevent/seasonal_goldenweek.txt#18#12,ねえ、いる～？,喂，你在吗～？,translated,依恩,d025f57817,br=0 nl=0,1,
inc/event/res/seasonevent/seasonal_goldenweek.txt#22#12,残念。,真遗憾。,translated,依恩,db119d5662,br=0 nl=0,1,
inc/event/res/seasonevent/seasonal_goldenweek_tch.txt#4#12,あ、いてくれたんだ～。,啊，原来你在呀～,translated,依恩,d82706abe6,br=0 nl=0,1,
inc/event/res/seasonevent/seasonal_goldenweek_tch.txt#7#12,"ねりこさんから聞いたんだけど、
あなたの世界では連休なんだよね？","我是听妮莉库说的，
在你的世界现在正好是连休对吧？",translated,依恩,1e3e98413a,br=0 nl=1,2,
inc/event/res/seasonevent/seasonal_goldenweek_tch.txt#8#12,"えっと、何て言ったかな？
ゴールド、何とかだったような……。","呃，叫什么来着？
黄金……什么什么的……",translated,依恩,02436203b1,br=0 nl=1,2,
inc/event/res/seasonevent/seasonal_goldenweek_tch.txt#9#12,"そう、ゴールデンウィーク！
あなたも今はお休み中なの？","对，黄金周！
你现在也正在放假中吗？",translated,依恩,04b119c9ef,br=0 nl=1,2,
inc/event/res/seasonevent/seasonal_goldenweek_tch.txt#10#12,休めない人間もいる。例えば自分とか……,也有没法休假的人。比如我自己……,translated,,fcd729a8a8,br=0 nl=0,1,
inc/event/res/seasonevent/seasonal_goldenweek_tch.txt#11#12,休みを満喫中だよ,正在充分享受假期哦,translated,,c14c2ea42c,br=0 nl=0,1,
inc/event/res/seasonevent/seasonal_goldenweek_tch.txt#13#12,あ、あはは……大変みたいだね……。,啊、啊哈哈……看来挺辛苦的呢……,translated,依恩,68930007d9,br=0 nl=0,1,
inc/event/res/seasonevent/seasonal_goldenweek_tch.txt#14#12,"で、でも、お休みの日に働いてる人が
いるからこそ、お休みの人達は遊びに
出かけたりできるんだよ。","但、但是，正因为有在休息日
辛勤工作的人在，
放假的人们才能够外出游玩呀。",translated,依恩,c7a78c0df9,br=0 nl=2,3,
inc/event/res/seasonevent/seasonal_goldenweek_tch.txt#15#12,"だから、あなたはとっても立派だよ。
みんなに笑顔と癒しを与える、
影のヒーローだね。","所以，你真的很了不起哦。
是给所有人带来欢笑与慰藉的
幕后英雄呢。",translated,依恩,efc45767c7,br=0 nl=2,3,
inc/event/res/seasonevent/seasonal_goldenweek_tch.txt#18#12,"ふふっ、せっかくの連休なんだし、
ゆっくり休んで、うんと遊んでね。","呵呵，难得放连休，
要好好休息，尽情玩耍哦。",translated,依恩,584a1b4752,br=0 nl=1,2,
inc/event/res/seasonevent/seasonal_goldenweek_tch.txt#19#12,"……でも、できればわたしとも、
どこか出かけてくれたら嬉しいかも……。","……不过要是可以的话，要是能和我
也一起去哪里走走，我会很开心的……",translated,依恩,f08f885e1f,br=0 nl=1,2,
inc/event/res/seasonevent/seasonal_goldenweek_tch.txt#21#12,"そうだ！
もしよかったら、今から少しだけ
お出かけしてみない？","对啦！
如果可以的话，现在要不要
稍微出去走走看看？",translated,依恩,004529c7be,br=0 nl=2,3,
inc/event/res/seasonevent/seasonal_goldenweek_tch.txt#22#12,"せっかくのゴールデンウィークなんだから、
わたしもどこかお出かけしてみたいの。","难得是黄金周，
我也想去哪里逛逛呢。",translated,依恩,96a1eaff25,br=0 nl=1,2,
inc/event/res/seasonevent/seasonal_goldenweek_tch.txt#23#12,どこも超混んでるよ？,到处都超级挤哦？,translated,,41a4ee5508,br=0 nl=0,1,
inc/event/res/seasonevent/seasonal_goldenweek_tch.txt#25#12,ねりこさんから聞いて知ってるよ。,我听妮莉库说过，我知道哦。,translated,依恩,8a96cd46c7,br=0 nl=0,1,
inc/event/res/seasonevent/seasonal_goldenweek_tch.txt#26#12,"でも、どれくらい混んでるものなのかを
実際に体験してみたかったの。","不过，我还是想亲自体验一下
到底会挤到什么程度呢。",translated,依恩,747d930da0,br=0 nl=1,2,
inc/event/res/seasonevent/seasonal_goldenweek_tch.txt#29#12,"そういうわけだから、とりあえず水族館に
行ってみようと思うんだけど……
せっかくだから、おめかししちゃおっと！","所以呢，我想先去水族馆看看，
不过既然难得出门……
我也来好好打扮一下吧！",translated,依恩,374556394a,br=0 nl=2,3,
inc/event/res/seasonevent/seasonal_goldenweek_tch.txt#32#12,"うん、これを着ればいいんだね。
それじゃ、ちょっと待っててね。","嗯，穿这件就可以了吧。
那么，稍微等我一下哦。",translated,依恩,4e0affcc3b,br=0 nl=1,2,
inc/event/res/seasonevent/seasonal_goldenweek_tch.txt#34#12,"うん、それじゃあ今日は……
これにしよっと！","嗯，那么今天就……
穿这件吧！",translated,依恩,52da782725,br=0 nl=1,2,
inc/event/res/seasonevent/seasonal_goldenweek_tch.txt#39#12,"ジャジャーン！
えへへ……似合ってるかな？","锵锵～！
嘿嘿……合身好看吗？",translated,依恩,668a4bfcac,br=0 nl=1,2,
inc/event/res/seasonevent/seasonal_goldenweek_tch.txt#42#12,とっても可愛いよ,非常可爱哦,translated,,ed7440a4cc,br=0 nl=0,1,
inc/event/res/seasonevent/seasonal_goldenweek_tch.txt#43#12,う～ん……まあ、いい感じかな,嗯～……嘛，感觉挺不错的吧,translated,,1d15048dd7,br=0 nl=0,1,
inc/event/res/seasonevent/seasonal_goldenweek_tch.txt#45#12,ふふっ、ありがと。,呵呵，谢谢你。,translated,依恩,74e573494b,br=0 nl=0,1,
inc/event/res/seasonevent/seasonal_goldenweek_tch.txt#46#12,"ちょっと照れるけど、服を褒めて
もらうのって、すごく嬉しいよ。","虽然有点害羞，但是衣服被夸奖
真的很让人开心呢。",translated,依恩,4603ac71fe,br=0 nl=1,2,
inc/event/res/seasonevent/seasonal_goldenweek_tch.txt#49#12,"あらら……もっと褒めてもらえると思って
期待してたんだけどなぁ……。","哎呀呀……我还期待着
能得到你更多的夸奖呢……",translated,依恩,deb34df23e,br=0 nl=1,2,
inc/event/res/seasonevent/seasonal_goldenweek_tch.txt#51#12,"準備完了！
それじゃ行こっか。","准备完毕！
那我们出发吧。",translated,依恩,86fd16f171,br=0 nl=1,2,
inc/event/res/seasonevent/seasonal_goldenweek_tch.txt#53#12,とうちゃ～……。,到～啦……。,translated,依恩,f9ee37a1a7,br=0 nl=0,1,
inc/event/res/seasonevent/seasonal_goldenweek_tch.txt#54#12,って、えぇーっ！？,哎，诶诶――！？,translated,依恩,9e06a0bf6c,br=0 nl=0,1,
inc/event/res/seasonevent/seasonal_goldenweek_tch.txt#55#12,"な、なに、この混みよう……。
水族館がこんなに混んでるの、
初めて見たかも……。","这、这是什么拥挤程度啊……
水族馆居然能挤成这样，
我可能还是第一次见到……",translated,依恩,79f037ad21,br=0 nl=2,3,
inc/event/res/seasonevent/seasonal_goldenweek_tch.txt#57#12,ね、超混んでるでしょ？,看吧，超级挤对不对？,translated,,1c468ea92f,br=0 nl=0,1,
inc/event/res/seasonevent/seasonal_goldenweek_tch.txt#59#12,"まさか、こんなに混んでるなんて
思わなかったよ。","真没想到
会挤成这个样子呢。",translated,依恩,0862ac0f26,br=0 nl=1,2,
inc/event/res/seasonevent/seasonal_goldenweek_tch.txt#60#12,人が多過ぎて、まともに歩けないもん。,人实在太多了，根本没法正常走路嘛。,translated,依恩,15722dcfd5,br=0 nl=0,1,
inc/event/res/seasonevent/seasonal_goldenweek_tch.txt#61#12,"……あ、ちょっと動いた！
今のうちに移動しよ。","……啊，队伍动了一点点！
趁现在往前挪挪吧。",translated,依恩,f20dacdfd6,br=0 nl=1,2,
inc/event/res/seasonevent/seasonal_goldenweek_tch.txt#63#12,うわぁ……何だか、すごいね。,哇啊……总觉得，好厉害呀。,translated,依恩,4949f51b6a,br=0 nl=0,1,
inc/event/res/seasonevent/seasonal_goldenweek_tch.txt#64#12,どこを見ても、人、人、人だらけ……。,不管看哪里，全都是人人人……,translated,依恩,0b9c386545,br=0 nl=0,1,
inc/event/res/seasonevent/seasonal_goldenweek_tch.txt#65#12,"水族館ってお魚を見に来る場所なのに、
これじゃ人間を見に来てる気持ちに
なっちゃうよ。","水族馆明明是来看鱼的地方，
这样感觉都要变成
来看人了啦。",translated,依恩,c87f74b7f9,br=0 nl=2,3,
inc/event/res/seasonevent/seasonal_goldenweek_tch.txt#66#12,"ゴールデンウィークって、
どこもこんな感じなの？","黄金周的时候，
到处都是这个样子的吗？",translated,依恩,174c52a9da,br=0 nl=1,2,
inc/event/res/seasonevent/seasonal_goldenweek_tch.txt#68#12,渋滞、満席、激混みが普通だよ,堵车、满座、爆满都是常态哦,translated,,8407705b72,br=0 nl=0,1,
inc/event/res/seasonevent/seasonal_goldenweek_tch.txt#69#12,だから家でジッとしてる方が正解だよ,所以老老实实待在家里才是正解,translated,,2b895aae81,br=0 nl=0,1,
inc/event/res/seasonevent/seasonal_goldenweek_tch.txt#71#12,"……わたし、ゴールデンウィークを
甘く見てたかも。","……我可能把黄金周
想得太简单了。",translated,依恩,247b56ee1b,br=0 nl=1,2,
inc/event/res/seasonevent/seasonal_goldenweek_tch.txt#72#12,でも、ちょっとワクワクしてるの。,不过，我心里还是有点兴奋雀跃呢。,translated,依恩,6fb388c629,br=0 nl=0,1,
inc/event/res/seasonevent/seasonal_goldenweek_tch.txt#75#12,"人混みが苦手な人にとっては、
確かにそれが一番かもしれないね。","对于不擅长应付人挤人的人来说，
那确实可能是最好的选择呢。",translated,依恩,ee282d69ab,br=0 nl=1,2,
inc/event/res/seasonevent/seasonal_goldenweek_tch.txt#76#12,"でも、せっかくの連休なんだから、
わたしは外出したいな。","不过，难得是连休，
我还是想出门走走呀。",translated,依恩,d46d3fcc3a,br=0 nl=1,2,
inc/event/res/seasonevent/seasonal_goldenweek_tch.txt#78#12,"普段、わたしのいる世界にねりこさん以外の
人がいないからかな？","是因为平时我的世界里除了妮莉库之外
就没有其他人了吗？",translated,依恩,59ea0992b9,br=0 nl=1,2,
inc/event/res/seasonevent/seasonal_goldenweek_tch.txt#79#12,"何だか、ちょっとだけ新鮮な感じがして、
楽しんでるわたしがいるの。","总觉得有些新鲜，
我好像还挺乐在其中的呢。",translated,依恩,122ba152e5,br=0 nl=1,2,
inc/event/res/seasonevent/seasonal_goldenweek_tch.txt#80#12,……変、かな？,……这样会很奇怪吗？,translated,依恩,10382fc7bd,br=0 nl=0,1,
inc/event/res/seasonevent/seasonal_goldenweek_tch.txt#82#12,気持ちはわかる,我能理解你的心情,translated,,27e46f7be3,br=0 nl=0,1,
inc/event/res/seasonevent/seasonal_goldenweek_tch.txt#84#12,ふふっ、ありがと。,呵呵，谢谢你。,translated,依恩,74e573494b,br=0 nl=0,1,
inc/event/res/seasonevent/seasonal_goldenweek_tch.txt#85#12,……あっ。,……啊。,translated,依恩,97b2adb3af,br=0 nl=0,1,
inc/event/res/seasonevent/seasonal_goldenweek_tch.txt#87#12,"ま、また大渋滞しちゃってる……。
水族館の奥まで人でいっぱいなんだね。","又、又大排长龙堵住了……
看来水族馆里面深处也全都是人呢。",translated,依恩,3d2629c7ca,br=0 nl=1,2,
inc/event/res/seasonevent/seasonal_goldenweek_tch.txt#88#12,"ここでこんなに混んでるなら、
遊園地とかショッピングセンターなんて
行ったら、どうなっちゃうんだろ？","如果这里都这么挤的话，
要是去了游乐园或者购物中心，
真不知道会变成什么样呢？",translated,依恩,ca7bf16f42,br=0 nl=2,3,
inc/event/res/seasonevent/seasonal_goldenweek_tch.txt#90#12,下手したら入れないかもしれない,搞不好连进都进不去,translated,,8029e0ad75,br=0 nl=0,1,
inc/event/res/seasonevent/seasonal_goldenweek_tch.txt#91#12,次はショッピングセンター行ってみる？,接下来要去购物中心看看吗？,translated,,2940abf93b,br=0 nl=0,1,
inc/event/res/seasonevent/seasonal_goldenweek_tch.txt#93#12,"何となくわかってはいたけど、
ここより何倍も混んでるんだね。","虽然隐约能猜到，
但原来比这里还要挤上好几倍啊。",translated,依恩,45becb44b4,br=0 nl=1,2,
inc/event/res/seasonevent/seasonal_goldenweek_tch.txt#94#12,"ここ以上に混んでる場所に行ったら、
さすがに楽しめそうにないかも……。","要是去了比这里还要拥挤的地方，
那确实可能就很难开心得起来了……",translated,依恩,6afc59d8f1,br=0 nl=1,2,
inc/event/res/seasonevent/seasonal_goldenweek_tch.txt#97#12,……ううん、やめておくよ。,……还是算了吧。,translated,依恩,246e04862b,br=0 nl=0,1,
inc/event/res/seasonevent/seasonal_goldenweek_tch.txt#98#12,"新鮮な感じがするとは言ったけど、
今から行ったらただ疲れるだけに
なっちゃいそうだもん。","虽然刚才说了感觉挺新鲜，
但如果现在去的话，
感觉只会徒增疲惫嘛。",translated,依恩,8d40ac04e2,br=0 nl=2,3,
inc/event/res/seasonevent/seasonal_goldenweek_tch.txt#100#12,でも、今はすごく楽しんでるよ。,不过，现在我玩得非常开心哦。,translated,依恩,7ebcb9a1c7,br=0 nl=0,1,
inc/event/res/seasonevent/seasonal_goldenweek_tch.txt#101#12,"あなたの世界のゴールデンウィークって
いうのが、どういう感じなのかを
体験できてるんだもん。","因为我切身体会到了
你的世界里的黄金周
到底是什么样的感觉嘛。",translated,依恩,4bc888ce52,br=0 nl=2,3,
inc/event/res/seasonevent/seasonal_goldenweek_tch.txt#102#12,"これだけ多くの人が、色んな場所に
遊びに行く連休……素敵だと思うよ。","能有这么多人外出到各种地方游玩的
连休长假……我觉得很棒哦。",translated,依恩,4a4f359e45,br=0 nl=1,2,
inc/event/res/seasonevent/seasonal_goldenweek_tch.txt#103#12,……そ、そろそろ帰ろっか？,……差、差不多该回去了吧？,translated,依恩,7e2d73755e,br=0 nl=0,1,
inc/event/res/seasonevent/seasonal_goldenweek_tch.txt#104#12,"さっきから行列が全然動きそうにないし、
このままだと何時間も立ちっ放しに
なっちゃいそうだもん。","刚才开始队伍就完全不动了，
再这样下去感觉要站上
好几个小时了嘛。",translated,依恩,cfa6a98de4,br=0 nl=2,3,
inc/event/res/seasonevent/seasonal_goldenweek_tch.txt#106#12,はぁ……。,哈啊……,translated,依恩,1083486be2,br=0 nl=0,1,
inc/event/res/seasonevent/seasonal_goldenweek_tch.txt#107#12,"な、何でだろう……？
帰ってきた途端、急に疲れが出てきた
ような……。","怎、怎么回事呀……？
一回到家，突然就感觉
一股疲劳涌上来了……",translated,依恩,b818b48614,br=0 nl=2,3,
inc/event/res/seasonevent/seasonal_goldenweek_tch.txt#108#12,"連休のはずなのに、驚くほど疲れちゃうのが
ゴールデンウィークなんだね。","明明是长假，却意外地会让人疲惫不堪，
这就是黄金周的特色呢。",translated,依恩,3991bea622,br=0 nl=1,2,
inc/event/res/seasonevent/seasonal_goldenweek_tch.txt#109#12,今度は静かなところに行こう,下次去安静的地方吧,translated,,645c99100a,br=0 nl=0,1,
inc/event/res/seasonevent/seasonal_goldenweek_tch.txt#111#12,うん、是非そうしよう！,嗯，一定要这样！,translated,依恩,ab8c5fc084,br=0 nl=0,1,
inc/event/res/seasonevent/seasonal_goldenweek_tch.txt#112#12,"どれくらい混むのかはよくわかったから、
次は静かなところでのんびりしたいよ。","到底会有多挤我已经很明白了，
下次想去安静的地方悠闲度过呢。",translated,依恩,857cc80d8a,br=0 nl=1,2,
inc/event/res/seasonevent/seasonal_goldenweek_tch.txt#113#12,"来年のゴールデンウィークが楽しみだね。
一緒に行くの、忘れちゃダメだよ！","让人很期待明年的黄金周呢。
可不能忘记要和我一起去哦！",translated,依恩,6ad66890c8,br=0 nl=1,2,
inc/event/res/seasonevent/seasonal_goldenweek_tch.txt#116#12,"ねぇねぇ、今ってあなたの世界では
ゴールデンウィークだったよね？","我说我说，现在在你的世界里，
正值黄金周对吧？",translated,依恩,782726eb11,br=0 nl=1,2,
inc/event/res/seasonevent/seasonal_goldenweek_tch.txt#117#12,今年はどこかおでかけしたの？,今年你有去哪里逛逛吗？,translated,依恩,94e468dfe1,br=0 nl=0,1,
inc/event/res/seasonevent/seasonal_goldenweek_tch.txt#118#12,どこにも出かけてないよ,哪里都没去哦,translated,,828f537066,br=0 nl=0,1,
inc/event/res/seasonevent/seasonal_goldenweek_tch.txt#119#12,お出かけしたよ,有出门逛过哦,translated,,8b1f932f91,br=0 nl=0,1,
inc/event/res/seasonevent/seasonal_goldenweek_tch.txt#121#12,"あらら……もしかして、忙しくて
お出かけできてないのかな？","哎呀呀……难道说，是因为太忙了
所以没法出门吗？",translated,依恩,2a9982b757,br=0 nl=1,2,
inc/event/res/seasonevent/seasonal_goldenweek_tch.txt#122#12,"でも、せっかくの連休なんだから、
どこにも出かけないのは寂しいよ。","但是，难得是连休假期，
哪里都不去也太寂寞了嘛。",translated,依恩,694ce44669,br=0 nl=1,2,
inc/event/res/seasonevent/seasonal_goldenweek_tch.txt#123#12,"ちょっとだけ、
わたしとお出かけしてみない？","要不要稍微，
和我一起出门走走看？",translated,依恩,65f70a0e88,br=0 nl=1,2,
inc/event/res/seasonevent/seasonal_goldenweek_tch.txt#126#12,"あらら、そうだったんだ……。
今から、ちょっとだけおでかけしよ、って
お誘いしに来たのに……。","哎呀呀，原来是这样啊……
我还想着来邀请你，
现在一起稍微出去逛逛呢……",translated,依恩,d998935b49,br=0 nl=2,3,
inc/event/res/seasonevent/seasonal_goldenweek_tch.txt#127#12,"ゴールデンウィークなんだし、
わたしもどこかに出かけてみたいの。
ちょっとだけ、付き合ってくれるかな？","毕竟是黄金周嘛，
我也想去什么地方走走看看。
能稍微陪我一会儿吗？",translated,依恩,ae49db9ab1,br=0 nl=2,3,
inc/event/res/seasonevent/seasonal_goldenweek_tch.txt#129#12,もちろん、どこに行こうか？,当然，要去哪里呢？,translated,,18f6eb3177,br=0 nl=0,1,
inc/event/res/seasonevent/seasonal_goldenweek_tch.txt#131#12,"う～ん……ショッピングセンターとかも
いいんだけど、混んでてまともに見れない
気がするから……。","嗯～……购物中心之类的地方虽然也不错，
但总觉得会太挤导致没法好好逛，
所以……",translated,依恩,be99296d2f,br=0 nl=2,3,
inc/event/res/seasonevent/seasonal_goldenweek_tch.txt#132#12,ちょっと、静かなところに行ってみよ。,我们去稍微安静一点的地方吧。,translated,依恩,1aca35e2b3,br=0 nl=0,1,
inc/event/res/seasonevent/seasonal_goldenweek_tch.txt#133#12,それじゃ、お願いします。,那么，就拜托你啦。,translated,依恩,da10764cea,br=0 nl=0,1,
inc/event/res/seasonevent/seasonal_goldenweek_tch.txt#135#12,はふぅ……いい気持ち～……。,哈呼……好舒服呀～……,translated,依恩,14e286b71e,br=0 nl=0,1,
inc/event/res/seasonevent/seasonal_goldenweek_tch.txt#136#12,"ふふっ、驚いた？
ここは貸切だから、ゴールデンウィークでも
静かに過ごすことができるの。","呵呵，吃惊吗？
这里因为是被包场的，所以即使是黄金周，
也可以安安静静地度过哦。",translated,依恩,3e14ee5401,br=0 nl=2,3,
inc/event/res/seasonevent/seasonal_goldenweek_tch.txt#138#12,ここだと普段とあまり変わらなくない？,在这里感觉和平时没什么两样吧？,translated,,609ff23802,br=0 nl=0,1,
inc/event/res/seasonevent/seasonal_goldenweek_tch.txt#140#12,ううん、そんなことないよ。,才没那回事呢。,translated,依恩,2113515b92,br=0 nl=0,1,
inc/event/res/seasonevent/seasonal_goldenweek_tch.txt#141#12,"ゴールデンウィークでどこも混んでるのに、
外でこんなに静かに過ごせるんだもん。","明明黄金周到处都挤得不可开交，
在外面却能这么安静地度过嘛。",translated,依恩,292d597b53,br=0 nl=1,2,
inc/event/res/seasonevent/seasonal_goldenweek_tch.txt#142#12,"いつもと違って特別だなぁ、って
嬉しい気持ちになれるよ。","总觉得和平时不同格外特别，
心里会觉得很开心哦。",translated,依恩,a680af58f4,br=0 nl=1,2,
inc/event/res/seasonevent/seasonal_goldenweek_tch.txt#143#12,"これも、一度はあのすごい人混みを
経験したおかげだね。","这也多亏了之前亲身体验过一次
那么可怕的人挤人场面呢。",translated,依恩,8283d33eb8,br=0 nl=1,2,
inc/event/res/seasonevent/seasonal_goldenweek_tch.txt#145#12,もう混んでるところには行きたくない？,已经不想去拥挤的地方了吗？,translated,,83b5da2066,br=0 nl=0,1,
inc/event/res/seasonevent/seasonal_goldenweek_tch.txt#146#12,ちょっと贅沢した気持ちになれるね,能体会到一点奢侈的心情呢,translated,,dfeb7ac82f,br=0 nl=0,1,
inc/event/res/seasonevent/seasonal_goldenweek_tch.txt#149#12,"そんなことはないよ。あんなに混んでるのは
この時期しか見れないもん。","才没有那回事呢。那么拥挤的场面，
也只有在这个时期才能看得到嘛。",translated,依恩,4090d233ae,br=0 nl=1,2,
inc/event/res/seasonevent/seasonal_goldenweek_tch.txt#150#12,"だから行きたくない、ってわけじゃ
ないけど……でも、ちょっと疲れるから、
覚悟は必要になるでしょ？","虽然并不是说因此就不想去了……
不过因为确实有点累，
还是需要做好心理准备对吧？",translated,依恩,29d3a5d26f,br=0 nl=2,3,
inc/event/res/seasonevent/seasonal_goldenweek_tch.txt#151#12,"残念だけど、今年はその覚悟が足りなくて、
温泉でのんびりすることにしたの。","很遗憾，今年我的觉悟还不太够，
所以决定在温泉里悠闲度过啦。",translated,依恩,7afeaaa76f,br=0 nl=1,2,
inc/event/res/seasonevent/seasonal_goldenweek_tch.txt#152#12,"これだって、立派なゴールデンウィークの
過ごし方だよ！","这同样也是很棒的
黄金周度过方式哦！",translated,依恩,9f82fb163a,br=0 nl=1,2,
inc/event/res/seasonevent/seasonal_goldenweek_tch.txt#153#12,……多分、そうだよね？,……大概，是这样吧？,translated,依恩,8fa0ab8961,br=0 nl=0,1,
inc/event/res/seasonevent/seasonal_goldenweek_tch.txt#156#12,えへへ……ちょっとだけね。,诶嘿嘿……只有一点点啦。,translated,依恩,a2c432606c,br=0 nl=0,1,
inc/event/res/seasonevent/seasonal_goldenweek_tch.txt#158#12,"でも、ゴールデンウィークって、
お休みがすごく長いんだよね？","不过，黄金周这个假期，
休息的时间非常长对吧？",translated,依恩,0987e327be,br=0 nl=1,2,
inc/event/res/seasonevent/seasonal_goldenweek_tch.txt#159#12,"そんなに休んだら、休み明けが
辛いことになっちゃいそうだよ。","休息了那么久的话，假期结束之后
感觉会变得很痛苦呢。",translated,依恩,968fda227f,br=0 nl=1,2,
inc/event/res/seasonevent/seasonal_goldenweek_tch.txt#160#12,"お仕事とか学校とかに行きたくないー、
って人が出てくるんじゃないかな？","会不会有人变得不想去上班、
或者不想去上学了呀？",translated,依恩,58a30b15d4,br=0 nl=1,2,
inc/event/res/seasonevent/seasonal_goldenweek_tch.txt#161#12,"あなたはそういうの平気？
連休明けに、ダラーッとした
気持ちになっちゃったこと、ない？","你能适应那种情况吗？
连休结束之后，
有没有过变得浑身懒洋洋的时候？",translated,依恩,00d1d34dde,br=0 nl=2,3,
inc/event/res/seasonevent/seasonal_goldenweek_tch.txt#163#12,あるよ,有过哦,translated,,13924bb01d,br=0 nl=0,1,
inc/event/res/seasonevent/seasonal_goldenweek_tch.txt#164#12,ないよ,没有过哦,translated,,e225297ce5,br=0 nl=0,1,
inc/event/res/seasonevent/seasonal_goldenweek_tch.txt#166#12,そっかぁ……やっぱりそうなっちゃうよね。,这样啊……果然还是会变成那样呢。,translated,依恩,5e7bcd1aa5,br=0 nl=0,1,
inc/event/res/seasonevent/seasonal_goldenweek_tch.txt#167#12,"多分、わたしもお休みが長かったら、
終わった後はしばらくボーッとしちゃい
そうだもん。","如果是我的话，要是休息了很长时间，
放假结束后感觉肯定也会
发呆愣神好一阵子呢。",translated,依恩,66bec6bb13,br=0 nl=2,3,
inc/event/res/seasonevent/seasonal_goldenweek_tch.txt#168#12,"幸せなのは連休前と連休中だけ……。
そう考えると、長過ぎるお休みは
あまり喜べないのかもしれないね。","幸福的只有放假前和放假中……
这么一想，太长的假期
或许也没那么值得高兴呢。",translated,依恩,636d99f69e,br=0 nl=2,3,
inc/event/res/seasonevent/seasonal_goldenweek_tch.txt#171#12,ふふっ、あなたは偉いね。,呵呵，你真了不起呢。,translated,依恩,e4eca21b70,br=0 nl=0,1,
inc/event/res/seasonevent/seasonal_goldenweek_tch.txt#172#12,"わたしだったら多分、休み明けから
しばらくはボーッとしちゃうと思うもん。","要是换作我，假期结束后肯定会有
好长一段时间都晕乎乎的呢。",translated,依恩,84d4ba8719,br=0 nl=1,2,
inc/event/res/seasonevent/seasonal_goldenweek_tch.txt#173#12,三日以上の連休には、警戒が必要かも。,对于三天以上的长假，可能需要保持警惕呢。,translated,依恩,9e482b2196,br=0 nl=0,1,
inc/event/res/seasonevent/seasonal_goldenweek_tch.txt#175#12,"でも、今のわたしの生活には連休とか
関係ないから、連休っていうのは
憧れるなぁ……。","不过，在我现在的日常生活里根本没有连休，
所以对长假什么的，
还是充满了向往呀……",translated,依恩,1858428243,br=0 nl=2,3,
inc/event/res/seasonevent/seasonal_goldenweek_tch.txt#176#12,"今度、作ってみようかな？
この日とこの日は何も作業をしない日、
みたいなのを。","下次，我也自己定个连休看看吧？
比如“这天和这天绝对什么工作都不做”，
类似这样的日子。",translated,依恩,09af42e134,br=0 nl=2,3,
inc/event/res/seasonevent/seasonal_goldenweek_tch.txt#178#12,ちょっと困るかも……,那可能有点伤脑筋……,translated,,913ad6f98c,br=0 nl=0,1,
inc/event/res/seasonevent/seasonal_goldenweek_tch.txt#180#12,ふふっ、冗談だよ。,呵呵，开玩笑的啦。,translated,依恩,6b4efc1ae0,br=0 nl=0,1,
inc/event/res/seasonevent/seasonal_goldenweek_tch.txt#181#12,"だって、色んな物を作るのは
わたしにとって趣味みたいなものだもん。","因为制作各种各样的东西，
对我来说就像是爱好一样嘛。",translated,依恩,c00b1e766e,br=0 nl=1,2,
inc/event/res/seasonevent/seasonal_goldenweek_tch.txt#182#12,"だから、これからも毎日頑張って
作業するから、心配しなくて大丈夫だよ。","所以，今后我也会每天努力工作的，
不用担心没关系哦。",translated,依恩,73ea606ffb,br=0 nl=1,2,
inc/event/res/seasonevent/seasonal_goldenweek_tch.txt#183#12,ふぅ……ちょっと、暑くなってきちゃった。,呼……稍微有点变热起来了呢。,translated,依恩,76bf66b65b,br=0 nl=0,1,
inc/event/res/seasonevent/seasonal_goldenweek_tch.txt#184#12,のぼせちゃうから、そろそろ戻ろ。,再泡就要头晕了，我们差不多该回去啦。,translated,依恩,872ed447ab,br=0 nl=0,1,
inc/event/res/seasonevent/seasonal_goldenweek_tch.txt#186#12,ただいま～。,我回来啦～。,translated,依恩,c729b204d5,br=0 nl=0,1,
inc/event/res/seasonevent/seasonal_goldenweek_tch.txt#187#12,う～ん、おもいっきりのんびりしたぁ！,嗯～好好地放松了个痛快！,translated,依恩,9446ac5d09,br=0 nl=0,1,
inc/event/res/seasonevent/seasonal_goldenweek_tch.txt#188#12,"連休ではないけど、心も体もリフレッシュ
できたから、休んだ分、頑張ろっと！","虽说算不上连休，但身心都得到了休整，
既然休息够了，那就要好好加油啦！",translated,依恩,001ff87d13,br=0 nl=1,2,
inc/event/res/seasonevent/seasonal_goldenweek_tch.txt#189#12,"来年のゴールデンウィークも、
またどこかにのんびりしに行きたいね。","明年的黄金周，
也想再去哪里好好悠闲放松一下呢。",translated,依恩,76cbc16b7b,br=0 nl=1,2,
inc/event/res/seasonevent/seasonal_goldenweek_tch.txt#194#14,"ゴールデンウィーク
だから、ちょっとだけ
おでかけした。","因为是黄金周，
所以稍微
出门逛了逛。",translated,,2187cf298c,br=0 nl=2,3,
inc/event/res/seasonevent/seasonal_halloween.txt#6#12,あ、来た来た～。,啊，来啦来啦～。,translated,依恩,f3214bfada,br=0 nl=0,1,
inc/event/res/seasonevent/seasonal_halloween.txt#11#12,あ、来た来た～。,啊，来啦来啦～。,translated,依恩,f3214bfada,br=0 nl=0,1,
inc/event/res/seasonevent/seasonal_halloween.txt#18#12,ねえ、いる～？,喂，你在吗～？,translated,依恩,d025f57817,br=0 nl=0,1,
inc/event/res/seasonevent/seasonal_halloween.txt#22#12,残念。,真遗憾。,translated,依恩,db119d5662,br=0 nl=0,1,
inc/event/res/seasonevent/seasonal_halloween.txt#28#12,ねえ、いる～？,喂，你在吗～？,translated,依恩,d025f57817,br=0 nl=0,1,
inc/event/res/seasonevent/seasonal_halloween.txt#32#12,残念。,真遗憾。,translated,依恩,db119d5662,br=0 nl=0,1,
inc/event/res/seasonevent/seasonal_halloween_tch.txt#4#12,あ、いてくれたんだ～。,啊，原来你在呀～,translated,依恩,d82706abe6,br=0 nl=0,1,
inc/event/res/seasonevent/seasonal_halloween_tch.txt#7#12,えへへっ、この格好なんだか分かる？,嘿嘿，你知道这是什么打扮吗？,translated,依恩,80f3fd4889,br=0 nl=0,1,
inc/event/res/seasonevent/seasonal_halloween_tch.txt#8#12,そう、今日はハロウィン！,没错，今天是万圣节！,translated,依恩,8430b475bf,br=0 nl=0,1,
inc/event/res/seasonevent/seasonal_halloween_tch.txt#9#12,"あなたを驚かせようと思って、
ずっと前から準備してたんだよ。","为了吓你一跳，
我从很久之前就开始准备了哦。",translated,依恩,a597378b64,br=0 nl=1,2,
inc/event/res/seasonevent/seasonal_halloween_tch.txt#10#12,えへへっ、似合うかな？,嘿嘿，好看吗？,translated,依恩,c88f84a755,br=0 nl=0,1,
inc/event/res/seasonevent/seasonal_halloween_tch.txt#12#12,ハッピー・ハロウィーン！,万圣节快乐！,translated,依恩,82413eddd3,br=0 nl=0,1,
inc/event/res/seasonevent/seasonal_halloween_tch.txt#13#12,"えへへ、今年もあなたを驚かせようと
思って、こっそり準備してたの。","嘿嘿，今年我也为了吓你一跳，
悄悄准备过了哦。",translated,依恩,fcfe54ce9b,br=0 nl=1,2,
inc/event/res/seasonevent/seasonal_halloween_tch.txt#14#12,トリック・オア・トリートー！,不给糖就捣蛋～！,translated,依恩,9baafac504,br=0 nl=0,1,
inc/event/res/seasonevent/seasonal_halloween_tch.txt#16#12,うん、いたずらしたくなっちゃう,嗯，让人想恶作剧呢,translated,,b03c498382,br=0 nl=0,1,
inc/event/res/seasonevent/seasonal_halloween_tch.txt#17#12,うわぁ、こわい～ ,哇啊，好可怕～,translated,,dfc42bc6a5,br=0 nl=0,1,
inc/event/res/seasonevent/seasonal_halloween_tch.txt#19#12,"えっ、わたしがいたずらしちゃうぞ～って
脅かして、お菓子もらおうと思ってたのに。","诶，我本来还想吓唬你说“不给糖就捣蛋”，
然后向你讨点心吃呢。",translated,依恩,ae98b55bed,br=0 nl=1,2,
inc/event/res/seasonevent/seasonal_halloween_tch.txt#20#12,それじゃあ、逆になっちゃうよ～。,那样的话，不就反过来了嘛～。,translated,依恩,5f7496ba1d,br=0 nl=0,1,
inc/event/res/seasonevent/seasonal_halloween_tch.txt#21#12,でも、喜んでくれてわたしもうれしいよ。,不过，你能开心我也很高兴哦。,translated,依恩,445cf3c76a,br=0 nl=0,1,
inc/event/res/seasonevent/seasonal_halloween_tch.txt#24#12,"えへへへっ、トントンしてくれないと
イタズラしちゃうぞ～！！","嘿嘿嘿，要是不敲敲我的话，
我可要恶作剧啦～！！",translated,依恩,4090a7f333,br=0 nl=1,2,
inc/event/res/seasonevent/seasonal_halloween_tch.txt#25#12,はい、毎日トントンします,好的，每天都会敲敲你的,translated,,f1bbd477c2,br=0 nl=0,1,
inc/event/res/seasonevent/seasonal_halloween_tch.txt#27#12,うふふ、あなたってとっても優しいね。,呵呵，你真的很温柔呢。,translated,依恩,35b4957f8c,br=0 nl=0,1,
inc/event/res/seasonevent/seasonal_halloween_tch.txt#28#12,"わたしのちょっとしたイタズラに
真剣に付き合ってくれて。","认真陪我玩
这些小小的恶作剧。",translated,依恩,fb884f4e0f,br=0 nl=1,2,
inc/event/res/seasonevent/seasonal_halloween_tch.txt#29#12,"いつも、ありがとう。
これからも、わたしと一緒にいてね。","一直以来，谢谢你。
今后也请和我在一起哦。",translated,依恩,056191ff3e,br=0 nl=1,2,
inc/event/res/seasonevent/seasonal_halloween_tch.txt#32#12,"<CLY2>衣装【ねこらんたん】と【こうもりハット】が
追加されました。","<CLY2>已追加服装【猫咪南瓜灯】与
【蝙蝠帽子】。",translated,系统文本,5de4ea257e,<CLY2> br=0 nl=1,2,keep-tags <CLY2>; src-longest-line=27
inc/event/res/seasonevent/seasonal_halloween_tch.txt#39#14,"トリックオアトリート
ハロウィンって面白い
行事だよね♪","不给糖就捣蛋。
万圣节是个很有趣的
节日呢♪",translated,,a534468181,br=0 nl=2,3,
inc/event/res/seasonevent/seasonal_hanami.txt#6#12,あ、来た来た～。,啊，来啦来啦～。,translated,依恩,f3214bfada,br=0 nl=0,1,
inc/event/res/seasonevent/seasonal_hanami.txt#11#12,あ、来た来た～。,啊，来啦来啦～。,translated,依恩,f3214bfada,br=0 nl=0,1,
inc/event/res/seasonevent/seasonal_hanami.txt#18#12,ねえ、いる～？,喂，你在吗～？,translated,依恩,d025f57817,br=0 nl=0,1,
inc/event/res/seasonevent/seasonal_hanami.txt#22#12,残念。,真遗憾。,translated,依恩,db119d5662,br=0 nl=0,1,
inc/event/res/seasonevent/seasonal_hanami_tch.txt#8#12,あ、いてくれたんだ～。,啊，原来你在呀～,translated,依恩,d82706abe6,br=0 nl=0,1,
inc/event/res/seasonevent/seasonal_hanami_tch.txt#11#12,最近、暖かくなってきたよね。,最近天气渐渐暖和起来了呢。,translated,依恩,e000911c5a,br=0 nl=0,1,
inc/event/res/seasonevent/seasonal_hanami_tch.txt#12#12,"家の外のお花も、少し前と比べて
すごく元気に咲いてるの。","屋子外面的花朵，也比前阵子
开得更加有精神了。",translated,依恩,2e3284c407,br=0 nl=1,2,
inc/event/res/seasonevent/seasonal_hanami_tch.txt#13#12,綺麗なお花でいっぱいのお庭にしたいなぁ。,好想打造一个开满美丽鲜花的花园啊。,translated,依恩,49eba66d71,br=0 nl=0,1,
inc/event/res/seasonevent/seasonal_hanami_tch.txt#14#12,丁度お花見の季節でもあるしね,正好也是赏花的季节呢,translated,,a909239da1,br=0 nl=0,1,
inc/event/res/seasonevent/seasonal_hanami_tch.txt#16#12,……お花、見？,……赏、花？,translated,依恩,2db6c800ad,br=0 nl=0,1,
inc/event/res/seasonevent/seasonal_hanami_tch.txt#17#12,"お花を観察する、ってことかな？
それだと、いつでもできると思うけど……。","意思是去观察花朵吗？
如果是那样的话，感觉随时都能做呀……",translated,依恩,bfb91cd6d3,br=0 nl=1,2,
inc/event/res/seasonevent/seasonal_hanami_tch.txt#18#12,"ちょっとよくわからないから、
想いを送って教えてほしいな。","我有点不太明白，
希望你能把心意传过来告诉我呢。",translated,依恩,0b3b577c9d,br=0 nl=1,2,
inc/event/res/seasonevent/seasonal_hanami_tch.txt#24#12,わわっ！？　すごく綺麗なお花！,哇哇！？好漂亮的花！,translated,依恩,f7db3d299b,br=0 nl=0,1,
inc/event/res/seasonevent/seasonal_hanami_tch.txt#25#12,"今、たしかに見えたよ。
大きな木に咲く、白とピンクの花が！","刚才我确实看见了哦。
盛开在大树上的，白色与粉色的花！",translated,依恩,b5bfe7ba2b,br=0 nl=1,2,
inc/event/res/seasonevent/seasonal_hanami_tch.txt#26#12,いいなぁ、実際に見てみたいなぁ……。,真好啊，真想亲眼看一看呢……,translated,依恩,34509d8418,br=0 nl=0,1,
inc/event/res/seasonevent/seasonal_hanami_tch.txt#27#12,"あんなに綺麗なんだもん、
自分の目で見たら感動しちゃうよ。","明明那么美丽，
要是亲眼看到肯定会感动不已的。",translated,依恩,d96cfcec29,br=0 nl=1,2,
inc/event/res/seasonevent/seasonal_hanami_tch.txt#28#12,仮想世界に行けば見れるかも,去虚拟世界的话说不定能看到哦,translated,,d7ff2c83f3,br=0 nl=0,1,
inc/event/res/seasonevent/seasonal_hanami_tch.txt#30#12,"えっ……でも、カードが無いから
多分無理だと思うけど……。","诶……但是因为没有卡片，
我想大概没办法去吧……",translated,依恩,27c1b4dbb1,br=0 nl=1,2,
inc/event/res/seasonevent/seasonal_hanami_tch.txt#31#12,"……でも、あなたがそう言うなら、
試してみようかな？","……不过既然你都这么说了，
要不试一试看看？",translated,依恩,fdea8ca6fc,br=0 nl=1,2,
inc/event/res/seasonevent/seasonal_hanami_tch.txt#32#12,それじゃあ、早速しゅっぱーつ！,那么，马上出――发！,translated,依恩,42515154fe,br=0 nl=0,1,
inc/event/res/seasonevent/seasonal_hanami_tch.txt#35#12,"の、前に……せっかくだから
ちょっとおめかししちゃおうかな？","在、在这之前……既然难得去一趟，
我也来稍微打扮一下吧？",translated,依恩,b4121712e2,br=0 nl=1,2,
inc/event/res/seasonevent/seasonal_hanami_tch.txt#38#12,"うん、これを着ればいいんだね。
それじゃ、ちょっと待っててね。","嗯，穿这件就可以了吧。
那么，稍微等我一下哦。",translated,依恩,4e0affcc3b,br=0 nl=1,2,
inc/event/res/seasonevent/seasonal_hanami_tch.txt#40#12,"うん、それじゃあ今日は……
これにしよっと！","嗯，那么今天就……
穿这件吧！",translated,依恩,52da782725,br=0 nl=1,2,
inc/event/res/seasonevent/seasonal_hanami_tch.txt#45#12,"ジャジャーン！
えへへ……似合ってるかな？","锵锵～！
嘿嘿……合身好看吗？",translated,依恩,668a4bfcac,br=0 nl=1,2,
inc/event/res/seasonevent/seasonal_hanami_tch.txt#48#12,とっても可愛いよ,非常可爱哦,translated,,ed7440a4cc,br=0 nl=0,1,
inc/event/res/seasonevent/seasonal_hanami_tch.txt#49#12,う～ん……まあ、いい感じかな,嗯～……嘛，感觉挺不错的吧,translated,,1d15048dd7,br=0 nl=0,1,
inc/event/res/seasonevent/seasonal_hanami_tch.txt#51#12,ふふっ、ありがと。,呵呵，谢谢你。,translated,依恩,74e573494b,br=0 nl=0,1,
inc/event/res/seasonevent/seasonal_hanami_tch.txt#52#12,"ちょっと照れるけど、服を褒めて
もらうのって、すごく嬉しいよ。","虽然有点害羞，但是衣服被夸奖
真的很让人开心呢。",translated,依恩,4603ac71fe,br=0 nl=1,2,
inc/event/res/seasonevent/seasonal_hanami_tch.txt#55#12,"あらら……もっと褒めてもらえると思って
期待してたんだけどなぁ……。","哎呀呀……我还期待着
能得到你更多的夸奖呢……",translated,依恩,deb34df23e,br=0 nl=1,2,
inc/event/res/seasonevent/seasonal_hanami_tch.txt#57#12,"よーし、今度こそ準備オッケー！
それじゃ、しゅっぱーつ！","好――嘞，这次真的准备好啦！
那么，出――发！",translated,依恩,331eebc93c,br=0 nl=1,2,
inc/event/res/seasonevent/seasonal_hanami_tch.txt#59#12,わぁっ、すごいお花！,哇啊，好厉害的花！,translated,依恩,d1bfa3abcc,br=0 nl=0,1,
inc/event/res/seasonevent/seasonal_hanami_tch.txt#60#12,"これ、あなたから送ってもらった
想いの中で見た花だよ！","这个，就是从你传送给我的
心意当中看到的花呢！",translated,依恩,e9ea0c0eed,br=0 nl=1,2,
inc/event/res/seasonevent/seasonal_hanami_tch.txt#61#12,"すごい……まさか本当に見られるなんて、
信じられないよ。","好厉害……真没想到真的能看到，
简直令人难以置信。",translated,依恩,8b76136d26,br=0 nl=1,2,
inc/event/res/seasonevent/seasonal_hanami_tch.txt#62#12,"あなたの言葉を信じて、
仮想世界に来て良かった。","相信了你的话来到虚拟世界，
真是太好了。",translated,依恩,e8af611ba5,br=0 nl=1,2,
inc/event/res/seasonevent/seasonal_hanami_tch.txt#63#12,でも……本当に綺麗な花だね。,不过……真的是非常美丽的花呢。,translated,依恩,b1c19318ff,br=0 nl=0,1,
inc/event/res/seasonevent/seasonal_hanami_tch.txt#64#12,"風に舞い散る花びらも、すごく素敵。
ずっと眺めていたい気持ちになるよ。","随风飘落的花瓣，也特别迷人。
让人忍不住想要一直驻足凝望呢。",translated,依恩,631844dd87,br=0 nl=1,2,
inc/event/res/seasonevent/seasonal_hanami_tch.txt#66#12,桜っていう名前なんだよ,名字叫做樱花哦,translated,,1311e194f7,br=0 nl=0,1,
inc/event/res/seasonevent/seasonal_hanami_tch.txt#68#12,"桜かぁ……。
見た目だけじゃなくて、名前も素敵だね。","樱花啊……
不仅外形好看，名字也很棒呢。",translated,依恩,5e1a096395,br=0 nl=1,2,
inc/event/res/seasonevent/seasonal_hanami_tch.txt#69#12,"ふふっ……何だかお花見の楽しさが
少しだけわかった気がするよ。","呵呵……总觉得稍微有点体会到
赏花的乐趣了呢。",translated,依恩,1437820bf6,br=0 nl=1,2,
inc/event/res/seasonevent/seasonal_hanami_tch.txt#70#12,"桜の木が沢山並んでる道を、
ゆっくり歩いたりとかしてみたいなぁ……。","真想在两旁栽满樱花树的林荫道上，
悠闲漫步走一走呢……",translated,依恩,5b1b39d4b2,br=0 nl=1,2,
inc/event/res/seasonevent/seasonal_hanami_tch.txt#72#12,座って見るのも楽しいよ,坐下来欣赏也很有趣哦,translated,,f20abfc9f5,br=0 nl=0,1,
inc/event/res/seasonevent/seasonal_hanami_tch.txt#73#12,気に入ってくれたみたいで嬉しいよ,你能喜欢我真高兴,translated,,205056164d,br=0 nl=0,1,
inc/event/res/seasonevent/seasonal_hanami_tch.txt#75#12,"そういえば、あなたから伝わってきた
想いの中では、みんなお弁当を食べながら
眺めてたのが見えたよ。","说起来，从你那里传过来的心意当中，
我看到大家好像都在一边吃着便当
一边观赏呢。",translated,依恩,28ad6a4aaf,br=0 nl=2,3,
inc/event/res/seasonevent/seasonal_hanami_tch.txt#76#12,"こんな綺麗な花を眺めながら食べたら、
どんなお弁当でもすごく美味しく感じられ
ちゃうんだろうなぁ……。","要是能一边眺望着这么美丽的花一边吃，
不管什么样的便当
肯定都会觉得超级美味吧……",translated,依恩,2aa06c3bf3,br=0 nl=2,3,
inc/event/res/seasonevent/seasonal_hanami_tch.txt#77#12,ふふっ、いつかやってみたいな。,呵呵，真想哪天也试试看呢。,translated,依恩,0e2bc1e4af,br=0 nl=0,1,
inc/event/res/seasonevent/seasonal_hanami_tch.txt#80#12,"気に入るよ。
だって、こんなに綺麗な花なんだもん。","我当然喜欢啦。
毕竟是这么美丽的花嘛。",translated,依恩,41f11040d6,br=0 nl=1,2,
inc/event/res/seasonevent/seasonal_hanami_tch.txt#81#12,"一日中眺めてても、綺麗だなぁ、って
思えるくらい、素敵な花だと思うよ。","就算看上一整天也依然会觉得好美，
真的是非常棒的花呢。",translated,依恩,14badda51d,br=0 nl=1,2,
inc/event/res/seasonevent/seasonal_hanami_tch.txt#83#12,"それにしても、こんなに綺麗な花が
あるなんて、あなたの住んでいる世界は
きっとすごくいいところなんだね。","话又说回来，能有这么美丽的花朵，
你所生活的世界
一定是个非常美好的地方吧。",translated,依恩,f21997179f,br=0 nl=2,3,
inc/event/res/seasonevent/seasonal_hanami_tch.txt#84#12,"何だか、今まで以上にあなたの世界に
興味が沸いてきちゃった。","不知为何，我对你的世界
变得比以往更加感兴趣了呢。",translated,依恩,39e229db9e,br=0 nl=1,2,
inc/event/res/seasonevent/seasonal_hanami_tch.txt#85#12,"お花見以外にも、面白い行事があったら
色々教えてもらえたら嬉しいな。","除了赏花之外，要是还有其他有趣的节日，
你能多讲给我听听的话我会很开心的。",translated,依恩,2fe3daa672,br=0 nl=1,2,
inc/event/res/seasonevent/seasonal_hanami_tch.txt#87#12,わかった、色々調べておくよ,我知道了，我会好好查查的,translated,,735472a29d,br=0 nl=0,1,
inc/event/res/seasonevent/seasonal_hanami_tch.txt#88#12,あまり詳しくないから教えられないかも,我了解得不多，可能教不了你,translated,,8fb8a65423,br=0 nl=0,1,
inc/event/res/seasonevent/seasonal_hanami_tch.txt#90#12,ふふっ、お手数おかけします。,呵呵，那就麻烦你费心啦。,translated,依恩,52910b3827,br=0 nl=0,1,
inc/event/res/seasonevent/seasonal_hanami_tch.txt#91#12,でも、すっごく楽しみにしてるね！,不过，我会非常期待的哦！,translated,依恩,6ef75acc48,br=0 nl=0,1,
inc/event/res/seasonevent/seasonal_hanami_tch.txt#94#12,"あらら……あまり行事を祝ったり、
楽しんだりする人じゃないのかな？","哎呀呀……难道你是不太常庆祝节日、
或者不太享受节日的人吗？",translated,依恩,ffe627e06f,br=0 nl=1,2,
inc/event/res/seasonevent/seasonal_hanami_tch.txt#95#12,"それでも、知ってる限りでいいから、
また機会があったら教えてね。","即便这样，只要是你了解的范围就好，
下次有机会再告诉我哦。",translated,依恩,ec03383e0b,br=0 nl=1,2,
inc/event/res/seasonevent/seasonal_hanami_tch.txt#97#12,さて、と……そろそろ戻ろっか。,好啦……我们差不多该回去啦。,translated,依恩,c3e68866ee,br=0 nl=0,1,
inc/event/res/seasonevent/seasonal_hanami_tch.txt#98#12,"もっといたい気持ちはあるけど、
見惚れ過ぎていつまでも帰れなくなったら、
それも問題だもん。","虽然心里还想再多待一会儿，
但要是看入迷了导致一直回不去，
那也是个大问题嘛。",translated,依恩,c07aa66078,br=0 nl=2,3,
inc/event/res/seasonevent/seasonal_hanami_tch.txt#99#12,……来年まで見納め、か。,……这就算是直到明年为止的最后一眼了吗。,translated,依恩,23ef53bd65,br=0 nl=0,1,
inc/event/res/seasonevent/seasonal_hanami_tch.txt#100#12,また来年、会いに来るからね！,明年我还会再来看你的哦！,translated,依恩,1b7a7cc151,br=0 nl=0,1,
inc/event/res/seasonevent/seasonal_hanami_tch.txt#102#12,ただいまー。,我回来啦～。,translated,依恩,c04e320cff,br=0 nl=0,1,
inc/event/res/seasonevent/seasonal_hanami_tch.txt#103#12,"桜、すごく綺麗だったね。
目に焼きつくんじゃないか、って
思えるくらい、本当に綺麗だったよ。","樱花真的好漂亮呢。
美丽得简直感觉深深烙印在
双眼里了一样，真的好美。",translated,依恩,da6cc0809f,br=0 nl=2,3,
inc/event/res/seasonevent/seasonal_hanami_tch.txt#104#12,"教えてくれたあなたに、本当に感謝だよ。
また来年も一緒に見に行きたいね。","真的要非常感谢告诉我这些的你。
希望明年也能和你一起去看呢。",translated,依恩,582701266e,br=0 nl=1,2,
inc/event/res/seasonevent/seasonal_hanami_tch.txt#107#12,ねぇねぇ、今って丁度お花見の季節だよね？,我说我说，现在正好是赏花的季节对吧？,translated,依恩,8896dc1cb7,br=0 nl=0,1,
inc/event/res/seasonevent/seasonal_hanami_tch.txt#108#12,"今年もまたお花見に行こうよ。
わたし、また綺麗な桜の花を見たいの。","今年也一起去赏花吧。
我还想再看看美丽的樱花。",translated,依恩,20da37df0d,br=0 nl=1,2,
inc/event/res/seasonevent/seasonal_hanami_tch.txt#109#12,いいけど、随分お気に入りみたいだね,可以啊，看来你相当中意呢,translated,,e163437135,br=0 nl=0,1,
inc/event/res/seasonevent/seasonal_hanami_tch.txt#110#12,行きたいと思ってたんだ、行こう,我也正想去呢，我们走吧,translated,,fb0a573368,br=0 nl=0,1,
inc/event/res/seasonevent/seasonal_hanami_tch.txt#112#12,うん、だってあんなに素敵な花なんだもん。,嗯，因为那是那么美好的花嘛。,translated,依恩,b43f1697b2,br=0 nl=0,1,
inc/event/res/seasonevent/seasonal_hanami_tch.txt#113#12,"この季節にしか見れないんだから、
見逃すわけには行かないよ。","毕竟只有在这个季节才能看得到，
可绝对不能错过呀。",translated,依恩,c7400ae86c,br=0 nl=1,2,
inc/event/res/seasonevent/seasonal_hanami_tch.txt#116#12,"ふふっ、やっぱりこの季節はお花見に
行かないと損だよね。","呵呵，果然这个季节不去赏花
就会觉得很吃亏呢。",translated,依恩,6f6e0ca1bd,br=0 nl=1,2,
inc/event/res/seasonevent/seasonal_hanami_tch.txt#117#12,"あんなに綺麗な桜を見逃したら、
来年までずっと後悔が続いちゃうもん。","要是错过了那么美丽的樱花，
直到明年都会一直后悔莫及嘛。",translated,依恩,d1bc358519,br=0 nl=1,2,
inc/event/res/seasonevent/seasonal_hanami_tch.txt#121#12,"そうだ、せっかくお花を見に行くんだから、
わたしもちょっとおしゃれして行こうかな。","对啦，既然难得是去看花，
我也稍微打扮得漂亮点再去吧。",translated,依恩,fba64cce7c,br=0 nl=1,2,
inc/event/res/seasonevent/seasonal_hanami_tch.txt#124#12,"うん、これを着ればいいんだね。
それじゃ、ちょっと待っててね。","嗯，穿这件就可以了吧。
那么，稍微等我一下哦。",translated,依恩,4e0affcc3b,br=0 nl=1,2,
inc/event/res/seasonevent/seasonal_hanami_tch.txt#126#12,"うん、それじゃあ今日は……
これにしよっと！","嗯，那么今天就……
穿这件吧！",translated,依恩,52da782725,br=0 nl=1,2,
inc/event/res/seasonevent/seasonal_hanami_tch.txt#131#12,"ジャジャーン！
えへへ……似合ってるかな？","锵锵～！
嘿嘿……合身好看吗？",translated,依恩,668a4bfcac,br=0 nl=1,2,
inc/event/res/seasonevent/seasonal_hanami_tch.txt#134#12,とっても可愛いよ,非常可爱哦,translated,,ed7440a4cc,br=0 nl=0,1,
inc/event/res/seasonevent/seasonal_hanami_tch.txt#135#12,う～ん……まあ、いい感じかな,嗯～……嘛，感觉挺不错的吧,translated,,1d15048dd7,br=0 nl=0,1,
inc/event/res/seasonevent/seasonal_hanami_tch.txt#137#12,ふふっ、ありがと。,呵呵，谢谢你。,translated,依恩,74e573494b,br=0 nl=0,1,
inc/event/res/seasonevent/seasonal_hanami_tch.txt#138#12,"ちょっと照れるけど、服を褒めて
もらうのって、すごく嬉しいよ。","虽然有点害羞，但是衣服被夸奖
真的很让人开心呢。",translated,依恩,4603ac71fe,br=0 nl=1,2,
inc/event/res/seasonevent/seasonal_hanami_tch.txt#141#12,"あらら……もっと褒めてもらえると思って
期待してたんだけどなぁ……。","哎呀呀……我还期待着
能得到你更多的夸奖呢……",translated,依恩,deb34df23e,br=0 nl=1,2,
inc/event/res/seasonevent/seasonal_hanami_tch.txt#143#12,それじゃ、出発しよ。,那么，出发吧。,translated,依恩,3c8b8d02dc,br=0 nl=0,1,
inc/event/res/seasonevent/seasonal_hanami_tch.txt#145#12,"わぁ……すごーい！
今年も見事に満開だよ。","哇啊……好厉害！
今年也开得好盛好灿烂呀。",translated,依恩,966a6e5f6a,br=0 nl=1,2,
inc/event/res/seasonevent/seasonal_hanami_tch.txt#146#12,何回見ても、やっぱり綺麗だなぁ……。,无论看多少次，都还是那么美丽呢……,translated,依恩,3694ec72c0,br=0 nl=0,1,
inc/event/res/seasonevent/seasonal_hanami_tch.txt#147#12,あなたも、そう思わない？,你是不是也这么觉得？,translated,依恩,70ea58ee60,br=0 nl=0,1,
inc/event/res/seasonevent/seasonal_hanami_tch.txt#149#12,桜は満開が一番綺麗,樱花盛开时最漂亮,translated,,eebca3f970,br=0 nl=0,1,
inc/event/res/seasonevent/seasonal_hanami_tch.txt#150#12,花が散った後の葉桜も綺麗だよ,花落之后的嫩叶樱也很美哦,translated,,513f791f54,br=0 nl=0,1,
inc/event/res/seasonevent/seasonal_hanami_tch.txt#152#12,えへへ、やっぱりそう思うよね。,嘿嘿，你果然也是这么想的呢。,translated,依恩,774a37e10f,br=0 nl=0,1,
inc/event/res/seasonevent/seasonal_hanami_tch.txt#155#12,花びらが散った後でも綺麗なの？,花瓣凋落之后也依然美丽吗？,translated,依恩,c8b6b9d212,br=0 nl=0,1,
inc/event/res/seasonevent/seasonal_hanami_tch.txt#156#12,"桜って、すごい木なんだね……。
ちょっと驚いちゃった。","樱花真是一种神奇的树呢……
稍微有点吃惊到了。",translated,依恩,d23253f958,br=0 nl=1,2,
inc/event/res/seasonevent/seasonal_hanami_tch.txt#157#12,"でも、わたしはこの時期に一度しか
見れないから、もうしばらくは
満開の桜を見続けたいな。","不过，因为我一年里只能看一次，
所以还想再多看一会儿
盛开状态下的满开樱花呢。",translated,依恩,f56b5f62b8,br=0 nl=2,3,
inc/event/res/seasonevent/seasonal_hanami_tch.txt#159#12,……あぁっ！,……啊啊！,translated,依恩,0d4b884027,br=0 nl=0,1,
inc/event/res/seasonevent/seasonal_hanami_tch.txt#161#12,どうしたの？,怎么了？,translated,,6b13f9bdaa,br=0 nl=0,1,
inc/event/res/seasonevent/seasonal_hanami_tch.txt#163#12,ご、ごめんね、急に大声出して……。,抱、抱歉哦，突然喊得这么大声……,translated,依恩,4cde05d715,br=0 nl=0,1,
inc/event/res/seasonevent/seasonal_hanami_tch.txt#164#12,"実はね、今度お花見をしに行く時は、
何か食べる物を持っていこうかなぁ、って
思って準備してたの。","其实啊，我之前想着这次去赏花时
要带点什么吃的去，
所以还特意准备过了呢。",translated,依恩,f8c6f9b33e,br=0 nl=2,3,
inc/event/res/seasonevent/seasonal_hanami_tch.txt#165#12,"それなのに、そのことをすっかり忘れて
手ぶらで来ちゃった……。","然而我却把那件事忘得一干二净，
空着手就跑来了……",translated,依恩,dff5eb31c6,br=0 nl=1,2,
inc/event/res/seasonevent/seasonal_hanami_tch.txt#166#12,うぅ、失敗しちゃったなぁ。,呜呜，彻底搞砸了啦。,translated,依恩,70a4d5921b,br=0 nl=0,1,
inc/event/res/seasonevent/seasonal_hanami_tch.txt#168#12,その分、桜をじっくり楽しもう,那就把注意力都放在好好赏樱上吧,translated,,ded8f6ad1a,br=0 nl=0,1,
inc/event/res/seasonevent/seasonal_hanami_tch.txt#169#12,お弁当用意してたんだ？,原来你还准备了便当？,translated,,867a03fa2a,br=0 nl=0,1,
inc/event/res/seasonevent/seasonal_hanami_tch.txt#171#12,う～ん……残念だけど、そうするよ。,嗯～……虽然很遗憾，但就这么办吧。,translated,依恩,16a04e4daf,br=0 nl=0,1,
inc/event/res/seasonevent/seasonal_hanami_tch.txt#172#12,"それに、特にお弁当を作って用意してた
わけでもないんだし……。","而且我也并不是特意做了便当
准备带过来就是了……",translated,依恩,65e5f1f234,br=0 nl=1,2,
inc/event/res/seasonevent/seasonal_hanami_tch.txt#175#12,"ううん、そうじゃないんだけど、
軽く食べれるものを持ってこようと
思っていたの。","不，倒不是那个意思，
我只是想着带点可以随手抓着吃的东西
过来而已。",translated,依恩,1143dbcb78,br=0 nl=2,3,
inc/event/res/seasonevent/seasonal_hanami_tch.txt#176#12,"食べたり飲んだりしながら見る桜が、
どんな感じなのか試したかったなぁ……。","真想体验一下一边吃吃喝喝
一边赏樱是什么样的感觉啊……",translated,依恩,195d950056,br=0 nl=1,2,
inc/event/res/seasonevent/seasonal_hanami_tch.txt#178#12,"まあ、次に来た時の楽しみができた、
と思って、今日は我慢するよ。","嘛，就当是留到下次来时的期待，
今天我就先忍耐一下吧。",translated,依恩,bcf754bc7d,br=0 nl=1,2,
inc/event/res/seasonevent/seasonal_hanami_tch.txt#179#12,"そうだ、わたし前にお花見に来たときから
ずっと思ってることがあったの。","对啦，从我上次来赏花的时候开始，
就一直有一件事在琢磨呢。",translated,依恩,7c23d917b8,br=0 nl=1,2,
inc/event/res/seasonevent/seasonal_hanami_tch.txt#180#12,"桜って、昼間に見るのもいいけど、
夕方とかに見るのも綺麗だと思わない？","你不觉得樱花虽然白天看很不错，
但在傍晚之类的时候看也同样很美吗？",translated,依恩,ddb291cceb,br=0 nl=1,2,
inc/event/res/seasonevent/seasonal_hanami_tch.txt#181#12,"花びらが薄いピンクだから、
夕日に当たるとまた違った
見え方がすると思うんだけど……。","因为花瓣是淡淡的粉色，
我觉得被夕阳一照
肯定会呈现出别具一格的美感呢……",translated,依恩,0607b5f577,br=0 nl=2,3,
inc/event/res/seasonevent/seasonal_hanami_tch.txt#183#12,夜に見る夜桜も綺麗だよ,夜晚欣赏的“夜樱”也很美哦,translated,,7bbbcf821e,br=0 nl=0,1,
inc/event/res/seasonevent/seasonal_hanami_tch.txt#184#12,いいところに気づいたね、その通り！,注意得真不错，就是这样！,translated,,75d34f1853,br=0 nl=0,1,
inc/event/res/seasonevent/seasonal_hanami_tch.txt#186#12,えぇっ、そうなの！？,诶诶，是这样的吗！？,translated,依恩,5414290416,br=0 nl=0,1,
inc/event/res/seasonevent/seasonal_hanami_tch.txt#187#12,"夜に見る桜……
どんなふうに見えるんだろう？","在夜晚看的樱花……
到底会是什么样子的呢？",translated,依恩,c8fdae5c59,br=0 nl=1,2,
inc/event/res/seasonevent/seasonal_hanami_tch.txt#188#12,う～、全然想像できないよぉ……。,唔～完全想象不出来呀……,translated,依恩,6733f488df,br=0 nl=0,1,
inc/event/res/seasonevent/seasonal_hanami_tch.txt#189#12,"でも、とっても幻想的な感じに
見えそうだね。","不过，感觉看起来
会非常梦幻呢。",translated,依恩,79edf794ae,br=0 nl=1,2,
inc/event/res/seasonevent/seasonal_hanami_tch.txt#192#12,"えへへ、それだけ気に入っちゃってる、
って証拠だよ。","嘿嘿，这就是我有多么喜欢它的
最好证据哦。",translated,依恩,61292587f3,br=0 nl=1,2,
inc/event/res/seasonevent/seasonal_hanami_tch.txt#193#12,時々、夢にまで出てくるほどだもん。,甚至偶尔都还会出现在我的梦里呢。,translated,依恩,6fbb9272ef,br=0 nl=0,1,
inc/event/res/seasonevent/seasonal_hanami_tch.txt#195#12,"早く、そういうのも見れるような日が
来てくれたら嬉しいな……。","要是能亲眼看到那一幕的日子
快点到来就好了呢……",translated,依恩,2bcc5f792e,br=0 nl=1,2,
inc/event/res/seasonevent/seasonal_hanami_tch.txt#196#12,……うん、満足したし、そろそろ帰ろっか。,……嗯，已经心满意足了，我们差不多该回去了吧。,translated,依恩,f140e9eeb4,br=0 nl=0,1,
inc/event/res/seasonevent/seasonal_hanami_tch.txt#198#12,もういいの？,这就够了吗？,translated,,a7c3f41f2e,br=0 nl=0,1,
inc/event/res/seasonevent/seasonal_hanami_tch.txt#200#12,"うん……っていうより、長居したら
どんどん帰りたくなくなっちゃいそうだもん。","嗯……不如说，要是在这待得太久，
感觉就会越来越不想回去了嘛。",translated,依恩,19248ac0d7,br=0 nl=1,2,
inc/event/res/seasonevent/seasonal_hanami_tch.txt#201#12,だから、今日はもう帰ろ。,所以，今天就先回去吧。,translated,依恩,edd8299cf6,br=0 nl=0,1,
inc/event/res/seasonevent/seasonal_hanami_tch.txt#203#12,ふぅ……綺麗だったなぁ……。,呼……真的好美啊……,translated,依恩,b875576b6e,br=0 nl=0,1,
inc/event/res/seasonevent/seasonal_hanami_tch.txt#204#12,"前の時もそうだったけど、
目に焼き付くほど綺麗だから、
まだ視界に残ってる感じがするよ。","上次也是这样，
因为实在太美太夺目了，
感觉眼前仿佛还残留着那份美景呢。",translated,依恩,c7ce352588,br=0 nl=2,3,
inc/event/res/seasonevent/seasonal_hanami_tch.txt#205#12,"気が早いって言われそうだけど、
今から来年が楽しみだな。","虽然可能会被说性子太急，
但我现在就已经在期待明年了呢。",translated,依恩,a45c244cdc,br=0 nl=1,2,
inc/event/res/seasonevent/seasonal_hanami_tch.txt#206#12,"また、一緒にお花見行こうね。
今のうちに約束だよ。","到时候还要一起去赏花哦。
我们现在就说定啦。",translated,依恩,7a68b1d7a4,br=0 nl=1,2,
inc/event/res/seasonevent/seasonal_hanami_tch.txt#211#14,"お花見に行って、桜って
いう素敵な花を見た。
来年も見に行きたい！","去赏了花，看到了
名为樱花的美丽花朵。
明年也想去看！",translated,,8eebd664c9,br=0 nl=2,3,
inc/event/res/seasonevent/seasonal_hinamaturi.txt#6#12,あ、来た来た～。,啊，来啦来啦～。,translated,依恩,f3214bfada,br=0 nl=0,1,
inc/event/res/seasonevent/seasonal_hinamaturi.txt#11#12,あ、来た来た～。,啊，来啦来啦～。,translated,依恩,f3214bfada,br=0 nl=0,1,
inc/event/res/seasonevent/seasonal_hinamaturi.txt#18#12,ねえ、いる～？,喂，你在吗～？,translated,依恩,d025f57817,br=0 nl=0,1,
inc/event/res/seasonevent/seasonal_hinamaturi.txt#22#12,残念。,真遗憾。,translated,依恩,db119d5662,br=0 nl=0,1,
inc/event/res/seasonevent/seasonal_hinamaturi_tch.txt#8#12,あ、いてくれたんだ～。,啊，原来你在呀～,translated,依恩,d82706abe6,br=0 nl=0,1,
inc/event/res/seasonevent/seasonal_hinamaturi_tch.txt#11#12,"ねぇねぇ、今日ってあなたの世界では、
女の子のお祭りの日なんだよね？","我说我说，今天在你的世界里，
是女孩子的节日对吧？",translated,依恩,d60fe451e1,br=0 nl=1,2,
inc/event/res/seasonevent/seasonal_hinamaturi_tch.txt#12#12,話したことあったっけ？,我有和你说过吗？,translated,,7d6fa5e105,br=0 nl=0,1,
inc/event/res/seasonevent/seasonal_hinamaturi_tch.txt#14#12,ううん、ねりこさんに聞いたの。,没有，我是听妮莉库说的。,translated,依恩,4cadf53ab2,br=0 nl=0,1,
inc/event/res/seasonevent/seasonal_hinamaturi_tch.txt#15#12,"今日はあやつの世界では雛祭りという、
女の子のお祭りの日なのじゃぞ、って。","她说“今天在那个家伙的世界里，
可是被称为女儿节的女孩子节日哦”。",translated,依恩,17aeff2c66,br=0 nl=1,2,
inc/event/res/seasonevent/seasonal_hinamaturi_tch.txt#16#12,"でも、女の子のお祭り……。
それってどういうお祭りなんだろ？","不过，女孩子的节日……
那到底是什么样的节日呢？",translated,依恩,56ea82384a,br=0 nl=1,2,
inc/event/res/seasonevent/seasonal_hinamaturi_tch.txt#17#12,"女の子だけが入れるお祭り会場が、
あったりするのかな？","难道是有只有女孩子
才能进得去的节日会场吗？",translated,依恩,6939e6bcaa,br=0 nl=1,2,
inc/event/res/seasonevent/seasonal_hinamaturi_tch.txt#18#12,雛人形を飾って祝うんだよ,会摆上雏人偶来庆祝哦,translated,,41b166972b,br=0 nl=0,1,
inc/event/res/seasonevent/seasonal_hinamaturi_tch.txt#20#12,雛、人形？,雏、人偶？,translated,依恩,7161588b5e,br=0 nl=0,1,
inc/event/res/seasonevent/seasonal_hinamaturi_tch.txt#21#12,……鳥の人形を飾る、ってことかな？,……意思是要摆小鸟的人偶吗？,translated,依恩,59749eaf62,br=0 nl=0,1,
inc/event/res/seasonevent/seasonal_hinamaturi_tch.txt#22#12,"あの、もしよかったら雛人形が
どういうものか、教えてほしいな。","那个，如果可以的话，
希望你能告诉我雏人偶到底是什么样的呢。",translated,依恩,e0866db115,br=0 nl=1,2,
inc/event/res/seasonevent/seasonal_hinamaturi_tch.txt#28#12,"わぁ、見えた！
綺麗なお人形、ちゃんと見えたよ！","哇啊，看到了！
漂亮的人偶，我清清楚楚看到了哦！",translated,依恩,0a3af6db89,br=0 nl=1,2,
inc/event/res/seasonevent/seasonal_hinamaturi_tch.txt#29#12,"そっか、あれが雛人形っていうんだぁ。
いっぱいあって、素敵だなぁ……。","这样啊，原来那个就叫做雏人偶呀。
摆了好多好多，真漂亮啊……",translated,依恩,8637d4f140,br=0 nl=1,2,
inc/event/res/seasonevent/seasonal_hinamaturi_tch.txt#30#12,雛あられってお菓子も美味しいよ,一种叫雏霰的点心也很好吃哦,translated,,e3a41fc04a,br=0 nl=0,1,
inc/event/res/seasonevent/seasonal_hinamaturi_tch.txt#31#12,イオンなら自分で作れそう,感觉伊欧你自己也能做得出来,translated,,6688d51d76,br=0 nl=0,1,
inc/event/res/seasonevent/seasonal_hinamaturi_tch.txt#33#12,そんなお菓子まであるの！？,居然连这种点心都有吗！？,translated,依恩,9e7c9235b7,br=0 nl=0,1,
inc/event/res/seasonevent/seasonal_hinamaturi_tch.txt#34#12,"いいなぁ、雛祭り……。
わたしもお祝いできたらいいのに。","真好啊，女儿节……
要是我也能一起庆祝就好了呢。",translated,依恩,238ebfdb1f,br=0 nl=1,2,
inc/event/res/seasonevent/seasonal_hinamaturi_tch.txt#37#12,あっ、それすごくおもしろ……。,啊，那感觉很有意……,translated,依恩,52b18bcda3,br=0 nl=0,1,
inc/event/res/seasonevent/seasonal_hinamaturi_tch.txt#38#12,……やっぱり、やめておくよ。,……还是算了吧。,translated,依恩,c6fa1749d9,br=0 nl=0,1,
inc/event/res/seasonevent/seasonal_hinamaturi_tch.txt#39#12,"わたしが人形を作ると、
なんとなくガッカリするクオリティの物に
なりそうだし……。","如果换作我来做人偶的话，
感觉不知怎的总会做出
让人大失所望的品质来嘛……",translated,依恩,7a757bc72e,br=0 nl=2,3,
inc/event/res/seasonevent/seasonal_hinamaturi_tch.txt#41#12,"でも、雛祭りのことを知れただけでも、
よかったと思わなきゃダメだね。","不过，仅仅是能了解到女儿节的事情，
我就必须知足才行呢。",translated,依恩,8927d2f606,br=0 nl=1,2,
inc/event/res/seasonevent/seasonal_hinamaturi_tch.txt#42#12,"よーし、せめて今日はわたしの大好きな
ご飯を作って食べよっと。","好――嘞，至少今天我要做顿
自己最爱吃的饭菜来吃！",translated,依恩,62a0eefc1c,br=0 nl=1,2,
inc/event/res/seasonevent/seasonal_hinamaturi_tch.txt#43#12,"またあなたの世界の行事を教えて
もらったら、あなたとお話ししたいな。","要是又听说了你世界的节日，
我还想再和你聊聊呢。",translated,依恩,061e10508e,br=0 nl=1,2,
inc/event/res/seasonevent/seasonal_hinamaturi_tch.txt#44#12,それじゃ、お話付き合ってくれてありがと。,那么，谢谢你陪我聊天哦。,translated,依恩,b3f0d8e313,br=0 nl=0,1,
inc/event/res/seasonevent/seasonal_hinamaturi_tch.txt#47#12,ふふっ……さて、問題です。,呵呵……那么，来出题啦。,translated,依恩,1bf8ac3c37,br=0 nl=0,1,
inc/event/res/seasonevent/seasonal_hinamaturi_tch.txt#48#12,"わたしは今日、いつも以上に
ワクワクしちゃっています。
それは何故でしょう？","我今天比平时更加
兴奋雀跃哦。
请问是为什么呢？",translated,依恩,465f653296,br=0 nl=2,3,
inc/event/res/seasonevent/seasonal_hinamaturi_tch.txt#49#12,女の子のお祭り、雛祭りだから,因为是女孩子的节日，女儿节,translated,,d1dd6b71aa,br=0 nl=0,1,
inc/event/res/seasonevent/seasonal_hinamaturi_tch.txt#50#12,お酒飲んでるの？,你喝酒了吗？,translated,,ffd441df95,br=0 nl=0,1,
inc/event/res/seasonevent/seasonal_hinamaturi_tch.txt#52#12,わぁ、大正解！,哇啊，完全正确！,translated,依恩,c67a58f16b,br=0 nl=0,1,
inc/event/res/seasonevent/seasonal_hinamaturi_tch.txt#53#12,"えへへ、女の子のお祭りだもん。
教えてもらった時から、ずっとこの日を
楽しみにしてたの。","嘿嘿，毕竟是女孩子的节日嘛。
自从听你说了之后，
我就一直非常期待这一天的到来呢。",translated,依恩,46fc1d74c8,br=0 nl=2,3,
inc/event/res/seasonevent/seasonal_hinamaturi_tch.txt#56#12,"えぇっ！？
の、飲んでないよぉ……。","诶诶！？
我、我才没喝呢……",translated,依恩,e3f1e55b42,br=0 nl=1,2,
inc/event/res/seasonevent/seasonal_hinamaturi_tch.txt#57#12,"ほら、今日は女の子のお祭り、
雛祭りの日でしょ？","你看，今天不是女孩子的节日，
女儿节嘛？",translated,依恩,65731fb9ad,br=0 nl=1,2,
inc/event/res/seasonevent/seasonal_hinamaturi_tch.txt#58#12,"それでちょっとはしゃいじゃったん
だけど……はしゃぎ過ぎて勘違い
させちゃったみたい。","所以我就稍微有点闹腾过头了……
不过好像是因为闹得太欢，
让你误会了呢。",translated,依恩,67680c4d36,br=0 nl=2,3,
inc/event/res/seasonevent/seasonal_hinamaturi_tch.txt#59#12,"ごめんね。
でも、すごく楽しみにしてたの。","对不起哦。
不过，我之前真的很期待这一天呢。",translated,依恩,3e44011c89,br=0 nl=1,2,
inc/event/res/seasonevent/seasonal_hinamaturi_tch.txt#61#12,"でも、今年も雛人形を用意することが
できなかったのが、ちょっと残念かな。","不过，今年也没能准备好雏人偶，
稍微有点遗憾呢。",translated,依恩,024a5e6fda,br=0 nl=1,2,
inc/event/res/seasonevent/seasonal_hinamaturi_tch.txt#62#12,"ねりこさんにもお願いしてみたんだけど、
うちのお店が何でも取り扱うと思ったら
大間違いじゃ、って言われちゃったし……。","我也试着去拜托了妮莉库，
结果被她说“要是以为老身店里
什么都进得到货那可就大错特错啦”……",translated,依恩,d3bf774c72,br=0 nl=2,3,
inc/event/res/seasonevent/seasonal_hinamaturi_tch.txt#63#12,"あんな綺麗な人形、
飾ってみたかったなぁ……。","那么漂亮的人偶，
真想在房间里摆上一套呀……",translated,依恩,f5a5172ab5,br=0 nl=1,2,
inc/event/res/seasonevent/seasonal_hinamaturi_tch.txt#64#12,イオンの方が綺麗だし、それでいいよ,伊欧比人偶漂亮多了，这样就好啦,translated,,606f718a16,br=0 nl=0,1,
inc/event/res/seasonevent/seasonal_hinamaturi_tch.txt#65#12,雛人形だと思ってくれて良いよ,把我当成雏人偶就好啦,translated,,4c02f97700,br=0 nl=0,1,
inc/event/res/seasonevent/seasonal_hinamaturi_tch.txt#67#12,えっ！？　あ、うぅぅ……。,诶！？啊、呜呜……,translated,依恩,3da2228010,br=0 nl=0,1,
inc/event/res/seasonevent/seasonal_hinamaturi_tch.txt#68#12,"そんなお世辞言われても……
う、嬉しいけど、恥かしいよ……。","就算你这么奉承我……
虽、虽然很开心，但好害羞呀……",translated,依恩,8c0869088d,br=0 nl=1,2,
inc/event/res/seasonevent/seasonal_hinamaturi_tch.txt#69#12,"でも、ありがと。
あなたの言葉をきけたから、
ちょっと元気になれたかも。","不过，谢谢你。
能听到你这么说，
我感觉稍微打起精神来啦。",translated,依恩,5e6095c829,br=0 nl=2,3,
inc/event/res/seasonevent/seasonal_hinamaturi_tch.txt#72#12,あなたが、雛人形……？,你来当、雏人偶……？,translated,依恩,48b8b74fbf,br=0 nl=0,1,
inc/event/res/seasonevent/seasonal_hinamaturi_tch.txt#73#12,……ふふっ、さすがにそれは無理があるよ,……呵呵，那未免也太勉强啦。,translated,依恩,6e8f88cf7c,br=0 nl=0,1,
inc/event/res/seasonevent/seasonal_hinamaturi_tch.txt#74#12,"けど、ありがと。
わたしを元気付けようとしてくれて。","不过，谢谢你。
为了让我打起精神而这么说。",translated,依恩,802c188211,br=0 nl=1,2,
inc/event/res/seasonevent/seasonal_hinamaturi_tch.txt#75#12,"雛人形がなくても、あなたがいてくれれば
わたしはそれで満足だよ。","就算没有雏人偶，只要有你在身边，
我就已经感到很满足了哦。",translated,依恩,1c7a8eea4a,br=0 nl=1,2,
inc/event/res/seasonevent/seasonal_hinamaturi_tch.txt#77#12,来年の雛祭りも、一緒に迎えたいね。,明年的女儿节，也想和你一起迎接呢。,translated,依恩,5c302a0c74,br=0 nl=0,1,
inc/event/res/seasonevent/seasonal_hinamaturi_tch.txt#78#12,その時には、雛人形を飾れたらいいなぁ。,到那个时候，要是能摆上雏人偶就好了呀。,translated,依恩,2f477977c1,br=0 nl=0,1,
inc/event/res/seasonevent/seasonal_hinamaturi_tch.txt#82#14,"雛祭りを一緒に過ごす
ことができた。
雛人形、欲しいなぁ。","能够一起度过了
女儿节。
好想要雏人偶啊。",translated,,e50c4180e6,br=0 nl=2,3,
inc/event/res/seasonevent/seasonal_mamemaki.txt#6#12,あ、来た来た～。,啊，来啦来啦～。,translated,依恩,f3214bfada,br=0 nl=0,1,
inc/event/res/seasonevent/seasonal_mamemaki.txt#11#12,あ、来た来た～。,啊，来啦来啦～。,translated,依恩,f3214bfada,br=0 nl=0,1,
inc/event/res/seasonevent/seasonal_mamemaki.txt#18#12,ねえ、いる～？,喂，你在吗～？,translated,依恩,d025f57817,br=0 nl=0,1,
inc/event/res/seasonevent/seasonal_mamemaki.txt#22#12,残念。,真遗憾。,translated,依恩,db119d5662,br=0 nl=0,1,
inc/event/res/seasonevent/seasonal_mamemaki_tch.txt#8#12,あ、いてくれたんだ～。,啊，原来你在呀～,translated,依恩,d82706abe6,br=0 nl=0,1,
inc/event/res/seasonevent/seasonal_mamemaki_tch.txt#11#12,えーっと……鬼はー外ー！！,呃――……鬼怪出门去――！！,translated,依恩,e71d98e528,br=0 nl=0,1,
inc/event/res/seasonevent/seasonal_mamemaki_tch.txt#12#12,"ふふっ、ビックリした？
今日はあなたの世界では、
節分、ってイベントなんだよね？","呵呵，吓了一跳吗？
今天在你的世界里，
是一个叫做“节分”的活动对吧？",translated,依恩,ca00615786,br=0 nl=2,3,
inc/event/res/seasonevent/seasonal_mamemaki_tch.txt#13#12,何で知ってるの？,你怎么会知道？,translated,,967d7adcba,br=0 nl=0,1,
inc/event/res/seasonevent/seasonal_mamemaki_tch.txt#15#12,うん、ねりこさんが教えてくれたの。,嗯，是妮莉库告诉我的。,translated,依恩,58402abf45,br=0 nl=0,1,
inc/event/res/seasonevent/seasonal_mamemaki_tch.txt#16#12,"今日はあやつの世界では、
節分というイベントの日なのじゃ、って。","她说“今天在那个家伙的世界里，
可是被称为节分的活动日哦”。",translated,依恩,51237e7324,br=0 nl=1,2,
inc/event/res/seasonevent/seasonal_mamemaki_tch.txt#17#12,"けど……あなたの世界って、
思ってたより物騒なんだね。","不过……你的世界，
比我想象的还要危险不安宁呢。",translated,依恩,da4b529ee3,br=0 nl=1,2,
inc/event/res/seasonevent/seasonal_mamemaki_tch.txt#18#12,"家の中に出てくる鬼に対して、
豆をぶつけて追い出すんでしょ？","是要对着家里冒出来的鬼怪
扔豆子赶跑它们对吧？",translated,依恩,0dc115964d,br=0 nl=1,2,
inc/event/res/seasonevent/seasonal_mamemaki_tch.txt#19#12,"鬼がいるっていうこともビックリだけど、
それが家の中に出るなんて、すご過ぎるよ。","有鬼怪存在这本身就够让人吃惊了，
它们居然还会跑到家里来，简直太夸张啦。",translated,依恩,56064dcd13,br=0 nl=1,2,
inc/event/res/seasonevent/seasonal_mamemaki_tch.txt#20#12,わたしだったら、怖くて泣いちゃうかも。,要是换作我，肯定会害怕得哭出来的。,translated,依恩,1dd2b595fe,br=0 nl=0,1,
inc/event/res/seasonevent/seasonal_mamemaki_tch.txt#21#12,本当に鬼が出るわけじゃない,并不是真的会有鬼怪跑出来啦,translated,,09a997d7fd,br=0 nl=0,1,
inc/event/res/seasonevent/seasonal_mamemaki_tch.txt#22#12,生き残るためには戦わなきゃ！,为了活下去就必须战斗！,translated,,e9986a4383,br=0 nl=0,1,
inc/event/res/seasonevent/seasonal_mamemaki_tch.txt#24#12,えっ、そうだったの！？,诶，原来是这样的吗！？,translated,依恩,3de8ceabd3,br=0 nl=0,1,
inc/event/res/seasonevent/seasonal_mamemaki_tch.txt#25#12,"毎年沢山の犠牲者が出る日で、
あなたはそれを生き抜いた戦士だ、って
教えてもらって……。","妮莉库跟我说
这是个每年都会出现大量牺牲者的日子，
而你是从那场浩劫中生还的战士……",translated,依恩,c0a329c6ad,br=0 nl=2,3,
inc/event/res/seasonevent/seasonal_mamemaki_tch.txt#26#12,"……あ、あれ？
冷静に考えてみると、
それってウソっぽいような……。","……哎、哎呀？
冷静下来想一想，
那听起来好像挺像谎话的……",translated,依恩,909ccc9cb1,br=0 nl=2,3,
inc/event/res/seasonevent/seasonal_mamemaki_tch.txt#29#12,……ねりこさんが言ったとおりだね。,……果然正如妮莉库所说呢。,translated,依恩,429913428d,br=0 nl=0,1,
inc/event/res/seasonevent/seasonal_mamemaki_tch.txt#30#12,"あなたは毎年このイベントを乗り切った、
歴戦の勇者だって言われたの。","她说你是每年都挺过了这场大危机的
身经百战的勇者。",translated,依恩,6aa366217f,br=0 nl=1,2,
inc/event/res/seasonevent/seasonal_mamemaki_tch.txt#31#12,"最初はちょっと信じられなかったけど、
あなたもそう言うってことは、
ねりこさんが言ったことは本当なんだね。","一开始我还有点不敢相信，
但既然连你也这么说了，
看来妮莉库说的话是真的呢。",translated,依恩,4c951e0670,br=0 nl=2,3,
inc/event/res/seasonevent/seasonal_mamemaki_tch.txt#32#12,冗談だよ。本当に鬼は出ないよ,开玩笑的啦。并不是真的会有鬼怪跑出来,translated,,07b363a64a,br=0 nl=0,1,
inc/event/res/seasonevent/seasonal_mamemaki_tch.txt#34#12,えぇっ！？,诶诶！？,translated,依恩,7ebec1c9d2,br=0 nl=0,1,
inc/event/res/seasonevent/seasonal_mamemaki_tch.txt#35#12,もぉ、すっかり騙されちゃったよ……。,真是的，完全被你们骗到了啦……,translated,依恩,c89a563f57,br=0 nl=0,1,
inc/event/res/seasonevent/seasonal_mamemaki_tch.txt#36#12,"でも、変だと思ったんだ。
優しいあなたが歴戦の勇者だなんて、
なんか信じられなかったもん。","不过，我之前也觉得很奇怪呢。
温柔的你怎么可能是历战勇者嘛，
总觉得很难相信。",translated,依恩,86e5f94587,br=0 nl=2,3,
inc/event/res/seasonevent/seasonal_mamemaki_tch.txt#37#12,"……でも、そうなると節分って
どういう日なのかな？","……不过，要是那样的话，
节分到底是什么样的日子呀？",translated,依恩,2ce04b39ca,br=0 nl=1,2,
inc/event/res/seasonevent/seasonal_mamemaki_tch.txt#39#12,"節分がどういう日なのか知りたいから、
わたしに想いを伝えて教えてくれる？","我想知道节分到底是什么日子，
你能向我传递心意告诉我吗？",translated,依恩,81f2555e56,br=0 nl=1,2,
inc/event/res/seasonevent/seasonal_mamemaki_tch.txt#45#12,うん……なるほど、そうだったんだ。,嗯……原来如此，是这么回事啊。,translated,依恩,b41e467013,br=0 nl=0,1,
inc/event/res/seasonevent/seasonal_mamemaki_tch.txt#46#12,"実際に鬼が出るんじゃなくて、
家の中の厄を払う、って意味なんだね。","并不是真的有鬼怪出来，
而是驱除屋里的厄运的意思呢。",translated,依恩,f52ce37bb6,br=0 nl=1,2,
inc/event/res/seasonevent/seasonal_mamemaki_tch.txt#47#12,"ふふっ、あなたの世界のこと、
また一つ知ることができちゃった。","呵呵，对你的世界，
我又多了解了一件事情呢。",translated,依恩,b085041e43,br=0 nl=1,2,
inc/event/res/seasonevent/seasonal_mamemaki_tch.txt#48#12,"また何か行事のある日は、
こうしてお話できたら嬉しいね。","以后遇到其他节日的日子，
要是也能像这样聊聊天就好了呢。",translated,依恩,94c2146af4,br=0 nl=1,2,
inc/event/res/seasonevent/seasonal_mamemaki_tch.txt#51#12,"今日は節分の日だよね？
ちゃんと豆撒きした？","今天是节分的日子对吧？
你有好好撒豆子了吗？",translated,依恩,41cc1022d0,br=0 nl=1,2,
inc/event/res/seasonevent/seasonal_mamemaki_tch.txt#52#12,ちゃんと覚えてたんだね,你还记得很清楚呢,translated,,fc49b875ac,br=0 nl=0,1,
inc/event/res/seasonevent/seasonal_mamemaki_tch.txt#54#12,もちろんだよ。,那当然啦。,translated,依恩,798fcca2e0,br=0 nl=0,1,
inc/event/res/seasonevent/seasonal_mamemaki_tch.txt#55#12,"だって、あなたから想いを伝えてもらって、
どういう日か教えてもらったんだもん。","因为是你向我传达了心意，
告诉了我这是个什么样的日子嘛。",translated,依恩,86fd97fa5a,br=0 nl=1,2,
inc/event/res/seasonevent/seasonal_mamemaki_tch.txt#56#12,"節分と同時に、あなたとの大切な記念日の
一つなんだから、忘れたりしないよ。","这既是节分，也是我和你之间
重要的纪念日之一，我才不会忘记呢。",translated,依恩,3bb5190e7e,br=0 nl=1,2,
inc/event/res/seasonevent/seasonal_mamemaki_tch.txt#57#12,そう言ってもらえると嬉しい,听你这么说我很高兴,translated,,28dfbd2ad8,br=0 nl=0,1,
inc/event/res/seasonevent/seasonal_mamemaki_tch.txt#58#12,それじゃ、一緒に豆撒きしよう！,那么，一起去撒豆子吧！,translated,,1a1f99712f,br=0 nl=0,1,
inc/event/res/seasonevent/seasonal_mamemaki_tch.txt#60#12,ふふっ、喜んでもらえてよかった。,呵呵，你能高兴真是太好啦。,translated,依恩,95089c07c3,br=0 nl=0,1,
inc/event/res/seasonevent/seasonal_mamemaki_tch.txt#61#12,"本当は、一緒に豆撒きできれば
もっとよかったんだけど……。","本来要是能一起撒豆子的话
就更好了呢……",translated,依恩,89aee76ba4,br=0 nl=1,2,
inc/event/res/seasonevent/seasonal_mamemaki_tch.txt#62#12,"ねりこさんのお店に行ってみたら、
全部食べちゃった、って言われたの。","我去了妮莉库的店里，
结果被她说“全吃光了”。",translated,依恩,2f60222505,br=0 nl=1,2,
inc/event/res/seasonevent/seasonal_mamemaki_tch.txt#63#12,"うぅ……せっかくあなたと豆撒きするの
楽しみにしてたのに……。","呜呜……亏我还那么期待
能和你一起撒豆子的说……",translated,依恩,7322592d05,br=0 nl=1,2,
inc/event/res/seasonevent/seasonal_mamemaki_tch.txt#66#12,"わたしもそうしたいな、って思って、
ねりこさんのお店に豆を買いに行ったの。","我也想着要那样做，
所以去妮莉库的店里买豆子了。",translated,依恩,234f49fb4c,br=0 nl=1,2,
inc/event/res/seasonevent/seasonal_mamemaki_tch.txt#67#12,"けど、年の数だけ食べたらお店の豆が
全部なくなった、って言われたの。","可是，她却说“按年龄吃了对应数量后，
店里的豆子就全没了”。",translated,依恩,d08b28d905,br=0 nl=1,2,
inc/event/res/seasonevent/seasonal_mamemaki_tch.txt#68#12,"……絶対うそだよね？
お店の豆を全部食べるほど、
ねりこさん年寄りじゃないもん。","……这绝对是谎话吧？
妮莉库哪有年老到
能把店里的豆子全吃光的程度嘛。",translated,依恩,dc0e0b7c64,br=0 nl=2,3,
inc/event/res/seasonevent/seasonal_mamemaki_tch.txt#69#12,"きっと、美味しくて食べ続けてるうちに
全部食べちゃったと思うの。","肯定是因为觉得太好吃了停不下来，
不知不觉就把所有豆子都吃光了。",translated,依恩,30a3097d62,br=0 nl=1,2,
inc/event/res/seasonevent/seasonal_mamemaki_tch.txt#71#12,"今度からは、わたしの分だけは別にして
取って置いてください、ってちゃんと
お願いしておこうかな？","从下次开始，我是不是该好好拜托她
“请务必把我的那份单独留出来”
比较好呢？",translated,依恩,92c6c6dd4e,br=0 nl=2,3,
inc/event/res/seasonevent/seasonal_mamemaki_tch.txt#72#12,それであなたと一緒に、鬼はー外ー！,然后和你一起，喊着“鬼怪出门去――！”,translated,依恩,49dc4466b2,br=0 nl=0,1,
inc/event/res/seasonevent/seasonal_mamemaki_tch.txt#73#12,って、豆撒きしたいね。,这样开开心心地撒豆子呢。,translated,依恩,48f5914515,br=0 nl=0,1,
inc/event/res/seasonevent/seasonal_mamemaki_tch.txt#74#12,"今から来年の豆撒きが楽しみだよ。
早く一年経たないかなぁ……。","我现在就已经在期待明年的撒豆子了哦。
真希望一年快点过去呀……",translated,依恩,55422fecad,br=0 nl=1,2,
inc/event/res/seasonevent/seasonal_mamemaki_tch.txt#78#14,"今日は節分でした。
あなたはちゃんと
豆撒きしたのかな？","今天是节分。
你有没有好好地
撒豆子呢？",translated,,3f9a1e0e4e,br=0 nl=2,3,
inc/event/res/seasonevent/seasonal_momiji.txt#6#12,あ、来た来た～。,啊，来啦来啦～。,translated,依恩,f3214bfada,br=0 nl=0,1,
inc/event/res/seasonevent/seasonal_momiji.txt#11#12,あ、来た来た～。,啊，来啦来啦～。,translated,依恩,f3214bfada,br=0 nl=0,1,
inc/event/res/seasonevent/seasonal_momiji.txt#18#12,ねえ、いる～？,喂，你在吗～？,translated,依恩,d025f57817,br=0 nl=0,1,
inc/event/res/seasonevent/seasonal_momiji.txt#22#12,残念。,真遗憾。,translated,依恩,db119d5662,br=0 nl=0,1,
inc/event/res/seasonevent/seasonal_momiji_tch.txt#4#12,あ、いてくれたんだ～。,啊，原来你在呀～,translated,依恩,d82706abe6,br=0 nl=0,1,
inc/event/res/seasonevent/seasonal_momiji_tch.txt#7#12,えへへ……最近、涼しくなったよね。,嘿嘿……最近天气变得凉爽起来了呢。,translated,依恩,20997262ea,br=0 nl=0,1,
inc/event/res/seasonevent/seasonal_momiji_tch.txt#8#12,"外を散歩するのが気持ちよくて、
ついつい長い時間家を空けちゃいそうに
なるよ。","在外边散步感觉特别舒服，
不知不觉总让人想要在外面多待一会儿，
久久不回家呢。",translated,依恩,84fa4ccd5f,br=0 nl=2,3,
inc/event/res/seasonevent/seasonal_momiji_tch.txt#9#12,秋は散歩にいい季節だね,秋天是个适合散步的好季节呢,translated,,ca2b37376e,br=0 nl=0,1,
inc/event/res/seasonevent/seasonal_momiji_tch.txt#11#12,秋……秋？,秋天……秋天？,translated,依恩,251d2311d2,br=0 nl=0,1,
inc/event/res/seasonevent/seasonal_momiji_tch.txt#12#12,"そういえば、ねりこさんがこんなことを
言ってたの。","说起来，妮莉库曾经说过
这样的话呢。",translated,依恩,98f0b19403,br=0 nl=1,2,
inc/event/res/seasonevent/seasonal_momiji_tch.txt#13#12,"秋といえば紅葉じゃ。
真っ赤な紅葉を見ていると、
切なくなってきて堪らぬ……。","“提到秋天那就是红叶了。
看着那火红的红叶，
心中不由得涌上一股难以言喻的感伤……”",translated,依恩,1bc9f8832b,br=0 nl=2,3,
inc/event/res/seasonevent/seasonal_momiji_tch.txt#14#12,"そんなふうに言ってたんだけど、
紅葉って本当にそんな気持ちに
なるものなのかな？","虽然她是这么说的，
但看着红叶真的会让人
产生那种心情吗？",translated,依恩,405517ac38,br=0 nl=2,3,
inc/event/res/seasonevent/seasonal_momiji_tch.txt#15#12,"本で見たことはあるけど、
切ない気持ちになったことないの。","虽然在书里看到过，
但我从来没有感到过哀愁伤感呢。",translated,依恩,bdabe693fd,br=0 nl=1,2,
inc/event/res/seasonevent/seasonal_momiji_tch.txt#16#12,"実際に見ると、そういう気持ちに
なるのかな？","如果亲眼去看的话，
就会产生那种心情吗？",translated,依恩,8beee3c67d,br=0 nl=1,2,
inc/event/res/seasonevent/seasonal_momiji_tch.txt#17#12,仮想世界に見に行ってみようよ,去虚拟世界亲眼看看吧,translated,,14626cc276,br=0 nl=0,1,
inc/event/res/seasonevent/seasonal_momiji_tch.txt#19#12,"行ってもいいけど、紅葉を近くで見れる
場所なんて、行けたかなぁ？","去是可以去啦，不过我们去得了
能近距离观赏红叶的地方吗？",translated,依恩,3d72ec841a,br=0 nl=1,2,
inc/event/res/seasonevent/seasonal_momiji_tch.txt#20#12,"……でも、せっかくあなたがいるんだし、
どこかにお出かけしてみるのもいいよね。","……不过，难得有你陪在身边，
一起出门去哪里走走也很不错呢。",translated,依恩,1020642d5d,br=0 nl=1,2,
inc/event/res/seasonevent/seasonal_momiji_tch.txt#23#12,"そうだ！　せっかく出かけるんだから、
ちょっとだけおしゃれしてみようかな？","对啦！既然难得要出门，
我也稍微打扮得漂亮点吧？",translated,依恩,e652bbf0c5,br=0 nl=1,2,
inc/event/res/seasonevent/seasonal_momiji_tch.txt#26#12,"うん、これを着ればいいんだね。
それじゃ、ちょっと待っててね。","嗯，穿这件就可以了吧。
那么，稍微等我一下哦。",translated,依恩,4e0affcc3b,br=0 nl=1,2,
inc/event/res/seasonevent/seasonal_momiji_tch.txt#28#12,"うん、それじゃあ今日は……
これにしよっと！","嗯，那么今天就……
穿这件吧！",translated,依恩,52da782725,br=0 nl=1,2,
inc/event/res/seasonevent/seasonal_momiji_tch.txt#33#12,"ジャジャーン！
えへへ……似合ってるかな？","锵锵～！
嘿嘿……合身好看吗？",translated,依恩,668a4bfcac,br=0 nl=1,2,
inc/event/res/seasonevent/seasonal_momiji_tch.txt#36#12,とっても可愛いよ,非常可爱哦,translated,,ed7440a4cc,br=0 nl=0,1,
inc/event/res/seasonevent/seasonal_momiji_tch.txt#37#12,う～ん……まあ、いい感じかな,嗯～……嘛，感觉挺不错的吧,translated,,1d15048dd7,br=0 nl=0,1,
inc/event/res/seasonevent/seasonal_momiji_tch.txt#39#12,ふふっ、ありがと。,呵呵，谢谢你。,translated,依恩,74e573494b,br=0 nl=0,1,
inc/event/res/seasonevent/seasonal_momiji_tch.txt#40#12,"ちょっと照れるけど、服を褒めて
もらうのって、すごく嬉しいよ。","虽然有点害羞，但是衣服被夸奖
真的很让人开心呢。",translated,依恩,4603ac71fe,br=0 nl=1,2,
inc/event/res/seasonevent/seasonal_momiji_tch.txt#43#12,"あらら……もっと褒めてもらえると思って
期待してたんだけどなぁ……。","哎呀呀……我还期待着
能得到你更多的夸奖呢……",translated,依恩,deb34df23e,br=0 nl=1,2,
inc/event/res/seasonevent/seasonal_momiji_tch.txt#45#12,"よーし、準備完了！
早速出発しよ！","好――嘞，准备完毕！
马上出发吧！",translated,依恩,75207e27c6,br=0 nl=1,2,
inc/event/res/seasonevent/seasonal_momiji_tch.txt#47#12,"わぁ、気持ちいい風の吹いてる
ところに到着したね！","哇啊，来到了一处
吹拂着惬意凉风的好地方呢！",translated,依恩,6165a51d87,br=0 nl=1,2,
inc/event/res/seasonevent/seasonal_momiji_tch.txt#48#12,って……え、えぇっ！？,等等……诶、诶诶！？,translated,依恩,29ea3d42ca,br=0 nl=0,1,
inc/event/res/seasonevent/seasonal_momiji_tch.txt#49#12,"この赤い葉っぱの木って、
もしかして……。","这棵长满红叶的树，
难道说……",translated,依恩,33d2fe779a,br=0 nl=1,2,
inc/event/res/seasonevent/seasonal_momiji_tch.txt#51#12,紅葉だよ,是红叶哦,translated,,cd166844c8,br=0 nl=0,1,
inc/event/res/seasonevent/seasonal_momiji_tch.txt#52#12,記念として、イオンと命名しよう,作为纪念，就命名为伊欧吧,translated,,c70f63c626,br=0 nl=0,1,
inc/event/res/seasonevent/seasonal_momiji_tch.txt#54#12,やっぱり……そっか、これが紅葉なんだ。,果然……这样啊，这就是红叶啊。,translated,依恩,be0c58237f,br=0 nl=0,1,
inc/event/res/seasonevent/seasonal_momiji_tch.txt#57#12,"記念を作ろうとしてくれるのは嬉しいけど、
これって紅葉でしょ？","想留下纪念的心情我很开心，
但这本来就是红叶对吧？",translated,依恩,7475cbdb5f,br=0 nl=1,2,
inc/event/res/seasonevent/seasonal_momiji_tch.txt#58#12,"ちゃんと名前があるんだから、
改名しちゃダメだよ。","它明明已经有名字了，
可不能擅自给人家改名哦。",translated,依恩,e972cb5914,br=0 nl=1,2,
inc/event/res/seasonevent/seasonal_momiji_tch.txt#59#12,けど……これが紅葉なんだ。,不过……原来这就是红叶啊。,translated,依恩,d04e4cc0c4,br=0 nl=0,1,
inc/event/res/seasonevent/seasonal_momiji_tch.txt#61#12,"本物の紅葉って、わたしが想像していたの
よりも大きくて、すごく綺麗なんだね。","真正的红叶，比我之前想象中的
还要高大，而且真的好美啊。",translated,依恩,6a27685b30,br=0 nl=1,2,
inc/event/res/seasonevent/seasonal_momiji_tch.txt#62#12,"まさか、こんなに葉っぱが赤いなんて
思わなかったよ。","真没想到叶子竟然能红得
这么鲜艳夺目呢。",translated,依恩,49e0ff6a27,br=0 nl=1,2,
inc/event/res/seasonevent/seasonal_momiji_tch.txt#64#12,ちょっと怖く感じる？,会觉得有点可怕吗？,translated,,0722fc34c3,br=0 nl=0,1,
inc/event/res/seasonevent/seasonal_momiji_tch.txt#65#12,すごく綺麗だよね,真的非常美丽呢,translated,,5dfb13c243,br=0 nl=0,1,
inc/event/res/seasonevent/seasonal_momiji_tch.txt#67#12,"う～ん……正直、最初に視界に入った時、
ちょっとだけそう感じちゃった。","嗯～……老实说，在刚映入眼帘的那一刻，
我确实稍微产生了一点那种感觉。",translated,依恩,43426c8773,br=0 nl=1,2,
inc/event/res/seasonevent/seasonal_momiji_tch.txt#68#12,でも、今はもう少しも怖くないよ。,不过，现在我已经一点也不觉得可怕啦。,translated,依恩,bc02901195,br=0 nl=0,1,
inc/event/res/seasonevent/seasonal_momiji_tch.txt#71#12,"うん！　本で見るのとは比べ物に
ならないほどだよ！","嗯！这跟在书里看到的比起来，
根本就不可同日而语呢！",translated,依恩,500b0864b4,br=0 nl=1,2,
inc/event/res/seasonevent/seasonal_momiji_tch.txt#73#12,"本当に、吸い込まれそうになるような
美しさだよね……。","真的有一种仿佛要被吸进去般的
深邃美丽呢……",translated,依恩,cd199bedd6,br=0 nl=1,2,
inc/event/res/seasonevent/seasonal_momiji_tch.txt#76#12,切ない気持ちになってきた？,开始感到感伤了吗？,translated,,97cc9c390a,br=0 nl=0,1,
inc/event/res/seasonevent/seasonal_momiji_tch.txt#78#12,す、ストレートに聞いてくるね……。,问、问得还真直接呢……,translated,依恩,df810f1511,br=0 nl=0,1,
inc/event/res/seasonevent/seasonal_momiji_tch.txt#79#12,"残念だけど、今のところそんな気持ちには
なりそうにないよ。","虽然很遗憾，但目前看来
我好像完全没有产生那种心情呢。",translated,依恩,4305e99b34,br=0 nl=1,2,
inc/event/res/seasonevent/seasonal_momiji_tch.txt#80#12,"想像してたよりも綺麗だったから、
その驚きと感動の方が勝っちゃってて、
気持ちが高まっちゃってるくらいだもん。","因为比想象中还要美丽得多，
那份惊喜与感动早已占了上风，
甚至兴奋得心情都在雀跃呢。",translated,依恩,56b55c9cbe,br=0 nl=2,3,
inc/event/res/seasonevent/seasonal_momiji_tch.txt#82#12,ダメだね、わたし。,我真是不解风情呢。,translated,依恩,5f0b0d056c,br=0 nl=0,1,
inc/event/res/seasonevent/seasonal_momiji_tch.txt#85#12,誰でも絶対に切なくなるわけじゃない,又不是每个人都一定会觉得感伤的,translated,,90a438eb7e,br=0 nl=0,1,
inc/event/res/seasonevent/seasonal_momiji_tch.txt#87#12,"それはそうかもしれないけど、
それを期待してきたのに……。","话虽如此，
但我明明是抱着期待来的嘛……",translated,依恩,ca31efc91e,br=0 nl=1,2,
inc/event/res/seasonevent/seasonal_momiji_tch.txt#89#12,"ううっ、何か違う意味で切ない気持ちに
なってきちゃったかも……。","呜呜，感觉在另一种意义上
变得有些感伤起来了呢……",translated,依恩,506cd71fe8,br=0 nl=1,2,
inc/event/res/seasonevent/seasonal_momiji_tch.txt#90#12,"ねりこさんにこのこと言ったら、
風流のわからないお子ちゃま、とか
言われちゃいそうだよ。","要是把这事告诉妮莉库，
感觉肯定会被她说成
“不懂风雅的小屁孩”啦。",translated,依恩,4659fc9ac5,br=0 nl=2,3,
inc/event/res/seasonevent/seasonal_momiji_tch.txt#91#12,"この件は、わたしとあなただけの
秘密にしておこうね。","这件事，就当成我和你两个人之间的
小秘密吧。",translated,依恩,b52b18ae10,br=0 nl=1,2,
inc/event/res/seasonevent/seasonal_momiji_tch.txt#93#12,うん、二人の秘密だね,嗯，是我们两个人的秘密呢,translated,,633b6f9b13,br=0 nl=0,1,
inc/event/res/seasonevent/seasonal_momiji_tch.txt#94#12,既に筒抜けになってる気もする,我总觉得其实早就全泄走出去了,translated,,f9c7027a8d,br=0 nl=0,1,
inc/event/res/seasonevent/seasonal_momiji_tch.txt#96#12,"えへへ……わたしから言っておいて
なんだけど、二人だけの秘密って、
ちょっとドキドキしちゃうね。","嘿嘿……虽然是我自己主动提出来的，
但“两人专属的秘密”这种说法，
还真有点让人心跳加速呢。",translated,依恩,f80ec59e28,br=0 nl=2,3,
inc/event/res/seasonevent/seasonal_momiji_tch.txt#99#12,うっ……た、確かにありえるかも。,呜……确、确实很有可能呢。,translated,依恩,6178e1866f,br=0 nl=0,1,
inc/event/res/seasonevent/seasonal_momiji_tch.txt#100#12,"でも、絶対とは言い切れないんだから、
このことは秘密にしておいてね。","但是，既然不能一口断定，
那这件事就还是先保密哦。",translated,依恩,3a83962b15,br=0 nl=1,2,
inc/event/res/seasonevent/seasonal_momiji_tch.txt#102#12,……今日はそろそろ、帰ろっか？,……今天差不多该回去了吧？,translated,依恩,263b64c6fe,br=0 nl=0,1,
inc/event/res/seasonevent/seasonal_momiji_tch.txt#103#12,"このままここにいても切ない気持ちに
なれそうにないもん。","就算继续待在这里，
感觉也完全产生不了感伤的心情嘛。",translated,依恩,804cef0b14,br=0 nl=1,2,
inc/event/res/seasonevent/seasonal_momiji_tch.txt#105#12,ん～っ、綺麗だったなぁ……。,嗯～真的好漂亮啊……,translated,依恩,3855749a17,br=0 nl=0,1,
inc/event/res/seasonevent/seasonal_momiji_tch.txt#106#12,"ただ綺麗ってわけじゃなくて、
神秘的な感じがするところが
すごく気に入っちゃったよ。","不仅仅只是好看而已，
那种带着神秘色彩的感觉，
让我真的非常喜欢呢。",translated,依恩,4c5b0102bb,br=0 nl=2,3,
inc/event/res/seasonevent/seasonal_momiji_tch.txt#107#12,……来年、また見れるかな？,……明年，还能再看得到吗？,translated,依恩,c48953a841,br=0 nl=0,1,
inc/event/res/seasonevent/seasonal_momiji_tch.txt#108#12,"もしあなたが覚えてくれてて、
来年もこの時期に会いに来てくれたら……。","如果你还记得的话，
要是明年这个时候也能来看我……",translated,依恩,dc3d24db3c,br=0 nl=1,2,
inc/event/res/seasonevent/seasonal_momiji_tch.txt#110#12,その時は、お誘いしていいかな？,到那个时候，我可以邀请你吗？,translated,依恩,010e4bb444,br=0 nl=0,1,
inc/event/res/seasonevent/seasonal_momiji_tch.txt#111#12,もちろん、楽しみにしてるよ,当然，我很期待哦,translated,,0e37db277d,br=0 nl=0,1,
inc/event/res/seasonevent/seasonal_momiji_tch.txt#113#12,ふふっ、わたしも今から楽しみだよ。,呵呵，我现在也开始期待起来了哦。,translated,依恩,a8d8162833,br=0 nl=0,1,
inc/event/res/seasonevent/seasonal_momiji_tch.txt#115#12,また一緒に、紅葉を見に行こうね！,到时候还要一起去看红叶哦！,translated,依恩,f99440dbf0,br=0 nl=0,1,
inc/event/res/seasonevent/seasonal_momiji_tch.txt#118#12,ねえねえ、今年もそろそろ紅葉の季節だよ。,我说我说，今年也差不多到红叶的季节了呢。,translated,依恩,fa80b1224c,br=0 nl=0,1,
inc/event/res/seasonevent/seasonal_momiji_tch.txt#119#12,"せっかくだし、今から少しだけ
見に行ってみない？","难得有机会，现在要不要稍微
去看一看呢？",translated,依恩,593d87c146,br=0 nl=1,2,
inc/event/res/seasonevent/seasonal_momiji_tch.txt#120#12,約束したもんね、行ってみよう,毕竟约好了嘛，我们去吧,translated,,8a545155f6,br=0 nl=0,1,
inc/event/res/seasonevent/seasonal_momiji_tch.txt#122#12,約束覚えててくれたの！？,你还记得这个约定吗！？,translated,依恩,107089a4db,br=0 nl=0,1,
inc/event/res/seasonevent/seasonal_momiji_tch.txt#123#12,"えへへ、嬉しいなぁ……。
ずっと前のことだから、忘れられてると
思ってたよ。","嘿嘿，好开心啊……
因为是很久以前的事了，
我还以为你早就忘记了呢。",translated,依恩,09cc604c9c,br=0 nl=2,3,
inc/event/res/seasonevent/seasonal_momiji_tch.txt#126#12,"あ、でもちょっと待って。
せっかくお出かけするんだから、
お着替えしていきたいな。","啊，不过请等一下哦。
既然难得要出门走走，
我想换好衣服再去呢。",translated,依恩,6c25f7080e,br=0 nl=2,3,
inc/event/res/seasonevent/seasonal_momiji_tch.txt#129#12,"うん、これを着ればいいんだね。
それじゃ、ちょっと待っててね。","嗯，穿这件就可以了吧。
那么，稍微等我一下哦。",translated,依恩,4e0affcc3b,br=0 nl=1,2,
inc/event/res/seasonevent/seasonal_momiji_tch.txt#131#12,"うん、それじゃあ今日は……
これにしよっと！","嗯，那么今天就……
穿这件吧！",translated,依恩,52da782725,br=0 nl=1,2,
inc/event/res/seasonevent/seasonal_momiji_tch.txt#136#12,"ジャジャーン！
えへへ……似合ってるかな？","锵锵～！
嘿嘿……合身好看吗？",translated,依恩,668a4bfcac,br=0 nl=1,2,
inc/event/res/seasonevent/seasonal_momiji_tch.txt#139#12,とっても可愛いよ,非常可爱哦,translated,,ed7440a4cc,br=0 nl=0,1,
inc/event/res/seasonevent/seasonal_momiji_tch.txt#140#12,う～ん……まあ、いい感じかな,嗯～……嘛，感觉挺不错的吧,translated,,1d15048dd7,br=0 nl=0,1,
inc/event/res/seasonevent/seasonal_momiji_tch.txt#142#12,ふふっ、ありがと。,呵呵，谢谢你。,translated,依恩,74e573494b,br=0 nl=0,1,
inc/event/res/seasonevent/seasonal_momiji_tch.txt#143#12,"ちょっと照れるけど、服を褒めて
もらうのって、すごく嬉しいよ。","虽然有点害羞，但是衣服被夸奖
真的很让人开心呢。",translated,依恩,4603ac71fe,br=0 nl=1,2,
inc/event/res/seasonevent/seasonal_momiji_tch.txt#146#12,"あらら……もっと褒めてもらえると思って
期待してたんだけどなぁ……。","哎呀呀……我还期待着
能得到你更多的夸奖呢……",translated,依恩,deb34df23e,br=0 nl=1,2,
inc/event/res/seasonevent/seasonal_momiji_tch.txt#149#12,それじゃあ、早速行ってみよ。,那么，这就出发吧。,translated,依恩,7a17027e81,br=0 nl=0,1,
inc/event/res/seasonevent/seasonal_momiji_tch.txt#151#12,……わぁ～。,……哇啊～。,translated,依恩,4dfcef97b1,br=0 nl=0,1,
inc/event/res/seasonevent/seasonal_momiji_tch.txt#152#12,最初に来たときと同じで、今年も綺麗だね。,和最初来的时候一样，今年也依然很美呢。,translated,依恩,e49b92c741,br=0 nl=0,1,
inc/event/res/seasonevent/seasonal_momiji_tch.txt#153#12,"吸い込まれそうになる……っていうのとは
ちょっと違うかな？","说是宛如要被吸进去一般……
可能感觉又不太一样？",translated,依恩,3f380138cb,br=0 nl=1,2,
inc/event/res/seasonevent/seasonal_momiji_tch.txt#154#12,"でも、目を離せなくなる美しさが、
この赤い葉にはある気がするの。","不过，这片红叶的身上，
总觉得有着一种让人无法移开视线的美感。",translated,依恩,087371b78c,br=0 nl=1,2,
inc/event/res/seasonevent/seasonal_momiji_tch.txt#155#12,"……何だか、不思議な気持ちに
なってきたよ。","……不知怎的，心里涌起了一股
不可思议的心情呢。",translated,依恩,ebfece454e,br=0 nl=1,2,
inc/event/res/seasonevent/seasonal_momiji_tch.txt#157#12,見惚れてるみたいだね,看来你是看得入迷了呢,translated,,c8ceb487e3,br=0 nl=0,1,
inc/event/res/seasonevent/seasonal_momiji_tch.txt#159#12,見惚れてる……のかな？,是看得……入迷了吗？,translated,依恩,cea13a146c,br=0 nl=0,1,
inc/event/res/seasonevent/seasonal_momiji_tch.txt#160#12,"それとはちょっと違う感じで……
何だか、胸が締め付けられるような
気持ちなの。","总觉得和那种感觉又有些不太一样……
不知为何，胸口仿佛被紧紧揪住了一般，
有种说不出的感觉。",translated,依恩,d99613132e,br=0 nl=2,3,
inc/event/res/seasonevent/seasonal_momiji_tch.txt#162#12,切なくなる感じ？,是感伤的心情吗？,translated,,8c36b9c563,br=0 nl=0,1,
inc/event/res/seasonevent/seasonal_momiji_tch.txt#163#12,混乱してるの？,是思绪混乱了吗？,translated,,495d7ed962,br=0 nl=0,1,
inc/event/res/seasonevent/seasonal_momiji_tch.txt#165#12,……うん、そうかも。,……嗯，也许是吧。,translated,依恩,25fef85fb2,br=0 nl=0,1,
inc/event/res/seasonevent/seasonal_momiji_tch.txt#168#12,"混乱とは違うよ。もしそうだったら、
こんな風に落ち着いて話してなんて
いられないもん。","和混乱不一样哦。如果是那样的话，
我现在哪能像这样
平平静静地跟你说话嘛。",translated,依恩,ecd49e444f,br=0 nl=2,3,
inc/event/res/seasonevent/seasonal_momiji_tch.txt#169#12,"この気持ち……
多分、切ない感じ……かな？","这种心情……
大概，就是感伤的感觉……吧？",translated,依恩,8c9a58d17e,br=0 nl=1,2,
inc/event/res/seasonevent/seasonal_momiji_tch.txt#171#12,"色んな想いが頭の中に浮かんできて……
でも、寂しくなるようなことばかり
考えちゃって……。","各种各样的思绪在脑海中浮现……
可是，想到的却净是些
会让人感到寂寞的事情……",translated,依恩,faa1b0ccb9,br=0 nl=2,3,
inc/event/res/seasonevent/seasonal_momiji_tch.txt#172#12,……隣、いてくれるよね？,……你会陪在我身边的，对吧？,translated,依恩,53b18c18e0,br=0 nl=0,1,
inc/event/res/seasonevent/seasonal_momiji_tch.txt#174#12,ちゃんといるよ,我一直都在哦,translated,,4fccd101f2,br=0 nl=0,1,
inc/event/res/seasonevent/seasonal_momiji_tch.txt#176#12,"よかった……。
何だか、また一人ぼっちになった気がして、
不安になっちゃったの。","太好了……
总觉得自己好像又变成了孤身一人，
心里不由得惶恐不安起来。",translated,依恩,0af0808b1f,br=0 nl=2,3,
inc/event/res/seasonevent/seasonal_momiji_tch.txt#177#12,"あなたと出会う前の、一人で生活してた
あの時のことを思い出しちゃって……。","我想起了遇到你之前，
独自一个人生活的那个时候的事情……",translated,依恩,1a0d735337,br=0 nl=1,2,
inc/event/res/seasonevent/seasonal_momiji_tch.txt#178#12,"おはようも、おやすみも、ありがとうも
いただきますを言う人もいない、
一人ぼっちの時のことを……。","没有可以说早上好、晚安、谢谢你，
还有我要开动了的对象，
独自一人孤孤单单的那个时候……",translated,依恩,5345e96d89,br=0 nl=2,3,
inc/event/res/seasonevent/seasonal_momiji_tch.txt#179#12,"そしたら、隣にいるあなたのことが
感じられなくなっちゃって……。","接着，我好像就感受不到
身旁的你的存在了……",translated,依恩,083d51a3db,br=0 nl=1,2,
inc/event/res/seasonevent/seasonal_momiji_tch.txt#180#12,ごめんね、変なこと言って。,对不起哦，说了这么奇怪的话。,translated,依恩,1f47db4038,br=0 nl=0,1,
inc/event/res/seasonevent/seasonal_momiji_tch.txt#182#12,これからも、ずっと一緒だよ,今后也一直会和你在一起的,translated,,c65892e7f3,br=0 nl=0,1,
inc/event/res/seasonevent/seasonal_momiji_tch.txt#183#12,ずっとねりこさんがいたでしょ？,不是一直都有妮莉库在吗？,translated,,103ae59985,br=0 nl=0,1,
inc/event/res/seasonevent/seasonal_momiji_tch.txt#185#12,……ふふっ、不思議だね。,……呵呵，真不可思议呢。,translated,依恩,d428e10c3c,br=0 nl=0,1,
inc/event/res/seasonevent/seasonal_momiji_tch.txt#186#12,"あなたにそう言ってもらったら、寂しい、
って気持ちが一瞬でどこかに消えちゃったよ。","听到你这么对我说之后，
心里的寂寞一瞬间就烟消云散了哦。",translated,依恩,2c4baee9ce,br=0 nl=1,2,
inc/event/res/seasonevent/seasonal_momiji_tch.txt#189#12,"でも、ねりこさんは一緒に暮らしてる
わけじゃないでしょ？","但是，妮莉库又不是
和我一起生活同住嘛。",translated,依恩,25b8db4969,br=0 nl=1,2,
inc/event/res/seasonevent/seasonal_momiji_tch.txt#190#12,"だから、あなたに出会うまでは、
本当にずっと寂しかったの……。","所以在遇到你之前，
我真的觉得一直都好寂寞……",translated,依恩,b5ede4d35c,br=0 nl=1,2,
inc/event/res/seasonevent/seasonal_momiji_tch.txt#191#12,"……でも、今はあなたがいるんだから、
もうそれは昔のことだよね。","……不过，现在有你在我身边了，
那早就已经成为过去的事啦。",translated,依恩,5311dc4d31,br=0 nl=1,2,
inc/event/res/seasonevent/seasonal_momiji_tch.txt#193#12,"今はあなたがいてくれるんだから、
こんな気持ちになってちゃダメだね。","既然现在有你陪着我，
我就不能再陷入这种情绪里啦。",translated,依恩,dbfe1edabc,br=0 nl=1,2,
inc/event/res/seasonevent/seasonal_momiji_tch.txt#194#12,"……でも、時々は昔のことを思い出して、
今がどれだけ幸せなのかを実感するのを
忘れないようにするよ。","……不过，我偶尔也要回想起从前，
以此提醒自己不要忘记
如今的生活有多么幸福呢。",translated,依恩,a87522e729,br=0 nl=2,3,
inc/event/res/seasonevent/seasonal_momiji_tch.txt#195#12,"最近は、そのことを全然考えなかった
気がするから……思い出させてくれた
紅葉に感謝だね。","感觉最近我完全没有想过那方面的事情……
所以必须好好感谢
让我回忆起来的红叶呢。",translated,依恩,c864351c95,br=0 nl=2,3,
inc/event/res/seasonevent/seasonal_momiji_tch.txt#196#12,……ちょっと早いけど、今日はもう帰ろ。,……虽然稍微有点早，但今天就先回去吧。,translated,依恩,bfe116aa1a,br=0 nl=0,1,
inc/event/res/seasonevent/seasonal_momiji_tch.txt#197#12,"また寂しい気持ちになるのは、
さすがに嫌だもん。","要是再陷入那种寂寞的心情，
我可受不了嘛。",translated,依恩,ea2ef37611,br=0 nl=1,2,
inc/event/res/seasonevent/seasonal_momiji_tch.txt#199#12,ふぅ～……今年も、本当に綺麗だったね。,呼～……今年也真的非常漂亮呢。,translated,依恩,2e0aa2fb6d,br=0 nl=0,1,
inc/event/res/seasonevent/seasonal_momiji_tch.txt#200#12,"やっぱりこの時期にしか見れないもの
だからかな？","果然是因为只有在这个时期
才能看得到的美景吧？",translated,依恩,59b3658872,br=0 nl=1,2,
inc/event/res/seasonevent/seasonal_momiji_tch.txt#201#12,"また来年も見に行けたらいいんだけど……
また、寂しくなっちゃうかな？","明年要是还能再去看就好了……
可到时候又会变得寂寞起来吗？",translated,依恩,1719962616,br=0 nl=1,2,
inc/event/res/seasonevent/seasonal_momiji_tch.txt#202#12,"けど、あなたが一緒にいてくれるなら、
きっと平気だと思うの。","不过，只要有你陪我一起去的话，
我想肯定就没问题啦。",translated,依恩,0c4d40da78,br=0 nl=1,2,
inc/event/res/seasonevent/seasonal_momiji_tch.txt#203#12,だから……また一緒に見に行こうね！,所以……到时候再一起去看吧！,translated,依恩,a027cc2e97,br=0 nl=0,1,
inc/event/res/seasonevent/seasonal_momiji_tch.txt#208#14,"紅葉って、吸い込まれ
そうになる美しさが
あるよね。","红叶有着一种
仿佛要被吸进去一般的
美丽呢。",translated,,a207fc1de9,br=0 nl=2,3,
inc/event/res/seasonevent/seasonal_new_year01.txt#6#12,えへへ♪　おまたせ～。,嘿嘿♪让你久等啦～。,translated,依恩,175d91e9f4,br=0 nl=0,1,
inc/event/res/seasonevent/seasonal_new_year01.txt#11#12,あ、来た来た～。,啊，来啦来啦～。,translated,依恩,f3214bfada,br=0 nl=0,1,
inc/event/res/seasonevent/seasonal_new_year01.txt#13#12,えへへ♪　おまたせ～。,嘿嘿♪让你久等啦～。,translated,依恩,175d91e9f4,br=0 nl=0,1,
inc/event/res/seasonevent/seasonal_new_year01.txt#18#12,ねえ、いる～？,喂，你在吗～？,translated,依恩,d025f57817,br=0 nl=0,1,
inc/event/res/seasonevent/seasonal_new_year01.txt#22#12,残念。,真遗憾。,translated,依恩,db119d5662,br=0 nl=0,1,
inc/event/res/seasonevent/seasonal_new_year01m.txt#3#12,えぇっと……コホンッ！,呃……咳咳！,translated,依恩,c9f3119175,br=0 nl=0,1,
inc/event/res/seasonevent/seasonal_new_year01m.txt#4#12,新年明けましておめでとうございます！,新年快乐！,translated,依恩,9036407945,br=0 nl=0,1,
inc/event/res/seasonevent/seasonal_new_year01m.txt#6#12,"えへへ、びっくりした？
あなたの世界では新しい年にこうやって
挨拶するんでしょ？","嘿嘿，吓了一跳吗？
在你的世界里，新年都是
像这样互相问候的吧？",translated,依恩,9551fc166f,br=0 nl=2,3,
inc/event/res/seasonevent/seasonal_new_year01m.txt#8#12,"えへへ、またこの挨拶ができるなんて、
すごく嬉しいな。","嘿嘿，能再次向你致以这句问候，
我真的很开心呢。",translated,依恩,4b7448e071,br=0 nl=1,2,
inc/event/res/seasonevent/seasonal_new_year01m.txt#9#12,"お正月にしか言えない特別な挨拶を、
今年もあなたに言えたんだもん。","这句只有在过年才能说的特别问候，
今年我也能亲口对你说了嘛。",translated,依恩,a6f76b27c5,br=0 nl=1,2,
inc/event/res/seasonevent/seasonal_new_year01m.txt#11#12,今年もよろしくお願いします。,今年也请多多关照。,translated,,8e4f1aa214,br=0 nl=0,1,
inc/event/res/seasonevent/seasonal_new_year01m.txt#13#12,うん、今年もよろしくお願いします。,嗯，今年也请多多关照。,translated,依恩,77e9292310,br=0 nl=0,1,
inc/event/res/seasonevent/seasonal_new_year01m.txt#15#12,"それにしても、あなたの世界って
色々イベントがあるんだね。","话又说回来，你的世界里
真的有好多活动呢。",translated,依恩,45c01c6070,br=0 nl=1,2,
inc/event/res/seasonevent/seasonal_new_year01m.txt#16#12,"つい最近、クリスマスがあったばかりなのに、
次はお正月でしょ？","明明不久前才刚过完圣诞节，
紧接着就是新年了对吧？",translated,依恩,7e9af0db30,br=0 nl=1,2,
inc/event/res/seasonevent/seasonal_new_year01m.txt#17#12,"イベントが多いのは楽しいけど、
準備する人達はちょっと大変そうだね。","虽然活动多很热闹有趣，
但负责准备的人看起来会挺辛苦的呢。",translated,依恩,85c727be77,br=0 nl=1,2,
inc/event/res/seasonevent/seasonal_new_year01m.txt#18#12,なんか楽しそう,总觉得挺开心的,translated,,d11eb2af8c,br=0 nl=0,1,
inc/event/res/seasonevent/seasonal_new_year01m.txt#20#12,えへへ、分かる？,嘿嘿，你看出来啦？,translated,依恩,7d14daa707,br=0 nl=0,1,
inc/event/res/seasonevent/seasonal_new_year01m.txt#21#12,"これまでは新年なんて意識したことなかった
から、こういう挨拶はすごく新鮮なの。","因为我以前从来没有过“新年”的概念，
所以这种互相问候感觉非常新鲜。",translated,依恩,88d6acdac6,br=0 nl=1,2,
inc/event/res/seasonevent/seasonal_new_year01m.txt#22#12,"そもそも、あなたと会うまでは時間すら
まともに気にしたことないし……。","说到底，在遇到你之前，
我甚至都没好好注意过时间流逝……",translated,依恩,b026ba5775,br=0 nl=1,2,
inc/event/res/seasonevent/seasonal_new_year01m.txt#23#12,"だからね、こうやってあなたと新年を
迎えられてすっごく嬉しいの。","所以呢，能够像这样和你一起迎来新年，
我真的觉得特别开心哦。",translated,依恩,299c64a1b6,br=0 nl=1,2,
inc/event/res/seasonevent/seasonal_new_year01m.txt#25#12,"あっ、そういえばねりこさんに
教えてもらったんだけど……。","啊，说起来妮莉库
之前跟我讲过……",translated,依恩,a227a70f7f,br=0 nl=1,2,
inc/event/res/seasonevent/seasonal_new_year01m.txt#26#12,"お正月って、お年玉っていうのを
もらえるんだよね？","过年的时候，
是能够领到压岁钱的对吧？",translated,依恩,4a92ff62d8,br=0 nl=1,2,
inc/event/res/seasonevent/seasonal_new_year01m.txt#27#12,"たしか、お正月に大人の人からもらえる
お小遣いのこと……だっけ？","我记得好像是指在新年里
能从大人那里拿到的零花钱……对吧？",translated,依恩,acca847c66,br=0 nl=1,2,
inc/event/res/seasonevent/seasonal_new_year01m.txt#28#12,あなたはお年玉を貰った？,你拿到压岁钱了吗？,translated,依恩,52beb58867,br=0 nl=0,1,
inc/event/res/seasonevent/seasonal_new_year01m.txt#29#12,貰ったよ,拿到了哦,translated,,e6c2e5ff1d,br=0 nl=0,1,
inc/event/res/seasonevent/seasonal_new_year01m.txt#30#12,あげたよ,是我给别人发了哦,translated,,ce248875ae,br=0 nl=0,1,
inc/event/res/seasonevent/seasonal_new_year01m.txt#31#12,もらえなかった,没拿到,translated,,4c1c128561,br=0 nl=0,1,
inc/event/res/seasonevent/seasonal_new_year01m.txt#33#12,わぁ、いいなぁ。,哇啊，真好呀。,translated,依恩,6fb0ec9830,br=0 nl=0,1,
inc/event/res/seasonevent/seasonal_new_year01m.txt#34#12,"くれた人に、ちゃんとお礼は言った？
言い忘れてたら、今からでもいいから
ちゃんと言わないとダメだよ。","你有好好向给你的人道谢了吗？
要是忘记说了的话，
现在去补上一句谢谢也不迟哦。",translated,依恩,2ae217f1b7,br=0 nl=2,3,
inc/event/res/seasonevent/seasonal_new_year01m.txt#35#12,"それと、無駄遣いもしないように
気をつけてね。","还有，要当心不要乱花钱哦。
要好好存着呢。",translated,依恩,829af9954f,br=0 nl=1,2,
inc/event/res/seasonevent/seasonal_new_year01m.txt#38#12,"そっか、あなたは貰う方じゃなくて、
あげる方なんだね。","这样啊，原来你不是收钱的那一方，
而是给钱的那一方呀。",translated,依恩,9502a2a89b,br=0 nl=1,2,
inc/event/res/seasonevent/seasonal_new_year01m.txt#39#12,"ふふっ、あげた子達は
みんな喜んでくれた？","呵呵，收到钱的孩子们
大家都高兴了吗？",translated,依恩,3a4210a11d,br=0 nl=1,2,
inc/event/res/seasonevent/seasonal_new_year01m.txt#40#12,"わたしも、いつかは子供達にお年玉を
あげられる大人になりたいなぁ。","我也好想有一天能成为
给孩子们发压岁钱的大人呀。",translated,依恩,a01db3ec26,br=0 nl=1,2,
inc/event/res/seasonevent/seasonal_new_year01m.txt#43#12,そっか……ちょっと残念だったね。,这样啊……稍微有点遗憾呢。,translated,依恩,e4c389995f,br=0 nl=0,1,
inc/event/res/seasonevent/seasonal_new_year01m.txt#44#12,"けど、お年玉だけがお正月の楽しみ、って
わけじゃないんだし、元気だそう！","不过，新年的乐趣又不仅仅只有压岁钱，
打起精神来吧！",translated,依恩,b79db7b43e,br=0 nl=1,2,
inc/event/res/seasonevent/seasonal_new_year01m.txt#48#12,"また来年も、こうやって新年の挨拶が
できるといいね。","希望明年也能像这样
互相道一声新年问候呢。",translated,依恩,c05e4b1fdd,br=0 nl=1,2,
inc/event/res/seasonevent/seasonal_new_year01m.txt#52#12,"えっと、それでね……あなたの世界では
初詣っていう新年のお参りをするんだよね？","呃，然后呢……在你的世界里，
新年要去进行叫做“新年参拜”的祈福对吧？",translated,依恩,e6b9211304,br=0 nl=1,2,
inc/event/res/seasonevent/seasonal_new_year01m.txt#53#12,"クリスマスと違って特別な服も用意でき
なかったし、せめて一緒に初詣に行けたら
良かったのになぁ……。","因为不像圣诞节那样准备了特别的衣服，
至少要是能一起去新年参拜
就好了呢……",translated,依恩,c52a8c5415,br=0 nl=2,3,
inc/event/res/seasonevent/seasonal_new_year01m.txt#54#12,雰囲気は変わるけど縁日に……,虽然气氛不太一样，但去庙会……,translated,,8f15f2d311,br=0 nl=0,1,
inc/event/res/seasonevent/seasonal_new_year01m.txt#55#12,じゃあパーツ屋行こう,那去零件店吧,translated,,c00f707ce4,br=0 nl=0,1,
inc/event/res/seasonevent/seasonal_new_year01m.txt#57#12,"あ、そうか。縁日だったら初詣気分は
味わえるかもしれないよね。","啊，也是呢。如果是去庙会的话，
说不定也能体验到新年参拜的气氛呢。",translated,依恩,69033a8b07,br=0 nl=1,2,
inc/event/res/seasonevent/seasonal_new_year01m.txt#60#12,"えぇ！？
な、なんでパーツ屋！？","诶诶！？
为、为什么要选零件店啊！？",translated,依恩,54f6f8d8d6,br=0 nl=1,2,
inc/event/res/seasonevent/seasonal_new_year01m.txt#61#12,"あ、いや、その……パーツ屋に
行きたくないってわけじゃないよ？","啊，不，那个……我并不是说
不想去零件店哦？",translated,依恩,6b907745d9,br=0 nl=1,2,
inc/event/res/seasonevent/seasonal_new_year01m.txt#62#12,"むしろ行きたいっていうか、
また色々パーツを見に行ってみたいし……。","倒不如说我也挺想去的，
因为我也很想再去看看各种各样的零件……",translated,依恩,8111cd91ec,br=0 nl=1,2,
inc/event/res/seasonevent/seasonal_new_year01m.txt#63#12,"でもその、せっかくの初詣だし、
縁日に行くのはどうかな？","不过那个，难得是新年参拜，
去逛逛庙会怎么样呀？",translated,依恩,305c89af8f,br=0 nl=1,2,
inc/event/res/seasonevent/seasonal_new_year01m.txt#64#12,冗談だよ、縁日に行こう,开玩笑的啦，我们去庙会吧,translated,,51e883a676,br=0 nl=0,1,
inc/event/res/seasonevent/seasonal_new_year01m.txt#66#12,もう、そうやってすぐからかうんだから。,真是的，你总是这样戏弄人家。,translated,依恩,dd20f8a4ec,br=0 nl=0,1,
inc/event/res/seasonevent/seasonal_new_year01m.txt#69#12,"そうだ、せっかくのお正月なんだから、
ちょっとお散歩に行ってみない？","对啦，难得过年，
要不要稍微出去散散步？",translated,依恩,4d13d98bd8,br=0 nl=1,2,
inc/event/res/seasonevent/seasonal_new_year01m.txt#70#12,前にも行ったの覚えてる？,你还记得之前也去过吗？,translated,依恩,2cfabd4b62,br=0 nl=0,1,
inc/event/res/seasonevent/seasonal_new_year01m.txt#71#12,"ちょっと違っちゃうけど、
縁日に行ってみようよ。","虽然稍微有点不同，
不过我们去庙会逛逛吧。",translated,依恩,918335eb9b,br=0 nl=1,2,
inc/event/res/seasonevent/seasonal_new_year01m.txt#72#12,待ってました、出発だ！,等你好久啦，出发！,translated,,d6e112149b,br=0 nl=0,1,
inc/event/res/seasonevent/seasonal_new_year01m.txt#73#12,寝正月ってのも悪くない,过年躺平睡觉也不错,translated,,d6331db03b,br=0 nl=0,1,
inc/event/res/seasonevent/seasonal_new_year01m.txt#75#12,ふふっ、お正月から元気だね。,呵呵，大过年的就这么有精神呢。,translated,依恩,e8df1af6c9,br=0 nl=0,1,
inc/event/res/seasonevent/seasonal_new_year01m.txt#78#12,"もぉ、お正月から寝てたら、
今年一年ずっとそんな風になっちゃうよ？","真是的，大过年就躺着睡觉的话，
今年一年感觉都会变成那样哦？",translated,依恩,17f9aca8be,br=0 nl=1,2,
inc/event/res/seasonevent/seasonal_new_year01m.txt#79#12,"面倒くさくても、お正月は思い切って
動いた方が、一年の勢いがつくと思うの。","就算嫌麻烦，新年也一定要鼓足劲
动起来，这一年才能更有干劲嘛。",translated,依恩,fce7bdb786,br=0 nl=1,2,
inc/event/res/seasonevent/seasonal_new_year01m.txt#80#12,"だから、勢い付けて立ち上がって！
ガンバレー！","所以，快鼓起精神站起来！
加油呀――！",translated,依恩,11ac6b6e2a,br=0 nl=1,2,
inc/event/res/seasonevent/seasonal_new_year01m.txt#81#12,よし、行くか！,好，走吧！,translated,,8fd7f9328f,br=0 nl=0,1,
inc/event/res/seasonevent/seasonal_new_year01m.txt#83#12,うん、その意気だよ！,嗯，就是这股干劲！,translated,依恩,9cee63578d,br=0 nl=0,1,
inc/event/res/seasonevent/seasonal_new_year01m.txt#86#12,"それじゃあ、ちょっと急になっちゃうけど、
早速縁日に行こっか。","那么，虽然稍微有点突然，
我们这就去庙会吧。",translated,依恩,1ad72d4930,br=0 nl=1,2,
inc/event/res/seasonevent/seasonal_new_year01m.txt#87#12,"すぐに着替えるから、
ちょっとだけ待っててね。","我马上换衣服，
稍微等我一下下哦。",translated,依恩,ecfe87d271,br=0 nl=1,2,
inc/event/res/seasonevent/seasonal_new_year01m.txt#95#12,"おまたせ～。
どう？　似合ってるかな？","久等啦～。
怎么样？合身好看吗？",translated,依恩,537d62251a,br=0 nl=1,2,
inc/event/res/seasonevent/seasonal_new_year01m.txt#96#12,似合ってるよ,很适合你哦,translated,,010e0522bf,br=0 nl=0,1,
inc/event/res/seasonevent/seasonal_new_year01m.txt#97#12,馬子にも衣装かな,佛要金装，人要衣装吧,translated,,17f0621687,br=0 nl=0,1,
inc/event/res/seasonevent/seasonal_new_year01m.txt#99#12,"よかったぁ。似合ってない、って言われたら
どうしようかと思ったよ。","太好了。要是被你说不合适，
我都不知道该怎么办才好呢。",translated,依恩,42c8903892,br=0 nl=1,2,
inc/event/res/seasonevent/seasonal_new_year01m.txt#100#12,それじゃあ、早速お願いします。,那么，这就拜托你啦。,translated,依恩,916569cd53,br=0 nl=0,1,
inc/event/res/seasonevent/seasonal_new_year01m.txt#103#12,えへへ、ありがとう。,嘿嘿，谢谢你。,translated,依恩,9414479893,br=0 nl=0,1,
inc/event/res/seasonevent/seasonal_new_year01m.txt#104#12,"って、あれ？
そこはかとなく馬鹿にされてるような
気が……。なんでだろ？","……等等，哎呀？
不知怎的总觉得隐隐约约被你给
嘲弄了……？为什么呢？",translated,依恩,5bc6e79cf0,br=0 nl=2,3,
inc/event/res/seasonevent/seasonal_new_year01m.txt#105#12,"と、とにかく、目を瞑るね。
よろしくお願いします。","总、总之，我先把眼睛闭上哦。
拜托你啦。",translated,依恩,51d042b818,br=0 nl=1,2,
inc/event/res/seasonevent/seasonal_new_year01m.txt#108#12,とうちゃ～く！,到～达！,translated,依恩,4751473d82,br=0 nl=0,1,
inc/event/res/seasonevent/seasonal_new_year01m.txt#109#12,それじゃあ、さっそくお参りに行こ。,那么，这就去参拜祈福吧。,translated,依恩,5476e62c75,br=0 nl=0,1,
inc/event/res/seasonevent/seasonal_new_year01m.txt#111#12,そういえば、あなたの新年の抱負って何かな？,说起来，你的新年抱负是什么呢？,translated,依恩,45c79205cc,br=0 nl=0,1,
inc/event/res/seasonevent/seasonal_new_year01m.txt#112#12,これはやるぞ～！　っていうのとかある？,有没有那种“今年一定要做到～！”的目标？,translated,依恩,0dfe2d259e,br=0 nl=0,1,
inc/event/res/seasonevent/seasonal_new_year01m.txt#114#12,イオンの記憶を全部取り戻す,找回伊欧的全部记忆,translated,,117d33938c,br=0 nl=0,1,
inc/event/res/seasonevent/seasonal_new_year01m.txt#115#12,勉強を頑張る,努力学习,translated,,95318b27f6,br=0 nl=0,1,
inc/event/res/seasonevent/seasonal_new_year01m.txt#116#12,運動を頑張る,努力运动,translated,,f4c9b0729f,br=0 nl=0,1,
inc/event/res/seasonevent/seasonal_new_year01m.txt#117#12,人付き合いを頑張る,努力搞好人际交往,translated,,15dfee36fe,br=0 nl=0,1,
inc/event/res/seasonevent/seasonal_new_year01m.txt#118#12,特にない,没有特别的,translated,,cea755e5cd,br=0 nl=0,1,
inc/event/res/seasonevent/seasonal_new_year01m.txt#121#12,えっと……あ、ありがと。,呃……谢、谢谢你。,translated,依恩,4d523d0b69,br=0 nl=0,1,
inc/event/res/seasonevent/seasonal_new_year01m.txt#122#12,"わたしも早く記憶を取り戻せるように
頑張るね。","为了能早点找回记忆，
我也会加油的。",translated,依恩,cb36ae7a09,br=0 nl=1,2,
inc/event/res/seasonevent/seasonal_new_year01m.txt#126#12,"勉強って大変だよね。機械の勉強なら
何時間でも出来るんだけど……。","学习真的很辛苦呢。虽然如果是机械方面的，
我学上几个小时都没问题就是了……",translated,依恩,f698bd04f7,br=0 nl=1,2,
inc/event/res/seasonevent/seasonal_new_year01m.txt#127#12,"頑張って目標が達成できるといいね。
わたしも応援してるからね♪","加油实现你的目标哦。
我也会为你加油打气的♪",translated,依恩,21600ab41f,br=0 nl=1,2,
inc/event/res/seasonevent/seasonal_new_year01m.txt#131#12,"す、すごいね。わたしは運動苦手だから、
頑張ろうって気すら起きないよ。","好、好厉害呢。我很不擅长运动，
连试着加油的念头都冒不出来呢。",translated,依恩,01b367600d,br=0 nl=1,2,
inc/event/res/seasonevent/seasonal_new_year01m.txt#132#12,"むしろ苦手だから、わたしも頑張った方が
いいのかな？","倒不如说正因为不擅长，
我也应该多加把劲比较好吗？",translated,依恩,dc0e0c3701,br=0 nl=1,2,
inc/event/res/seasonevent/seasonal_new_year01m.txt#136#12,"それはちょっと羨ましいな……。
わたしは頑張る前にあなたとねりこさんくらい
しか周りにいないし……。","那还真有点让人羡慕呢……
我在这之前，身边也只有
你和妮莉库而已……",translated,依恩,30454f8f7d,br=0 nl=2,3,
inc/event/res/seasonevent/seasonal_new_year01m.txt#137#12,"でも、あなたがたくさんの人と
仲良くなってくれたら、わたしも嬉しいな。","不过，要是你能和很多人成为好朋友，
我也会感到很开心的。",translated,依恩,3a4ec0ea65,br=0 nl=1,2,
inc/event/res/seasonevent/seasonal_new_year01m.txt#141#12,"そっかぁ……。ちょっと残念だけど、
抱負がないといけないなんてことないもんね。","这样啊……虽然稍微有点遗憾，
不过也不是说非得有什么宏大抱负嘛。",translated,依恩,e04ca14895,br=0 nl=1,2,
inc/event/res/seasonevent/seasonal_new_year01m.txt#142#12,"その日その日を楽しく過ごせたら、
それも一つの幸せの形だよ。","每天都过得开开心心的，
那也是一种幸福的形式哦。",translated,依恩,a410ddb811,br=0 nl=1,2,
inc/event/res/seasonevent/seasonal_new_year01m.txt#145#12,イオンの抱負は？,伊欧的新年抱负呢？,translated,,282c63c482,br=0 nl=0,1,
inc/event/res/seasonevent/seasonal_new_year01m.txt#147#12,わたしの抱負？,我的新年抱负？,translated,依恩,286c91a5cb,br=0 nl=0,1,
inc/event/res/seasonevent/seasonal_new_year01m.txt#149#12,"えっと、ちょっと恥ずかしいんだけど……
あなたとの毎日を一つ一つ、
大切に記憶していくこと、かな。","呃，虽然说出来有点害羞……
大概是把与你度过的每一天，
都认认真真、珍重地记在心里吧。",translated,依恩,92d94a3308,br=0 nl=2,3,
inc/event/res/seasonevent/seasonal_new_year01m.txt#150#12,"こうやってあなたと会えたことは幸福なこと
だと思うし、それがずっと続いて欲しいって
思うけど――","能够像这样与你相遇是一件无比幸福的事，
我也希望这份幸福能够永远持续下去，
可是――",translated,依恩,b5faccdae5,br=0 nl=2,3,
inc/event/res/seasonevent/seasonal_new_year01m.txt#151#12,"どんな形だとしても
いつかお別れは来ちゃうでしょ？","无论以何种形式，
总有一天离别都会到来的对吧？",translated,依恩,a6ddaf55bb,br=0 nl=1,2,
inc/event/res/seasonevent/seasonal_new_year01m.txt#152#12,"だからね、何気ない一つ一つをちゃんと
記憶して、大切にしていきたいって思うの。","所以呢，我想把每一件微不足道的小事，
都好好地留在记忆里，用心去珍惜。",translated,依恩,a6133c0177,br=0 nl=1,2,
inc/event/res/seasonevent/seasonal_new_year01m.txt#153#12,もう……大切なことを忘れたくないから……。,因为……我不想再忘记重要的事情了……,translated,依恩,36ae5fbd99,br=0 nl=0,1,
inc/event/res/seasonevent/seasonal_new_year01m.txt#155#12,"あはは、なんかごめんね。せっかくの初詣なの
に湿っぽくなっちゃったよね。","啊哈哈，抱歉哦。难得是新年参拜，
气氛却变得这么伤感了呢。",translated,依恩,6b569d74ef,br=0 nl=1,2,
inc/event/res/seasonevent/seasonal_new_year01m.txt#157#12,う～ん……どうしようかな？,嗯～……该定什么好呢？,translated,依恩,b713b7d4e9,br=0 nl=0,1,
inc/event/res/seasonevent/seasonal_new_year01m.txt#158#12,"あなたとの毎日を大切に記憶していく、
って言おうと思ったけど、
それって去年の抱負だったし……。","我本来想说“用心去铭记与你度过的每一天”，
不过那是去年的抱负了，
而且……",translated,依恩,6539645852,br=0 nl=2,3,
inc/event/res/seasonevent/seasonal_new_year01m.txt#159#12,"もちろん、それも大切だとは思ってるよ。
けど、抱負にしなくても当たり前、って
思えるようになったし。","当然，我也觉得那同样非常重要哦。
不过现在即便不把它当成特别的抱负，
也觉得那是理所当然的事情了。",translated,依恩,86a5ad150a,br=0 nl=2,3,
inc/event/res/seasonevent/seasonal_new_year01m.txt#160#12,新しい抱負……う～ん……。,新的抱负……嗯～……,translated,依恩,f6759cf8aa,br=0 nl=0,1,
inc/event/res/seasonevent/seasonal_new_year01m.txt#161#12,"……今年も、あなたと繋がっていたい。
こんなのはどうかな？","……“今年也想一直与你相系相连”。
这个目标怎么样呢？",translated,依恩,70033bfca2,br=0 nl=1,2,
inc/event/res/seasonevent/seasonal_new_year01m.txt#162#12,"去年も言ったと思うけど、
いつかはお別れが来ちゃうことが
あると思うの。","虽然我想去年也已经说过了，
但我总觉得终有一天
离别可能会悄然到来。",translated,依恩,ddb59d15d8,br=0 nl=2,3,
inc/event/res/seasonevent/seasonal_new_year01m.txt#163#12,"けど、そんな日が来るのを
一日でも遅くしたいから……。","可是，我想让那一天哪怕只推迟一天到来，
所以……",translated,依恩,0581022299,br=0 nl=1,2,
inc/event/res/seasonevent/seasonal_new_year01m.txt#164#12,"そのためにわたしができる精一杯のことを、
わたしはやっていきたいと思う。","为了能做到这点，我想全力以赴
去做好我所能做到的一切。",translated,依恩,5be76d91af,br=0 nl=1,2,
inc/event/res/seasonevent/seasonal_new_year01m.txt#165#12,"まあ、そのために何をすればいいのかが
わかってないから、抱負になってるか
どうかすら怪しいけど……。","嘛，因为我甚至还不明白具体该做些什么，
所以算不算得上是抱负
都很难说就是了……",translated,依恩,34551d7f9d,br=0 nl=2,3,
inc/event/res/seasonevent/seasonal_new_year01m.txt#167#12,素敵だと思う、是非そうしてほしい,我觉得很棒，希望你一定要这么做,translated,,f6cc71a125,br=0 nl=0,1,
inc/event/res/seasonevent/seasonal_new_year01m.txt#169#12,えへへ……良かった。,嘿嘿……太好啦。,translated,依恩,2f69d2f05d,br=0 nl=0,1,
inc/event/res/seasonevent/seasonal_new_year01m.txt#170#12,"あなたにそう言ってもらえたからかな？
今までよりも、長くあなたと一緒にいたい、
っていう気持ちになってきちゃった。","大概是因为你这么对我说了吧？
比起以往，我变得更加想要
能长长久久地和你在一起了呢。",translated,依恩,5416066bd5,br=0 nl=2,3,
inc/event/res/seasonevent/seasonal_new_year01m.txt#171#12,……今年も、わたしと一緒にいてね。,……今年也请和我在一起哦。,translated,依恩,d6c4c542ef,br=0 nl=0,1,
inc/event/res/seasonevent/seasonal_new_year01m.txt#174#12,"あっ！　見て見て！　おみくじやってるよ！　
ちょっと引いてくるね！","啊！快看快看！那里有抽神签耶！
我去抽一张过来哦！",translated,依恩,bd79f1f0bc,br=0 nl=1,2,
inc/event/res/seasonevent/seasonal_new_year01m.txt#180#12,"ただいま～。
おみくじ引いてきたよ♪","我回来啦～。
我抽好神签了哦♪",translated,依恩,74d919485b,br=0 nl=1,2,
inc/event/res/seasonevent/seasonal_new_year01m.txt#181#12,えへへ、何が出るかなぁ？,嘿嘿，会抽到什么呢？,translated,依恩,4b09aeffbc,br=0 nl=0,1,
inc/event/res/seasonevent/seasonal_new_year01m.txt#184#12,うわっ！　すごいすごい！　大吉だよ！,哇啊！太厉害了太厉害了！是大吉耶！,translated,依恩,506bcf6bf0,br=0 nl=0,1,
inc/event/res/seasonevent/seasonal_new_year01m.txt#185#12,"何事も上手くいく。
積極的に挑戦するのが良い、だって♪","万事顺意。
宜积极进取勇于挑战，上面这么写着呢♪",translated,依恩,b302780639,br=0 nl=1,2,
inc/event/res/seasonevent/seasonal_new_year01m.txt#189#12,"あっ！　中吉だって。
幸先良い感じだね。","啊！说是中吉。
感觉是个好兆头呢。",translated,依恩,ab7cf77b22,br=0 nl=1,2,
inc/event/res/seasonevent/seasonal_new_year01m.txt#190#12,"仕事、健康、恋愛、学業どれも上手くいく。
ただし自分のことだけに夢中になってると
幸運の波が消えてしまう、だって。","工作、健康、恋爱、学业诸事皆顺。
但若只顾自己一意孤行，
幸运之势恐将消散，上面这么写着呢。",translated,依恩,d32aa17c67,br=0 nl=2,3,
inc/event/res/seasonevent/seasonal_new_year01m.txt#194#12,ちょっと微妙かなぁ、吉だって。,稍微有点微妙呢，说是吉。,translated,依恩,226ea9f1b6,br=0 nl=0,1,
inc/event/res/seasonevent/seasonal_new_year01m.txt#195#12,"あ、でも『悩み解決する』って書いてあるよ！　
これって記憶が取り戻せるってことかな♪","啊，不过上面写着“烦恼得解”哦！
这难道是说能找回记忆的意思吗♪",translated,依恩,eef670cd49,br=0 nl=1,2,
inc/event/res/seasonevent/seasonal_new_year01m.txt#199#12,う～ん、凶だって……。,唔～说是凶……,translated,依恩,81c0c3a63f,br=0 nl=0,1,
inc/event/res/seasonevent/seasonal_new_year01m.txt#200#12,"このままいけば平気だけど、
思わぬ事故に注意だって。","虽说照目前发展无妨，
但需当心意料之外的事故呢。",translated,依恩,c86abdae71,br=0 nl=1,2,
inc/event/res/seasonevent/seasonal_new_year01m.txt#204#12,"え？　これって……だ、大凶！？
記憶戻らず！？","诶？这是……大大、大凶！？
记忆无法恢复！？",translated,依恩,5aa3b449b6,br=0 nl=1,2,
inc/event/res/seasonevent/seasonal_new_year01m.txt#205#12,"うぅ……なんか物凄いピンポイントなおみくじ
だよ。こんなのも混ざってるんだね……。","呜呜……这签文未免也太针对人了吧。
居然连这种签都有混在里面呢……",translated,依恩,92d30f8e01,br=0 nl=1,2,
inc/event/res/seasonevent/seasonal_new_year01m.txt#209#12,"えへへ、おみくじも良かったし、
今年は色々上手くいきそうだね。","嘿嘿，签运也挺不错的，
今年感觉诸事都会很顺利呢。",translated,依恩,52911c0d76,br=0 nl=1,2,
inc/event/res/seasonevent/seasonal_new_year01m.txt#210#12,"あなたとも、もっともっと楽しい思い出を
作っていきたいな。","我也想和你一起制造出
更多更多快乐的美好回忆呢。",translated,依恩,93ceca3a88,br=0 nl=1,2,
inc/event/res/seasonevent/seasonal_new_year01m.txt#212#12,でも、おみくじなんかに負けてられない！,不过，我可不会输给区区神签的！,translated,依恩,2c52f5f1b5,br=0 nl=0,1,
inc/event/res/seasonevent/seasonal_new_year01m.txt#213#12,"今年上手くいくかどうかは、
結局わたしたちの頑張り次第だよね！","今年到底能不能顺遂，
说到底全看我们自己的努力嘛！",translated,依恩,1dee652319,br=0 nl=1,2,
inc/event/res/seasonevent/seasonal_new_year01m.txt#216#12,そういえばお参り……,说起来参拜祈福……,translated,,013864bd32,br=0 nl=0,1,
inc/event/res/seasonevent/seasonal_new_year01m.txt#218#12,あっ！　わ、忘れてた！,啊！忘、忘记了！,translated,依恩,308d5af35a,br=0 nl=0,1,
inc/event/res/seasonevent/seasonal_new_year01m.txt#219#12,それじゃあ、最後にお参りして帰ろうっか。,那么，最后参拜完再回去吧。,translated,依恩,f37b853788,br=0 nl=0,1,
inc/event/res/seasonevent/seasonal_new_year01m.txt#221#12,ただいま～。,我回来啦～。,translated,依恩,c729b204d5,br=0 nl=0,1,
inc/event/res/seasonevent/seasonal_new_year01m.txt#222#12,えへへ、初詣楽しかったねぇ。,嘿嘿，新年参拜真开心呢。,translated,依恩,f1d78e34b3,br=0 nl=0,1,
inc/event/res/seasonevent/seasonal_new_year01m.txt#223#12,何をお願いしたの？,你许了什么愿？,translated,,371dbda202,br=0 nl=0,1,
inc/event/res/seasonevent/seasonal_new_year01m.txt#225#12,う～ん、内緒♪,嗯～保密♪,translated,依恩,eab120ab88,br=0 nl=0,1,
inc/event/res/seasonevent/seasonal_new_year01m.txt#226#12,"初詣のお願いって人に聞かれちゃうと
叶わなくなっちゃうんだって。","听说新年参拜的愿望要是被别人听到了，
就没办法灵验实现了。",translated,依恩,f15e8a7bc9,br=0 nl=1,2,
inc/event/res/seasonevent/seasonal_new_year01m.txt#227#12,"だから、いくらあなたのお願いでも
これだけは内緒だよ。
絶対に、叶ってほしいことだからね。","所以，哪怕是你来问，
只有这个我也要保密哦。
因为这可是我无论如何都希望实现的愿望嘛。",translated,依恩,cbe30473ba,br=0 nl=2,3,
inc/event/res/seasonevent/seasonal_new_year01m.txt#228#12,"えっと、戻ろうかなって思うんだけど、
その前に一つだけ――","呃，虽然打算该回去了，
但在这之前还有最后一句话――",translated,依恩,584d7b37a6,br=0 nl=1,2,
inc/event/res/seasonevent/seasonal_new_year01m.txt#229#12,"改めて、今年もよろしくお願いします。
またいっぱいお話しようね♪","再次郑重地向你道一句，今年也请多关照。
以后也要聊好多好多天哦♪",translated,依恩,975d0c4793,br=0 nl=1,2,
inc/event/res/seasonevent/seasonal_new_year01t.txt#1#12,"<CLBU>よかったぁ！
いてくれたんだ。","<CLBU>太好啦！
原来你在这里呀。",translated,依恩,75b5581885,<CLBU> br=0 nl=1,2,keep-tags <CLBU>
inc/event/res/seasonevent/seasonal_obon.txt#6#12,あ、来た来た～。,啊，来啦来啦～。,translated,依恩,f3214bfada,br=0 nl=0,1,
inc/event/res/seasonevent/seasonal_obon.txt#11#12,あ、来た来た～。,啊，来啦来啦～。,translated,依恩,f3214bfada,br=0 nl=0,1,
inc/event/res/seasonevent/seasonal_obon.txt#18#12,ねえ、いる～？,喂，你在吗～？,translated,依恩,d025f57817,br=0 nl=0,1,
inc/event/res/seasonevent/seasonal_obon.txt#22#12,残念。,真遗憾。,translated,依恩,db119d5662,br=0 nl=0,1,
inc/event/res/seasonevent/seasonal_obon_tch.txt#4#12,あ、いてくれたんだ～。,啊，原来你在呀～,translated,依恩,d82706abe6,br=0 nl=0,1,
inc/event/res/seasonevent/seasonal_obon_tch.txt#7#12,"ねりこさんから聞いたの。
あなたの世界はお盆の季節なんだってね。","我是听妮莉库说的。
在你的世界现在是盂兰盆节的时期对吧。",translated,依恩,648776166f,br=0 nl=1,2,
inc/event/res/seasonevent/seasonal_obon_tch.txt#8#12,"それで、お盆ってどういうものか
ちゃんと知ってる？","那么，你清楚盂兰盆节
到底是什么样的节日吗？",translated,依恩,d0c5f189e9,br=0 nl=1,2,
inc/event/res/seasonevent/seasonal_obon_tch.txt#9#12,もちろん,那是当然,translated,,8514001668,br=0 nl=0,1,
inc/event/res/seasonevent/seasonal_obon_tch.txt#10#12,実はよく知らない,其实我不太清楚,translated,,07f984acc4,br=0 nl=0,1,
inc/event/res/seasonevent/seasonal_obon_tch.txt#12#12,わっ、えらいね！,哇，真了不起！,translated,依恩,3799763c06,br=0 nl=0,1,
inc/event/res/seasonevent/seasonal_obon_tch.txt#13#12,"お盆って、意外とどういうものなのかを
知らない人が多い、ってねりこさんから
聞いてたんだ。","我听妮莉库说，
意外地有很多人其实并不太清楚
盂兰盆节到底是怎么回事呢。",translated,依恩,a1928f3864,br=0 nl=2,3,
inc/event/res/seasonevent/seasonal_obon_tch.txt#14#12,"だから、あなたはどっちなのかな、って
気になって、それで聞いてみたの。","所以我就很好奇你究竟是哪一种，
才试着问了问你。",translated,依恩,17d342c097,br=0 nl=1,2,
inc/event/res/seasonevent/seasonal_obon_tch.txt#17#12,あらら、そうだったんだ？,哎呀呀，原来是这样吗？,translated,依恩,4d153dbff2,br=0 nl=0,1,
inc/event/res/seasonevent/seasonal_obon_tch.txt#18#12,"ねりこさんから、お盆がどういうものかを
知らない人は意外と多い、って聞かされてた
けど……本当みたいだね。","妮莉库之前虽然跟我说过，
不知道盂兰盆节是怎么回事的人意外挺多，
不过看来是真的呢。",translated,依恩,e34ceb551d,br=0 nl=2,3,
inc/event/res/seasonevent/seasonal_obon_tch.txt#19#12,"えっと、ねりこさんから聞いた話だとね、
ご先祖様の霊が、一時的に家族のところへ
帰ってくる日、なんだって。","呃，据妮莉库说啊，
这天是祖先的灵魂
暂时回到家人身边的日子哦。",translated,依恩,a884006aa9,br=0 nl=2,3,
inc/event/res/seasonevent/seasonal_obon_tch.txt#21#12,"まあ、お盆はわたしには
関係のない行事だけど……。","嘛，虽然盂兰盆节对我来说
是个毫无关系的节日就是了……",translated,依恩,fb2b393b81,br=0 nl=1,2,
inc/event/res/seasonevent/seasonal_obon_tch.txt#22#12,"ここにいる限り、ご先祖様の霊が
帰ってくることなんてないと思うし。","毕竟只要待在这里，
我想祖先的灵魂也是不可能回得来的嘛。",translated,依恩,86018f5072,br=0 nl=1,2,
inc/event/res/seasonevent/seasonal_obon_tch.txt#23#12,お盆にはお祭りもやるんだよ,盂兰盆节的时候也会办祭典哦,translated,,f298e0d68b,br=0 nl=0,1,
inc/event/res/seasonevent/seasonal_obon_tch.txt#25#12,"そっか……お盆って夏にやるから、
お祭りと重なるんだね。","这样啊……因为盂兰盆节是在夏天，
所以会和夏日祭重合在一起呢。",translated,依恩,50c6d69c6b,br=0 nl=1,2,
inc/event/res/seasonevent/seasonal_obon_tch.txt#26#12,"そうだ！　それならちょっとだけ、
縁日にお出かけしてみようよ。","对啦！既然这样，
我们稍微去庙会逛逛吧。",translated,依恩,881d3455fa,br=0 nl=1,2,
inc/event/res/seasonevent/seasonal_obon_tch.txt#27#12,"せっかくのお盆なんだし、このままここで
話してるだけより楽しめると思うの。","难得是盂兰盆节，我觉得比起像这样
光待在这聊天，出门更能玩得开心呢。",translated,依恩,d147ea4115,br=0 nl=1,2,
inc/event/res/seasonevent/seasonal_obon_tch.txt#28#12,"それじゃ、準備はいい？
出発しまーす！","那么，准备好了吗？
我们要出发咯～！",translated,依恩,865185bf27,br=0 nl=1,2,
inc/event/res/seasonevent/seasonal_obon_tch.txt#53#12,わぁ……すごく賑やか……。,哇啊……好热闹啊……,translated,依恩,bcb0f471f0,br=0 nl=0,1,
inc/event/res/seasonevent/seasonal_obon_tch.txt#54#12,"やっぱり迎えられるご先祖様も、
こういう賑やかな雰囲気の方が
喜びそうだね。","果然被迎回来的祖先们，
感觉也会更喜欢
这种热闹欢快的气氛呢。",translated,依恩,892000e2a2,br=0 nl=2,3,
inc/event/res/seasonevent/seasonal_obon_tch.txt#56#12,その服、どうしたの？,你这身衣服是怎么回事？,translated,,9882d87972,br=0 nl=0,1,
inc/event/res/seasonevent/seasonal_obon_tch.txt#58#12,服？　服がどうかし……。,衣服？衣服怎么了……,translated,依恩,e6b572af20,br=0 nl=0,1,
inc/event/res/seasonevent/seasonal_obon_tch.txt#59#12,"あ、あれぇ！？
わたしの服、変わっちゃってる！","哎、哎呀！？
我的衣服变了样了！",translated,依恩,53d4d55996,br=0 nl=1,2,
inc/event/res/seasonevent/seasonal_obon_tch.txt#60#12,"でもこれ、すごく可愛いかも！
お祭りの雰囲気にピッタリな感じもするし。","不过这件，感觉超级可爱的！
也很符合祭典的热闹气氛呢。",translated,依恩,8875b555ba,br=0 nl=1,2,
inc/event/res/seasonevent/seasonal_obon_tch.txt#61#12,ねぇねぇ、あなたはどう思う？,我说我说，你觉得怎么样？,translated,依恩,54228c3c4f,br=0 nl=0,1,
inc/event/res/seasonevent/seasonal_obon_tch.txt#63#12,似合ってて凄く可愛いと思う,很适合你，我觉得超级可爱,translated,,abc7f65dcd,br=0 nl=0,1,
inc/event/res/seasonevent/seasonal_obon_tch.txt#64#12,涼しそうでいいなぁ,看着很清凉真好啊,translated,,3b2e8ec12e,br=0 nl=0,1,
inc/event/res/seasonevent/seasonal_obon_tch.txt#66#12,ふふっ……そう言ってもらえて良かった。,呵呵……能听你这么说真是太好了。,translated,依恩,c7d96327fa,br=0 nl=0,1,
inc/event/res/seasonevent/seasonal_obon_tch.txt#67#12,"ちょっとわたしのイメージとは
違う服かも、って思ったけど……。","我还想着这件衣服
可能不太符合我平时的风格……",translated,依恩,bcc64026ae,br=0 nl=1,2,
inc/event/res/seasonevent/seasonal_obon_tch.txt#68#12,"でも、あなたがそう言ってくれるなら、
自信を持って着ていられるよ。","不过，既然你都这么说了，
我就能充满自信地穿在身上啦。",translated,依恩,a8e6978ec1,br=0 nl=1,2,
inc/event/res/seasonevent/seasonal_obon_tch.txt#71#12,"うん、生地自体が薄くて風通しがいいのも
そうだけど、軽いから凄く動きやすいのも
いいところだね。","嗯，不仅面料本身轻薄透气，
而且重量很轻非常方便行动，
这也是一个很大的优点呢。",translated,依恩,caf1db9edf,br=0 nl=2,3,
inc/event/res/seasonevent/seasonal_obon_tch.txt#72#12,"暑い日のお祭りで着るのには、
すごくいい服だと思うよ。","在炎热夏日的祭典上穿，
我觉得是再合适不过的衣服了。",translated,依恩,e2f3742523,br=0 nl=1,2,
inc/event/res/seasonevent/seasonal_obon_tch.txt#74#12,"っと、服にばかり夢中になっちゃった。
そろそろお祭りを見て回ろ。","哎呀，光顾着看衣服了。
我们差不多该四处逛逛祭典啦。",translated,依恩,45490b504f,br=0 nl=1,2,
inc/event/res/seasonevent/seasonal_obon_tch.txt#76#12,う～ん……見た感じ、普通のお祭りだね。,唔～……看样子，就是很普通的祭典呢。,translated,依恩,06d87c986c,br=0 nl=0,1,
inc/event/res/seasonevent/seasonal_obon_tch.txt#77#12,"お盆の季節だから、もっとご先祖様を
迎えるような催しとかもするお祭りだと
思ったんだけど……。","因为正值盂兰盆节的时期，
我还以为会是举办更多迎接祖先活动
的那种祭典呢……",translated,依恩,bd253722d1,br=0 nl=2,3,
inc/event/res/seasonevent/seasonal_obon_tch.txt#78#12,"特にそういうのも無さそうだね。
お盆のお祭りって、こういうものなのかな？","看来并没有特别的那种活动呢。
盂兰盆节的祭典，一般都是这样的吗？",translated,依恩,0f9dccfaac,br=0 nl=1,2,
inc/event/res/seasonevent/seasonal_obon_tch.txt#80#12,普通の方がご先祖も喜ぶよ,普通一点祖先反而更开心哦,translated,,d1a7bb38a3,br=0 nl=0,1,
inc/event/res/seasonevent/seasonal_obon_tch.txt#81#12,特別なことをやる場所もある,也有会举办特别活动的地方哦,translated,,cfca512864,br=0 nl=0,1,
inc/event/res/seasonevent/seasonal_obon_tch.txt#83#12,そっか……言われてみればそうかも。,这样啊……经你这么一说好像确实也是。,translated,依恩,682c71c267,br=0 nl=0,1,
inc/event/res/seasonevent/seasonal_obon_tch.txt#84#12,"わたしがもしご先祖様の立場だったら、
厳かなのよりも楽しいお祭りの方が
嬉しいと思うし。","如果我换作是祖先的立场，
比起庄重严肃的仪式，
肯定也会觉得欢快的祭典更让人高兴呢。",translated,依恩,ab8e10e082,br=0 nl=2,3,
inc/event/res/seasonevent/seasonal_obon_tch.txt#85#12,"特別よりも普通……
それが正しい迎え方なのかもしれないね。","比起特别，更重于平常……
那或许才是正确的迎接方式呢。",translated,依恩,fdd885bc14,br=0 nl=1,2,
inc/event/res/seasonevent/seasonal_obon_tch.txt#88#12,"やる場所もある、っていうことは、
基本的にはどこも普通のお祭りなんだ？","你说也有地方会办特别的，
那就是说基本上到处办的都是普通祭典啦？",translated,依恩,c2ecd3205f,br=0 nl=1,2,
inc/event/res/seasonevent/seasonal_obon_tch.txt#89#12,"そっかぁ……もっと祭壇とか用意して、
厳かな雰囲気のお祭りだと思ってたから、
少しビックリだよ。","这样啊……我还以为会摆上祭坛什么的，
举办气氛很庄严的祭典呢，
稍微有点吃惊到了。",translated,依恩,66eb3ade5f,br=0 nl=2,3,
inc/event/res/seasonevent/seasonal_obon_tch.txt#90#12,"けど、考えてみたらご先祖様だって、
そんな厳かなお祭りじゃ楽しめないよね？","不过，仔细想想看，就算是祖先，
在那样子严肃的祭典里也开心不起来对吧？",translated,依恩,4d9bc2e516,br=0 nl=1,2,
inc/event/res/seasonevent/seasonal_obon_tch.txt#91#12,"もしわたしだったら、こういう楽しい
お祭りで迎えられた方が嬉しいもん。","要是换作我，能被这种热闹有趣的
祭典迎回来的话会更高兴嘛。",translated,依恩,ad2843ffcf,br=0 nl=1,2,
inc/event/res/seasonevent/seasonal_obon_tch.txt#93#12,"そういえば、あなたもお盆には
お祭りに行ったりする？","说起来，在盂兰盆节的时候
你也会去参加祭典吗？",translated,依恩,e147ded3c7,br=0 nl=1,2,
inc/event/res/seasonevent/seasonal_obon_tch.txt#95#12,個人で作った本を売るお祭りに行くよ！,去参加售卖个人制作书籍的盛典哦！,translated,,fce71ead3c,br=0 nl=0,1,
inc/event/res/seasonevent/seasonal_obon_tch.txt#96#12,もちろん行くよ,那是当然要去的,translated,,05a91a7399,br=0 nl=0,1,
inc/event/res/seasonevent/seasonal_obon_tch.txt#97#12,特に行かない,一般不去,translated,,8dcbb9fce3,br=0 nl=0,1,
inc/event/res/seasonevent/seasonal_obon_tch.txt#99#12,えっ、そんなお祭りがあるの！？,诶，居然还有那种盛典吗！？,translated,依恩,2a223fdc57,br=0 nl=0,1,
inc/event/res/seasonevent/seasonal_obon_tch.txt#100#12,読書好きとしては聞き捨てならないお祭りだよ。,作为爱书之人，这可绝不能当作没听见呀。,translated,依恩,64c8cbaa89,br=0 nl=0,1,
inc/event/res/seasonevent/seasonal_obon_tch.txt#101#12,"あなたの世界には、色んなお祭りがあるんだね。
……わたしも、行ってみたいなぁ。","你的世界里，还真有各种各样的盛典呢。
……我也好想去看看呀。",translated,依恩,706ab1741d,br=0 nl=1,2,
inc/event/res/seasonevent/seasonal_obon_tch.txt#104#12,"ふふっ、あなたはどんなふうに
お祭りを楽しむのかなぁ？","呵呵，你会怎么在祭典上
尽情游玩呢？",translated,依恩,0627bd18cd,br=0 nl=1,2,
inc/event/res/seasonevent/seasonal_obon_tch.txt#106#12,"仮想世界のお祭りじゃなくて、
本当のお祭りにあなたと行ってみたいよ。","真想和你去的不是虚拟世界的祭典，
而是现实中真正的祭典啊。",translated,依恩,e67486db85,br=0 nl=1,2,
inc/event/res/seasonevent/seasonal_obon_tch.txt#109#12,"あらら……もしかして、あなたの地元では
お祭りをやらないのかな？","哎呀呀……难道说，在你住的地方
并不办祭典吗？",translated,依恩,9ffa5014f7,br=0 nl=1,2,
inc/event/res/seasonevent/seasonal_obon_tch.txt#110#12,"でも、今こうしてわたしと一緒にお祭りに
来てるんだから、今年はお祭りに行ったこ
とになるね。","不过，现在既然像这样和我一起来到了祭典，
那今年就算是有去过祭典啦。
可以好好回味呢。",translated,依恩,51b93d832a,br=0 nl=2,3,
inc/event/res/seasonevent/seasonal_obon_tch.txt#111#12,"お友達にも自慢できるかもしれないよ。
今年のお盆はお祭りに行ったぞ、って。","说不定还能向朋友们炫耀一番呢。
就说“我今年盂兰盆节可是去参加了祭典哦”。",translated,依恩,813b7a27ab,br=0 nl=1,2,
inc/event/res/seasonevent/seasonal_obon_tch.txt#113#12,"……それにしても、お祭りだから
すごくいっぱい人がいるね。","……话又说回来，正因为是祭典，
人真的好多好多呢。",translated,依恩,e7f4c2c5b8,br=0 nl=1,2,
inc/event/res/seasonevent/seasonal_obon_tch.txt#114#12,"これだけ大勢いれば、帰ってきたご先祖様が
紛れてても、誰も気づかなそうだね。","有这么多人在的话，就算回来的祖先
混在人群当中，感觉也没人会发觉呢。",translated,依恩,8100aada3d,br=0 nl=1,2,
inc/event/res/seasonevent/seasonal_obon_tch.txt#115#12,"もしかしたら、今すれ違ったのは
誰かのご先祖様だったんじゃ、とか……。","比如“搞不好刚才擦肩而过的，
其实是哪位人家的祖先”之类的……",translated,依恩,daa8682f95,br=0 nl=1,2,
inc/event/res/seasonevent/seasonal_obon_tch.txt#116#12,"……自分で言っておいてなんだけど、
やっぱりそれ、ちょっと怖いかも。","……虽然是我自己主动提起的，
不过仔细想想，感觉还是有点可怕呢。",translated,依恩,9e381b5f20,br=0 nl=1,2,
inc/event/res/seasonevent/seasonal_obon_tch.txt#117#12,"いくらご先祖様とはいっても、
幽霊に変わりないし……。","再怎么说是祖先，
说到底也还是幽灵嘛……",translated,依恩,7418d088d8,br=0 nl=1,2,
inc/event/res/seasonevent/seasonal_obon_tch.txt#118#12,ううん、怖いのとはちょっと違うかな？,不，感觉和害怕又稍微有点不同？,translated,依恩,15c98c9e27,br=0 nl=0,1,
inc/event/res/seasonevent/seasonal_obon_tch.txt#119#12,"でも、驚くことになるのは確かだから、
やっぱり見える状態で紛れ込まれるのは、
少し困るね。","不过，肯定会被吓一跳是确凿无疑的，
所以如果真的以肉眼可见的状态混进来，
还是会有点让人伤脑筋呢。",translated,依恩,e3d896c73e,br=0 nl=2,3,
inc/event/res/seasonevent/seasonal_obon_tch.txt#121#12,"ふぅ……やっぱり人が多いからかな？
さすがに暑くなってきちゃったよ。","呼……果然是因为人太多了吗？
不知不觉真的变得好热起来了。",translated,依恩,e5d26fb204,br=0 nl=1,2,
inc/event/res/seasonevent/seasonal_obon_tch.txt#122#12,今日はもう、帰ろっか。,今天就差不多该回去啦。,translated,依恩,696a835e77,br=0 nl=0,1,
inc/event/res/seasonevent/seasonal_obon_tch.txt#124#12,ただいま～。,我回来啦～。,translated,依恩,c729b204d5,br=0 nl=0,1,
inc/event/res/seasonevent/seasonal_obon_tch.txt#125#12,って……服が元に戻ってる！？,等等……衣服怎么变回原样了！？,translated,依恩,6488592bed,br=0 nl=0,1,
inc/event/res/seasonevent/seasonal_obon_tch.txt#126#12,"う～ん、いつの間に変わったり
戻ったりしたんだろ？","唔～到底是在什么时候变了，
又是在什么时候变回来的呢？",translated,依恩,59557e9b89,br=0 nl=1,2,
inc/event/res/seasonevent/seasonal_obon_tch.txt#127#12,"着ているわたしが気づかない間に
変化するなんて、不思議だね。","连穿在身上的我自己都没发觉就发生了变化，
真不可思议呢。",translated,依恩,fbb3d1b514,br=0 nl=1,2,
inc/event/res/seasonevent/seasonal_obon_tch.txt#128#12,せっかく可愛い服だったのに……,明明是那么可爱的衣服……,translated,,3035900642,br=0 nl=0,1,
inc/event/res/seasonevent/seasonal_obon_tch.txt#130#12,"うっ……そ、そんなふうに言われると、
あの服が消えちゃったのがちょっとだけ
寂しくなってくるよ……。","呜……被、被你这么一说，
那件衣服消失不见了，
让我稍微觉得有点寂寞了呢……",translated,依恩,7a14fe57d0,br=0 nl=2,3,
inc/event/res/seasonevent/seasonal_obon_tch.txt#131#12,……レシピ、作った方が良いかな？,……我是不是制作出配方比较好呀？,translated,依恩,2c158a6438,br=0 nl=0,1,
inc/event/res/seasonevent/seasonal_obon_tch.txt#132#12,記念に作ろうよ,作为纪念做出来吧,translated,,ba2802fd14,br=0 nl=0,1,
inc/event/res/seasonevent/seasonal_obon_tch.txt#134#12,記念……うん、そうだね。,纪念……嗯，说得对呢。,translated,依恩,b004d58c07,br=0 nl=0,1,
inc/event/res/seasonevent/seasonal_obon_tch.txt#135#12,"ただの縁日じゃなくて、あなたと一緒に
お盆を過ごした記念なんだから、
形に残しておきたいよね。","不仅仅是普通的庙会，
这可是和你一起度过盂兰盆节的纪念，
果然还是想以某种形式保留下来呢。",translated,依恩,a66ad04a7a,br=0 nl=2,3,
inc/event/res/seasonevent/seasonal_obon_tch.txt#136#12,"レシピは作っておくから、
着てほしいな、って思ったら、
わたしに声をかけて作るように言ってね。","配方我会准备好的，
要是你什么时候想让我穿的话，
就叫我并吩咐我做出来哦。",translated,依恩,b643d21dfd,br=0 nl=2,3,
inc/event/res/seasonevent/seasonal_obon_tch.txt#137#12,"それじゃ、今日はお出かけに
付き合ってくれてありがと。","那么，今天谢谢你
陪我一起出门逛街哦。",translated,依恩,76ff958f13,br=0 nl=1,2,
inc/event/res/seasonevent/seasonal_obon_tch.txt#138#12,また、どこかにお出かけしようね！,下次还要再一起去哪里走走哦！,translated,依恩,59b9b1b9e5,br=0 nl=0,1,
inc/event/res/seasonevent/seasonal_obon_tch.txt#140#12,<CLY2>レシピ【はっぴ？】が追加されました。,<CLY2>已追加配方【法被？】。,translated,系统文本,1af0f36531,<CLY2> br=0 nl=0,1,keep-tags <CLY2>
inc/event/res/seasonevent/seasonal_obon_tch.txt#143#12,そろそろお盆の季節だよね？,差不多又到盂兰盆节的时期了呢？,translated,依恩,c8931cd540,br=0 nl=0,1,
inc/event/res/seasonevent/seasonal_obon_tch.txt#144#12,ご先祖様のお墓参り、ちゃんと行った？,你有好好去给祖先扫墓了吗？,translated,依恩,0ff056c953,br=0 nl=0,1,
inc/event/res/seasonevent/seasonal_obon_tch.txt#145#12,行った,去了哦,translated,,db78f6d5a7,br=0 nl=0,1,
inc/event/res/seasonevent/seasonal_obon_tch.txt#146#12,行ってない,没去,translated,,ce45d862b7,br=0 nl=0,1,
inc/event/res/seasonevent/seasonal_obon_tch.txt#148#12,"ちゃんと行ったんだね。
きっとご先祖様も喜んでると思うよ。","你有好好去过了呀。
祖先们肯定也觉得很高兴哦。",translated,依恩,64003886e5,br=0 nl=1,2,
inc/event/res/seasonevent/seasonal_obon_tch.txt#151#12,"あらら……お盆なんだから、
ちゃんと行ってあげないと可哀想だよ。","哎呀呀……毕竟是盂兰盆节，
不好好去扫墓的话他们也太可怜啦。",translated,依恩,1e2e8ab8b7,br=0 nl=1,2,
inc/event/res/seasonevent/seasonal_obon_tch.txt#152#12,"それとも、家でご先祖様を
お迎えしたのかな？","还是说，是在家里
迎接了祖先呢？",translated,依恩,7ae6d59933,br=0 nl=1,2,
inc/event/res/seasonevent/seasonal_obon_tch.txt#154#12,"わたしもお盆くらいはお墓参りに、って
思ってるけど……ご先祖様はもちろん、
家族のことすら思い出せないし……。","我也想着至少在盂兰盆节去扫扫墓……
可是别说祖先了，
我连家人的事情都想不起来……",translated,依恩,f3b9002fbd,br=0 nl=2,3,
inc/event/res/seasonevent/seasonal_obon_tch.txt#155#12,"そもそも、この世界にはお墓は無いから、
お墓参りしたくてもできないんだけど。","说到底，这个世界里根本就没有墓地，
就算想去扫墓也去不成就是了。",translated,依恩,d356387081,br=0 nl=1,2,
inc/event/res/seasonevent/seasonal_obon_tch.txt#156#12,"って、お盆はお墓参りだけじゃないよね。
お祭りもあること、すっかり忘れてたよ。","啊，不过盂兰盆节可不只有扫墓呢。
还有祭典这回事，我刚才彻底忘光啦。",translated,依恩,6b551d2c1f,br=0 nl=1,2,
inc/event/res/seasonevent/seasonal_obon_tch.txt#157#12,今年も行ってみる？,今年也去看看吗？,translated,,29a5c04f04,br=0 nl=0,1,
inc/event/res/seasonevent/seasonal_obon_tch.txt#159#12,"うん！
わたしもお盆らしいことしたいもん。","嗯！
我也想过一个有盂兰盆节气氛的节日嘛。",translated,依恩,6cbf49bcf9,br=0 nl=1,2,
inc/event/res/seasonevent/seasonal_obon_tch.txt#160#12,それじゃ、早速行ってみよっか。,那么，这就出发去看看吧。,translated,依恩,cdbf71a41f,br=0 nl=0,1,
inc/event/res/seasonevent/seasonal_obon_tch.txt#162#12,"ふふっ、ここに来ると自然と気持ちが
ワクワクしてきちゃうね。","呵呵，一来到这里，
心情自然而然就兴奋起来了呢。",translated,依恩,6082514cb1,br=0 nl=1,2,
inc/event/res/seasonevent/seasonal_obon_tch.txt#163#12,早速見て歩こ。,这就四处逛逛看吧。,translated,依恩,d8fa4a777c,br=0 nl=0,1,
inc/event/res/seasonevent/seasonal_obon_tch.txt#165#12,"そういえば、お盆は普通のお祭りだけじゃ
なくて、色んな変わったお祭りもやるん
だよね？","说起来，盂兰盆节不光有普通的祭典，
还会举办各种各样别具特色的
特别活动对吧？",translated,依恩,7e5df017f9,br=0 nl=2,3,
inc/event/res/seasonevent/seasonal_obon_tch.txt#166#12,"ねりこさん情報だからどこまで
信じていいのかわからないけど、
行列が出来るお祭りもあるんだって。","虽然是妮莉库的情报，
不知道该信到什么程度，
但听说还有能排起长队的盛典呢。",translated,依恩,3a1c1803f9,br=0 nl=2,3,
inc/event/res/seasonevent/seasonal_obon_tch.txt#167#12,"本とかお人形とかを売ったり買ったりする
お祭り、って言ってたけど……
本当にそんなのあるの？","据说是买卖书籍和人偶玩偶
之类的盛典，不过……
真的会有那种盛典吗？",translated,依恩,8eaec6b76e,br=0 nl=2,3,
inc/event/res/seasonevent/seasonal_obon_tch.txt#169#12,あるよ,有的哦,translated,,13924bb01d,br=0 nl=0,1,
inc/event/res/seasonevent/seasonal_obon_tch.txt#170#12,行ったことあるよ,我有去过哦,translated,,fd7f105f06,br=0 nl=0,1,
inc/event/res/seasonevent/seasonal_obon_tch.txt#171#12,前にも言ったけど、本当にあるよ,我之前也说过，是真的有哦,translated,,e2847e15a0,br=0 nl=0,1,
inc/event/res/seasonevent/seasonal_obon_tch.txt#173#12,ほ、本当にあるの！？,真、真的有吗！？,translated,依恩,84d678a301,br=0 nl=0,1,
inc/event/res/seasonevent/seasonal_obon_tch.txt#176#12,"行ったことあるってことは、
本当にそんなお祭りがあるの！？","既然你有去过，
那就是说真的有那种盛典呀！？",translated,依恩,6051051b8f,br=0 nl=1,2,
inc/event/res/seasonevent/seasonal_obon_tch.txt#179#12,えっ、そうだったっけ？,诶，是这样吗？,translated,依恩,7769ddb851,br=0 nl=0,1,
inc/event/res/seasonevent/seasonal_obon_tch.txt#180#12,"う～……あなたとお話したことなのに
忘れちゃうなんて……ごめんなさい……。","唔～……明明是和你聊过的事，
我居然忘记了……对不起……",translated,依恩,1b88e43b20,br=0 nl=1,2,
inc/event/res/seasonevent/seasonal_obon_tch.txt#182#12,"でも、本とかお人形を買うのに、
どうして行列が出来るんだろ？","不过，为了买书和人偶，
为什么会排起那么长的队伍呢？",translated,依恩,f69bc8e3b5,br=0 nl=1,2,
inc/event/res/seasonevent/seasonal_obon_tch.txt#183#12,"そんなにすごい本とお人形なのかな？
う～ん……わたしも、ちょっとだけ
参加してみたいかも。","难道是那么厉害的书和人偶吗？
嗯～……我也稍微有点
想要去参加看看了呢。",translated,依恩,6ebe580f9e,br=0 nl=2,3,
inc/event/res/seasonevent/seasonal_obon_tch.txt#184#12,"特に本。そういうところでしか
買えないような本があったら、
沢山買っておきたいな。","尤其是书。要是有那种
只有在那种场合才能买到的书，
真想多买一些屯着呢。",translated,依恩,350fdcdea4,br=0 nl=2,3,
inc/event/res/seasonevent/seasonal_obon_tch.txt#186#12,イオンは本を書いたりしないの？,伊欧自己不写书吗？,translated,,6170f589b2,br=0 nl=0,1,
inc/event/res/seasonevent/seasonal_obon_tch.txt#188#12,わ、わたしが本を！？,我、我来写书！？,translated,依恩,119e6b4eda,br=0 nl=0,1,
inc/event/res/seasonevent/seasonal_obon_tch.txt#190#12,"じ、実は……結構前の話なんだけど、
一度だけ書いたことがあるんだ。","其、其实……虽然是很久以前的事了，
不过我还真写过一次呢。",translated,依恩,4a90360893,br=0 nl=1,2,
inc/event/res/seasonevent/seasonal_obon_tch.txt#191#12,お話の内容は……えっと……。,故事的内容是……呃……,translated,依恩,a056acecf9,br=0 nl=0,1,
inc/event/res/seasonevent/seasonal_obon_tch.txt#192#12,"……えへへ、秘密。
やっぱり恥かしいもん。","……嘿嘿，保密。
毕竟还是太难为情了嘛。",translated,依恩,b7c360cc6f,br=0 nl=1,2,
inc/event/res/seasonevent/seasonal_obon_tch.txt#193#12,"でも、一生懸命書いたお話なんだ。
ちょっと大変なこともあったけど、
最後まで書ききった自慢の作品だよ。","不过那是我倾尽心血写出的故事哦。
虽然过程中经历了一些波折，
但可是我坚持写到最后引以为傲的作品呢。",translated,依恩,01b4878a9f,br=0 nl=2,3,
inc/event/res/seasonevent/seasonal_obon_tch.txt#194#12,"……また、そのうち違う話を
書いてみたいなぁ。","……哪天我也还想
再写写其他的故事呢。",translated,依恩,a4a12ab2ff,br=0 nl=1,2,
inc/event/res/seasonevent/seasonal_obon_tch.txt#195#12,"夢いっぱいの冒険ファンタジー小説とか、
ハードなＳＦとか、色々挑戦してみたいの。","充满梦想的奇幻冒险小说，
或者是硬核科幻，我都想尝试挑战一下呢。",translated,依恩,bc51bc1703,br=0 nl=1,2,
inc/event/res/seasonevent/seasonal_obon_tch.txt#197#12,原稿待ってますよ、先生,我等着您的原稿哦，老师,translated,,9c185f7645,br=0 nl=0,1,
inc/event/res/seasonevent/seasonal_obon_tch.txt#198#12,絵本とかが似合いそうなんだけど,感觉绘本之类的会挺适合你的,translated,,0fa42d8e48,br=0 nl=0,1,
inc/event/res/seasonevent/seasonal_obon_tch.txt#200#12,"も、もぉ、先生なんて言われるような
本は書いてないよぉ……。","真、真是的，我哪有写过
能被称作老师的书呀……",translated,依恩,f32d2bcb18,br=0 nl=1,2,
inc/event/res/seasonevent/seasonal_obon_tch.txt#201#12,"でも、それだけ期待してくれてる、って
ことなのかな？","不过，这说明你对我
抱着这么高的期待对吧？",translated,依恩,9abf7a8223,br=0 nl=1,2,
inc/event/res/seasonevent/seasonal_obon_tch.txt#202#12,"ふふっ、時間は掛かるかもしれないけど、
少しずつお話を考えてみるよ。","呵呵，虽然可能要花上不少时间，
但我会慢慢构思故事的哦。",translated,依恩,afb3a5b461,br=0 nl=1,2,
inc/event/res/seasonevent/seasonal_obon_tch.txt#205#12,"絵本も大好きだけど……
あれって、描くのは難しいんだ。","绘本我也很喜欢，不过……
画那个可是很难的呢。",translated,依恩,b1c8adc042,br=0 nl=1,2,
inc/event/res/seasonevent/seasonal_obon_tch.txt#206#12,"子供にもわかりやすくて、
教訓になるようなお話が多いでしょ？","绘本大多不仅要让小孩子容易理解，
而且还要富含教育意义对吧？",translated,依恩,b0420dd604,br=0 nl=1,2,
inc/event/res/seasonevent/seasonal_obon_tch.txt#207#12,"だから、絵本を描くにはまだまだ
スキルが足りな過ぎるよ。","所以要画绘本的话，
我的技术还远远不够呢。",translated,依恩,e288e8adc7,br=0 nl=1,2,
inc/event/res/seasonevent/seasonal_obon_tch.txt#209#12,"でも、いつかはちゃんとした本を
作ってみたいな、って思ってるの。","不过，我还是想着什么时候
一定要亲手做出一本像样的书来呢。",translated,依恩,da3256bd72,br=0 nl=1,2,
inc/event/res/seasonevent/seasonal_obon_tch.txt#210#12,できれば、あなたにも読んでもらいたいし。,如果可以的话，也希望能拿给你看呢。,translated,依恩,dc7e57f058,br=0 nl=0,1,
inc/event/res/seasonevent/seasonal_obon_tch.txt#211#12,"やっぱり、お話を書く以上は誰かに
読んでもらいたいもん。","毕竟只要写了故事，
总归还是希望有人能去读一读嘛。",translated,依恩,2fecc700d7,br=0 nl=1,2,
inc/event/res/seasonevent/seasonal_obon_tch.txt#212#12,"だから、もしわたしが本を書いた時には、
ちゃんと読んでもらえるかな？","所以，如果将来我真的写了书，
你能好好读一读吗？",translated,依恩,1891cb71c4,br=0 nl=1,2,
inc/event/res/seasonevent/seasonal_obon_tch.txt#214#12,もちろん、喜んで,当然，乐意之至,translated,,e038651836,br=0 nl=0,1,
inc/event/res/seasonevent/seasonal_obon_tch.txt#215#12,活字が苦手だから絵本か漫画なら……,我不太擅长读纯文字，绘本或漫画的话……,translated,,1529132780,br=0 nl=0,1,
inc/event/res/seasonevent/seasonal_obon_tch.txt#217#12,"ふふっ……そう言ってもらえると、
創作意欲が湧いてくるよ。","呵呵……听你这么说，
我的创作热情就涌上来啦。",translated,依恩,dfcfb808bc,br=0 nl=1,2,
inc/event/res/seasonevent/seasonal_obon_tch.txt#218#12,"どれだけ時間が掛かってでも、
最後まで書き上げてみせるよ！","不管花多少时间，
我也一定会坚持写到最后的！",translated,依恩,b653246a9d,br=0 nl=1,2,
inc/event/res/seasonevent/seasonal_obon_tch.txt#221#12,ハードル上がり過ぎだよ！,门槛也抬得太高啦！,translated,依恩,2d884d9dd2,br=0 nl=0,1,
inc/event/res/seasonevent/seasonal_obon_tch.txt#222#12,"お話を考えて文章にするだけでも
大変なのに、絵まで描くとなったら
十年以上掛かっちゃうよ……。","光是构思故事写成文章
就已经很辛苦了，要是连画都要画，
感觉要花上十年以上呀……",translated,依恩,31426f6231,br=0 nl=2,3,
inc/event/res/seasonevent/seasonal_obon_tch.txt#223#12,"……でも、絵が描けると、
ちょっとかっこいいよね？","……不过，要是会画画的话，
感觉还挺帅气的对吧？",translated,依恩,3ccb3fa2d8,br=0 nl=1,2,
inc/event/res/seasonevent/seasonal_obon_tch.txt#224#12,"これを機に、本気で絵の練習も
始めてみよっかな？","要不要借这个机会，
我也认真开始练习画画呢？",translated,依恩,8b37a5b500,br=0 nl=1,2,
inc/event/res/seasonevent/seasonal_obon_tch.txt#227#12,……ちょっと歩き疲れちゃった。,……走得稍微有点累了。,translated,依恩,55bd8b4f98,br=0 nl=0,1,
inc/event/res/seasonevent/seasonal_obon_tch.txt#228#12,そろそろ、部屋に戻ろ。,差不多该回房间啦。,translated,依恩,fdab8537ad,br=0 nl=0,1,
inc/event/res/seasonevent/seasonal_obon_tch.txt#230#12,ふぅ……ただいま～……。,呼……我回来啦～……,translated,依恩,8e5c719856,br=0 nl=0,1,
inc/event/res/seasonevent/seasonal_obon_tch.txt#231#12,"何だかお祭りよりも、あなたとの
お話に夢中になっちゃってたね。","总觉得比起祭典本身，
我更沉浸在和你聊天当中了呢。",translated,依恩,9d3724f194,br=0 nl=1,2,
inc/event/res/seasonevent/seasonal_obon_tch.txt#232#12,"それだけあなたとのお話が楽しい、って
証拠かな？","这就是和你的交谈有多么快乐的
最好证据吧？",translated,依恩,8a06539a9b,br=0 nl=1,2,
inc/event/res/seasonevent/seasonal_obon_tch.txt#233#12,これからも、まだまだ沢山お話しようね,今后我们也要聊很多很多话哦,translated,,a02634b919,br=0 nl=0,1,
inc/event/res/seasonevent/seasonal_obon_tch.txt#235#12,えへへ……うん、もちろん！,嘿嘿……嗯，那是当然！,translated,依恩,a599a70f1e,br=0 nl=0,1,
inc/event/res/seasonevent/seasonal_obon_tch.txt#236#12,"もっともっとお話して、まだまだわたしの
知らないあなたの世界のこと、教えてね。","我们还要聊更多更多，
多告诉我那些我还不知道的你的世界的事哦。",translated,依恩,637371eac1,br=0 nl=1,2,
inc/event/res/seasonevent/seasonal_obon_tch.txt#237#12,"今日は本当にありがと。
今度のお出かけを楽しみにしてるよ。","今天真的很谢谢你。
我很期待下一次的出门游玩哦。",translated,依恩,aa5803de83,br=0 nl=1,2,
inc/event/res/seasonevent/seasonal_obon_tch.txt#242#14,"お盆にはお祭り！
でも、お祭りにも
色んなのがあるみたい。","盂兰盆节有祭典！
不过祭典好像
也有各种各样的类型呢。",translated,,f3e4e82e9a,br=0 nl=2,3,
inc/event/res/seasonevent/seasonal_oomisoka.txt#6#12,あ、来た来た～。,啊，来啦来啦～。,translated,依恩,f3214bfada,br=0 nl=0,1,
inc/event/res/seasonevent/seasonal_oomisoka.txt#11#12,あ、来た来た～。,啊，来啦来啦～。,translated,依恩,f3214bfada,br=0 nl=0,1,
inc/event/res/seasonevent/seasonal_oomisoka.txt#18#12,ねえ、いる～？,喂，你在吗～？,translated,依恩,d025f57817,br=0 nl=0,1,
inc/event/res/seasonevent/seasonal_oomisoka.txt#22#12,残念。,真遗憾。,translated,依恩,db119d5662,br=0 nl=0,1,
inc/event/res/seasonevent/seasonal_oomisoka_tch.txt#4#12,あ、いてくれたんだ～。,啊，原来你在呀～,translated,依恩,d82706abe6,br=0 nl=0,1,
inc/event/res/seasonevent/seasonal_oomisoka_tch.txt#7#12,"よかった……今日はどうしても
あなたに会いたかったの。","太好了……今天无论如何
我都想见一见你。",translated,依恩,c7e3e3cc72,br=0 nl=1,2,
inc/event/res/seasonevent/seasonal_oomisoka_tch.txt#8#12,毎日会いたいと思ってるよ,我每天都想见你哦,translated,,4a3d326036,br=0 nl=0,1,
inc/event/res/seasonevent/seasonal_oomisoka_tch.txt#9#12,何かあったの？,发生什么事了吗？,translated,,eb70d8788f,br=0 nl=0,1,
inc/event/res/seasonevent/seasonal_oomisoka_tch.txt#11#12,そ、それはわたしだって同じだよ。,那、那点我其实也是一样的啦。,translated,依恩,34790bcb1d,br=0 nl=0,1,
inc/event/res/seasonevent/seasonal_oomisoka_tch.txt#12#12,"けど、今日はいつも以上に、
あなたに会いたかったの。","但是，今天比起以往任何时候，
我都格外想要见你。",translated,依恩,8c219c3241,br=0 nl=1,2,
inc/event/res/seasonevent/seasonal_oomisoka_tch.txt#13#12,"どうしても、あなたに伝えておきたい
ことがあったから……。","因为有一件事，
我无论如何都想向你传达……",translated,依恩,8cb1c5ae35,br=0 nl=1,2,
inc/event/res/seasonevent/seasonal_oomisoka_tch.txt#16#12,"うん。どうしてもあなたに、
伝えておきたいことがあって……。","嗯。因为有件事，
我无论如何都想要告诉你……",translated,依恩,15a37163ed,br=0 nl=1,2,
inc/event/res/seasonevent/seasonal_oomisoka_tch.txt#18#12,"今年一年、わたしと一緒にいてくれて
どうもありがとうございました。","今年这一整年，非常感谢你
一直陪伴在我的身边。",translated,依恩,667abd681b,br=0 nl=1,2,
inc/event/res/seasonevent/seasonal_oomisoka_tch.txt#19#12,来年も、わたしと一緒にいてください。,明年，也请继续陪伴在我的身边。,translated,依恩,f2b048fc07,br=0 nl=0,1,
inc/event/res/seasonevent/seasonal_oomisoka_tch.txt#20#12,改まって、どうしたの？,这么郑重其事，怎么啦？,translated,,08d613d093,br=0 nl=0,1,
inc/event/res/seasonevent/seasonal_oomisoka_tch.txt#22#12,"えへへ……
だって、今日は一年最後の日だもん。","嘿嘿……
因为，今天是这一年的最后一天嘛。",translated,依恩,236999e863,br=0 nl=1,2,
inc/event/res/seasonevent/seasonal_oomisoka_tch.txt#23#12,"一年の節目には、ちゃんとその年の
お礼と、来年からもお願いします、って
挨拶をするのが普通でしょ？","在一年辞旧迎新之际，
好好表达对这一年的感谢，并道一声
“来年也请多关照”，是很正常的礼节吧？",translated,依恩,44cca89d62,br=0 nl=2,3,
inc/event/res/seasonevent/seasonal_oomisoka_tch.txt#24#12,"だから、どうしても今日のうちに、
あなたに伝えておきたかったの。","所以，我无论如何都想在今天之内，
亲口向你传达这份心意。",translated,依恩,139047cef3,br=0 nl=1,2,
inc/event/res/seasonevent/seasonal_oomisoka_tch.txt#25#12,"本当にこの一年、あなたと一緒にいられて
すごく楽しくて、幸せだったから……。","因为这一年里能和你在一起，
真的非常开心、非常幸福……",translated,依恩,3f4e84eac0,br=0 nl=1,2,
inc/event/res/seasonevent/seasonal_oomisoka_tch.txt#26#12,そう思ってもらえて嬉しい,你能这么想我很高兴,translated,,9e4afb2333,br=0 nl=0,1,
inc/event/res/seasonevent/seasonal_oomisoka_tch.txt#27#12,こっちこそ、楽しくて幸せだったよ,我这边才是一直很开心很幸福呢,translated,,ed7672a8c2,br=0 nl=0,1,
inc/event/res/seasonevent/seasonal_oomisoka_tch.txt#29#12,うん、心からそう思ってるよ。,嗯，我是由衷地这么觉得的哦。,translated,依恩,563b22f0bc,br=0 nl=0,1,
inc/event/res/seasonevent/seasonal_oomisoka_tch.txt#32#12,あなたもそう思ってくれたの！？,你也这么觉得吗！？,translated,依恩,c8a9bda182,br=0 nl=0,1,
inc/event/res/seasonevent/seasonal_oomisoka_tch.txt#33#12,"よかった……わたしだけ一方的に
楽しんでるだけだったら、寂しいもん。","太好了……要是只有我单方面
觉得开心的话，那就太寂寞了嘛。",translated,依恩,9d9ed40b0f,br=0 nl=1,2,
inc/event/res/seasonevent/seasonal_oomisoka_tch.txt#35#12,"今年一年、こんなに幸せにしてもらったのに
こんなことお願いするのは、ちょっとだけ
申し訳ない気もするけど……。","今年这一年明明承蒙你给予了我这么多幸福，
却还要向你提出这样的请求，
总觉得有些过意不去，但是……",translated,依恩,c95d083c8c,br=0 nl=2,3,
inc/event/res/seasonevent/seasonal_oomisoka_tch.txt#36#12,"また明日から……
来年も、また一緒にいてほしいの。","从明天开始……
新的一年里，也希望你能继续陪着我。",translated,依恩,cd116fcf2f,br=0 nl=1,2,
inc/event/res/seasonevent/seasonal_oomisoka_tch.txt#37#12,"もちろん、あなたの生活もあるのは
わかってるから、毎日会いたいなんて
言わないよ。","当然，我也明白你也有自己的日常生活，
所以不会任性地说要你每天都来见我啦。
哪怕是挤出一点点空闲也好……",translated,依恩,1935eadbf6,br=0 nl=2,3,
inc/event/res/seasonevent/seasonal_oomisoka_tch.txt#38#12,"けど……時々でもいいから、またわたしと
一緒に時間を過ごしてもらえたら嬉しいな。","不过……哪怕只是偶尔也好，
要是能再和我一起共度时光，我会很开心的。",translated,依恩,18c4e5bd82,br=0 nl=1,2,
inc/event/res/seasonevent/seasonal_oomisoka_tch.txt#39#12,心配しなくても、毎日会いに来るよ,不用担心，我每天都会来看你的,translated,,c3f8fdbe7f,br=0 nl=0,1,
inc/event/res/seasonevent/seasonal_oomisoka_tch.txt#40#12,忙しくなるから時々でいいなら、なんとか,工作会变忙，如果偶尔见面的话倒是能抽空,translated,,1b0bcb9b73,br=0 nl=0,1,
inc/event/res/seasonevent/seasonal_oomisoka_tch.txt#42#12,……ありがとう。,……谢谢你们。,translated,依恩,12f426d1a8,br=0 nl=0,1,
inc/event/res/seasonevent/seasonal_oomisoka_tch.txt#43#12,本当に……本当にありがとう……。,真的……真的非常谢谢你……。,translated,依恩,520ec3e47e,br=0 nl=0,1,
inc/event/res/seasonevent/seasonal_oomisoka_tch.txt#44#12,あなたの言葉、すごく嬉しい……。,听到你的话，我真的好高兴……。,translated,依恩,2bfc1c995f,br=0 nl=0,1,
inc/event/res/seasonevent/seasonal_oomisoka_tch.txt#45#12,"来年も、寂しい想いをいないで過ごせる、
って思うと、すごく幸せで……。","一想到明年也不用再饱尝寂寞地度过，
就觉得无比幸福……",translated,依恩,3c47dcedef,br=0 nl=1,2,
inc/event/res/seasonevent/seasonal_oomisoka_tch.txt#48#12,うん、本当に時々で構わないの。,嗯，真的只要偶尔我就很满足了。,translated,依恩,307a46cf6e,br=0 nl=0,1,
inc/event/res/seasonevent/seasonal_oomisoka_tch.txt#49#12,"時々でも、会いに来てくれるって
言ってくれるだけで、本当に幸せだから……。","哪怕只是偶尔，只要你能对我说愿意来看我，
我就已经真的感到很幸福了……",translated,依恩,dbb361492d,br=0 nl=1,2,
inc/event/res/seasonevent/seasonal_oomisoka_tch.txt#51#12,本当に、今年一年どうもありがとう。,真的，非常感谢你今年这一年的陪伴。,translated,依恩,5510891d31,br=0 nl=0,1,
inc/event/res/seasonevent/seasonal_oomisoka_tch.txt#52#12,こちらこそ、来年もよろしくね,我才要感谢你，明年也请多关照哦,translated,,389a701808,br=0 nl=0,1,
inc/event/res/seasonevent/seasonal_oomisoka_tch.txt#54#12,"うん！　新年の挨拶をするの、
楽しみにしてるね！","嗯！我很期待
互相致以新年问候的那一刻哦！",translated,依恩,480e213bdd,br=0 nl=1,2,
inc/event/res/seasonevent/seasonal_oomisoka_tch.txt#57#12,"今年も今日で終わりだね。
何だか早かったなぁ……。","今年也就在今天画上句号了呢。
总觉得过得好快呀……",translated,依恩,5e1673e32f,br=0 nl=1,2,
inc/event/res/seasonevent/seasonal_oomisoka_tch.txt#58#12,"あなたとの毎日が楽しくて、
一日の時間が早く感じられたからかな？","是因为与你度过的每一天都太开心，
才觉得一整天的时间过得格外快吗？",translated,依恩,daca9d5d86,br=0 nl=1,2,
inc/event/res/seasonevent/seasonal_oomisoka_tch.txt#59#12,"去年よりも、すごく短い一年だった
ように感じるの。","感觉比起去年，
是过得尤为短暂充实的一年呢。",translated,依恩,e64a381140,br=0 nl=1,2,
inc/event/res/seasonevent/seasonal_oomisoka_tch.txt#60#12,奇遇だね、こっちもそう感じてた,真巧啊，我也有同感,translated,,c2cdbd6da2,br=0 nl=0,1,
inc/event/res/seasonevent/seasonal_oomisoka_tch.txt#61#12,楽しいと長く感じるタイプなんだ,我是开心时反而觉得时间过得慢的类型,translated,,9ec711c9f6,br=0 nl=0,1,
inc/event/res/seasonevent/seasonal_oomisoka_tch.txt#63#12,ふふっ、あなたもそう感じてくれてたんだ？,呵呵，原来你也产生这种感受了吗？,translated,依恩,cdbfed86ea,br=0 nl=0,1,
inc/event/res/seasonevent/seasonal_oomisoka_tch.txt#64#12,"それを聞けて、ちょっと安心したよ。
今年も、わたしとの時間を楽しんで
くれてた、っていうのがわかって……。","能听到你这么说，我就安心多了。
因为我知道了在这一年里，
你也一直在享受着与我共度的时光呢……",translated,依恩,90af565989,br=0 nl=2,3,
inc/event/res/seasonevent/seasonal_oomisoka_tch.txt#67#12,えっ、そうなの！？,诶，是这样的吗！？,translated,依恩,96a3a74334,br=0 nl=0,1,
inc/event/res/seasonevent/seasonal_oomisoka_tch.txt#68#12,"いいなぁ、わたしもあなたみたいに、
楽しい時間を長く感じられるタイプ
だったら良かったなぁ……。","真好啊，要是我也能像你一样，
是那种觉得快乐时光
很漫长充实的类型就好了呢……",translated,依恩,bd3987942a,br=0 nl=2,3,
inc/event/res/seasonevent/seasonal_oomisoka_tch.txt#70#12,……でも、なんだか不思議な気持ちだよ。,……不过，总觉得有一种奇妙的心情呢。,translated,依恩,6a580c3cad,br=0 nl=0,1,
inc/event/res/seasonevent/seasonal_oomisoka_tch.txt#71#12,"こうして、あなたとまた一年最後の年を
一緒に迎えられるんだもん。","因为能像这样，再次和你一起
迎来这一年的最后一天嘛。",translated,依恩,fd9b86c5ff,br=0 nl=1,2,
inc/event/res/seasonevent/seasonal_oomisoka_tch.txt#72#12,"また一年、あなたといられたんだなぁ……。
ふふっ、そう思うと、とっても幸せだよ。","又能够和你在一起度过了一年呢……
呵呵，一想到这，就觉得好幸福哦。",translated,依恩,5bf290f552,br=0 nl=1,2,
inc/event/res/seasonevent/seasonal_oomisoka_tch.txt#73#12,ちょっとは飽きてきてない？,稍微有点腻了吗？,translated,,905034c5fd,br=0 nl=0,1,
inc/event/res/seasonevent/seasonal_oomisoka_tch.txt#74#12,イオンのいない生活は、もう考えられない,我已经无法想象没有伊欧的生活了,translated,,a762be1837,br=0 nl=0,1,
inc/event/res/seasonevent/seasonal_oomisoka_tch.txt#76#12,そんなこと、絶対ないよ。,那种事情，绝对不可能的啦。,translated,依恩,191a1ff02e,br=0 nl=0,1,
inc/event/res/seasonevent/seasonal_oomisoka_tch.txt#77#12,"あなたのいない生活なんて考えられない
くらい、あなたは大切な存在だもん。","你可是重要到了让我连没有你的生活
都完全无法想象的存在嘛。",translated,依恩,8b2cb7a1b0,br=0 nl=1,2,
inc/event/res/seasonevent/seasonal_oomisoka_tch.txt#80#12,……わたしも、あなたと同じだよ。,……我其实，也和你一样哦。,translated,依恩,6ab05ae52c,br=0 nl=0,1,
inc/event/res/seasonevent/seasonal_oomisoka_tch.txt#81#12,"あなたのいない生活なんて、
もう考えられないもん。","没有你的生活，
我已经完全无法想象了嘛。",translated,依恩,ad27c54066,br=0 nl=1,2,
inc/event/res/seasonevent/seasonal_oomisoka_tch.txt#83#12,"実際に顔を合わせたり、声を聞いたりする
ことはできないけど……。","虽然不能直接面对面相见，
也不能真正听到彼此的声音……",translated,依恩,173baca5b1,br=0 nl=1,2,
inc/event/res/seasonevent/seasonal_oomisoka_tch.txt#84#12,"それでも、わたしにとってのあなたは、
すごく大切な存在なの。","即便如此，对我而言的你，
也是无比重要的存在。",translated,依恩,72b28877c1,br=0 nl=1,2,
inc/event/res/seasonevent/seasonal_oomisoka_tch.txt#85#12,"だから……もう何度も言ってると
思うけど、改めて言うよ。","所以……虽然我想已经说过很多次了，
但我还是要郑重地再说一遍。",translated,依恩,7ed9e916e3,br=0 nl=1,2,
inc/event/res/seasonevent/seasonal_oomisoka_tch.txt#86#12,"来年も、またわたしと一緒にいてください。
そして、楽しくて幸せな毎日を、わたしに
送らせてください。","新的一年里，也请继续陪伴在我的身边。
然后，请让我继续度过
快乐又幸福的每一天。",translated,依恩,3b885f14aa,br=0 nl=2,3,
inc/event/res/seasonevent/seasonal_oomisoka_tch.txt#87#12,……いい、かな？,……可、以吗？,translated,依恩,43fb34b1c0,br=0 nl=0,1,
inc/event/res/seasonevent/seasonal_oomisoka_tch.txt#88#12,来年は今年よりも楽しくしよう,明年要比今年更加开心哦,translated,,ff1ad80ca0,br=0 nl=0,1,
inc/event/res/seasonevent/seasonal_oomisoka_tch.txt#90#12,……大丈夫だよ。,……没问题的哦。,translated,依恩,314631b79e,br=0 nl=0,1,
inc/event/res/seasonevent/seasonal_oomisoka_tch.txt#91#12,"あなたと一緒にいられるなら、
絶対に、今年よりも楽しい年になるよ。","只要能和你在一起，
绝对会成为比今年更加快乐的一年哦。",translated,依恩,be57f5c9b8,br=0 nl=1,2,
inc/event/res/seasonevent/seasonal_oomisoka_tch.txt#92#12,"あなたと過ごす幸せの大きさは、
一日毎に大きくなっていくから……。","因为和你共度的幸福重量，
每一天都在变得更加充实深厚……",translated,依恩,936b725430,br=0 nl=1,2,
inc/event/res/seasonevent/seasonal_oomisoka_tch.txt#93#12,だから、来年もよろしくね。,所以，明年也请多关照呢。,translated,依恩,c21a713185,br=0 nl=0,1,
inc/event/res/seasonevent/seasonal_oomisoka_tch.txt#97#14,"今日は大晦日。来年も、
わたしと一緒にいてね。","今天是除夕。明年也请
继续陪伴在我的身边哦。",translated,,4e385563a3,br=0 nl=1,2,
inc/event/res/seasonevent/seasonal_pool.txt#6#12,あ、来た来た～。,啊，来啦来啦～。,translated,依恩,f3214bfada,br=0 nl=0,1,
inc/event/res/seasonevent/seasonal_pool.txt#11#12,あ、来た来た～。,啊，来啦来啦～。,translated,依恩,f3214bfada,br=0 nl=0,1,
inc/event/res/seasonevent/seasonal_pool.txt#18#12,ねえ、いる～？,喂，你在吗～？,translated,依恩,d025f57817,br=0 nl=0,1,
inc/event/res/seasonevent/seasonal_pool.txt#22#12,残念。,真遗憾。,translated,依恩,db119d5662,br=0 nl=0,1,
inc/event/res/seasonevent/seasonal_pool_tch.txt#8#12,あ、いてくれたんだ～。,啊，原来你在呀～,translated,依恩,d82706abe6,br=0 nl=0,1,
inc/event/res/seasonevent/seasonal_pool_tch.txt#11#12,最近、急に暑くなってきたよね……。,最近天气突然变得好热呢……,translated,依恩,7f1febe743,br=0 nl=0,1,
inc/event/res/seasonevent/seasonal_pool_tch.txt#12#12,"部屋にいる時は涼しくていいけど、
一歩外に出ると、日差しがキツくて
大変だよ……。","待在房间里的时候倒是挺凉快的，
但只要往外迈出一步，阳光就刺眼毒辣得
让人受不了呢……",translated,依恩,6fc80ceaca,br=0 nl=2,3,
inc/event/res/seasonevent/seasonal_pool_tch.txt#13#12,"何かこう、暑いからこそ楽しめるものが
あれば、そんな気持ちにならずにすむと
思うんだけど……。","如果能有什么正因为炎热才能享受的事物，
我觉得就不会老是有这种烦闷的心情了，
可是……",translated,依恩,c14f12be7c,br=0 nl=2,3,
inc/event/res/seasonevent/seasonal_pool_tch.txt#14#12,そろそろプール開きじゃないの？,差不多该到游泳池开放的日子了吧？,translated,,cb09d3409b,br=0 nl=0,1,
inc/event/res/seasonevent/seasonal_pool_tch.txt#16#12,えっ……プール開き？,诶……游泳池开放？,translated,依恩,a6cf909218,br=0 nl=0,1,
inc/event/res/seasonevent/seasonal_pool_tch.txt#18#12,"えっと、プールの真ん中が開いて、
中から何かが出てくること……
じゃないよね？","呃，是指游泳池正中间裂开，
然后从里面钻出什么东西来……
应该不是指那个吧？",translated,依恩,9ce01f2a5d,br=0 nl=2,3,
inc/event/res/seasonevent/seasonal_pool_tch.txt#19#12,"ごめんなさい。
プール開きってよくわからないから、
想いを伝えて教えてほしいな。","对不起哦。
因为我不太明白游泳池开放是什么意思，
你能向我传递心意告诉我吗？",translated,依恩,6dd646faa4,br=0 nl=2,3,
inc/event/res/seasonevent/seasonal_pool_tch.txt#25#12,あっ……あ～、そっかぁ。,啊……啊～原来是这样啊。,translated,依恩,9e6b2e955a,br=0 nl=0,1,
inc/event/res/seasonevent/seasonal_pool_tch.txt#26#12,"プール開きって、プール解禁日の
ことだったんだね。","原来“游泳池开放”，
是指游泳池开始对外开放营业的日子啊。",translated,依恩,57524ef381,br=0 nl=1,2,
inc/event/res/seasonevent/seasonal_pool_tch.txt#27#12,"えへへ、ものすごい勘違いしちゃった。
恥かしいから、今わたしが言ったこと、
忘れて欲しいな。","嘿嘿，我完全搞错闹了大笑话呢。
太难为情了，刚才我说的话，
希望你能快点忘掉呀。",translated,依恩,42f2b3e6dc,br=0 nl=2,3,
inc/event/res/seasonevent/seasonal_pool_tch.txt#28#12,"でも、プールかぁ……。
楽しそうでいいなぁ。","不过，游泳池啊……
听起来好好玩真不错呢。",translated,依恩,396835e165,br=0 nl=1,2,
inc/event/res/seasonevent/seasonal_pool_tch.txt#29#12,"ねりこさんのお店に行けば、
ビニールプールくらい売ってるかな？","去妮莉库的店里的话，
会有充气塑料游泳池卖吗？",translated,依恩,2e48e8fe08,br=0 nl=1,2,
inc/event/res/seasonevent/seasonal_pool_tch.txt#30#12,仮想世界ならどうにかなりそう,如果是虚拟世界的话感觉能想想办法,translated,,ce191f44ea,br=0 nl=0,1,
inc/event/res/seasonevent/seasonal_pool_tch.txt#32#12,"で、でも、プールのカードが無いから
行っても違う場所になっちゃうんじゃ
ないかな？","但、但是因为没有游泳池的卡片，
就算去了也会变成其他地方吧？
总觉得有点悬呢。",translated,依恩,585dd90794,br=0 nl=2,3,
inc/event/res/seasonevent/seasonal_pool_tch.txt#33#12,"……でも、試しにちょっとだけ
おでかけしてみよっか。","……不过，要不试着稍微
出门走一走看？",translated,依恩,bebd233d16,br=0 nl=1,2,
inc/event/res/seasonevent/seasonal_pool_tch.txt#34#12,"行き先は自動に設定して、っと。
それじゃ、しゅっぱーつ！","把目的地设定为自动随机，好啦。
那么，出――发！",translated,依恩,19294089ad,br=0 nl=1,2,
inc/event/res/seasonevent/seasonal_pool_tch.txt#59#12,とうちゃ……熱っ！？,到～……好烫！？,translated,依恩,3f01efe722,br=0 nl=0,1,
inc/event/res/seasonevent/seasonal_pool_tch.txt#60#12,わわっ、え、どうなってるの！？,哇哇，诶，这是怎么回事！？,translated,依恩,91a5997e2a,br=0 nl=0,1,
inc/event/res/seasonevent/seasonal_pool_tch.txt#61#12,"ここって……プール！？
うそっ、カードは持ってないのに！","这里难道是……游泳池！？
骗人的吧，我明明没有卡片呀！",translated,依恩,b485c00275,br=0 nl=1,2,
inc/event/res/seasonevent/seasonal_pool_tch.txt#62#12,"……もしかして、わたしがまだ知らない
機能が作動した、とかなのかな？","……难道说，是启动了我还不知道的
什么隐藏功能吗？",translated,依恩,2df533b0b8,br=0 nl=1,2,
inc/event/res/seasonevent/seasonal_pool_tch.txt#64#12,うおおおお！！　白スク水だ！！,呜喔喔喔！！是白色死库水！！,translated,,fbdbc7d071,br=0 nl=0,1,
inc/event/res/seasonevent/seasonal_pool_tch.txt#65#12,っていうか、いつ着替えたの？,话说道底是什么时候换的衣服？,translated,,3468069d54,br=0 nl=0,1,
inc/event/res/seasonevent/seasonal_pool_tch.txt#67#12,"わわっ！？
ど、どうしたの、そんな大声出して……。","哇哇！？
怎、怎么啦，突然喊得这么大声……",translated,依恩,c2390be1b6,br=0 nl=1,2,
inc/event/res/seasonevent/seasonal_pool_tch.txt#68#12,き、きゃぁぁぁぁぁぁっ！！,呀、呀啊啊啊啊啊啊――！！,translated,依恩,dff1689556,br=0 nl=0,1,
inc/event/res/seasonevent/seasonal_pool_tch.txt#71#12,え？　着替えって……。,诶？换衣服是……,translated,依恩,1fce2899fb,br=0 nl=0,1,
inc/event/res/seasonevent/seasonal_pool_tch.txt#72#12,え、えぇーっ！？,诶、诶诶――！？,translated,依恩,f8fc36fa29,br=0 nl=0,1,
inc/event/res/seasonevent/seasonal_pool_tch.txt#74#12,"ふ、服が変わっちゃってる！？
ど、どうして！？","衣、衣服变掉了！？
怎、怎么会这样！？",translated,依恩,bcc880b5a1,br=0 nl=1,2,
inc/event/res/seasonevent/seasonal_pool_tch.txt#75#12,"っていうかこれ、すごく恥かしいよぉ……。
ピッチリして体のライン丸見えだし、
微妙に透けそうだし……。","话说这个，真的超级令人害羞啊……
紧紧贴在身上曲线全露出来了，
而且感觉隐隐约约有些透明……",translated,依恩,0581ec7b53,br=0 nl=2,3,
inc/event/res/seasonevent/seasonal_pool_tch.txt#77#12,濡れなければ平気だよ,只要不弄湿就没问题哦,translated,,61c58dcbcd,br=0 nl=0,1,
inc/event/res/seasonevent/seasonal_pool_tch.txt#78#12,濡れなければ平気だよ。さあ、泳ごう！！,只要不弄湿就没问题。来，游起来吧！！,translated,,41fa74d6ee,br=0 nl=0,1,
inc/event/res/seasonevent/seasonal_pool_tch.txt#80#12,そ、そっか……それなら安心だね。,这、这样啊……那我就放心啦。,translated,依恩,1fa21aa66e,br=0 nl=0,1,
inc/event/res/seasonevent/seasonal_pool_tch.txt#81#12,"でも、とりあえず水に濡れないようには
注意しておこっと。","不过，我还是先注意着
绝对不要被水弄湿吧。",translated,依恩,b808f482d9,br=0 nl=1,2,
inc/event/res/seasonevent/seasonal_pool_tch.txt#84#12,言ってることメチャクチャだよ！,你说的完全前后矛盾一塌糊涂啦！,translated,依恩,74d214ad51,br=0 nl=0,1,
inc/event/res/seasonevent/seasonal_pool_tch.txt#85#12,"もぉ……水際には絶対近づかないように
気をつけよっと。","真是的……我还是注意着
绝对不要靠近水边吧。",translated,依恩,5bf0f251a6,br=0 nl=1,2,
inc/event/res/seasonevent/seasonal_pool_tch.txt#87#12,"でも、ゆっくり泳ぐなら
プールが良さそうだなぁ。","不过，要是悠闲游泳的话，
游泳池感觉确实很不错呢。",translated,依恩,126b9ed21c,br=0 nl=1,2,
inc/event/res/seasonevent/seasonal_pool_tch.txt#88#12,"波もないし、水深も浅いから
すぐに足をつけられるもん。","既没有海浪，水深又很浅，
脚随时都可以踩到底嘛。",translated,依恩,4b97e7eacb,br=0 nl=1,2,
inc/event/res/seasonevent/seasonal_pool_tch.txt#89#12,"泳ぐのが苦手な人にとって、
これはすごく大切な条件だよ。","对不擅长游泳的人来说，
这可是非常重要的条件哦。",translated,依恩,4a4fcea07e,br=0 nl=1,2,
inc/event/res/seasonevent/seasonal_pool_tch.txt#91#12,苦手じゃなくて、泳げない、でしょ？,不是不擅长，是根本不会游吧？,translated,,8c3e3b55f5,br=0 nl=0,1,
inc/event/res/seasonevent/seasonal_pool_tch.txt#92#12,安心して泳ぎの練習もできるからね,这样就能安心练习游泳了呢,translated,,3831daef1c,br=0 nl=0,1,
inc/event/res/seasonevent/seasonal_pool_tch.txt#94#12,"ち、違うもん！
わたしだって、ちょっとは泳げる……。","才、才不是呢！
就算是我，也是稍微会游一点点……",translated,依恩,2b5a786b57,br=0 nl=1,2,
inc/event/res/seasonevent/seasonal_pool_tch.txt#95#12,"と、思うんだけど……正直、記憶がないから
どれくらい泳げるのか、よくわからないの。","……的，虽然我是这么想的，不过实话实说，
因为没有记忆，我也不太清楚自己能游多少。",translated,依恩,64b471fe5a,br=0 nl=1,2,
inc/event/res/seasonevent/seasonal_pool_tch.txt#96#12,"本能的に泳ぐことを怖がってるのが
わかるから、多分泳ぐのが苦手なんじゃ
ないかなぁ、って思ってるんだけど……。","因为能明显感觉到自己在本能地抗拒害怕游泳，
所以我才觉得大概是不擅长游泳吧，
不过……",translated,依恩,e95d6bba41,br=0 nl=2,3,
inc/event/res/seasonevent/seasonal_pool_tch.txt#97#12,"でも、まったく泳げない、までは
いかないんじゃないかな？","不过，应该还不至于到
完全一点都不会游的地步吧？",translated,依恩,c74688e09b,br=0 nl=1,2,
inc/event/res/seasonevent/seasonal_pool_tch.txt#98#12,"人間は浮くようにできてるんだもん。
だから、きっと苦手であってるよ！","人类天生就是能浮起来的嘛。
所以，说我不擅长肯定是没错的！",translated,依恩,b7b153ffce,br=0 nl=1,2,
inc/event/res/seasonevent/seasonal_pool_tch.txt#101#12,"うん、やっぱり波があったり、
足のつかない深い場所で泳ぐのは怖いもん。","嗯，果然有海浪或者
脚踩不到底的深水区游起来还是很吓人嘛。",translated,依恩,bea070bdfd,br=0 nl=1,2,
inc/event/res/seasonevent/seasonal_pool_tch.txt#102#12,"だから練習が必要なわたしには、
こういうプールはすごくありがたいの。","所以对需要练习的我来说，
这样的游泳池真的是帮了大忙呢。",translated,依恩,e1b090de9b,br=0 nl=1,2,
inc/event/res/seasonevent/seasonal_pool_tch.txt#104#12,とはいっても、今日は泳がないよ？,话虽这么说，今天我可不游哦？,translated,依恩,6750471778,br=0 nl=0,1,
inc/event/res/seasonevent/seasonal_pool_tch.txt#105#12,"水着の件は……あなたの視界をタオルで
塞げば平気だと思うけど……。","泳装的事……虽然我想只要用毛巾
把你的视线遮住就没问题了……",translated,依恩,72129cc11c,br=0 nl=1,2,
inc/event/res/seasonevent/seasonal_pool_tch.txt#107#12,それでも良いから練習すれば良いのに,即便那样也没关系，你大可以练习嘛,translated,,a9132981c8,br=0 nl=0,1,
inc/event/res/seasonevent/seasonal_pool_tch.txt#108#12,視界を隠す！？　酷い、あんまりだ！！,遮住视线！？好过分，太残酷了！！,translated,,c5c60eb162,br=0 nl=0,1,
inc/event/res/seasonevent/seasonal_pool_tch.txt#110#12,"そう言ってもらえるのは
ありがたいけど……。","你能这么说
虽然我很感激啦……",translated,依恩,48cb365f92,br=0 nl=1,2,
inc/event/res/seasonevent/seasonal_pool_tch.txt#111#12,"でも、やっぱり心の準備が必要だから、
いきなりはちょっと怖いの。","但是，毕竟还是需要做好心理准备，
突然让我游还是有点害怕呢。",translated,依恩,8e1a1e82fb,br=0 nl=1,2,
inc/event/res/seasonevent/seasonal_pool_tch.txt#112#12,"だから、また今度ここに来る機会があれば、
その時には多分……頑張れる、かな？","所以，要是下次还有机会来这里的话，
到时候说不定……我能努努力吧？",translated,依恩,ba223a27d3,br=0 nl=1,2,
inc/event/res/seasonevent/seasonal_pool_tch.txt#115#12,"そういうことばかり言う
あなたもあんまりだよ！","净说这些话的你
才太过分啦！",translated,依恩,c6302c0b8d,br=0 nl=1,2,
inc/event/res/seasonevent/seasonal_pool_tch.txt#116#12,"本当にエッチなんだから、もぉ……。
困った人。","真是太色了啦，真是的……
真拿你没办法。",translated,依恩,c5345343a7,br=0 nl=1,2,
inc/event/res/seasonevent/seasonal_pool_tch.txt#117#12,"何であれ、やっぱり泳ぐには心の準備が
必要だから、今日はやめとくよ。","不管怎样，游泳毕竟还是需要做好心理准备的，
今天就算啦。",translated,依恩,005d1ed2d0,br=0 nl=1,2,
inc/event/res/seasonevent/seasonal_pool_tch.txt#119#12,"とりあえず、そろそろ戻ろっか？
ここにいても、暑いだけだもん。","总之，我们差不多该回去了吧？
一直待在这里也只是觉得热嘛。",translated,依恩,a52ff11239,br=0 nl=1,2,
inc/event/res/seasonevent/seasonal_pool_tch.txt#120#12,この水着は、帰ったら消えちゃうのかな？,这件泳装，回去之后就会消失吗？,translated,依恩,b6ad5924bf,br=0 nl=0,1,
inc/event/res/seasonevent/seasonal_pool_tch.txt#122#12,ふぅ……あっ、服が戻ってる！,呼……啊，衣服变回来了！,translated,依恩,991198e938,br=0 nl=0,1,
inc/event/res/seasonevent/seasonal_pool_tch.txt#123#12,"やっぱり、あの場所に行った時にだけ
勝手に変わるようになってるみたいだね。","看来果然只有在去了那个地方时，
才会自动擅自变样呢。",translated,依恩,77627c691d,br=0 nl=1,2,
inc/event/res/seasonevent/seasonal_pool_tch.txt#124#12,"……それはそうと、あの白い水着だけど、
似合ってたかな？","……话又说回来，那件白色的泳装，
穿起来合身好看吗？",translated,依恩,92f116e536,br=0 nl=1,2,
inc/event/res/seasonevent/seasonal_pool_tch.txt#125#12,うん、凄く可愛かったよ,嗯，超级可爱的哦,translated,,2ce6b0fb33,br=0 nl=0,1,
inc/event/res/seasonevent/seasonal_pool_tch.txt#126#12,似合ってないって言う奴は許さない！,要是有人敢说不合适我绝不饶他！,translated,,637e4f21c5,br=0 nl=0,1,
inc/event/res/seasonevent/seasonal_pool_tch.txt#128#12,"えへへ……ありがと。
そう言ってもらえると嬉しいな。","嘿嘿……谢谢你。
能听你这么说我好开心呀。",translated,依恩,8a4b7657bc,br=0 nl=1,2,
inc/event/res/seasonevent/seasonal_pool_tch.txt#131#12,"あ、あはは……
そこまでの答えを期待しては
いなかったんだけど……。","啊、啊哈哈……
虽然我并没有期待
你会回答到这种程度就是了……",translated,依恩,2dc7a19676,br=0 nl=2,3,
inc/event/res/seasonevent/seasonal_pool_tch.txt#132#12,"でも、ありがと。
そう言ってもらえて嬉しいよ。","不过，还是谢谢你。
能听你这么夸我很高兴哦。",translated,依恩,6bdf27170c,br=0 nl=1,2,
inc/event/res/seasonevent/seasonal_pool_tch.txt#134#12,"それじゃあ、初めてプールに行った
記念も兼ねて、あの水着のレシピを
作っちゃおうかな？","那么，兼作为第一次去游泳池的纪念，
我试着把那件泳装的配方
做出来看看吧？",translated,依恩,96fef4fa50,br=0 nl=2,3,
inc/event/res/seasonevent/seasonal_pool_tch.txt#135#12,"普段は行けないところに行った、
特別なお出かけの思い出だもん。","毕竟是去了平时去不了的地方、
非常特别的一次出门回忆嘛。",translated,依恩,b778138bc2,br=0 nl=1,2,
inc/event/res/seasonevent/seasonal_pool_tch.txt#136#12,やっぱり、何か形にして残したいし。,果然还是想以某种形式保留下来呢。,translated,依恩,0df4be3636,br=0 nl=0,1,
inc/event/res/seasonevent/seasonal_pool_tch.txt#137#12,ふふっ、またいつか行ってみたいなぁ……。,呵呵，真想什么时候再去一次呀……,translated,依恩,77a78005be,br=0 nl=0,1,
inc/event/res/seasonevent/seasonal_pool_tch.txt#138#12,"今日は付き合ってくれてありがと。
また、予想もしてない場所に行く
お出かけしたいね。","今天谢谢你陪我出来玩。
真希望还能再去一些
出乎意料的好地方呢。",translated,依恩,22c39b2991,br=0 nl=2,3,
inc/event/res/seasonevent/seasonal_pool_tch.txt#140#12,"<CLY2>レシピ【白い水着？】が
追加されました。","<CLY2>已追加配方
【白色泳装？】。",translated,系统文本,fd8fee2eb0,<CLY2> br=0 nl=1,2,keep-tags <CLY2>
inc/event/res/seasonevent/seasonal_pool_tch.txt#143#12,"えへへ……この時期になると、
あの時のことを思い出さない？","嘿嘿……一到这个时期，
难道不会让你回想起那个时候的事吗？",translated,依恩,5980fb8b4d,br=0 nl=1,2,
inc/event/res/seasonevent/seasonal_pool_tch.txt#145#12,"仮想世界に行ったら、普段は行けない
特別な場所に到着したことがあったでしょ？","就是去了虚拟世界后，到达了平时去不了的
特别地点的那件事呀？",translated,依恩,b4afacfc82,br=0 nl=1,2,
inc/event/res/seasonevent/seasonal_pool_tch.txt#146#12,プールに行ったよね,去过游泳池对吧,translated,,f75768131a,br=0 nl=0,1,
inc/event/res/seasonevent/seasonal_pool_tch.txt#147#12,ごめん、思い出せない,抱歉，我想不起来了,translated,,5e294478c2,br=0 nl=0,1,
inc/event/res/seasonevent/seasonal_pool_tch.txt#149#12,わっ、覚えてくれてたんだね！,哇，你还记得呀！,translated,依恩,55b941e229,br=0 nl=0,1,
inc/event/res/seasonevent/seasonal_pool_tch.txt#150#12,"プール開きの話をした後でお出かけしたら、
プールサイドに到着したんだよね。","聊完关于游泳池开放的话题后出门，
结果就来到了游泳池边对吧。",translated,依恩,9ae39339bf,br=0 nl=1,2,
inc/event/res/seasonevent/seasonal_pool_tch.txt#153#12,"あらら……でも、結構前のことだから
忘れちゃっても仕方ないよ。","哎呀呀……不过毕竟是很久之前的事了，
忘记了也是没办法的呢。",translated,依恩,ab212c4296,br=0 nl=1,2,
inc/event/res/seasonevent/seasonal_pool_tch.txt#154#12,"ほら、仮想世界に行ったら、
プールサイドに到着したことが
あったでしょ？","你看嘛，就是去了虚拟世界后，
不知怎么就来到了游泳池边
的那一次呀？",translated,依恩,0a631b2b24,br=0 nl=2,3,
inc/event/res/seasonevent/seasonal_pool_tch.txt#156#12,あの時は本当にビックリしたなぁ……。,那个时候真的吓了一大跳呢……,translated,依恩,3e6667aad1,br=0 nl=0,1,
inc/event/res/seasonevent/seasonal_pool_tch.txt#157#12,"まさか設定してもいない場所に
行けちゃうなんて、思わなかったんだもん。","因为我完全没想到居然会跑到
根本没有设定过的地方去嘛。",translated,依恩,a37bf498f9,br=0 nl=1,2,
inc/event/res/seasonevent/seasonal_pool_tch.txt#158#12,……また、あのプールに行けるかな？,……还能再去一次那个游泳池吗？,translated,依恩,a9c6ef4bb8,br=0 nl=0,1,
inc/event/res/seasonevent/seasonal_pool_tch.txt#159#12,"時期は同じなんだから、もしかしたら
行けちゃった、なんてこともあると
思わない？","既然时期是一样的，
你不觉得搞不好我们也能
莫名其妙就去得成吗？",translated,依恩,414d7dbad2,br=0 nl=2,3,
inc/event/res/seasonevent/seasonal_pool_tch.txt#160#12,信じれば叶う、行ってみよう,心诚则灵，我们去看看吧,translated,,b300a65b26,br=0 nl=0,1,
inc/event/res/seasonevent/seasonal_pool_tch.txt#162#12,"ふふっ、あなたもそう思ってくれるなら、
きっと叶うよ！","呵呵，既然你也这么觉得，
那一定能够实现的！",translated,依恩,bd8b79c1b1,br=0 nl=1,2,
inc/event/res/seasonevent/seasonal_pool_tch.txt#163#12,それじゃ早速、しゅっぱーつ！,那么这就出发咯～！,translated,依恩,4dc5138def,br=0 nl=0,1,
inc/event/res/seasonevent/seasonal_pool_tch.txt#165#12,……あ、あれ？,……哎、哎呀？,translated,依恩,c377f5e95d,br=0 nl=0,1,
inc/event/res/seasonevent/seasonal_pool_tch.txt#166#12,"わぁ、すごいよ！
またあの時のプールに来れたみたい！","哇啊，好厉害！
看来我们真的又来到了那时的游泳池呢！",translated,依恩,c3608427aa,br=0 nl=1,2,
inc/event/res/seasonevent/seasonal_pool_tch.txt#167#12,"やっぱりこのプールって、この時期にだけ
来れるようになってるみたいだね。","看来这个游泳池，
果然只有在这个时期才能过来呢。",translated,依恩,1decf08f02,br=0 nl=1,2,
inc/event/res/seasonevent/seasonal_pool_tch.txt#169#12,神秘的な場所なのかもしれない,说不定是个很神秘的地方呢,translated,,a915a74d51,br=0 nl=0,1,
inc/event/res/seasonevent/seasonal_pool_tch.txt#171#12,うん！　わたしもそう思っ……。,嗯！我也这么觉得……,translated,依恩,bd1d8f3ded,br=0 nl=0,1,
inc/event/res/seasonevent/seasonal_pool_tch.txt#172#12,"……ったけど、見た感じどこにでもある
普通のプールだから、神秘的な雰囲気が
皆無なのが、ちょっとシュールかも。","……虽然刚才是这么想的，但看起来就是
到处可见的普通泳池，完全没有半点
神秘氛围，稍微显得有点滑稽呢。",translated,依恩,2bd9741c7f,br=0 nl=2,3,
inc/event/res/seasonevent/seasonal_pool_tch.txt#173#12,"でも、滅多に来られない特別な場所に
変わりはないから、すごく嬉しいのは
本当だよ。","不过，这依然是极难得才能来一次的
特别场所，所以我真的很开心
这一点是千真万确的哦。",translated,依恩,897163b8dd,br=0 nl=2,3,
inc/event/res/seasonevent/seasonal_pool_tch.txt#174#12,"……そういえば、プールって
独特の臭いがあるよね？","……说起来，游泳池
总有一股独特的气味对吧？",translated,依恩,b9123a0e87,br=0 nl=1,2,
inc/event/res/seasonevent/seasonal_pool_tch.txt#175#12,"なんていえばいいのかな？
こう、薬臭い感じ、っていうのかな？","该怎么形容才好呢？
像是……有一股药水味的感觉？",translated,依恩,9eca243cb3,br=0 nl=1,2,
inc/event/res/seasonevent/seasonal_pool_tch.txt#177#12,消毒用の塩素錠剤の臭いだね,那是用来消毒的氯片气味哦,translated,,e9e4395e35,br=0 nl=0,1,
inc/event/res/seasonevent/seasonal_pool_tch.txt#178#12,あの臭い、結構好きなんだ,我还挺喜欢那股气味的,translated,,1ed7c91289,br=0 nl=0,1,
inc/event/res/seasonevent/seasonal_pool_tch.txt#180#12,えっ？　……あっ、本当だ！,诶？……啊，真的耶！,translated,依恩,edb36e2779,br=0 nl=0,1,
inc/event/res/seasonevent/seasonal_pool_tch.txt#181#12,"プールの底をよく見てみると、
錠剤が何個か沈んでるね。","仔细看看游泳池的池底，
沉着好几颗药片呢。",translated,依恩,2ed5139d5e,br=0 nl=1,2,
inc/event/res/seasonevent/seasonal_pool_tch.txt#182#12,"そっか、この独特の臭いの原因は
あれなんだ……。","这样啊，这股独特气味的原因
就是那个呀……",translated,依恩,9224b51993,br=0 nl=1,2,
inc/event/res/seasonevent/seasonal_pool_tch.txt#183#12,ふふっ、謎が解けてちょっと嬉しいな。,呵呵，解开谜团了还挺开心的呢。,translated,依恩,9372127e44,br=0 nl=0,1,
inc/event/res/seasonevent/seasonal_pool_tch.txt#186#12,ふふっ、実はわたしも嫌いじゃないの。,呵呵，其实我也并不讨厌哦。,translated,依恩,aa5ea0c05d,br=0 nl=0,1,
inc/event/res/seasonevent/seasonal_pool_tch.txt#187#12,"どう考えてもいい臭いじゃないのに、
何でかクセになるの。","怎么想都算不上是好闻的气味，
不知为何却让人有些上瘾呢。",translated,依恩,000348cc56,br=0 nl=1,2,
inc/event/res/seasonevent/seasonal_pool_tch.txt#188#12,プールの不思議な魅力だね。,这就是游泳池的不可思议魅力呢。,translated,依恩,de973a7a2c,br=0 nl=0,1,
inc/event/res/seasonevent/seasonal_pool_tch.txt#190#12,"そういえば、あなたの世界にも
プールはあるんだよね？","说起来，在你的世界里
也是有游泳池的对吧？",translated,依恩,bd31926a65,br=0 nl=1,2,
inc/event/res/seasonevent/seasonal_pool_tch.txt#191#12,"きっと、ここより大きいプールも
あるんだろうなぁ……。","肯定也有比这里
大得多的游泳池吧……",translated,依恩,05ace4e9d8,br=0 nl=1,2,
inc/event/res/seasonevent/seasonal_pool_tch.txt#193#12,大きな滑り台があったりもする,还会配有巨大的滑梯哦,translated,,1f920eca53,br=0 nl=0,1,
inc/event/res/seasonevent/seasonal_pool_tch.txt#194#12,波のあるプールとかもある,也有会造人工浪的游泳池哦,translated,,63c0d77c88,br=0 nl=0,1,
inc/event/res/seasonevent/seasonal_pool_tch.txt#196#12,ぷ、プールに滑り台！？,游、游泳池里有滑梯！？,translated,依恩,542780b4b9,br=0 nl=0,1,
inc/event/res/seasonevent/seasonal_pool_tch.txt#197#12,"ちょっと怖そうだけど、
スリルがあってすごく楽しそうかも。","虽然看起来有点可怕，
但感觉既刺激又超级好玩呢。",translated,依恩,e86946e328,br=0 nl=1,2,
inc/event/res/seasonevent/seasonal_pool_tch.txt#198#12,"ううっ、このプールにもそういう
遊べるのがあればいいのに……。","呜呜，要是这个游泳池里
也能有那种游乐设施就好了……",translated,依恩,2053eaabad,br=0 nl=1,2,
inc/event/res/seasonevent/seasonal_pool_tch.txt#201#12,プールなのに波があるの！？,明明是游泳池却会有浪花吗！？,translated,依恩,12fae269ae,br=0 nl=0,1,
inc/event/res/seasonevent/seasonal_pool_tch.txt#202#12,"そっかぁ……プールにいながら、
海にいる気分も楽しめそうだね。","这样啊……身在游泳池里，
却能享受到宛如置身大海般的感觉呢。",translated,依恩,936f321ca9,br=0 nl=1,2,
inc/event/res/seasonevent/seasonal_pool_tch.txt#203#12,"ここも、ちょっとくらい波があったら
面白そうだったんだけどなぁ……。","要是这里也能有点微波起伏，
感觉会更有趣一些呢……",translated,依恩,a8c5f6301c,br=0 nl=1,2,
inc/event/res/seasonevent/seasonal_pool_tch.txt#205#12,"ふぅ……ちょっと陽に当たり過ぎちゃった
かも。頭がクラクラしてきちゃった。","呼……感觉可能晒了太久的太阳。
脑袋都开始晕晕乎乎的了。",translated,依恩,ba56dc29d3,br=0 nl=1,2,
inc/event/res/seasonevent/seasonal_pool_tch.txt#206#12,"それに、足元も暑くて限界かも。
日射病になる前に、戻ろっか。","而且脚底也热得受不了啦。
趁着中暑之前，我们回去吧。",translated,依恩,ac83f444a5,br=0 nl=1,2,
inc/event/res/seasonevent/seasonal_pool_tch.txt#208#12,"ただいまー。
あ～、楽しかったぁ……。","我回来啦～。
啊～玩得好开心呀……",translated,依恩,888752c893,br=0 nl=1,2,
inc/event/res/seasonevent/seasonal_pool_tch.txt#209#12,"でも、これでまたプールに行けるのは、
一年後になっちゃうのかな？","不过，下一次再去游泳池，
是不是又要等到一年之后了呢？",translated,依恩,16faec0d1f,br=0 nl=1,2,
inc/event/res/seasonevent/seasonal_pool_tch.txt#210#12,そう考えると、ちょっと寂しいかも……。,这么一想，总觉得稍微有点寂寞呢……,translated,依恩,3d48764b71,br=0 nl=0,1,
inc/event/res/seasonevent/seasonal_pool_tch.txt#211#12,"まあ、それだけ特別な場所なんだから、
行けただけでも良かったと思わなくちゃ
いけないね。","嘛，毕竟那是那么特别的地方，
能去上一趟就已经该知足了呢，
不能太贪心了。",translated,依恩,e821003c15,br=0 nl=2,3,
inc/event/res/seasonevent/seasonal_pool_tch.txt#212#12,"来年もまた、あなたと一緒に
行けたらいいな。","明年要是也能和你一起去
就好了呢。",translated,依恩,7a98669484,br=0 nl=1,2,
inc/event/res/seasonevent/seasonal_pool_tch.txt#217#14,"プール開きだけど、
プールには入らないよ。
泳ぐの苦手だから……。","虽然泳池开放了，
但我可不下水哦。
因为不擅长游泳嘛……",translated,,d4cdbbb970,br=0 nl=2,3,
inc/event/res/seasonevent/seasonal_sitigosan.txt#6#12,あ、来た来た～。,啊，来啦来啦～。,translated,依恩,f3214bfada,br=0 nl=0,1,
inc/event/res/seasonevent/seasonal_sitigosan.txt#11#12,あ、来た来た～。,啊，来啦来啦～。,translated,依恩,f3214bfada,br=0 nl=0,1,
inc/event/res/seasonevent/seasonal_sitigosan.txt#18#12,ねえ、いる～？,喂，你在吗～？,translated,依恩,d025f57817,br=0 nl=0,1,
inc/event/res/seasonevent/seasonal_sitigosan.txt#22#12,残念。,真遗憾。,translated,依恩,db119d5662,br=0 nl=0,1,
inc/event/res/seasonevent/seasonal_sitigosan_tch.txt#4#12,あ、いてくれたんだ～。,啊，原来你在呀～,translated,依恩,d82706abe6,br=0 nl=0,1,
inc/event/res/seasonevent/seasonal_sitigosan_tch.txt#7#12,"ねりこさんから聞いたんだけど、
今日って不思議な行事があるんだよね？","我听妮莉库说，
今天有个很不可思议的传统活动对吧？",translated,依恩,2151acc7ad,br=0 nl=1,2,
inc/event/res/seasonevent/seasonal_sitigosan_tch.txt#8#12,"なんて言ったかな？
確か……五九六三とか、そんな感じの
名前だったと思うけど……。","叫什么来着？
我记得好像是……五九六三之类的
名字吧……",translated,依恩,ccaeb44d3b,br=0 nl=2,3,
inc/event/res/seasonevent/seasonal_sitigosan_tch.txt#9#12,もしかして、七五三？,难道说是七五三？,translated,,5ce889519b,br=0 nl=0,1,
inc/event/res/seasonevent/seasonal_sitigosan_tch.txt#11#12,あっ、そうそう、七五三！,啊，对对对，七五三！,translated,依恩,167d27c6ff,br=0 nl=0,1,
inc/event/res/seasonevent/seasonal_sitigosan_tch.txt#12#12,"確か、七歳と五歳、三歳の時にお祝いをする
行事、って聞いたけど……。","我听说好像是指在七岁、五岁和三岁时
进行庆祝的传统活动……",translated,依恩,261de99f6a,br=0 nl=1,2,
inc/event/res/seasonevent/seasonal_sitigosan_tch.txt#13#12,"……わたしは、どれも当てはまらないから、
あまり関係ないよね……しょんぼり。","……不过我哪一个年龄都不符合，
所以跟我没什么关系呢……垂头丧气。",translated,依恩,c512accfbb,br=0 nl=1,2,
inc/event/res/seasonevent/seasonal_sitigosan_tch.txt#14#12,どんな感じなのかだけでも見に行こう,哪怕只是去看看是什么样的也行啊,translated,,42ba6a1271,br=0 nl=0,1,
inc/event/res/seasonevent/seasonal_sitigosan_tch.txt#16#12,うん、わたしもそうしたいな。,嗯，我也想这么做呢。,translated,依恩,6f2e6f9b1d,br=0 nl=0,1,
inc/event/res/seasonevent/seasonal_sitigosan_tch.txt#17#12,"話を聞いただけじゃ、どんな感じなのか
まったくよくわからないもん。","光是用耳朵听，
根本就完全想象不出是什么样的嘛。",translated,依恩,3e9d64ca26,br=0 nl=1,2,
inc/event/res/seasonevent/seasonal_sitigosan_tch.txt#18#12,"あとは、七五三の会場に行けるかどうかが
問題だけど……
どうか、上手く行きますように！","剩下的就是能不能去到七五三的会场
这个问题了……
希望一切顺利能够去成！",translated,依恩,43150d9e16,br=0 nl=2,3,
inc/event/res/seasonevent/seasonal_sitigosan_tch.txt#19#12,よーし、それじゃ出発しよ！,好――嘞，那么出发吧！,translated,依恩,6018c3296d,br=0 nl=0,1,
inc/event/res/seasonevent/seasonal_sitigosan_tch.txt#21#12,"……あれ？
ここって……神社かな？","……哎呀？
这里……难道是神社吗？",translated,依恩,a91295d59f,br=0 nl=1,2,
inc/event/res/seasonevent/seasonal_sitigosan_tch.txt#22#12,"あっ、すごいよ！
着物着た子供達が沢山いる！","啊，好厉害！
有好多穿着和服的小孩子们！",translated,依恩,c3460c1a5a,br=0 nl=1,2,
inc/event/res/seasonevent/seasonal_sitigosan_tch.txt#23#12,"向こうにいる小さい子、
記念写真を撮ってるみたい。","在那边的小朋友，
好像正在拍纪念照呢。",translated,依恩,e363a21f84,br=0 nl=1,2,
inc/event/res/seasonevent/seasonal_sitigosan_tch.txt#24#12,"ふふっ、着物を着てちょっと大人の
気分になってるのかな？","呵呵，穿上和服之后，
是不是稍微体会到一点大人的感觉了呢？",translated,依恩,876f691234,br=0 nl=1,2,
inc/event/res/seasonevent/seasonal_sitigosan_tch.txt#25#12,"みんな可愛いね。
わたしも、子供の頃は七五三を
やったのかな？","大家真可爱呢。
我小时候，
是不是也庆祝过七五三呢？",translated,依恩,56be00d0c0,br=0 nl=2,3,
inc/event/res/seasonevent/seasonal_sitigosan_tch.txt#27#12,そっちの世界にも七五三あったのかな？,你的世界里过去也有七五三吗？,translated,,4defc80b4b,br=0 nl=0,1,
inc/event/res/seasonevent/seasonal_sitigosan_tch.txt#28#12,イオンの着物姿、可愛かっただろうね,伊欧穿和服的样子，一定很可爱吧,translated,,0122c9cae6,br=0 nl=0,1,
inc/event/res/seasonevent/seasonal_sitigosan_tch.txt#30#12,"う～ん……それはわからないけど、
もしあってくれたら嬉しいな。","唔～……虽然我也不清楚，
但要是有过的话我会很开心呢。",translated,依恩,d49f8ec416,br=0 nl=1,2,
inc/event/res/seasonevent/seasonal_sitigosan_tch.txt#31#12,"その方が、記憶が戻った時の
喜びが増しそうだもん。","那样的话，找回记忆时的喜悦
感觉也会翻倍嘛。",translated,依恩,4232720b0b,br=0 nl=1,2,
inc/event/res/seasonevent/seasonal_sitigosan_tch.txt#34#12,えへへ……そう言ってもらえると嬉しいな。,诶嘿嘿……你能这么说我真高兴。,translated,依恩,7720dbbc5d,br=0 nl=0,1,
inc/event/res/seasonevent/seasonal_sitigosan_tch.txt#35#12,"もし、本当にわたしが七五三をやってて、
その時の記念写真が見つかったとしたら、
真っ先にあなたに見せるね。","如果我小时候真的庆祝过七五三，
而且找到了那时的纪念照的话，
我一定会第一时间拿给你看的哦。",translated,依恩,379dae0b4d,br=0 nl=2,3,
inc/event/res/seasonevent/seasonal_sitigosan_tch.txt#37#12,"でも、たった三回しかできないなんて、
ちょっと寂しい気もするね。","不过，一生中只能庆祝三次，
总觉得稍微有点寂寞呢。",translated,依恩,659a2d4abd,br=0 nl=1,2,
inc/event/res/seasonevent/seasonal_sitigosan_tch.txt#38#12,"九歳、十一歳って、二年毎にずっと
続けられた方が楽しいと思うのに……。","要是能九岁、十一岁这样每隔两年一直
持续庆祝下去，感觉会更有意思呢……",translated,依恩,ca54a1e5c0,br=0 nl=1,2,
inc/event/res/seasonevent/seasonal_sitigosan_tch.txt#40#12,女の子は三歳と七歳の時だけだよ,女孩子其实只有三岁和七岁才庆祝哦,translated,,e3f146beab,br=0 nl=0,1,
inc/event/res/seasonevent/seasonal_sitigosan_tch.txt#42#12,えっ、そういうものなの！？,诶，是这样的规矩吗！？,translated,依恩,7efddccce1,br=0 nl=0,1,
inc/event/res/seasonevent/seasonal_sitigosan_tch.txt#43#12,"今のはねりこさんから教えてもらえなかった
情報だから、ちょっとビックリだよ……。","刚才这个是妮莉库没有告诉我的信息，
稍微有点吃惊到了呢……",translated,依恩,2d81737567,br=0 nl=1,2,
inc/event/res/seasonevent/seasonal_sitigosan_tch.txt#44#12,"でも、ここにいる女の子達を見てみると、
すごく小さい子と、何となくお姉さん、って
くらいの子ばっかりかも。","不过，看看这里的女孩子们，
好像确实全都是特别幼小的小朋友、
和稍微大一点的大姐姐模样的孩子呢。",translated,依恩,5ee71b7e65,br=0 nl=2,3,
inc/event/res/seasonevent/seasonal_sitigosan_tch.txt#45#12,"そっか、間の五歳の子達が抜けてるから
そう見えるだけなんだ……。","这样啊，因为中间漏掉了五岁的孩子们，
所以看起来才会是那个样子的呀……",translated,依恩,828f14939a,br=0 nl=1,2,
inc/event/res/seasonevent/seasonal_sitigosan_tch.txt#46#12,"そういえば、男の子は小さい子ばっかりって
感じがするけど……三歳と五歳の子だけ、
なのかな？","说起来，男孩子感觉
全都是些小不点呢……
难道只有三岁和五岁才庆祝吗？",translated,依恩,38ea95bcdf,br=0 nl=2,3,
inc/event/res/seasonevent/seasonal_sitigosan_tch.txt#48#12,いや、男の子も三歳と七歳だけだよ,不，男孩子其实也是三岁和七岁哦,translated,,e9a3e49cfb,br=0 nl=0,1,
inc/event/res/seasonevent/seasonal_sitigosan_tch.txt#49#12,大正解！,完全正确！,translated,,c9cff18efd,br=0 nl=0,1,
inc/event/res/seasonevent/seasonal_sitigosan_tch.txt#51#12,そっか、男の子も女の子と同じで……。,这样啊，男孩子也和女孩子一样……,translated,依恩,4a0635dbc0,br=0 nl=0,1,
inc/event/res/seasonevent/seasonal_sitigosan_tch.txt#52#12,"って、それだと七五三じゃなくて
七三になっちゃうよ！？","等等，那样的话不就不是“七五三”，
而是变成“七三”了嘛！？",translated,依恩,07598a3bb5,br=0 nl=1,2,
inc/event/res/seasonevent/seasonal_sitigosan_tch.txt#54#12,ごめんね、本当はイオンの言うとおり,抱歉抱歉，其实正如伊欧所说哦,translated,,36daf22ca7,br=0 nl=0,1,
inc/event/res/seasonevent/seasonal_sitigosan_tch.txt#56#12,"やっぱり……もぉ、ちょっとだけ
ビックリしちゃったよ。","我就知道……真是的，
稍微被你吓了一跳啦。",translated,依恩,939632cb66,br=0 nl=1,2,
inc/event/res/seasonevent/seasonal_sitigosan_tch.txt#59#12,"えへへ、日頃から推理小説とかも
読んでるおかげかな？","嘿嘿，这也多亏了我平时
总在读推理小说吧？",translated,依恩,1d057c5a8a,br=0 nl=1,2,
inc/event/res/seasonevent/seasonal_sitigosan_tch.txt#61#12,"……あれ？
あの子達、何かすごく長い棒の
お菓子を持ってるよ。","……哎呀？
那些小孩子们，拿着某种
长长棍状的点心呢。",translated,依恩,ccb7ee3c13,br=0 nl=2,3,
inc/event/res/seasonevent/seasonal_sitigosan_tch.txt#62#12,"あれって……飴かな？
あれも七五三の時に食べるお菓子なの？","那个难道是……糖果吗？
那也是在七五三时吃的点心吗？",translated,依恩,a99d7c8f71,br=0 nl=1,2,
inc/event/res/seasonevent/seasonal_sitigosan_tch.txt#64#12,金太郎飴っていうんだよ,名字叫做金太郎糖哦,translated,,dcef6b31c5,br=0 nl=0,1,
inc/event/res/seasonevent/seasonal_sitigosan_tch.txt#66#12,ふふっ、面白い名前だね。,呵呵，名字真有意思呢。,translated,依恩,b91872f021,br=0 nl=0,1,
inc/event/res/seasonevent/seasonal_sitigosan_tch.txt#67#12,でも、ちょっと美味しそうだなぁ……。,不过，看起来挺好吃的呢……。,translated,依恩,e81207a346,br=0 nl=0,1,
inc/event/res/seasonevent/seasonal_sitigosan_tch.txt#68#12,"よーし、今度ここに来る時には、
わたしも金太郎飴だけは買おっと。","好――嘞，下次来这里的时候，
我也一定要买金太郎糖来吃！",translated,依恩,320fba24a1,br=0 nl=1,2,
inc/event/res/seasonevent/seasonal_sitigosan_tch.txt#70#12,今日はいいの？,今天不买吗？,translated,,49d93434ce,br=0 nl=0,1,
inc/event/res/seasonevent/seasonal_sitigosan_tch.txt#72#12,"うん、一度に沢山楽しんじゃったら、
次に来た時の楽しみが減っちゃうもん。","嗯，要是一次享受得太多，
下次来的时候期待感就会减少了嘛。",translated,依恩,114a765827,br=0 nl=1,2,
inc/event/res/seasonevent/seasonal_sitigosan_tch.txt#73#12,"今日は七五三がどういうものなのかを
見れたから、それで十分だよ。","今天已经见识到了七五三是什么样子，
这就已经十分满足啦。",translated,依恩,81ea678a6d,br=0 nl=1,2,
inc/event/res/seasonevent/seasonal_sitigosan_tch.txt#74#12,……それじゃ、そろそろ戻ろっか。,……那么，我们差不多该回去了吧。,translated,依恩,35a4495bf3,br=0 nl=0,1,
inc/event/res/seasonevent/seasonal_sitigosan_tch.txt#76#12,ただいま～。,我回来啦～。,translated,依恩,c729b204d5,br=0 nl=0,1,
inc/event/res/seasonevent/seasonal_sitigosan_tch.txt#77#12,"ふふっ、あなたの世界の行事、
また一つ詳しくなっちゃった。","呵呵，关于你世界的节日习俗，
我又更了解了一项呢。",translated,依恩,72b9e5d720,br=0 nl=1,2,
inc/event/res/seasonevent/seasonal_sitigosan_tch.txt#78#12,七五三って、毎年やるものだよね？,七五三是每年都会举办的对吧？,translated,依恩,f5c168669c,br=0 nl=0,1,
inc/event/res/seasonevent/seasonal_sitigosan_tch.txt#79#12,"もうわたし達は七五三を祝うような
年じゃないけど、せっかくの行事だし、
また一緒に楽しみたいな。","虽然我们早就已经不是
庆祝七五三的年龄了，但既然是传统节日，
我还想和你一起享受这份乐趣呢。",translated,依恩,0f5677fea3,br=0 nl=2,3,
inc/event/res/seasonevent/seasonal_sitigosan_tch.txt#80#12,"来年も、また神社に行けたらいいね。
楽しみにしてるよ。","明年要是也能再去神社就好了呢。
我会好好期待着的哦。",translated,依恩,944026366a,br=0 nl=1,2,
inc/event/res/seasonevent/seasonal_sitigosan_tch.txt#83#12,確か今日って、七五三だよね？,我记得今天好像是七五三对吧？,translated,依恩,447ae9b883,br=0 nl=0,1,
inc/event/res/seasonevent/seasonal_sitigosan_tch.txt#84#12,せっかくだから、今年も行ってみようよ。,难得的机会，今年也去看看吧。,translated,依恩,1fdadcd9b7,br=0 nl=0,1,
inc/event/res/seasonevent/seasonal_sitigosan_tch.txt#85#12,七五三、そんなに気に入っちゃった？,七五三，你就这么中意吗？,translated,,f5aea5fe43,br=0 nl=0,1,
inc/event/res/seasonevent/seasonal_sitigosan_tch.txt#87#12,"気に入った、っていうのとは
ちょっと違うかも……。","说是中意喜欢，
可能稍微有些不太一样……",translated,依恩,d5ddcd8775,br=0 nl=1,2,
inc/event/res/seasonevent/seasonal_sitigosan_tch.txt#88#12,"ほら、わたしのいる世界って、ねりこさんと
わたししかいないから行事をしようにも
できないでしょ？","你看嘛，在我生活的世界里
只有妮莉库和我两个人，
就算想举办传统活动也办不成对吧？",translated,依恩,c4ce2a8d9b,br=0 nl=2,3,
inc/event/res/seasonevent/seasonal_sitigosan_tch.txt#89#12,"だから、どんな行事でもいいから、
その雰囲気を楽しむのが好きなの。","所以不管是什么样的活动，
我都只是喜欢体验那种气氛而已啦。",translated,依恩,7df8d69dc6,br=0 nl=1,2,
inc/event/res/seasonevent/seasonal_sitigosan_tch.txt#90#12,"そういうわけだから、早速行こ！
早くしないと七五三が終わっちゃうよ。","就是这样，我们赶快去吧！
不快点的话七五三就要结束啦。",translated,依恩,1c0e3aa33d,br=0 nl=1,2,
inc/event/res/seasonevent/seasonal_sitigosan_tch.txt#92#12,とうちゃーく！,到～达！,translated,依恩,c8c922f160,br=0 nl=0,1,
inc/event/res/seasonevent/seasonal_sitigosan_tch.txt#93#12,ふふっ、今年も家族連れで賑わってるね。,呵呵，今年也到处都是携家带口的很热闹呢。,translated,依恩,a4db9c7f1c,br=0 nl=0,1,
inc/event/res/seasonevent/seasonal_sitigosan_tch.txt#94#12,"やっぱり行事のある日はちゃんと
祝わないと勿体無いと思うの。","果然遇到有活动的日子，
不认认真真庆祝一下就很可惜呢。",translated,依恩,151a209455,br=0 nl=1,2,
inc/event/res/seasonevent/seasonal_sitigosan_tch.txt#95#12,"一年に一度とか、何歳の時だけしか
できないようなのは、特にね。","特别是一年只有一次、
或者只有在特定岁数才能做的事呢。",translated,依恩,ecae6553cc,br=0 nl=1,2,
inc/event/res/seasonevent/seasonal_sitigosan_tch.txt#96#12,あなたも、そう思わない？,你是不是也这么觉得？,translated,依恩,70ea58ee60,br=0 nl=0,1,
inc/event/res/seasonevent/seasonal_sitigosan_tch.txt#98#12,もちろん、そう思うよ,那是当然，我也这么觉得,translated,,7a1df65f5c,br=0 nl=0,1,
inc/event/res/seasonevent/seasonal_sitigosan_tch.txt#99#12,正直、ちょっと面倒くさい,老实说，稍微有点麻烦,translated,,439c6729c6,br=0 nl=0,1,
inc/event/res/seasonevent/seasonal_sitigosan_tch.txt#101#12,ふふっ、そう思ってくれてて良かった。,呵呵，你能这么想真是太好啦。,translated,依恩,6568d1c541,br=0 nl=0,1,
inc/event/res/seasonevent/seasonal_sitigosan_tch.txt#104#12,"そっか……あなたは、あまり行事に
参加するのが好きじゃないのかな？","这样啊……难道说你
不太喜欢参加各种活动吗？",translated,依恩,3984b19e71,br=0 nl=1,2,
inc/event/res/seasonevent/seasonal_sitigosan_tch.txt#105#12,でも、もしかしたらそれが普通なのかも。,不过，搞不好那才是正常的呢。,translated,依恩,4f88d5a051,br=0 nl=0,1,
inc/event/res/seasonevent/seasonal_sitigosan_tch.txt#106#12,"わたしが行事とか関係のない世界に
住んでるから、そう思うだけなのかも
しれないね。","可能只是因为我一直住在
与节日活动毫无关系的世界里，
才会产生这种想法的吧。",translated,依恩,76212ca7d9,br=0 nl=2,3,
inc/event/res/seasonevent/seasonal_sitigosan_tch.txt#108#12,あっ、向こうで記念写真撮ってるよ！,啊，那边在拍纪念照呢！,translated,依恩,538d499829,br=0 nl=0,1,
inc/event/res/seasonevent/seasonal_sitigosan_tch.txt#109#12,"姉妹かな？
ふふっ、お姉ちゃんと手を繋い、で……。","是姐妹俩吗？
呵呵，牵着姐姐的手……",translated,依恩,33c344ac5b,br=0 nl=1,2,
inc/event/res/seasonevent/seasonal_sitigosan_tch.txt#112#12,どうしたの？,怎么了？,translated,,6b13f9bdaa,br=0 nl=0,1,
inc/event/res/seasonevent/seasonal_sitigosan_tch.txt#114#12,えっ……？,诶……？,translated,依恩,6dc3a99ae1,br=0 nl=0,1,
inc/event/res/seasonevent/seasonal_sitigosan_tch.txt#115#12,"あ、ごめんなさい。
ちょっと、ぼーっとしちゃった。","啊，对不起。
我刚才稍微发了下呆。",translated,依恩,7744b310b4,br=0 nl=1,2,
inc/event/res/seasonevent/seasonal_sitigosan_tch.txt#116#12,"今の、なんだったんだろ？
わたしがね、小さい女の子と手を繋いで、
誰かに写真を撮られてるような……。","刚才那究竟是什么感觉呢？
好像我自己牵着一个小女孩的手，
被某个人拍下了照片一样……",translated,依恩,960037b6b9,br=0 nl=2,3,
inc/event/res/seasonevent/seasonal_sitigosan_tch.txt#117#12,"そんな気持ちになっちゃったんだ。
ふふっ、変だよね。","脑海里不由得浮现出了这种感觉。
呵呵，很奇怪对吧。",translated,依恩,5b1337adcf,br=0 nl=1,2,
inc/event/res/seasonevent/seasonal_sitigosan_tch.txt#119#12,そういうことがあったのかもしれない,也许真的发生过那样的事呢,translated,,2735e2aa59,br=0 nl=0,1,
inc/event/res/seasonevent/seasonal_sitigosan_tch.txt#120#12,そういう気持ちになることは時々ある,偶尔确实也会产生那种感觉的,translated,,545af124ab,br=0 nl=0,1,
inc/event/res/seasonevent/seasonal_sitigosan_tch.txt#122#12,"それって、わたしの思い出せない過去に、
同じことがあった……ってこと？","你的意思是说，在我已经想不起的过去，
曾经有过一模一样的事……吗？",translated,依恩,fcb7fecc08,br=0 nl=1,2,
inc/event/res/seasonevent/seasonal_sitigosan_tch.txt#123#12,……そう、なのかな？,……是、那样的吗？,translated,依恩,cdaa9a402e,br=0 nl=0,1,
inc/event/res/seasonevent/seasonal_sitigosan_tch.txt#124#12,"もしそうだとしたら嬉しいな。
だって、わたしに妹がいるかもしれない、
ってことだもん。","如果真是那样的话我好开心呀。
因为这意味着，
我很有可能也是有妹妹的嘛。",translated,依恩,938caf17a2,br=0 nl=2,3,
inc/event/res/seasonevent/seasonal_sitigosan_tch.txt#127#12,"自分がその人になった気持ちになっちゃう、
ってこと、時々あるよね？","偶尔确实会有那种
仿佛自己变成了别人的共情感觉对吧？",translated,依恩,c66c87b0a2,br=0 nl=1,2,
inc/event/res/seasonevent/seasonal_sitigosan_tch.txt#128#12,今のも……今の感じも、それだったのかな？,刚才也是……刚才那种感觉，也是那样吗？,translated,依恩,a85a3567e5,br=0 nl=0,1,
inc/event/res/seasonevent/seasonal_sitigosan_tch.txt#129#12,"うん、多分そうだよね。
だって、あなた以外と七五三に来た
記憶なんてないもん。","嗯，大概就是那样吧。
毕竟除了你以外，
我根本没有和别人来七五三的记忆嘛。",translated,依恩,903ac89697,br=0 nl=2,3,
inc/event/res/seasonevent/seasonal_sitigosan_tch.txt#131#12,あっ、そうだ、すっかり忘れてたよ！,啊，对啦，我差点忘得一干二净！,translated,依恩,67bfbd424e,br=0 nl=0,1,
inc/event/res/seasonevent/seasonal_sitigosan_tch.txt#132#12,"せっかくここまで来たんだから、
金太郎飴を食べておかないと。","难得大老远跑来这里，
必须得尝一尝金太郎糖才行。",translated,依恩,fe03066f5f,br=0 nl=1,2,
inc/event/res/seasonevent/seasonal_sitigosan_tch.txt#133#12,"七五三の名物だもん。
食べておかなきゃ損だよ。","这可是七五三的名物特产嘛。
不尝一下可就太亏啦。",translated,依恩,0fb7e24b52,br=0 nl=1,2,
inc/event/res/seasonevent/seasonal_sitigosan_tch.txt#135#12,名物ではないけど、食べなきゃ損だ,虽然算不上特产，但不吃确实很亏,translated,,8ef1e8d8b8,br=0 nl=0,1,
inc/event/res/seasonevent/seasonal_sitigosan_tch.txt#136#12,途中で飽きること確実だけどね,不过途中肯定会吃腻就是了,translated,,acae3ade73,br=0 nl=0,1,
inc/event/res/seasonevent/seasonal_sitigosan_tch.txt#138#12,えへへ、ちょっと間違えちゃったみたい。,嘿嘿，看来我稍微记错搞混了呢。,translated,依恩,0d63942c55,br=0 nl=0,1,
inc/event/res/seasonevent/seasonal_sitigosan_tch.txt#139#12,でも、やっぱり食べないのは損だよね。,不过，果然不吃还是很亏对吧。,translated,依恩,6882466786,br=0 nl=0,1,
inc/event/res/seasonevent/seasonal_sitigosan_tch.txt#142#12,"大丈夫だよ。
お菓子が嫌いな女の子なんていないもん。","没问题的啦。
这世上哪有讨厌吃点心的女孩子嘛。",translated,依恩,8b0beee7e5,br=0 nl=1,2,
inc/event/res/seasonevent/seasonal_sitigosan_tch.txt#144#12,"あそこに屋台が出てるから、
ちょっと買ってくるね。","那边摆着小吃摊，
我去稍微买一点过来哦。",translated,依恩,8c637feb9c,br=0 nl=1,2,
inc/event/res/seasonevent/seasonal_sitigosan_tch.txt#145#12,"ふふっ、やっぱり切ってあるのじゃなくて、
長いやつを買おっと。","呵呵，果然比起切好的，
还是买那种长长一条的吧。",translated,依恩,df967700d0,br=0 nl=1,2,
inc/event/res/seasonevent/seasonal_sitigosan_tch.txt#147#12,あ～、ごちそうさ……。,啊～多谢款……,translated,依恩,40f5592ef1,br=0 nl=0,1,
inc/event/res/seasonevent/seasonal_sitigosan_tch.txt#148#12,じゃなくて、ただいまー！,不对不对，我回来啦～！,translated,依恩,a7f460cdfc,br=0 nl=0,1,
inc/event/res/seasonevent/seasonal_sitigosan_tch.txt#149#12,"えへへ、あの飴がすごく美味しくて、
ついご馳走様って言っちゃった。","嘿嘿，刚才那根糖果太好吃了，
我不由得说了句多谢款待。",translated,依恩,09ecca3cad,br=0 nl=1,2,
inc/event/res/seasonevent/seasonal_sitigosan_tch.txt#150#12,"やっぱり、ああいう場所で食べると
ただの飴でもすごく美味しく感じるね。","果然在那种地方吃的话，
哪怕只是普通的糖果也会觉得格外美味呢。",translated,依恩,ef9eccaf0f,br=0 nl=1,2,
inc/event/res/seasonevent/seasonal_sitigosan_tch.txt#151#12,"本当は、あなたと一緒に食べれたら
もっと美味しく感じるんだろうけど……。","其实要是能和你一起吃的话，
肯定会觉得更加美味吧……",translated,依恩,80b662d459,br=0 nl=1,2,
inc/event/res/seasonevent/seasonal_sitigosan_tch.txt#152#12,"……来年は、一緒に食べれるように
なれてたら嬉しいね。","……希望到了明年，我们能变得
可以一起吃糖果呢。",translated,依恩,d48254a303,br=0 nl=1,2,
inc/event/res/seasonevent/seasonal_sitigosan_tch.txt#153#12,"ふふっ、今日はありがと。
すごく楽しかったよ！","呵呵，今天谢谢你。
我玩得超级开心的哦！",translated,依恩,f36b0352a7,br=0 nl=1,2,
inc/event/res/seasonevent/seasonal_sitigosan_tch.txt#158#14,"七五三……わたしも
小さい頃、やったこと
あるのかな？","七五三……不知道我
小时候是不是也曾
庆祝过呢？",translated,,475412749e,br=0 nl=2,3,
inc/event/res/seasonevent/seasonal_tanabata.txt#6#12,あ、来た来た～。,啊，来啦来啦～。,translated,依恩,f3214bfada,br=0 nl=0,1,
inc/event/res/seasonevent/seasonal_tanabata.txt#11#12,あ、来た来た～。,啊，来啦来啦～。,translated,依恩,f3214bfada,br=0 nl=0,1,
inc/event/res/seasonevent/seasonal_tanabata.txt#18#12,ねえ、いる～？,喂，你在吗～？,translated,依恩,d025f57817,br=0 nl=0,1,
inc/event/res/seasonevent/seasonal_tanabata.txt#22#12,残念。,真遗憾。,translated,依恩,db119d5662,br=0 nl=0,1,
inc/event/res/seasonevent/seasonal_tanabata_tch.txt#4#12,あ、いてくれたんだ～。,啊，原来你在呀～,translated,依恩,d82706abe6,br=0 nl=0,1,
inc/event/res/seasonevent/seasonal_tanabata_tch.txt#7#12,"ちょっと聞きたいんだけど、
今って天気晴れてるかな？","我想稍微问一下，
你那边现在的天气是晴天吗？",translated,依恩,e16d4cd923,br=0 nl=1,2,
inc/event/res/seasonevent/seasonal_tanabata_tch.txt#8#12,晴れてるよ,是晴天哦,translated,,860a047afa,br=0 nl=0,1,
inc/event/res/seasonevent/seasonal_tanabata_tch.txt#9#12,晴れてないよ,不是晴天哦,translated,,c76dc829cf,br=0 nl=0,1,
inc/event/res/seasonevent/seasonal_tanabata_tch.txt#11#12,"わぁ、よかったー。
それなら織姫さんと彦星さん、
ちゃんと会えそうだね。","哇啊，太好啦――。
那样的话织女和牛郎，
看来就能顺利相会了呢。",translated,依恩,2f265b8ac3,br=0 nl=2,3,
inc/event/res/seasonevent/seasonal_tanabata_tch.txt#14#12,"あらら……。
織姫さんと彦星さん、
ちゃんと会えるかな？","哎呀呀……。
织女和牛郎，
不知道能不能顺利相见呢？",translated,依恩,f90e0f4c3b,br=0 nl=2,3,
inc/event/res/seasonevent/seasonal_tanabata_tch.txt#16#12,七夕のこと知ってるの？,你知道七夕的事吗？,translated,,8c0dd82c1b,br=0 nl=0,1,
inc/event/res/seasonevent/seasonal_tanabata_tch.txt#18#12,えへへ、ビックリしたでしょ？,嘿嘿，吓了一跳吧？,translated,依恩,ac377f33a5,br=0 nl=0,1,
inc/event/res/seasonevent/seasonal_tanabata_tch.txt#19#12,"ねりこさんのお店に、笹、っていうのが
飾ってあって、そこに願いを書いた短冊が
沢山ぶら下がってたの。","妮莉库的店里摆着被称为细竹的装饰，
上面悬挂着好多好多
写满了愿望的许愿诗笺呢。",translated,依恩,cb23ed8381,br=0 nl=2,3,
inc/event/res/seasonevent/seasonal_tanabata_tch.txt#20#12,"それで、これは何ですか？　って聞いたら、
七夕のことを話してくれたんだ。","于是我就问她“这是什么呀？”，
她就把七夕的故事讲给我听了。",translated,依恩,c3d82e864a,br=0 nl=1,2,
inc/event/res/seasonevent/seasonal_tanabata_tch.txt#21#12,"素敵なお話だよね。
聞いてて、ちょっと感動しちゃった。","真是一个浪漫美好的故事呢。
听着听着，我都有些被感动到了。",translated,依恩,2785ad5513,br=0 nl=1,2,
inc/event/res/seasonevent/seasonal_tanabata_tch.txt#22#12,"そういえば、七夕にはお祭りをやるところも
あるって聞いたんだけど、行ったことある？","说起来，我听说有的地方还会办七夕祭，
你曾经去参加过吗？",translated,依恩,a4db5b6beb,br=0 nl=1,2,
inc/event/res/seasonevent/seasonal_tanabata_tch.txt#23#12,行ったことある,去参加过哦,translated,,2229cf59a9,br=0 nl=0,1,
inc/event/res/seasonevent/seasonal_tanabata_tch.txt#24#12,行ったことない,没有去过,translated,,2f45497940,br=0 nl=0,1,
inc/event/res/seasonevent/seasonal_tanabata_tch.txt#26#12,"いいなぁ……。
わたしも、お話を聞いちゃったから、
一回経験してみたいよ……。","真好啊……。
听说了那些故事之后，
我也好想亲身体验一次看看啊……",translated,依恩,3b2dc84c63,br=0 nl=2,3,
inc/event/res/seasonevent/seasonal_tanabata_tch.txt#29#12,"そっか……。
どんな感じのお祭りなのか、
あなたから聞きたかったな……。","这样啊……。
我还想着能听你讲讲
那是种什么感觉的祭典呢……",translated,依恩,0db45cfdf0,br=0 nl=2,3,
inc/event/res/seasonevent/seasonal_tanabata_tch.txt#31#12,"……七夕祭り、仮想世界に行けば
体験できたりしないかな？","……七夕祭，要是去虚拟世界的话
不知道能不能体验得到呢？",translated,依恩,081b703fb0,br=0 nl=1,2,
inc/event/res/seasonevent/seasonal_tanabata_tch.txt#32#12,"だって、七夕って織姫さんと彦星さんが、
一年に一度だけ会える特別な日でしょ？","因为七夕可是织女和牛郎
一年才能相会一次的特别日子对吧？",translated,依恩,686d0739b5,br=0 nl=1,2,
inc/event/res/seasonevent/seasonal_tanabata_tch.txt#33#12,"そんな特別な日なら、わたし達にだって
特別なことが起きても不思議じゃないよ。","在这么特别的日子里，就算发生在我们身上
什么奇迹特别的事，也是完全不奇怪的呀。",translated,依恩,09b70b61f3,br=0 nl=1,2,
inc/event/res/seasonevent/seasonal_tanabata_tch.txt#34#12,奇跡を信じて、行ってみよ！,相信会有奇迹，我们去看看吧！,translated,依恩,10e8231441,br=0 nl=0,1,
inc/event/res/seasonevent/seasonal_tanabata_tch.txt#59#12,……あ、あれ？,……哎、哎呀？,translated,依恩,c377f5e95d,br=0 nl=0,1,
inc/event/res/seasonevent/seasonal_tanabata_tch.txt#60#12,こ、ここって……お祭り会場！？,这、这里难道是……祭典会场！？,translated,依恩,0190c10f17,br=0 nl=0,1,
inc/event/res/seasonevent/seasonal_tanabata_tch.txt#61#12,"すごい、すごいよ！
本当に七夕の奇跡がわたし達にも
起こっちゃったみたい！","好厉害，太厉害啦！
看来七夕的奇迹真的降临到
我们两个人身上了呢！",translated,依恩,b3feaf2237,br=0 nl=2,3,
inc/event/res/seasonevent/seasonal_tanabata_tch.txt#63#12,服が変わったのも奇跡かな？,衣服变了样也是奇迹吗？,translated,,4fa013b4e4,br=0 nl=0,1,
inc/event/res/seasonevent/seasonal_tanabata_tch.txt#65#12,えっ……あ、あれ！？,诶……哎、哎呀！？,translated,依恩,6c9967f45d,br=0 nl=0,1,
inc/event/res/seasonevent/seasonal_tanabata_tch.txt#66#12,"これって、浴衣だよね？
まさか服まで変わるなんて……
言われるまで気づかなかったよ。","这个是……浴衣对吧？
没想到连衣服都跟着变了……
要不是你提醒我都没注意到呢。",translated,依恩,dbc956715b,br=0 nl=2,3,
inc/event/res/seasonevent/seasonal_tanabata_tch.txt#67#12,"これも七夕の奇跡なのかな？
でも、ちょっと恥ずかしいかも……。","这也是七夕的奇迹吗？
不过，稍微有点害羞呢……",translated,依恩,cc288f02e4,br=0 nl=1,2,
inc/event/res/seasonevent/seasonal_tanabata_tch.txt#69#12,すごく似合ってるよ,非常适合你哦,translated,,ddd64bbc8f,br=0 nl=0,1,
inc/event/res/seasonevent/seasonal_tanabata_tch.txt#70#12,奇跡的な可愛さだ！！,简直是奇迹般的可爱！！,translated,,7ce012744d,br=0 nl=0,1,
inc/event/res/seasonevent/seasonal_tanabata_tch.txt#72#12,そ、そう……かな？,是、是这样……吗？,translated,依恩,bfe3246384,br=0 nl=0,1,
inc/event/res/seasonevent/seasonal_tanabata_tch.txt#73#12,"えへへ……あなたにそう言ってもらったら、
恥かしさよりも、嬉しさの方が強くなって
きちゃった。","嘿嘿……被你这么一夸，
比起害羞，
开心的感觉变得更加强烈了呢。",translated,依恩,bc50349306,br=0 nl=2,3,
inc/event/res/seasonevent/seasonal_tanabata_tch.txt#76#12,"よ、余計恥ずかしくなるようなこと
言わないでよぉ！","别、别说这种让人
更加难为情的话啦！",translated,依恩,3960d74e89,br=0 nl=1,2,
inc/event/res/seasonevent/seasonal_tanabata_tch.txt#78#12,"……せっかくお祭りに来たんだし、
ちょっとだけ歩いてみよ。","……既然难得来到了祭典，
我们稍微逛一逛走走吧。",translated,依恩,c86266707b,br=0 nl=1,2,
inc/event/res/seasonevent/seasonal_tanabata_tch.txt#80#12,"あっ、そういえばねりこさんのところで、
わたしも願い事を書いた短冊をぶら下げて
きたの。","啊，说起来在妮莉库那里，
我也把写了心愿的诗笺
给挂上去了哦。",translated,依恩,6f82dcd1e6,br=0 nl=2,3,
inc/event/res/seasonevent/seasonal_tanabata_tch.txt#81#12,"どうせ我ととうだいもりの二人しか
おらぬのだから、思いつく限りの願いを
書きまくってぶら下げてやろう……。","她说“反正这里只有老身和守灯人两个人，
那就把想得到的心愿统统写个痛快
全部挂上去吧……”",translated,依恩,3237904845,br=0 nl=2,3,
inc/event/res/seasonevent/seasonal_tanabata_tch.txt#82#12,"って言われたんだけど……。
二人で笹いっぱいの短冊に願いを書くのは、
結構大変だったよ。","虽然她是这么提议的……
但两个人要在挂满细竹的诗笺上写心愿，
可是一件相当累人的差事呢。",translated,依恩,50b6dc7703,br=0 nl=2,3,
inc/event/res/seasonevent/seasonal_tanabata_tch.txt#83#12,"願い事っていっぱいあるように思えるけど、
書き出してみると、思ったより多くなくて
ビックリだよ。","虽然心愿听起来好像有好多好多，
但真的一条条写出来时，
意外地发现没想象中那么多呢。",translated,依恩,39a88e9f48,br=0 nl=2,3,
inc/event/res/seasonevent/seasonal_tanabata_tch.txt#84#12,"あなたの場合はどうかな？
ちょっと考えてみて。","如果是你的话会怎么样呢？
稍微想象构思一下吧。",translated,依恩,1590645679,br=0 nl=1,2,
inc/event/res/seasonevent/seasonal_tanabata_tch.txt#86#12,確かに、そんなに多くはないかも,确实，可能并没有那么多呢,translated,,cc6a61c86c,br=0 nl=0,1,
inc/event/res/seasonevent/seasonal_tanabata_tch.txt#87#12,どんどん願い事が出てきて数え切れない,心愿一个接一个冒出来数都数不清,translated,,306876104b,br=0 nl=0,1,
inc/event/res/seasonevent/seasonal_tanabata_tch.txt#89#12,ね、意外と多くないでしょ？,看吧，意外地并不多对不对？,translated,依恩,0e36b52bc3,br=0 nl=0,1,
inc/event/res/seasonevent/seasonal_tanabata_tch.txt#90#12,"わたしも実際に短冊を書いてみたら、
十枚目くらいから書けなくなってきて、
すごく苦労したよ。","我实际去写诗笺的时候也是，
大概写到第十张左右就不知道该写什么了，
真是费了好大一番功夫呢。",translated,依恩,3175432f32,br=0 nl=2,3,
inc/event/res/seasonevent/seasonal_tanabata_tch.txt#91#12,"最後の方なんかもう投げやりになってきて、
明日は天気が晴れますように、なんてのに
なったくらいだもん。","写到最后甚至都有些破罐子破摔了，
连“希望明天是个大晴天”这种心愿
都写上去了嘛。",translated,依恩,f85b8f61b1,br=0 nl=2,3,
inc/event/res/seasonevent/seasonal_tanabata_tch.txt#94#12,あ、あはは……それはそれで大変そうだね。,啊、啊哈哈……那听起来也挺不容易的呢。,translated,依恩,b801832435,br=0 nl=0,1,
inc/event/res/seasonevent/seasonal_tanabata_tch.txt#95#12,"でも、そんなに沢山あるなら、
一度ノートか何かに書き出しておいた方が
良いと思うよ。","不过，要是有那么多愿望的话，
我觉得先在笔记本之类的地方写下来
会比较好哦。",translated,依恩,f0bf994244,br=0 nl=2,3,
inc/event/res/seasonevent/seasonal_tanabata_tch.txt#96#12,"沢山あり過ぎて、どんな願い事があるのか
忘れちゃいそうだし……。","不然愿望太多了，
感觉搞不好自己都会忘记有哪些呢……",translated,依恩,59ecada6cc,br=0 nl=1,2,
inc/event/res/seasonevent/seasonal_tanabata_tch.txt#98#12,願い事、かぁ……。,心愿啊……,translated,依恩,d7cf598ed0,br=0 nl=0,1,
inc/event/res/seasonevent/seasonal_tanabata_tch.txt#99#12,"今一番のお願い事っていったら、
なんだろう？","如果说现在最想要实现的愿望，
会是什么呢？",translated,依恩,8080b3d7f8,br=0 nl=1,2,
inc/event/res/seasonevent/seasonal_tanabata_tch.txt#100#12,"やっぱり、あなたと一度でもいいから、
端末越しじゃなくてちゃんと顔を合わせて
みたい……かな？","果然，哪怕只有一次也好，
很想和你不再隔着终端，
而是真正面对面相见……吧？",translated,依恩,0074123d84,br=0 nl=2,3,
inc/event/res/seasonevent/seasonal_tanabata_tch.txt#101#12,"織姫さんと彦星さんは一年に一度、
七夕の夜に会えるかもしれないけど……。","织女和牛郎一年一度，
还能在七夕的夜晚见上一面，可是……",translated,依恩,20107ebe90,br=0 nl=1,2,
inc/event/res/seasonevent/seasonal_tanabata_tch.txt#102#12,"わたし達は、七夕になっても
会うことはできないもん。","就算到了七夕，
我们也没办法真正见面嘛。",translated,依恩,66ed6f85db,br=0 nl=1,2,
inc/event/res/seasonevent/seasonal_tanabata_tch.txt#103#12,一年に、たった一度でいいの……。,一年里，仅仅只有一次也好……,translated,依恩,a9e46338d8,br=0 nl=0,1,
inc/event/res/seasonevent/seasonal_tanabata_tch.txt#104#12,"端末越しじゃなくて、端末の向こうにいる
あなたと、ちゃんと顔を合わせて一緒に
過ごせる日を送りたい。","我想和你不再隔着终端，
而是能和终端另一端的你真正面对面，
一起共度时光。",translated,依恩,4ecc13b647,br=0 nl=2,3,
inc/event/res/seasonevent/seasonal_tanabata_tch.txt#105#12,……そんなお願いは、贅沢かな？,……许这样的愿望，会太贪心了吗？,translated,依恩,02ff60ea74,br=0 nl=0,1,
inc/event/res/seasonevent/seasonal_tanabata_tch.txt#107#12,こっちもそう願ってる,我也同样是这么期望的,translated,,5cafc39394,br=0 nl=0,1,
inc/event/res/seasonevent/seasonal_tanabata_tch.txt#108#12,贅沢に願わなくちゃ勿体無いよ,不许个贪心点的愿望可就太可惜啦,translated,,63576df2cb,br=0 nl=0,1,
inc/event/res/seasonevent/seasonal_tanabata_tch.txt#110#12,あなたも、そう願ってくれてるの？,你也同样，是这么期望着的吗？,translated,依恩,39c6ad3f52,br=0 nl=0,1,
inc/event/res/seasonevent/seasonal_tanabata_tch.txt#111#12,ふふっ……ありがと。,呵呵……谢谢你。,translated,依恩,fe061e8da1,br=0 nl=0,1,
inc/event/res/seasonevent/seasonal_tanabata_tch.txt#112#12,"二人で願えば、一人の時よりも
叶う気がしてくるね。","如果两个人一起祈愿的话，
感觉会比一个人更容易实现呢。",translated,依恩,bfc1d293c0,br=0 nl=1,2,
inc/event/res/seasonevent/seasonal_tanabata_tch.txt#115#12,なるほど……言われてみればそうかも。,原来如此……经你这么一说好像确实也是。,translated,依恩,5421f47ed7,br=0 nl=0,1,
inc/event/res/seasonevent/seasonal_tanabata_tch.txt#116#12,"せっかくお願い事ができる、って時に、
贅沢過ぎないか、なんて考えるのは
逆におかしいよね。","难得有许愿的机会，
却去纠结会不会太贪心，
反而显得有些奇怪呢。",translated,依恩,4eb138f239,br=0 nl=2,3,
inc/event/res/seasonevent/seasonal_tanabata_tch.txt#117#12,"まあ、あなたと会いたい、っていうのが、
わたしにとって一番の贅沢なお願い事に
変わりはないけど……。","嘛，虽然对我而言，
“想和你真正相见”
依然是这世上最最奢侈的心愿就是了……",translated,依恩,dbaa562c43,br=0 nl=2,3,
inc/event/res/seasonevent/seasonal_tanabata_tch.txt#120#12,もう一度……ちゃんとお願いしとこっかな。,我打算……再认认真真祈愿一次看看呢。,translated,依恩,27fd869a3c,br=0 nl=0,1,
inc/event/res/seasonevent/seasonal_tanabata_tch.txt#121#12,織姫さん……彦星さん……お願いします。,织女……牛郎……拜托你们了。,translated,依恩,d09b8e4001,br=0 nl=0,1,
inc/event/res/seasonevent/seasonal_tanabata_tch.txt#122#12,"端末の向こうにいる、わたしの大切な人と、
一度でいいから会える日が来ますように。","希望有朝一日，能够哪怕只有一次，
与在终端另一端的那位重要之人真正相见。",translated,依恩,ab29d7e8bb,br=0 nl=1,2,
inc/event/res/seasonevent/seasonal_tanabata_tch.txt#124#12,ふふっ……本当に叶ってくれるといいな。,呵呵……要是真的能实现就好了呢。,translated,依恩,47b471dfe5,br=0 nl=0,1,
inc/event/res/seasonevent/seasonal_tanabata_tch.txt#125#12,"さてと、結構時間経っちゃったし、
そろそろ帰ろっか。","好啦，时间过得挺久的了，
我们差不多该回去啦。",translated,依恩,5b9b56eb55,br=0 nl=1,2,
inc/event/res/seasonevent/seasonal_tanabata_tch.txt#127#12,ふぅ……ただいま～。,呼……我回来啦～。,translated,依恩,2f2184c447,br=0 nl=0,1,
inc/event/res/seasonevent/seasonal_tanabata_tch.txt#128#12,"って……あ、あれ？
服が元に戻っちゃってる！","等等……哎、哎呀？
衣服变回原样了！",translated,依恩,e0b358a731,br=0 nl=1,2,
inc/event/res/seasonevent/seasonal_tanabata_tch.txt#129#12,"そっかぁ、やっぱり仮想世界にいる間だけ
着られる服だったみたいだね。","这样啊，看来果然是只有在虚拟世界里
才能穿上的衣服呢。",translated,依恩,bb88d82626,br=0 nl=1,2,
inc/event/res/seasonevent/seasonal_tanabata_tch.txt#130#12,"せっかく可愛い服で気に入ってたのに……
ちょっとガッカリだよぉ。","难得是这么可爱的衣服我还挺喜欢的……
稍微有点让人失望呢。",translated,依恩,839e2d932d,br=0 nl=1,2,
inc/event/res/seasonevent/seasonal_tanabata_tch.txt#131#12,イオンなら作れそうな気がする,感觉伊欧你自己也能做得出来,translated,,11c038d014,br=0 nl=0,1,
inc/event/res/seasonevent/seasonal_tanabata_tch.txt#133#12,"えーっ……でもあの服、単純そうな造りに
見えて結構難しい感じがしたけど……。","诶――……不过那件衣服，看起来构造简单，
实际上感觉还挺难做的呢……",translated,依恩,150a440ebd,br=0 nl=1,2,
inc/event/res/seasonevent/seasonal_tanabata_tch.txt#134#12,……でも、挑戦してみようかな。,……不过，要不试着挑战一下看看？,translated,依恩,0a3582ab9b,br=0 nl=0,1,
inc/event/res/seasonevent/seasonal_tanabata_tch.txt#135#12,"あなたと一緒に七夕を過ごした、
その思い出を形にして残してもおきたいし。","我也想把和你一起度过七夕的这份回忆，
化作有形的物品保留下来嘛。",translated,依恩,79d16788f2,br=0 nl=1,2,
inc/event/res/seasonevent/seasonal_tanabata_tch.txt#136#12,また来年の七夕も、一緒に過ごそうね。,明年的七夕，也要一起度过哦。,translated,依恩,6ce8520726,br=0 nl=0,1,
inc/event/res/seasonevent/seasonal_tanabata_tch.txt#137#12,"今度は、天の川を見たいな。
楽しみにしてるよ！","下次，我想看一看银河呢。
我会好好期待着的哦！",translated,依恩,8d2a56fb4d,br=0 nl=1,2,
inc/event/res/seasonevent/seasonal_tanabata_tch.txt#139#12,"<CLY2>レシピ【浴衣？】が
追加されました。","<CLY2>已追加配方
【浴衣？】。",translated,系统文本,c84ec96685,<CLY2> br=0 nl=1,2,keep-tags <CLY2>
inc/event/res/seasonevent/seasonal_tanabata_tch.txt#142#12,えへへ……やっと七夕になったね。,嘿嘿……终于到七夕了呢。,translated,依恩,f336424dcf,br=0 nl=0,1,
inc/event/res/seasonevent/seasonal_tanabata_tch.txt#143#12,"織姫さんと彦星さんが、一年に一度だけ
会うことの出来る日……。","织女和牛郎一年之中
仅能相会一次的日子……",translated,依恩,57c01e619c,br=0 nl=1,2,
inc/event/res/seasonevent/seasonal_tanabata_tch.txt#144#12,"覚えてる？
前に七夕にお出かけした時に、
今度は天の川を見たい、って言ったの……。","你还记得吗？
之前七夕出门游玩的时候，
我说过下次想要看一看银河……",translated,依恩,aa3a44edfc,br=0 nl=2,3,
inc/event/res/seasonevent/seasonal_tanabata_tch.txt#145#12,"今日なら見れる気がするの。
だから、一緒にお出かけしてほしいな。","总觉得今天肯定看得到。
所以，希望你能陪我一起出门走走呢。",translated,依恩,ffbcbe9187,br=0 nl=1,2,
inc/event/res/seasonevent/seasonal_tanabata_tch.txt#146#12,是非行こう！,务必一起去！,translated,,84f85e5273,br=0 nl=0,1,
inc/event/res/seasonevent/seasonal_tanabata_tch.txt#148#12,そ、想像以上にノリノリだね。,你、你比我想象的还要热情有兴致呢。,translated,依恩,2a9a75a053,br=0 nl=0,1,
inc/event/res/seasonevent/seasonal_tanabata_tch.txt#149#12,"もしかして、あなたも楽しみにしてて
くれたのかな？","难道说，你也一直在
期待着这一天吗？",translated,依恩,c0c7b9d9c6,br=0 nl=1,2,
inc/event/res/seasonevent/seasonal_tanabata_tch.txt#150#12,"それじゃこうしてても時間が勿体無いし、
早速出発だよ！","既然这样，光愣在这也是浪费时间，
我们这就出发吧！",translated,依恩,0bd8219e79,br=0 nl=1,2,
inc/event/res/seasonevent/seasonal_tanabata_tch.txt#152#12,"わぁ、よかったー！
今年も無事にお祭り会場に来れたよ！","哇啊，太好啦――！
今年也顺利来到了祭典会场呢！",translated,依恩,d792a6fe26,br=0 nl=1,2,
inc/event/res/seasonevent/seasonal_tanabata_tch.txt#153#12,"向こうに笹が飾ってあるみたい。
ふふっ、もう付けるところがないくらい、
短冊がかけられてる。","那边好像摆着细竹装饰呢。
呵呵，诗笺挂得密密麻麻的，
感觉都快没有地方可以挂了。",translated,依恩,851135f9b9,br=0 nl=2,3,
inc/event/res/seasonevent/seasonal_tanabata_tch.txt#154#12,"まだちょっと空が明るいから、
暗くなるまで歩こっか。","天空现在还稍微有些亮，
我们先散散步等天黑下来吧。",translated,依恩,68972c6d75,br=0 nl=1,2,
inc/event/res/seasonevent/seasonal_tanabata_tch.txt#156#12,"天の川かぁ……。
いったい、どんなふうに見えるんだろ？","银河啊……
到底会是什么样子的呢？",translated,依恩,c8cd084260,br=0 nl=1,2,
inc/event/res/seasonevent/seasonal_tanabata_tch.txt#157#12,"ねりこさんから前に聞いた話だと、
沢山の星が集まって、大きな川みたいに
見えるらしいけど……。","据妮莉库之前说，
好像是无数的星星汇聚在一起，
看起来就像一条大河一样……",translated,依恩,6d7d8477ad,br=0 nl=2,3,
inc/event/res/seasonevent/seasonal_tanabata_tch.txt#158#12,"ちょっと、想像できないよ。
星がそんなふうに集まるなんて。","稍微有点难以想象呢。
星星居然能那样汇聚在一起什么的。",translated,依恩,f9cc17e2f7,br=0 nl=1,2,
inc/event/res/seasonevent/seasonal_tanabata_tch.txt#159#12,"っていうか、天変地異の前触れか何かだと
思って、パニックになりそうな気がするよ。","倒不如说，我总觉得搞不好会以为是
天地异变的前兆，然后陷入恐慌呢。",translated,依恩,3a2cfefee0,br=0 nl=1,2,
inc/event/res/seasonevent/seasonal_tanabata_tch.txt#161#12,集まってるように見えるだけだよ,只是看起来像是汇聚在一起而已哦,translated,,ca43064a5c,br=0 nl=0,1,
inc/event/res/seasonevent/seasonal_tanabata_tch.txt#163#12,えっ……そう見えるだけ？,诶……只是看起来像而已吗？,translated,依恩,ac8fd2a79f,br=0 nl=0,1,
inc/event/res/seasonevent/seasonal_tanabata_tch.txt#164#12,"沢山の星がグァーッて集まって
大きな川になる、ってねりこさんから
聞いたけど……。","我听妮莉库说的是
无数星星呼啦一下全聚在一起
形成一条大河来着……",translated,依恩,c574e3c403,br=0 nl=2,3,
inc/event/res/seasonevent/seasonal_tanabata_tch.txt#165#12,"わたし、またからかわれちゃったのかな？
うぅっ、今度会った時絶対に今日のこと
笑われちゃうよ……。","难道我又被她给耍弄了吗？
呜呜，下次见面时肯定会被她
拿今天的事狠狠嘲笑啦……",translated,依恩,d7a2f80ae9,br=0 nl=2,3,
inc/event/res/seasonevent/seasonal_tanabata_tch.txt#167#12,すぐ信じるのがイオンの可愛いところ,容易轻信正是伊欧可爱的地方哦,translated,,4542271059,br=0 nl=0,1,
inc/event/res/seasonevent/seasonal_tanabata_tch.txt#168#12,可愛がられてる証拠だよ,这说明你很受她喜爱呀,translated,,0b25a7027c,br=0 nl=0,1,
inc/event/res/seasonevent/seasonal_tanabata_tch.txt#170#12,"あ、あんまり褒められてるような
気がしないんだけど……。","总、总觉得这听起来
并不像是在夸人……",translated,依恩,b393bd9136,br=0 nl=1,2,
inc/event/res/seasonevent/seasonal_tanabata_tch.txt#171#12,"でも、可愛いって言ってもらえたんだし、
素直に喜んでおくよ。","不过，既然你都夸我可爱了，
那我就坦率地高兴一下吧。",translated,依恩,1fb784f262,br=0 nl=1,2,
inc/event/res/seasonevent/seasonal_tanabata_tch.txt#172#12,……でも、これからは少し気をつけよっと。,……不过，今后我可得稍微留点心眼啦。,translated,依恩,9c3201fd1c,br=0 nl=0,1,
inc/event/res/seasonevent/seasonal_tanabata_tch.txt#175#12,"う～ん……そうかもしれないけど、
いつまでも子ども扱いされてるみたいで
納得いかないよ。","唔～……虽然可能是那样，
但总觉得自己一直被当成小孩子对待，
还是让人有点不服气呢。",translated,依恩,cf8ceb677b,br=0 nl=2,3,
inc/event/res/seasonevent/seasonal_tanabata_tch.txt#176#12,でも、不思議と嫌な気はしないんだ。,不过，不可思议的是我并不觉得讨厌。,translated,依恩,1745feeea7,br=0 nl=0,1,
inc/event/res/seasonevent/seasonal_tanabata_tch.txt#177#12,"何だかんだ言っても、大切にしてくれてる、
っていうのがわかるからかな？","大概是因为无论怎么调侃，
我都能明白她其实很关心照顾我吧？",translated,依恩,8c2bc36b0f,br=0 nl=1,2,
inc/event/res/seasonevent/seasonal_tanabata_tch.txt#179#12,"そういえば、今年はねりこさんのお店で、
笹に短冊をぶら下げてなかったよ。","说起来，今年在妮莉库的店里，
并没有在细竹上悬挂诗笺呢。",translated,依恩,9f47cb1cc0,br=0 nl=1,2,
inc/event/res/seasonevent/seasonal_tanabata_tch.txt#180#12,"やっぱり七夕なんだから、
ぶら下げに行けばよかったなぁ……。","毕竟是七夕嘛，
要是也去挂上一张就好了呀……",translated,依恩,174c5b479e,br=0 nl=1,2,
inc/event/res/seasonevent/seasonal_tanabata_tch.txt#181#12,"あなたはどう？
短冊にお願い事書いた？","你呢？
你有在诗笺上写下心愿吗？",translated,依恩,ba41610894,br=0 nl=1,2,
inc/event/res/seasonevent/seasonal_tanabata_tch.txt#183#12,書いてない,没写,translated,,25203bfbef,br=0 nl=0,1,
inc/event/res/seasonevent/seasonal_tanabata_tch.txt#184#12,ちゃんと書いたよ,我有好好写了哦,translated,,b8b2179048,br=0 nl=0,1,
inc/event/res/seasonevent/seasonal_tanabata_tch.txt#186#12,"あらら……せっかくの七夕なんだから、
書かないと勿体無いよ。","哎呀呀……难得是七夕，
不写的话就太可惜啦。",translated,依恩,bb4251cf22,br=0 nl=1,2,
inc/event/res/seasonevent/seasonal_tanabata_tch.txt#187#12,"叶う叶わないは別にしても、
今日しかやれないことなんだから。","姑且不论能不能实现，
这可是只有今天才能做的事情嘛。",translated,依恩,6d05798636,br=0 nl=1,2,
inc/event/res/seasonevent/seasonal_tanabata_tch.txt#188#12,"って、わたしもまだ書いてないから、
偉そうなこと言えないか。","不过，我自己也还没写，
好像也没资格大言不惭就是了。",translated,依恩,85026cc0de,br=0 nl=1,2,
inc/event/res/seasonevent/seasonal_tanabata_tch.txt#191#12,わぁ、さすがだね！,哇啊，不愧是你呢！,translated,依恩,4b9c2c9db2,br=0 nl=0,1,
inc/event/res/seasonevent/seasonal_tanabata_tch.txt#192#12,"わたしも七夕が終わるまでに
書きに行けたらいいなぁ……。","要是我也能在七夕结束之前
去写上一张就好了呀……",translated,依恩,aa16be2f57,br=0 nl=1,2,
inc/event/res/seasonevent/seasonal_tanabata_tch.txt#193#12,"一年に一度しかない催しなんだもん。
やらなきゃ寂しいよ。","毕竟是一年一度的传统活动嘛。
要是不做的话总觉得很寂寞呢。",translated,依恩,048617c9ce,br=0 nl=1,2,
inc/event/res/seasonevent/seasonal_tanabata_tch.txt#195#12,"……そういえば、いつの間にか
暗くなってきたみたい。","……说起来，不知不觉间
天色好像暗下来了呢。",translated,依恩,4b456a4c0f,br=0 nl=1,2,
inc/event/res/seasonevent/seasonal_tanabata_tch.txt#196#12,これなら、星もよく見えるように……。,这样的话，星星也能看得更清楚……,translated,依恩,8c5ec6b68f,br=0 nl=0,1,
inc/event/res/seasonevent/seasonal_tanabata_tch.txt#198#12,え……えぇーっ！？,诶……诶诶――！？,translated,依恩,5788ac9a51,br=0 nl=0,1,
inc/event/res/seasonevent/seasonal_tanabata_tch.txt#199#12,"わわっ、すごい！　すごいよ！！
空に沢山星が出て、川になってる！","哇哇，好厉害！太厉害啦！！
夜空中冒出了好多星星，汇成了一条大河！",translated,依恩,c3fe7f09cd,br=0 nl=1,2,
inc/event/res/seasonevent/seasonal_tanabata_tch.txt#200#12,"こんなすごいの、見たことがないよ！
わぁ……すごく綺麗……。","这么壮观的景象，我还是头一次见到呢！
哇啊……真的好美啊……",translated,依恩,b73e28ad89,br=0 nl=1,2,
inc/event/res/seasonevent/seasonal_tanabata_tch.txt#202#12,天の川、見れたみたいだね,看来你看到银河了呢,translated,,5ad9d6049f,br=0 nl=0,1,
inc/event/res/seasonevent/seasonal_tanabata_tch.txt#204#12,うん！　すごく綺麗だよ！,嗯！真的太漂亮啦！,translated,依恩,691b93fb18,br=0 nl=0,1,
inc/event/res/seasonevent/seasonal_tanabata_tch.txt#205#12,"空に雲が一つもないから、
何にも邪魔されずに見えてるの。","因为天上连一片云彩都没有，
完全没有任何遮挡，看得清清楚楚呢。",translated,依恩,fca80cca51,br=0 nl=1,2,
inc/event/res/seasonevent/seasonal_tanabata_tch.txt#206#12,"こんなに綺麗だったんだ……。
自分の目で見れて、感激だよ。","原来竟然能有这么美丽……
能用自己的双眼亲眼看到，我太感动了。",translated,依恩,d25f994eba,br=0 nl=1,2,
inc/event/res/seasonevent/seasonal_tanabata_tch.txt#207#12,"あなたと一緒に見に来た天の川……
今日のことは、一生の思い出になるよ。","和你一起来看的这片银河……
今天的事情，一定会成为我一生的回忆哦。",translated,依恩,a68680b984,br=0 nl=1,2,
inc/event/res/seasonevent/seasonal_tanabata_tch.txt#208#12,"ありがと、わたしに付き合ってくれて。
本当に嬉しくて、幸せな気持ちになれたよ。","谢谢你，愿意陪在我的身边。
我真的好高兴，感到无比幸福哦。",translated,依恩,48b1fc1ddc,br=0 nl=1,2,
inc/event/res/seasonevent/seasonal_tanabata_tch.txt#210#12,ふぅ……。,呼……。,translated,依恩,a8365b834f,br=0 nl=0,1,
inc/event/res/seasonevent/seasonal_tanabata_tch.txt#211#12,"ふふっ、何だか変な感じ。
まだ視界に沢山の星がキラキラ光ってる
感じがするよ。","呵呵，总觉得有种奇妙的感觉。
感觉眼前仿佛依然闪烁着
无数闪闪发光的璀璨繁星呢。",translated,依恩,89b5498e56,br=0 nl=2,3,
inc/event/res/seasonevent/seasonal_tanabata_tch.txt#212#12,"はぁ……あんな星空が毎晩見れたら、
きっと幸せだろうなぁ……。","哈啊……要是每晚都能看到那样的星空，
肯定会感到无比幸福吧……",translated,依恩,6abc31d63e,br=0 nl=1,2,
inc/event/res/seasonevent/seasonal_tanabata_tch.txt#213#12,ありがたみがなくなっちゃうよ,那样可就没有稀罕感了哦,translated,,10bfdaa083,br=0 nl=0,1,
inc/event/res/seasonevent/seasonal_tanabata_tch.txt#215#12,あ～……それは確かにあるかも。,啊～……那确实也是有可能呢。,translated,依恩,2cfabcb79a,br=0 nl=0,1,
inc/event/res/seasonevent/seasonal_tanabata_tch.txt#216#12,"どんな綺麗な物でも、毎日見てたら
見飽きちゃって、今日みたいな感動は
できなくなっちゃうよね。","无论多么美好的事物，如果每天都看的话
肯定也会看腻，变得无法像今天这样
深深感动了对吧。",translated,依恩,28c9cbaa8d,br=0 nl=2,3,
inc/event/res/seasonevent/seasonal_tanabata_tch.txt#217#12,……また、来年も見れるかな？,……明年，还能再看得到吗？,translated,依恩,edf22e06d0,br=0 nl=0,1,
inc/event/res/seasonevent/seasonal_tanabata_tch.txt#218#12,"短冊に書くお願いは、また来年も
七夕の奇跡が起きてくれますように、
で決まりだね！","写在诗笺上的心愿，就决定定为
“希望明年也能再次降临七夕的奇迹”
啦！",translated,依恩,7334cad667,br=0 nl=2,3,
inc/event/res/seasonevent/seasonal_tanabata_tch.txt#219#12,"今日は付き合ってくれてありがと。
本当に、本当に楽しかったよ！","今天谢谢你陪我出来。
真的、真的玩得好开心哦！",translated,依恩,2d49b3a02b,br=0 nl=1,2,
inc/event/res/seasonevent/seasonal_tanabata_tch.txt#224#14,"仮想世界に行ったら、
七夕会場に行けた。
七夕の奇跡だね！","去了虚拟世界之后，
到达了七夕祭的会场。
这就是七夕的奇迹呢！",translated,,8b43779a64,br=0 nl=2,3,
inc/event/res/seasonevent/seasonal_unndoukai.txt#6#12,あ、来た来た～。,啊，来啦来啦～。,translated,依恩,f3214bfada,br=0 nl=0,1,
inc/event/res/seasonevent/seasonal_unndoukai.txt#11#12,あ、来た来た～。,啊，来啦来啦～。,translated,依恩,f3214bfada,br=0 nl=0,1,
inc/event/res/seasonevent/seasonal_unndoukai.txt#18#12,ねえ、いる～？,喂，你在吗～？,translated,依恩,d025f57817,br=0 nl=0,1,
inc/event/res/seasonevent/seasonal_unndoukai.txt#22#12,残念。,真遗憾。,translated,依恩,db119d5662,br=0 nl=0,1,
inc/event/res/seasonevent/seasonal_unndoukai_tch.txt#4#12,あ、いてくれたんだ～。,啊，原来你在呀～,translated,依恩,d82706abe6,br=0 nl=0,1,
inc/event/res/seasonevent/seasonal_unndoukai_tch.txt#7#12,"最近、お外を散歩するのが気持ちいい
気候になってきたよね。","最近的气候，变得去外面散散步
都让人觉得非常惬意舒适了呢。",translated,依恩,37e789f9a9,br=0 nl=1,2,
inc/event/res/seasonevent/seasonal_unndoukai_tch.txt#8#12,"少し外に出て、運動不足を解消するように
心がけようかな？","我是不是也该多到外面走走，
多留心去消除一下运动不足呢？",translated,依恩,b5b9fc0492,br=0 nl=1,2,
inc/event/res/seasonevent/seasonal_unndoukai_tch.txt#9#12,ねりこさんを誘って運動会をしよう,约上妮莉库一起办运动会吧,translated,,1620a5abd8,br=0 nl=0,1,
inc/event/res/seasonevent/seasonal_unndoukai_tch.txt#10#12,スポーツの秋、とも言うからね,俗话也说“运动之秋”嘛,translated,,084358ed38,br=0 nl=0,1,
inc/event/res/seasonevent/seasonal_unndoukai_tch.txt#12#12,"……ねりこさんが運動をするところ、
まったく想像できないんだけど。","……妮莉库运动的样子，
我可完全想象不出来呢。",translated,依恩,187912144e,br=0 nl=1,2,
inc/event/res/seasonevent/seasonal_unndoukai_tch.txt#13#12,"っていうか、運動会ってあれだよね？
大勢集まって、チーム対抗で色んな
競技をして競い合う行事……だっけ？","话说回来，运动会是指那个对吧？
就是很多人聚在一起，分队对抗进行
各种比赛项目的活动……对吧？",translated,依恩,6071170512,br=0 nl=2,3,
inc/event/res/seasonevent/seasonal_unndoukai_tch.txt#14#12,"ねりこさんに教えてもらったことが
あったけど、ずっと前のことだから
もうほとんど覚えてないよ……。","虽然以前妮莉库曾教过我，
但那是很久之前的事了，
我已经差不多忘得一干二净啦……",translated,依恩,84999f7497,br=0 nl=2,3,
inc/event/res/seasonevent/seasonal_unndoukai_tch.txt#17#12,"スポーツの秋……そういえば、ずっと前に
ねりこさんから聞いたことがあるよ。","运动之秋……说起来，很久以前
我也曾听妮莉库提起过呢。",translated,依恩,d2a7b81e9b,br=0 nl=1,2,
inc/event/res/seasonevent/seasonal_unndoukai_tch.txt#18#12,"確か、この季節は運動会という行事が
あって、色んな競技で競い合う風習がある、
って……。","我记得好像是说，在这个季节里
有叫做运动会的传统，大家会举办各种各样
的比赛项目互相竞技……",translated,依恩,81825eae66,br=0 nl=2,3,
inc/event/res/seasonevent/seasonal_unndoukai_tch.txt#19#12,"う～ん……話を聞いたのずっと前だから、
どんな競技があるのか思い出せないよ。","唔～……因为听她说也是很久以前的事了，
我已经想不起到底有哪些比赛项目了呢。",translated,依恩,933333058e,br=0 nl=1,2,
inc/event/res/seasonevent/seasonal_unndoukai_tch.txt#21#12,"でも、家の外で運動するとなると、
あなたを連れて行けないのがなぁ……。","不过，要是去屋子外面运动的话，
就没办法把你一起带过去啦……",translated,依恩,8dfc889fed,br=0 nl=1,2,
inc/event/res/seasonevent/seasonal_unndoukai_tch.txt#22#12,"家の中で運動すると、ドタバタ動いた時に
部屋がほこりまみれになっちゃうし……。","要是在家里运动的话，踩来跳去的
房间里又会变得满是灰尘……",translated,依恩,b838fe898e,br=0 nl=1,2,
inc/event/res/seasonevent/seasonal_unndoukai_tch.txt#23#12,仮想世界に運動しに行こう,去虚拟世界运动吧,translated,,f641d3bac5,br=0 nl=0,1,
inc/event/res/seasonevent/seasonal_unndoukai_tch.txt#25#12,"あっ、そっか！
それなら、仮想世界に行けばいいんだ！","啊，对哦！
那样的话，只要去虚拟世界就好啦！",translated,依恩,016c6957c0,br=0 nl=1,2,
inc/event/res/seasonevent/seasonal_unndoukai_tch.txt#26#12,"あそこならあなたと一緒にいられるし、
運動だっておもいっきりできるでしょ？","在那个地方的话既能和你在一起，
而且也能痛痛快快尽情运动对吧？",translated,依恩,b7127ba776,br=0 nl=1,2,
inc/event/res/seasonevent/seasonal_unndoukai_tch.txt#27#12,早速、出発しよう,马上出发吧,translated,,5ebe0fc3bb,br=0 nl=0,1,
inc/event/res/seasonevent/seasonal_unndoukai_tch.txt#29#12,"うん！
それじゃあ運動しに、しゅっぱーつ！","嗯！
那么为了去运动，出――发！",translated,依恩,341bb0de36,br=0 nl=1,2,
inc/event/res/seasonevent/seasonal_unndoukai_tch.txt#55#12,ふぅ……あれ？,呼……哎呀？,translated,依恩,c6dc914370,br=0 nl=0,1,
inc/event/res/seasonevent/seasonal_unndoukai_tch.txt#56#12,"ここって……もしかして、校庭かな？
ほら、向こうに校舎も見えるし。","这里……难道是操场吗？
你看，那边还能看得到教学楼呢。",translated,依恩,f26c9a248b,br=0 nl=1,2,
inc/event/res/seasonevent/seasonal_unndoukai_tch.txt#57#12,"運動しようと思って来たから、
気を利かせてくれたのかな？","难道是因为想着要运动才过来的，
所以它很机灵地体贴安排了吗？",translated,依恩,5c90a8051d,br=0 nl=1,2,
inc/event/res/seasonevent/seasonal_unndoukai_tch.txt#59#12,その服も、気遣いかな？,那身衣服也是它的体贴吗？,translated,,01479733f8,br=0 nl=0,1,
inc/event/res/seasonevent/seasonal_unndoukai_tch.txt#61#12,え？　……えぇっ！,诶？……诶诶！,translated,依恩,7260b44d56,br=0 nl=0,1,
inc/event/res/seasonevent/seasonal_unndoukai_tch.txt#62#12,"わ、わたしの服、変わっちゃってるよ！
いつの間に変わったんだろ……
全然気づかなかったよ。","我、我的衣服变掉了呀！
到底是什么时候变了的……
我完全没有注意到呢。",translated,依恩,b3770a9455,br=0 nl=2,3,
inc/event/res/seasonevent/seasonal_unndoukai_tch.txt#64#12,動きやすそうな服だね,看起来很方便活动的衣服呢,translated,,f6edcf7fd0,br=0 nl=0,1,
inc/event/res/seasonevent/seasonal_unndoukai_tch.txt#65#12,ブルマとは……よくわかってるな！,居然是灯笼裤……太懂行了吧！,translated,,1041c4dbc5,br=0 nl=0,1,
inc/event/res/seasonevent/seasonal_unndoukai_tch.txt#67#12,"言われてみれば……変に身体を締め付けたり
しないし、生地も軽いから動きやすいかも。","经你这么一说……确实没有紧绷束缚身体，
而且面料也很轻薄，活动起来很方便呢。",translated,依恩,889c243481,br=0 nl=1,2,
inc/event/res/seasonevent/seasonal_unndoukai_tch.txt#68#12,"何だか、すごくサービス精神旺盛だね。
ちょっとビックリだよ。","总觉得，服务精神还真是旺盛呢。
稍微有点吓到我了。",translated,依恩,40d57eb57f,br=0 nl=1,2,
inc/event/res/seasonevent/seasonal_unndoukai_tch.txt#71#12,もぉ……変な目で見てるでしょ？,真是的……你在用奇怪的眼神看我吧？,translated,依恩,03773113e2,br=0 nl=0,1,
inc/event/res/seasonevent/seasonal_unndoukai_tch.txt#72#12,"そんな目で見られてると思うと、
落ち着いて運動できなくなっちゃうよ。","一想到你用那种眼神看着我，
我就没办法静下心来运动了啦。",translated,依恩,404dc74cdf,br=0 nl=1,2,
inc/event/res/seasonevent/seasonal_unndoukai_tch.txt#74#12,"けど……運動ってどんなことすれば
いいのかな？","不过……运动的话到底该做些
什么才好呢？",translated,依恩,16a9745e3c,br=0 nl=1,2,
inc/event/res/seasonevent/seasonal_unndoukai_tch.txt#75#12,"柔軟体操とか、ストレッチくらいなら
時々自分でもやってるけど……。
本格的なのは、やった記憶ないの。","如果是柔韧体操或者拉伸之类的，
我自己平时偶尔也会做做……
但真正正规的，我可没做过呢。",translated,依恩,192f36418d,br=0 nl=2,3,
inc/event/res/seasonevent/seasonal_unndoukai_tch.txt#76#12,"ここはやっぱり……筋トレとかから
始めた方がいいのかな？","这种时候果然……还是先从力量训练
之类的开始比较好吗？",translated,依恩,87b759bed5,br=0 nl=1,2,
inc/event/res/seasonevent/seasonal_unndoukai_tch.txt#78#12,目指せムキムキ！　マッチョイオン！,目标是肌肉满满！肌肉依恩！,translated,,a0fbe3d2ab,br=0 nl=0,1,
inc/event/res/seasonevent/seasonal_unndoukai_tch.txt#79#12,走るのもダイエットにいいよ,跑步对减肥也很有好处哦,translated,,9b79b42558,br=0 nl=0,1,
inc/event/res/seasonevent/seasonal_unndoukai_tch.txt#81#12,"わたしが考えてる運動のレベルを
遥かに超え過ぎてるよ！","这远远超过了我所考虑的
运动水准啦！",translated,依恩,d3bbc4955d,br=0 nl=1,2,
inc/event/res/seasonevent/seasonal_unndoukai_tch.txt#82#12,"もちろん、ちょっとは腕立て伏せとかも
やろうかなとは思ってるけど、ムキムキは
嫌だもん。","虽然我也想过要不要稍微
做做俯卧撑之类的，
但我可讨厌浑身肌肉啦。",translated,依恩,5b674c56e8,br=0 nl=2,3,
inc/event/res/seasonevent/seasonal_unndoukai_tch.txt#83#12,"忘れられてる気がするから
一応言っておくけど、わたし、女の子だよ？","感觉你好像忘了，
所以我先提醒一下，我可是女孩子哦？",translated,依恩,75f8bd041f,br=0 nl=1,2,
inc/event/res/seasonevent/seasonal_unndoukai_tch.txt#86#12,"だ、ダイエットが必要なほど
太ってないもん！","我、我又没胖到需要
去减肥的地步！",translated,依恩,24bf837ef7,br=0 nl=1,2,
inc/event/res/seasonevent/seasonal_unndoukai_tch.txt#87#12,"……でも、そっか。
ダイエットには走るのがいいんだ？","……不过，是这样啊。
原来跑步对减肥有好处呀？",translated,依恩,5290397ef9,br=0 nl=1,2,
inc/event/res/seasonevent/seasonal_unndoukai_tch.txt#88#12,……後でメモしておこっと。,……等会儿记到备忘录里去好了。,translated,依恩,5575d52f98,br=0 nl=0,1,
inc/event/res/seasonevent/seasonal_unndoukai_tch.txt#90#12,"それにしても、まさかこんな本格的に
運動する場所に来るとは思わなかったから、
ちょっと緊張するよ。","话虽如此，真没想到会来到这种
能够正规运动的地方，
稍微有点紧张呢。",translated,依恩,3fba9163da,br=0 nl=2,3,
inc/event/res/seasonevent/seasonal_unndoukai_tch.txt#91#12,"軽くストレッチしたり、一緒に歩いたりして
身体を動かそうと思っただけだったの。","我原本只是想稍微拉伸一下，
或是和你一起散散步活动下身体而已。",translated,依恩,b2081d5506,br=0 nl=1,2,
inc/event/res/seasonevent/seasonal_unndoukai_tch.txt#92#12,"だから、急にこんな動きやすい服になって、
何でもできそうな場所に来ても……
正直、ちょっと困るよ。","所以，突然换上这么方便活动的衣服，
还来到这种仿佛什么都能做的地方……
说实话，有点不知所措呢。",translated,依恩,86ca564e9b,br=0 nl=2,3,
inc/event/res/seasonevent/seasonal_unndoukai_tch.txt#93#12,"それとも、たまには無理してでも
激しい運動しろ、ってことなのかな？","还是说，你的意思是让我偶尔
就算勉强自己也要剧烈运动呢？",translated,依恩,fafb121a3a,br=0 nl=1,2,
inc/event/res/seasonevent/seasonal_unndoukai_tch.txt#95#12,いきなり激しいのは身体を壊す,突然剧烈运动会搞垮身体的,translated,,537c7b8e5c,br=0 nl=0,1,
inc/event/res/seasonevent/seasonal_unndoukai_tch.txt#97#12,"そ、そうだよね！
うん、わたしもそう思う。","就、就是说嘛！
嗯，我也这么觉得。",translated,依恩,da0d491c46,br=0 nl=1,2,
inc/event/res/seasonevent/seasonal_unndoukai_tch.txt#98#12,"いきなり筋トレとか、マラソンとかやって、
それで身体壊したら意味がないもん。","一上来就做力量训练或者跑马拉松，
要是因此搞垮了身体就本末倒置了。",translated,依恩,629a594c6a,br=0 nl=1,2,
inc/event/res/seasonevent/seasonal_unndoukai_tch.txt#99#12,"それに、明日筋肉痛でヨロヨロした姿を
あなたに見られるのは恥かしいし……。","而且，明天因为肌肉酸痛而走不稳路的样子
要是被你看到的话也很害羞……",translated,依恩,4d7f155665,br=0 nl=1,2,
inc/event/res/seasonevent/seasonal_unndoukai_tch.txt#100#12,"だから、今日はゆっくりと身体を動かす
運動にするよ。","所以，今天就做些
能够慢慢活动身体的运动吧。",translated,依恩,0f569895a0,br=0 nl=1,2,
inc/event/res/seasonevent/seasonal_unndoukai_tch.txt#101#12,"とりあえず準備運動したら、
軽くジョギングをしてみよっかな？","首先做完准备运动之后，
稍微去慢跑一下看看吧？",translated,依恩,0775096ab3,br=0 nl=1,2,
inc/event/res/seasonevent/seasonal_unndoukai_tch.txt#103#12,頑張ってね！,要加油哦！,translated,,4b6ea0b313,br=0 nl=0,1,
inc/event/res/seasonevent/seasonal_unndoukai_tch.txt#105#12,あなたの応援があれば百人力だよ。,有了你的支持，我就像拥有了百人之力呢。,translated,依恩,c3ef2ef57a,br=0 nl=0,1,
inc/event/res/seasonevent/seasonal_unndoukai_tch.txt#106#12,それじゃ、そろそろ始めよっと。,那么，我差不多要开始咯。,translated,依恩,852fb8787d,br=0 nl=0,1,
inc/event/res/seasonevent/seasonal_unndoukai_tch.txt#108#12,ふぅ～……あ～、気持ちよかったぁ！,呼～……啊～，好舒服啊！,translated,依恩,a8fa39e012,br=0 nl=0,1,
inc/event/res/seasonevent/seasonal_unndoukai_tch.txt#109#12,"やっぱり広い場所で身体を動かすと、
疲れよりも爽快感の方が強く感じられるね。","果然在宽敞的地方活动身体，
比起疲惫更能体会到爽快感呢。",translated,依恩,9e5a653c4e,br=0 nl=1,2,
inc/event/res/seasonevent/seasonal_unndoukai_tch.txt#110#12,"今度行った時には、もう少し激しい運動を
してもいいかもしれないね。","下次再去的时候，稍微尝试更剧烈一点的
运动或许也不错呢。",translated,依恩,c8abecd7e1,br=0 nl=1,2,
inc/event/res/seasonevent/seasonal_unndoukai_tch.txt#111#12,その時のために、服を作ろう,为了那个时候，来做件衣服吧,translated,,fcfd405426,br=0 nl=0,1,
inc/event/res/seasonevent/seasonal_unndoukai_tch.txt#113#12,えっ……あっ、服が元に戻ってる！,诶……啊，衣服变回原样了！,translated,依恩,ea2233a742,br=0 nl=0,1,
inc/event/res/seasonevent/seasonal_unndoukai_tch.txt#114#12,"あの服、運動するのにすごく良かったのに、
持って帰れなかったんだね……。","那套衣服明明非常适合运动，
却没法带回来呢……",translated,依恩,abf6cc6fdd,br=0 nl=1,2,
inc/event/res/seasonevent/seasonal_unndoukai_tch.txt#115#12,"家で運動する時にも便利だから、
レシピを作っておくことにするよ。","在家里运动时也很方便，
我决定把配方记下来。",translated,依恩,5d234255f8,br=0 nl=1,2,
inc/event/res/seasonevent/seasonal_unndoukai_tch.txt#116#12,"材料が集まったら、早速作ってみたいな。
上手くできるように祈っててね。","等材料凑齐了，真想马上做做看呢。
一定要为我祈祷能顺利做好哦。",translated,依恩,0208d9bfe0,br=0 nl=1,2,
inc/event/res/seasonevent/seasonal_unndoukai_tch.txt#118#12,<CLY2>レシピ【運動着？】が追加されました。,<CLY2>追加了配方【运动服？】。,translated,系统文本,1b0a92d76c,<CLY2> br=0 nl=0,1,keep-tags <CLY2>
inc/event/res/seasonevent/seasonal_unndoukai_tch.txt#122#12,"ねえねえ、前に仮想世界に行った時に、
校庭に出た時のこと覚えてる？","呐呐，之前去虚拟世界的时候，
去到操场上的事你还记得吗？",translated,依恩,73e49283fe,br=0 nl=1,2,
inc/event/res/seasonevent/seasonal_unndoukai_tch.txt#123#12,"あそこに行ったのって、確か今くらいの
時期だったよね。","去那里的时候，我记得
确实也是现在的这个时期呢。",translated,依恩,a9d64cb93b,br=0 nl=1,2,
inc/event/res/seasonevent/seasonal_unndoukai_tch.txt#124#12,"実は、最近ちょっと運動不足気味で、
ちょっと体が重たい感じがするの。","其实，我最近感觉有点运动不足，
身体总觉得沉甸甸的。",translated,依恩,c1d40de89e,br=0 nl=1,2,
inc/event/res/seasonevent/seasonal_unndoukai_tch.txt#125#12,"だから、ちょっと身体を動かしに行こうと
思ってるんだけど……どうかな？","所以，我想去稍微活动活动身体……
你觉得怎么样？",translated,依恩,bc937f4f40,br=0 nl=1,2,
inc/event/res/seasonevent/seasonal_unndoukai_tch.txt#126#12,いい考えだと思う,我觉得是个好主意,translated,,76a4152156,br=0 nl=0,1,
inc/event/res/seasonevent/seasonal_unndoukai_tch.txt#128#12,うん、それじゃあ早速行こっか！,嗯，那我们这就出发吧！,translated,依恩,2be20d1706,br=0 nl=0,1,
inc/event/res/seasonevent/seasonal_unndoukai_tch.txt#130#12,さてと、まずは準備運動から……。,好嘞，首先从准备运动开始……,translated,依恩,f8be9269d8,br=0 nl=0,1,
inc/event/res/seasonevent/seasonal_unndoukai_tch.txt#131#12,"って、あれ！？
何だか生徒達が校庭に集まってきてる！","哎，等等！？
怎么学生们全都聚到操场上来了！",translated,依恩,f8b0b3f1e5,br=0 nl=1,2,
inc/event/res/seasonevent/seasonal_unndoukai_tch.txt#132#12,"あんなに大勢の生徒が一気に集まるなんて、
何が始まるのかな？","那么多学生一下子聚在一起，
是有什么要开始了吗？",translated,依恩,c5e3eed34c,br=0 nl=1,2,
inc/event/res/seasonevent/seasonal_unndoukai_tch.txt#134#12,もしかして、運動会かな？,难道说，是运动会吗？,translated,,92863fc9d7,br=0 nl=0,1,
inc/event/res/seasonevent/seasonal_unndoukai_tch.txt#135#12,授業をボイコット！？　学級崩壊だ！！,罢课！？班级秩序崩溃了！！,translated,,d5dd214c73,br=0 nl=0,1,
inc/event/res/seasonevent/seasonal_unndoukai_tch.txt#137#12,"運動会？　そういえば、校舎に横断幕が
掛かってるよ。","运动会？这么说来，教学楼上
挂着横幅呢。",translated,依恩,9b0ab0ebb3,br=0 nl=1,2,
inc/event/res/seasonevent/seasonal_unndoukai_tch.txt#140#12,"え、えっと……多分違うと思うよ？
そんなに殺伐とした感じじゃないし……。","诶、那个……我想应该不是吧？
并没有那种剑拔弩张的氛围呀……",translated,依恩,4f92c662c4,br=0 nl=1,2,
inc/event/res/seasonevent/seasonal_unndoukai_tch.txt#141#12,"あっ、校舎に横断幕が掛かってるよ。
えっと……秋季運動会……。","啊，教学楼上挂着横幅呢。
那个……秋季运动会……",translated,依恩,afb8a2f6e0,br=0 nl=1,2,
inc/event/res/seasonevent/seasonal_unndoukai_tch.txt#143#12,そっかぁ、今日って運動会の日だったんだ。,原来如此啊，今天原来是运动会的日子呀。,translated,依恩,39c1843d50,br=0 nl=0,1,
inc/event/res/seasonevent/seasonal_unndoukai_tch.txt#144#12,"でも、これじゃあ運動できないね。
すぐに校庭にみんな集まってくると思うし。","不过，这样一来就没法运动了呢。
感觉大家马上就会全都聚集到操场上。",translated,依恩,bd1407c8a1,br=0 nl=1,2,
inc/event/res/seasonevent/seasonal_unndoukai_tch.txt#145#12,"そういえば、運動会って色んな競技をする、
って前に聞いたけど……どういう競技を
するのかな？","这么说来，我之前听说
运动会上有各种各样的比赛项目……
具体都会比些什么项目呢？",translated,依恩,bc7628001b,br=0 nl=2,3,
inc/event/res/seasonevent/seasonal_unndoukai_tch.txt#146#12,走って、玉入れして、あとは、えっと……。,跑步、投球入筐，然后还有，那个……,translated,依恩,f2613bda61,br=0 nl=0,1,
inc/event/res/seasonevent/seasonal_unndoukai_tch.txt#148#12,騎馬戦だよ！,是骑马战哦！,translated,,97c709bdd7,br=0 nl=0,1,
inc/event/res/seasonevent/seasonal_unndoukai_tch.txt#149#12,組体操だよ！,是叠罗汉体操哦！,translated,,14d2986ca4,br=0 nl=0,1,
inc/event/res/seasonevent/seasonal_unndoukai_tch.txt#150#12,大玉転がしだよ！,是滚大球哦！,translated,,c9dca85b4c,br=0 nl=0,1,
inc/event/res/seasonevent/seasonal_unndoukai_tch.txt#152#12,騎馬戦って、四人一組でする競技だよね？,骑马战是四个人一组的比赛对吧？,translated,依恩,0a00003e5b,br=0 nl=0,1,
inc/event/res/seasonevent/seasonal_unndoukai_tch.txt#153#12,"三人が馬になって、一人がその上に乗って、
他の馬とぶつかり合って帽子を取り合う、
っていう……。","三个人当马，一个人骑在上面，
去和其他的马互相碰撞抢帽子，
是这种对吧……",translated,依恩,0f6216da32,br=0 nl=2,3,
inc/event/res/seasonevent/seasonal_unndoukai_tch.txt#154#12,"迫力はありそうだけど、女の子のわたしは
怖くてちょっとできそうにないよ。","虽然看起来很有气势，但作为女孩子的我
实在太害怕了，感觉有点做不来呢。",translated,依恩,2b568de99a,br=0 nl=1,2,
inc/event/res/seasonevent/seasonal_unndoukai_tch.txt#157#12,あっ、それがあったね！,啊，还有那个呢！,translated,依恩,e6bc75c9b6,br=0 nl=0,1,
inc/event/res/seasonevent/seasonal_unndoukai_tch.txt#158#12,"二人とか三人でするのもすごいけど、
大勢で作る大きなピラミッドなんか、
迫力があってすごいよね！","两三个人一起做的也很厉害，
但大家一起搭起的大金字塔，
真是震撼又壮观呢！",translated,依恩,ef2c1e1701,br=0 nl=2,3,
inc/event/res/seasonevent/seasonal_unndoukai_tch.txt#159#12,"……まあ、一番上に乗る人になれ、って
言われたら、怖くて遠慮するけど。","……不过，要是让我去当最顶上的人，
我肯定会因为害怕而敬谢不敏就是了。",translated,依恩,b90231c330,br=0 nl=1,2,
inc/event/res/seasonevent/seasonal_unndoukai_tch.txt#162#12,"大玉転がしって、人くらい大きい玉を
みんなで転がしてゴールに持っていく
競技だよね？","滚大球就是大家一起推着
差不多有人那么大的球滚向终点的
比赛项目对吧？",translated,依恩,c5e573e149,br=0 nl=2,3,
inc/event/res/seasonevent/seasonal_unndoukai_tch.txt#163#12,"あれ、すごく面白そうだよね！
わたしもいつかやってみたいなぁ、って
思ってるの。","那个看起来真的很有趣呢！
我也一直在想，
什么时候能亲自去玩玩看呢。",translated,依恩,c8d26e6914,br=0 nl=2,3,
inc/event/res/seasonevent/seasonal_unndoukai_tch.txt#165#12,"せっかくだし、ちょっと見学して
いこうかな？","难得碰上，稍微在这里
参观一下再走吧？",translated,依恩,4cf59fcad2,br=0 nl=1,2,
inc/event/res/seasonevent/seasonal_unndoukai_tch.txt#166#12,"生徒達の盛り上がり方を見てると、
何だかすごく面白くなりそうだし。","看着学生们兴高采烈的样子，
总觉得会变得非常有趣呢。",translated,依恩,7a99c1687c,br=0 nl=1,2,
inc/event/res/seasonevent/seasonal_unndoukai_tch.txt#168#12,こっそり混じっちゃえば？,悄悄混进去不就好了？,translated,,753e73120b,br=0 nl=0,1,
inc/event/res/seasonevent/seasonal_unndoukai_tch.txt#170#12,"えぇっ！？　で、でも、それはちょっと
無謀過ぎるよぉ……。","诶诶！？可、可是，那样做
也太乱来了啦……",translated,依恩,eea0902838,br=0 nl=1,2,
inc/event/res/seasonevent/seasonal_unndoukai_tch.txt#171#12,"どんな競技をやるのかわからないのに、
急に混じってすごく苦手なのをやることに
なったら、迷惑かけちゃうもん。","我都不知道要比些什么项目，
要是突然混进去结果碰上完全不擅长的，
会给大家添麻烦的嘛。",translated,依恩,93cc14a6bb,br=0 nl=2,3,
inc/event/res/seasonevent/seasonal_unndoukai_tch.txt#172#12,"それに、迫力のある競技もあるはずだから、
わたしは見てるだけで十分だよ。","而且应该也有很有冲击力的比赛，
我光是在旁边看着就很满足了。",translated,依恩,993fc8d8e1,br=0 nl=1,2,
inc/event/res/seasonevent/seasonal_unndoukai_tch.txt#174#12,せっかくの機会なのに,难得有这样的机会,translated,,d3ca13e95c,br=0 nl=0,1,
inc/event/res/seasonevent/seasonal_unndoukai_tch.txt#176#12,ううん、本当に見てるだけで満足だよ。,不用啦，我真的只要看着就很满足了哦。,translated,依恩,325613c6f3,br=0 nl=0,1,
inc/event/res/seasonevent/seasonal_unndoukai_tch.txt#177#12,"わたし一人だったら寂しく感じるけど、
隣にあなたもいてくれるし……。","要是我一个人的话可能会觉得寂寞，
但有你在我身边陪着……",translated,依恩,1b39027f23,br=0 nl=1,2,
inc/event/res/seasonevent/seasonal_unndoukai_tch.txt#178#12,"最初の目的とは変わっちゃったけど、
せっかくの機会なんだし、一緒に楽しもう。","虽然跟最初的目的有些偏差，
但毕竟难得碰上，就一起好好享受吧。",translated,依恩,a91555d350,br=0 nl=1,2,
inc/event/res/seasonevent/seasonal_unndoukai_tch.txt#179#12,"あっ、開会の言葉だって！
ふふっ、楽しみだなぁ……。","啊，开幕式致辞开始了！
呵呵，好期待呀……",translated,依恩,9cd065fe6d,br=0 nl=1,2,
inc/event/res/seasonevent/seasonal_unndoukai_tch.txt#181#12,"ただいまー！
あ～、楽しかったぁ！","我回来啦――！
啊～，玩得好开心呀！",translated,依恩,0e28bb27dd,br=0 nl=1,2,
inc/event/res/seasonevent/seasonal_unndoukai_tch.txt#182#12,騎馬戦、すごく盛り上がったね！,骑马战的气氛真是热烈呢！,translated,依恩,1960341869,br=0 nl=0,1,
inc/event/res/seasonevent/seasonal_unndoukai_tch.txt#183#12,"目の前で、あんなに激しくぶつかり
合うんだもん。
見ていてすごくハラハラしちゃった……。","在眼前那么激烈地
撞在一起呢。
看得我手心都捏了一把汗……",translated,依恩,244f4227d1,br=0 nl=2,3,
inc/event/res/seasonevent/seasonal_unndoukai_tch.txt#184#12,運動会、また見に行きたいなぁ。,运动会，真想再去看看呢。,translated,依恩,81b6580e38,br=0 nl=0,1,
inc/event/res/seasonevent/seasonal_unndoukai_tch.txt#185#12,今度は参加しようね,下次一起参加吧,translated,,4344547a02,br=0 nl=0,1,
inc/event/res/seasonevent/seasonal_unndoukai_tch.txt#187#12,あ、あはは……考えておくよ。,啊、啊哈哈……我会考虑考虑的。,translated,依恩,80ad0268b3,br=0 nl=0,1,
inc/event/res/seasonevent/seasonal_unndoukai_tch.txt#188#12,"それじゃあ、今日は付き合ってくれて
ありがと。","那么，今天谢谢你
能陪着我啦。",translated,依恩,3fe5786d92,br=0 nl=1,2,
inc/event/res/seasonevent/seasonal_unndoukai_tch.txt#189#12,"今度はどこに行こうかな？
ふふっ、今から考えるのが楽しみだよ。","下次要去哪里好呢？
呵呵，从现在开始思考就觉得好期待呢。",translated,依恩,bc80662e1a,br=0 nl=1,2,
inc/event/res/seasonevent/seasonal_unndoukai_tch.txt#194#14,"運動会、いつかは参加
したいけど運動不足の
わたしには辛いかも。","虽说总有一天想参加
运动会，但对缺乏运动的
我来说可能会很吃力吧。",translated,,b43498541c,br=0 nl=2,3,
inc/event/res/seasonevent/seasonal_valentine01.txt#11#12,えへへ♪　おまたせ～。,嘿嘿♪让你久等啦～,translated,依恩,175d91e9f4,br=0 nl=0,1,
inc/event/res/seasonevent/seasonal_valentine01.txt#16#12,あ、来た来た～。,啊，来啦来啦～,translated,依恩,f3214bfada,br=0 nl=0,1,
inc/event/res/seasonevent/seasonal_valentine01.txt#18#12,えへへ♪　おまたせ～。,嘿嘿♪让你久等啦～,translated,依恩,175d91e9f4,br=0 nl=0,1,
inc/event/res/seasonevent/seasonal_valentine01.txt#23#12,ねえ、いる～？,呐，你在吗～？,translated,依恩,d025f57817,br=0 nl=0,1,
inc/event/res/seasonevent/seasonal_valentine01.txt#27#12,残念。,真可惜。,translated,依恩,db119d5662,br=0 nl=0,1,
inc/event/res/seasonevent/seasonal_valentine01m.txt#5#12,"えっと……今日ってバレンタインデー、
っていう日なんだよね？","那个……今天就是所谓的
情人节对吧？",translated,依恩,5eef95bfd6,br=0 nl=1,2,
inc/event/res/seasonevent/seasonal_valentine01m.txt#7#12,"もうすぐバレンタインデーだね。
今からワクワクしちゃってるの。","马上就是情人节了呢。
我现在就已经兴奋不已了。",translated,依恩,a140f2c80c,br=0 nl=1,2,
inc/event/res/seasonevent/seasonal_valentine01m.txt#9#12,何で知ってるの？,你怎么会知道的？,translated,,967d7adcba,br=0 nl=0,1,
inc/event/res/seasonevent/seasonal_valentine01m.txt#11#12,ねりこさんが教えてくれたの。,是妮莉库告诉我的。,translated,依恩,60f3d629af,br=0 nl=0,1,
inc/event/res/seasonevent/seasonal_valentine01m.txt#12#12,"あやつの世界にはバレンタインデーという、
大好きな人にチョコレートを贈るイベントが
催される日があるのじゃ、って。","她说‘在那个家伙的世界里，
有个叫做情人节的日子，会举办向
最喜欢的人赠送巧克力的活动呢’。",translated,依恩,20bee19206,br=0 nl=2,3,
inc/event/res/seasonevent/seasonal_valentine01m.txt#13#12,"……もしかして、あなたも誰かから
チョコをもらったりした？","……难道说，你也收到
别人送的巧克力了吗？",translated,依恩,a7c7c63f83,br=0 nl=1,2,
inc/event/res/seasonevent/seasonal_valentine01m.txt#14#12,もらってない……ぐすん,没收到……呜呜,translated,,0e68f1514e,br=0 nl=0,1,
inc/event/res/seasonevent/seasonal_valentine01m.txt#15#12,もらったよ,收到了哦,translated,,64f50720e7,br=0 nl=0,1,
inc/event/res/seasonevent/seasonal_valentine01m.txt#17#12,わわっ、な、泣かないで！,哇哇，别、别哭呀！,translated,依恩,e4f6d92502,br=0 nl=0,1,
inc/event/res/seasonevent/seasonal_valentine01m.txt#18#12,"でも、もらえないとそんなに
悲しくなっちゃう日なんだ……？","不过，要是收不到的话，
原来是会让人这么伤心的日子吗……？",translated,依恩,a8fe6894bf,br=0 nl=1,2,
inc/event/res/seasonevent/seasonal_valentine01m.txt#21#12,ふふっ、そうだと思った。,呵呵，我就知道会是这样。,translated,依恩,81a2028361,br=0 nl=0,1,
inc/event/res/seasonevent/seasonal_valentine01m.txt#22#12,"あなたみたいな素敵な人なら、
みんなが放っておかないのも当然だもん。","毕竟像你这么优秀的人，
大家肯定都不会放过这个机会的嘛。",translated,依恩,5a36a14879,br=0 nl=1,2,
inc/event/res/seasonevent/seasonal_valentine01m.txt#24#12,"わたしもね、本当はあなたへの想いを
ギュッと詰め込んだチョコを作って
あげたいんだけど……。","我也好想亲手做一份
饱含对你的心意的巧克力
送给你呢……",translated,依恩,e2c346fec2,br=0 nl=2,3,
inc/event/res/seasonevent/seasonal_valentine01m.txt#25#12,"あなたの世界にチョコを送る方法が、
どうしても見つからないの。","可是把巧克力送到你的世界去的方法，
无论如何都找不到。",translated,依恩,f2ed9e1a83,br=0 nl=1,2,
inc/event/res/seasonevent/seasonal_valentine01m.txt#26#12,"ねりこさんに相談したんだけど、
それはさすがに無理だ、って
言われちゃった。","我去找妮莉库商量过，
也被她说了‘那个再怎么说
也是不可能的啦’。",translated,依恩,0943e03edf,br=0 nl=2,3,
inc/event/res/seasonevent/seasonal_valentine01m.txt#27#12,気持ちだけで嬉しい,有这份心意我就很高兴了,translated,,7a3edcbe4f,br=0 nl=0,1,
inc/event/res/seasonevent/seasonal_valentine01m.txt#29#12,"……あなたは優しいから、
そう言うんじゃないかな、って思ったよ。","……你那么温柔，
我就猜到你会这么说了。",translated,依恩,5ac346fe48,br=0 nl=1,2,
inc/event/res/seasonevent/seasonal_valentine01m.txt#30#12,"でも……好きな人に何もできないのは、
女の子の方だって辛いんだよ？","但是……没法为喜欢的人做任何事，
作为女孩子也是很难受的呀？",translated,依恩,4e0cd9a360,br=0 nl=1,2,
inc/event/res/seasonevent/seasonal_valentine01m.txt#31#12,"だから、チョコレートは渡せないけど、
代わりにわたしとデートに行く、って
いうのは……どう、かな？","所以，虽然没法送你巧克力，
但作为代替……和我去约会，
你觉得……怎么样呢？",translated,依恩,a89ddb38dd,br=0 nl=2,3,
inc/event/res/seasonevent/seasonal_valentine01m.txt#32#12,いいね！　今すぐ行こう！,太棒了！现在就走吧！,translated,,8cc380bd7f,br=0 nl=0,1,
inc/event/res/seasonevent/seasonal_valentine01m.txt#33#12,うん、いいよ,嗯，好呀,translated,,da5ebe2bf0,br=0 nl=0,1,
inc/event/res/seasonevent/seasonal_valentine01m.txt#35#12,"ふふっ、そんなに喜んでもらえるとは
思わなかったよ。","呵呵，没想到
你会这么开心呢。",translated,依恩,bcc1dd4db6,br=0 nl=1,2,
inc/event/res/seasonevent/seasonal_valentine01m.txt#36#12,それじゃ、早速出発しよ。,那么，我们这就出发吧。,translated,依恩,bd6755b2a0,br=0 nl=0,1,
inc/event/res/seasonevent/seasonal_valentine01m.txt#39#12,"ありがと。
それじゃ、早速出発しよ。","谢谢你。
那我们这就出发吧。",translated,依恩,128b494cc6,br=0 nl=1,2,
inc/event/res/seasonevent/seasonal_valentine01m.txt#65#12,とうちゃ～く！,到啦～！,translated,依恩,4751473d82,br=0 nl=0,1,
inc/event/res/seasonevent/seasonal_valentine01m.txt#66#12,"ふふっ、場所はわたしが決めちゃったけど、
カフェで良かったかな？","呵呵，地点虽然是我擅自定下的，
选在咖啡厅还可以吗？",translated,依恩,5e0e8a7220,br=0 nl=1,2,
inc/event/res/seasonevent/seasonal_valentine01m.txt#68#12,いつの間に着替えたの？,你什么时候换的衣服？,translated,,e3f5969dd5,br=0 nl=0,1,
inc/event/res/seasonevent/seasonal_valentine01m.txt#70#12,えっ……あ、あれ！？,诶……哎、哎呀！？,translated,依恩,6c9967f45d,br=0 nl=0,1,
inc/event/res/seasonevent/seasonal_valentine01m.txt#71#12,"本当だ！
いつの間にか服が変わっちゃってるよ！","真的耶！
不知不觉间衣服变样了！",translated,依恩,1f91177e08,br=0 nl=1,2,
inc/event/res/seasonevent/seasonal_valentine01m.txt#72#12,"どうしてだろう……。
場所以外に服も変わるなんてこと、
あるのかな？","怎么会这样呢……
除了地点之外，难道连衣服
也会跟着改变吗？",translated,依恩,3ade159520,br=0 nl=2,3,
inc/event/res/seasonevent/seasonal_valentine01m.txt#74#12,凄く似合ってるよ,非常适合你哦,translated,,1bd5b5169d,br=0 nl=0,1,
inc/event/res/seasonevent/seasonal_valentine01m.txt#75#12,バレンタインデーの奇跡かも,也许是情人节的奇迹呢,translated,,fa36195ed0,br=0 nl=0,1,
inc/event/res/seasonevent/seasonal_valentine01m.txt#77#12,えっ……そ、そうかな？,诶……是、是这样吗？,translated,依恩,1d714818ef,br=0 nl=0,1,
inc/event/res/seasonevent/seasonal_valentine01m.txt#78#12,"ちょっと不思議だけど、あなたが喜んで
くれてるなら、気にしないことにするよ。","虽然有点不可思议，但只要你感到
高兴的话，我就不去在意它啦。",translated,依恩,f69b1cb2ca,br=0 nl=1,2,
inc/event/res/seasonevent/seasonal_valentine01m.txt#81#12,"そっか……そういうことがあっても、
おかしくはないよね？","是吗……就算发生这种事，
也不足为奇对吧？",translated,依恩,68aae210df,br=0 nl=1,2,
inc/event/res/seasonevent/seasonal_valentine01m.txt#82#12,"だって、わたしと違う世界に住んでいる
あなたと、こうして出会えたりすることも
あるんだもん。","毕竟我和生活在不同世界的你，
都能够像现在这样相遇，
这也已经是不可思议的事了嘛。",translated,依恩,b54d54109c,br=0 nl=2,3,
inc/event/res/seasonevent/seasonal_valentine01m.txt#83#12,"それに比べれば、服が変わるくらいの
奇跡があっても、不思議じゃないよね。","与之相比，仅仅是换了套衣服这种
小奇迹，也没什么好不可思议的呢。",translated,依恩,ebeee91b47,br=0 nl=1,2,
inc/event/res/seasonevent/seasonal_valentine01m.txt#86#12,"ふふっ、でも嬉しいなぁ。
こうしてバレンタインデーっていう
特別な日に、あなたとデートできるなんて。","呵呵，不过我真的很开心呢。
能在这个叫做情人节的特别日子里，
和你一起出来约会。",translated,依恩,3e97adb9d9,br=0 nl=2,3,
inc/event/res/seasonevent/seasonal_valentine01m.txt#87#12,本当はね……ちょっとだけ不安だったの。,其实呢……我之前稍微有些不安。,translated,依恩,48937d1819,br=0 nl=0,1,
inc/event/res/seasonevent/seasonal_valentine01m.txt#88#12,"もしかしたら、今日は会いに
来てくれないんじゃないか、って……。","我在想，今天你也许
不会来见我了也说不定……",translated,依恩,66ef8e473c,br=0 nl=1,2,
inc/event/res/seasonevent/seasonal_valentine01m.txt#90#12,でも……ちょっとだけ不安もあるの。,不过……我心里也稍微有些不安。,translated,依恩,60f100a5eb,br=0 nl=0,1,
inc/event/res/seasonevent/seasonal_valentine01m.txt#91#12,"もしかしたら、当日は会いに
来てくれないんじゃないか、って……。","我在想，到了当天你也许
不会来见我了也说不定……",translated,依恩,6e426a84e7,br=0 nl=1,2,
inc/event/res/seasonevent/seasonal_valentine01m.txt#93#12,"あなたは優しくて素敵な人だもん。
きっと、そっちの世界には……その……。","毕竟你既温柔又优秀嘛。
在你的那个世界里肯定有……那个……",translated,依恩,efed3143c5,br=0 nl=1,2,
inc/event/res/seasonevent/seasonal_valentine01m.txt#94#12,"……大切な人が、
いるんじゃないかな、って。","……肯定有对你来说很重要的
人在吧，我是这么想的。",translated,依恩,71cd462bb7,br=0 nl=1,2,
inc/event/res/seasonevent/seasonal_valentine01m.txt#96#12,イオンは大切な人だよ,依恩就是对我重要的人哦,translated,,b96a8303c4,br=0 nl=0,1,
inc/event/res/seasonevent/seasonal_valentine01m.txt#97#12,そんな人いないよ,没有那样的人哦,translated,,571c5e6ac4,br=0 nl=0,1,
inc/event/res/seasonevent/seasonal_valentine01m.txt#99#12,……ありがとう。,……谢谢你们。,translated,依恩,12f426d1a8,br=0 nl=0,1,
inc/event/res/seasonevent/seasonal_valentine01m.txt#100#12,"ご、ごめんね！
ありがとうしか言えないけど、
本当に嬉しいと思ってるの。","对、对不起！
虽然除了谢谢我不知道该说什么，
但我真的感到非常开心。",translated,依恩,2836f5f652,br=0 nl=2,3,
inc/event/res/seasonevent/seasonal_valentine01m.txt#101#12,"ただ、何だか本当に嬉しくて嬉しくて……
お礼以外の言葉が、見つからなくて……。","只是因为实在太开心太高兴了……
除了感谢之外，都不知道该说什么好了……",translated,依恩,2c7ac56a96,br=0 nl=1,2,
inc/event/res/seasonevent/seasonal_valentine01m.txt#102#12,"……わたしにとっても、あなたはとっても
大切な人だよ。","……对我而言，你也是非常
重要的人哦。",translated,依恩,98f510ac03,br=0 nl=1,2,
inc/event/res/seasonevent/seasonal_valentine01m.txt#105#12,"……あなたの世界の人って、
みんな見る目がない人達ばかりだね。","……你的那个世界里的人，
全都是些没眼光的人呢。",translated,依恩,191e3093b2,br=0 nl=1,2,
inc/event/res/seasonevent/seasonal_valentine01m.txt#106#12,"でも、おかげであなたと一緒にいられるん
だから、ちょっと感謝しないとダメかな？
ふふっ……。","不过，多亏如此我才能和你在一起，
所以说不定我还得稍微感谢一下他们呢？
呵呵……",translated,依恩,c66c3ffbed,br=0 nl=2,3,
inc/event/res/seasonevent/seasonal_valentine01m.txt#108#12,"……それにしても、今日のカフェは
お客さんやメニューもバレンタイン仕様に
なってるみたい。","……话虽如此，今天的咖啡厅里
不管是客人还是菜单，
好像全都是情人节的风格呢。",translated,依恩,64db2e5da5,br=0 nl=2,3,
inc/event/res/seasonevent/seasonal_valentine01m.txt#109#12,"あっちこっちでカップルがチョコレートの
デザート食べさせあってたり、メニューも
ハートの形をしたのが多いし……。","到处都能看到情侣互相喂着巧克力的
甜点，而且菜单上也尽是
很多心形的东西呢……",translated,依恩,8455e7d0c9,br=0 nl=2,3,
inc/event/res/seasonevent/seasonal_valentine01m.txt#110#12,"こうして見てると、あなたにチョコを
渡せないのは、やっぱり辛いな……。","看着这副光景，果然还是会觉得
没法送你巧克力很遗憾很难受呢……",translated,依恩,a15afd1fea,br=0 nl=1,2,
inc/event/res/seasonevent/seasonal_valentine01m.txt#111#12,"いつか、本当にあなたにチョコを
渡せる日が来てくれたらいいのに……。","要是有一天，能够真正把巧克力
亲手交到你的手中就好了……",translated,依恩,7c3431c1cc,br=0 nl=1,2,
inc/event/res/seasonevent/seasonal_valentine01m.txt#112#12,来ないと決まったわけじゃない,又不一定就永远不会来临,translated,,81b960d65c,br=0 nl=0,1,
inc/event/res/seasonevent/seasonal_valentine01m.txt#114#12,"……そうだよね。
まだ、そうと決まったわけじゃないよね？","……说的也是呢。
现在可还不一定就会那样对吧？",translated,依恩,e0f5c6790f,br=0 nl=1,2,
inc/event/res/seasonevent/seasonal_valentine01m.txt#115#12,"ごめんなさい。
ちょっと、周りの人達が羨ましくて、
暗くなっちゃってたみたい。","对不起。
我刚才看着周围的人有点羡慕，
不自觉就变得沮丧起来了。",translated,依恩,60d558d3c5,br=0 nl=2,3,
inc/event/res/seasonevent/seasonal_valentine01m.txt#116#12,"あなたとこうしていられるだけで
幸せなんだから、暗くなってたら
勿体無いよね。","明明光是能和你在一起就已经很幸福了，
要是沉浸在沮丧中
可就太可惜了呢。",translated,依恩,b067e6d5c2,br=0 nl=2,3,
inc/event/res/seasonevent/seasonal_valentine01m.txt#117#12,"あなたのそういう前向きなところ、
わたしも見習わなくちゃ。","你这种积极乐观的态度，
我也得好好向你学习才行。",translated,依恩,49cbbcd47b,br=0 nl=1,2,
inc/event/res/seasonevent/seasonal_valentine01m.txt#118#12,……そろそろ、戻ろっか。,……我们差不多该回去啦。,translated,依恩,6a0bc7929e,br=0 nl=0,1,
inc/event/res/seasonevent/seasonal_valentine01m.txt#120#12,ただいまー。,我回来啦～,translated,依恩,c04e320cff,br=0 nl=0,1,
inc/event/res/seasonevent/seasonal_valentine01m.txt#121#12,ふふっ、ちょっとだけど楽しかったね。,呵呵，虽然时间很短，但好开心呢。,translated,依恩,c3bbfef235,br=0 nl=0,1,
inc/event/res/seasonevent/seasonal_valentine01m.txt#123#12,"こんな特別な日にあなたと一緒に
いられるだけじゃなくて、デートまで
できたんだもん。","不仅在这个特别的日子里能和你
在一起，甚至还能够
像这样出来约会呢。",translated,依恩,ae10a4818b,br=0 nl=2,3,
inc/event/res/seasonevent/seasonal_valentine01m.txt#125#12,"バレンタインムードのカフェで、
あなたとデートできたんだもん。","而且还在充满情人节氛围的咖啡厅里，
和你一起约会了呢。",translated,依恩,7fdbf6fa27,br=0 nl=1,2,
inc/event/res/seasonevent/seasonal_valentine01m.txt#127#12,"今日は本当、わたしにとって
最高に幸せな一日だったよ。","今天对我而言，真算得上是
最最幸福的一天了呢。",translated,依恩,4996f8a958,br=0 nl=1,2,
inc/event/res/seasonevent/seasonal_valentine01m.txt#129#12,"そうだ！　チョコの代わりに、さっき着てた
服のレシピを作ってみようかな。","对了！作为巧克力的代替，
不如试着制作刚才那套衣服的配方吧。",translated,依恩,99c2941721,br=0 nl=1,2,
inc/event/res/seasonevent/seasonal_valentine01m.txt#130#12,"渡すことはできないけど、
これならあなたも楽しめると思うの。","虽然不能送给你，
但我想要是这个的话，你也能玩得很开心。",translated,依恩,f305787702,br=0 nl=1,2,
inc/event/res/seasonevent/seasonal_valentine01m.txt#132#12,素晴らしいアイデアだと思う,我觉得是个绝妙的想法,translated,,1e0e7b585f,br=0 nl=0,1,
inc/event/res/seasonevent/seasonal_valentine01m.txt#134#12,えへへ、そう言ってもらえてよかった。,诶嘿嘿，能听你这么说太好啦。,translated,依恩,545b0fe017,br=0 nl=0,1,
inc/event/res/seasonevent/seasonal_valentine01m.txt#135#12,"レシピは作っておくから、
気になったらわたしに声をかけてね。","我会把配方做好的，
你感兴趣的话就叫我一声哦。",translated,依恩,0c6c9bf585,br=0 nl=1,2,
inc/event/res/seasonevent/seasonal_valentine01m.txt#138#12,"今日はわたしに付き合ってくれて、
本当にありがとう。","今天你能陪着我，
真的非常感谢你。",translated,依恩,2ede5f69a7,br=0 nl=1,2,
inc/event/res/seasonevent/seasonal_valentine01m.txt#139#12,"来年も、こうしてデートに行けたら
嬉しいな。","明年如果也能像这样一起约会的话，
那该有多好呀。",translated,依恩,3ee921bc65,br=0 nl=1,2,
inc/event/res/seasonevent/seasonal_valentine01m.txt#142#12,"<CLY2>レシピ【かわいいエプロン？】が
追加されました。","<CLY2>追加了配方
【可爱围裙？】。",translated,系统文本,15da64dc95,<CLY2> br=0 nl=1,2,keep-tags <CLY2>
inc/event/res/seasonevent/seasonal_valentine01m.txt#148#12,"バレンタインデー当日にあなたと
会えるなんて、すごく嬉しいよ。","在情人节当天能够见到你，
我真的好高兴呀。",translated,依恩,1b6992a57c,br=0 nl=1,2,
inc/event/res/seasonevent/seasonal_valentine01m.txt#149#12,"わたし、すごく幸せ者だね。
えへへ……。","我可真是一个幸福的人呢。
嘿嘿……",translated,依恩,fe0e564d94,br=0 nl=1,2,
inc/event/res/seasonevent/seasonal_valentine01m.txt#151#12,もうすぐバレンタインデーだね。,马上就是情人节了呢。,translated,依恩,26b7f5db4d,br=0 nl=0,1,
inc/event/res/seasonevent/seasonal_valentine01m.txt#152#12,"あなたの周りは、どこもかしこも
バレンタインムードでいっぱいなのかな？","在你的身边，是不是到处
都洋溢着满满的情人节氛围呢？",translated,依恩,275fb7ad88,br=0 nl=1,2,
inc/event/res/seasonevent/seasonal_valentine01m.txt#154#12,"そうだ、もし時間があるなら
ちょっとだけデートに行ってみない？","对了，要是你有空的话，
要不要稍微去约个会呢？",translated,依恩,e6be03c13b,br=0 nl=1,2,
inc/event/res/seasonevent/seasonal_valentine01m.txt#155#12,"こんな特別な時期にデートに
行かないなんて、勿体無いよ。","在这么特殊的时期居然不去约会，
那也太可惜了吧。",translated,依恩,a59c90471c,br=0 nl=1,2,
inc/event/res/seasonevent/seasonal_valentine01m.txt#156#12,"良いでしょ？
お願い！","可以的吧？
拜托嘛！",translated,依恩,315406e4bc,br=0 nl=1,2,
inc/event/res/seasonevent/seasonal_valentine01m.txt#157#12,よし、すぐに行こう,好，马上就去吧,translated,,139ead48f2,br=0 nl=0,1,
inc/event/res/seasonevent/seasonal_valentine01m.txt#158#12,珍しくわがままだね。でも良いよ,难得见你这么任性呢。不过可以哦,translated,,b4bb2c3192,br=0 nl=0,1,
inc/event/res/seasonevent/seasonal_valentine01m.txt#160#12,わぁ、ありがと！,哇，谢谢你！,translated,依恩,b08c0e74c9,br=0 nl=0,1,
inc/event/res/seasonevent/seasonal_valentine01m.txt#163#12,えへへ……ごめんなさい。,嘿嘿……对不起啦。,translated,依恩,2a601d8e23,br=0 nl=0,1,
inc/event/res/seasonevent/seasonal_valentine01m.txt#164#12,"でも、こんな日くらいはちょっとだけ
わがまま言ったり、甘えたりしたいん
だもん。","但是，至少在今天这样的日子里，
人家也想稍微任性一点，
向你撒撒娇嘛。",translated,依恩,5e03563c37,br=0 nl=2,3,
inc/event/res/seasonevent/seasonal_valentine01m.txt#168#12,"って、せっかく特別なデートなんだから、
ちょっとだけおめかししちゃおっと♪","哎呀，难得是特别的约会，
我也得稍微好好打扮一下咯♪",translated,依恩,d70f80dfc0,br=0 nl=1,2,
inc/event/res/seasonevent/seasonal_valentine01m.txt#169#12,着替えるから、少し待っててね。,我去换身衣服，稍微等我一下哦。,translated,依恩,7e99721aae,br=0 nl=0,1,
inc/event/res/seasonevent/seasonal_valentine01m.txt#179#12,ジャジャーン！,铛铛铛――！,translated,依恩,b6dcb1bf6b,br=0 nl=0,1,
inc/event/res/seasonevent/seasonal_valentine01m.txt#180#12,"前にバレンタインデートした時の、
あの服を着てみましたー。","我试着穿上了之前情人节约会时
穿的那套衣服哦～",translated,依恩,180ace02a4,br=0 nl=1,2,
inc/event/res/seasonevent/seasonal_valentine01m.txt#181#12,"わたしの中でバレンタインデーの
おしゃれと言ったら、これなんだ。","在我心里，说到情人节的
盛装打扮，那就是这身衣服啦。",translated,依恩,464f2bf1f3,br=0 nl=1,2,
inc/event/res/seasonevent/seasonal_valentine01m.txt#183#12,それじゃ、出発しよ。,那么，我们出发吧。,translated,依恩,3c8b8d02dc,br=0 nl=0,1,
inc/event/res/seasonevent/seasonal_valentine01m.txt#185#12,えへへ、とうちゃーく！,嘿嘿，到啦――！,translated,依恩,66b9df0d89,br=0 nl=0,1,
inc/event/res/seasonevent/seasonal_valentine01m.txt#186#12,"初めてのバレンタインデーに
デートした時も、この場所だったよね？","第一次情人节约会的时候，
也是在这个地方对吧？",translated,依恩,8728b48a7f,br=0 nl=1,2,
inc/event/res/seasonevent/seasonal_valentine01m.txt#187#12,あの時のこと、ちゃんと覚えてる？,那时候的事，你还记得清楚吗？,translated,依恩,8cf09c1a7f,br=0 nl=0,1,
inc/event/res/seasonevent/seasonal_valentine01m.txt#189#12,いきなり服が変わってビックリした,突然换了衣服吓了我一跳,translated,,6af6d6ecbd,br=0 nl=0,1,
inc/event/res/seasonevent/seasonal_valentine01m.txt#190#12,緊張してあまり覚えてない,太紧张了不太记得了,translated,,a66c50524f,br=0 nl=0,1,
inc/event/res/seasonevent/seasonal_valentine01m.txt#192#12,うん、わたしもすごくビックリしたよ。,嗯，我也吓了一大跳呢。,translated,依恩,a5d4597583,br=0 nl=0,1,
inc/event/res/seasonevent/seasonal_valentine01m.txt#193#12,"未だにどうしてそんなことになったのかは
わからないけど……。","虽然到现在我也还不明白
为什么会变成那样……",translated,依恩,684db0db3e,br=0 nl=1,2,
inc/event/res/seasonevent/seasonal_valentine01m.txt#194#12,"おかげで、この服のレシピを作れたんだし、
どんな理由でも感謝だね。","但多亏如此才能做出这套衣服的配方，
不管是什么原因都很感激呢。",translated,依恩,a952195278,br=0 nl=1,2,
inc/event/res/seasonevent/seasonal_valentine01m.txt#197#12,えっ！？　そんなに緊張してたの？,诶！？有那么紧张吗？,translated,依恩,153b66e559,br=0 nl=0,1,
inc/event/res/seasonevent/seasonal_valentine01m.txt#198#12,"そうだったんだぁ……。
ふふっ、なんか可愛いね。","原来是这样啊……
呵呵，总觉得好可爱呢。",translated,依恩,26a4af14ad,br=0 nl=1,2,
inc/event/res/seasonevent/seasonal_valentine01m.txt#200#12,"そういえば、前の時はあなたにチョコを
送れないことが悲しくて、ちょっとだけ
暗くなったりもしちゃったよね。","这么说来，上次因为没法送你巧克力
而感到很难过，
甚至还稍微有点情绪低落了呢。",translated,依恩,ef92ece7af,br=0 nl=2,3,
inc/event/res/seasonevent/seasonal_valentine01m.txt#201#12,"今思い出すと、ちょっと恥かしいよ。
チョコを渡せないことに落ち込んで
ウジウジしちゃってて……。","现在回想起来，稍微有点不好意思呢。
因为送不了巧克力就那么消沉，
一个人在那里闷闷不乐的……",translated,依恩,1d3a8a0ab4,br=0 nl=2,3,
inc/event/res/seasonevent/seasonal_valentine01m.txt#202#12,"バレンタインって、好きな人に愛を
伝えたり、一緒にいられる幸せを
実感するのが一番の目的なのに……。","明明情人节的首要目的，
是向喜欢的人传达爱意、
体会能在一起的幸福才对……",translated,依恩,94d64aa203,br=0 nl=2,3,
inc/event/res/seasonevent/seasonal_valentine01m.txt#204#12,でも、チョコは欲しかったなぁ,不过，我还是很想要巧克力呢,translated,,18e2c4fbcb,br=0 nl=0,1,
inc/event/res/seasonevent/seasonal_valentine01m.txt#205#12,同感だよ。今、幸せって実感してる,深有同感。我现在切实感受到了幸福,translated,,818840dec4,br=0 nl=0,1,
inc/event/res/seasonevent/seasonal_valentine01m.txt#207#12,ふふっ、その気持ちもわからなくはないよ。,呵呵，我也不是不能理解你的心情啦。,translated,依恩,613a3a931d,br=0 nl=0,1,
inc/event/res/seasonevent/seasonal_valentine01m.txt#208#12,"偉そうなこと言っちゃったけど、
やっぱり、あげられるならあげたいもん。","虽然说得好像头头是道一样，
但如果可以送的话，我也很想送你的嘛。",translated,依恩,955e9bea31,br=0 nl=1,2,
inc/event/res/seasonevent/seasonal_valentine01m.txt#209#12,"一番の目的じゃなくても、
バレンタインの楽しみの一つだもんね。","就算不是最主要的目的，
这也是情人节的乐趣之一嘛。",translated,依恩,324995f3a7,br=0 nl=1,2,
inc/event/res/seasonevent/seasonal_valentine01m.txt#212#12,……わたしも、とっても幸せだよ。,……我也非常幸福哦。,translated,依恩,a742fd072b,br=0 nl=0,1,
inc/event/res/seasonevent/seasonal_valentine01m.txt#213#12,"心臓もすごくドキドキしちゃってるの。
でも、苦しい感じはしなくて……。","心脏跳得好快好快。
但完全没有难受的感觉……",translated,依恩,c71432c8ff,br=0 nl=1,2,
inc/event/res/seasonevent/seasonal_valentine01m.txt#214#12,"自然と笑顔になっちゃう……。
そんな幸せしか感じられないよ。","嘴角会自然而然地扬起微笑……
只能感受到这样满满的幸福感呢。",translated,依恩,6f2f130991,br=0 nl=1,2,
inc/event/res/seasonevent/seasonal_valentine01m.txt#216#12,来年も、再来年も……ずっとその先も……。,明年、后年……还有更久更久的未来……,translated,依恩,8e5ab307e5,br=0 nl=0,1,
inc/event/res/seasonevent/seasonal_valentine01m.txt#217#12,"あなたと一緒にバレンタインを過ごせたら、
今年よりももっともっと幸せでいっぱいな
気持ちになるのかな？","要是能一直和你一起度过情人节，
以后会不会比今年还要更加更加
充满幸福的心情呢？",translated,依恩,cb68bb149c,br=0 nl=2,3,
inc/event/res/seasonevent/seasonal_valentine01m.txt#218#12,……楽しみに思ってて、いいかな？,……我可以对此满怀期待吗？,translated,依恩,95659e5110,br=0 nl=0,1,
inc/event/res/seasonevent/seasonal_valentine01m.txt#220#12,楽しみに思っててもらいたい,希望你能对此满怀期待,translated,,fd3833c9b8,br=0 nl=0,1,
inc/event/res/seasonevent/seasonal_valentine01m.txt#222#12,うん……ありがと。,嗯……谢谢你。,translated,依恩,1821e25426,br=0 nl=0,1,
inc/event/res/seasonevent/seasonal_valentine01m.txt#223#12,"今の言葉で、さっきよりももっともっと
幸せな気持ちになれちゃった。","听到你这句话，我感到比刚才
还要更加更加幸福了呢。",translated,依恩,aa27118fb4,br=0 nl=1,2,
inc/event/res/seasonevent/seasonal_valentine01m.txt#224#12,"わたしの大切な人があなたで、
本当によかった。","对我来说重要的人是你，
真是太好了。",translated,依恩,ecf4e8449f,br=0 nl=1,2,
inc/event/res/seasonevent/seasonal_valentine01m.txt#225#12,……名残惜しいけど、そろそろ戻ろっか。,……虽然依依不舍，但我们差不多该回去了吧。,translated,依恩,dc6c9fa380,br=0 nl=0,1,
inc/event/res/seasonevent/seasonal_valentine01m.txt#226#12,"長居したら、どんどん帰りたくない、って
気持ちでいっぱいになっちゃいそうだもん。","要是继续待下去的话，感觉心里越来越不想
回去的念头就会彻底占满啦。",translated,依恩,60703ffa71,br=0 nl=1,2,
inc/event/res/seasonevent/seasonal_valentine01m.txt#228#12,ふぅ……ただいま。,呼……我回来了。,translated,依恩,829f0671f7,br=0 nl=0,1,
inc/event/res/seasonevent/seasonal_valentine01m.txt#229#12,"えへへ……まだドキドキしちゃってる……。
あなたから沢山幸せをもらった証拠だね。","嘿嘿……心脏还在扑通扑通跳个不停呢……
这就是从你那里收获了许多幸福的证明吧。",translated,依恩,716d3b0642,br=0 nl=1,2,
inc/event/res/seasonevent/seasonal_valentine01m.txt#230#12,"来年のバレンタインも、
一緒にデート行こうね、約束だよ！","明年的情人节，
也要一起去约会哦，说好了哦！",translated,依恩,93138a8171,br=0 nl=1,2,
inc/event/res/seasonevent/seasonal_valentine01m.txt#234#14,"バレンタインデート。
いつものデートよりも
ドキドキしちゃった。","情人节约会。
比平时的约会
更加让人心跳加速呢。",translated,,8fa208eea8,br=0 nl=2,3,
inc/event/res/seasonevent/seasonal_valentine01t.txt#1#12,"<CLBU>よかったぁ！
いてくれたんだ。","<CLBU>太好啦！
原来你在这里呀。",translated,依恩,75b5581885,<CLBU> br=0 nl=1,2,keep-tags <CLBU>
inc/event/res/seasonevent/seasonal_whiteday.txt#5#12,"はぁーい！
今行くよー。","好――的！
我这就过去哦――",translated,依恩,1df923538a,br=0 nl=1,2,
inc/event/res/seasonevent/seasonal_whiteday.txt#7#12,えへへ♪　おまたせ～。,嘿嘿♪让你久等啦～,translated,依恩,175d91e9f4,br=0 nl=0,1,
inc/event/res/seasonevent/seasonal_whiteday.txt#12#12,あ、来た来た～。,啊，来啦来啦～,translated,依恩,f3214bfada,br=0 nl=0,1,
inc/event/res/seasonevent/seasonal_whiteday.txt#14#12,えへへ♪　おまたせ～。,嘿嘿♪让你久等啦～,translated,依恩,175d91e9f4,br=0 nl=0,1,
inc/event/res/seasonevent/seasonal_whiteday.txt#19#12,ねえ、いる～？,呐，你在吗～？,translated,依恩,d025f57817,br=0 nl=0,1,
inc/event/res/seasonevent/seasonal_whiteday.txt#23#12,残念。,真可惜。,translated,依恩,db119d5662,br=0 nl=0,1,
inc/event/res/seasonevent/seasonal_whitedaym.txt#4#12,"えへへ……ねりこさんから聞いたんだけど、
今日はあなたの世界では、ホワイトデー
っていうイベントがあるんだよね？","嘿嘿……我听妮莉库说的，
今天在你的世界里，有个叫做白色情人节
的活动对吧？",translated,依恩,1783ae4242,br=0 nl=2,3,
inc/event/res/seasonevent/seasonal_whitedaym.txt#6#12,"バレンタインデーのお返しをもらえる日、
って聞いたんだけど……。","我听说那是能够收到
情人节回礼的日子……",translated,依恩,9aba73c24b,br=0 nl=1,2,
inc/event/res/seasonevent/seasonal_whitedaym.txt#7#12,"何かをプレゼントできたわけじゃないから、
何もできないね。","不过我并没能送你什么礼物，
所以什么都做不了呢。",translated,依恩,4c237dcced,br=0 nl=1,2,
inc/event/res/seasonevent/seasonal_whitedaym.txt#9#12,"たしか、女の子の方がお返しをもらえる日、
って聞いたんだけど……。","我记得听说是
女孩子能够收到回礼的日子……",translated,依恩,23d8be5a3f,br=0 nl=1,2,
inc/event/res/seasonevent/seasonal_whitedaym.txt#10#12,"あなたになにかしてあげられたわけじゃ
ないから、何もできないね。","但我又没能为你做些什么，
所以什么都做不了呢。",translated,依恩,439e3c63d9,br=0 nl=1,2,
inc/event/res/seasonevent/seasonal_whitedaym.txt#12#12,イオンからはいつも幸せをもらってる,我一直都从依恩这里收获着幸福哦,translated,,a9b2b22b6c,br=0 nl=0,1,
inc/event/res/seasonevent/seasonal_whitedaym.txt#14#12,そ、そんな、大袈裟だよ。,没、没有啦，太夸张了啦。,translated,依恩,c18917e548,br=0 nl=0,1,
inc/event/res/seasonevent/seasonal_whitedaym.txt#15#12,"それに、それを言ったらわたしだって
あなたから、いつも幸せをもらってるもん。","而且要是这么说的话，我也一直
从你那里收获着许多幸福嘛。",translated,依恩,9d067b13c0,br=0 nl=1,2,
inc/event/res/seasonevent/seasonal_whitedaym.txt#16#12,だからお互い様だよ。,所以我们彼此彼此啦。,translated,依恩,63466ab642,br=0 nl=0,1,
inc/event/res/seasonevent/seasonal_whitedaym.txt#17#12,それでも、何かしてあげたい,即使如此，我还是想为你做点什么,translated,,343d207175,br=0 nl=0,1,
inc/event/res/seasonevent/seasonal_whitedaym.txt#19#12,もぉ、優しいんだから……。,真是的，你太温柔了啦……,translated,依恩,07d7329088,br=0 nl=0,1,
inc/event/res/seasonevent/seasonal_whitedaym.txt#20#12,"そうだ！
それじゃあどこかお出かけしてみようよ。","有了！
那我们去哪里逛逛散散步吧。",translated,依恩,de19b160f3,br=0 nl=1,2,
inc/event/res/seasonevent/seasonal_whitedaym.txt#21#12,それなら、あなたも一緒に楽しめるでしょ？,这样的话，你也可以一起享受了对吧？,translated,依恩,54d9ae6c43,br=0 nl=0,1,
inc/event/res/seasonevent/seasonal_whitedaym.txt#22#12,やった、デートだ！,太棒了，是约会！,translated,,e495ff8b60,br=0 nl=0,1,
inc/event/res/seasonevent/seasonal_whitedaym.txt#23#12,賛成！　どこに行こうか？,赞成！要去哪里呢？,translated,,accedee0cc,br=0 nl=0,1,
inc/event/res/seasonevent/seasonal_whitedaym.txt#25#12,ふふっ、喜んでもらえたみたいだね。,呵呵，看来你很高兴呢。,translated,依恩,127e51900e,br=0 nl=0,1,
inc/event/res/seasonevent/seasonal_whitedaym.txt#28#12,"う～ん……場所はまだ決めてないんだけど、
とりあえず行ってみようよ。","嗯～……虽然还没决定要去哪里，
但总之先出发吧。",translated,依恩,eef5a1dba9,br=0 nl=1,2,
inc/event/res/seasonevent/seasonal_whitedaym.txt#32#12,と、その前に……服は何を着ていこうかな？,不过在这之前……穿什么衣服去好呢？,translated,依恩,eaab7b4037,br=0 nl=0,1,
inc/event/res/seasonevent/seasonal_whitedaym.txt#35#12,"うん、これを着ればいいんだね。
それじゃ、ちょっと待っててね。","嗯，穿这件就可以了吧。
那么，稍微等我一下哦。",translated,依恩,4e0affcc3b,br=0 nl=1,2,
inc/event/res/seasonevent/seasonal_whitedaym.txt#37#12,"うん、それじゃあ今日は……
これにしよっと！","嗯，那么今天就……
穿这件吧！",translated,依恩,52da782725,br=0 nl=1,2,
inc/event/res/seasonevent/seasonal_whitedaym.txt#42#12,"ジャジャーン！
えへへ……似合ってるかな？","锵锵～！
嘿嘿……合身好看吗？",translated,依恩,668a4bfcac,br=0 nl=1,2,
inc/event/res/seasonevent/seasonal_whitedaym.txt#45#12,とっても可愛いよ,非常可爱哦,translated,,ed7440a4cc,br=0 nl=0,1,
inc/event/res/seasonevent/seasonal_whitedaym.txt#46#12,う～ん……まあ、いい感じかな,嗯～……嘛，感觉挺不错的吧,translated,,1d15048dd7,br=0 nl=0,1,
inc/event/res/seasonevent/seasonal_whitedaym.txt#48#12,ふふっ、ありがと。,呵呵，谢谢你。,translated,依恩,74e573494b,br=0 nl=0,1,
inc/event/res/seasonevent/seasonal_whitedaym.txt#49#12,"ちょっと照れるけど、服を褒めて
もらうのって、すごく嬉しいよ。","虽然有点害羞，但是衣服被夸奖
真的很让人开心呢。",translated,依恩,4603ac71fe,br=0 nl=1,2,
inc/event/res/seasonevent/seasonal_whitedaym.txt#52#12,"あらら……もっと褒めてもらえると思って
期待してたんだけどなぁ……。","哎呀呀……我还期待着
能得到你更多的夸奖呢……",translated,依恩,deb34df23e,br=0 nl=1,2,
inc/event/res/seasonevent/seasonal_whitedaym.txt#54#12,それじゃ、出発しよっか。,那么，我们出发吧。,translated,依恩,b8b885e969,br=0 nl=0,1,
inc/event/res/seasonevent/seasonal_whitedaym.txt#56#12,とうちゃ～く！！,到啦～！！,translated,依恩,f5b1b043b3,br=0 nl=0,1,
inc/event/res/seasonevent/seasonal_whitedaym.txt#57#12,"わぁ……ショッピングセンターに
来ちゃったみたいだね。","哇……看来我们来到了
购物中心呢。",translated,依恩,c17f3b48ae,br=0 nl=1,2,
inc/event/res/seasonevent/seasonal_whitedaym.txt#58#12,"ふふっ、何か面白いものが
見つかるといいね。","呵呵，要是能找到什么
有趣的东西就好了呢。",translated,依恩,badbdc395b,br=0 nl=1,2,
inc/event/res/seasonevent/seasonal_whitedaym.txt#60#12,"……あの、今更かもしれないけど、
ホワイトデーの楽しみ方って、
どういうのが普通なのかな？","……那个，虽然现在问可能有点晚了，
但一般大家都怎么享受
白色情人节的呢？",translated,依恩,5e14649fa5,br=0 nl=2,3,
inc/event/res/seasonevent/seasonal_whitedaym.txt#61#12,"わたしは経験した記憶がないから
わからないけど、こうやってデートとか
したりするものなの？","因为我没有经历过的记忆所以不太明白，
大家都是像这样
一起出来约会之类的吗？",translated,依恩,536687354c,br=0 nl=2,3,
inc/event/res/seasonevent/seasonal_whitedaym.txt#63#12,人それぞれだからなんとも言えない,因人而异，所以不好说呢,translated,,8bf2af5523,br=0 nl=0,1,
inc/event/res/seasonevent/seasonal_whitedaym.txt#64#12,経験したことないからなんとも言えない,我也没经历过，所以不好说呢,translated,,c5171cb900,br=0 nl=0,1,
inc/event/res/seasonevent/seasonal_whitedaym.txt#66#12,"そっか……デート以外にも、
色んな楽しみ方がありそうだね。","是吗……看来除了约会之外，
好像还有很多种享受方式呢。",translated,依恩,30791b5d75,br=0 nl=1,2,
inc/event/res/seasonevent/seasonal_whitedaym.txt#67#12,"他にはどういう楽しみ方があるのか、
機会があれば教えてほしいな。","要是有机会的话，真希望你能告诉我
还有其他什么样的度过方式呢。",translated,依恩,b62477f23b,br=0 nl=1,2,
inc/event/res/seasonevent/seasonal_whitedaym.txt#70#12,そうだったんだ……ふふっ、嬉しいな。,原来是这样啊……呵呵，好高兴呀。,translated,依恩,7dcb7c5dce,br=0 nl=0,1,
inc/event/res/seasonevent/seasonal_whitedaym.txt#71#12,"わたしが、あなたのホワイトデー初体験の
相手、ってことでしょ？","也就是说，我是陪你度过
人生第一次白色情人节的对象对吧？",translated,依恩,42163c08d2,br=0 nl=1,2,
inc/event/res/seasonevent/seasonal_whitedaym.txt#72#12,"わたしにとってもそうだし。
お揃いだね。","对我来说也是第一次呢。
我们一样呢。",translated,依恩,1fea364238,br=0 nl=1,2,
inc/event/res/seasonevent/seasonal_whitedaym.txt#74#12,……あっ、ちょっと待って！,……啊，等一下！,translated,依恩,7440a4af02,br=0 nl=0,1,
inc/event/res/seasonevent/seasonal_whitedaym.txt#76#12,わぁ、これ可愛くて素敵かも……。,哇，这件好可爱好漂亮啊……,translated,依恩,e5d721e7bb,br=0 nl=0,1,
inc/event/res/seasonevent/seasonal_whitedaym.txt#78#12,どうかしたの？,怎么了吗？,translated,,f0189e2263,br=0 nl=0,1,
inc/event/res/seasonevent/seasonal_whitedaym.txt#80#12,うん、すごく可愛い水着を見つけたの！,嗯，我发现了一件非常可爱的泳装！,translated,依恩,e171d299a6,br=0 nl=0,1,
inc/event/res/seasonevent/seasonal_whitedaym.txt#81#12,"ちょっと露出が多い感じもするけど、
このデザインならあまり気にならないかも。","虽然感觉露出的部分稍微有点多，
但要是这种设计的话说不定不会太在意呢。",translated,依恩,ea581d42d5,br=0 nl=1,2,
inc/event/res/seasonevent/seasonal_whitedaym.txt#83#12,季節的に水着は早い気がする,从季节来说，泳装似乎还太早了,translated,,21bab006f9,br=0 nl=0,1,
inc/event/res/seasonevent/seasonal_whitedaym.txt#84#12,よし、すぐ買おう！,好，马上买下来！,translated,,407196ad74,br=0 nl=0,1,
inc/event/res/seasonevent/seasonal_whitedaym.txt#86#12,"言われてみれば……
確かに泳ぐには早い季節だよね。","听你这么一说……
现在确实还不到游泳的季节呢。",translated,依恩,53802a574b,br=0 nl=1,2,
inc/event/res/seasonevent/seasonal_whitedaym.txt#89#12,"あ、あはは……あなたのことだから
多分そう言うんじゃないかな、って
思ってたよ……。","啊、啊哈哈……以你的性格，
多半会说出这种话来吧，
我早就有心理准备了……",translated,依恩,553ad97b37,br=0 nl=2,3,
inc/event/res/seasonevent/seasonal_whitedaym.txt#90#12,"でも、水着を着るにはまだ季節的に
早い気がするんだけど……。","不过，要穿泳装的话，
感觉季节上还稍微有点早就是了……",translated,依恩,36f40ab569,br=0 nl=1,2,
inc/event/res/seasonevent/seasonal_whitedaym.txt#92#12,あれ？　ポップが貼ってあるみたい。,哎？好像贴着一张宣传海报。,translated,依恩,9cfd06472c,br=0 nl=0,1,
inc/event/res/seasonevent/seasonal_whitedaym.txt#93#12,"えっと……ホワイトデー限定水着。
可愛い彼女の更に可愛い姿を見たい人へ。","那个……白色情人节限定泳装。
献给想看到可爱的女友更加可爱一面的人。",translated,依恩,d0e3c6da65,br=0 nl=1,2,
inc/event/res/seasonevent/seasonal_whitedaym.txt#94#12,"そっか、今日限定で売ってる服なんだね。
それならちょっとだけ納得だよ。","原来是今天限定出售的衣服啊。
要是这样的话就能稍微理解了呢。",translated,依恩,df0618455c,br=0 nl=1,2,
inc/event/res/seasonevent/seasonal_whitedaym.txt#95#12,"服の名前もホワイトデーっぽい感じの
名前になってるし。","衣服的名字也起得很有
白色情人节的感觉呢。",translated,依恩,1fcbffc8df,br=0 nl=1,2,
inc/event/res/seasonevent/seasonal_whitedaym.txt#96#12,"……着てみたいとは思うけど、
ここで買っても持って帰れないのが
問題だよね。","……虽然我很想穿穿看，
但就算在这里买了也没法带回去，
这才是问题所在呢。",translated,依恩,91faddae0a,br=0 nl=2,3,
inc/event/res/seasonevent/seasonal_whitedaym.txt#97#12,はぁ……せっかくの可愛い服なのに……。,唉……难得是这么可爱的衣服……,translated,依恩,3fac1ef2ef,br=0 nl=0,1,
inc/event/res/seasonevent/seasonal_whitedaym.txt#99#12,帰ってから作る、っていうのはどう？,回去之后自己做，你觉得怎么样？,translated,,59d346b64e,br=0 nl=0,1,
inc/event/res/seasonevent/seasonal_whitedaym.txt#100#12,試着くらいはしていけば？,至少试穿一下再走怎么样？,translated,,b857f3399e,br=0 nl=0,1,
inc/event/res/seasonevent/seasonal_whitedaym.txt#102#12,"あっ、そうだよ！
その手があったんだ！","啊，对哦！
原来还有这个办法呀！",translated,依恩,967761840e,br=0 nl=1,2,
inc/event/res/seasonevent/seasonal_whitedaym.txt#103#12,"買って帰れなくても、
帰ってから作ればいいんだよ！","就算买不回去，
只要回去之后自己做出来就行了嘛！",translated,依恩,548e01bb51,br=0 nl=1,2,
inc/event/res/seasonevent/seasonal_whitedaym.txt#104#12,"ナイスアイデアだよ。
帰ったら早速レシピを作ろっと。","真是一个好主意呢。
一回去我就马上把配方做出来。",translated,依恩,ec59a859d2,br=0 nl=1,2,
inc/event/res/seasonevent/seasonal_whitedaym.txt#108#12,"う～ん……でも、試着しちゃったら
もっと欲しくなっちゃうような……。","嗯～……不过，要是试穿了的话，
感觉反而会变得更加想要了呀……",translated,依恩,235df2674e,br=0 nl=1,2,
inc/event/res/seasonevent/seasonal_whitedaym.txt#109#12,あっ、でもそっか。,啊，不过也是呢。,translated,依恩,07f5af4cb3,br=0 nl=0,1,
inc/event/res/seasonevent/seasonal_whitedaym.txt#110#12,"買って帰れなくても、
帰ってから作ればいいんだよ！","就算买不回去，
只要回去之后自己做出来就行了嘛！",translated,依恩,548e01bb51,br=0 nl=1,2,
inc/event/res/seasonevent/seasonal_whitedaym.txt#111#12,"ふふっ、いいアイデアでしょ？
帰ったら早速レシピを作ろっと。","呵呵，是个好主意吧？
一回去我就马上把配方做出来。",translated,依恩,91e9dc86d6,br=0 nl=1,2,
inc/event/res/seasonevent/seasonal_whitedaym.txt#113#12,"それじゃ、服のデザインを忘れないうちに、
今日はもう戻ろっか。","那么，趁着还没忘记这身衣服的设计，
我们今天就先回去吧。",translated,依恩,2617518cf9,br=0 nl=1,2,
inc/event/res/seasonevent/seasonal_whitedaym.txt#115#12,ただいまー。,我回来啦～,translated,依恩,c04e320cff,br=0 nl=0,1,
inc/event/res/seasonevent/seasonal_whitedaym.txt#116#12,"えっと、あの服の構造はこうでこうで……
確かこの部分はこうで……。","那个，那套衣服的结构是这样这样的……
我记得这个部分是这样的……",translated,依恩,0d16142c58,br=0 nl=1,2,
inc/event/res/seasonevent/seasonal_whitedaym.txt#117#12,"うん、こんな感じかな！
ふふっ、これならちゃんと作れそうだよ。","嗯，大概就是这种感觉吧！
呵呵，这样的话应该能顺利做出来呢。",translated,依恩,1eda992660,br=0 nl=1,2,
inc/event/res/seasonevent/seasonal_whitedaym.txt#118#12,プレゼントできなくてごめんね,没能送你礼物，对不起呀,translated,,3b011a6eb2,br=0 nl=0,1,
inc/event/res/seasonevent/seasonal_whitedaym.txt#120#12,ううん、むしろお礼を言いたいくらいだよ。,不用道歉啦，不如说我还想向你道谢呢。,translated,依恩,cd90ea81f4,br=0 nl=0,1,
inc/event/res/seasonevent/seasonal_whitedaym.txt#121#12,"わたしの、おでかけしたい、って
お願いをあなたが聞いてくれたから、
あの服を見つけることができたんだもん。","因为你答应了我想要出去逛逛的
请求，我才能够
发现那套衣服的嘛。",translated,依恩,f52185c0df,br=0 nl=2,3,
inc/event/res/seasonevent/seasonal_whitedaym.txt#122#12,"ふふっ、早く服を作って、
あなたにお披露目したいなぁ。","呵呵，好想快点把衣服做出来，
穿给你看看呀。",translated,依恩,18762dbecd,br=0 nl=1,2,
inc/event/res/seasonevent/seasonal_whitedaym.txt#123#12,"今日は本当に楽しかったよ。
今度のホワイトデーも、
一緒にお出かけしようね！","今天真的玩得好开心呀。
下次白色情人节的时候，
也要一起出来逛街哦！",translated,依恩,af3a72c1bb,br=0 nl=2,3,
inc/event/res/seasonevent/seasonal_whitedaym.txt#125#12,"<CLY2>レシピ【白水着？】が
追加されました。","<CLY2>追加了配方
【白泳装？】。",translated,系统文本,1adeabce8c,<CLY2> br=0 nl=1,2,keep-tags <CLY2>
inc/event/res/seasonevent/seasonal_whitedaym.txt#128#12,えへへ……今日はホワイトデーだね。,嘿嘿……今天是白色情人节呢。,translated,依恩,7dc823b8d8,br=0 nl=0,1,
inc/event/res/seasonevent/seasonal_whitedaym.txt#129#12,"前のホワイトデーにした約束のこと、
覚えてるかな？","不知道你还记不记得
上次白色情人节许下的约定呢？",translated,依恩,1036ba2c3f,br=0 nl=1,2,
inc/event/res/seasonevent/seasonal_whitedaym.txt#130#12,一緒にお出かけするの、楽しみにしてた,我很期待能和你一起出门呢,translated,,ede3026567,br=0 nl=0,1,
inc/event/res/seasonevent/seasonal_whitedaym.txt#131#12,自由にとんとんして良いんだよね？,可以随便戳戳点点了吧？,translated,,8b6fee545b,br=0 nl=0,1,
inc/event/res/seasonevent/seasonal_whitedaym.txt#133#12,"わぁ、覚えててくれたんだね！
すごく嬉しい！","哇，你还记得呀！
我真的好高兴！",translated,依恩,7d7b0decbd,br=0 nl=1,2,
inc/event/res/seasonevent/seasonal_whitedaym.txt#136#12,あ、あはは……わかってて言ってるでしょ？,啊、啊哈哈……你明明知道还故意这么说的吧？,translated,依恩,97beb81ff6,br=0 nl=0,1,
inc/event/res/seasonevent/seasonal_whitedaym.txt#137#12,"今度のホワイトデーも、また一緒に
お出かけしようね、って約束だよ。","约定是说，这次白色情人节也要
一起出门约会哦。",translated,依恩,7f1481f2f1,br=0 nl=1,2,
inc/event/res/seasonevent/seasonal_whitedaym.txt#139#12,"一年前と同じ日に同じ場所に行くのって、
何だかドキドキしてくるよね。","一年前的同一天去往同一个地方，
总觉得让人心里有些小鹿乱撞呢。",translated,依恩,2a62694688,br=0 nl=1,2,
inc/event/res/seasonevent/seasonal_whitedaym.txt#142#12,"そうだ。
服は何を着ていこうかな？","对了。
穿什么衣服去好呢？",translated,依恩,461aa4be31,br=0 nl=1,2,
inc/event/res/seasonevent/seasonal_whitedaym.txt#145#12,"うん、これを着ればいいんだね。
それじゃ、ちょっと待っててね。","嗯，穿这件就可以了吧。
那么，稍微等我一下哦。",translated,依恩,4e0affcc3b,br=0 nl=1,2,
inc/event/res/seasonevent/seasonal_whitedaym.txt#147#12,"うん、それじゃあ今日は……
これにしよっと！","嗯，那么今天就……
穿这件吧！",translated,依恩,52da782725,br=0 nl=1,2,
inc/event/res/seasonevent/seasonal_whitedaym.txt#152#12,"ジャジャーン！
えへへ……似合ってるかな？","锵锵～！
嘿嘿……合身好看吗？",translated,依恩,668a4bfcac,br=0 nl=1,2,
inc/event/res/seasonevent/seasonal_whitedaym.txt#155#12,とっても可愛いよ,非常可爱哦,translated,,ed7440a4cc,br=0 nl=0,1,
inc/event/res/seasonevent/seasonal_whitedaym.txt#156#12,う～ん……まあ、いい感じかな,嗯～……嘛，感觉挺不错的吧,translated,,1d15048dd7,br=0 nl=0,1,
inc/event/res/seasonevent/seasonal_whitedaym.txt#158#12,ふふっ、ありがと。,呵呵，谢谢你。,translated,依恩,74e573494b,br=0 nl=0,1,
inc/event/res/seasonevent/seasonal_whitedaym.txt#159#12,"ちょっと照れるけど、服を褒めて
もらうのって、すごく嬉しいよ。","虽然有点害羞，但是衣服被夸奖
真的很让人开心呢。",translated,依恩,4603ac71fe,br=0 nl=1,2,
inc/event/res/seasonevent/seasonal_whitedaym.txt#162#12,"あらら……もっと褒めてもらえると思って
期待してたんだけどなぁ……。","哎呀呀……我还期待着
能得到你更多的夸奖呢……",translated,依恩,deb34df23e,br=0 nl=1,2,
inc/event/res/seasonevent/seasonal_whitedaym.txt#164#12,"早く出発しよ。
ずっと楽しみにしてたから、
もう待てないよ。","快点出发吧。
因为我一直都好期待，
现在已经迫不及待啦。",translated,依恩,d05792360a,br=0 nl=2,3,
inc/event/res/seasonevent/seasonal_whitedaym.txt#166#12,とうちゃくだよ～。,到啦～,translated,依恩,ab875cfbb1,br=0 nl=0,1,
inc/event/res/seasonevent/seasonal_whitedaym.txt#167#12,"えへへ……やっぱり今日の雰囲気は
いつもと違って面白いね。","嘿嘿……果然今天的氛围
和平时不一样，真有趣呢。",translated,依恩,223d55ef38,br=0 nl=1,2,
inc/event/res/seasonevent/seasonal_whitedaym.txt#168#12,早く見てまわろ。,快点到处看看吧。,translated,依恩,ec30732d49,br=0 nl=0,1,
inc/event/res/seasonevent/seasonal_whitedaym.txt#170#12,"ホワイトデーフェア。
好きなあの子にお返しをしよう……。","白色情人节集市。
给喜欢的那个她送去回礼吧……",translated,依恩,86896555bd,br=0 nl=1,2,
inc/event/res/seasonevent/seasonal_whitedaym.txt#171#12,"どこのお店も、女の子が喜びそうな商品が、
前面に押し出されてるね。","不管哪家店铺，都在最显眼的位置
摆满了女孩子会喜欢的商品呢。",translated,依恩,4c9f92799d,br=0 nl=1,2,
inc/event/res/seasonevent/seasonal_whitedaym.txt#172#12,"洋服とか、アクセサリーとか……。
あっ、可愛いお菓子もある！","衣服啦、饰品啦……
啊，还有可爱的小点心！",translated,依恩,f5c3996e54,br=0 nl=1,2,
inc/event/res/seasonevent/seasonal_whitedaym.txt#173#12,"クマさんの形をした
お菓子の詰め合わせだって。
あんなのもらったら、笑顔になっちゃうよ。","是小熊造型的
点心礼盒呢。
要是收到那种礼物，肯定会喜笑颜开呢。",translated,依恩,ddd91a386a,br=0 nl=2,3,
inc/event/res/seasonevent/seasonal_whitedaym.txt#175#12,イオンには工具をプレゼントしたい,我想送依恩工具当礼物,translated,,29e74cc86d,br=0 nl=0,1,
inc/event/res/seasonevent/seasonal_whitedaym.txt#176#12,イオンにははんだを沢山プレゼントしたい,我想送依恩很多焊锡当礼物,translated,,58fc8550c8,br=0 nl=0,1,
inc/event/res/seasonevent/seasonal_whitedaym.txt#178#12,わぁ、それすごく嬉しいよ！,哇，那我可太高兴了！,translated,依恩,d57f420880,br=0 nl=0,1,
inc/event/res/seasonevent/seasonal_whitedaym.txt#179#12,"あっ、でも今使ってる工具も愛着あるから、
あなたからもらったらどっちを使うかで
いつも悩んじゃうかも。","啊，不过我现在用的工具也很有感情了，
要是从你那里收到的话，
以后每次要用哪个可能都会很烦恼呢。",translated,依恩,e658be48e8,br=0 nl=2,3,
inc/event/res/seasonevent/seasonal_whitedaym.txt#180#12,"ちょっと困りはするけど、
でも、すごく幸せだろうなぁ……。","虽然会有点困扰，
但一定会觉得非常幸福吧……",translated,依恩,3767e55d00,br=0 nl=1,2,
inc/event/res/seasonevent/seasonal_whitedaym.txt#183#12,"お、女の子にプレゼントするものとしては、
かなりマニアックだし、全然ロマンチックな
感じがしないんだけど……。","作为送给女孩子的礼物来说，
未免也太硬核了，而且完全没有
浪漫的感觉就是了……",translated,依恩,67856f6f1a,br=0 nl=2,3,
inc/event/res/seasonevent/seasonal_whitedaym.txt#184#12,"でも、正直すごく嬉しいかも。
はんだって結構使うから、沢山あったら
無くなる心配がなくて助かるもん。","但是，说实话真的会挺开心的。
因为焊锡经常要用到，要是有一大堆的话，
就不用担心用光了，帮大忙了嘛。",translated,依恩,cd0014fd39,br=0 nl=2,3,
inc/event/res/seasonevent/seasonal_whitedaym.txt#186#12,って、そうじゃないよ！,哎呀，不对啦！,translated,依恩,fd4d8dfd11,br=0 nl=0,1,
inc/event/res/seasonevent/seasonal_whitedaym.txt#187#12,"もぉ、わたしだって女の子なんだから、
もう少し女の子が喜ぶような物を
プレゼントして欲しいのに……。","真是的，人家好歹也是个女孩子，
希望能收到更多
女孩子会喜欢的礼物嘛……",translated,依恩,f36a403b14,br=0 nl=2,3,
inc/event/res/seasonevent/seasonal_whitedaym.txt#189#12,高級な服とかバッグとか？,高级的衣服或是包包之类的？,translated,,5e8eeb18b6,br=0 nl=0,1,
inc/event/res/seasonevent/seasonal_whitedaym.txt#190#12,イオンが喜ぶかどうかを重視した,我更看重的是依恩会不会高兴哦,translated,,b5ddccd8e5,br=0 nl=0,1,
inc/event/res/seasonevent/seasonal_whitedaym.txt#192#12,…………ご、ごめんなさい。,…………对、对不起。,translated,依恩,17d2775625,br=0 nl=0,1,
inc/event/res/seasonevent/seasonal_whitedaym.txt#193#12,"自分で言っておいてなんだけど、
やっぱり服とかバッグよりも、
そっちの方が嬉しいかも。","虽然是我自己先挑起的话题，
但比起衣服或是包包，
果然还是送那个我会更开心呢。",translated,依恩,eff498c224,br=0 nl=2,3,
inc/event/res/seasonevent/seasonal_whitedaym.txt#196#12,そ、そっか……。,是、是吗……,translated,依恩,d4c99105ec,br=0 nl=0,1,
inc/event/res/seasonevent/seasonal_whitedaym.txt#197#12,"えへへ、自分で言っておいてなんだけど、
よくよく考えたらわたしもそっちの方が
嬉しいかも。","嘿嘿，虽然是我自己先挑起的话题，
但仔细想想的话，
我也觉得还是送那个更让人高兴呢。",translated,依恩,c698871a5b,br=0 nl=2,3,
inc/event/res/seasonevent/seasonal_whitedaym.txt#199#12,"わたしのこと、ちゃんと考えて
言ってくれたことだったんだね。","原来你是有好好为我着想过
才那么说的呢。",translated,依恩,fc433b7e6e,br=0 nl=1,2,
inc/event/res/seasonevent/seasonal_whitedaym.txt#200#12,ふふっ……嬉しいな。,呵呵……真高兴呢。,translated,依恩,86abbe6d84,br=0 nl=0,1,
inc/event/res/seasonevent/seasonal_whitedaym.txt#201#12,"わたしが思っている以上に、
あなたがわたしのことに詳しいみたいで。","你好像比我想象的还要
更加了解我呢。",translated,依恩,13de0f70e5,br=0 nl=1,2,
inc/event/res/seasonevent/seasonal_whitedaym.txt#203#12,もっともっとイオンのことを知りたい,我还想更加更加深入地了解依恩,translated,,e08200f0a4,br=0 nl=0,1,
inc/event/res/seasonevent/seasonal_whitedaym.txt#205#12,"ふふっ、一年以上も一緒にいるんだから、
もう十分過ぎるくらいわたしのことを
知ってると思うのに……。","呵呵，我们都在一起一年多了，
我觉得你已经足够了解我了，
没想到你还会这么说……",translated,依恩,6fcdadab74,br=0 nl=2,3,
inc/event/res/seasonevent/seasonal_whitedaym.txt#206#12,でも、いいよ。,不过，没关系哦。,translated,依恩,ae14ca1dd0,br=0 nl=0,1,
inc/event/res/seasonevent/seasonal_whitedaym.txt#207#12,"あなたになら、もっともっとわたしのこと
知ってもらっても……。","如果是你的话，即使让你更加更加了解我
也可以的哦……",translated,依恩,3ca60df0a2,br=0 nl=1,2,
inc/event/res/seasonevent/seasonal_whitedaym.txt#208#12,ううん、もっといっぱい知ってもらいたい。,不对，倒不如说我想让你更多地了解我。,translated,依恩,4686158f3e,br=0 nl=0,1,
inc/event/res/seasonevent/seasonal_whitedaym.txt#209#12,"だって、わたしだってあなたのことを、
今よりももっともっと知りたいな、って
思ってるもん。","毕竟我也想比现在
更加更加深入地了解你，
我也是这么想的嘛。",translated,依恩,e51ba2be92,br=0 nl=2,3,
inc/event/res/seasonevent/seasonal_whitedaym.txt#211#12,もっと知ってもらいたい,我也想让你更多地了解我,translated,,ca1e5314ac,br=0 nl=0,1,
inc/event/res/seasonevent/seasonal_whitedaym.txt#213#12,えへへ……想いは一緒、だね。,嘿嘿……我们的想法是一样的呢。,translated,依恩,fa1540f184,br=0 nl=0,1,
inc/event/res/seasonevent/seasonal_whitedaym.txt#214#12,"これからも、いっぱいいっぱい
お互いのことを知っていこうね。","今后我们也要很多很多地
去相互了解彼此哦。",translated,依恩,d7cee2ba71,br=0 nl=1,2,
inc/event/res/seasonevent/seasonal_whitedaym.txt#216#12,さてと……そろそろ戻ろっか。,好啦……我们差不多该回去了吧。,translated,依恩,c5af5d9bc6,br=0 nl=0,1,
inc/event/res/seasonevent/seasonal_whitedaym.txt#218#12,ただいまー。,我回来啦～,translated,依恩,c04e320cff,br=0 nl=0,1,
inc/event/res/seasonevent/seasonal_whitedaym.txt#219#12,"今回は前の時みたいに、
可愛い服が見つからなかったね。","这次没能像上次那样
找到可爱的衣服呢。",translated,依恩,231e643c42,br=0 nl=1,2,
inc/event/res/seasonevent/seasonal_whitedaym.txt#220#12,"実は、今年も新しい服を増やせるかな、
って、ちょっとだけ期待してたの。","其实，我之前还稍微期待过
今年能不能也再添一件新衣服呢。",translated,依恩,e75172ae9f,br=0 nl=1,2,
inc/event/res/seasonevent/seasonal_whitedaym.txt#221#12,"けど、一目で気に入る服は
簡単には見つからないね。","不过，能让人一眼就中意的衣服
可没有那么容易遇到呢。",translated,依恩,9b1d6b2216,br=0 nl=1,2,
inc/event/res/seasonevent/seasonal_whitedaym.txt#222#12,またデートに行った時に捜そう,下次再去约会的时候找找看吧,translated,,b7a12ffa00,br=0 nl=0,1,
inc/event/res/seasonevent/seasonal_whitedaym.txt#223#12,こっちに夢中になってた証拠だから嬉しい,说明你完全把心思放在了我身上，我很高兴哦,translated,,c93ef2f780,br=0 nl=0,1,
inc/event/res/seasonevent/seasonal_whitedaym.txt#225#12,ふふっ……うん、そうだね。,呵呵……嗯，说的也是呢。,translated,依恩,2c36e3bf82,br=0 nl=0,1,
inc/event/res/seasonevent/seasonal_whitedaym.txt#226#12,"さりげなく次のデートの約束もするなんて、
あなたっておしゃれさんだね。","竟然这么自然地定下了下一次约会的承诺，
你可真懂得浪漫呢。",translated,依恩,a21f0c6f03,br=0 nl=1,2,
inc/event/res/seasonevent/seasonal_whitedaym.txt#229#12,"もぉ、またそういう恥かしいこと
言って……。","真是的，又说这种让人害羞的话，
真是拿你没办法……",translated,依恩,261eacf26b,br=0 nl=1,2,
inc/event/res/seasonevent/seasonal_whitedaym.txt#230#12,"けど、あながち間違ってないから
否定はできないかな。","不过，倒也不算说错，
所以我也没办法反驳啦。",translated,依恩,bb47d6ba08,br=0 nl=1,2,
inc/event/res/seasonevent/seasonal_whitedaym.txt#232#12,"来年のホワイトデーも、
また一緒におでかけしようね。","明年的白色情人节，
也要再一起出来逛逛哦。",translated,依恩,37271cf237,br=0 nl=1,2,
inc/event/res/seasonevent/seasonal_whitedaym.txt#233#12,わたし、楽しみにしてるよ。,我会一直期待着的哦。,translated,依恩,d9f8ff951c,br=0 nl=0,1,
inc/event/res/seasonevent/seasonal_whitedayt.txt#1#12,"<CLBU>よかったぁ！
いてくれたんだ。","<CLBU>太好啦！
原来你在这里呀。",translated,依恩,75b5581885,<CLBU> br=0 nl=1,2,keep-tags <CLBU>
inc/event/res/seasonevent/wear_choice_season.txt#4#12,着ていく服を選ぶ,选择要穿的服装,translated,,6dca766f4e,br=0 nl=0,1,
inc/event/res/seasonevent/wear_choice_season.txt#5#12,イオンに任せる,交给依恩决定,translated,,8c7dfbaced,br=0 nl=0,1,
inc/event/res/seasonevent/wear_choice_season.txt#8#12,"え？
着てほしい服があるの？","诶？
你有想让我穿的衣服吗？",translated,依恩,20576228f9,br=0 nl=1,2,
inc/event/res/seasonevent/wear_choice_season.txt#9#12,"ん～、それじゃあせっかくだし、
あなたに選んでもらおうかな♪","嗯～，那难得有这个机会，
就交给你来挑选吧♪",translated,依恩,681513cff0,br=0 nl=1,2,
inc/event/res/seasonevent/wear_choice_season.txt#25#12,服を選び直す,重新选择服装,translated,,9c16c2af57,br=0 nl=0,1,
inc/event/res/seasonevent/wear_choice_season.txt#26#12,フェイスアクセを選び直す,重新选择脸部饰品,translated,,a536d115bb,br=0 nl=0,1,
inc/event/res/seasonevent/wear_choice_season.txt#27#12,衣装を決定,确定服装,translated,,cd2de21aa0,br=0 nl=0,1,
inc/event/res/seasonevent/wear_choice_season.txt#29#12,服を選び直す,重新选择服装,translated,,9c16c2af57,br=0 nl=0,1,
inc/event/res/seasonevent/wear_choice_season.txt#30#12,ヘッドアクセを選び直す,重新选择头部饰品,translated,,3469e27097,br=0 nl=0,1,
inc/event/res/seasonevent/wear_choice_season.txt#31#12,フェイスアクセを選び直す,重新选择脸部饰品,translated,,a536d115bb,br=0 nl=0,1,
inc/event/res/seasonevent/wear_choice_season.txt#32#12,衣装を決定,确定服装,translated,,cd2de21aa0,br=0 nl=0,1,
inc/event/res/seasonevent/wear_choice_season.txt#36#12,服を選び直す,重新选择服装,translated,,9c16c2af57,br=0 nl=0,1,
inc/event/res/seasonevent/wear_choice_season.txt#37#12,衣装を決定,确定服装,translated,,cd2de21aa0,br=0 nl=0,1,
inc/event/res/seasonevent/wear_choice_season.txt#39#12,服を選び直す,重新选择服装,translated,,9c16c2af57,br=0 nl=0,1,
inc/event/res/seasonevent/wear_choice_season.txt#40#12,ヘッドアクセを選び直す,重新选择头部饰品,translated,,3469e27097,br=0 nl=0,1,
inc/event/res/seasonevent/wear_choice_season.txt#41#12,衣装を決定,确定服装,translated,,cd2de21aa0,br=0 nl=0,1,
