id,jp,zh,status,max_bytes,src,ctl,occurrences,note
global:0,"

を選択",选择,translated,12,324ab2cfc4,br=0 nl=2,3,
global:1,"
　シャール（モデル）

を選択","　夏尔（模型）

选择",translated,43,f23a8153bf,br=0 nl=3,2,src-lines=4
global:2,"
をタップ",点击,translated,14,cdd4cc45e7,br=0 nl=1,4,
global:3,BGM無し,无BGM,translated,32,a53002f14f,br=0 nl=0,1,
global:4,ES45カソードについて,关于ES45阴极,translated,29,1e26690192,br=0 nl=0,1,
global:5,"EV/NEXT」ボタンについて
　　メール本文を表示しているときに、メールが２件以上
　　存在する場合、本文枠の左右に「PREV」「NEXT」
　　ボタンが表示されます。
　　これらをタップすることで、一覧画面に戻ること無く、
　　メール本文を順次読み進めることが可能です。
","关于“EV/NEXT”按钮
　　显示邮件正文时，若存在2封以上的邮件，
　　正文框的左右两侧便会显示“PREV”与“NEXT”
　　按钮。
　　通过点击这些按钮，无需返回一览画面，
　　即可顺次阅读邮件正文。",translated,373,790cc63b37,br=0 nl=6,5,src-lines=7; src-longest-line=28
global:6,Gスポット,,todo,14,2b371ed103,br=0 nl=0,1,
global:7,HymPをシャールに１０００投入した証！,向夏尔投入1000HymP的证明！,translated,128,5164efb5bd,br=0 nl=0,1,
global:8,HymPをシャールに１００００投入した証！,向夏尔投入10000HymP的证明！,translated,128,0786d6cfa4,br=0 nl=0,1,
global:9,HymPをシャールに５０００投入した証！,向夏尔投入5000HymP的证明！,translated,128,0dcd5ac2cc,br=0 nl=0,1,
global:10,INSTALL情報,安装信息,translated,15,2dd714651d,br=0 nl=0,1,
global:11,LPmax上昇+10,LPmax上升+10,translated,16,31cb811dd9,br=0 nl=0,3,
global:12,LPmax上昇+12,LPmax上升+12,translated,16,1b0e7e5923,br=0 nl=0,3,
global:13,LPmax上昇+14,LPmax上升+14,translated,16,475a01dbec,br=0 nl=0,3,
global:14,LPmax上昇+16,LPmax上升+16,translated,16,152db89542,br=0 nl=0,3,
global:15,LPmax上昇+18,LPmax上升+18,translated,16,f0f3805a5d,br=0 nl=0,3,
global:16,LPmax上昇+20,LPmax上升+20,translated,16,c59dd792a4,br=0 nl=0,3,
global:17,LPmax上昇+3,LPmax上升+3,translated,14,3c74a67f04,br=0 nl=0,3,
global:18,LPmax上昇+5,LPmax上升+5,translated,14,44e0aa6118,br=0 nl=0,3,
global:19,LPmax上昇+7,LPmax上升+7,translated,14,140d4468cb,br=0 nl=0,3,
global:20,LPの回復が早くなるため、休養時間が短縮できます。,LP回复加快，可缩短休养时间。,translated,72,5468390967,br=0 nl=0,10,src-longest-line=25
global:21,LPの最大値が増えるため、廃墟修復出来る時間が延びます。,LP上限增加，可延长修复废墟的时间。,translated,128,9a33d11570,br=0 nl=0,9,src-longest-line=28
global:22,MyGustID登録,注册MyGustID,translated,15,3c412126e9,br=0 nl=0,1,
global:23,MyGustID紹介,MyGustID介绍,translated,15,16dbbe190d,br=0 nl=0,1,
global:24,"SETTING
　ジェノミリンク
を選択","SETTING
　杰诺米链接
选择",translated,43,dcccb08b6a,br=0 nl=2,1,
global:25,[EV]あったか系,[EV]温馨系,translated,20,49bc0954aa,br=0 nl=0,2,
global:26,[EV]おバカ系,[EV]搞怪系,translated,17,b7f2306967,br=0 nl=0,1,
global:27,[EV]しんみり系,[EV]伤感系,translated,20,ba566b17db,br=0 nl=0,1,
global:28,[EV]まったり系,[EV]悠闲系,translated,20,e6eb088e16,br=0 nl=0,1,
global:29,[EV]スパート系,[EV]冲刺系,translated,20,4e02e0c321,br=0 nl=0,1,
global:30,[EV]ネイ他,[EV]妮伊等,translated,14,7472a8425e,br=0 nl=0,1,
global:31,[EV]ハイテク系,[EV]高科技系,translated,20,952ed8a4b0,br=0 nl=0,3,
global:32,[EV]一段落系,[EV]告一段落,translated,17,a5285cc0ce,br=0 nl=0,1,
global:33,[EV]万寿沙羅他,[EV]万寿沙罗等,translated,20,6455f9caba,br=0 nl=0,1,
global:34,[EV]危機系,[EV]危机系,translated,14,c7042b9e35,br=0 nl=0,3,
global:35,[EV]喪失系,[EV]丧失系,translated,14,1a41c45e95,br=0 nl=0,3,
global:36,[EV]地文系,[EV]地文系,translated,14,eb82ebad4b,br=0 nl=0,1,
global:37,[EV]天文系,[EV]天文系,translated,14,e149172e48,br=0 nl=0,1,
global:38,[EV]子供達他,[EV]孩子们等,translated,17,800700f883,br=0 nl=0,1,
global:39,[EV]寂しい系,[EV]寂寞系,translated,17,0e636e14ba,br=0 nl=0,2,
global:40,[EV]日常系,[EV]日常系,translated,14,0ae7d186f5,br=0 nl=0,2,
global:41,[EV]精神世界系,[EV]精神世界系,translated,20,4e5ac4def6,br=0 nl=0,1,
global:42,[EV]緊迫系,[EV]紧迫系,translated,14,6dd456de32,br=0 nl=0,3,
global:43,[EV]雷哭大樹他,[EV]雷哭大树等,translated,20,583f8b9c6f,br=0 nl=0,1,
global:44,ag.突破,ag.突破,translated,76,9c2897d966,br=0 nl=0,8,
global:45,…………ね、寝ていませんよ？,…………没、我没有睡着哦？,translated,43,2648ad3eed,br=0 nl=0,1,
global:46,……あんたのために、働いたんだからね。,……我可是为了你才工作的哦。,translated,58,5000335d36,br=0 nl=0,1,
global:47,……本当に、私が修復していいの？,……真的可以由我来修复吗？,translated,49,93a0b4b834,br=0 nl=0,1,
global:48,○す,,todo,7,b577009250,br=0 nl=0,1,
global:49,○～ったオーション,,todo,65,0176b8a07e,br=0 nl=0,1,
global:50,◎～ったオーション,,todo,65,acaeea7d44,br=0 nl=0,1,
global:51,"●GENOMIX
　バーコードからシャールを生成した際に、実際に生成
　されたシャールがプレビュー出来ます。

　このシャールを生成する場合は、
　右下にある「決」ボタンを押してください。

●メニューコマンド
　・基本情報
　　　生成されたシャールの種族などを表示します。

　・能力情報
　　　生成されたシャールの能力値を表示します。","●GENOMIX
　从条形码生成夏尔时，可以预览实际生成的
　夏尔。

　若要生成该夏尔，
　请按下右下方的“决”按钮。

●菜单指令
　・基本信息
　　　显示所生成夏尔的种族等信息。

　・能力信息
　　　显示所生成夏尔的能力值。",translated,470,e3ee1c276f,br=0 nl=12,1,src-lines=13; src-longest-line=25
global:52,"●INSTALL情報
　・TalkPack最終更新日
　　　イオンの会話パターンのバージョンです。

　・ScenarioPacks
　　　インストールが行われた、章立ての
　　　シナリオパック一覧が表示されます。

　・MakeUpPacks
　　　インストールが行われた、
　　　コスチューム＆アクセサリパック一覧が
　　　表示されます。

　・SpecialPacks
　　　インストールが行われた、
　　　特別な企画コンテンツのパック一覧が
　　　表示されます。

　・Premiums
　　　インストールが行われた、
　　　シナリオやコスチューム＆アクセサリパック以外の
　　　購入パック一覧が表示されます。","●安装信息
　・TalkPack最终更新日
　　　依恩对话模式的版本。

　・ScenarioPacks
　　　显示已安装的章节
　　　剧本包列表。

　・MakeUpPacks
　　　显示已安装的
　　　服装＆饰品包
　　　列表。

　・SpecialPacks
　　　显示已安装的
　　　特别企划内容包
　　　列表。

　・Premiums
　　　显示已安装的
　　　剧本及服装＆饰品包以外的
　　　已购包列表。",translated,768,8fc150bdfe,br=0 nl=21,1,src-lines=22; src-longest-line=26
global:53,"●MyGustID登録画面
　・連携状況
　　　現在、PSN℠のオンラインIDと、
　　　MyGustIDが連携しているかを表示しています。

　　　※以下の項目は、まだ連携していない場合にのみ
　　　　表示されます。

　・MyGustID
　　　PSN℠のオンラインIDと連携する、
　　　MyGustIDを入力してください。

　・パスワード
　　　PSN℠のオンラインIDと連携する、
　　　MyGustIDのパスワードを入力してください。

　・MyGustIDを取得する
　　　ブラウザを開いて、MyGustIDの登録を行います。

●連携／解除ボタン
　MyGustIDとパスワードが入力されていない場合、
　ボタンを押すことはできません。

　連携すると、ボタンは「解除」ボタンになります。
　連携を解除したい場合に押してください。
　解除すると、再び「連携」ボタンになります。","●MyGustID注册画面
　・关联状况
　　　显示当前PSN℠在线ID与
　　　MyGustID是否已建立关联。

　　　※以下项目仅在尚未关联时
　　　　显示。

　・MyGustID
　　　请输入与PSN℠在线ID关联的
　　　MyGustID。

　・密码
　　　请输入与PSN℠在线ID关联的
　　　MyGustID密码。

　・获取MyGustID
　　　打开浏览器，进行MyGustID注册。

●关联／解除按钮
　未输入MyGustID与密码时，
　无法按下按钮。

　关联成功后，按钮将变为“解除”按钮。
　想要解除关联时请按下。
　解除后，将重新变回“关联”按钮。",translated,984,3978bddd16,br=0 nl=25,1,src-lines=26; src-longest-line=29
global:54,"●MyGustID紹介文
　　MyGustIDの機能と、
　　PSN℠のオンラインIDと連携した場合の
　　各種特典に関する情報です。

　　なお、連携した場合の特典は連携後に発生します。
　　従って、HymP1.5倍のような特典は
　　既に獲得しているHymPは増えません。　

●コマンド
　・MyGustID紹介
　　　MyGustIDの機能と、
　　　PSN℠のオンラインIDと連携した場合の
　　　各種特典に関する情報を表示します。
　
　・MyGustID登録
　　　MyGustIDとPSN℠のオンラインIDを連携します。
　　　まだMyGustIDを持っていない場合は、
　　　ここで新規登録をすることもできます。","●MyGustID介绍
　　介绍MyGustID的功能，以及
　　与PSN℠在线ID关联时的
　　各项特典信息。

　　此外，关联特典将在关联后生效。
　　因此，像HymP1.5倍此类特典
　　不会增加此前已获得的HymP。

●指令
　・MyGustID介绍
　　　显示MyGustID的功能，以及
　　　与PSN℠在线ID关联时的
　　　各项特典信息。

　・MyGustID注册
　　　关联MyGustID与PSN℠在线ID。
　　　若尚未持有MyGustID，
　　　亦可在此处进行新用户注册。",translated,746,71cc7db218,br=0 nl=18,1,src-lines=19; src-longest-line=31
global:55,"●TIME WARP
　　夢セカイの廃墟修復時間を進めます。
　※イオンの世界の時間は進まないため、
　　工作や料理などが進行することはありません。
　　ご注意ください。　","●TIME WARP
　　推进梦世界的废墟修复时间。
　※由于依恩世界的时间不会推进，
　　手工制作与料理等并不会进行。
　　敬请注意。",translated,233,2af435d339,br=0 nl=4,1,src-lines=5
global:56,"●WEB-TV『７次元通信』
　WEB-TV『７次元通信』は、PlayStation®Vita から
　WEB上に投稿でき、WEB上でキャスト、スタッフ、
　そしてキャラ達による　楽しい番組をお楽しみ頂ける
　コンテンツです。

　『７次元通信』は皆さんの投稿によって成り立ちます。
　是非、下にある「７通投稿フォーム」から
　投稿してくださいね。

　採用された方には、素敵なシャールアクセサリの
　プレゼントもありますよ♪
","●WEB-TV“7次元通信”
　WEB-TV“7次元通信”是一项可通过PlayStation®Vita
　向网页投稿，并在网页上欣赏由声优、员工
　以及角色们带来的精彩节目的
　特色内容。

　“7次元通信”离不开大家的投稿支持。
　请务必通过下方的“7通投稿表单”
　踊跃投稿哦。

　作品被采用者，还将获赠精美的夏尔饰品
　作为礼物哦♪",translated,550,e6650d9890,br=0 nl=12,1,src-lines=13; src-longest-line=35
global:57,"●「みんなで４択」投票フォーム
　WEB-TV『７次元通信』等で出題された
　「みんなで４択」クイズの投票ができます。

　投票は１日１回、規定のHymPを消費して行います。
　投票権利は毎日０時にリセットされ、
　再投票可能になります。


●ルールと特典
　クイズに対して、シャール単位で答えを出します。
　正解への票が最も多かった場合、そのシャールは
　正解となり、クイズに応じた素敵な特典が得られます。
　特典は、下記の要素によって変化することがあります。
　
　１．投票パワー
　　　　皆さんで投票した票数の合計。
　２．投票クオリティ
　　　　全投票に対する正解票の割合。

　【賞品例】
　HymPを、投票パワー、クオリティに応じて
　１００～３０００ポイントの範囲で
　シャール所有者全員に進呈！　など……

　尚、「最も多い回答」が複数存在する場合、
　（例えばAとCが同着トップで33%の場合など）
　回答が無効となってしまいますのでご注意下さい。


●Tips
　人数の多いシャールは「投票パワー」では有利ですが、
　なかなか自分が「これ！」という回答に行き着きにくい
　かもしれません。

　人数の少ないシャールは、自分の目指す回答に
　行き着きやすいですが、「投票パワー」が少ない為に
　正解しても賞品グレードが低めかもしれません。

　大人数シャールでも、コミュニティで話し合って
　組織票を入れれば、正解だったときに莫大な賞品を
　ゲット出来るかもしれません。

","●“大家一起4选1”投票表单
　可对WEB-TV“7次元通信”等节目中提出的
　“大家一起4选1”问答进行投票。

　投票为每日1次，消耗规定量的HymP进行。
　投票权于每日0点重置，
　届时可重新投票。


●规则与特典
　针对问答，以夏尔为单位给出回答。
　若投给正确答案的票数最多，该夏尔即算作
　答对，可获得与问答相对应的精美特典。
　特典可能会根据以下要素产生变动。

　１．投票力量
　　　　大家所投票数的总和。
　２．投票品质
　　　　正确选票占总投票数的比例。

　【奖品示例】
　根据投票力量与品质，在100～3000点数的范围内
　向夏尔所有者全员赠送HymP！　等等……

　此外，若“得票最多的回答”存在多个，
　（例如A与C并列第一各占33%等情况）
　回答将被判定为无效，敬请注意。


●小贴士
　人数众多的夏尔在“投票力量”上占优，
　但可能较难统一到自己认定的答案上。

　人数较少的夏尔虽容易统一到理想答案，
　但由于“投票力量”不足，
　即便答对奖品档次也可能偏低。

　即使是多人数夏尔，若在社群中充分讨论并
　组织统一步调投票，答对时或许能
　斩获丰厚的巨额奖品。",translated,1813,cf37ea8e6f,br=0 nl=43,1,src-lines=44; src-longest-line=26
global:58,"●みんなの想い
　現在メッセージボードに書き込まれている
　つぶやきがランダムで表示されます。

　つぶやきをタップすることで
　そのつぶやきを書き込んだユーザーの
　ユーザー情報を見ることができます。","●大家的心声
　随机显示当前留言板上写下的
　碎碎念。

　通过点击碎碎念，
　可以查看写下该碎碎念的
　用户的用户信息。",translated,292,8ce194b96b,br=0 nl=6,1,src-lines=7
global:59,"●アイテム一覧
　アイテムを選択します。
　作ったことがないアイテムは黄色で表示されます。

●アイテム詳細
　レシピと採取地は、どちらか一方が表示されます。

　・レシピ
　　　アイテムを作るのに必要な材料です。
　　　この表示があるアイテムを選ぶと
　　　イオンは、部屋でつくりはじめます。

　　　不足している場合、赤で表示されます。

　・採取地
　　　アイテムが採れる場所が表示されています。

　　　この表示があるアイテムを選ぶと
　　　イオンは外出して、しばらくしたら
　　　アイテムを採って帰ってきます。

　・メモ
　　　選択したアイテムに関する説明文です。","●道具一览
　选择道具。
　未制作过的道具将以黄色显示。

●道具详情
　配方与采集地仅会显示其中一方。

　・配方
　　　制作道具所需的材料。
　　　选择带有该显示的道具，
　　　依恩便会在房间中开始制作。

　　　材料不足时将以红色显示。

　・采集地
　　　显示可采集到道具的地点。

　　　选择带有该显示的道具，
　　　依恩便会外出，片刻之后
　　　便会采回道具归来。

　・备忘录
　　　所选道具的相关说明文。",translated,821,7829f55166,br=0 nl=22,1,src-lines=23
global:60,"●アイテム一覧
　イオンが外で採ってくるアイテムが表示されています。

●アイテム詳細
　・採取地
　　　アイテムが採れる場所です。

　・メモ
　　　どのようなアイテムか、説明が書かれています。

●取り消しボタン
　採取をお願いしていたアイテムを取り消します。

　※このボタンは、あなたがお願いしているアイテムにだけ
　　表示されます。","●道具一览
　显示依恩在外采集归来的道具。

●道具详情
　・采集地
　　　采集道具的地点。

　・备忘录
　　　记载该道具的性质说明。

●取消按钮
　取消已委托采集的道具。

　※该按钮仅对由您委托的道具
　　显示。",translated,486,785a433ec6,br=0 nl=14,1,src-lines=15; src-longest-line=27
global:61,"●イオンの状態
　・シンフォリズム
　　　イオンの今の気分や好み、あなたへの気持ちを
　　　確認することができます。

　・今やってること
　　　イオンが今やってることを表示します。
　　　あなたが今お願いしていることも、確認できます。

　・嬉しかったことメモ
　　　イオンがこっそり書いている、嬉しかったことを
　　　書き記したメモを、こっそり見ることができます。","●依恩的状态
　・交感律动
　　　可以确认依恩当下的心情、喜好以及
　　　对您的心意。

　・正在做的事
　　　显示依恩当前正在做的事情。
　　　亦可确认您当前委托的事情。

　・开心之事备忘录
　　　可以悄悄查看依恩暗中写下的、
　　　记录着开心之事的备忘录。",translated,531,7af624b6c4,br=0 nl=11,1,src-lines=12; src-longest-line=26
global:62,"●イオンを呼ぶ
　イオンを呼んで話をしたり、遊んだりなど、
　普段の会話とは違う特殊なコミュニケーションができます。
　　・端末を移動してもらう
　　・ジャンケンをする
　　・今日あったことを話す
　など","●呼唤依恩
　呼唤依恩聊天、玩耍等，
　进行与平常对话不同的特殊交流。
　　・让其移动终端
　　・玩猜拳
　　・聊今天发生的事
　等",translated,295,468abce695,br=0 nl=6,1,src-lines=7; src-longest-line=28
global:63,"●イベント情報
　ゲーム内外で行われているイベントの情報を
　確認することができます。

※『イベント情報』に表記されるイベントは
　不定期に更新されます。","●事件信息
　可确认游戏内外正在举行的事件
　信息。

※“事件信息”中记载的事件将
　不定期更新。",translated,225,f9ac0483cb,br=0 nl=5,1,src-lines=6
global:64,"●エネルギー情報
　・エネルギー送信量
　　　現在までに送られた全エネルギーです。

　・次のチャージボーナス
　　　マイクロクエーサーに一定量のエネルギーが
　　　貯まると報酬が与えられます。

　　　ここでは、次の報酬までに必要なエネルギー
　　　を表示しています。

　・報酬内容
　　　次の報酬内容です。

●コマンド
　・エネルギー情報
　　　主に、マイクロクエーサーに関わる
　　　HymPポイントの送信量などを表示します。

　・協力情報
　　　HymP送信回数や、送信量といった情報を
　　　表示します。

　・エネルギー送信
　　　選択中のシャールから、マイクロクエーサーに
　　　HymPを送信します。

　・ジェノミリンク
　　　「アルノサージュ DX」との
　　　データリンクを行うことができます。","●能量信息
　・能量输送量
　　　截至目前所输送的全部能量。

　・下次充能奖励
　　　微类星体蓄积一定量能量时，
　　　即可获得报酬。

　　　此处显示获得下次报酬所需的
　　　能量。

　・报酬内容
　　　下次报酬的内容。

●指令
　・能量信息
　　　主要显示与微类星体相关的
　　　HymP点数输送量等。

　・协力信息
　　　显示HymP输送次数、输送量等
　　　信息。

　・输送能量
　　　从选中的夏尔向微类星体
　　　输送HymP。

　・杰诺米链接
　　　可与《Ar nosurge DX》进行
　　　数据链接。",translated,996,deb066d7f0,br=0 nl=29,1,src-lines=30
global:65,"●エピソード一覧
　廃墟修復を完了させて覗いた、イオンの記憶です。
　エピソードNo.が飛び番になることもありますが、
　特定の条件を満たすことで修復できなかった記憶も
　修復することが可能になります。
　またエピソードは扉の順ではなく時系列順に並んで
　います。そのため、新しく見たエピソードが一番下に
　来るとは限りません。

●エピソード詳細
　・タイトル
　　　選択したエピソードのタイトルです。

　・本文
　　　エピソードのあらすじが記載されています。
","●篇章一览
　完成废墟修复后窥见的依恩记忆。
　篇章编号有时会出现跳号，
　只要达成特定条件，此前未能修复的记忆
　亦可重新进行修复。
　此外，篇章并非按门扉顺序、而是按时间顺序
　排列。因此，新阅览的篇章并不一定排在
　最下方。

●篇章详情
　・标题
　　　所选篇章的标题。

　・正文
　　　记载该篇章的故事梗概。",translated,664,00783aca43,br=0 nl=15,1,src-lines=16; src-longest-line=25
global:66,"●オプション
　・音量設定
　　　ゲーム中の各種音量を調整します。","●选项
　・音量设定
　　　调整游戏中的各项音量。",translated,96,cccdc5726d,br=0 nl=2,1,
global:67,"●オプション
　・音量設定
　　　ゲーム中の各種音量を調整します。

　・タイトルヘ戻る
　　　一旦ゲームを終了して、タイトルに戻ります。

　・ジェノミリンク
　　　アルノサージュDXとの
　　　データリンクを行うことができます。","●选项
　・音量设定
　　　调整游戏中的各项音量。

　・返回标题
　　　暂时退出游戏并返回标题画面。

　・杰诺米链接
　　　可与Ar nosurge DX进行
　　　数据链接。",translated,327,550dfc10fc,br=0 nl=9,1,src-lines=10
global:68,"●オプション
　・音量設定
　　　ゲーム中の各種音量を調整します。

　・タイトルヘ戻る
　　　一旦ゲームを終了して、タイトルに戻ります。

　・ジェノミリンク
　　　アルノサージュDXとの
　　　データリンクを行うことができます。

　・ボタン設定
　　　イオンを呼び出すボタンを設定します。","●选项
　・音量设定
　　　调整游戏中的各项音量。

　・返回标题
　　　暂时退出游戏并返回标题画面。

　・杰诺米链接
　　　可与Ar nosurge DX进行
　　　数据链接。

　・按键设定
　　　设定呼唤依恩的按键。",translated,414,b68717c8c4,br=0 nl=12,1,src-lines=13
global:69,"●オプション
　・音量設定
　　　ゲーム中の各種音量を調整します。

　・ボタン設定
　　　イオンを呼び出すボタンを設定します。","●选项
　・音量设定
　　　调整游戏中的各项音量。

　・按键设定
　　　设定呼唤依恩的按键。",translated,183,5755bd7201,br=0 nl=5,1,src-lines=6
global:70,"●カテゴリ
　・服飾
　　　服やアクセサリーなど、イオンが身につけるものです。

　・食料
　　　食べ物や飲み物、調味料など、イオンが口にするものです。

　・工作
　　　電子機器など、生活に必須でない趣味の品です。

　・特別
　　　イオンに深く関わるアイテムです。

　・プラグイン
　　　用途不明なアイテムです。","●类别
　・服饰
　　　衣服与饰品等依恩穿戴之物。

　・食物
　　　食物、饮品、调味料等依恩入口之物。

　・手工
　　　电子设备等非生活必需的爱好之物。

　・特别
　　　与依恩密切相关的道具。

　・插件
　　　用途不明的道具。",translated,450,3e65591036,br=0 nl=14,1,src-lines=15; src-longest-line=30
global:71,"●コマンド
　・イオンの状態
　　　現在のイオンの状態を確認します。

　・採ってくるものリスト
　　　イオンが外で採ってくるものを見ます。
　　　あなたがお願いしたアイテムを、
　　　キャンセルすることもできます。

　・知っているアイテム
　　　いままで、イオンに作ってもらった
　　　または採ってきてもらったアイテムをすべて表示します。

　・詩の鑑賞
　　　夢セカイで見た、詩を謳うシーンを思い出します。

　・部屋の音楽を変更
　　　BGM一覧からBGMを選択し、それをイオンの部屋の
　　　常時BGMとすることが可能です。

　・７次元転送BOX
　　　物語の進行によってイオンからのボイスメールや
　　　画像が送られてきます。
","●指令
　・依恩的状态
　　　确认依恩当前的状态。

　・外采物品列表
　　　查看依恩在外采集的物品。
　　　亦可取消您所委托的
　　　道具。

　・已知道具
　　　显示至今为止由依恩制作的、
　　　或是采集归来的所有道具。

　・诗歌鉴赏
　　　重温在梦世界见到的吟咏诗歌的场景。

　・变更房间音乐
　　　可从BGM列表中选择BGM，并将其设为
　　　依恩房间的常驻BGM。

　・7次元传送BOX
　　　随故事进展接收依恩发来的语音邮件
　　　与图片。",translated,894,e6815cf5c8,br=0 nl=23,1,src-lines=24; src-longest-line=29
global:72,"●コマンド
　・フォローしている
　　　フォローしているユーザーの一覧を表示します。

　・フォローされてる
　　　フォローされているユーザー一覧を表示します。

　・PSNフレンド
　　　PSNでフレンド登録しているユーザーがいる場合
　　　そのユーザーを一覧で表示します。

　・禁止リスト
　　　禁止リストに登録しているユーザーの一覧を
　　　表示します。

●ソート機能
　フレンドリストの表示順を変更可能です。
　ソート順には、以下のものがあります。

　・登録順
　　　フレンドになった日付の順番もしくは逆順です。

　・撫でた回数
　　　自分がフレンドの巣のシャールを撫でた回数順
　　　です。ただし、Hympを取得出来る時の回数のみ
　　　カウントされます（１日１シャール１回分のみです）

　・撫でられた時間
　　　フレンドが自分の巣のシャールを撫でた最新の
　　　時間順となります。（新）にした場合、最も最近
　　　自分の巣に撫でに来たフレンドの順になります。

　・巣へ行った時間
　　　フレンドシャールの巣へ訪問した時間順です。
","●指令
　・正在关注
　　　显示正在关注的用户列表。

　・被关注
　　　显示关注自己的用户列表。

　・PSN好友
　　　若在PSN中存在已加为好友的用户，
　　　将其以列表形式显示。

　・黑名单
　　　显示已加入黑名单的用户
　　　列表。

●排序功能
　可变更好友列表的显示顺序。
　排序方式包含以下各项。

　・注册顺序
　　　按成为好友的日期顺序或倒序排列。

　・抚摸次数
　　　按自己抚摸好友巢中夏尔的次数排序。
　　　但仅计算可获取HymP时的次数
　　　（每日每只夏尔仅限1次）。

　・被抚摸时间
　　　按好友抚摸自己巢中夏尔的最新
　　　时间排序。若设为（新），将优先排列
　　　最近前来自己巢中抚摸的好友。

　・造访巢的时间
　　　按造访好友夏尔巢的时间排序。",translated,1344,0074162a70,br=0 nl=34,1,src-lines=35; src-longest-line=27
global:73,"●コマンド
　・レイバー選択
　　　あなたのシャールと共に働いてくれる
　　　シャールを選択します。

　・サポーター選択
　　　あなたのシャールから１体だけ
　　　選択することができます。
　　　残りはランダムに選ばれたシャールから
　　　「協力申請可能人数」の上限数まで選択できます。

　・選ばれたシャール
　　　「レイバー選択」と「サポーター選択」で
　　　選択したシャールを表示します。

●シャール一覧
　・シャールの名前
　　　シャールの名前です。

　・属性
　　　修復属性です。

　・LP
　　　シャールのスタミナです。

　・修復力
　　　1LPあたりの、廃墟修復能力です。

　・チェックボックス
　　　選択するとチェックが付きます。
　　　チェックのついた状態で修復ボタンを押すと、
　　　選んだシャール廃墟の修復を開始します。

　　　１つもチェックを付けずに、
　　　修復を開始することもできます。

●協力申請可能人数
　シャールの一覧にチェックボックスを付けられる数です。
　廃墟修復に選んだシャールの指導力によって上下します。

　シャール一覧でチェックをつけると、数字が減ります。
　０になると、一覧にチェックを付けられません。

●「決」ボタン
　廃墟修復を開始します。","●指令
　・劳工选择
　　　选择与您的夏尔一同劳动的
　　　夏尔。

　・支援者选择
　　　可从您的夏尔中仅选择1只。
　　　其余可从随机挑选出的夏尔中，
　　　最多选择至“协力申请可能人数”上限。

　・选中的夏尔
　　　显示在“劳工选择”与“支援者选择”中
　　　所选中的夏尔。

●夏尔一览
　・夏尔的名字
　　　夏尔的名字。

　・属性
　　　修复属性。

　・LP
　　　夏尔的耐力。

　・修复力
　　　每1LP的废墟修复能力。

　・复选框
　　　选定时打上勾选标记。
　　　在勾选状态下按下修复按钮，
　　　选定的夏尔即开始修复废墟。

　　　亦可不勾选任何标记，
　　　直接开始修复。

●协力申请可能人数
　在夏尔一览中能够打上勾选标记的数量。
　该数值会根据选定用于废墟修复的夏尔的指导力而浮动。

　在夏尔一览中打勾时，数字会减少。
　减至0时，将无法在一览中继续勾选。

●“决”按钮
　开始修复废墟。",translated,1568,8b06bfdc97,br=0 nl=44,1,src-lines=45; src-longest-line=27
global:74,"●コマンド
　・作ってほしい
　　　イオンにアイテムを作ってもらいます。

　・採ってきてほしい
　　　イオンに材料を採ってきてもらいます。

　・帰ってきてほしい
　　　外出中のイオンを家に呼び戻すことが
　　　できます。

　・アイテムを差し出す
　　　イオンに向かってアイテムを見せます。

　・時間を教えて欲しい
　　　教えて欲しい時間をイオンに伝えます。","●指令
　・拜托制作
　　　请依恩制作道具。

　・拜托采集
　　　请依恩去采集材料。

　・快快回家
　　　可以呼唤外出的依恩
　　　返回家中。

　・递出道具
　　　向依恩出示道具。

　・想知道时间
　　　将想要获知的时间传达给依恩。",translated,517,9900814239,br=0 nl=15,1,src-lines=16
global:75,"●コマンド
　・夢セカイに行こう
　　　ダイブして、夢セカイに行きます。

　・一緒にご飯を食べよう
　　　イオンと一緒にご飯を食べます。

　・一緒に寝よう
　　　イオンと一緒に寝ます。","●指令
　・去梦世界吧
　　　潜入并前往梦世界。

　・一起吃饭吧
　　　与依恩一起吃饭。

　・一起睡觉吧
　　　与依恩一起睡觉。",translated,267,1c197d1930,br=0 nl=8,1,src-lines=9
global:76,"●コメント設定
　・一言メッセージ
　　　ユーザーリストに表示される、
　　　簡易メッセージを編集します。
　
　・プロフィール文
　　　ユーザー情報を表示する際に表示される、
　　　詳細な自己紹介文を編集します。","●评语设定
　・一句话消息
　　　编辑显示在用户列表中的
　　　简易消息。

　・个人简介
　　　编辑在显示用户信息时
　　　所呈现的详细自我介绍。",translated,308,0fde8e46d8,br=0 nl=7,1,src-lines=8
global:77,"●サブカテゴリ
　選択すると、サブカテゴリに応じた
　アイテムの一覧を表示します。

　「全部」を選択すると、カテゴリ「プラグイン」に属する
　すべてのアイテムを表示します。","●子类别
　选定后，显示与子类别相应的
　道具一览。

　选择“全部”时，将显示属于类别“插件”的
　所有道具。",translated,252,e5498f5c44,br=0 nl=5,1,src-lines=6; src-longest-line=27
global:78,"●サブカテゴリ
　選択すると、サブカテゴリに応じた
　アイテムの一覧を表示します。

　「全部」を選択すると、カテゴリ「工作」に属する
　すべてのアイテムを表示します。","●子类别
　选定后，显示与子类别相应的
　道具一览。

　选择“全部”时，将显示属于类别“手工”的
　所有道具。",translated,243,564ac1e9e6,br=0 nl=5,1,src-lines=6
global:79,"●サブカテゴリ
　選択すると、サブカテゴリに応じた
　アイテムの一覧を表示します。

　「全部」を選択すると、カテゴリ「服飾」に属する
　すべてのアイテムを表示します。","●子类别
　选定后，显示与子类别相应的
　道具一览。

　选择“全部”时，将显示属于类别“服饰”的
　所有道具。",translated,243,5e0b7d8610,br=0 nl=5,1,src-lines=6
global:80,"●サブカテゴリ
　選択すると、サブカテゴリに応じた
　アイテムの一覧を表示します。

　「全部」を選択すると、カテゴリ「特別」に属する
　すべてのアイテムを表示します。","●子类别
　选定后，显示与子类别相应的
　道具一览。

　选择“全部”时，将显示属于类别“特别”的
　所有道具。",translated,243,a1ad973ee2,br=0 nl=5,1,src-lines=6
global:81,"●サブカテゴリ
　選択すると、サブカテゴリに応じた
　アイテムの一覧を表示します。

　「全部」を選択すると、カテゴリ「食料」に属する
　すべてのアイテムを表示します。","●子类别
　选定后，显示与子类别相应的
　道具一览。

　选择“全部”时，将显示属于类别“食物”的
　所有道具。",translated,243,6df86d435e,br=0 nl=5,1,src-lines=6
global:82,"●シャールANNEX
　シャールANNEXには、最大で30体のシャールを保存
　出来ます。保存した中から6体をアクティブなシャール
　として、シャールの巣に出す事が可能です。

●出し入れの仕方
　シャール一覧の中で、チェックボックスが着いている
　ものが、シャールの巣に出すアクティブなシャールに
　なります。
　巣に出したいシャールのチェックボックスを選択して
　下さい。

●制限事項
　１．同時に巣に出せる数は最大６体です。
　２．最低１体は巣に出す必要が有ります。
　３．作業中、休養中シャールは出し入れ出来ません。
　４．シャールウィッシュ、マイクロクエーサーは
　　　巣に出して最初の4:00AMまで出来ません。
","●夏尔ANNEX
　在夏尔ANNEX中，最多可保存30只夏尔。
　可从保存的夏尔中选出6只作为活跃夏尔，
　派驻到夏尔之巢中。

●调度方式
　在夏尔一览中带有复选框标记的，
　即为派驻到夏尔之巢的活跃夏尔。
　请选择想要派驻到巢中的夏尔的
　复选框。

●限制事项
　１．同时派驻到巢中的夏尔最多为6只。
　２．巢中必须至少派驻1只夏尔。
　３．作业中、休养中的夏尔无法调度进出。
　４．夏尔心愿、微类星体在夏尔派驻到巢中后，
　　　在首个4:00AM到来前无法执行。",translated,869,ba6fa8418f,br=0 nl=18,1,src-lines=19; src-longest-line=27
global:83,"●シャールの巣
　・HIDEボタン
　　　選択すると情報ウィンドウを非表示にして、
　　　シャールの巣を眺められます。

　・MENUボタン
　　　メニュー（後述）を表示します。

　・シャール
　　　選択するとシャールの情報が表示されます。
　　　頭の上に吹き出しが出ているシャールは、
　　　レベルアップなどの更新情報があります。

　・GENOMIX
　　　新しいシャールの生成を行います。
　　　シャールの生成には、バーコードの入力が必要です。
　　　一度生成すると一定時間経過しないと
　　　次のシャールは生成できません。

　・戻ボタン
　　　ダイブゲートに戻ります。

●メニュー
　・ANNEX
　　　ANNEXには最大３０体のシャールを保管できます。
　　　そのうち６体を巣に出し入れする事が可能です。

　・ACTIVITY
　　　プレイ時間、マイクロクエーサー充填状況、
　　　シャール関連情報などを閲覧できます。

　・TIME WARP
　　　夢セカイの廃墟修復時間を進めます。
　　※イオンの世界の時間は進まないため、
　　　工作や料理などが進行することはありません。
　　　ご注意ください。　","●夏尔之巢
　・HIDE按钮
　　　选定后将隐藏信息窗口，
　　　方便静心眺望夏尔之巢。

　・MENU按钮
　　　显示菜单（后述）。

　・夏尔
　　　选定后显示夏尔的信息。
　　　头顶冒出气泡的夏尔，
　　　代表有升级等更新信息。

　・GENOMIX
　　　生成新的夏尔。
　　　生成夏尔需要输入条形码。
　　　每次生成后需经过一定时间，
　　　方可生成下一只夏尔。

　・返回按钮
　　　返回潜入之门。

●菜单
　・ANNEX
　　　ANNEX中最多可保管30只夏尔。
　　　其中可调度6只进出巢中。

　・ACTIVITY
　　　可查看游玩时间、微类星体充能状况、
　　　夏尔相关信息等内容。

　・TIME WARP
　　　推进梦世界的废墟修复时间。
　　※由于依恩世界的时间不会推进，
　　　手工制作与料理等并不会进行。
　　　敬请注意。",translated,2048,6ba3eb511f,br=0 nl=35,1,src-lines=36; src-longest-line=28
global:84,"●シャールの情報
　・シャール名
　　　シャールの詳細な名前です。

　・Lv.
　　　シャールのレベルです。

　・状態
　　　現在行っている作業と残りLPです。

●コマンド
　・シャール情報
　　　選択中のシャールに関する詳細情報を表示します。

　・クエーサー情報
　　　マイクロクエーサーの情報を表示します。

　・シャールと別れる
　　　選択中のシャールと別れます。","●夏尔信息
　・夏尔名
　　　夏尔的详细名字。

　・Lv.
　　　夏尔的等级。

　・状态
　　　当前进行的作业与剩余LP。

●指令
　・夏尔信息
　　　显示关于选定夏尔的详细信息。

　・类星体信息
　　　显示微类星体的信息。

　・与夏尔告别
　　　与当前选定的夏尔告别。",translated,522,583ff4084e,br=0 nl=18,1,src-lines=19; src-longest-line=26
global:85,"●シャールウィッシュ
　・シャール名
　　　お願いごとがあるシャールです。

　・獲得ポイント
　　　お願いごとを満たした時に得られるHymPとEXPです。
　　　EXPはシャールウィッシュを担当したシャールのみが
　　　取得します。

　・コメント
　　　シャールからのお願いです。","●夏尔心愿
　・夏尔名
　　　有心愿托付的夏尔。

　・获得点数
　　　达成心愿时所获得的HymP与EXP。
　　　EXP仅由负责该夏尔心愿的夏尔
　　　单独获取。

　・评语
　　　夏尔的心愿内容。",translated,387,52386268f3,br=0 nl=10,1,src-lines=11; src-longest-line=30
global:86,"●シャール種族変更
　・必要HymPを支払うことで、シャールの種族を変更
　　（クラスチェンジ）する事が可能です。

　・クラスチェンジしたい種族を選択した後に、
　　「決」ボタンを実行してください。
　　その後必要HymPが表示され、「はい」を選択する
　　ことで、クラスチェンジが開始されます。

　・クラスチェンジをすると、装備している全パーツが
　　一旦解除されます。再度装備をしてください。","●夏尔种族变更
　・支付所需HymP，即可变更夏尔的种族
　　（阶级变更）。

　・选定想要转职的种族后，
　　请执行“决”按钮。
　　之后将显示所需HymP，选定“是”
　　即可开始阶级变更。

　・阶级变更后，装备中的所有零件
　　将暂时卸下。请重新进行装备。",translated,565,2a9a7e8ffc,br=0 nl=10,1,src-lines=11; src-longest-line=26
global:87,"●ショートカット
　・セッティング（スパナとドライバーのアイコン）
　　　各種設定を変更します。

　・データの保存（ＳＡＶＥアイコン）
　　　現在のゲームデータの保存を行います。

　・データの読み込み（ＬＯＡＤアイコン）
　　　保存したゲームデータを読み込みます。

　・廃墟修復速報（壊れた建物のアイコン）
　　　廃墟の修復が完了した履歴を見ることができます。

　・シャールウィッシュ（顔のアイコン）
　　　シャールからあなたへのお願いごとを表示します。

●メインメニュー
　・お願いする
　　　イオンにお願いごとをします。

　・一緒に何かする
　　　イオンと一緒に行動します。

　・時間を進める
　　　イオンの世界の時間を進めます。

　・想いを伝える
　　　イオンにメッセージを伝えます。

　・７次元INFO
　　　ジェノミリンク等の情報を表示します。

　・情報を見る
　　　各種情報を確認します。

●戻る
　一つ前の画面に戻ります。","●快捷方式
　・设置（扳手与螺丝刀图标）
　　　变更各项设定。

　・保存数据（SAVE图标）
　　　保存当前的游戏数据。

　・读取数据（LOAD图标）
　　　读取保存的游戏数据。

　・废墟修复速报（损毁建筑图标）
　　　可以查看废墟修复完成的历史记录。

　・夏尔心愿（脸部图标）
　　　显示夏尔向您托付的心愿。

●主菜单
　・拜托事项
　　　向依恩提出拜托事项。

　・一起做点事
　　　与依恩一同行动。

　・推进时间
　　　推进依恩世界的时间。

　・传达心意
　　　向依恩传达消息。

　・7次元INFO
　　　显示杰诺米链接等相关信息。

　・查看信息
　　　确认各项信息。

●返回
　返回前一个画面。",translated,2048,559ea711e9,br=0 nl=36,1,src-lines=37; src-longest-line=26
global:88,"●シンフォリズム
　イオンの調子をリアルタイムにグラフ化しています。

　・ラブラブ度
　　　あなたとの親密度を表しています。

　・状態
　　　調子が悪い時などは、薬を差し出すなどして
　　　いたわってあげましょう。
　　
　・機嫌
　　　機嫌が悪い時は、好物を差し出すと
　　　良いかもしれません。

　・性格傾向
　　　服装と私生活の傾向です。
　　　普段着る服に影響します。

　・食の嗜好
　　　食べ物に関する趣向です。
　　　日々の食事に影響します。　　","●交感律动
　将依恩的状态进行实时图表化呈现。

　・亲亲密密度
　　　表示与您的亲密度。

　・状态
　　　身体不适时，递上药品等
　　　予以体贴关怀吧。

　・心情
　　　心情不好时，递上喜爱的食物
　　　或许会好转起来。

　・性格倾向
　　　服装与私生活的倾向。
　　　会影响平日穿着的衣服。

　・饮食嗜好
　　　关于食物的偏好。
　　　会影响日常的饮食。",translated,660,b34a4bcf11,br=0 nl=20,1,src-lines=21; src-longest-line=25
global:89,"●ジェノミリンク
　・TOP
　　　ジェノミリンクのトップ画面を表示して、
　　　ジェノミリンクの機能の概要を読むことが
　　　できます。

　・セカイリンク
　　　アルノサージュDXとのリンクデータの
　　　更新を行います。
　　　アルノサージュDXとのデータ互換は
　　　同一の機種、ユーザーアカウントを使用している
　　　必要があります。","●杰诺米链接
　・TOP
　　　显示杰诺米链接的顶部画面，
　　　可以阅读杰诺米链接功能的概要。

　・世界链接
　　　更新与《Ar nosurge DX》的链接
　　　数据。
　　　与《Ar nosurge DX》进行数据互通
　　　需要使用相同的机种及用户账号。",translated,481,29d7e06e00,br=0 nl=11,1,src-lines=12; src-longest-line=25
global:90,"●ジェノミリンクとは
　『ジェノミリンク』の概要を閲覧することができます。

●セカイリンク
　『セカイリンク』についての解説を
　項目ごとに閲覧することができます。","●何谓杰诺米链接
　可以浏览《杰诺米链接》的概要。

●世界链接
　可以按项目浏览关于《世界链接》的
　详细解说。",translated,240,dedb818f5a,br=0 nl=5,1,src-lines=6; src-longest-line=26
global:91,"●スキルバンク
　変更するスキルバンクを選択します。

　レベルが上がることで、
　最大６枠まで選択することができます。

●セット中のスキル
　現在セットしているスキルの一覧です。
　最大で６つセットされています。","●技能库
　选择想要变更的技能库。

　随着等级提升，
　最多可选择6个槽位。

●装备中的技能
　当前装备中的技能一览。
　最多可装备6个技能。",translated,309,916dd49581,br=0 nl=8,1,src-lines=9
global:92,"●スキル一覧
　変更するスキルを選択します。

　選択することで、スキルの詳細が表示されます。","●技能一览
　选择想要变更的技能。

　选定后，将显示该技能的详情。",translated,136,c47ed69f92,br=0 nl=3,1,src-lines=4
global:93,"●スキル一覧
　変更するスキルを選択します。

　選択することで、スキルの詳細が表示されます。

●スキル詳細
　・スキル名
　　　現在選択してるスキルの名前です。
　
　・効果
　　　スキルをセットした場合の効果です。

　・必要HymP
　　　スキルを開放するために必要なHymPです。

　・習得条件
　　　条件を満たしていないと、HymPが足りていても
　　　スキルを習得することができません。

　　　条件は複数指定されている場合があります。

　・条件の達成状況
　　　習得条件をすべて満たすと、「条件達成」
　　　ひとつでも不足していると「条件未達成」
　　　と表示されます。

　・「決」ボタン
　　　習得条件を満たし「条件達成」となっている
　　　スキルの場合、実行できます。","●技能一览
　选择想要变更的技能。

　选定后，将显示该技能的详情。

●技能详情
　・技能名
　　　当前所选技能的名称。

　・效果
　　　装备该技能时的效果。

　・所需HymP
　　　解锁该技能所需的HymP。

　・习得条件
　　　若未满足条件，即便HymP充足
　　　亦无法习得该技能。

　　　条件有时会指定多项。

　・条件达成状况
　　　习得条件全部满足时显示“条件达成”，
　　　若缺少任何一项则显示“条件未达成”。

　・“决”按钮
　　　满足习得条件并处于“条件达成”状态的
　　　技能，可以执行。",translated,962,ff30fa97d6,br=0 nl=28,1,src-lines=29; src-longest-line=26
global:94,"●スタッフへメール
　このフォームでメールを送信すると、
　直接スタッフへ届きます。

　シェルノサージュでは、皆さんからの御意見ご要望を
　元に、今後のアップデートを行っていきます。
　主な御意見の受付窓口はこちらになりますので、
　是非ともご投函ください！

　皆さんと共にコンテンツを盛り上げていけることを
　楽しみにしています。
","●给员工发邮件
　通过本表单发送邮件，
　将直接传达至开发员工手中。

　在《Ciel nosurge》中，我们将根据大家提出的意见与要求，
　开展今后的各项更新。
　此处为主要意见受理窗口，
　请务必踊跃投递！

　非常期待能与大家一同让本作内容更加精彩。",translated,486,0b82dd07d6,br=0 nl=11,1,src-lines=12; src-longest-line=25
global:95,"●データ移行
　シェルノサージュ（オンライン版）からの
　セーブデータ移行を行うことができます。
　セーブデータの移行を行うことで、
　　・イオンとの関係
　　・エピソードの進行状況
　　・アイテム
　　・シャール
　を引き継ぐことが可能です。","●数据迁移
　可以从《Ciel nosurge》（在线版）进行
　存档数据迁移。
　通过进行存档数据迁移，
　　・与依恩的关系
　　・篇章进行状况
　　・道具
　　・夏尔
　均可全数继承。",translated,351,05b75b0de0,br=0 nl=8,1,src-lines=9
global:96,"●デートに誘う
　条件を満たすことでイオンをデートに誘うことができます。
　誘えるデートスポットは既にカードを取得している
　スポットのみです。

　条件を満たしている場合、通常の約束するデートとは別に
　イオンからお誘いがあるときがあります。","●邀请约会
　满足条件即可邀请依恩进行约会。
　可邀请的约会地点仅限已获取卡片的
　地点。

　满足条件时，除了通常约定的约会外，
　有时依恩亦会主动提出邀请。",translated,355,ab3ffb82a0,br=0 nl=6,1,src-lines=7; src-longest-line=28
global:97,"●デートの確認
　イオンと約束したデートの場所を確認したり、
　約束したデートをキャンセルすることができます。
　　・場所を確認
　　・約束をキャンセル","●确认约会
　可以确认与依恩约定的约会地点，
　或是取消已约定的约会。
　　・确认地点
　　・取消约定",translated,221,175d331b6f,br=0 nl=4,1,src-lines=5
global:98,"●フレンド一覧
　タップすると、そのユーザーのシャールの巣へ
　いくことができます。

　友達のシャールの巣の時は、追加で
　「自分の巣に戻る」ボタンが表示されます。

　・アバター
　　　PSNで登録したアバターです。
　　　ゲーム中に変更することはできません。

　・ユーザー名（ID）
　　　ユーザー名と、PSN℠のオンラインIDです。

　・１行コメント
　　　ユーザーが任意に登録できるコメントです。","●好友一览
　轻触后，即可前往该用户的夏尔之巢。

　处于好友的夏尔之巢时，会额外显示
　“返回自己的巢”按钮。

　・头像
　　　在PSN中注册的头像。
　　　无法在游戏中进行修改。

　・用户名（ID）
　　　用户名与PSN℠在线ID。

　・单行评语
　　　用户可自由登记填写的评语。",translated,566,b6dc270e98,br=0 nl=15,1,src-lines=16; src-longest-line=25
global:99,"●ボードカテゴリ
　シャールの分類をもとに、
　表示するメッセージを選別します。

　下のカテゴリになるほど、
　該当するメッセージの数は増えます。

　・このシャールのみ
　・性質が同じもの
　・属性が同じもの
　・種族が同じもの
　・全記事一覧","●留言板类别
　以夏尔的分类为基准，
　筛选显示的消息。

　越靠下方的类别，
　符合条件的消息数量越多。

　・仅此夏尔
　・性质相同者
　・属性相同者
　・种族相同者
　・全部文章一览",translated,351,27dfccca98,br=0 nl=11,1,src-lines=12
global:100,"●マスターシャール選択
　修復を指揮するあなたのシャールを選択します。

　・現在の状態
　　　シャールの状態です。
　　　休憩中のシャールは修復を行うことができません。

　・基本情報
　　　シャールの種族や経験値、マイクロクエーサーへの
　　　エネルギー送信量を確認することができます。

　・能力情報
　　　LPや修復力、属性などのシャールの能力を
　　　確認します。","●主夏尔选择
　选择负责指挥修复工作的您的夏尔。

　・当前状态
　　　夏尔的状态。
　　　休憩中的夏尔无法进行修复。

　・基本信息
　　　可以确认夏尔的种族、经验值以及向微类星体的
　　　能量输送量。

　・能力信息
　　　确认LP、修复力、属性等夏尔的能力。",translated,532,ec4efd8830,br=0 nl=13,1,src-lines=14; src-longest-line=26
global:101,"●メッセージ
　・アバター
　　　PSNで登録したアバターです。
　　　ゲーム中に変更することはできません。

　・ユーザー名（ID)
　　　ユーザー名と、PSN℠のオンラインIDです。

　・フォロワー情報
　　　フォローしている数とフォローされている数です。

　・書き込み日時
　　　メッセージがサーバーに書きこまれた時間です。

　・つぶやき内容
　　　最大140文字のつぶやきです。

●コマンド
　・メッセージ
　　　つぶやき内容を表示します。

　・リツィート
　　　選択中のつぶやきを、引用して
　　　自分のつぶやきとして書き込みます。

　・メール送信
　　　選択中のユーザーに、メールを送ります。
　　
　・シャールタグ
　　　選択したメッセージの書きこまれた
　　　シャールのタイムラインを表示します。

　・ユーザー情報
　　　選択したメッセージを書き込んだ、
　　　ユーザーの詳細を表示します。

　・禁止する
　　　このユーザーを、
　　　あなたの禁止ユーザーリストに登録します。

●返信ボタン
　このつぶやきに返信します。","●消息
　・头像
　　　在PSN中注册的头像。
　　　无法在游戏中进行修改。

　・用户名（ID)
　　　用户名与PSN℠在线ID。

　・关注者信息
　　　关注数量与被关注数量。

　・发布时间
　　　消息写入服务器的时间。

　・碎碎念内容
　　　最多140字符的碎碎念。

●指令
　・消息
　　　显示碎碎念内容。

　・转推
　　　引用选中的碎碎念，
　　　作为自己的碎碎念发布。

　・发送邮件
　　　向选中的用户发送邮件。

　・夏尔标签
　　　显示发布了所选消息的
　　　夏尔的时间线。

　・用户信息
　　　显示发布了所选消息的
　　　用户详情。

　・屏蔽
　　　将该用户加入
　　　您的黑名单中。

●回复按钮
　回复该条碎碎念。",translated,1322,62f212dba6,br=0 nl=41,1,src-lines=42; src-longest-line=26
global:102,"●メッセージボード
　書き込み時間順に最大１０件表示されます。
　過去のつぶやきを見るには、
　一番下までスクロールした時にでる
　「もっとみる」をタップします。

　「もっとみる」をタップすると、
　更新時間のさらに１０件のつぶやきを
　見ることができます。

　・アバター
　　　PSNで登録したアバターです。
　　　ゲーム中に変更することはできません。

　・ユーザー名（ID)
　　　ユーザー名と、PSN℠のオンラインIDです。

　・フォロワー情報
　　　フォローしている数とフォローされている数です。

　・書き込み日時
　　　つぶやきがサーバーに書きこまれた時間です。

　・つぶやき内容
　　　ユーザー、またはシャールのぶやきです。

●コマンド
　・フォロワーの記事
　　　自分がフォローしているユーザーのつぶやきが
　　　タイムラインに表示されます。

　・リプライ一覧
　　　自分に対する返事として書かれた記事のみ
　　　抽出して表示します。

　・My投稿記事一覧
　　　自分の書き込んだ記事のみを表示します。

　・メッセージ書込
　　　タイムラインに新規メッセージを書き込みます。

","●留言板
　按发布时间顺序最多显示10条。
　若要查看以往的碎碎念，
　请轻触滚动至最底部时出现的
　“查看更多”。

　轻触“查看更多”后，
　可以进一步查看按更新时间排序的
　另外10条碎碎念。

　・头像
　　　在PSN中注册的头像。
　　　无法在游戏中进行修改。

　・用户名（ID)
　　　用户名与PSN℠在线ID。

　・关注者信息
　　　关注数量与被关注数量。

　・发布时间
　　　碎碎念写入服务器的时间。

　・碎碎念内容
　　　用户或夏尔的碎碎念。

●指令
　・关注者的动态
　　　在时间线上显示自己关注的用户
　　　所发布的碎碎念。

　・回复一览
　　　仅筛选并显示作为针对自己的
　　　回复而撰写的文章。

　・我的发文一览
　　　仅显示由自己撰写的文章。

　・发布消息
　　　向时间线发布新的消息。",translated,1411,1f5f0352cd,br=0 nl=41,1,src-lines=42; src-longest-line=26
global:103,"●メッセージボード
　遷移元によって、フィルタリング内容が異なります。

　書き込み時間順に最大１０件表示されます。
　過去のつぶやきを見るには、
　一番下までスクロールした時にでる
　「もっとみる」をタップします。

　「もっとみる」をタップすると、
　更新時間のさらに１０件のつぶやきを
　見ることができます。

　・アバター
　　　PSNで登録したアバターです。
　　　ゲーム中に変更することはできません。

　・ユーザー名（ID)
　　　ユーザー名と、PSN℠のオンラインIDです。

　・フォロワー情報
　　　フォローしている数とフォローされている数です。

　・書き込み日時
　　　つぶやきがサーバーに書きこまれた時間です。

　・つぶやき内容
　　　ユーザー、またはシャールのぶやきです。

●コマンド
　・メッセージボード
　　　最新１０件のつぶやきを表示します。
　　　「もっとみる」で１０件以上表示していた場合も
　　　２0件表示に戻ります。

　・新規記事書込
　　　サーバーにつぶやきを書き込みます。

　・共有ユーザー一覧
　　　フィルターの結果表示されている
　　　ユーザーの一覧を表示します。

　・ボードカテゴリ
　　　現在メッセージボードに適応している
　　　カテゴリを変更します。

　・コミュイベント
　　　シャール共有者全員で協力して正解を選ぶ
　　　４択クイズイベントを行う事ができます。
　　　（開催時のみ）

●更新ボタン
　タイムラインは自動では更新されません。
　このボタンを押して手動で更新してください。

●カテゴリ情報
　現在、どのカテゴリでつぶやきを表示しているか
　がわかります。","●留言板
　根据进入画面的途径不同，筛选的内容亦有所差异。

　按发布时间顺序最多显示10条。
　若要查看以往的碎碎念，
　请轻触滚动至最底部时出现的
　“查看更多”。

　轻触“查看更多”后，
　可以进一步查看按更新时间排序的
　另外10条碎碎念。

　・头像
　　　在PSN中注册的头像。
　　　无法在游戏中进行修改。

　・用户名（ID)
　　　用户名与PSN℠在线ID。

　・关注者信息
　　　关注数量与被关注数量。

　・发布时间
　　　碎碎念写入服务器的时间。

　・碎碎念内容
　　　用户或夏尔的碎碎念。

●指令
　・留言板
　　　显示最新的10条碎碎念。
　　　即便利用户“查看更多”显示了10条以上，
　　　亦会重置回20条显示状态。

　・发布新文章
　　　向服务器写入碎碎念。

　・共享用户列表
　　　显示筛选结果中所呈现的
　　　用户列表。

　・留言板类别
　　　变更当前应用于留言板的
　　　类别。

　・社群事件
　　　由夏尔所有者全员协力挑选正确答案的
　　　4选1问答事件。
　　　（仅在举办期间可用）

●更新按钮
　时间线不会自动刷新。
　请按下该按钮进行手动刷新。

●类别信息
　可以获知当前是在哪项类别下
　显示碎碎念。",translated,2048,ff8026ccd3,br=0 nl=56,1,src-lines=57; src-longest-line=26
global:104,"●メッセージログ
　過去のメッセージを読めます。
　
●ＴＩＰ
　文字色が違う箇所で、
　その用語を確認することができます。

●メッセージ送り
　次のメッセージを表示します。

●コミュニケーションボタン
　表示されている間は、押したままイオンに触れることで
　様々な反応が返ってきます。

●ＡＵＴＯ
　自動で次のメッセージを表示するようになります。

●ＬＯＧ
　現在表示している画面を表示します。　","●消息记录
　可阅读以往的消息。

●小提示
　文字颜色不同之处，
　可以确认该词汇的含义。

●推进消息
　显示下一条消息。

●交流按钮
　显示期间，按住该按钮并触碰依恩，
　即可获得多样的回应。

●自动推进
　将自动显示下一条消息。

●记录
　显示当前画面的文字记录。",translated,2048,fdcfd8676c,br=0 nl=18,1,src-lines=19; src-longest-line=26
global:105,"●メッセージ書込
　最大125文字入力できます。
　フィルタに必要な情報は、メッセージの末尾に
　自動的に挿入されますが、文字数制限には影響しません。

●書き込みボタン
　タップすると、メッセージをサーバーに書き込みます。

●カテゴリ
　現在、どのカテゴリでつぶやきを表示しているか
　がわかります。","●发布消息
　最多可输入125个字符。
　筛选所需的信息会自动插入至
　消息末尾，但不会计入字数限制。

●写入按钮
　轻触后，将消息写入服务器。

●类别
　可以获知当前是在哪项类别下
　显示碎碎念。",translated,431,3c7d2116e1,br=0 nl=10,1,src-lines=11; src-longest-line=27
global:106,"●メッセージ編集画面
　最大で２０文字までのメッセージを入力できます。

　全て消すと、標準のメッセージ
　「タッチしてくれてありがとう！」になります。","●消息编辑画面
　最多可输入20个字符的消息。

　全部清空后，将恢复为默认消息：
　“谢谢你触摸我！”。",translated,221,41515cd78b,br=0 nl=4,1,src-lines=5
global:107,"●メールの一覧
　確認するメールを選びます。

●メールの詳細
　・送信日時
　　　メールが送られた日時です。

　・送り主
　　　メールの送り主の名前です。

　・送付内容
　　　画像のメールか、
　　　ボイスメールなのか記載されます。

　・タイトル
　　　メールのタイトルです。","●邮件一览
　选择想要确认的邮件。

●邮件详情
　・发送时间
　　　邮件发送的时间。

　・发信人
　　　邮件发送者的名字。

　・附送内容
　　　记载是图片邮件、
　　　还是语音邮件。

　・标题
　　　邮件的标题。",translated,397,b375ed1aab,br=0 nl=15,1,src-lines=16
global:108,"●メール詳細
　・件名
　　　一覧に表示される件名です。

　・内容
　　　一覧で件名をタップした時に表示される
　　　より詳細な内容です。

●返信ボタン
　このメールに返信します。

　このボタンは、受信メールにのみ表示されます。
　　","●邮件详情
　・主题
　　　显示在一览中的主题。

　・内容
　　　在一览中轻触主题时所显示的
　　　更详细的内容。

●回复按钮
　回复该封邮件。

　该按钮仅在收到的邮件中显示。",translated,337,27c391d783,br=0 nl=12,1,src-lines=13
global:109,"●メール送信
　・件名
　　　メールを確認する際に、一覧に表示されます。

　・詳細
　　　一覧で件名をタップした後に表示される
　　　詳細なメールの内容です。

　　　最大で256文字まで入力可能です。

●決定ボタン
　メールを送信します。

　件名、詳細が未入力の場合
　警告がでて送信することができません。","●发送邮件
　・主题
　　　确认邮件时显示在一览中。

　・详情
　　　在一览中轻触主题后显示的
　　　详细邮件内容。

　　　最多可输入256个字符。

●确定按钮
　发送邮件。

　若主题或详情未填写，
　将弹出警告且无法发送。",translated,438,7b6593c9fb,br=0 nl=14,1,src-lines=15
global:110,"●ユーザー一覧
　現在、あなたが禁止しているユーザーを
　一覧で表示しています。

　ユーザーをタップすると、禁止を解除します。","●用户列表
　以列表形式显示当前被您加入黑名单
　的用户。

　轻触用户，即可解除黑名单。",translated,185,8461f5aae1,br=0 nl=4,1,src-lines=5
global:111,"●ユーザー一覧
　遷移元によって、表示されるユーザーは異なります。

　・アバター
　　　PSNで登録したアバターです。
　　　ゲーム中に変更することはできません。

　・ユーザー名（ID）
　　　ユーザー名と、PSN℠のオンラインIDです。

　・フォロワー情報
　　　フォローしている数と、フォローされている数です。

　・１行コメント
　　　ユーザーの任意で設定可能なコメントです。　","●用户列表
　根据进入画面的途径不同，显示的用户亦有所差异。

　・头像
　　　在PSN中注册的头像。
　　　无法在游戏中进行修改。

　・用户名（ID）
　　　用户名与PSN℠在线ID。

　・关注者信息
　　　关注数量与被关注数量。

　・单行评语
　　　用户可自由设定的评语。",translated,538,3b6b1e689e,br=0 nl=14,1,src-lines=15; src-longest-line=27
global:112,"●ユーザー情報
　・アバター
　　　PSNで登録したアバターです。
　　　ゲーム中に変更することはできません。

　・ユーザー名（ID）
　　　ユーザー名と、PSN℠のオンラインIDです。

　・フォロワー情報
　　　フォローしている数と、フォローされている数です。

　・一言メッセージ
　　　ユーザーの任意で設定可能なコメントです。　

　・プロフィール文
　　　ユーザー情報を表示した時に表示される、
　　　より長いコメントです。

●コマンド
　・プロフィール
　　　一覧に表示されるユーザー情報に加え
　　　詳細コメントを表示します。

　・アクティビティ
　　　ユーザーの最近の活動内容を表示します。

　・メッセージボード
　　　選択したユーザーのつぶやきのみを
　　　一覧で表示します。

　・メッセージ書込
　　　つぶやきをタイムラインに書き込みます。

　・フォロワー情報
　　　フォロワー情報の管理を行います。

　・プロフィール編集(*)
　　　自分のプロフィールを編集します。

(*)自分のプロフィールを開いた時でないと
　　選択することはできません。","●用户信息
　・头像
　　　在PSN中注册的头像。
　　　无法在游戏中进行修改。

　・用户名（ID）
　　　用户名与PSN℠在线ID。

　・关注者信息
　　　关注数量与被关注数量。

　・一句话消息
　　　用户可自由设定的评语。

　・个人简介
　　　显示用户信息时呈现的、
　　　篇幅较长的评语。

●指令
　・个人资料
　　　除一览中显示的用户信息外，
　　　还显示详细评语。

　・动态记录
　　　显示用户近期的活动内容。

　・留言板
　　　以列表形式仅显示所选用户的
　　　碎碎念。

　・发布消息
　　　向时间线写入碎碎念。

　・关注者信息
　　　管理关注者相关信息。

　・编辑资料(*)
　　　编辑自己的个人资料。

(*)仅在打开自己的个人资料时
　　方可选择。",translated,1359,8980c1f159,br=0 nl=40,1,src-lines=41; src-longest-line=27
global:113,"●ランキング
　シャールとユーザー個人のランキングです。

　ユーザー情報やシャールの情報をタップすると
　そのシャールやユーザーの情報が表示されます。

　ただし、禁止リストに登録されている
　ユーザーの情報は表示できません。","●排行榜
　夏尔与个人的排行榜。

　轻触用户信息或夏尔信息，
　即可显示该夏尔或用户的信息。

　但是，已加入黑名单的
　用户信息无法显示。",translated,329,1c650cc2e3,br=0 nl=7,1,src-lines=8
global:114,"●ランキング項目
　全ランキング項目と、選択中のシャールの順位です。

　シャールの順位／全シャール数","●排行榜项目
　全部排行项目与选定夏尔的名次。

　夏尔名次／全部夏尔数",translated,148,80bf83f94e,br=0 nl=3,1,src-lines=4; src-longest-line=25
global:115,"●今やってること
　・総活動時間
　　　あなたとイオンが出会ってからの時間です。

　・今やってること
　　　現在のイオンのタスクです。
　　　タスクに関しての補足事項があった場合
　　　追記があります。

　・お願いしてる工作
　　　あなたがイオンにお願いしてることです。
　　　採ってきてほしい、に関する内容は
　　　表示されません。","●正在做的事
　・总活动时间
　　　您与依恩相遇以来的时间。

　・正在做的事
　　　依恩当前的行动。
　　　若该行动有补充事项，
　　　将附带说明。

　・委托的手工
　　　您拜托依恩制作的事项。
　　　关于拜托采集的内容
　　　不会在此显示。",translated,484,514a1ee904,br=0 nl=12,1,src-lines=13
global:116,"●修復するシャールを選択する
　・シャールを選択して「決」ボタンを押すことで、
　　そのシャールに廃墟修復をさせる事が出来ます。

　・ただし、【作業中】【休養中】のシャールは、
　　廃墟修復をさせる事はできません。
","●选择进行修复的夏尔
　・选定夏尔并按下“决”按钮，
　　即可让该夏尔进行废墟修复。

　・不过，处于【作业中】【休养中】的夏尔，
　　无法指派其进行废墟修复。",translated,316,217604c30a,br=0 nl=6,1,src-lines=7
global:117,"●修復ポイント
　・未修復
　　　修復していない場所です。

　・修復中
　　　現在修復中の場所です。

　・イベント発生中
　　　修復が完了しています。
　　　選択するとイオンの記憶を覗くことができます。

　・イベント発生中（ロック）
　　　修復が完了していますが、
　　　別の記憶を覗いていないため、
　　　イオンの記憶を覗くことが出来ません。

　・マップ移動
　　　次の修復マップへ移動します。","●修复点
　・未修复
　　　尚未修复的地点。

　・修复中
　　　当前正在修复的地点。

　・事件发生中
　　　修复已完成。
　　　选定后可以窥见依恩的记忆。

　・事件发生中（锁定）
　　　修复虽已完成，
　　　但由于尚未窥见其他记忆，
　　　暂无法窥见依恩的记忆。

　・地图移动
　　　移动至下一张修复地图。",translated,573,f3b8608278,br=0 nl=17,1,src-lines=18; src-longest-line=25
global:118,"●修復ポイント詳細
　・修復ポイント名
　　　現在選択している、修復ポイントの名前です。

　・修復属性
　　　修復に必要な属性と、その値です。

　　　現在のポイント／必要なポイント
　　　の形で表示しています。","●修复点详情
　・修复点名称
　　　当前选定的修复点名称。

　・修复属性
　　　修复所需的属性及其数值。

　　　以“当前点数／所需点数”
　　　的形式显示。",translated,306,086dc927f0,br=0 nl=8,1,src-lines=9
global:119,"●修復中ポイント詳細
　・修復ポイント名
　　　現在選択している、修復ポイントの名前です。

　・修復属性
　　　修復に必要な属性と、修復状況です。
　　　各属性のバーが最大まで伸びると、修復完了です。

　・シャール
　　　修復作業中のあなたのシャールと、
　　　協力してくれているシャールです。","●修复中点详情
　・修复点名称
　　　当前选定的修复点名称。

　・修复属性
　　　修复所需的属性与修复进度。
　　　各属性进度条拉满时即为修复完成。

　・夏尔
　　　正在进行修复作业的您的夏尔，
　　　以及提供协助的协力夏尔。",translated,428,392a834057,br=0 nl=10,1,src-lines=11; src-longest-line=26
global:120,"●削除するメール
　件名をタップしても、詳細は表示されません。

　・アバター
　　　PSNで登録したアバターです。
　　　ゲーム中に変更することはできません。

　・ユーザー（ID）
　　　ユーザー名と、PSN℠のオンラインIDです。

　・フォロワー情報
　　　フォローしている数と、フォローされている数です。

　・既読／未読
　　　メールの詳細をみると、既読になります。
　　　一覧に表示されただけでは、未読のままです。

　・件名
　　　メールの件名です。　

　・チェックボックス
　　　タップすると、チェックが付きます。
　　　チェックがついたメールは、削除ボタンを押すと
　　　削除されます。

●削除ボタン
　チェックの入ったメールを削除します。","●待删除的邮件
　轻触主题亦不会显示详情。

　・头像
　　　在PSN中注册的头像。
　　　无法在游戏中进行修改。

　・用户（ID）
　　　用户名与PSN℠在线ID。

　・关注者信息
　　　关注数量与被关注数量。

　・已读／未读
　　　查看邮件详情后即变为已读。
　　　仅在一览中显示仍保持未读状态。

　・主题
　　　邮件的主题。

　・复选框
　　　轻触后打上勾选标记。
　　　打上勾选标记的邮件，按下删除按钮后
　　　将被删除。

●删除按钮
　删除打上勾选标记的邮件。",translated,925,6f66cb37d7,br=0 nl=26,1,src-lines=27; src-longest-line=27
global:121,"●勲章一覧
　特定の条件を満たすと得られる勲章の獲得リストです。
　　・シャール所持数
　　・エネルギー送信量
　　・使用したHymP
　などで取得することができます。","●勋章一览
　达成特定条件所获勋章的获得列表。
　　・夏尔持有数量
　　・能量输送量
　　・消耗的HymP
　等各项指标均可获取勋章。",translated,235,a12e4f7b1a,br=0 nl=5,1,src-lines=6; src-longest-line=26
global:122,"●協力情報
　・あなたの送信量
　　　あなたが今までに送った全エネルギーです。
　　　このポイントには、別れたシャールから送った
　　　エネルギーも含まれています。

　・あなたの送信回数
　　　あなたが今までにエネルギーを送った回数です。
　　　この回数には、別れたシャールから送った回数も
　　　含まれています。

　・シャールの送信量
　　　選択中のシャールが送った全エネルギーです。

　・シャールの送信回数
　　　選択中のシャールがエネルギーを送った回数です。","●协力信息
　・您的输送量
　　　您至今为止输送的全部能量。
　　　该点数中包含已告别的夏尔
　　　所输送的能量。

　・您的输送次数
　　　您至今为止输送能量的总次数。
　　　该次数中包含已告别的夏尔
　　　所输送的次数。

　・夏尔的输送量
　　　选定的夏尔所输送的全部能量。

　・夏尔的输送次数
　　　选定的夏尔输送能量的次数。",translated,676,cb796d9e95,br=0 nl=15,1,src-lines=16; src-longest-line=26
global:123,"●受信メール
　以下の情報が１つのボタンになっています。
　ボタンを押すと、メールの詳細画面が表示されます。

　・アバター
　　　PSNで登録したアバターです。
　　　ゲーム中に変更することはできません。

　・ユーザー名（ID）
　　　ユーザー名と、PSN℠のオンラインIDです。

　・フォロワー情報
　　　フォローしている数と、フォローされている数です。

　・既読／未読
　　　メールの詳細をみると、既読になります。
　　　一覧に表示されただけでは、未読のままです。

　・件名
　　　メールの件名です。　

●「既」ボタンについて
　　右下の「既」ボタンを押すことで、現在のカテゴリの
　　全メールを既読にすることが出来ます。

●メール本文表示の「PREV/NEXT」ボタンについて
　　メール本文を表示しているときに、メールが２件以上
　　存在する場合、本文枠の左右に「PREV」「NEXT」
　　ボタンが表示されます。
　　これらをタップすることで、一覧画面に戻ること無く、
　　メール本文を順次読み進めることが可能です。
","●接收邮件
　以下信息整合成一个按钮。
　按下按钮后，将显示邮件详情画面。

　・头像
　　　在PSN中注册的头像。
　　　无法在游戏中进行修改。

　・用户名（ID）
　　　用户名与PSN℠在线ID。

　・关注者信息
　　　关注数量与被关注数量。

　・已读／未读
　　　查看邮件详情后即变为已读。
　　　仅在一览中显示仍保持未读状态。

　・主题
　　　邮件的主题。

●关于“既”按钮
　　通过按下右下方的“既”按钮，可将当前类别的
　　所有邮件全部标记为已读。

●关于邮件正文显示的“PREV/NEXT”按钮
　　显示邮件正文时，若存在2封以上的邮件，
　　正文框左右两侧会显示“PREV”与“NEXT”
　　按钮。
　　轻触这些按钮，无需返回一览画面，
　　即可顺次阅读邮件正文。",translated,1298,5a2a674003,br=0 nl=31,1,src-lines=32; src-longest-line=28
global:124,"●基本情報
　・種族名
　　└属性名
　　　　└性質名
　　　シャールの生物学上の分類です。

　・せいかく
　　　シャールの性格です。
　　　コメントの傾向などに影響します。

　・Exp.
　　　シャールが廃墟修復などで取得した経験値と
　　　次のLvに必要な経験値です。

　・マイクロクエーサーへの総送信量
　　　マイクロクエーサーに送ったエネルギーの量です。","●基本信息
　・种族名
　　└属性名
　　　　└性质名
　　　夏尔在生物学上的分类。

　・性格
　　　夏尔的性格。
　　　会影响留言的倾向等。

　・Exp.
　　　夏尔通过废墟修复等获得的经验值，以及
　　　升至下一等级所需的经验值。

　・向微类星体的总输送量
　　　向微类星体输送的能量总量。",translated,511,5552b5be40,br=0 nl=15,1,src-lines=16; src-longest-line=26
global:125,"●基本情報
　・種族名
　　└属性名
　　　　└性質名
　　　シャールの生物学上の分類です。

　・せいかく
　　　シャールの性格です。
　　　コメントの傾向などに影響します。

　・Exp.
　　　シャールが廃墟修復などで取得した経験値と
　　　次のLvに必要な経験値です。

　・マイクロクエーサーへの総送信量
　　　マイクロクエーサーに送ったエネルギーの量です。

●コマンド
　・基本情報
　　　全体で共有している、
　　　シャールの基本情報を表示します。

　・能力情報
　　　ユーザーによってカスタマイズされた
　　　廃墟修復に関わるステータスを表示します。

　・容姿変更
　　　ユーザーによってカスタマイズされた
　　　シャールの外見情報を表示します。

　・スキル変更
　　　使用スキルを変更します。
　　　スキルはセットするだけで効果があり
　　　廃墟修復に関するボーナスを得ることができます。

　・装備＆スキル取得
　　　HymPを使い、シャールをカスタマイズする
　　　装備、スキルの入手ができます。","●基本信息
　・种族名
　　└属性名
　　　　└性质名
　　　夏尔在生物学上的分类。

　・性格
　　　夏尔的性格。
　　　会影响留言的倾向等。

　・Exp.
　　　夏尔通过废墟修复等获得的经验值，以及
　　　升至下一等级所需的经验值。

　・向微类星体的总输送量
　　　向微类星体输送的能量总量。

●指令
　・基本信息
　　　显示全体共享的
　　　夏尔基本信息。

　・能力信息
　　　显示由用户定制的
　　　与废墟修复相关的属性值。

　・容貌变更
　　　显示由用户定制的
　　　夏尔外貌信息。

　・技能变更
　　　变更所使用的技能。
　　　技能只要装备即可生效，
　　　能够获得与废墟修复相关的加成。

　・装备＆获取技能
　　　消耗HymP，获取用于定制夏尔的
　　　装备与技能。",translated,1296,8aaaa031f3,br=0 nl=37,1,src-lines=38; src-longest-line=26
global:126,"●変更項目一覧
　現在選択可能な装備が一覧で表示されています。","●变更项目一览
　以列表形式显示当前可选的装备。",translated,92,cc70f70992,br=0 nl=1,1,
global:127,"●嬉しかったことメモ
　最大で５件登録されます。
　新しく嬉しかったことが登録された場合、
　古いものから順に消えていきます。

　・日付
　　　メモが登録された日付です。

　・内容
　　　嬉しかったことです。","●开心之事备忘录
　最多可登记5条。
　当有新的开心之事登记时，
　将从最旧的一条起顺次删除。

　・日期
　　　备忘录登记的日期。

　・内容
　　　开心的事情。",translated,301,6487014683,br=0 nl=9,1,src-lines=10
global:128,"●廃墟修復速報
　・シャール名
　　　修復箇所を担当していたシャールです。

　・修復箇所
　　　修復の完了した場所の名前です。

　・コメント
　　　完了したことを報告する、シャールのコメントです。","●废墟修复速报
　・夏尔名
　　　负责该修复地点的夏尔。

　・修复地点
　　　已修复完成的地点名称。

　・评语
　　　汇报已修复完毕的夏尔评语。",translated,285,c820836947,br=0 nl=8,1,src-lines=9; src-longest-line=27
global:129,"●想いを伝える
　イオンに対して様々な想いを伝えることが可能です。

　・挨拶をする
　　イオンに各種挨拶を行うことが出来ます。

　・イオンを呼ぶ
　　イオンを呼んで話をしたり、遊んだりすることができます。

　・デートに誘う
　　イオンと小まめにコミュニケーションを取ることで出現し、
　　イオンをデートに誘うことができます。
　　ただし、デートに誘えるのは一度だけです。
　　一度デートに行くと、再び条件を満たす必要があります。

　・デートの確認をする
　　約束した場所の確認や約束したデートにイオンを
　　誘うことができます。
　　デートの約束をキャンセルすることができます。

　など

※各種項目はエピソードの進行状況などによって
　追加されていきます。","●传达心意
　可以向依恩传达各种心意。

　・问候打招呼
　　可以向依恩进行各种问候。

　・呼唤依恩
　　可以呼唤依恩聊天、玩耍。

　・邀请约会
　　与依恩保持经常交流便会出现，
　　可以邀请依恩进行约会。
　　但能够邀请约会仅限1次。
　　去过一次约会后，需重新满足条件。

　・确认约会
　　可以确认约定的地点，或邀请依恩前往
　　已约定的约会。
　　可以取消约会的约定。

　等

※各项内容会根据篇章的进展状况等
　顺次增加。",translated,957,4e8197fbe7,br=0 nl=23,1,src-lines=24; src-longest-line=29
global:130,"●挨拶をする
　イオンに各種挨拶を行うことが出来ます。
　　・いってきます
　　・ただいま
　　・おはよう
　　・おやすみ
　各項目を選択することで、その想いに応じた反応を
　イオンが返してくれます。","●问候打招呼
　可以向依恩进行各种问候。
　　・我出门了
　　・我回来了
　　・早上好
　　・晚安
　选定各项内容后，依恩会根据
　该心意做出相应的回应。",translated,287,3f97355943,br=0 nl=7,1,src-lines=8
global:131,"●新着確認
　ユーザーからの新着メールの件数と
　運営からの新着メールの件数が
　個別に表示されます。

●コマンド
　・新着メール
　　　新たに届いたメールの件数を表示します。

　・メール作成
　　　フォローしているユーザーメールを送信します。

　・受信箱
　　　これまでに受け取ったメールを表示します。

　・送信箱
　　　これまでに送ったメールを表示します。

　・メッセージ削除
　　　メールを削除します。

　・スタッフへメール
　　　運営スタッフへ直接メッセージを送信できます。

","●查收新件
　・新邮件
　　　显示新收到的邮件数量。

　・撰写邮件
　　　向关注的用户发送邮件。

　・收件箱
　　　显示至今为止收到的邮件。

　・发件箱
　　　显示至今为止发送的邮件。

　・删除消息
　　　删除邮件。

　・给员工发邮件
　　　可直接向运营团队发送消息。",translated,700,dd57a94036,br=0 nl=24,1,src-lines=25; src-longest-line=25
global:132,"●時間を教えて欲しい
　時間を伝えておくことで、その時間になったとき
　イオンが声をかけてくれるようになります。

　・起きる時間
　　　イオンに起こして欲しい時間を伝えます。

　・約束の時間
　　　誰かとの約束の時間をイオンに伝えます。

　・大切な時間
　　　あなたにとって大切な時間をイオンに伝えます。","●想要知道时间
　提前告知时间后，到时间时
　依恩便会主动向您打招呼。

　・起床时间
　　　告知希望依恩叫醒的时间。

　・约定的时间
　　　告知依恩与某人约定的时间。

　・重要时间
　　　告知依恩对您而言重要的时间。",translated,444,ad7e990b01,br=0 nl=11,1,src-lines=12; src-longest-line=25
global:133,"●更新情報
 レベルが上がった、スキルが習得可能になったなど
　シャール本体に関する更新情報が表示されます。

●繋がり履歴
　ユーザーがコミュニティに参加した、
　ユーザーがシャールにタッチしたなど
　ユーザーがシャールに対して行った内容が
　一覧で最大１０件表示されます。","●更新信息
 等级提升、可习得技能等
　关于夏尔本体的更新信息将在此显示。

●互动履历
　用户加入了社群、
　用户触摸了夏尔等
　用户对夏尔进行的操作内容，
　将以列表形式最多显示10条。",translated,397,1f5827eeb1,br=0 nl=8,1,src-lines=9
global:134,"●現在の装備
　現在、選択されている装備の名称です。

　・ヘアースタイル
　　　ロング、ベリショなどの髪型です。

　・髪飾り
　　　帽子やカチューシャなど、頭に被るものです。

　・メガネなど
　　　メガネなど、顔につけるものです。

　・装備アイテム
　　　杖やドリルなど、手に持っているものです。

　・ウイング
　　　背中に生えている翼です。

　・テイル
　　　お尻に生えている尻尾です。


●変更部位選択
　装備を変更する箇所を選択します。","●当前装备
　当前所选装备的名称。

　・发型
　　　长发、超短发等发型。

　・发饰
　　　帽子、发箍等头部佩戴之物。

　・眼镜等
　　　眼镜等面部佩戴之物。

　・装备道具
　　　手杖、手钻等手持之物。

　・翅膀
　　　背部生长出的翼羽。

　・尾巴
　　　臀部生长出的尾巴。


●变更部位选择
　选择想要变更装备的部位。",translated,639,c71cd19cb3,br=0 nl=23,1,src-lines=24
global:135,"●端末を移動してもらう
　イオンに想いを伝えて、端末を任意の場所に
　移動してもらうことができます。
　・ベッド横
　　夢セカイや仮想世界に行くときの
　　基本位置に端末を移動してもらいます。

　・テーブル
　　工作や読書などを行うテーブル上に
　　端末を移動してもらいます。

　・キッチン
　　料理や片付けを行うキッチンの横に
　　端末を移動してもらいます。

　・浴室
　　入浴を行うお風呂場に端末を移動してもらいます。

※１　イオンとのラブラブ度が上昇することで、
　　　移動してもらえる場所は増えていきます。
※２　イオンのタスクによっては断られる場合も
　　　あります。","●请求移动终端
　向依恩传达心意，可请求将终端
　移动至指定位置。
　・床边
　　前往梦世界或虚拟世界时的
　　基准位置。

　・桌子
　　将终端移动至进行手工制作或
　　阅读等操作的书桌上。

　・厨房
　　将终端移动至烹饪或收拾整理的
　　厨房旁边。

　・浴室
　　将终端移动至洗浴的浴室中。

※１　随着与依恩的亲亲密密度提升，
　　　可请求移动的位置将逐步增多。
※２　根据依恩当前的任务，有时
　　　亦会被婉拒。",translated,838,f91cf0049f,br=0 nl=21,1,src-lines=22; src-longest-line=25
global:136,"●総プレイ時間
　・通算アースタイム
　　　端末へのアクセス時間をあなたの世界時間で
　　　表示したものです。
　・通算シェルタイム
　　　あなたが端末にアクセスしてからのイオンの
　　　世界経過時間です。
　　　夢セカイにいる間、時間は経過しません。

●マイクロクエーサー充填状況
　・総エネルギー送信量
　　　マイクロクエーサーに送ったエネルギーの
　　　総量です。

　・総エネルギー送信回数
　　　マイクロクエーサーにエネルギーを送った
　　　回数です。

●シャール所有関連情報
　・シャール無料券の所有数
　　　現在あなたが所持しているシャール無料券の
　　　所持数です。
　・現在のシャール保持数
　　　現在あなたが所持しているシャールの総数です。","●总游玩时间
　・累计地球时间
　　　以您所在世界的时间所显示的
　　　终端连接访问时间。
　・累计榭鲁时间
　　　您连接终端后依恩所在世界的
　　　经过时间。
　　　身处梦世界期间，时间不会推移。

●微类星体充能状况
　・总能量输送量
　　　向微类星体输送的能量
　　　总量。

　・总能量输送次数
　　　向微类星体输送能量的
　　　总次数。

●夏尔持有相关信息
　・夏尔免费券持有数
　　　您当前所持有的夏尔免费券
　　　数量。
　・当前夏尔持有数
　　　您当前所持有的夏尔总数。",translated,951,652d5d7de9,br=0 nl=23,1,src-lines=24; src-longest-line=25
global:137,"●能力情報
　・Lv.
　　　シャールのレベルです。
　　　高いほど、廃墟修復能力の高いシャールです。

　・LP
　　　シャールのスタミナ（現在値／最大値）です。
　　　０になると修復作業が中断されます。
　　　修復作業を行わない時、時間経過で回復します。

　・属性
　　　４属性のうち、修復を担当する属性です。

　・シンクロ率
　　　ユーザーとシャールのシンクロ率です。
　　　高いほど、シャールが本来の性能を発揮します。

　・回復力
　　　LPが１ポイント回復するのにかかる時間です。
　　　※廃墟修復中、LPは５分で１減少します。

　・修復力
　　　LPを１ポイント消費した時に増える、
　　　廃墟の修復ポイントです。

　・指導力
　　　廃墟修復を担当する時、
　　　一緒に連れていけるシャールの数です。","●能力信息
　・Lv.
　　　夏尔的等级。
　　　等级越高，夏尔的废墟修复能力越强。

　・LP
　　　夏尔的耐力（当前值／最大值）。
　　　降至0时修复作业将中断。
　　　未进行修复作业时，将随时间推移而回复。

　・属性
　　　4种属性中负责修复的属性。

　・同步率
　　　用户与夏尔的同步率。
　　　数值越高，夏尔越能发挥出原本的性能。

　・回复力
　　　LP回复1点所需消耗的时间。
　　　※废墟修复期间，LP每5分钟减少1点。

　・修复力
　　　消耗1点LP时所增加的
　　　废墟修复点数。

　・指导力
　　　负责废墟修复时，
　　　能够一同协同带领的夏尔数量。",translated,1008,b4876fa42d,br=0 nl=27,1,src-lines=28; src-longest-line=25
global:138,"●装備品選択
　取得したい装備品を、一覧から選択します。

●装備品詳細
　・装備品名
　　　現在選択中の装備品の名前です。

　・必要HymP
　　　開放に必要なHymPです。

　・取得条件
　　　条件を満たしていないと、HymPが足りていても
　　　装備品を取得することができません。

　　　条件は複数指定されている場合があります。

　・条件の達成状況
　　　取得条件をすべて満たすと、「条件達成」
　　　ひとつでも不足していると「条件未達成」
　　　と表示されます。

　・「決」ボタン
　　　取得条件を満たし「条件達成」となっている
　　　コスチュームの場合、実行できます。","●装备品选择
　从列表中选择想要获取的装备品。

●装备品详情
　・装备品名
　　　当前所选装备品的名称。

　・所需HymP
　　　解锁所需的HymP。

　・获取条件
　　　若未满足条件，即便HymP充足
　　　亦无法获取装备品。

　　　条件有时会指定多项。

　・条件达成状况
　　　获取条件全部满足时显示“条件达成”，
　　　若缺少任何一项则显示“条件未达成”。

　・“决”按钮
　　　满足获取条件并处于“条件达成”状态的
　　　服装，可以执行。",translated,813,0e7b79b9c1,br=0 nl=23,1,src-lines=24; src-longest-line=26
global:139,"●解放ボーナス
　マイクロクエーサーへのエネルギー送信によって
　解放されたボーナスを閲覧することができます。

　マイクロクエーサーにエネルギーを送信することで
　　・仮想世界カード
　　・イオンの部屋のBGM
　　・シャールのスキル
　などが解放されます。
　「イオンの部屋のBGM」の追加はエピソードの進行も
　必要となります。ご注意ください。","●解锁奖励
　可以浏览通过向微类星体输送能量
　所解锁的奖励。

　向微类星体输送能量后，
　　・虚拟世界卡片
　　・依恩房间的BGM
　　・夏尔的技能
　等内容将逐步解锁。
　“依恩房间的BGM”的追加亦需要推进篇章。
　敬请注意。",translated,494,4b728a2ef6,br=0 nl=10,1,src-lines=11; src-longest-line=26
global:140,"●記憶の扉
　入る扉を選び扉をあけます。

●カーテン
　特定の条件を満たすことで、カーテンが開き記憶の扉が
　表示されます。

●シャールの巣
　ダイブゲートの上にある星空を選択すると、
　シャールの巣へ移動します。

●部屋に戻る
　ダイブゲートの下にあるデバイスを選択すると
　イオンの部屋に戻ります。

●HISTORY
　既に見たイオンの記憶を、
　ダイジェスト形式で確認できます。
　また記憶を選択した状態で「決」ボタンを
　実行することで再度記憶を覗くことができます。","●记忆之扉
　选择要进入的门扉并推开门。

●帘幕
　达成特定条件后，帘幕将拉开并显现出
　记忆之扉。

●夏尔之巢
　选定潜入之门上方的星空后，
　将移动至夏尔之巢。

●返回房间
　选定潜入之门下方的设备后，
　将返回依恩的房间。

●HISTORY
　可以以摘要形式回顾
　此前已阅览过的依恩记忆。
　在选定记忆的状态下执行“决”按钮，
　亦可重新窥见该段记忆。",translated,672,ad683a3b8b,br=0 nl=19,1,src-lines=20; src-longest-line=26
global:141,"●詩の一覧
　鑑賞する詩を選びます。

●詩の詳細
　・歌い手
　　　この詩を歌った人です。

　・Vocal：　作詞：　作曲：　編曲：
　　　この詩を制作したアーティストのクレジットです。

　・解説
　　　詩にまつわるエピソードです。","●诗歌一览
　选择想要鉴赏的诗歌。

●诗歌详情
　・演唱者
　　　吟咏该首诗歌之人。

　・Vocal：　作词：　作曲：　编曲：
　　　制作该首诗歌的艺术家制作团队名单。

　・解说
　　　围绕诗歌展开的背景故事。",translated,326,fdb7756b20,br=0 nl=11,1,src-lines=12; src-longest-line=26
global:142,"●謎の文書を読む
　イオンが解読した暗号文を読むことが出来ます。
　項目はそれぞれの暗号文に関する会話が発生することで
　追加されていきます。","●阅读神秘文书
　可以阅读由依恩解读的暗号文书。
　随着触发与各暗号文书相关的对话，
　项目将顺次追加。",translated,208,fe39a8b45b,br=0 nl=3,1,src-lines=4; src-longest-line=26
global:143,"●返信
　最大125文字入力できます。
　
　ユーザー名が@付きで先頭に付加されますが、
　こちらは文字数制限に含みません。

●決定ボタン
　タップすると、返信をサーバーに書き込みます。

　この返信は通常のつぶやきとは違い、
　あなたと、返信相手の両方をフォローしている
　ユーザーでないと、見ることができません。","●回复
　最多可输入125个字符。

　用户名会带有@符号自动附加在开头，
　该部分不计入字数限制。

●确定按钮
　轻触后，将回复写入服务器。

　该回复与通常的碎碎念不同，
　仅有同时关注了您与回复对象的
　用户方可阅览。",translated,448,3786858646,br=0 nl=11,1,src-lines=12
global:144,"●送信メール
　以下の情報が１つのボタンになっています。
　ボタンを押すと、メールの詳細画面が表示されます。

　・アバター
　　　PSNで登録したアバターです。
　　　ゲーム中に変更することはできません。

　・ユーザー名（ID）
　　　ユーザー名と、PSN℠のオンラインIDです。

　・フォロワー情報
　　　フォローしている数と、フォローされている数です。

　・件名
　　　メールの件名です。　","●已发邮件
　以下信息整合成一个按钮。
　按下按钮后，将显示邮件详情画面。

　・头像
　　　在PSN中注册的头像。
　　　无法在游戏中进行修改。

　・用户名（ID）
　　　用户名与PSN℠在线ID。

　・关注者信息
　　　关注数量与被关注数量。

　・主题
　　　邮件的主题。",translated,554,21d4103a83,br=0 nl=15,1,src-lines=16; src-longest-line=27
global:145,"●送信状況
　・シャールの状態
　　　「送信可能」と表示されているとエネルギーを
　　　送信できます。
　　　一度エネルギーを送ると、あなたの世界で
　　　朝4時を迎えるまでエネルギーを送ること
　　　ができなくなります

　・予想エネルギー送信量
　　　一度に送れるエネルギーです。
　　　レベルとシンクロ率が高いほど多くなります。

　・ボーナスタイム
　　　現在発生しているボーナスタイムです。
　　　マイクロクエーサーが活性化していて、
　　　エネルギーを欠損なく送ることができます。

　・ボーナス発生に必要なエネルギー
　　　ボーナスタイムは、一定量のエネルギーを
　　　送信しないと発生しません。

　　　ここには、ボーナスタイムを発生させるために
　　　必要なエネルギーの目安が表示されます。","●输送状况
　・夏尔的状态
　　　显示“可输送”时便可输送
　　　能量。
　　　输送一次能量后，在您所在的世界
　　　迎来清晨4点之前，
　　　将无法再次输送能量。

　・预计能量输送量
　　　单次可输送的能量。
　　　等级与同步率越高，输送量越多。

　・奖励时间
　　　当前处于生效状态的奖励时间。
　　　此时微类星体处于活跃状态，
　　　能够毫无损耗地输送能量。

　・触发奖励所需能量
　　　若不输送一定量的能量，
　　　将不会触发奖励时间。

　　　此处显示触发奖励时间所需的
　　　参考能量值。",translated,1017,ccbc4d954c,br=0 nl=22,1,src-lines=23
global:146,"●部屋の音楽を変更
　BGMの再生と、決定したＢＧＭを
　イオンの部屋のBGMにする事が可能です。

　楽曲を選択して、
　BGMを再生し、かつ、そのBGMを部屋の
　BGMとして設定します。
　部屋のBGMは、セーブデータに保存されます。

●ＢＧＭの詳細
　・タイトル：このBGMの曲名
　・使用箇所：このBGMが使われている場所
　・作編曲：このBGMの作編曲者
　・解説：このBGMのコメント
","●变更房间音乐
　可试听播放BGM，并将选定的BGM
　设为依恩房间的背景音乐。

　选择乐曲并播放BGM，
　同时可将该BGM设定为房间的
　背景音乐。
　房间的BGM将保存在存档数据中。

●BGM详情
　・标题：该BGM的曲名
　・使用场所：使用该BGM的地点
　・作编曲：该BGM的作编曲家
　・解说：关于该BGM的评语解说",translated,516,9f716f22e7,br=0 nl=14,1,src-lines=15
global:147,"●開放部位選択
　開放する部位を６種類から選択します。
　ひとつも開放できるコスチュームが無い場合
　その部位は選択することができません。

　・ヘアースタイル
　　　ロング、ベリショなどの髪型です。

　・髪飾り
　　　帽子やカチューシャなど、頭に被るものです。

　・メガネなど
　　　メガネなど、顔に付けるものです。

　・装備アイテム
　　　杖やカゴなど、手に持っているものです。

　・ウィング
　　　背中に生えている翼です。

　・テイル
　　　お尻に生えている尻尾です。","●解锁部位选择
　从6种部位中选择想要解锁的部位。
　若没有任何可解锁的服装，
　则无法选择该部位。

　・发型
　　　长发、超短发等发型。

　・发饰
　　　帽子、发箍等头部佩戴之物。

　・眼镜等
　　　眼镜等面部佩戴之物。

　・装备道具
　　　手杖、篮子等手持之物。

　・翅膀
　　　背部生长出的翼羽。

　・尾巴
　　　臀部生长出的尾巴。",translated,685,6970bfb0ac,br=0 nl=21,1,src-lines=22
global:148,"●開放項目選択
　・装備品取得
　　　シャールの外見をカスタマイズできる
　　　コスチュームを開放します。

　・スキル習得
　　　シャールの廃墟修復能力をあげる
　　　スキルを習得します。

●現在のHymP
　ユーザーの所持している、HymPの総量です。","●解锁项目选择
　・获取装备品
　　　解锁可用于定制夏尔外貌的
　　　服装。

　・习得技能
　　　习得可提升夏尔废墟修复能力的
　　　技能。

●当前HymP
　用户所持有的HymP总量。",translated,352,21b7e0a807,br=0 nl=10,1,src-lines=11
global:149,"●音量設定
　・BGM
　　　ゲーム中に流れる音楽の音量を変更します。

　・SE
　　　足音や、風が吹く音などの音量を変更します。

　・音声
　　　キャラクターの話す声の音量を変更します。

　・ムービー
　　　ムービー中に再生される音量を変更します。","●音量设定
　・BGM
　　　调整游戏中播放的音乐音量。

　・SE
　　　调整脚步声、风声等音效音量。

　・语音
　　　调整角色说话的声音音量。

　・影片
　　　调整影片播放时的音量。",translated,353,be055a90c2,br=0 nl=11,1,src-lines=12
global:150,"●７次元INFO
　時空間を越えた情報を閲覧できます。

　・謎の文書を読む
　　イオンが解読した暗号文を読むことができます。

　・ジェノミリンク解説
　　アルノサージュDXとデータのやり取りをするシステム
　　『ジェノミリンク』の解説を読むことができます。","●7次元INFO
　可浏览超越时空的信息。

　・阅读神秘文书
　　可阅读由依恩解读的暗号文书。

　・杰诺米链接解说
　　可阅读与Ar nosurge DX进行数据交互的
　　系统《杰诺米链接》的解说。",translated,363,86bcf2f2b8,br=0 nl=8,1,src-lines=9; src-longest-line=27
global:151,"●７通投稿フォーム
　『７次元通信』への投稿は、こちらのフォームで
　受け付けております！

　投稿の内容は自由！
　日々の近況を語るもよし、イオンへの愛を語るもよし、
　キャストやスタッフへのメッセージも大歓迎です！

　皆様からのご投稿、お待ちしております！
　採用された方には、素敵なシャールアクセサリの
　プレゼントもありますよ♪
","●7通投稿表单
　“7次元通信”的投稿，均通过本表单
　进行受理！

　投稿内容不限！
　畅谈日常近况、倾诉对依恩的爱意，
　或是给声优与员工留言，均极其欢迎！

　期待大家的踊跃投稿！
　作品被采用者，还将获赠精美的夏尔饰品
　作为礼物哦♪",translated,489,6cf2024151,br=0 nl=11,1,src-lines=12; src-longest-line=26
global:152,●～ったオーション,,todo,65,42dd864b8f,br=0 nl=0,1,
global:153,"　　開放部位

を選択","　　解锁部位

选择",translated,144,71a14c0a74,br=0 nl=2,7,
global:154,"　自分がフォローしているユーザーのつぶやきが
　　　タイムラインに表示されます。

　・リプライ一覧
　　　自分に対する返事として書かれた記事のみ
　　　抽出して表示します。

　・My投稿記事一覧
　　　自分の書き込んだ記事のみを表示します。

　・メッセージ書込
　　　タイムラインに新規メッセージを書き込みます。

","　在时间线上显示自己关注的用户
　　　所发布的碎碎念。

　・回复一览
　　　仅筛选并显示作为针对自己的
　　　回复而撰写的文章。

　・我的发文一览
　　　仅显示由自己撰写的文章。

　・发布消息
　　　向时间线发布新的消息。",translated,454,970f3f8109,br=0 nl=13,15,src-lines=14; src-longest-line=25
global:155,、6時2分に帰って閉め出された時の事を思い出します。あんまりでした。（土屋）,，总会想起6点零2分回家却被关在门外的遭遇。实在太过分了。（土屋）,translated,111,02b551fc69,br=0 nl=0,1,src-longest-line=38
global:156,"、クオリティに応じて
　１００～３０００ポイントの範囲で
　シャール所有者全員に進呈！　など……

　尚、「最も多い回答」が複数存在する場合、
　（例えばAとCが同着トップで33%の場合など）
　回答が無効となってしまいますのでご注意下さい。


●Tips
　人数の多いシャールは「投票パワー」では有利ですが、
　なかなか自分が「これ！」という回答に行き着きにくい
　かもしれません。

　人数の少ないシャールは、自分の目指す回答に
　行き着きやすいですが、「投票パワー」が少ない為に
　正解しても賞品グレードが低めかもしれません。

　大人数シャールでも、コミュニティで話し合って
　組織票を入れれば、正解だったときに莫大な賞品を
　ゲット出来るかもしれません。

","、品质在100～3000点数的范围内
　向夏尔所有者全员赠送！　等等……

　此外，若“得票最多的回答”存在多个，
　（例如A与C并列第一各占33%等情况）
　回答将被判定为无效，敬请注意。


●小贴士
　人数众多的夏尔在“投票力量”上占优，
　但可能较难统一到自己认定的答案上。

　人数较少的夏尔虽容易统一到理想答案，
　但由于“投票力量”不足，
　即便答对奖品档次也可能偏低。

　即使是多人数夏尔，若在社群中充分讨论并
　组织统一步调投票，答对时或许能
　斩获丰厚的巨额奖品。",translated,944,e9d55f38e3,br=0 nl=22,4,src-lines=23; src-longest-line=26
global:157,"。

　・デートに誘う
　　イオンと小まめにコミュニケーションを取ることで出現し、
　　イオンをデートに誘うことができます。
　　ただし、デートに誘えるのは一度だけです。
　　一度デートに行くと、再び条件を満たす必要があります。

　・デートの確認をする
　　約束した場所の確認や約束したデートにイオンを
　　誘うことができます。
　　デートの約束をキャンセルすることができます。

　など

※各種項目はエピソードの進行状況などによって
　追加されていきます。","。

　・邀请约会
　　与依恩保持经常交流便会出现，
　　可以邀请依恩进行约会。
　　但能够邀请约会仅限1次。
　　去过一次约会后，需重新满足条件。

　・确认约会
　　可以确认约定的地点，或邀请依恩前往
　　已约定的约会。
　　可以取消约会的约定。

　等

※各项内容会根据篇章的进展状况等
　顺次增加。",translated,662,345c3e7029,br=0 nl=16,1,src-lines=17; src-longest-line=29
global:158,。そんなイメージをこの曲では表現しています。（土屋）,。这首乐曲所表现的正是这般意境。（土屋）,translated,79,9cb887ac98,br=0 nl=0,1,src-longest-line=26
global:159,「殆どパッド（という音色）で」という指定だったので、もやもやした感じに。宇宙です。最後の盛り上がりへ向けた前座みたいな。（柳川）,接到的要求是“几乎全用Pad音色”，于是做成了朦胧迷离的感觉。这就是宇宙。宛如奔向最后高潮前的暖场一般。（柳川）,translated,193,64ca69f355,br=0 nl=0,1,src-longest-line=64
global:160,『イオンを呼ぶ』を選択した,选择了“呼唤依恩”,translated,40,de799da402,br=0 nl=0,1,
global:161,『イベント情報』を選択した,选择了“事件信息”,translated,40,32821d5eaa,br=0 nl=0,1,
global:162,『ジェノミリンク解説』を選択した,选择了“杰诺米链接解说”,translated,49,a6ade05356,br=0 nl=0,1,
global:163,『デートに誘う』を選択した,选择了“邀请约会”,translated,40,e9199355c6,br=0 nl=0,1,
global:164,『デートの確認』を選択した,选择了“确认约会”,translated,40,6ff55d8bdc,br=0 nl=0,1,
global:165,『想いを伝える』を選択した,选择了“传达心意”,translated,40,a35e57b877,br=0 nl=0,1,
global:166,『挨拶をする』を選択した,选择了“问候打招呼”,translated,37,9ab44ae329,br=0 nl=0,1,
global:167,『端末を移動してもらう』を選択した,选择了“请求移动终端”,translated,52,2df3494fa0,br=0 nl=0,1,
global:168,『謎の文書を読む』を選択した,选择了“阅读神秘文书”,translated,43,6a969ecc58,br=0 nl=0,1,
global:169,『７次元INFO』を選択した,选择了“7次元INFO”,translated,35,c94d7cf71d,br=0 nl=0,1,
global:170,【運営】シャール情報<mess>あなたのシャール『$0$』が、$1$さんの夢セカイで働いてきました。HymPとEXPを$3$ポイントゲットしました！<jump user_id=$4$>,【运营】夏尔信息<mess>您的夏尔“$0$”在$1$的梦世界中工作归来。获得了$3$点HymP与EXP！<jump user_id=$4$>,translated,197,727a564caa,<mess> br=0 nl=0,1,keep-tags <mess>; src-longest-line=92
global:171,【運営】シャール情報<mess>あなたのシャール『$0$』を、$1$さんが愛でてくれました！　それによりHymPとEXPを$2$ポイントゲット、シンクロ率が$3$％上昇しました！<jump user_id=$5$>,【运营】夏尔信息<mess>$1$宠爱了您的夏尔“$0$”！因此获得了$2$HymP与$3$点EXP！<jump user_id=$4$>,translated,236,253bc823c1,<mess> br=0 nl=0,1,keep-tags <mess>; src-longest-line=107
global:172,【運営】シャール情報<mess>あなたのシャール『$0$』を、$1$さんが愛でてくれました！　それによりLPが$4$ポイント回復、HymPとEXPを$2$ポイントゲット、シンクロ率が$3$％上昇しました！<jump user_id=$5$>,【运营】夏尔信息<mess>$1$宠爱了您的夏尔“$0$”！因此获得了$2$HymP！<jump user_id=$3$>,translated,265,0f3e1d9e14,<mess> br=0 nl=0,1,keep-tags <mess>; src-longest-line=120
global:173,【運営】シャール情報<mess>おめでとうございます！　あなたのシャール『$0$』のレベルが$1$になりました！　ＬＰ最大が$2$→$3$、回復量が$4$→$5$、修復力が$6$→$7$、指導力が$8$→$9$になりました！<jump sharl_id=$10$>,【运营】夏尔信息<mess>恭喜！您的夏尔“$0$”等级已提升至$1$！<jump user_id=$2$>,translated,512,333a87a225,<mess> br=0 nl=0,1,keep-tags <mess>; src-longest-line=132
global:174,【運営】フレンド情報<mess>$0$さんがあなたをフォローし始めました。<jump user_id=$1$>,【运营】好友信息<mess>$0$开始关注您了。<jump user_id=$1$>,translated,112,b6169ad210,<mess> br=0 nl=0,1,keep-tags <mess>; src-longest-line=55
global:175,【運営】勲章獲得！<mess>おめでとうございます！　あなたの$0$を記念して、勲章を授けます。これからも沢山の勲章をゲットしてくださいね。ゲットした勲章は『ユーザー情報』の『活躍情報』に掲載されています。,【运营】获得勋章！<mess>恭喜！为纪念您的$0$，特此授予勋章。今后也请继续努力哦！,translated,512,da09204d62,<mess> br=0 nl=0,1,keep-tags <mess>; src-longest-line=103
global:176,あ、あの……似合ってる……かな？,那、那个……适合我……吗？,translated,49,ec71aa1f22,br=0 nl=0,1,
global:177,あぁ～ん、もう疲れちゃったわー。,啊～嗯，我已经累坏了啦―。,translated,49,c7a5b966f1,br=0 nl=0,1,
global:178,ああっ、私はきっと、こういう運命なんだわ。,啊啊，我一定就是这种命运吧。,translated,64,8105a85516,br=0 nl=0,1,
global:179,あう～、廃墟修復疲れたよ～,呜～，修复废墟好累哦～,translated,40,ee5c4bde7a,br=0 nl=0,1,
global:180,あえいで,,todo,13,aec86abafe,br=0 nl=0,1,
global:181,あえいでオーション,,todo,65,644c0127dd,br=0 nl=0,1,
global:182,あくあ,,todo,10,824f303b24,br=0 nl=0,1,
global:183,あくあこ,,todo,13,9f063ad0a0,br=0 nl=0,1,
global:184,あくあたん,,todo,16,e9f4ea1235,br=0 nl=0,2,
global:185,あくあっちゃ,,todo,19,c007c3ea79,br=0 nl=0,1,
global:186,あくあっぺ,,todo,16,d5bc83f13f,br=0 nl=0,1,
global:187,あくあの,,todo,13,007b3e38c2,br=0 nl=0,1,
global:188,あくあのあ,,todo,16,8fd41400ec,br=0 nl=0,1,
global:189,あくあら,,todo,13,19e24b875f,br=0 nl=0,1,
global:190,あしゅら,,todo,13,db826ac677,br=0 nl=0,2,
global:191,あしゅらこ,,todo,16,38f07cc5e0,br=0 nl=0,1,
global:192,あしゅらしゃん,,todo,22,e54cb54212,br=0 nl=0,1,
global:193,あしゅらたん,,todo,19,7fe61559fe,br=0 nl=0,1,
global:194,あしゅらっちゃ,,todo,22,5d8b94d8a3,br=0 nl=0,1,
global:195,あしゅらっちゅ,,todo,22,b86e0015b5,br=0 nl=0,1,
global:196,あしゅらのあ,,todo,19,71f544b567,br=0 nl=0,1,
global:197,あしゅらもん,,todo,19,30ebb7018d,br=0 nl=0,1,
global:198,あそこ,,todo,48,b1f9df0f30,br=0 nl=0,1,
global:199,あたしが修復するんだから、ありがたく思いなさい。,这可是我来修复，给我心存感激吧。,translated,73,e7c894e4fc,br=0 nl=0,1,
global:200,あたしの髪の毛、やーらかい？,人家的头发，软绵绵的吗？,translated,43,8d0f2bc52e,br=0 nl=0,1,
global:201,あちわ）,知和）,translated,13,1512d72950,br=0 nl=0,1,
global:202,あったかいおてて～♪　すきすき！,暖洋洋的小手～♪　最喜欢了！,translated,49,57392d558f,br=0 nl=0,1,
global:203,あなたのことをイオンに話してあげて,把关于你的事情多对依恩说说吧,translated,64,89bcffff4a,br=0 nl=0,1,
global:204,あなる,,todo,10,0d240923cb,br=0 nl=0,1,
global:205,あの、良かったら触って欲しい、です。,那个，可以的话希望你能摸摸我。,translated,55,c199793488,br=0 nl=0,1,
global:206,あまり撫でられたこと無いので、ちょっとこそばゆいです。,因为没怎么被抚摸过，感觉有点痒酥酥的。,translated,82,ca2e04c728,br=0 nl=0,1,src-longest-line=27
global:207,あやせ,,todo,10,b9389a99cb,br=0 nl=0,1,
global:208,あやせたん,,todo,16,ac75359170,br=0 nl=0,1,
global:209,あやせちん,,todo,16,df653701ba,br=0 nl=0,1,
global:210,あやせの,,todo,13,708ed2f277,br=0 nl=0,1,
global:211,あやせのあ,,todo,16,669743e6f5,br=0 nl=0,1,
global:212,あやせぱん,,todo,16,2fdcad54b0,br=0 nl=0,1,
global:213,あやせぽん,,todo,16,c81994b570,br=0 nl=0,1,
global:214,あやせりん,,todo,16,70fde2c7fa,br=0 nl=0,1,
global:215,あらぁ？　今、どこを触ったのかしら？,哎呀？刚才你摸的是哪里呀？,translated,55,8e4ce1d104,br=0 nl=0,1,
global:216,ありがと。気持ちだけもらっておくわ。,谢谢。心意我就收下啦。,translated,55,f0eeebe946,br=0 nl=0,1,
global:217,ありがとうCD,感谢CD,translated,18,d3e297f099,br=0 nl=0,1,
global:218,ありがとう、あなた,谢谢你，亲爱的,translated,28,f59014990a,br=0 nl=0,1,
global:219,ありがとメッセージ,感谢消息,translated,28,2901923b8e,br=0 nl=0,1,
global:220,ありますね。それと同時に、イオンのとても繊細な内面の姿も伝わってきます。あなたとイオンのこれからに幸多からんことを！<CR>（土屋）,呢。与此同时，依恩极其细腻的内心世界也传递了过来。祝愿您与依恩的未来充满幸福！<CR>（土屋）,translated,191,bfd1baa82f,<CR> br=0 nl=0,9,keep-tags <CR>; src-longest-line=66
global:221,あれ～？　まだふらふらするよー,咦～？脑袋还在晃晃悠悠的呢―,translated,46,4485285bb4,br=0 nl=0,1,
global:222,あんたが触りたいっていうから、触らせてあげただけよ。,是因为你说想摸，我才勉为其难让你摸的哦。,translated,79,fd5b8bdb74,br=0 nl=0,1,src-longest-line=26
global:223,あんまり苛めないでね……。,不要太欺负我哦……。,translated,40,5e16a5a33a,br=0 nl=0,1,
global:224,あー、マジ無理。絶対動けない。,啊―，真不行了。绝对动不了了。,translated,46,e5e03a31b1,br=0 nl=0,1,
global:225,あー、取り返しのつかないことになっちゃった……そんな雰囲気がヒシヒシと伝わってくる曲ですね。シェルノサージュのBGMの中では、一番やっちゃった感が強い曲では無いでしょうか。もう後戻りできないぞ～みたいな。是非皆さんの人生でも、この曲を使ってみて下さい。平穏な日常では味わえない何かを味わえると思います。<CR>（土屋）,啊―，搞成了无法挽回的局面……这首乐曲生动地传递出了这种氛围呢。在Ciel nosurge的BGM中，大概是“搞砸感”最强的一首了吧。仿佛在说已经无法回头了哦～。请大家务必在自己的人生中也试试用用这首曲子。相信能体会到平静日常中所体会不到的独特滋味。<CR>（土屋）,translated,465,e3126a93e9,<CR> br=0 nl=0,1,keep-tags <CR>; src-longest-line=159
global:226,あーしぇ,,todo,13,de59013e87,br=0 nl=0,1,
global:227,あーしぇちゅ,,todo,19,e7f3f00a5b,br=0 nl=0,1,
global:228,あーしぇちん,,todo,19,f56b5af606,br=0 nl=0,1,
global:229,あーしぇの,,todo,16,d73de06bf7,br=0 nl=0,1,
global:230,あーしぇぱん,,todo,19,da5bda7b23,br=0 nl=0,1,
global:231,あーしぇら,,todo,16,ec00a43e86,br=0 nl=0,1,
global:232,いけいけゴーゴー！な<CR>曲。飛び跳ねてブイブイできる人とは良い酒が飲めそうです。（柳川）,冲啊GOGO！风格的<CR>乐曲。能跟着又蹦又跳欢呼雀跃的人，感觉能在一起痛快喝酒呢。（柳川）,translated,131,0227443596,<CR> br=0 nl=0,1,keep-tags <CR>; src-longest-line=46
global:233,"いった情報を
　　　表示します。

　・エネルギー送信
　　　選択中のシャールから、マイクロクエーサーに
　　　HymPを送信します。

　・ジェノミリンク
　　　「アルノサージュ DX」との
　　　データリンクを行うことができます。","等信息。

　・输送能量
　　　从选中的夏尔向微类星体
　　　输送HymP。

　・杰诺米链接
　　　可与《Ar nosurge DX》进行
　　　数据链接。",translated,320,71508dfc73,br=0 nl=9,2,src-lines=10
global:234,いってきます,我出门了,translated,19,78b86e4e9b,br=0 nl=0,1,
global:235,いっぱいお仕事したから、きゅー・けい・ちゅう！,工作了好多，休息・中！,translated,128,26cb172978,br=0 nl=0,1,
global:236,いっぱいがんばって役に立ちます！,我会加倍努力派上用场的！,translated,49,1afa7d3c47,br=0 nl=0,1,
global:237,いつまで働かせるつもりなのよ……。,你究竟打算让我干到什么时候嘛……。,translated,52,de8d710dcd,br=0 nl=0,1,
global:238,いつものわたし,平时的我,translated,22,937c194c6c,br=0 nl=0,1,
global:239,いつもは言えないこと。,平时说不出口的话。,translated,34,663eb04c72,br=0 nl=0,1,
global:240,いつも撫でてくれるけど、ぶったりはしないの？,你总是摸摸我，不会动手打我吧？,translated,67,ed0d9b1fbc,br=0 nl=0,1,
global:241,いもうと,妹妹,translated,13,3f5b4e6556,br=0 nl=0,187,
global:242,いよいよ皇帝編！RPGで言えば、敵陣まっただ中だぜ！というくらいの時期なのに、なぜかテーマパークコロン！ということで、マップ曲もそりゃもう、朗らかな夢の国的な曲になってます。といってもこのコロンにはとてつもない裏が…おや、だれか来たようだ。<CR>（土屋）,终于来到皇帝篇！按RPG来说已是深入敌阵核心的关头，曲风却不知为何显得格外祥和。正是表现依恩心境的曲子呢。话说回来依恩小姑娘，到了这个阶段还是这么优哉游哉呀。（土屋）,translated,371,6188345829,<CR> br=0 nl=0,1,keep-tags <CR>; src-longest-line=128
global:243,いらね,,todo,10,e6625ba551,br=0 nl=0,1,
global:244,"いるユーザー一覧を表示します。

　・PSNフレンド
　　　PSNでフレンド登録しているユーザーがいる場合
　　　そのユーザーを一覧で表示します。

　・禁止リスト
　　　禁止リストに登録しているユーザーの一覧を
　　　表示します。

●ソート機能
　フレンドリストの表示順を変更可能です。
　ソート順には、以下のものがあります。

　・登録順
　　　フレンドになった日付の順番もしくは逆順です。

　・撫でた回数
　　　自分がフレンドの巣のシャールを撫でた回数順
　　　です。ただし、Hympを取得出来る時の回数のみ
　　　カウントされます（１日１シャール１回分のみです）

　・撫でられた時間
　　　フレンドが自分の巣のシャールを撫でた最新の
　　　時間順となります。（新）にした場合、最も最近
　　　自分の巣に撫でに来たフレンドの順になります。

　・巣へ行った時間
　　　フレンドシャールの巣へ訪問した時間順です。
","的用户列表。

　・PSN好友
　　　若在PSN中存在已加为好友的用户，
　　　将其以列表形式显示。

　・黑名单
　　　显示已加入黑名单的用户
　　　列表。

●排序功能
　可变更好友列表的显示顺序。
　排序方式包含以下各项。

　・注册顺序
　　　按成为好友的日期顺序或倒序排列。

　・抚摸次数
　　　按自己抚摸好友巢中夏尔的次数排序。
　　　但仅计算可获取HymP时的次数
　　　（每日每只夏尔仅限1次）。

　・被抚摸时间
　　　按好友抚摸自己巢中夏尔的最新
　　　时间排序。若设为（新），将优先排列
　　　最近前来自己巢中抚摸的好友。

　・造访巢的时间
　　　按造访好友夏尔巢的时间排序。",translated,1159,272213d5a4,br=0 nl=29,1,src-lines=30; src-longest-line=27
global:245,"いる場合、赤で表示されます。

　・採取地
　　　アイテムが採れる場所が表示されています。

　　　この表示があるアイテムを選ぶと
　　　イオンは外出して、しばらくしたら
　　　アイテムを採って帰ってきます。

　・メモ
　　　選択したアイテムに関する説明文です。","材料不足时将以红色显示。

　・采集地
　　　显示可采集到道具的地点。

　　　选择带有该显示的道具，
　　　依恩便会外出，片刻之后
　　　便会采回道具归来。

　・备忘录
　　　所选道具的相关说明文。",translated,377,5b832b9125,br=0 nl=10,1,src-lines=11
global:246,い涙,之泪,translated,7,b6957578dd,br=0 nl=0,1,
global:247,うぃー,,todo,10,8476666723,br=0 nl=0,2,
global:248,うにゃー、もう動けないわ～。,呜喵―，已经动不了啦～,translated,43,d0e33ea891,br=0 nl=0,1,
global:249,うふふ、今なら何だってしてあげるわよ♪,呵呵，现在的话无论什么我都依你哦♪,translated,58,68100f7194,br=0 nl=0,1,
global:250,うふふっ、似合ってるかしら？　こういうのもたまには良いわね。,呵呵，适合我吗？偶尔换换这种风格也不错呢。,translated,128,4c2ed59e02,br=0 nl=0,1,src-longest-line=30
global:251,うふふっ、優しくしてあげるからね。,呵呵，我会温柔对待你的哦。,translated,52,47e2a015c6,br=0 nl=0,1,
global:252,うまくやる自信が無いわ。,我没有做好的自信呢。,translated,37,cacc88231f,br=0 nl=0,1,
global:253,うまく行かないと、ちょっと燃えちゃうわ。,进展不顺的话，反而让我有点燃起来了。,translated,61,00a4085ca5,br=0 nl=0,1,
global:254,うんこ,,todo,10,084dd50c5f,br=0 nl=0,1,
global:255,うーん、もうダメー……おやすみしたいよう。,唔―，不行了……好想休息睡觉哦。,translated,128,a883d1875e,br=0 nl=0,1,
global:256,え○ち,,todo,10,b805545af2,br=0 nl=0,1,
global:257,ええええええっ！！,诶诶诶诶诶诶！！,translated,28,89cf8a433a,br=0 nl=0,3,
global:258,えくら,,todo,10,7abcc1aee2,br=0 nl=0,2,
global:259,えくらこ,,todo,13,ac0138092e,br=0 nl=0,1,
global:260,えくらしゃん,,todo,19,515d17ff1f,br=0 nl=0,1,
global:261,えくらちゅ,,todo,16,446259306b,br=0 nl=0,1,
global:262,えくらっちゅ,,todo,19,1eb8ac9261,br=0 nl=0,1,
global:263,えくらのあ,,todo,16,157d24cc22,br=0 nl=0,1,
global:264,えっち,,todo,10,9f4a6ac500,br=0 nl=0,1,
global:265,えへへ、かわいくなったかな？,嘿嘿，变得可爱了吗？,translated,43,71bbb7ee26,br=0 nl=0,1,
global:266,えへへ、アタシも大好きだよ？,嘿嘿，人家也最喜欢你啦？,translated,43,4d70c8f881,br=0 nl=0,1,
global:267,えへへ、呼ばれるの待ってたんだよ♪,嘿嘿，我一直在等被你呼唤呢♪,translated,52,1ab0237461,br=0 nl=0,1,
global:268,えへへ、呼んでくれたんだね♪,嘿嘿，你呼唤我了呢♪,translated,43,d61c9cf91f,br=0 nl=0,1,
global:269,えへへ、触ってもらっちゃった♪,嘿嘿，被你摸摸了呢♪,translated,46,90e22072e1,br=0 nl=0,1,
global:270,えへへ、触られて怖くないのはあなただけです。,嘿嘿，被触碰却不感到害怕的只有你一个。,translated,67,dab010fdb0,br=0 nl=0,1,
global:271,えよ,防备,translated,7,7482de0134,br=0 nl=0,1,
global:272,える,,todo,7,209612e549,br=0 nl=0,3,
global:273,えるーしか,,todo,16,f6a90e0662,br=0 nl=0,1,
global:274,えるーしかたん,,todo,22,3762829d14,br=0 nl=0,1,
global:275,えるーしかちゅ,,todo,22,6f9bbe4e92,br=0 nl=0,1,
global:276,えるーしかちゅん,,todo,32,8ab9c8478f,br=0 nl=0,1,
global:277,えるーしかっちゅ,,todo,32,a70a1c8323,br=0 nl=0,1,
global:278,えるーしかの,,todo,19,8706e261f5,br=0 nl=0,1,
global:279,えるーしかぱん,,todo,22,9a38e23de7,br=0 nl=0,1,
global:280,えるーしかぽん,,todo,22,bd597841b9,br=0 nl=0,1,
global:281,えんこう,,todo,13,2340035f86,br=0 nl=0,1,
global:282,えんこうオーション,,todo,65,393568a797,br=0 nl=0,1,
global:283,お○に,,todo,10,c280f62e09,br=0 nl=0,1,
global:284,お○におぷーション,,todo,65,7f3b22ffe2,br=0 nl=0,1,
global:285,おしゃれガード,时髦守卫,translated,22,50c934f824,br=0 nl=0,3,
global:286,おっぱい,,todo,13,828860e753,br=0 nl=0,2,
global:287,おっぱお,,todo,13,16f466395e,br=0 nl=0,1,
global:288,おっぱおぷーション,,todo,65,b53729df00,br=0 nl=0,1,
global:289,おててつないで♪,手牵手♪,translated,32,3325623af9,br=0 nl=0,1,
global:290,おなかにタッチして,摸摸小肚子,translated,28,cee3665d88,br=0 nl=0,1,
global:291,おなった,,todo,13,18a94f42c0,br=0 nl=0,1,
global:292,おなったオーション,,todo,65,cb54e8c73e,br=0 nl=0,1,
global:293,おなって,,todo,13,3a91a74359,br=0 nl=0,1,
global:294,おなってぷーション,,todo,65,23ad0a1e6f,br=0 nl=0,1,
global:295,おなに,,todo,10,c243c6c667,br=0 nl=0,1,
global:296,おなる,,todo,10,ba78234a3f,br=0 nl=0,1,
global:297,おなるこオーション,,todo,65,0ecce22bb1,br=0 nl=0,1,
global:298,おねえさん,大姐姐,translated,32,8cf44fafbf,br=0 nl=0,328,
global:299,おはよう,早上好,translated,13,2d6e222466,br=0 nl=0,1,
global:300,おまんこ,,todo,13,b4cfc5a671,br=0 nl=0,1,
global:301,おまんまん,,todo,16,ae939abcdc,br=0 nl=0,1,
global:302,おまんまんーション,,todo,65,539e10408b,br=0 nl=0,1,
global:303,おやすみ,晚安,translated,13,22d1ecbca0,br=0 nl=0,1,
global:304,お互い元気でいようね,我们都要保持元气哦,translated,31,aacccde9a6,br=0 nl=0,1,
global:305,お口で,,todo,10,7b7944885a,br=0 nl=0,1,
global:306,お望みなら、どこを触ってもいいわよ♪,只要你希望，摸哪里都可以哦♪,translated,55,35cd2a0cea,br=0 nl=0,1,
global:307,お気に入り,收藏,translated,16,296dad2d72,br=0 nl=0,1,
global:308,お泊まりで行きたい場所,想去留宿的地点,translated,34,eec8bdb487,br=0 nl=0,1,
global:309,お礼メッセージ,感谢消息,translated,22,3da5c767cb,br=0 nl=0,1,
global:310,お願いする,拜托,translated,16,4d36876ef3,br=0 nl=0,1,
global:311,"お願いする

を選択","拜托事项

选择",translated,27,2136e4c857,br=0 nl=2,1,
global:312,"お願いする
　*作って欲しい

を選択","拜托事项
　*拜托制作

选择",translated,256,0e9f3985d6,br=0 nl=3,1,src-lines=4
global:313,"お願いする
　*作って欲しい
　　プラグイン

を選択","拜托事项
　*拜托制作
　　插件

选择",translated,256,4453d6b043,br=0 nl=4,1,src-lines=5
global:314,"お願いする
　*作って欲しい
　　工作

を選択","拜托事项
　*拜托制作
　　手工

选择",translated,256,21dcd3dcbc,br=0 nl=4,1,src-lines=5
global:315,"お願いする
　*作って欲しい
　　服飾

を選択","拜托事项
　*拜托制作
　　服饰

选择",translated,256,876f0cf3c1,br=0 nl=4,1,src-lines=5
global:316,"お願いする
　*作って欲しい
　　特別

を選択","拜托事项
　*拜托制作
　　特别

选择",translated,256,90a514dacc,br=0 nl=4,1,src-lines=5
global:317,"お願いする
　*作って欲しい
　　食料

を選択","拜托事项
　*拜托制作
　　食物

选择",translated,256,e7afbbc25a,br=0 nl=4,1,src-lines=5
global:318,"お願いする
　*作って欲しい
　　（カテゴリ選択）
　　　サブカテゴリー

まで選択","拜托事项
　*拜托制作
　　（类别一览）

选择",translated,256,acf0a4e2c7,br=0 nl=5,1,src-lines=6
global:319,"お願いする
　時間を教えて欲しい

を選択","拜托事项
　想要知道时间

选择",translated,58,1531e2ee1f,br=0 nl=3,1,src-lines=4
global:320,かすみ,,todo,10,e914043188,br=0 nl=0,1,
global:321,かすみこ,,todo,13,5227a28d53,br=0 nl=0,1,
global:322,かすみちゃん,,todo,19,1a009ba4b2,br=0 nl=0,2,
global:323,かすみっちゅ,,todo,19,6fc4cada88,br=0 nl=0,1,
global:324,かすみのあ,,todo,16,fe403f42f2,br=0 nl=0,1,
global:325,かすみぽん,,todo,16,137cc7c877,br=0 nl=0,1,
global:326,かすみもん,,todo,16,51cf7b05da,br=0 nl=0,1,
global:327,かったるくてチョーサイアク。,浑身无力简直糟透了。,translated,43,64a32ef662,br=0 nl=0,1,
global:328,かの卓に着きし者たち,入座彼席之人,translated,32,1381e574c3,br=0 nl=0,1,
global:329,がいきち,,todo,13,4bf2283b1a,br=0 nl=0,1,
global:330,がいきちオーション,,todo,65,b0e1b93b4f,br=0 nl=0,1,
global:331,ができます。,便可完成。,translated,19,c2ab40542c,br=0 nl=0,1,
global:332,がんばって修復しますねっ！,我会努力修复的哦！,translated,40,690f8df70b,br=0 nl=0,1,
global:333,が必要です。,所必需的。,translated,94,3498dd3804,br=0 nl=0,1,
global:334,きさらぎ,,todo,13,d456257a28,br=0 nl=0,1,
global:335,きさらぎちゃん,,todo,22,7505afe2f6,br=0 nl=0,2,
global:336,きさらぎっちゃ,,todo,22,d9f5c43c38,br=0 nl=0,1,
global:337,きさらぎっぺ,,todo,19,f4e397d9b4,br=0 nl=0,1,
global:338,きちがい,,todo,13,627db349e3,br=0 nl=0,1,
global:339,きっと、修復が終わることなんて無いんだわ……。,一定永远没有修复完的时候吧……。,translated,70,91584b0f25,br=0 nl=0,1,
global:340,きっと役に立ってみせますっ！,我一定会派上用场的！,translated,43,d47f57a2bf,br=0 nl=0,1,
global:341,きめえ,,todo,10,160713fb67,br=0 nl=0,1,
global:342,きめえチオーション,,todo,65,16dc9470bb,br=0 nl=0,1,
global:343,きもい,,todo,10,d27e0e560a,br=0 nl=0,1,
global:344,きゃみ,,todo,10,812c5edf0d,br=0 nl=0,2,
global:345,きらら,,todo,10,fbc1fabed1,br=0 nl=0,1,
global:346,きららしゃん,,todo,19,8999aa93e7,br=0 nl=0,1,
global:347,きららたん,,todo,16,4887a61be9,br=0 nl=0,1,
global:348,きららっぺ,,todo,16,34a5d25755,br=0 nl=0,1,
global:349,きららぽん,,todo,16,a9b245dbd7,br=0 nl=0,1,
global:350,きららもん,,todo,16,b9d2b41f1b,br=0 nl=0,1,
global:351,きら星キャンディ,闪耀星光糖,translated,64,63cdaf9e3b,br=0 nl=0,3,
global:352,きれいにするのも、悪くないかもね。,弄得干干净净的，或许也不坏呢。,translated,52,780204a3b0,br=0 nl=0,1,
global:353,きれいに修復したら、どんなご褒美をくれるの？,要是漂亮地修复好了，会给我什么奖励呀？,translated,67,e5c8b1a2e4,br=0 nl=0,1,
global:354,きーま,,todo,10,48e718b547,br=0 nl=0,1,
global:355,きーまたん,,todo,16,92a0ce05fc,br=0 nl=0,1,
global:356,きーまちん,,todo,16,b4c926f5e8,br=0 nl=0,1,
global:357,きーまっちゃ,,todo,19,5f2e653a5c,br=0 nl=0,1,
global:358,きーまっちゅ,,todo,19,092a9110b8,br=0 nl=0,1,
global:359,きーまもん,,todo,16,9653fc8ee9,br=0 nl=0,1,
global:360,きーまりん,,todo,16,937110d6f0,br=0 nl=0,1,
global:361,き数,发布数,translated,40,7131c9df6c,br=0 nl=0,6,
global:362,くそ,,todo,7,774ead38f4,br=0 nl=0,1,
global:363,くたばれ,,todo,13,73d889de97,br=0 nl=0,1,
global:364,くらら,,todo,10,16895214bf,br=0 nl=0,1,
global:365,くららちゅん,,todo,19,b2ea23b08a,br=0 nl=0,1,
global:366,くららっちゅ,,todo,19,dd6cf2e41b,br=0 nl=0,1,
global:367,くららっちょ,,todo,19,5db22d7e8b,br=0 nl=0,1,
global:368,くららもん,,todo,16,38348b2519,br=0 nl=0,1,
global:369,くるく,,todo,10,51183355fe,br=0 nl=0,1,
global:370,くるくしゃん,,todo,19,146c649b0a,br=0 nl=0,1,
global:371,くるくちゅ,,todo,16,c45e68fda1,br=0 nl=0,1,
global:372,くるくっちょ,,todo,19,56fd00d771,br=0 nl=0,1,
global:373,くるくっぺ,,todo,16,64bbcfe574,br=0 nl=0,1,
global:374,くるくにゃ,,todo,16,711405e318,br=0 nl=0,1,
global:375,くるくぽん,,todo,16,b8c5aa9a23,br=0 nl=0,1,
global:376,くるくもん,,todo,16,f462579480,br=0 nl=0,1,
global:377,くるす,,todo,10,85e819b31f,br=0 nl=0,1,
global:378,くるすちゃん,,todo,19,b09ac7f6c1,br=0 nl=0,1,
global:379,くるすっちょ,,todo,19,4dbd98fc75,br=0 nl=0,1,
global:380,くるすにゃ,,todo,16,0f2e30f720,br=0 nl=0,1,
global:381,くるすの,,todo,13,68fcab187e,br=0 nl=0,1,
global:382,くるすぽん,,todo,16,070e7d299a,br=0 nl=0,1,
global:383,くるすら,,todo,13,e4d8916b4d,br=0 nl=0,1,
global:384,くるすりん,,todo,16,1452571e68,br=0 nl=0,2,
global:385,くるるん,,todo,13,a09b846c98,br=0 nl=0,1,
global:386,くるるんちゃん,,todo,22,8ef65574cf,br=0 nl=0,1,
global:387,くるるんちゅ,,todo,19,3e58071387,br=0 nl=0,1,
global:388,くるるんぱん,,todo,19,8e3eeb6fa9,br=0 nl=0,1,
global:389,くるるんぽん,,todo,19,cbe723cff0,br=0 nl=0,1,
global:390,くるるんら,,todo,16,3c32831364,br=0 nl=0,1,
global:391,くろ,,todo,7,cf934f3ce6,br=0 nl=0,1,
global:392,くろう,,todo,10,8ad8d5f68c,br=0 nl=0,1,
global:393,くろうたん,,todo,16,6b93646fa2,br=0 nl=0,1,
global:394,くろうっちゃ,,todo,19,096d490643,br=0 nl=0,1,
global:395,くろうっちょ,,todo,19,2cd03d4d1d,br=0 nl=0,1,
global:396,くろうぱん,,todo,16,6c204adc9b,br=0 nl=0,1,
global:397,くろうもん,,todo,16,d2a0666ac2,br=0 nl=0,1,
global:398,くろちゅ,,todo,13,cb7c6bfa50,br=0 nl=0,1,
global:399,くろちん,,todo,13,baffe175cc,br=0 nl=0,1,
global:400,くろっちゃ,,todo,16,d62c4b20b4,br=0 nl=0,1,
global:401,くろの,,todo,10,583247caf5,br=0 nl=0,2,
global:402,くろぱん,,todo,13,bb64e53d30,br=0 nl=0,1,
global:403,くろぽん,,todo,13,a17c577298,br=0 nl=0,1,
global:404,くろもん,,todo,13,4853a2bb0f,br=0 nl=0,1,
global:405,くろら,,todo,10,5e740ef569,br=0 nl=0,1,
global:406,くろん,,todo,10,2110fa6dbd,br=0 nl=0,1,
global:407,くろんしゃん,,todo,19,20c5026873,br=0 nl=0,1,
global:408,くろんたん,,todo,16,ab1cbe7811,br=0 nl=0,1,
global:409,くろんっちゅ,,todo,19,dc8fd811ca,br=0 nl=0,2,
global:410,くろんっちょ,,todo,19,0f78a4d5ab,br=0 nl=0,1,
global:411,くろんにゃ,,todo,16,d2c53d87db,br=0 nl=0,1,
global:412,くろんぱん,,todo,16,5828d04df6,br=0 nl=0,1,
global:413,くんに,,todo,10,78f804d377,br=0 nl=0,1,
global:414,"ぐったりしています。
元気を分けてあげてください。","筋疲力尽了。
请分给它一点元气吧。",translated,74,0e3ed934be,br=0 nl=1,1,
global:415,けもけもに行ってみよう,去毛茸茸那里看看吧,translated,34,868e51549a,br=0 nl=0,1,
global:416,こういう暗くも明るくも無い和音って凄く好きなんですが、ＢＧＭを作る上では使いどころが凄く難しい気がします。<CR>（柳川）,我很喜欢这种明暗难辨的和弦，但做BGM很难找准用法。不过在此处堪称绝配。<CR>（柳川）,translated,176,3280ddc860,<CR> br=0 nl=0,1,keep-tags <CR>; src-longest-line=61
global:417,こちらも、最初であり最後でもあり、という曲。めちゃくちゃ悩んだ末に５拍子にしました。少し歪な方がそれっぽいかなと。メロは今作の曲の中で一番お気に入りかも。（柳川）,这同样是一首既是开端亦是终末的曲子。苦恼良久后做成了5拍子。该曲本身所蕴含的意义自不必说，其意义的精髓已尽数凝聚于曲名之中。（土屋）,translated,244,ff8cd4da12,br=0 nl=0,1,src-longest-line=81
global:418,こちらも初代アルトネリコで使用された中河健さんの曲のアレンジです。折角なので（？）曲の終わりあたりに色々混線させてみました。（柳川）,这也改编自初代魔塔大陆中使用过的中河健先生的名曲。难得有机会（？），我便尝试加入了一点变拍子的感觉。（柳川）,translated,199,dfb1cd8608,br=0 nl=0,1,src-longest-line=66
global:419,ことです。,的事情。,translated,16,2dc130f15e,br=0 nl=0,1,
global:420,このぐらい、全然へっちゃらよっ！,这点程度，完全小菜一碟啦！,translated,49,c29ce0a701,br=0 nl=0,1,
global:421,このぐらい余裕よね,这点程度很轻松呢,translated,28,3cfe824f7f,br=0 nl=0,1,
global:422,このままじゃ、重大な失敗をしてしまいそう。,再这样下去，恐怕会酿成严重失误。,translated,64,14565933a5,br=0 nl=0,1,
global:423,このまま続けると、危ない気が……。,再继续下去，总觉得有点危险……。,translated,52,938e16e52f,br=0 nl=0,1,
global:424,この何とも言えない、良い意味でおバカな感じの曲は、他の曲とはまた違う新鮮な風を私たちにもたらしてくれます。忘れもしません、まだ夢セカイでこの曲が使われる前ニコニコ生放送のCM枠でウッカリこの曲が使われてしまったときの、視聴者の皆さんの反応を！CMそっちのけで「曲ｗｗｗ」みたいなコメントで埋まりましたね。<CR>（土屋）,这种说不清道不明的、褒义上的搞笑感曲风，感觉为Ciel nosurge的世界吹入了一股迥异于其他曲目的新鲜之风。不过话说回来，这曲子还真是又搞怪又欢乐呢。（土屋）,translated,465,792049872e,<CR> br=0 nl=0,1,keep-tags <CR>; src-longest-line=160
global:425,この先、私はどうなるのかしら？,今后我究竟会变成怎样呢？,translated,46,a4d00b490e,br=0 nl=0,1,
global:426,この曲に着手する直前に「そういやオケっぽい戦闘曲ないねー」というやり取りがあったとか無かったとか。（柳川）,着手该曲前刚好聊到“说起来好像没有交响乐风格的战斗曲呢”，于是紧急做成了以弦乐为主体的战斗曲。（柳川）,translated,160,0e792b07e2,br=0 nl=0,1,src-longest-line=53
global:427,この曲は、プラムの死と共に刻まれていることでしょう。まさにプラムを追悼するために作られた曲でもあります。人はこうやって、どうしようも無い悲しみを体験し、一歩ずつ大人になっていくのです。<CR>プラムはきっと、ター坊やキャスの心の中で生き続けています。そして、彼らをずっと支え続けていくことでしょう。（土屋）,这首乐曲想必已随布拉姆之死铭刻于心。正是追悼布拉姆的挽歌。钢琴、大提琴与竖琴奏响的哀伤旋律，倾诉着布拉姆的不甘与遗恨。<CR>（土屋）,translated,452,ab61ab5e24,<CR> br=0 nl=0,1,keep-tags <CR>; src-longest-line=153
global:428,この曲をぱっと聴いたときに真っ先に思い浮かぶのが、夜も更けた時間、古い住宅地に立つ街灯<CR>（裸電球）の下で佇むサラリーマンなのですが。いや、学生でもいいかもしれません。とにかく遠くで犬の遠吠えまで聞こえてきます。<CR>…って、以前も別の曲のコメントで同じようなことを書いた気が。いや、気のせいですよ。決して私の将来を暗示している深層意識からのお告げなどではありません。<CR>いや、こういう曲は好きですけどね。（土屋）,初听这首曲子时脑海中最先浮现的，便是夜色已深、身处老旧住宅区、拉开木框移门时发出嘎啦嘎啦声的居酒屋景象。红灯笼配草绳门帘，还有关东煮腾腾的热气。真想在那种地方与无话不谈的挚友闲扯着无聊的话题一直喝到天明呢。（土屋）,translated,613,30d5b9d9b2,<CR> <CR> <CR> br=0 nl=0,1,keep-tags <CR>; src-longest-line=212
global:429,この曲を是非、イオンの部屋のBGMにしてみてください。とっても平和で、のんびりとした空間になると思いますよ。特にイオンのお昼寝中にはぴったりすぎて、この曲以外は考えられなくなると思います。ほんわかな新婚生活や恋人生活を送りたいあなたに、是非オススメの一曲です！<CR>（土屋）,请务必将这首乐曲设为依恩房间的BGM。保证能让人体会到无比祥和、悠然的心境！为被日常工作疲惫侵袭的您，奉上一份心灵的慰藉。（土屋）,translated,401,7d5c01e1c2,<CR> br=0 nl=0,1,keep-tags <CR>; src-longest-line=138
global:430,この曲を聴くと、試練編第一幕を思い出しませんか？　ある意味、最もインパクトの強い曲でもあります。この曲はあの、イオンとター坊の出逢いのシーンの為に描き下ろしていただいた曲だからです。映像と音楽がマッチしていると、本当に深く、クリアな世界が描かれるものなのです。この楽曲は、あの絵と、あの時のイオンの心情と完全に融和し、そして世界をもの凄く深めてくれているのです。（土屋）,听这首曲子时，是否会回想起试炼篇第一幕？在某种意义上它正是在最具冲击力的场景中播放的曲子。话说回来，要是被那么可爱的女孩子把房间弄得乱七八糟，天底下的男人们到底会作何反应呢？啊，莫非对有打扫癖的您来说反而是奖励？（土屋）,translated,556,5af0f2762c,br=0 nl=0,1,src-longest-line=185
global:431,この殺伐とした７次元先の世界の中でも、数少ない貴重なマッタリムードの音楽です。のっけから危機感バリバリで飛ばしている夢セカイの記憶ですが、当然後半になればもっとシリアスな展開が予想されるわけで、こういった平和ボケとも言える曲が聴けるのは、最初のうちだけかもしれませんよ？<CR>もちろん私の勝手な妄想ですが。（土屋）,在这片杀戮弥漫的7次元彼岸世界中，亦属不可多得的珍贵悠闲曲调。其实虽与工作室系列的“喂，同伴们！”有些相似，但两者毫无关联！（千真万确）<CR>（土屋）,translated,467,9340e63e64,<CR> br=0 nl=0,1,keep-tags <CR>; src-longest-line=158
global:432,この水槽の外は～なにがあるのかな～,水槽的外边～会有什么呢～,translated,128,27be0064c8,br=0 nl=0,1,
global:433,この程度の問題、どうにか乗り越えてみせます。,这点程度的问题，我一定会设法克服的。,translated,67,79d8a6b36a,br=0 nl=0,1,
global:434,この音楽が流れているコロン「夢ノ珠」は、まだ未来に希望があった時代「輝ける僕たちの未来」が生きていた時代のコロンです。今から見れば、昔はこんな未来を想像していたなぁ…と思えるような、まさにレトロフューチャーとも言うべき世界なわけです。<CR>この楽曲が表現しているのは、そんな昔の人が描く希望の未来です。このチープなシンセ音色の中には、彼らの素晴らしい未来像が描かれているのです！（土屋）,播放这首乐曲的克隆“梦之珠”，是一座以对未来尚存希望的时代“闪耀的我们的时代”为主题的街区。旋律中带着一丝怀旧感，让人回想起古老美好的拉榭拉呢。（土屋）,translated,575,40fa6c24f0,<CR> br=0 nl=0,1,keep-tags <CR>; src-longest-line=194
global:435,これからについて話す,聊聊关于今后的事,translated,31,41efea317d,br=0 nl=0,1,
global:436,これぞSF！という感じのBGMです。これも短いながらも非常に使い勝手が良いので、やたらに使いたくなる曲でもあります。ちょっと緊張感がありますから、まさにエイリアンの宇宙船に侵入して、見慣れないサイバーな通路を駆け抜けている感じですね。（土屋）,这正是纯正科幻的感觉！此曲虽短但极好用，常用于各处“哇，好像冒出了什么”的场景。（土屋）,translated,354,25597654d3,br=0 nl=0,1,src-longest-line=121
global:437,これぞカウントダウン系危機！はやくはやく！早く逃げなくちゃ！という感じですね。タイムリミット系アクションは大好きです。必ず０：００：０１で助かると分かっていても、何故かハラハラしますよね。<CR>そのうち、ボカーンって木っ端微塵になって失敗して終了する映画とか出ないかしら、なんて思ってますが、どうなんでしょ。<CR>見終わった後に立ち直れなくなりそうですが。<CR>（土屋）,这正是经典的倒计时危机！快点快点！必须快逃！就是这种感觉。此曲一响真的让人心急如焚。焦躁感瞬间拉满。极度适合焦灼场景，大家上班前5分钟不妨也放来听听。绝对能让你焦头烂额。（土屋）,translated,541,e8e7302dc2,<CR> <CR> <CR> br=0 nl=0,1,keep-tags <CR>; src-longest-line=188
global:438,これってアタシの天職かも。,这大概是人家的天职吧。,translated,40,99b53037a8,br=0 nl=0,1,
global:439,これは最初のフィールドマップの曲ですね。世界の状況が状況なだけに少し悲しげです。（柳川）,这是首张原野地图的曲子。正因世界现状特殊而略带哀伤，但同时也融入了些许温馨感。（柳川）,translated,133,b3e0217794,br=0 nl=0,1,src-longest-line=44
global:440,これも初代アルトネリコの中河健さんの名曲をアレンジさせていただきました。壮大さと素朴さが同居したような不思議なイメージの曲です。<CR>（あちわ）,这也是对初代魔塔大陆中河健先生名曲的改编。注重宏大感，以交响乐风格完成。（柳川）,translated,212,766bcb0496,<CR> br=0 nl=0,1,keep-tags <CR>; src-longest-line=73
global:441,これ以上やったら、アタシ倒れる～。,再干下去，人家要倒下了啦～,translated,52,e72ea882fb,br=0 nl=0,1,
global:442,ころる,,todo,10,d0be8a378a,br=0 nl=0,1,
global:443,ころるこ,,todo,13,a46883ee3e,br=0 nl=0,1,
global:444,ころるちゅ,,todo,16,21ab35b745,br=0 nl=0,1,
global:445,ころるっちょ,,todo,19,f6e95f02df,br=0 nl=0,1,
global:446,ころるもん,,todo,16,3f98a290db,br=0 nl=0,1,
global:447,ころるら,,todo,13,c8922b802f,br=0 nl=0,1,
global:448,こんなに優しくしてもらったの、初めてなの…。,被人这么温柔对待，还是第一次呢…。,translated,67,8b63fd0b39,br=0 nl=0,1,
global:449,こんな大切な仕事、私にできるはずないわ,这么重要的工作，我怎么可能做得到呢,translated,58,cf48b134b3,br=0 nl=0,1,
global:450,こんな状態で修復なんて無理よ……。,这种状态下修复根本不可能啦……。,translated,52,5b9d300a6d,br=0 nl=0,1,
global:451,さあ、がんばっていこうね！,好，一起加油干吧！,translated,128,0c8ef71cf4,br=0 nl=0,1,
global:452,さくら,,todo,10,7888a6b8d2,br=0 nl=0,1,
global:453,さくらちゃん,,todo,19,0f7ccca81e,br=0 nl=0,2,
global:454,さくらっちゃ,,todo,19,5a06d73ce1,br=0 nl=0,1,
global:455,さくらにゃ,,todo,16,0dbba7ca95,br=0 nl=0,1,
global:456,さくらの,,todo,13,76d675f1dc,br=0 nl=0,1,
global:457,さくらのあ,,todo,16,b1e8f1880d,br=0 nl=0,1,
global:458,さくらら,,todo,13,17f7bf1bf8,br=0 nl=0,1,
global:459,さすがに疲れてきたかも…。ふぅ。,确实有点累了…。呼。,translated,49,dafa948ab3,br=0 nl=0,1,
global:460,しぇあ,,todo,10,0ebc4c74bc,br=0 nl=0,4,
global:461,しぇる,,todo,10,faa1667989,br=0 nl=0,3,
global:462,しこしこ,,todo,13,db8ee82091,br=0 nl=0,1,
global:463,しこしこオーション,,todo,65,fb29c42b46,br=0 nl=0,1,
global:464,しこった,,todo,13,bd6cab1155,br=0 nl=0,1,
global:465,しこったオーション,,todo,65,85060a94bf,br=0 nl=0,1,
global:466,しこって,,todo,13,5e2e7a10b8,br=0 nl=0,1,
global:467,しこってオーション,,todo,65,6b7374ed15,br=0 nl=0,1,
global:468,しこる,,todo,10,ecdfbc6535,br=0 nl=0,1,
global:469,しこるんオーション,,todo,65,767e30f167,br=0 nl=0,1,
global:470,"した時に増える、
　　　廃墟の修復ポイントです。

　・指導力
　　　廃墟修復を担当する時、
　　　一緒に連れていけるシャールの数です。","时所增加的
　　　废墟修复点数。

　・指导力
　　　负责废墟修复时，
　　　能够一同协同带领的夏尔数量。",translated,195,503f5072e3,br=0 nl=5,1,src-lines=6
global:471,"していたアイテムを取り消します。

　※このボタンは、あなたがお願いしているアイテムにだけ
　　表示されます。","的道具。

　※该按钮仅对由您委托的道具
　　显示。",translated,160,21c06705b9,br=0 nl=3,1,src-lines=4; src-longest-line=27
global:472,してお香の匂い。アジア独特の魅力的な香りです。<CR>（土屋）,带着线香的味道。亚洲独特的迷人香气。<CR>（土屋）,translated,86,125c4b88d8,<CR> br=0 nl=0,1,keep-tags <CR>; src-longest-line=31
global:473,しね,,todo,7,bb87788691,br=0 nl=0,1,
global:474,しね毛ﾚオーション,,todo,65,2f366ad1d6,br=0 nl=0,1,
global:475,しゃむ,,todo,10,a94f0cecf3,br=0 nl=0,3,
global:476,しゃも,,todo,10,90aa861b7f,br=0 nl=0,4,
global:477,しゃらん,,todo,13,277d10fcba,br=0 nl=0,3,
global:478,しゃる,,todo,10,1fe57ae7ca,br=0 nl=0,2,
global:479,しゅしゅ,,todo,13,03861d936f,br=0 nl=0,5,
global:480,しゅぷり,,todo,13,8961ecd13f,br=0 nl=0,5,
global:481,しわくちゃの服,皱巴巴的衣服,translated,22,310f46a508,br=0 nl=0,1,
global:482,すず,,todo,7,28a839191b,br=0 nl=0,3,
global:483,すっごい順調にできてるよー。,进展超级顺利哦―。,translated,43,fb96225ecd,br=0 nl=0,1,
global:484,すまた,,todo,10,2a703cdca2,br=0 nl=0,1,
global:485,せ、精一杯がんばりますよっ！,我、我会拼尽全力的！,translated,43,fa7edc4d81,br=0 nl=0,1,
global:486,せくろす,,todo,13,72c9dedd3b,br=0 nl=0,1,
global:487,せしる,,todo,10,e6c4078a2b,br=0 nl=0,1,
global:488,せしるこ,,todo,13,1758d3e12a,br=0 nl=0,1,
global:489,せしるっちゅ,,todo,19,f29aa0989b,br=0 nl=0,1,
global:490,せしるっぺ,,todo,16,08b8ed8a1c,br=0 nl=0,1,
global:491,せしるら,,todo,13,2ae59d3a17,br=0 nl=0,1,
global:492,せっ○す,,todo,13,33341ba7df,br=0 nl=0,1,
global:493,せっくす,,todo,13,ae65518890,br=0 nl=0,1,
global:494,せと,,todo,7,39f700d6d8,br=0 nl=0,2,
global:495,せふれ,,todo,10,6b5e4d47e8,br=0 nl=0,1,
global:496,せふれでオーション,,todo,65,ef4948d216,br=0 nl=0,1,
global:497,せむし,,todo,10,987f658ef6,br=0 nl=0,1,
global:498,せん。,无法。,translated,10,a64ff73e94,br=0 nl=0,1,
global:499,せんずり,,todo,13,3419ffa926,br=0 nl=0,2,
global:500,そういえば。以前、家庭の事情で退職し、その後外注として仕事をしてきましたが、今作よりまたガストの社内に戻って参りました。ゲームに近い位置からまたこうして曲や音を作れるのはとても幸せです。大変だけど。（柳川）,说起来，以前因家庭原因离职，之后以外包身份工作，从本作起重返GUST！能再次作为员工参与游戏制作非常开心。今后也请多多关照！（柳川）,translated,310,0281946274,br=0 nl=0,1,src-longest-line=103
global:501,そこのけ姫,让开让开姬,translated,16,aa8e7ad3cd,br=0 nl=0,1,
global:502,そそられて見てしまいますよね。どういう心理効果なのでしょうか。（土屋）,被吸引忍不住去看呢。这是什么心理效应呢。（土屋）,translated,106,b9fc838b76,br=0 nl=0,1,src-longest-line=35
global:503,そっちのけで「曲ｗｗｗ」みたいなコメントで埋まりましたね。<CR>（土屋）,全被“曲子草草草”之类的弹幕刷屏了呢。<CR>（土屋）,translated,104,324c0a50d2,<CR> br=0 nl=0,2,keep-tags <CR>; src-longest-line=37
global:504,その名の通り、超輝工冒険団のテーマとも言うべき曲です。実際、そのシーンでしか使われていません。それにしても、本当に冒険団の雰囲気が良く出ていますね。やる気だけはマンマンだけど、どこか抜けてる、なんだか子供の時のワクワク感を思い出させてくれる、そんな曲です。（土屋）,顾名思义，堪称超辉工冒险团主题曲。实际上也只在该场景使用（笑）。但我认为这种搞笑全开的曲子也是Ciel nosurge不可或缺的要素之一。（土屋）,translated,397,b9dc95a29f,br=0 nl=0,1,src-longest-line=132
global:505,それまでの制約から解放されて一気に眼前にぐあーっと展開するスペクタクル、みたいなイメージで作りました。ギター・ベースはおなじみマルチプレイヤーのＤａｎｉさんです！（あちわ）,我以摆脱以往束缚、在眼前轰然铺展的壮丽奇景为意象创作了此曲。不过实际上剧情还没解放到那种程度就是了。（柳川）,translated,259,8d1b7f133f,br=0 nl=0,1,src-longest-line=86
global:506,そろそろ限界だよ～。,差不多到极限了啦～,translated,31,0c63dbd7fe,br=0 nl=0,1,
global:507,たいな！<CR>何言ってるのか全く分かりませんね…。（土屋）,感觉呢！<CR>完全不知道在说什么呢…。（土屋）,translated,83,4594b24b3c,<CR> br=0 nl=0,17,keep-tags <CR>; src-longest-line=30
global:508,たか,,todo,7,e7a21408e7,br=0 nl=0,2,
global:509,たかしゃん,,todo,16,378de84324,br=0 nl=0,1,
global:510,たかちん,,todo,13,dc8980ece3,br=0 nl=0,1,
global:511,たかの,,todo,10,d7fdcc748e,br=0 nl=0,1,
global:512,たかもん,,todo,13,31a3525561,br=0 nl=0,1,
global:513,たたら,,todo,10,906e7d6a93,br=0 nl=0,2,
global:514,たたらしゃん,,todo,19,2e8ca1fda0,br=0 nl=0,1,
global:515,たたらちゃん,,todo,19,8a60ee4272,br=0 nl=0,1,
global:516,たたらっちゃ,,todo,19,71b2dd053a,br=0 nl=0,1,
global:517,たたらっちょ,,todo,19,386358b88a,br=0 nl=0,1,
global:518,たたらっぺ,,todo,16,bcdbd5fa22,br=0 nl=0,1,
global:519,たたらの,,todo,13,581580e622,br=0 nl=0,1,
global:520,たたらぱん,,todo,16,17b21ccb97,br=0 nl=0,1,
global:521,たたらりん,,todo,16,d3e706fbc8,br=0 nl=0,1,
global:522,ただいま,我回来了,translated,13,e0fe8f456d,br=0 nl=0,1,
global:523,"ただけでは、未読のままです。

　・件名
　　　メールの件名です。　

　・チェックボックス
　　　タップすると、チェックが付きます。
　　　チェックがついたメールは、削除ボタンを押すと
　　　削除されます。

●削除ボタン
　チェックの入ったメールを削除します。","仅在一览中显示仍保持未读状态。

　・主题
　　　邮件的主题。

　・复选框
　　　轻触后打上勾选标记。
　　　打上勾选标记的邮件，按下删除按钮后
　　　将被删除。

●删除按钮
　删除打上勾选标记的邮件。",translated,375,3025941950,br=0 nl=11,2,src-lines=12; src-longest-line=25
global:524,たま,,todo,7,2c7a92a80b,br=0 nl=0,3,
global:525,たまには……あたしに触ってもいいわよ？,偶尔……摸摸我也无所谓哦？,translated,58,8a21156f07,br=0 nl=0,1,
global:526,たまには、こういうコミュニケーションも悪くないです。,偶尔像这样交流一下也不坏呢。,translated,128,d7e3b0de7a,br=0 nl=0,1,src-longest-line=26
global:527,たまにはこういうコミュニケーションもいいですね。,偶尔像这样交流一下也不错呢。,translated,128,fcacf26769,br=0 nl=0,1,
global:528,たまには甘えるのもいいものね♪,偶尔撒撒娇感觉也不错呢♪,translated,46,ebee4fd18a,br=0 nl=0,1,
global:529,だいじょうぶ、私にまかせて♪,放心吧，交给我♪,translated,43,c3d4b228a7,br=0 nl=0,1,
global:530,だいぶ元気になってきたかな～。,感觉恢复得差不多啦～,translated,46,5a6180465e,br=0 nl=0,1,
global:531,だりあ,,todo,10,aa7ba839c8,br=0 nl=0,1,
global:532,だりあちゃん,,todo,19,a7e4f58e86,br=0 nl=0,1,
global:533,だりあっちゅ,,todo,19,63ddc0679b,br=0 nl=0,1,
global:534,だりあにゃ,,todo,16,d546ee034d,br=0 nl=0,1,
global:535,だりあぱん,,todo,16,e41b533691,br=0 nl=0,1,
global:536,だりあぽん,,todo,16,74b523692e,br=0 nl=0,1,
global:537,だりあもん,,todo,16,e8f561db65,br=0 nl=0,1,
global:538,だりあら,,todo,13,e0ce341908,br=0 nl=0,1,
global:539,だんだん直ってきているわね。,渐渐修复好了呢。,translated,43,431ee6aad5,br=0 nl=0,1,
global:540,ちいさなはな,小花,translated,19,f1fc88a70b,br=0 nl=0,1,
global:541,ちぇき,,todo,10,4b3718c558,br=0 nl=0,2,
global:542,ちぇす,,todo,10,b243036387,br=0 nl=0,3,
global:543,ちぇり,,todo,10,acf9f004e1,br=0 nl=0,3,
global:544,ちゃちゃ,,todo,13,63a188836c,br=0 nl=0,2,
global:545,ちゃも,,todo,10,f89b451563,br=0 nl=0,4,
global:546,ちゃんと修復できているのかしら？,不知道有没有好好修复好呢？,translated,49,f6a4549dd9,br=0 nl=0,1,
global:547,ちゅっちゅっちゅ～♪,啾啾啾～♪,translated,31,78185d8d3f,br=0 nl=0,1,
global:548,ちょ、ちょっと力みすぎでしょうか！,是、是不是有点用力过猛了呀！,translated,52,bd10646193,br=0 nl=0,1,
global:549,ちょそ,,todo,10,cd24cb08b3,br=0 nl=0,1,
global:550,ちょっと、いつまであたしを放って置くのよ？,喂，你打算把我晾在一边到什么时候呀？,translated,64,a0b334bc3a,br=0 nl=0,1,
global:551,ちょっと、ドキドキするの。どうしてかしら。,心跳有点快呢。这是为什么呢。,translated,64,ddf1e26f43,br=0 nl=0,1,
global:552,ちょっとだけ、休ませてください。,请稍微让我休息一下。,translated,49,33d19caad1,br=0 nl=0,1,
global:553,ちょっと休憩させて、もう動けないわ……。,让我休息一下，已经动不了啦……。,translated,61,83ab0ef511,br=0 nl=0,1,
global:554,ちょっと怖いかも,可能有点害怕,translated,25,24d4c50f30,br=0 nl=0,1,
global:555,ちわ）,知和）,translated,10,c3a78068f4,br=0 nl=0,4,
global:556,ちんこ,,todo,10,70209ae7ea,br=0 nl=0,2,
global:557,ちんちん,,todo,13,110523f170,br=0 nl=0,2,
global:558,っ……って、あら？　痛くない……。,呜……哎呀？不疼……。,translated,52,b435352c61,br=0 nl=0,1,
global:559,ついにやってきました！試練編第一幕で、宮城から追い出されてしまったイオナサル様、ついにここで宮城に帰還したのです！しかしマップ曲は、そんな感無量なイオナサル様とは裏腹に、もの凄いクライマックス感を出してきています。<CR>そう、この話数では、ものすごい大事件が起きますからね。（土屋）,终于迎来了这一刻！在试练篇第一幕中被赶出皇宫的依欧娜萨鲁大人，终于在此刻回归了皇宫！然而地图曲却与感触万千的依欧娜萨鲁大人截然相反，营造出了极其强烈的最高潮氛围。<CR>没错，因为在这一幕中，将会发生极其重大的事件呢。（土屋）,translated,419,435256c6ff,<CR> br=0 nl=0,1,keep-tags <CR>; src-longest-line=142
global:560,つくも,,todo,10,b4d3ab5abe,br=0 nl=0,1,
global:561,つくもちゅん,,todo,19,a208688fa6,br=0 nl=0,1,
global:562,つくもちん,,todo,16,52920e3dc3,br=0 nl=0,1,
global:563,つくもっちゅ,,todo,19,403fd65abf,br=0 nl=0,1,
global:564,つばめ,,todo,10,63cc1229aa,br=0 nl=0,1,
global:565,つばめしゃん,,todo,19,dbdd9e3e52,br=0 nl=0,2,
global:566,つばめっちゅ,,todo,19,1dc393af08,br=0 nl=0,1,
global:567,つぶやき,碎碎念,translated,13,5da1fa308c,br=0 nl=0,1,
global:568,つまらない,,todo,16,b2e4d02fab,br=0 nl=0,1,
global:569,つまんね,,todo,13,bd68440fb5,br=0 nl=0,1,
global:570,つらい中での修復、悪くないわ♪,在艰苦中修复，感觉也不坏呢♪,translated,46,8a45b03bdc,br=0 nl=0,1,
global:571,つんぼ,,todo,10,aab7fad6f7,br=0 nl=0,1,
global:572,てーる,,todo,10,9a5c0efa6a,br=0 nl=0,1,
global:573,てーるちゃん,,todo,19,1ce38a2485,br=0 nl=0,1,
global:574,てーるっぺ,,todo,16,18e97840ab,br=0 nl=0,1,
global:575,てーるりん,,todo,16,9166619eb7,br=0 nl=0,1,
global:576,"です。
　　　※廃墟修復中、LPは５分で１減少します。

　・修復力
　　　LPを１ポイント消費した時に増える、
　　　廃墟の修復ポイントです。

　・指導力
　　　廃墟修復を担当する時、
　　　一緒に連れていけるシャールの数です。","点。
　　　※废墟修复中，LP每5分钟减少1点。

　・修复力
　　　消耗1点LP时所增加的，
　　　废墟修复点数。

　・指导力
　　　负责废墟修复时，
　　　可以一同带去的夏尔数量。",translated,323,dbc6c92a5a,br=0 nl=9,1,src-lines=10
global:577,ですが。<CR>（土屋）,就是了。<CR>（土屋）,translated,1337,c80cc8d169,<CR> br=0 nl=0,1,keep-tags <CR>
global:578,とあるイベントの専用曲です。卓って響きがカッチョイイですよね。<CR>円卓とか。中二心が疼きます。（柳川）,某特定事件的专用曲。“卓”这个字眼念起来很帅气对吧。<CR>比如圆桌之类的。让人中二之魂蠢蠢欲动。（柳川）,translated,152,d0346160bb,<CR> br=0 nl=0,1,keep-tags <CR>; src-longest-line=53
global:579,とある参考曲を渡されて制作。もしかしたら、分かる方もいらっしゃるかも？バイオリンは壷井さん、ブズーキはＤａｎｉさんです。彩り豊かなフィールドなので、色んな楽器を詰め込んでみました。（柳川）,参考了交给我的某首参考曲而制作。说不定也有人能听得出来？小提琴由壷井先生演奏，布祖基琴由Dani先生演奏。因为是色彩丰富的原野，所以塞入了各种各样的乐器。（柳川）,translated,283,80cfc427e4,br=0 nl=0,1,src-longest-line=94
global:580,とても情緒的でかつ、副交感神経全開な感じのドラマが想像できる音楽です。この曲の開発コード名は「LOVE_A」なのですが、まさにお互いの絆を確かめ合って、固く契りを交わしている様が想像できます。ああ、プロポーズの時とかにも使えそうですよね。この曲かけてプロポーズしたら、OKもらえそうです。<CR>そういえば、人生の一大事の瞬間にBGMを使うと成功率が上がるという話。BGMに言葉が乗せられるからです。心理学的に見ても本当のことですよとはいえそれ以前にBGMをかけること自体がふざけてると思われたらアウトですが。<CR>（土屋）,这首音乐十分富有充沛的情感，并且能让人联想到副交感神经全开般的剧情场景。这首曲子的开发代号叫“LOVE_A”，让人真切地想象出彼此确认羁绊、许下坚定誓约的模样。啊啊，感觉也很适合用在求婚等场合呢。放着这首曲子求婚的话，感觉肯定能得到同意。<CR>说起来，有种说法是在人生重大关头放BGM能提升成功率。因为话语能够乘着BGM传递出去。从心理学角度来看也是真事哦。虽说如此，但在那之前如果放BGM这事本身被觉得是在开玩笑那就彻底出局了。<CR>（土屋）,translated,2048,a4bae1868b,<CR> <CR> br=0 nl=0,1,keep-tags <CR>; src-longest-line=263
global:581,とても短い曲ですが、すごく雰囲気が出る曲でもあり、イベントを作っているとついつい使ってしまうんですよね。一時期イベントスクリプターから上がってきたデータをチェックすると、どこもかしこもこの曲が使われていて「使いすぎじゃー！」とリテイクしたことがありました。まあ、確かにどんな場所にも使えてしまう、うま味調味料みたいな曲ではありますね。皆さんも是非、日常生活で有効活用してみてください。（土屋）,虽然是非常短的曲子，却也格外有氛围，制作事件时总会忍不住用上呢。有一阵子检查事件脚本作者提交上来的数据时，发现到处都在用这首曲子，我还曾打回去重做并吐槽“用得太泛滥了吧！”。不过，确实是一首放在哪里都能搭、像味精一样的曲子呢。大家也请务必在日常生活中试着有效活用一下。（土屋）,translated,589,611cdc1294,br=0 nl=0,1,src-longest-line=196
global:582,ともだちアタッチ,好友依附,translated,25,00d8def8e4,br=0 nl=0,1,
global:583,どうして、そんなに触ってくれるの…？,为什么……要这么摸我呢……？,translated,55,58f4227ebc,br=0 nl=0,1,
global:584,どうしてもって言うなら、頭を撫でてもいいわよっ！,要是你非要这样的话，让你摸摸头也不是不行啦！,translated,73,b961265eda,br=0 nl=0,1,
global:585,どうしてもって頼むなら、が、がんばってあげる。,要是你非要求我的话，我、我就努力一下吧。,translated,70,4ca67e84c2,br=0 nl=0,1,
global:586,どうせ、私には何もできやしないわ。,反正，我也什么都做不了嘛。,translated,52,9b2904d23a,br=0 nl=0,1,
global:587,どうせすぐ、体力なんて無くなってしまうわ。,反正很快，体力就会消耗光的啦。,translated,64,ec56532b95,br=0 nl=0,1,
global:588,どう？　どう？　わたしかわいい？,怎么样？　怎么样？　我可爱吗？,translated,49,237d65af7e,br=0 nl=0,1,
global:589,どこでもいいからタッチしてみて,随便碰碰哪里都可以试试看,translated,64,dfa0d55fb7,br=0 nl=0,1,
global:590,どこでもいいからナデてみて,随便摸摸哪里都可以试试看,translated,64,f4b4a6a9a2,br=0 nl=0,1,
global:591,どこでも良いからイオンの体をタッチしてみて♪　どんな反応をするのか楽しみだわ。,随便碰碰依恩身体的哪里试试看吧♪　真期待她会有什么反应呢。,translated,128,dec7ab2c69,br=0 nl=0,1,src-longest-line=39
global:592,どことなく牧歌的で、暖かくも寂しい曲。西洋の農家の暖炉の前で、おばあちゃんとお話した小さい頃の思い出を思い出しますね。もちろん、家には暖炉なんてありませんでしたが。（土屋）,隐约带着几分田园牧歌风情，既温暖又略带寂寥的曲子。让人回想起小时候在西洋农家的壁炉前和奶奶聊天的回忆呢。当然，我家根本就没有壁炉就是了。（土屋）,translated,259,8d65fb6a41,br=0 nl=0,1,src-longest-line=86
global:593,どをタップ,点击等,translated,16,83473f8bae,br=0 nl=0,17,
global:594,どんどんシーンが変わっていくオールマイティな曲です。全体的にアーバン限定ですが。最初のうちは洗練された大企業の受付（天井は18階まで吹き抜け）にいるような気分ですが、途中で突然サイバーパンクな下町に突き落とされてストリートファイトなんかをやらされている気分になり、その後怪しいハイテク研究室に連れて行かれたりして、痛くありませんよ～とか言われながら注射されるのを観念して受け入れるみたいな！<CR>何言ってるのか全く分かりませんね…。（土屋）,这是一首场景不断变换的全能型曲子。虽然整体局限于都市风格。一开始让人感觉仿佛置身于大企业干练洗练的接待大厅（层高直通18楼的挑空大堂），中途却突然被甩进赛博朋克风的老街不得不打起街头斗殴，随后又被带进可疑的高科技实验室，被迫接受一边被安慰着“一点都不痛哦～”一边被打针之类的感觉！<CR>完全不知道在说些什么呢……。（土屋）,translated,652,c81aa2200d,<CR> br=0 nl=0,1,keep-tags <CR>; src-longest-line=221
global:595,どんなに壊れていても、直しちゃうよ～,不管坏得有多严重，我都能修好哦～,translated,55,eca4ceacc9,br=0 nl=0,1,
global:596,な、何かミスしちゃいましたか？,是、是我犯了什么错吗？,translated,46,0c0b80fe47,br=0 nl=0,1,
global:597,な、何か怒られるのかしら？,是、是要挨训了吗？,translated,40,63b25cd849,br=0 nl=0,1,
global:598,な、何よ？　疲れてなんかいないんだからね！,干、干嘛啦？　人家才没有觉得累呢！,translated,64,be2c78d49b,br=0 nl=0,1,
global:599,なぁに？　ご機嫌取りのつもり？,怎么？　想讨我的欢心吗？,translated,46,6698fd9ad9,br=0 nl=0,1,
global:600,なかなか楽しませてくれるわね,挺能让我开心的嘛,translated,43,e0ba705b10,br=0 nl=0,1,
global:601,なでなでなでり～～♪,摸摸～摸摸摸～～♪,translated,31,6106fce1ed,br=0 nl=0,1,
global:602,なにかっぷ,,todo,16,edfa31047d,br=0 nl=0,1,
global:603,なにかっぷーション,,todo,65,e3b27482a8,br=0 nl=0,1,
global:604,なはな,小花,translated,10,86413a014a,br=0 nl=0,1,
global:605,なんか、くすぐったいよぅ……。,总觉得，好痒呀……。,translated,46,4f4910991a,br=0 nl=0,1,
global:606,なんか、心がぽかぽかするね～。,总觉得，心里暖洋洋的呢～,translated,46,d643bf7a6e,br=0 nl=0,1,
global:607,なんかこう、遺跡とかを彷徨っているときの音楽にも聞こえるし、夕暮れ時のハダカ電球の街灯の下で明日の飯の心配をしながら帰路につくオヤジの姿も想像出来ます。<CR>いや、他の人には別の風景が見えるかも知れません。そう考えるとなんだか音楽ってロールシャッハテストみたいですね。もしかしたら、音楽を聴いて思い浮かべたもので貴方の今の欲求が分かっちゃったりするかもしれません！<CR>しかし、夕暮れオヤジは何を意味するのだろう。ああ！　晩年の自分の姿かも！　…とほほ。<CR>（土屋）,总觉得这首曲子既像在遗迹之类地方彷徨时的音乐，也能让人联想到黄昏时分在白炽灯泡路灯下为明天的生计发愁而踏上归途的大叔身影。<CR>不，或许其他人能看到别样的风景。这么一想，音乐总让人感觉像罗夏墨迹测验呢。说不定，听着音乐脑海中浮现出的景象能反映出你当下的欲望呢！<CR>不过，黄昏大叔到底意味着什么呢。啊！说不定是我晚年时的模样！……呜呼哀哉。<CR>（土屋）,translated,688,5a9c4f0239,<CR> <CR> <CR> br=0 nl=0,1,keep-tags <CR>; src-longest-line=237
global:608,なんだか、元気が沸いてこないかも。,总觉得，提不起精神来呢。,translated,52,5a3fda14b8,br=0 nl=0,1,
global:609,なんだか好きになっちゃいそうです……。,总觉得好像要喜欢上你了……。,translated,58,314368bf34,br=0 nl=0,1,
global:610,なんて言っておきながら,话虽如此,translated,34,cc85f7793b,br=0 nl=0,1,
global:611,な響きを感じませんか？（志方）,的韵味吗？（志方）,translated,1369,21083c445b,br=0 nl=0,5,
global:612,にけ,,todo,7,f521bd9859,br=0 nl=0,2,
global:613,にっくる,,todo,13,8e667acd65,br=0 nl=0,2,
global:614,にゃにゃ！にゃにゃ～,喵喵！喵喵～,translated,31,3d442a26c3,br=0 nl=0,1,
global:615,にゃるる,,todo,13,3323877028,br=0 nl=0,2,
global:616,にゃんにゃんにゃーん♪,喵喵喵～♪,translated,34,f09c000549,br=0 nl=0,1,
global:617,にゅろりすとらんど,喵洛美食乐园,translated,32,196d68a7d2,br=0 nl=0,1,
global:618,にーの,,todo,10,04141b710f,br=0 nl=0,1,
global:619,にーのたん,,todo,16,01811c767f,br=0 nl=0,1,
global:620,にーのちゃん,,todo,19,7571788ff5,br=0 nl=0,1,
global:621,にーのっちゃ,,todo,19,ff284d022e,br=0 nl=0,1,
global:622,にーのっちょ,,todo,19,47e836cd08,br=0 nl=0,1,
global:623,ぬくもり,温暖,translated,13,78ebc509ca,br=0 nl=0,1,
global:624,ね。どういう心理効果なのでしょうか。（土屋）,呢。这是什么心理效应呢。（土屋）,translated,67,36250f965d,br=0 nl=0,34,
global:625,ねえ、あたし今、ヒマなんだけどな～？,呐，我现在很闲呢～？,translated,55,81ca50684a,br=0 nl=0,1,
global:626,ねえ、いっしょに楽しいことしなぁい？,呐，要不要一起做点开心的事呢？,translated,55,3360bf8492,br=0 nl=0,1,
global:627,ねえねえ、アタシの活躍見てた？,喂喂，看到人家的精彩表现了吗？,translated,46,4478967ded,br=0 nl=0,1,
global:628,ねえねえ、修復するの見てたー？,喂喂，看到我修复的样子了吗～？,translated,46,c19250e307,br=0 nl=0,1,
global:629,ねえねえ、私のことポンポンって触って♪,喂喂，轻轻拍拍人家嘛♪,translated,58,d639519730,br=0 nl=0,1,
global:630,ねね,,todo,7,6069abdcd9,br=0 nl=0,1,
global:631,ねねっちょ,,todo,16,fc8e8d9859,br=0 nl=0,1,
global:632,ねねのあ,,todo,13,ed9c9db332,br=0 nl=0,1,
global:633,ねねぱん,,todo,13,b6bea58b9d,br=0 nl=0,1,
global:634,ねねら,,todo,10,3a47c57aa3,br=0 nl=0,1,
global:635,ねるん,,todo,10,24496d1e19,br=0 nl=0,1,
global:636,ねるんこ,,todo,13,24142d1a62,br=0 nl=0,1,
global:637,ねるんしゃん,,todo,19,00b99f6285,br=0 nl=0,1,
global:638,ねるんっぺ,,todo,16,abdfdf3612,br=0 nl=0,2,
global:639,ねるんにゃ,,todo,16,e3aa2804cd,br=0 nl=0,2,
global:640,ねるんぱん,,todo,16,1f671736be,br=0 nl=0,2,
global:641,ねるんりん,,todo,16,ded266aa36,br=0 nl=0,1,
global:642,ねー、もう疲れた～。,哎～已经累坏了啦～。,translated,31,688673cd9f,br=0 nl=0,1,
global:643,ねー、チョーヒマなんですけどー？,喂～我可是超级闲的耶～？,translated,49,b425eb2922,br=0 nl=0,1,
global:644,ねー、肩揉んでよー？,喂～帮我捏捏肩膀嘛？,translated,31,bb0063dd0f,br=0 nl=0,1,
global:645,ねー、退屈だから何か遊ぶもの無い？,呐～好无聊啊，有什么好玩的吗？,translated,52,c58ffc5d27,br=0 nl=0,1,
global:646,のだろう。ああ！　晩年の自分の姿かも！　…とほほ。<CR>（土屋）,吧。啊！说不定是我晚年的模样！……呜呼。<CR>（土屋）,translated,92,1ff57e7ce3,<CR> br=0 nl=0,1,keep-tags <CR>; src-longest-line=33
global:647,のばら,,todo,10,f5b3174b10,br=0 nl=0,1,
global:648,のばらちん,,todo,16,ca39a9f51b,br=0 nl=0,1,
global:649,のばらっぺ,,todo,16,ce83b09061,br=0 nl=0,1,
global:650,のばらの,,todo,13,3b1ff74857,br=0 nl=0,1,
global:651,のばらのあ,,todo,16,56ab08da0c,br=0 nl=0,1,
global:652,のばらぱん,,todo,16,3f29c9d125,br=0 nl=0,2,
global:653,のばらもん,,todo,16,efd097fe43,br=0 nl=0,1,
global:654,のばらら,,todo,13,975afd8ad6,br=0 nl=0,1,
global:655,のんびりリラックスした場面用。Ｄａｎｉさんのアコースティックギターの柔らかな演奏がすばらしい！自分でもリラックスしたい時に聴いているくらいお気に入りの曲です。（あちわ）,用于悠闲放松的场景。Dani先生的原声吉他演奏得非常柔和美妙！是我在自己想要放松时也会拿来听的爱曲。（あちわ）,translated,253,32b61377c0,br=0 nl=0,1,src-longest-line=84
global:656,のソロ演奏ではポルタメントを多用して演奏してもらったりしています。<CR>良かったらヴァイオリンの音色に耳を傾けて見て下さい。ちょっと二胡的なオリエンタルな響きを感じませんか？（志方）,的独奏中多次运用了滑音技巧进行演奏。<CR>如果可以的话请倾听一下小提琴的音色。不觉得带有一点二胡般的东方韵味吗？（志方）,translated,1592,3c2931d26b,<CR> br=0 nl=0,1,keep-tags <CR>; src-longest-line=92
global:657,のーてんき,乐天派,translated,32,f92c050cb4,br=0 nl=0,315,
global:658,のーぶら,,todo,13,2a8692cccb,br=0 nl=0,1,
global:659,のーぶらオーション,,todo,65,a5f25ed22f,br=0 nl=0,1,
global:660,"の巣
　シャール（モデル）

を選択","之巢
　夏尔（模型）

请选择",translated,49,5c59010d3d,br=0 nl=3,1,src-lines=4
global:661,"の音楽を変更

を選択","更改音乐

请选择",translated,30,7923bcb2e0,br=0 nl=2,1,
global:662,はぁ……いっぱい汗かいちゃった♪,哈啊……流了好多汗呢♪,translated,49,568d409e62,br=0 nl=0,1,
global:663,はあ、ちょっと疲れたから休憩するわ。,哈啊，有点累了，我休息一下哦。,translated,55,2b5025d4f4,br=0 nl=0,1,
global:664,はい、どんなご用でしょうか？,在，请问有什么事吗？,translated,43,d2552b8b33,br=0 nl=0,1,
global:665,はい。何か用事ですか？,在。有什么事吗？,translated,34,8501b08e22,br=0 nl=0,1,
global:666,はいはい、どんどんやっちゃうよー。,好嘞好嘞，看我一口气干完～,translated,52,c37b234737,br=0 nl=0,1,
global:667,はじまりの道標,初启之路标,translated,22,a757e97775,br=0 nl=0,1,
global:668,はなはな,,todo,13,3fdb47d90e,br=0 nl=0,1,
global:669,はなはなちん,,todo,19,bc7644d021,br=0 nl=0,1,
global:670,はなはなっちゃ,,todo,22,ffa1aaf044,br=0 nl=0,1,
global:671,はなはなの,,todo,16,80c99a09b0,br=0 nl=0,1,
global:672,はなはなぱん,,todo,19,9213d8483e,br=0 nl=0,1,
global:673,はなはなりん,,todo,19,e83b42870e,br=0 nl=0,1,
global:674,はやて,,todo,10,e45330a11b,br=0 nl=0,1,
global:675,はやてたん,,todo,16,49806f7a88,br=0 nl=0,1,
global:676,はやてっちゃ,,todo,19,fc6a928dea,br=0 nl=0,1,
global:677,はやてっちょ,,todo,19,223d6c6a43,br=0 nl=0,1,
global:678,はやてっぺ,,todo,16,27bc253612,br=0 nl=0,1,
global:679,はやての,,todo,13,561c535167,br=0 nl=0,1,
global:680,はやてぱん,,todo,16,f4bf310a51,br=0 nl=0,1,
global:681,はやてぽん,,todo,16,36994bf647,br=0 nl=0,1,
global:682,はーい、私に何か用事かな？,来啦，找我有什么事吗？,translated,40,bd26b7e6f2,br=0 nl=0,1,
global:683,ば、ばかっ……そんなに触られたら、あたし……,笨、笨蛋……被你这么摸的话，人家……,translated,67,dd56345b5d,br=0 nl=0,1,
global:684,ばいこくた,,todo,16,a3fc8312c9,br=0 nl=0,1,
global:685,ばか,,todo,7,40286f0e50,br=0 nl=0,1,
global:686,ばかティぷーション,,todo,65,f6e4ae1655,br=0 nl=0,1,
global:687,ばーか,,todo,10,3352e4d0ac,br=0 nl=0,1,
global:688,ばーかおぷーション,,todo,65,1cdda28534,br=0 nl=0,1,
global:689,ばーじん,,todo,13,c1647a25d4,br=0 nl=0,1,
global:690,ばーじんオーション,,todo,65,25efbb4aa0,br=0 nl=0,1,
global:691,ぱおん,,todo,10,734fa4950d,br=0 nl=0,1,
global:692,ぱおんしゃん,,todo,19,1f6a43f3b2,br=0 nl=0,2,
global:693,ぱおんぱん,,todo,16,b118f95b16,br=0 nl=0,1,
global:694,ぱおんりん,,todo,16,f34cca8e78,br=0 nl=0,1,
global:695,ぱこ,,todo,7,9afe5a45bc,br=0 nl=0,2,
global:696,ぱんちら,,todo,13,9056d79db2,br=0 nl=0,1,
global:697,ぱんちらオーション,,todo,65,d685a0b70c,br=0 nl=0,1,
global:698,ひさしぶり……？,好久不见……？,translated,25,5d1df7744c,br=0 nl=0,1,
global:699,ひじり,,todo,10,94a987c310,br=0 nl=0,1,
global:700,ひじりしゃん,,todo,19,5687a4e202,br=0 nl=0,1,
global:701,ひじりちゅ,,todo,16,a02af1d418,br=0 nl=0,1,
global:702,ひじりちゅん,,todo,19,843e43cfb4,br=0 nl=0,1,
global:703,ひじりちん,,todo,16,ca2153c822,br=0 nl=0,1,
global:704,ひじりっちゅ,,todo,19,1ad612d12d,br=0 nl=0,1,
global:705,ひじりのあ,,todo,16,a3ebef5e85,br=0 nl=0,1,
global:706,ひじりぱん,,todo,16,2dfc33ba68,br=0 nl=0,1,
global:707,ひじりぽん,,todo,16,e6e27d5e28,br=0 nl=0,1,
global:708,ひっこめ,,todo,13,79e709d3a9,br=0 nl=0,1,
global:709,ひまわり,,todo,13,e6576a6c76,br=0 nl=0,1,
global:710,ひまわりちゅ,,todo,19,89a3d34a6a,br=0 nl=0,1,
global:711,ひまわりちゅん,,todo,22,18cea4df0d,br=0 nl=0,1,
global:712,ひまわりっちゃ,,todo,22,f69bd700e0,br=0 nl=0,1,
global:713,ひまわりっちゅ,,todo,22,c6271dd69b,br=0 nl=0,1,
global:714,ひまわりっちょ,,todo,22,52d226a410,br=0 nl=0,1,
global:715,ひまわりの,,todo,16,3fa1f635d8,br=0 nl=0,1,
global:716,ひまわりもん,,todo,19,e9fb94cfe3,br=0 nl=0,1,
global:717,びっこ,,todo,10,24f42bd883,br=0 nl=0,1,
global:718,びり昼寝してみたいですね！（志方）,悠闲地睡个午觉呢！（志方）,translated,52,767639aa8f,br=0 nl=0,3,
global:719,びーちく,,todo,13,241be69fb8,br=0 nl=0,1,
global:720,びーちくぷーション,,todo,65,fc061e5c96,br=0 nl=0,1,
global:721,ぴこ,,todo,7,a7ecc3f2be,br=0 nl=0,2,
global:722,ぴろ,,todo,7,266b5af9eb,br=0 nl=0,1,
global:723,ぴろしゃん,,todo,16,59cfd96cdf,br=0 nl=0,2,
global:724,ぴろたん,,todo,13,5665d5ec9e,br=0 nl=0,1,
global:725,ぴろちゃん,,todo,16,282ba985dc,br=0 nl=0,1,
global:726,ぴろっちゃ,,todo,16,844671455a,br=0 nl=0,1,
global:727,ぴろっちょ,,todo,16,d7e9dfcbb1,br=0 nl=0,1,
global:728,ぴろの,,todo,10,8510b3c146,br=0 nl=0,1,
global:729,ぴろぱん,,todo,13,a66cdf2e32,br=0 nl=0,1,
global:730,ぴろぽん,,todo,13,96050bdefa,br=0 nl=0,1,
global:731,ふぃーる,,todo,13,a74407b8e1,br=0 nl=0,2,
global:732,ふう、ちゃんとあたしに感謝しなさいよ？,呼，可要好好感谢我哦？,translated,58,5d5677743a,br=0 nl=0,1,
global:733,ふぇあ,,todo,10,9bc4ecf0bd,br=0 nl=0,2,
global:734,ふぇら,,todo,10,af51a6c4fd,br=0 nl=0,1,
global:735,ふぇるま,,todo,13,fbab066959,br=0 nl=0,2,
global:736,ふぇろん,,todo,13,afd4567fb8,br=0 nl=0,5,
global:737,ふしぎなパレード,奇妙游行,translated,25,06cc841a6f,br=0 nl=0,1,
global:738,ふふっ、嬉しいです。,呵呵，好开心。,translated,31,1fe57db71a,br=0 nl=0,1,
global:739,ふふっ、待ってたわ♪,呵呵，等你好久了♪,translated,31,90188cc688,br=0 nl=0,1,
global:740,ふふふっ、癖になっちゃいそう♪,呵呵呵，感觉要上瘾了呢♪,translated,46,62fd4d65cf,br=0 nl=0,1,
global:741,ふふん、あたしに掛かればこんなものね♪,哼哼，只要我一出手，小菜一碟啦♪,translated,58,b4d0e7f2f5,br=0 nl=0,1,
global:742,ふふ～ん、こういうのも悪くないわね。,哼哼～这样感觉也不错呢。,translated,55,b1a61dab95,br=0 nl=0,1,
global:743,ふらふらで動けないです……。,头晕目眩动不了了……。,translated,43,b39641d716,br=0 nl=0,1,
global:744,ふらわーる,,todo,16,f88c264568,br=0 nl=0,1,
global:745,ふらわーるこ,,todo,19,c39bd36413,br=0 nl=0,1,
global:746,ふらわーるしゃん,,todo,32,1db8b87cdf,br=0 nl=0,1,
global:747,ふらわーるっちょ,,todo,32,16df69c0c3,br=0 nl=0,1,
global:748,ふらわーるっぺ,,todo,22,99cb9b233a,br=0 nl=0,1,
global:749,ふらわーるぱん,,todo,22,17b6b9d765,br=0 nl=0,1,
global:750,ふらわーるもん,,todo,22,e721b752af,br=0 nl=0,1,
global:751,ふらわーるりん,,todo,22,2040b022ba,br=0 nl=0,1,
global:752,ふりる,,todo,10,9ffbecc8db,br=0 nl=0,1,
global:753,ふりるこ,,todo,13,86794909a0,br=0 nl=0,1,
global:754,ふりるたん,,todo,16,408267ea12,br=0 nl=0,1,
global:755,ふりるちゃん,,todo,19,515824d656,br=0 nl=0,1,
global:756,ふりるちん,,todo,16,56eb6f8871,br=0 nl=0,1,
global:757,ふりるっちゃ,,todo,19,33beefa5df,br=0 nl=0,1,
global:758,ふりるにゃ,,todo,16,c721e85c9f,br=0 nl=0,1,
global:759,ふりるもん,,todo,16,a7aedf1b59,br=0 nl=0,2,
global:760,ふりるら,,todo,13,701ee9c44f,br=0 nl=0,1,
global:761,ふりー,,todo,10,948a031d61,br=0 nl=0,1,
global:762,ふりーたん,,todo,16,6e30405dab,br=0 nl=0,1,
global:763,ふりーちゃん,,todo,19,4e226c5e3c,br=0 nl=0,1,
global:764,ふりーっちゃ,,todo,19,82c06e7aad,br=0 nl=0,1,
global:765,ふりーにゃ,,todo,16,5e856ec7f9,br=0 nl=0,1,
global:766,ふりーの,,todo,13,68360957bd,br=0 nl=0,1,
global:767,ふりーら,,todo,13,bc361ec9ac,br=0 nl=0,1,
global:768,ふりーりん,,todo,16,6bff2c72c9,br=0 nl=0,1,
global:769,ふるる,,todo,10,d297664831,br=0 nl=0,1,
global:770,ふるるちゃん,,todo,19,0dbc94828a,br=0 nl=0,1,
global:771,ふるるちゅ,,todo,16,d9b04b54b1,br=0 nl=0,2,
global:772,ふるるちゅん,,todo,19,055eacf6a7,br=0 nl=0,1,
global:773,ふるるのあ,,todo,16,6d7b992338,br=0 nl=0,1,
global:774,ふるるもん,,todo,16,de20d64c37,br=0 nl=0,1,
global:775,ふるるりん,,todo,16,b8090b34eb,br=0 nl=0,1,
global:776,ふろあ,,todo,10,278ca30560,br=0 nl=0,2,
global:777,ふろあのあ,,todo,16,1557cbb27d,br=0 nl=0,1,
global:778,ふろす,,todo,10,ca1fa7e2cd,br=0 nl=0,1,
global:779,ふろすちゅん,,todo,19,3b1072b585,br=0 nl=0,1,
global:780,ふろすの,,todo,13,c433766d8d,br=0 nl=0,1,
global:781,ふろすぽん,,todo,16,545388995e,br=0 nl=0,1,
global:782,ふろー,,todo,10,188d4ead96,br=0 nl=0,1,
global:783,ふろーこ,,todo,13,62ad4799d4,br=0 nl=0,2,
global:784,ふろーしゃん,,todo,19,897db7dabf,br=0 nl=0,1,
global:785,ふろーちゃん,,todo,19,1a43e93594,br=0 nl=0,1,
global:786,ふろーちゅん,,todo,19,f80b08d8c1,br=0 nl=0,1,
global:787,ふろーっぺ,,todo,16,93fb5c7fb6,br=0 nl=0,1,
global:788,ふろーにゃ,,todo,16,2f1d8c6121,br=0 nl=0,1,
global:789,ふろーりん,,todo,16,94cc08c386,br=0 nl=0,1,
global:790,ふーん、そういう気の利かせ方もできるのね。,哼～你还挺懂得照顾人的嘛。,translated,64,26a4baec18,br=0 nl=0,1,
global:791,ふ～ん、悪くないわね。けど、あんまりジロジロ見ないでよ？,哼～感觉还不赖嘛。不过，别一直盯着我看啦？,translated,128,97db132d53,br=0 nl=0,1,src-longest-line=28
global:792,ぶさいく,,todo,13,6cf7959e37,br=0 nl=0,1,
global:793,ぷりん,,todo,10,16ab37c29d,br=0 nl=0,1,
global:794,ぷりんこ,,todo,13,9e7535c0ef,br=0 nl=0,1,
global:795,ぷりんちゃん,,todo,19,e6ceca6219,br=0 nl=0,1,
global:796,ぷりんちゅ,,todo,16,9df637273a,br=0 nl=0,1,
global:797,ぷりんっちゅ,,todo,19,9486faa5d2,br=0 nl=0,2,
global:798,ぷりんっちょ,,todo,19,bb5d69e7c8,br=0 nl=0,1,
global:799,ぷりんぽん,,todo,16,6fbd1dfba7,br=0 nl=0,1,
global:800,ぷりんら,,todo,13,d595c86a12,br=0 nl=0,1,
global:801,べ、別に呼ばれてもうれしくないんだからねっ！,才、才没有因为你叫我就感到开心呢！,translated,67,b44d70c35e,br=0 nl=0,1,
global:802,べっ、　別に楽しくなんかないんだからね！,才、　才没有觉得开心呢！,translated,61,a6614223cb,br=0 nl=0,1,
global:803,ぺた,,todo,7,079ecb804c,br=0 nl=0,3,
global:804,ほのかの。ほのぼの枠。リコーダーで和みましょ（柳川）,微温。温馨日常曲。听着竖笛放松一下吧（柳川）,translated,79,28e1a27901,br=0 nl=0,1,src-longest-line=26
global:805,ぽっぺけぺ～？,噗佩克佩～？,translated,22,0e9bc7567d,br=0 nl=0,1,
global:806,ぽんぽこ,,todo,13,1a24b3ebdd,br=0 nl=0,1,
global:807,ぽんぽこっちゃ,,todo,22,e6deb6e014,br=0 nl=0,1,
global:808,ぽんぽこっちゅ,,todo,22,3b9b3c8f36,br=0 nl=0,1,
global:809,ぽんぽこっぺ,,todo,19,ed8052ac87,br=0 nl=0,1,
global:810,ぽんぽこぱん,,todo,19,d2deeee677,br=0 nl=0,1,
global:811,ま○こ,,todo,10,fbc6423e3b,br=0 nl=0,1,
global:812,まあ、このぐらいの活躍は当然よ。,嘛，这点表现是理所当然的啦。,translated,49,404b173a73,br=0 nl=0,1,
global:813,まかろん,,todo,13,797d9cd616,br=0 nl=0,1,
global:814,まかろんのあ,,todo,19,85e48f1c54,br=0 nl=0,1,
global:815,まかろんぽん,,todo,19,ca43f367a2,br=0 nl=0,2,
global:816,まさに、お手々繋いで遊びに行きましょ♪的な音楽です。この曲を聴いていると、なぜか「もきゅっ、もきゅっ」という謎の足音を立てて歩く擬人化犬が脳内に登場します（完全なオリキャラなので、市場に出回っているキャラを詮索しても無駄ですよ）。<CR>ほら、何となく、公共放送が子供向け教育番組で使いそうな曲じゃないですか。「もきゅっ！もきゅっ！いえーい、うーくんだよ♪　今日もじぇのむのじかん、張り切っていこーっ！」…あれ？<CR>（土屋）,正可谓是“手牵着手一起去玩吧♪”风格的音乐。听着这首曲子，不知为何脑海中会浮现出一只伴随着“啾啾、啾啾”神秘脚步声走动的拟人化小狗（完全是原创角色，在市面上查也没用哦）。<CR>你看，总觉得就像公共电视台少儿教育节目里会用的曲子吧。“啾啾！啾啾！耶～我是呜君哦♪　今天也是杰诺姆时间，大家一起加油吧～！”……咦？<CR>（土屋）,translated,627,4adbf82dc9,<CR> <CR> br=0 nl=0,1,keep-tags <CR>; src-longest-line=214
global:817,またお願いね。これが最後なんてイヤよ？,下次也要拜托你了哦。可别是最后一次呀？,translated,58,12187808c9,br=0 nl=0,1,
global:818,まだまだ、あたしはもっとやれるわ。,还差得远呢，我还能做更多。,translated,52,2cd48c5214,br=0 nl=0,1,
global:819,まだまだ元気いっぱいだよっ♪,我还是充满精神的哦♪,translated,43,3d2bb8bd15,br=0 nl=0,1,
global:820,まっ赤な花,火红之花,translated,16,1a5c954f84,br=0 nl=0,1,
global:821,まま,,todo,7,5306bf9970,br=0 nl=0,1,
global:822,ままたん,,todo,13,dbeff8d39b,br=0 nl=0,1,
global:823,ままちゅ,,todo,13,836ccf7fdb,br=0 nl=0,2,
global:824,ままのあ,,todo,13,5e5d1af87d,br=0 nl=0,1,
global:825,ままぱん,,todo,13,93f658046b,br=0 nl=0,1,
global:826,まりも,,todo,10,4c12a50eef,br=0 nl=0,1,
global:827,まりもっちゅ,,todo,19,bd90319659,br=0 nl=0,1,
global:828,まりもっぺ,,todo,16,293c9efd2c,br=0 nl=0,1,
global:829,まりももん,,todo,16,e2684948a2,br=0 nl=0,1,
global:830,まりもりん,,todo,16,0833840bf0,br=0 nl=0,1,
global:831,まんこ,,todo,10,bf8a1a2215,br=0 nl=0,1,
global:832,みう,,todo,7,f2d1cff8a9,br=0 nl=0,1,
global:833,みうちゃん,,todo,16,7879afe467,br=0 nl=0,1,
global:834,みうちゅん,,todo,16,f15012e26e,br=0 nl=0,1,
global:835,みうちん,,todo,13,1bc6f56f43,br=0 nl=0,1,
global:836,みうの,,todo,10,ed30c60ee4,br=0 nl=0,1,
global:837,みうぽん,,todo,13,4ab69afae6,br=0 nl=0,1,
global:838,みお,,todo,7,709faa2b65,br=0 nl=0,2,
global:839,みおちゃん,,todo,32,60f1b8d947,br=0 nl=0,1,
global:840,みおちゅん,,todo,16,5ff948f139,br=0 nl=0,1,
global:841,みおにゃ,,todo,13,66e30e6e60,br=0 nl=0,1,
global:842,みおもん,,todo,13,50cfe1a16e,br=0 nl=0,1,
global:843,みさき,海角,translated,10,4cce894053,br=0 nl=0,3,
global:844,みさきの,,todo,13,a8abf517d6,br=0 nl=0,1,
global:845,みさきのあ,,todo,16,00ac0862d4,br=0 nl=0,1,
global:846,みさきぽん,,todo,16,e73563d9ba,br=0 nl=0,1,
global:847,みずほ,,todo,10,f163a65d95,br=0 nl=0,1,
global:848,みずほしゃん,,todo,19,385bffa591,br=0 nl=0,1,
global:849,みずほちゅん,,todo,19,1f6dcd6065,br=0 nl=0,1,
global:850,みずほっちゅ,,todo,19,2e03cef96a,br=0 nl=0,1,
global:851,みずほっちょ,,todo,19,7d031c3732,br=0 nl=0,1,
global:852,みずほっぺ,,todo,16,64687e9070,br=0 nl=0,1,
global:853,みずほぱん,,todo,16,4111e3dd5c,br=0 nl=0,1,
global:854,みつき,,todo,10,aed7cecece,br=0 nl=0,1,
global:855,みつきこ,,todo,13,582806c3c4,br=0 nl=0,1,
global:856,みつきたん,,todo,16,10d0f57162,br=0 nl=0,1,
global:857,みつきっちゅ,,todo,19,add2b89beb,br=0 nl=0,1,
global:858,みつきの,,todo,13,3a3d9fa9d8,br=0 nl=0,1,
global:859,みとせ　のりこ,水户濑 纪子,translated,22,b870526ad2,br=0 nl=0,26,
global:860,みみる,,todo,10,35a95c7285,br=0 nl=0,1,
global:861,みみるしゃん,,todo,19,a1ad724825,br=0 nl=0,1,
global:862,みみるたん,,todo,16,14a1206c59,br=0 nl=0,1,
global:863,みみるちゃん,,todo,19,a7ba393b8f,br=0 nl=0,1,
global:864,みみるちゅ,,todo,16,64d1fb03fe,br=0 nl=0,1,
global:865,みみるっちゃ,,todo,19,1a6d91ae52,br=0 nl=0,1,
global:866,みみるっちょ,,todo,19,6a11b0487b,br=0 nl=0,1,
global:867,みみるぽん,,todo,16,ea52bc0ead,br=0 nl=0,1,
global:868,みんなで４択フォーム,全民四选一表单,translated,31,d0cd2763f2,br=0 nl=0,1,
global:869,みんなで４択！応募フォーム,全民四选一！应征表单,translated,40,61207db46f,br=0 nl=0,1,
global:870,みんなの想い,大家的心愿,translated,19,7b153a2b86,br=0 nl=0,1,
global:871,みーにゃ,,todo,13,7dde57ab81,br=0 nl=0,1,
global:872,みーにゃこ,,todo,16,12959a97a2,br=0 nl=0,1,
global:873,みーにゃちゃん,,todo,22,3401c93691,br=0 nl=0,2,
global:874,みーにゃちん,,todo,19,bd562417e2,br=0 nl=0,1,
global:875,みーにゃっちゃ,,todo,22,9100adda4e,br=0 nl=0,1,
global:876,みーにゃっぺ,,todo,19,88762b633e,br=0 nl=0,1,
global:877,みーにゃぱん,,todo,19,fca8cdd188,br=0 nl=0,1,
global:878,みーにゃら,,todo,16,f7f0c1339d,br=0 nl=0,1,
global:879,みーにゃりん,,todo,19,e2057af4ab,br=0 nl=0,1,
global:880,むちゃくちゃ深刻な話の時にはやっぱりこれ！　出だしから重い空気が張り詰めます。人気の無い夜の市街地、蛍光灯の街灯が一本だけついていてその下に佇んでる感じでしょうか。あれ？似たようなシチュエーションの話を別の曲でもしたような……？（土屋）,在极度严肃沉重的话题时果然就得靠这首！从开头就弥漫着凝重的空气。感觉就像在深夜空无一人的街道上，只有一盏荧光路灯亮着，而自己就静静伫立在其下一动不动。咦？类似的情境我好像在别的曲子里也讲过……？（土屋）,translated,355,3e256405f7,br=0 nl=0,1,src-longest-line=118
global:881,むーす,,todo,10,49948a8e0c,br=0 nl=0,1,
global:882,むーすちゅ,,todo,16,421ab3ee01,br=0 nl=0,1,
global:883,むーすちゅん,,todo,19,6a1526c806,br=0 nl=0,1,
global:884,むーすにゃ,,todo,16,bc45286d3e,br=0 nl=0,1,
global:885,むーすの,,todo,13,4b65edcca3,br=0 nl=0,1,
global:886,むーすぱん,,todo,16,6461b5b987,br=0 nl=0,1,
global:887,むーすぽん,,todo,16,eecce39d90,br=0 nl=0,1,
global:888,むーすら,,todo,13,db8028dbb9,br=0 nl=0,1,
global:889,むーすりん,,todo,16,b0092f07b9,br=0 nl=0,1,
global:890,めい,,todo,7,35d2de6946,br=0 nl=0,2,
global:891,めくら,,todo,10,a0db122a64,br=0 nl=0,1,
global:892,めっけ,,todo,10,738faf5fef,br=0 nl=0,2,
global:893,もうちょっとおやすみする～,再休息一会儿～,translated,40,b9e469130c,br=0 nl=0,1,
global:894,もうやらなくても良いんじゃない？,已经不用再做了吧？,translated,49,c67b23fa20,br=0 nl=0,1,
global:895,もうダメ。きっと私の容態は悪化するんだわ。,不行了。我的病情肯定要恶化了。,translated,64,5f69599909,br=0 nl=0,1,
global:896,もうー、どこ触ってんのー♪,真是的～你在摸哪儿呀♪,translated,40,a8d838fd09,br=0 nl=0,1,
global:897,もう寝るから話しかけないでよ。,我要睡了，别跟我搭话哦。,translated,46,904b5786b4,br=0 nl=0,1,
global:898,もう許して……動けないわ。,饶了我吧……动不了了。,translated,40,ab94b7a0d6,br=0 nl=0,1,
global:899,もしも、壊しちゃったらどうしよう……。,万一、弄坏了该怎么办呀……。,translated,58,a164277e39,br=0 nl=0,1,
global:900,もしも失敗したら、どうしましょう……。,万一失败了，该怎么办呀……。,translated,58,42caa461aa,br=0 nl=0,1,
global:901,もっと、もっと！,还要、还要！,translated,25,78e379a461,br=0 nl=0,1,
global:902,もっともっと、なでなでして欲しいな♪,好想让你再多摸摸我呀♪,translated,55,8c9a253d06,br=0 nl=0,1,
global:903,もっともっと修復しちゃうわ。,我要再多修复一些。,translated,43,a3e7ffbc5c,br=0 nl=0,1,
global:904,やがて全ては歪む,终将万象皆扭曲,translated,25,73f1849c1c,br=0 nl=0,1,
global:905,やだぁ、何だか変な気分かも……。,讨厌啦，总觉得感觉怪怪的……。,translated,49,c068f263c9,br=0 nl=0,1,
global:906,やっぱりアイドルは…,偶像果然还是……,translated,31,111a253540,br=0 nl=0,1,
global:907,やっぱりボクなんか役に立たないです。,我果然还是派不上用场呢。,translated,55,5cd0d7cef3,br=0 nl=0,1,
global:908,やりまん,,todo,13,7b9be456af,br=0 nl=0,1,
global:909,やりまんオーション,,todo,65,1047bedde7,br=0 nl=0,1,
global:910,やるからにはとことんやらないとね。,既然要做就必须贯彻到底呢。,translated,52,03a0e364e9,br=0 nl=0,1,
global:911,ゆっくりできるのも、これが最後かしらね。,能够悠闲度日，说不定也是最后一次了呢。,translated,61,606ea88dfb,br=0 nl=0,1,
global:912,ゆっくり休むことも大切なことです。,好好休息也是很重要的事。,translated,52,30afd07474,br=0 nl=0,1,
global:913,ゆっくり確実にね～。,沉着稳步前进哦～,translated,31,05c2a89b8f,br=0 nl=0,1,
global:914,ゆめ,,todo,7,3b4b5bff3e,br=0 nl=0,2,
global:915,ゆり,,todo,7,e27c543fe3,br=0 nl=0,3,
global:916,ゆーす,,todo,10,93eb1306f9,br=0 nl=0,1,
global:917,ゆーすたん,,todo,16,2bf7687471,br=0 nl=0,1,
global:918,ゆーすちゅ,,todo,16,bc066a679d,br=0 nl=0,1,
global:919,ゆーすっちゃ,,todo,19,4a8f8d2737,br=0 nl=0,1,
global:920,ゆーすっちょ,,todo,19,050b03ed34,br=0 nl=0,1,
global:921,ゆーすぱん,,todo,16,90f949feae,br=0 nl=0,1,
global:922,ゆーすもん,,todo,16,0e268f15ba,br=0 nl=0,1,
global:923,ょっと疲れているようです。,似乎有点累了。,translated,40,6c646e3326,br=0 nl=0,1,
global:924,よーし、張り切っていくよ～,好嘞，干劲十足地上吧～,translated,40,d182b77658,br=0 nl=0,1,
global:925,らぶほ,,todo,10,25aa4de417,br=0 nl=0,1,
global:926,らーく,,todo,10,80e07796e0,br=0 nl=0,2,
global:927,らーくこ,,todo,13,b335b44f23,br=0 nl=0,1,
global:928,らーくちゅ,,todo,16,e44355c211,br=0 nl=0,1,
global:929,らーくちゅん,,todo,19,d61419eb26,br=0 nl=0,1,
global:930,らーくちん,,todo,16,639fd92f14,br=0 nl=0,1,
global:931,らーくっちゅ,,todo,19,4494406c9e,br=0 nl=0,1,
global:932,らーくの,,todo,13,c79eaa7ced,br=0 nl=0,1,
global:933,らーくりん,,todo,16,e5dbe1126f,br=0 nl=0,1,
global:934,りあ,,todo,7,45bb443d19,br=0 nl=0,2,
global:935,りんりん,,todo,13,3382493789,br=0 nl=0,1,
global:936,りんりんちゅん,,todo,22,607ecb17a6,br=0 nl=0,1,
global:937,りんりんのあ,,todo,19,72c6fbc1c9,br=0 nl=0,1,
global:938,りんりんぱん,,todo,19,21e83cfe2a,br=0 nl=0,1,
global:939,りんりんりん,,todo,19,c9832b13e1,br=0 nl=0,1,
global:940,りーぷ,,todo,10,d8346904fc,br=0 nl=0,1,
global:941,りーぷこ,,todo,13,35433fc09b,br=0 nl=0,1,
global:942,りーぷちゃん,,todo,19,2f65eeb234,br=0 nl=0,1,
global:943,りーぷっちょ,,todo,19,ce3d4c6ab5,br=0 nl=0,1,
global:944,りーぷっぺ,,todo,16,9db8690337,br=0 nl=0,1,
global:945,りーぷもん,,todo,16,e0031fb448,br=0 nl=0,1,
global:946,りーぷりん,,todo,16,8ae5bf725d,br=0 nl=0,2,
global:947,"ると、既読になります。
　　　一覧に表示されただけでは、未読のままです。

　・件名
　　　メールの件名です。　

　・チェックボックス
　　　タップすると、チェックが付きます。
　　　チェックがついたメールは、削除ボタンを押すと
　　　削除されます。

●削除ボタン
　チェックの入ったメールを削除します。","后，会变为已读状态。
　　　仅在列表中显示时仍保持未读状态。

　・主题
　　　邮件的主题。

　・复选框
　　　轻触后打上勾选标记。
　　　打上勾选标记的邮件，按下删除按钮后
　　　将被删除。

●删除按钮
　删除打上勾选标记的邮件。",translated,439,834e94208b,br=0 nl=12,1,src-lines=13; src-longest-line=25
global:948,るんるんららん♪　ものづくりは楽しいな～♪,哼哼啦啦♪　制作东西真开心呀～♪,translated,128,ca9b57ec2b,br=0 nl=0,1,
global:949,るーく,,todo,10,9f2e5c703f,br=0 nl=0,1,
global:950,るーくこ,,todo,13,75f9f40a04,br=0 nl=0,1,
global:951,るーくちゅん,,todo,19,463d668534,br=0 nl=0,1,
global:952,るーくっちゅ,,todo,19,2d4c1b5cbb,br=0 nl=0,1,
global:953,るーくの,,todo,13,4bd2a98ba5,br=0 nl=0,1,
global:954,るーくのあ,,todo,16,0e178de070,br=0 nl=0,1,
global:955,るーくぱん,,todo,16,affe682c87,br=0 nl=0,1,
global:956,るーくもん,,todo,16,e29ecff041,br=0 nl=0,1,
global:957,れあ,,todo,7,cda97005cc,br=0 nl=0,4,
global:958,れんげ,,todo,10,4163f22a99,br=0 nl=0,2,
global:959,れんげしゃん,,todo,19,fe43758f18,br=0 nl=0,1,
global:960,れんげちゃん,,todo,19,2a247319ca,br=0 nl=0,1,
global:961,れんげちゅ,,todo,16,af5b55e685,br=0 nl=0,1,
global:962,れんげちゅん,,todo,19,f2d9d75cb2,br=0 nl=0,1,
global:963,れんげぱん,,todo,16,908b519c9b,br=0 nl=0,1,
global:964,れんげぽん,,todo,16,c81e1ba026,br=0 nl=0,1,
global:965,れんげもん,,todo,16,81dd31a683,br=0 nl=0,1,
global:966,わぁい、触ってもらっちゃった！,哇啊，被你摸了摸呢！,translated,46,1356f66598,br=0 nl=0,1,
global:967,わがままいうよ！,我要任性啦！,translated,25,a1034f1556,br=0 nl=0,1,
global:968,わたしの夢は…,我的梦想是……,translated,22,53864671d7,br=0 nl=0,1,
global:969,わわっ！　び、びっくりしました…。,哇哇！　吓、吓我一跳……。,translated,52,4f92cdfc59,br=0 nl=0,1,
global:970,わんお,,todo,10,22fdfceb29,br=0 nl=0,2,
global:971,わんおこ,,todo,13,35e789733b,br=0 nl=0,1,
global:972,わんおしゃん,,todo,19,fb5e8d3a33,br=0 nl=0,1,
global:973,わんおちん,,todo,16,9496bffa95,br=0 nl=0,1,
global:974,わんおっちゅ,,todo,19,0ff1ab9c36,br=0 nl=0,1,
global:975,を感じませんか？（志方）,的感觉吗？（志方）,translated,1360,1525a78298,br=0 nl=0,3,
global:976,"を満たしている場合、通常の約束するデートとは別に
　イオンからお誘いがあるときがあります。","满足条件时，除了平时约定的约会外，
　有时依恩也会主动向你发出邀请。",translated,134,43d1c7e46c,br=0 nl=1,1,
global:977,を選択,请选择,translated,10,21a0bf69b7,br=0 nl=0,3,
global:978,んも是非、日常生活で有効活用してみてください。（土屋）,也请务必在日常生活中试着有效活用一下。（土屋）,translated,82,8c31fed75e,br=0 nl=0,2,src-longest-line=27
global:979,んんっ、気持ちいい。もっと……,嗯嗯，好舒服。还要……,translated,46,8be6f78a3c,br=0 nl=0,1,
global:980,んチの郵便箱,家的信箱,translated,23,b81666b40f,br=0 nl=0,2,
global:981,ん？　なになに？　何か楽しいことあんの？,嗯？　什么什么？　有什么好玩的事吗？,translated,61,3e7007ae7f,br=0 nl=0,1,
global:982,アイテム一覧,道具一览,translated,19,0c92ca8681,br=0 nl=0,1,
global:983,アイテム転送特記,道具传送特记,translated,25,51429f4e71,br=0 nl=0,1,
global:984,アイレイヤ/繋ぐ想い,Ahih rei-yah/相系之愿,translated,32,f1c57665f8,br=0 nl=0,1,
global:985,アウィニール属,阿威尼尔属,translated,22,e267728f0b,br=0 nl=0,1,
global:986,アウトラスラスタ,外挂推进器,translated,64,ce9c1e3741,br=0 nl=0,3,
global:987,アウトラバーニア,外挂姿态喷管,translated,64,3c65a64f3b,br=0 nl=0,3,
global:988,アオカン,,todo,13,f9e6dd48cb,br=0 nl=0,1,
global:989,アオメガネ,蓝色眼镜,translated,64,99ec16d69c,br=0 nl=0,3,
global:990,アカメガネ,红色眼镜,translated,64,e333879ce3,br=0 nl=0,3,
global:991,アクティビティ,活动记录,translated,22,404108e359,br=0 nl=0,1,
global:992,アサガオ,牵牛花,translated,13,ce93ed041f,br=0 nl=0,3,
global:993,アジアン、アジアン！とうきうきしながら作りました。活気ある街並、目を閉じると市場や店先での賑わいが聞こえてくるよう。そんなイメージを目指しました。<CR>第一章のゲーム中に見ることのできる万寿沙羅の俯瞰背景がとても好きです～。ゲームの世界に潜り込めるのだったら、買い食いツアーをしてみたいなぁ。<CR>ちなみにプレイビューに収録されている音源と、ゲームで実際に流れている音源はアレンジ等が微妙に違っています。良かったら聞き比べてみてくださいね！（志方）,怀着“亚洲风、亚洲风！”的雀跃心情制作了此曲。充满活力的街道，闭上双眼仿佛就能听见集市与店门前的喧嚣热闹。我便是以此为意象为目标创作的。<CR>我非常喜欢第一章游戏中能见到的万寿沙罗俯瞰背景～。要是能够潜入游戏的世界里，真想去来一场边走边吃的美食巡礼啊。<CR>顺便一提，PlayView中收录的音源与游戏中实际播放的音源在改编等方面有着微妙的差异。如果可以的话请务必对比着听听看哦！（志方）,translated,663,fed71bde26,<CR> <CR> br=0 nl=0,1,keep-tags <CR>; src-longest-line=226
global:994,アタシ、一生分は働いたっぽい。,人家把这辈子的活都干完了啦。,translated,46,1474588d2d,br=0 nl=0,1,
global:995,アタシって修復の才能あるっぽい♪,人家好像很有修复的天赋呢♪,translated,49,a0cfd4e4ee,br=0 nl=0,1,
global:996,アタシに興味ありまくりだね♪,你对人家超级感兴趣的呢♪,translated,43,33ee2ac8a5,br=0 nl=0,1,
global:997,アダマスドリル,精金钻头,translated,64,509c7c550e,br=0 nl=0,3,
global:998,アッパー,高昂,translated,128,527e3a2231,br=0 nl=0,2,
global:999,アナル,,todo,10,4ff5a70a51,br=0 nl=0,2,
global:1000,アヌス,,todo,10,ec4e469dac,br=0 nl=0,2,
global:1001,アフレルチカラ,溢出之力,translated,22,f98fac06f4,br=0 nl=0,3,
global:1002,アホ,,todo,7,1fe325ea37,br=0 nl=0,1,
global:1003,アメシスト鉄尾,紫水晶铁尾,translated,22,a56d3d7905,br=0 nl=0,3,
global:1004,アルシェルノ,阿尔歇尔诺,translated,19,b617e7a442,br=0 nl=0,1,
global:1005,アルト,,todo,10,cbb88b9a9f,br=0 nl=0,1,
global:1006,アルトチュ,,todo,16,2d19b590f4,br=0 nl=0,1,
global:1007,アルトニル,,todo,16,e084e3ef71,br=0 nl=0,1,
global:1008,アルトポン,,todo,16,1115e1d56d,br=0 nl=0,1,
global:1009,アルトリー,,todo,16,f9b028fd5a,br=0 nl=0,1,
global:1010,アルトリー・パミル科,,todo,31,bcfc6a5065,br=0 nl=0,32,
global:1011,アルトリー・メイス科,,todo,31,a79006831b,br=0 nl=0,18,
global:1012,アルトリー・ランデ科,,todo,31,4c5414c60f,br=0 nl=0,19,
global:1013,アルノサージュ,Ar nosurge,translated,22,ba1e15ed75,br=0 nl=0,64,
global:1014,アルノール,阿尔诺尔,translated,16,77517a5ce3,br=0 nl=0,1,
global:1015,アルビノ,白化,translated,64,9df13b3457,br=0 nl=0,1,
global:1016,アルブムスラスタ,白色推进器,translated,64,939d1dbf9a,br=0 nl=0,3,
global:1017,アルブムバーニア,白色姿态喷管,translated,64,ea2d5f4cb9,br=0 nl=0,3,
global:1018,アルメティ,,todo,16,5bc45bed1a,br=0 nl=0,1,
global:1019,アルメティカ行進曲,阿尔梅堤嘉进行曲,translated,32,fba516a163,br=0 nl=0,1,
global:1020,アルメティサー,,todo,22,a73441c490,br=0 nl=0,1,
global:1021,アルメティス,,todo,19,b79e6fd511,br=0 nl=0,1,
global:1022,アルメティテン,,todo,22,2b5bfe2b12,br=0 nl=0,1,
global:1023,アルメティドン,,todo,22,fdd0bcc7d0,br=0 nl=0,1,
global:1024,アルメティニル,,todo,22,721615e002,br=0 nl=0,1,
global:1025,アルメティネ,,todo,19,0ca4068f15,br=0 nl=0,1,
global:1026,アルメティノア,,todo,22,6004d484cd,br=0 nl=0,1,
global:1027,アルメティリー,,todo,22,dad45aa1b5,br=0 nl=0,1,
global:1028,アルリッシュ,阿尔里希,translated,19,58826109b2,br=0 nl=0,240,
global:1029,アレリオス類,阿雷利奥斯类,translated,19,0c15936ca0,br=0 nl=0,355,
global:1030,アンちゃん,小安,translated,16,3443d4a325,br=0 nl=0,1,
global:1031,アンコクノチカラ,暗黑之力,translated,64,5b124376ec,br=0 nl=0,3,
global:1032,アーキンス,阿尔金斯,translated,32,88a789695c,br=0 nl=0,1,
global:1033,アーキンスクル,,todo,22,e544813248,br=0 nl=0,1,
global:1034,アーキンスチュ,,todo,22,e85321d942,br=0 nl=0,1,
global:1035,アーキンスニル,,todo,22,4930ddd633,br=0 nl=0,1,
global:1036,アーキンスフル,,todo,22,52601e9c87,br=0 nl=0,1,
global:1037,アーチェ,,todo,13,0aa1a84be5,br=0 nl=0,1,
global:1038,アーチェサー,,todo,19,62ea96e689,br=0 nl=0,1,
global:1039,アーチェニャ,,todo,19,c0e8fc6c00,br=0 nl=0,1,
global:1040,アーチェネ,,todo,16,f8d850f0b1,br=0 nl=0,1,
global:1041,アーチェノア,,todo,19,1d8696a911,br=0 nl=0,2,
global:1042,アーリア,,todo,13,8b307725df,br=0 nl=0,1,
global:1043,アーリアアン,,todo,19,1f1c811a94,br=0 nl=0,1,
global:1044,アーリアクル,,todo,19,dc82efe962,br=0 nl=0,1,
global:1045,アーリアテン,,todo,19,dbc6bf1590,br=0 nl=0,1,
global:1046,アーリアト,,todo,16,2aa72b73bd,br=0 nl=0,1,
global:1047,アーリアドン,,todo,19,f4713cece4,br=0 nl=0,1,
global:1048,アーリアニャ,,todo,19,5bd1a0791b,br=0 nl=0,1,
global:1049,アーリアネ,,todo,16,712f4f35b4,br=0 nl=0,1,
global:1050,アーヴェル,,todo,16,0ea8c61397,br=0 nl=0,1,
global:1051,アーヴェルネ,,todo,19,3fb7fe9710,br=0 nl=0,1,
global:1052,アーヴェルノア,,todo,22,ae4025d82b,br=0 nl=0,1,
global:1053,アーヴェルリー,,todo,22,657ba04857,br=0 nl=0,1,
global:1054,イエーイッ！　盛り上がって行こうっ！,耶～！　嗨起来吧！,translated,55,652e954419,br=0 nl=0,1,
global:1055,イオナ,,todo,10,695b0a0d31,br=0 nl=0,1,
global:1056,イオナテン,,todo,16,c9d5a7cfde,br=0 nl=0,1,
global:1057,イオナト,,todo,13,6ea991c4c3,br=0 nl=0,1,
global:1058,イオナドン,,todo,16,393ac39593,br=0 nl=0,1,
global:1059,イオナノア,,todo,16,1bf34b71f6,br=0 nl=0,1,
global:1060,イオナノン,,todo,16,883d14a3cf,br=0 nl=0,1,
global:1061,イオナフル,,todo,16,d68f8b9a85,br=0 nl=0,1,
global:1062,イオナミル,,todo,16,f52c979e8f,br=0 nl=0,1,
global:1063,イオナム,,todo,13,1d3a90f940,br=0 nl=0,1,
global:1064,イオニッシュ,依恩风,translated,19,fb56cfb85c,br=0 nl=0,262,
global:1065,イオン,依恩,translated,10,90d4718c90,br=0 nl=0,107,
global:1066,イオンがかまって欲しいときに構ってあげて！,在依恩想要陪伴的时候陪陪她吧！,translated,64,683353fe22,br=0 nl=0,1,
global:1067,イオンがご飯を食べる姿って癒されるよね？,依恩吃饭的样子很治愈对吧？,translated,61,563c12011d,br=0 nl=0,1,
global:1068,イオンがシャールたちの心を鎮めるために謳った詩魔法。非常に高エネルギーかつ繊細な想いが問われる詩であったが、イオンは世界的にも珍しい完全同調を成し遂げることで、その詩を成功させた。そしてその成功にはネイやカノンの協力があったことも忘れてはならないだろう。,依恩为了平息夏尔们的心灵而讴歌的诗魔法。虽然是对高能量以及细腻心意要求极高的诗，但依恩达成了举世罕见的完全同调，从而成功唱响了这首诗。当然，我们也绝不能忘记这首诗的成功背后有着妮伊与卡诺的鼎力协助。,translated,382,1a252b8f0f,br=0 nl=0,13,src-longest-line=127
global:1069,イオンが万寿沙羅の人達の事を想い、一心不乱に謳い綴った曲。<CR>曲中にも沢山出てくる<CR>ahih rei-yah とは、訳すと「こころ通わす」という意味になります。これは今作のテーマでもありイオンにとってのテーマでもあるのです。,依恩心系万寿沙罗的人们，一心一意讴歌谱写的曲子。<CR>曲中多次出现的<CR>ahih rei-yah，翻译过来便是“心意相通”的意思。这既是本作的主题，也是依恩本人的主题。,translated,310,1c7886a6fc,<CR> <CR> br=0 nl=0,13,keep-tags <CR>; src-longest-line=117
global:1070,イオンが呼んだら構ってあげて,依恩呼唤时请陪陪她,translated,43,75ede8d664,br=0 nl=0,1,
global:1071,イオンが自分の弱さを克服し、決意を新たにするために紡いだ曲。<CR>人に物事を伝えることが苦手なイオンは、詩で人々に自分の想いを伝えようと考えました。小さな自分、それを支えてくれる温かい人達…。そしてその絆は強い想いとなり幸せへと導くのだと。,依恩为了克服自身的软弱、重树决心而谱写的曲子。<CR>不擅长向人传达心意的依恩，想通过诗来将自己的思绪传达给人们。渺小的自己，以及在背后支撑着自己的温暖的人们……这份羁绊化作强烈的愿想，指引着通往幸福的道路。,translated,356,d1ac8602c7,<CR> br=0 nl=0,13,keep-tags <CR>; src-longest-line=121
global:1072,イオンさんの元気の源、マイクロクエーサーの音楽です。この曲を聴いていると、壮大なる宇宙の歴史と、宇宙空間の激動のドラマを想わずにはいられません。皆さんがマイクロクエーサーにエネルギーチャージする度にイオンさんや星が元気になっていくわけですが、これが将来、どういった形で結論づけるのかは気になるところです。皆さんが入れてくれた100億のエネルギーは、どうなっているのでしょうか。（土屋）,依恩小姐活力的源泉，微类星体的音乐。听着这首曲子，让人不禁联想起壮丽的宇宙历史与宇宙空间中波澜壮阔的剧目。大家每次向微类星体充能时，依恩小姐和星球都会恢复活力，但这在将来会以何种形式迎来结局，实在令人在意呢。大家所注入的一百亿能量，如今究竟变成什么样了呢。（土屋）,translated,571,a6485eec41,br=0 nl=0,1,src-longest-line=192
global:1073,イオンと一緒に夢セカイに行ってみよう♪,和依恩一起去梦世界看看吧♪,translated,58,a2af622b50,br=0 nl=0,1,
global:1074,イオンにけもけもに採取しに行ってもらおうよ。,让依恩去毛茸茸那里采集素材吧。,translated,67,d60e4adc92,br=0 nl=0,1,
global:1075,イオンに世界の壁に採取しに行ってもらおうよ。,让依恩去世界之壁采集素材吧。,translated,67,19711ef5da,br=0 nl=0,1,
global:1076,イオンに作ってほしい物をお願いしてみたらどうかな？,试着拜托依恩制作你想要的物品怎么样？,translated,76,a8bd5a06eb,br=0 nl=0,1,src-longest-line=25
global:1077,イオンに採ってきてほしい物をお願いしてみたらどうかな？,试着拜托依恩去采集你想要的物品怎么样？,translated,82,3f6606f7a7,br=0 nl=0,1,src-longest-line=27
global:1078,イオンに近くの庭に採取しに行ってもらおうよ。,让依恩去附近的庭园采集素材吧。,translated,67,80ff59aa5c,br=0 nl=0,1,
global:1079,イオンに雑貨屋ねりこに採取しに行ってもらおうよ。,让依恩去杂货铺妮莉库采集素材吧。,translated,73,4afc3893dc,br=0 nl=0,1,
global:1080,イオンのおなかにタッチしてみて♪　イオンの反応を楽しみにしてるわ。,碰碰依恩的肚子试试看吧♪　我很期待依恩会有什么反应呢。,translated,100,5015f2f636,br=0 nl=0,1,src-longest-line=33
global:1081,イオンのおなかをなでてみて♪　どんな反応をするのか楽しみだわ。,摸摸依恩的肚子试试看吧♪　真期待她会有什么反应呢。,translated,94,e585dab247,br=0 nl=0,1,src-longest-line=31
global:1082,イオンのお腹をなでてみて,摸摸依恩的肚子试试看,translated,37,1305a043d7,br=0 nl=0,1,
global:1083,イオンの二の腕にタッチしてみて♪　イオンの反応を楽しみにしてるわ。,碰碰依恩的上臂试试看吧♪　我很期待依恩会有什么反应呢。,translated,100,1eb7bd0221,br=0 nl=0,1,src-longest-line=33
global:1084,イオンの二の腕をなでてみて,摸摸依恩的上臂试试看,translated,64,9ce7e07936,br=0 nl=0,1,
global:1085,イオンの二の腕をなでてみて♪　どんな反応をするのか楽しみだわ。,摸摸依恩的上臂试试看吧♪　真期待她会有什么反应呢。,translated,94,8d1c669194,br=0 nl=0,1,src-longest-line=31
global:1086,イオンの会話曲。こちらはとにかく素直に作りました。珍しく曲名を先に決めてから作った曲だったりします。他の曲よりも微妙にくぐもった音にしてみました。（柳川）,依恩的日常对话曲。这首曲子总之写得很率真自然。少见地采用了先定好曲名再去创作的做法。与其它曲子相比，我特意调成了略带朦胧柔和的音色。（柳川）,translated,232,be0b093852,br=0 nl=0,1,src-longest-line=77
global:1087,イオンの唇にタッチしてみて♪　イオンの反応を楽しみにしてるわ。,碰碰依恩的双唇试试看吧♪　我很期待依恩会有什么反应呢。,translated,94,028ed3365a,br=0 nl=0,1,src-longest-line=31
global:1088,イオンの心と記憶の扉たち、それらが並ぶゲートということで、基本は厳かな雰囲気を目指しつつも、要所にてイオンの懸命さやひたむきさが表せるよう工夫しました。<CR>もちろん曲の根底には民族的なエッセンスを盛り込んでいます。<CR>心地よいアクセントとなるフレーズをギター奏者さんが演奏して下さいました、大感謝！（志方）,作为依恩的心灵与记忆之门林立的大门，基本基调旨在营造庄严的氛围，同时在关键处花心思展现出依恩的拼搏与专心致志。<CR>当然曲子的根基中融入了民族音乐元素。<CR>吉他演奏家为本曲弹奏了带来惬意亮点的精彩乐句，不胜感激！（志方）,translated,456,6d91304522,<CR> <CR> br=0 nl=0,1,keep-tags <CR>; src-longest-line=157
global:1089,イオンの手をなでてみて,摸摸依恩的手试试看,translated,34,6f9a955d61,br=0 nl=0,1,
global:1090,イオンの手をタッチしてみて♪　イオンの反応を楽しみにしているわ。,碰碰依恩的手试试看吧♪　我很期待依恩会有什么反应呢。,translated,97,cc7d006e32,br=0 nl=0,1,src-longest-line=32
global:1091,イオンの状態,依恩的状态,translated,19,0738ef8d0e,br=0 nl=0,1,
global:1092,イオンの目をタッチしてみ♪　イオンの反応を楽しみにしてるわ。,碰碰依恩的眼睛试试吧♪　我很期待依恩会有什么反应呢。,translated,91,1402bc8d3a,br=0 nl=0,1,src-longest-line=30
global:1093,イオンの胸にタッチしてみて♪　イオンの反応を楽しみにしてるわ。,碰碰依恩的胸口试试看吧♪　我很期待依恩会有什么反应呢。,translated,94,b1200ba808,br=0 nl=0,1,src-longest-line=31
global:1094,イオンの胸をなでてみて,摸摸依恩的胸口试试看,translated,34,b1b8dedf02,br=0 nl=0,1,
global:1095,イオンの胸をなでてみて♪　どんな反応をするのか楽しみだわ。,摸摸依恩的胸口试试看吧♪　真期待她会有什么反应呢。,translated,88,14599dea8f,br=0 nl=0,1,src-longest-line=29
global:1096,イオンの腕をタッチしてみて♪　イオンの反応を楽しみにしているわ。,碰碰依恩的手臂试试看吧♪　我很期待依恩会有什么反应呢。,translated,97,0e6b0b0c25,br=0 nl=0,1,src-longest-line=32
global:1097,イオンの詩ってきれいだよね♪　あなたもまた聞いてみたくない？,依恩的诗真美呢♪　你不想再听听看吗？,translated,91,499cb0aac1,br=0 nl=0,1,src-longest-line=30
global:1098,イオンの詩を聞きたい,想听依恩的诗,translated,31,6f9fb0e7af,br=0 nl=0,1,
global:1099,イオンの話を聞く,倾听依恩的话,translated,25,ca36bdfeba,br=0 nl=0,1,
global:1100,イオンの部屋,依恩的房间,translated,256,ea8a707275,br=0 nl=0,1,
global:1101,イオンの部屋のBGMが追加されます。,追加依恩房间的BGM。,translated,49,42ba86cc30,br=0 nl=0,10,
global:1102,イオンの頭をなでてあげて♪　どんな反応をするのか楽しみだわ。,摸摸依恩的头试试看吧♪　真期待她会有什么反应呢。,translated,91,89a9c3b873,br=0 nl=0,1,src-longest-line=30
global:1103,イオンの頭をなでてみて,摸摸依恩的头试试看,translated,34,56eb30bcb1,br=0 nl=0,1,
global:1104,イオンの頭をタッチしてみて♪　イオンの反応を楽しみにしてるわ。,碰碰依恩的头试试看吧♪　我很期待依恩会有什么反应呢。,translated,94,e783aedc8e,br=0 nl=0,1,src-longest-line=31
global:1105,イオンの顔をなでてみて,摸摸依恩的脸试试看,translated,34,6fb136682f,br=0 nl=0,1,
global:1106,イオンの顔をムニムニしてみて♪　どんな反応をするのか楽しみだわ。,捏捏依恩的小脸蛋试试看吧♪　真期待她会有什么反应呢。,translated,97,f5104b8fbf,br=0 nl=0,1,src-longest-line=32
global:1107,イオンの鼻にタッチしてみて♪　イオンの反応を楽しみにしてるわ。,碰碰依恩的鼻子试试看吧♪　我很期待依恩会有什么反应呢。,translated,94,48da4514ff,br=0 nl=0,1,src-longest-line=31
global:1108,イオンをベッドに誘ってみて♪,邀请依恩上床看看吧♪,translated,43,bcd410ba6a,br=0 nl=0,1,
global:1109,イオンをベッドへ誘ってみて,邀请依恩上床看看,translated,40,1c650dd5f5,br=0 nl=0,1,
global:1110,イオンを呼ぶ,呼唤依恩,translated,19,f306d1d036,br=0 nl=0,2,
global:1111,イオンを手をなでてみて♪　どんな反応をするのか楽しみだわ。,摸摸依恩的手试试看吧♪　真期待她会有什么反应呢。,translated,88,73b7142777,br=0 nl=0,1,src-longest-line=29
global:1112,イベント,事件,translated,64,e18b1ea15d,br=0 nl=0,1,
global:1113,イベントでログを選択,在事件中选择记录,translated,256,cedc23d46f,br=0 nl=0,1,
global:1114,イベントエントリー,事件报名,translated,28,0d614abd8a,br=0 nl=0,1,
global:1115,イベントチャージ,事件充能,translated,25,c517ae67ef,br=0 nl=0,1,
global:1116,イベント一覧,事件一览,translated,19,1798815611,br=0 nl=0,1,
global:1117,イベント情報,事件信息,translated,19,1e36747f0e,br=0 nl=0,2,
global:1118,イマラチオ,,todo,16,6f6f73341c,br=0 nl=0,2,
global:1119,イマラチオーション,,todo,65,de1dcee3e1,br=0 nl=0,1,
global:1120,イラマチオ,,todo,16,426b690eb8,br=0 nl=0,1,
global:1121,イラマチオーション,,todo,65,3c32745e85,br=0 nl=0,1,
global:1122,インテリ,知性,translated,13,1e653ef062,br=0 nl=0,305,
global:1123,ウイング,羽翼,translated,13,8fab6aeca4,br=0 nl=0,10,
global:1124,ウイング追加,追加羽翼,translated,19,6e8a97d793,br=0 nl=0,4,
global:1125,ウォーターツイン,水色双马尾,translated,64,e91a3b6e79,br=0 nl=0,1,
global:1126,ウッドポッド,木制花盆,translated,19,00d79ab467,br=0 nl=0,44,
global:1127,ウンチ,,todo,48,3f16313956,br=0 nl=0,1,
global:1128,ェッチ,,todo,10,aa38fca3e1,br=0 nl=0,1,
global:1129,エ○チ,,todo,10,ebdafdb613,br=0 nl=0,1,
global:1130,エアル,,todo,10,f5be752b59,br=0 nl=0,1,
global:1131,エアルアン,,todo,16,7c0d7d9479,br=0 nl=0,1,
global:1132,エアルサー,,todo,16,de2a0042e2,br=0 nl=0,1,
global:1133,エアルテン,,todo,16,3ab8d26d5c,br=0 nl=0,1,
global:1134,エアルドン,,todo,16,827edd8128,br=0 nl=0,1,
global:1135,エアルノア,,todo,16,7fddb11119,br=0 nl=0,1,
global:1136,エアルノン,,todo,16,3f45d026c9,br=0 nl=0,1,
global:1137,エアルミル,,todo,16,8c8943246b,br=0 nl=0,1,
global:1138,エイリアンロード,异星领主,translated,25,421da15752,br=0 nl=0,1,
global:1139,エクスマキナ,机械降神,translated,19,2ae382cefe,br=0 nl=0,39,
global:1140,エスキモー,,todo,48,da8b29231d,br=0 nl=0,1,
global:1141,エチトモ,,todo,13,5566d3f030,br=0 nl=0,1,
global:1142,エッチ,下流,translated,10,e148396ef4,br=0 nl=0,1,
global:1143,エッチなこと,色色的事,translated,19,5106e29f63,br=0 nl=0,1,
global:1144,エネルギー情報,能量信息,translated,22,b2b87e05df,br=0 nl=0,1,
global:1145,エネルギー送信,输送能量,translated,22,cf6d814ad3,br=0 nl=0,1,
global:1146,エピルマ類,艾皮鲁玛类,translated,16,880d6a3e02,br=0 nl=0,352,
global:1147,エメラルドリーフ,翡翠绿叶,translated,64,7fb0be5722,br=0 nl=0,1,
global:1148,エロ,,todo,7,e0291a9dcf,br=0 nl=0,1,
global:1149,エンジェルリング,天使光环,translated,32,f909537d4c,br=0 nl=0,48,
global:1150,エンプネル・パミル科,,todo,31,8ca06f757c,br=0 nl=0,20,
global:1151,エンプネル・メイス科,,todo,31,cc0801b1ca,br=0 nl=0,28,
global:1152,エンプネル・ランデ科,,todo,31,c4a377add2,br=0 nl=0,26,
global:1153,エージェント・セブン,特工7号,translated,64,0303ba1e11,br=0 nl=0,1,
global:1154,"ォロワー情報
　　　フォローしている数と、フォローされている数です。

　・既読／未読
　　　メールの詳細をみると、既読になります。
　　　一覧に表示されただけでは、未読のままです。

　・件名
　　　メールの件名です。　

　・チェックボックス
　　　タップすると、チェックが付きます。
　　　チェックがついたメールは、削除ボタンを押すと
　　　削除されます。

●削除ボタン
　チェックの入ったメールを削除します。","粉丝信息
　　　关注的数量，以及被关注的数量。

　・已读／未读
　　　查看邮件详情后，会变为已读状态。
　　　仅在列表中显示时仍保持未读状态。

　・主题
　　　邮件的主题。

　・复选框
　　　轻触后打上勾选标记。
　　　打上勾选标记的邮件，按下删除按钮后
　　　将被删除。

●删除按钮
　删除打上勾选标记的邮件。",translated,596,af1662da2e,br=0 nl=16,1,src-lines=17; src-longest-line=27
global:1155,ォﾅ,,todo,7,335dd2b965,br=0 nl=0,1,
global:1156,オナ,,todo,7,0729ee7724,br=0 nl=0,1,
global:1157,オナれでオーション,,todo,65,2bfca2ab82,br=0 nl=0,1,
global:1158,オナニ,,todo,10,07efa2bb85,br=0 nl=0,1,
global:1159,オナニー,,todo,13,8e4fde305a,br=0 nl=0,1,
global:1160,オナヌ,,todo,10,b3d4a25252,br=0 nl=0,1,
global:1161,オナ二,,todo,10,9b6cbb8188,br=0 nl=0,1,
global:1162,オナ二でオーション,,todo,65,9cf7adf9b9,br=0 nl=0,1,
global:1163,オプション,选项,translated,16,6e0510a665,br=0 nl=0,4,
global:1164,"オプション

を選択","选项

请选择",translated,27,c26d834aab,br=0 nl=2,1,
global:1165,"オプション
　MyGustID登録

をタップ","选项
　MyGustID注册

请点击",translated,48,f1d96e464a,br=0 nl=3,1,src-lines=4
global:1166,"オプション
　MyGustID登録
　　MyGustID登録

をタップ","选项
　MyGustID注册
　　MyGustID注册

请点击",translated,69,735d894c1a,br=0 nl=4,1,src-lines=5
global:1167,"オプション
　コメント設定

をタップ","选项
　评语设置

请点击",translated,52,990cf111b4,br=0 nl=3,1,src-lines=4
global:1168,"オプション
　ンストール状況

をタップ","选项
　安装情况

请点击",translated,55,eb30f376de,br=0 nl=3,1,src-lines=4
global:1169,"オプション
　音量設定

を選択","选项
　音量设置

请选择",translated,43,e452e0abda,br=0 nl=3,1,src-lines=4
global:1170,オプションを選択 (CielDX用),选择选项 (CielDX用),translated,37,127a40e41e,br=0 nl=0,1,
global:1171,オメコ,,todo,10,12b750f0e3,br=0 nl=0,2,
global:1172,オルゴール,八音盒,translated,16,38c2604e5d,br=0 nl=0,1,
global:1173,オレンジサンタ,橙色圣诞老人,translated,22,bfce8390e0,br=0 nl=0,3,
global:1174,オレンジフレーム,橙色镜框,translated,64,899652e479,br=0 nl=0,3,
global:1175,オーシャン鉄尾,海洋铁尾,translated,22,64ac614303,br=0 nl=0,3,
global:1176,カクセイノチカラ,觉醒之力,translated,64,c6382068ea,br=0 nl=0,3,
global:1177,カス,,todo,7,50ba013754,br=0 nl=0,1,
global:1178,カスファナーション,,todo,65,9007642d40,br=0 nl=0,1,
global:1179,カッツェ,,todo,13,4825ae99e6,br=0 nl=0,2,
global:1180,カテゴリ,类别,translated,13,50462d5f5d,br=0 nl=0,1,
global:1181,カノン,卡诺,translated,10,5a6fa752cb,br=0 nl=0,26,
global:1182,カノンが、自らとこの世界の真実を確かめる為に謳った詩。<CR>アルメティカの市民契約によって、住民全員から少しずつ精神力を分けてもらい、その力を使ってテレポートを実現している。<CR>この詩は、術者の最も望むものがある場所へ移動するものなのだが、果たしてそれはどこなのだろうか。,卡诺为了查明自身与这个世界的真相而讴歌的诗。<CR>通过阿尔梅堤嘉的市民契约，从全体住民身上分取少许精神力，利用这份力量实现了空间传送。<CR>虽然这首诗是移动至施术者最渴望之物所在的场所，但这究竟会是何处呢。,translated,402,6bf9f9aaf8,<CR> <CR> br=0 nl=0,13,keep-tags <CR>; src-longest-line=139
global:1183,カノンのテーマ,卡诺的主题曲,translated,22,891c2f7604,br=0 nl=0,1,
global:1184,カフェ,咖啡馆,translated,10,8de76f0a3c,br=0 nl=0,1,
global:1185,カリオペ,卡利俄珀,translated,13,06bde73dfd,br=0 nl=0,1,
global:1186,カリオン類,卡里昂类,translated,16,8c80c4e906,br=0 nl=0,353,
global:1187,カーディファアリ,卡迪法阿里,translated,64,dee2752559,br=0 nl=0,2,
global:1188,カーディフェアリ,卡迪菲阿里,translated,64,4478fca00f,br=0 nl=0,1,
global:1189,カーネル,,todo,13,a5bd6b704d,br=0 nl=0,1,
global:1190,カーネルアン,,todo,19,02c0f6e6a2,br=0 nl=0,1,
global:1191,カーネルス,,todo,16,326155c910,br=0 nl=0,1,
global:1192,カーネルト,,todo,16,72cce51fff,br=0 nl=0,1,
global:1193,カーネルノア,,todo,19,7b1fc9b9dd,br=0 nl=0,1,
global:1194,カーネルノン,,todo,19,ac5d97dded,br=0 nl=0,1,
global:1195,カーネルミル,,todo,19,64f509e1c0,br=0 nl=0,1,
global:1196,カーマイン鉄尾,洋红铁尾,translated,22,a7848ec498,br=0 nl=0,3,
global:1197,ガオテイル,,todo,16,46a68fe91e,br=0 nl=0,47,
global:1198,ガンシャ,,todo,13,7018a5a1b8,br=0 nl=0,1,
global:1199,キッチン,厨房,translated,13,e450209930,br=0 nl=0,2,
global:1200,キノ,奇诺,translated,7,ca3f9e4a1e,br=0 nl=0,1,
global:1201,キャス,凯斯,translated,10,6f807afcb1,br=0 nl=0,13,
global:1202,キャスがサーリと同調し紡いだ詩魔法。ぱれす・にゅろきーるの世界に紛れつつもウルゥリィヤを救出し、目的地であるタワーの頂上へキャス達を導いた。実用性もさることながら、にゅろきーへの愛によってエンターテインメント性に溢れる作品にも仕上がっている。,凯斯与莎丽同调后谱写的诗魔法。在混迹于喵洛基鲁・王宫的世界中的同时解救了乌鲁莉亚，并引导凯斯一行人前往目的地的高塔顶端。本诗不仅实用性出众，更因对喵洛基的爱而打造成了一部充满娱乐性的作品。,translated,364,9cc7dcd91a,br=0 nl=0,13,src-longest-line=121
global:1203,キャスの会話曲。最初はツンデレらしくもう少しツンデレな和音を使っていたのですが、リテイクもらってしまったので普通に可愛くなりました。サビはどこまでドシドシ～の繰り返しで引っ張るか、悩んだ記憶があります。（柳川）,凯斯的日常对话曲。起初为了凸显傲娇性格而使用了略带傲娇风格的和弦，但由于被要求重做，最后变成了普普通通的可爱风格。我至今还记得副歌部分究竟要重复循环多少次重音低沉旋律，着实让我纠结了一番。（柳川）,translated,316,06effc6926,br=0 nl=0,1,src-longest-line=105
global:1204,キャッツアイ赤,猫眼红,translated,64,8b4b9b7a8f,br=0 nl=0,1,
global:1205,キャンディ,糖果,translated,16,bdd7190263,br=0 nl=0,39,
global:1206,キャーカノンさんカッケー！な曲ですね。実はシェルノサージュの楽曲の中で、「○○さんの曲」というテーマ曲を持っているキャラは、カノンとグレイコフだけなんですよ。イオンすら持っていないんです！優遇されてるな、地文め！しかしこの曲からは、カノン様の凛とした一面しか見えてきませんね。ちゅんちゃんと戯れる方のカノン様のテーマも欲しいところです。（土屋）,呀～卡诺小姐太帅了！就是这种感觉的曲子呢。实际上在Ciel nosurge的乐曲中，拥有“某某的主题曲”的角色，就只有卡诺和古雷柯夫而已哦。甚至连依恩都没有呢！受优待过头了吧，地文这家伙！不过从这首曲子中，只能看到卡诺大人凛然威风的一面呢。我还挺想要一首与啾啾酱嬉戏玩耍那一面的卡诺大人主题曲呢。（土屋）,translated,517,35f1893d93,br=0 nl=0,1,src-longest-line=172
global:1207,キュノアスラスタ,蓝青推进器,translated,64,bba58da883,br=0 nl=0,3,
global:1208,キュノアバーニア,蓝青姿态喷管,translated,64,46f1a8a6ab,br=0 nl=0,3,
global:1209,キン玉,,todo,10,95419dc955,br=0 nl=0,1,
global:1210,クァンタム,,todo,16,efaea95a9b,br=0 nl=0,3,
global:1211,クエーサー,类星体,translated,16,fb97b81d19,br=0 nl=0,1,
global:1212,クステンシウス属,库斯腾修斯属,translated,36,803e204cc0,br=0 nl=0,1,
global:1213,クタクタで動けないよ～……。,筋疲力尽动不了了～……。,translated,43,a97b3440d4,br=0 nl=0,1,
global:1214,クタクタなの、マッサージしてくれない？,人家好累哦，帮我按摩一下嘛？,translated,58,78eee6c17a,br=0 nl=0,1,
global:1215,クライロント,暗淡隆特,translated,19,75c0528076,br=0 nl=0,1,
global:1216,クライン,,todo,13,65731e7cf0,br=0 nl=0,1,
global:1217,クラインアン,,todo,19,87b117ba3c,br=0 nl=0,1,
global:1218,クラインサー,,todo,19,bbebf170f8,br=0 nl=0,1,
global:1219,クラインドン,,todo,19,69bd2f78ff,br=0 nl=0,1,
global:1220,クラインニャ,,todo,19,9436341be8,br=0 nl=0,1,
global:1221,クラインノン,,todo,19,d8f13050ab,br=0 nl=0,1,
global:1222,クラインフル,,todo,19,2be8b72a47,br=0 nl=0,1,
global:1223,クラインポン,,todo,19,1d6965f31a,br=0 nl=0,1,
global:1224,クラリス,,todo,13,bc97070f33,br=0 nl=0,1,
global:1225,クラリスサー,,todo,19,aef69c111e,br=0 nl=0,1,
global:1226,クラリステン,,todo,19,c0c3db5110,br=0 nl=0,1,
global:1227,クラリスフル,,todo,19,9fc4f775c1,br=0 nl=0,1,
global:1228,クラリスポン,,todo,19,21d25afc09,br=0 nl=0,1,
global:1229,クラリスム,,todo,16,828bfda766,br=0 nl=0,1,
global:1230,クラリネット,,todo,32,6dd93130a9,br=0 nl=0,1,
global:1231,クラリネットアン,,todo,32,4b1a75e3b0,br=0 nl=0,1,
global:1232,クラリネットドン,,todo,32,f77f1ce54d,br=0 nl=0,1,
global:1233,クラリネットニル,,todo,32,f21daf5c2a,br=0 nl=0,1,
global:1234,クラリネットネ,,todo,22,d095ceae9d,br=0 nl=0,2,
global:1235,クラリネットポン,,todo,32,c8225f6add,br=0 nl=0,1,
global:1236,クラリネットリル,,todo,32,7f5a9e58ac,br=0 nl=0,1,
global:1237,クラリネットリー,,todo,32,e0b067b541,br=0 nl=0,2,
global:1238,クリ○リス,,todo,48,4f029df812,br=0 nl=0,1,
global:1239,クリスタ,克里斯塔,translated,13,efb4aaa8f4,br=0 nl=0,1,
global:1240,クリストファ,,todo,32,c2711284c0,br=0 nl=0,1,
global:1241,クリストファクル,,todo,32,b9fa0f4f8a,br=0 nl=0,2,
global:1242,クリストファニル,,todo,32,65d3791dd2,br=0 nl=0,1,
global:1243,クリストファパ,,todo,22,4310a6c8cc,br=0 nl=0,3,
global:1244,クリストファフル,,todo,32,33c226079d,br=0 nl=0,1,
global:1245,クリストファミル,,todo,32,3bfa826b30,br=0 nl=0,1,
global:1246,クリストファム,,todo,22,0943fcf9a1,br=0 nl=0,1,
global:1247,クリトリス,,todo,48,aadc0bc3fc,br=0 nl=0,2,
global:1248,クリン,,todo,10,2f9125d1dd,br=0 nl=0,1,
global:1249,クリンス,,todo,13,8b94e58c58,br=0 nl=0,1,
global:1250,クリンチュ,,todo,16,2308e12fb3,br=0 nl=0,1,
global:1251,クリンテン,,todo,16,a96c0a8050,br=0 nl=0,1,
global:1252,クリンネ,,todo,13,cad9bd1c85,br=0 nl=0,2,
global:1253,クリンミル,,todo,16,a04898859b,br=0 nl=0,1,
global:1254,クリンム,,todo,13,1e40709cd2,br=0 nl=0,1,
global:1255,クリンリー,,todo,16,0f8890559c,br=0 nl=0,1,
global:1256,クリームアルリー,奶油阿尔莉,translated,64,01043b9773,br=0 nl=0,1,
global:1257,クリームイオン,奶油依恩,translated,22,d2a28577c0,br=0 nl=0,1,
global:1258,クリームカール,奶油卷发,translated,22,dbcae0fb0c,br=0 nl=0,1,
global:1259,クリームショート,奶油短款,translated,64,8e57766dce,br=0 nl=0,1,
global:1260,クリームベリー,奶油莓果,translated,64,e4f5112925,br=0 nl=0,1,
global:1261,クリームボブ,奶油波波头,translated,19,d96f2c5e60,br=0 nl=0,1,
global:1262,クリームロング,奶油长款,translated,22,96ce3c3a31,br=0 nl=0,1,
global:1263,クルル,,todo,10,9ea9711fa1,br=0 nl=0,1,
global:1264,クルルアン,,todo,16,a2c5891ce3,br=0 nl=0,1,
global:1265,クルルチュ,,todo,16,920a3862db,br=0 nl=0,1,
global:1266,クルルドン,,todo,16,94d0c9d10b,br=0 nl=0,1,
global:1267,クルルネ,,todo,13,9f7fe51845,br=0 nl=0,1,
global:1268,クルルフル,,todo,16,eff99a5220,br=0 nl=0,1,
global:1269,クルルポン,,todo,16,8d08c1545d,br=0 nl=0,1,
global:1270,クルルミル,,todo,16,ee8234753e,br=0 nl=0,1,
global:1271,クロゼアウィング,库洛泽亚羽翼,translated,64,e20ae08b00,br=0 nl=0,3,
global:1272,クロッカス,,todo,16,e30aa16870,br=0 nl=0,1,
global:1273,クロッカスサー,,todo,22,4dc980de8d,br=0 nl=0,1,
global:1274,クロッカスチュ,,todo,22,553314fa5d,br=0 nl=0,1,
global:1275,クロッカステン,,todo,22,b9a7008039,br=0 nl=0,1,
global:1276,クロッカスニル,,todo,22,29cb2f0661,br=0 nl=0,1,
global:1277,クロッカスネ,,todo,19,ce8883f2f3,br=0 nl=0,1,
global:1278,クロッカスノア,,todo,22,54cd1a9cd6,br=0 nl=0,1,
global:1279,クロッカスリル,,todo,22,6c718dd257,br=0 nl=0,1,
global:1280,クロメガネ,黑色眼镜,translated,64,183393e842,br=0 nl=0,3,
global:1281,クローソス,,todo,32,ccdc9a2744,br=0 nl=0,1,
global:1282,クローソスサー,,todo,22,dce39919e2,br=0 nl=0,1,
global:1283,クローソスス,,todo,19,c4b560889f,br=0 nl=0,1,
global:1284,クローソスドン,,todo,22,cfe5869e42,br=0 nl=0,1,
global:1285,クローソスフル,,todo,22,80e932ab49,br=0 nl=0,1,
global:1286,クローソスミル,,todo,22,f547cfe3d2,br=0 nl=0,1,
global:1287,クローソスリー,,todo,22,e3a146aadc,br=0 nl=0,1,
global:1288,クンニ,,todo,10,17fd7d579b,br=0 nl=0,1,
global:1289,クール,沉着,translated,10,58f6ba7937,br=0 nl=0,2,
global:1290,グランドボイス,大地之声,translated,22,124c3a4725,br=0 nl=0,3,
global:1291,グリーンサンタ,绿色圣诞老人,translated,22,2917400a5e,br=0 nl=0,3,
global:1292,グレイコフさんのテーマです。カノンの所でも書きましたが、シェルノサージュで「○○さんの曲です」と言われる曲は、カノンとグレイコフにしかありません。イオンにすら無（略）というわけで、とっても優遇されてるグレイコフさん。それにしてもこの曲を聴いていると、完全に武闘派ですねグレイコフさん。<CR>カノンのテーマもそうですが、地文って武闘派揃い？？（土屋）,古雷柯夫先生的主题曲。正如在卡诺那里也写过的一样，在Ciel nosurge中被称为“某某的曲子”的，只有卡诺和古雷柯夫而已。甚至连依恩都木有（略）。正因如此，古雷柯夫先生可是备受优待呢。话说回来听着这首曲子，古雷柯夫先生还真是个彻头彻尾的武斗派呢。<CR>卡诺的主题曲也是如此，地文难道全员都是武斗派？？（土屋）,translated,518,64feef4f64,<CR> br=0 nl=0,1,keep-tags <CR>; src-longest-line=175
global:1293,グレイコフテーマ,古雷柯夫主题,translated,256,4672e2d1eb,br=0 nl=0,1,
global:1294,グレイツイン,灰色双马尾,translated,19,1baee4549e,br=0 nl=0,1,
global:1295,ゲス,,todo,7,f9aa25fdbb,br=0 nl=0,1,
global:1296,ゲーゲンドリル,盖根钻头,translated,64,29da9e6c35,br=0 nl=0,3,
global:1297,ゲーム上で雷哭大樹の背景を見た時に、この風景にうっすらとアンビエンス的な音楽と風音と鳥のさえずりが流れていたらきっと気持ちいいだろうなと思い、善は急げ！で作ってみました。どちらかというと、BGMというよりかはME（ミュージックエフェクト）という立ち位置の曲です。<CR>ちょっと和みたい時にはBGMの音量を大きめにして、素敵背景のお供にのんびりこの曲を聴いてくださると嬉しいです。個人的に大樹の元で、小鳥のさえずりと風音を子守唄にのんびり昼寝してみたいですね！（志方）,在游戏中看到雷哭大树的背景时，我想如果在这幅风景中隐隐流淌着氛围音乐、风声以及鸟鸣，那一定会非常惬意吧，于是秉持着事不宜迟的想法制作了此曲。硬要说的话，与其说是BGM，不如说是一首定位接近ME（音乐音效）的曲子。<CR>想要稍作放松时，不妨把BGM音量调大一些，伴随着美妙的背景悠闲地聆听这首曲子，我会感到非常高兴的。就我个人而言，真想在大树下以小鸟啼鸣和风声为摇篮曲，悠闲地睡个午觉呢！（志方）,translated,679,dc815b6a3e,<CR> br=0 nl=0,1,keep-tags <CR>; src-longest-line=234
global:1298,コイバナメール？,恋爱八卦邮件？,translated,25,445379c8e8,br=0 nl=0,1,
global:1299,コスチューム選択,选择服装,translated,25,d1c38f897b,br=0 nl=0,1,
global:1300,コスモスの帽子,大波斯菊之帽,translated,22,efc3a1472f,br=0 nl=0,40,
global:1301,コスモススノウ,大波斯菊之雪,translated,22,ef2f28bb05,br=0 nl=0,3,
global:1302,コスモスナイト,大波斯菊之夜,translated,22,a93d83b6b7,br=0 nl=0,3,
global:1303,コスモスリプレ,大波斯菊莉普蕾,translated,22,258b926919,br=0 nl=0,3,
global:1304,コスモスレッド,大波斯菊之红,translated,22,8c9a4e7490,br=0 nl=0,3,
global:1305,コスモフライ,宇宙羽翼,translated,19,7f3ad1e67d,br=0 nl=0,3,
global:1306,コズミックシティ,宇宙之城,translated,32,c057d47048,br=0 nl=0,1,
global:1307,"コミュニケーションを取ることで出現し、
　　イオンをデートに誘うことができます。
　　ただし、デートに誘えるのは一度だけです。
　　一度デートに行くと、再び条件を満たす必要があります。

　・デートの確認をする
　　約束した場所の確認や約束したデートにイオンを
　　誘うことができます。
　　デートの約束をキャンセルすることができます。

　など

※各種項目はエピソードの進行状況などによって
　追加されていきます。","通过进行交流而出现，
　　可以邀请依恩约会。
　　不过，能够邀请约会的机会仅有一次。
　　一旦赴约约会，需要再次满足条件。

　・进行约会确认
　　可确认约定的场所，或向依恩发出
　　约定好的约会邀请。
　　可以取消约会的约定。

　等等

※各种项目会根据篇章的推进状况等
　逐步进行追加。",translated,602,a29b87c0a5,br=0 nl=13,5,src-lines=14; src-longest-line=28
global:1308,コミュニティ,社区,translated,48,53b17bf60b,br=0 nl=0,1,
global:1309,コミュニティプロフィール,社区个人资料,translated,48,79c3e88568,br=0 nl=0,2,
global:1310,コメント設定,评语设置,translated,19,d2b15444bd,br=0 nl=0,1,
global:1311,コロナ,,todo,10,c9fa83c27b,br=0 nl=0,1,
global:1312,コロナアン,,todo,16,5f99d4953a,br=0 nl=0,2,
global:1313,コロナクル,,todo,16,057a36053a,br=0 nl=0,1,
global:1314,コロナム,,todo,13,d1483f9272,br=0 nl=0,1,
global:1315,コロロ,,todo,10,84d0b5bec2,br=0 nl=0,3,
global:1316,コロン『夢ノ珠』の断線によって沢山の人命が失われていくのを見て、カノンが強い意志をもって謳った曲。<CR>その効果は一定範囲内のシェルノトロンを全て破壊するというものでしたが、その力は強大であり、結果として夢ノ珠の全シェルノトロンは破壊されてしまいました。,眼看着克隆‘梦之珠’因断线而导致大量人命逝去，卡诺怀着坚定的意志讴歌的曲子。<CR>其效果本是破坏一定范围内的全部榭鲁诺特伦，但该力量极其强大，最终导致梦之珠内部的所有榭鲁诺特伦尽数被破坏。,translated,377,0026056ec4,<CR> br=0 nl=0,13,keep-tags <CR>; src-longest-line=128
global:1317,コロン１つが、一企業の私物というサイバーなコロン。いわば長崎の軍艦島のようなものですね。その殆どが金属的な材質に囲まれて、その中で作っているものが、この世界の最先端アイテムであるシェルノトロン。そういった背景を表現する為に、完全なるサイバーに振っています。また、試練編最終幕ということでクライマックス感を大切にしています。（土屋）,整个克隆属于单一企业私有物的赛博克隆。宛如长崎的军舰岛一般。其绝大部分被金属材质环绕，而在其中所制造的，便是这个世界最尖端的道具――榭鲁诺特伦。为了表现这般背景，曲风完全倒向了赛博风格。同时作为试练篇最终幕，也格外重视高潮氛围。（土屋）,translated,496,403598d152,br=0 nl=0,1,src-longest-line=165
global:1318,コンディションは良好です。このまま続行します。,状态良好。按此继续进行。,translated,128,e7fa9e78df,br=0 nl=0,1,
global:1319,コンドーム,,todo,48,977aa50281,br=0 nl=0,1,
global:1320,コートプラグ,大衣插头,translated,19,1b2b36d71d,br=0 nl=0,3,
global:1321,コード・エテスウェイ,艾特斯威代码,translated,31,540b7be640,br=0 nl=0,13,
global:1322,コーラス,和声,translated,13,e6f23f00bd,br=0 nl=0,1,
global:1323,コーラステン,,todo,19,1d7d1229e1,br=0 nl=0,1,
global:1324,コーラスニャ,,todo,19,648dddca73,br=0 nl=0,1,
global:1325,コーラスニル,,todo,19,0bed5d1ab1,br=0 nl=0,1,
global:1326,コーラスノア,,todo,19,8c1e095908,br=0 nl=0,2,
global:1327,コーラスパ,,todo,16,cc816e16c7,br=0 nl=0,1,
global:1328,コーラスム,,todo,16,626c816188,br=0 nl=0,1,
global:1329,ゴマすっても何も出ませんよ？,拍马屁也什么都不会给你哦？,translated,43,bf1b297fb9,br=0 nl=0,1,
global:1330,ゴーディーボイス,华丽之声,translated,64,2d59b96b3a,br=0 nl=0,3,
global:1331,ゴートホーン,山羊角,translated,19,3420c4e025,br=0 nl=0,3,
global:1332,サイバーです。説明台詞を聞くたびに声優さんってすごいんだなーと思います。サーリとか。<CR>（柳川）,这很赛博。每次听解说台词时我都觉得声优真是太厉害了（柳川）,translated,143,453de9fb4c,<CR> br=0 nl=0,1,keep-tags <CR>; src-longest-line=50
global:1333,サイバーゾーン的なBGMです。バーチャルリアリティでも、現実のサイバーな施設でも似合いそうです。といっても、ハイテクではあれどディストピア的な雰囲気すらあるこの曲、かかれば間違いなく痛い思いをしそうです。<CR>ところで、映画などで近未来を舞台にした作品って、どうしてその殆どがディストピアものなのでしょう。かくいうこのシェルノサージュも大して変わりはしませんが。理由はわかりませんが、ディストピアものって、何か興味がそそられて見てしまいますよね。どういう心理効果なのでしょうか。（土屋）,赛博区域风格的BGM。无论是虚拟现实，还是现实中的赛博设施，感觉都很相衬。虽说如此，这首曲子虽属高科技却隐隐透着一股反乌托邦氛围，放起来感觉肯定会让人吃苦头呢。<CR>话说回来，电影等以近未来为舞台的作品，不知为何绝大多数都是反乌托邦题材呢。虽说这部Ciel nosurge其实也半斤八两就是了。虽然不知道具体缘由，但反乌托邦作品总会让人莫名被勾起兴趣忍不住去看呢。这是什么心理效应呢。（土屋）,translated,719,2bcc3b2648,<CR> br=0 nl=0,1,keep-tags <CR>; src-longest-line=244
global:1334,サイバープラグ,赛博插头,translated,22,b631aedb11,br=0 nl=0,3,
global:1335,サイン１,签名1,translated,13,f7e20b94f6,br=0 nl=0,48,
global:1336,サタンホーン,撒旦之角,translated,19,ac28f06bd0,br=0 nl=0,3,
global:1337,サタンユニコーン,撒旦独角兽,translated,64,466b4d0b24,br=0 nl=0,3,
global:1338,サビが終わるとなぜか半音だけ調が下がっていてループのときに半音上がるという不思議転調な曲です。自分でもよく分かりません。（柳川）,副歌结束时不知为何调性只降了半音，而在循环时又升回半音，是一首奇妙转调的曲子。我自己也搞不太懂。（柳川）,translated,193,19f4a3189c,br=0 nl=0,1,src-longest-line=64
global:1339,サファイアリング,蓝宝石光环,translated,64,f7cac01ebf,br=0 nl=0,3,
global:1340,サファイアロント,蓝宝石隆特,translated,64,b51b60ed6d,br=0 nl=0,1,
global:1341,サブカテゴリー：プラグイン,子类别：插件,translated,64,bbd7da599b,br=0 nl=0,1,
global:1342,サブカテゴリー：工作,子类别：手工,translated,64,c0e53c32fa,br=0 nl=0,1,
global:1343,サブカテゴリー：服飾,子类别：服饰,translated,64,21ecf65bf2,br=0 nl=0,1,
global:1344,サブカテゴリー：特別,子类别：特殊,translated,64,4fac361933,br=0 nl=0,1,
global:1345,サブカテゴリー：食料,子类别：食品,translated,64,47d24d922e,br=0 nl=0,1,
global:1346,サンキャット,太阳猫,translated,19,bf6205eddb,br=0 nl=0,1,
global:1347,サンツイン,太阳双马尾,translated,16,72edd6ffb9,br=0 nl=0,1,
global:1348,サンテイル,太阳之尾,translated,16,464f75acf6,br=0 nl=0,1,
global:1349,サンライトガオ,阳光之颜,translated,22,e3a149b9c3,br=0 nl=0,3,
global:1350,サンリーフ,太阳绿叶,translated,16,d805bf33aa,br=0 nl=0,1,
global:1351,サンロント,太阳隆特,translated,16,a4f2b91a0b,br=0 nl=0,1,
global:1352,サージュコンテスト１,Surge大赛1,translated,31,0e0f5c4d75,br=0 nl=0,1,
global:1353,サージュコンテスト１０,Surge大赛10,translated,34,95d5e27120,br=0 nl=0,1,
global:1354,サージュコンテスト２,Surge大赛2,translated,31,c1772cc5b5,br=0 nl=0,1,
global:1355,サージュコンテスト３,Surge大赛3,translated,31,77ac044a71,br=0 nl=0,1,
global:1356,サージュコンテスト４,Surge大赛4,translated,31,3ec9c7b72c,br=0 nl=0,1,
global:1357,サージュコンテスト５,Surge大赛5,translated,31,bf32bb8c85,br=0 nl=0,1,
global:1358,サージュコンテスト６,Surge大赛6,translated,31,4cead4833a,br=0 nl=0,1,
global:1359,サージュコンテスト７,Surge大赛7,translated,31,96593e7993,br=0 nl=0,1,
global:1360,サージュコンテスト８,Surge大赛8,translated,31,fc36c9b12b,br=0 nl=0,1,
global:1361,サージュコンテスト９,Surge大赛9,translated,31,ae7f464447,br=0 nl=0,1,
global:1362,ザーメン,,todo,13,00f2182f31,br=0 nl=0,1,
global:1363,シェタン,,todo,13,ece82055d7,br=0 nl=0,2,
global:1364,シェルノトロンでも写メって撮れるんですね～。最初にこの曲を聴ける場所、ネイがイオンと一番最初に出逢ったときのシーンですが、そこでネイが写メを撮るんです。<CR>シェルノトロンの写メは記憶の保存に近い形なので、目視できる形で再現するにはテレビが必要です。もしくはお店でプリントも出来ます。もちろん、撮影した本人は同調する事でいつでも見る事が出来ます。なんだか写メの取扱説明書になってしまいました。（土屋）,原来榭鲁诺特伦也能拍照发照片呢～。最初能听到这首曲子的地方，是妮伊与依恩最初相逢时的场景，妮伊在彼处拍了照片。<CR>榭鲁诺特伦的照片类似于保存记忆的形式，要想以肉眼可见的形式重现需要用到电视机。或者也可以在店里打印出来。当然，拍摄者本人通过同调随时都可以查看。不知不觉变成拍照功能的使用说明书了。（土屋）,translated,596,41f14a8031,<CR> br=0 nl=0,1,keep-tags <CR>; src-longest-line=201
global:1365,シェール,,todo,13,280bfa807a,br=0 nl=0,4,
global:1366,シズマレオレノテ,平息吧吾之右手,translated,32,999c0c7dc7,br=0 nl=0,27,
global:1367,シャシャ,,todo,13,da7afe12c0,br=0 nl=0,4,
global:1368,シャノワ,,todo,13,8e9570ef60,br=0 nl=0,3,
global:1369,シャラ,,todo,10,cd0ed3e5e3,br=0 nl=0,2,
global:1370,シャラノイアの曲。寒い日に聞くと、いい感じかも。ちなみに最近ちょうど寒くなってきました。今すぐにでも布団へダイブしたい。（柳川）,沙拉诺亚的曲子。在寒冷的日子里听，感觉或许不错。顺便一提最近正好变冷了。真想现在立刻就钻进被窝里。（柳川）,translated,193,747c07e0b9,br=0 nl=0,1,src-longest-line=64
global:1371,シャワーのこと,淋浴的事,translated,22,dc161d1e56,br=0 nl=0,1,
global:1372,シャール,夏尔,translated,13,aba0da7de3,br=0 nl=0,1,
global:1373,シャールANNEX,夏尔ANNEX,translated,18,2c61c44e7a,br=0 nl=0,2,
global:1374,シャールExp.,夏尔Exp.,translated,17,48eb0fc27e,br=0 nl=0,1,
global:1375,シャールLOVE１,夏尔LOVE1,translated,64,c4981ccb22,br=0 nl=0,1,
global:1376,シャールLOVE２,夏尔LOVE2,translated,64,ccecc7bb95,br=0 nl=0,1,
global:1377,シャールLOVE３,夏尔LOVE3,translated,64,06cb48acef,br=0 nl=0,1,
global:1378,シャールとのシンクロ率１００％突破,与夏尔的同步率突破100%,translated,52,9fb4a93a55,br=0 nl=0,2,
global:1379,シャールとのシンクロ率３０％突破,与夏尔的同步率突破30%,translated,49,526d77f23f,br=0 nl=0,2,
global:1380,シャールとのシンクロ率６０％突破,与夏尔的同步率突破60%,translated,49,b11cb54820,br=0 nl=0,2,
global:1381,シャールにタッチしてくれました。,轻触了夏尔。,translated,49,7eb1eed97d,br=0 nl=0,1,
global:1382,シャールのレベル１０突破,夏尔等级突破10,translated,37,b53406ebd7,br=0 nl=0,2,
global:1383,シャールのレベル１５突破,夏尔等级突破15,translated,37,9be4575c98,br=0 nl=0,2,
global:1384,シャールのレベル５突破,夏尔等级突破5,translated,34,b78fbda3aa,br=0 nl=0,2,
global:1385,シャールの中で最も多く見かけ\nる葉のような衣を有する種族。\n気性は穏やかで、コミュニケー\nション能力も高い。,"在夏尔中最常见的、身着如
树叶般衣装的种族。
性情温和，
社交沟通能力也很高。",translated,256,30892b8fbe,br=0 nl=0,3,src-longest-line=57
global:1386,シャールの巣,夏尔之巢,translated,19,4fa43165a7,br=0 nl=0,2,
global:1387,"シャールの巣

に来た","夏尔之巢

来到了",translated,30,5a95808b39,br=0 nl=2,3,
global:1388,"シャールの巣
　ACTIVITY
　　勲章一覧
を選択","夏尔之巢
　ACTIVITY
　　勋章一览
请选择",translated,60,447b685276,br=0 nl=3,1,src-lines=4
global:1389,"シャールの巣
　ACTIVITY
　　解放ボーナス
を選択","夏尔之巢
　ACTIVITY
　　解锁奖励
请选择",translated,66,16e2c7a58e,br=0 nl=3,1,src-lines=4
global:1390,"シャールの巣
　シャール
　　クエーサー情報

を選択","夏尔之巢
　夏尔
　　类星体信息

请选择",translated,74,5ae4812d20,br=0 nl=4,1,src-lines=5
global:1391,"シャールの巣
　シャール（モデル）

を選択","夏尔之巢
　夏尔（模型）

请选择",translated,61,747c637a96,br=0 nl=3,1,src-lines=4
global:1392,"シャールの巣
フレンドシャールの巣
　シャール（モデル）

を選択","夏尔之巢
好友夏尔之巢
　夏尔（模型）

请选择",translated,92,9915660fab,br=0 nl=4,1,src-lines=5
global:1393,"シャールの巣
フレンドシャールの巣
　フレンド一覧

をタップ","夏尔之巢
好友夏尔之巢
　好友列表

请点击",translated,86,69588acb45,br=0 nl=4,1,src-lines=5
global:1394,シャールの種族変更が可能になります。,可以变更夏尔的种族了。,translated,55,cc4ff70c6b,br=0 nl=0,1,
global:1395,シャールの種族変更追加,追加夏尔种族变更,translated,34,1e205314d1,br=0 nl=0,1,
global:1396,シャールを１回無料で契約できるようになります。,可免费与夏尔进行1次契约。,translated,70,f94696c558,br=0 nl=0,10,
global:1397,シャールウィッシュ,夏尔心愿,translated,28,99ab97cb2a,br=0 nl=0,1,
global:1398,シャールコミュに参加しました。,已参加夏尔社区。,translated,46,2fafa18c01,br=0 nl=0,1,
global:1399,シャールシンクロ率１,夏尔同步率1,translated,64,582dd915f8,br=0 nl=0,1,
global:1400,シャールシンクロ率２,夏尔同步率2,translated,64,aa7eeae76a,br=0 nl=0,1,
global:1401,シャールシンクロ率３,夏尔同步率3,translated,64,cedb3a97ec,br=0 nl=0,1,
global:1402,シャールパワー１,夏尔力量1,translated,64,4065bfe1e4,br=0 nl=0,1,
global:1403,シャールパワー２,夏尔力量2,translated,64,0ca25b188b,br=0 nl=0,1,
global:1404,シャールパワー３,夏尔力量3,translated,64,af8fc05e08,br=0 nl=0,1,
global:1405,シャールレベル,夏尔等级,translated,32,597464f0c0,br=0 nl=0,1,
global:1406,シャール修復力,夏尔修复力,translated,32,42b37b81a8,br=0 nl=0,1,
global:1407,シャール回復量,夏尔回复量,translated,32,625e5bd6b3,br=0 nl=0,1,
global:1408,シャール契約無料券１回分,夏尔契约免费券1次,translated,64,4322f5fd6e,br=0 nl=0,10,
global:1409,シャール所持数１,夏尔持有数1,translated,25,1fb5a710dd,br=0 nl=0,1,
global:1410,シャール所持数１体突破,夏尔持有数突破1只,translated,34,c89de2a1e9,br=0 nl=0,2,
global:1411,シャール所持数２,夏尔持有数2,translated,25,908577bd3d,br=0 nl=0,1,
global:1412,シャール所持数３,夏尔持有数3,translated,25,89f04000a8,br=0 nl=0,1,
global:1413,シャール所持数３体突破,夏尔持有数突破3只,translated,34,05336208b6,br=0 nl=0,2,
global:1414,シャール所持数６体突破,夏尔持有数突破6只,translated,34,b4080e2659,br=0 nl=0,2,
global:1415,シャール指導力,夏尔指导力,translated,32,bd42bfd443,br=0 nl=0,1,
global:1416,シャール生成,夏尔生成,translated,48,4bef7e6d48,br=0 nl=0,1,
global:1417,シャール種族変更,夏尔种族变更,translated,25,0d7db5f82a,br=0 nl=0,2,
global:1418,シャール送信回数,夏尔输送次数,translated,32,4202c24828,br=0 nl=0,1,
global:1419,シャール送信量,夏尔输送量,translated,32,9aa369bad8,br=0 nl=0,1,
global:1420,シャール選択,选择夏尔,translated,19,ee62bf829e,br=0 nl=0,1,
global:1421,"シャール（モデル）
　お礼メッセージ

をタップ","夏尔（模型）
　谢意消息

请点击",translated,67,4673e21353,br=0 nl=3,1,src-lines=4
global:1422,"シャール（モデル）
　シャールの詳細
　　コスチューム
　　　変更部位選択

を選択","夏尔（模型）
　夏尔详情
　　服装
　　　变更部位选择

请选择",translated,117,f52f28e8f8,br=0 nl=5,1,src-lines=6
global:1423,"シャール（モデル）
　シャールの詳細
　　コスチューム
を選択","夏尔（模型）
　夏尔详情
　　服装
请选择",translated,88,b779f0e4c0,br=0 nl=3,1,src-lines=4
global:1424,"シャール（モデル）
　シャールの詳細
　　スキルセット

を選択","夏尔（模型）
　夏尔详情
　　技能套装

请选择",translated,89,20fee7888d,br=0 nl=4,1,src-lines=5
global:1425,"シャール（モデル）
　シャールの詳細
　　スキルセット
　　　スロット

を選択","夏尔（模型）
　夏尔详情
　　技能套装
　　　槽位

请选择",translated,111,eee0506393,br=0 nl=5,1,src-lines=6
global:1426,"シャール（モデル）
　シャールの詳細
　　ランキング状況

をタップ","夏尔（模型）
　夏尔详情
　　排行情况

请点击",translated,95,4c9e8e0d71,br=0 nl=4,1,src-lines=5
global:1427,"シャール（モデル）
　シャールの詳細
　　能力開放

を選択","夏尔（模型）
　夏尔详情
　　能力解放

请选择",translated,83,b5e01b4102,br=0 nl=4,1,src-lines=5
global:1428,"シャール（モデル）
　シャールの詳細
　　能力開放
　　　コスチューム開放

を選択","夏尔（模型）
　夏尔详情
　　能力解放
　　　服装解放

请选择",translated,117,3ddc7dcd0a,br=0 nl=5,1,src-lines=6
global:1429,"シャール（モデル）
　シャールの詳細
　　能力開放
　　　コスチューム開放
　　　　開放部位

を選択","夏尔（模型）
　夏尔详情
　　能力解放
　　　服装解放
　　　　解放部位

请选择",translated,256,0183e64fdc,br=0 nl=6,1,src-lines=7
global:1430,"シャール（モデル）
　シャールの詳細
　　能力開放
　　　スキル習得

を選択","夏尔（模型）
　夏尔详情
　　能力解放
　　　技能习得

请选择",translated,108,3ed407ffe1,br=0 nl=5,1,src-lines=6
global:1431,"シャール（モデル）
　シャール情報

を選択","夏尔（模型）
　夏尔信息

请选择",translated,61,f9ea0d117f,br=0 nl=3,2,src-lines=4
global:1432,"シャール（モデル）
　シャール情報
　　能力情報

を選択","夏尔（模型）
　夏尔信息
　　能力信息

请选择",translated,80,8e41a55131,br=0 nl=4,1,src-lines=5
global:1433,"シャール（モデル）
　繋がり履歴

をタップ","夏尔（模型）
　连接履历

请点击",translated,61,9142376521,br=0 nl=3,1,src-lines=4
global:1434,シュッとした尻尾,,todo,32,05798542c7,br=0 nl=0,49,
global:1435,ショッピングセンター,购物中心,translated,31,e7396dae46,br=0 nl=0,1,
global:1436,ショート,短款,translated,13,58dd9da25c,br=0 nl=0,302,
global:1437,"ショートカット
　シャールウィッシュ

を選択","快捷方式
　夏尔心愿

请选择",translated,64,114570e2b5,br=0 nl=3,1,src-lines=4
global:1438,"ショートカット
　廃墟修復速報

を選択","快捷方式
　废墟修复速报

请选择",translated,55,7aa7261a54,br=0 nl=3,1,src-lines=4
global:1439,ショートカール,短卷发,translated,32,ba5c5e3cfb,br=0 nl=0,240,
global:1440,シルバリ鉄尾,银白铁尾,translated,19,84674162e6,br=0 nl=0,3,
global:1441,シルバーアルリー,银色阿尔莉,translated,64,6e2a3e96e2,br=0 nl=0,1,
global:1442,シルバーイオン,银色依恩,translated,22,3371ec17d7,br=0 nl=0,1,
global:1443,シルバーカール,银色卷发,translated,22,c4f17211ff,br=0 nl=0,1,
global:1444,シルバーショート,银色短款,translated,64,de601df39c,br=0 nl=0,1,
global:1445,シルバーベリー,银色莓果,translated,64,6256ad67ea,br=0 nl=0,1,
global:1446,シルバーボブ,银色波波头,translated,19,c57a4499a2,br=0 nl=0,1,
global:1447,シルバーロング,银色长款,translated,22,9e83b0e405,br=0 nl=0,1,
global:1448,シロメガネ,白色眼镜,translated,64,120c1de272,br=0 nl=0,3,
global:1449,シンフォリズム,交响韵律,translated,22,ae71dcb884,br=0 nl=0,1,
global:1450,シータ,,todo,10,58907135ce,br=0 nl=0,1,
global:1451,シータス,,todo,13,ced694d2ce,br=0 nl=0,1,
global:1452,シータト,,todo,13,4cd4e75cc5,br=0 nl=0,1,
global:1453,シータニャ,,todo,16,b6af609269,br=0 nl=0,1,
global:1454,シータミル,,todo,16,a040ff70d7,br=0 nl=0,1,
global:1455,シータム,,todo,13,13203a66c1,br=0 nl=0,1,
global:1456,"ジ

をタップ","息

请点击",translated,18,6365eef94f,br=0 nl=2,1,
global:1457,"ジを伝えます。

　・７次元INFO
　　　ジェノミリンク等の情報を表示します。

　・情報を見る
　　　各種情報を確認します。

●戻る
　一つ前の画面に戻ります。","传递消息。

　・7次元INFO
　　　显示杰诺米链接等相关信息。

　・查看信息
　　　确认各类信息。

●返回
　返回前一个画面。",translated,1064,bb010387a2,br=0 nl=9,8,src-lines=10
global:1458,ジェニー,,todo,13,341e4dc34a,br=0 nl=0,4,
global:1459,ジェノマップ曲。<CR>ＭＥ（ミュージックエフェクト）っぽくという指定だったので、曲というよりは環境音的ですね。心地よく沈んでいくイメージ。（柳川）,梦境地图曲。<CR>因为要求制作成类似ME（音乐音效）的风格，所以比起乐曲更偏向于环境音呢。营造出惬意沉沦其中的意象。（柳川）,translated,215,75ce9f348d,<CR> br=0 nl=0,1,keep-tags <CR>; src-longest-line=74
global:1460,ジェノミリンク,杰诺米链接,translated,22,567e4b286b,br=0 nl=0,1,
global:1461,ジェノミリンクとは,关于杰诺米链接,translated,28,aa77155954,br=0 nl=0,1,
global:1462,ジェノミリンク解説,杰诺米链接解说,translated,28,baf4d14e27,br=0 nl=0,2,
global:1463,ジェノメトリクス,梦世界,translated,256,472bff30ce,br=0 nl=0,1,
global:1464,ジェーン,,todo,13,7de6654b1e,br=0 nl=0,2,
global:1465,ジプシー,,todo,13,277f67d632,br=0 nl=0,1,
global:1466,ジャンケンをする,猜拳,translated,25,2501a59919,br=0 nl=0,1,
global:1467,ジュリエ,,todo,13,c214baa095,br=0 nl=0,2,
global:1468,ジル,吉鲁,translated,7,56d6edb965,br=0 nl=0,13,
global:1469,ジーン,,todo,10,b5454b1168,br=0 nl=0,1,
global:1470,ジーンアン,,todo,16,914159defe,br=0 nl=0,1,
global:1471,ジーンス,,todo,13,81fad7e5eb,br=0 nl=0,2,
global:1472,ジーンテン,,todo,16,072ee8a109,br=0 nl=0,1,
global:1473,ジーンノア,,todo,16,962b4947c3,br=0 nl=0,1,
global:1474,ジーンパ,,todo,13,0e93fdeac8,br=0 nl=0,1,
global:1475,ジーンミル,,todo,16,84a9988fb8,br=0 nl=0,1,
global:1476,スカイキャット,天蓝猫,translated,22,f621578304,br=0 nl=0,1,
global:1477,スカイフライ,天蓝羽翼,translated,19,1fea2359c2,br=0 nl=0,3,
global:1478,スカイロント,天蓝隆特,translated,19,1643b5a3de,br=0 nl=0,1,
global:1479,スカイワンド,天蓝魔杖,translated,19,ef5c123a85,br=0 nl=0,3,
global:1480,スカトロ,,todo,13,6c04311196,br=0 nl=0,2,
global:1481,スカードリル,伤疤钻头,translated,19,e0770c9299,br=0 nl=0,3,
global:1482,スキル,技能,translated,10,c1bb54dfca,br=0 nl=0,1,
global:1483,スキルリサイクル,技能回收,translated,25,b06fb72469,br=0 nl=0,1,
global:1484,スキル変更,变更技能,translated,16,ab54690491,br=0 nl=0,1,
global:1485,スキル投票変更,技能投票变更,translated,22,336608d381,br=0 nl=0,1,
global:1486,スキル追加,追加技能,translated,16,7031569564,br=0 nl=0,6,
global:1487,スキル選択,选择技能,translated,16,bfc573928a,br=0 nl=0,1,
global:1488,スタッフへメール,给员工发邮件,translated,25,ce13958df5,br=0 nl=0,2,
global:1489,ステンドフライ,花窗羽翼,translated,22,09b65a003a,br=0 nl=0,3,
global:1490,"スト

を選択","表

请选择",translated,18,f0068afeda,br=0 nl=2,1,
global:1491,スペリウス属,斯佩利乌斯属,translated,19,e18b78c632,br=0 nl=0,1560,
global:1492,スペルマ,,todo,13,7228168adf,br=0 nl=0,1,
global:1493,スマーティ,,todo,16,51ab9a1a5a,br=0 nl=0,1,
global:1494,スマーティアン,,todo,22,11c1818b33,br=0 nl=0,1,
global:1495,スマーティト,,todo,19,96c82a8932,br=0 nl=0,2,
global:1496,スマーティニャ,,todo,22,bf428670a1,br=0 nl=0,1,
global:1497,スマーティニル,,todo,22,9ac1521d82,br=0 nl=0,1,
global:1498,スマーティポン,,todo,22,870c242084,br=0 nl=0,1,
global:1499,スマーティム,,todo,19,34115df872,br=0 nl=0,1,
global:1500,スマーティリル,,todo,22,f4609b63e3,br=0 nl=0,1,
global:1501,スラスタ,推进器,translated,13,37d38aaaf9,br=0 nl=0,55,
global:1502,セカイリンク,世界链接,translated,19,246a7408ea,br=0 nl=0,1,
global:1503,セクシー,性感,translated,128,2c3c1a1af8,br=0 nl=0,2,
global:1504,セクース,,todo,13,5884b9d2e3,br=0 nl=0,1,
global:1505,セッ○ス,,todo,13,765fc376d4,br=0 nl=0,1,
global:1506,セックス,,todo,13,f8d4c83a49,br=0 nl=0,1,
global:1507,セピアアルリー,乌贼褐阿尔莉,translated,22,2411fd5318,br=0 nl=0,1,
global:1508,セピアイオン,乌贼褐依恩,translated,19,eb0ee31690,br=0 nl=0,1,
global:1509,セピアカール,乌贼褐卷发,translated,19,72428f3eee,br=0 nl=0,1,
global:1510,セピアキャット,乌贼褐猫,translated,22,574e5010f0,br=0 nl=0,1,
global:1511,セピアショート,乌贼褐短款,translated,64,3eabf9f3b0,br=0 nl=0,1,
global:1512,セピアツイン,乌贼褐双马尾,translated,19,98b3f82666,br=0 nl=0,1,
global:1513,セピアテイル,乌贼褐之尾,translated,64,dd2f2bd4fa,br=0 nl=0,1,
global:1514,セピアベリー,乌贼褐莓果,translated,64,43965a3876,br=0 nl=0,1,
global:1515,セピアボブ,褐波波头,translated,16,7ff3a40848,br=0 nl=0,1,
global:1516,セピアロング,乌贼褐长款,translated,19,32a4c8d688,br=0 nl=0,1,
global:1517,センズリ,,todo,13,09e23c316a,br=0 nl=0,1,
global:1518,ソープ,,todo,10,e871a34a6e,br=0 nl=0,1,
global:1519,ソープでオーション,,todo,65,327a3e9916,br=0 nl=0,1,
global:1520,タイトルの元ネタは分かる人には分かるかな？テレビゲームのアイデアって本当に無尽蔵ですね。ルールの違うスポーツが絶え間なく産み出されているようなものですごいなあといつも思います。（あちわ）,标题的出处懂的人应该能看懂吧？电子游戏的创意还真是取之不尽呢。就仿佛规则各异的全新体育运动在源源不断地诞生一般，我总觉得实在很厉害。（あちわ）,translated,280,954fc1ef09,br=0 nl=0,1,src-longest-line=93
global:1521,"タイトル画面
　SETTING
　　データ移行
をタップ","标题画面
　SETTING
　　数据转移
请点击",translated,65,96059fa069,br=0 nl=3,1,src-lines=4
global:1522,"タイトル画面
　SETTING
を選択","标题画面
　SETTING
请选择",translated,40,70744a962d,br=0 nl=2,1,
global:1523,タイトル画面 SETTINGを選択 (CielDX用),标题画面 选择SETTING (CielDX用),translated,48,286344b6a8,br=0 nl=0,1,src-longest-line=27
global:1524,"タイムライン
　フィルター","时间线
　筛选",translated,38,0c13f3fc56,br=0 nl=1,1,
global:1525,"タイムライン
　ユーザーのつぶやき

をタップ","时间线
　用户的碎碎念

请点击",translated,64,86ea67e36e,br=0 nl=3,1,src-lines=4
global:1526,"タイムライン
　ユーザーのつぶやき
　　メール送信

をタップ","时间线
　用户的碎碎念
　　发送邮件

请点击",translated,86,e9126ad83a,br=0 nl=4,1,src-lines=5
global:1527,"タイムライン
　ユーザーのつぶやき
　　ユーザー情報

をタップ","时间线
　用户的碎碎念
　　用户信息

请点击",translated,89,9757f08206,br=0 nl=4,1,src-lines=5
global:1528,"タイムライン
　ユーザーのつぶやき
　　ユーザー情報
　　　活動情報

を選択","时间线
　用户的碎碎念
　　用户信息
　　　活动信息

请选择",translated,108,a60db16dd7,br=0 nl=5,1,src-lines=6
global:1529,"タイムライン
　ユーザーのつぶやき
　　ユーザー情報
　　　ＦＲ／ＦＯ

をタップ","时间线
　用户的碎碎念
　　用户信息
　　　FR／FO

请点击",translated,114,9cf69e9122,br=0 nl=5,1,src-lines=6
global:1530,"タイムライン
　ユーザーのつぶやき
　　ユーザー情報
　　　ＦＲ／ＦＯ
　　　　禁止ユーザー一覧

をタップ","时间线
　用户的碎碎念
　　用户信息
　　　FR／FO
　　　　黑名单用户列表

请点击",translated,256,d3c4390194,br=0 nl=6,1,src-lines=7
global:1531,"タイムライン
　ユーザーのつぶやき
　　返信

をタップ","时间线
　用户的碎碎念
　　回复

请点击",translated,77,efe357e84b,br=0 nl=4,1,src-lines=5
global:1532,ダイブゲート,潜入之门,translated,19,8529653f64,br=0 nl=0,2,
global:1533,ダイブゲートは物語への扉です。いわば、テーマパークアトラクションの直前待機所のような場所です。あそこで待ってるときって、不思議とすごく盛り上がりますよね。そういう風に作ってあるから当然ではあるのですが。ダイブゲートもそんな役割があります。ですから、ここのBGMが変わると、「ああっ、世界が変わったんだ」と思います。いよいよ佳境に入ってきたんだって。そしてこの曲を聴くと何故か崩壊編第一幕の、あのインパクト絶大な巨大扉しか思い浮かびません。<CR>（土屋）,潜入之门是通往故事的门扉。宛如主题公园游乐设施的排队等候区一般的地方。在那里等待的时候，不知为何心情会格外高涨呢。毕竟本来就是这样设计的，理所当然呢。潜入之门也肩负着这样的职责。因此，这里的BGM一旦发生变化，就会让人觉得“啊，世界变了”。终于要渐入佳境了呢。而且一听这首曲子，不知为何脑海中就只浮现出崩坏篇第一幕中那扇冲击力巨大的巨大门扉。<CR>（土屋）,translated,668,4b24c08c65,<CR> br=0 nl=0,1,keep-tags <CR>; src-longest-line=227
global:1534,ダイブゲート２,潜入之门2,translated,22,19959aef49,br=0 nl=0,1,
global:1535,ダイブゲート３,潜入之门3,translated,22,c2ae570317,br=0 nl=0,1,
global:1536,ダウナー,低沉,translated,128,ec598221b1,br=0 nl=0,2,
global:1537,"ダブゲート

に来た","潜入之门

来到了",translated,27,7b7d4396ed,br=0 nl=2,1,
global:1538,"ダブゲート
　ヒストリー

を選択","潜入之门
　历史记录

请选择",translated,46,d0edd6e5c2,br=0 nl=3,1,src-lines=4
global:1539,ダークユニコーン,暗黑独角兽,translated,64,2a31bec9ae,br=0 nl=0,3,
global:1540,チェス,,todo,10,782e2e5d21,br=0 nl=0,4,
global:1541,チェリーアルリー,樱桃阿尔莉,translated,64,3d6bd43eb0,br=0 nl=0,1,
global:1542,チェリーイオン,樱桃依恩,translated,22,0d700cbfc0,br=0 nl=0,1,
global:1543,チェリーウィング,樱桃羽翼,translated,64,989331d4b5,br=0 nl=0,3,
global:1544,チェリーカール,樱桃卷发,translated,22,84d4e4f21b,br=0 nl=0,1,
global:1545,チェリーキャット,樱桃猫,translated,64,30ecc29ee5,br=0 nl=0,1,
global:1546,チェリーショート,樱桃短款,translated,64,784ffb9856,br=0 nl=0,1,
global:1547,チェリーツイン,樱桃双马尾,translated,22,48bb1c671e,br=0 nl=0,1,
global:1548,チェリーテイル,樱桃之尾,translated,22,ba5d3dbee3,br=0 nl=0,1,
global:1549,チェリーベリー,樱桃莓果,translated,64,6c88db5242,br=0 nl=0,1,
global:1550,チェリーボブ,樱桃波波头,translated,19,5bdf8ba16d,br=0 nl=0,1,
global:1551,チェリーリング,樱桃光环,translated,22,d03e9a9c20,br=0 nl=0,3,
global:1552,チェリーリーフ,樱桃绿叶,translated,22,c628e8faf3,br=0 nl=0,1,
global:1553,チェリーロング,樱桃长款,translated,22,3ac9f0f467,br=0 nl=0,1,
global:1554,チェリーロント,樱桃隆特,translated,22,d59e3537d2,br=0 nl=0,1,
global:1555,チェン,,todo,10,db283ae5b8,br=0 nl=0,3,
global:1556,チチ,,todo,7,cc12285360,br=0 nl=0,1,
global:1557,チチス,,todo,10,058c9037f9,br=0 nl=0,1,
global:1558,チチニャ,,todo,13,aea8b25834,br=0 nl=0,1,
global:1559,チチニル,,todo,13,ba13245769,br=0 nl=0,1,
global:1560,チチノア,,todo,13,aa3fce2212,br=0 nl=0,1,
global:1561,チチノン,,todo,13,52f70b48a7,br=0 nl=0,1,
global:1562,チチポン,,todo,13,1108a69be5,br=0 nl=0,2,
global:1563,チチム,,todo,10,7607a763f3,br=0 nl=0,1,
global:1564,チチリー,,todo,13,ce1e41bee1,br=0 nl=0,1,
global:1565,チャパネ,,todo,13,b4fc6bce1e,br=0 nl=0,2,
global:1566,チューリップ,郁金香,translated,64,2d28a6e267,br=0 nl=0,3,
global:1567,チョコキャンディ,巧克糖,translated,64,5e16a1a413,br=0 nl=0,3,
global:1568,チョコ作り大奮闘！,制作巧克力大奋斗！,translated,28,c7f8070149,br=0 nl=0,1,
global:1569,チョー直ってきてるじゃん♪,修好超多的耶♪,translated,40,e6b6f756ad,br=0 nl=0,1,
global:1570,チンカス,,todo,13,a6cf981681,br=0 nl=0,1,
global:1571,チンコ,,todo,10,ace6a7c223,br=0 nl=0,2,
global:1572,チンポ,,todo,10,1b599f12e7,br=0 nl=0,2,
global:1573,ツンデレ,傲娇,translated,13,e590c6d606,br=0 nl=0,308,
global:1574,ツーショット,合照,translated,19,89111d2985,br=0 nl=0,1,
global:1575,ティアラ,头冠,translated,13,2131d3fa5d,br=0 nl=0,53,
global:1576,テイク,镜次,translated,10,1a459b8f75,br=0 nl=0,1,
global:1577,テイル,尾巴,translated,10,feda329beb,br=0 nl=0,12,
global:1578,テイル追加,追加尾巴,translated,16,ff6f1def2d,br=0 nl=0,5,
global:1579,テオレマ,定理,translated,13,f66c293be0,br=0 nl=0,1,
global:1580,テキパキ動いて修復するわよ。,看我麻利地行动把这里修好。,translated,43,2ec26bddf8,br=0 nl=0,1,
global:1581,テレくんとの同調シーンの曲。この曲も非常に短いながら、同調という設定を良く表現している曲ですね。<CR>ちょっと可愛い感じのメインメロディと、バッキングで奏でられている有機的でもあり、無機的でもある音色。これこそ、複雑な心の中を人知を越えた力で覗いている表現として最高のものであります！　パルス的な雰囲気が、脳波を想像させますよね。<CR>（土屋）,与泰勒君同调场景的曲子。虽然这首曲子也非常简短，却极佳地表现出了同调这一设定呢。<CR>略带可爱感的主旋律，以及伴奏中奏响的既带有有机质感又带有无机质感的音色。这作为通过超越人知的力量窥探复杂的内心世界的表现手法，实在堪称绝妙！脉冲般的氛围让人自然而然联想到脑电波呢。<CR>（土屋）,translated,507,591fc3a1ae,<CR> <CR> br=0 nl=0,1,keep-tags <CR>; src-longest-line=174
global:1582,テーニャ,,todo,13,f3db045b75,br=0 nl=0,1,
global:1583,テーニャネ,,todo,16,eb46f65396,br=0 nl=0,1,
global:1584,テーニャフル,,todo,19,8bbe90f554,br=0 nl=0,1,
global:1585,テーニャポン,,todo,19,972a46d540,br=0 nl=0,1,
global:1586,テーブル,桌子,translated,13,ad4232da13,br=0 nl=0,2,
global:1587,ディレクターから「どーん、ばーん」と説明されて、ああそれ系か！と。どーん、ばばーん、じょわーん。そんな曲です。（柳川）,总监说明时说了句“咚、磅”，我便顿悟“啊是那种类型啊！”。咚、噼里磅啷、哗啦。就是这般曲子。（柳川）,translated,178,11ac9192ac,br=0 nl=0,1,src-longest-line=59
global:1588,デモンセロファン,恶魔透明翼,translated,64,72bf69afa8,br=0 nl=0,3,
global:1589,デリヘル,,todo,13,e3c843a27e,br=0 nl=0,1,
global:1590,デリヘルナーション,,todo,65,2b4d82217a,br=0 nl=0,1,
global:1591,データ移行,数据转移,translated,16,51b039ea0c,br=0 nl=0,1,
global:1592,デートに誘う,邀请约会,translated,19,08f23e47b5,br=0 nl=0,2,
global:1593,デートの確認,确认约会,translated,19,a00d5e86d9,br=0 nl=0,1,
global:1594,デートの確認をする,进行约会确认,translated,28,edb2c7bf33,br=0 nl=0,1,
global:1595,トップメニュー,顶部菜单,translated,64,85806765d9,br=0 nl=0,1,
global:1596,トルコ風呂,,todo,48,6a64035f3b,br=0 nl=0,1,
global:1597,トロくても…,就算迟钝……,translated,19,d3a9a5450b,br=0 nl=0,1,
global:1598,トワイフライ,微光羽翼,translated,19,3f08869c67,br=0 nl=0,3,
global:1599,トンテンカン♪　どんどん直しちゃうよ♪,叮叮当当♪　看我一口气修好它♪,translated,58,d9bfc278f9,br=0 nl=0,1,
global:1600,トールセロファン,长款透明翼,translated,32,d19dbc19f8,br=0 nl=0,109,
global:1601,ドゥロセンス類,杜罗森斯类,translated,32,487fbab89f,br=0 nl=0,354,
global:1602,ドクトルエリュト,红博士,translated,64,302e4da74e,br=0 nl=0,3,
global:1603,ドクトルキュアノ,青博士,translated,64,a5e5bdddf6,br=0 nl=0,3,
global:1604,ドクトルクサン,黄博士,translated,22,5639ffb0c9,br=0 nl=0,3,
global:1605,ドクトルメラン,黑博士,translated,22,d120708f64,br=0 nl=0,3,
global:1606,ドコモ,,todo,10,faf79e5313,br=0 nl=0,1,
global:1607,ドナンベール,,todo,32,5cd6d68469,br=0 nl=0,1,
global:1608,ドナンベールチュ,,todo,32,9bb41a49e0,br=0 nl=0,1,
global:1609,ドナンベールテン,,todo,32,2b78a6a28d,br=0 nl=0,1,
global:1610,ドナンベールドン,,todo,32,2171f37b7a,br=0 nl=0,1,
global:1611,ドナンベールニル,,todo,32,9406027ac4,br=0 nl=0,1,
global:1612,ドナンベールノア,,todo,32,f132ce5cc0,br=0 nl=0,1,
global:1613,ドナンベールノン,,todo,32,5390a70476,br=0 nl=0,1,
global:1614,ドナンベールパ,,todo,22,e5ecb6c0b0,br=0 nl=0,1,
global:1615,ドナンベールミル,,todo,32,8279f8cd3a,br=0 nl=0,1,
global:1616,ドナンベールリル,,todo,32,dc841a9574,br=0 nl=0,1,
global:1617,ドムネク,,todo,32,fc3d439352,br=0 nl=0,1,
global:1618,ドムネクアン,,todo,19,479807a5a0,br=0 nl=0,1,
global:1619,ドムネククル,,todo,19,13dc9b1184,br=0 nl=0,1,
global:1620,ドムネクドン,,todo,19,14911cf23c,br=0 nl=0,1,
global:1621,ドムネクニャ,,todo,19,fc3afe484f,br=0 nl=0,1,
global:1622,ドムネクニル,,todo,19,0dc975afdc,br=0 nl=0,1,
global:1623,ドムネクネ,,todo,16,9b7415772c,br=0 nl=0,1,
global:1624,ドムネクパ,,todo,16,e19cb41529,br=0 nl=0,1,
global:1625,ドラゴン角,龙角,translated,16,373fd75048,br=0 nl=0,36,
global:1626,ドリル,钻头,translated,10,6ebbcd9de2,br=0 nl=0,38,
global:1627,ナイトキャット,夜猫,translated,22,22a1aa9a89,br=0 nl=0,1,
global:1628,ナイトセロファン,夜色透明翼,translated,64,9a9f23e794,br=0 nl=0,3,
global:1629,ナイトツイン,暗夜双马尾,translated,19,1050ceb83c,br=0 nl=0,1,
global:1630,ナイトテイル,夜色之尾,translated,64,dd012841a2,br=0 nl=0,1,
global:1631,ナイトデビル,夜色恶魔,translated,19,deedcd0eb2,br=0 nl=0,3,
global:1632,ナイトリング,夜色光环,translated,19,4c85ae1e56,br=0 nl=0,3,
global:1633,ナイトロント,夜色隆特,translated,19,0d0977e65b,br=0 nl=0,1,
global:1634,ナカダシ,,todo,13,73c755c7b9,br=0 nl=0,1,
global:1635,ナーススタイル,护士风格,translated,22,e48ddf3519,br=0 nl=0,42,
global:1636,ニノ,,todo,7,381ceacd21,br=0 nl=0,1,
global:1637,ニノアン,,todo,13,952b25f09e,br=0 nl=0,1,
global:1638,ニノクル,,todo,13,f3a0647412,br=0 nl=0,1,
global:1639,ニノサー,,todo,13,350341a7ce,br=0 nl=0,1,
global:1640,ニノス,,todo,10,8d1473685f,br=0 nl=0,1,
global:1641,ニノチュ,,todo,13,dbe67b4d77,br=0 nl=0,1,
global:1642,ニノニル,,todo,13,f3a7e791e6,br=0 nl=0,1,
global:1643,ニノリー,,todo,13,a397264577,br=0 nl=0,1,
global:1644,ネイ,妮伊,translated,7,dd82b752f9,br=0 nl=0,39,
global:1645,ネイがイオンの精神を、レオンのそれと入れ替えるために謳った詩。<CR>制作自体はチューブカンパニーであり、ネイはその想いを汲んで謳ったに過ぎない。<CR>ネプツールはこの詩によってレオンをこの世界に顕在させようとしたが、逆にこの詩によって封じられた。,妮伊为了将依恩的精神与雷昂的精神替换而讴歌的诗。<CR>制作本身出自管体公司，妮伊不过是顺应那份心愿将其唱响罢了。<CR>尼普楚尔企图借由这首诗让雷昂在这个世界显现，却反而被这首诗所封印。,translated,360,e4a183d55c,<CR> <CR> br=0 nl=0,13,keep-tags <CR>; src-longest-line=125
global:1646,ネネ,,todo,7,f469314bec,br=0 nl=0,1,
global:1647,ネネアン,,todo,13,130733c5ff,br=0 nl=0,1,
global:1648,ネネクル,,todo,13,d57a8d362e,br=0 nl=0,1,
global:1649,ネネサー,,todo,13,a4718fb7db,br=0 nl=0,1,
global:1650,ネネテン,,todo,13,6c101710fa,br=0 nl=0,1,
global:1651,ネネドン,,todo,13,40769ea5d2,br=0 nl=0,1,
global:1652,ネネネ,,todo,10,d4a706786c,br=0 nl=0,1,
global:1653,ネネノン,,todo,13,0186c9c461,br=0 nl=0,1,
global:1654,ネネリー,,todo,13,b7ce08ab72,br=0 nl=0,1,
global:1655,ネレイグラコスで最も多く見か\nける種族。七色に輝く美しい鱗\nを持ち、一度仲良くなると献身\n的につくしてくれる。,"在内雷格拉科斯中最常见的
种族。拥有七彩闪耀的美丽
鳞片，一旦关系亲近便会全心
全意地付出。",translated,163,b491d0a38a,br=0 nl=0,3,src-longest-line=58
global:1656,ネレイグラコスの中でも藻を張\nって巣を作る種族。いたずら好\nきで、そのときのみ普段では考\nえられない機敏さで活動する。,"在内雷格拉科斯中张挂藻类
筑巢的种族。生性淘气，仅
在恶作剧时才会以平时难以
想象的敏捷身手活动。",translated,256,18ac519cc2,br=0 nl=0,3,src-longest-line=62
global:1657,ネレイグラコス属,内雷格拉科斯属,translated,32,29396015be,br=0 nl=0,217,
global:1658,ネロによって可能性軸のズレてしまった、とある未来のお話。地文が大暴走をするお話です。地文は、良い方向に考えれば精神を鍛えて徳を積む、という人として大切なことを教えてくれる機関ですが、悪い方向に考えると、非常にカルト臭が強い組織です。<CR>この楽曲はもう、そのカルト方面に行き切っちゃって聖戦状態に突入しちゃってますね！（土屋）,因妮诺而导致可能性轴发生偏离的某段未来的故事。讲述了地文陷入大失控的故事。地文若往好的方面想，是教导人磨砺精神、积攒功德这一为人之道的机关；但若往坏的方面想，便是一个邪教色彩极浓的组织。<CR>而这首乐曲已经彻底倒向了邪教方向，直接突入圣战状态了呢！（土屋）,translated,485,66b52b33bd,<CR> br=0 nl=0,1,keep-tags <CR>; src-longest-line=164
global:1659,ネヴィア,,todo,13,137e07017d,br=0 nl=0,1,
global:1660,ネヴィアクル,,todo,19,b456c8624d,br=0 nl=0,1,
global:1661,ネヴィアニル,,todo,19,6d5115dee1,br=0 nl=0,1,
global:1662,ネヴィアノア,,todo,19,c6637fe828,br=0 nl=0,1,
global:1663,ネヴィアポン,,todo,19,5e320d40e9,br=0 nl=0,1,
global:1664,ネヴィアリー,,todo,19,e2476dd09d,br=0 nl=0,1,
global:1665,ノドガード,护喉,translated,16,fc905576f7,br=0 nl=0,3,
global:1666,ノルート,,todo,13,ff51521015,br=0 nl=0,1,
global:1667,ノルートサー,,todo,19,ce41fbb3ad,br=0 nl=0,1,
global:1668,ノルートテン,,todo,19,e8397de31f,br=0 nl=0,1,
global:1669,ノルートニャ,,todo,19,6aa687265b,br=0 nl=0,1,
global:1670,ノルートネ,,todo,16,ef85a84391,br=0 nl=0,1,
global:1671,ノルートポン,,todo,19,fabb0edbf0,br=0 nl=0,1,
global:1672,ノルートミル,,todo,19,fa1eb8772d,br=0 nl=0,1,
global:1673,ノルートリー,,todo,19,d2884ddfea,br=0 nl=0,1,
global:1674,ノーアイリス水,无虹膜水,translated,64,104bcfa634,br=0 nl=0,1,
global:1675,ノーブルボイス,高贵之声,translated,22,03116ae41c,br=0 nl=0,3,
global:1676,ハッピーバレンタイン！,情人节快乐！,translated,34,9534e2c005,br=0 nl=0,1,
global:1677,ハメ撮り,,todo,13,b03ff91d92,br=0 nl=0,1,
global:1678,ハーヴェスターシャ,哈维斯塔夏,translated,28,4a49451a6d,br=0 nl=0,1,
global:1679,バイブ,,todo,10,f2286811ba,br=0 nl=0,1,
global:1680,バイブらオーション,,todo,65,aaa6fe6b84,br=0 nl=0,1,
global:1681,バカ,,todo,7,470e70ff47,br=0 nl=0,1,
global:1682,バーニア,姿态喷管,translated,13,441b9c6036,br=0 nl=0,106,
global:1683,バーミリアルリー,朱红阿尔莉,translated,64,1c2e2dc73d,br=0 nl=0,1,
global:1684,バーミリイオン,朱红依恩,translated,22,043febc06a,br=0 nl=0,1,
global:1685,バーミリカール,朱红卷发,translated,22,a64c6b09bc,br=0 nl=0,1,
global:1686,バーミリキャット,朱红猫,translated,64,00784e02f8,br=0 nl=0,1,
global:1687,バーミリショート,朱红短款,translated,64,7e070983d1,br=0 nl=0,1,
global:1688,バーミリツイン,朱红双马尾,translated,22,7c25020543,br=0 nl=0,1,
global:1689,バーミリテイル,朱红之尾,translated,64,b1e77b50a5,br=0 nl=0,1,
global:1690,バーミリベリー,朱红莓果,translated,64,c807a67e49,br=0 nl=0,1,
global:1691,バーミリボブ,朱红波波头,translated,19,951a23fc0d,br=0 nl=0,1,
global:1692,バーミリリーフ,朱红绿叶,translated,22,cd06cb9b9b,br=0 nl=0,1,
global:1693,バーミリロング,朱红长款,translated,22,bb99552398,br=0 nl=0,1,
global:1694,パイオンガオ,派恩之颜,translated,19,ffef1723ae,br=0 nl=0,3,
global:1695,パイズリ,,todo,13,f65c255c51,br=0 nl=0,2,
global:1696,パイパン,,todo,13,b232382bd2,br=0 nl=0,1,
global:1697,パコ,,todo,7,83517e2a18,br=0 nl=0,1,
global:1698,パコサー,,todo,13,89df796a32,br=0 nl=0,1,
global:1699,パコパ,,todo,10,bfcbe9a2cd,br=0 nl=0,1,
global:1700,パコポン,,todo,13,52defec1b9,br=0 nl=0,1,
global:1701,パコミル,,todo,13,338d541d1a,br=0 nl=0,1,
global:1702,パコリー,,todo,13,da87c65787,br=0 nl=0,1,
global:1703,パステル,,todo,13,b5960c8c1a,br=0 nl=0,1,
global:1704,パステルクル,,todo,19,06bbd9af6b,br=0 nl=0,1,
global:1705,パステルス,,todo,16,09d852b88e,br=0 nl=0,1,
global:1706,パステルニャ,,todo,19,6c3bc100cb,br=0 nl=0,1,
global:1707,パステルノア,,todo,19,e2ef5b1e76,br=0 nl=0,1,
global:1708,パステルフル,,todo,19,56f12ab503,br=0 nl=0,1,
global:1709,パステルポン,,todo,19,587037031c,br=0 nl=0,2,
global:1710,パステルリー,,todo,19,c9a6128de3,br=0 nl=0,1,
global:1711,パトリシア,,todo,16,97cba98c85,br=0 nl=0,1,
global:1712,パトリシアサー,,todo,22,cb395311b2,br=0 nl=0,1,
global:1713,パトリシアチュ,,todo,22,2c118d3d8f,br=0 nl=0,1,
global:1714,パトリシアニル,,todo,22,d30550d67c,br=0 nl=0,1,
global:1715,パトリシアム,,todo,19,0534a5ede4,br=0 nl=0,1,
global:1716,パピヨンフェアリ,蝶影仙子,translated,64,4a83b4ce26,br=0 nl=0,3,
global:1717,パラム,,todo,10,af08c29bd5,br=0 nl=0,1,
global:1718,パラムス,,todo,13,0f21ea81a3,br=0 nl=0,1,
global:1719,パラムドン,,todo,16,b2fa2ec3e9,br=0 nl=0,1,
global:1720,パラムネ,,todo,13,f794b6758e,br=0 nl=0,1,
global:1721,パラムポン,,todo,16,ec95f77465,br=0 nl=0,1,
global:1722,パラムリル,,todo,16,be2630cea2,br=0 nl=0,1,
global:1723,パラメータ,参数,translated,16,3cf594bd5a,br=0 nl=0,39,
global:1724,パリ,,todo,7,3c54998e77,br=0 nl=0,1,
global:1725,パリシュ,,todo,13,b76affccb3,br=0 nl=0,1,
global:1726,パリシュクル,,todo,19,89c66bc99e,br=0 nl=0,1,
global:1727,パリシュパ,,todo,16,ed3be57c99,br=0 nl=0,1,
global:1728,パリシュリル,,todo,19,999e454c38,br=0 nl=0,1,
global:1729,パリス,,todo,10,38f4804755,br=0 nl=0,1,
global:1730,パリト,,todo,10,07de33c096,br=0 nl=0,2,
global:1731,パリネ,,todo,10,38c700ed54,br=0 nl=0,1,
global:1732,パリノア,,todo,13,2db7b973fc,br=0 nl=0,1,
global:1733,パリポン,,todo,13,8862f3e8a0,br=0 nl=0,1,
global:1734,パルム,,todo,10,e7d1b62121,br=0 nl=0,1,
global:1735,パルムクル,,todo,16,b0d59c21a2,br=0 nl=0,1,
global:1736,パルムト,,todo,13,3112b66c86,br=0 nl=0,1,
global:1737,パルムニル,,todo,16,7ccd4730fe,br=0 nl=0,1,
global:1738,パルムネ,,todo,13,2cd6fc100d,br=0 nl=0,1,
global:1739,パルムパ,,todo,13,6713ac7218,br=0 nl=0,1,
global:1740,パルムミル,,todo,16,8552718ffc,br=0 nl=0,1,
global:1741,パルムリー,,todo,16,b5b847375e,br=0 nl=0,1,
global:1742,パンタスウィング,潘塔斯羽翼,translated,64,a80cbe2a11,br=0 nl=0,3,
global:1743,パンツ,,todo,10,fe643b80ac,br=0 nl=0,1,
global:1744,パンツてオーション,,todo,65,4d664c3a41,br=0 nl=0,1,
global:1745,パンティ,,todo,13,c24597ddd9,br=0 nl=0,1,
global:1746,パンティぷーション,,todo,65,0062a95e47,br=0 nl=0,1,
global:1747,パーツ屋,零件店,translated,13,734500a224,br=0 nl=0,1,
global:1748,パープルキャット,紫色猫,translated,64,646bfac048,br=0 nl=0,1,
global:1749,パープルツイン,紫色双马尾,translated,22,24d46a25a7,br=0 nl=0,1,
global:1750,パープルテイル,紫色之尾,translated,22,9f7f2947b5,br=0 nl=0,1,
global:1751,パープルリーフ,紫色绿叶,translated,22,5bc4737d0e,br=0 nl=0,1,
global:1752,ヒアシンアルリー,风信子阿尔莉,translated,64,af1c8770da,br=0 nl=0,1,
global:1753,ヒアシンイオン,风信子依恩,translated,22,364a3b15ec,br=0 nl=0,1,
global:1754,ヒアシンカール,风信子卷发,translated,22,f36e480669,br=0 nl=0,1,
global:1755,ヒアシンキャット,风信子猫,translated,64,5bd82ff73d,br=0 nl=0,1,
global:1756,ヒアシンショート,风信子短款,translated,64,c050ab5979,br=0 nl=0,1,
global:1757,ヒアシンステイル,风信子之尾,translated,64,1a1d1cbacc,br=0 nl=0,1,
global:1758,ヒアシンツイン,风信子双马尾,translated,22,bf8e89d69c,br=0 nl=0,1,
global:1759,ヒアシンベリー,风信子莓果,translated,64,60b7552159,br=0 nl=0,1,
global:1760,ヒアシンボブ,风信子波波头,translated,19,d2de676f45,br=0 nl=0,1,
global:1761,ヒアシンリーフ,风信子绿叶,translated,22,9971189708,br=0 nl=0,1,
global:1762,ヒアシンロング,风信子长款,translated,22,581e070d9b,br=0 nl=0,1,
global:1763,ヒストリー,历史记录,translated,16,035128002c,br=0 nl=0,1,
global:1764,ヒマワリ,向日葵,translated,13,af6005e66f,br=0 nl=0,3,
global:1765,ヒュミネ,,todo,13,d366f072be,br=0 nl=0,2,
global:1766,ヒュムノポイント１０００pts.突破,HymP突破1000pts.,translated,128,b68e588833,br=0 nl=0,1,
global:1767,ヒュムノポイント１００００pts.突破,HymP突破10000pts.,translated,128,5aadd0ced0,br=0 nl=0,1,
global:1768,ヒュムノポイント５０００pts.突破,HymP突破5000pts.,translated,128,c7e6ac5579,br=0 nl=0,1,
global:1769,ビッチ,,todo,10,460e9a288a,br=0 nl=0,1,
global:1770,ビッチまんーション,,todo,65,76dc3cc25a,br=0 nl=0,1,
global:1771,ビューティ,,todo,16,6bb503682a,br=0 nl=0,4,
global:1772,ピアノのみの曲などを避ける方針だったので、悲しい系の曲ですがそれなりに厚くアレンジしています。意外と難しかった…（柳川）,由于方针是避免仅由钢琴独奏等编曲，所以虽是悲伤系的曲子，但也进行了相应丰满厚实的编曲。意外地有难度呢……（柳川）,translated,181,b94c2f1a87,br=0 nl=0,1,src-longest-line=60
global:1773,ピッカピカにしてあげるからね～,我会帮你擦得闪闪发亮哦～,translated,46,0017fc51fa,br=0 nl=0,1,
global:1774,ピュア,,todo,10,fa701e96d2,br=0 nl=0,3,
global:1775,ピュアアルリー,纯净阿尔莉,translated,22,9d5e0d4bf2,br=0 nl=0,1,
global:1776,ピュアイオン,纯净依恩,translated,19,8d27af5510,br=0 nl=0,1,
global:1777,ピュアカール,纯净卷发,translated,19,03586d4781,br=0 nl=0,1,
global:1778,ピュアキャット,纯净猫,translated,22,9835f6b29e,br=0 nl=0,1,
global:1779,ピュアショート,纯净短款,translated,22,c8daf95d92,br=0 nl=0,1,
global:1780,ピュアテイル,纯净之尾,translated,19,7540b0aec6,br=0 nl=0,1,
global:1781,ピュアベリー,纯净莓果,translated,19,30233a123e,br=0 nl=0,1,
global:1782,ピュアボブ,纯净波波头,translated,16,61ff9fb320,br=0 nl=0,1,
global:1783,ピュアユニコーン,纯净独角兽,translated,64,350d4300dc,br=0 nl=0,3,
global:1784,ピュアリング,纯净光环,translated,19,9db463a57f,br=0 nl=0,3,
global:1785,ピュアロング,纯净长款,translated,19,dcd67d1f60,br=0 nl=0,1,
global:1786,ピュアロント,纯净隆特,translated,19,6f3f87671e,br=0 nl=0,1,
global:1787,ピンク,粉红,translated,10,caaf2acdb2,br=0 nl=0,2,
global:1788,ピンクキャンディ,粉红糖果,translated,64,94f6bba7a8,br=0 nl=0,3,
global:1789,ピンクサー,,todo,16,8478cbdef8,br=0 nl=0,1,
global:1790,ピンクチュ,,todo,16,bf87d57975,br=0 nl=0,1,
global:1791,ピンクテン,,todo,16,1c2bed239d,br=0 nl=0,1,
global:1792,ピンクドン,,todo,16,10f77e6c53,br=0 nl=0,1,
global:1793,ピンクニル,,todo,16,8621905f9e,br=0 nl=0,1,
global:1794,ピンクリル,,todo,16,21dee538a3,br=0 nl=0,1,
global:1795,ピンサロ,,todo,13,9d2fc97bdc,br=0 nl=0,1,
global:1796,ピンサロナーション,,todo,65,1f9a428454,br=0 nl=0,1,
global:1797,ピーチ,,todo,10,b383381fa2,br=0 nl=0,1,
global:1798,ピーチアン,,todo,16,a4c9925e36,br=0 nl=0,1,
global:1799,ピーチクル,,todo,16,54e3f5855e,br=0 nl=0,1,
global:1800,ピーチス,,todo,13,2cd285747e,br=0 nl=0,1,
global:1801,ピーチチュ,,todo,16,92f74cef67,br=0 nl=0,2,
global:1802,ピーチテン,,todo,16,05b89d9318,br=0 nl=0,1,
global:1803,ピーチドン,,todo,16,c94865fc72,br=0 nl=0,1,
global:1804,ピーチニャ,,todo,16,84e4cfdce4,br=0 nl=0,1,
global:1805,ピーチノア,,todo,16,9b1f154d91,br=0 nl=0,1,
global:1806,ピーチフル,,todo,16,b835a759ce,br=0 nl=0,1,
global:1807,ピーチミル,,todo,16,0c6e13f3e2,br=0 nl=0,1,
global:1808,フ○ラ,,todo,10,17f509037d,br=0 nl=0,1,
global:1809,ファイ,,todo,10,c94b773afc,br=0 nl=0,2,
global:1810,ファック,,todo,13,b22310c6cc,br=0 nl=0,2,
global:1811,ファム,法姆,translated,10,241eb19ef0,br=0 nl=0,1,
global:1812,ファリス,,todo,13,da8a729ac0,br=0 nl=0,2,
global:1813,ファルナ,,todo,13,10bcc103df,br=0 nl=0,2,
global:1814,ファーチ,法奇,translated,13,2ae51c1e2f,br=0 nl=0,4,
global:1815,フィアウイング,恐惧羽翼,translated,22,6e6fcbf68a,br=0 nl=0,3,
global:1816,フィリー,,todo,13,1e3d0b0e92,br=0 nl=0,3,
global:1817,フィレアウィング,菲莉亚羽翼,translated,64,d8bd61017f,br=0 nl=0,3,
global:1818,フィー,,todo,10,b260aafaad,br=0 nl=0,3,
global:1819,フウインノチカラ,封印之力,translated,64,c7dd5bd2b9,br=0 nl=0,3,
global:1820,フェアドリル,仙子钻头,translated,19,28dab29085,br=0 nl=0,3,
global:1821,フェアリロンド,妖精回旋曲,translated,22,711123255f,br=0 nl=0,3,
global:1822,フェイスアクセサリ,脸部饰品,translated,32,1cbc8bb277,br=0 nl=0,6,
global:1823,フェイスアクセサリ追加,追加脸部饰品,translated,34,5e16f0a1dc,br=0 nl=0,3,
global:1824,フェラ,,todo,10,e424954ac0,br=0 nl=0,3,
global:1825,フェリオン・パミル科,费利昂・帕米尔科,translated,31,953e7f361f,br=0 nl=0,182,
global:1826,フェリオン・メイス科,费利昂・梅斯科,translated,31,5d09839f94,br=0 nl=0,181,
global:1827,フェリオン・ランデ科,费利昂・兰德科,translated,31,f446ffed18,br=0 nl=0,106,
global:1828,フェリシア,,todo,16,7e7e3bbe8e,br=0 nl=0,3,
global:1829,フォロワー情報,粉丝信息,translated,22,3b8b703356,br=0 nl=0,1,
global:1830,フォーム,形态,translated,13,f90ebd6d03,br=0 nl=0,1,
global:1831,フサフサの尻尾,蓬松的尾巴,translated,22,28a95a0063,br=0 nl=0,69,
global:1832,フラスコの海,烧瓶之海,translated,32,cc09c4af4d,br=0 nl=0,1,
global:1833,フラワーアルリー,花朵阿尔莉,translated,64,653e8a733f,br=0 nl=0,1,
global:1834,フラワーイオン,花朵依恩,translated,22,37ce2f5c46,br=0 nl=0,1,
global:1835,フラワーカール,花朵卷发,translated,22,c7c12ca87f,br=0 nl=0,1,
global:1836,フラワーショート,花朵短款,translated,64,f4b9163795,br=0 nl=0,1,
global:1837,フラワーベリー,花朵莓果,translated,64,1e3495aaa3,br=0 nl=0,1,
global:1838,フラワーボブ,花朵波波头,translated,19,7e7181de22,br=0 nl=0,1,
global:1839,フラワーロング,花朵长款,translated,22,9e5e830098,br=0 nl=0,1,
global:1840,フランシス,,todo,16,692893d3aa,br=0 nl=0,1,
global:1841,フランシスサー,,todo,22,7db2b81421,br=0 nl=0,1,
global:1842,フランシスチュ,,todo,22,a8e024db01,br=0 nl=0,1,
global:1843,フランシスト,,todo,19,8b335e9e19,br=0 nl=0,1,
global:1844,フランシスパ,,todo,19,29e8cd2966,br=0 nl=0,1,
global:1845,フランシスミル,,todo,22,5495e93a3c,br=0 nl=0,1,
global:1846,フランシスム,,todo,19,00b3c2142e,br=0 nl=0,1,
global:1847,フランシスリル,,todo,22,1a4b2f8a7e,br=0 nl=0,1,
global:1848,フランジェ,,todo,32,0e33acfd31,br=0 nl=0,1,
global:1849,フランジェサー,,todo,22,80eb81d1cc,br=0 nl=0,1,
global:1850,フランジェス,,todo,19,d7e0eb8fc9,br=0 nl=0,1,
global:1851,フランジェテン,,todo,22,6180ed84b6,br=0 nl=0,1,
global:1852,フランジェト,,todo,19,d1f83bbff1,br=0 nl=0,1,
global:1853,フランジェドン,,todo,22,f4463d9547,br=0 nl=0,1,
global:1854,フランジェニャ,,todo,22,0cfe146fd0,br=0 nl=0,1,
global:1855,フランジェノア,,todo,22,ae4146d5eb,br=0 nl=0,1,
global:1856,フランジェパ,,todo,19,bd578e1e5d,br=0 nl=0,1,
global:1857,フランジェポン,,todo,22,8047d00c4f,br=0 nl=0,1,
global:1858,フランジェム,,todo,19,6eb22e3edd,br=0 nl=0,1,
global:1859,フランジェリル,,todo,22,80bda8043a,br=0 nl=0,1,
global:1860,フラントリム・パミル科,弗兰特里姆・帕米尔科,translated,64,aeab0132cf,br=0 nl=0,198,
global:1861,フラントリム・メイス科,弗兰特里姆・梅斯科,translated,64,cbe43f58cf,br=0 nl=0,163,
global:1862,フラントリム・ランデ科,弗兰特里姆・兰德科,translated,64,6e18de53ba,br=0 nl=0,171,
global:1863,フラン・シャラネ,弗兰・夏拉内,translated,128,0d1e17fa56,br=0 nl=0,1,
global:1864,フルート,,todo,13,a8993e2ae6,br=0 nl=0,1,
global:1865,フルートクル,,todo,19,96a1b8b04d,br=0 nl=0,1,
global:1866,フルートサー,,todo,19,e989f2e56c,br=0 nl=0,1,
global:1867,フルートテン,,todo,19,b9cbb8e38d,br=0 nl=0,1,
global:1868,フルートト,,todo,16,c1758a3c67,br=0 nl=0,1,
global:1869,フルートネ,,todo,16,44a0ac2b49,br=0 nl=0,1,
global:1870,フルートノア,,todo,19,fda7549fb9,br=0 nl=0,2,
global:1871,フルートノン,,todo,19,ca472c4b16,br=0 nl=0,2,
global:1872,フルートパ,,todo,16,f9b48e5903,br=0 nl=0,1,
global:1873,フレンド・フォロー,好友・关注,translated,28,1ded496be7,br=0 nl=0,1,
global:1874,フレンド一覧,好友列表,translated,19,7a0796c700,br=0 nl=0,1,
global:1875,フーム,,todo,10,5e702c8be1,br=0 nl=0,1,
global:1876,フームアン,,todo,16,4fcb92a312,br=0 nl=0,1,
global:1877,フームサー,,todo,16,94e81b1f9b,br=0 nl=0,1,
global:1878,フームチュ,,todo,16,e5b303f84c,br=0 nl=0,1,
global:1879,フームテン,,todo,16,5529a5457c,br=0 nl=0,1,
global:1880,フームドン,,todo,16,7da5334e0d,br=0 nl=0,1,
global:1881,フームニャ,,todo,16,a26c380c0a,br=0 nl=0,1,
global:1882,フームム,,todo,13,538e3746fe,br=0 nl=0,1,
global:1883,フームリー,,todo,16,e4bc6c23ef,br=0 nl=0,1,
global:1884,ブス,,todo,7,9f31a27f01,br=0 nl=0,1,
global:1885,ブタ,,todo,7,8daf9d5ada,br=0 nl=0,1,
global:1886,ブタチまんーション,,todo,65,9fdd865610,br=0 nl=0,1,
global:1887,ブラウンツイン,棕色双马尾,translated,22,3ce4179de9,br=0 nl=0,1,
global:1888,ブラウンリーフ,棕色绿叶,translated,22,2b7c796e35,br=0 nl=0,1,
global:1889,ブラックガオ,黑色之颜,translated,19,888a63a28b,br=0 nl=0,3,
global:1890,ブラックデビル,黑色恶魔,translated,22,a9a5afe16b,br=0 nl=0,3,
global:1891,ブラックフレーム,黑色镜框,translated,64,f2b59686c1,br=0 nl=0,3,
global:1892,ブラックホーン,黑色角,translated,22,16d205f9ec,br=0 nl=0,3,
global:1893,ブラックリーフ,黑色绿叶,translated,22,ab4bc762ab,br=0 nl=0,1,
global:1894,ブラックロント,黑色隆特,translated,22,db9cd242f3,br=0 nl=0,1,
global:1895,ブラックワンド,黑色魔杖,translated,64,9525b94924,br=0 nl=0,3,
global:1896,ブルーサンタ,蓝色圣诞老人,translated,19,3ecdc05637,br=0 nl=0,3,
global:1897,ブルーテイル,蓝色之尾,translated,19,c15a6a0339,br=0 nl=0,1,
global:1898,ブルーフレーム,蓝色镜框,translated,22,8421a1f6be,br=0 nl=0,3,
global:1899,ブルーロント,蓝色隆特,translated,19,f6ac79bdc8,br=0 nl=0,1,
global:1900,プ,点,translated,4,a3b8f9e126,br=0 nl=0,2,
global:1901,プラグ,插头,translated,10,4e0472e2e2,br=0 nl=0,43,
global:1902,プラティア,,todo,16,99708a0dca,br=0 nl=0,1,
global:1903,プラティアアン,,todo,22,33dcbb9110,br=0 nl=0,1,
global:1904,プラティアクル,,todo,22,de481103df,br=0 nl=0,1,
global:1905,プラティアテン,,todo,22,9cdacbf378,br=0 nl=0,1,
global:1906,プラティアドン,,todo,22,23f2d03054,br=0 nl=0,1,
global:1907,プラティアネ,,todo,19,8f1ebb8e01,br=0 nl=0,1,
global:1908,プラティアノン,,todo,22,348bbd97eb,br=0 nl=0,1,
global:1909,プラティアポン,,todo,22,ed2a71848e,br=0 nl=0,1,
global:1910,プラティアム,,todo,19,fd78c76fdd,br=0 nl=0,1,
global:1911,プラティアリル,,todo,22,a8af51168d,br=0 nl=0,1,
global:1912,プラネタリウム,天文馆,translated,22,946af0190f,br=0 nl=0,1,
global:1913,プランク,,todo,13,0952e64963,br=0 nl=0,1,
global:1914,プランクチュ,,todo,19,2599570bc6,br=0 nl=0,1,
global:1915,プランクドン,,todo,19,7df3c65490,br=0 nl=0,1,
global:1916,プランクニル,,todo,19,94e3fda784,br=0 nl=0,1,
global:1917,プランクノア,,todo,19,81fb6d0eda,br=0 nl=0,1,
global:1918,プランクノン,,todo,19,962257b3c4,br=0 nl=0,1,
global:1919,プランクパ,,todo,16,f4e681e41d,br=0 nl=0,1,
global:1920,プランクポン,,todo,19,7e687fdbce,br=0 nl=0,1,
global:1921,プリティロント,娇俏隆特,translated,22,8021105fa8,br=0 nl=0,1,
global:1922,プルンポン,,todo,16,77a58a8313,br=0 nl=0,1,
global:1923,プルンポンクル,,todo,22,bfe259574a,br=0 nl=0,1,
global:1924,プルンポンス,,todo,19,7f3ee18ad4,br=0 nl=0,1,
global:1925,プルンポント,,todo,19,4ccb01c5aa,br=0 nl=0,1,
global:1926,プルンポンネ,,todo,19,065f049076,br=0 nl=0,1,
global:1927,プルンポンパ,,todo,19,ace5d7f4b6,br=0 nl=0,1,
global:1928,プロクス,,todo,13,e279b00bfe,br=0 nl=0,1,
global:1929,プロクステン,,todo,19,c14fe33223,br=0 nl=0,1,
global:1930,プロクスト,,todo,16,6435c4a16a,br=0 nl=0,2,
global:1931,プロクスニャ,,todo,19,c94617d0bc,br=0 nl=0,1,
global:1932,プロクスパ,,todo,16,7dbdd8ce99,br=0 nl=0,1,
global:1933,プロクスミル,,todo,19,97e9b929c8,br=0 nl=0,1,
global:1934,プロフィール,个人资料,translated,19,0190762129,br=0 nl=0,1,
global:1935,プロポーズする,求婚,translated,22,8bf849823a,br=0 nl=0,1,
global:1936,プロローグ,序幕,translated,16,82b55ead3e,br=0 nl=0,1,
global:1937,プール,泳池,translated,10,8075af2928,br=0 nl=0,1,
global:1938,プールアン,,todo,16,03e794547c,br=0 nl=0,1,
global:1939,プールサー,,todo,16,fe34cb7047,br=0 nl=0,1,
global:1940,プールト,,todo,13,7fb179a98c,br=0 nl=0,1,
global:1941,プールニル,,todo,16,4133f5b81b,br=0 nl=0,1,
global:1942,プールノン,,todo,16,f11156bdab,br=0 nl=0,1,
global:1943,ヘアースタイル,发型,translated,22,2139b2fff2,br=0 nl=0,9,
global:1944,ヘアースタイル追加,追加发型,translated,28,28c676946c,br=0 nl=0,1,
global:1945,ヘイズウイング,阴霾羽翼,translated,22,041942f00a,br=0 nl=0,3,
global:1946,ヘッドアクセサリ,头部饰品,translated,25,628bac9762,br=0 nl=0,17,
global:1947,ヘッドアクセサリ追加,追加头部饰品,translated,31,5dd12573f7,br=0 nl=0,5,
global:1948,ヘルス,,todo,10,12ce32c928,br=0 nl=0,1,
global:1949,ヘルスでオーション,,todo,65,9550c6b098,br=0 nl=0,1,
global:1950,ベッド横,床边,translated,13,1c6bd01253,br=0 nl=0,2,
global:1951,ベビーアルリー,浅粉阿尔莉,translated,22,310fcf762c,br=0 nl=0,1,
global:1952,ベビーイオン,浅粉依恩,translated,19,51bcee7bfd,br=0 nl=0,1,
global:1953,ベビーカール,浅粉卷发,translated,19,91eb424633,br=0 nl=0,1,
global:1954,ベビーショート,浅粉短款,translated,22,8f127130e8,br=0 nl=0,1,
global:1955,ベビーベリー,浅粉莓果,translated,19,c2514f8439,br=0 nl=0,1,
global:1956,ベビーボブ,浅粉波波头,translated,16,a4b08d4007,br=0 nl=0,1,
global:1957,ベビーロング,浅粉长款,translated,19,ab90f50e35,br=0 nl=0,1,
global:1958,ベリショ,超短发,translated,13,956d3e6f17,br=0 nl=0,171,
global:1959,ベルリラ,,todo,13,3eaf279928,br=0 nl=0,1,
global:1960,ベルリラアン,,todo,19,d60ddfbfad,br=0 nl=0,1,
global:1961,ベルリラクル,,todo,19,2361028824,br=0 nl=0,1,
global:1962,ベルリラト,,todo,16,eba61a4847,br=0 nl=0,1,
global:1963,ベルリラドン,,todo,19,a8fd1cc0d9,br=0 nl=0,1,
global:1964,ベルリラニル,,todo,19,beac982b55,br=0 nl=0,1,
global:1965,ベルリラネ,,todo,16,3fecd894f3,br=0 nl=0,1,
global:1966,ベルリラノン,,todo,19,35f12a258c,br=0 nl=0,1,
global:1967,ペニス,,todo,10,708d1c553d,br=0 nl=0,1,
global:1968,ペペロ,,todo,10,bb0240034a,br=0 nl=0,1,
global:1969,ペペロクル,,todo,16,22c9055156,br=0 nl=0,1,
global:1970,ペペロサー,,todo,16,a558c507ff,br=0 nl=0,1,
global:1971,ペペロニル,,todo,16,d7a3b13017,br=0 nl=0,1,
global:1972,ペペロノン,,todo,16,288e841ca8,br=0 nl=0,1,
global:1973,ペペロパ,,todo,13,c372dab800,br=0 nl=0,1,
global:1974,ペペロフル,,todo,16,bfaa95996f,br=0 nl=0,1,
global:1975,ペペロミル,,todo,16,0cce234797,br=0 nl=0,1,
global:1976,ペペロム,,todo,13,ae6dfd3a71,br=0 nl=0,1,
global:1977,ペペロリー,,todo,16,ceb3b4e1c5,br=0 nl=0,1,
global:1978,ペリエ,,todo,10,5d04467617,br=0 nl=0,1,
global:1979,ペリエアン,,todo,16,a3d2e7d492,br=0 nl=0,2,
global:1980,ペリエス,,todo,13,586a1df84f,br=0 nl=0,1,
global:1981,ペリエテン,,todo,16,9b7574dbf3,br=0 nl=0,1,
global:1982,ペリエト,,todo,13,5bde48af8e,br=0 nl=0,1,
global:1983,ペリエドン,,todo,16,44a1581e53,br=0 nl=0,1,
global:1984,ペリエネ,,todo,13,b7ac288178,br=0 nl=0,1,
global:1985,ペリエフル,,todo,16,53aa4a12e3,br=0 nl=0,1,
global:1986,ペリエミル,,todo,16,1df68d6739,br=0 nl=0,1,
global:1987,ペルソナアルギュ,人格阿鲁裘,translated,64,ec423e33c5,br=0 nl=0,3,
global:1988,ペルソナテラ,人格泰拉,translated,19,d518c7f788,br=0 nl=0,3,
global:1989,ペルソナマキナ,人格玛奇娜,translated,22,35b56f26ed,br=0 nl=0,3,
global:1990,ペルソナメテュス,人格梅蒂斯,translated,64,2b8fc41f16,br=0 nl=0,3,
global:1991,ホワイトキャット,白色猫,translated,64,fb98eff1e4,br=0 nl=0,1,
global:1992,ホワイトツイン,白色双马尾,translated,22,3695ca8040,br=0 nl=0,1,
global:1993,ホワイトテイル,白色之尾,translated,22,f4e18041c0,br=0 nl=0,1,
global:1994,ホワイトデビル,白色恶魔,translated,22,5784b25c04,br=0 nl=0,3,
global:1995,ホワイトホーン,白色角,translated,22,d4794bdd43,br=0 nl=0,3,
global:1996,ホワイトリーフ,白色绿叶,translated,22,4b759bc736,br=0 nl=0,2,
global:1997,ホワイトロント,白色隆特,translated,22,29b4d2cbf8,br=0 nl=0,1,
global:1998,ボイス,语音,translated,10,79b1535a81,br=0 nl=0,49,
global:1999,ボク、しっかりできるか心配です。,我很担心自己能不能做好。,translated,49,3eda7e3f16,br=0 nl=0,1,
global:2000,ボク、一生懸命やりとげます！,我会全力以赴完成的！,translated,43,6c586158a9,br=0 nl=0,1,
global:2001,ボクなんかじゃ、うまく修復できないです……。,像我这种的，肯定没办法好好修复的……。,translated,67,a2ecdb8a95,br=0 nl=0,1,
global:2002,ボクなんかで大丈夫でしょうか？,让我来真的没问题吗？,translated,46,6f223b809d,br=0 nl=0,1,
global:2003,ボクにもっと体力があれば……。,要是我能有更多体力的话……。,translated,46,21e53a3fbe,br=0 nl=0,1,
global:2004,ボケ,,todo,7,647a65a95d,br=0 nl=0,1,
global:2005,ボッキ,,todo,10,0cdc68b231,br=0 nl=0,1,
global:2006,ボブ,波波,translated,7,482117867d,br=0 nl=0,324,
global:2007,ボードカテゴリ,板块类别,translated,22,cbdd8d519e,br=0 nl=0,1,
global:2008,ポコチン,,todo,13,fda37c0a6c,br=0 nl=0,1,
global:2009,ポッカ,,todo,10,afa446b679,br=0 nl=0,2,
global:2010,ポルカ,,todo,10,87218c74cc,br=0 nl=0,1,
global:2011,ポルカアン,,todo,16,11519851fa,br=0 nl=0,2,
global:2012,ポルカテン,,todo,16,64a9619c6f,br=0 nl=0,1,
global:2013,ポルカト,,todo,13,ae69c7533d,br=0 nl=0,1,
global:2014,ポルカニャ,,todo,16,05075a384b,br=0 nl=0,1,
global:2015,ポルカノア,,todo,16,9c6513b7ec,br=0 nl=0,1,
global:2016,ポルカノン,,todo,16,be797ca339,br=0 nl=0,1,
global:2017,ポルカパ,,todo,13,011c1fcd72,br=0 nl=0,1,
global:2018,ポルカポン,,todo,16,86bddeba74,br=0 nl=0,1,
global:2019,ポーラ,,todo,10,245ae44c41,br=0 nl=0,1,
global:2020,ポーラアルリー,极地阿尔莉,translated,22,5e5a0ea953,br=0 nl=0,1,
global:2021,ポーライオン,极地依恩,translated,19,5bd7733a10,br=0 nl=0,1,
global:2022,ポーラウイング,极地羽翼,translated,22,6f70fd7df7,br=0 nl=0,3,
global:2023,ポーラカール,极地卷发,translated,19,75ad68f4c0,br=0 nl=0,1,
global:2024,ポーラキャット,极地猫,translated,22,36c6a5440c,br=0 nl=0,1,
global:2025,ポーラクル,,todo,16,ff0ecfe5ac,br=0 nl=0,1,
global:2026,ポーラサー,,todo,16,a21faa4f99,br=0 nl=0,1,
global:2027,ポーラショート,极地短款,translated,22,ad72a68ae8,br=0 nl=0,1,
global:2028,ポーラス,,todo,13,7d6c0dfaa0,br=0 nl=0,1,
global:2029,ポーラチュ,,todo,16,f818bc885e,br=0 nl=0,1,
global:2030,ポーラツイン,极地双马尾,translated,19,cf0204f80c,br=0 nl=0,1,
global:2031,ポーラテイル,极地之尾,translated,64,6f5a2ef739,br=0 nl=0,1,
global:2032,ポーラト,,todo,13,1092fb1f00,br=0 nl=0,1,
global:2033,ポーラフル,,todo,16,99496cccd2,br=0 nl=0,1,
global:2034,ポーラベリー,极地莓果,translated,19,1bab99e97b,br=0 nl=0,1,
global:2035,ポーラボブ,极地波波头,translated,16,3a910309ce,br=0 nl=0,1,
global:2036,ポーラミル,,todo,16,8fb6d8c386,br=0 nl=0,1,
global:2037,ポーラリーフ,极地绿叶,translated,19,72e73001f7,br=0 nl=0,1,
global:2038,ポーラロング,极地长款,translated,19,ba996759c4,br=0 nl=0,1,
global:2039,マ○コ,,todo,10,567fc200b1,br=0 nl=0,1,
global:2040,"マイクロクエーサー
　みんなの想い

をタップ","微类星体
　大家的心愿

请点击",translated,64,f0ea88e141,br=0 nl=3,1,src-lines=4
global:2041,"マイクロクエーサー
　エネルギー送信

を選択","微类星体
　输送能量

请选择",translated,64,bdabaee810,br=0 nl=3,1,src-lines=4
global:2042,"マイクロクエーサー
　協力情報

を選択","微类星体
　协力信息

请选择",translated,55,23437ca4c4,br=0 nl=3,1,src-lines=4
global:2043,マスターシャール,主夏尔,translated,25,60f214c202,br=0 nl=0,1,
global:2044,マスターベーション,,todo,48,f6c53e1672,br=0 nl=0,1,
global:2045,マソコ,,todo,10,c1019acd6e,br=0 nl=0,1,
global:2046,マソコﾚオーション,,todo,65,d012e61cf0,br=0 nl=0,1,
global:2047,マリファナ,,todo,16,8bb443ecaf,br=0 nl=0,1,
global:2048,マリファナーション,,todo,65,26dca1dc80,br=0 nl=0,1,
global:2049,マリンガオ,海洋之颜,translated,16,9d87806136,br=0 nl=0,3,
global:2050,マリンワンド,海洋魔杖,translated,19,f978907cbe,br=0 nl=0,3,
global:2051,マンこ,,todo,10,25274d6ed5,br=0 nl=0,1,
global:2052,マン毛,,todo,10,6a365df2e0,br=0 nl=0,1,
global:2053,マン毛ﾚオーション,,todo,65,4a25512516,br=0 nl=0,1,
global:2054,マーキュフェアリ,水星仙子,translated,64,e1254f50e8,br=0 nl=0,3,
global:2055,ミオソティス,勿忘草,translated,19,3c93ed099d,br=0 nl=0,1,
global:2056,ミスしたらごめんなさい。,要是搞砸了对不起哦。,translated,37,92f6c05a35,br=0 nl=0,1,
global:2057,ミッドアルリー,午夜阿尔莉,translated,22,60aacf3a60,br=0 nl=0,1,
global:2058,ミッドイオン,午夜依恩,translated,19,6781b54f24,br=0 nl=0,1,
global:2059,ミッドカール,午夜卷发,translated,19,bee98eb50f,br=0 nl=0,1,
global:2060,ミッドショート,午夜短款,translated,64,5777a36eae,br=0 nl=0,1,
global:2061,ミッドベリー,午夜莓果,translated,64,7b21b78c14,br=0 nl=0,1,
global:2062,ミッドボブ,午夜波波头,translated,16,e7742e3865,br=0 nl=0,1,
global:2063,ミッドロング,午夜长款,translated,19,dfad0cbc2c,br=0 nl=0,1,
global:2064,ミミル,,todo,10,23652f53de,br=0 nl=0,1,
global:2065,ミミルクル,,todo,16,b347122efc,br=0 nl=0,2,
global:2066,ミミルス,,todo,13,130229c799,br=0 nl=0,2,
global:2067,ミミルパ,,todo,13,09400f5555,br=0 nl=0,1,
global:2068,ミミルム,,todo,13,29d1cdb626,br=0 nl=0,1,
global:2069,ミュノ,,todo,10,f8b5b8e2d7,br=0 nl=0,2,
global:2070,ミラノ,,todo,10,ec7e5ccb55,br=0 nl=0,1,
global:2071,ミラノチュ,,todo,16,ce56d3dbfa,br=0 nl=0,1,
global:2072,ミラノト,,todo,13,505b5c3204,br=0 nl=0,1,
global:2073,ミラノニャ,,todo,16,5497fc10a0,br=0 nl=0,1,
global:2074,ミラノノア,,todo,16,927292c74a,br=0 nl=0,1,
global:2075,ミラノパ,,todo,13,878b3a331e,br=0 nl=0,1,
global:2076,ミラノポン,,todo,16,f53bd6bd6c,br=0 nl=0,1,
global:2077,メイドスタイル,女仆风格,translated,22,a3b8aa0392,br=0 nl=0,45,
global:2078,メガネなど,眼镜等,translated,16,2bf0fbec72,br=0 nl=0,1,
global:2079,メガネ１,眼镜1,translated,13,3e2edcb1b5,br=0 nl=0,42,
global:2080,メガネ２,眼镜2,translated,13,0cd3cd7e32,br=0 nl=0,96,
global:2081,メガネ３,眼镜3,translated,13,6a5282b01d,br=0 nl=0,88,
global:2082,メッセージ,消息,translated,16,6640e4a392,br=0 nl=0,2,
global:2083,メッセージボード,留言板,translated,25,f28f5a8e47,br=0 nl=0,2,
global:2084,メッセージ書込,填写留言,translated,22,0b5ef4b85e,br=0 nl=0,1,
global:2085,メトメトメ。という響きが何となく気に入ったのでこんな曲名に。<CR>（柳川）,因为莫名很喜欢“眼眼眼”这种读音，所以起了这样的曲名。<CR>（柳川）,translated,107,78476f9f0c,<CR> br=0 nl=0,1,keep-tags <CR>; src-longest-line=38
global:2086,メルヘンでちょっとへんてこな曲というリクエストで、定番ではありますが不思議(ｏｒ鏡)の国のアリス的なイメージで。シンセパートを生楽器に置き換えたらアトリエシリーズでも使えるかな。（あちわ）,收到‘童话中略带古怪的乐曲’这一需求后，我便以虽然很经典、但如同《爱丽丝梦游仙境/镜中奇遇》般的意象来创作。如果将合成器声部替换为原声乐器，感觉在炼金工房系列中也能用得上呢。（あちわ）,translated,279,6c07af26ac,br=0 nl=0,1,src-longest-line=94
global:2087,メール,邮件,translated,10,32ed60ff9f,br=0 nl=0,2,
global:2088,"メール
　　メール詳細
　　　メール削除
　　　（受信メール削除）
　　　送信メール削除

をタップ","邮件
　　邮件详情
　　　删除邮件
　　　（删除接收邮件）
　　　删除发送邮件

请点击",translated,231,b46b13ddda,br=0 nl=6,3,src-lines=7
global:2089,メールボックス,邮箱,translated,22,1f4fff011d,br=0 nl=0,1,
global:2090,メール削除,删除邮件,translated,16,7d243016a5,br=0 nl=0,1,
global:2091,メール詳細,邮件详情,translated,16,ab3413708a,br=0 nl=0,1,
global:2092,メール送信,发送邮件,translated,16,102997f776,br=0 nl=0,1,
global:2093,モモウィング,蜜桃羽翼,translated,19,9b2e963ca9,br=0 nl=0,99,
global:2094,ヤバイ、何かチョー楽しいんだけど♪,不妙，感觉超级开心的呢♪,translated,52,79dd82fa0f,br=0 nl=0,1,
global:2095,ヤリマン,,todo,13,61e6a097b6,br=0 nl=0,2,
global:2096,ユニコーン角,独角兽角,translated,19,c24aa901bf,br=0 nl=0,53,
global:2097,ユリ,百合,translated,7,07d0850abd,br=0 nl=0,3,
global:2098,ユーザー一覧,用户列表,translated,19,a37ab5a7c5,br=0 nl=0,1,
global:2099,ユーザー情報,用户信息,translated,19,f577892bf5,br=0 nl=0,1,
global:2100,ユーザー数,用户数,translated,64,1776012e98,br=0 nl=0,1,
global:2101,ユーマ・パミル科,,todo,25,78c5728f6c,br=0 nl=0,28,
global:2102,ユーマ・メイス科,,todo,25,0b04b3ddd7,br=0 nl=0,31,
global:2103,ユーマ・ランデ科,,todo,25,5a306cfe62,br=0 nl=0,14,
global:2104,ライラニア,莱拉尼亚,translated,16,2c4abebb8f,br=0 nl=0,1,
global:2105,ラシェール・フューザー,拉榭拉融合器,translated,34,f205ea28dc,br=0 nl=0,13,
global:2106,ラステル,,todo,13,9d4cdcbd14,br=0 nl=0,1,
global:2107,ラステルチュ,,todo,19,fdfb4c2c32,br=0 nl=0,1,
global:2108,ラステルポン,,todo,19,37ebcbe3c5,br=0 nl=0,2,
global:2109,ラタン,,todo,10,09a44ea74e,br=0 nl=0,1,
global:2110,ラタンサー,,todo,16,9a90c8fb90,br=0 nl=0,1,
global:2111,ラタンテン,,todo,16,a6144ad7dc,br=0 nl=0,1,
global:2112,ラタンドン,,todo,16,59d99991a3,br=0 nl=0,2,
global:2113,ラタンネ,,todo,13,3dadb3b1ef,br=0 nl=0,1,
global:2114,ラタンノア,,todo,16,ff3a63d84e,br=0 nl=0,1,
global:2115,ラタンポン,,todo,16,17fb6a53c7,br=0 nl=0,1,
global:2116,ラッシェ,,todo,13,d771c91a32,br=0 nl=0,2,
global:2117,ラティオ,拉提奥,translated,13,cf5957c0a5,br=0 nl=0,1,
global:2118,ランキング,排行榜,translated,16,50552289d3,br=0 nl=0,3,
global:2119,ランキング状況,排行情况,translated,22,a79e9b9826,br=0 nl=0,1,
global:2120,ラーク,,todo,10,0e861c91e7,br=0 nl=0,1,
global:2121,ラークアン,,todo,16,a515c49970,br=0 nl=0,1,
global:2122,ラークス,,todo,13,852a83ff50,br=0 nl=0,1,
global:2123,ラークト,,todo,13,79986658c1,br=0 nl=0,1,
global:2124,ラークニル,,todo,16,1373966307,br=0 nl=0,1,
global:2125,ラークポン,,todo,16,c21d95626e,br=0 nl=0,2,
global:2126,ラークリル,,todo,16,75e388d2a1,br=0 nl=0,1,
global:2127,ラークリー,,todo,16,201770c1c5,br=0 nl=0,1,
global:2128,ラーワ,,todo,10,cfd2d0d325,br=0 nl=0,1,
global:2129,ラーワアン,,todo,16,0be15c0fd6,br=0 nl=0,1,
global:2130,ラーワス,,todo,13,aab94615b4,br=0 nl=0,1,
global:2131,ラーワト,,todo,13,8783868e5a,br=0 nl=0,2,
global:2132,ラーワニャ,,todo,16,02732f1d25,br=0 nl=0,1,
global:2133,ラーワニル,,todo,16,3d96b7d8a1,br=0 nl=0,1,
global:2134,ラーワネ,,todo,13,7883022be5,br=0 nl=0,1,
global:2135,ラーワノア,,todo,16,b818b0b7eb,br=0 nl=0,1,
global:2136,ラーワフル,,todo,16,5afe725023,br=0 nl=0,1,
global:2137,ラーワポン,,todo,16,61f9fc709a,br=0 nl=0,2,
global:2138,ラーワミル,,todo,16,b49bbd2c82,br=0 nl=0,2,
global:2139,ラーワリル,,todo,16,0d7af26f7f,br=0 nl=0,1,
global:2140,リサイクル,回收,translated,16,7c77871629,br=0 nl=0,1,
global:2141,リニアウイング,线性羽翼,translated,22,e656c22914,br=0 nl=0,3,
global:2142,リュン,,todo,10,b304c99e90,br=0 nl=0,4,
global:2143,リリ,莉莉,translated,7,502db6b56f,br=0 nl=0,2,
global:2144,リリアン,,todo,13,cef409f0d6,br=0 nl=0,1,
global:2145,リリサー,,todo,13,0870281168,br=0 nl=0,2,
global:2146,リリチュ,,todo,13,6f0bfe0a70,br=0 nl=0,1,
global:2147,リリニャ,,todo,13,d7393f60ab,br=0 nl=0,1,
global:2148,リリネ,,todo,10,f3f3ca91e4,br=0 nl=0,1,
global:2149,リリノン,,todo,13,7c8da2bba0,br=0 nl=0,1,
global:2150,リリポン,,todo,13,c7ed464002,br=0 nl=0,1,
global:2151,リンクのススメ,链接推荐,translated,22,01a1aeafa5,br=0 nl=0,1,
global:2152,リンクタイミング,链接时机,translated,25,997d7ae999,br=0 nl=0,1,
global:2153,リンク条件,链接条件,translated,16,a98b0ece39,br=0 nl=0,1,
global:2154,リンファ,,todo,13,1ee48f1e11,br=0 nl=0,1,
global:2155,リンファス,,todo,16,d353f39c22,br=0 nl=0,1,
global:2156,リンファテン,,todo,19,42f8e5d5c4,br=0 nl=0,1,
global:2157,リンファト,,todo,16,ccb7b8a8be,br=0 nl=0,1,
global:2158,リンファドン,,todo,19,e54daebcb2,br=0 nl=0,1,
global:2159,リンファニャ,,todo,19,18300fa920,br=0 nl=0,1,
global:2160,リンファニル,,todo,19,54755974e2,br=0 nl=0,1,
global:2161,リンファパ,,todo,16,d76ff52f97,br=0 nl=0,1,
global:2162,リンファリル,,todo,19,52034f7314,br=0 nl=0,1,
global:2163,リンファリー,,todo,19,dbb4208b2a,br=0 nl=0,1,
global:2164,リンマ・パミル科,琳摩・帕米尔科,translated,25,eecc9f3bde,br=0 nl=0,180,
global:2165,リンマ・メイス科,琳摩・梅斯科,translated,25,bb12b10ddd,br=0 nl=0,186,
global:2166,リンマ・ランデ科,琳摩・兰德科,translated,25,87bf418d56,br=0 nl=0,192,
global:2167,リーナ,,todo,10,32299aba7a,br=0 nl=0,1,
global:2168,リーナス,,todo,13,0b358fa7d0,br=0 nl=0,2,
global:2169,リーナチュ,,todo,16,355759bed8,br=0 nl=0,2,
global:2170,リーナト,,todo,13,a96d643dc5,br=0 nl=0,1,
global:2171,リーナニル,,todo,16,42c172b438,br=0 nl=0,1,
global:2172,リーナネ,,todo,13,9141196697,br=0 nl=0,2,
global:2173,リーナノン,,todo,16,28ba64244b,br=0 nl=0,1,
global:2174,リーナパ,,todo,13,d65a4e861f,br=0 nl=0,1,
global:2175,リーナリル,,todo,16,08a208395d,br=0 nl=0,1,
global:2176,リーナリー,,todo,16,2d2bf57fb3,br=0 nl=0,1,
global:2177,リーフ,,todo,10,23b40ca2f0,br=0 nl=0,1,
global:2178,リーフクル,,todo,16,2ce216d612,br=0 nl=0,1,
global:2179,リーフサー,,todo,16,479e08083f,br=0 nl=0,1,
global:2180,リーフテン,,todo,16,592775db09,br=0 nl=0,1,
global:2181,リーフニル,,todo,16,1d49bdb88c,br=0 nl=0,1,
global:2182,リーフポン,,todo,16,8482378710,br=0 nl=0,1,
global:2183,リーフミル,,todo,32,abf1de0947,br=0 nl=0,1,
global:2184,リーフリー,,todo,16,50c9cbb10a,br=0 nl=0,1,
global:2185,リーン,,todo,10,67724a748e,br=0 nl=0,1,
global:2186,リーンサー,,todo,16,ac815f516e,br=0 nl=0,1,
global:2187,リーンミル,,todo,16,c28a70c430,br=0 nl=0,1,
global:2188,"ルの巣
　シャール（モデル）

を選択","尔之巢
　夏尔（模型）

请选择",translated,52,b64000c6dc,br=0 nl=3,6,src-lines=4
global:2189,ルブルムスラスタ,赤红推进器,translated,64,5e55a4d6eb,br=0 nl=0,3,
global:2190,ルブルムバーニア,赤红姿态喷管,translated,64,453037481f,br=0 nl=0,3,
global:2191,ルーシェ,,todo,13,181e3eb9ea,br=0 nl=0,1,
global:2192,ルーシェチュ,,todo,19,3f75ba5b31,br=0 nl=0,1,
global:2193,ルーシェドン,,todo,19,20f63dae25,br=0 nl=0,1,
global:2194,ルーシェニル,,todo,19,0c4c20f242,br=0 nl=0,1,
global:2195,ルーシェノン,,todo,19,bef5262f4d,br=0 nl=0,1,
global:2196,ルーシェポン,,todo,19,6045e2c99a,br=0 nl=0,1,
global:2197,ルーシェリル,,todo,19,9e549d6abd,br=0 nl=0,1,
global:2198,ルージュワンド,胭脂魔杖,translated,64,169a881262,br=0 nl=0,3,
global:2199,レイクユニコーン,湖色独角兽,translated,64,aa9bd3d11c,br=0 nl=0,3,
global:2200,レイドセロファン,突击透明翼,translated,64,bfee4b19b8,br=0 nl=0,3,
global:2201,レイバーシャールの選択,选择劳务夏尔,translated,34,5fa822d1d9,br=0 nl=0,1,
global:2202,レイプ,,todo,10,906e32e497,br=0 nl=0,2,
global:2203,レクイエム。コーラスは柳麻美さんです。歌詞はきちんと意味があるので興味がある方は是非聞き取ってみてくださいね！（柳川）,安魂曲。和声由柳麻美小姐演唱。歌词有其确切含义，感兴趣的朋友请务必试着辨听看看哦！（柳川）,translated,178,3f4cd8a817,br=0 nl=0,1,src-longest-line=59
global:2204,レシェント,,todo,16,30dfe7f9c9,br=0 nl=0,1,
global:2205,レシェントクル,,todo,22,079709786b,br=0 nl=0,1,
global:2206,レシェントス,,todo,19,3627a27fb5,br=0 nl=0,1,
global:2207,レシェントニャ,,todo,22,3cf95dd2a7,br=0 nl=0,1,
global:2208,レシェントノア,,todo,22,9cf922b6c3,br=0 nl=0,2,
global:2209,レシェントリー,,todo,22,24eb360970,br=0 nl=0,2,
global:2210,レッドキャップ,红色便帽,translated,22,aafccecac7,br=0 nl=0,43,
global:2211,レッドサンタ,红色圣诞老人,translated,19,5fbb837c8a,br=0 nl=0,3,
global:2212,レッドデビル,红色恶魔,translated,19,85c88ac805,br=0 nl=0,3,
global:2213,レッドフレーム,红框,translated,22,c8fb0867d3,br=0 nl=0,3,
global:2214,レッドロント,红色隆特,translated,19,7e263c3e82,br=0 nl=0,1,
global:2215,レナム,,todo,10,1770e8cf45,br=0 nl=0,1,
global:2216,レナムドン,,todo,16,76fa623c41,br=0 nl=0,1,
global:2217,レナムノア,,todo,16,b6deb334c2,br=0 nl=0,2,
global:2218,レナムミル,,todo,16,227cdb61e3,br=0 nl=0,1,
global:2219,レナルル,蕾娜露露,translated,13,b73a299dee,br=0 nl=0,13,
global:2220,レベル,等级,translated,10,001bb77928,br=0 nl=0,1,
global:2221,レベルアップ,等级提升,translated,19,d45319d3ee,br=0 nl=0,1,
global:2222,レベルアップ履歴,升级履历,translated,25,9ab254a64e,br=0 nl=0,1,
global:2223,レモンキャット,柠檬猫,translated,22,e38e51f369,br=0 nl=0,1,
global:2224,レモンテイル,柠檬之尾,translated,64,4620cf5caf,br=0 nl=0,1,
global:2225,レモンリーフ,柠檬绿叶,translated,19,56b51cecd9,br=0 nl=0,1,
global:2226,レルム,,todo,10,9c61c455e5,br=0 nl=0,1,
global:2227,レルムクル,,todo,16,b55619b31b,br=0 nl=0,1,
global:2228,レルムチュ,,todo,16,344ee13e91,br=0 nl=0,1,
global:2229,レルムト,,todo,13,a8f14ecdca,br=0 nl=0,1,
global:2230,レルムドン,,todo,16,c7ebc59392,br=0 nl=0,1,
global:2231,レルムパ,,todo,13,d9ff681ae6,br=0 nl=0,1,
global:2232,レルムポン,,todo,16,fe7868fb6e,br=0 nl=0,1,
global:2233,レルムミル,,todo,16,096087b9a0,br=0 nl=0,1,
global:2234,レンディ,,todo,13,b248f22898,br=0 nl=0,1,
global:2235,レンディクル,,todo,19,db5a1f4ff1,br=0 nl=0,1,
global:2236,レンディサー,,todo,19,78ba751a3e,br=0 nl=0,1,
global:2237,レンディチュ,,todo,19,e20608b256,br=0 nl=0,1,
global:2238,レンディテン,,todo,19,4000c1dd99,br=0 nl=0,1,
global:2239,レンディネ,,todo,16,8edc66bb2a,br=0 nl=0,1,
global:2240,レンディノン,,todo,19,298d6daff6,br=0 nl=0,1,
global:2241,レンディミル,,todo,19,7241d2a0fa,br=0 nl=0,1,
global:2242,レークン類,蕾库恩类,translated,16,76f3a006f5,br=0 nl=0,353,
global:2243,ロイヤルアルリー,皇家阿尔莉,translated,64,c4b776b526,br=0 nl=0,1,
global:2244,ロイヤルイオン,皇家依恩,translated,22,9ad4db9c8d,br=0 nl=0,1,
global:2245,ロイヤルカール,皇家卷发,translated,22,cff4f18f04,br=0 nl=0,1,
global:2246,ロイヤルショート,皇家短款,translated,64,10110e80ca,br=0 nl=0,1,
global:2247,ロイヤルベリー,皇家莓果,translated,64,b10b0619c0,br=0 nl=0,1,
global:2248,ロイヤルボブ,皇家波波头,translated,19,e36cea6384,br=0 nl=0,1,
global:2249,ロイヤルロング,皇家长款,translated,22,d7bdcab19b,br=0 nl=0,1,
global:2250,ロストセロファン,迷失透明翼,translated,64,7ab01126f1,br=0 nl=0,3,
global:2251,ロング,长款,translated,10,d71db03ed0,br=0 nl=0,239,
global:2252,ローター,,todo,13,80aec901cf,br=0 nl=0,1,
global:2253,ロートス,,todo,13,4bf00ba10a,br=0 nl=0,1,
global:2254,ロートスアン,,todo,19,2f9f324139,br=0 nl=0,1,
global:2255,ロートスサー,,todo,19,9dfece01cc,br=0 nl=0,1,
global:2256,ロートスチュ,,todo,19,d4fbbc35b4,br=0 nl=0,1,
global:2257,ロートステン,,todo,19,45d3ea659f,br=0 nl=0,1,
global:2258,ロートスト,,todo,16,9b6b988bcf,br=0 nl=0,1,
global:2259,ロートスフル,,todo,19,3c6eb30e51,br=0 nl=0,1,
global:2260,ロートスミル,,todo,19,c0953f8172,br=0 nl=0,1,
global:2261,ワールドボイス,世界之声,translated,22,642651d158,br=0 nl=0,3,
global:2262,ヴァイオリンに壷井彰久さん、ギターにＤａｎｉさんと、プログレバンド＂ＫＢＢ＂のお二方をお迎えした豪華な戦闘ＢＧＭです。壷井さんのバイオリンはアコースティック・エレキの両方が聴ける贅沢仕様！（あちわ）,小提琴邀请了壷井彰久先生，吉他邀请了Dani先生，迎来了前卫摇滚乐队“KBB”的两位成员助阵的豪华战斗BGM。壷井先生的小提琴还是能同时听到原声与电声的奢华规格！（あちわ）,translated,298,8f6c2436e2,br=0 nl=0,1,src-longest-line=99
global:2263,ヴァギナ,,todo,13,e16e3bed42,br=0 nl=0,1,
global:2264,ヴィオキャンディ,紫罗兰巧克糖,translated,64,d1ccb84d09,br=0 nl=0,3,
global:2265,ヴィータ,,todo,13,18ec05e49f,br=0 nl=0,4,
global:2266,ヴェリー,,todo,13,a16eac6fe5,br=0 nl=0,2,
global:2267,ール,夏尔,translated,18,60f4730485,br=0 nl=0,10,
global:2268,ールからのお願いです。,夏尔的请求。,translated,34,535d8ef169,br=0 nl=0,1,
global:2269,一妃,,todo,7,8050f05606,br=0 nl=0,2,
global:2270,一妃ヶ崎,,todo,13,da8cbd3eab,br=0 nl=0,1,
global:2271,一妃丸,,todo,10,6f6d388951,br=0 nl=0,1,
global:2272,一妃乙,,todo,10,d3e527ce78,br=0 nl=0,1,
global:2273,一妃亭,,todo,10,7e5538cd12,br=0 nl=0,1,
global:2274,一妃人,,todo,10,48f74eeba0,br=0 nl=0,2,
global:2275,一妃夕,,todo,10,72b7c8519d,br=0 nl=0,1,
global:2276,一妃戒,,todo,10,802b8a7087,br=0 nl=0,1,
global:2277,一妃竹,,todo,10,816a9499dd,br=0 nl=0,1,
global:2278,一本街燈,单盏路灯,translated,13,cefcab4657,br=0 nl=0,1,
global:2279,一番リテイクが多かった船内の曲です。プロジェクトの一番最初に着手した曲なのに、完成したのは割りと終盤。襲われつつも生活しているラインに程よく落ち着いたのではないかと。（柳川）,这是重做次数最多的船内曲。明明是项目最初着手的乐曲，完成却已临近尾声。最终恰到好处地落在了‘虽屡遭袭击却依然维持着日常生活’的基准线上。（柳川）,translated,262,ca28a83f71,br=0 nl=0,1,src-longest-line=87
global:2280,一番星みつけた！,找到了第一颗星！,translated,25,3ffaf699c2,br=0 nl=0,1,
global:2281,一緒に何かする,一起做点什么,translated,22,91707e6a0a,br=0 nl=0,1,
global:2282,"一緒に何かする

を選択","一起做点什么

请选择",translated,33,c22ca470b1,br=0 nl=2,1,
global:2283,一連のお話の最初であり最後でもある。ということで、メロディにはかなり気をつけました。キャスはピチカートのイメージがあるので彼女関連の曲では多用しています。（柳川）,这一连串故事的开端亦是终结。因此我在旋律上格外用心。因为凯斯给我以拨弦乐器的意象，所以在与她相关的曲目中频繁使用了拨弦。（柳川）,translated,244,28aadc3d19,br=0 nl=0,1,src-longest-line=81
global:2284,万寿沙羅,万寿沙罗,translated,13,26578e0961,br=0 nl=0,1,
global:2285,三妃,,todo,7,b7c51194c9,br=0 nl=0,2,
global:2286,三妃亭,,todo,10,e6c00f05a4,br=0 nl=0,1,
global:2287,三妃人,,todo,10,d090567232,br=0 nl=0,1,
global:2288,三妃夕,,todo,10,2578971e56,br=0 nl=0,1,
global:2289,三妃楼,,todo,10,7eec17b574,br=0 nl=0,1,
global:2290,三角面,三角面,translated,10,579b4f87c0,br=0 nl=0,3,
global:2291,上野　洋子,上野 洋子,translated,16,ee8b23a7e8,br=0 nl=0,26,
global:2292,下手,,todo,7,0070242dc8,br=0 nl=0,1,
global:2293,下田　祐,下田　祐,translated,64,a3dd9a6dc7,br=0 nl=0,1,
global:2294,不思議です。呼ばれるだけで、うれしいです。,真是不可思议。光是被你叫到，就觉得好高兴。,translated,64,e1123433c4,br=0 nl=0,1,
global:2295,不穏,不安,translated,7,fa8ef0cb18,br=0 nl=0,1,
global:2296,不穏な曲。色んな拍子のリズムを一緒に鳴らしてみたら、その不安定な感じが丁度良かったので、そのまま採用しました。（柳川）,不安定的曲子。尝试着把各种拍子的节奏混在一起奏响后，那股不稳定的感觉恰到好处，于是就直接采用了。（柳川）,translated,178,bea0a46965,br=0 nl=0,1,src-longest-line=59
global:2297,不穏因子,不安因子,translated,13,a7df5e5a7b,br=0 nl=0,1,
global:2298,不細工,,todo,10,b3953c1d5e,br=0 nl=0,1,
global:2299,不規則な曲線で構成された異様な建築物の建ち並ぶ情景をイメージしました。Daniさんのギター・ベースに加え、エキゾチックな響きが印象的なブズーキをフィーチャーしました。（あちわ）,以由不规则曲线构成的异样建筑林立的景象为意象创作了此曲。在Dani先生的吉他与贝斯之外，还特别加入了音色极具异域风情的布祖基琴。（あちわ）,translated,257,2afd39f261,br=0 nl=0,1,src-longest-line=88
global:2300,世界の壁に行ってみよう,去世界之壁看看吧,translated,34,31d52228c0,br=0 nl=0,1,
global:2301,世界一巨大で、世界一人口が過密な都市。そして天文と地文がごっちゃになって存在しているアルメティカは、最も新しいものと、最も古いものが同居する街です。端末さんの世界にも、そういう街、ありますよね。新しいものと古いものが混ざり合った街は、何故かエキゾチックなイメージがあります。そんなイメージをこの曲では表現しています。（土屋）,世界第一庞大、世界第一人口稠密的都市。而且天文与地文混杂共存的阿尔梅堤嘉，是一座最新事物与最古老事物同居并存的街道。终端机先生的世界里，也有那样的街道吧。新旧交融的街市，不知为何总给人一种异域风情。本曲便展现了这种意象。（土屋）,translated,487,3a9c6fcbaa,br=0 nl=0,1,src-longest-line=162
global:2302,並木道にて,在林荫道上,translated,16,1d0e80717b,br=0 nl=0,1,
global:2303,中出し,,todo,10,3fe20114f3,br=0 nl=0,2,
global:2304,中田氏,,todo,10,b35ea4b037,br=0 nl=0,1,
global:2305,中田氏っぷーション,,todo,65,b080cc9a11,br=0 nl=0,1,
global:2306,丸い尻尾,,todo,13,51f343a3b9,br=0 nl=0,53,
global:2307,主席帽,首席帽,translated,10,63779ac241,br=0 nl=0,3,
global:2308,九九李,,todo,10,5c63d7ec69,br=0 nl=0,2,
global:2309,九九李ノ命,,todo,16,643c396438,br=0 nl=0,1,
global:2310,九九李丸,,todo,13,41a79fac7c,br=0 nl=0,1,
global:2311,九九李乙,,todo,13,6c6abfeae1,br=0 nl=0,1,
global:2312,九九李恋,,todo,13,35f2f1d55d,br=0 nl=0,1,
global:2313,乞食,,todo,7,3c2d06b6f5,br=0 nl=0,1,
global:2314,乞食かっぷーション,,todo,65,2735a0862e,br=0 nl=0,1,
global:2315,乱交,,todo,7,cd9b636b37,br=0 nl=0,2,
global:2316,乳首,,todo,7,fb9d4a0a9d,br=0 nl=0,1,
global:2317,乳首毛ﾚオーション,,todo,65,ab1e4aab9f,br=0 nl=0,1,
global:2318,二の腕にタッチして,碰碰上臂,translated,28,5d948f1491,br=0 nl=0,1,
global:2319,二人で今日寝る時間を決めたらどうかな？,试着两人一起决定今天入睡的时间怎么样？,translated,58,ed06d294d2,br=0 nl=0,1,
global:2320,二人で明日起きる時間を決めたらどうかな？,试着两人一起决定明天起床的时间怎么样？,translated,61,e8584cfad1,br=0 nl=0,1,
global:2321,二人で食事の時間を決めたらどうかな？,试着两人一起决定用餐的时间怎么样？,translated,55,8473536560,br=0 nl=0,1,
global:2322,二妃,,todo,7,07eac9d720,br=0 nl=0,1,
global:2323,二妃ノ宮,,todo,13,bbdff99635,br=0 nl=0,1,
global:2324,二妃ヶ崎,,todo,13,33ffa927dd,br=0 nl=0,1,
global:2325,二妃之助,,todo,13,0c6b3a84d6,br=0 nl=0,1,
global:2326,二妃乙,,todo,10,5b1812ae46,br=0 nl=0,1,
global:2327,二妃命,,todo,10,173e9d5b11,br=0 nl=0,1,
global:2328,二妃夕,,todo,10,8f59fc2679,br=0 nl=0,1,
global:2329,二股,,todo,7,dfa6fc9d73,br=0 nl=0,54,
global:2330,二胡,二胡,translated,7,5423891ebb,br=0 nl=0,2,
global:2331,二胡ノ命,,todo,13,78a50356b3,br=0 nl=0,1,
global:2332,二胡ノ守,,todo,13,46134f7277,br=0 nl=0,1,
global:2333,二胡亭,,todo,10,4f42a5b78b,br=0 nl=0,1,
global:2334,二胡人,,todo,10,b9bedd626a,br=0 nl=0,2,
global:2335,二胡戒,,todo,10,93373d7c7c,br=0 nl=0,1,
global:2336,二胡楼,,todo,10,001f265e8f,br=0 nl=0,1,
global:2337,二胡竹,,todo,10,073b0f18c7,br=0 nl=0,1,
global:2338,二転三転するお話にあわせて、この曲も転げ落ちるように調が変わっていきます。何調の曲なの？と聞かれても答えられません。むしろ教えて欲しい。（柳川）,配合一波三折的剧情，这首曲子也如滚落般不断改变调性。若问我这到底是什么调的曲子？我根本答不上来。不如说还想请大家告诉我呢。（柳川）,translated,217,ac7b943f57,br=0 nl=0,1,src-longest-line=72
global:2339,些細な損傷も残らずきれいにします。,连细微的损伤也会彻底清理干净。,translated,52,c81005342e,br=0 nl=0,1,
global:2340,亜瑠麻,,todo,10,f1d11b305a,br=0 nl=0,2,
global:2341,亜瑠麻ノ宮,,todo,16,e914baf12f,br=0 nl=0,1,
global:2342,亜瑠麻ヶ崎,,todo,16,000c2455e9,br=0 nl=0,1,
global:2343,亜瑠麻之助,,todo,16,d593b98dd5,br=0 nl=0,1,
global:2344,亜瑠麻亭,,todo,13,f8f219158a,br=0 nl=0,1,
global:2345,亜瑠麻命,,todo,13,446963f4c3,br=0 nl=0,1,
global:2346,亜瑠麻恋,,todo,13,7a24d57cda,br=0 nl=0,1,
global:2347,亜瑠麻楼,,todo,13,fd6ce4c575,br=0 nl=0,1,
global:2348,交わす言葉,交流的话语,translated,16,57dfb8128b,br=0 nl=0,1,
global:2349,人,人,translated,4,4912771a42,br=0 nl=0,2,
global:2350,人が人であるために,为了人能够作为人,translated,32,fc21f4044c,br=0 nl=0,1,
global:2351,"人数の少ないシャールは、自分の目指す回答に
　行き着きやすいですが、「投票パワー」が少ない為に
　正解しても賞品グレードが低めかもしれません。

　大人数シャールでも、コミュニティで話し合って
　組織票を入れれば、正解だったときに莫大な賞品を
　ゲット出来るかもしれません。

","人数较少的夏尔，虽然容易达成
　自己所期望的回答，但由于“投票力量”较少，
　即便答对奖品等级可能也会偏低。

　即使是人数众多的夏尔，只要在社区中商量好
　投出组织票，答对时说不定能
　获得极其丰厚的奖品哦。",translated,402,4c73489445,br=0 nl=8,18,src-lines=9; src-longest-line=25
global:2352,人格崩壊計画,人格崩坏计划,translated,19,408f255871,br=0 nl=0,1,
global:2353,今ね、会いたいと思ってたのよ♪,人家刚才正好想着好想见你呢♪,translated,46,cba57fc405,br=0 nl=0,1,
global:2354,"今までにエネルギーを送った回数です。
　　　この回数には、別れたシャールから送った回数も
　　　含まれています。

　・シャールの送信量
　　　選択中のシャールが送った全エネルギーです。

　・シャールの送信回数
　　　選択中のシャールがエネルギーを送った回数です。","至今为止输送能量的次数。
　　　该次数中也包含了从已告别的夏尔
　　　所输送的次数。

　・夏尔的输送量
　　　当前选中的夏尔所输送的全部能量。

　・夏尔的输送次数
　　　当前选中的夏尔输送能量的次数。",translated,384,7244c0bdb5,br=0 nl=8,1,src-lines=9; src-longest-line=26
global:2355,今やってること,正在做的事,translated,22,abbbd0859b,br=0 nl=0,1,
global:2356,今住む惑星を圧縮してエネルギーとし、その力で別の惑星に移住するために作られた詩。非常に強力かつ複雑な詩で、皇帝の声帯、俯瞰視点、スフィリアルリング等の巨大な機器、惑星１個分のエネルギーがあって、初めて機能する。そのため、俯瞰視点を持つイオンが皇帝となる必要があったのである。,将现居行星压缩转化为能量，并以此力量移居至另一行星而制作的诗。这是极其强力且复杂的诗，必须同时具备皇帝的声带、俯瞰视点、天球环等庞大器材以及相当于整颗行星的能量，方能发挥作用。正因如此，拥有俯瞰视点的依恩才必须成为皇帝。,translated,412,ea3d990851,br=0 nl=0,13,src-longest-line=137
global:2357,今日、３回ぐらい採取に行ってもらおうよ。,今天让依恩去采集3次左右素材吧。,translated,61,661fa376fa,br=0 nl=0,1,
global:2358,今日あったことをイオンに話してあげて。きっと喜ぶと思うわ♪,把今天发生的事告诉依恩吧。她一定会很高兴的♪,translated,88,d8345cde8c,br=0 nl=0,1,src-longest-line=29
global:2359,今日あったことを話す,倾诉今天发生的事,translated,31,abb7f5da4b,br=0 nl=0,1,
global:2360,今日が終わらないうちに,赶在今天结束之前,translated,34,4d2245ca06,br=0 nl=0,1,
global:2361,今日のお仕事は何かな～。,今天的工作是什么呢～。,translated,37,7f1861fb25,br=0 nl=0,1,
global:2362,今日はお肌の調子が、チョー最高♪,今天皮肤状态超级棒♪,translated,49,42d77d6e43,br=0 nl=0,1,
global:2363,今日はどんな用事なのかしら？,今天是有什么事呢？,translated,43,1ca8a3595c,br=0 nl=0,1,
global:2364,今月のExp..取得量,本月Exp.取得量,translated,24,4e187924a3,br=0 nl=0,1,
global:2365,今月のHymP.投入量,本月HymP投入量,translated,24,c769f10d34,br=0 nl=0,1,
global:2366,今月の送信回数,本月输送次数,translated,22,898afe11d1,br=0 nl=0,2,
global:2367,今月の送信量,本月输送量,translated,19,9e35a3ece8,br=0 nl=0,2,
global:2368,仮想世界カード追加,追加虚拟世界卡片,translated,28,db321b2df1,br=0 nl=0,8,
global:2369,休憩中も、イメージトレーニングは欠かしません。,休息中也不会怠慢脑内意象训练。,translated,128,327ee3fa4e,br=0 nl=0,1,
global:2370,休養を取り、体調を回復させます。,好好休养，恢复身体状态。,translated,49,06a25abc38,br=0 nl=0,1,
global:2371,"休養中です。
まだお休みが必要です。","正在休养中。
还需要继续休息。",translated,128,e5afa40310,br=0 nl=1,1,
global:2372,体が重いわ。このままきっと倒れてしまうんだわ。,身体好沉重。这样下去肯定会倒下的啦。,translated,70,9282f3b0c4,br=0 nl=0,1,
global:2373,体位,,todo,7,a599e8b850,br=0 nl=0,1,
global:2374,体位らでオーション,,todo,65,4f5531a799,br=0 nl=0,1,
global:2375,体力あり余っててヤバ過ぎだよー？,体力过剩得不得了呢～？,translated,49,790e1d7dc2,br=0 nl=0,1,
global:2376,体力回復まで、もうしばらくかかります。,距离体力恢复还需要再过一会儿。,translated,58,b8d05648c7,br=0 nl=0,1,
global:2377,体調は万全です。問題ありません。,身体状态极佳。毫无问题。,translated,49,021f79f290,br=0 nl=0,1,
global:2378,何かあれば、すぐに言ってください。,要是有什么事，请随时对我说。,translated,52,e996882045,br=0 nl=0,1,
global:2379,何かお喋りしようよー？,跟我聊聊天嘛～？,translated,34,c894801ba1,br=0 nl=0,1,
global:2380,何かさ、飽きてきちゃったなー。,总觉得，已经有点腻了呢～。,translated,46,c7442b7be9,br=0 nl=0,1,
global:2381,何かに没頭しているのが好きなんです。,我很喜欢埋头专注在某件事上呢。,translated,55,a2025450db,br=0 nl=0,1,
global:2382,何かダメなことしちゃったのね。ごめんなさい。,我是做了什么不好的事吧。对不起。,translated,67,221292d88e,br=0 nl=0,1,
global:2383,何か作って,做点什么吧,translated,16,c9299a859f,br=0 nl=0,1,
global:2384,何か作り終えたとき、イオンの話を聞いてあげて,做完东西之后，去听听依恩想说什么吧,translated,67,38266cce37,br=0 nl=0,1,
global:2385,何か頼み事でもあるのですか？,有什么事情想拜托我吗？,translated,43,830261f67a,br=0 nl=0,1,
global:2386,何があっても良いように、準備しておきます。,为了能够应对任何状况，我会做好准备的。,translated,64,a31e862a0c,br=0 nl=0,1,
global:2387,何だか、燃えてきちゃったかも♪,总觉得，好像燃起斗志来了呢♪,translated,46,92eb45dba5,br=0 nl=0,1,
global:2388,何も問題なく、順調に修復中です。,没有任何问题，正在顺利修复中。,translated,49,5f4a38b6c1,br=0 nl=0,1,
global:2389,何よ？　つまらない用事だったら許さないわよ。,干嘛？　要是什么无聊的小事我可饶不了你哦。,translated,67,d86090cc12,br=0 nl=0,1,
global:2390,何カップ,,todo,13,271ae2e227,br=0 nl=0,1,
global:2391,何カップオーション,,todo,65,90a32c2246,br=0 nl=0,1,
global:2392,何気に端末さん人気も高い、アイレイヤのアレンジ曲です。今更ながら気づいたのですが、試練編第一幕では、この曲の方が、本番のアイレイヤよりも先に聴くことになるのですよね。普通は、原曲があった上で、その曲のイメージをライトに表現する為にインストアレンジという形が作られるものなのですが。ある意味ネタバレな曲でもありますね。（土屋）,在终端机先生中意外人气颇高的Ahih rei-yah改编曲。虽然现在才意识到，但在试练篇第一幕中，听到这首曲子的时间其实比正篇的Ahih rei-yah还要更早呢。按常理来说，通常是在原曲存在的基础上，为了轻度表达该曲的意象而制作纯器乐改编版的。从某种意义上说也是一首剧透曲呢。（土屋）,translated,487,a38fdaebb3,br=0 nl=0,1,src-longest-line=162
global:2393,例の映画がはやってたころ、誰でも一度はこうつぶやいたことがあるのではないでしょうか。<CR>（あちわ）,在那部电影大火的时候，大概任谁都曾至少吐槽过一次这样的话吧。<CR>（あちわ）,translated,146,0e75be0547,<CR> br=0 nl=0,1,keep-tags <CR>; src-longest-line=51
global:2394,保存則について！,关于守恒定律！,translated,25,dcfd2ee998,br=0 nl=0,1,
global:2395,修士帽,硕士帽,translated,10,951cb02f5a,br=0 nl=0,3,
global:2396,修復したら、どんなものになるのかな？,修复之后，会变成什么样呢？,translated,55,cfc3258b6e,br=0 nl=0,1,
global:2397,修復してあげてるんだから、感謝しなさいよね♪,我可是在帮你修复呢，要好好感谢我哦♪,translated,67,5a95bf5a35,br=0 nl=0,1,
global:2398,修復しても、いずれまた……。,就算修好了，迟早还是会……。,translated,43,ce0f110438,br=0 nl=0,1,
global:2399,修復って、案外楽しいわね。,修复这事，意外挺开心的嘛。,translated,40,dc2a536907,br=0 nl=0,1,
global:2400,修復とかさ、どうでも良くない？,修复什么的，怎样都无所谓吧？,translated,46,e45f84be08,br=0 nl=0,1,
global:2401,修復に備えておきます。,我会为修复做好准备。,translated,34,5052dee74b,br=0 nl=0,1,
global:2402,修復は惜しみない愛情が大切ですよね。,修复时毫不吝惜的关爱是非常重要的呢。,translated,55,ed569b517d,br=0 nl=0,1,
global:2403,修復も、意外と楽しいわね。,修复也意外地挺有趣的嘛。,translated,40,207c378101,br=0 nl=0,1,
global:2404,修復シャールの選択,选择修复夏尔,translated,28,a33fe9a2ae,br=0 nl=0,1,
global:2405,修復中ポイント,修复中点数,translated,22,f3e2a67db4,br=0 nl=0,1,
global:2406,修復力,修复力,translated,10,17427de8df,br=0 nl=0,1,
global:2407,修復完了までの過程は見えています。,到修复完成为止的过程已清晰可见。,translated,52,620d60a84b,br=0 nl=0,1,
global:2408,修復精度が低下してきました。,修复精度已经有所下降了。,translated,43,2030f507c3,br=0 nl=0,1,
global:2409,俺たちのターン！,我们的回合！,translated,25,a0e7bfb15b,br=0 nl=0,1,
global:2410,個人投入HymP,个人投入HymP,translated,17,9ccb8132dc,br=0 nl=0,1,
global:2411,個人送信回数,个人输送次数,translated,19,6be7e991c7,br=0 nl=0,1,
global:2412,個人送信量,个人输送量,translated,17,e546d4e586,br=0 nl=0,1,
global:2413,倖妃奈,,todo,10,ba538065a7,br=0 nl=0,2,
global:2414,倖妃奈ノ宮,,todo,16,258509a923,br=0 nl=0,1,
global:2415,倖妃奈之助,,todo,16,f30599a266,br=0 nl=0,1,
global:2416,倖妃奈命,,todo,13,d00f0e3dde,br=0 nl=0,1,
global:2417,倖妃奈庵,,todo,13,4c373a3daa,br=0 nl=0,1,
global:2418,倖妃奈戒,,todo,13,ae069d1a0a,br=0 nl=0,1,
global:2419,倖妃奈楼,,todo,13,7ed1504141,br=0 nl=0,1,
global:2420,停院,停院,translated,7,d7fc0618ca,br=0 nl=0,1,
global:2421,傾けて見て下さい。ちょっと二胡的なオリエンタルな響きを感じませんか？（志方）,倾听一下。不觉得带有一点二胡般的东方韵味吗？（志方）,translated,1438,49a8f0949b,br=0 nl=0,1,src-longest-line=38
global:2422,優凜ノ彩,优凛之彩,translated,13,1cb1cb8e0b,br=0 nl=0,1,
global:2423,元気いっぱいだから、何でもできるよ♪,我元气满满的，什么都能做哦♪,translated,128,f42fc094ab,br=0 nl=0,1,
global:2424,元気になってきました。,精神渐渐好起来了。,translated,34,b67769c9dd,br=0 nl=0,1,
global:2425,元気にやってます！,我干劲十足哦！,translated,28,1e6177b58f,br=0 nl=0,2,
global:2426,"元気に働いています。
ちょっと疲れているようです。","正在精神饱满地工作。
看起来似乎有点累了。",translated,74,43ab6c9ab3,br=0 nl=1,1,
global:2427,元気一杯働いています。,正在精神饱满地工作。,translated,34,52d76a9ed3,br=0 nl=0,1,
global:2428,兎耳,兔耳,translated,7,011a90daac,br=0 nl=0,58,
global:2429,全てのボーナスをコンプリートしました！,已集齐所有奖励！,translated,58,d2779af15f,br=0 nl=0,1,
global:2430,共有ユーザー,共享用户,translated,19,cbb43f7be8,br=0 nl=0,1,
global:2431,共有ユーザー数,共享用户数,translated,32,99d0d93682,br=0 nl=0,1,
global:2432,冥天使の羽,冥天使之羽,translated,16,60275859e8,br=0 nl=0,3,
global:2433,冥悪魔の羽,冥恶魔之羽,translated,16,3f5985e76e,br=0 nl=0,3,
global:2434,凜摩,,todo,7,44f6786e0f,br=0 nl=0,1,
global:2435,凜摩々,,todo,10,c840cd0697,br=0 nl=0,1,
global:2436,凜摩ノ命,,todo,13,3c7d996791,br=0 nl=0,1,
global:2437,凜摩亭,,todo,10,93b272bcd4,br=0 nl=0,1,
global:2438,凜摩人,,todo,10,aa893045a8,br=0 nl=0,1,
global:2439,凜摩夕,,todo,10,a224829d0a,br=0 nl=0,1,
global:2440,凜摩竹,,todo,10,d463d0c108,br=0 nl=0,1,
global:2441,処女,,todo,7,15daca4dc0,br=0 nl=0,2,
global:2442,凪,静,translated,4,a127c21dac,br=0 nl=0,1,
global:2443,分厚い本,厚重的书,translated,13,51930f80b1,br=0 nl=0,39,
global:2444,分際,,todo,7,b6d7b121cc,br=0 nl=0,1,
global:2445,切なげなメロディが美しい、プラネタリー・メゾンの曲です。綺麗な花の形をしたコロンですが、その実体は娯楽コロン。昔活気があったところほど、廃墟になった後の虚無感は大きなものになります。そういったこともこの曲をより悲しい雰囲気にしているのかもしれません。端末さんの中でもとても人気の高い曲。（土屋）,凄美旋律优美动听的行星公馆之曲。虽是美丽花朵形状的克隆，其实体却是娱乐克隆。昔日越是繁华的地方，化为废墟后的虚无感便越是强烈。或许正因如此，才让这首曲子更添一抹悲伤氛围。在终端机先生中也极具人气的曲子。（土屋）,translated,442,518c81f558,br=0 nl=0,1,src-longest-line=147
global:2446,列車の中は走らずに,别在列车里奔跑,translated,28,26aecaf22e,br=0 nl=0,1,
global:2447,列車の曲です。バイオリンは壷井彰久さん、ギター＆ベースはＤａｎｉさんです。<CR>生演奏が入ると曲が生き生きとしますね～。<CR>（柳川）,列车的曲子。小提琴由壷井彰久先生演奏，吉他与贝斯由Dani先生演奏。<CR>加入实录演奏后曲子就变得栩栩如生了呢～。<CR>（柳川）,translated,193,271f156853,<CR> <CR> br=0 nl=0,1,keep-tags <CR>; src-longest-line=69
global:2448,初代アルトネリコで使用された中河健さんの名曲「新緑の大地」のアレンジです！果たしてどんな場面でどんな意味を込めて使われるのか楽しみ！（あちわ）,这是对初代魔塔大陆中中河健先生的名曲《新绿的大地》的改编！究竟会在何种场景、怀着怎样的寓意被使用呢，真让人期待！（あちわ）,translated,214,2d8d565912,br=0 nl=0,1,src-longest-line=71
global:2449,初体験は,,todo,13,5bcb23af96,br=0 nl=0,1,
global:2450,初体験はオーション,,todo,65,bc4ce594b8,br=0 nl=0,1,
global:2451,初期状態のイオンの部屋の音楽です。元に戻したい場合は、こちらを選択して下さい。,依恩房间初始状态的音乐。若想恢复原状，请选择此处。,translated,2048,4a2c62e061,br=0 nl=0,1,src-longest-line=39
global:2452,別に、働いてあげてもいいけど？,帮你干活倒也不是不可以啦？,translated,46,14093b99d5,br=0 nl=0,1,
global:2453,刻神楽,刻神乐,translated,10,ff2271851b,br=0 nl=0,1,
global:2454,前半は切羽詰まっているところを泣きながら全力で逃げている感じ、後半はドラマティックかつ勇敢な、立ち向かう少年という感じに仕上げています。この曲を聴くと、いつだってター坊を思い出してしまいます。<CR>（土屋）,前半段呈现出走投无路哭泣着全力奔逃的感觉，后半段则塑造成戏剧性且勇敢面对的少年风格。一听这首曲子，总会让我不禁想起小坊呢。<CR>（土屋）,translated,305,80633a1e43,<CR> br=0 nl=0,1,keep-tags <CR>; src-longest-line=104
global:2455,剛毅果断,刚毅果断,translated,13,85ee56b450,br=0 nl=0,1,
global:2456,割と元気だし、手伝ってあげてもいいわよ？,我还算挺有精神的，帮帮你也不是不行哦？,translated,61,7a9c4c34b6,br=0 nl=0,1,
global:2457,創価,,todo,7,fa9dc07202,br=0 nl=0,1,
global:2458,創造力,创造力,translated,32,8e6b9ef465,br=0 nl=0,15,
global:2459,創造力上昇＋１０,创造力上升＋10,translated,32,112510c863,br=0 nl=0,3,
global:2460,創造力上昇＋１５,创造力上升＋15,translated,32,27d6751b52,br=0 nl=0,3,
global:2461,創造力上昇＋２０,创造力上升＋20,translated,32,00ada9b7ae,br=0 nl=0,3,
global:2462,創造力上昇＋２５,创造力上升＋25,translated,32,5a055ea535,br=0 nl=0,3,
global:2463,創造力上昇＋３,创造力上升＋3,translated,22,3c438d90f4,br=0 nl=0,3,
global:2464,創造力上昇＋３０,创造力上升＋30,translated,32,80c5760c27,br=0 nl=0,3,
global:2465,創造力上昇＋３５,创造力上升＋35,translated,32,e9ba2cd39c,br=0 nl=0,3,
global:2466,創造力上昇＋４０,创造力上升＋40,translated,32,bf40eb15f7,br=0 nl=0,3,
global:2467,創造力上昇＋４５,创造力上升＋45,translated,32,f49d0f9d34,br=0 nl=0,3,
global:2468,創造力上昇＋５,创造力上升＋5,translated,22,3849324848,br=0 nl=0,3,
global:2469,創造力上昇＋５０,创造力上升＋50,translated,32,6d8d560aec,br=0 nl=0,3,
global:2470,創造力上昇＋５５,创造力上升＋55,translated,32,068bbab371,br=0 nl=0,3,
global:2471,創造力上昇＋６０,创造力上升＋60,translated,32,791413de37,br=0 nl=0,3,
global:2472,創造力上昇＋６５,创造力上升＋65,translated,32,06d4678bd5,br=0 nl=0,3,
global:2473,創造力上昇＋７０,创造力上升＋70,translated,32,fe9af4d2c4,br=0 nl=0,3,
global:2474,"力情報
　　　LPや修復力、属性などのシャールの能力を
　　　確認します。","能力信息
　　　确认夏尔的LP、修复力、
　　　属性等各项能力。",translated,104,6b781c5b16,br=0 nl=2,1,
global:2475,勃起,,todo,7,8058991bd6,br=0 nl=0,2,
global:2476,勝ったー！ジングル。僕は勝利ジングルはとにかく景気よく派手にしたい人なのですが、Ｄａｎｉさんのギターソロが見事にそれに応えてくださいました！冒頭の鳴きが最高！（あちわ）,获胜了！短乐曲。我这人对于胜利短乐曲总想做得热热闹闹极尽华丽，而Dani先生的吉他独奏极佳地回应了我的期待！开头的鸣响绝赞！（あちわ）,translated,253,ec2ecf4a90,br=0 nl=0,1,src-longest-line=84
global:2477,勲章一覧,勋章一览,translated,13,6e7ef3383d,br=0 nl=0,1,
global:2478,包茎,,todo,7,e5203077d6,br=0 nl=0,1,
global:2479,北斗星,,todo,10,67f00d64da,br=0 nl=0,1,
global:2480,北斗星々,,todo,13,0c58cae706,br=0 nl=0,1,
global:2481,北斗星ノ宮,,todo,16,b5484d7277,br=0 nl=0,1,
global:2482,北斗星夕,,todo,13,9de84f63eb,br=0 nl=0,1,
global:2483,北斗星庵,,todo,13,3650a15060,br=0 nl=0,1,
global:2484,北斗星恋,,todo,13,dd52ea87bd,br=0 nl=0,1,
global:2485,北斗星戒,,todo,13,b6afabb10a,br=0 nl=0,1,
global:2486,半分宇宙入ってる感じ、という指定でした。宇宙過ぎず、地上過ぎず……になったと思いたい。ふわふわ漂う感じが眠気を誘います。作りながら何度も寝落ちしました。<CR>（柳川）,当时的需求是‘半只脚踏入宇宙的感觉’。真希望能做到既不过于宇宙、也不过于地表……的感觉呢。轻飘飘漂浮的感觉引人入睡。制作过程中我好几次都睡着了。<CR>（柳川）,translated,245,46510e4880,<CR> br=0 nl=0,1,keep-tags <CR>; src-longest-line=84
global:2487,半熟果実の枝,半熟果实之枝,translated,19,b3fb21d677,br=0 nl=0,3,
global:2488,半透明な身体を持つネレイグラ\nコス。危険を感じると背中から\n触手を出し、その毒で対象をマ\nヒさせてくるが警戒心は弱い。,"半透明身体的内雷格拉科
斯。感受到危险便会从背后伸
出触手以毒素麻痹目标，但其
自身警惕心很弱。",translated,256,d326690b78,br=0 nl=0,3,src-longest-line=62
global:2489,卓に着きし者たち,入座圆桌之人,translated,26,99559026fd,br=0 nl=0,1,
global:2490,協力情報,协力信息,translated,13,d415d3ed0d,br=0 nl=0,1,
global:2491,南條　愛乃,南条 爱乃,translated,16,29b52441c1,br=0 nl=0,13,
global:2492,単位時間修復量が増える為、廃墟修復スピードが上がります。,单位时间修复量提升，废墟修复速度加快。,translated,128,b4a60e0c00,br=0 nl=0,15,src-longest-line=28
global:2493,博士帽,博士帽,translated,10,0094e2ac62,br=0 nl=0,48,
global:2494,危機的状況な曲。展開していく部分は「あれ？もしかしたら意外と平気かも？ちょっと気を緩めても良いかな……ってやっぱりダメだったー！？」というイメージです。開発室で良く見かけます。（柳川）,危机状况下的曲子。展开部分表现的是“咦？说不定意外没事？稍微放松一下也可以吧……结果还是不行啊――！？”这样的意象。在开发室里经常能见到。（柳川）,translated,277,986c1d1af9,br=0 nl=0,1,src-longest-line=92
global:2495,厚手ガード,厚实护具,translated,16,f5b23752f2,br=0 nl=0,3,
global:2496,受信メール,接收邮件,translated,16,ca435daf5a,br=0 nl=0,1,
global:2497,古いプラグ,陈旧插头,translated,16,f319025314,br=0 nl=0,3,
global:2498,古代の記憶 for Ar,古代的记忆 for Ar,translated,23,13adcb393b,br=0 nl=0,1,
global:2499,右翼,,todo,7,b70b2c7323,br=0 nl=0,1,
global:2500,"各メニューから
　つぶやき
　タイムライン
　メッセージボード

などをタップ","从各菜单中
　碎碎念
　时间线
　留言板

等处进行点击",translated,108,4846edfe7f,br=0 nl=5,2,src-lines=6
global:2501,"各メニューから
　つぶやく

をタップ","从各菜单中
　碎碎念

请点击",translated,52,0b7609e2d8,br=0 nl=3,1,src-lines=4
global:2502,"各メニューから
　メール

をタップ","从各菜单中
　邮件

请点击",translated,49,8ed81a20d8,br=0 nl=3,1,src-lines=4
global:2503,"各メニューから
　メール
　　メール詳細

をタップ","从各菜单中
　邮件
　　邮件详情

请点击",translated,71,d9e06a8f45,br=0 nl=4,1,src-lines=5
global:2504,"各メニューから
　メール
　　メール詳細
　　　メール削除
　　　（受信メール削除）
　　　送信メール削除

をタップ","从各菜单中
　邮件
　　邮件详情
　　　删除邮件
　　　（删除接收邮件）
　　　删除发送邮件

请点击",translated,256,e9ac0c92a9,br=0 nl=7,1,src-lines=8
global:2505,"各メニューから
　メール
　　受信メール

をタップ","从各菜单中
　邮件
　　接收邮件

请点击",translated,71,58118ecd31,br=0 nl=4,1,src-lines=5
global:2506,"各メニューから
　メール
　　送信メール

をタップ","从各菜单中
　邮件
　　发送邮件

请点击",translated,71,dfdf0b0715,br=0 nl=4,1,src-lines=5
global:2507,"各メニューから
　共有ユーザー
　フォロー
　フォロワー
　PSNフレンド

をタップ","从各菜单中
　共享用户
　关注
　粉丝
　PSN好友

请点击",translated,112,50e709f292,br=0 nl=6,1,src-lines=7
global:2508,同調調停院,同调调停院,translated,16,e674a64780,br=0 nl=0,1,
global:2509,告白する,表白,translated,13,b7d68f4e7a,br=0 nl=0,1,
global:2510,呼ばれるのを待っていました。,我一直在等待您的呼唤。,translated,43,e71975e732,br=0 nl=0,1,
global:2511,命令があればすぐに行動できます。,只要您下达命令，我能立刻行动。,translated,49,f51d3118ee,br=0 nl=0,1,
global:2512,命名,命名,translated,7,73bd4c354a,br=0 nl=0,1,
global:2513,唇にタッチして,碰碰嘴唇,translated,22,76a1905587,br=0 nl=0,1,
global:2514,喘いで,,todo,10,a9d06c7cab,br=0 nl=0,1,
global:2515,喘いでチオーション,,todo,65,7d78e60b54,br=0 nl=0,1,
global:2516,喘げ,,todo,7,a02a3f2f3e,br=0 nl=0,1,
global:2517,喘げマチオーション,,todo,65,773c0e964f,br=0 nl=0,1,
global:2518,喪失の欠片,丧失的碎片,translated,16,1479a2b227,br=0 nl=0,1,
global:2519,四奏音,,todo,10,2709be6883,br=0 nl=0,1,
global:2520,四奏音ヶ崎,,todo,16,b3bd07ccab,br=0 nl=0,1,
global:2521,四奏音丸,,todo,13,e91be801fa,br=0 nl=0,1,
global:2522,四奏音之助,,todo,16,934594e83b,br=0 nl=0,1,
global:2523,四奏音乙,,todo,13,e7b336a325,br=0 nl=0,1,
global:2524,四奏音亭,,todo,13,5ece42bd21,br=0 nl=0,1,
global:2525,四奏音夕,,todo,13,a869a242fa,br=0 nl=0,1,
global:2526,回,次,translated,5,5b722ab415,br=0 nl=0,4,
global:2527,回復時間,回复时间,translated,13,ba69bad222,br=0 nl=0,1,
global:2528,回復量,回复量,translated,32,7021e83e3c,br=0 nl=0,10,
global:2529,回復量上昇１０％,回复量上升10%,translated,32,bd84d158a0,br=0 nl=0,3,
global:2530,回復量上昇１５％,回复量上升15%,translated,32,0f3f436fa5,br=0 nl=0,3,
global:2531,回復量上昇２０％,回复量上升20%,translated,32,1928719f73,br=0 nl=0,3,
global:2532,回復量上昇２５％,回复量上升25%,translated,32,ee37b552a0,br=0 nl=0,3,
global:2533,回復量上昇３０％,回复量上升30%,translated,32,2b8716e742,br=0 nl=0,3,
global:2534,回復量上昇３５％,回复量上升35%,translated,32,8e6341a2db,br=0 nl=0,3,
global:2535,回復量上昇４０％,回复量上升40%,translated,32,0da8bbc246,br=0 nl=0,3,
global:2536,回復量上昇４５％,回复量上升45%,translated,32,ce7c5ebeaa,br=0 nl=0,3,
global:2537,回復量上昇５％,回复量上升5%,translated,32,d6a0bba4de,br=0 nl=0,3,
global:2538,回復量上昇５０％,回复量上升50%,translated,32,679bf40432,br=0 nl=0,3,
global:2539,土屋　暁,土屋 晓,translated,13,21998e95cc,br=0 nl=0,27,
global:2540,土屋）,土屋）,translated,10,019efc728a,br=0 nl=0,1,
global:2541,土属性,土属性,translated,32,c67f633c7e,br=0 nl=0,440,
global:2542,土方,,todo,7,270b757770,br=0 nl=0,1,
global:2543,在日,,todo,7,48b39bac62,br=0 nl=0,1,
global:2544,地文の総本山とも言えるアルメティカと縦貫坑道の地文寺院で使われていた曲です。まさにエキゾチックの集大成とも言える曲でしょう。この曲を聴いているだけで、独特なインセンスの香りが頭の中に広がって、なんだかボーッとしてきます。古い木の香り、そしてお香の匂い。アジア独特の魅力的な香りです。<CR>（土屋）,在堪称地文大本营的阿尔梅堤嘉与纵贯坑道的地文寺院中所使用的乐曲。正可谓是异域风情的集大成之作。光是听着这首曲子，脑海中便会弥漫开独特的线香香气，让人莫名有些发呆出神。古老木料的气息，以及焚香的气味。是亚洲独有的迷人芬芳。<CR>（土屋）,translated,440,3ca7becfd6,<CR> br=0 nl=0,1,keep-tags <CR>; src-longest-line=149
global:2545,地文寺院のテーマ,地文寺院主题,translated,256,9ff7ded8a8,br=0 nl=0,1,
global:2546,地炉留,,todo,10,88389ef5ea,br=0 nl=0,1,
global:2547,地炉留ノ命,,todo,16,c4a7afca03,br=0 nl=0,1,
global:2548,地炉留ノ守,,todo,16,e8e9bde822,br=0 nl=0,1,
global:2549,地炉留之助,,todo,16,6eac3e08b3,br=0 nl=0,1,
global:2550,地炉留夕,,todo,13,f8c2b60382,br=0 nl=0,1,
global:2551,地炉留恋,,todo,13,60942b273c,br=0 nl=0,1,
global:2552,地炉留楼,,todo,13,63a4a686fe,br=0 nl=0,1,
global:2553,地炉留竹,,todo,13,e1d6186747,br=0 nl=0,1,
global:2554,地炉留雫,,todo,13,a31bf17333,br=0 nl=0,1,
global:2555,城　南海,城 南海,translated,13,0326f175b4,br=0 nl=0,26,
global:2556,基地外,,todo,10,bcbfdd76f8,br=0 nl=0,1,
global:2557,基地外まんーション,,todo,65,ced5b97e57,br=0 nl=0,1,
global:2558,基本情報,基本信息,translated,13,98f7db8bee,br=0 nl=0,3,
global:2559,堕天使の羽,堕天使之羽,translated,16,144aea66b6,br=0 nl=0,3,
global:2560,"報
　　　ＦＲ／ＦＯ
　　　　禁止ユーザー一覧

をタップ","息
　　　FR／FO
　　　　黑名单用户列表

请点击",translated,185,2942e7378e,br=0 nl=4,3,src-lines=5
global:2561,場所を確認,确认场所,translated,16,bb2f566e61,br=0 nl=0,1,
global:2562,声のメールだよ,是语音邮件哦,translated,22,92866133fd,br=0 nl=0,1,
global:2563,売国,,todo,7,be781ad860,br=0 nl=0,1,
global:2564,売女,,todo,7,e62d7215b4,br=0 nl=0,2,
global:2565,売女ってオーション,,todo,65,a6901d9e91,br=0 nl=0,1,
global:2566,変態,,todo,7,e2ce073ccf,br=0 nl=0,1,
global:2567,夕暮れ時の、ちょっと寂しさ漂う帰り道。大人にとっては単なる夕方ですが、子供にとっては「世界が変わる瞬間」です。少なくとも私は幼少時代にそう思っていました。とても明るい昼と、何が起こるか分からない夜。この夕暮れの時間帯は、そんな狭間のドキドキする時間です。<CR>そうそう、夕方といえば門限です。うちは門限が6時でしたが、6時2分に帰って閉め出された時の事を思い出します。あんまりでした。（土屋）,黄昏时分略带寂寥的归途。对大人而言不过是单纯的傍晚，但对孩童而言却是“世界改变的瞬间”。至少我幼年时是这么认为的。明亮白昼与不知会发生何事的黑夜。这黄昏时分，正是处于此两者夹缝中心跳不已的时刻。<CR>对了大说到傍晚就是门禁。我家门禁是6点，记得有次6点零2分回家就被关在门外了。实在太过分了。（土屋）,translated,578,8e13a84bfe,<CR> br=0 nl=0,1,keep-tags <CR>; src-longest-line=197
global:2568,夕焼けいぬみみ,夕阳犬耳,translated,22,8fe3e074da,br=0 nl=0,1,
global:2569,夕焼けうさみみ,夕阳兔耳,translated,22,5abdc7f7e1,br=0 nl=0,1,
global:2570,夕焼け通り,夕阳街道,translated,16,5a845050db,br=0 nl=0,1,
global:2571,夜の瞬き,夜之微光,translated,13,dfaaa477e1,br=0 nl=0,1,
global:2572,夜実樹,,todo,10,8d45ea96dd,br=0 nl=0,3,
global:2573,夜実樹ノ守,,todo,16,88dff6b782,br=0 nl=0,1,
global:2574,夜実樹ノ宮,,todo,16,4b7f914bb4,br=0 nl=0,1,
global:2575,夜実樹命,,todo,13,4ede9cd69b,br=0 nl=0,1,
global:2576,夜実樹竹,,todo,13,8b232b1133,br=0 nl=0,1,
global:2577,夜明けのティアラ,黎明天冠,translated,64,c890ab77aa,br=0 nl=0,3,
global:2578,夢と機械と秘密基地,梦想、机械与秘密基地,translated,32,41a0c19721,br=0 nl=0,1,
global:2579,夢の栖,梦之栖,translated,10,a1ce194545,br=0 nl=0,1,
global:2580,夢セカイへダイブしよう,向梦世界潜入吧,translated,34,10dfd534d8,br=0 nl=0,1,
global:2581,大丈夫、ボクならできる……。,没事的，交给我一定行……。,translated,43,69ed774339,br=0 nl=0,1,
global:2582,大人の秘密,大人的秘密,translated,16,d7bafcf74e,br=0 nl=0,3,
global:2583,大切なあなたへ♪,献给最珍视的你♪,translated,25,bad2da617e,br=0 nl=0,1,
global:2584,大切な時間をイオンに伝えてみて,把重要的时间告诉依恩吧,translated,64,df279dfcff,br=0 nl=0,1,
global:2585,大和,,todo,7,ae568b1ff4,br=0 nl=0,1,
global:2586,大和命,,todo,10,931ac26924,br=0 nl=0,1,
global:2587,大和夕,,todo,10,d56bcda789,br=0 nl=0,1,
global:2588,大和楼,,todo,10,418fc27860,br=0 nl=0,1,
global:2589,大和竹,,todo,10,924878023d,br=0 nl=0,1,
global:2590,大好きなあなたへ♪,献给最喜欢的你♪,translated,28,470326bc9f,br=0 nl=0,1,
global:2591,大嶋　啓之,大岛 启之,translated,16,bf41a23cad,br=0 nl=0,26,
global:2592,大華,,todo,7,62bd67373b,br=0 nl=0,1,
global:2593,大華ヶ崎,,todo,13,7565cc27a2,br=0 nl=0,1,
global:2594,大華丸,,todo,10,d936a51520,br=0 nl=0,1,
global:2595,大麻,,todo,7,2b0b585fc8,br=0 nl=0,1,
global:2596,天使の羽,天使之羽,translated,13,e66c52ff1f,br=0 nl=0,100,
global:2597,天地咆吼,天地咆哮,translated,13,7329642e13,br=0 nl=0,13,
global:2598,天文の機密情報衛星『マスターレジストラ』に信号を送るための詩。本来イオンが俯瞰視点を使って謳う予定だったが、イオンの調子が悪かったため、代わりにネイが謳った。<CR>だが、なぜネイが衛星の制御方法を知っていたのかは不明である。歌詞にも意味深な想いが込められている。,为了向天文的机密情报卫星“主注册官”发送信号而作的诗。原本计划由依恩利用俯瞰视点来唱响，但因依恩身体状况不佳，便由妮伊代为讴歌。<CR>然而，妮伊究竟为何会知晓卫星的控制方法至今成谜。歌词中也蕴含着意味深长的心意。,translated,389,54acb66cae,<CR> br=0 nl=0,13,keep-tags <CR>; src-longest-line=132
global:2599,天文学研究所,天文学研究所,translated,19,06e2bfdcdf,br=0 nl=0,1,
global:2600,天涯,天涯,translated,7,9e74f59b87,br=0 nl=0,1,
global:2601,天涯星夜,天涯星夜,translated,13,1ffddab92b,br=0 nl=0,1,
global:2602,天空に浮かぶ楽園、コロン・フォーシーズン。<CR>その雰囲気を大切にすべく、非常に落ち着いた、美しい曲調になっています。そして、この辺になってくるといよいよ後半戦。思えば遠くへ来たもんだ…と思えるような、ちょっと神妙な気持ちになれるような曲としてもお願いしています。<CR>（土屋）,悬浮于天空的乐园，克隆四季。<CR>为了珍惜并烘托那份氛围，本曲被塑造成了极其沉静优雅的优美曲调。随着剧情推进至此处，也终于要步入后半程了。我也嘱咐将其创作为一首能让人感触良多、不禁感慨“回首已走过这般漫漫长路……”略带肃穆心境的乐曲。<CR>（土屋）,translated,408,a6af6052ce,<CR> <CR> br=0 nl=0,1,keep-tags <CR>; src-longest-line=141
global:2603,天竜角,天龙角,translated,10,29974781b3,br=0 nl=0,3,
global:2604,天統姫,天统姬,translated,10,b18a7ee069,br=0 nl=0,1,
global:2605,太陽光ガード,太阳光护具,translated,19,94fd73eaec,br=0 nl=0,2,
global:2606,失敗しそうで、ボク不安です。,感觉要失败了，我好不安。,translated,43,aa93686362,br=0 nl=0,1,
global:2607,失敗を恐れずに、積極的に修復です！,不要畏惧失败，积极去修复吧♪,translated,52,53c0df3c2b,br=0 nl=0,1,
global:2608,奏彼方,,todo,10,a865a480df,br=0 nl=0,2,
global:2609,奏彼方ノ守,,todo,16,0e96814f46,br=0 nl=0,1,
global:2610,奏彼方丸,,todo,13,d6d259e213,br=0 nl=0,1,
global:2611,奏彼方人,,todo,13,be81c396f0,br=0 nl=0,1,
global:2612,奏彼方命,,todo,13,d44fd0948d,br=0 nl=0,1,
global:2613,奏彼方竹,,todo,13,c8e7e5c8d5,br=0 nl=0,2,
global:2614,奏愛来,,todo,10,4f51138f8c,br=0 nl=0,3,
global:2615,奏愛来ノ命,,todo,16,9e703dec51,br=0 nl=0,1,
global:2616,奏愛来ノ宮,,todo,16,e5e0705581,br=0 nl=0,1,
global:2617,奏愛来乙,,todo,13,ab15b23b80,br=0 nl=0,1,
global:2618,奏愛来亭,,todo,13,7a860cd8aa,br=0 nl=0,1,
global:2619,奏愛来命,,todo,13,619d9f20b5,br=0 nl=0,1,
global:2620,奏愛来庵,,todo,13,28491dca7a,br=0 nl=0,1,
global:2621,奏愛来竹,,todo,13,11475e402f,br=0 nl=0,1,
global:2622,妖精の羽,妖精之羽,translated,13,b8d5c25c22,br=0 nl=0,89,
global:2623,姦,,todo,4,3c0e189083,br=0 nl=0,1,
global:2624,姫乃,,todo,7,31d6faacfb,br=0 nl=0,2,
global:2625,姫乃ノ守,,todo,13,d382eff3f3,br=0 nl=0,1,
global:2626,姫乃庵,,todo,10,fa151cc598,br=0 nl=0,1,
global:2627,姫乃恋,,todo,10,71a2c60b32,br=0 nl=0,1,
global:2628,姫乃戒,,todo,10,bdfe1d2cf9,br=0 nl=0,1,
global:2629,威厳があったり、後ろ向きだったりする感じを和テイストにのせて。和といえば、最近美味しいきんつばを売っているお店を見つけました。週末に買いだめて、平日にもそもそと食ってます。和菓子万歳。（柳川）,将威严与略显退缩消极的感觉融入了和风韵味中。说到和风，最近我发现了一家卖非常美味的金锷烧的店铺。周末囤上一堆，工作日就一口一口细细品尝。和果子万岁。（柳川）,translated,289,0b58b921e8,br=0 nl=0,1,src-longest-line=96
global:2630,"嫁世界でMENUボタン

を選択","在梦世界中按下MENU按钮

请选择",translated,256,b0114587b0,br=0 nl=2,1,
global:2631,嬉しかったことメモ,开心备忘录,translated,28,6af2161f52,br=0 nl=0,1,
global:2632,子供じゃありません！,我才不是小孩子呢！,translated,31,1e9e00e4bf,br=0 nl=0,1,
global:2633,子陽,,todo,7,fc50b4f513,br=0 nl=0,1,
global:2634,子陽ノ宮,,todo,13,0864fb33c3,br=0 nl=0,1,
global:2635,子陽ヶ崎,,todo,13,5ecc39e3f8,br=0 nl=0,1,
global:2636,子陽之助,,todo,13,8f74db948f,br=0 nl=0,1,
global:2637,子陽命,,todo,10,a4cfac7abf,br=0 nl=0,1,
global:2638,子陽夕,,todo,10,5d1f1084ce,br=0 nl=0,1,
global:2639,子陽庵,,todo,10,75af713df1,br=0 nl=0,1,
global:2640,子陽戒,,todo,10,62f9bba0be,br=0 nl=0,1,
global:2641,子陽竹,,todo,10,d2fc682c08,br=0 nl=0,2,
global:2642,学園もの風というリクエストでこんな感じに。初代アルトネリコの精神世界シナリオでレアードが教師役で出てきたときは衝撃でした。お前のような教師がいるか！肩からなんか生えとるし！<CR>（あちわ）,收到学园风格的需求后便创作成了这般模样。初代魔塔大陆的精神世界剧本中蕾阿德作为教师登场时实在太震撼了。哪有你这样的老师啊！肩膀上还长着什么东西啊！<CR>（あちわ）,translated,278,99532cb160,<CR> br=0 nl=0,1,keep-tags <CR>; src-longest-line=95
global:2643,学士帽,学士帽,translated,10,2069e771fe,br=0 nl=0,3,
global:2644,学校,学校,translated,7,08610a85a1,br=0 nl=0,1,
global:2645,安らぎの時,安详之时,translated,16,c4acc6b2ca,br=0 nl=0,1,
global:2646,定,定,translated,4,3f917904f9,br=0 nl=0,3,
global:2647,宝を咲かせて,让宝藏绽放,translated,19,d3ecd23d53,br=0 nl=0,1,
global:2648,宮城から万寿沙羅へ…。イオンにとっては、あの下降する軌道エレベイタは、地獄へのゴンドラと同然だった事でしょう。エレベイタの中に本当にこの曲がかかっていたらきっと発狂したに違いありません。それくらい、この曲は雰囲気抜群ということですね。シェルノサージュでは、特にアジアンなテイストを大事にして制作していますが、特にこういった絶望的な妖しさに関しては、アジアンの右に出る楽曲はありませんね。<CR>（土屋）,从皇宫前往万寿沙罗……。对依恩而言，那座不断下降的轨道升降机，想必无异于通往地狱的吊篮吧。升降机里要是真放这首曲子肯定会发疯的。这也正说明此曲氛围营造得登峰造极。在Ciel nosurge中，我们格外注重亚洲风味的呈现，而在这种绝望妖异的氛围营造上，亚洲风乐曲绝对无人能出其右。<CR>（土屋）,translated,596,2304722a50,<CR> br=0 nl=0,1,keep-tags <CR>; src-longest-line=201
global:2649,宵闇のティアラ,宵暗天冠,translated,22,e829d1d9f0,br=0 nl=0,3,
global:2650,宵闇の花,宵暗之花,translated,13,5ac49724ab,br=0 nl=0,1,
global:2651,家庭的な奥さん,贤惠的人妻,translated,22,1f755ebfd1,br=0 nl=0,1,
global:2652,容姿変更,变更容貌,translated,13,f9dca3f3ce,br=0 nl=0,1,
global:2653,容姿変更：イオン,变更容貌：依恩,translated,25,ba4b0909ea,br=0 nl=0,1,
global:2654,容姿変更：寧,变更容貌：宁,translated,19,f6da627a35,br=0 nl=0,1,
global:2655,対象を分析して正確に修復します。,我会分析目标准确修复的。,translated,49,69a7369e16,br=0 nl=0,1,
global:2656,射命丸,,todo,10,6d92fce9cb,br=0 nl=0,1,
global:2657,射精,,todo,7,d6e74ddd53,br=0 nl=0,1,
global:2658,少し、休憩をさせてもらえませんか？,能不能稍微让我休息一下呢？,translated,52,feced1a532,br=0 nl=0,1,
global:2659,少しだけ体に違和感がありますが、興味深い体験をしました。,身体虽然稍感异样，但毫无问题。,translated,128,f582c58fee,br=0 nl=0,1,src-longest-line=28
global:2660,少女ツン,少女傲娇,translated,32,7b27c362ac,br=0 nl=0,882,
global:2661,少女普通,少女普通,translated,32,e3f229e855,br=0 nl=0,877,
global:2662,屍悪魔の羽,尸恶魔之羽,translated,16,6aa9768631,br=0 nl=0,3,
global:2663,山羊角,山羊角,translated,10,b260afb39b,br=0 nl=0,49,
global:2664,岩のような衣を持つ、スペリウ\nスの中でも珍しい種族。気性は\n荒く、非常に警戒心が強いため\n扱いが難しい。,"身着如岩石般衣裳、在斯佩
利乌斯中极为罕见的种族。
性格粗暴且警戒心极强，因而
非常难以驯服。",translated,154,69794fb449,br=0 nl=0,3,src-longest-line=55
global:2665,峇戌,峇戌,translated,64,3212cdc1c3,br=0 nl=0,1,
global:2666,峰酉,峰酉,translated,64,aa3762f732,br=0 nl=0,1,
global:2667,崩壊編の時のBGMにコーラスがついて、いよいよ終局に向かうのだー！という雰囲気がバンバン出てきました。イオンの記憶が全て蘇ったときに何が起こるのか！そういったクライマックス感が出てくる曲でもありますね。それと同時に、イオンのとても繊細な内面の姿も伝わってきます。あなたとイオンのこれからに幸多からんことを！<CR>（土屋）,崩坏篇时的BGM加上了和声，愈发烘托出“终于要迈向终局了！”的强烈氛围。当依恩的记忆全部复苏时将会发生什么！这是一首充分展现出此类最高潮氛围的曲子呢。与此同时，依恩极其细腻的内心世界也传递了过来。祝愿您与依恩的未来充满幸福！<CR>（土屋）,translated,470,3e8a5a09df,<CR> br=0 nl=0,1,keep-tags <CR>; src-longest-line=161
global:2668,崩壊編最終幕,崩坏篇最终幕,translated,20,8ec9f6d02e,br=0 nl=0,1,
global:2669,崩壊編第一幕,崩坏篇第一幕,translated,20,8701ef8a21,br=0 nl=0,1,
global:2670,崩壊編第三幕,崩坏篇第三幕,translated,20,fea5e2f296,br=0 nl=0,1,
global:2671,崩壊編第二幕,崩坏篇第二幕,translated,20,d53dae5f02,br=0 nl=0,1,
global:2672,左翼,,todo,7,eae4e675b9,br=0 nl=0,1,
global:2673,巨乳,,todo,7,f7f4f3529b,br=0 nl=0,1,
global:2674,巨乳かっぷーション,,todo,65,efbdd15b80,br=0 nl=0,1,
global:2675,巨大木人の腕,巨木人之臂,translated,19,62f0f84086,br=0 nl=0,3,
global:2676,希望がうっすらと見える感じを狙ってみました。長野は善光寺に真っ暗な通路をひたすら歩くアトラクション的なものがあるのですが、その暗闇っぷりが、半端無かったです。光が見えたときの嬉しかったこと…。<CR>（柳川）,我瞄准了隐隐能看见希望的感觉。长野善光寺有一处在一片漆黑的通道中不停摸索前行、类似游乐设施的项目，那片黑暗真的非同寻常。重见光明时那份喜悦啊……。<CR>（柳川）,translated,305,47440cfff4,<CR> br=0 nl=0,1,keep-tags <CR>; src-longest-line=104
global:2677,常に備えよ,随时备战,translated,16,f1026f5feb,br=0 nl=0,1,
global:2678,常闇ナース,常暗护士,translated,16,24fb3cc3e4,br=0 nl=0,3,
global:2679,平安,,todo,7,b4ebb992e9,br=0 nl=0,1,
global:2680,平安ノ命,,todo,13,5f74d1dfa5,br=0 nl=0,1,
global:2681,平安ノ守,,todo,13,ddcc70b6e8,br=0 nl=0,1,
global:2682,平安ヶ崎,,todo,13,6d3dd9021c,br=0 nl=0,2,
global:2683,平安夕,,todo,10,f2dfc5a0cc,br=0 nl=0,2,
global:2684,幸せな時間,幸福的时光,translated,16,e4ee3d7dcb,br=0 nl=0,1,
global:2685,幻の栖,幻之栖,translated,10,f04d26ccc8,br=0 nl=0,1,
global:2686,幽綺葉,,todo,10,6f07e6e5c5,br=0 nl=0,1,
global:2687,幽綺葉々,,todo,13,992f75ea68,br=0 nl=0,1,
global:2688,幽綺葉ノ命,,todo,16,d0b0edb194,br=0 nl=0,1,
global:2689,幽綺葉丸,,todo,13,7fd135b174,br=0 nl=0,1,
global:2690,幽綺葉之助,,todo,16,a03c234c19,br=0 nl=0,1,
global:2691,幽綺葉命,,todo,13,3a092ee2b7,br=0 nl=0,1,
global:2692,幽綺葉夕,,todo,13,1edbb0ca80,br=0 nl=0,1,
global:2693,幾何学的というんでしょうか。全てがデジタルで構成された電気回路のような世界をイメージして作りました。（あちわ）,该说是有几何感吗。我是以宛如全由数字化构成的电路板般的世界为意象进行创作的。（あちわ）,translated,166,58361e08e8,br=0 nl=0,1,src-longest-line=55
global:2694,広がった尻尾,,todo,19,f2e717e260,br=0 nl=0,53,
global:2695,序言ノ響,序言之响,translated,13,13aea94097,br=0 nl=0,1,
global:2696,廃墟とかにロマンを感じるのは、かつてそれがにぎわっていた時代を否応なく思い起こさせるからでしょうか。その寂寥感と、もう役目から解放されたんだ、という安堵感もあるかも。（あちわ）,在废墟等处能感受到浪漫，大概是因为会不由自主让人联想起它昔日繁华的时代吧。伴随着那份寂寥感，或许也会产生一种“终于从使命中解脱了”的释怀与安心感。（あちわ）,translated,265,2ab9ad0281,br=0 nl=0,1,src-longest-line=88
global:2697,廃墟修復,废墟修复,translated,13,2f58da2399,br=0 nl=0,1,
global:2698,廃墟修復を手伝い、HymPとEXPを入手しました。,协助废墟修复，获得HymP与EXP吧！,translated,62,e749b1e331,br=0 nl=0,1,src-longest-line=25
global:2699,"廃墟修復マップ

に来た","废墟修复地图

来到了",translated,33,a6794ffb18,br=0 nl=2,1,
global:2700,"廃墟修復マップ
　TIME WARP
を選択","废墟修复地图
　TIME WARP
请选择",translated,45,35f819be01,br=0 nl=2,1,
global:2701,"廃墟修復マップ
　修復中ポイント

を選択","废墟修复地图
　修复中点数

请选择",translated,58,5dc7131ac9,br=0 nl=3,1,src-lines=4
global:2702,"廃墟修復マップ
　未修復ポイント

を選択","废墟修复地图
　未修复点数

请选择",translated,58,b2bbedafbd,br=0 nl=3,1,src-lines=4
global:2703,"廃墟修復マップ
　未修復ポイント
　　シャールの巣
　　　シャール
　　　　修復する

を選択","废墟修复地图
　未修复点数
　　夏尔之巢
　　　夏尔
　　　　进行修复

请选择",translated,130,b3054a68aa,br=0 nl=6,2,src-lines=7
global:2704,廃墟修復時に引き連れるレイバーシャールの人数が増えます。,废墟修复时一同带领的劳务夏尔数量增加。,translated,128,5273ba8080,br=0 nl=0,4,src-longest-line=28
global:2705,廃墟修復速報,废墟修复速报,translated,19,3861a27383,br=0 nl=0,1,
global:2706,廻愛,,todo,7,ef2498a4b7,br=0 nl=0,1,
global:2707,廻愛々,,todo,10,ff82d6981f,br=0 nl=0,1,
global:2708,廻愛ノ守,,todo,13,e823543da9,br=0 nl=0,2,
global:2709,廻愛ノ宮,,todo,13,ae0bc62c51,br=0 nl=0,1,
global:2710,廻愛丸,,todo,10,b217a53db7,br=0 nl=0,1,
global:2711,廻愛之助,,todo,13,c34cac89f2,br=0 nl=0,1,
global:2712,廻愛乙,,todo,10,543263a1c6,br=0 nl=0,2,
global:2713,廻愛亭,,todo,10,a1b888d88f,br=0 nl=0,1,
global:2714,廻愛夕,,todo,10,8ad1dfc74d,br=0 nl=0,1,
global:2715,廻愛楼,,todo,10,d1a1cd1360,br=0 nl=0,1,
global:2716,弘田　佳孝,弘田 佳孝,translated,16,5b1c2fd00d,br=0 nl=0,26,
global:2717,弧鉄響,,todo,10,b3ce86e423,br=0 nl=0,2,
global:2718,弧鉄響命,,todo,13,f2e111280a,br=0 nl=0,1,
global:2719,弧鉄響恋,,todo,13,87180f3cd7,br=0 nl=0,1,
global:2720,弧鉄響楼,,todo,13,dbbe1c45a5,br=0 nl=0,1,
global:2721,弱点サイン,弱点标记,translated,16,2418ee7559,br=0 nl=0,3,
global:2722,強力なスキル拡張を取得可能になります。,可以获得强力的技能扩展了。,translated,58,cd597b698a,br=0 nl=0,6,
global:2723,強姦,,todo,7,7bd54dfb1e,br=0 nl=0,1,
global:2724,彌紗,,todo,7,2755cf0d00,br=0 nl=0,1,
global:2725,彌紗々,,todo,10,f7ce63584b,br=0 nl=0,1,
global:2726,彌紗ヶ崎,,todo,13,dc126c7b6d,br=0 nl=0,1,
global:2727,彌紗亭,,todo,10,1d04b0fc71,br=0 nl=0,1,
global:2728,彌紗庵,,todo,10,1df49e3d43,br=0 nl=0,1,
global:2729,彩りを運ぶ風,带来斑斓之风,translated,19,e468be814e,br=0 nl=0,1,
global:2730,彩華,,todo,7,659862cc09,br=0 nl=0,1,
global:2731,彩華ノ命,,todo,13,8553f27c61,br=0 nl=0,1,
global:2732,彩華ヶ崎,,todo,13,fee452e817,br=0 nl=0,1,
global:2733,彩華丸,,todo,10,0c1dd4bde8,br=0 nl=0,1,
global:2734,彩華夕,,todo,10,bb90366e50,br=0 nl=0,1,
global:2735,彩香,,todo,7,cbcf7f94d5,br=0 nl=0,1,
global:2736,彩香ノ宮,,todo,13,f6ef1786d0,br=0 nl=0,1,
global:2737,彩香ヶ崎,,todo,13,ae4c02c282,br=0 nl=0,1,
global:2738,彩香丸,,todo,10,0a4435caa0,br=0 nl=0,1,
global:2739,彩香之助,,todo,13,618c714dff,br=0 nl=0,1,
global:2740,彩香戒,,todo,10,495503b396,br=0 nl=0,2,
global:2741,役に立てなくてごめんなさい。,没能帮上忙对不起。,translated,43,f5a47d0aa1,br=0 nl=0,1,
global:2742,後で何かちょーだいね♪,之后要给我点什么哦♪,translated,34,958b73a5cc,br=0 nl=0,1,
global:2743,御伽,,todo,7,76fe5a84ec,br=0 nl=0,2,
global:2744,御伽ノ守,,todo,13,3be17dd52b,br=0 nl=0,1,
global:2745,御伽之助,,todo,13,e84eabd84f,br=0 nl=0,1,
global:2746,御伽亭,,todo,10,66c48aa0c4,br=0 nl=0,1,
global:2747,御伽庵,,todo,10,d88ff268fb,br=0 nl=0,1,
global:2748,御伽恋,,todo,10,e720f89ee8,br=0 nl=0,1,
global:2749,御嶽,,todo,7,09a2d47f4e,br=0 nl=0,1,
global:2750,御嶽ヶ崎,,todo,13,bfab580f23,br=0 nl=0,2,
global:2751,御嶽丸,,todo,10,64532b0e79,br=0 nl=0,1,
global:2752,御嶽乙,,todo,10,c53414d224,br=0 nl=0,1,
global:2753,御嶽人,,todo,10,6bd887dfa7,br=0 nl=0,1,
global:2754,御嶽庵,,todo,10,b7efe30f24,br=0 nl=0,1,
global:2755,御嶽戒,,todo,10,5e241b4a2d,br=0 nl=0,1,
global:2756,御嶽竹,,todo,10,b5ce9b5171,br=0 nl=0,1,
global:2757,御嶽雫,,todo,10,346c0b7575,br=0 nl=0,1,
global:2758,心の網,心之网,translated,10,be04ea7f7c,br=0 nl=0,1,
global:2759,心配されたって、め、迷惑なんだから！,就算被你担心，也、也会很困扰的啦！,translated,55,54638a9559,br=0 nl=0,1,
global:2760,心配事があると、落ち着かないんです。,心事重重的话，就没办法静下心来呢。,translated,55,b0d5196f01,br=0 nl=0,1,
global:2761,心配性,多虑,translated,10,9b8f79cfb3,br=0 nl=0,302,
global:2762,志方　あきこ,志方 晶子,translated,19,05f122732c,br=0 nl=0,308,
global:2763,忘れ物が無いか確認しますね。,我来确认有没有落下东西哦。,translated,43,f2658901ea,br=0 nl=0,1,
global:2764,怖い夢見ちゃった,做噩梦了啦,translated,25,f59c02eb9a,br=0 nl=0,1,
global:2765,思い出を作りに行く,一起去创造回忆吧,translated,28,5073126e4f,br=0 nl=0,1,
global:2766,思考の小路,思考的小径,translated,16,bafbf127ec,br=0 nl=0,1,
global:2767,性交,,todo,7,73773dcb8f,br=0 nl=0,1,
global:2768,性器,,todo,7,a2f4cc8cbe,br=0 nl=0,1,
global:2769,恋愛小説よりも……,比恋爱小说更……,translated,28,fe1b6bb5fe,br=0 nl=0,1,
global:2770,恋愛要素の参考に,参考恋爱要素,translated,25,21283b1f4d,br=0 nl=0,1,
global:2771,恐怖！心霊現象,恐怖！灵异现象,translated,22,874cc6ca76,br=0 nl=0,3,
global:2772,悪魔の羽,,todo,13,15d63b6599,br=0 nl=0,115,
global:2773,悪魔尻尾,,todo,13,4b5a3dc3ee,br=0 nl=0,64,
global:2774,悲観的,悲观,translated,10,8eede75701,br=0 nl=0,280,
global:2775,情報を見る,查看信息,translated,16,a29ab04a59,br=0 nl=0,1,
global:2776,"情報を見る

を選択","查看信息

请选择",translated,27,b35a5f3a32,br=0 nl=2,1,
global:2777,"情報を見る
　イオンの状態

を選択","查看信息
　依恩的状态

请选择",translated,49,a4ce1ef7ee,br=0 nl=3,1,src-lines=4
global:2778,"情報を見る
　イオンの状態
　　シンフォリズム

を選択","查看信息
　依恩的状态
　　交响韵律

请选择",translated,77,652002aea5,br=0 nl=4,1,src-lines=5
global:2779,"情報を見る
　イオンの状態
　　今やっていること

を選択","查看信息
　依恩的状态
　　正在做的事情

请选择",translated,80,3327a0a770,br=0 nl=4,1,src-lines=5
global:2780,"情報を見る
　イオンの状態
　　嬉しかったことメモ

を選択","查看信息
　依恩的状态
　　开心的事情笔记

请选择",translated,83,0a175c189d,br=0 nl=4,1,src-lines=5
global:2781,"情報を見る
　採ってくるものリスト

を選択","查看信息
　需要采集的物品列表

请选择",translated,61,5aeb883d4c,br=0 nl=3,1,src-lines=4
global:2782,"情報を見る
　詩の鑑賞

を選択","查看信息
　诗歌鉴赏

请选择",translated,43,1b38d9adf4,br=0 nl=3,1,src-lines=4
global:2783,"情報を見る
　部屋の音楽を変更

を選択","查看信息
　更改房间的音乐

请选择",translated,55,91b5f3d556,br=0 nl=3,1,src-lines=4
global:2784,"情報を見る (CielDX用)
　７次元転送ＢＯＸ

を選択","查看信息 (CielDX用)
　7次元传送BOX

请选择",translated,67,a169a9b4cc,br=0 nl=3,1,src-lines=4
global:2785,惑星へのエネルギー送信１０００００mag.突破,向行星输送能量突破1000万,translated,128,f6ab511380,br=0 nl=0,2,
global:2786,惑星へのエネルギー送信２０００００mag.突破,向行星输送能量突破2000万,translated,128,2033cd6dce,br=0 nl=0,2,
global:2787,惑星へのエネルギー送信３０００００mag.突破,向行星输送能量突破3000万,translated,128,4b7ea19e25,br=0 nl=0,2,
global:2788,惑星ラシェーラと、皇帝ラシェーラとの対話のシーン。ここだけの、特別なBGMです。この曲、知る人ぞ知る、アルノサージュAGENTPACKのオルゴールの曲です。<CR>純粋で、繊細で、それでいて包み込むような暖かさがオルゴールにはあります。そんなオルゴールの音色と、惑星との対話は、とても良く合っていると思うのです。そして楽曲の原曲は、試練の３年間が始まるときの曲です。まさに、シェルノサージュのテーマともいうべきメロディなのです。（土屋）,行星拉榭拉与皇帝拉榭拉对话的场景。仅在此处播放的特别BGM。本曲正是知者自知的Ar nosurge AGENT PACK八音盒曲目。<CR>纯粹、细腻，却又带着包容一切般温暖的八音盒之音。我认为这种八音盒音色与同星球对话的情境格外契合。而本曲的原曲，正是试练之3年开启时的曲子。正可谓是Ciel nosurge主题旋律一般的存在。（土屋）,translated,623,1e3efbacd0,<CR> br=0 nl=0,1,keep-tags <CR>; src-longest-line=218
global:2789,惑星再生１,行星再生1,translated,16,eddc9dfd7a,br=0 nl=0,1,
global:2790,惑星再生２,行星再生2,translated,16,cf50d30559,br=0 nl=0,1,
global:2791,惑星再生３,行星再生3,translated,16,8212207918,br=0 nl=0,1,
global:2792,惑菜喩,,todo,10,2a04311bc1,br=0 nl=0,2,
global:2793,惑菜喩ヶ崎,,todo,16,f6a809ac6c,br=0 nl=0,1,
global:2794,惑菜喩丸,,todo,13,2e047f0998,br=0 nl=0,1,
global:2795,惑菜喩乙,,todo,13,5c27cf609f,br=0 nl=0,1,
global:2796,惑菜喩恋,,todo,13,2b9cb24138,br=0 nl=0,1,
global:2797,惑菜喩戒,,todo,13,51825191c8,br=0 nl=0,2,
global:2798,想いを伝える,传达心意,translated,19,3503c45baf,br=0 nl=0,2,
global:2799,愛する旦那様へ♪,献给最爱的老公♪,translated,25,cb5ecf8057,br=0 nl=0,1,
global:2800,愛竹花,,todo,10,05bfcb0adb,br=0 nl=0,2,
global:2801,愛竹花ノ宮,,todo,16,42b65efaf2,br=0 nl=0,1,
global:2802,愛竹花丸,,todo,13,480553cab9,br=0 nl=0,1,
global:2803,愛竹花乙,,todo,13,387e73c740,br=0 nl=0,1,
global:2804,愛竹花命,,todo,13,2492af6214,br=0 nl=0,1,
global:2805,愛竹花夕,,todo,13,a59c4c6b19,br=0 nl=0,1,
global:2806,愛竹花恋,,todo,13,909d445684,br=0 nl=0,1,
global:2807,慎重に……慎重に修復します。,慎重地……慎重地进行修复。,translated,43,b3d7054e79,br=0 nl=0,1,
global:2808,慟哭,恸哭,translated,7,6c6ec765ab,br=0 nl=0,1,
global:2809,慣れてくると、なかなかイイモノですね、これ。,习惯了之后，感觉还挺不错的嘛♪,translated,67,1af9cf03be,br=0 nl=0,1,
global:2810,憐散芽音,,todo,13,8165a9f643,br=0 nl=0,1,
global:2811,憐散芽音ヶ崎,,todo,19,8aa4def749,br=0 nl=0,2,
global:2812,憐散芽音丸,,todo,16,beaa7824fa,br=0 nl=0,1,
global:2813,憐散芽音亭,,todo,16,98309a2469,br=0 nl=0,1,
global:2814,憐散芽音人,,todo,16,93119fc8a3,br=0 nl=0,1,
global:2815,憐散芽音夕,,todo,16,f4d8fa0680,br=0 nl=0,1,
global:2816,憐散芽音庵,,todo,16,a54c14758f,br=0 nl=0,1,
global:2817,憐散芽音恋,,todo,16,b795083c25,br=0 nl=0,1,
global:2818,憐散芽音竹,,todo,16,4610c1603e,br=0 nl=0,1,
global:2819,我慢汁,,todo,10,cbb123f226,br=0 nl=0,1,
global:2820,我慢汁まんーション,,todo,65,60771f15b0,br=0 nl=0,1,
global:2821,手こき,,todo,10,2de14f53f5,br=0 nl=0,1,
global:2822,手ぶら,,todo,10,b722078e2e,br=0 nl=0,1,
global:2823,手ぶらでオーション,,todo,65,eddf2ff739,br=0 nl=0,1,
global:2824,手を触ってみて,碰碰手掌,translated,22,a0fc5e1ce4,br=0 nl=0,1,
global:2825,手コキ,,todo,10,ccb8c72421,br=0 nl=0,1,
global:2826,手淫,,todo,7,5075b0d5b2,br=0 nl=0,1,
global:2827,手ﾏﾝ,,todo,10,69afd7b543,br=0 nl=0,1,
global:2828,抜,,todo,4,61580db9c3,br=0 nl=0,1,
global:2829,拡声器,扩音器,translated,10,2a7d20a525,br=0 nl=0,29,
global:2830,持ち物,持有物,translated,10,4355dbf56b,br=0 nl=0,10,
global:2831,持ち物追加,追加持有物,translated,16,22a535a5a3,br=0 nl=0,3,
global:2832,指導力,指导力,translated,10,89b52dc011,br=0 nl=0,5,
global:2833,指導力上昇＋１,指导力上升＋1,translated,22,59c2c81c2c,br=0 nl=0,3,
global:2834,指導力上昇＋２,指导力上升＋2,translated,22,8cb7bba6f3,br=0 nl=0,3,
global:2835,指導力上昇＋３,指导力上升＋3,translated,22,337db8f5ee,br=0 nl=0,3,
global:2836,指導力上昇＋４,指导力上升＋4,translated,22,b7b936c0a6,br=0 nl=0,3,
global:2837,挨拶をする,打招呼,translated,16,bfcaedb64d,br=0 nl=0,2,
global:2838,採ってくるものリスト,要采集的物品清单,translated,31,604d062b2f,br=0 nl=0,1,
global:2839,採取を３回してきてね,去采集3次素材回来吧,translated,31,0d9882f6cb,br=0 nl=0,1,
global:2840,採取依頼をしてみて,试着委托采集看看吧,translated,28,0e7f7c3d99,br=0 nl=0,1,
global:2841,摩周,,todo,7,1dfaa48828,br=0 nl=0,1,
global:2842,摩周々,,todo,10,783c99b9f5,br=0 nl=0,1,
global:2843,摩周ノ命,,todo,13,151bbee623,br=0 nl=0,1,
global:2844,摩周ヶ崎,,todo,13,81e562fa83,br=0 nl=0,1,
global:2845,摩周丸,,todo,10,4f7254162d,br=0 nl=0,1,
global:2846,摩周亭,,todo,10,e9004b0a1e,br=0 nl=0,1,
global:2847,摩周命,,todo,10,f2bd656258,br=0 nl=0,1,
global:2848,摩周夕,,todo,10,85202233eb,br=0 nl=0,1,
global:2849,摩周竹,,todo,10,a3a789ceff,br=0 nl=0,1,
global:2850,摩周雫,,todo,10,db61d8bb59,br=0 nl=0,1,
global:2851,撫でられると、とても安心します♪,被你抚摸的话，会觉得非常安心呢。,translated,49,1a92977358,br=0 nl=0,1,
global:2852,撫でられると、少し希望が見える気がするわ。,被你抚摸的话，感觉就能看到希望了呢。,translated,64,63a67a6d0a,br=0 nl=0,1,
global:2853,撫でられると、気分アゲアゲになっちゃう♪,被你抚摸的话，心情就会嗨起来呢♪,translated,61,95c4a48ebf,br=0 nl=0,1,
global:2854,撫でられるのは、嫌いではありません。,被你抚摸，我倒也不讨厌啦。,translated,55,9951cdb0bf,br=0 nl=0,1,
global:2855,放尿,,todo,7,0ad65aee25,br=0 nl=0,1,
global:2856,教会,教会,translated,7,8df2765def,br=0 nl=0,1,
global:2857,整形,,todo,7,5c5473eee1,br=0 nl=0,1,
global:2858,文書01：トロイの木馬,文档01：特洛伊木马,translated,30,40835957cd,br=0 nl=0,1,
global:2859,文書02：計画進行,文档02：计划推进,translated,24,1acf936476,br=0 nl=0,1,
global:2860,文書03：ＳＣＴ,文档03：SCT,translated,21,7a751c5445,br=0 nl=0,1,
global:2861,文書04：生みの親,文档04：造物之主,translated,24,eb15438b3a,br=0 nl=0,1,
global:2862,文書05：深層心理,文档05：深层心理,translated,24,97123288d2,br=0 nl=0,1,
global:2863,文書06：研究日誌,文档06：研究日志,translated,24,ef33396d2b,br=0 nl=0,1,
global:2864,文書07：想いの大地,文档07：心愿大地,translated,27,4a251f0ed5,br=0 nl=0,1,
global:2865,文書08：統率の意味,文档08：统率的意义,translated,27,99beca8699,br=0 nl=0,1,
global:2866,文書09：種族特性,文档09：种族特性,translated,24,fd30ac280c,br=0 nl=0,1,
global:2867,文書10：民の怒り,文档10：民众之怒,translated,24,757125124a,br=0 nl=0,1,
global:2868,文書11：意識操作,文档11：意识操控,translated,24,4a1441fe7d,br=0 nl=0,1,
global:2869,文書12：過去の遺産,文档12：过去的遗产,translated,27,37d9b1c4c9,br=0 nl=0,1,
global:2870,文書13：想いと使命,文档13：心愿与使命,translated,27,7b129ec447,br=0 nl=0,1,
global:2871,文書14：チャンネル,文档14：频道,translated,27,96f61470cc,br=0 nl=0,1,
global:2872,文書15：世界の切断,文档15：切断世界,translated,27,2c0fee92eb,br=0 nl=0,1,
global:2873,文書16：繋がる世界,文档16：相连的世界,translated,27,6385c4fe2b,br=0 nl=0,1,
global:2874,文書17：オルゴール,文档17：八音盒,translated,27,933d013e94,br=0 nl=0,1,
global:2875,文書18：無限吸収,文档18：无限吸收,translated,24,a19aab8838,br=0 nl=0,1,
global:2876,文書19：望む未来,文档19：期许未来,translated,24,2455bc6006,br=0 nl=0,1,
global:2877,料理中にこねているイオンとお話してみて♪,与料理中正在揉面的依恩搭话,translated,61,ea8bca5fcf,br=0 nl=0,1,
global:2878,料理中にこねているイオンを呼んで,呼唤料理中正在揉面的依恩,translated,49,3eecbf1a3b,br=0 nl=0,1,
global:2879,料理中にデコレーションしているイオンとお話してみて♪,与料理中正在装饰的依恩搭话,translated,79,367124ee9f,br=0 nl=0,1,src-longest-line=26
global:2880,料理中に冷やしているイオンとお話してみて♪,与料理中正在冷却的依恩搭话,translated,64,53cd4d2b2b,br=0 nl=0,1,
global:2881,料理中に冷やしているイオンを呼んで,呼唤料理中正在冷却的依恩,translated,64,fb6e334aa9,br=0 nl=0,1,
global:2882,料理中に切っているイオンを呼んで,呼唤料理中正在切菜的依恩,translated,49,b1ce4683ed,br=0 nl=0,1,
global:2883,料理中に泡立てしているイオンとお話してみて♪,与料理中正在打发的依恩搭话,translated,67,7388af26b2,br=0 nl=0,1,
global:2884,料理中に泡立てているイオンを呼んで,呼唤料理中正在打发的依恩,translated,52,91339efb2a,br=0 nl=0,1,
global:2885,料理中に炒めているイオンとお話してみて♪,与料理中正在翻炒的依恩搭话,translated,61,f92abdbd2d,br=0 nl=0,1,
global:2886,料理中に炒めているイオンを呼んで,呼唤料理中正在翻炒的依恩,translated,49,77e0a98cab,br=0 nl=0,1,
global:2887,料理中に焼いているイオンとお話してみて♪,与料理中正在烘烤的依恩搭话,translated,61,1adee07fef,br=0 nl=0,1,
global:2888,料理中に焼いているイオンを呼んで,呼唤料理中正在烘烤的依恩,translated,49,020fb26b05,br=0 nl=0,1,
global:2889,料理中に食材を切っているイオンとお話してみて♪,与料理中正在切食材的依恩搭话,translated,70,9ce73056c8,br=0 nl=0,1,
global:2890,料理中に飾りつけしているイオンを呼んで,呼唤料理中正在摆盘装饰的依恩,translated,64,038aca9a9e,br=0 nl=0,1,
global:2891,料理中のイオンを呼んで,呼唤料理中的依恩,translated,34,440d379d6b,br=0 nl=0,1,
global:2892,斜里,,todo,7,b649de005b,br=0 nl=0,1,
global:2893,斜里之助,,todo,13,71046e3228,br=0 nl=0,1,
global:2894,斜里亭,,todo,10,fce6926cdd,br=0 nl=0,1,
global:2895,斜里夕,,todo,10,48fd2833ca,br=0 nl=0,1,
global:2896,新しいしっぽパーツを取得可能になります。,可以获取新的尾巴零件了,translated,61,41d1499cb6,br=0 nl=0,5,
global:2897,新しいウイングパーツを取得可能になります。,可以获取新的羽翼零件了,translated,64,c584c3ee78,br=0 nl=0,4,
global:2898,新しいシャールのお面などを取得可能になります。,可以获取新的夏尔面具等物品了,translated,70,a8fa90d7da,br=0 nl=0,2,
global:2899,新しいシャールのメガネを取得可能になります。,可以获取新的夏尔眼镜了,translated,67,85add47e6b,br=0 nl=0,1,
global:2900,新しいシャールの髪型を取得可能になります。,可以获取新的夏尔发型了,translated,64,e8298e6507,br=0 nl=0,1,
global:2901,新しいシャールの髪飾りを取得可能になります。,可以获取新的夏尔发饰了,translated,67,498df4a885,br=0 nl=0,5,
global:2902,新しいハンドアイテムを取得可能になります。,可以获取新的手持道具了,translated,64,b4fa5de068,br=0 nl=0,3,
global:2903,新しい仮想世界をねりこさんが持ってきてくれます。,妮莉库会带来新的虚拟世界。,translated,128,00e7809992,br=0 nl=0,8,
global:2904,新しい体、ちゃんと動かせるといいけど……。,新的身体，要是能顺利活动就好了呢♪,translated,64,47db14224c,br=0 nl=0,1,
global:2905,新緑の大地forAr,新绿的大地forAr,translated,22,2d710f2e6a,br=0 nl=0,1,
global:2906,旅立ち前の箱庭,启程前的箱庭,translated,22,d1ee483466,br=0 nl=0,1,
global:2907,日,日,translated,4,15917f3b32,br=0 nl=0,1,
global:2908,日和,,todo,7,b5c8a712ca,br=0 nl=0,1,
global:2909,日和ノ宮,,todo,13,4f6e77889e,br=0 nl=0,2,
global:2910,日和亭,,todo,10,2585988966,br=0 nl=0,1,
global:2911,日和人,,todo,10,937aa7445b,br=0 nl=0,1,
global:2912,日山　尚,日山 尚,translated,13,1f730ac70d,br=0 nl=0,39,
global:2913,日常っぽい曲殆ど無いじゃん！と言われて急遽追加で作りました。パート２。どーでも良い事ですが、さっきのは「またたき」で、こちらは「まばたき」です。（柳川）,被吐槽‘日常风格的曲子根本就没几首嘛！’之后匆匆加急创作的。第二弹。虽说是无所谓的小事，不过刚才那首是‘瞬息’，这首则是‘眨眼’。（柳川）,translated,229,f07d0504a9,br=0 nl=0,1,src-longest-line=76
global:2914,日常っぽい曲殆ど無いじゃん！と言われて急遽追加で作りました。ラジオの所謂ふつおたを書ける人のアンテナってすげーなーといつも思います。日常から良く色々拾えるな、と。（柳川）,被吐槽‘日常风格的曲子根本就没几首嘛！’之后匆匆加急创作的。我总觉得能写出广播常规普通来信的人其敏锐度真是太厉害了。能从日常生活中捕捉到那么多素材呢。（柳川）,translated,256,60f8ce6b26,br=0 nl=0,1,src-longest-line=85
global:2915,早く回復して、修復しないと……。,不快点恢复去修复的话……,translated,49,ce7b5fc158,br=0 nl=0,1,
global:2916,明るい絵本,明媚的绘本,translated,16,4150b25f8f,br=0 nl=0,3,
global:2917,明茜鐘,,todo,10,c467313b06,br=0 nl=0,2,
global:2918,明茜鐘々,,todo,13,3bb1abee47,br=0 nl=0,1,
global:2919,明茜鐘ノ命,,todo,16,e7c55fd7e3,br=0 nl=0,1,
global:2920,明茜鐘亭,,todo,13,0223e59f7a,br=0 nl=0,1,
global:2921,明茜鐘人,,todo,13,f15ccf8a03,br=0 nl=0,1,
global:2922,明茜鐘夕,,todo,13,1993a73933,br=0 nl=0,1,
global:2923,明茜鐘戒,,todo,13,62f2299f37,br=0 nl=0,1,
global:2924,明茜鐘雫,,todo,13,69cb91377f,br=0 nl=0,1,
global:2925,昔馴染みのカゴ,熟悉的旧竹篮,translated,64,c70a52e93e,br=0 nl=0,3,
global:2926,星天使の羽,星天使之羽,translated,16,25ea04fbed,br=0 nl=0,3,
global:2927,時間を教えて欲しい,想知道时间,translated,28,caaf622ea9,br=0 nl=0,1,
global:2928,時間を進める,推进时间,translated,19,c9224aa65b,br=0 nl=0,1,
global:2929,普通,普通,translated,64,7cda072d45,br=0 nl=0,1,
global:2930,普通のプラグ,普通插头,translated,19,4b20c943da,br=0 nl=0,3,
global:2931,暇そうにしています。,看起来似乎很闲的样子。,translated,128,ca7e80f28b,br=0 nl=0,1,
global:2932,書き物中のイオンを呼んで,呼唤正在书写中的依恩,translated,37,0f2955a7de,br=0 nl=0,1,
global:2933,書込一覧,留言列表,translated,13,567f3a677a,br=0 nl=0,1,
global:2934,最初、どん底から始まる夢セカイの物語。この曲はまさにそのイオンの心境を表現した曲とも言えるでしょう。全体としては暗い感じですが、所々に差し込まれたサイバーな雰囲気の音色が、この世界が地球とは違う別の世界であることを体現しています。（土屋）,起初，是从人生谷底开始的梦世界故事。这首曲子也正可谓是展现了依恩那份心境的曲子吧。整体虽透着暗沉感，但各处穿插的赛博氛围音色，正体现着这个世界是迥异于地球的另一个世界。（土屋）,translated,358,5b5d40a329,br=0 nl=0,1,src-longest-line=119
global:2935,最初の街なんだからもっとインパクトが欲しい！とリテイクが来たので、街の曲にしては音数も多くなっています。情報過多気味ですが、このごちゃごちゃした感じも味ということで。（柳川）,收到‘因为是最初的城镇所以希望能有更强的冲击力！’的重做要求后，作为城镇乐曲音符数量也变得格外繁多。虽略显信息过载，但这种杂乱喧闹感也算是一种特色风味吧。（柳川）,translated,262,23106508fd,br=0 nl=0,1,src-longest-line=87
global:2936,最初は水槽に浮かんでいる物体が干物に見えて、魚じゃなくてわざわざ干物を浮かべるなんてシュールだなーと思ったのですが、違いました。<CR>（柳川）,一开始水槽里漂浮的物体看着像鱼干，我还心想特意飘着鱼干而不是活鱼未免太荒诞前卫了吧，结果弄错了。<CR>（柳川）,translated,209,895febdc88,<CR> br=0 nl=0,1,keep-tags <CR>; src-longest-line=72
global:2937,最後の想い,最后的心愿,translated,16,a7dfca57c3,br=0 nl=0,1,
global:2938,最近思ってること,最近在思考的事,translated,25,7b897517f1,br=0 nl=0,1,
global:2939,最高効率での創造をキープしていきます。,正保持着最高效率进行创造哦。,translated,58,b418dbbe3c,br=0 nl=0,1,
global:2940,朔蘭鵬,,todo,10,b555978884,br=0 nl=0,3,
global:2941,朔蘭鵬ノ命,,todo,16,51823eb114,br=0 nl=0,1,
global:2942,朔蘭鵬ノ守,,todo,16,04f75d2829,br=0 nl=0,1,
global:2943,朔蘭鵬ヶ崎,,todo,16,166f4f5f35,br=0 nl=0,1,
global:2944,朔蘭鵬恋,,todo,13,0d740f4033,br=0 nl=0,1,
global:2945,朝の瞬き,晨之微光,translated,13,d5a6139180,br=0 nl=0,1,
global:2946,朝顔,,todo,7,c72df78eae,br=0 nl=0,1,
global:2947,朝顔ノ命,,todo,13,5cf5e7097e,br=0 nl=0,1,
global:2948,朝顔ノ守,,todo,13,93eb334dbd,br=0 nl=0,1,
global:2949,朝顔ノ宮,,todo,13,cbcc509e16,br=0 nl=0,1,
global:2950,朝顔丸,,todo,10,a90b11a340,br=0 nl=0,2,
global:2951,朝顔人,,todo,10,00e593ca4b,br=0 nl=0,1,
global:2952,朝顔命,,todo,10,71dade7dac,br=0 nl=0,1,
global:2953,朝顔竹,,todo,10,f488bb852a,br=0 nl=0,1,
global:2954,木属性,木属性,translated,32,67551b6b9d,br=0 nl=0,439,
global:2955,未修復ポイント,未修复点数,translated,22,c1d082205e,br=0 nl=0,1,
global:2956,未成熟の枝,未成熟之枝,translated,16,f1219a0503,br=0 nl=0,3,
global:2957,本当のデート,真正的约会,translated,19,6cc7426487,br=0 nl=0,1,
global:2958,本当の理由はね,真正的理由是呀,translated,22,607d1f710f,br=0 nl=0,1,
global:2959,来てあげたわよ。感謝しなさいよね。,我来找你了哦。可要好好感谢我呀！,translated,52,e5cbeb52d2,br=0 nl=0,1,
global:2960,果てしない未来の向こうに、希望はあるの？,在无尽未来的彼端，定有希望在闪耀。,translated,61,8bf8c06ab7,br=0 nl=0,1,
global:2961,柚希,,todo,7,b96ac516f5,br=0 nl=0,2,
global:2962,柚希々,,todo,10,329f47504d,br=0 nl=0,1,
global:2963,柚希ノ宮,,todo,13,a998d4437f,br=0 nl=0,1,
global:2964,柚希戒,,todo,10,7dcf5bb9f6,br=0 nl=0,1,
global:2965,柚希雫,,todo,10,509254b7f4,br=0 nl=0,1,
global:2966,柳　英一朗,柳 英一朗,translated,16,d1f66395b5,br=0 nl=0,26,
global:2967,柳川　和樹,柳川　和树,translated,16,f8a3c9aa47,br=0 nl=0,48,
global:2968,桃いぬみみ,粉红犬耳,translated,16,d82d8c79ec,br=0 nl=0,1,
global:2969,桃うさみみ,粉红兔耳,translated,16,3f539fa873,br=0 nl=0,1,
global:2970,桃メイド,粉红女仆,translated,13,14471b2b52,br=0 nl=0,3,
global:2971,桃色ナース,粉红护士,translated,16,885fe94751,br=0 nl=0,3,
global:2972,楓夏,,todo,7,16da17f86b,br=0 nl=0,1,
global:2973,楓夏亭,,todo,10,92b54dbd43,br=0 nl=0,1,
global:2974,楓夏竹,,todo,10,61b554d290,br=0 nl=0,1,
global:2975,概要,概要,translated,7,7a52d716ff,br=0 nl=0,1,
global:2976,槽,槽,translated,4,c73cfc42e7,br=0 nl=0,1,
global:2977,樹の枝,树枝,translated,10,5f002dd75f,br=0 nl=0,19,
global:2978,橙陽,,todo,7,69a81303d2,br=0 nl=0,1,
global:2979,橙陽ノ守,,todo,13,dec71b3301,br=0 nl=0,1,
global:2980,橙陽ヶ崎,,todo,13,81c25f3905,br=0 nl=0,1,
global:2981,橙陽亭,,todo,10,69928bc1cc,br=0 nl=0,1,
global:2982,橙陽恋,,todo,10,e75a4e5b46,br=0 nl=0,1,
global:2983,橙陽戒,,todo,10,edb229ea9c,br=0 nl=0,1,
global:2984,橙陽竹,,todo,10,9d08b3cdd0,br=0 nl=0,1,
global:2985,機械巨人の腕,机械巨人之臂,translated,19,309e4619e7,br=0 nl=0,3,
global:2986,機械系ボス戦闘をイメージ。実は通常戦闘用のＭｉｎａｋａｔａの別案だったのですが、こちらも捨てがたかったので入れてみました。後半に出てくるＤａｎｉさんのギターソロがサイバーでかっこいい！（あちわ）,以机械系头目战斗为意象。实际上原本是作为普通战斗用曲Minakata的备选方案，但觉得这首也难以割舍便收录了进来。后半段出现的Dani先生的吉他独奏极富赛博感且帅气非凡！（あちわ）,translated,292,640cf2993f,br=0 nl=0,1,src-longest-line=97
global:2987,檸華,,todo,7,0c81985a97,br=0 nl=0,1,
global:2988,檸華ノ命,,todo,13,ef82db08cd,br=0 nl=0,1,
global:2989,檸華ヶ崎,,todo,13,50e072eade,br=0 nl=0,1,
global:2990,檸華丸,,todo,10,c452e94458,br=0 nl=0,1,
global:2991,檸華亭,,todo,10,488a6e798f,br=0 nl=0,1,
global:2992,檸華恋,,todo,10,3fee616608,br=0 nl=0,1,
global:2993,檸華楼,,todo,10,0207b4a157,br=0 nl=0,1,
global:2994,欠点サイン,缺点标记,translated,16,a6c2de1ab7,br=0 nl=0,3,
global:2995,次の修復もがんばります。,下次的修复我也会加油的。,translated,37,c3dd808f43,br=0 nl=0,1,
global:2996,次は……いつですか？　次は……ありますか？,下次……是什么时候呢？下次是……,translated,64,32367becf1,br=0 nl=0,1,
global:2997,次は、しっかりとやれるかしら？,下次，能好好做好吗？,translated,46,6746622365,br=0 nl=0,1,
global:2998,正常位,,todo,10,02dc6b1d73,br=0 nl=0,1,
global:2999,正式な楽曲の名称は「帝立天文学量子波動学研究所」です。あちらの世界に実在する施設名称と同名です。しかしいつも思うのですが、どうしてお役所というのはこう、それが使命であるかのように長大かつ難解な組織名を付けたがるものなのでしょうか。<CR>「日本海・九州西広域漁業調整委員会」とか、いい感じの長さの名前ですね。<CR>この曲はシェルノトロン・サインアップゲートで流れていた曲でもあります。これを部屋のBGMにすれば、なんだかシェルノトロンの中にいるような気分になれるかもしれません。（土屋）,正式的乐曲名称为“帝立天文学量子波动学研究所”。与那边的世界中真实存在的设施同名。但我总在想，政府机关为何总是把起冗长且晦涩难懂的组织名当作自身使命一般呢。<CR>比如“日本海・九州西广域渔业调整委员会”之类的，长度感觉就很微妙呢。<CR>这首曲子也是在榭鲁诺特伦注册大门处播放的曲目。将其作为房间BGM的话，或许能体会到置身于榭鲁诺特伦内部般的感觉也说不定。（土屋）,translated,711,5ba22f1723,<CR> <CR> br=0 nl=0,1,keep-tags <CR>; src-longest-line=244
global:3000,死,,todo,4,2c2a46075f,br=0 nl=0,2,
global:3001,死ね,,todo,7,290fb100d5,br=0 nl=0,2,
global:3002,死より重い罪,比死更重之罪,translated,19,8db68fb91c,br=0 nl=0,1,
global:3003,死ン毛ﾚオーション,,todo,65,7d9203ad86,br=0 nl=0,1,
global:3004,殺,,todo,4,bea0dc8970,br=0 nl=0,2,
global:3005,殺す,,todo,7,39b02eb419,br=0 nl=0,1,
global:3006,殺ン毛ﾚオーション,,todo,65,237ab1aaa2,br=0 nl=0,1,
global:3007,殺害予告,,todo,13,1fe1d317be,br=0 nl=0,1,
global:3008,毎日楽しく過ごしたいわ。,想每天都开心地度过呢。,translated,37,37230c74c9,br=0 nl=0,1,
global:3009,氏ね,,todo,7,b086279870,br=0 nl=0,1,
global:3010,気づいてしまったね,你注意到了呢,translated,28,51f967b04a,br=0 nl=0,1,
global:3011,水いぬみみ,水蓝犬耳,translated,16,d9a772e778,br=0 nl=0,1,
global:3012,水うさみみ,水蓝兔耳,translated,16,df99092f13,br=0 nl=0,1,
global:3013,水ねこみみ,水蓝猫耳,translated,16,19186307c1,br=0 nl=0,3,
global:3014,水を伝う体温,水流传递体温,translated,19,caa8431393,br=0 nl=0,1,
global:3015,水属性,水属性,translated,32,794c2de6c9,br=0 nl=0,442,
global:3016,水族館,水族馆,translated,10,a55cf796cc,br=0 nl=0,1,
global:3017,水槽の中の海、というイメージがこの曲の根底にあります。<CR>楽しげだけど、どこかたゆたうような浮遊感がある曲を目指して作編曲しました。<CR>軽やかに舞いながら、楽しげに囁いているシャール達……そんなイメージを感じ取って下さると嬉しいです。<CR>ちなみに、はじめ何故か「シャール」を「シャーレ」と勘違いして、あんなに可愛い生物（？）なのに化学実験的な名前！とバカなことを思っていたのは、ここだけの秘密です（笑）（志方）,水槽中的大海，这一意象正是本曲的根基所在。<CR>本曲在作编曲时旨在营造欢快惬意、却又隐约带有轻柔摇曳般浮游感的曲风。<CR>如果能感受到夏尔们轻盈翩翩起舞、欢快窃窃私语般的意象，我会非常高兴的。<CR>顺便一提，一开始不知为何我把“夏尔”误当成了“培养皿”，还傻乎乎地想明明是那么可爱的生物（？）名字却这么像化学实验！这可是只在这里说的秘密哦（笑）（志方）,translated,610,bdef1b3643,<CR> <CR> <CR> br=0 nl=0,1,keep-tags <CR>; src-longest-line=211
global:3018,水竜角,水龙角,translated,10,582ef12723,br=0 nl=0,3,
global:3019,氷悪魔の羽,冰恶魔之羽,translated,16,d543f93514,br=0 nl=0,3,
global:3020,汝神,,todo,7,56f1acc076,br=0 nl=0,2,
global:3021,汝神之助,,todo,13,ea20fa0cef,br=0 nl=0,1,
global:3022,汝神亭,,todo,10,c519a95df2,br=0 nl=0,1,
global:3023,汝神庵,,todo,10,e41f29c9df,br=0 nl=0,1,
global:3024,汝神雫,,todo,10,b19fffb233,br=0 nl=0,1,
global:3025,江幡　育子,江幡 育子,translated,16,c9dedc91f5,br=0 nl=0,13,
global:3026,決意を胸に、といった趣の曲。死亡フラグを立てる時にピッタリです。<CR>（柳川）,怀揣决心的曲子。哪怕面临死亡也要昂首向前……我想表现出这种感觉。（柳川）,translated,113,55309c3313,<CR> br=0 nl=0,1,keep-tags <CR>; src-longest-line=40
global:3027,決断のとき,决断之时,translated,16,8ae36e3240,br=0 nl=0,1,
global:3028,沙亜紗,,todo,10,23dea1eceb,br=0 nl=0,2,
global:3029,沙亜紗々,,todo,13,6db7f278ab,br=0 nl=0,1,
global:3030,沙亜紗ノ命,,todo,16,40456a0d5d,br=0 nl=0,1,
global:3031,沙亜紗ノ宮,,todo,16,a17f7fa087,br=0 nl=0,1,
global:3032,沙亜紗戒,,todo,13,0e3d1858f0,br=0 nl=0,2,
global:3033,沙亜紗竹,,todo,13,f312a00364,br=0 nl=0,1,
global:3034,沙亜紗雫,,todo,13,2648128797,br=0 nl=0,1,
global:3035,沙羅双樹,,todo,13,33b28dbc5e,br=0 nl=0,1,
global:3036,沙羅双樹ノ命,,todo,19,a79ba8169c,br=0 nl=0,1,
global:3037,沙羅双樹ノ守,,todo,19,faea29c950,br=0 nl=0,2,
global:3038,沙羅双樹ノ宮,,todo,19,6e7ecde338,br=0 nl=0,1,
global:3039,沙羅双樹命,,todo,16,b73d44212c,br=0 nl=0,1,
global:3040,波導工学基礎,波动工学基础,translated,19,a034d0d759,br=0 nl=0,3,
global:3041,波小鳥,,todo,10,8db0e953e8,br=0 nl=0,1,
global:3042,波小鳥々,,todo,13,9314ed7fbd,br=0 nl=0,1,
global:3043,波小鳥ノ守,,todo,16,1adcdc8280,br=0 nl=0,1,
global:3044,波小鳥ヶ崎,,todo,16,b834e7ca7b,br=0 nl=0,1,
global:3045,波小鳥亭,,todo,32,259a988bf8,br=0 nl=0,1,
global:3046,波小鳥人,,todo,13,60069e4911,br=0 nl=0,1,
global:3047,波小鳥命,,todo,13,5575573f96,br=0 nl=0,1,
global:3048,波小鳥夕,,todo,13,86d421df3f,br=0 nl=0,1,
global:3049,波小鳥竹,,todo,13,e28d2cf143,br=0 nl=0,1,
global:3050,波小鳥雫,,todo,13,d01f3e9e82,br=0 nl=0,1,
global:3051,泣ける！この曲は、ただひたすら泣けます。とても辛い、取り返しのつかない事を目の前にしながらも、なんだか暖かい気持ちにさせてくれる……そんな曲です。ああ、限られた人生、思いっきり悔いの無いように生きよう！そう思わせてくれる曲ですね！（土屋）,催人泪下！这首曲子，纯粹就是催人泪下。哪怕面对着极其艰难痛苦、无可挽回的残酷现实，却又莫名能让人心中涌起一股暖意……正是这样的一首曲子。啊啊，在有限的人生里，拼尽全力毫无遗憾地活下去吧！这正是一首能让人如此感悟的乐曲呢！（土屋）,translated,358,ba2b2e74bf,br=0 nl=0,1,src-longest-line=119
global:3052,活性化シャール,活跃夏尔,translated,32,6b4cbc8ac6,br=0 nl=0,1,
global:3053,活性化ユーザー,活跃用户,translated,32,643e5c0954,br=0 nl=0,1,
global:3054,浮万寿,,todo,10,4f7bb614e7,br=0 nl=0,1,
global:3055,浮万寿々,,todo,13,ab4bc85d01,br=0 nl=0,1,
global:3056,浮万寿ノ命,,todo,16,0136635e3c,br=0 nl=0,1,
global:3057,浮万寿ノ守,,todo,16,799024fd1b,br=0 nl=0,1,
global:3058,浮万寿ノ宮,,todo,16,91259ff667,br=0 nl=0,1,
global:3059,浮万寿ヶ崎,,todo,16,17679774c6,br=0 nl=0,1,
global:3060,浮万寿丸,,todo,13,67507b3396,br=0 nl=0,1,
global:3061,浮万寿之助,,todo,16,5999e4cbd9,br=0 nl=0,1,
global:3062,浮万寿乙,,todo,13,6be706762f,br=0 nl=0,2,
global:3063,浮万寿命,,todo,13,bce1551911,br=0 nl=0,1,
global:3064,浮万寿楼,,todo,13,75d229e323,br=0 nl=0,2,
global:3065,浮万寿竹,,todo,13,ed384a570b,br=0 nl=0,1,
global:3066,浴室,浴室,translated,7,4e72b30797,br=0 nl=0,4,
global:3067,海,海,translated,4,b188c5e30d,br=0 nl=0,1,
global:3068,海鋒,海锋,translated,64,b5bffd280b,br=0 nl=0,1,
global:3069,淡く滲む,淡淡晕染,translated,13,726ad5a6c6,br=0 nl=0,1,
global:3070,淫乱,,todo,7,88cec2b49e,br=0 nl=0,2,
global:3071,淫売,,todo,7,5c7e58ad47,br=0 nl=0,1,
global:3072,温泉,温泉,translated,7,bbf72a1513,br=0 nl=0,1,
global:3073,演出用にＭＥ的な曲がいくつか欲しい、という発注が開発末期に発生しました。抑揚が無い曲の方が使い易い、と分かっていても、ついつい抑揚のある曲ばかりになってしまうので…その穴埋め的な。（柳川）,在开发末期收到了希望制作几首用于演出的ME风格曲目的需求。虽然明知没有起伏抑扬的曲子更好用，但总会忍不住写成带有起伏的曲子……算是一首弥补空白性质的曲目。（柳川）,translated,283,82832c557f,br=0 nl=0,1,src-longest-line=94
global:3074,潰せ,,todo,7,af9c7bfd4c,br=0 nl=0,1,
global:3075,潰せぶらオーション,,todo,65,193c93a4e5,br=0 nl=0,1,
global:3076,澄んだ景色,清澈的景色,translated,16,3aca71f486,br=0 nl=0,1,
global:3077,澪羅,,todo,7,6170ee764e,br=0 nl=0,1,
global:3078,澪羅々,,todo,10,19c74d086f,br=0 nl=0,1,
global:3079,澪羅ノ命,,todo,13,85497e56f0,br=0 nl=0,1,
global:3080,澪羅ノ守,,todo,13,e2c6c8f1d6,br=0 nl=0,1,
global:3081,澪羅ノ宮,,todo,13,6e0d46ff02,br=0 nl=0,2,
global:3082,澪羅乙,,todo,10,b40c19ab67,br=0 nl=0,1,
global:3083,澪羅亭,,todo,10,51913023cc,br=0 nl=0,1,
global:3084,澪羅命,,todo,10,cbb2e7d1c2,br=0 nl=0,1,
global:3085,澪羅雫,,todo,10,459f4be1f1,br=0 nl=0,1,
global:3086,灰,灰,translated,64,c010838dd8,br=0 nl=0,1,
global:3087,灰うさみみ,灰兔耳,translated,16,d7f481c33c,br=0 nl=0,1,
global:3088,灰メイド,灰女仆,translated,13,91a95bf06c,br=0 nl=0,3,
global:3089,灰赤うさみみ,灰红兔耳,translated,19,8ef49cc96f,br=0 nl=0,1,
global:3090,炎竜角,炎龙角,translated,10,1f6759116c,br=0 nl=0,3,
global:3091,焔穂,,todo,7,42418d189d,br=0 nl=0,1,
global:3092,焔穂々,,todo,10,45a7825f1a,br=0 nl=0,1,
global:3093,焔穂ノ宮,,todo,13,9c87ea5f31,br=0 nl=0,1,
global:3094,焔穂ヶ崎,,todo,13,718c6e8126,br=0 nl=0,1,
global:3095,焔穂亭,,todo,10,804a394310,br=0 nl=0,1,
global:3096,焔穂命,,todo,10,ba56c8e1f1,br=0 nl=0,1,
global:3097,無機質な愛情,冰冷的爱情,translated,19,486d54d8d4,br=0 nl=0,1,
global:3098,無理しないで？,别太勉强哦？,translated,22,fc7b503df4,br=0 nl=0,1,
global:3099,無華藍歌,,todo,13,08453e52ae,br=0 nl=0,1,
global:3100,無華藍歌々,,todo,16,4474593db6,br=0 nl=0,1,
global:3101,無華藍歌亭,,todo,16,bc3f1a377e,br=0 nl=0,1,
global:3102,無華藍歌庵,,todo,16,61be25118f,br=0 nl=0,1,
global:3103,無華藍歌恋,,todo,16,a7f393da35,br=0 nl=0,1,
global:3104,無華藍歌楼,,todo,16,08e47f0d7d,br=0 nl=0,1,
global:3105,無華藍歌竹,,todo,16,a342b069d8,br=0 nl=0,1,
global:3106,無華藍歌雫,,todo,16,8979a6100b,br=0 nl=0,1,
global:3107,熟した果実の枝,熟透果实之枝,translated,64,666b21e744,br=0 nl=0,3,
global:3108,燃え上がるような事がしたいかも。,好想做点让人热血沸腾的事呢♪,translated,49,24f5d523a6,br=0 nl=0,1,
global:3109,燈日葵,,todo,10,54e86f0536,br=0 nl=0,1,
global:3110,燈日葵々,,todo,13,f866aed528,br=0 nl=0,1,
global:3111,燈日葵ノ命,,todo,16,f384109955,br=0 nl=0,1,
global:3112,燈日葵丸,,todo,13,6a6ebbe697,br=0 nl=0,1,
global:3113,燈日葵之助,,todo,16,c353034b47,br=0 nl=0,2,
global:3114,燈日葵亭,,todo,13,cbcb5e46e1,br=0 nl=0,1,
global:3115,牛いぬみみ,奶牛犬耳,translated,16,e89d92be6b,br=0 nl=0,1,
global:3116,牡丹,,todo,7,461ddf2308,br=0 nl=0,1,
global:3117,牡丹ノ命,,todo,13,4ad8721d25,br=0 nl=0,1,
global:3118,牡丹ノ宮,,todo,13,8e6b34c3dd,br=0 nl=0,1,
global:3119,牡丹乙,,todo,10,46c1392722,br=0 nl=0,1,
global:3120,牡丹命,,todo,10,907ea8971d,br=0 nl=0,1,
global:3121,物語の核心に近づいた時によく使われる曲です。後半の話数になればなるほど、使用頻度が上がっていった曲でもありますね。緊迫感の中に希望の光が見える曲でもありますね。この曲がかかったら、もうゴールまであと一息ですよ！という感じでしょうか。（土屋）,在接近故事核心时经常使用的曲子。越是到后半段话数，使用频率就越高的曲目呢。也是一首在紧迫感中能窥见希望之光的曲子。放起这首曲子时，大概就代表‘距离终点只差最后一口气了哦！’这般感觉吧。（土屋）,translated,361,37827c63bd,br=0 nl=0,1,src-longest-line=120
global:3122,物語の核心に迫ってくるのが、この崩壊編第三幕ですね。崩壊編を始める前、インタビューで「崩壊編はジェットコースターですよ」という話をしましたが、そのジェットコースターがカタパルトを離れ、急降下し始めるのがこの第三幕です。曲もまさに急降下！今までこんなサイバーで、おどろおどろしい曲はシェルノサージュにはありませんでした。良い意味で、現行の秩序を破壊する曲となっています。<CR>（土屋）,步步逼近故事核心的，正是这崩坏篇第三幕呢。在开启崩坏篇之前，我曾在访谈中说过‘崩坏篇是过山车哦’，而过山车脱离弹射轨道开始急速俯冲的关头正是这第三幕。乐曲也正可谓是急速俯冲！在Ciel nosurge中此前从未有过如此赛博、如此诡异骇人的曲子。在良好意义上，成为了破坏现有秩序的一首乐曲。<CR>（土屋）,translated,569,7678fea28f,<CR> br=0 nl=0,1,keep-tags <CR>; src-longest-line=192
global:3123,物語後半の、ザコ戦曲です。前半の曲との繋がりを出したくて同じ奏者の方々に演奏して頂きました。曲調も阿知波節を意識してみたのですが……うーん、なんか違う。<CR>（柳川）,故事后半段的杂兵战斗曲。希望能与前半段的曲子产生关联，因而邀请了同一批乐手进行演奏。曲调上也特意意识着阿知波风格去创作……嗯，但感觉还是有点不太一样呢。<CR>（柳川）,translated,245,567db63721,<CR> br=0 nl=0,1,keep-tags <CR>; src-longest-line=84
global:3124,犬耳,犬耳,translated,7,74649aa910,br=0 nl=0,52,
global:3125,犯し,,todo,7,1b0bbe6014,br=0 nl=0,1,
global:3126,犯罪予告,,todo,13,01a1381d64,br=0 nl=0,1,
global:3127,犯行予告,,todo,13,afc17d6e75,br=0 nl=0,1,
global:3128,"状況

をタップ","情况

请点击",translated,21,55ca9215d8,br=0 nl=2,4,
global:3129,狭間に揺れる光,摇曳在夹缝之光,translated,22,034d861151,br=0 nl=0,1,
global:3130,猫耳,猫耳,translated,7,d77f81e2b6,br=0 nl=0,43,
global:3131,獅子,,todo,7,a4f49fc35b,br=0 nl=0,2,
global:3132,獅子ノ命,,todo,13,8585c7e695,br=0 nl=0,1,
global:3133,獅子ノ宮,,todo,13,a335d0af0b,br=0 nl=0,1,
global:3134,獅子亭,,todo,10,d1188cac9a,br=0 nl=0,1,
global:3135,獅子庵,,todo,10,ec7e330792,br=0 nl=0,1,
global:3136,獅子恋,,todo,10,085b82813a,br=0 nl=0,2,
global:3137,王冠,王冠,translated,7,2602f9e563,br=0 nl=0,15,
global:3138,王道純愛,王道纯爱,translated,13,6b0128cc29,br=0 nl=0,1,
global:3139,玩具巨人の腕,玩具巨人之臂,translated,19,1369376899,br=0 nl=0,3,
global:3140,玲緖,,todo,7,91df73e55a,br=0 nl=0,1,
global:3141,玲緖庵,,todo,10,ec20169523,br=0 nl=0,1,
global:3142,玲緖竹,,todo,10,ce0dc70d60,br=0 nl=0,1,
global:3143,玲緖雫,,todo,10,ad522dddf9,br=0 nl=0,1,
global:3144,珍しい葉のカゴ,珍奇树叶之篮,translated,64,345b72ad02,br=0 nl=0,3,
global:3145,理の栖,理之栖,translated,10,9cc0cccb3f,br=0 nl=0,1,
global:3146,琴襟,,todo,7,7d502c4ee1,br=0 nl=0,3,
global:3147,琴襟ノ命,,todo,13,91ea0459f2,br=0 nl=0,1,
global:3148,琴襟ノ宮,,todo,13,0e27cb74d6,br=0 nl=0,1,
global:3149,琴襟乙,,todo,10,b018238e4e,br=0 nl=0,1,
global:3150,琴襟人,,todo,10,849381b0f2,br=0 nl=0,1,
global:3151,琴襟命,,todo,10,773070ec63,br=0 nl=0,1,
global:3152,琴襟楼,,todo,10,641df905aa,br=0 nl=0,1,
global:3153,瑠璃,,todo,7,102ee89829,br=0 nl=0,1,
global:3154,瑠璃乙,,todo,10,207b4803ce,br=0 nl=0,1,
global:3155,瑠璃命,,todo,10,efcc6f791d,br=0 nl=0,1,
global:3156,瑠璃夕,,todo,10,70f2680450,br=0 nl=0,1,
global:3157,瑠璃音,,todo,10,fa61e8718a,br=0 nl=0,2,
global:3158,瑠璃音々,,todo,13,2b2a105105,br=0 nl=0,1,
global:3159,瑠璃音ノ命,,todo,16,d5b7e4ca76,br=0 nl=0,1,
global:3160,瑠璃音ヶ崎,,todo,16,ed0ac5e3b8,br=0 nl=0,1,
global:3161,瑠璃音戒,,todo,13,2e84bc08f3,br=0 nl=0,1,
global:3162,瑠花,,todo,7,2dcb225e96,br=0 nl=0,2,
global:3163,瑠花々,,todo,10,08cb7ed5d4,br=0 nl=0,1,
global:3164,瑠花ヶ崎,,todo,13,16068c78cc,br=0 nl=0,1,
global:3165,瑠花之助,,todo,13,cb3ab99772,br=0 nl=0,1,
global:3166,瑠花乙,,todo,10,0b06f7f4bc,br=0 nl=0,1,
global:3167,瑠花亭,,todo,10,52ad97f901,br=0 nl=0,1,
global:3168,瑠花雫,,todo,10,812371dd39,br=0 nl=0,1,
global:3169,瑠菜,,todo,7,4256c8ba29,br=0 nl=0,1,
global:3170,瑠菜々,,todo,10,0b8802b915,br=0 nl=0,1,
global:3171,瑠菜ノ宮,,todo,13,dc9ff69959,br=0 nl=0,1,
global:3172,瑠菜乙,,todo,10,049946eb37,br=0 nl=0,1,
global:3173,瑠菜亭,,todo,10,8c41d3103f,br=0 nl=0,1,
global:3174,瑠菜人,,todo,10,4005e3e53d,br=0 nl=0,1,
global:3175,瑠菜夕,,todo,10,d03f33bbcd,br=0 nl=0,1,
global:3176,瑠菜恋,,todo,10,b6a5376cc5,br=0 nl=0,1,
global:3177,瑠菜竹,,todo,10,105fdf284d,br=0 nl=0,2,
global:3178,瑠菜雫,,todo,10,d238ced1e8,br=0 nl=0,1,
global:3179,甘酸っぱい恋の予感、<CR>ムズかゆくなるようなラブラブ曲という指定でした。ゲームがゲームならあーんなことや、こーんなことが起こりそうな曲です。（柳川）,酸酸甜甜的恋爱预感，<CR>以及让人心痒难耐的亲亲密密乐曲――这是当时收到的需求。要是换成那种游戏的话，感觉就会发生那种事或这种事的曲子呢。（柳川）,translated,221,e97b6781dc,<CR> br=0 nl=0,1,keep-tags <CR>; src-longest-line=76
global:3180,生物系ボス戦闘をイメージ。ギターは、メタルギタリスト平松俊紀さんです！前半のアグレッシブなリフとジャパネスクなリードメロディ、サビの美しい３声ハモのサビメロ、そしてソロと聴き所満載！（あちわ）,以生物系头目战斗为意象。吉他由金属吉他手平松俊纪先生演奏！前半段富有攻击性的激昂乐句与极富日式风情的主旋律，副歌优美的三声部和声旋律，以及吉他独奏，亮点满满！（あちわ）,translated,289,cb56517cd0,br=0 nl=0,1,src-longest-line=96
global:3181,画像,图像,translated,7,8ba657d6a1,br=0 nl=0,14,
global:3182,画面をコンコンってやって、お絵かき中のイオンを呼んでみてね。,轻敲屏幕咚咚响，呼唤正在画画的依恩,translated,91,6c43f3eb53,br=0 nl=0,1,src-longest-line=30
global:3183,画面をコンコンってやって、ぼーっとしてるイオンを呼んでみてね。,轻敲屏幕咚咚响，呼唤正在发呆的依恩,translated,94,825e75bddf,br=0 nl=0,1,src-longest-line=31
global:3184,画面をコンコンってやって、工程中のイオンを呼んでみてね。,轻敲屏幕咚咚响，呼唤正在做手工的依恩,translated,85,af2cb6102f,br=0 nl=0,1,src-longest-line=28
global:3185,画面をコンコンってやって、読書中のイオンを呼んでみてね。,轻敲屏幕咚咚响，呼唤正在看书的依恩,translated,85,7dc3b5658b,br=0 nl=0,1,src-longest-line=28
global:3186,画面をコンコンってやって、調理中のイオンを呼んでみてね。,轻敲屏幕咚咚响，呼唤正在烹饪的依恩,translated,85,88d49aa151,br=0 nl=0,1,src-longest-line=28
global:3187,画面をコンコンってやって、食器洗いをしてるイオンを呼んでみてね。,轻敲屏幕咚咚响，呼唤正在洗碗的依恩,translated,97,be928fbe04,br=0 nl=0,1,src-longest-line=32
global:3188,"界の時間を進めます。

　・想いを伝える
　　　イオンにメッセージを伝えます。

　・７次元INFO
　　　ジェノミリンク等の情報を表示します。

　・情報を見る
　　　各種情報を確認します。

●戻る
　一つ前の画面に戻ります。","推进世界的时间。

　・传达心意
　　　向依恩传达消息。

　・7次元INFO
　　　显示杰诺米链接等相关信息。

　・查看信息
　　　确认各类信息。

●返回
　返回前一个画面。",translated,1154,cd531c8ce4,br=0 nl=12,13,src-lines=13
global:3189,畔史絵,,todo,10,b0cbd1eda4,br=0 nl=0,1,
global:3190,畔史絵ノ守,,todo,16,11ff4d0f7e,br=0 nl=0,1,
global:3191,畔史絵ヶ崎,,todo,16,fcaa961f29,br=0 nl=0,2,
global:3192,畔史絵丸,,todo,13,a68b77be8e,br=0 nl=0,1,
global:3193,畔史絵乙,,todo,13,efe2fa7bab,br=0 nl=0,1,
global:3194,畔史絵戒,,todo,13,eb730fe80c,br=0 nl=0,1,
global:3195,畔史絵竹,,todo,13,f226267cc3,br=0 nl=0,2,
global:3196,畔史絵雫,,todo,13,f6713fa195,br=0 nl=0,1,
global:3197,疲れているあなたに。,献给疲惫的你。,translated,31,27bd58c462,br=0 nl=0,1,
global:3198,疲れてきて、修復できるか心配です。,渐渐累了，好担心能不能修好。,translated,52,2a432b609e,br=0 nl=0,1,
global:3199,"疲れ果てて座り込んでます。
元気づけてあげてください。","筋疲力尽地瘫坐着。
请为她打打气吧。",translated,128,841079a6f5,br=0 nl=1,1,
global:3200,疲れ過ぎてふらふらしちゃう……。,太累了头晕目眩的……,translated,49,eb03753613,br=0 nl=0,1,
global:3201,疲労により、作業効率低下です。,因过度疲劳，作业效率下降了。,translated,46,2e6daae50a,br=0 nl=0,1,
global:3202,白いぬみみ,白犬耳,translated,16,f8cf3a9ba6,br=0 nl=0,1,
global:3203,白うさみみ,白兔耳,translated,16,fa953d43c3,br=0 nl=0,1,
global:3204,白ねこみみ,白猫耳,translated,16,9d29f1d175,br=0 nl=0,3,
global:3205,白メイド,白女仆,translated,13,bdade526a3,br=0 nl=0,3,
global:3206,白姫,,todo,7,b263f85c18,br=0 nl=0,2,
global:3207,白姫ノ宮,,todo,13,b389c3c399,br=0 nl=0,2,
global:3208,白姫之助,,todo,13,ebc9be5c34,br=0 nl=0,1,
global:3209,白姫亭,,todo,10,466787d55a,br=0 nl=0,2,
global:3210,白桜の庭園,白樱庭园,translated,16,c1d9904094,br=0 nl=0,1,
global:3211,白痴,,todo,7,ce283836ab,br=0 nl=0,1,
global:3212,皆様ごきげんよう、阿知波大輔です！　この曲はアルノサージュの物語の序曲をイメージして、サイバー、エスノ、壮大さという３要素をシンプルな展開の中に盛り込むことを狙いました。<CR>（あちわ）,各位贵安，我是阿知波大辅！这首曲子以Ar nosurge故事的序曲为意象，旨在将赛博、民族风、宏大感这三大要素融入简约的展开之中。<CR>（あちわ）,translated,275,62832114cc,<CR> br=0 nl=0,1,keep-tags <CR>; src-longest-line=94
global:3213,皇,,todo,4,bb9589dafa,br=0 nl=0,2,
global:3214,皇位継承のための由緒正しき詩魔法。次代皇帝に最も近しい者が惑星ラシェーラの意志を代弁し、先帝と次期皇帝の両者を祝福して継承の儀を執り行う。その為この儀式の時のみ、謳い手は皇帝よりも高い位置に立ち、新旧皇帝を俯瞰するのである。,用于皇位继承的正统悠久诗魔法。由与下任皇帝关系最亲近之人代为传达行星拉榭拉的意志，同时向先帝与下任皇帝双方献上祝福以举行继承仪式。正因如此，仅在举行本仪式之时，讴歌者会站在比皇帝更高的位置，俯瞰新旧两位皇帝。,translated,337,b3743b9cc0,br=0 nl=0,13,src-longest-line=112
global:3215,皇位継承の儀を象徴する楽曲として制作しています。曲名に興味を持たれる方もいらっしゃるかもしれませんが、ご想像の通り、何かの伏線があるかもしれませんよ？<CR>詩、それはすなわち想いです。この世界の詩は、一体何に対して謳っているのでしょうか。,作为象征皇位继承仪式的乐曲而制作。或许也会有人对曲名产生浓厚兴趣，但正如大家所想象的那样，说不定隐藏着什么伏笔哦？<CR>诗，即是心愿。这个世界的诗，究竟是对着何物而讴歌的呢。,translated,353,2a49d56f4b,<CR> br=0 nl=0,13,keep-tags <CR>; src-longest-line=120
global:3216,皇帝編最終幕,皇帝篇最终幕,translated,20,96afa4f332,br=0 nl=0,1,
global:3217,皇帝編第一幕,皇帝篇第一幕,translated,20,7b82e9d79c,br=0 nl=0,1,
global:3218,皇帝編第三幕,皇帝篇第三幕,translated,20,f9b3e81c14,br=0 nl=0,1,
global:3219,皇帝編第二幕,皇帝篇第二幕,translated,20,4fc52b08cf,br=0 nl=0,1,
global:3220,皇帝編第二幕は、シェルノサージュとアルノサージュの双方にとって、非常に重要な話数でもあります。両方体験した方はお分かりかと思いますがここが、シェルノサージュとアルノサージュのクロスオーバーポイントになっているからです。そういうこともあり、楽曲もアルノサージュからです。居住区のアレンジ版という形でお願いしています。（土屋）,皇帝篇第二幕，对Ciel nosurge与Ar nosurge双方而言，都是极为重要的话数。体验过两部作品的玩家想必心知肚明，因为此处正是Ciel nosurge与Ar nosurge的交汇交叉点。正因如此，乐曲也是出自Ar nosurge。我拜托以居住区改编版的形式进行了制作。（土屋）,translated,485,92036fd025,br=0 nl=0,1,src-longest-line=161
global:3221,目と芽と痲,眼与芽与麻,translated,16,5cad82f66f,br=0 nl=0,1,
global:3222,目をタッチして,碰碰眼睛,translated,22,adb1479735,br=0 nl=0,1,
global:3223,直すこと、それが使命です。,修复好它，这就是我的使命。,translated,40,4bae212b3c,br=0 nl=0,1,
global:3224,真剣に考えること,认真思考的事,translated,25,1bdf931225,br=0 nl=0,1,
global:3225,真微香,,todo,10,bfb46f0592,br=0 nl=0,1,
global:3226,真微香ノ命,,todo,16,361b658b1f,br=0 nl=0,1,
global:3227,真微香ノ宮,,todo,16,1b85a8da6f,br=0 nl=0,1,
global:3228,真微香丸,,todo,13,5579806827,br=0 nl=0,1,
global:3229,真微香之助,,todo,16,b3a42c5380,br=0 nl=0,1,
global:3230,真微香人,,todo,13,bd37707fa4,br=0 nl=0,1,
global:3231,真微香雫,,todo,13,1a7cb9e2d2,br=0 nl=0,1,
global:3232,真新しいカゴ,崭新的竹篮,translated,19,ab40d5b3e0,br=0 nl=0,3,
global:3233,真空管アンプのこと,真空管功放的事,translated,28,51132346dd,br=0 nl=0,1,
global:3234,眠っているイオンを呼んで,呼唤正在熟睡的依恩,translated,37,88ca8c48ff,br=0 nl=0,1,
global:3235,眠っているイオンを呼んでみて。どんな寝言がきけるのかしら♪,试着呼唤正在熟睡的依恩吧。真期待她会有什么反应呢。,translated,88,70a4dea751,br=0 nl=0,1,src-longest-line=29
global:3236,睡奏蓮,,todo,10,f0256c5dd1,br=0 nl=0,1,
global:3237,睡奏蓮ノ命,,todo,16,3916725f5e,br=0 nl=0,1,
global:3238,睡奏蓮之助,,todo,16,14ffc77a6e,br=0 nl=0,1,
global:3239,睡奏蓮人,,todo,13,cf14623d8d,br=0 nl=0,1,
global:3240,睡奏蓮戒,,todo,13,04732b7e3a,br=0 nl=0,1,
global:3241,砂と電気椅子,沙子与电椅,translated,19,075f7af395,br=0 nl=0,1,
global:3242,砂時計は倒れない,沙漏不会倾倒,translated,25,8302bf7bd7,br=0 nl=0,1,
global:3243,碧き方舟,碧色方舟,translated,13,1ba834cc37,br=0 nl=0,1,
global:3244,神優,,todo,7,42d6825608,br=0 nl=0,1,
global:3245,神優ノ守,,todo,13,4cdc24efbf,br=0 nl=0,1,
global:3246,神優丸,,todo,10,26e151099d,br=0 nl=0,1,
global:3247,神優命,,todo,10,1a1402b6d2,br=0 nl=0,2,
global:3248,神優竹,,todo,10,a946491d29,br=0 nl=0,1,
global:3249,禁止ユーザー一覧,黑名单用户列表,translated,25,cbf8f437bc,br=0 nl=0,1,
global:3250,禊フィールドの曲。美しいコーラスは柳麻美さんです。あまりにも美しいコーラスだったので、笛が打ち込みなのはもったいない！と思い、この曲の為に笛を新調して吹いてみました。（柳川）,禊场的曲子。美妙动人的和声来自柳麻美小姐。因为和声实在太优美动人了，我觉得如果笛子部分用电脑合成未免太可惜了！于是为了这首曲子特意买了一支新笛子亲自吹奏录制。（柳川）,translated,262,6aeb06e0ed,br=0 nl=0,1,src-longest-line=87
global:3251,私、どうしてこんなに不幸なのかしら。,我，为什么会这么不幸呢……。,translated,55,0e543cc6f3,br=0 nl=0,1,
global:3252,私、役に立っていますか？,我，有派上用场吗？,translated,37,2d9aee6167,br=0 nl=0,1,
global:3253,私が元通りにしてあげるね～♪,我会帮你恢复原样的哦～♪,translated,43,bc91eb4370,br=0 nl=0,1,
global:3254,私って、役立たずじゃないかしら？,我，会不会很没用呢。,translated,49,2b41b57fb3,br=0 nl=0,1,
global:3255,私なんか、何の役にも立ちはしない……。,像我这种人，根本派不上任何用处嘛。,translated,58,594a61b48e,br=0 nl=0,1,
global:3256,私なんかに用事かしら？,找我这种人有什么事吗？,translated,34,0a2d3d7bac,br=0 nl=0,1,
global:3257,私の希望はどこにあるのかしら。,我的希望究竟在何方呢。,translated,46,ce3fbb8507,br=0 nl=0,1,
global:3258,私はいつまで、こうして働き続けるのかしら。,我究竟要像这样一直劳作到什么时候呢……。,translated,64,f7a46761e9,br=0 nl=0,1,
global:3259,私も、あなたのこと大好きだよ？,我也最喜欢你了哦？,translated,46,1730a3d951,br=0 nl=0,1,
global:3260,私もあなたのあたま、なでなでした～い！,我也想摸摸你的头呢♪,translated,58,709694d17f,br=0 nl=0,1,
global:3261,穢多,,todo,7,a2408ecaa3,br=0 nl=0,1,
global:3262,空,,todo,4,82ca4a6ba6,br=0 nl=0,2,
global:3263,童貞,,todo,7,800e60750b,br=0 nl=0,1,
global:3264,端末を切断する,断开终端机连接,translated,22,55d30ba319,br=0 nl=0,2,
global:3265,"端末を移動してもらいます。

　・浴室
　　入浴を行うお風呂場に端末を移動してもらいます。

※１　イオンとのラブラブ度が上昇することで、
　　　移動してもらえる場所は増えていきます。
※２　イオンのタスクによっては断られる場合も
　　　あります。","将终端机移动过去。

　・浴室
　　将终端机移动到入浴的浴室。

※1　随着与依恩亲亲密密程度的上升，
　　　可以移动前往的场所也会逐步增加。
※2　有时也会根据依恩手头上的事务而被
　　　婉拒。",translated,357,708a06abe5,br=0 nl=8,4,src-lines=9; src-longest-line=25
global:3266,端末を移動してもらう,让依恩移动终端机,translated,31,ccc5ec8f8f,br=0 nl=0,2,
global:3267,笑点サイン,笑点标记,translated,16,665937c8f7,br=0 nl=0,3,
global:3268,笑顔の日,笑容之日,translated,13,79b77f5e9d,br=0 nl=0,1,
global:3269,笹猫湖,,todo,10,97e8ddfa6b,br=0 nl=0,1,
global:3270,笹猫湖之助,,todo,16,b31bcb2ead,br=0 nl=0,1,
global:3271,笹猫湖人,,todo,13,453b6db88d,br=0 nl=0,1,
global:3272,笹猫湖恋,,todo,13,5fdb736c5c,br=0 nl=0,1,
global:3273,箱庭,箱庭,translated,7,f75f4401c9,br=0 nl=0,1,
global:3274,精子,,todo,7,a524eb3674,br=0 nl=0,1,
global:3275,精液,,todo,7,c53794778a,br=0 nl=0,1,
global:3276,精神世界をイメージした曲、との事でしたので、神秘的な雰囲気になるようにアンビエンスやリズムループの選択や音色を工夫してみました。個人的に時の概念を超えた悠久の流れが、曲の中にて少しでも表現できているといいなと思ってます。また、アジア圏のテイストを無くさない様に、メロディーのフレーズを考えたりヴァイオリンのソロ演奏ではポルタメントを多用して演奏してもらったりしています。<CR>良かったらヴァイオリンの音色に耳を傾けて見て下さい。ちょっと二胡的なオリエンタルな響きを感じませんか？（志方）,因为需求是‘以精神世界为意象的曲子’，所以为了营造出神秘氛围，我在环境声、节奏循环的选择与音色上下足了功夫。就我个人而言，若是能在曲中稍许展现出超越时间概念的悠久流淌，那就太好了。此外，为了不丢失亚洲地区的韵味，我在旋律乐句上也多有考量，并在小提琴独奏中大量运用了滑音技巧。<CR>如果可以的话请倾听一下小提琴的音色。不觉得带有一点二胡般的东方韵味吗？（志方）,translated,2048,23ac8c053b,<CR> br=0 nl=0,1,keep-tags <CR>; src-longest-line=244
global:3277,精神状態は良好です。,精神状态良好。,translated,31,4e2c8e7102,br=0 nl=0,1,
global:3278,糞,,todo,4,a320bd72d0,br=0 nl=0,2,
global:3279,系,系,translated,4,09744c790d,br=0 nl=0,2,
global:3280,約束/優しい涙,约定/温柔之泪,translated,20,6fab9e073f,br=0 nl=0,1,
global:3281,約束/小さな出会い,约定/渺小的相遇,translated,26,8c2c6678e8,br=0 nl=0,1,
global:3282,約束/忘れえぬ夢,约定/难忘之梦,translated,23,df8e092a48,br=0 nl=0,1,
global:3283,約束したデートに行く,前往约好的约会,translated,31,3100fc334b,br=0 nl=0,1,
global:3284,約束の時間をイオンに伝えてみて,把约定的时间告诉依恩吧,translated,64,e21e4fe242,br=0 nl=0,1,
global:3285,約束をキャンセル,取消约定,translated,25,9cecfd6df5,br=0 nl=0,1,
global:3286,紅のティアラ,红之天冠,translated,19,559eec6cdc,br=0 nl=0,3,
global:3287,紅悪魔の羽,红恶魔之羽,translated,16,62e51eb900,br=0 nl=0,3,
global:3288,紅葉樹のカゴ,红叶树之篮,translated,19,c14419589c,br=0 nl=0,3,
global:3289,紅蓮悪魔の腕,红莲恶魔之臂,translated,19,e86b5d2f51,br=0 nl=0,3,
global:3290,純天使の羽,纯天使之羽,translated,16,83caa6a6b6,br=0 nl=0,3,
global:3291,純白ナース,纯白护士,translated,16,13e3c236f7,br=0 nl=0,3,
global:3292,紗那,,todo,7,45979e1bb5,br=0 nl=0,2,
global:3293,紗那ノ守,,todo,13,e8bbc51818,br=0 nl=0,1,
global:3294,紗那人,,todo,10,3c76c10a10,br=0 nl=0,1,
global:3295,紗那夕,,todo,10,c667c2a872,br=0 nl=0,1,
global:3296,紗那戒,,todo,10,f7b1929ded,br=0 nl=0,1,
global:3297,紗那楼,,todo,10,6144a15bbe,br=0 nl=0,1,
global:3298,紗那雫,,todo,10,6ec4835081,br=0 nl=0,1,
global:3299,素股,,todo,7,79fb63e5ec,br=0 nl=0,1,
global:3300,素股ファナーション,,todo,65,6b3210d8f3,br=0 nl=0,1,
global:3301,素顔ガード,素颜护具,translated,16,c56024911d,br=0 nl=0,3,
global:3302,紫,紫,translated,64,01caea5810,br=0 nl=0,1,
global:3303,紫うさみみ,紫兔耳,translated,16,7de917bcfb,br=0 nl=0,1,
global:3304,細部まで徹底的に修復してみせます。,看我将细微之处也彻底修复好。,translated,52,9f0c1acc66,br=0 nl=0,1,
global:3305,絆の灯かり,羁绊之明灯,translated,16,6f11385f3f,br=0 nl=0,1,
global:3306,結城,,todo,7,b766f2f2c1,br=0 nl=0,2,
global:3307,結城さんチの郵便箱,结城家的信箱,translated,32,e1440a44dc,br=0 nl=0,1,
global:3308,結城ノ守,,todo,13,95582a071c,br=0 nl=0,1,
global:3309,結城寧,结城宁,translated,10,9240c2760e,br=0 nl=0,8,
global:3310,結城庵,,todo,10,f4ed91b434,br=0 nl=0,3,
global:3311,結城恋,,todo,10,8314fd5d40,br=0 nl=0,1,
global:3312,結城戒,,todo,10,72e7fca22a,br=0 nl=0,1,
global:3313,結城楼,,todo,10,0e93721002,br=0 nl=0,2,
global:3314,結構、楽しみにしてるのよ？　これ。,其实我，相当期待的哦？这件事情。,translated,52,4f7140261d,br=0 nl=0,1,
global:3315,結衣,,todo,7,349ad6ed2d,br=0 nl=0,2,
global:3316,結衣ヶ崎,,todo,13,aefc47a731,br=0 nl=0,1,
global:3317,結衣乙,,todo,10,8365b39913,br=0 nl=0,1,
global:3318,結衣人,,todo,10,24068df434,br=0 nl=0,2,
global:3319,結衣命,,todo,10,ab864a4122,br=0 nl=0,1,
global:3320,結衣庵,,todo,10,1bb74c961e,br=0 nl=0,2,
global:3321,結衣戒,,todo,10,ab8008b4fe,br=0 nl=0,1,
global:3322,結衣雫,,todo,10,859c4f2322,br=0 nl=0,1,
global:3323,絶対に修復してみせます。,我一定会修复给你看的。,translated,37,f644203b47,br=0 nl=0,1,
global:3324,継承奉願祝詞,继承奉愿祝词,translated,19,14271c9e37,br=0 nl=0,13,
global:3325,続きは、もうちょっと休憩してからよ♪,剩下的部分，稍微休息之后再做吧。,translated,55,f48a6f2531,br=0 nl=0,1,
global:3326,緊迫というか、息が詰まりそうな感じです。依頼時に「え？なんかちょっとやばくない？でも、よくわからない！頭がおかしくなりそうだ！」という感じのイメージで創ってください、とお願いしましたが、そんな説明でよくこんな的を得た曲を作れるものだと感心してしまいます（すっとぼけ＆褒め言葉）。（土屋）,与其说是紧迫，不如说有一种让人屏息凝神的窒息感。委托时对方嘱咐‘请以一种“咦？是不是有点不妙？但是搞不太懂！感觉脑袋都要不正常了！”的感觉去创作’，而面对这般说明居然能写出如此切中要害的绝妙曲子，实在令我深感佩服（装傻充愣＆赞美之词）。（土屋）,translated,430,05d23d9118,br=0 nl=0,1,src-longest-line=143
global:3327,緊迫のひととき,紧迫的一刻,translated,22,6f208130f7,br=0 nl=0,1,
global:3328,緋流伽,,todo,10,879d9f5644,br=0 nl=0,1,
global:3329,緋流伽ノ守,,todo,16,08e8d88c31,br=0 nl=0,1,
global:3330,緋流伽ヶ崎,,todo,16,d8046c58d5,br=0 nl=0,2,
global:3331,緋流伽乙,,todo,13,921a7933fa,br=0 nl=0,1,
global:3332,緋流伽亭,,todo,13,710d50bd22,br=0 nl=0,1,
global:3333,緋流伽人,,todo,13,703046dbc0,br=0 nl=0,1,
global:3334,緋流伽庵,,todo,13,97ca5a1ade,br=0 nl=0,2,
global:3335,緋流伽楼,,todo,13,1d83e23cdc,br=0 nl=0,1,
global:3336,緋流伽雫,,todo,13,de69e5ab9d,br=0 nl=0,1,
global:3337,緑陰の蛍,绿荫之萤,translated,13,25a834600e,br=0 nl=0,1,
global:3338,縁日,庙会,translated,7,f47e721ed1,br=0 nl=0,1,
global:3339,繋がり履歴,连接履历,translated,16,722f3fa0a5,br=0 nl=0,1,
global:3340,織香,,todo,7,f5e92f21c5,br=0 nl=0,1,
global:3341,織香ノ宮,,todo,13,1375f99140,br=0 nl=0,1,
global:3342,織香之助,,todo,13,5443ef60e7,br=0 nl=0,1,
global:3343,織香雫,,todo,10,e80ea3bd65,br=0 nl=0,1,
global:3344,繰繰,,todo,7,69bf8abfdd,br=0 nl=0,1,
global:3345,繰繰々,,todo,10,040f29344b,br=0 nl=0,1,
global:3346,繰繰ノ命,,todo,13,79d34f14c3,br=0 nl=0,1,
global:3347,繰繰ノ守,,todo,13,c9d4e955dc,br=0 nl=0,1,
global:3348,繰繰丸,,todo,10,20cb6e589b,br=0 nl=0,1,
global:3349,繰繰之助,,todo,13,c233241f9b,br=0 nl=0,1,
global:3350,繰繰乙,,todo,10,805aad5f7f,br=0 nl=0,1,
global:3351,繰繰庵,,todo,10,46867f4bba,br=0 nl=0,1,
global:3352,繰繰恋,,todo,10,c443cc64a5,br=0 nl=0,2,
global:3353,繰繰戒,,todo,10,54b0850f0d,br=0 nl=0,1,
global:3354,罪の水槽,罪恶水槽,translated,13,ef57c9baf0,br=0 nl=0,1,
global:3355,美し世界,美妙世界,translated,13,7c16bf39f4,br=0 nl=0,13,
global:3356,美桜,,todo,7,f9a0562e4d,br=0 nl=0,2,
global:3357,美桜ノ宮,,todo,13,b098ad2906,br=0 nl=0,2,
global:3358,美桜恋,,todo,10,3dcd79924f,br=0 nl=0,1,
global:3359,美桜竹,,todo,10,50e5d953a1,br=0 nl=0,1,
global:3360,美桜雫,,todo,10,2dabbc02bd,br=0 nl=0,1,
global:3361,美禰,,todo,7,2ddbf81e72,br=0 nl=0,2,
global:3362,美禰ヶ崎,,todo,13,844d7629f7,br=0 nl=0,1,
global:3363,美禰之助,,todo,13,f1428a4274,br=0 nl=0,1,
global:3364,美禰夕,,todo,10,32a6305bcc,br=0 nl=0,1,
global:3365,美禰恋,,todo,10,baaae992fa,br=0 nl=0,1,
global:3366,美結,,todo,7,2ffa27b084,br=0 nl=0,3,
global:3367,美結々,,todo,10,c57aa293ba,br=0 nl=0,1,
global:3368,美結ノ守,,todo,13,dc3a37aa91,br=0 nl=0,1,
global:3369,美結丸,,todo,10,33f2230dee,br=0 nl=0,1,
global:3370,美結人,,todo,10,771cce566d,br=0 nl=0,1,
global:3371,美結夕,,todo,10,f77e4a3635,br=0 nl=0,2,
global:3372,美結庵,,todo,10,6895db7fd9,br=0 nl=0,1,
global:3373,美結戒,,todo,10,d0f8511070,br=0 nl=0,1,
global:3374,美結楼,,todo,10,3d2f4aeede,br=0 nl=0,1,
global:3375,美結竹,,todo,10,3b4b47fa5b,br=0 nl=0,1,
global:3376,美結雫,,todo,10,62b86d54d3,br=0 nl=0,1,
global:3377,美颯,,todo,7,89ac823c61,br=0 nl=0,3,
global:3378,美颯亭,,todo,10,7da7afa8e7,br=0 nl=0,1,
global:3379,美颯恋,,todo,10,77191a4be7,br=0 nl=0,1,
global:3380,羽休め,歇翅,translated,10,b8641aa1e0,br=0 nl=0,1,
global:3381,翔星,,todo,7,2a8cd470cc,br=0 nl=0,2,
global:3382,翔星々,,todo,10,1c10832795,br=0 nl=0,1,
global:3383,翔星乙,,todo,10,83cbd8ae34,br=0 nl=0,2,
global:3384,翔星命,,todo,10,4eadd3c5d4,br=0 nl=0,1,
global:3385,翔星庵,,todo,10,27ee889279,br=0 nl=0,1,
global:3386,翔星恋,,todo,10,a97e73f68d,br=0 nl=0,1,
global:3387,翔星竹,,todo,10,49f276e00f,br=0 nl=0,1,
global:3388,翠,翠,translated,64,3461bcb731,br=0 nl=0,1,
global:3389,考え中のイオンを呼んで,呼唤正在思考中的依恩,translated,34,77decdf452,br=0 nl=0,1,
global:3390,聆珈,,todo,7,57f3e82e18,br=0 nl=0,1,
global:3391,聆珈夕,,todo,10,d8dc3f149e,br=0 nl=0,1,
global:3392,聆珈楼,,todo,10,7b3b090bbe,br=0 nl=0,1,
global:3393,聆珈竹,,todo,10,bb71ab4035,br=0 nl=0,1,
global:3394,聆珈雫,,todo,10,9ccb94ca45,br=0 nl=0,1,
global:3395,聖霊,圣灵,translated,64,24531d3ea0,br=0 nl=0,1,
global:3396,肉便,,todo,7,7db97b8cbe,br=0 nl=0,1,
global:3397,肉棒,,todo,7,39f69f615a,br=0 nl=0,1,
global:3398,肛門,,todo,7,3a8f4aadcf,br=0 nl=0,1,
global:3399,背魂奉納祭,背魂奉纳祭,translated,16,bef5431969,br=0 nl=0,1,
global:3400,胸にタッチして,碰碰胸口,translated,22,87aefc9e42,br=0 nl=0,1,
global:3401,能力情報,能力信息,translated,13,46aba5d2bf,br=0 nl=0,1,
global:3402,能力開放,能力解放,translated,13,0050041853,br=0 nl=0,1,
global:3403,脱いで,,todo,10,69d5442169,br=0 nl=0,1,
global:3404,脱いでっぷーション,,todo,65,9a6a5047b5,br=0 nl=0,1,
global:3405,脱げ,,todo,7,a0c7ef867a,br=0 nl=0,1,
global:3406,脱げぶらオーション,,todo,65,26bfe913ef,br=0 nl=0,1,
global:3407,脱糞,,todo,7,ce31185f7c,br=0 nl=0,1,
global:3408,腕にタッチして,碰碰手臂,translated,22,4be72b42b3,br=0 nl=0,1,
global:3409,膣,,todo,4,e86cdbbc66,br=0 nl=0,1,
global:3410,膣ナれでオーション,,todo,65,2990bd2fa6,br=0 nl=0,1,
global:3411,臆病な卵,胆怯之卵,translated,13,d7de928804,br=0 nl=0,1,
global:3412,自分IDのタイムライン,自己ID的时间线,translated,30,cfa330934b,br=0 nl=0,2,
global:3413,自慰,,todo,7,24eb9cf578,br=0 nl=0,2,
global:3414,船内の曲その２。潰した系リズムやディストーションを多用、という指定だったので民族的な音色も残しつつ、色々歪めてみました。途中で入るノイズ交じりの音声が自分の中でお気に入り。<CR>（柳川）,船内曲第二弹。因为当时要求‘大量使用破碎系节奏与失真效果’，所以我在保留民族风音色的同时尝试了各种各样的扭曲处理。中途插入的夹带杂音的语音是我个人的心头好。<CR>（柳川）,translated,275,db14856677,<CR> br=0 nl=0,1,keep-tags <CR>; src-longest-line=94
global:3415,良い感じに進んでいるわよ。,进展得相当顺利哦。,translated,40,e11a1395c1,br=0 nl=0,1,
global:3416,色褪せた看板を目印に,以褪色招牌为路标,translated,32,56175f8f5a,br=0 nl=0,1,
global:3417,花冠,花冠,translated,7,db80bafcbf,br=0 nl=0,32,
global:3418,花風麗衣,,todo,13,8bc7ec58f2,br=0 nl=0,1,
global:3419,花風麗衣々,,todo,16,ca5c1e02e3,br=0 nl=0,1,
global:3420,花風麗衣ノ命,,todo,19,9f8be3debd,br=0 nl=0,1,
global:3421,花風麗衣ノ宮,,todo,19,9214610998,br=0 nl=0,1,
global:3422,花風麗衣ヶ崎,,todo,19,c290728e6c,br=0 nl=0,1,
global:3423,花風麗衣丸,,todo,16,9103e701f9,br=0 nl=0,1,
global:3424,花風麗衣之助,,todo,19,f8a0aa2b80,br=0 nl=0,1,
global:3425,花風麗衣命,,todo,16,330a74b099,br=0 nl=0,1,
global:3426,花風麗衣夕,,todo,16,de73e639d0,br=0 nl=0,1,
global:3427,花風麗衣庵,,todo,16,47090db76f,br=0 nl=0,1,
global:3428,花風麗衣恋,,todo,16,84ac841084,br=0 nl=0,1,
global:3429,花風麗衣竹,,todo,16,316155ce4f,br=0 nl=0,1,
global:3430,若葉ナース,嫩叶护士,translated,16,a200097cdb,br=0 nl=0,3,
global:3431,苦楽,,todo,7,2b7a897d24,br=0 nl=0,1,
global:3432,苦楽ノ命,,todo,13,ac87f27984,br=0 nl=0,1,
global:3433,苦楽ノ宮,,todo,13,2e97a590e8,br=0 nl=0,1,
global:3434,苦楽丸,,todo,10,a82f4f3a4c,br=0 nl=0,3,
global:3435,苦楽之助,,todo,13,17649f5a21,br=0 nl=0,1,
global:3436,苦楽戒,,todo,10,9408ff43b9,br=0 nl=0,1,
global:3437,苦楽竹,,todo,10,24da5cd6ca,br=0 nl=0,1,
global:3438,茜,茜,translated,4,a1bbaf201a,br=0 nl=0,1,
global:3439,茶,茶,translated,64,97a08c17dc,br=0 nl=0,1,
global:3440,茶いぬみみ,茶犬耳,translated,16,7a298cbf05,br=0 nl=0,1,
global:3441,茶うさみみ,茶兔耳,translated,16,06f22279cc,br=0 nl=0,1,
global:3442,茶寮壜,,todo,10,611c17d8ee,br=0 nl=0,1,
global:3443,茶寮壜々,,todo,13,8774709360,br=0 nl=0,1,
global:3444,茶寮壜亭,,todo,13,50cf594a4a,br=0 nl=0,1,
global:3445,茶寮壜戒,,todo,13,a1119d7ed7,br=0 nl=0,2,
global:3446,草いぬみみ,草绿犬耳,translated,16,26767c1c4f,br=0 nl=0,1,
global:3447,萌花,,todo,7,7667e85721,br=0 nl=0,1,
global:3448,萌花ノ守,,todo,13,6d7be08547,br=0 nl=0,1,
global:3449,萌花ノ宮,,todo,13,be3e460b62,br=0 nl=0,1,
global:3450,萌花乙,,todo,10,443df93464,br=0 nl=0,2,
global:3451,萌花戒,,todo,10,b5811f0a12,br=0 nl=0,1,
global:3452,萌花竹,,todo,10,3b11162939,br=0 nl=0,1,
global:3453,萌花雫,,todo,10,3674e67854,br=0 nl=0,1,
global:3454,葉緑ガード,叶绿护具,translated,16,f4447e487e,br=0 nl=0,1,
global:3455,葛城,,todo,7,a07b3eee00,br=0 nl=0,1,
global:3456,葛城ノ命,,todo,13,c818b910c3,br=0 nl=0,1,
global:3457,葛城ノ宮,,todo,13,5350a3b778,br=0 nl=0,1,
global:3458,葛城丸,,todo,10,7ff810405b,br=0 nl=0,1,
global:3459,葛城亭,,todo,10,e94e42af6a,br=0 nl=0,1,
global:3460,葛城夕,,todo,10,335cf556ff,br=0 nl=0,1,
global:3461,葛城庵,,todo,10,fd52da1b55,br=0 nl=0,1,
global:3462,葛城楼,,todo,10,136fb36152,br=0 nl=0,1,
global:3463,葛城竹,,todo,10,8bf170ba1b,br=0 nl=0,1,
global:3464,葛城雫,,todo,10,efb7538a11,br=0 nl=0,1,
global:3465,葵,葵,translated,4,7ba87f3b8b,br=0 nl=0,1,
global:3466,蒔語,,todo,7,01b84ce5f3,br=0 nl=0,1,
global:3467,蒔語ノ守,,todo,13,6cfc4c0786,br=0 nl=0,1,
global:3468,蒔語夕,,todo,10,17f41e2d84,br=0 nl=0,1,
global:3469,蒔語竹,,todo,10,30bb59d068,br=0 nl=0,1,
global:3470,蓮琥,,todo,7,5b43ac8c19,br=0 nl=0,1,
global:3471,蓮琥ノ守,,todo,13,7ab2868751,br=0 nl=0,1,
global:3472,蓮琥ノ宮,,todo,13,f19d19879d,br=0 nl=0,1,
global:3473,蓮琥丸,,todo,10,1afbc95220,br=0 nl=0,1,
global:3474,蓮琥乙,,todo,10,7a86654966,br=0 nl=0,1,
global:3475,蓮琥亭,,todo,10,7ad585fe46,br=0 nl=0,1,
global:3476,蓮琥命,,todo,10,3ff4090790,br=0 nl=0,1,
global:3477,蓮琥楼,,todo,10,d9291b4d2b,br=0 nl=0,2,
global:3478,蓮琥竹,,todo,10,2228281151,br=0 nl=0,1,
global:3479,蓮花,莲花,translated,7,f5b9bb311b,br=0 nl=0,2,
global:3480,蓮花々,,todo,10,ff154f51cc,br=0 nl=0,1,
global:3481,蓮花ヶ崎,,todo,13,cf7fd8cc0d,br=0 nl=0,1,
global:3482,蓮花丸,,todo,10,76fadb7ab5,br=0 nl=0,1,
global:3483,蓮花之助,,todo,13,07bf4365b0,br=0 nl=0,1,
global:3484,蓮花人,,todo,10,cbabb8aa1a,br=0 nl=0,1,
global:3485,藍いぬみみ,靛蓝犬耳,translated,16,d9e132a7c5,br=0 nl=0,1,
global:3486,藍うさみみ,靛蓝兔耳,translated,16,29deb5f59d,br=0 nl=0,1,
global:3487,藍ねこみみ,靛蓝猫耳,translated,16,a0b487a343,br=0 nl=0,3,
global:3488,虹の伽藍,彩虹伽蓝,translated,13,84de4eb3a4,br=0 nl=0,1,
global:3489,虹の国のデュオワルツ,彩虹之国双重华尔兹,translated,31,72d2d47f49,br=0 nl=0,13,
global:3490,蝶の羽,蝶之羽,translated,10,1b671ce2fb,br=0 nl=0,129,
global:3491,血液型のこと,血型的事,translated,19,e02860cce1,br=0 nl=0,1,
global:3492,装備アイテム,装备道具,translated,19,2caf8f2030,br=0 nl=0,1,
global:3493,装備・能力,装备・能力,translated,16,25e7e38e75,br=0 nl=0,1,
global:3494,装備選択,选择装备,translated,13,7c67595173,br=0 nl=0,1,
global:3495,褐色,褐色,translated,7,c1315d66b6,br=0 nl=0,1,
global:3496,解放ボーナス,解锁奖励,translated,19,79bce071f1,br=0 nl=0,1,
global:3497,触られたって、嬉しくなんかないんだから！,就算被你摸，我也才没有觉得高兴呢！,translated,61,59b9bd141b,br=0 nl=0,1,
global:3498,触れてくれるだけで、うれしいわ。,只要能触碰到你，我就很开心呢。,translated,49,3aede6d11c,br=0 nl=0,1,
global:3499,触れてもらえると、元気になれる気がします。,只要能被你触碰，我就能重新振作精神呢♪,translated,64,7a658bca4f,br=0 nl=0,1,
global:3500,言っておくけど、仕方なく直してやってんのよっ！,先说在前头，我只是迫不得已才帮你修的哦！,translated,70,550edcf25c,br=0 nl=0,1,
global:3501,記憶のこと,记忆的事,translated,16,d4b1a136ed,br=0 nl=0,1,
global:3502,試練編最終幕,试炼篇最终幕,translated,20,bc55bf2d26,br=0 nl=0,1,
global:3503,試練編第一幕,试炼篇第一幕,translated,20,1c1c42afa6,br=0 nl=0,1,
global:3504,試練編第三幕,试练篇第三幕,translated,20,46c7eab9f0,br=0 nl=0,1,
global:3505,試練編第二幕,试练篇第二幕,translated,20,7b91592ae9,br=0 nl=0,1,
global:3506,詩の鑑賞,诗歌鉴赏,translated,13,1077e5a526,br=0 nl=0,1,
global:3507,誕生日プレゼント,生日礼物,translated,25,6a3cc5205e,br=0 nl=0,1,
global:3508,語り部,说书人,translated,10,3eb8b59bbe,br=0 nl=0,1,
global:3509,語り部が語り始める導入のゲームや本が好き。青空だったりあかね色だったり、１０１だったり。…これで分かる人いるのかしら。（柳川）,我喜欢以说书人开篇叙述为引子的游戏和书籍。或是碧空万里，或是茜色晚霞，或是101。……这样说有人能懂吗。（柳川）,translated,190,16cee74947,br=0 nl=0,1,src-longest-line=63
global:3510,説明は君に任せた,解说就交给你了,translated,25,7760b53ca2,br=0 nl=0,1,
global:3511,読書中のイオンを呼んで,呼唤正在读书的依恩,translated,34,24468714d7,br=0 nl=0,1,
global:3512,誰かと話したりしてる？,在跟谁聊着天吗？,translated,34,a429c34317,br=0 nl=0,1,
global:3513,調合中のイオンを呼んで,呼唤正在调合的依恩,translated,34,97cc10bbde,br=0 nl=0,1,
global:3514,調合依頼をしてみて,试着委托调合看看吧,translated,28,be0c4a5acb,br=0 nl=0,1,
global:3515,謎の文書を読む,阅读神秘的文书,translated,22,8cb353deeb,br=0 nl=0,2,
global:3516,謳無き丘にて,在无讴之丘,translated,19,9d30a0254f,br=0 nl=0,1,
global:3517,謳無き丘へ,往无讴之丘,translated,16,a225a2b4c7,br=0 nl=0,13,
global:3518,護乃,,todo,7,0289b2ea82,br=0 nl=0,2,
global:3519,護乃々,,todo,10,df06314cb9,br=0 nl=0,2,
global:3520,護乃ノ命,,todo,13,24e682807e,br=0 nl=0,1,
global:3521,護乃亭,,todo,10,5152ab722e,br=0 nl=0,1,
global:3522,護乃命,,todo,10,256f7579eb,br=0 nl=0,1,
global:3523,護乃楼,,todo,10,7dce3ea9b0,br=0 nl=0,1,
global:3524,護乃雫,,todo,10,c33495c93a,br=0 nl=0,1,
global:3525,谷間,,todo,7,1102589b20,br=0 nl=0,1,
global:3526,谷間ちくぷーション,,todo,65,7c306b9206,br=0 nl=0,1,
global:3527,貧乳,,todo,7,699303adec,br=0 nl=0,1,
global:3528,貧乳かっぷーション,,todo,65,a2b798c319,br=0 nl=0,1,
global:3529,貴方がナデナデしたときのイオンの反応が見たいな。根気よくナデナデしてみてね。,您在摸摸头时依恩所展现的各种反应。,translated,128,560c666acd,br=0 nl=0,1,src-longest-line=38
global:3530,貴方の鼓動が聞こえる,能听见你的心跳,translated,32,2cb5e7834b,br=0 nl=0,1,
global:3531,赤,赤,translated,64,72776ab68f,br=0 nl=0,1,
global:3532,赤いぬみみ,红犬耳,translated,16,ff4d7c8a32,br=0 nl=0,1,
global:3533,赤い実の枝,红果之枝,translated,16,bf556768d5,br=0 nl=0,3,
global:3534,赤うさみみ,红兔耳,translated,16,1ff7e8e0ba,br=0 nl=0,1,
global:3535,起きる時間をイオンに伝えてみて,把起床的时间告诉依恩吧,translated,64,1ab725ca3c,br=0 nl=0,1,
global:3536,超重量級のヘヴィクライシスな曲です。この曲をかければどんなシーンでもヘヴィな状況になってしまうといわれている、魔法の曲です！ですが、ルウレイさんがター坊を叱るときに使ってはいけません。ター坊がルウレイさんに殺されてしまいます。（土屋）,超重度危机感的沉重乐曲。据说只要放起这首曲子，无论何种场景都会变成极其沉重绝望的事态，真是一首充满魔力的曲子！但是，可千万不能在鲁雷先生训斥阿达时放这首曲子哦。阿达会被鲁雷先生杀掉的。（土屋）,translated,352,adc1824d73,br=0 nl=0,1,src-longest-line=117
global:3537,足湯中♪,足浴中♪,translated,13,fdcf9da42d,br=0 nl=0,1,
global:3538,身体の一部に花を持つ種族。そ\nの花は手の甲にあったり、頭に\n髪飾りのようにあったり、スカ\nートが花弁だったりなど様々。,"身体某处带有花朵的种族。
那朵花有时在手背，有时在
头上如发饰一般，或裙摆形
同花瓣等，各不相同。",translated,256,0540d031b5,br=0 nl=0,3,src-longest-line=62
global:3539,近くの庭に行ってみよう,去附近的庭园看看吧,translated,34,3ac248844a,br=0 nl=0,1,
global:3540,返信,回复,translated,7,ca330817bf,br=0 nl=0,1,
global:3541,迷惑かけないように、確実にやります！,为了不添麻烦，我会切实做好的。,translated,55,ad5730a335,br=0 nl=0,1,
global:3542,退屈させないでよね♪,可别让我感到无聊哦♪,translated,31,bdb8a85bfe,br=0 nl=0,1,
global:3543,送信メール,发送邮件,translated,16,874bebf2bd,br=0 nl=0,1,
global:3544,這い寄るコント,逼近的滑稽剧,translated,22,2ba7e5a619,br=0 nl=0,1,
global:3545,連れていけるシャールの数です。,可以一同带去的夏尔数量。,translated,46,c29032097a,br=0 nl=0,2,
global:3546,遂に全ての準備が整ってこの惑星ともお別れの時が来てしまいました。<CR>そしてそれは、シェルノサージュの夢セカイの終わりでもあります。まさにここ、宇宙に浮かぶ最後の楽園ヒュムネスフィアこそが、ラストフロアなのです。そんな壮大なラストフロアですから、楽曲も壮大に、絢爛に！とお願いして創ってもらいました。この曲もアルノサージュのヒュムネスフィアからのアレンジです。（土屋）,终于一切准备就绪，到了不得不与这颗星球道别的时刻了。<CR>而那，也意味着Ciel nosurge梦世界的落幕。正是在此处，悬浮于宇宙之中的最后乐园修姆涅球，正是最终关卡。正因是如此宏伟壮丽的最终楼层，我便嘱咐一定要做得气势恢宏、绚烂璀璨！本曲也是出自Ar nosurge修姆涅球的改编。（土屋）,translated,548,fbfac7b0ce,<CR> br=0 nl=0,1,keep-tags <CR>; src-longest-line=185
global:3547,運動不足のこと！,运动不足的事！,translated,25,ce4520a298,br=0 nl=0,1,
global:3548,運命大輪,命运大轮,translated,13,b435b6555a,br=0 nl=0,1,
global:3549,過去の決められた一点に全生命のクオリアを転送する詩。世界そのものを過去にタイムリープする詩とも言える。詩自体が消費するエネルギーは果てしなく大きく、かつ限定された特定６軸座標への移動という事もあり、民衆の詩の力を借り、かつイオンの持つ俯瞰視点があって、初めて成功した詩魔法である。,将全生命的感质传送至过去某一既定时间点的诗。亦可谓是将整个世界穿越回过去的诗。诗本身消耗的能量极其无穷庞大，加之又是移动至限定的特定6轴坐标，因此唯有借由民众诗的力量，并依托依恩所拥有的俯瞰视点，方才最终得以成功的诗魔法。,translated,421,c6dcfe635b,br=0 nl=0,13,src-longest-line=140
global:3550,過去回想曲です。バックログ機能が人生にも欲しいです。もちろん音声再生もできるやつ。<CR>（柳川）,过去回想曲。由于没有回看记录功能，所以尽量写得不扰人耳朵。（柳川）,translated,140,0dfe74fce5,<CR> br=0 nl=0,1,keep-tags <CR>; src-longest-line=49
global:3551,過去１０日つぶやき数,过去10天的碎碎念数,translated,64,daa5c0c9ee,br=0 nl=0,2,
global:3552,遠いようで近い場所,似远实近之所,translated,32,1293d59af8,br=0 nl=0,1,
global:3553,遡り、辿る,溯洄寻觅,translated,16,66cc368e39,br=0 nl=0,1,
global:3554,"選択することができます。

●セット中のスキル
　現在セットしているスキルの一覧です。
　最大で６つセットされています。","进行选择。

●装备中的技能
　当前装备的技能一览。
　最多可装备6个。",translated,173,c97ea69eb3,br=0 nl=4,1,src-lines=5
global:3555,遺伝選定,遗传选定,translated,13,5d02eea666,br=0 nl=0,1,
global:3556,部屋のBGMを無くしたい時に選択して下さい。,想消除房间BGM时请选择此处。,translated,2048,15f32482f9,br=0 nl=0,1,
global:3557,部屋のBGM追加,追加房间BGM,translated,19,3b7421f691,br=0 nl=0,10,
global:3558,部屋の音楽を変更,更改房间音乐,translated,25,eb3ec84116,br=0 nl=0,1,
global:3559,部落,,todo,7,7280765098,br=0 nl=0,1,
global:3560,金,金,translated,64,b59df8c44a,br=0 nl=0,1,
global:3561,金のティアラ,金之天冠,translated,19,cd88f4aaf3,br=0 nl=0,3,
global:3562,金属性,金属性,translated,32,cf36a315cd,br=0 nl=0,440,
global:3563,金玉,,todo,7,d08bceed71,br=0 nl=0,1,
global:3564,金銀オッドアイ,金银异色瞳,translated,64,7df07dc761,br=0 nl=0,1,
global:3565,銀湾,,todo,7,2791356972,br=0 nl=0,3,
global:3566,銀湾々,,todo,10,5d778bce30,br=0 nl=0,1,
global:3567,銀湾ヶ崎,,todo,13,007c395a31,br=0 nl=0,1,
global:3568,銀湾丸,,todo,10,c1b838f907,br=0 nl=0,2,
global:3569,銀湾之助,,todo,13,3db6ed55c4,br=0 nl=0,2,
global:3570,銀湾乙,,todo,10,2e376bd1cc,br=0 nl=0,1,
global:3571,銀湾亭,,todo,10,e9322dbd26,br=0 nl=0,1,
global:3572,銀湾楼,,todo,10,cdd903f6fa,br=0 nl=0,1,
global:3573,鋼鉄の尻尾,钢铁之尾,translated,16,e5ca9fed6d,br=0 nl=0,50,
global:3574,鋼鉄の羽,钢铁之羽,translated,13,6cb06f0cd9,br=0 nl=0,111,
global:3575,鎮魂詩,镇魂诗,translated,10,6de4a9d5a3,br=0 nl=0,1,
global:3576,開放スキル選択,选择解放技能,translated,22,09ceb552e8,br=0 nl=0,1,
global:3577,開放部位選択,选择解放部位,translated,19,f624c6175a,br=0 nl=0,1,
global:3578,開発初期のころに作りました。その頃はエンディングへの流れが違っていて、それに合わせて作りました。タイトルはその頃の名残。徐々に時が磨り減るイメージです。<CR>（柳川）,在开发初期制作的曲子。那时通往结局的流程还不太一样，我是配合当时的设计来写的。标题正是那个时期的残留印记。意象是时间在渐渐磨损消逝。<CR>（柳川）,translated,245,1ea4c8cab0,<CR> br=0 nl=0,1,keep-tags <CR>; src-longest-line=84
global:3579,閏弧,,todo,7,dbabbab806,br=0 nl=0,1,
global:3580,閏弧ノ命,,todo,13,284fe8cc92,br=0 nl=0,1,
global:3581,閏弧ノ守,,todo,13,463c8e2f39,br=0 nl=0,1,
global:3582,閏弧ノ宮,,todo,13,90d919d8ba,br=0 nl=0,1,
global:3583,閏弧之助,,todo,13,72f44e9540,br=0 nl=0,1,
global:3584,闇竜角,暗龙角,translated,10,a85d92bf8d,br=0 nl=0,3,
global:3585,阿知波　大輔,阿知波　大辅,translated,19,8e6665f5ea,br=0 nl=0,18,
global:3586,陰核,,todo,7,2e3c2a4c82,br=0 nl=0,1,
global:3587,陰毛,,todo,7,a90fc01fd7,br=0 nl=0,1,
global:3588,陰茎,,todo,7,264f149e8e,br=0 nl=0,1,
global:3589,陽毬,,todo,7,9fde2f1857,br=0 nl=0,1,
global:3590,陽毬ノ守,,todo,13,c3885c450a,br=0 nl=0,1,
global:3591,陽毬丸,,todo,10,37b9efd85b,br=0 nl=0,1,
global:3592,陽毬之助,,todo,13,e0fbb0cbeb,br=0 nl=0,1,
global:3593,陽毬乙,,todo,10,91e32b2619,br=0 nl=0,1,
global:3594,陽毬亭,,todo,10,b25875b4e2,br=0 nl=0,1,
global:3595,陽毬夕,,todo,10,5044757574,br=0 nl=0,1,
global:3596,陽毬恋,,todo,10,98af9501f2,br=0 nl=0,1,
global:3597,陽毬楼,,todo,10,adbe344b66,br=0 nl=0,1,
global:3598,陽毬竹,,todo,10,bb2d9fde48,br=0 nl=0,1,
global:3599,陽毬雫,,todo,10,582bb7556c,br=0 nl=0,2,
global:3600,陽菜,,todo,7,25ac3a8184,br=0 nl=0,1,
global:3601,陽菜々,,todo,10,160c59a7d4,br=0 nl=0,1,
global:3602,陽菜ノ命,,todo,13,471d091fda,br=0 nl=0,1,
global:3603,陽菜丸,,todo,10,1e9b3dfddb,br=0 nl=0,1,
global:3604,陽菜亭,,todo,10,8c40a627e7,br=0 nl=0,1,
global:3605,陽菜人,,todo,10,41e655b13c,br=0 nl=0,1,
global:3606,陽菜楼,,todo,10,9a5497b298,br=0 nl=0,1,
global:3607,隅々まできれいにしてあげるわよ。,我会把每个角落都清理干净的哦。,translated,49,302cebc68d,br=0 nl=0,1,
global:3608,階段めっちゃ長っ！？というのが初めてフィールドを見たときの感想でした。せめてエスカーが欲しい。下りは歩くから。（柳川）,这台阶也太长了吧！？这就是我第一次见到场景时的感想。好歹装个自动扶梯嘛。下楼我愿意自己走就是了。（柳川）,translated,178,7ca770f078,br=0 nl=0,1,src-longest-line=59
global:3609,雅,,todo,4,e071e1e6cd,br=0 nl=0,3,
global:3610,集中力が切れてきてしまいました。,注意力开始有些涣散了。,translated,49,770ebdf9d4,br=0 nl=0,1,
global:3611,雑貨屋ねりこに行ってみよう,去杂货铺妮莉库看看吧,translated,40,c76669bea4,br=0 nl=0,1,
global:3612,離婚する,离婚,translated,13,fb4da26c6b,br=0 nl=0,1,
global:3613,雪蝶,,todo,7,a843554d5b,br=0 nl=0,2,
global:3614,雪蝶之助,,todo,13,c89dbe78f4,br=0 nl=0,1,
global:3615,雪蝶乙,,todo,10,32e7b959e0,br=0 nl=0,1,
global:3616,雪蝶亭,,todo,10,3372f8f1b8,br=0 nl=0,1,
global:3617,雪蝶夕,,todo,10,05d3688cdc,br=0 nl=0,1,
global:3618,雪蝶竹,,todo,10,0e0b2dd647,br=0 nl=0,2,
global:3619,雪蝶雫,,todo,10,93a576e9a1,br=0 nl=0,1,
global:3620,雲丹,,todo,7,09741a50d8,br=0 nl=0,3,
global:3621,雲丹丸,,todo,10,46dbfd208f,br=0 nl=0,1,
global:3622,雲丹命,,todo,10,a71ab90605,br=0 nl=0,1,
global:3623,雲丹戒,,todo,10,434540fc4e,br=0 nl=0,1,
global:3624,電車の中でお腹が痛くなったけど次の駅までまだかなり時間がある、こいつはヤベェ…くらいのちょっとした緊張場面の曲です。いや日常生活で考えるとかなりのピンチなのですが。（柳川）,在电车里突然肚子疼起来，但距离下一站还有好长一段时间，这下可糟糕了……差不多就是这种略带紧张气氛的场景曲。虽说放在日常生活中考虑的话已经算相当重大的危机了。（柳川）,translated,259,fac54e4127,br=0 nl=0,1,src-longest-line=86
global:3625,電電,电电,translated,7,dc582a2c19,br=0 nl=0,1,
global:3626,霜月　はるか,霜月 遥,translated,19,4fa4ca5550,br=0 nl=0,78,
global:3627,霧にむせぶ夜の街というイメージ。最近だとダークナイト。ちょっと前だとブレードランナー。もっと前だとタクシードライバー。（あちわ）,雾气弥漫的夜间街道这一意象。近的有《黑暗骑士》。稍早一些的有《银翼杀手》。更早的还有《出租车司机》。（あちわ）,translated,193,f726626851,br=0 nl=0,1,src-longest-line=64
global:3628,青,青,translated,64,845d1da87f,br=0 nl=0,1,
global:3629,青姦,,todo,48,e7cb3c5b4e,br=0 nl=0,1,
global:3630,青白,青白,translated,7,29388ff7de,br=0 nl=0,1,
global:3631,非人,,todo,7,fc9470e40b,br=0 nl=0,1,
global:3632,音がぶつかるファン<CR>ファーレってゾクゾクしますよね。しませんか。すみません。（柳川）,声音碰撞的风扇<CR>风扇,translated,128,b62b08f5a3,<CR> br=0 nl=0,1,keep-tags <CR>; src-longest-line=45
global:3633,音量設定,音量设置,translated,13,489236d7d4,br=0 nl=0,1,
global:3634,"響します。

　・Exp.
　　　シャールが廃墟修復などで取得した経験値と
　　　次のLvに必要な経験値です。

　・マイクロクエーサーへの総送信量
　　　マイクロクエーサーに送ったエネルギーの量です。","带来影响。

　・Exp.
　　　夏尔在废墟修复等活动中获得的经验值，
　　　以及升到下一级所需的经验值。

　・向微类星体的总输送量
　　　向微类星体所输送的能量总量。",translated,278,b38953a5ab,br=0 nl=7,1,src-lines=8; src-longest-line=26
global:3635,頭をタッチしてみて,碰碰头顶,translated,28,3f64f3891b,br=0 nl=0,1,
global:3636,顔射,,todo,7,66ea6e1db1,br=0 nl=0,2,
global:3637,風俗,,todo,7,3466442798,br=0 nl=0,1,
global:3638,風紋烈火,风纹烈火,translated,13,141b0b293b,br=0 nl=0,1,
global:3639,食事中のイオンを呼んで,呼唤正在用餐的依恩,translated,34,a3ee451c5f,br=0 nl=0,1,
global:3640,食器洗い中のイオンを呼んで,呼唤正在洗碗的依恩,translated,40,fd1ba10bcd,br=0 nl=0,1,
global:3641,馬鹿,,todo,7,30b920ccd0,br=0 nl=0,2,
global:3642,馬鹿験はオーション,,todo,65,9a7aaf2582,br=0 nl=0,1,
global:3643,駅まで歩こう,步行去车站吧,translated,19,1414bafafc,br=0 nl=0,1,
global:3644,駆け抜けろ！,全力冲刺！,translated,19,6d125a3321,br=0 nl=0,1,
global:3645,騎乗位,,todo,10,339b5a30e0,br=0 nl=0,1,
global:3646,高橋　麗子,高桥 丽子,translated,16,e5f18eff62,br=0 nl=0,26,
global:3647,髪飾り,发饰,translated,10,6ed65728e7,br=0 nl=0,1,
global:3648,魔法の杖,魔法之杖,translated,13,9ac5c88291,br=0 nl=0,40,
global:3649,鵬美寿,,todo,10,151306283d,br=0 nl=0,2,
global:3650,鵬美寿ノ守,,todo,16,7bc807f903,br=0 nl=0,1,
global:3651,鵬美寿ノ宮,,todo,16,a53c44939a,br=0 nl=0,1,
global:3652,鵬美寿人,,todo,13,6988c22263,br=0 nl=0,1,
global:3653,鵬美寿恋,,todo,13,fd5392c162,br=0 nl=0,1,
global:3654,鵬美寿戒,,todo,13,cabb8a47bb,br=0 nl=0,1,
global:3655,鵬美寿雫,,todo,13,344b6a3887,br=0 nl=0,1,
global:3656,麗彌,,todo,7,16721004d1,br=0 nl=0,1,
global:3657,麗彌ノ宮,,todo,13,b7ffff08f9,br=0 nl=0,1,
global:3658,麗彌恋,,todo,10,82783f5259,br=0 nl=0,1,
global:3659,麗彌戒,,todo,10,00649603d0,br=0 nl=0,1,
global:3660,麗彌楼,,todo,10,c869f49f92,br=0 nl=0,1,
global:3661,麻薬,,todo,7,cc4a67108e,br=0 nl=0,1,
global:3662,麻薬ろすたーション,,todo,65,a94b8ae994,br=0 nl=0,1,
global:3663,黄昏いぬみみ,黄昏犬耳,translated,19,4ed8dd5035,br=0 nl=0,1,
global:3664,黒,黑,translated,64,2c80764518,br=0 nl=0,1,
global:3665,黒いぬみみ,黑犬耳,translated,16,abb503ac21,br=0 nl=0,1,
global:3666,黒うさみみ,黑兔耳,translated,16,986ba5e1f6,br=0 nl=0,1,
global:3667,黒ねこみみ,黑猫耳,translated,16,489e1a8696,br=0 nl=0,3,
global:3668,黒んぼ,,todo,10,7694636b54,br=0 nl=0,1,
global:3669,黒メイド,黑女仆,translated,13,5ff08c87b2,br=0 nl=0,3,
global:3670,黒人,黑人,translated,7,67880e8dd1,br=0 nl=0,1,
global:3671,黒姫,,todo,7,1e73d7e97f,br=0 nl=0,2,
global:3672,黒姫ノ命,,todo,13,68b41f04cf,br=0 nl=0,1,
global:3673,黒姫ヶ崎,,todo,13,d533bc77b7,br=0 nl=0,1,
global:3674,黒姫乙,,todo,10,0017aaa065,br=0 nl=0,1,
global:3675,黒姫人,,todo,10,23d9c21ed9,br=0 nl=0,1,
global:3676,黒姫命,,todo,10,f63cda5314,br=0 nl=0,1,
global:3677,黒姫夕,,todo,10,d66b7148a0,br=0 nl=0,1,
global:3678,黒姫戒,,todo,10,8dbdd63af0,br=0 nl=0,1,
global:3679,黒姫雫,,todo,10,2be35f2305,br=0 nl=0,1,
global:3680,黒茶いぬみみ,黑棕犬耳,translated,19,6966d8c7e9,br=0 nl=0,1,
global:3681,黒茶うさみみ,黑棕兔耳,translated,19,4a22d765d0,br=0 nl=0,1,
global:3682,鼻にタッチして,碰碰鼻子,translated,22,92f9637a79,br=0 nl=0,1,
global:3683,！応募フォーム,！应征表单,translated,22,0afd6dd262,br=0 nl=0,1,
global:3684,（あちわ）,（あちわ）,translated,16,3c62f5773e,br=0 nl=0,3,
global:3685,"（モデル）

を選択","（模型）

请选择",translated,27,2839cea616,br=0 nl=2,2,
global:3686,（土屋）,（土屋）,translated,13,5b92e1dbcd,br=0 nl=0,5,
global:3687,０点サイン,0分标记,translated,16,392386d1b3,br=0 nl=0,3,
global:3688,７次元INFO,7次元INFO,translated,14,2751f4885e,br=0 nl=0,2,
global:3689,７次元先の世界から連れてこられた魂を、その世界へ送り返すための詩。<CR>非常に大きなエネルギーを消費するため、地殻を割り、それを押しつぶしてエネルギーにする為のシステム（ブースター）が必要となる。<CR>そのため、クラケット博士の創った「力場」と呼ばれる場所でしか謳う事が出来ない。<CR><CR>また同時に、肉体が耐えられない程のエネルギーを身体に通すため、還す対象の魂との抵抗値が限りなく低くなければならず、まさに針穴に糸を通すような業が必要となる詩なのである。,将从7次元之外的世界带来的灵魂，送回那个世界的诗。<CR>由于会消耗极其庞大的能量，因此需要破开地壳、将其碾碎转化为能量的系统（推进器）。<CR>正因如此，唯有在库拉肯特博士所打造的名为“力场”的场所中才能唱响本诗。<CR><CR>同时，为了将肉体无法承受的庞大能量导入体内，与返还对象的灵魂之间的阻抗值必须无限趋近于零，因此这是一首需要如同将细线穿过针眼般精妙绝伦之技艺的诗魔法。,translated,671,75dacbb9a9,<CR> <CR> <CR> <CR> br=0 nl=0,13,keep-tags <CR>; src-longest-line=234
global:3690,７次元転送ＢＯＸ,7次元传送BOX,translated,25,1aca6b413c,br=0 nl=0,1,
global:3691,７次元通信！,7次元通信！,translated,19,66b5643996,br=0 nl=0,2,
global:3692,７通投稿フォーム,7通投稿表单,translated,25,dd61ef984c,br=0 nl=0,2,
global:3693,＠一覧,@一览,translated,10,71903eade2,br=0 nl=0,1,
global:3694,Ｏｎｏｇｏｒｏと共通の冒頭から始まりますが、後半でシンプルながらメロディが展開します。お風呂で浮かんだメロディをシンプルなアレンジでパパッと仕上げた、お刺身のような曲です。<CR>（あちわ）,虽然开头与Onogoro共有相同的引子，但后半部分展开了质朴而美妙的旋律。在泡澡时灵光乍现的旋律，通过简约编曲三下五除二利落搞定，宛如生鱼片一般的曲子呢。<CR>（あちわ）,translated,278,3d103c9202,<CR> br=0 nl=0,1,keep-tags <CR>; src-longest-line=95
global:3695,ｱﾅﾉﾚオーション,,todo,65,9873a9fef1,br=0 nl=0,1,
global:3696,ﾀﾋね,,todo,10,06c15aea7b,br=0 nl=0,1,
global:3697,ﾏﾗマラ,,todo,13,9c22c7d112,br=0 nl=0,1,
