id,jp,zh,status,max_bytes,src,ctl,occurrences,note
item:0,>型番がＧＴ－５５となっており、ラシェーラにはこの他にも多くの真空管が存在しているようだ。<CR>,>型号为GT-55，拉榭拉似乎还存在许多其他种类的真空管。<CR>,translated,138,5f53e5520b,<CR> br=0 nl=0,9,field is a continuation chunk of a longer source string; translate it as that part only; keep-tags <CR>; src-longest-line=49
item:1,、使いすぎるのは避けた方が良さそうだ。,，还是尽量避免过度使用为妙。,translated,58,2484f9c372,br=0 nl=0,7,field is a continuation chunk of a longer source string; translate it as that part only
item:2,。<CR>ただ、お遊び程度にやってみるのはありかも？,。<CR>不过，当作消遣娱乐尝试一下或许也未尝不可？,translated,71,fd6600580c,<CR> br=0 nl=0,7,field is a continuation chunk of a longer source string; translate it as that part only; keep-tags <CR>; src-longest-line=26
item:3,『はじゃちょうかいのみつるぎ』と読む。<CR>イオンとカノンが皇帝から授かった短剣と鈴の片方であり、イオンが受け取ったもの。低い波動を祓い世界の波動を調律する力があるとされる短剣だが、今回作ったのはあくまでもレプリカであり、そういう特別な力はないお守りのようなもののようだ。,读作“破邪澄界之神剑”。<CR>是依恩与卡诺从皇帝处获赐的短剑与铃铛中的一件，由依恩所接收。虽说是相传具备祓除低阶波动、调律世界波动之力的短剑，但这次制作的终究只是一件复制品，并没有那种特殊的力量，似乎只是类似护身符一般的物品。,translated,404,ca7570c686,<CR> br=0 nl=0,2,keep-tags <CR>; src-longest-line=137
item:4,『不変』の意味を持つ、<CR>ラシェーラの花の名を冠したＲＮＡ。<CR>様々な物質の安定化に優れており、環境の変化に高い耐性をもつことができる。大気の薄い地域や寒暖の差が激しい地域はもちろん、宇宙空間や深海探査用などに使われる機械に用いられることが数多くある。,冠以蕴含“不变”之意的<CR>拉榭拉花之名的RNA。<CR>在稳定各种物质方面极为优秀，能对环境变化拥有很高的耐性。不仅适用于空气稀薄地区或温差悬殊剧烈的地区，在宇宙空间与深海探测等用途的机械中也有诸多应用。,translated,375,8598d2135d,<CR> <CR> br=0 nl=0,7,keep-tags <CR>; src-longest-line=130
item:5,『宇宙』と来るとつい怪獣や生物と付けたくなってしまうが、これはサラダである。見た目は極普通だが、食べると重力から解放されたような気分を味わうことができてしまう。<CR>この現象から宇宙と名付けられたが、使われているのはありふれた野菜であり、このような気分になる原因は謎である。,一提到“宇宙”，便总让人不由自主想联想到怪兽或生物，但这其实是一道沙拉。外观极其普通，但吃下去后却能体验到仿佛从重力中解脱出来一般的美妙感觉。<CR>虽然由此现象被命名为宇宙，但使用的却尽是些普通平凡的蔬菜，为何会产生这种感觉其原因至今仍是个谜。,translated,407,b615eb607c,<CR> br=0 nl=0,3,keep-tags <CR>; src-longest-line=138
item:6,『循環』の意味を持つ、<CR>ラシェーラの花の名を冠したＴｘＢＩＯＳ。<CR>『ひなぴな』とは、小鳥の羽毛のような花弁をもつ花であり、ひなぴなくらすの中にはそれを模した羽のようなものが入っている。<CR>ラシェーラでは極一般的な花のようだが、なぜかイオンの家の近くには咲いていないらしい。,冠以蕴含“循环”之意的<CR>拉榭拉花之名的TxBIOS。<CR>所谓“雏雏”，是一种拥有宛如雏鸟羽毛般花瓣的花朵，雏雏级之中便装有仿照其形态制成的羽毛状物体。<CR>在拉榭拉似乎是非常普通普遍的花，但不知为何在依恩家附近好像并没有盛开。,translated,409,811897342c,<CR> <CR> <CR> br=0 nl=0,7,keep-tags <CR>; src-longest-line=144
item:7,『技巧』という意味を持つラシェーラの花の名を冠したカソード。<CR>強力な出力や長大な持久力は持たない代わりに変化に富んだ能力を持つ。<CR>その特性を利用して多種の波長を扱う箇所に利用されることが多く、汎用性の高さでは他のカソードと一線を画する。,冠以蕴含“技巧”之意的拉榭拉花之名的阴极。<CR>虽不具备强大的输出与持久的耐力，取而代之的是拥有富于变化的能力。<CR>凭借这一特性，多被应用于需要处理多种波长的部位，其极高的泛用性令其他阴极望尘莫及。,translated,357,9dca577913,<CR> <CR> br=0 nl=0,7,keep-tags <CR>; src-longest-line=124
item:8,『重可変型Ｔｚ媒体特殊加工金属』の略称で、加工法により重力が変化する特殊金属のことである。<CR>主に照射するＴｚ波を加える時間によって変化する。加工法そのものは確立しており有用性も高いが、この金属自体が希少であり、<CR>ラシェーラにおいても使用されることは稀のようである。,是“重力可变型Tz介质特殊加工金属”的简称，指的是能根据加工方法改变重力的特殊金属。<CR>主要依据照射Tz波施加的时长产生变化。加工方法本身已经确立且实用价值极高，但由于这种金属本身极其稀有，<CR>即便在拉榭拉似乎也极少被使用。,translated,399,27bf9b3412,<CR> <CR> br=0 nl=0,5,keep-tags <CR>; src-longest-line=138
item:9,あつあつダブル,热气腾腾双层,translated,22,2a63350b12,br=0 nl=0,12,
item:10,あつあつ？,热气腾腾？,translated,16,dcea9fce4b,br=0 nl=0,12,
item:11,あの頃の思い出？,那时的回忆？,translated,25,f85de5f94a,br=0 nl=0,1,
item:12,あまあま？,甜甜的？,translated,16,d524e27637,br=0 nl=0,12,
item:13,ある。,有。,translated,127,32e7710355,br=0 nl=0,28,
item:14,い。,好。,translated,7,d9324d1fdf,br=0 nl=0,88,
item:15,いかめしの内側にご飯の代わりにたこ焼きを入れることで、弾力のあるイカの食感と、内側のモっとした食感、さらに中心部にある<CR>タコの歯ごたえと一口で３つの食感を楽しむことが出来る、夢のような料理。,通过在乌贼饭内部塞入章鱼烧代替米饭，一口下去便能同时享受到充满弹性的乌贼口感、内里松软的质感，以及位于中心位置的<CR>章鱼嚼劲，能一举体验到三种多重口感的如梦幻般的绝品料理。,translated,287,007e3b3528,<CR> br=0 nl=0,12,keep-tags <CR>; src-longest-line=98
item:16,いかも。,也许吧。,translated,157,f3822e205c,br=0 nl=0,20,
item:17,いが強いようだ。,似乎较强。,translated,268,7767b10bac,br=0 nl=0,24,
item:18,いくつもの青紫の粒が集<CR>まった果物。<CR>木ではなく野イチゴのように実がなるため、イオンでも割と簡単に採取できるらしい。<CR>ただこの実を好物としている動物も少なくないため、無事なものを探すのは少し大変なようだ。,由众多蓝紫色颗粒聚集<CR>而成的果实。<CR>并非长在树上而是像野草莓般结出果实，因此据说依恩也能相对轻松地进行采摘。<CR>不过由于喜爱这种果实的动物也不在少数，想要找到完好无损的果实似乎颇费一番功夫。,translated,310,2f5ce478c0,<CR> <CR> <CR> br=0 nl=0,12,keep-tags <CR>; src-longest-line=111
item:19,いた生地が高級品だったのは間違いないだろう。,所使用的布料无疑是高档品。,translated,67,5304573350,br=0 nl=0,14,field is a continuation chunk of a longer source string; translate it as that part only
item:20,いちごのプリマちゃん,草莓首席小姐,translated,36,f0c59f88a0,br=0 nl=0,12,
item:21,いぬみみ,犬耳,translated,13,2c5e27bee6,br=0 nl=0,10,
item:22,いぬみみ？,犬耳？,translated,16,4f50a14909,br=0 nl=0,10,
item:23,いぶき石,气息石,translated,13,0a623069f5,br=0 nl=0,12,
item:24,いようだ。,似乎如此。,translated,16,23096783c6,br=0 nl=0,23,
item:25,いる。,在。,translated,10,ba4294fc24,br=0 nl=0,21,
item:26,うさぎ型の切られたような状態で生る謎のりんごのような果物。<CR>皮で覆われていない部分も腐ることはない。けして他の動物や虫に食われたわけではないという話だが、どうしてこういう形で生っているのか謎の多い果物である。,结出时就仿佛被切成了小兔形状的谜之苹果状果实。<CR>未被果皮覆盖的部分也不会腐烂。据说绝非被其他动物或虫子咬噬所致，但为何会长成这种形状，至今仍是谜团重重的果实。,translated,544,2a1f09c890,<CR> br=0 nl=0,12,keep-tags <CR>; src-longest-line=107
item:27,うさみみ,兔耳,translated,13,c40d1fed7c,br=0 nl=0,10,
item:28,うさみみその２？,兔耳其二？,translated,25,b6e061ebd3,br=0 nl=0,1,
item:29,うさみみバンド？,兔耳发箍？,translated,25,69e95b6c95,br=0 nl=0,1,
item:30,うさみみ？,兔耳？,translated,16,151712d603,br=0 nl=0,10,
item:31,うしにく？,牛肉？,translated,16,2814571f6a,br=0 nl=0,12,
item:32,うだ。,似乎。,translated,10,e22dcb2550,br=0 nl=0,12,
item:33,うに使用されてるようだ。,同样被广泛使用。,translated,283,276c358d28,br=0 nl=0,12,field is a continuation chunk of a longer source string; translate it as that part only
item:34,おうごん？,黄金？,translated,16,5f8a5a0e0d,br=0 nl=0,12,
item:35,おしゃれ小物を作ろうとして出来上がった謎の小物。緑が旦那さんで、青が奥さんのように思えるが本当は逆らしい。<CR>一つ言えることは、作った本人にもおしゃれなのかどうか分からないということだ。,本想制作时髦小饰品却最终成型的谜之小物。看似绿色的是丈夫、蓝色的是妻子，但据说事实恰好相反。<CR>唯一可以确定的是，就连制作它的人本人也不知道这到底算不算得上时髦。,translated,278,8ab15df7d1,<CR> br=0 nl=0,11,keep-tags <CR>; src-longest-line=95
item:36,おしゃれ小物？,时髦小饰品？,translated,36,cec38c6e25,br=0 nl=0,11,
item:37,おしゃれ帽子？,时髦帽子？,translated,22,db165d44f8,br=0 nl=0,10,
item:38,おしゃれ衣装？,时髦服装？,translated,22,8fce732b97,br=0 nl=0,1,
item:39,おふくろスープ？,妈妈牌热汤？,translated,36,800fe2b92d,br=0 nl=0,12,
item:40,おもちもちグラタン,软糯年糕焗菜,translated,28,86e544103e,br=0 nl=0,12,
item:41,おもちゃ？,玩具？,translated,16,20c7546768,br=0 nl=0,8,
item:42,おヒゲのようなものが付いた白い豆。<CR>おヒゲが王様のようなヒゲになってるため“キング”と呼ばれるようになったがもちろん味も良いようだ。<CR>ヒゲの上が赤くなっているが、熱すると段々と赤みが増してくるらしい。,长有宛如胡须般附着物的白豆。<CR>因那胡须形似国王的胡子而被称作“王者”，当然味道也是极佳的。<CR>胡须上方带有红色，据说加热后那份鲜红还会逐渐加深。,translated,303,4d7ec36763,<CR> <CR> br=0 nl=0,10,keep-tags <CR>; src-longest-line=106
item:43,お人形？,人偶？,translated,13,44d4318cff,br=0 nl=0,10,
item:44,お刺身？,刺身？,translated,13,695e7ec6ce,br=0 nl=0,12,
item:45,お姫様？,公主？,translated,13,72708ca4db,br=0 nl=0,12,
item:46,お子様ランチ？,儿童套餐？,translated,22,739fd9a557,br=0 nl=0,4,
item:47,お気楽衣装？,轻松服装？,translated,19,345ae46ad0,br=0 nl=0,1,
item:48,お肉と揚げ物をふんだんに盛り付けた超絶高カロリー定食。<CR>カロリー摂取に関して一切スキの無い出来栄えとなっている。<CR>満腹感とエネルギー補給に最適の料理。脂っこいものに耐性がないと、キツいかもしれない。,大量盛放了肉类与炸物的极高热量套餐。<CR>就卡路里摄入而言堪称毫无破绽的绝品佳作。<CR>最适于获得饱腹感与补充能量的料理。若对油腻食物耐受力不足，吃起来可能会颇为吃力。,translated,300,9d3f3e0b6e,<CR> <CR> br=0 nl=0,9,keep-tags <CR>; src-longest-line=105
item:49,お肉と野菜と、浅めの鉄鍋を使ってダシで煮たもの。お肉は薄切りにして、煮る前に一度さっと焼くと風味が増す。<CR>タレは甘辛く、好みによっての配分を調整するため、家庭によっていろいろと違う味が存在する。,使用浅底铁锅将肉类与蔬菜以高汤熬煮而成的料理。肉切成薄片，在煮之前先快速煎炙一下风味更佳。<CR>酱汁偏甜辣口，可根据喜好调节配比，因此各家各户都拥有各具特色的风味。,translated,293,fd9cccb108,<CR> br=0 nl=0,12,keep-tags <CR>; src-longest-line=100
item:50,お面？,面具？,translated,10,ea39e3faf4,br=0 nl=0,10,
item:51,か。,吗。,translated,7,127db0a8c4,br=0 nl=0,20,
item:52,かき氷たろう君,刨冰太郎君,translated,22,f5f18fb3b5,br=0 nl=0,9,
item:53,かざぐるま？,风车？,translated,19,c25cc35df2,br=0 nl=0,7,
item:54,かつて天文の職員が記したとされる次元論の一部。<CR>書かれている内容が難しくイオンも記憶を頼りに書き綴ったのみである。<CR>また作成できたのが極一部のため、これだけでは書いてある内容を理解するどころか次元論の理解など不可能なようだ。,据传是昔日天文职员所撰写的维度论的一部分。<CR>其中所记录的内容极其深奥，依恩也仅仅是凭借模糊的记忆勉强誊写下来而已。<CR>而且所复原的仅仅是极其微小的一部分，单凭这些别说是读懂其中的内容，想要理解维度论简直是天方夜谭。,translated,339,3b9d0b4ae7,<CR> <CR> br=0 nl=0,5,keep-tags <CR>; src-longest-line=118
item:55,かつて皇帝に仕え、宮城に住んでいた者のみが使用を許されていたカソード。<CR>『信頼』と『誠実』の意味を持つカソードであり、まさに皇帝に信頼された証といえるカソードだが、その性能に特出したものがあるわけではない。皇帝に信頼されている、ということこそ、このカソードの価値なのだろう。,昔日唯有侍奉皇帝、居住在皇宫之中的人员方被特许使用的阴极。<CR>具有蕴含“信赖”与“诚实”之意的阴极，堪称真正获得皇帝信赖的明证，但在性能上并没有特别出类拔萃之处。能获得皇帝的信赖，正是此阴极的真正价值所在吧。,translated,414,6a26981d72,<CR> br=0 nl=0,2,keep-tags <CR>; src-longest-line=140
item:56,かつて開いていた幻のゲートを潜り抜けたエージェントのみが手にする事が出来る白銀に輝く聖衣。<CR>ＰＭ１－Ｇ－ＶＴＲＮと対になっている様で、こちらは最後まで共に走り抜いたエージェントに贈呈される真のエリートの証である。<CR>”Ｍａｙ　ｙｏｕ ｂｅ<CR>　　　ｂｌｅｓｓｅｄ！”,唯有穿越昔日曾经敞开的幻之大门的特工方能获赐的闪烁白银光辉的圣衣。<CR>似乎与PM1-G-VTRN成对存在，这一件是赠予携手并肩奔驰至终点的特工的真正精英之证明。<CR>“May you be<CR>　　　blessed！”,translated,395,1d9288c9a8,<CR> <CR> <CR> br=0 nl=0,1,keep-tags <CR>; src-longest-line=140
item:57,かぼちゃ,南瓜,translated,13,9c24f5bf45,br=0 nl=0,11,
item:58,かぼちゃがゆ？,南瓜粥？,translated,22,e7a7c1a718,br=0 nl=0,11,
item:59,かぼちゃリゾット,南瓜意式炖饭,translated,25,7be572d2a4,br=0 nl=0,11,
item:60,かわいいエプロン？,可爱围裙？,translated,36,f725da86f7,br=0 nl=0,1,
item:61,かわいい人形？,可爱人偶？,translated,22,2f691d4ac6,br=0 nl=0,8,
item:62,かわいらしい色と装飾が<CR>特徴的なイオンの衣装。<CR>材料にキノコが使われて<CR>いるが、それは一体どこに使われてどこに消えてしまったのだろう？<CR>もしかしたら、繊維の中にキノコが編み込まれているのかもしれない。<CR>セットで作られたアクセサリーと一緒に身に着けることで、よりかわいくなる。,以可爱色彩与装饰为<CR>显著特征的依恩的服装。<CR>虽然材料中使用了蘑菇，<CR>但那究竟用在了哪里、又消失到何处去了呢？<CR>说不定蘑菇已经被织入了纤维之中。<CR>与配套制作的饰品一同佩戴，会显得更加可爱。,translated,540,edaf6d36b3,<CR> <CR> <CR> <CR> <CR> br=0 nl=0,10,keep-tags <CR>; src-longest-line=152
item:63,かんざし？,发簪？,translated,16,a0c0b8d00a,br=0 nl=0,5,
item:64,ができる。,能够实现。,translated,16,c52ef592c4,br=0 nl=0,12,
item:65,が難しい。,较为困难。,translated,17,db58b83fbc,br=0 nl=0,3,
item:66,きぐるみ？,玩偶服？,translated,16,fd23051c82,br=0 nl=0,7,
item:67,きつねのお面,狐狸面具,translated,19,d085d89a9e,br=0 nl=0,10,
item:68,きらきら星？,闪烁之星？,translated,19,d489529602,br=0 nl=0,10,
item:69,くしゃみで粉を飛ばす,打喷嚏把粉吹飞,translated,36,c7b35f911d,br=0 nl=0,1,
item:70,くすんだ紫色の野菜だが、熱を加えることで主成分の一部が変性し、鮮やかな赤色になることからこの名がつけられた。<CR>また変性と同時に甘みが増すため、基本的には温かいスープや温野菜などにして食されることが多い。また寒く乾燥した場所でも育つため、その昔、寒冷地では重宝していたようだ。,虽是暗紫色的蔬菜，但加热后主要成分的一部分会发生变性，转变为鲜艳的红色，由此得名。<CR>并且随着变性的同时甜味也会增加，因此基本上多被做成热汤或温蔬菜等食用。此外由于在寒冷干燥的场所也能生长，在过去似乎在寒冷地区备受珍视。,translated,413,a42dd0b408,<CR> br=0 nl=0,5,keep-tags <CR>; src-longest-line=140
item:71,くちづけ石,接吻石,translated,16,909964744c,br=0 nl=0,12,
item:72,くなる。,变得。,translated,136,4ff65be4b0,br=0 nl=0,9,
item:73,くのも良いかもしれない。,或许也挺不错的。,translated,247,6b40165236,br=0 nl=0,11,field is a continuation chunk of a longer source string; translate it as that part only
item:74,こうもりハット,蝙蝠帽子,translated,22,f6f79eaa22,br=0 nl=0,1,
item:75,こってり定食？,浓郁套餐？,translated,22,63071a098a,br=0 nl=0,9,
item:76,こってりＩＮバーグ,浓郁夹心汉堡肉,translated,28,63ede6756b,br=0 nl=0,12,
item:77,こんいろの水着,深蓝色的泳装,translated,22,dfb60258d9,br=0 nl=0,6,
item:78,こんいろ水着の色を白にした水着。<CR>色以外の性質は全てこんいろ水着と同じのため、強靭かつ保温性に優れた高性能水着であることは間違いないが、色が白のため透けるかもしれないとイオンも不安に思っているようだ。<CR>ただ、もし透けるのであれば、水着として機能しないので心配はいらなそうだ。,将深蓝色泳装换成白色的泳装。<CR>除颜色外所有性质均与深蓝色泳装相同，毫无疑问是强韧且保温性出色的高性能泳装，但正因颜色为纯白，依恩似乎也在担心会不会走光透光。<CR>不过要是真的透光，那可就无法当作泳装使用了，所以应该不必担心才对。,translated,414,4da3eaf43e,<CR> <CR> br=0 nl=0,6,keep-tags <CR>; src-longest-line=143
item:79,こんがり焼き魚,焦香烤鱼,translated,22,0e67ca6447,br=0 nl=0,11,
item:80,こんぽた？,玉米浓汤？,translated,16,fb04bae5d7,br=0 nl=0,9,
item:81,さくさくパン？,酥脆面包？,translated,22,b7b8de3591,br=0 nl=0,11,
item:82,さっぱり定食？,清淡套餐？,translated,22,93919a9f51,br=0 nl=0,9,
item:83,さんらいと・ぱれす,日光宫殿,translated,28,ba47f6753d,br=0 nl=0,4,
item:84,しい。,好。,translated,11,7562f207a3,br=0 nl=0,7,
item:85,しい」という意味はない。,并没有……”这层含义。,translated,37,ba19d5f86e,br=0 nl=0,12,field is a continuation chunk of a longer source string; translate it as that part only
item:86,しびれるガラガラ,麻麻拨浪鼓,translated,25,e0c147e150,br=0 nl=0,8,
item:87,しょっぱい粉？,咸粉？,translated,22,d82bbf2fb8,br=0 nl=0,12,
item:88,しろいくさ？,白草？,translated,19,bde519c1b9,br=0 nl=0,12,
item:89,じゅんぱくの水着,纯白的泳装,translated,25,fc7a94705f,br=0 nl=0,6,
item:90,すかいぶるープリン,天蓝色布丁,translated,28,e03d845909,br=0 nl=0,12,
item:91,すぱいす？,辛香料？,translated,16,3904103916,br=0 nl=0,12,
item:92,すり鉢を倒す,弄倒擂钵,translated,19,bcf2aece17,br=0 nl=0,1,
item:93,せせらぎ御膳,溪流御膳,translated,19,768ab6720a,br=0 nl=0,1,
item:94,そう。,如此。,translated,10,87634187e2,br=0 nl=0,11,
item:95,その名の通り、ルルーという動物の毛皮。<CR>毛皮を見る限り、細長い体に足を八本持ち、狼と狸を足して割ったような感じの生き物……だと思う。<CR>一度でいいから八本の足で動くところを見てみたい。,正如其名，是名为“缕缕”的动物毛皮。<CR>仅从毛皮来看，身躯细长且长着八条腿，像是把狼和狸猫折中合体的生物……大概吧。<CR>哪怕只有一次也好，真想亲眼看它用八条腿走动的样子。,translated,276,2d15f27624,<CR> <CR> br=0 nl=0,12,keep-tags <CR>; src-longest-line=97
item:96,その名の通り赤と白の豆腐を使用した麻婆豆腐。<CR>激辛だが、赤い豆腐が辛いというわけではなく、全体的に辛い。ただその辛さも深い味わいがあり、辛いのが好きな人はもちろん、苦手な人でもオススメできる一品となっている。<CR>辛いながらも深みのある味わいと後味が最大の売り。,顾名思义，是使用了红白两色豆腐制作的麻婆豆腐。<CR>虽是特辣级别，但并不是红豆腐辣，而是整体都很辣。不过那份辣中蕴含着醇厚的滋味，不仅推荐给喜好吃辣的人，就算不擅长吃辣的人也很值得推荐品尝。<CR>虽辣却回味醇厚深远、口齿留香，是本道菜最大的卖点。,translated,540,8a718193f3,<CR> <CR> br=0 nl=0,8,keep-tags <CR>; src-longest-line=135
item:97,その真っ赤な実が特徴的な果実。<CR>赤いほど甘みが増すと言われている。<CR>ただ表面のツブツブが苦手な人も少なくないらしい。そのままでも食べることができるため、料理が面倒なときは重宝してるようだ。,以其鲜红欲滴的果肉为特征的果实。<CR>据说颜色越红甘甜度越高。<CR>不过表面密密麻麻的小颗粒似乎让不少人望而却步。因为直接洗净就能生吃，在懒得做饭时似乎相当受用。,translated,285,8dc4460c88,<CR> <CR> br=0 nl=0,12,keep-tags <CR>; src-longest-line=100
item:98,そよ風の髪飾り,微风发饰,translated,22,3f5ec9c728,br=0 nl=0,2,
item:99,そーす？,调味汁？,translated,13,60bc99ea06,br=0 nl=0,12,
item:100,たくさんの海の幸を贅沢に重ね、ひとくちに切り分けた料理。<CR>一口食べれば、口の中に海の楽園が生まれたかのような、豊かな味わいを堪能することができる。<CR>すべて食感の違う魚を使うのがポイント。,将丰盛的海味珍馐奢华地层层叠放、切成一口大小的料理。<CR>只要吃上一口，口中便宛如诞生了海洋乐园一般，能尽情领略那丰盛甘美的多重滋味。<CR>全部选用口感各异的鱼类是其精髓所在。,translated,282,1774429021,<CR> <CR> br=0 nl=0,12,keep-tags <CR>; src-longest-line=99
item:101,たこいか？,章鱼乌贼？,translated,16,eab538b30e,br=0 nl=0,12,
item:102,たこやきいか,章鱼烧乌贼,translated,19,501be6cd4f,br=0 nl=0,12,
item:103,たっぷりの香辛料と肉をトッピングしたピザ。<CR>カロリーの高いものはおいしい……というが、まさにそれを絵に描いたような高カロリー食。<CR>たしかにおいしそうだが、体重を気にする女性にとってはまず間違いなく天敵と言えるだろう。,铺满了大量香辛料与肉类作为配料的披萨。<CR>常言道高热量的东西才是美味……而这道菜正是宛如教科书般的高热量美食。<CR>看上去确实极其诱人，但对在乎体重的女性而言，毫无疑问堪称不共戴天的天敌吧。,translated,327,bfde98c8ea,<CR> <CR> br=0 nl=0,2,keep-tags <CR>; src-longest-line=114
item:104,たメロンをチョコの海にくぐらせて食べる。,的甜瓜浸入巧克力的海洋中裹匀食用。,translated,274,e429fdd976,br=0 nl=0,24,field is a continuation chunk of a longer source string; translate it as that part only
item:105,だ。,了。,translated,7,c8e34810b3,br=0 nl=0,276,
item:106,だぼだぼフクー,宽松垮垮服,translated,22,941b7c83c4,br=0 nl=0,9,
item:107,だぼだぼフクーと一緒に作られたイヤーマフ。<CR>だぼだぼフクーと同じ色の毛で作られており、一緒に着けると見た目にもかわいらしく、さらに非常に温かいため、氷点下かつ雪の日でも寒さを気にしないで活動することが出来る。,与宽松垮垮服配套制作的耳罩。<CR>采用与宽松垮垮服同色的毛料制成，一同佩戴外观十分可爱，而且极其保暖，即便在零下风雪交加的日子里也能毫无惧色地自由活动。,translated,314,9de2d95cbf,<CR> br=0 nl=0,9,keep-tags <CR>; src-longest-line=107
item:108,ちょこっとパウダー,点点粉末,translated,28,d5dc8bc343,br=0 nl=0,12,
item:109,っている。,着。,translated,16,999420d6a3,br=0 nl=0,8,
item:110,ている。,着。,translated,13,01349c5f01,br=0 nl=0,9,
item:111,てんねん？,天然？,translated,16,700cc2c9df,br=0 nl=0,12,
item:112,で心配だ。,令人担忧。,translated,16,042a552bcf,br=0 nl=0,12,
item:113,とさっぱりした味わいが疲労回復に良い。,与清爽的风味对缓解疲劳大有裨益。,translated,58,c71d11c001,br=0 nl=0,5,field is a continuation chunk of a longer source string; translate it as that part only
item:114,とで補っているようだ。,以此加以弥补。,translated,156,8f216eb02b,br=0 nl=0,30,field is a continuation chunk of a longer source string; translate it as that part only
item:115,となっている。<CR>ただ、あまりにも可愛すぎるので着こなせるかどうか不安に思っている部分もあるようだ。,的设计风格。<CR>不过，正因为实在太可爱了，依恩自己似乎也有些担心究竟能不能驾驭得了。,translated,149,580f527f01,<CR> br=0 nl=0,7,field is a continuation chunk of a longer source string; translate it as that part only; keep-tags <CR>; src-longest-line=52
item:116,とりたまご,鸟蛋,translated,16,2b475b8c6b,br=0 nl=0,12,
item:117,とりたまご？,鸟蛋？,translated,19,552bce8aa7,br=0 nl=0,12,
item:118,とりにく,禽肉,translated,13,1739a21f4a,br=0 nl=0,12,
item:119,とりにく？,禽肉？,translated,16,fe84a4d37c,br=0 nl=0,12,
item:120,とりの羽？,鸟羽？,translated,16,039a46d807,br=0 nl=0,12,
item:121,とろける君,融化君,translated,16,d2b129e366,br=0 nl=0,12,
item:122,どこからかイオンが拾ってきた何かの動物の骨。<CR>何の骨かはイオンにも分からないらしい。<CR>一応、薬の材料の一つらしいが、何の骨か分からないものを材料とするのは正直どうなのだろうとも思う。,依恩不知从何处捡回来的某种动物的骨头。<CR>究竟是什么骨头似乎连依恩自己也说不上来。<CR>姑且算是药材原料的一种，但拿连来历都摸不清的骨头当原料，说实话真的没问题吗。,translated,276,3348ccae0b,<CR> <CR> br=0 nl=0,12,keep-tags <CR>; src-longest-line=97
item:123,ない。,没有。,translated,253,b8c11d8f26,br=0 nl=0,62,
item:124,などの細かな検索も可能となっている。,等精细搜索功能也一应俱全。,translated,55,d46dfade5a,br=0 nl=0,5,field is a continuation chunk of a longer source string; translate it as that part only
item:125,なみだの球根,眼泪球根,translated,19,b9f02f0f71,br=0 nl=0,12,
item:126,なようだ。,似乎。,translated,16,6a8aa40ca8,br=0 nl=0,36,
item:127,なりきりセット？,变身扮演套装？,translated,25,661651a072,br=0 nl=0,9,
item:128,にゅろきぐるみ,纽罗布偶装,translated,22,0c0af340c0,br=0 nl=0,7,
item:129,にゅろきーが仲間同士で行うことができるテレパシーを技術に応用して作られたＴｘＢＩＯＳ。<CR>にゅろきーにテレパシーが使えるというのはただの設定であり、なにをどう応用したのか、全く未知の<CR>ＴｘＢＩＯＳだが、これを使用するとぱれす・にゅろきーるに関して様々なことを調べられるらしい。,将喵洛基同伴之间能够互通的心灵感应应用于技术之中制作而成的TxBIOS。<CR>所谓喵洛基能用心灵感应不过是故事里的设定，究竟是怎样应用、应用了何物全然是个谜团重重的<CR>TxBIOS，但据说只要使用它，就能查阅到关于喵洛基尔宫殿的各类情报。,translated,414,af4ff221c6,<CR> <CR> br=0 nl=0,4,keep-tags <CR>; src-longest-line=143
item:130,にゅろきーが描かれた、ぱれす・にゅろきーるの旗。にゅろきーの人気を象徴するものであり、パレードの際には観客の半数以上がこのフラッグを持って参列する。また、にゅろきーたちに取っても大切なものであり、酔っ払った客がにゅろきーの目の前で破り捨てた際に、怒りの鉄拳制裁を受けたという伝説もある。,印有喵洛基图案的喵洛基尔宫殿旗帜。是喵洛基超高人气的象征之物，在游行庆典时半数以上的观众都会手持这面旗帜列队参加。此外对喵洛基们而言也是无可替代的宝物，甚至还流传着醉汉曾在喵洛基眼前将旗帜撕毁扔弃，结果遭到了愤怒的铁拳制裁的都市传说。,translated,540,5e6b5999ba,br=0 nl=0,4,src-longest-line=143
item:131,にゅろきーとその仲間であるげんのりとうりじょーの砂糖菓子を載せたケーキ。ケーキの味も然ることながら、にゅろきーたちの砂糖菓子が非常に良く出来ており、子供や女性から絶大な人気を誇っている。ただ、そのかわいらしさから、お菓子と分かっていても、口に入れるのが躊躇われてしまうのが難点である。,放有喵洛基以及它的同伴源典与瓜城糖人的蛋糕。蛋糕本身的味道自不必说，上面精心捏制的喵洛基一行人的糖人更是惟妙惟肖，在儿童与女性之中赢得了极高的人气。不过正因外观实在太可爱了，即便明知是点心也很难下口，这大概是唯一的难点吧。,translated,540,97de807087,br=0 nl=0,4,src-longest-line=142
item:132,にゅろきーの人形から二本の端子が延びたカソード。出力を含むあらゆる性能は一般的に売られているトロンと比較しても、平均かそれ以下の性能しかない。<CR>しかし、実際には売り切れ続出の激レアカソードの一つとなっている。特に女性からの人気が高く、実用よりもコレクションとして買う人が多いようだ。,从喵洛基玩偶上伸出两根接线端子的阴极。包括输出功率在内的各项性能，与市面上普通销售的特伦相比也仅处于平均水准甚至更低。<CR>然而现实中却成了频频售罄的超罕见稀有阴极之一。尤其在女性群体中极受欢迎，比起实际用途，似乎更多人是出于收藏目的而购买的。,translated,425,3a4e6a929c,<CR> br=0 nl=0,4,keep-tags <CR>; src-longest-line=144
item:133,にゅろきーはっと,喵洛基帽子,translated,25,1c9ac7a883,br=0 nl=0,4,
item:134,にゅろきーフラッグ,喵洛基旗帜,translated,28,b7b42afd6d,br=0 nl=0,4,
item:135,にゅろきーランチ,喵洛基午餐,translated,25,55c15534d5,br=0 nl=0,4,
item:136,にゅろきー・くらうん,喵洛基皇冠,translated,36,91c7d49882,br=0 nl=0,4,
item:137,にゅろきー城？,喵洛基城？,translated,22,302dff27a1,br=0 nl=0,4,
item:138,にゅろきー王？,喵洛基王？,translated,22,17f7a14dd0,br=0 nl=0,4,
item:139,にゅろきー？,喵洛基？,translated,19,f449b86950,br=0 nl=0,4,
item:140,にゅろきーｏｎぱれす,喵洛基伫立宫殿之上,translated,36,266dc438af,br=0 nl=0,4,
item:141,にゅろてぃっく素子,纽罗素子,translated,36,002bf57e78,br=0 nl=0,4,
item:142,にゅろぱしーくらす,纽罗感应级,translated,28,6f38590456,br=0 nl=0,4,
item:143,にゅーぎゅーにゅー,纽牛牛奶,translated,28,e59fad0296,br=0 nl=0,11,
item:144,にゅーぎゅーにゅーとは<CR>“Ｎｅｗ牛乳”のことのようだ。地球のように乳牛がいるわけではなく、メゾ<CR>フォルという木の実から取れる乳白色の飲み物をこう呼んでいる。<CR>女性の胸を大きくするという都市伝説があるらしい。,所谓的纽牛牛奶，<CR>指的似乎就是“New牛奶”。拉榭拉并不像地球那样有奶牛，而是将一种从名为梅佐<CR>福尔的树果中提取出的乳白色饮品如此称呼。<CR>据说坊间流传着能让女性丰胸的都市传说。,translated,313,774ab5e43d,<CR> <CR> <CR> br=0 nl=0,11,keep-tags <CR>; src-longest-line=112
item:145,ぬいぐるみ？,玩偶？,translated,19,26f60d0622,br=0 nl=0,7,
item:146,ねこみみ,猫耳,translated,13,b6e6c789f5,br=0 nl=0,10,
item:147,ねこみみと一緒に作られたいぬみみのアクセサリー。犬の耳は色々な形があるが今回作ったのは垂れ耳のようだ。<CR>世の中には猫派、犬派とよく言われているが、アクセサリーに関しても好みは分かれるかもしれない。<CR>イオンのイメージに近いのは猫？　それとも犬だろうか?,与猫耳配套制作的犬耳饰品。犬耳虽有各种各样的形状，但这次做出的似乎是下垂耳。<CR>世人常有猫派与犬派之争，而在饰品的喜好方面或许也会产生分歧。<CR>与依恩的形象更接近的究竟是猫呢？还是狗呢？,translated,376,42e6bf46ad,<CR> <CR> br=0 nl=0,10,keep-tags <CR>; src-longest-line=131
item:148,ねこみみと一緒に作られたうさぎ耳のアクセサリー。名前もまさにそのままだが大きさは本物の数倍になっている。<CR>これだけの大きさがあるとさすがに邪魔になりそうだが、イオンはあまり気にしていないようだ。<CR>ちなみに、うさぎが寂しいと死んでしまうというのは迷信である。,与猫耳配套制作的兔耳饰品。名字正如字面所示，但尺寸却达到了真实兔耳的好几倍。<CR>这么庞大的尺寸照理说会相当碍事，但依恩似乎完全不以为意。<CR>顺带一提，兔子因为寂寞就会死去的说法不过是无稽的迷信而已。,translated,387,283217fc18,<CR> <CR> br=0 nl=0,10,keep-tags <CR>; src-longest-line=134
item:149,ねこらんたん,猫咪南瓜灯,translated,19,e847d0303e,br=0 nl=0,1,
item:150,ねこらんたんと一緒にイオンが密かに作っていたハロウィン用の帽子。<CR>星と月で装飾された魔女をイメージした大きめの帽子だが、こちらもねこらんたんと同様に愛らしい印象が強い。ただハロウィン専用というのもあって、他の服との組み合わせは難しいかもしれない。,依恩与猫咪南瓜灯一同偷偷制作的万圣节帽子。<CR>这顶以星星与月亮作为装饰、以魔女为概念的大帽子，与猫咪南瓜灯一样透着强烈的可爱气息。不过正因为是万圣节专用款，想要与其他服装搭配或许有些困难。,translated,371,c428529f02,<CR> br=0 nl=0,1,keep-tags <CR>; src-longest-line=126
item:151,ねじり鉢巻,拧花头巾,translated,16,bfd08dcbb4,br=0 nl=0,1,
item:152,ねりこから渡されたレシピからイオンが作った巫女装束。水鏡は「すいきょう」と読む。<CR>その名前は胸の美しい鏡を表しており、また水が物の姿を映すように、物事の真情を見抜き、模範となる人という意味が込められている。皇女であるイオンには色々な意味で似合いの服であるといえる。,依照妮莉库转交的配方由依恩制作的巫女装束。“水镜”读作“suikyou”。<CR>该名称代表着胸前美丽明亮的宝镜，同时寄托着如静水映照万物一般看透事物本质实情、成为众人楷模之人的寓意。对身为皇女的依恩而言，在诸多意义上都称得上是一套极为相称的服装。,translated,398,1c223d08cb,<CR> br=0 nl=0,1,keep-tags <CR>; src-longest-line=135
item:153,ねりこから貰ったレシピから作られた花柄の浴衣。<CR>桃色の生地が女性というよりも少女のような印象を受けるが、派手すぎない薄紫色の花が大人びた雰囲気を醸し出す一品。<CR>これまでは浴衣がない状態での縁日デートだったが、これからはぜひともこれを着て縁日に出かけたい。,依照妮莉库赠予的配方制作的花纹浴衣。<CR>粉红色的布料比起成年女性更给人一种宛如少女般的印象，而毫不张扬的淡紫色花朵则酝酿出沉稳端庄的大人氛围，堪称一件雅致之作。<CR>以往在没有浴衣的情况下只能穿着常服参加庙会约会，从今往后务必要换上这套去逛庙会呢。,translated,384,5a2cd7a7fb,<CR> <CR> br=0 nl=0,5,keep-tags <CR>; src-longest-line=133
item:154,ねりこから貰ったレシピで作ったスクール水着。<CR>一番オーソドックスな形の水着のはずが、学校のプール以外で着ると違和感しかないのが少し残念である。ただ見た目はともかく作りがしっかりとしており、<CR>リュテア生地が織り込まれているため、保温性にも優れたという高性能な水着となっている。,依照妮莉库赠予的配方制作的学校泳装。<CR>本应是最正统款式的泳装，但一旦穿在学校泳池以外的场合就难免显得违和感十足，这不免让人感到些许遗憾。不过姑且不论外观如何，做工却非常扎实严密，<CR>因其中织入了柳提亚面料，兼具出色的保温性，堪称一款高性能泳装。,translated,414,a7ef2e23cb,<CR> <CR> br=0 nl=0,6,keep-tags <CR>; src-longest-line=143
item:155,ねりこから貰ったレシピで作られた作業用のツナギ。工作好きのイオンにとってぴったりの服装といえる。ツナギというと、日曜大工に勤しむお父さんや工場のおじさんのイメージがあるがイオンのような女の子が着るだけで、これだけ雰囲気が変わるのだから驚きである。,依照妮莉库赠予的配方制作的作业用连体工装。对热爱手工制作的依恩而言，堪称量身定做的合身衣裳。说起连体服，人们总会联想到热衷于周末家装的父亲或是工厂里的大叔形象，但光是由依恩这样的女孩子穿在身上，氛围就能发生如此翻天覆地的转变，实在令人赞叹。,translated,370,36257676de,br=0 nl=0,8,src-longest-line=123
item:156,ねりこから購入した<CR>イオンのコスチューム。<CR>リーベルドレスという名称を付けられているが、どう見てもアースでいうメイド服である。<CR>男性ならこれを着た女性に一度は御奉仕されてみたいと思う……かもしれない。,从妮莉库处购买的<CR>依恩的角色扮演服装。<CR>虽然被冠以“自由之裙”的名号，但无论怎么看都完全是地球上所说的女仆装。<CR>若是男人的话，想必谁都会渴望能被穿上这身衣服的女性侍奉服侍一次吧……大概吧。,translated,304,2b67ec6ab5,<CR> <CR> <CR> br=0 nl=0,11,keep-tags <CR>; src-longest-line=109
item:157,ねりこが持ってきたレシピからイオンが作ったブレザータイプの制服。<CR>おしゃれな普段着と見間違えてもおかしくないほど<CR>カジュアルな作りとなっている。<CR>ただ、あまりにも可愛すぎるので着こなせるかどうか不安に思っている部分もあるようだ。,依照妮莉库带来的配方由依恩制作的西装夹克式制服。<CR>整体设计偏向休闲风格，<CR>甚至容易让人误以为是时尚的日常私服。<CR>不过，正因为实在太可爱了，依恩自己似乎也有些担心究竟能不能驾驭得了。,translated,346,9bc9e7cb3b,<CR> <CR> <CR> br=0 nl=0,7,keep-tags <CR>; src-longest-line=123
item:158,ねりこの普段着をイオンのサイズに合わせて仕立てたもの。『ほうらいれんが』と読み、永遠の詩という意味が込められている。<CR>何気なく話しているだけだと気付かないが、後ろのスカートは超ミニでおへそも丸見えという、かなり際どいデザインとなっている。何がとはいわないが、イオンにもう少しあれば……。,将妮莉库的日常便服按照依恩的尺寸量身剪裁而成的服装。读作“蓬莱连歌”，蕴含着永恒之诗的深意。<CR>若只是漫不经心地闲聊或许不会察觉，但身后的裙子极短且肚脐也毫无遮掩地露在外面，属于相当大胆性感的款式设计。虽说不好明说缺了什么，但要是依恩能够再丰满一些的话……,translated,540,afca2426a7,<CR> br=0 nl=0,1,keep-tags <CR>; src-longest-line=146
item:159,はちまき？,头巾？,translated,16,8de7b3d7bb,br=0 nl=0,1,
item:160,はちみつ,蜂蜜,translated,13,1c9046d537,br=0 nl=0,11,
item:161,はっぴ？,法被？,translated,13,feb4089219,br=0 nl=0,1,
item:162,ばーぐ？,汉堡肉？,translated,13,ca4d3a4585,br=0 nl=0,12,
item:163,ぱちぱちぷりん？,噼啪布丁？,translated,25,3ac026be45,br=0 nl=0,12,
item:164,ぱれすパレードＲＮＡ,王宫游行RNA,translated,36,74b4942872,br=0 nl=0,4,
item:165,ぱれす・にゅろきーるでしか食べることが出来ない人気のランチメニュー。<CR>にゅろきーの顔を模った器とデコレーションされたライスが人気の秘密だが、そのかわいらしさから食べられない子供もいるらしい。イオンが作ったのは子供用のにゅろきーランチだが、大人用のにゅろきーランチも存在しているらしい。,唯有在喵洛基鲁・王宫才能品尝到的超人气午餐套餐。<CR>仿照喵洛基脸庞形状制成的餐具与精美装点的米饭是其受欢迎的秘诀，但据说正因太可爱了，有些小孩子甚至舍不得吃。依恩制作的是儿童款喵洛基午餐，不过据说成人款喵洛基午餐也是存在的。,translated,540,83c54c9c9c,<CR> br=0 nl=0,4,keep-tags <CR>; src-longest-line=145
item:166,ぱれす・にゅろきーるのアトラクションを楽しむためのフリーパストロン。<CR>Ｇ２トロンやシェルノトロンと同様に同調して使用することも可能だが、何よりにゅろきー好きにとっては超弩級のレアトロン。<CR>ただイオンのセカイにぱれす・にゅろきーるはないのでフリーパスとしての機能は全く意味がない。,为了畅玩喵洛基鲁・王宫各类游乐设施而准备的通票特伦。<CR>虽然也能与G2特伦或榭鲁诺特伦一样同调使用，但对喵洛基爱好者而言更是不可多得的超稀有特伦。<CR>不过由于依恩的世界里并没有喵洛基鲁・王宫，所以作为通票的功能完全毫无意义。,translated,420,71e9a04127,<CR> <CR> br=0 nl=0,4,keep-tags <CR>; src-longest-line=145
item:167,ぱれす・にゅろきーるのマスコットであるにゅろきーが王子様の姿をした人形。にゅろきーはにゅろーん星の王子であり、この姿が彼の本来の姿だが、子供たちと楽しく遊ぶため普段はこの姿になることはない。<CR>また、他の人形は別のコロンにも卸されているが、これだけはぱれす・にゅろきーるでしか手に入らない。,喵洛基鲁・王宫的吉祥物喵洛基化身为王子形象的玩偶。喵洛基是喵洛恩星的王子，这副模样才是他本来的面目，但为了与孩子们欢快玩耍，平时并不会展现出这副姿态。<CR>此外，其他玩偶虽然也会批发给其他克隆，唯独这一款只有在喵洛基鲁・王宫才能入手。,translated,540,f003517021,<CR> br=0 nl=0,4,keep-tags <CR>; src-longest-line=147
item:168,ぱれす・にゅろきーるを歩いていた際に、イオンが売店で発見した帽子。<CR>大人子供問わずに大人気の商品で日々大量の帽子が入荷されている。また、レナルルがイオンにプレゼントしたのは、にゅろきーをモチーフとしたものだが、他にもげんのりやうりじょーといったにゅろきーの仲間たちの帽子もある。,漫步在喵洛基鲁・王宫时，依恩在小卖部发现的帽子。<CR>老少皆宜的大热销商品，每天都有大量帽子进货。此外，蕾娜露露送给依恩的礼物是以喵洛基为主题的款式，不过此外也有源典和瓜城等喵洛基同伴款式的帽子。,translated,419,f2ee78f7a8,<CR> br=0 nl=0,4,keep-tags <CR>; src-longest-line=142
item:169,ひなぴなくらす,雏雏级,translated,22,1d54747854,br=0 nl=0,7,
item:170,ひんやり鍋？,冰凉火锅？,translated,19,bb1a1fdb8f,br=0 nl=0,12,
item:171,びりびり定食,麻麻套餐,translated,19,7ca8407576,br=0 nl=0,3,
item:172,ふっくら粉？,蓬松粉？,translated,19,075cf49dcb,br=0 nl=0,12,
item:173,べられる。,可食用。,translated,16,1d6c358c59,br=0 nl=0,5,
item:174,ぽんた？,蓬太？,translated,13,bdd6b40e47,br=0 nl=0,12,
item:175,まりな石,玛丽娜石,translated,13,012ded10c9,br=0 nl=0,12,
item:176,まるで水晶から切り取ったような角ばった緑色の石。いぶき石の粉末は、飲むと滋養強壮の効果があるらしく、栄養剤の類に使われてるようだ。<CR>どこの世界でも緑色のものは健康に良いのだろうか？,宛如从水晶中切割下来一般棱角分明的绿色石头。据说服下气息石的粉末具有滋补强壮的效果，多被用于营养剂一类之中。<CR>难道无论在哪个世界，绿色的东西都有益于健康吗？,translated,272,83b8b6b08b,<CR> br=0 nl=0,12,keep-tags <CR>; src-longest-line=93
item:177,もちもち？,软糯糯？,translated,16,f7533f09c9,br=0 nl=0,12,
item:178,もふもふミミー,毛茸茸耳朵,translated,22,9f2f6efe38,br=0 nl=0,9,
item:179,もふもふ玉？,毛茸茸球？,translated,19,013585d3f5,br=0 nl=0,7,
item:180,も不安に思っているようだ。<CR>ただ、もし透けるのであれば、水着として機能しないので心配はいらなそうだ。,也在担心走光透光。<CR>不过要是真的透光，那可就无法当作泳装使用了，所以应该不必担心才对。,translated,152,15fd460a21,<CR> br=0 nl=0,18,field is a continuation chunk of a longer source string; translate it as that part only; keep-tags <CR>; src-longest-line=53
item:181,も動くらしい。,似乎也能运转。,translated,22,9d3879033f,br=0 nl=0,41,
item:182,よう。,吧。,translated,10,67b2c3033a,br=0 nl=0,5,
item:183,ようだ。,似乎是。,translated,13,e854e32dc2,br=0 nl=0,108,
item:184,ように仕組まれている。,被如此设计运作。,translated,35,392c7f59e0,br=0 nl=0,12,field is a continuation chunk of a longer source string; translate it as that part only
item:185,りんご飴,苹果糖,translated,13,9b8bf13a89,br=0 nl=0,5,
item:186,る。,着。,translated,7,46130e8be2,br=0 nl=0,89,
item:187,る必要があるようだ。,似乎有必要。,translated,220,fbd0698908,br=0 nl=0,11,field is a continuation chunk of a longer source string; translate it as that part only
item:188,れない。,无法。,translated,13,51319e6cdc,br=0 nl=0,22,
item:189,われていた生地が高級品だったのは間違いないだろう。,所使用的布料无疑是高档品。,translated,76,2d6b89f74e,br=0 nl=0,7,field is a continuation chunk of a longer source string; translate it as that part only; src-longest-line=25
item:190,ん７次元転送以外の演算処理も可能である。,除七维传输外的运算处理也能胜任。,translated,61,67eb22fc87,br=0 nl=0,6,field is a continuation chunk of a longer source string; translate it as that part only
item:191,アイス？,冰淇淋？,translated,13,3b919f27ed,br=0 nl=0,10,
item:192,アウトゴット,奥特戈德,translated,19,2e6a7a61e9,br=0 nl=0,12,
item:193,アウトゴットを主体とした新種の合金。<CR>美しいアウトゴットの色彩は残しつつ、その強度・耐熱性などあらゆる面で優れている。ただし、その強度のため加工が難しく、高温で融解しての鋳造が主な手段となっている。その他、非常に劣化しにくいため、環境を問わず長期間の保存が可能となっている。,以奥特戈特为主体的新型合金。<CR>在保留了奥特戈特优美色彩的同时，在强度与耐热性等各个方面都极为卓越。不过正因强度极高而加工困难，在高温下熔解进行铸造是其主要手段。此外极其不易劣化，因此无论何种环境下都能进行长期保存。,translated,413,c26b7d3bee,<CR> br=0 nl=0,1,keep-tags <CR>; src-longest-line=140
item:194,アウトゴットＨＧ,奥特戈特HG,translated,25,91e3a81c9e,br=0 nl=0,1,
item:195,アクアドーム,水穹顶,translated,19,28184de3df,br=0 nl=0,9,
item:196,アクセサリ？,饰品？,translated,19,aba6a5effd,br=0 nl=0,6,
item:197,アフティビウムクラス,阿夫提比姆级,translated,36,0cba68d987,br=0 nl=0,1,
item:198,アメ？,糖果？,translated,10,3c0c3e31a7,br=0 nl=0,5,
item:199,アラウンドフレイム,环绕烈焰,translated,28,128fbddf53,br=0 nl=0,10,
item:200,アルノレシーブ管,Ar nosurge接收管,translated,25,ef2f648a8f,br=0 nl=0,1,
item:201,アルノレシーブ管を中心にイオンが作り上げた二足歩行型の機械。いわゆるロボットである。<CR>最大の特徴は、現在カメラとしてしか機能しない端末（接続先）をこのＥＳ４５カソードに移し変えることができるということ。ただし、そのための方法と切り替え時の再接続には、まだ問題があるようだ。,依恩以Ar nosurge接收管为核心打造出的双足步行型机械。也就是所谓的机器人。<CR>最大的特征在于，能够将目前仅作为摄像头运作的终端（连接目标）转移至这枚ES45阴极之中。不过实现这一目标的方法以及切换时的重新连接，似乎目前还存在某些问题。,translated,410,2e425c811b,<CR> br=0 nl=0,1,keep-tags <CR>; src-longest-line=139
item:202,アルメティカ情報端末,阿尔梅堤嘉信息终端,translated,36,5b0b5c4c98,br=0 nl=0,8,
item:203,アンラッキノコ,厄运蘑菇,translated,22,115b710e99,br=0 nl=0,6,
item:204,アンラッキノコを使用した真っ赤な色のスープ。<CR>スープの赤はスパイスによるものではなく、野菜の色素が湯に溶け出したもの。ただ見た目どおり辛味も強く、野菜のサッパリ感と辛味が独特な味わいを与えてくれる。<CR>辛いのが苦手な人にとってこれ以上辛いことはない。まさにアンラッキー。,使用了厄运蘑菇熬制而成的鲜红热汤。<CR>汤汁的红色并非源自辛香料，而是蔬菜的色素溶解在热汤中所致。不过正如其外观所示辣味极强，蔬菜的清爽与强烈的辛辣交织出独特的风味。<CR>对于不擅长吃辣的人而言简直再痛苦不过。果真是厄运临头。,translated,405,3e615d6734,<CR> <CR> br=0 nl=0,6,keep-tags <CR>; src-longest-line=140
item:205,アーシェスとラシェーラが接続される前から情報を<CR>掴んでいたエージェントに贈られた衣装。<CR>メモによると、かつてアーシェスのとあるネットワーク上に未調整状態でリークされた物を正常使用出来るように改良した物らしい。<CR>”Ｐｒｏｏｆ　ｏｆ<CR>　　　Ｖｅｔｅｒａｎ！”,赠予在阿尔谢斯与拉榭拉连接前便已<CR>掌握情报之特工的服装。<CR>据便笺记载，似乎是将昔日在阿尔谢斯某网络上以未调配状态泄露的物品进行改良以供正常使用的物品。<CR>”Proof of<CR>　　　Veteran！”,translated,386,b680729b2e,<CR> <CR> <CR> <CR> br=0 nl=0,9,keep-tags <CR>; src-longest-line=139
item:206,イオンが、ポーラーズメモリーと一緒に作った大きな花が特徴的な髪飾り。<CR>両サイドから伸びている緑色の羽のようなものが犬の垂れた耳に見えなくも…。犬のようにイオンが甘えてくる姿を想像してしまいそうだ。,依恩与北极星记忆一同制作的以大朵花卉为特征的发饰。<CR>两侧伸出的绿色羽毛状物体看似小狗下垂的耳朵……不禁让人联想到依恩像小狗般撒娇可人的模样。,translated,296,a3e428f149,<CR> br=0 nl=0,12,keep-tags <CR>; src-longest-line=101
item:207,イオンがかすかな記憶を元に作成した服。<CR>イメージ通りには作れたが思っていたよりも露出が多かったらしい。<CR>イオン自身は露出が多いほど簡単に作れそうと言っていたが、恥ずかしがっている姿もいい。眼福眼福♪,依恩根据模糊记忆制作出的服装。<CR>虽然完全依照构想制作完成，但似乎比预想中要暴露得多。<CR>依恩自己虽说越是暴露的衣服制作起来越简单，但看她害羞难为情的模样也相当赏心悦目呢。大饱眼福大饱眼福♪,translated,540,b162cfcc97,<CR> <CR> br=0 nl=0,12,keep-tags <CR>; src-longest-line=105
item:208,イオンがカノンと食事をする際に着たフォーマルスーツ。黒を基調としながらも重さを感じさせない。<CR>イオンにしては珍しいタイプの服で、かわいいというよりもカッコイイ、スタイリッシュといった感じの服だ。,依恩与卡诺共进晚餐时穿着的正规西装。以黑色为基调却丝毫不显沉重。<CR>对依恩而言算是相当罕见的服装款式，与其说是可爱，倒不如说给人一种英姿飒爽、时髦利落的感觉。,translated,293,f90fb04ded,<CR> br=0 nl=0,11,keep-tags <CR>; src-longest-line=100
item:209,イオンがクリスマスのために隠れて用意していたサンタ服。<CR>クリスマスらしく赤・白・緑が特徴的なワンピースだが、この服に込められた小さな願いは「一緒に大切な時間を過ごしたい」というものに他ならない。サンタ服を着ているのはイオンだが、逆にサンタとなるのも悪くないだろう。,依恩为了圣诞节而悄悄备好的圣诞老人服装。<CR>极具圣诞特色的红白绿配色连身裙，这套服装所蕴含的微小心愿无非正是“希望能一同度过宝贵时光”。虽说穿上圣诞装的是依恩，但反过来由你当圣诞老人送上惊喜似乎也很不错。,translated,398,1facb050c8,<CR> br=0 nl=0,1,keep-tags <CR>; src-longest-line=135
item:210,イオンがサンタ服と一緒にクリスマスのために用意した帽子。<CR>先に付いた星がチャームポイントとなっており、それは星空を翔るサンタを象徴しているかのようである。トナカイがひいたソリに乗って……とはいかないが、これらの服はイオンにできる精一杯の気持ちが形となったものなのだろう。,依恩与圣诞服装一同为了圣诞节备好的帽子。<CR>尖端附着的星星是其迷人亮点所在，宛如象征着驰骋在璀璨星空中的圣诞老人一般。虽说无法坐上驯鹿拉动的雪橇……但这些服饰想必正是依恩倾注了全部心意的具象化吧。,translated,407,ebac171ba3,<CR> br=0 nl=0,1,keep-tags <CR>; src-longest-line=138
item:211,イオンがサンタ服と一緒に作った白い付けヒゲ。<CR>サンタをイメージして作られた物であることは間違いないが、ヒゲはヒゲ以上でも以下でもない。ただ、ヒゲを付けたイオンが見られるというのも珍しいので、イベント事の仮装としては十分に面白い。どうせなら色々な服と組み合わせてみてもいいかもしれない。,依恩与圣诞服装一同制作的白色假胡子。<CR>毫无疑问是以圣诞老人为概念制作的物品，但胡子终究只是胡子，除此以外别无深意。不过能够亲眼看到戴上假胡子的依恩也实属罕见，作为节日变装而言已足够妙趣横生。既然如此不妨尝试着与各式各样的服装搭配一番。,translated,428,09d1ba6a27,<CR> br=0 nl=0,1,keep-tags <CR>; src-longest-line=145
item:212,イオンがスポーツウェアと一緒に作ったはちまき。<CR>前髪の奥にうっすらと見えるはちまきが不思議な雰囲気をかもし出す一品。<CR>スポーツウェアとセットで作ったものだが、デザインがシンプルなだけに他の服との相性も悪くない。<CR>髪が短いときに着けてもらえば、普段と違う雰囲気が味わえるだろう。,依恩与运动服配套制作的头巾。<CR>在刘海深处隐约可见的头巾为整套行头平添了一抹奇妙的氛围。<CR>虽是与运动服成套制作之物，但正因设计简洁，与其他服装的搭配性也相当出色。<CR>在短发时佩戴，想必能品味到与平时截然不同的别样韵味吧。,translated,419,688bbf40b5,<CR> <CR> <CR> br=0 nl=0,4,keep-tags <CR>; src-longest-line=147
item:213,イオンがポニーテール用に作ったリボン。<CR>髪型の種類は数あるもののポニーテールは女性らしくかつ動きやすいため、工作や料理をする機会が多いイオンにとっては便利な髪型なのかもしれない。<CR>髪型一つでイメージは大きく変わるので、これまでと違うイオンを見ることが出来るだろう。,依恩为了扎单马尾而专门制作的发带。<CR>发型种类虽多，但马尾辫既富有女性韵味又干练利落便于活动，对于经常需要手工劳作或下厨做饭的依恩而言或许是最为便利的发型吧。<CR>仅仅换个发型给人的印象就会大为改观，想必能看到与以往截然不同的崭新依恩吧。,translated,399,4669f2d4ac,<CR> <CR> br=0 nl=0,8,keep-tags <CR>; src-longest-line=138
item:214,イオンが万寿沙羅で出会ったプラムが付けていたメガネ。何の変哲もない普通のメガネだが、いなくなってしまったプラムを想い作られた。<CR>イオンは別に視力が悪いわけではないので、このメガネに度は入っていない。,依恩在万寿沙罗相遇的布拉姆曾佩戴的眼镜。虽是平平无奇的普通眼镜，却是为了怀念离去的布拉姆而制作出来的。<CR>因为依恩的视力并不差，所以这副眼镜并没有度数。,translated,299,97b9a321a0,<CR> br=0 nl=0,12,keep-tags <CR>; src-longest-line=102
item:215,イオンが仮想世界のショッピングセンターで見つけたカタログをおしゃれの勉強のために再現したもの。<CR>ただ、中に描かれているのは宇宙人みたいなぬいぐるみや、ボタン一つで変形する机などわけの分からない物品がほとんど。しかし、それも当然かもしれない。なぜなら、おしゃれではなく、オサレなのだから。,依恩为了学习时尚装扮，将虚拟世界购物中心里发现的图册复原而成的图鉴。<CR>只不过，其中所描绘的尽是些形似外星人的玩偶、只需按下一个按钮就能变形的桌子等令人摸不着头脑的物品。不过这或许也是理所当然的吧。毕竟那不是时髦，而是怪异的非主流啊。,translated,540,3ed811d72f,<CR> br=0 nl=0,4,keep-tags <CR>; src-longest-line=146
item:216,イオンが作ったシスターのぬいぐるみ。<CR>この手のものを作るのが苦手なイオンにしてはかなりかわいらしくできた。<CR>世界に最終戦争をもたらすためにやってきた悪魔のシスター……という設定の漫画のキャラクターだが、使命を忘れて遊び呆けているらしい。,依恩制作的修女玩偶。<CR>对于不擅长制作这类东西的依恩来说，做得相当可爱。<CR>虽说是为了给世界带来最终战争而降临的恶魔修女……这样一部漫画里的登场角色，但据说她早已忘却使命只顾着四处疯玩了。,translated,357,3ab498a8dd,<CR> <CR> br=0 nl=0,8,keep-tags <CR>; src-longest-line=124
item:217,イオンが作った布の１つ。見た目は質素だが、その強度は市販されてるものよりも、頑丈でしっかりしたもの…と本人は言っていた。どっちにしても、以前のものと比べれば十分な進歩<CR>じゃないだろうか。,依恩制作的布料之一。外观虽朴素，但据本人说，强度比市面上销售的更为结实耐用……无论怎样，比起之前制作的，已经算得上是十足的进步<CR>了吧。,translated,281,cdca3f401d,<CR> br=0 nl=0,11,keep-tags <CR>; src-longest-line=96
item:218,イオンが作った御当地用のタオル。御当地タオルなので、もちろん温泉の名前が入っている。<CR>仲良くなることで、もしかしたらこれをきっかけにムフフな背中の洗いっこなんかもできるかも……。<CR>楽しみだ。,依恩制作的当地特色毛巾。既然是当地特色毛巾，上面自然印有温泉的名字。<CR>只要搞好关系，说不定借此契机还能一起嘿嘿嘿地互相擦背呢……<CR>真让人期待。,translated,288,31955a07e2,<CR> <CR> br=0 nl=0,9,keep-tags <CR>; src-longest-line=101
item:219,イオンが作った最も基本的な真空管。<CR>見た感じ基本的な構造は地球の真空管と変わらないようだが、Ｔｚ波で動いたり夢セカイの中では詩魔法の端末として機能してたりと違いも多いようだ。,依恩制作的最基础的真空管。<CR>虽然大体看起来基本构造与地球的真空管无异，但依靠Tz波运作、在梦世界中作为诗魔法的终端运作等等，似乎也有着诸多不同之处。,translated,263,e611613252,<CR> br=0 nl=0,12,keep-tags <CR>; src-longest-line=90
item:220,イオンが作った継ぎ接ぎだらけの布。<CR>一応、一枚の布として使用できるようだが、あまりにもつたない。<CR>どうやらイオンはこの手の作業が苦手なようだ。いまさらだが、ポーラーズメモリーをよく作れたと思う。,依恩制作的满是补丁的布。<CR>虽然姑且能当作一块布来用，但未免太粗糙了。<CR>看来依恩很不擅长这门手艺。事到如今仔细想想，真佩服她当时居然能做出北极星记忆。,translated,294,2f7797666d,<CR> <CR> br=0 nl=0,12,keep-tags <CR>; src-longest-line=103
item:221,イオンが作ったＴｚ波用の整流器。Ｔｚ波をより安定して使うために必要な部品で、より高度なものを作ろうとした場合は必須のものとなる。<CR>これをイオンに差し出せばデートに行くきっかけになるかもしれない。,依恩制作的Tz波整流器。为了更加稳定地使用Tz波而必需的部件，若想要制作更高级的物品，则是不可或缺之物。<CR>若是把这个递给依恩，说不定能成为一同外出约会的契机。,translated,293,28701ccdb2,<CR> br=0 nl=0,10,keep-tags <CR>; src-longest-line=100
item:222,イオンが初めから持っていた睡眠用の帽子。<CR>とろんとした見た目が特徴的でかわいく、女性からの人気が高い。<CR>イオンも気に入っているようだが、帽子のモチーフとなった動物がなんなのかは知らないようだ。,依恩一开始就持有的睡眠用帽子。<CR>松垮垂落的外形别具特色且十分可爱，在女性当中颇受欢迎。<CR>依恩似乎也很中意这顶帽子，但好像并不知道作为帽子原型的动物到底是什么。,translated,291,f9b94b687c,<CR> <CR> br=0 nl=0,12,keep-tags <CR>; src-longest-line=102
item:223,イオンが取り戻した記憶を元に作り出した真空管。<CR>ラシェーラであった数々の思い出を詰め込んだ、イオンにとって最終型ともいえる真空管。イオンの記憶に干渉したことから、重要な物であることは間違いないだろう。夢セカイで見たアルノサージュ管と名前が似ているが、その関係性については謎に包まれている。,依恩根据找回的记忆制作出的真空管。<CR>浓缩了在拉榭拉度过的诸多回忆，对依恩而言堪称最终型号的真空管。正因曾干涉过依恩的记忆，毫无疑问是一件极为重要的物品。虽然与在梦世界中见过的Ar nosurge管名字相似，但两者之间的关联仍被谜团所笼罩。,translated,540,6540adc252,<CR> br=0 nl=0,1,keep-tags <CR>; src-longest-line=147
item:224,イオンが思い出した料理を元に作ったレシピ本。<CR>今のところ種類は多くないようだが、イオンの記憶が戻っていけばいつか分厚いレシピ本ができる……かもしれない。それにしても、実際に作ってみたらどんな味がするのだろう？<CR>これを差し出せば、イオンとカフェに行くきっかけにもなりそうだ。,依恩根据回想起来的料理制作的食谱书。<CR>虽然目前种类还不算多，但随着依恩记忆的恢复，总有一天能做出一本厚厚的食谱书……也说不定。话说回来，如果实际做出来尝尝会是什么味道呢？<CR>若是把这个递给她，似乎能成为与依恩一起去咖啡馆的契机。,translated,540,c7042db8bb,<CR> <CR> br=0 nl=0,5,keep-tags <CR>; src-longest-line=142
item:225,イオンが拾ってきた白石。パウダリアなんて立派な名前が付いてるが、とてもそこまでの物には見えない。パウダリアという名称には意味があるのだろうか？<CR>いずれ聞いてみるのもいいかもしれない。,依恩捡回来的白石。虽然冠以帕乌达利亚这种气派的名字，但怎么看都不像那么了不起的东西。帕乌达利亚这个名字是否有什么含义呢？<CR>找机会问问她或许也不错。,translated,275,f6e370791b,<CR> br=0 nl=0,12,keep-tags <CR>; src-longest-line=94
item:226,イオンが教会で祈るために作ったロザリオ。<CR>鎖が付けてあり、ネックレスにもなる。<CR>ただ、ロザリオと合うデザインの服を選ばないと変になってしまうため、作ったイオン自身、ちょっと困っているようだ。せっかく作ったのだから、これを差し出せばイオンと教会に行くきっかけになるかも。,依恩为了在教会祈祷而制作的念珠。<CR>配有链条，也可以作为项链佩戴。<CR>不过，如果不挑选与念珠相配的服装就会显得很不协调，因此亲手制作的依恩自己似乎也有些烦恼。既然难得做出来了，把这个递给她说不定能成为与依恩一起去教会的契机。,translated,540,f5692dc599,<CR> <CR> br=0 nl=0,6,keep-tags <CR>; src-longest-line=140
item:227,イオンが水族館をイメージして作ったスノードーム。中心にイルカ、その周りの小さな魚が泳いでおり、<CR>下にはサンゴを模したガラス細工が敷かれ、穏やかで美しい海の姿が模倣されている。<CR>実際に水族館の土産売り場に置いてあったとしても違和感がないほどに高い完成度を誇る一品。,依恩以水族馆为灵感制作的雪花球。中央是一只海豚，周围环绕着游曳的小鱼，<CR>底部铺垫着仿造珊瑚制成的玻璃工艺品，惟妙惟肖地再现了平静美丽的海景。<CR>即便实际摆放在水族馆的纪念品商店里也毫无违和感，拥有极高完成度的一件精品。,translated,540,81b23e4c10,<CR> <CR> br=0 nl=0,9,keep-tags <CR>; src-longest-line=137
item:228,イオンが海辺を歩くために作ったビーチサンダル。<CR>海を表現したような青と水色の模様が涼しげでかわいらしく作られている。<CR>イオンに差し出せば、より海でのデートを楽しむことができるかもしれない。,依恩为了在海边漫步而制作的沙滩凉鞋。<CR>宛如表现大海一般的深蓝与浅蓝花纹，既清凉又透着可爱。<CR>若是递给依恩，或许能在海边约会时玩得更加尽兴。,translated,285,8a5a464134,<CR> <CR> br=0 nl=0,12,keep-tags <CR>; src-longest-line=100
item:229,イオンが白鷹のために作ったにゅろきーの着ぐるみ。大変残念な造形で、キャスに『にゅろきーへの冒涜』と言わしめるほどの一品。詩魔法で着ぐるみを作るのが難しいのか、イオンのセンスがおかしいのか……<CR>おそらく後者だろう。,依恩为了白鹰制作的喵洛基人偶装。造型极其令人遗憾，甚至被凯斯直呼为“对喵洛基的亵渎”。究竟是用诗魔法制作人偶装太困难，还是依恩的品味很奇葩呢……<CR>恐怕是后者吧。,translated,320,c15d46e85e,<CR> br=0 nl=0,7,keep-tags <CR>; src-longest-line=109
item:230,イオンが自身の髪を結うために作った普通のリボン。二本で一セットであり、<CR>いわゆるツインテールにするために使用される。<CR>イオン自身、これまであまりオシャレをして来なかったようだが、端末を通しての出会いが、少しずつ彼女の心情に変化を与えているようだ。,依恩为了扎起头发而制作的普通发带。两根为一组，<CR>用于扎成所谓的双马尾。<CR>依恩自己至今似乎不太懂得打扮时尚，但透过终端的相遇，似乎正一点一滴地改变着她的心境。,translated,372,fe1b92cb15,<CR> <CR> br=0 nl=0,9,keep-tags <CR>; src-longest-line=129
item:231,イオンとカノンが皇帝から授かった短剣と鈴の片方であり、『みょうどうみたまのすず』と読む。<CR>カノンが受け取ったこの鈴は、生命を導き、その想いや魂を護る力があるとされる。しかし、レプリカのこの鈴には、特別な力は存在しない。いまとなっては実物に力があったかすら、確かめることはできない。,依恩与卡诺从皇帝处获赐的短剑与铃铛中的一方，读作“明道御魂之铃”。<CR>卡诺收下的这枚铃铛，据称拥有引导生命、守护其思念与灵魂的力量。然而，这枚仿造的铃铛中并不存在特别的力量。事到如今甚至连实物是否拥有力量，也已无从查证了。,translated,422,2c32f7ff8e,<CR> br=0 nl=0,2,keep-tags <CR>; src-longest-line=143
item:232,イオンの部屋にある水道から得られる水。特に何の変哲もない水だが、川の流水などと比べると、きちんと処理されているため安心して飲めるようだ。<CR>実際には有限だが、イオン一人ならいくらでも使用できる。,从依恩房间的水龙头接出的水。虽说是平平无奇的普通水，但比起河流的流水，经过妥善处理后似乎可以放心饮用。<CR>虽然实际上有限，但若只是依恩一个人使用的话，则随取随用。,translated,290,21dd9c4261,<CR> br=0 nl=0,12,keep-tags <CR>; src-longest-line=99
item:233,イオンの顔の形にしたキャラパン。<CR>使っている材料も作り方も他のパンと特別違うということはない。なので、味に関しては何も問題ないが、かわいく作るにはそれなりのコツが必要らしい。<CR>自分の顔をパンにするのは百歩譲っていいとしても、作るのも食べるのもイオンなわけで……共食い？,仿照依恩脸庞形状制作的角色面包。<CR>所用的原料和制作方法与其他面包并没有什么特别的不同。因此味道上毫无问题，但要做出可爱的模样似乎需要相当的窍门。<CR>把自己的脸做成面包姑且退一步不提，但制作的是依恩，吃下去的也是依恩……自相残食？,translated,405,0fd23b77b3,<CR> <CR> br=0 nl=0,1,keep-tags <CR>; src-longest-line=140
item:234,イオンの魂が捕獲されていたトロンと同タイプのトロン。<CR>形状は真空管だが、ガラス管の中に見えるのはカソードやプレートではなく、<CR>淡い光を放つ水色の液体。二年後のラシェーラでは、この中に白い光を放つイオンの魂が入っていた。,与囚禁依恩灵魂的特伦同类型的特伦。<CR>外形虽是真空管，但玻璃管内所见的并非阴极或极板，<CR>而是散发着微弱光芒的浅蓝色液体。在两年后的拉榭拉，这里面曾装着散发着白光的依恩的灵魂。,translated,330,6a306c44ed,<CR> <CR> br=0 nl=0,5,keep-tags <CR>; src-longest-line=115
item:235,イオンの魂入り？,装着依恩的灵魂？,translated,36,27146eb911,br=0 nl=0,5,
item:236,イオンパン,依恩面包,translated,16,7760de4e9d,br=0 nl=0,1,
item:237,イキテルンダー,还活着呢,translated,22,8bb56e6188,br=0 nl=0,3,
item:238,イヤシーン,令人讨厌的场面,translated,36,6881e4156e,br=0 nl=0,12,
item:239,イヤリング？,耳环？,translated,19,5cc323d48a,br=0 nl=0,3,
item:240,インカム？,对讲机？,translated,16,6aed7b164a,br=0 nl=0,9,
item:241,インクをこぼす,打翻墨水,translated,22,e8fdf11013,br=0 nl=0,1,
item:242,インケルキアカソード,因克尔基亚阴极,translated,36,e932d11121,br=0 nl=0,2,
item:243,インプルククラス,因普鲁克级,translated,25,ce0508e6da,br=0 nl=0,2,
item:244,ウィルスその２？,病毒其二？,translated,36,56412a70f8,br=0 nl=0,7,
item:245,ウィルス？,病毒？,translated,16,f7bc32aebf,br=0 nl=0,7,
item:246,ウェイトレス？,女服务员？,translated,22,8e912c0418,br=0 nl=0,16,
item:247,ウェーブアンプリフタ,波动放大器,translated,36,05da2bb205,br=0 nl=0,12,
item:248,ウェーブディテクタ,波动探测器,translated,28,cc823d7033,br=0 nl=0,12,
item:249,ウエディングリング,结婚戒指,translated,28,c6eb5b89cf,br=0 nl=0,3,
item:250,エスペンタ,埃斯彭塔,translated,16,00831d42f2,br=0 nl=0,12,
item:251,エスペンタを多めに使用したハンバーグ定食。<CR>それだけでも十分ピリっとくるが、タレも辛めに仕上げられている。ただし、あくまでも『ピリッとする辛さ』を前提としてるため、辛いのが苦手な人でも我慢すれば食べられる。<CR>また、本来のタレを使わずに身近にある調味料をかけてもおいしく食べられる。,大量使用了埃斯彭塔的汉堡肉定食。<CR>光是这样就足够让人辣得舌尖发麻，酱汁也被调得偏辣。不过，由于终究是以“麻辣爽口”为前提，即便是不能吃辣的人忍耐一下也能吃得下。<CR>另外，就算不使用原配的酱汁，淋上身边现有的调味料也能吃得津津有味。,translated,423,9401440f2f,<CR> <CR> br=0 nl=0,3,keep-tags <CR>; src-longest-line=146
item:252,エセンエリタス,艾森埃利塔斯,translated,22,c367ef50fd,br=0 nl=0,1,
item:253,エネルギー飲料？,能量饮料？,translated,25,2e6ead178c,br=0 nl=0,5,
item:254,エビパン,虾面包,translated,13,b77dea9aa5,br=0 nl=0,12,
item:255,エメラルドグラス,祖母绿玻璃杯,translated,25,39a5da6e5d,br=0 nl=0,12,
item:256,エルステングリッド,埃尔斯滕栅极,translated,28,2f9191e393,br=0 nl=0,5,
item:257,エルリンクス,艾尔林克斯,translated,19,e3aedcde44,br=0 nl=0,10,
item:258,エヴァンジェノマイズ,福音杰诺姆化,translated,36,f62ceb7cd0,br=0 nl=0,3,
item:259,オイル？,机油？,translated,13,abba55d0c7,br=0 nl=0,12,
item:260,オサレカタログ,时髦目录,translated,22,6d24c7faee,br=0 nl=0,4,
item:261,オムレディ,蛋包小姐,translated,16,abb62cb9e5,br=0 nl=0,12,
item:262,オリジナルパン？,自创面包？,translated,25,db20556cbb,br=0 nl=0,1,
item:263,オーシャン定食,海洋定食,translated,22,663a4da19b,br=0 nl=0,11,
item:264,カジュアル服？,休闲服？,translated,22,ca52831ece,br=0 nl=0,3,
item:265,カタクトゥアＲＮＡ,卡塔克图亚RNA,translated,28,b7a85af14d,br=0 nl=0,2,
item:266,カタログ？,画册？,translated,16,e434853bcb,br=0 nl=0,4,
item:267,カノンの普段着をイオンのサイズに合わせて仕立てたもの。<CR>地文皇女が着る伝統的衣装の一つであり、『せんぺんかぐら』と読む。この名前には『変わらず神を奉る』という意味が込められており、規律と伝統を重んじる地文を象徴とした衣装として、これ以上のものは存在しないだろう。,将卡诺的日常便服按照依恩的尺寸量身剪裁而成的服装。<CR>是地文皇女所穿戴的传统服饰之一，读作“千变神乐”。这个名字蕴含着“永不改变地供奉神明”的深意，作为象征着恪守戒律与传统的“地文”之服装，想必再没有比这更贴切的了。,translated,395,4dcc5d35ea,<CR> br=0 nl=0,1,keep-tags <CR>; src-longest-line=134
item:268,カフェに行った際にイオンが見た超弩級のパフェ。<CR>あまりの大きさに大人５人がかりでも実物を見た瞬間に戦意？を喪失してしまうほどの量になっている。<CR>全て食べきるどころか、<CR>持ち運びすら困難な大きさだが甘い物好きなら一度は挑戦してみたい一品であることは間違いないだろう。,依恩在前往咖啡馆时见到的超大号芭菲。<CR>分量巨大无比，甚至到了即使由５名成年人合力、在见到实物的瞬间也会丧失战意？的程度。<CR>且不说将其全部吃完，<CR>光是端走都极其困难，但对于甜食爱好者而言，这无疑是绝对想挑战一次的极品。,translated,540,b94c021559,<CR> <CR> <CR> br=0 nl=0,6,keep-tags <CR>; src-longest-line=141
item:269,カフェットエプロン,咖啡围裙,translated,28,a5075cf2fa,br=0 nl=0,1,
item:270,カフェットエプロンと一緒に作ったカチューシャ。<CR>カフェットエプロンと同じウサギを模したアクセサリで装飾されており、一緒に着用することでよりカワイらしさが増す。<CR>ウサギはストレスに弱い、というのがイオンに当てはまるわけではないが、寂しい想いをさせないように日頃から気をつけよう。,与咖啡围裙一同制作的发箍。<CR>装饰着与咖啡围裙相同的仿兔子饰品，一同穿戴会显得更加可爱。<CR>“兔子抗压能力差”这一说法虽不一定适用于依恩，但平时还是要多加留意，别让她感到寂寞。,translated,417,9275e0619e,<CR> <CR> br=0 nl=0,1,keep-tags <CR>; src-longest-line=144
item:271,カフェットリボン,咖啡丝带,translated,25,8fd51950d7,br=0 nl=0,10,
item:272,カフェ・デ・コモ,科莫咖啡馆,translated,25,68d9657a89,br=0 nl=0,10,
item:273,カフェ・デ・コモと一緒に作られたかわいらしいアクセサリー。<CR>カチューシャの両サイドにリボンが付けられており、女の子らしさが際立つ。<CR>またその色合いもあって、カフェ・デ・コモと一緒に身に付けると、よりその魅力が映えるようになっている。,与科莫咖啡馆一同制作的可爱饰品。<CR>发箍的两侧附有丝带，格外凸显女孩子的气质。<CR>再加上其配色，与科莫咖啡馆一同佩戴，能更加映衬出其魅力。,translated,351,60b8509f50,<CR> <CR> br=0 nl=0,10,keep-tags <CR>; src-longest-line=122
item:274,カフェ・デ・コモと一緒に作られたメガネ。<CR>カラーバリエーションの豊富な樹脂でフレームが作られており、セル・ルージュという名前の通り赤く染められている。<CR>メガネにも色々な種類があるが、カフェ・デ・コモとセットで身に付けることでより魅力がでそうだ。,与科莫咖啡馆一同制作的眼镜。<CR>镜框采用色彩丰富的树脂制成，正如“红色赛璐珞”其名一般被染成了红色。<CR>眼镜虽然也有各种种类，但与科莫咖啡馆成套佩戴似乎能展现出更多魅力。,translated,369,c408c6f1bb,<CR> <CR> br=0 nl=0,10,keep-tags <CR>; src-longest-line=128
item:275,カプセル状のイオン式生命維持装置。<CR>人間、ジェノムを問わずに仮死状態にすることが可能な装置であり、長期間の宇宙航行を前提としたソレイルにも同じような装置が搭載されていた。イオンがこれを使えば、一人で寂しい想いをしないですむのかもしれない。しかしそれは、彼女自身も望んでいない。,胶囊状的依恩式生命维持装置。<CR>不论人类还是杰诺姆，均可令其进入假死状态的装置，在以长期宇宙航行为前提的“太阳号”上也搭载了同类装置。依恩若使用这个，或许就不必一个人承受寂寞的煎熬了。然而那也是她自身所不希望的。,translated,417,8bc9162d72,<CR> br=0 nl=0,3,keep-tags <CR>; src-longest-line=141
item:276,カミナリ草,雷草,translated,16,7ce86c901c,br=0 nl=0,12,
item:277,カロリーを控える代償として、甘さを極限まで抑えた超低カロリーなケーキ。<CR>ただし、これは計画されたもので、甘さを求めて大量に食べ、結果的に他のものが食べられず、ダイエットに成功するように仕組まれている。,作为控制卡路里的代价，将甜度抑制在极限的超低卡蛋糕。<CR>然而，这完全是有意设计的，让人因追求甜味而大量食用，结果再也吃不下其他东西，从而巧妙地实现减肥成功的目的。,translated,303,97321674dc,<CR> br=0 nl=0,12,keep-tags <CR>; src-longest-line=103
item:278,カード？,卡片？,translated,13,3d730cc329,br=0 nl=0,12,
item:279,ガラス玉,玻璃珠,translated,13,8bb3591b26,br=0 nl=0,12,
item:280,ガラス玉？,玻璃珠？,translated,16,423dfb13a9,br=0 nl=0,12,
item:281,ガラス管その１？,玻璃管其一？,translated,36,730aa01f17,br=0 nl=0,12,
item:282,ガラス管その２？,玻璃管其二？,translated,36,d4f29c343a,br=0 nl=0,9,
item:283,ガラス管その３？,玻璃管其三？,translated,36,c9cf1a4eac,br=0 nl=0,7,
item:284,ガラス管その４？,玻璃管其四？,translated,36,388da4f714,br=0 nl=0,5,
item:285,ガラス管その５？,玻璃管其五？,translated,25,4893b072b4,br=0 nl=0,3,
item:286,キノコの地獄風煮込み,地狱风蘑菇炖菜,translated,36,19c8677225,br=0 nl=0,6,
item:287,キノコの柄に顔と手足が<CR>ある不思議なキノコ。<CR>傘の部分にはハート型の班点があり、毒キノコのように見えなくもないが、その愛らしさと珍しさから見つけた人には幸せが降りてくるという言い伝えがある。またこのキノコから抽出された繊維は強靭かつ染色し易く、高級織物などに使用されることもままある。,在蘑菇菌柄部长有脸庞和四肢的<CR>不可思议的蘑菇。<CR>菌伞部分长着心形的斑点，虽说看起来略像毒蘑菇，但因其可爱与稀有，相传能给找到它的人带来幸福。此外，从这种蘑菇中萃取的纤维坚韧且易于染色，常常被用于高档织物等领域。,translated,544,0ef285b4d7,<CR> <CR> br=0 nl=0,10,keep-tags <CR>; src-longest-line=148
item:288,キノコの炒め物？,炒蘑菇？,translated,25,a7192bf02c,br=0 nl=0,10,
item:289,キノコ？,蘑菇？,translated,13,abe747d8b0,br=0 nl=0,12,
item:290,キャスがサーリにプレゼントしたペンダント。<CR>子供の頃、キャスがたまたま見つけた綺麗な石をペンダントにしたものであり、何不自由ない生活を送っていたサーリが、初めて他人の持ち物に興味を持ったものでもある。,凯斯送给莎丽的吊坠。<CR>小时候凯斯偶然发现美丽的石头后做成吊坠之物，也是一直过着衣食无忧生活的莎丽第一次对别人的随身物品产生兴趣之物。,translated,302,01f8f18dd5,<CR> br=0 nl=0,7,keep-tags <CR>; src-longest-line=103
item:291,キャスの普段着をイオンのサイズに合わせて仕立てたもの。<CR>赤紫を基調とした布地に、ラシェーラの特徴ともいえる真鍮色を組み合わせており、万寿沙羅の住民と比較して高級感のあるこの服はキャスがお嬢様であることを物語っているかのようでである。,将凯斯的日常便服按照依恩的尺寸量身剪裁而成的服装。<CR>以红紫色为基调的布料搭配着堪称拉榭拉特色的黄铜色，与万寿沙罗的居民相比极具高级感的这身服饰，仿佛诉说着凯斯千金小姐的身份。,translated,350,3060c5614f,<CR> br=0 nl=0,1,keep-tags <CR>; src-longest-line=119
item:292,キューブスープ,方块汤,translated,22,377f36c21d,br=0 nl=0,1,
item:293,キングビーンズ,王者豆,translated,22,4a22ba25e1,br=0 nl=0,10,
item:294,クエロスクロス,奎罗斯布,translated,22,20542107cb,br=0 nl=0,11,
item:295,クラケットたちが作ろうとしたイオンの魂を引き寄せ捕らえるための管の機能からイメージして考え出した網目状のトリモチ。<CR>床だけでなく、天井にぶら下げて小さな虫を捕らえることにも使用が可能。<CR>ただし、間違って顔や髪についたりすると取るのが大変なので気をつける必要がある。,从库拉肯特等人企图制作的用于吸引并捕获依恩灵魂的管道功能中获得灵感、构想出的网状捕鸟胶。<CR>不仅能放在地板上，还可以挂在天花板上用来捕捉小虫子。<CR>不过，如果不小心沾到脸上或头发上会很难清理，需要格外小心。,translated,399,f7c12eaf26,<CR> <CR> br=0 nl=0,5,keep-tags <CR>; src-longest-line=138
item:296,クリスタライズポット,结晶壶,translated,36,3947da4fbb,br=0 nl=0,11,
item:297,クロニスという名前の鳥の羽。この白くて綺麗な羽を見る限り、クロニスはすごく綺麗な鳥なのかもしれない。<CR>繊維素材として使用されたり、服の装飾としても使われているようで、意外と使う機会は多そうだ。,名为克罗尼斯的鸟的羽毛。仅凭这洁白美丽的羽毛来看，克罗尼斯或许是非常美丽的鸟类。<CR>似乎常作为纤维材料使用，或者用作服装的装饰，出乎意料地有着不少用途。,translated,290,809993c558,<CR> br=0 nl=0,12,keep-tags <CR>; src-longest-line=99
item:298,クロニスの羽,克罗尼斯之羽,translated,19,2060893599,br=0 nl=0,12,
item:299,クールポット,冷却壶,translated,19,fb7d282c8d,br=0 nl=0,12,
item:300,グッズ？,周边？,translated,13,742393ae04,br=0 nl=0,4,
item:301,グラタンの具としておもちを使った一皿。よく伸びるおもちにチーズが絡み、絶妙な美味さを演出してる。普通のグラタンより熱が残りやすいので、うっかり<CR>ほお張って火傷しないよう注意。,使用麻薯作为配料的焗菜。软糯拉丝的麻薯裹着芝士，展现出绝妙的美味。比普通的焗菜更容易保温，注意别因大口<CR>吞食而被烫伤。,translated,263,e2e26f97fa,<CR> br=0 nl=0,12,keep-tags <CR>; src-longest-line=90
item:302,グラビトンＲＮＡ,引力子RNA,translated,25,90a2aeff2c,br=0 nl=0,11,
item:303,グリス？,润滑脂？,translated,13,49eb102cd4,br=0 nl=0,1,
item:304,グルメイト,美食伴侣,translated,36,5cc59ce16a,br=0 nl=0,12,
item:305,グレイコフがレオンを目覚めさせないように作った強制終了シーケンス。<CR>結果としてイオンの体を<CR>乗っ取っていたレオンに消去されてしまったが、これ自体は非常に優秀なプログラムである。<CR>近未来的な形状をしており分類的には書物ということになるが、専門知識がない限りとても理解できない。,古雷柯夫为了不让雷昂苏醒而制作的强制终止序列。<CR>结果被霸占了依恩肉体的<CR>雷昂消除掉了，但这本身是非常优秀的程序。<CR>外观呈近未来风格，分类上属于书籍，但若没有专业知识根本无法理解。,translated,415,2a17ab6bdc,<CR> <CR> <CR> br=0 nl=0,9,keep-tags <CR>; src-longest-line=146
item:306,グレイコフが過去に作り出した同調を阻害する装置に組み込まれてたプレート。夢セカイでは、ター坊がカンパニーの警備から逃げる際に使用し、彼等が使おうとしたシェルノトロンの機能を妨害した。<CR>有効範囲は広くないが、<CR>その範囲内にいる者の同調を乱す効果は優秀である。,古雷柯夫过去制作的用于阻碍同调的装置中所搭载的极板。在梦世界中，阿达在逃离公司的警备追捕时曾使用过，妨碍了他们企图使用的榭鲁诺特伦的功能。<CR>有效范围虽然不广，<CR>但在扰乱该范围内的人的同调方面效果极其出众。,translated,540,70ad3bce94,<CR> <CR> br=0 nl=0,9,keep-tags <CR>; src-longest-line=134
item:307,ケーブル？,线缆？,translated,36,1584108186,br=0 nl=0,12,
item:308,ゲテモノキノコ？,古怪蘑菇？,translated,36,6b4098bbb5,br=0 nl=0,6,
item:309,ゲネロジックマシン,衍生逻辑机,translated,28,03b27bdee4,br=0 nl=0,5,
item:310,ゲネロジック？,衍生逻辑？,translated,22,1615e92293,br=0 nl=0,5,
item:311,コイルのようなものが載った基板。ＲＮＡは特定の物質の雛形素子となり、その物質の性質を変化させるものらしい。<CR>地球でよく知られるリボ核酸とは違うが、似たような性質があるようだ。,搭载了类似线圈部件的基板。RNA似乎是特定物质的雏形元件，能够改变该物质的性质。<CR>虽然与地球上熟知的核糖核酸不同，但似乎拥有类似的性质。,translated,263,dd2c4a0d7b,<CR> br=0 nl=0,11,keep-tags <CR>; src-longest-line=90
item:312,コイル？,线圈？,translated,13,035f8ebdd3,br=0 nl=0,11,
item:313,コスモキノコ,宇宙蘑菇,translated,19,3ecde29c5c,br=0 nl=0,10,
item:314,コップ？,杯子？,translated,13,020426e60f,br=0 nl=0,11,
item:315,コロン・フォーシーズンでイオンが着た学園の制服。キャスやサーリが通っていた学園なだけあって結構なお嬢様学園だったようだ。この制服は高等部のものでセーラー服をおしゃれにした感じに割とシンプルな制服となっている。<CR>ただ、作りや使われていた生地が高級品だったのは間違いないだろう。,依恩在克隆四季所穿的学园制服。不愧是凯斯与莎丽曾就读的学园，似乎是一所相当高级的名门千金学园。这套制服属于高中部，在水手服的基础上增添了时尚感，设计相对简洁。<CR>不过，做工以及所使用的布料无疑是高档品。,translated,413,036fdc3ef7,<CR> br=0 nl=0,7,keep-tags <CR>; src-longest-line=140
item:316,コンパウンドケーキ,复合蛋糕,translated,28,e590519838,br=0 nl=0,11,
item:317,コードに絡まる,缠在电线上,translated,22,3e3508bf93,br=0 nl=0,1,
item:318,サカタチウオ,逆太刀鱼,translated,19,befcc4d695,br=0 nl=0,12,
item:319,サカタチウオに塩をまぶして焼いたもの。<CR>地味だが火の加減や塩の量など、意外と気を配ることは多い。<CR>ただ一番の問題はサカタチウオの丸焼きということ。地球の魚を食べ慣れてるとこれは無理かもしれない。,在逆太刀鱼上撒盐烤制而成的食物。<CR>虽然看起来朴素，但在火候掌握和盐量把控等方面，意外地需要诸多讲究。<CR>不过最大的问题在于这是整条逆太刀鱼的烤鱼。如果习惯了吃地球上的鱼，这道菜或许会难以下咽。,translated,294,5504df6622,<CR> <CR> br=0 nl=0,11,keep-tags <CR>; src-longest-line=103
item:320,サナリア,萨纳利亚,translated,13,8cc448edde,br=0 nl=0,12,
item:321,サルモン,萨尔蒙,translated,13,854b1ee842,br=0 nl=0,12,
item:322,サンタヒゲ,圣诞胡须,translated,16,1195fd5b9f,br=0 nl=0,1,
item:323,サンタ帽子,圣诞帽,translated,16,8220160706,br=0 nl=0,1,
item:324,サンタ服,圣诞服,translated,13,03c9a5dbd3,br=0 nl=0,1,
item:325,シェルノクラス,榭鲁诺级,translated,22,ca0e089e92,br=0 nl=0,9,
item:326,シェルノスキャン,榭鲁诺扫描,translated,25,95f4d3096f,br=0 nl=0,9,
item:327,シェルノトロンに使用される標準的なＴｘＢＩＯＳの一つ。<CR>第六期では、マテリアルパレットを使用して詩魔法をプログラムするために幅広く利用され、情報源の多様さはシェルノトロンを世に広めるのに一役買ったらしい。シェルノトロンのＯＳ、レオンとは別の存在のため安全に使用できる。,榭鲁诺特伦所使用的标准TxBIOS之一。<CR>在第六期中，为了使用素材调色板编写诗魔法程序而被广泛利用，情报源的多样性似乎对榭鲁诺特伦在世间的普及起到了推波助澜的作用。由于是与榭鲁诺特伦的OS“雷昂”不同的独立存在，因此可以安全使用。,translated,540,0235f9e3a7,<CR> br=0 nl=0,9,keep-tags <CR>; src-longest-line=137
item:328,シエスタサンダル,午睡凉鞋,translated,36,19ce8b2a34,br=0 nl=0,12,
item:329,シエラリアプレート,谢拉利亚极板,translated,28,ac63991318,br=0 nl=0,3,
item:330,シスターメギドさん,修女梅吉多,translated,28,a36354d6d1,br=0 nl=0,8,
item:331,シストロン,顺反子,translated,16,0193807c19,br=0 nl=0,3,
item:332,シチュー？,炖菜？,translated,16,937311e82d,br=0 nl=0,3,
item:333,シャキシャキ果実？,清脆果实？,translated,36,5e5d4c3160,br=0 nl=0,12,
item:334,ショコラーゲン,巧克胶原,translated,22,4daf761976,br=0 nl=0,10,
item:335,シンフォニックロア,交响传说,translated,28,878f0bc8f6,br=0 nl=0,3,
item:336,シーズホワイト,种子白,translated,22,dd0c918bc1,br=0 nl=0,12,
item:337,シーフードドリアイ,海鲜焗饭,translated,28,b3c49fede0,br=0 nl=0,2,
item:338,ジェノピングライター,杰诺ping写入器,translated,36,f549ce0d08,br=0 nl=0,9,
item:339,ジェノミライでイオンがクラケットから貰った白衣を再現したもの。<CR>リュテア生地で作られているため、薄手でも温かい。また強靭で、万が一危険な薬品をこぼしてしまったとしても高い耐薬品性があるため、危険も避けられるようになっている。他にも様々な工具をポケットに入れられる優れものである。,在杰诺米莱伊依恩从库拉肯特处获赠的白大褂的复原品。<CR>由于是用柳提亚面料制成，轻薄却很保暖。而且质地坚韧，万一洒上危险药品也具备很高的耐药性，能够规避危险。此外还能在口袋里装入各种各样的工具，是一件极其出色的物品。,translated,419,e62438f3e3,<CR> br=0 nl=0,6,keep-tags <CR>; src-longest-line=142
item:340,ジェノミライでジルがネロの遺伝子と適合するために服用した薬品二種セット。一つは同調した相手と高レベルで精神をシンクロするための精神開放薬。<CR>もう一つは無理やり精神をシンクロさせることによって生じる細胞の損傷を再生させる肉体蘇生薬。<CR>肉体と精神に負荷がかかるため死に至ることもある。,在杰诺米莱伊吉鲁为了与妮诺的基因适配而服用的两种药品套装。一种是用于与同调对象高层次同步精神的精神开放药。<CR>另一种是用于再生因强行同步精神而受损细胞的肉体苏生药。<CR>由于会对肉体和精神造成极重负担，甚至可能致人死亡。,translated,424,161f116880,<CR> <CR> br=0 nl=0,6,keep-tags <CR>; src-longest-line=146
item:341,ジェノミライで出会ったクラケットが食べていたものの一つがニュロスティックである。<CR>色々な味が存在し、かつてはキャラメル味を賭けて勝負したこともあるらしい。ただ、イオン曰くタイヤをかじったかのような味がするらしく、せっかく作ったものの食べたくはないようだ。,在杰诺米莱伊相遇的库拉肯特所吃的食物之一就是喵洛棒。<CR>存在着各种口味，据说过去甚至还曾为了争夺焦糖味而决一胜负过。不过据依恩说，这东西吃起来宛如在啃轮胎一样，虽然好不容易做出来了，但似乎并不想吃。,translated,384,8e91a68132,<CR> br=0 nl=0,6,keep-tags <CR>; src-longest-line=130
item:342,ジオメトンクラス,几何级,translated,25,bae5d696f3,br=0 nl=0,8,
item:343,ジオラマ？,西洋镜？,translated,16,aa3894c1b8,br=0 nl=0,9,
item:344,ジュエリーサラダ,珠宝沙拉,translated,25,1507d8a60d,br=0 nl=0,9,
item:345,スイッチ？,开关？,translated,16,0dd382905f,br=0 nl=0,6,
item:346,スターダストナイト,星尘之夜,translated,28,48fcb4e6d1,br=0 nl=0,8,
item:347,スタープリズム,星棱镜,translated,22,eb8fb1161d,br=0 nl=0,10,
item:348,スターリップＲＮＡ,星唇RNA,translated,36,393508a3d8,br=0 nl=0,7,
item:349,スチームメタル,蒸汽金属,translated,22,8d941f1eb3,br=0 nl=0,11,
item:350,スチーム鉱,蒸汽矿,translated,16,c1e373d58e,br=0 nl=0,11,
item:351,スチーム鉱とフロスト鉱を一度溶かしてメタル化して何枚も重ね、さらにそれを安定したマグネム鉱で包む事により、温度変化に対して高い耐性を持たせることに成功した。<CR>寒暖多段緩衝板を使用した内部は、気温が高い環境では涼しく、低い環境では暖かい状態になるように設計されている。,将蒸汽矿和霜冻矿熔化并金属化后层层叠加，进而用稳定的磁能矿将其包裹，成功实现了对温度变化极高的耐受性。<CR>使用冷热多段缓冲板的内部，被设计成在气温较高的环境下保持凉爽、在气温较低的环境下保持温暖的状态。,translated,401,10982febe7,<CR> br=0 nl=0,7,keep-tags <CR>; src-longest-line=136
item:352,スッパイ果実？,酸味果实？,translated,22,d2e84d9894,br=0 nl=0,12,
item:353,スッパイ液体？,酸味液体？,translated,22,4636cfd461,br=0 nl=0,11,
item:354,ステキサンド！,极妙三明治！,translated,22,3082253d2d,br=0 nl=0,10,
item:355,ステリエルクラス,斯特利埃尔级,translated,25,34db9902f4,br=0 nl=0,10,
item:356,ストレイノイズＲＮＡ,杂散噪声RNA,translated,36,e8b0ef82ac,br=0 nl=0,1,
item:357,ストロベリーセイル,草莓船,translated,28,a303e47a35,br=0 nl=0,10,
item:358,ストロベリーセイルとセットで用意されたハイビスカス。<CR>花言葉は“常に新しい美”。本来は一日で枯れてしまうハイビスカスの花だが、今のところその様子はない。ラシェーラではそういうものなのだろうか？,与草莓船成套准备的扶桑花。<CR>花语是“永远崭新的美”。虽说扶桑花原本一天就会枯萎，但目前完全没有枯萎的迹象。在拉榭拉难道向来如此吗？,translated,290,b9d61f8c2b,<CR> br=0 nl=0,10,keep-tags <CR>; src-longest-line=99
item:359,スパイシーミート,辛辣肉,translated,25,974894b99c,br=0 nl=0,2,
item:360,スパイスパイス,香料香料,translated,22,9c8ab7ee52,br=0 nl=0,12,
item:361,スポーツウェア,运动服,translated,22,26527e7c33,br=0 nl=0,4,
item:362,スリッパ？,拖鞋？,translated,16,536dbe250e,br=0 nl=0,12,
item:363,セラディム粉末,塞拉迪姆粉末,translated,22,5bca8d1b73,br=0 nl=0,6,
item:364,セラフィノプレート,塞拉菲诺极板,translated,28,5f7986df20,br=0 nl=0,2,
item:365,セラフィノ結晶,塞拉菲诺结晶,translated,22,ab9e84f047,br=0 nl=0,12,
item:366,セラフィノ結晶を溶かしたものを急激に冷やし、非結晶化したものを円柱状に加工する。さらにそれを薄くスライスしたものがセラフィノプレートである。そのままでは形状が保てず、傷などにも弱いため、光を阻害しない透明な樹脂に包まれている。記憶媒体としては有能だが、一般的には使われていないようだ。,将熔化后的塞拉菲诺结晶急剧冷却，使其非晶化后加工成圆柱状。再将其切成薄片，便制成了塞拉菲诺极板。若原样放置无法保持形状且容易受损，因此被包裹在不遮挡光线的透明树脂中。作为存储介质虽然性能优异，但似乎并未得到广泛普及。,translated,427,52241b781c,br=0 nl=0,2,src-longest-line=142
item:367,セラフィム結晶とメディア結晶を粉末にして、３：２で混合した粉末。<CR>この粉末を溶かしてコーティングするとＴｚ波の伝達効率が格段に上昇するという優れもの。<CR>ただし、混合する割合によっては逆に効率が悪くなるらしく、計量には注意が必要なようだ。,将塞拉菲姆结晶与媒体结晶研磨成粉，以３比２的比例混合而成的粉末。<CR>只要将此粉末溶解后进行涂层，Tz波的传导效率就会大幅提升，是一件极佳的物品。<CR>不过，根据混合比例的不同，传导效率似乎反而会恶化，因此称量时必须格外谨慎。,translated,357,f2dd3b50da,<CR> <CR> br=0 nl=0,6,keep-tags <CR>; src-longest-line=124
item:368,セル・ルージュ,红色赛璐珞,translated,22,9949b845da,br=0 nl=0,10,
item:369,センサー？,传感器？,translated,16,5f61519017,br=0 nl=0,12,
item:370,セーラー帽？,水手帽？,translated,19,85f46268eb,br=0 nl=0,7,
item:371,セーラー？,水手服？,translated,16,1f8558b689,br=0 nl=0,7,
item:372,ゼリー状のもので覆われた砂糖の塊。<CR>名前がヌルヌルなので勘違いされることが多いそうだが、けして表面がヌルヌルしているためではなく、<CR>カロリーが０（ヌル）なため、この名称が付けられたようだ。,被果冻状物体包裹着的糖块。<CR>据说因为名字里带“润滑”，常常容易被人误解，但绝非因为表面滑溜溜的，<CR>而是因为卡路里为零（Null），才取了这样一个名字。,translated,285,34b6d25aa7,<CR> <CR> br=0 nl=0,12,keep-tags <CR>; src-longest-line=100
item:373,ゼロカロ定食,零卡定食,translated,19,12e6a141ae,br=0 nl=0,9,
item:374,ソーラーパネル？,太阳能电池板？,translated,36,e442ffafb1,br=0 nl=0,5,
item:375,タオル？,毛巾？,translated,13,4bbf9586f4,br=0 nl=0,9,
item:376,ターリア黒石,塔利亚黑石,translated,19,cdefd190c0,br=0 nl=0,12,
item:377,ター坊がサーリに渡した救星イオン応援団の団員証。コロン・フォーシーズンでサーリを助けるために奮闘したター坊、キャス、<CR>ネイ、サーリ、白鷹。<CR>そして万寿沙羅で死んでしまったプラム。<CR>彼らとイオンの絆の証ともいえるものであり、イオンにとって大切な心の支えの一つ。,阿达交给莎丽的“救星依恩应援团”团员证。在克隆四季为了拯救莎丽而奋战的阿达、凯斯、<CR>妮伊、莎丽、白鹰。<CR>以及在万寿沙罗死去的布拉姆。<CR>这是他们与依恩羁绊的证明，也是对依恩而言至关重要的精神支柱之一。,translated,391,c053675fca,<CR> <CR> <CR> br=0 nl=0,7,keep-tags <CR>; src-longest-line=138
item:378,ター坊とプラムが秘密基地で作っていたＴｚ波の制御端末……らしい。<CR>部品におたまや鍋の蓋などが使われてて非常に不恰好に見える。<CR>イオンが言うには一応使えるらしいが、思い出という意味合いが強いようだ。,据说是阿达和布拉姆在秘密基地里制作的Tz波控制终端……<CR>零部件使用了汤勺和锅盖等，看起来极其笨拙难看。<CR>据依恩说姑且还能用，但似乎更多寄托着回忆的意义。,translated,540,87da8502ac,<CR> <CR> br=0 nl=0,12,keep-tags <CR>; src-longest-line=104
item:379,ター坊のアルバム,阿达的相册,translated,25,43d580736a,br=0 nl=0,12,
item:380,ダイエットケーキ,减肥蛋糕,translated,25,330127d17a,br=0 nl=0,12,
item:381,チェインリング素子,环链元件,translated,36,f22a1c4f31,br=0 nl=0,12,
item:382,チップ？,芯片？,translated,13,be81479945,br=0 nl=0,12,
item:383,チャイナ？,旗袍？,translated,16,2bcf8c3d03,br=0 nl=0,9,
item:384,チャーゼン,炒全,translated,16,ecc2605108,br=0 nl=0,12,
item:385,チャーハンだと半分なので全部という意味でチャーゼン。量も２倍、お肉もタップリという一種のギャグ。味も２倍美味しいとはならないが、肉の量が多い分、普通のチャーハンよりはお得な感じがする。,既然炒“饭”（半）只有一半，为了表示全部便取名为“炒全”。分量翻倍、肉量充足，算是一种冷笑话。味道虽谈不上翻倍美味，但肉量多这一点，比起普通的炒饭还是让人感觉更加划算。,translated,277,c8cc5dce87,br=0 nl=0,12,src-longest-line=92
item:386,チューンシロップ,调谐糖浆,translated,36,a8e0b6b1e3,br=0 nl=0,12,
item:387,チョコっとメロン,微巧甜瓜,translated,25,f269ce9afd,br=0 nl=0,12,
item:388,チョコレートのような甘い木の実を粉末状にした物。常温では溶けず、ある程度加熱すると、チョコレートと同じように溶けるので、まぶしたりソース状にしたりと加工にも適している。,将形似巧克力的甘甜树果研磨成粉末的物品。常温下不会熔化，加热到一定程度后便会像巧克力一样融化，因此非常适合用于撒粉或制成酱汁等加工。,translated,253,08daf27763,br=0 nl=0,12,src-longest-line=84
item:389,ツインリボン,双马尾发带,translated,19,3c5d4abdec,br=0 nl=0,9,
item:390,テレくん人形,泰勒君人偶,translated,19,89f2a17e5b,br=0 nl=0,3,
item:391,テレパス？,传心？,translated,16,4323e87217,br=0 nl=0,4,
item:392,テロルの実,特罗尔果,translated,16,6b39033716,br=0 nl=0,12,
item:393,テロルを潰して熱した物。ドロっとしていて、口に入れると強い酸味と、ほのかな甘みが広がる。<CR>飲み物に風味づけで入れたり、料理のアクセントに添えたりと、お菓子から夕食まで幅広く利用できる。,将特罗尔压碎后加热而成的物品。质地浓稠，放入口中会扩散出强烈的酸味与淡淡的清甜。<CR>不论是加入饮品调味，还是作为料理的画龙点睛之笔，从点心到正餐都能广泛利用。,translated,278,feb8b59bb6,<CR> br=0 nl=0,12,keep-tags <CR>; src-longest-line=95
item:394,テロルソース,特罗尔酱,translated,19,5d9c2f9e32,br=0 nl=0,12,
item:395,ディライトレンズ,悦目镜片,translated,25,60bc6aa28f,br=0 nl=0,12,
item:396,ディレイトプレート,延迟极板,translated,36,72f5b42ad4,br=0 nl=0,9,
item:397,デコ失敗,装饰失败,translated,13,582517ec75,br=0 nl=0,1,
item:398,ト。<CR>Ⅰと同様に動きやすさを重視しつつ、かわいらしい仕上がりになっている。,装。<CR>与Ⅰ同样注重活动的便利性，同时呈现出十分可爱的成衣效果。,translated,113,686bd73275,<CR> br=0 nl=0,9,field is a continuation chunk of a longer source string; translate it as that part only; keep-tags <CR>; src-longest-line=40
item:399,ドクトルコート,医生大褂,translated,22,ce3153753e,br=0 nl=0,6,
item:400,ドクトルコートを作る際にイオンが一緒に作ったナースキャップ。<CR>ドクトルコートはナース服ではないが、ナースキャップも一緒に着けて貰えば、イオンのナース姿が目に浮かぶ……かもしれない。<CR>ただドジっ子気質のあるイオンに注射されることを想像すると嫌な予感しかしないのは言うまでもない。,在制作医生大褂时依恩一同制作的护士帽。<CR>虽然医生大褂并不是护士服，但若让她把护士帽也一同戴上，依恩的护士身姿便会浮现在眼前……也说不定。<CR>不过只要一想象冒失笨拙的依恩给自己打针的场景，就只有不祥的预感，这自然不必多说。,translated,417,aebd0eb104,<CR> <CR> br=0 nl=0,6,keep-tags <CR>; src-longest-line=144
item:401,ナイトキャップ,睡帽,translated,22,ab711a819e,br=0 nl=0,12,
item:402,ナイトフロッガー,夜间青蛙,translated,25,f02359e537,br=0 nl=0,11,
item:403,ナイトフロッガーと一緒に作られた帽子。<CR>ナイトフロッガーはその名の通りカエルをモチーフとしているため、この帽子もなんとなくカエルの顔に見えなくもない。<CR>しかしそれでもスタイリッシュな感じは崩れていないようだ。,与夜间青蛙一同制作的帽子。<CR>由于夜间青蛙正如其名是以青蛙为原型设计的，这顶帽子看起来也隐约有点像青蛙的脸。<CR>但即便如此，整体的时髦感似乎丝毫没有受损。,translated,315,94a0f2a13f,<CR> <CR> br=0 nl=0,11,keep-tags <CR>; src-longest-line=110
item:404,ナースキャップ,护士帽,translated,22,fd16e28ad1,br=0 nl=0,6,
item:405,ニュロスティック,喵洛棒,translated,25,b02e551593,br=0 nl=0,6,
item:406,ニョッキノコ炒め,炒面疙瘩蘑菇,translated,25,0fc62c52c4,br=0 nl=0,10,
item:407,ヌルヌルスイート,零卡甜品,translated,25,7647a2bc2e,br=0 nl=0,12,
item:408,ネイのペンダント,妮伊的吊坠,translated,25,8e81ff7207,br=0 nl=0,5,
item:409,ネイのペンダント？,妮伊的吊坠？,translated,36,7687d561e3,br=0 nl=0,5,
item:410,ネイの普段着をイオンのサイズに合わせて仕立てたもの。<CR>服の名前はもちろん、ネイの舞台衣装が由来。だが、これを着たからといってネイのように華麗に踊ることはできない。特にイオンの場合は、ほぼ絶望的だろう……。サイズを合わせたとはいえ、小柄なネイと比べると色々と危険である。,将妮伊的日常便服按照依恩的尺寸量身剪裁而成的服装。<CR>服装的名字自然源自妮伊的舞台服。然而，即便穿上它也无法像妮伊那样华丽起舞。尤其是依恩的话，希望近乎绝望吧……虽说尺寸改合身了，但比起娇小的妮伊，各种意义上都相当危险。,translated,404,13151b3d7b,<CR> br=0 nl=0,1,keep-tags <CR>; src-longest-line=137
item:411,ネイを通してラシェーラの人々とチェインしたときの記憶を元に作成した腕輪。遺伝子の二重螺旋を描いたような形をしている。<CR>腕輪一つ一つが特定の波を持っており、その波を互いに記憶しておくことで所有者同士のチェインの有効距離を飛躍的に伸ばし、また想いの力の低減も抑えることができる。,以通过妮伊与拉榭拉的人们相联结（Chain）时的记忆为基础制作的手镯。外形宛如勾勒出基因的双螺旋一般。<CR>每个手镯都带有特定的波，通过彼此记忆该波形，能够大幅延长持有者之间联结的有效距离，同时也能抑制思念之力的衰减。,translated,413,6593e832ff,<CR> br=0 nl=0,3,keep-tags <CR>; src-longest-line=140
item:412,ネグリジェ？,睡裙？,translated,19,186cb8d593,br=0 nl=0,5,
item:413,ネプティックＲＮＡ,海王星RNA,translated,36,e5e5a14824,br=0 nl=0,9,
item:414,ネリコポイントカード,妮莉库积分卡,translated,36,affe0ebdb4,br=0 nl=0,12,
item:415,ノエリアＧ２トロン,诺艾莉亚G2特伦,translated,28,2d2ef74ce4,br=0 nl=0,10,
item:416,ハイビスカス,扶桑花,translated,19,49907d7373,br=0 nl=0,10,
item:417,ハイビスカス？,扶桑花？,translated,22,76db86e008,br=0 nl=0,10,
item:418,ハッピースター,开心之星,translated,22,e8ae2d184c,br=0 nl=0,12,
item:419,ハッピーピクニック,快乐野餐,translated,28,c2cc9f7610,br=0 nl=0,11,
item:420,ハピネスウェット,幸福卫衣,translated,25,40657c78bb,br=0 nl=0,3,
item:421,ハピネスウェットと一緒に作ったハート型のイヤリング。ボーイッシュが魅力のハピネスウェットに対し、女性の魅力を引き出す一品となっている。<CR>他の服と組み合わせても、イオンに大人っぽい雰囲気を加えることができるので様々な服、アクセサリーと組み合わせてみよう。,与幸福卫衣一同制作的心形耳环。相较于散发中性魅力的幸福卫衣，这是一件能够衬托出女性魅力的物品。<CR>即使与其他服装搭配，也能为依恩增添一丝成熟大人般的气质，不妨尝试与各种服装、饰品搭配一番吧。,translated,380,c381a606e1,<CR> br=0 nl=0,3,keep-tags <CR>; src-longest-line=129
item:422,ハラハラドリンク,捏汗饮料,translated,36,1a113fdaff,br=0 nl=0,12,
item:423,ハロウィンのために、密かにイオンが作っていた服。胸元の猫と橙色のワンピースから、化け猫とジャックオーランタンをテーマに作られたことが分かる。<CR>ただ、この服を着たイオンに何かをされたとしても、ビックリする気がしない。むしろかわいいとさえ思えそうなのは、イオンの性格のせいだろう。,依恩为了万圣节而悄悄制作的服装。从胸前的猫咪和橙色的连衣裙可以看出，这是以妖猫和南瓜灯为主题制作的。<CR>不过，即便被穿上这身衣服的依恩恶作剧，也完全感觉不会被吓到。反而甚至会觉得很可爱，这大概是因为依恩的性格使然吧。,translated,417,43bb51ff68,<CR> br=0 nl=0,1,keep-tags <CR>; src-longest-line=141
item:424,ハロウィン服？,万圣节服装？,translated,22,99e91248a9,br=0 nl=0,1,
item:425,ハンバーグの中に辛口<CR>カレーが閉じ込めてある。切ることで中のカレーとハンバーグに絡み、ハンバーグの風味をより一層引き立てる役割を果たしている。もう一口！といいたくなるおいしさ。,汉堡肉的内部包裹着辛辣<CR>咖喱。切开后里面的咖喱与汉堡肉相互交融，进一步提升了汉堡肉的风味。好吃到让人忍不住想说“再来一口！”。,translated,266,c3e8e4ecff,<CR> br=0 nl=0,12,keep-tags <CR>; src-longest-line=91
item:426,ハートゴールド,心金,translated,22,296b93bbc5,br=0 nl=0,3,
item:427,ハーモニウム,簧风琴,translated,19,2e7e924818,br=0 nl=0,1,
item:428,バレンタインにデートした際、仮想世界で着たものをイオンが再現した服。<CR>白いエプロンとウサギを模した赤いアクセサリが特徴的なかわいらしい服。<CR>エプロン姿というのもあって、普段着というよりもカフェの店員のような印象が強いが、料理のときに着るには間違いなくピッタリの服である。,情人节约会时，依恩将在虚拟世界中所穿的衣服复原而成的服饰。<CR>以白围裙和仿兔子的红色饰品为特征的可爱服装。<CR>因为是围裙模样，比起日常便服更多给人一种咖啡馆店员的强烈印象，但下厨时穿上无疑是再合适不过的衣服了。,translated,408,4ce298dc96,<CR> <CR> br=0 nl=0,1,keep-tags <CR>; src-longest-line=141
item:429,バーゲンダッツチョコ,芭根达斯巧克力,translated,36,c76ad00a00,br=0 nl=0,10,
item:430,バール材,巴尔木材,translated,13,ff2b9b729c,br=0 nl=0,12,
item:431,パウダリア白石,帕乌达利亚白石,translated,22,545b947fec,br=0 nl=0,12,
item:432,パウダリア白石を砕いて粉末状にしたもの。しかし、たかが研磨剤と侮ってはいけない。荒い研磨剤は部品を傷つけるだけで、その役割を果たさない。<CR>研磨作業する際には、きちんとした研磨剤が当然必要なのだ。,将帕乌达利亚白石粉碎后制成的粉末。然而，切不可因它区区研磨剂就小瞧了它。粗糙的研磨剂只会损伤部件，根本起不到应有的作用。<CR>进行打磨作业时，自然必须使用妥当严谨的研磨剂。,translated,294,5269aceeb1,<CR> br=0 nl=0,12,keep-tags <CR>; src-longest-line=100
item:433,パフェ？,芭菲？,translated,13,2356f34b06,br=0 nl=0,6,
item:434,パラサイトギア,寄生齿轮,translated,22,17b51e2c59,br=0 nl=0,12,
item:435,パリーの帽子,帕里的帽子,translated,19,2a6d88d279,br=0 nl=0,10,
item:436,パンでハンバーグを挟むのではなく、ハンバーグでパンを挟んだあべこべバーガー。<CR>肉が好きな人にとっては魅力的な一品だが、高カロリーとなっているため、食べすぎには注意する必要がある。また、普通のバーガーのように食べると手が汚れてしまうので、食べ方にはコツが必要。,并非用面包夹汉堡肉，而是用汉堡肉夹住面包的反转汉堡。<CR>对于喜好吃肉的人来说是一道极具诱惑的佳品，但因热量极高，需要注意切勿过量食用。此外，如果像吃普通汉堡那样拿起来吃会弄脏双手，在吃法上需要相当的诀窍。,translated,389,0e77e58dd6,<CR> br=0 nl=0,4,keep-tags <CR>; src-longest-line=132
item:437,パンに肉が挟まっているというより、肉の上にパンが乗っているいうサンドイッチ。肉が大きすぎて食べるにはナイフとフォークが必要。<CR>サンドイッチの概念を覆した料理。というかこれ、肉だけで良いんじゃ……。,与其说是面包夹着肉，倒不如说是肉上盖着面包的三明治。肉块实在太大，吃的时候必须借助刀叉。<CR>颠覆了三明治传统概念的料理。话说回来这个，光吃肉不就好了吗……,translated,296,d68bfb3a9d,<CR> br=0 nl=0,10,keep-tags <CR>; src-longest-line=101
item:438,パンやケーキなどに使用される小麦粉。<CR>袋の中身は白い粉で、見た目は地球の小麦粉と大差はないようだが水を加えたものを練って焼いただけでもそれなりの味になるという優れもの。<CR>料理が下手でも大丈夫なようだ。,用于制作面包和蛋糕等的小麦粉。<CR>袋子里装的是白色的粉末，外观看起来与地球上的小麦粉相差无几，但仅仅加水揉捏后烤制就能具有相当不错的味道，是一件佳品。<CR>即便不擅长烹饪似乎也没问题。,translated,303,84cc801a2b,<CR> <CR> br=0 nl=0,12,keep-tags <CR>; src-longest-line=106
item:439,パンサンド？,面包三明治？,translated,19,dcb6f0db64,br=0 nl=0,4,
item:440,パン？,面包？,translated,10,541670f572,br=0 nl=0,12,
item:441,パークパスニュロン,主题乐园护照纽伦,translated,28,115fd6b027,br=0 nl=0,4,
item:442,ヒュムネステリオン,修姆涅斯特利昂,translated,28,ea2ed8535b,br=0 nl=0,5,
item:443,ヒュムネステリオンと共に作ったヘッドドレス。<CR>小さなイオナサルやネイは着けていなかったことからイオンオリジナルの物のようだ。<CR>白い生地のフリルと水色のリボンによりヒュムネステリオンの爽やかなイメージをより際立たせる一品となっている。,与修姆涅斯特利昂一同制作的头饰。<CR>由于年幼的依奥娜萨尔和妮伊并没有佩戴过，看来是依恩独创的物品。<CR>白色布料的花边与浅蓝色的丝带，使这件物品更加凸显出修姆涅斯特利昂清爽的形象。,translated,351,85572f7a30,<CR> <CR> br=0 nl=0,5,keep-tags <CR>; src-longest-line=122
item:444,ヒューズ管のような形状の中に二重螺旋を描く<CR>二つの光の帯が存在する<CR>ＴｘＢＩＯＳ。<CR>製作の際には非常に細かい作業が必要になり、さすがのイオンも目と指がかなり疲れてしまうようだ。<CR>他のＴｘＢＩＯＳと比べると生物の生態に始まり、<CR>ＤＮＡ情報などの細かな検索も可能となっている。,在形如保险丝管的管体内勾勒出双螺旋的<CR>两条光带存在的<CR>TxBIOS。<CR>制作时需要极其精细的作业，即便是依恩似乎眼睛和手指也相当疲累。<CR>与其他TxBIOS相比，不仅能够检索生物生态，<CR>甚至还能进行DNA信息等细致检索。,translated,414,67509c0c0a,<CR> <CR> <CR> <CR> <CR> br=0 nl=0,6,keep-tags <CR>; src-longest-line=151
item:445,ヒューズ管の中に植物が入ったＴｘＢＩＯＳ。<CR>普通に使用しても大した効果は得られないが、反面、長大な詩魔法で使用すると詩の長さに比例して、加速度的に上昇していく。<CR>そのため、日常的な詩魔法に使用しても良い効果は得られないが、大規模な詩魔法では他のＴｘＢＩＯＳの効果を凌駕する。,保险丝管中放入了植物的TxBIOS。<CR>普通使用并不会取得显著效果，但相反，若在冗长的诗魔法中使用，效果会随着诗的长度呈加速度上升。<CR>因此，用于日常的诗魔法并不能取得很好的效果，但在大规模的诗魔法中，其效果足以凌驾于其他TxBIOS之上。,translated,414,0e7db5d8dd,<CR> <CR> br=0 nl=0,3,keep-tags <CR>; src-longest-line=143
item:446,ヒューズ管の中に立方体や四面体などの結晶が詰まったＴｘＢＩＯＳ。<CR>一見するととても使えそうには見えないが、物質の構造解析について優秀な能力をもち、その利用価値は意外と高い。<CR>特にラシェーラの建築業界では手放せない一品となっている。,保险丝管中塞满了立方体和四面体等结晶的TxBIOS。<CR>乍看之下似乎派不上什么用场，但在物质结构解析方面拥有优秀的能力，其利用价值出乎意料地高。<CR>特别是在拉榭拉的建筑行业中，是一件不可或缺的物品。,translated,348,c69af97c8b,<CR> <CR> br=0 nl=0,8,keep-tags <CR>; src-longest-line=121
item:447,ビオトース酵母,生糖酵母,translated,22,8993e2af6f,br=0 nl=0,12,
item:448,ピュアグローリー,纯洁荣耀,translated,25,e3801649b3,br=0 nl=0,1,
item:449,ファイトバンド,加油发带,translated,22,a2e2f64bd1,br=0 nl=0,4,
item:450,フィブラークロス,纤维布,translated,25,07515b4324,br=0 nl=0,12,
item:451,フォトンＲＮＡ,光子RNA,translated,22,d10991c587,br=0 nl=0,8,
item:452,フォーマルウェア？,正装？,translated,36,4c97c06b1f,br=0 nl=0,11,
item:453,フォーマル帽子？,正装帽子？,translated,25,6183f23a27,br=0 nl=0,11,
item:454,フクが来るキノコ,福来蘑菇,translated,25,b0ed4e9d9b,br=0 nl=0,10,
item:455,フクが来るキノコとアンラッキノコを使用したキノコのサラダ。<CR>酸味とさっぱりした味付けが施されたフクが来るキノコと、こってり辛味のあるアンラッキノコが少々の調味料で和えられたサラダ。フクが来るキノコとアンラッキノコの分量を間違えると大変なことになるかもしれない。,使用福来蘑菇与厄运蘑菇拌成的蘑菇沙拉。<CR>带有酸味且调味爽口的福来蘑菇，与浓烈辛辣的厄运蘑菇，加入少量调味料凉拌而成的沙拉。如果搞错了福来蘑菇与厄运蘑菇的分量，说不定会引发不堪设想的后果。,translated,392,581f2252e9,<CR> br=0 nl=0,6,keep-tags <CR>; src-longest-line=133
item:456,フクが来るキノコの相反するキノコ、それがアンラッキノコである。<CR>甘くかつさっぱりとした味のフクが来るキノコとは逆に辛くこってりとした味がするらしい。<CR>そのせいか食べると不幸が訪れるとされ、なんとも不本意な名を付けられてしまった。ただ辛い物好きには幸福かもしれない。,与福来蘑菇截然相反的蘑菇，那便是厄运蘑菇。<CR>据说与口感甘甜清爽的福来蘑菇相反，它尝起来又辣又浓烈。<CR>或许正因如此，人们认为吃下它就会招来不幸，从而被冠以如此冤枉的名字。不过对于喜欢吃辣的人来说或许也是一种幸福。,translated,399,4725ae8693,<CR> <CR> br=0 nl=0,6,keep-tags <CR>; src-longest-line=138
item:457,フリスビー？,飞盘？,translated,19,b8db6cd6b2,br=0 nl=0,2,
item:458,フリフリ？,褶边？,translated,16,a99e70a45d,br=0 nl=0,5,
item:459,フリル帽子？,花边帽子？,translated,19,a24acc2756,br=0 nl=0,11,
item:460,フリーパス？,通票？,translated,19,3860b30f0b,br=0 nl=0,4,
item:461,フルーツパイ,水果派,translated,19,75bf310cc4,br=0 nl=0,11,
item:462,フレアガード,耀斑护盾,translated,19,025da02a96,br=0 nl=0,12,
item:463,フレクシア草,柔韧草,translated,19,9d933ad6ae,br=0 nl=0,11,
item:464,フロストメタル,霜冻金属,translated,22,3774ce3fed,br=0 nl=0,9,
item:465,フロスト鉱,霜冻矿,translated,16,abf5008ae4,br=0 nl=0,10,
item:466,フロスト鉱をうちわの表面に薄く加工したうちわ。<CR>フロスト鉱を加工した分、普通のうちわよりも重くなってはいるが、はっきりとした違いは分からない程度のものである。<CR>むしろフロスト鉱を加工したことにより、扇がなくても持っているだけで涼しくなるという優れもの。,将霜冻矿薄薄地加工在扇面上的团扇。<CR>虽然因为加工了霜冻矿而比普通的团扇略重一些，但差距几乎感觉不出来。<CR>反而正因为加工了霜冻矿，即便不用力扇风，光是拿在手里就能让人感到凉爽，堪称一件佳品。,translated,381,126853c1b8,<CR> <CR> br=0 nl=0,8,keep-tags <CR>; src-longest-line=132
item:467,フロスト鉱を冶金して純度を高めた金属。冷水に浸かっているような冷たさがあり、長時間じかに触っていると凍傷になりそうだ。イオンの言う通り、これをたくさん作っておけば冷房の代わりにはなるだろう。,将霜冻矿冶炼后提高纯度得到的金属。宛如浸泡在冰水中一般的冰冷，长时间直接触摸甚至可能会被冻伤。正如依恩所说，如果大量制作的话，想必能代替冷气使用吧。,translated,286,c2fb78c16e,br=0 nl=0,9,src-longest-line=95
item:468,フロートメタル,浮游金属,translated,22,4dd2f79992,br=0 nl=0,4,
item:469,フワフワで甘い、割と簡単に作れるお菓子。ミュジルの実を混ぜ込んだり、意外と工夫の幅は広いらしいがそのままでも十分に美味しいようだ。<CR>甘めに作られているため、コーヒーや紅茶とよく合いそう。,蓬松松甜滋滋的、制作相对简单的点心。既可以拌入缪汁之果，改良的空间出乎意料地广阔，不过直接品尝似乎也已经十分美味了。<CR>由于做得偏甜，想必与咖啡或红茶很搭。,translated,281,390f28618b,<CR> br=0 nl=0,11,keep-tags <CR>; src-longest-line=96
item:470,フード付きのパーカーとハーフパンツのセット。<CR>防寒性はもちろん、動きやすさも考慮した構造になっているため、寝間着や軽い運動、軽作業の際にも重宝する。また普段着としても申し分ないデザインのためその用途は様々。<CR>ショートヘアのとき着れば普段と雰囲気が違うボーイッシュな一面が見られる。,连帽卫衣与短裤的套装。<CR>不仅具备防寒性，还兼顾了便于活动的构造，因此在作为睡衣、轻度运动或轻量劳作时都非常实用。而且作为日常便服也挑不出毛病的设计，使得其用途十分广泛。<CR>留短发时穿上，能看到与平时氛围不同、充满中性帅气的一面。,translated,423,8e3f7da268,<CR> <CR> br=0 nl=0,3,keep-tags <CR>; src-longest-line=146
item:471,ブラッディソース,鲜血酱,translated,25,051c5d5d8b,br=0 nl=0,12,
item:472,ブルーハミング,蓝色蜂鸟,translated,22,73b829155a,br=0 nl=0,8,
item:473,ブルーハミングと一緒に作った作業用の帽子。<CR>あくまでも作業用の帽子のため、これまでのおしゃれな物と傾向は異なるが、ブルーハミングとセットで使用するとよく似合う。<CR>ボーイッシュな感じになるので、髪をショートにしているときにかぶるとより雰囲気が出るだろう。,与蓝色蜂鸟一同制作的作业用帽子。<CR>由于终究是作业用帽子，与此前时尚风格的物品有所不同，但与蓝色蜂鸟成套佩戴时却非常相称。<CR>因为透着一股帅气中性的气质，在留短发时戴上会更有感觉吧。,translated,381,d81820f3b8,<CR> <CR> br=0 nl=0,8,keep-tags <CR>; src-longest-line=132
item:474,ブルーミングヤード,绽放之庭,translated,28,80bd507ca7,br=0 nl=0,7,
item:475,ブルーミングヤードと一緒に作られた帽子。<CR>明るい色を基調としたブルーミングヤードとは反対に茶褐色で落ち着いた感じの色となっている。,与绽放之庭一同制作的帽子。<CR>与以明亮色彩为基调的绽放之庭相反，采用了茶褐色这一沉稳的色彩。,translated,197,886201562a,<CR> br=0 nl=0,7,keep-tags <CR>; src-longest-line=68
item:476,ブレザー？,西装外套？,translated,16,e5ab03f13d,br=0 nl=0,7,
item:477,プネリトゥス,普内利图斯,translated,19,1cecfc367e,br=0 nl=0,5,
item:478,プライムグラス,优质杯,translated,22,c0740930fb,br=0 nl=0,12,
item:479,プライムグラスのレンズを黒く改良して作られたサングラス。<CR>本来は遮光用のサングラスが、ファッションの一つとして付けられることもあるが、ラシェーラでも同様にサングラスを付ける人たちはいるようだ。,将优质眼镜的镜片改良为黑色制成的太阳镜。<CR>原本作为遮光用的太阳镜，有时也会作为时尚的一部分来佩戴，看来在拉榭拉同样有着佩戴太阳镜的人们。,translated,290,98a139f552,<CR> br=0 nl=0,12,keep-tags <CR>; src-longest-line=99
item:480,プライムグラスの縁を赤いアンダーフレームにしたメガネ。<CR>赤いフレームにしたことでメガネの雰囲気が女性らしくなり、よりファッショナブルに仕上がった一品。<CR>もちろん、今回もレンズに度は入っていないようだ。,将优质眼镜的边框改为红色下半框款式的眼镜。<CR>换成红色镜框后眼镜的气质变得更具女性魅力，是一件更富时尚感的精品。<CR>当然，这次的镜片似乎同样没有度数。,translated,303,387065f562,<CR> <CR> br=0 nl=0,10,keep-tags <CR>; src-longest-line=106
item:481,プラグスーツ？,插入栓服？,translated,22,27dac0f5d2,br=0 nl=0,9,
item:482,プラネタリーメゾンでイオンが使用したＧ２トロン。元々これを作り出したのはノエルと白鷹であり、イオンは記憶を元に再現したということになる。<CR>ただこれがなんの役に立つのかはよく分からない。,依恩在行星公馆使用过的G2特伦。原本制作出这个的是诺艾尔和白鹰，依恩则是根据记忆复原了它。<CR>只是这究竟能派上什么用场，目前还不太清楚。,translated,278,ee78777e89,<CR> br=0 nl=0,10,keep-tags <CR>; src-longest-line=95
item:483,プラネタリーメゾンで白鷹が自作したイオンのフィ<CR>ギュア。花の上に座る半裸のイオンが艶かしい。<CR>これを作った白鷹も白鷹だが、再現したイオンもイオンだ。それだけ印象に残ったということだろうか。,白鹰在行星公馆自制的依恩手<CR>办。端坐在花朵上的半裸依恩显得妩媚妖娆。<CR>做出这东西的白鹰固然是白鹰，将其复原的依恩也是依恩啊。看来那给她留下了相当深刻的印象吧。,translated,285,e6e9347004,<CR> <CR> br=0 nl=0,10,keep-tags <CR>; src-longest-line=100
item:484,プリティベリー,靓丽浆果,translated,22,aaec690b69,br=0 nl=0,1,
item:485,プリムローズ,樱草花,translated,19,c472fe69cb,br=0 nl=0,1,
item:486,プロトＧ２カソード,原型G2阴极,translated,36,b27e63b81e,br=0 nl=0,6,
item:487,プローストクラス,普罗斯特级,translated,25,2f13ed58d5,br=0 nl=0,3,
item:488,ヘッドドレス,头饰,translated,19,71e484baa8,br=0 nl=0,11,
item:489,ベレー帽？,贝雷帽？,translated,16,15b294a6f4,br=0 nl=0,7,
item:490,ベンドル液,本德尔液,translated,16,5436d0463d,br=0 nl=0,11,
item:491,ペアリングを付けてみたいと思ったイオンが、考え抜いた末に作った指輪。<CR>疑う余地もなく、純粋なウエディングリングであり、これをイオンに差し出せばまた変わった彼女の一面が見られるかもしれない。<CR>ちなみに、ウエディングリングは婚約指輪と結婚指輪が一緒になった指輪のことをいうらしい。,想要戴情侣对戒的依恩，深思熟虑后制作出的戒指。<CR>毫无疑问，这是一枚纯粹的结婚对戒，若是将它递给依恩，或许能见到她与往常不同的一面。<CR>顺便一提，据说结婚对戒是指将订婚戒指与结婚戒指合二为一的戒指。,translated,417,ffcb1aee93,<CR> <CR> br=0 nl=0,3,keep-tags <CR>; src-longest-line=144
item:492,ペンダント？,吊坠？,translated,19,4698a03390,br=0 nl=0,7,
item:493,ホリデーキャップ,假日帽,translated,25,967931476b,br=0 nl=0,8,
item:494,ボール？,球？,translated,13,2b7cd4d5ab,br=0 nl=0,1,
item:495,ポニーエクステ,马尾接发,translated,22,66c02a7d65,br=0 nl=0,1,
item:496,ポニーリボン,马尾发带,translated,19,d417fd2547,br=0 nl=0,8,
item:497,ポンタシリーズの最新作、その名もポンタブルーホワイ！<CR>色鮮やかな薄い水色をしており、一見飲み物には見えず発売当初の売れ行きは良いとは言えなかったが、<CR>さっぱりとした味わいと独特な甘みが次第に、人々の間で噂となり、人気の商品となっていったらしい。,蓬太系列的最新作，其名为蓬太蓝色夏威夷！<CR>呈现出鲜艳的浅水蓝色，乍看之下完全不像饮料，发售当初的销量称不上理想，<CR>但清爽的口感与独特的清甜逐渐在人们之间传为美谈，据说后来成了大受欢迎的热销商品。,translated,544,44e2609315,<CR> <CR> br=0 nl=0,9,keep-tags <CR>; src-longest-line=128
item:498,ポンタ・オランジュ,蓬太・橙味,translated,28,c95583eeec,br=0 nl=0,10,
item:499,ポンタ・グレイプ,蓬太・葡萄,translated,25,2c7a9ef46b,br=0 nl=0,12,
item:500,ポンタ・ブルーホワイ,蓬太・蓝色夏威夷,translated,36,61612dbf88,br=0 nl=0,9,
item:501,ポーラーズメモリーⅠ,北极星记忆Ⅰ,translated,36,912e0451cb,br=0 nl=0,12,
item:502,ポーラーズメモリーⅡ,北极星记忆Ⅱ,translated,36,8c4e3278d1,br=0 nl=0,9,
item:503,ポーラーズメモリーⅡと一緒に作られた髪飾り。<CR>一見、大きな花の髪飾りと同じに見えるが、これまで蕾だった花が咲いている。些細な違いだが、これもイオンの心境の変化によるものかもしれない。,与北极星记忆Ⅱ一同制作的发饰。<CR>乍看之下虽然与大花发饰相同，但此前一直含苞的花朵已经绽放开来。虽然只是细微的差别，但这或许也是由于依恩心境的变化所致吧。,translated,275,43220f64ed,<CR> br=0 nl=0,9,keep-tags <CR>; src-longest-line=94
item:504,ポーラーズメモリーⅢ,北极星记忆Ⅲ,translated,36,f2323e68b6,br=0 nl=0,2,
item:505,ポーラーズメモリーⅢと一緒に作られた髪飾り。<CR>大きな花の髪飾りではまだ蕾だったが、イオンの成長を表すかのように大きな花弁が拡がり、さらには新芽も芽生えて来ている。あくまでも髪飾りであり、生の植物をそのまま使用しているわけではない。しかし、こうしてみると否応なく時間の経過を実感できる。,与北极星记忆Ⅲ一同制作的发饰。<CR>在大花发饰上原本还是花蕾，如今却仿佛象征着依恩的成长一般，巨大的花瓣完全绽放，甚至萌生出了新芽。虽说终究只是发饰，并非直接使用了鲜活的植物。但这样看来，却不由得让人真切地感受到时间的流逝。,translated,428,578cc5f4d8,<CR> br=0 nl=0,2,keep-tags <CR>; src-longest-line=145
item:506,マイクロクエーサーとなったラシェーラを入れておくためのガムランボール。<CR>イオンが作ったのはガムランボールだけで、マイクロクエーサーは作られていない。そのかわり、鈍く光る球体を入れることで、少しでも似せようとしている。エセンエリタスという名前は『積み上げられた想い』という意味らしい。,用于放入化作微类星体的拉榭拉的嘎姆兰球。<CR>依恩制作的仅仅是嘎姆兰球，并未制作微类星体。作为替代，在里面放入了散发黯淡光芒的球体，尽可能使其形似。据说艾森埃利塔斯这个名字蕴含着“积聚的思念”之意。,translated,425,d6b6d0446d,<CR> br=0 nl=0,1,keep-tags <CR>; src-longest-line=144
item:507,マグネムメタル,磁能金属,translated,22,28640577a3,br=0 nl=0,11,
item:508,マグネム鉱,磁能矿,translated,16,f001179a04,br=0 nl=0,12,
item:509,マグネム鉱、陸浮石、セラフィノ結晶、メディア結晶を溶かし、一定の割合で混合した特殊合金。<CR>合成はそれほど困難ではないが、その後の加工には特殊な方法が用いられる。<CR>高い硬度と柔軟性を併せ持ち、金属触媒としても利用価値が高いため、ユーテリアメタルを用いた金属部品などは高値で取引される。,将磁能矿、陆浮石、塞拉菲诺结晶、媒体结晶熔化后，按一定比例混合制成的特殊合金。<CR>虽然合成并不怎么困难，但随后的加工需要采用特殊的方法。<CR>兼具高硬度与柔韧性，作为金属催化剂也拥有很高的利用价值，因此使用优泰利亚金属制作的金属零件等往往以高价交易。,translated,426,c43e5ff55c,<CR> <CR> br=0 nl=0,3,keep-tags <CR>; src-longest-line=147
item:510,マグネム鉱を一度溶かしてインゴットにしたもの。<CR>鉱石の状態だったマグネム鉱よりも高い純度になってるようで、その強度や展延性も向上してる。<CR>より良い金属素材が必要なとき、役に立ってくれそうだ。,将磁能矿熔化后制成的铸锭。<CR>纯度似乎比矿石状态的磁能矿更高，其强度与延展性也得到了提升。<CR>当需要更优质的金属材料时，似乎能派上用场。,translated,288,cf50f1a85c,<CR> <CR> br=0 nl=0,11,keep-tags <CR>; src-longest-line=101
item:511,マジックガラス？,魔术玻璃？,translated,36,dadb14ef4b,br=0 nl=0,7,
item:512,マッダラーム,玛达拉姆,translated,19,bfb073a7e9,br=0 nl=0,12,
item:513,マメミソ,豆味噌,translated,13,ca5acc20a3,br=0 nl=0,12,
item:514,マルテーラクロス,玛尔泰拉布,translated,25,7761b84f6e,br=0 nl=0,12,
item:515,マルベリーベレー,桑葚贝雷帽,translated,25,bed34c6f84,br=0 nl=0,7,
item:516,ミソデココ,椰果味噌,translated,16,c78675af67,br=0 nl=0,12,
item:517,ミニにゅろきー？,迷你喵洛基？,translated,36,ee81306276,br=0 nl=0,4,
item:518,ミニ水族館？,迷你水族馆？,translated,19,66667ff59c,br=0 nl=0,9,
item:519,ミュジルの実,缪汁果实,translated,19,bb337abe1b,br=0 nl=0,12,
item:520,ミュジルミート,缪汁肉,translated,22,b0d97eb148,br=0 nl=0,6,
item:521,ミルキィウェイサンド,银河三明治,translated,36,dc6e64e657,br=0 nl=0,12,
item:522,メイド服？,女仆装？,translated,16,36ed2aac15,br=0 nl=0,11,
item:523,メタルその１？,金属其一？,translated,22,cec1e10099,br=0 nl=0,11,
item:524,メタルその２？,金属其二？,translated,22,01e6b7561f,br=0 nl=0,11,
item:525,メタルその３？,金属其三？,translated,22,031809a7c7,br=0 nl=0,9,
item:526,メタルその４？,金属其四？,translated,22,64c7c5df1c,br=0 nl=0,4,
item:527,メタルその５？,金属其五？,translated,22,fed5521b2d,br=0 nl=0,3,
item:528,メディの花,梅迪之花,translated,16,e9aee0969e,br=0 nl=0,11,
item:529,メディアケーブル,媒体线缆,translated,36,9e239f8ed5,br=0 nl=0,12,
item:530,メディアケーブルを改良したもので、ポリセラフィノメディアケーブルの略。<CR>粉砕したセラフィノ結晶を樹脂に加え、その樹脂を薄くコーティングすることでケーブルのエネルギー伝導率を飛躍的に高めることに成功している。伝導率が上がったことで、少ないエネルギーでも高効率の稼動が可能となった。,媒体线缆的改良版，是聚塞拉菲诺媒体线缆的简称。<CR>将粉碎的塞拉菲诺结晶加入树脂中，并将该树脂薄薄地涂覆一层，成功使线缆的能量导电率实现了飞跃性的提升。导电率提升后，即便使用较少的能量也能实现高效运转。,translated,419,d38c09cd0a,<CR> br=0 nl=0,1,keep-tags <CR>; src-longest-line=142
item:531,メディア結晶,媒体结晶,translated,19,4b63b14f61,br=0 nl=0,12,
item:532,メモリア,回忆,translated,13,d45e1e76b7,br=0 nl=0,1,
item:533,モモフィッシュ,桃鱼,translated,22,1f54a5c78d,br=0 nl=0,12,
item:534,モロッカの実,莫罗卡之果,translated,19,f23cf94461,br=0 nl=0,12,
item:535,モロッカの実を使用して作ったりんご飴。<CR>仮想世界で思いついたレシピなだけあって、その味や見た目はこちらのものと大きな違いはないようだ。<CR>せっかくの縁日。ただ歩くだけなんて詰まらない。<CR>祭りの花は出店に買い食いである。<CR>これを差し出してイオンともっと縁日を楽しもう。,使用莫罗卡之果制作的苹果糖。<CR>正因为是在虚拟世界中想到的食谱，其味道和外观与这边的东西似乎并没有太大区别。<CR>难得的庙会。光是随便逛逛也太无趣了。<CR>庙会的精华就在于逛小摊边买边吃。<CR>把这个递给依恩，一起更加尽兴地畅玩庙会吧。,translated,401,2910251a00,<CR> <CR> <CR> <CR> br=0 nl=0,5,keep-tags <CR>; src-longest-line=144
item:536,モロッカの実を絞った<CR>ジュース。モロッカは酸味が強いのが特徴だが、繊維を壊すことでまろやかな甘さが加わる。<CR>ただし、依然酸味は強く、一気に吸い込むとむせてしまう。<CR>ちびちび飲むのが通。,压榨莫罗卡之果制成的<CR>果汁。莫罗卡的特征是酸味强烈，但破坏果肉纤维后会增添一份醇厚的甘甜。<CR>不过酸味依然很重，如果一口气猛吸会被呛到。<CR>细细啜饮才是行家喝法。,translated,280,eaf2be6df7,<CR> <CR> <CR> br=0 nl=0,12,keep-tags <CR>; src-longest-line=101
item:537,ユグドラシャフト,世界树之轴,translated,25,a2b3198781,br=0 nl=0,6,
item:538,ユンクの実,尤恩克之果,translated,16,1ea8edb33b,br=0 nl=0,12,
item:539,ユーテリアメタル,优泰利亚金属,translated,25,5dacc011dd,br=0 nl=0,3,
item:540,ヨッコイ定食,嘿咻定食,translated,19,e9b5183969,br=0 nl=0,9,
item:541,ラシェーラでよく食されている野菜の一種。<CR>“サナリア”という名称だが地球のにんじんとあまり変わらない。<CR>家庭菜園が盛んなことからサナリアを栽培している家も多く、市場によく出回っているようだ。,在拉榭拉经常被食用的一种蔬菜。<CR>虽然被称为“萨纳利亚”，但与地球上的胡萝卜并无太大区别。<CR>由于家庭菜园盛行，种植萨纳利亚的人家很多，在市场上似乎也随处可见。,translated,288,788da87e56,<CR> <CR> br=0 nl=0,12,keep-tags <CR>; src-longest-line=101
item:542,ラシェーラで有名な清涼飲料水。特に子供たちの間で人気が高いらしく、ポンタシリーズの新作を今か今かと待ちわびている子も少なくないらしい。<CR>シュワシュワの炭酸と爽やかなユンク味が人気の秘密のようだ。,在拉榭拉颇具盛名的清凉饮料水。据说尤其在孩子们当中极受欢迎，迫不及待期盼着蓬太系列新作的孩子也不在少数。<CR>咕嘟咕嘟的气泡碳酸与爽口的尤恩克风味似乎正是其受人喜爱的秘诀。,translated,293,c77e272840,<CR> br=0 nl=0,10,keep-tags <CR>; src-longest-line=100
item:543,ラシェーラにおいて、一般的に食べられている家畜の肉。基本的にはきちんと切って調理されるそうだが通な人間は骨がついたまま焼いてまるかじりにするらしい。<CR>一度はやってみたいと思う食べ方である。,在拉榭拉普遍食用的家畜肉。据说基本上都会切好后再烹饪，但内行似乎会带骨直接烤制然后大快朵颐地啃着吃。<CR>真叫人想尝试一次这样的吃法。,translated,284,f04106e853,<CR> br=0 nl=0,12,keep-tags <CR>; src-longest-line=97
item:544,ラシェーラに存在する全ての真空管の中で最も巨大かつ、高出力を誇る真空管。宮城や天文、ソレイル内部など、大規模な波動工学装置の中核に使用されており出力・寿命共に他の真空管の追随を許さない。<CR>また、イオンやネロがラシェーラに召喚された際の七次元転送装置にも同系列の真空管が用いられた。,在拉榭拉存在的所有真空管中，最为庞大且以高输出功率自豪的真空管。用于宫城、天文、太阳号内部等大规模波动工学装置的核心，在输出与寿命方面均令其他真空管望尘莫及。<CR>此外，依恩与妮诺被召唤至拉榭拉时的七维传输装置中，也采用了同系列的真空管。,translated,422,23c197dd20,<CR> br=0 nl=0,2,keep-tags <CR>; src-longest-line=143
item:545,ラシェーラ天球儀,拉榭拉天球仪,translated,25,0373229afb,br=0 nl=0,10,
item:546,ラシェールクイーン,拉榭拉女王,translated,28,ba95ad5021,br=0 nl=0,1,
item:547,ラシェールクイーンと一緒に作られた髪飾り。<CR>ラシェールクイーンと同様に白を基調としており、両端にある羽のような飾りが特徴的。『純粋な栄光』と名前にあるが、これは皇帝だけのこと表したものではない。ラシェーラの人々やジェノムを含めた多くの生命に幸せを願う者としての象徴であるといえる。,与拉榭尔女王一同制作的发饰。<CR>与拉榭尔女王一样以白色为基调，两端的羽毛状装饰极具特色。虽有名为“纯粹荣耀”之意，但这并不仅仅代表皇帝一人。可以说它是作为向包括拉榭拉的人民与杰诺姆在内的众多生命祈求幸福者的象征。,translated,422,68858ec761,<CR> br=0 nl=0,1,keep-tags <CR>; src-longest-line=143
item:548,ラシェール・フューザーをイオンが謳ったときに着た服。世界唯一の皇帝であるラシェーラの伝統衣装の一つであり、特に重要な詩を謳う際には必ず着ることになっていたもの。<CR>現在のイオンは皇帝ではないが、当時の記憶を元に再現することに成功した。ただし、羽だけは邪魔になるので再現されていない。,依恩在咏唱拉榭尔・融合者时所穿的服装。是身为世界唯一皇帝的拉榭拉传统服饰之一，在咏唱尤其重要的诗歌时规定必须穿戴。<CR>现在的依恩虽然不是皇帝，但根据当时的记忆成功将其复原。不过，唯独翅膀因为碍事而没有复原。,translated,422,52a9052d79,<CR> br=0 nl=0,1,keep-tags <CR>; src-longest-line=143
item:549,ラネイエクロス,拉内耶布,translated,22,c8078568d9,br=0 nl=0,12,
item:550,ラビットカチューシャ,兔耳发箍,translated,36,a4c6ec4ea1,br=0 nl=0,1,
item:551,ラブラブドリンク？,恩爱饮料？,translated,36,4aa0ba0b08,br=0 nl=0,10,
item:552,ラム・ド・ルウレライ,鲁雷莱的羊肉,translated,36,88f5b69122,br=0 nl=0,12,
item:553,ラーナペンス,拉纳彭斯,translated,19,f4bd84d45c,br=0 nl=0,11,
item:554,リバーサイド,河畔,translated,19,b0030d257f,br=0 nl=0,12,
item:555,リバースバーガー,反转汉堡,translated,25,9258069cf0,br=0 nl=0,4,
item:556,リムレスフレーム？,无框镜架？,translated,36,f36c50de5c,br=0 nl=0,10,
item:557,リュテア生地,柳提亚面料,translated,19,9fcfa97a9c,br=0 nl=0,6,
item:558,リリスの花,莉莉丝之花,translated,16,ca74424591,br=0 nl=0,12,
item:559,リンカージェン,连接基因,translated,22,9e9c4bf310,br=0 nl=0,12,
item:560,リンカージェンと一緒に作られた帽子。<CR>リンカージェンと同様に鳥がモチーフとなっており、サイドに羽が付けられている。聖歌隊のための衣装の一部だけあって、この帽子一つとっても清楚なイメージがある。,与连接基因一同制作的帽子。<CR>与连接基因同样以鸟为原型，侧面饰有羽毛。不愧是圣歌队服装的一部分，光看这一顶帽子就给人一种清秀端庄的印象。,translated,291,662cdc1e11,<CR> br=0 nl=0,12,keep-tags <CR>; src-longest-line=99
item:561,リンカージェン帽,连接基因帽,translated,25,754587e2b0,br=0 nl=0,12,
item:562,リーベルドレス,利维尔礼服,translated,22,ab69535cb8,br=0 nl=0,11,
item:563,リーベルドレスと一緒に作られた髪飾り。<CR>ヘッドドレスと一口に言っても、その種類は多岐に渡る。このヘッドドレスはカチューシャにフリルを付けた物だが、ワンポイントとして使用されているリボンがかわいらしさを引き立てている。,与利维尔礼服一同制作的发饰。<CR>虽说统称为头饰，其种类却多种多样。这款头饰是在发箍上附带了荷叶边，作为点缀的丝带更是衬托出了十足的可爱。,translated,326,872740e44b,<CR> br=0 nl=0,11,keep-tags <CR>; src-longest-line=111
item:564,ルウレイが夢セカイで作っていたスープを再現しようとして失敗したスープ。<CR>名前は綺麗だが、見た目が明らかにやばそうな色をしていて残念。<CR>イオンは複雑そうだったが一応味だけは良いようだ。,企图复原鲁雷在梦世界中熬制的热汤却失败了的汤。<CR>名字虽然好听，但外观明显呈现出看起来极其不妙的颜色，令人遗憾。<CR>依恩虽然神色复杂，但姑且味道似乎还不错。,translated,276,2bde576f9a,<CR> <CR> br=0 nl=0,12,keep-tags <CR>; src-longest-line=97
item:565,ルウレイが昔聖歌隊で着ていた服。デザインには鳥がイメージされており、所々に羽のようなデザインが使われている。<CR>それにしても、これを着たルウレイを想像すると、若干ブルーな気持ちになる。,鲁雷过去在圣歌队所穿的衣服。设计上以鸟为原型，各处都采用了类似羽毛的设计。<CR>话虽如此，只要一想象鲁雷穿上这身衣服的样子，心情就难免有些郁闷。,translated,275,bd3a213312,<CR> br=0 nl=0,12,keep-tags <CR>; src-longest-line=94
item:566,ルウレイの古着？,鲁雷的旧衣服？,translated,36,07675c1e09,br=0 nl=0,12,
item:567,ルビーグラス,红宝石草,translated,19,8c35577fa5,br=0 nl=0,5,
item:568,ルビーグラスのサラダ,红宝石草沙拉,translated,36,fb642d4901,br=0 nl=0,5,
item:569,ルビーグラスを利用したロールキャベツ。<CR>熱を加えて甘さが増したルビーグラスで肉を包み、<CR>ジューシーさとルビーグラスの甘みが何ともいえないうま味を作り出す。<CR>また熱を加えることでルビーグラスが鮮やかな赤色になり、見た目でも楽しませてくれる。,利用红宝石草制作的卷心菜肉卷。<CR>用加热后甘甜倍增的红宝石草包裹住肉馅，<CR>肉汁的鲜美与红宝石草的清甜营造出难以言喻的美味。<CR>此外加热后红宝石草会变成鲜艳的红色，外观上也十分赏心悦目。,translated,361,3ee66e22fb,<CR> <CR> <CR> br=0 nl=0,5,keep-tags <CR>; src-longest-line=128
item:570,ルビーロール,红宝石肉卷,translated,19,e0b342ec20,br=0 nl=0,5,
item:571,ルルーの毛皮,缕缕的毛皮,translated,19,0b505ba7d8,br=0 nl=0,12,
item:572,ルルーの肉,缕缕的肉,translated,16,a8de432165,br=0 nl=0,12,
item:573,レクティオスＲＮＡ,雷克提奥斯RNA,translated,28,9067e1ae4e,br=0 nl=0,3,
item:574,レシピブック,配方书,translated,19,e2a0755734,br=0 nl=0,5,
item:575,レジスタートロン,电阻特伦,translated,25,a7934b7832,br=0 nl=0,5,
item:576,レジスタートロン差分,电阻特伦差分,translated,36,06ec3b8a50,br=0 nl=0,5,
item:577,レッドフレーム,红框,translated,22,c8fb0867d3,br=0 nl=0,10,
item:578,レナルルとぱれす・にゅろきーるを歩いたときにイオンが着ていた服。<CR>本来はぱれす・にゅろきーるの売店や各種アトラクションの案内をするスタッフの制服。シンプルかつ動き易い作りをしつつ、かわいらしさを忘れないデザインとなっている。また、若干子供っぽい印象を受けるのはテーマパーク故だろう。,与蕾娜露露一同漫步在喵洛基鲁・王宫时依恩所穿的衣服。<CR>原本是喵洛基鲁・王宫小卖部及各游乐设施导引工作人员的制服。结构简单便于活动，同时不失可爱俏皮的设计。此外，略带孩童般的稚气感也是由于主题公园的缘故吧。,translated,540,33ff1c2311,<CR> br=0 nl=0,4,keep-tags <CR>; src-longest-line=144
item:579,レナルルのお守り,蕾娜露露的护身符,translated,25,06839ded68,br=0 nl=0,5,
item:580,レナルルのお守り？,蕾娜露露的护身符？,translated,36,fdc4a829cc,br=0 nl=0,5,
item:581,レンズ？,镜片？,translated,13,cdbfb8d72e,br=0 nl=0,12,
item:582,ロザリオ,念珠,translated,13,5a0e6fd542,br=0 nl=0,6,
item:583,ロストギアＲＮＡ,遗失齿轮RNA,translated,25,9cf1988db4,br=0 nl=0,6,
item:584,ロボット？,机器人？,translated,16,34daabbb8a,br=0 nl=0,1,
item:585,ロール？,肉卷？,translated,13,f2984dad2a,br=0 nl=0,5,
item:586,ワンカットサラダ,一刀切沙拉,translated,25,24d6fe1b26,br=0 nl=0,2,
item:587,ヴィチェーレ,维切雷,translated,19,2fcd501c3a,br=0 nl=0,11,
item:588,ヴェルグリス,铜绿,translated,19,1d503d62b7,br=0 nl=0,1,
item:589,ーイッシュな一面が見られる。,中性帅气的一面。,translated,43,f715c7310c,br=0 nl=0,3,field is a continuation chunk of a longer source string; translate it as that part only
item:590,一口サラダ？,一口沙拉？,translated,19,8997a99c89,br=0 nl=0,2,
item:591,一昔前に使用されていた脳波や精神波を記録するための媒体。<CR>有態に言えば、高性能な嘘発見器のようなもの。<CR>一度、これで本当のことを言っているのか試してみたくもなるが、普段から使用するのは倫理的に良いとは言えないだろう。<CR>ただ、お遊び程度にやってみるのはありかも？,过去曾用于记录脑波和精神波的介质。<CR>说白了就是高性能测谎仪之类的东西。<CR>虽然让人忍不住想用它测试一下对方是否在说真话，但平时经常使用在伦理上可说不过去。<CR>不过，作为小游戏试一试或许还不错？,translated,394,a511ace729,<CR> <CR> <CR> br=0 nl=0,7,keep-tags <CR>; src-longest-line=139
item:592,一時記憶装置？,临时存储装置？,translated,22,2e797e0f0b,br=0 nl=0,3,
item:593,一発逆転ボタン,一发逆转按钮,translated,22,f9f3db8068,br=0 nl=0,6,
item:594,一般的なピクニック用の<CR>お弁当。<CR>おにぎりにからあげ、ウィンナーに卵焼きとお弁当の王道とも言える内容。<CR>陽だまりの中、このお弁当を家族や友人、恋人と食べたら、それはきっと幸せな思い出になることは間違いないだろう。,普通的野餐用<CR>便当。<CR>饭团配炸鸡块、小香肠配厚蛋烧，堪称便当界的王道搭配。<CR>在和煦阳光下，与家人、朋友或恋人一同品尝这款便当，想必一定会成为幸福的回忆吧。,translated,322,94616df63a,<CR> <CR> <CR> br=0 nl=0,11,keep-tags <CR>; src-longest-line=115
item:595,一般的に食べられているとりにく。<CR>羽をむしられたような見た目だが、本当の鳥ではないらしい。ラシェーラの家庭菜園は肉のようなものを栽培することができ、それによって作られた鳥の形の肉だという。,普遍食用的鸡肉。<CR>外观看起来像是被拔光了羽毛，但据说并非真正的鸟类。拉榭拉的家庭菜园能够培育类似肉类的物质，据说这是借此培育出的鸟形肉类。,translated,284,3ea6451b57,<CR> br=0 nl=0,12,keep-tags <CR>; src-longest-line=97
item:596,一見ゼリーにしか見えないが、正体はソーダを使ったプリン。<CR>色合いの問題で、カラメルではなくクリームを添えてある。<CR>プリン独特の濃厚な味わいと、抜けるようなスッキリとした後味が特徴。,乍看之下完全像果冻，真面目却是加入了苏打汽水的布丁。<CR>出于配色的考虑，并未浇焦糖，而是佐以鲜奶油。<CR>布丁独特的浓郁口感与通透清爽的余味是其最大特征。,translated,273,ac567e90fc,<CR> <CR> br=0 nl=0,12,keep-tags <CR>; src-longest-line=96
item:597,万寿の絆？,万寿羁绊？,translated,16,01ce9cdcd8,br=0 nl=0,12,
item:598,万寿沙羅で経験したチェインを元にして作られた増幅装置。<CR>武器などに使用すればその能力を向上させることができるらしい。だが今は武器もないし敵もいない。<CR>今のところあまり意味はないようだ。,以在万寿沙罗经历的联结为基础制作的增幅装置。<CR>若用于武器等似乎能够提升其性能。不过如今既没有武器也没有敌人。<CR>目前看来似乎派不上什么用场。,translated,540,2de0a655fc,<CR> <CR> br=0 nl=0,12,keep-tags <CR>; src-longest-line=98
item:599,万寿沙羅のときからずっと一緒だった大切な友達の思い出と、忘れたくない想いから形にした人形。<CR>こういったものを作るのが苦手なイオンにしては、姿形はテレフンケンによく似ている。多少の形の崩れもデフォルメの範疇だろう。それだけ、イオンにとってテレフンケンといた時間は大切だったのだろう。,源于从万寿沙罗时期起就一直相伴的重要朋友的回忆，以及不想忘却的心愿而做成的玩偶。<CR>对于不擅长做这类手工的依恩来说，身形外表做得很像泰雷芬肯。些许走形大概也属于Q版化风格的范畴吧。正因如此，与泰雷芬肯共度的时光对依恩而言一定无比珍贵吧。,translated,422,69d7c564fe,<CR> br=0 nl=0,3,keep-tags <CR>; src-longest-line=143
item:600,丈夫な布？,结实的布？,translated,16,a5120b43d2,br=0 nl=0,12,
item:601,上から見ると星のような形をした縞々模様のキノコ。食べると宇宙を感じ、空をも飛べるような気持ちになるらしい。<CR>……もちろん毒で。<CR>コスモキノコの毒は冷水に長時間つけることで抜けるようだ。,俯瞰呈星形、带有条纹花样的蘑菇。据说吃下后能感受到宇宙，产生甚至能翱翔天空般的奇妙感觉。<CR>……当然是由于中毒。<CR>宇宙蘑菇的毒性浸泡在冷水中长时间放置似乎便能去除。,translated,279,4aa25c7252,<CR> <CR> br=0 nl=0,10,keep-tags <CR>; src-longest-line=98
item:602,不思議な模様,不可思议花纹,translated,19,61dbc26bfe,br=0 nl=0,2,
item:603,不思議な紙？,神奇的纸？,translated,19,25cc3bc727,br=0 nl=0,7,
item:604,不思議な薬？,神奇的药？,translated,36,6afb9dc1c6,br=0 nl=0,12,
item:605,不思議キノコ？,不可思议蘑菇？,translated,22,f71726f9ea,br=0 nl=0,10,
item:606,不足の人やさっぱりしたものを食べたい人にオススメしたい一品。,的人群或想吃清淡食物的人群极力推荐的一道美味。,translated,219,d5ef25ce1b,br=0 nl=0,7,field is a continuation chunk of a longer source string; translate it as that part only; src-longest-line=30
item:607,丸い玉？,圆球？,translated,13,3974a5aa18,br=0 nl=0,10,
item:608,丸太を加工しやすいように切られた木材。<CR>ホームセンターにいけば、同じようなものが見られるはず。<CR>これが何の木なのか全くの不明だけど、木が素材として使われるのはどこの世界でも同じようだ。,为了便于加工而将原木锯开得到的木材。<CR>如果去家居建材超市，应该能看到同类的木材。<CR>虽然完全不知道这是什么树木，但将木材作为原料在哪个世界似乎都一样。,translated,279,ce611c5a28,<CR> <CR> br=0 nl=0,12,keep-tags <CR>; src-longest-line=98
item:609,乳鉢を倒す,打翻研钵,translated,16,2f7a7843d4,br=0 nl=0,1,
item:610,二つのギア？,两枚齿轮？,translated,19,d6964880ef,br=0 nl=0,12,
item:611,二極式整流真空管,二极式整流真空管,translated,25,f1498d41e4,br=0 nl=0,12,
item:612,仮想世界のショッピング<CR>センターで買い物気分を味わうために作ったポイントカード。<CR>カード自体は仮想世界に行く際に消費されてしまうことになるが、デートのきっかけと買い物を楽しむには十分かもしれない。,为了在虚拟世界的购物<CR>中心体验购物氛围而制作的积分卡。<CR>卡片本身在前往虚拟世界时会被消耗掉，但作为约会的契机和享受购物而言或许已经足够了。,translated,540,5f79914770,<CR> <CR> br=0 nl=0,12,keep-tags <CR>; src-longest-line=104
item:613,何かの鳥の卵。<CR>何の鳥の卵かイオンも知らないらしいが、ラシェーラでは一般的に食べられている卵。<CR>それにしても、ずいぶんと大きい気がする。きっと見たこともないような巨大な鳥の卵なのだろう。,某种鸟类的蛋。<CR>虽说究竟是什么鸟的蛋依恩似乎也不清楚，但在拉榭拉是普遍食用的蛋类。<CR>话虽如此，感觉分量格外巨大。想必是前所未见的某种巨鸟之蛋吧。,translated,282,016740738b,<CR> <CR> br=0 nl=0,12,keep-tags <CR>; src-longest-line=99
item:614,何の骨か分からないがとにかく巨大な骨。マンモスの象牙のような牙をしたサーベルタイガー……のように見えなくもない。<CR>もし生きてるのなら、どんな生き物なのか見てみたいような気もする。,虽然不知道是什么骨头，但总之是非常巨大的骨骼。形如长着猛犸象牙般巨齿的剑齿虎……看起来略带几分形似。<CR>若是还活着的话，真让人有点想亲眼看看究竟是何种生物。,translated,269,f787f76420,<CR> br=0 nl=0,11,keep-tags <CR>; src-longest-line=92
item:615,作業帽？,工作帽？,translated,13,7125ddfec3,br=0 nl=0,8,
item:616,作業着？,工作服？,translated,13,5fd2d00126,br=0 nl=0,8,
item:617,供給源？,供应源？,translated,13,254176beb2,br=0 nl=0,8,
item:618,保存食？,储备粮？,translated,36,c7778f46c5,br=0 nl=0,12,
item:619,信頼の証？,信赖之证？,translated,16,cea6ab42b1,br=0 nl=0,2,
item:620,倒してこぼす,打翻洒出,translated,19,0f8677d115,br=0 nl=0,1,
item:621,儀式用？,仪式用？,translated,13,5e65628b0b,br=0 nl=0,8,
item:622,元々はチューブカンパニーの技術開発部がネプトロンシステムのために開発していたジェノム用のフレームを解体し、人用に作り直したプラグスーツ。<CR>無骨な形状のパーツや、拘束するようなベルトが多く一見動き難そうだが、その多くは筋肉にそった形状になっていて、着てみると動きやすい。,将原本由管道公司技术开发部为尼普特伦系统开发的杰诺姆用骨架拆解后、重新改造成供人类穿戴的插入栓服。<CR>部件造型粗犷且带有许多束缚带，乍看之下似乎很不便行动，但大都贴合肌肉走势设计，穿上后其实非常便于活动。,translated,404,53d56a9609,<CR> br=0 nl=0,9,keep-tags <CR>; src-longest-line=137
item:623,光の粒子が流れるコードや光る管状物が載った近未来的な基板。<CR>物質の安定化よりも、より活性化させることに重きを置いているため、出力は上昇するものの壊れやすくなるという欠点がある。<CR>使用する際には、このことに気をつけて、他の素材で補うなどの工夫が必要になる。,搭载了流淌着光粒子的电线与发光管状物的近未来风基板。<CR>比起物质的稳定性，更注重使其活性化，因此虽然输出功率有所提升，却存在着易损坏的缺陷。<CR>在使用时需要注意这一点，必须借助其他材料加以弥补等进行调整。,translated,384,4e88d12595,<CR> <CR> br=0 nl=0,8,keep-tags <CR>; src-longest-line=133
item:624,光化学ＣＰＵ？,光化学CPU？,translated,22,738b0cff69,br=0 nl=0,6,
item:625,光振動子,光振子,translated,13,1d3a28ab62,br=0 nl=0,5,
item:626,入れるのが難しい。,很难装入。,translated,28,4f735322af,br=0 nl=0,12,
item:627,入力端末？,输入终端？,translated,16,49211d6ee5,br=0 nl=0,9,
item:628,全部で七つの瞳を持つ不気味な魚。<CR>その昔、“この魚を見たら捕まえて食べないと不幸が訪れる”という噂が広がり乱獲され、絶滅寸前になったという魚。<CR>ただそんなに美味しくはないらしい。,总共拥有七只眼睛的怪异鱼类。<CR>相传古时流传着“若看到这种鱼不抓来吃就会招致不幸”的谣言而遭到了过度捕捞，曾一度濒临灭绝。<CR>不过据说其实并没有那么美味。,translated,270,eca2765628,<CR> <CR> br=0 nl=0,12,keep-tags <CR>; src-longest-line=95
item:629,六角制御板,六角控制板,translated,16,4237d8b367,br=0 nl=0,3,
item:630,六角形の基板上にソーラーパネルが載ったＲＮＡ。<CR>耐えず太陽から降り注ぐ<CR>Ｔｚ波を取得する天文を象徴としたＲＮＡであり、放射線など有害な波動に対する耐性が高い性質を持つ。ソーラーパネルなので基板として中に入ってしまったら意味がなさそうだが、<CR>ＲＮＡなので取り付けた機体全体に影響を及ぼす。,六角形基板上搭载着太阳能电池板的RNA。<CR>是象征着不断获取自太阳倾泻而下的<CR>Tz波的“天文”之RNA，具备对辐射等有害波动极高耐受性的性质。因为是太阳能电池板，若作为基板装入机体内部看似毫无意义，<CR>但正因为是RNA，会对安装该元件的整部机体都产生影响。,translated,540,d90c5f3dbf,<CR> <CR> <CR> br=0 nl=0,5,keep-tags <CR>; src-longest-line=152
item:631,内部に存在する光の薄膜が音を捉えると、その波長に合わせて特定の電気信号を発生させ、その信号を解析することによって、音が何の、もしくは誰のものだったのか解析することが出来る。<CR>光振動子が捉えるのは音そのものではなく、音に込められた精神波である。,内部存在的光之薄膜捕捉到声音后，会配合其波长产生特定的电信号，通过对该信号进行解析，能够解析出声音源自何物或属于何人。<CR>光振子捕捉的并非声音本身，而是蕴含在声音中的精神波。,translated,365,a3a7aab389,<CR> br=0 nl=0,5,keep-tags <CR>; src-longest-line=124
item:632,円盤？,圆盘？,translated,10,7de528c06c,br=0 nl=0,2,
item:633,冬にぴったりの厚手のセーター。<CR>普段着のはずなのに、これまでのイオンの服とは雰囲気が違うため、ちょっと新鮮な気分がする。<CR>この服を着たイオンと雪景色がセットになったら、<CR>きっと似合うだろう。<CR>ただ一つ疑問なのは、今のラシェーラに冬はあるのかは謎である。,最适合冬天的厚毛衣。<CR>明明本该是日常便服，氛围却与依恩以往的服装截然不同，给人一种格外新鲜的感觉。<CR>如果依恩穿上这身衣服置身于雪景中，<CR>想必一定会非常相称吧。<CR>唯一让人心存疑问的是，如今的拉榭拉究竟是否有冬天仍是个谜。,translated,383,d828c54986,<CR> <CR> <CR> <CR> br=0 nl=0,9,keep-tags <CR>; src-longest-line=138
item:634,冷たい石？,冰冷石头？,translated,16,16b5061fb7,br=0 nl=0,10,
item:635,冷やして固めたコラーゲンの塊に、甘いチョコレートをかけたお菓子のようなもの。<CR>特に相乗効果はないはずなのに不思議と違和感なく、１つの食べ物として食べることができる。,在冷却凝固的胶原蛋白块上浇上甘甜巧克力的类似点心般的食物。<CR>明明应该没有特别的相乘效应，却不可思议地毫无违和感，能够作为一道完整的食物享用。,translated,248,5c3d83f51e,<CR> br=0 nl=0,10,keep-tags <CR>; src-longest-line=85
item:636,制御チップ？,控制芯片？,translated,19,f584a9ace0,br=0 nl=0,12,
item:637,前にねりこから貰ったレシピを元に作られた水着。<CR>水着の上にＹシャツを着ている分だけ肌の露出は少ないはずだが、水着だけのときよりも官能的に見える。<CR>水着であることは間違いないので、これを着て海に行くのも良いかもしれない。,根据此前从妮莉库处获赠的配方制作的泳装。<CR>虽然因为在泳装外多套了一件白衬衫而使肌肤裸露较少，看起来却比单纯穿泳装时更加性感撩人。<CR>不过终究确实是泳装，穿着它去海边或许也不错。,translated,540,d246104bfd,<CR> <CR> br=0 nl=0,12,keep-tags <CR>; src-longest-line=115
item:638,加速装置？,加速装置？,translated,16,f6a04adfd8,br=0 nl=0,1,
item:639,励起式重力場発生装置,励起式重力场发生装置,translated,36,1c8a6c3360,br=0 nl=0,11,
item:640,動きやすい服？,便于活动的服装？,translated,36,d19637615d,br=0 nl=0,12,
item:641,動物みみセット？,兽耳套装？,translated,25,c027369af5,br=0 nl=0,10,
item:642,北星白銀服？,北星白银装？,translated,19,ab0e49d6f5,br=0 nl=0,1,
item:643,北星黄金服？,北星黄金装？,translated,19,979b9001bf,br=0 nl=0,9,
item:644,十万種を超える海洋生物の生態について載っている電子図鑑。<CR>イオンと一緒に水族館で見たものから、まだ見ぬ生物までもが事細かに情報が記載されているため、これを差し出してデートに行けばまた違った楽しみがありそうだ。,记载了超过十万种海洋生物生态的电子图鉴。<CR>从与依恩一同在水族馆中见到的生物，到尚未谋面的未知生物，都详尽记录了信息，若是将它递给她一同去约会，似乎能带来别样的乐趣。,translated,314,0a1c61a76d,<CR> br=0 nl=0,5,keep-tags <CR>; src-longest-line=107
item:645,千切りにしたルビーグラスを熱湯でさっと茹で、ヴィチェーレ・はちみつ・塩・水などを混ぜたものに漬けて味を馴染ませたサラダ。上に緑色の葉を添えるとルビーグラスの鮮やかな赤が映え、見た目にも楽しむことができる。<CR>ルビーグラスのシャキっという歯応えとさっぱりした味わいが疲労回復に良い。,将切成细丝的红宝石草在热水中焯熟，浸泡在混有维切雷、蜂蜜、盐、水等的料汁中入味的沙拉。在上方点缀绿叶能衬托出红宝石草鲜艳的红色，外观上也十分赏心悦目。<CR>红宝石草清脆爽口的咀嚼感与爽朗的滋味有益于缓解疲劳。,translated,419,7be50deb6b,<CR> br=0 nl=0,5,keep-tags <CR>; src-longest-line=142
item:646,千篇神楽,千篇神乐,translated,13,1b2b5e283f,br=0 nl=0,1,
item:647,千篇神楽と一緒に作った髪飾り。<CR>普段からカノンが着けている髪飾りとエクステを模して作ったもの。エクステの色は、イオンの髪に合わせてある。<CR>カノンがお忍びで出かける際には、これらをはずして行動する。たかが髪型一つと思うかもしれないが、意外と気付かれない。,与千篇神乐一同制作的发饰。<CR>仿照卡诺平时佩戴的发饰与假发片制作的物品。发片的颜色配合了依恩的发色。<CR>卡诺微服外出时，会摘下这些东西行动。或许有人会觉得区区一个发型而已，但出人意料地不会被人认出来。,translated,381,79404c0ea5,<CR> <CR> br=0 nl=0,1,keep-tags <CR>; src-longest-line=132
item:648,半分だけ下ろされた状態で泳いでいる魚。<CR>１匹でなくある程度の数が生息してるため、誰かがさばいたわけではなく、最初からこの状態らしい。<CR>脂が乗って非常に美味だが謎の多い魚。,保持着半边身体被切开的状态仍在游动的鱼。<CR>并非只有一条而是繁衍了一定数量，看来并不是被人切开的，而是生来就处于这种状态。<CR>油脂丰富且极其鲜美，却是一条充满谜团的鱼。,translated,258,5a8badc6f2,<CR> <CR> br=0 nl=0,12,keep-tags <CR>; src-longest-line=91
item:649,半分に切ったかぼちゃを<CR>くり抜いて中にリゾットを入れた少し変わった料理。かぼちゃの甘みがリゾットの味に深みを与えている。固いかぼちゃをくり抜くのは大変だが、その苦労があっても作りたいと思えるほどにおいしいようだ。,将对半切开的南瓜<CR>掏空、在内部装入意式烩饭的一道别具特色的料理。南瓜的甘甜为烩饭增添了浓郁的风味。虽然挖空坚硬的南瓜十分费劲，但即便经历这样的辛苦也让人想要制作，足见其有多么美味。,translated,320,7a83cdfe3d,<CR> br=0 nl=0,11,keep-tags <CR>; src-longest-line=109
item:650,危ない薬？,危险的药？,translated,36,d38ce8f6c2,br=0 nl=0,12,
item:651,卵？,蛋？,translated,7,a9aa517c40,br=0 nl=0,12,
item:652,厚く切った野菜を香草に包んで長時間蒸した温野菜。香草が野菜そのものの旨味を逃がさないだけでなく、より引き立てている。<CR>そのまま食べてもよし、<CR>お好みで醤油やドレッシングをかけるのもよい。<CR>非常にヘルシーなので野菜不足の人やさっぱりしたものを食べたい人にオススメしたい一品。,将厚切的蔬菜用香草包裹后长时间蒸煮的温蔬菜。香草不仅锁住了蔬菜本身的鲜美，更使其风味倍增。<CR>直接食用即可，<CR>根据喜好淋上酱油或沙拉汁也相当不错。<CR>因为极其健康，对于缺乏蔬菜摄入或想吃清爽口感的人而言是一道极力推荐的佳品。,translated,540,862422221a,<CR> <CR> <CR> br=0 nl=0,7,keep-tags <CR>; src-longest-line=145
item:653,厚切り野菜の香草蒸し,厚切蔬菜香草蒸,translated,36,e84707b75f,br=0 nl=0,7,
item:654,厳格なる者？,严谨之人？,translated,19,8e3f0ac417,br=0 nl=0,1,
item:655,参考書その３？,参考书其三？,translated,22,ec6b464895,br=0 nl=0,5,
item:656,参考書？,参考书？,translated,13,5fc0cdf5b0,br=0 nl=0,9,
item:657,取り出す際に落とす,取出来时失手滑落,translated,36,72245abbfe,br=0 nl=0,1,
item:658,司書帽子？,图书员帽？,translated,16,41a4d6e261,br=0 nl=0,2,
item:659,司書服？,司书服？,translated,13,7f143a80e2,br=0 nl=0,2,
item:660,吸水繊維？,吸水纤维？,translated,16,6432c6e486,br=0 nl=0,12,
item:661,周囲の空間に音の残滓を発生させ、その振動で空気の壁のようなものを発生させることができるＲＮＡ。<CR>本来は、詩魔法使用時に詠唱者の周囲にランダムに発生するものだったが、それに指向性を持たせ一時的な物理障壁としての役割を持たせることに成功した。ただし、詩魔法とは異なり、その精度は高くない。,能够在周围空间中产生声音残响，并依靠其振动产生类似空气之壁的RNA。<CR>原本是在使用诗魔法时随机产生于咏唱者周围之物，但成功赋予其指向性并使其发挥临时物理障壁的作用。不过，与诗魔法不同，其精度并不算高。,translated,428,99fa62fcb8,<CR> br=0 nl=0,1,keep-tags <CR>; src-longest-line=145
item:662,味噌汁に、なぜか豆腐に似た形の、コリコリした具を入れたもの。一見不気味な組み合わせとしか認識できないが、食感以外は特に味もないので、味噌汁の具としても十分通用することが判明した。,在味噌汤中不知为何加入了形状酷似豆腐、口感爽脆的配料。乍看之下只会被认定为怪异的组合，但由于除口感外并无特殊异味，事实证明作为味噌汤的配料也完全行得通。,translated,268,690ce3e4de,br=0 nl=0,12,src-longest-line=89
item:663,命導御霊鈴,命导御灵铃,translated,16,b3974765e4,br=0 nl=0,2,
item:664,咲き誇る髪飾り,盛开的发饰,translated,22,f22bd6b043,br=0 nl=0,9,
item:665,品である以上、メンテナンスは必須。,作为消耗品，维护是必不可少的。,translated,53,1c206e406f,br=0 nl=0,12,field is a continuation chunk of a longer source string; translate it as that part only
item:666,嘘発見器？,测谎仪？,translated,16,825f5747e1,br=0 nl=0,7,
item:667,四季それぞれの旬の野菜を挟んだ野菜サンド。<CR>全ての四季が存在するコロン・フォーシーズンならではのサンドイッチである。少々具材を挟み過ぎた感はあるが、新鮮な野菜が<CR>シャキッという食感を楽しませ、甘酸っぱい特製のドレッシングがさっぱりとした味を演出する。ただ野菜が苦手な人には辛い一品。,夹入了四季各自应季蔬菜的蔬菜三明治。<CR>唯有拥有全部四季的克隆四季才有的特色三明治。虽说夹入的配料略显过多，但新鲜的蔬菜<CR>带来了爽脆的口感，酸甜的特制沙拉酱更衬托出清爽的风味。不过对于不爱吃蔬菜的人来说是一道难熬的料理。,translated,540,cf2b5e5cf3,<CR> <CR> br=0 nl=0,7,keep-tags <CR>; src-longest-line=147
item:668,四季の彩りサンド,四季绚彩三明治,translated,25,4e56a76dd2,br=0 nl=0,7,
item:669,四季玉,四季玉,translated,10,95a9416cc3,br=0 nl=0,7,
item:670,四角いスープ？,方形汤？,translated,22,8071639a87,br=0 nl=0,1,
item:671,図書館の司書をイメージして作られた服。<CR>モスグリーンのカーディガンに、暗い緑がかった茶色のキュロットスカートという若干地味ながらも、落ち着いた大人の雰囲気を漂わせている。明るい色の服が多いイオンだが、たまにはこういった服も悪くない。読書中に着てもらえば、新しい一面を見られそうだ。,以图书馆司书为灵感制作的服装。<CR>苔绿色的开衫搭配暗绿泛褐色的裤裙，虽然略显朴素，却散发着沉稳的大人氛围。虽然依恩平时多穿明亮色调的衣服，但偶尔换上这样的款式也相当不错。若能让她在读书时穿上，想必能见到崭新的一面。,translated,422,c06c20a0e2,<CR> br=0 nl=0,2,keep-tags <CR>; src-longest-line=143
item:672,図鑑？,图鉴？,translated,10,25c73cc6a7,br=0 nl=0,5,
item:673,固い野菜？,坚硬蔬菜？,translated,16,6611de8080,br=0 nl=0,11,
item:674,地文大寺院に捕らえられていたネイや、過去のイオナサルが着ていたものと色違いの服。<CR>胸から足まで一繋ぎとなっており、防寒などよりも着易さや動き易さを追求した衣服。<CR>長時間の労働などには不向きだが、ちょっとした外出や睡眠時などに適した作りとなっている。,与曾被囚禁在地文大寺院的妮伊、以及过去的依奥娜萨尔所穿衣服颜色不同的款式。<CR>从胸部到腿部连成一体，比起防寒等性能更追求穿脱便利与便于活动的衣服。<CR>虽然不适合长时间的劳作，但设计非常适合短途外出或睡眠时穿戴。,translated,375,23b6ddccaa,<CR> <CR> br=0 nl=0,5,keep-tags <CR>; src-longest-line=130
item:675,地文衣装？,地文服饰？,translated,16,6c8ae53166,br=0 nl=0,8,
item:676,地獄絵図？,地狱绘卷？,translated,16,05bbc764db,br=0 nl=0,6,
item:677,基板の上にＴｚチューブ<CR>カンパニーの工場が形作られたＲＮＡ。<CR>ネプトロンタワーも再現されており、基板上に作られたカンパニーのミニジオラマともいえる。<CR>耐熱、耐寒、耐ショック性は他のＲＮＡよりも劣るが機能効率が良く持久力に優れた特性を持っている。,在基板上构筑了Tz管道<CR>公司工厂造型的RNA。<CR>同时复原了尼普特伦塔，堪称基板上打造出的公司微缩模型。<CR>耐热、耐寒与抗震性能虽不及其他RNA，却具备功能效率高且持久力出众的特性。,translated,370,496421070b,<CR> <CR> <CR> br=0 nl=0,9,keep-tags <CR>; src-longest-line=131
item:678,基板上でにゅろきーたちがパレードを行っている<CR>ＲＮＡ。<CR>ぱれす・にゅろきーるで限定販売されているＲＮＡだが、かわいらしさを優先したため、使いものになるかどうかすら怪しく見える。しかし、実際にはきちんと機能し、性能も高くもなく低くもなくといった無難なものとなっている。,展现着喵洛基们在基板上巡游的<CR>RNA。<CR>虽是在喵洛基鲁・王宫限量销售的RNA，但因优先考虑了可爱感，甚至看起来让人怀疑究竟能不能用。然而实际上功能完好，性能也属于不高不低的中规中矩水平。,translated,402,390f7c694d,<CR> <CR> br=0 nl=0,4,keep-tags <CR>; src-longest-line=139
item:679,基板上にいくつもの歯車<CR>（ギア）が載ったＲＮＡ。その見た目はまるでラシェーラの全景を模倣したように見える。<CR>これらギアはまるでラシェーラの動かしてきた巨大な組織である地文を象徴としているようだが、イオンとしては機械に政治的な要素はあまり持ち込みたくないようだ。,基板上搭载了许多齿轮<CR>的RNA。其外观看起来宛如模拟了拉榭拉的全景。<CR>这些齿轮仿佛象征着一直推动拉榭拉运转的庞大组织“地文”，但依恩似乎并不太想在机械中引入政治因素。,translated,393,434a4f8abe,<CR> <CR> br=0 nl=0,6,keep-tags <CR>; src-longest-line=136
item:680,基盤の上に『∞』の形をしたコードが載ったＲＮＡ。この『∞』は無限を意味するのではなく『循環』のためのもの。<CR>レクティオスＲＮＡは長期的な使用が前提とされているため、他のＲＮＡよりも耐久性や自動修復の能力が重視されている。<CR>その反面、ほかの機能は並かそれ以下の性能である。,在基板上布设有“∞”形导线的RNA。这处“∞”并非代表无限，而是为了“循环”。<CR>雷克提奥斯RNA由于是以长期使用为前提设计的，比起其他RNA更注重耐久性与自我修复能力。<CR>反之，其他功能则处于普通或甚至偏低的水平。,translated,408,b6fc0bfb96,<CR> <CR> br=0 nl=0,3,keep-tags <CR>; src-longest-line=141
item:681,塩,盐,translated,4,9f9ffe8089,br=0 nl=0,12,
item:682,増幅器？,增幅器？,translated,13,7e8a74347e,br=0 nl=0,1,
item:683,変な色のお菓子？,怪色点心？,translated,25,ac4166a276,br=0 nl=0,6,
item:684,夏、そして海の風物詩かき氷！　普通のかき氷に果物を盛り付け、顔のようなものを表現している。<CR>冬の雪だるまに目鼻口を付けるようなものだろうか？これをきっかけに新しい海での会話を楽しめそうだ。,夏天以及大海的风物诗刨冰！在普通的刨冰上摆上水果，展现出宛如脸庞般的模样。<CR>就像冬天给雪人安上眼鼻嘴巴一样吧？借此契机似乎能在海边展开新的愉快对话。,translated,284,c686f6c7b5,<CR> br=0 nl=0,9,keep-tags <CR>; src-longest-line=97
item:685,外壁素材？,外壁材料？,translated,16,58c2c68d54,br=0 nl=0,7,
item:686,夜帽子？,睡帽？,translated,13,a0ab0826af,br=0 nl=0,12,
item:687,夢の珠コロンで出会った天文の区長パリーの帽子。<CR>蝶をイメージしたブローチがおしゃれな大人を感じさせる帽子。<CR>パリーだからこそ似合うのかもしれないが、イオンもこの帽子に興味があって作ってみたようだ。,在梦之珠克隆偶遇的天文区长帕里的帽子。<CR>以蝴蝶为原型的胸针散发出时髦成熟气息的帽子。<CR>虽然或许正因是帕里才格外相配，但依恩似乎对这顶帽子很感兴趣也尝试做了一顶。,translated,297,6244ee832b,<CR> <CR> br=0 nl=0,10,keep-tags <CR>; src-longest-line=104
item:688,夢の珠コロンの中枢に使用されてる重力場発生装置の縮小版。<CR>実物よりもサイズと効果は小さいが、重力を発生させる機構は同じ。<CR>こんなものを作ってしまうイオンは天才ではなかろうか……。,梦之珠克隆中枢所使用的重力场发生装置的缩小版。<CR>虽然尺寸与效果比实物要小，但产生重力的结构是一样的。<CR>能做出这种东西的依恩莫非是个天才吧……,translated,270,1571d95ab6,<CR> <CR> br=0 nl=0,11,keep-tags <CR>; src-longest-line=95
item:689,夢セカイの中で、ター坊がキャスに投げつけたアルバム。さすがに写真までは<CR>作れないようで、その中身は空っぽらしい。いつかこのアルバムにいっぱいの思い出を詰め込んであげられたらと思う。,在梦世界中，阿达扔向凯斯的相册。果然照片似乎还是<CR>无法做出来的，里面似乎空空如也。希望有朝一日能为这本相册装满美好的回忆。,translated,272,b39b93751a,<CR> br=0 nl=0,12,keep-tags <CR>; src-longest-line=93
item:690,夢色パタータサラダ,梦色土豆沙拉,translated,28,f1b238fe91,br=0 nl=0,8,
item:691,大きな花の髪飾り,大花发饰,translated,25,e86dad1e70,br=0 nl=0,12,
item:692,大きな豆？,大豆子？,translated,16,97e6cfa0f7,br=0 nl=0,10,
item:693,大きな骨？,大骨头？,translated,16,bb4b6d78b7,br=0 nl=0,11,
item:694,大きな魚？,大鱼？,translated,16,7697a60233,br=0 nl=0,12,
item:695,大きめのフリルを多用したかわいい水着。風を受けて大きくなびく姿が実に爽やか。<CR>イオンがこれを着ているときに海に誘えば、ちゃんとした海の雰囲気が味わえ、いつもとは違う一面が見られるかもしれない。,大量运用了大荷叶边的可爱泳装。迎风翻飞的模样格外清爽怡人。<CR>趁依恩穿这身衣服时邀请她去海边，既能充分领略大海的氛围，或许还能见到她与以往不同的一面。,translated,290,e5bed9b464,<CR> br=0 nl=0,10,keep-tags <CR>; src-longest-line=99
item:696,大小セットのギア。<CR>まるで子供が大人に寄り添うように、ぴったりと歯車が合ったギアで、ラシェーラの機械部品として重要なものらしい。<CR>地球でもギアは大事な部品だが、ラシェーラでも同じようだ。,大小成对的齿轮。<CR>宛如依偎在大人身边的孩童一般严丝合缝咬合的齿轮，在拉榭拉似乎是重要的机械零件。<CR>齿轮在地球上也是重要的零部件，看来在拉榭拉同样如此。,translated,282,8b35d840ca,<CR> <CR> br=0 nl=0,12,keep-tags <CR>; src-longest-line=99
item:697,大法要の楽譜,大法要乐谱,translated,19,44718ef77b,br=0 nl=0,8,
item:698,大王イカの抱き枕,大王乌贼抱枕,translated,25,729e8ee6d7,br=0 nl=0,7,
item:699,天文で研究されている最新式シェルノトロン用プレート。<CR>優れた反応速度を持たせてあるが、高出力を出そうとすると破損してしまうという耐久性の問題を抱えているため、大規模な詩魔法や離れた距離との通信など高出力が必要な使用には不向きとなっている。,天文正在研究的最新式榭鲁诺特伦用极板。<CR>虽然赋予了优异的反应速度，但若想提高输出就会损坏，存在耐久性方面的问题，因此不适合用于大规模诗魔法或远距离通信等需要高输出的场合。,translated,359,8e1e85cc96,<CR> br=0 nl=0,5,keep-tags <CR>; src-longest-line=122
item:700,天文印瞬間栄養ゼリー,天文牌瞬间营养果冻,translated,36,7f4c80ca2c,br=0 nl=0,5,
item:701,太陽ベゼルより降り注ぐウェーブを曲げ、磁場内部に届かないようにするための装置。<CR>プラネタリー・メゾンのような花弁でウェーブを防ぐ特殊な事例を除き、ほぼ全てのコロンに備わっている装置。当然ながら高い位置のコロンほど強力なウェーブを受けるため、装置の質も高くなっている。,用于使太阳贝捷尔倾泻而下的波偏转、使其无法穿透至磁场内部的装置。<CR>除了像行星公馆那样依靠花瓣阻挡波的特殊事例以外，几乎所有克隆都配备了该装置。理所当然，位置越高的克隆受到的波越强烈，装置的品质也相应更高。,translated,401,e68c3062f9,<CR> br=0 nl=0,2,keep-tags <CR>; src-longest-line=136
item:702,太陽光からＴｚ波を抽出することができる濃い青色の結晶。<CR>Ｔｚ波はラシェーラにおける真空管のエネルギー源のため重要な物質の一つ。<CR>その数は豊富らしく、割と簡単に手に入れられるようだ。,能够从太阳光中提取Tz波的深蓝色结晶。<CR>由于Tz波是拉榭拉真空管的能量来源，属于重要物质之一。<CR>其储量似乎非常丰富，相当容易入手。,translated,273,c800569a80,<CR> <CR> br=0 nl=0,12,keep-tags <CR>; src-longest-line=96
item:703,失われた歯車？,遗失的齿轮？,translated,36,4b89cd1ef1,br=0 nl=0,6,
item:704,奇妙なサラダ？,奇妙的沙拉？,translated,22,177e5d73bc,br=0 nl=0,9,
item:705,奇怪な鳥？,奇怪的鸟？,translated,16,75b8db02eb,br=0 nl=0,11,
item:706,女性のある部分を模したようなオムレツ。<CR>味はともかく、もしこれを地球の女性の前で食べたらセクハラで訴えられそうで怖い。<CR>イオンは気にしていないしラシェーラではそれが普通なのかもしれない。,仿佛模拟了女性某部位形状的蛋包饭。<CR>味道姑且不论，如果当着地球女性的面吃这个，感觉会被控告性骚扰，真让人害怕。<CR>依恩倒是不太介意，或许在拉榭拉这很普通吧。,translated,282,5a08c6eef4,<CR> <CR> br=0 nl=0,12,keep-tags <CR>; src-longest-line=99
item:707,好きです♪やきにく,喜欢你♪烤肉,translated,28,c02925d322,br=0 nl=0,12,
item:708,妖精変身セット,妖精变身套装,translated,22,2c8fa416fb,br=0 nl=0,9,
item:709,学校を訪れたイオンが作成した教科書。この文書の中には、すごい秘密が隠されているらしいが、知らない方がいいようだ。<CR>ただもっと気になるのは、教科書のラクガキ……やはりイオンが書いたのだろうか？,造访学校的依恩编写的教科书。据说这份文书之中隐藏着惊人的秘密，但似乎还是不知道为好。<CR>不过更让人在意的是教科书上的涂鸦……果然是依恩画的吧？,translated,287,2e33e9f192,<CR> br=0 nl=0,11,keep-tags <CR>; src-longest-line=98
item:710,学生用の運動着、もとい体操服とブルマ。<CR>古典的な運動着だが、動き易いことだけは間違いないだろう。ただ、運動不足の人にとっては、太ももが露出してしまうため少々難易度が高いかもしれない。<CR>イオンも気にしていたようだが、採取で出かけているためか、気にするほどではない気がする。,学生用的运动服，也就是体操服与三角裤。<CR>虽说是经典的传统运动服，便于活动这一点毋庸置疑。只是对于平时缺乏运动的人来说，因大腿完全暴露在外，穿起来门槛可能有点高。<CR>依恩似乎也有点介意，但既然经常出门采集，感觉应该没必要那么在意才对。,translated,408,a036d548a5,<CR> <CR> br=0 nl=0,4,keep-tags <CR>; src-longest-line=141
item:711,宇宙が詰まっているかのようなヒューズ管。ステリエルとは、ラシェーラの星座の名前らしい。<CR>これを取り付けると、ジェノメトリクスの拡張が行えるという話だが、それで何がどう変わるのかよく分からない。,仿佛浓缩了整片宇宙的保险丝管。据说斯特利埃尔是拉榭拉的星座之名。<CR>相传只要装上这个就能扩展梦世界，但具体会产生怎样的变化却让人摸不着头脑。,translated,540,8ef2fa9cf2,<CR> br=0 nl=0,10,keep-tags <CR>; src-longest-line=99
item:712,宇宙サラダ,宇宙沙拉,translated,16,a52a5ad80d,br=0 nl=0,3,
item:713,宇宙空間でも使用されることが想定されたグリス。<CR>通常のグリスは真空状態で使おうとしてもすぐに蒸発して使用することができない。それに対して、ヴェルグリスは真空かつ低温の宇宙空間でも使用できるように改良開発された真空グリス。もちろん通常の環境でも使用可能なので、その利用価値は高い。,相较之下，铜绿润滑脂则是为了能在真空且低温的宇宙空间中使用而改良开发的真空润滑脂。<CR>通常的润滑脂在真空状态下使用很快就会蒸发而失效。与之相对，铜绿润滑脂即使在通常环境下也能使用，具有很高的实用价值。,translated,419,8d01916eae,<CR> br=0 nl=0,1,keep-tags <CR>; src-longest-line=142
item:714,宇宙食？,宇宙食？,translated,13,16b92eaa65,br=0 nl=0,3,
item:715,安全装置？,安全装置？,translated,16,af661148e8,br=0 nl=0,9,
item:716,完全同調？,完全同调？,translated,16,06d390eccf,br=0 nl=0,3,
item:717,宮城の壁面のような模様をした布。<CR>布としても良くできており高級な衣類に使用されることもあるようだ。ただし、使いどころを間違えると奇天烈なものになってしまうため、使うときにはそれなりのセンスが必要となる。イオンに、この布を使いこなすだけのそのセンスを求めるのは酷かもしれない。,带有宛如宫城墙面般花纹的布料。<CR>作为布料做工精良，似乎也会用于高档服饰。不过如果用错地方就会变成极其怪异的产物，使用时需要相当的品味。要求依恩拥有驾驭这种布料的品味，或许有些强人所难了。,translated,413,2af78cb50a,<CR> br=0 nl=0,2,keep-tags <CR>; src-longest-line=140
item:718,寒いとよく育ち、甘みが増す植物。<CR>葉っぱの部分が絡み合い塊になっている。大きくなりすぎると大味になるので、人の頭くらいの大きさで収穫すると丁度いい。<CR>茹でるとちぢむので、たくさん食べることができる。,天气寒冷时生长旺盛且甜度增加的植物。<CR>叶片部分相互缠绕凝结成团块。若长得过大味道会变寡淡，因此长到人头大小左右采收最为合适。<CR>水煮后会缩水，因此能够大快朵颐地食用很多。,translated,300,1875958564,<CR> <CR> br=0 nl=0,12,keep-tags <CR>; src-longest-line=105
item:719,寒暖多段緩衝板,冷热多段缓冲板,translated,22,11c2ab91ec,br=0 nl=0,7,
item:720,寝間着？,睡衣？,translated,13,4115aa289a,br=0 nl=0,12,
item:721,対Ｗ磁場発生装置,抗W磁场发生装置,translated,25,e96f314d68,br=0 nl=0,2,
item:722,小さな小瓶に入れられた<CR>真っ赤な液体。<CR>この液体が血のように赤いことから、その名が付けられた。<CR>辛すぎるため、飲みすぎると死んでしまうこともあるらしい。ただしうまく使うと味わい深いとか……。,装在小药瓶里的<CR>鲜红液体。<CR>由于这种液体如鲜血般殷红，因而得名。<CR>因为实在太辣，据说喝得过多甚至可能会致死。不过巧妙利用的话似乎风味深邃……,translated,289,2fd469eb2a,<CR> <CR> <CR> br=0 nl=0,12,keep-tags <CR>; src-longest-line=104
item:723,小さな小瓶に入れられた赤い液体。その正体は無機物を溶解させる無機溶剤。<CR>もちろん、ただの無機溶剤ではない。超強力な溶剤で金属を短い時間で溶かすことができるらしい。<CR>鉱物から金属を抽出する際に使うようだ。,装在小药瓶里的红色液体。其真面目是溶解无机物的无机溶剂。<CR>当然并非单纯的无机溶剂。据说是一种能在短时间内熔化金属的超强力溶剂。<CR>似乎在从矿物中提取金属时使用。,translated,540,d01f542de0,<CR> <CR> br=0 nl=0,11,keep-tags <CR>; src-longest-line=107
item:724,小さな瓶？,小瓶？,translated,16,4c93a9db0b,br=0 nl=0,4,
item:725,小さな骨,小骨头,translated,13,978a785bc2,br=0 nl=0,12,
item:726,小さな骨？,小骨头？,translated,16,70ed29d2db,br=0 nl=0,12,
item:727,小型化した重力場発生装置を組み込んだ鳥。お腹のダイヤルを回すことで、周囲の重力を強くしたり弱くしたりできるらしい。<CR>ただそんなことより、頭にあるアホ毛らしきものがなんなのか、気になって仕方ない。,内置了小型化重力场发生装置的鸟。据说通过转动肚子上的旋钮，能够增强或减弱周围的重力。<CR>不过比起这个，头顶那撮疑似呆毛的东西究竟是什么，让人在意得不得了。,translated,293,54748377f6,<CR> br=0 nl=0,11,keep-tags <CR>; src-longest-line=100
item:728,小宇宙？,小宇宙？,translated,13,2ca5104150,br=0 nl=0,10,
item:729,小麦粉,小麦粉,translated,10,89112c84ff,br=0 nl=0,12,
item:730,少し大変なようだ。,似乎有些辛苦。,translated,28,ee9ce83791,br=0 nl=0,12,
item:731,尻尾用帯？,尾巴用带？,translated,16,4510b6b95f,br=0 nl=0,8,
item:732,尽くせりの品。,照顾周全的佳品。,translated,135,ec01bb9052,br=0 nl=0,2,
item:733,川のせせらぎを思わせる高級感溢れる定食。<CR>これだけの完成度だと、もはや御前と名乗るに相応しいといえる。<CR>脂分が控えめな上品な旨みを堪能することができ、室内で食べてもおいしいが、川のせせらぎか聴こえる緑豊かな場所で食べれば、よりいっそう楽しむことができるだろう。,令人联想到潺潺溪流、极具高级感的定食。<CR>达到如此完成度，已然完全配得上自称“御膳”了。<CR>能够尽情领略低脂高雅的鲜美滋味，在室内品尝虽已十分美味，但若是在能听见溪流潺潺的绿意盎然之地享用，想必更能增添一番风味吧。,translated,393,46d51687b6,<CR> <CR> br=0 nl=0,1,keep-tags <CR>; src-longest-line=136
item:734,巨大なガラス管？,巨大的玻璃管？,translated,25,2b3f575c52,br=0 nl=0,2,
item:735,巨獣の骨,巨兽之骨,translated,13,e400754dcd,br=0 nl=0,11,
item:736,市伝説があるらしい。,都市传说。,translated,31,0cf30468ac,br=0 nl=0,11,field is a continuation chunk of a longer source string; translate it as that part only
item:737,市松模様と水紋を組み合わせた柄の法被。<CR>短い丈にゆったりとした袖は激しい動きを阻害せず、夏の暑さに負けないように通気性も考慮されている。まさに夏のお祭りのためにある服といっても過言ではない。他にも様々な催し物で着られることがあるが、いずれも気合の入れ所で使用されている。,融合了棋盘格纹与水波纹样式的法被。<CR>短下摆与宽松的衣袖不会妨碍剧烈活动，为了抗耐夏日炎热也兼顾了透气性。毫不夸张地说，正是为了夏日庙会而生的服装。虽然在其他各种活动中也会穿着，但无一例外都是在全力以赴的场合使用。,translated,407,83c88d3a9c,<CR> br=0 nl=0,1,keep-tags <CR>; src-longest-line=138
item:738,帯電草？,带电草？,translated,13,8f672b95f2,br=0 nl=0,12,
item:739,帯？,带？,translated,7,c23480d108,br=0 nl=0,9,
item:740,常に発熱して、表面に付着した水分を少しずつ蒸発させてる鉱石。熱いというわけではないが、保温庫や<CR>加湿器の素材として使用されることがあるようだ。<CR>マグネム鉱と同様に、このまま使用できる。,持续散发热量、令附着在表面的水分一点点蒸发的矿石。虽说算不上滚烫，但似乎常作为保温箱或<CR>加湿器的原料使用。<CR>与磁能矿一样，可以直接使用。,translated,279,e45a5793f0,<CR> <CR> br=0 nl=0,11,keep-tags <CR>; src-longest-line=98
item:741,常に発熱してるスチーム鉱を冶金して作られたイン<CR>ゴット。純度が上がったことでより発熱するように<CR>なっており、イオンが永久カイロとして使おうとしていたが、どう考えても重過ぎる。,将持续发热的蒸汽矿进行冶炼制成的铸<CR>锭。纯度提升后发热性能更加<CR>强劲，依恩曾打算把它当作永久暖宝宝使用，但无论怎么想都太沉重了。,translated,264,42739dcbab,<CR> <CR> br=0 nl=0,11,keep-tags <CR>; src-longest-line=93
item:742,常温で固体になるスープを立方体に切り分けたもの。体温付近で液体に戻るため口に含むとジワッと溶け出す不思議な感覚を楽しむことができる。また旨みや栄養が凝縮されてるため、栄養サプリのような感覚で食べるのもいいようだ。しかも、固体のため適量の摂取や持ち運びにも便利という至れり尽くせりの品。,将常温下凝为固体的热汤切成方块状之物。在接近体温时会化为液体，放入口中能体验到缓缓融化的奇妙感觉。此外浓缩了鲜味与营养，像营养补充品一样食用似乎也很不错。加之由于是固体，便于适量摄取与随身携带，堪称面面俱到的极品。,translated,540,4cc26f6f6c,br=0 nl=0,1,src-longest-line=142
item:743,幸せお菓子？,幸福点心？,translated,19,cd20c11c3a,br=0 nl=0,12,
item:744,幸せ弁当？,幸福便当？,translated,16,a29222e0cb,br=0 nl=0,11,
item:745,幸と不幸アンサンブル,幸与不幸的合奏,translated,36,f8850ba41d,br=0 nl=0,6,
item:746,店員衣装？,店员服装？,translated,16,998797385c,br=0 nl=0,4,
item:747,弱点発見？,发现弱点？,translated,16,793b3e1b82,br=0 nl=0,1,
item:748,強化金属？,强化金属？,translated,16,20086618bd,br=0 nl=0,1,
item:749,強靭かつ、保温性に優れた生地で薄くても温かい衣服を作ることができる。<CR>また染色も比較的容易に行うことができるため、様々な衣服に重宝されている。ただマルテーラクロスなどと比べるとツヤや重さが劣るため、用途に合わせて使い分けられている。,坚韧且保暖性优异的面料，能够制作轻薄却温暖的衣物。<CR>此外染色也相对容易进行，因而在各类服装中备受青睐。只是与玛尔泰拉布等相比光泽与垂坠感略逊一筹，因而会根据具体用途区分使用。,translated,350,d6848914e9,<CR> br=0 nl=0,6,keep-tags <CR>; src-longest-line=119
item:750,形が歪なガラスの玉。<CR>とても球状とは言えないその形は、おもちゃ屋などに売っているビー玉と比べると残念なものに見える。<CR>ただ不純物は少なく、素材として使うにはちょうどいい。,形状歪斜不规则的玻璃珠。<CR>那副怎么看都称不上球状的造型，比起玩具店销售的弹珠显得颇为遗憾。<CR>不过杂质很少，作为材料使用恰到好处。,translated,258,df93c64627,<CR> <CR> br=0 nl=0,12,keep-tags <CR>; src-longest-line=91
item:751,徒然なる者？,百无聊赖者？,translated,19,5335d7629b,br=0 nl=0,1,
item:752,御当地温泉タオル,当地温泉毛巾,translated,25,c8faf36af1,br=0 nl=0,9,
item:753,御玉杓子,汤勺,translated,13,764efeb84e,br=0 nl=0,2,
item:754,循環器？,循环器？,translated,13,8889bf6cc0,br=0 nl=0,3,
item:755,応援団団員証,应援团团员证,translated,19,b8be9f19eb,br=0 nl=0,7,
item:756,念な点ではある。,令人遗憾之处。,translated,25,e49b4b95ae,br=0 nl=0,14,
item:757,思い出のペンダント,回忆吊坠,translated,28,f9e13ecaee,br=0 nl=0,7,
item:758,恋人同士に人気のカップル用ドリンク。<CR>二本のストローに同時に口をつけて飲むものらしく、初めて飲んだカップルは恥ずかしさで全く味が分からないという。<CR>イオンと仲良くなれば一緒に飲めるかも。,在情侣之间大受欢迎的情侣专用饮料。<CR>似乎是由两人同时含着两根吸管饮用，据说第一次喝的情侣会因为害羞而完全尝不出味道。<CR>如果与依恩搞好关系，或许能一起喝呢。,translated,282,d762a3baa9,<CR> <CR> br=0 nl=0,10,keep-tags <CR>; src-longest-line=99
item:759,悲しいことや辛いことが<CR>あったときに使用すると、不思議とすっきりした気持ちになることができるティッシュ。<CR>多かれ少なかれ辛い経験は誰しもあるものだが、なかでもトラウマを持つ人にオススメ。<CR>ただし、使いすぎるのは避けた方が良さそうだ。,在遇到伤心或痛苦的<CR>事情时使用，能够不可思议地让心情舒畅起来的纸巾。<CR>或多或少谁都会有痛苦的经历，尤其推荐给内心抱有心理创伤的人群。<CR>不过，最好避免过度使用。,translated,352,06882e8b4f,<CR> <CR> <CR> br=0 nl=0,7,keep-tags <CR>; src-longest-line=125
item:760,情報屋ルインが持っていたアルメティカにアクセスするための情報端末。<CR>非常に便利な端末だが、アルメティカの影響外になる他のコロンでは使用することができない。<CR>コロンそのものの特性もあるが、この端末がアルメティカにおける情報屋という職業を成り立たせる最大の要因となっている。,消息通路因所持有的用于访问阿尔梅堤嘉的信息终端。<CR>虽然是极其便利的终端，但在阿尔梅堤嘉影响范围之外的其他克隆无法使用。<CR>虽然也有克隆本身的特性因素，但正是这台终端成为了在阿尔梅堤嘉维持消息通这一职业的最大要素。,translated,408,fe7a8e5146,<CR> <CR> br=0 nl=0,8,keep-tags <CR>; src-longest-line=141
item:761,情報都市アルメティカの住人１０万人で謳った大法要の楽譜。<CR>１０万人の想いが一つに集まったものだけあって、その迫力に圧倒されたイオンは、自分がどう謳ったのかいまいち思い出せないらしい。そんなこともあって、もし次の機会があるならもう一度謳いたいと思っているようだ。,信息都市阿尔梅堤嘉十万居民共同咏唱的大法要乐谱。<CR>正因汇聚了十万人的思念，依恩被那份震撼气势所压倒，似乎已经不太记得自己究竟是如何咏唱的了。也正因如此，如果有下次机会的话，她似乎希望能再次咏唱一番。,translated,392,d5c5602d80,<CR> br=0 nl=0,8,keep-tags <CR>; src-longest-line=133
item:762,情報集約都市アルメティカでイオンが大法要を謳う際に着た装束。<CR>地文派の行事ということもあり、イオンもそれに合わせて儀礼服を着たようだ。儀礼服のため、動いたり工作を行うには向かないように見えるが、生地は軽くて柔らかいため、見た目以上に動きやすいらしい。,在信息集约都市阿尔梅堤嘉依恩咏唱大法要时所穿的装束。<CR>由于属于地文派的行事活动，依恩也配合穿上了仪礼服。虽说是仪礼服，看起来似乎不太适合活动或手工作业，但面料轻盈柔软，似乎比外表看起来要便于活动得多。,translated,377,92412b3324,<CR> br=0 nl=0,8,keep-tags <CR>; src-longest-line=128
item:763,我々の世界では比較的ありふれたタイプの生徒手帳。蓮明学院というのはイオンが作った架空の学校名のようだが、制服の正しい着方や行事リスト、校則などもきちんと記入されており、生徒手帳としての役割は十分すぎるほどに持っているようだ。,在我们的世界里属于相对随处可见的学生手册。莲明学院似乎是依恩杜撰的架空学校名，但制服的正确穿法、活动安排表、校规等也都妥善记载在册，作为学生手册的功能已绰绰有余。,translated,337,e1cff893fc,br=0 nl=0,8,src-longest-line=112
item:764,我々の世界とは別次元の世界から転送された衣装。鮮やかな青が印象的で、アンダーにこんいろの水着と同じ素材が使用されているあたり、こちらの世界との共通点も気にかかる。衣装の裏に書かれた文字を翻訳するとリトルスワンとなるが、これが衣装名なのかメーカーなのか元の持ち主なのかは不明である。,从与我们的世界不同维度的世界传送而来的服装。令人印象深刻的鲜艳蓝色，内衬使用了与深蓝泳装相同材质这一点，让人不禁在意其与这边的共同点。服装反面书写的文字翻译过来是“小天鹅”，但这究竟是服装名、厂商名还是原本的主人名则不得而知。,translated,421,cf8164fa91,br=0 nl=0,1,src-longest-line=140
item:765,手術帽？,手术帽？,translated,13,8b0012821b,br=0 nl=0,6,
item:766,手術着？,手术服？,translated,13,9e2fb7e966,br=0 nl=0,6,
item:767,抽出する際に使うようだ。,提取时使用的样子。,translated,275,7eacabd33c,br=0 nl=0,44,field is a continuation chunk of a longer source string; translate it as that part only
item:768,指を切る,切到手指,translated,36,4ff7fc2464,br=0 nl=0,1,
item:769,指定した対象の弱点を見つけ出すことに特化したカソード。<CR>ＤＶＡは物理的急所分析の略であり、ラシェーラにおいては様々な耐久試験や採掘などに用いられることが多かった。分析能力に特化した分、出力はけっして高くないが、使いどころによっては非常に便利なカソード。,专精于寻找指定目标弱点的阴极。<CR>DVA是物理要害分析的缩写，在拉榭拉大多用于各种耐久测试和采矿等领域。由于专精于分析能力，输出功率绝不算高，但根据使用场合却是一款非常便利的阴极。,translated,380,4838d10566,<CR> br=0 nl=0,1,keep-tags <CR>; src-longest-line=129
item:770,指輪？,戒指？,translated,10,47af85af6e,br=0 nl=0,3,
item:771,振るいを落とす,筛子掉落,translated,22,6516bd8ec1,br=0 nl=0,1,
item:772,振動素子？,振动元件？,translated,16,8ac3709c85,br=0 nl=0,8,
item:773,捕獲用真空管？,捕获用真空管？,translated,22,60457c304a,br=0 nl=0,5,
item:774,接続端子？,连接端子？,translated,16,d83887ad08,br=0 nl=0,4,
item:775,放電してる草。<CR>カミナリのように危険な放電現象ではないようだが、常にピリピリと放電してるようで、素手で触るには勇気がいる。<CR>……できれば端末からも遠ざけて置いといてくれると嬉しい。,正在放电的草。<CR>虽然似乎并非如雷电般危险的放电现象，但总是一直噼里啪啦地放电，徒手触摸需要相当的勇气。<CR>……可以的话，若是能把它放置在远离终端的地方就太感激了。,translated,273,2246161b90,<CR> <CR> br=0 nl=0,12,keep-tags <CR>; src-longest-line=96
item:776,教科書？,教科书？,translated,13,562b712142,br=0 nl=0,13,
item:777,数種類のスパイスを混ぜて水分を飛ばして乾燥させたもの。<CR>小分けにするため、簡単に割れるように工夫がされている。<CR>このままでは食べることはできないので、砕いて粉末にしたり溶かしたりする。,将数种香料混合后去除水分并干燥之物。<CR>为了便于分装，经过专门设计可以轻松掰开。<CR>原样无法直接食用，因此通常压碎成粉末或融化后使用。,translated,279,fac69446d3,<CR> <CR> br=0 nl=0,12,keep-tags <CR>; src-longest-line=98
item:778,数種類の野菜を軽く茹で、やわらかくなった白菜で包んだ一口サイズのサラダ。軽く茹でることで野菜の甘さが引き出され、また味付けにかけられたソースも上品な味わいを出すのに一役買っているようだ。<CR>一度に数種類の野菜を摂れるので、野菜不足の人にとっては手軽に野菜を摂れるちょうど良い一品だろう。,将数种蔬菜轻微焯水后，用变软的白菜包裹成的一口大小的沙拉。轻微焯水能够引出蔬菜的甘甜，浇淋的调味酱汁也为展现高雅滋味立下了功劳。<CR>由于能一次性摄取数种蔬菜，对于缺乏蔬菜摄入的人来说，是一道能轻松补充蔬菜的绝佳菜品。,translated,540,9f4b617d57,<CR> br=0 nl=0,2,keep-tags <CR>; src-longest-line=145
item:779,整流器？,整流器？,translated,13,52894817ad,br=0 nl=0,10,
item:780,料理本？,料理书？,translated,13,a72e5b2f83,br=0 nl=0,5,
item:781,料理：こねる,料理：揉面,translated,64,9377961429,br=0 nl=0,3,
item:782,料理：すりこぎ,料理：研磨,translated,64,e0110b40ed,br=0 nl=0,3,
item:783,料理：デコレーション,料理：装饰,translated,64,2c0d31d1bd,br=0 nl=0,3,
item:784,料理：冷やす,料理：冷却,translated,19,5f2769efb4,br=0 nl=0,3,
item:785,料理：切る,料理：切,translated,16,aec26e5d92,br=0 nl=0,3,
item:786,料理：振るう,料理：筛,translated,19,d20e713dc3,br=0 nl=0,3,
item:787,料理：揚げる,料理：炸,translated,19,2a976511b8,br=0 nl=0,3,
item:788,料理：搾る,料理：榨,translated,16,1e104155e5,br=0 nl=0,3,
item:789,料理：泡立て,料理：打发,translated,19,e04f12af52,br=0 nl=0,3,
item:790,料理：炒める,料理：炒,translated,64,43929b7127,br=0 nl=0,3,
item:791,料理：焼く,料理：烤,translated,16,ce79ef6c57,br=0 nl=0,3,
item:792,料理：煮込む,料理：炖,translated,19,4c83c85897,br=0 nl=0,3,
item:793,料理：発酵,料理：发酵,translated,16,d1631d9b60,br=0 nl=0,3,
item:794,料理：皮むき,料理：削皮,translated,64,d2a456d7fa,br=0 nl=0,3,
item:795,料理：粉付け,料理：裹粉,translated,64,df6dc81005,br=0 nl=0,3,
item:796,料理：茹でる,料理：水煮,translated,19,558cba56ee,br=0 nl=0,3,
item:797,新しい服？,新衣服？,translated,16,acfd6f7d54,br=0 nl=0,9,
item:798,新しくなったポーラーズメモリー。<CR>万寿沙羅でルウレイが仕立て直して出来たポーラーズメモリーⅠをアレンジしたのがポーラーズメモリーⅡのようだ。<CR>一番の特徴は花弁のようなピンク色のスカート。<CR>Ⅰと同様に動きやすさを重視しつつ、かわいらしい仕上がりになっている。,崭新的北极星记忆。<CR>在万寿沙罗由鲁雷重新剪裁制成的“北极星记忆Ⅰ”经过改良后，似乎便成了“北极星记忆Ⅱ”。<CR>最大的特征在于宛如花瓣般的粉红色裙子。<CR>与Ⅰ同样注重活动的便利性，同时呈现出十分可爱的成衣效果。,translated,388,625a8eee73,<CR> <CR> <CR> br=0 nl=0,9,keep-tags <CR>; src-longest-line=137
item:799,新型プレート？,新型极板？,translated,36,c245705786,br=0 nl=0,5,
item:800,旗？,旗？,translated,7,d1c2dd108c,br=0 nl=0,4,
item:801,日々忙しい天文職員のために作られた瞬間栄養食。<CR>ゼリー状で弱った体に優しい……と思いきや、化学的に無理やり多くの栄養を<CR>短時間で体に行き渡らせ、さらにはアドレナリンを分泌させて眠気覚ましの効果もあるという劇薬。<CR>天文職員からも出来る限りこれには手を出したくないと大変評判らしい。,为忙碌的天文职员制作的瞬间营养食品。<CR>呈果冻状看似对虚弱的身体很温和……实则是通过化学手段强行让大量营养<CR>在短时间内遍及全身，甚至能分泌肾上腺素起到提神醒脑作用的猛药。<CR>在天文职员之间似乎也备受恶评，大家都尽可能不想去碰这玩意儿。,translated,421,7b3a84b2c7,<CR> <CR> <CR> br=0 nl=0,5,keep-tags <CR>; src-longest-line=148
item:802,旧式カソード？,旧式阴极？,translated,36,50d15cf653,br=0 nl=0,6,
item:803,旧式真空管？,旧式真空管？,translated,19,3ad1573a9b,br=0 nl=0,10,
item:804,星の帝？,星之帝？,translated,13,2ac728b9fc,br=0 nl=0,1,
item:805,星の形のプリズム。光が当たると、まるで星が光ってるように輝く。<CR>もしこのプリズムがクリスマスツリーのトップスターとして飾られていたら、<CR>そのツリーは最高に綺麗に見えるだろう。,星形的棱镜。受到光照时，会宛如星辰发光一般熠熠生辉。<CR>若将这枚棱镜作为顶星装饰在圣诞树上，<CR>那棵树想必会显得无比美丽动人吧。,translated,264,0355e3ae46,<CR> <CR> br=0 nl=0,10,keep-tags <CR>; src-longest-line=93
item:806,星の調？,星之调？,translated,13,3214e3bfd1,br=0 nl=0,2,
item:807,春風帽子,春风帽子,translated,13,7f76de103c,br=0 nl=0,2,
item:808,春風？,春风？,translated,10,9b7a95b517,br=0 nl=0,2,
item:809,普通の水着？,普通泳装？,translated,19,ee72cfa01c,br=0 nl=0,6,
item:810,普通の綿毛の何倍もふわふわした綿毛。<CR>これを使えば、すごくもふもふした洋服やぬいぐるみが作れることは間違いないが、それ以外に特筆した点はないようである。<CR>しかし、もふもふしたぬいぐるみを抱くのは気持ちが良いので、これはこれで良いのだろう。,比普通的绒毛蓬松数倍的绒毛。<CR>用它无疑能做出极其毛茸茸的衣服或玩偶，但除此以外似乎并无特别值得一提之处。<CR>不过，拥抱毛茸茸的玩偶非常舒服，这也算是它的妙处所在吧。,translated,360,70d935ea80,<CR> <CR> br=0 nl=0,7,keep-tags <CR>; src-longest-line=125
item:811,暖かい石？,温暖石头？,translated,16,5945932847,br=0 nl=0,11,
item:812,最も一般的な調味料。地球でも料理における重要な調味料として使用されているが、それはラシェーラでも変わらないようだ。<CR>ただラシェーラでは、塩田ではなく岩塩を砕いたものが主流になっている。,最普遍的调味料。在地球上也是烹饪中重要的调味料，看来在拉榭拉同样如此。<CR>不过在拉榭拉，并非盐田海盐，而是粉碎岩盐得到的产品占据主流。,translated,278,6e5ef2a316,<CR> br=0 nl=0,12,keep-tags <CR>; src-longest-line=95
item:813,月呼鈴,月呼铃,translated,10,091e4adcc7,br=0 nl=0,9,
item:814,月待灯,月待灯,translated,10,231b7d0fa6,br=0 nl=0,9,
item:815,月待灯と共に作られた鈴が付いたリボン。<CR>鈴の神秘的な音は、人々の味方である獣や神を呼ぶ際に使用され、また敵対する獣や魔を払う物として、<CR>アースでも古来より使用されてきたが、ラシェーラで同じ理由で使用されているかは分からない。ただ月待灯と共に作られたことからその可能性は十分にある。,与月待灯一同制作的系有铃铛的丝带。<CR>铃铛神秘的声音在呼唤守护人类的神兽或神明时使用，同时作为驱散敌对野兽或邪魔之物，<CR>自古以来在地球也多有使用，只是不知道在拉榭拉是否出于同样的目的。不过既然与月待灯一同制作，这种可能性相当之高。,translated,544,951cc17370,<CR> <CR> br=0 nl=0,9,keep-tags <CR>; src-longest-line=146
item:816,朝露,朝露,translated,7,7c57437652,br=0 nl=0,5,
item:817,木材？,木材？,translated,10,613585bd4f,br=0 nl=0,12,
item:818,本？,书？,translated,7,01eebf92a4,br=0 nl=0,12,
item:819,材料をなくす,丢失材料,translated,19,6ec978fd5b,br=0 nl=0,1,
item:820,果汁を使わずに果物の味を再現した変わった飲み物。スッキリとした人工の甘さが特徴だが、温くなってしまうと味がクドくなってしまう。<CR>そのため、氷を入れて飲むのが一般的。,未使用果汁却复原了水果风味的奇特饮料。清爽的人造甜味是其特色，不过一旦变温味道就会显得腻人。<CR>因此，加冰块饮用属于普遍做法。,translated,248,a82cdca370,<CR> br=0 nl=0,12,keep-tags <CR>; src-longest-line=85
item:821,栄養剤？,营养剂？,translated,36,5579cefab3,br=0 nl=0,12,
item:822,栄養補給のみを考えた簡易食料。これと水さえあれば一日に必要な栄養は確保できるが、美味しくも不味くもない。<CR>押し付けがましい名称だがグルメが一周して、これに戻って来ることがあるらしい。,仅为补充营养而考量的简易食品。只要有这个和水就能确保一天所需的营养，谈不上美味却也不算难吃。<CR>名字虽然起得有些自卖自夸，但据说品尝过一圈美食后，有时反而会回归于此。,translated,544,4bdac1da43,<CR> br=0 nl=0,12,keep-tags <CR>; src-longest-line=94
item:823,植物から虫たちが採取した蜜を抽出したもの。<CR>地球のはちみつもだが、採取する花でその味も大きく変化する。<CR>このはちみつが何の花から作られたものかは分からないが、非常に甘くてお菓子などの調味料として重宝しているらしい。,从昆虫自植物采集的花蜜中提取出来的物质。<CR>地球上的蜂蜜也是如此，采集自何种花卉会让其风味发生巨大变化。<CR>虽然不知道这罐蜂蜜是用何种花粉制成的，但甜味非常浓郁，似乎作为糕点等料理的调味料大受青睐。,translated,324,cbdbf2a95e,<CR> <CR> br=0 nl=0,11,keep-tags <CR>; src-longest-line=113
item:824,植物の種？,植物种子？,translated,16,7a165b5bc3,br=0 nl=0,3,
item:825,極秘文書,绝密文件,translated,13,0aa89148e5,br=0 nl=0,11,
item:826,様々なＴｚ波の周波数に対応したプラグコネクタ。<CR>家庭用の小型のものが主流だが、中にはコロンなどに使用される巨大なものも存在する。それらは大きさだけが異なり、内部構造的な違いは存在していない。<CR>Ｔｚ波の活用において、これ抜きで考える事ができないほど様々な場所で使用されているようだ。,能够对应各种Tz波频率的插头接插件。<CR>虽然家用小型规格占据主流，但其中也存在用于克隆等的庞大规格。它们仅仅大小不同，内部结构并不存在差异。<CR>在Tz波的应用方面，被广泛运用于几乎不可或缺的各类场合之中。,translated,423,bb6cf080f1,<CR> <CR> br=0 nl=0,4,keep-tags <CR>; src-longest-line=146
item:827,橙色が特徴的な果実。<CR>肌に良い栄養素や病気に強くなる栄養素を多く含んでいる。<CR>ユンクの実は一つ一つの実の重さに偏りが少ないため昔は重さの単位として利用されていたこともあるほど身近な果物の一つ。,以橙色为特征的果实。<CR>富含对皮肤有益的营养素以及增强抗病能力的营养素。<CR>由于尤恩克之果每颗果实的重量偏差极小，在过去甚至曾被用作重量单位，是一种极其贴近生活的果实。,translated,291,4578381b3e,<CR> <CR> br=0 nl=0,12,keep-tags <CR>; src-longest-line=102
item:828,機械人形の形をしたコンデンサ、それがコンデン君である。<CR>見た目はかわいらしいが、内部に溜め込んだエネルギーを適切な箇所に適量送る働き者。ただ、残念ながら働いている最中に手が動くなどのギミックは存在しないのが、イオン的にはちょっと残念らしい。,呈机械人偶造型的电容器，这便是电容君。<CR>外观虽然可爱，却是一位能将内部蓄积的能量适量输送至合适部位的勤奋帮手。只是遗憾的是，在工作时并没有手臂摆动等精巧机关，依恩似乎觉得略有遗憾。,translated,362,44370e7c2b,<CR> br=0 nl=0,8,keep-tags <CR>; src-longest-line=123
item:829,次元論,维度论,translated,10,2876200bd7,br=0 nl=0,5,
item:830,正装？,正装？,translated,10,a45bdd3488,br=0 nl=0,2,
item:831,歪んだ管？,弯曲的管？,translated,16,74c73181ed,br=0 nl=0,8,
item:832,毒キノコを食べれるようにしたキノコ料理。きっちりと毒を抜いた上で味付けが施されているようで、安全に食べることが出来る。<CR>しかも食べると何かが大きくなるらしい。だがそれが何かは不明なようだ。,将毒蘑菇料理至可以食用的蘑菇菜肴。在彻底去除了毒素后进行了调味，能够安全放心食用。<CR>而且据说吃下去后某种东西会变大。不过究竟是什么变大似乎尚不可知。,translated,284,751b5fbf54,<CR> br=0 nl=0,10,keep-tags <CR>; src-longest-line=97
item:833,毒キノコ？,毒蘑菇？,translated,16,c724164876,br=0 nl=0,10,
item:834,気温と気圧を調整し、人が生きるのに最適な気候を作り出すための装置。<CR>高々度どころか、宇宙空間においてもその力は発揮されるため、規模の違いはあるものの、ソレイルにも搭載されている。<CR>六角制御板に異常が発生した場合、ソレイル全体の気候に悪影響が出るため、その管理は徹底されている。,用于调节气温和气压、营造最适宜人类生存气候的装置。<CR>别说是在高空，即便置身于宇宙空间也能发挥威力，虽然规模有所不同，但太阳号上也同样搭载了此类装置。<CR>当六角控制板出现异常时，会对整个太阳号的气候造成恶劣影响，因此对其管理极其严格周密。,translated,417,c76edaf4b4,<CR> <CR> br=0 nl=0,3,keep-tags <CR>; src-longest-line=144
item:835,気象制御装置？,气象控制装置？,translated,22,d875725ba6,br=0 nl=0,3,
item:836,気象操作？,操纵气象？,translated,16,c7658ebb02,br=0 nl=0,2,
item:837,水,水,translated,4,8ffbf19293,br=0 nl=0,12,
item:838,水に流せるティッシュ,可溶水纸巾,translated,36,bcc978ce23,br=0 nl=0,7,
item:839,水族館で売られていた大王イカの抱き枕。<CR>イルカやアザラシなどならわからないでもないが、<CR>なぜにイカ？<CR>夜にむぎゅーっとして眠ると少しひんやりして気持ちいいらしい。<CR>これを差し出せばイオンとの新しい話題になるかも？,在水族馆销售的大王乌贼抱枕。<CR>若是海豚或海豹倒还能理解，<CR>为何偏偏是乌贼？<CR>夜晚紧紧抱住入睡据说有些凉丝丝的很舒服。<CR>把这个递给她说不定能成为与依恩开启新话题的契机？,translated,323,2e77894fba,<CR> <CR> <CR> <CR> br=0 nl=0,7,keep-tags <CR>; src-longest-line=118
item:840,水松法被,水松法被,translated,13,62cb4b0344,br=0 nl=0,1,
item:841,水松法被と一緒に作った鉢巻。<CR>布を堅くよじって頭に巻いただけ、といえばだけなのだが、どこか力強さを感じる鉢巻の結び方。<CR>精神集中や気持ちを高めるために用いられるのが鉢巻だが、イオンにとってもそれは変わらない。全身全霊を持って楽しむことこそ、お祭りの醍醐味である。,与水松法被一同制作的头巾。<CR>虽说只是将布条用力拧紧系在头上而已，其系法却透出一股沉稳有力之感。<CR>头巾常用于集中精神或振奋士气，对依恩来说同样如此。倾注全身心去尽情享受，正是庙会的精髓所在。,translated,396,17b4a1e011,<CR> <CR> br=0 nl=0,1,keep-tags <CR>; src-longest-line=137
item:842,水滴の形をした玉葱。<CR>“なみだの球根”という名称は、その形からだけでなく普通の玉葱よりも涙が出やすいためにつけられた。<CR>だがその分、加熱したときの味は普通のものより良いようだ。,水滴造型的洋葱。<CR>之所以被称为“眼泪鳞茎”，不仅因为其形状，还因为比普通的洋葱更容易让人流泪。<CR>不过正因如此，加热后的风味似乎比普通洋葱更为出众。,translated,267,386b92f854,<CR> <CR> br=0 nl=0,12,keep-tags <CR>; src-longest-line=94
item:843,水着？,泳装？,translated,10,262efa0137,br=0 nl=0,10,
item:844,水鏡,水镜,translated,7,b2d00d06a9,br=0 nl=0,1,
item:845,水鏡と一緒に作られた髪飾り。<CR>蓮の花をモチーフにした天冠であり、金の装飾が華やかながらも神聖かつ淑やかな雰囲気を持たせている。我々の世界においても、蓮は神聖な花として扱われており、その花言葉は神聖、清らかな心など、イオン自身や水鏡にピッタリの意味である。,与水镜一同制作的发饰。<CR>以莲花为原型的冠饰，金色的装饰虽显华丽，却散发着神圣而端庄的气息。在我们的世界中，莲花同样被视为神圣之花，其花语象征着神圣、纯洁的心灵等，与依恩自身及水镜堪称绝配。,translated,383,0798214b60,<CR> br=0 nl=0,1,keep-tags <CR>; src-longest-line=130
item:846,水？,水？,translated,7,607971d9ca,br=0 nl=0,12,
item:847,氷水？,冰水？,translated,10,678b454bbf,br=0 nl=0,9,
item:848,永久機械？,永久机械？,translated,16,9ea21d5d5a,br=0 nl=0,6,
item:849,法命嗣,法命嗣,translated,10,c7c22d9ac2,br=0 nl=0,8,
item:850,波動工学の基本がまとまった参考書の一つ。<CR>イオンがラシェーラにやってきたあと、時間潰しと波動工学の基礎を学ぶために使用したものでもある。<CR>この他にも波動科学要論、波動工学演習、波動力学、波動収束学など様々な分野が存在しているようだ。,归纳了波动工学基础的参考书之一。<CR>也是依恩来到拉榭拉之后，为了打发时间以及学习波动工学基础而使用过的书本。<CR>除此以外，似乎还存在着波动科学要论、波动工学演习、波动动力学、波动收敛学等各种领域的书籍。,translated,351,0ad2065c47,<CR> <CR> br=0 nl=0,2,keep-tags <CR>; src-longest-line=122
item:851,波動工学概論,波动工学概论,translated,19,27dae2b134,br=0 nl=0,2,
item:852,流れ星を模して作られた砂糖菓子。<CR>食べると幸せが訪れるというウワサもある。<CR>もっとも、食べるだけでも幸せな気持ちになるので、効果の方を気にしている人はあまりいないようだ。,仿造流星制作的糖果。<CR>传言吃下后能迎来幸福。<CR>不过，光是吃下去就能让人心情幸福愉悦，因此似乎并没有什么人会在意其实际效果。,translated,258,5a193db7f2,<CR> <CR> br=0 nl=0,12,keep-tags <CR>; src-longest-line=91
item:853,浴衣？,浴衣？,translated,10,6e821da370,br=0 nl=0,5,
item:854,海洋生物図鑑端末,海洋生物图鉴终端,translated,25,4df4211377,br=0 nl=0,5,
item:855,海産物をふんだんに使用した定食。<CR>下に引かれたテーブルクロスが海を表現しており、<CR>見た目にも爽やかな定食。ちょっと高級な飲食店に<CR>ありそうなメニューだが、作るのは結構大変らしい。,奢侈运用海产制作的定食。<CR>底部铺垫的桌布展现着大海的意象，<CR>外观上也十分清爽的定食。虽然像是略显高档的餐馆里<CR>会有的菜单，但制作起来似乎相当费事。,translated,271,85ab1b324e,<CR> <CR> <CR> br=0 nl=0,11,keep-tags <CR>; src-longest-line=98
item:856,海男のぶぶ漬け,海之汉茶泡饭,translated,22,b73c4d182c,br=0 nl=0,12,
item:857,海鮮ミルフィーユ,海鲜千层酥,translated,25,f28e36edd8,br=0 nl=0,12,
item:858,海鮮定食？,海鲜定食？,translated,16,45569dde0d,br=0 nl=0,11,
item:859,液晶端末？,液晶终端？,translated,16,fbb2bd7362,br=0 nl=0,8,
item:860,清涼材？,清凉剂？,translated,13,634e7254c5,br=0 nl=0,8,
item:861,渦を巻いた青い石。<CR>たぶんこんな形をした石は地球には存在しないし、<CR>ラシェーラが異世界だと改めて実感させられる。<CR>くちづけ石とかと同じように薬や染色などに使われてるらしいが、綺麗で少し勿体無い。,呈现螺旋卷曲状的蓝色石头。<CR>地球上大概不存在这种形状的石头，<CR>让人再次真切感受到拉榭拉确实是异世界。<CR>虽然据说和亲吻石一样用于药物或染色等方面，但由于非常漂亮，不免觉得有些可惜。,translated,295,afd26f8d08,<CR> <CR> <CR> br=0 nl=0,12,keep-tags <CR>; src-longest-line=106
item:862,温かい生地？,温暖面料？,translated,19,bffa73e9c9,br=0 nl=0,6,
item:863,温泉たまごでも温泉まんじゅうでもなく、温泉ひよこである。<CR>お風呂に浮かべて遊ぶ黄色いあひると瓜二つ。温泉に持っていくのはどうかと思うが、イオンと二人きりだし気にしないでいいのかもしれない。それにしてもなぜあひるではなくひよこ？カノンのひよこ好きがうつったのだろうか。,既非温泉蛋也非温泉馒头，而是温泉小鸡。<CR>与漂浮在浴缸里玩耍的黄色小鸭宛如一个模子刻出来的。虽然带去温泉总觉得有点微妙，但既然只有和依恩两个人，或许完全不必在意吧。话说回来为何不是小鸭而是小鸡？莫非是受到了卡诺喜欢小鸡的传染吗。,translated,401,a843f96622,<CR> br=0 nl=0,4,keep-tags <CR>; src-longest-line=136
item:864,温泉ひよこ,温泉小鸡,translated,16,1301b4adb5,br=0 nl=0,4,
item:865,温野菜？,温蔬菜？,translated,13,4b68264ddd,br=0 nl=0,7,
item:866,満月があしらわれた中東風のドレス。<CR>月を見るために建てられた塔がモチーフになっており賑やかな配色の中にも風流さが薫る。<CR>基本的な形状はアースにおけるチャイナドレスと同様だが、秩序や規律、生命を重んじる地文の象徴の一つである真鍮色の装飾が施されている。,装饰有满月的中东风格礼服。<CR>以为了赏月而建造的塔为主题，热闹的配色中亦透出缕缕风雅。<CR>基本形制与地球上的旗袍相同，却施加了象征着恪守秩序、戒律与生命的“地文”代表色黄铜色的装饰。,translated,378,d00af33405,<CR> <CR> br=0 nl=0,9,keep-tags <CR>; src-longest-line=131
item:867,満開花飾り？,盛开花饰？,translated,19,79344f8360,br=0 nl=0,9,
item:868,溶かしすぎ,过度融化,translated,16,ce7e38c656,br=0 nl=0,1,
item:869,漁師が船上で刺身に飽きた時、どうにかしてあっさりした食べ物にできないか、と苦心して作った料理。<CR>魚の頭からにじみ出る塩っ気がアクセントになっている。<CR>「早く帰って欲しい」という意味はない。,渔夫在船上吃腻了刺身时，绞尽脑汁想做出清爽口感的食物而苦心创出的料理。<CR>从鱼头渗透出的咸鲜味成为了画龙点睛之笔。<CR>其中并不包含“希望客人早点回去”的意思。,translated,285,a227750e4d,<CR> <CR> br=0 nl=0,12,keep-tags <CR>; src-longest-line=100
item:870,濃い口汁？,浓口汤？,translated,16,0ebbc8ca09,br=0 nl=0,10,
item:871,火をつけることで激しく燃える無色透明の液体。<CR>爆発することもあるらしく非常に危険。<CR>水に溶けない物質も溶かせるらしいが、臭いがきついらしいので、常に密封されてるようだ。,点火就会剧烈燃烧的无色透明液体。<CR>据说甚至可能会爆炸，极其危险。<CR>虽然连难溶于水的物质也能溶解，但由于气味刺鼻，似乎总是处于密封状态。,translated,255,0081d9d577,<CR> <CR> br=0 nl=0,11,keep-tags <CR>; src-longest-line=90
item:872,火傷する,烫伤,translated,36,ce113964bc,br=0 nl=0,1,
item:873,無機溶剤？,无机溶剂？,translated,16,e2f675db49,br=0 nl=0,11,
item:874,無重力バード,无重力鸟,translated,19,6f9505d0cf,br=0 nl=0,11,
item:875,焼いたソーセージの熱さとマスタードの辛さで一気に体を温めることができる。寒い日に食べると防寒具いらず。ただし、暖まりすぎるので寒くない日に食べるなら、冷たい飲み物と一緒がいい。,凭借烤香肠的热度与芥末的辛辣能瞬间让身体暖和起来。在寒冷的日子吃甚至无需防寒装备。不过因为身体会变得太暖和，若在不冷的日子食用，最好搭配冷饮。,translated,266,6395757636,br=0 nl=0,12,src-longest-line=88
item:876,焼いて一口程度の大きさに切った肉と皮をむいたミュジルをあえて冷蔵庫で冷やし、テロルソースをスプーン一杯程度乗せたもの。<CR>オードブルとして振舞うことが想定されており量は比較的少なめ。<CR>果物と和えられた肉は甘くさっぱりとしており、味わい深いものになっている。,将烤好并切成一口大小的肉与去皮的缪汁特意放在冰箱中冰镇，并浇上一勺左右的特罗尔酱之物。<CR>预定作为开胃前菜供应，因此分量相对偏少。<CR>与水果相拌的肉质鲜甜清爽，风味十分深邃。,translated,384,1181ff5f57,<CR> <CR> br=0 nl=0,6,keep-tags <CR>; src-longest-line=133
item:877,焼き魚？,烤鱼？,translated,13,2ecd144a22,br=0 nl=0,11,
item:878,特別な真空管？,特殊的真空管？,translated,22,cbee773f46,br=0 nl=0,1,
item:879,特製イオンシチュー,特制依恩炖菜,translated,28,6e403dd833,br=0 nl=0,3,
item:880,状態になるように設計されている。,被设计成这样的状态。,translated,49,4d16bb16da,br=0 nl=0,14,field is a continuation chunk of a longer source string; translate it as that part only
item:881,猫の耳を模した頭に着けるアクセサリー。<CR>もちろん本物の耳ではないが、形だけは本物そっくりに出来ている。<CR>これとメイド服があれば、イオンをねこみみメイドに仕立て上げることも出来るという優れもの。<CR>恥ずかしそうにしながら、語尾に『にゃ』をつけるイオンを見てみたいかも。,仿照猫耳造型戴在头部的饰品。<CR>虽然当然不是真正的耳朵，但外形做得与真物惟妙惟肖。<CR>有了这个和女仆装，就能把依恩打扮成猫耳女仆，堪称极佳的饰品。<CR>真想看看依恩一脸害羞、句尾带上“喵”的可爱模样呢。,translated,540,26bd18475d,<CR> <CR> <CR> br=0 nl=0,10,keep-tags <CR>; src-longest-line=141
item:882,獅子狛夫婦,狮子狛夫妇,translated,16,5665a99005,br=0 nl=0,11,
item:883,獣の毛皮？,兽皮？,translated,16,7fc5611de0,br=0 nl=0,12,
item:884,王道サラダ？,王道沙拉？,translated,19,726827804a,br=0 nl=0,8,
item:885,球根？,鳞茎？,translated,10,dba6e165cf,br=0 nl=0,12,
item:886,球状カソード？,球状阴极？,translated,22,760c867396,br=0 nl=0,3,
item:887,理の隠し味などで使われることも多い。,也常用于料理的独门秘味。,translated,55,b68e8825d8,br=0 nl=0,50,field is a continuation chunk of a longer source string; translate it as that part only
item:888,甘いパン？,甜面包？,translated,36,54d96a6d0e,br=0 nl=0,12,
item:889,甘いフルーツを使用した<CR>基本的なパイ。<CR>表面はサクサクで芳醇な甘みが口の中いっぱいに広がる。<CR>あまりのおいしさにイオンもつい食べ過ぎてしまいそうになるらしいが、甘い物は体重や虫歯の心配があるため、食べすぎには注意する必要があるようだ。,使用甘甜水果制作的<CR>经典派饼。<CR>表皮酥脆，醇厚的甘甜在口中满溢开来。<CR>由于实在太美味，依恩似乎也总忍不住想要多吃，但甜食有长胖和蛀牙的顾虑，需要注意切勿过量食用。,translated,540,be9db0303e,<CR> <CR> <CR> br=0 nl=0,11,keep-tags <CR>; src-longest-line=126
item:890,甘い果実？,甜果实？,translated,16,63669f759a,br=0 nl=0,12,
item:891,甘い樹液？,甜树汁？,translated,16,a30f2d18a3,br=0 nl=0,11,
item:892,甘い水？,甜水？,translated,13,05510de151,br=0 nl=0,10,
item:893,甘い玉？,甜球？,translated,13,bf61d3dd26,br=0 nl=0,12,
item:894,甘い粉？,甜粉？,translated,13,fb5e9a4722,br=0 nl=0,12,
item:895,甘すぎるくらいに甘いジャムとクリーム、そしてたっぷり果実を使ったサンドイッチ。<CR>万寿沙羅のパン屋で売られていたが、激甘なため大人や男子からの人気はない。そのかわり女子から絶大な人気を誇っているようだ。,奢侈使用了甜到发腻的果酱、鲜奶油以及满满水果的三明治。<CR>虽然在万寿沙罗的面包店有售，但因甜度爆表而在成年人或男性中毫无销路。相对地，在女孩子当中似乎享有极高的人气。,translated,540,558d821552,<CR> br=0 nl=0,12,keep-tags <CR>; src-longest-line=103
item:896,甘肉？,甜肉？,translated,10,38a3aa1886,br=0 nl=0,6,
item:897,生命維持装置？,生命维持装置？,translated,22,faf46e60f2,br=0 nl=0,3,
item:898,生地を落とす,面团掉落,translated,19,c92e82f616,br=0 nl=0,1,
item:899,疲労回復用の栄養剤。<CR>粉末状にしたいぶき石が使用され、また飲みやすいようにテロルの実も混ぜてある。<CR>飲むとすぐに体力が回復するようだが、疲れすぎているときは効果が薄そうだ。,用于缓解疲劳的营养剂。<CR>使用了粉末状的气息石，为了便于饮用还拌入了特罗尔之果。<CR>饮用后体力似乎能立刻恢复，但极度疲劳时效果似乎并不明显。,translated,540,bad51c27eb,<CR> <CR> br=0 nl=0,12,keep-tags <CR>; src-longest-line=92
item:900,発酵食品全般やパンなどにも使用されるまさに万能の酵母。<CR>少し加えるだけで効果が得られるため、量を間違えると材料が無駄になるどころか、臭いとか酷いらしい。イオンがいつか量を間違えそうで心配だ。,广泛用于所有发酵食品及面包等的名副其实的万能酵母。<CR>只需稍微加入一点就能见效，若是搞错分量不仅会浪费材料，据说气味还会极其难闻。真让人担心依恩哪天会不小心放错用量。,translated,287,b5ba9021a7,<CR> br=0 nl=0,12,keep-tags <CR>; src-longest-line=98
item:901,白い斑点がついた、赤い<CR>キノコ。明らかに毒があるような見た目だが、毒はないらしく普通に食べられている。<CR>マッダラームとは逆に赤い斑点がついた白いキノコがあるらしいがそれは猛毒らしい。,长着白色斑点的红色<CR>蘑菇。外观明显看似有毒，却完全无毒并被普遍食用。<CR>据说与玛达拉姆相反、长着红色斑点的白色蘑菇则是剧毒之物。,translated,276,7eb26382e4,<CR> <CR> br=0 nl=0,12,keep-tags <CR>; src-longest-line=97
item:902,白い水着？,白色泳装？,translated,16,dd50af6bd6,br=0 nl=0,6,
item:903,白い石？,白石？,translated,13,c2527f717e,br=0 nl=0,12,
item:904,白い粉？,白粉？,translated,13,c09573af74,br=0 nl=0,12,
item:905,白く鈴のような形が特徴的な花。その花の中には綿のような繊維状の物が詰まっており、それは布や衣類を作るための素材となり、重宝されている。<CR>スズランと姿形は似ているが、どうやらそれは外見だけのようだ。,以洁白且宛如铃铛的形状为特征的花。花苞中塞满了如棉花般的纤维状物质，常被作为制作布料与衣物的原料而深受重视。<CR>虽然与铃兰外形极为相似，但似乎也仅仅只是外貌形似而已。,translated,544,ca6d6f29b7,<CR> br=0 nl=0,12,keep-tags <CR>; src-longest-line=101
item:906,白ヒゲ？,白胡须？,translated,13,03a1ece197,br=0 nl=0,1,
item:907,白木ます,白木升,translated,13,b432b1c040,br=0 nl=0,11,
item:908,白木を使った枡。<CR>枡というとお酒やお米を入れるイメージが強いが、<CR>イオンはまだ未成年なのでお酒は飲んではいけない。ただ、一度で良いから酔って大胆になったイオンも見てみたい気もする。,用白木制作的方形量杯升盒。<CR>说起升盒，往往让人联想到装酒或装大米，<CR>但依恩尚属未成年人不能饮酒。不过，哪怕只有一次也好，真让人有点想看看喝醉后变得大胆的依恩呢。,translated,273,fe2bcc60ea,<CR> <CR> br=0 nl=0,11,keep-tags <CR>; src-longest-line=96
item:909,白水着？,白泳装？,translated,13,1d3b530848,br=0 nl=0,12,
item:910,白濁液？,白浊液？,translated,13,0f303f074a,br=0 nl=0,11,
item:911,白菜,白菜,translated,7,f80939847b,br=0 nl=0,12,
item:912,白身魚であるサカタチウオを使用した澄まし汁。<CR>サカタチウオは水溶性たんぱく質が少なく、すまし汁にするには便利な食材のようだ。<CR>見た目は派手ではないが、少し濃い目に味付けされており、かつさっぱりとした味わいがある。,使用白身鱼逆太刀鱼熬制的清汤。<CR>逆太刀鱼的水溶性蛋白质较少，似乎是烹制清汤非常便利的食材。<CR>外观虽不华丽，调味略重却兼具爽口清雅的口感。,translated,321,072bed733a,<CR> <CR> br=0 nl=0,7,keep-tags <CR>; src-longest-line=112
item:913,白身魚のすまし汁,白身鱼清汤,translated,25,1299394031,br=0 nl=0,7,
item:914,白鷹さんのお人形,白鹰先生玩偶,translated,25,c131bcad87,br=0 nl=0,10,
item:915,皇ノ賜学園制服,皇之赐学园校服,translated,22,b27414cad2,br=0 nl=0,7,
item:916,皇ノ賜学園帽,皇之赐学园帽,translated,19,8db625bdd1,br=0 nl=0,7,
item:917,皇ノ賜（こうのし）学園制服と一緒に作った帽子。<CR>白地に青いラインが入ったシンプルなもので清楚かつ清潔感溢れるデザインとなっている。<CR>シンプルイズベストとは<CR>よくいったものだが、このデザインは他の服との相性も悪くなさそうだ。,与皇之赐学园校服一同制作的帽子。<CR>白底搭配蓝色线条的简朴款式，洋溢着清秀端庄的设计感。<CR>人们常说大道至简，<CR>而这种设计似乎与其他衣服搭配起来也毫不逊色。,translated,337,cdcf07afe4,<CR> <CR> <CR> br=0 nl=0,7,keep-tags <CR>; src-longest-line=120
item:918,皇帝とイオンの皇帝即位の儀でレナルルが謳った詩をオルゴールにしたもの。<CR>この詩のもと、イオンは惑星ラシェーラと同じ「ラシェーラ」の名となり、星の運命を左右する存在となった。それは皇帝と惑星といった神なる存在から託された想いであり、まさに神託といえるだろう。,将皇帝与依恩的皇帝即位仪式上蕾娜露露咏唱的诗歌制成的八音盒。<CR>依循这首诗，依恩获得了与行星拉榭拉相同的“拉榭拉”之名，成为了左右星球命运的存在。那是从皇帝与行星这般神圣存在处托付的心愿，堪称名副其实的神谕。,translated,386,aebc74fd90,<CR> br=0 nl=0,2,keep-tags <CR>; src-longest-line=131
item:919,皇帝に謁見する際に来た服をイオンが再現した。<CR>元々はレナルルが皇帝謁見用に用意した服のため、ポーラーズメモリーという名称ではない。しかし、ポーラーズメモリーは、イオンにとって最も思い出深い服であり、ラシェーラの温かさを知った服でもある。そのため、名前だけは脈々と受け継がれているようだ。,依恩将在觐见皇帝时所穿的服装复原之物。<CR>原本是蕾娜露露为觐见皇帝而准备的服装，因此并不叫北极星记忆。然而，北极星记忆对依恩而言是最具回忆意义的服装，也是让她体会到拉榭拉温暖的服装。因此唯独这个名字被一脉相承地延续了下来。,translated,540,7d163a349c,<CR> br=0 nl=0,2,keep-tags <CR>; src-longest-line=146
item:920,皇帝の剣？,皇帝之剑？,translated,16,c005d1d3ec,br=0 nl=0,2,
item:921,皇帝の鈴？,皇帝之铃？,translated,16,b02092f511,br=0 nl=0,2,
item:922,盛り付けた形から、舞台の主演女優を連想させる<CR>スィーツ。<CR>特に高価材料を使ってるわけでもないのに、食べるととてもゴージャスな気分になれるお手軽ロイヤルな<CR>一品。,从摆盘的造型让人联想到舞台主演女演员的<CR>甜点。<CR>明明并未特别使用高档材料，吃下去却能让人感到无比奢华、轻松享受皇家风范的<CR>一道佳品。,translated,244,e60a0700ad,<CR> <CR> <CR> br=0 nl=0,12,keep-tags <CR>; src-longest-line=89
item:923,直方体をいくつも重ねたような緑色の結晶。Ｔｚ波という波のエネルギーをどんな物質よりも高効率で送ることできるのが、メディア結晶である。<CR>そのためＴｚ波が使用される箇所で多く使用されるようだ。,仿佛许多长方体层层重叠的绿色结晶。能够比任何物质都更高效率地输送Tz波能量的，正是媒体结晶。<CR>因此在需要使用Tz波的地方似乎常被大量应用。,translated,284,6c73375125,<CR> br=0 nl=0,12,keep-tags <CR>; src-longest-line=97
item:924,真っ赤な花？,鲜红的花？,translated,19,8fa04cb6f9,br=0 nl=0,11,
item:925,真っ赤な豆腐？,鲜红的豆腐？,translated,22,73e506d94d,br=0 nl=0,8,
item:926,真っ黒なスープの中に細かく砕いたパウダリア白石を沈めたスープ。<CR>光を当てるとパウダリア白石が光を反射して星空のように見えることからこの名前が付けられた。<CR>味そのものも悪くないが、それ以上に見た目を楽しむ料理で、そういう意味では最高の一品のようだ。,在乌黑的热汤中沉入细碎的帕乌达利亚白石而制成的汤。<CR>因受到光照时帕乌达利亚白石会反射光芒宛如璀璨星空，故而得名。<CR>味道本身并不差，但更是一道用于赏心悦目的料理，从这个意义上讲堪称顶级的精品。,translated,372,471731b0d5,<CR> <CR> br=0 nl=0,8,keep-tags <CR>; src-longest-line=129
item:927,真っ黒汁？,漆黑汤？,translated,16,197786d051,br=0 nl=0,8,
item:928,研磨剤,研磨剂,translated,10,a2d9769187,br=0 nl=0,12,
item:929,砕くと粘り気の出る不思議な豆。<CR>無味無臭だが、砕くと独特の匂いと濃厚な旨みが生まれる。<CR>栄養についても砕くと変化するので、砕く・砕かないでいろいろな料理に使うことができる便利な食材。,捣碎后会产生粘性的神奇豆子。<CR>原本无味无臭，但一旦捣碎就会产生独特的香气与浓郁的鲜美。<CR>其营养成分捣碎后也会发生改变，因此根据捣碎与否可用于各种各样的菜肴，是一种非常便利的食材。,translated,276,8537b99cd3,<CR> <CR> br=0 nl=0,12,keep-tags <CR>; src-longest-line=97
item:930,破邪調界御剣,破邪调界御剑,translated,19,d8351214df,br=0 nl=0,2,
item:931,磁極式精神波記憶媒体,磁极式精神波存储介质,translated,36,f184366620,br=0 nl=0,7,
item:932,磨いたら光りそうな、黒い石。もし大きなターリア黒石があったら、それを削りだして立派な石碑が作れそうだ。<CR>これにもターリアという名前が付いてるが、もしかしたらパウダリア白石と関係あるのだろうか？,感觉打磨后会发光的黑色石头。如果有巨大的塔利亚黑石，削凿打磨想必能做出一座气派的石碑。<CR>这个上面也冠以塔利亚之名，难道与帕乌达利亚白石有什么关联吗？,translated,290,dd6ba2c31a,<CR> br=0 nl=0,12,keep-tags <CR>; src-longest-line=99
item:933,神聖な衣？,神圣之衣？,translated,16,1a15d2f48c,br=0 nl=0,1,
item:934,神託のオルゴール,神谕八音盒,translated,25,61d099686a,br=0 nl=0,2,
item:935,私立蓮明学院生徒手帳,私立莲明学院学生手册,translated,36,9d14f0a6d7,br=0 nl=0,8,
item:936,種を繰り抜いたメロンの真ん中に、チョコを詰めこんだスィーツ。<CR>チョコはほろ苦い大人の味で、高級品であるメロンのほのかな甘さを損なうことはない。<CR>半分は器として使い、切り分けられたメロンをチョコの海にくぐらせて食べる。,将瓜籽掏空的甜瓜中央填入巧克力的甜点。<CR>巧克力是略带微苦的大人风味，丝毫不会破坏高档甜瓜那份清雅的甘甜。<CR>将一半作为容器使用，把切块的甜瓜浸入巧克力之海中品尝。,translated,540,398b1d6db2,<CR> <CR> br=0 nl=0,12,keep-tags <CR>; src-longest-line=114
item:937,立派な布？,气派的布？,translated,16,7e88e826a9,br=0 nl=0,12,
item:938,竜つの？,龙角？,translated,13,956d3bd111,br=0 nl=0,3,
item:939,竜人形？,龙玩偶？,translated,13,69cb040d54,br=0 nl=0,3,
item:940,端末や機械に流れるＴｚ波の流量を調節するための制御チップ。ウェーブアンプリフタが故障すると、その機械に流れるＴｚ波が滅茶苦茶になる。<CR>出力調整という意味では車のアクセルのようなものだろうか。,用于调节流经终端或机械的Tz波流量的控制芯片。一旦波动放大器发生故障，流经该机械的Tz波就会变得一团混乱。<CR>从调节输出的角度来说，大概类似于汽车的油门吧。,translated,287,de1a166f6f,<CR> br=0 nl=0,12,keep-tags <CR>; src-longest-line=98
item:941,粉末触媒？,粉末催化？,translated,16,829fa69d9e,br=0 nl=0,6,
item:942,粉？,粉？,translated,7,5366efef99,br=0 nl=0,12,
item:943,粗末な布？,粗糙的布？,translated,16,3949b15a2f,br=0 nl=0,12,
item:944,精神識別？,精神识别？,translated,16,3f25f6074d,br=0 nl=0,5,
item:945,精肉増強剤？,精肉增强剂？,translated,19,5f8a5a2a2a,br=0 nl=0,6,
item:946,紅白麻婆豆腐,红白麻婆豆腐,translated,19,00c50e6c2d,br=0 nl=0,8,
item:947,納涼うちわ,纳凉团扇,translated,16,96bfa50be3,br=0 nl=0,8,
item:948,純粋な想い？,纯粹思念？,translated,19,8e08374889,br=0 nl=0,1,
item:949,紙束？,纸束？,translated,10,c587baf111,br=0 nl=0,8,
item:950,素材が折れる,材料折断,translated,19,e3c14b8c82,br=0 nl=0,1,
item:951,紡がれた詩を一時的に記憶するための部品。Ｇ２トロンをはじめとする各種端末が詩魔法を発動させるために重要なものの一つ。<CR>シェルノトロンにも同種の部品が内蔵されているが、ＨＳＤＲはそれを改良し、より高速で処理が可能となっている。しかし、規格が異なるため旧端末では使用することができない。,用于临时存储编织出的诗歌的部件。是包括G2特伦在内的各种终端发动诗魔法的重要部件之一。<CR>榭鲁诺特伦中也内置了同类部件，但HSDR对此进行了改良，能够实现更高速的运算处理。不过由于规格不同，无法在旧式终端上使用。,translated,425,687f6074f7,<CR> br=0 nl=0,3,keep-tags <CR>; src-longest-line=144
item:952,紫の花？,紫花？,translated,13,e3b89897b2,br=0 nl=0,11,
item:953,紫外線避けのために作ったサンオイル。<CR>イオンの言う通り、仮想世界で日焼けをするのかどうかは分からないが、予防するに越したことはない。<CR>仲良くなれば、オイル塗りをする機会もあるかも…。,为了防紫外线而制作的防晒油。<CR>正如依恩所说，虽然不知道在虚拟世界中是否会被晒黑，但做好防范总归没有坏处。<CR>关系搞好了，或许还会有帮忙涂防晒油的机会呢……,translated,276,8eec49a408,<CR> <CR> br=0 nl=0,12,keep-tags <CR>; src-longest-line=97
item:954,紫陽咲花,紫阳咲花,translated,13,57f7533820,br=0 nl=0,5,
item:955,紫陽咲花と一緒に作られたアサガオをモチーフとしたかんざし。<CR>控えめな色合いの紫陽咲花に対して、少し派手めな紫色の花飾りだが、その周囲の緑の葉が全体との調和を取り、ワンポイントとして美しい印象を与えている。浴衣だけでなく他の服とも組み合わせることで、また違った感じが出そうだ。,与紫阳咲花一同制作的以牵牛花为主题的发簪。<CR>相较于色调含蓄典雅的紫阳咲花，这枚紫色的花饰略显明艳，但周围翠绿的叶片与整体达成了绝妙的调和，作为点缀给人以优雅美丽的印象。不仅是浴衣，与其他服装相搭配似乎也能展现出截然不同的韵味。,translated,414,21fade942f,<CR> br=0 nl=0,5,keep-tags <CR>; src-longest-line=140
item:956,紺色の結晶？,深蓝结晶？,translated,19,b9797cec7f,br=0 nl=0,12,
item:957,組み込んだ装置の周囲に物質の動きを阻害する力場を生成するＲＮＡ。<CR>その効力を利用して、重要な装置であればあるほど、組み込まれていることが多い。ただし、常時稼動していると作業そのものが満足にできないため、非常時にのみ稼動するように調整が施されているようだ。,在所搭载装置的周围生成阻碍物质运动的力场的RNA。<CR>正是利用这一效力，越是重要的装置，内置它的情况就越多。不过，若是时刻运转反而会导致作业本身无法正常进行，因此似乎被调整为仅在紧急状况下启动。,translated,383,5e2ad88893,<CR> br=0 nl=0,2,keep-tags <CR>; src-longest-line=130
item:958,結晶演算子ＳＭＬ,结晶算子SML,translated,25,dc44ab518e,br=0 nl=0,6,
item:959,綺麗な紫色をした花弁が特徴的な花。花弁は布の染色に、茎や葉は繊維素材として使える。<CR>他にも薬としての効能が<CR>あったりもするらしく、余すところない植物として有名らしい。,以美丽的紫色花瓣为特征的花。花瓣可用于布料染色，茎和叶可作为纤维材料使用。<CR>除此以外据说还具备<CR>药用功效，作为毫无丢弃部分的实用植物而颇具盛名。,translated,252,d2d76eb7a6,<CR> <CR> br=0 nl=0,11,keep-tags <CR>; src-longest-line=89
item:960,緑の石？,绿石？,translated,13,83c26cc7fc,br=0 nl=0,12,
item:961,緑の硬質感のある布。繊維状にしたマグネムメタルが織り込まれていてかなり丈夫らしいが、ずっしりとした重さがあるとか。<CR>軽くて丈夫、かつ綺麗なのが良い布の条件だが、そういう布は手に入れるのが難しい。,带有绿色坚硬质感的布料。织入了纤维状的磁能金属，据说相当结实坚固，但也有着沉甸甸的分量。<CR>轻盈、坚韧且美观是优质布料的条件，但想要入手那样的布料却十分困难。,translated,293,51ff1e2c35,<CR> br=0 nl=0,12,keep-tags <CR>; src-longest-line=100
item:962,緑色の食べられる草。<CR>外に出れば割と簡単に見つけることができ、さらに数も多いため、容易に採取ができる。<CR>ただ野草であることには変わりないので、調理の際はきちんと洗う必要があるようだ。,绿色的可食用野草。<CR>只要出门就相当容易找到，加之数量繁多，很容易采集。<CR>不过终究还是野草，在烹饪时似乎需要彻底清洗干净。,translated,276,283e2f118d,<CR> <CR> br=0 nl=0,12,keep-tags <CR>; src-longest-line=97
item:963,縁日の象徴の一つとも言えるお面。最近のお祭りではきつねのお面が売っているところはほとんど見られない。<CR>だがこれを使って仮想世界に行けば、イオンとの新しい会話のきっかけになるかもしれない。,堪称庙会象征之一的面具。在近年的庙会上几乎很难见到卖狐狸面具的小摊了。<CR>不过如果带着它前往虚拟世界，说不定能成为与依恩展开新话题的契机。,translated,282,9994a3149b,<CR> br=0 nl=0,10,keep-tags <CR>; src-longest-line=96
item:964,羽帽子？,羽毛帽？,translated,13,7614e42a8d,br=0 nl=0,12,
item:965,羽毛？,羽毛？,translated,10,44002de3c7,br=0 nl=0,7,
item:966,耐磨耗性と強度が高い金属を使用したシャフト。<CR>ギアーを取り付けてプロペラシャフトにしたり、各部の連結に使用される。<CR>ただその高すぎる強度から加工が難しく、工場などで製造されるならまだしも、個人で一つ一つ作るのには適していないようである。また機械部品である以上、メンテナンスは必須。,使用耐磨性与强度极高的金属制成的传动轴。<CR>可安装齿轮制成传动轴，或用于连接各个部件。<CR>然而由于其强度过高而极难加工，在工厂等场所制造倒也罢了，似乎不太适合个人逐一手工制作。此外既然是机械零件，维护便必不可少。,translated,424,2833b5c71b,<CR> <CR> br=0 nl=0,6,keep-tags <CR>; src-longest-line=146
item:967,耳当て？,耳罩？,translated,13,e309cdb3f3,br=0 nl=0,9,
item:968,聖域？,圣域？,translated,10,d3660633c4,br=0 nl=0,2,
item:969,肉の卵閉じ？,肉蛋盖浇？,translated,36,1d4242e183,br=0 nl=0,12,
item:970,肉パン？,肉面包？,translated,13,e8e8146089,br=0 nl=0,10,
item:971,肉大盛り炒飯？,大份肉炒饭？,translated,22,8f72b6c9dc,br=0 nl=0,12,
item:972,肉鍋？,肉锅？,translated,10,e2cc8a0126,br=0 nl=0,12,
item:973,肌理細やか、薄い水色の透明感がある美しい布。<CR>皇帝が謳う際に着る服に用いられ、天文や地文の官僚はおろか、皇女すらこの布を使用した服を着ることはない。というのも、この布に使用されている糸は特定領域以上の声帯に反応して詩の力を高めてくれる能力を持つが、その領域が皇帝の声帯領域なのである。,质地细腻、带有浅水蓝色通透感的美丽布料。<CR>用于皇帝咏唱时所穿的礼服，别说是天文或地文的官僚，就连皇女也不曾穿过使用此布制成的服装。究其原因，是因为这种布料所使用的丝线具备对特定领域以上的声带产生反应从而增强诗之力量的能力，而那个领域正是皇帝的声带领域。,translated,428,4b31601da1,<CR> br=0 nl=0,1,keep-tags <CR>; src-longest-line=145
item:974,脇と腰の部分が大きく開いたデザインの女性用パジャマ。風通しが良くムレにくいため、快適に眠ることができるそうだ。<CR>たしかに機能的なデザインなのだが、エロスを感じずにはいられないのはなぜだろう？,侧肋与腰部有着大面积开叉设计的女性用睡衣。通风透气不易闷热，据说能够带来舒适的睡眠。<CR>虽然确实是功能性的设计，但为何却总让人忍不住感到几分性感诱惑呢？,translated,287,186b4ce829,<CR> br=0 nl=0,12,keep-tags <CR>; src-longest-line=98
item:975,自動人形コンデン君,自动人偶电容君,translated,28,fb079562e7,br=0 nl=0,8,
item:976,臭い水？,臭水？,translated,13,884ee22682,br=0 nl=0,11,
item:977,花冠ととがった耳がセットになったアクセサリー。<CR>花冠はイオンらしいアクセサリーなので特徴的というほどではないが、ポイントはセットのとがった耳である。<CR>この耳を着けるだけでいつもとは雰囲気の違う感じのイオンを見ることができ、さらにはイオンの動きに合わせて、耳も動くらしい。,花冠与尖尖耳朵成套搭配的饰品。<CR>花冠作为极具依恩风格的饰品虽称不上多么特别，但亮点在于配套的尖耳朵。<CR>光是戴上这对耳朵就能看到与平时氛围截然不同的依恩，而且随着依恩的动作，耳朵似乎也会跟着动起来。,translated,408,f5f67f91ab,<CR> <CR> br=0 nl=0,9,keep-tags <CR>; src-longest-line=141
item:978,花髪飾り？,花发饰？,translated,16,881e286b5d,br=0 nl=0,12,
item:979,苦手な人には辛い一品。,不爱吃的人来说是一道难熬的料理。,translated,148,73481e2df6,br=0 nl=0,6,field is a continuation chunk of a longer source string; translate it as that part only
item:980,菓子パン？,甜面包？,translated,16,78a7b25b0f,br=0 nl=0,11,
item:981,落としてこぼす,失手掉落洒出,translated,22,3e6bc8ae8c,br=0 nl=0,1,
item:982,落として割る,失手摔破,translated,19,c5a3281a63,br=0 nl=0,1,
item:983,蒼く染められた美しいバスタオル。その華やかさからぱっと見だと水着のように見えなくもない。<CR>タオルを止めるために使われるクリップは、裏側がマグネットになっており、浴室の壁にかけることも可能という優れもの。,染成湛蓝色的美丽浴巾。凭借其华丽感，猛一看似乎也颇像泳装。<CR>用于固定浴巾的夹子背面带磁吸功能，能够直接吸附在浴室墙壁上，是一件极佳的物品。,translated,544,a9e221eb26,<CR> br=0 nl=0,12,keep-tags <CR>; src-longest-line=104
item:984,蓬莱連歌,蓬莱连歌,translated,13,a02e1d5c5b,br=0 nl=0,1,
item:985,蓬莱連歌と一緒に作った髪飾り。<CR>ねりこが着けている黒いうさみみのようなものだが、うさみみというには少々形状が異なる。<CR>ヘッドドレスと一体化しており、蓬莱連歌自体もエプロンドレスに似ている。そういう意味で、この二つはお似合いのセットといえるだろう。,与蓬莱连歌一同制作的发饰。<CR>虽然宛如妮莉库戴着的黑色兔耳一样，但作为兔耳而言形状略有不同。<CR>它与头饰合二为一，而蓬莱连歌本身也形似围裙礼服。从这个意义上讲，这两件物品堪称天造地设的一套组合。,translated,372,ce3a7dea04,<CR> <CR> br=0 nl=0,1,keep-tags <CR>; src-longest-line=129
item:986,蓬莱霊装,蓬莱灵装,translated,13,e060e83b16,br=0 nl=0,8,
item:987,蓬莱霊装と共に作られた帽子。<CR>その名は『法と命を繋いでいく』という意味であり、命を尊び、掟を重んじる地文らしい名前だといえる。地文の特徴である真鍮色で装飾されており、さらには黒の生地を使用されているため、厳格な儀礼服にふさわしいデザインとなっている。,与蓬莱灵装一同制作的帽子。<CR>其名为“延续法令与生命”之意，堪称敬重生命、恪守戒律的“地文”风格的名字。装饰着地文特色的黄铜色，再加上使用了黑色的布料，呈现出与庄严仪礼服相称的沉稳设计。,translated,377,112ded34e2,<CR> br=0 nl=0,8,keep-tags <CR>; src-longest-line=128
item:988,蓮の髪飾り？,莲花发饰？,translated,19,6426a35c73,br=0 nl=0,1,
item:989,蓮花,莲花,translated,7,f5b9bb311b,br=0 nl=0,1,
item:990,蕾の基板？,花蕾基板？,translated,16,80892eb9c2,br=0 nl=0,7,
item:991,薄い水色の、冷たい鉱石。常に冷たい空気に包まれており、そばに置いておくだけで、それなりに涼しそうだ。<CR>鉱石の純度は低いが、そのままでも十分に利用できるため、保冷効果が必要な箇所に使われる。,呈浅水蓝色的冰冷矿石。始终被冷空气所包裹，光是放在身边就感觉相当凉爽。<CR>矿石的纯度虽低，但直接使用也完全行得通，因此被用于需要保冷效果的地方。,translated,284,76c8f8e8f3,<CR> br=0 nl=0,10,keep-tags <CR>; src-longest-line=97
item:992,虹の小瓶,彩虹小瓶,translated,13,274d697bb8,br=0 nl=0,4,
item:993,虹色をしたゲル状の液体が入った小さな瓶。<CR>イオンがキャスとサーリが紡いだ詩魔法を参考に作った物だが、インテリア以外の用途はないようだ。ただし、液層ごとに異なる淡い光を発しており、暗い場所ではその幻想的な光を見ることができる。無害な液体だが、子供が口に入れないようにだけは注意しよう。,装有彩虹色凝胶状液体的小瓶。<CR>是依恩参考凯斯与莎丽编织的诗魔法制作的物品，但除摆设外似乎并无其他用途。不过，每个液层都散发着不同的微弱光芒，在暗处能欣赏到那梦幻般的光芒。虽然是无害液体，但还是要当心切勿让小孩子误食。,translated,425,640cf29664,<CR> br=0 nl=0,4,keep-tags <CR>; src-longest-line=144
item:994,螺旋バイオス？,螺旋BIOS？,translated,36,3331ec1e67,br=0 nl=0,6,
item:995,表面がコーティングされた紙の束。<CR>昔はユンクの実一つの重さが基準として使用されていたことがあったらしく、どうやらその名残のようだ。コーティングされた表面は光沢紙のようにキラキラして綺麗だ。,表面经过涂层处理的纸叠。<CR>过去似乎曾将一颗尤恩克之果的重量作为基准使用过，看来这正是当年的遗存。经过涂层的表面宛如铜版纸般闪闪发亮十分漂亮。,translated,284,ab845609f5,<CR> br=0 nl=0,12,keep-tags <CR>; src-longest-line=97
item:996,製本用紙？,装订纸？,translated,16,3c587995c0,br=0 nl=0,12,
item:997,複合励起七極管,复合激发七极管,translated,22,c8969110c7,br=0 nl=0,5,
item:998,見たままにかぼちゃ。<CR>その固い実は包丁を使用しても切るのは難しい。<CR>慣れないうちは指を切ってしまう危険もあるので、<CR>細心の注意が必要。<CR>その代わり、火にかけると上品な甘さを出すため、<CR>お菓子や料理の隠し味などで使われることも多い。,正如其外表所见就是南瓜。<CR>那坚硬的果实即使用菜刀也很难切开。<CR>在不习惯的时候还有切到手指的危险，<CR>必须格外小心。<CR>相对地，只要加热就能释放出高雅的甘甜，<CR>因此常常被用作点心或烹饪的秘制调味。,translated,351,ea7a64cce7,<CR> <CR> <CR> <CR> <CR> br=0 nl=0,11,keep-tags <CR>; src-longest-line=130
item:999,見た目がエビというだけでエビが入っていないパン。発売当初は詐欺だと騒がれ一度は販売停止に追い詰められたが、子供たちからの人気が高く、再販されたという伝説があるらしい。<CR>真実かどうかは謎である。,仅仅因为外观形似虾而内部完全没有虾的面包。据传发售当初被指责为欺诈而一度被逼停售，却因在孩子们当中极受欢迎而得以重新发售。<CR>究竟是否属实仍是个谜。,translated,540,b2f78002cb,<CR> br=0 nl=0,12,keep-tags <CR>; src-longest-line=99
item:1000,見た目が明らかに自爆ボタンになっているスイッチ。何の役に立つかは作ったイオン自身にすら分からないらしい。あえて言うなら、これを押すことで逆境から一発逆転できるような気分が味わえる……かもしれないらしい。<CR>色々な意味で個人差のある効果が期待できる？,外表明显是一枚自爆按钮的开关。究竟能派上什么用场，似乎连亲手制作的依恩自己都不知道。勉强要说的话，据说按下它能让人体会到从逆境中一发逆转般的快感……也说不定。<CR>各方面意义上都能够期待极具个人差异的效果？,translated,371,b99fa26467,<CR> br=0 nl=0,6,keep-tags <CR>; src-longest-line=126
item:1001,見た目が木炭のようなアイス。苦そうな色合いだが、味わい深いコクが舌を楽しませ、一度食べたら病みつきになる美味しさらしい。つい食べ過ぎると体重が大変なことになるため、女性にとっては悩みの種のようだ。,外观酷似木炭的冰淇淋。色泽看似很苦，深沉浓郁的醇香却能取悦舌尖，据说是一旦品尝就会上瘾的美味。若是忍不住多吃会导致体重飙升，对于女性来说似乎是个令人烦恼的诱惑源。,translated,296,523b751986,br=0 nl=0,10,src-longest-line=98
item:1002,見た目は普通のクリームシチューだが、イオンなりのアレンジが加えられ、非常にクリーミーな仕上がりになっている。<CR>寒い日や疲れたときはもちろん、パンと一緒に食べたり、ご飯にかけて食べるのもおいしいらしい。<CR>ただし、ご飯にかけたときの見た目が良くないのはご愛嬌である。,外观虽是普通的奶油炖菜，却融入了依恩独具匠心的改良，呈现出极其浓稠柔滑的口感。<CR>在寒冷之日或疲惫之时自不必说，与面包搭配或浇在米饭上享用据说也非常美味。<CR>不过浇在米饭上时卖相欠佳这一点，就权当是小可爱之处吧。,translated,396,80a31041f4,<CR> <CR> br=0 nl=0,3,keep-tags <CR>; src-longest-line=137
item:1003,規格パーツ？,标准件？,translated,19,1546cbd513,br=0 nl=0,9,
item:1004,角度によって、ガラスの中の風景が変化する玉。<CR>光の屈折を利用していることは間違いないと思うが、玉の中がどうなっているのかは謎である。<CR>イオンの人形を入れたり、細かい四季の移り変わりを表現するのは難しいのが、少々残念な点ではある。,随着观察角度不同，玻璃内部景象会发生变化的球体。<CR>虽然可以确定是利用了光的折射原理，但球体内部的构造究竟如何却依然是个谜。<CR>放入依恩的玩偶，或细腻展现四季更迭等操作较为困难，这算是一点小小的遗憾吧。,translated,345,c1542271bc,<CR> <CR> br=0 nl=0,7,keep-tags <CR>; src-longest-line=120
item:1005,記憶を取り戻したイオンが彼女の世界にいた頃の記憶を元に作った服。<CR>イオンが結城寧だったときに着ていた学生服であり、イオンにとって最も馴染み深い服の一つ。<CR>ラシェーラの人々を助けるまではイオンとして頑張ると誓ったものの、やはり故郷への想いは忘れられないようだ。,找回记忆的依恩根据她在原本世界时的记忆制作的服装。<CR>是依恩作为结城宁时穿过的学生制服，也是对依恩而言最为熟悉亲切的服装之一。<CR>虽然曾发誓在拯救拉榭拉的人民之前要作为依恩全力以赴，但看来终究还是无法割舍对故乡的思念。,translated,390,369113e636,<CR> <CR> br=0 nl=0,1,keep-tags <CR>; src-longest-line=135
item:1006,証明書？,证明书？,translated,13,eaa7c222e7,br=0 nl=0,8,
item:1007,証明証？,证明卡？,translated,13,1da40ae088,br=0 nl=0,7,
item:1008,読書日和,适宜读书,translated,13,95f5255c14,br=0 nl=0,2,
item:1009,読書日和と一緒に作られたグレーのリボンが付いた黒い帽子。<CR>春風の名前にそぐわない色にも思えるが、冬が過ぎ、暖かくなり始めた日差しを受け止める。そう考えると意外と合ってるのかもしれない。,与适宜读书一同制作的附带灰色丝带的黑帽子。<CR>虽说让人觉得与春风之名略显不符，但冬去春来，正好能迎接开始变暖的阳光。这么一想，或许出人意料地非常相配呢。,translated,278,3aa0933b85,<CR> br=0 nl=0,2,keep-tags <CR>; src-longest-line=95
item:1010,読書日和と一緒に作られた音符の形のイヤリング。<CR>詩魔法という音を中心とした文化を持つラシェーラにおいて、ピッタリとも言えるイヤリング。<CR>名前の由来はカエルの幼生に音符の形が似てるからだと思われるが、ラシェーラにカエルがいるかどうかは定かではない。,与适宜读书一同制作的音符造型耳环。<CR>在拥有以诗魔法这一声音为核心文化的拉榭拉，堪称再贴切不过的耳环。<CR>名字的由来推测是因为青蛙的幼体与音符形状相似，但拉榭拉究竟是否有青蛙尚无定论。,translated,372,a807b286ef,<CR> <CR> br=0 nl=0,2,keep-tags <CR>; src-longest-line=129
item:1011,調合：すり潰す,调合：研磨,translated,22,aa4fe66f2b,br=0 nl=0,3,
item:1012,調合：冶金,调合：冶金,translated,16,30a9f05b5e,br=0 nl=0,3,
item:1013,調合：分離,调合：分离,translated,16,a2e8b4aa86,br=0 nl=0,3,
item:1014,調合：反応,调合：反应,translated,16,e9fe17d35d,br=0 nl=0,3,
item:1015,調合：執筆,调合：执笔,translated,16,74ed0833c7,br=0 nl=0,3,
item:1016,調合：培養,调合：培养,translated,16,f3c9cf164a,br=0 nl=0,3,
item:1017,調合：接合,调合：接合,translated,16,924e89906c,br=0 nl=0,3,
item:1018,調合：接続,调合：连接,translated,16,f9ef1318af,br=0 nl=0,3,
item:1019,調合：染色,调合：染色,translated,16,121442fac0,br=0 nl=0,3,
item:1020,調合：混合,调合：混合,translated,16,7b86d28c25,br=0 nl=0,3,
item:1021,調合：溶接,调合：焊接,translated,16,aacea9b7a8,br=0 nl=0,3,
item:1022,調合：研磨,调合：研磨,translated,16,b4a4d5d6cd,br=0 nl=0,3,
item:1023,調合：細工,调合：精工,translated,16,be73fb2c2f,br=0 nl=0,3,
item:1024,調合：組み立て,调合：组装,translated,22,951dfefb0e,br=0 nl=0,3,
item:1025,調合：絵画,调合：绘画,translated,16,eae0fa7e84,br=0 nl=0,5,
item:1026,調合：裁縫,调合：缝纫,translated,16,5b879a1a0e,br=0 nl=0,3,
item:1027,調合：鍛冶,调合：锻造,translated,16,74375895da,br=0 nl=0,3,
item:1028,調味料？,调味料？,translated,13,09d7ed9ec6,br=0 nl=0,12,
item:1029,謎の絵？,谜之画？,translated,13,f8c17bbd12,br=0 nl=0,2,
item:1030,謳い手の集中力と想いの強さが強いほど、その能力を発揮するＴｘＢＩＯＳ。<CR>逆に日常生活で使用するような詩魔法では、大した集中力も想いも必要ないので最低ランクの能力しか発揮できない。<CR>気持ちが高ぶっているここ一番の大舞台というときにこそ力を発揮するＴｘＢＩＯＳである。,歌唱者的专注力与思念越强，越能发挥其性能的TxBIOS。<CR>反之若是在日常生活中使用的诗魔法，由于不需要多么高度的专注力与思念，只能发挥出最低等级的性能。<CR>正是在情绪高涨的关键大型舞台上才能大显身手的TxBIOS。,translated,399,e8da2e8b11,<CR> <CR> br=0 nl=0,1,keep-tags <CR>; src-longest-line=138
item:1031,謳う丘の各所に使用されている宝石のような物質。<CR>謳う丘のデッキで皇帝が謳う際、その詩の想いを増幅する役割を持つ。<CR>一つ一つはけっして大きくないうえ、謳う丘の内部に設置されているため表面上は見ることができない。しかし、その数は無数に存在し、謳う丘のいたるところに設置されている。,在咏唱之丘各处被使用的宛如宝石般的物质。<CR>在咏唱之丘的甲板上皇帝咏唱之时，承担着增幅那首诗中思念的作用。<CR>虽然单个绝不算大，且设置在咏唱之丘内部因而在表面无法看到。然而其数量不计其数，被设置在咏唱之丘的各个角落。,translated,417,e60007e57c,<CR> <CR> br=0 nl=0,1,keep-tags <CR>; src-longest-line=144
item:1032,豆腐汁？,豆腐汤？,translated,13,6fe154ccb5,br=0 nl=0,12,
item:1033,質素な布？,朴素的布？,translated,16,f4f41206f4,br=0 nl=0,11,
item:1034,赤いキャベツ？,红卷心菜？,translated,22,8351c6b6f8,br=0 nl=0,5,
item:1035,赤いサラダ？,红色沙拉？,translated,19,7cb4fb5233,br=0 nl=0,5,
item:1036,赤いリボン？,红丝带？,translated,19,9890b000ce,br=0 nl=0,16,
item:1037,赤い帽子？,红帽子？,translated,16,eeea9d6ba2,br=0 nl=0,1,
item:1038,赤い液体？,红色液体？,translated,16,0ef72d0c15,br=0 nl=0,12,
item:1039,赤い石？,红石？,translated,13,777a126237,br=0 nl=0,12,
item:1040,赤い老人服？,红色老人装？,translated,19,057f2a5fb9,br=0 nl=0,1,
item:1041,赤い野菜？,红色蔬菜？,translated,16,15633800ea,br=0 nl=0,12,
item:1042,赤く丸い石。<CR>砕くことで薬になったり、染色の素材として使用されたりと、意外と使いどころは多いらしい。<CR>ただこれ、もし柔らかかったら梅干と間違えてしまいそうで怖い。間違ってイオンが食べないか心配だ。,红色的圆石。<CR>捣碎后能作为药物，或作为染色的材料使用等，用途似乎出乎意料地繁多。<CR>只是这东西如果是软的，真让人害怕会误当成话梅。真让人担心依恩会不会不小心吃下去。,translated,544,f0d49d788f,<CR> <CR> br=0 nl=0,12,keep-tags <CR>; src-longest-line=104
item:1043,赤ん坊用のガラガラと思いきや、見た目がパンク系のとんでもないガラガラ。<CR>また内部に電気を溜め込んでおり、振ると放電する危険物でもある。<CR>こんなの持ってる赤ん坊は見たくない……というか、赤ん坊じゃなくても怖くて持ちたくない。,本以为是婴儿用的摇铃，外观却是朋克风格的荒唐摇铃。<CR>而且内部蓄积着电力，一摇晃就会放电，属于危险物品。<CR>真不想看到拿着这种东西的婴儿……话说回来，就算不是婴儿，也害怕得让人不敢拿在手里。,translated,336,47da4b5f30,<CR> <CR> br=0 nl=0,8,keep-tags <CR>; src-longest-line=117
item:1044,赤・緑・黄と色鮮やかな食材を使用して作られたポテトサラダ。<CR>あっさりした味で、かつ食べ応えあるのが特徴。<CR>簡単かつおいしく、しかもお腹も満たされるという優良サラダ。<CR>健康にも良いため、一石二鳥どころか一石三鳥になっている。,使用红、绿、黄鲜艳食材制作的土豆沙拉。<CR>口感清爽且吃起来很有分量是其特色。<CR>简单易做又美味，而且还能填饱肚子，是一道优良的沙拉。<CR>对健康也有益，不仅是一石二鸟，简直是一石三鸟。,translated,337,23a5c59de9,<CR> <CR> <CR> br=0 nl=0,8,keep-tags <CR>; src-longest-line=120
item:1045,赤白ブヨブヨ？,红白软冻？,translated,22,a67af8451d,br=0 nl=0,12,
item:1046,赤縁メガネ？,红框眼镜？,translated,19,2287110cfe,br=0 nl=0,16,
item:1047,赤車蓮華,赤车莲华,translated,13,3858b810c4,br=0 nl=0,7,
item:1048,超吸引機？,超强吸机？,translated,16,47a1de9640,br=0 nl=0,11,
item:1049,超大型増幅用真空管,超大型增幅用真空管,translated,28,7c198f7f6b,br=0 nl=0,2,
item:1050,超弾力綿毛,超弹力绒毛,translated,16,7e29d74278,br=0 nl=0,7,
item:1051,超振加速素子,超振加速元件,translated,19,7d75f3b870,br=0 nl=0,8,
item:1052,超輝工式Ｔｚ制御端末,超辉工式Tz控制终端,translated,36,d2eb833fa4,br=0 nl=0,12,
item:1053,超電加速ビーム管,超电加速束管,translated,25,48984e13c0,br=0 nl=0,3,
item:1054,軽い石？,轻石？,translated,13,1f8d1e783c,br=0 nl=0,5,
item:1055,軽く、やわらかく、丈夫。また様々な色に染めることができるらしく、マルテーラクロスの衣類はラシェーラでは人気が高いようだ。その立ち位置は地球のポリエステルと同じなのかもしれない。,轻盈、柔软且结实。此外似乎能染成各种颜色，使用玛尔泰拉布制作的衣物在拉榭拉人气极高。其定位或许与地球上的聚酯纤维相同。,translated,265,5147e43a46,br=0 nl=0,12,src-longest-line=88
item:1056,辛い粉？,辛辣粉？,translated,13,01228b087e,br=0 nl=0,12,
item:1057,近未来基板？,近未来基板？,translated,19,ce11646e5d,br=0 nl=0,8,
item:1058,透けた布？,半透布料？,translated,16,816f971489,br=0 nl=0,1,
item:1059,透明汁？,透明汤？,translated,13,e16290d80c,br=0 nl=0,7,
item:1060,通常のカソードとプレートに加え、カソードから出た電子を励起させたり、選別したりする五つのグリッドで構成された七極管。<CR>その出力は二極管と比べるまでもなく、さらには長波から短波まで変換を可能とした優秀な真空管である。その特性を生かし、高出力や複数の波が行き交う箇所に使用されることが多い。,在常规的阴极与极板基础上，加上用于激发或筛选自阴极逸出电子的五重栅极构成的七极管。<CR>其输出功率远非二极管所能比拟，更是一款能够实现从长波到短波相互转换的优秀真空管。发挥该特性，它常被用于高输出功率或多种波形交汇的场合。,translated,540,0f7e32cdd5,<CR> br=0 nl=0,5,keep-tags <CR>; src-longest-line=146
item:1061,通常のＴｘＢＩＯＳよりも空気や風の物理法則に関する情報が取得しやすくなっているＴｘＢＩＯＳ。<CR>そのため、突風を巻き起こしたり、空気の密度を操作して対象にぶつけるなど、大気を操作することに特化した詩魔法の生成に適している。かつては、これを使ったイタズラが横行したこともあるようだ。,比通常TxBIOS更容易获取关于空气与风的物理法则信息的TxBIOS。<CR>因此，非常适合用于生成专精于操控大气的诗魔法，如卷起狂风、或操控空气密度撞击目标等。据说过去甚至还曾横行过利用它进行恶作剧的现象。,translated,419,229ef19d67,<CR> br=0 nl=0,2,keep-tags <CR>; src-longest-line=142
item:1062,運動着？,运动服？,translated,13,8f91c4ffd8,br=0 nl=0,4,
item:1063,運試しサラダ？,试运沙拉？,translated,22,c62fed1018,br=0 nl=0,6,
item:1064,過去に見えてたであろう<CR>ラシェーラの星々を表した天球儀。<CR>プラネタリーメゾンで見た星空を参考に作り上げたようだ。<CR>今ではもう、見えなくなってしまった星も多いらしく比較したら面白いかもしれない。,呈现了过去理应能看得到的<CR>拉榭拉群星的天球仪。<CR>似乎是参考了在行星公馆见到的星空制作完成的。<CR>据说如今已有许多星辰变得无法看见，若将两者对比一番想必会很有趣。,translated,293,c9f3e811ac,<CR> <CR> <CR> br=0 nl=0,10,keep-tags <CR>; src-longest-line=105
item:1065,過発酵,过发酵,translated,10,6a92efc706,br=0 nl=0,1,
item:1066,遠隔装置？,远程装置？,translated,16,c4d7780ecb,br=0 nl=0,3,
item:1067,遮光レンズ？,遮光镜片？,translated,19,73e85cac06,br=0 nl=0,12,
item:1068,部品が余る,零件多出,translated,16,46996fcea8,br=0 nl=0,1,
item:1069,酸味が強い調味料。<CR>ビンの中身は最初ただの水だが、一緒に入れられている草が、長い年月をかけて水を変質させ酸味の強い調味料にする。<CR>その中でも時間をかけたものは高級品として扱われるようだ。,酸味强烈的调味料。<CR>瓶子里最初只是普通的水，但一同放入的野草经过漫长岁月会让水质变异，转化为酸味强烈的调味料。<CR>其中耗费时间越长的，似乎越被视作高档品。,translated,282,05d60a6df2,<CR> <CR> br=0 nl=0,11,keep-tags <CR>; src-longest-line=99
item:1070,重可変型金属？,重力可变金属？,translated,22,1890386ac8,br=0 nl=0,5,
item:1071,野菜サンド？,蔬菜三明治？,translated,19,570d7b6fe2,br=0 nl=0,7,
item:1072,量子管？,量子管？,translated,13,32f6afe935,br=0 nl=0,5,
item:1073,量産や汎用性を度外視して性能のみを追い求めたＧ２トロンの初期型カソードを再現したもの。<CR>ワンオフで作成されるプロトタイプは基本的に量産品よりも高性能であることが多いが、このカソードもその例に漏れず、量産Ｇ２トロンに搭載されているカソードよりも数段上の性能を持つ。,抛开量产与通用性、纯粹追求极致性能的G2特伦初期型号阴极的复原品。<CR>单件定制的试作原型通常大都比量产产品具备更高性能，这枚阴极也不例外，拥有凌驾于量产G2特伦搭载阴极数个档次的性能。,translated,395,a4dc32b82c,<CR> br=0 nl=0,6,keep-tags <CR>; src-longest-line=134
item:1074,金型からこぼす,从模具中溢出,translated,22,b7ba9b5523,br=0 nl=0,1,
item:1075,金属製品を作るための基本的な素材。<CR>マグネム鉱自体の純度は高くないようだが、そのままでも十分に素材として利用することができるらしい。今よりも純度を高めるには一度溶かす必要がありそうだ。,制作金属制品的基础原料。<CR>磁能矿本身的纯度虽然不高，但据说原样就能充分作为原料利用。若想进一步提升纯度，似乎需要将其熔化一次。,translated,278,5046e92505,<CR> br=0 nl=0,12,keep-tags <CR>; src-longest-line=95
item:1076,金色ののべ棒？,金色金属锭？,translated,36,0873cd7b01,br=0 nl=0,12,
item:1077,金色のインゴットだが金ではないらしい。<CR>地球でいう真鍮のようなものだろうか。<CR>適度な硬さと展延性を持ち色々なところで使用されているのは、イオンの部屋の装飾からも見て取れる。,虽然是金色的铸锭但似乎并非黄金。<CR>大概类似于地球上的黄铜吧。<CR>具备适度的硬度与延展性并广泛运用于各处，从依恩房间的装饰中也能一目了然。,translated,261,c2e911317b,<CR> <CR> br=0 nl=0,12,keep-tags <CR>; src-longest-line=92
item:1078,針で指を刺す,针扎到手指,translated,19,fed2f5f34c,br=0 nl=0,1,
item:1079,鈴の花？,铃铛花？,translated,13,847530cc10,br=0 nl=0,12,
item:1080,鈴？,铃？,translated,7,1d0528516d,br=0 nl=0,9,
item:1081,鉄石？,铁石？,translated,10,f9f328d57e,br=0 nl=0,12,
item:1082,鉢巻？,头巾？,translated,10,e519f10e1b,br=0 nl=0,4,
item:1083,鍋が吹き零れる,锅中汤水溢出,translated,36,535b2df795,br=0 nl=0,1,
item:1084,鍋とは温かいもの…という常識を覆す冷たい鍋。<CR>具材については冷たくても美味しいものを厳選し、<CR>つゆも酸味を効かせてサッパリとした味わいに仕上<CR>がっている。<CR>しめの雑炊ができないのが唯一の問題。,颠覆了“火锅必然是热腾腾之物”这一定式的冰凉火锅。<CR>对于食材严格甄选即便冰冷也依旧可口的美味，<CR>汤汁也突出酸味、调和出极其爽口清雅的<CR>风味。<CR>无法在收尾时煮杂炊泡饭是唯一的遗憾。,translated,293,feca093224,<CR> <CR> <CR> <CR> br=0 nl=0,12,keep-tags <CR>; src-longest-line=108
item:1085,長期間の使用にも耐えられるように、耐久値をただひたすら追求したカソード。その反面、出力はけして大きくない。底面に穴が開いた球状をしており、そこにヒーターやグリッドを入れなければならず、これらの位置の調整が性能に直結するため、手慣れた者でないと組み立てることすら危うく、扱いが難しい。,为了能耐受长期使用而一心专精追求耐久度的阴极。相对地，输出功率绝不算高。呈底部开孔的球状，必须往里面装入加热器与栅极，这些位置的调整直接与性能挂钩，因此若非熟练之人连组装都凶多吉少，极其难于驾驭。,translated,425,c74dd7eac8,br=0 nl=0,3,src-longest-line=141
item:1086,限りなく摂取カロリーを抑えた定食。<CR>その秘密は主菜副菜を含め全て食感や味を似せた代替品である。<CR>ただし、本物よりもかなり薄味になっている。本物の味が恋しくなってしまうこともしばしば。,极限抑制摄入卡路里的定食。<CR>其秘密在于包括主菜副菜在内全部采用了在口感与风味上极为相仿的替代品。<CR>不过，味道比起真品要清淡得多。经常会让人忍不住怀念起真正的美味。,translated,276,8ac2b1001b,<CR> <CR> br=0 nl=0,9,keep-tags <CR>; src-longest-line=97
item:1087,陸浮石,陆浮石,translated,10,dbfbc9dcb5,br=0 nl=0,5,
item:1088,陸浮石を冶金してより軽く丈夫に精製した金属。<CR>重さは他の金属の十分の一以下で強度は同程度かそれ以上という脅威の金属。<CR>軽さと強度を利用して、多くの巨大建造物や各種機械の骨格部分などに使用されている。また、その水晶のような美しい光沢から装飾品として利用されることも少なくない。,将陆浮石冶炼精炼得到的更加轻盈结实的金属。<CR>重量不到其他金属的十分之一，强度却相当甚至更高，堪称惊人的金属。<CR>利用其轻便与强度，被广泛用于众多巨大建筑物或各类机械的骨架部分等。此外，凭借其宛如水晶般美丽的光泽，作为装饰品使用的情况也屡见不鲜。,translated,414,0607e41b19,<CR> <CR> br=0 nl=0,4,keep-tags <CR>; src-longest-line=143
item:1089,雑音？,杂音？,translated,10,1331f9bea4,br=0 nl=0,1,
item:1090,雨露の織物,雨露织物,translated,16,66c3de7180,br=0 nl=0,1,
item:1091,電子放出板？,电子发射板？,translated,36,20547febeb,br=0 nl=0,12,
item:1092,電気飯？,带电饭？,translated,13,703f7bfff4,br=0 nl=0,3,
item:1093,電波妨害装置？,电波干扰装置？,translated,36,0ae831558c,br=0 nl=0,9,
item:1094,電磁場シールド？,电磁场护盾？,translated,25,1741acc7f3,br=0 nl=0,2,
item:1095,青い水？,蓝水？,translated,13,933351042e,br=0 nl=0,9,
item:1096,青い石？,蓝石？,translated,13,26b9d0f040,br=0 nl=0,12,
item:1097,非常に軽く、かつ丈夫な金属鉱石であり、巨大な建造物によく使用されている。ラシェーラにおけるコロンのような巨大建造物を作り出すには、なによりもその重量問題を解決する必要があったが、この鉱石の発見により、その問題が一気に解決されたであろうことは想像に難くない,极其轻盈且坚韧的金属矿石，常用于巨大建筑物中。若要建造如拉榭拉克隆这般的庞大建筑物，首当其冲必须解决其自重问题，不难想象正是这种矿石的发现让该难题瞬间迎刃而解。,translated,382,31161771cc,br=0 nl=0,5,src-longest-line=127
item:1098,音符？,音符？,translated,10,6da1d26a13,br=0 nl=0,2,
item:1099,頭に良い？,有益头脑？,translated,16,3c0716ec8e,br=0 nl=0,2,
item:1100,食べられそうな野草？,看似能吃的野草？,translated,36,94051c3e72,br=0 nl=0,12,
item:1101,食材ひとつひとつが宝石のように美しく輝くサラダ。光る原因について一切詳しいことはわかっていない。ドレッシングには甘味を引き立てる効果もあり、サラダなのにフルーツの盛り合わせと錯覚するほど強力。,每种食材都如宝石般美丽闪耀的沙拉。关于其发光的原因尚未彻底查明。沙拉酱还具有衬托甘甜的效果，虽然是沙拉，效果强劲到甚至让人错觉是水果拼盘。,translated,289,5c253ed160,br=0 nl=0,9,src-longest-line=96
item:1102,飲むとまるで周囲から注目されているかのようなドキドキ感が味わえる薬。<CR>動悸が激しくなり、気分が高まっていくようだが決して危ない薬というわけでは……ないと思う。<CR>この薬も飲ませすぎには注意しよう。,服下后便能体会到宛如受到周围所有人瞩目般心跳加速感觉的药物。<CR>心跳会变得剧烈、情绪也会随之高涨，但绝非什么危险药物……应该吧。<CR>给对方喝这种药时也切记不可过量。,translated,540,0184374b5e,<CR> <CR> br=0 nl=0,12,keep-tags <CR>; src-longest-line=103
item:1103,飲むと集中力を高めてくれる薬。一度飲めば、多少の眠気ならすぐに無くなるようだが、だからといって飲みすぎるのは身体に良くないため、あまり飲ませようとすると怒ってしまうかもしれない。注意しよう。,服下后能提升专注力的药物。只要喝下一次，些许困意似乎就能烟消云散，但即便如此喝得过多对身体无益，如果一个劲儿让她喝说不定会惹她生气。多加留意吧。,translated,540,5916c50991,br=0 nl=0,12,src-longest-line=95
item:1104,馬の尻尾？,马尾？,translated,16,e4a62b803c,br=0 nl=0,1,
item:1105,高伝導？,高传导？,translated,13,9890796c9b,br=0 nl=0,1,
item:1106,高級料理？,高级料理？,translated,16,42f75deb14,br=0 nl=0,1,
item:1107,魂捕獲器？,灵魂捕获？,translated,16,720c47b77c,br=0 nl=0,5,
item:1108,魔女帽子？,魔女帽子？,translated,16,194c01c45b,br=0 nl=0,1,
item:1109,魚の目玉が大量に入ったドリア。<CR>『ドリアイ』のアイは、そのまま『目』の意味でありゴロゴロと転がっている魚の目玉は不気味で食べる者の食欲を抑えてくれる効果もある。<CR>魚の目玉は脳の働きをよくする成分が含まれているというが、もう少し見た目にも気を遣ってほしい。,放入了大量鱼眼的多利亚焗饭。<CR>“多利亚眼”中的“眼”正是“眼睛”之意，一颗颗滚来滚去的鱼眼十分诡异，还能起到抑制食客食欲的效果。<CR>虽说鱼眼含有改善大脑机能的成分，但还是希望能稍微顾及一下卖相。,translated,384,74c7ef4bdb,<CR> <CR> br=0 nl=0,2,keep-tags <CR>; src-longest-line=133
item:1110,魚スープ？,鱼汤？,translated,16,db06fa1917,br=0 nl=0,12,
item:1111,魚？,鱼？,translated,7,5fd510302d,br=0 nl=0,12,
item:1112,黄緑色の結晶？,黄绿色的结晶？,translated,22,01eb8b8250,br=0 nl=0,12,
item:1113,黄色い鳥？,黄色的鸟？,translated,16,d2a7d10b5a,br=0 nl=0,4,
item:1114,黄色の大きな花が特徴的な草花。経験の浅いものでもこれを使えば良質な布が作れると言われるほど、優秀な繊維素材。<CR>そんな優秀さもイオンの手にかかれば……いや、一応期待はしておこう。,以大朵黄花为特征的花草。据说即便是经验尚浅之人用它也能织出优质布料，是极其优秀的纤维材料。<CR>不过如此优秀的材料若是交到依恩手里……不，姑且还是抱有些期待吧。,translated,266,7146c868f8,<CR> br=0 nl=0,11,keep-tags <CR>; src-longest-line=91
item:1115,黄色の果実？,黄色的果实？,translated,19,22911fd518,br=0 nl=0,12,
item:1116,黄身が半熟のゆで卵。<CR>卵そのものの良さに加えて白身・黄身の火の通り具合など全てが、黄金比に基づいたカンペキな割合の場合のみ、この称号が与えられる。<CR>卵料理の原点にして頂点と言える一品。,蛋黄半熟的水煮蛋。<CR>除了鸡蛋本身的品质，蛋白与蛋黄的火候等全都必须符合黄金比例的完美状态，才会被赋予这一称号。<CR>堪称蛋料理的原点与顶峰的一品。,translated,279,2ab5d39036,<CR> <CR> br=0 nl=0,12,keep-tags <CR>; src-longest-line=98
item:1117,黄金米,黄金米,translated,10,e5fabdbd17,br=0 nl=0,12,
item:1118,黄金色に輝く稲穂からとれるお米。<CR>精米したあとにも、うっすらと黄色く、とてもツヤがある。<CR>そのまま炊いて食べるのが最も素材の味を楽しめるが米粉にしてパンにしてみたり、発酵させてお酒として楽しむのもまた一興。,从金灿灿的稻穗中收获的米。<CR>即使经过精磨，也泛着淡淡的黄色，极具光泽。<CR>直接煮成米饭最能品尝到食材的原味，但做成米粉烤面包，或是发酵酿成酒也别有一番风味。,translated,312,43b9c53c60,<CR> <CR> br=0 nl=0,12,keep-tags <CR>; src-longest-line=109
item:1119,黒い石？,黑石头？,translated,13,5a55fea4f3,br=0 nl=0,12,
item:1120,黒い粒の香辛料。たぶん<CR>コショウのようなもの。<CR>香辛料はどの世界でも調味料として重宝するようで、色々な料理の材料として使用されているようだ。<CR>辛いのが苦手な場合、入れすぎに注意。,黑色颗粒的香料。大概<CR>是胡椒之类的东西。<CR>无论在哪个世界，香料似乎都被当作调味品珍视，广泛用于各种料理的材料中。<CR>若是不喜辛辣，请注意不要放得太多。,translated,271,68c2c7789e,<CR> <CR> <CR> br=0 nl=0,12,keep-tags <CR>; src-longest-line=98
item:1121,黒うさみみ,黑兔耳,translated,16,986ba5e1f6,br=0 nl=0,1,
item:1122,１００％天然モロッカ,100%天然莫洛卡,translated,36,76c6bb1663,br=0 nl=0,12,
item:1123,７次元転送を行う際に必要な膨大な演算処理を行うための高性能ＣＰＵ。<CR>ラウンドブリリアンという宝石のカットと形状が酷似しており、その基本素材としてセラフィノ結晶とメディア結晶が使われているため、ＳＭＬとイオンが名付けたようだ。<CR>もちろん７次元転送以外の演算処理も可能である。,进行7次元传送时，用于处理庞大运算的高性能CPU。<CR>由于其造型酷似名为圆形明亮式的宝石切割工艺，且基本素材使用了塞拉菲诺结晶与媒体结晶，依恩似乎将其命名为了SML。<CR>当然也可以进行7次元传送之外的运算处理。,translated,411,59c9184ee4,<CR> <CR> br=0 nl=0,6,keep-tags <CR>; src-longest-line=142
item:1124,９０ｋユンク紙,90k云克纸,translated,22,a86965e78d,br=0 nl=0,12,
item:1125,ＣＯＦ－Ｔｙｐｅαと共に作られたインカム。<CR>通常の通信用としての機能以外に、着用者の脳波や精神波を検出する機能もあり着用者の体に異常が発生したとき、即座に対応できるようになっている。<CR>形状もコンパクトかつ頭部にフィットするように作られており着用者への負担が減るよう配慮されている。,与COF-Typeα一同制作的耳麦。<CR>除作为普通通信用的功能外，还具备检测佩戴者脑波与精神波的功能，在佩戴者身体发生异常时，能够立即做出应对。<CR>外形小巧且贴合头部，充分考虑到了减轻佩戴者的负担。,translated,544,0bbbeb2351,<CR> <CR> br=0 nl=0,9,keep-tags <CR>; src-longest-line=146
item:1126,ＤＨ波を特定してチェインすることで、そのＤＨ波の持ち主とジェノメトリクスで交信可能になる機械。<CR>イオンの記憶が眠る夢セカイでは、ネプツールとレオンのやり取りに使用され、またレオンに囚われてしまったイオンと交信するためにも使われた。<CR>見た目はクラシックな機械だが、機能は優秀なようだ,通过锁定并链接DH波，能够与该DH波的所有者在梦世界中进行交信的机械。<CR>在沉睡着依恩记忆的梦世界中，曾被用于尼普楚尔与莱昂之间的联络，也被用于与被莱昂囚禁的依恩进行交信。<CR>虽然外观看似复古的机械，但功能似乎相当优秀。,translated,424,5265d46cfc,<CR> <CR> br=0 nl=0,9,keep-tags <CR>; src-longest-line=146
item:1127,ＤＶＡカソード,DVA阴极,translated,22,5a5c62d68d,br=0 nl=0,1,
item:1128,ＤＸジャンボパフェ,DX特大芭菲,translated,28,6c958d5932,br=0 nl=0,6,
item:1129,ＥＳ４５カソード,ES45阴极,translated,25,61f5524bb8,br=0 nl=0,1,
item:1130,ＨＲアンプル,HR安瓿,translated,19,c86c4c3cc0,br=0 nl=0,6,
item:1131,ＰＳＭケーブル,PSM线缆,translated,22,012ec3d08d,br=0 nl=0,1,
item:1132,Ｑｕａｎｔｕｍ　ＷａｖｅＭｅｃｈａｎｉｃｓ　<CR>Ｃｌａｓｓの略称。<CR>天文職員が持つシェルノトロンにのみ使用される<CR>ＴｘＢＩＯＳであり、通常のシェルノトロンでは到達することができない領域までアクセスが可能となっている。,Quantum WaveMechanics <CR>Class的简称。<CR>仅用于天文职员持有的榭鲁诺特伦的<CR>TxBIOS，能够访问普通榭鲁诺特伦无法触及的领域。,translated,325,78a3634865,<CR> <CR> <CR> br=0 nl=0,5,keep-tags <CR>; src-longest-line=116
item:1133,ＴＣ解体新書,TC解体新书,translated,19,14db229a65,br=0 nl=0,9,
item:1134,Ｔｚジェノクラス,Tz杰诺级,translated,25,92c7e56d8c,br=0 nl=0,6,
item:1135,ＴｚソーラーＲＮＡ,Tz太阳能RNA,translated,36,ecba55103e,br=0 nl=0,5,
item:1136,Ｔｚチューブカンパニーについて図入りで詳しく説明してくれている本。<CR>また工場においてシェルノトロンが製造される過程や現在のシェルノトロンが生まれるまでの過程が詳しく解説されている。<CR>ただ研究者として表舞台に出ることが少なかったグレイコフについては軽く触れられている程度である。,附带插图详细解说Tz真空管公司的书籍。<CR>此外还详细解说了工厂中制造榭鲁诺特伦的过程，以及现代榭鲁诺特伦诞生的全过程。<CR>只是对于甚少在台前露面的研究者古雷柯夫，书中仅是略有一笔带过而已。,translated,417,7cecc23708,<CR> <CR> br=0 nl=0,9,keep-tags <CR>; src-longest-line=144
item:1137,Ｔｚプラグ,Tz插头,translated,16,2f70aee6ae,br=0 nl=0,4,
item:1138,Ｔｚ波に対する整流効果だけでなく、さらに増幅効果がある三極式真空管。<CR>主に下層から中層にかけてのコロンで使用されており基本の二極式整流真空管と比較すると大型の機械類に使用されることが多い。<CR>型番がＧＴ－５５となっており、ラシェーラにはこの他にも多くの真空管が存在しているようだ。<CR>,不仅对Tz波具备整流效果，还兼具放大效果的三极式真空管。<CR>主要用于下层到中层的克隆，与基本的二极式整流真空管相比，多用于大型机械类设备。<CR>其型号为GT-55，看来在拉榭拉除了此物之外还存在着许多种真空管。<CR>,translated,424,0d8b85c648,<CR> <CR> <CR> br=0 nl=0,9,keep-tags <CR>; src-longest-line=149
item:1139,Ｔｚ波に限らず、様々な波を増幅可能なカソード。<CR>またその出力も大きいが、反面寿命が短いという欠点も持っており、長期間の使用には向いていない。<CR>だが、その汎用性の高さと出力を生かして、使用されることは多々ある。<CR>寿命の短さは交換時期と生産コストを工夫することで補っているようだ。,不仅限于Tz波，能够放大各种波动的阴极。<CR>虽然输出功率很大，但相对地寿命短暂，并不适合长期使用。<CR>不过凭借其高度的通用性与高输出，在很多场合仍有广泛应用。<CR>寿命短这一缺点，似乎是通过合理调整更换周期与控制生产成本来弥补的。,translated,540,12abd521d7,<CR> <CR> <CR> br=0 nl=0,8,keep-tags <CR>; src-longest-line=147
item:1140,Ｔｚ波の流量が、一定以上にならないように抑制するための部品。高い出力を発生させる可能性のある機械には基本的に存在している部品だが、ラシェーラでもどうやらそれは変わらず、同じように使用されてるようだ。,用于抑制Tz波流量不超过一定限度的零部件。虽然凡是有可能产生高输出的机械基本上都会装有该部件，而在拉榭拉似乎也别无二致，同样有着广泛的使用。,translated,540,e54c003353,br=0 nl=0,12,src-longest-line=99
item:1141,Ｔｚ波を感知するためのセンサー。上部に存在してるアンテナがどことなくパラボナアンテナを彷彿とさせる。<CR>端末や機械に流れるＴｚ波の大きさも感知できるようなので、意外と重要なものらしい。,用于感知Tz波的传感器。顶部的天线隐约让人联想到抛物面天线。<CR>似乎还能感知流经终端或机械的Tz波强度，意外地是个挺重要的物件。,translated,275,75e267c0c5,<CR> br=0 nl=0,12,keep-tags <CR>; src-longest-line=94
item:1142,Ｔｚ波を高効率で伝達可能なメディア結晶をイオンが繊維状に加工して作成したコード。<CR>イオン自身もこれまでコードを作ったことはないようで、端子のサイズや伝達効率など色々苦労したよう。,依恩将能高效率传导Tz波的媒体结晶加工成纤维状制作而成的线缆。<CR>依恩自己以往似乎也从未做过线缆，在端子尺寸与传导效率等方面似乎费了不少周折。,translated,540,40eba55e30,<CR> br=0 nl=0,12,keep-tags <CR>; src-longest-line=92
item:1143,ＴｚＳ２プレート,TzS2极板,translated,25,888f440385,br=0 nl=0,5,
item:1144,ＴｚＷリミッター,TzW限制器,translated,36,37fb09c7bb,br=0 nl=0,12,
item:1145,ＴｚＷ増幅用三極管,TzW增幅用三极管,translated,28,69a1bbde4a,br=0 nl=0,9,
item:1146,ＴｚＷ増幅用三極管の増幅クオリティを安定させたのが、この真空管。<CR>主に中層から上層にかけてのコロンで使用されておりＴｚＷ用の真空管では最も流通量が多い真空管となっている。<CR>型番はＲＣ－１０７Ｓ。,使TzW增幅用三极管的增幅品质趋于稳定的，正是这款真空管。<CR>主要在中层至上层的克隆中使用，在TzW用真空管中是流通量最大的真空管。<CR>型号为RC-107S。,translated,294,79d5c267bc,<CR> <CR> br=0 nl=0,7,keep-tags <CR>; src-longest-line=103
item:1147,ＴｚＷ増幅用五極管,TzW增幅用五极管,translated,28,6f75f6bedb,br=0 nl=0,7,
item:1148,ＴｚＷ増幅用五極管を改良してより効率的にＴｚ波の増幅を可能とした真空管。増幅効果だけで言えば複合励起七極管には劣るが内部抵抗が低く、効率的に大電力増幅が可能。また、それによって真空管自体への負担が減り、他の真空管と比べても寿命が長く、主に高出力、長期間が前提とされるものに使われている。,改良自TzW增幅用五极管、能够更高效放大Tz波的真空管。单论增幅效果虽不及复合励起七极管，但内部电阻极低，能够高效率地实现大功率放大。此外真空管本身承受的负担也得以减轻，比起其他真空管寿命更长，主要用于以高输出、长期运行为前提的设备。,translated,430,58087cccf7,br=0 nl=0,3,src-longest-line=143
item:1149,ＵＣ－ＬＴＬＳＷＡＮとセットで転送されてきたカチューシャ。まるで生き物のようにハネるリボンは、ひょっとしたらこれが本体なのでは？とすら錯覚する。こちらは特に刻印等は存在しないようである。,与UC-LTLSWAN成套传送而来的发箍。宛如活物般活蹦乱跳的蝴蝶结，甚至让人产生“这才是本体吧？”的错觉。本品似乎并没有特别的刻印之类。,translated,280,66194b4946,br=0 nl=0,1,src-longest-line=93
item:1150,ＷＶテクスメタル,WV纹理金属,translated,25,6a80f62827,br=0 nl=0,5,
item:1151,ｇＲＮＡウィルスβ,gRNA病毒β,translated,28,dacf4f586a,br=0 nl=0,7,
