id,jp,zh,status,attr,src,ctl,note
ui/ui/asave/uil_saveload.xml#831,セーブ,存档,translated,text,05c0686726,br=0 nl=0,
ui/ui/asave/uil_saveload.xml#926,セーブ,存档,translated,text,05c0686726,br=0 nl=0,
ui/ui/asave/uil_saveload.xml#3033,更新日,更新日期,translated,text,3f6ab96adb,br=0 nl=0,
ui/ui/asave/uil_saveload.xml#3264,アースタイム,地球时间,translated,text,5184808b15,br=0 nl=0,
ui/ui/asave/uil_saveload.xml#3498,シェルタイム,榭鲁时间,translated,text,792cd65e9d,br=0 nl=0,
ui/ui/asave/uil_saveload.xml#3736,夢セカイ進行状況,梦世界进展情况,translated,text,f19dbe58a8,br=0 nl=0,
ui/ui/asave/uil_saveload.xml#3974,現在のイオン,当前的依恩,translated,text,f4e4c260ad,br=0 nl=0,
ui/ui/asave/uil_saveload.xml#4208,あなたとの関係,与你的关系,translated,text,b94fcdb7c0,br=0 nl=0,
ui/ui/asave/uil_saveload.xml#4447,ラブラブ,亲亲密密,translated,text,e38e98657a,br=0 nl=0,
ui/ui/asave/uil_saveload.xml#4682,シャール保有数,夏尔持有数,translated,text,cb596fcbba,br=0 nl=0,
ui/ui/asave/uil_saveload.xml#4924,仮想世界カード,虚拟世界卡片,translated,text,622fa7144e,br=0 nl=0,
ui/ui/asave/uil_saveload_dialog.xml#774,このセーブデータをロードしますか？,要读取此存档数据吗？,translated,text,25d5ad4f49,br=0 nl=0,
ui/ui/cieldx/uil_dream_cmn_caption.xml#745,チェックON/OFF切り替え,勾选ON/OFF切换,translated,text,8dfcb6d623,br=0 nl=0,
ui/ui/cieldx/uil_genomix.xml#1187,■CODEを入力してください,■请输入CODE,translated,text,9735d36b7a,br=0 nl=0,
ui/ui/cieldx/uil_genomix.xml#1376,←→で枠を選択  ↑↓で数字を入力,←→选择方框  ↑↓输入数字,translated,text,da4abbdfdb,br=0 nl=0,
ui/ui/cieldx/uil_genomix.xml#2000,入,入,translated,text,4a8d065902,br=0 nl=0,
ui/ui/cieldx/uil_genomix.xml#2102,力,力,translated,text,a81c2ab80e,br=0 nl=0,
ui/ui/cieldx/uil_genomix.xml#17463,戻る,返回,translated,text,60a1005be6,br=0 nl=0,
ui/ui/cieldx/uil_genomix.xml#17657,決定,确定,translated,text,0f8e5b4de9,br=0 nl=0,
ui/ui/cieldx/uil_make_sharl_caption.xml#745,チェックON/OFF切り替え,勾选ON/OFF切换,translated,text,8dfcb6d623,br=0 nl=0,
ui/ui/cieldx/uil_saveload_base.xml#1224,セーブ,存档,translated,text,05c0686726,br=0 nl=0,
ui/ui/cieldx/uil_saveload_base.xml#2577,更新日,更新日期,translated,text,3f6ab96adb,br=0 nl=0,
ui/ui/cieldx/uil_saveload_base.xml#3405,夢セカイ進行状況,梦世界进展情况,translated,text,f19dbe58a8,br=0 nl=0,
ui/ui/cieldx/uil_saveload_base.xml#3680,現在のイオン,当前的依恩,translated,text,f4e4c260ad,br=0 nl=0,
ui/ui/cieldx/uil_saveload_base.xml#3947,あなたとの関係,与你的关系,translated,text,b94fcdb7c0,br=0 nl=0,
ui/ui/cieldx/uil_saveload_base.xml#4217,ラブラブ,亲亲密密,translated,text,e38e98657a,br=0 nl=0,
ui/ui/cieldx/uil_saveload_base.xml#4497,シャール保有数,夏尔持有数,translated,text,cb596fcbba,br=0 nl=0,
ui/ui/cieldx/uil_saveload_base.xml#4784,仮想世界カード,虚拟世界卡片,translated,text,622fa7144e,br=0 nl=0,
ui/ui/cieldx/uil_saveload_list.xml#1185,ああああああああああああああああああああ,啊啊啊啊啊啊啊啊啊啊啊啊啊啊啊啊啊啊啊啊,translated,text,c216672504,br=0 nl=0,
ui/ui/cieldx/uil_saveload_list.xml#1756,新しいセーブデータ,新的存档数据,translated,text,313dafc9fc,br=0 nl=0,
ui/ui/cieldx/uil_title_web_manual.xml#1055,以下のリンクから遊び方や操作方法を確認できます。<CR>スマートフォン・PCなどからご利用ください。,可通过以下链接查看玩法与操作方法。<CR>请使用智能手机、电脑等设备访问。,translated,text,ea3f8f1f8e,<CR> br=0 nl=0,keep-tags <CR>; src-longest-line=50
ui/ui/cieldx/uil_title_web_manual.xml#1552,閉じる,关闭,translated,text,3da5c18551,br=0 nl=0,
ui/ui/cieldx/uil_yomeui_camera.xml#690,カメラ切替,镜头切换,translated,text,a6b08206ea,br=0 nl=0,
ui/ui/common/uil_common_dialog_yome.xml#712,２０文字３行のメッセージ領域あいうえおか\n２行目あいうえおかきくけこさしすせそたち\n３行目あいうえおかきくけこさしすせそたち,２０字３行的消息区域示例一二三四五\n第２行示例一二三四五六七八九十甲乙丙\n第３行示例一二三四五六七八九十甲乙丙,translated,text,199a5e684f,br=0 nl=0,src-longest-line=64
ui/ui/common/uil_common_dialog_yume.xml#696,２０文字３行のメッセージ領域あいうえお,２０字３行的消息区域示例一二三四五,translated,text,6252546909,br=0 nl=0,
ui/ui/common/uil_common_dialog_yume.xml#932,いいえ,否,translated,text,f901585367,br=0 nl=0,
ui/ui/common/uil_common_dialog_yume.xml#1129,はい,是,translated,text,c92b4cda8b,br=0 nl=0,
ui/ui/common/uil_common_dialog_yume_large.xml#697,あいうえおかきくけこあいうえおかきくけこあいうえお<CR>あいうえお<CR>あいうえお<CR>あいうえお<CR>あいうえお<CR>あいうえお<CR>あいうえお<CR>,示例文字一二三四五六七八九十示例文字一二三四五六七八九十<CR>示例文字<CR>示例文字<CR>示例文字<CR>示例文字<CR>示例文字<CR>示例文字<CR>,translated,text,83b0551738,<CR> <CR> <CR> <CR> <CR> <CR> <CR> br=0 nl=0,keep-tags <CR>; src-longest-line=83
ui/ui/common/uil_common_dialog_yume_large.xml#1020,いいえ,否,translated,text,f901585367,br=0 nl=0,
ui/ui/common/uil_common_dialog_yume_large.xml#1217,はい,是,translated,text,c92b4cda8b,br=0 nl=0,
ui/ui/common/uil_common_dialog_yume_middle.xml#697,あいうえおかきくけこあいうえおかきくけこあいうえお<CR>あいうえお<CR>あいうえお<CR>あいうえお<CR>あいうえお<CR>あいうえお<CR>,示例文字一二三四五六七八九十示例文字一二三四五六七八九十<CR>示例文字<CR>示例文字<CR>示例文字<CR>示例文字<CR>示例文字<CR>,translated,text,e6617fe658,<CR> <CR> <CR> <CR> <CR> <CR> br=0 nl=0,keep-tags <CR>; src-longest-line=74
ui/ui/common/uil_common_dialog_yume_middle.xml#1011,いいえ,否,translated,text,f901585367,br=0 nl=0,
ui/ui/common/uil_common_dialog_yume_middle.xml#1208,はい,是,translated,text,c92b4cda8b,br=0 nl=0,
ui/ui/common/uil_common_setcode_genomix.xml#1187,■CODEを入力してください,■请输入CODE,translated,text,9735d36b7a,br=0 nl=0,
ui/ui/common/uil_common_setcode_genomix.xml#1376,←→で枠を選択  ↑↓で数字を入力,←→选择方框  ↑↓输入数字,translated,text,da4abbdfdb,br=0 nl=0,
ui/ui/common/uil_common_setcode_genomix.xml#2000,入,入,translated,text,4a8d065902,br=0 nl=0,
ui/ui/common/uil_common_setcode_genomix.xml#2102,力,力,translated,text,a81c2ab80e,br=0 nl=0,
ui/ui/common/uil_common_setcode_genomix.xml#17484,戻る,返回,translated,text,60a1005be6,br=0 nl=0,
ui/ui/common/uil_common_setcode_genomix.xml#17678,決定,确定,translated,text,0f8e5b4de9,br=0 nl=0,
ui/ui/common/uil_common_settime_yome.xml#926,■時間を進める,■推进时间,translated,text,d83cdd7203,br=0 nl=0,
ui/ui/common/uil_common_settime_yome.xml#1148,HymPを消費して時間を進めることができます。\n進めたい時間を入力して「YES」ボタンで実行してください。,可以消耗HymP推进时间。\n请输入想要推进的时间并按“YES”按钮执行。,translated,text,cdc83be8f0,br=0 nl=0,src-longest-line=54
ui/ui/common/uil_common_settime_yome.xml#13146,日,日,translated,text,15917f3b32,br=0 nl=0,
ui/ui/common/uil_common_settime_yome.xml#13256,時間,时间,translated,text,09558b2cc6,br=0 nl=0,
ui/ui/common/uil_common_settime_yome.xml#13367,分,分,translated,text,0d7416e2e2,br=0 nl=0,
ui/ui/common/uil_common_settime_yome.xml#14192,進,进,translated,text,d1255ded08,br=0 nl=0,
ui/ui/common/uil_common_settime_yome.xml#14269,行,行,translated,text,2a2b777ae4,br=0 nl=0,
ui/ui/common/uil_common_settime_yome.xml#14463,時間 / HymPレート ＝ 3分 / 1HymP.,时间 / HymP比率 ＝ 3分 / 1HymP.,translated,text,6a4209b98d,br=0 nl=0,src-longest-line=26
ui/ui/common/uil_common_settime_yome.xml#15134,費,费,translated,text,841534d30d,br=0 nl=0,
ui/ui/common/uil_common_settime_yome.xml#15524,現在の所持HymP：,当前持有的HymP：,translated,text,78d82ed736,br=0 nl=0,
ui/ui/common/uil_common_settime_yume.xml#746,■時間を進める,■推进时间,translated,text,d83cdd7203,br=0 nl=0,
ui/ui/common/uil_common_settime_yume.xml#928,HymPを消費して時間を進めることができます。\n進めたい時間を入力して「時間を進める」で実行してください。,可以消耗HymP推进时间。\n请输入想要推进的时间并按“推进时间”执行。,translated,text,374c6e6d8d,br=0 nl=0,src-longest-line=54
ui/ui/common/uil_common_settime_yume.xml#12978,日,日,translated,text,15917f3b32,br=0 nl=0,
ui/ui/common/uil_common_settime_yume.xml#13086,時間,时间,translated,text,09558b2cc6,br=0 nl=0,
ui/ui/common/uil_common_settime_yume.xml#13195,分,分,translated,text,0d7416e2e2,br=0 nl=0,
ui/ui/common/uil_common_settime_yume.xml#13593,進,进,translated,text,d1255ded08,br=0 nl=0,
ui/ui/common/uil_common_settime_yume.xml#13668,行,行,translated,text,2a2b777ae4,br=0 nl=0,
ui/ui/common/uil_common_settime_yume.xml#13848,時間 / HymPレート ＝ 3分 / 1HymP.,时间 / HymP比率 ＝ 3分 / 1HymP.,translated,text,6a4209b98d,br=0 nl=0,src-longest-line=26
ui/ui/common/uil_common_settime_yume.xml#14459,費,费,translated,text,841534d30d,br=0 nl=0,
ui/ui/common/uil_common_settime_yume.xml#14831,現在の所持HymP：,当前持有的HymP：,translated,text,78d82ed736,br=0 nl=0,
ui/ui/common/uil_common_settime_yume.xml#15408,時間を進める,推进时间,translated,text,c9224aa65b,br=0 nl=0,
ui/ui/common/uil_common_settime_yume.xml#15635,やめる,放弃,translated,text,18ca8614b7,br=0 nl=0,
ui/ui/diveroom/uil_dive.xml#700,あいうえお,啊咿呜诶哦,translated,text,4ab0856318,br=0 nl=0,
ui/ui/diveroom/uil_dive_plate.xml#543,あいうえお,啊咿呜诶哦,translated,text,4ab0856318,br=0 nl=0,
ui/ui/diveroom/uil_door_dialog.xml#195,この扉に入りますか？,要进入这扇门吗？,translated,text,7731d53a97,br=0 nl=0,
ui/ui/diveroom/uil_door_dialog.xml#458,はい,是,translated,text,c92b4cda8b,br=0 nl=0,
ui/ui/diveroom/uil_door_dialog.xml#587,いいえ,否,translated,text,f901585367,br=0 nl=0,
ui/ui/dream/uil_history.xml#1662,タイトル,标题,translated,text,47b4753f22,br=0 nl=0,
ui/ui/dream/uil_history.xml#1826,TTN:ほにゃ,TTN:某处,translated,text,bbbb71e5cd,br=0 nl=0,
ui/ui/dream/uil_history.xml#1945,■あらすじ,■故事梗概,translated,text,b151b8592d,br=0 nl=0,
ui/ui/dream/uil_history.xml#2047,本文,正文,translated,text,35f496a304,br=0 nl=0,
ui/ui/dream/uil_history.xml#2385,戻る,返回,translated,text,60a1005be6,br=0 nl=0,
ui/ui/dream/uil_history.xml#2607,設定,设置,translated,text,6329f21c41,br=0 nl=0,
ui/ui/dream/uil_history.xml#2720,設定,设置,translated,text,6329f21c41,br=0 nl=0,
ui/ui/dream/uil_ruin.xml#677,修復地点「雑貨屋・ほにゃ」,修复地点“杂货店・某某”,translated,text,d060c13c70,br=0 nl=0,
ui/ui/dream/uil_ruin.xml#760,ざっかや　ほにゃ,杂货店 某某,translated,text,3cdf019e39,br=0 nl=0,
ui/ui/dream/uil_ruin_restore.xml#931,修復地点「雑貨屋・ほにゃ」,修复地点“杂货店・某某”,translated,text,d060c13c70,br=0 nl=0,
ui/ui/dream/uil_ruin_restore.xml#2546,閉じる,关闭,translated,text,3da5c18551,br=0 nl=0,
ui/ui/dream/uil_ruin_restore.xml#2728,修復する,修复,translated,text,4a37f991b1,br=0 nl=0,
ui/ui/dream/uil_ruin_restore_sharl.xml#1004,シャール名,夏尔名称,translated,text,54cd816081,br=0 nl=0,
ui/ui/dream/uil_ruin_restore_sharl.xml#1388,修復力:,修复力:,translated,text,91ef731190,br=0 nl=0,
ui/ui/dream/uil_ruin_restore_sharl.xml#1595,くさってます。くさってます。くさってます。くさってます。,腐烂了。腐烂了。腐烂了。腐烂了。,translated,text,e74172e021,br=0 nl=0,src-longest-line=28
ui/ui/dream/uil_ruin_restore_sharl.xml#1824,マスターシャール,主夏尔,translated,text,60f214c202,br=0 nl=0,
ui/ui/dream/uil_ruin_restore_sharl.xml#2033,サポーターシャール,支援夏尔,translated,text,d54442dbf6,br=0 nl=0,
ui/ui/dream/uil_ruin_restore_sharl.xml#2240,レイバーシャール,劳工夏尔,translated,text,4ada8eac12,br=0 nl=0,
ui/ui/dream/uil_ruin_restore_work.xml#1146,修復地点「雑貨屋・ほにゃ」,修复地点“杂货店・某某”,translated,text,d060c13c70,br=0 nl=0,
ui/ui/event/uil_event.xml#951,名前,名称,translated,text,d54d12f95c,br=0 nl=0,
ui/ui/event/uil_event.xml#1056,メッセージウィンドウのテスト文字列<CR>二行目<CR>三行目,消息窗口测试文本<CR>第二行<CR>第三行,translated,text,ef72032fee,<CR> <CR> br=0 nl=0,keep-tags <CR>; src-longest-line=31
ui/ui/event/uil_event_infowindow.xml#488,タイトル,标题,translated,text,47b4753f22,br=0 nl=0,
ui/ui/event/uil_event_infowindow.xml#701,解説文解説文解説文解説文解説文解説文解説文解説文解説文解説文解説文解説文解説文解説文解説文解説文解説文解説文解説文解説文解説文解説文,解说文解说文解说文解说文解说文解说文解说文解说文解说文解说文解说文解说文解说文解说文解说文解说文解说文解说文解说文解说文解说文解说文,translated,text,f7999e1b51,br=0 nl=0,src-longest-line=66
ui/ui/event/uil_event_yume.xml#925,名前,名称,translated,text,d54d12f95c,br=0 nl=0,
ui/ui/event/uil_event_yume.xml#1031,メッセージウィンドウのテスト文字列８９０<CR>二行目<CR>三行目,消息窗口测试文本８９０<CR>第二行<CR>第三行,translated,text,734d30ad7e,<CR> <CR> br=0 nl=0,keep-tags <CR>; src-longest-line=34
ui/ui/eventsystem/uil_drum.xml#2807,希望する時刻をセットしてください。,请设定希望的时间。,translated,text,914267c8e2,br=0 nl=0,
ui/ui/eventsystem/uil_itemresult.xml#465,メニュー,菜单,translated,text,8f99b5f7c5,br=0 nl=0,
ui/ui/help/uil_help_window_yome.xml#1133,ヘルプの詳細タイトル,帮助详情标题,translated,text,87a71106a0,br=0 nl=0,
ui/ui/help/uil_help_window_yome.xml#1613,ヘルプの詳細,帮助详情,translated,text,0ada9755e4,br=0 nl=0,
ui/ui/help/uil_help_window_yume.xml#1115,ヘルプの詳細タイトル,帮助详情标题,translated,text,87a71106a0,br=0 nl=0,
ui/ui/help/uil_help_window_yume.xml#1604,ヘルプの詳細,帮助详情,translated,text,0ada9755e4,br=0 nl=0,
ui/ui/help/uil_help_window_yume.xml#2579,以下のリンクから遊び方や操作方法を確認できます。<CR>スマートフォン・PCなどからご利用ください。,可通过以下链接查看玩法与操作方法。<CR>请使用智能手机、电脑等设备访问。,translated,text,ea3f8f1f8e,<CR> br=0 nl=0,keep-tags <CR>; src-longest-line=50
ui/ui/help/uil_help_window_yume.xml#3122,閉じる,关闭,translated,text,3da5c18551,br=0 nl=0,
ui/ui/sharl/uil_account_search.xml#386,■ユーザー検索,■搜索用户,translated,text,1fda074fd1,br=0 nl=0,
ui/ui/sharl/uil_account_search.xml#524,下記に検索したい文字列を入力して「決」を押してください。\n必要ない項目は空欄のままにしてください。,请在下方输入要搜索的文本并按“确”。\n不需要的项目请留空。,translated,text,127c628a1c,br=0 nl=0,src-longest-line=50
ui/ui/sharl/uil_account_search.xml#690,オンラインID,在线ID,translated,text,0a27d933a9,br=0 nl=0,
ui/ui/sharl/uil_account_search.xml#1053,ユーザー名,用户名,translated,text,7d25d9bcaa,br=0 nl=0,
ui/ui/sharl/uil_account_search.xml#1417,ひとことメッセージ,一句话留言,translated,text,a0f846170a,br=0 nl=0,
ui/ui/sharl/uil_account_search.xml#1789,プロフィール文,个人简介,translated,text,ab42a31b6d,br=0 nl=0,
ui/ui/sharl/uil_activity.xml#348,■アクティビティ,■近期动态,translated,text,f327f65060,br=0 nl=0,
ui/ui/sharl/uil_activity.xml#487,あなたのプレイに関する情報です。,关于你的游玩信息。,translated,text,2ae69970c9,br=0 nl=0,
ui/ui/sharl/uil_activity.xml#591,■総プレイ時間,■总游玩时间,translated,text,094d2ed630,br=0 nl=0,
ui/ui/sharl/uil_activity.xml#679,通算アースタイム,累计地球时间,translated,text,95f8b4d8d3,br=0 nl=0,
ui/ui/sharl/uil_activity.xml#871,時間,时间,translated,text,09558b2cc6,br=0 nl=0,
ui/ui/sharl/uil_activity.xml#1052,分,分,translated,text,0d7416e2e2,br=0 nl=0,
ui/ui/sharl/uil_activity.xml#1232,秒,秒,translated,text,eb6aaba1a1,br=0 nl=0,
ui/ui/sharl/uil_activity.xml#1300,通算シェルタイム,累计榭鲁时间,translated,text,b00ad3460e,br=0 nl=0,
ui/ui/sharl/uil_activity.xml#1490,時間,时间,translated,text,09558b2cc6,br=0 nl=0,
ui/ui/sharl/uil_activity.xml#1669,分,分,translated,text,0d7416e2e2,br=0 nl=0,
ui/ui/sharl/uil_activity.xml#1849,秒,秒,translated,text,eb6aaba1a1,br=0 nl=0,
ui/ui/sharl/uil_activity.xml#1958,■マイクロクエーサー充填状況,■微类星体充能情况,translated,text,0886f6afaa,br=0 nl=0,
ui/ui/sharl/uil_activity.xml#2066,総エネルギー送信量,总能量传送量,translated,text,98f783a300,br=0 nl=0,
ui/ui/sharl/uil_activity.xml#2338,総エネルギー送信回数,总能量传送次数,translated,text,a43f479917,br=0 nl=0,
ui/ui/sharl/uil_activity.xml#2533,回,次,translated,text,5b722ab415,br=0 nl=0,
ui/ui/sharl/uil_activity.xml#2636,■シャール所有関連情報,■夏尔拥有相关信息,translated,text,3e06385d24,br=0 nl=0,
ui/ui/sharl/uil_activity.xml#2728,シャール無料券の所有数,夏尔免费券拥有数,translated,text,ff3a15265c,br=0 nl=0,
ui/ui/sharl/uil_activity.xml#2903,枚,张,translated,text,b74eb414e6,br=0 nl=0,
ui/ui/sharl/uil_activity.xml#2971,現在のシャール保持数,当前持有夏尔数,translated,text,6b27050cce,br=0 nl=0,
ui/ui/sharl/uil_activity.xml#3146,体,只,translated,text,d37fc6a5eb,br=0 nl=0,
ui/ui/sharl/uil_activity.xml#3239,(巣:,(巢穴:,translated,text,36a23be5b4,br=0 nl=0,
ui/ui/sharl/uil_activity.xml#3408,体 / 総:,只 / 总计:,translated,text,b05fc99c87,br=0 nl=0,
ui/ui/sharl/uil_activity.xml#3578,体),只),translated,text,ba5ba4f60d,br=0 nl=0,
ui/ui/sharl/uil_ban_list.xml#498,ニックネーム１２,昵称１２,translated,text,3b7cc7f00f,br=0 nl=0,
ui/ui/sharl/uil_ban_list.xml#730,１２３４５６７８９０あいうえおかきくけこ,１２３４５６７８９０示例文字示例文字示,translated,text,eaf98285dc,br=0 nl=0,
ui/ui/sharl/uil_ban_list.xml#1267,禁止中,封禁中,translated,text,6e27eab378,br=0 nl=0,
ui/ui/sharl/uil_chain.xml#289,■新着Topics,■新到动态,translated,text,5941827249,br=0 nl=0,
ui/ui/sharl/uil_chain.xml#582,シャールがレベルアップしました！,夏尔升级了！,translated,text,752168dbb7,br=0 nl=0,
ui/ui/sharl/uil_chain.xml#811,新しいスキルが習得可能になりました！,可以习得新技能了！,translated,text,475a145dcd,br=0 nl=0,
ui/ui/sharl/uil_chain.xml#1037,マイクロクエーサーでボーナス中！！,微类星体奖励进行中！！,translated,text,10e7ce3136,br=0 nl=0,
ui/ui/sharl/uil_chainlog.xml#465,ニックネーム１２,昵称１２,translated,text,3b7cc7f00f,br=0 nl=0,
ui/ui/sharl/uil_chainlog.xml#666,１２３４５６７８９０あいうえおかきくけこ,１２３４５６７８９０示例文字示例文字示,translated,text,eaf98285dc,br=0 nl=0,
ui/ui/sharl/uil_costume_info.xml#654,名称,名称,translated,text,1be7ae4fc2,br=0 nl=0,
ui/ui/sharl/uil_costume_info.xml#760,必要HymP,所需HymP,translated,text,73ac85bf35,br=0 nl=0,
ui/ui/sharl/uil_costume_info.xml#1011,■開放条件,■开放条件,translated,text,5229df9108,br=0 nl=0,
ui/ui/sharl/uil_costume_info.xml#1068,1.シャールレベルが,1.夏尔等级达到,translated,text,de2ddc61bd,br=0 nl=0,
ui/ui/sharl/uil_costume_info.xml#1206,以上。,以上。,translated,text,09ad1f2169,br=0 nl=0,
ui/ui/sharl/uil_costume_info.xml#1263,2.このシャールのエネルギー,2.该夏尔的能量,translated,text,c773a0b924,br=0 nl=0,
ui/ui/sharl/uil_costume_info.xml#1327,送信量が,传送量达到,translated,text,408445064e,br=0 nl=0,
ui/ui/sharl/uil_costume_info.xml#1467,mag.以上。,mag.以上。,translated,text,70f2fe4983,br=0 nl=0,
ui/ui/sharl/uil_costume_info.xml#1770,■装備可種族,■可装备种族,translated,text,338f7dde31,br=0 nl=0,
ui/ui/sharl/uil_costume_info.xml#1968,妖,妖,translated,text,f5eabe7d0e,br=0 nl=0,
ui/ui/sharl/uil_costume_info.xml#2185,魚,鱼,translated,text,32cac33e27,br=0 nl=0,
ui/ui/sharl/uil_costume_info.xml#2402,鳥,鸟,translated,text,716ea3c57c,br=0 nl=0,
ui/ui/sharl/uil_costume_info.xml#2563,■現在状況,■当前状况,translated,text,08566edf09,br=0 nl=0,
ui/ui/sharl/uil_costume_info.xml#2631,成立,成立,translated,text,d498662a83,br=0 nl=0,
ui/ui/sharl/uil_delete_info.xml#393,■メールの削除,■删除邮件,translated,text,ccc6d937b8,br=0 nl=0,
ui/ui/sharl/uil_delete_info.xml#531,削除したいメールボックスを右メニューから選択して下さい。\n『全メール削除』は全てのメールボックスを空にします。,请从右侧菜单选择要删除的邮箱。\n‘删除全部邮件’会清空所有邮箱。,translated,text,a19f692696,br=0 nl=0,src-longest-line=56
ui/ui/sharl/uil_delete_mail_list.xml#504,ニックネーム１２,昵称１２,translated,text,3b7cc7f00f,br=0 nl=0,
ui/ui/sharl/uil_delete_mail_list.xml#736,１２３４５６７８９０あいうえおかきくけこ,１２３４５６７８９０示例文字示例文字示,translated,text,eaf98285dc,br=0 nl=0,
ui/ui/sharl/uil_event_7d.xml#395,■WEB-TV『７次元通信』,■网络电视‘7次元通信’,translated,text,f286d4b44c,br=0 nl=0,
ui/ui/sharl/uil_event_7d.xml#682,７次元の狭間を駆け抜けて皆さんとイオンたちや開発スタッフとのコミュニケーションの場が登場！　７つの次元を越えたWEB-TVで、イオンたちに投稿して交流しよう！\n\n投稿するには『７通投稿フォーム』をタップしてね。,跨越7次元的缝隙，连接大家与依恩等人及开发团队的交流平台登场！在跨越7个维度的网络电视中，向依恩等人投稿交流吧！\n\n若要投稿请点击‘7通投稿表单’。,translated,text,adbbd54e83,br=0 nl=0,src-longest-line=107
ui/ui/sharl/uil_event_7d.xml#1040,視聴する,收看,translated,text,4bc7f475a1,br=0 nl=0,
ui/ui/sharl/uil_event_7dform.xml#395,■『７次元通信』へ投稿する,■向‘7次元通信’投稿,translated,text,ae2fd4c39c,br=0 nl=0,
ui/ui/sharl/uil_event_7dform.xml#548,『７次元通信』は、皆さんと、７次元向こうで生活している\nイオン達との架け橋となる、WEB上の投稿番組です。\nキャラ達へのおたよりを、ここから投稿しちゃおう！,‘7次元通信’是连接大家与生活在7次元彼端的\n依恩等人的桥梁网络投稿节目。\n快从这里向角色们发送来信吧！,translated,text,564cf4752a,br=0 nl=0,src-longest-line=80
ui/ui/sharl/uil_event_7dform.xml#761,件名,主题,translated,text,3129c30ec5,br=0 nl=0,
ui/ui/sharl/uil_event_7dform.xml#827,件名,主题,translated,title,3129c30ec5,br=0 nl=0,
ui/ui/sharl/uil_event_7dform.xml#922,『７次元通信』への投稿,向‘7次元通信’投稿,translated,text,ae80c9cfea,br=0 nl=0,
ui/ui/sharl/uil_event_7dform.xml#1032,本文,正文,translated,text,35f496a304,br=0 nl=0,
ui/ui/sharl/uil_event_7dform.xml#1099,メッセージ,消息,translated,title,6640e4a392,br=0 nl=0,
ui/ui/sharl/uil_event_7dform.xml#1234,メッセージを入力する場合は\nタップしてください,若要输入消息\n请点击此处,translated,text,bb9e19cd51,br=0 nl=0,
ui/ui/sharl/uil_event_vote.xml#509,■現在開催中の４択,■当前举办中的四选一,translated,text,57723a5c5d,br=0 nl=0,
ui/ui/sharl/uil_event_vote.xml#671,【開催中！】開催期間：,【举办中！】活动时间：,translated,text,cf008a2d7a,br=0 nl=0,
ui/ui/sharl/uil_event_vote.xml#758,0000年00月00日　～　0000年00月00日,0000年00月00日　～　0000年00月00日,translated,text,87afd7abbe,br=0 nl=0,src-longest-line=25
ui/ui/sharl/uil_event_vote.xml#867,【終了】開催期間：,【已结束】活动时间：,translated,text,a72cd0ebd0,br=0 nl=0,
ui/ui/sharl/uil_event_vote.xml#953,0000年00月00日　～　0000年00月00日,0000年00月00日　～　0000年00月00日,translated,text,87afd7abbe,br=0 nl=0,src-longest-line=25
ui/ui/sharl/uil_event_vote.xml#1847,【７通】この後どうなったでしょう！？,【7通】在这之后会发生什么呢！？,translated,text,80d8131fad,br=0 nl=0,
ui/ui/sharl/uil_event_vote.xml#1976,７次元通信でお料理している3人のその後について、\n番組を観て「これだ！」と思うものに応募してください！\nWEB放送「7次元通信」はここをタップして見てね！,关于在7次元通信中做料理的3人后续发展，\n请观看节目并在认为“就是这个！”的选项上应征！\n网络节目“7次元通信”请点击这里观看！,translated,text,3613943d18,br=0 nl=0,src-longest-line=79
ui/ui/sharl/uil_event_vote.xml#2260,■ シャール『ハーヴェスターシャ』の応募状況 ■,■ 夏尔‘哈维斯塔夏’应征情况 ■,translated,text,e9b84d4594,br=0 nl=0,
ui/ui/sharl/uil_event_vote.xml#5143,このシャールの現在総応募回数：,该夏尔当前总应征次数：,translated,text,93dd84763b,br=0 nl=0,
ui/ui/sharl/uil_event_vote.xml#5366,回,次,translated,text,5b722ab415,br=0 nl=0,
ui/ui/sharl/uil_event_vote.xml#5529,■ ４択応募フォーム ■,■ 四选一应征表单 ■,translated,text,a21f79e409,br=0 nl=0,
ui/ui/sharl/uil_event_vote.xml#5715,このイベントは終了しました。\n\n結果発表までお待ち下さい。,本活动已结束。\n\n请等待结果揭晓。,translated,text,f11c6d8e6d,br=0 nl=0,src-longest-line=31
ui/ui/sharl/uil_event_vote.xml#5916,■ この４択の結果 ■,■ 本次四选一的结果 ■,translated,text,77dc04dc3e,br=0 nl=0,
ui/ui/sharl/uil_event_vote.xml#6499,【ハーヴェスターシャ】の回答,【哈维斯塔夏】的回答,translated,text,7e6a71a6d3,br=0 nl=0,
ui/ui/sharl/uil_event_vote.xml#6625,C:頭の上に目玉焼きが載った,C:煎蛋扣在了头上,translated,text,2ad83c19ec,br=0 nl=0,
ui/ui/sharl/uil_event_vote.xml#7120,この問題のこたえ,本题的答案,translated,text,0b9458488d,br=0 nl=0,
ui/ui/sharl/uil_event_vote.xml#7240,C:頭の上に目玉焼きが載った,C:煎蛋扣在了头上,translated,text,2ad83c19ec,br=0 nl=0,
ui/ui/sharl/uil_event_vote.xml#7656,正解！,回答正确！,translated,text,c545086e7c,br=0 nl=0,
ui/ui/sharl/uil_event_vote.xml#7752,おめでとうございます！\nシャール共有者全員に賞品が贈呈されます！,恭喜！\n将向夏尔的所有共享者赠送奖品！,translated,text,b249d28374,br=0 nl=0,src-longest-line=33
ui/ui/sharl/uil_event_vote.xml#7853,（賞品の内容は、後に届きます運営メールを御確認ください）,（奖品内容请确认稍后送达的运营邮件）,translated,text,ad4aea1288,br=0 nl=0,src-longest-line=28
ui/ui/sharl/uil_event_vote.xml#8259,不正解,回答错误,translated,text,d41faff501,br=0 nl=0,
ui/ui/sharl/uil_event_vote.xml#8355,残念でした…。次回こそは是非、\n正解して賞品獲得してくださいね！,太遗憾了……下次一定要\n回答正确并获得奖品哦！,translated,text,da65a87ea0,br=0 nl=0,src-longest-line=33
ui/ui/sharl/uil_event_vote.xml#8546,■ ４択応募フォーム ■,■ 四选一应征表单 ■,translated,text,a21f79e409,br=0 nl=0,
ui/ui/sharl/uil_event_vote.xml#8732,１つを選択し、下の「応募する」ボタンを押してください。,请选择一项，并按底部的“应征”按钮。,translated,text,bcac142edf,br=0 nl=0,src-longest-line=27
ui/ui/sharl/uil_event_vote.xml#9487, A:醤油をこぼした,A:弄洒了酱油,translated,text,e8864ddad4,br=0 nl=0,
ui/ui/sharl/uil_event_vote.xml#9587, B:フライパンがひっくり返った,B:平底锅翻了,translated,text,040cf1ffbe,br=0 nl=0,
ui/ui/sharl/uil_event_vote.xml#9693, C:頭の上に目玉焼きが載った,C:煎蛋扣在了头上,translated,text,233679895b,br=0 nl=0,
ui/ui/sharl/uil_event_vote.xml#9798, D:顔にパイがべちゃった,D:派糊了满脸,translated,text,a93a441ec0,br=0 nl=0,
ui/ui/sharl/uil_event_vote.xml#11962,応募する,应征,translated,text,280741e6b5,br=0 nl=0,
ui/ui/sharl/uil_friend_list.xml#502,ニックネーム１２,昵称１２,translated,text,3b7cc7f00f,br=0 nl=0,
ui/ui/sharl/uil_friend_list.xml#734,１２３４５６７８９０あいうえおかきくけこ,１２３４５６７８９０示例文字示例文字示,translated,text,eaf98285dc,br=0 nl=0,
ui/ui/sharl/uil_fr_fo.xml#496,ニックネーム１２,昵称１２,translated,text,3b7cc7f00f,br=0 nl=0,
ui/ui/sharl/uil_fr_fo.xml#697,１２３４５６７８９０あいうえおかきくけこ,１２３４５６７８９０示例文字示例文字示,translated,text,eaf98285dc,br=0 nl=0,
ui/ui/sharl/uil_labor.xml#1100,タイトル,标题,translated,text,47b4753f22,br=0 nl=0,
ui/ui/sharl/uil_labor.xml#1195,タイトル,标题,translated,text,47b4753f22,br=0 nl=0,
ui/ui/sharl/uil_labor.xml#2344,召喚できるシャールはいないようです,似乎没有可以召唤的夏尔,translated,text,ee952336d7,br=0 nl=0,
ui/ui/sharl/uil_labor.xml#2802,レイバー選択,劳工选择,translated,text,34aae651d7,br=0 nl=0,
ui/ui/sharl/uil_labor.xml#2942,サポーター選択,支援者选择,translated,text,5554d26705,br=0 nl=0,
ui/ui/sharl/uil_labor.xml#3083,選ばれたシャール,所选的夏尔,translated,text,c1c0b1aa9b,br=0 nl=0,
ui/ui/sharl/uil_labor.xml#3572,協力申請可能人数,可申请协力人数,translated,text,b47e10c3f5,br=0 nl=0,
ui/ui/sharl/uil_labor_sharl_list.xml#834,シャール名,夏尔名称,translated,text,54cd816081,br=0 nl=0,
ui/ui/sharl/uil_labor_sharl_list.xml#945,【作業中】,【工作中】,translated,text,befc2fc7c1,br=0 nl=0,
ui/ui/sharl/uil_labor_sharl_list.xml#1060,【ひま中】,【闲暇中】,translated,text,e6c748735b,br=0 nl=0,
ui/ui/sharl/uil_labor_sharl_list.xml#1177,【休養中】,【休养中】,translated,text,6213442ca1,br=0 nl=0,
ui/ui/sharl/uil_labor_sharl_list.xml#1289,ニックネーム,昵称,translated,text,6e56ebe58f,br=0 nl=0,
ui/ui/sharl/uil_labor_sharl_list.xml#1537,１２３４５６７８９０あいうえおかきくけこ,１２３４５６７８９０示例文字示例文字示,translated,text,eaf98285dc,br=0 nl=0,
ui/ui/sharl/uil_labor_sharl_list.xml#2227,修復力:,修复力:,translated,text,91ef731190,br=0 nl=0,
ui/ui/sharl/uil_learn_skill_info.xml#299,名称,名称,translated,text,1be7ae4fc2,br=0 nl=0,
ui/ui/sharl/uil_learn_skill_info.xml#375,なにかの効果。なにかがアップしたりしなかったり下がったり。,某种效果。有些属性上升，有些不变，有些下降。,translated,text,519864aa03,br=0 nl=0,src-longest-line=29
ui/ui/sharl/uil_learn_skill_info.xml#522,必要HymP,所需HymP,translated,text,73ac85bf35,br=0 nl=0,
ui/ui/sharl/uil_learn_skill_info.xml#774,■開放条件,■开放条件,translated,text,5229df9108,br=0 nl=0,
ui/ui/sharl/uil_learn_skill_info.xml#831,1.シャールレベルが,1.夏尔等级达到,translated,text,de2ddc61bd,br=0 nl=0,
ui/ui/sharl/uil_learn_skill_info.xml#969,以上。,以上。,translated,text,09ad1f2169,br=0 nl=0,
ui/ui/sharl/uil_learn_skill_info.xml#1026,2.このシャールのエネルギー,2.该夏尔的能量,translated,text,c773a0b924,br=0 nl=0,
ui/ui/sharl/uil_learn_skill_info.xml#1090,送信量が,传送量达到,translated,text,408445064e,br=0 nl=0,
ui/ui/sharl/uil_learn_skill_info.xml#1230,mag.以上。,mag.以上。,translated,text,70f2fe4983,br=0 nl=0,
ui/ui/sharl/uil_learn_skill_info.xml#1575,■現在状況,■当前状况,translated,text,08566edf09,br=0 nl=0,
ui/ui/sharl/uil_learn_skill_info.xml#1643,成立,成立,translated,text,d498662a83,br=0 nl=0,
ui/ui/sharl/uil_mail_admin.xml#395,■スタッフへのメッセージ,■给制作团队的留言,translated,text,e9bddd4a67,br=0 nl=0,
ui/ui/sharl/uil_mail_admin.xml#547,シェルノサージュでは、プレイヤーとスタッフとの対話を\n元に、更なるバージョンアップを続けていきます。\n皆様からの御意見、ご要望をお待ちしております！,《Ciel nosurge》将以玩家与制作团队的交流\n为基础，持续进行版本升级。\n期待各位提出宝贵意见与建议！,translated,text,6091687723,br=0 nl=0,src-longest-line=76
ui/ui/sharl/uil_mail_admin.xml#756,件名,主题,translated,text,3129c30ec5,br=0 nl=0,
ui/ui/sharl/uil_mail_admin.xml#822,件名,主题,translated,title,3129c30ec5,br=0 nl=0,
ui/ui/sharl/uil_mail_admin.xml#917,スタッフへのメッセージ,给制作团队的留言,translated,text,0ce5fa1fb8,br=0 nl=0,
ui/ui/sharl/uil_mail_admin.xml#1027,本文,正文,translated,text,35f496a304,br=0 nl=0,
ui/ui/sharl/uil_mail_admin.xml#1094,メッセージ,消息,translated,title,6640e4a392,br=0 nl=0,
ui/ui/sharl/uil_mail_admin.xml#1252,メッセージを入力する場合は<CR>タップしてください,若要输入消息<CR>请点击此处,translated,text,cddf9a903e,<CR> br=0 nl=0,keep-tags <CR>; src-longest-line=26
ui/ui/sharl/uil_mail_form.xml#393,■メール送信,■发送邮件,translated,text,92f3d0da66,br=0 nl=0,
ui/ui/sharl/uil_mail_form.xml#765,ニックネーム１２,昵称１２,translated,text,3b7cc7f00f,br=0 nl=0,
ui/ui/sharl/uil_mail_form.xml#997,１２３４５６７８９０あいうえおかきくけこ,１２３４５６７８９０示例文字示例文字示,translated,text,eaf98285dc,br=0 nl=0,
ui/ui/sharl/uil_mail_form.xml#1744,件名,主题,translated,text,3129c30ec5,br=0 nl=0,
ui/ui/sharl/uil_mail_form.xml#1810,件名,主题,translated,title,3129c30ec5,br=0 nl=0,
ui/ui/sharl/uil_mail_form.xml#1905,件名を入力する場合はタップしてください,若要输入主题请点击此处,translated,text,8c88d69f80,br=0 nl=0,
ui/ui/sharl/uil_mail_form.xml#2023,本文,正文,translated,text,35f496a304,br=0 nl=0,
ui/ui/sharl/uil_mail_form.xml#2090,メッセージ,消息,translated,title,6640e4a392,br=0 nl=0,
ui/ui/sharl/uil_mail_form.xml#2248,メッセージを入力する場合は<CR>タップしてください,若要输入消息<CR>请点击此处,translated,text,cddf9a903e,<CR> br=0 nl=0,keep-tags <CR>; src-longest-line=26
ui/ui/sharl/uil_mail_form_readonly.xml#452,ニックネーム１２,昵称１２,translated,text,3b7cc7f00f,br=0 nl=0,
ui/ui/sharl/uil_mail_form_readonly.xml#684,１２３４５６７８９０あいうえおかきくけこ,１２３４５６７８９０示例文字示例文字示,translated,text,eaf98285dc,br=0 nl=0,
ui/ui/sharl/uil_mail_form_readonly.xml#2417,ジャンプ,跳转,translated,text,72846f25bf,br=0 nl=0,
ui/ui/sharl/uil_make_sharl.xml#1132,■生成に必要なHymP,■生成所需的HymP,translated,text,660041df6b,br=0 nl=0,
ui/ui/sharl/uil_make_sharl.xml#1318,必要HymPを消費して、このシャールをゲットしましょう！,消耗所需HymP，获得该夏尔吧！,translated,text,ae98396d2f,br=0 nl=0,src-longest-line=28
ui/ui/sharl/uil_make_sharl.xml#1648,必要HymP,所需HymP,translated,text,73ac85bf35,br=0 nl=0,
ui/ui/sharl/uil_make_sharl.xml#2378,以下のオプションを活用すると、シャールを有利に生成できます。,灵活运用以下选项，可以更有利地生成夏尔。,translated,text,2cd8c6457f,br=0 nl=0,src-longest-line=30
ui/ui/sharl/uil_make_sharl.xml#9341,HymPを追加して初期レベルを上げる,追加HymP提升初始等级,translated,text,143f077c64,br=0 nl=0,
ui/ui/sharl/uil_make_sharl.xml#9460,もう少しだけHymPを追加することで、\n最初から高LVのシャールをゲットする\nことができます。,只要追加少量HymP，\n即可从一开始获得高等级的夏尔。,translated,text,637188a8f6,br=0 nl=0,src-longest-line=49
ui/ui/sharl/uil_make_sharl.xml#10233,シャール無料券を使う,使用夏尔免费券,translated,text,87a8642570,br=0 nl=0,
ui/ui/sharl/uil_make_sharl.xml#10362,残り,剩余,translated,text,066dd693e4,br=0 nl=0,
ui/ui/sharl/uil_make_sharl.xml#10586,枚,张,translated,text,b74eb414e6,br=0 nl=0,
ui/ui/sharl/uil_make_sharl.xml#10680,初期LV10のシャールを、HymP0で生成できます。,可以以0 HymP生成初始LV10的夏尔。,translated,text,473adb0d00,br=0 nl=0,src-longest-line=26
ui/ui/sharl/uil_mini_info.xml#523,アーキンス,阿尔金斯,translated,text,88a789695c,br=0 nl=0,
ui/ui/sharl/uil_mini_info.xml#744,アーキンス,阿尔金斯,translated,text,88a789695c,br=0 nl=0,
ui/ui/sharl/uil_mini_info.xml#896,【作業中】,【工作中】,translated,text,befc2fc7c1,br=0 nl=0,
ui/ui/sharl/uil_mini_info.xml#1010,【ひま中】,【闲暇中】,translated,text,e6c748735b,br=0 nl=0,
ui/ui/sharl/uil_mini_info.xml#1125,【休養中】,【休养中】,translated,text,6213442ca1,br=0 nl=0,
ui/ui/sharl/uil_mq_bonus.xml#218,■マイクロクエーサーボーナス一覧,■微类星体奖励一览,translated,text,d797cd2986,br=0 nl=0,
ui/ui/sharl/uil_mq_bonus.xml#365,あなたが獲得したマイクロクエーサーボーナスの一覧です。,你所获得的微类星体奖励一览。,translated,text,4108113874,br=0 nl=0,src-longest-line=27
ui/ui/sharl/uil_mq_bonus.xml#909,シャール契約無料券１回分,夏尔契约免费券1次,translated,text,4322f5fd6e,br=0 nl=0,
ui/ui/sharl/uil_mq_bonus.xml#1324,新しい仮想世界をねりこさんが持ってきてくれます。,妮莉库会带来新的虚拟世界。,translated,text,00e7809992,br=0 nl=0,
ui/ui/sharl/uil_mq_info.xml#226,■エネルギーチャージ情報,■能量充能信息,translated,text,3a2ac49ba2,br=0 nl=0,
ui/ui/sharl/uil_mq_info.xml#370,イオンの惑星へのエネルギーチャージ情報です。,向依恩的行星充能的信息。,translated,text,ce3e932b7d,br=0 nl=0,
ui/ui/sharl/uil_mq_info.xml#478,【最終更新:,【最后更新:,translated,text,b579155714,br=0 nl=0,
ui/ui/sharl/uil_mq_info.xml#1194,現在の惑星へのチャージ総量,当前行星充能总量,translated,text,b976511f37,br=0 nl=0,
ui/ui/sharl/uil_mq_info.xml#1655,　 うち、あなたの送信したエナジー,其中你传送的能量,translated,text,1739cc8a17,br=0 nl=0,
ui/ui/sharl/uil_mq_info.xml#2276,次のチャージボーナス,下一次充能奖励,translated,text,108e6d3831,br=0 nl=0,
ui/ui/sharl/uil_mq_info.xml#2394,新しいシナリオをゲット！,获得新剧本！,translated,text,5f98bcf7ce,br=0 nl=0,
ui/ui/sharl/uil_mq_info.xml#2575,なにかがアップしたりしなかったり下がったり。,有些属性上升，有些不变，有些下降。,translated,text,d1224f4466,br=0 nl=0,
ui/ui/sharl/uil_mq_info.xml#2734,次ボーナスまでのチャージ状況,距下次奖励的充能情况,translated,text,7e4a720173,br=0 nl=0,
ui/ui/sharl/uil_mq_info2.xml#226,■エネルギーチャージ詳細情報,■能量充能详细信息,translated,text,b38df99bc2,br=0 nl=0,
ui/ui/sharl/uil_mq_info2.xml#372,あなたやシャールがどれだけエネルギーチャージしたかを\nこのページで見ることができます。,可以在此页面查看\n你与夏尔完成了多少能量充能。,translated,text,96f0dabc86,br=0 nl=0,src-longest-line=44
ui/ui/sharl/uil_mq_info2.xml#2285,あなた,你,translated,text,91cb527661,br=0 nl=0,
ui/ui/sharl/uil_mq_info2.xml#2694,送信回数のべ,累计发送次数,translated,text,b0dbef185d,br=0 nl=0,
ui/ui/sharl/uil_mq_info2.xml#2771,回,次,translated,text,5b722ab415,br=0 nl=0,
ui/ui/sharl/uil_mq_info2.xml#2954,現在の\nシャール,当前的\n夏尔,translated,text,9818578c3b,br=0 nl=0,
ui/ui/sharl/uil_mq_info2.xml#3374,送信回数のべ,累计发送次数,translated,text,b0dbef185d,br=0 nl=0,
ui/ui/sharl/uil_mq_info2.xml#3451,回,次,translated,text,5b722ab415,br=0 nl=0,
ui/ui/sharl/uil_mq_mini_info.xml#411,現在の惑星再生エナジー総量,当前行星再生能量总量,translated,text,8fa6ce839d,br=0 nl=0,
ui/ui/sharl/uil_mq_send.xml#276,■エネルギーを送る,■传送能量,translated,text,8e226ed11b,br=0 nl=0,
ui/ui/sharl/uil_mq_send.xml#417,イオンの惑星にエネルギーを送りましょう。\nチャージするには右下の「決」を押してください。,向依恩的行星传送能量吧。\n若要充能请按右下方的“确”。,translated,text,2e15a88ca4,br=0 nl=0,src-longest-line=45
ui/ui/sharl/uil_mq_send.xml#1156,チャージ可能,可以充能,translated,text,d53f14d81f,br=0 nl=0,
ui/ui/sharl/uil_mq_send.xml#1260,このシャールでチャージできます。,可以使用此夏尔进行充能。,translated,text,c4208e42e7,br=0 nl=0,
ui/ui/sharl/uil_mq_send.xml#1985,チャージ不可,无法充能,translated,text,6c03e361c1,br=0 nl=0,
ui/ui/sharl/uil_mq_send.xml#2089,チャージは１シャール１日１回です。,充能每只夏尔每日限1次。,translated,text,f0be0bb1be,br=0 nl=0,
ui/ui/sharl/uil_mq_send.xml#2253,予想エネルギー送信量,预估能量传送量,translated,text,8bcb54862f,br=0 nl=0,
ui/ui/sharl/uil_mq_send.xml#3222,現在ボーナスタイム中！,当前处于奖励时间内！,translated,text,7eea45a7ec,br=0 nl=0,
ui/ui/sharl/uil_mq_send.xml#3485,ボーナスタイム期間中は、送信エネルギーが増加します。,奖励时间期间，传送的能量会增加。,translated,text,5fece53149,br=0 nl=0,src-longest-line=26
ui/ui/sharl/uil_mq_send.xml#3662,現在、ボーナスタイム中ではありません。,当前不是奖励时间。,translated,text,9d5e768ba9,br=0 nl=0,
ui/ui/sharl/uil_mq_send.xml#3786,次のボーナス発生に必要なexp.,下次发生奖励所需exp.,translated,text,cb28078084,br=0 nl=0,
ui/ui/sharl/uil_mq_tweet.xml#497,ニックネーム１２,昵称１２,translated,text,3b7cc7f00f,br=0 nl=0,
ui/ui/sharl/uil_mq_tweet.xml#784,１２３４５６７８９０あいうえおかきくけこ,１２３４５６７８９０示例文字示例文字示,translated,text,eaf98285dc,br=0 nl=0,
ui/ui/sharl/uil_mq_tweet.xml#1024,ここにツイートが表示されるよ。最大で３行になるよ。折り返して何文字はいるかな？最後は「...」で終わる感...,这里会显示推文哦。最多为3行。换行能放多少个字呢？最后以“……”结尾的感觉……,translated,text,496c78326b,br=0 nl=0,src-longest-line=55
ui/ui/sharl/uil_mysharl_list.xml#1076,エージェント・セブン<=Spe.FlM.Recu,特工七号<=Spe.FlM.Recu,translated,text,46ddaefee8,br=0 nl=0,
ui/ui/sharl/uil_mysharl_list.xml#1719,【作業中】,【工作中】,translated,text,befc2fc7c1,br=0 nl=0,
ui/ui/sharl/uil_mysharl_list.xml#1833,【ひま中】,【闲暇中】,translated,text,e6c748735b,br=0 nl=0,
ui/ui/sharl/uil_mysharl_list.xml#1948,【休養中】,【休养中】,translated,text,6213442ca1,br=0 nl=0,
ui/ui/sharl/uil_mysharl_list.xml#2045,回:,次:,translated,text,f8303b11a1,br=0 nl=0,
ui/ui/sharl/uil_mysharl_list.xml#2117,4分30秒,4分30秒,translated,text,e28b89f9d4,br=0 nl=0,
ui/ui/sharl/uil_mysharl_list.xml#2176,修:,修:,translated,text,ed19aae043,br=0 nl=0,
ui/ui/sharl/uil_mysharl_list.xml#2304,指:,指:,translated,text,8ac55fbb8a,br=0 nl=0,
ui/ui/sharl/uil_mysharl_list.xml#2425,人,人,translated,text,4912771a42,br=0 nl=0,
ui/ui/sharl/uil_nest_frd_list.xml#524,ニックネーム１２,昵称１２,translated,text,3b7cc7f00f,br=0 nl=0,
ui/ui/sharl/uil_nest_frd_list.xml#776,１２３４５６７８９０あいうえおかきくけこ,１２３４５６７８９０示例文字示例文字示,translated,text,eaf98285dc,br=0 nl=0,
ui/ui/sharl/uil_new_arrival_mail_info.xml#218,《　メール新着情報　》,《　新邮件提醒　》,translated,text,4aad84afb1,br=0 nl=0,
ui/ui/sharl/uil_new_arrival_mail_info.xml#762,新 着,新 到,translated,text,51833be884,br=0 nl=0,
ui/ui/sharl/uil_new_arrival_mail_info.xml#851,メッセージ,消息,translated,text,6640e4a392,br=0 nl=0,
ui/ui/sharl/uil_new_arrival_mail_info.xml#1072,件,件,translated,text,04d7e6fc2c,br=0 nl=0,
ui/ui/sharl/uil_new_arrival_mail_info.xml#1594,運 営,运 营,translated,text,9aa825ee24,br=0 nl=0,
ui/ui/sharl/uil_new_arrival_mail_info.xml#1683,からのお知らせ,的通知,translated,text,c79a945c37,br=0 nl=0,
ui/ui/sharl/uil_new_arrival_mail_info.xml#1907,件,件,translated,text,04d7e6fc2c,br=0 nl=0,
ui/ui/sharl/uil_profile.xml#441,ニックネーム１２,昵称１２,translated,text,3b7cc7f00f,br=0 nl=0,
ui/ui/sharl/uil_profile.xml#642,１２３４５６７８９０あいうえおかきくけこ,１２３４５６７８９０示例文字示例文字示,translated,text,eaf98285dc,br=0 nl=0,
ui/ui/sharl/uil_profile.xml#1086,勲章,勋章,translated,text,d1e6cd39e2,br=0 nl=0,
ui/ui/sharl/uil_profile.xml#1648,■ひとことメッセージ,■一句话留言,translated,text,a404177d51,br=0 nl=0,
ui/ui/sharl/uil_profile.xml#2099,■プロフィール文,■个人简介,translated,text,f0614032ed,br=0 nl=0,
ui/ui/sharl/uil_profile.xml#2317,プロフィール\n2行目\n3行目\n4行目\n5行目\n6行目\n7行目\n8行目,个人简介\n第2行\n第3行\n第4行\n第5行\n第6行\n第7行\n第8行,translated,text,2a916e0029,br=0 nl=0,src-longest-line=41
ui/ui/sharl/uil_psn_friend_list.xml#502,ニックネーム１２,昵称１２,translated,text,3b7cc7f00f,br=0 nl=0,
ui/ui/sharl/uil_psn_friend_list.xml#734,１２３４５６７８９０あいうえおかきくけこ,１２３４５６７８９０示例文字示例文字示,translated,text,eaf98285dc,br=0 nl=0,
ui/ui/sharl/uil_race_change.xml#330,妖,妖,translated,text,f5eabe7d0e,br=0 nl=0,
ui/ui/sharl/uil_race_change.xml#541,魚,鱼,translated,text,32cac33e27,br=0 nl=0,
ui/ui/sharl/uil_race_change.xml#752,鳥,鸟,translated,text,716ea3c57c,br=0 nl=0,
ui/ui/sharl/uil_race_change.xml#853,ネレイグラコス属,内雷格拉科斯属,translated,text,29396015be,br=0 nl=0,
ui/ui/sharl/uil_race_change.xml#965,必要HymP,所需HymP,translated,text,73ac85bf35,br=0 nl=0,
ui/ui/sharl/uil_race_change.xml#1216,■変更後種族状態,■变更后种族状态,translated,text,9ec641c4e2,br=0 nl=0,
ui/ui/sharl/uil_race_change.xml#1276,種族,种族,translated,text,c34d1bc482,br=0 nl=0,
ui/ui/sharl/uil_race_change.xml#1374,ネレイグラコス属,内雷格拉科斯属,translated,text,29396015be,br=0 nl=0,
ui/ui/sharl/uil_race_change.xml#1444,属性,属性,translated,text,7d3c35c29b,br=0 nl=0,
ui/ui/sharl/uil_race_change.xml#1542,フラントリム・ランデ科,弗兰特里姆・兰德科,translated,text,6e18de53ba,br=0 nl=0,
ui/ui/sharl/uil_race_change.xml#1615,性質,性质,translated,text,62ecf378a4,br=0 nl=0,
ui/ui/sharl/uil_race_change.xml#1713,ドゥロセンス類,杜罗森斯类,translated,text,487fbab89f,br=0 nl=0,
ui/ui/sharl/uil_race_change.xml#1857,■種族解説,■种族解说,translated,text,85285d508c,br=0 nl=0,
ui/ui/sharl/uil_ranking.xml#1019,位,名,translated,text,74c77a8ab0,br=0 nl=0,
ui/ui/sharl/uil_receive_mail_list.xml#504,ニックネーム１２,昵称１２,translated,text,3b7cc7f00f,br=0 nl=0,
ui/ui/sharl/uil_receive_mail_list.xml#736,１２３４５６７８９０あいうえおかきくけこ,１２３４５６７８９０示例文字示例文字示,translated,text,eaf98285dc,br=0 nl=0,
ui/ui/sharl/uil_reply.xml#248,■メッセージボードに記事を書く,■向留言板发布文章,translated,text,a08e40b292,br=0 nl=0,
ui/ui/sharl/uil_reply.xml#396,書き込める文字数は１２８文字までです。,可填写的文字数最多为128字。,translated,text,a2cb8c607f,br=0 nl=0,
ui/ui/sharl/uil_reply.xml#544,メッセージ,消息,translated,title,6640e4a392,br=0 nl=0,
ui/ui/sharl/uil_reply.xml#678,メッセージを入力する場合はタップしてください,若要输入消息请点击此处,translated,text,df4209ccc0,br=0 nl=0,
ui/ui/sharl/uil_send_mail_list.xml#501,ニックネーム１２,昵称１２,translated,text,3b7cc7f00f,br=0 nl=0,
ui/ui/sharl/uil_send_mail_list.xml#733,１２３４５６７８９０あいうえおかきくけこ,１２３４５６７８９０示例文字示例文字示,translated,text,eaf98285dc,br=0 nl=0,
ui/ui/sharl/uil_sharl.xml#950,タイトル,标题,translated,text,47b4753f22,br=0 nl=0,
ui/ui/sharl/uil_sharl.xml#1045,タイトル,标题,translated,text,47b4753f22,br=0 nl=0,
ui/ui/sharl/uil_sharl.xml#3661,ランダムつぶやき９０１２３４５６７８９,随机闲聊９０１２３４５６７８９,translated,text,4ca27cd81c,br=0 nl=0,
ui/ui/sharl/uil_sharl.xml#7147,もっとみる,查看更多,translated,text,bf13895cda,br=0 nl=0,
ui/ui/sharl/uil_sharl.xml#7278,記事がありません,没有文章,translated,text,837a4fa956,br=0 nl=0,
ui/ui/sharl/uil_sharl.xml#7405,共有しているユーザーは存在しません,不存在共享用户,translated,text,20f4f0a732,br=0 nl=0,
ui/ui/sharl/uil_sharl.xml#8041,シャール情報,夏尔信息,translated,text,8721c10708,br=0 nl=0,
ui/ui/sharl/uil_sharl.xml#8181,クエーサー情報,类星体信息,translated,text,b2094516b3,br=0 nl=0,
ui/ui/sharl/uil_sharl.xml#8618,シャールと別れる,与夏尔告别,translated,text,16cd570093,br=0 nl=0,
ui/ui/sharl/uil_sharl.xml#9120,基本情報,基本信息,translated,text,98f7db8bee,br=0 nl=0,
ui/ui/sharl/uil_sharl.xml#9262,能力情報,能力信息,translated,text,46aba5d2bf,br=0 nl=0,
ui/ui/sharl/uil_sharl.xml#9404,メッセージボード,留言板,translated,text,f28f5a8e47,br=0 nl=0,
ui/ui/sharl/uil_sharl.xml#9548,共有ユーザー一覧,共享用户一览,translated,text,7858ffcef6,br=0 nl=0,
ui/ui/sharl/uil_sharl.xml#9901,現在の状態,当前状态,translated,text,78d85e850a,br=0 nl=0,
ui/ui/sharl/uil_sharl.xml#10041,基本情報,基本信息,translated,text,98f7db8bee,br=0 nl=0,
ui/ui/sharl/uil_sharl.xml#10183,能力情報,能力信息,translated,text,46aba5d2bf,br=0 nl=0,
ui/ui/sharl/uil_sharl.xml#10578,基本情報,基本信息,translated,text,98f7db8bee,br=0 nl=0,
ui/ui/sharl/uil_sharl.xml#10745,能力情報,能力信息,translated,text,46aba5d2bf,br=0 nl=0,
ui/ui/sharl/uil_sharl.xml#10911,種族変更,变更种族,translated,text,e285504912,br=0 nl=0,
ui/ui/sharl/uil_sharl.xml#11102,容姿変更,变更容貌,translated,text,f9dca3f3ce,br=0 nl=0,
ui/ui/sharl/uil_sharl.xml#11269,スキル変更,变更技能,translated,text,ab54690491,br=0 nl=0,
ui/ui/sharl/uil_sharl.xml#11439,装備＆スキル取得,获取装备与技能,translated,text,bbdd6a2280,br=0 nl=0,
ui/ui/sharl/uil_sharl.xml#18049,スキルバンクＡ,技能库Ａ,translated,text,fff56ed05b,br=0 nl=0,
ui/ui/sharl/uil_sharl.xml#18201,スキルバンクＢ,技能库Ｂ,translated,text,5e43f44796,br=0 nl=0,
ui/ui/sharl/uil_sharl.xml#18353,スキルバンクＣ,技能库Ｃ,translated,text,ba7f810b63,br=0 nl=0,
ui/ui/sharl/uil_sharl.xml#18505,スキルバンクＤ,技能库Ｄ,translated,text,bf847a8d2c,br=0 nl=0,
ui/ui/sharl/uil_sharl.xml#18657,スキルバンクＥ,技能库Ｅ,translated,text,522c60c831,br=0 nl=0,
ui/ui/sharl/uil_sharl.xml#18809,スキルバンクＦ,技能库Ｆ,translated,text,ae050755dd,br=0 nl=0,
ui/ui/sharl/uil_sharl.xml#25332,装備品取得,获取装备,translated,text,8a8d7d7e99,br=0 nl=0,
ui/ui/sharl/uil_sharl.xml#25472,スキル習得,习得技能,translated,text,38c0633c77,br=0 nl=0,
ui/ui/sharl/uil_sharl.xml#25820,エネルギー情報,能量信息,translated,text,b2b87e05df,br=0 nl=0,
ui/ui/sharl/uil_sharl.xml#25961,協力情報,协力信息,translated,text,d415d3ed0d,br=0 nl=0,
ui/ui/sharl/uil_sharl.xml#26248,エネルギー送信,输送能量,translated,text,cf6d814ad3,br=0 nl=0,
ui/ui/sharl/uil_sharl.xml#26389,ジェノミリンク,杰诺米链接,translated,text,567e4b286b,br=0 nl=0,
ui/ui/sharl/uil_sharl.xml#26742,基本情報,基本信息,translated,text,98f7db8bee,br=0 nl=0,
ui/ui/sharl/uil_sharl.xml#26884,能力情報,能力信息,translated,text,46aba5d2bf,br=0 nl=0,
ui/ui/sharl/uil_sharl.xml#27328,生成をやめる,放弃生成,translated,text,79cee95139,br=0 nl=0,
ui/ui/sharl/uil_sharl.xml#27676,スペリウス属,斯佩利乌斯属,translated,text,e18b78c632,br=0 nl=0,
ui/ui/sharl/uil_sharl.xml#27817,ネレイグラコス属,内雷格拉科斯属,translated,text,29396015be,br=0 nl=0,
ui/ui/sharl/uil_sharl.xml#27959,アウィニール属,阿威尼尔属,translated,text,e267728f0b,br=0 nl=0,
ui/ui/sharl/uil_sharl.xml#30031,なまえ,名字,translated,text,17d0cfcdf5,br=0 nl=0,
ui/ui/sharl/uil_sharl.xml#30159,メッセージウィンドウのテスト文字列８９０<CR>二行目,消息窗口测试文本８９０<CR>第二行,translated,text,69afa34587,<CR> br=0 nl=0,keep-tags <CR>; src-longest-line=27
ui/ui/sharl/uil_sharl_costume.xml#199,■装備品変更,■变更装备,translated,text,5aaaaa09c8,br=0 nl=0,
ui/ui/sharl/uil_sharl_costume.xml#339,装備品の変更は、右メニュー\nからカテゴリを選択し行います。,装备的变更请从右侧菜单\n选择类别进行。,translated,text,4cea3bbd2d,br=0 nl=0,src-longest-line=30
ui/ui/sharl/uil_sharl_costume.xml#813,髪型,发型,translated,text,a82eeb416d,br=0 nl=0,
ui/ui/sharl/uil_sharl_costume.xml#883,頭,头,translated,text,e349ae1338,br=0 nl=0,
ui/ui/sharl/uil_sharl_costume.xml#954,顔,脸,translated,text,367e94cdaa,br=0 nl=0,
ui/ui/sharl/uil_sharl_costume.xml#1025,手,手,translated,text,c08a56997a,br=0 nl=0,
ui/ui/sharl/uil_sharl_costume.xml#1096,羽,翅膀,translated,text,4f40d1be8c,br=0 nl=0,
ui/ui/sharl/uil_sharl_costume.xml#1167,しっぽ,尾巴,translated,text,e97aa2bff4,br=0 nl=0,
ui/ui/sharl/uil_sharl_detail.xml#1323,しゃーるたぐ,夏尔标签,translated,text,aa61d40cf9,br=0 nl=0,
ui/ui/sharl/uil_sharl_detail.xml#1712,種,种,translated,text,f4ad4c9e22,br=0 nl=0,
ui/ui/sharl/uil_sharl_detail.xml#1790,族：,族：,translated,text,cfc22143ae,br=0 nl=0,
ui/ui/sharl/uil_sharl_detail.xml#1866,なんとか科,某某科,translated,text,b8fc904cb3,br=0 nl=0,
ui/ui/sharl/uil_sharl_detail.xml#1936,属,属,translated,text,669d8a7996,br=0 nl=0,
ui/ui/sharl/uil_sharl_detail.xml#2072,性：,性：,translated,text,cafd928a57,br=0 nl=0,
ui/ui/sharl/uil_sharl_detail.xml#2145,なんとか属,某某属,translated,text,972cce9138,br=0 nl=0,
ui/ui/sharl/uil_sharl_detail.xml#2211,性,性,translated,text,6dc93688a0,br=0 nl=0,
ui/ui/sharl/uil_sharl_detail.xml#2347,質：,质：,translated,text,85399e42ba,br=0 nl=0,
ui/ui/sharl/uil_sharl_detail.xml#2423,なんとか,某某,translated,text,bdb1b50265,br=0 nl=0,
ui/ui/sharl/uil_sharl_detail.xml#2501,せいかく：,性格：,translated,text,8d330ddfd2,br=0 nl=0,
ui/ui/sharl/uil_sharl_detail.xml#2601,なんとか的,某某的,translated,text,f477021d43,br=0 nl=0,
ui/ui/sharl/uil_sharl_detail.xml#4078,マイクロクエーサーへの総送信量,向微类星体的总传送量,translated,text,772366ae85,br=0 nl=0,
ui/ui/sharl/uil_sharl_ranking.xml#192,■このシャールのランキング,■此夏尔的排名,translated,text,8461734dff,br=0 nl=0,
ui/ui/sharl/uil_sharl_ranking.xml#350,ここでは、あなたのシャールがそれぞれの分野で何位なのかを見ることが出来ます。,在这里可以查看你的夏尔在各个领域中的排名。,translated,text,9092a39f04,br=0 nl=0,src-longest-line=38
ui/ui/sharl/uil_sharl_ranking.xml#527,あえいうえおあお,啊诶咿呜诶哦啊哦,translated,text,5918f65681,br=0 nl=0,
ui/ui/sharl/uil_sharl_ranking.xml#599,000000位,000000名,translated,text,5c01e23217,br=0 nl=0,
ui/ui/sharl/uil_sharl_ranking.xml#722,000000位,000000名,translated,text,5c01e23217,br=0 nl=0,
ui/ui/sharl/uil_sharl_ranking.xml#825,あえいうえおあお,啊诶咿呜诶哦啊哦,translated,text,5918f65681,br=0 nl=0,
ui/ui/sharl/uil_sharl_ranking.xml#897,000000位,000000名,translated,text,5c01e23217,br=0 nl=0,
ui/ui/sharl/uil_sharl_ranking.xml#1020,000000位,000000名,translated,text,5c01e23217,br=0 nl=0,
ui/ui/sharl/uil_sharl_ranking.xml#1123,あえいうえおあお,啊诶咿呜诶哦啊哦,translated,text,5918f65681,br=0 nl=0,
ui/ui/sharl/uil_sharl_ranking.xml#1195,000000位,000000名,translated,text,5c01e23217,br=0 nl=0,
ui/ui/sharl/uil_sharl_ranking.xml#1318,000000位,000000名,translated,text,5c01e23217,br=0 nl=0,
ui/ui/sharl/uil_sharl_ranking.xml#1421,あえいうえおあお,啊诶咿呜诶哦啊哦,translated,text,5918f65681,br=0 nl=0,
ui/ui/sharl/uil_sharl_ranking.xml#1493,000000位,000000名,translated,text,5c01e23217,br=0 nl=0,
ui/ui/sharl/uil_sharl_ranking.xml#1616,000000位,000000名,translated,text,5c01e23217,br=0 nl=0,
ui/ui/sharl/uil_sharl_ranking.xml#1719,あえいうえおあお,啊诶咿呜诶哦啊哦,translated,text,5918f65681,br=0 nl=0,
ui/ui/sharl/uil_sharl_ranking.xml#1792,000000位,000000名,translated,text,5c01e23217,br=0 nl=0,
ui/ui/sharl/uil_sharl_ranking.xml#1915,000000位,000000名,translated,text,5c01e23217,br=0 nl=0,
ui/ui/sharl/uil_sharl_ranking.xml#2018,あえいうえおあお,啊诶咿呜诶哦啊哦,translated,text,5918f65681,br=0 nl=0,
ui/ui/sharl/uil_sharl_ranking.xml#2091,000000位,000000名,translated,text,5c01e23217,br=0 nl=0,
ui/ui/sharl/uil_sharl_ranking.xml#2214,000000位,000000名,translated,text,5c01e23217,br=0 nl=0,
ui/ui/sharl/uil_sharl_ranking.xml#2317,あえいうえおあお,啊诶咿呜诶哦啊哦,translated,text,5918f65681,br=0 nl=0,
ui/ui/sharl/uil_sharl_ranking.xml#2390,000000位,000000名,translated,text,5c01e23217,br=0 nl=0,
ui/ui/sharl/uil_sharl_ranking.xml#2513,000000位,000000名,translated,text,5c01e23217,br=0 nl=0,
ui/ui/sharl/uil_sharl_ranking.xml#2616,あえいうえおあお,啊诶咿呜诶哦啊哦,translated,text,5918f65681,br=0 nl=0,
ui/ui/sharl/uil_sharl_ranking.xml#2689,000000位,000000名,translated,text,5c01e23217,br=0 nl=0,
ui/ui/sharl/uil_sharl_ranking.xml#2812,000000位,000000名,translated,text,5c01e23217,br=0 nl=0,
ui/ui/sharl/uil_sharl_ranking.xml#2915,あえいうえおあお,啊诶咿呜诶哦啊哦,translated,text,5918f65681,br=0 nl=0,
ui/ui/sharl/uil_sharl_ranking.xml#2988,000000位,000000名,translated,text,5c01e23217,br=0 nl=0,
ui/ui/sharl/uil_sharl_ranking.xml#3111,000000位,000000名,translated,text,5c01e23217,br=0 nl=0,
ui/ui/sharl/uil_sharl_ranking.xml#3215,あえいうえおあお,啊诶咿呜诶哦啊哦,translated,text,5918f65681,br=0 nl=0,
ui/ui/sharl/uil_sharl_ranking.xml#3288,000000位,000000名,translated,text,5c01e23217,br=0 nl=0,
ui/ui/sharl/uil_sharl_ranking.xml#3411,000000位,000000名,translated,text,5c01e23217,br=0 nl=0,
ui/ui/sharl/uil_sharl_ranking.xml#3515,あえいうえおあお,啊诶咿呜诶哦啊哦,translated,text,5918f65681,br=0 nl=0,
ui/ui/sharl/uil_sharl_ranking.xml#3588,000000位,000000名,translated,text,5c01e23217,br=0 nl=0,
ui/ui/sharl/uil_sharl_ranking.xml#3711,000000位,000000名,translated,text,5c01e23217,br=0 nl=0,
ui/ui/sharl/uil_sharl_ranking.xml#3815,あえいうえおあお,啊诶咿呜诶哦啊哦,translated,text,5918f65681,br=0 nl=0,
ui/ui/sharl/uil_sharl_ranking.xml#3888,000000位,000000名,translated,text,5c01e23217,br=0 nl=0,
ui/ui/sharl/uil_sharl_ranking.xml#4011,000000位,000000名,translated,text,5c01e23217,br=0 nl=0,
ui/ui/sharl/uil_sharl_ranking.xml#4115,あえいうえおあお,啊诶咿呜诶哦啊哦,translated,text,5918f65681,br=0 nl=0,
ui/ui/sharl/uil_sharl_ranking.xml#4188,000000位,000000名,translated,text,5c01e23217,br=0 nl=0,
ui/ui/sharl/uil_sharl_ranking.xml#4311,000000位,000000名,translated,text,5c01e23217,br=0 nl=0,
ui/ui/sharl/uil_sharl_simple_status.xml#345,ネーム,名称,translated,text,454a8082d8,br=0 nl=0,
ui/ui/sharl/uil_sharl_simple_status.xml#839,■状態,■状态,translated,text,7dbf49faa7,br=0 nl=0,
ui/ui/sharl/uil_sharl_simple_status.xml#1596,疲れています,感到疲倦,translated,text,6640cf658b,br=0 nl=0,
ui/ui/sharl/uil_sharl_status.xml#315,しゃーるたぐ,夏尔标签,translated,text,aa61d40cf9,br=0 nl=0,
ui/ui/sharl/uil_sharl_status.xml#1711,シンクロ率,同步率,translated,text,b6615f8cf5,br=0 nl=0,
ui/ui/sharl/uil_sharl_status.xml#2508,回復力,回复力,translated,text,8390143a5c,br=0 nl=0,
ui/ui/sharl/uil_sharl_status.xml#2606,??分00秒,??分00秒,translated,text,80da18df88,br=0 nl=0,
ui/ui/sharl/uil_sharl_status.xml#2806,修復力,修复力,translated,text,17427de8df,br=0 nl=0,
ui/ui/sharl/uil_sharl_status.xml#3123,指導力,指导力,translated,text,89b52dc011,br=0 nl=0,
ui/ui/sharl/uil_sharl_status.xml#3230,廃墟修復時招集最大,废墟修复时最大召集数,translated,text,9053f0e191,br=0 nl=0,
ui/ui/sharl/uil_skill_info.xml#1382,現,现,translated,text,10097b1320,br=0 nl=0,
ui/ui/sharl/uil_skill_info.xml#1477,名称,名称,translated,text,1be7ae4fc2,br=0 nl=0,
ui/ui/sharl/uil_skill_info.xml#1632,なにかの効果。なにかがアップしたりしなかったり下がったり。,某种效果。有些属性上升，有些不变，有些下降。,translated,text,519864aa03,br=0 nl=0,src-longest-line=29
ui/ui/sharl/uil_skill_info.xml#2193,変,变,translated,text,650cb8f117,br=0 nl=0,
ui/ui/sharl/uil_skill_info.xml#2266,更,更,translated,text,16f2481170,br=0 nl=0,
ui/ui/sharl/uil_skill_info.xml#2360,名称,名称,translated,text,1be7ae4fc2,br=0 nl=0,
ui/ui/sharl/uil_skill_info.xml#2509,なにかの効果。なにかがアップしたりしなかったり下がったり。,某种效果。有些属性上升，有些不变，有些下降。,translated,text,519864aa03,br=0 nl=0,src-longest-line=29
ui/ui/sharl/uil_skill_info.xml#2634,このスキルに変更する場合は「決」ボタンを押して下さい。,若要变更为此技能请按“确”按钮。,translated,text,6558c2e4d8,br=0 nl=0,src-longest-line=27
ui/ui/sharl/uil_skill_set.xml#216,■スキル変更,■变更技能,translated,text,34be0e5efb,br=0 nl=0,
ui/ui/sharl/uil_skill_set.xml#356,パワーアップスキルの変更は、\n右メニューを選択し行います。,强化技能的变更请从\n右侧菜单选择进行。,translated,text,0a9b8c892a,br=0 nl=0,src-longest-line=30
ui/ui/sharl/uil_skill_set.xml#1996,スキル名,技能名,translated,text,ed19e903d5,br=0 nl=0,
ui/ui/sharl/uil_skill_set.xml#2070,スキル名,技能名,translated,text,ed19e903d5,br=0 nl=0,
ui/ui/sharl/uil_skill_set.xml#2144,スキル名,技能名,translated,text,ed19e903d5,br=0 nl=0,
ui/ui/sharl/uil_skill_set.xml#2218,スキル名,技能名,translated,text,ed19e903d5,br=0 nl=0,
ui/ui/sharl/uil_skill_set.xml#2292,スキル名,技能名,translated,text,ed19e903d5,br=0 nl=0,
ui/ui/sharl/uil_skill_set.xml#2366,スキル名,技能名,translated,text,ed19e903d5,br=0 nl=0,
ui/ui/sharl/uil_sns.xml#970,タイトル,标题,translated,text,47b4753f22,br=0 nl=0,
ui/ui/sharl/uil_sns.xml#1065,タイトル,标题,translated,text,47b4753f22,br=0 nl=0,
ui/ui/sharl/uil_sns.xml#8593,もっとみる,查看更多,translated,text,bf13895cda,br=0 nl=0,
ui/ui/sharl/uil_sns.xml#8728,記事がありません,没有文章,translated,text,837a4fa956,br=0 nl=0,
ui/ui/sharl/uil_sns.xml#8855,メールがありません,没有邮件,translated,text,7c2af9a330,br=0 nl=0,
ui/ui/sharl/uil_sns.xml#8980,誰もフォローしていません,没有关注任何人,translated,text,01f83350d0,br=0 nl=0,
ui/ui/sharl/uil_sns.xml#9110,あなたをフォローしているユーザーは存在しません,不存在关注你的用户,translated,text,b02185cc04,br=0 nl=0,
ui/ui/sharl/uil_sns.xml#9242,誰にもフォローされていません,未被任何人关注,translated,text,20cbcf353e,br=0 nl=0,
ui/ui/sharl/uil_sns.xml#9371,PSNフレンドは存在しません,不存在PSN好友,translated,text,d765f62c32,br=0 nl=0,
ui/ui/sharl/uil_sns.xml#9500,禁止しているユーザーは存在しません,不存在被封禁的用户,translated,text,e5440a68d0,br=0 nl=0,
ui/ui/sharl/uil_sns.xml#9632,共有しているユーザーは存在しません,不存在共享用户,translated,text,20f4f0a732,br=0 nl=0,
ui/ui/sharl/uil_sns.xml#9764,召喚できるシャールはいないようです,似乎没有可以召唤的夏尔,translated,text,ee952336d7,br=0 nl=0,
ui/ui/sharl/uil_sns.xml#11098,新着メール情報,新邮件提醒,translated,text,a70fff51d5,br=0 nl=0,
ui/ui/sharl/uil_sns.xml#11239,新規メール作成,编写新邮件,translated,text,0bba6baf32,br=0 nl=0,
ui/ui/sharl/uil_sns.xml#11380,受信箱,收件箱,translated,text,32752f0561,br=0 nl=0,
ui/ui/sharl/uil_sns.xml#11519,送信箱,发件箱,translated,text,c1425ab576,br=0 nl=0,
ui/ui/sharl/uil_sns.xml#11658,メッセージ削除,删除消息,translated,text,442ac74916,br=0 nl=0,
ui/ui/sharl/uil_sns.xml#11859,スタッフへメール,给员工发邮件,translated,text,ce13958df5,br=0 nl=0,
ui/ui/sharl/uil_sns.xml#12054,ユーザー情報,用户信息,translated,text,f577892bf5,br=0 nl=0,
ui/ui/sharl/uil_sns.xml#12404,受信メール削除,删除已收邮件,translated,text,2fd0dd5dfb,br=0 nl=0,
ui/ui/sharl/uil_sns.xml#12545,送信メール削除,删除已发邮件,translated,text,0ec9019790,br=0 nl=0,
ui/ui/sharl/uil_sns.xml#12686,全メール削除,删除全部邮件,translated,text,bd6664eb96,br=0 nl=0,
ui/ui/sharl/uil_sns.xml#13037,フォロワーの記事,关注者的文章,translated,text,717af23017,br=0 nl=0,
ui/ui/sharl/uil_sns.xml#13179,リプライ一覧,回复一览,translated,text,4345f96dd2,br=0 nl=0,
ui/ui/sharl/uil_sns.xml#13319,Ｍｙ投稿記事一覧,我的投稿文章一览,translated,text,7c515b4d65,br=0 nl=0,
ui/ui/sharl/uil_sns.xml#13461,メッセージ書込,填写留言,translated,text,0b5ef4b85e,br=0 nl=0,
ui/ui/sharl/uil_sns.xml#13817,アクティビティ,活动记录,translated,text,404108e359,br=0 nl=0,
ui/ui/sharl/uil_sns.xml#13959,勲章一覧,勋章一览,translated,text,6e7ef3383d,br=0 nl=0,
ui/ui/sharl/uil_sns.xml#14099,解放ボーナス,解锁奖励,translated,text,79bce071f1,br=0 nl=0,
ui/ui/sharl/uil_sns.xml#14451,記事,文章,translated,text,f574265a15,br=0 nl=0,
ui/ui/sharl/uil_sns.xml#14625,この記事に返信,回复此文章,translated,text,01785503f0,br=0 nl=0,
ui/ui/sharl/uil_sns.xml#14766,メールを送信,发送邮件,translated,text,2d454562b9,br=0 nl=0,
ui/ui/sharl/uil_sns.xml#14943,シャールのタグ,夏尔的标签,translated,text,837a2d001e,br=0 nl=0,
ui/ui/sharl/uil_sns.xml#15084,ユーザー情報,用户信息,translated,text,f577892bf5,br=0 nl=0,
ui/ui/sharl/uil_sns.xml#15224,禁止する,封禁,translated,text,c929ae1fed,br=0 nl=0,
ui/ui/sharl/uil_sns.xml#15546,フォローしている,正在关注,translated,text,62bed39c7a,br=0 nl=0,
ui/ui/sharl/uil_sns.xml#15688,フォローされてる,受到关注,translated,text,997b15a0f9,br=0 nl=0,
ui/ui/sharl/uil_sns.xml#15830,PSNフレンド,PSN好友,translated,text,1ae97a2dd2,br=0 nl=0,
ui/ui/sharl/uil_sns.xml#15972,禁止リスト,封禁名单,translated,text,8b9f05a4f8,br=0 nl=0,
ui/ui/sharl/uil_sns.xml#16113,ユーザー検索,搜索用户,translated,text,abec88a5ca,br=0 nl=0,
ui/ui/sharl/uil_sns.xml#16465,メッセージボード,留言板,translated,text,f28f5a8e47,br=0 nl=0,
ui/ui/sharl/uil_sns.xml#16605,新規記事書込,撰写新文章,translated,text,6e92c99b09,br=0 nl=0,
ui/ui/sharl/uil_sns.xml#16746,共有ユーザー一覧,共享用户一览,translated,text,7858ffcef6,br=0 nl=0,
ui/ui/sharl/uil_sns.xml#16886,ボードカテゴリ,板块类别,translated,text,cbdd8d519e,br=0 nl=0,
ui/ui/sharl/uil_sns.xml#17028,コミュイベント,交流活动,translated,text,265ef4222f,br=0 nl=0,
ui/ui/sharl/uil_sns.xml#17378,みんなで４択！,大家一起四选一！,translated,text,db9c605a71,br=0 nl=0,
ui/ui/sharl/uil_sns.xml#17735,このシャールのみ,仅此夏尔,translated,text,7da614b1dc,br=0 nl=0,
ui/ui/sharl/uil_sns.xml#17877,性質が同じもの,性质相同的夏尔,translated,text,666ddf9d3e,br=0 nl=0,
ui/ui/sharl/uil_sns.xml#18018,属性が同じもの,属性相同的夏尔,translated,text,688af26ca4,br=0 nl=0,
ui/ui/sharl/uil_sns.xml#18159,種族が同じもの,种族相同的夏尔,translated,text,c29318fef0,br=0 nl=0,
ui/ui/sharl/uil_sns.xml#18300,全記事一覧,全部文章一览,translated,text,063b743b24,br=0 nl=0,
ui/ui/sharl/uil_sns.xml#22110,７次元通信！,7次元通信！,translated,text,66b5643996,br=0 nl=0,
ui/ui/sharl/uil_sns.xml#22250,７通投稿フォーム,7通投稿表单,translated,text,dd61ef984c,br=0 nl=0,
ui/ui/sharl/uil_sns.xml#22607,フレンドメール,好友邮件,translated,text,c0952dfe76,br=0 nl=0,
ui/ui/sharl/uil_sns.xml#22747,運営:一般,运营:一般,translated,text,2cb329073e,br=0 nl=0,
ui/ui/sharl/uil_sns.xml#22886,運営:フレンド情報,运营:好友信息,translated,text,652576704e,br=0 nl=0,
ui/ui/sharl/uil_sns.xml#23027,運営:シャール情報,运营:夏尔信息,translated,text,02d73b42ff,br=0 nl=0,
ui/ui/sharl/uil_sns.xml#23390,フレンドメール,好友邮件,translated,text,c0952dfe76,br=0 nl=0,
ui/ui/sharl/uil_sns.xml#23530,運営:一般,运营:一般,translated,text,2cb329073e,br=0 nl=0,
ui/ui/sharl/uil_sns.xml#23669,運営:フレンド情報,运营:好友信息,translated,text,652576704e,br=0 nl=0,
ui/ui/sharl/uil_sns.xml#23810,運営:シャール情報,运营:夏尔信息,translated,text,02d73b42ff,br=0 nl=0,
ui/ui/sharl/uil_sns.xml#24162,レイバー選択,劳工选择,translated,text,34aae651d7,br=0 nl=0,
ui/ui/sharl/uil_sns.xml#24298,サポーター選択,支援者选择,translated,text,5554d26705,br=0 nl=0,
ui/ui/sharl/uil_sns.xml#24435,選ばれたシャール,所选的夏尔,translated,text,c1c0b1aa9b,br=0 nl=0,
ui/ui/sharl/uil_sns.xml#24788,全シャール,全部夏尔,translated,text,455be5b187,br=0 nl=0,
ui/ui/sharl/uil_thanks.xml#244,■タッチコメント,■触碰留言,translated,text,a62d35659c,br=0 nl=0,
ui/ui/sharl/uil_thanks.xml#396,ここで入力したコメントは、あなたのフレンドがこのシャールにタッチしたときに、シャールの言葉として表示されます。\n（３１文字以内）,在此输入的留言会在好友触碰这只夏尔时，作为夏尔的话语显示。\n（31字以内）,translated,text,c85b706986,br=0 nl=0,src-longest-line=65
ui/ui/sharl/uil_thanks.xml#567,メッセージ,消息,translated,title,6640e4a392,br=0 nl=0,
ui/ui/sharl/uil_thanks.xml#701,タッチしてくれてありがとう！,谢谢你触碰我！,translated,text,685ea702eb,br=0 nl=0,
ui/ui/sharl/uil_time_line.xml#497,ニックネーム１２,昵称１２,translated,text,3b7cc7f00f,br=0 nl=0,
ui/ui/sharl/uil_time_line.xml#729,１２３４５６７８９０あいうえおかきくけこ,１２３４５６７８９０示例文字示例文字示,translated,text,eaf98285dc,br=0 nl=0,
ui/ui/sharl/uil_torophy.xml#218,■勲章一覧,■勋章一览,translated,text,1546a437b9,br=0 nl=0,
ui/ui/sharl/uil_torophy.xml#354,あなたが獲得した勲章の一覧です。,你所获得的勋章一览。,translated,text,f4662f5bf6,br=0 nl=0,
ui/ui/sharl/uil_torophy.xml#726,ニックネーム１２,昵称１２,translated,text,3b7cc7f00f,br=0 nl=0,
ui/ui/sharl/uil_torophy.xml#841,シャールを３体まで増やした記念,夏尔增加到3只纪念,translated,text,2bb00772d7,br=0 nl=0,
ui/ui/sharl/uil_tweet.xml#393,■メール送信,■发送邮件,translated,text,92f3d0da66,br=0 nl=0,
ui/ui/sharl/uil_tweet.xml#765,ニックネーム１２,昵称１２,translated,text,3b7cc7f00f,br=0 nl=0,
ui/ui/sharl/uil_tweet.xml#997,１２３４５６７８９０あいうえおかきくけこ,１２３４５６７８９０示例文字示例文字示,translated,text,eaf98285dc,br=0 nl=0,
ui/ui/sharl/uil_tweet.xml#1744,件名,主题,translated,text,3129c30ec5,br=0 nl=0,
ui/ui/sharl/uil_tweet.xml#1810,件名,主题,translated,title,3129c30ec5,br=0 nl=0,
ui/ui/sharl/uil_tweet.xml#1905,件名を入力する場合はタップしてください,若要输入主题请点击此处,translated,text,8c88d69f80,br=0 nl=0,
ui/ui/sharl/uil_tweet.xml#2023,本文,正文,translated,text,35f496a304,br=0 nl=0,
ui/ui/sharl/uil_tweet.xml#2090,メッセージ,消息,translated,title,6640e4a392,br=0 nl=0,
ui/ui/sharl/uil_tweet.xml#2208,メッセージを入力する場合は\nタップしてください,若要输入消息\n请点击此处,translated,text,bb9e19cd51,br=0 nl=0,
ui/ui/sharl/uil_tweet_view.xml#439,ニックネーム１２,昵称１２,translated,text,3b7cc7f00f,br=0 nl=0,
ui/ui/sharl/uil_tweet_view.xml#667,１２３４５６７８９０あいうえおかきくけこ,１２３４５６７８９０示例文字示例文字示,translated,text,eaf98285dc,br=0 nl=0,
ui/ui/staffroll/uil_staffroll_a.xml#1189,歌姫,歌姬,translated,text,acdbfe60f4,br=0 nl=0,
ui/ui/staffroll/uil_staffroll_a.xml#1246,志方　あきこ,志方 晶子,translated,text,05f122732c,br=0 nl=0,
ui/ui/staffroll/uil_staffroll_a.xml#1368,イオン,依恩,translated,text,90d4718c90,br=0 nl=0,
ui/ui/staffroll/uil_staffroll_a.xml#1424,加隈　亜衣,加隈 亚衣,translated,text,d9fe60a2ce,br=0 nl=0,
ui/ui/staffroll/uil_staffroll_a.xml#1485,カノン,卡诺,translated,text,5a6fa752cb,br=0 nl=0,
ui/ui/staffroll/uil_staffroll_a.xml#1541,井ノ上　奈々,井之上 奈奈,translated,text,159209452b,br=0 nl=0,
ui/ui/staffroll/uil_staffroll_a.xml#1603,ネイ,妮伊,translated,text,dd82b752f9,br=0 nl=0,
ui/ui/staffroll/uil_staffroll_a.xml#1658,内田　真礼,内田 真礼,translated,text,664833d0bc,br=0 nl=0,
ui/ui/staffroll/uil_staffroll_a.xml#1719,ター坊,阿达,translated,text,be218a88e0,br=0 nl=0,
ui/ui/staffroll/uil_staffroll_a.xml#1775,大原　桃子,大原 桃子,translated,text,7805da68da,br=0 nl=0,
ui/ui/staffroll/uil_staffroll_a.xml#1836,キャス,凯斯,translated,text,6f807afcb1,br=0 nl=0,
ui/ui/staffroll/uil_staffroll_a.xml#1892,水瀬　いのり,水濑 祈,translated,text,2c51d41405,br=0 nl=0,
ui/ui/staffroll/uil_staffroll_a.xml#1954,プラム,布拉姆,translated,text,cda3f27071,br=0 nl=0,
ui/ui/staffroll/uil_staffroll_a.xml#2010,岡田　栄美,冈田 荣美,translated,text,2e51b0f20f,br=0 nl=0,
ui/ui/staffroll/uil_staffroll_a.xml#2071,グレイコフ,古雷柯夫,translated,text,0bc2e5489e,br=0 nl=0,
ui/ui/staffroll/uil_staffroll_a.xml#2129,納谷　六朗,纳谷 六朗,translated,text,6631fb09a1,br=0 nl=0,
ui/ui/staffroll/uil_staffroll_a.xml#2190,ルウレイ,鲁雷,translated,text,7b893749e6,br=0 nl=0,
ui/ui/staffroll/uil_staffroll_a.xml#2247,神田　みか,神田 美香,translated,text,3462d5a984,br=0 nl=0,
ui/ui/staffroll/uil_staffroll_a.xml#2308,ねりこ,妮莉库,translated,text,89b50863af,br=0 nl=0,
ui/ui/staffroll/uil_staffroll_a.xml#2424,テレフンケン,泰雷芬肯,translated,text,ce98c0f0ab,br=0 nl=0,
ui/ui/staffroll/uil_staffroll_a.xml#2483,阿久津　加菜,阿久津 加菜,translated,text,49781c7816,br=0 nl=0,
ui/ui/staffroll/uil_staffroll_a.xml#2622,プランナーズセクション,策划部门,translated,text,0d32843cb5,br=0 nl=0,
ui/ui/staffroll/uil_staffroll_a.xml#2690,赤本　憲一,赤本 宪一,translated,text,ad611cf688,br=0 nl=0,
ui/ui/staffroll/uil_staffroll_a.xml#2751,梅田　雅武,梅田 雅武,translated,text,bcb88320ab,br=0 nl=0,
ui/ui/staffroll/uil_staffroll_a.xml#2812,村岡　剛弥,村冈 刚弥,translated,text,0e75a921bc,br=0 nl=0,
ui/ui/staffroll/uil_staffroll_a.xml#2873,加藤　周太,加藤 周太,translated,text,ddca2f6427,br=0 nl=0,
ui/ui/staffroll/uil_staffroll_a.xml#2934,松岡　大樹,松冈 大树,translated,text,d372601979,br=0 nl=0,
ui/ui/staffroll/uil_staffroll_a.xml#2995,田中　俊明,田中 俊明,translated,text,1d00fedc6b,br=0 nl=0,
ui/ui/staffroll/uil_staffroll_a.xml#3056,本田　響己,本田 响己,translated,text,dc0235233e,br=0 nl=0,
ui/ui/staffroll/uil_staffroll_a.xml#3117,プログラマーズセクション,程序员部门,translated,text,44c735ef17,br=0 nl=0,
ui/ui/staffroll/uil_staffroll_a.xml#3186,髙山　雅俊,高山 雅俊,translated,text,2b05fc035d,br=0 nl=0,
ui/ui/staffroll/uil_staffroll_a.xml#3248,金澤　佑介,金泽 佑介,translated,text,2038649a07,br=0 nl=0,
ui/ui/staffroll/uil_staffroll_a.xml#3310,山之口　操,山之口 操,translated,text,b0122ef9d0,br=0 nl=0,
ui/ui/staffroll/uil_staffroll_a.xml#3372,大田　尚明,大田 尚明,translated,text,74d4e53ec8,br=0 nl=0,
ui/ui/staffroll/uil_staffroll_a.xml#3434,難波　亮,难波 亮,translated,text,9377b6d3a4,br=0 nl=0,
ui/ui/staffroll/uil_staffroll_a.xml#3495,臼田　亜斗務,臼田 亚斗务,translated,text,020f1a7e76,br=0 nl=0,
ui/ui/staffroll/uil_staffroll_a.xml#3558,桂山　豪,桂山 豪,translated,text,1c84ff1e78,br=0 nl=0,
ui/ui/staffroll/uil_staffroll_a.xml#3619,佐藤　和也,佐藤 和也,translated,text,30834084ba,br=0 nl=0,
ui/ui/staffroll/uil_staffroll_a.xml#3681,山﨑　康平,山崎 康平,translated,text,ffb250d30a,br=0 nl=0,
ui/ui/staffroll/uil_staffroll_a.xml#3743,山下　真心,山下 真心,translated,text,61f5e37636,br=0 nl=0,
ui/ui/staffroll/uil_staffroll_a.xml#3805,デザイナーズセクション,设计师部门,translated,text,4ec447bf85,br=0 nl=0,
ui/ui/staffroll/uil_staffroll_a.xml#3874,CGディレクター,CG总监,translated,text,13d644da31,br=0 nl=0,
ui/ui/staffroll/uil_staffroll_a.xml#3936,岩瀬　智至,岩濑 智至,translated,text,e639b9e580,br=0 nl=0,
ui/ui/staffroll/uil_staffroll_a.xml#3998,キャラクターモデル,角色模型,translated,text,847a6758ec,br=0 nl=0,
ui/ui/staffroll/uil_staffroll_a.xml#4061,鈴木　康浩,铃木 康浩,translated,text,4ba488d04a,br=0 nl=0,
ui/ui/staffroll/uil_staffroll_a.xml#4123,早﨑　七海,早崎 七海,translated,text,1f6d7c33b0,br=0 nl=0,
ui/ui/staffroll/uil_staffroll_a.xml#4185,背景モデル,背景模型,translated,text,54bea4a2cc,br=0 nl=0,
ui/ui/staffroll/uil_staffroll_a.xml#4244,飯島　理恵,饭岛 理惠,translated,text,deda665c29,br=0 nl=0,
ui/ui/staffroll/uil_staffroll_a.xml#4306,インターフェースデザイン,界面设计,translated,text,c1c661b0bb,br=0 nl=0,
ui/ui/staffroll/uil_staffroll_a.xml#4372,馬場　博美,马场 博美,translated,text,2c333deaa0,br=0 nl=0,
ui/ui/staffroll/uil_staffroll_a.xml#4715,映像編集,影像编辑,translated,text,2bb223e3c0,br=0 nl=0,
ui/ui/staffroll/uil_staffroll_a.xml#4773,有馬　真作,有马 真作,translated,text,e32c2634a1,br=0 nl=0,
ui/ui/staffroll/uil_staffroll_a.xml#4835,斉藤　康信,齐藤 康信,translated,text,70a94fe358,br=0 nl=0,
ui/ui/staffroll/uil_staffroll_a.xml#4897,CG制作管理,CG制作管理,translated,text,4ea12195e3,br=0 nl=0,
ui/ui/staffroll/uil_staffroll_a.xml#4957,江川　弥寿生,江川 弥寿生,translated,text,f368d66cf7,br=0 nl=0,
ui/ui/staffroll/uil_staffroll_a.xml#5020,サウンドセクション,音效部门,translated,text,f692631407,br=0 nl=0,
ui/ui/staffroll/uil_staffroll_a.xml#5087,サウンドディレクター,音效总监,translated,text,87caf5e3c1,br=0 nl=0,
ui/ui/staffroll/uil_staffroll_a.xml#5151,高橋 洋明,高桥 洋明,translated,text,7d715a66f1,br=0 nl=0,
ui/ui/staffroll/uil_staffroll_a.xml#5213,天津光栄特庫摩軟件有限公司,天津光荣特库摩软件有限公司,translated,text,8a7dbadc6f,br=0 nl=0,
ui/ui/staffroll/uil_staffroll_a.xml#5284,デベロップメントマネージャー,开发经理,translated,text,a3540a5b0b,br=0 nl=0,
ui/ui/staffroll/uil_staffroll_a.xml#5352,安　曄,安 晔,translated,text,4b7cd118fa,br=0 nl=0,
ui/ui/staffroll/uil_staffroll_a.xml#5412,陳　皓,陈 皓,translated,text,dc3efeabc9,br=0 nl=0,
ui/ui/staffroll/uil_staffroll_a.xml#5472,プログラマー,程序员,translated,text,00a1706077,br=0 nl=0,
ui/ui/staffroll/uil_staffroll_a.xml#5532,岳　凱,岳 凯,translated,text,632d70a250,br=0 nl=0,
ui/ui/staffroll/uil_staffroll_a.xml#5592,陳　永飛,陈 永飞,translated,text,d262704611,br=0 nl=0,
ui/ui/staffroll/uil_staffroll_a.xml#5653,王　岩,王 岩,translated,text,55dc179b66,br=0 nl=0,
ui/ui/staffroll/uil_staffroll_a.xml#5713,孫　家琛,孙 家琛,translated,text,685b83afc1,br=0 nl=0,
ui/ui/staffroll/uil_staffroll_a.xml#5774,程　青舟,程 青舟,translated,text,27beff94b3,br=0 nl=0,
ui/ui/staffroll/uil_staffroll_a.xml#5835,劉　唯揚,刘 唯扬,translated,text,c2911ed2d9,br=0 nl=0,
ui/ui/staffroll/uil_staffroll_a.xml#5896,張　昊,张 昊,translated,text,275df0df5e,br=0 nl=0,
ui/ui/staffroll/uil_staffroll_a.xml#5956,デザイナー,设计师,translated,text,ed058a1ab0,br=0 nl=0,
ui/ui/staffroll/uil_staffroll_a.xml#6015,田　雪嬌,田 雪娇,translated,text,a11cdcd193,br=0 nl=0,
ui/ui/staffroll/uil_staffroll_a.xml#6076,広報,宣传,translated,text,6746eee8d6,br=0 nl=0,
ui/ui/staffroll/uil_staffroll_a.xml#6136,PRマーケティング,公关营销,translated,text,954a61299a,br=0 nl=0,
ui/ui/staffroll/uil_staffroll_a.xml#6199,吉川　真人,吉川 真人,translated,text,8a2ba50898,br=0 nl=0,
ui/ui/staffroll/uil_staffroll_a.xml#6261,水上　冴理,水上 冴理,translated,text,e4f4fa1d6a,br=0 nl=0,
ui/ui/staffroll/uil_staffroll_a.xml#6323,ソフトウェアマニュアル,软件手册,translated,text,9b5617111b,br=0 nl=0,
ui/ui/staffroll/uil_staffroll_a.xml#6392,加藤　雅大,加藤 雅大,translated,text,91bf91643d,br=0 nl=0,
ui/ui/staffroll/uil_staffroll_a.xml#6454,辻　槙人,辻 槙人,translated,text,c1cb4f06f8,br=0 nl=0,
ui/ui/staffroll/uil_staffroll_a.xml#6515,QAスタッフ,QA人员,translated,text,36ff45b240,br=0 nl=0,
ui/ui/staffroll/uil_staffroll_a.xml#6579,長谷川　茂,长谷川 茂,translated,text,3814329436,br=0 nl=0,
ui/ui/staffroll/uil_staffroll_a.xml#6641,キャラクターデザイン,角色设计,translated,text,34ac32a91f,br=0 nl=0,
ui/ui/staffroll/uil_staffroll_a.xml#6709,キャラクターイラスト,角色插画,translated,text,8ffb0bbffd,br=0 nl=0,
ui/ui/staffroll/uil_staffroll_a.xml#6838,パッケージイラスト,包装插画,translated,text,11036680bc,br=0 nl=0,
ui/ui/staffroll/uil_staffroll_a.xml#6905,フブキ,吹雪,translated,text,40f5527db7,br=0 nl=0,
ui/ui/staffroll/uil_staffroll_a.xml#6965,ワールドデザイン,世界设定设计,translated,text,a0094128c7,br=0 nl=0,
ui/ui/staffroll/uil_staffroll_a.xml#7031,松本　秀幸,松本 秀幸,translated,text,cac6e320dc,br=0 nl=0,
ui/ui/staffroll/uil_staffroll_a.xml#7154,コスチュームデザイン,服装设计,translated,text,b483d19059,br=0 nl=0,
ui/ui/staffroll/uil_staffroll_a.xml#7283,川松　由典,川松 由典,translated,text,654827f5ab,br=0 nl=0,
ui/ui/staffroll/uil_staffroll_a.xml#7345,桑田　ヤスヒロ,桑田 康弘,translated,text,6dec656f3b,br=0 nl=0,
ui/ui/staffroll/uil_staffroll_a.xml#7409,燕藤　ユウ,燕藤 悠,translated,text,8c84789206,br=0 nl=0,
ui/ui/staffroll/uil_staffroll_a.xml#7471,タスクテロップ・SDキャラデザイン,任务字幕・Q版角色设计,translated,text,158e93640f,br=0 nl=0,
ui/ui/staffroll/uil_staffroll_a.xml#7546,芹沢えのの,芹泽 Enono,translated,text,607d0edcc0,br=0 nl=0,
ui/ui/staffroll/uil_staffroll_a.xml#7608,シナリオ・脚本,剧本・脚本,translated,text,5b884ebd35,br=0 nl=0,
ui/ui/staffroll/uil_staffroll_a.xml#7673,夢セカイパート,梦世界部分,translated,text,aea66df668,br=0 nl=0,
ui/ui/staffroll/uil_staffroll_a.xml#7737,脚本,剧本,translated,text,7fbccbeb8a,br=0 nl=0,
ui/ui/staffroll/uil_staffroll_a.xml#7793,和泉　亮,和泉 亮,translated,text,eafef1a497,br=0 nl=0,
ui/ui/staffroll/uil_staffroll_a.xml#7854,花野　十三,花野 十三,translated,text,9990db3f0b,br=0 nl=0,
ui/ui/staffroll/uil_staffroll_a.xml#7916,谷村　大四郎,谷村 大四郎,translated,text,40c336b78f,br=0 nl=0,
ui/ui/staffroll/uil_staffroll_a.xml#8049,デザイン・モデリング・アニメーション,设计・建模・动画,translated,text,38967eaa41,br=0 nl=0,
ui/ui/staffroll/uil_staffroll_a.xml#8125,株式会社FlightUNIT,株式会社FlightUNIT,translated,text,1da69201f4,br=0 nl=0,
ui/ui/staffroll/uil_staffroll_a.xml#8196,キャラクターデザイン,角色设计,translated,text,34ac32a91f,br=0 nl=0,
ui/ui/staffroll/uil_staffroll_a.xml#8321,キャラクターモデリング,角色建模,translated,text,8148a92946,br=0 nl=0,
ui/ui/staffroll/uil_staffroll_a.xml#8386,桑田　まり子,桑田 真理子,translated,text,9a7ef2f3de,br=0 nl=0,
ui/ui/staffroll/uil_staffroll_a.xml#8449,川松　由典,川松 由典,translated,text,654827f5ab,br=0 nl=0,
ui/ui/staffroll/uil_staffroll_a.xml#8511,ワールドモデリング,世界建模,translated,text,8443ae1813,br=0 nl=0,
ui/ui/staffroll/uil_staffroll_a.xml#8635,川松　由典,川松 由典,translated,text,654827f5ab,br=0 nl=0,
ui/ui/staffroll/uil_staffroll_a.xml#8697,シャールデザイン,夏尔设计,translated,text,9d9cefacba,br=0 nl=0,
ui/ui/staffroll/uil_staffroll_a.xml#8820,川松　由典,川松 由典,translated,text,654827f5ab,br=0 nl=0,
ui/ui/staffroll/uil_staffroll_a.xml#8882,シャールモデリング,夏尔建模,translated,text,9e768da080,br=0 nl=0,
ui/ui/staffroll/uil_staffroll_a.xml#8945,川松　由典,川松 由典,translated,text,654827f5ab,br=0 nl=0,
ui/ui/staffroll/uil_staffroll_a.xml#9007,キャラクターアニメーション,角色动画,translated,text,6245f96f88,br=0 nl=0,
ui/ui/staffroll/uil_staffroll_a.xml#9074,山口　力哉,山口 力哉,translated,text,9db200242b,br=0 nl=0,
ui/ui/staffroll/uil_staffroll_a.xml#9136,テクニカルエンジニア,技术工程师,translated,text,1f8b0ef79d,br=0 nl=0,
ui/ui/staffroll/uil_staffroll_a.xml#9200,乱道,乱道,translated,text,afcfc8f99b,br=0 nl=0,
ui/ui/staffroll/uil_staffroll_a.xml#9259,大坪　俊介,大坪 俊介,translated,text,e4a7f6282a,br=0 nl=0,
ui/ui/staffroll/uil_staffroll_a.xml#9321,キャラクターセットアップ,角色装配,translated,text,2d9c1a161a,br=0 nl=0,
ui/ui/staffroll/uil_staffroll_a.xml#9387,大坪　俊介,大坪 俊介,translated,text,e4a7f6282a,br=0 nl=0,
ui/ui/staffroll/uil_staffroll_a.xml#9449,川松　由典,川松 由典,translated,text,654827f5ab,br=0 nl=0,
ui/ui/staffroll/uil_staffroll_a.xml#9511,マネジメント,管理,translated,text,644f6dd8a3,br=0 nl=0,
ui/ui/staffroll/uil_staffroll_a.xml#9571,松本　浩幸,松本 浩幸,translated,text,31c3a3098b,br=0 nl=0,
ui/ui/staffroll/uil_staffroll_a.xml#9633,背景描画,背景绘制,translated,text,7c693fd5dd,br=0 nl=0,
ui/ui/staffroll/uil_staffroll_a.xml#9695,松本　秀幸,松本 秀幸,translated,text,cac6e320dc,br=0 nl=0,
ui/ui/staffroll/uil_staffroll_a.xml#9757,藤野　健,藤野 健,translated,text,c8f847de19,br=0 nl=0,
ui/ui/staffroll/uil_staffroll_a.xml#9818,(千住工房),(千住工房),translated,text,72db564c31,br=0 nl=0,
ui/ui/staffroll/uil_staffroll_a.xml#9881,ムービー制作,影像制作,translated,text,76380644cd,br=0 nl=0,
ui/ui/staffroll/uil_staffroll_a.xml#9945,演出,演出,translated,text,7084a5c4b4,br=0 nl=0,
ui/ui/staffroll/uil_staffroll_a.xml#10001,蜂屋　雅幸,蜂屋 雅幸,translated,text,bacd8a88e9,br=0 nl=0,
ui/ui/staffroll/uil_staffroll_a.xml#10063,制作協力,制作协力,translated,text,06c1dc4d63,br=0 nl=0,
ui/ui/staffroll/uil_staffroll_a.xml#10182,背景,背景,translated,text,b13d33a528,br=0 nl=0,
ui/ui/staffroll/uil_staffroll_a.xml#10238,藤野　健,藤野 健,translated,text,c8f847de19,br=0 nl=0,
ui/ui/staffroll/uil_staffroll_a.xml#10299,(千住工房),(千住工房),translated,text,72db564c31,br=0 nl=0,
ui/ui/staffroll/uil_staffroll_a.xml#10418,蜂屋　雅幸,蜂屋 雅幸,translated,text,bacd8a88e9,br=0 nl=0,
ui/ui/staffroll/uil_staffroll_a.xml#10480,嘉藤　公紀,嘉藤 公纪,translated,text,b11bc7bcd0,br=0 nl=0,
ui/ui/staffroll/uil_staffroll_a.xml#10542,デザイン・グラフィック,设计・平面,translated,text,9c670269cd,br=0 nl=0,
ui/ui/staffroll/uil_staffroll_a.xml#10607,村澤　晴海,村泽 晴海,translated,text,ccc3eb0e5b,br=0 nl=0,
ui/ui/staffroll/uil_staffroll_a.xml#10669,目黒　久美子,目黑 久美子,translated,text,e42a1e5bcf,br=0 nl=0,
ui/ui/staffroll/uil_staffroll_a.xml#10732,制作進行管理,制作进度管理,translated,text,fce087be8d,br=0 nl=0,
ui/ui/staffroll/uil_staffroll_a.xml#10792,高橋　真,高桥 真,translated,text,0418a4adc3,br=0 nl=0,
ui/ui/staffroll/uil_staffroll_a.xml#10853,キャラクターアニメーション,角色动画,translated,text,6245f96f88,br=0 nl=0,
ui/ui/staffroll/uil_staffroll_a.xml#10920,山口　力哉,山口 力哉,translated,text,9db200242b,br=0 nl=0,
ui/ui/staffroll/uil_staffroll_a.xml#10982,大法要祝詞,大法要祝词,translated,text,de34d54786,br=0 nl=0,
ui/ui/staffroll/uil_staffroll_a.xml#11045,協力,协力,translated,text,1a054b3135,br=0 nl=0,
ui/ui/staffroll/uil_staffroll_a.xml#11170,バックグラウンドミュージック,背景音乐,translated,text,a5e60b8440,br=0 nl=0,
ui/ui/staffroll/uil_staffroll_a.xml#11242,コンポーザー,作曲家,translated,text,259843924f,br=0 nl=0,
ui/ui/staffroll/uil_staffroll_a.xml#11302,志方　あきこ,志方 晶子,translated,text,05f122732c,br=0 nl=0,
ui/ui/staffroll/uil_staffroll_a.xml#11571,音響,音效,translated,text,a94ecabc3c,br=0 nl=0,
ui/ui/staffroll/uil_staffroll_a.xml#11631,音響監督,音效总监,translated,text,e4bfb6b35d,br=0 nl=0,
ui/ui/staffroll/uil_staffroll_a.xml#11689,納谷　僚介,纳谷 僚介,translated,text,d0a88d7501,br=0 nl=0,
ui/ui/staffroll/uil_staffroll_a.xml#11751,録音調整,录音调整,translated,text,bdaaaa1218,br=0 nl=0,
ui/ui/staffroll/uil_staffroll_a.xml#11809,田中　直也,田中 直也,translated,text,a61c475fb5,br=0 nl=0,
ui/ui/staffroll/uil_staffroll_a.xml#11871,録音助手,录音助手,translated,text,2cd5fceb80,br=0 nl=0,
ui/ui/staffroll/uil_staffroll_a.xml#11929,三田　颯,三田 飒,translated,text,36385611f0,br=0 nl=0,
ui/ui/staffroll/uil_staffroll_a.xml#11990,道下　彩,道下 彩,translated,text,d5f8dc474d,br=0 nl=0,
ui/ui/staffroll/uil_staffroll_a.xml#12051,宮林　良太,宫林 良太,translated,text,0f70c3cd9a,br=0 nl=0,
ui/ui/staffroll/uil_staffroll_a.xml#12113,音響制作,音效制作,translated,text,3ba07c72e1,br=0 nl=0,
ui/ui/staffroll/uil_staffroll_a.xml#12240,音声編集,音频编辑,translated,text,e38d80f3d6,br=0 nl=0,
ui/ui/staffroll/uil_staffroll_a.xml#12302,株式会社ブレイブハーツ,株式会社Brave Hearts,translated,text,e92fbd661d,br=0 nl=0,
ui/ui/staffroll/uil_staffroll_a.xml#12370,デバッグ,调试,translated,text,93640dad3a,br=0 nl=0,
ui/ui/staffroll/uil_staffroll_a.xml#12432,ポールトゥウィン株式会社,株式会社Pole To Win,translated,text,cda47e17fb,br=0 nl=0,
ui/ui/staffroll/uil_staffroll_a.xml#12501,三田村　理史,三田村 理史,translated,text,471a7652f7,br=0 nl=0,
ui/ui/staffroll/uil_staffroll_a.xml#12564,山崎　乙,山崎 乙,translated,text,8f70623b22,br=0 nl=0,
ui/ui/staffroll/uil_staffroll_a.xml#12625,牧　睦美,牧 睦美,translated,text,36499eaf9d,br=0 nl=0,
ui/ui/staffroll/uil_staffroll_a.xml#12686,木村　知生,木村 知生,translated,text,f4f07268a4,br=0 nl=0,
ui/ui/staffroll/uil_staffroll_a.xml#12748,宮下　廣大,宫下 广大,translated,text,4c64af3cd0,br=0 nl=0,
ui/ui/staffroll/uil_staffroll_a.xml#12810,シェルノサージュ・ゲームパート,Ciel nosurge游戏部分,translated,text,10b5e3746c,br=0 nl=0,
ui/ui/staffroll/uil_staffroll_a.xml#12883,ワールドイラスト,世界插画,translated,text,5cd301b8d2,br=0 nl=0,
ui/ui/staffroll/uil_staffroll_a.xml#12949,松本　秀幸,松本 秀幸,translated,text,cac6e320dc,br=0 nl=0,
ui/ui/staffroll/uil_staffroll_a.xml#13011,加藤　たいら,加藤 泰良,translated,text,06ffb04cd0,br=0 nl=0,
ui/ui/staffroll/uil_staffroll_a.xml#13074,株式会社千住工房,株式会社千住工房,translated,text,3de756af57,br=0 nl=0,
ui/ui/staffroll/uil_staffroll_a.xml#13139,杉本　あゆみ,杉本 亚由美,translated,text,0cc43ca50f,br=0 nl=0,
ui/ui/staffroll/uil_staffroll_a.xml#13202,小林　雅代,小林 雅代,translated,text,b0113f997a,br=0 nl=0,
ui/ui/staffroll/uil_staffroll_a.xml#13264,藤野　健,藤野 健,translated,text,c8f847de19,br=0 nl=0,
ui/ui/staffroll/uil_staffroll_a.xml#13325,山梨　彩子,山梨 彩子,translated,text,b952ec77ac,br=0 nl=0,
ui/ui/staffroll/uil_staffroll_a.xml#13387,株式会社ロジスティックス,株式会社Logistics,translated,text,8ec59442f3,br=0 nl=0,
ui/ui/staffroll/uil_staffroll_a.xml#13456,チーム・ティルドーン,Team TillDawn,translated,text,20dce76a53,br=0 nl=0,
ui/ui/staffroll/uil_staffroll_a.xml#13520,宮越　歩,宫越 步,translated,text,fe37f2f67e,br=0 nl=0,
ui/ui/staffroll/uil_staffroll_a.xml#13581,川松　由典,川松 由典,translated,text,654827f5ab,br=0 nl=0,
ui/ui/staffroll/uil_staffroll_a.xml#13643,シナリオライターセクション,编剧部门,translated,text,a1348aacfb,br=0 nl=0,
ui/ui/staffroll/uil_staffroll_a.xml#13714,夢セカイパート,梦世界部分,translated,text,aea66df668,br=0 nl=0,
ui/ui/staffroll/uil_staffroll_a.xml#13778,脚本,剧本,translated,text,7fbccbeb8a,br=0 nl=0,
ui/ui/staffroll/uil_staffroll_a.xml#13834,谷村　大四郎,谷村 大四郎,translated,text,40c336b78f,br=0 nl=0,
ui/ui/staffroll/uil_staffroll_a.xml#13966,花野　十三 ,花野 十三,translated,text,ec9f16e629,br=0 nl=0,
ui/ui/staffroll/uil_staffroll_a.xml#14091,和泉　亮 ,和泉 亮,translated,text,64981930da,br=0 nl=0,
ui/ui/staffroll/uil_staffroll_a.xml#14216,デザイナーズセクション,设计师部门,translated,text,4ec447bf85,br=0 nl=0,
ui/ui/staffroll/uil_staffroll_a.xml#14285,アイテムCG作成,道具CG制作,translated,text,4959dedafc,br=0 nl=0,
ui/ui/staffroll/uil_staffroll_a.xml#14347,小瀬　希,小濑 希,translated,text,31c8eb4891,br=0 nl=0,
ui/ui/staffroll/uil_staffroll_a.xml#14408,プログラマーズセクション,程序员部门,translated,text,44c735ef17,br=0 nl=0,
ui/ui/staffroll/uil_staffroll_a.xml#14478,【オフライン版制作】,【单机版制作】,translated,text,03d64cac73,br=0 nl=0,
ui/ui/staffroll/uil_staffroll_a.xml#14545,株式会社メテオライズ,株式会社Meteorise,translated,text,61cde65511,br=0 nl=0,
ui/ui/staffroll/uil_staffroll_a.xml#14612,デベロップメントマネージャー,开发经理,translated,text,a3540a5b0b,br=0 nl=0,
ui/ui/staffroll/uil_staffroll_a.xml#14680,渡邉　幸二,渡边 幸二,translated,text,a836876d7e,br=0 nl=0,
ui/ui/staffroll/uil_staffroll_a.xml#14742,リードプログラマー,主程序员,translated,text,9229f02856,br=0 nl=0,
ui/ui/staffroll/uil_staffroll_a.xml#14805,山本　哲也,山本 哲也,translated,text,3f4c63e01f,br=0 nl=0,
ui/ui/staffroll/uil_staffroll_a.xml#14867,新井　朗,新井 朗,translated,text,90f9b443bf,br=0 nl=0,
ui/ui/staffroll/uil_staffroll_a.xml#14928,井出　純平,井出 纯平,translated,text,539eef3cdb,br=0 nl=0,
ui/ui/staffroll/uil_staffroll_a.xml#14990,堀川　雄大,堀川 雄大,translated,text,0427e75ecf,br=0 nl=0,
ui/ui/staffroll/uil_staffroll_a.xml#15052,株式会社メテオライズ,株式会社Meteorise,translated,text,61cde65511,br=0 nl=0,
ui/ui/staffroll/uil_staffroll_a.xml#15119,HTTP ネットワーク モジュール,HTTP网络模块,translated,text,700b00a437,br=0 nl=0,
ui/ui/staffroll/uil_staffroll_a.xml#15190,渡邉　幸二,渡边 幸二,translated,text,a836876d7e,br=0 nl=0,
ui/ui/staffroll/uil_staffroll_a.xml#15252,シャール システム,夏尔系统,translated,text,3000840e0e,br=0 nl=0,
ui/ui/staffroll/uil_staffroll_a.xml#15315,山本　哲也,山本 哲也,translated,text,3f4c63e01f,br=0 nl=0,
ui/ui/staffroll/uil_staffroll_a.xml#15377,株式会社エクストリーム,株式会社Extreme,translated,text,98c9f61cf3,br=0 nl=0,
ui/ui/staffroll/uil_staffroll_a.xml#15445,プログラムサポート,程序支援,translated,text,26d10aad29,br=0 nl=0,
ui/ui/staffroll/uil_staffroll_a.xml#15508,加津間　聡,加津间 聪,translated,text,0781ac921c,br=0 nl=0,
ui/ui/staffroll/uil_staffroll_a.xml#15570,青木　一也,青木 一也,translated,text,c83b05964d,br=0 nl=0,
ui/ui/staffroll/uil_staffroll_a.xml#15632,ネットワークセクション,网络部门,translated,text,4e67a84cd1,br=0 nl=0,
ui/ui/staffroll/uil_staffroll_a.xml#15771,ウェブエンジニア,网页工程师,translated,text,6cb6815dad,br=0 nl=0,
ui/ui/staffroll/uil_staffroll_a.xml#15833,三島　功,三岛 功,translated,text,5b8e07376e,br=0 nl=0,
ui/ui/staffroll/uil_staffroll_a.xml#15894,(株)wizgeek,(株)wizgeek,translated,text,cd5a3764f1,br=0 nl=0,
ui/ui/staffroll/uil_staffroll_a.xml#15961,ウェブオペレーション,网页运维,translated,text,0299d42ed3,br=0 nl=0,
ui/ui/staffroll/uil_staffroll_a.xml#16025,仲田　享司,仲田 享司,translated,text,2a82ae3f5e,br=0 nl=0,
ui/ui/staffroll/uil_staffroll_a.xml#16087,３Ｄモデル＆モーション,3D模型与动作,translated,text,cfca7f34e9,br=0 nl=0,
ui/ui/staffroll/uil_staffroll_a.xml#16156,株式会社FlightUNIT,株式会社FlightUNIT,translated,text,1da69201f4,br=0 nl=0,
ui/ui/staffroll/uil_staffroll_a.xml#16227,アートディレクター,艺术总监,translated,text,c34e651c44,br=0 nl=0,
ui/ui/staffroll/uil_staffroll_a.xml#16351,メイン3Dモデリング,主3D建模,translated,text,7a817aa640,br=0 nl=0,
ui/ui/staffroll/uil_staffroll_a.xml#16476,3Dモデリング,3D建模,translated,text,a9229cb55f,br=0 nl=0,
ui/ui/staffroll/uil_staffroll_a.xml#16537,川松　由典,川松 由典,translated,text,654827f5ab,br=0 nl=0,
ui/ui/staffroll/uil_staffroll_a.xml#16599,桑田　まり子,桑田 真理子,translated,text,9a7ef2f3de,br=0 nl=0,
ui/ui/staffroll/uil_staffroll_a.xml#16662,燕藤　ユウ,燕藤 悠,translated,text,8c84789206,br=0 nl=0,
ui/ui/staffroll/uil_staffroll_a.xml#16724,ワールドモデリング,世界建模,translated,text,8443ae1813,br=0 nl=0,
ui/ui/staffroll/uil_staffroll_a.xml#16787,川松　由典,川松 由典,translated,text,654827f5ab,br=0 nl=0,
ui/ui/staffroll/uil_staffroll_a.xml#16849,大坪　俊介,大坪 俊介,translated,text,e4a7f6282a,br=0 nl=0,
ui/ui/staffroll/uil_staffroll_a.xml#16911,桑田　まり子,桑田 真理子,translated,text,9a7ef2f3de,br=0 nl=0,
ui/ui/staffroll/uil_staffroll_a.xml#16974,シャールデザイン,夏尔设计,translated,text,9d9cefacba,br=0 nl=0,
ui/ui/staffroll/uil_staffroll_a.xml#17097,川松　由典,川松 由典,translated,text,654827f5ab,br=0 nl=0,
ui/ui/staffroll/uil_staffroll_a.xml#17159,シャールモデリング,夏尔建模,translated,text,9e768da080,br=0 nl=0,
ui/ui/staffroll/uil_staffroll_a.xml#17222,川松　由典,川松 由典,translated,text,654827f5ab,br=0 nl=0,
ui/ui/staffroll/uil_staffroll_a.xml#17284,高橋　聖,高桥 圣,translated,text,dfbf0ca1c6,br=0 nl=0,
ui/ui/staffroll/uil_staffroll_a.xml#17345,桑田　まり子,桑田 真理子,translated,text,9a7ef2f3de,br=0 nl=0,
ui/ui/staffroll/uil_staffroll_a.xml#17408,メインアニメーター,主动画师,translated,text,4a9646d5bb,br=0 nl=0,
ui/ui/staffroll/uil_staffroll_a.xml#17471,山口　力哉,山口 力哉,translated,text,9db200242b,br=0 nl=0,
ui/ui/staffroll/uil_staffroll_a.xml#17533,キャラクターアニメーション,角色动画,translated,text,6245f96f88,br=0 nl=0,
ui/ui/staffroll/uil_staffroll_a.xml#17600,矢戸　恵,矢户 惠,translated,text,98bd1a2e46,br=0 nl=0,
ui/ui/staffroll/uil_staffroll_a.xml#17722,イベントプログラム,事件程序,translated,text,45c20cb56a,br=0 nl=0,
ui/ui/staffroll/uil_staffroll_a.xml#17785,乱道,乱道,translated,text,afcfc8f99b,br=0 nl=0,
ui/ui/staffroll/uil_staffroll_a.xml#17844,テクニカルエンジニア,技术工程师,translated,text,1f8b0ef79d,br=0 nl=0,
ui/ui/staffroll/uil_staffroll_a.xml#17908,乱道,乱道,translated,text,afcfc8f99b,br=0 nl=0,
ui/ui/staffroll/uil_staffroll_a.xml#17967,大坪　俊介,大坪 俊介,translated,text,e4a7f6282a,br=0 nl=0,
ui/ui/staffroll/uil_staffroll_a.xml#18029,キャラクターセットアップ,角色装配,translated,text,2d9c1a161a,br=0 nl=0,
ui/ui/staffroll/uil_staffroll_a.xml#18095,大坪　俊介,大坪 俊介,translated,text,e4a7f6282a,br=0 nl=0,
ui/ui/staffroll/uil_staffroll_a.xml#18157,矢戸　恵,矢户 惠,translated,text,98bd1a2e46,br=0 nl=0,
ui/ui/staffroll/uil_staffroll_a.xml#18218,インターフェイスデザイン,界面设计,translated,text,8fe4dab4e8,br=0 nl=0,
ui/ui/staffroll/uil_staffroll_a.xml#18345,桑田　まり子,桑田 真理子,translated,text,9a7ef2f3de,br=0 nl=0,
ui/ui/staffroll/uil_staffroll_a.xml#18408,マネジメント,管理,translated,text,644f6dd8a3,br=0 nl=0,
ui/ui/staffroll/uil_staffroll_a.xml#18468,松本　浩幸,松本 浩幸,translated,text,31c3a3098b,br=0 nl=0,
ui/ui/staffroll/uil_staffroll_a.xml#18530,オープニングムービー,片头影像,translated,text,bddc00b466,br=0 nl=0,
ui/ui/staffroll/uil_staffroll_a.xml#18598,絵コンテ・演出,分镜・演出,translated,text,c1285163f7,br=0 nl=0,
ui/ui/staffroll/uil_staffroll_a.xml#18720,ディレクター　,总监,translated,text,135e67823a,br=0 nl=0,
ui/ui/staffroll/uil_staffroll_a.xml#18781,嘉藤　公紀,嘉藤 公纪,translated,text,b11bc7bcd0,br=0 nl=0,
ui/ui/staffroll/uil_staffroll_a.xml#18899,浅尾　憲治,浅尾 宪治,translated,text,6bc5e803d3,br=0 nl=0,
ui/ui/staffroll/uil_staffroll_a.xml#18961,蜂屋　雅幸,蜂屋 雅幸,translated,text,bacd8a88e9,br=0 nl=0,
ui/ui/staffroll/uil_staffroll_a.xml#19023,森中　亮,森中 亮,translated,text,d2b56e5d7c,br=0 nl=0,
ui/ui/staffroll/uil_staffroll_a.xml#19084,製作,制作,translated,text,53c6bc4ef7,br=0 nl=0,
ui/ui/staffroll/uil_staffroll_a.xml#19140,ポイント・ピクチャーズ,Point Pictures,translated,text,4b9cc20967,br=0 nl=0,
ui/ui/staffroll/uil_staffroll_a.xml#19208,プロモーションムービー,宣传影像,translated,text,375c066366,br=0 nl=0,
ui/ui/staffroll/uil_staffroll_a.xml#19277,ディレクター　,总监,translated,text,135e67823a,br=0 nl=0,
ui/ui/staffroll/uil_staffroll_a.xml#19338,浅尾　憲治,浅尾 宪治,translated,text,6bc5e803d3,br=0 nl=0,
ui/ui/staffroll/uil_staffroll_a.xml#19456,森　進二郞,森 进二郎,translated,text,564356e8ac,br=0 nl=0,
ui/ui/staffroll/uil_staffroll_a.xml#19518,村澤　晴海,村泽 晴海,translated,text,ccc3eb0e5b,br=0 nl=0,
ui/ui/staffroll/uil_staffroll_a.xml#19580,大塚　竹男,大冢 竹男,translated,text,ac5a7c666f,br=0 nl=0,
ui/ui/staffroll/uil_staffroll_a.xml#19642,製作,制作,translated,text,53c6bc4ef7,br=0 nl=0,
ui/ui/staffroll/uil_staffroll_a.xml#19698,ポイント・ピクチャーズ,Point Pictures,translated,text,4b9cc20967,br=0 nl=0,
ui/ui/staffroll/uil_staffroll_a.xml#19766,詩ムービー,诗歌影像,translated,text,03e84567a7,br=0 nl=0,
ui/ui/staffroll/uil_staffroll_a.xml#19829,ディレクター,总监,translated,text,074ca740ff,br=0 nl=0,
ui/ui/staffroll/uil_staffroll_a.xml#19889,絵コンテ・演出,分镜・演出,translated,text,c1285163f7,br=0 nl=0,
ui/ui/staffroll/uil_staffroll_a.xml#20011,キャラクターアニメーション,角色动画,translated,text,6245f96f88,br=0 nl=0,
ui/ui/staffroll/uil_staffroll_a.xml#20139,山口　力哉,山口 力哉,translated,text,9db200242b,br=0 nl=0,
ui/ui/staffroll/uil_staffroll_a.xml#20201,嘉藤　公紀,嘉藤 公纪,translated,text,b11bc7bcd0,br=0 nl=0,
ui/ui/staffroll/uil_staffroll_a.xml#20332,ジェノミライムービー,杰诺米莱伊影像,translated,text,f6e7d2fd93,br=0 nl=0,
ui/ui/staffroll/uil_staffroll_a.xml#20400,制作,制作,translated,text,7d394484ec,br=0 nl=0,
ui/ui/staffroll/uil_staffroll_a.xml#20517,バックグラウンドミュージック,背景音乐,translated,text,a5e60b8440,br=0 nl=0,
ui/ui/staffroll/uil_staffroll_a.xml#20589,ミュージックディレクター,音乐总监,translated,text,d43c0fd3f4,br=0 nl=0,
ui/ui/staffroll/uil_staffroll_a.xml#20655,志方　あきこ,志方 晶子,translated,text,05f122732c,br=0 nl=0,
ui/ui/staffroll/uil_staffroll_a.xml#20718,コンポーザー,作曲家,translated,text,259843924f,br=0 nl=0,
ui/ui/staffroll/uil_staffroll_a.xml#20778,志方　あきこ,志方 晶子,translated,text,05f122732c,br=0 nl=0,
ui/ui/staffroll/uil_staffroll_a.xml#21047,アコースティックギター,原声吉他,translated,text,a7abba5538,br=0 nl=0,
ui/ui/staffroll/uil_staffroll_a.xml#21112,吉田　穣,吉田 穰,translated,text,c4ff906d3c,br=0 nl=0,
ui/ui/staffroll/uil_staffroll_a.xml#21173,エレキギター,电吉他,translated,text,1fa9044665,br=0 nl=0,
ui/ui/staffroll/uil_staffroll_a.xml#21233,吉田　穣,吉田 穰,translated,text,c4ff906d3c,br=0 nl=0,
ui/ui/staffroll/uil_staffroll_a.xml#21294,シタール,锡塔尔琴,translated,text,8f25ffe37e,br=0 nl=0,
ui/ui/staffroll/uil_staffroll_a.xml#21352,吉田　穣,吉田 穰,translated,text,c4ff906d3c,br=0 nl=0,
ui/ui/staffroll/uil_staffroll_a.xml#21413,ヴァイオリン,小提琴,translated,text,668c16f747,br=0 nl=0,
ui/ui/staffroll/uil_staffroll_a.xml#21473,大貫　聖子,大贯 圣子,translated,text,3869a50f95,br=0 nl=0,
ui/ui/staffroll/uil_staffroll_a.xml#21535,音響,音效,translated,text,a94ecabc3c,br=0 nl=0,
ui/ui/staffroll/uil_staffroll_a.xml#21595,音響監督,音效总监,translated,text,e4bfb6b35d,br=0 nl=0,
ui/ui/staffroll/uil_staffroll_a.xml#21653,納谷　僚介,纳谷 僚介,translated,text,d0a88d7501,br=0 nl=0,
ui/ui/staffroll/uil_staffroll_a.xml#21715,録音調整,录音调整,translated,text,bdaaaa1218,br=0 nl=0,
ui/ui/staffroll/uil_staffroll_a.xml#21773,田中　直也,田中 直也,translated,text,a61c475fb5,br=0 nl=0,
ui/ui/staffroll/uil_staffroll_a.xml#21835,録音助手,录音助手,translated,text,2cd5fceb80,br=0 nl=0,
ui/ui/staffroll/uil_staffroll_a.xml#21893,三田　颯,三田 飒,translated,text,36385611f0,br=0 nl=0,
ui/ui/staffroll/uil_staffroll_a.xml#21954,道下　彩,道下 彩,translated,text,d5f8dc474d,br=0 nl=0,
ui/ui/staffroll/uil_staffroll_a.xml#22015,音響制作,音效制作,translated,text,3ba07c72e1,br=0 nl=0,
ui/ui/staffroll/uil_staffroll_a.xml#22142,技術協力,技术协力,translated,text,09ac8b241a,br=0 nl=0,
ui/ui/staffroll/uil_staffroll_a.xml#22204,株式会社ＣＲＩ・ミドルウェア,株式会社CRI Middleware,translated,text,ddfc365935,br=0 nl=0,
ui/ui/staffroll/uil_staffroll_a.xml#22275,代表取締役専務ＣＴＯ,执行董事专务CTO,translated,text,e027789a7b,br=0 nl=0,
ui/ui/staffroll/uil_staffroll_a.xml#22339,押見　正雄,押见 正雄,translated,text,bb3d517d8c,br=0 nl=0,
ui/ui/staffroll/uil_staffroll_a.xml#22463,佐藤　修,佐藤 修,translated,text,8d20a19056,br=0 nl=0,
ui/ui/staffroll/uil_staffroll_a.xml#22524,鈴木　成門,铃木 成门,translated,text,151d8ce7cd,br=0 nl=0,
ui/ui/staffroll/uil_staffroll_a.xml#22586,郷原　亮,乡原 亮,translated,text,edafc04a4c,br=0 nl=0,
ui/ui/staffroll/uil_staffroll_a.xml#22647,水津　達也,水津 达也,translated,text,1b6339ac0a,br=0 nl=0,
ui/ui/staffroll/uil_staffroll_a.xml#22709,田中　孝,田中 孝,translated,text,6a01522493,br=0 nl=0,
ui/ui/staffroll/uil_staffroll_a.xml#22770,薄　　亮,薄 亮,translated,text,9be14828cf,br=0 nl=0,
ui/ui/staffroll/uil_staffroll_a.xml#22831,及川　進,及川 进,translated,text,564af3d63f,br=0 nl=0,
ui/ui/staffroll/uil_staffroll_a.xml#22957,漆畑　祐介,漆畑 佑介,translated,text,7b38215b37,br=0 nl=0,
ui/ui/staffroll/uil_staffroll_a.xml#23019,櫻井　敦史,樱井 敦史,translated,text,56fb1b2ef2,br=0 nl=0,
ui/ui/staffroll/uil_staffroll_a.xml#23142,花房　宏通,花房 宏通,translated,text,b03c5ceac2,br=0 nl=0,
ui/ui/staffroll/uil_staffroll_a.xml#23204,太田　政美,太田 政美,translated,text,84c8d1255b,br=0 nl=0,
ui/ui/staffroll/uil_staffroll_a.xml#23266,渡辺　大輔,渡边 大辅,translated,text,e1ba1468a3,br=0 nl=0,
ui/ui/staffroll/uil_staffroll_a.xml#23396,佐藤　修,佐藤 修,translated,text,8d20a19056,br=0 nl=0,
ui/ui/staffroll/uil_staffroll_a.xml#23458,デバッグ,调试,translated,text,93640dad3a,br=0 nl=0,
ui/ui/staffroll/uil_staffroll_a.xml#23521,ポールトゥウィン株式会社,株式会社Pole To Win,translated,text,cda47e17fb,br=0 nl=0,
ui/ui/staffroll/uil_staffroll_a.xml#23591,三田村 理史,三田村 理史,translated,text,77e158e1ae,br=0 nl=0,
ui/ui/staffroll/uil_staffroll_a.xml#23655,浅田　卓,浅田 卓,translated,text,adcb96dc81,br=0 nl=0,
ui/ui/staffroll/uil_staffroll_a.xml#23717,山崎　乙,山崎 乙,translated,text,8f70623b22,br=0 nl=0,
ui/ui/staffroll/uil_staffroll_a.xml#23779,大井 勇生,大井 勇生,translated,text,fcdda02341,br=0 nl=0,
ui/ui/staffroll/uil_staffroll_a.xml#23842,牧　睦美,牧 睦美,translated,text,36499eaf9d,br=0 nl=0,
ui/ui/staffroll/uil_staffroll_a.xml#23904,木村　知生,木村 知生,translated,text,f4f07268a4,br=0 nl=0,
ui/ui/staffroll/uil_staffroll_a.xml#23967,宮下　廣大,宫下 广大,translated,text,4c64af3cd0,br=0 nl=0,
ui/ui/staffroll/uil_staffroll_a.xml#24030,柴田　裕司,柴田 裕司,translated,text,13fa6f22df,br=0 nl=0,
ui/ui/staffroll/uil_staffroll_a.xml#24093,西原　正洋,西原 正洋,translated,text,1aa88db9f1,br=0 nl=0,
ui/ui/staffroll/uil_staffroll_a.xml#24156,高田　陽介,高田 阳介,translated,text,ec9fea6efa,br=0 nl=0,
ui/ui/staffroll/uil_staffroll_a.xml#24219,澤田　哲也,泽田 哲也,translated,text,bc595385ac,br=0 nl=0,
ui/ui/staffroll/uil_staffroll_a.xml#24282,渡邊　さや,渡边 沙耶,translated,text,a3fb83c85e,br=0 nl=0,
ui/ui/staffroll/uil_staffroll_a.xml#24345,山谷　武,山谷 武,translated,text,254588c758,br=0 nl=0,
ui/ui/staffroll/uil_staffroll_a.xml#24407,小川　早苗,小川 早苗,translated,text,116301b38a,br=0 nl=0,
ui/ui/staffroll/uil_staffroll_a.xml#24470,村川　雄一郎,村川 雄一郎,translated,text,93fd06889d,br=0 nl=0,
ui/ui/staffroll/uil_staffroll_a.xml#24534,挿入歌,插曲,translated,text,43505f0b2e,br=0 nl=0,
ui/ui/staffroll/uil_staffroll_a.xml#24596,#00『謳無き丘へ～Introduce Ver.～』,#00‘致无鸣之丘～Introduce Ver.～’,translated,text,abf88f0aa3,br=0 nl=0,src-longest-line=26
ui/ui/staffroll/uil_staffroll_a.xml#24680,ヴォーカル,主唱,translated,text,a9d22c4f25,br=0 nl=0,
ui/ui/staffroll/uil_staffroll_a.xml#24740,志方　あきこ,志方 晶子,translated,text,05f122732c,br=0 nl=0,
ui/ui/staffroll/uil_staffroll_a.xml#24804,コーラス,和声,translated,text,e6f23f00bd,br=0 nl=0,
ui/ui/staffroll/uil_staffroll_a.xml#24863,志方　あきこ,志方 晶子,translated,text,05f122732c,br=0 nl=0,
ui/ui/staffroll/uil_staffroll_a.xml#24927,作詞,作词,translated,text,37dd0a71d2,br=0 nl=0,
ui/ui/staffroll/uil_staffroll_a.xml#24984,土屋　暁,土屋 晓,translated,text,21998e95cc,br=0 nl=0,
ui/ui/staffroll/uil_staffroll_a.xml#25046,作曲,作曲,translated,text,779e678323,br=0 nl=0,
ui/ui/staffroll/uil_staffroll_a.xml#25103,土屋　暁,土屋 晓,translated,text,21998e95cc,br=0 nl=0,
ui/ui/staffroll/uil_staffroll_a.xml#25165,編曲,编曲,translated,text,0d9b094937,br=0 nl=0,
ui/ui/staffroll/uil_staffroll_a.xml#25222,志方　あきこ,志方 晶子,translated,text,05f122732c,br=0 nl=0,
ui/ui/staffroll/uil_staffroll_a.xml#25286,アコースティックギター,原声吉他,translated,text,a7abba5538,br=0 nl=0,
ui/ui/staffroll/uil_staffroll_a.xml#25352,田代　耕一郎,田代 耕一郎,translated,text,2b32bdbfd2,br=0 nl=0,
ui/ui/staffroll/uil_staffroll_a.xml#25416,アイリッシュブズーキー,爱尔兰布祖基琴,translated,text,d1c4382eb2,br=0 nl=0,
ui/ui/staffroll/uil_staffroll_a.xml#25482,田代　耕一郎,田代 耕一郎,translated,text,2b32bdbfd2,br=0 nl=0,
ui/ui/staffroll/uil_staffroll_a.xml#25621,ヴォーカル,主唱,translated,text,a9d22c4f25,br=0 nl=0,
ui/ui/staffroll/uil_staffroll_a.xml#25681,志方　あきこ,志方 晶子,translated,text,05f122732c,br=0 nl=0,
ui/ui/staffroll/uil_staffroll_a.xml#25745,コーラス,和声,translated,text,e6f23f00bd,br=0 nl=0,
ui/ui/staffroll/uil_staffroll_a.xml#25804,志方　あきこ,志方 晶子,translated,text,05f122732c,br=0 nl=0,
ui/ui/staffroll/uil_staffroll_a.xml#25868,作詞,作词,translated,text,37dd0a71d2,br=0 nl=0,
ui/ui/staffroll/uil_staffroll_a.xml#25925,志方　あきこ,志方 晶子,translated,text,05f122732c,br=0 nl=0,
ui/ui/staffroll/uil_staffroll_a.xml#25989,作曲,作曲,translated,text,779e678323,br=0 nl=0,
ui/ui/staffroll/uil_staffroll_a.xml#26046,志方　あきこ,志方 晶子,translated,text,05f122732c,br=0 nl=0,
ui/ui/staffroll/uil_staffroll_a.xml#26110,編曲,编曲,translated,text,0d9b094937,br=0 nl=0,
ui/ui/staffroll/uil_staffroll_a.xml#26167,志方　あきこ,志方 晶子,translated,text,05f122732c,br=0 nl=0,
ui/ui/staffroll/uil_staffroll_a.xml#26231,アコースティックギター,原声吉他,translated,text,a7abba5538,br=0 nl=0,
ui/ui/staffroll/uil_staffroll_a.xml#26297,田代　耕一郎,田代 耕一郎,translated,text,2b32bdbfd2,br=0 nl=0,
ui/ui/staffroll/uil_staffroll_a.xml#26361,カンテレ,康特勒琴,translated,text,99e23b542c,br=0 nl=0,
ui/ui/staffroll/uil_staffroll_a.xml#26420,田代　耕一郎,田代 耕一郎,translated,text,2b32bdbfd2,br=0 nl=0,
ui/ui/staffroll/uil_staffroll_a.xml#26484,パーカッション,打击乐,translated,text,b5c517e01d,br=0 nl=0,
ui/ui/staffroll/uil_staffroll_a.xml#26546,大石　真理恵,大石 真理惠,translated,text,59c84c61d6,br=0 nl=0,
ui/ui/staffroll/uil_staffroll_a.xml#26610,筝,筝,translated,text,e09f68108a,br=0 nl=0,
ui/ui/staffroll/uil_staffroll_a.xml#26666,中垣　雅葉,中垣 雅叶,translated,text,ec00152ffc,br=0 nl=0,
ui/ui/staffroll/uil_staffroll_a.xml#26729,レコーディング＆ミキシング,录音与混音,translated,text,45498df2df,br=0 nl=0,
ui/ui/staffroll/uil_staffroll_a.xml#26868,レコーディングスタジオ,录音室,translated,text,b25eb16dcb,br=0 nl=0,
ui/ui/staffroll/uil_staffroll_a.xml#27070,レコーディング&,录音&,translated,text,f841bcf365,br=0 nl=0,
ui/ui/staffroll/uil_staffroll_a.xml#27133,　　ミキシングエンジニア,混音工程师,translated,text,18ef1f1a8b,br=0 nl=0,
ui/ui/staffroll/uil_staffroll_a.xml#27200,南　直行,南 直行,translated,text,2d56d70010,br=0 nl=0,
ui/ui/staffroll/uil_staffroll_a.xml#27262,楽曲制作協力,乐曲制作协力,translated,text,72ede6daac,br=0 nl=0,
ui/ui/staffroll/uil_staffroll_a.xml#27327,株式会社フロンティアワークス,株式会社Frontier Works,translated,text,36d73077b6,br=0 nl=0,
ui/ui/staffroll/uil_staffroll_a.xml#27399,吉川　明,吉川 明,translated,text,2768ebf8a1,br=0 nl=0,
ui/ui/staffroll/uil_staffroll_a.xml#27461,小柳　豊,小柳 丰,translated,text,e59cd8c7b8,br=0 nl=0,
ui/ui/staffroll/uil_staffroll_a.xml#27654,田中　雅之,田中 雅之,translated,text,21736bbf23,br=0 nl=0,
ui/ui/staffroll/uil_staffroll_a.xml#27717,矢野　正明,矢野 正明,translated,text,78cf186a67,br=0 nl=0,
ui/ui/staffroll/uil_staffroll_a.xml#27780,谷川　雄紀,谷川 雄纪,translated,text,4f95b894a6,br=0 nl=0,
ui/ui/staffroll/uil_staffroll_a.xml#27843,髙橋　朝子,高桥 朝子,translated,text,77e6958b96,br=0 nl=0,
ui/ui/staffroll/uil_staffroll_a.xml#27906,本間　詩織,本间 诗织,translated,text,e70cd6c951,br=0 nl=0,
ui/ui/staffroll/uil_staffroll_a.xml#27969,佐々　梨花,佐佐 梨花,translated,text,030ff13e01,br=0 nl=0,
ui/ui/staffroll/uil_staffroll_a.xml#28032,生田　善子,生田 善子,translated,text,6a6fba474e,br=0 nl=0,
ui/ui/staffroll/uil_staffroll_a.xml#28095,松　　聖花,松 圣花,translated,text,ea05a4fd84,br=0 nl=0,
ui/ui/staffroll/uil_staffroll_a.xml#28158,音響,音效,translated,text,a94ecabc3c,br=0 nl=0,
ui/ui/staffroll/uil_staffroll_a.xml#28218,演出・キャスティング,演出・选角,translated,text,383d1bfa00,br=0 nl=0,
ui/ui/staffroll/uil_staffroll_a.xml#28283,関　智寛,关 智宽,translated,text,f1a5e773f2,br=0 nl=0,
ui/ui/staffroll/uil_staffroll_a.xml#28345,ミキサー,调音师,translated,text,61f92a39b5,br=0 nl=0,
ui/ui/staffroll/uil_staffroll_a.xml#28404,熊倉　亨,熊仓 亨,translated,text,509916c5a3,br=0 nl=0,
ui/ui/staffroll/uil_staffroll_a.xml#28466,音響制作,音效制作,translated,text,3ba07c72e1,br=0 nl=0,
ui/ui/staffroll/uil_staffroll_a.xml#28590,キャスティング協力,选角协力,translated,text,3c32e0140a,br=0 nl=0,
ui/ui/staffroll/uil_staffroll_a.xml#28654,松本　恵,松本 惠,translated,text,432387780b,br=0 nl=0,
ui/ui/staffroll/uil_staffroll_a.xml#28781,協力,协力,translated,text,1a054b3135,br=0 nl=0,
ui/ui/staffroll/uil_staffroll_a.xml#28842,(株)wizgeek,(株)wizgeek,translated,text,cd5a3764f1,br=0 nl=0,
ui/ui/staffroll/uil_staffroll_a.xml#28908,株式会社エクストリーム,株式会社Extreme,translated,text,98c9f61cf3,br=0 nl=0,
ui/ui/staffroll/uil_staffroll_a.xml#28975,株式会社ＣＲＩ・ミドルウェア,株式会社CRI Middleware,translated,text,ddfc365935,br=0 nl=0,
ui/ui/staffroll/uil_staffroll_a.xml#29113,株式会社千住工房,株式会社千住工房,translated,text,3de756af57,br=0 nl=0,
ui/ui/staffroll/uil_staffroll_a.xml#29246,株式会社FlightUNIT,株式会社FlightUNIT,translated,text,1da69201f4,br=0 nl=0,
ui/ui/staffroll/uil_staffroll_a.xml#29316,株式会社メテオライズ,株式会社Meteorise,translated,text,61cde65511,br=0 nl=0,
ui/ui/staffroll/uil_staffroll_a.xml#29382,株式会社フロンティアワークス,株式会社Frontier Works,translated,text,36d73077b6,br=0 nl=0,
ui/ui/staffroll/uil_staffroll_a.xml#29452,株式会社ポイントピクチャーズ,株式会社Point Pictures,translated,text,f8ac729aec,br=0 nl=0,
ui/ui/staffroll/uil_staffroll_a.xml#29522,ポールトゥウィン株式会社,株式会社Pole To Win,translated,text,cda47e17fb,br=0 nl=0,
ui/ui/staffroll/uil_staffroll_a.xml#29590,株式会社ロジスティックス,株式会社Logistics,translated,text,8ec59442f3,br=0 nl=0,
ui/ui/staffroll/uil_staffroll_a.xml#29658,株式会社プロダクション・アイジー,株式会社Production I.G,translated,text,84204edff3,br=0 nl=0,
ui/ui/staffroll/uil_staffroll_a.xml#29730,天津光栄特庫摩軟件有限公司,天津光荣特库摩软件有限公司,translated,text,8a7dbadc6f,br=0 nl=0,
ui/ui/staffroll/uil_staffroll_a.xml#29799,天津天匠動画科技有限公司,天津天匠动画科技有限公司,translated,text,14335be04d,br=0 nl=0,
ui/ui/staffroll/uil_staffroll_a.xml#29867,フォントワークス株式会社,Fontworks株式会社,translated,text,b1c83f97c7,br=0 nl=0,
ui/ui/staffroll/uil_staffroll_a.xml#30098,ディレクター,总监,translated,text,074ca740ff,br=0 nl=0,
ui/ui/staffroll/uil_staffroll_a.xml#30163,高野　雅文,高野 雅文,translated,text,e0f6ad1a3a,br=0 nl=0,
ui/ui/staffroll/uil_staffroll_a.xml#30226,開発プロデューサー,开发制作人,translated,text,763f21e64e,br=0 nl=0,
ui/ui/staffroll/uil_staffroll_a.xml#30294,細井  順三,细井 顺三,translated,text,014085680c,br=0 nl=0,
ui/ui/staffroll/uil_staffroll_a.xml#30358,総合プロデューサー,总制作人,translated,text,893701ac7c,br=0 nl=0,
ui/ui/staffroll/uil_staffroll_a.xml#30426,土屋  暁,土屋 晓,translated,text,dd0b0dada2,br=0 nl=0,
ui/ui/staffroll/uil_staffroll_a.xml#30489,エグゼクティブプロデューサー,执行制作人,translated,text,5e38e342d6,br=0 nl=0,
ui/ui/staffroll/uil_staffroll_a.xml#30562,鯉沼 久史,鲤沼 久史,translated,text,04514697bf,br=0 nl=0,
ui/ui/staffroll/uil_staffroll_a.xml#30625,製作,制作,translated,text,53c6bc4ef7,br=0 nl=0,
ui/ui/staffroll/uil_staffroll_a.xml#30686,株式会社コーエーテクモゲームス,株式会社光荣特库摩游戏,translated,text,be816b716d,br=0 nl=0,
ui/ui/staffroll/uil_staffroll_b.xml#1243,歌姫,歌姬,translated,text,acdbfe60f4,br=0 nl=0,
ui/ui/staffroll/uil_staffroll_b.xml#1300,志方　あきこ,志方 晶子,translated,text,05f122732c,br=0 nl=0,
ui/ui/staffroll/uil_staffroll_b.xml#1361,城　南海,城 南海,translated,text,0326f175b4,br=0 nl=0,
ui/ui/staffroll/uil_staffroll_b.xml#1481,イオン,依恩,translated,text,90d4718c90,br=0 nl=0,
ui/ui/staffroll/uil_staffroll_b.xml#1537,加隈　亜衣,加隈 亚衣,translated,text,d9fe60a2ce,br=0 nl=0,
ui/ui/staffroll/uil_staffroll_b.xml#1598,カノン,卡诺,translated,text,5a6fa752cb,br=0 nl=0,
ui/ui/staffroll/uil_staffroll_b.xml#1654,井ノ上　奈々,井之上 奈奈,translated,text,159209452b,br=0 nl=0,
ui/ui/staffroll/uil_staffroll_b.xml#1716,ネイ,妮伊,translated,text,dd82b752f9,br=0 nl=0,
ui/ui/staffroll/uil_staffroll_b.xml#1771,内田　真礼,内田 真礼,translated,text,664833d0bc,br=0 nl=0,
ui/ui/staffroll/uil_staffroll_b.xml#1832,ター坊,阿达,translated,text,be218a88e0,br=0 nl=0,
ui/ui/staffroll/uil_staffroll_b.xml#1888,大原　桃子,大原 桃子,translated,text,7805da68da,br=0 nl=0,
ui/ui/staffroll/uil_staffroll_b.xml#1949,グレイコフ,古雷柯夫,translated,text,0bc2e5489e,br=0 nl=0,
ui/ui/staffroll/uil_staffroll_b.xml#2007,納谷　六朗,纳谷 六朗,translated,text,6631fb09a1,br=0 nl=0,
ui/ui/staffroll/uil_staffroll_b.xml#2068,ネプツール,尼普楚尔,translated,text,d29af0da13,br=0 nl=0,
ui/ui/staffroll/uil_staffroll_b.xml#2126,楠見　尚己,楠见 尚己,translated,text,11b6f441ad,br=0 nl=0,
ui/ui/staffroll/uil_staffroll_b.xml#2187,クーリン,库琳,translated,text,1c6f5779b8,br=0 nl=0,
ui/ui/staffroll/uil_staffroll_b.xml#2244,新垣　樽助,新垣 樽助,translated,text,d639834023,br=0 nl=0,
ui/ui/staffroll/uil_staffroll_b.xml#2305,パラライノ,帕拉莱诺,translated,text,989c105a5b,br=0 nl=0,
ui/ui/staffroll/uil_staffroll_b.xml#2363,森谷　里美,森谷 里美,translated,text,b1ce9ad2ab,br=0 nl=0,
ui/ui/staffroll/uil_staffroll_b.xml#2424,ねりこ,妮莉库,translated,text,89b50863af,br=0 nl=0,
ui/ui/staffroll/uil_staffroll_b.xml#2540,テレフンケン,泰雷芬肯,translated,text,ce98c0f0ab,br=0 nl=0,
ui/ui/staffroll/uil_staffroll_b.xml#2599,阿久津　加菜,阿久津 加菜,translated,text,49781c7816,br=0 nl=0,
ui/ui/staffroll/uil_staffroll_b.xml#2738,プランナーズセクション,策划部门,translated,text,0d32843cb5,br=0 nl=0,
ui/ui/staffroll/uil_staffroll_b.xml#2806,赤本　憲一,赤本 宪一,translated,text,ad611cf688,br=0 nl=0,
ui/ui/staffroll/uil_staffroll_b.xml#2867,梅田　雅武,梅田 雅武,translated,text,bcb88320ab,br=0 nl=0,
ui/ui/staffroll/uil_staffroll_b.xml#2928,村岡　剛弥,村冈 刚弥,translated,text,0e75a921bc,br=0 nl=0,
ui/ui/staffroll/uil_staffroll_b.xml#2989,加藤　周太,加藤 周太,translated,text,ddca2f6427,br=0 nl=0,
ui/ui/staffroll/uil_staffroll_b.xml#3050,松岡　大樹,松冈 大树,translated,text,d372601979,br=0 nl=0,
ui/ui/staffroll/uil_staffroll_b.xml#3111,田中　俊明,田中 俊明,translated,text,1d00fedc6b,br=0 nl=0,
ui/ui/staffroll/uil_staffroll_b.xml#3172,本田　響己,本田 响己,translated,text,dc0235233e,br=0 nl=0,
ui/ui/staffroll/uil_staffroll_b.xml#3233,プログラマーズセクション,程序员部门,translated,text,44c735ef17,br=0 nl=0,
ui/ui/staffroll/uil_staffroll_b.xml#3303,髙山　雅俊,高山 雅俊,translated,text,2b05fc035d,br=0 nl=0,
ui/ui/staffroll/uil_staffroll_b.xml#3365,金澤　佑介,金泽 佑介,translated,text,2038649a07,br=0 nl=0,
ui/ui/staffroll/uil_staffroll_b.xml#3427,山之口　操,山之口 操,translated,text,b0122ef9d0,br=0 nl=0,
ui/ui/staffroll/uil_staffroll_b.xml#3489,大田　尚明,大田 尚明,translated,text,74d4e53ec8,br=0 nl=0,
ui/ui/staffroll/uil_staffroll_b.xml#3551,難波　亮,难波 亮,translated,text,9377b6d3a4,br=0 nl=0,
ui/ui/staffroll/uil_staffroll_b.xml#3612,臼田　亜斗務,臼田 亚斗务,translated,text,020f1a7e76,br=0 nl=0,
ui/ui/staffroll/uil_staffroll_b.xml#3675,桂山　豪,桂山 豪,translated,text,1c84ff1e78,br=0 nl=0,
ui/ui/staffroll/uil_staffroll_b.xml#3736,佐藤　和也,佐藤 和也,translated,text,30834084ba,br=0 nl=0,
ui/ui/staffroll/uil_staffroll_b.xml#3798,山﨑　康平,山崎 康平,translated,text,ffb250d30a,br=0 nl=0,
ui/ui/staffroll/uil_staffroll_b.xml#3860,山下　真心,山下 真心,translated,text,61f5e37636,br=0 nl=0,
ui/ui/staffroll/uil_staffroll_b.xml#3922,デザイナーズセクション,设计师部门,translated,text,4ec447bf85,br=0 nl=0,
ui/ui/staffroll/uil_staffroll_b.xml#3991,CGディレクター,CG总监,translated,text,13d644da31,br=0 nl=0,
ui/ui/staffroll/uil_staffroll_b.xml#4053,岩瀬　智至,岩濑 智至,translated,text,e639b9e580,br=0 nl=0,
ui/ui/staffroll/uil_staffroll_b.xml#4115,キャラクターモデル,角色模型,translated,text,847a6758ec,br=0 nl=0,
ui/ui/staffroll/uil_staffroll_b.xml#4178,鈴木　康浩,铃木 康浩,translated,text,4ba488d04a,br=0 nl=0,
ui/ui/staffroll/uil_staffroll_b.xml#4240,早﨑　七海,早崎 七海,translated,text,1f6d7c33b0,br=0 nl=0,
ui/ui/staffroll/uil_staffroll_b.xml#4302,背景モデル,背景模型,translated,text,54bea4a2cc,br=0 nl=0,
ui/ui/staffroll/uil_staffroll_b.xml#4361,飯島　理恵,饭岛 理惠,translated,text,deda665c29,br=0 nl=0,
ui/ui/staffroll/uil_staffroll_b.xml#4423,インターフェースデザイン,界面设计,translated,text,c1c661b0bb,br=0 nl=0,
ui/ui/staffroll/uil_staffroll_b.xml#4489,馬場　博美,马场 博美,translated,text,2c333deaa0,br=0 nl=0,
ui/ui/staffroll/uil_staffroll_b.xml#4831,映像編集,影像编辑,translated,text,2bb223e3c0,br=0 nl=0,
ui/ui/staffroll/uil_staffroll_b.xml#4889,有馬　真作,有马 真作,translated,text,e32c2634a1,br=0 nl=0,
ui/ui/staffroll/uil_staffroll_b.xml#4951,斉藤　康信,齐藤 康信,translated,text,70a94fe358,br=0 nl=0,
ui/ui/staffroll/uil_staffroll_b.xml#5013,CG制作管理,CG制作管理,translated,text,4ea12195e3,br=0 nl=0,
ui/ui/staffroll/uil_staffroll_b.xml#5073,江川　弥寿生,江川 弥寿生,translated,text,f368d66cf7,br=0 nl=0,
ui/ui/staffroll/uil_staffroll_b.xml#5136,サウンドセクション,音效部门,translated,text,f692631407,br=0 nl=0,
ui/ui/staffroll/uil_staffroll_b.xml#5203,サウンドディレクター,音效总监,translated,text,87caf5e3c1,br=0 nl=0,
ui/ui/staffroll/uil_staffroll_b.xml#5267,高橋 洋明,高桥 洋明,translated,text,7d715a66f1,br=0 nl=0,
ui/ui/staffroll/uil_staffroll_b.xml#5329,天津光栄特庫摩軟件有限公司,天津光荣特库摩软件有限公司,translated,text,8a7dbadc6f,br=0 nl=0,
ui/ui/staffroll/uil_staffroll_b.xml#5400,デベロップメントマネージャー,开发经理,translated,text,a3540a5b0b,br=0 nl=0,
ui/ui/staffroll/uil_staffroll_b.xml#5468,安　曄,安 晔,translated,text,4b7cd118fa,br=0 nl=0,
ui/ui/staffroll/uil_staffroll_b.xml#5528,陳　皓,陈 皓,translated,text,dc3efeabc9,br=0 nl=0,
ui/ui/staffroll/uil_staffroll_b.xml#5588,プログラマー,程序员,translated,text,00a1706077,br=0 nl=0,
ui/ui/staffroll/uil_staffroll_b.xml#5648,岳　凱,岳 凯,translated,text,632d70a250,br=0 nl=0,
ui/ui/staffroll/uil_staffroll_b.xml#5708,陳　永飛,陈 永飞,translated,text,d262704611,br=0 nl=0,
ui/ui/staffroll/uil_staffroll_b.xml#5769,王　岩,王 岩,translated,text,55dc179b66,br=0 nl=0,
ui/ui/staffroll/uil_staffroll_b.xml#5829,孫　家琛,孙 家琛,translated,text,685b83afc1,br=0 nl=0,
ui/ui/staffroll/uil_staffroll_b.xml#5890,程　青舟,程 青舟,translated,text,27beff94b3,br=0 nl=0,
ui/ui/staffroll/uil_staffroll_b.xml#5951,劉　唯揚,刘 唯扬,translated,text,c2911ed2d9,br=0 nl=0,
ui/ui/staffroll/uil_staffroll_b.xml#6012,張　昊,张 昊,translated,text,275df0df5e,br=0 nl=0,
ui/ui/staffroll/uil_staffroll_b.xml#6072,デザイナー,设计师,translated,text,ed058a1ab0,br=0 nl=0,
ui/ui/staffroll/uil_staffroll_b.xml#6131,田　雪嬌,田 雪娇,translated,text,a11cdcd193,br=0 nl=0,
ui/ui/staffroll/uil_staffroll_b.xml#6192,広報,宣传,translated,text,6746eee8d6,br=0 nl=0,
ui/ui/staffroll/uil_staffroll_b.xml#6252,PRマーケティング,公关营销,translated,text,954a61299a,br=0 nl=0,
ui/ui/staffroll/uil_staffroll_b.xml#6315,吉川　真人,吉川 真人,translated,text,8a2ba50898,br=0 nl=0,
ui/ui/staffroll/uil_staffroll_b.xml#6377,水上　冴理,水上 冴理,translated,text,e4f4fa1d6a,br=0 nl=0,
ui/ui/staffroll/uil_staffroll_b.xml#6439,ソフトウェアマニュアル,软件手册,translated,text,9b5617111b,br=0 nl=0,
ui/ui/staffroll/uil_staffroll_b.xml#6508,加藤　雅大,加藤 雅大,translated,text,91bf91643d,br=0 nl=0,
ui/ui/staffroll/uil_staffroll_b.xml#6570,辻　槙人,辻 槙人,translated,text,c1cb4f06f8,br=0 nl=0,
ui/ui/staffroll/uil_staffroll_b.xml#6631,QAスタッフ,QA人员,translated,text,36ff45b240,br=0 nl=0,
ui/ui/staffroll/uil_staffroll_b.xml#6695,長谷川　茂,长谷川 茂,translated,text,3814329436,br=0 nl=0,
ui/ui/staffroll/uil_staffroll_b.xml#6757,キャラクターデザイン,角色设计,translated,text,34ac32a91f,br=0 nl=0,
ui/ui/staffroll/uil_staffroll_b.xml#6825,キャラクターイラスト,角色插画,translated,text,8ffb0bbffd,br=0 nl=0,
ui/ui/staffroll/uil_staffroll_b.xml#6954,パッケージイラスト,包装插画,translated,text,11036680bc,br=0 nl=0,
ui/ui/staffroll/uil_staffroll_b.xml#7021,フブキ,吹雪,translated,text,40f5527db7,br=0 nl=0,
ui/ui/staffroll/uil_staffroll_b.xml#7081,ワールドデザイン,世界设定设计,translated,text,a0094128c7,br=0 nl=0,
ui/ui/staffroll/uil_staffroll_b.xml#7147,松本　秀幸,松本 秀幸,translated,text,cac6e320dc,br=0 nl=0,
ui/ui/staffroll/uil_staffroll_b.xml#7270,コスチュームデザイン,服装设计,translated,text,b483d19059,br=0 nl=0,
ui/ui/staffroll/uil_staffroll_b.xml#7399,川松　由典,川松 由典,translated,text,654827f5ab,br=0 nl=0,
ui/ui/staffroll/uil_staffroll_b.xml#7461,桑田　ヤスヒロ,桑田 康弘,translated,text,6dec656f3b,br=0 nl=0,
ui/ui/staffroll/uil_staffroll_b.xml#7525,燕藤　ユウ,燕藤 悠,translated,text,8c84789206,br=0 nl=0,
ui/ui/staffroll/uil_staffroll_b.xml#7587,タスクテロップ・SDキャラデザイン,任务字幕・Q版角色设计,translated,text,158e93640f,br=0 nl=0,
ui/ui/staffroll/uil_staffroll_b.xml#7662,芹沢えのの,芹泽 Enono,translated,text,607d0edcc0,br=0 nl=0,
ui/ui/staffroll/uil_staffroll_b.xml#7724,シナリオ・脚本,剧本・脚本,translated,text,5b884ebd35,br=0 nl=0,
ui/ui/staffroll/uil_staffroll_b.xml#7789,夢セカイパート,梦世界部分,translated,text,aea66df668,br=0 nl=0,
ui/ui/staffroll/uil_staffroll_b.xml#7853,脚本,剧本,translated,text,7fbccbeb8a,br=0 nl=0,
ui/ui/staffroll/uil_staffroll_b.xml#7909,和泉　亮,和泉 亮,translated,text,eafef1a497,br=0 nl=0,
ui/ui/staffroll/uil_staffroll_b.xml#7970,花野　十三,花野 十三,translated,text,9990db3f0b,br=0 nl=0,
ui/ui/staffroll/uil_staffroll_b.xml#8032,谷村　大四郎,谷村 大四郎,translated,text,40c336b78f,br=0 nl=0,
ui/ui/staffroll/uil_staffroll_b.xml#8165,デザイン・モデリング・アニメーション,设计・建模・动画,translated,text,38967eaa41,br=0 nl=0,
ui/ui/staffroll/uil_staffroll_b.xml#8241,株式会社FlightUNIT,株式会社FlightUNIT,translated,text,1da69201f4,br=0 nl=0,
ui/ui/staffroll/uil_staffroll_b.xml#8312,キャラクターデザイン,角色设计,translated,text,34ac32a91f,br=0 nl=0,
ui/ui/staffroll/uil_staffroll_b.xml#8437,キャラクターモデリング,角色建模,translated,text,8148a92946,br=0 nl=0,
ui/ui/staffroll/uil_staffroll_b.xml#8502,桑田　まり子,桑田 真理子,translated,text,9a7ef2f3de,br=0 nl=0,
ui/ui/staffroll/uil_staffroll_b.xml#8565,川松　由典,川松 由典,translated,text,654827f5ab,br=0 nl=0,
ui/ui/staffroll/uil_staffroll_b.xml#8627,ワールドモデリング,世界建模,translated,text,8443ae1813,br=0 nl=0,
ui/ui/staffroll/uil_staffroll_b.xml#8751,川松　由典,川松 由典,translated,text,654827f5ab,br=0 nl=0,
ui/ui/staffroll/uil_staffroll_b.xml#8813,シャールデザイン,夏尔设计,translated,text,9d9cefacba,br=0 nl=0,
ui/ui/staffroll/uil_staffroll_b.xml#8936,川松　由典,川松 由典,translated,text,654827f5ab,br=0 nl=0,
ui/ui/staffroll/uil_staffroll_b.xml#8998,シャールモデリング,夏尔建模,translated,text,9e768da080,br=0 nl=0,
ui/ui/staffroll/uil_staffroll_b.xml#9061,川松　由典,川松 由典,translated,text,654827f5ab,br=0 nl=0,
ui/ui/staffroll/uil_staffroll_b.xml#9123,キャラクターアニメーション,角色动画,translated,text,6245f96f88,br=0 nl=0,
ui/ui/staffroll/uil_staffroll_b.xml#9190,山口　力哉,山口 力哉,translated,text,9db200242b,br=0 nl=0,
ui/ui/staffroll/uil_staffroll_b.xml#9252,テクニカルエンジニア,技术工程师,translated,text,1f8b0ef79d,br=0 nl=0,
ui/ui/staffroll/uil_staffroll_b.xml#9316,乱道,乱道,translated,text,afcfc8f99b,br=0 nl=0,
ui/ui/staffroll/uil_staffroll_b.xml#9375,大坪　俊介,大坪 俊介,translated,text,e4a7f6282a,br=0 nl=0,
ui/ui/staffroll/uil_staffroll_b.xml#9437,キャラクターセットアップ,角色装配,translated,text,2d9c1a161a,br=0 nl=0,
ui/ui/staffroll/uil_staffroll_b.xml#9503,大坪　俊介,大坪 俊介,translated,text,e4a7f6282a,br=0 nl=0,
ui/ui/staffroll/uil_staffroll_b.xml#9565,川松　由典,川松 由典,translated,text,654827f5ab,br=0 nl=0,
ui/ui/staffroll/uil_staffroll_b.xml#9627,マネジメント,管理,translated,text,644f6dd8a3,br=0 nl=0,
ui/ui/staffroll/uil_staffroll_b.xml#9687,松本　浩幸,松本 浩幸,translated,text,31c3a3098b,br=0 nl=0,
ui/ui/staffroll/uil_staffroll_b.xml#9749,背景描画,背景绘制,translated,text,7c693fd5dd,br=0 nl=0,
ui/ui/staffroll/uil_staffroll_b.xml#9811,松本　秀幸,松本 秀幸,translated,text,cac6e320dc,br=0 nl=0,
ui/ui/staffroll/uil_staffroll_b.xml#9873,藤野　健,藤野 健,translated,text,c8f847de19,br=0 nl=0,
ui/ui/staffroll/uil_staffroll_b.xml#9934,(千住工房),(千住工房),translated,text,72db564c31,br=0 nl=0,
ui/ui/staffroll/uil_staffroll_b.xml#9997,ムービー制作,影像制作,translated,text,76380644cd,br=0 nl=0,
ui/ui/staffroll/uil_staffroll_b.xml#10061,演出,演出,translated,text,7084a5c4b4,br=0 nl=0,
ui/ui/staffroll/uil_staffroll_b.xml#10117,蜂屋　雅幸,蜂屋 雅幸,translated,text,bacd8a88e9,br=0 nl=0,
ui/ui/staffroll/uil_staffroll_b.xml#10179,制作協力,制作协力,translated,text,06c1dc4d63,br=0 nl=0,
ui/ui/staffroll/uil_staffroll_b.xml#10298,背景,背景,translated,text,b13d33a528,br=0 nl=0,
ui/ui/staffroll/uil_staffroll_b.xml#10354,藤野　健,藤野 健,translated,text,c8f847de19,br=0 nl=0,
ui/ui/staffroll/uil_staffroll_b.xml#10415,(千住工房),(千住工房),translated,text,72db564c31,br=0 nl=0,
ui/ui/staffroll/uil_staffroll_b.xml#10534,蜂屋　雅幸,蜂屋 雅幸,translated,text,bacd8a88e9,br=0 nl=0,
ui/ui/staffroll/uil_staffroll_b.xml#10596,嘉藤　公紀,嘉藤 公纪,translated,text,b11bc7bcd0,br=0 nl=0,
ui/ui/staffroll/uil_staffroll_b.xml#10658,デザイン・グラフィック,设计・平面,translated,text,9c670269cd,br=0 nl=0,
ui/ui/staffroll/uil_staffroll_b.xml#10723,村澤　晴海,村泽 晴海,translated,text,ccc3eb0e5b,br=0 nl=0,
ui/ui/staffroll/uil_staffroll_b.xml#10785,目黒　久美子,目黑 久美子,translated,text,e42a1e5bcf,br=0 nl=0,
ui/ui/staffroll/uil_staffroll_b.xml#10848,制作進行管理,制作进度管理,translated,text,fce087be8d,br=0 nl=0,
ui/ui/staffroll/uil_staffroll_b.xml#10908,高橋　真,高桥 真,translated,text,0418a4adc3,br=0 nl=0,
ui/ui/staffroll/uil_staffroll_b.xml#10969,キャラクターアニメーション,角色动画,translated,text,6245f96f88,br=0 nl=0,
ui/ui/staffroll/uil_staffroll_b.xml#11036,山口　力哉,山口 力哉,translated,text,9db200242b,br=0 nl=0,
ui/ui/staffroll/uil_staffroll_b.xml#11098,大法要祝詞,大法要祝词,translated,text,de34d54786,br=0 nl=0,
ui/ui/staffroll/uil_staffroll_b.xml#11161,協力,协力,translated,text,1a054b3135,br=0 nl=0,
ui/ui/staffroll/uil_staffroll_b.xml#11286,バックグラウンドミュージック,背景音乐,translated,text,a5e60b8440,br=0 nl=0,
ui/ui/staffroll/uil_staffroll_b.xml#11358,コンポーザー,作曲家,translated,text,259843924f,br=0 nl=0,
ui/ui/staffroll/uil_staffroll_b.xml#11418,志方　あきこ,志方 晶子,translated,text,05f122732c,br=0 nl=0,
ui/ui/staffroll/uil_staffroll_b.xml#11687,音響,音效,translated,text,a94ecabc3c,br=0 nl=0,
ui/ui/staffroll/uil_staffroll_b.xml#11747,音響監督,音效总监,translated,text,e4bfb6b35d,br=0 nl=0,
ui/ui/staffroll/uil_staffroll_b.xml#11805,納谷　僚介,纳谷 僚介,translated,text,d0a88d7501,br=0 nl=0,
ui/ui/staffroll/uil_staffroll_b.xml#11867,録音調整,录音调整,translated,text,bdaaaa1218,br=0 nl=0,
ui/ui/staffroll/uil_staffroll_b.xml#11925,田中　直也,田中 直也,translated,text,a61c475fb5,br=0 nl=0,
ui/ui/staffroll/uil_staffroll_b.xml#11987,録音助手,录音助手,translated,text,2cd5fceb80,br=0 nl=0,
ui/ui/staffroll/uil_staffroll_b.xml#12045,三田　颯,三田 飒,translated,text,36385611f0,br=0 nl=0,
ui/ui/staffroll/uil_staffroll_b.xml#12106,道下　彩,道下 彩,translated,text,d5f8dc474d,br=0 nl=0,
ui/ui/staffroll/uil_staffroll_b.xml#12167,宮林　良太,宫林 良太,translated,text,0f70c3cd9a,br=0 nl=0,
ui/ui/staffroll/uil_staffroll_b.xml#12229,音響制作,音效制作,translated,text,3ba07c72e1,br=0 nl=0,
ui/ui/staffroll/uil_staffroll_b.xml#12356,音声編集,音频编辑,translated,text,e38d80f3d6,br=0 nl=0,
ui/ui/staffroll/uil_staffroll_b.xml#12418,株式会社ブレイブハーツ,株式会社Brave Hearts,translated,text,e92fbd661d,br=0 nl=0,
ui/ui/staffroll/uil_staffroll_b.xml#12486,デバッグ,调试,translated,text,93640dad3a,br=0 nl=0,
ui/ui/staffroll/uil_staffroll_b.xml#12548,ポールトゥウィン株式会社,株式会社Pole To Win,translated,text,cda47e17fb,br=0 nl=0,
ui/ui/staffroll/uil_staffroll_b.xml#12617,三田村　理史,三田村 理史,translated,text,471a7652f7,br=0 nl=0,
ui/ui/staffroll/uil_staffroll_b.xml#12680,山崎　乙,山崎 乙,translated,text,8f70623b22,br=0 nl=0,
ui/ui/staffroll/uil_staffroll_b.xml#12741,牧　睦美,牧 睦美,translated,text,36499eaf9d,br=0 nl=0,
ui/ui/staffroll/uil_staffroll_b.xml#12802,木村　知生,木村 知生,translated,text,f4f07268a4,br=0 nl=0,
ui/ui/staffroll/uil_staffroll_b.xml#12864,宮下　廣大,宫下 广大,translated,text,4c64af3cd0,br=0 nl=0,
ui/ui/staffroll/uil_staffroll_b.xml#12926,【シェルノサージュ・ゲームパート】,【Ciel nosurge游戏部分】,translated,text,9248244bef,br=0 nl=0,
ui/ui/staffroll/uil_staffroll_b.xml#13001,ワールドイラスト,世界插画,translated,text,5cd301b8d2,br=0 nl=0,
ui/ui/staffroll/uil_staffroll_b.xml#13067,松本　秀幸,松本 秀幸,translated,text,cac6e320dc,br=0 nl=0,
ui/ui/staffroll/uil_staffroll_b.xml#13129,加藤　たいら,加藤 泰良,translated,text,06ffb04cd0,br=0 nl=0,
ui/ui/staffroll/uil_staffroll_b.xml#13192,株式会社千住工房,株式会社千住工房,translated,text,3de756af57,br=0 nl=0,
ui/ui/staffroll/uil_staffroll_b.xml#13257,杉本　あゆみ,杉本 亚由美,translated,text,0cc43ca50f,br=0 nl=0,
ui/ui/staffroll/uil_staffroll_b.xml#13320,小林　雅代,小林 雅代,translated,text,b0113f997a,br=0 nl=0,
ui/ui/staffroll/uil_staffroll_b.xml#13382,藤野　健,藤野 健,translated,text,c8f847de19,br=0 nl=0,
ui/ui/staffroll/uil_staffroll_b.xml#13443,山梨　彩子,山梨 彩子,translated,text,b952ec77ac,br=0 nl=0,
ui/ui/staffroll/uil_staffroll_b.xml#13505,株式会社ロジスティックス,株式会社Logistics,translated,text,8ec59442f3,br=0 nl=0,
ui/ui/staffroll/uil_staffroll_b.xml#13574,チーム・ティルドーン,Team TillDawn,translated,text,20dce76a53,br=0 nl=0,
ui/ui/staffroll/uil_staffroll_b.xml#13638,宮越　歩,宫越 步,translated,text,fe37f2f67e,br=0 nl=0,
ui/ui/staffroll/uil_staffroll_b.xml#13699,川松　由典,川松 由典,translated,text,654827f5ab,br=0 nl=0,
ui/ui/staffroll/uil_staffroll_b.xml#13761,シナリオライターセクション,编剧部门,translated,text,a1348aacfb,br=0 nl=0,
ui/ui/staffroll/uil_staffroll_b.xml#13832,夢セカイパート,梦世界部分,translated,text,aea66df668,br=0 nl=0,
ui/ui/staffroll/uil_staffroll_b.xml#13896,脚本,剧本,translated,text,7fbccbeb8a,br=0 nl=0,
ui/ui/staffroll/uil_staffroll_b.xml#13952,谷村　大四郎,谷村 大四郎,translated,text,40c336b78f,br=0 nl=0,
ui/ui/staffroll/uil_staffroll_b.xml#14084,花野　十三 ,花野 十三,translated,text,ec9f16e629,br=0 nl=0,
ui/ui/staffroll/uil_staffroll_b.xml#14209,和泉　亮 ,和泉 亮,translated,text,64981930da,br=0 nl=0,
ui/ui/staffroll/uil_staffroll_b.xml#14334,デザイナーズセクション,设计师部门,translated,text,4ec447bf85,br=0 nl=0,
ui/ui/staffroll/uil_staffroll_b.xml#14403,アイテムCG作成,道具CG制作,translated,text,4959dedafc,br=0 nl=0,
ui/ui/staffroll/uil_staffroll_b.xml#14465,小瀬　希,小濑 希,translated,text,31c8eb4891,br=0 nl=0,
ui/ui/staffroll/uil_staffroll_b.xml#14526,プログラマーズセクション,程序员部门,translated,text,44c735ef17,br=0 nl=0,
ui/ui/staffroll/uil_staffroll_b.xml#14596,【オフライン版制作】,【单机版制作】,translated,text,03d64cac73,br=0 nl=0,
ui/ui/staffroll/uil_staffroll_b.xml#14663,株式会社メテオライズ,株式会社Meteorise,translated,text,61cde65511,br=0 nl=0,
ui/ui/staffroll/uil_staffroll_b.xml#14730,デベロップメントマネージャー,开发经理,translated,text,a3540a5b0b,br=0 nl=0,
ui/ui/staffroll/uil_staffroll_b.xml#14798,渡邉　幸二,渡边 幸二,translated,text,a836876d7e,br=0 nl=0,
ui/ui/staffroll/uil_staffroll_b.xml#14860,リードプログラマー,主程序员,translated,text,9229f02856,br=0 nl=0,
ui/ui/staffroll/uil_staffroll_b.xml#14923,山本　哲也,山本 哲也,translated,text,3f4c63e01f,br=0 nl=0,
ui/ui/staffroll/uil_staffroll_b.xml#14985,新井　朗,新井 朗,translated,text,90f9b443bf,br=0 nl=0,
ui/ui/staffroll/uil_staffroll_b.xml#15046,井出　純平,井出 纯平,translated,text,539eef3cdb,br=0 nl=0,
ui/ui/staffroll/uil_staffroll_b.xml#15108,堀川　雄大,堀川 雄大,translated,text,0427e75ecf,br=0 nl=0,
ui/ui/staffroll/uil_staffroll_b.xml#15170,株式会社メテオライズ,株式会社Meteorise,translated,text,61cde65511,br=0 nl=0,
ui/ui/staffroll/uil_staffroll_b.xml#15237,HTTP ネットワーク モジュール,HTTP网络模块,translated,text,700b00a437,br=0 nl=0,
ui/ui/staffroll/uil_staffroll_b.xml#15308,渡邉　幸二,渡边 幸二,translated,text,a836876d7e,br=0 nl=0,
ui/ui/staffroll/uil_staffroll_b.xml#15370,シャール システム,夏尔系统,translated,text,3000840e0e,br=0 nl=0,
ui/ui/staffroll/uil_staffroll_b.xml#15433,山本　哲也,山本 哲也,translated,text,3f4c63e01f,br=0 nl=0,
ui/ui/staffroll/uil_staffroll_b.xml#15495,株式会社エクストリーム,株式会社Extreme,translated,text,98c9f61cf3,br=0 nl=0,
ui/ui/staffroll/uil_staffroll_b.xml#15563,プログラムサポート,程序支援,translated,text,26d10aad29,br=0 nl=0,
ui/ui/staffroll/uil_staffroll_b.xml#15626,加津間　聡,加津间 聪,translated,text,0781ac921c,br=0 nl=0,
ui/ui/staffroll/uil_staffroll_b.xml#15688,青木　一也,青木 一也,translated,text,c83b05964d,br=0 nl=0,
ui/ui/staffroll/uil_staffroll_b.xml#15750,ネットワークセクション,网络部门,translated,text,4e67a84cd1,br=0 nl=0,
ui/ui/staffroll/uil_staffroll_b.xml#15889,ウェブエンジニア,网页工程师,translated,text,6cb6815dad,br=0 nl=0,
ui/ui/staffroll/uil_staffroll_b.xml#15951,三島　功,三岛 功,translated,text,5b8e07376e,br=0 nl=0,
ui/ui/staffroll/uil_staffroll_b.xml#16012,(株)wizgeek,(株)wizgeek,translated,text,cd5a3764f1,br=0 nl=0,
ui/ui/staffroll/uil_staffroll_b.xml#16079,ウェブオペレーション,网页运维,translated,text,0299d42ed3,br=0 nl=0,
ui/ui/staffroll/uil_staffroll_b.xml#16143,仲田　享司,仲田 享司,translated,text,2a82ae3f5e,br=0 nl=0,
ui/ui/staffroll/uil_staffroll_b.xml#16205,３Ｄモデル＆モーション,3D模型与动作,translated,text,cfca7f34e9,br=0 nl=0,
ui/ui/staffroll/uil_staffroll_b.xml#16274,株式会社FlightUNIT,株式会社FlightUNIT,translated,text,1da69201f4,br=0 nl=0,
ui/ui/staffroll/uil_staffroll_b.xml#16345,アートディレクター,艺术总监,translated,text,c34e651c44,br=0 nl=0,
ui/ui/staffroll/uil_staffroll_b.xml#16469,メイン3Dモデリング,主3D建模,translated,text,7a817aa640,br=0 nl=0,
ui/ui/staffroll/uil_staffroll_b.xml#16594,3Dモデリング,3D建模,translated,text,a9229cb55f,br=0 nl=0,
ui/ui/staffroll/uil_staffroll_b.xml#16655,川松　由典,川松 由典,translated,text,654827f5ab,br=0 nl=0,
ui/ui/staffroll/uil_staffroll_b.xml#16717,桑田　まり子,桑田 真理子,translated,text,9a7ef2f3de,br=0 nl=0,
ui/ui/staffroll/uil_staffroll_b.xml#16780,燕藤　ユウ,燕藤 悠,translated,text,8c84789206,br=0 nl=0,
ui/ui/staffroll/uil_staffroll_b.xml#16842,ワールドモデリング,世界建模,translated,text,8443ae1813,br=0 nl=0,
ui/ui/staffroll/uil_staffroll_b.xml#16905,川松　由典,川松 由典,translated,text,654827f5ab,br=0 nl=0,
ui/ui/staffroll/uil_staffroll_b.xml#16967,大坪　俊介,大坪 俊介,translated,text,e4a7f6282a,br=0 nl=0,
ui/ui/staffroll/uil_staffroll_b.xml#17029,桑田　まり子,桑田 真理子,translated,text,9a7ef2f3de,br=0 nl=0,
ui/ui/staffroll/uil_staffroll_b.xml#17092,シャールデザイン,夏尔设计,translated,text,9d9cefacba,br=0 nl=0,
ui/ui/staffroll/uil_staffroll_b.xml#17215,川松　由典,川松 由典,translated,text,654827f5ab,br=0 nl=0,
ui/ui/staffroll/uil_staffroll_b.xml#17277,シャールモデリング,夏尔建模,translated,text,9e768da080,br=0 nl=0,
ui/ui/staffroll/uil_staffroll_b.xml#17340,川松　由典,川松 由典,translated,text,654827f5ab,br=0 nl=0,
ui/ui/staffroll/uil_staffroll_b.xml#17402,高橋　聖,高桥 圣,translated,text,dfbf0ca1c6,br=0 nl=0,
ui/ui/staffroll/uil_staffroll_b.xml#17463,桑田　まり子,桑田 真理子,translated,text,9a7ef2f3de,br=0 nl=0,
ui/ui/staffroll/uil_staffroll_b.xml#17526,メインアニメーター,主动画师,translated,text,4a9646d5bb,br=0 nl=0,
ui/ui/staffroll/uil_staffroll_b.xml#17589,山口　力哉,山口 力哉,translated,text,9db200242b,br=0 nl=0,
ui/ui/staffroll/uil_staffroll_b.xml#17651,キャラクターアニメーション,角色动画,translated,text,6245f96f88,br=0 nl=0,
ui/ui/staffroll/uil_staffroll_b.xml#17718,矢戸　恵,矢户 惠,translated,text,98bd1a2e46,br=0 nl=0,
ui/ui/staffroll/uil_staffroll_b.xml#17840,イベントプログラム,事件程序,translated,text,45c20cb56a,br=0 nl=0,
ui/ui/staffroll/uil_staffroll_b.xml#17903,乱道,乱道,translated,text,afcfc8f99b,br=0 nl=0,
ui/ui/staffroll/uil_staffroll_b.xml#17962,テクニカルエンジニア,技术工程师,translated,text,1f8b0ef79d,br=0 nl=0,
ui/ui/staffroll/uil_staffroll_b.xml#18026,乱道,乱道,translated,text,afcfc8f99b,br=0 nl=0,
ui/ui/staffroll/uil_staffroll_b.xml#18085,大坪　俊介,大坪 俊介,translated,text,e4a7f6282a,br=0 nl=0,
ui/ui/staffroll/uil_staffroll_b.xml#18147,キャラクターセットアップ,角色装配,translated,text,2d9c1a161a,br=0 nl=0,
ui/ui/staffroll/uil_staffroll_b.xml#18213,大坪　俊介,大坪 俊介,translated,text,e4a7f6282a,br=0 nl=0,
ui/ui/staffroll/uil_staffroll_b.xml#18275,矢戸　恵,矢户 惠,translated,text,98bd1a2e46,br=0 nl=0,
ui/ui/staffroll/uil_staffroll_b.xml#18336,インターフェイスデザイン,界面设计,translated,text,8fe4dab4e8,br=0 nl=0,
ui/ui/staffroll/uil_staffroll_b.xml#18463,桑田　まり子,桑田 真理子,translated,text,9a7ef2f3de,br=0 nl=0,
ui/ui/staffroll/uil_staffroll_b.xml#18526,マネジメント,管理,translated,text,644f6dd8a3,br=0 nl=0,
ui/ui/staffroll/uil_staffroll_b.xml#18586,松本　浩幸,松本 浩幸,translated,text,31c3a3098b,br=0 nl=0,
ui/ui/staffroll/uil_staffroll_b.xml#18648,オープニングムービー,片头影像,translated,text,bddc00b466,br=0 nl=0,
ui/ui/staffroll/uil_staffroll_b.xml#18716,絵コンテ・演出,分镜・演出,translated,text,c1285163f7,br=0 nl=0,
ui/ui/staffroll/uil_staffroll_b.xml#18838,ディレクター　,总监,translated,text,135e67823a,br=0 nl=0,
ui/ui/staffroll/uil_staffroll_b.xml#18899,嘉藤　公紀,嘉藤 公纪,translated,text,b11bc7bcd0,br=0 nl=0,
ui/ui/staffroll/uil_staffroll_b.xml#19017,浅尾　憲治,浅尾 宪治,translated,text,6bc5e803d3,br=0 nl=0,
ui/ui/staffroll/uil_staffroll_b.xml#19079,蜂屋　雅幸,蜂屋 雅幸,translated,text,bacd8a88e9,br=0 nl=0,
ui/ui/staffroll/uil_staffroll_b.xml#19141,森中　亮,森中 亮,translated,text,d2b56e5d7c,br=0 nl=0,
ui/ui/staffroll/uil_staffroll_b.xml#19202,製作,制作,translated,text,53c6bc4ef7,br=0 nl=0,
ui/ui/staffroll/uil_staffroll_b.xml#19258,ポイント・ピクチャーズ,Point Pictures,translated,text,4b9cc20967,br=0 nl=0,
ui/ui/staffroll/uil_staffroll_b.xml#19326,プロモーションムービー,宣传影像,translated,text,375c066366,br=0 nl=0,
ui/ui/staffroll/uil_staffroll_b.xml#19395,ディレクター　,总监,translated,text,135e67823a,br=0 nl=0,
ui/ui/staffroll/uil_staffroll_b.xml#19456,浅尾　憲治,浅尾 宪治,translated,text,6bc5e803d3,br=0 nl=0,
ui/ui/staffroll/uil_staffroll_b.xml#19574,森　進二郞,森 进二郎,translated,text,564356e8ac,br=0 nl=0,
ui/ui/staffroll/uil_staffroll_b.xml#19636,村澤　晴海,村泽 晴海,translated,text,ccc3eb0e5b,br=0 nl=0,
ui/ui/staffroll/uil_staffroll_b.xml#19698,大塚　竹男,大冢 竹男,translated,text,ac5a7c666f,br=0 nl=0,
ui/ui/staffroll/uil_staffroll_b.xml#19760,製作,制作,translated,text,53c6bc4ef7,br=0 nl=0,
ui/ui/staffroll/uil_staffroll_b.xml#19816,ポイント・ピクチャーズ,Point Pictures,translated,text,4b9cc20967,br=0 nl=0,
ui/ui/staffroll/uil_staffroll_b.xml#19884,詩ムービー,诗歌影像,translated,text,03e84567a7,br=0 nl=0,
ui/ui/staffroll/uil_staffroll_b.xml#19947,ディレクター,总监,translated,text,074ca740ff,br=0 nl=0,
ui/ui/staffroll/uil_staffroll_b.xml#20007,絵コンテ・演出,分镜・演出,translated,text,c1285163f7,br=0 nl=0,
ui/ui/staffroll/uil_staffroll_b.xml#20129,キャラクターアニメーション,角色动画,translated,text,6245f96f88,br=0 nl=0,
ui/ui/staffroll/uil_staffroll_b.xml#20257,山口　力哉,山口 力哉,translated,text,9db200242b,br=0 nl=0,
ui/ui/staffroll/uil_staffroll_b.xml#20319,嘉藤　公紀,嘉藤 公纪,translated,text,b11bc7bcd0,br=0 nl=0,
ui/ui/staffroll/uil_staffroll_b.xml#20450,ジェノミライムービー,杰诺米莱伊影像,translated,text,f6e7d2fd93,br=0 nl=0,
ui/ui/staffroll/uil_staffroll_b.xml#20518,制作,制作,translated,text,7d394484ec,br=0 nl=0,
ui/ui/staffroll/uil_staffroll_b.xml#20635,バックグラウンドミュージック,背景音乐,translated,text,a5e60b8440,br=0 nl=0,
ui/ui/staffroll/uil_staffroll_b.xml#20707,ミュージックディレクター,音乐总监,translated,text,d43c0fd3f4,br=0 nl=0,
ui/ui/staffroll/uil_staffroll_b.xml#20773,志方　あきこ,志方 晶子,translated,text,05f122732c,br=0 nl=0,
ui/ui/staffroll/uil_staffroll_b.xml#20836,コンポーザー,作曲家,translated,text,259843924f,br=0 nl=0,
ui/ui/staffroll/uil_staffroll_b.xml#20896,志方　あきこ,志方 晶子,translated,text,05f122732c,br=0 nl=0,
ui/ui/staffroll/uil_staffroll_b.xml#21165,アコースティックギター,原声吉他,translated,text,a7abba5538,br=0 nl=0,
ui/ui/staffroll/uil_staffroll_b.xml#21230,吉田　穣,吉田 穰,translated,text,c4ff906d3c,br=0 nl=0,
ui/ui/staffroll/uil_staffroll_b.xml#21291,エレキギター,电吉他,translated,text,1fa9044665,br=0 nl=0,
ui/ui/staffroll/uil_staffroll_b.xml#21351,吉田　穣,吉田 穰,translated,text,c4ff906d3c,br=0 nl=0,
ui/ui/staffroll/uil_staffroll_b.xml#21412,シタール,锡塔尔琴,translated,text,8f25ffe37e,br=0 nl=0,
ui/ui/staffroll/uil_staffroll_b.xml#21470,吉田　穣,吉田 穰,translated,text,c4ff906d3c,br=0 nl=0,
ui/ui/staffroll/uil_staffroll_b.xml#21531,ヴァイオリン,小提琴,translated,text,668c16f747,br=0 nl=0,
ui/ui/staffroll/uil_staffroll_b.xml#21591,大貫　聖子,大贯 圣子,translated,text,3869a50f95,br=0 nl=0,
ui/ui/staffroll/uil_staffroll_b.xml#21653,音響,音效,translated,text,a94ecabc3c,br=0 nl=0,
ui/ui/staffroll/uil_staffroll_b.xml#21713,音響監督,音效总监,translated,text,e4bfb6b35d,br=0 nl=0,
ui/ui/staffroll/uil_staffroll_b.xml#21771,納谷　僚介,纳谷 僚介,translated,text,d0a88d7501,br=0 nl=0,
ui/ui/staffroll/uil_staffroll_b.xml#21833,録音調整,录音调整,translated,text,bdaaaa1218,br=0 nl=0,
ui/ui/staffroll/uil_staffroll_b.xml#21891,田中　直也,田中 直也,translated,text,a61c475fb5,br=0 nl=0,
ui/ui/staffroll/uil_staffroll_b.xml#21953,録音助手,录音助手,translated,text,2cd5fceb80,br=0 nl=0,
ui/ui/staffroll/uil_staffroll_b.xml#22011,三田　颯,三田 飒,translated,text,36385611f0,br=0 nl=0,
ui/ui/staffroll/uil_staffroll_b.xml#22072,道下　彩,道下 彩,translated,text,d5f8dc474d,br=0 nl=0,
ui/ui/staffroll/uil_staffroll_b.xml#22133,音響制作,音效制作,translated,text,3ba07c72e1,br=0 nl=0,
ui/ui/staffroll/uil_staffroll_b.xml#22260,技術協力,技术协力,translated,text,09ac8b241a,br=0 nl=0,
ui/ui/staffroll/uil_staffroll_b.xml#22322,株式会社ＣＲＩ・ミドルウェア,株式会社CRI Middleware,translated,text,ddfc365935,br=0 nl=0,
ui/ui/staffroll/uil_staffroll_b.xml#22393,代表取締役専務ＣＴＯ,执行董事专务CTO,translated,text,e027789a7b,br=0 nl=0,
ui/ui/staffroll/uil_staffroll_b.xml#22457,押見　正雄,押见 正雄,translated,text,bb3d517d8c,br=0 nl=0,
ui/ui/staffroll/uil_staffroll_b.xml#22581,佐藤　修,佐藤 修,translated,text,8d20a19056,br=0 nl=0,
ui/ui/staffroll/uil_staffroll_b.xml#22642,鈴木　成門,铃木 成门,translated,text,151d8ce7cd,br=0 nl=0,
ui/ui/staffroll/uil_staffroll_b.xml#22704,郷原　亮,乡原 亮,translated,text,edafc04a4c,br=0 nl=0,
ui/ui/staffroll/uil_staffroll_b.xml#22765,水津　達也,水津 达也,translated,text,1b6339ac0a,br=0 nl=0,
ui/ui/staffroll/uil_staffroll_b.xml#22827,田中　孝,田中 孝,translated,text,6a01522493,br=0 nl=0,
ui/ui/staffroll/uil_staffroll_b.xml#22888,薄　　亮,薄 亮,translated,text,9be14828cf,br=0 nl=0,
ui/ui/staffroll/uil_staffroll_b.xml#22949,及川　進,及川 进,translated,text,564af3d63f,br=0 nl=0,
ui/ui/staffroll/uil_staffroll_b.xml#23075,漆畑　祐介,漆畑 佑介,translated,text,7b38215b37,br=0 nl=0,
ui/ui/staffroll/uil_staffroll_b.xml#23137,櫻井　敦史,樱井 敦史,translated,text,56fb1b2ef2,br=0 nl=0,
ui/ui/staffroll/uil_staffroll_b.xml#23260,花房　宏通,花房 宏通,translated,text,b03c5ceac2,br=0 nl=0,
ui/ui/staffroll/uil_staffroll_b.xml#23322,太田　政美,太田 政美,translated,text,84c8d1255b,br=0 nl=0,
ui/ui/staffroll/uil_staffroll_b.xml#23384,渡辺　大輔,渡边 大辅,translated,text,e1ba1468a3,br=0 nl=0,
ui/ui/staffroll/uil_staffroll_b.xml#23515,佐藤　修,佐藤 修,translated,text,8d20a19056,br=0 nl=0,
ui/ui/staffroll/uil_staffroll_b.xml#23577,デバッグ,调试,translated,text,93640dad3a,br=0 nl=0,
ui/ui/staffroll/uil_staffroll_b.xml#23640,ポールトゥウィン株式会社,株式会社Pole To Win,translated,text,cda47e17fb,br=0 nl=0,
ui/ui/staffroll/uil_staffroll_b.xml#23710,三田村 理史,三田村 理史,translated,text,77e158e1ae,br=0 nl=0,
ui/ui/staffroll/uil_staffroll_b.xml#23774,浅田　卓,浅田 卓,translated,text,adcb96dc81,br=0 nl=0,
ui/ui/staffroll/uil_staffroll_b.xml#23836,山崎　乙,山崎 乙,translated,text,8f70623b22,br=0 nl=0,
ui/ui/staffroll/uil_staffroll_b.xml#23898,大井 勇生,大井 勇生,translated,text,fcdda02341,br=0 nl=0,
ui/ui/staffroll/uil_staffroll_b.xml#23961,牧　睦美,牧 睦美,translated,text,36499eaf9d,br=0 nl=0,
ui/ui/staffroll/uil_staffroll_b.xml#24023,木村　知生,木村 知生,translated,text,f4f07268a4,br=0 nl=0,
ui/ui/staffroll/uil_staffroll_b.xml#24086,宮下　廣大,宫下 广大,translated,text,4c64af3cd0,br=0 nl=0,
ui/ui/staffroll/uil_staffroll_b.xml#24149,柴田　裕司,柴田 裕司,translated,text,13fa6f22df,br=0 nl=0,
ui/ui/staffroll/uil_staffroll_b.xml#24212,西原　正洋,西原 正洋,translated,text,1aa88db9f1,br=0 nl=0,
ui/ui/staffroll/uil_staffroll_b.xml#24275,高田　陽介,高田 阳介,translated,text,ec9fea6efa,br=0 nl=0,
ui/ui/staffroll/uil_staffroll_b.xml#24338,澤田　哲也,泽田 哲也,translated,text,bc595385ac,br=0 nl=0,
ui/ui/staffroll/uil_staffroll_b.xml#24401,渡邊　さや,渡边 沙耶,translated,text,a3fb83c85e,br=0 nl=0,
ui/ui/staffroll/uil_staffroll_b.xml#24464,山谷　武,山谷 武,translated,text,254588c758,br=0 nl=0,
ui/ui/staffroll/uil_staffroll_b.xml#24526,小川　早苗,小川 早苗,translated,text,116301b38a,br=0 nl=0,
ui/ui/staffroll/uil_staffroll_b.xml#24589,村川　雄一郎,村川 雄一郎,translated,text,93fd06889d,br=0 nl=0,
ui/ui/staffroll/uil_staffroll_b.xml#24653,挿入歌,插曲,translated,text,43505f0b2e,br=0 nl=0,
ui/ui/staffroll/uil_staffroll_b.xml#24715,#00『謳無き丘へ～Introduce Ver.～』,#00‘致无鸣之丘～Introduce Ver.～’,translated,text,abf88f0aa3,br=0 nl=0,src-longest-line=26
ui/ui/staffroll/uil_staffroll_b.xml#24799,ヴォーカル,主唱,translated,text,a9d22c4f25,br=0 nl=0,
ui/ui/staffroll/uil_staffroll_b.xml#24859,志方　あきこ,志方 晶子,translated,text,05f122732c,br=0 nl=0,
ui/ui/staffroll/uil_staffroll_b.xml#24923,コーラス,和声,translated,text,e6f23f00bd,br=0 nl=0,
ui/ui/staffroll/uil_staffroll_b.xml#24982,志方　あきこ,志方 晶子,translated,text,05f122732c,br=0 nl=0,
ui/ui/staffroll/uil_staffroll_b.xml#25046,作詞,作词,translated,text,37dd0a71d2,br=0 nl=0,
ui/ui/staffroll/uil_staffroll_b.xml#25103,土屋　暁,土屋 晓,translated,text,21998e95cc,br=0 nl=0,
ui/ui/staffroll/uil_staffroll_b.xml#25165,作曲,作曲,translated,text,779e678323,br=0 nl=0,
ui/ui/staffroll/uil_staffroll_b.xml#25222,土屋　暁,土屋 晓,translated,text,21998e95cc,br=0 nl=0,
ui/ui/staffroll/uil_staffroll_b.xml#25284,編曲,编曲,translated,text,0d9b094937,br=0 nl=0,
ui/ui/staffroll/uil_staffroll_b.xml#25341,志方　あきこ,志方 晶子,translated,text,05f122732c,br=0 nl=0,
ui/ui/staffroll/uil_staffroll_b.xml#25405,アコースティックギター,原声吉他,translated,text,a7abba5538,br=0 nl=0,
ui/ui/staffroll/uil_staffroll_b.xml#25471,田代　耕一郎,田代 耕一郎,translated,text,2b32bdbfd2,br=0 nl=0,
ui/ui/staffroll/uil_staffroll_b.xml#25535,アイリッシュブズーキー,爱尔兰布祖基琴,translated,text,d1c4382eb2,br=0 nl=0,
ui/ui/staffroll/uil_staffroll_b.xml#25601,田代　耕一郎,田代 耕一郎,translated,text,2b32bdbfd2,br=0 nl=0,
ui/ui/staffroll/uil_staffroll_b.xml#25740,ヴォーカル,主唱,translated,text,a9d22c4f25,br=0 nl=0,
ui/ui/staffroll/uil_staffroll_b.xml#25800,志方　あきこ,志方 晶子,translated,text,05f122732c,br=0 nl=0,
ui/ui/staffroll/uil_staffroll_b.xml#25864,コーラス,和声,translated,text,e6f23f00bd,br=0 nl=0,
ui/ui/staffroll/uil_staffroll_b.xml#25923,志方　あきこ,志方 晶子,translated,text,05f122732c,br=0 nl=0,
ui/ui/staffroll/uil_staffroll_b.xml#25987,作詞,作词,translated,text,37dd0a71d2,br=0 nl=0,
ui/ui/staffroll/uil_staffroll_b.xml#26044,志方　あきこ,志方 晶子,translated,text,05f122732c,br=0 nl=0,
ui/ui/staffroll/uil_staffroll_b.xml#26108,作曲,作曲,translated,text,779e678323,br=0 nl=0,
ui/ui/staffroll/uil_staffroll_b.xml#26165,志方　あきこ,志方 晶子,translated,text,05f122732c,br=0 nl=0,
ui/ui/staffroll/uil_staffroll_b.xml#26229,編曲,编曲,translated,text,0d9b094937,br=0 nl=0,
ui/ui/staffroll/uil_staffroll_b.xml#26286,志方　あきこ,志方 晶子,translated,text,05f122732c,br=0 nl=0,
ui/ui/staffroll/uil_staffroll_b.xml#26350,アコースティックギター,原声吉他,translated,text,a7abba5538,br=0 nl=0,
ui/ui/staffroll/uil_staffroll_b.xml#26416,田代　耕一郎,田代 耕一郎,translated,text,2b32bdbfd2,br=0 nl=0,
ui/ui/staffroll/uil_staffroll_b.xml#26480,カンテレ,康特勒琴,translated,text,99e23b542c,br=0 nl=0,
ui/ui/staffroll/uil_staffroll_b.xml#26539,田代　耕一郎,田代 耕一郎,translated,text,2b32bdbfd2,br=0 nl=0,
ui/ui/staffroll/uil_staffroll_b.xml#26603,パーカッション,打击乐,translated,text,b5c517e01d,br=0 nl=0,
ui/ui/staffroll/uil_staffroll_b.xml#26665,大石　真理恵,大石 真理惠,translated,text,59c84c61d6,br=0 nl=0,
ui/ui/staffroll/uil_staffroll_b.xml#26729,筝,筝,translated,text,e09f68108a,br=0 nl=0,
ui/ui/staffroll/uil_staffroll_b.xml#26785,中垣　雅葉,中垣 雅叶,translated,text,ec00152ffc,br=0 nl=0,
ui/ui/staffroll/uil_staffroll_b.xml#26848,#02『天地咆吼』,#02‘天地咆哮’,translated,text,54b41e4730,br=0 nl=0,
ui/ui/staffroll/uil_staffroll_b.xml#26915,ヴォーカル,主唱,translated,text,a9d22c4f25,br=0 nl=0,
ui/ui/staffroll/uil_staffroll_b.xml#26975,城　南海,城 南海,translated,text,0326f175b4,br=0 nl=0,
ui/ui/staffroll/uil_staffroll_b.xml#27037,コーラス,和声,translated,text,e6f23f00bd,br=0 nl=0,
ui/ui/staffroll/uil_staffroll_b.xml#27096,城　南海,城 南海,translated,text,0326f175b4,br=0 nl=0,
ui/ui/staffroll/uil_staffroll_b.xml#27158,作詞,作词,translated,text,37dd0a71d2,br=0 nl=0,
ui/ui/staffroll/uil_staffroll_b.xml#27215,志方　あきこ,志方 晶子,translated,text,05f122732c,br=0 nl=0,
ui/ui/staffroll/uil_staffroll_b.xml#27279,作曲,作曲,translated,text,779e678323,br=0 nl=0,
ui/ui/staffroll/uil_staffroll_b.xml#27336,志方　あきこ,志方 晶子,translated,text,05f122732c,br=0 nl=0,
ui/ui/staffroll/uil_staffroll_b.xml#27400,編曲,编曲,translated,text,0d9b094937,br=0 nl=0,
ui/ui/staffroll/uil_staffroll_b.xml#27457,志方　あきこ,志方 晶子,translated,text,05f122732c,br=0 nl=0,
ui/ui/staffroll/uil_staffroll_b.xml#27521,アコースティックギター,原声吉他,translated,text,a7abba5538,br=0 nl=0,
ui/ui/staffroll/uil_staffroll_b.xml#27587,田代　耕一郎,田代 耕一郎,translated,text,2b32bdbfd2,br=0 nl=0,
ui/ui/staffroll/uil_staffroll_b.xml#27651,ヴァイオリン,小提琴,translated,text,668c16f747,br=0 nl=0,
ui/ui/staffroll/uil_staffroll_b.xml#27712,大貫　聖子,大贯 圣子,translated,text,3869a50f95,br=0 nl=0,
ui/ui/staffroll/uil_staffroll_b.xml#27775,ピアノ,钢琴,translated,text,64c0241201,br=0 nl=0,
ui/ui/staffroll/uil_staffroll_b.xml#27833,田中　さとこ,田中 聪子,translated,text,67b0c32b37,br=0 nl=0,
ui/ui/staffroll/uil_staffroll_b.xml#27897,#ED『ラ・シェール～Ver.DS02～』,#ED‘拉・榭拉～Ver.DS02～’,translated,text,b99e996a24,br=0 nl=0,
ui/ui/staffroll/uil_staffroll_b.xml#27976,ヴォーカル,主唱,translated,text,a9d22c4f25,br=0 nl=0,
ui/ui/staffroll/uil_staffroll_b.xml#28036,志方　あきこ,志方 晶子,translated,text,05f122732c,br=0 nl=0,
ui/ui/staffroll/uil_staffroll_b.xml#28100,コーラス,和声,translated,text,e6f23f00bd,br=0 nl=0,
ui/ui/staffroll/uil_staffroll_b.xml#28159,志方　あきこ,志方 晶子,translated,text,05f122732c,br=0 nl=0,
ui/ui/staffroll/uil_staffroll_b.xml#28223,作詞,作词,translated,text,37dd0a71d2,br=0 nl=0,
ui/ui/staffroll/uil_staffroll_b.xml#28280,土屋　暁,土屋 晓,translated,text,21998e95cc,br=0 nl=0,
ui/ui/staffroll/uil_staffroll_b.xml#28342,作曲,作曲,translated,text,779e678323,br=0 nl=0,
ui/ui/staffroll/uil_staffroll_b.xml#28399,土屋　暁,土屋 晓,translated,text,21998e95cc,br=0 nl=0,
ui/ui/staffroll/uil_staffroll_b.xml#28461,編曲,编曲,translated,text,0d9b094937,br=0 nl=0,
ui/ui/staffroll/uil_staffroll_b.xml#28518,土屋　暁,土屋 晓,translated,text,21998e95cc,br=0 nl=0,
ui/ui/staffroll/uil_staffroll_b.xml#28580,コーラスアレンジ,和声改编,translated,text,aada25259d,br=0 nl=0,
ui/ui/staffroll/uil_staffroll_b.xml#28643,志方　あきこ,志方 晶子,translated,text,05f122732c,br=0 nl=0,
ui/ui/staffroll/uil_staffroll_b.xml#28707,レコーディング＆ミキシング,录音与混音,translated,text,45498df2df,br=0 nl=0,
ui/ui/staffroll/uil_staffroll_b.xml#28850,レコーディングスタジオ,录音室,translated,text,b25eb16dcb,br=0 nl=0,
ui/ui/staffroll/uil_staffroll_b.xml#29052,レコーディング&,录音&,translated,text,f841bcf365,br=0 nl=0,
ui/ui/staffroll/uil_staffroll_b.xml#29115,　　ミキシングエンジニア,混音工程师,translated,text,18ef1f1a8b,br=0 nl=0,
ui/ui/staffroll/uil_staffroll_b.xml#29182,南　直行,南 直行,translated,text,2d56d70010,br=0 nl=0,
ui/ui/staffroll/uil_staffroll_b.xml#29307,ミキシング,混音,translated,text,dd3c09920b,br=0 nl=0,
ui/ui/staffroll/uil_staffroll_b.xml#29367,土屋　暁,土屋 晓,translated,text,21998e95cc,br=0 nl=0,
ui/ui/staffroll/uil_staffroll_b.xml#29429,楽曲制作協力,乐曲制作协力,translated,text,72ede6daac,br=0 nl=0,
ui/ui/staffroll/uil_staffroll_b.xml#29494,株式会社フロンティアワークス,株式会社Frontier Works,translated,text,36d73077b6,br=0 nl=0,
ui/ui/staffroll/uil_staffroll_b.xml#29566,吉川　明,吉川 明,translated,text,2768ebf8a1,br=0 nl=0,
ui/ui/staffroll/uil_staffroll_b.xml#29628,小柳　豊,小柳 丰,translated,text,e59cd8c7b8,br=0 nl=0,
ui/ui/staffroll/uil_staffroll_b.xml#29821,田中　雅之,田中 雅之,translated,text,21736bbf23,br=0 nl=0,
ui/ui/staffroll/uil_staffroll_b.xml#29884,矢野　正明,矢野 正明,translated,text,78cf186a67,br=0 nl=0,
ui/ui/staffroll/uil_staffroll_b.xml#29947,谷川　雄紀,谷川 雄纪,translated,text,4f95b894a6,br=0 nl=0,
ui/ui/staffroll/uil_staffroll_b.xml#30010,髙橋　朝子,高桥 朝子,translated,text,77e6958b96,br=0 nl=0,
ui/ui/staffroll/uil_staffroll_b.xml#30073,本間　詩織,本间 诗织,translated,text,e70cd6c951,br=0 nl=0,
ui/ui/staffroll/uil_staffroll_b.xml#30136,佐々　梨花,佐佐 梨花,translated,text,030ff13e01,br=0 nl=0,
ui/ui/staffroll/uil_staffroll_b.xml#30199,生田　善子,生田 善子,translated,text,6a6fba474e,br=0 nl=0,
ui/ui/staffroll/uil_staffroll_b.xml#30262,松　　聖花,松 圣花,translated,text,ea05a4fd84,br=0 nl=0,
ui/ui/staffroll/uil_staffroll_b.xml#30325,音響,音效,translated,text,a94ecabc3c,br=0 nl=0,
ui/ui/staffroll/uil_staffroll_b.xml#30385,演出・キャスティング,演出・选角,translated,text,383d1bfa00,br=0 nl=0,
ui/ui/staffroll/uil_staffroll_b.xml#30450,関　智寛,关 智宽,translated,text,f1a5e773f2,br=0 nl=0,
ui/ui/staffroll/uil_staffroll_b.xml#30512,ミキサー,调音师,translated,text,61f92a39b5,br=0 nl=0,
ui/ui/staffroll/uil_staffroll_b.xml#30571,熊倉　亨,熊仓 亨,translated,text,509916c5a3,br=0 nl=0,
ui/ui/staffroll/uil_staffroll_b.xml#30633,音響制作,音效制作,translated,text,3ba07c72e1,br=0 nl=0,
ui/ui/staffroll/uil_staffroll_b.xml#30757,キャスティング協力,选角协力,translated,text,3c32e0140a,br=0 nl=0,
ui/ui/staffroll/uil_staffroll_b.xml#30821,松本　恵,松本 惠,translated,text,432387780b,br=0 nl=0,
ui/ui/staffroll/uil_staffroll_b.xml#30948,協力,协力,translated,text,1a054b3135,br=0 nl=0,
ui/ui/staffroll/uil_staffroll_b.xml#31009,(株)wizgeek,(株)wizgeek,translated,text,cd5a3764f1,br=0 nl=0,
ui/ui/staffroll/uil_staffroll_b.xml#31075,株式会社エクストリーム,株式会社Extreme,translated,text,98c9f61cf3,br=0 nl=0,
ui/ui/staffroll/uil_staffroll_b.xml#31142,株式会社ＣＲＩ・ミドルウェア,株式会社CRI Middleware,translated,text,ddfc365935,br=0 nl=0,
ui/ui/staffroll/uil_staffroll_b.xml#31280,株式会社千住工房,株式会社千住工房,translated,text,3de756af57,br=0 nl=0,
ui/ui/staffroll/uil_staffroll_b.xml#31413,株式会社FlightUNIT,株式会社FlightUNIT,translated,text,1da69201f4,br=0 nl=0,
ui/ui/staffroll/uil_staffroll_b.xml#31483,株式会社メテオライズ,株式会社Meteorise,translated,text,61cde65511,br=0 nl=0,
ui/ui/staffroll/uil_staffroll_b.xml#31549,株式会社フロンティアワークス,株式会社Frontier Works,translated,text,36d73077b6,br=0 nl=0,
ui/ui/staffroll/uil_staffroll_b.xml#31619,株式会社ポイントピクチャーズ,株式会社Point Pictures,translated,text,f8ac729aec,br=0 nl=0,
ui/ui/staffroll/uil_staffroll_b.xml#31689,ポールトゥウィン株式会社,株式会社Pole To Win,translated,text,cda47e17fb,br=0 nl=0,
ui/ui/staffroll/uil_staffroll_b.xml#31757,株式会社ロジスティックス,株式会社Logistics,translated,text,8ec59442f3,br=0 nl=0,
ui/ui/staffroll/uil_staffroll_b.xml#31825,株式会社プロダクション・アイジー,株式会社Production I.G,translated,text,84204edff3,br=0 nl=0,
ui/ui/staffroll/uil_staffroll_b.xml#31897,天津光栄特庫摩軟件有限公司,天津光荣特库摩软件有限公司,translated,text,8a7dbadc6f,br=0 nl=0,
ui/ui/staffroll/uil_staffroll_b.xml#31966,天津天匠動画科技有限公司,天津天匠动画科技有限公司,translated,text,14335be04d,br=0 nl=0,
ui/ui/staffroll/uil_staffroll_b.xml#32034,フォントワークス株式会社,Fontworks株式会社,translated,text,b1c83f97c7,br=0 nl=0,
ui/ui/staffroll/uil_staffroll_b.xml#32265,ディレクター,总监,translated,text,074ca740ff,br=0 nl=0,
ui/ui/staffroll/uil_staffroll_b.xml#32330,高野　雅文,高野 雅文,translated,text,e0f6ad1a3a,br=0 nl=0,
ui/ui/staffroll/uil_staffroll_b.xml#32393,開発プロデューサー,开发制作人,translated,text,763f21e64e,br=0 nl=0,
ui/ui/staffroll/uil_staffroll_b.xml#32461,細井  順三,细井 顺三,translated,text,014085680c,br=0 nl=0,
ui/ui/staffroll/uil_staffroll_b.xml#32525,総合プロデューサー,总制作人,translated,text,893701ac7c,br=0 nl=0,
ui/ui/staffroll/uil_staffroll_b.xml#32593,土屋  暁,土屋 晓,translated,text,dd0b0dada2,br=0 nl=0,
ui/ui/staffroll/uil_staffroll_b.xml#32656,エグゼクティブプロデューサー,执行制作人,translated,text,5e38e342d6,br=0 nl=0,
ui/ui/staffroll/uil_staffroll_b.xml#32729,鯉沼 久史,鲤沼 久史,translated,text,04514697bf,br=0 nl=0,
ui/ui/staffroll/uil_staffroll_b.xml#32792,製作,制作,translated,text,53c6bc4ef7,br=0 nl=0,
ui/ui/staffroll/uil_staffroll_b.xml#32853,株式会社コーエーテクモゲームス,株式会社光荣特库摩游戏,translated,text,be816b716d,br=0 nl=0,
ui/ui/staffroll/uil_staffroll_c.xml#1243,歌姫,歌姬,translated,text,acdbfe60f4,br=0 nl=0,
ui/ui/staffroll/uil_staffroll_c.xml#1300,志方　あきこ,志方 晶子,translated,text,05f122732c,br=0 nl=0,
ui/ui/staffroll/uil_staffroll_c.xml#1361,城　南海,城 南海,translated,text,0326f175b4,br=0 nl=0,
ui/ui/staffroll/uil_staffroll_c.xml#1481,イオン,依恩,translated,text,90d4718c90,br=0 nl=0,
ui/ui/staffroll/uil_staffroll_c.xml#1537,加隈　亜衣,加隈 亚衣,translated,text,d9fe60a2ce,br=0 nl=0,
ui/ui/staffroll/uil_staffroll_c.xml#1598,カノン,卡诺,translated,text,5a6fa752cb,br=0 nl=0,
ui/ui/staffroll/uil_staffroll_c.xml#1654,井ノ上　奈々,井之上 奈奈,translated,text,159209452b,br=0 nl=0,
ui/ui/staffroll/uil_staffroll_c.xml#1716,ネイ,妮伊,translated,text,dd82b752f9,br=0 nl=0,
ui/ui/staffroll/uil_staffroll_c.xml#1771,内田　真礼,内田 真礼,translated,text,664833d0bc,br=0 nl=0,
ui/ui/staffroll/uil_staffroll_c.xml#1832,クーリン,库琳,translated,text,1c6f5779b8,br=0 nl=0,
ui/ui/staffroll/uil_staffroll_c.xml#1889,新垣　樽助,新垣 樽助,translated,text,d639834023,br=0 nl=0,
ui/ui/staffroll/uil_staffroll_c.xml#1950,パラライノ,帕拉莱诺,translated,text,989c105a5b,br=0 nl=0,
ui/ui/staffroll/uil_staffroll_c.xml#2008,森谷　里美,森谷 里美,translated,text,b1ce9ad2ab,br=0 nl=0,
ui/ui/staffroll/uil_staffroll_c.xml#2069,白鷹,白鹰,translated,text,80f8839be9,br=0 nl=0,
ui/ui/staffroll/uil_staffroll_c.xml#2124,新垣　樽助,新垣 樽助,translated,text,d639834023,br=0 nl=0,
ui/ui/staffroll/uil_staffroll_c.xml#2185,ねりこ,妮莉库,translated,text,89b50863af,br=0 nl=0,
ui/ui/staffroll/uil_staffroll_c.xml#2301,テレフンケン,泰雷芬肯,translated,text,ce98c0f0ab,br=0 nl=0,
ui/ui/staffroll/uil_staffroll_c.xml#2360,阿久津　加菜,阿久津 加菜,translated,text,49781c7816,br=0 nl=0,
ui/ui/staffroll/uil_staffroll_c.xml#2499,プランナーズセクション,策划部门,translated,text,0d32843cb5,br=0 nl=0,
ui/ui/staffroll/uil_staffroll_c.xml#2567,赤本　憲一,赤本 宪一,translated,text,ad611cf688,br=0 nl=0,
ui/ui/staffroll/uil_staffroll_c.xml#2628,梅田　雅武,梅田 雅武,translated,text,bcb88320ab,br=0 nl=0,
ui/ui/staffroll/uil_staffroll_c.xml#2689,村岡　剛弥,村冈 刚弥,translated,text,0e75a921bc,br=0 nl=0,
ui/ui/staffroll/uil_staffroll_c.xml#2750,加藤　周太,加藤 周太,translated,text,ddca2f6427,br=0 nl=0,
ui/ui/staffroll/uil_staffroll_c.xml#2811,松岡　大樹,松冈 大树,translated,text,d372601979,br=0 nl=0,
ui/ui/staffroll/uil_staffroll_c.xml#2872,田中　俊明,田中 俊明,translated,text,1d00fedc6b,br=0 nl=0,
ui/ui/staffroll/uil_staffroll_c.xml#2933,本田　響己,本田 响己,translated,text,dc0235233e,br=0 nl=0,
ui/ui/staffroll/uil_staffroll_c.xml#2994,プログラマーズセクション,程序员部门,translated,text,44c735ef17,br=0 nl=0,
ui/ui/staffroll/uil_staffroll_c.xml#3063,髙山　雅俊,高山 雅俊,translated,text,2b05fc035d,br=0 nl=0,
ui/ui/staffroll/uil_staffroll_c.xml#3124,金澤　佑介,金泽 佑介,translated,text,2038649a07,br=0 nl=0,
ui/ui/staffroll/uil_staffroll_c.xml#3185,山之口　操,山之口 操,translated,text,b0122ef9d0,br=0 nl=0,
ui/ui/staffroll/uil_staffroll_c.xml#3247,大田　尚明,大田 尚明,translated,text,74d4e53ec8,br=0 nl=0,
ui/ui/staffroll/uil_staffroll_c.xml#3309,難波　亮,难波 亮,translated,text,9377b6d3a4,br=0 nl=0,
ui/ui/staffroll/uil_staffroll_c.xml#3370,臼田　亜斗務,臼田 亚斗务,translated,text,020f1a7e76,br=0 nl=0,
ui/ui/staffroll/uil_staffroll_c.xml#3433,桂山　豪,桂山 豪,translated,text,1c84ff1e78,br=0 nl=0,
ui/ui/staffroll/uil_staffroll_c.xml#3494,佐藤　和也,佐藤 和也,translated,text,30834084ba,br=0 nl=0,
ui/ui/staffroll/uil_staffroll_c.xml#3556,山﨑　康平,山崎 康平,translated,text,ffb250d30a,br=0 nl=0,
ui/ui/staffroll/uil_staffroll_c.xml#3618,山下　真心,山下 真心,translated,text,61f5e37636,br=0 nl=0,
ui/ui/staffroll/uil_staffroll_c.xml#3680,デザイナーズセクション,设计师部门,translated,text,4ec447bf85,br=0 nl=0,
ui/ui/staffroll/uil_staffroll_c.xml#3749,CGディレクター,CG总监,translated,text,13d644da31,br=0 nl=0,
ui/ui/staffroll/uil_staffroll_c.xml#3811,岩瀬　智至,岩濑 智至,translated,text,e639b9e580,br=0 nl=0,
ui/ui/staffroll/uil_staffroll_c.xml#3873,キャラクターモデル,角色模型,translated,text,847a6758ec,br=0 nl=0,
ui/ui/staffroll/uil_staffroll_c.xml#3936,鈴木　康浩,铃木 康浩,translated,text,4ba488d04a,br=0 nl=0,
ui/ui/staffroll/uil_staffroll_c.xml#3998,早﨑　七海,早崎 七海,translated,text,1f6d7c33b0,br=0 nl=0,
ui/ui/staffroll/uil_staffroll_c.xml#4060,背景モデル,背景模型,translated,text,54bea4a2cc,br=0 nl=0,
ui/ui/staffroll/uil_staffroll_c.xml#4119,飯島　理恵,饭岛 理惠,translated,text,deda665c29,br=0 nl=0,
ui/ui/staffroll/uil_staffroll_c.xml#4181,インターフェースデザイン,界面设计,translated,text,c1c661b0bb,br=0 nl=0,
ui/ui/staffroll/uil_staffroll_c.xml#4247,馬場　博美,马场 博美,translated,text,2c333deaa0,br=0 nl=0,
ui/ui/staffroll/uil_staffroll_c.xml#4589,映像編集,影像编辑,translated,text,2bb223e3c0,br=0 nl=0,
ui/ui/staffroll/uil_staffroll_c.xml#4647,有馬　真作,有马 真作,translated,text,e32c2634a1,br=0 nl=0,
ui/ui/staffroll/uil_staffroll_c.xml#4709,斉藤　康信,齐藤 康信,translated,text,70a94fe358,br=0 nl=0,
ui/ui/staffroll/uil_staffroll_c.xml#4771,CG制作管理,CG制作管理,translated,text,4ea12195e3,br=0 nl=0,
ui/ui/staffroll/uil_staffroll_c.xml#4831,江川　弥寿生,江川 弥寿生,translated,text,f368d66cf7,br=0 nl=0,
ui/ui/staffroll/uil_staffroll_c.xml#4894,サウンドセクション,音效部门,translated,text,f692631407,br=0 nl=0,
ui/ui/staffroll/uil_staffroll_c.xml#4961,サウンドディレクター,音效总监,translated,text,87caf5e3c1,br=0 nl=0,
ui/ui/staffroll/uil_staffroll_c.xml#5025,高橋 洋明,高桥 洋明,translated,text,7d715a66f1,br=0 nl=0,
ui/ui/staffroll/uil_staffroll_c.xml#5087,天津光栄特庫摩軟件有限公司,天津光荣特库摩软件有限公司,translated,text,8a7dbadc6f,br=0 nl=0,
ui/ui/staffroll/uil_staffroll_c.xml#5158,デベロップメントマネージャー,开发经理,translated,text,a3540a5b0b,br=0 nl=0,
ui/ui/staffroll/uil_staffroll_c.xml#5226,安　曄,安 晔,translated,text,4b7cd118fa,br=0 nl=0,
ui/ui/staffroll/uil_staffroll_c.xml#5286,陳　皓,陈 皓,translated,text,dc3efeabc9,br=0 nl=0,
ui/ui/staffroll/uil_staffroll_c.xml#5346,プログラマー,程序员,translated,text,00a1706077,br=0 nl=0,
ui/ui/staffroll/uil_staffroll_c.xml#5406,岳　凱,岳 凯,translated,text,632d70a250,br=0 nl=0,
ui/ui/staffroll/uil_staffroll_c.xml#5466,陳　永飛,陈 永飞,translated,text,d262704611,br=0 nl=0,
ui/ui/staffroll/uil_staffroll_c.xml#5527,王　岩,王 岩,translated,text,55dc179b66,br=0 nl=0,
ui/ui/staffroll/uil_staffroll_c.xml#5587,孫　家琛,孙 家琛,translated,text,685b83afc1,br=0 nl=0,
ui/ui/staffroll/uil_staffroll_c.xml#5648,程　青舟,程 青舟,translated,text,27beff94b3,br=0 nl=0,
ui/ui/staffroll/uil_staffroll_c.xml#5709,劉　唯揚,刘 唯扬,translated,text,c2911ed2d9,br=0 nl=0,
ui/ui/staffroll/uil_staffroll_c.xml#5770,張　昊,张 昊,translated,text,275df0df5e,br=0 nl=0,
ui/ui/staffroll/uil_staffroll_c.xml#5830,デザイナー,设计师,translated,text,ed058a1ab0,br=0 nl=0,
ui/ui/staffroll/uil_staffroll_c.xml#5889,田　雪嬌,田 雪娇,translated,text,a11cdcd193,br=0 nl=0,
ui/ui/staffroll/uil_staffroll_c.xml#5950,広報,宣传,translated,text,6746eee8d6,br=0 nl=0,
ui/ui/staffroll/uil_staffroll_c.xml#6010,PRマーケティング,公关营销,translated,text,954a61299a,br=0 nl=0,
ui/ui/staffroll/uil_staffroll_c.xml#6073,吉川　真人,吉川 真人,translated,text,8a2ba50898,br=0 nl=0,
ui/ui/staffroll/uil_staffroll_c.xml#6135,水上　冴理,水上 冴理,translated,text,e4f4fa1d6a,br=0 nl=0,
ui/ui/staffroll/uil_staffroll_c.xml#6197,ソフトウェアマニュアル,软件手册,translated,text,9b5617111b,br=0 nl=0,
ui/ui/staffroll/uil_staffroll_c.xml#6266,加藤　雅大,加藤 雅大,translated,text,91bf91643d,br=0 nl=0,
ui/ui/staffroll/uil_staffroll_c.xml#6328,辻　槙人,辻 槙人,translated,text,c1cb4f06f8,br=0 nl=0,
ui/ui/staffroll/uil_staffroll_c.xml#6389,QAスタッフ,QA人员,translated,text,36ff45b240,br=0 nl=0,
ui/ui/staffroll/uil_staffroll_c.xml#6453,長谷川　茂,长谷川 茂,translated,text,3814329436,br=0 nl=0,
ui/ui/staffroll/uil_staffroll_c.xml#6515,キャラクターデザイン,角色设计,translated,text,34ac32a91f,br=0 nl=0,
ui/ui/staffroll/uil_staffroll_c.xml#6583,キャラクターイラスト,角色插画,translated,text,8ffb0bbffd,br=0 nl=0,
ui/ui/staffroll/uil_staffroll_c.xml#6712,パッケージイラスト,包装插画,translated,text,11036680bc,br=0 nl=0,
ui/ui/staffroll/uil_staffroll_c.xml#6779,フブキ,吹雪,translated,text,40f5527db7,br=0 nl=0,
ui/ui/staffroll/uil_staffroll_c.xml#6839,ワールドデザイン,世界设定设计,translated,text,a0094128c7,br=0 nl=0,
ui/ui/staffroll/uil_staffroll_c.xml#6905,松本　秀幸,松本 秀幸,translated,text,cac6e320dc,br=0 nl=0,
ui/ui/staffroll/uil_staffroll_c.xml#7028,コスチュームデザイン,服装设计,translated,text,b483d19059,br=0 nl=0,
ui/ui/staffroll/uil_staffroll_c.xml#7157,川松　由典,川松 由典,translated,text,654827f5ab,br=0 nl=0,
ui/ui/staffroll/uil_staffroll_c.xml#7219,桑田　ヤスヒロ,桑田 康弘,translated,text,6dec656f3b,br=0 nl=0,
ui/ui/staffroll/uil_staffroll_c.xml#7283,燕藤　ユウ,燕藤 悠,translated,text,8c84789206,br=0 nl=0,
ui/ui/staffroll/uil_staffroll_c.xml#7345,タスクテロップ・SDキャラデザイン,任务字幕・Q版角色设计,translated,text,158e93640f,br=0 nl=0,
ui/ui/staffroll/uil_staffroll_c.xml#7420,芹沢えのの,芹泽 Enono,translated,text,607d0edcc0,br=0 nl=0,
ui/ui/staffroll/uil_staffroll_c.xml#7482,シナリオ・脚本,剧本・脚本,translated,text,5b884ebd35,br=0 nl=0,
ui/ui/staffroll/uil_staffroll_c.xml#7547,夢セカイパート,梦世界部分,translated,text,aea66df668,br=0 nl=0,
ui/ui/staffroll/uil_staffroll_c.xml#7611,脚本,剧本,translated,text,7fbccbeb8a,br=0 nl=0,
ui/ui/staffroll/uil_staffroll_c.xml#7667,和泉　亮,和泉 亮,translated,text,eafef1a497,br=0 nl=0,
ui/ui/staffroll/uil_staffroll_c.xml#7728,花野　十三,花野 十三,translated,text,9990db3f0b,br=0 nl=0,
ui/ui/staffroll/uil_staffroll_c.xml#7790,谷村　大四郎,谷村 大四郎,translated,text,40c336b78f,br=0 nl=0,
ui/ui/staffroll/uil_staffroll_c.xml#7923,デザイン・モデリング・アニメーション,设计・建模・动画,translated,text,38967eaa41,br=0 nl=0,
ui/ui/staffroll/uil_staffroll_c.xml#7999,株式会社FlightUNIT,株式会社FlightUNIT,translated,text,1da69201f4,br=0 nl=0,
ui/ui/staffroll/uil_staffroll_c.xml#8070,キャラクターデザイン,角色设计,translated,text,34ac32a91f,br=0 nl=0,
ui/ui/staffroll/uil_staffroll_c.xml#8195,キャラクターモデリング,角色建模,translated,text,8148a92946,br=0 nl=0,
ui/ui/staffroll/uil_staffroll_c.xml#8260,桑田　まり子,桑田 真理子,translated,text,9a7ef2f3de,br=0 nl=0,
ui/ui/staffroll/uil_staffroll_c.xml#8323,川松　由典,川松 由典,translated,text,654827f5ab,br=0 nl=0,
ui/ui/staffroll/uil_staffroll_c.xml#8385,ワールドモデリング,世界建模,translated,text,8443ae1813,br=0 nl=0,
ui/ui/staffroll/uil_staffroll_c.xml#8509,川松　由典,川松 由典,translated,text,654827f5ab,br=0 nl=0,
ui/ui/staffroll/uil_staffroll_c.xml#8571,シャールデザイン,夏尔设计,translated,text,9d9cefacba,br=0 nl=0,
ui/ui/staffroll/uil_staffroll_c.xml#8694,川松　由典,川松 由典,translated,text,654827f5ab,br=0 nl=0,
ui/ui/staffroll/uil_staffroll_c.xml#8756,シャールモデリング,夏尔建模,translated,text,9e768da080,br=0 nl=0,
ui/ui/staffroll/uil_staffroll_c.xml#8819,川松　由典,川松 由典,translated,text,654827f5ab,br=0 nl=0,
ui/ui/staffroll/uil_staffroll_c.xml#8881,キャラクターアニメーション,角色动画,translated,text,6245f96f88,br=0 nl=0,
ui/ui/staffroll/uil_staffroll_c.xml#8948,山口　力哉,山口 力哉,translated,text,9db200242b,br=0 nl=0,
ui/ui/staffroll/uil_staffroll_c.xml#9010,テクニカルエンジニア,技术工程师,translated,text,1f8b0ef79d,br=0 nl=0,
ui/ui/staffroll/uil_staffroll_c.xml#9074,乱道,乱道,translated,text,afcfc8f99b,br=0 nl=0,
ui/ui/staffroll/uil_staffroll_c.xml#9133,大坪　俊介,大坪 俊介,translated,text,e4a7f6282a,br=0 nl=0,
ui/ui/staffroll/uil_staffroll_c.xml#9195,キャラクターセットアップ,角色装配,translated,text,2d9c1a161a,br=0 nl=0,
ui/ui/staffroll/uil_staffroll_c.xml#9261,大坪　俊介,大坪 俊介,translated,text,e4a7f6282a,br=0 nl=0,
ui/ui/staffroll/uil_staffroll_c.xml#9323,川松　由典,川松 由典,translated,text,654827f5ab,br=0 nl=0,
ui/ui/staffroll/uil_staffroll_c.xml#9385,マネジメント,管理,translated,text,644f6dd8a3,br=0 nl=0,
ui/ui/staffroll/uil_staffroll_c.xml#9445,松本　浩幸,松本 浩幸,translated,text,31c3a3098b,br=0 nl=0,
ui/ui/staffroll/uil_staffroll_c.xml#9507,背景描画,背景绘制,translated,text,7c693fd5dd,br=0 nl=0,
ui/ui/staffroll/uil_staffroll_c.xml#9569,松本　秀幸,松本 秀幸,translated,text,cac6e320dc,br=0 nl=0,
ui/ui/staffroll/uil_staffroll_c.xml#9631,藤野　健,藤野 健,translated,text,c8f847de19,br=0 nl=0,
ui/ui/staffroll/uil_staffroll_c.xml#9692,(千住工房),(千住工房),translated,text,72db564c31,br=0 nl=0,
ui/ui/staffroll/uil_staffroll_c.xml#9755,ムービー制作,影像制作,translated,text,76380644cd,br=0 nl=0,
ui/ui/staffroll/uil_staffroll_c.xml#9819,演出,演出,translated,text,7084a5c4b4,br=0 nl=0,
ui/ui/staffroll/uil_staffroll_c.xml#9875,蜂屋　雅幸,蜂屋 雅幸,translated,text,bacd8a88e9,br=0 nl=0,
ui/ui/staffroll/uil_staffroll_c.xml#9937,制作協力,制作协力,translated,text,06c1dc4d63,br=0 nl=0,
ui/ui/staffroll/uil_staffroll_c.xml#10056,背景,背景,translated,text,b13d33a528,br=0 nl=0,
ui/ui/staffroll/uil_staffroll_c.xml#10112,藤野　健,藤野 健,translated,text,c8f847de19,br=0 nl=0,
ui/ui/staffroll/uil_staffroll_c.xml#10173,(千住工房),(千住工房),translated,text,72db564c31,br=0 nl=0,
ui/ui/staffroll/uil_staffroll_c.xml#10292,蜂屋　雅幸,蜂屋 雅幸,translated,text,bacd8a88e9,br=0 nl=0,
ui/ui/staffroll/uil_staffroll_c.xml#10354,嘉藤　公紀,嘉藤 公纪,translated,text,b11bc7bcd0,br=0 nl=0,
ui/ui/staffroll/uil_staffroll_c.xml#10416,デザイン・グラフィック,设计・平面,translated,text,9c670269cd,br=0 nl=0,
ui/ui/staffroll/uil_staffroll_c.xml#10481,村澤　晴海,村泽 晴海,translated,text,ccc3eb0e5b,br=0 nl=0,
ui/ui/staffroll/uil_staffroll_c.xml#10543,目黒　久美子,目黑 久美子,translated,text,e42a1e5bcf,br=0 nl=0,
ui/ui/staffroll/uil_staffroll_c.xml#10606,制作進行管理,制作进度管理,translated,text,fce087be8d,br=0 nl=0,
ui/ui/staffroll/uil_staffroll_c.xml#10666,高橋　真,高桥 真,translated,text,0418a4adc3,br=0 nl=0,
ui/ui/staffroll/uil_staffroll_c.xml#10727,キャラクターアニメーション,角色动画,translated,text,6245f96f88,br=0 nl=0,
ui/ui/staffroll/uil_staffroll_c.xml#10794,山口　力哉,山口 力哉,translated,text,9db200242b,br=0 nl=0,
ui/ui/staffroll/uil_staffroll_c.xml#10856,大法要祝詞,大法要祝词,translated,text,de34d54786,br=0 nl=0,
ui/ui/staffroll/uil_staffroll_c.xml#10919,協力,协力,translated,text,1a054b3135,br=0 nl=0,
ui/ui/staffroll/uil_staffroll_c.xml#11044,バックグラウンドミュージック,背景音乐,translated,text,a5e60b8440,br=0 nl=0,
ui/ui/staffroll/uil_staffroll_c.xml#11116,コンポーザー,作曲家,translated,text,259843924f,br=0 nl=0,
ui/ui/staffroll/uil_staffroll_c.xml#11176,志方　あきこ,志方 晶子,translated,text,05f122732c,br=0 nl=0,
ui/ui/staffroll/uil_staffroll_c.xml#11445,音響,音效,translated,text,a94ecabc3c,br=0 nl=0,
ui/ui/staffroll/uil_staffroll_c.xml#11505,音響監督,音效总监,translated,text,e4bfb6b35d,br=0 nl=0,
ui/ui/staffroll/uil_staffroll_c.xml#11563,納谷　僚介,纳谷 僚介,translated,text,d0a88d7501,br=0 nl=0,
ui/ui/staffroll/uil_staffroll_c.xml#11625,録音調整,录音调整,translated,text,bdaaaa1218,br=0 nl=0,
ui/ui/staffroll/uil_staffroll_c.xml#11683,田中　直也,田中 直也,translated,text,a61c475fb5,br=0 nl=0,
ui/ui/staffroll/uil_staffroll_c.xml#11745,録音助手,录音助手,translated,text,2cd5fceb80,br=0 nl=0,
ui/ui/staffroll/uil_staffroll_c.xml#11803,三田　颯,三田 飒,translated,text,36385611f0,br=0 nl=0,
ui/ui/staffroll/uil_staffroll_c.xml#11864,道下　彩,道下 彩,translated,text,d5f8dc474d,br=0 nl=0,
ui/ui/staffroll/uil_staffroll_c.xml#11925,宮林　良太,宫林 良太,translated,text,0f70c3cd9a,br=0 nl=0,
ui/ui/staffroll/uil_staffroll_c.xml#11987,音響制作,音效制作,translated,text,3ba07c72e1,br=0 nl=0,
ui/ui/staffroll/uil_staffroll_c.xml#12114,音声編集,音频编辑,translated,text,e38d80f3d6,br=0 nl=0,
ui/ui/staffroll/uil_staffroll_c.xml#12176,株式会社ブレイブハーツ,株式会社Brave Hearts,translated,text,e92fbd661d,br=0 nl=0,
ui/ui/staffroll/uil_staffroll_c.xml#12244,デバッグ,调试,translated,text,93640dad3a,br=0 nl=0,
ui/ui/staffroll/uil_staffroll_c.xml#12306,ポールトゥウィン株式会社,株式会社Pole To Win,translated,text,cda47e17fb,br=0 nl=0,
ui/ui/staffroll/uil_staffroll_c.xml#12375,三田村　理史,三田村 理史,translated,text,471a7652f7,br=0 nl=0,
ui/ui/staffroll/uil_staffroll_c.xml#12438,山崎　乙,山崎 乙,translated,text,8f70623b22,br=0 nl=0,
ui/ui/staffroll/uil_staffroll_c.xml#12499,牧　睦美,牧 睦美,translated,text,36499eaf9d,br=0 nl=0,
ui/ui/staffroll/uil_staffroll_c.xml#12560,木村　知生,木村 知生,translated,text,f4f07268a4,br=0 nl=0,
ui/ui/staffroll/uil_staffroll_c.xml#12622,宮下　廣大,宫下 广大,translated,text,4c64af3cd0,br=0 nl=0,
ui/ui/staffroll/uil_staffroll_c.xml#12684,【シェルノサージュ・ゲームパート】,【Ciel nosurge游戏部分】,translated,text,9248244bef,br=0 nl=0,
ui/ui/staffroll/uil_staffroll_c.xml#12759,ワールドイラスト,世界插画,translated,text,5cd301b8d2,br=0 nl=0,
ui/ui/staffroll/uil_staffroll_c.xml#12825,松本　秀幸,松本 秀幸,translated,text,cac6e320dc,br=0 nl=0,
ui/ui/staffroll/uil_staffroll_c.xml#12887,加藤　たいら,加藤 泰良,translated,text,06ffb04cd0,br=0 nl=0,
ui/ui/staffroll/uil_staffroll_c.xml#12950,株式会社千住工房,株式会社千住工房,translated,text,3de756af57,br=0 nl=0,
ui/ui/staffroll/uil_staffroll_c.xml#13015,杉本　あゆみ,杉本 亚由美,translated,text,0cc43ca50f,br=0 nl=0,
ui/ui/staffroll/uil_staffroll_c.xml#13078,小林　雅代,小林 雅代,translated,text,b0113f997a,br=0 nl=0,
ui/ui/staffroll/uil_staffroll_c.xml#13140,藤野　健,藤野 健,translated,text,c8f847de19,br=0 nl=0,
ui/ui/staffroll/uil_staffroll_c.xml#13201,山梨　彩子,山梨 彩子,translated,text,b952ec77ac,br=0 nl=0,
ui/ui/staffroll/uil_staffroll_c.xml#13263,株式会社ロジスティックス,株式会社Logistics,translated,text,8ec59442f3,br=0 nl=0,
ui/ui/staffroll/uil_staffroll_c.xml#13332,チーム・ティルドーン,Team TillDawn,translated,text,20dce76a53,br=0 nl=0,
ui/ui/staffroll/uil_staffroll_c.xml#13396,宮越　歩,宫越 步,translated,text,fe37f2f67e,br=0 nl=0,
ui/ui/staffroll/uil_staffroll_c.xml#13457,川松　由典,川松 由典,translated,text,654827f5ab,br=0 nl=0,
ui/ui/staffroll/uil_staffroll_c.xml#13519,シナリオライターセクション,编剧部门,translated,text,a1348aacfb,br=0 nl=0,
ui/ui/staffroll/uil_staffroll_c.xml#13590,夢セカイパート,梦世界部分,translated,text,aea66df668,br=0 nl=0,
ui/ui/staffroll/uil_staffroll_c.xml#13654,脚本,剧本,translated,text,7fbccbeb8a,br=0 nl=0,
ui/ui/staffroll/uil_staffroll_c.xml#13710,谷村　大四郎,谷村 大四郎,translated,text,40c336b78f,br=0 nl=0,
ui/ui/staffroll/uil_staffroll_c.xml#13842,花野　十三 ,花野 十三,translated,text,ec9f16e629,br=0 nl=0,
ui/ui/staffroll/uil_staffroll_c.xml#13967,和泉　亮 ,和泉 亮,translated,text,64981930da,br=0 nl=0,
ui/ui/staffroll/uil_staffroll_c.xml#14092,デザイナーズセクション,设计师部门,translated,text,4ec447bf85,br=0 nl=0,
ui/ui/staffroll/uil_staffroll_c.xml#14161,アイテムCG作成,道具CG制作,translated,text,4959dedafc,br=0 nl=0,
ui/ui/staffroll/uil_staffroll_c.xml#14223,小瀬　希,小濑 希,translated,text,31c8eb4891,br=0 nl=0,
ui/ui/staffroll/uil_staffroll_c.xml#14284,プログラマーズセクション,程序员部门,translated,text,44c735ef17,br=0 nl=0,
ui/ui/staffroll/uil_staffroll_c.xml#14354,【オフライン版制作】,【单机版制作】,translated,text,03d64cac73,br=0 nl=0,
ui/ui/staffroll/uil_staffroll_c.xml#14421,株式会社メテオライズ,株式会社Meteorise,translated,text,61cde65511,br=0 nl=0,
ui/ui/staffroll/uil_staffroll_c.xml#14488,デベロップメントマネージャー,开发经理,translated,text,a3540a5b0b,br=0 nl=0,
ui/ui/staffroll/uil_staffroll_c.xml#14556,渡邉　幸二,渡边 幸二,translated,text,a836876d7e,br=0 nl=0,
ui/ui/staffroll/uil_staffroll_c.xml#14618,リードプログラマー,主程序员,translated,text,9229f02856,br=0 nl=0,
ui/ui/staffroll/uil_staffroll_c.xml#14681,山本　哲也,山本 哲也,translated,text,3f4c63e01f,br=0 nl=0,
ui/ui/staffroll/uil_staffroll_c.xml#14743,新井　朗,新井 朗,translated,text,90f9b443bf,br=0 nl=0,
ui/ui/staffroll/uil_staffroll_c.xml#14804,井出　純平,井出 纯平,translated,text,539eef3cdb,br=0 nl=0,
ui/ui/staffroll/uil_staffroll_c.xml#14866,堀川　雄大,堀川 雄大,translated,text,0427e75ecf,br=0 nl=0,
ui/ui/staffroll/uil_staffroll_c.xml#14928,株式会社メテオライズ,株式会社Meteorise,translated,text,61cde65511,br=0 nl=0,
ui/ui/staffroll/uil_staffroll_c.xml#14995,HTTP ネットワーク モジュール,HTTP网络模块,translated,text,700b00a437,br=0 nl=0,
ui/ui/staffroll/uil_staffroll_c.xml#15066,渡邉　幸二,渡边 幸二,translated,text,a836876d7e,br=0 nl=0,
ui/ui/staffroll/uil_staffroll_c.xml#15128,シャール システム,夏尔系统,translated,text,3000840e0e,br=0 nl=0,
ui/ui/staffroll/uil_staffroll_c.xml#15191,山本　哲也,山本 哲也,translated,text,3f4c63e01f,br=0 nl=0,
ui/ui/staffroll/uil_staffroll_c.xml#15253,株式会社エクストリーム,株式会社Extreme,translated,text,98c9f61cf3,br=0 nl=0,
ui/ui/staffroll/uil_staffroll_c.xml#15321,プログラムサポート,程序支援,translated,text,26d10aad29,br=0 nl=0,
ui/ui/staffroll/uil_staffroll_c.xml#15384,加津間　聡,加津间 聪,translated,text,0781ac921c,br=0 nl=0,
ui/ui/staffroll/uil_staffroll_c.xml#15446,青木　一也,青木 一也,translated,text,c83b05964d,br=0 nl=0,
ui/ui/staffroll/uil_staffroll_c.xml#15508,ネットワークセクション,网络部门,translated,text,4e67a84cd1,br=0 nl=0,
ui/ui/staffroll/uil_staffroll_c.xml#15647,ウェブエンジニア,网页工程师,translated,text,6cb6815dad,br=0 nl=0,
ui/ui/staffroll/uil_staffroll_c.xml#15709,三島　功,三岛 功,translated,text,5b8e07376e,br=0 nl=0,
ui/ui/staffroll/uil_staffroll_c.xml#15770,(株)wizgeek,(株)wizgeek,translated,text,cd5a3764f1,br=0 nl=0,
ui/ui/staffroll/uil_staffroll_c.xml#15837,ウェブオペレーション,网页运维,translated,text,0299d42ed3,br=0 nl=0,
ui/ui/staffroll/uil_staffroll_c.xml#15901,仲田　享司,仲田 享司,translated,text,2a82ae3f5e,br=0 nl=0,
ui/ui/staffroll/uil_staffroll_c.xml#15963,３Ｄモデル＆モーション,3D模型与动作,translated,text,cfca7f34e9,br=0 nl=0,
ui/ui/staffroll/uil_staffroll_c.xml#16032,株式会社FlightUNIT,株式会社FlightUNIT,translated,text,1da69201f4,br=0 nl=0,
ui/ui/staffroll/uil_staffroll_c.xml#16103,アートディレクター,艺术总监,translated,text,c34e651c44,br=0 nl=0,
ui/ui/staffroll/uil_staffroll_c.xml#16227,メイン3Dモデリング,主3D建模,translated,text,7a817aa640,br=0 nl=0,
ui/ui/staffroll/uil_staffroll_c.xml#16352,3Dモデリング,3D建模,translated,text,a9229cb55f,br=0 nl=0,
ui/ui/staffroll/uil_staffroll_c.xml#16413,川松　由典,川松 由典,translated,text,654827f5ab,br=0 nl=0,
ui/ui/staffroll/uil_staffroll_c.xml#16475,桑田　まり子,桑田 真理子,translated,text,9a7ef2f3de,br=0 nl=0,
ui/ui/staffroll/uil_staffroll_c.xml#16538,燕藤　ユウ,燕藤 悠,translated,text,8c84789206,br=0 nl=0,
ui/ui/staffroll/uil_staffroll_c.xml#16600,ワールドモデリング,世界建模,translated,text,8443ae1813,br=0 nl=0,
ui/ui/staffroll/uil_staffroll_c.xml#16663,川松　由典,川松 由典,translated,text,654827f5ab,br=0 nl=0,
ui/ui/staffroll/uil_staffroll_c.xml#16725,大坪　俊介,大坪 俊介,translated,text,e4a7f6282a,br=0 nl=0,
ui/ui/staffroll/uil_staffroll_c.xml#16787,桑田　まり子,桑田 真理子,translated,text,9a7ef2f3de,br=0 nl=0,
ui/ui/staffroll/uil_staffroll_c.xml#16850,シャールデザイン,夏尔设计,translated,text,9d9cefacba,br=0 nl=0,
ui/ui/staffroll/uil_staffroll_c.xml#16973,川松　由典,川松 由典,translated,text,654827f5ab,br=0 nl=0,
ui/ui/staffroll/uil_staffroll_c.xml#17035,シャールモデリング,夏尔建模,translated,text,9e768da080,br=0 nl=0,
ui/ui/staffroll/uil_staffroll_c.xml#17098,川松　由典,川松 由典,translated,text,654827f5ab,br=0 nl=0,
ui/ui/staffroll/uil_staffroll_c.xml#17160,高橋　聖,高桥 圣,translated,text,dfbf0ca1c6,br=0 nl=0,
ui/ui/staffroll/uil_staffroll_c.xml#17221,桑田　まり子,桑田 真理子,translated,text,9a7ef2f3de,br=0 nl=0,
ui/ui/staffroll/uil_staffroll_c.xml#17284,メインアニメーター,主动画师,translated,text,4a9646d5bb,br=0 nl=0,
ui/ui/staffroll/uil_staffroll_c.xml#17347,山口　力哉,山口 力哉,translated,text,9db200242b,br=0 nl=0,
ui/ui/staffroll/uil_staffroll_c.xml#17409,キャラクターアニメーション,角色动画,translated,text,6245f96f88,br=0 nl=0,
ui/ui/staffroll/uil_staffroll_c.xml#17476,矢戸　恵,矢户 惠,translated,text,98bd1a2e46,br=0 nl=0,
ui/ui/staffroll/uil_staffroll_c.xml#17598,イベントプログラム,事件程序,translated,text,45c20cb56a,br=0 nl=0,
ui/ui/staffroll/uil_staffroll_c.xml#17661,乱道,乱道,translated,text,afcfc8f99b,br=0 nl=0,
ui/ui/staffroll/uil_staffroll_c.xml#17720,テクニカルエンジニア,技术工程师,translated,text,1f8b0ef79d,br=0 nl=0,
ui/ui/staffroll/uil_staffroll_c.xml#17784,乱道,乱道,translated,text,afcfc8f99b,br=0 nl=0,
ui/ui/staffroll/uil_staffroll_c.xml#17843,大坪　俊介,大坪 俊介,translated,text,e4a7f6282a,br=0 nl=0,
ui/ui/staffroll/uil_staffroll_c.xml#17905,キャラクターセットアップ,角色装配,translated,text,2d9c1a161a,br=0 nl=0,
ui/ui/staffroll/uil_staffroll_c.xml#17971,大坪　俊介,大坪 俊介,translated,text,e4a7f6282a,br=0 nl=0,
ui/ui/staffroll/uil_staffroll_c.xml#18033,矢戸　恵,矢户 惠,translated,text,98bd1a2e46,br=0 nl=0,
ui/ui/staffroll/uil_staffroll_c.xml#18094,インターフェイスデザイン,界面设计,translated,text,8fe4dab4e8,br=0 nl=0,
ui/ui/staffroll/uil_staffroll_c.xml#18221,桑田　まり子,桑田 真理子,translated,text,9a7ef2f3de,br=0 nl=0,
ui/ui/staffroll/uil_staffroll_c.xml#18284,マネジメント,管理,translated,text,644f6dd8a3,br=0 nl=0,
ui/ui/staffroll/uil_staffroll_c.xml#18344,松本　浩幸,松本 浩幸,translated,text,31c3a3098b,br=0 nl=0,
ui/ui/staffroll/uil_staffroll_c.xml#18406,オープニングムービー,片头影像,translated,text,bddc00b466,br=0 nl=0,
ui/ui/staffroll/uil_staffroll_c.xml#18474,絵コンテ・演出,分镜・演出,translated,text,c1285163f7,br=0 nl=0,
ui/ui/staffroll/uil_staffroll_c.xml#18596,ディレクター　,总监,translated,text,135e67823a,br=0 nl=0,
ui/ui/staffroll/uil_staffroll_c.xml#18657,嘉藤　公紀,嘉藤 公纪,translated,text,b11bc7bcd0,br=0 nl=0,
ui/ui/staffroll/uil_staffroll_c.xml#18775,浅尾　憲治,浅尾 宪治,translated,text,6bc5e803d3,br=0 nl=0,
ui/ui/staffroll/uil_staffroll_c.xml#18837,蜂屋　雅幸,蜂屋 雅幸,translated,text,bacd8a88e9,br=0 nl=0,
ui/ui/staffroll/uil_staffroll_c.xml#18899,森中　亮,森中 亮,translated,text,d2b56e5d7c,br=0 nl=0,
ui/ui/staffroll/uil_staffroll_c.xml#18960,製作,制作,translated,text,53c6bc4ef7,br=0 nl=0,
ui/ui/staffroll/uil_staffroll_c.xml#19016,ポイント・ピクチャーズ,Point Pictures,translated,text,4b9cc20967,br=0 nl=0,
ui/ui/staffroll/uil_staffroll_c.xml#19084,プロモーションムービー,宣传影像,translated,text,375c066366,br=0 nl=0,
ui/ui/staffroll/uil_staffroll_c.xml#19153,ディレクター　,总监,translated,text,135e67823a,br=0 nl=0,
ui/ui/staffroll/uil_staffroll_c.xml#19214,浅尾　憲治,浅尾 宪治,translated,text,6bc5e803d3,br=0 nl=0,
ui/ui/staffroll/uil_staffroll_c.xml#19332,森　進二郞,森 进二郎,translated,text,564356e8ac,br=0 nl=0,
ui/ui/staffroll/uil_staffroll_c.xml#19394,村澤　晴海,村泽 晴海,translated,text,ccc3eb0e5b,br=0 nl=0,
ui/ui/staffroll/uil_staffroll_c.xml#19456,大塚　竹男,大冢 竹男,translated,text,ac5a7c666f,br=0 nl=0,
ui/ui/staffroll/uil_staffroll_c.xml#19518,製作,制作,translated,text,53c6bc4ef7,br=0 nl=0,
ui/ui/staffroll/uil_staffroll_c.xml#19574,ポイント・ピクチャーズ,Point Pictures,translated,text,4b9cc20967,br=0 nl=0,
ui/ui/staffroll/uil_staffroll_c.xml#19642,詩ムービー,诗歌影像,translated,text,03e84567a7,br=0 nl=0,
ui/ui/staffroll/uil_staffroll_c.xml#19705,試練編第一幕,试炼篇第一幕,translated,text,1c1c42afa6,br=0 nl=0,
ui/ui/staffroll/uil_staffroll_c.xml#19768,ディレクター,总监,translated,text,074ca740ff,br=0 nl=0,
ui/ui/staffroll/uil_staffroll_c.xml#19828,絵コンテ・演出,分镜・演出,translated,text,c1285163f7,br=0 nl=0,
ui/ui/staffroll/uil_staffroll_c.xml#19950,キャラクターアニメーション,角色动画,translated,text,6245f96f88,br=0 nl=0,
ui/ui/staffroll/uil_staffroll_c.xml#20078,山口　力哉,山口 力哉,translated,text,9db200242b,br=0 nl=0,
ui/ui/staffroll/uil_staffroll_c.xml#20140,嘉藤　公紀,嘉藤 公纪,translated,text,b11bc7bcd0,br=0 nl=0,
ui/ui/staffroll/uil_staffroll_c.xml#20271,試練編第二幕・第三幕,试炼篇第二幕・第三幕,translated,text,6c1d0e7789,br=0 nl=0,
ui/ui/staffroll/uil_staffroll_c.xml#20338,編集,编辑,translated,text,d107b864c3,br=0 nl=0,
ui/ui/staffroll/uil_staffroll_c.xml#20394,土屋　暁,土屋 晓,translated,text,21998e95cc,br=0 nl=0,
ui/ui/staffroll/uil_staffroll_c.xml#20455,キャラクターアニメーション,角色动画,translated,text,6245f96f88,br=0 nl=0,
ui/ui/staffroll/uil_staffroll_c.xml#20522,山口　力哉,山口 力哉,translated,text,9db200242b,br=0 nl=0,
ui/ui/staffroll/uil_staffroll_c.xml#20584,ジェノミライムービー,杰诺米莱伊影像,translated,text,f6e7d2fd93,br=0 nl=0,
ui/ui/staffroll/uil_staffroll_c.xml#20652,制作,制作,translated,text,7d394484ec,br=0 nl=0,
ui/ui/staffroll/uil_staffroll_c.xml#20769,バックグラウンドミュージック,背景音乐,translated,text,a5e60b8440,br=0 nl=0,
ui/ui/staffroll/uil_staffroll_c.xml#20841,ミュージックディレクター,音乐总监,translated,text,d43c0fd3f4,br=0 nl=0,
ui/ui/staffroll/uil_staffroll_c.xml#20907,志方　あきこ,志方 晶子,translated,text,05f122732c,br=0 nl=0,
ui/ui/staffroll/uil_staffroll_c.xml#20970,コンポーザー,作曲家,translated,text,259843924f,br=0 nl=0,
ui/ui/staffroll/uil_staffroll_c.xml#21030,志方　あきこ,志方 晶子,translated,text,05f122732c,br=0 nl=0,
ui/ui/staffroll/uil_staffroll_c.xml#21299,アコースティックギター,原声吉他,translated,text,a7abba5538,br=0 nl=0,
ui/ui/staffroll/uil_staffroll_c.xml#21364,吉田　穣,吉田 穰,translated,text,c4ff906d3c,br=0 nl=0,
ui/ui/staffroll/uil_staffroll_c.xml#21425,エレキギター,电吉他,translated,text,1fa9044665,br=0 nl=0,
ui/ui/staffroll/uil_staffroll_c.xml#21485,吉田　穣,吉田 穰,translated,text,c4ff906d3c,br=0 nl=0,
ui/ui/staffroll/uil_staffroll_c.xml#21546,シタール,锡塔尔琴,translated,text,8f25ffe37e,br=0 nl=0,
ui/ui/staffroll/uil_staffroll_c.xml#21604,吉田　穣,吉田 穰,translated,text,c4ff906d3c,br=0 nl=0,
ui/ui/staffroll/uil_staffroll_c.xml#21665,ヴァイオリン,小提琴,translated,text,668c16f747,br=0 nl=0,
ui/ui/staffroll/uil_staffroll_c.xml#21725,大貫　聖子,大贯 圣子,translated,text,3869a50f95,br=0 nl=0,
ui/ui/staffroll/uil_staffroll_c.xml#21787,音響,音效,translated,text,a94ecabc3c,br=0 nl=0,
ui/ui/staffroll/uil_staffroll_c.xml#21847,音響監督,音效总监,translated,text,e4bfb6b35d,br=0 nl=0,
ui/ui/staffroll/uil_staffroll_c.xml#21905,納谷　僚介,纳谷 僚介,translated,text,d0a88d7501,br=0 nl=0,
ui/ui/staffroll/uil_staffroll_c.xml#21967,録音調整,录音调整,translated,text,bdaaaa1218,br=0 nl=0,
ui/ui/staffroll/uil_staffroll_c.xml#22025,田中　直也,田中 直也,translated,text,a61c475fb5,br=0 nl=0,
ui/ui/staffroll/uil_staffroll_c.xml#22087,録音助手,录音助手,translated,text,2cd5fceb80,br=0 nl=0,
ui/ui/staffroll/uil_staffroll_c.xml#22145,三田　颯,三田 飒,translated,text,36385611f0,br=0 nl=0,
ui/ui/staffroll/uil_staffroll_c.xml#22206,道下　彩,道下 彩,translated,text,d5f8dc474d,br=0 nl=0,
ui/ui/staffroll/uil_staffroll_c.xml#22267,音響制作,音效制作,translated,text,3ba07c72e1,br=0 nl=0,
ui/ui/staffroll/uil_staffroll_c.xml#22394,技術協力,技术协力,translated,text,09ac8b241a,br=0 nl=0,
ui/ui/staffroll/uil_staffroll_c.xml#22456,株式会社ＣＲＩ・ミドルウェア,株式会社CRI Middleware,translated,text,ddfc365935,br=0 nl=0,
ui/ui/staffroll/uil_staffroll_c.xml#22527,代表取締役専務ＣＴＯ,执行董事专务CTO,translated,text,e027789a7b,br=0 nl=0,
ui/ui/staffroll/uil_staffroll_c.xml#22591,押見　正雄,押见 正雄,translated,text,bb3d517d8c,br=0 nl=0,
ui/ui/staffroll/uil_staffroll_c.xml#22715,佐藤　修,佐藤 修,translated,text,8d20a19056,br=0 nl=0,
ui/ui/staffroll/uil_staffroll_c.xml#22776,鈴木　成門,铃木 成门,translated,text,151d8ce7cd,br=0 nl=0,
ui/ui/staffroll/uil_staffroll_c.xml#22838,郷原　亮,乡原 亮,translated,text,edafc04a4c,br=0 nl=0,
ui/ui/staffroll/uil_staffroll_c.xml#22899,水津　達也,水津 达也,translated,text,1b6339ac0a,br=0 nl=0,
ui/ui/staffroll/uil_staffroll_c.xml#22961,田中　孝,田中 孝,translated,text,6a01522493,br=0 nl=0,
ui/ui/staffroll/uil_staffroll_c.xml#23022,薄　　亮,薄 亮,translated,text,9be14828cf,br=0 nl=0,
ui/ui/staffroll/uil_staffroll_c.xml#23083,及川　進,及川 进,translated,text,564af3d63f,br=0 nl=0,
ui/ui/staffroll/uil_staffroll_c.xml#23209,漆畑　祐介,漆畑 佑介,translated,text,7b38215b37,br=0 nl=0,
ui/ui/staffroll/uil_staffroll_c.xml#23271,櫻井　敦史,樱井 敦史,translated,text,56fb1b2ef2,br=0 nl=0,
ui/ui/staffroll/uil_staffroll_c.xml#23396,花房　宏通,花房 宏通,translated,text,b03c5ceac2,br=0 nl=0,
ui/ui/staffroll/uil_staffroll_c.xml#23459,太田　政美,太田 政美,translated,text,84c8d1255b,br=0 nl=0,
ui/ui/staffroll/uil_staffroll_c.xml#23522,渡辺　大輔,渡边 大辅,translated,text,e1ba1468a3,br=0 nl=0,
ui/ui/staffroll/uil_staffroll_c.xml#23653,佐藤　修,佐藤 修,translated,text,8d20a19056,br=0 nl=0,
ui/ui/staffroll/uil_staffroll_c.xml#23715,デバッグ,调试,translated,text,93640dad3a,br=0 nl=0,
ui/ui/staffroll/uil_staffroll_c.xml#23778,ポールトゥウィン株式会社,株式会社Pole To Win,translated,text,cda47e17fb,br=0 nl=0,
ui/ui/staffroll/uil_staffroll_c.xml#23848,三田村 理史,三田村 理史,translated,text,77e158e1ae,br=0 nl=0,
ui/ui/staffroll/uil_staffroll_c.xml#23912,浅田　卓,浅田 卓,translated,text,adcb96dc81,br=0 nl=0,
ui/ui/staffroll/uil_staffroll_c.xml#23974,山崎　乙,山崎 乙,translated,text,8f70623b22,br=0 nl=0,
ui/ui/staffroll/uil_staffroll_c.xml#24036,大井 勇生,大井 勇生,translated,text,fcdda02341,br=0 nl=0,
ui/ui/staffroll/uil_staffroll_c.xml#24099,牧　睦美,牧 睦美,translated,text,36499eaf9d,br=0 nl=0,
ui/ui/staffroll/uil_staffroll_c.xml#24161,木村　知生,木村 知生,translated,text,f4f07268a4,br=0 nl=0,
ui/ui/staffroll/uil_staffroll_c.xml#24224,宮下　廣大,宫下 广大,translated,text,4c64af3cd0,br=0 nl=0,
ui/ui/staffroll/uil_staffroll_c.xml#24287,柴田　裕司,柴田 裕司,translated,text,13fa6f22df,br=0 nl=0,
ui/ui/staffroll/uil_staffroll_c.xml#24350,西原　正洋,西原 正洋,translated,text,1aa88db9f1,br=0 nl=0,
ui/ui/staffroll/uil_staffroll_c.xml#24413,高田　陽介,高田 阳介,translated,text,ec9fea6efa,br=0 nl=0,
ui/ui/staffroll/uil_staffroll_c.xml#24476,澤田　哲也,泽田 哲也,translated,text,bc595385ac,br=0 nl=0,
ui/ui/staffroll/uil_staffroll_c.xml#24539,渡邊　さや,渡边 沙耶,translated,text,a3fb83c85e,br=0 nl=0,
ui/ui/staffroll/uil_staffroll_c.xml#24602,山谷　武,山谷 武,translated,text,254588c758,br=0 nl=0,
ui/ui/staffroll/uil_staffroll_c.xml#24664,小川　早苗,小川 早苗,translated,text,116301b38a,br=0 nl=0,
ui/ui/staffroll/uil_staffroll_c.xml#24727,村川　雄一郎,村川 雄一郎,translated,text,93fd06889d,br=0 nl=0,
ui/ui/staffroll/uil_staffroll_c.xml#24791,挿入歌,插曲,translated,text,43505f0b2e,br=0 nl=0,
ui/ui/staffroll/uil_staffroll_c.xml#24853,#00『謳無き丘へ～Introduce Ver.～』,#00‘致无鸣之丘～Introduce Ver.～’,translated,text,abf88f0aa3,br=0 nl=0,src-longest-line=26
ui/ui/staffroll/uil_staffroll_c.xml#24937,ヴォーカル,主唱,translated,text,a9d22c4f25,br=0 nl=0,
ui/ui/staffroll/uil_staffroll_c.xml#24997,志方　あきこ,志方 晶子,translated,text,05f122732c,br=0 nl=0,
ui/ui/staffroll/uil_staffroll_c.xml#25061,コーラス,和声,translated,text,e6f23f00bd,br=0 nl=0,
ui/ui/staffroll/uil_staffroll_c.xml#25120,志方　あきこ,志方 晶子,translated,text,05f122732c,br=0 nl=0,
ui/ui/staffroll/uil_staffroll_c.xml#25184,作詞,作词,translated,text,37dd0a71d2,br=0 nl=0,
ui/ui/staffroll/uil_staffroll_c.xml#25241,土屋　暁,土屋 晓,translated,text,21998e95cc,br=0 nl=0,
ui/ui/staffroll/uil_staffroll_c.xml#25303,作曲,作曲,translated,text,779e678323,br=0 nl=0,
ui/ui/staffroll/uil_staffroll_c.xml#25360,土屋　暁,土屋 晓,translated,text,21998e95cc,br=0 nl=0,
ui/ui/staffroll/uil_staffroll_c.xml#25422,編曲,编曲,translated,text,0d9b094937,br=0 nl=0,
ui/ui/staffroll/uil_staffroll_c.xml#25479,志方　あきこ,志方 晶子,translated,text,05f122732c,br=0 nl=0,
ui/ui/staffroll/uil_staffroll_c.xml#25543,アコースティックギター,原声吉他,translated,text,a7abba5538,br=0 nl=0,
ui/ui/staffroll/uil_staffroll_c.xml#25609,田代　耕一郎,田代 耕一郎,translated,text,2b32bdbfd2,br=0 nl=0,
ui/ui/staffroll/uil_staffroll_c.xml#25673,アイリッシュブズーキー,爱尔兰布祖基琴,translated,text,d1c4382eb2,br=0 nl=0,
ui/ui/staffroll/uil_staffroll_c.xml#25739,田代　耕一郎,田代 耕一郎,translated,text,2b32bdbfd2,br=0 nl=0,
ui/ui/staffroll/uil_staffroll_c.xml#25878,ヴォーカル,主唱,translated,text,a9d22c4f25,br=0 nl=0,
ui/ui/staffroll/uil_staffroll_c.xml#25938,志方　あきこ,志方 晶子,translated,text,05f122732c,br=0 nl=0,
ui/ui/staffroll/uil_staffroll_c.xml#26002,コーラス,和声,translated,text,e6f23f00bd,br=0 nl=0,
ui/ui/staffroll/uil_staffroll_c.xml#26061,志方　あきこ,志方 晶子,translated,text,05f122732c,br=0 nl=0,
ui/ui/staffroll/uil_staffroll_c.xml#26125,作詞,作词,translated,text,37dd0a71d2,br=0 nl=0,
ui/ui/staffroll/uil_staffroll_c.xml#26182,志方　あきこ,志方 晶子,translated,text,05f122732c,br=0 nl=0,
ui/ui/staffroll/uil_staffroll_c.xml#26246,作曲,作曲,translated,text,779e678323,br=0 nl=0,
ui/ui/staffroll/uil_staffroll_c.xml#26303,志方　あきこ,志方 晶子,translated,text,05f122732c,br=0 nl=0,
ui/ui/staffroll/uil_staffroll_c.xml#26367,編曲,编曲,translated,text,0d9b094937,br=0 nl=0,
ui/ui/staffroll/uil_staffroll_c.xml#26424,志方　あきこ,志方 晶子,translated,text,05f122732c,br=0 nl=0,
ui/ui/staffroll/uil_staffroll_c.xml#26488,アコースティックギター,原声吉他,translated,text,a7abba5538,br=0 nl=0,
ui/ui/staffroll/uil_staffroll_c.xml#26554,田代　耕一郎,田代 耕一郎,translated,text,2b32bdbfd2,br=0 nl=0,
ui/ui/staffroll/uil_staffroll_c.xml#26618,カンテレ,康特勒琴,translated,text,99e23b542c,br=0 nl=0,
ui/ui/staffroll/uil_staffroll_c.xml#26677,田代　耕一郎,田代 耕一郎,translated,text,2b32bdbfd2,br=0 nl=0,
ui/ui/staffroll/uil_staffroll_c.xml#26741,パーカッション,打击乐,translated,text,b5c517e01d,br=0 nl=0,
ui/ui/staffroll/uil_staffroll_c.xml#26803,大石　真理恵,大石 真理惠,translated,text,59c84c61d6,br=0 nl=0,
ui/ui/staffroll/uil_staffroll_c.xml#26867,筝,筝,translated,text,e09f68108a,br=0 nl=0,
ui/ui/staffroll/uil_staffroll_c.xml#26923,中垣　雅葉,中垣 雅叶,translated,text,ec00152ffc,br=0 nl=0,
ui/ui/staffroll/uil_staffroll_c.xml#26986,#02『天地咆吼』,#02‘天地咆哮’,translated,text,54b41e4730,br=0 nl=0,
ui/ui/staffroll/uil_staffroll_c.xml#27053,ヴォーカル,主唱,translated,text,a9d22c4f25,br=0 nl=0,
ui/ui/staffroll/uil_staffroll_c.xml#27113,城　南海,城 南海,translated,text,0326f175b4,br=0 nl=0,
ui/ui/staffroll/uil_staffroll_c.xml#27175,コーラス,和声,translated,text,e6f23f00bd,br=0 nl=0,
ui/ui/staffroll/uil_staffroll_c.xml#27234,城　南海,城 南海,translated,text,0326f175b4,br=0 nl=0,
ui/ui/staffroll/uil_staffroll_c.xml#27296,作詞,作词,translated,text,37dd0a71d2,br=0 nl=0,
ui/ui/staffroll/uil_staffroll_c.xml#27353,志方　あきこ,志方 晶子,translated,text,05f122732c,br=0 nl=0,
ui/ui/staffroll/uil_staffroll_c.xml#27417,作曲,作曲,translated,text,779e678323,br=0 nl=0,
ui/ui/staffroll/uil_staffroll_c.xml#27474,志方　あきこ,志方 晶子,translated,text,05f122732c,br=0 nl=0,
ui/ui/staffroll/uil_staffroll_c.xml#27538,編曲,编曲,translated,text,0d9b094937,br=0 nl=0,
ui/ui/staffroll/uil_staffroll_c.xml#27595,志方　あきこ,志方 晶子,translated,text,05f122732c,br=0 nl=0,
ui/ui/staffroll/uil_staffroll_c.xml#27659,アコースティックギター,原声吉他,translated,text,a7abba5538,br=0 nl=0,
ui/ui/staffroll/uil_staffroll_c.xml#27725,田代　耕一郎,田代 耕一郎,translated,text,2b32bdbfd2,br=0 nl=0,
ui/ui/staffroll/uil_staffroll_c.xml#27789,ヴァイオリン,小提琴,translated,text,668c16f747,br=0 nl=0,
ui/ui/staffroll/uil_staffroll_c.xml#27850,大貫　聖子,大贯 圣子,translated,text,3869a50f95,br=0 nl=0,
ui/ui/staffroll/uil_staffroll_c.xml#27913,ピアノ,钢琴,translated,text,64c0241201,br=0 nl=0,
ui/ui/staffroll/uil_staffroll_c.xml#27971,田中　さとこ,田中 聪子,translated,text,67b0c32b37,br=0 nl=0,
ui/ui/staffroll/uil_staffroll_c.xml#28119,ヴォーカル,主唱,translated,text,a9d22c4f25,br=0 nl=0,
ui/ui/staffroll/uil_staffroll_c.xml#28179,志方　あきこ,志方 晶子,translated,text,05f122732c,br=0 nl=0,
ui/ui/staffroll/uil_staffroll_c.xml#28243,コーラス,和声,translated,text,e6f23f00bd,br=0 nl=0,
ui/ui/staffroll/uil_staffroll_c.xml#28302,志方　あきこ,志方 晶子,translated,text,05f122732c,br=0 nl=0,
ui/ui/staffroll/uil_staffroll_c.xml#28366,作詞,作词,translated,text,37dd0a71d2,br=0 nl=0,
ui/ui/staffroll/uil_staffroll_c.xml#28423,志方　あきこ,志方 晶子,translated,text,05f122732c,br=0 nl=0,
ui/ui/staffroll/uil_staffroll_c.xml#28487,作曲,作曲,translated,text,779e678323,br=0 nl=0,
ui/ui/staffroll/uil_staffroll_c.xml#28544,志方　あきこ,志方 晶子,translated,text,05f122732c,br=0 nl=0,
ui/ui/staffroll/uil_staffroll_c.xml#28608,編曲,编曲,translated,text,0d9b094937,br=0 nl=0,
ui/ui/staffroll/uil_staffroll_c.xml#28665,志方　あきこ,志方 晶子,translated,text,05f122732c,br=0 nl=0,
ui/ui/staffroll/uil_staffroll_c.xml#28729,アイリッシュブズーキ,爱尔兰布祖基琴,translated,text,420248b6f2,br=0 nl=0,
ui/ui/staffroll/uil_staffroll_c.xml#28794,田代　耕一郎,田代 耕一郎,translated,text,2b32bdbfd2,br=0 nl=0,
ui/ui/staffroll/uil_staffroll_c.xml#28858,リュート,鲁特琴,translated,text,40aa180de2,br=0 nl=0,
ui/ui/staffroll/uil_staffroll_c.xml#28917,田代　耕一郎,田代 耕一郎,translated,text,2b32bdbfd2,br=0 nl=0,
ui/ui/staffroll/uil_staffroll_c.xml#28981,アコースティックギター,原声吉他,translated,text,a7abba5538,br=0 nl=0,
ui/ui/staffroll/uil_staffroll_c.xml#29047,田代　耕一郎,田代 耕一郎,translated,text,2b32bdbfd2,br=0 nl=0,
ui/ui/staffroll/uil_staffroll_c.xml#29111,ヴァイオリン,小提琴,translated,text,668c16f747,br=0 nl=0,
ui/ui/staffroll/uil_staffroll_c.xml#29172,大貫　聖子,大贯 圣子,translated,text,3869a50f95,br=0 nl=0,
ui/ui/staffroll/uil_staffroll_c.xml#29235,ホイッスル,哨子,translated,text,f9c2bb1a8a,br=0 nl=0,
ui/ui/staffroll/uil_staffroll_c.xml#29295,安井　敬,安井 敬,translated,text,723f3994ab,br=0 nl=0,
ui/ui/staffroll/uil_staffroll_c.xml#29357,リコーダー,竖笛,translated,text,1448956b32,br=0 nl=0,
ui/ui/staffroll/uil_staffroll_c.xml#29417,安井　敬,安井 敬,translated,text,723f3994ab,br=0 nl=0,
ui/ui/staffroll/uil_staffroll_c.xml#29479,#ED『ラ・シェール～Ver.DS03～』,#ED‘拉・榭拉～Ver.DS03～’,translated,text,adbb87b6ec,br=0 nl=0,
ui/ui/staffroll/uil_staffroll_c.xml#29558,ヴォーカル,主唱,translated,text,a9d22c4f25,br=0 nl=0,
ui/ui/staffroll/uil_staffroll_c.xml#29618,志方　あきこ,志方 晶子,translated,text,05f122732c,br=0 nl=0,
ui/ui/staffroll/uil_staffroll_c.xml#29682,コーラス,和声,translated,text,e6f23f00bd,br=0 nl=0,
ui/ui/staffroll/uil_staffroll_c.xml#29741,志方　あきこ,志方 晶子,translated,text,05f122732c,br=0 nl=0,
ui/ui/staffroll/uil_staffroll_c.xml#29805,作詞,作词,translated,text,37dd0a71d2,br=0 nl=0,
ui/ui/staffroll/uil_staffroll_c.xml#29862,土屋　暁,土屋 晓,translated,text,21998e95cc,br=0 nl=0,
ui/ui/staffroll/uil_staffroll_c.xml#29924,作曲,作曲,translated,text,779e678323,br=0 nl=0,
ui/ui/staffroll/uil_staffroll_c.xml#29981,土屋　暁,土屋 晓,translated,text,21998e95cc,br=0 nl=0,
ui/ui/staffroll/uil_staffroll_c.xml#30043,編曲,编曲,translated,text,0d9b094937,br=0 nl=0,
ui/ui/staffroll/uil_staffroll_c.xml#30100,土屋　暁,土屋 晓,translated,text,21998e95cc,br=0 nl=0,
ui/ui/staffroll/uil_staffroll_c.xml#30162,コーラスアレンジ,和声改编,translated,text,aada25259d,br=0 nl=0,
ui/ui/staffroll/uil_staffroll_c.xml#30225,志方　あきこ,志方 晶子,translated,text,05f122732c,br=0 nl=0,
ui/ui/staffroll/uil_staffroll_c.xml#30289,レコーディング＆ミキシング,录音与混音,translated,text,45498df2df,br=0 nl=0,
ui/ui/staffroll/uil_staffroll_c.xml#30432,レコーディングスタジオ,录音室,translated,text,b25eb16dcb,br=0 nl=0,
ui/ui/staffroll/uil_staffroll_c.xml#30634,レコーディング&,录音&,translated,text,f841bcf365,br=0 nl=0,
ui/ui/staffroll/uil_staffroll_c.xml#30697,　　ミキシングエンジニア,混音工程师,translated,text,18ef1f1a8b,br=0 nl=0,
ui/ui/staffroll/uil_staffroll_c.xml#30764,南　直行,南 直行,translated,text,2d56d70010,br=0 nl=0,
ui/ui/staffroll/uil_staffroll_c.xml#30889,ミキシングスタジオ,混音工作室,translated,text,10e5c39a7e,br=0 nl=0,
ui/ui/staffroll/uil_staffroll_c.xml#31028,レコーディングスタジオ,录音室,translated,text,b25eb16dcb,br=0 nl=0,
ui/ui/staffroll/uil_staffroll_c.xml#31166,レコーディング&,录音&,translated,text,f841bcf365,br=0 nl=0,
ui/ui/staffroll/uil_staffroll_c.xml#31229,　　ミキシングエンジニア,混音工程师,translated,text,18ef1f1a8b,br=0 nl=0,
ui/ui/staffroll/uil_staffroll_c.xml#31296,南　直行,南 直行,translated,text,2d56d70010,br=0 nl=0,
ui/ui/staffroll/uil_staffroll_c.xml#31421,ミキシング,混音,translated,text,dd3c09920b,br=0 nl=0,
ui/ui/staffroll/uil_staffroll_c.xml#31481,土屋　暁,土屋 晓,translated,text,21998e95cc,br=0 nl=0,
ui/ui/staffroll/uil_staffroll_c.xml#31543,楽曲制作協力,乐曲制作协力,translated,text,72ede6daac,br=0 nl=0,
ui/ui/staffroll/uil_staffroll_c.xml#31608,株式会社フロンティアワークス,株式会社Frontier Works,translated,text,36d73077b6,br=0 nl=0,
ui/ui/staffroll/uil_staffroll_c.xml#31680,吉川　明,吉川 明,translated,text,2768ebf8a1,br=0 nl=0,
ui/ui/staffroll/uil_staffroll_c.xml#31742,小柳　豊,小柳 丰,translated,text,e59cd8c7b8,br=0 nl=0,
ui/ui/staffroll/uil_staffroll_c.xml#31935,田中　雅之,田中 雅之,translated,text,21736bbf23,br=0 nl=0,
ui/ui/staffroll/uil_staffroll_c.xml#31998,矢野　正明,矢野 正明,translated,text,78cf186a67,br=0 nl=0,
ui/ui/staffroll/uil_staffroll_c.xml#32061,谷川　雄紀,谷川 雄纪,translated,text,4f95b894a6,br=0 nl=0,
ui/ui/staffroll/uil_staffroll_c.xml#32124,髙橋　朝子,高桥 朝子,translated,text,77e6958b96,br=0 nl=0,
ui/ui/staffroll/uil_staffroll_c.xml#32187,本間　詩織,本间 诗织,translated,text,e70cd6c951,br=0 nl=0,
ui/ui/staffroll/uil_staffroll_c.xml#32250,佐々　梨花,佐佐 梨花,translated,text,030ff13e01,br=0 nl=0,
ui/ui/staffroll/uil_staffroll_c.xml#32313,生田　善子,生田 善子,translated,text,6a6fba474e,br=0 nl=0,
ui/ui/staffroll/uil_staffroll_c.xml#32376,松　　聖花,松 圣花,translated,text,ea05a4fd84,br=0 nl=0,
ui/ui/staffroll/uil_staffroll_c.xml#32439,音響,音效,translated,text,a94ecabc3c,br=0 nl=0,
ui/ui/staffroll/uil_staffroll_c.xml#32499,演出・キャスティング,演出・选角,translated,text,383d1bfa00,br=0 nl=0,
ui/ui/staffroll/uil_staffroll_c.xml#32564,関　智寛,关 智宽,translated,text,f1a5e773f2,br=0 nl=0,
ui/ui/staffroll/uil_staffroll_c.xml#32626,ミキサー,调音师,translated,text,61f92a39b5,br=0 nl=0,
ui/ui/staffroll/uil_staffroll_c.xml#32685,熊倉　亨,熊仓 亨,translated,text,509916c5a3,br=0 nl=0,
ui/ui/staffroll/uil_staffroll_c.xml#32747,音響制作,音效制作,translated,text,3ba07c72e1,br=0 nl=0,
ui/ui/staffroll/uil_staffroll_c.xml#32871,キャスティング協力,选角协力,translated,text,3c32e0140a,br=0 nl=0,
ui/ui/staffroll/uil_staffroll_c.xml#32935,松本　恵,松本 惠,translated,text,432387780b,br=0 nl=0,
ui/ui/staffroll/uil_staffroll_c.xml#33062,協力,协力,translated,text,1a054b3135,br=0 nl=0,
ui/ui/staffroll/uil_staffroll_c.xml#33123,(株)wizgeek,(株)wizgeek,translated,text,cd5a3764f1,br=0 nl=0,
ui/ui/staffroll/uil_staffroll_c.xml#33189,株式会社エクストリーム,株式会社Extreme,translated,text,98c9f61cf3,br=0 nl=0,
ui/ui/staffroll/uil_staffroll_c.xml#33256,株式会社ＣＲＩ・ミドルウェア,株式会社CRI Middleware,translated,text,ddfc365935,br=0 nl=0,
ui/ui/staffroll/uil_staffroll_c.xml#33394,株式会社千住工房,株式会社千住工房,translated,text,3de756af57,br=0 nl=0,
ui/ui/staffroll/uil_staffroll_c.xml#33527,株式会社FlightUNIT,株式会社FlightUNIT,translated,text,1da69201f4,br=0 nl=0,
ui/ui/staffroll/uil_staffroll_c.xml#33597,株式会社メテオライズ,株式会社Meteorise,translated,text,61cde65511,br=0 nl=0,
ui/ui/staffroll/uil_staffroll_c.xml#33663,株式会社フロンティアワークス,株式会社Frontier Works,translated,text,36d73077b6,br=0 nl=0,
ui/ui/staffroll/uil_staffroll_c.xml#33733,株式会社ポイントピクチャーズ,株式会社Point Pictures,translated,text,f8ac729aec,br=0 nl=0,
ui/ui/staffroll/uil_staffroll_c.xml#33803,ポールトゥウィン株式会社,株式会社Pole To Win,translated,text,cda47e17fb,br=0 nl=0,
ui/ui/staffroll/uil_staffroll_c.xml#33871,株式会社ロジスティックス,株式会社Logistics,translated,text,8ec59442f3,br=0 nl=0,
ui/ui/staffroll/uil_staffroll_c.xml#33939,株式会社プロダクション・アイジー,株式会社Production I.G,translated,text,84204edff3,br=0 nl=0,
ui/ui/staffroll/uil_staffroll_c.xml#34011,天津光栄特庫摩軟件有限公司,天津光荣特库摩软件有限公司,translated,text,8a7dbadc6f,br=0 nl=0,
ui/ui/staffroll/uil_staffroll_c.xml#34080,天津天匠動画科技有限公司,天津天匠动画科技有限公司,translated,text,14335be04d,br=0 nl=0,
ui/ui/staffroll/uil_staffroll_c.xml#34148,フォントワークス株式会社,Fontworks株式会社,translated,text,b1c83f97c7,br=0 nl=0,
ui/ui/staffroll/uil_staffroll_c.xml#34379,ディレクター,总监,translated,text,074ca740ff,br=0 nl=0,
ui/ui/staffroll/uil_staffroll_c.xml#34444,高野　雅文,高野 雅文,translated,text,e0f6ad1a3a,br=0 nl=0,
ui/ui/staffroll/uil_staffroll_c.xml#34507,開発プロデューサー,开发制作人,translated,text,763f21e64e,br=0 nl=0,
ui/ui/staffroll/uil_staffroll_c.xml#34575,細井  順三,细井 顺三,translated,text,014085680c,br=0 nl=0,
ui/ui/staffroll/uil_staffroll_c.xml#34639,総合プロデューサー,总制作人,translated,text,893701ac7c,br=0 nl=0,
ui/ui/staffroll/uil_staffroll_c.xml#34707,土屋  暁,土屋 晓,translated,text,dd0b0dada2,br=0 nl=0,
ui/ui/staffroll/uil_staffroll_c.xml#34770,エグゼクティブプロデューサー,执行制作人,translated,text,5e38e342d6,br=0 nl=0,
ui/ui/staffroll/uil_staffroll_c.xml#34843,鯉沼 久史,鲤沼 久史,translated,text,04514697bf,br=0 nl=0,
ui/ui/staffroll/uil_staffroll_c.xml#34906,製作,制作,translated,text,53c6bc4ef7,br=0 nl=0,
ui/ui/staffroll/uil_staffroll_c.xml#34967,株式会社コーエーテクモゲームス,株式会社光荣特库摩游戏,translated,text,be816b716d,br=0 nl=0,
ui/ui/staffroll/uil_staffroll_d.xml#1243,歌姫,歌姬,translated,text,acdbfe60f4,br=0 nl=0,
ui/ui/staffroll/uil_staffroll_d.xml#1300,志方　あきこ,志方 晶子,translated,text,05f122732c,br=0 nl=0,
ui/ui/staffroll/uil_staffroll_d.xml#1361,城　南海,城 南海,translated,text,0326f175b4,br=0 nl=0,
ui/ui/staffroll/uil_staffroll_d.xml#1420,霜月　はるか,霜月 遥,translated,text,4fa4ca5550,br=0 nl=0,
ui/ui/staffroll/uil_staffroll_d.xml#1543,イオン,依恩,translated,text,90d4718c90,br=0 nl=0,
ui/ui/staffroll/uil_staffroll_d.xml#1599,加隈　亜衣,加隈 亚衣,translated,text,d9fe60a2ce,br=0 nl=0,
ui/ui/staffroll/uil_staffroll_d.xml#1660,ネイ,妮伊,translated,text,dd82b752f9,br=0 nl=0,
ui/ui/staffroll/uil_staffroll_d.xml#1715,内田　真礼,内田 真礼,translated,text,664833d0bc,br=0 nl=0,
ui/ui/staffroll/uil_staffroll_d.xml#1776,ター坊,阿达,translated,text,be218a88e0,br=0 nl=0,
ui/ui/staffroll/uil_staffroll_d.xml#1832,大原　桃子,大原 桃子,translated,text,7805da68da,br=0 nl=0,
ui/ui/staffroll/uil_staffroll_d.xml#1893,キャス,凯斯,translated,text,6f807afcb1,br=0 nl=0,
ui/ui/staffroll/uil_staffroll_d.xml#1949,水瀬　いのり,水濑 祈,translated,text,2c51d41405,br=0 nl=0,
ui/ui/staffroll/uil_staffroll_d.xml#2011,グレイコフ,古雷柯夫,translated,text,0bc2e5489e,br=0 nl=0,
ui/ui/staffroll/uil_staffroll_d.xml#2069,納谷　六朗,纳谷 六朗,translated,text,6631fb09a1,br=0 nl=0,
ui/ui/staffroll/uil_staffroll_d.xml#2130,ネプツール,尼普楚尔,translated,text,d29af0da13,br=0 nl=0,
ui/ui/staffroll/uil_staffroll_d.xml#2188,楠見　尚己,楠见 尚己,translated,text,11b6f441ad,br=0 nl=0,
ui/ui/staffroll/uil_staffroll_d.xml#2311,東條　日紗子,东条 日纱子,translated,text,cb2713c386,br=0 nl=0,
ui/ui/staffroll/uil_staffroll_d.xml#2373,ねりこ,妮莉库,translated,text,89b50863af,br=0 nl=0,
ui/ui/staffroll/uil_staffroll_d.xml#2489,テレフンケン,泰雷芬肯,translated,text,ce98c0f0ab,br=0 nl=0,
ui/ui/staffroll/uil_staffroll_d.xml#2548,阿久津　加菜,阿久津 加菜,translated,text,49781c7816,br=0 nl=0,
ui/ui/staffroll/uil_staffroll_d.xml#2687,プランナーズセクション,策划部门,translated,text,0d32843cb5,br=0 nl=0,
ui/ui/staffroll/uil_staffroll_d.xml#2755,赤本　憲一,赤本 宪一,translated,text,ad611cf688,br=0 nl=0,
ui/ui/staffroll/uil_staffroll_d.xml#2816,梅田　雅武,梅田 雅武,translated,text,bcb88320ab,br=0 nl=0,
ui/ui/staffroll/uil_staffroll_d.xml#2877,村岡　剛弥,村冈 刚弥,translated,text,0e75a921bc,br=0 nl=0,
ui/ui/staffroll/uil_staffroll_d.xml#2938,加藤　周太,加藤 周太,translated,text,ddca2f6427,br=0 nl=0,
ui/ui/staffroll/uil_staffroll_d.xml#2999,松岡　大樹,松冈 大树,translated,text,d372601979,br=0 nl=0,
ui/ui/staffroll/uil_staffroll_d.xml#3060,田中　俊明,田中 俊明,translated,text,1d00fedc6b,br=0 nl=0,
ui/ui/staffroll/uil_staffroll_d.xml#3121,本田　響己,本田 响己,translated,text,dc0235233e,br=0 nl=0,
ui/ui/staffroll/uil_staffroll_d.xml#3182,プログラマーズセクション,程序员部门,translated,text,44c735ef17,br=0 nl=0,
ui/ui/staffroll/uil_staffroll_d.xml#3252,髙山　雅俊,高山 雅俊,translated,text,2b05fc035d,br=0 nl=0,
ui/ui/staffroll/uil_staffroll_d.xml#3314,金澤　佑介,金泽 佑介,translated,text,2038649a07,br=0 nl=0,
ui/ui/staffroll/uil_staffroll_d.xml#3376,山之口　操,山之口 操,translated,text,b0122ef9d0,br=0 nl=0,
ui/ui/staffroll/uil_staffroll_d.xml#3438,大田　尚明,大田 尚明,translated,text,74d4e53ec8,br=0 nl=0,
ui/ui/staffroll/uil_staffroll_d.xml#3500,難波　亮,难波 亮,translated,text,9377b6d3a4,br=0 nl=0,
ui/ui/staffroll/uil_staffroll_d.xml#3561,臼田　亜斗務,臼田 亚斗务,translated,text,020f1a7e76,br=0 nl=0,
ui/ui/staffroll/uil_staffroll_d.xml#3624,桂山　豪,桂山 豪,translated,text,1c84ff1e78,br=0 nl=0,
ui/ui/staffroll/uil_staffroll_d.xml#3685,佐藤　和也,佐藤 和也,translated,text,30834084ba,br=0 nl=0,
ui/ui/staffroll/uil_staffroll_d.xml#3747,山﨑　康平,山崎 康平,translated,text,ffb250d30a,br=0 nl=0,
ui/ui/staffroll/uil_staffroll_d.xml#3809,山下　真心,山下 真心,translated,text,61f5e37636,br=0 nl=0,
ui/ui/staffroll/uil_staffroll_d.xml#3871,デザイナーズセクション,设计师部门,translated,text,4ec447bf85,br=0 nl=0,
ui/ui/staffroll/uil_staffroll_d.xml#3940,CGディレクター,CG总监,translated,text,13d644da31,br=0 nl=0,
ui/ui/staffroll/uil_staffroll_d.xml#4002,岩瀬　智至,岩濑 智至,translated,text,e639b9e580,br=0 nl=0,
ui/ui/staffroll/uil_staffroll_d.xml#4064,キャラクターモデル,角色模型,translated,text,847a6758ec,br=0 nl=0,
ui/ui/staffroll/uil_staffroll_d.xml#4127,鈴木　康浩,铃木 康浩,translated,text,4ba488d04a,br=0 nl=0,
ui/ui/staffroll/uil_staffroll_d.xml#4189,早﨑　七海,早崎 七海,translated,text,1f6d7c33b0,br=0 nl=0,
ui/ui/staffroll/uil_staffroll_d.xml#4251,背景モデル,背景模型,translated,text,54bea4a2cc,br=0 nl=0,
ui/ui/staffroll/uil_staffroll_d.xml#4310,飯島　理恵,饭岛 理惠,translated,text,deda665c29,br=0 nl=0,
ui/ui/staffroll/uil_staffroll_d.xml#4372,インターフェースデザイン,界面设计,translated,text,c1c661b0bb,br=0 nl=0,
ui/ui/staffroll/uil_staffroll_d.xml#4438,馬場　博美,马场 博美,translated,text,2c333deaa0,br=0 nl=0,
ui/ui/staffroll/uil_staffroll_d.xml#4780,映像編集,影像编辑,translated,text,2bb223e3c0,br=0 nl=0,
ui/ui/staffroll/uil_staffroll_d.xml#4838,有馬　真作,有马 真作,translated,text,e32c2634a1,br=0 nl=0,
ui/ui/staffroll/uil_staffroll_d.xml#4900,斉藤　康信,齐藤 康信,translated,text,70a94fe358,br=0 nl=0,
ui/ui/staffroll/uil_staffroll_d.xml#4962,CG制作管理,CG制作管理,translated,text,4ea12195e3,br=0 nl=0,
ui/ui/staffroll/uil_staffroll_d.xml#5022,江川　弥寿生,江川 弥寿生,translated,text,f368d66cf7,br=0 nl=0,
ui/ui/staffroll/uil_staffroll_d.xml#5085,サウンドセクション,音效部门,translated,text,f692631407,br=0 nl=0,
ui/ui/staffroll/uil_staffroll_d.xml#5152,サウンドディレクター,音效总监,translated,text,87caf5e3c1,br=0 nl=0,
ui/ui/staffroll/uil_staffroll_d.xml#5216,高橋 洋明,高桥 洋明,translated,text,7d715a66f1,br=0 nl=0,
ui/ui/staffroll/uil_staffroll_d.xml#5278,天津光栄特庫摩軟件有限公司,天津光荣特库摩软件有限公司,translated,text,8a7dbadc6f,br=0 nl=0,
ui/ui/staffroll/uil_staffroll_d.xml#5349,デベロップメントマネージャー,开发经理,translated,text,a3540a5b0b,br=0 nl=0,
ui/ui/staffroll/uil_staffroll_d.xml#5417,安　曄,安 晔,translated,text,4b7cd118fa,br=0 nl=0,
ui/ui/staffroll/uil_staffroll_d.xml#5477,陳　皓,陈 皓,translated,text,dc3efeabc9,br=0 nl=0,
ui/ui/staffroll/uil_staffroll_d.xml#5537,プログラマー,程序员,translated,text,00a1706077,br=0 nl=0,
ui/ui/staffroll/uil_staffroll_d.xml#5597,岳　凱,岳 凯,translated,text,632d70a250,br=0 nl=0,
ui/ui/staffroll/uil_staffroll_d.xml#5657,陳　永飛,陈 永飞,translated,text,d262704611,br=0 nl=0,
ui/ui/staffroll/uil_staffroll_d.xml#5718,王　岩,王 岩,translated,text,55dc179b66,br=0 nl=0,
ui/ui/staffroll/uil_staffroll_d.xml#5778,孫　家琛,孙 家琛,translated,text,685b83afc1,br=0 nl=0,
ui/ui/staffroll/uil_staffroll_d.xml#5839,程　青舟,程 青舟,translated,text,27beff94b3,br=0 nl=0,
ui/ui/staffroll/uil_staffroll_d.xml#5900,劉　唯揚,刘 唯扬,translated,text,c2911ed2d9,br=0 nl=0,
ui/ui/staffroll/uil_staffroll_d.xml#5961,張　昊,张 昊,translated,text,275df0df5e,br=0 nl=0,
ui/ui/staffroll/uil_staffroll_d.xml#6021,デザイナー,设计师,translated,text,ed058a1ab0,br=0 nl=0,
ui/ui/staffroll/uil_staffroll_d.xml#6080,田　雪嬌,田 雪娇,translated,text,a11cdcd193,br=0 nl=0,
ui/ui/staffroll/uil_staffroll_d.xml#6141,広報,宣传,translated,text,6746eee8d6,br=0 nl=0,
ui/ui/staffroll/uil_staffroll_d.xml#6201,PRマーケティング,公关营销,translated,text,954a61299a,br=0 nl=0,
ui/ui/staffroll/uil_staffroll_d.xml#6264,吉川　真人,吉川 真人,translated,text,8a2ba50898,br=0 nl=0,
ui/ui/staffroll/uil_staffroll_d.xml#6326,水上　冴理,水上 冴理,translated,text,e4f4fa1d6a,br=0 nl=0,
ui/ui/staffroll/uil_staffroll_d.xml#6388,ソフトウェアマニュアル,软件手册,translated,text,9b5617111b,br=0 nl=0,
ui/ui/staffroll/uil_staffroll_d.xml#6457,加藤　雅大,加藤 雅大,translated,text,91bf91643d,br=0 nl=0,
ui/ui/staffroll/uil_staffroll_d.xml#6519,辻　槙人,辻 槙人,translated,text,c1cb4f06f8,br=0 nl=0,
ui/ui/staffroll/uil_staffroll_d.xml#6580,QAスタッフ,QA人员,translated,text,36ff45b240,br=0 nl=0,
ui/ui/staffroll/uil_staffroll_d.xml#6644,長谷川　茂,长谷川 茂,translated,text,3814329436,br=0 nl=0,
ui/ui/staffroll/uil_staffroll_d.xml#6706,キャラクターデザイン,角色设计,translated,text,34ac32a91f,br=0 nl=0,
ui/ui/staffroll/uil_staffroll_d.xml#6774,キャラクターイラスト,角色插画,translated,text,8ffb0bbffd,br=0 nl=0,
ui/ui/staffroll/uil_staffroll_d.xml#6903,パッケージイラスト,包装插画,translated,text,11036680bc,br=0 nl=0,
ui/ui/staffroll/uil_staffroll_d.xml#6970,フブキ,吹雪,translated,text,40f5527db7,br=0 nl=0,
ui/ui/staffroll/uil_staffroll_d.xml#7030,ワールドデザイン,世界设定设计,translated,text,a0094128c7,br=0 nl=0,
ui/ui/staffroll/uil_staffroll_d.xml#7096,松本　秀幸,松本 秀幸,translated,text,cac6e320dc,br=0 nl=0,
ui/ui/staffroll/uil_staffroll_d.xml#7219,コスチュームデザイン,服装设计,translated,text,b483d19059,br=0 nl=0,
ui/ui/staffroll/uil_staffroll_d.xml#7348,川松　由典,川松 由典,translated,text,654827f5ab,br=0 nl=0,
ui/ui/staffroll/uil_staffroll_d.xml#7410,桑田　ヤスヒロ,桑田 康弘,translated,text,6dec656f3b,br=0 nl=0,
ui/ui/staffroll/uil_staffroll_d.xml#7474,燕藤　ユウ,燕藤 悠,translated,text,8c84789206,br=0 nl=0,
ui/ui/staffroll/uil_staffroll_d.xml#7536,タスクテロップ・SDキャラデザイン,任务字幕・Q版角色设计,translated,text,158e93640f,br=0 nl=0,
ui/ui/staffroll/uil_staffroll_d.xml#7611,芹沢えのの,芹泽 Enono,translated,text,607d0edcc0,br=0 nl=0,
ui/ui/staffroll/uil_staffroll_d.xml#7673,シナリオ・脚本,剧本・脚本,translated,text,5b884ebd35,br=0 nl=0,
ui/ui/staffroll/uil_staffroll_d.xml#7738,夢セカイパート,梦世界部分,translated,text,aea66df668,br=0 nl=0,
ui/ui/staffroll/uil_staffroll_d.xml#7802,脚本,剧本,translated,text,7fbccbeb8a,br=0 nl=0,
ui/ui/staffroll/uil_staffroll_d.xml#7858,和泉　亮,和泉 亮,translated,text,eafef1a497,br=0 nl=0,
ui/ui/staffroll/uil_staffroll_d.xml#7919,花野　十三,花野 十三,translated,text,9990db3f0b,br=0 nl=0,
ui/ui/staffroll/uil_staffroll_d.xml#7981,谷村　大四郎,谷村 大四郎,translated,text,40c336b78f,br=0 nl=0,
ui/ui/staffroll/uil_staffroll_d.xml#8114,デザイン・モデリング・アニメーション,设计・建模・动画,translated,text,38967eaa41,br=0 nl=0,
ui/ui/staffroll/uil_staffroll_d.xml#8190,株式会社FlightUNIT,株式会社FlightUNIT,translated,text,1da69201f4,br=0 nl=0,
ui/ui/staffroll/uil_staffroll_d.xml#8261,キャラクターデザイン,角色设计,translated,text,34ac32a91f,br=0 nl=0,
ui/ui/staffroll/uil_staffroll_d.xml#8386,キャラクターモデリング,角色建模,translated,text,8148a92946,br=0 nl=0,
ui/ui/staffroll/uil_staffroll_d.xml#8451,桑田　まり子,桑田 真理子,translated,text,9a7ef2f3de,br=0 nl=0,
ui/ui/staffroll/uil_staffroll_d.xml#8514,川松　由典,川松 由典,translated,text,654827f5ab,br=0 nl=0,
ui/ui/staffroll/uil_staffroll_d.xml#8576,ワールドモデリング,世界建模,translated,text,8443ae1813,br=0 nl=0,
ui/ui/staffroll/uil_staffroll_d.xml#8700,川松　由典,川松 由典,translated,text,654827f5ab,br=0 nl=0,
ui/ui/staffroll/uil_staffroll_d.xml#8762,シャールデザイン,夏尔设计,translated,text,9d9cefacba,br=0 nl=0,
ui/ui/staffroll/uil_staffroll_d.xml#8885,川松　由典,川松 由典,translated,text,654827f5ab,br=0 nl=0,
ui/ui/staffroll/uil_staffroll_d.xml#8947,シャールモデリング,夏尔建模,translated,text,9e768da080,br=0 nl=0,
ui/ui/staffroll/uil_staffroll_d.xml#9010,川松　由典,川松 由典,translated,text,654827f5ab,br=0 nl=0,
ui/ui/staffroll/uil_staffroll_d.xml#9072,キャラクターアニメーション,角色动画,translated,text,6245f96f88,br=0 nl=0,
ui/ui/staffroll/uil_staffroll_d.xml#9139,山口　力哉,山口 力哉,translated,text,9db200242b,br=0 nl=0,
ui/ui/staffroll/uil_staffroll_d.xml#9201,テクニカルエンジニア,技术工程师,translated,text,1f8b0ef79d,br=0 nl=0,
ui/ui/staffroll/uil_staffroll_d.xml#9265,乱道,乱道,translated,text,afcfc8f99b,br=0 nl=0,
ui/ui/staffroll/uil_staffroll_d.xml#9324,大坪　俊介,大坪 俊介,translated,text,e4a7f6282a,br=0 nl=0,
ui/ui/staffroll/uil_staffroll_d.xml#9386,キャラクターセットアップ,角色装配,translated,text,2d9c1a161a,br=0 nl=0,
ui/ui/staffroll/uil_staffroll_d.xml#9452,大坪　俊介,大坪 俊介,translated,text,e4a7f6282a,br=0 nl=0,
ui/ui/staffroll/uil_staffroll_d.xml#9514,川松　由典,川松 由典,translated,text,654827f5ab,br=0 nl=0,
ui/ui/staffroll/uil_staffroll_d.xml#9576,マネジメント,管理,translated,text,644f6dd8a3,br=0 nl=0,
ui/ui/staffroll/uil_staffroll_d.xml#9636,松本　浩幸,松本 浩幸,translated,text,31c3a3098b,br=0 nl=0,
ui/ui/staffroll/uil_staffroll_d.xml#9698,背景描画,背景绘制,translated,text,7c693fd5dd,br=0 nl=0,
ui/ui/staffroll/uil_staffroll_d.xml#9760,松本　秀幸,松本 秀幸,translated,text,cac6e320dc,br=0 nl=0,
ui/ui/staffroll/uil_staffroll_d.xml#9822,藤野　健,藤野 健,translated,text,c8f847de19,br=0 nl=0,
ui/ui/staffroll/uil_staffroll_d.xml#9883,(千住工房),(千住工房),translated,text,72db564c31,br=0 nl=0,
ui/ui/staffroll/uil_staffroll_d.xml#9946,ムービー制作,影像制作,translated,text,76380644cd,br=0 nl=0,
ui/ui/staffroll/uil_staffroll_d.xml#10010,演出,演出,translated,text,7084a5c4b4,br=0 nl=0,
ui/ui/staffroll/uil_staffroll_d.xml#10066,蜂屋　雅幸,蜂屋 雅幸,translated,text,bacd8a88e9,br=0 nl=0,
ui/ui/staffroll/uil_staffroll_d.xml#10128,制作協力,制作协力,translated,text,06c1dc4d63,br=0 nl=0,
ui/ui/staffroll/uil_staffroll_d.xml#10247,背景,背景,translated,text,b13d33a528,br=0 nl=0,
ui/ui/staffroll/uil_staffroll_d.xml#10303,藤野　健,藤野 健,translated,text,c8f847de19,br=0 nl=0,
ui/ui/staffroll/uil_staffroll_d.xml#10364,(千住工房),(千住工房),translated,text,72db564c31,br=0 nl=0,
ui/ui/staffroll/uil_staffroll_d.xml#10483,蜂屋　雅幸,蜂屋 雅幸,translated,text,bacd8a88e9,br=0 nl=0,
ui/ui/staffroll/uil_staffroll_d.xml#10545,嘉藤　公紀,嘉藤 公纪,translated,text,b11bc7bcd0,br=0 nl=0,
ui/ui/staffroll/uil_staffroll_d.xml#10607,デザイン・グラフィック,设计・平面,translated,text,9c670269cd,br=0 nl=0,
ui/ui/staffroll/uil_staffroll_d.xml#10672,村澤　晴海,村泽 晴海,translated,text,ccc3eb0e5b,br=0 nl=0,
ui/ui/staffroll/uil_staffroll_d.xml#10734,目黒　久美子,目黑 久美子,translated,text,e42a1e5bcf,br=0 nl=0,
ui/ui/staffroll/uil_staffroll_d.xml#10797,制作進行管理,制作进度管理,translated,text,fce087be8d,br=0 nl=0,
ui/ui/staffroll/uil_staffroll_d.xml#10857,高橋　真,高桥 真,translated,text,0418a4adc3,br=0 nl=0,
ui/ui/staffroll/uil_staffroll_d.xml#10918,キャラクターアニメーション,角色动画,translated,text,6245f96f88,br=0 nl=0,
ui/ui/staffroll/uil_staffroll_d.xml#10985,山口　力哉,山口 力哉,translated,text,9db200242b,br=0 nl=0,
ui/ui/staffroll/uil_staffroll_d.xml#11047,大法要祝詞,大法要祝词,translated,text,de34d54786,br=0 nl=0,
ui/ui/staffroll/uil_staffroll_d.xml#11110,協力,协力,translated,text,1a054b3135,br=0 nl=0,
ui/ui/staffroll/uil_staffroll_d.xml#11235,バックグラウンドミュージック,背景音乐,translated,text,a5e60b8440,br=0 nl=0,
ui/ui/staffroll/uil_staffroll_d.xml#11307,コンポーザー,作曲家,translated,text,259843924f,br=0 nl=0,
ui/ui/staffroll/uil_staffroll_d.xml#11367,志方　あきこ,志方 晶子,translated,text,05f122732c,br=0 nl=0,
ui/ui/staffroll/uil_staffroll_d.xml#11636,音響,音效,translated,text,a94ecabc3c,br=0 nl=0,
ui/ui/staffroll/uil_staffroll_d.xml#11696,音響監督,音效总监,translated,text,e4bfb6b35d,br=0 nl=0,
ui/ui/staffroll/uil_staffroll_d.xml#11754,納谷　僚介,纳谷 僚介,translated,text,d0a88d7501,br=0 nl=0,
ui/ui/staffroll/uil_staffroll_d.xml#11816,録音調整,录音调整,translated,text,bdaaaa1218,br=0 nl=0,
ui/ui/staffroll/uil_staffroll_d.xml#11874,田中　直也,田中 直也,translated,text,a61c475fb5,br=0 nl=0,
ui/ui/staffroll/uil_staffroll_d.xml#11936,録音助手,录音助手,translated,text,2cd5fceb80,br=0 nl=0,
ui/ui/staffroll/uil_staffroll_d.xml#11994,三田　颯,三田 飒,translated,text,36385611f0,br=0 nl=0,
ui/ui/staffroll/uil_staffroll_d.xml#12055,道下　彩,道下 彩,translated,text,d5f8dc474d,br=0 nl=0,
ui/ui/staffroll/uil_staffroll_d.xml#12116,宮林　良太,宫林 良太,translated,text,0f70c3cd9a,br=0 nl=0,
ui/ui/staffroll/uil_staffroll_d.xml#12178,音響制作,音效制作,translated,text,3ba07c72e1,br=0 nl=0,
ui/ui/staffroll/uil_staffroll_d.xml#12305,音声編集,音频编辑,translated,text,e38d80f3d6,br=0 nl=0,
ui/ui/staffroll/uil_staffroll_d.xml#12367,株式会社ブレイブハーツ,株式会社Brave Hearts,translated,text,e92fbd661d,br=0 nl=0,
ui/ui/staffroll/uil_staffroll_d.xml#12435,デバッグ,调试,translated,text,93640dad3a,br=0 nl=0,
ui/ui/staffroll/uil_staffroll_d.xml#12497,ポールトゥウィン株式会社,株式会社Pole To Win,translated,text,cda47e17fb,br=0 nl=0,
ui/ui/staffroll/uil_staffroll_d.xml#12566,三田村　理史,三田村 理史,translated,text,471a7652f7,br=0 nl=0,
ui/ui/staffroll/uil_staffroll_d.xml#12629,山崎　乙,山崎 乙,translated,text,8f70623b22,br=0 nl=0,
ui/ui/staffroll/uil_staffroll_d.xml#12690,牧　睦美,牧 睦美,translated,text,36499eaf9d,br=0 nl=0,
ui/ui/staffroll/uil_staffroll_d.xml#12751,木村　知生,木村 知生,translated,text,f4f07268a4,br=0 nl=0,
ui/ui/staffroll/uil_staffroll_d.xml#12813,宮下　廣大,宫下 广大,translated,text,4c64af3cd0,br=0 nl=0,
ui/ui/staffroll/uil_staffroll_d.xml#12875,【シェルノサージュ・ゲームパート】,【Ciel nosurge游戏部分】,translated,text,9248244bef,br=0 nl=0,
ui/ui/staffroll/uil_staffroll_d.xml#12950,ワールドイラスト,世界插画,translated,text,5cd301b8d2,br=0 nl=0,
ui/ui/staffroll/uil_staffroll_d.xml#13016,松本　秀幸,松本 秀幸,translated,text,cac6e320dc,br=0 nl=0,
ui/ui/staffroll/uil_staffroll_d.xml#13078,加藤　たいら,加藤 泰良,translated,text,06ffb04cd0,br=0 nl=0,
ui/ui/staffroll/uil_staffroll_d.xml#13141,株式会社千住工房,株式会社千住工房,translated,text,3de756af57,br=0 nl=0,
ui/ui/staffroll/uil_staffroll_d.xml#13206,杉本　あゆみ,杉本 亚由美,translated,text,0cc43ca50f,br=0 nl=0,
ui/ui/staffroll/uil_staffroll_d.xml#13269,小林　雅代,小林 雅代,translated,text,b0113f997a,br=0 nl=0,
ui/ui/staffroll/uil_staffroll_d.xml#13331,藤野　健,藤野 健,translated,text,c8f847de19,br=0 nl=0,
ui/ui/staffroll/uil_staffroll_d.xml#13392,山梨　彩子,山梨 彩子,translated,text,b952ec77ac,br=0 nl=0,
ui/ui/staffroll/uil_staffroll_d.xml#13454,株式会社ロジスティックス,株式会社Logistics,translated,text,8ec59442f3,br=0 nl=0,
ui/ui/staffroll/uil_staffroll_d.xml#13523,チーム・ティルドーン,Team TillDawn,translated,text,20dce76a53,br=0 nl=0,
ui/ui/staffroll/uil_staffroll_d.xml#13587,宮越　歩,宫越 步,translated,text,fe37f2f67e,br=0 nl=0,
ui/ui/staffroll/uil_staffroll_d.xml#13648,川松　由典,川松 由典,translated,text,654827f5ab,br=0 nl=0,
ui/ui/staffroll/uil_staffroll_d.xml#13710,シナリオライターセクション,编剧部门,translated,text,a1348aacfb,br=0 nl=0,
ui/ui/staffroll/uil_staffroll_d.xml#13781,夢セカイパート,梦世界部分,translated,text,aea66df668,br=0 nl=0,
ui/ui/staffroll/uil_staffroll_d.xml#13845,脚本,剧本,translated,text,7fbccbeb8a,br=0 nl=0,
ui/ui/staffroll/uil_staffroll_d.xml#13901,谷村　大四郎,谷村 大四郎,translated,text,40c336b78f,br=0 nl=0,
ui/ui/staffroll/uil_staffroll_d.xml#14033,花野　十三 ,花野 十三,translated,text,ec9f16e629,br=0 nl=0,
ui/ui/staffroll/uil_staffroll_d.xml#14158,和泉　亮 ,和泉 亮,translated,text,64981930da,br=0 nl=0,
ui/ui/staffroll/uil_staffroll_d.xml#14283,デザイナーズセクション,设计师部门,translated,text,4ec447bf85,br=0 nl=0,
ui/ui/staffroll/uil_staffroll_d.xml#14352,アイテムCG作成,道具CG制作,translated,text,4959dedafc,br=0 nl=0,
ui/ui/staffroll/uil_staffroll_d.xml#14414,小瀬　希,小濑 希,translated,text,31c8eb4891,br=0 nl=0,
ui/ui/staffroll/uil_staffroll_d.xml#14475,プログラマーズセクション,程序员部门,translated,text,44c735ef17,br=0 nl=0,
ui/ui/staffroll/uil_staffroll_d.xml#14545,【オフライン版制作】,【单机版制作】,translated,text,03d64cac73,br=0 nl=0,
ui/ui/staffroll/uil_staffroll_d.xml#14612,株式会社メテオライズ,株式会社Meteorise,translated,text,61cde65511,br=0 nl=0,
ui/ui/staffroll/uil_staffroll_d.xml#14679,デベロップメントマネージャー,开发经理,translated,text,a3540a5b0b,br=0 nl=0,
ui/ui/staffroll/uil_staffroll_d.xml#14747,渡邉　幸二,渡边 幸二,translated,text,a836876d7e,br=0 nl=0,
ui/ui/staffroll/uil_staffroll_d.xml#14809,リードプログラマー,主程序员,translated,text,9229f02856,br=0 nl=0,
ui/ui/staffroll/uil_staffroll_d.xml#14872,山本　哲也,山本 哲也,translated,text,3f4c63e01f,br=0 nl=0,
ui/ui/staffroll/uil_staffroll_d.xml#14934,新井　朗,新井 朗,translated,text,90f9b443bf,br=0 nl=0,
ui/ui/staffroll/uil_staffroll_d.xml#14995,井出　純平,井出 纯平,translated,text,539eef3cdb,br=0 nl=0,
ui/ui/staffroll/uil_staffroll_d.xml#15057,堀川　雄大,堀川 雄大,translated,text,0427e75ecf,br=0 nl=0,
ui/ui/staffroll/uil_staffroll_d.xml#15119,株式会社メテオライズ,株式会社Meteorise,translated,text,61cde65511,br=0 nl=0,
ui/ui/staffroll/uil_staffroll_d.xml#15186,HTTP ネットワーク モジュール,HTTP网络模块,translated,text,700b00a437,br=0 nl=0,
ui/ui/staffroll/uil_staffroll_d.xml#15257,渡邉　幸二,渡边 幸二,translated,text,a836876d7e,br=0 nl=0,
ui/ui/staffroll/uil_staffroll_d.xml#15319,シャール システム,夏尔系统,translated,text,3000840e0e,br=0 nl=0,
ui/ui/staffroll/uil_staffroll_d.xml#15382,山本　哲也,山本 哲也,translated,text,3f4c63e01f,br=0 nl=0,
ui/ui/staffroll/uil_staffroll_d.xml#15444,株式会社エクストリーム,株式会社Extreme,translated,text,98c9f61cf3,br=0 nl=0,
ui/ui/staffroll/uil_staffroll_d.xml#15512,プログラムサポート,程序支援,translated,text,26d10aad29,br=0 nl=0,
ui/ui/staffroll/uil_staffroll_d.xml#15575,加津間　聡,加津间 聪,translated,text,0781ac921c,br=0 nl=0,
ui/ui/staffroll/uil_staffroll_d.xml#15637,青木　一也,青木 一也,translated,text,c83b05964d,br=0 nl=0,
ui/ui/staffroll/uil_staffroll_d.xml#15699,ネットワークセクション,网络部门,translated,text,4e67a84cd1,br=0 nl=0,
ui/ui/staffroll/uil_staffroll_d.xml#15838,ウェブエンジニア,网页工程师,translated,text,6cb6815dad,br=0 nl=0,
ui/ui/staffroll/uil_staffroll_d.xml#15900,三島　功,三岛 功,translated,text,5b8e07376e,br=0 nl=0,
ui/ui/staffroll/uil_staffroll_d.xml#15961,(株)wizgeek,(株)wizgeek,translated,text,cd5a3764f1,br=0 nl=0,
ui/ui/staffroll/uil_staffroll_d.xml#16028,ウェブオペレーション,网页运维,translated,text,0299d42ed3,br=0 nl=0,
ui/ui/staffroll/uil_staffroll_d.xml#16092,仲田　享司,仲田 享司,translated,text,2a82ae3f5e,br=0 nl=0,
ui/ui/staffroll/uil_staffroll_d.xml#16154,３Ｄモデル＆モーション,3D模型与动作,translated,text,cfca7f34e9,br=0 nl=0,
ui/ui/staffroll/uil_staffroll_d.xml#16223,株式会社FlightUNIT,株式会社FlightUNIT,translated,text,1da69201f4,br=0 nl=0,
ui/ui/staffroll/uil_staffroll_d.xml#16294,アートディレクター,艺术总监,translated,text,c34e651c44,br=0 nl=0,
ui/ui/staffroll/uil_staffroll_d.xml#16418,メイン3Dモデリング,主3D建模,translated,text,7a817aa640,br=0 nl=0,
ui/ui/staffroll/uil_staffroll_d.xml#16543,3Dモデリング,3D建模,translated,text,a9229cb55f,br=0 nl=0,
ui/ui/staffroll/uil_staffroll_d.xml#16604,川松　由典,川松 由典,translated,text,654827f5ab,br=0 nl=0,
ui/ui/staffroll/uil_staffroll_d.xml#16666,桑田　まり子,桑田 真理子,translated,text,9a7ef2f3de,br=0 nl=0,
ui/ui/staffroll/uil_staffroll_d.xml#16729,燕藤　ユウ,燕藤 悠,translated,text,8c84789206,br=0 nl=0,
ui/ui/staffroll/uil_staffroll_d.xml#16791,ワールドモデリング,世界建模,translated,text,8443ae1813,br=0 nl=0,
ui/ui/staffroll/uil_staffroll_d.xml#16854,川松　由典,川松 由典,translated,text,654827f5ab,br=0 nl=0,
ui/ui/staffroll/uil_staffroll_d.xml#16916,大坪　俊介,大坪 俊介,translated,text,e4a7f6282a,br=0 nl=0,
ui/ui/staffroll/uil_staffroll_d.xml#16978,桑田　まり子,桑田 真理子,translated,text,9a7ef2f3de,br=0 nl=0,
ui/ui/staffroll/uil_staffroll_d.xml#17041,シャールデザイン,夏尔设计,translated,text,9d9cefacba,br=0 nl=0,
ui/ui/staffroll/uil_staffroll_d.xml#17164,川松　由典,川松 由典,translated,text,654827f5ab,br=0 nl=0,
ui/ui/staffroll/uil_staffroll_d.xml#17226,シャールモデリング,夏尔建模,translated,text,9e768da080,br=0 nl=0,
ui/ui/staffroll/uil_staffroll_d.xml#17289,川松　由典,川松 由典,translated,text,654827f5ab,br=0 nl=0,
ui/ui/staffroll/uil_staffroll_d.xml#17351,高橋　聖,高桥 圣,translated,text,dfbf0ca1c6,br=0 nl=0,
ui/ui/staffroll/uil_staffroll_d.xml#17412,桑田　まり子,桑田 真理子,translated,text,9a7ef2f3de,br=0 nl=0,
ui/ui/staffroll/uil_staffroll_d.xml#17475,メインアニメーター,主动画师,translated,text,4a9646d5bb,br=0 nl=0,
ui/ui/staffroll/uil_staffroll_d.xml#17538,山口　力哉,山口 力哉,translated,text,9db200242b,br=0 nl=0,
ui/ui/staffroll/uil_staffroll_d.xml#17600,キャラクターアニメーション,角色动画,translated,text,6245f96f88,br=0 nl=0,
ui/ui/staffroll/uil_staffroll_d.xml#17667,矢戸　恵,矢户 惠,translated,text,98bd1a2e46,br=0 nl=0,
ui/ui/staffroll/uil_staffroll_d.xml#17789,イベントプログラム,事件程序,translated,text,45c20cb56a,br=0 nl=0,
ui/ui/staffroll/uil_staffroll_d.xml#17852,乱道,乱道,translated,text,afcfc8f99b,br=0 nl=0,
ui/ui/staffroll/uil_staffroll_d.xml#17911,テクニカルエンジニア,技术工程师,translated,text,1f8b0ef79d,br=0 nl=0,
ui/ui/staffroll/uil_staffroll_d.xml#17975,乱道,乱道,translated,text,afcfc8f99b,br=0 nl=0,
ui/ui/staffroll/uil_staffroll_d.xml#18034,大坪　俊介,大坪 俊介,translated,text,e4a7f6282a,br=0 nl=0,
ui/ui/staffroll/uil_staffroll_d.xml#18096,キャラクターセットアップ,角色装配,translated,text,2d9c1a161a,br=0 nl=0,
ui/ui/staffroll/uil_staffroll_d.xml#18162,大坪　俊介,大坪 俊介,translated,text,e4a7f6282a,br=0 nl=0,
ui/ui/staffroll/uil_staffroll_d.xml#18224,矢戸　恵,矢户 惠,translated,text,98bd1a2e46,br=0 nl=0,
ui/ui/staffroll/uil_staffroll_d.xml#18285,インターフェイスデザイン,界面设计,translated,text,8fe4dab4e8,br=0 nl=0,
ui/ui/staffroll/uil_staffroll_d.xml#18412,桑田　まり子,桑田 真理子,translated,text,9a7ef2f3de,br=0 nl=0,
ui/ui/staffroll/uil_staffroll_d.xml#18475,マネジメント,管理,translated,text,644f6dd8a3,br=0 nl=0,
ui/ui/staffroll/uil_staffroll_d.xml#18535,松本　浩幸,松本 浩幸,translated,text,31c3a3098b,br=0 nl=0,
ui/ui/staffroll/uil_staffroll_d.xml#18597,オープニングムービー,片头影像,translated,text,bddc00b466,br=0 nl=0,
ui/ui/staffroll/uil_staffroll_d.xml#18665,絵コンテ・演出,分镜・演出,translated,text,c1285163f7,br=0 nl=0,
ui/ui/staffroll/uil_staffroll_d.xml#18787,ディレクター　,总监,translated,text,135e67823a,br=0 nl=0,
ui/ui/staffroll/uil_staffroll_d.xml#18848,嘉藤　公紀,嘉藤 公纪,translated,text,b11bc7bcd0,br=0 nl=0,
ui/ui/staffroll/uil_staffroll_d.xml#18966,浅尾　憲治,浅尾 宪治,translated,text,6bc5e803d3,br=0 nl=0,
ui/ui/staffroll/uil_staffroll_d.xml#19028,蜂屋　雅幸,蜂屋 雅幸,translated,text,bacd8a88e9,br=0 nl=0,
ui/ui/staffroll/uil_staffroll_d.xml#19090,森中　亮,森中 亮,translated,text,d2b56e5d7c,br=0 nl=0,
ui/ui/staffroll/uil_staffroll_d.xml#19151,製作,制作,translated,text,53c6bc4ef7,br=0 nl=0,
ui/ui/staffroll/uil_staffroll_d.xml#19207,ポイント・ピクチャーズ,Point Pictures,translated,text,4b9cc20967,br=0 nl=0,
ui/ui/staffroll/uil_staffroll_d.xml#19275,プロモーションムービー,宣传影像,translated,text,375c066366,br=0 nl=0,
ui/ui/staffroll/uil_staffroll_d.xml#19344,ディレクター　,总监,translated,text,135e67823a,br=0 nl=0,
ui/ui/staffroll/uil_staffroll_d.xml#19405,浅尾　憲治,浅尾 宪治,translated,text,6bc5e803d3,br=0 nl=0,
ui/ui/staffroll/uil_staffroll_d.xml#19523,森　進二郞,森 进二郎,translated,text,564356e8ac,br=0 nl=0,
ui/ui/staffroll/uil_staffroll_d.xml#19585,村澤　晴海,村泽 晴海,translated,text,ccc3eb0e5b,br=0 nl=0,
ui/ui/staffroll/uil_staffroll_d.xml#19647,大塚　竹男,大冢 竹男,translated,text,ac5a7c666f,br=0 nl=0,
ui/ui/staffroll/uil_staffroll_d.xml#19709,製作,制作,translated,text,53c6bc4ef7,br=0 nl=0,
ui/ui/staffroll/uil_staffroll_d.xml#19765,ポイント・ピクチャーズ,Point Pictures,translated,text,4b9cc20967,br=0 nl=0,
ui/ui/staffroll/uil_staffroll_d.xml#19833,詩ムービー,诗歌影像,translated,text,03e84567a7,br=0 nl=0,
ui/ui/staffroll/uil_staffroll_d.xml#19896,試練編第一幕,试炼篇第一幕,translated,text,1c1c42afa6,br=0 nl=0,
ui/ui/staffroll/uil_staffroll_d.xml#19959,ディレクター,总监,translated,text,074ca740ff,br=0 nl=0,
ui/ui/staffroll/uil_staffroll_d.xml#20019,絵コンテ・演出,分镜・演出,translated,text,c1285163f7,br=0 nl=0,
ui/ui/staffroll/uil_staffroll_d.xml#20141,キャラクターアニメーション,角色动画,translated,text,6245f96f88,br=0 nl=0,
ui/ui/staffroll/uil_staffroll_d.xml#20269,山口　力哉,山口 力哉,translated,text,9db200242b,br=0 nl=0,
ui/ui/staffroll/uil_staffroll_d.xml#20331,嘉藤　公紀,嘉藤 公纪,translated,text,b11bc7bcd0,br=0 nl=0,
ui/ui/staffroll/uil_staffroll_d.xml#20462,試練編第二幕・第三幕,试炼篇第二幕・第三幕,translated,text,6c1d0e7789,br=0 nl=0,
ui/ui/staffroll/uil_staffroll_d.xml#20529,編集,编辑,translated,text,d107b864c3,br=0 nl=0,
ui/ui/staffroll/uil_staffroll_d.xml#20585,土屋　暁,土屋 晓,translated,text,21998e95cc,br=0 nl=0,
ui/ui/staffroll/uil_staffroll_d.xml#20646,キャラクターアニメーション,角色动画,translated,text,6245f96f88,br=0 nl=0,
ui/ui/staffroll/uil_staffroll_d.xml#20713,山口　力哉,山口 力哉,translated,text,9db200242b,br=0 nl=0,
ui/ui/staffroll/uil_staffroll_d.xml#20775,試練編最終幕,试炼篇最终幕,translated,text,bc55bf2d26,br=0 nl=0,
ui/ui/staffroll/uil_staffroll_d.xml#20838,編集,编辑,translated,text,d107b864c3,br=0 nl=0,
ui/ui/staffroll/uil_staffroll_d.xml#20894,土屋　暁,土屋 晓,translated,text,21998e95cc,br=0 nl=0,
ui/ui/staffroll/uil_staffroll_d.xml#20955,キャラクターアニメーション,角色动画,translated,text,6245f96f88,br=0 nl=0,
ui/ui/staffroll/uil_staffroll_d.xml#21022,山口　力哉,山口 力哉,translated,text,9db200242b,br=0 nl=0,
ui/ui/staffroll/uil_staffroll_d.xml#21084,演出・特殊効果,演出・特殊效果,translated,text,fd01484953,br=0 nl=0,
ui/ui/staffroll/uil_staffroll_d.xml#21145,あさをゆうじ,浅尾 雄治,translated,text,e6df3dbe9f,br=0 nl=0,
ui/ui/staffroll/uil_staffroll_d.xml#21277,嘉藤　公紀,嘉藤 公纪,translated,text,b11bc7bcd0,br=0 nl=0,
ui/ui/staffroll/uil_staffroll_d.xml#21408,ジェノミライムービー,杰诺米莱伊影像,translated,text,f6e7d2fd93,br=0 nl=0,
ui/ui/staffroll/uil_staffroll_d.xml#21476,制作,制作,translated,text,7d394484ec,br=0 nl=0,
ui/ui/staffroll/uil_staffroll_d.xml#21593,バックグラウンドミュージック,背景音乐,translated,text,a5e60b8440,br=0 nl=0,
ui/ui/staffroll/uil_staffroll_d.xml#21665,ミュージックディレクター,音乐总监,translated,text,d43c0fd3f4,br=0 nl=0,
ui/ui/staffroll/uil_staffroll_d.xml#21731,志方　あきこ,志方 晶子,translated,text,05f122732c,br=0 nl=0,
ui/ui/staffroll/uil_staffroll_d.xml#21794,コンポーザー,作曲家,translated,text,259843924f,br=0 nl=0,
ui/ui/staffroll/uil_staffroll_d.xml#21854,志方　あきこ,志方 晶子,translated,text,05f122732c,br=0 nl=0,
ui/ui/staffroll/uil_staffroll_d.xml#22123,アコースティックギター,原声吉他,translated,text,a7abba5538,br=0 nl=0,
ui/ui/staffroll/uil_staffroll_d.xml#22188,吉田　穣,吉田 穰,translated,text,c4ff906d3c,br=0 nl=0,
ui/ui/staffroll/uil_staffroll_d.xml#22249,エレキギター,电吉他,translated,text,1fa9044665,br=0 nl=0,
ui/ui/staffroll/uil_staffroll_d.xml#22309,吉田　穣,吉田 穰,translated,text,c4ff906d3c,br=0 nl=0,
ui/ui/staffroll/uil_staffroll_d.xml#22370,シタール,锡塔尔琴,translated,text,8f25ffe37e,br=0 nl=0,
ui/ui/staffroll/uil_staffroll_d.xml#22428,吉田　穣,吉田 穰,translated,text,c4ff906d3c,br=0 nl=0,
ui/ui/staffroll/uil_staffroll_d.xml#22489,ヴァイオリン,小提琴,translated,text,668c16f747,br=0 nl=0,
ui/ui/staffroll/uil_staffroll_d.xml#22549,大貫　聖子,大贯 圣子,translated,text,3869a50f95,br=0 nl=0,
ui/ui/staffroll/uil_staffroll_d.xml#22611,音響,音效,translated,text,a94ecabc3c,br=0 nl=0,
ui/ui/staffroll/uil_staffroll_d.xml#22671,音響監督,音效总监,translated,text,e4bfb6b35d,br=0 nl=0,
ui/ui/staffroll/uil_staffroll_d.xml#22729,納谷　僚介,纳谷 僚介,translated,text,d0a88d7501,br=0 nl=0,
ui/ui/staffroll/uil_staffroll_d.xml#22791,録音調整,录音调整,translated,text,bdaaaa1218,br=0 nl=0,
ui/ui/staffroll/uil_staffroll_d.xml#22849,田中　直也,田中 直也,translated,text,a61c475fb5,br=0 nl=0,
ui/ui/staffroll/uil_staffroll_d.xml#22911,録音助手,录音助手,translated,text,2cd5fceb80,br=0 nl=0,
ui/ui/staffroll/uil_staffroll_d.xml#22969,三田　颯,三田 飒,translated,text,36385611f0,br=0 nl=0,
ui/ui/staffroll/uil_staffroll_d.xml#23030,道下　彩,道下 彩,translated,text,d5f8dc474d,br=0 nl=0,
ui/ui/staffroll/uil_staffroll_d.xml#23091,音響制作,音效制作,translated,text,3ba07c72e1,br=0 nl=0,
ui/ui/staffroll/uil_staffroll_d.xml#23218,技術協力,技术协力,translated,text,09ac8b241a,br=0 nl=0,
ui/ui/staffroll/uil_staffroll_d.xml#23281,株式会社ＣＲＩ・ミドルウェア,株式会社CRI Middleware,translated,text,ddfc365935,br=0 nl=0,
ui/ui/staffroll/uil_staffroll_d.xml#23353,代表取締役専務ＣＴＯ,执行董事专务CTO,translated,text,e027789a7b,br=0 nl=0,
ui/ui/staffroll/uil_staffroll_d.xml#23418,押見　正雄,押见 正雄,translated,text,bb3d517d8c,br=0 nl=0,
ui/ui/staffroll/uil_staffroll_d.xml#23544,佐藤　修,佐藤 修,translated,text,8d20a19056,br=0 nl=0,
ui/ui/staffroll/uil_staffroll_d.xml#23606,鈴木　成門,铃木 成门,translated,text,151d8ce7cd,br=0 nl=0,
ui/ui/staffroll/uil_staffroll_d.xml#23669,郷原　亮,乡原 亮,translated,text,edafc04a4c,br=0 nl=0,
ui/ui/staffroll/uil_staffroll_d.xml#23731,水津　達也,水津 达也,translated,text,1b6339ac0a,br=0 nl=0,
ui/ui/staffroll/uil_staffroll_d.xml#23794,田中　孝,田中 孝,translated,text,6a01522493,br=0 nl=0,
ui/ui/staffroll/uil_staffroll_d.xml#23856,薄　　亮,薄 亮,translated,text,9be14828cf,br=0 nl=0,
ui/ui/staffroll/uil_staffroll_d.xml#23918,及川　進,及川 进,translated,text,564af3d63f,br=0 nl=0,
ui/ui/staffroll/uil_staffroll_d.xml#24046,漆畑　祐介,漆畑 佑介,translated,text,7b38215b37,br=0 nl=0,
ui/ui/staffroll/uil_staffroll_d.xml#24109,櫻井　敦史,樱井 敦史,translated,text,56fb1b2ef2,br=0 nl=0,
ui/ui/staffroll/uil_staffroll_d.xml#24234,花房　宏通,花房 宏通,translated,text,b03c5ceac2,br=0 nl=0,
ui/ui/staffroll/uil_staffroll_d.xml#24297,太田　政美,太田 政美,translated,text,84c8d1255b,br=0 nl=0,
ui/ui/staffroll/uil_staffroll_d.xml#24360,渡辺　大輔,渡边 大辅,translated,text,e1ba1468a3,br=0 nl=0,
ui/ui/staffroll/uil_staffroll_d.xml#24491,佐藤　修,佐藤 修,translated,text,8d20a19056,br=0 nl=0,
ui/ui/staffroll/uil_staffroll_d.xml#24553,デバッグ,调试,translated,text,93640dad3a,br=0 nl=0,
ui/ui/staffroll/uil_staffroll_d.xml#24616,ポールトゥウィン株式会社,株式会社Pole To Win,translated,text,cda47e17fb,br=0 nl=0,
ui/ui/staffroll/uil_staffroll_d.xml#24686,三田村 理史,三田村 理史,translated,text,77e158e1ae,br=0 nl=0,
ui/ui/staffroll/uil_staffroll_d.xml#24750,浅田　卓,浅田 卓,translated,text,adcb96dc81,br=0 nl=0,
ui/ui/staffroll/uil_staffroll_d.xml#24812,山崎　乙,山崎 乙,translated,text,8f70623b22,br=0 nl=0,
ui/ui/staffroll/uil_staffroll_d.xml#24874,大井 勇生,大井 勇生,translated,text,fcdda02341,br=0 nl=0,
ui/ui/staffroll/uil_staffroll_d.xml#24937,牧　睦美,牧 睦美,translated,text,36499eaf9d,br=0 nl=0,
ui/ui/staffroll/uil_staffroll_d.xml#24999,木村　知生,木村 知生,translated,text,f4f07268a4,br=0 nl=0,
ui/ui/staffroll/uil_staffroll_d.xml#25062,宮下　廣大,宫下 广大,translated,text,4c64af3cd0,br=0 nl=0,
ui/ui/staffroll/uil_staffroll_d.xml#25125,柴田　裕司,柴田 裕司,translated,text,13fa6f22df,br=0 nl=0,
ui/ui/staffroll/uil_staffroll_d.xml#25188,西原　正洋,西原 正洋,translated,text,1aa88db9f1,br=0 nl=0,
ui/ui/staffroll/uil_staffroll_d.xml#25251,高田　陽介,高田 阳介,translated,text,ec9fea6efa,br=0 nl=0,
ui/ui/staffroll/uil_staffroll_d.xml#25314,澤田　哲也,泽田 哲也,translated,text,bc595385ac,br=0 nl=0,
ui/ui/staffroll/uil_staffroll_d.xml#25377,渡邊　さや,渡边 沙耶,translated,text,a3fb83c85e,br=0 nl=0,
ui/ui/staffroll/uil_staffroll_d.xml#25440,山谷　武,山谷 武,translated,text,254588c758,br=0 nl=0,
ui/ui/staffroll/uil_staffroll_d.xml#25502,小川　早苗,小川 早苗,translated,text,116301b38a,br=0 nl=0,
ui/ui/staffroll/uil_staffroll_d.xml#25565,村川　雄一郎,村川 雄一郎,translated,text,93fd06889d,br=0 nl=0,
ui/ui/staffroll/uil_staffroll_d.xml#25629,挿入歌,插曲,translated,text,43505f0b2e,br=0 nl=0,
ui/ui/staffroll/uil_staffroll_d.xml#25691,#00『謳無き丘へ～Introduce Ver.～』,#00‘致无鸣之丘～Introduce Ver.～’,translated,text,abf88f0aa3,br=0 nl=0,src-longest-line=26
ui/ui/staffroll/uil_staffroll_d.xml#25775,ヴォーカル,主唱,translated,text,a9d22c4f25,br=0 nl=0,
ui/ui/staffroll/uil_staffroll_d.xml#25835,志方　あきこ,志方 晶子,translated,text,05f122732c,br=0 nl=0,
ui/ui/staffroll/uil_staffroll_d.xml#25899,コーラス,和声,translated,text,e6f23f00bd,br=0 nl=0,
ui/ui/staffroll/uil_staffroll_d.xml#25958,志方　あきこ,志方 晶子,translated,text,05f122732c,br=0 nl=0,
ui/ui/staffroll/uil_staffroll_d.xml#26022,作詞,作词,translated,text,37dd0a71d2,br=0 nl=0,
ui/ui/staffroll/uil_staffroll_d.xml#26079,土屋　暁,土屋 晓,translated,text,21998e95cc,br=0 nl=0,
ui/ui/staffroll/uil_staffroll_d.xml#26141,作曲,作曲,translated,text,779e678323,br=0 nl=0,
ui/ui/staffroll/uil_staffroll_d.xml#26198,土屋　暁,土屋 晓,translated,text,21998e95cc,br=0 nl=0,
ui/ui/staffroll/uil_staffroll_d.xml#26260,編曲,编曲,translated,text,0d9b094937,br=0 nl=0,
ui/ui/staffroll/uil_staffroll_d.xml#26317,志方　あきこ,志方 晶子,translated,text,05f122732c,br=0 nl=0,
ui/ui/staffroll/uil_staffroll_d.xml#26381,アコースティックギター,原声吉他,translated,text,a7abba5538,br=0 nl=0,
ui/ui/staffroll/uil_staffroll_d.xml#26447,田代　耕一郎,田代 耕一郎,translated,text,2b32bdbfd2,br=0 nl=0,
ui/ui/staffroll/uil_staffroll_d.xml#26511,アイリッシュブズーキー,爱尔兰布祖基琴,translated,text,d1c4382eb2,br=0 nl=0,
ui/ui/staffroll/uil_staffroll_d.xml#26577,田代　耕一郎,田代 耕一郎,translated,text,2b32bdbfd2,br=0 nl=0,
ui/ui/staffroll/uil_staffroll_d.xml#26716,ヴォーカル,主唱,translated,text,a9d22c4f25,br=0 nl=0,
ui/ui/staffroll/uil_staffroll_d.xml#26776,志方　あきこ,志方 晶子,translated,text,05f122732c,br=0 nl=0,
ui/ui/staffroll/uil_staffroll_d.xml#26840,コーラス,和声,translated,text,e6f23f00bd,br=0 nl=0,
ui/ui/staffroll/uil_staffroll_d.xml#26899,志方　あきこ,志方 晶子,translated,text,05f122732c,br=0 nl=0,
ui/ui/staffroll/uil_staffroll_d.xml#26963,作詞,作词,translated,text,37dd0a71d2,br=0 nl=0,
ui/ui/staffroll/uil_staffroll_d.xml#27020,志方　あきこ,志方 晶子,translated,text,05f122732c,br=0 nl=0,
ui/ui/staffroll/uil_staffroll_d.xml#27084,作曲,作曲,translated,text,779e678323,br=0 nl=0,
ui/ui/staffroll/uil_staffroll_d.xml#27141,志方　あきこ,志方 晶子,translated,text,05f122732c,br=0 nl=0,
ui/ui/staffroll/uil_staffroll_d.xml#27205,編曲,编曲,translated,text,0d9b094937,br=0 nl=0,
ui/ui/staffroll/uil_staffroll_d.xml#27262,志方　あきこ,志方 晶子,translated,text,05f122732c,br=0 nl=0,
ui/ui/staffroll/uil_staffroll_d.xml#27326,アコースティックギター,原声吉他,translated,text,a7abba5538,br=0 nl=0,
ui/ui/staffroll/uil_staffroll_d.xml#27392,田代　耕一郎,田代 耕一郎,translated,text,2b32bdbfd2,br=0 nl=0,
ui/ui/staffroll/uil_staffroll_d.xml#27456,カンテレ,康特勒琴,translated,text,99e23b542c,br=0 nl=0,
ui/ui/staffroll/uil_staffroll_d.xml#27515,田代　耕一郎,田代 耕一郎,translated,text,2b32bdbfd2,br=0 nl=0,
ui/ui/staffroll/uil_staffroll_d.xml#27579,パーカッション,打击乐,translated,text,b5c517e01d,br=0 nl=0,
ui/ui/staffroll/uil_staffroll_d.xml#27641,大石　真理恵,大石 真理惠,translated,text,59c84c61d6,br=0 nl=0,
ui/ui/staffroll/uil_staffroll_d.xml#27705,筝,筝,translated,text,e09f68108a,br=0 nl=0,
ui/ui/staffroll/uil_staffroll_d.xml#27761,中垣　雅葉,中垣 雅叶,translated,text,ec00152ffc,br=0 nl=0,
ui/ui/staffroll/uil_staffroll_d.xml#27824,#02『天地咆吼』,#02‘天地咆哮’,translated,text,54b41e4730,br=0 nl=0,
ui/ui/staffroll/uil_staffroll_d.xml#27891,ヴォーカル,主唱,translated,text,a9d22c4f25,br=0 nl=0,
ui/ui/staffroll/uil_staffroll_d.xml#27951,城　南海,城 南海,translated,text,0326f175b4,br=0 nl=0,
ui/ui/staffroll/uil_staffroll_d.xml#28013,コーラス,和声,translated,text,e6f23f00bd,br=0 nl=0,
ui/ui/staffroll/uil_staffroll_d.xml#28072,城　南海,城 南海,translated,text,0326f175b4,br=0 nl=0,
ui/ui/staffroll/uil_staffroll_d.xml#28134,作詞,作词,translated,text,37dd0a71d2,br=0 nl=0,
ui/ui/staffroll/uil_staffroll_d.xml#28191,志方　あきこ,志方 晶子,translated,text,05f122732c,br=0 nl=0,
ui/ui/staffroll/uil_staffroll_d.xml#28255,作曲,作曲,translated,text,779e678323,br=0 nl=0,
ui/ui/staffroll/uil_staffroll_d.xml#28312,志方　あきこ,志方 晶子,translated,text,05f122732c,br=0 nl=0,
ui/ui/staffroll/uil_staffroll_d.xml#28376,編曲,编曲,translated,text,0d9b094937,br=0 nl=0,
ui/ui/staffroll/uil_staffroll_d.xml#28433,志方　あきこ,志方 晶子,translated,text,05f122732c,br=0 nl=0,
ui/ui/staffroll/uil_staffroll_d.xml#28497,アコースティックギター,原声吉他,translated,text,a7abba5538,br=0 nl=0,
ui/ui/staffroll/uil_staffroll_d.xml#28563,田代　耕一郎,田代 耕一郎,translated,text,2b32bdbfd2,br=0 nl=0,
ui/ui/staffroll/uil_staffroll_d.xml#28627,ヴァイオリン,小提琴,translated,text,668c16f747,br=0 nl=0,
ui/ui/staffroll/uil_staffroll_d.xml#28688,大貫　聖子,大贯 圣子,translated,text,3869a50f95,br=0 nl=0,
ui/ui/staffroll/uil_staffroll_d.xml#28751,ピアノ,钢琴,translated,text,64c0241201,br=0 nl=0,
ui/ui/staffroll/uil_staffroll_d.xml#28809,田中　さとこ,田中 聪子,translated,text,67b0c32b37,br=0 nl=0,
ui/ui/staffroll/uil_staffroll_d.xml#28957,ヴォーカル,主唱,translated,text,a9d22c4f25,br=0 nl=0,
ui/ui/staffroll/uil_staffroll_d.xml#29017,志方　あきこ,志方 晶子,translated,text,05f122732c,br=0 nl=0,
ui/ui/staffroll/uil_staffroll_d.xml#29081,コーラス,和声,translated,text,e6f23f00bd,br=0 nl=0,
ui/ui/staffroll/uil_staffroll_d.xml#29140,志方　あきこ,志方 晶子,translated,text,05f122732c,br=0 nl=0,
ui/ui/staffroll/uil_staffroll_d.xml#29204,作詞,作词,translated,text,37dd0a71d2,br=0 nl=0,
ui/ui/staffroll/uil_staffroll_d.xml#29261,志方　あきこ,志方 晶子,translated,text,05f122732c,br=0 nl=0,
ui/ui/staffroll/uil_staffroll_d.xml#29325,作曲,作曲,translated,text,779e678323,br=0 nl=0,
ui/ui/staffroll/uil_staffroll_d.xml#29382,志方　あきこ,志方 晶子,translated,text,05f122732c,br=0 nl=0,
ui/ui/staffroll/uil_staffroll_d.xml#29446,編曲,编曲,translated,text,0d9b094937,br=0 nl=0,
ui/ui/staffroll/uil_staffroll_d.xml#29503,志方　あきこ,志方 晶子,translated,text,05f122732c,br=0 nl=0,
ui/ui/staffroll/uil_staffroll_d.xml#29567,アイリッシュブズーキ,爱尔兰布祖基琴,translated,text,420248b6f2,br=0 nl=0,
ui/ui/staffroll/uil_staffroll_d.xml#29632,田代　耕一郎,田代 耕一郎,translated,text,2b32bdbfd2,br=0 nl=0,
ui/ui/staffroll/uil_staffroll_d.xml#29696,リュート,鲁特琴,translated,text,40aa180de2,br=0 nl=0,
ui/ui/staffroll/uil_staffroll_d.xml#29755,田代　耕一郎,田代 耕一郎,translated,text,2b32bdbfd2,br=0 nl=0,
ui/ui/staffroll/uil_staffroll_d.xml#29819,アコースティックギター,原声吉他,translated,text,a7abba5538,br=0 nl=0,
ui/ui/staffroll/uil_staffroll_d.xml#29885,田代　耕一郎,田代 耕一郎,translated,text,2b32bdbfd2,br=0 nl=0,
ui/ui/staffroll/uil_staffroll_d.xml#29949,ヴァイオリン,小提琴,translated,text,668c16f747,br=0 nl=0,
ui/ui/staffroll/uil_staffroll_d.xml#30010,大貫　聖子,大贯 圣子,translated,text,3869a50f95,br=0 nl=0,
ui/ui/staffroll/uil_staffroll_d.xml#30073,ホイッスル,哨子,translated,text,f9c2bb1a8a,br=0 nl=0,
ui/ui/staffroll/uil_staffroll_d.xml#30133,安井　敬,安井 敬,translated,text,723f3994ab,br=0 nl=0,
ui/ui/staffroll/uil_staffroll_d.xml#30195,リコーダー,竖笛,translated,text,1448956b32,br=0 nl=0,
ui/ui/staffroll/uil_staffroll_d.xml#30255,安井　敬,安井 敬,translated,text,723f3994ab,br=0 nl=0,
ui/ui/staffroll/uil_staffroll_d.xml#30389,ヴォーカル,主唱,translated,text,a9d22c4f25,br=0 nl=0,
ui/ui/staffroll/uil_staffroll_d.xml#30449,霜月　はるか,霜月 遥,translated,text,4fa4ca5550,br=0 nl=0,
ui/ui/staffroll/uil_staffroll_d.xml#30513,コーラス,和声,translated,text,e6f23f00bd,br=0 nl=0,
ui/ui/staffroll/uil_staffroll_d.xml#30572,霜月　はるか,霜月 遥,translated,text,4fa4ca5550,br=0 nl=0,
ui/ui/staffroll/uil_staffroll_d.xml#30636,作詞,作词,translated,text,37dd0a71d2,br=0 nl=0,
ui/ui/staffroll/uil_staffroll_d.xml#30693,日山　尚,日山 尚,translated,text,1f730ac70d,br=0 nl=0,
ui/ui/staffroll/uil_staffroll_d.xml#30755,作曲,作曲,translated,text,779e678323,br=0 nl=0,
ui/ui/staffroll/uil_staffroll_d.xml#30812,霜月　はるか,霜月 遥,translated,text,4fa4ca5550,br=0 nl=0,
ui/ui/staffroll/uil_staffroll_d.xml#30876,編曲,编曲,translated,text,0d9b094937,br=0 nl=0,
ui/ui/staffroll/uil_staffroll_d.xml#30994,#ED『ラ・シェール～Ver.DS03～』,#ED‘拉・榭拉～Ver.DS03～’,translated,text,adbb87b6ec,br=0 nl=0,
ui/ui/staffroll/uil_staffroll_d.xml#31073,ヴォーカル,主唱,translated,text,a9d22c4f25,br=0 nl=0,
ui/ui/staffroll/uil_staffroll_d.xml#31133,志方　あきこ,志方 晶子,translated,text,05f122732c,br=0 nl=0,
ui/ui/staffroll/uil_staffroll_d.xml#31197,コーラス,和声,translated,text,e6f23f00bd,br=0 nl=0,
ui/ui/staffroll/uil_staffroll_d.xml#31256,志方　あきこ,志方 晶子,translated,text,05f122732c,br=0 nl=0,
ui/ui/staffroll/uil_staffroll_d.xml#31320,作詞,作词,translated,text,37dd0a71d2,br=0 nl=0,
ui/ui/staffroll/uil_staffroll_d.xml#31377,土屋　暁,土屋 晓,translated,text,21998e95cc,br=0 nl=0,
ui/ui/staffroll/uil_staffroll_d.xml#31439,作曲,作曲,translated,text,779e678323,br=0 nl=0,
ui/ui/staffroll/uil_staffroll_d.xml#31496,土屋　暁,土屋 晓,translated,text,21998e95cc,br=0 nl=0,
ui/ui/staffroll/uil_staffroll_d.xml#31558,編曲,编曲,translated,text,0d9b094937,br=0 nl=0,
ui/ui/staffroll/uil_staffroll_d.xml#31615,土屋　暁,土屋 晓,translated,text,21998e95cc,br=0 nl=0,
ui/ui/staffroll/uil_staffroll_d.xml#31677,コーラスアレンジ,和声改编,translated,text,aada25259d,br=0 nl=0,
ui/ui/staffroll/uil_staffroll_d.xml#31740,志方　あきこ,志方 晶子,translated,text,05f122732c,br=0 nl=0,
ui/ui/staffroll/uil_staffroll_d.xml#31804,レコーディング＆ミキシング,录音与混音,translated,text,45498df2df,br=0 nl=0,
ui/ui/staffroll/uil_staffroll_d.xml#31947,レコーディングスタジオ,录音室,translated,text,b25eb16dcb,br=0 nl=0,
ui/ui/staffroll/uil_staffroll_d.xml#32149,レコーディング&,录音&,translated,text,f841bcf365,br=0 nl=0,
ui/ui/staffroll/uil_staffroll_d.xml#32212,　　ミキシングエンジニア,混音工程师,translated,text,18ef1f1a8b,br=0 nl=0,
ui/ui/staffroll/uil_staffroll_d.xml#32279,南　直行,南 直行,translated,text,2d56d70010,br=0 nl=0,
ui/ui/staffroll/uil_staffroll_d.xml#32404,ミキシングスタジオ,混音工作室,translated,text,10e5c39a7e,br=0 nl=0,
ui/ui/staffroll/uil_staffroll_d.xml#32543,レコーディングスタジオ,录音室,translated,text,b25eb16dcb,br=0 nl=0,
ui/ui/staffroll/uil_staffroll_d.xml#32681,レコーディング&,录音&,translated,text,f841bcf365,br=0 nl=0,
ui/ui/staffroll/uil_staffroll_d.xml#32744,　　ミキシングエンジニア,混音工程师,translated,text,18ef1f1a8b,br=0 nl=0,
ui/ui/staffroll/uil_staffroll_d.xml#32811,南　直行,南 直行,translated,text,2d56d70010,br=0 nl=0,
ui/ui/staffroll/uil_staffroll_d.xml#32936,音楽制作,音乐制作,translated,text,fd03f88e87,br=0 nl=0,
ui/ui/staffroll/uil_staffroll_d.xml#33063,レコーディングスタジオ,录音室,translated,text,b25eb16dcb,br=0 nl=0,
ui/ui/staffroll/uil_staffroll_d.xml#33129,Artist Forum 千駄ヶ谷,Artist Forum 千驮谷,translated,text,c5d9afa7df,br=0 nl=0,
ui/ui/staffroll/uil_staffroll_d.xml#33204,レコーディングエンジニア,录音工程师,translated,text,dcee02fe85,br=0 nl=0,
ui/ui/staffroll/uil_staffroll_d.xml#33271,齊藤　弘二（TRIUMPH）,齐藤 弘二（TRIUMPH）,translated,text,601c4218f9,br=0 nl=0,
ui/ui/staffroll/uil_staffroll_d.xml#33343,坂　知学,坂 知学,translated,text,fb17ef159d,br=0 nl=0,
ui/ui/staffroll/uil_staffroll_d.xml#33405,ミキシングエンジニア,混音工程师,translated,text,b660dbc680,br=0 nl=0,
ui/ui/staffroll/uil_staffroll_d.xml#33470,坂　知学,坂 知学,translated,text,fb17ef159d,br=0 nl=0,
ui/ui/staffroll/uil_staffroll_d.xml#33595,ミキシング,混音,translated,text,dd3c09920b,br=0 nl=0,
ui/ui/staffroll/uil_staffroll_d.xml#33655,土屋　暁,土屋 晓,translated,text,21998e95cc,br=0 nl=0,
ui/ui/staffroll/uil_staffroll_d.xml#33717,楽曲制作協力,乐曲制作协力,translated,text,72ede6daac,br=0 nl=0,
ui/ui/staffroll/uil_staffroll_d.xml#33782,株式会社フロンティアワークス,株式会社Frontier Works,translated,text,36d73077b6,br=0 nl=0,
ui/ui/staffroll/uil_staffroll_d.xml#33854,吉川　明,吉川 明,translated,text,2768ebf8a1,br=0 nl=0,
ui/ui/staffroll/uil_staffroll_d.xml#33916,小柳　豊,小柳 丰,translated,text,e59cd8c7b8,br=0 nl=0,
ui/ui/staffroll/uil_staffroll_d.xml#34109,田中　雅之,田中 雅之,translated,text,21736bbf23,br=0 nl=0,
ui/ui/staffroll/uil_staffroll_d.xml#34172,矢野　正明,矢野 正明,translated,text,78cf186a67,br=0 nl=0,
ui/ui/staffroll/uil_staffroll_d.xml#34235,谷川　雄紀,谷川 雄纪,translated,text,4f95b894a6,br=0 nl=0,
ui/ui/staffroll/uil_staffroll_d.xml#34298,髙橋　朝子,高桥 朝子,translated,text,77e6958b96,br=0 nl=0,
ui/ui/staffroll/uil_staffroll_d.xml#34361,本間　詩織,本间 诗织,translated,text,e70cd6c951,br=0 nl=0,
ui/ui/staffroll/uil_staffroll_d.xml#34424,佐々　梨花,佐佐 梨花,translated,text,030ff13e01,br=0 nl=0,
ui/ui/staffroll/uil_staffroll_d.xml#34487,生田　善子,生田 善子,translated,text,6a6fba474e,br=0 nl=0,
ui/ui/staffroll/uil_staffroll_d.xml#34550,松　　聖花,松 圣花,translated,text,ea05a4fd84,br=0 nl=0,
ui/ui/staffroll/uil_staffroll_d.xml#34613,音響,音效,translated,text,a94ecabc3c,br=0 nl=0,
ui/ui/staffroll/uil_staffroll_d.xml#34673,演出・キャスティング,演出・选角,translated,text,383d1bfa00,br=0 nl=0,
ui/ui/staffroll/uil_staffroll_d.xml#34738,関　智寛,关 智宽,translated,text,f1a5e773f2,br=0 nl=0,
ui/ui/staffroll/uil_staffroll_d.xml#34800,ミキサー,调音师,translated,text,61f92a39b5,br=0 nl=0,
ui/ui/staffroll/uil_staffroll_d.xml#34859,熊倉　亨,熊仓 亨,translated,text,509916c5a3,br=0 nl=0,
ui/ui/staffroll/uil_staffroll_d.xml#34921,音響制作,音效制作,translated,text,3ba07c72e1,br=0 nl=0,
ui/ui/staffroll/uil_staffroll_d.xml#35045,キャスティング協力,选角协力,translated,text,3c32e0140a,br=0 nl=0,
ui/ui/staffroll/uil_staffroll_d.xml#35109,松本　恵,松本 惠,translated,text,432387780b,br=0 nl=0,
ui/ui/staffroll/uil_staffroll_d.xml#35236,協力,协力,translated,text,1a054b3135,br=0 nl=0,
ui/ui/staffroll/uil_staffroll_d.xml#35297,(株)wizgeek,(株)wizgeek,translated,text,cd5a3764f1,br=0 nl=0,
ui/ui/staffroll/uil_staffroll_d.xml#35363,株式会社エクストリーム,株式会社Extreme,translated,text,98c9f61cf3,br=0 nl=0,
ui/ui/staffroll/uil_staffroll_d.xml#35430,株式会社ＣＲＩ・ミドルウェア,株式会社CRI Middleware,translated,text,ddfc365935,br=0 nl=0,
ui/ui/staffroll/uil_staffroll_d.xml#35568,株式会社千住工房,株式会社千住工房,translated,text,3de756af57,br=0 nl=0,
ui/ui/staffroll/uil_staffroll_d.xml#35701,株式会社FlightUNIT,株式会社FlightUNIT,translated,text,1da69201f4,br=0 nl=0,
ui/ui/staffroll/uil_staffroll_d.xml#35771,株式会社メテオライズ,株式会社Meteorise,translated,text,61cde65511,br=0 nl=0,
ui/ui/staffroll/uil_staffroll_d.xml#35837,株式会社フロンティアワークス,株式会社Frontier Works,translated,text,36d73077b6,br=0 nl=0,
ui/ui/staffroll/uil_staffroll_d.xml#35907,株式会社ポイントピクチャーズ,株式会社Point Pictures,translated,text,f8ac729aec,br=0 nl=0,
ui/ui/staffroll/uil_staffroll_d.xml#35977,ポールトゥウィン株式会社,株式会社Pole To Win,translated,text,cda47e17fb,br=0 nl=0,
ui/ui/staffroll/uil_staffroll_d.xml#36045,株式会社ロジスティックス,株式会社Logistics,translated,text,8ec59442f3,br=0 nl=0,
ui/ui/staffroll/uil_staffroll_d.xml#36113,株式会社プロダクション・アイジー,株式会社Production I.G,translated,text,84204edff3,br=0 nl=0,
ui/ui/staffroll/uil_staffroll_d.xml#36185,天津光栄特庫摩軟件有限公司,天津光荣特库摩软件有限公司,translated,text,8a7dbadc6f,br=0 nl=0,
ui/ui/staffroll/uil_staffroll_d.xml#36254,天津天匠動画科技有限公司,天津天匠动画科技有限公司,translated,text,14335be04d,br=0 nl=0,
ui/ui/staffroll/uil_staffroll_d.xml#36322,フォントワークス株式会社,Fontworks株式会社,translated,text,b1c83f97c7,br=0 nl=0,
ui/ui/staffroll/uil_staffroll_d.xml#36553,ディレクター,总监,translated,text,074ca740ff,br=0 nl=0,
ui/ui/staffroll/uil_staffroll_d.xml#36618,高野　雅文,高野 雅文,translated,text,e0f6ad1a3a,br=0 nl=0,
ui/ui/staffroll/uil_staffroll_d.xml#36681,開発プロデューサー,开发制作人,translated,text,763f21e64e,br=0 nl=0,
ui/ui/staffroll/uil_staffroll_d.xml#36749,細井  順三,细井 顺三,translated,text,014085680c,br=0 nl=0,
ui/ui/staffroll/uil_staffroll_d.xml#36813,総合プロデューサー,总制作人,translated,text,893701ac7c,br=0 nl=0,
ui/ui/staffroll/uil_staffroll_d.xml#36881,土屋  暁,土屋 晓,translated,text,dd0b0dada2,br=0 nl=0,
ui/ui/staffroll/uil_staffroll_d.xml#36944,エグゼクティブプロデューサー,执行制作人,translated,text,5e38e342d6,br=0 nl=0,
ui/ui/staffroll/uil_staffroll_d.xml#37017,鯉沼 久史,鲤沼 久史,translated,text,04514697bf,br=0 nl=0,
ui/ui/staffroll/uil_staffroll_d.xml#37080,製作,制作,translated,text,53c6bc4ef7,br=0 nl=0,
ui/ui/staffroll/uil_staffroll_d.xml#37141,株式会社コーエーテクモゲームス,株式会社光荣特库摩游戏,translated,text,be816b716d,br=0 nl=0,
ui/ui/staffroll/uil_staffroll_e.xml#1243,歌姫,歌姬,translated,text,acdbfe60f4,br=0 nl=0,
ui/ui/staffroll/uil_staffroll_e.xml#1300,志方　あきこ,志方 晶子,translated,text,05f122732c,br=0 nl=0,
ui/ui/staffroll/uil_staffroll_e.xml#1361,城　南海,城 南海,translated,text,0326f175b4,br=0 nl=0,
ui/ui/staffroll/uil_staffroll_e.xml#1420,霜月　はるか,霜月 遥,translated,text,4fa4ca5550,br=0 nl=0,
ui/ui/staffroll/uil_staffroll_e.xml#1543,イオン,依恩,translated,text,90d4718c90,br=0 nl=0,
ui/ui/staffroll/uil_staffroll_e.xml#1599,加隈　亜衣,加隈 亚衣,translated,text,d9fe60a2ce,br=0 nl=0,
ui/ui/staffroll/uil_staffroll_e.xml#1660,ネイ,妮伊,translated,text,dd82b752f9,br=0 nl=0,
ui/ui/staffroll/uil_staffroll_e.xml#1715,内田　真礼,内田 真礼,translated,text,664833d0bc,br=0 nl=0,
ui/ui/staffroll/uil_staffroll_e.xml#1776,ター坊,阿达,translated,text,be218a88e0,br=0 nl=0,
ui/ui/staffroll/uil_staffroll_e.xml#1832,大原　桃子,大原 桃子,translated,text,7805da68da,br=0 nl=0,
ui/ui/staffroll/uil_staffroll_e.xml#1893,キャス,凯斯,translated,text,6f807afcb1,br=0 nl=0,
ui/ui/staffroll/uil_staffroll_e.xml#1949,水瀬　いのり,水濑 祈,translated,text,2c51d41405,br=0 nl=0,
ui/ui/staffroll/uil_staffroll_e.xml#2011,レナルル,蕾娜露露,translated,text,b73a299dee,br=0 nl=0,
ui/ui/staffroll/uil_staffroll_e.xml#2068,大地　葉,大地 叶,translated,text,58928f7243,br=0 nl=0,
ui/ui/staffroll/uil_staffroll_e.xml#2128,白鷹,白鹰,translated,text,80f8839be9,br=0 nl=0,
ui/ui/staffroll/uil_staffroll_e.xml#2183,新垣　樽助,新垣 樽助,translated,text,d639834023,br=0 nl=0,
ui/ui/staffroll/uil_staffroll_e.xml#2244,アルメティカ,阿尔梅堤嘉,translated,text,0a2ae4f1ba,br=0 nl=0,
ui/ui/staffroll/uil_staffroll_e.xml#2303,西村　知道,西村 知道,translated,text,c96885e56a,br=0 nl=0,
ui/ui/staffroll/uil_staffroll_e.xml#2364,コーザル,考扎尔,translated,text,add1deaef8,br=0 nl=0,
ui/ui/staffroll/uil_staffroll_e.xml#2421,大木　民夫,大木 民夫,translated,text,170e1885e6,br=0 nl=0,
ui/ui/staffroll/uil_staffroll_e.xml#2544,東城　日沙子,东城 日沙子,translated,text,0b4dc6cafb,br=0 nl=0,
ui/ui/staffroll/uil_staffroll_e.xml#2606,ねりこ,妮莉库,translated,text,89b50863af,br=0 nl=0,
ui/ui/staffroll/uil_staffroll_e.xml#2722,テレフンケン,泰雷芬肯,translated,text,ce98c0f0ab,br=0 nl=0,
ui/ui/staffroll/uil_staffroll_e.xml#2781,阿久津　加菜,阿久津 加菜,translated,text,49781c7816,br=0 nl=0,
ui/ui/staffroll/uil_staffroll_e.xml#2843,臼木　健士朗,臼木 健士朗,translated,text,1090fff2d5,br=0 nl=0,
ui/ui/staffroll/uil_staffroll_e.xml#2905,牛木　理人,牛木 理人,translated,text,ca73dcc9cd,br=0 nl=0,
ui/ui/staffroll/uil_staffroll_e.xml#2966,米山　有佳子,米山 有佳子,translated,text,e96a0b5e30,br=0 nl=0,
ui/ui/staffroll/uil_staffroll_e.xml#3028,塩谷　綾子,盐谷 绫子,translated,text,0cfe91802f,br=0 nl=0,
ui/ui/staffroll/uil_staffroll_e.xml#3089,松嵜　麗,松崎 丽,translated,text,24dac1be7c,br=0 nl=0,
ui/ui/staffroll/uil_staffroll_e.xml#3226,プランナーズセクション,策划部门,translated,text,0d32843cb5,br=0 nl=0,
ui/ui/staffroll/uil_staffroll_e.xml#3294,赤本　憲一,赤本 宪一,translated,text,ad611cf688,br=0 nl=0,
ui/ui/staffroll/uil_staffroll_e.xml#3356,梅田　雅武,梅田 雅武,translated,text,bcb88320ab,br=0 nl=0,
ui/ui/staffroll/uil_staffroll_e.xml#3418,村岡　剛弥,村冈 刚弥,translated,text,0e75a921bc,br=0 nl=0,
ui/ui/staffroll/uil_staffroll_e.xml#3480,加藤　周太,加藤 周太,translated,text,ddca2f6427,br=0 nl=0,
ui/ui/staffroll/uil_staffroll_e.xml#3542,松岡　大樹,松冈 大树,translated,text,d372601979,br=0 nl=0,
ui/ui/staffroll/uil_staffroll_e.xml#3604,田中　俊明,田中 俊明,translated,text,1d00fedc6b,br=0 nl=0,
ui/ui/staffroll/uil_staffroll_e.xml#3666,本田　響己,本田 响己,translated,text,dc0235233e,br=0 nl=0,
ui/ui/staffroll/uil_staffroll_e.xml#3728,プログラマーズセクション,程序员部门,translated,text,44c735ef17,br=0 nl=0,
ui/ui/staffroll/uil_staffroll_e.xml#3798,髙山　雅俊,高山 雅俊,translated,text,2b05fc035d,br=0 nl=0,
ui/ui/staffroll/uil_staffroll_e.xml#3860,金澤　佑介,金泽 佑介,translated,text,2038649a07,br=0 nl=0,
ui/ui/staffroll/uil_staffroll_e.xml#3922,山之口　操,山之口 操,translated,text,b0122ef9d0,br=0 nl=0,
ui/ui/staffroll/uil_staffroll_e.xml#3984,大田　尚明,大田 尚明,translated,text,74d4e53ec8,br=0 nl=0,
ui/ui/staffroll/uil_staffroll_e.xml#4046,難波　亮,难波 亮,translated,text,9377b6d3a4,br=0 nl=0,
ui/ui/staffroll/uil_staffroll_e.xml#4107,臼田　亜斗務,臼田 亚斗务,translated,text,020f1a7e76,br=0 nl=0,
ui/ui/staffroll/uil_staffroll_e.xml#4170,桂山　豪,桂山 豪,translated,text,1c84ff1e78,br=0 nl=0,
ui/ui/staffroll/uil_staffroll_e.xml#4231,佐藤　和也,佐藤 和也,translated,text,30834084ba,br=0 nl=0,
ui/ui/staffroll/uil_staffroll_e.xml#4293,山﨑　康平,山崎 康平,translated,text,ffb250d30a,br=0 nl=0,
ui/ui/staffroll/uil_staffroll_e.xml#4355,山下　真心,山下 真心,translated,text,61f5e37636,br=0 nl=0,
ui/ui/staffroll/uil_staffroll_e.xml#4417,デザイナーズセクション,设计师部门,translated,text,4ec447bf85,br=0 nl=0,
ui/ui/staffroll/uil_staffroll_e.xml#4486,CGディレクター,CG总监,translated,text,13d644da31,br=0 nl=0,
ui/ui/staffroll/uil_staffroll_e.xml#4548,岩瀬　智至,岩濑 智至,translated,text,e639b9e580,br=0 nl=0,
ui/ui/staffroll/uil_staffroll_e.xml#4610,キャラクターモデル,角色模型,translated,text,847a6758ec,br=0 nl=0,
ui/ui/staffroll/uil_staffroll_e.xml#4673,鈴木　康浩,铃木 康浩,translated,text,4ba488d04a,br=0 nl=0,
ui/ui/staffroll/uil_staffroll_e.xml#4735,早﨑　七海,早崎 七海,translated,text,1f6d7c33b0,br=0 nl=0,
ui/ui/staffroll/uil_staffroll_e.xml#4797,背景モデル,背景模型,translated,text,54bea4a2cc,br=0 nl=0,
ui/ui/staffroll/uil_staffroll_e.xml#4856,飯島　理恵,饭岛 理惠,translated,text,deda665c29,br=0 nl=0,
ui/ui/staffroll/uil_staffroll_e.xml#4918,インターフェースデザイン,界面设计,translated,text,c1c661b0bb,br=0 nl=0,
ui/ui/staffroll/uil_staffroll_e.xml#4984,馬場　博美,马场 博美,translated,text,2c333deaa0,br=0 nl=0,
ui/ui/staffroll/uil_staffroll_e.xml#5326,映像編集,影像编辑,translated,text,2bb223e3c0,br=0 nl=0,
ui/ui/staffroll/uil_staffroll_e.xml#5384,有馬　真作,有马 真作,translated,text,e32c2634a1,br=0 nl=0,
ui/ui/staffroll/uil_staffroll_e.xml#5446,斉藤　康信,齐藤 康信,translated,text,70a94fe358,br=0 nl=0,
ui/ui/staffroll/uil_staffroll_e.xml#5508,CG制作管理,CG制作管理,translated,text,4ea12195e3,br=0 nl=0,
ui/ui/staffroll/uil_staffroll_e.xml#5568,江川　弥寿生,江川 弥寿生,translated,text,f368d66cf7,br=0 nl=0,
ui/ui/staffroll/uil_staffroll_e.xml#5631,サウンドセクション,音效部门,translated,text,f692631407,br=0 nl=0,
ui/ui/staffroll/uil_staffroll_e.xml#5698,サウンドディレクター,音效总监,translated,text,87caf5e3c1,br=0 nl=0,
ui/ui/staffroll/uil_staffroll_e.xml#5762,高橋 洋明,高桥 洋明,translated,text,7d715a66f1,br=0 nl=0,
ui/ui/staffroll/uil_staffroll_e.xml#5824,天津光栄特庫摩軟件有限公司,天津光荣特库摩软件有限公司,translated,text,8a7dbadc6f,br=0 nl=0,
ui/ui/staffroll/uil_staffroll_e.xml#5895,デベロップメントマネージャー,开发经理,translated,text,a3540a5b0b,br=0 nl=0,
ui/ui/staffroll/uil_staffroll_e.xml#5963,安　曄,安 晔,translated,text,4b7cd118fa,br=0 nl=0,
ui/ui/staffroll/uil_staffroll_e.xml#6023,陳　皓,陈 皓,translated,text,dc3efeabc9,br=0 nl=0,
ui/ui/staffroll/uil_staffroll_e.xml#6083,プログラマー,程序员,translated,text,00a1706077,br=0 nl=0,
ui/ui/staffroll/uil_staffroll_e.xml#6143,岳　凱,岳 凯,translated,text,632d70a250,br=0 nl=0,
ui/ui/staffroll/uil_staffroll_e.xml#6203,陳　永飛,陈 永飞,translated,text,d262704611,br=0 nl=0,
ui/ui/staffroll/uil_staffroll_e.xml#6264,王　岩,王 岩,translated,text,55dc179b66,br=0 nl=0,
ui/ui/staffroll/uil_staffroll_e.xml#6324,孫　家琛,孙 家琛,translated,text,685b83afc1,br=0 nl=0,
ui/ui/staffroll/uil_staffroll_e.xml#6385,程　青舟,程 青舟,translated,text,27beff94b3,br=0 nl=0,
ui/ui/staffroll/uil_staffroll_e.xml#6446,劉　唯揚,刘 唯扬,translated,text,c2911ed2d9,br=0 nl=0,
ui/ui/staffroll/uil_staffroll_e.xml#6507,張　昊,张 昊,translated,text,275df0df5e,br=0 nl=0,
ui/ui/staffroll/uil_staffroll_e.xml#6567,デザイナー,设计师,translated,text,ed058a1ab0,br=0 nl=0,
ui/ui/staffroll/uil_staffroll_e.xml#6626,田　雪嬌,田 雪娇,translated,text,a11cdcd193,br=0 nl=0,
ui/ui/staffroll/uil_staffroll_e.xml#6687,広報,宣传,translated,text,6746eee8d6,br=0 nl=0,
ui/ui/staffroll/uil_staffroll_e.xml#6747,PRマーケティング,公关营销,translated,text,954a61299a,br=0 nl=0,
ui/ui/staffroll/uil_staffroll_e.xml#6810,吉川　真人,吉川 真人,translated,text,8a2ba50898,br=0 nl=0,
ui/ui/staffroll/uil_staffroll_e.xml#6872,水上　冴理,水上 冴理,translated,text,e4f4fa1d6a,br=0 nl=0,
ui/ui/staffroll/uil_staffroll_e.xml#6934,ソフトウェアマニュアル,软件手册,translated,text,9b5617111b,br=0 nl=0,
ui/ui/staffroll/uil_staffroll_e.xml#7003,加藤　雅大,加藤 雅大,translated,text,91bf91643d,br=0 nl=0,
ui/ui/staffroll/uil_staffroll_e.xml#7065,辻　槙人,辻 槙人,translated,text,c1cb4f06f8,br=0 nl=0,
ui/ui/staffroll/uil_staffroll_e.xml#7126,QAスタッフ,QA人员,translated,text,36ff45b240,br=0 nl=0,
ui/ui/staffroll/uil_staffroll_e.xml#7190,長谷川　茂,长谷川 茂,translated,text,3814329436,br=0 nl=0,
ui/ui/staffroll/uil_staffroll_e.xml#7252,キャラクターデザイン,角色设计,translated,text,34ac32a91f,br=0 nl=0,
ui/ui/staffroll/uil_staffroll_e.xml#7320,キャラクターイラスト,角色插画,translated,text,8ffb0bbffd,br=0 nl=0,
ui/ui/staffroll/uil_staffroll_e.xml#7449,パッケージイラスト,包装插画,translated,text,11036680bc,br=0 nl=0,
ui/ui/staffroll/uil_staffroll_e.xml#7516,フブキ,吹雪,translated,text,40f5527db7,br=0 nl=0,
ui/ui/staffroll/uil_staffroll_e.xml#7576,ワールドデザイン,世界设定设计,translated,text,a0094128c7,br=0 nl=0,
ui/ui/staffroll/uil_staffroll_e.xml#7642,松本　秀幸,松本 秀幸,translated,text,cac6e320dc,br=0 nl=0,
ui/ui/staffroll/uil_staffroll_e.xml#7765,コスチュームデザイン,服装设计,translated,text,b483d19059,br=0 nl=0,
ui/ui/staffroll/uil_staffroll_e.xml#7894,川松　由典,川松 由典,translated,text,654827f5ab,br=0 nl=0,
ui/ui/staffroll/uil_staffroll_e.xml#7956,桑田　ヤスヒロ,桑田 康弘,translated,text,6dec656f3b,br=0 nl=0,
ui/ui/staffroll/uil_staffroll_e.xml#8020,燕藤　ユウ,燕藤 悠,translated,text,8c84789206,br=0 nl=0,
ui/ui/staffroll/uil_staffroll_e.xml#8082,タスクテロップ・SDキャラデザイン,任务字幕・Q版角色设计,translated,text,158e93640f,br=0 nl=0,
ui/ui/staffroll/uil_staffroll_e.xml#8157,芹沢えのの,芹泽 Enono,translated,text,607d0edcc0,br=0 nl=0,
ui/ui/staffroll/uil_staffroll_e.xml#8219,シナリオ・脚本,剧本・脚本,translated,text,5b884ebd35,br=0 nl=0,
ui/ui/staffroll/uil_staffroll_e.xml#8284,夢セカイパート,梦世界部分,translated,text,aea66df668,br=0 nl=0,
ui/ui/staffroll/uil_staffroll_e.xml#8348,脚本,剧本,translated,text,7fbccbeb8a,br=0 nl=0,
ui/ui/staffroll/uil_staffroll_e.xml#8404,和泉　亮,和泉 亮,translated,text,eafef1a497,br=0 nl=0,
ui/ui/staffroll/uil_staffroll_e.xml#8465,花野　十三,花野 十三,translated,text,9990db3f0b,br=0 nl=0,
ui/ui/staffroll/uil_staffroll_e.xml#8527,谷村　大四郎,谷村 大四郎,translated,text,40c336b78f,br=0 nl=0,
ui/ui/staffroll/uil_staffroll_e.xml#8660,デザイン・モデリング・アニメーション,设计・建模・动画,translated,text,38967eaa41,br=0 nl=0,
ui/ui/staffroll/uil_staffroll_e.xml#8736,株式会社FlightUNIT,株式会社FlightUNIT,translated,text,1da69201f4,br=0 nl=0,
ui/ui/staffroll/uil_staffroll_e.xml#8807,キャラクターデザイン,角色设计,translated,text,34ac32a91f,br=0 nl=0,
ui/ui/staffroll/uil_staffroll_e.xml#8932,キャラクターモデリング,角色建模,translated,text,8148a92946,br=0 nl=0,
ui/ui/staffroll/uil_staffroll_e.xml#8997,桑田　まり子,桑田 真理子,translated,text,9a7ef2f3de,br=0 nl=0,
ui/ui/staffroll/uil_staffroll_e.xml#9060,川松　由典,川松 由典,translated,text,654827f5ab,br=0 nl=0,
ui/ui/staffroll/uil_staffroll_e.xml#9122,ワールドモデリング,世界建模,translated,text,8443ae1813,br=0 nl=0,
ui/ui/staffroll/uil_staffroll_e.xml#9246,川松　由典,川松 由典,translated,text,654827f5ab,br=0 nl=0,
ui/ui/staffroll/uil_staffroll_e.xml#9308,シャールデザイン,夏尔设计,translated,text,9d9cefacba,br=0 nl=0,
ui/ui/staffroll/uil_staffroll_e.xml#9431,川松　由典,川松 由典,translated,text,654827f5ab,br=0 nl=0,
ui/ui/staffroll/uil_staffroll_e.xml#9493,シャールモデリング,夏尔建模,translated,text,9e768da080,br=0 nl=0,
ui/ui/staffroll/uil_staffroll_e.xml#9556,川松　由典,川松 由典,translated,text,654827f5ab,br=0 nl=0,
ui/ui/staffroll/uil_staffroll_e.xml#9618,キャラクターアニメーション,角色动画,translated,text,6245f96f88,br=0 nl=0,
ui/ui/staffroll/uil_staffroll_e.xml#9685,山口　力哉,山口 力哉,translated,text,9db200242b,br=0 nl=0,
ui/ui/staffroll/uil_staffroll_e.xml#9747,テクニカルエンジニア,技术工程师,translated,text,1f8b0ef79d,br=0 nl=0,
ui/ui/staffroll/uil_staffroll_e.xml#9811,乱道,乱道,translated,text,afcfc8f99b,br=0 nl=0,
ui/ui/staffroll/uil_staffroll_e.xml#9870,大坪　俊介,大坪 俊介,translated,text,e4a7f6282a,br=0 nl=0,
ui/ui/staffroll/uil_staffroll_e.xml#9932,キャラクターセットアップ,角色装配,translated,text,2d9c1a161a,br=0 nl=0,
ui/ui/staffroll/uil_staffroll_e.xml#9998,大坪　俊介,大坪 俊介,translated,text,e4a7f6282a,br=0 nl=0,
ui/ui/staffroll/uil_staffroll_e.xml#10060,川松　由典,川松 由典,translated,text,654827f5ab,br=0 nl=0,
ui/ui/staffroll/uil_staffroll_e.xml#10122,マネジメント,管理,translated,text,644f6dd8a3,br=0 nl=0,
ui/ui/staffroll/uil_staffroll_e.xml#10182,松本　浩幸,松本 浩幸,translated,text,31c3a3098b,br=0 nl=0,
ui/ui/staffroll/uil_staffroll_e.xml#10244,背景描画,背景绘制,translated,text,7c693fd5dd,br=0 nl=0,
ui/ui/staffroll/uil_staffroll_e.xml#10306,松本　秀幸,松本 秀幸,translated,text,cac6e320dc,br=0 nl=0,
ui/ui/staffroll/uil_staffroll_e.xml#10368,藤野　健,藤野 健,translated,text,c8f847de19,br=0 nl=0,
ui/ui/staffroll/uil_staffroll_e.xml#10429,(千住工房),(千住工房),translated,text,72db564c31,br=0 nl=0,
ui/ui/staffroll/uil_staffroll_e.xml#10492,ムービー制作,影像制作,translated,text,76380644cd,br=0 nl=0,
ui/ui/staffroll/uil_staffroll_e.xml#10556,演出,演出,translated,text,7084a5c4b4,br=0 nl=0,
ui/ui/staffroll/uil_staffroll_e.xml#10612,蜂屋　雅幸,蜂屋 雅幸,translated,text,bacd8a88e9,br=0 nl=0,
ui/ui/staffroll/uil_staffroll_e.xml#10674,制作協力,制作协力,translated,text,06c1dc4d63,br=0 nl=0,
ui/ui/staffroll/uil_staffroll_e.xml#10793,背景,背景,translated,text,b13d33a528,br=0 nl=0,
ui/ui/staffroll/uil_staffroll_e.xml#10849,藤野　健,藤野 健,translated,text,c8f847de19,br=0 nl=0,
ui/ui/staffroll/uil_staffroll_e.xml#10910,(千住工房),(千住工房),translated,text,72db564c31,br=0 nl=0,
ui/ui/staffroll/uil_staffroll_e.xml#11029,蜂屋　雅幸,蜂屋 雅幸,translated,text,bacd8a88e9,br=0 nl=0,
ui/ui/staffroll/uil_staffroll_e.xml#11091,嘉藤　公紀,嘉藤 公纪,translated,text,b11bc7bcd0,br=0 nl=0,
ui/ui/staffroll/uil_staffroll_e.xml#11153,デザイン・グラフィック,设计・平面,translated,text,9c670269cd,br=0 nl=0,
ui/ui/staffroll/uil_staffroll_e.xml#11218,村澤　晴海,村泽 晴海,translated,text,ccc3eb0e5b,br=0 nl=0,
ui/ui/staffroll/uil_staffroll_e.xml#11280,目黒　久美子,目黑 久美子,translated,text,e42a1e5bcf,br=0 nl=0,
ui/ui/staffroll/uil_staffroll_e.xml#11343,制作進行管理,制作进度管理,translated,text,fce087be8d,br=0 nl=0,
ui/ui/staffroll/uil_staffroll_e.xml#11403,高橋　真,高桥 真,translated,text,0418a4adc3,br=0 nl=0,
ui/ui/staffroll/uil_staffroll_e.xml#11464,キャラクターアニメーション,角色动画,translated,text,6245f96f88,br=0 nl=0,
ui/ui/staffroll/uil_staffroll_e.xml#11531,山口　力哉,山口 力哉,translated,text,9db200242b,br=0 nl=0,
ui/ui/staffroll/uil_staffroll_e.xml#11593,大法要祝詞,大法要祝词,translated,text,de34d54786,br=0 nl=0,
ui/ui/staffroll/uil_staffroll_e.xml#11656,協力,协力,translated,text,1a054b3135,br=0 nl=0,
ui/ui/staffroll/uil_staffroll_e.xml#11781,バックグラウンドミュージック,背景音乐,translated,text,a5e60b8440,br=0 nl=0,
ui/ui/staffroll/uil_staffroll_e.xml#11853,コンポーザー,作曲家,translated,text,259843924f,br=0 nl=0,
ui/ui/staffroll/uil_staffroll_e.xml#11913,志方　あきこ,志方 晶子,translated,text,05f122732c,br=0 nl=0,
ui/ui/staffroll/uil_staffroll_e.xml#12182,音響,音效,translated,text,a94ecabc3c,br=0 nl=0,
ui/ui/staffroll/uil_staffroll_e.xml#12242,音響監督,音效总监,translated,text,e4bfb6b35d,br=0 nl=0,
ui/ui/staffroll/uil_staffroll_e.xml#12300,納谷　僚介,纳谷 僚介,translated,text,d0a88d7501,br=0 nl=0,
ui/ui/staffroll/uil_staffroll_e.xml#12362,録音調整,录音调整,translated,text,bdaaaa1218,br=0 nl=0,
ui/ui/staffroll/uil_staffroll_e.xml#12420,田中　直也,田中 直也,translated,text,a61c475fb5,br=0 nl=0,
ui/ui/staffroll/uil_staffroll_e.xml#12482,録音助手,录音助手,translated,text,2cd5fceb80,br=0 nl=0,
ui/ui/staffroll/uil_staffroll_e.xml#12540,三田　颯,三田 飒,translated,text,36385611f0,br=0 nl=0,
ui/ui/staffroll/uil_staffroll_e.xml#12601,道下　彩,道下 彩,translated,text,d5f8dc474d,br=0 nl=0,
ui/ui/staffroll/uil_staffroll_e.xml#12662,宮林　良太,宫林 良太,translated,text,0f70c3cd9a,br=0 nl=0,
ui/ui/staffroll/uil_staffroll_e.xml#12724,音響制作,音效制作,translated,text,3ba07c72e1,br=0 nl=0,
ui/ui/staffroll/uil_staffroll_e.xml#12851,音声編集,音频编辑,translated,text,e38d80f3d6,br=0 nl=0,
ui/ui/staffroll/uil_staffroll_e.xml#12913,株式会社ブレイブハーツ,株式会社Brave Hearts,translated,text,e92fbd661d,br=0 nl=0,
ui/ui/staffroll/uil_staffroll_e.xml#12981,デバッグ,调试,translated,text,93640dad3a,br=0 nl=0,
ui/ui/staffroll/uil_staffroll_e.xml#13043,ポールトゥウィン株式会社,株式会社Pole To Win,translated,text,cda47e17fb,br=0 nl=0,
ui/ui/staffroll/uil_staffroll_e.xml#13112,三田村　理史,三田村 理史,translated,text,471a7652f7,br=0 nl=0,
ui/ui/staffroll/uil_staffroll_e.xml#13175,山崎　乙,山崎 乙,translated,text,8f70623b22,br=0 nl=0,
ui/ui/staffroll/uil_staffroll_e.xml#13236,牧　睦美,牧 睦美,translated,text,36499eaf9d,br=0 nl=0,
ui/ui/staffroll/uil_staffroll_e.xml#13297,木村　知生,木村 知生,translated,text,f4f07268a4,br=0 nl=0,
ui/ui/staffroll/uil_staffroll_e.xml#13359,宮下　廣大,宫下 广大,translated,text,4c64af3cd0,br=0 nl=0,
ui/ui/staffroll/uil_staffroll_e.xml#13421,【シェルノサージュ・ゲームパート】,【Ciel nosurge游戏部分】,translated,text,9248244bef,br=0 nl=0,
ui/ui/staffroll/uil_staffroll_e.xml#13496,ワールドイラスト,世界插画,translated,text,5cd301b8d2,br=0 nl=0,
ui/ui/staffroll/uil_staffroll_e.xml#13562,松本　秀幸,松本 秀幸,translated,text,cac6e320dc,br=0 nl=0,
ui/ui/staffroll/uil_staffroll_e.xml#13624,加藤　たいら,加藤 泰良,translated,text,06ffb04cd0,br=0 nl=0,
ui/ui/staffroll/uil_staffroll_e.xml#13687,株式会社千住工房,株式会社千住工房,translated,text,3de756af57,br=0 nl=0,
ui/ui/staffroll/uil_staffroll_e.xml#13752,杉本　あゆみ,杉本 亚由美,translated,text,0cc43ca50f,br=0 nl=0,
ui/ui/staffroll/uil_staffroll_e.xml#13815,小林　雅代,小林 雅代,translated,text,b0113f997a,br=0 nl=0,
ui/ui/staffroll/uil_staffroll_e.xml#13877,藤野　健,藤野 健,translated,text,c8f847de19,br=0 nl=0,
ui/ui/staffroll/uil_staffroll_e.xml#13938,山梨　彩子,山梨 彩子,translated,text,b952ec77ac,br=0 nl=0,
ui/ui/staffroll/uil_staffroll_e.xml#14000,株式会社ロジスティックス,株式会社Logistics,translated,text,8ec59442f3,br=0 nl=0,
ui/ui/staffroll/uil_staffroll_e.xml#14069,チーム・ティルドーン,Team TillDawn,translated,text,20dce76a53,br=0 nl=0,
ui/ui/staffroll/uil_staffroll_e.xml#14133,宮越　歩,宫越 步,translated,text,fe37f2f67e,br=0 nl=0,
ui/ui/staffroll/uil_staffroll_e.xml#14194,川松　由典,川松 由典,translated,text,654827f5ab,br=0 nl=0,
ui/ui/staffroll/uil_staffroll_e.xml#14256,シナリオライターセクション,编剧部门,translated,text,a1348aacfb,br=0 nl=0,
ui/ui/staffroll/uil_staffroll_e.xml#14327,夢セカイパート,梦世界部分,translated,text,aea66df668,br=0 nl=0,
ui/ui/staffroll/uil_staffroll_e.xml#14391,脚本,剧本,translated,text,7fbccbeb8a,br=0 nl=0,
ui/ui/staffroll/uil_staffroll_e.xml#14447,谷村　大四郎,谷村 大四郎,translated,text,40c336b78f,br=0 nl=0,
ui/ui/staffroll/uil_staffroll_e.xml#14579,花野　十三 ,花野 十三,translated,text,ec9f16e629,br=0 nl=0,
ui/ui/staffroll/uil_staffroll_e.xml#14704,和泉　亮 ,和泉 亮,translated,text,64981930da,br=0 nl=0,
ui/ui/staffroll/uil_staffroll_e.xml#14829,デザイナーズセクション,设计师部门,translated,text,4ec447bf85,br=0 nl=0,
ui/ui/staffroll/uil_staffroll_e.xml#14898,アイテムCG作成,道具CG制作,translated,text,4959dedafc,br=0 nl=0,
ui/ui/staffroll/uil_staffroll_e.xml#14960,小瀬　希,小濑 希,translated,text,31c8eb4891,br=0 nl=0,
ui/ui/staffroll/uil_staffroll_e.xml#15021,プログラマーズセクション,程序员部门,translated,text,44c735ef17,br=0 nl=0,
ui/ui/staffroll/uil_staffroll_e.xml#15091,【オフライン版制作】,【单机版制作】,translated,text,03d64cac73,br=0 nl=0,
ui/ui/staffroll/uil_staffroll_e.xml#15158,株式会社メテオライズ,株式会社Meteorise,translated,text,61cde65511,br=0 nl=0,
ui/ui/staffroll/uil_staffroll_e.xml#15225,デベロップメントマネージャー,开发经理,translated,text,a3540a5b0b,br=0 nl=0,
ui/ui/staffroll/uil_staffroll_e.xml#15293,渡邉　幸二,渡边 幸二,translated,text,a836876d7e,br=0 nl=0,
ui/ui/staffroll/uil_staffroll_e.xml#15355,リードプログラマー,主程序员,translated,text,9229f02856,br=0 nl=0,
ui/ui/staffroll/uil_staffroll_e.xml#15418,山本　哲也,山本 哲也,translated,text,3f4c63e01f,br=0 nl=0,
ui/ui/staffroll/uil_staffroll_e.xml#15480,新井　朗,新井 朗,translated,text,90f9b443bf,br=0 nl=0,
ui/ui/staffroll/uil_staffroll_e.xml#15541,井出　純平,井出 纯平,translated,text,539eef3cdb,br=0 nl=0,
ui/ui/staffroll/uil_staffroll_e.xml#15603,堀川　雄大,堀川 雄大,translated,text,0427e75ecf,br=0 nl=0,
ui/ui/staffroll/uil_staffroll_e.xml#15665,株式会社メテオライズ,株式会社Meteorise,translated,text,61cde65511,br=0 nl=0,
ui/ui/staffroll/uil_staffroll_e.xml#15732,HTTP ネットワーク モジュール,HTTP网络模块,translated,text,700b00a437,br=0 nl=0,
ui/ui/staffroll/uil_staffroll_e.xml#15803,渡邉　幸二,渡边 幸二,translated,text,a836876d7e,br=0 nl=0,
ui/ui/staffroll/uil_staffroll_e.xml#15865,シャール システム,夏尔系统,translated,text,3000840e0e,br=0 nl=0,
ui/ui/staffroll/uil_staffroll_e.xml#15928,山本　哲也,山本 哲也,translated,text,3f4c63e01f,br=0 nl=0,
ui/ui/staffroll/uil_staffroll_e.xml#15990,株式会社エクストリーム,株式会社Extreme,translated,text,98c9f61cf3,br=0 nl=0,
ui/ui/staffroll/uil_staffroll_e.xml#16058,プログラムサポート,程序支援,translated,text,26d10aad29,br=0 nl=0,
ui/ui/staffroll/uil_staffroll_e.xml#16121,加津間　聡,加津间 聪,translated,text,0781ac921c,br=0 nl=0,
ui/ui/staffroll/uil_staffroll_e.xml#16183,青木　一也,青木 一也,translated,text,c83b05964d,br=0 nl=0,
ui/ui/staffroll/uil_staffroll_e.xml#16245,ネットワークセクション,网络部门,translated,text,4e67a84cd1,br=0 nl=0,
ui/ui/staffroll/uil_staffroll_e.xml#16384,ウェブエンジニア,网页工程师,translated,text,6cb6815dad,br=0 nl=0,
ui/ui/staffroll/uil_staffroll_e.xml#16446,三島　功,三岛 功,translated,text,5b8e07376e,br=0 nl=0,
ui/ui/staffroll/uil_staffroll_e.xml#16507,(株)wizgeek,(株)wizgeek,translated,text,cd5a3764f1,br=0 nl=0,
ui/ui/staffroll/uil_staffroll_e.xml#16574,ウェブオペレーション,网页运维,translated,text,0299d42ed3,br=0 nl=0,
ui/ui/staffroll/uil_staffroll_e.xml#16638,仲田　享司,仲田 享司,translated,text,2a82ae3f5e,br=0 nl=0,
ui/ui/staffroll/uil_staffroll_e.xml#16700,３Ｄモデル＆モーション,3D模型与动作,translated,text,cfca7f34e9,br=0 nl=0,
ui/ui/staffroll/uil_staffroll_e.xml#16769,株式会社FlightUNIT,株式会社FlightUNIT,translated,text,1da69201f4,br=0 nl=0,
ui/ui/staffroll/uil_staffroll_e.xml#16840,アートディレクター,艺术总监,translated,text,c34e651c44,br=0 nl=0,
ui/ui/staffroll/uil_staffroll_e.xml#16964,メイン3Dモデリング,主3D建模,translated,text,7a817aa640,br=0 nl=0,
ui/ui/staffroll/uil_staffroll_e.xml#17089,3Dモデリング,3D建模,translated,text,a9229cb55f,br=0 nl=0,
ui/ui/staffroll/uil_staffroll_e.xml#17150,川松　由典,川松 由典,translated,text,654827f5ab,br=0 nl=0,
ui/ui/staffroll/uil_staffroll_e.xml#17212,桑田　まり子,桑田 真理子,translated,text,9a7ef2f3de,br=0 nl=0,
ui/ui/staffroll/uil_staffroll_e.xml#17275,燕藤　ユウ,燕藤 悠,translated,text,8c84789206,br=0 nl=0,
ui/ui/staffroll/uil_staffroll_e.xml#17337,ワールドモデリング,世界建模,translated,text,8443ae1813,br=0 nl=0,
ui/ui/staffroll/uil_staffroll_e.xml#17400,川松　由典,川松 由典,translated,text,654827f5ab,br=0 nl=0,
ui/ui/staffroll/uil_staffroll_e.xml#17462,大坪　俊介,大坪 俊介,translated,text,e4a7f6282a,br=0 nl=0,
ui/ui/staffroll/uil_staffroll_e.xml#17524,桑田　まり子,桑田 真理子,translated,text,9a7ef2f3de,br=0 nl=0,
ui/ui/staffroll/uil_staffroll_e.xml#17587,シャールデザイン,夏尔设计,translated,text,9d9cefacba,br=0 nl=0,
ui/ui/staffroll/uil_staffroll_e.xml#17710,川松　由典,川松 由典,translated,text,654827f5ab,br=0 nl=0,
ui/ui/staffroll/uil_staffroll_e.xml#17772,シャールモデリング,夏尔建模,translated,text,9e768da080,br=0 nl=0,
ui/ui/staffroll/uil_staffroll_e.xml#17835,川松　由典,川松 由典,translated,text,654827f5ab,br=0 nl=0,
ui/ui/staffroll/uil_staffroll_e.xml#17897,高橋　聖,高桥 圣,translated,text,dfbf0ca1c6,br=0 nl=0,
ui/ui/staffroll/uil_staffroll_e.xml#17958,桑田　まり子,桑田 真理子,translated,text,9a7ef2f3de,br=0 nl=0,
ui/ui/staffroll/uil_staffroll_e.xml#18021,メインアニメーター,主动画师,translated,text,4a9646d5bb,br=0 nl=0,
ui/ui/staffroll/uil_staffroll_e.xml#18084,山口　力哉,山口 力哉,translated,text,9db200242b,br=0 nl=0,
ui/ui/staffroll/uil_staffroll_e.xml#18146,キャラクターアニメーション,角色动画,translated,text,6245f96f88,br=0 nl=0,
ui/ui/staffroll/uil_staffroll_e.xml#18213,矢戸　恵,矢户 惠,translated,text,98bd1a2e46,br=0 nl=0,
ui/ui/staffroll/uil_staffroll_e.xml#18335,イベントプログラム,事件程序,translated,text,45c20cb56a,br=0 nl=0,
ui/ui/staffroll/uil_staffroll_e.xml#18398,乱道,乱道,translated,text,afcfc8f99b,br=0 nl=0,
ui/ui/staffroll/uil_staffroll_e.xml#18457,テクニカルエンジニア,技术工程师,translated,text,1f8b0ef79d,br=0 nl=0,
ui/ui/staffroll/uil_staffroll_e.xml#18521,乱道,乱道,translated,text,afcfc8f99b,br=0 nl=0,
ui/ui/staffroll/uil_staffroll_e.xml#18580,大坪　俊介,大坪 俊介,translated,text,e4a7f6282a,br=0 nl=0,
ui/ui/staffroll/uil_staffroll_e.xml#18642,キャラクターセットアップ,角色装配,translated,text,2d9c1a161a,br=0 nl=0,
ui/ui/staffroll/uil_staffroll_e.xml#18708,大坪　俊介,大坪 俊介,translated,text,e4a7f6282a,br=0 nl=0,
ui/ui/staffroll/uil_staffroll_e.xml#18770,矢戸　恵,矢户 惠,translated,text,98bd1a2e46,br=0 nl=0,
ui/ui/staffroll/uil_staffroll_e.xml#18831,インターフェイスデザイン,界面设计,translated,text,8fe4dab4e8,br=0 nl=0,
ui/ui/staffroll/uil_staffroll_e.xml#18958,桑田　まり子,桑田 真理子,translated,text,9a7ef2f3de,br=0 nl=0,
ui/ui/staffroll/uil_staffroll_e.xml#19021,マネジメント,管理,translated,text,644f6dd8a3,br=0 nl=0,
ui/ui/staffroll/uil_staffroll_e.xml#19081,松本　浩幸,松本 浩幸,translated,text,31c3a3098b,br=0 nl=0,
ui/ui/staffroll/uil_staffroll_e.xml#19143,オープニングムービー,片头影像,translated,text,bddc00b466,br=0 nl=0,
ui/ui/staffroll/uil_staffroll_e.xml#19211,絵コンテ・演出,分镜・演出,translated,text,c1285163f7,br=0 nl=0,
ui/ui/staffroll/uil_staffroll_e.xml#19333,ディレクター　,总监,translated,text,135e67823a,br=0 nl=0,
ui/ui/staffroll/uil_staffroll_e.xml#19394,嘉藤　公紀,嘉藤 公纪,translated,text,b11bc7bcd0,br=0 nl=0,
ui/ui/staffroll/uil_staffroll_e.xml#19512,浅尾　憲治,浅尾 宪治,translated,text,6bc5e803d3,br=0 nl=0,
ui/ui/staffroll/uil_staffroll_e.xml#19574,蜂屋　雅幸,蜂屋 雅幸,translated,text,bacd8a88e9,br=0 nl=0,
ui/ui/staffroll/uil_staffroll_e.xml#19636,森中　亮,森中 亮,translated,text,d2b56e5d7c,br=0 nl=0,
ui/ui/staffroll/uil_staffroll_e.xml#19697,製作,制作,translated,text,53c6bc4ef7,br=0 nl=0,
ui/ui/staffroll/uil_staffroll_e.xml#19753,ポイント・ピクチャーズ,Point Pictures,translated,text,4b9cc20967,br=0 nl=0,
ui/ui/staffroll/uil_staffroll_e.xml#19821,プロモーションムービー,宣传影像,translated,text,375c066366,br=0 nl=0,
ui/ui/staffroll/uil_staffroll_e.xml#19890,ディレクター　,总监,translated,text,135e67823a,br=0 nl=0,
ui/ui/staffroll/uil_staffroll_e.xml#19951,浅尾　憲治,浅尾 宪治,translated,text,6bc5e803d3,br=0 nl=0,
ui/ui/staffroll/uil_staffroll_e.xml#20069,森　進二郞,森 进二郎,translated,text,564356e8ac,br=0 nl=0,
ui/ui/staffroll/uil_staffroll_e.xml#20131,村澤　晴海,村泽 晴海,translated,text,ccc3eb0e5b,br=0 nl=0,
ui/ui/staffroll/uil_staffroll_e.xml#20193,大塚　竹男,大冢 竹男,translated,text,ac5a7c666f,br=0 nl=0,
ui/ui/staffroll/uil_staffroll_e.xml#20255,製作,制作,translated,text,53c6bc4ef7,br=0 nl=0,
ui/ui/staffroll/uil_staffroll_e.xml#20311,ポイント・ピクチャーズ,Point Pictures,translated,text,4b9cc20967,br=0 nl=0,
ui/ui/staffroll/uil_staffroll_e.xml#20379,詩ムービー,诗歌影像,translated,text,03e84567a7,br=0 nl=0,
ui/ui/staffroll/uil_staffroll_e.xml#20442,ディレクター,总监,translated,text,074ca740ff,br=0 nl=0,
ui/ui/staffroll/uil_staffroll_e.xml#20502,絵コンテ・演出,分镜・演出,translated,text,c1285163f7,br=0 nl=0,
ui/ui/staffroll/uil_staffroll_e.xml#20624,キャラクターアニメーション,角色动画,translated,text,6245f96f88,br=0 nl=0,
ui/ui/staffroll/uil_staffroll_e.xml#20752,山口　力哉,山口 力哉,translated,text,9db200242b,br=0 nl=0,
ui/ui/staffroll/uil_staffroll_e.xml#20814,嘉藤　公紀,嘉藤 公纪,translated,text,b11bc7bcd0,br=0 nl=0,
ui/ui/staffroll/uil_staffroll_e.xml#20945,ジェノミライムービー,杰诺米莱伊影像,translated,text,f6e7d2fd93,br=0 nl=0,
ui/ui/staffroll/uil_staffroll_e.xml#21013,制作,制作,translated,text,7d394484ec,br=0 nl=0,
ui/ui/staffroll/uil_staffroll_e.xml#21130,バックグラウンドミュージック,背景音乐,translated,text,a5e60b8440,br=0 nl=0,
ui/ui/staffroll/uil_staffroll_e.xml#21202,ミュージックディレクター,音乐总监,translated,text,d43c0fd3f4,br=0 nl=0,
ui/ui/staffroll/uil_staffroll_e.xml#21268,志方　あきこ,志方 晶子,translated,text,05f122732c,br=0 nl=0,
ui/ui/staffroll/uil_staffroll_e.xml#21331,コンポーザー,作曲家,translated,text,259843924f,br=0 nl=0,
ui/ui/staffroll/uil_staffroll_e.xml#21391,志方　あきこ,志方 晶子,translated,text,05f122732c,br=0 nl=0,
ui/ui/staffroll/uil_staffroll_e.xml#21660,アコースティックギター,原声吉他,translated,text,a7abba5538,br=0 nl=0,
ui/ui/staffroll/uil_staffroll_e.xml#21725,吉田　穣,吉田 穰,translated,text,c4ff906d3c,br=0 nl=0,
ui/ui/staffroll/uil_staffroll_e.xml#21786,エレキギター,电吉他,translated,text,1fa9044665,br=0 nl=0,
ui/ui/staffroll/uil_staffroll_e.xml#21846,吉田　穣,吉田 穰,translated,text,c4ff906d3c,br=0 nl=0,
ui/ui/staffroll/uil_staffroll_e.xml#21907,シタール,锡塔尔琴,translated,text,8f25ffe37e,br=0 nl=0,
ui/ui/staffroll/uil_staffroll_e.xml#21965,吉田　穣,吉田 穰,translated,text,c4ff906d3c,br=0 nl=0,
ui/ui/staffroll/uil_staffroll_e.xml#22026,ヴァイオリン,小提琴,translated,text,668c16f747,br=0 nl=0,
ui/ui/staffroll/uil_staffroll_e.xml#22086,大貫　聖子,大贯 圣子,translated,text,3869a50f95,br=0 nl=0,
ui/ui/staffroll/uil_staffroll_e.xml#22148,音響,音效,translated,text,a94ecabc3c,br=0 nl=0,
ui/ui/staffroll/uil_staffroll_e.xml#22208,音響監督,音效总监,translated,text,e4bfb6b35d,br=0 nl=0,
ui/ui/staffroll/uil_staffroll_e.xml#22266,納谷　僚介,纳谷 僚介,translated,text,d0a88d7501,br=0 nl=0,
ui/ui/staffroll/uil_staffroll_e.xml#22328,録音調整,录音调整,translated,text,bdaaaa1218,br=0 nl=0,
ui/ui/staffroll/uil_staffroll_e.xml#22386,田中　直也,田中 直也,translated,text,a61c475fb5,br=0 nl=0,
ui/ui/staffroll/uil_staffroll_e.xml#22448,録音助手,录音助手,translated,text,2cd5fceb80,br=0 nl=0,
ui/ui/staffroll/uil_staffroll_e.xml#22506,三田　颯,三田 飒,translated,text,36385611f0,br=0 nl=0,
ui/ui/staffroll/uil_staffroll_e.xml#22567,道下　彩,道下 彩,translated,text,d5f8dc474d,br=0 nl=0,
ui/ui/staffroll/uil_staffroll_e.xml#22628,音響制作,音效制作,translated,text,3ba07c72e1,br=0 nl=0,
ui/ui/staffroll/uil_staffroll_e.xml#22755,技術協力,技术协力,translated,text,09ac8b241a,br=0 nl=0,
ui/ui/staffroll/uil_staffroll_e.xml#22817,株式会社ＣＲＩ・ミドルウェア,株式会社CRI Middleware,translated,text,ddfc365935,br=0 nl=0,
ui/ui/staffroll/uil_staffroll_e.xml#22888,代表取締役専務ＣＴＯ,执行董事专务CTO,translated,text,e027789a7b,br=0 nl=0,
ui/ui/staffroll/uil_staffroll_e.xml#22952,押見　正雄,押见 正雄,translated,text,bb3d517d8c,br=0 nl=0,
ui/ui/staffroll/uil_staffroll_e.xml#23076,佐藤　修,佐藤 修,translated,text,8d20a19056,br=0 nl=0,
ui/ui/staffroll/uil_staffroll_e.xml#23137,鈴木　成門,铃木 成门,translated,text,151d8ce7cd,br=0 nl=0,
ui/ui/staffroll/uil_staffroll_e.xml#23200,郷原　亮,乡原 亮,translated,text,edafc04a4c,br=0 nl=0,
ui/ui/staffroll/uil_staffroll_e.xml#23262,水津　達也,水津 达也,translated,text,1b6339ac0a,br=0 nl=0,
ui/ui/staffroll/uil_staffroll_e.xml#23325,田中　孝,田中 孝,translated,text,6a01522493,br=0 nl=0,
ui/ui/staffroll/uil_staffroll_e.xml#23387,薄　　亮,薄 亮,translated,text,9be14828cf,br=0 nl=0,
ui/ui/staffroll/uil_staffroll_e.xml#23449,及川　進,及川 进,translated,text,564af3d63f,br=0 nl=0,
ui/ui/staffroll/uil_staffroll_e.xml#23577,漆畑　祐介,漆畑 佑介,translated,text,7b38215b37,br=0 nl=0,
ui/ui/staffroll/uil_staffroll_e.xml#23640,櫻井　敦史,樱井 敦史,translated,text,56fb1b2ef2,br=0 nl=0,
ui/ui/staffroll/uil_staffroll_e.xml#23765,花房　宏通,花房 宏通,translated,text,b03c5ceac2,br=0 nl=0,
ui/ui/staffroll/uil_staffroll_e.xml#23828,太田　政美,太田 政美,translated,text,84c8d1255b,br=0 nl=0,
ui/ui/staffroll/uil_staffroll_e.xml#23891,渡辺　大輔,渡边 大辅,translated,text,e1ba1468a3,br=0 nl=0,
ui/ui/staffroll/uil_staffroll_e.xml#24022,佐藤　修,佐藤 修,translated,text,8d20a19056,br=0 nl=0,
ui/ui/staffroll/uil_staffroll_e.xml#24084,デバッグ,调试,translated,text,93640dad3a,br=0 nl=0,
ui/ui/staffroll/uil_staffroll_e.xml#24147,ポールトゥウィン株式会社,株式会社Pole To Win,translated,text,cda47e17fb,br=0 nl=0,
ui/ui/staffroll/uil_staffroll_e.xml#24217,三田村 理史,三田村 理史,translated,text,77e158e1ae,br=0 nl=0,
ui/ui/staffroll/uil_staffroll_e.xml#24281,浅田　卓,浅田 卓,translated,text,adcb96dc81,br=0 nl=0,
ui/ui/staffroll/uil_staffroll_e.xml#24343,山崎　乙,山崎 乙,translated,text,8f70623b22,br=0 nl=0,
ui/ui/staffroll/uil_staffroll_e.xml#24405,大井 勇生,大井 勇生,translated,text,fcdda02341,br=0 nl=0,
ui/ui/staffroll/uil_staffroll_e.xml#24468,牧　睦美,牧 睦美,translated,text,36499eaf9d,br=0 nl=0,
ui/ui/staffroll/uil_staffroll_e.xml#24530,木村　知生,木村 知生,translated,text,f4f07268a4,br=0 nl=0,
ui/ui/staffroll/uil_staffroll_e.xml#24593,宮下　廣大,宫下 广大,translated,text,4c64af3cd0,br=0 nl=0,
ui/ui/staffroll/uil_staffroll_e.xml#24656,柴田　裕司,柴田 裕司,translated,text,13fa6f22df,br=0 nl=0,
ui/ui/staffroll/uil_staffroll_e.xml#24719,西原　正洋,西原 正洋,translated,text,1aa88db9f1,br=0 nl=0,
ui/ui/staffroll/uil_staffroll_e.xml#24782,高田　陽介,高田 阳介,translated,text,ec9fea6efa,br=0 nl=0,
ui/ui/staffroll/uil_staffroll_e.xml#24845,澤田　哲也,泽田 哲也,translated,text,bc595385ac,br=0 nl=0,
ui/ui/staffroll/uil_staffroll_e.xml#24908,渡邊　さや,渡边 沙耶,translated,text,a3fb83c85e,br=0 nl=0,
ui/ui/staffroll/uil_staffroll_e.xml#24971,山谷　武,山谷 武,translated,text,254588c758,br=0 nl=0,
ui/ui/staffroll/uil_staffroll_e.xml#25033,小川　早苗,小川 早苗,translated,text,116301b38a,br=0 nl=0,
ui/ui/staffroll/uil_staffroll_e.xml#25096,村川　雄一郎,村川 雄一郎,translated,text,93fd06889d,br=0 nl=0,
ui/ui/staffroll/uil_staffroll_e.xml#25160,挿入歌,插曲,translated,text,43505f0b2e,br=0 nl=0,
ui/ui/staffroll/uil_staffroll_e.xml#25222,#00『謳無き丘へ～Introduce Ver.～』,#00‘致无鸣之丘～Introduce Ver.～’,translated,text,abf88f0aa3,br=0 nl=0,src-longest-line=26
ui/ui/staffroll/uil_staffroll_e.xml#25306,ヴォーカル,主唱,translated,text,a9d22c4f25,br=0 nl=0,
ui/ui/staffroll/uil_staffroll_e.xml#25366,志方　あきこ,志方 晶子,translated,text,05f122732c,br=0 nl=0,
ui/ui/staffroll/uil_staffroll_e.xml#25430,コーラス,和声,translated,text,e6f23f00bd,br=0 nl=0,
ui/ui/staffroll/uil_staffroll_e.xml#25489,志方　あきこ,志方 晶子,translated,text,05f122732c,br=0 nl=0,
ui/ui/staffroll/uil_staffroll_e.xml#25553,作詞,作词,translated,text,37dd0a71d2,br=0 nl=0,
ui/ui/staffroll/uil_staffroll_e.xml#25610,土屋　暁,土屋 晓,translated,text,21998e95cc,br=0 nl=0,
ui/ui/staffroll/uil_staffroll_e.xml#25672,作曲,作曲,translated,text,779e678323,br=0 nl=0,
ui/ui/staffroll/uil_staffroll_e.xml#25729,土屋　暁,土屋 晓,translated,text,21998e95cc,br=0 nl=0,
ui/ui/staffroll/uil_staffroll_e.xml#25791,編曲,编曲,translated,text,0d9b094937,br=0 nl=0,
ui/ui/staffroll/uil_staffroll_e.xml#25848,志方　あきこ,志方 晶子,translated,text,05f122732c,br=0 nl=0,
ui/ui/staffroll/uil_staffroll_e.xml#25912,アコースティックギター,原声吉他,translated,text,a7abba5538,br=0 nl=0,
ui/ui/staffroll/uil_staffroll_e.xml#25978,田代　耕一郎,田代 耕一郎,translated,text,2b32bdbfd2,br=0 nl=0,
ui/ui/staffroll/uil_staffroll_e.xml#26042,アイリッシュブズーキー,爱尔兰布祖基琴,translated,text,d1c4382eb2,br=0 nl=0,
ui/ui/staffroll/uil_staffroll_e.xml#26108,田代　耕一郎,田代 耕一郎,translated,text,2b32bdbfd2,br=0 nl=0,
ui/ui/staffroll/uil_staffroll_e.xml#26247,ヴォーカル,主唱,translated,text,a9d22c4f25,br=0 nl=0,
ui/ui/staffroll/uil_staffroll_e.xml#26307,志方　あきこ,志方 晶子,translated,text,05f122732c,br=0 nl=0,
ui/ui/staffroll/uil_staffroll_e.xml#26371,コーラス,和声,translated,text,e6f23f00bd,br=0 nl=0,
ui/ui/staffroll/uil_staffroll_e.xml#26430,志方　あきこ,志方 晶子,translated,text,05f122732c,br=0 nl=0,
ui/ui/staffroll/uil_staffroll_e.xml#26494,作詞,作词,translated,text,37dd0a71d2,br=0 nl=0,
ui/ui/staffroll/uil_staffroll_e.xml#26551,志方　あきこ,志方 晶子,translated,text,05f122732c,br=0 nl=0,
ui/ui/staffroll/uil_staffroll_e.xml#26615,作曲,作曲,translated,text,779e678323,br=0 nl=0,
ui/ui/staffroll/uil_staffroll_e.xml#26672,志方　あきこ,志方 晶子,translated,text,05f122732c,br=0 nl=0,
ui/ui/staffroll/uil_staffroll_e.xml#26736,編曲,编曲,translated,text,0d9b094937,br=0 nl=0,
ui/ui/staffroll/uil_staffroll_e.xml#26793,志方　あきこ,志方 晶子,translated,text,05f122732c,br=0 nl=0,
ui/ui/staffroll/uil_staffroll_e.xml#26857,アコースティックギター,原声吉他,translated,text,a7abba5538,br=0 nl=0,
ui/ui/staffroll/uil_staffroll_e.xml#26923,田代　耕一郎,田代 耕一郎,translated,text,2b32bdbfd2,br=0 nl=0,
ui/ui/staffroll/uil_staffroll_e.xml#26987,カンテレ,康特勒琴,translated,text,99e23b542c,br=0 nl=0,
ui/ui/staffroll/uil_staffroll_e.xml#27046,田代　耕一郎,田代 耕一郎,translated,text,2b32bdbfd2,br=0 nl=0,
ui/ui/staffroll/uil_staffroll_e.xml#27110,パーカッション,打击乐,translated,text,b5c517e01d,br=0 nl=0,
ui/ui/staffroll/uil_staffroll_e.xml#27172,大石　真理恵,大石 真理惠,translated,text,59c84c61d6,br=0 nl=0,
ui/ui/staffroll/uil_staffroll_e.xml#27236,筝,筝,translated,text,e09f68108a,br=0 nl=0,
ui/ui/staffroll/uil_staffroll_e.xml#27292,中垣　雅葉,中垣 雅叶,translated,text,ec00152ffc,br=0 nl=0,
ui/ui/staffroll/uil_staffroll_e.xml#27355,#02『天地咆吼』,#02‘天地咆哮’,translated,text,54b41e4730,br=0 nl=0,
ui/ui/staffroll/uil_staffroll_e.xml#27422,ヴォーカル,主唱,translated,text,a9d22c4f25,br=0 nl=0,
ui/ui/staffroll/uil_staffroll_e.xml#27482,城　南海,城 南海,translated,text,0326f175b4,br=0 nl=0,
ui/ui/staffroll/uil_staffroll_e.xml#27544,コーラス,和声,translated,text,e6f23f00bd,br=0 nl=0,
ui/ui/staffroll/uil_staffroll_e.xml#27603,城　南海,城 南海,translated,text,0326f175b4,br=0 nl=0,
ui/ui/staffroll/uil_staffroll_e.xml#27665,作詞,作词,translated,text,37dd0a71d2,br=0 nl=0,
ui/ui/staffroll/uil_staffroll_e.xml#27722,志方　あきこ,志方 晶子,translated,text,05f122732c,br=0 nl=0,
ui/ui/staffroll/uil_staffroll_e.xml#27786,作曲,作曲,translated,text,779e678323,br=0 nl=0,
ui/ui/staffroll/uil_staffroll_e.xml#27843,志方　あきこ,志方 晶子,translated,text,05f122732c,br=0 nl=0,
ui/ui/staffroll/uil_staffroll_e.xml#27907,編曲,编曲,translated,text,0d9b094937,br=0 nl=0,
ui/ui/staffroll/uil_staffroll_e.xml#27964,志方　あきこ,志方 晶子,translated,text,05f122732c,br=0 nl=0,
ui/ui/staffroll/uil_staffroll_e.xml#28028,アコースティックギター,原声吉他,translated,text,a7abba5538,br=0 nl=0,
ui/ui/staffroll/uil_staffroll_e.xml#28094,田代　耕一郎,田代 耕一郎,translated,text,2b32bdbfd2,br=0 nl=0,
ui/ui/staffroll/uil_staffroll_e.xml#28158,ヴァイオリン,小提琴,translated,text,668c16f747,br=0 nl=0,
ui/ui/staffroll/uil_staffroll_e.xml#28219,大貫　聖子,大贯 圣子,translated,text,3869a50f95,br=0 nl=0,
ui/ui/staffroll/uil_staffroll_e.xml#28282,ピアノ,钢琴,translated,text,64c0241201,br=0 nl=0,
ui/ui/staffroll/uil_staffroll_e.xml#28340,田中　さとこ,田中 聪子,translated,text,67b0c32b37,br=0 nl=0,
ui/ui/staffroll/uil_staffroll_e.xml#28488,ヴォーカル,主唱,translated,text,a9d22c4f25,br=0 nl=0,
ui/ui/staffroll/uil_staffroll_e.xml#28548,志方　あきこ,志方 晶子,translated,text,05f122732c,br=0 nl=0,
ui/ui/staffroll/uil_staffroll_e.xml#28612,コーラス,和声,translated,text,e6f23f00bd,br=0 nl=0,
ui/ui/staffroll/uil_staffroll_e.xml#28671,志方　あきこ,志方 晶子,translated,text,05f122732c,br=0 nl=0,
ui/ui/staffroll/uil_staffroll_e.xml#28735,作詞,作词,translated,text,37dd0a71d2,br=0 nl=0,
ui/ui/staffroll/uil_staffroll_e.xml#28792,志方　あきこ,志方 晶子,translated,text,05f122732c,br=0 nl=0,
ui/ui/staffroll/uil_staffroll_e.xml#28856,作曲,作曲,translated,text,779e678323,br=0 nl=0,
ui/ui/staffroll/uil_staffroll_e.xml#28913,志方　あきこ,志方 晶子,translated,text,05f122732c,br=0 nl=0,
ui/ui/staffroll/uil_staffroll_e.xml#28977,編曲,编曲,translated,text,0d9b094937,br=0 nl=0,
ui/ui/staffroll/uil_staffroll_e.xml#29034,志方　あきこ,志方 晶子,translated,text,05f122732c,br=0 nl=0,
ui/ui/staffroll/uil_staffroll_e.xml#29098,アイリッシュブズーキ,爱尔兰布祖基琴,translated,text,420248b6f2,br=0 nl=0,
ui/ui/staffroll/uil_staffroll_e.xml#29163,田代　耕一郎,田代 耕一郎,translated,text,2b32bdbfd2,br=0 nl=0,
ui/ui/staffroll/uil_staffroll_e.xml#29227,リュート,鲁特琴,translated,text,40aa180de2,br=0 nl=0,
ui/ui/staffroll/uil_staffroll_e.xml#29286,田代　耕一郎,田代 耕一郎,translated,text,2b32bdbfd2,br=0 nl=0,
ui/ui/staffroll/uil_staffroll_e.xml#29350,アコースティックギター,原声吉他,translated,text,a7abba5538,br=0 nl=0,
ui/ui/staffroll/uil_staffroll_e.xml#29416,田代　耕一郎,田代 耕一郎,translated,text,2b32bdbfd2,br=0 nl=0,
ui/ui/staffroll/uil_staffroll_e.xml#29480,ヴァイオリン,小提琴,translated,text,668c16f747,br=0 nl=0,
ui/ui/staffroll/uil_staffroll_e.xml#29541,大貫　聖子,大贯 圣子,translated,text,3869a50f95,br=0 nl=0,
ui/ui/staffroll/uil_staffroll_e.xml#29604,ホイッスル,哨子,translated,text,f9c2bb1a8a,br=0 nl=0,
ui/ui/staffroll/uil_staffroll_e.xml#29664,安井　敬,安井 敬,translated,text,723f3994ab,br=0 nl=0,
ui/ui/staffroll/uil_staffroll_e.xml#29726,リコーダー,竖笛,translated,text,1448956b32,br=0 nl=0,
ui/ui/staffroll/uil_staffroll_e.xml#29786,安井　敬,安井 敬,translated,text,723f3994ab,br=0 nl=0,
ui/ui/staffroll/uil_staffroll_e.xml#29920,ヴォーカル,主唱,translated,text,a9d22c4f25,br=0 nl=0,
ui/ui/staffroll/uil_staffroll_e.xml#29980,霜月　はるか,霜月 遥,translated,text,4fa4ca5550,br=0 nl=0,
ui/ui/staffroll/uil_staffroll_e.xml#30044,コーラス,和声,translated,text,e6f23f00bd,br=0 nl=0,
ui/ui/staffroll/uil_staffroll_e.xml#30103,霜月　はるか,霜月 遥,translated,text,4fa4ca5550,br=0 nl=0,
ui/ui/staffroll/uil_staffroll_e.xml#30167,作詞,作词,translated,text,37dd0a71d2,br=0 nl=0,
ui/ui/staffroll/uil_staffroll_e.xml#30224,日山　尚,日山 尚,translated,text,1f730ac70d,br=0 nl=0,
ui/ui/staffroll/uil_staffroll_e.xml#30286,作曲,作曲,translated,text,779e678323,br=0 nl=0,
ui/ui/staffroll/uil_staffroll_e.xml#30343,霜月　はるか,霜月 遥,translated,text,4fa4ca5550,br=0 nl=0,
ui/ui/staffroll/uil_staffroll_e.xml#30407,編曲,编曲,translated,text,0d9b094937,br=0 nl=0,
ui/ui/staffroll/uil_staffroll_e.xml#30525,#05『美し世界』,#05‘美丽世界’,translated,text,828500b0bb,br=0 nl=0,
ui/ui/staffroll/uil_staffroll_e.xml#30592,ヴォーカル,主唱,translated,text,a9d22c4f25,br=0 nl=0,
ui/ui/staffroll/uil_staffroll_e.xml#30652,城　南海,城 南海,translated,text,0326f175b4,br=0 nl=0,
ui/ui/staffroll/uil_staffroll_e.xml#30714,コーラス,和声,translated,text,e6f23f00bd,br=0 nl=0,
ui/ui/staffroll/uil_staffroll_e.xml#30773,城　南海,城 南海,translated,text,0326f175b4,br=0 nl=0,
ui/ui/staffroll/uil_staffroll_e.xml#30835,作詞,作词,translated,text,37dd0a71d2,br=0 nl=0,
ui/ui/staffroll/uil_staffroll_e.xml#30892,高橋　麗子,高桥 丽子,translated,text,e5f18eff62,br=0 nl=0,
ui/ui/staffroll/uil_staffroll_e.xml#30955,作曲,作曲,translated,text,779e678323,br=0 nl=0,
ui/ui/staffroll/uil_staffroll_e.xml#31012,弘田　佳孝,弘田 佳孝,translated,text,5b1c2fd00d,br=0 nl=0,
ui/ui/staffroll/uil_staffroll_e.xml#31075,編曲,编曲,translated,text,0d9b094937,br=0 nl=0,
ui/ui/staffroll/uil_staffroll_e.xml#31132,弘田　佳孝,弘田 佳孝,translated,text,5b1c2fd00d,br=0 nl=0,
ui/ui/staffroll/uil_staffroll_e.xml#31195,エレキベース,电贝斯,translated,text,97b8e005a2,br=0 nl=0,
ui/ui/staffroll/uil_staffroll_e.xml#31256,弘田　佳孝,弘田 佳孝,translated,text,5b1c2fd00d,br=0 nl=0,
ui/ui/staffroll/uil_staffroll_e.xml#31319,#ED『ラ・シェール～Ver.DS03～』,#ED‘拉・榭拉～Ver.DS03～’,translated,text,adbb87b6ec,br=0 nl=0,
ui/ui/staffroll/uil_staffroll_e.xml#31398,ヴォーカル,主唱,translated,text,a9d22c4f25,br=0 nl=0,
ui/ui/staffroll/uil_staffroll_e.xml#31458,志方　あきこ,志方 晶子,translated,text,05f122732c,br=0 nl=0,
ui/ui/staffroll/uil_staffroll_e.xml#31522,コーラス,和声,translated,text,e6f23f00bd,br=0 nl=0,
ui/ui/staffroll/uil_staffroll_e.xml#31581,志方　あきこ,志方 晶子,translated,text,05f122732c,br=0 nl=0,
ui/ui/staffroll/uil_staffroll_e.xml#31645,作詞,作词,translated,text,37dd0a71d2,br=0 nl=0,
ui/ui/staffroll/uil_staffroll_e.xml#31702,土屋　暁,土屋 晓,translated,text,21998e95cc,br=0 nl=0,
ui/ui/staffroll/uil_staffroll_e.xml#31764,作曲,作曲,translated,text,779e678323,br=0 nl=0,
ui/ui/staffroll/uil_staffroll_e.xml#31821,土屋　暁,土屋 晓,translated,text,21998e95cc,br=0 nl=0,
ui/ui/staffroll/uil_staffroll_e.xml#31883,編曲,编曲,translated,text,0d9b094937,br=0 nl=0,
ui/ui/staffroll/uil_staffroll_e.xml#31940,土屋　暁,土屋 晓,translated,text,21998e95cc,br=0 nl=0,
ui/ui/staffroll/uil_staffroll_e.xml#32002,コーラスアレンジ,和声改编,translated,text,aada25259d,br=0 nl=0,
ui/ui/staffroll/uil_staffroll_e.xml#32065,志方　あきこ,志方 晶子,translated,text,05f122732c,br=0 nl=0,
ui/ui/staffroll/uil_staffroll_e.xml#32129,レコーディング＆ミキシング,录音与混音,translated,text,45498df2df,br=0 nl=0,
ui/ui/staffroll/uil_staffroll_e.xml#32272,レコーディングスタジオ,录音室,translated,text,b25eb16dcb,br=0 nl=0,
ui/ui/staffroll/uil_staffroll_e.xml#32474,レコーディング&,录音&,translated,text,f841bcf365,br=0 nl=0,
ui/ui/staffroll/uil_staffroll_e.xml#32537,　　ミキシングエンジニア,混音工程师,translated,text,18ef1f1a8b,br=0 nl=0,
ui/ui/staffroll/uil_staffroll_e.xml#32604,南　直行,南 直行,translated,text,2d56d70010,br=0 nl=0,
ui/ui/staffroll/uil_staffroll_e.xml#32729,ミキシングスタジオ,混音工作室,translated,text,10e5c39a7e,br=0 nl=0,
ui/ui/staffroll/uil_staffroll_e.xml#32868,レコーディングスタジオ,录音室,translated,text,b25eb16dcb,br=0 nl=0,
ui/ui/staffroll/uil_staffroll_e.xml#33006,レコーディング&,录音&,translated,text,f841bcf365,br=0 nl=0,
ui/ui/staffroll/uil_staffroll_e.xml#33069,　　ミキシングエンジニア,混音工程师,translated,text,18ef1f1a8b,br=0 nl=0,
ui/ui/staffroll/uil_staffroll_e.xml#33136,南　直行,南 直行,translated,text,2d56d70010,br=0 nl=0,
ui/ui/staffroll/uil_staffroll_e.xml#33261,音楽制作,音乐制作,translated,text,fd03f88e87,br=0 nl=0,
ui/ui/staffroll/uil_staffroll_e.xml#33388,レコーディングスタジオ,录音室,translated,text,b25eb16dcb,br=0 nl=0,
ui/ui/staffroll/uil_staffroll_e.xml#33454,Artist Forum 千駄ヶ谷,Artist Forum 千驮谷,translated,text,c5d9afa7df,br=0 nl=0,
ui/ui/staffroll/uil_staffroll_e.xml#33529,レコーディングエンジニア,录音工程师,translated,text,dcee02fe85,br=0 nl=0,
ui/ui/staffroll/uil_staffroll_e.xml#33596,齊藤　弘二（TRIUMPH）,齐藤 弘二（TRIUMPH）,translated,text,601c4218f9,br=0 nl=0,
ui/ui/staffroll/uil_staffroll_e.xml#33668,坂　知学,坂 知学,translated,text,fb17ef159d,br=0 nl=0,
ui/ui/staffroll/uil_staffroll_e.xml#33730,ミキシングエンジニア,混音工程师,translated,text,b660dbc680,br=0 nl=0,
ui/ui/staffroll/uil_staffroll_e.xml#33795,坂　知学,坂 知学,translated,text,fb17ef159d,br=0 nl=0,
ui/ui/staffroll/uil_staffroll_e.xml#33920,レコーディングスタジオ,录音室,translated,text,b25eb16dcb,br=0 nl=0,
ui/ui/staffroll/uil_staffroll_e.xml#34058,レコーディングエンジニア,录音工程师,translated,text,dcee02fe85,br=0 nl=0,
ui/ui/staffroll/uil_staffroll_e.xml#34125,迎谷　彰信,迎谷 彰信,translated,text,745993b75c,br=0 nl=0,
ui/ui/staffroll/uil_staffroll_e.xml#34188,ミキシングエンジニア,混音工程师,translated,text,b660dbc680,br=0 nl=0,
ui/ui/staffroll/uil_staffroll_e.xml#34253,弘田　佳孝,弘田 佳孝,translated,text,5b1c2fd00d,br=0 nl=0,
ui/ui/staffroll/uil_staffroll_e.xml#34379,ミキシング,混音,translated,text,dd3c09920b,br=0 nl=0,
ui/ui/staffroll/uil_staffroll_e.xml#34439,土屋　暁,土屋 晓,translated,text,21998e95cc,br=0 nl=0,
ui/ui/staffroll/uil_staffroll_e.xml#34501,楽曲制作協力,乐曲制作协力,translated,text,72ede6daac,br=0 nl=0,
ui/ui/staffroll/uil_staffroll_e.xml#34566,株式会社フロンティアワークス,株式会社Frontier Works,translated,text,36d73077b6,br=0 nl=0,
ui/ui/staffroll/uil_staffroll_e.xml#34638,吉川　明,吉川 明,translated,text,2768ebf8a1,br=0 nl=0,
ui/ui/staffroll/uil_staffroll_e.xml#34700,小柳　豊,小柳 丰,translated,text,e59cd8c7b8,br=0 nl=0,
ui/ui/staffroll/uil_staffroll_e.xml#34893,田中　雅之,田中 雅之,translated,text,21736bbf23,br=0 nl=0,
ui/ui/staffroll/uil_staffroll_e.xml#34956,矢野　正明,矢野 正明,translated,text,78cf186a67,br=0 nl=0,
ui/ui/staffroll/uil_staffroll_e.xml#35019,谷川　雄紀,谷川 雄纪,translated,text,4f95b894a6,br=0 nl=0,
ui/ui/staffroll/uil_staffroll_e.xml#35082,髙橋　朝子,高桥 朝子,translated,text,77e6958b96,br=0 nl=0,
ui/ui/staffroll/uil_staffroll_e.xml#35145,本間　詩織,本间 诗织,translated,text,e70cd6c951,br=0 nl=0,
ui/ui/staffroll/uil_staffroll_e.xml#35208,佐々　梨花,佐佐 梨花,translated,text,030ff13e01,br=0 nl=0,
ui/ui/staffroll/uil_staffroll_e.xml#35271,生田　善子,生田 善子,translated,text,6a6fba474e,br=0 nl=0,
ui/ui/staffroll/uil_staffroll_e.xml#35334,松　　聖花,松 圣花,translated,text,ea05a4fd84,br=0 nl=0,
ui/ui/staffroll/uil_staffroll_e.xml#35397,音響,音效,translated,text,a94ecabc3c,br=0 nl=0,
ui/ui/staffroll/uil_staffroll_e.xml#35457,演出・キャスティング,演出・选角,translated,text,383d1bfa00,br=0 nl=0,
ui/ui/staffroll/uil_staffroll_e.xml#35522,関　智寛,关 智宽,translated,text,f1a5e773f2,br=0 nl=0,
ui/ui/staffroll/uil_staffroll_e.xml#35584,ミキサー,调音师,translated,text,61f92a39b5,br=0 nl=0,
ui/ui/staffroll/uil_staffroll_e.xml#35643,熊倉　亨,熊仓 亨,translated,text,509916c5a3,br=0 nl=0,
ui/ui/staffroll/uil_staffroll_e.xml#35705,音響制作,音效制作,translated,text,3ba07c72e1,br=0 nl=0,
ui/ui/staffroll/uil_staffroll_e.xml#35829,キャスティング協力,选角协力,translated,text,3c32e0140a,br=0 nl=0,
ui/ui/staffroll/uil_staffroll_e.xml#35893,松本　恵,松本 惠,translated,text,432387780b,br=0 nl=0,
ui/ui/staffroll/uil_staffroll_e.xml#36020,協力,协力,translated,text,1a054b3135,br=0 nl=0,
ui/ui/staffroll/uil_staffroll_e.xml#36081,(株)wizgeek,(株)wizgeek,translated,text,cd5a3764f1,br=0 nl=0,
ui/ui/staffroll/uil_staffroll_e.xml#36147,株式会社エクストリーム,株式会社Extreme,translated,text,98c9f61cf3,br=0 nl=0,
ui/ui/staffroll/uil_staffroll_e.xml#36214,株式会社ＣＲＩ・ミドルウェア,株式会社CRI Middleware,translated,text,ddfc365935,br=0 nl=0,
ui/ui/staffroll/uil_staffroll_e.xml#36352,株式会社千住工房,株式会社千住工房,translated,text,3de756af57,br=0 nl=0,
ui/ui/staffroll/uil_staffroll_e.xml#36485,株式会社FlightUNIT,株式会社FlightUNIT,translated,text,1da69201f4,br=0 nl=0,
ui/ui/staffroll/uil_staffroll_e.xml#36555,株式会社メテオライズ,株式会社Meteorise,translated,text,61cde65511,br=0 nl=0,
ui/ui/staffroll/uil_staffroll_e.xml#36621,株式会社フロンティアワークス,株式会社Frontier Works,translated,text,36d73077b6,br=0 nl=0,
ui/ui/staffroll/uil_staffroll_e.xml#36691,株式会社ポイントピクチャーズ,株式会社Point Pictures,translated,text,f8ac729aec,br=0 nl=0,
ui/ui/staffroll/uil_staffroll_e.xml#36761,ポールトゥウィン株式会社,株式会社Pole To Win,translated,text,cda47e17fb,br=0 nl=0,
ui/ui/staffroll/uil_staffroll_e.xml#36829,株式会社ロジスティックス,株式会社Logistics,translated,text,8ec59442f3,br=0 nl=0,
ui/ui/staffroll/uil_staffroll_e.xml#36897,株式会社プロダクション・アイジー,株式会社Production I.G,translated,text,84204edff3,br=0 nl=0,
ui/ui/staffroll/uil_staffroll_e.xml#36969,天津光栄特庫摩軟件有限公司,天津光荣特库摩软件有限公司,translated,text,8a7dbadc6f,br=0 nl=0,
ui/ui/staffroll/uil_staffroll_e.xml#37038,天津天匠動画科技有限公司,天津天匠动画科技有限公司,translated,text,14335be04d,br=0 nl=0,
ui/ui/staffroll/uil_staffroll_e.xml#37106,フォントワークス株式会社,Fontworks株式会社,translated,text,b1c83f97c7,br=0 nl=0,
ui/ui/staffroll/uil_staffroll_e.xml#37337,ディレクター,总监,translated,text,074ca740ff,br=0 nl=0,
ui/ui/staffroll/uil_staffroll_e.xml#37402,高野　雅文,高野 雅文,translated,text,e0f6ad1a3a,br=0 nl=0,
ui/ui/staffroll/uil_staffroll_e.xml#37465,開発プロデューサー,开发制作人,translated,text,763f21e64e,br=0 nl=0,
ui/ui/staffroll/uil_staffroll_e.xml#37533,細井  順三,细井 顺三,translated,text,014085680c,br=0 nl=0,
ui/ui/staffroll/uil_staffroll_e.xml#37597,総合プロデューサー,总制作人,translated,text,893701ac7c,br=0 nl=0,
ui/ui/staffroll/uil_staffroll_e.xml#37665,土屋  暁,土屋 晓,translated,text,dd0b0dada2,br=0 nl=0,
ui/ui/staffroll/uil_staffroll_e.xml#37728,エグゼクティブプロデューサー,执行制作人,translated,text,5e38e342d6,br=0 nl=0,
ui/ui/staffroll/uil_staffroll_e.xml#37801,鯉沼 久史,鲤沼 久史,translated,text,04514697bf,br=0 nl=0,
ui/ui/staffroll/uil_staffroll_e.xml#37864,製作,制作,translated,text,53c6bc4ef7,br=0 nl=0,
ui/ui/staffroll/uil_staffroll_e.xml#37925,株式会社コーエーテクモゲームス,株式会社光荣特库摩游戏,translated,text,be816b716d,br=0 nl=0,
ui/ui/staffroll/uil_staffroll_f.xml#1243,歌姫,歌姬,translated,text,acdbfe60f4,br=0 nl=0,
ui/ui/staffroll/uil_staffroll_f.xml#1300,志方　あきこ,志方 晶子,translated,text,05f122732c,br=0 nl=0,
ui/ui/staffroll/uil_staffroll_f.xml#1361,城　南海,城 南海,translated,text,0326f175b4,br=0 nl=0,
ui/ui/staffroll/uil_staffroll_f.xml#1420,霜月　はるか,霜月 遥,translated,text,4fa4ca5550,br=0 nl=0,
ui/ui/staffroll/uil_staffroll_f.xml#1543,イオン,依恩,translated,text,90d4718c90,br=0 nl=0,
ui/ui/staffroll/uil_staffroll_f.xml#1599,加隈　亜衣,加隈 亚衣,translated,text,d9fe60a2ce,br=0 nl=0,
ui/ui/staffroll/uil_staffroll_f.xml#1660,ネイ,妮伊,translated,text,dd82b752f9,br=0 nl=0,
ui/ui/staffroll/uil_staffroll_f.xml#1715,内田　真礼,内田 真礼,translated,text,664833d0bc,br=0 nl=0,
ui/ui/staffroll/uil_staffroll_f.xml#1776,ター坊,阿达,translated,text,be218a88e0,br=0 nl=0,
ui/ui/staffroll/uil_staffroll_f.xml#1832,大原　桃子,大原 桃子,translated,text,7805da68da,br=0 nl=0,
ui/ui/staffroll/uil_staffroll_f.xml#1893,キャス,凯斯,translated,text,6f807afcb1,br=0 nl=0,
ui/ui/staffroll/uil_staffroll_f.xml#1949,水瀬　いのり,水濑 祈,translated,text,2c51d41405,br=0 nl=0,
ui/ui/staffroll/uil_staffroll_f.xml#2011,白鷹,白鹰,translated,text,80f8839be9,br=0 nl=0,
ui/ui/staffroll/uil_staffroll_f.xml#2066,新垣　樽助,新垣 樽助,translated,text,d639834023,br=0 nl=0,
ui/ui/staffroll/uil_staffroll_f.xml#2127,サーリ,莎丽,translated,text,8a6ca8f186,br=0 nl=0,
ui/ui/staffroll/uil_staffroll_f.xml#2183,志村　由美,志村 由美,translated,text,d17ffb7a1f,br=0 nl=0,
ui/ui/staffroll/uil_staffroll_f.xml#2244,ジル,吉鲁,translated,text,56d6edb965,br=0 nl=0,
ui/ui/staffroll/uil_staffroll_f.xml#2299,川崎　芽衣子,川崎 芽衣子,translated,text,7ef2b5d765,br=0 nl=0,
ui/ui/staffroll/uil_staffroll_f.xml#2361,ネロ,妮诺,translated,text,5ab7665c85,br=0 nl=0,
ui/ui/staffroll/uil_staffroll_f.xml#2416,東城　日沙子,东城 日沙子,translated,text,0b4dc6cafb,br=0 nl=0,
ui/ui/staffroll/uil_staffroll_f.xml#2478,ねりこ,妮莉库,translated,text,89b50863af,br=0 nl=0,
ui/ui/staffroll/uil_staffroll_f.xml#2594,テレフンケン,泰雷芬肯,translated,text,ce98c0f0ab,br=0 nl=0,
ui/ui/staffroll/uil_staffroll_f.xml#2653,阿久津　加菜,阿久津 加菜,translated,text,49781c7816,br=0 nl=0,
ui/ui/staffroll/uil_staffroll_f.xml#2715,臼木　健士朗,臼木 健士朗,translated,text,1090fff2d5,br=0 nl=0,
ui/ui/staffroll/uil_staffroll_f.xml#2777,河西　健吾,河西 健吾,translated,text,6aea4e166f,br=0 nl=0,
ui/ui/staffroll/uil_staffroll_f.xml#2838,菊地　達弘,菊地 达弘,translated,text,3025c92e77,br=0 nl=0,
ui/ui/staffroll/uil_staffroll_f.xml#2899,森山　和輝,森山 和辉,translated,text,9d24ae6a64,br=0 nl=0,
ui/ui/staffroll/uil_staffroll_f.xml#2960,桑原　由気,桑原 由气,translated,text,1346d1326a,br=0 nl=0,
ui/ui/staffroll/uil_staffroll_f.xml#3021,高野　麻里佳,高野 麻里佳,translated,text,0f9a1e2847,br=0 nl=0,
ui/ui/staffroll/uil_staffroll_f.xml#3083,佐藤　あずさ,佐藤 梓,translated,text,394e612528,br=0 nl=0,
ui/ui/staffroll/uil_staffroll_f.xml#3145,辻　あゆみ ,辻 步美,translated,text,bdb6c8034b,br=0 nl=0,
ui/ui/staffroll/uil_staffroll_f.xml#3284,プランナーズセクション,策划部门,translated,text,0d32843cb5,br=0 nl=0,
ui/ui/staffroll/uil_staffroll_f.xml#3353,赤本　憲一,赤本 宪一,translated,text,ad611cf688,br=0 nl=0,
ui/ui/staffroll/uil_staffroll_f.xml#3415,梅田　雅武,梅田 雅武,translated,text,bcb88320ab,br=0 nl=0,
ui/ui/staffroll/uil_staffroll_f.xml#3477,村岡　剛弥,村冈 刚弥,translated,text,0e75a921bc,br=0 nl=0,
ui/ui/staffroll/uil_staffroll_f.xml#3539,加藤　周太,加藤 周太,translated,text,ddca2f6427,br=0 nl=0,
ui/ui/staffroll/uil_staffroll_f.xml#3601,松岡　大樹,松冈 大树,translated,text,d372601979,br=0 nl=0,
ui/ui/staffroll/uil_staffroll_f.xml#3663,田中　俊明,田中 俊明,translated,text,1d00fedc6b,br=0 nl=0,
ui/ui/staffroll/uil_staffroll_f.xml#3725,本田　響己,本田 响己,translated,text,dc0235233e,br=0 nl=0,
ui/ui/staffroll/uil_staffroll_f.xml#3787,プログラマーズセクション,程序员部门,translated,text,44c735ef17,br=0 nl=0,
ui/ui/staffroll/uil_staffroll_f.xml#3857,髙山　雅俊,高山 雅俊,translated,text,2b05fc035d,br=0 nl=0,
ui/ui/staffroll/uil_staffroll_f.xml#3919,金澤　佑介,金泽 佑介,translated,text,2038649a07,br=0 nl=0,
ui/ui/staffroll/uil_staffroll_f.xml#3981,山之口　操,山之口 操,translated,text,b0122ef9d0,br=0 nl=0,
ui/ui/staffroll/uil_staffroll_f.xml#4043,大田　尚明,大田 尚明,translated,text,74d4e53ec8,br=0 nl=0,
ui/ui/staffroll/uil_staffroll_f.xml#4105,難波　亮,难波 亮,translated,text,9377b6d3a4,br=0 nl=0,
ui/ui/staffroll/uil_staffroll_f.xml#4166,臼田　亜斗務,臼田 亚斗务,translated,text,020f1a7e76,br=0 nl=0,
ui/ui/staffroll/uil_staffroll_f.xml#4229,桂山　豪,桂山 豪,translated,text,1c84ff1e78,br=0 nl=0,
ui/ui/staffroll/uil_staffroll_f.xml#4290,佐藤　和也,佐藤 和也,translated,text,30834084ba,br=0 nl=0,
ui/ui/staffroll/uil_staffroll_f.xml#4352,山﨑　康平,山崎 康平,translated,text,ffb250d30a,br=0 nl=0,
ui/ui/staffroll/uil_staffroll_f.xml#4414,山下　真心,山下 真心,translated,text,61f5e37636,br=0 nl=0,
ui/ui/staffroll/uil_staffroll_f.xml#4476,デザイナーズセクション,设计师部门,translated,text,4ec447bf85,br=0 nl=0,
ui/ui/staffroll/uil_staffroll_f.xml#4545,CGディレクター,CG总监,translated,text,13d644da31,br=0 nl=0,
ui/ui/staffroll/uil_staffroll_f.xml#4607,岩瀬　智至,岩濑 智至,translated,text,e639b9e580,br=0 nl=0,
ui/ui/staffroll/uil_staffroll_f.xml#4669,キャラクターモデル,角色模型,translated,text,847a6758ec,br=0 nl=0,
ui/ui/staffroll/uil_staffroll_f.xml#4732,鈴木　康浩,铃木 康浩,translated,text,4ba488d04a,br=0 nl=0,
ui/ui/staffroll/uil_staffroll_f.xml#4794,早﨑　七海,早崎 七海,translated,text,1f6d7c33b0,br=0 nl=0,
ui/ui/staffroll/uil_staffroll_f.xml#4856,背景モデル,背景模型,translated,text,54bea4a2cc,br=0 nl=0,
ui/ui/staffroll/uil_staffroll_f.xml#4915,飯島　理恵,饭岛 理惠,translated,text,deda665c29,br=0 nl=0,
ui/ui/staffroll/uil_staffroll_f.xml#4977,インターフェースデザイン,界面设计,translated,text,c1c661b0bb,br=0 nl=0,
ui/ui/staffroll/uil_staffroll_f.xml#5043,馬場　博美,马场 博美,translated,text,2c333deaa0,br=0 nl=0,
ui/ui/staffroll/uil_staffroll_f.xml#5385,映像編集,影像编辑,translated,text,2bb223e3c0,br=0 nl=0,
ui/ui/staffroll/uil_staffroll_f.xml#5443,有馬　真作,有马 真作,translated,text,e32c2634a1,br=0 nl=0,
ui/ui/staffroll/uil_staffroll_f.xml#5505,斉藤　康信,齐藤 康信,translated,text,70a94fe358,br=0 nl=0,
ui/ui/staffroll/uil_staffroll_f.xml#5567,CG制作管理,CG制作管理,translated,text,4ea12195e3,br=0 nl=0,
ui/ui/staffroll/uil_staffroll_f.xml#5627,江川　弥寿生,江川 弥寿生,translated,text,f368d66cf7,br=0 nl=0,
ui/ui/staffroll/uil_staffroll_f.xml#5690,サウンドセクション,音效部门,translated,text,f692631407,br=0 nl=0,
ui/ui/staffroll/uil_staffroll_f.xml#5757,サウンドディレクター,音效总监,translated,text,87caf5e3c1,br=0 nl=0,
ui/ui/staffroll/uil_staffroll_f.xml#5821,高橋 洋明,高桥 洋明,translated,text,7d715a66f1,br=0 nl=0,
ui/ui/staffroll/uil_staffroll_f.xml#5883,天津光栄特庫摩軟件有限公司,天津光荣特库摩软件有限公司,translated,text,8a7dbadc6f,br=0 nl=0,
ui/ui/staffroll/uil_staffroll_f.xml#5954,デベロップメントマネージャー,开发经理,translated,text,a3540a5b0b,br=0 nl=0,
ui/ui/staffroll/uil_staffroll_f.xml#6022,安　曄,安 晔,translated,text,4b7cd118fa,br=0 nl=0,
ui/ui/staffroll/uil_staffroll_f.xml#6082,陳　皓,陈 皓,translated,text,dc3efeabc9,br=0 nl=0,
ui/ui/staffroll/uil_staffroll_f.xml#6142,プログラマー,程序员,translated,text,00a1706077,br=0 nl=0,
ui/ui/staffroll/uil_staffroll_f.xml#6202,岳　凱,岳 凯,translated,text,632d70a250,br=0 nl=0,
ui/ui/staffroll/uil_staffroll_f.xml#6262,陳　永飛,陈 永飞,translated,text,d262704611,br=0 nl=0,
ui/ui/staffroll/uil_staffroll_f.xml#6323,王　岩,王 岩,translated,text,55dc179b66,br=0 nl=0,
ui/ui/staffroll/uil_staffroll_f.xml#6383,孫　家琛,孙 家琛,translated,text,685b83afc1,br=0 nl=0,
ui/ui/staffroll/uil_staffroll_f.xml#6444,程　青舟,程 青舟,translated,text,27beff94b3,br=0 nl=0,
ui/ui/staffroll/uil_staffroll_f.xml#6505,劉　唯揚,刘 唯扬,translated,text,c2911ed2d9,br=0 nl=0,
ui/ui/staffroll/uil_staffroll_f.xml#6566,張　昊,张 昊,translated,text,275df0df5e,br=0 nl=0,
ui/ui/staffroll/uil_staffroll_f.xml#6626,デザイナー,设计师,translated,text,ed058a1ab0,br=0 nl=0,
ui/ui/staffroll/uil_staffroll_f.xml#6685,田　雪嬌,田 雪娇,translated,text,a11cdcd193,br=0 nl=0,
ui/ui/staffroll/uil_staffroll_f.xml#6746,広報,宣传,translated,text,6746eee8d6,br=0 nl=0,
ui/ui/staffroll/uil_staffroll_f.xml#6806,PRマーケティング,公关营销,translated,text,954a61299a,br=0 nl=0,
ui/ui/staffroll/uil_staffroll_f.xml#6869,吉川　真人,吉川 真人,translated,text,8a2ba50898,br=0 nl=0,
ui/ui/staffroll/uil_staffroll_f.xml#6931,水上　冴理,水上 冴理,translated,text,e4f4fa1d6a,br=0 nl=0,
ui/ui/staffroll/uil_staffroll_f.xml#6993,ソフトウェアマニュアル,软件手册,translated,text,9b5617111b,br=0 nl=0,
ui/ui/staffroll/uil_staffroll_f.xml#7062,加藤　雅大,加藤 雅大,translated,text,91bf91643d,br=0 nl=0,
ui/ui/staffroll/uil_staffroll_f.xml#7124,辻　槙人,辻 槙人,translated,text,c1cb4f06f8,br=0 nl=0,
ui/ui/staffroll/uil_staffroll_f.xml#7185,QAスタッフ,QA人员,translated,text,36ff45b240,br=0 nl=0,
ui/ui/staffroll/uil_staffroll_f.xml#7249,長谷川　茂,长谷川 茂,translated,text,3814329436,br=0 nl=0,
ui/ui/staffroll/uil_staffroll_f.xml#7311,キャラクターデザイン,角色设计,translated,text,34ac32a91f,br=0 nl=0,
ui/ui/staffroll/uil_staffroll_f.xml#7379,キャラクターイラスト,角色插画,translated,text,8ffb0bbffd,br=0 nl=0,
ui/ui/staffroll/uil_staffroll_f.xml#7508,パッケージイラスト,包装插画,translated,text,11036680bc,br=0 nl=0,
ui/ui/staffroll/uil_staffroll_f.xml#7575,フブキ,吹雪,translated,text,40f5527db7,br=0 nl=0,
ui/ui/staffroll/uil_staffroll_f.xml#7635,ワールドデザイン,世界设定设计,translated,text,a0094128c7,br=0 nl=0,
ui/ui/staffroll/uil_staffroll_f.xml#7701,松本　秀幸,松本 秀幸,translated,text,cac6e320dc,br=0 nl=0,
ui/ui/staffroll/uil_staffroll_f.xml#7824,コスチュームデザイン,服装设计,translated,text,b483d19059,br=0 nl=0,
ui/ui/staffroll/uil_staffroll_f.xml#7953,川松　由典,川松 由典,translated,text,654827f5ab,br=0 nl=0,
ui/ui/staffroll/uil_staffroll_f.xml#8015,桑田　ヤスヒロ,桑田 康弘,translated,text,6dec656f3b,br=0 nl=0,
ui/ui/staffroll/uil_staffroll_f.xml#8079,燕藤　ユウ,燕藤 悠,translated,text,8c84789206,br=0 nl=0,
ui/ui/staffroll/uil_staffroll_f.xml#8141,タスクテロップ・SDキャラデザイン,任务字幕・Q版角色设计,translated,text,158e93640f,br=0 nl=0,
ui/ui/staffroll/uil_staffroll_f.xml#8216,芹沢えのの,芹泽 Enono,translated,text,607d0edcc0,br=0 nl=0,
ui/ui/staffroll/uil_staffroll_f.xml#8278,シナリオ・脚本,剧本・脚本,translated,text,5b884ebd35,br=0 nl=0,
ui/ui/staffroll/uil_staffroll_f.xml#8343,夢セカイパート,梦世界部分,translated,text,aea66df668,br=0 nl=0,
ui/ui/staffroll/uil_staffroll_f.xml#8407,脚本,剧本,translated,text,7fbccbeb8a,br=0 nl=0,
ui/ui/staffroll/uil_staffroll_f.xml#8463,和泉　亮,和泉 亮,translated,text,eafef1a497,br=0 nl=0,
ui/ui/staffroll/uil_staffroll_f.xml#8524,花野　十三,花野 十三,translated,text,9990db3f0b,br=0 nl=0,
ui/ui/staffroll/uil_staffroll_f.xml#8586,谷村　大四郎,谷村 大四郎,translated,text,40c336b78f,br=0 nl=0,
ui/ui/staffroll/uil_staffroll_f.xml#8719,デザイン・モデリング・アニメーション,设计・建模・动画,translated,text,38967eaa41,br=0 nl=0,
ui/ui/staffroll/uil_staffroll_f.xml#8795,株式会社FlightUNIT,株式会社FlightUNIT,translated,text,1da69201f4,br=0 nl=0,
ui/ui/staffroll/uil_staffroll_f.xml#8866,キャラクターデザイン,角色设计,translated,text,34ac32a91f,br=0 nl=0,
ui/ui/staffroll/uil_staffroll_f.xml#8991,キャラクターモデリング,角色建模,translated,text,8148a92946,br=0 nl=0,
ui/ui/staffroll/uil_staffroll_f.xml#9056,桑田　まり子,桑田 真理子,translated,text,9a7ef2f3de,br=0 nl=0,
ui/ui/staffroll/uil_staffroll_f.xml#9119,川松　由典,川松 由典,translated,text,654827f5ab,br=0 nl=0,
ui/ui/staffroll/uil_staffroll_f.xml#9181,ワールドモデリング,世界建模,translated,text,8443ae1813,br=0 nl=0,
ui/ui/staffroll/uil_staffroll_f.xml#9305,川松　由典,川松 由典,translated,text,654827f5ab,br=0 nl=0,
ui/ui/staffroll/uil_staffroll_f.xml#9367,シャールデザイン,夏尔设计,translated,text,9d9cefacba,br=0 nl=0,
ui/ui/staffroll/uil_staffroll_f.xml#9490,川松　由典,川松 由典,translated,text,654827f5ab,br=0 nl=0,
ui/ui/staffroll/uil_staffroll_f.xml#9552,シャールモデリング,夏尔建模,translated,text,9e768da080,br=0 nl=0,
ui/ui/staffroll/uil_staffroll_f.xml#9615,川松　由典,川松 由典,translated,text,654827f5ab,br=0 nl=0,
ui/ui/staffroll/uil_staffroll_f.xml#9677,キャラクターアニメーション,角色动画,translated,text,6245f96f88,br=0 nl=0,
ui/ui/staffroll/uil_staffroll_f.xml#9744,山口　力哉,山口 力哉,translated,text,9db200242b,br=0 nl=0,
ui/ui/staffroll/uil_staffroll_f.xml#9806,テクニカルエンジニア,技术工程师,translated,text,1f8b0ef79d,br=0 nl=0,
ui/ui/staffroll/uil_staffroll_f.xml#9870,乱道,乱道,translated,text,afcfc8f99b,br=0 nl=0,
ui/ui/staffroll/uil_staffroll_f.xml#9929,大坪　俊介,大坪 俊介,translated,text,e4a7f6282a,br=0 nl=0,
ui/ui/staffroll/uil_staffroll_f.xml#9991,キャラクターセットアップ,角色装配,translated,text,2d9c1a161a,br=0 nl=0,
ui/ui/staffroll/uil_staffroll_f.xml#10057,大坪　俊介,大坪 俊介,translated,text,e4a7f6282a,br=0 nl=0,
ui/ui/staffroll/uil_staffroll_f.xml#10119,川松　由典,川松 由典,translated,text,654827f5ab,br=0 nl=0,
ui/ui/staffroll/uil_staffroll_f.xml#10181,マネジメント,管理,translated,text,644f6dd8a3,br=0 nl=0,
ui/ui/staffroll/uil_staffroll_f.xml#10241,松本　浩幸,松本 浩幸,translated,text,31c3a3098b,br=0 nl=0,
ui/ui/staffroll/uil_staffroll_f.xml#10303,背景描画,背景绘制,translated,text,7c693fd5dd,br=0 nl=0,
ui/ui/staffroll/uil_staffroll_f.xml#10365,松本　秀幸,松本 秀幸,translated,text,cac6e320dc,br=0 nl=0,
ui/ui/staffroll/uil_staffroll_f.xml#10427,藤野　健,藤野 健,translated,text,c8f847de19,br=0 nl=0,
ui/ui/staffroll/uil_staffroll_f.xml#10488,(千住工房),(千住工房),translated,text,72db564c31,br=0 nl=0,
ui/ui/staffroll/uil_staffroll_f.xml#10551,ムービー制作,影像制作,translated,text,76380644cd,br=0 nl=0,
ui/ui/staffroll/uil_staffroll_f.xml#10615,演出,演出,translated,text,7084a5c4b4,br=0 nl=0,
ui/ui/staffroll/uil_staffroll_f.xml#10671,蜂屋　雅幸,蜂屋 雅幸,translated,text,bacd8a88e9,br=0 nl=0,
ui/ui/staffroll/uil_staffroll_f.xml#10733,制作協力,制作协力,translated,text,06c1dc4d63,br=0 nl=0,
ui/ui/staffroll/uil_staffroll_f.xml#10852,背景,背景,translated,text,b13d33a528,br=0 nl=0,
ui/ui/staffroll/uil_staffroll_f.xml#10908,藤野　健,藤野 健,translated,text,c8f847de19,br=0 nl=0,
ui/ui/staffroll/uil_staffroll_f.xml#10969,(千住工房),(千住工房),translated,text,72db564c31,br=0 nl=0,
ui/ui/staffroll/uil_staffroll_f.xml#11088,蜂屋　雅幸,蜂屋 雅幸,translated,text,bacd8a88e9,br=0 nl=0,
ui/ui/staffroll/uil_staffroll_f.xml#11150,嘉藤　公紀,嘉藤 公纪,translated,text,b11bc7bcd0,br=0 nl=0,
ui/ui/staffroll/uil_staffroll_f.xml#11212,デザイン・グラフィック,设计・平面,translated,text,9c670269cd,br=0 nl=0,
ui/ui/staffroll/uil_staffroll_f.xml#11277,村澤　晴海,村泽 晴海,translated,text,ccc3eb0e5b,br=0 nl=0,
ui/ui/staffroll/uil_staffroll_f.xml#11339,目黒　久美子,目黑 久美子,translated,text,e42a1e5bcf,br=0 nl=0,
ui/ui/staffroll/uil_staffroll_f.xml#11402,制作進行管理,制作进度管理,translated,text,fce087be8d,br=0 nl=0,
ui/ui/staffroll/uil_staffroll_f.xml#11462,高橋　真,高桥 真,translated,text,0418a4adc3,br=0 nl=0,
ui/ui/staffroll/uil_staffroll_f.xml#11523,キャラクターアニメーション,角色动画,translated,text,6245f96f88,br=0 nl=0,
ui/ui/staffroll/uil_staffroll_f.xml#11590,山口　力哉,山口 力哉,translated,text,9db200242b,br=0 nl=0,
ui/ui/staffroll/uil_staffroll_f.xml#11652,大法要祝詞,大法要祝词,translated,text,de34d54786,br=0 nl=0,
ui/ui/staffroll/uil_staffroll_f.xml#11715,協力,协力,translated,text,1a054b3135,br=0 nl=0,
ui/ui/staffroll/uil_staffroll_f.xml#11840,バックグラウンドミュージック,背景音乐,translated,text,a5e60b8440,br=0 nl=0,
ui/ui/staffroll/uil_staffroll_f.xml#11912,コンポーザー,作曲家,translated,text,259843924f,br=0 nl=0,
ui/ui/staffroll/uil_staffroll_f.xml#11972,志方　あきこ,志方 晶子,translated,text,05f122732c,br=0 nl=0,
ui/ui/staffroll/uil_staffroll_f.xml#12241,音響,音效,translated,text,a94ecabc3c,br=0 nl=0,
ui/ui/staffroll/uil_staffroll_f.xml#12301,音響監督,音效总监,translated,text,e4bfb6b35d,br=0 nl=0,
ui/ui/staffroll/uil_staffroll_f.xml#12359,納谷　僚介,纳谷 僚介,translated,text,d0a88d7501,br=0 nl=0,
ui/ui/staffroll/uil_staffroll_f.xml#12421,録音調整,录音调整,translated,text,bdaaaa1218,br=0 nl=0,
ui/ui/staffroll/uil_staffroll_f.xml#12479,田中　直也,田中 直也,translated,text,a61c475fb5,br=0 nl=0,
ui/ui/staffroll/uil_staffroll_f.xml#12541,録音助手,录音助手,translated,text,2cd5fceb80,br=0 nl=0,
ui/ui/staffroll/uil_staffroll_f.xml#12599,三田　颯,三田 飒,translated,text,36385611f0,br=0 nl=0,
ui/ui/staffroll/uil_staffroll_f.xml#12660,道下　彩,道下 彩,translated,text,d5f8dc474d,br=0 nl=0,
ui/ui/staffroll/uil_staffroll_f.xml#12721,宮林　良太,宫林 良太,translated,text,0f70c3cd9a,br=0 nl=0,
ui/ui/staffroll/uil_staffroll_f.xml#12783,音響制作,音效制作,translated,text,3ba07c72e1,br=0 nl=0,
ui/ui/staffroll/uil_staffroll_f.xml#12910,音声編集,音频编辑,translated,text,e38d80f3d6,br=0 nl=0,
ui/ui/staffroll/uil_staffroll_f.xml#12972,株式会社ブレイブハーツ,株式会社Brave Hearts,translated,text,e92fbd661d,br=0 nl=0,
ui/ui/staffroll/uil_staffroll_f.xml#13040,デバッグ,调试,translated,text,93640dad3a,br=0 nl=0,
ui/ui/staffroll/uil_staffroll_f.xml#13102,ポールトゥウィン株式会社,株式会社Pole To Win,translated,text,cda47e17fb,br=0 nl=0,
ui/ui/staffroll/uil_staffroll_f.xml#13171,三田村　理史,三田村 理史,translated,text,471a7652f7,br=0 nl=0,
ui/ui/staffroll/uil_staffroll_f.xml#13234,山崎　乙,山崎 乙,translated,text,8f70623b22,br=0 nl=0,
ui/ui/staffroll/uil_staffroll_f.xml#13295,牧　睦美,牧 睦美,translated,text,36499eaf9d,br=0 nl=0,
ui/ui/staffroll/uil_staffroll_f.xml#13356,木村　知生,木村 知生,translated,text,f4f07268a4,br=0 nl=0,
ui/ui/staffroll/uil_staffroll_f.xml#13418,宮下　廣大,宫下 广大,translated,text,4c64af3cd0,br=0 nl=0,
ui/ui/staffroll/uil_staffroll_f.xml#13480,【シェルノサージュ・ゲームパート】,【Ciel nosurge游戏部分】,translated,text,9248244bef,br=0 nl=0,
ui/ui/staffroll/uil_staffroll_f.xml#13555,ワールドイラスト,世界插画,translated,text,5cd301b8d2,br=0 nl=0,
ui/ui/staffroll/uil_staffroll_f.xml#13621,松本　秀幸,松本 秀幸,translated,text,cac6e320dc,br=0 nl=0,
ui/ui/staffroll/uil_staffroll_f.xml#13683,加藤　たいら,加藤 泰良,translated,text,06ffb04cd0,br=0 nl=0,
ui/ui/staffroll/uil_staffroll_f.xml#13746,株式会社千住工房,株式会社千住工房,translated,text,3de756af57,br=0 nl=0,
ui/ui/staffroll/uil_staffroll_f.xml#13811,杉本　あゆみ,杉本 亚由美,translated,text,0cc43ca50f,br=0 nl=0,
ui/ui/staffroll/uil_staffroll_f.xml#13874,小林　雅代,小林 雅代,translated,text,b0113f997a,br=0 nl=0,
ui/ui/staffroll/uil_staffroll_f.xml#13936,藤野　健,藤野 健,translated,text,c8f847de19,br=0 nl=0,
ui/ui/staffroll/uil_staffroll_f.xml#13997,山梨　彩子,山梨 彩子,translated,text,b952ec77ac,br=0 nl=0,
ui/ui/staffroll/uil_staffroll_f.xml#14059,株式会社ロジスティックス,株式会社Logistics,translated,text,8ec59442f3,br=0 nl=0,
ui/ui/staffroll/uil_staffroll_f.xml#14128,チーム・ティルドーン,Team TillDawn,translated,text,20dce76a53,br=0 nl=0,
ui/ui/staffroll/uil_staffroll_f.xml#14192,宮越　歩,宫越 步,translated,text,fe37f2f67e,br=0 nl=0,
ui/ui/staffroll/uil_staffroll_f.xml#14253,川松　由典,川松 由典,translated,text,654827f5ab,br=0 nl=0,
ui/ui/staffroll/uil_staffroll_f.xml#14315,シナリオライターセクション,编剧部门,translated,text,a1348aacfb,br=0 nl=0,
ui/ui/staffroll/uil_staffroll_f.xml#14386,夢セカイパート,梦世界部分,translated,text,aea66df668,br=0 nl=0,
ui/ui/staffroll/uil_staffroll_f.xml#14450,脚本,剧本,translated,text,7fbccbeb8a,br=0 nl=0,
ui/ui/staffroll/uil_staffroll_f.xml#14506,谷村　大四郎,谷村 大四郎,translated,text,40c336b78f,br=0 nl=0,
ui/ui/staffroll/uil_staffroll_f.xml#14638,花野　十三 ,花野 十三,translated,text,ec9f16e629,br=0 nl=0,
ui/ui/staffroll/uil_staffroll_f.xml#14763,和泉　亮 ,和泉 亮,translated,text,64981930da,br=0 nl=0,
ui/ui/staffroll/uil_staffroll_f.xml#14888,デザイナーズセクション,设计师部门,translated,text,4ec447bf85,br=0 nl=0,
ui/ui/staffroll/uil_staffroll_f.xml#14957,アイテムCG作成,道具CG制作,translated,text,4959dedafc,br=0 nl=0,
ui/ui/staffroll/uil_staffroll_f.xml#15019,小瀬　希,小濑 希,translated,text,31c8eb4891,br=0 nl=0,
ui/ui/staffroll/uil_staffroll_f.xml#15080,プログラマーズセクション,程序员部门,translated,text,44c735ef17,br=0 nl=0,
ui/ui/staffroll/uil_staffroll_f.xml#15150,【オフライン版制作】,【单机版制作】,translated,text,03d64cac73,br=0 nl=0,
ui/ui/staffroll/uil_staffroll_f.xml#15217,株式会社メテオライズ,株式会社Meteorise,translated,text,61cde65511,br=0 nl=0,
ui/ui/staffroll/uil_staffroll_f.xml#15284,デベロップメントマネージャー,开发经理,translated,text,a3540a5b0b,br=0 nl=0,
ui/ui/staffroll/uil_staffroll_f.xml#15352,渡邉　幸二,渡边 幸二,translated,text,a836876d7e,br=0 nl=0,
ui/ui/staffroll/uil_staffroll_f.xml#15414,リードプログラマー,主程序员,translated,text,9229f02856,br=0 nl=0,
ui/ui/staffroll/uil_staffroll_f.xml#15477,山本　哲也,山本 哲也,translated,text,3f4c63e01f,br=0 nl=0,
ui/ui/staffroll/uil_staffroll_f.xml#15539,新井　朗,新井 朗,translated,text,90f9b443bf,br=0 nl=0,
ui/ui/staffroll/uil_staffroll_f.xml#15600,井出　純平,井出 纯平,translated,text,539eef3cdb,br=0 nl=0,
ui/ui/staffroll/uil_staffroll_f.xml#15662,堀川　雄大,堀川 雄大,translated,text,0427e75ecf,br=0 nl=0,
ui/ui/staffroll/uil_staffroll_f.xml#15724,株式会社メテオライズ,株式会社Meteorise,translated,text,61cde65511,br=0 nl=0,
ui/ui/staffroll/uil_staffroll_f.xml#15791,HTTP ネットワーク モジュール,HTTP网络模块,translated,text,700b00a437,br=0 nl=0,
ui/ui/staffroll/uil_staffroll_f.xml#15862,渡邉　幸二,渡边 幸二,translated,text,a836876d7e,br=0 nl=0,
ui/ui/staffroll/uil_staffroll_f.xml#15924,シャール システム,夏尔系统,translated,text,3000840e0e,br=0 nl=0,
ui/ui/staffroll/uil_staffroll_f.xml#15987,山本　哲也,山本 哲也,translated,text,3f4c63e01f,br=0 nl=0,
ui/ui/staffroll/uil_staffroll_f.xml#16049,株式会社エクストリーム,株式会社Extreme,translated,text,98c9f61cf3,br=0 nl=0,
ui/ui/staffroll/uil_staffroll_f.xml#16117,プログラムサポート,程序支援,translated,text,26d10aad29,br=0 nl=0,
ui/ui/staffroll/uil_staffroll_f.xml#16180,加津間　聡,加津间 聪,translated,text,0781ac921c,br=0 nl=0,
ui/ui/staffroll/uil_staffroll_f.xml#16242,青木　一也,青木 一也,translated,text,c83b05964d,br=0 nl=0,
ui/ui/staffroll/uil_staffroll_f.xml#16304,ネットワークセクション,网络部门,translated,text,4e67a84cd1,br=0 nl=0,
ui/ui/staffroll/uil_staffroll_f.xml#16443,ウェブエンジニア,网页工程师,translated,text,6cb6815dad,br=0 nl=0,
ui/ui/staffroll/uil_staffroll_f.xml#16505,三島　功,三岛 功,translated,text,5b8e07376e,br=0 nl=0,
ui/ui/staffroll/uil_staffroll_f.xml#16566,(株)wizgeek,(株)wizgeek,translated,text,cd5a3764f1,br=0 nl=0,
ui/ui/staffroll/uil_staffroll_f.xml#16633,ウェブオペレーション,网页运维,translated,text,0299d42ed3,br=0 nl=0,
ui/ui/staffroll/uil_staffroll_f.xml#16697,仲田　享司,仲田 享司,translated,text,2a82ae3f5e,br=0 nl=0,
ui/ui/staffroll/uil_staffroll_f.xml#16759,３Ｄモデル＆モーション,3D模型与动作,translated,text,cfca7f34e9,br=0 nl=0,
ui/ui/staffroll/uil_staffroll_f.xml#16828,株式会社FlightUNIT,株式会社FlightUNIT,translated,text,1da69201f4,br=0 nl=0,
ui/ui/staffroll/uil_staffroll_f.xml#16899,アートディレクター,艺术总监,translated,text,c34e651c44,br=0 nl=0,
ui/ui/staffroll/uil_staffroll_f.xml#17023,メイン3Dモデリング,主3D建模,translated,text,7a817aa640,br=0 nl=0,
ui/ui/staffroll/uil_staffroll_f.xml#17148,3Dモデリング,3D建模,translated,text,a9229cb55f,br=0 nl=0,
ui/ui/staffroll/uil_staffroll_f.xml#17209,川松　由典,川松 由典,translated,text,654827f5ab,br=0 nl=0,
ui/ui/staffroll/uil_staffroll_f.xml#17271,桑田　まり子,桑田 真理子,translated,text,9a7ef2f3de,br=0 nl=0,
ui/ui/staffroll/uil_staffroll_f.xml#17334,燕藤　ユウ,燕藤 悠,translated,text,8c84789206,br=0 nl=0,
ui/ui/staffroll/uil_staffroll_f.xml#17396,ワールドモデリング,世界建模,translated,text,8443ae1813,br=0 nl=0,
ui/ui/staffroll/uil_staffroll_f.xml#17459,川松　由典,川松 由典,translated,text,654827f5ab,br=0 nl=0,
ui/ui/staffroll/uil_staffroll_f.xml#17521,大坪　俊介,大坪 俊介,translated,text,e4a7f6282a,br=0 nl=0,
ui/ui/staffroll/uil_staffroll_f.xml#17583,桑田　まり子,桑田 真理子,translated,text,9a7ef2f3de,br=0 nl=0,
ui/ui/staffroll/uil_staffroll_f.xml#17646,シャールデザイン,夏尔设计,translated,text,9d9cefacba,br=0 nl=0,
ui/ui/staffroll/uil_staffroll_f.xml#17769,川松　由典,川松 由典,translated,text,654827f5ab,br=0 nl=0,
ui/ui/staffroll/uil_staffroll_f.xml#17831,シャールモデリング,夏尔建模,translated,text,9e768da080,br=0 nl=0,
ui/ui/staffroll/uil_staffroll_f.xml#17894,川松　由典,川松 由典,translated,text,654827f5ab,br=0 nl=0,
ui/ui/staffroll/uil_staffroll_f.xml#17956,高橋　聖,高桥 圣,translated,text,dfbf0ca1c6,br=0 nl=0,
ui/ui/staffroll/uil_staffroll_f.xml#18017,桑田　まり子,桑田 真理子,translated,text,9a7ef2f3de,br=0 nl=0,
ui/ui/staffroll/uil_staffroll_f.xml#18080,メインアニメーター,主动画师,translated,text,4a9646d5bb,br=0 nl=0,
ui/ui/staffroll/uil_staffroll_f.xml#18143,山口　力哉,山口 力哉,translated,text,9db200242b,br=0 nl=0,
ui/ui/staffroll/uil_staffroll_f.xml#18205,キャラクターアニメーション,角色动画,translated,text,6245f96f88,br=0 nl=0,
ui/ui/staffroll/uil_staffroll_f.xml#18272,矢戸　恵,矢户 惠,translated,text,98bd1a2e46,br=0 nl=0,
ui/ui/staffroll/uil_staffroll_f.xml#18394,イベントプログラム,事件程序,translated,text,45c20cb56a,br=0 nl=0,
ui/ui/staffroll/uil_staffroll_f.xml#18457,乱道,乱道,translated,text,afcfc8f99b,br=0 nl=0,
ui/ui/staffroll/uil_staffroll_f.xml#18516,テクニカルエンジニア,技术工程师,translated,text,1f8b0ef79d,br=0 nl=0,
ui/ui/staffroll/uil_staffroll_f.xml#18580,乱道,乱道,translated,text,afcfc8f99b,br=0 nl=0,
ui/ui/staffroll/uil_staffroll_f.xml#18639,大坪　俊介,大坪 俊介,translated,text,e4a7f6282a,br=0 nl=0,
ui/ui/staffroll/uil_staffroll_f.xml#18701,キャラクターセットアップ,角色装配,translated,text,2d9c1a161a,br=0 nl=0,
ui/ui/staffroll/uil_staffroll_f.xml#18767,大坪　俊介,大坪 俊介,translated,text,e4a7f6282a,br=0 nl=0,
ui/ui/staffroll/uil_staffroll_f.xml#18829,矢戸　恵,矢户 惠,translated,text,98bd1a2e46,br=0 nl=0,
ui/ui/staffroll/uil_staffroll_f.xml#18890,インターフェイスデザイン,界面设计,translated,text,8fe4dab4e8,br=0 nl=0,
ui/ui/staffroll/uil_staffroll_f.xml#19017,桑田　まり子,桑田 真理子,translated,text,9a7ef2f3de,br=0 nl=0,
ui/ui/staffroll/uil_staffroll_f.xml#19080,マネジメント,管理,translated,text,644f6dd8a3,br=0 nl=0,
ui/ui/staffroll/uil_staffroll_f.xml#19140,松本　浩幸,松本 浩幸,translated,text,31c3a3098b,br=0 nl=0,
ui/ui/staffroll/uil_staffroll_f.xml#19202,オープニングムービー,片头影像,translated,text,bddc00b466,br=0 nl=0,
ui/ui/staffroll/uil_staffroll_f.xml#19270,絵コンテ・演出,分镜・演出,translated,text,c1285163f7,br=0 nl=0,
ui/ui/staffroll/uil_staffroll_f.xml#19392,ディレクター　,总监,translated,text,135e67823a,br=0 nl=0,
ui/ui/staffroll/uil_staffroll_f.xml#19453,嘉藤　公紀,嘉藤 公纪,translated,text,b11bc7bcd0,br=0 nl=0,
ui/ui/staffroll/uil_staffroll_f.xml#19571,浅尾　憲治,浅尾 宪治,translated,text,6bc5e803d3,br=0 nl=0,
ui/ui/staffroll/uil_staffroll_f.xml#19633,蜂屋　雅幸,蜂屋 雅幸,translated,text,bacd8a88e9,br=0 nl=0,
ui/ui/staffroll/uil_staffroll_f.xml#19695,森中　亮,森中 亮,translated,text,d2b56e5d7c,br=0 nl=0,
ui/ui/staffroll/uil_staffroll_f.xml#19756,製作,制作,translated,text,53c6bc4ef7,br=0 nl=0,
ui/ui/staffroll/uil_staffroll_f.xml#19812,ポイント・ピクチャーズ,Point Pictures,translated,text,4b9cc20967,br=0 nl=0,
ui/ui/staffroll/uil_staffroll_f.xml#19880,プロモーションムービー,宣传影像,translated,text,375c066366,br=0 nl=0,
ui/ui/staffroll/uil_staffroll_f.xml#19949,ディレクター　,总监,translated,text,135e67823a,br=0 nl=0,
ui/ui/staffroll/uil_staffroll_f.xml#20010,浅尾　憲治,浅尾 宪治,translated,text,6bc5e803d3,br=0 nl=0,
ui/ui/staffroll/uil_staffroll_f.xml#20128,森　進二郞,森 进二郎,translated,text,564356e8ac,br=0 nl=0,
ui/ui/staffroll/uil_staffroll_f.xml#20190,村澤　晴海,村泽 晴海,translated,text,ccc3eb0e5b,br=0 nl=0,
ui/ui/staffroll/uil_staffroll_f.xml#20252,大塚　竹男,大冢 竹男,translated,text,ac5a7c666f,br=0 nl=0,
ui/ui/staffroll/uil_staffroll_f.xml#20314,製作,制作,translated,text,53c6bc4ef7,br=0 nl=0,
ui/ui/staffroll/uil_staffroll_f.xml#20370,ポイント・ピクチャーズ,Point Pictures,translated,text,4b9cc20967,br=0 nl=0,
ui/ui/staffroll/uil_staffroll_f.xml#20438,詩ムービー,诗歌影像,translated,text,03e84567a7,br=0 nl=0,
ui/ui/staffroll/uil_staffroll_f.xml#20501,ディレクター,总监,translated,text,074ca740ff,br=0 nl=0,
ui/ui/staffroll/uil_staffroll_f.xml#20561,絵コンテ・演出,分镜・演出,translated,text,c1285163f7,br=0 nl=0,
ui/ui/staffroll/uil_staffroll_f.xml#20683,キャラクターアニメーション,角色动画,translated,text,6245f96f88,br=0 nl=0,
ui/ui/staffroll/uil_staffroll_f.xml#20811,山口　力哉,山口 力哉,translated,text,9db200242b,br=0 nl=0,
ui/ui/staffroll/uil_staffroll_f.xml#20873,嘉藤　公紀,嘉藤 公纪,translated,text,b11bc7bcd0,br=0 nl=0,
ui/ui/staffroll/uil_staffroll_f.xml#21004,ジェノミライムービー,杰诺米莱伊影像,translated,text,f6e7d2fd93,br=0 nl=0,
ui/ui/staffroll/uil_staffroll_f.xml#21072,制作,制作,translated,text,7d394484ec,br=0 nl=0,
ui/ui/staffroll/uil_staffroll_f.xml#21189,バックグラウンドミュージック,背景音乐,translated,text,a5e60b8440,br=0 nl=0,
ui/ui/staffroll/uil_staffroll_f.xml#21261,ミュージックディレクター,音乐总监,translated,text,d43c0fd3f4,br=0 nl=0,
ui/ui/staffroll/uil_staffroll_f.xml#21327,志方　あきこ,志方 晶子,translated,text,05f122732c,br=0 nl=0,
ui/ui/staffroll/uil_staffroll_f.xml#21390,コンポーザー,作曲家,translated,text,259843924f,br=0 nl=0,
ui/ui/staffroll/uil_staffroll_f.xml#21450,志方　あきこ,志方 晶子,translated,text,05f122732c,br=0 nl=0,
ui/ui/staffroll/uil_staffroll_f.xml#21719,アコースティックギター,原声吉他,translated,text,a7abba5538,br=0 nl=0,
ui/ui/staffroll/uil_staffroll_f.xml#21784,吉田　穣,吉田 穰,translated,text,c4ff906d3c,br=0 nl=0,
ui/ui/staffroll/uil_staffroll_f.xml#21845,エレキギター,电吉他,translated,text,1fa9044665,br=0 nl=0,
ui/ui/staffroll/uil_staffroll_f.xml#21905,吉田　穣,吉田 穰,translated,text,c4ff906d3c,br=0 nl=0,
ui/ui/staffroll/uil_staffroll_f.xml#21966,シタール,锡塔尔琴,translated,text,8f25ffe37e,br=0 nl=0,
ui/ui/staffroll/uil_staffroll_f.xml#22024,吉田　穣,吉田 穰,translated,text,c4ff906d3c,br=0 nl=0,
ui/ui/staffroll/uil_staffroll_f.xml#22085,ヴァイオリン,小提琴,translated,text,668c16f747,br=0 nl=0,
ui/ui/staffroll/uil_staffroll_f.xml#22145,大貫　聖子,大贯 圣子,translated,text,3869a50f95,br=0 nl=0,
ui/ui/staffroll/uil_staffroll_f.xml#22207,音響,音效,translated,text,a94ecabc3c,br=0 nl=0,
ui/ui/staffroll/uil_staffroll_f.xml#22267,音響監督,音效总监,translated,text,e4bfb6b35d,br=0 nl=0,
ui/ui/staffroll/uil_staffroll_f.xml#22325,納谷　僚介,纳谷 僚介,translated,text,d0a88d7501,br=0 nl=0,
ui/ui/staffroll/uil_staffroll_f.xml#22387,録音調整,录音调整,translated,text,bdaaaa1218,br=0 nl=0,
ui/ui/staffroll/uil_staffroll_f.xml#22445,田中　直也,田中 直也,translated,text,a61c475fb5,br=0 nl=0,
ui/ui/staffroll/uil_staffroll_f.xml#22507,録音助手,录音助手,translated,text,2cd5fceb80,br=0 nl=0,
ui/ui/staffroll/uil_staffroll_f.xml#22565,三田　颯,三田 飒,translated,text,36385611f0,br=0 nl=0,
ui/ui/staffroll/uil_staffroll_f.xml#22626,道下　彩,道下 彩,translated,text,d5f8dc474d,br=0 nl=0,
ui/ui/staffroll/uil_staffroll_f.xml#22687,音響制作,音效制作,translated,text,3ba07c72e1,br=0 nl=0,
ui/ui/staffroll/uil_staffroll_f.xml#22814,技術協力,技术协力,translated,text,09ac8b241a,br=0 nl=0,
ui/ui/staffroll/uil_staffroll_f.xml#22876,株式会社ＣＲＩ・ミドルウェア,株式会社CRI Middleware,translated,text,ddfc365935,br=0 nl=0,
ui/ui/staffroll/uil_staffroll_f.xml#22947,代表取締役専務ＣＴＯ,执行董事专务CTO,translated,text,e027789a7b,br=0 nl=0,
ui/ui/staffroll/uil_staffroll_f.xml#23011,押見　正雄,押见 正雄,translated,text,bb3d517d8c,br=0 nl=0,
ui/ui/staffroll/uil_staffroll_f.xml#23136,佐藤　修,佐藤 修,translated,text,8d20a19056,br=0 nl=0,
ui/ui/staffroll/uil_staffroll_f.xml#23198,鈴木　成門,铃木 成门,translated,text,151d8ce7cd,br=0 nl=0,
ui/ui/staffroll/uil_staffroll_f.xml#23261,郷原　亮,乡原 亮,translated,text,edafc04a4c,br=0 nl=0,
ui/ui/staffroll/uil_staffroll_f.xml#23323,水津　達也,水津 达也,translated,text,1b6339ac0a,br=0 nl=0,
ui/ui/staffroll/uil_staffroll_f.xml#23386,田中　孝,田中 孝,translated,text,6a01522493,br=0 nl=0,
ui/ui/staffroll/uil_staffroll_f.xml#23448,薄　　亮,薄 亮,translated,text,9be14828cf,br=0 nl=0,
ui/ui/staffroll/uil_staffroll_f.xml#23510,及川　進,及川 进,translated,text,564af3d63f,br=0 nl=0,
ui/ui/staffroll/uil_staffroll_f.xml#23638,漆畑　祐介,漆畑 佑介,translated,text,7b38215b37,br=0 nl=0,
ui/ui/staffroll/uil_staffroll_f.xml#23701,櫻井　敦史,樱井 敦史,translated,text,56fb1b2ef2,br=0 nl=0,
ui/ui/staffroll/uil_staffroll_f.xml#23826,花房　宏通,花房 宏通,translated,text,b03c5ceac2,br=0 nl=0,
ui/ui/staffroll/uil_staffroll_f.xml#23889,太田　政美,太田 政美,translated,text,84c8d1255b,br=0 nl=0,
ui/ui/staffroll/uil_staffroll_f.xml#23952,渡辺　大輔,渡边 大辅,translated,text,e1ba1468a3,br=0 nl=0,
ui/ui/staffroll/uil_staffroll_f.xml#24083,佐藤　修,佐藤 修,translated,text,8d20a19056,br=0 nl=0,
ui/ui/staffroll/uil_staffroll_f.xml#24145,デバッグ,调试,translated,text,93640dad3a,br=0 nl=0,
ui/ui/staffroll/uil_staffroll_f.xml#24208,ポールトゥウィン株式会社,株式会社Pole To Win,translated,text,cda47e17fb,br=0 nl=0,
ui/ui/staffroll/uil_staffroll_f.xml#24278,三田村 理史,三田村 理史,translated,text,77e158e1ae,br=0 nl=0,
ui/ui/staffroll/uil_staffroll_f.xml#24342,浅田　卓,浅田 卓,translated,text,adcb96dc81,br=0 nl=0,
ui/ui/staffroll/uil_staffroll_f.xml#24404,山崎　乙,山崎 乙,translated,text,8f70623b22,br=0 nl=0,
ui/ui/staffroll/uil_staffroll_f.xml#24466,大井 勇生,大井 勇生,translated,text,fcdda02341,br=0 nl=0,
ui/ui/staffroll/uil_staffroll_f.xml#24529,牧　睦美,牧 睦美,translated,text,36499eaf9d,br=0 nl=0,
ui/ui/staffroll/uil_staffroll_f.xml#24591,木村　知生,木村 知生,translated,text,f4f07268a4,br=0 nl=0,
ui/ui/staffroll/uil_staffroll_f.xml#24654,宮下　廣大,宫下 广大,translated,text,4c64af3cd0,br=0 nl=0,
ui/ui/staffroll/uil_staffroll_f.xml#24717,柴田　裕司,柴田 裕司,translated,text,13fa6f22df,br=0 nl=0,
ui/ui/staffroll/uil_staffroll_f.xml#24780,西原　正洋,西原 正洋,translated,text,1aa88db9f1,br=0 nl=0,
ui/ui/staffroll/uil_staffroll_f.xml#24843,高田　陽介,高田 阳介,translated,text,ec9fea6efa,br=0 nl=0,
ui/ui/staffroll/uil_staffroll_f.xml#24906,澤田　哲也,泽田 哲也,translated,text,bc595385ac,br=0 nl=0,
ui/ui/staffroll/uil_staffroll_f.xml#24969,渡邊　さや,渡边 沙耶,translated,text,a3fb83c85e,br=0 nl=0,
ui/ui/staffroll/uil_staffroll_f.xml#25032,山谷　武,山谷 武,translated,text,254588c758,br=0 nl=0,
ui/ui/staffroll/uil_staffroll_f.xml#25094,小川　早苗,小川 早苗,translated,text,116301b38a,br=0 nl=0,
ui/ui/staffroll/uil_staffroll_f.xml#25157,村川　雄一郎,村川 雄一郎,translated,text,93fd06889d,br=0 nl=0,
ui/ui/staffroll/uil_staffroll_f.xml#25221,挿入歌,插曲,translated,text,43505f0b2e,br=0 nl=0,
ui/ui/staffroll/uil_staffroll_f.xml#25283,#00『謳無き丘へ～Introduce Ver.～』,#00‘致无鸣之丘～Introduce Ver.～’,translated,text,abf88f0aa3,br=0 nl=0,src-longest-line=26
ui/ui/staffroll/uil_staffroll_f.xml#25367,ヴォーカル,主唱,translated,text,a9d22c4f25,br=0 nl=0,
ui/ui/staffroll/uil_staffroll_f.xml#25427,志方　あきこ,志方 晶子,translated,text,05f122732c,br=0 nl=0,
ui/ui/staffroll/uil_staffroll_f.xml#25491,コーラス,和声,translated,text,e6f23f00bd,br=0 nl=0,
ui/ui/staffroll/uil_staffroll_f.xml#25550,志方　あきこ,志方 晶子,translated,text,05f122732c,br=0 nl=0,
ui/ui/staffroll/uil_staffroll_f.xml#25614,作詞,作词,translated,text,37dd0a71d2,br=0 nl=0,
ui/ui/staffroll/uil_staffroll_f.xml#25671,土屋　暁,土屋 晓,translated,text,21998e95cc,br=0 nl=0,
ui/ui/staffroll/uil_staffroll_f.xml#25733,作曲,作曲,translated,text,779e678323,br=0 nl=0,
ui/ui/staffroll/uil_staffroll_f.xml#25790,土屋　暁,土屋 晓,translated,text,21998e95cc,br=0 nl=0,
ui/ui/staffroll/uil_staffroll_f.xml#25852,編曲,编曲,translated,text,0d9b094937,br=0 nl=0,
ui/ui/staffroll/uil_staffroll_f.xml#25909,志方　あきこ,志方 晶子,translated,text,05f122732c,br=0 nl=0,
ui/ui/staffroll/uil_staffroll_f.xml#25973,アコースティックギター,原声吉他,translated,text,a7abba5538,br=0 nl=0,
ui/ui/staffroll/uil_staffroll_f.xml#26039,田代　耕一郎,田代 耕一郎,translated,text,2b32bdbfd2,br=0 nl=0,
ui/ui/staffroll/uil_staffroll_f.xml#26103,アイリッシュブズーキー,爱尔兰布祖基琴,translated,text,d1c4382eb2,br=0 nl=0,
ui/ui/staffroll/uil_staffroll_f.xml#26169,田代　耕一郎,田代 耕一郎,translated,text,2b32bdbfd2,br=0 nl=0,
ui/ui/staffroll/uil_staffroll_f.xml#26308,ヴォーカル,主唱,translated,text,a9d22c4f25,br=0 nl=0,
ui/ui/staffroll/uil_staffroll_f.xml#26368,志方　あきこ,志方 晶子,translated,text,05f122732c,br=0 nl=0,
ui/ui/staffroll/uil_staffroll_f.xml#26432,コーラス,和声,translated,text,e6f23f00bd,br=0 nl=0,
ui/ui/staffroll/uil_staffroll_f.xml#26491,志方　あきこ,志方 晶子,translated,text,05f122732c,br=0 nl=0,
ui/ui/staffroll/uil_staffroll_f.xml#26555,作詞,作词,translated,text,37dd0a71d2,br=0 nl=0,
ui/ui/staffroll/uil_staffroll_f.xml#26612,志方　あきこ,志方 晶子,translated,text,05f122732c,br=0 nl=0,
ui/ui/staffroll/uil_staffroll_f.xml#26676,作曲,作曲,translated,text,779e678323,br=0 nl=0,
ui/ui/staffroll/uil_staffroll_f.xml#26733,志方　あきこ,志方 晶子,translated,text,05f122732c,br=0 nl=0,
ui/ui/staffroll/uil_staffroll_f.xml#26797,編曲,编曲,translated,text,0d9b094937,br=0 nl=0,
ui/ui/staffroll/uil_staffroll_f.xml#26854,志方　あきこ,志方 晶子,translated,text,05f122732c,br=0 nl=0,
ui/ui/staffroll/uil_staffroll_f.xml#26918,アコースティックギター,原声吉他,translated,text,a7abba5538,br=0 nl=0,
ui/ui/staffroll/uil_staffroll_f.xml#26984,田代　耕一郎,田代 耕一郎,translated,text,2b32bdbfd2,br=0 nl=0,
ui/ui/staffroll/uil_staffroll_f.xml#27048,カンテレ,康特勒琴,translated,text,99e23b542c,br=0 nl=0,
ui/ui/staffroll/uil_staffroll_f.xml#27107,田代　耕一郎,田代 耕一郎,translated,text,2b32bdbfd2,br=0 nl=0,
ui/ui/staffroll/uil_staffroll_f.xml#27171,パーカッション,打击乐,translated,text,b5c517e01d,br=0 nl=0,
ui/ui/staffroll/uil_staffroll_f.xml#27233,大石　真理恵,大石 真理惠,translated,text,59c84c61d6,br=0 nl=0,
ui/ui/staffroll/uil_staffroll_f.xml#27297,筝,筝,translated,text,e09f68108a,br=0 nl=0,
ui/ui/staffroll/uil_staffroll_f.xml#27353,中垣　雅葉,中垣 雅叶,translated,text,ec00152ffc,br=0 nl=0,
ui/ui/staffroll/uil_staffroll_f.xml#27416,#02『天地咆吼』,#02‘天地咆哮’,translated,text,54b41e4730,br=0 nl=0,
ui/ui/staffroll/uil_staffroll_f.xml#27483,ヴォーカル,主唱,translated,text,a9d22c4f25,br=0 nl=0,
ui/ui/staffroll/uil_staffroll_f.xml#27543,城　南海,城 南海,translated,text,0326f175b4,br=0 nl=0,
ui/ui/staffroll/uil_staffroll_f.xml#27605,コーラス,和声,translated,text,e6f23f00bd,br=0 nl=0,
ui/ui/staffroll/uil_staffroll_f.xml#27664,城　南海,城 南海,translated,text,0326f175b4,br=0 nl=0,
ui/ui/staffroll/uil_staffroll_f.xml#27726,作詞,作词,translated,text,37dd0a71d2,br=0 nl=0,
ui/ui/staffroll/uil_staffroll_f.xml#27783,志方　あきこ,志方 晶子,translated,text,05f122732c,br=0 nl=0,
ui/ui/staffroll/uil_staffroll_f.xml#27847,作曲,作曲,translated,text,779e678323,br=0 nl=0,
ui/ui/staffroll/uil_staffroll_f.xml#27904,志方　あきこ,志方 晶子,translated,text,05f122732c,br=0 nl=0,
ui/ui/staffroll/uil_staffroll_f.xml#27968,編曲,编曲,translated,text,0d9b094937,br=0 nl=0,
ui/ui/staffroll/uil_staffroll_f.xml#28025,志方　あきこ,志方 晶子,translated,text,05f122732c,br=0 nl=0,
ui/ui/staffroll/uil_staffroll_f.xml#28089,アコースティックギター,原声吉他,translated,text,a7abba5538,br=0 nl=0,
ui/ui/staffroll/uil_staffroll_f.xml#28155,田代　耕一郎,田代 耕一郎,translated,text,2b32bdbfd2,br=0 nl=0,
ui/ui/staffroll/uil_staffroll_f.xml#28219,ヴァイオリン,小提琴,translated,text,668c16f747,br=0 nl=0,
ui/ui/staffroll/uil_staffroll_f.xml#28280,大貫　聖子,大贯 圣子,translated,text,3869a50f95,br=0 nl=0,
ui/ui/staffroll/uil_staffroll_f.xml#28343,ピアノ,钢琴,translated,text,64c0241201,br=0 nl=0,
ui/ui/staffroll/uil_staffroll_f.xml#28401,田中　さとこ,田中 聪子,translated,text,67b0c32b37,br=0 nl=0,
ui/ui/staffroll/uil_staffroll_f.xml#28549,ヴォーカル,主唱,translated,text,a9d22c4f25,br=0 nl=0,
ui/ui/staffroll/uil_staffroll_f.xml#28609,志方　あきこ,志方 晶子,translated,text,05f122732c,br=0 nl=0,
ui/ui/staffroll/uil_staffroll_f.xml#28673,コーラス,和声,translated,text,e6f23f00bd,br=0 nl=0,
ui/ui/staffroll/uil_staffroll_f.xml#28732,志方　あきこ,志方 晶子,translated,text,05f122732c,br=0 nl=0,
ui/ui/staffroll/uil_staffroll_f.xml#28796,作詞,作词,translated,text,37dd0a71d2,br=0 nl=0,
ui/ui/staffroll/uil_staffroll_f.xml#28853,志方　あきこ,志方 晶子,translated,text,05f122732c,br=0 nl=0,
ui/ui/staffroll/uil_staffroll_f.xml#28917,作曲,作曲,translated,text,779e678323,br=0 nl=0,
ui/ui/staffroll/uil_staffroll_f.xml#28974,志方　あきこ,志方 晶子,translated,text,05f122732c,br=0 nl=0,
ui/ui/staffroll/uil_staffroll_f.xml#29038,編曲,编曲,translated,text,0d9b094937,br=0 nl=0,
ui/ui/staffroll/uil_staffroll_f.xml#29095,志方　あきこ,志方 晶子,translated,text,05f122732c,br=0 nl=0,
ui/ui/staffroll/uil_staffroll_f.xml#29159,アイリッシュブズーキ,爱尔兰布祖基琴,translated,text,420248b6f2,br=0 nl=0,
ui/ui/staffroll/uil_staffroll_f.xml#29224,田代　耕一郎,田代 耕一郎,translated,text,2b32bdbfd2,br=0 nl=0,
ui/ui/staffroll/uil_staffroll_f.xml#29288,リュート,鲁特琴,translated,text,40aa180de2,br=0 nl=0,
ui/ui/staffroll/uil_staffroll_f.xml#29347,田代　耕一郎,田代 耕一郎,translated,text,2b32bdbfd2,br=0 nl=0,
ui/ui/staffroll/uil_staffroll_f.xml#29411,アコースティックギター,原声吉他,translated,text,a7abba5538,br=0 nl=0,
ui/ui/staffroll/uil_staffroll_f.xml#29477,田代　耕一郎,田代 耕一郎,translated,text,2b32bdbfd2,br=0 nl=0,
ui/ui/staffroll/uil_staffroll_f.xml#29541,ヴァイオリン,小提琴,translated,text,668c16f747,br=0 nl=0,
ui/ui/staffroll/uil_staffroll_f.xml#29602,大貫　聖子,大贯 圣子,translated,text,3869a50f95,br=0 nl=0,
ui/ui/staffroll/uil_staffroll_f.xml#29665,ホイッスル,哨子,translated,text,f9c2bb1a8a,br=0 nl=0,
ui/ui/staffroll/uil_staffroll_f.xml#29725,安井　敬,安井 敬,translated,text,723f3994ab,br=0 nl=0,
ui/ui/staffroll/uil_staffroll_f.xml#29787,リコーダー,竖笛,translated,text,1448956b32,br=0 nl=0,
ui/ui/staffroll/uil_staffroll_f.xml#29847,安井　敬,安井 敬,translated,text,723f3994ab,br=0 nl=0,
ui/ui/staffroll/uil_staffroll_f.xml#29981,ヴォーカル,主唱,translated,text,a9d22c4f25,br=0 nl=0,
ui/ui/staffroll/uil_staffroll_f.xml#30041,霜月　はるか,霜月 遥,translated,text,4fa4ca5550,br=0 nl=0,
ui/ui/staffroll/uil_staffroll_f.xml#30105,コーラス,和声,translated,text,e6f23f00bd,br=0 nl=0,
ui/ui/staffroll/uil_staffroll_f.xml#30164,霜月　はるか,霜月 遥,translated,text,4fa4ca5550,br=0 nl=0,
ui/ui/staffroll/uil_staffroll_f.xml#30228,作詞,作词,translated,text,37dd0a71d2,br=0 nl=0,
ui/ui/staffroll/uil_staffroll_f.xml#30285,日山　尚,日山 尚,translated,text,1f730ac70d,br=0 nl=0,
ui/ui/staffroll/uil_staffroll_f.xml#30347,作曲,作曲,translated,text,779e678323,br=0 nl=0,
ui/ui/staffroll/uil_staffroll_f.xml#30404,霜月　はるか,霜月 遥,translated,text,4fa4ca5550,br=0 nl=0,
ui/ui/staffroll/uil_staffroll_f.xml#30468,編曲,编曲,translated,text,0d9b094937,br=0 nl=0,
ui/ui/staffroll/uil_staffroll_f.xml#30586,#05『美し世界』,#05‘美丽世界’,translated,text,828500b0bb,br=0 nl=0,
ui/ui/staffroll/uil_staffroll_f.xml#30653,ヴォーカル,主唱,translated,text,a9d22c4f25,br=0 nl=0,
ui/ui/staffroll/uil_staffroll_f.xml#30713,城　南海,城 南海,translated,text,0326f175b4,br=0 nl=0,
ui/ui/staffroll/uil_staffroll_f.xml#30775,コーラス,和声,translated,text,e6f23f00bd,br=0 nl=0,
ui/ui/staffroll/uil_staffroll_f.xml#30834,城　南海,城 南海,translated,text,0326f175b4,br=0 nl=0,
ui/ui/staffroll/uil_staffroll_f.xml#30896,作詞,作词,translated,text,37dd0a71d2,br=0 nl=0,
ui/ui/staffroll/uil_staffroll_f.xml#30953,高橋　麗子,高桥 丽子,translated,text,e5f18eff62,br=0 nl=0,
ui/ui/staffroll/uil_staffroll_f.xml#31016,作曲,作曲,translated,text,779e678323,br=0 nl=0,
ui/ui/staffroll/uil_staffroll_f.xml#31073,弘田　佳孝,弘田 佳孝,translated,text,5b1c2fd00d,br=0 nl=0,
ui/ui/staffroll/uil_staffroll_f.xml#31136,編曲,编曲,translated,text,0d9b094937,br=0 nl=0,
ui/ui/staffroll/uil_staffroll_f.xml#31193,弘田　佳孝,弘田 佳孝,translated,text,5b1c2fd00d,br=0 nl=0,
ui/ui/staffroll/uil_staffroll_f.xml#31256,エレキベース,电贝斯,translated,text,97b8e005a2,br=0 nl=0,
ui/ui/staffroll/uil_staffroll_f.xml#31317,弘田　佳孝,弘田 佳孝,translated,text,5b1c2fd00d,br=0 nl=0,
ui/ui/staffroll/uil_staffroll_f.xml#31380,#06『コード・エテスウェイ』,#06‘代码・埃特斯韦’,translated,text,0d93d8ec41,br=0 nl=0,
ui/ui/staffroll/uil_staffroll_f.xml#31453,ヴォーカル,主唱,translated,text,a9d22c4f25,br=0 nl=0,
ui/ui/staffroll/uil_staffroll_f.xml#31513,霜月　はるか,霜月 遥,translated,text,4fa4ca5550,br=0 nl=0,
ui/ui/staffroll/uil_staffroll_f.xml#31577,コーラス,和声,translated,text,e6f23f00bd,br=0 nl=0,
ui/ui/staffroll/uil_staffroll_f.xml#31636,霜月　はるか,霜月 遥,translated,text,4fa4ca5550,br=0 nl=0,
ui/ui/staffroll/uil_staffroll_f.xml#31700,作詞,作词,translated,text,37dd0a71d2,br=0 nl=0,
ui/ui/staffroll/uil_staffroll_f.xml#31757,日山　尚,日山 尚,translated,text,1f730ac70d,br=0 nl=0,
ui/ui/staffroll/uil_staffroll_f.xml#31819,作曲,作曲,translated,text,779e678323,br=0 nl=0,
ui/ui/staffroll/uil_staffroll_f.xml#31876,霜月　はるか,霜月 遥,translated,text,4fa4ca5550,br=0 nl=0,
ui/ui/staffroll/uil_staffroll_f.xml#31940,編曲,编曲,translated,text,0d9b094937,br=0 nl=0,
ui/ui/staffroll/uil_staffroll_f.xml#31997,柳　英一朗,柳 英一朗,translated,text,d1f66395b5,br=0 nl=0,
ui/ui/staffroll/uil_staffroll_f.xml#32060,ヴァイオリン,小提琴,translated,text,668c16f747,br=0 nl=0,
ui/ui/staffroll/uil_staffroll_f.xml#32121,土屋　玲子,土屋 玲子,translated,text,a5c27a7653,br=0 nl=0,
ui/ui/staffroll/uil_staffroll_f.xml#32184,ヴィオラ,中提琴,translated,text,2b5d862048,br=0 nl=0,
ui/ui/staffroll/uil_staffroll_f.xml#32243,土屋　玲子,土屋 玲子,translated,text,a5c27a7653,br=0 nl=0,
ui/ui/staffroll/uil_staffroll_f.xml#32306,チェロ,大提琴,translated,text,13fc4da5ee,br=0 nl=0,
ui/ui/staffroll/uil_staffroll_f.xml#32364,土屋　玲子,土屋 玲子,translated,text,a5c27a7653,br=0 nl=0,
ui/ui/staffroll/uil_staffroll_f.xml#32427,エレキベース,电贝斯,translated,text,97b8e005a2,br=0 nl=0,
ui/ui/staffroll/uil_staffroll_f.xml#32488,柳　英一朗,柳 英一朗,translated,text,d1f66395b5,br=0 nl=0,
ui/ui/staffroll/uil_staffroll_f.xml#32551,プログラミング,编程,translated,text,a063da1b9c,br=0 nl=0,
ui/ui/staffroll/uil_staffroll_f.xml#32613,柳　英一朗,柳 英一朗,translated,text,d1f66395b5,br=0 nl=0,
ui/ui/staffroll/uil_staffroll_f.xml#32676,#ED『ラ・シェール～Ver.DS03～』,#ED‘拉・榭拉～Ver.DS03～’,translated,text,adbb87b6ec,br=0 nl=0,
ui/ui/staffroll/uil_staffroll_f.xml#32755,ヴォーカル,主唱,translated,text,a9d22c4f25,br=0 nl=0,
ui/ui/staffroll/uil_staffroll_f.xml#32815,志方　あきこ,志方 晶子,translated,text,05f122732c,br=0 nl=0,
ui/ui/staffroll/uil_staffroll_f.xml#32879,コーラス,和声,translated,text,e6f23f00bd,br=0 nl=0,
ui/ui/staffroll/uil_staffroll_f.xml#32938,志方　あきこ,志方 晶子,translated,text,05f122732c,br=0 nl=0,
ui/ui/staffroll/uil_staffroll_f.xml#33002,作詞,作词,translated,text,37dd0a71d2,br=0 nl=0,
ui/ui/staffroll/uil_staffroll_f.xml#33059,土屋　暁,土屋 晓,translated,text,21998e95cc,br=0 nl=0,
ui/ui/staffroll/uil_staffroll_f.xml#33121,作曲,作曲,translated,text,779e678323,br=0 nl=0,
ui/ui/staffroll/uil_staffroll_f.xml#33178,土屋　暁,土屋 晓,translated,text,21998e95cc,br=0 nl=0,
ui/ui/staffroll/uil_staffroll_f.xml#33240,編曲,编曲,translated,text,0d9b094937,br=0 nl=0,
ui/ui/staffroll/uil_staffroll_f.xml#33297,土屋　暁,土屋 晓,translated,text,21998e95cc,br=0 nl=0,
ui/ui/staffroll/uil_staffroll_f.xml#33359,コーラスアレンジ,和声改编,translated,text,aada25259d,br=0 nl=0,
ui/ui/staffroll/uil_staffroll_f.xml#33422,志方　あきこ,志方 晶子,translated,text,05f122732c,br=0 nl=0,
ui/ui/staffroll/uil_staffroll_f.xml#33486,レコーディング＆ミキシング,录音与混音,translated,text,45498df2df,br=0 nl=0,
ui/ui/staffroll/uil_staffroll_f.xml#33629,レコーディングスタジオ,录音室,translated,text,b25eb16dcb,br=0 nl=0,
ui/ui/staffroll/uil_staffroll_f.xml#33831,レコーディング&,录音&,translated,text,f841bcf365,br=0 nl=0,
ui/ui/staffroll/uil_staffroll_f.xml#33894,　　ミキシングエンジニア,混音工程师,translated,text,18ef1f1a8b,br=0 nl=0,
ui/ui/staffroll/uil_staffroll_f.xml#33961,南　直行,南 直行,translated,text,2d56d70010,br=0 nl=0,
ui/ui/staffroll/uil_staffroll_f.xml#34086,ミキシングスタジオ,混音工作室,translated,text,10e5c39a7e,br=0 nl=0,
ui/ui/staffroll/uil_staffroll_f.xml#34225,レコーディングスタジオ,录音室,translated,text,b25eb16dcb,br=0 nl=0,
ui/ui/staffroll/uil_staffroll_f.xml#34363,レコーディング&,录音&,translated,text,f841bcf365,br=0 nl=0,
ui/ui/staffroll/uil_staffroll_f.xml#34426,　　ミキシングエンジニア,混音工程师,translated,text,18ef1f1a8b,br=0 nl=0,
ui/ui/staffroll/uil_staffroll_f.xml#34493,南　直行,南 直行,translated,text,2d56d70010,br=0 nl=0,
ui/ui/staffroll/uil_staffroll_f.xml#34618,音楽制作,音乐制作,translated,text,fd03f88e87,br=0 nl=0,
ui/ui/staffroll/uil_staffroll_f.xml#34745,レコーディングスタジオ,录音室,translated,text,b25eb16dcb,br=0 nl=0,
ui/ui/staffroll/uil_staffroll_f.xml#34811,Artist Forum 千駄ヶ谷,Artist Forum 千驮谷,translated,text,c5d9afa7df,br=0 nl=0,
ui/ui/staffroll/uil_staffroll_f.xml#34886,レコーディングエンジニア,录音工程师,translated,text,dcee02fe85,br=0 nl=0,
ui/ui/staffroll/uil_staffroll_f.xml#34953,齊藤　弘二（TRIUMPH）,齐藤 弘二（TRIUMPH）,translated,text,601c4218f9,br=0 nl=0,
ui/ui/staffroll/uil_staffroll_f.xml#35025,坂　知学,坂 知学,translated,text,fb17ef159d,br=0 nl=0,
ui/ui/staffroll/uil_staffroll_f.xml#35087,ミキシングエンジニア,混音工程师,translated,text,b660dbc680,br=0 nl=0,
ui/ui/staffroll/uil_staffroll_f.xml#35152,坂　知学,坂 知学,translated,text,fb17ef159d,br=0 nl=0,
ui/ui/staffroll/uil_staffroll_f.xml#35277,レコーディングスタジオ,录音室,translated,text,b25eb16dcb,br=0 nl=0,
ui/ui/staffroll/uil_staffroll_f.xml#35415,レコーディングエンジニア,录音工程师,translated,text,dcee02fe85,br=0 nl=0,
ui/ui/staffroll/uil_staffroll_f.xml#35482,迎谷　彰信,迎谷 彰信,translated,text,745993b75c,br=0 nl=0,
ui/ui/staffroll/uil_staffroll_f.xml#35545,ミキシングエンジニア,混音工程师,translated,text,b660dbc680,br=0 nl=0,
ui/ui/staffroll/uil_staffroll_f.xml#35610,弘田　佳孝,弘田 佳孝,translated,text,5b1c2fd00d,br=0 nl=0,
ui/ui/staffroll/uil_staffroll_f.xml#35736,音楽制作,音乐制作,translated,text,fd03f88e87,br=0 nl=0,
ui/ui/staffroll/uil_staffroll_f.xml#35863,レコーディングスタジオ,录音室,translated,text,b25eb16dcb,br=0 nl=0,
ui/ui/staffroll/uil_staffroll_f.xml#36000,レコーディングエンジニア,录音工程师,translated,text,dcee02fe85,br=0 nl=0,
ui/ui/staffroll/uil_staffroll_f.xml#36067,由田　直也,由田 直也,translated,text,12cf5ea73b,br=0 nl=0,
ui/ui/staffroll/uil_staffroll_f.xml#36130,ミキシングエンジニア,混音工程师,translated,text,b660dbc680,br=0 nl=0,
ui/ui/staffroll/uil_staffroll_f.xml#36195,坂　知学,坂 知学,translated,text,fb17ef159d,br=0 nl=0,
ui/ui/staffroll/uil_staffroll_f.xml#36320,ミキシング,混音,translated,text,dd3c09920b,br=0 nl=0,
ui/ui/staffroll/uil_staffroll_f.xml#36380,土屋　暁,土屋 晓,translated,text,21998e95cc,br=0 nl=0,
ui/ui/staffroll/uil_staffroll_f.xml#36442,楽曲制作協力,乐曲制作协力,translated,text,72ede6daac,br=0 nl=0,
ui/ui/staffroll/uil_staffroll_f.xml#36507,株式会社フロンティアワークス,株式会社Frontier Works,translated,text,36d73077b6,br=0 nl=0,
ui/ui/staffroll/uil_staffroll_f.xml#36579,吉川　明,吉川 明,translated,text,2768ebf8a1,br=0 nl=0,
ui/ui/staffroll/uil_staffroll_f.xml#36641,小柳　豊,小柳 丰,translated,text,e59cd8c7b8,br=0 nl=0,
ui/ui/staffroll/uil_staffroll_f.xml#36834,田中　雅之,田中 雅之,translated,text,21736bbf23,br=0 nl=0,
ui/ui/staffroll/uil_staffroll_f.xml#36897,矢野　正明,矢野 正明,translated,text,78cf186a67,br=0 nl=0,
ui/ui/staffroll/uil_staffroll_f.xml#36960,谷川　雄紀,谷川 雄纪,translated,text,4f95b894a6,br=0 nl=0,
ui/ui/staffroll/uil_staffroll_f.xml#37023,髙橋　朝子,高桥 朝子,translated,text,77e6958b96,br=0 nl=0,
ui/ui/staffroll/uil_staffroll_f.xml#37086,本間　詩織,本间 诗织,translated,text,e70cd6c951,br=0 nl=0,
ui/ui/staffroll/uil_staffroll_f.xml#37149,佐々　梨花,佐佐 梨花,translated,text,030ff13e01,br=0 nl=0,
ui/ui/staffroll/uil_staffroll_f.xml#37212,生田　善子,生田 善子,translated,text,6a6fba474e,br=0 nl=0,
ui/ui/staffroll/uil_staffroll_f.xml#37275,松　　聖花,松 圣花,translated,text,ea05a4fd84,br=0 nl=0,
ui/ui/staffroll/uil_staffroll_f.xml#37338,音響,音效,translated,text,a94ecabc3c,br=0 nl=0,
ui/ui/staffroll/uil_staffroll_f.xml#37398,演出・キャスティング,演出・选角,translated,text,383d1bfa00,br=0 nl=0,
ui/ui/staffroll/uil_staffroll_f.xml#37463,関　智寛,关 智宽,translated,text,f1a5e773f2,br=0 nl=0,
ui/ui/staffroll/uil_staffroll_f.xml#37525,ミキサー,调音师,translated,text,61f92a39b5,br=0 nl=0,
ui/ui/staffroll/uil_staffroll_f.xml#37584,熊倉　亨,熊仓 亨,translated,text,509916c5a3,br=0 nl=0,
ui/ui/staffroll/uil_staffroll_f.xml#37646,音響制作,音效制作,translated,text,3ba07c72e1,br=0 nl=0,
ui/ui/staffroll/uil_staffroll_f.xml#37770,キャスティング協力,选角协力,translated,text,3c32e0140a,br=0 nl=0,
ui/ui/staffroll/uil_staffroll_f.xml#37834,松本　恵,松本 惠,translated,text,432387780b,br=0 nl=0,
ui/ui/staffroll/uil_staffroll_f.xml#37961,協力,协力,translated,text,1a054b3135,br=0 nl=0,
ui/ui/staffroll/uil_staffroll_f.xml#38022,(株)wizgeek,(株)wizgeek,translated,text,cd5a3764f1,br=0 nl=0,
ui/ui/staffroll/uil_staffroll_f.xml#38088,株式会社エクストリーム,株式会社Extreme,translated,text,98c9f61cf3,br=0 nl=0,
ui/ui/staffroll/uil_staffroll_f.xml#38155,株式会社ＣＲＩ・ミドルウェア,株式会社CRI Middleware,translated,text,ddfc365935,br=0 nl=0,
ui/ui/staffroll/uil_staffroll_f.xml#38293,株式会社千住工房,株式会社千住工房,translated,text,3de756af57,br=0 nl=0,
ui/ui/staffroll/uil_staffroll_f.xml#38426,株式会社FlightUNIT,株式会社FlightUNIT,translated,text,1da69201f4,br=0 nl=0,
ui/ui/staffroll/uil_staffroll_f.xml#38496,株式会社メテオライズ,株式会社Meteorise,translated,text,61cde65511,br=0 nl=0,
ui/ui/staffroll/uil_staffroll_f.xml#38562,株式会社フロンティアワークス,株式会社Frontier Works,translated,text,36d73077b6,br=0 nl=0,
ui/ui/staffroll/uil_staffroll_f.xml#38632,株式会社ポイントピクチャーズ,株式会社Point Pictures,translated,text,f8ac729aec,br=0 nl=0,
ui/ui/staffroll/uil_staffroll_f.xml#38702,ポールトゥウィン株式会社,株式会社Pole To Win,translated,text,cda47e17fb,br=0 nl=0,
ui/ui/staffroll/uil_staffroll_f.xml#38770,株式会社ロジスティックス,株式会社Logistics,translated,text,8ec59442f3,br=0 nl=0,
ui/ui/staffroll/uil_staffroll_f.xml#38838,株式会社プロダクション・アイジー,株式会社Production I.G,translated,text,84204edff3,br=0 nl=0,
ui/ui/staffroll/uil_staffroll_f.xml#38910,天津光栄特庫摩軟件有限公司,天津光荣特库摩软件有限公司,translated,text,8a7dbadc6f,br=0 nl=0,
ui/ui/staffroll/uil_staffroll_f.xml#38979,天津天匠動画科技有限公司,天津天匠动画科技有限公司,translated,text,14335be04d,br=0 nl=0,
ui/ui/staffroll/uil_staffroll_f.xml#39047,フォントワークス株式会社,Fontworks株式会社,translated,text,b1c83f97c7,br=0 nl=0,
ui/ui/staffroll/uil_staffroll_f.xml#39278,ディレクター,总监,translated,text,074ca740ff,br=0 nl=0,
ui/ui/staffroll/uil_staffroll_f.xml#39343,高野　雅文,高野 雅文,translated,text,e0f6ad1a3a,br=0 nl=0,
ui/ui/staffroll/uil_staffroll_f.xml#39406,開発プロデューサー,开发制作人,translated,text,763f21e64e,br=0 nl=0,
ui/ui/staffroll/uil_staffroll_f.xml#39474,細井  順三,细井 顺三,translated,text,014085680c,br=0 nl=0,
ui/ui/staffroll/uil_staffroll_f.xml#39538,総合プロデューサー,总制作人,translated,text,893701ac7c,br=0 nl=0,
ui/ui/staffroll/uil_staffroll_f.xml#39606,土屋  暁,土屋 晓,translated,text,dd0b0dada2,br=0 nl=0,
ui/ui/staffroll/uil_staffroll_f.xml#39669,エグゼクティブプロデューサー,执行制作人,translated,text,5e38e342d6,br=0 nl=0,
ui/ui/staffroll/uil_staffroll_f.xml#39742,鯉沼 久史,鲤沼 久史,translated,text,04514697bf,br=0 nl=0,
ui/ui/staffroll/uil_staffroll_f.xml#39805,製作,制作,translated,text,53c6bc4ef7,br=0 nl=0,
ui/ui/staffroll/uil_staffroll_f.xml#39866,株式会社コーエーテクモゲームス,株式会社光荣特库摩游戏,translated,text,be816b716d,br=0 nl=0,
ui/ui/staffroll/uil_staffroll_g.xml#1243,歌姫,歌姬,translated,text,acdbfe60f4,br=0 nl=0,
ui/ui/staffroll/uil_staffroll_g.xml#1300,志方　あきこ,志方 晶子,translated,text,05f122732c,br=0 nl=0,
ui/ui/staffroll/uil_staffroll_g.xml#1361,城　南海,城 南海,translated,text,0326f175b4,br=0 nl=0,
ui/ui/staffroll/uil_staffroll_g.xml#1420,霜月　はるか,霜月 遥,translated,text,4fa4ca5550,br=0 nl=0,
ui/ui/staffroll/uil_staffroll_g.xml#1482,みとせ　のりこ,水户濑 纪子,translated,text,b870526ad2,br=0 nl=0,
ui/ui/staffroll/uil_staffroll_g.xml#1606,イオン,依恩,translated,text,90d4718c90,br=0 nl=0,
ui/ui/staffroll/uil_staffroll_g.xml#1662,加隈　亜衣,加隈 亚衣,translated,text,d9fe60a2ce,br=0 nl=0,
ui/ui/staffroll/uil_staffroll_g.xml#1723,ネイ,妮伊,translated,text,dd82b752f9,br=0 nl=0,
ui/ui/staffroll/uil_staffroll_g.xml#1778,内田　真礼,内田 真礼,translated,text,664833d0bc,br=0 nl=0,
ui/ui/staffroll/uil_staffroll_g.xml#1839,カノン,卡诺,translated,text,5a6fa752cb,br=0 nl=0,
ui/ui/staffroll/uil_staffroll_g.xml#1895,井ノ上　奈々,井之上 奈奈,translated,text,159209452b,br=0 nl=0,
ui/ui/staffroll/uil_staffroll_g.xml#1957,サーリ,莎丽,translated,text,8a6ca8f186,br=0 nl=0,
ui/ui/staffroll/uil_staffroll_g.xml#2013,志村　由美,志村 由美,translated,text,d17ffb7a1f,br=0 nl=0,
ui/ui/staffroll/uil_staffroll_g.xml#2074,クラケット,库拉肯特,translated,text,b470c4a07c,br=0 nl=0,
ui/ui/staffroll/uil_staffroll_g.xml#2132,ふくまつ　進紗,福松 进纱,translated,text,b85b2c53ae,br=0 nl=0,
ui/ui/staffroll/uil_staffroll_g.xml#2195,レナルル,蕾娜露露,translated,text,b73a299dee,br=0 nl=0,
ui/ui/staffroll/uil_staffroll_g.xml#2252,大地　葉,大地 叶,translated,text,58928f7243,br=0 nl=0,
ui/ui/staffroll/uil_staffroll_g.xml#2312,ジル,吉鲁,translated,text,56d6edb965,br=0 nl=0,
ui/ui/staffroll/uil_staffroll_g.xml#2367,川崎　芽衣子,川崎 芽衣子,translated,text,7ef2b5d765,br=0 nl=0,
ui/ui/staffroll/uil_staffroll_g.xml#2429,ネロ,妮诺,translated,text,5ab7665c85,br=0 nl=0,
ui/ui/staffroll/uil_staffroll_g.xml#2484,東城　日沙子,东城 日沙子,translated,text,0b4dc6cafb,br=0 nl=0,
ui/ui/staffroll/uil_staffroll_g.xml#2546,ねりこ,妮莉库,translated,text,89b50863af,br=0 nl=0,
ui/ui/staffroll/uil_staffroll_g.xml#2662,テレフンケン,泰雷芬肯,translated,text,ce98c0f0ab,br=0 nl=0,
ui/ui/staffroll/uil_staffroll_g.xml#2721,阿久津　加菜,阿久津 加菜,translated,text,49781c7816,br=0 nl=0,
ui/ui/staffroll/uil_staffroll_g.xml#2783,シャール,夏尔,translated,text,aba0da7de3,br=0 nl=0,
ui/ui/staffroll/uil_staffroll_g.xml#2840,辻　あゆみ ,辻 步美,translated,text,bdb6c8034b,br=0 nl=0,
ui/ui/staffroll/uil_staffroll_g.xml#2902,臼木　健士朗,臼木 健士朗,translated,text,1090fff2d5,br=0 nl=0,
ui/ui/staffroll/uil_staffroll_g.xml#2964,河西　健吾,河西 健吾,translated,text,6aea4e166f,br=0 nl=0,
ui/ui/staffroll/uil_staffroll_g.xml#3025,菊地　達弘,菊地 达弘,translated,text,3025c92e77,br=0 nl=0,
ui/ui/staffroll/uil_staffroll_g.xml#3086,森山　和輝,森山 和辉,translated,text,9d24ae6a64,br=0 nl=0,
ui/ui/staffroll/uil_staffroll_g.xml#3147,桑原　由気,桑原 由气,translated,text,1346d1326a,br=0 nl=0,
ui/ui/staffroll/uil_staffroll_g.xml#3208,高野　麻里佳,高野 麻里佳,translated,text,0f9a1e2847,br=0 nl=0,
ui/ui/staffroll/uil_staffroll_g.xml#3270,佐藤　あずさ,佐藤 梓,translated,text,394e612528,br=0 nl=0,
ui/ui/staffroll/uil_staffroll_g.xml#3332,辻　あゆみ ,辻 步美,translated,text,bdb6c8034b,br=0 nl=0,
ui/ui/staffroll/uil_staffroll_g.xml#3472,プランナーズセクション,策划部门,translated,text,0d32843cb5,br=0 nl=0,
ui/ui/staffroll/uil_staffroll_g.xml#3541,赤本　憲一,赤本 宪一,translated,text,ad611cf688,br=0 nl=0,
ui/ui/staffroll/uil_staffroll_g.xml#3603,梅田　雅武,梅田 雅武,translated,text,bcb88320ab,br=0 nl=0,
ui/ui/staffroll/uil_staffroll_g.xml#3665,村岡　剛弥,村冈 刚弥,translated,text,0e75a921bc,br=0 nl=0,
ui/ui/staffroll/uil_staffroll_g.xml#3727,加藤　周太,加藤 周太,translated,text,ddca2f6427,br=0 nl=0,
ui/ui/staffroll/uil_staffroll_g.xml#3789,松岡　大樹,松冈 大树,translated,text,d372601979,br=0 nl=0,
ui/ui/staffroll/uil_staffroll_g.xml#3851,田中　俊明,田中 俊明,translated,text,1d00fedc6b,br=0 nl=0,
ui/ui/staffroll/uil_staffroll_g.xml#3913,本田　響己,本田 响己,translated,text,dc0235233e,br=0 nl=0,
ui/ui/staffroll/uil_staffroll_g.xml#3975,プログラマーズセクション,程序员部门,translated,text,44c735ef17,br=0 nl=0,
ui/ui/staffroll/uil_staffroll_g.xml#4045,髙山　雅俊,高山 雅俊,translated,text,2b05fc035d,br=0 nl=0,
ui/ui/staffroll/uil_staffroll_g.xml#4107,金澤　佑介,金泽 佑介,translated,text,2038649a07,br=0 nl=0,
ui/ui/staffroll/uil_staffroll_g.xml#4169,山之口　操,山之口 操,translated,text,b0122ef9d0,br=0 nl=0,
ui/ui/staffroll/uil_staffroll_g.xml#4231,大田　尚明,大田 尚明,translated,text,74d4e53ec8,br=0 nl=0,
ui/ui/staffroll/uil_staffroll_g.xml#4293,難波　亮,难波 亮,translated,text,9377b6d3a4,br=0 nl=0,
ui/ui/staffroll/uil_staffroll_g.xml#4354,臼田　亜斗務,臼田 亚斗务,translated,text,020f1a7e76,br=0 nl=0,
ui/ui/staffroll/uil_staffroll_g.xml#4417,桂山　豪,桂山 豪,translated,text,1c84ff1e78,br=0 nl=0,
ui/ui/staffroll/uil_staffroll_g.xml#4478,佐藤　和也,佐藤 和也,translated,text,30834084ba,br=0 nl=0,
ui/ui/staffroll/uil_staffroll_g.xml#4540,山﨑　康平,山崎 康平,translated,text,ffb250d30a,br=0 nl=0,
ui/ui/staffroll/uil_staffroll_g.xml#4602,山下　真心,山下 真心,translated,text,61f5e37636,br=0 nl=0,
ui/ui/staffroll/uil_staffroll_g.xml#4664,デザイナーズセクション,设计师部门,translated,text,4ec447bf85,br=0 nl=0,
ui/ui/staffroll/uil_staffroll_g.xml#4733,CGディレクター,CG总监,translated,text,13d644da31,br=0 nl=0,
ui/ui/staffroll/uil_staffroll_g.xml#4795,岩瀬　智至,岩濑 智至,translated,text,e639b9e580,br=0 nl=0,
ui/ui/staffroll/uil_staffroll_g.xml#4857,キャラクターモデル,角色模型,translated,text,847a6758ec,br=0 nl=0,
ui/ui/staffroll/uil_staffroll_g.xml#4920,鈴木　康浩,铃木 康浩,translated,text,4ba488d04a,br=0 nl=0,
ui/ui/staffroll/uil_staffroll_g.xml#4982,早﨑　七海,早崎 七海,translated,text,1f6d7c33b0,br=0 nl=0,
ui/ui/staffroll/uil_staffroll_g.xml#5044,背景モデル,背景模型,translated,text,54bea4a2cc,br=0 nl=0,
ui/ui/staffroll/uil_staffroll_g.xml#5103,飯島　理恵,饭岛 理惠,translated,text,deda665c29,br=0 nl=0,
ui/ui/staffroll/uil_staffroll_g.xml#5165,インターフェースデザイン,界面设计,translated,text,c1c661b0bb,br=0 nl=0,
ui/ui/staffroll/uil_staffroll_g.xml#5231,馬場　博美,马场 博美,translated,text,2c333deaa0,br=0 nl=0,
ui/ui/staffroll/uil_staffroll_g.xml#5573,映像編集,影像编辑,translated,text,2bb223e3c0,br=0 nl=0,
ui/ui/staffroll/uil_staffroll_g.xml#5631,有馬　真作,有马 真作,translated,text,e32c2634a1,br=0 nl=0,
ui/ui/staffroll/uil_staffroll_g.xml#5693,斉藤　康信,齐藤 康信,translated,text,70a94fe358,br=0 nl=0,
ui/ui/staffroll/uil_staffroll_g.xml#5755,CG制作管理,CG制作管理,translated,text,4ea12195e3,br=0 nl=0,
ui/ui/staffroll/uil_staffroll_g.xml#5815,江川　弥寿生,江川 弥寿生,translated,text,f368d66cf7,br=0 nl=0,
ui/ui/staffroll/uil_staffroll_g.xml#5878,サウンドセクション,音效部门,translated,text,f692631407,br=0 nl=0,
ui/ui/staffroll/uil_staffroll_g.xml#5945,サウンドディレクター,音效总监,translated,text,87caf5e3c1,br=0 nl=0,
ui/ui/staffroll/uil_staffroll_g.xml#6009,高橋 洋明,高桥 洋明,translated,text,7d715a66f1,br=0 nl=0,
ui/ui/staffroll/uil_staffroll_g.xml#6071,天津光栄特庫摩軟件有限公司,天津光荣特库摩软件有限公司,translated,text,8a7dbadc6f,br=0 nl=0,
ui/ui/staffroll/uil_staffroll_g.xml#6142,デベロップメントマネージャー,开发经理,translated,text,a3540a5b0b,br=0 nl=0,
ui/ui/staffroll/uil_staffroll_g.xml#6210,安　曄,安 晔,translated,text,4b7cd118fa,br=0 nl=0,
ui/ui/staffroll/uil_staffroll_g.xml#6270,陳　皓,陈 皓,translated,text,dc3efeabc9,br=0 nl=0,
ui/ui/staffroll/uil_staffroll_g.xml#6330,プログラマー,程序员,translated,text,00a1706077,br=0 nl=0,
ui/ui/staffroll/uil_staffroll_g.xml#6390,岳　凱,岳 凯,translated,text,632d70a250,br=0 nl=0,
ui/ui/staffroll/uil_staffroll_g.xml#6450,陳　永飛,陈 永飞,translated,text,d262704611,br=0 nl=0,
ui/ui/staffroll/uil_staffroll_g.xml#6511,王　岩,王 岩,translated,text,55dc179b66,br=0 nl=0,
ui/ui/staffroll/uil_staffroll_g.xml#6571,孫　家琛,孙 家琛,translated,text,685b83afc1,br=0 nl=0,
ui/ui/staffroll/uil_staffroll_g.xml#6632,程　青舟,程 青舟,translated,text,27beff94b3,br=0 nl=0,
ui/ui/staffroll/uil_staffroll_g.xml#6693,劉　唯揚,刘 唯扬,translated,text,c2911ed2d9,br=0 nl=0,
ui/ui/staffroll/uil_staffroll_g.xml#6754,張　昊,张 昊,translated,text,275df0df5e,br=0 nl=0,
ui/ui/staffroll/uil_staffroll_g.xml#6814,デザイナー,设计师,translated,text,ed058a1ab0,br=0 nl=0,
ui/ui/staffroll/uil_staffroll_g.xml#6873,田　雪嬌,田 雪娇,translated,text,a11cdcd193,br=0 nl=0,
ui/ui/staffroll/uil_staffroll_g.xml#6934,広報,宣传,translated,text,6746eee8d6,br=0 nl=0,
ui/ui/staffroll/uil_staffroll_g.xml#6994,PRマーケティング,公关营销,translated,text,954a61299a,br=0 nl=0,
ui/ui/staffroll/uil_staffroll_g.xml#7057,吉川　真人,吉川 真人,translated,text,8a2ba50898,br=0 nl=0,
ui/ui/staffroll/uil_staffroll_g.xml#7119,水上　冴理,水上 冴理,translated,text,e4f4fa1d6a,br=0 nl=0,
ui/ui/staffroll/uil_staffroll_g.xml#7181,ソフトウェアマニュアル,软件手册,translated,text,9b5617111b,br=0 nl=0,
ui/ui/staffroll/uil_staffroll_g.xml#7250,加藤　雅大,加藤 雅大,translated,text,91bf91643d,br=0 nl=0,
ui/ui/staffroll/uil_staffroll_g.xml#7312,辻　槙人,辻 槙人,translated,text,c1cb4f06f8,br=0 nl=0,
ui/ui/staffroll/uil_staffroll_g.xml#7373,QAスタッフ,QA人员,translated,text,36ff45b240,br=0 nl=0,
ui/ui/staffroll/uil_staffroll_g.xml#7437,長谷川　茂,长谷川 茂,translated,text,3814329436,br=0 nl=0,
ui/ui/staffroll/uil_staffroll_g.xml#7499,キャラクターデザイン,角色设计,translated,text,34ac32a91f,br=0 nl=0,
ui/ui/staffroll/uil_staffroll_g.xml#7567,キャラクターイラスト,角色插画,translated,text,8ffb0bbffd,br=0 nl=0,
ui/ui/staffroll/uil_staffroll_g.xml#7696,パッケージイラスト,包装插画,translated,text,11036680bc,br=0 nl=0,
ui/ui/staffroll/uil_staffroll_g.xml#7763,フブキ,吹雪,translated,text,40f5527db7,br=0 nl=0,
ui/ui/staffroll/uil_staffroll_g.xml#7823,ワールドデザイン,世界设定设计,translated,text,a0094128c7,br=0 nl=0,
ui/ui/staffroll/uil_staffroll_g.xml#7889,松本　秀幸,松本 秀幸,translated,text,cac6e320dc,br=0 nl=0,
ui/ui/staffroll/uil_staffroll_g.xml#8012,コスチュームデザイン,服装设计,translated,text,b483d19059,br=0 nl=0,
ui/ui/staffroll/uil_staffroll_g.xml#8141,川松　由典,川松 由典,translated,text,654827f5ab,br=0 nl=0,
ui/ui/staffroll/uil_staffroll_g.xml#8203,桑田　ヤスヒロ,桑田 康弘,translated,text,6dec656f3b,br=0 nl=0,
ui/ui/staffroll/uil_staffroll_g.xml#8267,燕藤　ユウ,燕藤 悠,translated,text,8c84789206,br=0 nl=0,
ui/ui/staffroll/uil_staffroll_g.xml#8329,タスクテロップ・SDキャラデザイン,任务字幕・Q版角色设计,translated,text,158e93640f,br=0 nl=0,
ui/ui/staffroll/uil_staffroll_g.xml#8404,芹沢えのの,芹泽 Enono,translated,text,607d0edcc0,br=0 nl=0,
ui/ui/staffroll/uil_staffroll_g.xml#8466,シナリオ・脚本,剧本・脚本,translated,text,5b884ebd35,br=0 nl=0,
ui/ui/staffroll/uil_staffroll_g.xml#8531,夢セカイパート,梦世界部分,translated,text,aea66df668,br=0 nl=0,
ui/ui/staffroll/uil_staffroll_g.xml#8595,脚本,剧本,translated,text,7fbccbeb8a,br=0 nl=0,
ui/ui/staffroll/uil_staffroll_g.xml#8651,和泉　亮,和泉 亮,translated,text,eafef1a497,br=0 nl=0,
ui/ui/staffroll/uil_staffroll_g.xml#8712,花野　十三,花野 十三,translated,text,9990db3f0b,br=0 nl=0,
ui/ui/staffroll/uil_staffroll_g.xml#8774,谷村　大四郎,谷村 大四郎,translated,text,40c336b78f,br=0 nl=0,
ui/ui/staffroll/uil_staffroll_g.xml#8907,デザイン・モデリング・アニメーション,设计・建模・动画,translated,text,38967eaa41,br=0 nl=0,
ui/ui/staffroll/uil_staffroll_g.xml#8983,株式会社FlightUNIT,株式会社FlightUNIT,translated,text,1da69201f4,br=0 nl=0,
ui/ui/staffroll/uil_staffroll_g.xml#9054,キャラクターデザイン,角色设计,translated,text,34ac32a91f,br=0 nl=0,
ui/ui/staffroll/uil_staffroll_g.xml#9179,キャラクターモデリング,角色建模,translated,text,8148a92946,br=0 nl=0,
ui/ui/staffroll/uil_staffroll_g.xml#9244,桑田　まり子,桑田 真理子,translated,text,9a7ef2f3de,br=0 nl=0,
ui/ui/staffroll/uil_staffroll_g.xml#9307,川松　由典,川松 由典,translated,text,654827f5ab,br=0 nl=0,
ui/ui/staffroll/uil_staffroll_g.xml#9369,ワールドモデリング,世界建模,translated,text,8443ae1813,br=0 nl=0,
ui/ui/staffroll/uil_staffroll_g.xml#9493,川松　由典,川松 由典,translated,text,654827f5ab,br=0 nl=0,
ui/ui/staffroll/uil_staffroll_g.xml#9555,シャールデザイン,夏尔设计,translated,text,9d9cefacba,br=0 nl=0,
ui/ui/staffroll/uil_staffroll_g.xml#9678,川松　由典,川松 由典,translated,text,654827f5ab,br=0 nl=0,
ui/ui/staffroll/uil_staffroll_g.xml#9740,シャールモデリング,夏尔建模,translated,text,9e768da080,br=0 nl=0,
ui/ui/staffroll/uil_staffroll_g.xml#9803,川松　由典,川松 由典,translated,text,654827f5ab,br=0 nl=0,
ui/ui/staffroll/uil_staffroll_g.xml#9865,キャラクターアニメーション,角色动画,translated,text,6245f96f88,br=0 nl=0,
ui/ui/staffroll/uil_staffroll_g.xml#9932,山口　力哉,山口 力哉,translated,text,9db200242b,br=0 nl=0,
ui/ui/staffroll/uil_staffroll_g.xml#9994,テクニカルエンジニア,技术工程师,translated,text,1f8b0ef79d,br=0 nl=0,
ui/ui/staffroll/uil_staffroll_g.xml#10058,乱道,乱道,translated,text,afcfc8f99b,br=0 nl=0,
ui/ui/staffroll/uil_staffroll_g.xml#10117,大坪　俊介,大坪 俊介,translated,text,e4a7f6282a,br=0 nl=0,
ui/ui/staffroll/uil_staffroll_g.xml#10179,キャラクターセットアップ,角色装配,translated,text,2d9c1a161a,br=0 nl=0,
ui/ui/staffroll/uil_staffroll_g.xml#10245,大坪　俊介,大坪 俊介,translated,text,e4a7f6282a,br=0 nl=0,
ui/ui/staffroll/uil_staffroll_g.xml#10307,川松　由典,川松 由典,translated,text,654827f5ab,br=0 nl=0,
ui/ui/staffroll/uil_staffroll_g.xml#10369,マネジメント,管理,translated,text,644f6dd8a3,br=0 nl=0,
ui/ui/staffroll/uil_staffroll_g.xml#10429,松本　浩幸,松本 浩幸,translated,text,31c3a3098b,br=0 nl=0,
ui/ui/staffroll/uil_staffroll_g.xml#10491,背景描画,背景绘制,translated,text,7c693fd5dd,br=0 nl=0,
ui/ui/staffroll/uil_staffroll_g.xml#10553,松本　秀幸,松本 秀幸,translated,text,cac6e320dc,br=0 nl=0,
ui/ui/staffroll/uil_staffroll_g.xml#10615,藤野　健,藤野 健,translated,text,c8f847de19,br=0 nl=0,
ui/ui/staffroll/uil_staffroll_g.xml#10676,(千住工房),(千住工房),translated,text,72db564c31,br=0 nl=0,
ui/ui/staffroll/uil_staffroll_g.xml#10739,ムービー制作,影像制作,translated,text,76380644cd,br=0 nl=0,
ui/ui/staffroll/uil_staffroll_g.xml#10803,演出,演出,translated,text,7084a5c4b4,br=0 nl=0,
ui/ui/staffroll/uil_staffroll_g.xml#10859,蜂屋　雅幸,蜂屋 雅幸,translated,text,bacd8a88e9,br=0 nl=0,
ui/ui/staffroll/uil_staffroll_g.xml#10921,制作協力,制作协力,translated,text,06c1dc4d63,br=0 nl=0,
ui/ui/staffroll/uil_staffroll_g.xml#11040,背景,背景,translated,text,b13d33a528,br=0 nl=0,
ui/ui/staffroll/uil_staffroll_g.xml#11096,藤野　健,藤野 健,translated,text,c8f847de19,br=0 nl=0,
ui/ui/staffroll/uil_staffroll_g.xml#11157,(千住工房),(千住工房),translated,text,72db564c31,br=0 nl=0,
ui/ui/staffroll/uil_staffroll_g.xml#11276,蜂屋　雅幸,蜂屋 雅幸,translated,text,bacd8a88e9,br=0 nl=0,
ui/ui/staffroll/uil_staffroll_g.xml#11338,嘉藤　公紀,嘉藤 公纪,translated,text,b11bc7bcd0,br=0 nl=0,
ui/ui/staffroll/uil_staffroll_g.xml#11400,デザイン・グラフィック,设计・平面,translated,text,9c670269cd,br=0 nl=0,
ui/ui/staffroll/uil_staffroll_g.xml#11465,村澤　晴海,村泽 晴海,translated,text,ccc3eb0e5b,br=0 nl=0,
ui/ui/staffroll/uil_staffroll_g.xml#11527,目黒　久美子,目黑 久美子,translated,text,e42a1e5bcf,br=0 nl=0,
ui/ui/staffroll/uil_staffroll_g.xml#11590,制作進行管理,制作进度管理,translated,text,fce087be8d,br=0 nl=0,
ui/ui/staffroll/uil_staffroll_g.xml#11650,高橋　真,高桥 真,translated,text,0418a4adc3,br=0 nl=0,
ui/ui/staffroll/uil_staffroll_g.xml#11711,キャラクターアニメーション,角色动画,translated,text,6245f96f88,br=0 nl=0,
ui/ui/staffroll/uil_staffroll_g.xml#11778,山口　力哉,山口 力哉,translated,text,9db200242b,br=0 nl=0,
ui/ui/staffroll/uil_staffroll_g.xml#11840,大法要祝詞,大法要祝词,translated,text,de34d54786,br=0 nl=0,
ui/ui/staffroll/uil_staffroll_g.xml#11903,協力,协力,translated,text,1a054b3135,br=0 nl=0,
ui/ui/staffroll/uil_staffroll_g.xml#12028,バックグラウンドミュージック,背景音乐,translated,text,a5e60b8440,br=0 nl=0,
ui/ui/staffroll/uil_staffroll_g.xml#12100,コンポーザー,作曲家,translated,text,259843924f,br=0 nl=0,
ui/ui/staffroll/uil_staffroll_g.xml#12160,志方　あきこ,志方 晶子,translated,text,05f122732c,br=0 nl=0,
ui/ui/staffroll/uil_staffroll_g.xml#12429,音響,音效,translated,text,a94ecabc3c,br=0 nl=0,
ui/ui/staffroll/uil_staffroll_g.xml#12489,音響監督,音效总监,translated,text,e4bfb6b35d,br=0 nl=0,
ui/ui/staffroll/uil_staffroll_g.xml#12547,納谷　僚介,纳谷 僚介,translated,text,d0a88d7501,br=0 nl=0,
ui/ui/staffroll/uil_staffroll_g.xml#12609,録音調整,录音调整,translated,text,bdaaaa1218,br=0 nl=0,
ui/ui/staffroll/uil_staffroll_g.xml#12667,田中　直也,田中 直也,translated,text,a61c475fb5,br=0 nl=0,
ui/ui/staffroll/uil_staffroll_g.xml#12729,録音助手,录音助手,translated,text,2cd5fceb80,br=0 nl=0,
ui/ui/staffroll/uil_staffroll_g.xml#12787,三田　颯,三田 飒,translated,text,36385611f0,br=0 nl=0,
ui/ui/staffroll/uil_staffroll_g.xml#12848,道下　彩,道下 彩,translated,text,d5f8dc474d,br=0 nl=0,
ui/ui/staffroll/uil_staffroll_g.xml#12909,宮林　良太,宫林 良太,translated,text,0f70c3cd9a,br=0 nl=0,
ui/ui/staffroll/uil_staffroll_g.xml#12971,音響制作,音效制作,translated,text,3ba07c72e1,br=0 nl=0,
ui/ui/staffroll/uil_staffroll_g.xml#13098,音声編集,音频编辑,translated,text,e38d80f3d6,br=0 nl=0,
ui/ui/staffroll/uil_staffroll_g.xml#13160,株式会社ブレイブハーツ,株式会社Brave Hearts,translated,text,e92fbd661d,br=0 nl=0,
ui/ui/staffroll/uil_staffroll_g.xml#13228,デバッグ,调试,translated,text,93640dad3a,br=0 nl=0,
ui/ui/staffroll/uil_staffroll_g.xml#13290,ポールトゥウィン株式会社,株式会社Pole To Win,translated,text,cda47e17fb,br=0 nl=0,
ui/ui/staffroll/uil_staffroll_g.xml#13359,三田村　理史,三田村 理史,translated,text,471a7652f7,br=0 nl=0,
ui/ui/staffroll/uil_staffroll_g.xml#13422,山崎　乙,山崎 乙,translated,text,8f70623b22,br=0 nl=0,
ui/ui/staffroll/uil_staffroll_g.xml#13483,牧　睦美,牧 睦美,translated,text,36499eaf9d,br=0 nl=0,
ui/ui/staffroll/uil_staffroll_g.xml#13544,木村　知生,木村 知生,translated,text,f4f07268a4,br=0 nl=0,
ui/ui/staffroll/uil_staffroll_g.xml#13606,宮下　廣大,宫下 广大,translated,text,4c64af3cd0,br=0 nl=0,
ui/ui/staffroll/uil_staffroll_g.xml#13668,【シェルノサージュ・ゲームパート】,【Ciel nosurge游戏部分】,translated,text,9248244bef,br=0 nl=0,
ui/ui/staffroll/uil_staffroll_g.xml#13743,ワールドイラスト,世界插画,translated,text,5cd301b8d2,br=0 nl=0,
ui/ui/staffroll/uil_staffroll_g.xml#13809,松本　秀幸,松本 秀幸,translated,text,cac6e320dc,br=0 nl=0,
ui/ui/staffroll/uil_staffroll_g.xml#13871,加藤　たいら,加藤 泰良,translated,text,06ffb04cd0,br=0 nl=0,
ui/ui/staffroll/uil_staffroll_g.xml#13934,株式会社千住工房,株式会社千住工房,translated,text,3de756af57,br=0 nl=0,
ui/ui/staffroll/uil_staffroll_g.xml#13999,杉本　あゆみ,杉本 亚由美,translated,text,0cc43ca50f,br=0 nl=0,
ui/ui/staffroll/uil_staffroll_g.xml#14062,小林　雅代,小林 雅代,translated,text,b0113f997a,br=0 nl=0,
ui/ui/staffroll/uil_staffroll_g.xml#14124,藤野　健,藤野 健,translated,text,c8f847de19,br=0 nl=0,
ui/ui/staffroll/uil_staffroll_g.xml#14185,山梨　彩子,山梨 彩子,translated,text,b952ec77ac,br=0 nl=0,
ui/ui/staffroll/uil_staffroll_g.xml#14247,株式会社ロジスティックス,株式会社Logistics,translated,text,8ec59442f3,br=0 nl=0,
ui/ui/staffroll/uil_staffroll_g.xml#14316,チーム・ティルドーン,Team TillDawn,translated,text,20dce76a53,br=0 nl=0,
ui/ui/staffroll/uil_staffroll_g.xml#14380,宮越　歩,宫越 步,translated,text,fe37f2f67e,br=0 nl=0,
ui/ui/staffroll/uil_staffroll_g.xml#14441,川松　由典,川松 由典,translated,text,654827f5ab,br=0 nl=0,
ui/ui/staffroll/uil_staffroll_g.xml#14503,シナリオライターセクション,编剧部门,translated,text,a1348aacfb,br=0 nl=0,
ui/ui/staffroll/uil_staffroll_g.xml#14574,夢セカイパート,梦世界部分,translated,text,aea66df668,br=0 nl=0,
ui/ui/staffroll/uil_staffroll_g.xml#14638,脚本,剧本,translated,text,7fbccbeb8a,br=0 nl=0,
ui/ui/staffroll/uil_staffroll_g.xml#14694,谷村　大四郎,谷村 大四郎,translated,text,40c336b78f,br=0 nl=0,
ui/ui/staffroll/uil_staffroll_g.xml#14826,花野　十三 ,花野 十三,translated,text,ec9f16e629,br=0 nl=0,
ui/ui/staffroll/uil_staffroll_g.xml#14951,和泉　亮 ,和泉 亮,translated,text,64981930da,br=0 nl=0,
ui/ui/staffroll/uil_staffroll_g.xml#15076,デザイナーズセクション,设计师部门,translated,text,4ec447bf85,br=0 nl=0,
ui/ui/staffroll/uil_staffroll_g.xml#15145,アイテムCG作成,道具CG制作,translated,text,4959dedafc,br=0 nl=0,
ui/ui/staffroll/uil_staffroll_g.xml#15207,小瀬　希,小濑 希,translated,text,31c8eb4891,br=0 nl=0,
ui/ui/staffroll/uil_staffroll_g.xml#15268,プログラマーズセクション,程序员部门,translated,text,44c735ef17,br=0 nl=0,
ui/ui/staffroll/uil_staffroll_g.xml#15338,【オフライン版制作】,【单机版制作】,translated,text,03d64cac73,br=0 nl=0,
ui/ui/staffroll/uil_staffroll_g.xml#15405,株式会社メテオライズ,株式会社Meteorise,translated,text,61cde65511,br=0 nl=0,
ui/ui/staffroll/uil_staffroll_g.xml#15472,デベロップメントマネージャー,开发经理,translated,text,a3540a5b0b,br=0 nl=0,
ui/ui/staffroll/uil_staffroll_g.xml#15540,渡邉　幸二,渡边 幸二,translated,text,a836876d7e,br=0 nl=0,
ui/ui/staffroll/uil_staffroll_g.xml#15602,リードプログラマー,主程序员,translated,text,9229f02856,br=0 nl=0,
ui/ui/staffroll/uil_staffroll_g.xml#15665,山本　哲也,山本 哲也,translated,text,3f4c63e01f,br=0 nl=0,
ui/ui/staffroll/uil_staffroll_g.xml#15727,新井　朗,新井 朗,translated,text,90f9b443bf,br=0 nl=0,
ui/ui/staffroll/uil_staffroll_g.xml#15788,井出　純平,井出 纯平,translated,text,539eef3cdb,br=0 nl=0,
ui/ui/staffroll/uil_staffroll_g.xml#15850,堀川　雄大,堀川 雄大,translated,text,0427e75ecf,br=0 nl=0,
ui/ui/staffroll/uil_staffroll_g.xml#15912,株式会社メテオライズ,株式会社Meteorise,translated,text,61cde65511,br=0 nl=0,
ui/ui/staffroll/uil_staffroll_g.xml#15979,HTTP ネットワーク モジュール,HTTP网络模块,translated,text,700b00a437,br=0 nl=0,
ui/ui/staffroll/uil_staffroll_g.xml#16050,渡邉　幸二,渡边 幸二,translated,text,a836876d7e,br=0 nl=0,
ui/ui/staffroll/uil_staffroll_g.xml#16112,シャール システム,夏尔系统,translated,text,3000840e0e,br=0 nl=0,
ui/ui/staffroll/uil_staffroll_g.xml#16175,山本　哲也,山本 哲也,translated,text,3f4c63e01f,br=0 nl=0,
ui/ui/staffroll/uil_staffroll_g.xml#16237,株式会社エクストリーム,株式会社Extreme,translated,text,98c9f61cf3,br=0 nl=0,
ui/ui/staffroll/uil_staffroll_g.xml#16305,プログラムサポート,程序支援,translated,text,26d10aad29,br=0 nl=0,
ui/ui/staffroll/uil_staffroll_g.xml#16368,加津間　聡,加津间 聪,translated,text,0781ac921c,br=0 nl=0,
ui/ui/staffroll/uil_staffroll_g.xml#16430,青木　一也,青木 一也,translated,text,c83b05964d,br=0 nl=0,
ui/ui/staffroll/uil_staffroll_g.xml#16492,ネットワークセクション,网络部门,translated,text,4e67a84cd1,br=0 nl=0,
ui/ui/staffroll/uil_staffroll_g.xml#16631,ウェブエンジニア,网页工程师,translated,text,6cb6815dad,br=0 nl=0,
ui/ui/staffroll/uil_staffroll_g.xml#16693,三島　功,三岛 功,translated,text,5b8e07376e,br=0 nl=0,
ui/ui/staffroll/uil_staffroll_g.xml#16754,(株)wizgeek,(株)wizgeek,translated,text,cd5a3764f1,br=0 nl=0,
ui/ui/staffroll/uil_staffroll_g.xml#16821,ウェブオペレーション,网页运维,translated,text,0299d42ed3,br=0 nl=0,
ui/ui/staffroll/uil_staffroll_g.xml#16885,仲田　享司,仲田 享司,translated,text,2a82ae3f5e,br=0 nl=0,
ui/ui/staffroll/uil_staffroll_g.xml#16947,３Ｄモデル＆モーション,3D模型与动作,translated,text,cfca7f34e9,br=0 nl=0,
ui/ui/staffroll/uil_staffroll_g.xml#17016,株式会社FlightUNIT,株式会社FlightUNIT,translated,text,1da69201f4,br=0 nl=0,
ui/ui/staffroll/uil_staffroll_g.xml#17087,アートディレクター,艺术总监,translated,text,c34e651c44,br=0 nl=0,
ui/ui/staffroll/uil_staffroll_g.xml#17211,メイン3Dモデリング,主3D建模,translated,text,7a817aa640,br=0 nl=0,
ui/ui/staffroll/uil_staffroll_g.xml#17336,3Dモデリング,3D建模,translated,text,a9229cb55f,br=0 nl=0,
ui/ui/staffroll/uil_staffroll_g.xml#17397,川松　由典,川松 由典,translated,text,654827f5ab,br=0 nl=0,
ui/ui/staffroll/uil_staffroll_g.xml#17459,桑田　まり子,桑田 真理子,translated,text,9a7ef2f3de,br=0 nl=0,
ui/ui/staffroll/uil_staffroll_g.xml#17522,燕藤　ユウ,燕藤 悠,translated,text,8c84789206,br=0 nl=0,
ui/ui/staffroll/uil_staffroll_g.xml#17584,ワールドモデリング,世界建模,translated,text,8443ae1813,br=0 nl=0,
ui/ui/staffroll/uil_staffroll_g.xml#17647,川松　由典,川松 由典,translated,text,654827f5ab,br=0 nl=0,
ui/ui/staffroll/uil_staffroll_g.xml#17709,大坪　俊介,大坪 俊介,translated,text,e4a7f6282a,br=0 nl=0,
ui/ui/staffroll/uil_staffroll_g.xml#17771,桑田　まり子,桑田 真理子,translated,text,9a7ef2f3de,br=0 nl=0,
ui/ui/staffroll/uil_staffroll_g.xml#17834,シャールデザイン,夏尔设计,translated,text,9d9cefacba,br=0 nl=0,
ui/ui/staffroll/uil_staffroll_g.xml#17957,川松　由典,川松 由典,translated,text,654827f5ab,br=0 nl=0,
ui/ui/staffroll/uil_staffroll_g.xml#18019,シャールモデリング,夏尔建模,translated,text,9e768da080,br=0 nl=0,
ui/ui/staffroll/uil_staffroll_g.xml#18082,川松　由典,川松 由典,translated,text,654827f5ab,br=0 nl=0,
ui/ui/staffroll/uil_staffroll_g.xml#18144,高橋　聖,高桥 圣,translated,text,dfbf0ca1c6,br=0 nl=0,
ui/ui/staffroll/uil_staffroll_g.xml#18205,桑田　まり子,桑田 真理子,translated,text,9a7ef2f3de,br=0 nl=0,
ui/ui/staffroll/uil_staffroll_g.xml#18268,メインアニメーター,主动画师,translated,text,4a9646d5bb,br=0 nl=0,
ui/ui/staffroll/uil_staffroll_g.xml#18331,山口　力哉,山口 力哉,translated,text,9db200242b,br=0 nl=0,
ui/ui/staffroll/uil_staffroll_g.xml#18393,キャラクターアニメーション,角色动画,translated,text,6245f96f88,br=0 nl=0,
ui/ui/staffroll/uil_staffroll_g.xml#18460,矢戸　恵,矢户 惠,translated,text,98bd1a2e46,br=0 nl=0,
ui/ui/staffroll/uil_staffroll_g.xml#18582,イベントプログラム,事件程序,translated,text,45c20cb56a,br=0 nl=0,
ui/ui/staffroll/uil_staffroll_g.xml#18645,乱道,乱道,translated,text,afcfc8f99b,br=0 nl=0,
ui/ui/staffroll/uil_staffroll_g.xml#18704,テクニカルエンジニア,技术工程师,translated,text,1f8b0ef79d,br=0 nl=0,
ui/ui/staffroll/uil_staffroll_g.xml#18768,乱道,乱道,translated,text,afcfc8f99b,br=0 nl=0,
ui/ui/staffroll/uil_staffroll_g.xml#18827,大坪　俊介,大坪 俊介,translated,text,e4a7f6282a,br=0 nl=0,
ui/ui/staffroll/uil_staffroll_g.xml#18889,キャラクターセットアップ,角色装配,translated,text,2d9c1a161a,br=0 nl=0,
ui/ui/staffroll/uil_staffroll_g.xml#18955,大坪　俊介,大坪 俊介,translated,text,e4a7f6282a,br=0 nl=0,
ui/ui/staffroll/uil_staffroll_g.xml#19017,矢戸　恵,矢户 惠,translated,text,98bd1a2e46,br=0 nl=0,
ui/ui/staffroll/uil_staffroll_g.xml#19078,インターフェイスデザイン,界面设计,translated,text,8fe4dab4e8,br=0 nl=0,
ui/ui/staffroll/uil_staffroll_g.xml#19205,桑田　まり子,桑田 真理子,translated,text,9a7ef2f3de,br=0 nl=0,
ui/ui/staffroll/uil_staffroll_g.xml#19268,マネジメント,管理,translated,text,644f6dd8a3,br=0 nl=0,
ui/ui/staffroll/uil_staffroll_g.xml#19328,松本　浩幸,松本 浩幸,translated,text,31c3a3098b,br=0 nl=0,
ui/ui/staffroll/uil_staffroll_g.xml#19390,オープニングムービー,片头影像,translated,text,bddc00b466,br=0 nl=0,
ui/ui/staffroll/uil_staffroll_g.xml#19458,絵コンテ・演出,分镜・演出,translated,text,c1285163f7,br=0 nl=0,
ui/ui/staffroll/uil_staffroll_g.xml#19580,ディレクター　,总监,translated,text,135e67823a,br=0 nl=0,
ui/ui/staffroll/uil_staffroll_g.xml#19641,嘉藤　公紀,嘉藤 公纪,translated,text,b11bc7bcd0,br=0 nl=0,
ui/ui/staffroll/uil_staffroll_g.xml#19759,浅尾　憲治,浅尾 宪治,translated,text,6bc5e803d3,br=0 nl=0,
ui/ui/staffroll/uil_staffroll_g.xml#19821,蜂屋　雅幸,蜂屋 雅幸,translated,text,bacd8a88e9,br=0 nl=0,
ui/ui/staffroll/uil_staffroll_g.xml#19883,森中　亮,森中 亮,translated,text,d2b56e5d7c,br=0 nl=0,
ui/ui/staffroll/uil_staffroll_g.xml#19944,製作,制作,translated,text,53c6bc4ef7,br=0 nl=0,
ui/ui/staffroll/uil_staffroll_g.xml#20000,ポイント・ピクチャーズ,Point Pictures,translated,text,4b9cc20967,br=0 nl=0,
ui/ui/staffroll/uil_staffroll_g.xml#20068,プロモーションムービー,宣传影像,translated,text,375c066366,br=0 nl=0,
ui/ui/staffroll/uil_staffroll_g.xml#20137,ディレクター　,总监,translated,text,135e67823a,br=0 nl=0,
ui/ui/staffroll/uil_staffroll_g.xml#20198,浅尾　憲治,浅尾 宪治,translated,text,6bc5e803d3,br=0 nl=0,
ui/ui/staffroll/uil_staffroll_g.xml#20316,森　進二郞,森 进二郎,translated,text,564356e8ac,br=0 nl=0,
ui/ui/staffroll/uil_staffroll_g.xml#20378,村澤　晴海,村泽 晴海,translated,text,ccc3eb0e5b,br=0 nl=0,
ui/ui/staffroll/uil_staffroll_g.xml#20440,大塚　竹男,大冢 竹男,translated,text,ac5a7c666f,br=0 nl=0,
ui/ui/staffroll/uil_staffroll_g.xml#20502,製作,制作,translated,text,53c6bc4ef7,br=0 nl=0,
ui/ui/staffroll/uil_staffroll_g.xml#20558,ポイント・ピクチャーズ,Point Pictures,translated,text,4b9cc20967,br=0 nl=0,
ui/ui/staffroll/uil_staffroll_g.xml#20626,詩ムービー,诗歌影像,translated,text,03e84567a7,br=0 nl=0,
ui/ui/staffroll/uil_staffroll_g.xml#20689,ディレクター,总监,translated,text,074ca740ff,br=0 nl=0,
ui/ui/staffroll/uil_staffroll_g.xml#20749,絵コンテ・演出,分镜・演出,translated,text,c1285163f7,br=0 nl=0,
ui/ui/staffroll/uil_staffroll_g.xml#20871,キャラクターアニメーション,角色动画,translated,text,6245f96f88,br=0 nl=0,
ui/ui/staffroll/uil_staffroll_g.xml#20999,山口　力哉,山口 力哉,translated,text,9db200242b,br=0 nl=0,
ui/ui/staffroll/uil_staffroll_g.xml#21061,嘉藤　公紀,嘉藤 公纪,translated,text,b11bc7bcd0,br=0 nl=0,
ui/ui/staffroll/uil_staffroll_g.xml#21192,ジェノミライムービー,杰诺米莱伊影像,translated,text,f6e7d2fd93,br=0 nl=0,
ui/ui/staffroll/uil_staffroll_g.xml#21260,制作,制作,translated,text,7d394484ec,br=0 nl=0,
ui/ui/staffroll/uil_staffroll_g.xml#21377,バックグラウンドミュージック,背景音乐,translated,text,a5e60b8440,br=0 nl=0,
ui/ui/staffroll/uil_staffroll_g.xml#21449,ミュージックディレクター,音乐总监,translated,text,d43c0fd3f4,br=0 nl=0,
ui/ui/staffroll/uil_staffroll_g.xml#21515,志方　あきこ,志方 晶子,translated,text,05f122732c,br=0 nl=0,
ui/ui/staffroll/uil_staffroll_g.xml#21578,コンポーザー,作曲家,translated,text,259843924f,br=0 nl=0,
ui/ui/staffroll/uil_staffroll_g.xml#21638,志方　あきこ,志方 晶子,translated,text,05f122732c,br=0 nl=0,
ui/ui/staffroll/uil_staffroll_g.xml#21907,アコースティックギター,原声吉他,translated,text,a7abba5538,br=0 nl=0,
ui/ui/staffroll/uil_staffroll_g.xml#21972,吉田　穣,吉田 穰,translated,text,c4ff906d3c,br=0 nl=0,
ui/ui/staffroll/uil_staffroll_g.xml#22033,エレキギター,电吉他,translated,text,1fa9044665,br=0 nl=0,
ui/ui/staffroll/uil_staffroll_g.xml#22093,吉田　穣,吉田 穰,translated,text,c4ff906d3c,br=0 nl=0,
ui/ui/staffroll/uil_staffroll_g.xml#22154,シタール,锡塔尔琴,translated,text,8f25ffe37e,br=0 nl=0,
ui/ui/staffroll/uil_staffroll_g.xml#22212,吉田　穣,吉田 穰,translated,text,c4ff906d3c,br=0 nl=0,
ui/ui/staffroll/uil_staffroll_g.xml#22273,ヴァイオリン,小提琴,translated,text,668c16f747,br=0 nl=0,
ui/ui/staffroll/uil_staffroll_g.xml#22333,大貫　聖子,大贯 圣子,translated,text,3869a50f95,br=0 nl=0,
ui/ui/staffroll/uil_staffroll_g.xml#22395,音響,音效,translated,text,a94ecabc3c,br=0 nl=0,
ui/ui/staffroll/uil_staffroll_g.xml#22455,音響監督,音效总监,translated,text,e4bfb6b35d,br=0 nl=0,
ui/ui/staffroll/uil_staffroll_g.xml#22513,納谷　僚介,纳谷 僚介,translated,text,d0a88d7501,br=0 nl=0,
ui/ui/staffroll/uil_staffroll_g.xml#22575,録音調整,录音调整,translated,text,bdaaaa1218,br=0 nl=0,
ui/ui/staffroll/uil_staffroll_g.xml#22633,田中　直也,田中 直也,translated,text,a61c475fb5,br=0 nl=0,
ui/ui/staffroll/uil_staffroll_g.xml#22695,録音助手,录音助手,translated,text,2cd5fceb80,br=0 nl=0,
ui/ui/staffroll/uil_staffroll_g.xml#22753,三田　颯,三田 飒,translated,text,36385611f0,br=0 nl=0,
ui/ui/staffroll/uil_staffroll_g.xml#22814,道下　彩,道下 彩,translated,text,d5f8dc474d,br=0 nl=0,
ui/ui/staffroll/uil_staffroll_g.xml#22875,音響制作,音效制作,translated,text,3ba07c72e1,br=0 nl=0,
ui/ui/staffroll/uil_staffroll_g.xml#23002,技術協力,技术协力,translated,text,09ac8b241a,br=0 nl=0,
ui/ui/staffroll/uil_staffroll_g.xml#23064,株式会社ＣＲＩ・ミドルウェア,株式会社CRI Middleware,translated,text,ddfc365935,br=0 nl=0,
ui/ui/staffroll/uil_staffroll_g.xml#23136,代表取締役専務ＣＴＯ,执行董事专务CTO,translated,text,e027789a7b,br=0 nl=0,
ui/ui/staffroll/uil_staffroll_g.xml#23201,押見　正雄,押见 正雄,translated,text,bb3d517d8c,br=0 nl=0,
ui/ui/staffroll/uil_staffroll_g.xml#23327,佐藤　修,佐藤 修,translated,text,8d20a19056,br=0 nl=0,
ui/ui/staffroll/uil_staffroll_g.xml#23389,鈴木　成門,铃木 成门,translated,text,151d8ce7cd,br=0 nl=0,
ui/ui/staffroll/uil_staffroll_g.xml#23452,郷原　亮,乡原 亮,translated,text,edafc04a4c,br=0 nl=0,
ui/ui/staffroll/uil_staffroll_g.xml#23514,水津　達也,水津 达也,translated,text,1b6339ac0a,br=0 nl=0,
ui/ui/staffroll/uil_staffroll_g.xml#23577,田中　孝,田中 孝,translated,text,6a01522493,br=0 nl=0,
ui/ui/staffroll/uil_staffroll_g.xml#23639,薄　　亮,薄 亮,translated,text,9be14828cf,br=0 nl=0,
ui/ui/staffroll/uil_staffroll_g.xml#23701,及川　進,及川 进,translated,text,564af3d63f,br=0 nl=0,
ui/ui/staffroll/uil_staffroll_g.xml#23829,漆畑　祐介,漆畑 佑介,translated,text,7b38215b37,br=0 nl=0,
ui/ui/staffroll/uil_staffroll_g.xml#23892,櫻井　敦史,樱井 敦史,translated,text,56fb1b2ef2,br=0 nl=0,
ui/ui/staffroll/uil_staffroll_g.xml#24017,花房　宏通,花房 宏通,translated,text,b03c5ceac2,br=0 nl=0,
ui/ui/staffroll/uil_staffroll_g.xml#24080,太田　政美,太田 政美,translated,text,84c8d1255b,br=0 nl=0,
ui/ui/staffroll/uil_staffroll_g.xml#24143,渡辺　大輔,渡边 大辅,translated,text,e1ba1468a3,br=0 nl=0,
ui/ui/staffroll/uil_staffroll_g.xml#24274,佐藤　修,佐藤 修,translated,text,8d20a19056,br=0 nl=0,
ui/ui/staffroll/uil_staffroll_g.xml#24336,デバッグ,调试,translated,text,93640dad3a,br=0 nl=0,
ui/ui/staffroll/uil_staffroll_g.xml#24399,ポールトゥウィン株式会社,株式会社Pole To Win,translated,text,cda47e17fb,br=0 nl=0,
ui/ui/staffroll/uil_staffroll_g.xml#24469,三田村 理史,三田村 理史,translated,text,77e158e1ae,br=0 nl=0,
ui/ui/staffroll/uil_staffroll_g.xml#24533,浅田　卓,浅田 卓,translated,text,adcb96dc81,br=0 nl=0,
ui/ui/staffroll/uil_staffroll_g.xml#24595,山崎　乙,山崎 乙,translated,text,8f70623b22,br=0 nl=0,
ui/ui/staffroll/uil_staffroll_g.xml#24657,大井 勇生,大井 勇生,translated,text,fcdda02341,br=0 nl=0,
ui/ui/staffroll/uil_staffroll_g.xml#24720,牧　睦美,牧 睦美,translated,text,36499eaf9d,br=0 nl=0,
ui/ui/staffroll/uil_staffroll_g.xml#24782,木村　知生,木村 知生,translated,text,f4f07268a4,br=0 nl=0,
ui/ui/staffroll/uil_staffroll_g.xml#24845,宮下　廣大,宫下 广大,translated,text,4c64af3cd0,br=0 nl=0,
ui/ui/staffroll/uil_staffroll_g.xml#24908,柴田　裕司,柴田 裕司,translated,text,13fa6f22df,br=0 nl=0,
ui/ui/staffroll/uil_staffroll_g.xml#24971,西原　正洋,西原 正洋,translated,text,1aa88db9f1,br=0 nl=0,
ui/ui/staffroll/uil_staffroll_g.xml#25034,高田　陽介,高田 阳介,translated,text,ec9fea6efa,br=0 nl=0,
ui/ui/staffroll/uil_staffroll_g.xml#25097,澤田　哲也,泽田 哲也,translated,text,bc595385ac,br=0 nl=0,
ui/ui/staffroll/uil_staffroll_g.xml#25160,渡邊　さや,渡边 沙耶,translated,text,a3fb83c85e,br=0 nl=0,
ui/ui/staffroll/uil_staffroll_g.xml#25223,山谷　武,山谷 武,translated,text,254588c758,br=0 nl=0,
ui/ui/staffroll/uil_staffroll_g.xml#25285,小川　早苗,小川 早苗,translated,text,116301b38a,br=0 nl=0,
ui/ui/staffroll/uil_staffroll_g.xml#25348,村川　雄一郎,村川 雄一郎,translated,text,93fd06889d,br=0 nl=0,
ui/ui/staffroll/uil_staffroll_g.xml#25412,挿入歌,插曲,translated,text,43505f0b2e,br=0 nl=0,
ui/ui/staffroll/uil_staffroll_g.xml#25474,#00『謳無き丘へ～Introduce Ver.～』,#00‘致无鸣之丘～Introduce Ver.～’,translated,text,abf88f0aa3,br=0 nl=0,src-longest-line=26
ui/ui/staffroll/uil_staffroll_g.xml#25558,ヴォーカル,主唱,translated,text,a9d22c4f25,br=0 nl=0,
ui/ui/staffroll/uil_staffroll_g.xml#25618,志方　あきこ,志方 晶子,translated,text,05f122732c,br=0 nl=0,
ui/ui/staffroll/uil_staffroll_g.xml#25682,コーラス,和声,translated,text,e6f23f00bd,br=0 nl=0,
ui/ui/staffroll/uil_staffroll_g.xml#25741,志方　あきこ,志方 晶子,translated,text,05f122732c,br=0 nl=0,
ui/ui/staffroll/uil_staffroll_g.xml#25805,作詞,作词,translated,text,37dd0a71d2,br=0 nl=0,
ui/ui/staffroll/uil_staffroll_g.xml#25862,土屋　暁,土屋 晓,translated,text,21998e95cc,br=0 nl=0,
ui/ui/staffroll/uil_staffroll_g.xml#25924,作曲,作曲,translated,text,779e678323,br=0 nl=0,
ui/ui/staffroll/uil_staffroll_g.xml#25981,土屋　暁,土屋 晓,translated,text,21998e95cc,br=0 nl=0,
ui/ui/staffroll/uil_staffroll_g.xml#26043,編曲,编曲,translated,text,0d9b094937,br=0 nl=0,
ui/ui/staffroll/uil_staffroll_g.xml#26100,志方　あきこ,志方 晶子,translated,text,05f122732c,br=0 nl=0,
ui/ui/staffroll/uil_staffroll_g.xml#26164,アコースティックギター,原声吉他,translated,text,a7abba5538,br=0 nl=0,
ui/ui/staffroll/uil_staffroll_g.xml#26230,田代　耕一郎,田代 耕一郎,translated,text,2b32bdbfd2,br=0 nl=0,
ui/ui/staffroll/uil_staffroll_g.xml#26294,アイリッシュブズーキー,爱尔兰布祖基琴,translated,text,d1c4382eb2,br=0 nl=0,
ui/ui/staffroll/uil_staffroll_g.xml#26360,田代　耕一郎,田代 耕一郎,translated,text,2b32bdbfd2,br=0 nl=0,
ui/ui/staffroll/uil_staffroll_g.xml#26499,ヴォーカル,主唱,translated,text,a9d22c4f25,br=0 nl=0,
ui/ui/staffroll/uil_staffroll_g.xml#26559,志方　あきこ,志方 晶子,translated,text,05f122732c,br=0 nl=0,
ui/ui/staffroll/uil_staffroll_g.xml#26623,コーラス,和声,translated,text,e6f23f00bd,br=0 nl=0,
ui/ui/staffroll/uil_staffroll_g.xml#26682,志方　あきこ,志方 晶子,translated,text,05f122732c,br=0 nl=0,
ui/ui/staffroll/uil_staffroll_g.xml#26746,作詞,作词,translated,text,37dd0a71d2,br=0 nl=0,
ui/ui/staffroll/uil_staffroll_g.xml#26803,志方　あきこ,志方 晶子,translated,text,05f122732c,br=0 nl=0,
ui/ui/staffroll/uil_staffroll_g.xml#26867,作曲,作曲,translated,text,779e678323,br=0 nl=0,
ui/ui/staffroll/uil_staffroll_g.xml#26924,志方　あきこ,志方 晶子,translated,text,05f122732c,br=0 nl=0,
ui/ui/staffroll/uil_staffroll_g.xml#26988,編曲,编曲,translated,text,0d9b094937,br=0 nl=0,
ui/ui/staffroll/uil_staffroll_g.xml#27045,志方　あきこ,志方 晶子,translated,text,05f122732c,br=0 nl=0,
ui/ui/staffroll/uil_staffroll_g.xml#27109,アコースティックギター,原声吉他,translated,text,a7abba5538,br=0 nl=0,
ui/ui/staffroll/uil_staffroll_g.xml#27175,田代　耕一郎,田代 耕一郎,translated,text,2b32bdbfd2,br=0 nl=0,
ui/ui/staffroll/uil_staffroll_g.xml#27239,カンテレ,康特勒琴,translated,text,99e23b542c,br=0 nl=0,
ui/ui/staffroll/uil_staffroll_g.xml#27298,田代　耕一郎,田代 耕一郎,translated,text,2b32bdbfd2,br=0 nl=0,
ui/ui/staffroll/uil_staffroll_g.xml#27362,パーカッション,打击乐,translated,text,b5c517e01d,br=0 nl=0,
ui/ui/staffroll/uil_staffroll_g.xml#27424,大石　真理恵,大石 真理惠,translated,text,59c84c61d6,br=0 nl=0,
ui/ui/staffroll/uil_staffroll_g.xml#27488,筝,筝,translated,text,e09f68108a,br=0 nl=0,
ui/ui/staffroll/uil_staffroll_g.xml#27544,中垣　雅葉,中垣 雅叶,translated,text,ec00152ffc,br=0 nl=0,
ui/ui/staffroll/uil_staffroll_g.xml#27607,#02『天地咆吼』,#02‘天地咆哮’,translated,text,54b41e4730,br=0 nl=0,
ui/ui/staffroll/uil_staffroll_g.xml#27674,ヴォーカル,主唱,translated,text,a9d22c4f25,br=0 nl=0,
ui/ui/staffroll/uil_staffroll_g.xml#27734,城　南海,城 南海,translated,text,0326f175b4,br=0 nl=0,
ui/ui/staffroll/uil_staffroll_g.xml#27796,コーラス,和声,translated,text,e6f23f00bd,br=0 nl=0,
ui/ui/staffroll/uil_staffroll_g.xml#27855,城　南海,城 南海,translated,text,0326f175b4,br=0 nl=0,
ui/ui/staffroll/uil_staffroll_g.xml#27917,作詞,作词,translated,text,37dd0a71d2,br=0 nl=0,
ui/ui/staffroll/uil_staffroll_g.xml#27974,志方　あきこ,志方 晶子,translated,text,05f122732c,br=0 nl=0,
ui/ui/staffroll/uil_staffroll_g.xml#28038,作曲,作曲,translated,text,779e678323,br=0 nl=0,
ui/ui/staffroll/uil_staffroll_g.xml#28095,志方　あきこ,志方 晶子,translated,text,05f122732c,br=0 nl=0,
ui/ui/staffroll/uil_staffroll_g.xml#28159,編曲,编曲,translated,text,0d9b094937,br=0 nl=0,
ui/ui/staffroll/uil_staffroll_g.xml#28216,志方　あきこ,志方 晶子,translated,text,05f122732c,br=0 nl=0,
ui/ui/staffroll/uil_staffroll_g.xml#28280,アコースティックギター,原声吉他,translated,text,a7abba5538,br=0 nl=0,
ui/ui/staffroll/uil_staffroll_g.xml#28346,田代　耕一郎,田代 耕一郎,translated,text,2b32bdbfd2,br=0 nl=0,
ui/ui/staffroll/uil_staffroll_g.xml#28410,ヴァイオリン,小提琴,translated,text,668c16f747,br=0 nl=0,
ui/ui/staffroll/uil_staffroll_g.xml#28471,大貫　聖子,大贯 圣子,translated,text,3869a50f95,br=0 nl=0,
ui/ui/staffroll/uil_staffroll_g.xml#28534,ピアノ,钢琴,translated,text,64c0241201,br=0 nl=0,
ui/ui/staffroll/uil_staffroll_g.xml#28592,田中　さとこ,田中 聪子,translated,text,67b0c32b37,br=0 nl=0,
ui/ui/staffroll/uil_staffroll_g.xml#28740,ヴォーカル,主唱,translated,text,a9d22c4f25,br=0 nl=0,
ui/ui/staffroll/uil_staffroll_g.xml#28800,志方　あきこ,志方 晶子,translated,text,05f122732c,br=0 nl=0,
ui/ui/staffroll/uil_staffroll_g.xml#28864,コーラス,和声,translated,text,e6f23f00bd,br=0 nl=0,
ui/ui/staffroll/uil_staffroll_g.xml#28923,志方　あきこ,志方 晶子,translated,text,05f122732c,br=0 nl=0,
ui/ui/staffroll/uil_staffroll_g.xml#28987,作詞,作词,translated,text,37dd0a71d2,br=0 nl=0,
ui/ui/staffroll/uil_staffroll_g.xml#29044,志方　あきこ,志方 晶子,translated,text,05f122732c,br=0 nl=0,
ui/ui/staffroll/uil_staffroll_g.xml#29108,作曲,作曲,translated,text,779e678323,br=0 nl=0,
ui/ui/staffroll/uil_staffroll_g.xml#29165,志方　あきこ,志方 晶子,translated,text,05f122732c,br=0 nl=0,
ui/ui/staffroll/uil_staffroll_g.xml#29229,編曲,编曲,translated,text,0d9b094937,br=0 nl=0,
ui/ui/staffroll/uil_staffroll_g.xml#29286,志方　あきこ,志方 晶子,translated,text,05f122732c,br=0 nl=0,
ui/ui/staffroll/uil_staffroll_g.xml#29350,アイリッシュブズーキ,爱尔兰布祖基琴,translated,text,420248b6f2,br=0 nl=0,
ui/ui/staffroll/uil_staffroll_g.xml#29415,田代　耕一郎,田代 耕一郎,translated,text,2b32bdbfd2,br=0 nl=0,
ui/ui/staffroll/uil_staffroll_g.xml#29479,リュート,鲁特琴,translated,text,40aa180de2,br=0 nl=0,
ui/ui/staffroll/uil_staffroll_g.xml#29538,田代　耕一郎,田代 耕一郎,translated,text,2b32bdbfd2,br=0 nl=0,
ui/ui/staffroll/uil_staffroll_g.xml#29602,アコースティックギター,原声吉他,translated,text,a7abba5538,br=0 nl=0,
ui/ui/staffroll/uil_staffroll_g.xml#29668,田代　耕一郎,田代 耕一郎,translated,text,2b32bdbfd2,br=0 nl=0,
ui/ui/staffroll/uil_staffroll_g.xml#29732,ヴァイオリン,小提琴,translated,text,668c16f747,br=0 nl=0,
ui/ui/staffroll/uil_staffroll_g.xml#29793,大貫　聖子,大贯 圣子,translated,text,3869a50f95,br=0 nl=0,
ui/ui/staffroll/uil_staffroll_g.xml#29856,ホイッスル,哨子,translated,text,f9c2bb1a8a,br=0 nl=0,
ui/ui/staffroll/uil_staffroll_g.xml#29916,安井　敬,安井 敬,translated,text,723f3994ab,br=0 nl=0,
ui/ui/staffroll/uil_staffroll_g.xml#29978,リコーダー,竖笛,translated,text,1448956b32,br=0 nl=0,
ui/ui/staffroll/uil_staffroll_g.xml#30038,安井　敬,安井 敬,translated,text,723f3994ab,br=0 nl=0,
ui/ui/staffroll/uil_staffroll_g.xml#30172,ヴォーカル,主唱,translated,text,a9d22c4f25,br=0 nl=0,
ui/ui/staffroll/uil_staffroll_g.xml#30232,霜月　はるか,霜月 遥,translated,text,4fa4ca5550,br=0 nl=0,
ui/ui/staffroll/uil_staffroll_g.xml#30296,コーラス,和声,translated,text,e6f23f00bd,br=0 nl=0,
ui/ui/staffroll/uil_staffroll_g.xml#30355,霜月　はるか,霜月 遥,translated,text,4fa4ca5550,br=0 nl=0,
ui/ui/staffroll/uil_staffroll_g.xml#30419,作詞,作词,translated,text,37dd0a71d2,br=0 nl=0,
ui/ui/staffroll/uil_staffroll_g.xml#30476,日山　尚,日山 尚,translated,text,1f730ac70d,br=0 nl=0,
ui/ui/staffroll/uil_staffroll_g.xml#30538,作曲,作曲,translated,text,779e678323,br=0 nl=0,
ui/ui/staffroll/uil_staffroll_g.xml#30595,霜月　はるか,霜月 遥,translated,text,4fa4ca5550,br=0 nl=0,
ui/ui/staffroll/uil_staffroll_g.xml#30659,編曲,编曲,translated,text,0d9b094937,br=0 nl=0,
ui/ui/staffroll/uil_staffroll_g.xml#30777,#05『美し世界』,#05‘美丽世界’,translated,text,828500b0bb,br=0 nl=0,
ui/ui/staffroll/uil_staffroll_g.xml#30844,ヴォーカル,主唱,translated,text,a9d22c4f25,br=0 nl=0,
ui/ui/staffroll/uil_staffroll_g.xml#30904,城　南海,城 南海,translated,text,0326f175b4,br=0 nl=0,
ui/ui/staffroll/uil_staffroll_g.xml#30966,コーラス,和声,translated,text,e6f23f00bd,br=0 nl=0,
ui/ui/staffroll/uil_staffroll_g.xml#31025,城　南海,城 南海,translated,text,0326f175b4,br=0 nl=0,
ui/ui/staffroll/uil_staffroll_g.xml#31087,作詞,作词,translated,text,37dd0a71d2,br=0 nl=0,
ui/ui/staffroll/uil_staffroll_g.xml#31144,高橋　麗子,高桥 丽子,translated,text,e5f18eff62,br=0 nl=0,
ui/ui/staffroll/uil_staffroll_g.xml#31207,作曲,作曲,translated,text,779e678323,br=0 nl=0,
ui/ui/staffroll/uil_staffroll_g.xml#31264,弘田　佳孝,弘田 佳孝,translated,text,5b1c2fd00d,br=0 nl=0,
ui/ui/staffroll/uil_staffroll_g.xml#31327,編曲,编曲,translated,text,0d9b094937,br=0 nl=0,
ui/ui/staffroll/uil_staffroll_g.xml#31384,弘田　佳孝,弘田 佳孝,translated,text,5b1c2fd00d,br=0 nl=0,
ui/ui/staffroll/uil_staffroll_g.xml#31447,エレキベース,电贝斯,translated,text,97b8e005a2,br=0 nl=0,
ui/ui/staffroll/uil_staffroll_g.xml#31508,弘田　佳孝,弘田 佳孝,translated,text,5b1c2fd00d,br=0 nl=0,
ui/ui/staffroll/uil_staffroll_g.xml#31571,#06『コード・エテスウェイ』,#06‘代码・埃特斯韦’,translated,text,0d93d8ec41,br=0 nl=0,
ui/ui/staffroll/uil_staffroll_g.xml#31644,ヴォーカル,主唱,translated,text,a9d22c4f25,br=0 nl=0,
ui/ui/staffroll/uil_staffroll_g.xml#31704,霜月　はるか,霜月 遥,translated,text,4fa4ca5550,br=0 nl=0,
ui/ui/staffroll/uil_staffroll_g.xml#31768,コーラス,和声,translated,text,e6f23f00bd,br=0 nl=0,
ui/ui/staffroll/uil_staffroll_g.xml#31827,霜月　はるか,霜月 遥,translated,text,4fa4ca5550,br=0 nl=0,
ui/ui/staffroll/uil_staffroll_g.xml#31891,作詞,作词,translated,text,37dd0a71d2,br=0 nl=0,
ui/ui/staffroll/uil_staffroll_g.xml#31948,日山　尚,日山 尚,translated,text,1f730ac70d,br=0 nl=0,
ui/ui/staffroll/uil_staffroll_g.xml#32010,作曲,作曲,translated,text,779e678323,br=0 nl=0,
ui/ui/staffroll/uil_staffroll_g.xml#32067,霜月　はるか,霜月 遥,translated,text,4fa4ca5550,br=0 nl=0,
ui/ui/staffroll/uil_staffroll_g.xml#32131,編曲,编曲,translated,text,0d9b094937,br=0 nl=0,
ui/ui/staffroll/uil_staffroll_g.xml#32188,柳　英一朗,柳 英一朗,translated,text,d1f66395b5,br=0 nl=0,
ui/ui/staffroll/uil_staffroll_g.xml#32251,ヴァイオリン,小提琴,translated,text,668c16f747,br=0 nl=0,
ui/ui/staffroll/uil_staffroll_g.xml#32312,土屋　玲子,土屋 玲子,translated,text,a5c27a7653,br=0 nl=0,
ui/ui/staffroll/uil_staffroll_g.xml#32375,ヴィオラ,中提琴,translated,text,2b5d862048,br=0 nl=0,
ui/ui/staffroll/uil_staffroll_g.xml#32434,土屋　玲子,土屋 玲子,translated,text,a5c27a7653,br=0 nl=0,
ui/ui/staffroll/uil_staffroll_g.xml#32497,チェロ,大提琴,translated,text,13fc4da5ee,br=0 nl=0,
ui/ui/staffroll/uil_staffroll_g.xml#32555,土屋　玲子,土屋 玲子,translated,text,a5c27a7653,br=0 nl=0,
ui/ui/staffroll/uil_staffroll_g.xml#32618,エレキベース,电贝斯,translated,text,97b8e005a2,br=0 nl=0,
ui/ui/staffroll/uil_staffroll_g.xml#32679,柳　英一朗,柳 英一朗,translated,text,d1f66395b5,br=0 nl=0,
ui/ui/staffroll/uil_staffroll_g.xml#32742,プログラミング,编程,translated,text,a063da1b9c,br=0 nl=0,
ui/ui/staffroll/uil_staffroll_g.xml#32804,柳　英一朗,柳 英一朗,translated,text,d1f66395b5,br=0 nl=0,
ui/ui/staffroll/uil_staffroll_g.xml#32954,ヴォーカル,主唱,translated,text,a9d22c4f25,br=0 nl=0,
ui/ui/staffroll/uil_staffroll_g.xml#33014,みとせ　のりこ,水户濑 纪子,translated,text,b870526ad2,br=0 nl=0,
ui/ui/staffroll/uil_staffroll_g.xml#33079,コーラス,和声,translated,text,e6f23f00bd,br=0 nl=0,
ui/ui/staffroll/uil_staffroll_g.xml#33138,みとせ　のりこ,水户濑 纪子,translated,text,b870526ad2,br=0 nl=0,
ui/ui/staffroll/uil_staffroll_g.xml#33203,作詞,作词,translated,text,37dd0a71d2,br=0 nl=0,
ui/ui/staffroll/uil_staffroll_g.xml#33260,みとせ　のりこ,水户濑 纪子,translated,text,b870526ad2,br=0 nl=0,
ui/ui/staffroll/uil_staffroll_g.xml#33325,作曲,作曲,translated,text,779e678323,br=0 nl=0,
ui/ui/staffroll/uil_staffroll_g.xml#33448,編曲,编曲,translated,text,0d9b094937,br=0 nl=0,
ui/ui/staffroll/uil_staffroll_g.xml#33571,レコーディング＆ミキシング,录音与混音,translated,text,45498df2df,br=0 nl=0,
ui/ui/staffroll/uil_staffroll_g.xml#33714,レコーディングスタジオ,录音室,translated,text,b25eb16dcb,br=0 nl=0,
ui/ui/staffroll/uil_staffroll_g.xml#33916,レコーディング&,录音&,translated,text,f841bcf365,br=0 nl=0,
ui/ui/staffroll/uil_staffroll_g.xml#33979,　　ミキシングエンジニア,混音工程师,translated,text,18ef1f1a8b,br=0 nl=0,
ui/ui/staffroll/uil_staffroll_g.xml#34046,南　直行,南 直行,translated,text,2d56d70010,br=0 nl=0,
ui/ui/staffroll/uil_staffroll_g.xml#34171,ミキシングスタジオ,混音工作室,translated,text,10e5c39a7e,br=0 nl=0,
ui/ui/staffroll/uil_staffroll_g.xml#34310,レコーディングスタジオ,录音室,translated,text,b25eb16dcb,br=0 nl=0,
ui/ui/staffroll/uil_staffroll_g.xml#34448,レコーディング&,录音&,translated,text,f841bcf365,br=0 nl=0,
ui/ui/staffroll/uil_staffroll_g.xml#34511,　　ミキシングエンジニア,混音工程师,translated,text,18ef1f1a8b,br=0 nl=0,
ui/ui/staffroll/uil_staffroll_g.xml#34578,南　直行,南 直行,translated,text,2d56d70010,br=0 nl=0,
ui/ui/staffroll/uil_staffroll_g.xml#34703,音楽制作,音乐制作,translated,text,fd03f88e87,br=0 nl=0,
ui/ui/staffroll/uil_staffroll_g.xml#34830,レコーディングスタジオ,录音室,translated,text,b25eb16dcb,br=0 nl=0,
ui/ui/staffroll/uil_staffroll_g.xml#34896,Artist Forum 千駄ヶ谷,Artist Forum 千驮谷,translated,text,c5d9afa7df,br=0 nl=0,
ui/ui/staffroll/uil_staffroll_g.xml#34971,レコーディングエンジニア,录音工程师,translated,text,dcee02fe85,br=0 nl=0,
ui/ui/staffroll/uil_staffroll_g.xml#35038,齊藤　弘二（TRIUMPH）,齐藤 弘二（TRIUMPH）,translated,text,601c4218f9,br=0 nl=0,
ui/ui/staffroll/uil_staffroll_g.xml#35110,坂　知学,坂 知学,translated,text,fb17ef159d,br=0 nl=0,
ui/ui/staffroll/uil_staffroll_g.xml#35172,ミキシングエンジニア,混音工程师,translated,text,b660dbc680,br=0 nl=0,
ui/ui/staffroll/uil_staffroll_g.xml#35237,坂　知学,坂 知学,translated,text,fb17ef159d,br=0 nl=0,
ui/ui/staffroll/uil_staffroll_g.xml#35362,レコーディングスタジオ,录音室,translated,text,b25eb16dcb,br=0 nl=0,
ui/ui/staffroll/uil_staffroll_g.xml#35500,レコーディングエンジニア,录音工程师,translated,text,dcee02fe85,br=0 nl=0,
ui/ui/staffroll/uil_staffroll_g.xml#35567,迎谷　彰信,迎谷 彰信,translated,text,745993b75c,br=0 nl=0,
ui/ui/staffroll/uil_staffroll_g.xml#35630,ミキシングエンジニア,混音工程师,translated,text,b660dbc680,br=0 nl=0,
ui/ui/staffroll/uil_staffroll_g.xml#35695,弘田　佳孝,弘田 佳孝,translated,text,5b1c2fd00d,br=0 nl=0,
ui/ui/staffroll/uil_staffroll_g.xml#35821,音楽制作,音乐制作,translated,text,fd03f88e87,br=0 nl=0,
ui/ui/staffroll/uil_staffroll_g.xml#35948,レコーディングスタジオ,录音室,translated,text,b25eb16dcb,br=0 nl=0,
ui/ui/staffroll/uil_staffroll_g.xml#36085,レコーディングエンジニア,录音工程师,translated,text,dcee02fe85,br=0 nl=0,
ui/ui/staffroll/uil_staffroll_g.xml#36152,由田　直也,由田 直也,translated,text,12cf5ea73b,br=0 nl=0,
ui/ui/staffroll/uil_staffroll_g.xml#36215,ミキシングエンジニア,混音工程师,translated,text,b660dbc680,br=0 nl=0,
ui/ui/staffroll/uil_staffroll_g.xml#36280,坂　知学,坂 知学,translated,text,fb17ef159d,br=0 nl=0,
ui/ui/staffroll/uil_staffroll_g.xml#36405,レコーディングスタジオ,录音室,translated,text,b25eb16dcb,br=0 nl=0,
ui/ui/staffroll/uil_staffroll_g.xml#36543,レコーディングエンジニア,录音工程师,translated,text,dcee02fe85,br=0 nl=0,
ui/ui/staffroll/uil_staffroll_g.xml#36610,迎谷　彰信,迎谷 彰信,translated,text,745993b75c,br=0 nl=0,
ui/ui/staffroll/uil_staffroll_g.xml#36673,ミキシングエンジニア,混音工程师,translated,text,b660dbc680,br=0 nl=0,
ui/ui/staffroll/uil_staffroll_g.xml#36867,ミキシング,混音,translated,text,dd3c09920b,br=0 nl=0,
ui/ui/staffroll/uil_staffroll_g.xml#36927,土屋　暁,土屋 晓,translated,text,21998e95cc,br=0 nl=0,
ui/ui/staffroll/uil_staffroll_g.xml#36989,楽曲制作協力,乐曲制作协力,translated,text,72ede6daac,br=0 nl=0,
ui/ui/staffroll/uil_staffroll_g.xml#37054,株式会社フロンティアワークス,株式会社Frontier Works,translated,text,36d73077b6,br=0 nl=0,
ui/ui/staffroll/uil_staffroll_g.xml#37126,吉川　明,吉川 明,translated,text,2768ebf8a1,br=0 nl=0,
ui/ui/staffroll/uil_staffroll_g.xml#37188,小柳　豊,小柳 丰,translated,text,e59cd8c7b8,br=0 nl=0,
ui/ui/staffroll/uil_staffroll_g.xml#37381,田中　雅之,田中 雅之,translated,text,21736bbf23,br=0 nl=0,
ui/ui/staffroll/uil_staffroll_g.xml#37444,矢野　正明,矢野 正明,translated,text,78cf186a67,br=0 nl=0,
ui/ui/staffroll/uil_staffroll_g.xml#37507,谷川　雄紀,谷川 雄纪,translated,text,4f95b894a6,br=0 nl=0,
ui/ui/staffroll/uil_staffroll_g.xml#37570,髙橋　朝子,高桥 朝子,translated,text,77e6958b96,br=0 nl=0,
ui/ui/staffroll/uil_staffroll_g.xml#37633,本間　詩織,本间 诗织,translated,text,e70cd6c951,br=0 nl=0,
ui/ui/staffroll/uil_staffroll_g.xml#37696,佐々　梨花,佐佐 梨花,translated,text,030ff13e01,br=0 nl=0,
ui/ui/staffroll/uil_staffroll_g.xml#37759,生田　善子,生田 善子,translated,text,6a6fba474e,br=0 nl=0,
ui/ui/staffroll/uil_staffroll_g.xml#37822,松　　聖花,松 圣花,translated,text,ea05a4fd84,br=0 nl=0,
ui/ui/staffroll/uil_staffroll_g.xml#37885,音響,音效,translated,text,a94ecabc3c,br=0 nl=0,
ui/ui/staffroll/uil_staffroll_g.xml#37945,演出・キャスティング,演出・选角,translated,text,383d1bfa00,br=0 nl=0,
ui/ui/staffroll/uil_staffroll_g.xml#38010,関　智寛,关 智宽,translated,text,f1a5e773f2,br=0 nl=0,
ui/ui/staffroll/uil_staffroll_g.xml#38072,ミキサー,调音师,translated,text,61f92a39b5,br=0 nl=0,
ui/ui/staffroll/uil_staffroll_g.xml#38131,熊倉　亨,熊仓 亨,translated,text,509916c5a3,br=0 nl=0,
ui/ui/staffroll/uil_staffroll_g.xml#38193,音響制作,音效制作,translated,text,3ba07c72e1,br=0 nl=0,
ui/ui/staffroll/uil_staffroll_g.xml#38317,キャスティング協力,选角协力,translated,text,3c32e0140a,br=0 nl=0,
ui/ui/staffroll/uil_staffroll_g.xml#38381,松本　恵,松本 惠,translated,text,432387780b,br=0 nl=0,
ui/ui/staffroll/uil_staffroll_g.xml#38508,協力,协力,translated,text,1a054b3135,br=0 nl=0,
ui/ui/staffroll/uil_staffroll_g.xml#38569,(株)wizgeek,(株)wizgeek,translated,text,cd5a3764f1,br=0 nl=0,
ui/ui/staffroll/uil_staffroll_g.xml#38635,株式会社エクストリーム,株式会社Extreme,translated,text,98c9f61cf3,br=0 nl=0,
ui/ui/staffroll/uil_staffroll_g.xml#38702,株式会社ＣＲＩ・ミドルウェア,株式会社CRI Middleware,translated,text,ddfc365935,br=0 nl=0,
ui/ui/staffroll/uil_staffroll_g.xml#38840,株式会社千住工房,株式会社千住工房,translated,text,3de756af57,br=0 nl=0,
ui/ui/staffroll/uil_staffroll_g.xml#38973,株式会社FlightUNIT,株式会社FlightUNIT,translated,text,1da69201f4,br=0 nl=0,
ui/ui/staffroll/uil_staffroll_g.xml#39043,株式会社メテオライズ,株式会社Meteorise,translated,text,61cde65511,br=0 nl=0,
ui/ui/staffroll/uil_staffroll_g.xml#39109,株式会社フロンティアワークス,株式会社Frontier Works,translated,text,36d73077b6,br=0 nl=0,
ui/ui/staffroll/uil_staffroll_g.xml#39179,株式会社ポイントピクチャーズ,株式会社Point Pictures,translated,text,f8ac729aec,br=0 nl=0,
ui/ui/staffroll/uil_staffroll_g.xml#39249,ポールトゥウィン株式会社,株式会社Pole To Win,translated,text,cda47e17fb,br=0 nl=0,
ui/ui/staffroll/uil_staffroll_g.xml#39317,株式会社ロジスティックス,株式会社Logistics,translated,text,8ec59442f3,br=0 nl=0,
ui/ui/staffroll/uil_staffroll_g.xml#39385,株式会社プロダクション・アイジー,株式会社Production I.G,translated,text,84204edff3,br=0 nl=0,
ui/ui/staffroll/uil_staffroll_g.xml#39457,天津光栄特庫摩軟件有限公司,天津光荣特库摩软件有限公司,translated,text,8a7dbadc6f,br=0 nl=0,
ui/ui/staffroll/uil_staffroll_g.xml#39526,天津天匠動画科技有限公司,天津天匠动画科技有限公司,translated,text,14335be04d,br=0 nl=0,
ui/ui/staffroll/uil_staffroll_g.xml#39594,フォントワークス株式会社,Fontworks株式会社,translated,text,b1c83f97c7,br=0 nl=0,
ui/ui/staffroll/uil_staffroll_g.xml#39825,ディレクター,总监,translated,text,074ca740ff,br=0 nl=0,
ui/ui/staffroll/uil_staffroll_g.xml#39890,高野　雅文,高野 雅文,translated,text,e0f6ad1a3a,br=0 nl=0,
ui/ui/staffroll/uil_staffroll_g.xml#39953,開発プロデューサー,开发制作人,translated,text,763f21e64e,br=0 nl=0,
ui/ui/staffroll/uil_staffroll_g.xml#40021,細井  順三,细井 顺三,translated,text,014085680c,br=0 nl=0,
ui/ui/staffroll/uil_staffroll_g.xml#40085,総合プロデューサー,总制作人,translated,text,893701ac7c,br=0 nl=0,
ui/ui/staffroll/uil_staffroll_g.xml#40153,土屋  暁,土屋 晓,translated,text,dd0b0dada2,br=0 nl=0,
ui/ui/staffroll/uil_staffroll_g.xml#40216,エグゼクティブプロデューサー,执行制作人,translated,text,5e38e342d6,br=0 nl=0,
ui/ui/staffroll/uil_staffroll_g.xml#40289,鯉沼 久史,鲤沼 久史,translated,text,04514697bf,br=0 nl=0,
ui/ui/staffroll/uil_staffroll_g.xml#40352,製作,制作,translated,text,53c6bc4ef7,br=0 nl=0,
ui/ui/staffroll/uil_staffroll_g.xml#40413,株式会社コーエーテクモゲームス,株式会社光荣特库摩游戏,translated,text,be816b716d,br=0 nl=0,
ui/ui/staffroll/uil_staffroll_h.xml#1243,歌姫,歌姬,translated,text,acdbfe60f4,br=0 nl=0,
ui/ui/staffroll/uil_staffroll_h.xml#1300,志方　あきこ,志方 晶子,translated,text,05f122732c,br=0 nl=0,
ui/ui/staffroll/uil_staffroll_h.xml#1361,城　南海,城 南海,translated,text,0326f175b4,br=0 nl=0,
ui/ui/staffroll/uil_staffroll_h.xml#1420,霜月　はるか,霜月 遥,translated,text,4fa4ca5550,br=0 nl=0,
ui/ui/staffroll/uil_staffroll_h.xml#1482,みとせ　のりこ,水户濑 纪子,translated,text,b870526ad2,br=0 nl=0,
ui/ui/staffroll/uil_staffroll_h.xml#1606,イオン,依恩,translated,text,90d4718c90,br=0 nl=0,
ui/ui/staffroll/uil_staffroll_h.xml#1662,加隈　亜衣,加隈 亚衣,translated,text,d9fe60a2ce,br=0 nl=0,
ui/ui/staffroll/uil_staffroll_h.xml#1723,ネイ,妮伊,translated,text,dd82b752f9,br=0 nl=0,
ui/ui/staffroll/uil_staffroll_h.xml#1778,内田　真礼,内田 真礼,translated,text,664833d0bc,br=0 nl=0,
ui/ui/staffroll/uil_staffroll_h.xml#1839,サーリ,莎丽,translated,text,8a6ca8f186,br=0 nl=0,
ui/ui/staffroll/uil_staffroll_h.xml#1895,志村　由美,志村 由美,translated,text,d17ffb7a1f,br=0 nl=0,
ui/ui/staffroll/uil_staffroll_h.xml#1956,クラケット,库拉肯特,translated,text,b470c4a07c,br=0 nl=0,
ui/ui/staffroll/uil_staffroll_h.xml#2014,ふくまつ　進紗,福松 进纱,translated,text,b85b2c53ae,br=0 nl=0,
ui/ui/staffroll/uil_staffroll_h.xml#2077,レナルル,蕾娜露露,translated,text,b73a299dee,br=0 nl=0,
ui/ui/staffroll/uil_staffroll_h.xml#2134,大地　葉,大地 叶,translated,text,58928f7243,br=0 nl=0,
ui/ui/staffroll/uil_staffroll_h.xml#2194,ジル,吉鲁,translated,text,56d6edb965,br=0 nl=0,
ui/ui/staffroll/uil_staffroll_h.xml#2249,川崎　芽衣子,川崎 芽衣子,translated,text,7ef2b5d765,br=0 nl=0,
ui/ui/staffroll/uil_staffroll_h.xml#2311,ネロ,妮诺,translated,text,5ab7665c85,br=0 nl=0,
ui/ui/staffroll/uil_staffroll_h.xml#2366,東城　日沙子,东城 日沙子,translated,text,0b4dc6cafb,br=0 nl=0,
ui/ui/staffroll/uil_staffroll_h.xml#2428,ルウレイ,鲁雷,translated,text,7b893749e6,br=0 nl=0,
ui/ui/staffroll/uil_staffroll_h.xml#2485,神田　みか,神田 美香,translated,text,3462d5a984,br=0 nl=0,
ui/ui/staffroll/uil_staffroll_h.xml#2546,ねりこ,妮莉库,translated,text,89b50863af,br=0 nl=0,
ui/ui/staffroll/uil_staffroll_h.xml#2662,テレフンケン,泰雷芬肯,translated,text,ce98c0f0ab,br=0 nl=0,
ui/ui/staffroll/uil_staffroll_h.xml#2721,阿久津　加菜,阿久津 加菜,translated,text,49781c7816,br=0 nl=0,
ui/ui/staffroll/uil_staffroll_h.xml#2783,シャール,夏尔,translated,text,aba0da7de3,br=0 nl=0,
ui/ui/staffroll/uil_staffroll_h.xml#2840,辻　あゆみ ,辻 步美,translated,text,bdb6c8034b,br=0 nl=0,
ui/ui/staffroll/uil_staffroll_h.xml#2902,臼木　健士朗,臼木 健士朗,translated,text,1090fff2d5,br=0 nl=0,
ui/ui/staffroll/uil_staffroll_h.xml#2964,河西　健吾,河西 健吾,translated,text,6aea4e166f,br=0 nl=0,
ui/ui/staffroll/uil_staffroll_h.xml#3025,菊地　達弘,菊地 达弘,translated,text,3025c92e77,br=0 nl=0,
ui/ui/staffroll/uil_staffroll_h.xml#3086,森山　和輝,森山 和辉,translated,text,9d24ae6a64,br=0 nl=0,
ui/ui/staffroll/uil_staffroll_h.xml#3147,桑原　由気,桑原 由气,translated,text,1346d1326a,br=0 nl=0,
ui/ui/staffroll/uil_staffroll_h.xml#3208,高野　麻里佳,高野 麻里佳,translated,text,0f9a1e2847,br=0 nl=0,
ui/ui/staffroll/uil_staffroll_h.xml#3270,佐藤　あずさ,佐藤 梓,translated,text,394e612528,br=0 nl=0,
ui/ui/staffroll/uil_staffroll_h.xml#3332,辻　あゆみ ,辻 步美,translated,text,bdb6c8034b,br=0 nl=0,
ui/ui/staffroll/uil_staffroll_h.xml#3472,プランナーズセクション,策划部门,translated,text,0d32843cb5,br=0 nl=0,
ui/ui/staffroll/uil_staffroll_h.xml#3541,赤本　憲一,赤本 宪一,translated,text,ad611cf688,br=0 nl=0,
ui/ui/staffroll/uil_staffroll_h.xml#3603,梅田　雅武,梅田 雅武,translated,text,bcb88320ab,br=0 nl=0,
ui/ui/staffroll/uil_staffroll_h.xml#3665,村岡　剛弥,村冈 刚弥,translated,text,0e75a921bc,br=0 nl=0,
ui/ui/staffroll/uil_staffroll_h.xml#3727,加藤　周太,加藤 周太,translated,text,ddca2f6427,br=0 nl=0,
ui/ui/staffroll/uil_staffroll_h.xml#3789,松岡　大樹,松冈 大树,translated,text,d372601979,br=0 nl=0,
ui/ui/staffroll/uil_staffroll_h.xml#3851,田中　俊明,田中 俊明,translated,text,1d00fedc6b,br=0 nl=0,
ui/ui/staffroll/uil_staffroll_h.xml#3913,本田　響己,本田 响己,translated,text,dc0235233e,br=0 nl=0,
ui/ui/staffroll/uil_staffroll_h.xml#3975,プログラマーズセクション,程序员部门,translated,text,44c735ef17,br=0 nl=0,
ui/ui/staffroll/uil_staffroll_h.xml#4045,髙山　雅俊,高山 雅俊,translated,text,2b05fc035d,br=0 nl=0,
ui/ui/staffroll/uil_staffroll_h.xml#4107,金澤　佑介,金泽 佑介,translated,text,2038649a07,br=0 nl=0,
ui/ui/staffroll/uil_staffroll_h.xml#4169,山之口　操,山之口 操,translated,text,b0122ef9d0,br=0 nl=0,
ui/ui/staffroll/uil_staffroll_h.xml#4231,大田　尚明,大田 尚明,translated,text,74d4e53ec8,br=0 nl=0,
ui/ui/staffroll/uil_staffroll_h.xml#4293,難波　亮,难波 亮,translated,text,9377b6d3a4,br=0 nl=0,
ui/ui/staffroll/uil_staffroll_h.xml#4354,臼田　亜斗務,臼田 亚斗务,translated,text,020f1a7e76,br=0 nl=0,
ui/ui/staffroll/uil_staffroll_h.xml#4417,桂山　豪,桂山 豪,translated,text,1c84ff1e78,br=0 nl=0,
ui/ui/staffroll/uil_staffroll_h.xml#4478,佐藤　和也,佐藤 和也,translated,text,30834084ba,br=0 nl=0,
ui/ui/staffroll/uil_staffroll_h.xml#4540,山﨑　康平,山崎 康平,translated,text,ffb250d30a,br=0 nl=0,
ui/ui/staffroll/uil_staffroll_h.xml#4602,山下　真心,山下 真心,translated,text,61f5e37636,br=0 nl=0,
ui/ui/staffroll/uil_staffroll_h.xml#4664,デザイナーズセクション,设计师部门,translated,text,4ec447bf85,br=0 nl=0,
ui/ui/staffroll/uil_staffroll_h.xml#4733,CGディレクター,CG总监,translated,text,13d644da31,br=0 nl=0,
ui/ui/staffroll/uil_staffroll_h.xml#4795,岩瀬　智至,岩濑 智至,translated,text,e639b9e580,br=0 nl=0,
ui/ui/staffroll/uil_staffroll_h.xml#4857,キャラクターモデル,角色模型,translated,text,847a6758ec,br=0 nl=0,
ui/ui/staffroll/uil_staffroll_h.xml#4920,鈴木　康浩,铃木 康浩,translated,text,4ba488d04a,br=0 nl=0,
ui/ui/staffroll/uil_staffroll_h.xml#4982,早﨑　七海,早崎 七海,translated,text,1f6d7c33b0,br=0 nl=0,
ui/ui/staffroll/uil_staffroll_h.xml#5044,背景モデル,背景模型,translated,text,54bea4a2cc,br=0 nl=0,
ui/ui/staffroll/uil_staffroll_h.xml#5103,飯島　理恵,饭岛 理惠,translated,text,deda665c29,br=0 nl=0,
ui/ui/staffroll/uil_staffroll_h.xml#5165,インターフェースデザイン,界面设计,translated,text,c1c661b0bb,br=0 nl=0,
ui/ui/staffroll/uil_staffroll_h.xml#5231,馬場　博美,马场 博美,translated,text,2c333deaa0,br=0 nl=0,
ui/ui/staffroll/uil_staffroll_h.xml#5573,映像編集,影像编辑,translated,text,2bb223e3c0,br=0 nl=0,
ui/ui/staffroll/uil_staffroll_h.xml#5631,有馬　真作,有马 真作,translated,text,e32c2634a1,br=0 nl=0,
ui/ui/staffroll/uil_staffroll_h.xml#5693,斉藤　康信,齐藤 康信,translated,text,70a94fe358,br=0 nl=0,
ui/ui/staffroll/uil_staffroll_h.xml#5755,CG制作管理,CG制作管理,translated,text,4ea12195e3,br=0 nl=0,
ui/ui/staffroll/uil_staffroll_h.xml#5815,江川　弥寿生,江川 弥寿生,translated,text,f368d66cf7,br=0 nl=0,
ui/ui/staffroll/uil_staffroll_h.xml#5878,サウンドセクション,音效部门,translated,text,f692631407,br=0 nl=0,
ui/ui/staffroll/uil_staffroll_h.xml#5945,サウンドディレクター,音效总监,translated,text,87caf5e3c1,br=0 nl=0,
ui/ui/staffroll/uil_staffroll_h.xml#6009,高橋 洋明,高桥 洋明,translated,text,7d715a66f1,br=0 nl=0,
ui/ui/staffroll/uil_staffroll_h.xml#6071,天津光栄特庫摩軟件有限公司,天津光荣特库摩软件有限公司,translated,text,8a7dbadc6f,br=0 nl=0,
ui/ui/staffroll/uil_staffroll_h.xml#6142,デベロップメントマネージャー,开发经理,translated,text,a3540a5b0b,br=0 nl=0,
ui/ui/staffroll/uil_staffroll_h.xml#6210,安　曄,安 晔,translated,text,4b7cd118fa,br=0 nl=0,
ui/ui/staffroll/uil_staffroll_h.xml#6270,陳　皓,陈 皓,translated,text,dc3efeabc9,br=0 nl=0,
ui/ui/staffroll/uil_staffroll_h.xml#6330,プログラマー,程序员,translated,text,00a1706077,br=0 nl=0,
ui/ui/staffroll/uil_staffroll_h.xml#6390,岳　凱,岳 凯,translated,text,632d70a250,br=0 nl=0,
ui/ui/staffroll/uil_staffroll_h.xml#6450,陳　永飛,陈 永飞,translated,text,d262704611,br=0 nl=0,
ui/ui/staffroll/uil_staffroll_h.xml#6511,王　岩,王 岩,translated,text,55dc179b66,br=0 nl=0,
ui/ui/staffroll/uil_staffroll_h.xml#6571,孫　家琛,孙 家琛,translated,text,685b83afc1,br=0 nl=0,
ui/ui/staffroll/uil_staffroll_h.xml#6632,程　青舟,程 青舟,translated,text,27beff94b3,br=0 nl=0,
ui/ui/staffroll/uil_staffroll_h.xml#6693,劉　唯揚,刘 唯扬,translated,text,c2911ed2d9,br=0 nl=0,
ui/ui/staffroll/uil_staffroll_h.xml#6754,張　昊,张 昊,translated,text,275df0df5e,br=0 nl=0,
ui/ui/staffroll/uil_staffroll_h.xml#6814,デザイナー,设计师,translated,text,ed058a1ab0,br=0 nl=0,
ui/ui/staffroll/uil_staffroll_h.xml#6873,田　雪嬌,田 雪娇,translated,text,a11cdcd193,br=0 nl=0,
ui/ui/staffroll/uil_staffroll_h.xml#6934,広報,宣传,translated,text,6746eee8d6,br=0 nl=0,
ui/ui/staffroll/uil_staffroll_h.xml#6994,PRマーケティング,公关营销,translated,text,954a61299a,br=0 nl=0,
ui/ui/staffroll/uil_staffroll_h.xml#7057,吉川　真人,吉川 真人,translated,text,8a2ba50898,br=0 nl=0,
ui/ui/staffroll/uil_staffroll_h.xml#7119,水上　冴理,水上 冴理,translated,text,e4f4fa1d6a,br=0 nl=0,
ui/ui/staffroll/uil_staffroll_h.xml#7181,ソフトウェアマニュアル,软件手册,translated,text,9b5617111b,br=0 nl=0,
ui/ui/staffroll/uil_staffroll_h.xml#7250,加藤　雅大,加藤 雅大,translated,text,91bf91643d,br=0 nl=0,
ui/ui/staffroll/uil_staffroll_h.xml#7312,辻　槙人,辻 槙人,translated,text,c1cb4f06f8,br=0 nl=0,
ui/ui/staffroll/uil_staffroll_h.xml#7373,QAスタッフ,QA人员,translated,text,36ff45b240,br=0 nl=0,
ui/ui/staffroll/uil_staffroll_h.xml#7437,長谷川　茂,长谷川 茂,translated,text,3814329436,br=0 nl=0,
ui/ui/staffroll/uil_staffroll_h.xml#7499,キャラクターデザイン,角色设计,translated,text,34ac32a91f,br=0 nl=0,
ui/ui/staffroll/uil_staffroll_h.xml#7567,キャラクターイラスト,角色插画,translated,text,8ffb0bbffd,br=0 nl=0,
ui/ui/staffroll/uil_staffroll_h.xml#7696,パッケージイラスト,包装插画,translated,text,11036680bc,br=0 nl=0,
ui/ui/staffroll/uil_staffroll_h.xml#7763,フブキ,吹雪,translated,text,40f5527db7,br=0 nl=0,
ui/ui/staffroll/uil_staffroll_h.xml#7823,ワールドデザイン,世界设定设计,translated,text,a0094128c7,br=0 nl=0,
ui/ui/staffroll/uil_staffroll_h.xml#7889,松本　秀幸,松本 秀幸,translated,text,cac6e320dc,br=0 nl=0,
ui/ui/staffroll/uil_staffroll_h.xml#8012,コスチュームデザイン,服装设计,translated,text,b483d19059,br=0 nl=0,
ui/ui/staffroll/uil_staffroll_h.xml#8141,川松　由典,川松 由典,translated,text,654827f5ab,br=0 nl=0,
ui/ui/staffroll/uil_staffroll_h.xml#8203,桑田　ヤスヒロ,桑田 康弘,translated,text,6dec656f3b,br=0 nl=0,
ui/ui/staffroll/uil_staffroll_h.xml#8267,燕藤　ユウ,燕藤 悠,translated,text,8c84789206,br=0 nl=0,
ui/ui/staffroll/uil_staffroll_h.xml#8329,タスクテロップ・SDキャラデザイン,任务字幕・Q版角色设计,translated,text,158e93640f,br=0 nl=0,
ui/ui/staffroll/uil_staffroll_h.xml#8404,芹沢えのの,芹泽 Enono,translated,text,607d0edcc0,br=0 nl=0,
ui/ui/staffroll/uil_staffroll_h.xml#8466,シナリオ・脚本,剧本・脚本,translated,text,5b884ebd35,br=0 nl=0,
ui/ui/staffroll/uil_staffroll_h.xml#8531,夢セカイパート,梦世界部分,translated,text,aea66df668,br=0 nl=0,
ui/ui/staffroll/uil_staffroll_h.xml#8595,脚本,剧本,translated,text,7fbccbeb8a,br=0 nl=0,
ui/ui/staffroll/uil_staffroll_h.xml#8651,和泉　亮,和泉 亮,translated,text,eafef1a497,br=0 nl=0,
ui/ui/staffroll/uil_staffroll_h.xml#8712,花野　十三,花野 十三,translated,text,9990db3f0b,br=0 nl=0,
ui/ui/staffroll/uil_staffroll_h.xml#8774,谷村　大四郎,谷村 大四郎,translated,text,40c336b78f,br=0 nl=0,
ui/ui/staffroll/uil_staffroll_h.xml#8907,デザイン・モデリング・アニメーション,设计・建模・动画,translated,text,38967eaa41,br=0 nl=0,
ui/ui/staffroll/uil_staffroll_h.xml#8983,株式会社FlightUNIT,株式会社FlightUNIT,translated,text,1da69201f4,br=0 nl=0,
ui/ui/staffroll/uil_staffroll_h.xml#9054,キャラクターデザイン,角色设计,translated,text,34ac32a91f,br=0 nl=0,
ui/ui/staffroll/uil_staffroll_h.xml#9179,キャラクターモデリング,角色建模,translated,text,8148a92946,br=0 nl=0,
ui/ui/staffroll/uil_staffroll_h.xml#9244,桑田　まり子,桑田 真理子,translated,text,9a7ef2f3de,br=0 nl=0,
ui/ui/staffroll/uil_staffroll_h.xml#9307,川松　由典,川松 由典,translated,text,654827f5ab,br=0 nl=0,
ui/ui/staffroll/uil_staffroll_h.xml#9369,ワールドモデリング,世界建模,translated,text,8443ae1813,br=0 nl=0,
ui/ui/staffroll/uil_staffroll_h.xml#9493,川松　由典,川松 由典,translated,text,654827f5ab,br=0 nl=0,
ui/ui/staffroll/uil_staffroll_h.xml#9555,シャールデザイン,夏尔设计,translated,text,9d9cefacba,br=0 nl=0,
ui/ui/staffroll/uil_staffroll_h.xml#9678,川松　由典,川松 由典,translated,text,654827f5ab,br=0 nl=0,
ui/ui/staffroll/uil_staffroll_h.xml#9740,シャールモデリング,夏尔建模,translated,text,9e768da080,br=0 nl=0,
ui/ui/staffroll/uil_staffroll_h.xml#9803,川松　由典,川松 由典,translated,text,654827f5ab,br=0 nl=0,
ui/ui/staffroll/uil_staffroll_h.xml#9865,キャラクターアニメーション,角色动画,translated,text,6245f96f88,br=0 nl=0,
ui/ui/staffroll/uil_staffroll_h.xml#9932,山口　力哉,山口 力哉,translated,text,9db200242b,br=0 nl=0,
ui/ui/staffroll/uil_staffroll_h.xml#9994,テクニカルエンジニア,技术工程师,translated,text,1f8b0ef79d,br=0 nl=0,
ui/ui/staffroll/uil_staffroll_h.xml#10058,乱道,乱道,translated,text,afcfc8f99b,br=0 nl=0,
ui/ui/staffroll/uil_staffroll_h.xml#10117,大坪　俊介,大坪 俊介,translated,text,e4a7f6282a,br=0 nl=0,
ui/ui/staffroll/uil_staffroll_h.xml#10179,キャラクターセットアップ,角色装配,translated,text,2d9c1a161a,br=0 nl=0,
ui/ui/staffroll/uil_staffroll_h.xml#10245,大坪　俊介,大坪 俊介,translated,text,e4a7f6282a,br=0 nl=0,
ui/ui/staffroll/uil_staffroll_h.xml#10307,川松　由典,川松 由典,translated,text,654827f5ab,br=0 nl=0,
ui/ui/staffroll/uil_staffroll_h.xml#10369,マネジメント,管理,translated,text,644f6dd8a3,br=0 nl=0,
ui/ui/staffroll/uil_staffroll_h.xml#10429,松本　浩幸,松本 浩幸,translated,text,31c3a3098b,br=0 nl=0,
ui/ui/staffroll/uil_staffroll_h.xml#10491,背景描画,背景绘制,translated,text,7c693fd5dd,br=0 nl=0,
ui/ui/staffroll/uil_staffroll_h.xml#10553,松本　秀幸,松本 秀幸,translated,text,cac6e320dc,br=0 nl=0,
ui/ui/staffroll/uil_staffroll_h.xml#10615,藤野　健,藤野 健,translated,text,c8f847de19,br=0 nl=0,
ui/ui/staffroll/uil_staffroll_h.xml#10676,(千住工房),(千住工房),translated,text,72db564c31,br=0 nl=0,
ui/ui/staffroll/uil_staffroll_h.xml#10739,ムービー制作,影像制作,translated,text,76380644cd,br=0 nl=0,
ui/ui/staffroll/uil_staffroll_h.xml#10803,演出,演出,translated,text,7084a5c4b4,br=0 nl=0,
ui/ui/staffroll/uil_staffroll_h.xml#10859,蜂屋　雅幸,蜂屋 雅幸,translated,text,bacd8a88e9,br=0 nl=0,
ui/ui/staffroll/uil_staffroll_h.xml#10921,制作協力,制作协力,translated,text,06c1dc4d63,br=0 nl=0,
ui/ui/staffroll/uil_staffroll_h.xml#11040,背景,背景,translated,text,b13d33a528,br=0 nl=0,
ui/ui/staffroll/uil_staffroll_h.xml#11096,藤野　健,藤野 健,translated,text,c8f847de19,br=0 nl=0,
ui/ui/staffroll/uil_staffroll_h.xml#11157,(千住工房),(千住工房),translated,text,72db564c31,br=0 nl=0,
ui/ui/staffroll/uil_staffroll_h.xml#11276,蜂屋　雅幸,蜂屋 雅幸,translated,text,bacd8a88e9,br=0 nl=0,
ui/ui/staffroll/uil_staffroll_h.xml#11338,嘉藤　公紀,嘉藤 公纪,translated,text,b11bc7bcd0,br=0 nl=0,
ui/ui/staffroll/uil_staffroll_h.xml#11400,デザイン・グラフィック,设计・平面,translated,text,9c670269cd,br=0 nl=0,
ui/ui/staffroll/uil_staffroll_h.xml#11465,村澤　晴海,村泽 晴海,translated,text,ccc3eb0e5b,br=0 nl=0,
ui/ui/staffroll/uil_staffroll_h.xml#11527,目黒　久美子,目黑 久美子,translated,text,e42a1e5bcf,br=0 nl=0,
ui/ui/staffroll/uil_staffroll_h.xml#11590,制作進行管理,制作进度管理,translated,text,fce087be8d,br=0 nl=0,
ui/ui/staffroll/uil_staffroll_h.xml#11650,高橋　真,高桥 真,translated,text,0418a4adc3,br=0 nl=0,
ui/ui/staffroll/uil_staffroll_h.xml#11711,キャラクターアニメーション,角色动画,translated,text,6245f96f88,br=0 nl=0,
ui/ui/staffroll/uil_staffroll_h.xml#11778,山口　力哉,山口 力哉,translated,text,9db200242b,br=0 nl=0,
ui/ui/staffroll/uil_staffroll_h.xml#11840,大法要祝詞,大法要祝词,translated,text,de34d54786,br=0 nl=0,
ui/ui/staffroll/uil_staffroll_h.xml#11903,協力,协力,translated,text,1a054b3135,br=0 nl=0,
ui/ui/staffroll/uil_staffroll_h.xml#12028,バックグラウンドミュージック,背景音乐,translated,text,a5e60b8440,br=0 nl=0,
ui/ui/staffroll/uil_staffroll_h.xml#12100,コンポーザー,作曲家,translated,text,259843924f,br=0 nl=0,
ui/ui/staffroll/uil_staffroll_h.xml#12160,志方　あきこ,志方 晶子,translated,text,05f122732c,br=0 nl=0,
ui/ui/staffroll/uil_staffroll_h.xml#12429,音響,音效,translated,text,a94ecabc3c,br=0 nl=0,
ui/ui/staffroll/uil_staffroll_h.xml#12489,音響監督,音效总监,translated,text,e4bfb6b35d,br=0 nl=0,
ui/ui/staffroll/uil_staffroll_h.xml#12547,納谷　僚介,纳谷 僚介,translated,text,d0a88d7501,br=0 nl=0,
ui/ui/staffroll/uil_staffroll_h.xml#12609,録音調整,录音调整,translated,text,bdaaaa1218,br=0 nl=0,
ui/ui/staffroll/uil_staffroll_h.xml#12667,田中　直也,田中 直也,translated,text,a61c475fb5,br=0 nl=0,
ui/ui/staffroll/uil_staffroll_h.xml#12729,録音助手,录音助手,translated,text,2cd5fceb80,br=0 nl=0,
ui/ui/staffroll/uil_staffroll_h.xml#12787,三田　颯,三田 飒,translated,text,36385611f0,br=0 nl=0,
ui/ui/staffroll/uil_staffroll_h.xml#12848,道下　彩,道下 彩,translated,text,d5f8dc474d,br=0 nl=0,
ui/ui/staffroll/uil_staffroll_h.xml#12909,宮林　良太,宫林 良太,translated,text,0f70c3cd9a,br=0 nl=0,
ui/ui/staffroll/uil_staffroll_h.xml#12971,音響制作,音效制作,translated,text,3ba07c72e1,br=0 nl=0,
ui/ui/staffroll/uil_staffroll_h.xml#13098,音声編集,音频编辑,translated,text,e38d80f3d6,br=0 nl=0,
ui/ui/staffroll/uil_staffroll_h.xml#13160,株式会社ブレイブハーツ,株式会社Brave Hearts,translated,text,e92fbd661d,br=0 nl=0,
ui/ui/staffroll/uil_staffroll_h.xml#13228,デバッグ,调试,translated,text,93640dad3a,br=0 nl=0,
ui/ui/staffroll/uil_staffroll_h.xml#13290,ポールトゥウィン株式会社,株式会社Pole To Win,translated,text,cda47e17fb,br=0 nl=0,
ui/ui/staffroll/uil_staffroll_h.xml#13359,三田村　理史,三田村 理史,translated,text,471a7652f7,br=0 nl=0,
ui/ui/staffroll/uil_staffroll_h.xml#13422,山崎　乙,山崎 乙,translated,text,8f70623b22,br=0 nl=0,
ui/ui/staffroll/uil_staffroll_h.xml#13483,牧　睦美,牧 睦美,translated,text,36499eaf9d,br=0 nl=0,
ui/ui/staffroll/uil_staffroll_h.xml#13544,木村　知生,木村 知生,translated,text,f4f07268a4,br=0 nl=0,
ui/ui/staffroll/uil_staffroll_h.xml#13606,宮下　廣大,宫下 广大,translated,text,4c64af3cd0,br=0 nl=0,
ui/ui/staffroll/uil_staffroll_h.xml#13668,【シェルノサージュ・ゲームパート】,【Ciel nosurge游戏部分】,translated,text,9248244bef,br=0 nl=0,
ui/ui/staffroll/uil_staffroll_h.xml#13743,ワールドイラスト,世界插画,translated,text,5cd301b8d2,br=0 nl=0,
ui/ui/staffroll/uil_staffroll_h.xml#13809,松本　秀幸,松本 秀幸,translated,text,cac6e320dc,br=0 nl=0,
ui/ui/staffroll/uil_staffroll_h.xml#13871,加藤　たいら,加藤 泰良,translated,text,06ffb04cd0,br=0 nl=0,
ui/ui/staffroll/uil_staffroll_h.xml#13934,株式会社千住工房,株式会社千住工房,translated,text,3de756af57,br=0 nl=0,
ui/ui/staffroll/uil_staffroll_h.xml#13999,杉本　あゆみ,杉本 亚由美,translated,text,0cc43ca50f,br=0 nl=0,
ui/ui/staffroll/uil_staffroll_h.xml#14062,小林　雅代,小林 雅代,translated,text,b0113f997a,br=0 nl=0,
ui/ui/staffroll/uil_staffroll_h.xml#14124,藤野　健,藤野 健,translated,text,c8f847de19,br=0 nl=0,
ui/ui/staffroll/uil_staffroll_h.xml#14185,山梨　彩子,山梨 彩子,translated,text,b952ec77ac,br=0 nl=0,
ui/ui/staffroll/uil_staffroll_h.xml#14247,株式会社ロジスティックス,株式会社Logistics,translated,text,8ec59442f3,br=0 nl=0,
ui/ui/staffroll/uil_staffroll_h.xml#14316,チーム・ティルドーン,Team TillDawn,translated,text,20dce76a53,br=0 nl=0,
ui/ui/staffroll/uil_staffroll_h.xml#14380,宮越　歩,宫越 步,translated,text,fe37f2f67e,br=0 nl=0,
ui/ui/staffroll/uil_staffroll_h.xml#14441,川松　由典,川松 由典,translated,text,654827f5ab,br=0 nl=0,
ui/ui/staffroll/uil_staffroll_h.xml#14503,シナリオライターセクション,编剧部门,translated,text,a1348aacfb,br=0 nl=0,
ui/ui/staffroll/uil_staffroll_h.xml#14574,夢セカイパート,梦世界部分,translated,text,aea66df668,br=0 nl=0,
ui/ui/staffroll/uil_staffroll_h.xml#14638,脚本,剧本,translated,text,7fbccbeb8a,br=0 nl=0,
ui/ui/staffroll/uil_staffroll_h.xml#14694,谷村　大四郎,谷村 大四郎,translated,text,40c336b78f,br=0 nl=0,
ui/ui/staffroll/uil_staffroll_h.xml#14826,花野　十三 ,花野 十三,translated,text,ec9f16e629,br=0 nl=0,
ui/ui/staffroll/uil_staffroll_h.xml#14951,和泉　亮 ,和泉 亮,translated,text,64981930da,br=0 nl=0,
ui/ui/staffroll/uil_staffroll_h.xml#15076,デザイナーズセクション,设计师部门,translated,text,4ec447bf85,br=0 nl=0,
ui/ui/staffroll/uil_staffroll_h.xml#15145,アイテムCG作成,道具CG制作,translated,text,4959dedafc,br=0 nl=0,
ui/ui/staffroll/uil_staffroll_h.xml#15207,小瀬　希,小濑 希,translated,text,31c8eb4891,br=0 nl=0,
ui/ui/staffroll/uil_staffroll_h.xml#15268,プログラマーズセクション,程序员部门,translated,text,44c735ef17,br=0 nl=0,
ui/ui/staffroll/uil_staffroll_h.xml#15338,【オフライン版制作】,【单机版制作】,translated,text,03d64cac73,br=0 nl=0,
ui/ui/staffroll/uil_staffroll_h.xml#15405,株式会社メテオライズ,株式会社Meteorise,translated,text,61cde65511,br=0 nl=0,
ui/ui/staffroll/uil_staffroll_h.xml#15472,デベロップメントマネージャー,开发经理,translated,text,a3540a5b0b,br=0 nl=0,
ui/ui/staffroll/uil_staffroll_h.xml#15540,渡邉　幸二,渡边 幸二,translated,text,a836876d7e,br=0 nl=0,
ui/ui/staffroll/uil_staffroll_h.xml#15602,リードプログラマー,主程序员,translated,text,9229f02856,br=0 nl=0,
ui/ui/staffroll/uil_staffroll_h.xml#15665,山本　哲也,山本 哲也,translated,text,3f4c63e01f,br=0 nl=0,
ui/ui/staffroll/uil_staffroll_h.xml#15727,新井　朗,新井 朗,translated,text,90f9b443bf,br=0 nl=0,
ui/ui/staffroll/uil_staffroll_h.xml#15788,井出　純平,井出 纯平,translated,text,539eef3cdb,br=0 nl=0,
ui/ui/staffroll/uil_staffroll_h.xml#15850,堀川　雄大,堀川 雄大,translated,text,0427e75ecf,br=0 nl=0,
ui/ui/staffroll/uil_staffroll_h.xml#15912,株式会社メテオライズ,株式会社Meteorise,translated,text,61cde65511,br=0 nl=0,
ui/ui/staffroll/uil_staffroll_h.xml#15979,HTTP ネットワーク モジュール,HTTP网络模块,translated,text,700b00a437,br=0 nl=0,
ui/ui/staffroll/uil_staffroll_h.xml#16050,渡邉　幸二,渡边 幸二,translated,text,a836876d7e,br=0 nl=0,
ui/ui/staffroll/uil_staffroll_h.xml#16112,シャール システム,夏尔系统,translated,text,3000840e0e,br=0 nl=0,
ui/ui/staffroll/uil_staffroll_h.xml#16175,山本　哲也,山本 哲也,translated,text,3f4c63e01f,br=0 nl=0,
ui/ui/staffroll/uil_staffroll_h.xml#16237,株式会社エクストリーム,株式会社Extreme,translated,text,98c9f61cf3,br=0 nl=0,
ui/ui/staffroll/uil_staffroll_h.xml#16305,プログラムサポート,程序支援,translated,text,26d10aad29,br=0 nl=0,
ui/ui/staffroll/uil_staffroll_h.xml#16368,加津間　聡,加津间 聪,translated,text,0781ac921c,br=0 nl=0,
ui/ui/staffroll/uil_staffroll_h.xml#16430,青木　一也,青木 一也,translated,text,c83b05964d,br=0 nl=0,
ui/ui/staffroll/uil_staffroll_h.xml#16492,ネットワークセクション,网络部门,translated,text,4e67a84cd1,br=0 nl=0,
ui/ui/staffroll/uil_staffroll_h.xml#16631,ウェブエンジニア,网页工程师,translated,text,6cb6815dad,br=0 nl=0,
ui/ui/staffroll/uil_staffroll_h.xml#16693,三島　功,三岛 功,translated,text,5b8e07376e,br=0 nl=0,
ui/ui/staffroll/uil_staffroll_h.xml#16754,(株)wizgeek,(株)wizgeek,translated,text,cd5a3764f1,br=0 nl=0,
ui/ui/staffroll/uil_staffroll_h.xml#16821,ウェブオペレーション,网页运维,translated,text,0299d42ed3,br=0 nl=0,
ui/ui/staffroll/uil_staffroll_h.xml#16885,仲田　享司,仲田 享司,translated,text,2a82ae3f5e,br=0 nl=0,
ui/ui/staffroll/uil_staffroll_h.xml#16947,３Ｄモデル＆モーション,3D模型与动作,translated,text,cfca7f34e9,br=0 nl=0,
ui/ui/staffroll/uil_staffroll_h.xml#17016,株式会社FlightUNIT,株式会社FlightUNIT,translated,text,1da69201f4,br=0 nl=0,
ui/ui/staffroll/uil_staffroll_h.xml#17087,アートディレクター,艺术总监,translated,text,c34e651c44,br=0 nl=0,
ui/ui/staffroll/uil_staffroll_h.xml#17211,メイン3Dモデリング,主3D建模,translated,text,7a817aa640,br=0 nl=0,
ui/ui/staffroll/uil_staffroll_h.xml#17336,3Dモデリング,3D建模,translated,text,a9229cb55f,br=0 nl=0,
ui/ui/staffroll/uil_staffroll_h.xml#17397,川松　由典,川松 由典,translated,text,654827f5ab,br=0 nl=0,
ui/ui/staffroll/uil_staffroll_h.xml#17459,桑田　まり子,桑田 真理子,translated,text,9a7ef2f3de,br=0 nl=0,
ui/ui/staffroll/uil_staffroll_h.xml#17522,燕藤　ユウ,燕藤 悠,translated,text,8c84789206,br=0 nl=0,
ui/ui/staffroll/uil_staffroll_h.xml#17584,ワールドモデリング,世界建模,translated,text,8443ae1813,br=0 nl=0,
ui/ui/staffroll/uil_staffroll_h.xml#17647,川松　由典,川松 由典,translated,text,654827f5ab,br=0 nl=0,
ui/ui/staffroll/uil_staffroll_h.xml#17709,大坪　俊介,大坪 俊介,translated,text,e4a7f6282a,br=0 nl=0,
ui/ui/staffroll/uil_staffroll_h.xml#17771,桑田　まり子,桑田 真理子,translated,text,9a7ef2f3de,br=0 nl=0,
ui/ui/staffroll/uil_staffroll_h.xml#17834,シャールデザイン,夏尔设计,translated,text,9d9cefacba,br=0 nl=0,
ui/ui/staffroll/uil_staffroll_h.xml#17957,川松　由典,川松 由典,translated,text,654827f5ab,br=0 nl=0,
ui/ui/staffroll/uil_staffroll_h.xml#18019,シャールモデリング,夏尔建模,translated,text,9e768da080,br=0 nl=0,
ui/ui/staffroll/uil_staffroll_h.xml#18082,川松　由典,川松 由典,translated,text,654827f5ab,br=0 nl=0,
ui/ui/staffroll/uil_staffroll_h.xml#18144,高橋　聖,高桥 圣,translated,text,dfbf0ca1c6,br=0 nl=0,
ui/ui/staffroll/uil_staffroll_h.xml#18205,桑田　まり子,桑田 真理子,translated,text,9a7ef2f3de,br=0 nl=0,
ui/ui/staffroll/uil_staffroll_h.xml#18268,メインアニメーター,主动画师,translated,text,4a9646d5bb,br=0 nl=0,
ui/ui/staffroll/uil_staffroll_h.xml#18331,山口　力哉,山口 力哉,translated,text,9db200242b,br=0 nl=0,
ui/ui/staffroll/uil_staffroll_h.xml#18393,キャラクターアニメーション,角色动画,translated,text,6245f96f88,br=0 nl=0,
ui/ui/staffroll/uil_staffroll_h.xml#18460,矢戸　恵,矢户 惠,translated,text,98bd1a2e46,br=0 nl=0,
ui/ui/staffroll/uil_staffroll_h.xml#18582,イベントプログラム,事件程序,translated,text,45c20cb56a,br=0 nl=0,
ui/ui/staffroll/uil_staffroll_h.xml#18645,乱道,乱道,translated,text,afcfc8f99b,br=0 nl=0,
ui/ui/staffroll/uil_staffroll_h.xml#18704,テクニカルエンジニア,技术工程师,translated,text,1f8b0ef79d,br=0 nl=0,
ui/ui/staffroll/uil_staffroll_h.xml#18768,乱道,乱道,translated,text,afcfc8f99b,br=0 nl=0,
ui/ui/staffroll/uil_staffroll_h.xml#18827,大坪　俊介,大坪 俊介,translated,text,e4a7f6282a,br=0 nl=0,
ui/ui/staffroll/uil_staffroll_h.xml#18889,キャラクターセットアップ,角色装配,translated,text,2d9c1a161a,br=0 nl=0,
ui/ui/staffroll/uil_staffroll_h.xml#18955,大坪　俊介,大坪 俊介,translated,text,e4a7f6282a,br=0 nl=0,
ui/ui/staffroll/uil_staffroll_h.xml#19017,矢戸　恵,矢户 惠,translated,text,98bd1a2e46,br=0 nl=0,
ui/ui/staffroll/uil_staffroll_h.xml#19078,インターフェイスデザイン,界面设计,translated,text,8fe4dab4e8,br=0 nl=0,
ui/ui/staffroll/uil_staffroll_h.xml#19205,桑田　まり子,桑田 真理子,translated,text,9a7ef2f3de,br=0 nl=0,
ui/ui/staffroll/uil_staffroll_h.xml#19268,マネジメント,管理,translated,text,644f6dd8a3,br=0 nl=0,
ui/ui/staffroll/uil_staffroll_h.xml#19328,松本　浩幸,松本 浩幸,translated,text,31c3a3098b,br=0 nl=0,
ui/ui/staffroll/uil_staffroll_h.xml#19390,オープニングムービー,片头影像,translated,text,bddc00b466,br=0 nl=0,
ui/ui/staffroll/uil_staffroll_h.xml#19458,絵コンテ・演出,分镜・演出,translated,text,c1285163f7,br=0 nl=0,
ui/ui/staffroll/uil_staffroll_h.xml#19580,ディレクター　,总监,translated,text,135e67823a,br=0 nl=0,
ui/ui/staffroll/uil_staffroll_h.xml#19641,嘉藤　公紀,嘉藤 公纪,translated,text,b11bc7bcd0,br=0 nl=0,
ui/ui/staffroll/uil_staffroll_h.xml#19759,浅尾　憲治,浅尾 宪治,translated,text,6bc5e803d3,br=0 nl=0,
ui/ui/staffroll/uil_staffroll_h.xml#19821,蜂屋　雅幸,蜂屋 雅幸,translated,text,bacd8a88e9,br=0 nl=0,
ui/ui/staffroll/uil_staffroll_h.xml#19883,森中　亮,森中 亮,translated,text,d2b56e5d7c,br=0 nl=0,
ui/ui/staffroll/uil_staffroll_h.xml#19944,製作,制作,translated,text,53c6bc4ef7,br=0 nl=0,
ui/ui/staffroll/uil_staffroll_h.xml#20000,ポイント・ピクチャーズ,Point Pictures,translated,text,4b9cc20967,br=0 nl=0,
ui/ui/staffroll/uil_staffroll_h.xml#20068,プロモーションムービー,宣传影像,translated,text,375c066366,br=0 nl=0,
ui/ui/staffroll/uil_staffroll_h.xml#20137,ディレクター　,总监,translated,text,135e67823a,br=0 nl=0,
ui/ui/staffroll/uil_staffroll_h.xml#20198,浅尾　憲治,浅尾 宪治,translated,text,6bc5e803d3,br=0 nl=0,
ui/ui/staffroll/uil_staffroll_h.xml#20316,森　進二郞,森 进二郎,translated,text,564356e8ac,br=0 nl=0,
ui/ui/staffroll/uil_staffroll_h.xml#20378,村澤　晴海,村泽 晴海,translated,text,ccc3eb0e5b,br=0 nl=0,
ui/ui/staffroll/uil_staffroll_h.xml#20440,大塚　竹男,大冢 竹男,translated,text,ac5a7c666f,br=0 nl=0,
ui/ui/staffroll/uil_staffroll_h.xml#20502,製作,制作,translated,text,53c6bc4ef7,br=0 nl=0,
ui/ui/staffroll/uil_staffroll_h.xml#20558,ポイント・ピクチャーズ,Point Pictures,translated,text,4b9cc20967,br=0 nl=0,
ui/ui/staffroll/uil_staffroll_h.xml#20626,詩ムービー,诗歌影像,translated,text,03e84567a7,br=0 nl=0,
ui/ui/staffroll/uil_staffroll_h.xml#20689,ディレクター,总监,translated,text,074ca740ff,br=0 nl=0,
ui/ui/staffroll/uil_staffroll_h.xml#20749,絵コンテ・演出,分镜・演出,translated,text,c1285163f7,br=0 nl=0,
ui/ui/staffroll/uil_staffroll_h.xml#20871,キャラクターアニメーション,角色动画,translated,text,6245f96f88,br=0 nl=0,
ui/ui/staffroll/uil_staffroll_h.xml#20999,山口　力哉,山口 力哉,translated,text,9db200242b,br=0 nl=0,
ui/ui/staffroll/uil_staffroll_h.xml#21061,嘉藤　公紀,嘉藤 公纪,translated,text,b11bc7bcd0,br=0 nl=0,
ui/ui/staffroll/uil_staffroll_h.xml#21192,ジェノミライムービー,杰诺米莱伊影像,translated,text,f6e7d2fd93,br=0 nl=0,
ui/ui/staffroll/uil_staffroll_h.xml#21260,制作,制作,translated,text,7d394484ec,br=0 nl=0,
ui/ui/staffroll/uil_staffroll_h.xml#21377,バックグラウンドミュージック,背景音乐,translated,text,a5e60b8440,br=0 nl=0,
ui/ui/staffroll/uil_staffroll_h.xml#21449,ミュージックディレクター,音乐总监,translated,text,d43c0fd3f4,br=0 nl=0,
ui/ui/staffroll/uil_staffroll_h.xml#21515,志方　あきこ,志方 晶子,translated,text,05f122732c,br=0 nl=0,
ui/ui/staffroll/uil_staffroll_h.xml#21578,コンポーザー,作曲家,translated,text,259843924f,br=0 nl=0,
ui/ui/staffroll/uil_staffroll_h.xml#21638,志方　あきこ,志方 晶子,translated,text,05f122732c,br=0 nl=0,
ui/ui/staffroll/uil_staffroll_h.xml#21907,アコースティックギター,原声吉他,translated,text,a7abba5538,br=0 nl=0,
ui/ui/staffroll/uil_staffroll_h.xml#21972,吉田　穣,吉田 穰,translated,text,c4ff906d3c,br=0 nl=0,
ui/ui/staffroll/uil_staffroll_h.xml#22033,エレキギター,电吉他,translated,text,1fa9044665,br=0 nl=0,
ui/ui/staffroll/uil_staffroll_h.xml#22093,吉田　穣,吉田 穰,translated,text,c4ff906d3c,br=0 nl=0,
ui/ui/staffroll/uil_staffroll_h.xml#22154,シタール,锡塔尔琴,translated,text,8f25ffe37e,br=0 nl=0,
ui/ui/staffroll/uil_staffroll_h.xml#22212,吉田　穣,吉田 穰,translated,text,c4ff906d3c,br=0 nl=0,
ui/ui/staffroll/uil_staffroll_h.xml#22273,ヴァイオリン,小提琴,translated,text,668c16f747,br=0 nl=0,
ui/ui/staffroll/uil_staffroll_h.xml#22333,大貫　聖子,大贯 圣子,translated,text,3869a50f95,br=0 nl=0,
ui/ui/staffroll/uil_staffroll_h.xml#22395,音響,音效,translated,text,a94ecabc3c,br=0 nl=0,
ui/ui/staffroll/uil_staffroll_h.xml#22455,音響監督,音效总监,translated,text,e4bfb6b35d,br=0 nl=0,
ui/ui/staffroll/uil_staffroll_h.xml#22513,納谷　僚介,纳谷 僚介,translated,text,d0a88d7501,br=0 nl=0,
ui/ui/staffroll/uil_staffroll_h.xml#22575,録音調整,录音调整,translated,text,bdaaaa1218,br=0 nl=0,
ui/ui/staffroll/uil_staffroll_h.xml#22633,田中　直也,田中 直也,translated,text,a61c475fb5,br=0 nl=0,
ui/ui/staffroll/uil_staffroll_h.xml#22695,録音助手,录音助手,translated,text,2cd5fceb80,br=0 nl=0,
ui/ui/staffroll/uil_staffroll_h.xml#22753,三田　颯,三田 飒,translated,text,36385611f0,br=0 nl=0,
ui/ui/staffroll/uil_staffroll_h.xml#22814,道下　彩,道下 彩,translated,text,d5f8dc474d,br=0 nl=0,
ui/ui/staffroll/uil_staffroll_h.xml#22875,音響制作,音效制作,translated,text,3ba07c72e1,br=0 nl=0,
ui/ui/staffroll/uil_staffroll_h.xml#23002,技術協力,技术协力,translated,text,09ac8b241a,br=0 nl=0,
ui/ui/staffroll/uil_staffroll_h.xml#23064,株式会社ＣＲＩ・ミドルウェア,株式会社CRI Middleware,translated,text,ddfc365935,br=0 nl=0,
ui/ui/staffroll/uil_staffroll_h.xml#23136,代表取締役専務ＣＴＯ,执行董事专务CTO,translated,text,e027789a7b,br=0 nl=0,
ui/ui/staffroll/uil_staffroll_h.xml#23201,押見　正雄,押见 正雄,translated,text,bb3d517d8c,br=0 nl=0,
ui/ui/staffroll/uil_staffroll_h.xml#23327,佐藤　修,佐藤 修,translated,text,8d20a19056,br=0 nl=0,
ui/ui/staffroll/uil_staffroll_h.xml#23389,鈴木　成門,铃木 成门,translated,text,151d8ce7cd,br=0 nl=0,
ui/ui/staffroll/uil_staffroll_h.xml#23452,郷原　亮,乡原 亮,translated,text,edafc04a4c,br=0 nl=0,
ui/ui/staffroll/uil_staffroll_h.xml#23514,水津　達也,水津 达也,translated,text,1b6339ac0a,br=0 nl=0,
ui/ui/staffroll/uil_staffroll_h.xml#23577,田中　孝,田中 孝,translated,text,6a01522493,br=0 nl=0,
ui/ui/staffroll/uil_staffroll_h.xml#23639,薄　　亮,薄 亮,translated,text,9be14828cf,br=0 nl=0,
ui/ui/staffroll/uil_staffroll_h.xml#23701,及川　進,及川 进,translated,text,564af3d63f,br=0 nl=0,
ui/ui/staffroll/uil_staffroll_h.xml#23829,漆畑　祐介,漆畑 佑介,translated,text,7b38215b37,br=0 nl=0,
ui/ui/staffroll/uil_staffroll_h.xml#23892,櫻井　敦史,樱井 敦史,translated,text,56fb1b2ef2,br=0 nl=0,
ui/ui/staffroll/uil_staffroll_h.xml#24017,花房　宏通,花房 宏通,translated,text,b03c5ceac2,br=0 nl=0,
ui/ui/staffroll/uil_staffroll_h.xml#24080,太田　政美,太田 政美,translated,text,84c8d1255b,br=0 nl=0,
ui/ui/staffroll/uil_staffroll_h.xml#24143,渡辺　大輔,渡边 大辅,translated,text,e1ba1468a3,br=0 nl=0,
ui/ui/staffroll/uil_staffroll_h.xml#24274,佐藤　修,佐藤 修,translated,text,8d20a19056,br=0 nl=0,
ui/ui/staffroll/uil_staffroll_h.xml#24336,デバッグ,调试,translated,text,93640dad3a,br=0 nl=0,
ui/ui/staffroll/uil_staffroll_h.xml#24399,ポールトゥウィン株式会社,株式会社Pole To Win,translated,text,cda47e17fb,br=0 nl=0,
ui/ui/staffroll/uil_staffroll_h.xml#24469,三田村 理史,三田村 理史,translated,text,77e158e1ae,br=0 nl=0,
ui/ui/staffroll/uil_staffroll_h.xml#24533,浅田　卓,浅田 卓,translated,text,adcb96dc81,br=0 nl=0,
ui/ui/staffroll/uil_staffroll_h.xml#24595,山崎　乙,山崎 乙,translated,text,8f70623b22,br=0 nl=0,
ui/ui/staffroll/uil_staffroll_h.xml#24657,大井 勇生,大井 勇生,translated,text,fcdda02341,br=0 nl=0,
ui/ui/staffroll/uil_staffroll_h.xml#24720,牧　睦美,牧 睦美,translated,text,36499eaf9d,br=0 nl=0,
ui/ui/staffroll/uil_staffroll_h.xml#24782,木村　知生,木村 知生,translated,text,f4f07268a4,br=0 nl=0,
ui/ui/staffroll/uil_staffroll_h.xml#24845,宮下　廣大,宫下 广大,translated,text,4c64af3cd0,br=0 nl=0,
ui/ui/staffroll/uil_staffroll_h.xml#24908,柴田　裕司,柴田 裕司,translated,text,13fa6f22df,br=0 nl=0,
ui/ui/staffroll/uil_staffroll_h.xml#24971,西原　正洋,西原 正洋,translated,text,1aa88db9f1,br=0 nl=0,
ui/ui/staffroll/uil_staffroll_h.xml#25034,高田　陽介,高田 阳介,translated,text,ec9fea6efa,br=0 nl=0,
ui/ui/staffroll/uil_staffroll_h.xml#25097,澤田　哲也,泽田 哲也,translated,text,bc595385ac,br=0 nl=0,
ui/ui/staffroll/uil_staffroll_h.xml#25160,渡邊　さや,渡边 沙耶,translated,text,a3fb83c85e,br=0 nl=0,
ui/ui/staffroll/uil_staffroll_h.xml#25223,山谷　武,山谷 武,translated,text,254588c758,br=0 nl=0,
ui/ui/staffroll/uil_staffroll_h.xml#25285,小川　早苗,小川 早苗,translated,text,116301b38a,br=0 nl=0,
ui/ui/staffroll/uil_staffroll_h.xml#25348,村川　雄一郎,村川 雄一郎,translated,text,93fd06889d,br=0 nl=0,
ui/ui/staffroll/uil_staffroll_h.xml#25412,挿入歌,插曲,translated,text,43505f0b2e,br=0 nl=0,
ui/ui/staffroll/uil_staffroll_h.xml#25474,#00『謳無き丘へ～Introduce Ver.～』,#00‘致无鸣之丘～Introduce Ver.～’,translated,text,abf88f0aa3,br=0 nl=0,src-longest-line=26
ui/ui/staffroll/uil_staffroll_h.xml#25558,ヴォーカル,主唱,translated,text,a9d22c4f25,br=0 nl=0,
ui/ui/staffroll/uil_staffroll_h.xml#25618,志方　あきこ,志方 晶子,translated,text,05f122732c,br=0 nl=0,
ui/ui/staffroll/uil_staffroll_h.xml#25682,コーラス,和声,translated,text,e6f23f00bd,br=0 nl=0,
ui/ui/staffroll/uil_staffroll_h.xml#25741,志方　あきこ,志方 晶子,translated,text,05f122732c,br=0 nl=0,
ui/ui/staffroll/uil_staffroll_h.xml#25805,作詞,作词,translated,text,37dd0a71d2,br=0 nl=0,
ui/ui/staffroll/uil_staffroll_h.xml#25862,土屋　暁,土屋 晓,translated,text,21998e95cc,br=0 nl=0,
ui/ui/staffroll/uil_staffroll_h.xml#25924,作曲,作曲,translated,text,779e678323,br=0 nl=0,
ui/ui/staffroll/uil_staffroll_h.xml#25981,土屋　暁,土屋 晓,translated,text,21998e95cc,br=0 nl=0,
ui/ui/staffroll/uil_staffroll_h.xml#26043,編曲,编曲,translated,text,0d9b094937,br=0 nl=0,
ui/ui/staffroll/uil_staffroll_h.xml#26100,志方　あきこ,志方 晶子,translated,text,05f122732c,br=0 nl=0,
ui/ui/staffroll/uil_staffroll_h.xml#26164,アコースティックギター,原声吉他,translated,text,a7abba5538,br=0 nl=0,
ui/ui/staffroll/uil_staffroll_h.xml#26230,田代　耕一郎,田代 耕一郎,translated,text,2b32bdbfd2,br=0 nl=0,
ui/ui/staffroll/uil_staffroll_h.xml#26294,アイリッシュブズーキー,爱尔兰布祖基琴,translated,text,d1c4382eb2,br=0 nl=0,
ui/ui/staffroll/uil_staffroll_h.xml#26360,田代　耕一郎,田代 耕一郎,translated,text,2b32bdbfd2,br=0 nl=0,
ui/ui/staffroll/uil_staffroll_h.xml#26499,ヴォーカル,主唱,translated,text,a9d22c4f25,br=0 nl=0,
ui/ui/staffroll/uil_staffroll_h.xml#26559,志方　あきこ,志方 晶子,translated,text,05f122732c,br=0 nl=0,
ui/ui/staffroll/uil_staffroll_h.xml#26623,コーラス,和声,translated,text,e6f23f00bd,br=0 nl=0,
ui/ui/staffroll/uil_staffroll_h.xml#26682,志方　あきこ,志方 晶子,translated,text,05f122732c,br=0 nl=0,
ui/ui/staffroll/uil_staffroll_h.xml#26746,作詞,作词,translated,text,37dd0a71d2,br=0 nl=0,
ui/ui/staffroll/uil_staffroll_h.xml#26803,志方　あきこ,志方 晶子,translated,text,05f122732c,br=0 nl=0,
ui/ui/staffroll/uil_staffroll_h.xml#26867,作曲,作曲,translated,text,779e678323,br=0 nl=0,
ui/ui/staffroll/uil_staffroll_h.xml#26924,志方　あきこ,志方 晶子,translated,text,05f122732c,br=0 nl=0,
ui/ui/staffroll/uil_staffroll_h.xml#26988,編曲,编曲,translated,text,0d9b094937,br=0 nl=0,
ui/ui/staffroll/uil_staffroll_h.xml#27045,志方　あきこ,志方 晶子,translated,text,05f122732c,br=0 nl=0,
ui/ui/staffroll/uil_staffroll_h.xml#27109,アコースティックギター,原声吉他,translated,text,a7abba5538,br=0 nl=0,
ui/ui/staffroll/uil_staffroll_h.xml#27175,田代　耕一郎,田代 耕一郎,translated,text,2b32bdbfd2,br=0 nl=0,
ui/ui/staffroll/uil_staffroll_h.xml#27239,カンテレ,康特勒琴,translated,text,99e23b542c,br=0 nl=0,
ui/ui/staffroll/uil_staffroll_h.xml#27298,田代　耕一郎,田代 耕一郎,translated,text,2b32bdbfd2,br=0 nl=0,
ui/ui/staffroll/uil_staffroll_h.xml#27362,パーカッション,打击乐,translated,text,b5c517e01d,br=0 nl=0,
ui/ui/staffroll/uil_staffroll_h.xml#27424,大石　真理恵,大石 真理惠,translated,text,59c84c61d6,br=0 nl=0,
ui/ui/staffroll/uil_staffroll_h.xml#27488,筝,筝,translated,text,e09f68108a,br=0 nl=0,
ui/ui/staffroll/uil_staffroll_h.xml#27544,中垣　雅葉,中垣 雅叶,translated,text,ec00152ffc,br=0 nl=0,
ui/ui/staffroll/uil_staffroll_h.xml#27607,#02『天地咆吼』,#02‘天地咆哮’,translated,text,54b41e4730,br=0 nl=0,
ui/ui/staffroll/uil_staffroll_h.xml#27674,ヴォーカル,主唱,translated,text,a9d22c4f25,br=0 nl=0,
ui/ui/staffroll/uil_staffroll_h.xml#27734,城　南海,城 南海,translated,text,0326f175b4,br=0 nl=0,
ui/ui/staffroll/uil_staffroll_h.xml#27796,コーラス,和声,translated,text,e6f23f00bd,br=0 nl=0,
ui/ui/staffroll/uil_staffroll_h.xml#27855,城　南海,城 南海,translated,text,0326f175b4,br=0 nl=0,
ui/ui/staffroll/uil_staffroll_h.xml#27917,作詞,作词,translated,text,37dd0a71d2,br=0 nl=0,
ui/ui/staffroll/uil_staffroll_h.xml#27974,志方　あきこ,志方 晶子,translated,text,05f122732c,br=0 nl=0,
ui/ui/staffroll/uil_staffroll_h.xml#28038,作曲,作曲,translated,text,779e678323,br=0 nl=0,
ui/ui/staffroll/uil_staffroll_h.xml#28095,志方　あきこ,志方 晶子,translated,text,05f122732c,br=0 nl=0,
ui/ui/staffroll/uil_staffroll_h.xml#28159,編曲,编曲,translated,text,0d9b094937,br=0 nl=0,
ui/ui/staffroll/uil_staffroll_h.xml#28216,志方　あきこ,志方 晶子,translated,text,05f122732c,br=0 nl=0,
ui/ui/staffroll/uil_staffroll_h.xml#28280,アコースティックギター,原声吉他,translated,text,a7abba5538,br=0 nl=0,
ui/ui/staffroll/uil_staffroll_h.xml#28346,田代　耕一郎,田代 耕一郎,translated,text,2b32bdbfd2,br=0 nl=0,
ui/ui/staffroll/uil_staffroll_h.xml#28410,ヴァイオリン,小提琴,translated,text,668c16f747,br=0 nl=0,
ui/ui/staffroll/uil_staffroll_h.xml#28471,大貫　聖子,大贯 圣子,translated,text,3869a50f95,br=0 nl=0,
ui/ui/staffroll/uil_staffroll_h.xml#28534,ピアノ,钢琴,translated,text,64c0241201,br=0 nl=0,
ui/ui/staffroll/uil_staffroll_h.xml#28592,田中　さとこ,田中 聪子,translated,text,67b0c32b37,br=0 nl=0,
ui/ui/staffroll/uil_staffroll_h.xml#28740,ヴォーカル,主唱,translated,text,a9d22c4f25,br=0 nl=0,
ui/ui/staffroll/uil_staffroll_h.xml#28800,志方　あきこ,志方 晶子,translated,text,05f122732c,br=0 nl=0,
ui/ui/staffroll/uil_staffroll_h.xml#28864,コーラス,和声,translated,text,e6f23f00bd,br=0 nl=0,
ui/ui/staffroll/uil_staffroll_h.xml#28923,志方　あきこ,志方 晶子,translated,text,05f122732c,br=0 nl=0,
ui/ui/staffroll/uil_staffroll_h.xml#28987,作詞,作词,translated,text,37dd0a71d2,br=0 nl=0,
ui/ui/staffroll/uil_staffroll_h.xml#29044,志方　あきこ,志方 晶子,translated,text,05f122732c,br=0 nl=0,
ui/ui/staffroll/uil_staffroll_h.xml#29108,作曲,作曲,translated,text,779e678323,br=0 nl=0,
ui/ui/staffroll/uil_staffroll_h.xml#29165,志方　あきこ,志方 晶子,translated,text,05f122732c,br=0 nl=0,
ui/ui/staffroll/uil_staffroll_h.xml#29229,編曲,编曲,translated,text,0d9b094937,br=0 nl=0,
ui/ui/staffroll/uil_staffroll_h.xml#29286,志方　あきこ,志方 晶子,translated,text,05f122732c,br=0 nl=0,
ui/ui/staffroll/uil_staffroll_h.xml#29350,アイリッシュブズーキ,爱尔兰布祖基琴,translated,text,420248b6f2,br=0 nl=0,
ui/ui/staffroll/uil_staffroll_h.xml#29415,田代　耕一郎,田代 耕一郎,translated,text,2b32bdbfd2,br=0 nl=0,
ui/ui/staffroll/uil_staffroll_h.xml#29479,リュート,鲁特琴,translated,text,40aa180de2,br=0 nl=0,
ui/ui/staffroll/uil_staffroll_h.xml#29538,田代　耕一郎,田代 耕一郎,translated,text,2b32bdbfd2,br=0 nl=0,
ui/ui/staffroll/uil_staffroll_h.xml#29602,アコースティックギター,原声吉他,translated,text,a7abba5538,br=0 nl=0,
ui/ui/staffroll/uil_staffroll_h.xml#29668,田代　耕一郎,田代 耕一郎,translated,text,2b32bdbfd2,br=0 nl=0,
ui/ui/staffroll/uil_staffroll_h.xml#29732,ヴァイオリン,小提琴,translated,text,668c16f747,br=0 nl=0,
ui/ui/staffroll/uil_staffroll_h.xml#29793,大貫　聖子,大贯 圣子,translated,text,3869a50f95,br=0 nl=0,
ui/ui/staffroll/uil_staffroll_h.xml#29856,ホイッスル,哨子,translated,text,f9c2bb1a8a,br=0 nl=0,
ui/ui/staffroll/uil_staffroll_h.xml#29916,安井　敬,安井 敬,translated,text,723f3994ab,br=0 nl=0,
ui/ui/staffroll/uil_staffroll_h.xml#29978,リコーダー,竖笛,translated,text,1448956b32,br=0 nl=0,
ui/ui/staffroll/uil_staffroll_h.xml#30038,安井　敬,安井 敬,translated,text,723f3994ab,br=0 nl=0,
ui/ui/staffroll/uil_staffroll_h.xml#30172,ヴォーカル,主唱,translated,text,a9d22c4f25,br=0 nl=0,
ui/ui/staffroll/uil_staffroll_h.xml#30232,霜月　はるか,霜月 遥,translated,text,4fa4ca5550,br=0 nl=0,
ui/ui/staffroll/uil_staffroll_h.xml#30296,コーラス,和声,translated,text,e6f23f00bd,br=0 nl=0,
ui/ui/staffroll/uil_staffroll_h.xml#30355,霜月　はるか,霜月 遥,translated,text,4fa4ca5550,br=0 nl=0,
ui/ui/staffroll/uil_staffroll_h.xml#30419,作詞,作词,translated,text,37dd0a71d2,br=0 nl=0,
ui/ui/staffroll/uil_staffroll_h.xml#30476,日山　尚,日山 尚,translated,text,1f730ac70d,br=0 nl=0,
ui/ui/staffroll/uil_staffroll_h.xml#30538,作曲,作曲,translated,text,779e678323,br=0 nl=0,
ui/ui/staffroll/uil_staffroll_h.xml#30595,霜月　はるか,霜月 遥,translated,text,4fa4ca5550,br=0 nl=0,
ui/ui/staffroll/uil_staffroll_h.xml#30659,編曲,编曲,translated,text,0d9b094937,br=0 nl=0,
ui/ui/staffroll/uil_staffroll_h.xml#30777,#05『美し世界』,#05‘美丽世界’,translated,text,828500b0bb,br=0 nl=0,
ui/ui/staffroll/uil_staffroll_h.xml#30844,ヴォーカル,主唱,translated,text,a9d22c4f25,br=0 nl=0,
ui/ui/staffroll/uil_staffroll_h.xml#30904,城　南海,城 南海,translated,text,0326f175b4,br=0 nl=0,
ui/ui/staffroll/uil_staffroll_h.xml#30966,コーラス,和声,translated,text,e6f23f00bd,br=0 nl=0,
ui/ui/staffroll/uil_staffroll_h.xml#31025,城　南海,城 南海,translated,text,0326f175b4,br=0 nl=0,
ui/ui/staffroll/uil_staffroll_h.xml#31087,作詞,作词,translated,text,37dd0a71d2,br=0 nl=0,
ui/ui/staffroll/uil_staffroll_h.xml#31144,高橋　麗子,高桥 丽子,translated,text,e5f18eff62,br=0 nl=0,
ui/ui/staffroll/uil_staffroll_h.xml#31207,作曲,作曲,translated,text,779e678323,br=0 nl=0,
ui/ui/staffroll/uil_staffroll_h.xml#31264,弘田　佳孝,弘田 佳孝,translated,text,5b1c2fd00d,br=0 nl=0,
ui/ui/staffroll/uil_staffroll_h.xml#31327,編曲,编曲,translated,text,0d9b094937,br=0 nl=0,
ui/ui/staffroll/uil_staffroll_h.xml#31384,弘田　佳孝,弘田 佳孝,translated,text,5b1c2fd00d,br=0 nl=0,
ui/ui/staffroll/uil_staffroll_h.xml#31447,エレキベース,电贝斯,translated,text,97b8e005a2,br=0 nl=0,
ui/ui/staffroll/uil_staffroll_h.xml#31508,弘田　佳孝,弘田 佳孝,translated,text,5b1c2fd00d,br=0 nl=0,
ui/ui/staffroll/uil_staffroll_h.xml#31571,#06『コード・エテスウェイ』,#06‘代码・埃特斯韦’,translated,text,0d93d8ec41,br=0 nl=0,
ui/ui/staffroll/uil_staffroll_h.xml#31644,ヴォーカル,主唱,translated,text,a9d22c4f25,br=0 nl=0,
ui/ui/staffroll/uil_staffroll_h.xml#31704,霜月　はるか,霜月 遥,translated,text,4fa4ca5550,br=0 nl=0,
ui/ui/staffroll/uil_staffroll_h.xml#31768,コーラス,和声,translated,text,e6f23f00bd,br=0 nl=0,
ui/ui/staffroll/uil_staffroll_h.xml#31827,霜月　はるか,霜月 遥,translated,text,4fa4ca5550,br=0 nl=0,
ui/ui/staffroll/uil_staffroll_h.xml#31891,作詞,作词,translated,text,37dd0a71d2,br=0 nl=0,
ui/ui/staffroll/uil_staffroll_h.xml#31948,日山　尚,日山 尚,translated,text,1f730ac70d,br=0 nl=0,
ui/ui/staffroll/uil_staffroll_h.xml#32010,作曲,作曲,translated,text,779e678323,br=0 nl=0,
ui/ui/staffroll/uil_staffroll_h.xml#32067,霜月　はるか,霜月 遥,translated,text,4fa4ca5550,br=0 nl=0,
ui/ui/staffroll/uil_staffroll_h.xml#32131,編曲,编曲,translated,text,0d9b094937,br=0 nl=0,
ui/ui/staffroll/uil_staffroll_h.xml#32188,柳　英一朗,柳 英一朗,translated,text,d1f66395b5,br=0 nl=0,
ui/ui/staffroll/uil_staffroll_h.xml#32251,ヴァイオリン,小提琴,translated,text,668c16f747,br=0 nl=0,
ui/ui/staffroll/uil_staffroll_h.xml#32312,土屋　玲子,土屋 玲子,translated,text,a5c27a7653,br=0 nl=0,
ui/ui/staffroll/uil_staffroll_h.xml#32375,ヴィオラ,中提琴,translated,text,2b5d862048,br=0 nl=0,
ui/ui/staffroll/uil_staffroll_h.xml#32434,土屋　玲子,土屋 玲子,translated,text,a5c27a7653,br=0 nl=0,
ui/ui/staffroll/uil_staffroll_h.xml#32497,チェロ,大提琴,translated,text,13fc4da5ee,br=0 nl=0,
ui/ui/staffroll/uil_staffroll_h.xml#32555,土屋　玲子,土屋 玲子,translated,text,a5c27a7653,br=0 nl=0,
ui/ui/staffroll/uil_staffroll_h.xml#32618,エレキベース,电贝斯,translated,text,97b8e005a2,br=0 nl=0,
ui/ui/staffroll/uil_staffroll_h.xml#32679,柳　英一朗,柳 英一朗,translated,text,d1f66395b5,br=0 nl=0,
ui/ui/staffroll/uil_staffroll_h.xml#32742,プログラミング,编程,translated,text,a063da1b9c,br=0 nl=0,
ui/ui/staffroll/uil_staffroll_h.xml#32804,柳　英一朗,柳 英一朗,translated,text,d1f66395b5,br=0 nl=0,
ui/ui/staffroll/uil_staffroll_h.xml#32954,ヴォーカル,主唱,translated,text,a9d22c4f25,br=0 nl=0,
ui/ui/staffroll/uil_staffroll_h.xml#33014,みとせ　のりこ,水户濑 纪子,translated,text,b870526ad2,br=0 nl=0,
ui/ui/staffroll/uil_staffroll_h.xml#33079,コーラス,和声,translated,text,e6f23f00bd,br=0 nl=0,
ui/ui/staffroll/uil_staffroll_h.xml#33138,みとせ　のりこ,水户濑 纪子,translated,text,b870526ad2,br=0 nl=0,
ui/ui/staffroll/uil_staffroll_h.xml#33203,作詞,作词,translated,text,37dd0a71d2,br=0 nl=0,
ui/ui/staffroll/uil_staffroll_h.xml#33260,みとせ　のりこ,水户濑 纪子,translated,text,b870526ad2,br=0 nl=0,
ui/ui/staffroll/uil_staffroll_h.xml#33325,作曲,作曲,translated,text,779e678323,br=0 nl=0,
ui/ui/staffroll/uil_staffroll_h.xml#33448,編曲,编曲,translated,text,0d9b094937,br=0 nl=0,
ui/ui/staffroll/uil_staffroll_h.xml#33649,ヴォーカル,主唱,translated,text,a9d22c4f25,br=0 nl=0,
ui/ui/staffroll/uil_staffroll_h.xml#33709,霜月　はるか,霜月 遥,translated,text,4fa4ca5550,br=0 nl=0,
ui/ui/staffroll/uil_staffroll_h.xml#33773,コーラス,和声,translated,text,e6f23f00bd,br=0 nl=0,
ui/ui/staffroll/uil_staffroll_h.xml#33832,霜月　はるか,霜月 遥,translated,text,4fa4ca5550,br=0 nl=0,
ui/ui/staffroll/uil_staffroll_h.xml#33896,作詞,作词,translated,text,37dd0a71d2,br=0 nl=0,
ui/ui/staffroll/uil_staffroll_h.xml#33953,日山　尚,日山 尚,translated,text,1f730ac70d,br=0 nl=0,
ui/ui/staffroll/uil_staffroll_h.xml#34015,作曲,作曲,translated,text,779e678323,br=0 nl=0,
ui/ui/staffroll/uil_staffroll_h.xml#34072,霜月　はるか,霜月 遥,translated,text,4fa4ca5550,br=0 nl=0,
ui/ui/staffroll/uil_staffroll_h.xml#34136,編曲,编曲,translated,text,0d9b094937,br=0 nl=0,
ui/ui/staffroll/uil_staffroll_h.xml#34193,柳　英一朗,柳 英一朗,translated,text,d1f66395b5,br=0 nl=0,
ui/ui/staffroll/uil_staffroll_h.xml#34256,ギター,吉他,translated,text,b072d58a68,br=0 nl=0,
ui/ui/staffroll/uil_staffroll_h.xml#34314,柳　英一朗,柳 英一朗,translated,text,d1f66395b5,br=0 nl=0,
ui/ui/staffroll/uil_staffroll_h.xml#34377,エレキベース,电贝斯,translated,text,97b8e005a2,br=0 nl=0,
ui/ui/staffroll/uil_staffroll_h.xml#34438,柳　英一朗,柳 英一朗,translated,text,d1f66395b5,br=0 nl=0,
ui/ui/staffroll/uil_staffroll_h.xml#34501,プログラミング,编程,translated,text,a063da1b9c,br=0 nl=0,
ui/ui/staffroll/uil_staffroll_h.xml#34563,柳　英一朗,柳 英一朗,translated,text,d1f66395b5,br=0 nl=0,
ui/ui/staffroll/uil_staffroll_h.xml#34626,レコーディング＆ミキシング,录音与混音,translated,text,45498df2df,br=0 nl=0,
ui/ui/staffroll/uil_staffroll_h.xml#34769,レコーディングスタジオ,录音室,translated,text,b25eb16dcb,br=0 nl=0,
ui/ui/staffroll/uil_staffroll_h.xml#34971,レコーディング&,录音&,translated,text,f841bcf365,br=0 nl=0,
ui/ui/staffroll/uil_staffroll_h.xml#35034,　　ミキシングエンジニア,混音工程师,translated,text,18ef1f1a8b,br=0 nl=0,
ui/ui/staffroll/uil_staffroll_h.xml#35101,南　直行,南 直行,translated,text,2d56d70010,br=0 nl=0,
ui/ui/staffroll/uil_staffroll_h.xml#35226,ミキシングスタジオ,混音工作室,translated,text,10e5c39a7e,br=0 nl=0,
ui/ui/staffroll/uil_staffroll_h.xml#35365,レコーディングスタジオ,录音室,translated,text,b25eb16dcb,br=0 nl=0,
ui/ui/staffroll/uil_staffroll_h.xml#35503,レコーディング&,录音&,translated,text,f841bcf365,br=0 nl=0,
ui/ui/staffroll/uil_staffroll_h.xml#35566,　　ミキシングエンジニア,混音工程师,translated,text,18ef1f1a8b,br=0 nl=0,
ui/ui/staffroll/uil_staffroll_h.xml#35633,南　直行,南 直行,translated,text,2d56d70010,br=0 nl=0,
ui/ui/staffroll/uil_staffroll_h.xml#35758,音楽制作,音乐制作,translated,text,fd03f88e87,br=0 nl=0,
ui/ui/staffroll/uil_staffroll_h.xml#35885,レコーディングスタジオ,录音室,translated,text,b25eb16dcb,br=0 nl=0,
ui/ui/staffroll/uil_staffroll_h.xml#35951,Artist Forum 千駄ヶ谷,Artist Forum 千驮谷,translated,text,c5d9afa7df,br=0 nl=0,
ui/ui/staffroll/uil_staffroll_h.xml#36026,レコーディングエンジニア,录音工程师,translated,text,dcee02fe85,br=0 nl=0,
ui/ui/staffroll/uil_staffroll_h.xml#36093,齊藤　弘二（TRIUMPH）,齐藤 弘二（TRIUMPH）,translated,text,601c4218f9,br=0 nl=0,
ui/ui/staffroll/uil_staffroll_h.xml#36165,坂　知学,坂 知学,translated,text,fb17ef159d,br=0 nl=0,
ui/ui/staffroll/uil_staffroll_h.xml#36227,ミキシングエンジニア,混音工程师,translated,text,b660dbc680,br=0 nl=0,
ui/ui/staffroll/uil_staffroll_h.xml#36292,坂　知学,坂 知学,translated,text,fb17ef159d,br=0 nl=0,
ui/ui/staffroll/uil_staffroll_h.xml#36417,レコーディングスタジオ,录音室,translated,text,b25eb16dcb,br=0 nl=0,
ui/ui/staffroll/uil_staffroll_h.xml#36555,レコーディングエンジニア,录音工程师,translated,text,dcee02fe85,br=0 nl=0,
ui/ui/staffroll/uil_staffroll_h.xml#36622,迎谷　彰信,迎谷 彰信,translated,text,745993b75c,br=0 nl=0,
ui/ui/staffroll/uil_staffroll_h.xml#36685,ミキシングエンジニア,混音工程师,translated,text,b660dbc680,br=0 nl=0,
ui/ui/staffroll/uil_staffroll_h.xml#36750,弘田　佳孝,弘田 佳孝,translated,text,5b1c2fd00d,br=0 nl=0,
ui/ui/staffroll/uil_staffroll_h.xml#36880,音楽制作,音乐制作,translated,text,fd03f88e87,br=0 nl=0,
ui/ui/staffroll/uil_staffroll_h.xml#37007,レコーディングスタジオ,录音室,translated,text,b25eb16dcb,br=0 nl=0,
ui/ui/staffroll/uil_staffroll_h.xml#37144,レコーディングエンジニア,录音工程师,translated,text,dcee02fe85,br=0 nl=0,
ui/ui/staffroll/uil_staffroll_h.xml#37211,由田　直也,由田 直也,translated,text,12cf5ea73b,br=0 nl=0,
ui/ui/staffroll/uil_staffroll_h.xml#37274,ミキシングエンジニア,混音工程师,translated,text,b660dbc680,br=0 nl=0,
ui/ui/staffroll/uil_staffroll_h.xml#37339,坂　知学,坂 知学,translated,text,fb17ef159d,br=0 nl=0,
ui/ui/staffroll/uil_staffroll_h.xml#37464,レコーディングスタジオ,录音室,translated,text,b25eb16dcb,br=0 nl=0,
ui/ui/staffroll/uil_staffroll_h.xml#37602,レコーディングエンジニア,录音工程师,translated,text,dcee02fe85,br=0 nl=0,
ui/ui/staffroll/uil_staffroll_h.xml#37669,迎谷　彰信,迎谷 彰信,translated,text,745993b75c,br=0 nl=0,
ui/ui/staffroll/uil_staffroll_h.xml#37732,ミキシングエンジニア,混音工程师,translated,text,b660dbc680,br=0 nl=0,
ui/ui/staffroll/uil_staffroll_h.xml#37926,ミキシング,混音,translated,text,dd3c09920b,br=0 nl=0,
ui/ui/staffroll/uil_staffroll_h.xml#37986,土屋　暁,土屋 晓,translated,text,21998e95cc,br=0 nl=0,
ui/ui/staffroll/uil_staffroll_h.xml#38048,楽曲制作協力,乐曲制作协力,translated,text,72ede6daac,br=0 nl=0,
ui/ui/staffroll/uil_staffroll_h.xml#38113,株式会社フロンティアワークス,株式会社Frontier Works,translated,text,36d73077b6,br=0 nl=0,
ui/ui/staffroll/uil_staffroll_h.xml#38185,吉川　明,吉川 明,translated,text,2768ebf8a1,br=0 nl=0,
ui/ui/staffroll/uil_staffroll_h.xml#38247,小柳　豊,小柳 丰,translated,text,e59cd8c7b8,br=0 nl=0,
ui/ui/staffroll/uil_staffroll_h.xml#38440,田中　雅之,田中 雅之,translated,text,21736bbf23,br=0 nl=0,
ui/ui/staffroll/uil_staffroll_h.xml#38503,矢野　正明,矢野 正明,translated,text,78cf186a67,br=0 nl=0,
ui/ui/staffroll/uil_staffroll_h.xml#38566,谷川　雄紀,谷川 雄纪,translated,text,4f95b894a6,br=0 nl=0,
ui/ui/staffroll/uil_staffroll_h.xml#38629,髙橋　朝子,高桥 朝子,translated,text,77e6958b96,br=0 nl=0,
ui/ui/staffroll/uil_staffroll_h.xml#38692,本間　詩織,本间 诗织,translated,text,e70cd6c951,br=0 nl=0,
ui/ui/staffroll/uil_staffroll_h.xml#38755,佐々　梨花,佐佐 梨花,translated,text,030ff13e01,br=0 nl=0,
ui/ui/staffroll/uil_staffroll_h.xml#38818,生田　善子,生田 善子,translated,text,6a6fba474e,br=0 nl=0,
ui/ui/staffroll/uil_staffroll_h.xml#38881,松　　聖花,松 圣花,translated,text,ea05a4fd84,br=0 nl=0,
ui/ui/staffroll/uil_staffroll_h.xml#38944,音響,音效,translated,text,a94ecabc3c,br=0 nl=0,
ui/ui/staffroll/uil_staffroll_h.xml#39004,演出・キャスティング,演出・选角,translated,text,383d1bfa00,br=0 nl=0,
ui/ui/staffroll/uil_staffroll_h.xml#39069,関　智寛,关 智宽,translated,text,f1a5e773f2,br=0 nl=0,
ui/ui/staffroll/uil_staffroll_h.xml#39131,ミキサー,调音师,translated,text,61f92a39b5,br=0 nl=0,
ui/ui/staffroll/uil_staffroll_h.xml#39190,熊倉　亨,熊仓 亨,translated,text,509916c5a3,br=0 nl=0,
ui/ui/staffroll/uil_staffroll_h.xml#39252,音響制作,音效制作,translated,text,3ba07c72e1,br=0 nl=0,
ui/ui/staffroll/uil_staffroll_h.xml#39376,キャスティング協力,选角协力,translated,text,3c32e0140a,br=0 nl=0,
ui/ui/staffroll/uil_staffroll_h.xml#39440,松本　恵,松本 惠,translated,text,432387780b,br=0 nl=0,
ui/ui/staffroll/uil_staffroll_h.xml#39567,協力,协力,translated,text,1a054b3135,br=0 nl=0,
ui/ui/staffroll/uil_staffroll_h.xml#39628,(株)wizgeek,(株)wizgeek,translated,text,cd5a3764f1,br=0 nl=0,
ui/ui/staffroll/uil_staffroll_h.xml#39694,株式会社エクストリーム,株式会社Extreme,translated,text,98c9f61cf3,br=0 nl=0,
ui/ui/staffroll/uil_staffroll_h.xml#39761,株式会社ＣＲＩ・ミドルウェア,株式会社CRI Middleware,translated,text,ddfc365935,br=0 nl=0,
ui/ui/staffroll/uil_staffroll_h.xml#39899,株式会社千住工房,株式会社千住工房,translated,text,3de756af57,br=0 nl=0,
ui/ui/staffroll/uil_staffroll_h.xml#40032,株式会社FlightUNIT,株式会社FlightUNIT,translated,text,1da69201f4,br=0 nl=0,
ui/ui/staffroll/uil_staffroll_h.xml#40102,株式会社メテオライズ,株式会社Meteorise,translated,text,61cde65511,br=0 nl=0,
ui/ui/staffroll/uil_staffroll_h.xml#40168,株式会社フロンティアワークス,株式会社Frontier Works,translated,text,36d73077b6,br=0 nl=0,
ui/ui/staffroll/uil_staffroll_h.xml#40238,株式会社ポイントピクチャーズ,株式会社Point Pictures,translated,text,f8ac729aec,br=0 nl=0,
ui/ui/staffroll/uil_staffroll_h.xml#40308,ポールトゥウィン株式会社,株式会社Pole To Win,translated,text,cda47e17fb,br=0 nl=0,
ui/ui/staffroll/uil_staffroll_h.xml#40376,株式会社ロジスティックス,株式会社Logistics,translated,text,8ec59442f3,br=0 nl=0,
ui/ui/staffroll/uil_staffroll_h.xml#40444,株式会社プロダクション・アイジー,株式会社Production I.G,translated,text,84204edff3,br=0 nl=0,
ui/ui/staffroll/uil_staffroll_h.xml#40516,天津光栄特庫摩軟件有限公司,天津光荣特库摩软件有限公司,translated,text,8a7dbadc6f,br=0 nl=0,
ui/ui/staffroll/uil_staffroll_h.xml#40585,天津天匠動画科技有限公司,天津天匠动画科技有限公司,translated,text,14335be04d,br=0 nl=0,
ui/ui/staffroll/uil_staffroll_h.xml#40653,フォントワークス株式会社,Fontworks株式会社,translated,text,b1c83f97c7,br=0 nl=0,
ui/ui/staffroll/uil_staffroll_h.xml#40884,ディレクター,总监,translated,text,074ca740ff,br=0 nl=0,
ui/ui/staffroll/uil_staffroll_h.xml#40949,高野　雅文,高野 雅文,translated,text,e0f6ad1a3a,br=0 nl=0,
ui/ui/staffroll/uil_staffroll_h.xml#41012,開発プロデューサー,开发制作人,translated,text,763f21e64e,br=0 nl=0,
ui/ui/staffroll/uil_staffroll_h.xml#41080,細井  順三,细井 顺三,translated,text,014085680c,br=0 nl=0,
ui/ui/staffroll/uil_staffroll_h.xml#41144,総合プロデューサー,总制作人,translated,text,893701ac7c,br=0 nl=0,
ui/ui/staffroll/uil_staffroll_h.xml#41212,土屋  暁,土屋 晓,translated,text,dd0b0dada2,br=0 nl=0,
ui/ui/staffroll/uil_staffroll_h.xml#41275,エグゼクティブプロデューサー,执行制作人,translated,text,5e38e342d6,br=0 nl=0,
ui/ui/staffroll/uil_staffroll_h.xml#41348,鯉沼 久史,鲤沼 久史,translated,text,04514697bf,br=0 nl=0,
ui/ui/staffroll/uil_staffroll_h.xml#41411,製作,制作,translated,text,53c6bc4ef7,br=0 nl=0,
ui/ui/staffroll/uil_staffroll_h.xml#41472,株式会社コーエーテクモゲームス,株式会社光荣特库摩游戏,translated,text,be816b716d,br=0 nl=0,
ui/ui/staffroll/uil_staffroll_i.xml#1243,歌姫,歌姬,translated,text,acdbfe60f4,br=0 nl=0,
ui/ui/staffroll/uil_staffroll_i.xml#1300,志方　あきこ,志方 晶子,translated,text,05f122732c,br=0 nl=0,
ui/ui/staffroll/uil_staffroll_i.xml#1361,城　南海,城 南海,translated,text,0326f175b4,br=0 nl=0,
ui/ui/staffroll/uil_staffroll_i.xml#1420,霜月　はるか,霜月 遥,translated,text,4fa4ca5550,br=0 nl=0,
ui/ui/staffroll/uil_staffroll_i.xml#1482,みとせ　のりこ,水户濑 纪子,translated,text,b870526ad2,br=0 nl=0,
ui/ui/staffroll/uil_staffroll_i.xml#1545,南條　愛乃,南条 爱乃,translated,text,29b52441c1,br=0 nl=0,
ui/ui/staffroll/uil_staffroll_i.xml#1667,イオン,依恩,translated,text,90d4718c90,br=0 nl=0,
ui/ui/staffroll/uil_staffroll_i.xml#1723,加隈　亜衣,加隈 亚衣,translated,text,d9fe60a2ce,br=0 nl=0,
ui/ui/staffroll/uil_staffroll_i.xml#1784,ネイ,妮伊,translated,text,dd82b752f9,br=0 nl=0,
ui/ui/staffroll/uil_staffroll_i.xml#1839,内田　真礼,内田 真礼,translated,text,664833d0bc,br=0 nl=0,
ui/ui/staffroll/uil_staffroll_i.xml#1900,サーリ,莎丽,translated,text,8a6ca8f186,br=0 nl=0,
ui/ui/staffroll/uil_staffroll_i.xml#1956,志村　由美,志村 由美,translated,text,d17ffb7a1f,br=0 nl=0,
ui/ui/staffroll/uil_staffroll_i.xml#2017,キャス,凯斯,translated,text,6f807afcb1,br=0 nl=0,
ui/ui/staffroll/uil_staffroll_i.xml#2073,水瀬　いのり,水濑 祈,translated,text,2c51d41405,br=0 nl=0,
ui/ui/staffroll/uil_staffroll_i.xml#2135,ター坊,阿达,translated,text,be218a88e0,br=0 nl=0,
ui/ui/staffroll/uil_staffroll_i.xml#2191,大原　桃子,大原 桃子,translated,text,7805da68da,br=0 nl=0,
ui/ui/staffroll/uil_staffroll_i.xml#2252,白鷹,白鹰,translated,text,80f8839be9,br=0 nl=0,
ui/ui/staffroll/uil_staffroll_i.xml#2307,新垣　樽助,新垣 樽助,translated,text,d639834023,br=0 nl=0,
ui/ui/staffroll/uil_staffroll_i.xml#2368,クラケット,库拉肯特,translated,text,b470c4a07c,br=0 nl=0,
ui/ui/staffroll/uil_staffroll_i.xml#2426,ふくまつ　進紗,福松 进纱,translated,text,b85b2c53ae,br=0 nl=0,
ui/ui/staffroll/uil_staffroll_i.xml#2489,レナルル,蕾娜露露,translated,text,b73a299dee,br=0 nl=0,
ui/ui/staffroll/uil_staffroll_i.xml#2546,大地　葉,大地 叶,translated,text,58928f7243,br=0 nl=0,
ui/ui/staffroll/uil_staffroll_i.xml#2606,ジル,吉鲁,translated,text,56d6edb965,br=0 nl=0,
ui/ui/staffroll/uil_staffroll_i.xml#2661,川崎　芽衣子,川崎 芽衣子,translated,text,7ef2b5d765,br=0 nl=0,
ui/ui/staffroll/uil_staffroll_i.xml#2723,ネロ,妮诺,translated,text,5ab7665c85,br=0 nl=0,
ui/ui/staffroll/uil_staffroll_i.xml#2778,東城　日紗子,东城 日沙子,translated,text,9336ae3b72,br=0 nl=0,
ui/ui/staffroll/uil_staffroll_i.xml#2840,リーヴェルト,利维尔特,translated,text,23a3a84bfe,br=0 nl=0,
ui/ui/staffroll/uil_staffroll_i.xml#2899,森田　順平,森田 顺平,translated,text,f887a1ed1d,br=0 nl=0,
ui/ui/staffroll/uil_staffroll_i.xml#2960,クーリン,库琳,translated,text,1c6f5779b8,br=0 nl=0,
ui/ui/staffroll/uil_staffroll_i.xml#3017,新垣　樽助,新垣 樽助,translated,text,d639834023,br=0 nl=0,
ui/ui/staffroll/uil_staffroll_i.xml#3078,ねりこ,妮莉库,translated,text,89b50863af,br=0 nl=0,
ui/ui/staffroll/uil_staffroll_i.xml#3194,辻　あゆみ,辻 步美,translated,text,6a47b14c1a,br=0 nl=0,
ui/ui/staffroll/uil_staffroll_i.xml#3255,松嵜　麗,松崎 丽,translated,text,24dac1be7c,br=0 nl=0,
ui/ui/staffroll/uil_staffroll_i.xml#3315,廣田　悠美,广田 悠美,translated,text,c4c77ccc0a,br=0 nl=0,
ui/ui/staffroll/uil_staffroll_i.xml#3376,臼木　健志郎,臼木 健志郎,translated,text,a06918f137,br=0 nl=0,
ui/ui/staffroll/uil_staffroll_i.xml#3439,松本　忍,松本 忍,translated,text,e3f5e19deb,br=0 nl=0,
ui/ui/staffroll/uil_staffroll_i.xml#3500,越田　直樹,越田 直树,translated,text,66c747016d,br=0 nl=0,
ui/ui/staffroll/uil_staffroll_i.xml#3562,大西　真央,大西 真央,translated,text,2110c6d7c7,br=0 nl=0,
ui/ui/staffroll/uil_staffroll_i.xml#3702,プランナーズセクション,策划部门,translated,text,0d32843cb5,br=0 nl=0,
ui/ui/staffroll/uil_staffroll_i.xml#3771,赤本　憲一,赤本 宪一,translated,text,ad611cf688,br=0 nl=0,
ui/ui/staffroll/uil_staffroll_i.xml#3833,梅田　雅武,梅田 雅武,translated,text,bcb88320ab,br=0 nl=0,
ui/ui/staffroll/uil_staffroll_i.xml#3895,村岡　剛弥,村冈 刚弥,translated,text,0e75a921bc,br=0 nl=0,
ui/ui/staffroll/uil_staffroll_i.xml#3957,加藤　周太,加藤 周太,translated,text,ddca2f6427,br=0 nl=0,
ui/ui/staffroll/uil_staffroll_i.xml#4019,松岡　大樹,松冈 大树,translated,text,d372601979,br=0 nl=0,
ui/ui/staffroll/uil_staffroll_i.xml#4081,田中　俊明,田中 俊明,translated,text,1d00fedc6b,br=0 nl=0,
ui/ui/staffroll/uil_staffroll_i.xml#4143,本田　響己,本田 响己,translated,text,dc0235233e,br=0 nl=0,
ui/ui/staffroll/uil_staffroll_i.xml#4205,プログラマーズセクション,程序员部门,translated,text,44c735ef17,br=0 nl=0,
ui/ui/staffroll/uil_staffroll_i.xml#4275,髙山　雅俊,高山 雅俊,translated,text,2b05fc035d,br=0 nl=0,
ui/ui/staffroll/uil_staffroll_i.xml#4337,金澤　佑介,金泽 佑介,translated,text,2038649a07,br=0 nl=0,
ui/ui/staffroll/uil_staffroll_i.xml#4399,山之口　操,山之口 操,translated,text,b0122ef9d0,br=0 nl=0,
ui/ui/staffroll/uil_staffroll_i.xml#4461,大田　尚明,大田 尚明,translated,text,74d4e53ec8,br=0 nl=0,
ui/ui/staffroll/uil_staffroll_i.xml#4523,難波　亮,难波 亮,translated,text,9377b6d3a4,br=0 nl=0,
ui/ui/staffroll/uil_staffroll_i.xml#4584,臼田　亜斗務,臼田 亚斗务,translated,text,020f1a7e76,br=0 nl=0,
ui/ui/staffroll/uil_staffroll_i.xml#4647,桂山　豪,桂山 豪,translated,text,1c84ff1e78,br=0 nl=0,
ui/ui/staffroll/uil_staffroll_i.xml#4708,佐藤　和也,佐藤 和也,translated,text,30834084ba,br=0 nl=0,
ui/ui/staffroll/uil_staffroll_i.xml#4770,山﨑　康平,山崎 康平,translated,text,ffb250d30a,br=0 nl=0,
ui/ui/staffroll/uil_staffroll_i.xml#4832,山下　真心,山下 真心,translated,text,61f5e37636,br=0 nl=0,
ui/ui/staffroll/uil_staffroll_i.xml#4894,デザイナーズセクション,设计师部门,translated,text,4ec447bf85,br=0 nl=0,
ui/ui/staffroll/uil_staffroll_i.xml#4963,CGディレクター,CG总监,translated,text,13d644da31,br=0 nl=0,
ui/ui/staffroll/uil_staffroll_i.xml#5025,岩瀬　智至,岩濑 智至,translated,text,e639b9e580,br=0 nl=0,
ui/ui/staffroll/uil_staffroll_i.xml#5087,キャラクターモデル,角色模型,translated,text,847a6758ec,br=0 nl=0,
ui/ui/staffroll/uil_staffroll_i.xml#5150,鈴木　康浩,铃木 康浩,translated,text,4ba488d04a,br=0 nl=0,
ui/ui/staffroll/uil_staffroll_i.xml#5212,早﨑　七海,早崎 七海,translated,text,1f6d7c33b0,br=0 nl=0,
ui/ui/staffroll/uil_staffroll_i.xml#5274,背景モデル,背景模型,translated,text,54bea4a2cc,br=0 nl=0,
ui/ui/staffroll/uil_staffroll_i.xml#5333,飯島　理恵,饭岛 理惠,translated,text,deda665c29,br=0 nl=0,
ui/ui/staffroll/uil_staffroll_i.xml#5395,インターフェースデザイン,界面设计,translated,text,c1c661b0bb,br=0 nl=0,
ui/ui/staffroll/uil_staffroll_i.xml#5461,馬場　博美,马场 博美,translated,text,2c333deaa0,br=0 nl=0,
ui/ui/staffroll/uil_staffroll_i.xml#5803,映像編集,影像编辑,translated,text,2bb223e3c0,br=0 nl=0,
ui/ui/staffroll/uil_staffroll_i.xml#5861,有馬　真作,有马 真作,translated,text,e32c2634a1,br=0 nl=0,
ui/ui/staffroll/uil_staffroll_i.xml#5923,斉藤　康信,齐藤 康信,translated,text,70a94fe358,br=0 nl=0,
ui/ui/staffroll/uil_staffroll_i.xml#5985,CG制作管理,CG制作管理,translated,text,4ea12195e3,br=0 nl=0,
ui/ui/staffroll/uil_staffroll_i.xml#6045,江川　弥寿生,江川 弥寿生,translated,text,f368d66cf7,br=0 nl=0,
ui/ui/staffroll/uil_staffroll_i.xml#6108,サウンドセクション,音效部门,translated,text,f692631407,br=0 nl=0,
ui/ui/staffroll/uil_staffroll_i.xml#6175,サウンドディレクター,音效总监,translated,text,87caf5e3c1,br=0 nl=0,
ui/ui/staffroll/uil_staffroll_i.xml#6239,高橋 洋明,高桥 洋明,translated,text,7d715a66f1,br=0 nl=0,
ui/ui/staffroll/uil_staffroll_i.xml#6301,天津光栄特庫摩軟件有限公司,天津光荣特库摩软件有限公司,translated,text,8a7dbadc6f,br=0 nl=0,
ui/ui/staffroll/uil_staffroll_i.xml#6372,デベロップメントマネージャー,开发经理,translated,text,a3540a5b0b,br=0 nl=0,
ui/ui/staffroll/uil_staffroll_i.xml#6440,安　曄,安 晔,translated,text,4b7cd118fa,br=0 nl=0,
ui/ui/staffroll/uil_staffroll_i.xml#6500,陳　皓,陈 皓,translated,text,dc3efeabc9,br=0 nl=0,
ui/ui/staffroll/uil_staffroll_i.xml#6560,プログラマー,程序员,translated,text,00a1706077,br=0 nl=0,
ui/ui/staffroll/uil_staffroll_i.xml#6620,岳　凱,岳 凯,translated,text,632d70a250,br=0 nl=0,
ui/ui/staffroll/uil_staffroll_i.xml#6680,陳　永飛,陈 永飞,translated,text,d262704611,br=0 nl=0,
ui/ui/staffroll/uil_staffroll_i.xml#6741,王　岩,王 岩,translated,text,55dc179b66,br=0 nl=0,
ui/ui/staffroll/uil_staffroll_i.xml#6801,孫　家琛,孙 家琛,translated,text,685b83afc1,br=0 nl=0,
ui/ui/staffroll/uil_staffroll_i.xml#6862,程　青舟,程 青舟,translated,text,27beff94b3,br=0 nl=0,
ui/ui/staffroll/uil_staffroll_i.xml#6923,劉　唯揚,刘 唯扬,translated,text,c2911ed2d9,br=0 nl=0,
ui/ui/staffroll/uil_staffroll_i.xml#6984,張　昊,张 昊,translated,text,275df0df5e,br=0 nl=0,
ui/ui/staffroll/uil_staffroll_i.xml#7044,デザイナー,设计师,translated,text,ed058a1ab0,br=0 nl=0,
ui/ui/staffroll/uil_staffroll_i.xml#7103,田　雪嬌,田 雪娇,translated,text,a11cdcd193,br=0 nl=0,
ui/ui/staffroll/uil_staffroll_i.xml#7164,広報,宣传,translated,text,6746eee8d6,br=0 nl=0,
ui/ui/staffroll/uil_staffroll_i.xml#7224,PRマーケティング,公关营销,translated,text,954a61299a,br=0 nl=0,
ui/ui/staffroll/uil_staffroll_i.xml#7287,吉川　真人,吉川 真人,translated,text,8a2ba50898,br=0 nl=0,
ui/ui/staffroll/uil_staffroll_i.xml#7349,水上　冴理,水上 冴理,translated,text,e4f4fa1d6a,br=0 nl=0,
ui/ui/staffroll/uil_staffroll_i.xml#7411,ソフトウェアマニュアル,软件手册,translated,text,9b5617111b,br=0 nl=0,
ui/ui/staffroll/uil_staffroll_i.xml#7480,加藤　雅大,加藤 雅大,translated,text,91bf91643d,br=0 nl=0,
ui/ui/staffroll/uil_staffroll_i.xml#7542,辻　槙人,辻 槙人,translated,text,c1cb4f06f8,br=0 nl=0,
ui/ui/staffroll/uil_staffroll_i.xml#7603,QAスタッフ,QA人员,translated,text,36ff45b240,br=0 nl=0,
ui/ui/staffroll/uil_staffroll_i.xml#7667,長谷川　茂,长谷川 茂,translated,text,3814329436,br=0 nl=0,
ui/ui/staffroll/uil_staffroll_i.xml#7729,キャラクターデザイン,角色设计,translated,text,34ac32a91f,br=0 nl=0,
ui/ui/staffroll/uil_staffroll_i.xml#7797,キャラクターイラスト,角色插画,translated,text,8ffb0bbffd,br=0 nl=0,
ui/ui/staffroll/uil_staffroll_i.xml#7926,パッケージイラスト,包装插画,translated,text,11036680bc,br=0 nl=0,
ui/ui/staffroll/uil_staffroll_i.xml#7993,フブキ,吹雪,translated,text,40f5527db7,br=0 nl=0,
ui/ui/staffroll/uil_staffroll_i.xml#8053,ワールドデザイン,世界设定设计,translated,text,a0094128c7,br=0 nl=0,
ui/ui/staffroll/uil_staffroll_i.xml#8119,松本　秀幸,松本 秀幸,translated,text,cac6e320dc,br=0 nl=0,
ui/ui/staffroll/uil_staffroll_i.xml#8242,コスチュームデザイン,服装设计,translated,text,b483d19059,br=0 nl=0,
ui/ui/staffroll/uil_staffroll_i.xml#8371,川松　由典,川松 由典,translated,text,654827f5ab,br=0 nl=0,
ui/ui/staffroll/uil_staffroll_i.xml#8433,桑田　ヤスヒロ,桑田 康弘,translated,text,6dec656f3b,br=0 nl=0,
ui/ui/staffroll/uil_staffroll_i.xml#8497,燕藤　ユウ,燕藤 悠,translated,text,8c84789206,br=0 nl=0,
ui/ui/staffroll/uil_staffroll_i.xml#8559,タスクテロップ・SDキャラデザイン,任务字幕・Q版角色设计,translated,text,158e93640f,br=0 nl=0,
ui/ui/staffroll/uil_staffroll_i.xml#8634,芹沢えのの,芹泽 Enono,translated,text,607d0edcc0,br=0 nl=0,
ui/ui/staffroll/uil_staffroll_i.xml#8696,シナリオ・脚本,剧本・脚本,translated,text,5b884ebd35,br=0 nl=0,
ui/ui/staffroll/uil_staffroll_i.xml#8761,夢セカイパート,梦世界部分,translated,text,aea66df668,br=0 nl=0,
ui/ui/staffroll/uil_staffroll_i.xml#8825,脚本,剧本,translated,text,7fbccbeb8a,br=0 nl=0,
ui/ui/staffroll/uil_staffroll_i.xml#8881,和泉　亮,和泉 亮,translated,text,eafef1a497,br=0 nl=0,
ui/ui/staffroll/uil_staffroll_i.xml#8942,花野　十三,花野 十三,translated,text,9990db3f0b,br=0 nl=0,
ui/ui/staffroll/uil_staffroll_i.xml#9004,谷村　大四郎,谷村 大四郎,translated,text,40c336b78f,br=0 nl=0,
ui/ui/staffroll/uil_staffroll_i.xml#9137,デザイン・モデリング・アニメーション,设计・建模・动画,translated,text,38967eaa41,br=0 nl=0,
ui/ui/staffroll/uil_staffroll_i.xml#9213,株式会社FlightUNIT,株式会社FlightUNIT,translated,text,1da69201f4,br=0 nl=0,
ui/ui/staffroll/uil_staffroll_i.xml#9284,キャラクターデザイン,角色设计,translated,text,34ac32a91f,br=0 nl=0,
ui/ui/staffroll/uil_staffroll_i.xml#9409,キャラクターモデリング,角色建模,translated,text,8148a92946,br=0 nl=0,
ui/ui/staffroll/uil_staffroll_i.xml#9474,桑田　まり子,桑田 真理子,translated,text,9a7ef2f3de,br=0 nl=0,
ui/ui/staffroll/uil_staffroll_i.xml#9537,川松　由典,川松 由典,translated,text,654827f5ab,br=0 nl=0,
ui/ui/staffroll/uil_staffroll_i.xml#9599,ワールドモデリング,世界建模,translated,text,8443ae1813,br=0 nl=0,
ui/ui/staffroll/uil_staffroll_i.xml#9723,川松　由典,川松 由典,translated,text,654827f5ab,br=0 nl=0,
ui/ui/staffroll/uil_staffroll_i.xml#9785,シャールデザイン,夏尔设计,translated,text,9d9cefacba,br=0 nl=0,
ui/ui/staffroll/uil_staffroll_i.xml#9908,川松　由典,川松 由典,translated,text,654827f5ab,br=0 nl=0,
ui/ui/staffroll/uil_staffroll_i.xml#9970,シャールモデリング,夏尔建模,translated,text,9e768da080,br=0 nl=0,
ui/ui/staffroll/uil_staffroll_i.xml#10033,川松　由典,川松 由典,translated,text,654827f5ab,br=0 nl=0,
ui/ui/staffroll/uil_staffroll_i.xml#10095,キャラクターアニメーション,角色动画,translated,text,6245f96f88,br=0 nl=0,
ui/ui/staffroll/uil_staffroll_i.xml#10162,山口　力哉,山口 力哉,translated,text,9db200242b,br=0 nl=0,
ui/ui/staffroll/uil_staffroll_i.xml#10224,テクニカルエンジニア,技术工程师,translated,text,1f8b0ef79d,br=0 nl=0,
ui/ui/staffroll/uil_staffroll_i.xml#10288,乱道,乱道,translated,text,afcfc8f99b,br=0 nl=0,
ui/ui/staffroll/uil_staffroll_i.xml#10347,大坪　俊介,大坪 俊介,translated,text,e4a7f6282a,br=0 nl=0,
ui/ui/staffroll/uil_staffroll_i.xml#10409,キャラクターセットアップ,角色装配,translated,text,2d9c1a161a,br=0 nl=0,
ui/ui/staffroll/uil_staffroll_i.xml#10475,大坪　俊介,大坪 俊介,translated,text,e4a7f6282a,br=0 nl=0,
ui/ui/staffroll/uil_staffroll_i.xml#10537,川松　由典,川松 由典,translated,text,654827f5ab,br=0 nl=0,
ui/ui/staffroll/uil_staffroll_i.xml#10599,マネジメント,管理,translated,text,644f6dd8a3,br=0 nl=0,
ui/ui/staffroll/uil_staffroll_i.xml#10659,松本　浩幸,松本 浩幸,translated,text,31c3a3098b,br=0 nl=0,
ui/ui/staffroll/uil_staffroll_i.xml#10721,背景描画,背景绘制,translated,text,7c693fd5dd,br=0 nl=0,
ui/ui/staffroll/uil_staffroll_i.xml#10783,松本　秀幸,松本 秀幸,translated,text,cac6e320dc,br=0 nl=0,
ui/ui/staffroll/uil_staffroll_i.xml#10845,藤野　健,藤野 健,translated,text,c8f847de19,br=0 nl=0,
ui/ui/staffroll/uil_staffroll_i.xml#10906,(千住工房),(千住工房),translated,text,72db564c31,br=0 nl=0,
ui/ui/staffroll/uil_staffroll_i.xml#10969,ムービー制作,影像制作,translated,text,76380644cd,br=0 nl=0,
ui/ui/staffroll/uil_staffroll_i.xml#11033,演出,演出,translated,text,7084a5c4b4,br=0 nl=0,
ui/ui/staffroll/uil_staffroll_i.xml#11089,蜂屋　雅幸,蜂屋 雅幸,translated,text,bacd8a88e9,br=0 nl=0,
ui/ui/staffroll/uil_staffroll_i.xml#11151,制作協力,制作协力,translated,text,06c1dc4d63,br=0 nl=0,
ui/ui/staffroll/uil_staffroll_i.xml#11270,背景,背景,translated,text,b13d33a528,br=0 nl=0,
ui/ui/staffroll/uil_staffroll_i.xml#11326,藤野　健,藤野 健,translated,text,c8f847de19,br=0 nl=0,
ui/ui/staffroll/uil_staffroll_i.xml#11387,(千住工房),(千住工房),translated,text,72db564c31,br=0 nl=0,
ui/ui/staffroll/uil_staffroll_i.xml#11506,蜂屋　雅幸,蜂屋 雅幸,translated,text,bacd8a88e9,br=0 nl=0,
ui/ui/staffroll/uil_staffroll_i.xml#11568,嘉藤　公紀,嘉藤 公纪,translated,text,b11bc7bcd0,br=0 nl=0,
ui/ui/staffroll/uil_staffroll_i.xml#11630,デザイン・グラフィック,设计・平面,translated,text,9c670269cd,br=0 nl=0,
ui/ui/staffroll/uil_staffroll_i.xml#11695,村澤　晴海,村泽 晴海,translated,text,ccc3eb0e5b,br=0 nl=0,
ui/ui/staffroll/uil_staffroll_i.xml#11757,目黒　久美子,目黑 久美子,translated,text,e42a1e5bcf,br=0 nl=0,
ui/ui/staffroll/uil_staffroll_i.xml#11820,制作進行管理,制作进度管理,translated,text,fce087be8d,br=0 nl=0,
ui/ui/staffroll/uil_staffroll_i.xml#11880,高橋　真,高桥 真,translated,text,0418a4adc3,br=0 nl=0,
ui/ui/staffroll/uil_staffroll_i.xml#11941,キャラクターアニメーション,角色动画,translated,text,6245f96f88,br=0 nl=0,
ui/ui/staffroll/uil_staffroll_i.xml#12008,山口　力哉,山口 力哉,translated,text,9db200242b,br=0 nl=0,
ui/ui/staffroll/uil_staffroll_i.xml#12070,大法要祝詞,大法要祝词,translated,text,de34d54786,br=0 nl=0,
ui/ui/staffroll/uil_staffroll_i.xml#12133,協力,协力,translated,text,1a054b3135,br=0 nl=0,
ui/ui/staffroll/uil_staffroll_i.xml#12258,バックグラウンドミュージック,背景音乐,translated,text,a5e60b8440,br=0 nl=0,
ui/ui/staffroll/uil_staffroll_i.xml#12330,コンポーザー,作曲家,translated,text,259843924f,br=0 nl=0,
ui/ui/staffroll/uil_staffroll_i.xml#12390,志方　あきこ,志方 晶子,translated,text,05f122732c,br=0 nl=0,
ui/ui/staffroll/uil_staffroll_i.xml#12659,音響,音效,translated,text,a94ecabc3c,br=0 nl=0,
ui/ui/staffroll/uil_staffroll_i.xml#12719,音響監督,音效总监,translated,text,e4bfb6b35d,br=0 nl=0,
ui/ui/staffroll/uil_staffroll_i.xml#12777,納谷　僚介,纳谷 僚介,translated,text,d0a88d7501,br=0 nl=0,
ui/ui/staffroll/uil_staffroll_i.xml#12839,録音調整,录音调整,translated,text,bdaaaa1218,br=0 nl=0,
ui/ui/staffroll/uil_staffroll_i.xml#12897,田中　直也,田中 直也,translated,text,a61c475fb5,br=0 nl=0,
ui/ui/staffroll/uil_staffroll_i.xml#12959,録音助手,录音助手,translated,text,2cd5fceb80,br=0 nl=0,
ui/ui/staffroll/uil_staffroll_i.xml#13017,三田　颯,三田 飒,translated,text,36385611f0,br=0 nl=0,
ui/ui/staffroll/uil_staffroll_i.xml#13078,道下　彩,道下 彩,translated,text,d5f8dc474d,br=0 nl=0,
ui/ui/staffroll/uil_staffroll_i.xml#13139,宮林　良太,宫林 良太,translated,text,0f70c3cd9a,br=0 nl=0,
ui/ui/staffroll/uil_staffroll_i.xml#13201,音響制作,音效制作,translated,text,3ba07c72e1,br=0 nl=0,
ui/ui/staffroll/uil_staffroll_i.xml#13328,音声編集,音频编辑,translated,text,e38d80f3d6,br=0 nl=0,
ui/ui/staffroll/uil_staffroll_i.xml#13390,株式会社ブレイブハーツ,株式会社Brave Hearts,translated,text,e92fbd661d,br=0 nl=0,
ui/ui/staffroll/uil_staffroll_i.xml#13458,デバッグ,调试,translated,text,93640dad3a,br=0 nl=0,
ui/ui/staffroll/uil_staffroll_i.xml#13520,ポールトゥウィン株式会社,株式会社Pole To Win,translated,text,cda47e17fb,br=0 nl=0,
ui/ui/staffroll/uil_staffroll_i.xml#13589,三田村　理史,三田村 理史,translated,text,471a7652f7,br=0 nl=0,
ui/ui/staffroll/uil_staffroll_i.xml#13652,山崎　乙,山崎 乙,translated,text,8f70623b22,br=0 nl=0,
ui/ui/staffroll/uil_staffroll_i.xml#13713,牧　睦美,牧 睦美,translated,text,36499eaf9d,br=0 nl=0,
ui/ui/staffroll/uil_staffroll_i.xml#13774,木村　知生,木村 知生,translated,text,f4f07268a4,br=0 nl=0,
ui/ui/staffroll/uil_staffroll_i.xml#13836,宮下　廣大,宫下 广大,translated,text,4c64af3cd0,br=0 nl=0,
ui/ui/staffroll/uil_staffroll_i.xml#13898,【シェルノサージュ・ゲームパート】,【Ciel nosurge游戏部分】,translated,text,9248244bef,br=0 nl=0,
ui/ui/staffroll/uil_staffroll_i.xml#13973,ワールドイラスト,世界插画,translated,text,5cd301b8d2,br=0 nl=0,
ui/ui/staffroll/uil_staffroll_i.xml#14039,松本　秀幸,松本 秀幸,translated,text,cac6e320dc,br=0 nl=0,
ui/ui/staffroll/uil_staffroll_i.xml#14101,加藤　たいら,加藤 泰良,translated,text,06ffb04cd0,br=0 nl=0,
ui/ui/staffroll/uil_staffroll_i.xml#14164,株式会社千住工房,株式会社千住工房,translated,text,3de756af57,br=0 nl=0,
ui/ui/staffroll/uil_staffroll_i.xml#14229,杉本　あゆみ,杉本 亚由美,translated,text,0cc43ca50f,br=0 nl=0,
ui/ui/staffroll/uil_staffroll_i.xml#14292,小林　雅代,小林 雅代,translated,text,b0113f997a,br=0 nl=0,
ui/ui/staffroll/uil_staffroll_i.xml#14354,藤野　健,藤野 健,translated,text,c8f847de19,br=0 nl=0,
ui/ui/staffroll/uil_staffroll_i.xml#14415,山梨　彩子,山梨 彩子,translated,text,b952ec77ac,br=0 nl=0,
ui/ui/staffroll/uil_staffroll_i.xml#14477,株式会社ロジスティックス,株式会社Logistics,translated,text,8ec59442f3,br=0 nl=0,
ui/ui/staffroll/uil_staffroll_i.xml#14546,チーム・ティルドーン,Team TillDawn,translated,text,20dce76a53,br=0 nl=0,
ui/ui/staffroll/uil_staffroll_i.xml#14610,宮越　歩,宫越 步,translated,text,fe37f2f67e,br=0 nl=0,
ui/ui/staffroll/uil_staffroll_i.xml#14671,川松　由典,川松 由典,translated,text,654827f5ab,br=0 nl=0,
ui/ui/staffroll/uil_staffroll_i.xml#14733,シナリオライターセクション,编剧部门,translated,text,a1348aacfb,br=0 nl=0,
ui/ui/staffroll/uil_staffroll_i.xml#14804,夢セカイパート,梦世界部分,translated,text,aea66df668,br=0 nl=0,
ui/ui/staffroll/uil_staffroll_i.xml#14868,脚本,剧本,translated,text,7fbccbeb8a,br=0 nl=0,
ui/ui/staffroll/uil_staffroll_i.xml#14924,谷村　大四郎,谷村 大四郎,translated,text,40c336b78f,br=0 nl=0,
ui/ui/staffroll/uil_staffroll_i.xml#15056,花野　十三 ,花野 十三,translated,text,ec9f16e629,br=0 nl=0,
ui/ui/staffroll/uil_staffroll_i.xml#15181,和泉　亮 ,和泉 亮,translated,text,64981930da,br=0 nl=0,
ui/ui/staffroll/uil_staffroll_i.xml#15306,デザイナーズセクション,设计师部门,translated,text,4ec447bf85,br=0 nl=0,
ui/ui/staffroll/uil_staffroll_i.xml#15375,アイテムCG作成,道具CG制作,translated,text,4959dedafc,br=0 nl=0,
ui/ui/staffroll/uil_staffroll_i.xml#15437,小瀬　希,小濑 希,translated,text,31c8eb4891,br=0 nl=0,
ui/ui/staffroll/uil_staffroll_i.xml#15498,プログラマーズセクション,程序员部门,translated,text,44c735ef17,br=0 nl=0,
ui/ui/staffroll/uil_staffroll_i.xml#15568,【オフライン版制作】,【单机版制作】,translated,text,03d64cac73,br=0 nl=0,
ui/ui/staffroll/uil_staffroll_i.xml#15635,株式会社メテオライズ,株式会社Meteorise,translated,text,61cde65511,br=0 nl=0,
ui/ui/staffroll/uil_staffroll_i.xml#15702,デベロップメントマネージャー,开发经理,translated,text,a3540a5b0b,br=0 nl=0,
ui/ui/staffroll/uil_staffroll_i.xml#15770,渡邉　幸二,渡边 幸二,translated,text,a836876d7e,br=0 nl=0,
ui/ui/staffroll/uil_staffroll_i.xml#15832,リードプログラマー,主程序员,translated,text,9229f02856,br=0 nl=0,
ui/ui/staffroll/uil_staffroll_i.xml#15895,山本　哲也,山本 哲也,translated,text,3f4c63e01f,br=0 nl=0,
ui/ui/staffroll/uil_staffroll_i.xml#15957,新井　朗,新井 朗,translated,text,90f9b443bf,br=0 nl=0,
ui/ui/staffroll/uil_staffroll_i.xml#16018,井出　純平,井出 纯平,translated,text,539eef3cdb,br=0 nl=0,
ui/ui/staffroll/uil_staffroll_i.xml#16080,堀川　雄大,堀川 雄大,translated,text,0427e75ecf,br=0 nl=0,
ui/ui/staffroll/uil_staffroll_i.xml#16142,株式会社メテオライズ,株式会社Meteorise,translated,text,61cde65511,br=0 nl=0,
ui/ui/staffroll/uil_staffroll_i.xml#16209,HTTP ネットワーク モジュール,HTTP网络模块,translated,text,700b00a437,br=0 nl=0,
ui/ui/staffroll/uil_staffroll_i.xml#16280,渡邉　幸二,渡边 幸二,translated,text,a836876d7e,br=0 nl=0,
ui/ui/staffroll/uil_staffroll_i.xml#16342,シャール システム,夏尔系统,translated,text,3000840e0e,br=0 nl=0,
ui/ui/staffroll/uil_staffroll_i.xml#16405,山本　哲也,山本 哲也,translated,text,3f4c63e01f,br=0 nl=0,
ui/ui/staffroll/uil_staffroll_i.xml#16467,株式会社エクストリーム,株式会社Extreme,translated,text,98c9f61cf3,br=0 nl=0,
ui/ui/staffroll/uil_staffroll_i.xml#16535,プログラムサポート,程序支援,translated,text,26d10aad29,br=0 nl=0,
ui/ui/staffroll/uil_staffroll_i.xml#16598,加津間　聡,加津间 聪,translated,text,0781ac921c,br=0 nl=0,
ui/ui/staffroll/uil_staffroll_i.xml#16660,青木　一也,青木 一也,translated,text,c83b05964d,br=0 nl=0,
ui/ui/staffroll/uil_staffroll_i.xml#16722,ネットワークセクション,网络部门,translated,text,4e67a84cd1,br=0 nl=0,
ui/ui/staffroll/uil_staffroll_i.xml#16861,ウェブエンジニア,网页工程师,translated,text,6cb6815dad,br=0 nl=0,
ui/ui/staffroll/uil_staffroll_i.xml#16923,三島　功,三岛 功,translated,text,5b8e07376e,br=0 nl=0,
ui/ui/staffroll/uil_staffroll_i.xml#16984,(株)wizgeek,(株)wizgeek,translated,text,cd5a3764f1,br=0 nl=0,
ui/ui/staffroll/uil_staffroll_i.xml#17051,ウェブオペレーション,网页运维,translated,text,0299d42ed3,br=0 nl=0,
ui/ui/staffroll/uil_staffroll_i.xml#17115,仲田　享司,仲田 享司,translated,text,2a82ae3f5e,br=0 nl=0,
ui/ui/staffroll/uil_staffroll_i.xml#17177,３Ｄモデル＆モーション,3D模型与动作,translated,text,cfca7f34e9,br=0 nl=0,
ui/ui/staffroll/uil_staffroll_i.xml#17246,株式会社FlightUNIT,株式会社FlightUNIT,translated,text,1da69201f4,br=0 nl=0,
ui/ui/staffroll/uil_staffroll_i.xml#17317,アートディレクター,艺术总监,translated,text,c34e651c44,br=0 nl=0,
ui/ui/staffroll/uil_staffroll_i.xml#17441,メイン3Dモデリング,主3D建模,translated,text,7a817aa640,br=0 nl=0,
ui/ui/staffroll/uil_staffroll_i.xml#17566,3Dモデリング,3D建模,translated,text,a9229cb55f,br=0 nl=0,
ui/ui/staffroll/uil_staffroll_i.xml#17627,川松　由典,川松 由典,translated,text,654827f5ab,br=0 nl=0,
ui/ui/staffroll/uil_staffroll_i.xml#17689,桑田　まり子,桑田 真理子,translated,text,9a7ef2f3de,br=0 nl=0,
ui/ui/staffroll/uil_staffroll_i.xml#17752,燕藤　ユウ,燕藤 悠,translated,text,8c84789206,br=0 nl=0,
ui/ui/staffroll/uil_staffroll_i.xml#17814,ワールドモデリング,世界建模,translated,text,8443ae1813,br=0 nl=0,
ui/ui/staffroll/uil_staffroll_i.xml#17877,川松　由典,川松 由典,translated,text,654827f5ab,br=0 nl=0,
ui/ui/staffroll/uil_staffroll_i.xml#17939,大坪　俊介,大坪 俊介,translated,text,e4a7f6282a,br=0 nl=0,
ui/ui/staffroll/uil_staffroll_i.xml#18001,桑田　まり子,桑田 真理子,translated,text,9a7ef2f3de,br=0 nl=0,
ui/ui/staffroll/uil_staffroll_i.xml#18064,シャールデザイン,夏尔设计,translated,text,9d9cefacba,br=0 nl=0,
ui/ui/staffroll/uil_staffroll_i.xml#18187,川松　由典,川松 由典,translated,text,654827f5ab,br=0 nl=0,
ui/ui/staffroll/uil_staffroll_i.xml#18249,シャールモデリング,夏尔建模,translated,text,9e768da080,br=0 nl=0,
ui/ui/staffroll/uil_staffroll_i.xml#18312,川松　由典,川松 由典,translated,text,654827f5ab,br=0 nl=0,
ui/ui/staffroll/uil_staffroll_i.xml#18374,高橋　聖,高桥 圣,translated,text,dfbf0ca1c6,br=0 nl=0,
ui/ui/staffroll/uil_staffroll_i.xml#18435,桑田　まり子,桑田 真理子,translated,text,9a7ef2f3de,br=0 nl=0,
ui/ui/staffroll/uil_staffroll_i.xml#18498,メインアニメーター,主动画师,translated,text,4a9646d5bb,br=0 nl=0,
ui/ui/staffroll/uil_staffroll_i.xml#18561,山口　力哉,山口 力哉,translated,text,9db200242b,br=0 nl=0,
ui/ui/staffroll/uil_staffroll_i.xml#18623,キャラクターアニメーション,角色动画,translated,text,6245f96f88,br=0 nl=0,
ui/ui/staffroll/uil_staffroll_i.xml#18690,矢戸　恵,矢户 惠,translated,text,98bd1a2e46,br=0 nl=0,
ui/ui/staffroll/uil_staffroll_i.xml#18812,イベントプログラム,事件程序,translated,text,45c20cb56a,br=0 nl=0,
ui/ui/staffroll/uil_staffroll_i.xml#18875,乱道,乱道,translated,text,afcfc8f99b,br=0 nl=0,
ui/ui/staffroll/uil_staffroll_i.xml#18934,テクニカルエンジニア,技术工程师,translated,text,1f8b0ef79d,br=0 nl=0,
ui/ui/staffroll/uil_staffroll_i.xml#18998,乱道,乱道,translated,text,afcfc8f99b,br=0 nl=0,
ui/ui/staffroll/uil_staffroll_i.xml#19057,大坪　俊介,大坪 俊介,translated,text,e4a7f6282a,br=0 nl=0,
ui/ui/staffroll/uil_staffroll_i.xml#19119,キャラクターセットアップ,角色装配,translated,text,2d9c1a161a,br=0 nl=0,
ui/ui/staffroll/uil_staffroll_i.xml#19185,大坪　俊介,大坪 俊介,translated,text,e4a7f6282a,br=0 nl=0,
ui/ui/staffroll/uil_staffroll_i.xml#19247,矢戸　恵,矢户 惠,translated,text,98bd1a2e46,br=0 nl=0,
ui/ui/staffroll/uil_staffroll_i.xml#19308,インターフェイスデザイン,界面设计,translated,text,8fe4dab4e8,br=0 nl=0,
ui/ui/staffroll/uil_staffroll_i.xml#19435,桑田　まり子,桑田 真理子,translated,text,9a7ef2f3de,br=0 nl=0,
ui/ui/staffroll/uil_staffroll_i.xml#19498,マネジメント,管理,translated,text,644f6dd8a3,br=0 nl=0,
ui/ui/staffroll/uil_staffroll_i.xml#19558,松本　浩幸,松本 浩幸,translated,text,31c3a3098b,br=0 nl=0,
ui/ui/staffroll/uil_staffroll_i.xml#19620,オープニングムービー,片头影像,translated,text,bddc00b466,br=0 nl=0,
ui/ui/staffroll/uil_staffroll_i.xml#19688,絵コンテ・演出,分镜・演出,translated,text,c1285163f7,br=0 nl=0,
ui/ui/staffroll/uil_staffroll_i.xml#19810,ディレクター　,总监,translated,text,135e67823a,br=0 nl=0,
ui/ui/staffroll/uil_staffroll_i.xml#19871,嘉藤　公紀,嘉藤 公纪,translated,text,b11bc7bcd0,br=0 nl=0,
ui/ui/staffroll/uil_staffroll_i.xml#19989,浅尾　憲治,浅尾 宪治,translated,text,6bc5e803d3,br=0 nl=0,
ui/ui/staffroll/uil_staffroll_i.xml#20051,蜂屋　雅幸,蜂屋 雅幸,translated,text,bacd8a88e9,br=0 nl=0,
ui/ui/staffroll/uil_staffroll_i.xml#20113,森中　亮,森中 亮,translated,text,d2b56e5d7c,br=0 nl=0,
ui/ui/staffroll/uil_staffroll_i.xml#20174,製作,制作,translated,text,53c6bc4ef7,br=0 nl=0,
ui/ui/staffroll/uil_staffroll_i.xml#20230,ポイント・ピクチャーズ,Point Pictures,translated,text,4b9cc20967,br=0 nl=0,
ui/ui/staffroll/uil_staffroll_i.xml#20298,プロモーションムービー,宣传影像,translated,text,375c066366,br=0 nl=0,
ui/ui/staffroll/uil_staffroll_i.xml#20367,ディレクター　,总监,translated,text,135e67823a,br=0 nl=0,
ui/ui/staffroll/uil_staffroll_i.xml#20428,浅尾　憲治,浅尾 宪治,translated,text,6bc5e803d3,br=0 nl=0,
ui/ui/staffroll/uil_staffroll_i.xml#20546,森　進二郞,森 进二郎,translated,text,564356e8ac,br=0 nl=0,
ui/ui/staffroll/uil_staffroll_i.xml#20608,村澤　晴海,村泽 晴海,translated,text,ccc3eb0e5b,br=0 nl=0,
ui/ui/staffroll/uil_staffroll_i.xml#20670,大塚　竹男,大冢 竹男,translated,text,ac5a7c666f,br=0 nl=0,
ui/ui/staffroll/uil_staffroll_i.xml#20732,製作,制作,translated,text,53c6bc4ef7,br=0 nl=0,
ui/ui/staffroll/uil_staffroll_i.xml#20788,ポイント・ピクチャーズ,Point Pictures,translated,text,4b9cc20967,br=0 nl=0,
ui/ui/staffroll/uil_staffroll_i.xml#20856,詩ムービー,诗歌影像,translated,text,03e84567a7,br=0 nl=0,
ui/ui/staffroll/uil_staffroll_i.xml#20919,ディレクター,总监,translated,text,074ca740ff,br=0 nl=0,
ui/ui/staffroll/uil_staffroll_i.xml#20979,絵コンテ・演出,分镜・演出,translated,text,c1285163f7,br=0 nl=0,
ui/ui/staffroll/uil_staffroll_i.xml#21101,キャラクターアニメーション,角色动画,translated,text,6245f96f88,br=0 nl=0,
ui/ui/staffroll/uil_staffroll_i.xml#21229,山口　力哉,山口 力哉,translated,text,9db200242b,br=0 nl=0,
ui/ui/staffroll/uil_staffroll_i.xml#21291,嘉藤　公紀,嘉藤 公纪,translated,text,b11bc7bcd0,br=0 nl=0,
ui/ui/staffroll/uil_staffroll_i.xml#21422,ジェノミライムービー,杰诺米莱伊影像,translated,text,f6e7d2fd93,br=0 nl=0,
ui/ui/staffroll/uil_staffroll_i.xml#21490,制作,制作,translated,text,7d394484ec,br=0 nl=0,
ui/ui/staffroll/uil_staffroll_i.xml#21607,バックグラウンドミュージック,背景音乐,translated,text,a5e60b8440,br=0 nl=0,
ui/ui/staffroll/uil_staffroll_i.xml#21679,ミュージックディレクター,音乐总监,translated,text,d43c0fd3f4,br=0 nl=0,
ui/ui/staffroll/uil_staffroll_i.xml#21745,志方　あきこ,志方 晶子,translated,text,05f122732c,br=0 nl=0,
ui/ui/staffroll/uil_staffroll_i.xml#21808,コンポーザー,作曲家,translated,text,259843924f,br=0 nl=0,
ui/ui/staffroll/uil_staffroll_i.xml#21868,志方　あきこ,志方 晶子,translated,text,05f122732c,br=0 nl=0,
ui/ui/staffroll/uil_staffroll_i.xml#22137,アコースティックギター,原声吉他,translated,text,a7abba5538,br=0 nl=0,
ui/ui/staffroll/uil_staffroll_i.xml#22202,吉田　穣,吉田 穰,translated,text,c4ff906d3c,br=0 nl=0,
ui/ui/staffroll/uil_staffroll_i.xml#22263,エレキギター,电吉他,translated,text,1fa9044665,br=0 nl=0,
ui/ui/staffroll/uil_staffroll_i.xml#22323,吉田　穣,吉田 穰,translated,text,c4ff906d3c,br=0 nl=0,
ui/ui/staffroll/uil_staffroll_i.xml#22384,シタール,锡塔尔琴,translated,text,8f25ffe37e,br=0 nl=0,
ui/ui/staffroll/uil_staffroll_i.xml#22442,吉田　穣,吉田 穰,translated,text,c4ff906d3c,br=0 nl=0,
ui/ui/staffroll/uil_staffroll_i.xml#22503,ヴァイオリン,小提琴,translated,text,668c16f747,br=0 nl=0,
ui/ui/staffroll/uil_staffroll_i.xml#22563,大貫　聖子,大贯 圣子,translated,text,3869a50f95,br=0 nl=0,
ui/ui/staffroll/uil_staffroll_i.xml#22625,音響,音效,translated,text,a94ecabc3c,br=0 nl=0,
ui/ui/staffroll/uil_staffroll_i.xml#22685,音響監督,音效总监,translated,text,e4bfb6b35d,br=0 nl=0,
ui/ui/staffroll/uil_staffroll_i.xml#22743,納谷　僚介,纳谷 僚介,translated,text,d0a88d7501,br=0 nl=0,
ui/ui/staffroll/uil_staffroll_i.xml#22805,録音調整,录音调整,translated,text,bdaaaa1218,br=0 nl=0,
ui/ui/staffroll/uil_staffroll_i.xml#22863,田中　直也,田中 直也,translated,text,a61c475fb5,br=0 nl=0,
ui/ui/staffroll/uil_staffroll_i.xml#22925,録音助手,录音助手,translated,text,2cd5fceb80,br=0 nl=0,
ui/ui/staffroll/uil_staffroll_i.xml#22983,三田　颯,三田 飒,translated,text,36385611f0,br=0 nl=0,
ui/ui/staffroll/uil_staffroll_i.xml#23044,道下　彩,道下 彩,translated,text,d5f8dc474d,br=0 nl=0,
ui/ui/staffroll/uil_staffroll_i.xml#23105,音響制作,音效制作,translated,text,3ba07c72e1,br=0 nl=0,
ui/ui/staffroll/uil_staffroll_i.xml#23234,技術協力,技术协力,translated,text,09ac8b241a,br=0 nl=0,
ui/ui/staffroll/uil_staffroll_i.xml#23297,株式会社ＣＲＩ・ミドルウェア,株式会社CRI Middleware,translated,text,ddfc365935,br=0 nl=0,
ui/ui/staffroll/uil_staffroll_i.xml#23369,代表取締役専務ＣＴＯ,执行董事专务CTO,translated,text,e027789a7b,br=0 nl=0,
ui/ui/staffroll/uil_staffroll_i.xml#23434,押見　正雄,押见 正雄,translated,text,bb3d517d8c,br=0 nl=0,
ui/ui/staffroll/uil_staffroll_i.xml#23560,佐藤　修,佐藤 修,translated,text,8d20a19056,br=0 nl=0,
ui/ui/staffroll/uil_staffroll_i.xml#23622,鈴木　成門,铃木 成门,translated,text,151d8ce7cd,br=0 nl=0,
ui/ui/staffroll/uil_staffroll_i.xml#23685,郷原　亮,乡原 亮,translated,text,edafc04a4c,br=0 nl=0,
ui/ui/staffroll/uil_staffroll_i.xml#23747,水津　達也,水津 达也,translated,text,1b6339ac0a,br=0 nl=0,
ui/ui/staffroll/uil_staffroll_i.xml#23810,田中　孝,田中 孝,translated,text,6a01522493,br=0 nl=0,
ui/ui/staffroll/uil_staffroll_i.xml#23872,薄　　亮,薄 亮,translated,text,9be14828cf,br=0 nl=0,
ui/ui/staffroll/uil_staffroll_i.xml#23934,及川　進,及川 进,translated,text,564af3d63f,br=0 nl=0,
ui/ui/staffroll/uil_staffroll_i.xml#24062,漆畑　祐介,漆畑 佑介,translated,text,7b38215b37,br=0 nl=0,
ui/ui/staffroll/uil_staffroll_i.xml#24125,櫻井　敦史,樱井 敦史,translated,text,56fb1b2ef2,br=0 nl=0,
ui/ui/staffroll/uil_staffroll_i.xml#24250,花房　宏通,花房 宏通,translated,text,b03c5ceac2,br=0 nl=0,
ui/ui/staffroll/uil_staffroll_i.xml#24313,太田　政美,太田 政美,translated,text,84c8d1255b,br=0 nl=0,
ui/ui/staffroll/uil_staffroll_i.xml#24376,渡辺　大輔,渡边 大辅,translated,text,e1ba1468a3,br=0 nl=0,
ui/ui/staffroll/uil_staffroll_i.xml#24507,佐藤　修,佐藤 修,translated,text,8d20a19056,br=0 nl=0,
ui/ui/staffroll/uil_staffroll_i.xml#24569,デバッグ,调试,translated,text,93640dad3a,br=0 nl=0,
ui/ui/staffroll/uil_staffroll_i.xml#24632,ポールトゥウィン株式会社,株式会社Pole To Win,translated,text,cda47e17fb,br=0 nl=0,
ui/ui/staffroll/uil_staffroll_i.xml#24702,三田村 理史,三田村 理史,translated,text,77e158e1ae,br=0 nl=0,
ui/ui/staffroll/uil_staffroll_i.xml#24766,浅田　卓,浅田 卓,translated,text,adcb96dc81,br=0 nl=0,
ui/ui/staffroll/uil_staffroll_i.xml#24828,山崎　乙,山崎 乙,translated,text,8f70623b22,br=0 nl=0,
ui/ui/staffroll/uil_staffroll_i.xml#24890,大井 勇生,大井 勇生,translated,text,fcdda02341,br=0 nl=0,
ui/ui/staffroll/uil_staffroll_i.xml#24953,牧　睦美,牧 睦美,translated,text,36499eaf9d,br=0 nl=0,
ui/ui/staffroll/uil_staffroll_i.xml#25015,木村　知生,木村 知生,translated,text,f4f07268a4,br=0 nl=0,
ui/ui/staffroll/uil_staffroll_i.xml#25078,宮下　廣大,宫下 广大,translated,text,4c64af3cd0,br=0 nl=0,
ui/ui/staffroll/uil_staffroll_i.xml#25141,柴田　裕司,柴田 裕司,translated,text,13fa6f22df,br=0 nl=0,
ui/ui/staffroll/uil_staffroll_i.xml#25204,西原　正洋,西原 正洋,translated,text,1aa88db9f1,br=0 nl=0,
ui/ui/staffroll/uil_staffroll_i.xml#25267,高田　陽介,高田 阳介,translated,text,ec9fea6efa,br=0 nl=0,
ui/ui/staffroll/uil_staffroll_i.xml#25330,澤田　哲也,泽田 哲也,translated,text,bc595385ac,br=0 nl=0,
ui/ui/staffroll/uil_staffroll_i.xml#25393,渡邊　さや,渡边 沙耶,translated,text,a3fb83c85e,br=0 nl=0,
ui/ui/staffroll/uil_staffroll_i.xml#25456,山谷　武,山谷 武,translated,text,254588c758,br=0 nl=0,
ui/ui/staffroll/uil_staffroll_i.xml#25518,小川　早苗,小川 早苗,translated,text,116301b38a,br=0 nl=0,
ui/ui/staffroll/uil_staffroll_i.xml#25581,村川　雄一郎,村川 雄一郎,translated,text,93fd06889d,br=0 nl=0,
ui/ui/staffroll/uil_staffroll_i.xml#25645,挿入歌,插曲,translated,text,43505f0b2e,br=0 nl=0,
ui/ui/staffroll/uil_staffroll_i.xml#25707,#00『謳無き丘へ～Introduce Ver.～』,#00‘致无鸣之丘～Introduce Ver.～’,translated,text,abf88f0aa3,br=0 nl=0,src-longest-line=26
ui/ui/staffroll/uil_staffroll_i.xml#25791,ヴォーカル,主唱,translated,text,a9d22c4f25,br=0 nl=0,
ui/ui/staffroll/uil_staffroll_i.xml#25851,志方　あきこ,志方 晶子,translated,text,05f122732c,br=0 nl=0,
ui/ui/staffroll/uil_staffroll_i.xml#25915,コーラス,和声,translated,text,e6f23f00bd,br=0 nl=0,
ui/ui/staffroll/uil_staffroll_i.xml#25974,志方　あきこ,志方 晶子,translated,text,05f122732c,br=0 nl=0,
ui/ui/staffroll/uil_staffroll_i.xml#26038,作詞,作词,translated,text,37dd0a71d2,br=0 nl=0,
ui/ui/staffroll/uil_staffroll_i.xml#26095,土屋　暁,土屋 晓,translated,text,21998e95cc,br=0 nl=0,
ui/ui/staffroll/uil_staffroll_i.xml#26157,作曲,作曲,translated,text,779e678323,br=0 nl=0,
ui/ui/staffroll/uil_staffroll_i.xml#26214,土屋　暁,土屋 晓,translated,text,21998e95cc,br=0 nl=0,
ui/ui/staffroll/uil_staffroll_i.xml#26276,編曲,编曲,translated,text,0d9b094937,br=0 nl=0,
ui/ui/staffroll/uil_staffroll_i.xml#26333,志方　あきこ,志方 晶子,translated,text,05f122732c,br=0 nl=0,
ui/ui/staffroll/uil_staffroll_i.xml#26397,アコースティックギター,原声吉他,translated,text,a7abba5538,br=0 nl=0,
ui/ui/staffroll/uil_staffroll_i.xml#26463,田代　耕一郎,田代 耕一郎,translated,text,2b32bdbfd2,br=0 nl=0,
ui/ui/staffroll/uil_staffroll_i.xml#26527,アイリッシュブズーキー,爱尔兰布祖基琴,translated,text,d1c4382eb2,br=0 nl=0,
ui/ui/staffroll/uil_staffroll_i.xml#26593,田代　耕一郎,田代 耕一郎,translated,text,2b32bdbfd2,br=0 nl=0,
ui/ui/staffroll/uil_staffroll_i.xml#26732,ヴォーカル,主唱,translated,text,a9d22c4f25,br=0 nl=0,
ui/ui/staffroll/uil_staffroll_i.xml#26792,志方　あきこ,志方 晶子,translated,text,05f122732c,br=0 nl=0,
ui/ui/staffroll/uil_staffroll_i.xml#26856,コーラス,和声,translated,text,e6f23f00bd,br=0 nl=0,
ui/ui/staffroll/uil_staffroll_i.xml#26915,志方　あきこ,志方 晶子,translated,text,05f122732c,br=0 nl=0,
ui/ui/staffroll/uil_staffroll_i.xml#26979,作詞,作词,translated,text,37dd0a71d2,br=0 nl=0,
ui/ui/staffroll/uil_staffroll_i.xml#27036,志方　あきこ,志方 晶子,translated,text,05f122732c,br=0 nl=0,
ui/ui/staffroll/uil_staffroll_i.xml#27100,作曲,作曲,translated,text,779e678323,br=0 nl=0,
ui/ui/staffroll/uil_staffroll_i.xml#27157,志方　あきこ,志方 晶子,translated,text,05f122732c,br=0 nl=0,
ui/ui/staffroll/uil_staffroll_i.xml#27221,編曲,编曲,translated,text,0d9b094937,br=0 nl=0,
ui/ui/staffroll/uil_staffroll_i.xml#27278,志方　あきこ,志方 晶子,translated,text,05f122732c,br=0 nl=0,
ui/ui/staffroll/uil_staffroll_i.xml#27342,アコースティックギター,原声吉他,translated,text,a7abba5538,br=0 nl=0,
ui/ui/staffroll/uil_staffroll_i.xml#27408,田代　耕一郎,田代 耕一郎,translated,text,2b32bdbfd2,br=0 nl=0,
ui/ui/staffroll/uil_staffroll_i.xml#27472,カンテレ,康特勒琴,translated,text,99e23b542c,br=0 nl=0,
ui/ui/staffroll/uil_staffroll_i.xml#27531,田代　耕一郎,田代 耕一郎,translated,text,2b32bdbfd2,br=0 nl=0,
ui/ui/staffroll/uil_staffroll_i.xml#27595,パーカッション,打击乐,translated,text,b5c517e01d,br=0 nl=0,
ui/ui/staffroll/uil_staffroll_i.xml#27657,大石　真理恵,大石 真理惠,translated,text,59c84c61d6,br=0 nl=0,
ui/ui/staffroll/uil_staffroll_i.xml#27721,筝,筝,translated,text,e09f68108a,br=0 nl=0,
ui/ui/staffroll/uil_staffroll_i.xml#27777,中垣　雅葉,中垣 雅叶,translated,text,ec00152ffc,br=0 nl=0,
ui/ui/staffroll/uil_staffroll_i.xml#27840,#02『天地咆吼』,#02‘天地咆哮’,translated,text,54b41e4730,br=0 nl=0,
ui/ui/staffroll/uil_staffroll_i.xml#27907,ヴォーカル,主唱,translated,text,a9d22c4f25,br=0 nl=0,
ui/ui/staffroll/uil_staffroll_i.xml#27967,城　南海,城 南海,translated,text,0326f175b4,br=0 nl=0,
ui/ui/staffroll/uil_staffroll_i.xml#28029,コーラス,和声,translated,text,e6f23f00bd,br=0 nl=0,
ui/ui/staffroll/uil_staffroll_i.xml#28088,城　南海,城 南海,translated,text,0326f175b4,br=0 nl=0,
ui/ui/staffroll/uil_staffroll_i.xml#28150,作詞,作词,translated,text,37dd0a71d2,br=0 nl=0,
ui/ui/staffroll/uil_staffroll_i.xml#28207,志方　あきこ,志方 晶子,translated,text,05f122732c,br=0 nl=0,
ui/ui/staffroll/uil_staffroll_i.xml#28271,作曲,作曲,translated,text,779e678323,br=0 nl=0,
ui/ui/staffroll/uil_staffroll_i.xml#28328,志方　あきこ,志方 晶子,translated,text,05f122732c,br=0 nl=0,
ui/ui/staffroll/uil_staffroll_i.xml#28392,編曲,编曲,translated,text,0d9b094937,br=0 nl=0,
ui/ui/staffroll/uil_staffroll_i.xml#28449,志方　あきこ,志方 晶子,translated,text,05f122732c,br=0 nl=0,
ui/ui/staffroll/uil_staffroll_i.xml#28513,アコースティックギター,原声吉他,translated,text,a7abba5538,br=0 nl=0,
ui/ui/staffroll/uil_staffroll_i.xml#28579,田代　耕一郎,田代 耕一郎,translated,text,2b32bdbfd2,br=0 nl=0,
ui/ui/staffroll/uil_staffroll_i.xml#28643,ヴァイオリン,小提琴,translated,text,668c16f747,br=0 nl=0,
ui/ui/staffroll/uil_staffroll_i.xml#28704,大貫　聖子,大贯 圣子,translated,text,3869a50f95,br=0 nl=0,
ui/ui/staffroll/uil_staffroll_i.xml#28767,ピアノ,钢琴,translated,text,64c0241201,br=0 nl=0,
ui/ui/staffroll/uil_staffroll_i.xml#28825,田中　さとこ,田中 聪子,translated,text,67b0c32b37,br=0 nl=0,
ui/ui/staffroll/uil_staffroll_i.xml#28973,ヴォーカル,主唱,translated,text,a9d22c4f25,br=0 nl=0,
ui/ui/staffroll/uil_staffroll_i.xml#29033,志方　あきこ,志方 晶子,translated,text,05f122732c,br=0 nl=0,
ui/ui/staffroll/uil_staffroll_i.xml#29097,コーラス,和声,translated,text,e6f23f00bd,br=0 nl=0,
ui/ui/staffroll/uil_staffroll_i.xml#29156,志方　あきこ,志方 晶子,translated,text,05f122732c,br=0 nl=0,
ui/ui/staffroll/uil_staffroll_i.xml#29220,作詞,作词,translated,text,37dd0a71d2,br=0 nl=0,
ui/ui/staffroll/uil_staffroll_i.xml#29277,志方　あきこ,志方 晶子,translated,text,05f122732c,br=0 nl=0,
ui/ui/staffroll/uil_staffroll_i.xml#29341,作曲,作曲,translated,text,779e678323,br=0 nl=0,
ui/ui/staffroll/uil_staffroll_i.xml#29398,志方　あきこ,志方 晶子,translated,text,05f122732c,br=0 nl=0,
ui/ui/staffroll/uil_staffroll_i.xml#29462,編曲,编曲,translated,text,0d9b094937,br=0 nl=0,
ui/ui/staffroll/uil_staffroll_i.xml#29519,志方　あきこ,志方 晶子,translated,text,05f122732c,br=0 nl=0,
ui/ui/staffroll/uil_staffroll_i.xml#29583,アイリッシュブズーキ,爱尔兰布祖基琴,translated,text,420248b6f2,br=0 nl=0,
ui/ui/staffroll/uil_staffroll_i.xml#29648,田代　耕一郎,田代 耕一郎,translated,text,2b32bdbfd2,br=0 nl=0,
ui/ui/staffroll/uil_staffroll_i.xml#29712,リュート,鲁特琴,translated,text,40aa180de2,br=0 nl=0,
ui/ui/staffroll/uil_staffroll_i.xml#29771,田代　耕一郎,田代 耕一郎,translated,text,2b32bdbfd2,br=0 nl=0,
ui/ui/staffroll/uil_staffroll_i.xml#29835,アコースティックギター,原声吉他,translated,text,a7abba5538,br=0 nl=0,
ui/ui/staffroll/uil_staffroll_i.xml#29901,田代　耕一郎,田代 耕一郎,translated,text,2b32bdbfd2,br=0 nl=0,
ui/ui/staffroll/uil_staffroll_i.xml#29965,ヴァイオリン,小提琴,translated,text,668c16f747,br=0 nl=0,
ui/ui/staffroll/uil_staffroll_i.xml#30026,大貫　聖子,大贯 圣子,translated,text,3869a50f95,br=0 nl=0,
ui/ui/staffroll/uil_staffroll_i.xml#30089,ホイッスル,哨子,translated,text,f9c2bb1a8a,br=0 nl=0,
ui/ui/staffroll/uil_staffroll_i.xml#30149,安井　敬,安井 敬,translated,text,723f3994ab,br=0 nl=0,
ui/ui/staffroll/uil_staffroll_i.xml#30211,リコーダー,竖笛,translated,text,1448956b32,br=0 nl=0,
ui/ui/staffroll/uil_staffroll_i.xml#30271,安井　敬,安井 敬,translated,text,723f3994ab,br=0 nl=0,
ui/ui/staffroll/uil_staffroll_i.xml#30405,ヴォーカル,主唱,translated,text,a9d22c4f25,br=0 nl=0,
ui/ui/staffroll/uil_staffroll_i.xml#30465,霜月　はるか,霜月 遥,translated,text,4fa4ca5550,br=0 nl=0,
ui/ui/staffroll/uil_staffroll_i.xml#30529,コーラス,和声,translated,text,e6f23f00bd,br=0 nl=0,
ui/ui/staffroll/uil_staffroll_i.xml#30588,霜月　はるか,霜月 遥,translated,text,4fa4ca5550,br=0 nl=0,
ui/ui/staffroll/uil_staffroll_i.xml#30652,作詞,作词,translated,text,37dd0a71d2,br=0 nl=0,
ui/ui/staffroll/uil_staffroll_i.xml#30709,日山　尚,日山 尚,translated,text,1f730ac70d,br=0 nl=0,
ui/ui/staffroll/uil_staffroll_i.xml#30771,作曲,作曲,translated,text,779e678323,br=0 nl=0,
ui/ui/staffroll/uil_staffroll_i.xml#30828,霜月　はるか,霜月 遥,translated,text,4fa4ca5550,br=0 nl=0,
ui/ui/staffroll/uil_staffroll_i.xml#30892,編曲,编曲,translated,text,0d9b094937,br=0 nl=0,
ui/ui/staffroll/uil_staffroll_i.xml#31010,#05『美し世界』,#05‘美丽世界’,translated,text,828500b0bb,br=0 nl=0,
ui/ui/staffroll/uil_staffroll_i.xml#31077,ヴォーカル,主唱,translated,text,a9d22c4f25,br=0 nl=0,
ui/ui/staffroll/uil_staffroll_i.xml#31137,城　南海,城 南海,translated,text,0326f175b4,br=0 nl=0,
ui/ui/staffroll/uil_staffroll_i.xml#31199,コーラス,和声,translated,text,e6f23f00bd,br=0 nl=0,
ui/ui/staffroll/uil_staffroll_i.xml#31258,城　南海,城 南海,translated,text,0326f175b4,br=0 nl=0,
ui/ui/staffroll/uil_staffroll_i.xml#31320,作詞,作词,translated,text,37dd0a71d2,br=0 nl=0,
ui/ui/staffroll/uil_staffroll_i.xml#31377,高橋　麗子,高桥 丽子,translated,text,e5f18eff62,br=0 nl=0,
ui/ui/staffroll/uil_staffroll_i.xml#31440,作曲,作曲,translated,text,779e678323,br=0 nl=0,
ui/ui/staffroll/uil_staffroll_i.xml#31497,弘田　佳孝,弘田 佳孝,translated,text,5b1c2fd00d,br=0 nl=0,
ui/ui/staffroll/uil_staffroll_i.xml#31560,編曲,编曲,translated,text,0d9b094937,br=0 nl=0,
ui/ui/staffroll/uil_staffroll_i.xml#31617,弘田　佳孝,弘田 佳孝,translated,text,5b1c2fd00d,br=0 nl=0,
ui/ui/staffroll/uil_staffroll_i.xml#31680,エレキベース,电贝斯,translated,text,97b8e005a2,br=0 nl=0,
ui/ui/staffroll/uil_staffroll_i.xml#31741,弘田　佳孝,弘田 佳孝,translated,text,5b1c2fd00d,br=0 nl=0,
ui/ui/staffroll/uil_staffroll_i.xml#31804,#06『コード・エテスウェイ』,#06‘代码・埃特斯韦’,translated,text,0d93d8ec41,br=0 nl=0,
ui/ui/staffroll/uil_staffroll_i.xml#31877,ヴォーカル,主唱,translated,text,a9d22c4f25,br=0 nl=0,
ui/ui/staffroll/uil_staffroll_i.xml#31937,霜月　はるか,霜月 遥,translated,text,4fa4ca5550,br=0 nl=0,
ui/ui/staffroll/uil_staffroll_i.xml#32001,コーラス,和声,translated,text,e6f23f00bd,br=0 nl=0,
ui/ui/staffroll/uil_staffroll_i.xml#32060,霜月　はるか,霜月 遥,translated,text,4fa4ca5550,br=0 nl=0,
ui/ui/staffroll/uil_staffroll_i.xml#32124,作詞,作词,translated,text,37dd0a71d2,br=0 nl=0,
ui/ui/staffroll/uil_staffroll_i.xml#32181,日山　尚,日山 尚,translated,text,1f730ac70d,br=0 nl=0,
ui/ui/staffroll/uil_staffroll_i.xml#32243,作曲,作曲,translated,text,779e678323,br=0 nl=0,
ui/ui/staffroll/uil_staffroll_i.xml#32300,霜月　はるか,霜月 遥,translated,text,4fa4ca5550,br=0 nl=0,
ui/ui/staffroll/uil_staffroll_i.xml#32364,編曲,编曲,translated,text,0d9b094937,br=0 nl=0,
ui/ui/staffroll/uil_staffroll_i.xml#32421,柳　英一朗,柳 英一朗,translated,text,d1f66395b5,br=0 nl=0,
ui/ui/staffroll/uil_staffroll_i.xml#32484,ヴァイオリン,小提琴,translated,text,668c16f747,br=0 nl=0,
ui/ui/staffroll/uil_staffroll_i.xml#32545,土屋　玲子,土屋 玲子,translated,text,a5c27a7653,br=0 nl=0,
ui/ui/staffroll/uil_staffroll_i.xml#32608,ヴィオラ,中提琴,translated,text,2b5d862048,br=0 nl=0,
ui/ui/staffroll/uil_staffroll_i.xml#32667,土屋　玲子,土屋 玲子,translated,text,a5c27a7653,br=0 nl=0,
ui/ui/staffroll/uil_staffroll_i.xml#32730,チェロ,大提琴,translated,text,13fc4da5ee,br=0 nl=0,
ui/ui/staffroll/uil_staffroll_i.xml#32788,土屋　玲子,土屋 玲子,translated,text,a5c27a7653,br=0 nl=0,
ui/ui/staffroll/uil_staffroll_i.xml#32851,エレキベース,电贝斯,translated,text,97b8e005a2,br=0 nl=0,
ui/ui/staffroll/uil_staffroll_i.xml#32912,柳　英一朗,柳 英一朗,translated,text,d1f66395b5,br=0 nl=0,
ui/ui/staffroll/uil_staffroll_i.xml#32975,プログラミング,编程,translated,text,a063da1b9c,br=0 nl=0,
ui/ui/staffroll/uil_staffroll_i.xml#33037,柳　英一朗,柳 英一朗,translated,text,d1f66395b5,br=0 nl=0,
ui/ui/staffroll/uil_staffroll_i.xml#33187,ヴォーカル,主唱,translated,text,a9d22c4f25,br=0 nl=0,
ui/ui/staffroll/uil_staffroll_i.xml#33247,みとせ　のりこ,水户濑 纪子,translated,text,b870526ad2,br=0 nl=0,
ui/ui/staffroll/uil_staffroll_i.xml#33312,コーラス,和声,translated,text,e6f23f00bd,br=0 nl=0,
ui/ui/staffroll/uil_staffroll_i.xml#33371,みとせ　のりこ,水户濑 纪子,translated,text,b870526ad2,br=0 nl=0,
ui/ui/staffroll/uil_staffroll_i.xml#33436,作詞,作词,translated,text,37dd0a71d2,br=0 nl=0,
ui/ui/staffroll/uil_staffroll_i.xml#33493,みとせ　のりこ,水户濑 纪子,translated,text,b870526ad2,br=0 nl=0,
ui/ui/staffroll/uil_staffroll_i.xml#33558,作曲,作曲,translated,text,779e678323,br=0 nl=0,
ui/ui/staffroll/uil_staffroll_i.xml#33681,編曲,编曲,translated,text,0d9b094937,br=0 nl=0,
ui/ui/staffroll/uil_staffroll_i.xml#33882,ヴォーカル,主唱,translated,text,a9d22c4f25,br=0 nl=0,
ui/ui/staffroll/uil_staffroll_i.xml#33942,霜月　はるか,霜月 遥,translated,text,4fa4ca5550,br=0 nl=0,
ui/ui/staffroll/uil_staffroll_i.xml#34006,コーラス,和声,translated,text,e6f23f00bd,br=0 nl=0,
ui/ui/staffroll/uil_staffroll_i.xml#34065,霜月　はるか,霜月 遥,translated,text,4fa4ca5550,br=0 nl=0,
ui/ui/staffroll/uil_staffroll_i.xml#34129,作詞,作词,translated,text,37dd0a71d2,br=0 nl=0,
ui/ui/staffroll/uil_staffroll_i.xml#34186,日山　尚,日山 尚,translated,text,1f730ac70d,br=0 nl=0,
ui/ui/staffroll/uil_staffroll_i.xml#34248,作曲,作曲,translated,text,779e678323,br=0 nl=0,
ui/ui/staffroll/uil_staffroll_i.xml#34305,霜月　はるか,霜月 遥,translated,text,4fa4ca5550,br=0 nl=0,
ui/ui/staffroll/uil_staffroll_i.xml#34369,編曲,编曲,translated,text,0d9b094937,br=0 nl=0,
ui/ui/staffroll/uil_staffroll_i.xml#34426,柳　英一朗,柳 英一朗,translated,text,d1f66395b5,br=0 nl=0,
ui/ui/staffroll/uil_staffroll_i.xml#34489,ギター,吉他,translated,text,b072d58a68,br=0 nl=0,
ui/ui/staffroll/uil_staffroll_i.xml#34547,柳　英一朗,柳 英一朗,translated,text,d1f66395b5,br=0 nl=0,
ui/ui/staffroll/uil_staffroll_i.xml#34610,エレキベース,电贝斯,translated,text,97b8e005a2,br=0 nl=0,
ui/ui/staffroll/uil_staffroll_i.xml#34671,柳　英一朗,柳 英一朗,translated,text,d1f66395b5,br=0 nl=0,
ui/ui/staffroll/uil_staffroll_i.xml#34734,プログラミング,编程,translated,text,a063da1b9c,br=0 nl=0,
ui/ui/staffroll/uil_staffroll_i.xml#34796,柳　英一朗,柳 英一朗,translated,text,d1f66395b5,br=0 nl=0,
ui/ui/staffroll/uil_staffroll_i.xml#34859,#09『虹の国のデュオワルツ』,#09‘彩虹之国的二重华尔兹’,translated,text,81669d519b,br=0 nl=0,
ui/ui/staffroll/uil_staffroll_i.xml#34932,ヴォーカル,主唱,translated,text,a9d22c4f25,br=0 nl=0,
ui/ui/staffroll/uil_staffroll_i.xml#34992,南條　愛乃,南条 爱乃,translated,text,29b52441c1,br=0 nl=0,
ui/ui/staffroll/uil_staffroll_i.xml#35055,コーラス,和声,translated,text,e6f23f00bd,br=0 nl=0,
ui/ui/staffroll/uil_staffroll_i.xml#35114,南條　愛乃,南条 爱乃,translated,text,29b52441c1,br=0 nl=0,
ui/ui/staffroll/uil_staffroll_i.xml#35177,作詞,作词,translated,text,37dd0a71d2,br=0 nl=0,
ui/ui/staffroll/uil_staffroll_i.xml#35234,高橋　麗子,高桥 丽子,translated,text,e5f18eff62,br=0 nl=0,
ui/ui/staffroll/uil_staffroll_i.xml#35297,作曲,作曲,translated,text,779e678323,br=0 nl=0,
ui/ui/staffroll/uil_staffroll_i.xml#35354,大嶋　啓之,大岛 启之,translated,text,bf41a23cad,br=0 nl=0,
ui/ui/staffroll/uil_staffroll_i.xml#35417,編曲,编曲,translated,text,0d9b094937,br=0 nl=0,
ui/ui/staffroll/uil_staffroll_i.xml#35474,大嶋　啓之,大岛 启之,translated,text,bf41a23cad,br=0 nl=0,
ui/ui/staffroll/uil_staffroll_i.xml#35537,ヴァイオリン,小提琴,translated,text,668c16f747,br=0 nl=0,
ui/ui/staffroll/uil_staffroll_i.xml#35598,多々谷　樹,多多谷 树,translated,text,6fe425caca,br=0 nl=0,
ui/ui/staffroll/uil_staffroll_i.xml#35661,プログラミング,编程,translated,text,a063da1b9c,br=0 nl=0,
ui/ui/staffroll/uil_staffroll_i.xml#35723,大嶋　啓之,大岛 启之,translated,text,bf41a23cad,br=0 nl=0,
ui/ui/staffroll/uil_staffroll_i.xml#35786,レコーディング＆ミキシング,录音与混音,translated,text,45498df2df,br=0 nl=0,
ui/ui/staffroll/uil_staffroll_i.xml#35929,レコーディングスタジオ,录音室,translated,text,b25eb16dcb,br=0 nl=0,
ui/ui/staffroll/uil_staffroll_i.xml#36131,レコーディング&,录音&,translated,text,f841bcf365,br=0 nl=0,
ui/ui/staffroll/uil_staffroll_i.xml#36194,　　ミキシングエンジニア,混音工程师,translated,text,18ef1f1a8b,br=0 nl=0,
ui/ui/staffroll/uil_staffroll_i.xml#36261,南　直行,南 直行,translated,text,2d56d70010,br=0 nl=0,
ui/ui/staffroll/uil_staffroll_i.xml#36386,ミキシングスタジオ,混音工作室,translated,text,10e5c39a7e,br=0 nl=0,
ui/ui/staffroll/uil_staffroll_i.xml#36525,レコーディングスタジオ,录音室,translated,text,b25eb16dcb,br=0 nl=0,
ui/ui/staffroll/uil_staffroll_i.xml#36663,レコーディング&,录音&,translated,text,f841bcf365,br=0 nl=0,
ui/ui/staffroll/uil_staffroll_i.xml#36726,　　ミキシングエンジニア,混音工程师,translated,text,18ef1f1a8b,br=0 nl=0,
ui/ui/staffroll/uil_staffroll_i.xml#36793,南　直行,南 直行,translated,text,2d56d70010,br=0 nl=0,
ui/ui/staffroll/uil_staffroll_i.xml#36918,音楽制作,音乐制作,translated,text,fd03f88e87,br=0 nl=0,
ui/ui/staffroll/uil_staffroll_i.xml#37045,レコーディングスタジオ,录音室,translated,text,b25eb16dcb,br=0 nl=0,
ui/ui/staffroll/uil_staffroll_i.xml#37111,Artist Forum 千駄ヶ谷,Artist Forum 千驮谷,translated,text,c5d9afa7df,br=0 nl=0,
ui/ui/staffroll/uil_staffroll_i.xml#37186,レコーディングエンジニア,录音工程师,translated,text,dcee02fe85,br=0 nl=0,
ui/ui/staffroll/uil_staffroll_i.xml#37253,齊藤　弘二（TRIUMPH）,齐藤 弘二（TRIUMPH）,translated,text,601c4218f9,br=0 nl=0,
ui/ui/staffroll/uil_staffroll_i.xml#37325,坂　知学,坂 知学,translated,text,fb17ef159d,br=0 nl=0,
ui/ui/staffroll/uil_staffroll_i.xml#37387,ミキシングエンジニア,混音工程师,translated,text,b660dbc680,br=0 nl=0,
ui/ui/staffroll/uil_staffroll_i.xml#37452,坂　知学,坂 知学,translated,text,fb17ef159d,br=0 nl=0,
ui/ui/staffroll/uil_staffroll_i.xml#37577,レコーディングスタジオ,录音室,translated,text,b25eb16dcb,br=0 nl=0,
ui/ui/staffroll/uil_staffroll_i.xml#37715,レコーディングエンジニア,录音工程师,translated,text,dcee02fe85,br=0 nl=0,
ui/ui/staffroll/uil_staffroll_i.xml#37782,迎谷　彰信,迎谷 彰信,translated,text,745993b75c,br=0 nl=0,
ui/ui/staffroll/uil_staffroll_i.xml#37845,ミキシングエンジニア,混音工程师,translated,text,b660dbc680,br=0 nl=0,
ui/ui/staffroll/uil_staffroll_i.xml#37910,弘田　佳孝,弘田 佳孝,translated,text,5b1c2fd00d,br=0 nl=0,
ui/ui/staffroll/uil_staffroll_i.xml#38040,音楽制作,音乐制作,translated,text,fd03f88e87,br=0 nl=0,
ui/ui/staffroll/uil_staffroll_i.xml#38167,レコーディングスタジオ,录音室,translated,text,b25eb16dcb,br=0 nl=0,
ui/ui/staffroll/uil_staffroll_i.xml#38304,レコーディングエンジニア,录音工程师,translated,text,dcee02fe85,br=0 nl=0,
ui/ui/staffroll/uil_staffroll_i.xml#38371,由田　直也,由田 直也,translated,text,12cf5ea73b,br=0 nl=0,
ui/ui/staffroll/uil_staffroll_i.xml#38434,ミキシングエンジニア,混音工程师,translated,text,b660dbc680,br=0 nl=0,
ui/ui/staffroll/uil_staffroll_i.xml#38499,坂　知学,坂 知学,translated,text,fb17ef159d,br=0 nl=0,
ui/ui/staffroll/uil_staffroll_i.xml#38624,レコーディングスタジオ,录音室,translated,text,b25eb16dcb,br=0 nl=0,
ui/ui/staffroll/uil_staffroll_i.xml#38762,レコーディングエンジニア,录音工程师,translated,text,dcee02fe85,br=0 nl=0,
ui/ui/staffroll/uil_staffroll_i.xml#38829,迎谷　彰信,迎谷 彰信,translated,text,745993b75c,br=0 nl=0,
ui/ui/staffroll/uil_staffroll_i.xml#38892,ミキシングエンジニア,混音工程师,translated,text,b660dbc680,br=0 nl=0,
ui/ui/staffroll/uil_staffroll_i.xml#39086,レコーディングスタジオ,录音室,translated,text,b25eb16dcb,br=0 nl=0,
ui/ui/staffroll/uil_staffroll_i.xml#39227,レコーディングエンジニア,录音工程师,translated,text,dcee02fe85,br=0 nl=0,
ui/ui/staffroll/uil_staffroll_i.xml#39294,岸田 P 充善,岸田 P 充善,translated,text,c9edbb98d6,br=0 nl=0,
ui/ui/staffroll/uil_staffroll_i.xml#39359,ミキシングエンジニア,混音工程师,translated,text,b660dbc680,br=0 nl=0,
ui/ui/staffroll/uil_staffroll_i.xml#39424,迎谷　彰信,迎谷 彰信,translated,text,745993b75c,br=0 nl=0,
ui/ui/staffroll/uil_staffroll_i.xml#39550,ミキシング,混音,translated,text,dd3c09920b,br=0 nl=0,
ui/ui/staffroll/uil_staffroll_i.xml#39610,土屋　暁,土屋 晓,translated,text,21998e95cc,br=0 nl=0,
ui/ui/staffroll/uil_staffroll_i.xml#39672,楽曲制作協力,乐曲制作协力,translated,text,72ede6daac,br=0 nl=0,
ui/ui/staffroll/uil_staffroll_i.xml#39737,株式会社フロンティアワークス,株式会社Frontier Works,translated,text,36d73077b6,br=0 nl=0,
ui/ui/staffroll/uil_staffroll_i.xml#39809,吉川　明,吉川 明,translated,text,2768ebf8a1,br=0 nl=0,
ui/ui/staffroll/uil_staffroll_i.xml#39871,小柳　豊,小柳 丰,translated,text,e59cd8c7b8,br=0 nl=0,
ui/ui/staffroll/uil_staffroll_i.xml#40064,田中　雅之,田中 雅之,translated,text,21736bbf23,br=0 nl=0,
ui/ui/staffroll/uil_staffroll_i.xml#40127,矢野　正明,矢野 正明,translated,text,78cf186a67,br=0 nl=0,
ui/ui/staffroll/uil_staffroll_i.xml#40190,谷川　雄紀,谷川 雄纪,translated,text,4f95b894a6,br=0 nl=0,
ui/ui/staffroll/uil_staffroll_i.xml#40253,髙橋　朝子,高桥 朝子,translated,text,77e6958b96,br=0 nl=0,
ui/ui/staffroll/uil_staffroll_i.xml#40316,本間　詩織,本间 诗织,translated,text,e70cd6c951,br=0 nl=0,
ui/ui/staffroll/uil_staffroll_i.xml#40379,佐々　梨花,佐佐 梨花,translated,text,030ff13e01,br=0 nl=0,
ui/ui/staffroll/uil_staffroll_i.xml#40442,生田　善子,生田 善子,translated,text,6a6fba474e,br=0 nl=0,
ui/ui/staffroll/uil_staffroll_i.xml#40505,松　　聖花,松 圣花,translated,text,ea05a4fd84,br=0 nl=0,
ui/ui/staffroll/uil_staffroll_i.xml#40568,音響,音效,translated,text,a94ecabc3c,br=0 nl=0,
ui/ui/staffroll/uil_staffroll_i.xml#40628,演出・キャスティング,演出・选角,translated,text,383d1bfa00,br=0 nl=0,
ui/ui/staffroll/uil_staffroll_i.xml#40693,関　智寛,关 智宽,translated,text,f1a5e773f2,br=0 nl=0,
ui/ui/staffroll/uil_staffroll_i.xml#40755,ミキサー,调音师,translated,text,61f92a39b5,br=0 nl=0,
ui/ui/staffroll/uil_staffroll_i.xml#40814,熊倉　亨,熊仓 亨,translated,text,509916c5a3,br=0 nl=0,
ui/ui/staffroll/uil_staffroll_i.xml#40876,音響制作,音效制作,translated,text,3ba07c72e1,br=0 nl=0,
ui/ui/staffroll/uil_staffroll_i.xml#41000,キャスティング協力,选角协力,translated,text,3c32e0140a,br=0 nl=0,
ui/ui/staffroll/uil_staffroll_i.xml#41064,松本　恵,松本 惠,translated,text,432387780b,br=0 nl=0,
ui/ui/staffroll/uil_staffroll_i.xml#41191,協力,协力,translated,text,1a054b3135,br=0 nl=0,
ui/ui/staffroll/uil_staffroll_i.xml#41252,(株)wizgeek,(株)wizgeek,translated,text,cd5a3764f1,br=0 nl=0,
ui/ui/staffroll/uil_staffroll_i.xml#41318,株式会社エクストリーム,株式会社Extreme,translated,text,98c9f61cf3,br=0 nl=0,
ui/ui/staffroll/uil_staffroll_i.xml#41385,株式会社ＣＲＩ・ミドルウェア,株式会社CRI Middleware,translated,text,ddfc365935,br=0 nl=0,
ui/ui/staffroll/uil_staffroll_i.xml#41523,株式会社千住工房,株式会社千住工房,translated,text,3de756af57,br=0 nl=0,
ui/ui/staffroll/uil_staffroll_i.xml#41656,株式会社FlightUNIT,株式会社FlightUNIT,translated,text,1da69201f4,br=0 nl=0,
ui/ui/staffroll/uil_staffroll_i.xml#41726,株式会社メテオライズ,株式会社Meteorise,translated,text,61cde65511,br=0 nl=0,
ui/ui/staffroll/uil_staffroll_i.xml#41792,株式会社フロンティアワークス,株式会社Frontier Works,translated,text,36d73077b6,br=0 nl=0,
ui/ui/staffroll/uil_staffroll_i.xml#41862,株式会社ポイントピクチャーズ,株式会社Point Pictures,translated,text,f8ac729aec,br=0 nl=0,
ui/ui/staffroll/uil_staffroll_i.xml#41932,ポールトゥウィン株式会社,株式会社Pole To Win,translated,text,cda47e17fb,br=0 nl=0,
ui/ui/staffroll/uil_staffroll_i.xml#42000,株式会社ロジスティックス,株式会社Logistics,translated,text,8ec59442f3,br=0 nl=0,
ui/ui/staffroll/uil_staffroll_i.xml#42068,株式会社プロダクション・アイジー,株式会社Production I.G,translated,text,84204edff3,br=0 nl=0,
ui/ui/staffroll/uil_staffroll_i.xml#42140,天津光栄特庫摩軟件有限公司,天津光荣特库摩软件有限公司,translated,text,8a7dbadc6f,br=0 nl=0,
ui/ui/staffroll/uil_staffroll_i.xml#42209,天津天匠動画科技有限公司,天津天匠动画科技有限公司,translated,text,14335be04d,br=0 nl=0,
ui/ui/staffroll/uil_staffroll_i.xml#42277,フォントワークス株式会社,Fontworks株式会社,translated,text,b1c83f97c7,br=0 nl=0,
ui/ui/staffroll/uil_staffroll_i.xml#42508,ディレクター,总监,translated,text,074ca740ff,br=0 nl=0,
ui/ui/staffroll/uil_staffroll_i.xml#42573,高野　雅文,高野 雅文,translated,text,e0f6ad1a3a,br=0 nl=0,
ui/ui/staffroll/uil_staffroll_i.xml#42636,開発プロデューサー,开发制作人,translated,text,763f21e64e,br=0 nl=0,
ui/ui/staffroll/uil_staffroll_i.xml#42704,細井  順三,细井 顺三,translated,text,014085680c,br=0 nl=0,
ui/ui/staffroll/uil_staffroll_i.xml#42768,総合プロデューサー,总制作人,translated,text,893701ac7c,br=0 nl=0,
ui/ui/staffroll/uil_staffroll_i.xml#42836,土屋  暁,土屋 晓,translated,text,dd0b0dada2,br=0 nl=0,
ui/ui/staffroll/uil_staffroll_i.xml#42899,エグゼクティブプロデューサー,执行制作人,translated,text,5e38e342d6,br=0 nl=0,
ui/ui/staffroll/uil_staffroll_i.xml#42972,鯉沼 久史,鲤沼 久史,translated,text,04514697bf,br=0 nl=0,
ui/ui/staffroll/uil_staffroll_i.xml#43035,製作,制作,translated,text,53c6bc4ef7,br=0 nl=0,
ui/ui/staffroll/uil_staffroll_i.xml#43096,株式会社コーエーテクモゲームス,株式会社光荣特库摩游戏,translated,text,be816b716d,br=0 nl=0,
ui/ui/staffroll/uil_staffroll_j.xml#1243,歌姫,歌姬,translated,text,acdbfe60f4,br=0 nl=0,
ui/ui/staffroll/uil_staffroll_j.xml#1300,志方　あきこ,志方 晶子,translated,text,05f122732c,br=0 nl=0,
ui/ui/staffroll/uil_staffroll_j.xml#1361,城　南海,城 南海,translated,text,0326f175b4,br=0 nl=0,
ui/ui/staffroll/uil_staffroll_j.xml#1420,霜月　はるか,霜月 遥,translated,text,4fa4ca5550,br=0 nl=0,
ui/ui/staffroll/uil_staffroll_j.xml#1482,みとせ　のりこ,水户濑 纪子,translated,text,b870526ad2,br=0 nl=0,
ui/ui/staffroll/uil_staffroll_j.xml#1545,南條　愛乃,南条 爱乃,translated,text,29b52441c1,br=0 nl=0,
ui/ui/staffroll/uil_staffroll_j.xml#1667,イオン,依恩,translated,text,90d4718c90,br=0 nl=0,
ui/ui/staffroll/uil_staffroll_j.xml#1723,加隈　亜衣,加隈 亚衣,translated,text,d9fe60a2ce,br=0 nl=0,
ui/ui/staffroll/uil_staffroll_j.xml#1784,カノン,卡诺,translated,text,5a6fa752cb,br=0 nl=0,
ui/ui/staffroll/uil_staffroll_j.xml#1840,井ノ上　奈々,井之上 奈奈,translated,text,159209452b,br=0 nl=0,
ui/ui/staffroll/uil_staffroll_j.xml#1902,ネイ,妮伊,translated,text,dd82b752f9,br=0 nl=0,
ui/ui/staffroll/uil_staffroll_j.xml#1957,内田　真礼,内田 真礼,translated,text,664833d0bc,br=0 nl=0,
ui/ui/staffroll/uil_staffroll_j.xml#2018,キャス,凯斯,translated,text,6f807afcb1,br=0 nl=0,
ui/ui/staffroll/uil_staffroll_j.xml#2074,水瀬　いのり,水濑 祈,translated,text,2c51d41405,br=0 nl=0,
ui/ui/staffroll/uil_staffroll_j.xml#2136,サーリ,莎丽,translated,text,8a6ca8f186,br=0 nl=0,
ui/ui/staffroll/uil_staffroll_j.xml#2192,志村　由美,志村 由美,translated,text,d17ffb7a1f,br=0 nl=0,
ui/ui/staffroll/uil_staffroll_j.xml#2253,ター坊,阿达,translated,text,be218a88e0,br=0 nl=0,
ui/ui/staffroll/uil_staffroll_j.xml#2309,大原　桃子,大原 桃子,translated,text,7805da68da,br=0 nl=0,
ui/ui/staffroll/uil_staffroll_j.xml#2370,白鷹,白鹰,translated,text,80f8839be9,br=0 nl=0,
ui/ui/staffroll/uil_staffroll_j.xml#2425,新垣　樽助,新垣 樽助,translated,text,d639834023,br=0 nl=0,
ui/ui/staffroll/uil_staffroll_j.xml#2486,クラケット,库拉肯特,translated,text,b470c4a07c,br=0 nl=0,
ui/ui/staffroll/uil_staffroll_j.xml#2544,ふくまつ　進紗,福松 进纱,translated,text,b85b2c53ae,br=0 nl=0,
ui/ui/staffroll/uil_staffroll_j.xml#2607,レナルル,蕾娜露露,translated,text,b73a299dee,br=0 nl=0,
ui/ui/staffroll/uil_staffroll_j.xml#2664,大地　葉,大地 叶,translated,text,58928f7243,br=0 nl=0,
ui/ui/staffroll/uil_staffroll_j.xml#2724,ジル,吉鲁,translated,text,56d6edb965,br=0 nl=0,
ui/ui/staffroll/uil_staffroll_j.xml#2779,川崎　芽衣子,川崎 芽衣子,translated,text,7ef2b5d765,br=0 nl=0,
ui/ui/staffroll/uil_staffroll_j.xml#2841,ネロ,妮诺,translated,text,5ab7665c85,br=0 nl=0,
ui/ui/staffroll/uil_staffroll_j.xml#2896,東城　日紗子,东城 日沙子,translated,text,9336ae3b72,br=0 nl=0,
ui/ui/staffroll/uil_staffroll_j.xml#2958,リーヴェルト,利维尔特,translated,text,23a3a84bfe,br=0 nl=0,
ui/ui/staffroll/uil_staffroll_j.xml#3017,森田　順平,森田 顺平,translated,text,f887a1ed1d,br=0 nl=0,
ui/ui/staffroll/uil_staffroll_j.xml#3078,クーリン,库琳,translated,text,1c6f5779b8,br=0 nl=0,
ui/ui/staffroll/uil_staffroll_j.xml#3135,新垣　樽助,新垣 樽助,translated,text,d639834023,br=0 nl=0,
ui/ui/staffroll/uil_staffroll_j.xml#3196,パラライノ,帕拉莱诺,translated,text,989c105a5b,br=0 nl=0,
ui/ui/staffroll/uil_staffroll_j.xml#3254,森谷　里美,森谷 里美,translated,text,b1ce9ad2ab,br=0 nl=0,
ui/ui/staffroll/uil_staffroll_j.xml#3315,ルウレイ,鲁雷,translated,text,7b893749e6,br=0 nl=0,
ui/ui/staffroll/uil_staffroll_j.xml#3372,神田　みか,神田 美香,translated,text,3462d5a984,br=0 nl=0,
ui/ui/staffroll/uil_staffroll_j.xml#3433,ねりこ,妮莉库,translated,text,89b50863af,br=0 nl=0,
ui/ui/staffroll/uil_staffroll_j.xml#3551,辻　あゆみ,辻 步美,translated,text,6a47b14c1a,br=0 nl=0,
ui/ui/staffroll/uil_staffroll_j.xml#3613,松嵜　麗,松崎 丽,translated,text,24dac1be7c,br=0 nl=0,
ui/ui/staffroll/uil_staffroll_j.xml#3674,廣田　悠美,广田 悠美,translated,text,c4c77ccc0a,br=0 nl=0,
ui/ui/staffroll/uil_staffroll_j.xml#3736,臼木　健志郎,臼木 健志郎,translated,text,a06918f137,br=0 nl=0,
ui/ui/staffroll/uil_staffroll_j.xml#3799,松本　忍,松本 忍,translated,text,e3f5e19deb,br=0 nl=0,
ui/ui/staffroll/uil_staffroll_j.xml#3860,越田　直樹,越田 直树,translated,text,66c747016d,br=0 nl=0,
ui/ui/staffroll/uil_staffroll_j.xml#3922,大西　真央,大西 真央,translated,text,2110c6d7c7,br=0 nl=0,
ui/ui/staffroll/uil_staffroll_j.xml#4062,プランナーズセクション,策划部门,translated,text,0d32843cb5,br=0 nl=0,
ui/ui/staffroll/uil_staffroll_j.xml#4131,赤本　憲一,赤本 宪一,translated,text,ad611cf688,br=0 nl=0,
ui/ui/staffroll/uil_staffroll_j.xml#4193,梅田　雅武,梅田 雅武,translated,text,bcb88320ab,br=0 nl=0,
ui/ui/staffroll/uil_staffroll_j.xml#4255,村岡　剛弥,村冈 刚弥,translated,text,0e75a921bc,br=0 nl=0,
ui/ui/staffroll/uil_staffroll_j.xml#4317,加藤　周太,加藤 周太,translated,text,ddca2f6427,br=0 nl=0,
ui/ui/staffroll/uil_staffroll_j.xml#4379,松岡　大樹,松冈 大树,translated,text,d372601979,br=0 nl=0,
ui/ui/staffroll/uil_staffroll_j.xml#4441,田中　俊明,田中 俊明,translated,text,1d00fedc6b,br=0 nl=0,
ui/ui/staffroll/uil_staffroll_j.xml#4503,本田　響己,本田 响己,translated,text,dc0235233e,br=0 nl=0,
ui/ui/staffroll/uil_staffroll_j.xml#4565,プログラマーズセクション,程序员部门,translated,text,44c735ef17,br=0 nl=0,
ui/ui/staffroll/uil_staffroll_j.xml#4635,髙山　雅俊,高山 雅俊,translated,text,2b05fc035d,br=0 nl=0,
ui/ui/staffroll/uil_staffroll_j.xml#4697,金澤　佑介,金泽 佑介,translated,text,2038649a07,br=0 nl=0,
ui/ui/staffroll/uil_staffroll_j.xml#4759,山之口　操,山之口 操,translated,text,b0122ef9d0,br=0 nl=0,
ui/ui/staffroll/uil_staffroll_j.xml#4821,大田　尚明,大田 尚明,translated,text,74d4e53ec8,br=0 nl=0,
ui/ui/staffroll/uil_staffroll_j.xml#4883,難波　亮,难波 亮,translated,text,9377b6d3a4,br=0 nl=0,
ui/ui/staffroll/uil_staffroll_j.xml#4944,臼田　亜斗務,臼田 亚斗务,translated,text,020f1a7e76,br=0 nl=0,
ui/ui/staffroll/uil_staffroll_j.xml#5007,桂山　豪,桂山 豪,translated,text,1c84ff1e78,br=0 nl=0,
ui/ui/staffroll/uil_staffroll_j.xml#5068,佐藤　和也,佐藤 和也,translated,text,30834084ba,br=0 nl=0,
ui/ui/staffroll/uil_staffroll_j.xml#5130,山﨑　康平,山崎 康平,translated,text,ffb250d30a,br=0 nl=0,
ui/ui/staffroll/uil_staffroll_j.xml#5192,山下　真心,山下 真心,translated,text,61f5e37636,br=0 nl=0,
ui/ui/staffroll/uil_staffroll_j.xml#5254,デザイナーズセクション,设计师部门,translated,text,4ec447bf85,br=0 nl=0,
ui/ui/staffroll/uil_staffroll_j.xml#5323,CGディレクター,CG总监,translated,text,13d644da31,br=0 nl=0,
ui/ui/staffroll/uil_staffroll_j.xml#5385,岩瀬　智至,岩濑 智至,translated,text,e639b9e580,br=0 nl=0,
ui/ui/staffroll/uil_staffroll_j.xml#5447,キャラクターモデル,角色模型,translated,text,847a6758ec,br=0 nl=0,
ui/ui/staffroll/uil_staffroll_j.xml#5510,鈴木　康浩,铃木 康浩,translated,text,4ba488d04a,br=0 nl=0,
ui/ui/staffroll/uil_staffroll_j.xml#5572,早﨑　七海,早崎 七海,translated,text,1f6d7c33b0,br=0 nl=0,
ui/ui/staffroll/uil_staffroll_j.xml#5634,背景モデル,背景模型,translated,text,54bea4a2cc,br=0 nl=0,
ui/ui/staffroll/uil_staffroll_j.xml#5693,飯島　理恵,饭岛 理惠,translated,text,deda665c29,br=0 nl=0,
ui/ui/staffroll/uil_staffroll_j.xml#5755,インターフェースデザイン,界面设计,translated,text,c1c661b0bb,br=0 nl=0,
ui/ui/staffroll/uil_staffroll_j.xml#5821,馬場　博美,马场 博美,translated,text,2c333deaa0,br=0 nl=0,
ui/ui/staffroll/uil_staffroll_j.xml#6163,映像編集,影像编辑,translated,text,2bb223e3c0,br=0 nl=0,
ui/ui/staffroll/uil_staffroll_j.xml#6221,有馬　真作,有马 真作,translated,text,e32c2634a1,br=0 nl=0,
ui/ui/staffroll/uil_staffroll_j.xml#6283,斉藤　康信,齐藤 康信,translated,text,70a94fe358,br=0 nl=0,
ui/ui/staffroll/uil_staffroll_j.xml#6345,CG制作管理,CG制作管理,translated,text,4ea12195e3,br=0 nl=0,
ui/ui/staffroll/uil_staffroll_j.xml#6405,江川　弥寿生,江川 弥寿生,translated,text,f368d66cf7,br=0 nl=0,
ui/ui/staffroll/uil_staffroll_j.xml#6468,サウンドセクション,音效部门,translated,text,f692631407,br=0 nl=0,
ui/ui/staffroll/uil_staffroll_j.xml#6535,サウンドディレクター,音效总监,translated,text,87caf5e3c1,br=0 nl=0,
ui/ui/staffroll/uil_staffroll_j.xml#6599,高橋 洋明,高桥 洋明,translated,text,7d715a66f1,br=0 nl=0,
ui/ui/staffroll/uil_staffroll_j.xml#6661,天津光栄特庫摩軟件有限公司,天津光荣特库摩软件有限公司,translated,text,8a7dbadc6f,br=0 nl=0,
ui/ui/staffroll/uil_staffroll_j.xml#6732,デベロップメントマネージャー,开发经理,translated,text,a3540a5b0b,br=0 nl=0,
ui/ui/staffroll/uil_staffroll_j.xml#6800,安　曄,安 晔,translated,text,4b7cd118fa,br=0 nl=0,
ui/ui/staffroll/uil_staffroll_j.xml#6860,陳　皓,陈 皓,translated,text,dc3efeabc9,br=0 nl=0,
ui/ui/staffroll/uil_staffroll_j.xml#6920,プログラマー,程序员,translated,text,00a1706077,br=0 nl=0,
ui/ui/staffroll/uil_staffroll_j.xml#6980,岳　凱,岳 凯,translated,text,632d70a250,br=0 nl=0,
ui/ui/staffroll/uil_staffroll_j.xml#7040,陳　永飛,陈 永飞,translated,text,d262704611,br=0 nl=0,
ui/ui/staffroll/uil_staffroll_j.xml#7101,王　岩,王 岩,translated,text,55dc179b66,br=0 nl=0,
ui/ui/staffroll/uil_staffroll_j.xml#7161,孫　家琛,孙 家琛,translated,text,685b83afc1,br=0 nl=0,
ui/ui/staffroll/uil_staffroll_j.xml#7222,程　青舟,程 青舟,translated,text,27beff94b3,br=0 nl=0,
ui/ui/staffroll/uil_staffroll_j.xml#7283,劉　唯揚,刘 唯扬,translated,text,c2911ed2d9,br=0 nl=0,
ui/ui/staffroll/uil_staffroll_j.xml#7344,張　昊,张 昊,translated,text,275df0df5e,br=0 nl=0,
ui/ui/staffroll/uil_staffroll_j.xml#7404,デザイナー,设计师,translated,text,ed058a1ab0,br=0 nl=0,
ui/ui/staffroll/uil_staffroll_j.xml#7463,田　雪嬌,田 雪娇,translated,text,a11cdcd193,br=0 nl=0,
ui/ui/staffroll/uil_staffroll_j.xml#7524,広報,宣传,translated,text,6746eee8d6,br=0 nl=0,
ui/ui/staffroll/uil_staffroll_j.xml#7584,PRマーケティング,公关营销,translated,text,954a61299a,br=0 nl=0,
ui/ui/staffroll/uil_staffroll_j.xml#7647,吉川　真人,吉川 真人,translated,text,8a2ba50898,br=0 nl=0,
ui/ui/staffroll/uil_staffroll_j.xml#7709,水上　冴理,水上 冴理,translated,text,e4f4fa1d6a,br=0 nl=0,
ui/ui/staffroll/uil_staffroll_j.xml#7771,ソフトウェアマニュアル,软件手册,translated,text,9b5617111b,br=0 nl=0,
ui/ui/staffroll/uil_staffroll_j.xml#7840,加藤　雅大,加藤 雅大,translated,text,91bf91643d,br=0 nl=0,
ui/ui/staffroll/uil_staffroll_j.xml#7902,辻　槙人,辻 槙人,translated,text,c1cb4f06f8,br=0 nl=0,
ui/ui/staffroll/uil_staffroll_j.xml#7963,QAスタッフ,QA人员,translated,text,36ff45b240,br=0 nl=0,
ui/ui/staffroll/uil_staffroll_j.xml#8027,長谷川　茂,长谷川 茂,translated,text,3814329436,br=0 nl=0,
ui/ui/staffroll/uil_staffroll_j.xml#8089,キャラクターデザイン,角色设计,translated,text,34ac32a91f,br=0 nl=0,
ui/ui/staffroll/uil_staffroll_j.xml#8157,キャラクターイラスト,角色插画,translated,text,8ffb0bbffd,br=0 nl=0,
ui/ui/staffroll/uil_staffroll_j.xml#8286,パッケージイラスト,包装插画,translated,text,11036680bc,br=0 nl=0,
ui/ui/staffroll/uil_staffroll_j.xml#8353,フブキ,吹雪,translated,text,40f5527db7,br=0 nl=0,
ui/ui/staffroll/uil_staffroll_j.xml#8413,ワールドデザイン,世界设定设计,translated,text,a0094128c7,br=0 nl=0,
ui/ui/staffroll/uil_staffroll_j.xml#8479,松本　秀幸,松本 秀幸,translated,text,cac6e320dc,br=0 nl=0,
ui/ui/staffroll/uil_staffroll_j.xml#8602,コスチュームデザイン,服装设计,translated,text,b483d19059,br=0 nl=0,
ui/ui/staffroll/uil_staffroll_j.xml#8731,川松　由典,川松 由典,translated,text,654827f5ab,br=0 nl=0,
ui/ui/staffroll/uil_staffroll_j.xml#8793,桑田　ヤスヒロ,桑田 康弘,translated,text,6dec656f3b,br=0 nl=0,
ui/ui/staffroll/uil_staffroll_j.xml#8857,燕藤　ユウ,燕藤 悠,translated,text,8c84789206,br=0 nl=0,
ui/ui/staffroll/uil_staffroll_j.xml#8919,タスクテロップ・SDキャラデザイン,任务字幕・Q版角色设计,translated,text,158e93640f,br=0 nl=0,
ui/ui/staffroll/uil_staffroll_j.xml#8994,芹沢えのの,芹泽 Enono,translated,text,607d0edcc0,br=0 nl=0,
ui/ui/staffroll/uil_staffroll_j.xml#9056,シナリオ・脚本,剧本・脚本,translated,text,5b884ebd35,br=0 nl=0,
ui/ui/staffroll/uil_staffroll_j.xml#9121,夢セカイパート,梦世界部分,translated,text,aea66df668,br=0 nl=0,
ui/ui/staffroll/uil_staffroll_j.xml#9185,脚本,剧本,translated,text,7fbccbeb8a,br=0 nl=0,
ui/ui/staffroll/uil_staffroll_j.xml#9241,和泉　亮,和泉 亮,translated,text,eafef1a497,br=0 nl=0,
ui/ui/staffroll/uil_staffroll_j.xml#9302,花野　十三,花野 十三,translated,text,9990db3f0b,br=0 nl=0,
ui/ui/staffroll/uil_staffroll_j.xml#9364,谷村　大四郎,谷村 大四郎,translated,text,40c336b78f,br=0 nl=0,
ui/ui/staffroll/uil_staffroll_j.xml#9497,デザイン・モデリング・アニメーション,设计・建模・动画,translated,text,38967eaa41,br=0 nl=0,
ui/ui/staffroll/uil_staffroll_j.xml#9573,株式会社FlightUNIT,株式会社FlightUNIT,translated,text,1da69201f4,br=0 nl=0,
ui/ui/staffroll/uil_staffroll_j.xml#9644,キャラクターデザイン,角色设计,translated,text,34ac32a91f,br=0 nl=0,
ui/ui/staffroll/uil_staffroll_j.xml#9769,キャラクターモデリング,角色建模,translated,text,8148a92946,br=0 nl=0,
ui/ui/staffroll/uil_staffroll_j.xml#9834,桑田　まり子,桑田 真理子,translated,text,9a7ef2f3de,br=0 nl=0,
ui/ui/staffroll/uil_staffroll_j.xml#9897,川松　由典,川松 由典,translated,text,654827f5ab,br=0 nl=0,
ui/ui/staffroll/uil_staffroll_j.xml#9959,ワールドモデリング,世界建模,translated,text,8443ae1813,br=0 nl=0,
ui/ui/staffroll/uil_staffroll_j.xml#10083,川松　由典,川松 由典,translated,text,654827f5ab,br=0 nl=0,
ui/ui/staffroll/uil_staffroll_j.xml#10145,シャールデザイン,夏尔设计,translated,text,9d9cefacba,br=0 nl=0,
ui/ui/staffroll/uil_staffroll_j.xml#10268,川松　由典,川松 由典,translated,text,654827f5ab,br=0 nl=0,
ui/ui/staffroll/uil_staffroll_j.xml#10330,シャールモデリング,夏尔建模,translated,text,9e768da080,br=0 nl=0,
ui/ui/staffroll/uil_staffroll_j.xml#10393,川松　由典,川松 由典,translated,text,654827f5ab,br=0 nl=0,
ui/ui/staffroll/uil_staffroll_j.xml#10455,キャラクターアニメーション,角色动画,translated,text,6245f96f88,br=0 nl=0,
ui/ui/staffroll/uil_staffroll_j.xml#10522,山口　力哉,山口 力哉,translated,text,9db200242b,br=0 nl=0,
ui/ui/staffroll/uil_staffroll_j.xml#10584,テクニカルエンジニア,技术工程师,translated,text,1f8b0ef79d,br=0 nl=0,
ui/ui/staffroll/uil_staffroll_j.xml#10648,乱道,乱道,translated,text,afcfc8f99b,br=0 nl=0,
ui/ui/staffroll/uil_staffroll_j.xml#10707,大坪　俊介,大坪 俊介,translated,text,e4a7f6282a,br=0 nl=0,
ui/ui/staffroll/uil_staffroll_j.xml#10769,キャラクターセットアップ,角色装配,translated,text,2d9c1a161a,br=0 nl=0,
ui/ui/staffroll/uil_staffroll_j.xml#10835,大坪　俊介,大坪 俊介,translated,text,e4a7f6282a,br=0 nl=0,
ui/ui/staffroll/uil_staffroll_j.xml#10897,川松　由典,川松 由典,translated,text,654827f5ab,br=0 nl=0,
ui/ui/staffroll/uil_staffroll_j.xml#10959,マネジメント,管理,translated,text,644f6dd8a3,br=0 nl=0,
ui/ui/staffroll/uil_staffroll_j.xml#11019,松本　浩幸,松本 浩幸,translated,text,31c3a3098b,br=0 nl=0,
ui/ui/staffroll/uil_staffroll_j.xml#11081,背景描画,背景绘制,translated,text,7c693fd5dd,br=0 nl=0,
ui/ui/staffroll/uil_staffroll_j.xml#11143,松本　秀幸,松本 秀幸,translated,text,cac6e320dc,br=0 nl=0,
ui/ui/staffroll/uil_staffroll_j.xml#11205,藤野　健,藤野 健,translated,text,c8f847de19,br=0 nl=0,
ui/ui/staffroll/uil_staffroll_j.xml#11266,(千住工房),(千住工房),translated,text,72db564c31,br=0 nl=0,
ui/ui/staffroll/uil_staffroll_j.xml#11329,ムービー制作,影像制作,translated,text,76380644cd,br=0 nl=0,
ui/ui/staffroll/uil_staffroll_j.xml#11393,演出,演出,translated,text,7084a5c4b4,br=0 nl=0,
ui/ui/staffroll/uil_staffroll_j.xml#11449,蜂屋　雅幸,蜂屋 雅幸,translated,text,bacd8a88e9,br=0 nl=0,
ui/ui/staffroll/uil_staffroll_j.xml#11511,制作協力,制作协力,translated,text,06c1dc4d63,br=0 nl=0,
ui/ui/staffroll/uil_staffroll_j.xml#11630,背景,背景,translated,text,b13d33a528,br=0 nl=0,
ui/ui/staffroll/uil_staffroll_j.xml#11686,藤野　健,藤野 健,translated,text,c8f847de19,br=0 nl=0,
ui/ui/staffroll/uil_staffroll_j.xml#11747,(千住工房),(千住工房),translated,text,72db564c31,br=0 nl=0,
ui/ui/staffroll/uil_staffroll_j.xml#11866,蜂屋　雅幸,蜂屋 雅幸,translated,text,bacd8a88e9,br=0 nl=0,
ui/ui/staffroll/uil_staffroll_j.xml#11928,嘉藤　公紀,嘉藤 公纪,translated,text,b11bc7bcd0,br=0 nl=0,
ui/ui/staffroll/uil_staffroll_j.xml#11990,デザイン・グラフィック,设计・平面,translated,text,9c670269cd,br=0 nl=0,
ui/ui/staffroll/uil_staffroll_j.xml#12055,村澤　晴海,村泽 晴海,translated,text,ccc3eb0e5b,br=0 nl=0,
ui/ui/staffroll/uil_staffroll_j.xml#12117,目黒　久美子,目黑 久美子,translated,text,e42a1e5bcf,br=0 nl=0,
ui/ui/staffroll/uil_staffroll_j.xml#12180,制作進行管理,制作进度管理,translated,text,fce087be8d,br=0 nl=0,
ui/ui/staffroll/uil_staffroll_j.xml#12240,高橋　真,高桥 真,translated,text,0418a4adc3,br=0 nl=0,
ui/ui/staffroll/uil_staffroll_j.xml#12301,キャラクターアニメーション,角色动画,translated,text,6245f96f88,br=0 nl=0,
ui/ui/staffroll/uil_staffroll_j.xml#12368,山口　力哉,山口 力哉,translated,text,9db200242b,br=0 nl=0,
ui/ui/staffroll/uil_staffroll_j.xml#12430,大法要祝詞,大法要祝词,translated,text,de34d54786,br=0 nl=0,
ui/ui/staffroll/uil_staffroll_j.xml#12493,協力,协力,translated,text,1a054b3135,br=0 nl=0,
ui/ui/staffroll/uil_staffroll_j.xml#12618,バックグラウンドミュージック,背景音乐,translated,text,a5e60b8440,br=0 nl=0,
ui/ui/staffroll/uil_staffroll_j.xml#12690,コンポーザー,作曲家,translated,text,259843924f,br=0 nl=0,
ui/ui/staffroll/uil_staffroll_j.xml#12750,志方　あきこ,志方 晶子,translated,text,05f122732c,br=0 nl=0,
ui/ui/staffroll/uil_staffroll_j.xml#13019,音響,音效,translated,text,a94ecabc3c,br=0 nl=0,
ui/ui/staffroll/uil_staffroll_j.xml#13079,音響監督,音效总监,translated,text,e4bfb6b35d,br=0 nl=0,
ui/ui/staffroll/uil_staffroll_j.xml#13137,納谷　僚介,纳谷 僚介,translated,text,d0a88d7501,br=0 nl=0,
ui/ui/staffroll/uil_staffroll_j.xml#13199,録音調整,录音调整,translated,text,bdaaaa1218,br=0 nl=0,
ui/ui/staffroll/uil_staffroll_j.xml#13257,田中　直也,田中 直也,translated,text,a61c475fb5,br=0 nl=0,
ui/ui/staffroll/uil_staffroll_j.xml#13319,録音助手,录音助手,translated,text,2cd5fceb80,br=0 nl=0,
ui/ui/staffroll/uil_staffroll_j.xml#13377,三田　颯,三田 飒,translated,text,36385611f0,br=0 nl=0,
ui/ui/staffroll/uil_staffroll_j.xml#13438,道下　彩,道下 彩,translated,text,d5f8dc474d,br=0 nl=0,
ui/ui/staffroll/uil_staffroll_j.xml#13499,宮林　良太,宫林 良太,translated,text,0f70c3cd9a,br=0 nl=0,
ui/ui/staffroll/uil_staffroll_j.xml#13561,音響制作,音效制作,translated,text,3ba07c72e1,br=0 nl=0,
ui/ui/staffroll/uil_staffroll_j.xml#13688,音声編集,音频编辑,translated,text,e38d80f3d6,br=0 nl=0,
ui/ui/staffroll/uil_staffroll_j.xml#13750,株式会社ブレイブハーツ,株式会社Brave Hearts,translated,text,e92fbd661d,br=0 nl=0,
ui/ui/staffroll/uil_staffroll_j.xml#13818,デバッグ,调试,translated,text,93640dad3a,br=0 nl=0,
ui/ui/staffroll/uil_staffroll_j.xml#13880,ポールトゥウィン株式会社,株式会社Pole To Win,translated,text,cda47e17fb,br=0 nl=0,
ui/ui/staffroll/uil_staffroll_j.xml#13949,三田村　理史,三田村 理史,translated,text,471a7652f7,br=0 nl=0,
ui/ui/staffroll/uil_staffroll_j.xml#14012,山崎　乙,山崎 乙,translated,text,8f70623b22,br=0 nl=0,
ui/ui/staffroll/uil_staffroll_j.xml#14073,牧　睦美,牧 睦美,translated,text,36499eaf9d,br=0 nl=0,
ui/ui/staffroll/uil_staffroll_j.xml#14134,木村　知生,木村 知生,translated,text,f4f07268a4,br=0 nl=0,
ui/ui/staffroll/uil_staffroll_j.xml#14196,宮下　廣大,宫下 广大,translated,text,4c64af3cd0,br=0 nl=0,
ui/ui/staffroll/uil_staffroll_j.xml#14258,【シェルノサージュ・ゲームパート】,【Ciel nosurge游戏部分】,translated,text,9248244bef,br=0 nl=0,
ui/ui/staffroll/uil_staffroll_j.xml#14333,ワールドイラスト,世界插画,translated,text,5cd301b8d2,br=0 nl=0,
ui/ui/staffroll/uil_staffroll_j.xml#14399,松本　秀幸,松本 秀幸,translated,text,cac6e320dc,br=0 nl=0,
ui/ui/staffroll/uil_staffroll_j.xml#14461,加藤　たいら,加藤 泰良,translated,text,06ffb04cd0,br=0 nl=0,
ui/ui/staffroll/uil_staffroll_j.xml#14524,株式会社千住工房,株式会社千住工房,translated,text,3de756af57,br=0 nl=0,
ui/ui/staffroll/uil_staffroll_j.xml#14589,杉本　あゆみ,杉本 亚由美,translated,text,0cc43ca50f,br=0 nl=0,
ui/ui/staffroll/uil_staffroll_j.xml#14652,小林　雅代,小林 雅代,translated,text,b0113f997a,br=0 nl=0,
ui/ui/staffroll/uil_staffroll_j.xml#14714,藤野　健,藤野 健,translated,text,c8f847de19,br=0 nl=0,
ui/ui/staffroll/uil_staffroll_j.xml#14775,山梨　彩子,山梨 彩子,translated,text,b952ec77ac,br=0 nl=0,
ui/ui/staffroll/uil_staffroll_j.xml#14837,株式会社ロジスティックス,株式会社Logistics,translated,text,8ec59442f3,br=0 nl=0,
ui/ui/staffroll/uil_staffroll_j.xml#14906,チーム・ティルドーン,Team TillDawn,translated,text,20dce76a53,br=0 nl=0,
ui/ui/staffroll/uil_staffroll_j.xml#14970,宮越　歩,宫越 步,translated,text,fe37f2f67e,br=0 nl=0,
ui/ui/staffroll/uil_staffroll_j.xml#15031,川松　由典,川松 由典,translated,text,654827f5ab,br=0 nl=0,
ui/ui/staffroll/uil_staffroll_j.xml#15093,シナリオライターセクション,编剧部门,translated,text,a1348aacfb,br=0 nl=0,
ui/ui/staffroll/uil_staffroll_j.xml#15164,夢セカイパート,梦世界部分,translated,text,aea66df668,br=0 nl=0,
ui/ui/staffroll/uil_staffroll_j.xml#15228,脚本,剧本,translated,text,7fbccbeb8a,br=0 nl=0,
ui/ui/staffroll/uil_staffroll_j.xml#15284,谷村　大四郎,谷村 大四郎,translated,text,40c336b78f,br=0 nl=0,
ui/ui/staffroll/uil_staffroll_j.xml#15416,花野　十三 ,花野 十三,translated,text,ec9f16e629,br=0 nl=0,
ui/ui/staffroll/uil_staffroll_j.xml#15541,和泉　亮 ,和泉 亮,translated,text,64981930da,br=0 nl=0,
ui/ui/staffroll/uil_staffroll_j.xml#15666,デザイナーズセクション,设计师部门,translated,text,4ec447bf85,br=0 nl=0,
ui/ui/staffroll/uil_staffroll_j.xml#15735,アイテムCG作成,道具CG制作,translated,text,4959dedafc,br=0 nl=0,
ui/ui/staffroll/uil_staffroll_j.xml#15797,小瀬　希,小濑 希,translated,text,31c8eb4891,br=0 nl=0,
ui/ui/staffroll/uil_staffroll_j.xml#15858,プログラマーズセクション,程序员部门,translated,text,44c735ef17,br=0 nl=0,
ui/ui/staffroll/uil_staffroll_j.xml#15928,【オフライン版制作】,【单机版制作】,translated,text,03d64cac73,br=0 nl=0,
ui/ui/staffroll/uil_staffroll_j.xml#15995,株式会社メテオライズ,株式会社Meteorise,translated,text,61cde65511,br=0 nl=0,
ui/ui/staffroll/uil_staffroll_j.xml#16062,デベロップメントマネージャー,开发经理,translated,text,a3540a5b0b,br=0 nl=0,
ui/ui/staffroll/uil_staffroll_j.xml#16130,渡邉　幸二,渡边 幸二,translated,text,a836876d7e,br=0 nl=0,
ui/ui/staffroll/uil_staffroll_j.xml#16192,リードプログラマー,主程序员,translated,text,9229f02856,br=0 nl=0,
ui/ui/staffroll/uil_staffroll_j.xml#16255,山本　哲也,山本 哲也,translated,text,3f4c63e01f,br=0 nl=0,
ui/ui/staffroll/uil_staffroll_j.xml#16317,新井　朗,新井 朗,translated,text,90f9b443bf,br=0 nl=0,
ui/ui/staffroll/uil_staffroll_j.xml#16378,井出　純平,井出 纯平,translated,text,539eef3cdb,br=0 nl=0,
ui/ui/staffroll/uil_staffroll_j.xml#16440,堀川　雄大,堀川 雄大,translated,text,0427e75ecf,br=0 nl=0,
ui/ui/staffroll/uil_staffroll_j.xml#16502,株式会社メテオライズ,株式会社Meteorise,translated,text,61cde65511,br=0 nl=0,
ui/ui/staffroll/uil_staffroll_j.xml#16569,HTTP ネットワーク モジュール,HTTP网络模块,translated,text,700b00a437,br=0 nl=0,
ui/ui/staffroll/uil_staffroll_j.xml#16640,渡邉　幸二,渡边 幸二,translated,text,a836876d7e,br=0 nl=0,
ui/ui/staffroll/uil_staffroll_j.xml#16702,シャール システム,夏尔系统,translated,text,3000840e0e,br=0 nl=0,
ui/ui/staffroll/uil_staffroll_j.xml#16765,山本　哲也,山本 哲也,translated,text,3f4c63e01f,br=0 nl=0,
ui/ui/staffroll/uil_staffroll_j.xml#16827,株式会社エクストリーム,株式会社Extreme,translated,text,98c9f61cf3,br=0 nl=0,
ui/ui/staffroll/uil_staffroll_j.xml#16895,プログラムサポート,程序支援,translated,text,26d10aad29,br=0 nl=0,
ui/ui/staffroll/uil_staffroll_j.xml#16958,加津間　聡,加津间 聪,translated,text,0781ac921c,br=0 nl=0,
ui/ui/staffroll/uil_staffroll_j.xml#17020,青木　一也,青木 一也,translated,text,c83b05964d,br=0 nl=0,
ui/ui/staffroll/uil_staffroll_j.xml#17082,ネットワークセクション,网络部门,translated,text,4e67a84cd1,br=0 nl=0,
ui/ui/staffroll/uil_staffroll_j.xml#17221,ウェブエンジニア,网页工程师,translated,text,6cb6815dad,br=0 nl=0,
ui/ui/staffroll/uil_staffroll_j.xml#17283,三島　功,三岛 功,translated,text,5b8e07376e,br=0 nl=0,
ui/ui/staffroll/uil_staffroll_j.xml#17344,(株)wizgeek,(株)wizgeek,translated,text,cd5a3764f1,br=0 nl=0,
ui/ui/staffroll/uil_staffroll_j.xml#17411,ウェブオペレーション,网页运维,translated,text,0299d42ed3,br=0 nl=0,
ui/ui/staffroll/uil_staffroll_j.xml#17475,仲田　享司,仲田 享司,translated,text,2a82ae3f5e,br=0 nl=0,
ui/ui/staffroll/uil_staffroll_j.xml#17537,３Ｄモデル＆モーション,3D模型与动作,translated,text,cfca7f34e9,br=0 nl=0,
ui/ui/staffroll/uil_staffroll_j.xml#17606,株式会社FlightUNIT,株式会社FlightUNIT,translated,text,1da69201f4,br=0 nl=0,
ui/ui/staffroll/uil_staffroll_j.xml#17677,アートディレクター,艺术总监,translated,text,c34e651c44,br=0 nl=0,
ui/ui/staffroll/uil_staffroll_j.xml#17801,メイン3Dモデリング,主3D建模,translated,text,7a817aa640,br=0 nl=0,
ui/ui/staffroll/uil_staffroll_j.xml#17926,3Dモデリング,3D建模,translated,text,a9229cb55f,br=0 nl=0,
ui/ui/staffroll/uil_staffroll_j.xml#17987,川松　由典,川松 由典,translated,text,654827f5ab,br=0 nl=0,
ui/ui/staffroll/uil_staffroll_j.xml#18049,桑田　まり子,桑田 真理子,translated,text,9a7ef2f3de,br=0 nl=0,
ui/ui/staffroll/uil_staffroll_j.xml#18112,燕藤　ユウ,燕藤 悠,translated,text,8c84789206,br=0 nl=0,
ui/ui/staffroll/uil_staffroll_j.xml#18174,ワールドモデリング,世界建模,translated,text,8443ae1813,br=0 nl=0,
ui/ui/staffroll/uil_staffroll_j.xml#18237,川松　由典,川松 由典,translated,text,654827f5ab,br=0 nl=0,
ui/ui/staffroll/uil_staffroll_j.xml#18299,大坪　俊介,大坪 俊介,translated,text,e4a7f6282a,br=0 nl=0,
ui/ui/staffroll/uil_staffroll_j.xml#18361,桑田　まり子,桑田 真理子,translated,text,9a7ef2f3de,br=0 nl=0,
ui/ui/staffroll/uil_staffroll_j.xml#18424,シャールデザイン,夏尔设计,translated,text,9d9cefacba,br=0 nl=0,
ui/ui/staffroll/uil_staffroll_j.xml#18547,川松　由典,川松 由典,translated,text,654827f5ab,br=0 nl=0,
ui/ui/staffroll/uil_staffroll_j.xml#18609,シャールモデリング,夏尔建模,translated,text,9e768da080,br=0 nl=0,
ui/ui/staffroll/uil_staffroll_j.xml#18672,川松　由典,川松 由典,translated,text,654827f5ab,br=0 nl=0,
ui/ui/staffroll/uil_staffroll_j.xml#18734,高橋　聖,高桥 圣,translated,text,dfbf0ca1c6,br=0 nl=0,
ui/ui/staffroll/uil_staffroll_j.xml#18795,桑田　まり子,桑田 真理子,translated,text,9a7ef2f3de,br=0 nl=0,
ui/ui/staffroll/uil_staffroll_j.xml#18858,メインアニメーター,主动画师,translated,text,4a9646d5bb,br=0 nl=0,
ui/ui/staffroll/uil_staffroll_j.xml#18921,山口　力哉,山口 力哉,translated,text,9db200242b,br=0 nl=0,
ui/ui/staffroll/uil_staffroll_j.xml#18983,キャラクターアニメーション,角色动画,translated,text,6245f96f88,br=0 nl=0,
ui/ui/staffroll/uil_staffroll_j.xml#19050,矢戸　恵,矢户 惠,translated,text,98bd1a2e46,br=0 nl=0,
ui/ui/staffroll/uil_staffroll_j.xml#19172,イベントプログラム,事件程序,translated,text,45c20cb56a,br=0 nl=0,
ui/ui/staffroll/uil_staffroll_j.xml#19235,乱道,乱道,translated,text,afcfc8f99b,br=0 nl=0,
ui/ui/staffroll/uil_staffroll_j.xml#19294,テクニカルエンジニア,技术工程师,translated,text,1f8b0ef79d,br=0 nl=0,
ui/ui/staffroll/uil_staffroll_j.xml#19358,乱道,乱道,translated,text,afcfc8f99b,br=0 nl=0,
ui/ui/staffroll/uil_staffroll_j.xml#19417,大坪　俊介,大坪 俊介,translated,text,e4a7f6282a,br=0 nl=0,
ui/ui/staffroll/uil_staffroll_j.xml#19479,キャラクターセットアップ,角色装配,translated,text,2d9c1a161a,br=0 nl=0,
ui/ui/staffroll/uil_staffroll_j.xml#19545,大坪　俊介,大坪 俊介,translated,text,e4a7f6282a,br=0 nl=0,
ui/ui/staffroll/uil_staffroll_j.xml#19607,矢戸　恵,矢户 惠,translated,text,98bd1a2e46,br=0 nl=0,
ui/ui/staffroll/uil_staffroll_j.xml#19668,インターフェイスデザイン,界面设计,translated,text,8fe4dab4e8,br=0 nl=0,
ui/ui/staffroll/uil_staffroll_j.xml#19795,桑田　まり子,桑田 真理子,translated,text,9a7ef2f3de,br=0 nl=0,
ui/ui/staffroll/uil_staffroll_j.xml#19858,マネジメント,管理,translated,text,644f6dd8a3,br=0 nl=0,
ui/ui/staffroll/uil_staffroll_j.xml#19918,松本　浩幸,松本 浩幸,translated,text,31c3a3098b,br=0 nl=0,
ui/ui/staffroll/uil_staffroll_j.xml#19980,オープニングムービー,片头影像,translated,text,bddc00b466,br=0 nl=0,
ui/ui/staffroll/uil_staffroll_j.xml#20048,絵コンテ・演出,分镜・演出,translated,text,c1285163f7,br=0 nl=0,
ui/ui/staffroll/uil_staffroll_j.xml#20170,ディレクター　,总监,translated,text,135e67823a,br=0 nl=0,
ui/ui/staffroll/uil_staffroll_j.xml#20231,嘉藤　公紀,嘉藤 公纪,translated,text,b11bc7bcd0,br=0 nl=0,
ui/ui/staffroll/uil_staffroll_j.xml#20349,浅尾　憲治,浅尾 宪治,translated,text,6bc5e803d3,br=0 nl=0,
ui/ui/staffroll/uil_staffroll_j.xml#20411,蜂屋　雅幸,蜂屋 雅幸,translated,text,bacd8a88e9,br=0 nl=0,
ui/ui/staffroll/uil_staffroll_j.xml#20473,森中　亮,森中 亮,translated,text,d2b56e5d7c,br=0 nl=0,
ui/ui/staffroll/uil_staffroll_j.xml#20534,製作,制作,translated,text,53c6bc4ef7,br=0 nl=0,
ui/ui/staffroll/uil_staffroll_j.xml#20590,ポイント・ピクチャーズ,Point Pictures,translated,text,4b9cc20967,br=0 nl=0,
ui/ui/staffroll/uil_staffroll_j.xml#20658,プロモーションムービー,宣传影像,translated,text,375c066366,br=0 nl=0,
ui/ui/staffroll/uil_staffroll_j.xml#20727,ディレクター　,总监,translated,text,135e67823a,br=0 nl=0,
ui/ui/staffroll/uil_staffroll_j.xml#20788,浅尾　憲治,浅尾 宪治,translated,text,6bc5e803d3,br=0 nl=0,
ui/ui/staffroll/uil_staffroll_j.xml#20906,森　進二郞,森 进二郎,translated,text,564356e8ac,br=0 nl=0,
ui/ui/staffroll/uil_staffroll_j.xml#20968,村澤　晴海,村泽 晴海,translated,text,ccc3eb0e5b,br=0 nl=0,
ui/ui/staffroll/uil_staffroll_j.xml#21030,大塚　竹男,大冢 竹男,translated,text,ac5a7c666f,br=0 nl=0,
ui/ui/staffroll/uil_staffroll_j.xml#21092,製作,制作,translated,text,53c6bc4ef7,br=0 nl=0,
ui/ui/staffroll/uil_staffroll_j.xml#21148,ポイント・ピクチャーズ,Point Pictures,translated,text,4b9cc20967,br=0 nl=0,
ui/ui/staffroll/uil_staffroll_j.xml#21216,詩ムービー,诗歌影像,translated,text,03e84567a7,br=0 nl=0,
ui/ui/staffroll/uil_staffroll_j.xml#21279,ディレクター,总监,translated,text,074ca740ff,br=0 nl=0,
ui/ui/staffroll/uil_staffroll_j.xml#21339,絵コンテ・演出,分镜・演出,translated,text,c1285163f7,br=0 nl=0,
ui/ui/staffroll/uil_staffroll_j.xml#21461,キャラクターアニメーション,角色动画,translated,text,6245f96f88,br=0 nl=0,
ui/ui/staffroll/uil_staffroll_j.xml#21589,山口　力哉,山口 力哉,translated,text,9db200242b,br=0 nl=0,
ui/ui/staffroll/uil_staffroll_j.xml#21651,嘉藤　公紀,嘉藤 公纪,translated,text,b11bc7bcd0,br=0 nl=0,
ui/ui/staffroll/uil_staffroll_j.xml#21782,ジェノミライムービー,杰诺米莱伊影像,translated,text,f6e7d2fd93,br=0 nl=0,
ui/ui/staffroll/uil_staffroll_j.xml#21850,制作,制作,translated,text,7d394484ec,br=0 nl=0,
ui/ui/staffroll/uil_staffroll_j.xml#21967,バックグラウンドミュージック,背景音乐,translated,text,a5e60b8440,br=0 nl=0,
ui/ui/staffroll/uil_staffroll_j.xml#22039,ミュージックディレクター,音乐总监,translated,text,d43c0fd3f4,br=0 nl=0,
ui/ui/staffroll/uil_staffroll_j.xml#22105,志方　あきこ,志方 晶子,translated,text,05f122732c,br=0 nl=0,
ui/ui/staffroll/uil_staffroll_j.xml#22168,コンポーザー,作曲家,translated,text,259843924f,br=0 nl=0,
ui/ui/staffroll/uil_staffroll_j.xml#22228,志方　あきこ,志方 晶子,translated,text,05f122732c,br=0 nl=0,
ui/ui/staffroll/uil_staffroll_j.xml#22497,アコースティックギター,原声吉他,translated,text,a7abba5538,br=0 nl=0,
ui/ui/staffroll/uil_staffroll_j.xml#22562,吉田　穣,吉田 穰,translated,text,c4ff906d3c,br=0 nl=0,
ui/ui/staffroll/uil_staffroll_j.xml#22623,エレキギター,电吉他,translated,text,1fa9044665,br=0 nl=0,
ui/ui/staffroll/uil_staffroll_j.xml#22683,吉田　穣,吉田 穰,translated,text,c4ff906d3c,br=0 nl=0,
ui/ui/staffroll/uil_staffroll_j.xml#22744,シタール,锡塔尔琴,translated,text,8f25ffe37e,br=0 nl=0,
ui/ui/staffroll/uil_staffroll_j.xml#22802,吉田　穣,吉田 穰,translated,text,c4ff906d3c,br=0 nl=0,
ui/ui/staffroll/uil_staffroll_j.xml#22863,ヴァイオリン,小提琴,translated,text,668c16f747,br=0 nl=0,
ui/ui/staffroll/uil_staffroll_j.xml#22923,大貫　聖子,大贯 圣子,translated,text,3869a50f95,br=0 nl=0,
ui/ui/staffroll/uil_staffroll_j.xml#22985,音響,音效,translated,text,a94ecabc3c,br=0 nl=0,
ui/ui/staffroll/uil_staffroll_j.xml#23045,音響監督,音效总监,translated,text,e4bfb6b35d,br=0 nl=0,
ui/ui/staffroll/uil_staffroll_j.xml#23104,納谷　僚介,纳谷 僚介,translated,text,d0a88d7501,br=0 nl=0,
ui/ui/staffroll/uil_staffroll_j.xml#23167,録音調整,录音调整,translated,text,bdaaaa1218,br=0 nl=0,
ui/ui/staffroll/uil_staffroll_j.xml#23226,田中　直也,田中 直也,translated,text,a61c475fb5,br=0 nl=0,
ui/ui/staffroll/uil_staffroll_j.xml#23289,録音助手,录音助手,translated,text,2cd5fceb80,br=0 nl=0,
ui/ui/staffroll/uil_staffroll_j.xml#23348,三田　颯,三田 飒,translated,text,36385611f0,br=0 nl=0,
ui/ui/staffroll/uil_staffroll_j.xml#23410,道下　彩,道下 彩,translated,text,d5f8dc474d,br=0 nl=0,
ui/ui/staffroll/uil_staffroll_j.xml#23472,音響制作,音效制作,translated,text,3ba07c72e1,br=0 nl=0,
ui/ui/staffroll/uil_staffroll_j.xml#23601,技術協力,技术协力,translated,text,09ac8b241a,br=0 nl=0,
ui/ui/staffroll/uil_staffroll_j.xml#23664,株式会社ＣＲＩ・ミドルウェア,株式会社CRI Middleware,translated,text,ddfc365935,br=0 nl=0,
ui/ui/staffroll/uil_staffroll_j.xml#23736,代表取締役専務ＣＴＯ,执行董事专务CTO,translated,text,e027789a7b,br=0 nl=0,
ui/ui/staffroll/uil_staffroll_j.xml#23801,押見　正雄,押见 正雄,translated,text,bb3d517d8c,br=0 nl=0,
ui/ui/staffroll/uil_staffroll_j.xml#23927,佐藤　修,佐藤 修,translated,text,8d20a19056,br=0 nl=0,
ui/ui/staffroll/uil_staffroll_j.xml#23989,鈴木　成門,铃木 成门,translated,text,151d8ce7cd,br=0 nl=0,
ui/ui/staffroll/uil_staffroll_j.xml#24052,郷原　亮,乡原 亮,translated,text,edafc04a4c,br=0 nl=0,
ui/ui/staffroll/uil_staffroll_j.xml#24114,水津　達也,水津 达也,translated,text,1b6339ac0a,br=0 nl=0,
ui/ui/staffroll/uil_staffroll_j.xml#24177,田中　孝,田中 孝,translated,text,6a01522493,br=0 nl=0,
ui/ui/staffroll/uil_staffroll_j.xml#24239,薄　　亮,薄 亮,translated,text,9be14828cf,br=0 nl=0,
ui/ui/staffroll/uil_staffroll_j.xml#24301,及川　進,及川 进,translated,text,564af3d63f,br=0 nl=0,
ui/ui/staffroll/uil_staffroll_j.xml#24429,漆畑　祐介,漆畑 佑介,translated,text,7b38215b37,br=0 nl=0,
ui/ui/staffroll/uil_staffroll_j.xml#24492,櫻井　敦史,樱井 敦史,translated,text,56fb1b2ef2,br=0 nl=0,
ui/ui/staffroll/uil_staffroll_j.xml#24617,花房　宏通,花房 宏通,translated,text,b03c5ceac2,br=0 nl=0,
ui/ui/staffroll/uil_staffroll_j.xml#24680,太田　政美,太田 政美,translated,text,84c8d1255b,br=0 nl=0,
ui/ui/staffroll/uil_staffroll_j.xml#24743,渡辺　大輔,渡边 大辅,translated,text,e1ba1468a3,br=0 nl=0,
ui/ui/staffroll/uil_staffroll_j.xml#24874,佐藤　修,佐藤 修,translated,text,8d20a19056,br=0 nl=0,
ui/ui/staffroll/uil_staffroll_j.xml#24936,デバッグ,调试,translated,text,93640dad3a,br=0 nl=0,
ui/ui/staffroll/uil_staffroll_j.xml#24999,ポールトゥウィン株式会社,株式会社Pole To Win,translated,text,cda47e17fb,br=0 nl=0,
ui/ui/staffroll/uil_staffroll_j.xml#25069,三田村 理史,三田村 理史,translated,text,77e158e1ae,br=0 nl=0,
ui/ui/staffroll/uil_staffroll_j.xml#25133,浅田　卓,浅田 卓,translated,text,adcb96dc81,br=0 nl=0,
ui/ui/staffroll/uil_staffroll_j.xml#25195,山崎　乙,山崎 乙,translated,text,8f70623b22,br=0 nl=0,
ui/ui/staffroll/uil_staffroll_j.xml#25257,大井 勇生,大井 勇生,translated,text,fcdda02341,br=0 nl=0,
ui/ui/staffroll/uil_staffroll_j.xml#25320,牧　睦美,牧 睦美,translated,text,36499eaf9d,br=0 nl=0,
ui/ui/staffroll/uil_staffroll_j.xml#25382,木村　知生,木村 知生,translated,text,f4f07268a4,br=0 nl=0,
ui/ui/staffroll/uil_staffroll_j.xml#25445,宮下　廣大,宫下 广大,translated,text,4c64af3cd0,br=0 nl=0,
ui/ui/staffroll/uil_staffroll_j.xml#25508,柴田　裕司,柴田 裕司,translated,text,13fa6f22df,br=0 nl=0,
ui/ui/staffroll/uil_staffroll_j.xml#25571,西原　正洋,西原 正洋,translated,text,1aa88db9f1,br=0 nl=0,
ui/ui/staffroll/uil_staffroll_j.xml#25634,高田　陽介,高田 阳介,translated,text,ec9fea6efa,br=0 nl=0,
ui/ui/staffroll/uil_staffroll_j.xml#25697,澤田　哲也,泽田 哲也,translated,text,bc595385ac,br=0 nl=0,
ui/ui/staffroll/uil_staffroll_j.xml#25760,渡邊　さや,渡边 沙耶,translated,text,a3fb83c85e,br=0 nl=0,
ui/ui/staffroll/uil_staffroll_j.xml#25823,山谷　武,山谷 武,translated,text,254588c758,br=0 nl=0,
ui/ui/staffroll/uil_staffroll_j.xml#25885,小川　早苗,小川 早苗,translated,text,116301b38a,br=0 nl=0,
ui/ui/staffroll/uil_staffroll_j.xml#25948,村川　雄一郎,村川 雄一郎,translated,text,93fd06889d,br=0 nl=0,
ui/ui/staffroll/uil_staffroll_j.xml#26012,挿入歌,插曲,translated,text,43505f0b2e,br=0 nl=0,
ui/ui/staffroll/uil_staffroll_j.xml#26074,#00『謳無き丘へ～Introduce Ver.～』,#00‘致无鸣之丘～Introduce Ver.～’,translated,text,abf88f0aa3,br=0 nl=0,src-longest-line=26
ui/ui/staffroll/uil_staffroll_j.xml#26158,ヴォーカル,主唱,translated,text,a9d22c4f25,br=0 nl=0,
ui/ui/staffroll/uil_staffroll_j.xml#26218,志方　あきこ,志方 晶子,translated,text,05f122732c,br=0 nl=0,
ui/ui/staffroll/uil_staffroll_j.xml#26282,コーラス,和声,translated,text,e6f23f00bd,br=0 nl=0,
ui/ui/staffroll/uil_staffroll_j.xml#26341,志方　あきこ,志方 晶子,translated,text,05f122732c,br=0 nl=0,
ui/ui/staffroll/uil_staffroll_j.xml#26405,作詞,作词,translated,text,37dd0a71d2,br=0 nl=0,
ui/ui/staffroll/uil_staffroll_j.xml#26462,土屋　暁,土屋 晓,translated,text,21998e95cc,br=0 nl=0,
ui/ui/staffroll/uil_staffroll_j.xml#26524,作曲,作曲,translated,text,779e678323,br=0 nl=0,
ui/ui/staffroll/uil_staffroll_j.xml#26581,土屋　暁,土屋 晓,translated,text,21998e95cc,br=0 nl=0,
ui/ui/staffroll/uil_staffroll_j.xml#26643,編曲,编曲,translated,text,0d9b094937,br=0 nl=0,
ui/ui/staffroll/uil_staffroll_j.xml#26700,志方　あきこ,志方 晶子,translated,text,05f122732c,br=0 nl=0,
ui/ui/staffroll/uil_staffroll_j.xml#26764,アコースティックギター,原声吉他,translated,text,a7abba5538,br=0 nl=0,
ui/ui/staffroll/uil_staffroll_j.xml#26830,田代　耕一郎,田代 耕一郎,translated,text,2b32bdbfd2,br=0 nl=0,
ui/ui/staffroll/uil_staffroll_j.xml#26894,アイリッシュブズーキー,爱尔兰布祖基琴,translated,text,d1c4382eb2,br=0 nl=0,
ui/ui/staffroll/uil_staffroll_j.xml#26960,田代　耕一郎,田代 耕一郎,translated,text,2b32bdbfd2,br=0 nl=0,
ui/ui/staffroll/uil_staffroll_j.xml#27099,ヴォーカル,主唱,translated,text,a9d22c4f25,br=0 nl=0,
ui/ui/staffroll/uil_staffroll_j.xml#27159,志方　あきこ,志方 晶子,translated,text,05f122732c,br=0 nl=0,
ui/ui/staffroll/uil_staffroll_j.xml#27223,コーラス,和声,translated,text,e6f23f00bd,br=0 nl=0,
ui/ui/staffroll/uil_staffroll_j.xml#27282,志方　あきこ,志方 晶子,translated,text,05f122732c,br=0 nl=0,
ui/ui/staffroll/uil_staffroll_j.xml#27346,作詞,作词,translated,text,37dd0a71d2,br=0 nl=0,
ui/ui/staffroll/uil_staffroll_j.xml#27403,志方　あきこ,志方 晶子,translated,text,05f122732c,br=0 nl=0,
ui/ui/staffroll/uil_staffroll_j.xml#27467,作曲,作曲,translated,text,779e678323,br=0 nl=0,
ui/ui/staffroll/uil_staffroll_j.xml#27524,志方　あきこ,志方 晶子,translated,text,05f122732c,br=0 nl=0,
ui/ui/staffroll/uil_staffroll_j.xml#27588,編曲,编曲,translated,text,0d9b094937,br=0 nl=0,
ui/ui/staffroll/uil_staffroll_j.xml#27645,志方　あきこ,志方 晶子,translated,text,05f122732c,br=0 nl=0,
ui/ui/staffroll/uil_staffroll_j.xml#27709,アコースティックギター,原声吉他,translated,text,a7abba5538,br=0 nl=0,
ui/ui/staffroll/uil_staffroll_j.xml#27775,田代　耕一郎,田代 耕一郎,translated,text,2b32bdbfd2,br=0 nl=0,
ui/ui/staffroll/uil_staffroll_j.xml#27839,カンテレ,康特勒琴,translated,text,99e23b542c,br=0 nl=0,
ui/ui/staffroll/uil_staffroll_j.xml#27898,田代　耕一郎,田代 耕一郎,translated,text,2b32bdbfd2,br=0 nl=0,
ui/ui/staffroll/uil_staffroll_j.xml#27962,パーカッション,打击乐,translated,text,b5c517e01d,br=0 nl=0,
ui/ui/staffroll/uil_staffroll_j.xml#28024,大石　真理恵,大石 真理惠,translated,text,59c84c61d6,br=0 nl=0,
ui/ui/staffroll/uil_staffroll_j.xml#28088,筝,筝,translated,text,e09f68108a,br=0 nl=0,
ui/ui/staffroll/uil_staffroll_j.xml#28144,中垣　雅葉,中垣 雅叶,translated,text,ec00152ffc,br=0 nl=0,
ui/ui/staffroll/uil_staffroll_j.xml#28207,#02『天地咆吼』,#02‘天地咆哮’,translated,text,54b41e4730,br=0 nl=0,
ui/ui/staffroll/uil_staffroll_j.xml#28274,ヴォーカル,主唱,translated,text,a9d22c4f25,br=0 nl=0,
ui/ui/staffroll/uil_staffroll_j.xml#28334,城　南海,城 南海,translated,text,0326f175b4,br=0 nl=0,
ui/ui/staffroll/uil_staffroll_j.xml#28396,コーラス,和声,translated,text,e6f23f00bd,br=0 nl=0,
ui/ui/staffroll/uil_staffroll_j.xml#28455,城　南海,城 南海,translated,text,0326f175b4,br=0 nl=0,
ui/ui/staffroll/uil_staffroll_j.xml#28517,作詞,作词,translated,text,37dd0a71d2,br=0 nl=0,
ui/ui/staffroll/uil_staffroll_j.xml#28574,志方　あきこ,志方 晶子,translated,text,05f122732c,br=0 nl=0,
ui/ui/staffroll/uil_staffroll_j.xml#28638,作曲,作曲,translated,text,779e678323,br=0 nl=0,
ui/ui/staffroll/uil_staffroll_j.xml#28695,志方　あきこ,志方 晶子,translated,text,05f122732c,br=0 nl=0,
ui/ui/staffroll/uil_staffroll_j.xml#28759,編曲,编曲,translated,text,0d9b094937,br=0 nl=0,
ui/ui/staffroll/uil_staffroll_j.xml#28816,志方　あきこ,志方 晶子,translated,text,05f122732c,br=0 nl=0,
ui/ui/staffroll/uil_staffroll_j.xml#28880,アコースティックギター,原声吉他,translated,text,a7abba5538,br=0 nl=0,
ui/ui/staffroll/uil_staffroll_j.xml#28946,田代　耕一郎,田代 耕一郎,translated,text,2b32bdbfd2,br=0 nl=0,
ui/ui/staffroll/uil_staffroll_j.xml#29010,ヴァイオリン,小提琴,translated,text,668c16f747,br=0 nl=0,
ui/ui/staffroll/uil_staffroll_j.xml#29071,大貫　聖子,大贯 圣子,translated,text,3869a50f95,br=0 nl=0,
ui/ui/staffroll/uil_staffroll_j.xml#29134,ピアノ,钢琴,translated,text,64c0241201,br=0 nl=0,
ui/ui/staffroll/uil_staffroll_j.xml#29192,田中　さとこ,田中 聪子,translated,text,67b0c32b37,br=0 nl=0,
ui/ui/staffroll/uil_staffroll_j.xml#29340,ヴォーカル,主唱,translated,text,a9d22c4f25,br=0 nl=0,
ui/ui/staffroll/uil_staffroll_j.xml#29400,志方　あきこ,志方 晶子,translated,text,05f122732c,br=0 nl=0,
ui/ui/staffroll/uil_staffroll_j.xml#29464,コーラス,和声,translated,text,e6f23f00bd,br=0 nl=0,
ui/ui/staffroll/uil_staffroll_j.xml#29523,志方　あきこ,志方 晶子,translated,text,05f122732c,br=0 nl=0,
ui/ui/staffroll/uil_staffroll_j.xml#29587,作詞,作词,translated,text,37dd0a71d2,br=0 nl=0,
ui/ui/staffroll/uil_staffroll_j.xml#29644,志方　あきこ,志方 晶子,translated,text,05f122732c,br=0 nl=0,
ui/ui/staffroll/uil_staffroll_j.xml#29708,作曲,作曲,translated,text,779e678323,br=0 nl=0,
ui/ui/staffroll/uil_staffroll_j.xml#29765,志方　あきこ,志方 晶子,translated,text,05f122732c,br=0 nl=0,
ui/ui/staffroll/uil_staffroll_j.xml#29829,編曲,编曲,translated,text,0d9b094937,br=0 nl=0,
ui/ui/staffroll/uil_staffroll_j.xml#29886,志方　あきこ,志方 晶子,translated,text,05f122732c,br=0 nl=0,
ui/ui/staffroll/uil_staffroll_j.xml#29950,アイリッシュブズーキ,爱尔兰布祖基琴,translated,text,420248b6f2,br=0 nl=0,
ui/ui/staffroll/uil_staffroll_j.xml#30015,田代　耕一郎,田代 耕一郎,translated,text,2b32bdbfd2,br=0 nl=0,
ui/ui/staffroll/uil_staffroll_j.xml#30079,リュート,鲁特琴,translated,text,40aa180de2,br=0 nl=0,
ui/ui/staffroll/uil_staffroll_j.xml#30138,田代　耕一郎,田代 耕一郎,translated,text,2b32bdbfd2,br=0 nl=0,
ui/ui/staffroll/uil_staffroll_j.xml#30202,アコースティックギター,原声吉他,translated,text,a7abba5538,br=0 nl=0,
ui/ui/staffroll/uil_staffroll_j.xml#30268,田代　耕一郎,田代 耕一郎,translated,text,2b32bdbfd2,br=0 nl=0,
ui/ui/staffroll/uil_staffroll_j.xml#30332,ヴァイオリン,小提琴,translated,text,668c16f747,br=0 nl=0,
ui/ui/staffroll/uil_staffroll_j.xml#30393,大貫　聖子,大贯 圣子,translated,text,3869a50f95,br=0 nl=0,
ui/ui/staffroll/uil_staffroll_j.xml#30456,ホイッスル,哨子,translated,text,f9c2bb1a8a,br=0 nl=0,
ui/ui/staffroll/uil_staffroll_j.xml#30516,安井　敬,安井 敬,translated,text,723f3994ab,br=0 nl=0,
ui/ui/staffroll/uil_staffroll_j.xml#30578,リコーダー,竖笛,translated,text,1448956b32,br=0 nl=0,
ui/ui/staffroll/uil_staffroll_j.xml#30638,安井　敬,安井 敬,translated,text,723f3994ab,br=0 nl=0,
ui/ui/staffroll/uil_staffroll_j.xml#30772,ヴォーカル,主唱,translated,text,a9d22c4f25,br=0 nl=0,
ui/ui/staffroll/uil_staffroll_j.xml#30832,霜月　はるか,霜月 遥,translated,text,4fa4ca5550,br=0 nl=0,
ui/ui/staffroll/uil_staffroll_j.xml#30896,コーラス,和声,translated,text,e6f23f00bd,br=0 nl=0,
ui/ui/staffroll/uil_staffroll_j.xml#30955,霜月　はるか,霜月 遥,translated,text,4fa4ca5550,br=0 nl=0,
ui/ui/staffroll/uil_staffroll_j.xml#31019,作詞,作词,translated,text,37dd0a71d2,br=0 nl=0,
ui/ui/staffroll/uil_staffroll_j.xml#31076,日山　尚,日山 尚,translated,text,1f730ac70d,br=0 nl=0,
ui/ui/staffroll/uil_staffroll_j.xml#31138,作曲,作曲,translated,text,779e678323,br=0 nl=0,
ui/ui/staffroll/uil_staffroll_j.xml#31195,霜月　はるか,霜月 遥,translated,text,4fa4ca5550,br=0 nl=0,
ui/ui/staffroll/uil_staffroll_j.xml#31259,編曲,编曲,translated,text,0d9b094937,br=0 nl=0,
ui/ui/staffroll/uil_staffroll_j.xml#31377,#05『美し世界』,#05‘美丽世界’,translated,text,828500b0bb,br=0 nl=0,
ui/ui/staffroll/uil_staffroll_j.xml#31444,ヴォーカル,主唱,translated,text,a9d22c4f25,br=0 nl=0,
ui/ui/staffroll/uil_staffroll_j.xml#31504,城　南海,城 南海,translated,text,0326f175b4,br=0 nl=0,
ui/ui/staffroll/uil_staffroll_j.xml#31566,コーラス,和声,translated,text,e6f23f00bd,br=0 nl=0,
ui/ui/staffroll/uil_staffroll_j.xml#31625,城　南海,城 南海,translated,text,0326f175b4,br=0 nl=0,
ui/ui/staffroll/uil_staffroll_j.xml#31687,作詞,作词,translated,text,37dd0a71d2,br=0 nl=0,
ui/ui/staffroll/uil_staffroll_j.xml#31744,高橋　麗子,高桥 丽子,translated,text,e5f18eff62,br=0 nl=0,
ui/ui/staffroll/uil_staffroll_j.xml#31807,作曲,作曲,translated,text,779e678323,br=0 nl=0,
ui/ui/staffroll/uil_staffroll_j.xml#31864,弘田　佳孝,弘田 佳孝,translated,text,5b1c2fd00d,br=0 nl=0,
ui/ui/staffroll/uil_staffroll_j.xml#31927,編曲,编曲,translated,text,0d9b094937,br=0 nl=0,
ui/ui/staffroll/uil_staffroll_j.xml#31984,弘田　佳孝,弘田 佳孝,translated,text,5b1c2fd00d,br=0 nl=0,
ui/ui/staffroll/uil_staffroll_j.xml#32047,エレキベース,电贝斯,translated,text,97b8e005a2,br=0 nl=0,
ui/ui/staffroll/uil_staffroll_j.xml#32108,弘田　佳孝,弘田 佳孝,translated,text,5b1c2fd00d,br=0 nl=0,
ui/ui/staffroll/uil_staffroll_j.xml#32171,#06『コード・エテスウェイ』,#06‘代码・埃特斯韦’,translated,text,0d93d8ec41,br=0 nl=0,
ui/ui/staffroll/uil_staffroll_j.xml#32244,ヴォーカル,主唱,translated,text,a9d22c4f25,br=0 nl=0,
ui/ui/staffroll/uil_staffroll_j.xml#32304,霜月　はるか,霜月 遥,translated,text,4fa4ca5550,br=0 nl=0,
ui/ui/staffroll/uil_staffroll_j.xml#32368,コーラス,和声,translated,text,e6f23f00bd,br=0 nl=0,
ui/ui/staffroll/uil_staffroll_j.xml#32427,霜月　はるか,霜月 遥,translated,text,4fa4ca5550,br=0 nl=0,
ui/ui/staffroll/uil_staffroll_j.xml#32491,作詞,作词,translated,text,37dd0a71d2,br=0 nl=0,
ui/ui/staffroll/uil_staffroll_j.xml#32548,日山　尚,日山 尚,translated,text,1f730ac70d,br=0 nl=0,
ui/ui/staffroll/uil_staffroll_j.xml#32610,作曲,作曲,translated,text,779e678323,br=0 nl=0,
ui/ui/staffroll/uil_staffroll_j.xml#32667,霜月　はるか,霜月 遥,translated,text,4fa4ca5550,br=0 nl=0,
ui/ui/staffroll/uil_staffroll_j.xml#32731,編曲,编曲,translated,text,0d9b094937,br=0 nl=0,
ui/ui/staffroll/uil_staffroll_j.xml#32788,柳　英一朗,柳 英一朗,translated,text,d1f66395b5,br=0 nl=0,
ui/ui/staffroll/uil_staffroll_j.xml#32851,ヴァイオリン,小提琴,translated,text,668c16f747,br=0 nl=0,
ui/ui/staffroll/uil_staffroll_j.xml#32912,土屋　玲子,土屋 玲子,translated,text,a5c27a7653,br=0 nl=0,
ui/ui/staffroll/uil_staffroll_j.xml#32975,ヴィオラ,中提琴,translated,text,2b5d862048,br=0 nl=0,
ui/ui/staffroll/uil_staffroll_j.xml#33034,土屋　玲子,土屋 玲子,translated,text,a5c27a7653,br=0 nl=0,
ui/ui/staffroll/uil_staffroll_j.xml#33097,チェロ,大提琴,translated,text,13fc4da5ee,br=0 nl=0,
ui/ui/staffroll/uil_staffroll_j.xml#33155,土屋　玲子,土屋 玲子,translated,text,a5c27a7653,br=0 nl=0,
ui/ui/staffroll/uil_staffroll_j.xml#33218,エレキベース,电贝斯,translated,text,97b8e005a2,br=0 nl=0,
ui/ui/staffroll/uil_staffroll_j.xml#33279,柳　英一朗,柳 英一朗,translated,text,d1f66395b5,br=0 nl=0,
ui/ui/staffroll/uil_staffroll_j.xml#33342,プログラミング,编程,translated,text,a063da1b9c,br=0 nl=0,
ui/ui/staffroll/uil_staffroll_j.xml#33404,柳　英一朗,柳 英一朗,translated,text,d1f66395b5,br=0 nl=0,
ui/ui/staffroll/uil_staffroll_j.xml#33554,ヴォーカル,主唱,translated,text,a9d22c4f25,br=0 nl=0,
ui/ui/staffroll/uil_staffroll_j.xml#33614,みとせ　のりこ,水户濑 纪子,translated,text,b870526ad2,br=0 nl=0,
ui/ui/staffroll/uil_staffroll_j.xml#33679,コーラス,和声,translated,text,e6f23f00bd,br=0 nl=0,
ui/ui/staffroll/uil_staffroll_j.xml#33738,みとせ　のりこ,水户濑 纪子,translated,text,b870526ad2,br=0 nl=0,
ui/ui/staffroll/uil_staffroll_j.xml#33803,作詞,作词,translated,text,37dd0a71d2,br=0 nl=0,
ui/ui/staffroll/uil_staffroll_j.xml#33860,みとせ　のりこ,水户濑 纪子,translated,text,b870526ad2,br=0 nl=0,
ui/ui/staffroll/uil_staffroll_j.xml#33925,作曲,作曲,translated,text,779e678323,br=0 nl=0,
ui/ui/staffroll/uil_staffroll_j.xml#34048,編曲,编曲,translated,text,0d9b094937,br=0 nl=0,
ui/ui/staffroll/uil_staffroll_j.xml#34249,ヴォーカル,主唱,translated,text,a9d22c4f25,br=0 nl=0,
ui/ui/staffroll/uil_staffroll_j.xml#34309,霜月　はるか,霜月 遥,translated,text,4fa4ca5550,br=0 nl=0,
ui/ui/staffroll/uil_staffroll_j.xml#34373,コーラス,和声,translated,text,e6f23f00bd,br=0 nl=0,
ui/ui/staffroll/uil_staffroll_j.xml#34432,霜月　はるか,霜月 遥,translated,text,4fa4ca5550,br=0 nl=0,
ui/ui/staffroll/uil_staffroll_j.xml#34496,作詞,作词,translated,text,37dd0a71d2,br=0 nl=0,
ui/ui/staffroll/uil_staffroll_j.xml#34553,日山　尚,日山 尚,translated,text,1f730ac70d,br=0 nl=0,
ui/ui/staffroll/uil_staffroll_j.xml#34615,作曲,作曲,translated,text,779e678323,br=0 nl=0,
ui/ui/staffroll/uil_staffroll_j.xml#34672,霜月　はるか,霜月 遥,translated,text,4fa4ca5550,br=0 nl=0,
ui/ui/staffroll/uil_staffroll_j.xml#34736,編曲,编曲,translated,text,0d9b094937,br=0 nl=0,
ui/ui/staffroll/uil_staffroll_j.xml#34793,柳　英一朗,柳 英一朗,translated,text,d1f66395b5,br=0 nl=0,
ui/ui/staffroll/uil_staffroll_j.xml#34856,ギター,吉他,translated,text,b072d58a68,br=0 nl=0,
ui/ui/staffroll/uil_staffroll_j.xml#34914,柳　英一朗,柳 英一朗,translated,text,d1f66395b5,br=0 nl=0,
ui/ui/staffroll/uil_staffroll_j.xml#34977,エレキベース,电贝斯,translated,text,97b8e005a2,br=0 nl=0,
ui/ui/staffroll/uil_staffroll_j.xml#35038,柳　英一朗,柳 英一朗,translated,text,d1f66395b5,br=0 nl=0,
ui/ui/staffroll/uil_staffroll_j.xml#35101,プログラミング,编程,translated,text,a063da1b9c,br=0 nl=0,
ui/ui/staffroll/uil_staffroll_j.xml#35163,柳　英一朗,柳 英一朗,translated,text,d1f66395b5,br=0 nl=0,
ui/ui/staffroll/uil_staffroll_j.xml#35226,#09『虹の国のデュオワルツ』,#09‘彩虹之国的二重华尔兹’,translated,text,81669d519b,br=0 nl=0,
ui/ui/staffroll/uil_staffroll_j.xml#35299,ヴォーカル,主唱,translated,text,a9d22c4f25,br=0 nl=0,
ui/ui/staffroll/uil_staffroll_j.xml#35359,南條　愛乃,南条 爱乃,translated,text,29b52441c1,br=0 nl=0,
ui/ui/staffroll/uil_staffroll_j.xml#35422,コーラス,和声,translated,text,e6f23f00bd,br=0 nl=0,
ui/ui/staffroll/uil_staffroll_j.xml#35481,南條　愛乃,南条 爱乃,translated,text,29b52441c1,br=0 nl=0,
ui/ui/staffroll/uil_staffroll_j.xml#35544,作詞,作词,translated,text,37dd0a71d2,br=0 nl=0,
ui/ui/staffroll/uil_staffroll_j.xml#35601,高橋　麗子,高桥 丽子,translated,text,e5f18eff62,br=0 nl=0,
ui/ui/staffroll/uil_staffroll_j.xml#35664,作曲,作曲,translated,text,779e678323,br=0 nl=0,
ui/ui/staffroll/uil_staffroll_j.xml#35721,大嶋　啓之,大岛 启之,translated,text,bf41a23cad,br=0 nl=0,
ui/ui/staffroll/uil_staffroll_j.xml#35784,編曲,编曲,translated,text,0d9b094937,br=0 nl=0,
ui/ui/staffroll/uil_staffroll_j.xml#35841,大嶋　啓之,大岛 启之,translated,text,bf41a23cad,br=0 nl=0,
ui/ui/staffroll/uil_staffroll_j.xml#35904,ヴァイオリン,小提琴,translated,text,668c16f747,br=0 nl=0,
ui/ui/staffroll/uil_staffroll_j.xml#35965,多々谷　樹,多多谷 树,translated,text,6fe425caca,br=0 nl=0,
ui/ui/staffroll/uil_staffroll_j.xml#36028,プログラミング,编程,translated,text,a063da1b9c,br=0 nl=0,
ui/ui/staffroll/uil_staffroll_j.xml#36090,大嶋　啓之,大岛 启之,translated,text,bf41a23cad,br=0 nl=0,
ui/ui/staffroll/uil_staffroll_j.xml#36235,ヴォーカル,主唱,translated,text,a9d22c4f25,br=0 nl=0,
ui/ui/staffroll/uil_staffroll_j.xml#36295,志方　あきこ,志方 晶子,translated,text,05f122732c,br=0 nl=0,
ui/ui/staffroll/uil_staffroll_j.xml#36359,コーラス,和声,translated,text,e6f23f00bd,br=0 nl=0,
ui/ui/staffroll/uil_staffroll_j.xml#36418,志方　あきこ,志方 晶子,translated,text,05f122732c,br=0 nl=0,
ui/ui/staffroll/uil_staffroll_j.xml#36482,作詞,作词,translated,text,37dd0a71d2,br=0 nl=0,
ui/ui/staffroll/uil_staffroll_j.xml#36539,志方　あきこ,志方 晶子,translated,text,05f122732c,br=0 nl=0,
ui/ui/staffroll/uil_staffroll_j.xml#36603,作曲,作曲,translated,text,779e678323,br=0 nl=0,
ui/ui/staffroll/uil_staffroll_j.xml#36660,志方　あきこ,志方 晶子,translated,text,05f122732c,br=0 nl=0,
ui/ui/staffroll/uil_staffroll_j.xml#36724,編曲,编曲,translated,text,0d9b094937,br=0 nl=0,
ui/ui/staffroll/uil_staffroll_j.xml#36781,志方　あきこ,志方 晶子,translated,text,05f122732c,br=0 nl=0,
ui/ui/staffroll/uil_staffroll_j.xml#36845,アイリッシュブズーキ,爱尔兰布祖基琴,translated,text,420248b6f2,br=0 nl=0,
ui/ui/staffroll/uil_staffroll_j.xml#36910,田代　耕一郎,田代 耕一郎,translated,text,2b32bdbfd2,br=0 nl=0,
ui/ui/staffroll/uil_staffroll_j.xml#36974,アコースティックギター,原声吉他,translated,text,a7abba5538,br=0 nl=0,
ui/ui/staffroll/uil_staffroll_j.xml#37040,田代　耕一郎,田代 耕一郎,translated,text,2b32bdbfd2,br=0 nl=0,
ui/ui/staffroll/uil_staffroll_j.xml#37104,ヴァイオリン,小提琴,translated,text,668c16f747,br=0 nl=0,
ui/ui/staffroll/uil_staffroll_j.xml#37165,伊勢　三木子,伊势 三木子,translated,text,8e1426f8df,br=0 nl=0,
ui/ui/staffroll/uil_staffroll_j.xml#37229,パーカッション,打击乐,translated,text,b5c517e01d,br=0 nl=0,
ui/ui/staffroll/uil_staffroll_j.xml#37291,佐藤　直子,佐藤 直子,translated,text,3131e09fc9,br=0 nl=0,
ui/ui/staffroll/uil_staffroll_j.xml#37354,ホイッスル、リコーダー,哨笛、竖笛,translated,text,0b0b4ac53c,br=0 nl=0,
ui/ui/staffroll/uil_staffroll_j.xml#37420,安井　敬,安井 敬,translated,text,723f3994ab,br=0 nl=0,
ui/ui/staffroll/uil_staffroll_j.xml#37482,レコーディング＆ミキシング,录音与混音,translated,text,45498df2df,br=0 nl=0,
ui/ui/staffroll/uil_staffroll_j.xml#37629,レコーディングスタジオ,录音室,translated,text,b25eb16dcb,br=0 nl=0,
ui/ui/staffroll/uil_staffroll_j.xml#37831,レコーディング&,录音&,translated,text,f841bcf365,br=0 nl=0,
ui/ui/staffroll/uil_staffroll_j.xml#37894,　　ミキシングエンジニア,混音工程师,translated,text,18ef1f1a8b,br=0 nl=0,
ui/ui/staffroll/uil_staffroll_j.xml#37961,南　直行,南 直行,translated,text,2d56d70010,br=0 nl=0,
ui/ui/staffroll/uil_staffroll_j.xml#38086,ミキシングスタジオ,混音工作室,translated,text,10e5c39a7e,br=0 nl=0,
ui/ui/staffroll/uil_staffroll_j.xml#38225,レコーディングスタジオ,录音室,translated,text,b25eb16dcb,br=0 nl=0,
ui/ui/staffroll/uil_staffroll_j.xml#38363,レコーディング&,录音&,translated,text,f841bcf365,br=0 nl=0,
ui/ui/staffroll/uil_staffroll_j.xml#38426,　　ミキシングエンジニア,混音工程师,translated,text,18ef1f1a8b,br=0 nl=0,
ui/ui/staffroll/uil_staffroll_j.xml#38493,南　直行,南 直行,translated,text,2d56d70010,br=0 nl=0,
ui/ui/staffroll/uil_staffroll_j.xml#38618,音楽制作,音乐制作,translated,text,fd03f88e87,br=0 nl=0,
ui/ui/staffroll/uil_staffroll_j.xml#38745,レコーディングスタジオ,录音室,translated,text,b25eb16dcb,br=0 nl=0,
ui/ui/staffroll/uil_staffroll_j.xml#38811,Artist Forum 千駄ヶ谷,Artist Forum 千驮谷,translated,text,c5d9afa7df,br=0 nl=0,
ui/ui/staffroll/uil_staffroll_j.xml#38886,レコーディングエンジニア,录音工程师,translated,text,dcee02fe85,br=0 nl=0,
ui/ui/staffroll/uil_staffroll_j.xml#38953,齊藤　弘二（TRIUMPH）,齐藤 弘二（TRIUMPH）,translated,text,601c4218f9,br=0 nl=0,
ui/ui/staffroll/uil_staffroll_j.xml#39025,坂　知学,坂 知学,translated,text,fb17ef159d,br=0 nl=0,
ui/ui/staffroll/uil_staffroll_j.xml#39087,ミキシングエンジニア,混音工程师,translated,text,b660dbc680,br=0 nl=0,
ui/ui/staffroll/uil_staffroll_j.xml#39152,坂　知学,坂 知学,translated,text,fb17ef159d,br=0 nl=0,
ui/ui/staffroll/uil_staffroll_j.xml#39277,レコーディングスタジオ,录音室,translated,text,b25eb16dcb,br=0 nl=0,
ui/ui/staffroll/uil_staffroll_j.xml#39415,レコーディングエンジニア,录音工程师,translated,text,dcee02fe85,br=0 nl=0,
ui/ui/staffroll/uil_staffroll_j.xml#39482,迎谷　彰信,迎谷 彰信,translated,text,745993b75c,br=0 nl=0,
ui/ui/staffroll/uil_staffroll_j.xml#39545,ミキシングエンジニア,混音工程师,translated,text,b660dbc680,br=0 nl=0,
ui/ui/staffroll/uil_staffroll_j.xml#39610,弘田　佳孝,弘田 佳孝,translated,text,5b1c2fd00d,br=0 nl=0,
ui/ui/staffroll/uil_staffroll_j.xml#39740,音楽制作,音乐制作,translated,text,fd03f88e87,br=0 nl=0,
ui/ui/staffroll/uil_staffroll_j.xml#39867,レコーディングスタジオ,录音室,translated,text,b25eb16dcb,br=0 nl=0,
ui/ui/staffroll/uil_staffroll_j.xml#40004,レコーディングエンジニア,录音工程师,translated,text,dcee02fe85,br=0 nl=0,
ui/ui/staffroll/uil_staffroll_j.xml#40071,由田　直也,由田 直也,translated,text,12cf5ea73b,br=0 nl=0,
ui/ui/staffroll/uil_staffroll_j.xml#40134,ミキシングエンジニア,混音工程师,translated,text,b660dbc680,br=0 nl=0,
ui/ui/staffroll/uil_staffroll_j.xml#40199,坂　知学,坂 知学,translated,text,fb17ef159d,br=0 nl=0,
ui/ui/staffroll/uil_staffroll_j.xml#40324,レコーディングスタジオ,录音室,translated,text,b25eb16dcb,br=0 nl=0,
ui/ui/staffroll/uil_staffroll_j.xml#40462,レコーディングエンジニア,录音工程师,translated,text,dcee02fe85,br=0 nl=0,
ui/ui/staffroll/uil_staffroll_j.xml#40529,迎谷　彰信,迎谷 彰信,translated,text,745993b75c,br=0 nl=0,
ui/ui/staffroll/uil_staffroll_j.xml#40592,ミキシングエンジニア,混音工程师,translated,text,b660dbc680,br=0 nl=0,
ui/ui/staffroll/uil_staffroll_j.xml#40786,レコーディングスタジオ,录音室,translated,text,b25eb16dcb,br=0 nl=0,
ui/ui/staffroll/uil_staffroll_j.xml#40927,レコーディングエンジニア,录音工程师,translated,text,dcee02fe85,br=0 nl=0,
ui/ui/staffroll/uil_staffroll_j.xml#40994,岸田 P 充善,岸田 P 充善,translated,text,c9edbb98d6,br=0 nl=0,
ui/ui/staffroll/uil_staffroll_j.xml#41059,ミキシングエンジニア,混音工程师,translated,text,b660dbc680,br=0 nl=0,
ui/ui/staffroll/uil_staffroll_j.xml#41124,迎谷　彰信,迎谷 彰信,translated,text,745993b75c,br=0 nl=0,
ui/ui/staffroll/uil_staffroll_j.xml#41250,ミキシング,混音,translated,text,dd3c09920b,br=0 nl=0,
ui/ui/staffroll/uil_staffroll_j.xml#41310,土屋　暁,土屋 晓,translated,text,21998e95cc,br=0 nl=0,
ui/ui/staffroll/uil_staffroll_j.xml#41372,楽曲制作協力,乐曲制作协力,translated,text,72ede6daac,br=0 nl=0,
ui/ui/staffroll/uil_staffroll_j.xml#41437,株式会社フロンティアワークス,株式会社Frontier Works,translated,text,36d73077b6,br=0 nl=0,
ui/ui/staffroll/uil_staffroll_j.xml#41509,吉川　明,吉川 明,translated,text,2768ebf8a1,br=0 nl=0,
ui/ui/staffroll/uil_staffroll_j.xml#41571,小柳　豊,小柳 丰,translated,text,e59cd8c7b8,br=0 nl=0,
ui/ui/staffroll/uil_staffroll_j.xml#41764,田中　雅之,田中 雅之,translated,text,21736bbf23,br=0 nl=0,
ui/ui/staffroll/uil_staffroll_j.xml#41827,矢野　正明,矢野 正明,translated,text,78cf186a67,br=0 nl=0,
ui/ui/staffroll/uil_staffroll_j.xml#41890,谷川　雄紀,谷川 雄纪,translated,text,4f95b894a6,br=0 nl=0,
ui/ui/staffroll/uil_staffroll_j.xml#41953,髙橋　朝子,高桥 朝子,translated,text,77e6958b96,br=0 nl=0,
ui/ui/staffroll/uil_staffroll_j.xml#42016,本間　詩織,本间 诗织,translated,text,e70cd6c951,br=0 nl=0,
ui/ui/staffroll/uil_staffroll_j.xml#42079,佐々　梨花,佐佐 梨花,translated,text,030ff13e01,br=0 nl=0,
ui/ui/staffroll/uil_staffroll_j.xml#42142,生田　善子,生田 善子,translated,text,6a6fba474e,br=0 nl=0,
ui/ui/staffroll/uil_staffroll_j.xml#42205,松　　聖花,松 圣花,translated,text,ea05a4fd84,br=0 nl=0,
ui/ui/staffroll/uil_staffroll_j.xml#42268,音響,音效,translated,text,a94ecabc3c,br=0 nl=0,
ui/ui/staffroll/uil_staffroll_j.xml#42328,演出・キャスティング,演出・选角,translated,text,383d1bfa00,br=0 nl=0,
ui/ui/staffroll/uil_staffroll_j.xml#42393,関　智寛,关 智宽,translated,text,f1a5e773f2,br=0 nl=0,
ui/ui/staffroll/uil_staffroll_j.xml#42455,ミキサー,调音师,translated,text,61f92a39b5,br=0 nl=0,
ui/ui/staffroll/uil_staffroll_j.xml#42514,熊倉　亨,熊仓 亨,translated,text,509916c5a3,br=0 nl=0,
ui/ui/staffroll/uil_staffroll_j.xml#42576,音響制作,音效制作,translated,text,3ba07c72e1,br=0 nl=0,
ui/ui/staffroll/uil_staffroll_j.xml#42700,キャスティング協力,选角协力,translated,text,3c32e0140a,br=0 nl=0,
ui/ui/staffroll/uil_staffroll_j.xml#42764,松本　恵,松本 惠,translated,text,432387780b,br=0 nl=0,
ui/ui/staffroll/uil_staffroll_j.xml#42891,協力,协力,translated,text,1a054b3135,br=0 nl=0,
ui/ui/staffroll/uil_staffroll_j.xml#42952,(株)wizgeek,(株)wizgeek,translated,text,cd5a3764f1,br=0 nl=0,
ui/ui/staffroll/uil_staffroll_j.xml#43018,株式会社エクストリーム,株式会社Extreme,translated,text,98c9f61cf3,br=0 nl=0,
ui/ui/staffroll/uil_staffroll_j.xml#43085,株式会社ＣＲＩ・ミドルウェア,株式会社CRI Middleware,translated,text,ddfc365935,br=0 nl=0,
ui/ui/staffroll/uil_staffroll_j.xml#43223,株式会社千住工房,株式会社千住工房,translated,text,3de756af57,br=0 nl=0,
ui/ui/staffroll/uil_staffroll_j.xml#43356,株式会社FlightUNIT,株式会社FlightUNIT,translated,text,1da69201f4,br=0 nl=0,
ui/ui/staffroll/uil_staffroll_j.xml#43426,株式会社メテオライズ,株式会社Meteorise,translated,text,61cde65511,br=0 nl=0,
ui/ui/staffroll/uil_staffroll_j.xml#43492,株式会社フロンティアワークス,株式会社Frontier Works,translated,text,36d73077b6,br=0 nl=0,
ui/ui/staffroll/uil_staffroll_j.xml#43562,株式会社ポイントピクチャーズ,株式会社Point Pictures,translated,text,f8ac729aec,br=0 nl=0,
ui/ui/staffroll/uil_staffroll_j.xml#43632,ポールトゥウィン株式会社,株式会社Pole To Win,translated,text,cda47e17fb,br=0 nl=0,
ui/ui/staffroll/uil_staffroll_j.xml#43700,株式会社ロジスティックス,株式会社Logistics,translated,text,8ec59442f3,br=0 nl=0,
ui/ui/staffroll/uil_staffroll_j.xml#43768,株式会社プロダクション・アイジー,株式会社Production I.G,translated,text,84204edff3,br=0 nl=0,
ui/ui/staffroll/uil_staffroll_j.xml#43840,天津光栄特庫摩軟件有限公司,天津光荣特库摩软件有限公司,translated,text,8a7dbadc6f,br=0 nl=0,
ui/ui/staffroll/uil_staffroll_j.xml#43909,天津天匠動画科技有限公司,天津天匠动画科技有限公司,translated,text,14335be04d,br=0 nl=0,
ui/ui/staffroll/uil_staffroll_j.xml#43977,フォントワークス株式会社,Fontworks株式会社,translated,text,b1c83f97c7,br=0 nl=0,
ui/ui/staffroll/uil_staffroll_j.xml#44208,ディレクター,总监,translated,text,074ca740ff,br=0 nl=0,
ui/ui/staffroll/uil_staffroll_j.xml#44273,高野　雅文,高野 雅文,translated,text,e0f6ad1a3a,br=0 nl=0,
ui/ui/staffroll/uil_staffroll_j.xml#44336,開発プロデューサー,开发制作人,translated,text,763f21e64e,br=0 nl=0,
ui/ui/staffroll/uil_staffroll_j.xml#44404,細井  順三,细井 顺三,translated,text,014085680c,br=0 nl=0,
ui/ui/staffroll/uil_staffroll_j.xml#44468,総合プロデューサー,总制作人,translated,text,893701ac7c,br=0 nl=0,
ui/ui/staffroll/uil_staffroll_j.xml#44536,土屋  暁,土屋 晓,translated,text,dd0b0dada2,br=0 nl=0,
ui/ui/staffroll/uil_staffroll_j.xml#44599,エグゼクティブプロデューサー,执行制作人,translated,text,5e38e342d6,br=0 nl=0,
ui/ui/staffroll/uil_staffroll_j.xml#44672,鯉沼 久史,鲤沼 久史,translated,text,04514697bf,br=0 nl=0,
ui/ui/staffroll/uil_staffroll_j.xml#44735,製作,制作,translated,text,53c6bc4ef7,br=0 nl=0,
ui/ui/staffroll/uil_staffroll_j.xml#44796,株式会社コーエーテクモゲームス,株式会社光荣特库摩游戏,translated,text,be816b716d,br=0 nl=0,
ui/ui/staffroll/uil_staffroll_k.xml#1243,歌姫,歌姬,translated,text,acdbfe60f4,br=0 nl=0,
ui/ui/staffroll/uil_staffroll_k.xml#1300,志方　あきこ,志方 晶子,translated,text,05f122732c,br=0 nl=0,
ui/ui/staffroll/uil_staffroll_k.xml#1361,城　南海,城 南海,translated,text,0326f175b4,br=0 nl=0,
ui/ui/staffroll/uil_staffroll_k.xml#1420,霜月　はるか,霜月 遥,translated,text,4fa4ca5550,br=0 nl=0,
ui/ui/staffroll/uil_staffroll_k.xml#1482,みとせ　のりこ,水户濑 纪子,translated,text,b870526ad2,br=0 nl=0,
ui/ui/staffroll/uil_staffroll_k.xml#1545,南條　愛乃,南条 爱乃,translated,text,29b52441c1,br=0 nl=0,
ui/ui/staffroll/uil_staffroll_k.xml#1727,イオン,依恩,translated,text,90d4718c90,br=0 nl=0,
ui/ui/staffroll/uil_staffroll_k.xml#1783,加隈　亜衣,加隈 亚衣,translated,text,d9fe60a2ce,br=0 nl=0,
ui/ui/staffroll/uil_staffroll_k.xml#1844,カノン,卡诺,translated,text,5a6fa752cb,br=0 nl=0,
ui/ui/staffroll/uil_staffroll_k.xml#1900,井ノ上　奈々,井之上 奈奈,translated,text,159209452b,br=0 nl=0,
ui/ui/staffroll/uil_staffroll_k.xml#1962,ネイ,妮伊,translated,text,dd82b752f9,br=0 nl=0,
ui/ui/staffroll/uil_staffroll_k.xml#2017,内田　真礼,内田 真礼,translated,text,664833d0bc,br=0 nl=0,
ui/ui/staffroll/uil_staffroll_k.xml#2078,キャス,凯斯,translated,text,6f807afcb1,br=0 nl=0,
ui/ui/staffroll/uil_staffroll_k.xml#2134,水瀬　いのり,水濑 祈,translated,text,2c51d41405,br=0 nl=0,
ui/ui/staffroll/uil_staffroll_k.xml#2196,サーリ,莎丽,translated,text,8a6ca8f186,br=0 nl=0,
ui/ui/staffroll/uil_staffroll_k.xml#2252,志村　由美,志村 由美,translated,text,d17ffb7a1f,br=0 nl=0,
ui/ui/staffroll/uil_staffroll_k.xml#2313,ター坊,阿达,translated,text,be218a88e0,br=0 nl=0,
ui/ui/staffroll/uil_staffroll_k.xml#2369,大原　桃子,大原 桃子,translated,text,7805da68da,br=0 nl=0,
ui/ui/staffroll/uil_staffroll_k.xml#2430,白鷹,白鹰,translated,text,80f8839be9,br=0 nl=0,
ui/ui/staffroll/uil_staffroll_k.xml#2485,新垣　樽助,新垣 樽助,translated,text,d639834023,br=0 nl=0,
ui/ui/staffroll/uil_staffroll_k.xml#2546,クラケット,库拉肯特,translated,text,b470c4a07c,br=0 nl=0,
ui/ui/staffroll/uil_staffroll_k.xml#2604,ふくまつ　進紗,福松 进纱,translated,text,b85b2c53ae,br=0 nl=0,
ui/ui/staffroll/uil_staffroll_k.xml#2667,レナルル,蕾娜露露,translated,text,b73a299dee,br=0 nl=0,
ui/ui/staffroll/uil_staffroll_k.xml#2724,大地　葉,大地 叶,translated,text,58928f7243,br=0 nl=0,
ui/ui/staffroll/uil_staffroll_k.xml#2784,ジル,吉鲁,translated,text,56d6edb965,br=0 nl=0,
ui/ui/staffroll/uil_staffroll_k.xml#2839,川崎　芽衣子,川崎 芽衣子,translated,text,7ef2b5d765,br=0 nl=0,
ui/ui/staffroll/uil_staffroll_k.xml#2901,ネロ,妮诺,translated,text,5ab7665c85,br=0 nl=0,
ui/ui/staffroll/uil_staffroll_k.xml#2956,東城　日紗子,东城 日沙子,translated,text,9336ae3b72,br=0 nl=0,
ui/ui/staffroll/uil_staffroll_k.xml#3018,リーヴェルト,利维尔特,translated,text,23a3a84bfe,br=0 nl=0,
ui/ui/staffroll/uil_staffroll_k.xml#3077,森田　順平,森田 顺平,translated,text,f887a1ed1d,br=0 nl=0,
ui/ui/staffroll/uil_staffroll_k.xml#3138,クーリン,库琳,translated,text,1c6f5779b8,br=0 nl=0,
ui/ui/staffroll/uil_staffroll_k.xml#3195,新垣　樽助,新垣 樽助,translated,text,d639834023,br=0 nl=0,
ui/ui/staffroll/uil_staffroll_k.xml#3256,パラライノ,帕拉莱诺,translated,text,989c105a5b,br=0 nl=0,
ui/ui/staffroll/uil_staffroll_k.xml#3314,森谷　里美,森谷 里美,translated,text,b1ce9ad2ab,br=0 nl=0,
ui/ui/staffroll/uil_staffroll_k.xml#3375,ルウレイ,鲁雷,translated,text,7b893749e6,br=0 nl=0,
ui/ui/staffroll/uil_staffroll_k.xml#3433,神田　みか,神田 美香,translated,text,3462d5a984,br=0 nl=0,
ui/ui/staffroll/uil_staffroll_k.xml#3495,ねりこ,妮莉库,translated,text,89b50863af,br=0 nl=0,
ui/ui/staffroll/uil_staffroll_k.xml#3613,辻　あゆみ,辻 步美,translated,text,6a47b14c1a,br=0 nl=0,
ui/ui/staffroll/uil_staffroll_k.xml#3675,松嵜　麗,松崎 丽,translated,text,24dac1be7c,br=0 nl=0,
ui/ui/staffroll/uil_staffroll_k.xml#3736,廣田　悠美,广田 悠美,translated,text,c4c77ccc0a,br=0 nl=0,
ui/ui/staffroll/uil_staffroll_k.xml#3798,臼木　健志郎,臼木 健志郎,translated,text,a06918f137,br=0 nl=0,
ui/ui/staffroll/uil_staffroll_k.xml#3861,松本　忍,松本 忍,translated,text,e3f5e19deb,br=0 nl=0,
ui/ui/staffroll/uil_staffroll_k.xml#3922,越田　直樹,越田 直树,translated,text,66c747016d,br=0 nl=0,
ui/ui/staffroll/uil_staffroll_k.xml#3984,大西　真央,大西 真央,translated,text,2110c6d7c7,br=0 nl=0,
ui/ui/staffroll/uil_staffroll_k.xml#4124,プランナーズセクション,策划部门,translated,text,0d32843cb5,br=0 nl=0,
ui/ui/staffroll/uil_staffroll_k.xml#4193,赤本　憲一,赤本 宪一,translated,text,ad611cf688,br=0 nl=0,
ui/ui/staffroll/uil_staffroll_k.xml#4255,梅田　雅武,梅田 雅武,translated,text,bcb88320ab,br=0 nl=0,
ui/ui/staffroll/uil_staffroll_k.xml#4317,村岡　剛弥,村冈 刚弥,translated,text,0e75a921bc,br=0 nl=0,
ui/ui/staffroll/uil_staffroll_k.xml#4379,加藤　周太,加藤 周太,translated,text,ddca2f6427,br=0 nl=0,
ui/ui/staffroll/uil_staffroll_k.xml#4441,松岡　大樹,松冈 大树,translated,text,d372601979,br=0 nl=0,
ui/ui/staffroll/uil_staffroll_k.xml#4503,田中　俊明,田中 俊明,translated,text,1d00fedc6b,br=0 nl=0,
ui/ui/staffroll/uil_staffroll_k.xml#4565,本田　響己,本田 响己,translated,text,dc0235233e,br=0 nl=0,
ui/ui/staffroll/uil_staffroll_k.xml#4627,プログラマーズセクション,程序员部门,translated,text,44c735ef17,br=0 nl=0,
ui/ui/staffroll/uil_staffroll_k.xml#4697,髙山　雅俊,高山 雅俊,translated,text,2b05fc035d,br=0 nl=0,
ui/ui/staffroll/uil_staffroll_k.xml#4759,金澤　佑介,金泽 佑介,translated,text,2038649a07,br=0 nl=0,
ui/ui/staffroll/uil_staffroll_k.xml#4821,山之口　操,山之口 操,translated,text,b0122ef9d0,br=0 nl=0,
ui/ui/staffroll/uil_staffroll_k.xml#4883,大田　尚明,大田 尚明,translated,text,74d4e53ec8,br=0 nl=0,
ui/ui/staffroll/uil_staffroll_k.xml#4945,難波　亮,难波 亮,translated,text,9377b6d3a4,br=0 nl=0,
ui/ui/staffroll/uil_staffroll_k.xml#5006,臼田　亜斗務,臼田 亚斗务,translated,text,020f1a7e76,br=0 nl=0,
ui/ui/staffroll/uil_staffroll_k.xml#5069,桂山　豪,桂山 豪,translated,text,1c84ff1e78,br=0 nl=0,
ui/ui/staffroll/uil_staffroll_k.xml#5130,佐藤　和也,佐藤 和也,translated,text,30834084ba,br=0 nl=0,
ui/ui/staffroll/uil_staffroll_k.xml#5192,山﨑　康平,山崎 康平,translated,text,ffb250d30a,br=0 nl=0,
ui/ui/staffroll/uil_staffroll_k.xml#5254,山下　真心,山下 真心,translated,text,61f5e37636,br=0 nl=0,
ui/ui/staffroll/uil_staffroll_k.xml#5316,デザイナーズセクション,设计师部门,translated,text,4ec447bf85,br=0 nl=0,
ui/ui/staffroll/uil_staffroll_k.xml#5385,CGディレクター,CG总监,translated,text,13d644da31,br=0 nl=0,
ui/ui/staffroll/uil_staffroll_k.xml#5447,岩瀬　智至,岩濑 智至,translated,text,e639b9e580,br=0 nl=0,
ui/ui/staffroll/uil_staffroll_k.xml#5509,キャラクターモデル,角色模型,translated,text,847a6758ec,br=0 nl=0,
ui/ui/staffroll/uil_staffroll_k.xml#5572,鈴木　康浩,铃木 康浩,translated,text,4ba488d04a,br=0 nl=0,
ui/ui/staffroll/uil_staffroll_k.xml#5634,早﨑　七海,早崎 七海,translated,text,1f6d7c33b0,br=0 nl=0,
ui/ui/staffroll/uil_staffroll_k.xml#5696,背景モデル,背景模型,translated,text,54bea4a2cc,br=0 nl=0,
ui/ui/staffroll/uil_staffroll_k.xml#5755,飯島　理恵,饭岛 理惠,translated,text,deda665c29,br=0 nl=0,
ui/ui/staffroll/uil_staffroll_k.xml#5817,インターフェースデザイン,界面设计,translated,text,c1c661b0bb,br=0 nl=0,
ui/ui/staffroll/uil_staffroll_k.xml#5883,馬場　博美,马场 博美,translated,text,2c333deaa0,br=0 nl=0,
ui/ui/staffroll/uil_staffroll_k.xml#6225,映像編集,影像编辑,translated,text,2bb223e3c0,br=0 nl=0,
ui/ui/staffroll/uil_staffroll_k.xml#6283,有馬　真作,有马 真作,translated,text,e32c2634a1,br=0 nl=0,
ui/ui/staffroll/uil_staffroll_k.xml#6345,斉藤　康信,齐藤 康信,translated,text,70a94fe358,br=0 nl=0,
ui/ui/staffroll/uil_staffroll_k.xml#6407,CG制作管理,CG制作管理,translated,text,4ea12195e3,br=0 nl=0,
ui/ui/staffroll/uil_staffroll_k.xml#6467,江川　弥寿生,江川 弥寿生,translated,text,f368d66cf7,br=0 nl=0,
ui/ui/staffroll/uil_staffroll_k.xml#6530,サウンドセクション,音效部门,translated,text,f692631407,br=0 nl=0,
ui/ui/staffroll/uil_staffroll_k.xml#6597,サウンドディレクター,音效总监,translated,text,87caf5e3c1,br=0 nl=0,
ui/ui/staffroll/uil_staffroll_k.xml#6661,高橋 洋明,高桥 洋明,translated,text,7d715a66f1,br=0 nl=0,
ui/ui/staffroll/uil_staffroll_k.xml#6723,天津光栄特庫摩軟件有限公司,天津光荣特库摩软件有限公司,translated,text,8a7dbadc6f,br=0 nl=0,
ui/ui/staffroll/uil_staffroll_k.xml#6794,デベロップメントマネージャー,开发经理,translated,text,a3540a5b0b,br=0 nl=0,
ui/ui/staffroll/uil_staffroll_k.xml#6862,安　曄,安 晔,translated,text,4b7cd118fa,br=0 nl=0,
ui/ui/staffroll/uil_staffroll_k.xml#6922,陳　皓,陈 皓,translated,text,dc3efeabc9,br=0 nl=0,
ui/ui/staffroll/uil_staffroll_k.xml#6982,プログラマー,程序员,translated,text,00a1706077,br=0 nl=0,
ui/ui/staffroll/uil_staffroll_k.xml#7042,岳　凱,岳 凯,translated,text,632d70a250,br=0 nl=0,
ui/ui/staffroll/uil_staffroll_k.xml#7102,陳　永飛,陈 永飞,translated,text,d262704611,br=0 nl=0,
ui/ui/staffroll/uil_staffroll_k.xml#7163,王　岩,王 岩,translated,text,55dc179b66,br=0 nl=0,
ui/ui/staffroll/uil_staffroll_k.xml#7223,孫　家琛,孙 家琛,translated,text,685b83afc1,br=0 nl=0,
ui/ui/staffroll/uil_staffroll_k.xml#7284,程　青舟,程 青舟,translated,text,27beff94b3,br=0 nl=0,
ui/ui/staffroll/uil_staffroll_k.xml#7345,劉　唯揚,刘 唯扬,translated,text,c2911ed2d9,br=0 nl=0,
ui/ui/staffroll/uil_staffroll_k.xml#7406,張　昊,张 昊,translated,text,275df0df5e,br=0 nl=0,
ui/ui/staffroll/uil_staffroll_k.xml#7466,デザイナー,设计师,translated,text,ed058a1ab0,br=0 nl=0,
ui/ui/staffroll/uil_staffroll_k.xml#7525,田　雪嬌,田 雪娇,translated,text,a11cdcd193,br=0 nl=0,
ui/ui/staffroll/uil_staffroll_k.xml#7586,広報,宣传,translated,text,6746eee8d6,br=0 nl=0,
ui/ui/staffroll/uil_staffroll_k.xml#7646,PRマーケティング,公关营销,translated,text,954a61299a,br=0 nl=0,
ui/ui/staffroll/uil_staffroll_k.xml#7709,吉川　真人,吉川 真人,translated,text,8a2ba50898,br=0 nl=0,
ui/ui/staffroll/uil_staffroll_k.xml#7771,水上　冴理,水上 冴理,translated,text,e4f4fa1d6a,br=0 nl=0,
ui/ui/staffroll/uil_staffroll_k.xml#7833,ソフトウェアマニュアル,软件手册,translated,text,9b5617111b,br=0 nl=0,
ui/ui/staffroll/uil_staffroll_k.xml#7902,加藤　雅大,加藤 雅大,translated,text,91bf91643d,br=0 nl=0,
ui/ui/staffroll/uil_staffroll_k.xml#7964,辻　槙人,辻 槙人,translated,text,c1cb4f06f8,br=0 nl=0,
ui/ui/staffroll/uil_staffroll_k.xml#8025,QAスタッフ,QA人员,translated,text,36ff45b240,br=0 nl=0,
ui/ui/staffroll/uil_staffroll_k.xml#8089,長谷川　茂,长谷川 茂,translated,text,3814329436,br=0 nl=0,
ui/ui/staffroll/uil_staffroll_k.xml#8151,キャラクターデザイン,角色设计,translated,text,34ac32a91f,br=0 nl=0,
ui/ui/staffroll/uil_staffroll_k.xml#8219,キャラクターイラスト,角色插画,translated,text,8ffb0bbffd,br=0 nl=0,
ui/ui/staffroll/uil_staffroll_k.xml#8348,パッケージイラスト,包装插画,translated,text,11036680bc,br=0 nl=0,
ui/ui/staffroll/uil_staffroll_k.xml#8415,フブキ,吹雪,translated,text,40f5527db7,br=0 nl=0,
ui/ui/staffroll/uil_staffroll_k.xml#8475,ワールドデザイン,世界设定设计,translated,text,a0094128c7,br=0 nl=0,
ui/ui/staffroll/uil_staffroll_k.xml#8541,松本　秀幸,松本 秀幸,translated,text,cac6e320dc,br=0 nl=0,
ui/ui/staffroll/uil_staffroll_k.xml#8664,コスチュームデザイン,服装设计,translated,text,b483d19059,br=0 nl=0,
ui/ui/staffroll/uil_staffroll_k.xml#8793,川松　由典,川松 由典,translated,text,654827f5ab,br=0 nl=0,
ui/ui/staffroll/uil_staffroll_k.xml#8855,桑田　ヤスヒロ,桑田 康弘,translated,text,6dec656f3b,br=0 nl=0,
ui/ui/staffroll/uil_staffroll_k.xml#8919,燕藤　ユウ,燕藤 悠,translated,text,8c84789206,br=0 nl=0,
ui/ui/staffroll/uil_staffroll_k.xml#8981,タスクテロップ・SDキャラデザイン,任务字幕・Q版角色设计,translated,text,158e93640f,br=0 nl=0,
ui/ui/staffroll/uil_staffroll_k.xml#9056,芹沢えのの,芹泽 Enono,translated,text,607d0edcc0,br=0 nl=0,
ui/ui/staffroll/uil_staffroll_k.xml#9118,シナリオ・脚本,剧本・脚本,translated,text,5b884ebd35,br=0 nl=0,
ui/ui/staffroll/uil_staffroll_k.xml#9183,夢セカイパート,梦世界部分,translated,text,aea66df668,br=0 nl=0,
ui/ui/staffroll/uil_staffroll_k.xml#9247,脚本,剧本,translated,text,7fbccbeb8a,br=0 nl=0,
ui/ui/staffroll/uil_staffroll_k.xml#9303,和泉　亮,和泉 亮,translated,text,eafef1a497,br=0 nl=0,
ui/ui/staffroll/uil_staffroll_k.xml#9364,花野　十三,花野 十三,translated,text,9990db3f0b,br=0 nl=0,
ui/ui/staffroll/uil_staffroll_k.xml#9426,谷村　大四郎,谷村 大四郎,translated,text,40c336b78f,br=0 nl=0,
ui/ui/staffroll/uil_staffroll_k.xml#9559,デザイン・モデリング・アニメーション,设计・建模・动画,translated,text,38967eaa41,br=0 nl=0,
ui/ui/staffroll/uil_staffroll_k.xml#9635,株式会社FlightUNIT,株式会社FlightUNIT,translated,text,1da69201f4,br=0 nl=0,
ui/ui/staffroll/uil_staffroll_k.xml#9706,キャラクターデザイン,角色设计,translated,text,34ac32a91f,br=0 nl=0,
ui/ui/staffroll/uil_staffroll_k.xml#9831,キャラクターモデリング,角色建模,translated,text,8148a92946,br=0 nl=0,
ui/ui/staffroll/uil_staffroll_k.xml#9896,桑田　まり子,桑田 真理子,translated,text,9a7ef2f3de,br=0 nl=0,
ui/ui/staffroll/uil_staffroll_k.xml#9959,川松　由典,川松 由典,translated,text,654827f5ab,br=0 nl=0,
ui/ui/staffroll/uil_staffroll_k.xml#10021,ワールドモデリング,世界建模,translated,text,8443ae1813,br=0 nl=0,
ui/ui/staffroll/uil_staffroll_k.xml#10145,川松　由典,川松 由典,translated,text,654827f5ab,br=0 nl=0,
ui/ui/staffroll/uil_staffroll_k.xml#10207,シャールデザイン,夏尔设计,translated,text,9d9cefacba,br=0 nl=0,
ui/ui/staffroll/uil_staffroll_k.xml#10330,川松　由典,川松 由典,translated,text,654827f5ab,br=0 nl=0,
ui/ui/staffroll/uil_staffroll_k.xml#10392,シャールモデリング,夏尔建模,translated,text,9e768da080,br=0 nl=0,
ui/ui/staffroll/uil_staffroll_k.xml#10455,川松　由典,川松 由典,translated,text,654827f5ab,br=0 nl=0,
ui/ui/staffroll/uil_staffroll_k.xml#10517,キャラクターアニメーション,角色动画,translated,text,6245f96f88,br=0 nl=0,
ui/ui/staffroll/uil_staffroll_k.xml#10584,山口　力哉,山口 力哉,translated,text,9db200242b,br=0 nl=0,
ui/ui/staffroll/uil_staffroll_k.xml#10646,テクニカルエンジニア,技术工程师,translated,text,1f8b0ef79d,br=0 nl=0,
ui/ui/staffroll/uil_staffroll_k.xml#10710,乱道,乱道,translated,text,afcfc8f99b,br=0 nl=0,
ui/ui/staffroll/uil_staffroll_k.xml#10769,大坪　俊介,大坪 俊介,translated,text,e4a7f6282a,br=0 nl=0,
ui/ui/staffroll/uil_staffroll_k.xml#10831,キャラクターセットアップ,角色装配,translated,text,2d9c1a161a,br=0 nl=0,
ui/ui/staffroll/uil_staffroll_k.xml#10897,大坪　俊介,大坪 俊介,translated,text,e4a7f6282a,br=0 nl=0,
ui/ui/staffroll/uil_staffroll_k.xml#10959,川松　由典,川松 由典,translated,text,654827f5ab,br=0 nl=0,
ui/ui/staffroll/uil_staffroll_k.xml#11021,マネジメント,管理,translated,text,644f6dd8a3,br=0 nl=0,
ui/ui/staffroll/uil_staffroll_k.xml#11081,松本　浩幸,松本 浩幸,translated,text,31c3a3098b,br=0 nl=0,
ui/ui/staffroll/uil_staffroll_k.xml#11143,背景描画,背景绘制,translated,text,7c693fd5dd,br=0 nl=0,
ui/ui/staffroll/uil_staffroll_k.xml#11205,松本　秀幸,松本 秀幸,translated,text,cac6e320dc,br=0 nl=0,
ui/ui/staffroll/uil_staffroll_k.xml#11267,藤野　健,藤野 健,translated,text,c8f847de19,br=0 nl=0,
ui/ui/staffroll/uil_staffroll_k.xml#11328,(千住工房),(千住工房),translated,text,72db564c31,br=0 nl=0,
ui/ui/staffroll/uil_staffroll_k.xml#11391,ムービー制作,影像制作,translated,text,76380644cd,br=0 nl=0,
ui/ui/staffroll/uil_staffroll_k.xml#11455,演出,演出,translated,text,7084a5c4b4,br=0 nl=0,
ui/ui/staffroll/uil_staffroll_k.xml#11511,蜂屋　雅幸,蜂屋 雅幸,translated,text,bacd8a88e9,br=0 nl=0,
ui/ui/staffroll/uil_staffroll_k.xml#11573,制作協力,制作协力,translated,text,06c1dc4d63,br=0 nl=0,
ui/ui/staffroll/uil_staffroll_k.xml#11692,背景,背景,translated,text,b13d33a528,br=0 nl=0,
ui/ui/staffroll/uil_staffroll_k.xml#11748,藤野　健,藤野 健,translated,text,c8f847de19,br=0 nl=0,
ui/ui/staffroll/uil_staffroll_k.xml#11809,(千住工房),(千住工房),translated,text,72db564c31,br=0 nl=0,
ui/ui/staffroll/uil_staffroll_k.xml#11928,蜂屋　雅幸,蜂屋 雅幸,translated,text,bacd8a88e9,br=0 nl=0,
ui/ui/staffroll/uil_staffroll_k.xml#11990,嘉藤　公紀,嘉藤 公纪,translated,text,b11bc7bcd0,br=0 nl=0,
ui/ui/staffroll/uil_staffroll_k.xml#12052,デザイン・グラフィック,设计・平面,translated,text,9c670269cd,br=0 nl=0,
ui/ui/staffroll/uil_staffroll_k.xml#12117,村澤　晴海,村泽 晴海,translated,text,ccc3eb0e5b,br=0 nl=0,
ui/ui/staffroll/uil_staffroll_k.xml#12179,目黒　久美子,目黑 久美子,translated,text,e42a1e5bcf,br=0 nl=0,
ui/ui/staffroll/uil_staffroll_k.xml#12242,制作進行管理,制作进度管理,translated,text,fce087be8d,br=0 nl=0,
ui/ui/staffroll/uil_staffroll_k.xml#12302,高橋　真,高桥 真,translated,text,0418a4adc3,br=0 nl=0,
ui/ui/staffroll/uil_staffroll_k.xml#12363,キャラクターアニメーション,角色动画,translated,text,6245f96f88,br=0 nl=0,
ui/ui/staffroll/uil_staffroll_k.xml#12430,山口　力哉,山口 力哉,translated,text,9db200242b,br=0 nl=0,
ui/ui/staffroll/uil_staffroll_k.xml#12492,大法要祝詞,大法要祝词,translated,text,de34d54786,br=0 nl=0,
ui/ui/staffroll/uil_staffroll_k.xml#12555,協力,协力,translated,text,1a054b3135,br=0 nl=0,
ui/ui/staffroll/uil_staffroll_k.xml#12680,バックグラウンドミュージック,背景音乐,translated,text,a5e60b8440,br=0 nl=0,
ui/ui/staffroll/uil_staffroll_k.xml#12752,コンポーザー,作曲家,translated,text,259843924f,br=0 nl=0,
ui/ui/staffroll/uil_staffroll_k.xml#12812,志方　あきこ,志方 晶子,translated,text,05f122732c,br=0 nl=0,
ui/ui/staffroll/uil_staffroll_k.xml#13081,音響,音效,translated,text,a94ecabc3c,br=0 nl=0,
ui/ui/staffroll/uil_staffroll_k.xml#13141,音響監督,音效总监,translated,text,e4bfb6b35d,br=0 nl=0,
ui/ui/staffroll/uil_staffroll_k.xml#13199,納谷　僚介,纳谷 僚介,translated,text,d0a88d7501,br=0 nl=0,
ui/ui/staffroll/uil_staffroll_k.xml#13261,録音調整,录音调整,translated,text,bdaaaa1218,br=0 nl=0,
ui/ui/staffroll/uil_staffroll_k.xml#13319,田中　直也,田中 直也,translated,text,a61c475fb5,br=0 nl=0,
ui/ui/staffroll/uil_staffroll_k.xml#13381,録音助手,录音助手,translated,text,2cd5fceb80,br=0 nl=0,
ui/ui/staffroll/uil_staffroll_k.xml#13439,三田　颯,三田 飒,translated,text,36385611f0,br=0 nl=0,
ui/ui/staffroll/uil_staffroll_k.xml#13500,道下　彩,道下 彩,translated,text,d5f8dc474d,br=0 nl=0,
ui/ui/staffroll/uil_staffroll_k.xml#13561,宮林　良太,宫林 良太,translated,text,0f70c3cd9a,br=0 nl=0,
ui/ui/staffroll/uil_staffroll_k.xml#13623,音響制作,音效制作,translated,text,3ba07c72e1,br=0 nl=0,
ui/ui/staffroll/uil_staffroll_k.xml#13750,音声編集,音频编辑,translated,text,e38d80f3d6,br=0 nl=0,
ui/ui/staffroll/uil_staffroll_k.xml#13812,株式会社ブレイブハーツ,株式会社Brave Hearts,translated,text,e92fbd661d,br=0 nl=0,
ui/ui/staffroll/uil_staffroll_k.xml#13880,デバッグ,调试,translated,text,93640dad3a,br=0 nl=0,
ui/ui/staffroll/uil_staffroll_k.xml#13942,ポールトゥウィン株式会社,株式会社Pole To Win,translated,text,cda47e17fb,br=0 nl=0,
ui/ui/staffroll/uil_staffroll_k.xml#14011,三田村　理史,三田村 理史,translated,text,471a7652f7,br=0 nl=0,
ui/ui/staffroll/uil_staffroll_k.xml#14074,山崎　乙,山崎 乙,translated,text,8f70623b22,br=0 nl=0,
ui/ui/staffroll/uil_staffroll_k.xml#14135,牧　睦美,牧 睦美,translated,text,36499eaf9d,br=0 nl=0,
ui/ui/staffroll/uil_staffroll_k.xml#14196,木村　知生,木村 知生,translated,text,f4f07268a4,br=0 nl=0,
ui/ui/staffroll/uil_staffroll_k.xml#14258,宮下　廣大,宫下 广大,translated,text,4c64af3cd0,br=0 nl=0,
ui/ui/staffroll/uil_staffroll_k.xml#14320,【シェルノサージュ・ゲームパート】,【Ciel nosurge游戏部分】,translated,text,9248244bef,br=0 nl=0,
ui/ui/staffroll/uil_staffroll_k.xml#14395,ワールドイラスト,世界插画,translated,text,5cd301b8d2,br=0 nl=0,
ui/ui/staffroll/uil_staffroll_k.xml#14461,松本　秀幸,松本 秀幸,translated,text,cac6e320dc,br=0 nl=0,
ui/ui/staffroll/uil_staffroll_k.xml#14523,加藤　たいら,加藤 泰良,translated,text,06ffb04cd0,br=0 nl=0,
ui/ui/staffroll/uil_staffroll_k.xml#14586,株式会社千住工房,株式会社千住工房,translated,text,3de756af57,br=0 nl=0,
ui/ui/staffroll/uil_staffroll_k.xml#14651,杉本　あゆみ,杉本 亚由美,translated,text,0cc43ca50f,br=0 nl=0,
ui/ui/staffroll/uil_staffroll_k.xml#14714,小林　雅代,小林 雅代,translated,text,b0113f997a,br=0 nl=0,
ui/ui/staffroll/uil_staffroll_k.xml#14776,藤野　健,藤野 健,translated,text,c8f847de19,br=0 nl=0,
ui/ui/staffroll/uil_staffroll_k.xml#14837,山梨　彩子,山梨 彩子,translated,text,b952ec77ac,br=0 nl=0,
ui/ui/staffroll/uil_staffroll_k.xml#14899,株式会社ロジスティックス,株式会社Logistics,translated,text,8ec59442f3,br=0 nl=0,
ui/ui/staffroll/uil_staffroll_k.xml#14968,チーム・ティルドーン,Team TillDawn,translated,text,20dce76a53,br=0 nl=0,
ui/ui/staffroll/uil_staffroll_k.xml#15032,宮越　歩,宫越 步,translated,text,fe37f2f67e,br=0 nl=0,
ui/ui/staffroll/uil_staffroll_k.xml#15093,川松　由典,川松 由典,translated,text,654827f5ab,br=0 nl=0,
ui/ui/staffroll/uil_staffroll_k.xml#15155,シナリオライターセクション,编剧部门,translated,text,a1348aacfb,br=0 nl=0,
ui/ui/staffroll/uil_staffroll_k.xml#15226,夢セカイパート,梦世界部分,translated,text,aea66df668,br=0 nl=0,
ui/ui/staffroll/uil_staffroll_k.xml#15290,脚本,剧本,translated,text,7fbccbeb8a,br=0 nl=0,
ui/ui/staffroll/uil_staffroll_k.xml#15346,谷村　大四郎,谷村 大四郎,translated,text,40c336b78f,br=0 nl=0,
ui/ui/staffroll/uil_staffroll_k.xml#15478,花野　十三 ,花野 十三,translated,text,ec9f16e629,br=0 nl=0,
ui/ui/staffroll/uil_staffroll_k.xml#15603,和泉　亮 ,和泉 亮,translated,text,64981930da,br=0 nl=0,
ui/ui/staffroll/uil_staffroll_k.xml#15728,デザイナーズセクション,设计师部门,translated,text,4ec447bf85,br=0 nl=0,
ui/ui/staffroll/uil_staffroll_k.xml#15797,アイテムCG作成,道具CG制作,translated,text,4959dedafc,br=0 nl=0,
ui/ui/staffroll/uil_staffroll_k.xml#15859,小瀬　希,小濑 希,translated,text,31c8eb4891,br=0 nl=0,
ui/ui/staffroll/uil_staffroll_k.xml#15920,プログラマーズセクション,程序员部门,translated,text,44c735ef17,br=0 nl=0,
ui/ui/staffroll/uil_staffroll_k.xml#15990,【オフライン版制作】,【单机版制作】,translated,text,03d64cac73,br=0 nl=0,
ui/ui/staffroll/uil_staffroll_k.xml#16057,株式会社メテオライズ,株式会社Meteorise,translated,text,61cde65511,br=0 nl=0,
ui/ui/staffroll/uil_staffroll_k.xml#16124,デベロップメントマネージャー,开发经理,translated,text,a3540a5b0b,br=0 nl=0,
ui/ui/staffroll/uil_staffroll_k.xml#16192,渡邉　幸二,渡边 幸二,translated,text,a836876d7e,br=0 nl=0,
ui/ui/staffroll/uil_staffroll_k.xml#16254,リードプログラマー,主程序员,translated,text,9229f02856,br=0 nl=0,
ui/ui/staffroll/uil_staffroll_k.xml#16317,山本　哲也,山本 哲也,translated,text,3f4c63e01f,br=0 nl=0,
ui/ui/staffroll/uil_staffroll_k.xml#16379,新井　朗,新井 朗,translated,text,90f9b443bf,br=0 nl=0,
ui/ui/staffroll/uil_staffroll_k.xml#16440,井出　純平,井出 纯平,translated,text,539eef3cdb,br=0 nl=0,
ui/ui/staffroll/uil_staffroll_k.xml#16502,堀川　雄大,堀川 雄大,translated,text,0427e75ecf,br=0 nl=0,
ui/ui/staffroll/uil_staffroll_k.xml#16564,株式会社メテオライズ,株式会社Meteorise,translated,text,61cde65511,br=0 nl=0,
ui/ui/staffroll/uil_staffroll_k.xml#16631,HTTP ネットワーク モジュール,HTTP网络模块,translated,text,700b00a437,br=0 nl=0,
ui/ui/staffroll/uil_staffroll_k.xml#16702,渡邉　幸二,渡边 幸二,translated,text,a836876d7e,br=0 nl=0,
ui/ui/staffroll/uil_staffroll_k.xml#16764,シャール システム,夏尔系统,translated,text,3000840e0e,br=0 nl=0,
ui/ui/staffroll/uil_staffroll_k.xml#16827,山本　哲也,山本 哲也,translated,text,3f4c63e01f,br=0 nl=0,
ui/ui/staffroll/uil_staffroll_k.xml#16889,株式会社エクストリーム,株式会社Extreme,translated,text,98c9f61cf3,br=0 nl=0,
ui/ui/staffroll/uil_staffroll_k.xml#16957,プログラムサポート,程序支援,translated,text,26d10aad29,br=0 nl=0,
ui/ui/staffroll/uil_staffroll_k.xml#17020,加津間　聡,加津间 聪,translated,text,0781ac921c,br=0 nl=0,
ui/ui/staffroll/uil_staffroll_k.xml#17082,青木　一也,青木 一也,translated,text,c83b05964d,br=0 nl=0,
ui/ui/staffroll/uil_staffroll_k.xml#17144,ネットワークセクション,网络部门,translated,text,4e67a84cd1,br=0 nl=0,
ui/ui/staffroll/uil_staffroll_k.xml#17283,ウェブエンジニア,网页工程师,translated,text,6cb6815dad,br=0 nl=0,
ui/ui/staffroll/uil_staffroll_k.xml#17345,三島　功,三岛 功,translated,text,5b8e07376e,br=0 nl=0,
ui/ui/staffroll/uil_staffroll_k.xml#17406,(株)wizgeek,(株)wizgeek,translated,text,cd5a3764f1,br=0 nl=0,
ui/ui/staffroll/uil_staffroll_k.xml#17473,ウェブオペレーション,网页运维,translated,text,0299d42ed3,br=0 nl=0,
ui/ui/staffroll/uil_staffroll_k.xml#17537,仲田　享司,仲田 享司,translated,text,2a82ae3f5e,br=0 nl=0,
ui/ui/staffroll/uil_staffroll_k.xml#17599,３Ｄモデル＆モーション,3D模型与动作,translated,text,cfca7f34e9,br=0 nl=0,
ui/ui/staffroll/uil_staffroll_k.xml#17668,株式会社FlightUNIT,株式会社FlightUNIT,translated,text,1da69201f4,br=0 nl=0,
ui/ui/staffroll/uil_staffroll_k.xml#17739,アートディレクター,艺术总监,translated,text,c34e651c44,br=0 nl=0,
ui/ui/staffroll/uil_staffroll_k.xml#17863,メイン3Dモデリング,主3D建模,translated,text,7a817aa640,br=0 nl=0,
ui/ui/staffroll/uil_staffroll_k.xml#17988,3Dモデリング,3D建模,translated,text,a9229cb55f,br=0 nl=0,
ui/ui/staffroll/uil_staffroll_k.xml#18049,川松　由典,川松 由典,translated,text,654827f5ab,br=0 nl=0,
ui/ui/staffroll/uil_staffroll_k.xml#18111,桑田　まり子,桑田 真理子,translated,text,9a7ef2f3de,br=0 nl=0,
ui/ui/staffroll/uil_staffroll_k.xml#18174,燕藤　ユウ,燕藤 悠,translated,text,8c84789206,br=0 nl=0,
ui/ui/staffroll/uil_staffroll_k.xml#18236,ワールドモデリング,世界建模,translated,text,8443ae1813,br=0 nl=0,
ui/ui/staffroll/uil_staffroll_k.xml#18299,川松　由典,川松 由典,translated,text,654827f5ab,br=0 nl=0,
ui/ui/staffroll/uil_staffroll_k.xml#18361,大坪　俊介,大坪 俊介,translated,text,e4a7f6282a,br=0 nl=0,
ui/ui/staffroll/uil_staffroll_k.xml#18423,桑田　まり子,桑田 真理子,translated,text,9a7ef2f3de,br=0 nl=0,
ui/ui/staffroll/uil_staffroll_k.xml#18486,シャールデザイン,夏尔设计,translated,text,9d9cefacba,br=0 nl=0,
ui/ui/staffroll/uil_staffroll_k.xml#18609,川松　由典,川松 由典,translated,text,654827f5ab,br=0 nl=0,
ui/ui/staffroll/uil_staffroll_k.xml#18671,シャールモデリング,夏尔建模,translated,text,9e768da080,br=0 nl=0,
ui/ui/staffroll/uil_staffroll_k.xml#18734,川松　由典,川松 由典,translated,text,654827f5ab,br=0 nl=0,
ui/ui/staffroll/uil_staffroll_k.xml#18796,高橋　聖,高桥 圣,translated,text,dfbf0ca1c6,br=0 nl=0,
ui/ui/staffroll/uil_staffroll_k.xml#18857,桑田　まり子,桑田 真理子,translated,text,9a7ef2f3de,br=0 nl=0,
ui/ui/staffroll/uil_staffroll_k.xml#18920,メインアニメーター,主动画师,translated,text,4a9646d5bb,br=0 nl=0,
ui/ui/staffroll/uil_staffroll_k.xml#18983,山口　力哉,山口 力哉,translated,text,9db200242b,br=0 nl=0,
ui/ui/staffroll/uil_staffroll_k.xml#19045,キャラクターアニメーション,角色动画,translated,text,6245f96f88,br=0 nl=0,
ui/ui/staffroll/uil_staffroll_k.xml#19112,矢戸　恵,矢户 惠,translated,text,98bd1a2e46,br=0 nl=0,
ui/ui/staffroll/uil_staffroll_k.xml#19234,イベントプログラム,事件程序,translated,text,45c20cb56a,br=0 nl=0,
ui/ui/staffroll/uil_staffroll_k.xml#19297,乱道,乱道,translated,text,afcfc8f99b,br=0 nl=0,
ui/ui/staffroll/uil_staffroll_k.xml#19356,テクニカルエンジニア,技术工程师,translated,text,1f8b0ef79d,br=0 nl=0,
ui/ui/staffroll/uil_staffroll_k.xml#19420,乱道,乱道,translated,text,afcfc8f99b,br=0 nl=0,
ui/ui/staffroll/uil_staffroll_k.xml#19479,大坪　俊介,大坪 俊介,translated,text,e4a7f6282a,br=0 nl=0,
ui/ui/staffroll/uil_staffroll_k.xml#19541,キャラクターセットアップ,角色装配,translated,text,2d9c1a161a,br=0 nl=0,
ui/ui/staffroll/uil_staffroll_k.xml#19607,大坪　俊介,大坪 俊介,translated,text,e4a7f6282a,br=0 nl=0,
ui/ui/staffroll/uil_staffroll_k.xml#19669,矢戸　恵,矢户 惠,translated,text,98bd1a2e46,br=0 nl=0,
ui/ui/staffroll/uil_staffroll_k.xml#19730,インターフェイスデザイン,界面设计,translated,text,8fe4dab4e8,br=0 nl=0,
ui/ui/staffroll/uil_staffroll_k.xml#19857,桑田　まり子,桑田 真理子,translated,text,9a7ef2f3de,br=0 nl=0,
ui/ui/staffroll/uil_staffroll_k.xml#19920,マネジメント,管理,translated,text,644f6dd8a3,br=0 nl=0,
ui/ui/staffroll/uil_staffroll_k.xml#19980,松本　浩幸,松本 浩幸,translated,text,31c3a3098b,br=0 nl=0,
ui/ui/staffroll/uil_staffroll_k.xml#20042,オープニングムービー,片头影像,translated,text,bddc00b466,br=0 nl=0,
ui/ui/staffroll/uil_staffroll_k.xml#20110,絵コンテ・演出,分镜・演出,translated,text,c1285163f7,br=0 nl=0,
ui/ui/staffroll/uil_staffroll_k.xml#20232,ディレクター　,总监,translated,text,135e67823a,br=0 nl=0,
ui/ui/staffroll/uil_staffroll_k.xml#20293,嘉藤　公紀,嘉藤 公纪,translated,text,b11bc7bcd0,br=0 nl=0,
ui/ui/staffroll/uil_staffroll_k.xml#20411,浅尾　憲治,浅尾 宪治,translated,text,6bc5e803d3,br=0 nl=0,
ui/ui/staffroll/uil_staffroll_k.xml#20473,蜂屋　雅幸,蜂屋 雅幸,translated,text,bacd8a88e9,br=0 nl=0,
ui/ui/staffroll/uil_staffroll_k.xml#20535,森中　亮,森中 亮,translated,text,d2b56e5d7c,br=0 nl=0,
ui/ui/staffroll/uil_staffroll_k.xml#20596,製作,制作,translated,text,53c6bc4ef7,br=0 nl=0,
ui/ui/staffroll/uil_staffroll_k.xml#20652,ポイント・ピクチャーズ,Point Pictures,translated,text,4b9cc20967,br=0 nl=0,
ui/ui/staffroll/uil_staffroll_k.xml#20720,プロモーションムービー,宣传影像,translated,text,375c066366,br=0 nl=0,
ui/ui/staffroll/uil_staffroll_k.xml#20789,ディレクター　,总监,translated,text,135e67823a,br=0 nl=0,
ui/ui/staffroll/uil_staffroll_k.xml#20850,浅尾　憲治,浅尾 宪治,translated,text,6bc5e803d3,br=0 nl=0,
ui/ui/staffroll/uil_staffroll_k.xml#20968,森　進二郞,森 进二郎,translated,text,564356e8ac,br=0 nl=0,
ui/ui/staffroll/uil_staffroll_k.xml#21030,村澤　晴海,村泽 晴海,translated,text,ccc3eb0e5b,br=0 nl=0,
ui/ui/staffroll/uil_staffroll_k.xml#21092,大塚　竹男,大冢 竹男,translated,text,ac5a7c666f,br=0 nl=0,
ui/ui/staffroll/uil_staffroll_k.xml#21154,製作,制作,translated,text,53c6bc4ef7,br=0 nl=0,
ui/ui/staffroll/uil_staffroll_k.xml#21210,ポイント・ピクチャーズ,Point Pictures,translated,text,4b9cc20967,br=0 nl=0,
ui/ui/staffroll/uil_staffroll_k.xml#21278,詩ムービー,诗歌影像,translated,text,03e84567a7,br=0 nl=0,
ui/ui/staffroll/uil_staffroll_k.xml#21403,ディレクター,总监,translated,text,074ca740ff,br=0 nl=0,
ui/ui/staffroll/uil_staffroll_k.xml#21463,絵コンテ・演出,分镜・演出,translated,text,c1285163f7,br=0 nl=0,
ui/ui/staffroll/uil_staffroll_k.xml#21585,キャラクターアニメーション,角色动画,translated,text,6245f96f88,br=0 nl=0,
ui/ui/staffroll/uil_staffroll_k.xml#21713,試練編第二幕・第三幕,试炼篇第二幕・第三幕,translated,text,6c1d0e7789,br=0 nl=0,
ui/ui/staffroll/uil_staffroll_k.xml#21780,キャラクターアニメーション,角色动画,translated,text,6245f96f88,br=0 nl=0,
ui/ui/staffroll/uil_staffroll_k.xml#21847,山口　力哉,山口 力哉,translated,text,9db200242b,br=0 nl=0,
ui/ui/staffroll/uil_staffroll_k.xml#21909,試練編最終幕,试炼篇最终幕,translated,text,bc55bf2d26,br=0 nl=0,
ui/ui/staffroll/uil_staffroll_k.xml#21972,キャラクターアニメーション,角色动画,translated,text,6245f96f88,br=0 nl=0,
ui/ui/staffroll/uil_staffroll_k.xml#22039,山口　力哉,山口 力哉,translated,text,9db200242b,br=0 nl=0,
ui/ui/staffroll/uil_staffroll_k.xml#22101,演出・特殊効果,演出・特殊效果,translated,text,fd01484953,br=0 nl=0,
ui/ui/staffroll/uil_staffroll_k.xml#22162,あさをゆうじ,浅尾 雄治,translated,text,e6df3dbe9f,br=0 nl=0,
ui/ui/staffroll/uil_staffroll_k.xml#22294,嘉藤　公紀,嘉藤 公纪,translated,text,b11bc7bcd0,br=0 nl=0,
ui/ui/staffroll/uil_staffroll_k.xml#22490,キャラクターアニメーション,角色动画,translated,text,6245f96f88,br=0 nl=0,
ui/ui/staffroll/uil_staffroll_k.xml#22557,山口　力哉,山口 力哉,translated,text,9db200242b,br=0 nl=0,
ui/ui/staffroll/uil_staffroll_k.xml#22675,嘉藤　公紀 [ep4],嘉藤 公纪 [ep4],translated,text,818d7a4bd5,br=0 nl=0,
ui/ui/staffroll/uil_staffroll_k.xml#22812,キャラクターアニメーション,角色动画,translated,text,6245f96f88,br=0 nl=0,
ui/ui/staffroll/uil_staffroll_k.xml#22879,山口　力哉,山口 力哉,translated,text,9db200242b,br=0 nl=0,
ui/ui/staffroll/uil_staffroll_k.xml#23004,株式会社PointPictures,株式会社PointPictures,translated,text,daf89233f1,br=0 nl=0,
ui/ui/staffroll/uil_staffroll_k.xml#23078,演出,演出,translated,text,7084a5c4b4,br=0 nl=0,
ui/ui/staffroll/uil_staffroll_k.xml#23135,蜂屋　雅幸,蜂屋 雅幸,translated,text,bacd8a88e9,br=0 nl=0,
ui/ui/staffroll/uil_staffroll_k.xml#23255,蜂屋　雅幸,蜂屋 雅幸,translated,text,bacd8a88e9,br=0 nl=0,
ui/ui/staffroll/uil_staffroll_k.xml#23318,嘉藤　公紀,嘉藤 公纪,translated,text,b11bc7bcd0,br=0 nl=0,
ui/ui/staffroll/uil_staffroll_k.xml#23381,デザイン・グラフィック,设计・平面,translated,text,9c670269cd,br=0 nl=0,
ui/ui/staffroll/uil_staffroll_k.xml#23447,村澤　晴海,村泽 晴海,translated,text,ccc3eb0e5b,br=0 nl=0,
ui/ui/staffroll/uil_staffroll_k.xml#23510,目黒　久美子,目黑 久美子,translated,text,e42a1e5bcf,br=0 nl=0,
ui/ui/staffroll/uil_staffroll_k.xml#23574,制作進行管理,制作进度管理,translated,text,fce087be8d,br=0 nl=0,
ui/ui/staffroll/uil_staffroll_k.xml#23635,高橋　真,高桥 真,translated,text,0418a4adc3,br=0 nl=0,
ui/ui/staffroll/uil_staffroll_k.xml#23697,ジェノミライムービー,杰诺米莱伊影像,translated,text,f6e7d2fd93,br=0 nl=0,
ui/ui/staffroll/uil_staffroll_k.xml#23766,制作,制作,translated,text,7d394484ec,br=0 nl=0,
ui/ui/staffroll/uil_staffroll_k.xml#23885,バックグラウンドミュージック,背景音乐,translated,text,a5e60b8440,br=0 nl=0,
ui/ui/staffroll/uil_staffroll_k.xml#23958,ミュージックディレクター,音乐总监,translated,text,d43c0fd3f4,br=0 nl=0,
ui/ui/staffroll/uil_staffroll_k.xml#24025,志方　あきこ,志方 晶子,translated,text,05f122732c,br=0 nl=0,
ui/ui/staffroll/uil_staffroll_k.xml#24089,コンポーザー,作曲家,translated,text,259843924f,br=0 nl=0,
ui/ui/staffroll/uil_staffroll_k.xml#24150,志方　あきこ,志方 晶子,translated,text,05f122732c,br=0 nl=0,
ui/ui/staffroll/uil_staffroll_k.xml#24423,アコースティックギター,原声吉他,translated,text,a7abba5538,br=0 nl=0,
ui/ui/staffroll/uil_staffroll_k.xml#24489,吉田　穣,吉田 穰,translated,text,c4ff906d3c,br=0 nl=0,
ui/ui/staffroll/uil_staffroll_k.xml#24551,エレキギター,电吉他,translated,text,1fa9044665,br=0 nl=0,
ui/ui/staffroll/uil_staffroll_k.xml#24612,吉田　穣,吉田 穰,translated,text,c4ff906d3c,br=0 nl=0,
ui/ui/staffroll/uil_staffroll_k.xml#24674,シタール,锡塔尔琴,translated,text,8f25ffe37e,br=0 nl=0,
ui/ui/staffroll/uil_staffroll_k.xml#24733,吉田　穣,吉田 穰,translated,text,c4ff906d3c,br=0 nl=0,
ui/ui/staffroll/uil_staffroll_k.xml#24795,ヴァイオリン,小提琴,translated,text,668c16f747,br=0 nl=0,
ui/ui/staffroll/uil_staffroll_k.xml#24856,大貫　聖子,大贯 圣子,translated,text,3869a50f95,br=0 nl=0,
ui/ui/staffroll/uil_staffroll_k.xml#24919,音響,音效,translated,text,a94ecabc3c,br=0 nl=0,
ui/ui/staffroll/uil_staffroll_k.xml#24980,音響監督,音效总监,translated,text,e4bfb6b35d,br=0 nl=0,
ui/ui/staffroll/uil_staffroll_k.xml#25039,納谷　僚介,纳谷 僚介,translated,text,d0a88d7501,br=0 nl=0,
ui/ui/staffroll/uil_staffroll_k.xml#25102,録音調整,录音调整,translated,text,bdaaaa1218,br=0 nl=0,
ui/ui/staffroll/uil_staffroll_k.xml#25161,田中　直也,田中 直也,translated,text,a61c475fb5,br=0 nl=0,
ui/ui/staffroll/uil_staffroll_k.xml#25224,録音助手,录音助手,translated,text,2cd5fceb80,br=0 nl=0,
ui/ui/staffroll/uil_staffroll_k.xml#25283,三田　颯,三田 飒,translated,text,36385611f0,br=0 nl=0,
ui/ui/staffroll/uil_staffroll_k.xml#25345,道下　彩,道下 彩,translated,text,d5f8dc474d,br=0 nl=0,
ui/ui/staffroll/uil_staffroll_k.xml#25407,音響制作,音效制作,translated,text,3ba07c72e1,br=0 nl=0,
ui/ui/staffroll/uil_staffroll_k.xml#25536,技術協力,技术协力,translated,text,09ac8b241a,br=0 nl=0,
ui/ui/staffroll/uil_staffroll_k.xml#25599,株式会社ＣＲＩ・ミドルウェア,株式会社CRI Middleware,translated,text,ddfc365935,br=0 nl=0,
ui/ui/staffroll/uil_staffroll_k.xml#25671,代表取締役専務ＣＴＯ,执行董事专务CTO,translated,text,e027789a7b,br=0 nl=0,
ui/ui/staffroll/uil_staffroll_k.xml#25736,押見　正雄,押见 正雄,translated,text,bb3d517d8c,br=0 nl=0,
ui/ui/staffroll/uil_staffroll_k.xml#25862,佐藤　修,佐藤 修,translated,text,8d20a19056,br=0 nl=0,
ui/ui/staffroll/uil_staffroll_k.xml#25924,鈴木　成門,铃木 成门,translated,text,151d8ce7cd,br=0 nl=0,
ui/ui/staffroll/uil_staffroll_k.xml#25987,郷原　亮,乡原 亮,translated,text,edafc04a4c,br=0 nl=0,
ui/ui/staffroll/uil_staffroll_k.xml#26049,水津　達也,水津 达也,translated,text,1b6339ac0a,br=0 nl=0,
ui/ui/staffroll/uil_staffroll_k.xml#26112,田中　孝,田中 孝,translated,text,6a01522493,br=0 nl=0,
ui/ui/staffroll/uil_staffroll_k.xml#26174,薄　　亮,薄 亮,translated,text,9be14828cf,br=0 nl=0,
ui/ui/staffroll/uil_staffroll_k.xml#26236,及川　進,及川 进,translated,text,564af3d63f,br=0 nl=0,
ui/ui/staffroll/uil_staffroll_k.xml#26364,漆畑　祐介,漆畑 佑介,translated,text,7b38215b37,br=0 nl=0,
ui/ui/staffroll/uil_staffroll_k.xml#26427,櫻井　敦史,樱井 敦史,translated,text,56fb1b2ef2,br=0 nl=0,
ui/ui/staffroll/uil_staffroll_k.xml#26552,花房　宏通,花房 宏通,translated,text,b03c5ceac2,br=0 nl=0,
ui/ui/staffroll/uil_staffroll_k.xml#26615,太田　政美,太田 政美,translated,text,84c8d1255b,br=0 nl=0,
ui/ui/staffroll/uil_staffroll_k.xml#26678,渡辺　大輔,渡边 大辅,translated,text,e1ba1468a3,br=0 nl=0,
ui/ui/staffroll/uil_staffroll_k.xml#26809,佐藤　修,佐藤 修,translated,text,8d20a19056,br=0 nl=0,
ui/ui/staffroll/uil_staffroll_k.xml#26871,デバッグ,调试,translated,text,93640dad3a,br=0 nl=0,
ui/ui/staffroll/uil_staffroll_k.xml#26934,ポールトゥウィン株式会社,株式会社Pole To Win,translated,text,cda47e17fb,br=0 nl=0,
ui/ui/staffroll/uil_staffroll_k.xml#27004,三田村 理史,三田村 理史,translated,text,77e158e1ae,br=0 nl=0,
ui/ui/staffroll/uil_staffroll_k.xml#27068,浅田　卓,浅田 卓,translated,text,adcb96dc81,br=0 nl=0,
ui/ui/staffroll/uil_staffroll_k.xml#27130,山崎　乙,山崎 乙,translated,text,8f70623b22,br=0 nl=0,
ui/ui/staffroll/uil_staffroll_k.xml#27192,大井 勇生,大井 勇生,translated,text,fcdda02341,br=0 nl=0,
ui/ui/staffroll/uil_staffroll_k.xml#27255,牧　睦美,牧 睦美,translated,text,36499eaf9d,br=0 nl=0,
ui/ui/staffroll/uil_staffroll_k.xml#27317,木村　知生,木村 知生,translated,text,f4f07268a4,br=0 nl=0,
ui/ui/staffroll/uil_staffroll_k.xml#27380,宮下　廣大,宫下 广大,translated,text,4c64af3cd0,br=0 nl=0,
ui/ui/staffroll/uil_staffroll_k.xml#27443,柴田　裕司,柴田 裕司,translated,text,13fa6f22df,br=0 nl=0,
ui/ui/staffroll/uil_staffroll_k.xml#27506,西原　正洋,西原 正洋,translated,text,1aa88db9f1,br=0 nl=0,
ui/ui/staffroll/uil_staffroll_k.xml#27569,高田　陽介,高田 阳介,translated,text,ec9fea6efa,br=0 nl=0,
ui/ui/staffroll/uil_staffroll_k.xml#27632,澤田　哲也,泽田 哲也,translated,text,bc595385ac,br=0 nl=0,
ui/ui/staffroll/uil_staffroll_k.xml#27695,渡邊　さや,渡边 沙耶,translated,text,a3fb83c85e,br=0 nl=0,
ui/ui/staffroll/uil_staffroll_k.xml#27758,山谷　武,山谷 武,translated,text,254588c758,br=0 nl=0,
ui/ui/staffroll/uil_staffroll_k.xml#27820,小川　早苗,小川 早苗,translated,text,116301b38a,br=0 nl=0,
ui/ui/staffroll/uil_staffroll_k.xml#27883,村川　雄一郎,村川 雄一郎,translated,text,93fd06889d,br=0 nl=0,
ui/ui/staffroll/uil_staffroll_k.xml#27947,挿入歌,插曲,translated,text,43505f0b2e,br=0 nl=0,
ui/ui/staffroll/uil_staffroll_k.xml#28009,#00『謳無き丘へ～Introduce Ver.～』,#00‘致无鸣之丘～Introduce Ver.～’,translated,text,abf88f0aa3,br=0 nl=0,src-longest-line=26
ui/ui/staffroll/uil_staffroll_k.xml#28093,ヴォーカル,主唱,translated,text,a9d22c4f25,br=0 nl=0,
ui/ui/staffroll/uil_staffroll_k.xml#28153,志方　あきこ,志方 晶子,translated,text,05f122732c,br=0 nl=0,
ui/ui/staffroll/uil_staffroll_k.xml#28217,コーラス,和声,translated,text,e6f23f00bd,br=0 nl=0,
ui/ui/staffroll/uil_staffroll_k.xml#28276,志方　あきこ,志方 晶子,translated,text,05f122732c,br=0 nl=0,
ui/ui/staffroll/uil_staffroll_k.xml#28340,作詞,作词,translated,text,37dd0a71d2,br=0 nl=0,
ui/ui/staffroll/uil_staffroll_k.xml#28397,土屋　暁,土屋 晓,translated,text,21998e95cc,br=0 nl=0,
ui/ui/staffroll/uil_staffroll_k.xml#28459,作曲,作曲,translated,text,779e678323,br=0 nl=0,
ui/ui/staffroll/uil_staffroll_k.xml#28516,土屋　暁,土屋 晓,translated,text,21998e95cc,br=0 nl=0,
ui/ui/staffroll/uil_staffroll_k.xml#28578,編曲,编曲,translated,text,0d9b094937,br=0 nl=0,
ui/ui/staffroll/uil_staffroll_k.xml#28635,志方　あきこ,志方 晶子,translated,text,05f122732c,br=0 nl=0,
ui/ui/staffroll/uil_staffroll_k.xml#28699,アコースティックギター,原声吉他,translated,text,a7abba5538,br=0 nl=0,
ui/ui/staffroll/uil_staffroll_k.xml#28765,田代　耕一郎,田代 耕一郎,translated,text,2b32bdbfd2,br=0 nl=0,
ui/ui/staffroll/uil_staffroll_k.xml#28829,アイリッシュブズーキー,爱尔兰布祖基琴,translated,text,d1c4382eb2,br=0 nl=0,
ui/ui/staffroll/uil_staffroll_k.xml#28895,田代　耕一郎,田代 耕一郎,translated,text,2b32bdbfd2,br=0 nl=0,
ui/ui/staffroll/uil_staffroll_k.xml#29034,ヴォーカル,主唱,translated,text,a9d22c4f25,br=0 nl=0,
ui/ui/staffroll/uil_staffroll_k.xml#29094,志方　あきこ,志方 晶子,translated,text,05f122732c,br=0 nl=0,
ui/ui/staffroll/uil_staffroll_k.xml#29158,コーラス,和声,translated,text,e6f23f00bd,br=0 nl=0,
ui/ui/staffroll/uil_staffroll_k.xml#29217,志方　あきこ,志方 晶子,translated,text,05f122732c,br=0 nl=0,
ui/ui/staffroll/uil_staffroll_k.xml#29281,作詞,作词,translated,text,37dd0a71d2,br=0 nl=0,
ui/ui/staffroll/uil_staffroll_k.xml#29338,志方　あきこ,志方 晶子,translated,text,05f122732c,br=0 nl=0,
ui/ui/staffroll/uil_staffroll_k.xml#29402,作曲,作曲,translated,text,779e678323,br=0 nl=0,
ui/ui/staffroll/uil_staffroll_k.xml#29459,志方　あきこ,志方 晶子,translated,text,05f122732c,br=0 nl=0,
ui/ui/staffroll/uil_staffroll_k.xml#29523,編曲,编曲,translated,text,0d9b094937,br=0 nl=0,
ui/ui/staffroll/uil_staffroll_k.xml#29580,志方　あきこ,志方 晶子,translated,text,05f122732c,br=0 nl=0,
ui/ui/staffroll/uil_staffroll_k.xml#29644,アコースティックギター,原声吉他,translated,text,a7abba5538,br=0 nl=0,
ui/ui/staffroll/uil_staffroll_k.xml#29710,田代　耕一郎,田代 耕一郎,translated,text,2b32bdbfd2,br=0 nl=0,
ui/ui/staffroll/uil_staffroll_k.xml#29774,カンテレ,康特勒琴,translated,text,99e23b542c,br=0 nl=0,
ui/ui/staffroll/uil_staffroll_k.xml#29833,田代　耕一郎,田代 耕一郎,translated,text,2b32bdbfd2,br=0 nl=0,
ui/ui/staffroll/uil_staffroll_k.xml#29897,パーカッション,打击乐,translated,text,b5c517e01d,br=0 nl=0,
ui/ui/staffroll/uil_staffroll_k.xml#29959,大石　真理恵,大石 真理惠,translated,text,59c84c61d6,br=0 nl=0,
ui/ui/staffroll/uil_staffroll_k.xml#30023,筝,筝,translated,text,e09f68108a,br=0 nl=0,
ui/ui/staffroll/uil_staffroll_k.xml#30079,中垣　雅葉,中垣 雅叶,translated,text,ec00152ffc,br=0 nl=0,
ui/ui/staffroll/uil_staffroll_k.xml#30142,#02『天地咆吼』,#02‘天地咆哮’,translated,text,54b41e4730,br=0 nl=0,
ui/ui/staffroll/uil_staffroll_k.xml#30209,ヴォーカル,主唱,translated,text,a9d22c4f25,br=0 nl=0,
ui/ui/staffroll/uil_staffroll_k.xml#30269,城　南海,城 南海,translated,text,0326f175b4,br=0 nl=0,
ui/ui/staffroll/uil_staffroll_k.xml#30331,コーラス,和声,translated,text,e6f23f00bd,br=0 nl=0,
ui/ui/staffroll/uil_staffroll_k.xml#30390,城　南海,城 南海,translated,text,0326f175b4,br=0 nl=0,
ui/ui/staffroll/uil_staffroll_k.xml#30452,作詞,作词,translated,text,37dd0a71d2,br=0 nl=0,
ui/ui/staffroll/uil_staffroll_k.xml#30509,志方　あきこ,志方 晶子,translated,text,05f122732c,br=0 nl=0,
ui/ui/staffroll/uil_staffroll_k.xml#30573,作曲,作曲,translated,text,779e678323,br=0 nl=0,
ui/ui/staffroll/uil_staffroll_k.xml#30630,志方　あきこ,志方 晶子,translated,text,05f122732c,br=0 nl=0,
ui/ui/staffroll/uil_staffroll_k.xml#30694,編曲,编曲,translated,text,0d9b094937,br=0 nl=0,
ui/ui/staffroll/uil_staffroll_k.xml#30751,志方　あきこ,志方 晶子,translated,text,05f122732c,br=0 nl=0,
ui/ui/staffroll/uil_staffroll_k.xml#30815,アコースティックギター,原声吉他,translated,text,a7abba5538,br=0 nl=0,
ui/ui/staffroll/uil_staffroll_k.xml#30881,田代　耕一郎,田代 耕一郎,translated,text,2b32bdbfd2,br=0 nl=0,
ui/ui/staffroll/uil_staffroll_k.xml#30945,ヴァイオリン,小提琴,translated,text,668c16f747,br=0 nl=0,
ui/ui/staffroll/uil_staffroll_k.xml#31006,大貫　聖子,大贯 圣子,translated,text,3869a50f95,br=0 nl=0,
ui/ui/staffroll/uil_staffroll_k.xml#31069,ピアノ,钢琴,translated,text,64c0241201,br=0 nl=0,
ui/ui/staffroll/uil_staffroll_k.xml#31127,田中　さとこ,田中 聪子,translated,text,67b0c32b37,br=0 nl=0,
ui/ui/staffroll/uil_staffroll_k.xml#31275,ヴォーカル,主唱,translated,text,a9d22c4f25,br=0 nl=0,
ui/ui/staffroll/uil_staffroll_k.xml#31335,志方　あきこ,志方 晶子,translated,text,05f122732c,br=0 nl=0,
ui/ui/staffroll/uil_staffroll_k.xml#31399,コーラス,和声,translated,text,e6f23f00bd,br=0 nl=0,
ui/ui/staffroll/uil_staffroll_k.xml#31458,志方　あきこ,志方 晶子,translated,text,05f122732c,br=0 nl=0,
ui/ui/staffroll/uil_staffroll_k.xml#31522,作詞,作词,translated,text,37dd0a71d2,br=0 nl=0,
ui/ui/staffroll/uil_staffroll_k.xml#31579,志方　あきこ,志方 晶子,translated,text,05f122732c,br=0 nl=0,
ui/ui/staffroll/uil_staffroll_k.xml#31643,作曲,作曲,translated,text,779e678323,br=0 nl=0,
ui/ui/staffroll/uil_staffroll_k.xml#31700,志方　あきこ,志方 晶子,translated,text,05f122732c,br=0 nl=0,
ui/ui/staffroll/uil_staffroll_k.xml#31764,編曲,编曲,translated,text,0d9b094937,br=0 nl=0,
ui/ui/staffroll/uil_staffroll_k.xml#31821,志方　あきこ,志方 晶子,translated,text,05f122732c,br=0 nl=0,
ui/ui/staffroll/uil_staffroll_k.xml#31885,アイリッシュブズーキ,爱尔兰布祖基琴,translated,text,420248b6f2,br=0 nl=0,
ui/ui/staffroll/uil_staffroll_k.xml#31950,田代　耕一郎,田代 耕一郎,translated,text,2b32bdbfd2,br=0 nl=0,
ui/ui/staffroll/uil_staffroll_k.xml#32014,リュート,鲁特琴,translated,text,40aa180de2,br=0 nl=0,
ui/ui/staffroll/uil_staffroll_k.xml#32073,田代　耕一郎,田代 耕一郎,translated,text,2b32bdbfd2,br=0 nl=0,
ui/ui/staffroll/uil_staffroll_k.xml#32137,アコースティックギター,原声吉他,translated,text,a7abba5538,br=0 nl=0,
ui/ui/staffroll/uil_staffroll_k.xml#32203,田代　耕一郎,田代 耕一郎,translated,text,2b32bdbfd2,br=0 nl=0,
ui/ui/staffroll/uil_staffroll_k.xml#32267,ヴァイオリン,小提琴,translated,text,668c16f747,br=0 nl=0,
ui/ui/staffroll/uil_staffroll_k.xml#32328,大貫　聖子,大贯 圣子,translated,text,3869a50f95,br=0 nl=0,
ui/ui/staffroll/uil_staffroll_k.xml#32391,ホイッスル,哨子,translated,text,f9c2bb1a8a,br=0 nl=0,
ui/ui/staffroll/uil_staffroll_k.xml#32451,安井　敬,安井 敬,translated,text,723f3994ab,br=0 nl=0,
ui/ui/staffroll/uil_staffroll_k.xml#32513,リコーダー,竖笛,translated,text,1448956b32,br=0 nl=0,
ui/ui/staffroll/uil_staffroll_k.xml#32573,安井　敬,安井 敬,translated,text,723f3994ab,br=0 nl=0,
ui/ui/staffroll/uil_staffroll_k.xml#32707,ヴォーカル,主唱,translated,text,a9d22c4f25,br=0 nl=0,
ui/ui/staffroll/uil_staffroll_k.xml#32767,霜月　はるか,霜月 遥,translated,text,4fa4ca5550,br=0 nl=0,
ui/ui/staffroll/uil_staffroll_k.xml#32831,コーラス,和声,translated,text,e6f23f00bd,br=0 nl=0,
ui/ui/staffroll/uil_staffroll_k.xml#32890,霜月　はるか,霜月 遥,translated,text,4fa4ca5550,br=0 nl=0,
ui/ui/staffroll/uil_staffroll_k.xml#32954,作詞,作词,translated,text,37dd0a71d2,br=0 nl=0,
ui/ui/staffroll/uil_staffroll_k.xml#33011,日山　尚,日山 尚,translated,text,1f730ac70d,br=0 nl=0,
ui/ui/staffroll/uil_staffroll_k.xml#33073,作曲,作曲,translated,text,779e678323,br=0 nl=0,
ui/ui/staffroll/uil_staffroll_k.xml#33130,霜月　はるか,霜月 遥,translated,text,4fa4ca5550,br=0 nl=0,
ui/ui/staffroll/uil_staffroll_k.xml#33194,編曲,编曲,translated,text,0d9b094937,br=0 nl=0,
ui/ui/staffroll/uil_staffroll_k.xml#33312,#05『美し世界』,#05‘美丽世界’,translated,text,828500b0bb,br=0 nl=0,
ui/ui/staffroll/uil_staffroll_k.xml#33379,ヴォーカル,主唱,translated,text,a9d22c4f25,br=0 nl=0,
ui/ui/staffroll/uil_staffroll_k.xml#33439,城　南海,城 南海,translated,text,0326f175b4,br=0 nl=0,
ui/ui/staffroll/uil_staffroll_k.xml#33501,コーラス,和声,translated,text,e6f23f00bd,br=0 nl=0,
ui/ui/staffroll/uil_staffroll_k.xml#33560,城　南海,城 南海,translated,text,0326f175b4,br=0 nl=0,
ui/ui/staffroll/uil_staffroll_k.xml#33622,作詞,作词,translated,text,37dd0a71d2,br=0 nl=0,
ui/ui/staffroll/uil_staffroll_k.xml#33679,高橋　麗子,高桥 丽子,translated,text,e5f18eff62,br=0 nl=0,
ui/ui/staffroll/uil_staffroll_k.xml#33742,作曲,作曲,translated,text,779e678323,br=0 nl=0,
ui/ui/staffroll/uil_staffroll_k.xml#33799,弘田　佳孝,弘田 佳孝,translated,text,5b1c2fd00d,br=0 nl=0,
ui/ui/staffroll/uil_staffroll_k.xml#33862,編曲,编曲,translated,text,0d9b094937,br=0 nl=0,
ui/ui/staffroll/uil_staffroll_k.xml#33919,弘田　佳孝,弘田 佳孝,translated,text,5b1c2fd00d,br=0 nl=0,
ui/ui/staffroll/uil_staffroll_k.xml#33982,エレキベース,电贝斯,translated,text,97b8e005a2,br=0 nl=0,
ui/ui/staffroll/uil_staffroll_k.xml#34043,弘田　佳孝,弘田 佳孝,translated,text,5b1c2fd00d,br=0 nl=0,
ui/ui/staffroll/uil_staffroll_k.xml#34106,#06『コード・エテスウェイ』,#06‘代码・埃特斯韦’,translated,text,0d93d8ec41,br=0 nl=0,
ui/ui/staffroll/uil_staffroll_k.xml#34179,ヴォーカル,主唱,translated,text,a9d22c4f25,br=0 nl=0,
ui/ui/staffroll/uil_staffroll_k.xml#34239,霜月　はるか,霜月 遥,translated,text,4fa4ca5550,br=0 nl=0,
ui/ui/staffroll/uil_staffroll_k.xml#34303,コーラス,和声,translated,text,e6f23f00bd,br=0 nl=0,
ui/ui/staffroll/uil_staffroll_k.xml#34362,霜月　はるか,霜月 遥,translated,text,4fa4ca5550,br=0 nl=0,
ui/ui/staffroll/uil_staffroll_k.xml#34426,作詞,作词,translated,text,37dd0a71d2,br=0 nl=0,
ui/ui/staffroll/uil_staffroll_k.xml#34483,日山　尚,日山 尚,translated,text,1f730ac70d,br=0 nl=0,
ui/ui/staffroll/uil_staffroll_k.xml#34545,作曲,作曲,translated,text,779e678323,br=0 nl=0,
ui/ui/staffroll/uil_staffroll_k.xml#34602,霜月　はるか,霜月 遥,translated,text,4fa4ca5550,br=0 nl=0,
ui/ui/staffroll/uil_staffroll_k.xml#34666,編曲,编曲,translated,text,0d9b094937,br=0 nl=0,
ui/ui/staffroll/uil_staffroll_k.xml#34723,柳　英一朗,柳 英一朗,translated,text,d1f66395b5,br=0 nl=0,
ui/ui/staffroll/uil_staffroll_k.xml#34786,ヴァイオリン,小提琴,translated,text,668c16f747,br=0 nl=0,
ui/ui/staffroll/uil_staffroll_k.xml#34847,土屋　玲子,土屋 玲子,translated,text,a5c27a7653,br=0 nl=0,
ui/ui/staffroll/uil_staffroll_k.xml#34910,ヴィオラ,中提琴,translated,text,2b5d862048,br=0 nl=0,
ui/ui/staffroll/uil_staffroll_k.xml#34969,土屋　玲子,土屋 玲子,translated,text,a5c27a7653,br=0 nl=0,
ui/ui/staffroll/uil_staffroll_k.xml#35032,チェロ,大提琴,translated,text,13fc4da5ee,br=0 nl=0,
ui/ui/staffroll/uil_staffroll_k.xml#35090,土屋　玲子,土屋 玲子,translated,text,a5c27a7653,br=0 nl=0,
ui/ui/staffroll/uil_staffroll_k.xml#35153,エレキベース,电贝斯,translated,text,97b8e005a2,br=0 nl=0,
ui/ui/staffroll/uil_staffroll_k.xml#35214,柳　英一朗,柳 英一朗,translated,text,d1f66395b5,br=0 nl=0,
ui/ui/staffroll/uil_staffroll_k.xml#35277,プログラミング,编程,translated,text,a063da1b9c,br=0 nl=0,
ui/ui/staffroll/uil_staffroll_k.xml#35339,柳　英一朗,柳 英一朗,translated,text,d1f66395b5,br=0 nl=0,
ui/ui/staffroll/uil_staffroll_k.xml#35489,ヴォーカル,主唱,translated,text,a9d22c4f25,br=0 nl=0,
ui/ui/staffroll/uil_staffroll_k.xml#35549,みとせ　のりこ,水户濑 纪子,translated,text,b870526ad2,br=0 nl=0,
ui/ui/staffroll/uil_staffroll_k.xml#35614,コーラス,和声,translated,text,e6f23f00bd,br=0 nl=0,
ui/ui/staffroll/uil_staffroll_k.xml#35673,みとせ　のりこ,水户濑 纪子,translated,text,b870526ad2,br=0 nl=0,
ui/ui/staffroll/uil_staffroll_k.xml#35738,作詞,作词,translated,text,37dd0a71d2,br=0 nl=0,
ui/ui/staffroll/uil_staffroll_k.xml#35795,みとせ　のりこ,水户濑 纪子,translated,text,b870526ad2,br=0 nl=0,
ui/ui/staffroll/uil_staffroll_k.xml#35860,作曲,作曲,translated,text,779e678323,br=0 nl=0,
ui/ui/staffroll/uil_staffroll_k.xml#35983,編曲,编曲,translated,text,0d9b094937,br=0 nl=0,
ui/ui/staffroll/uil_staffroll_k.xml#36184,ヴォーカル,主唱,translated,text,a9d22c4f25,br=0 nl=0,
ui/ui/staffroll/uil_staffroll_k.xml#36244,霜月　はるか,霜月 遥,translated,text,4fa4ca5550,br=0 nl=0,
ui/ui/staffroll/uil_staffroll_k.xml#36308,コーラス,和声,translated,text,e6f23f00bd,br=0 nl=0,
ui/ui/staffroll/uil_staffroll_k.xml#36367,霜月　はるか,霜月 遥,translated,text,4fa4ca5550,br=0 nl=0,
ui/ui/staffroll/uil_staffroll_k.xml#36431,作詞,作词,translated,text,37dd0a71d2,br=0 nl=0,
ui/ui/staffroll/uil_staffroll_k.xml#36488,日山　尚,日山 尚,translated,text,1f730ac70d,br=0 nl=0,
ui/ui/staffroll/uil_staffroll_k.xml#36550,作曲,作曲,translated,text,779e678323,br=0 nl=0,
ui/ui/staffroll/uil_staffroll_k.xml#36607,霜月　はるか,霜月 遥,translated,text,4fa4ca5550,br=0 nl=0,
ui/ui/staffroll/uil_staffroll_k.xml#36671,編曲,编曲,translated,text,0d9b094937,br=0 nl=0,
ui/ui/staffroll/uil_staffroll_k.xml#36728,柳　英一朗,柳 英一朗,translated,text,d1f66395b5,br=0 nl=0,
ui/ui/staffroll/uil_staffroll_k.xml#36791,ギター,吉他,translated,text,b072d58a68,br=0 nl=0,
ui/ui/staffroll/uil_staffroll_k.xml#36849,柳　英一朗,柳 英一朗,translated,text,d1f66395b5,br=0 nl=0,
ui/ui/staffroll/uil_staffroll_k.xml#36912,エレキベース,电贝斯,translated,text,97b8e005a2,br=0 nl=0,
ui/ui/staffroll/uil_staffroll_k.xml#36973,柳　英一朗,柳 英一朗,translated,text,d1f66395b5,br=0 nl=0,
ui/ui/staffroll/uil_staffroll_k.xml#37036,プログラミング,编程,translated,text,a063da1b9c,br=0 nl=0,
ui/ui/staffroll/uil_staffroll_k.xml#37098,柳　英一朗,柳 英一朗,translated,text,d1f66395b5,br=0 nl=0,
ui/ui/staffroll/uil_staffroll_k.xml#37161,#09『虹の国のデュオワルツ』,#09‘彩虹之国的二重华尔兹’,translated,text,81669d519b,br=0 nl=0,
ui/ui/staffroll/uil_staffroll_k.xml#37234,ヴォーカル,主唱,translated,text,a9d22c4f25,br=0 nl=0,
ui/ui/staffroll/uil_staffroll_k.xml#37294,南條　愛乃,南条 爱乃,translated,text,29b52441c1,br=0 nl=0,
ui/ui/staffroll/uil_staffroll_k.xml#37357,コーラス,和声,translated,text,e6f23f00bd,br=0 nl=0,
ui/ui/staffroll/uil_staffroll_k.xml#37416,南條　愛乃,南条 爱乃,translated,text,29b52441c1,br=0 nl=0,
ui/ui/staffroll/uil_staffroll_k.xml#37479,作詞,作词,translated,text,37dd0a71d2,br=0 nl=0,
ui/ui/staffroll/uil_staffroll_k.xml#37536,高橋　麗子,高桥 丽子,translated,text,e5f18eff62,br=0 nl=0,
ui/ui/staffroll/uil_staffroll_k.xml#37599,作曲,作曲,translated,text,779e678323,br=0 nl=0,
ui/ui/staffroll/uil_staffroll_k.xml#37656,大嶋　啓之,大岛 启之,translated,text,bf41a23cad,br=0 nl=0,
ui/ui/staffroll/uil_staffroll_k.xml#37719,編曲,编曲,translated,text,0d9b094937,br=0 nl=0,
ui/ui/staffroll/uil_staffroll_k.xml#37776,大嶋　啓之,大岛 启之,translated,text,bf41a23cad,br=0 nl=0,
ui/ui/staffroll/uil_staffroll_k.xml#37839,ヴァイオリン,小提琴,translated,text,668c16f747,br=0 nl=0,
ui/ui/staffroll/uil_staffroll_k.xml#37900,多々谷　樹,多多谷 树,translated,text,6fe425caca,br=0 nl=0,
ui/ui/staffroll/uil_staffroll_k.xml#37963,プログラミング,编程,translated,text,a063da1b9c,br=0 nl=0,
ui/ui/staffroll/uil_staffroll_k.xml#38025,大嶋　啓之,大岛 启之,translated,text,bf41a23cad,br=0 nl=0,
ui/ui/staffroll/uil_staffroll_k.xml#38170,ヴォーカル,主唱,translated,text,a9d22c4f25,br=0 nl=0,
ui/ui/staffroll/uil_staffroll_k.xml#38230,志方　あきこ,志方 晶子,translated,text,05f122732c,br=0 nl=0,
ui/ui/staffroll/uil_staffroll_k.xml#38294,コーラス,和声,translated,text,e6f23f00bd,br=0 nl=0,
ui/ui/staffroll/uil_staffroll_k.xml#38353,志方　あきこ,志方 晶子,translated,text,05f122732c,br=0 nl=0,
ui/ui/staffroll/uil_staffroll_k.xml#38417,作詞,作词,translated,text,37dd0a71d2,br=0 nl=0,
ui/ui/staffroll/uil_staffroll_k.xml#38474,志方　あきこ,志方 晶子,translated,text,05f122732c,br=0 nl=0,
ui/ui/staffroll/uil_staffroll_k.xml#38538,作曲,作曲,translated,text,779e678323,br=0 nl=0,
ui/ui/staffroll/uil_staffroll_k.xml#38595,志方　あきこ,志方 晶子,translated,text,05f122732c,br=0 nl=0,
ui/ui/staffroll/uil_staffroll_k.xml#38659,編曲,编曲,translated,text,0d9b094937,br=0 nl=0,
ui/ui/staffroll/uil_staffroll_k.xml#38716,志方　あきこ,志方 晶子,translated,text,05f122732c,br=0 nl=0,
ui/ui/staffroll/uil_staffroll_k.xml#38780,アイリッシュブズーキ,爱尔兰布祖基琴,translated,text,420248b6f2,br=0 nl=0,
ui/ui/staffroll/uil_staffroll_k.xml#38845,田代　耕一郎,田代 耕一郎,translated,text,2b32bdbfd2,br=0 nl=0,
ui/ui/staffroll/uil_staffroll_k.xml#38909,アコースティックギター,原声吉他,translated,text,a7abba5538,br=0 nl=0,
ui/ui/staffroll/uil_staffroll_k.xml#38975,田代　耕一郎,田代 耕一郎,translated,text,2b32bdbfd2,br=0 nl=0,
ui/ui/staffroll/uil_staffroll_k.xml#39039,ヴァイオリン,小提琴,translated,text,668c16f747,br=0 nl=0,
ui/ui/staffroll/uil_staffroll_k.xml#39100,伊勢　三木子,伊势 三木子,translated,text,8e1426f8df,br=0 nl=0,
ui/ui/staffroll/uil_staffroll_k.xml#39164,パーカッション,打击乐,translated,text,b5c517e01d,br=0 nl=0,
ui/ui/staffroll/uil_staffroll_k.xml#39226,佐藤　直子,佐藤 直子,translated,text,3131e09fc9,br=0 nl=0,
ui/ui/staffroll/uil_staffroll_k.xml#39289,ホイッスル、リコーダー,哨笛、竖笛,translated,text,0b0b4ac53c,br=0 nl=0,
ui/ui/staffroll/uil_staffroll_k.xml#39355,安井　敬,安井 敬,translated,text,723f3994ab,br=0 nl=0,
ui/ui/staffroll/uil_staffroll_k.xml#39417,#11『継承奉願祝詞』,#11‘继承奉愿祝词’,translated,text,814dd7dbf7,br=0 nl=0,
ui/ui/staffroll/uil_staffroll_k.xml#39486,ヴォーカル,主唱,translated,text,a9d22c4f25,br=0 nl=0,
ui/ui/staffroll/uil_staffroll_k.xml#39608,コーラス,和声,translated,text,e6f23f00bd,br=0 nl=0,
ui/ui/staffroll/uil_staffroll_k.xml#39729,作詞,作词,translated,text,37dd0a71d2,br=0 nl=0,
ui/ui/staffroll/uil_staffroll_k.xml#39786,江幡　育子,江幡 育子,translated,text,c9dedc91f5,br=0 nl=0,
ui/ui/staffroll/uil_staffroll_k.xml#39849,作曲,作曲,translated,text,779e678323,br=0 nl=0,
ui/ui/staffroll/uil_staffroll_k.xml#39906,上野　洋子,上野 洋子,translated,text,ee8b23a7e8,br=0 nl=0,
ui/ui/staffroll/uil_staffroll_k.xml#39969,編曲,编曲,translated,text,0d9b094937,br=0 nl=0,
ui/ui/staffroll/uil_staffroll_k.xml#40026,上野　洋子,上野 洋子,translated,text,ee8b23a7e8,br=0 nl=0,
ui/ui/staffroll/uil_staffroll_k.xml#40089,二胡,二胡,translated,text,5423891ebb,br=0 nl=0,
ui/ui/staffroll/uil_staffroll_k.xml#40146,賈鵬芳,贾鹏芳,translated,text,66e70fab95,br=0 nl=0,
ui/ui/staffroll/uil_staffroll_k.xml#40207,古筝,古筝,translated,text,abd50f6a17,br=0 nl=0,
ui/ui/staffroll/uil_staffroll_k.xml#40515,ゴンドウトモヒコ,权藤知彦,translated,text,a262eab210,br=0 nl=0,
ui/ui/staffroll/uil_staffroll_k.xml#40645,ゴンドウトモヒコ,权藤知彦,translated,text,a262eab210,br=0 nl=0,
ui/ui/staffroll/uil_staffroll_k.xml#40777,ゴンドウトモヒコ,权藤知彦,translated,text,a262eab210,br=0 nl=0,
ui/ui/staffroll/uil_staffroll_k.xml#40843,レコーディング＆ミキシング,录音与混音,translated,text,45498df2df,br=0 nl=0,
ui/ui/staffroll/uil_staffroll_k.xml#40990,レコーディングスタジオ,录音室,translated,text,b25eb16dcb,br=0 nl=0,
ui/ui/staffroll/uil_staffroll_k.xml#41192,レコーディング&,录音&,translated,text,f841bcf365,br=0 nl=0,
ui/ui/staffroll/uil_staffroll_k.xml#41255,　　ミキシングエンジニア,混音工程师,translated,text,18ef1f1a8b,br=0 nl=0,
ui/ui/staffroll/uil_staffroll_k.xml#41322,南　直行,南 直行,translated,text,2d56d70010,br=0 nl=0,
ui/ui/staffroll/uil_staffroll_k.xml#41447,ミキシングスタジオ,混音工作室,translated,text,10e5c39a7e,br=0 nl=0,
ui/ui/staffroll/uil_staffroll_k.xml#41586,レコーディングスタジオ,录音室,translated,text,b25eb16dcb,br=0 nl=0,
ui/ui/staffroll/uil_staffroll_k.xml#41724,レコーディング&,录音&,translated,text,f841bcf365,br=0 nl=0,
ui/ui/staffroll/uil_staffroll_k.xml#41787,　　ミキシングエンジニア,混音工程师,translated,text,18ef1f1a8b,br=0 nl=0,
ui/ui/staffroll/uil_staffroll_k.xml#41854,南　直行,南 直行,translated,text,2d56d70010,br=0 nl=0,
ui/ui/staffroll/uil_staffroll_k.xml#41979,音楽制作,音乐制作,translated,text,fd03f88e87,br=0 nl=0,
ui/ui/staffroll/uil_staffroll_k.xml#42106,レコーディングスタジオ,录音室,translated,text,b25eb16dcb,br=0 nl=0,
ui/ui/staffroll/uil_staffroll_k.xml#42172,Artist Forum 千駄ヶ谷,Artist Forum 千驮谷,translated,text,c5d9afa7df,br=0 nl=0,
ui/ui/staffroll/uil_staffroll_k.xml#42247,レコーディングエンジニア,录音工程师,translated,text,dcee02fe85,br=0 nl=0,
ui/ui/staffroll/uil_staffroll_k.xml#42314,齊藤　弘二（TRIUMPH）,齐藤 弘二（TRIUMPH）,translated,text,601c4218f9,br=0 nl=0,
ui/ui/staffroll/uil_staffroll_k.xml#42386,坂　知学,坂 知学,translated,text,fb17ef159d,br=0 nl=0,
ui/ui/staffroll/uil_staffroll_k.xml#42448,ミキシングエンジニア,混音工程师,translated,text,b660dbc680,br=0 nl=0,
ui/ui/staffroll/uil_staffroll_k.xml#42513,坂　知学,坂 知学,translated,text,fb17ef159d,br=0 nl=0,
ui/ui/staffroll/uil_staffroll_k.xml#42638,レコーディングスタジオ,录音室,translated,text,b25eb16dcb,br=0 nl=0,
ui/ui/staffroll/uil_staffroll_k.xml#42776,レコーディングエンジニア,录音工程师,translated,text,dcee02fe85,br=0 nl=0,
ui/ui/staffroll/uil_staffroll_k.xml#42843,迎谷　彰信,迎谷 彰信,translated,text,745993b75c,br=0 nl=0,
ui/ui/staffroll/uil_staffroll_k.xml#42906,ミキシングエンジニア,混音工程师,translated,text,b660dbc680,br=0 nl=0,
ui/ui/staffroll/uil_staffroll_k.xml#42971,弘田　佳孝,弘田 佳孝,translated,text,5b1c2fd00d,br=0 nl=0,
ui/ui/staffroll/uil_staffroll_k.xml#43101,音楽制作,音乐制作,translated,text,fd03f88e87,br=0 nl=0,
ui/ui/staffroll/uil_staffroll_k.xml#43228,レコーディングスタジオ,录音室,translated,text,b25eb16dcb,br=0 nl=0,
ui/ui/staffroll/uil_staffroll_k.xml#43365,レコーディングエンジニア,录音工程师,translated,text,dcee02fe85,br=0 nl=0,
ui/ui/staffroll/uil_staffroll_k.xml#43432,由田　直也,由田 直也,translated,text,12cf5ea73b,br=0 nl=0,
ui/ui/staffroll/uil_staffroll_k.xml#43495,ミキシングエンジニア,混音工程师,translated,text,b660dbc680,br=0 nl=0,
ui/ui/staffroll/uil_staffroll_k.xml#43560,坂　知学,坂 知学,translated,text,fb17ef159d,br=0 nl=0,
ui/ui/staffroll/uil_staffroll_k.xml#43685,レコーディングスタジオ,录音室,translated,text,b25eb16dcb,br=0 nl=0,
ui/ui/staffroll/uil_staffroll_k.xml#43823,レコーディングエンジニア,录音工程师,translated,text,dcee02fe85,br=0 nl=0,
ui/ui/staffroll/uil_staffroll_k.xml#43890,迎谷　彰信,迎谷 彰信,translated,text,745993b75c,br=0 nl=0,
ui/ui/staffroll/uil_staffroll_k.xml#43953,ミキシングエンジニア,混音工程师,translated,text,b660dbc680,br=0 nl=0,
ui/ui/staffroll/uil_staffroll_k.xml#44147,レコーディングスタジオ,录音室,translated,text,b25eb16dcb,br=0 nl=0,
ui/ui/staffroll/uil_staffroll_k.xml#44288,レコーディングエンジニア,录音工程师,translated,text,dcee02fe85,br=0 nl=0,
ui/ui/staffroll/uil_staffroll_k.xml#44355,岸田 P 充善,岸田 P 充善,translated,text,c9edbb98d6,br=0 nl=0,
ui/ui/staffroll/uil_staffroll_k.xml#44420,ミキシングエンジニア,混音工程师,translated,text,b660dbc680,br=0 nl=0,
ui/ui/staffroll/uil_staffroll_k.xml#44485,迎谷　彰信,迎谷 彰信,translated,text,745993b75c,br=0 nl=0,
ui/ui/staffroll/uil_staffroll_k.xml#44611,レコーディングスタジオ,录音室,translated,text,b25eb16dcb,br=0 nl=0,
ui/ui/staffroll/uil_staffroll_k.xml#44753,レコーディングエンジニア,录音工程师,translated,text,dcee02fe85,br=0 nl=0,
ui/ui/staffroll/uil_staffroll_k.xml#44820,ゴンドウトモヒコ,权藤知彦,translated,text,a262eab210,br=0 nl=0,
ui/ui/staffroll/uil_staffroll_k.xml#44886,ミックススタジオ,混音室,translated,text,2c47b0549e,br=0 nl=0,
ui/ui/staffroll/uil_staffroll_k.xml#45025,ミックスエンジニア,混音工程师,translated,text,0cc7e6819e,br=0 nl=0,
ui/ui/staffroll/uil_staffroll_k.xml#45089,ゴンドウトモヒコ,权藤知彦,translated,text,a262eab210,br=0 nl=0,
ui/ui/staffroll/uil_staffroll_k.xml#45218,ミキシング,混音,translated,text,dd3c09920b,br=0 nl=0,
ui/ui/staffroll/uil_staffroll_k.xml#45278,土屋　暁,土屋 晓,translated,text,21998e95cc,br=0 nl=0,
ui/ui/staffroll/uil_staffroll_k.xml#45340,楽曲制作協力,乐曲制作协力,translated,text,72ede6daac,br=0 nl=0,
ui/ui/staffroll/uil_staffroll_k.xml#45405,株式会社フロンティアワークス,株式会社Frontier Works,translated,text,36d73077b6,br=0 nl=0,
ui/ui/staffroll/uil_staffroll_k.xml#45477,吉川　明,吉川 明,translated,text,2768ebf8a1,br=0 nl=0,
ui/ui/staffroll/uil_staffroll_k.xml#45539,小柳　豊,小柳 丰,translated,text,e59cd8c7b8,br=0 nl=0,
ui/ui/staffroll/uil_staffroll_k.xml#45732,田中　雅之,田中 雅之,translated,text,21736bbf23,br=0 nl=0,
ui/ui/staffroll/uil_staffroll_k.xml#45795,矢野　正明,矢野 正明,translated,text,78cf186a67,br=0 nl=0,
ui/ui/staffroll/uil_staffroll_k.xml#45858,谷川　雄紀,谷川 雄纪,translated,text,4f95b894a6,br=0 nl=0,
ui/ui/staffroll/uil_staffroll_k.xml#45921,髙橋　朝子,高桥 朝子,translated,text,77e6958b96,br=0 nl=0,
ui/ui/staffroll/uil_staffroll_k.xml#45984,本間　詩織,本间 诗织,translated,text,e70cd6c951,br=0 nl=0,
ui/ui/staffroll/uil_staffroll_k.xml#46047,佐々　梨花,佐佐 梨花,translated,text,030ff13e01,br=0 nl=0,
ui/ui/staffroll/uil_staffroll_k.xml#46110,生田　善子,生田 善子,translated,text,6a6fba474e,br=0 nl=0,
ui/ui/staffroll/uil_staffroll_k.xml#46173,松　　聖花,松 圣花,translated,text,ea05a4fd84,br=0 nl=0,
ui/ui/staffroll/uil_staffroll_k.xml#46236,音響,音效,translated,text,a94ecabc3c,br=0 nl=0,
ui/ui/staffroll/uil_staffroll_k.xml#46296,演出・キャスティング,演出・选角,translated,text,383d1bfa00,br=0 nl=0,
ui/ui/staffroll/uil_staffroll_k.xml#46361,関　智寛,关 智宽,translated,text,f1a5e773f2,br=0 nl=0,
ui/ui/staffroll/uil_staffroll_k.xml#46423,ミキサー,调音师,translated,text,61f92a39b5,br=0 nl=0,
ui/ui/staffroll/uil_staffroll_k.xml#46482,熊倉　亨,熊仓 亨,translated,text,509916c5a3,br=0 nl=0,
ui/ui/staffroll/uil_staffroll_k.xml#46544,音響制作,音效制作,translated,text,3ba07c72e1,br=0 nl=0,
ui/ui/staffroll/uil_staffroll_k.xml#46668,キャスティング協力,选角协力,translated,text,3c32e0140a,br=0 nl=0,
ui/ui/staffroll/uil_staffroll_k.xml#46732,松本　恵,松本 惠,translated,text,432387780b,br=0 nl=0,
ui/ui/staffroll/uil_staffroll_k.xml#46859,協力,协力,translated,text,1a054b3135,br=0 nl=0,
ui/ui/staffroll/uil_staffroll_k.xml#46920,(株)wizgeek,(株)wizgeek,translated,text,cd5a3764f1,br=0 nl=0,
ui/ui/staffroll/uil_staffroll_k.xml#46986,株式会社エクストリーム,株式会社Extreme,translated,text,98c9f61cf3,br=0 nl=0,
ui/ui/staffroll/uil_staffroll_k.xml#47053,株式会社ＣＲＩ・ミドルウェア,株式会社CRI Middleware,translated,text,ddfc365935,br=0 nl=0,
ui/ui/staffroll/uil_staffroll_k.xml#47191,株式会社千住工房,株式会社千住工房,translated,text,3de756af57,br=0 nl=0,
ui/ui/staffroll/uil_staffroll_k.xml#47324,株式会社FlightUNIT,株式会社FlightUNIT,translated,text,1da69201f4,br=0 nl=0,
ui/ui/staffroll/uil_staffroll_k.xml#47394,株式会社メテオライズ,株式会社Meteorise,translated,text,61cde65511,br=0 nl=0,
ui/ui/staffroll/uil_staffroll_k.xml#47460,株式会社フロンティアワークス,株式会社Frontier Works,translated,text,36d73077b6,br=0 nl=0,
ui/ui/staffroll/uil_staffroll_k.xml#47530,株式会社ポイントピクチャーズ,株式会社Point Pictures,translated,text,f8ac729aec,br=0 nl=0,
ui/ui/staffroll/uil_staffroll_k.xml#47600,ポールトゥウィン株式会社,株式会社Pole To Win,translated,text,cda47e17fb,br=0 nl=0,
ui/ui/staffroll/uil_staffroll_k.xml#47668,株式会社ロジスティックス,株式会社Logistics,translated,text,8ec59442f3,br=0 nl=0,
ui/ui/staffroll/uil_staffroll_k.xml#47736,株式会社プロダクション・アイジー,株式会社Production I.G,translated,text,84204edff3,br=0 nl=0,
ui/ui/staffroll/uil_staffroll_k.xml#47808,天津光栄特庫摩軟件有限公司,天津光荣特库摩软件有限公司,translated,text,8a7dbadc6f,br=0 nl=0,
ui/ui/staffroll/uil_staffroll_k.xml#47877,天津天匠動画科技有限公司,天津天匠动画科技有限公司,translated,text,14335be04d,br=0 nl=0,
ui/ui/staffroll/uil_staffroll_k.xml#47945,フォントワークス株式会社,Fontworks株式会社,translated,text,b1c83f97c7,br=0 nl=0,
ui/ui/staffroll/uil_staffroll_k.xml#48176,ディレクター,总监,translated,text,074ca740ff,br=0 nl=0,
ui/ui/staffroll/uil_staffroll_k.xml#48241,高野　雅文,高野 雅文,translated,text,e0f6ad1a3a,br=0 nl=0,
ui/ui/staffroll/uil_staffroll_k.xml#48304,開発プロデューサー,开发制作人,translated,text,763f21e64e,br=0 nl=0,
ui/ui/staffroll/uil_staffroll_k.xml#48372,細井  順三,细井 顺三,translated,text,014085680c,br=0 nl=0,
ui/ui/staffroll/uil_staffroll_k.xml#48436,総合プロデューサー,总制作人,translated,text,893701ac7c,br=0 nl=0,
ui/ui/staffroll/uil_staffroll_k.xml#48504,土屋  暁,土屋 晓,translated,text,dd0b0dada2,br=0 nl=0,
ui/ui/staffroll/uil_staffroll_k.xml#48567,エグゼクティブプロデューサー,执行制作人,translated,text,5e38e342d6,br=0 nl=0,
ui/ui/staffroll/uil_staffroll_k.xml#48640,鯉沼 久史,鲤沼 久史,translated,text,04514697bf,br=0 nl=0,
ui/ui/staffroll/uil_staffroll_k.xml#48703,製作,制作,translated,text,53c6bc4ef7,br=0 nl=0,
ui/ui/staffroll/uil_staffroll_k.xml#48764,株式会社コーエーテクモゲームス,株式会社光荣特库摩游戏,translated,text,be816b716d,br=0 nl=0,
ui/ui/staffroll/uil_staffroll_l.xml#1243,歌姫,歌姬,translated,text,acdbfe60f4,br=0 nl=0,
ui/ui/staffroll/uil_staffroll_l.xml#1300,志方　あきこ,志方 晶子,translated,text,05f122732c,br=0 nl=0,
ui/ui/staffroll/uil_staffroll_l.xml#1361,城　南海,城 南海,translated,text,0326f175b4,br=0 nl=0,
ui/ui/staffroll/uil_staffroll_l.xml#1420,霜月　はるか,霜月 遥,translated,text,4fa4ca5550,br=0 nl=0,
ui/ui/staffroll/uil_staffroll_l.xml#1482,みとせ　のりこ,水户濑 纪子,translated,text,b870526ad2,br=0 nl=0,
ui/ui/staffroll/uil_staffroll_l.xml#1545,南條　愛乃,南条 爱乃,translated,text,29b52441c1,br=0 nl=0,
ui/ui/staffroll/uil_staffroll_l.xml#1727,イオン,依恩,translated,text,90d4718c90,br=0 nl=0,
ui/ui/staffroll/uil_staffroll_l.xml#1783,加隈　亜衣,加隈 亚衣,translated,text,d9fe60a2ce,br=0 nl=0,
ui/ui/staffroll/uil_staffroll_l.xml#1844,カノン,卡诺,translated,text,5a6fa752cb,br=0 nl=0,
ui/ui/staffroll/uil_staffroll_l.xml#1900,井ノ上　奈々,井之上 奈奈,translated,text,159209452b,br=0 nl=0,
ui/ui/staffroll/uil_staffroll_l.xml#1962,ネイ,妮伊,translated,text,dd82b752f9,br=0 nl=0,
ui/ui/staffroll/uil_staffroll_l.xml#2017,内田　真礼,内田 真礼,translated,text,664833d0bc,br=0 nl=0,
ui/ui/staffroll/uil_staffroll_l.xml#2078,キャス,凯斯,translated,text,6f807afcb1,br=0 nl=0,
ui/ui/staffroll/uil_staffroll_l.xml#2134,水瀬　いのり,水濑 祈,translated,text,2c51d41405,br=0 nl=0,
ui/ui/staffroll/uil_staffroll_l.xml#2196,サーリ,莎丽,translated,text,8a6ca8f186,br=0 nl=0,
ui/ui/staffroll/uil_staffroll_l.xml#2252,志村　由美,志村 由美,translated,text,d17ffb7a1f,br=0 nl=0,
ui/ui/staffroll/uil_staffroll_l.xml#2313,ター坊,阿达,translated,text,be218a88e0,br=0 nl=0,
ui/ui/staffroll/uil_staffroll_l.xml#2369,大原　桃子,大原 桃子,translated,text,7805da68da,br=0 nl=0,
ui/ui/staffroll/uil_staffroll_l.xml#2430,白鷹,白鹰,translated,text,80f8839be9,br=0 nl=0,
ui/ui/staffroll/uil_staffroll_l.xml#2485,新垣　樽助,新垣 樽助,translated,text,d639834023,br=0 nl=0,
ui/ui/staffroll/uil_staffroll_l.xml#2546,クラケット,库拉肯特,translated,text,b470c4a07c,br=0 nl=0,
ui/ui/staffroll/uil_staffroll_l.xml#2604,ふくまつ　進紗,福松 进纱,translated,text,b85b2c53ae,br=0 nl=0,
ui/ui/staffroll/uil_staffroll_l.xml#2667,レナルル,蕾娜露露,translated,text,b73a299dee,br=0 nl=0,
ui/ui/staffroll/uil_staffroll_l.xml#2724,大地　葉,大地 叶,translated,text,58928f7243,br=0 nl=0,
ui/ui/staffroll/uil_staffroll_l.xml#2784,ジル,吉鲁,translated,text,56d6edb965,br=0 nl=0,
ui/ui/staffroll/uil_staffroll_l.xml#2839,川崎　芽衣子,川崎 芽衣子,translated,text,7ef2b5d765,br=0 nl=0,
ui/ui/staffroll/uil_staffroll_l.xml#2901,ネロ,妮诺,translated,text,5ab7665c85,br=0 nl=0,
ui/ui/staffroll/uil_staffroll_l.xml#2956,東城　日紗子,东城 日沙子,translated,text,9336ae3b72,br=0 nl=0,
ui/ui/staffroll/uil_staffroll_l.xml#3018,テレフンケン,泰雷芬肯,translated,text,ce98c0f0ab,br=0 nl=0,
ui/ui/staffroll/uil_staffroll_l.xml#3077,阿久津　加菜,阿久津 加菜,translated,text,49781c7816,br=0 nl=0,
ui/ui/staffroll/uil_staffroll_l.xml#3139,クーリン,库琳,translated,text,1c6f5779b8,br=0 nl=0,
ui/ui/staffroll/uil_staffroll_l.xml#3196,新垣　樽助,新垣 樽助,translated,text,d639834023,br=0 nl=0,
ui/ui/staffroll/uil_staffroll_l.xml#3257,パラライノ,帕拉莱诺,translated,text,989c105a5b,br=0 nl=0,
ui/ui/staffroll/uil_staffroll_l.xml#3315,森谷　里美,森谷 里美,translated,text,b1ce9ad2ab,br=0 nl=0,
ui/ui/staffroll/uil_staffroll_l.xml#3376,ルウレイ,鲁雷,translated,text,7b893749e6,br=0 nl=0,
ui/ui/staffroll/uil_staffroll_l.xml#3434,神田　みか,神田 美香,translated,text,3462d5a984,br=0 nl=0,
ui/ui/staffroll/uil_staffroll_l.xml#3496,ラシェーラ先帝,拉榭拉先帝,translated,text,ca22899d92,br=0 nl=0,
ui/ui/staffroll/uil_staffroll_l.xml#3557,谷　育子,谷 育子,translated,text,73bc889335,br=0 nl=0,
ui/ui/staffroll/uil_staffroll_l.xml#3618,アルメティカ,阿尔梅堤嘉,translated,text,0a2ae4f1ba,br=0 nl=0,
ui/ui/staffroll/uil_staffroll_l.xml#3678,西村　知道,西村 知道,translated,text,c96885e56a,br=0 nl=0,
ui/ui/staffroll/uil_staffroll_l.xml#3740,ねりこ,妮莉库,translated,text,89b50863af,br=0 nl=0,
ui/ui/staffroll/uil_staffroll_l.xml#3858,半澤　敦,半泽 敦,translated,text,ede7d72eb3,br=0 nl=0,
ui/ui/staffroll/uil_staffroll_l.xml#3919,森山　和輝,森山 和辉,translated,text,9d24ae6a64,br=0 nl=0,
ui/ui/staffroll/uil_staffroll_l.xml#3981,臼木　健士朗,臼木 健士朗,translated,text,1090fff2d5,br=0 nl=0,
ui/ui/staffroll/uil_staffroll_l.xml#4044,奥村　翔,奥村 翔,translated,text,a7d0e61c95,br=0 nl=0,
ui/ui/staffroll/uil_staffroll_l.xml#4105,茂木　たかまさ,茂木 孝将,translated,text,181598d2e4,br=0 nl=0,
ui/ui/staffroll/uil_staffroll_l.xml#4169,塩谷　綾子,盐谷 绫子,translated,text,0cfe91802f,br=0 nl=0,
ui/ui/staffroll/uil_staffroll_l.xml#4231,中村　桜,中村 樱,translated,text,4991324810,br=0 nl=0,
ui/ui/staffroll/uil_staffroll_l.xml#4292,高井　舞香,高井 舞香,translated,text,19d0fa6801,br=0 nl=0,
ui/ui/staffroll/uil_staffroll_l.xml#4432,プランナーズセクション,策划部门,translated,text,0d32843cb5,br=0 nl=0,
ui/ui/staffroll/uil_staffroll_l.xml#4501,赤本　憲一,赤本 宪一,translated,text,ad611cf688,br=0 nl=0,
ui/ui/staffroll/uil_staffroll_l.xml#4563,梅田　雅武,梅田 雅武,translated,text,bcb88320ab,br=0 nl=0,
ui/ui/staffroll/uil_staffroll_l.xml#4625,村岡　剛弥,村冈 刚弥,translated,text,0e75a921bc,br=0 nl=0,
ui/ui/staffroll/uil_staffroll_l.xml#4687,加藤　周太,加藤 周太,translated,text,ddca2f6427,br=0 nl=0,
ui/ui/staffroll/uil_staffroll_l.xml#4749,松岡　大樹,松冈 大树,translated,text,d372601979,br=0 nl=0,
ui/ui/staffroll/uil_staffroll_l.xml#4811,田中　俊明,田中 俊明,translated,text,1d00fedc6b,br=0 nl=0,
ui/ui/staffroll/uil_staffroll_l.xml#4873,本田　響己,本田 响己,translated,text,dc0235233e,br=0 nl=0,
ui/ui/staffroll/uil_staffroll_l.xml#4935,プログラマーズセクション,程序员部门,translated,text,44c735ef17,br=0 nl=0,
ui/ui/staffroll/uil_staffroll_l.xml#5005,髙山　雅俊,高山 雅俊,translated,text,2b05fc035d,br=0 nl=0,
ui/ui/staffroll/uil_staffroll_l.xml#5067,金澤　佑介,金泽 佑介,translated,text,2038649a07,br=0 nl=0,
ui/ui/staffroll/uil_staffroll_l.xml#5129,山之口　操,山之口 操,translated,text,b0122ef9d0,br=0 nl=0,
ui/ui/staffroll/uil_staffroll_l.xml#5191,大田　尚明,大田 尚明,translated,text,74d4e53ec8,br=0 nl=0,
ui/ui/staffroll/uil_staffroll_l.xml#5253,難波　亮,难波 亮,translated,text,9377b6d3a4,br=0 nl=0,
ui/ui/staffroll/uil_staffroll_l.xml#5314,臼田　亜斗務,臼田 亚斗务,translated,text,020f1a7e76,br=0 nl=0,
ui/ui/staffroll/uil_staffroll_l.xml#5377,桂山　豪,桂山 豪,translated,text,1c84ff1e78,br=0 nl=0,
ui/ui/staffroll/uil_staffroll_l.xml#5438,佐藤　和也,佐藤 和也,translated,text,30834084ba,br=0 nl=0,
ui/ui/staffroll/uil_staffroll_l.xml#5500,山﨑　康平,山崎 康平,translated,text,ffb250d30a,br=0 nl=0,
ui/ui/staffroll/uil_staffroll_l.xml#5562,山下　真心,山下 真心,translated,text,61f5e37636,br=0 nl=0,
ui/ui/staffroll/uil_staffroll_l.xml#5624,デザイナーズセクション,设计师部门,translated,text,4ec447bf85,br=0 nl=0,
ui/ui/staffroll/uil_staffroll_l.xml#5693,CGディレクター,CG总监,translated,text,13d644da31,br=0 nl=0,
ui/ui/staffroll/uil_staffroll_l.xml#5755,岩瀬　智至,岩濑 智至,translated,text,e639b9e580,br=0 nl=0,
ui/ui/staffroll/uil_staffroll_l.xml#5817,キャラクターモデル,角色模型,translated,text,847a6758ec,br=0 nl=0,
ui/ui/staffroll/uil_staffroll_l.xml#5880,鈴木　康浩,铃木 康浩,translated,text,4ba488d04a,br=0 nl=0,
ui/ui/staffroll/uil_staffroll_l.xml#5942,早﨑　七海,早崎 七海,translated,text,1f6d7c33b0,br=0 nl=0,
ui/ui/staffroll/uil_staffroll_l.xml#6004,背景モデル,背景模型,translated,text,54bea4a2cc,br=0 nl=0,
ui/ui/staffroll/uil_staffroll_l.xml#6063,飯島　理恵,饭岛 理惠,translated,text,deda665c29,br=0 nl=0,
ui/ui/staffroll/uil_staffroll_l.xml#6125,インターフェースデザイン,界面设计,translated,text,c1c661b0bb,br=0 nl=0,
ui/ui/staffroll/uil_staffroll_l.xml#6191,馬場　博美,马场 博美,translated,text,2c333deaa0,br=0 nl=0,
ui/ui/staffroll/uil_staffroll_l.xml#6533,映像編集,影像编辑,translated,text,2bb223e3c0,br=0 nl=0,
ui/ui/staffroll/uil_staffroll_l.xml#6591,有馬　真作,有马 真作,translated,text,e32c2634a1,br=0 nl=0,
ui/ui/staffroll/uil_staffroll_l.xml#6653,斉藤　康信,齐藤 康信,translated,text,70a94fe358,br=0 nl=0,
ui/ui/staffroll/uil_staffroll_l.xml#6715,CG制作管理,CG制作管理,translated,text,4ea12195e3,br=0 nl=0,
ui/ui/staffroll/uil_staffroll_l.xml#6775,江川　弥寿生,江川 弥寿生,translated,text,f368d66cf7,br=0 nl=0,
ui/ui/staffroll/uil_staffroll_l.xml#6838,サウンドセクション,音效部门,translated,text,f692631407,br=0 nl=0,
ui/ui/staffroll/uil_staffroll_l.xml#6905,サウンドディレクター,音效总监,translated,text,87caf5e3c1,br=0 nl=0,
ui/ui/staffroll/uil_staffroll_l.xml#6969,高橋 洋明,高桥 洋明,translated,text,7d715a66f1,br=0 nl=0,
ui/ui/staffroll/uil_staffroll_l.xml#7031,天津光栄特庫摩軟件有限公司,天津光荣特库摩软件有限公司,translated,text,8a7dbadc6f,br=0 nl=0,
ui/ui/staffroll/uil_staffroll_l.xml#7102,デベロップメントマネージャー,开发经理,translated,text,a3540a5b0b,br=0 nl=0,
ui/ui/staffroll/uil_staffroll_l.xml#7170,安　曄,安 晔,translated,text,4b7cd118fa,br=0 nl=0,
ui/ui/staffroll/uil_staffroll_l.xml#7230,陳　皓,陈 皓,translated,text,dc3efeabc9,br=0 nl=0,
ui/ui/staffroll/uil_staffroll_l.xml#7290,プログラマー,程序员,translated,text,00a1706077,br=0 nl=0,
ui/ui/staffroll/uil_staffroll_l.xml#7350,岳　凱,岳 凯,translated,text,632d70a250,br=0 nl=0,
ui/ui/staffroll/uil_staffroll_l.xml#7410,陳　永飛,陈 永飞,translated,text,d262704611,br=0 nl=0,
ui/ui/staffroll/uil_staffroll_l.xml#7471,王　岩,王 岩,translated,text,55dc179b66,br=0 nl=0,
ui/ui/staffroll/uil_staffroll_l.xml#7531,孫　家琛,孙 家琛,translated,text,685b83afc1,br=0 nl=0,
ui/ui/staffroll/uil_staffroll_l.xml#7592,程　青舟,程 青舟,translated,text,27beff94b3,br=0 nl=0,
ui/ui/staffroll/uil_staffroll_l.xml#7653,劉　唯揚,刘 唯扬,translated,text,c2911ed2d9,br=0 nl=0,
ui/ui/staffroll/uil_staffroll_l.xml#7714,張　昊,张 昊,translated,text,275df0df5e,br=0 nl=0,
ui/ui/staffroll/uil_staffroll_l.xml#7774,デザイナー,设计师,translated,text,ed058a1ab0,br=0 nl=0,
ui/ui/staffroll/uil_staffroll_l.xml#7833,田　雪嬌,田 雪娇,translated,text,a11cdcd193,br=0 nl=0,
ui/ui/staffroll/uil_staffroll_l.xml#7894,広報,宣传,translated,text,6746eee8d6,br=0 nl=0,
ui/ui/staffroll/uil_staffroll_l.xml#7954,PRマーケティング,公关营销,translated,text,954a61299a,br=0 nl=0,
ui/ui/staffroll/uil_staffroll_l.xml#8017,吉川　真人,吉川 真人,translated,text,8a2ba50898,br=0 nl=0,
ui/ui/staffroll/uil_staffroll_l.xml#8079,水上　冴理,水上 冴理,translated,text,e4f4fa1d6a,br=0 nl=0,
ui/ui/staffroll/uil_staffroll_l.xml#8141,ソフトウェアマニュアル,软件手册,translated,text,9b5617111b,br=0 nl=0,
ui/ui/staffroll/uil_staffroll_l.xml#8210,加藤　雅大,加藤 雅大,translated,text,91bf91643d,br=0 nl=0,
ui/ui/staffroll/uil_staffroll_l.xml#8272,辻　槙人,辻 槙人,translated,text,c1cb4f06f8,br=0 nl=0,
ui/ui/staffroll/uil_staffroll_l.xml#8333,QAスタッフ,QA人员,translated,text,36ff45b240,br=0 nl=0,
ui/ui/staffroll/uil_staffroll_l.xml#8397,長谷川　茂,长谷川 茂,translated,text,3814329436,br=0 nl=0,
ui/ui/staffroll/uil_staffroll_l.xml#8459,キャラクターデザイン,角色设计,translated,text,34ac32a91f,br=0 nl=0,
ui/ui/staffroll/uil_staffroll_l.xml#8527,キャラクターイラスト,角色插画,translated,text,8ffb0bbffd,br=0 nl=0,
ui/ui/staffroll/uil_staffroll_l.xml#8656,パッケージイラスト,包装插画,translated,text,11036680bc,br=0 nl=0,
ui/ui/staffroll/uil_staffroll_l.xml#8723,フブキ,吹雪,translated,text,40f5527db7,br=0 nl=0,
ui/ui/staffroll/uil_staffroll_l.xml#8783,ワールドデザイン,世界设定设计,translated,text,a0094128c7,br=0 nl=0,
ui/ui/staffroll/uil_staffroll_l.xml#8849,松本　秀幸,松本 秀幸,translated,text,cac6e320dc,br=0 nl=0,
ui/ui/staffroll/uil_staffroll_l.xml#8972,コスチュームデザイン,服装设计,translated,text,b483d19059,br=0 nl=0,
ui/ui/staffroll/uil_staffroll_l.xml#9101,川松　由典,川松 由典,translated,text,654827f5ab,br=0 nl=0,
ui/ui/staffroll/uil_staffroll_l.xml#9163,桑田　ヤスヒロ,桑田 康弘,translated,text,6dec656f3b,br=0 nl=0,
ui/ui/staffroll/uil_staffroll_l.xml#9227,燕藤　ユウ,燕藤 悠,translated,text,8c84789206,br=0 nl=0,
ui/ui/staffroll/uil_staffroll_l.xml#9289,タスクテロップ・SDキャラデザイン,任务字幕・Q版角色设计,translated,text,158e93640f,br=0 nl=0,
ui/ui/staffroll/uil_staffroll_l.xml#9364,芹沢えのの,芹泽 Enono,translated,text,607d0edcc0,br=0 nl=0,
ui/ui/staffroll/uil_staffroll_l.xml#9426,シナリオ・脚本,剧本・脚本,translated,text,5b884ebd35,br=0 nl=0,
ui/ui/staffroll/uil_staffroll_l.xml#9491,夢セカイパート,梦世界部分,translated,text,aea66df668,br=0 nl=0,
ui/ui/staffroll/uil_staffroll_l.xml#9555,脚本,剧本,translated,text,7fbccbeb8a,br=0 nl=0,
ui/ui/staffroll/uil_staffroll_l.xml#9611,和泉　亮,和泉 亮,translated,text,eafef1a497,br=0 nl=0,
ui/ui/staffroll/uil_staffroll_l.xml#9672,花野　十三,花野 十三,translated,text,9990db3f0b,br=0 nl=0,
ui/ui/staffroll/uil_staffroll_l.xml#9734,谷村　大四郎,谷村 大四郎,translated,text,40c336b78f,br=0 nl=0,
ui/ui/staffroll/uil_staffroll_l.xml#9867,デザイン・モデリング・アニメーション,设计・建模・动画,translated,text,38967eaa41,br=0 nl=0,
ui/ui/staffroll/uil_staffroll_l.xml#9943,株式会社FlightUNIT,株式会社FlightUNIT,translated,text,1da69201f4,br=0 nl=0,
ui/ui/staffroll/uil_staffroll_l.xml#10014,キャラクターデザイン,角色设计,translated,text,34ac32a91f,br=0 nl=0,
ui/ui/staffroll/uil_staffroll_l.xml#10139,キャラクターモデリング,角色建模,translated,text,8148a92946,br=0 nl=0,
ui/ui/staffroll/uil_staffroll_l.xml#10204,桑田　まり子,桑田 真理子,translated,text,9a7ef2f3de,br=0 nl=0,
ui/ui/staffroll/uil_staffroll_l.xml#10267,川松　由典,川松 由典,translated,text,654827f5ab,br=0 nl=0,
ui/ui/staffroll/uil_staffroll_l.xml#10329,ワールドモデリング,世界建模,translated,text,8443ae1813,br=0 nl=0,
ui/ui/staffroll/uil_staffroll_l.xml#10453,川松　由典,川松 由典,translated,text,654827f5ab,br=0 nl=0,
ui/ui/staffroll/uil_staffroll_l.xml#10515,シャールデザイン,夏尔设计,translated,text,9d9cefacba,br=0 nl=0,
ui/ui/staffroll/uil_staffroll_l.xml#10638,川松　由典,川松 由典,translated,text,654827f5ab,br=0 nl=0,
ui/ui/staffroll/uil_staffroll_l.xml#10700,シャールモデリング,夏尔建模,translated,text,9e768da080,br=0 nl=0,
ui/ui/staffroll/uil_staffroll_l.xml#10763,川松　由典,川松 由典,translated,text,654827f5ab,br=0 nl=0,
ui/ui/staffroll/uil_staffroll_l.xml#10825,キャラクターアニメーション,角色动画,translated,text,6245f96f88,br=0 nl=0,
ui/ui/staffroll/uil_staffroll_l.xml#10892,山口　力哉,山口 力哉,translated,text,9db200242b,br=0 nl=0,
ui/ui/staffroll/uil_staffroll_l.xml#10954,テクニカルエンジニア,技术工程师,translated,text,1f8b0ef79d,br=0 nl=0,
ui/ui/staffroll/uil_staffroll_l.xml#11018,乱道,乱道,translated,text,afcfc8f99b,br=0 nl=0,
ui/ui/staffroll/uil_staffroll_l.xml#11077,大坪　俊介,大坪 俊介,translated,text,e4a7f6282a,br=0 nl=0,
ui/ui/staffroll/uil_staffroll_l.xml#11139,キャラクターセットアップ,角色装配,translated,text,2d9c1a161a,br=0 nl=0,
ui/ui/staffroll/uil_staffroll_l.xml#11205,大坪　俊介,大坪 俊介,translated,text,e4a7f6282a,br=0 nl=0,
ui/ui/staffroll/uil_staffroll_l.xml#11267,川松　由典,川松 由典,translated,text,654827f5ab,br=0 nl=0,
ui/ui/staffroll/uil_staffroll_l.xml#11329,マネジメント,管理,translated,text,644f6dd8a3,br=0 nl=0,
ui/ui/staffroll/uil_staffroll_l.xml#11389,松本　浩幸,松本 浩幸,translated,text,31c3a3098b,br=0 nl=0,
ui/ui/staffroll/uil_staffroll_l.xml#11451,背景描画,背景绘制,translated,text,7c693fd5dd,br=0 nl=0,
ui/ui/staffroll/uil_staffroll_l.xml#11513,松本　秀幸,松本 秀幸,translated,text,cac6e320dc,br=0 nl=0,
ui/ui/staffroll/uil_staffroll_l.xml#11575,藤野　健,藤野 健,translated,text,c8f847de19,br=0 nl=0,
ui/ui/staffroll/uil_staffroll_l.xml#11636,(千住工房),(千住工房),translated,text,72db564c31,br=0 nl=0,
ui/ui/staffroll/uil_staffroll_l.xml#11699,ムービー制作,影像制作,translated,text,76380644cd,br=0 nl=0,
ui/ui/staffroll/uil_staffroll_l.xml#11763,演出,演出,translated,text,7084a5c4b4,br=0 nl=0,
ui/ui/staffroll/uil_staffroll_l.xml#11819,蜂屋　雅幸,蜂屋 雅幸,translated,text,bacd8a88e9,br=0 nl=0,
ui/ui/staffroll/uil_staffroll_l.xml#11881,制作協力,制作协力,translated,text,06c1dc4d63,br=0 nl=0,
ui/ui/staffroll/uil_staffroll_l.xml#12000,背景,背景,translated,text,b13d33a528,br=0 nl=0,
ui/ui/staffroll/uil_staffroll_l.xml#12056,藤野　健,藤野 健,translated,text,c8f847de19,br=0 nl=0,
ui/ui/staffroll/uil_staffroll_l.xml#12117,(千住工房),(千住工房),translated,text,72db564c31,br=0 nl=0,
ui/ui/staffroll/uil_staffroll_l.xml#12236,蜂屋　雅幸,蜂屋 雅幸,translated,text,bacd8a88e9,br=0 nl=0,
ui/ui/staffroll/uil_staffroll_l.xml#12298,嘉藤　公紀,嘉藤 公纪,translated,text,b11bc7bcd0,br=0 nl=0,
ui/ui/staffroll/uil_staffroll_l.xml#12360,デザイン・グラフィック,设计・平面,translated,text,9c670269cd,br=0 nl=0,
ui/ui/staffroll/uil_staffroll_l.xml#12425,村澤　晴海,村泽 晴海,translated,text,ccc3eb0e5b,br=0 nl=0,
ui/ui/staffroll/uil_staffroll_l.xml#12487,目黒　久美子,目黑 久美子,translated,text,e42a1e5bcf,br=0 nl=0,
ui/ui/staffroll/uil_staffroll_l.xml#12550,制作進行管理,制作进度管理,translated,text,fce087be8d,br=0 nl=0,
ui/ui/staffroll/uil_staffroll_l.xml#12610,高橋　真,高桥 真,translated,text,0418a4adc3,br=0 nl=0,
ui/ui/staffroll/uil_staffroll_l.xml#12671,キャラクターアニメーション,角色动画,translated,text,6245f96f88,br=0 nl=0,
ui/ui/staffroll/uil_staffroll_l.xml#12738,山口　力哉,山口 力哉,translated,text,9db200242b,br=0 nl=0,
ui/ui/staffroll/uil_staffroll_l.xml#12800,大法要祝詞,大法要祝词,translated,text,de34d54786,br=0 nl=0,
ui/ui/staffroll/uil_staffroll_l.xml#12863,協力,协力,translated,text,1a054b3135,br=0 nl=0,
ui/ui/staffroll/uil_staffroll_l.xml#12988,バックグラウンドミュージック,背景音乐,translated,text,a5e60b8440,br=0 nl=0,
ui/ui/staffroll/uil_staffroll_l.xml#13060,コンポーザー,作曲家,translated,text,259843924f,br=0 nl=0,
ui/ui/staffroll/uil_staffroll_l.xml#13120,志方　あきこ,志方 晶子,translated,text,05f122732c,br=0 nl=0,
ui/ui/staffroll/uil_staffroll_l.xml#13389,音響,音效,translated,text,a94ecabc3c,br=0 nl=0,
ui/ui/staffroll/uil_staffroll_l.xml#13449,音響監督,音效总监,translated,text,e4bfb6b35d,br=0 nl=0,
ui/ui/staffroll/uil_staffroll_l.xml#13507,納谷　僚介,纳谷 僚介,translated,text,d0a88d7501,br=0 nl=0,
ui/ui/staffroll/uil_staffroll_l.xml#13569,録音調整,录音调整,translated,text,bdaaaa1218,br=0 nl=0,
ui/ui/staffroll/uil_staffroll_l.xml#13627,田中　直也,田中 直也,translated,text,a61c475fb5,br=0 nl=0,
ui/ui/staffroll/uil_staffroll_l.xml#13689,録音助手,录音助手,translated,text,2cd5fceb80,br=0 nl=0,
ui/ui/staffroll/uil_staffroll_l.xml#13747,三田　颯,三田 飒,translated,text,36385611f0,br=0 nl=0,
ui/ui/staffroll/uil_staffroll_l.xml#13808,道下　彩,道下 彩,translated,text,d5f8dc474d,br=0 nl=0,
ui/ui/staffroll/uil_staffroll_l.xml#13869,宮林　良太,宫林 良太,translated,text,0f70c3cd9a,br=0 nl=0,
ui/ui/staffroll/uil_staffroll_l.xml#13931,音響制作,音效制作,translated,text,3ba07c72e1,br=0 nl=0,
ui/ui/staffroll/uil_staffroll_l.xml#14058,音声編集,音频编辑,translated,text,e38d80f3d6,br=0 nl=0,
ui/ui/staffroll/uil_staffroll_l.xml#14120,株式会社ブレイブハーツ,株式会社Brave Hearts,translated,text,e92fbd661d,br=0 nl=0,
ui/ui/staffroll/uil_staffroll_l.xml#14188,デバッグ,调试,translated,text,93640dad3a,br=0 nl=0,
ui/ui/staffroll/uil_staffroll_l.xml#14250,ポールトゥウィン株式会社,株式会社Pole To Win,translated,text,cda47e17fb,br=0 nl=0,
ui/ui/staffroll/uil_staffroll_l.xml#14319,三田村　理史,三田村 理史,translated,text,471a7652f7,br=0 nl=0,
ui/ui/staffroll/uil_staffroll_l.xml#14382,山崎　乙,山崎 乙,translated,text,8f70623b22,br=0 nl=0,
ui/ui/staffroll/uil_staffroll_l.xml#14443,牧　睦美,牧 睦美,translated,text,36499eaf9d,br=0 nl=0,
ui/ui/staffroll/uil_staffroll_l.xml#14504,木村　知生,木村 知生,translated,text,f4f07268a4,br=0 nl=0,
ui/ui/staffroll/uil_staffroll_l.xml#14566,宮下　廣大,宫下 广大,translated,text,4c64af3cd0,br=0 nl=0,
ui/ui/staffroll/uil_staffroll_l.xml#14628,【シェルノサージュ・ゲームパート】,【Ciel nosurge游戏部分】,translated,text,9248244bef,br=0 nl=0,
ui/ui/staffroll/uil_staffroll_l.xml#14703,ワールドイラスト,世界插画,translated,text,5cd301b8d2,br=0 nl=0,
ui/ui/staffroll/uil_staffroll_l.xml#14769,松本　秀幸,松本 秀幸,translated,text,cac6e320dc,br=0 nl=0,
ui/ui/staffroll/uil_staffroll_l.xml#14831,加藤　たいら,加藤 泰良,translated,text,06ffb04cd0,br=0 nl=0,
ui/ui/staffroll/uil_staffroll_l.xml#14894,株式会社千住工房,株式会社千住工房,translated,text,3de756af57,br=0 nl=0,
ui/ui/staffroll/uil_staffroll_l.xml#14959,杉本　あゆみ,杉本 亚由美,translated,text,0cc43ca50f,br=0 nl=0,
ui/ui/staffroll/uil_staffroll_l.xml#15022,小林　雅代,小林 雅代,translated,text,b0113f997a,br=0 nl=0,
ui/ui/staffroll/uil_staffroll_l.xml#15084,藤野　健,藤野 健,translated,text,c8f847de19,br=0 nl=0,
ui/ui/staffroll/uil_staffroll_l.xml#15145,山梨　彩子,山梨 彩子,translated,text,b952ec77ac,br=0 nl=0,
ui/ui/staffroll/uil_staffroll_l.xml#15207,株式会社ロジスティックス,株式会社Logistics,translated,text,8ec59442f3,br=0 nl=0,
ui/ui/staffroll/uil_staffroll_l.xml#15276,チーム・ティルドーン,Team TillDawn,translated,text,20dce76a53,br=0 nl=0,
ui/ui/staffroll/uil_staffroll_l.xml#15340,宮越　歩,宫越 步,translated,text,fe37f2f67e,br=0 nl=0,
ui/ui/staffroll/uil_staffroll_l.xml#15401,川松　由典,川松 由典,translated,text,654827f5ab,br=0 nl=0,
ui/ui/staffroll/uil_staffroll_l.xml#15463,シナリオライターセクション,编剧部门,translated,text,a1348aacfb,br=0 nl=0,
ui/ui/staffroll/uil_staffroll_l.xml#15534,夢セカイパート,梦世界部分,translated,text,aea66df668,br=0 nl=0,
ui/ui/staffroll/uil_staffroll_l.xml#15598,脚本,剧本,translated,text,7fbccbeb8a,br=0 nl=0,
ui/ui/staffroll/uil_staffroll_l.xml#15654,谷村　大四郎,谷村 大四郎,translated,text,40c336b78f,br=0 nl=0,
ui/ui/staffroll/uil_staffroll_l.xml#15786,花野　十三 ,花野 十三,translated,text,ec9f16e629,br=0 nl=0,
ui/ui/staffroll/uil_staffroll_l.xml#15911,和泉　亮 ,和泉 亮,translated,text,64981930da,br=0 nl=0,
ui/ui/staffroll/uil_staffroll_l.xml#16036,デザイナーズセクション,设计师部门,translated,text,4ec447bf85,br=0 nl=0,
ui/ui/staffroll/uil_staffroll_l.xml#16105,アイテムCG作成,道具CG制作,translated,text,4959dedafc,br=0 nl=0,
ui/ui/staffroll/uil_staffroll_l.xml#16167,小瀬　希,小濑 希,translated,text,31c8eb4891,br=0 nl=0,
ui/ui/staffroll/uil_staffroll_l.xml#16228,プログラマーズセクション,程序员部门,translated,text,44c735ef17,br=0 nl=0,
ui/ui/staffroll/uil_staffroll_l.xml#16298,【オフライン版制作】,【单机版制作】,translated,text,03d64cac73,br=0 nl=0,
ui/ui/staffroll/uil_staffroll_l.xml#16365,株式会社メテオライズ,株式会社Meteorise,translated,text,61cde65511,br=0 nl=0,
ui/ui/staffroll/uil_staffroll_l.xml#16432,デベロップメントマネージャー,开发经理,translated,text,a3540a5b0b,br=0 nl=0,
ui/ui/staffroll/uil_staffroll_l.xml#16500,渡邉　幸二,渡边 幸二,translated,text,a836876d7e,br=0 nl=0,
ui/ui/staffroll/uil_staffroll_l.xml#16562,リードプログラマー,主程序员,translated,text,9229f02856,br=0 nl=0,
ui/ui/staffroll/uil_staffroll_l.xml#16625,山本　哲也,山本 哲也,translated,text,3f4c63e01f,br=0 nl=0,
ui/ui/staffroll/uil_staffroll_l.xml#16687,新井　朗,新井 朗,translated,text,90f9b443bf,br=0 nl=0,
ui/ui/staffroll/uil_staffroll_l.xml#16748,井出　純平,井出 纯平,translated,text,539eef3cdb,br=0 nl=0,
ui/ui/staffroll/uil_staffroll_l.xml#16810,堀川　雄大,堀川 雄大,translated,text,0427e75ecf,br=0 nl=0,
ui/ui/staffroll/uil_staffroll_l.xml#16872,株式会社メテオライズ,株式会社Meteorise,translated,text,61cde65511,br=0 nl=0,
ui/ui/staffroll/uil_staffroll_l.xml#16939,HTTP ネットワーク モジュール,HTTP网络模块,translated,text,700b00a437,br=0 nl=0,
ui/ui/staffroll/uil_staffroll_l.xml#17010,渡邉　幸二,渡边 幸二,translated,text,a836876d7e,br=0 nl=0,
ui/ui/staffroll/uil_staffroll_l.xml#17072,シャール システム,夏尔系统,translated,text,3000840e0e,br=0 nl=0,
ui/ui/staffroll/uil_staffroll_l.xml#17135,山本　哲也,山本 哲也,translated,text,3f4c63e01f,br=0 nl=0,
ui/ui/staffroll/uil_staffroll_l.xml#17197,株式会社エクストリーム,株式会社Extreme,translated,text,98c9f61cf3,br=0 nl=0,
ui/ui/staffroll/uil_staffroll_l.xml#17265,プログラムサポート,程序支援,translated,text,26d10aad29,br=0 nl=0,
ui/ui/staffroll/uil_staffroll_l.xml#17328,加津間　聡,加津间 聪,translated,text,0781ac921c,br=0 nl=0,
ui/ui/staffroll/uil_staffroll_l.xml#17390,青木　一也,青木 一也,translated,text,c83b05964d,br=0 nl=0,
ui/ui/staffroll/uil_staffroll_l.xml#17452,ネットワークセクション,网络部门,translated,text,4e67a84cd1,br=0 nl=0,
ui/ui/staffroll/uil_staffroll_l.xml#17591,ウェブエンジニア,网页工程师,translated,text,6cb6815dad,br=0 nl=0,
ui/ui/staffroll/uil_staffroll_l.xml#17653,三島　功,三岛 功,translated,text,5b8e07376e,br=0 nl=0,
ui/ui/staffroll/uil_staffroll_l.xml#17714,(株)wizgeek,(株)wizgeek,translated,text,cd5a3764f1,br=0 nl=0,
ui/ui/staffroll/uil_staffroll_l.xml#17781,ウェブオペレーション,网页运维,translated,text,0299d42ed3,br=0 nl=0,
ui/ui/staffroll/uil_staffroll_l.xml#17845,仲田　享司,仲田 享司,translated,text,2a82ae3f5e,br=0 nl=0,
ui/ui/staffroll/uil_staffroll_l.xml#17907,３Ｄモデル＆モーション,3D模型与动作,translated,text,cfca7f34e9,br=0 nl=0,
ui/ui/staffroll/uil_staffroll_l.xml#17976,株式会社FlightUNIT,株式会社FlightUNIT,translated,text,1da69201f4,br=0 nl=0,
ui/ui/staffroll/uil_staffroll_l.xml#18047,アートディレクター,艺术总监,translated,text,c34e651c44,br=0 nl=0,
ui/ui/staffroll/uil_staffroll_l.xml#18171,メイン3Dモデリング,主3D建模,translated,text,7a817aa640,br=0 nl=0,
ui/ui/staffroll/uil_staffroll_l.xml#18296,3Dモデリング,3D建模,translated,text,a9229cb55f,br=0 nl=0,
ui/ui/staffroll/uil_staffroll_l.xml#18357,川松　由典,川松 由典,translated,text,654827f5ab,br=0 nl=0,
ui/ui/staffroll/uil_staffroll_l.xml#18419,桑田　まり子,桑田 真理子,translated,text,9a7ef2f3de,br=0 nl=0,
ui/ui/staffroll/uil_staffroll_l.xml#18482,燕藤　ユウ,燕藤 悠,translated,text,8c84789206,br=0 nl=0,
ui/ui/staffroll/uil_staffroll_l.xml#18544,ワールドモデリング,世界建模,translated,text,8443ae1813,br=0 nl=0,
ui/ui/staffroll/uil_staffroll_l.xml#18607,川松　由典,川松 由典,translated,text,654827f5ab,br=0 nl=0,
ui/ui/staffroll/uil_staffroll_l.xml#18669,大坪　俊介,大坪 俊介,translated,text,e4a7f6282a,br=0 nl=0,
ui/ui/staffroll/uil_staffroll_l.xml#18731,桑田　まり子,桑田 真理子,translated,text,9a7ef2f3de,br=0 nl=0,
ui/ui/staffroll/uil_staffroll_l.xml#18794,シャールデザイン,夏尔设计,translated,text,9d9cefacba,br=0 nl=0,
ui/ui/staffroll/uil_staffroll_l.xml#18917,川松　由典,川松 由典,translated,text,654827f5ab,br=0 nl=0,
ui/ui/staffroll/uil_staffroll_l.xml#18979,シャールモデリング,夏尔建模,translated,text,9e768da080,br=0 nl=0,
ui/ui/staffroll/uil_staffroll_l.xml#19042,川松　由典,川松 由典,translated,text,654827f5ab,br=0 nl=0,
ui/ui/staffroll/uil_staffroll_l.xml#19104,高橋　聖,高桥 圣,translated,text,dfbf0ca1c6,br=0 nl=0,
ui/ui/staffroll/uil_staffroll_l.xml#19165,桑田　まり子,桑田 真理子,translated,text,9a7ef2f3de,br=0 nl=0,
ui/ui/staffroll/uil_staffroll_l.xml#19228,メインアニメーター,主动画师,translated,text,4a9646d5bb,br=0 nl=0,
ui/ui/staffroll/uil_staffroll_l.xml#19291,山口　力哉,山口 力哉,translated,text,9db200242b,br=0 nl=0,
ui/ui/staffroll/uil_staffroll_l.xml#19353,キャラクターアニメーション,角色动画,translated,text,6245f96f88,br=0 nl=0,
ui/ui/staffroll/uil_staffroll_l.xml#19420,矢戸　恵,矢户 惠,translated,text,98bd1a2e46,br=0 nl=0,
ui/ui/staffroll/uil_staffroll_l.xml#19542,イベントプログラム,事件程序,translated,text,45c20cb56a,br=0 nl=0,
ui/ui/staffroll/uil_staffroll_l.xml#19605,乱道,乱道,translated,text,afcfc8f99b,br=0 nl=0,
ui/ui/staffroll/uil_staffroll_l.xml#19664,テクニカルエンジニア,技术工程师,translated,text,1f8b0ef79d,br=0 nl=0,
ui/ui/staffroll/uil_staffroll_l.xml#19728,乱道,乱道,translated,text,afcfc8f99b,br=0 nl=0,
ui/ui/staffroll/uil_staffroll_l.xml#19787,大坪　俊介,大坪 俊介,translated,text,e4a7f6282a,br=0 nl=0,
ui/ui/staffroll/uil_staffroll_l.xml#19849,キャラクターセットアップ,角色装配,translated,text,2d9c1a161a,br=0 nl=0,
ui/ui/staffroll/uil_staffroll_l.xml#19915,大坪　俊介,大坪 俊介,translated,text,e4a7f6282a,br=0 nl=0,
ui/ui/staffroll/uil_staffroll_l.xml#19977,矢戸　恵,矢户 惠,translated,text,98bd1a2e46,br=0 nl=0,
ui/ui/staffroll/uil_staffroll_l.xml#20038,インターフェイスデザイン,界面设计,translated,text,8fe4dab4e8,br=0 nl=0,
ui/ui/staffroll/uil_staffroll_l.xml#20165,桑田　まり子,桑田 真理子,translated,text,9a7ef2f3de,br=0 nl=0,
ui/ui/staffroll/uil_staffroll_l.xml#20228,マネジメント,管理,translated,text,644f6dd8a3,br=0 nl=0,
ui/ui/staffroll/uil_staffroll_l.xml#20288,松本　浩幸,松本 浩幸,translated,text,31c3a3098b,br=0 nl=0,
ui/ui/staffroll/uil_staffroll_l.xml#20350,オープニングムービー,片头影像,translated,text,bddc00b466,br=0 nl=0,
ui/ui/staffroll/uil_staffroll_l.xml#20418,絵コンテ・演出,分镜・演出,translated,text,c1285163f7,br=0 nl=0,
ui/ui/staffroll/uil_staffroll_l.xml#20540,ディレクター　,总监,translated,text,135e67823a,br=0 nl=0,
ui/ui/staffroll/uil_staffroll_l.xml#20601,嘉藤　公紀,嘉藤 公纪,translated,text,b11bc7bcd0,br=0 nl=0,
ui/ui/staffroll/uil_staffroll_l.xml#20719,浅尾　憲治,浅尾 宪治,translated,text,6bc5e803d3,br=0 nl=0,
ui/ui/staffroll/uil_staffroll_l.xml#20781,蜂屋　雅幸,蜂屋 雅幸,translated,text,bacd8a88e9,br=0 nl=0,
ui/ui/staffroll/uil_staffroll_l.xml#20843,森中　亮,森中 亮,translated,text,d2b56e5d7c,br=0 nl=0,
ui/ui/staffroll/uil_staffroll_l.xml#20904,製作,制作,translated,text,53c6bc4ef7,br=0 nl=0,
ui/ui/staffroll/uil_staffroll_l.xml#20960,ポイント・ピクチャーズ,Point Pictures,translated,text,4b9cc20967,br=0 nl=0,
ui/ui/staffroll/uil_staffroll_l.xml#21028,プロモーションムービー,宣传影像,translated,text,375c066366,br=0 nl=0,
ui/ui/staffroll/uil_staffroll_l.xml#21097,ディレクター　,总监,translated,text,135e67823a,br=0 nl=0,
ui/ui/staffroll/uil_staffroll_l.xml#21158,浅尾　憲治,浅尾 宪治,translated,text,6bc5e803d3,br=0 nl=0,
ui/ui/staffroll/uil_staffroll_l.xml#21276,森　進二郞,森 进二郎,translated,text,564356e8ac,br=0 nl=0,
ui/ui/staffroll/uil_staffroll_l.xml#21338,村澤　晴海,村泽 晴海,translated,text,ccc3eb0e5b,br=0 nl=0,
ui/ui/staffroll/uil_staffroll_l.xml#21400,大塚　竹男,大冢 竹男,translated,text,ac5a7c666f,br=0 nl=0,
ui/ui/staffroll/uil_staffroll_l.xml#21462,製作,制作,translated,text,53c6bc4ef7,br=0 nl=0,
ui/ui/staffroll/uil_staffroll_l.xml#21518,ポイント・ピクチャーズ,Point Pictures,translated,text,4b9cc20967,br=0 nl=0,
ui/ui/staffroll/uil_staffroll_l.xml#21586,詩ムービー,诗歌影像,translated,text,03e84567a7,br=0 nl=0,
ui/ui/staffroll/uil_staffroll_l.xml#21649,ディレクター,总监,translated,text,074ca740ff,br=0 nl=0,
ui/ui/staffroll/uil_staffroll_l.xml#21709,絵コンテ・演出,分镜・演出,translated,text,c1285163f7,br=0 nl=0,
ui/ui/staffroll/uil_staffroll_l.xml#21831,キャラクターアニメーション,角色动画,translated,text,6245f96f88,br=0 nl=0,
ui/ui/staffroll/uil_staffroll_l.xml#21959,山口　力哉,山口 力哉,translated,text,9db200242b,br=0 nl=0,
ui/ui/staffroll/uil_staffroll_l.xml#22021,嘉藤　公紀,嘉藤 公纪,translated,text,b11bc7bcd0,br=0 nl=0,
ui/ui/staffroll/uil_staffroll_l.xml#22152,ジェノミライムービー,杰诺米莱伊影像,translated,text,f6e7d2fd93,br=0 nl=0,
ui/ui/staffroll/uil_staffroll_l.xml#22220,制作,制作,translated,text,7d394484ec,br=0 nl=0,
ui/ui/staffroll/uil_staffroll_l.xml#22337,バックグラウンドミュージック,背景音乐,translated,text,a5e60b8440,br=0 nl=0,
ui/ui/staffroll/uil_staffroll_l.xml#22409,ミュージックディレクター,音乐总监,translated,text,d43c0fd3f4,br=0 nl=0,
ui/ui/staffroll/uil_staffroll_l.xml#22475,志方　あきこ,志方 晶子,translated,text,05f122732c,br=0 nl=0,
ui/ui/staffroll/uil_staffroll_l.xml#22538,コンポーザー,作曲家,translated,text,259843924f,br=0 nl=0,
ui/ui/staffroll/uil_staffroll_l.xml#22598,志方　あきこ,志方 晶子,translated,text,05f122732c,br=0 nl=0,
ui/ui/staffroll/uil_staffroll_l.xml#22867,アコースティックギター,原声吉他,translated,text,a7abba5538,br=0 nl=0,
ui/ui/staffroll/uil_staffroll_l.xml#22933,吉田　穣,吉田 穰,translated,text,c4ff906d3c,br=0 nl=0,
ui/ui/staffroll/uil_staffroll_l.xml#22995,エレキギター,电吉他,translated,text,1fa9044665,br=0 nl=0,
ui/ui/staffroll/uil_staffroll_l.xml#23056,吉田　穣,吉田 穰,translated,text,c4ff906d3c,br=0 nl=0,
ui/ui/staffroll/uil_staffroll_l.xml#23118,シタール,锡塔尔琴,translated,text,8f25ffe37e,br=0 nl=0,
ui/ui/staffroll/uil_staffroll_l.xml#23177,吉田　穣,吉田 穰,translated,text,c4ff906d3c,br=0 nl=0,
ui/ui/staffroll/uil_staffroll_l.xml#23239,ヴァイオリン,小提琴,translated,text,668c16f747,br=0 nl=0,
ui/ui/staffroll/uil_staffroll_l.xml#23300,大貫　聖子,大贯 圣子,translated,text,3869a50f95,br=0 nl=0,
ui/ui/staffroll/uil_staffroll_l.xml#23363,音響,音效,translated,text,a94ecabc3c,br=0 nl=0,
ui/ui/staffroll/uil_staffroll_l.xml#23424,音響監督,音效总监,translated,text,e4bfb6b35d,br=0 nl=0,
ui/ui/staffroll/uil_staffroll_l.xml#23483,納谷　僚介,纳谷 僚介,translated,text,d0a88d7501,br=0 nl=0,
ui/ui/staffroll/uil_staffroll_l.xml#23546,録音調整,录音调整,translated,text,bdaaaa1218,br=0 nl=0,
ui/ui/staffroll/uil_staffroll_l.xml#23605,田中　直也,田中 直也,translated,text,a61c475fb5,br=0 nl=0,
ui/ui/staffroll/uil_staffroll_l.xml#23668,録音助手,录音助手,translated,text,2cd5fceb80,br=0 nl=0,
ui/ui/staffroll/uil_staffroll_l.xml#23727,三田　颯,三田 飒,translated,text,36385611f0,br=0 nl=0,
ui/ui/staffroll/uil_staffroll_l.xml#23789,道下　彩,道下 彩,translated,text,d5f8dc474d,br=0 nl=0,
ui/ui/staffroll/uil_staffroll_l.xml#23851,音響制作,音效制作,translated,text,3ba07c72e1,br=0 nl=0,
ui/ui/staffroll/uil_staffroll_l.xml#23980,技術協力,技术协力,translated,text,09ac8b241a,br=0 nl=0,
ui/ui/staffroll/uil_staffroll_l.xml#24043,株式会社ＣＲＩ・ミドルウェア,株式会社CRI Middleware,translated,text,ddfc365935,br=0 nl=0,
ui/ui/staffroll/uil_staffroll_l.xml#24115,代表取締役専務ＣＴＯ,执行董事专务CTO,translated,text,e027789a7b,br=0 nl=0,
ui/ui/staffroll/uil_staffroll_l.xml#24180,押見　正雄,押见 正雄,translated,text,bb3d517d8c,br=0 nl=0,
ui/ui/staffroll/uil_staffroll_l.xml#24306,佐藤　修,佐藤 修,translated,text,8d20a19056,br=0 nl=0,
ui/ui/staffroll/uil_staffroll_l.xml#24368,鈴木　成門,铃木 成门,translated,text,151d8ce7cd,br=0 nl=0,
ui/ui/staffroll/uil_staffroll_l.xml#24431,郷原　亮,乡原 亮,translated,text,edafc04a4c,br=0 nl=0,
ui/ui/staffroll/uil_staffroll_l.xml#24493,水津　達也,水津 达也,translated,text,1b6339ac0a,br=0 nl=0,
ui/ui/staffroll/uil_staffroll_l.xml#24556,田中　孝,田中 孝,translated,text,6a01522493,br=0 nl=0,
ui/ui/staffroll/uil_staffroll_l.xml#24618,薄　　亮,薄 亮,translated,text,9be14828cf,br=0 nl=0,
ui/ui/staffroll/uil_staffroll_l.xml#24680,及川　進,及川 进,translated,text,564af3d63f,br=0 nl=0,
ui/ui/staffroll/uil_staffroll_l.xml#24808,漆畑　祐介,漆畑 佑介,translated,text,7b38215b37,br=0 nl=0,
ui/ui/staffroll/uil_staffroll_l.xml#24871,櫻井　敦史,樱井 敦史,translated,text,56fb1b2ef2,br=0 nl=0,
ui/ui/staffroll/uil_staffroll_l.xml#24996,花房　宏通,花房 宏通,translated,text,b03c5ceac2,br=0 nl=0,
ui/ui/staffroll/uil_staffroll_l.xml#25059,太田　政美,太田 政美,translated,text,84c8d1255b,br=0 nl=0,
ui/ui/staffroll/uil_staffroll_l.xml#25122,渡辺　大輔,渡边 大辅,translated,text,e1ba1468a3,br=0 nl=0,
ui/ui/staffroll/uil_staffroll_l.xml#25253,佐藤　修,佐藤 修,translated,text,8d20a19056,br=0 nl=0,
ui/ui/staffroll/uil_staffroll_l.xml#25315,デバッグ,调试,translated,text,93640dad3a,br=0 nl=0,
ui/ui/staffroll/uil_staffroll_l.xml#25378,ポールトゥウィン株式会社,株式会社Pole To Win,translated,text,cda47e17fb,br=0 nl=0,
ui/ui/staffroll/uil_staffroll_l.xml#25448,三田村 理史,三田村 理史,translated,text,77e158e1ae,br=0 nl=0,
ui/ui/staffroll/uil_staffroll_l.xml#25512,浅田　卓,浅田 卓,translated,text,adcb96dc81,br=0 nl=0,
ui/ui/staffroll/uil_staffroll_l.xml#25574,山崎　乙,山崎 乙,translated,text,8f70623b22,br=0 nl=0,
ui/ui/staffroll/uil_staffroll_l.xml#25636,大井 勇生,大井 勇生,translated,text,fcdda02341,br=0 nl=0,
ui/ui/staffroll/uil_staffroll_l.xml#25699,牧　睦美,牧 睦美,translated,text,36499eaf9d,br=0 nl=0,
ui/ui/staffroll/uil_staffroll_l.xml#25761,木村　知生,木村 知生,translated,text,f4f07268a4,br=0 nl=0,
ui/ui/staffroll/uil_staffroll_l.xml#25824,宮下　廣大,宫下 广大,translated,text,4c64af3cd0,br=0 nl=0,
ui/ui/staffroll/uil_staffroll_l.xml#25887,柴田　裕司,柴田 裕司,translated,text,13fa6f22df,br=0 nl=0,
ui/ui/staffroll/uil_staffroll_l.xml#25950,西原　正洋,西原 正洋,translated,text,1aa88db9f1,br=0 nl=0,
ui/ui/staffroll/uil_staffroll_l.xml#26013,高田　陽介,高田 阳介,translated,text,ec9fea6efa,br=0 nl=0,
ui/ui/staffroll/uil_staffroll_l.xml#26076,澤田　哲也,泽田 哲也,translated,text,bc595385ac,br=0 nl=0,
ui/ui/staffroll/uil_staffroll_l.xml#26139,渡邊　さや,渡边 沙耶,translated,text,a3fb83c85e,br=0 nl=0,
ui/ui/staffroll/uil_staffroll_l.xml#26202,山谷　武,山谷 武,translated,text,254588c758,br=0 nl=0,
ui/ui/staffroll/uil_staffroll_l.xml#26264,小川　早苗,小川 早苗,translated,text,116301b38a,br=0 nl=0,
ui/ui/staffroll/uil_staffroll_l.xml#26327,村川　雄一郎,村川 雄一郎,translated,text,93fd06889d,br=0 nl=0,
ui/ui/staffroll/uil_staffroll_l.xml#26391,挿入歌,插曲,translated,text,43505f0b2e,br=0 nl=0,
ui/ui/staffroll/uil_staffroll_l.xml#26453,#00『謳無き丘へ～Introduce Ver.～』,#00‘致无鸣之丘～Introduce Ver.～’,translated,text,abf88f0aa3,br=0 nl=0,src-longest-line=26
ui/ui/staffroll/uil_staffroll_l.xml#26537,ヴォーカル,主唱,translated,text,a9d22c4f25,br=0 nl=0,
ui/ui/staffroll/uil_staffroll_l.xml#26597,志方　あきこ,志方 晶子,translated,text,05f122732c,br=0 nl=0,
ui/ui/staffroll/uil_staffroll_l.xml#26661,コーラス,和声,translated,text,e6f23f00bd,br=0 nl=0,
ui/ui/staffroll/uil_staffroll_l.xml#26720,志方　あきこ,志方 晶子,translated,text,05f122732c,br=0 nl=0,
ui/ui/staffroll/uil_staffroll_l.xml#26784,作詞,作词,translated,text,37dd0a71d2,br=0 nl=0,
ui/ui/staffroll/uil_staffroll_l.xml#26841,土屋　暁,土屋 晓,translated,text,21998e95cc,br=0 nl=0,
ui/ui/staffroll/uil_staffroll_l.xml#26903,作曲,作曲,translated,text,779e678323,br=0 nl=0,
ui/ui/staffroll/uil_staffroll_l.xml#26960,土屋　暁,土屋 晓,translated,text,21998e95cc,br=0 nl=0,
ui/ui/staffroll/uil_staffroll_l.xml#27022,編曲,编曲,translated,text,0d9b094937,br=0 nl=0,
ui/ui/staffroll/uil_staffroll_l.xml#27079,志方　あきこ,志方 晶子,translated,text,05f122732c,br=0 nl=0,
ui/ui/staffroll/uil_staffroll_l.xml#27143,アコースティックギター,原声吉他,translated,text,a7abba5538,br=0 nl=0,
ui/ui/staffroll/uil_staffroll_l.xml#27209,田代　耕一郎,田代 耕一郎,translated,text,2b32bdbfd2,br=0 nl=0,
ui/ui/staffroll/uil_staffroll_l.xml#27273,アイリッシュブズーキー,爱尔兰布祖基琴,translated,text,d1c4382eb2,br=0 nl=0,
ui/ui/staffroll/uil_staffroll_l.xml#27339,田代　耕一郎,田代 耕一郎,translated,text,2b32bdbfd2,br=0 nl=0,
ui/ui/staffroll/uil_staffroll_l.xml#27478,ヴォーカル,主唱,translated,text,a9d22c4f25,br=0 nl=0,
ui/ui/staffroll/uil_staffroll_l.xml#27538,志方　あきこ,志方 晶子,translated,text,05f122732c,br=0 nl=0,
ui/ui/staffroll/uil_staffroll_l.xml#27602,コーラス,和声,translated,text,e6f23f00bd,br=0 nl=0,
ui/ui/staffroll/uil_staffroll_l.xml#27661,志方　あきこ,志方 晶子,translated,text,05f122732c,br=0 nl=0,
ui/ui/staffroll/uil_staffroll_l.xml#27725,作詞,作词,translated,text,37dd0a71d2,br=0 nl=0,
ui/ui/staffroll/uil_staffroll_l.xml#27782,志方　あきこ,志方 晶子,translated,text,05f122732c,br=0 nl=0,
ui/ui/staffroll/uil_staffroll_l.xml#27846,作曲,作曲,translated,text,779e678323,br=0 nl=0,
ui/ui/staffroll/uil_staffroll_l.xml#27903,志方　あきこ,志方 晶子,translated,text,05f122732c,br=0 nl=0,
ui/ui/staffroll/uil_staffroll_l.xml#27967,編曲,编曲,translated,text,0d9b094937,br=0 nl=0,
ui/ui/staffroll/uil_staffroll_l.xml#28024,志方　あきこ,志方 晶子,translated,text,05f122732c,br=0 nl=0,
ui/ui/staffroll/uil_staffroll_l.xml#28088,アコースティックギター,原声吉他,translated,text,a7abba5538,br=0 nl=0,
ui/ui/staffroll/uil_staffroll_l.xml#28154,田代　耕一郎,田代 耕一郎,translated,text,2b32bdbfd2,br=0 nl=0,
ui/ui/staffroll/uil_staffroll_l.xml#28218,カンテレ,康特勒琴,translated,text,99e23b542c,br=0 nl=0,
ui/ui/staffroll/uil_staffroll_l.xml#28277,田代　耕一郎,田代 耕一郎,translated,text,2b32bdbfd2,br=0 nl=0,
ui/ui/staffroll/uil_staffroll_l.xml#28341,パーカッション,打击乐,translated,text,b5c517e01d,br=0 nl=0,
ui/ui/staffroll/uil_staffroll_l.xml#28403,大石　真理恵,大石 真理惠,translated,text,59c84c61d6,br=0 nl=0,
ui/ui/staffroll/uil_staffroll_l.xml#28467,筝,筝,translated,text,e09f68108a,br=0 nl=0,
ui/ui/staffroll/uil_staffroll_l.xml#28523,中垣　雅葉,中垣 雅叶,translated,text,ec00152ffc,br=0 nl=0,
ui/ui/staffroll/uil_staffroll_l.xml#28586,#02『天地咆吼』,#02‘天地咆哮’,translated,text,54b41e4730,br=0 nl=0,
ui/ui/staffroll/uil_staffroll_l.xml#28653,ヴォーカル,主唱,translated,text,a9d22c4f25,br=0 nl=0,
ui/ui/staffroll/uil_staffroll_l.xml#28713,城　南海,城 南海,translated,text,0326f175b4,br=0 nl=0,
ui/ui/staffroll/uil_staffroll_l.xml#28775,コーラス,和声,translated,text,e6f23f00bd,br=0 nl=0,
ui/ui/staffroll/uil_staffroll_l.xml#28834,城　南海,城 南海,translated,text,0326f175b4,br=0 nl=0,
ui/ui/staffroll/uil_staffroll_l.xml#28896,作詞,作词,translated,text,37dd0a71d2,br=0 nl=0,
ui/ui/staffroll/uil_staffroll_l.xml#28953,志方　あきこ,志方 晶子,translated,text,05f122732c,br=0 nl=0,
ui/ui/staffroll/uil_staffroll_l.xml#29017,作曲,作曲,translated,text,779e678323,br=0 nl=0,
ui/ui/staffroll/uil_staffroll_l.xml#29074,志方　あきこ,志方 晶子,translated,text,05f122732c,br=0 nl=0,
ui/ui/staffroll/uil_staffroll_l.xml#29138,編曲,编曲,translated,text,0d9b094937,br=0 nl=0,
ui/ui/staffroll/uil_staffroll_l.xml#29195,志方　あきこ,志方 晶子,translated,text,05f122732c,br=0 nl=0,
ui/ui/staffroll/uil_staffroll_l.xml#29259,アコースティックギター,原声吉他,translated,text,a7abba5538,br=0 nl=0,
ui/ui/staffroll/uil_staffroll_l.xml#29325,田代　耕一郎,田代 耕一郎,translated,text,2b32bdbfd2,br=0 nl=0,
ui/ui/staffroll/uil_staffroll_l.xml#29389,ヴァイオリン,小提琴,translated,text,668c16f747,br=0 nl=0,
ui/ui/staffroll/uil_staffroll_l.xml#29450,大貫　聖子,大贯 圣子,translated,text,3869a50f95,br=0 nl=0,
ui/ui/staffroll/uil_staffroll_l.xml#29513,ピアノ,钢琴,translated,text,64c0241201,br=0 nl=0,
ui/ui/staffroll/uil_staffroll_l.xml#29571,田中　さとこ,田中 聪子,translated,text,67b0c32b37,br=0 nl=0,
ui/ui/staffroll/uil_staffroll_l.xml#29719,ヴォーカル,主唱,translated,text,a9d22c4f25,br=0 nl=0,
ui/ui/staffroll/uil_staffroll_l.xml#29779,志方　あきこ,志方 晶子,translated,text,05f122732c,br=0 nl=0,
ui/ui/staffroll/uil_staffroll_l.xml#29843,コーラス,和声,translated,text,e6f23f00bd,br=0 nl=0,
ui/ui/staffroll/uil_staffroll_l.xml#29902,志方　あきこ,志方 晶子,translated,text,05f122732c,br=0 nl=0,
ui/ui/staffroll/uil_staffroll_l.xml#29966,作詞,作词,translated,text,37dd0a71d2,br=0 nl=0,
ui/ui/staffroll/uil_staffroll_l.xml#30023,志方　あきこ,志方 晶子,translated,text,05f122732c,br=0 nl=0,
ui/ui/staffroll/uil_staffroll_l.xml#30087,作曲,作曲,translated,text,779e678323,br=0 nl=0,
ui/ui/staffroll/uil_staffroll_l.xml#30144,志方　あきこ,志方 晶子,translated,text,05f122732c,br=0 nl=0,
ui/ui/staffroll/uil_staffroll_l.xml#30208,編曲,编曲,translated,text,0d9b094937,br=0 nl=0,
ui/ui/staffroll/uil_staffroll_l.xml#30265,志方　あきこ,志方 晶子,translated,text,05f122732c,br=0 nl=0,
ui/ui/staffroll/uil_staffroll_l.xml#30329,アイリッシュブズーキ,爱尔兰布祖基琴,translated,text,420248b6f2,br=0 nl=0,
ui/ui/staffroll/uil_staffroll_l.xml#30394,田代　耕一郎,田代 耕一郎,translated,text,2b32bdbfd2,br=0 nl=0,
ui/ui/staffroll/uil_staffroll_l.xml#30458,リュート,鲁特琴,translated,text,40aa180de2,br=0 nl=0,
ui/ui/staffroll/uil_staffroll_l.xml#30517,田代　耕一郎,田代 耕一郎,translated,text,2b32bdbfd2,br=0 nl=0,
ui/ui/staffroll/uil_staffroll_l.xml#30581,アコースティックギター,原声吉他,translated,text,a7abba5538,br=0 nl=0,
ui/ui/staffroll/uil_staffroll_l.xml#30647,田代　耕一郎,田代 耕一郎,translated,text,2b32bdbfd2,br=0 nl=0,
ui/ui/staffroll/uil_staffroll_l.xml#30711,ヴァイオリン,小提琴,translated,text,668c16f747,br=0 nl=0,
ui/ui/staffroll/uil_staffroll_l.xml#30772,大貫　聖子,大贯 圣子,translated,text,3869a50f95,br=0 nl=0,
ui/ui/staffroll/uil_staffroll_l.xml#30835,ホイッスル,哨子,translated,text,f9c2bb1a8a,br=0 nl=0,
ui/ui/staffroll/uil_staffroll_l.xml#30895,安井　敬,安井 敬,translated,text,723f3994ab,br=0 nl=0,
ui/ui/staffroll/uil_staffroll_l.xml#30957,リコーダー,竖笛,translated,text,1448956b32,br=0 nl=0,
ui/ui/staffroll/uil_staffroll_l.xml#31017,安井　敬,安井 敬,translated,text,723f3994ab,br=0 nl=0,
ui/ui/staffroll/uil_staffroll_l.xml#31151,ヴォーカル,主唱,translated,text,a9d22c4f25,br=0 nl=0,
ui/ui/staffroll/uil_staffroll_l.xml#31211,霜月　はるか,霜月 遥,translated,text,4fa4ca5550,br=0 nl=0,
ui/ui/staffroll/uil_staffroll_l.xml#31275,コーラス,和声,translated,text,e6f23f00bd,br=0 nl=0,
ui/ui/staffroll/uil_staffroll_l.xml#31334,霜月　はるか,霜月 遥,translated,text,4fa4ca5550,br=0 nl=0,
ui/ui/staffroll/uil_staffroll_l.xml#31398,作詞,作词,translated,text,37dd0a71d2,br=0 nl=0,
ui/ui/staffroll/uil_staffroll_l.xml#31455,日山　尚,日山 尚,translated,text,1f730ac70d,br=0 nl=0,
ui/ui/staffroll/uil_staffroll_l.xml#31517,作曲,作曲,translated,text,779e678323,br=0 nl=0,
ui/ui/staffroll/uil_staffroll_l.xml#31574,霜月　はるか,霜月 遥,translated,text,4fa4ca5550,br=0 nl=0,
ui/ui/staffroll/uil_staffroll_l.xml#31638,編曲,编曲,translated,text,0d9b094937,br=0 nl=0,
ui/ui/staffroll/uil_staffroll_l.xml#31756,#05『美し世界』,#05‘美丽世界’,translated,text,828500b0bb,br=0 nl=0,
ui/ui/staffroll/uil_staffroll_l.xml#31823,ヴォーカル,主唱,translated,text,a9d22c4f25,br=0 nl=0,
ui/ui/staffroll/uil_staffroll_l.xml#31883,城　南海,城 南海,translated,text,0326f175b4,br=0 nl=0,
ui/ui/staffroll/uil_staffroll_l.xml#31945,コーラス,和声,translated,text,e6f23f00bd,br=0 nl=0,
ui/ui/staffroll/uil_staffroll_l.xml#32004,城　南海,城 南海,translated,text,0326f175b4,br=0 nl=0,
ui/ui/staffroll/uil_staffroll_l.xml#32066,作詞,作词,translated,text,37dd0a71d2,br=0 nl=0,
ui/ui/staffroll/uil_staffroll_l.xml#32123,高橋　麗子,高桥 丽子,translated,text,e5f18eff62,br=0 nl=0,
ui/ui/staffroll/uil_staffroll_l.xml#32186,作曲,作曲,translated,text,779e678323,br=0 nl=0,
ui/ui/staffroll/uil_staffroll_l.xml#32243,弘田　佳孝,弘田 佳孝,translated,text,5b1c2fd00d,br=0 nl=0,
ui/ui/staffroll/uil_staffroll_l.xml#32306,編曲,编曲,translated,text,0d9b094937,br=0 nl=0,
ui/ui/staffroll/uil_staffroll_l.xml#32363,弘田　佳孝,弘田 佳孝,translated,text,5b1c2fd00d,br=0 nl=0,
ui/ui/staffroll/uil_staffroll_l.xml#32426,エレキベース,电贝斯,translated,text,97b8e005a2,br=0 nl=0,
ui/ui/staffroll/uil_staffroll_l.xml#32487,弘田　佳孝,弘田 佳孝,translated,text,5b1c2fd00d,br=0 nl=0,
ui/ui/staffroll/uil_staffroll_l.xml#32550,#06『コード・エテスウェイ』,#06‘代码・埃特斯韦’,translated,text,0d93d8ec41,br=0 nl=0,
ui/ui/staffroll/uil_staffroll_l.xml#32623,ヴォーカル,主唱,translated,text,a9d22c4f25,br=0 nl=0,
ui/ui/staffroll/uil_staffroll_l.xml#32683,霜月　はるか,霜月 遥,translated,text,4fa4ca5550,br=0 nl=0,
ui/ui/staffroll/uil_staffroll_l.xml#32747,コーラス,和声,translated,text,e6f23f00bd,br=0 nl=0,
ui/ui/staffroll/uil_staffroll_l.xml#32806,霜月　はるか,霜月 遥,translated,text,4fa4ca5550,br=0 nl=0,
ui/ui/staffroll/uil_staffroll_l.xml#32870,作詞,作词,translated,text,37dd0a71d2,br=0 nl=0,
ui/ui/staffroll/uil_staffroll_l.xml#32927,日山　尚,日山 尚,translated,text,1f730ac70d,br=0 nl=0,
ui/ui/staffroll/uil_staffroll_l.xml#32989,作曲,作曲,translated,text,779e678323,br=0 nl=0,
ui/ui/staffroll/uil_staffroll_l.xml#33046,霜月　はるか,霜月 遥,translated,text,4fa4ca5550,br=0 nl=0,
ui/ui/staffroll/uil_staffroll_l.xml#33110,編曲,编曲,translated,text,0d9b094937,br=0 nl=0,
ui/ui/staffroll/uil_staffroll_l.xml#33167,柳　英一朗,柳 英一朗,translated,text,d1f66395b5,br=0 nl=0,
ui/ui/staffroll/uil_staffroll_l.xml#33230,ヴァイオリン,小提琴,translated,text,668c16f747,br=0 nl=0,
ui/ui/staffroll/uil_staffroll_l.xml#33291,土屋　玲子,土屋 玲子,translated,text,a5c27a7653,br=0 nl=0,
ui/ui/staffroll/uil_staffroll_l.xml#33354,ヴィオラ,中提琴,translated,text,2b5d862048,br=0 nl=0,
ui/ui/staffroll/uil_staffroll_l.xml#33413,土屋　玲子,土屋 玲子,translated,text,a5c27a7653,br=0 nl=0,
ui/ui/staffroll/uil_staffroll_l.xml#33476,チェロ,大提琴,translated,text,13fc4da5ee,br=0 nl=0,
ui/ui/staffroll/uil_staffroll_l.xml#33534,土屋　玲子,土屋 玲子,translated,text,a5c27a7653,br=0 nl=0,
ui/ui/staffroll/uil_staffroll_l.xml#33597,エレキベース,电贝斯,translated,text,97b8e005a2,br=0 nl=0,
ui/ui/staffroll/uil_staffroll_l.xml#33658,柳　英一朗,柳 英一朗,translated,text,d1f66395b5,br=0 nl=0,
ui/ui/staffroll/uil_staffroll_l.xml#33721,プログラミング,编程,translated,text,a063da1b9c,br=0 nl=0,
ui/ui/staffroll/uil_staffroll_l.xml#33783,柳　英一朗,柳 英一朗,translated,text,d1f66395b5,br=0 nl=0,
ui/ui/staffroll/uil_staffroll_l.xml#33933,ヴォーカル,主唱,translated,text,a9d22c4f25,br=0 nl=0,
ui/ui/staffroll/uil_staffroll_l.xml#33993,みとせ　のりこ,水户濑 纪子,translated,text,b870526ad2,br=0 nl=0,
ui/ui/staffroll/uil_staffroll_l.xml#34058,コーラス,和声,translated,text,e6f23f00bd,br=0 nl=0,
ui/ui/staffroll/uil_staffroll_l.xml#34117,みとせ　のりこ,水户濑 纪子,translated,text,b870526ad2,br=0 nl=0,
ui/ui/staffroll/uil_staffroll_l.xml#34182,作詞,作词,translated,text,37dd0a71d2,br=0 nl=0,
ui/ui/staffroll/uil_staffroll_l.xml#34239,みとせ　のりこ,水户濑 纪子,translated,text,b870526ad2,br=0 nl=0,
ui/ui/staffroll/uil_staffroll_l.xml#34304,作曲,作曲,translated,text,779e678323,br=0 nl=0,
ui/ui/staffroll/uil_staffroll_l.xml#34427,編曲,编曲,translated,text,0d9b094937,br=0 nl=0,
ui/ui/staffroll/uil_staffroll_l.xml#34628,ヴォーカル,主唱,translated,text,a9d22c4f25,br=0 nl=0,
ui/ui/staffroll/uil_staffroll_l.xml#34688,霜月　はるか,霜月 遥,translated,text,4fa4ca5550,br=0 nl=0,
ui/ui/staffroll/uil_staffroll_l.xml#34752,コーラス,和声,translated,text,e6f23f00bd,br=0 nl=0,
ui/ui/staffroll/uil_staffroll_l.xml#34811,霜月　はるか,霜月 遥,translated,text,4fa4ca5550,br=0 nl=0,
ui/ui/staffroll/uil_staffroll_l.xml#34875,作詞,作词,translated,text,37dd0a71d2,br=0 nl=0,
ui/ui/staffroll/uil_staffroll_l.xml#34932,日山　尚,日山 尚,translated,text,1f730ac70d,br=0 nl=0,
ui/ui/staffroll/uil_staffroll_l.xml#34994,作曲,作曲,translated,text,779e678323,br=0 nl=0,
ui/ui/staffroll/uil_staffroll_l.xml#35051,霜月　はるか,霜月 遥,translated,text,4fa4ca5550,br=0 nl=0,
ui/ui/staffroll/uil_staffroll_l.xml#35115,編曲,编曲,translated,text,0d9b094937,br=0 nl=0,
ui/ui/staffroll/uil_staffroll_l.xml#35172,柳　英一朗,柳 英一朗,translated,text,d1f66395b5,br=0 nl=0,
ui/ui/staffroll/uil_staffroll_l.xml#35235,ギター,吉他,translated,text,b072d58a68,br=0 nl=0,
ui/ui/staffroll/uil_staffroll_l.xml#35293,柳　英一朗,柳 英一朗,translated,text,d1f66395b5,br=0 nl=0,
ui/ui/staffroll/uil_staffroll_l.xml#35356,エレキベース,电贝斯,translated,text,97b8e005a2,br=0 nl=0,
ui/ui/staffroll/uil_staffroll_l.xml#35417,柳　英一朗,柳 英一朗,translated,text,d1f66395b5,br=0 nl=0,
ui/ui/staffroll/uil_staffroll_l.xml#35480,プログラミング,编程,translated,text,a063da1b9c,br=0 nl=0,
ui/ui/staffroll/uil_staffroll_l.xml#35542,柳　英一朗,柳 英一朗,translated,text,d1f66395b5,br=0 nl=0,
ui/ui/staffroll/uil_staffroll_l.xml#35605,#09『虹の国のデュオワルツ』,#09‘彩虹之国的二重华尔兹’,translated,text,81669d519b,br=0 nl=0,
ui/ui/staffroll/uil_staffroll_l.xml#35678,ヴォーカル,主唱,translated,text,a9d22c4f25,br=0 nl=0,
ui/ui/staffroll/uil_staffroll_l.xml#35738,南條　愛乃,南条 爱乃,translated,text,29b52441c1,br=0 nl=0,
ui/ui/staffroll/uil_staffroll_l.xml#35801,コーラス,和声,translated,text,e6f23f00bd,br=0 nl=0,
ui/ui/staffroll/uil_staffroll_l.xml#35860,南條　愛乃,南条 爱乃,translated,text,29b52441c1,br=0 nl=0,
ui/ui/staffroll/uil_staffroll_l.xml#35923,作詞,作词,translated,text,37dd0a71d2,br=0 nl=0,
ui/ui/staffroll/uil_staffroll_l.xml#35980,高橋　麗子,高桥 丽子,translated,text,e5f18eff62,br=0 nl=0,
ui/ui/staffroll/uil_staffroll_l.xml#36043,作曲,作曲,translated,text,779e678323,br=0 nl=0,
ui/ui/staffroll/uil_staffroll_l.xml#36100,大嶋　啓之,大岛 启之,translated,text,bf41a23cad,br=0 nl=0,
ui/ui/staffroll/uil_staffroll_l.xml#36163,編曲,编曲,translated,text,0d9b094937,br=0 nl=0,
ui/ui/staffroll/uil_staffroll_l.xml#36220,大嶋　啓之,大岛 启之,translated,text,bf41a23cad,br=0 nl=0,
ui/ui/staffroll/uil_staffroll_l.xml#36283,ヴァイオリン,小提琴,translated,text,668c16f747,br=0 nl=0,
ui/ui/staffroll/uil_staffroll_l.xml#36344,多々谷　樹,多多谷 树,translated,text,6fe425caca,br=0 nl=0,
ui/ui/staffroll/uil_staffroll_l.xml#36407,プログラミング,编程,translated,text,a063da1b9c,br=0 nl=0,
ui/ui/staffroll/uil_staffroll_l.xml#36469,大嶋　啓之,大岛 启之,translated,text,bf41a23cad,br=0 nl=0,
ui/ui/staffroll/uil_staffroll_l.xml#36614,ヴォーカル,主唱,translated,text,a9d22c4f25,br=0 nl=0,
ui/ui/staffroll/uil_staffroll_l.xml#36674,志方　あきこ,志方 晶子,translated,text,05f122732c,br=0 nl=0,
ui/ui/staffroll/uil_staffroll_l.xml#36738,コーラス,和声,translated,text,e6f23f00bd,br=0 nl=0,
ui/ui/staffroll/uil_staffroll_l.xml#36797,志方　あきこ,志方 晶子,translated,text,05f122732c,br=0 nl=0,
ui/ui/staffroll/uil_staffroll_l.xml#36861,作詞,作词,translated,text,37dd0a71d2,br=0 nl=0,
ui/ui/staffroll/uil_staffroll_l.xml#36918,志方　あきこ,志方 晶子,translated,text,05f122732c,br=0 nl=0,
ui/ui/staffroll/uil_staffroll_l.xml#36982,作曲,作曲,translated,text,779e678323,br=0 nl=0,
ui/ui/staffroll/uil_staffroll_l.xml#37039,志方　あきこ,志方 晶子,translated,text,05f122732c,br=0 nl=0,
ui/ui/staffroll/uil_staffroll_l.xml#37103,編曲,编曲,translated,text,0d9b094937,br=0 nl=0,
ui/ui/staffroll/uil_staffroll_l.xml#37160,志方　あきこ,志方 晶子,translated,text,05f122732c,br=0 nl=0,
ui/ui/staffroll/uil_staffroll_l.xml#37224,アイリッシュブズーキ,爱尔兰布祖基琴,translated,text,420248b6f2,br=0 nl=0,
ui/ui/staffroll/uil_staffroll_l.xml#37289,田代　耕一郎,田代 耕一郎,translated,text,2b32bdbfd2,br=0 nl=0,
ui/ui/staffroll/uil_staffroll_l.xml#37353,アコースティックギター,原声吉他,translated,text,a7abba5538,br=0 nl=0,
ui/ui/staffroll/uil_staffroll_l.xml#37419,田代　耕一郎,田代 耕一郎,translated,text,2b32bdbfd2,br=0 nl=0,
ui/ui/staffroll/uil_staffroll_l.xml#37483,ヴァイオリン,小提琴,translated,text,668c16f747,br=0 nl=0,
ui/ui/staffroll/uil_staffroll_l.xml#37544,伊勢　三木子,伊势 三木子,translated,text,8e1426f8df,br=0 nl=0,
ui/ui/staffroll/uil_staffroll_l.xml#37608,パーカッション,打击乐,translated,text,b5c517e01d,br=0 nl=0,
ui/ui/staffroll/uil_staffroll_l.xml#37670,佐藤　直子,佐藤 直子,translated,text,3131e09fc9,br=0 nl=0,
ui/ui/staffroll/uil_staffroll_l.xml#37733,ホイッスル、リコーダー,哨笛、竖笛,translated,text,0b0b4ac53c,br=0 nl=0,
ui/ui/staffroll/uil_staffroll_l.xml#37799,安井　敬,安井 敬,translated,text,723f3994ab,br=0 nl=0,
ui/ui/staffroll/uil_staffroll_l.xml#37861,#11『継承奉願祝詞』,#11‘继承奉愿祝词’,translated,text,814dd7dbf7,br=0 nl=0,
ui/ui/staffroll/uil_staffroll_l.xml#37930,ヴォーカル,主唱,translated,text,a9d22c4f25,br=0 nl=0,
ui/ui/staffroll/uil_staffroll_l.xml#38052,コーラス,和声,translated,text,e6f23f00bd,br=0 nl=0,
ui/ui/staffroll/uil_staffroll_l.xml#38173,作詞,作词,translated,text,37dd0a71d2,br=0 nl=0,
ui/ui/staffroll/uil_staffroll_l.xml#38230,江幡　育子,江幡 育子,translated,text,c9dedc91f5,br=0 nl=0,
ui/ui/staffroll/uil_staffroll_l.xml#38293,作曲,作曲,translated,text,779e678323,br=0 nl=0,
ui/ui/staffroll/uil_staffroll_l.xml#38350,上野　洋子,上野 洋子,translated,text,ee8b23a7e8,br=0 nl=0,
ui/ui/staffroll/uil_staffroll_l.xml#38413,編曲,编曲,translated,text,0d9b094937,br=0 nl=0,
ui/ui/staffroll/uil_staffroll_l.xml#38470,上野　洋子,上野 洋子,translated,text,ee8b23a7e8,br=0 nl=0,
ui/ui/staffroll/uil_staffroll_l.xml#38533,二胡,二胡,translated,text,5423891ebb,br=0 nl=0,
ui/ui/staffroll/uil_staffroll_l.xml#38590,賈鵬芳,贾鹏芳,translated,text,66e70fab95,br=0 nl=0,
ui/ui/staffroll/uil_staffroll_l.xml#38651,古筝,古筝,translated,text,abd50f6a17,br=0 nl=0,
ui/ui/staffroll/uil_staffroll_l.xml#38959,ゴンドウトモヒコ,权藤知彦,translated,text,a262eab210,br=0 nl=0,
ui/ui/staffroll/uil_staffroll_l.xml#39089,ゴンドウトモヒコ,权藤知彦,translated,text,a262eab210,br=0 nl=0,
ui/ui/staffroll/uil_staffroll_l.xml#39221,ゴンドウトモヒコ,权藤知彦,translated,text,a262eab210,br=0 nl=0,
ui/ui/staffroll/uil_staffroll_l.xml#39287,#12『ラシェール・フューザー』,#12‘拉榭拉融合器’,translated,text,5a4ada2a66,br=0 nl=0,
ui/ui/staffroll/uil_staffroll_l.xml#39361,ヴォーカル,主唱,translated,text,a9d22c4f25,br=0 nl=0,
ui/ui/staffroll/uil_staffroll_l.xml#39421,志方　あきこ,志方 晶子,translated,text,05f122732c,br=0 nl=0,
ui/ui/staffroll/uil_staffroll_l.xml#39485,コーラス,和声,translated,text,e6f23f00bd,br=0 nl=0,
ui/ui/staffroll/uil_staffroll_l.xml#39544,志方　あきこ,志方 晶子,translated,text,05f122732c,br=0 nl=0,
ui/ui/staffroll/uil_staffroll_l.xml#39608,作詞,作词,translated,text,37dd0a71d2,br=0 nl=0,
ui/ui/staffroll/uil_staffroll_l.xml#39665,志方　あきこ/土屋　暁,志方 晶子/土屋 晓,translated,text,41d5d8704e,br=0 nl=0,
ui/ui/staffroll/uil_staffroll_l.xml#39734,作曲,作曲,translated,text,779e678323,br=0 nl=0,
ui/ui/staffroll/uil_staffroll_l.xml#39791,志方　あきこ/土屋　暁,志方 晶子/土屋 晓,translated,text,41d5d8704e,br=0 nl=0,
ui/ui/staffroll/uil_staffroll_l.xml#39860,編曲,编曲,translated,text,0d9b094937,br=0 nl=0,
ui/ui/staffroll/uil_staffroll_l.xml#39917,志方　あきこ,志方 晶子,translated,text,05f122732c,br=0 nl=0,
ui/ui/staffroll/uil_staffroll_l.xml#39981,トランペット,小号,translated,text,cdc46cb159,br=0 nl=0,
ui/ui/staffroll/uil_staffroll_l.xml#40042,菊池　成浩,菊池 成浩,translated,text,a5f4945928,br=0 nl=0,
ui/ui/staffroll/uil_staffroll_l.xml#40105,ホルン,圆号,translated,text,5e2e837284,br=0 nl=0,
ui/ui/staffroll/uil_staffroll_l.xml#40163,内藤　貴司 ,内藤 贵司,translated,text,cee2789aae,br=0 nl=0,
ui/ui/staffroll/uil_staffroll_l.xml#40227,トロンボーン,长号,translated,text,d909340a4b,br=0 nl=0,
ui/ui/staffroll/uil_staffroll_l.xml#40288,橋本　佳明,桥本 佳明,translated,text,c4459d9730,br=0 nl=0,
ui/ui/staffroll/uil_staffroll_l.xml#40351,パーカッション,打击乐,translated,text,b5c517e01d,br=0 nl=0,
ui/ui/staffroll/uil_staffroll_l.xml#40413,大石　真理恵,大石 真理惠,translated,text,59c84c61d6,br=0 nl=0,
ui/ui/staffroll/uil_staffroll_l.xml#40477,アコースティックギター,原声吉他,translated,text,a7abba5538,br=0 nl=0,
ui/ui/staffroll/uil_staffroll_l.xml#40543,田代　耕一郎,田代 耕一郎,translated,text,2b32bdbfd2,br=0 nl=0,
ui/ui/staffroll/uil_staffroll_l.xml#40607,アイリッシュブズーキー,爱尔兰布祖基琴,translated,text,d1c4382eb2,br=0 nl=0,
ui/ui/staffroll/uil_staffroll_l.xml#40673,田代　耕一郎,田代 耕一郎,translated,text,2b32bdbfd2,br=0 nl=0,
ui/ui/staffroll/uil_staffroll_l.xml#40737,ジュラ,祖拉琴,translated,text,133cac13c3,br=0 nl=0,
ui/ui/staffroll/uil_staffroll_l.xml#40795,田代　耕一郎,田代 耕一郎,translated,text,2b32bdbfd2,br=0 nl=0,
ui/ui/staffroll/uil_staffroll_l.xml#40859,エレキギター,电吉他,translated,text,1fa9044665,br=0 nl=0,
ui/ui/staffroll/uil_staffroll_l.xml#40920,伊藤　浩紀,伊藤 浩纪,translated,text,d2384f0995,br=0 nl=0,
ui/ui/staffroll/uil_staffroll_l.xml#40983,バイオリン,小提琴,translated,text,792d04da4d,br=0 nl=0,
ui/ui/staffroll/uil_staffroll_l.xml#41043,大貫　聖子,大贯 圣子,translated,text,3869a50f95,br=0 nl=0,
ui/ui/staffroll/uil_staffroll_l.xml#41106,花房　照子,花房 照子,translated,text,9ea5f8022e,br=0 nl=0,
ui/ui/staffroll/uil_staffroll_l.xml#41169,有村　実保子,有村 实保子,translated,text,fe6dfb090a,br=0 nl=0,
ui/ui/staffroll/uil_staffroll_l.xml#41233,福留　史紘,福留 史宏,translated,text,996c3ad842,br=0 nl=0,
ui/ui/staffroll/uil_staffroll_l.xml#41296,チェロ,大提琴,translated,text,13fc4da5ee,br=0 nl=0,
ui/ui/staffroll/uil_staffroll_l.xml#41354,唐沢　安岐奈,唐泽 安岐奈,translated,text,a47ab18ca2,br=0 nl=0,
ui/ui/staffroll/uil_staffroll_l.xml#41418,山田　智樹,山田 智树,translated,text,ea40594c61,br=0 nl=0,
ui/ui/staffroll/uil_staffroll_l.xml#41481,レコーディング＆ミキシング,录音与混音,translated,text,45498df2df,br=0 nl=0,
ui/ui/staffroll/uil_staffroll_l.xml#41632,レコーディングスタジオ,录音室,translated,text,b25eb16dcb,br=0 nl=0,
ui/ui/staffroll/uil_staffroll_l.xml#41834,レコーディング&,录音&,translated,text,f841bcf365,br=0 nl=0,
ui/ui/staffroll/uil_staffroll_l.xml#41897,　　ミキシングエンジニア,混音工程师,translated,text,18ef1f1a8b,br=0 nl=0,
ui/ui/staffroll/uil_staffroll_l.xml#41964,南　直行,南 直行,translated,text,2d56d70010,br=0 nl=0,
ui/ui/staffroll/uil_staffroll_l.xml#42089,ミキシングスタジオ,混音工作室,translated,text,10e5c39a7e,br=0 nl=0,
ui/ui/staffroll/uil_staffroll_l.xml#42228,レコーディングスタジオ,录音室,translated,text,b25eb16dcb,br=0 nl=0,
ui/ui/staffroll/uil_staffroll_l.xml#42366,レコーディング&,录音&,translated,text,f841bcf365,br=0 nl=0,
ui/ui/staffroll/uil_staffroll_l.xml#42429,　　ミキシングエンジニア,混音工程师,translated,text,18ef1f1a8b,br=0 nl=0,
ui/ui/staffroll/uil_staffroll_l.xml#42496,南　直行,南 直行,translated,text,2d56d70010,br=0 nl=0,
ui/ui/staffroll/uil_staffroll_l.xml#42621,音楽制作,音乐制作,translated,text,fd03f88e87,br=0 nl=0,
ui/ui/staffroll/uil_staffroll_l.xml#42748,レコーディングスタジオ,录音室,translated,text,b25eb16dcb,br=0 nl=0,
ui/ui/staffroll/uil_staffroll_l.xml#42814,Artist Forum 千駄ヶ谷,Artist Forum 千驮谷,translated,text,c5d9afa7df,br=0 nl=0,
ui/ui/staffroll/uil_staffroll_l.xml#42889,レコーディングエンジニア,录音工程师,translated,text,dcee02fe85,br=0 nl=0,
ui/ui/staffroll/uil_staffroll_l.xml#42956,齊藤　弘二（TRIUMPH）,齐藤 弘二（TRIUMPH）,translated,text,601c4218f9,br=0 nl=0,
ui/ui/staffroll/uil_staffroll_l.xml#43028,坂　知学,坂 知学,translated,text,fb17ef159d,br=0 nl=0,
ui/ui/staffroll/uil_staffroll_l.xml#43090,ミキシングエンジニア,混音工程师,translated,text,b660dbc680,br=0 nl=0,
ui/ui/staffroll/uil_staffroll_l.xml#43155,坂　知学,坂 知学,translated,text,fb17ef159d,br=0 nl=0,
ui/ui/staffroll/uil_staffroll_l.xml#43280,レコーディングスタジオ,录音室,translated,text,b25eb16dcb,br=0 nl=0,
ui/ui/staffroll/uil_staffroll_l.xml#43418,レコーディングエンジニア,录音工程师,translated,text,dcee02fe85,br=0 nl=0,
ui/ui/staffroll/uil_staffroll_l.xml#43485,迎谷　彰信,迎谷 彰信,translated,text,745993b75c,br=0 nl=0,
ui/ui/staffroll/uil_staffroll_l.xml#43548,ミキシングエンジニア,混音工程师,translated,text,b660dbc680,br=0 nl=0,
ui/ui/staffroll/uil_staffroll_l.xml#43613,弘田　佳孝,弘田 佳孝,translated,text,5b1c2fd00d,br=0 nl=0,
ui/ui/staffroll/uil_staffroll_l.xml#43743,音楽制作,音乐制作,translated,text,fd03f88e87,br=0 nl=0,
ui/ui/staffroll/uil_staffroll_l.xml#43870,レコーディングスタジオ,录音室,translated,text,b25eb16dcb,br=0 nl=0,
ui/ui/staffroll/uil_staffroll_l.xml#44007,レコーディングエンジニア,录音工程师,translated,text,dcee02fe85,br=0 nl=0,
ui/ui/staffroll/uil_staffroll_l.xml#44074,由田　直也,由田 直也,translated,text,12cf5ea73b,br=0 nl=0,
ui/ui/staffroll/uil_staffroll_l.xml#44137,ミキシングエンジニア,混音工程师,translated,text,b660dbc680,br=0 nl=0,
ui/ui/staffroll/uil_staffroll_l.xml#44202,坂　知学,坂 知学,translated,text,fb17ef159d,br=0 nl=0,
ui/ui/staffroll/uil_staffroll_l.xml#44327,レコーディングスタジオ,录音室,translated,text,b25eb16dcb,br=0 nl=0,
ui/ui/staffroll/uil_staffroll_l.xml#44465,レコーディングエンジニア,录音工程师,translated,text,dcee02fe85,br=0 nl=0,
ui/ui/staffroll/uil_staffroll_l.xml#44532,迎谷　彰信,迎谷 彰信,translated,text,745993b75c,br=0 nl=0,
ui/ui/staffroll/uil_staffroll_l.xml#44595,ミキシングエンジニア,混音工程师,translated,text,b660dbc680,br=0 nl=0,
ui/ui/staffroll/uil_staffroll_l.xml#44789,レコーディングスタジオ,录音室,translated,text,b25eb16dcb,br=0 nl=0,
ui/ui/staffroll/uil_staffroll_l.xml#44930,レコーディングエンジニア,录音工程师,translated,text,dcee02fe85,br=0 nl=0,
ui/ui/staffroll/uil_staffroll_l.xml#44997,岸田 P 充善,岸田 P 充善,translated,text,c9edbb98d6,br=0 nl=0,
ui/ui/staffroll/uil_staffroll_l.xml#45062,ミキシングエンジニア,混音工程师,translated,text,b660dbc680,br=0 nl=0,
ui/ui/staffroll/uil_staffroll_l.xml#45127,迎谷　彰信,迎谷 彰信,translated,text,745993b75c,br=0 nl=0,
ui/ui/staffroll/uil_staffroll_l.xml#45253,レコーディングスタジオ,录音室,translated,text,b25eb16dcb,br=0 nl=0,
ui/ui/staffroll/uil_staffroll_l.xml#45395,レコーディングエンジニア,录音工程师,translated,text,dcee02fe85,br=0 nl=0,
ui/ui/staffroll/uil_staffroll_l.xml#45462,ゴンドウトモヒコ,权藤知彦,translated,text,a262eab210,br=0 nl=0,
ui/ui/staffroll/uil_staffroll_l.xml#45528,ミックススタジオ,混音室,translated,text,2c47b0549e,br=0 nl=0,
ui/ui/staffroll/uil_staffroll_l.xml#45667,ミックスエンジニア,混音工程师,translated,text,0cc7e6819e,br=0 nl=0,
ui/ui/staffroll/uil_staffroll_l.xml#45731,ゴンドウトモヒコ,权藤知彦,translated,text,a262eab210,br=0 nl=0,
ui/ui/staffroll/uil_staffroll_l.xml#45860,ミキシング,混音,translated,text,dd3c09920b,br=0 nl=0,
ui/ui/staffroll/uil_staffroll_l.xml#45920,土屋　暁,土屋 晓,translated,text,21998e95cc,br=0 nl=0,
ui/ui/staffroll/uil_staffroll_l.xml#45982,楽曲制作協力,乐曲制作协力,translated,text,72ede6daac,br=0 nl=0,
ui/ui/staffroll/uil_staffroll_l.xml#46047,株式会社フロンティアワークス,株式会社Frontier Works,translated,text,36d73077b6,br=0 nl=0,
ui/ui/staffroll/uil_staffroll_l.xml#46119,吉川　明,吉川 明,translated,text,2768ebf8a1,br=0 nl=0,
ui/ui/staffroll/uil_staffroll_l.xml#46181,小柳　豊,小柳 丰,translated,text,e59cd8c7b8,br=0 nl=0,
ui/ui/staffroll/uil_staffroll_l.xml#46374,田中　雅之,田中 雅之,translated,text,21736bbf23,br=0 nl=0,
ui/ui/staffroll/uil_staffroll_l.xml#46437,矢野　正明,矢野 正明,translated,text,78cf186a67,br=0 nl=0,
ui/ui/staffroll/uil_staffroll_l.xml#46500,谷川　雄紀,谷川 雄纪,translated,text,4f95b894a6,br=0 nl=0,
ui/ui/staffroll/uil_staffroll_l.xml#46563,髙橋　朝子,高桥 朝子,translated,text,77e6958b96,br=0 nl=0,
ui/ui/staffroll/uil_staffroll_l.xml#46626,本間　詩織,本间 诗织,translated,text,e70cd6c951,br=0 nl=0,
ui/ui/staffroll/uil_staffroll_l.xml#46689,佐々　梨花,佐佐 梨花,translated,text,030ff13e01,br=0 nl=0,
ui/ui/staffroll/uil_staffroll_l.xml#46752,生田　善子,生田 善子,translated,text,6a6fba474e,br=0 nl=0,
ui/ui/staffroll/uil_staffroll_l.xml#46815,松　　聖花,松 圣花,translated,text,ea05a4fd84,br=0 nl=0,
ui/ui/staffroll/uil_staffroll_l.xml#46878,音響,音效,translated,text,a94ecabc3c,br=0 nl=0,
ui/ui/staffroll/uil_staffroll_l.xml#46938,演出・キャスティング,演出・选角,translated,text,383d1bfa00,br=0 nl=0,
ui/ui/staffroll/uil_staffroll_l.xml#47003,関　智寛,关 智宽,translated,text,f1a5e773f2,br=0 nl=0,
ui/ui/staffroll/uil_staffroll_l.xml#47065,ミキサー,调音师,translated,text,61f92a39b5,br=0 nl=0,
ui/ui/staffroll/uil_staffroll_l.xml#47124,熊倉　亨,熊仓 亨,translated,text,509916c5a3,br=0 nl=0,
ui/ui/staffroll/uil_staffroll_l.xml#47186,音響制作,音效制作,translated,text,3ba07c72e1,br=0 nl=0,
ui/ui/staffroll/uil_staffroll_l.xml#47310,キャスティング協力,选角协力,translated,text,3c32e0140a,br=0 nl=0,
ui/ui/staffroll/uil_staffroll_l.xml#47374,松本　恵,松本 惠,translated,text,432387780b,br=0 nl=0,
ui/ui/staffroll/uil_staffroll_l.xml#47501,協力,协力,translated,text,1a054b3135,br=0 nl=0,
ui/ui/staffroll/uil_staffroll_l.xml#47562,(株)wizgeek,(株)wizgeek,translated,text,cd5a3764f1,br=0 nl=0,
ui/ui/staffroll/uil_staffroll_l.xml#47628,株式会社エクストリーム,株式会社Extreme,translated,text,98c9f61cf3,br=0 nl=0,
ui/ui/staffroll/uil_staffroll_l.xml#47695,株式会社ＣＲＩ・ミドルウェア,株式会社CRI Middleware,translated,text,ddfc365935,br=0 nl=0,
ui/ui/staffroll/uil_staffroll_l.xml#47833,株式会社千住工房,株式会社千住工房,translated,text,3de756af57,br=0 nl=0,
ui/ui/staffroll/uil_staffroll_l.xml#47966,株式会社FlightUNIT,株式会社FlightUNIT,translated,text,1da69201f4,br=0 nl=0,
ui/ui/staffroll/uil_staffroll_l.xml#48036,株式会社メテオライズ,株式会社Meteorise,translated,text,61cde65511,br=0 nl=0,
ui/ui/staffroll/uil_staffroll_l.xml#48102,株式会社フロンティアワークス,株式会社Frontier Works,translated,text,36d73077b6,br=0 nl=0,
ui/ui/staffroll/uil_staffroll_l.xml#48172,株式会社ポイントピクチャーズ,株式会社Point Pictures,translated,text,f8ac729aec,br=0 nl=0,
ui/ui/staffroll/uil_staffroll_l.xml#48242,ポールトゥウィン株式会社,株式会社Pole To Win,translated,text,cda47e17fb,br=0 nl=0,
ui/ui/staffroll/uil_staffroll_l.xml#48310,株式会社ロジスティックス,株式会社Logistics,translated,text,8ec59442f3,br=0 nl=0,
ui/ui/staffroll/uil_staffroll_l.xml#48378,株式会社プロダクション・アイジー,株式会社Production I.G,translated,text,84204edff3,br=0 nl=0,
ui/ui/staffroll/uil_staffroll_l.xml#48450,天津光栄特庫摩軟件有限公司,天津光荣特库摩软件有限公司,translated,text,8a7dbadc6f,br=0 nl=0,
ui/ui/staffroll/uil_staffroll_l.xml#48519,天津天匠動画科技有限公司,天津天匠动画科技有限公司,translated,text,14335be04d,br=0 nl=0,
ui/ui/staffroll/uil_staffroll_l.xml#48587,フォントワークス株式会社,Fontworks株式会社,translated,text,b1c83f97c7,br=0 nl=0,
ui/ui/staffroll/uil_staffroll_l.xml#48818,ディレクター,总监,translated,text,074ca740ff,br=0 nl=0,
ui/ui/staffroll/uil_staffroll_l.xml#48883,高野　雅文,高野 雅文,translated,text,e0f6ad1a3a,br=0 nl=0,
ui/ui/staffroll/uil_staffroll_l.xml#48946,開発プロデューサー,开发制作人,translated,text,763f21e64e,br=0 nl=0,
ui/ui/staffroll/uil_staffroll_l.xml#49014,細井  順三,细井 顺三,translated,text,014085680c,br=0 nl=0,
ui/ui/staffroll/uil_staffroll_l.xml#49078,総合プロデューサー,总制作人,translated,text,893701ac7c,br=0 nl=0,
ui/ui/staffroll/uil_staffroll_l.xml#49146,土屋  暁,土屋 晓,translated,text,dd0b0dada2,br=0 nl=0,
ui/ui/staffroll/uil_staffroll_l.xml#49209,エグゼクティブプロデューサー,执行制作人,translated,text,5e38e342d6,br=0 nl=0,
ui/ui/staffroll/uil_staffroll_l.xml#49282,鯉沼 久史,鲤沼 久史,translated,text,04514697bf,br=0 nl=0,
ui/ui/staffroll/uil_staffroll_l.xml#49345,製作,制作,translated,text,53c6bc4ef7,br=0 nl=0,
ui/ui/staffroll/uil_staffroll_l.xml#49406,株式会社コーエーテクモゲームス,株式会社光荣特库摩游戏,translated,text,be816b716d,br=0 nl=0,
ui/ui/staffroll/uil_staffroll_z.xml#1782,歌姫,歌姬,translated,text,acdbfe60f4,br=0 nl=0,
ui/ui/staffroll/uil_staffroll_z.xml#1839,志方　あきこ,志方 晶子,translated,text,05f122732c,br=0 nl=0,
ui/ui/staffroll/uil_staffroll_z.xml#1900,城　南海,城 南海,translated,text,0326f175b4,br=0 nl=0,
ui/ui/staffroll/uil_staffroll_z.xml#1959,霜月　はるか,霜月 遥,translated,text,4fa4ca5550,br=0 nl=0,
ui/ui/staffroll/uil_staffroll_z.xml#2021,みとせ　のりこ,水户濑 纪子,translated,text,b870526ad2,br=0 nl=0,
ui/ui/staffroll/uil_staffroll_z.xml#2084,南條　愛乃,南条 爱乃,translated,text,29b52441c1,br=0 nl=0,
ui/ui/staffroll/uil_staffroll_z.xml#2266,イオン,依恩,translated,text,90d4718c90,br=0 nl=0,
ui/ui/staffroll/uil_staffroll_z.xml#2322,加隈　亜衣,加隈 亚衣,translated,text,d9fe60a2ce,br=0 nl=0,
ui/ui/staffroll/uil_staffroll_z.xml#2383,カノン,卡诺,translated,text,5a6fa752cb,br=0 nl=0,
ui/ui/staffroll/uil_staffroll_z.xml#2439,井ノ上　奈々,井之上 奈奈,translated,text,159209452b,br=0 nl=0,
ui/ui/staffroll/uil_staffroll_z.xml#2501,ネイ,妮伊,translated,text,dd82b752f9,br=0 nl=0,
ui/ui/staffroll/uil_staffroll_z.xml#2556,内田　真礼,内田 真礼,translated,text,664833d0bc,br=0 nl=0,
ui/ui/staffroll/uil_staffroll_z.xml#2617,キャス,凯斯,translated,text,6f807afcb1,br=0 nl=0,
ui/ui/staffroll/uil_staffroll_z.xml#2673,水瀬　いのり,水濑 祈,translated,text,2c51d41405,br=0 nl=0,
ui/ui/staffroll/uil_staffroll_z.xml#2735,サーリ,莎丽,translated,text,8a6ca8f186,br=0 nl=0,
ui/ui/staffroll/uil_staffroll_z.xml#2791,志村　由美,志村 由美,translated,text,d17ffb7a1f,br=0 nl=0,
ui/ui/staffroll/uil_staffroll_z.xml#2852,ター坊,阿达,translated,text,be218a88e0,br=0 nl=0,
ui/ui/staffroll/uil_staffroll_z.xml#2908,大原　桃子,大原 桃子,translated,text,7805da68da,br=0 nl=0,
ui/ui/staffroll/uil_staffroll_z.xml#2969,白鷹,白鹰,translated,text,80f8839be9,br=0 nl=0,
ui/ui/staffroll/uil_staffroll_z.xml#3024,新垣　樽助,新垣 樽助,translated,text,d639834023,br=0 nl=0,
ui/ui/staffroll/uil_staffroll_z.xml#3085,クラケット,库拉肯特,translated,text,b470c4a07c,br=0 nl=0,
ui/ui/staffroll/uil_staffroll_z.xml#3143,ふくまつ　進紗,福松 进纱,translated,text,b85b2c53ae,br=0 nl=0,
ui/ui/staffroll/uil_staffroll_z.xml#3206,レナルル,蕾娜露露,translated,text,b73a299dee,br=0 nl=0,
ui/ui/staffroll/uil_staffroll_z.xml#3263,大地　葉,大地 叶,translated,text,58928f7243,br=0 nl=0,
ui/ui/staffroll/uil_staffroll_z.xml#3323,ジル,吉鲁,translated,text,56d6edb965,br=0 nl=0,
ui/ui/staffroll/uil_staffroll_z.xml#3378,川崎　芽衣子,川崎 芽衣子,translated,text,7ef2b5d765,br=0 nl=0,
ui/ui/staffroll/uil_staffroll_z.xml#3440,ネロ,妮诺,translated,text,5ab7665c85,br=0 nl=0,
ui/ui/staffroll/uil_staffroll_z.xml#3495,東城　日紗子,东城 日沙子,translated,text,9336ae3b72,br=0 nl=0,
ui/ui/staffroll/uil_staffroll_z.xml#3557,グレイコフ,古雷柯夫,translated,text,0bc2e5489e,br=0 nl=0,
ui/ui/staffroll/uil_staffroll_z.xml#3615,納谷　六朗,纳谷 六朗,translated,text,6631fb09a1,br=0 nl=0,
ui/ui/staffroll/uil_staffroll_z.xml#3676,ネプツール,尼普楚尔,translated,text,d29af0da13,br=0 nl=0,
ui/ui/staffroll/uil_staffroll_z.xml#3734,楠見　尚己,楠见 尚己,translated,text,11b6f441ad,br=0 nl=0,
ui/ui/staffroll/uil_staffroll_z.xml#3795,クーリン,库琳,translated,text,1c6f5779b8,br=0 nl=0,
ui/ui/staffroll/uil_staffroll_z.xml#3852,新垣　樽助,新垣 樽助,translated,text,d639834023,br=0 nl=0,
ui/ui/staffroll/uil_staffroll_z.xml#3913,パラライノ,帕拉莱诺,translated,text,989c105a5b,br=0 nl=0,
ui/ui/staffroll/uil_staffroll_z.xml#3972,森谷　里美,森谷 里美,translated,text,b1ce9ad2ab,br=0 nl=0,
ui/ui/staffroll/uil_staffroll_z.xml#4034,ルウレイ,鲁雷,translated,text,7b893749e6,br=0 nl=0,
ui/ui/staffroll/uil_staffroll_z.xml#4092,神田　みか,神田 美香,translated,text,3462d5a984,br=0 nl=0,
ui/ui/staffroll/uil_staffroll_z.xml#4154,リーヴェルト,利维尔特,translated,text,23a3a84bfe,br=0 nl=0,
ui/ui/staffroll/uil_staffroll_z.xml#4214,森田　順平,森田 顺平,translated,text,f887a1ed1d,br=0 nl=0,
ui/ui/staffroll/uil_staffroll_z.xml#4276,ラシェーラ先帝,拉榭拉先帝,translated,text,ca22899d92,br=0 nl=0,
ui/ui/staffroll/uil_staffroll_z.xml#4337,谷　育子,谷 育子,translated,text,73bc889335,br=0 nl=0,
ui/ui/staffroll/uil_staffroll_z.xml#4398,コーザル,考扎尔,translated,text,add1deaef8,br=0 nl=0,
ui/ui/staffroll/uil_staffroll_z.xml#4456,大木　民夫,大木 民夫,translated,text,170e1885e6,br=0 nl=0,
ui/ui/staffroll/uil_staffroll_z.xml#4518,アルメティカ,阿尔梅堤嘉,translated,text,0a2ae4f1ba,br=0 nl=0,
ui/ui/staffroll/uil_staffroll_z.xml#4578,西村　知道,西村 知道,translated,text,c96885e56a,br=0 nl=0,
ui/ui/staffroll/uil_staffroll_z.xml#4640,テレフンケン,泰雷芬肯,translated,text,ce98c0f0ab,br=0 nl=0,
ui/ui/staffroll/uil_staffroll_z.xml#4700,阿久津　加菜,阿久津 加菜,translated,text,49781c7816,br=0 nl=0,
ui/ui/staffroll/uil_staffroll_z.xml#4763,ねりこ,妮莉库,translated,text,89b50863af,br=0 nl=0,
ui/ui/staffroll/uil_staffroll_z.xml#4881,臼木　健士朗,臼木 健士朗,translated,text,1090fff2d5,br=0 nl=0,
ui/ui/staffroll/uil_staffroll_z.xml#4944,牛木　理人,牛木 理人,translated,text,ca73dcc9cd,br=0 nl=0,
ui/ui/staffroll/uil_staffroll_z.xml#5006,米山　有佳子,米山 有佳子,translated,text,e96a0b5e30,br=0 nl=0,
ui/ui/staffroll/uil_staffroll_z.xml#5069,塩谷　綾子,盐谷 绫子,translated,text,0cfe91802f,br=0 nl=0,
ui/ui/staffroll/uil_staffroll_z.xml#5131,松嵜　麗,松崎 丽,translated,text,24dac1be7c,br=0 nl=0,
ui/ui/staffroll/uil_staffroll_z.xml#5192,半澤　敦,半泽 敦,translated,text,ede7d72eb3,br=0 nl=0,
ui/ui/staffroll/uil_staffroll_z.xml#5253,森山　和輝,森山 和辉,translated,text,9d24ae6a64,br=0 nl=0,
ui/ui/staffroll/uil_staffroll_z.xml#5315,河西　健吾,河西 健吾,translated,text,6aea4e166f,br=0 nl=0,
ui/ui/staffroll/uil_staffroll_z.xml#5377,菊地　達弘,菊地 达弘,translated,text,3025c92e77,br=0 nl=0,
ui/ui/staffroll/uil_staffroll_z.xml#5439,森山　和輝,森山 和辉,translated,text,9d24ae6a64,br=0 nl=0,
ui/ui/staffroll/uil_staffroll_z.xml#5501,桑原　由気,桑原 由气,translated,text,1346d1326a,br=0 nl=0,
ui/ui/staffroll/uil_staffroll_z.xml#5563,高野　麻里佳,高野 麻里佳,translated,text,0f9a1e2847,br=0 nl=0,
ui/ui/staffroll/uil_staffroll_z.xml#5626,佐藤　あずさ,佐藤 梓,translated,text,394e612528,br=0 nl=0,
ui/ui/staffroll/uil_staffroll_z.xml#5689,辻　あゆみ ,辻 步美,translated,text,bdb6c8034b,br=0 nl=0,
ui/ui/staffroll/uil_staffroll_z.xml#5752,廣田　悠美,广田 悠美,translated,text,c4c77ccc0a,br=0 nl=0,
ui/ui/staffroll/uil_staffroll_z.xml#5814,松本　忍,松本 忍,translated,text,e3f5e19deb,br=0 nl=0,
ui/ui/staffroll/uil_staffroll_z.xml#5875,越田　直樹,越田 直树,translated,text,66c747016d,br=0 nl=0,
ui/ui/staffroll/uil_staffroll_z.xml#5937,大西　真央,大西 真央,translated,text,2110c6d7c7,br=0 nl=0,
ui/ui/staffroll/uil_staffroll_z.xml#5999,奥村　翔,奥村 翔,translated,text,a7d0e61c95,br=0 nl=0,
ui/ui/staffroll/uil_staffroll_z.xml#6060,茂木　たかまさ,茂木 孝将,translated,text,181598d2e4,br=0 nl=0,
ui/ui/staffroll/uil_staffroll_z.xml#6124,中村　桜,中村 樱,translated,text,4991324810,br=0 nl=0,
ui/ui/staffroll/uil_staffroll_z.xml#6185,高井　舞香,高井 舞香,translated,text,19d0fa6801,br=0 nl=0,
ui/ui/staffroll/uil_staffroll_z.xml#6325,プランナーズセクション,策划部门,translated,text,0d32843cb5,br=0 nl=0,
ui/ui/staffroll/uil_staffroll_z.xml#6394,赤本　憲一,赤本 宪一,translated,text,ad611cf688,br=0 nl=0,
ui/ui/staffroll/uil_staffroll_z.xml#6456,梅田　雅武,梅田 雅武,translated,text,bcb88320ab,br=0 nl=0,
ui/ui/staffroll/uil_staffroll_z.xml#6518,村岡　剛弥,村冈 刚弥,translated,text,0e75a921bc,br=0 nl=0,
ui/ui/staffroll/uil_staffroll_z.xml#6580,加藤　周太,加藤 周太,translated,text,ddca2f6427,br=0 nl=0,
ui/ui/staffroll/uil_staffroll_z.xml#6642,松岡　大樹,松冈 大树,translated,text,d372601979,br=0 nl=0,
ui/ui/staffroll/uil_staffroll_z.xml#6704,田中　俊明,田中 俊明,translated,text,1d00fedc6b,br=0 nl=0,
ui/ui/staffroll/uil_staffroll_z.xml#6766,本田　響己,本田 响己,translated,text,dc0235233e,br=0 nl=0,
ui/ui/staffroll/uil_staffroll_z.xml#6828,プログラマーズセクション,程序员部门,translated,text,44c735ef17,br=0 nl=0,
ui/ui/staffroll/uil_staffroll_z.xml#6898,髙山　雅俊,高山 雅俊,translated,text,2b05fc035d,br=0 nl=0,
ui/ui/staffroll/uil_staffroll_z.xml#6960,金澤　佑介,金泽 佑介,translated,text,2038649a07,br=0 nl=0,
ui/ui/staffroll/uil_staffroll_z.xml#7022,山之口　操,山之口 操,translated,text,b0122ef9d0,br=0 nl=0,
ui/ui/staffroll/uil_staffroll_z.xml#7084,大田　尚明,大田 尚明,translated,text,74d4e53ec8,br=0 nl=0,
ui/ui/staffroll/uil_staffroll_z.xml#7146,難波　亮,难波 亮,translated,text,9377b6d3a4,br=0 nl=0,
ui/ui/staffroll/uil_staffroll_z.xml#7207,臼田　亜斗務,臼田 亚斗务,translated,text,020f1a7e76,br=0 nl=0,
ui/ui/staffroll/uil_staffroll_z.xml#7270,桂山　豪,桂山 豪,translated,text,1c84ff1e78,br=0 nl=0,
ui/ui/staffroll/uil_staffroll_z.xml#7331,佐藤　和也,佐藤 和也,translated,text,30834084ba,br=0 nl=0,
ui/ui/staffroll/uil_staffroll_z.xml#7393,山﨑　康平,山崎 康平,translated,text,ffb250d30a,br=0 nl=0,
ui/ui/staffroll/uil_staffroll_z.xml#7455,山下　真心,山下 真心,translated,text,61f5e37636,br=0 nl=0,
ui/ui/staffroll/uil_staffroll_z.xml#7517,デザイナーズセクション,设计师部门,translated,text,4ec447bf85,br=0 nl=0,
ui/ui/staffroll/uil_staffroll_z.xml#7586,CGディレクター,CG总监,translated,text,13d644da31,br=0 nl=0,
ui/ui/staffroll/uil_staffroll_z.xml#7648,岩瀬　智至,岩濑 智至,translated,text,e639b9e580,br=0 nl=0,
ui/ui/staffroll/uil_staffroll_z.xml#7710,キャラクターモデル,角色模型,translated,text,847a6758ec,br=0 nl=0,
ui/ui/staffroll/uil_staffroll_z.xml#7773,鈴木　康浩,铃木 康浩,translated,text,4ba488d04a,br=0 nl=0,
ui/ui/staffroll/uil_staffroll_z.xml#7835,早﨑　七海,早崎 七海,translated,text,1f6d7c33b0,br=0 nl=0,
ui/ui/staffroll/uil_staffroll_z.xml#7897,背景モデル,背景模型,translated,text,54bea4a2cc,br=0 nl=0,
ui/ui/staffroll/uil_staffroll_z.xml#7956,飯島　理恵,饭岛 理惠,translated,text,deda665c29,br=0 nl=0,
ui/ui/staffroll/uil_staffroll_z.xml#8018,インターフェースデザイン,界面设计,translated,text,c1c661b0bb,br=0 nl=0,
ui/ui/staffroll/uil_staffroll_z.xml#8084,馬場　博美,马场 博美,translated,text,2c333deaa0,br=0 nl=0,
ui/ui/staffroll/uil_staffroll_z.xml#8426,映像編集,影像编辑,translated,text,2bb223e3c0,br=0 nl=0,
ui/ui/staffroll/uil_staffroll_z.xml#8484,有馬　真作,有马 真作,translated,text,e32c2634a1,br=0 nl=0,
ui/ui/staffroll/uil_staffroll_z.xml#8546,斉藤　康信,齐藤 康信,translated,text,70a94fe358,br=0 nl=0,
ui/ui/staffroll/uil_staffroll_z.xml#8608,CG制作管理,CG制作管理,translated,text,4ea12195e3,br=0 nl=0,
ui/ui/staffroll/uil_staffroll_z.xml#8668,江川　弥寿生,江川 弥寿生,translated,text,f368d66cf7,br=0 nl=0,
ui/ui/staffroll/uil_staffroll_z.xml#8731,サウンドセクション,音效部门,translated,text,f692631407,br=0 nl=0,
ui/ui/staffroll/uil_staffroll_z.xml#8798,サウンドディレクター,音效总监,translated,text,87caf5e3c1,br=0 nl=0,
ui/ui/staffroll/uil_staffroll_z.xml#8862,高橋 洋明,高桥 洋明,translated,text,7d715a66f1,br=0 nl=0,
ui/ui/staffroll/uil_staffroll_z.xml#8924,天津光栄特庫摩軟件有限公司,天津光荣特库摩软件有限公司,translated,text,8a7dbadc6f,br=0 nl=0,
ui/ui/staffroll/uil_staffroll_z.xml#8995,デベロップメントマネージャー,开发经理,translated,text,a3540a5b0b,br=0 nl=0,
ui/ui/staffroll/uil_staffroll_z.xml#9063,安　曄,安 晔,translated,text,4b7cd118fa,br=0 nl=0,
ui/ui/staffroll/uil_staffroll_z.xml#9123,陳　皓,陈 皓,translated,text,dc3efeabc9,br=0 nl=0,
ui/ui/staffroll/uil_staffroll_z.xml#9183,プログラマー,程序员,translated,text,00a1706077,br=0 nl=0,
ui/ui/staffroll/uil_staffroll_z.xml#9243,岳　凱,岳 凯,translated,text,632d70a250,br=0 nl=0,
ui/ui/staffroll/uil_staffroll_z.xml#9303,陳　永飛,陈 永飞,translated,text,d262704611,br=0 nl=0,
ui/ui/staffroll/uil_staffroll_z.xml#9364,王　岩,王 岩,translated,text,55dc179b66,br=0 nl=0,
ui/ui/staffroll/uil_staffroll_z.xml#9424,孫　家琛,孙 家琛,translated,text,685b83afc1,br=0 nl=0,
ui/ui/staffroll/uil_staffroll_z.xml#9485,程　青舟,程 青舟,translated,text,27beff94b3,br=0 nl=0,
ui/ui/staffroll/uil_staffroll_z.xml#9546,劉　唯揚,刘 唯扬,translated,text,c2911ed2d9,br=0 nl=0,
ui/ui/staffroll/uil_staffroll_z.xml#9607,張　昊,张 昊,translated,text,275df0df5e,br=0 nl=0,
ui/ui/staffroll/uil_staffroll_z.xml#9667,デザイナー,设计师,translated,text,ed058a1ab0,br=0 nl=0,
ui/ui/staffroll/uil_staffroll_z.xml#9726,田　雪嬌,田 雪娇,translated,text,a11cdcd193,br=0 nl=0,
ui/ui/staffroll/uil_staffroll_z.xml#9787,広報,宣传,translated,text,6746eee8d6,br=0 nl=0,
ui/ui/staffroll/uil_staffroll_z.xml#9847,PRマーケティング,公关营销,translated,text,954a61299a,br=0 nl=0,
ui/ui/staffroll/uil_staffroll_z.xml#9910,吉川　真人,吉川 真人,translated,text,8a2ba50898,br=0 nl=0,
ui/ui/staffroll/uil_staffroll_z.xml#9972,水上　冴理,水上 冴理,translated,text,e4f4fa1d6a,br=0 nl=0,
ui/ui/staffroll/uil_staffroll_z.xml#10034,ソフトウェアマニュアル,软件手册,translated,text,9b5617111b,br=0 nl=0,
ui/ui/staffroll/uil_staffroll_z.xml#10103,加藤　雅大,加藤 雅大,translated,text,91bf91643d,br=0 nl=0,
ui/ui/staffroll/uil_staffroll_z.xml#10165,辻　槙人,辻 槙人,translated,text,c1cb4f06f8,br=0 nl=0,
ui/ui/staffroll/uil_staffroll_z.xml#10226,QAスタッフ,QA人员,translated,text,36ff45b240,br=0 nl=0,
ui/ui/staffroll/uil_staffroll_z.xml#10290,長谷川　茂,长谷川 茂,translated,text,3814329436,br=0 nl=0,
ui/ui/staffroll/uil_staffroll_z.xml#10352,キャラクターデザイン,角色设计,translated,text,34ac32a91f,br=0 nl=0,
ui/ui/staffroll/uil_staffroll_z.xml#10420,キャラクターイラスト,角色插画,translated,text,8ffb0bbffd,br=0 nl=0,
ui/ui/staffroll/uil_staffroll_z.xml#10549,パッケージイラスト,包装插画,translated,text,11036680bc,br=0 nl=0,
ui/ui/staffroll/uil_staffroll_z.xml#10616,フブキ,吹雪,translated,text,40f5527db7,br=0 nl=0,
ui/ui/staffroll/uil_staffroll_z.xml#10676,ワールドデザイン,世界设定设计,translated,text,a0094128c7,br=0 nl=0,
ui/ui/staffroll/uil_staffroll_z.xml#10742,松本　秀幸,松本 秀幸,translated,text,cac6e320dc,br=0 nl=0,
ui/ui/staffroll/uil_staffroll_z.xml#10865,コスチュームデザイン,服装设计,translated,text,b483d19059,br=0 nl=0,
ui/ui/staffroll/uil_staffroll_z.xml#10994,川松　由典,川松 由典,translated,text,654827f5ab,br=0 nl=0,
ui/ui/staffroll/uil_staffroll_z.xml#11056,桑田　ヤスヒロ,桑田 康弘,translated,text,6dec656f3b,br=0 nl=0,
ui/ui/staffroll/uil_staffroll_z.xml#11120,燕藤　ユウ,燕藤 悠,translated,text,8c84789206,br=0 nl=0,
ui/ui/staffroll/uil_staffroll_z.xml#11182,タスクテロップ・SDキャラデザイン,任务字幕・Q版角色设计,translated,text,158e93640f,br=0 nl=0,
ui/ui/staffroll/uil_staffroll_z.xml#11257,芹沢えのの,芹泽 Enono,translated,text,607d0edcc0,br=0 nl=0,
ui/ui/staffroll/uil_staffroll_z.xml#11319,シナリオ・脚本,剧本・脚本,translated,text,5b884ebd35,br=0 nl=0,
ui/ui/staffroll/uil_staffroll_z.xml#11384,夢セカイパート,梦世界部分,translated,text,aea66df668,br=0 nl=0,
ui/ui/staffroll/uil_staffroll_z.xml#11448,脚本,剧本,translated,text,7fbccbeb8a,br=0 nl=0,
ui/ui/staffroll/uil_staffroll_z.xml#11504,和泉　亮,和泉 亮,translated,text,eafef1a497,br=0 nl=0,
ui/ui/staffroll/uil_staffroll_z.xml#11565,花野　十三,花野 十三,translated,text,9990db3f0b,br=0 nl=0,
ui/ui/staffroll/uil_staffroll_z.xml#11627,谷村　大四郎,谷村 大四郎,translated,text,40c336b78f,br=0 nl=0,
ui/ui/staffroll/uil_staffroll_z.xml#11760,デザイン・モデリング・アニメーション,设计・建模・动画,translated,text,38967eaa41,br=0 nl=0,
ui/ui/staffroll/uil_staffroll_z.xml#11836,株式会社FlightUNIT,株式会社FlightUNIT,translated,text,1da69201f4,br=0 nl=0,
ui/ui/staffroll/uil_staffroll_z.xml#11907,キャラクターデザイン,角色设计,translated,text,34ac32a91f,br=0 nl=0,
ui/ui/staffroll/uil_staffroll_z.xml#12032,キャラクターモデリング,角色建模,translated,text,8148a92946,br=0 nl=0,
ui/ui/staffroll/uil_staffroll_z.xml#12097,桑田　まり子,桑田 真理子,translated,text,9a7ef2f3de,br=0 nl=0,
ui/ui/staffroll/uil_staffroll_z.xml#12160,川松　由典,川松 由典,translated,text,654827f5ab,br=0 nl=0,
ui/ui/staffroll/uil_staffroll_z.xml#12222,ワールドモデリング,世界建模,translated,text,8443ae1813,br=0 nl=0,
ui/ui/staffroll/uil_staffroll_z.xml#12346,川松　由典,川松 由典,translated,text,654827f5ab,br=0 nl=0,
ui/ui/staffroll/uil_staffroll_z.xml#12408,シャールデザイン,夏尔设计,translated,text,9d9cefacba,br=0 nl=0,
ui/ui/staffroll/uil_staffroll_z.xml#12531,川松　由典,川松 由典,translated,text,654827f5ab,br=0 nl=0,
ui/ui/staffroll/uil_staffroll_z.xml#12593,シャールモデリング,夏尔建模,translated,text,9e768da080,br=0 nl=0,
ui/ui/staffroll/uil_staffroll_z.xml#12656,川松　由典,川松 由典,translated,text,654827f5ab,br=0 nl=0,
ui/ui/staffroll/uil_staffroll_z.xml#12718,キャラクターアニメーション,角色动画,translated,text,6245f96f88,br=0 nl=0,
ui/ui/staffroll/uil_staffroll_z.xml#12785,山口　力哉,山口 力哉,translated,text,9db200242b,br=0 nl=0,
ui/ui/staffroll/uil_staffroll_z.xml#12847,テクニカルエンジニア,技术工程师,translated,text,1f8b0ef79d,br=0 nl=0,
ui/ui/staffroll/uil_staffroll_z.xml#12911,乱道,乱道,translated,text,afcfc8f99b,br=0 nl=0,
ui/ui/staffroll/uil_staffroll_z.xml#12970,大坪　俊介,大坪 俊介,translated,text,e4a7f6282a,br=0 nl=0,
ui/ui/staffroll/uil_staffroll_z.xml#13032,キャラクターセットアップ,角色装配,translated,text,2d9c1a161a,br=0 nl=0,
ui/ui/staffroll/uil_staffroll_z.xml#13098,大坪　俊介,大坪 俊介,translated,text,e4a7f6282a,br=0 nl=0,
ui/ui/staffroll/uil_staffroll_z.xml#13160,川松　由典,川松 由典,translated,text,654827f5ab,br=0 nl=0,
ui/ui/staffroll/uil_staffroll_z.xml#13222,マネジメント,管理,translated,text,644f6dd8a3,br=0 nl=0,
ui/ui/staffroll/uil_staffroll_z.xml#13282,松本　浩幸,松本 浩幸,translated,text,31c3a3098b,br=0 nl=0,
ui/ui/staffroll/uil_staffroll_z.xml#13344,背景描画,背景绘制,translated,text,7c693fd5dd,br=0 nl=0,
ui/ui/staffroll/uil_staffroll_z.xml#13406,松本　秀幸,松本 秀幸,translated,text,cac6e320dc,br=0 nl=0,
ui/ui/staffroll/uil_staffroll_z.xml#13468,藤野　健,藤野 健,translated,text,c8f847de19,br=0 nl=0,
ui/ui/staffroll/uil_staffroll_z.xml#13529,(千住工房),(千住工房),translated,text,72db564c31,br=0 nl=0,
ui/ui/staffroll/uil_staffroll_z.xml#13592,ムービー制作,影像制作,translated,text,76380644cd,br=0 nl=0,
ui/ui/staffroll/uil_staffroll_z.xml#13656,演出,演出,translated,text,7084a5c4b4,br=0 nl=0,
ui/ui/staffroll/uil_staffroll_z.xml#13712,蜂屋　雅幸,蜂屋 雅幸,translated,text,bacd8a88e9,br=0 nl=0,
ui/ui/staffroll/uil_staffroll_z.xml#13774,制作協力,制作协力,translated,text,06c1dc4d63,br=0 nl=0,
ui/ui/staffroll/uil_staffroll_z.xml#13893,背景,背景,translated,text,b13d33a528,br=0 nl=0,
ui/ui/staffroll/uil_staffroll_z.xml#13949,藤野　健,藤野 健,translated,text,c8f847de19,br=0 nl=0,
ui/ui/staffroll/uil_staffroll_z.xml#14010,(千住工房),(千住工房),translated,text,72db564c31,br=0 nl=0,
ui/ui/staffroll/uil_staffroll_z.xml#14129,蜂屋　雅幸,蜂屋 雅幸,translated,text,bacd8a88e9,br=0 nl=0,
ui/ui/staffroll/uil_staffroll_z.xml#14191,嘉藤　公紀,嘉藤 公纪,translated,text,b11bc7bcd0,br=0 nl=0,
ui/ui/staffroll/uil_staffroll_z.xml#14253,デザイン・グラフィック,设计・平面,translated,text,9c670269cd,br=0 nl=0,
ui/ui/staffroll/uil_staffroll_z.xml#14318,村澤　晴海,村泽 晴海,translated,text,ccc3eb0e5b,br=0 nl=0,
ui/ui/staffroll/uil_staffroll_z.xml#14380,目黒　久美子,目黑 久美子,translated,text,e42a1e5bcf,br=0 nl=0,
ui/ui/staffroll/uil_staffroll_z.xml#14443,制作進行管理,制作进度管理,translated,text,fce087be8d,br=0 nl=0,
ui/ui/staffroll/uil_staffroll_z.xml#14503,高橋　真,高桥 真,translated,text,0418a4adc3,br=0 nl=0,
ui/ui/staffroll/uil_staffroll_z.xml#14564,キャラクターアニメーション,角色动画,translated,text,6245f96f88,br=0 nl=0,
ui/ui/staffroll/uil_staffroll_z.xml#14631,山口　力哉,山口 力哉,translated,text,9db200242b,br=0 nl=0,
ui/ui/staffroll/uil_staffroll_z.xml#14693,大法要祝詞,大法要祝词,translated,text,de34d54786,br=0 nl=0,
ui/ui/staffroll/uil_staffroll_z.xml#14756,協力,协力,translated,text,1a054b3135,br=0 nl=0,
ui/ui/staffroll/uil_staffroll_z.xml#14881,バックグラウンドミュージック,背景音乐,translated,text,a5e60b8440,br=0 nl=0,
ui/ui/staffroll/uil_staffroll_z.xml#14953,コンポーザー,作曲家,translated,text,259843924f,br=0 nl=0,
ui/ui/staffroll/uil_staffroll_z.xml#15013,志方　あきこ,志方 晶子,translated,text,05f122732c,br=0 nl=0,
ui/ui/staffroll/uil_staffroll_z.xml#15282,音響,音效,translated,text,a94ecabc3c,br=0 nl=0,
ui/ui/staffroll/uil_staffroll_z.xml#15342,音響監督,音效总监,translated,text,e4bfb6b35d,br=0 nl=0,
ui/ui/staffroll/uil_staffroll_z.xml#15400,納谷　僚介,纳谷 僚介,translated,text,d0a88d7501,br=0 nl=0,
ui/ui/staffroll/uil_staffroll_z.xml#15462,録音調整,录音调整,translated,text,bdaaaa1218,br=0 nl=0,
ui/ui/staffroll/uil_staffroll_z.xml#15520,田中　直也,田中 直也,translated,text,a61c475fb5,br=0 nl=0,
ui/ui/staffroll/uil_staffroll_z.xml#15582,録音助手,录音助手,translated,text,2cd5fceb80,br=0 nl=0,
ui/ui/staffroll/uil_staffroll_z.xml#15640,三田　颯,三田 飒,translated,text,36385611f0,br=0 nl=0,
ui/ui/staffroll/uil_staffroll_z.xml#15701,道下　彩,道下 彩,translated,text,d5f8dc474d,br=0 nl=0,
ui/ui/staffroll/uil_staffroll_z.xml#15762,宮林　良太,宫林 良太,translated,text,0f70c3cd9a,br=0 nl=0,
ui/ui/staffroll/uil_staffroll_z.xml#15824,音響制作,音效制作,translated,text,3ba07c72e1,br=0 nl=0,
ui/ui/staffroll/uil_staffroll_z.xml#15951,音声編集,音频编辑,translated,text,e38d80f3d6,br=0 nl=0,
ui/ui/staffroll/uil_staffroll_z.xml#16013,株式会社ブレイブハーツ,株式会社Brave Hearts,translated,text,e92fbd661d,br=0 nl=0,
ui/ui/staffroll/uil_staffroll_z.xml#16081,デバッグ,调试,translated,text,93640dad3a,br=0 nl=0,
ui/ui/staffroll/uil_staffroll_z.xml#16143,ポールトゥウィン株式会社,株式会社Pole To Win,translated,text,cda47e17fb,br=0 nl=0,
ui/ui/staffroll/uil_staffroll_z.xml#16212,三田村　理史,三田村 理史,translated,text,471a7652f7,br=0 nl=0,
ui/ui/staffroll/uil_staffroll_z.xml#16275,山崎　乙,山崎 乙,translated,text,8f70623b22,br=0 nl=0,
ui/ui/staffroll/uil_staffroll_z.xml#16336,牧　睦美,牧 睦美,translated,text,36499eaf9d,br=0 nl=0,
ui/ui/staffroll/uil_staffroll_z.xml#16397,木村　知生,木村 知生,translated,text,f4f07268a4,br=0 nl=0,
ui/ui/staffroll/uil_staffroll_z.xml#16459,宮下　廣大,宫下 广大,translated,text,4c64af3cd0,br=0 nl=0,
ui/ui/staffroll/uil_staffroll_z.xml#16521,【シェルノサージュ・ゲームパート】,【Ciel nosurge游戏部分】,translated,text,9248244bef,br=0 nl=0,
ui/ui/staffroll/uil_staffroll_z.xml#16596,ワールドイラスト,世界插画,translated,text,5cd301b8d2,br=0 nl=0,
ui/ui/staffroll/uil_staffroll_z.xml#16662,松本　秀幸,松本 秀幸,translated,text,cac6e320dc,br=0 nl=0,
ui/ui/staffroll/uil_staffroll_z.xml#16724,加藤　たいら,加藤 泰良,translated,text,06ffb04cd0,br=0 nl=0,
ui/ui/staffroll/uil_staffroll_z.xml#16787,株式会社千住工房,株式会社千住工房,translated,text,3de756af57,br=0 nl=0,
ui/ui/staffroll/uil_staffroll_z.xml#16852,杉本　あゆみ,杉本 亚由美,translated,text,0cc43ca50f,br=0 nl=0,
ui/ui/staffroll/uil_staffroll_z.xml#16915,小林　雅代,小林 雅代,translated,text,b0113f997a,br=0 nl=0,
ui/ui/staffroll/uil_staffroll_z.xml#16977,藤野　健,藤野 健,translated,text,c8f847de19,br=0 nl=0,
ui/ui/staffroll/uil_staffroll_z.xml#17038,山梨　彩子,山梨 彩子,translated,text,b952ec77ac,br=0 nl=0,
ui/ui/staffroll/uil_staffroll_z.xml#17100,株式会社ロジスティックス,株式会社Logistics,translated,text,8ec59442f3,br=0 nl=0,
ui/ui/staffroll/uil_staffroll_z.xml#17169,チーム・ティルドーン,Team TillDawn,translated,text,20dce76a53,br=0 nl=0,
ui/ui/staffroll/uil_staffroll_z.xml#17233,宮越　歩,宫越 步,translated,text,fe37f2f67e,br=0 nl=0,
ui/ui/staffroll/uil_staffroll_z.xml#17294,川松　由典,川松 由典,translated,text,654827f5ab,br=0 nl=0,
ui/ui/staffroll/uil_staffroll_z.xml#17356,シナリオライターセクション,编剧部门,translated,text,a1348aacfb,br=0 nl=0,
ui/ui/staffroll/uil_staffroll_z.xml#17427,夢セカイパート,梦世界部分,translated,text,aea66df668,br=0 nl=0,
ui/ui/staffroll/uil_staffroll_z.xml#17491,脚本,剧本,translated,text,7fbccbeb8a,br=0 nl=0,
ui/ui/staffroll/uil_staffroll_z.xml#17547,谷村　大四郎 ,谷村 大四郎,translated,text,599df1a345,br=0 nl=0,
ui/ui/staffroll/uil_staffroll_z.xml#17680,花野　十三 ,花野 十三,translated,text,ec9f16e629,br=0 nl=0,
ui/ui/staffroll/uil_staffroll_z.xml#17805,和泉　亮 ,和泉 亮,translated,text,64981930da,br=0 nl=0,
ui/ui/staffroll/uil_staffroll_z.xml#17930,デザイナーズセクション,设计师部门,translated,text,4ec447bf85,br=0 nl=0,
ui/ui/staffroll/uil_staffroll_z.xml#17999,アイテムCG作成,道具CG制作,translated,text,4959dedafc,br=0 nl=0,
ui/ui/staffroll/uil_staffroll_z.xml#18061,小瀬　希,小濑 希,translated,text,31c8eb4891,br=0 nl=0,
ui/ui/staffroll/uil_staffroll_z.xml#18122,プログラマーズセクション,程序员部门,translated,text,44c735ef17,br=0 nl=0,
ui/ui/staffroll/uil_staffroll_z.xml#18192,【オフライン版制作】,【单机版制作】,translated,text,03d64cac73,br=0 nl=0,
ui/ui/staffroll/uil_staffroll_z.xml#18259,株式会社メテオライズ,株式会社Meteorise,translated,text,61cde65511,br=0 nl=0,
ui/ui/staffroll/uil_staffroll_z.xml#18326,デベロップメントマネージャー,开发经理,translated,text,a3540a5b0b,br=0 nl=0,
ui/ui/staffroll/uil_staffroll_z.xml#18394,渡邉　幸二,渡边 幸二,translated,text,a836876d7e,br=0 nl=0,
ui/ui/staffroll/uil_staffroll_z.xml#18456,リードプログラマー,主程序员,translated,text,9229f02856,br=0 nl=0,
ui/ui/staffroll/uil_staffroll_z.xml#18519,山本　哲也,山本 哲也,translated,text,3f4c63e01f,br=0 nl=0,
ui/ui/staffroll/uil_staffroll_z.xml#18581,新井　朗,新井 朗,translated,text,90f9b443bf,br=0 nl=0,
ui/ui/staffroll/uil_staffroll_z.xml#18642,井出　純平,井出 纯平,translated,text,539eef3cdb,br=0 nl=0,
ui/ui/staffroll/uil_staffroll_z.xml#18704,堀川　雄大,堀川 雄大,translated,text,0427e75ecf,br=0 nl=0,
ui/ui/staffroll/uil_staffroll_z.xml#18766,株式会社メテオライズ,株式会社Meteorise,translated,text,61cde65511,br=0 nl=0,
ui/ui/staffroll/uil_staffroll_z.xml#18833,HTTP ネットワーク モジュール,HTTP网络模块,translated,text,700b00a437,br=0 nl=0,
ui/ui/staffroll/uil_staffroll_z.xml#18904,渡邉　幸二,渡边 幸二,translated,text,a836876d7e,br=0 nl=0,
ui/ui/staffroll/uil_staffroll_z.xml#18966,シャール システム,夏尔系统,translated,text,3000840e0e,br=0 nl=0,
ui/ui/staffroll/uil_staffroll_z.xml#19029,山本　哲也,山本 哲也,translated,text,3f4c63e01f,br=0 nl=0,
ui/ui/staffroll/uil_staffroll_z.xml#19091,株式会社エクストリーム,株式会社Extreme,translated,text,98c9f61cf3,br=0 nl=0,
ui/ui/staffroll/uil_staffroll_z.xml#19159,プログラムサポート,程序支援,translated,text,26d10aad29,br=0 nl=0,
ui/ui/staffroll/uil_staffroll_z.xml#19222,加津間　聡,加津间 聪,translated,text,0781ac921c,br=0 nl=0,
ui/ui/staffroll/uil_staffroll_z.xml#19284,青木　一也,青木 一也,translated,text,c83b05964d,br=0 nl=0,
ui/ui/staffroll/uil_staffroll_z.xml#19346,ネットワークセクション,网络部门,translated,text,4e67a84cd1,br=0 nl=0,
ui/ui/staffroll/uil_staffroll_z.xml#19485,ウェブエンジニア,网页工程师,translated,text,6cb6815dad,br=0 nl=0,
ui/ui/staffroll/uil_staffroll_z.xml#19547,三島　功,三岛 功,translated,text,5b8e07376e,br=0 nl=0,
ui/ui/staffroll/uil_staffroll_z.xml#19608,(株)wizgeek,(株)wizgeek,translated,text,cd5a3764f1,br=0 nl=0,
ui/ui/staffroll/uil_staffroll_z.xml#19675,ウェブオペレーション,网页运维,translated,text,0299d42ed3,br=0 nl=0,
ui/ui/staffroll/uil_staffroll_z.xml#19739,仲田　享司,仲田 享司,translated,text,2a82ae3f5e,br=0 nl=0,
ui/ui/staffroll/uil_staffroll_z.xml#19801,３Ｄモデル＆モーション,3D模型与动作,translated,text,cfca7f34e9,br=0 nl=0,
ui/ui/staffroll/uil_staffroll_z.xml#19870,株式会社FlightUNIT,株式会社FlightUNIT,translated,text,1da69201f4,br=0 nl=0,
ui/ui/staffroll/uil_staffroll_z.xml#19941,アートディレクター,艺术总监,translated,text,c34e651c44,br=0 nl=0,
ui/ui/staffroll/uil_staffroll_z.xml#20065,メイン3Dモデリング,主3D建模,translated,text,7a817aa640,br=0 nl=0,
ui/ui/staffroll/uil_staffroll_z.xml#20190,3Dモデリング,3D建模,translated,text,a9229cb55f,br=0 nl=0,
ui/ui/staffroll/uil_staffroll_z.xml#20251,川松　由典,川松 由典,translated,text,654827f5ab,br=0 nl=0,
ui/ui/staffroll/uil_staffroll_z.xml#20313,桑田　まり子,桑田 真理子,translated,text,9a7ef2f3de,br=0 nl=0,
ui/ui/staffroll/uil_staffroll_z.xml#20376,燕藤　ユウ,燕藤 悠,translated,text,8c84789206,br=0 nl=0,
ui/ui/staffroll/uil_staffroll_z.xml#20438,ワールドモデリング,世界建模,translated,text,8443ae1813,br=0 nl=0,
ui/ui/staffroll/uil_staffroll_z.xml#20501,川松　由典,川松 由典,translated,text,654827f5ab,br=0 nl=0,
ui/ui/staffroll/uil_staffroll_z.xml#20563,大坪　俊介,大坪 俊介,translated,text,e4a7f6282a,br=0 nl=0,
ui/ui/staffroll/uil_staffroll_z.xml#20625,桑田　まり子,桑田 真理子,translated,text,9a7ef2f3de,br=0 nl=0,
ui/ui/staffroll/uil_staffroll_z.xml#20688,シャールデザイン,夏尔设计,translated,text,9d9cefacba,br=0 nl=0,
ui/ui/staffroll/uil_staffroll_z.xml#20811,川松　由典,川松 由典,translated,text,654827f5ab,br=0 nl=0,
ui/ui/staffroll/uil_staffroll_z.xml#20873,シャールモデリング,夏尔建模,translated,text,9e768da080,br=0 nl=0,
ui/ui/staffroll/uil_staffroll_z.xml#20936,川松　由典,川松 由典,translated,text,654827f5ab,br=0 nl=0,
ui/ui/staffroll/uil_staffroll_z.xml#20998,高橋　聖,高桥 圣,translated,text,dfbf0ca1c6,br=0 nl=0,
ui/ui/staffroll/uil_staffroll_z.xml#21059,桑田　まり子,桑田 真理子,translated,text,9a7ef2f3de,br=0 nl=0,
ui/ui/staffroll/uil_staffroll_z.xml#21122,メインアニメーター,主动画师,translated,text,4a9646d5bb,br=0 nl=0,
ui/ui/staffroll/uil_staffroll_z.xml#21185,山口　力哉,山口 力哉,translated,text,9db200242b,br=0 nl=0,
ui/ui/staffroll/uil_staffroll_z.xml#21247,キャラクターアニメーション,角色动画,translated,text,6245f96f88,br=0 nl=0,
ui/ui/staffroll/uil_staffroll_z.xml#21314,矢戸　恵,矢户 惠,translated,text,98bd1a2e46,br=0 nl=0,
ui/ui/staffroll/uil_staffroll_z.xml#21436,イベントプログラム,事件程序,translated,text,45c20cb56a,br=0 nl=0,
ui/ui/staffroll/uil_staffroll_z.xml#21499,乱道,乱道,translated,text,afcfc8f99b,br=0 nl=0,
ui/ui/staffroll/uil_staffroll_z.xml#21558,テクニカルエンジニア,技术工程师,translated,text,1f8b0ef79d,br=0 nl=0,
ui/ui/staffroll/uil_staffroll_z.xml#21622,乱道,乱道,translated,text,afcfc8f99b,br=0 nl=0,
ui/ui/staffroll/uil_staffroll_z.xml#21681,大坪　俊介,大坪 俊介,translated,text,e4a7f6282a,br=0 nl=0,
ui/ui/staffroll/uil_staffroll_z.xml#21743,キャラクターセットアップ,角色装配,translated,text,2d9c1a161a,br=0 nl=0,
ui/ui/staffroll/uil_staffroll_z.xml#21809,大坪　俊介,大坪 俊介,translated,text,e4a7f6282a,br=0 nl=0,
ui/ui/staffroll/uil_staffroll_z.xml#21871,矢戸　恵,矢户 惠,translated,text,98bd1a2e46,br=0 nl=0,
ui/ui/staffroll/uil_staffroll_z.xml#21932,インターフェイスデザイン,界面设计,translated,text,8fe4dab4e8,br=0 nl=0,
ui/ui/staffroll/uil_staffroll_z.xml#22059,桑田　まり子,桑田 真理子,translated,text,9a7ef2f3de,br=0 nl=0,
ui/ui/staffroll/uil_staffroll_z.xml#22122,マネジメント,管理,translated,text,644f6dd8a3,br=0 nl=0,
ui/ui/staffroll/uil_staffroll_z.xml#22182,松本　浩幸,松本 浩幸,translated,text,31c3a3098b,br=0 nl=0,
ui/ui/staffroll/uil_staffroll_z.xml#22244,オープニングムービー,片头影像,translated,text,bddc00b466,br=0 nl=0,
ui/ui/staffroll/uil_staffroll_z.xml#22312,絵コンテ・演出,分镜・演出,translated,text,c1285163f7,br=0 nl=0,
ui/ui/staffroll/uil_staffroll_z.xml#22434,ディレクター　,总监,translated,text,135e67823a,br=0 nl=0,
ui/ui/staffroll/uil_staffroll_z.xml#22495,嘉藤　公紀,嘉藤 公纪,translated,text,b11bc7bcd0,br=0 nl=0,
ui/ui/staffroll/uil_staffroll_z.xml#22613,浅尾　憲治,浅尾 宪治,translated,text,6bc5e803d3,br=0 nl=0,
ui/ui/staffroll/uil_staffroll_z.xml#22675,蜂屋　雅幸,蜂屋 雅幸,translated,text,bacd8a88e9,br=0 nl=0,
ui/ui/staffroll/uil_staffroll_z.xml#22737,森中　亮,森中 亮,translated,text,d2b56e5d7c,br=0 nl=0,
ui/ui/staffroll/uil_staffroll_z.xml#22798,製作,制作,translated,text,53c6bc4ef7,br=0 nl=0,
ui/ui/staffroll/uil_staffroll_z.xml#22854,ポイント・ピクチャーズ,Point Pictures,translated,text,4b9cc20967,br=0 nl=0,
ui/ui/staffroll/uil_staffroll_z.xml#22922,プロモーションムービー,宣传影像,translated,text,375c066366,br=0 nl=0,
ui/ui/staffroll/uil_staffroll_z.xml#22991,ディレクター　,总监,translated,text,135e67823a,br=0 nl=0,
ui/ui/staffroll/uil_staffroll_z.xml#23052,浅尾　憲治,浅尾 宪治,translated,text,6bc5e803d3,br=0 nl=0,
ui/ui/staffroll/uil_staffroll_z.xml#23170,森　進二郞,森 进二郎,translated,text,564356e8ac,br=0 nl=0,
ui/ui/staffroll/uil_staffroll_z.xml#23232,村澤　晴海,村泽 晴海,translated,text,ccc3eb0e5b,br=0 nl=0,
ui/ui/staffroll/uil_staffroll_z.xml#23294,大塚　竹男,大冢 竹男,translated,text,ac5a7c666f,br=0 nl=0,
ui/ui/staffroll/uil_staffroll_z.xml#23356,製作,制作,translated,text,53c6bc4ef7,br=0 nl=0,
ui/ui/staffroll/uil_staffroll_z.xml#23412,ポイント・ピクチャーズ,Point Pictures,translated,text,4b9cc20967,br=0 nl=0,
ui/ui/staffroll/uil_staffroll_z.xml#23480,詩ムービー,诗歌影像,translated,text,03e84567a7,br=0 nl=0,
ui/ui/staffroll/uil_staffroll_z.xml#23606,ディレクター,总监,translated,text,074ca740ff,br=0 nl=0,
ui/ui/staffroll/uil_staffroll_z.xml#23667,絵コンテ・演出,分镜・演出,translated,text,c1285163f7,br=0 nl=0,
ui/ui/staffroll/uil_staffroll_z.xml#23791,キャラクターアニメーション,角色动画,translated,text,6245f96f88,br=0 nl=0,
ui/ui/staffroll/uil_staffroll_z.xml#23987,ディレクター,总监,translated,text,074ca740ff,br=0 nl=0,
ui/ui/staffroll/uil_staffroll_z.xml#24048,絵コンテ・演出,分镜・演出,translated,text,c1285163f7,br=0 nl=0,
ui/ui/staffroll/uil_staffroll_z.xml#24110,土屋 暁,土屋 晓,translated,text,865ad4fae5,br=0 nl=0,
ui/ui/staffroll/uil_staffroll_z.xml#24172,キャラクターアニメーション,角色动画,translated,text,6245f96f88,br=0 nl=0,
ui/ui/staffroll/uil_staffroll_z.xml#24240,山口　力哉,山口 力哉,translated,text,9db200242b,br=0 nl=0,
ui/ui/staffroll/uil_staffroll_z.xml#24360,嘉藤　公紀 [ep4],嘉藤 公纪 [ep4],translated,text,818d7a4bd5,br=0 nl=0,
ui/ui/staffroll/uil_staffroll_z.xml#24499,キャラクターアニメーション,角色动画,translated,text,6245f96f88,br=0 nl=0,
ui/ui/staffroll/uil_staffroll_z.xml#24567,山口　力哉,山口 力哉,translated,text,9db200242b,br=0 nl=0,
ui/ui/staffroll/uil_staffroll_z.xml#24694,株式会社PointPictures,株式会社PointPictures,translated,text,daf89233f1,br=0 nl=0,
ui/ui/staffroll/uil_staffroll_z.xml#24769,演出,演出,translated,text,7084a5c4b4,br=0 nl=0,
ui/ui/staffroll/uil_staffroll_z.xml#24826,蜂屋　雅幸,蜂屋 雅幸,translated,text,bacd8a88e9,br=0 nl=0,
ui/ui/staffroll/uil_staffroll_z.xml#24946,蜂屋　雅幸,蜂屋 雅幸,translated,text,bacd8a88e9,br=0 nl=0,
ui/ui/staffroll/uil_staffroll_z.xml#25009,嘉藤　公紀,嘉藤 公纪,translated,text,b11bc7bcd0,br=0 nl=0,
ui/ui/staffroll/uil_staffroll_z.xml#25072,デザイン・グラフィック,设计・平面,translated,text,9c670269cd,br=0 nl=0,
ui/ui/staffroll/uil_staffroll_z.xml#25138,村澤　晴海,村泽 晴海,translated,text,ccc3eb0e5b,br=0 nl=0,
ui/ui/staffroll/uil_staffroll_z.xml#25201,目黒　久美子,目黑 久美子,translated,text,e42a1e5bcf,br=0 nl=0,
ui/ui/staffroll/uil_staffroll_z.xml#25265,制作進行管理,制作进度管理,translated,text,fce087be8d,br=0 nl=0,
ui/ui/staffroll/uil_staffroll_z.xml#25326,高橋　真,高桥 真,translated,text,0418a4adc3,br=0 nl=0,
ui/ui/staffroll/uil_staffroll_z.xml#25388,ジェノミライムービー,杰诺米莱伊影像,translated,text,f6e7d2fd93,br=0 nl=0,
ui/ui/staffroll/uil_staffroll_z.xml#25457,制作,制作,translated,text,7d394484ec,br=0 nl=0,
ui/ui/staffroll/uil_staffroll_z.xml#25576,バックグラウンドミュージック,背景音乐,translated,text,a5e60b8440,br=0 nl=0,
ui/ui/staffroll/uil_staffroll_z.xml#25649,ミュージックディレクター,音乐总监,translated,text,d43c0fd3f4,br=0 nl=0,
ui/ui/staffroll/uil_staffroll_z.xml#25716,志方　あきこ,志方 晶子,translated,text,05f122732c,br=0 nl=0,
ui/ui/staffroll/uil_staffroll_z.xml#25780,コンポーザー,作曲家,translated,text,259843924f,br=0 nl=0,
ui/ui/staffroll/uil_staffroll_z.xml#25841,志方　あきこ,志方 晶子,translated,text,05f122732c,br=0 nl=0,
ui/ui/staffroll/uil_staffroll_z.xml#26114,アコースティックギター,原声吉他,translated,text,a7abba5538,br=0 nl=0,
ui/ui/staffroll/uil_staffroll_z.xml#26180,吉田　穣,吉田 穰,translated,text,c4ff906d3c,br=0 nl=0,
ui/ui/staffroll/uil_staffroll_z.xml#26242,エレキギター,电吉他,translated,text,1fa9044665,br=0 nl=0,
ui/ui/staffroll/uil_staffroll_z.xml#26303,吉田　穣,吉田 穰,translated,text,c4ff906d3c,br=0 nl=0,
ui/ui/staffroll/uil_staffroll_z.xml#26365,シタール,锡塔尔琴,translated,text,8f25ffe37e,br=0 nl=0,
ui/ui/staffroll/uil_staffroll_z.xml#26424,吉田　穣,吉田 穰,translated,text,c4ff906d3c,br=0 nl=0,
ui/ui/staffroll/uil_staffroll_z.xml#26486,ヴァイオリン,小提琴,translated,text,668c16f747,br=0 nl=0,
ui/ui/staffroll/uil_staffroll_z.xml#26547,大貫　聖子,大贯 圣子,translated,text,3869a50f95,br=0 nl=0,
ui/ui/staffroll/uil_staffroll_z.xml#26610,音響,音效,translated,text,a94ecabc3c,br=0 nl=0,
ui/ui/staffroll/uil_staffroll_z.xml#26671,音響監督,音效总监,translated,text,e4bfb6b35d,br=0 nl=0,
ui/ui/staffroll/uil_staffroll_z.xml#26730,納谷　僚介,纳谷 僚介,translated,text,d0a88d7501,br=0 nl=0,
ui/ui/staffroll/uil_staffroll_z.xml#26793,録音調整,录音调整,translated,text,bdaaaa1218,br=0 nl=0,
ui/ui/staffroll/uil_staffroll_z.xml#26852,田中　直也,田中 直也,translated,text,a61c475fb5,br=0 nl=0,
ui/ui/staffroll/uil_staffroll_z.xml#26915,録音助手,录音助手,translated,text,2cd5fceb80,br=0 nl=0,
ui/ui/staffroll/uil_staffroll_z.xml#26974,三田　颯,三田 飒,translated,text,36385611f0,br=0 nl=0,
ui/ui/staffroll/uil_staffroll_z.xml#27036,道下　彩,道下 彩,translated,text,d5f8dc474d,br=0 nl=0,
ui/ui/staffroll/uil_staffroll_z.xml#27098,音響制作,音效制作,translated,text,3ba07c72e1,br=0 nl=0,
ui/ui/staffroll/uil_staffroll_z.xml#27227,技術協力,技术协力,translated,text,09ac8b241a,br=0 nl=0,
ui/ui/staffroll/uil_staffroll_z.xml#27290,株式会社ＣＲＩ・ミドルウェア,株式会社CRI Middleware,translated,text,ddfc365935,br=0 nl=0,
ui/ui/staffroll/uil_staffroll_z.xml#27362,代表取締役専務ＣＴＯ,执行董事专务CTO,translated,text,e027789a7b,br=0 nl=0,
ui/ui/staffroll/uil_staffroll_z.xml#27427,押見　正雄,押见 正雄,translated,text,bb3d517d8c,br=0 nl=0,
ui/ui/staffroll/uil_staffroll_z.xml#27553,佐藤　修,佐藤 修,translated,text,8d20a19056,br=0 nl=0,
ui/ui/staffroll/uil_staffroll_z.xml#27615,鈴木　成門,铃木 成门,translated,text,151d8ce7cd,br=0 nl=0,
ui/ui/staffroll/uil_staffroll_z.xml#27678,郷原　亮,乡原 亮,translated,text,edafc04a4c,br=0 nl=0,
ui/ui/staffroll/uil_staffroll_z.xml#27740,水津　達也,水津 达也,translated,text,1b6339ac0a,br=0 nl=0,
ui/ui/staffroll/uil_staffroll_z.xml#27803,田中　孝,田中 孝,translated,text,6a01522493,br=0 nl=0,
ui/ui/staffroll/uil_staffroll_z.xml#27865,薄　　亮,薄 亮,translated,text,9be14828cf,br=0 nl=0,
ui/ui/staffroll/uil_staffroll_z.xml#27927,及川　進,及川 进,translated,text,564af3d63f,br=0 nl=0,
ui/ui/staffroll/uil_staffroll_z.xml#28055,漆畑　祐介,漆畑 佑介,translated,text,7b38215b37,br=0 nl=0,
ui/ui/staffroll/uil_staffroll_z.xml#28118,櫻井　敦史,樱井 敦史,translated,text,56fb1b2ef2,br=0 nl=0,
ui/ui/staffroll/uil_staffroll_z.xml#28243,花房　宏通,花房 宏通,translated,text,b03c5ceac2,br=0 nl=0,
ui/ui/staffroll/uil_staffroll_z.xml#28306,太田　政美,太田 政美,translated,text,84c8d1255b,br=0 nl=0,
ui/ui/staffroll/uil_staffroll_z.xml#28369,渡辺　大輔,渡边 大辅,translated,text,e1ba1468a3,br=0 nl=0,
ui/ui/staffroll/uil_staffroll_z.xml#28500,佐藤　修,佐藤 修,translated,text,8d20a19056,br=0 nl=0,
ui/ui/staffroll/uil_staffroll_z.xml#28562,デバッグ,调试,translated,text,93640dad3a,br=0 nl=0,
ui/ui/staffroll/uil_staffroll_z.xml#28625,ポールトゥウィン株式会社,株式会社Pole To Win,translated,text,cda47e17fb,br=0 nl=0,
ui/ui/staffroll/uil_staffroll_z.xml#28695,三田村 理史,三田村 理史,translated,text,77e158e1ae,br=0 nl=0,
ui/ui/staffroll/uil_staffroll_z.xml#28759,浅田　卓,浅田 卓,translated,text,adcb96dc81,br=0 nl=0,
ui/ui/staffroll/uil_staffroll_z.xml#28821,山崎　乙,山崎 乙,translated,text,8f70623b22,br=0 nl=0,
ui/ui/staffroll/uil_staffroll_z.xml#28883,大井 勇生,大井 勇生,translated,text,fcdda02341,br=0 nl=0,
ui/ui/staffroll/uil_staffroll_z.xml#28946,牧　睦美,牧 睦美,translated,text,36499eaf9d,br=0 nl=0,
ui/ui/staffroll/uil_staffroll_z.xml#29008,木村　知生,木村 知生,translated,text,f4f07268a4,br=0 nl=0,
ui/ui/staffroll/uil_staffroll_z.xml#29071,宮下　廣大,宫下 广大,translated,text,4c64af3cd0,br=0 nl=0,
ui/ui/staffroll/uil_staffroll_z.xml#29134,柴田　裕司,柴田 裕司,translated,text,13fa6f22df,br=0 nl=0,
ui/ui/staffroll/uil_staffroll_z.xml#29197,西原　正洋,西原 正洋,translated,text,1aa88db9f1,br=0 nl=0,
ui/ui/staffroll/uil_staffroll_z.xml#29260,高田　陽介,高田 阳介,translated,text,ec9fea6efa,br=0 nl=0,
ui/ui/staffroll/uil_staffroll_z.xml#29323,澤田　哲也,泽田 哲也,translated,text,bc595385ac,br=0 nl=0,
ui/ui/staffroll/uil_staffroll_z.xml#29386,渡邊　さや,渡边 沙耶,translated,text,a3fb83c85e,br=0 nl=0,
ui/ui/staffroll/uil_staffroll_z.xml#29449,山谷　武,山谷 武,translated,text,254588c758,br=0 nl=0,
ui/ui/staffroll/uil_staffroll_z.xml#29511,小川　早苗,小川 早苗,translated,text,116301b38a,br=0 nl=0,
ui/ui/staffroll/uil_staffroll_z.xml#29574,村川　雄一郎,村川 雄一郎,translated,text,93fd06889d,br=0 nl=0,
ui/ui/staffroll/uil_staffroll_z.xml#29638,挿入歌,插曲,translated,text,43505f0b2e,br=0 nl=0,
ui/ui/staffroll/uil_staffroll_z.xml#29700,#00『謳無き丘へ～Introduce Ver.～』,#00‘致无鸣之丘～Introduce Ver.～’,translated,text,abf88f0aa3,br=0 nl=0,src-longest-line=26
ui/ui/staffroll/uil_staffroll_z.xml#29784,ヴォーカル,主唱,translated,text,a9d22c4f25,br=0 nl=0,
ui/ui/staffroll/uil_staffroll_z.xml#29844,志方　あきこ,志方 晶子,translated,text,05f122732c,br=0 nl=0,
ui/ui/staffroll/uil_staffroll_z.xml#29908,コーラス,和声,translated,text,e6f23f00bd,br=0 nl=0,
ui/ui/staffroll/uil_staffroll_z.xml#29967,志方　あきこ,志方 晶子,translated,text,05f122732c,br=0 nl=0,
ui/ui/staffroll/uil_staffroll_z.xml#30031,作詞,作词,translated,text,37dd0a71d2,br=0 nl=0,
ui/ui/staffroll/uil_staffroll_z.xml#30088,土屋　暁,土屋 晓,translated,text,21998e95cc,br=0 nl=0,
ui/ui/staffroll/uil_staffroll_z.xml#30150,作曲,作曲,translated,text,779e678323,br=0 nl=0,
ui/ui/staffroll/uil_staffroll_z.xml#30207,土屋　暁,土屋 晓,translated,text,21998e95cc,br=0 nl=0,
ui/ui/staffroll/uil_staffroll_z.xml#30269,編曲,编曲,translated,text,0d9b094937,br=0 nl=0,
ui/ui/staffroll/uil_staffroll_z.xml#30326,志方　あきこ,志方 晶子,translated,text,05f122732c,br=0 nl=0,
ui/ui/staffroll/uil_staffroll_z.xml#30390,アコースティックギター,原声吉他,translated,text,a7abba5538,br=0 nl=0,
ui/ui/staffroll/uil_staffroll_z.xml#30456,田代　耕一郎,田代 耕一郎,translated,text,2b32bdbfd2,br=0 nl=0,
ui/ui/staffroll/uil_staffroll_z.xml#30520,アイリッシュブズーキー,爱尔兰布祖基琴,translated,text,d1c4382eb2,br=0 nl=0,
ui/ui/staffroll/uil_staffroll_z.xml#30586,田代　耕一郎,田代 耕一郎,translated,text,2b32bdbfd2,br=0 nl=0,
ui/ui/staffroll/uil_staffroll_z.xml#30725,ヴォーカル,主唱,translated,text,a9d22c4f25,br=0 nl=0,
ui/ui/staffroll/uil_staffroll_z.xml#30785,志方　あきこ,志方 晶子,translated,text,05f122732c,br=0 nl=0,
ui/ui/staffroll/uil_staffroll_z.xml#30849,コーラス,和声,translated,text,e6f23f00bd,br=0 nl=0,
ui/ui/staffroll/uil_staffroll_z.xml#30908,志方　あきこ,志方 晶子,translated,text,05f122732c,br=0 nl=0,
ui/ui/staffroll/uil_staffroll_z.xml#30972,作詞,作词,translated,text,37dd0a71d2,br=0 nl=0,
ui/ui/staffroll/uil_staffroll_z.xml#31029,志方　あきこ,志方 晶子,translated,text,05f122732c,br=0 nl=0,
ui/ui/staffroll/uil_staffroll_z.xml#31093,作曲,作曲,translated,text,779e678323,br=0 nl=0,
ui/ui/staffroll/uil_staffroll_z.xml#31150,志方　あきこ,志方 晶子,translated,text,05f122732c,br=0 nl=0,
ui/ui/staffroll/uil_staffroll_z.xml#31214,編曲,编曲,translated,text,0d9b094937,br=0 nl=0,
ui/ui/staffroll/uil_staffroll_z.xml#31271,志方　あきこ,志方 晶子,translated,text,05f122732c,br=0 nl=0,
ui/ui/staffroll/uil_staffroll_z.xml#31335,アコースティックギター,原声吉他,translated,text,a7abba5538,br=0 nl=0,
ui/ui/staffroll/uil_staffroll_z.xml#31401,田代　耕一郎,田代 耕一郎,translated,text,2b32bdbfd2,br=0 nl=0,
ui/ui/staffroll/uil_staffroll_z.xml#31465,カンテレ,康特勒琴,translated,text,99e23b542c,br=0 nl=0,
ui/ui/staffroll/uil_staffroll_z.xml#31524,田代　耕一郎,田代 耕一郎,translated,text,2b32bdbfd2,br=0 nl=0,
ui/ui/staffroll/uil_staffroll_z.xml#31588,パーカッション,打击乐,translated,text,b5c517e01d,br=0 nl=0,
ui/ui/staffroll/uil_staffroll_z.xml#31650,大石　真理恵,大石 真理惠,translated,text,59c84c61d6,br=0 nl=0,
ui/ui/staffroll/uil_staffroll_z.xml#31714,筝,筝,translated,text,e09f68108a,br=0 nl=0,
ui/ui/staffroll/uil_staffroll_z.xml#31770,中垣　雅葉,中垣 雅叶,translated,text,ec00152ffc,br=0 nl=0,
ui/ui/staffroll/uil_staffroll_z.xml#31833,#02『天地咆吼』,#02‘天地咆哮’,translated,text,54b41e4730,br=0 nl=0,
ui/ui/staffroll/uil_staffroll_z.xml#31900,ヴォーカル,主唱,translated,text,a9d22c4f25,br=0 nl=0,
ui/ui/staffroll/uil_staffroll_z.xml#31960,城　南海,城 南海,translated,text,0326f175b4,br=0 nl=0,
ui/ui/staffroll/uil_staffroll_z.xml#32022,コーラス,和声,translated,text,e6f23f00bd,br=0 nl=0,
ui/ui/staffroll/uil_staffroll_z.xml#32081,城　南海,城 南海,translated,text,0326f175b4,br=0 nl=0,
ui/ui/staffroll/uil_staffroll_z.xml#32143,作詞,作词,translated,text,37dd0a71d2,br=0 nl=0,
ui/ui/staffroll/uil_staffroll_z.xml#32200,志方　あきこ,志方 晶子,translated,text,05f122732c,br=0 nl=0,
ui/ui/staffroll/uil_staffroll_z.xml#32264,作曲,作曲,translated,text,779e678323,br=0 nl=0,
ui/ui/staffroll/uil_staffroll_z.xml#32321,志方　あきこ,志方 晶子,translated,text,05f122732c,br=0 nl=0,
ui/ui/staffroll/uil_staffroll_z.xml#32385,編曲,编曲,translated,text,0d9b094937,br=0 nl=0,
ui/ui/staffroll/uil_staffroll_z.xml#32442,志方　あきこ,志方 晶子,translated,text,05f122732c,br=0 nl=0,
ui/ui/staffroll/uil_staffroll_z.xml#32506,アコースティックギター,原声吉他,translated,text,a7abba5538,br=0 nl=0,
ui/ui/staffroll/uil_staffroll_z.xml#32572,田代　耕一郎,田代 耕一郎,translated,text,2b32bdbfd2,br=0 nl=0,
ui/ui/staffroll/uil_staffroll_z.xml#32636,ヴァイオリン,小提琴,translated,text,668c16f747,br=0 nl=0,
ui/ui/staffroll/uil_staffroll_z.xml#32697,大貫　聖子,大贯 圣子,translated,text,3869a50f95,br=0 nl=0,
ui/ui/staffroll/uil_staffroll_z.xml#32760,ピアノ,钢琴,translated,text,64c0241201,br=0 nl=0,
ui/ui/staffroll/uil_staffroll_z.xml#32818,田中　さとこ,田中 聪子,translated,text,67b0c32b37,br=0 nl=0,
ui/ui/staffroll/uil_staffroll_z.xml#32966,ヴォーカル,主唱,translated,text,a9d22c4f25,br=0 nl=0,
ui/ui/staffroll/uil_staffroll_z.xml#33026,志方　あきこ,志方 晶子,translated,text,05f122732c,br=0 nl=0,
ui/ui/staffroll/uil_staffroll_z.xml#33090,コーラス,和声,translated,text,e6f23f00bd,br=0 nl=0,
ui/ui/staffroll/uil_staffroll_z.xml#33149,志方　あきこ,志方 晶子,translated,text,05f122732c,br=0 nl=0,
ui/ui/staffroll/uil_staffroll_z.xml#33213,作詞,作词,translated,text,37dd0a71d2,br=0 nl=0,
ui/ui/staffroll/uil_staffroll_z.xml#33270,志方　あきこ,志方 晶子,translated,text,05f122732c,br=0 nl=0,
ui/ui/staffroll/uil_staffroll_z.xml#33334,作曲,作曲,translated,text,779e678323,br=0 nl=0,
ui/ui/staffroll/uil_staffroll_z.xml#33391,志方　あきこ,志方 晶子,translated,text,05f122732c,br=0 nl=0,
ui/ui/staffroll/uil_staffroll_z.xml#33455,編曲,编曲,translated,text,0d9b094937,br=0 nl=0,
ui/ui/staffroll/uil_staffroll_z.xml#33512,志方　あきこ,志方 晶子,translated,text,05f122732c,br=0 nl=0,
ui/ui/staffroll/uil_staffroll_z.xml#33576,アイリッシュブズーキ,爱尔兰布祖基琴,translated,text,420248b6f2,br=0 nl=0,
ui/ui/staffroll/uil_staffroll_z.xml#33641,田代　耕一郎,田代 耕一郎,translated,text,2b32bdbfd2,br=0 nl=0,
ui/ui/staffroll/uil_staffroll_z.xml#33705,リュート,鲁特琴,translated,text,40aa180de2,br=0 nl=0,
ui/ui/staffroll/uil_staffroll_z.xml#33764,田代　耕一郎,田代 耕一郎,translated,text,2b32bdbfd2,br=0 nl=0,
ui/ui/staffroll/uil_staffroll_z.xml#33828,アコースティックギター,原声吉他,translated,text,a7abba5538,br=0 nl=0,
ui/ui/staffroll/uil_staffroll_z.xml#33894,田代　耕一郎,田代 耕一郎,translated,text,2b32bdbfd2,br=0 nl=0,
ui/ui/staffroll/uil_staffroll_z.xml#33958,ヴァイオリン,小提琴,translated,text,668c16f747,br=0 nl=0,
ui/ui/staffroll/uil_staffroll_z.xml#34019,大貫　聖子,大贯 圣子,translated,text,3869a50f95,br=0 nl=0,
ui/ui/staffroll/uil_staffroll_z.xml#34082,ホイッスル,哨子,translated,text,f9c2bb1a8a,br=0 nl=0,
ui/ui/staffroll/uil_staffroll_z.xml#34142,安井　敬,安井 敬,translated,text,723f3994ab,br=0 nl=0,
ui/ui/staffroll/uil_staffroll_z.xml#34204,リコーダー,竖笛,translated,text,1448956b32,br=0 nl=0,
ui/ui/staffroll/uil_staffroll_z.xml#34264,安井　敬,安井 敬,translated,text,723f3994ab,br=0 nl=0,
ui/ui/staffroll/uil_staffroll_z.xml#34398,ヴォーカル,主唱,translated,text,a9d22c4f25,br=0 nl=0,
ui/ui/staffroll/uil_staffroll_z.xml#34458,霜月　はるか,霜月 遥,translated,text,4fa4ca5550,br=0 nl=0,
ui/ui/staffroll/uil_staffroll_z.xml#34522,コーラス,和声,translated,text,e6f23f00bd,br=0 nl=0,
ui/ui/staffroll/uil_staffroll_z.xml#34581,霜月　はるか,霜月 遥,translated,text,4fa4ca5550,br=0 nl=0,
ui/ui/staffroll/uil_staffroll_z.xml#34645,作詞,作词,translated,text,37dd0a71d2,br=0 nl=0,
ui/ui/staffroll/uil_staffroll_z.xml#34702,日山　尚,日山 尚,translated,text,1f730ac70d,br=0 nl=0,
ui/ui/staffroll/uil_staffroll_z.xml#34764,作曲,作曲,translated,text,779e678323,br=0 nl=0,
ui/ui/staffroll/uil_staffroll_z.xml#34821,霜月　はるか,霜月 遥,translated,text,4fa4ca5550,br=0 nl=0,
ui/ui/staffroll/uil_staffroll_z.xml#34885,編曲,编曲,translated,text,0d9b094937,br=0 nl=0,
ui/ui/staffroll/uil_staffroll_z.xml#35003,#05『美し世界』,#05‘美丽世界’,translated,text,828500b0bb,br=0 nl=0,
ui/ui/staffroll/uil_staffroll_z.xml#35070,ヴォーカル,主唱,translated,text,a9d22c4f25,br=0 nl=0,
ui/ui/staffroll/uil_staffroll_z.xml#35130,城　南海,城 南海,translated,text,0326f175b4,br=0 nl=0,
ui/ui/staffroll/uil_staffroll_z.xml#35192,コーラス,和声,translated,text,e6f23f00bd,br=0 nl=0,
ui/ui/staffroll/uil_staffroll_z.xml#35251,城　南海,城 南海,translated,text,0326f175b4,br=0 nl=0,
ui/ui/staffroll/uil_staffroll_z.xml#35313,作詞,作词,translated,text,37dd0a71d2,br=0 nl=0,
ui/ui/staffroll/uil_staffroll_z.xml#35370,高橋　麗子,高桥 丽子,translated,text,e5f18eff62,br=0 nl=0,
ui/ui/staffroll/uil_staffroll_z.xml#35433,作曲,作曲,translated,text,779e678323,br=0 nl=0,
ui/ui/staffroll/uil_staffroll_z.xml#35490,弘田　佳孝,弘田 佳孝,translated,text,5b1c2fd00d,br=0 nl=0,
ui/ui/staffroll/uil_staffroll_z.xml#35553,編曲,编曲,translated,text,0d9b094937,br=0 nl=0,
ui/ui/staffroll/uil_staffroll_z.xml#35610,弘田　佳孝,弘田 佳孝,translated,text,5b1c2fd00d,br=0 nl=0,
ui/ui/staffroll/uil_staffroll_z.xml#35673,エレキベース,电贝斯,translated,text,97b8e005a2,br=0 nl=0,
ui/ui/staffroll/uil_staffroll_z.xml#35734,弘田　佳孝,弘田 佳孝,translated,text,5b1c2fd00d,br=0 nl=0,
ui/ui/staffroll/uil_staffroll_z.xml#35797,#06『コード・エテスウェイ』,#06‘代码・埃特斯韦’,translated,text,0d93d8ec41,br=0 nl=0,
ui/ui/staffroll/uil_staffroll_z.xml#35870,ヴォーカル,主唱,translated,text,a9d22c4f25,br=0 nl=0,
ui/ui/staffroll/uil_staffroll_z.xml#35930,霜月　はるか,霜月 遥,translated,text,4fa4ca5550,br=0 nl=0,
ui/ui/staffroll/uil_staffroll_z.xml#35994,コーラス,和声,translated,text,e6f23f00bd,br=0 nl=0,
ui/ui/staffroll/uil_staffroll_z.xml#36053,霜月　はるか,霜月 遥,translated,text,4fa4ca5550,br=0 nl=0,
ui/ui/staffroll/uil_staffroll_z.xml#36117,作詞,作词,translated,text,37dd0a71d2,br=0 nl=0,
ui/ui/staffroll/uil_staffroll_z.xml#36174,日山　尚,日山 尚,translated,text,1f730ac70d,br=0 nl=0,
ui/ui/staffroll/uil_staffroll_z.xml#36236,作曲,作曲,translated,text,779e678323,br=0 nl=0,
ui/ui/staffroll/uil_staffroll_z.xml#36293,霜月　はるか,霜月 遥,translated,text,4fa4ca5550,br=0 nl=0,
ui/ui/staffroll/uil_staffroll_z.xml#36357,編曲,编曲,translated,text,0d9b094937,br=0 nl=0,
ui/ui/staffroll/uil_staffroll_z.xml#36414,柳　英一朗,柳 英一朗,translated,text,d1f66395b5,br=0 nl=0,
ui/ui/staffroll/uil_staffroll_z.xml#36477,ヴァイオリン,小提琴,translated,text,668c16f747,br=0 nl=0,
ui/ui/staffroll/uil_staffroll_z.xml#36538,土屋　玲子,土屋 玲子,translated,text,a5c27a7653,br=0 nl=0,
ui/ui/staffroll/uil_staffroll_z.xml#36601,ヴィオラ,中提琴,translated,text,2b5d862048,br=0 nl=0,
ui/ui/staffroll/uil_staffroll_z.xml#36660,土屋　玲子,土屋 玲子,translated,text,a5c27a7653,br=0 nl=0,
ui/ui/staffroll/uil_staffroll_z.xml#36723,チェロ,大提琴,translated,text,13fc4da5ee,br=0 nl=0,
ui/ui/staffroll/uil_staffroll_z.xml#36781,土屋　玲子,土屋 玲子,translated,text,a5c27a7653,br=0 nl=0,
ui/ui/staffroll/uil_staffroll_z.xml#36844,エレキベース,电贝斯,translated,text,97b8e005a2,br=0 nl=0,
ui/ui/staffroll/uil_staffroll_z.xml#36905,柳　英一朗,柳 英一朗,translated,text,d1f66395b5,br=0 nl=0,
ui/ui/staffroll/uil_staffroll_z.xml#36968,プログラミング,编程,translated,text,a063da1b9c,br=0 nl=0,
ui/ui/staffroll/uil_staffroll_z.xml#37030,柳　英一朗,柳 英一朗,translated,text,d1f66395b5,br=0 nl=0,
ui/ui/staffroll/uil_staffroll_z.xml#37180,ヴォーカル,主唱,translated,text,a9d22c4f25,br=0 nl=0,
ui/ui/staffroll/uil_staffroll_z.xml#37240,みとせ　のりこ,水户濑 纪子,translated,text,b870526ad2,br=0 nl=0,
ui/ui/staffroll/uil_staffroll_z.xml#37305,コーラス,和声,translated,text,e6f23f00bd,br=0 nl=0,
ui/ui/staffroll/uil_staffroll_z.xml#37364,みとせ　のりこ,水户濑 纪子,translated,text,b870526ad2,br=0 nl=0,
ui/ui/staffroll/uil_staffroll_z.xml#37429,作詞,作词,translated,text,37dd0a71d2,br=0 nl=0,
ui/ui/staffroll/uil_staffroll_z.xml#37486,みとせ　のりこ,水户濑 纪子,translated,text,b870526ad2,br=0 nl=0,
ui/ui/staffroll/uil_staffroll_z.xml#37551,作曲,作曲,translated,text,779e678323,br=0 nl=0,
ui/ui/staffroll/uil_staffroll_z.xml#37674,編曲,编曲,translated,text,0d9b094937,br=0 nl=0,
ui/ui/staffroll/uil_staffroll_z.xml#37875,ヴォーカル,主唱,translated,text,a9d22c4f25,br=0 nl=0,
ui/ui/staffroll/uil_staffroll_z.xml#37935,霜月　はるか,霜月 遥,translated,text,4fa4ca5550,br=0 nl=0,
ui/ui/staffroll/uil_staffroll_z.xml#37999,コーラス,和声,translated,text,e6f23f00bd,br=0 nl=0,
ui/ui/staffroll/uil_staffroll_z.xml#38058,霜月　はるか,霜月 遥,translated,text,4fa4ca5550,br=0 nl=0,
ui/ui/staffroll/uil_staffroll_z.xml#38122,作詞,作词,translated,text,37dd0a71d2,br=0 nl=0,
ui/ui/staffroll/uil_staffroll_z.xml#38179,日山　尚,日山 尚,translated,text,1f730ac70d,br=0 nl=0,
ui/ui/staffroll/uil_staffroll_z.xml#38241,作曲,作曲,translated,text,779e678323,br=0 nl=0,
ui/ui/staffroll/uil_staffroll_z.xml#38298,霜月　はるか,霜月 遥,translated,text,4fa4ca5550,br=0 nl=0,
ui/ui/staffroll/uil_staffroll_z.xml#38362,編曲,编曲,translated,text,0d9b094937,br=0 nl=0,
ui/ui/staffroll/uil_staffroll_z.xml#38419,柳　英一朗,柳 英一朗,translated,text,d1f66395b5,br=0 nl=0,
ui/ui/staffroll/uil_staffroll_z.xml#38482,ギター,吉他,translated,text,b072d58a68,br=0 nl=0,
ui/ui/staffroll/uil_staffroll_z.xml#38540,柳　英一朗,柳 英一朗,translated,text,d1f66395b5,br=0 nl=0,
ui/ui/staffroll/uil_staffroll_z.xml#38603,エレキベース,电贝斯,translated,text,97b8e005a2,br=0 nl=0,
ui/ui/staffroll/uil_staffroll_z.xml#38664,柳　英一朗,柳 英一朗,translated,text,d1f66395b5,br=0 nl=0,
ui/ui/staffroll/uil_staffroll_z.xml#38727,プログラミング,编程,translated,text,a063da1b9c,br=0 nl=0,
ui/ui/staffroll/uil_staffroll_z.xml#38789,柳　英一朗,柳 英一朗,translated,text,d1f66395b5,br=0 nl=0,
ui/ui/staffroll/uil_staffroll_z.xml#38852,#09『虹の国のデュオワルツ』,#09‘彩虹之国的二重华尔兹’,translated,text,81669d519b,br=0 nl=0,
ui/ui/staffroll/uil_staffroll_z.xml#38925,ヴォーカル,主唱,translated,text,a9d22c4f25,br=0 nl=0,
ui/ui/staffroll/uil_staffroll_z.xml#38985,南條　愛乃,南条 爱乃,translated,text,29b52441c1,br=0 nl=0,
ui/ui/staffroll/uil_staffroll_z.xml#39048,コーラス,和声,translated,text,e6f23f00bd,br=0 nl=0,
ui/ui/staffroll/uil_staffroll_z.xml#39107,南條　愛乃,南条 爱乃,translated,text,29b52441c1,br=0 nl=0,
ui/ui/staffroll/uil_staffroll_z.xml#39170,作詞,作词,translated,text,37dd0a71d2,br=0 nl=0,
ui/ui/staffroll/uil_staffroll_z.xml#39227,高橋　麗子,高桥 丽子,translated,text,e5f18eff62,br=0 nl=0,
ui/ui/staffroll/uil_staffroll_z.xml#39290,作曲,作曲,translated,text,779e678323,br=0 nl=0,
ui/ui/staffroll/uil_staffroll_z.xml#39347,大嶋　啓之,大岛 启之,translated,text,bf41a23cad,br=0 nl=0,
ui/ui/staffroll/uil_staffroll_z.xml#39410,編曲,编曲,translated,text,0d9b094937,br=0 nl=0,
ui/ui/staffroll/uil_staffroll_z.xml#39467,大嶋　啓之,大岛 启之,translated,text,bf41a23cad,br=0 nl=0,
ui/ui/staffroll/uil_staffroll_z.xml#39530,ヴァイオリン,小提琴,translated,text,668c16f747,br=0 nl=0,
ui/ui/staffroll/uil_staffroll_z.xml#39591,多々谷　樹,多多谷 树,translated,text,6fe425caca,br=0 nl=0,
ui/ui/staffroll/uil_staffroll_z.xml#39654,プログラミング,编程,translated,text,a063da1b9c,br=0 nl=0,
ui/ui/staffroll/uil_staffroll_z.xml#39716,大嶋　啓之,大岛 启之,translated,text,bf41a23cad,br=0 nl=0,
ui/ui/staffroll/uil_staffroll_z.xml#39861,ヴォーカル,主唱,translated,text,a9d22c4f25,br=0 nl=0,
ui/ui/staffroll/uil_staffroll_z.xml#39921,志方　あきこ,志方 晶子,translated,text,05f122732c,br=0 nl=0,
ui/ui/staffroll/uil_staffroll_z.xml#39985,コーラス,和声,translated,text,e6f23f00bd,br=0 nl=0,
ui/ui/staffroll/uil_staffroll_z.xml#40044,志方　あきこ,志方 晶子,translated,text,05f122732c,br=0 nl=0,
ui/ui/staffroll/uil_staffroll_z.xml#40108,作詞,作词,translated,text,37dd0a71d2,br=0 nl=0,
ui/ui/staffroll/uil_staffroll_z.xml#40165,志方　あきこ,志方 晶子,translated,text,05f122732c,br=0 nl=0,
ui/ui/staffroll/uil_staffroll_z.xml#40229,作曲,作曲,translated,text,779e678323,br=0 nl=0,
ui/ui/staffroll/uil_staffroll_z.xml#40286,志方　あきこ,志方 晶子,translated,text,05f122732c,br=0 nl=0,
ui/ui/staffroll/uil_staffroll_z.xml#40350,編曲,编曲,translated,text,0d9b094937,br=0 nl=0,
ui/ui/staffroll/uil_staffroll_z.xml#40407,志方　あきこ,志方 晶子,translated,text,05f122732c,br=0 nl=0,
ui/ui/staffroll/uil_staffroll_z.xml#40471,アイリッシュブズーキ,爱尔兰布祖基琴,translated,text,420248b6f2,br=0 nl=0,
ui/ui/staffroll/uil_staffroll_z.xml#40536,田代　耕一郎,田代 耕一郎,translated,text,2b32bdbfd2,br=0 nl=0,
ui/ui/staffroll/uil_staffroll_z.xml#40600,アコースティックギター,原声吉他,translated,text,a7abba5538,br=0 nl=0,
ui/ui/staffroll/uil_staffroll_z.xml#40666,田代　耕一郎,田代 耕一郎,translated,text,2b32bdbfd2,br=0 nl=0,
ui/ui/staffroll/uil_staffroll_z.xml#40730,ヴァイオリン,小提琴,translated,text,668c16f747,br=0 nl=0,
ui/ui/staffroll/uil_staffroll_z.xml#40791,伊勢　三木子,伊势 三木子,translated,text,8e1426f8df,br=0 nl=0,
ui/ui/staffroll/uil_staffroll_z.xml#40855,パーカッション,打击乐,translated,text,b5c517e01d,br=0 nl=0,
ui/ui/staffroll/uil_staffroll_z.xml#40917,佐藤　直子,佐藤 直子,translated,text,3131e09fc9,br=0 nl=0,
ui/ui/staffroll/uil_staffroll_z.xml#40980,ホイッスル、リコーダー,哨笛、竖笛,translated,text,0b0b4ac53c,br=0 nl=0,
ui/ui/staffroll/uil_staffroll_z.xml#41046,安井　敬,安井 敬,translated,text,723f3994ab,br=0 nl=0,
ui/ui/staffroll/uil_staffroll_z.xml#41108,#11『継承奉願祝詞』,#11‘继承奉愿祝词’,translated,text,814dd7dbf7,br=0 nl=0,
ui/ui/staffroll/uil_staffroll_z.xml#41177,ヴォーカル,主唱,translated,text,a9d22c4f25,br=0 nl=0,
ui/ui/staffroll/uil_staffroll_z.xml#41299,コーラス,和声,translated,text,e6f23f00bd,br=0 nl=0,
ui/ui/staffroll/uil_staffroll_z.xml#41420,作詞,作词,translated,text,37dd0a71d2,br=0 nl=0,
ui/ui/staffroll/uil_staffroll_z.xml#41477,江幡　育子,江幡 育子,translated,text,c9dedc91f5,br=0 nl=0,
ui/ui/staffroll/uil_staffroll_z.xml#41540,作曲,作曲,translated,text,779e678323,br=0 nl=0,
ui/ui/staffroll/uil_staffroll_z.xml#41597,上野　洋子,上野 洋子,translated,text,ee8b23a7e8,br=0 nl=0,
ui/ui/staffroll/uil_staffroll_z.xml#41660,編曲,编曲,translated,text,0d9b094937,br=0 nl=0,
ui/ui/staffroll/uil_staffroll_z.xml#41717,上野　洋子,上野 洋子,translated,text,ee8b23a7e8,br=0 nl=0,
ui/ui/staffroll/uil_staffroll_z.xml#41780,二胡,二胡,translated,text,5423891ebb,br=0 nl=0,
ui/ui/staffroll/uil_staffroll_z.xml#41837,賈鵬芳,贾鹏芳,translated,text,66e70fab95,br=0 nl=0,
ui/ui/staffroll/uil_staffroll_z.xml#41898,古筝,古筝,translated,text,abd50f6a17,br=0 nl=0,
ui/ui/staffroll/uil_staffroll_z.xml#42206,ゴンドウトモヒコ,权藤知彦,translated,text,a262eab210,br=0 nl=0,
ui/ui/staffroll/uil_staffroll_z.xml#42336,ゴンドウトモヒコ,权藤知彦,translated,text,a262eab210,br=0 nl=0,
ui/ui/staffroll/uil_staffroll_z.xml#42468,ゴンドウトモヒコ,权藤知彦,translated,text,a262eab210,br=0 nl=0,
ui/ui/staffroll/uil_staffroll_z.xml#42534,#12『ラシェール・フューザー』,#12‘拉榭拉融合器’,translated,text,5a4ada2a66,br=0 nl=0,
ui/ui/staffroll/uil_staffroll_z.xml#42608,ヴォーカル,主唱,translated,text,a9d22c4f25,br=0 nl=0,
ui/ui/staffroll/uil_staffroll_z.xml#42668,志方　あきこ,志方 晶子,translated,text,05f122732c,br=0 nl=0,
ui/ui/staffroll/uil_staffroll_z.xml#42732,コーラス,和声,translated,text,e6f23f00bd,br=0 nl=0,
ui/ui/staffroll/uil_staffroll_z.xml#42791,志方　あきこ,志方 晶子,translated,text,05f122732c,br=0 nl=0,
ui/ui/staffroll/uil_staffroll_z.xml#42855,作詞,作词,translated,text,37dd0a71d2,br=0 nl=0,
ui/ui/staffroll/uil_staffroll_z.xml#42912,志方　あきこ/土屋　暁,志方 晶子/土屋 晓,translated,text,41d5d8704e,br=0 nl=0,
ui/ui/staffroll/uil_staffroll_z.xml#42981,作曲,作曲,translated,text,779e678323,br=0 nl=0,
ui/ui/staffroll/uil_staffroll_z.xml#43038,志方　あきこ/土屋　暁,志方 晶子/土屋 晓,translated,text,41d5d8704e,br=0 nl=0,
ui/ui/staffroll/uil_staffroll_z.xml#43107,編曲,编曲,translated,text,0d9b094937,br=0 nl=0,
ui/ui/staffroll/uil_staffroll_z.xml#43164,志方　あきこ,志方 晶子,translated,text,05f122732c,br=0 nl=0,
ui/ui/staffroll/uil_staffroll_z.xml#43228,トランペット,小号,translated,text,cdc46cb159,br=0 nl=0,
ui/ui/staffroll/uil_staffroll_z.xml#43289,菊池　成浩,菊池 成浩,translated,text,a5f4945928,br=0 nl=0,
ui/ui/staffroll/uil_staffroll_z.xml#43352,ホルン,圆号,translated,text,5e2e837284,br=0 nl=0,
ui/ui/staffroll/uil_staffroll_z.xml#43410,内藤　貴司 ,内藤 贵司,translated,text,cee2789aae,br=0 nl=0,
ui/ui/staffroll/uil_staffroll_z.xml#43474,トロンボーン,长号,translated,text,d909340a4b,br=0 nl=0,
ui/ui/staffroll/uil_staffroll_z.xml#43535,橋本　佳明,桥本 佳明,translated,text,c4459d9730,br=0 nl=0,
ui/ui/staffroll/uil_staffroll_z.xml#43598,パーカッション,打击乐,translated,text,b5c517e01d,br=0 nl=0,
ui/ui/staffroll/uil_staffroll_z.xml#43660,大石　真理恵,大石 真理惠,translated,text,59c84c61d6,br=0 nl=0,
ui/ui/staffroll/uil_staffroll_z.xml#43724,アコースティックギター,原声吉他,translated,text,a7abba5538,br=0 nl=0,
ui/ui/staffroll/uil_staffroll_z.xml#43790,田代　耕一郎,田代 耕一郎,translated,text,2b32bdbfd2,br=0 nl=0,
ui/ui/staffroll/uil_staffroll_z.xml#43854,アイリッシュブズーキー,爱尔兰布祖基琴,translated,text,d1c4382eb2,br=0 nl=0,
ui/ui/staffroll/uil_staffroll_z.xml#43920,田代　耕一郎,田代 耕一郎,translated,text,2b32bdbfd2,br=0 nl=0,
ui/ui/staffroll/uil_staffroll_z.xml#43984,ジュラ,祖拉琴,translated,text,133cac13c3,br=0 nl=0,
ui/ui/staffroll/uil_staffroll_z.xml#44042,田代　耕一郎,田代 耕一郎,translated,text,2b32bdbfd2,br=0 nl=0,
ui/ui/staffroll/uil_staffroll_z.xml#44106,エレキギター,电吉他,translated,text,1fa9044665,br=0 nl=0,
ui/ui/staffroll/uil_staffroll_z.xml#44167,伊藤　浩紀,伊藤 浩纪,translated,text,d2384f0995,br=0 nl=0,
ui/ui/staffroll/uil_staffroll_z.xml#44230,バイオリン,小提琴,translated,text,792d04da4d,br=0 nl=0,
ui/ui/staffroll/uil_staffroll_z.xml#44290,大貫　聖子,大贯 圣子,translated,text,3869a50f95,br=0 nl=0,
ui/ui/staffroll/uil_staffroll_z.xml#44353,花房　照子,花房 照子,translated,text,9ea5f8022e,br=0 nl=0,
ui/ui/staffroll/uil_staffroll_z.xml#44416,有村　実保子,有村 实保子,translated,text,fe6dfb090a,br=0 nl=0,
ui/ui/staffroll/uil_staffroll_z.xml#44480,福留　史紘,福留 史宏,translated,text,996c3ad842,br=0 nl=0,
ui/ui/staffroll/uil_staffroll_z.xml#44543,チェロ,大提琴,translated,text,13fc4da5ee,br=0 nl=0,
ui/ui/staffroll/uil_staffroll_z.xml#44601,唐沢　安岐奈,唐泽 安岐奈,translated,text,a47ab18ca2,br=0 nl=0,
ui/ui/staffroll/uil_staffroll_z.xml#44665,山田　智樹,山田 智树,translated,text,ea40594c61,br=0 nl=0,
ui/ui/staffroll/uil_staffroll_z.xml#44829,ヴォーカル,主唱,translated,text,a9d22c4f25,br=0 nl=0,
ui/ui/staffroll/uil_staffroll_z.xml#44889,みとせ　のりこ,水户濑 纪子,translated,text,b870526ad2,br=0 nl=0,
ui/ui/staffroll/uil_staffroll_z.xml#44954,コーラス,和声,translated,text,e6f23f00bd,br=0 nl=0,
ui/ui/staffroll/uil_staffroll_z.xml#45013,みとせ　のりこ,水户濑 纪子,translated,text,b870526ad2,br=0 nl=0,
ui/ui/staffroll/uil_staffroll_z.xml#45078,作詞,作词,translated,text,37dd0a71d2,br=0 nl=0,
ui/ui/staffroll/uil_staffroll_z.xml#45135,みとせ　のりこ,水户濑 纪子,translated,text,b870526ad2,br=0 nl=0,
ui/ui/staffroll/uil_staffroll_z.xml#45200,作曲,作曲,translated,text,779e678323,br=0 nl=0,
ui/ui/staffroll/uil_staffroll_z.xml#45323,編曲,编曲,translated,text,0d9b094937,br=0 nl=0,
ui/ui/staffroll/uil_staffroll_z.xml#45446,アコースティックギター,原声吉他,translated,text,a7abba5538,br=0 nl=0,
ui/ui/staffroll/uil_staffroll_z.xml#45512,吉良　知彦,吉良 知彦,translated,text,b5090c9ec3,br=0 nl=0,
ui/ui/staffroll/uil_staffroll_z.xml#45575,エレクトリックギター,电吉他,translated,text,1215d9a083,br=0 nl=0,
ui/ui/staffroll/uil_staffroll_z.xml#45640,吉良　知彦,吉良 知彦,translated,text,b5090c9ec3,br=0 nl=0,
ui/ui/staffroll/uil_staffroll_z.xml#45703,ベース,贝斯,translated,text,871d5ba3d9,br=0 nl=0,
ui/ui/staffroll/uil_staffroll_z.xml#45823,ヴァイオリン,小提琴,translated,text,668c16f747,br=0 nl=0,
ui/ui/staffroll/uil_staffroll_z.xml#45884,壷井　彰久,壶井 彰久,translated,text,725c15bfbe,br=0 nl=0,
ui/ui/staffroll/uil_staffroll_z.xml#45947,#ED_01『ラ・シェール～Ver.RELEASE～』,#ED_01‘拉・榭拉～Ver.RELEASE～’,translated,text,ae3f3e8fab,br=0 nl=0,src-longest-line=27
ui/ui/staffroll/uil_staffroll_z.xml#46032,ヴォーカル,主唱,translated,text,a9d22c4f25,br=0 nl=0,
ui/ui/staffroll/uil_staffroll_z.xml#46092,志方　あきこ,志方 晶子,translated,text,05f122732c,br=0 nl=0,
ui/ui/staffroll/uil_staffroll_z.xml#46156,コーラス,和声,translated,text,e6f23f00bd,br=0 nl=0,
ui/ui/staffroll/uil_staffroll_z.xml#46215,志方　あきこ,志方 晶子,translated,text,05f122732c,br=0 nl=0,
ui/ui/staffroll/uil_staffroll_z.xml#46279,作詞,作词,translated,text,37dd0a71d2,br=0 nl=0,
ui/ui/staffroll/uil_staffroll_z.xml#46336,土屋　暁,土屋 晓,translated,text,21998e95cc,br=0 nl=0,
ui/ui/staffroll/uil_staffroll_z.xml#46398,作曲,作曲,translated,text,779e678323,br=0 nl=0,
ui/ui/staffroll/uil_staffroll_z.xml#46455,土屋　暁,土屋 晓,translated,text,21998e95cc,br=0 nl=0,
ui/ui/staffroll/uil_staffroll_z.xml#46517,編曲,编曲,translated,text,0d9b094937,br=0 nl=0,
ui/ui/staffroll/uil_staffroll_z.xml#46574,土屋　暁,土屋 晓,translated,text,21998e95cc,br=0 nl=0,
ui/ui/staffroll/uil_staffroll_z.xml#46636,コーラスアレンジ,和声改编,translated,text,aada25259d,br=0 nl=0,
ui/ui/staffroll/uil_staffroll_z.xml#46699,志方　あきこ,志方 晶子,translated,text,05f122732c,br=0 nl=0,
ui/ui/staffroll/uil_staffroll_z.xml#46849,ヴォーカル,主唱,translated,text,a9d22c4f25,br=0 nl=0,
ui/ui/staffroll/uil_staffroll_z.xml#46909,志方　あきこ,志方 晶子,translated,text,05f122732c,br=0 nl=0,
ui/ui/staffroll/uil_staffroll_z.xml#46973,コーラス,和声,translated,text,e6f23f00bd,br=0 nl=0,
ui/ui/staffroll/uil_staffroll_z.xml#47032,志方　あきこ,志方 晶子,translated,text,05f122732c,br=0 nl=0,
ui/ui/staffroll/uil_staffroll_z.xml#47096,作詞,作词,translated,text,37dd0a71d2,br=0 nl=0,
ui/ui/staffroll/uil_staffroll_z.xml#47153,志方　あきこ/波乃　渉,志方 晶子/波乃 涉,translated,text,31fcca81d9,br=0 nl=0,
ui/ui/staffroll/uil_staffroll_z.xml#47222,作曲,作曲,translated,text,779e678323,br=0 nl=0,
ui/ui/staffroll/uil_staffroll_z.xml#47279,志方　あきこ,志方 晶子,translated,text,05f122732c,br=0 nl=0,
ui/ui/staffroll/uil_staffroll_z.xml#47343,編曲,编曲,translated,text,0d9b094937,br=0 nl=0,
ui/ui/staffroll/uil_staffroll_z.xml#47400,志方　あきこ,志方 晶子,translated,text,05f122732c,br=0 nl=0,
ui/ui/staffroll/uil_staffroll_z.xml#47464,アコースティックギター,原声吉他,translated,text,a7abba5538,br=0 nl=0,
ui/ui/staffroll/uil_staffroll_z.xml#47530,田代　耕一郎,田代 耕一郎,translated,text,2b32bdbfd2,br=0 nl=0,
ui/ui/staffroll/uil_staffroll_z.xml#47594,三線,三线,translated,text,bb8c7a368f,br=0 nl=0,
ui/ui/staffroll/uil_staffroll_z.xml#47651,田代　耕一郎,田代 耕一郎,translated,text,2b32bdbfd2,br=0 nl=0,
ui/ui/staffroll/uil_staffroll_z.xml#47715,ヴァイオリン,小提琴,translated,text,668c16f747,br=0 nl=0,
ui/ui/staffroll/uil_staffroll_z.xml#47776,大貫　聖子,大贯 圣子,translated,text,3869a50f95,br=0 nl=0,
ui/ui/staffroll/uil_staffroll_z.xml#47839,筝,筝,translated,text,e09f68108a,br=0 nl=0,
ui/ui/staffroll/uil_staffroll_z.xml#47895,中垣　雅葉,中垣 雅叶,translated,text,ec00152ffc,br=0 nl=0,
ui/ui/staffroll/uil_staffroll_z.xml#47958,尺八,尺八,translated,text,0830c69338,br=0 nl=0,
ui/ui/staffroll/uil_staffroll_z.xml#48015,神永　大輔,神永 大辅,translated,text,c04fdbf735,br=0 nl=0,
ui/ui/staffroll/uil_staffroll_z.xml#48078,パーカッション,打击乐,translated,text,b5c517e01d,br=0 nl=0,
ui/ui/staffroll/uil_staffroll_z.xml#48140,佐藤　直子,佐藤 直子,translated,text,3131e09fc9,br=0 nl=0,
ui/ui/staffroll/uil_staffroll_z.xml#48203,レコーディング＆ミキシング,录音与混音,translated,text,45498df2df,br=0 nl=0,
ui/ui/staffroll/uil_staffroll_z.xml#48354,レコーディングスタジオ,录音室,translated,text,b25eb16dcb,br=0 nl=0,
ui/ui/staffroll/uil_staffroll_z.xml#48556,レコーディング&,录音&,translated,text,f841bcf365,br=0 nl=0,
ui/ui/staffroll/uil_staffroll_z.xml#48619,　　ミキシングエンジニア,混音工程师,translated,text,18ef1f1a8b,br=0 nl=0,
ui/ui/staffroll/uil_staffroll_z.xml#48686,南　直行,南 直行,translated,text,2d56d70010,br=0 nl=0,
ui/ui/staffroll/uil_staffroll_z.xml#48811,ミキシングスタジオ,混音工作室,translated,text,10e5c39a7e,br=0 nl=0,
ui/ui/staffroll/uil_staffroll_z.xml#48950,レコーディングスタジオ,录音室,translated,text,b25eb16dcb,br=0 nl=0,
ui/ui/staffroll/uil_staffroll_z.xml#49088,レコーディング&,录音&,translated,text,f841bcf365,br=0 nl=0,
ui/ui/staffroll/uil_staffroll_z.xml#49151,　　ミキシングエンジニア,混音工程师,translated,text,18ef1f1a8b,br=0 nl=0,
ui/ui/staffroll/uil_staffroll_z.xml#49218,南　直行,南 直行,translated,text,2d56d70010,br=0 nl=0,
ui/ui/staffroll/uil_staffroll_z.xml#49343,音楽制作,音乐制作,translated,text,fd03f88e87,br=0 nl=0,
ui/ui/staffroll/uil_staffroll_z.xml#49470,レコーディングスタジオ,录音室,translated,text,b25eb16dcb,br=0 nl=0,
ui/ui/staffroll/uil_staffroll_z.xml#49536,Artist Forum 千駄ヶ谷,Artist Forum 千驮谷,translated,text,c5d9afa7df,br=0 nl=0,
ui/ui/staffroll/uil_staffroll_z.xml#49611,レコーディングエンジニア,录音工程师,translated,text,dcee02fe85,br=0 nl=0,
ui/ui/staffroll/uil_staffroll_z.xml#49678,齊藤　弘二（TRIUMPH）,齐藤 弘二（TRIUMPH）,translated,text,601c4218f9,br=0 nl=0,
ui/ui/staffroll/uil_staffroll_z.xml#49750,坂　知学,坂 知学,translated,text,fb17ef159d,br=0 nl=0,
ui/ui/staffroll/uil_staffroll_z.xml#49812,ミキシングエンジニア,混音工程师,translated,text,b660dbc680,br=0 nl=0,
ui/ui/staffroll/uil_staffroll_z.xml#49877,坂　知学,坂 知学,translated,text,fb17ef159d,br=0 nl=0,
ui/ui/staffroll/uil_staffroll_z.xml#50002,レコーディングスタジオ,录音室,translated,text,b25eb16dcb,br=0 nl=0,
ui/ui/staffroll/uil_staffroll_z.xml#50140,レコーディングエンジニア,录音工程师,translated,text,dcee02fe85,br=0 nl=0,
ui/ui/staffroll/uil_staffroll_z.xml#50207,迎谷　彰信,迎谷 彰信,translated,text,745993b75c,br=0 nl=0,
ui/ui/staffroll/uil_staffroll_z.xml#50270,ミキシングエンジニア,混音工程师,translated,text,b660dbc680,br=0 nl=0,
ui/ui/staffroll/uil_staffroll_z.xml#50335,弘田　佳孝,弘田 佳孝,translated,text,5b1c2fd00d,br=0 nl=0,
ui/ui/staffroll/uil_staffroll_z.xml#50465,音楽制作,音乐制作,translated,text,fd03f88e87,br=0 nl=0,
ui/ui/staffroll/uil_staffroll_z.xml#50592,レコーディングスタジオ,录音室,translated,text,b25eb16dcb,br=0 nl=0,
ui/ui/staffroll/uil_staffroll_z.xml#50729,レコーディングエンジニア,录音工程师,translated,text,dcee02fe85,br=0 nl=0,
ui/ui/staffroll/uil_staffroll_z.xml#50796,由田　直也,由田 直也,translated,text,12cf5ea73b,br=0 nl=0,
ui/ui/staffroll/uil_staffroll_z.xml#50859,ミキシングエンジニア,混音工程师,translated,text,b660dbc680,br=0 nl=0,
ui/ui/staffroll/uil_staffroll_z.xml#50924,坂　知学,坂 知学,translated,text,fb17ef159d,br=0 nl=0,
ui/ui/staffroll/uil_staffroll_z.xml#51049,レコーディングスタジオ,录音室,translated,text,b25eb16dcb,br=0 nl=0,
ui/ui/staffroll/uil_staffroll_z.xml#51187,レコーディングエンジニア,录音工程师,translated,text,dcee02fe85,br=0 nl=0,
ui/ui/staffroll/uil_staffroll_z.xml#51254,迎谷　彰信,迎谷 彰信,translated,text,745993b75c,br=0 nl=0,
ui/ui/staffroll/uil_staffroll_z.xml#51317,ミキシングエンジニア,混音工程师,translated,text,b660dbc680,br=0 nl=0,
ui/ui/staffroll/uil_staffroll_z.xml#51511,レコーディングスタジオ,录音室,translated,text,b25eb16dcb,br=0 nl=0,
ui/ui/staffroll/uil_staffroll_z.xml#51652,レコーディングエンジニア,录音工程师,translated,text,dcee02fe85,br=0 nl=0,
ui/ui/staffroll/uil_staffroll_z.xml#51719,岸田 P 充善,岸田 P 充善,translated,text,c9edbb98d6,br=0 nl=0,
ui/ui/staffroll/uil_staffroll_z.xml#51784,ミキシングエンジニア,混音工程师,translated,text,b660dbc680,br=0 nl=0,
ui/ui/staffroll/uil_staffroll_z.xml#51849,迎谷　彰信,迎谷 彰信,translated,text,745993b75c,br=0 nl=0,
ui/ui/staffroll/uil_staffroll_z.xml#51975,レコーディングスタジオ,录音室,translated,text,b25eb16dcb,br=0 nl=0,
ui/ui/staffroll/uil_staffroll_z.xml#52117,レコーディングエンジニア,录音工程师,translated,text,dcee02fe85,br=0 nl=0,
ui/ui/staffroll/uil_staffroll_z.xml#52184,ゴンドウトモヒコ,权藤知彦,translated,text,a262eab210,br=0 nl=0,
ui/ui/staffroll/uil_staffroll_z.xml#52250,ミックススタジオ,混音室,translated,text,2c47b0549e,br=0 nl=0,
ui/ui/staffroll/uil_staffroll_z.xml#52389,ミックスエンジニア,混音工程师,translated,text,0cc7e6819e,br=0 nl=0,
ui/ui/staffroll/uil_staffroll_z.xml#52453,ゴンドウトモヒコ,权藤知彦,translated,text,a262eab210,br=0 nl=0,
ui/ui/staffroll/uil_staffroll_z.xml#52582,レコーディングスタジオ,录音室,translated,text,b25eb16dcb,br=0 nl=0,
ui/ui/staffroll/uil_staffroll_z.xml#52791,レコーディングエンジニア,录音工程师,translated,text,dcee02fe85,br=0 nl=0,
ui/ui/staffroll/uil_staffroll_z.xml#52858,北川　照明,北川 照明,translated,text,f542045225,br=0 nl=0,
ui/ui/staffroll/uil_staffroll_z.xml#52921,岸田“P”充善,岸田“P”充善,translated,text,9b90e9f184,br=0 nl=0,
ui/ui/staffroll/uil_staffroll_z.xml#52986,ミキシングエンジニア,混音工程师,translated,text,b660dbc680,br=0 nl=0,
ui/ui/staffroll/uil_staffroll_z.xml#53051,川井　憲次,川井 宪次,translated,text,c948235555,br=0 nl=0,
ui/ui/staffroll/uil_staffroll_z.xml#53180,ミキシング,混音,translated,text,dd3c09920b,br=0 nl=0,
ui/ui/staffroll/uil_staffroll_z.xml#53240,土屋　暁,土屋 晓,translated,text,21998e95cc,br=0 nl=0,
ui/ui/staffroll/uil_staffroll_z.xml#53368,レコーディングスタジオ,录音室,translated,text,b25eb16dcb,br=0 nl=0,
ui/ui/staffroll/uil_staffroll_z.xml#53573,レコーディングエンジニア,录音工程师,translated,text,dcee02fe85,br=0 nl=0,
ui/ui/staffroll/uil_staffroll_z.xml#53640,南　直行,南 直行,translated,text,2d56d70010,br=0 nl=0,
ui/ui/staffroll/uil_staffroll_z.xml#53702,ミキシングスタジオ,混音工作室,translated,text,10e5c39a7e,br=0 nl=0,
ui/ui/staffroll/uil_staffroll_z.xml#53914,ミキシングエンジニア,混音工程师,translated,text,b660dbc680,br=0 nl=0,
ui/ui/staffroll/uil_staffroll_z.xml#53979,南　直行,南 直行,translated,text,2d56d70010,br=0 nl=0,
ui/ui/staffroll/uil_staffroll_z.xml#54041,楽曲制作協力,乐曲制作协力,translated,text,72ede6daac,br=0 nl=0,
ui/ui/staffroll/uil_staffroll_z.xml#54106,株式会社フロンティアワークス,株式会社Frontier Works,translated,text,36d73077b6,br=0 nl=0,
ui/ui/staffroll/uil_staffroll_z.xml#54178,吉川　明,吉川 明,translated,text,2768ebf8a1,br=0 nl=0,
ui/ui/staffroll/uil_staffroll_z.xml#54240,小柳　豊,小柳 丰,translated,text,e59cd8c7b8,br=0 nl=0,
ui/ui/staffroll/uil_staffroll_z.xml#54433,田中　雅之,田中 雅之,translated,text,21736bbf23,br=0 nl=0,
ui/ui/staffroll/uil_staffroll_z.xml#54496,矢野　正明,矢野 正明,translated,text,78cf186a67,br=0 nl=0,
ui/ui/staffroll/uil_staffroll_z.xml#54559,谷川　雄紀,谷川 雄纪,translated,text,4f95b894a6,br=0 nl=0,
ui/ui/staffroll/uil_staffroll_z.xml#54622,髙橋　朝子,高桥 朝子,translated,text,77e6958b96,br=0 nl=0,
ui/ui/staffroll/uil_staffroll_z.xml#54685,本間　詩織,本间 诗织,translated,text,e70cd6c951,br=0 nl=0,
ui/ui/staffroll/uil_staffroll_z.xml#54748,佐々　梨花,佐佐 梨花,translated,text,030ff13e01,br=0 nl=0,
ui/ui/staffroll/uil_staffroll_z.xml#54811,生田　善子,生田 善子,translated,text,6a6fba474e,br=0 nl=0,
ui/ui/staffroll/uil_staffroll_z.xml#54874,松　　聖花,松 圣花,translated,text,ea05a4fd84,br=0 nl=0,
ui/ui/staffroll/uil_staffroll_z.xml#54937,音響,音效,translated,text,a94ecabc3c,br=0 nl=0,
ui/ui/staffroll/uil_staffroll_z.xml#54997,演出・キャスティング,演出・选角,translated,text,383d1bfa00,br=0 nl=0,
ui/ui/staffroll/uil_staffroll_z.xml#55062,関　智寛,关 智宽,translated,text,f1a5e773f2,br=0 nl=0,
ui/ui/staffroll/uil_staffroll_z.xml#55124,ミキサー,调音师,translated,text,61f92a39b5,br=0 nl=0,
ui/ui/staffroll/uil_staffroll_z.xml#55183,熊倉　亨,熊仓 亨,translated,text,509916c5a3,br=0 nl=0,
ui/ui/staffroll/uil_staffroll_z.xml#55245,音響制作,音效制作,translated,text,3ba07c72e1,br=0 nl=0,
ui/ui/staffroll/uil_staffroll_z.xml#55369,キャスティング協力,选角协力,translated,text,3c32e0140a,br=0 nl=0,
ui/ui/staffroll/uil_staffroll_z.xml#55433,松本　恵,松本 惠,translated,text,432387780b,br=0 nl=0,
ui/ui/staffroll/uil_staffroll_z.xml#55560,協力,协力,translated,text,1a054b3135,br=0 nl=0,
ui/ui/staffroll/uil_staffroll_z.xml#55621,(株)wizgeek,(株)wizgeek,translated,text,cd5a3764f1,br=0 nl=0,
ui/ui/staffroll/uil_staffroll_z.xml#55687,株式会社エクストリーム,株式会社Extreme,translated,text,98c9f61cf3,br=0 nl=0,
ui/ui/staffroll/uil_staffroll_z.xml#55754,株式会社ＣＲＩ・ミドルウェア,株式会社CRI Middleware,translated,text,ddfc365935,br=0 nl=0,
ui/ui/staffroll/uil_staffroll_z.xml#55892,株式会社千住工房,株式会社千住工房,translated,text,3de756af57,br=0 nl=0,
ui/ui/staffroll/uil_staffroll_z.xml#56025,株式会社FlightUNIT,株式会社FlightUNIT,translated,text,1da69201f4,br=0 nl=0,
ui/ui/staffroll/uil_staffroll_z.xml#56095,株式会社メテオライズ,株式会社Meteorise,translated,text,61cde65511,br=0 nl=0,
ui/ui/staffroll/uil_staffroll_z.xml#56161,株式会社フロンティアワークス,株式会社Frontier Works,translated,text,36d73077b6,br=0 nl=0,
ui/ui/staffroll/uil_staffroll_z.xml#56231,株式会社ポイントピクチャーズ,株式会社Point Pictures,translated,text,f8ac729aec,br=0 nl=0,
ui/ui/staffroll/uil_staffroll_z.xml#56301,ポールトゥウィン株式会社,株式会社Pole To Win,translated,text,cda47e17fb,br=0 nl=0,
ui/ui/staffroll/uil_staffroll_z.xml#56369,株式会社ロジスティックス,株式会社Logistics,translated,text,8ec59442f3,br=0 nl=0,
ui/ui/staffroll/uil_staffroll_z.xml#56437,株式会社プロダクション・アイジー,株式会社Production I.G,translated,text,84204edff3,br=0 nl=0,
ui/ui/staffroll/uil_staffroll_z.xml#56509,天津光栄特庫摩軟件有限公司,天津光荣特库摩软件有限公司,translated,text,8a7dbadc6f,br=0 nl=0,
ui/ui/staffroll/uil_staffroll_z.xml#56578,天津天匠動画科技有限公司,天津天匠动画科技有限公司,translated,text,14335be04d,br=0 nl=0,
ui/ui/staffroll/uil_staffroll_z.xml#56646,フォントワークス株式会社,Fontworks株式会社,translated,text,b1c83f97c7,br=0 nl=0,
ui/ui/staffroll/uil_staffroll_z.xml#56877,ディレクター,总监,translated,text,074ca740ff,br=0 nl=0,
ui/ui/staffroll/uil_staffroll_z.xml#56942,高野　雅文,高野 雅文,translated,text,e0f6ad1a3a,br=0 nl=0,
ui/ui/staffroll/uil_staffroll_z.xml#57005,開発プロデューサー,开发制作人,translated,text,763f21e64e,br=0 nl=0,
ui/ui/staffroll/uil_staffroll_z.xml#57073,細井  順三,细井 顺三,translated,text,014085680c,br=0 nl=0,
ui/ui/staffroll/uil_staffroll_z.xml#57137,総合プロデューサー,总制作人,translated,text,893701ac7c,br=0 nl=0,
ui/ui/staffroll/uil_staffroll_z.xml#57205,土屋  暁,土屋 晓,translated,text,dd0b0dada2,br=0 nl=0,
ui/ui/staffroll/uil_staffroll_z.xml#57268,エグゼクティブプロデューサー,执行制作人,translated,text,5e38e342d6,br=0 nl=0,
ui/ui/staffroll/uil_staffroll_z.xml#57341,鯉沼 久史,鲤沼 久史,translated,text,04514697bf,br=0 nl=0,
ui/ui/staffroll/uil_staffroll_z.xml#57404,製作,制作,translated,text,53c6bc4ef7,br=0 nl=0,
ui/ui/staffroll/uil_staffroll_z.xml#57465,株式会社コーエーテクモゲームス,株式会社光荣特库摩游戏,translated,text,be816b716d,br=0 nl=0,
ui/ui/title/config/uil_config.xml#1323,音量設定,音量设置,translated,text,489236d7d4,br=0 nl=0,
ui/ui/title/config/uil_config.xml#1419,音量設定,音量设置,translated,text,489236d7d4,br=0 nl=0,
ui/ui/title/config/uil_config.xml#3448,音量設定,音量设置,translated,text,489236d7d4,br=0 nl=0,
ui/ui/title/config/uil_config.xml#3604,タイトルへ戻る,返回标题画面,translated,text,fb0afe612b,br=0 nl=0,
ui/ui/title/config/uil_config.xml#4112,ジェノミリンク,杰诺米链接,translated,text,567e4b286b,br=0 nl=0,
ui/ui/title/config/uil_config.xml#4267,ボタン設定,按键设置,translated,text,df2b01b08c,br=0 nl=0,
ui/ui/title/config/uil_config.xml#4640,音量設定,音量设置,translated,text,489236d7d4,br=0 nl=0,
ui/ui/title/config/uil_config.xml#5315,ボタン設定,按键设置,translated,text,df2b01b08c,br=0 nl=0,
ui/ui/title/config/uil_config.xml#5692,MyGustID紹介,MyGustID介绍,translated,text,16dbbe190d,br=0 nl=0,
ui/ui/title/config/uil_config.xml#5846,MyGustID登録,注册MyGustID,translated,text,3c412126e9,br=0 nl=0,
ui/ui/title/config/uil_config.xml#6376,セカイリンク,世界链接,translated,text,246a7408ea,br=0 nl=0,
ui/ui/title/config/uil_config_account.xml#338,シェルノサージュのゲームデータを削除します。<CR>以下のデータが削除されますが、よろしいですか？,将删除《Ciel nosurge》的游戏数据。<CR>以下数据将会被删除，确定吗？,translated,text,f28bc84cb9,<CR> br=0 nl=0,keep-tags <CR>; src-longest-line=49
ui/ui/title/config/uil_config_account.xml#461,・ローカルセーブデータ,・本地存档数据,translated,text,79cfd80d40,br=0 nl=0,
ui/ui/title/config/uil_config_account.xml#524,・ネットワーク上のアカウントデータ,・网络上的账号数据,translated,text,900c6da127,br=0 nl=0,
ui/ui/title/config/uil_config_button.xml#347,■ボタン設定,■按键设置,translated,text,953388ac9e,br=0 nl=0,
ui/ui/title/config/uil_config_button.xml#495,イオンを呼び出す操作を変更できます。,可更改呼唤依恩的操作方式。,translated,text,0cb90f5b89,br=0 nl=0,
ui/ui/title/config/uil_config_button.xml#938,イオンの呼び出しを２回入力にする,将呼唤依恩的操作设为输入2次,translated,text,2c68c00aed,br=0 nl=0,
ui/ui/title/config/uil_config_comment.xml#306,■コメント設定,■留言设置,translated,text,99377f8045,br=0 nl=0,
ui/ui/title/config/uil_config_comment.xml#442,あなたの情報を、他のプレイヤーに発信しましょう。,向其他玩家展示你的个人信息吧。,translated,text,6b9d17609d,br=0 nl=0,
ui/ui/title/config/uil_config_comment.xml#598,■ひとことメッセージ,■一句话留言,translated,text,a404177d51,br=0 nl=0,
ui/ui/title/config/uil_config_comment.xml#792,ひとことメッセージ,一句话留言,translated,title,a0f846170a,br=0 nl=0,
ui/ui/title/config/uil_config_comment.xml#1156,■プロフィール文,■个人简介,translated,text,f0614032ed,br=0 nl=0,
ui/ui/title/config/uil_config_comment.xml#1348,プロフィール文,个人简介,translated,title,ab42a31b6d,br=0 nl=0,
ui/ui/title/config/uil_config_glink_top.xml#619,■ジェノミリンク,■杰诺米链接,translated,text,5f8877a773,br=0 nl=0,
ui/ui/title/config/uil_config_glink_top.xml#756,アルノサージュDXとリンクして楽しさを加速する！,与《Ar nosurge DX》联动，让乐趣倍增！,translated,text,791de84467,br=0 nl=0,
ui/ui/title/config/uil_config_glink_top.xml#1051,ジェノミリンクでは、あなたの「シェルノサージュ DX」のデータと、「アルノサージュ DX」のデータをリンクさせることが可能です。<CR>尚、「アルノサージュ DX」とのデータ互換は、同じ機種、同じユーザーアカウント間に限ります。,在杰诺米链接中，可以将你的《Ciel nosurge DX》数据与《Ar nosurge DX》数据进行链接。<CR>另外，与《Ar nosurge DX》的数据兼容仅限于相同机种、相同用户账号之间。,translated,text,324237fd27,<CR> br=0 nl=0,keep-tags <CR>; src-longest-line=114
ui/ui/title/config/uil_config_hymp_add.xml#618,■HymP追加,■追加HymP,translated,text,9cb5963dd4,br=0 nl=0,
ui/ui/title/config/uil_config_hymp_add.xml#912,購入したHymPを今のプレイデータに追加！,将购买的HymP添加到当前游玩数据中！,translated,text,17c658ea2c,br=0 nl=0,
ui/ui/title/config/uil_config_hymp_add.xml#1114,PlayStation®Storeで入手したHymPを、現在のセーブデータに追加します。,将从PlayStation®Store获取的HymP添加到当前存档中。,translated,text,e292b412a0,br=0 nl=0,src-longest-line=44
ui/ui/title/config/uil_config_hymp_add.xml#1274,実行する場合は「決」ボタンを押してください。,若要执行请按“确”按钮。,translated,text,d3907d3e2f,br=0 nl=0,
ui/ui/title/config/uil_config_hymp_add.xml#2237,HymP購入,购买HymP,translated,text,5c476ba458,br=0 nl=0,
ui/ui/title/config/uil_config_hymp_add.xml#2424,・追加したHymPは、セーブデータを消すと<CR>　一緒に消えますのでご注意ください。,・请注意，追加的HymP若删除存档<CR>　也会一并丢失。,translated,text,a0552bec84,<CR> br=0 nl=0,keep-tags <CR>; src-longest-line=43
ui/ui/title/config/uil_config_hymp_add.xml#2601,・HymP追加後、セーブ画面に移行しますので、　セーブを行ってください。,・追加HymP后将进入存档画面，请进行存档。,translated,text,fcc5e7acd5,br=0 nl=0,src-longest-line=36
ui/ui/title/config/uil_config_hymp_add.xml#2772,・HymPの購入は、以下のリンクより行えます。,・购买HymP可由以下链接进行。,translated,text,13908ceb5c,br=0 nl=0,
ui/ui/title/config/uil_config_hymp_add.xml#3080,追加したいHymPをリールで設定し、「決」ボタンを押してください。,请用滚轮设定要追加的HymP，并按“确”按钮。,translated,text,52b6fae2de,br=0 nl=0,src-longest-line=33
ui/ui/title/config/uil_config_hymp_add.xml#3568,持,持,translated,text,e81dbd2acb,br=0 nl=0,
ui/ui/title/config/uil_config_hymp_add.xml#3936,PlayStation®Storeで購入した、未消費のHymP,在PlayStation®Store购买的未消费HymP,translated,text,4c5d5354d6,br=0 nl=0,src-longest-line=31
ui/ui/title/config/uil_config_hymp_add.xml#8591,追,追,translated,text,b6f1c90944,br=0 nl=0,
ui/ui/title/config/uil_config_hymp_add.xml#8665,加,加,translated,text,a3c0639a09,br=0 nl=0,
ui/ui/title/config/uil_config_hymp_add.xml#8820,現在の所持HymP：,当前持有的HymP：,translated,text,78d82ed736,br=0 nl=0,
ui/ui/title/config/uil_config_install.xml#584,■追加コンテンツ情報,■追加内容信息,translated,text,1c3247ebe9,br=0 nl=0,
ui/ui/title/config/uil_config_install.xml#723,現在インストールされている追加コンテンツの一覧です。,当前已安装的追加内容列表。,translated,text,7dab2e1286,br=0 nl=0,src-longest-line=26
ui/ui/title/config/uil_config_mygustid.xml#619,■MyGustID連携,■MyGustID联动,translated,text,3597573be9,br=0 nl=0,
ui/ui/title/config/uil_config_mygustid.xml#759,ガストの会員になって、様々な特典を追加しよう！,成为GUST会员，追加各种特典吧！,translated,text,2e7cbca48b,br=0 nl=0,
ui/ui/title/config/uil_config_mygustid.xml#983,MyGustIDとの連携をすることにより、<CR>シェルノサージュがより楽しく、快適に！,通过联动MyGustID，<CR>能更加畅快、舒适地体验Ciel nosurge！,translated,text,d64b9321fa,<CR> br=0 nl=0,keep-tags <CR>; src-longest-line=44
ui/ui/title/config/uil_config_mygustid.xml#1237,・ゲット出来るHymPが1.5倍に！,・可获得的HymP变为1.5倍！,translated,text,247136e635,br=0 nl=0,
ui/ui/title/config/uil_config_mygustid.xml#1305,・WEB上からもメールや掲示板を閲覧出来る！,・在网页端也可浏览邮件与留言板！,translated,text,5d0e4beb2c,br=0 nl=0,
ui/ui/title/config/uil_config_mygustid.xml#1377,・イオンからの素敵なプレゼントも！？,・说不定还能收到来自依恩的精美礼物！？,translated,text,0159e15082,br=0 nl=0,
ui/ui/title/config/uil_config_mygustid.xml#1445,・その他、様々な連動特典を予定！,・另计划推出各种联动特典！,translated,text,e888fdf79a,br=0 nl=0,
ui/ui/title/config/uil_config_mygustid.xml#1522,MyGustIDとは、株式会社ガストの提供する会員IDシステムです。\nご登録いただきますと、様々な特典、サービスをお楽しみいただけます。\nご登録は「MyGustID登録」から行えます。,MyGustID是株式会社GUST提供的会员ID系统。\n注册后即可享受各种特典与服务。\n可从“注册MyGustID”进行注册。,translated,text,75bfc9d1be,br=0 nl=0,src-longest-line=94
ui/ui/title/config/uil_config_mygustid.xml#2508,MyGustIDと連携していません,未联动MyGustID,translated,text,00de38092f,br=0 nl=0,
ui/ui/title/config/uil_config_mygustid.xml#2627,連携するには、IDとパスワードを入力し「結」ボタンを押してください。,若要联动，请输入ID与密码并按“结”按钮。,translated,text,435abc2fa3,br=0 nl=0,src-longest-line=34
ui/ui/title/config/uil_config_mygustid.xml#3165,パスワード,密码,translated,text,a9694dc2e8,br=0 nl=0,
ui/ui/title/config/uil_config_mygustid.xml#3591,MyGustIDをお持ちでない方は<CR>こちらより登録可能です。,没有MyGustID的用户<CR>可由此处进行注册。,translated,text,5c9ef88826,<CR> br=0 nl=0,keep-tags <CR>; src-longest-line=33
ui/ui/title/config/uil_config_mygustid.xml#3873,MyGustIDを取得,获取MyGustID,translated,text,097cd02890,br=0 nl=0,
ui/ui/title/config/uil_config_mygustid.xml#5108,MyGustIDと連携中です,MyGustID联动中,translated,text,b1431bc1c6,br=0 nl=0,
ui/ui/title/config/uil_config_mygustid.xml#5223,《 連携中のMyGustID 》,《 联动中的MyGustID 》,translated,text,a73f23f190,br=0 nl=0,
ui/ui/title/config/uil_config_mygustid.xml#5481,このMyGustIDとの連携を解除するには「断」ボタンを押して下さい。,若要解除与此MyGustID的联动，请按“断”按钮。,translated,text,3ba6cadb7c,br=0 nl=0,src-longest-line=35
ui/ui/title/config/uil_config_mygustid.xml#5737,MyGustIDの情報を編集する,编辑MyGustID信息,translated,text,fea74f0025,br=0 nl=0,
ui/ui/title/config/uil_config_profile.xml#532,■プロフィール編集,■编辑个人资料,translated,text,5512ee9515,br=0 nl=0,
ui/ui/title/config/uil_config_profile.xml#670,ユーザー名、誕生日などのエディットができます。,可编辑用户名、生日等信息。,translated,text,b72c0c49fa,br=0 nl=0,
ui/ui/title/config/uil_config_profile.xml#1169,オンラインID,在线ID,translated,text,0a27d933a9,br=0 nl=0,
ui/ui/title/config/uil_config_profile.xml#1575,ユーザー名,用户名,translated,text,7d25d9bcaa,br=0 nl=0,
ui/ui/title/config/uil_config_profile.xml#1733,ユーザー名,用户名,translated,title,7d25d9bcaa,br=0 nl=0,
ui/ui/title/config/uil_config_profile.xml#2026,誕生日,生日,translated,text,b981696f04,br=0 nl=0,
ui/ui/title/config/uil_config_profile.xml#2178,誕生月入力,输入出生月份,translated,title,87a5ef159d,br=0 nl=0,
ui/ui/title/config/uil_config_profile.xml#2381,月,月,translated,text,d9b59879f3,br=0 nl=0,
ui/ui/title/config/uil_config_profile.xml#2469,誕生日入力,输入生日,translated,title,16b73d2594,br=0 nl=0,
ui/ui/title/config/uil_config_profile.xml#2625,日,日,translated,text,15917f3b32,br=0 nl=0,
ui/ui/title/config/uil_config_profile.xml#3123,誕生日,生日,translated,text,b981696f04,br=0 nl=0,
ui/ui/title/config/uil_config_profile.xml#3218,登録すると、何か\n素敵なことが起こる\nかもしれません。,注册后，说不定\n会有什么好事发生哦。,translated,text,25d7f6b0dd,br=0 nl=0,src-longest-line=29
ui/ui/title/config/uil_config_profile.xml#3543,--月,--月,translated,text,0850e5963b,br=0 nl=0,
ui/ui/title/config/uil_config_profile.xml#3592, 1月,1月,translated,text,5c3d811867,br=0 nl=0,
ui/ui/title/config/uil_config_profile.xml#3641, 2月,2月,translated,text,442a73955c,br=0 nl=0,
ui/ui/title/config/uil_config_profile.xml#3690, 3月,3月,translated,text,9ba18728a7,br=0 nl=0,
ui/ui/title/config/uil_config_profile.xml#3739, 4月,4月,translated,text,89c9f3e2a7,br=0 nl=0,
ui/ui/title/config/uil_config_profile.xml#3788, 5月,5月,translated,text,fd70d2ede9,br=0 nl=0,
ui/ui/title/config/uil_config_profile.xml#3837, 6月,6月,translated,text,656886ec05,br=0 nl=0,
ui/ui/title/config/uil_config_profile.xml#3886, 7月,7月,translated,text,a476857af7,br=0 nl=0,
ui/ui/title/config/uil_config_profile.xml#3935, 8月,8月,translated,text,a16e12c5af,br=0 nl=0,
ui/ui/title/config/uil_config_profile.xml#3984, 9月,9月,translated,text,a6324d3759,br=0 nl=0,
ui/ui/title/config/uil_config_profile.xml#4033,10月,10月,translated,text,3157296f8a,br=0 nl=0,
ui/ui/title/config/uil_config_profile.xml#4082,11月,11月,translated,text,e4b4f807d0,br=0 nl=0,
ui/ui/title/config/uil_config_profile.xml#4131,12月,12月,translated,text,dea6ce6fbc,br=0 nl=0,
ui/ui/title/config/uil_config_profile.xml#4414,--日,--日,translated,text,51834c40a5,br=0 nl=0,
ui/ui/title/config/uil_config_profile.xml#4463, 1日,1日,translated,text,c073027337,br=0 nl=0,
ui/ui/title/config/uil_config_profile.xml#4512, 2日,2日,translated,text,4752cab7fc,br=0 nl=0,
ui/ui/title/config/uil_config_profile.xml#4561, 3日,3日,translated,text,9ac494f305,br=0 nl=0,
ui/ui/title/config/uil_config_profile.xml#4610, 4日,4日,translated,text,4daa404dca,br=0 nl=0,
ui/ui/title/config/uil_config_profile.xml#4659, 5日,5日,translated,text,29454e94ee,br=0 nl=0,
ui/ui/title/config/uil_config_profile.xml#4708, 6日,6日,translated,text,1175f080aa,br=0 nl=0,
ui/ui/title/config/uil_config_profile.xml#4757, 7日,7日,translated,text,ff514ddd50,br=0 nl=0,
ui/ui/title/config/uil_config_profile.xml#4806, 8日,8日,translated,text,36b1e4a71f,br=0 nl=0,
ui/ui/title/config/uil_config_profile.xml#4855, 9日,9日,translated,text,aa4bf4e881,br=0 nl=0,
ui/ui/title/config/uil_config_profile.xml#4904,10日,10日,translated,text,b63638fb46,br=0 nl=0,
ui/ui/title/config/uil_config_profile.xml#4953,11日,11日,translated,text,a15d6c3a88,br=0 nl=0,
ui/ui/title/config/uil_config_profile.xml#5002,12日,12日,translated,text,a0cc88b7dc,br=0 nl=0,
ui/ui/title/config/uil_config_profile.xml#5051,13日,13日,translated,text,938c140830,br=0 nl=0,
ui/ui/title/config/uil_config_profile.xml#5100,14日,14日,translated,text,502bc3e0fd,br=0 nl=0,
ui/ui/title/config/uil_config_profile.xml#5149,15日,15日,translated,text,14abfabf05,br=0 nl=0,
ui/ui/title/config/uil_config_profile.xml#5198,16日,16日,translated,text,e8ef8595a9,br=0 nl=0,
ui/ui/title/config/uil_config_profile.xml#5247,17日,17日,translated,text,d580729978,br=0 nl=0,
ui/ui/title/config/uil_config_profile.xml#5296,18日,18日,translated,text,5c09d9b9d1,br=0 nl=0,
ui/ui/title/config/uil_config_profile.xml#5345,19日,19日,translated,text,03a00643a1,br=0 nl=0,
ui/ui/title/config/uil_config_profile.xml#5394,20日,20日,translated,text,3f82e0ff2e,br=0 nl=0,
ui/ui/title/config/uil_config_profile.xml#5443,21日,21日,translated,text,7bae94bc98,br=0 nl=0,
ui/ui/title/config/uil_config_profile.xml#5492,22日,22日,translated,text,4a61dd15ba,br=0 nl=0,
ui/ui/title/config/uil_config_profile.xml#5541,23日,23日,translated,text,44255ceefb,br=0 nl=0,
ui/ui/title/config/uil_config_profile.xml#5590,24日,24日,translated,text,0081d04bc3,br=0 nl=0,
ui/ui/title/config/uil_config_profile.xml#5639,25日,25日,translated,text,32d52d49b5,br=0 nl=0,
ui/ui/title/config/uil_config_profile.xml#5688,26日,26日,translated,text,cdcdd8a9c7,br=0 nl=0,
ui/ui/title/config/uil_config_profile.xml#5737,27日,27日,translated,text,ee932849c4,br=0 nl=0,
ui/ui/title/config/uil_config_profile.xml#5786,28日,28日,translated,text,8276c69047,br=0 nl=0,
ui/ui/title/config/uil_config_profile.xml#5835,29日,29日,translated,text,d2a8c29a06,br=0 nl=0,
ui/ui/title/config/uil_config_profile.xml#5884,30日,30日,translated,text,bf28b63de3,br=0 nl=0,
ui/ui/title/config/uil_config_profile.xml#5933,31日,31日,translated,text,2cf82b21d2,br=0 nl=0,
ui/ui/title/config/uil_config_sekailink.xml#619,■セカイリンク,■世界链接,translated,text,e06948855f,br=0 nl=0,
ui/ui/title/config/uil_config_sekailink.xml#755,アルノサージュ DXと進行状況を共有しよう！,与《Ar nosurge DX》共享进度吧！,translated,text,87bc14c1a4,br=0 nl=0,
ui/ui/title/config/uil_config_sekailink.xml#984,セカイリンクで「アルノサージュ DX」とリンクします。,通过世界链接与《Ar nosurge DX》链接。,translated,text,7a90850da9,br=0 nl=0,src-longest-line=27
ui/ui/title/config/uil_config_sekailink.xml#1108,この操作によって、以下のようなオプションをお楽しみいただけます。,通过此操作，您可以体验以下功能。,translated,text,96ad28df30,br=0 nl=0,src-longest-line=32
ui/ui/title/config/uil_config_sekailink.xml#1463,シェルノサージュDXで作った服やプラグインを、\nアルノサージュDXで利用できる！,在《Ciel nosurge DX》中制作的服装与插件，\n可在《Ar nosurge DX》中使用！,translated,text,6eb8c9cbb8,br=0 nl=0,src-longest-line=41
ui/ui/title/config/uil_config_sekailink.xml#1694,シェルノサージュDXのプレイ状況によって、\nアルノサージュDXの進行が変化！,根据《Ciel nosurge DX》的游玩进度，\n《Ar nosurge DX》的进程也会发生变化！,translated,text,c15847cd80,br=0 nl=0,src-longest-line=39
ui/ui/title/config/uil_config_sekailink.xml#1923,シェルノサージュDX側でも、\nアルノサージュDX連動シナリオが起動！,《Ciel nosurge DX》端也会\n开启与《Ar nosurge DX》联动的剧情！,translated,text,bcbbae5d67,br=0 nl=0,src-longest-line=35
ui/ui/title/config/uil_config_sharl_conv.xml#619,■オンライン版からのデータ移行,■从网络版转移数据,translated,text,e54615037f,br=0 nl=0,
ui/ui/title/config/uil_config_sharl_conv.xml#763,イオンとの思い出をシェルノサージュ・オフラインへ！,把与依恩的回忆带到单机版Ciel nosurge中！,translated,text,4119ecb802,br=0 nl=0,src-longest-line=25
ui/ui/title/config/uil_config_sharl_conv.xml#1080,ここでは、シェルノサージュ（オンライン版）からのセーブデータ移行ができます。セーブデータの移行には、以下の条件を満たしている必要があります。,在此可从《Ciel nosurge》（网络版）转移存档数据。转移存档数据需满足以下条件。,translated,text,c2881ae42f,br=0 nl=0,src-longest-line=70
ui/ui/title/config/uil_config_sharl_conv.xml#1402,・同じPlayStation®Vita内に、オンライン版\n　シェルノサージュが存在すること。,・同一台PlayStation®Vita内存在网络版\n　《Ciel nosurge》。,translated,text,5e632a336a,br=0 nl=0,src-longest-line=47
ui/ui/title/config/uil_config_sharl_conv.xml#1572,・ネットワークに接続できる環境にあること。,・处于可连接网络的环境。,translated,text,579b515a2a,br=0 nl=0,
ui/ui/title/config/uil_config_sharl_conv.xml#1716,・オンラインデータを削除していない（退会し\n　ていない）こと。,・未删除网络版数据（未注销\n　账号）。,translated,text,6e0493bc1a,br=0 nl=0,src-longest-line=32
ui/ui/title/config/uil_config_sharl_conv.xml#1862,「決」ボタンで移行を開始します。,按“确”按钮开始转移。,translated,text,c0f04f97f7,br=0 nl=0,
ui/ui/title/config/uil_config_sharl_conv.xml#2122,オンライン版データの取得に成功しました。<CR>「決」ボタンで、以下の情報をセーブデータに書き込みます。,成功获取网络版数据。<CR>按“确”按钮将以下信息写入存档。,translated,text,a8130cc0ec,<CR> br=0 nl=0,keep-tags <CR>; src-longest-line=52
ui/ui/title/config/uil_config_sharl_conv.xml#2402,ハンドル名,昵称,translated,text,97872f10f3,br=0 nl=0,
ui/ui/title/config/uil_config_sharl_conv.xml#2613,なんとかなんとか,某某某某,translated,text,cc44077d1b,br=0 nl=0,
ui/ui/title/config/uil_config_sharl_conv.xml#2807,総プレイ時間,总游玩时间,translated,text,9ec1b026d6,br=0 nl=0,
ui/ui/title/config/uil_config_sharl_conv.xml#3024,１２３日１２時間３分,１２３天１２小时３分,translated,text,5f0608e3ec,br=0 nl=0,
ui/ui/title/config/uil_config_sharl_conv.xml#3251,所持HymP,持有HymP,translated,text,37cbca2451,br=0 nl=0,
ui/ui/title/config/uil_config_sharl_conv.xml#3486,就寝中,就寝中,translated,text,9ca1947cd9,br=0 nl=0,
ui/ui/title/config/uil_config_sharl_conv.xml#3674,あなたとの関係,与你的关系,translated,text,b94fcdb7c0,br=0 nl=0,
ui/ui/title/config/uil_config_sharl_conv.xml#3909,恋人,恋人,translated,text,16181dbc65,br=0 nl=0,
ui/ui/title/config/uil_config_sharl_conv.xml#4096,夢セカイ状況,梦世界状况,translated,text,097b95e9ea,br=0 nl=0,
ui/ui/title/config/uil_config_sharl_conv.xml#4333,試練編第３幕,试炼篇第3幕,translated,text,c0ffa8a8f7,br=0 nl=0,
ui/ui/title/config/uil_config_sharl_conv.xml#4560,ラブラブ度,恩爱度,translated,text,a9606ced29,br=0 nl=0,
ui/ui/title/config/uil_config_sharl_conv.xml#4976,シャール数,夏尔数量,translated,text,138b37569f,br=0 nl=0,
ui/ui/title/config/uil_config_sharl_conv.xml#5396,仮想世界カード,虚拟世界卡片,translated,text,622fa7144e,br=0 nl=0,
ui/ui/title/config/uil_config_volume.xml#376,■音量設定,■音量设置,translated,text,a8db2dbf36,br=0 nl=0,
ui/ui/title/config/uil_config_volume.xml#510,スライドバーを動かして、適性音量を設定してください。,请移动滑块设置合适的音量。,translated,text,65c34371b5,br=0 nl=0,src-longest-line=26
ui/ui/title/config/uil_config_volume.xml#1024,小,小,translated,text,922517cc73,br=0 nl=0,
ui/ui/title/config/uil_config_volume.xml#1121,大,大,translated,text,0889c34972,br=0 nl=0,
ui/ui/title/config/uil_config_volume.xml#2062,音,音,translated,text,b7ec392a5d,br=0 nl=0,
ui/ui/title/config/uil_config_volume.xml#2158,声,配音,translated,text,7e4d6c40d0,br=0 nl=0,
ui/ui/title/option/uil_option_account.xml#286,ペンネーム,笔名,translated,text,1c8e7f12a2,br=0 nl=0,
ui/ui/title/option/uil_option_account.xml#377,ユーザ名入力,输入用户名,translated,title,2112d666fe,br=0 nl=0,
ui/ui/title/option/uil_option_account.xml#403,トトリ先生,托托莉老师,translated,text,6a7b7362e5,br=0 nl=0,
ui/ui/title/option/uil_option_account.xml#510,メールアドレス,电子邮箱,translated,text,893793b5f9,br=0 nl=0,
ui/ui/title/option/uil_option_account.xml#603,メールアドレス入力,输入电子邮箱,translated,title,ef63b5d311,br=0 nl=0,
ui/ui/title/option/uil_option_account.xml#748,誕生日,生日,translated,text,b981696f04,br=0 nl=0,
ui/ui/title/option/uil_option_account.xml#856,誕生月入力,输入出生月份,translated,title,87a5ef159d,br=0 nl=0,
ui/ui/title/option/uil_option_account.xml#996,月,月,translated,text,d9b59879f3,br=0 nl=0,
ui/ui/title/option/uil_option_account.xml#1066,誕生日入力,输入生日,translated,title,16b73d2594,br=0 nl=0,
ui/ui/title/option/uil_option_account.xml#1213,日,日,translated,text,15917f3b32,br=0 nl=0,
ui/ui/title/option/uil_option_account.xml#1304,一言コメント,简短寄语,translated,text,2d716f7e55,br=0 nl=0,
ui/ui/title/option/uil_option_account.xml#1396,コメント入力,输入留言,translated,title,75d60557f4,br=0 nl=0,
ui/ui/title/option/uil_option_account.xml#1422,怒ってなんかないよー＾＾,我才没有生气呢～＾＾,translated,text,1db3b695d2,br=0 nl=0,
ui/ui/title/option/uil_option_account.xml#1536,プロフィール,个人资料,translated,text,0190762129,br=0 nl=0,
ui/ui/title/option/uil_option_account.xml#1629,プロフィール入力,输入个人资料,translated,title,2d4bed8c52,br=0 nl=0,
ui/ui/title/option/uil_option_account.xml#1692,錬金術のせんせいです。,是炼金术的老师。,translated,text,dbb976dfc3,br=0 nl=0,
ui/ui/title/option/uil_option_account.xml#1869,設 定,设 定,translated,text,eb63d503ff,br=0 nl=0,
ui/ui/title/option/uil_option_account.xml#2027,アカウント設定,账号设置,translated,text,9c89851f79,br=0 nl=0,
ui/ui/title/option/uil_option_dialogs.xml#186,設定しました,已完成设置,translated,text,db82c7d247,br=0 nl=0,
ui/ui/title/option/uil_option_dialogs.xml#347,閉じる,关闭,translated,text,3da5c18551,br=0 nl=0,
ui/ui/title/option/uil_option_install.xml#454,talkPackバージョン,talkPack版本,translated,text,b482384db0,br=0 nl=0,
ui/ui/title/option/uil_option_install.xml#597,senarioPackインストール状況,senarioPack安装状态,translated,text,64cbad8ab3,br=0 nl=0,
ui/ui/title/option/uil_option_install.xml#672,第一章:始まりの刻,第一章:初始时刻,translated,text,3653fbec89,br=0 nl=0,
ui/ui/title/option/uil_option_install.xml#742,第四章:宝石とこころ,第四章:宝石与心灵,translated,text,372eeb26ab,br=0 nl=0,
ui/ui/title/option/uil_option_install.xml#813,powerupPackインストール状況,powerupPack安装状态,translated,text,04d77bb321,br=0 nl=0,
ui/ui/title/option/uil_option_install.xml#888,次元転換物質転送パック,次元转换物质传送包,translated,text,18eb1dacc3,br=0 nl=0,
ui/ui/title/option/uil_option_install.xml#960,朗読Packインストール状況,朗读Pack安装状态,translated,text,f030b80df8,br=0 nl=0,
ui/ui/title/option/uil_option_install.xml#1030,日記：万寿沙羅回想録,日记：万寿沙罗回想录,translated,text,20f59e851f,br=0 nl=0,
ui/ui/title/option/uil_option_install.xml#1101,日記：土星紀行,日记：土星纪行,translated,text,1cd4d91ba8,br=0 nl=0,
ui/ui/title/option/uil_option_install.xml#1169,extendPackインストール状況,extendPack安装状态,translated,text,e8593d8737,br=0 nl=0,
ui/ui/title/option/uil_option_install.xml#1243,コスチュームゲット「スペシャル１」,获得服装“特别1”,translated,text,21c546281e,br=0 nl=0,
ui/ui/title/option/uil_option_install.xml#1321,コスチュームゲット「スペシャル２」,获得服装“特别2”,translated,text,6b2a1dd516,br=0 nl=0,
ui/ui/title/option/uil_option_install.xml#1485,インストール確認,安装确认,translated,text,c3757994b0,br=0 nl=0,
ui/ui/title/option/uil_option_volume.xml#276,小さい,小,translated,text,c62dc9de78,br=0 nl=0,
ui/ui/title/option/uil_option_volume.xml#354,大きい,大,translated,text,e1ee009241,br=0 nl=0,
ui/ui/title/option/uil_option_volume.xml#770,音声,语音,translated,text,0f5d153a69,br=0 nl=0,
ui/ui/title/option/uil_option_volume.xml#993,ムービー,影像,translated,text,1087a3cdf3,br=0 nl=0,
ui/ui/title/option/uil_option_volume.xml#1267,設 定,设 定,translated,text,eb63d503ff,br=0 nl=0,
ui/ui/title/option/uil_option_volume.xml#1469,ゲーム設定,游戏设置,translated,text,77e0b2ae8e,br=0 nl=0,
ui/ui/title/uil_title_confirm_user_name.xml#723,アカウントを作成します。よろしいですか？,将创建账号。确定吗？,translated,text,c130b156c0,br=0 nl=0,
ui/ui/title/uil_title_confirm_user_name.xml#813,PSNオンラインID,PSN线上ID,translated,text,79a960a9eb,br=0 nl=0,
ui/ui/title/uil_title_confirm_user_name.xml#953,あいうえお,啊咿呜诶哦,translated,text,4ab0856318,br=0 nl=0,
ui/ui/title/uil_title_confirm_user_name.xml#1014,ユーザー名,用户名,translated,text,7d25d9bcaa,br=0 nl=0,
ui/ui/title/uil_title_confirm_user_name.xml#1155,あいうえおあいうえおあいうえおあいうえお,あいうえおあいうえおあいうえおあいうえお,translated,text,72d59828d2,br=0 nl=0,
ui/ui/title/uil_title_confirm_user_name.xml#1380,修正,修改,translated,text,4abb6c12e6,br=0 nl=0,
ui/ui/title/uil_title_confirm_user_name.xml#1576,確認,确认,translated,text,86a07295c5,br=0 nl=0,
ui/ui/title/uil_title_input_user_name.xml#743,シェルノサージュのアカウントを作成します。<CR><CR>ご希望のユーザー名（２～８文字）<CR>を入力してください。,将创建《Ciel nosurge》账号。<CR><CR>请输入您希望使用的用户名（2～8个字符）。,translated,text,9f1ca4b0cf,<CR> <CR> <CR> br=0 nl=0,keep-tags <CR>; src-longest-line=59
ui/ui/title/uil_title_input_user_name.xml#968,ユーザー名,用户名,translated,title,7d25d9bcaa,br=0 nl=0,
ui/ui/title/uil_title_input_user_name.xml#1293,新規登録,新用户注册,translated,text,970120020d,br=0 nl=0,
ui/ui/title/uil_title_install.xml#796,必要なパックをインストールしています。<CR>そのままお待ち下さい,正在安装所需数据包。<CR>请稍候,translated,text,c7577d1ffe,<CR> br=0 nl=0,keep-tags <CR>; src-longest-line=33
ui/ui/title/uil_title_install.xml#1510,キャンセル,取消,translated,text,269b0f92e4,br=0 nl=0,
ui/ui/title/uil_title_psn_error.xml#743,このアカウントのPSNIDが変更されています。<CR>WEB上で変更申請手続きを行ってください。,此账号的PSN ID已变更。<CR>请在网页端办理变更申请手续。,translated,text,c27d439d69,<CR> br=0 nl=0,keep-tags <CR>; src-longest-line=48
ui/ui/title/uil_title_psn_error.xml#998,変更申請(Web),变更申请(Web),translated,text,bb7964bd72,br=0 nl=0,
ui/ui/title/uil_title_psn_error.xml#1222,タイトルへ,返回标题画面,translated,text,20946a3648,br=0 nl=0,
ui/ui/title/uil_title_terms.xml#1239,同意しない,不同意,translated,text,de3aed81ff,br=0 nl=0,
ui/ui/title/uil_title_terms.xml#1438,同意する,同意,translated,text,869995a7fe,br=0 nl=0,
ui/ui/uil_itemui.xml#2125,～レシピ～,～配方～,translated,text,ba8521ed7c,br=0 nl=0,
ui/ui/uil_itemui.xml#2820,～採取地～,～采集地～,translated,text,5018f45488,br=0 nl=0,
ui/ui/uil_itemui.xml#3487,～アイテムメモ～,～道具备忘～,translated,text,607ba27ac5,br=0 nl=0,
ui/ui/uil_itemui.xml#4194,素材を見る,查看素材,translated,text,0c81848bc1,br=0 nl=0,
ui/ui/yome/repairreport/uil_repairreport.xml#1421,廃墟修復速報,废墟修复速报,translated,text,3861a27383,br=0 nl=0,
ui/ui/yome/repairreport/uil_repairreport.xml#1876,修復作業中のシャールはいません,没有正在进行修复作业的夏尔,translated,text,2b828ca43b,br=0 nl=0,
ui/ui/yome/sharlwishlist/uil_hympwindow.xml#665,所持HymP,持有HymP,translated,text,37cbca2451,br=0 nl=0,
ui/ui/yome/sharlwishlist/uil_sharlwishlist.xml#1542,シャールウィッシュ,夏尔心愿,translated,text,99ab97cb2a,br=0 nl=0,
ui/ui/yome/sharlwishlist/uil_sharlwishlist.xml#1995,お願いはありません,没有心愿,translated,text,14ebf4d7fb,br=0 nl=0,
ui/ui/yome/uil_comp_exp.xml#924,■工作経験値GET!,■获得制作经验值！,translated,text,3b47aeb185,br=0 nl=0,
ui/ui/yome/uil_comp_exp.xml#1149,シャールの巣で活動しているシャールたちは、\nこの工作により経験値を取得しました！,在夏尔之巢中活动的夏尔们，\n通过本次制作获得了经验值！,translated,text,0d634d865a,br=0 nl=0,src-longest-line=41
ui/ui/yome/uil_comp_exp.xml#1391,取得経験値：,获取经验值：,translated,text,5db76e4d95,br=0 nl=0,
ui/ui/yome/uil_comp_exp.xml#1830,※この経験値はANNEXに入っている（休んでいる）\nシャールには加算されません。,※该经验值不会加算给\n位于别馆（休息中）的夏尔。,translated,text,13477cc529,br=0 nl=0,src-longest-line=41
ui/ui/yome/uil_numbdrum.xml#798,作成する個数を入力してください。,请输入要制作的数量。,translated,text,c9d34fe36b,br=0 nl=0,
ui/ui/yome/uil_yomeui.xml#3365,お願いする,拜托,translated,text,4d36876ef3,br=0 nl=0,
ui/ui/yome/uil_yomeui.xml#3396,一緒に何かする,一起做点什么,translated,text,91707e6a0a,br=0 nl=0,
ui/ui/yome/uil_yomeui.xml#3429,時間を進める,推进时间,translated,text,c9224aa65b,br=0 nl=0,
ui/ui/yome/uil_yomeui.xml#5168,シャールウィッシュ！！,夏尔心愿！！,translated,text,77193a219d,br=0 nl=0,
ui/ui/yome/uil_yomeui.xml#5626,作ってほしい,希望你做这个,translated,text,ec94ef8ba2,br=0 nl=0,
ui/ui/yome/uil_yomeui.xml#5658,採ってきてほしい,希望你去采集这个,translated,text,2403d1477d,br=0 nl=0,
ui/ui/yome/uil_yomeui.xml#5692,帰ってきてほしい,希望你回来,translated,text,c83ce0bff3,br=0 nl=0,
ui/ui/yome/uil_yomeui.xml#5726,アイテムを差し出す,递出道具,translated,text,3c73f01d28,br=0 nl=0,
ui/ui/yome/uil_yomeui.xml#5761,時間を教えて欲しい,想知道时间,translated,text,caaf622ea9,br=0 nl=0,
ui/ui/yome/uil_yomeui.xml#6242,夢セカイに行こう,去梦世界吧,translated,text,9dd0e55666,br=0 nl=0,
ui/ui/yome/uil_yomeui.xml#6410,一緒にご飯食べよう,一起吃饭吧,translated,text,edd3ab3a4f,br=0 nl=0,
ui/ui/yome/uil_yomeui.xml#6611,一緒に寝よう,一起睡觉吧,translated,text,c5b2153309,br=0 nl=0,
ui/ui/yome/uil_yomeui.xml#7214,起きる時間,起床时间,translated,text,f56fc92fdb,br=0 nl=0,
ui/ui/yome/uil_yomeui.xml#7459,約束の時間,约定的时间,translated,text,d9dcfed0cd,br=0 nl=0,
ui/ui/yome/uil_yomeui.xml#7705,大切な時間,珍视的时间,translated,text,b86238fb83,br=0 nl=0,
ui/ui/yome/uil_yomeui.xml#8609,イオンの状態,依恩的状态,translated,text,0738ef8d0e,br=0 nl=0,
ui/ui/yome/uil_yomeui.xml#8641,採ってくるものリスト,要采集的物品清单,translated,text,604d062b2f,br=0 nl=0,
ui/ui/yome/uil_yomeui.xml#8677,知っているアイテム,已知的道具,translated,text,6f1845d81f,br=0 nl=0,
ui/ui/yome/uil_yomeui.xml#8712,詩の鑑賞,诗歌鉴赏,translated,text,1077e5a526,br=0 nl=0,
ui/ui/yome/uil_yomeui.xml#8742,部屋の音楽を変更,更改房间音乐,translated,text,eb3ec84116,br=0 nl=0,
ui/ui/yome/uil_yomeui.xml#8776,7次元転送BOX,7次元传送BOX,translated,text,8d837e618a,br=0 nl=0,
ui/ui/yome/uil_yomeui.xml#9077,シンフォリズム,交响韵律,translated,text,ae71dcb884,br=0 nl=0,
ui/ui/yome/uil_yomeui.xml#9110,今やってること,正在做的事,translated,text,abbbd0859b,br=0 nl=0,
ui/ui/yome/uil_yomeui.xml#9143,嬉しかったことメモ,开心备忘录,translated,text,6af2161f52,br=0 nl=0,
ui/ui/yome/uil_yomeui.xml#10840,詠唱者,咏唱者,translated,text,ba03d22b22,br=0 nl=0,
ui/ui/yome/uil_yomeui.xml#11444,作詞,作词,translated,text,37dd0a71d2,br=0 nl=0,
ui/ui/yome/uil_yomeui.xml#11697,作曲,作曲,translated,text,779e678323,br=0 nl=0,
ui/ui/yome/uil_yomeui.xml#11951,編曲,编曲,translated,text,0d9b094937,br=0 nl=0,
ui/ui/yome/uil_yomeui.xml#12220,■楽曲について,■关于乐曲,translated,text,70736d1a36,br=0 nl=0,
ui/ui/yome/uil_yomeui.xml#13647,使用箇所,使用处,translated,text,05ded1618e,br=0 nl=0,
ui/ui/yome/uil_yomeui.xml#13898,作編曲,作编曲,translated,text,942a101830,br=0 nl=0,
ui/ui/yome/uil_yomeui.xml#14299,■楽曲について,■关于乐曲,translated,text,70736d1a36,br=0 nl=0,
ui/ui/yome/uil_yomeui.xml#15414,ボイスメール,语音邮件,translated,text,321af472a1,br=0 nl=0,
ui/ui/yome/uil_yomeui.xml#15619,送信日時,发送时间,translated,text,79631d9d98,br=0 nl=0,
ui/ui/yome/uil_yomeui.xml#15882,送り主,发件人,translated,text,37240e75a7,br=0 nl=0,
ui/ui/yome/uil_yomeui.xml#16147,送付内容,发送内容,translated,text,6f879f11b3,br=0 nl=0,
ui/ui/yome/uil_yomeui.xml#16412,タイトル,标题,translated,text,47b4753f22,br=0 nl=0,
ui/ui/yome/uil_yomeui.xml#18745,～ラブラブ度～,～恩爱度～,translated,text,4f5b18a6c3,br=0 nl=0,
ui/ui/yome/uil_yomeui.xml#19587,～状態～,～状态～,translated,text,0bb05d63c0,br=0 nl=0,
ui/ui/yome/uil_yomeui.xml#19884,～機嫌～,～心情～,translated,text,6032b528c6,br=0 nl=0,
ui/ui/yome/uil_yomeui.xml#20182,～性格傾向～,～性格倾向～,translated,text,2a6ae79c90,br=0 nl=0,
ui/ui/yome/uil_yomeui.xml#20481,～食の嗜好～,～饮食偏好～,translated,text,a09368ef10,br=0 nl=0,
ui/ui/yome/uil_yomeui.xml#21200,～総活動時間～,～总活动时间～,translated,text,b0dfbc9dca,br=0 nl=0,
ui/ui/yome/uil_yomeui.xml#21500,～今やってること～,～正在做的事～,translated,text,4c3e783e32,br=0 nl=0,
ui/ui/yome/uil_yomeui.xml#21887,～お願いしてる工作～,～拜托制作的手工～,translated,text,90db4c1ea7,br=0 nl=0,
ui/ui/yome/uil_yomeui.xml#24014,メニュー,菜单,translated,text,8f99b5f7c5,br=0 nl=0,
ui/ui/yome/uil_yomeui.xml#25398,あいうえお\nかきくけこさしすせそ,あいうえお\nかきくけこさしすせそ,translated,text,aa1eb6b5ba,br=0 nl=0,
ui/ui/yome/uil_yomeui.xml#28035,初期状態,初始状态,translated,text,973b473046,br=0 nl=0,
ui/ui/_samples/sample_alpha/uil_sample_alpha.xml#602,通常半透明,普通半透明,translated,text,8dd359e683,br=0 nl=0,
ui/ui/_samples/sample_alpha/uil_sample_alpha.xml#836,加算半透明,叠加半透明,translated,text,312d3a4e69,br=0 nl=0,
ui/ui/_samples/sample_alpha/uil_sample_alpha.xml#1070,減算半透明,删减半透明,translated,text,cff118fa25,br=0 nl=0,
ui/ui/_samples/uil_sample_animation.xml#375,アニメあり,有动画,translated,text,5982ea23a4,br=0 nl=0,
ui/ui/_samples/uil_sample_animation.xml#636,アニメなし,无动画,translated,text,cc6c1866ee,br=0 nl=0,
ui/ui/_samples/uil_sample_button.xml#165,ボタンサンプル,按钮范例,translated,text,2a89ed5def,br=0 nl=0,
ui/ui/_samples/uil_sample_button.xml#381,通常ボタン,普通按钮,translated,text,cf8013f0f4,br=0 nl=0,
ui/ui/_samples/uil_sample_button.xml#592,無効状態ボタン,禁用状态按钮,translated,text,35ceffb54c,br=0 nl=0,
ui/ui/_samples/uil_sample_button.xml#785,チェックボックス,复选框,translated,text,55438b29c2,br=0 nl=0,
ui/ui/_samples/uil_sample_button.xml#1014,ラジオボタン,单选按钮,translated,text,6564c5a204,br=0 nl=0,
ui/ui/_samples/uil_sample_button.xml#1239,ラジオボタン,单选按钮,translated,text,6564c5a204,br=0 nl=0,
ui/ui/_samples/uil_sample_button.xml#1464,ラジオボタン,单选按钮,translated,text,6564c5a204,br=0 nl=0,
ui/ui/_samples/uil_sample_drum.xml#424,ドラム0,滚轮0,translated,text,6af129fd05,br=0 nl=0,
ui/ui/_samples/uil_sample_drum.xml#447,ドラム1,滚轮1,translated,text,82aa3e0400,br=0 nl=0,
ui/ui/_samples/uil_sample_drum.xml#470,ドラム2,滚轮2,translated,text,bfef87c299,br=0 nl=0,
ui/ui/_samples/uil_sample_drum.xml#493,ドラム3,滚轮3,translated,text,223f823189,br=0 nl=0,
ui/ui/_samples/uil_sample_drum.xml#516,ドラム4,滚轮4,translated,text,2b09ace44a,br=0 nl=0,
ui/ui/_samples/uil_sample_drum.xml#539,ドラム5,滚轮5,translated,text,2c8e8c9aa9,br=0 nl=0,
ui/ui/_samples/uil_sample_drum.xml#562,ドラム6,滚轮6,translated,text,5a2b97a1d8,br=0 nl=0,
ui/ui/_samples/uil_sample_drum.xml#585,ドラム7,滚轮7,translated,text,1e38fab77d,br=0 nl=0,
ui/ui/_samples/uil_sample_drum.xml#608,ドラム8,滚轮8,translated,text,905299f12f,br=0 nl=0,
ui/ui/_samples/uil_sample_font.xml#460,通常文字,常规文本,translated,text,98dea7bdc9,br=0 nl=0,
ui/ui/_samples/uil_sample_font.xml#510,あいうえお12345,あいうえお12345,translated,text,14caca6db9,br=0 nl=0,
ui/ui/_samples/uil_sample_font.xml#567,texture文字(bride_01),texture文字(bride_01),translated,text,9b0eb3d164,br=0 nl=0,
ui/ui/_samples/uil_sample_font.xml#704,texture文字(bride_02),texture文字(bride_02),translated,text,585e424758,br=0 nl=0,
ui/ui/_samples/uil_sample_font.xml#842,texture文字(bride_03),texture文字(bride_03),translated,text,8c35c6770a,br=0 nl=0,
ui/ui/_samples/uil_sample_font.xml#980,texture文字(ruin_01),texture文字(ruin_01),translated,text,760208818a,br=0 nl=0,
ui/ui/_samples/uil_sample_font.xml#1117,texture文字(dream_01),texture文字(dream_01),translated,text,346db13814,br=0 nl=0,
ui/ui/_samples/uil_sample_frame.xml#277,指でスライド可能,可通过手指滑动,translated,text,830759064b,br=0 nl=0,
ui/ui/_samples/uil_sample_input.xml#190,全ての文字を入力可能,可输入所有字符,translated,text,516a0c5c6d,br=0 nl=0,
ui/ui/_samples/uil_sample_input.xml#365,全ての文字を入力可能,可输入所有字符,translated,title,516a0c5c6d,br=0 nl=0,
ui/ui/_samples/uil_sample_input.xml#452,あいうえお,啊咿呜诶哦,translated,text,4ab0856318,br=0 nl=0,
ui/ui/_samples/uil_sample_input.xml#575,英数字記号のみ入力可能,仅可输入英数字符号,translated,text,291d9bc458,br=0 nl=0,
ui/ui/_samples/uil_sample_input.xml#754,英数字記号のみ入力可能,仅可输入英数字符号,translated,title,291d9bc458,br=0 nl=0,
ui/ui/_samples/uil_sample_input.xml#966,数字のみ入力可,仅可输入数字,translated,text,58aaae8da7,br=0 nl=0,
ui/ui/_samples/uil_sample_input.xml#1142,数字のみ入力可能,仅可输入数字,translated,title,57cf84701f,br=0 nl=0,
ui/ui/_samples/uil_sample_input.xml#1355,英数字記号のみ入力可能<CR>(password=true),仅可输入英数字符号<CR>(password=true),translated,text,16c070f173,<CR> br=0 nl=0,keep-tags <CR>; src-longest-line=30
ui/ui/_samples/uil_sample_input.xml#1594,英数字記号のみ入力可能,仅可输入英数字符号,translated,title,291d9bc458,br=0 nl=0,
ui/ui/_samples/uil_sample_input.xml#1768,ぱすわーど,密码,translated,prompt,bbb111a4f3,br=0 nl=0,
ui/ui/_samples/uil_sample_menu.xml#163,メニュー0,菜单0,translated,text,6a09ef1cc4,br=0 nl=0,
ui/ui/_samples/uil_sample_menu.xml#262,メニュー,菜单,translated,text,8f99b5f7c5,br=0 nl=0,
ui/ui/_samples/uil_sample_menu.xml#463,メニュー0,菜单0,translated,text,6a09ef1cc4,br=0 nl=0,
ui/ui/_samples/uil_sample_menu.xml#487,メニュー1,菜单1,translated,text,29a7dbf18e,br=0 nl=0,
ui/ui/_samples/uil_sample_menu.xml#511,メニュー2,菜单2,translated,text,03ed857aba,br=0 nl=0,
ui/ui/_samples/uil_sample_menu.xml#535,メニュー3,菜单3,translated,text,909f2fd12f,br=0 nl=0,
ui/ui/_samples/uil_sample_menu.xml#559,メニュー4,菜单4,translated,text,c4b273ae1e,br=0 nl=0,
ui/ui/_samples/uil_sample_menu.xml#597,*--チェックボックス,*--复选框,translated,text,17af3200b9,br=0 nl=0,
ui/ui/_samples/uil_sample_menu.xml#726,メニュー6,菜单6,translated,text,292812cba2,br=0 nl=0,
ui/ui/_samples/uil_sample_menu.xml#750,メニュー7,菜单7,translated,text,420ad257cb,br=0 nl=0,
ui/ui/_samples/uil_sample_menu.xml#774,メニュー8,菜单8,translated,text,c540b70b84,br=0 nl=0,
ui/ui/_samples/uil_sample_menu.xml#798,メニュー9,菜单9,translated,text,aa85939f8b,br=0 nl=0,
ui/ui/_samples/uil_sample_menu.xml#822,メニュー10,菜单10,translated,text,7c317e157e,br=0 nl=0,
ui/ui/_samples/uil_sample_menu.xml#858,ドラム,滚轮,translated,text,753f76e87b,br=0 nl=0,
ui/ui/_samples/uil_sample_menu.xml#1061,メニュー0,菜单0,translated,text,6a09ef1cc4,br=0 nl=0,
ui/ui/_samples/uil_sample_menu.xml#1085,メニュー1,菜单1,translated,text,29a7dbf18e,br=0 nl=0,
ui/ui/_samples/uil_sample_menu.xml#1109,メニュー2,菜单2,translated,text,03ed857aba,br=0 nl=0,
ui/ui/_samples/uil_sample_menu.xml#1133,メニュー3,菜单3,translated,text,909f2fd12f,br=0 nl=0,
ui/ui/_samples/uil_sample_menu.xml#1157,メニュー4,菜单4,translated,text,c4b273ae1e,br=0 nl=0,
ui/ui/_samples/uil_sample_menu.xml#1195,*--チェックボックス,*--复选框,translated,text,17af3200b9,br=0 nl=0,
ui/ui/_samples/uil_sample_menu.xml#1324,メニュー6,菜单6,translated,text,292812cba2,br=0 nl=0,
ui/ui/_samples/uil_sample_menu.xml#1348,メニュー7,菜单7,translated,text,420ad257cb,br=0 nl=0,
ui/ui/_samples/uil_sample_menu.xml#1372,メニュー8,菜单8,translated,text,c540b70b84,br=0 nl=0,
ui/ui/_samples/uil_sample_scrollbar.xml#163,メニュー0,菜单0,translated,text,6a09ef1cc4,br=0 nl=0,
ui/ui/_samples/uil_sample_scrollbar.xml#275,フレームのスクロールバー,边框滚动条,translated,text,29181ff44a,br=0 nl=0,
ui/ui/_samples/uil_sample_scrollbar.xml#478,指でスライド可能,可通过手指滑动,translated,text,830759064b,br=0 nl=0,
ui/ui/_samples/uil_sample_scrollbar.xml#879,メニューのスクロールバー,菜单滚动条,translated,text,ad781bab78,br=0 nl=0,
ui/ui/_samples/uil_sample_scrollbar.xml#1112,メニュー0,菜单0,translated,text,6a09ef1cc4,br=0 nl=0,
ui/ui/_samples/uil_sample_scrollbar.xml#1137,メニュー1,菜单1,translated,text,29a7dbf18e,br=0 nl=0,
ui/ui/_samples/uil_sample_scrollbar.xml#1162,メニュー2,菜单2,translated,text,03ed857aba,br=0 nl=0,
ui/ui/_samples/uil_sample_scrollbar.xml#1187,メニュー3,菜单3,translated,text,909f2fd12f,br=0 nl=0,
ui/ui/_samples/uil_sample_scrollbar.xml#1212,メニュー4,菜单4,translated,text,c4b273ae1e,br=0 nl=0,
ui/ui/_samples/uil_sample_scrollbar.xml#1252,*--チェックボックス,*--复选框,translated,text,17af3200b9,br=0 nl=0,
ui/ui/_samples/uil_sample_scrollbar.xml#1384,メニュー6,菜单6,translated,text,292812cba2,br=0 nl=0,
ui/ui/_samples/uil_sample_scrollbar.xml#1409,メニュー7,菜单7,translated,text,420ad257cb,br=0 nl=0,
ui/ui/_samples/uil_sample_scrollbar.xml#1434,メニュー8,菜单8,translated,text,c540b70b84,br=0 nl=0,
ui/ui/_samples/uil_sample_scrollbar.xml#1459,メニュー9,菜单9,translated,text,aa85939f8b,br=0 nl=0,
ui/ui/_samples/uil_sample_scrollbar.xml#1484,メニュー10,菜单10,translated,text,7c317e157e,br=0 nl=0,
ui/ui/_samples/uil_sample_slider.xml#162,ガタガタとスライドする(value_type=int),步进滑动(value_type=int),translated,text,33dd09c260,br=0 nl=0,src-longest-line=27
ui/ui/_samples/uil_sample_slider.xml#359,なめらかにスライドする(value_type=float),平滑滑动(value_type=float),translated,text,3f35005221,br=0 nl=0,src-longest-line=29
ui/ui/_samples/uil_sample_tab.xml#303,ラジオボタンのテスト,单选按钮测试,translated,text,d0e40bde7c,br=0 nl=0,
ui/ui/_samples/uil_sample_tab.xml#521,ラジオボタン,单选按钮,translated,text,6564c5a204,br=0 nl=0,
ui/ui/_samples/uil_sample_tab.xml#703,ラジオボタン,单选按钮,translated,text,6564c5a204,br=0 nl=0,
ui/ui/_samples/uil_sample_tab.xml#907,ラジオボタン,单选按钮,translated,text,6564c5a204,br=0 nl=0,
ui/ui/_samples/uil_sample_tab.xml#1046,ラジオボタン,单选按钮,translated,text,6564c5a204,br=0 nl=0,
ui/ui/_samples/uil_sample_tab.xml#1340,指でスライド可能,可通过手指滑动,translated,text,830759064b,br=0 nl=0,
ui/ui/_samples/uil_sample_tab.xml#1469,画像,图像,translated,text,8ba657d6a1,br=0 nl=0,
ui/ui/_samples/uil_sample_text.xml#449,改行文字,换行字符,translated,text,1631d911e5,br=0 nl=0,
ui/ui/_samples/uil_sample_text.xml#499,あいうえお\n12345\nあいうえお\n12345,あいうえお\n12345\nあいうえお\n12345,translated,text,48dacf71d8,br=0 nl=0,src-longest-line=26
ui/ui/_samples/uil_sample_text.xml#602,自動改行(limit_width=200),自动换行(limit_width=200),translated,text,d8345449d5,br=0 nl=0,
ui/ui/_samples/uil_sample_text.xml#669,あいうえお12345あいうえお12345あいうえお12345,あいうえお12345あいうえお12345あいうえお12345,translated,text,c63fc2c257,br=0 nl=0,src-longest-line=30
ui/ui/_samples/uil_sample_text.xml#783,空白文字テスト,空白字符测试,translated,text,970348e8a7,br=0 nl=0,
ui/ui/_samples/uil_sample_text.xml#836,全角スペース(　)<CR>半角スペース( ),全角空格(　)<CR>半角空格( ),translated,text,20752b9bf5,<CR> br=0 nl=0,keep-tags <CR>
ui/ui/_samples/uil_sample_text.xml#1150,alignテスト,align测试,translated,text,0bd11916b3,br=0 nl=0,
ui/ui/_samples/uil_sample_text.xml#1293,1日,1日,translated,text,84cad1be5b,br=0 nl=0,
ui/ui/_samples/uil_sample_text.xml#1325,2日,2日,translated,text,12c74af0e2,br=0 nl=0,
ui/ui/_samples/uil_sample_text.xml#1357,3日,3日,translated,text,86a4cf4567,br=0 nl=0,
ui/ui/_samples/uil_sample_text.xml#1389,4日,4日,translated,text,f416074f87,br=0 nl=0,
ui/ui/_samples/uil_sample_text.xml#1421,5日,5日,translated,text,f6a5b90503,br=0 nl=0,
ui/ui/_samples/uil_sample_text.xml#1454,6日,6日,translated,text,3c5445d92e,br=0 nl=0,
ui/ui/_samples/uil_sample_text.xml#1487,7日,7日,translated,text,2e449d6255,br=0 nl=0,
ui/ui/_samples/uil_sample_text.xml#1520,8日,8日,translated,text,28cad31d4c,br=0 nl=0,
ui/ui/_samples/uil_sample_text.xml#1553,9日,9日,translated,text,b22ee1d663,br=0 nl=0,
ui/ui/_samples/uil_sample_text.xml#1703,1日,1日,translated,text,84cad1be5b,br=0 nl=0,
ui/ui/_samples/uil_sample_text.xml#1735,2日,2日,translated,text,12c74af0e2,br=0 nl=0,
ui/ui/_samples/uil_sample_text.xml#1767,3日,3日,translated,text,86a4cf4567,br=0 nl=0,
ui/ui/_samples/uil_sample_text.xml#1799,4日,4日,translated,text,f416074f87,br=0 nl=0,
ui/ui/_samples/uil_sample_text.xml#1831,5日,5日,translated,text,f6a5b90503,br=0 nl=0,
ui/ui/_samples/uil_sample_text.xml#1864,6日,6日,translated,text,3c5445d92e,br=0 nl=0,
ui/ui/_samples/uil_sample_text.xml#1897,7日,7日,translated,text,2e449d6255,br=0 nl=0,
ui/ui/_samples/uil_sample_text.xml#1930,8日,8日,translated,text,28cad31d4c,br=0 nl=0,
ui/ui/_samples/uil_sample_text.xml#1963,9日,9日,translated,text,b22ee1d663,br=0 nl=0,
ui/ui/_samples/uil_sample_text.xml#2111,1日,1日,translated,text,84cad1be5b,br=0 nl=0,
ui/ui/_samples/uil_sample_text.xml#2143,2日,2日,translated,text,12c74af0e2,br=0 nl=0,
ui/ui/_samples/uil_sample_text.xml#2175,3日,3日,translated,text,86a4cf4567,br=0 nl=0,
ui/ui/_samples/uil_sample_text.xml#2207,4日,4日,translated,text,f416074f87,br=0 nl=0,
ui/ui/_samples/uil_sample_text.xml#2239,5日,5日,translated,text,f6a5b90503,br=0 nl=0,
ui/ui/_samples/uil_sample_text.xml#2272,6日,6日,translated,text,3c5445d92e,br=0 nl=0,
ui/ui/_samples/uil_sample_text.xml#2305,7日,7日,translated,text,2e449d6255,br=0 nl=0,
ui/ui/_samples/uil_sample_text.xml#2338,8日,8日,translated,text,28cad31d4c,br=0 nl=0,
ui/ui/_samples/uil_sample_text.xml#2371,9日,9日,translated,text,b22ee1d663,br=0 nl=0,
ui/ui/_samples/uil_sample_text_loop.xml#500,loop_type=0のサンプル,loop_type=0的范例,translated,text,96b250c901,br=0 nl=0,
ui/ui/_samples/uil_sample_text_loop.xml#630,長野市南千歳 1-17-4 ケイケンビル,长野市南千岁 1-17-4 经研大厦,translated,text,0681c64d18,br=0 nl=0,
ui/ui/_samples/uil_sample_text_loop.xml#747,loop_type=1のサンプル,loop_type=1的范例,translated,text,41d3a3b694,br=0 nl=0,
ui/ui/_samples/uil_sample_text_loop.xml#877,東京証券取引所と大阪証券取引所は22日、経営統合することで合意したと発表した。,东京证券交易所与大阪证券交易所于22日宣布，已就经营统合达成协议。,translated,text,48061de230,br=0 nl=0,src-longest-line=39
ui/ui_viewer/viewer_menu.xml#258,メニュー0,菜单0,translated,text,6a09ef1cc4,br=0 nl=0,
